date,station_name,latitude,longitude,precipitation_mm,rain_sum_mm,precipitation_hours,max_temp_c,min_temp_c,max_wind_speed_kmh
2019-01-01,Santacruz_IMD,19.1197,72.8468,0.0,0.0,0.0,29.8,14.9,13.9
2019-01-02,Santacruz_IMD,19.1197,72.8468,0.0,0.0,0.0,30.1,15.4,17.9
2019-01-03,Santacruz_IMD,19.1197,72.8468,0.0,0.0,0.0,29.4,15.0,13.0
2019-01-04,Santacruz_IMD,19.1197,72.8468,0.0,0.0,0.0,30.0,15.4,16.3
2019-01-05,Santacruz_IMD,19.1197,72.8468,0.0,0.0,0.0,28.4,16.0,15.6
2019-01-06,Santacruz_IMD,19.1197,72.8468,0.0,0.0,0.0,29.9,16.6,23.7
2019-01-07,Santacruz_IMD,19.1197,72.8468,0.0,0.0,0.0,30.5,17.7,20.3
2019-01-08,Santacruz_IMD,19.1197,72.8468,0.0,0.0,0.0,29.9,17.3,17.1
2019-01-09,Santacruz_IMD,19.1197,72.8468,0.0,0.0,0.0,28.0,14.4,16.8
2019-01-10,Santacruz_IMD,19.1197,72.8468,0.0,0.0,0.0,28.8,14.7,14.5
2019-01-11,Santacruz_IMD,19.1197,72.8468,0.0,0.0,0.0,28.6,15.4,16.3
2019-01-12,Santacruz_IMD,19.1197,72.8468,0.0,0.0,0.0,27.2,16.1,17.1
2019-01-13,Santacruz_IMD,19.1197,72.8468,0.0,0.0,0.0,29.4,16.0,19.6
2019-01-14,Santacruz_IMD,19.1197,72.8468,0.0,0.0,0.0,29.7,16.6,18.7
2019-01-15,Santacruz_IMD,19.1197,72.8468,0.0,0.0,0.0,31.5,18.9,18.1
2019-01-16,Santacruz_IMD,19.1197,72.8468,0.0,0.0,0.0,30.4,17.5,15.6
2019-01-17,Santacruz_IMD,19.1197,72.8468,0.0,0.0,0.0,29.5,18.0,17.1
2019-01-18,Santacruz_IMD,19.1197,72.8468,0.0,0.0,0.0,29.2,16.5,15.3
2019-01-19,Santacruz_IMD,19.1197,72.8468,0.0,0.0,0.0,31.0,16.8,13.8
2019-01-20,Santacruz_IMD,19.1197,72.8468,0.0,0.0,0.0,31.0,17.6,14.0
2019-01-21,Santacruz_IMD,19.1197,72.8468,0.0,0.0,0.0,27.8,18.3,16.6
2019-01-22,Santacruz_IMD,19.1197,72.8468,0.0,0.0,0.0,26.4,19.6,11.9
2019-01-23,Santacruz_IMD,19.1197,72.8468,0.2,0.2,2.0,25.8,19.2,22.4
2019-01-24,Santacruz_IMD,19.1197,72.8468,0.0,0.0,0.0,26.4,17.2,22.9
2019-01-25,Santacruz_IMD,19.1197,72.8468,0.0,0.0,0.0,25.6,17.3,26.7
2019-01-26,Santacruz_IMD,19.1197,72.8468,0.0,0.0,0.0,27.2,16.8,27.4
2019-01-27,Santacruz_IMD,19.1197,72.8468,0.0,0.0,0.0,28.9,19.0,27.4
2019-01-28,Santacruz_IMD,19.1197,72.8468,0.0,0.0,0.0,28.4,18.4,22.5
2019-01-29,Santacruz_IMD,19.1197,72.8468,0.0,0.0,0.0,29.4,18.2,19.7
2019-01-30,Santacruz_IMD,19.1197,72.8468,0.0,0.0,0.0,29.8,15.8,14.7
2019-01-31,Santacruz_IMD,19.1197,72.8468,0.0,0.0,0.0,28.2,17.2,16.6
2019-02-01,Santacruz_IMD,19.1197,72.8468,0.0,0.0,0.0,28.3,16.9,17.3
2019-02-02,Santacruz_IMD,19.1197,72.8468,0.0,0.0,0.0,27.3,18.1,22.0
2019-02-03,Santacruz_IMD,19.1197,72.8468,0.0,0.0,0.0,28.8,17.8,15.6
2019-02-04,Santacruz_IMD,19.1197,72.8468,0.0,0.0,0.0,30.5,18.7,18.4
2019-02-05,Santacruz_IMD,19.1197,72.8468,0.0,0.0,0.0,28.9,18.9,18.0
2019-02-06,Santacruz_IMD,19.1197,72.8468,0.0,0.0,0.0,26.9,19.7,19.6
2019-02-07,Santacruz_IMD,19.1197,72.8468,0.0,0.0,0.0,25.0,19.2,22.1
2019-02-08,Santacruz_IMD,19.1197,72.8468,0.0,0.0,0.0,23.1,16.0,24.6
2019-02-09,Santacruz_IMD,19.1197,72.8468,0.0,0.0,0.0,27.5,15.1,23.2
2019-02-10,Santacruz_IMD,19.1197,72.8468,0.0,0.0,0.0,28.7,13.0,13.8
2019-02-11,Santacruz_IMD,19.1197,72.8468,0.0,0.0,0.0,30.8,15.3,15.1
2019-02-12,Santacruz_IMD,19.1197,72.8468,0.0,0.0,0.0,32.3,19.3,10.9
2019-02-13,Santacruz_IMD,19.1197,72.8468,0.0,0.0,0.0,29.2,22.0,21.5
2019-02-14,Santacruz_IMD,19.1197,72.8468,0.0,0.0,0.0,28.9,20.6,22.9
2019-02-15,Santacruz_IMD,19.1197,72.8468,0.0,0.0,0.0,27.7,19.5,19.4
2019-02-16,Santacruz_IMD,19.1197,72.8468,0.0,0.0,0.0,27.5,16.6,19.9
2019-02-17,Santacruz_IMD,19.1197,72.8468,0.0,0.0,0.0,27.2,17.1,18.7
2019-02-18,Santacruz_IMD,19.1197,72.8468,0.0,0.0,0.0,28.7,17.9,19.2
2019-02-19,Santacruz_IMD,19.1197,72.8468,0.0,0.0,0.0,28.7,17.2,19.6
2019-02-20,Santacruz_IMD,19.1197,72.8468,0.0,0.0,0.0,30.0,18.2,14.8
2019-02-21,Santacruz_IMD,19.1197,72.8468,0.0,0.0,0.0,29.3,19.8,23.7
2019-02-22,Santacruz_IMD,19.1197,72.8468,0.0,0.0,0.0,29.5,21.1,20.5
2019-02-23,Santacruz_IMD,19.1197,72.8468,0.0,0.0,0.0,32.5,21.1,18.4
2019-02-24,Santacruz_IMD,19.1197,72.8468,0.0,0.0,0.0,29.9,21.1,26.6
2019-02-25,Santacruz_IMD,19.1197,72.8468,0.0,0.0,0.0,29.5,19.2,21.9
2019-02-26,Santacruz_IMD,19.1197,72.8468,0.0,0.0,0.0,30.7,20.1,19.7
2019-02-27,Santacruz_IMD,19.1197,72.8468,0.0,0.0,0.0,27.3,18.4,17.4
2019-02-28,Santacruz_IMD,19.1197,72.8468,0.0,0.0,0.0,29.2,19.5,23.4
2019-03-01,Santacruz_IMD,19.1197,72.8468,0.0,0.0,0.0,28.6,17.2,18.0
2019-03-02,Santacruz_IMD,19.1197,72.8468,0.0,0.0,0.0,28.5,19.6,16.5
2019-03-03,Santacruz_IMD,19.1197,72.8468,0.0,0.0,0.0,27.4,20.6,16.1
2019-03-04,Santacruz_IMD,19.1197,72.8468,0.0,0.0,0.0,27.9,20.3,18.2
2019-03-05,Santacruz_IMD,19.1197,72.8468,0.0,0.0,0.0,27.2,21.0,16.3
2019-03-06,Santacruz_IMD,19.1197,72.8468,0.0,0.0,0.0,27.2,19.8,20.5
2019-03-07,Santacruz_IMD,19.1197,72.8468,0.0,0.0,0.0,28.6,19.5,22.1
2019-03-08,Santacruz_IMD,19.1197,72.8468,0.0,0.0,0.0,29.4,19.5,22.7
2019-03-09,Santacruz_IMD,19.1197,72.8468,0.0,0.0,0.0,30.4,20.8,21.5
2019-03-10,Santacruz_IMD,19.1197,72.8468,0.0,0.0,0.0,30.4,20.4,18.9
2019-03-11,Santacruz_IMD,19.1197,72.8468,0.0,0.0,0.0,28.2,21.2,22.0
2019-03-12,Santacruz_IMD,19.1197,72.8468,0.0,0.0,0.0,28.4,21.1,17.9
2019-03-13,Santacruz_IMD,19.1197,72.8468,0.0,0.0,0.0,28.1,21.0,21.2
2019-03-14,Santacruz_IMD,19.1197,72.8468,0.0,0.0,0.0,28.8,20.3,24.8
2019-03-15,Santacruz_IMD,19.1197,72.8468,0.0,0.0,0.0,33.3,21.1,22.4
2019-03-16,Santacruz_IMD,19.1197,72.8468,0.0,0.0,0.0,30.8,20.5,18.6
2019-03-17,Santacruz_IMD,19.1197,72.8468,0.0,0.0,0.0,29.9,19.5,16.2
2019-03-18,Santacruz_IMD,19.1197,72.8468,0.0,0.0,0.0,31.4,18.9,19.7
2019-03-19,Santacruz_IMD,19.1197,72.8468,0.0,0.0,0.0,31.7,19.1,20.1
2019-03-20,Santacruz_IMD,19.1197,72.8468,0.0,0.0,0.0,29.3,20.7,22.6
2019-03-21,Santacruz_IMD,19.1197,72.8468,0.0,0.0,0.0,29.1,20.3,18.4
2019-03-22,Santacruz_IMD,19.1197,72.8468,0.0,0.0,0.0,29.2,20.3,21.9
2019-03-23,Santacruz_IMD,19.1197,72.8468,0.0,0.0,0.0,31.8,21.7,21.7
2019-03-24,Santacruz_IMD,19.1197,72.8468,0.0,0.0,0.0,35.2,23.4,22.2
2019-03-25,Santacruz_IMD,19.1197,72.8468,0.0,0.0,0.0,35.1,22.6,24.4
2019-03-26,Santacruz_IMD,19.1197,72.8468,0.0,0.0,0.0,36.2,22.7,21.3
2019-03-27,Santacruz_IMD,19.1197,72.8468,0.0,0.0,0.0,32.2,22.0,18.2
2019-03-28,Santacruz_IMD,19.1197,72.8468,0.0,0.0,0.0,31.5,20.7,20.7
2019-03-29,Santacruz_IMD,19.1197,72.8468,0.0,0.0,0.0,32.2,22.8,21.9
2019-03-30,Santacruz_IMD,19.1197,72.8468,0.0,0.0,0.0,30.8,23.8,19.1
2019-03-31,Santacruz_IMD,19.1197,72.8468,0.0,0.0,0.0,31.1,24.8,16.8
2019-04-01,Santacruz_IMD,19.1197,72.8468,0.0,0.0,0.0,30.5,22.9,16.5
2019-04-02,Santacruz_IMD,19.1197,72.8468,0.0,0.0,0.0,30.0,22.5,17.7
2019-04-03,Santacruz_IMD,19.1197,72.8468,0.0,0.0,0.0,31.8,23.4,21.3
2019-04-04,Santacruz_IMD,19.1197,72.8468,0.0,0.0,0.0,31.3,22.9,23.4
2019-04-05,Santacruz_IMD,19.1197,72.8468,0.0,0.0,0.0,30.8,24.3,16.0
2019-04-06,Santacruz_IMD,19.1197,72.8468,0.0,0.0,0.0,31.3,23.8,19.1
2019-04-07,Santacruz_IMD,19.1197,72.8468,0.0,0.0,0.0,31.6,23.4,18.0
2019-04-08,Santacruz_IMD,19.1197,72.8468,0.0,0.0,0.0,31.4,23.7,18.3
2019-04-09,Santacruz_IMD,19.1197,72.8468,0.0,0.0,0.0,31.0,22.9,16.2
2019-04-10,Santacruz_IMD,19.1197,72.8468,0.0,0.0,0.0,31.3,23.6,19.5
2019-04-11,Santacruz_IMD,19.1197,72.8468,0.0,0.0,0.0,31.4,24.2,17.6
2019-04-12,Santacruz_IMD,19.1197,72.8468,0.0,0.0,0.0,32.2,24.0,21.3
2019-04-13,Santacruz_IMD,19.1197,72.8468,0.0,0.0,0.0,33.9,23.4,26.5
2019-04-14,Santacruz_IMD,19.1197,72.8468,0.0,0.0,0.0,34.4,23.5,20.5
2019-04-15,Santacruz_IMD,19.1197,72.8468,0.0,0.0,0.0,35.4,25.2,17.4
2019-04-16,Santacruz_IMD,19.1197,72.8468,0.0,0.0,0.0,31.5,26.3,15.5
2019-04-17,Santacruz_IMD,19.1197,72.8468,0.2,0.2,2.0,30.7,25.4,21.4
2019-04-18,Santacruz_IMD,19.1197,72.8468,0.0,0.0,0.0,31.1,23.1,27.2
2019-04-19,Santacruz_IMD,19.1197,72.8468,0.0,0.0,0.0,33.7,22.9,24.8
2019-04-20,Santacruz_IMD,19.1197,72.8468,0.0,0.0,0.0,32.2,22.4,17.6
2019-04-21,Santacruz_IMD,19.1197,72.8468,0.0,0.0,0.0,31.8,23.0,16.7
2019-04-22,Santacruz_IMD,19.1197,72.8468,0.0,0.0,0.0,32.0,23.1,19.0
2019-04-23,Santacruz_IMD,19.1197,72.8468,0.0,0.0,0.0,32.6,23.7,22.9
2019-04-24,Santacruz_IMD,19.1197,72.8468,0.0,0.0,0.0,32.2,23.9,28.3
2019-04-25,Santacruz_IMD,19.1197,72.8468,0.0,0.0,0.0,32.6,25.2,26.5
2019-04-26,Santacruz_IMD,19.1197,72.8468,0.0,0.0,0.0,33.8,24.8,27.5
2019-04-27,Santacruz_IMD,19.1197,72.8468,0.0,0.0,0.0,35.3,25.9,25.1
2019-04-28,Santacruz_IMD,19.1197,72.8468,0.0,0.0,0.0,35.2,27.1,22.3
2019-04-29,Santacruz_IMD,19.1197,72.8468,0.0,0.0,0.0,31.8,26.3,21.1
2019-04-30,Santacruz_IMD,19.1197,72.8468,0.0,0.0,0.0,31.6,26.7,18.3
2019-05-01,Santacruz_IMD,19.1197,72.8468,0.0,0.0,0.0,31.1,24.8,16.1
2019-05-02,Santacruz_IMD,19.1197,72.8468,0.0,0.0,0.0,30.8,24.3,18.8
2019-05-03,Santacruz_IMD,19.1197,72.8468,0.0,0.0,0.0,30.8,24.1,17.7
2019-05-04,Santacruz_IMD,19.1197,72.8468,0.8,0.8,5.0,31.3,27.1,18.6
2019-05-05,Santacruz_IMD,19.1197,72.8468,0.0,0.0,0.0,31.4,26.3,18.2
2019-05-06,Santacruz_IMD,19.1197,72.8468,0.0,0.0,0.0,32.0,25.7,22.3
2019-05-07,Santacruz_IMD,19.1197,72.8468,0.0,0.0,0.0,31.4,25.8,18.7
2019-05-08,Santacruz_IMD,19.1197,72.8468,0.1,0.1,1.0,31.6,26.7,20.7
2019-05-09,Santacruz_IMD,19.1197,72.8468,0.0,0.0,0.0,31.4,26.3,18.3
2019-05-10,Santacruz_IMD,19.1197,72.8468,0.0,0.0,0.0,31.7,26.1,17.7
2019-05-11,Santacruz_IMD,19.1197,72.8468,0.0,0.0,0.0,31.8,25.1,21.1
2019-05-12,Santacruz_IMD,19.1197,72.8468,0.0,0.0,0.0,31.5,25.7,19.9
2019-05-13,Santacruz_IMD,19.1197,72.8468,0.0,0.0,0.0,31.8,26.9,20.2
2019-05-14,Santacruz_IMD,19.1197,72.8468,0.0,0.0,0.0,31.9,25.5,20.3
2019-05-15,Santacruz_IMD,19.1197,72.8468,0.0,0.0,0.0,32.7,24.7,21.8
2019-05-16,Santacruz_IMD,19.1197,72.8468,0.0,0.0,0.0,32.2,25.0,21.4
2019-05-17,Santacruz_IMD,19.1197,72.8468,0.0,0.0,0.0,32.4,25.3,24.2
2019-05-18,Santacruz_IMD,19.1197,72.8468,0.0,0.0,0.0,33.0,25.1,24.5
2019-05-19,Santacruz_IMD,19.1197,72.8468,0.0,0.0,0.0,33.4,26.3,25.0
2019-05-20,Santacruz_IMD,19.1197,72.8468,0.0,0.0,0.0,33.3,25.8,26.4
2019-05-21,Santacruz_IMD,19.1197,72.8468,0.0,0.0,0.0,33.6,25.8,22.2
2019-05-22,Santacruz_IMD,19.1197,72.8468,0.0,0.0,0.0,32.5,26.2,22.0
2019-05-23,Santacruz_IMD,19.1197,72.8468,0.0,0.0,0.0,32.5,26.8,22.0
2019-05-24,Santacruz_IMD,19.1197,72.8468,0.0,0.0,0.0,33.0,27.1,22.3
2019-05-25,Santacruz_IMD,19.1197,72.8468,0.0,0.0,0.0,32.5,27.3,18.4
2019-05-26,Santacruz_IMD,19.1197,72.8468,0.0,0.0,0.0,32.4,26.0,18.2
2019-05-27,Santacruz_IMD,19.1197,72.8468,0.0,0.0,0.0,33.0,27.6,22.1
2019-05-28,Santacruz_IMD,19.1197,72.8468,0.0,0.0,0.0,32.7,27.2,19.7
2019-05-29,Santacruz_IMD,19.1197,72.8468,0.0,0.0,0.0,32.4,26.7,20.5
2019-05-30,Santacruz_IMD,19.1197,72.8468,0.0,0.0,0.0,32.6,27.0,18.8
2019-05-31,Santacruz_IMD,19.1197,72.8468,0.0,0.0,0.0,32.4,27.2,19.5
2019-06-01,Santacruz_IMD,19.1197,72.8468,0.1,0.1,1.0,32.8,28.3,17.7
2019-06-02,Santacruz_IMD,19.1197,72.8468,0.0,0.0,0.0,32.8,28.3,18.0
2019-06-03,Santacruz_IMD,19.1197,72.8468,0.0,0.0,0.0,32.7,28.7,20.2
2019-06-04,Santacruz_IMD,19.1197,72.8468,0.7,0.7,5.0,32.5,28.2,18.4
2019-06-05,Santacruz_IMD,19.1197,72.8468,0.3,0.3,3.0,32.7,28.1,21.9
2019-06-06,Santacruz_IMD,19.1197,72.8468,0.0,0.0,0.0,33.1,28.5,18.1
2019-06-07,Santacruz_IMD,19.1197,72.8468,0.3,0.3,3.0,32.9,28.0,18.8
2019-06-08,Santacruz_IMD,19.1197,72.8468,0.1,0.1,1.0,33.7,29.0,20.2
2019-06-09,Santacruz_IMD,19.1197,72.8468,0.3,0.3,3.0,33.2,28.5,17.0
2019-06-10,Santacruz_IMD,19.1197,72.8468,1.1,1.1,4.0,32.0,28.8,16.2
2019-06-11,Santacruz_IMD,19.1197,72.8468,1.6,1.6,5.0,33.8,28.0,19.1
2019-06-12,Santacruz_IMD,19.1197,72.8468,20.3,20.3,19.0,30.2,26.6,38.9
2019-06-13,Santacruz_IMD,19.1197,72.8468,12.9,12.9,22.0,29.1,26.3,35.2
2019-06-14,Santacruz_IMD,19.1197,72.8468,11.1,11.1,23.0,29.2,26.0,30.8
2019-06-15,Santacruz_IMD,19.1197,72.8468,11.7,11.7,21.0,28.8,26.0,30.6
2019-06-16,Santacruz_IMD,19.1197,72.8468,5.6,5.6,20.0,29.3,26.2,29.8
2019-06-17,Santacruz_IMD,19.1197,72.8468,4.7,4.7,24.0,29.0,26.2,26.0
2019-06-18,Santacruz_IMD,19.1197,72.8468,9.1,9.1,23.0,29.0,25.7,28.8
2019-06-19,Santacruz_IMD,19.1197,72.8468,7.8,7.8,24.0,29.5,26.1,23.8
2019-06-20,Santacruz_IMD,19.1197,72.8468,1.9,1.9,9.0,30.3,26.3,14.6
2019-06-21,Santacruz_IMD,19.1197,72.8468,1.3,1.3,11.0,29.5,27.0,15.3
2019-06-22,Santacruz_IMD,19.1197,72.8468,1.4,1.4,12.0,30.1,26.8,16.9
2019-06-23,Santacruz_IMD,19.1197,72.8468,2.5,2.5,14.0,29.6,27.1,13.2
2019-06-24,Santacruz_IMD,19.1197,72.8468,5.8,5.8,14.0,28.7,26.8,12.5
2019-06-25,Santacruz_IMD,19.1197,72.8468,9.0,9.0,20.0,29.7,26.2,13.6
2019-06-26,Santacruz_IMD,19.1197,72.8468,15.3,15.3,24.0,29.7,26.3,20.5
2019-06-27,Santacruz_IMD,19.1197,72.8468,24.1,24.1,24.0,28.8,26.0,19.1
2019-06-28,Santacruz_IMD,19.1197,72.8468,73.1,73.1,24.0,28.7,26.1,24.2
2019-06-29,Santacruz_IMD,19.1197,72.8468,73.6,73.6,24.0,27.6,25.8,24.9
2019-06-30,Santacruz_IMD,19.1197,72.8468,33.4,33.4,24.0,26.9,25.8,16.8
2019-07-01,Santacruz_IMD,19.1197,72.8468,36.6,36.6,24.0,26.8,25.4,15.5
2019-07-02,Santacruz_IMD,19.1197,72.8468,26.3,26.3,23.0,28.2,25.7,18.8
2019-07-03,Santacruz_IMD,19.1197,72.8468,15.2,15.2,24.0,27.4,25.6,17.8
2019-07-04,Santacruz_IMD,19.1197,72.8468,21.5,21.5,24.0,27.7,26.1,21.5
2019-07-05,Santacruz_IMD,19.1197,72.8468,15.9,15.9,24.0,27.8,25.8,24.6
2019-07-06,Santacruz_IMD,19.1197,72.8468,20.2,20.2,24.0,27.2,25.5,25.4
2019-07-07,Santacruz_IMD,19.1197,72.8468,19.6,19.6,24.0,27.7,25.7,26.1
2019-07-08,Santacruz_IMD,19.1197,72.8468,15.3,15.3,24.0,28.0,25.7,24.2
2019-07-09,Santacruz_IMD,19.1197,72.8468,14.0,14.0,24.0,27.7,25.8,27.7
2019-07-10,Santacruz_IMD,19.1197,72.8468,33.0,33.0,24.0,27.5,25.6,27.6
2019-07-11,Santacruz_IMD,19.1197,72.8468,17.4,17.4,24.0,27.3,25.5,23.5
2019-07-12,Santacruz_IMD,19.1197,72.8468,6.2,6.2,24.0,27.5,25.6,26.4
2019-07-13,Santacruz_IMD,19.1197,72.8468,5.0,5.0,24.0,27.9,25.3,19.9
2019-07-14,Santacruz_IMD,19.1197,72.8468,5.6,5.6,24.0,28.3,25.8,19.5
2019-07-15,Santacruz_IMD,19.1197,72.8468,5.1,5.1,24.0,29.3,25.8,22.2
2019-07-16,Santacruz_IMD,19.1197,72.8468,6.4,6.4,24.0,28.1,25.6,17.1
2019-07-17,Santacruz_IMD,19.1197,72.8468,7.4,7.4,22.0,28.2,25.5,16.5
2019-07-18,Santacruz_IMD,19.1197,72.8468,4.1,4.1,19.0,28.4,25.6,14.8
2019-07-19,Santacruz_IMD,19.1197,72.8468,2.4,2.4,13.0,29.0,26.0,14.2
2019-07-20,Santacruz_IMD,19.1197,72.8468,20.1,20.1,23.0,28.8,26.3,13.5
2019-07-21,Santacruz_IMD,19.1197,72.8468,84.9,84.9,21.0,29.1,25.7,14.5
2019-07-22,Santacruz_IMD,19.1197,72.8468,5.1,5.1,13.0,29.6,26.0,19.5
2019-07-23,Santacruz_IMD,19.1197,72.8468,12.5,12.5,24.0,28.8,26.0,33.1
2019-07-24,Santacruz_IMD,19.1197,72.8468,197.7,197.7,24.0,27.2,26.0,31.5
2019-07-25,Santacruz_IMD,19.1197,72.8468,25.6,25.6,24.0,27.7,26.1,20.9
2019-07-26,Santacruz_IMD,19.1197,72.8468,28.4,28.4,24.0,27.5,25.7,23.5
2019-07-27,Santacruz_IMD,19.1197,72.8468,38.2,38.2,24.0,27.2,25.6,26.3
2019-07-28,Santacruz_IMD,19.1197,72.8468,11.3,11.3,24.0,27.4,25.5,26.3
2019-07-29,Santacruz_IMD,19.1197,72.8468,30.6,30.6,24.0,26.3,25.4,27.0
2019-07-30,Santacruz_IMD,19.1197,72.8468,68.6,68.6,24.0,26.5,25.5,30.1
2019-07-31,Santacruz_IMD,19.1197,72.8468,31.8,31.8,24.0,26.6,25.4,28.2
2019-08-01,Santacruz_IMD,19.1197,72.8468,15.7,15.7,24.0,27.6,25.8,27.7
2019-08-02,Santacruz_IMD,19.1197,72.8468,28.3,28.3,24.0,28.1,25.3,31.6
2019-08-03,Santacruz_IMD,19.1197,72.8468,91.9,91.9,24.0,26.0,25.5,33.7
2019-08-04,Santacruz_IMD,19.1197,72.8468,100.3,100.3,24.0,26.4,25.7,34.2
2019-08-05,Santacruz_IMD,19.1197,72.8468,59.2,59.2,24.0,26.3,25.5,28.4
2019-08-06,Santacruz_IMD,19.1197,72.8468,40.6,40.6,24.0,27.0,25.6,29.6
2019-08-07,Santacruz_IMD,19.1197,72.8468,20.5,20.5,24.0,28.0,25.8,31.4
2019-08-08,Santacruz_IMD,19.1197,72.8468,13.6,13.6,24.0,27.6,26.1,33.4
2019-08-09,Santacruz_IMD,19.1197,72.8468,11.9,11.9,22.0,27.8,26.1,36.0
2019-08-10,Santacruz_IMD,19.1197,72.8468,9.6,9.6,24.0,28.1,26.1,38.0
2019-08-11,Santacruz_IMD,19.1197,72.8468,14.0,14.0,24.0,28.1,25.4,33.7
2019-08-12,Santacruz_IMD,19.1197,72.8468,5.3,5.3,24.0,28.4,25.4,21.2
2019-08-13,Santacruz_IMD,19.1197,72.8468,4.2,4.2,22.0,28.4,25.5,18.6
2019-08-14,Santacruz_IMD,19.1197,72.8468,8.2,8.2,23.0,27.9,25.8,17.6
2019-08-15,Santacruz_IMD,19.1197,72.8468,11.6,11.6,24.0,27.5,25.3,21.1
2019-08-16,Santacruz_IMD,19.1197,72.8468,7.4,7.4,24.0,28.4,25.4,23.4
2019-08-17,Santacruz_IMD,19.1197,72.8468,3.5,3.5,21.0,28.3,25.7,21.7
2019-08-18,Santacruz_IMD,19.1197,72.8468,2.4,2.4,15.0,28.7,25.6,17.3
2019-08-19,Santacruz_IMD,19.1197,72.8468,3.3,3.3,17.0,28.0,25.5,15.3
2019-08-20,Santacruz_IMD,19.1197,72.8468,2.3,2.3,15.0,28.6,25.5,15.2
2019-08-21,Santacruz_IMD,19.1197,72.8468,5.0,5.0,24.0,27.5,25.6,14.0
2019-08-22,Santacruz_IMD,19.1197,72.8468,5.3,5.3,23.0,27.4,25.2,14.4
2019-08-23,Santacruz_IMD,19.1197,72.8468,5.7,5.7,22.0,27.7,24.7,15.4
2019-08-24,Santacruz_IMD,19.1197,72.8468,7.2,7.2,24.0,27.6,24.7,14.5
2019-08-25,Santacruz_IMD,19.1197,72.8468,3.3,3.3,17.0,27.5,24.8,14.2
2019-08-26,Santacruz_IMD,19.1197,72.8468,4.6,4.6,22.0,28.0,25.1,17.7
2019-08-27,Santacruz_IMD,19.1197,72.8468,6.5,6.5,23.0,27.2,24.8,19.0
2019-08-28,Santacruz_IMD,19.1197,72.8468,3.9,3.9,23.0,27.6,25.1,19.4
2019-08-29,Santacruz_IMD,19.1197,72.8468,3.8,3.8,20.0,28.2,25.2,19.3
2019-08-30,Santacruz_IMD,19.1197,72.8468,13.1,13.1,23.0,28.1,25.7,15.1
2019-08-31,Santacruz_IMD,19.1197,72.8468,24.1,24.1,24.0,27.4,25.6,18.4
2019-09-01,Santacruz_IMD,19.1197,72.8468,15.7,15.7,21.0,27.6,25.4,20.2
2019-09-02,Santacruz_IMD,19.1197,72.8468,13.2,13.2,23.0,27.8,25.8,19.2
2019-09-03,Santacruz_IMD,19.1197,72.8468,33.0,33.0,24.0,27.2,25.4,18.3
2019-09-04,Santacruz_IMD,19.1197,72.8468,84.3,84.3,24.0,26.4,25.3,22.1
2019-09-05,Santacruz_IMD,19.1197,72.8468,42.4,42.4,24.0,27.3,25.3,26.6
2019-09-06,Santacruz_IMD,19.1197,72.8468,43.7,43.7,24.0,27.2,25.7,24.8
2019-09-07,Santacruz_IMD,19.1197,72.8468,39.8,39.8,24.0,27.5,25.6,23.3
2019-09-08,Santacruz_IMD,19.1197,72.8468,43.8,43.8,24.0,27.1,25.9,24.2
2019-09-09,Santacruz_IMD,19.1197,72.8468,25.2,25.2,24.0,28.1,25.7,22.9
2019-09-10,Santacruz_IMD,19.1197,72.8468,16.8,16.8,24.0,27.6,25.7,21.5
2019-09-11,Santacruz_IMD,19.1197,72.8468,8.2,8.2,24.0,27.7,25.4,17.7
2019-09-12,Santacruz_IMD,19.1197,72.8468,13.7,13.7,23.0,26.8,25.4,18.6
2019-09-13,Santacruz_IMD,19.1197,72.8468,37.2,37.2,24.0,26.8,24.8,18.4
2019-09-14,Santacruz_IMD,19.1197,72.8468,13.0,13.0,24.0,27.4,25.1,17.0
2019-09-15,Santacruz_IMD,19.1197,72.8468,10.4,10.4,24.0,27.2,25.1,16.2
2019-09-16,Santacruz_IMD,19.1197,72.8468,5.7,5.7,23.0,27.6,25.2,17.4
2019-09-17,Santacruz_IMD,19.1197,72.8468,3.7,3.7,21.0,28.3,25.7,18.8
2019-09-18,Santacruz_IMD,19.1197,72.8468,16.5,16.5,22.0,28.3,25.6,18.1
2019-09-19,Santacruz_IMD,19.1197,72.8468,38.9,38.9,20.0,28.6,24.5,13.7
2019-09-20,Santacruz_IMD,19.1197,72.8468,6.3,6.3,18.0,28.1,25.3,24.9
2019-09-21,Santacruz_IMD,19.1197,72.8468,13.0,13.0,15.0,28.2,25.3,32.0
2019-09-22,Santacruz_IMD,19.1197,72.8468,1.1,1.1,6.0,28.5,25.4,26.0
2019-09-23,Santacruz_IMD,19.1197,72.8468,0.9,0.9,8.0,28.9,25.6,15.6
2019-09-24,Santacruz_IMD,19.1197,72.8468,3.5,3.5,13.0,29.0,25.4,20.4
2019-09-25,Santacruz_IMD,19.1197,72.8468,26.5,26.5,20.0,29.1,25.0,13.6
2019-09-26,Santacruz_IMD,19.1197,72.8468,21.0,21.0,18.0,28.4,25.6,22.9
2019-09-27,Santacruz_IMD,19.1197,72.8468,18.0,18.0,24.0,27.6,25.1,26.5
2019-09-28,Santacruz_IMD,19.1197,72.8468,5.4,5.4,22.0,28.2,25.0,23.5
2019-09-29,Santacruz_IMD,19.1197,72.8468,4.4,4.4,20.0,28.6,25.3,24.7
2019-09-30,Santacruz_IMD,19.1197,72.8468,6.8,6.8,22.0,28.1,25.5,16.8
2019-10-01,Santacruz_IMD,19.1197,72.8468,2.0,2.0,15.0,28.6,25.5,13.5
2019-10-02,Santacruz_IMD,19.1197,72.8468,1.0,1.0,8.0,28.9,25.4,14.3
2019-10-03,Santacruz_IMD,19.1197,72.8468,0.4,0.4,4.0,29.4,24.6,15.8
2019-10-04,Santacruz_IMD,19.1197,72.8468,3.5,3.5,13.0,29.5,25.3,12.8
2019-10-05,Santacruz_IMD,19.1197,72.8468,4.3,4.3,5.0,30.3,24.7,14.0
2019-10-06,Santacruz_IMD,19.1197,72.8468,0.5,0.5,4.0,29.8,24.2,9.9
2019-10-07,Santacruz_IMD,19.1197,72.8468,5.0,5.0,10.0,29.9,25.4,15.2
2019-10-08,Santacruz_IMD,19.1197,72.8468,5.8,5.8,6.0,31.0,25.6,14.8
2019-10-09,Santacruz_IMD,19.1197,72.8468,1.7,1.7,3.0,31.0,25.9,13.3
2019-10-10,Santacruz_IMD,19.1197,72.8468,0.0,0.0,0.0,31.5,25.7,12.0
2019-10-11,Santacruz_IMD,19.1197,72.8468,3.7,3.7,2.0,30.7,25.6,13.6
2019-10-12,Santacruz_IMD,19.1197,72.8468,7.3,7.3,9.0,30.7,25.7,14.0
2019-10-13,Santacruz_IMD,19.1197,72.8468,4.1,4.1,2.0,31.3,25.2,13.2
2019-10-14,Santacruz_IMD,19.1197,72.8468,0.0,0.0,0.0,33.0,25.9,15.9
2019-10-15,Santacruz_IMD,19.1197,72.8468,0.0,0.0,0.0,33.6,25.6,17.8
2019-10-16,Santacruz_IMD,19.1197,72.8468,0.0,0.0,0.0,33.1,24.8,15.6
2019-10-17,Santacruz_IMD,19.1197,72.8468,0.0,0.0,0.0,33.3,25.0,16.5
2019-10-18,Santacruz_IMD,19.1197,72.8468,1.1,1.1,2.0,31.5,24.4,9.4
2019-10-19,Santacruz_IMD,19.1197,72.8468,18.4,18.4,21.0,27.0,25.2,10.3
2019-10-20,Santacruz_IMD,19.1197,72.8468,32.4,32.4,24.0,26.0,24.5,12.2
2019-10-21,Santacruz_IMD,19.1197,72.8468,16.2,16.2,12.0,30.2,24.0,10.7
2019-10-22,Santacruz_IMD,19.1197,72.8468,23.8,23.8,16.0,28.6,24.5,12.3
2019-10-23,Santacruz_IMD,19.1197,72.8468,92.5,92.5,24.0,27.2,24.0,8.7
2019-10-24,Santacruz_IMD,19.1197,72.8468,11.9,11.9,13.0,29.0,24.4,11.7
2019-10-25,Santacruz_IMD,19.1197,72.8468,12.4,12.4,15.0,28.0,24.6,22.4
2019-10-26,Santacruz_IMD,19.1197,72.8468,12.9,12.9,11.0,26.8,24.5,20.3
2019-10-27,Santacruz_IMD,19.1197,72.8468,0.2,0.2,2.0,29.8,23.5,14.2
2019-10-28,Santacruz_IMD,19.1197,72.8468,3.6,3.6,4.0,29.5,23.9,13.3
2019-10-29,Santacruz_IMD,19.1197,72.8468,1.6,1.6,1.0,30.6,23.9,9.7
2019-10-30,Santacruz_IMD,19.1197,72.8468,0.4,0.4,1.0,31.5,25.0,9.5
2019-10-31,Santacruz_IMD,19.1197,72.8468,0.6,0.6,1.0,32.1,25.7,12.4
2019-11-01,Santacruz_IMD,19.1197,72.8468,12.8,12.8,7.0,30.7,25.2,19.0
2019-11-02,Santacruz_IMD,19.1197,72.8468,0.3,0.3,1.0,30.3,23.9,17.3
2019-11-03,Santacruz_IMD,19.1197,72.8468,0.0,0.0,0.0,29.8,24.3,10.8
2019-11-04,Santacruz_IMD,19.1197,72.8468,0.0,0.0,0.0,29.8,23.6,17.4
2019-11-05,Santacruz_IMD,19.1197,72.8468,0.1,0.1,1.0,30.6,24.6,14.1
2019-11-06,Santacruz_IMD,19.1197,72.8468,0.0,0.0,0.0,29.8,23.8,16.6
2019-11-07,Santacruz_IMD,19.1197,72.8468,3.3,3.3,11.0,28.8,25.4,22.9
2019-11-08,Santacruz_IMD,19.1197,72.8468,3.6,3.6,19.0,27.5,24.7,20.3
2019-11-09,Santacruz_IMD,19.1197,72.8468,1.9,1.9,11.0,28.0,24.2,11.9
2019-11-10,Santacruz_IMD,19.1197,72.8468,0.0,0.0,0.0,29.0,23.2,15.1
2019-11-11,Santacruz_IMD,19.1197,72.8468,0.0,0.0,0.0,30.8,23.1,12.6
2019-11-12,Santacruz_IMD,19.1197,72.8468,0.0,0.0,0.0,31.9,22.7,10.9
2019-11-13,Santacruz_IMD,19.1197,72.8468,0.0,0.0,0.0,32.0,23.8,11.6
2019-11-14,Santacruz_IMD,19.1197,72.8468,0.0,0.0,0.0,31.6,22.9,11.6
2019-11-15,Santacruz_IMD,19.1197,72.8468,0.0,0.0,0.0,30.4,22.5,12.7
2019-11-16,Santacruz_IMD,19.1197,72.8468,0.0,0.0,0.0,31.6,24.1,12.1
2019-11-17,Santacruz_IMD,19.1197,72.8468,0.0,0.0,0.0,32.9,24.6,14.3
2019-11-18,Santacruz_IMD,19.1197,72.8468,0.0,0.0,0.0,31.3,23.9,18.3
2019-11-19,Santacruz_IMD,19.1197,72.8468,0.0,0.0,0.0,32.9,22.4,17.2
2019-11-20,Santacruz_IMD,19.1197,72.8468,0.0,0.0,0.0,32.4,21.7,14.8
2019-11-21,Santacruz_IMD,19.1197,72.8468,0.0,0.0,0.0,33.2,22.6,11.9
2019-11-22,Santacruz_IMD,19.1197,72.8468,0.0,0.0,0.0,32.5,23.2,15.6
2019-11-23,Santacruz_IMD,19.1197,72.8468,0.0,0.0,0.0,32.5,23.2,16.1
2019-11-24,Santacruz_IMD,19.1197,72.8468,0.0,0.0,0.0,32.6,22.9,14.7
2019-11-25,Santacruz_IMD,19.1197,72.8468,0.0,0.0,0.0,32.1,22.2,15.0
2019-11-26,Santacruz_IMD,19.1197,72.8468,0.0,0.0,0.0,32.2,21.4,17.0
2019-11-27,Santacruz_IMD,19.1197,72.8468,0.0,0.0,0.0,32.3,22.2,14.8
2019-11-28,Santacruz_IMD,19.1197,72.8468,0.0,0.0,0.0,32.4,22.9,14.5
2019-11-29,Santacruz_IMD,19.1197,72.8468,0.0,0.0,0.0,31.6,23.0,16.2
2019-11-30,Santacruz_IMD,19.1197,72.8468,0.0,0.0,0.0,32.0,24.4,15.9
2019-12-01,Santacruz_IMD,19.1197,72.8468,0.0,0.0,0.0,31.7,23.9,15.2
2019-12-02,Santacruz_IMD,19.1197,72.8468,0.0,0.0,0.0,33.4,24.3,13.6
2019-12-03,Santacruz_IMD,19.1197,72.8468,0.1,0.1,1.0,32.3,24.6,14.2
2019-12-04,Santacruz_IMD,19.1197,72.8468,0.0,0.0,0.0,31.6,24.8,11.6
2019-12-05,Santacruz_IMD,19.1197,72.8468,3.4,3.4,8.0,29.5,25.5,16.4
2019-12-06,Santacruz_IMD,19.1197,72.8468,0.0,0.0,0.0,32.5,25.2,19.5
2019-12-07,Santacruz_IMD,19.1197,72.8468,0.0,0.0,0.0,31.6,23.0,17.7
2019-12-08,Santacruz_IMD,19.1197,72.8468,0.0,0.0,0.0,31.5,22.4,14.7
2019-12-09,Santacruz_IMD,19.1197,72.8468,0.0,0.0,0.0,32.0,22.2,14.7
2019-12-10,Santacruz_IMD,19.1197,72.8468,0.0,0.0,0.0,31.6,22.6,14.7
2019-12-11,Santacruz_IMD,19.1197,72.8468,0.0,0.0,0.0,30.3,22.4,13.7
2019-12-12,Santacruz_IMD,19.1197,72.8468,0.0,0.0,0.0,29.5,22.2,15.0
2019-12-13,Santacruz_IMD,19.1197,72.8468,0.0,0.0,0.0,28.8,21.7,20.8
2019-12-14,Santacruz_IMD,19.1197,72.8468,0.0,0.0,0.0,29.2,19.9,19.9
2019-12-15,Santacruz_IMD,19.1197,72.8468,0.0,0.0,0.0,28.7,20.4,17.2
2019-12-16,Santacruz_IMD,19.1197,72.8468,0.0,0.0,0.0,30.0,21.0,19.1
2019-12-17,Santacruz_IMD,19.1197,72.8468,0.0,0.0,0.0,31.2,21.9,18.1
2019-12-18,Santacruz_IMD,19.1197,72.8468,0.0,0.0,0.0,31.9,21.9,16.8
2019-12-19,Santacruz_IMD,19.1197,72.8468,0.0,0.0,0.0,31.3,21.0,17.4
2019-12-20,Santacruz_IMD,19.1197,72.8468,0.0,0.0,0.0,30.6,20.9,14.9
2019-12-21,Santacruz_IMD,19.1197,72.8468,0.0,0.0,0.0,30.5,21.8,15.7
2019-12-22,Santacruz_IMD,19.1197,72.8468,0.0,0.0,0.0,31.7,21.8,13.0
2019-12-23,Santacruz_IMD,19.1197,72.8468,0.0,0.0,0.0,31.4,23.2,10.9
2019-12-24,Santacruz_IMD,19.1197,72.8468,0.0,0.0,0.0,30.5,22.6,12.0
2019-12-25,Santacruz_IMD,19.1197,72.8468,0.1,0.1,1.0,31.3,24.3,20.0
2019-12-26,Santacruz_IMD,19.1197,72.8468,0.8,0.8,3.0,29.9,23.0,19.4
2019-12-27,Santacruz_IMD,19.1197,72.8468,0.0,0.0,0.0,29.6,19.2,19.4
2019-12-28,Santacruz_IMD,19.1197,72.8468,0.0,0.0,0.0,31.2,20.9,20.0
2019-12-29,Santacruz_IMD,19.1197,72.8468,0.1,0.1,1.0,29.8,21.5,16.3
2019-12-30,Santacruz_IMD,19.1197,72.8468,0.0,0.0,0.0,27.6,19.8,19.0
2019-12-31,Santacruz_IMD,19.1197,72.8468,0.0,0.0,0.0,27.3,17.9,19.1
2020-01-01,Santacruz_IMD,19.1197,72.8468,0.0,0.0,0.0,25.9,15.6,13.2
2020-01-02,Santacruz_IMD,19.1197,72.8468,0.0,0.0,0.0,26.7,17.7,16.1
2020-01-03,Santacruz_IMD,19.1197,72.8468,0.0,0.0,0.0,26.5,18.5,23.5
2020-01-04,Santacruz_IMD,19.1197,72.8468,0.0,0.0,0.0,25.9,18.3,21.4
2020-01-05,Santacruz_IMD,19.1197,72.8468,0.0,0.0,0.0,29.7,18.4,16.8
2020-01-06,Santacruz_IMD,19.1197,72.8468,0.0,0.0,0.0,30.6,20.7,17.1
2020-01-07,Santacruz_IMD,19.1197,72.8468,0.0,0.0,0.0,28.0,20.3,18.9
2020-01-08,Santacruz_IMD,19.1197,72.8468,0.0,0.0,0.0,27.4,20.9,17.3
2020-01-09,Santacruz_IMD,19.1197,72.8468,0.0,0.0,0.0,27.6,19.2,23.4
2020-01-10,Santacruz_IMD,19.1197,72.8468,0.0,0.0,0.0,30.8,19.0,19.1
2020-01-11,Santacruz_IMD,19.1197,72.8468,0.0,0.0,0.0,32.1,21.1,15.5
2020-01-12,Santacruz_IMD,19.1197,72.8468,0.0,0.0,0.0,30.1,20.4,17.3
2020-01-13,Santacruz_IMD,19.1197,72.8468,0.4,0.4,3.0,27.7,21.7,17.0
2020-01-14,Santacruz_IMD,19.1197,72.8468,0.2,0.2,2.0,26.8,20.8,21.5
2020-01-15,Santacruz_IMD,19.1197,72.8468,0.0,0.0,0.0,25.3,19.3,22.0
2020-01-16,Santacruz_IMD,19.1197,72.8468,0.0,0.0,0.0,24.2,17.2,21.1
2020-01-17,Santacruz_IMD,19.1197,72.8468,0.0,0.0,0.0,24.5,15.9,24.4
2020-01-18,Santacruz_IMD,19.1197,72.8468,0.0,0.0,0.0,27.8,15.3,17.9
2020-01-19,Santacruz_IMD,19.1197,72.8468,0.0,0.0,0.0,29.1,17.9,16.8
2020-01-20,Santacruz_IMD,19.1197,72.8468,0.0,0.0,0.0,30.8,18.4,16.6
2020-01-21,Santacruz_IMD,19.1197,72.8468,0.0,0.0,0.0,29.2,18.9,16.6
2020-01-22,Santacruz_IMD,19.1197,72.8468,0.0,0.0,0.0,30.7,19.0,18.7
2020-01-23,Santacruz_IMD,19.1197,72.8468,0.0,0.0,0.0,31.8,21.7,22.2
2020-01-24,Santacruz_IMD,19.1197,72.8468,0.0,0.0,0.0,31.8,21.1,19.6
2020-01-25,Santacruz_IMD,19.1197,72.8468,0.0,0.0,0.0,30.6,20.4,20.3
2020-01-26,Santacruz_IMD,19.1197,72.8468,0.0,0.0,0.0,30.4,19.6,15.5
2020-01-27,Santacruz_IMD,19.1197,72.8468,0.0,0.0,0.0,28.0,20.3,15.1
2020-01-28,Santacruz_IMD,19.1197,72.8468,1.0,1.0,5.0,26.5,19.9,18.8
2020-01-29,Santacruz_IMD,19.1197,72.8468,0.0,0.0,0.0,24.7,18.4,21.9
2020-01-30,Santacruz_IMD,19.1197,72.8468,0.0,0.0,0.0,27.5,15.9,21.1
2020-01-31,Santacruz_IMD,19.1197,72.8468,0.0,0.0,0.0,26.1,15.9,20.7
2020-02-01,Santacruz_IMD,19.1197,72.8468,0.0,0.0,0.0,28.2,17.7,22.2
2020-02-02,Santacruz_IMD,19.1197,72.8468,0.0,0.0,0.0,29.3,18.4,15.2
2020-02-03,Santacruz_IMD,19.1197,72.8468,0.0,0.0,0.0,27.0,17.9,14.1
2020-02-04,Santacruz_IMD,19.1197,72.8468,0.0,0.0,0.0,28.0,19.6,19.1
2020-02-05,Santacruz_IMD,19.1197,72.8468,0.0,0.0,0.0,29.3,18.4,20.0
2020-02-06,Santacruz_IMD,19.1197,72.8468,0.0,0.0,0.0,27.2,19.0,18.7
2020-02-07,Santacruz_IMD,19.1197,72.8468,0.0,0.0,0.0,26.7,17.5,22.9
2020-02-08,Santacruz_IMD,19.1197,72.8468,0.0,0.0,0.0,29.4,17.2,25.8
2020-02-09,Santacruz_IMD,19.1197,72.8468,0.0,0.0,0.0,30.9,20.8,27.4
2020-02-10,Santacruz_IMD,19.1197,72.8468,0.0,0.0,0.0,31.8,21.9,19.6
2020-02-11,Santacruz_IMD,19.1197,72.8468,0.0,0.0,0.0,33.2,22.4,17.3
2020-02-12,Santacruz_IMD,19.1197,72.8468,0.0,0.0,0.0,34.6,23.1,17.1
2020-02-13,Santacruz_IMD,19.1197,72.8468,0.0,0.0,0.0,34.1,23.6,23.1
2020-02-14,Santacruz_IMD,19.1197,72.8468,0.0,0.0,0.0,33.1,23.7,22.2
2020-02-15,Santacruz_IMD,19.1197,72.8468,0.0,0.0,0.0,31.1,21.9,22.3
2020-02-16,Santacruz_IMD,19.1197,72.8468,0.0,0.0,0.0,31.4,20.8,17.9
2020-02-17,Santacruz_IMD,19.1197,72.8468,0.0,0.0,0.0,33.7,20.6,16.3
2020-02-18,Santacruz_IMD,19.1197,72.8468,0.0,0.0,0.0,34.3,22.0,19.3
2020-02-19,Santacruz_IMD,19.1197,72.8468,0.0,0.0,0.0,31.9,21.2,16.3
2020-02-20,Santacruz_IMD,19.1197,72.8468,0.0,0.0,0.0,30.8,20.7,19.2
2020-02-21,Santacruz_IMD,19.1197,72.8468,0.0,0.0,0.0,30.5,21.2,20.4
2020-02-22,Santacruz_IMD,19.1197,72.8468,0.0,0.0,0.0,32.2,20.8,18.6
2020-02-23,Santacruz_IMD,19.1197,72.8468,0.0,0.0,0.0,32.9,21.4,20.7
2020-02-24,Santacruz_IMD,19.1197,72.8468,0.0,0.0,0.0,31.2,20.0,22.1
2020-02-25,Santacruz_IMD,19.1197,72.8468,0.0,0.0,0.0,34.3,23.0,25.7
2020-02-26,Santacruz_IMD,19.1197,72.8468,0.0,0.0,0.0,34.6,22.9,22.2
2020-02-27,Santacruz_IMD,19.1197,72.8468,0.0,0.0,0.0,35.6,20.2,18.2
2020-02-28,Santacruz_IMD,19.1197,72.8468,0.0,0.0,0.0,32.2,20.0,19.4
2020-02-29,Santacruz_IMD,19.1197,72.8468,0.0,0.0,0.0,31.4,20.2,22.4
2020-03-01,Santacruz_IMD,19.1197,72.8468,0.0,0.0,0.0,29.7,20.7,21.2
2020-03-02,Santacruz_IMD,19.1197,72.8468,0.0,0.0,0.0,29.1,20.5,15.8
2020-03-03,Santacruz_IMD,19.1197,72.8468,0.1,0.1,1.0,28.5,20.7,15.7
2020-03-04,Santacruz_IMD,19.1197,72.8468,0.0,0.0,0.0,28.1,21.0,18.0
2020-03-05,Santacruz_IMD,19.1197,72.8468,0.0,0.0,0.0,28.2,21.2,18.8
2020-03-06,Santacruz_IMD,19.1197,72.8468,0.0,0.0,0.0,28.4,22.0,20.3
2020-03-07,Santacruz_IMD,19.1197,72.8468,0.0,0.0,0.0,27.8,20.8,18.2
2020-03-08,Santacruz_IMD,19.1197,72.8468,0.0,0.0,0.0,28.1,18.8,18.6
2020-03-09,Santacruz_IMD,19.1197,72.8468,0.0,0.0,0.0,28.5,19.1,19.0
2020-03-10,Santacruz_IMD,19.1197,72.8468,0.0,0.0,0.0,28.1,20.7,15.6
2020-03-11,Santacruz_IMD,19.1197,72.8468,0.0,0.0,0.0,28.0,22.4,21.1
2020-03-12,Santacruz_IMD,19.1197,72.8468,0.0,0.0,0.0,27.2,20.4,20.1
2020-03-13,Santacruz_IMD,19.1197,72.8468,0.0,0.0,0.0,28.6,18.6,27.1
2020-03-14,Santacruz_IMD,19.1197,72.8468,0.0,0.0,0.0,31.8,19.3,27.7
2020-03-15,Santacruz_IMD,19.1197,72.8468,0.0,0.0,0.0,34.0,18.6,18.1
2020-03-16,Santacruz_IMD,19.1197,72.8468,0.0,0.0,0.0,35.7,20.3,21.1
2020-03-17,Santacruz_IMD,19.1197,72.8468,0.0,0.0,0.0,34.1,22.0,20.5
2020-03-18,Santacruz_IMD,19.1197,72.8468,0.0,0.0,0.0,32.9,23.1,16.4
2020-03-19,Santacruz_IMD,19.1197,72.8468,0.0,0.0,0.0,31.4,21.2,18.5
2020-03-20,Santacruz_IMD,19.1197,72.8468,0.0,0.0,0.0,29.4,21.9,14.8
2020-03-21,Santacruz_IMD,19.1197,72.8468,0.0,0.0,0.0,29.3,20.9,18.5
2020-03-22,Santacruz_IMD,19.1197,72.8468,0.0,0.0,0.0,30.2,22.0,23.7
2020-03-23,Santacruz_IMD,19.1197,72.8468,0.0,0.0,0.0,32.9,23.2,21.6
2020-03-24,Santacruz_IMD,19.1197,72.8468,0.0,0.0,0.0,32.5,23.3,22.7
2020-03-25,Santacruz_IMD,19.1197,72.8468,0.0,0.0,0.0,32.0,25.4,15.7
2020-03-26,Santacruz_IMD,19.1197,72.8468,0.0,0.0,0.0,31.9,24.6,18.3
2020-03-27,Santacruz_IMD,19.1197,72.8468,0.0,0.0,0.0,33.2,24.8,25.0
2020-03-28,Santacruz_IMD,19.1197,72.8468,0.0,0.0,0.0,34.1,25.4,28.3
2020-03-29,Santacruz_IMD,19.1197,72.8468,0.0,0.0,0.0,34.4,24.4,24.5
2020-03-30,Santacruz_IMD,19.1197,72.8468,0.0,0.0,0.0,33.1,24.6,18.0
2020-03-31,Santacruz_IMD,19.1197,72.8468,0.0,0.0,0.0,32.1,23.8,22.4
2020-04-01,Santacruz_IMD,19.1197,72.8468,0.0,0.0,0.0,32.1,22.9,23.7
2020-04-02,Santacruz_IMD,19.1197,72.8468,0.0,0.0,0.0,34.5,23.7,22.7
2020-04-03,Santacruz_IMD,19.1197,72.8468,0.0,0.0,0.0,32.4,24.3,22.2
2020-04-04,Santacruz_IMD,19.1197,72.8468,0.0,0.0,0.0,32.3,23.5,22.1
2020-04-05,Santacruz_IMD,19.1197,72.8468,0.0,0.0,0.0,32.3,22.8,18.2
2020-04-06,Santacruz_IMD,19.1197,72.8468,0.0,0.0,0.0,30.9,23.1,17.4
2020-04-07,Santacruz_IMD,19.1197,72.8468,0.0,0.0,0.0,30.9,23.6,16.4
2020-04-08,Santacruz_IMD,19.1197,72.8468,0.0,0.0,0.0,31.1,22.8,18.5
2020-04-09,Santacruz_IMD,19.1197,72.8468,0.0,0.0,0.0,31.3,22.5,23.5
2020-04-10,Santacruz_IMD,19.1197,72.8468,0.0,0.0,0.0,31.8,23.1,23.0
2020-04-11,Santacruz_IMD,19.1197,72.8468,0.0,0.0,0.0,33.4,24.6,20.1
2020-04-12,Santacruz_IMD,19.1197,72.8468,0.0,0.0,0.0,33.3,25.6,18.4
2020-04-13,Santacruz_IMD,19.1197,72.8468,0.0,0.0,0.0,33.2,25.3,19.0
2020-04-14,Santacruz_IMD,19.1197,72.8468,0.0,0.0,0.0,34.4,24.9,22.4
2020-04-15,Santacruz_IMD,19.1197,72.8468,0.0,0.0,0.0,34.5,25.5,20.3
2020-04-16,Santacruz_IMD,19.1197,72.8468,0.0,0.0,0.0,32.3,26.6,18.6
2020-04-17,Santacruz_IMD,19.1197,72.8468,0.0,0.0,0.0,32.1,26.9,18.3
2020-04-18,Santacruz_IMD,19.1197,72.8468,0.0,0.0,0.0,33.4,26.0,20.8
2020-04-19,Santacruz_IMD,19.1197,72.8468,0.0,0.0,0.0,34.0,26.8,22.8
2020-04-20,Santacruz_IMD,19.1197,72.8468,0.0,0.0,0.0,36.7,25.5,24.8
2020-04-21,Santacruz_IMD,19.1197,72.8468,0.0,0.0,0.0,33.4,24.5,19.2
2020-04-22,Santacruz_IMD,19.1197,72.8468,0.0,0.0,0.0,32.3,25.1,22.3
2020-04-23,Santacruz_IMD,19.1197,72.8468,0.0,0.0,0.0,33.0,26.7,20.2
2020-04-24,Santacruz_IMD,19.1197,72.8468,0.0,0.0,0.0,33.1,25.4,19.9
2020-04-25,Santacruz_IMD,19.1197,72.8468,0.0,0.0,0.0,32.7,26.2,17.5
2020-04-26,Santacruz_IMD,19.1197,72.8468,0.0,0.0,0.0,32.3,24.5,23.1
2020-04-27,Santacruz_IMD,19.1197,72.8468,0.1,0.1,1.0,32.1,25.8,21.3
2020-04-28,Santacruz_IMD,19.1197,72.8468,0.0,0.0,0.0,33.5,25.3,27.2
2020-04-29,Santacruz_IMD,19.1197,72.8468,0.0,0.0,0.0,33.4,26.1,18.5
2020-04-30,Santacruz_IMD,19.1197,72.8468,0.0,0.0,0.0,32.5,27.8,18.1
2020-05-01,Santacruz_IMD,19.1197,72.8468,0.1,0.1,1.0,32.6,28.3,18.3
2020-05-02,Santacruz_IMD,19.1197,72.8468,0.0,0.0,0.0,32.8,27.4,21.7
2020-05-03,Santacruz_IMD,19.1197,72.8468,0.0,0.0,0.0,32.8,27.7,20.8
2020-05-04,Santacruz_IMD,19.1197,72.8468,0.0,0.0,0.0,32.5,25.8,20.0
2020-05-05,Santacruz_IMD,19.1197,72.8468,0.0,0.0,0.0,33.0,26.1,22.8
2020-05-06,Santacruz_IMD,19.1197,72.8468,0.0,0.0,0.0,34.0,26.6,23.0
2020-05-07,Santacruz_IMD,19.1197,72.8468,0.0,0.0,0.0,32.7,25.4,20.5
2020-05-08,Santacruz_IMD,19.1197,72.8468,0.0,0.0,0.0,32.8,26.5,18.8
2020-05-09,Santacruz_IMD,19.1197,72.8468,0.0,0.0,0.0,32.6,27.3,20.6
2020-05-10,Santacruz_IMD,19.1197,72.8468,0.0,0.0,0.0,33.4,26.4,23.5
2020-05-11,Santacruz_IMD,19.1197,72.8468,0.0,0.0,0.0,34.1,26.7,23.0
2020-05-12,Santacruz_IMD,19.1197,72.8468,0.0,0.0,0.0,33.2,26.1,20.8
2020-05-13,Santacruz_IMD,19.1197,72.8468,0.0,0.0,0.0,33.1,26.3,20.1
2020-05-14,Santacruz_IMD,19.1197,72.8468,0.0,0.0,0.0,33.3,26.9,24.3
2020-05-15,Santacruz_IMD,19.1197,72.8468,0.0,0.0,0.0,33.3,27.9,23.6
2020-05-16,Santacruz_IMD,19.1197,72.8468,0.0,0.0,0.0,32.6,28.4,19.1
2020-05-17,Santacruz_IMD,19.1197,72.8468,0.0,0.0,0.0,32.9,27.8,21.7
2020-05-18,Santacruz_IMD,19.1197,72.8468,0.0,0.0,0.0,32.6,28.6,23.0
2020-05-19,Santacruz_IMD,19.1197,72.8468,0.1,0.1,1.0,32.5,28.1,19.4
2020-05-20,Santacruz_IMD,19.1197,72.8468,0.0,0.0,0.0,32.6,27.8,17.4
2020-05-21,Santacruz_IMD,19.1197,72.8468,0.0,0.0,0.0,32.8,27.8,18.6
2020-05-22,Santacruz_IMD,19.1197,72.8468,0.0,0.0,0.0,32.8,27.2,17.7
2020-05-23,Santacruz_IMD,19.1197,72.8468,0.0,0.0,0.0,33.2,26.3,22.1
2020-05-24,Santacruz_IMD,19.1197,72.8468,0.0,0.0,0.0,32.9,28.1,21.3
2020-05-25,Santacruz_IMD,19.1197,72.8468,0.2,0.2,2.0,32.9,28.1,18.9
2020-05-26,Santacruz_IMD,19.1197,72.8468,0.0,0.0,0.0,32.9,28.0,18.0
2020-05-27,Santacruz_IMD,19.1197,72.8468,0.2,0.2,2.0,33.0,28.2,17.5
2020-05-28,Santacruz_IMD,19.1197,72.8468,0.0,0.0,0.0,32.9,28.4,17.7
2020-05-29,Santacruz_IMD,19.1197,72.8468,0.3,0.3,3.0,33.6,28.5,18.7
2020-05-30,Santacruz_IMD,19.1197,72.8468,0.4,0.4,2.0,33.6,27.6,17.5
2020-05-31,Santacruz_IMD,19.1197,72.8468,0.3,0.3,2.0,34.6,28.2,23.4
2020-06-01,Santacruz_IMD,19.1197,72.8468,6.9,6.9,10.0,31.2,27.1,13.8
2020-06-02,Santacruz_IMD,19.1197,72.8468,11.6,11.6,19.0,30.1,25.9,19.7
2020-06-03,Santacruz_IMD,19.1197,72.8468,144.5,144.5,24.0,28.5,25.2,58.6
2020-06-04,Santacruz_IMD,19.1197,72.8468,10.0,10.0,17.0,29.1,26.7,21.5
2020-06-05,Santacruz_IMD,19.1197,72.8468,7.9,7.9,20.0,29.8,26.2,25.2
2020-06-06,Santacruz_IMD,19.1197,72.8468,8.2,8.2,23.0,29.0,25.7,23.3
2020-06-07,Santacruz_IMD,19.1197,72.8468,5.4,5.4,21.0,28.9,26.0,23.3
2020-06-08,Santacruz_IMD,19.1197,72.8468,8.0,8.0,19.0,28.5,25.7,19.3
2020-06-09,Santacruz_IMD,19.1197,72.8468,4.8,4.8,24.0,29.1,26.2,14.5
2020-06-10,Santacruz_IMD,19.1197,72.8468,9.7,9.7,22.0,29.9,26.6,14.6
2020-06-11,Santacruz_IMD,19.1197,72.8468,8.1,8.1,23.0,29.0,26.5,15.3
2020-06-12,Santacruz_IMD,19.1197,72.8468,4.2,4.2,20.0,28.8,26.4,12.8
2020-06-13,Santacruz_IMD,19.1197,72.8468,12.0,12.0,18.0,28.5,26.0,13.3
2020-06-14,Santacruz_IMD,19.1197,72.8468,4.6,4.6,20.0,29.8,26.0,15.6
2020-06-15,Santacruz_IMD,19.1197,72.8468,19.4,19.4,24.0,29.7,26.5,14.8
2020-06-16,Santacruz_IMD,19.1197,72.8468,27.9,27.9,23.0,28.4,26.5,15.5
2020-06-17,Santacruz_IMD,19.1197,72.8468,18.9,18.9,21.0,28.7,25.8,20.6
2020-06-18,Santacruz_IMD,19.1197,72.8468,30.1,30.1,24.0,28.2,25.9,27.2
2020-06-19,Santacruz_IMD,19.1197,72.8468,5.3,5.3,22.0,28.9,26.5,20.5
2020-06-20,Santacruz_IMD,19.1197,72.8468,4.9,4.9,23.0,29.0,26.8,19.4
2020-06-21,Santacruz_IMD,19.1197,72.8468,9.9,9.9,24.0,28.4,26.1,19.1
2020-06-22,Santacruz_IMD,19.1197,72.8468,5.8,5.8,21.0,28.7,26.0,20.5
2020-06-23,Santacruz_IMD,19.1197,72.8468,4.9,4.9,21.0,29.1,25.9,28.0
2020-06-24,Santacruz_IMD,19.1197,72.8468,3.0,3.0,17.0,29.3,26.0,21.7
2020-06-25,Santacruz_IMD,19.1197,72.8468,10.2,10.2,16.0,30.0,26.2,18.1
2020-06-26,Santacruz_IMD,19.1197,72.8468,10.5,10.5,19.0,29.6,26.6,12.7
2020-06-27,Santacruz_IMD,19.1197,72.8468,5.2,5.2,16.0,29.9,26.8,15.9
2020-06-28,Santacruz_IMD,19.1197,72.8468,14.9,14.9,21.0,30.2,26.4,18.2
2020-06-29,Santacruz_IMD,19.1197,72.8468,17.9,17.9,24.0,28.2,26.2,11.6
2020-06-30,Santacruz_IMD,19.1197,72.8468,18.2,18.2,22.0,28.3,26.4,18.1
2020-07-01,Santacruz_IMD,19.1197,72.8468,12.3,12.3,23.0,28.6,26.1,22.5
2020-07-02,Santacruz_IMD,19.1197,72.8468,18.1,18.1,24.0,29.4,26.0,20.8
2020-07-03,Santacruz_IMD,19.1197,72.8468,34.2,34.2,24.0,29.4,26.2,20.2
2020-07-04,Santacruz_IMD,19.1197,72.8468,169.8,169.8,24.0,27.4,26.0,35.5
2020-07-05,Santacruz_IMD,19.1197,72.8468,59.5,59.5,24.0,28.2,26.3,28.9
2020-07-06,Santacruz_IMD,19.1197,72.8468,24.9,24.9,24.0,28.9,26.1,37.7
2020-07-07,Santacruz_IMD,19.1197,72.8468,41.8,41.8,24.0,28.1,26.2,28.2
2020-07-08,Santacruz_IMD,19.1197,72.8468,26.4,26.4,24.0,28.2,25.7,24.7
2020-07-09,Santacruz_IMD,19.1197,72.8468,10.7,10.7,24.0,28.0,26.3,20.9
2020-07-10,Santacruz_IMD,19.1197,72.8468,12.3,12.3,24.0,28.4,26.1,23.5
2020-07-11,Santacruz_IMD,19.1197,72.8468,10.9,10.9,23.0,27.9,25.6,23.7
2020-07-12,Santacruz_IMD,19.1197,72.8468,19.3,19.3,24.0,28.0,25.8,19.0
2020-07-13,Santacruz_IMD,19.1197,72.8468,34.6,34.6,24.0,27.9,25.8,18.2
2020-07-14,Santacruz_IMD,19.1197,72.8468,35.7,35.7,24.0,28.4,25.8,15.9
2020-07-15,Santacruz_IMD,19.1197,72.8468,45.5,45.5,24.0,27.3,25.7,19.8
2020-07-16,Santacruz_IMD,19.1197,72.8468,45.8,45.8,24.0,27.5,25.6,28.0
2020-07-17,Santacruz_IMD,19.1197,72.8468,22.7,22.7,24.0,28.0,25.7,30.1
2020-07-18,Santacruz_IMD,19.1197,72.8468,11.7,11.7,24.0,28.0,25.9,26.1
2020-07-19,Santacruz_IMD,19.1197,72.8468,6.3,6.3,23.0,28.8,25.7,18.2
2020-07-20,Santacruz_IMD,19.1197,72.8468,5.5,5.5,23.0,28.1,26.3,14.3
2020-07-21,Santacruz_IMD,19.1197,72.8468,5.9,5.9,23.0,28.7,26.0,16.2
2020-07-22,Santacruz_IMD,19.1197,72.8468,2.7,2.7,16.0,29.2,26.3,14.8
2020-07-23,Santacruz_IMD,19.1197,72.8468,5.2,5.2,19.0,28.9,26.1,9.7
2020-07-24,Santacruz_IMD,19.1197,72.8468,18.9,18.9,22.0,27.8,26.1,11.5
2020-07-25,Santacruz_IMD,19.1197,72.8468,7.6,7.6,18.0,28.3,25.9,17.1
2020-07-26,Santacruz_IMD,19.1197,72.8468,10.8,10.8,18.0,28.7,25.4,18.7
2020-07-27,Santacruz_IMD,19.1197,72.8468,21.4,21.4,24.0,28.6,25.3,17.2
2020-07-28,Santacruz_IMD,19.1197,72.8468,7.5,7.5,20.0,28.4,25.9,14.8
2020-07-29,Santacruz_IMD,19.1197,72.8468,27.4,27.4,24.0,28.7,25.9,14.9
2020-07-30,Santacruz_IMD,19.1197,72.8468,107.7,107.7,24.0,28.0,25.5,15.9
2020-07-31,Santacruz_IMD,19.1197,72.8468,9.2,9.2,20.0,28.8,26.1,15.4
2020-08-01,Santacruz_IMD,19.1197,72.8468,3.1,3.1,14.0,29.2,25.9,20.0
2020-08-02,Santacruz_IMD,19.1197,72.8468,1.7,1.7,9.0,29.6,26.2,26.8
2020-08-03,Santacruz_IMD,19.1197,72.8468,37.3,37.3,24.0,28.0,26.1,34.4
2020-08-04,Santacruz_IMD,19.1197,72.8468,153.3,153.3,24.0,27.3,26.5,45.9
2020-08-05,Santacruz_IMD,19.1197,72.8468,144.1,144.1,24.0,26.9,26.0,40.2
2020-08-06,Santacruz_IMD,19.1197,72.8468,55.4,55.4,24.0,28.2,26.5,48.1
2020-08-07,Santacruz_IMD,19.1197,72.8468,12.5,12.5,24.0,28.4,26.2,32.1
2020-08-08,Santacruz_IMD,19.1197,72.8468,8.9,8.9,24.0,28.9,25.9,30.4
2020-08-09,Santacruz_IMD,19.1197,72.8468,5.0,5.0,20.0,28.5,25.8,23.1
2020-08-10,Santacruz_IMD,19.1197,72.8468,15.0,15.0,24.0,27.1,25.5,17.4
2020-08-11,Santacruz_IMD,19.1197,72.8468,27.5,27.5,24.0,26.9,25.4,19.9
2020-08-12,Santacruz_IMD,19.1197,72.8468,27.5,27.5,24.0,27.6,25.6,25.1
2020-08-13,Santacruz_IMD,19.1197,72.8468,28.5,28.5,24.0,27.4,25.6,26.7
2020-08-14,Santacruz_IMD,19.1197,72.8468,57.1,57.1,24.0,26.3,25.4,27.6
2020-08-15,Santacruz_IMD,19.1197,72.8468,48.6,48.6,24.0,26.8,25.4,25.6
2020-08-16,Santacruz_IMD,19.1197,72.8468,34.6,34.6,24.0,27.3,25.8,23.9
2020-08-17,Santacruz_IMD,19.1197,72.8468,33.4,33.4,24.0,26.5,25.3,23.2
2020-08-18,Santacruz_IMD,19.1197,72.8468,17.5,17.5,24.0,26.7,25.4,22.5
2020-08-19,Santacruz_IMD,19.1197,72.8468,12.1,12.1,24.0,28.3,25.4,27.1
2020-08-20,Santacruz_IMD,19.1197,72.8468,36.8,36.8,24.0,27.4,25.4,20.8
2020-08-21,Santacruz_IMD,19.1197,72.8468,42.8,42.8,24.0,27.2,25.2,22.8
2020-08-22,Santacruz_IMD,19.1197,72.8468,14.1,14.1,24.0,27.5,25.6,24.6
2020-08-23,Santacruz_IMD,19.1197,72.8468,8.6,8.6,24.0,27.9,25.3,27.2
2020-08-24,Santacruz_IMD,19.1197,72.8468,8.0,8.0,23.0,28.7,25.5,27.9
2020-08-25,Santacruz_IMD,19.1197,72.8468,3.6,3.6,23.0,28.6,25.8,25.8
2020-08-26,Santacruz_IMD,19.1197,72.8468,4.7,4.7,22.0,28.9,25.5,21.7
2020-08-27,Santacruz_IMD,19.1197,72.8468,9.8,9.8,24.0,27.4,25.2,17.6
2020-08-28,Santacruz_IMD,19.1197,72.8468,29.7,29.7,24.0,26.9,25.3,20.1
2020-08-29,Santacruz_IMD,19.1197,72.8468,34.5,34.5,24.0,26.0,25.1,21.0
2020-08-30,Santacruz_IMD,19.1197,72.8468,21.6,21.6,24.0,26.5,25.3,24.1
2020-08-31,Santacruz_IMD,19.1197,72.8468,14.4,14.4,24.0,27.3,25.1,21.8
2020-09-01,Santacruz_IMD,19.1197,72.8468,3.7,3.7,22.0,27.9,24.9,13.0
2020-09-02,Santacruz_IMD,19.1197,72.8468,2.4,2.4,12.0,29.1,25.4,18.3
2020-09-03,Santacruz_IMD,19.1197,72.8468,1.2,1.2,7.0,29.7,25.8,15.0
2020-09-04,Santacruz_IMD,19.1197,72.8468,3.3,3.3,6.0,30.9,25.6,13.2
2020-09-05,Santacruz_IMD,19.1197,72.8468,0.6,0.6,4.0,30.3,25.3,13.5
2020-09-06,Santacruz_IMD,19.1197,72.8468,10.1,10.1,11.0,30.2,26.9,13.6
2020-09-07,Santacruz_IMD,19.1197,72.8468,2.7,2.7,9.0,28.8,26.3,19.8
2020-09-08,Santacruz_IMD,19.1197,72.8468,12.4,12.4,15.0,29.3,25.1,14.3
2020-09-09,Santacruz_IMD,19.1197,72.8468,5.1,5.1,8.0,29.8,26.5,14.3
2020-09-10,Santacruz_IMD,19.1197,72.8468,4.8,4.8,8.0,29.1,25.9,12.5
2020-09-11,Santacruz_IMD,19.1197,72.8468,27.5,27.5,19.0,28.7,26.1,13.4
2020-09-12,Santacruz_IMD,19.1197,72.8468,5.4,5.4,15.0,28.8,25.3,39.3
2020-09-13,Santacruz_IMD,19.1197,72.8468,6.4,6.4,20.0,28.1,26.1,25.2
2020-09-14,Santacruz_IMD,19.1197,72.8468,7.7,7.7,23.0,28.2,25.8,13.3
2020-09-15,Santacruz_IMD,19.1197,72.8468,8.7,8.7,20.0,28.2,25.2,12.0
2020-09-16,Santacruz_IMD,19.1197,72.8468,9.3,9.3,20.0,28.1,25.0,11.7
2020-09-17,Santacruz_IMD,19.1197,72.8468,10.6,10.6,19.0,27.9,25.7,14.9
2020-09-18,Santacruz_IMD,19.1197,72.8468,12.4,12.4,18.0,27.7,25.4,10.0
2020-09-19,Santacruz_IMD,19.1197,72.8468,4.4,4.4,12.0,29.0,25.3,13.5
2020-09-20,Santacruz_IMD,19.1197,72.8468,4.7,4.7,15.0,29.0,25.5,17.5
2020-09-21,Santacruz_IMD,19.1197,72.8468,16.3,16.3,14.0,29.7,25.7,13.8
2020-09-22,Santacruz_IMD,19.1197,72.8468,17.6,17.6,24.0,28.8,25.9,14.6
2020-09-23,Santacruz_IMD,19.1197,72.8468,150.2,150.2,23.0,26.7,25.5,31.5
2020-09-24,Santacruz_IMD,19.1197,72.8468,7.8,7.8,20.0,28.7,25.5,14.3
2020-09-25,Santacruz_IMD,19.1197,72.8468,6.4,6.4,21.0,28.1,25.9,16.9
2020-09-26,Santacruz_IMD,19.1197,72.8468,2.5,2.5,13.0,29.2,25.5,15.6
2020-09-27,Santacruz_IMD,19.1197,72.8468,2.5,2.5,14.0,27.7,25.0,11.9
2020-09-28,Santacruz_IMD,19.1197,72.8468,3.0,3.0,18.0,28.0,25.0,11.5
2020-09-29,Santacruz_IMD,19.1197,72.8468,0.9,0.9,6.0,28.6,24.8,13.4
2020-09-30,Santacruz_IMD,19.1197,72.8468,1.2,1.2,6.0,28.7,24.7,15.1
2020-10-01,Santacruz_IMD,19.1197,72.8468,1.8,1.8,9.0,29.0,24.7,15.3
2020-10-02,Santacruz_IMD,19.1197,72.8468,1.5,1.5,8.0,29.6,25.5,15.0
2020-10-03,Santacruz_IMD,19.1197,72.8468,2.8,2.8,9.0,29.3,25.0,13.8
2020-10-04,Santacruz_IMD,19.1197,72.8468,9.0,9.0,14.0,27.8,25.4,12.0
2020-10-05,Santacruz_IMD,19.1197,72.8468,2.3,2.3,12.0,28.4,25.2,13.6
2020-10-06,Santacruz_IMD,19.1197,72.8468,0.7,0.7,3.0,30.3,24.6,16.1
2020-10-07,Santacruz_IMD,19.1197,72.8468,0.7,0.7,2.0,30.3,25.4,15.4
2020-10-08,Santacruz_IMD,19.1197,72.8468,0.0,0.0,0.0,30.9,26.6,14.3
2020-10-09,Santacruz_IMD,19.1197,72.8468,0.9,0.9,3.0,31.8,26.6,15.0
2020-10-10,Santacruz_IMD,19.1197,72.8468,7.2,7.2,11.0,30.5,26.5,14.3
2020-10-11,Santacruz_IMD,19.1197,72.8468,3.3,3.3,11.0,29.4,26.6,9.1
2020-10-12,Santacruz_IMD,19.1197,72.8468,2.9,2.9,8.0,30.3,26.0,10.8
2020-10-13,Santacruz_IMD,19.1197,72.8468,5.0,5.0,6.0,30.6,26.1,9.6
2020-10-14,Santacruz_IMD,19.1197,72.8468,6.8,6.8,7.0,29.6,26.1,10.1
2020-10-15,Santacruz_IMD,19.1197,72.8468,28.4,28.4,19.0,30.9,25.8,16.0
2020-10-16,Santacruz_IMD,19.1197,72.8468,0.3,0.3,2.0,30.4,25.9,24.0
2020-10-17,Santacruz_IMD,19.1197,72.8468,1.1,1.1,6.0,29.9,26.0,23.1
2020-10-18,Santacruz_IMD,19.1197,72.8468,0.4,0.4,3.0,28.9,26.0,16.1
2020-10-19,Santacruz_IMD,19.1197,72.8468,4.8,4.8,17.0,29.1,25.5,14.2
2020-10-20,Santacruz_IMD,19.1197,72.8468,4.6,4.6,12.0,30.0,25.2,14.5
2020-10-21,Santacruz_IMD,19.1197,72.8468,8.7,8.7,10.0,30.5,25.3,13.8
2020-10-22,Santacruz_IMD,19.1197,72.8468,15.4,15.4,14.0,29.4,24.6,15.5
2020-10-23,Santacruz_IMD,19.1197,72.8468,1.3,1.3,7.0,30.1,24.4,11.6
2020-10-24,Santacruz_IMD,19.1197,72.8468,2.8,2.8,10.0,28.4,25.8,10.4
2020-10-25,Santacruz_IMD,19.1197,72.8468,3.9,3.9,9.0,29.2,24.8,12.0
2020-10-26,Santacruz_IMD,19.1197,72.8468,0.0,0.0,0.0,31.0,25.4,14.3
2020-10-27,Santacruz_IMD,19.1197,72.8468,0.0,0.0,0.0,31.1,24.7,12.4
2020-10-28,Santacruz_IMD,19.1197,72.8468,0.0,0.0,0.0,31.6,23.6,11.2
2020-10-29,Santacruz_IMD,19.1197,72.8468,0.0,0.0,0.0,30.2,23.4,11.8
2020-10-30,Santacruz_IMD,19.1197,72.8468,0.0,0.0,0.0,31.2,22.8,13.0
2020-10-31,Santacruz_IMD,19.1197,72.8468,0.0,0.0,0.0,30.8,21.5,13.2
2020-11-01,Santacruz_IMD,19.1197,72.8468,0.0,0.0,0.0,30.7,22.8,13.0
2020-11-02,Santacruz_IMD,19.1197,72.8468,0.0,0.0,0.0,32.0,23.6,10.7
2020-11-03,Santacruz_IMD,19.1197,72.8468,0.0,0.0,0.0,33.1,24.0,14.5
2020-11-04,Santacruz_IMD,19.1197,72.8468,0.0,0.0,0.0,32.7,23.0,13.0
2020-11-05,Santacruz_IMD,19.1197,72.8468,0.0,0.0,0.0,33.0,22.4,13.1
2020-11-06,Santacruz_IMD,19.1197,72.8468,0.0,0.0,0.0,32.8,22.4,16.2
2020-11-07,Santacruz_IMD,19.1197,72.8468,0.0,0.0,0.0,33.1,21.4,15.5
2020-11-08,Santacruz_IMD,19.1197,72.8468,0.0,0.0,0.0,33.7,23.1,13.6
2020-11-09,Santacruz_IMD,19.1197,72.8468,0.0,0.0,0.0,32.3,22.1,13.3
2020-11-10,Santacruz_IMD,19.1197,72.8468,0.0,0.0,0.0,32.4,20.3,14.3
2020-11-11,Santacruz_IMD,19.1197,72.8468,0.0,0.0,0.0,32.0,20.2,17.3
2020-11-12,Santacruz_IMD,19.1197,72.8468,0.0,0.0,0.0,31.9,20.1,15.4
2020-11-13,Santacruz_IMD,19.1197,72.8468,0.0,0.0,0.0,32.5,20.4,17.2
2020-11-14,Santacruz_IMD,19.1197,72.8468,0.0,0.0,0.0,33.4,22.7,14.9
2020-11-15,Santacruz_IMD,19.1197,72.8468,0.0,0.0,0.0,32.3,24.2,14.8
2020-11-16,Santacruz_IMD,19.1197,72.8468,0.0,0.0,0.0,33.1,24.2,18.3
2020-11-17,Santacruz_IMD,19.1197,72.8468,0.0,0.0,0.0,33.9,25.2,18.4
2020-11-18,Santacruz_IMD,19.1197,72.8468,0.1,0.1,1.0,30.8,24.4,12.5
2020-11-19,Santacruz_IMD,19.1197,72.8468,0.0,0.0,0.0,32.2,25.4,18.0
2020-11-20,Santacruz_IMD,19.1197,72.8468,0.0,0.0,0.0,31.1,24.3,16.3
2020-11-21,Santacruz_IMD,19.1197,72.8468,0.0,0.0,0.0,31.0,22.6,16.4
2020-11-22,Santacruz_IMD,19.1197,72.8468,0.0,0.0,0.0,30.9,21.1,16.7
2020-11-23,Santacruz_IMD,19.1197,72.8468,0.0,0.0,0.0,30.6,21.2,17.6
2020-11-24,Santacruz_IMD,19.1197,72.8468,0.0,0.0,0.0,31.0,21.7,16.0
2020-11-25,Santacruz_IMD,19.1197,72.8468,0.0,0.0,0.0,31.0,22.8,17.4
2020-11-26,Santacruz_IMD,19.1197,72.8468,0.0,0.0,0.0,31.4,21.3,21.5
2020-11-27,Santacruz_IMD,19.1197,72.8468,0.0,0.0,0.0,33.0,23.5,22.6
2020-11-28,Santacruz_IMD,19.1197,72.8468,0.0,0.0,0.0,32.3,23.2,15.6
2020-11-29,Santacruz_IMD,19.1197,72.8468,0.0,0.0,0.0,31.6,24.3,14.3
2020-11-30,Santacruz_IMD,19.1197,72.8468,0.0,0.0,0.0,32.0,22.9,16.0
2020-12-01,Santacruz_IMD,19.1197,72.8468,0.0,0.0,0.0,33.1,24.4,16.8
2020-12-02,Santacruz_IMD,19.1197,72.8468,0.0,0.0,0.0,32.8,23.6,19.5
2020-12-03,Santacruz_IMD,19.1197,72.8468,0.0,0.0,0.0,32.5,21.5,17.3
2020-12-04,Santacruz_IMD,19.1197,72.8468,0.0,0.0,0.0,32.4,20.3,14.0
2020-12-05,Santacruz_IMD,19.1197,72.8468,0.0,0.0,0.0,32.8,19.3,14.3
2020-12-06,Santacruz_IMD,19.1197,72.8468,0.0,0.0,0.0,32.9,20.1,15.3
2020-12-07,Santacruz_IMD,19.1197,72.8468,0.0,0.0,0.0,33.4,20.3,17.2
2020-12-08,Santacruz_IMD,19.1197,72.8468,0.0,0.0,0.0,33.0,20.7,15.3
2020-12-09,Santacruz_IMD,19.1197,72.8468,0.0,0.0,0.0,32.7,21.7,14.7
2020-12-10,Santacruz_IMD,19.1197,72.8468,0.0,0.0,0.0,31.0,24.3,14.5
2020-12-11,Santacruz_IMD,19.1197,72.8468,1.0,1.0,4.0,28.0,24.4,15.0
2020-12-12,Santacruz_IMD,19.1197,72.8468,1.3,1.3,8.0,30.4,23.0,17.7
2020-12-13,Santacruz_IMD,19.1197,72.8468,0.0,0.0,0.0,28.9,22.6,15.4
2020-12-14,Santacruz_IMD,19.1197,72.8468,22.5,22.5,11.0,27.4,22.6,11.2
2020-12-15,Santacruz_IMD,19.1197,72.8468,0.0,0.0,0.0,29.3,21.9,21.0
2020-12-16,Santacruz_IMD,19.1197,72.8468,0.0,0.0,0.0,29.3,21.9,19.4
2020-12-17,Santacruz_IMD,19.1197,72.8468,0.0,0.0,0.0,30.2,21.5,19.5
2020-12-18,Santacruz_IMD,19.1197,72.8468,0.0,0.0,0.0,30.8,21.2,15.3
2020-12-19,Santacruz_IMD,19.1197,72.8468,0.0,0.0,0.0,31.9,20.6,18.4
2020-12-20,Santacruz_IMD,19.1197,72.8468,0.0,0.0,0.0,31.0,21.1,17.9
2020-12-21,Santacruz_IMD,19.1197,72.8468,0.0,0.0,0.0,31.2,18.8,16.9
2020-12-22,Santacruz_IMD,19.1197,72.8468,0.0,0.0,0.0,30.9,17.2,14.1
2020-12-23,Santacruz_IMD,19.1197,72.8468,0.0,0.0,0.0,29.4,16.5,13.0
2020-12-24,Santacruz_IMD,19.1197,72.8468,0.0,0.0,0.0,31.0,17.4,16.4
2020-12-25,Santacruz_IMD,19.1197,72.8468,0.0,0.0,0.0,32.5,18.9,12.8
2020-12-26,Santacruz_IMD,19.1197,72.8468,0.0,0.0,0.0,31.5,19.8,14.3
2020-12-27,Santacruz_IMD,19.1197,72.8468,0.0,0.0,0.0,30.0,20.8,20.9
2020-12-28,Santacruz_IMD,19.1197,72.8468,0.0,0.0,0.0,28.3,19.7,23.1
2020-12-29,Santacruz_IMD,19.1197,72.8468,0.0,0.0,0.0,27.5,16.5,18.7
2020-12-30,Santacruz_IMD,19.1197,72.8468,0.0,0.0,0.0,28.7,18.3,20.4
2020-12-31,Santacruz_IMD,19.1197,72.8468,0.0,0.0,0.0,32.0,19.1,15.3
2021-01-01,Santacruz_IMD,19.1197,72.8468,0.0,0.0,0.0,31.7,20.8,17.3
2021-01-02,Santacruz_IMD,19.1197,72.8468,0.0,0.0,0.0,28.9,22.6,16.2
2021-01-03,Santacruz_IMD,19.1197,72.8468,0.0,0.0,0.0,28.3,21.5,18.0
2021-01-04,Santacruz_IMD,19.1197,72.8468,0.0,0.0,0.0,28.0,21.2,16.6
2021-01-05,Santacruz_IMD,19.1197,72.8468,0.4,0.4,3.0,28.4,21.2,20.9
2021-01-06,Santacruz_IMD,19.1197,72.8468,0.0,0.0,0.0,29.1,21.6,21.8
2021-01-07,Santacruz_IMD,19.1197,72.8468,0.2,0.2,1.0,29.4,21.6,17.6
2021-01-08,Santacruz_IMD,19.1197,72.8468,2.8,2.8,10.0,28.9,22.9,11.5
2021-01-09,Santacruz_IMD,19.1197,72.8468,0.2,0.2,1.0,30.3,22.9,16.1
2021-01-10,Santacruz_IMD,19.1197,72.8468,0.0,0.0,0.0,31.0,23.9,14.3
2021-01-11,Santacruz_IMD,19.1197,72.8468,0.0,0.0,0.0,31.3,23.8,16.1
2021-01-12,Santacruz_IMD,19.1197,72.8468,0.0,0.0,0.0,32.7,24.0,20.7
2021-01-13,Santacruz_IMD,19.1197,72.8468,0.0,0.0,0.0,32.2,22.5,18.9
2021-01-14,Santacruz_IMD,19.1197,72.8468,0.0,0.0,0.0,30.5,21.5,20.1
2021-01-15,Santacruz_IMD,19.1197,72.8468,0.0,0.0,0.0,28.3,20.3,19.1
2021-01-16,Santacruz_IMD,19.1197,72.8468,0.0,0.0,0.0,28.4,18.2,18.6
2021-01-17,Santacruz_IMD,19.1197,72.8468,0.0,0.0,0.0,28.2,19.0,14.7
2021-01-18,Santacruz_IMD,19.1197,72.8468,0.0,0.0,0.0,28.8,20.4,18.1
2021-01-19,Santacruz_IMD,19.1197,72.8468,0.0,0.0,0.0,29.9,21.0,17.2
2021-01-20,Santacruz_IMD,19.1197,72.8468,0.0,0.0,0.0,30.4,20.1,18.1
2021-01-21,Santacruz_IMD,19.1197,72.8468,0.0,0.0,0.0,28.8,19.5,17.6
2021-01-22,Santacruz_IMD,19.1197,72.8468,0.0,0.0,0.0,29.7,18.3,18.6
2021-01-23,Santacruz_IMD,19.1197,72.8468,0.0,0.0,0.0,30.6,20.0,20.1
2021-01-24,Santacruz_IMD,19.1197,72.8468,0.0,0.0,0.0,29.4,19.2,19.6
2021-01-25,Santacruz_IMD,19.1197,72.8468,0.0,0.0,0.0,29.0,16.7,19.1
2021-01-26,Santacruz_IMD,19.1197,72.8468,0.0,0.0,0.0,28.0,17.7,20.4
2021-01-27,Santacruz_IMD,19.1197,72.8468,0.0,0.0,0.0,27.1,16.9,18.4
2021-01-28,Santacruz_IMD,19.1197,72.8468,0.0,0.0,0.0,27.6,17.0,20.0
2021-01-29,Santacruz_IMD,19.1197,72.8468,0.0,0.0,0.0,28.2,16.7,17.9
2021-01-30,Santacruz_IMD,19.1197,72.8468,0.0,0.0,0.0,30.0,17.3,19.9
2021-01-31,Santacruz_IMD,19.1197,72.8468,0.0,0.0,0.0,30.9,17.9,19.2
2021-02-01,Santacruz_IMD,19.1197,72.8468,0.0,0.0,0.0,32.6,20.5,19.7
2021-02-02,Santacruz_IMD,19.1197,72.8468,0.0,0.0,0.0,32.9,21.5,17.9
2021-02-03,Santacruz_IMD,19.1197,72.8468,0.0,0.0,0.0,31.3,19.1,16.6
2021-02-04,Santacruz_IMD,19.1197,72.8468,0.0,0.0,0.0,30.2,20.1,21.1
2021-02-05,Santacruz_IMD,19.1197,72.8468,0.0,0.0,0.0,29.9,20.1,22.7
2021-02-06,Santacruz_IMD,19.1197,72.8468,0.0,0.0,0.0,31.4,19.3,21.3
2021-02-07,Santacruz_IMD,19.1197,72.8468,0.0,0.0,0.0,32.8,20.9,19.6
2021-02-08,Santacruz_IMD,19.1197,72.8468,0.0,0.0,0.0,32.7,18.7,22.0
2021-02-09,Santacruz_IMD,19.1197,72.8468,0.0,0.0,0.0,32.7,17.3,17.1
2021-02-10,Santacruz_IMD,19.1197,72.8468,0.0,0.0,0.0,30.9,17.5,18.4
2021-02-11,Santacruz_IMD,19.1197,72.8468,0.0,0.0,0.0,32.2,18.0,16.5
2021-02-12,Santacruz_IMD,19.1197,72.8468,0.0,0.0,0.0,30.3,19.3,19.5
2021-02-13,Santacruz_IMD,19.1197,72.8468,0.0,0.0,0.0,30.3,18.9,22.0
2021-02-14,Santacruz_IMD,19.1197,72.8468,0.0,0.0,0.0,30.2,20.1,21.8
2021-02-15,Santacruz_IMD,19.1197,72.8468,0.0,0.0,0.0,28.6,20.6,23.4
2021-02-16,Santacruz_IMD,19.1197,72.8468,0.0,0.0,0.0,27.8,20.4,24.2
2021-02-17,Santacruz_IMD,19.1197,72.8468,0.0,0.0,0.0,28.8,20.1,24.7
2021-02-18,Santacruz_IMD,19.1197,72.8468,1.0,1.0,3.0,31.4,20.5,15.6
2021-02-19,Santacruz_IMD,19.1197,72.8468,0.1,0.1,1.0,32.0,21.5,19.0
2021-02-20,Santacruz_IMD,19.1197,72.8468,0.0,0.0,0.0,32.4,20.3,25.3
2021-02-21,Santacruz_IMD,19.1197,72.8468,0.0,0.0,0.0,34.0,22.0,21.3
2021-02-22,Santacruz_IMD,19.1197,72.8468,0.0,0.0,0.0,33.1,22.3,20.5
2021-02-23,Santacruz_IMD,19.1197,72.8468,0.0,0.0,0.0,31.7,21.8,18.7
2021-02-24,Santacruz_IMD,19.1197,72.8468,0.0,0.0,0.0,33.1,21.8,19.4
2021-02-25,Santacruz_IMD,19.1197,72.8468,0.0,0.0,0.0,33.1,23.0,24.0
2021-02-26,Santacruz_IMD,19.1197,72.8468,0.0,0.0,0.0,30.3,21.8,20.7
2021-02-27,Santacruz_IMD,19.1197,72.8468,0.0,0.0,0.0,31.2,20.8,24.2
2021-02-28,Santacruz_IMD,19.1197,72.8468,0.0,0.0,0.0,34.3,21.7,21.8
2021-03-01,Santacruz_IMD,19.1197,72.8468,0.0,0.0,0.0,35.1,24.0,23.2
2021-03-02,Santacruz_IMD,19.1197,72.8468,0.0,0.0,0.0,34.4,22.0,25.0
2021-03-03,Santacruz_IMD,19.1197,72.8468,0.0,0.0,0.0,36.3,22.3,21.9
2021-03-04,Santacruz_IMD,19.1197,72.8468,0.0,0.0,0.0,36.4,21.8,23.3
2021-03-05,Santacruz_IMD,19.1197,72.8468,0.0,0.0,0.0,36.6,21.8,19.2
2021-03-06,Santacruz_IMD,19.1197,72.8468,0.0,0.0,0.0,31.4,22.4,18.2
2021-03-07,Santacruz_IMD,19.1197,72.8468,0.0,0.0,0.0,32.9,21.0,19.9
2021-03-08,Santacruz_IMD,19.1197,72.8468,0.0,0.0,0.0,32.3,21.4,21.1
2021-03-09,Santacruz_IMD,19.1197,72.8468,0.0,0.0,0.0,34.9,22.7,24.2
2021-03-10,Santacruz_IMD,19.1197,72.8468,0.0,0.0,0.0,32.7,23.8,21.0
2021-03-11,Santacruz_IMD,19.1197,72.8468,0.0,0.0,0.0,31.0,22.7,23.2
2021-03-12,Santacruz_IMD,19.1197,72.8468,0.0,0.0,0.0,32.7,21.9,24.2
2021-03-13,Santacruz_IMD,19.1197,72.8468,0.0,0.0,0.0,35.7,24.4,21.3
2021-03-14,Santacruz_IMD,19.1197,72.8468,0.0,0.0,0.0,34.6,23.6,20.2
2021-03-15,Santacruz_IMD,19.1197,72.8468,0.0,0.0,0.0,34.6,24.0,23.7
2021-03-16,Santacruz_IMD,19.1197,72.8468,0.0,0.0,0.0,33.8,23.3,23.5
2021-03-17,Santacruz_IMD,19.1197,72.8468,0.0,0.0,0.0,34.7,23.0,23.2
2021-03-18,Santacruz_IMD,19.1197,72.8468,0.0,0.0,0.0,32.5,23.7,19.5
2021-03-19,Santacruz_IMD,19.1197,72.8468,0.0,0.0,0.0,32.2,23.4,24.2
2021-03-20,Santacruz_IMD,19.1197,72.8468,0.0,0.0,0.0,31.2,22.2,18.0
2021-03-21,Santacruz_IMD,19.1197,72.8468,0.0,0.0,0.0,32.0,22.2,15.6
2021-03-22,Santacruz_IMD,19.1197,72.8468,0.0,0.0,0.0,33.8,23.3,18.0
2021-03-23,Santacruz_IMD,19.1197,72.8468,0.0,0.0,0.0,33.9,23.6,23.7
2021-03-24,Santacruz_IMD,19.1197,72.8468,0.0,0.0,0.0,35.6,24.9,17.9
2021-03-25,Santacruz_IMD,19.1197,72.8468,0.0,0.0,0.0,38.3,25.0,25.3
2021-03-26,Santacruz_IMD,19.1197,72.8468,0.0,0.0,0.0,36.6,25.1,22.5
2021-03-27,Santacruz_IMD,19.1197,72.8468,0.0,0.0,0.0,38.6,24.4,24.2
2021-03-28,Santacruz_IMD,19.1197,72.8468,0.0,0.0,0.0,33.7,23.2,18.3
2021-03-29,Santacruz_IMD,19.1197,72.8468,0.0,0.0,0.0,32.5,24.4,24.3
2021-03-30,Santacruz_IMD,19.1197,72.8468,0.0,0.0,0.0,31.4,23.5,14.4
2021-03-31,Santacruz_IMD,19.1197,72.8468,0.0,0.0,0.0,30.9,22.2,19.2
2021-04-01,Santacruz_IMD,19.1197,72.8468,0.0,0.0,0.0,31.6,24.3,18.1
2021-04-02,Santacruz_IMD,19.1197,72.8468,0.1,0.1,1.0,31.0,24.2,16.0
2021-04-03,Santacruz_IMD,19.1197,72.8468,0.0,0.0,0.0,30.4,24.0,17.9
2021-04-04,Santacruz_IMD,19.1197,72.8468,0.0,0.0,0.0,31.0,24.4,21.1
2021-04-05,Santacruz_IMD,19.1197,72.8468,0.0,0.0,0.0,31.7,23.7,22.7
2021-04-06,Santacruz_IMD,19.1197,72.8468,0.0,0.0,0.0,33.9,23.8,24.7
2021-04-07,Santacruz_IMD,19.1197,72.8468,0.0,0.0,0.0,33.4,23.7,21.7
2021-04-08,Santacruz_IMD,19.1197,72.8468,0.0,0.0,0.0,31.5,24.5,18.2
2021-04-09,Santacruz_IMD,19.1197,72.8468,0.0,0.0,0.0,32.0,24.3,20.8
2021-04-10,Santacruz_IMD,19.1197,72.8468,0.0,0.0,0.0,32.3,24.0,18.8
2021-04-11,Santacruz_IMD,19.1197,72.8468,0.0,0.0,0.0,34.1,24.5,18.2
2021-04-12,Santacruz_IMD,19.1197,72.8468,0.0,0.0,0.0,33.4,24.9,19.2
2021-04-13,Santacruz_IMD,19.1197,72.8468,0.0,0.0,0.0,36.1,24.9,20.2
2021-04-14,Santacruz_IMD,19.1197,72.8468,0.0,0.0,0.0,35.4,27.0,18.8
2021-04-15,Santacruz_IMD,19.1197,72.8468,0.0,0.0,0.0,34.0,25.6,19.4
2021-04-16,Santacruz_IMD,19.1197,72.8468,0.0,0.0,0.0,32.1,24.5,23.5
2021-04-17,Santacruz_IMD,19.1197,72.8468,0.0,0.0,0.0,32.4,24.5,22.0
2021-04-18,Santacruz_IMD,19.1197,72.8468,0.0,0.0,0.0,34.3,24.8,19.5
2021-04-19,Santacruz_IMD,19.1197,72.8468,0.0,0.0,0.0,32.6,24.8,18.3
2021-04-20,Santacruz_IMD,19.1197,72.8468,0.0,0.0,0.0,32.1,25.6,14.9
2021-04-21,Santacruz_IMD,19.1197,72.8468,0.0,0.0,0.0,32.0,25.3,20.0
2021-04-22,Santacruz_IMD,19.1197,72.8468,0.0,0.0,0.0,32.9,25.1,23.4
2021-04-23,Santacruz_IMD,19.1197,72.8468,0.0,0.0,0.0,33.3,24.1,21.5
2021-04-24,Santacruz_IMD,19.1197,72.8468,0.0,0.0,0.0,32.2,23.9,22.2
2021-04-25,Santacruz_IMD,19.1197,72.8468,0.0,0.0,0.0,33.6,24.3,23.9
2021-04-26,Santacruz_IMD,19.1197,72.8468,0.0,0.0,0.0,33.4,26.8,17.4
2021-04-27,Santacruz_IMD,19.1197,72.8468,0.0,0.0,0.0,33.7,26.9,17.4
2021-04-28,Santacruz_IMD,19.1197,72.8468,0.0,0.0,0.0,34.2,25.8,21.6
2021-04-29,Santacruz_IMD,19.1197,72.8468,0.0,0.0,0.0,34.1,26.6,22.1
2021-04-30,Santacruz_IMD,19.1197,72.8468,0.0,0.0,0.0,32.4,26.3,16.6
2021-05-01,Santacruz_IMD,19.1197,72.8468,0.0,0.0,0.0,34.2,27.0,20.9
2021-05-02,Santacruz_IMD,19.1197,72.8468,0.0,0.0,0.0,33.6,27.8,15.9
2021-05-03,Santacruz_IMD,19.1197,72.8468,0.0,0.0,0.0,34.3,26.8,19.3
2021-05-04,Santacruz_IMD,19.1197,72.8468,0.0,0.0,0.0,33.6,26.7,20.3
2021-05-05,Santacruz_IMD,19.1197,72.8468,0.0,0.0,0.0,33.4,26.9,20.8
2021-05-06,Santacruz_IMD,19.1197,72.8468,0.0,0.0,0.0,32.8,27.0,18.3
2021-05-07,Santacruz_IMD,19.1197,72.8468,0.0,0.0,0.0,32.9,26.8,20.0
2021-05-08,Santacruz_IMD,19.1197,72.8468,0.0,0.0,0.0,33.3,26.8,19.8
2021-05-09,Santacruz_IMD,19.1197,72.8468,0.0,0.0,0.0,32.9,27.5,17.7
2021-05-10,Santacruz_IMD,19.1197,72.8468,0.0,0.0,0.0,33.2,27.5,20.1
2021-05-11,Santacruz_IMD,19.1197,72.8468,0.0,0.0,0.0,32.7,26.8,19.0
2021-05-12,Santacruz_IMD,19.1197,72.8468,0.0,0.0,0.0,32.5,27.4,19.3
2021-05-13,Santacruz_IMD,19.1197,72.8468,0.0,0.0,0.0,32.0,27.3,18.1
2021-05-14,Santacruz_IMD,19.1197,72.8468,0.0,0.0,0.0,33.2,25.9,24.2
2021-05-15,Santacruz_IMD,19.1197,72.8468,0.0,0.0,0.0,35.3,27.5,28.0
2021-05-16,Santacruz_IMD,19.1197,72.8468,7.0,7.0,17.0,36.2,27.1,25.7
2021-05-17,Santacruz_IMD,19.1197,72.8468,199.9,199.9,24.0,27.5,26.3,61.9
2021-05-18,Santacruz_IMD,19.1197,72.8468,22.6,22.6,24.0,28.6,26.5,47.5
2021-05-19,Santacruz_IMD,19.1197,72.8468,15.2,15.2,19.0,29.2,26.0,28.0
2021-05-20,Santacruz_IMD,19.1197,72.8468,1.0,1.0,8.0,30.7,26.3,14.1
2021-05-21,Santacruz_IMD,19.1197,72.8468,0.3,0.3,2.0,30.7,26.3,12.1
2021-05-22,Santacruz_IMD,19.1197,72.8468,1.2,1.2,4.0,30.5,27.5,15.5
2021-05-23,Santacruz_IMD,19.1197,72.8468,1.6,1.6,7.0,30.8,27.4,16.4
2021-05-24,Santacruz_IMD,19.1197,72.8468,1.8,1.8,9.0,30.9,27.1,20.2
2021-05-25,Santacruz_IMD,19.1197,72.8468,1.7,1.7,11.0,30.9,27.4,21.9
2021-05-26,Santacruz_IMD,19.1197,72.8468,0.0,0.0,0.0,31.0,27.4,17.3
2021-05-27,Santacruz_IMD,19.1197,72.8468,4.8,4.8,7.0,31.5,28.4,20.7
2021-05-28,Santacruz_IMD,19.1197,72.8468,3.6,3.6,14.0,31.1,27.6,17.7
2021-05-29,Santacruz_IMD,19.1197,72.8468,2.8,2.8,15.0,30.9,26.6,16.0
2021-05-30,Santacruz_IMD,19.1197,72.8468,3.3,3.3,18.0,30.7,27.3,16.5
2021-05-31,Santacruz_IMD,19.1197,72.8468,3.5,3.5,20.0,30.3,27.0,15.6
2021-06-01,Santacruz_IMD,19.1197,72.8468,7.4,7.4,20.0,30.5,26.9,19.5
2021-06-02,Santacruz_IMD,19.1197,72.8468,11.1,11.1,15.0,29.8,26.6,13.3
2021-06-03,Santacruz_IMD,19.1197,72.8468,1.3,1.3,5.0,30.8,26.8,14.0
2021-06-04,Santacruz_IMD,19.1197,72.8468,5.2,5.2,18.0,31.1,26.9,12.7
2021-06-05,Santacruz_IMD,19.1197,72.8468,7.7,7.7,21.0,29.2,25.9,12.2
2021-06-06,Santacruz_IMD,19.1197,72.8468,9.7,9.7,19.0,29.4,25.5,15.9
2021-06-07,Santacruz_IMD,19.1197,72.8468,10.5,10.5,24.0,29.2,26.1,15.8
2021-06-08,Santacruz_IMD,19.1197,72.8468,25.1,25.1,24.0,28.4,26.0,14.5
2021-06-09,Santacruz_IMD,19.1197,72.8468,24.0,24.0,24.0,28.3,25.8,17.3
2021-06-10,Santacruz_IMD,19.1197,72.8468,24.0,24.0,22.0,28.1,26.0,17.7
2021-06-11,Santacruz_IMD,19.1197,72.8468,19.6,19.6,24.0,28.3,26.2,22.0
2021-06-12,Santacruz_IMD,19.1197,72.8468,15.7,15.7,24.0,28.7,25.7,18.0
2021-06-13,Santacruz_IMD,19.1197,72.8468,9.6,9.6,24.0,28.9,26.3,19.0
2021-06-14,Santacruz_IMD,19.1197,72.8468,5.2,5.2,22.0,29.0,26.1,19.3
2021-06-15,Santacruz_IMD,19.1197,72.8468,9.2,9.2,24.0,28.2,25.9,21.0
2021-06-16,Santacruz_IMD,19.1197,72.8468,13.7,13.7,24.0,27.3,25.6,22.1
2021-06-17,Santacruz_IMD,19.1197,72.8468,18.5,18.5,24.0,27.3,25.5,24.0
2021-06-18,Santacruz_IMD,19.1197,72.8468,15.9,15.9,24.0,27.3,25.1,26.6
2021-06-19,Santacruz_IMD,19.1197,72.8468,18.5,18.5,24.0,26.9,25.1,22.7
2021-06-20,Santacruz_IMD,19.1197,72.8468,10.3,10.3,24.0,28.9,25.1,24.8
2021-06-21,Santacruz_IMD,19.1197,72.8468,5.6,5.6,17.0,29.2,25.1,16.9
2021-06-22,Santacruz_IMD,19.1197,72.8468,5.9,5.9,20.0,28.6,26.0,15.1
2021-06-23,Santacruz_IMD,19.1197,72.8468,5.6,5.6,18.0,28.2,26.3,15.2
2021-06-24,Santacruz_IMD,19.1197,72.8468,8.7,8.7,21.0,27.5,25.4,19.1
2021-06-25,Santacruz_IMD,19.1197,72.8468,36.7,36.7,24.0,26.7,25.6,16.3
2021-06-26,Santacruz_IMD,19.1197,72.8468,3.5,3.5,11.0,29.4,25.7,18.3
2021-06-27,Santacruz_IMD,19.1197,72.8468,9.3,9.3,17.0,28.5,26.3,15.4
2021-06-28,Santacruz_IMD,19.1197,72.8468,19.2,19.2,24.0,27.4,25.0,10.6
2021-06-29,Santacruz_IMD,19.1197,72.8468,3.0,3.0,20.0,29.2,25.6,14.8
2021-06-30,Santacruz_IMD,19.1197,72.8468,4.8,4.8,23.0,28.9,26.4,16.1
2021-07-01,Santacruz_IMD,19.1197,72.8468,2.9,2.9,17.0,29.8,27.2,22.8
2021-07-02,Santacruz_IMD,19.1197,72.8468,1.8,1.8,14.0,29.9,27.0,22.6
2021-07-03,Santacruz_IMD,19.1197,72.8468,1.8,1.8,13.0,29.6,26.4,18.5
2021-07-04,Santacruz_IMD,19.1197,72.8468,2.3,2.3,12.0,29.1,26.4,13.0
2021-07-05,Santacruz_IMD,19.1197,72.8468,1.2,1.2,11.0,29.1,26.3,13.0
2021-07-06,Santacruz_IMD,19.1197,72.8468,1.0,1.0,7.0,29.7,26.1,13.8
2021-07-07,Santacruz_IMD,19.1197,72.8468,2.2,2.2,12.0,29.6,26.4,14.2
2021-07-08,Santacruz_IMD,19.1197,72.8468,8.9,8.9,23.0,29.1,26.6,14.9
2021-07-09,Santacruz_IMD,19.1197,72.8468,4.1,4.1,21.0,29.1,26.6,13.8
2021-07-10,Santacruz_IMD,19.1197,72.8468,85.5,85.5,23.0,26.8,25.9,16.1
2021-07-11,Santacruz_IMD,19.1197,72.8468,13.7,13.7,20.0,28.8,25.9,14.7
2021-07-12,Santacruz_IMD,19.1197,72.8468,41.0,41.0,22.0,28.3,25.8,36.8
2021-07-13,Santacruz_IMD,19.1197,72.8468,34.6,34.6,24.0,28.1,25.8,23.7
2021-07-14,Santacruz_IMD,19.1197,72.8468,34.9,34.9,24.0,27.3,25.7,23.1
2021-07-15,Santacruz_IMD,19.1197,72.8468,22.4,22.4,23.0,28.1,25.7,23.2
2021-07-16,Santacruz_IMD,19.1197,72.8468,31.8,31.8,24.0,28.4,25.4,31.5
2021-07-17,Santacruz_IMD,19.1197,72.8468,40.6,40.6,23.0,27.6,25.8,26.6
2021-07-18,Santacruz_IMD,19.1197,72.8468,32.9,32.9,24.0,28.2,26.0,21.6
2021-07-19,Santacruz_IMD,19.1197,72.8468,55.2,55.2,24.0,27.4,25.8,22.0
2021-07-20,Santacruz_IMD,19.1197,72.8468,29.1,29.1,24.0,27.5,25.7,23.4
2021-07-21,Santacruz_IMD,19.1197,72.8468,36.7,36.7,24.0,27.2,25.7,34.8
2021-07-22,Santacruz_IMD,19.1197,72.8468,18.5,18.5,24.0,27.3,26.1,34.0
2021-07-23,Santacruz_IMD,19.1197,72.8468,28.2,28.2,24.0,26.8,25.4,25.3
2021-07-24,Santacruz_IMD,19.1197,72.8468,13.1,13.1,24.0,27.8,25.5,24.2
2021-07-25,Santacruz_IMD,19.1197,72.8468,15.3,15.3,24.0,28.3,25.4,23.9
2021-07-26,Santacruz_IMD,19.1197,72.8468,12.5,12.5,24.0,28.5,25.2,28.7
2021-07-27,Santacruz_IMD,19.1197,72.8468,8.4,8.4,24.0,28.1,25.2,27.2
2021-07-28,Santacruz_IMD,19.1197,72.8468,12.4,12.4,20.0,28.3,26.1,30.6
2021-07-29,Santacruz_IMD,19.1197,72.8468,11.3,11.3,23.0,28.8,26.2,31.3
2021-07-30,Santacruz_IMD,19.1197,72.8468,8.4,8.4,16.0,28.2,26.3,29.5
2021-07-31,Santacruz_IMD,19.1197,72.8468,2.7,2.7,19.0,28.6,26.2,30.8
2021-08-01,Santacruz_IMD,19.1197,72.8468,3.1,3.1,22.0,28.2,26.2,31.0
2021-08-02,Santacruz_IMD,19.1197,72.8468,4.7,4.7,23.0,28.1,25.6,25.3
2021-08-03,Santacruz_IMD,19.1197,72.8468,9.8,9.8,24.0,27.2,25.1,24.4
2021-08-04,Santacruz_IMD,19.1197,72.8468,5.6,5.6,22.0,27.4,25.4,24.0
2021-08-05,Santacruz_IMD,19.1197,72.8468,5.9,5.9,24.0,28.4,25.5,24.2
2021-08-06,Santacruz_IMD,19.1197,72.8468,3.9,3.9,22.0,28.2,25.9,23.4
2021-08-07,Santacruz_IMD,19.1197,72.8468,4.0,4.0,21.0,28.1,25.2,14.9
2021-08-08,Santacruz_IMD,19.1197,72.8468,3.0,3.0,16.0,27.9,25.0,13.4
2021-08-09,Santacruz_IMD,19.1197,72.8468,4.2,4.2,22.0,28.1,25.5,17.9
2021-08-10,Santacruz_IMD,19.1197,72.8468,4.2,4.2,22.0,27.8,25.5,17.4
2021-08-11,Santacruz_IMD,19.1197,72.8468,5.5,5.5,23.0,28.0,25.1,16.7
2021-08-12,Santacruz_IMD,19.1197,72.8468,3.9,3.9,19.0,28.1,25.4,16.7
2021-08-13,Santacruz_IMD,19.1197,72.8468,3.7,3.7,22.0,27.9,25.6,18.4
2021-08-14,Santacruz_IMD,19.1197,72.8468,9.1,9.1,24.0,27.1,24.8,19.1
2021-08-15,Santacruz_IMD,19.1197,72.8468,6.7,6.7,24.0,27.2,24.4,14.6
2021-08-16,Santacruz_IMD,19.1197,72.8468,3.9,3.9,18.0,27.6,25.0,12.4
2021-08-17,Santacruz_IMD,19.1197,72.8468,13.7,13.7,22.0,26.6,25.3,9.8
2021-08-18,Santacruz_IMD,19.1197,72.8468,21.8,21.8,24.0,26.3,25.2,12.0
2021-08-19,Santacruz_IMD,19.1197,72.8468,33.4,33.4,24.0,25.7,24.9,16.2
2021-08-20,Santacruz_IMD,19.1197,72.8468,26.8,26.8,19.0,27.1,25.1,15.6
2021-08-21,Santacruz_IMD,19.1197,72.8468,71.7,71.7,24.0,25.8,24.7,22.0
2021-08-22,Santacruz_IMD,19.1197,72.8468,3.1,3.1,17.0,27.4,25.1,13.6
2021-08-23,Santacruz_IMD,19.1197,72.8468,2.3,2.3,13.0,28.5,24.8,14.8
2021-08-24,Santacruz_IMD,19.1197,72.8468,1.4,1.4,11.0,28.4,25.3,14.9
2021-08-25,Santacruz_IMD,19.1197,72.8468,1.6,1.6,14.0,27.9,25.3,16.6
2021-08-26,Santacruz_IMD,19.1197,72.8468,3.4,3.4,19.0,27.8,25.8,17.0
2021-08-27,Santacruz_IMD,19.1197,72.8468,2.1,2.1,15.0,28.0,25.4,12.3
2021-08-28,Santacruz_IMD,19.1197,72.8468,0.6,0.6,6.0,27.8,25.0,14.5
2021-08-29,Santacruz_IMD,19.1197,72.8468,1.4,1.4,12.0,28.2,24.8,12.2
2021-08-30,Santacruz_IMD,19.1197,72.8468,6.0,6.0,19.0,27.1,25.9,14.5
2021-08-31,Santacruz_IMD,19.1197,72.8468,49.1,49.1,24.0,26.7,25.4,17.1
2021-09-01,Santacruz_IMD,19.1197,72.8468,17.2,17.2,24.0,27.4,25.2,18.9
2021-09-02,Santacruz_IMD,19.1197,72.8468,7.1,7.1,24.0,27.9,25.5,23.8
2021-09-03,Santacruz_IMD,19.1197,72.8468,13.7,13.7,24.0,27.2,25.1,19.1
2021-09-04,Santacruz_IMD,19.1197,72.8468,16.6,16.6,24.0,27.8,25.1,14.5
2021-09-05,Santacruz_IMD,19.1197,72.8468,10.1,10.1,24.0,27.2,25.3,12.3
2021-09-06,Santacruz_IMD,19.1197,72.8468,7.9,7.9,24.0,27.9,25.3,16.8
2021-09-07,Santacruz_IMD,19.1197,72.8468,32.0,32.0,24.0,27.2,25.2,13.3
2021-09-08,Santacruz_IMD,19.1197,72.8468,146.8,146.8,24.0,27.7,25.3,34.9
2021-09-09,Santacruz_IMD,19.1197,72.8468,6.9,6.9,24.0,28.4,25.7,32.1
2021-09-10,Santacruz_IMD,19.1197,72.8468,9.9,9.9,24.0,27.8,25.2,26.2
2021-09-11,Santacruz_IMD,19.1197,72.8468,53.6,53.6,24.0,27.6,25.7,25.3
2021-09-12,Santacruz_IMD,19.1197,72.8468,45.3,45.3,24.0,27.6,25.6,21.4
2021-09-13,Santacruz_IMD,19.1197,72.8468,27.4,27.4,24.0,26.9,26.1,25.0
2021-09-14,Santacruz_IMD,19.1197,72.8468,6.0,6.0,22.0,28.4,26.0,25.5
2021-09-15,Santacruz_IMD,19.1197,72.8468,6.0,6.0,19.0,27.7,25.4,24.1
2021-09-16,Santacruz_IMD,19.1197,72.8468,4.4,4.4,19.0,28.6,25.5,24.5
2021-09-17,Santacruz_IMD,19.1197,72.8468,3.3,3.3,19.0,28.4,25.5,21.6
2021-09-18,Santacruz_IMD,19.1197,72.8468,3.3,3.3,23.0,27.3,25.3,17.9
2021-09-19,Santacruz_IMD,19.1197,72.8468,6.4,6.4,23.0,27.2,25.2,17.1
2021-09-20,Santacruz_IMD,19.1197,72.8468,10.2,10.2,22.0,27.6,25.2,13.1
2021-09-21,Santacruz_IMD,19.1197,72.8468,17.8,17.8,24.0,27.2,25.4,14.5
2021-09-22,Santacruz_IMD,19.1197,72.8468,19.7,19.7,24.0,26.8,25.0,16.8
2021-09-23,Santacruz_IMD,19.1197,72.8468,6.6,6.6,23.0,27.3,25.0,14.5
2021-09-24,Santacruz_IMD,19.1197,72.8468,2.0,2.0,15.0,28.6,25.2,15.0
2021-09-25,Santacruz_IMD,19.1197,72.8468,2.2,2.2,14.0,28.1,24.5,13.4
2021-09-26,Santacruz_IMD,19.1197,72.8468,2.8,2.8,16.0,28.1,25.2,14.1
2021-09-27,Santacruz_IMD,19.1197,72.8468,5.2,5.2,16.0,26.7,25.0,9.6
2021-09-28,Santacruz_IMD,19.1197,72.8468,14.3,14.3,21.0,26.5,24.6,17.6
2021-09-29,Santacruz_IMD,19.1197,72.8468,30.7,30.7,23.0,27.8,25.2,24.9
2021-09-30,Santacruz_IMD,19.1197,72.8468,4.4,4.4,21.0,27.8,25.0,23.1
2021-10-01,Santacruz_IMD,19.1197,72.8468,0.2,0.2,2.0,29.0,25.2,15.1
2021-10-02,Santacruz_IMD,19.1197,72.8468,0.8,0.8,6.0,28.7,24.9,16.4
2021-10-03,Santacruz_IMD,19.1197,72.8468,0.2,0.2,1.0,30.4,25.1,17.8
2021-10-04,Santacruz_IMD,19.1197,72.8468,0.0,0.0,0.0,30.6,26.2,16.5
2021-10-05,Santacruz_IMD,19.1197,72.8468,0.9,0.9,6.0,30.8,26.1,17.7
2021-10-06,Santacruz_IMD,19.1197,72.8468,7.4,7.4,6.0,31.3,26.4,12.5
2021-10-07,Santacruz_IMD,19.1197,72.8468,2.4,2.4,6.0,31.9,26.0,12.1
2021-10-08,Santacruz_IMD,19.1197,72.8468,6.8,6.8,13.0,29.2,25.3,15.3
2021-10-09,Santacruz_IMD,19.1197,72.8468,5.2,5.2,11.0,28.5,25.9,13.3
2021-10-10,Santacruz_IMD,19.1197,72.8468,6.2,6.2,19.0,29.2,25.9,10.1
2021-10-11,Santacruz_IMD,19.1197,72.8468,14.6,14.6,16.0,29.2,25.1,15.3
2021-10-12,Santacruz_IMD,19.1197,72.8468,0.7,0.7,3.0,30.1,25.2,12.7
2021-10-13,Santacruz_IMD,19.1197,72.8468,1.6,1.6,2.0,30.9,25.1,12.8
2021-10-14,Santacruz_IMD,19.1197,72.8468,0.7,0.7,2.0,31.9,25.5,18.7
2021-10-15,Santacruz_IMD,19.1197,72.8468,0.0,0.0,0.0,32.9,24.6,18.6
2021-10-16,Santacruz_IMD,19.1197,72.8468,0.0,0.0,0.0,31.5,24.1,20.0
2021-10-17,Santacruz_IMD,19.1197,72.8468,0.0,0.0,0.0,30.5,24.5,17.4
2021-10-18,Santacruz_IMD,19.1197,72.8468,1.1,1.1,2.0,30.1,25.3,19.9
2021-10-19,Santacruz_IMD,19.1197,72.8468,0.5,0.5,4.0,29.2,24.7,13.8
2021-10-20,Santacruz_IMD,19.1197,72.8468,0.0,0.0,0.0,29.7,23.6,18.6
2021-10-21,Santacruz_IMD,19.1197,72.8468,0.0,0.0,0.0,31.2,22.9,18.1
2021-10-22,Santacruz_IMD,19.1197,72.8468,0.0,0.0,0.0,32.1,22.3,15.0
2021-10-23,Santacruz_IMD,19.1197,72.8468,0.0,0.0,0.0,31.0,23.2,18.1
2021-10-24,Santacruz_IMD,19.1197,72.8468,0.0,0.0,0.0,29.5,22.9,17.2
2021-10-25,Santacruz_IMD,19.1197,72.8468,0.0,0.0,0.0,30.3,22.8,20.2
2021-10-26,Santacruz_IMD,19.1197,72.8468,0.0,0.0,0.0,32.0,22.9,16.3
2021-10-27,Santacruz_IMD,19.1197,72.8468,0.0,0.0,0.0,33.1,23.0,20.2
2021-10-28,Santacruz_IMD,19.1197,72.8468,0.0,0.0,0.0,33.6,23.4,21.6
2021-10-29,Santacruz_IMD,19.1197,72.8468,0.0,0.0,0.0,33.3,23.9,21.2
2021-10-30,Santacruz_IMD,19.1197,72.8468,0.0,0.0,0.0,33.1,24.0,19.6
2021-10-31,Santacruz_IMD,19.1197,72.8468,0.0,0.0,0.0,32.5,24.1,18.1
2021-11-01,Santacruz_IMD,19.1197,72.8468,0.0,0.0,0.0,32.1,22.5,14.3
2021-11-02,Santacruz_IMD,19.1197,72.8468,0.0,0.0,0.0,33.2,23.3,14.2
2021-11-03,Santacruz_IMD,19.1197,72.8468,0.0,0.0,0.0,33.7,23.7,21.1
2021-11-04,Santacruz_IMD,19.1197,72.8468,0.0,0.0,0.0,32.4,24.8,15.8
2021-11-05,Santacruz_IMD,19.1197,72.8468,1.6,1.6,2.0,32.3,24.3,17.1
2021-11-06,Santacruz_IMD,19.1197,72.8468,0.1,0.1,1.0,31.3,23.8,15.3
2021-11-07,Santacruz_IMD,19.1197,72.8468,0.0,0.0,0.0,29.2,24.1,13.0
2021-11-08,Santacruz_IMD,19.1197,72.8468,0.0,0.0,0.0,31.7,23.6,16.8
2021-11-09,Santacruz_IMD,19.1197,72.8468,0.0,0.0,0.0,32.4,21.5,18.3
2021-11-10,Santacruz_IMD,19.1197,72.8468,0.0,0.0,0.0,32.2,21.6,20.9
2021-11-11,Santacruz_IMD,19.1197,72.8468,0.0,0.0,0.0,32.6,21.3,18.7
2021-11-12,Santacruz_IMD,19.1197,72.8468,0.0,0.0,0.0,32.0,21.7,22.6
2021-11-13,Santacruz_IMD,19.1197,72.8468,0.0,0.0,0.0,32.7,23.4,19.8
2021-11-14,Santacruz_IMD,19.1197,72.8468,0.0,0.0,0.0,32.5,23.9,18.1
2021-11-15,Santacruz_IMD,19.1197,72.8468,0.0,0.0,0.0,32.5,24.6,21.9
2021-11-16,Santacruz_IMD,19.1197,72.8468,0.0,0.0,0.0,33.5,24.6,19.2
2021-11-17,Santacruz_IMD,19.1197,72.8468,2.1,2.1,5.0,32.2,24.5,16.9
2021-11-18,Santacruz_IMD,19.1197,72.8468,2.2,2.2,2.0,30.1,23.8,13.4
2021-11-19,Santacruz_IMD,19.1197,72.8468,0.7,0.7,4.0,31.4,23.6,15.4
2021-11-20,Santacruz_IMD,19.1197,72.8468,1.1,1.1,4.0,32.5,24.5,12.2
2021-11-21,Santacruz_IMD,19.1197,72.8468,7.9,7.9,10.0,32.8,25.3,16.7
2021-11-22,Santacruz_IMD,19.1197,72.8468,2.3,2.3,11.0,28.7,24.9,10.2
2021-11-23,Santacruz_IMD,19.1197,72.8468,0.0,0.0,0.0,30.5,24.7,17.3
2021-11-24,Santacruz_IMD,19.1197,72.8468,0.0,0.0,0.0,31.7,25.5,16.6
2021-11-25,Santacruz_IMD,19.1197,72.8468,0.0,0.0,0.0,32.6,24.6,16.7
2021-11-26,Santacruz_IMD,19.1197,72.8468,0.0,0.0,0.0,32.5,23.1,15.0
2021-11-27,Santacruz_IMD,19.1197,72.8468,0.0,0.0,0.0,32.6,22.2,16.3
2021-11-28,Santacruz_IMD,19.1197,72.8468,0.0,0.0,0.0,32.2,21.7,16.1
2021-11-29,Santacruz_IMD,19.1197,72.8468,0.0,0.0,0.0,32.5,21.4,15.1
2021-11-30,Santacruz_IMD,19.1197,72.8468,0.0,0.0,0.0,32.5,23.8,15.0
2021-12-01,Santacruz_IMD,19.1197,72.8468,41.4,41.4,19.0,24.7,20.7,20.3
2021-12-02,Santacruz_IMD,19.1197,72.8468,56.7,56.7,22.0,24.8,19.3,26.9
2021-12-03,Santacruz_IMD,19.1197,72.8468,0.8,0.8,2.0,27.0,22.0,10.4
2021-12-04,Santacruz_IMD,19.1197,72.8468,0.1,0.1,1.0,27.6,21.4,11.3
2021-12-05,Santacruz_IMD,19.1197,72.8468,0.2,0.2,1.0,26.7,20.9,11.8
2021-12-06,Santacruz_IMD,19.1197,72.8468,0.0,0.0,0.0,29.0,21.0,16.3
2021-12-07,Santacruz_IMD,19.1197,72.8468,0.0,0.0,0.0,30.1,22.0,15.5
2021-12-08,Santacruz_IMD,19.1197,72.8468,0.0,0.0,0.0,31.0,22.1,16.2
2021-12-09,Santacruz_IMD,19.1197,72.8468,0.0,0.0,0.0,29.9,22.7,16.3
2021-12-10,Santacruz_IMD,19.1197,72.8468,0.0,0.0,0.0,31.2,22.2,15.8
2021-12-11,Santacruz_IMD,19.1197,72.8468,0.0,0.0,0.0,31.0,22.2,14.6
2021-12-12,Santacruz_IMD,19.1197,72.8468,0.0,0.0,0.0,31.6,21.0,13.5
2021-12-13,Santacruz_IMD,19.1197,72.8468,0.0,0.0,0.0,29.3,20.7,15.7
2021-12-14,Santacruz_IMD,19.1197,72.8468,0.0,0.0,0.0,28.5,19.3,17.1
2021-12-15,Santacruz_IMD,19.1197,72.8468,0.0,0.0,0.0,27.3,19.1,14.3
2021-12-16,Santacruz_IMD,19.1197,72.8468,0.0,0.0,0.0,28.2,19.6,16.7
2021-12-17,Santacruz_IMD,19.1197,72.8468,0.0,0.0,0.0,28.0,20.3,17.0
2021-12-18,Santacruz_IMD,19.1197,72.8468,0.0,0.0,0.0,29.4,18.9,15.9
2021-12-19,Santacruz_IMD,19.1197,72.8468,0.0,0.0,0.0,29.8,19.7,17.0
2021-12-20,Santacruz_IMD,19.1197,72.8468,0.0,0.0,0.0,29.9,18.6,14.7
2021-12-21,Santacruz_IMD,19.1197,72.8468,0.0,0.0,0.0,28.6,17.8,13.0
2021-12-22,Santacruz_IMD,19.1197,72.8468,0.0,0.0,0.0,28.1,17.9,12.5
2021-12-23,Santacruz_IMD,19.1197,72.8468,0.0,0.0,0.0,28.0,18.2,12.9
2021-12-24,Santacruz_IMD,19.1197,72.8468,0.0,0.0,0.0,26.3,17.7,14.6
2021-12-25,Santacruz_IMD,19.1197,72.8468,0.0,0.0,0.0,26.3,17.6,14.8
2021-12-26,Santacruz_IMD,19.1197,72.8468,0.0,0.0,0.0,28.2,18.6,17.8
2021-12-27,Santacruz_IMD,19.1197,72.8468,0.0,0.0,0.0,29.4,17.9,13.8
2021-12-28,Santacruz_IMD,19.1197,72.8468,0.0,0.0,0.0,28.1,18.4,21.5
2021-12-29,Santacruz_IMD,19.1197,72.8468,0.0,0.0,0.0,27.6,19.5,20.8
2021-12-30,Santacruz_IMD,19.1197,72.8468,0.0,0.0,0.0,30.0,18.8,20.8
2021-12-31,Santacruz_IMD,19.1197,72.8468,0.0,0.0,0.0,31.4,20.9,16.3
2022-01-01,Santacruz_IMD,19.1197,72.8468,0.0,0.0,0.0,31.3,20.4,13.9
2022-01-02,Santacruz_IMD,19.1197,72.8468,0.0,0.0,0.0,30.6,20.5,14.1
2022-01-03,Santacruz_IMD,19.1197,72.8468,0.0,0.0,0.0,30.9,21.4,13.8
2022-01-04,Santacruz_IMD,19.1197,72.8468,0.0,0.0,0.0,31.3,20.4,15.1
2022-01-05,Santacruz_IMD,19.1197,72.8468,0.0,0.0,0.0,28.5,20.4,17.3
2022-01-06,Santacruz_IMD,19.1197,72.8468,0.0,0.0,0.0,27.9,20.5,16.5
2022-01-07,Santacruz_IMD,19.1197,72.8468,0.0,0.0,0.0,27.4,19.6,15.5
2022-01-08,Santacruz_IMD,19.1197,72.8468,2.3,2.3,12.0,24.5,21.0,12.1
2022-01-09,Santacruz_IMD,19.1197,72.8468,0.0,0.0,0.0,25.4,18.8,22.0
2022-01-10,Santacruz_IMD,19.1197,72.8468,0.0,0.0,0.0,24.3,16.0,23.1
2022-01-11,Santacruz_IMD,19.1197,72.8468,0.0,0.0,0.0,24.5,14.8,15.2
2022-01-12,Santacruz_IMD,19.1197,72.8468,0.0,0.0,0.0,25.1,16.4,18.4
2022-01-13,Santacruz_IMD,19.1197,72.8468,0.0,0.0,0.0,25.9,15.7,15.4
2022-01-14,Santacruz_IMD,19.1197,72.8468,0.0,0.0,0.0,25.8,17.2,16.1
2022-01-15,Santacruz_IMD,19.1197,72.8468,0.0,0.0,0.0,28.8,18.1,20.5
2022-01-16,Santacruz_IMD,19.1197,72.8468,0.0,0.0,0.0,31.4,19.1,18.7
2022-01-17,Santacruz_IMD,19.1197,72.8468,0.0,0.0,0.0,30.7,20.3,14.8
2022-01-18,Santacruz_IMD,19.1197,72.8468,0.0,0.0,0.0,29.0,20.0,19.0
2022-01-19,Santacruz_IMD,19.1197,72.8468,0.0,0.0,0.0,29.2,18.8,17.2
2022-01-20,Santacruz_IMD,19.1197,72.8468,0.0,0.0,0.0,27.5,19.0,16.1
2022-01-21,Santacruz_IMD,19.1197,72.8468,0.0,0.0,0.0,27.1,18.8,14.2
2022-01-22,Santacruz_IMD,19.1197,72.8468,1.0,1.0,6.0,26.7,20.2,22.7
2022-01-23,Santacruz_IMD,19.1197,72.8468,0.4,0.4,3.0,23.3,17.7,22.4
2022-01-24,Santacruz_IMD,19.1197,72.8468,0.0,0.0,0.0,24.3,14.3,25.5
2022-01-25,Santacruz_IMD,19.1197,72.8468,0.0,0.0,0.0,25.4,14.3,18.8
2022-01-26,Santacruz_IMD,19.1197,72.8468,0.0,0.0,0.0,27.3,15.8,19.9
2022-01-27,Santacruz_IMD,19.1197,72.8468,0.0,0.0,0.0,29.3,16.9,20.5
2022-01-28,Santacruz_IMD,19.1197,72.8468,0.0,0.0,0.0,30.6,18.5,17.8
2022-01-29,Santacruz_IMD,19.1197,72.8468,0.0,0.0,0.0,31.0,17.2,17.2
2022-01-30,Santacruz_IMD,19.1197,72.8468,0.0,0.0,0.0,29.9,16.3,15.2
2022-01-31,Santacruz_IMD,19.1197,72.8468,0.0,0.0,0.0,29.3,16.8,17.3
2022-02-01,Santacruz_IMD,19.1197,72.8468,0.0,0.0,0.0,29.4,16.0,20.1
2022-02-02,Santacruz_IMD,19.1197,72.8468,0.0,0.0,0.0,27.9,16.5,18.1
2022-02-03,Santacruz_IMD,19.1197,72.8468,0.0,0.0,0.0,26.3,17.1,13.1
2022-02-04,Santacruz_IMD,19.1197,72.8468,0.0,0.0,0.0,26.0,18.6,12.7
2022-02-05,Santacruz_IMD,19.1197,72.8468,0.0,0.0,0.0,27.7,15.7,19.2
2022-02-06,Santacruz_IMD,19.1197,72.8468,0.0,0.0,0.0,27.5,17.5,19.4
2022-02-07,Santacruz_IMD,19.1197,72.8468,0.0,0.0,0.0,26.1,18.3,21.9
2022-02-08,Santacruz_IMD,19.1197,72.8468,0.0,0.0,0.0,25.6,18.3,17.3
2022-02-09,Santacruz_IMD,19.1197,72.8468,0.0,0.0,0.0,26.4,17.7,19.3
2022-02-10,Santacruz_IMD,19.1197,72.8468,0.0,0.0,0.0,30.3,18.5,24.0
2022-02-11,Santacruz_IMD,19.1197,72.8468,0.0,0.0,0.0,32.2,20.9,21.7
2022-02-12,Santacruz_IMD,19.1197,72.8468,0.0,0.0,0.0,30.8,20.0,21.0
2022-02-13,Santacruz_IMD,19.1197,72.8468,0.0,0.0,0.0,30.3,18.6,19.5
2022-02-14,Santacruz_IMD,19.1197,72.8468,0.0,0.0,0.0,29.1,18.7,19.5
2022-02-15,Santacruz_IMD,19.1197,72.8468,0.0,0.0,0.0,27.3,19.0,17.3
2022-02-16,Santacruz_IMD,19.1197,72.8468,0.0,0.0,0.0,26.5,18.7,16.5
2022-02-17,Santacruz_IMD,19.1197,72.8468,0.0,0.0,0.0,26.9,17.6,14.0
2022-02-18,Santacruz_IMD,19.1197,72.8468,0.0,0.0,0.0,28.2,18.4,14.6
2022-02-19,Santacruz_IMD,19.1197,72.8468,0.0,0.0,0.0,29.7,18.9,17.9
2022-02-20,Santacruz_IMD,19.1197,72.8468,0.0,0.0,0.0,31.0,19.4,20.2
2022-02-21,Santacruz_IMD,19.1197,72.8468,0.0,0.0,0.0,31.3,17.9,22.9
2022-02-22,Santacruz_IMD,19.1197,72.8468,0.0,0.0,0.0,30.4,18.4,21.8
2022-02-23,Santacruz_IMD,19.1197,72.8468,0.0,0.0,0.0,29.9,18.5,18.9
2022-02-24,Santacruz_IMD,19.1197,72.8468,0.0,0.0,0.0,30.3,20.2,20.1
2022-02-25,Santacruz_IMD,19.1197,72.8468,0.0,0.0,0.0,30.7,20.7,22.9
2022-02-26,Santacruz_IMD,19.1197,72.8468,0.0,0.0,0.0,30.5,20.0,21.8
2022-02-27,Santacruz_IMD,19.1197,72.8468,0.0,0.0,0.0,31.1,19.9,24.2
2022-02-28,Santacruz_IMD,19.1197,72.8468,0.0,0.0,0.0,32.4,20.0,21.3
2022-03-01,Santacruz_IMD,19.1197,72.8468,0.0,0.0,0.0,32.5,21.0,18.9
2022-03-02,Santacruz_IMD,19.1197,72.8468,0.0,0.0,0.0,34.5,21.6,22.4
2022-03-03,Santacruz_IMD,19.1197,72.8468,0.0,0.0,0.0,35.4,21.6,24.7
2022-03-04,Santacruz_IMD,19.1197,72.8468,0.0,0.0,0.0,34.5,23.8,24.7
2022-03-05,Santacruz_IMD,19.1197,72.8468,0.0,0.0,0.0,34.3,20.8,23.7
2022-03-06,Santacruz_IMD,19.1197,72.8468,0.0,0.0,0.0,34.2,22.5,20.4
2022-03-07,Santacruz_IMD,19.1197,72.8468,0.0,0.0,0.0,32.2,24.3,16.0
2022-03-08,Santacruz_IMD,19.1197,72.8468,0.0,0.0,0.0,36.0,25.2,23.2
2022-03-09,Santacruz_IMD,19.1197,72.8468,0.1,0.1,1.0,34.1,24.5,16.9
2022-03-10,Santacruz_IMD,19.1197,72.8468,0.0,0.0,0.0,33.8,23.1,19.0
2022-03-11,Santacruz_IMD,19.1197,72.8468,0.0,0.0,0.0,33.3,24.0,16.5
2022-03-12,Santacruz_IMD,19.1197,72.8468,0.0,0.0,0.0,36.3,22.8,18.0
2022-03-13,Santacruz_IMD,19.1197,72.8468,0.0,0.0,0.0,36.3,22.6,23.3
2022-03-14,Santacruz_IMD,19.1197,72.8468,0.0,0.0,0.0,36.0,22.8,21.5
2022-03-15,Santacruz_IMD,19.1197,72.8468,0.0,0.0,0.0,36.0,23.8,22.2
2022-03-16,Santacruz_IMD,19.1197,72.8468,0.0,0.0,0.0,35.4,23.3,26.0
2022-03-17,Santacruz_IMD,19.1197,72.8468,0.0,0.0,0.0,35.5,24.6,23.5
2022-03-18,Santacruz_IMD,19.1197,72.8468,0.0,0.0,0.0,34.8,22.8,27.1
2022-03-19,Santacruz_IMD,19.1197,72.8468,0.0,0.0,0.0,32.0,23.5,20.8
2022-03-20,Santacruz_IMD,19.1197,72.8468,0.0,0.0,0.0,30.2,24.0,26.9
2022-03-21,Santacruz_IMD,19.1197,72.8468,0.0,0.0,0.0,30.5,22.6,24.2
2022-03-22,Santacruz_IMD,19.1197,72.8468,0.0,0.0,0.0,34.3,24.6,26.5
2022-03-23,Santacruz_IMD,19.1197,72.8468,0.0,0.0,0.0,38.0,26.1,28.0
2022-03-24,Santacruz_IMD,19.1197,72.8468,0.0,0.0,0.0,33.7,24.9,20.1
2022-03-25,Santacruz_IMD,19.1197,72.8468,0.0,0.0,0.0,32.1,23.8,21.6
2022-03-26,Santacruz_IMD,19.1197,72.8468,0.0,0.0,0.0,32.4,23.3,22.2
2022-03-27,Santacruz_IMD,19.1197,72.8468,0.0,0.0,0.0,32.3,23.6,21.2
2022-03-28,Santacruz_IMD,19.1197,72.8468,0.0,0.0,0.0,32.3,24.3,20.7
2022-03-29,Santacruz_IMD,19.1197,72.8468,0.0,0.0,0.0,33.5,23.2,20.4
2022-03-30,Santacruz_IMD,19.1197,72.8468,0.0,0.0,0.0,33.8,22.8,19.4
2022-03-31,Santacruz_IMD,19.1197,72.8468,0.0,0.0,0.0,31.9,22.0,17.4
2022-04-01,Santacruz_IMD,19.1197,72.8468,0.0,0.0,0.0,33.0,22.1,19.1
2022-04-02,Santacruz_IMD,19.1197,72.8468,0.0,0.0,0.0,31.0,23.3,19.4
2022-04-03,Santacruz_IMD,19.1197,72.8468,0.0,0.0,0.0,31.6,23.0,23.4
2022-04-04,Santacruz_IMD,19.1197,72.8468,0.0,0.0,0.0,32.1,25.0,23.9
2022-04-05,Santacruz_IMD,19.1197,72.8468,0.0,0.0,0.0,32.2,24.7,22.5
2022-04-06,Santacruz_IMD,19.1197,72.8468,0.0,0.0,0.0,32.0,24.9,19.8
2022-04-07,Santacruz_IMD,19.1197,72.8468,0.0,0.0,0.0,32.6,25.2,18.9
2022-04-08,Santacruz_IMD,19.1197,72.8468,0.0,0.0,0.0,33.4,24.4,21.3
2022-04-09,Santacruz_IMD,19.1197,72.8468,0.0,0.0,0.0,32.1,26.0,17.4
2022-04-10,Santacruz_IMD,19.1197,72.8468,0.0,0.0,0.0,32.6,26.0,19.6
2022-04-11,Santacruz_IMD,19.1197,72.8468,0.0,0.0,0.0,32.5,25.6,23.4
2022-04-12,Santacruz_IMD,19.1197,72.8468,0.0,0.0,0.0,33.6,24.0,22.7
2022-04-13,Santacruz_IMD,19.1197,72.8468,0.0,0.0,0.0,34.9,24.2,23.1
2022-04-14,Santacruz_IMD,19.1197,72.8468,0.0,0.0,0.0,32.1,25.2,18.0
2022-04-15,Santacruz_IMD,19.1197,72.8468,0.0,0.0,0.0,32.1,25.4,18.9
2022-04-16,Santacruz_IMD,19.1197,72.8468,0.0,0.0,0.0,31.6,23.4,19.6
2022-04-17,Santacruz_IMD,19.1197,72.8468,0.0,0.0,0.0,32.0,24.7,19.9
2022-04-18,Santacruz_IMD,19.1197,72.8468,0.0,0.0,0.0,31.5,24.8,23.8
2022-04-19,Santacruz_IMD,19.1197,72.8468,0.0,0.0,0.0,32.2,24.8,23.4
2022-04-20,Santacruz_IMD,19.1197,72.8468,0.0,0.0,0.0,32.9,25.1,22.5
2022-04-21,Santacruz_IMD,19.1197,72.8468,0.0,0.0,0.0,38.4,28.1,29.8
2022-04-22,Santacruz_IMD,19.1197,72.8468,0.0,0.0,0.0,36.4,26.8,21.3
2022-04-23,Santacruz_IMD,19.1197,72.8468,0.0,0.0,0.0,37.1,26.3,17.7
2022-04-24,Santacruz_IMD,19.1197,72.8468,0.0,0.0,0.0,33.9,27.0,17.3
2022-04-25,Santacruz_IMD,19.1197,72.8468,0.0,0.0,0.0,36.5,25.4,23.7
2022-04-26,Santacruz_IMD,19.1197,72.8468,0.0,0.0,0.0,33.9,26.3,19.2
2022-04-27,Santacruz_IMD,19.1197,72.8468,0.0,0.0,0.0,35.4,25.9,24.0
2022-04-28,Santacruz_IMD,19.1197,72.8468,0.0,0.0,0.0,36.2,26.4,19.5
2022-04-29,Santacruz_IMD,19.1197,72.8468,0.0,0.0,0.0,33.3,27.8,17.0
2022-04-30,Santacruz_IMD,19.1197,72.8468,0.0,0.0,0.0,33.1,25.7,18.7
2022-05-01,Santacruz_IMD,19.1197,72.8468,0.0,0.0,0.0,33.0,26.2,16.7
2022-05-02,Santacruz_IMD,19.1197,72.8468,0.0,0.0,0.0,32.6,27.9,19.8
2022-05-03,Santacruz_IMD,19.1197,72.8468,0.0,0.0,0.0,32.9,27.3,19.6
2022-05-04,Santacruz_IMD,19.1197,72.8468,0.0,0.0,0.0,32.7,26.9,21.3
2022-05-05,Santacruz_IMD,19.1197,72.8468,0.0,0.0,0.0,33.1,25.7,23.4
2022-05-06,Santacruz_IMD,19.1197,72.8468,0.1,0.1,1.0,32.8,26.4,22.5
2022-05-07,Santacruz_IMD,19.1197,72.8468,0.0,0.0,0.0,33.1,26.1,22.9
2022-05-08,Santacruz_IMD,19.1197,72.8468,0.0,0.0,0.0,33.2,26.3,26.7
2022-05-09,Santacruz_IMD,19.1197,72.8468,0.0,0.0,0.0,32.6,26.9,24.6
2022-05-10,Santacruz_IMD,19.1197,72.8468,0.0,0.0,0.0,32.7,28.0,24.5
2022-05-11,Santacruz_IMD,19.1197,72.8468,0.0,0.0,0.0,32.5,27.5,19.8
2022-05-12,Santacruz_IMD,19.1197,72.8468,0.0,0.0,0.0,32.6,28.5,18.4
2022-05-13,Santacruz_IMD,19.1197,72.8468,0.0,0.0,0.0,32.1,28.3,18.5
2022-05-14,Santacruz_IMD,19.1197,72.8468,0.0,0.0,0.0,32.4,28.1,17.1
2022-05-15,Santacruz_IMD,19.1197,72.8468,0.0,0.0,0.0,32.9,28.2,18.1
2022-05-16,Santacruz_IMD,19.1197,72.8468,0.0,0.0,0.0,32.7,27.3,23.3
2022-05-17,Santacruz_IMD,19.1197,72.8468,0.0,0.0,0.0,32.9,27.9,18.2
2022-05-18,Santacruz_IMD,19.1197,72.8468,0.0,0.0,0.0,32.3,27.4,20.2
2022-05-19,Santacruz_IMD,19.1197,72.8468,0.0,0.0,0.0,32.2,27.5,21.9
2022-05-20,Santacruz_IMD,19.1197,72.8468,0.1,0.1,1.0,32.1,27.9,19.6
2022-05-21,Santacruz_IMD,19.1197,72.8468,0.1,0.1,1.0,32.5,28.6,21.6
2022-05-22,Santacruz_IMD,19.1197,72.8468,1.0,1.0,7.0,32.5,28.8,22.9
2022-05-23,Santacruz_IMD,19.1197,72.8468,2.7,2.7,11.0,32.8,28.6,22.6
2022-05-24,Santacruz_IMD,19.1197,72.8468,0.4,0.4,4.0,32.6,28.3,22.0
2022-05-25,Santacruz_IMD,19.1197,72.8468,0.6,0.6,5.0,32.4,27.6,18.7
2022-05-26,Santacruz_IMD,19.1197,72.8468,0.0,0.0,0.0,32.8,27.9,18.4
2022-05-27,Santacruz_IMD,19.1197,72.8468,0.0,0.0,0.0,33.3,28.5,20.1
2022-05-28,Santacruz_IMD,19.1197,72.8468,0.0,0.0,0.0,33.0,28.6,20.2
2022-05-29,Santacruz_IMD,19.1197,72.8468,0.1,0.1,1.0,33.1,28.9,20.6
2022-05-30,Santacruz_IMD,19.1197,72.8468,0.1,0.1,1.0,32.6,28.3,20.3
2022-05-31,Santacruz_IMD,19.1197,72.8468,0.0,0.0,0.0,32.9,28.1,21.4
2022-06-01,Santacruz_IMD,19.1197,72.8468,0.0,0.0,0.0,32.3,28.3,21.3
2022-06-02,Santacruz_IMD,19.1197,72.8468,0.0,0.0,0.0,32.2,27.9,21.1
2022-06-03,Santacruz_IMD,19.1197,72.8468,0.0,0.0,0.0,31.8,27.6,20.3
2022-06-04,Santacruz_IMD,19.1197,72.8468,0.0,0.0,0.0,32.4,27.6,18.9
2022-06-05,Santacruz_IMD,19.1197,72.8468,0.0,0.0,0.0,32.4,27.5,20.6
2022-06-06,Santacruz_IMD,19.1197,72.8468,0.0,0.0,0.0,32.1,27.7,17.9
2022-06-07,Santacruz_IMD,19.1197,72.8468,1.0,1.0,5.0,32.7,27.9,18.2
2022-06-08,Santacruz_IMD,19.1197,72.8468,2.5,2.5,12.0,31.8,27.1,17.8
2022-06-09,Santacruz_IMD,19.1197,72.8468,7.3,7.3,15.0,31.1,26.7,16.9
2022-06-10,Santacruz_IMD,19.1197,72.8468,13.8,13.8,21.0,30.8,26.6,18.7
2022-06-11,Santacruz_IMD,19.1197,72.8468,25.2,25.2,24.0,29.8,25.6,23.0
2022-06-12,Santacruz_IMD,19.1197,72.8468,15.9,15.9,24.0,28.4,25.7,25.3
2022-06-13,Santacruz_IMD,19.1197,72.8468,8.0,8.0,22.0,29.6,25.2,26.3
2022-06-14,Santacruz_IMD,19.1197,72.8468,2.5,2.5,13.0,30.5,25.6,22.9
2022-06-15,Santacruz_IMD,19.1197,72.8468,6.1,6.1,22.0,30.1,26.3,21.0
2022-06-16,Santacruz_IMD,19.1197,72.8468,5.1,5.1,21.0,30.1,25.8,20.1
2022-06-17,Santacruz_IMD,19.1197,72.8468,3.0,3.0,19.0,29.8,26.0,19.8
2022-06-18,Santacruz_IMD,19.1197,72.8468,6.6,6.6,19.0,29.8,26.5,22.4
2022-06-19,Santacruz_IMD,19.1197,72.8468,36.7,36.7,24.0,28.4,25.3,22.0
2022-06-20,Santacruz_IMD,19.1197,72.8468,54.8,54.8,24.0,26.7,25.1,18.4
2022-06-21,Santacruz_IMD,19.1197,72.8468,23.0,23.0,24.0,27.9,24.8,21.0
2022-06-22,Santacruz_IMD,19.1197,72.8468,26.9,26.9,23.0,29.2,25.1,19.2
2022-06-23,Santacruz_IMD,19.1197,72.8468,46.8,46.8,22.0,28.7,24.7,12.9
2022-06-24,Santacruz_IMD,19.1197,72.8468,17.5,17.5,21.0,29.9,25.5,22.7
2022-06-25,Santacruz_IMD,19.1197,72.8468,15.6,15.6,20.0,29.3,25.5,22.9
2022-06-26,Santacruz_IMD,19.1197,72.8468,15.7,15.7,16.0,28.0,25.3,29.5
2022-06-27,Santacruz_IMD,19.1197,72.8468,31.7,31.7,24.0,28.3,25.4,23.2
2022-06-28,Santacruz_IMD,19.1197,72.8468,10.0,10.0,20.0,28.1,25.5,20.0
2022-06-29,Santacruz_IMD,19.1197,72.8468,16.0,16.0,22.0,28.4,25.7,19.4
2022-06-30,Santacruz_IMD,19.1197,72.8468,41.6,41.6,24.0,27.8,25.4,20.2
2022-07-01,Santacruz_IMD,19.1197,72.8468,43.4,43.4,24.0,26.4,24.9,18.6
2022-07-02,Santacruz_IMD,19.1197,72.8468,23.9,23.9,24.0,27.5,25.1,21.1
2022-07-03,Santacruz_IMD,19.1197,72.8468,20.5,20.5,24.0,27.3,24.9,23.1
2022-07-04,Santacruz_IMD,19.1197,72.8468,28.2,28.2,24.0,27.0,25.1,20.6
2022-07-05,Santacruz_IMD,19.1197,72.8468,55.5,55.5,24.0,26.5,25.2,21.1
2022-07-06,Santacruz_IMD,19.1197,72.8468,35.6,35.6,24.0,26.7,25.4,20.7
2022-07-07,Santacruz_IMD,19.1197,72.8468,37.2,37.2,23.0,27.1,25.7,21.9
2022-07-08,Santacruz_IMD,19.1197,72.8468,25.0,25.0,24.0,28.6,25.3,25.9
2022-07-09,Santacruz_IMD,19.1197,72.8468,37.8,37.8,24.0,26.9,24.5,24.2
2022-07-10,Santacruz_IMD,19.1197,72.8468,52.5,52.5,24.0,26.3,24.3,22.0
2022-07-11,Santacruz_IMD,19.1197,72.8468,79.9,79.9,24.0,25.6,23.2,25.0
2022-07-12,Santacruz_IMD,19.1197,72.8468,65.0,65.0,24.0,25.9,23.8,22.8
2022-07-13,Santacruz_IMD,19.1197,72.8468,68.3,68.3,24.0,25.9,24.4,32.1
2022-07-14,Santacruz_IMD,19.1197,72.8468,60.2,60.2,24.0,26.0,24.9,32.2
2022-07-15,Santacruz_IMD,19.1197,72.8468,25.3,25.3,24.0,28.1,25.6,34.6
2022-07-16,Santacruz_IMD,19.1197,72.8468,24.8,24.8,24.0,28.0,25.7,32.5
2022-07-17,Santacruz_IMD,19.1197,72.8468,10.3,10.3,22.0,28.8,25.7,23.0
2022-07-18,Santacruz_IMD,19.1197,72.8468,30.3,30.3,24.0,26.2,24.4,18.5
2022-07-19,Santacruz_IMD,19.1197,72.8468,34.3,34.3,24.0,26.5,24.3,21.1
2022-07-20,Santacruz_IMD,19.1197,72.8468,13.4,13.4,19.0,27.7,25.1,18.5
2022-07-21,Santacruz_IMD,19.1197,72.8468,6.0,6.0,21.0,27.9,25.1,18.8
2022-07-22,Santacruz_IMD,19.1197,72.8468,4.8,4.8,18.0,28.9,25.2,20.4
2022-07-23,Santacruz_IMD,19.1197,72.8468,28.2,28.2,22.0,26.9,24.8,19.1
2022-07-24,Santacruz_IMD,19.1197,72.8468,25.8,25.8,24.0,26.4,24.9,19.5
2022-07-25,Santacruz_IMD,19.1197,72.8468,10.2,10.2,23.0,28.0,24.9,18.8
2022-07-26,Santacruz_IMD,19.1197,72.8468,4.1,4.1,15.0,27.4,25.4,15.8
2022-07-27,Santacruz_IMD,19.1197,72.8468,6.5,6.5,15.0,28.3,25.1,12.2
2022-07-28,Santacruz_IMD,19.1197,72.8468,2.5,2.5,9.0,28.8,24.5,16.3
2022-07-29,Santacruz_IMD,19.1197,72.8468,1.1,1.1,8.0,29.3,25.6,17.4
2022-07-30,Santacruz_IMD,19.1197,72.8468,0.2,0.2,2.0,29.2,26.1,16.8
2022-07-31,Santacruz_IMD,19.1197,72.8468,2.0,2.0,10.0,29.0,25.6,17.3
2022-08-01,Santacruz_IMD,19.1197,72.8468,2.1,2.1,12.0,29.0,25.9,17.4
2022-08-02,Santacruz_IMD,19.1197,72.8468,2.8,2.8,16.0,29.2,25.8,16.7
2022-08-03,Santacruz_IMD,19.1197,72.8468,10.3,10.3,18.0,28.9,25.6,15.2
2022-08-04,Santacruz_IMD,19.1197,72.8468,13.6,13.6,16.0,28.5,25.4,13.3
2022-08-05,Santacruz_IMD,19.1197,72.8468,27.2,27.2,24.0,27.1,25.6,15.1
2022-08-06,Santacruz_IMD,19.1197,72.8468,33.7,33.7,23.0,27.6,25.2,17.1
2022-08-07,Santacruz_IMD,19.1197,72.8468,56.5,56.5,24.0,27.7,25.7,16.1
2022-08-08,Santacruz_IMD,19.1197,72.8468,32.6,32.6,24.0,27.2,25.6,35.1
2022-08-09,Santacruz_IMD,19.1197,72.8468,71.3,71.3,24.0,26.7,25.3,35.5
2022-08-10,Santacruz_IMD,19.1197,72.8468,37.6,37.6,24.0,27.3,25.5,36.6
2022-08-11,Santacruz_IMD,19.1197,72.8468,23.1,23.1,24.0,28.0,25.7,37.7
2022-08-12,Santacruz_IMD,19.1197,72.8468,16.1,16.1,22.0,28.0,25.2,39.5
2022-08-13,Santacruz_IMD,19.1197,72.8468,13.1,13.1,23.0,28.5,25.2,29.8
2022-08-14,Santacruz_IMD,19.1197,72.8468,11.0,11.0,19.0,28.2,24.8,29.6
2022-08-15,Santacruz_IMD,19.1197,72.8468,29.0,29.0,24.0,26.8,24.8,24.8
2022-08-16,Santacruz_IMD,19.1197,72.8468,64.1,64.1,24.0,26.2,24.9,31.9
2022-08-17,Santacruz_IMD,19.1197,72.8468,19.3,19.3,24.0,27.4,24.9,29.8
2022-08-18,Santacruz_IMD,19.1197,72.8468,10.5,10.5,18.0,27.7,24.9,27.3
2022-08-19,Santacruz_IMD,19.1197,72.8468,11.9,11.9,22.0,27.9,25.2,24.7
2022-08-20,Santacruz_IMD,19.1197,72.8468,6.2,6.2,22.0,27.9,25.3,21.7
2022-08-21,Santacruz_IMD,19.1197,72.8468,5.8,5.8,21.0,27.7,25.2,21.3
2022-08-22,Santacruz_IMD,19.1197,72.8468,9.1,9.1,22.0,27.2,25.1,23.4
2022-08-23,Santacruz_IMD,19.1197,72.8468,7.9,7.9,21.0,28.0,25.0,24.8
2022-08-24,Santacruz_IMD,19.1197,72.8468,7.8,7.8,23.0,27.9,24.8,22.9
2022-08-25,Santacruz_IMD,19.1197,72.8468,6.1,6.1,19.0,27.5,24.9,17.1
2022-08-26,Santacruz_IMD,19.1197,72.8468,2.2,2.2,11.0,27.9,24.3,15.2
2022-08-27,Santacruz_IMD,19.1197,72.8468,1.8,1.8,9.0,28.1,24.7,16.6
2022-08-28,Santacruz_IMD,19.1197,72.8468,2.0,2.0,12.0,28.0,24.6,17.6
2022-08-29,Santacruz_IMD,19.1197,72.8468,1.2,1.2,7.0,28.7,24.4,16.7
2022-08-30,Santacruz_IMD,19.1197,72.8468,0.6,0.6,6.0,29.4,25.3,18.3
2022-08-31,Santacruz_IMD,19.1197,72.8468,18.7,18.7,15.0,29.5,25.1,18.0
2022-09-01,Santacruz_IMD,19.1197,72.8468,1.7,1.7,10.0,28.9,25.1,16.0
2022-09-02,Santacruz_IMD,19.1197,72.8468,10.0,10.0,9.0,30.4,25.1,13.6
2022-09-03,Santacruz_IMD,19.1197,72.8468,0.9,0.9,6.0,29.9,25.7,15.4
2022-09-04,Santacruz_IMD,19.1197,72.8468,9.9,9.9,20.0,28.6,26.0,14.8
2022-09-05,Santacruz_IMD,19.1197,72.8468,1.8,1.8,11.0,29.0,26.0,15.8
2022-09-06,Santacruz_IMD,19.1197,72.8468,4.9,4.9,13.0,29.1,25.5,13.3
2022-09-07,Santacruz_IMD,19.1197,72.8468,20.1,20.1,12.0,30.1,25.3,15.6
2022-09-08,Santacruz_IMD,19.1197,72.8468,39.7,39.7,18.0,28.5,24.9,12.0
2022-09-09,Santacruz_IMD,19.1197,72.8468,27.0,27.0,11.0,29.6,25.0,13.7
2022-09-10,Santacruz_IMD,19.1197,72.8468,13.2,13.2,12.0,29.5,25.5,11.7
2022-09-11,Santacruz_IMD,19.1197,72.8468,25.5,25.5,12.0,29.2,24.9,13.0
2022-09-12,Santacruz_IMD,19.1197,72.8468,21.8,21.8,19.0,28.5,25.0,17.7
2022-09-13,Santacruz_IMD,19.1197,72.8468,51.7,51.7,24.0,26.7,25.0,24.1
2022-09-14,Santacruz_IMD,19.1197,72.8468,81.9,81.9,24.0,27.5,25.3,27.3
2022-09-15,Santacruz_IMD,19.1197,72.8468,68.7,68.7,24.0,27.8,25.3,30.5
2022-09-16,Santacruz_IMD,19.1197,72.8468,96.6,96.6,24.0,26.1,24.6,25.9
2022-09-17,Santacruz_IMD,19.1197,72.8468,36.6,36.6,24.0,27.4,24.3,20.2
2022-09-18,Santacruz_IMD,19.1197,72.8468,61.8,61.8,24.0,26.5,24.0,16.0
2022-09-19,Santacruz_IMD,19.1197,72.8468,2.9,2.9,12.0,27.8,24.2,19.2
2022-09-20,Santacruz_IMD,19.1197,72.8468,15.0,15.0,21.0,26.2,24.3,13.2
2022-09-21,Santacruz_IMD,19.1197,72.8468,12.3,12.3,17.0,27.0,24.2,15.2
2022-09-22,Santacruz_IMD,19.1197,72.8468,18.0,18.0,22.0,25.7,24.2,14.4
2022-09-23,Santacruz_IMD,19.1197,72.8468,4.0,4.0,17.0,28.1,24.1,18.7
2022-09-24,Santacruz_IMD,19.1197,72.8468,5.2,5.2,21.0,27.2,24.3,17.2
2022-09-25,Santacruz_IMD,19.1197,72.8468,4.7,4.7,14.0,27.4,24.3,12.1
2022-09-26,Santacruz_IMD,19.1197,72.8468,3.0,3.0,5.0,27.8,23.5,14.7
2022-09-27,Santacruz_IMD,19.1197,72.8468,0.9,0.9,8.0,28.0,23.8,13.1
2022-09-28,Santacruz_IMD,19.1197,72.8468,2.3,2.3,9.0,28.0,24.3,15.7
2022-09-29,Santacruz_IMD,19.1197,72.8468,2.0,2.0,9.0,28.0,24.0,15.3
2022-09-30,Santacruz_IMD,19.1197,72.8468,2.2,2.2,6.0,29.0,24.4,15.5
2022-10-01,Santacruz_IMD,19.1197,72.8468,10.3,10.3,12.0,27.9,23.3,16.1
2022-10-02,Santacruz_IMD,19.1197,72.8468,0.7,0.7,6.0,28.6,24.0,16.3
2022-10-03,Santacruz_IMD,19.1197,72.8468,0.6,0.6,4.0,28.6,24.2,18.9
2022-10-04,Santacruz_IMD,19.1197,72.8468,0.0,0.0,0.0,29.4,24.4,19.7
2022-10-05,Santacruz_IMD,19.1197,72.8468,2.4,2.4,8.0,30.0,24.9,20.2
2022-10-06,Santacruz_IMD,19.1197,72.8468,3.5,3.5,8.0,29.5,25.3,22.1
2022-10-07,Santacruz_IMD,19.1197,72.8468,27.7,27.7,19.0,27.0,24.4,18.1
2022-10-08,Santacruz_IMD,19.1197,72.8468,31.9,31.9,22.0,27.3,24.8,17.6
2022-10-09,Santacruz_IMD,19.1197,72.8468,1.1,1.1,9.0,28.9,25.2,13.0
2022-10-10,Santacruz_IMD,19.1197,72.8468,0.2,0.2,2.0,29.8,24.2,12.9
2022-10-11,Santacruz_IMD,19.1197,72.8468,11.1,11.1,9.0,29.9,24.4,12.4
2022-10-12,Santacruz_IMD,19.1197,72.8468,13.8,13.8,12.0,28.3,24.1,11.0
2022-10-13,Santacruz_IMD,19.1197,72.8468,2.1,2.1,3.0,29.7,23.9,9.8
2022-10-14,Santacruz_IMD,19.1197,72.8468,14.5,14.5,12.0,30.5,24.5,10.8
2022-10-15,Santacruz_IMD,19.1197,72.8468,0.9,0.9,2.0,31.9,24.0,13.4
2022-10-16,Santacruz_IMD,19.1197,72.8468,0.0,0.0,0.0,32.0,24.6,15.6
2022-10-17,Santacruz_IMD,19.1197,72.8468,6.4,6.4,7.0,29.9,25.0,15.0
2022-10-18,Santacruz_IMD,19.1197,72.8468,7.4,7.4,9.0,27.6,24.5,16.9
2022-10-19,Santacruz_IMD,19.1197,72.8468,4.4,4.4,8.0,29.5,24.6,9.9
2022-10-20,Santacruz_IMD,19.1197,72.8468,0.7,0.7,5.0,29.6,24.1,11.9
2022-10-21,Santacruz_IMD,19.1197,72.8468,3.8,3.8,8.0,30.8,24.7,9.7
2022-10-22,Santacruz_IMD,19.1197,72.8468,1.3,1.3,2.0,30.4,24.7,17.7
2022-10-23,Santacruz_IMD,19.1197,72.8468,0.0,0.0,0.0,31.4,22.7,13.8
2022-10-24,Santacruz_IMD,19.1197,72.8468,0.0,0.0,0.0,30.6,20.4,12.5
2022-10-25,Santacruz_IMD,19.1197,72.8468,0.0,0.0,0.0,30.0,21.3,13.1
2022-10-26,Santacruz_IMD,19.1197,72.8468,0.0,0.0,0.0,30.5,20.9,14.8
2022-10-27,Santacruz_IMD,19.1197,72.8468,0.0,0.0,0.0,30.6,21.1,13.6
2022-10-28,Santacruz_IMD,19.1197,72.8468,0.0,0.0,0.0,31.1,20.6,11.4
2022-10-29,Santacruz_IMD,19.1197,72.8468,0.0,0.0,0.0,31.8,20.5,11.8
2022-10-30,Santacruz_IMD,19.1197,72.8468,0.0,0.0,0.0,31.8,20.3,14.6
2022-10-31,Santacruz_IMD,19.1197,72.8468,0.0,0.0,0.0,31.8,20.5,16.6
2022-11-01,Santacruz_IMD,19.1197,72.8468,0.0,0.0,0.0,31.5,21.0,16.4
2022-11-02,Santacruz_IMD,19.1197,72.8468,0.0,0.0,0.0,31.6,21.1,15.5
2022-11-03,Santacruz_IMD,19.1197,72.8468,0.0,0.0,0.0,33.3,20.6,14.6
2022-11-04,Santacruz_IMD,19.1197,72.8468,0.0,0.0,0.0,33.4,21.0,15.7
2022-11-05,Santacruz_IMD,19.1197,72.8468,0.0,0.0,0.0,33.3,21.0,15.7
2022-11-06,Santacruz_IMD,19.1197,72.8468,0.0,0.0,0.0,33.0,21.0,14.2
2022-11-07,Santacruz_IMD,19.1197,72.8468,0.0,0.0,0.0,31.8,19.8,13.2
2022-11-08,Santacruz_IMD,19.1197,72.8468,0.0,0.0,0.0,32.3,21.0,15.3
2022-11-09,Santacruz_IMD,19.1197,72.8468,0.0,0.0,0.0,31.7,21.1,17.7
2022-11-10,Santacruz_IMD,19.1197,72.8468,0.0,0.0,0.0,32.4,21.4,20.3
2022-11-11,Santacruz_IMD,19.1197,72.8468,0.0,0.0,0.0,33.1,21.1,18.6
2022-11-12,Santacruz_IMD,19.1197,72.8468,0.0,0.0,0.0,33.0,22.0,18.6
2022-11-13,Santacruz_IMD,19.1197,72.8468,0.0,0.0,0.0,32.8,22.1,16.4
2022-11-14,Santacruz_IMD,19.1197,72.8468,0.0,0.0,0.0,32.5,21.6,14.7
2022-11-15,Santacruz_IMD,19.1197,72.8468,0.0,0.0,0.0,31.5,21.6,13.3
2022-11-16,Santacruz_IMD,19.1197,72.8468,0.0,0.0,0.0,32.2,21.6,16.4
2022-11-17,Santacruz_IMD,19.1197,72.8468,0.0,0.0,0.0,32.4,21.6,18.4
2022-11-18,Santacruz_IMD,19.1197,72.8468,0.0,0.0,0.0,31.7,21.7,17.6
2022-11-19,Santacruz_IMD,19.1197,72.8468,0.0,0.0,0.0,31.4,20.8,15.9
2022-11-20,Santacruz_IMD,19.1197,72.8468,0.0,0.0,0.0,30.3,19.6,20.4
2022-11-21,Santacruz_IMD,19.1197,72.8468,0.0,0.0,0.0,29.8,18.3,16.5
2022-11-22,Santacruz_IMD,19.1197,72.8468,0.0,0.0,0.0,30.8,18.8,17.1
2022-11-23,Santacruz_IMD,19.1197,72.8468,0.0,0.0,0.0,31.4,21.4,19.1
2022-11-24,Santacruz_IMD,19.1197,72.8468,0.0,0.0,0.0,31.3,20.6,16.1
2022-11-25,Santacruz_IMD,19.1197,72.8468,0.0,0.0,0.0,31.9,21.0,13.1
2022-11-26,Santacruz_IMD,19.1197,72.8468,0.0,0.0,0.0,32.1,22.4,13.8
2022-11-27,Santacruz_IMD,19.1197,72.8468,0.0,0.0,0.0,30.6,22.1,14.8
2022-11-28,Santacruz_IMD,19.1197,72.8468,0.0,0.0,0.0,30.2,20.4,16.1
2022-11-29,Santacruz_IMD,19.1197,72.8468,0.0,0.0,0.0,29.8,19.6,13.6
2022-11-30,Santacruz_IMD,19.1197,72.8468,0.0,0.0,0.0,32.1,20.6,15.0
2022-12-01,Santacruz_IMD,19.1197,72.8468,0.0,0.0,0.0,32.5,21.1,14.6
2022-12-02,Santacruz_IMD,19.1197,72.8468,0.0,0.0,0.0,32.0,19.6,14.0
2022-12-03,Santacruz_IMD,19.1197,72.8468,0.0,0.0,0.0,31.1,20.0,17.9
2022-12-04,Santacruz_IMD,19.1197,72.8468,0.0,0.0,0.0,32.3,22.0,13.0
2022-12-05,Santacruz_IMD,19.1197,72.8468,0.0,0.0,0.0,31.7,22.9,14.6
2022-12-06,Santacruz_IMD,19.1197,72.8468,0.0,0.0,0.0,32.2,23.5,18.3
2022-12-07,Santacruz_IMD,19.1197,72.8468,0.0,0.0,0.0,32.1,22.6,18.7
2022-12-08,Santacruz_IMD,19.1197,72.8468,0.0,0.0,0.0,31.3,21.0,18.4
2022-12-09,Santacruz_IMD,19.1197,72.8468,0.0,0.0,0.0,30.3,20.1,19.8
2022-12-10,Santacruz_IMD,19.1197,72.8468,0.0,0.0,0.0,31.4,18.0,17.6
2022-12-11,Santacruz_IMD,19.1197,72.8468,0.0,0.0,0.0,30.9,18.7,17.6
2022-12-12,Santacruz_IMD,19.1197,72.8468,0.0,0.0,0.0,31.9,21.8,16.8
2022-12-13,Santacruz_IMD,19.1197,72.8468,0.0,0.0,0.0,32.4,24.3,14.6
2022-12-14,Santacruz_IMD,19.1197,72.8468,0.2,0.2,1.0,32.1,25.5,15.5
2022-12-15,Santacruz_IMD,19.1197,72.8468,0.0,0.0,0.0,31.7,24.4,13.6
2022-12-16,Santacruz_IMD,19.1197,72.8468,0.0,0.0,0.0,33.3,23.6,15.9
2022-12-17,Santacruz_IMD,19.1197,72.8468,0.0,0.0,0.0,33.5,23.8,16.9
2022-12-18,Santacruz_IMD,19.1197,72.8468,0.0,0.0,0.0,33.3,24.8,20.5
2022-12-19,Santacruz_IMD,19.1197,72.8468,0.0,0.0,0.0,31.3,23.6,17.1
2022-12-20,Santacruz_IMD,19.1197,72.8468,0.0,0.0,0.0,30.4,21.4,16.9
2022-12-21,Santacruz_IMD,19.1197,72.8468,0.0,0.0,0.0,31.0,20.3,15.4
2022-12-22,Santacruz_IMD,19.1197,72.8468,0.0,0.0,0.0,31.0,20.1,15.9
2022-12-23,Santacruz_IMD,19.1197,72.8468,0.0,0.0,0.0,29.5,21.0,20.4
2022-12-24,Santacruz_IMD,19.1197,72.8468,0.0,0.0,0.0,28.8,19.1,19.2
2022-12-25,Santacruz_IMD,19.1197,72.8468,0.0,0.0,0.0,27.6,16.4,14.0
2022-12-26,Santacruz_IMD,19.1197,72.8468,0.0,0.0,0.0,28.0,16.1,15.9
2022-12-27,Santacruz_IMD,19.1197,72.8468,0.0,0.0,0.0,29.7,17.5,17.8
2022-12-28,Santacruz_IMD,19.1197,72.8468,0.0,0.0,0.0,30.3,18.2,17.3
2022-12-29,Santacruz_IMD,19.1197,72.8468,0.0,0.0,0.0,30.6,18.4,16.9
2022-12-30,Santacruz_IMD,19.1197,72.8468,0.0,0.0,0.0,30.6,18.3,17.6
2022-12-31,Santacruz_IMD,19.1197,72.8468,0.0,0.0,0.0,29.4,19.5,20.3
2023-01-01,Santacruz_IMD,19.1197,72.8468,0.0,0.0,0.0,27.3,16.4,18.4
2023-01-02,Santacruz_IMD,19.1197,72.8468,0.0,0.0,0.0,29.2,16.5,16.9
2023-01-03,Santacruz_IMD,19.1197,72.8468,0.0,0.0,0.0,29.2,17.0,19.0
2023-01-04,Santacruz_IMD,19.1197,72.8468,0.0,0.0,0.0,28.6,17.1,16.8
2023-01-05,Santacruz_IMD,19.1197,72.8468,0.0,0.0,0.0,29.8,19.4,14.8
2023-01-06,Santacruz_IMD,19.1197,72.8468,0.0,0.0,0.0,31.6,20.4,15.3
2023-01-07,Santacruz_IMD,19.1197,72.8468,0.0,0.0,0.0,32.0,22.4,16.7
2023-01-08,Santacruz_IMD,19.1197,72.8468,0.0,0.0,0.0,31.4,21.3,19.0
2023-01-09,Santacruz_IMD,19.1197,72.8468,0.0,0.0,0.0,30.7,18.9,18.7
2023-01-10,Santacruz_IMD,19.1197,72.8468,0.0,0.0,0.0,31.1,17.2,17.9
2023-01-11,Santacruz_IMD,19.1197,72.8468,0.0,0.0,0.0,29.4,16.1,15.6
2023-01-12,Santacruz_IMD,19.1197,72.8468,0.0,0.0,0.0,28.2,16.7,19.2
2023-01-13,Santacruz_IMD,19.1197,72.8468,0.0,0.0,0.0,26.6,19.5,22.2
2023-01-14,Santacruz_IMD,19.1197,72.8468,0.0,0.0,0.0,26.0,15.8,20.3
2023-01-15,Santacruz_IMD,19.1197,72.8468,0.0,0.0,0.0,25.8,14.8,19.7
2023-01-16,Santacruz_IMD,19.1197,72.8468,0.0,0.0,0.0,25.7,14.6,14.5
2023-01-17,Santacruz_IMD,19.1197,72.8468,0.0,0.0,0.0,27.0,16.0,15.2
2023-01-18,Santacruz_IMD,19.1197,72.8468,0.0,0.0,0.0,29.3,15.1,13.7
2023-01-19,Santacruz_IMD,19.1197,72.8468,0.0,0.0,0.0,28.0,16.3,12.5
2023-01-20,Santacruz_IMD,19.1197,72.8468,0.0,0.0,0.0,27.5,16.9,16.6
2023-01-21,Santacruz_IMD,19.1197,72.8468,0.0,0.0,0.0,27.3,17.7,18.9
2023-01-22,Santacruz_IMD,19.1197,72.8468,0.0,0.0,0.0,26.9,18.0,23.3
2023-01-23,Santacruz_IMD,19.1197,72.8468,0.0,0.0,0.0,25.7,16.7,24.2
2023-01-24,Santacruz_IMD,19.1197,72.8468,0.0,0.0,0.0,25.5,16.7,24.2
2023-01-25,Santacruz_IMD,19.1197,72.8468,0.0,0.0,0.0,26.5,17.3,26.7
2023-01-26,Santacruz_IMD,19.1197,72.8468,0.0,0.0,0.0,27.3,18.1,21.7
2023-01-27,Santacruz_IMD,19.1197,72.8468,0.0,0.0,0.0,32.6,20.4,16.9
2023-01-28,Santacruz_IMD,19.1197,72.8468,0.0,0.0,0.0,30.8,19.7,18.5
2023-01-29,Santacruz_IMD,19.1197,72.8468,1.0,1.0,2.0,25.9,21.6,17.2
2023-01-30,Santacruz_IMD,19.1197,72.8468,0.0,0.0,0.0,28.0,20.0,23.2
2023-01-31,Santacruz_IMD,19.1197,72.8468,0.0,0.0,0.0,30.4,21.2,22.2
2023-02-01,Santacruz_IMD,19.1197,72.8468,0.0,0.0,0.0,33.5,23.2,21.8
2023-02-02,Santacruz_IMD,19.1197,72.8468,0.0,0.0,0.0,33.9,23.3,19.9
2023-02-03,Santacruz_IMD,19.1197,72.8468,0.0,0.0,0.0,32.3,21.0,18.7
2023-02-04,Santacruz_IMD,19.1197,72.8468,0.0,0.0,0.0,31.7,18.7,18.3
2023-02-05,Santacruz_IMD,19.1197,72.8468,0.0,0.0,0.0,30.9,19.7,12.9
2023-02-06,Santacruz_IMD,19.1197,72.8468,0.0,0.0,0.0,29.4,17.9,20.4
2023-02-07,Santacruz_IMD,19.1197,72.8468,0.0,0.0,0.0,31.3,19.2,22.7
2023-02-08,Santacruz_IMD,19.1197,72.8468,0.0,0.0,0.0,31.2,17.6,19.1
2023-02-09,Santacruz_IMD,19.1197,72.8468,0.0,0.0,0.0,33.7,19.2,18.9
2023-02-10,Santacruz_IMD,19.1197,72.8468,0.0,0.0,0.0,31.5,18.5,20.5
2023-02-11,Santacruz_IMD,19.1197,72.8468,0.0,0.0,0.0,31.7,17.8,22.4
2023-02-12,Santacruz_IMD,19.1197,72.8468,0.0,0.0,0.0,32.7,17.6,21.3
2023-02-13,Santacruz_IMD,19.1197,72.8468,0.0,0.0,0.0,33.8,21.9,24.0
2023-02-14,Santacruz_IMD,19.1197,72.8468,0.0,0.0,0.0,33.0,19.8,20.1
2023-02-15,Santacruz_IMD,19.1197,72.8468,0.0,0.0,0.0,33.1,17.8,21.5
2023-02-16,Santacruz_IMD,19.1197,72.8468,0.0,0.0,0.0,34.9,20.6,25.3
2023-02-17,Santacruz_IMD,19.1197,72.8468,0.0,0.0,0.0,34.2,21.6,23.4
2023-02-18,Santacruz_IMD,19.1197,72.8468,0.0,0.0,0.0,34.9,19.2,22.2
2023-02-19,Santacruz_IMD,19.1197,72.8468,0.0,0.0,0.0,35.6,18.6,19.0
2023-02-20,Santacruz_IMD,19.1197,72.8468,0.0,0.0,0.0,30.9,19.1,16.2
2023-02-21,Santacruz_IMD,19.1197,72.8468,0.0,0.0,0.0,32.0,19.1,20.9
2023-02-22,Santacruz_IMD,19.1197,72.8468,0.0,0.0,0.0,30.0,19.4,22.2
2023-02-23,Santacruz_IMD,19.1197,72.8468,0.0,0.0,0.0,32.9,19.9,22.6
2023-02-24,Santacruz_IMD,19.1197,72.8468,0.0,0.0,0.0,34.3,21.2,23.0
2023-02-25,Santacruz_IMD,19.1197,72.8468,0.0,0.0,0.0,33.9,21.7,22.5
2023-02-26,Santacruz_IMD,19.1197,72.8468,0.0,0.0,0.0,34.8,20.4,22.6
2023-02-27,Santacruz_IMD,19.1197,72.8468,0.0,0.0,0.0,34.8,22.1,21.9
2023-02-28,Santacruz_IMD,19.1197,72.8468,0.0,0.0,0.0,33.2,19.6,18.9
2023-03-01,Santacruz_IMD,19.1197,72.8468,0.0,0.0,0.0,32.7,20.4,18.5
2023-03-02,Santacruz_IMD,19.1197,72.8468,0.0,0.0,0.0,35.1,21.4,19.6
2023-03-03,Santacruz_IMD,19.1197,72.8468,0.0,0.0,0.0,33.7,21.3,17.2
2023-03-04,Santacruz_IMD,19.1197,72.8468,0.0,0.0,0.0,34.2,21.9,15.9
2023-03-05,Santacruz_IMD,19.1197,72.8468,0.0,0.0,0.0,36.2,22.7,18.7
2023-03-06,Santacruz_IMD,19.1197,72.8468,0.1,0.1,1.0,36.3,24.4,21.2
2023-03-07,Santacruz_IMD,19.1197,72.8468,0.0,0.0,0.0,36.0,23.9,23.4
2023-03-08,Santacruz_IMD,19.1197,72.8468,0.0,0.0,0.0,35.3,23.0,20.5
2023-03-09,Santacruz_IMD,19.1197,72.8468,0.0,0.0,0.0,36.6,23.2,22.4
2023-03-10,Santacruz_IMD,19.1197,72.8468,0.0,0.0,0.0,35.2,24.1,23.3
2023-03-11,Santacruz_IMD,19.1197,72.8468,0.0,0.0,0.0,36.8,22.0,22.4
2023-03-12,Santacruz_IMD,19.1197,72.8468,0.0,0.0,0.0,37.7,23.2,21.5
2023-03-13,Santacruz_IMD,19.1197,72.8468,0.0,0.0,0.0,37.4,24.1,16.1
2023-03-14,Santacruz_IMD,19.1197,72.8468,0.0,0.0,0.0,36.6,23.2,17.6
2023-03-15,Santacruz_IMD,19.1197,72.8468,0.0,0.0,0.0,34.7,23.3,20.2
2023-03-16,Santacruz_IMD,19.1197,72.8468,13.3,13.3,4.0,32.3,22.8,20.5
2023-03-17,Santacruz_IMD,19.1197,72.8468,0.7,0.7,3.0,30.7,22.4,16.3
2023-03-18,Santacruz_IMD,19.1197,72.8468,0.0,0.0,0.0,30.8,24.1,18.9
2023-03-19,Santacruz_IMD,19.1197,72.8468,0.0,0.0,0.0,29.8,22.7,18.8
2023-03-20,Santacruz_IMD,19.1197,72.8468,0.0,0.0,0.0,29.5,23.3,17.4
2023-03-21,Santacruz_IMD,19.1197,72.8468,0.7,0.7,5.0,29.0,21.8,16.4
2023-03-22,Santacruz_IMD,19.1197,72.8468,0.0,0.0,0.0,30.1,22.6,15.8
2023-03-23,Santacruz_IMD,19.1197,72.8468,0.4,0.4,3.0,30.1,22.8,18.6
2023-03-24,Santacruz_IMD,19.1197,72.8468,0.0,0.0,0.0,30.2,22.4,22.2
2023-03-25,Santacruz_IMD,19.1197,72.8468,0.0,0.0,0.0,29.7,21.1,23.7
2023-03-26,Santacruz_IMD,19.1197,72.8468,0.0,0.0,0.0,29.6,20.4,20.8
2023-03-27,Santacruz_IMD,19.1197,72.8468,0.0,0.0,0.0,29.8,20.9,19.9
2023-03-28,Santacruz_IMD,19.1197,72.8468,0.0,0.0,0.0,29.9,22.4,19.8
2023-03-29,Santacruz_IMD,19.1197,72.8468,0.0,0.0,0.0,29.9,21.9,17.6
2023-03-30,Santacruz_IMD,19.1197,72.8468,0.2,0.2,2.0,29.5,22.7,15.6
2023-03-31,Santacruz_IMD,19.1197,72.8468,0.4,0.4,2.0,29.4,23.7,16.5
2023-04-01,Santacruz_IMD,19.1197,72.8468,0.0,0.0,0.0,30.0,22.3,23.3
2023-04-02,Santacruz_IMD,19.1197,72.8468,0.0,0.0,0.0,30.1,22.2,23.8
2023-04-03,Santacruz_IMD,19.1197,72.8468,0.0,0.0,0.0,30.1,22.7,23.4
2023-04-04,Santacruz_IMD,19.1197,72.8468,0.0,0.0,0.0,30.8,23.1,23.7
2023-04-05,Santacruz_IMD,19.1197,72.8468,0.0,0.0,0.0,31.0,21.9,22.8
2023-04-06,Santacruz_IMD,19.1197,72.8468,0.0,0.0,0.0,33.1,23.4,21.6
2023-04-07,Santacruz_IMD,19.1197,72.8468,0.0,0.0,0.0,34.1,25.3,23.2
2023-04-08,Santacruz_IMD,19.1197,72.8468,0.0,0.0,0.0,35.1,25.6,17.1
2023-04-09,Santacruz_IMD,19.1197,72.8468,0.0,0.0,0.0,35.8,25.6,23.8
2023-04-10,Santacruz_IMD,19.1197,72.8468,0.0,0.0,0.0,35.9,26.1,21.6
2023-04-11,Santacruz_IMD,19.1197,72.8468,0.0,0.0,0.0,34.9,26.5,22.7
2023-04-12,Santacruz_IMD,19.1197,72.8468,0.0,0.0,0.0,35.7,26.6,25.0
2023-04-13,Santacruz_IMD,19.1197,72.8468,0.0,0.0,0.0,35.2,27.2,22.4
2023-04-14,Santacruz_IMD,19.1197,72.8468,0.0,0.0,0.0,35.2,26.7,21.7
2023-04-15,Santacruz_IMD,19.1197,72.8468,0.0,0.0,0.0,35.2,25.2,21.9
2023-04-16,Santacruz_IMD,19.1197,72.8468,0.0,0.0,0.0,34.1,24.1,22.5
2023-04-17,Santacruz_IMD,19.1197,72.8468,0.0,0.0,0.0,34.1,24.5,23.3
2023-04-18,Santacruz_IMD,19.1197,72.8468,0.0,0.0,0.0,37.2,26.3,24.0
2023-04-19,Santacruz_IMD,19.1197,72.8468,0.0,0.0,0.0,36.5,28.2,24.1
2023-04-20,Santacruz_IMD,19.1197,72.8468,0.0,0.0,0.0,34.9,26.2,23.3
2023-04-21,Santacruz_IMD,19.1197,72.8468,0.0,0.0,0.0,32.3,24.2,19.7
2023-04-22,Santacruz_IMD,19.1197,72.8468,0.0,0.0,0.0,31.6,23.8,19.1
2023-04-23,Santacruz_IMD,19.1197,72.8468,0.0,0.0,0.0,31.6,24.4,21.7
2023-04-24,Santacruz_IMD,19.1197,72.8468,0.0,0.0,0.0,32.3,24.5,22.5
2023-04-25,Santacruz_IMD,19.1197,72.8468,0.0,0.0,0.0,32.7,25.1,21.3
2023-04-26,Santacruz_IMD,19.1197,72.8468,0.0,0.0,0.0,31.4,25.9,21.0
2023-04-27,Santacruz_IMD,19.1197,72.8468,0.0,0.0,0.0,31.9,25.2,21.7
2023-04-28,Santacruz_IMD,19.1197,72.8468,0.0,0.0,0.0,31.9,25.5,18.2
2023-04-29,Santacruz_IMD,19.1197,72.8468,0.4,0.4,3.0,31.6,26.1,20.1
2023-04-30,Santacruz_IMD,19.1197,72.8468,0.5,0.5,2.0,31.5,24.4,19.5
2023-05-01,Santacruz_IMD,19.1197,72.8468,2.1,2.1,6.0,31.6,24.7,15.9
2023-05-02,Santacruz_IMD,19.1197,72.8468,0.7,0.7,3.0,31.5,25.2,16.6
2023-05-03,Santacruz_IMD,19.1197,72.8468,0.0,0.0,0.0,31.8,25.6,18.6
2023-05-04,Santacruz_IMD,19.1197,72.8468,0.5,0.5,4.0,31.6,24.8,18.7
2023-05-05,Santacruz_IMD,19.1197,72.8468,0.4,0.4,2.0,32.3,25.0,20.1
2023-05-06,Santacruz_IMD,19.1197,72.8468,0.1,0.1,1.0,31.9,25.2,22.4
2023-05-07,Santacruz_IMD,19.1197,72.8468,8.2,8.2,6.0,30.0,25.4,16.4
2023-05-08,Santacruz_IMD,19.1197,72.8468,0.5,0.5,4.0,32.3,27.6,19.7
2023-05-09,Santacruz_IMD,19.1197,72.8468,0.0,0.0,0.0,33.0,27.7,19.8
2023-05-10,Santacruz_IMD,19.1197,72.8468,0.0,0.0,0.0,34.0,27.3,21.9
2023-05-11,Santacruz_IMD,19.1197,72.8468,0.0,0.0,0.0,34.5,26.3,18.9
2023-05-12,Santacruz_IMD,19.1197,72.8468,0.0,0.0,0.0,34.0,27.5,18.3
2023-05-13,Santacruz_IMD,19.1197,72.8468,0.0,0.0,0.0,33.3,27.7,18.0
2023-05-14,Santacruz_IMD,19.1197,72.8468,0.0,0.0,0.0,33.2,27.3,17.4
2023-05-15,Santacruz_IMD,19.1197,72.8468,0.5,0.5,4.0,33.2,28.2,19.1
2023-05-16,Santacruz_IMD,19.1197,72.8468,0.3,0.3,3.0,33.6,27.7,17.3
2023-05-17,Santacruz_IMD,19.1197,72.8468,0.0,0.0,0.0,33.4,27.4,22.7
2023-05-18,Santacruz_IMD,19.1197,72.8468,0.1,0.1,1.0,33.2,27.1,24.4
2023-05-19,Santacruz_IMD,19.1197,72.8468,0.2,0.2,2.0,33.5,26.8,23.2
2023-05-20,Santacruz_IMD,19.1197,72.8468,0.0,0.0,0.0,32.6,27.6,18.7
2023-05-21,Santacruz_IMD,19.1197,72.8468,0.0,0.0,0.0,32.9,27.7,19.9
2023-05-22,Santacruz_IMD,19.1197,72.8468,0.0,0.0,0.0,33.0,27.1,18.5
2023-05-23,Santacruz_IMD,19.1197,72.8468,0.0,0.0,0.0,33.5,26.4,22.9
2023-05-24,Santacruz_IMD,19.1197,72.8468,0.0,0.0,0.0,33.3,27.3,19.9
2023-05-25,Santacruz_IMD,19.1197,72.8468,0.0,0.0,0.0,33.3,28.2,20.7
2023-05-26,Santacruz_IMD,19.1197,72.8468,2.0,2.0,8.0,32.7,29.0,21.6
2023-05-27,Santacruz_IMD,19.1197,72.8468,0.0,0.0,0.0,33.7,28.3,19.1
2023-05-28,Santacruz_IMD,19.1197,72.8468,0.0,0.0,0.0,33.8,28.2,18.8
2023-05-29,Santacruz_IMD,19.1197,72.8468,0.0,0.0,0.0,33.6,27.9,24.0
2023-05-30,Santacruz_IMD,19.1197,72.8468,0.0,0.0,0.0,33.9,27.2,20.3
2023-05-31,Santacruz_IMD,19.1197,72.8468,0.0,0.0,0.0,34.5,27.9,24.7
2023-06-01,Santacruz_IMD,19.1197,72.8468,0.0,0.0,0.0,33.5,27.1,21.9
2023-06-02,Santacruz_IMD,19.1197,72.8468,0.0,0.0,0.0,33.4,28.0,18.2
2023-06-03,Santacruz_IMD,19.1197,72.8468,0.1,0.1,1.0,34.6,29.0,18.7
2023-06-04,Santacruz_IMD,19.1197,72.8468,0.8,0.8,6.0,33.6,29.0,19.1
2023-06-05,Santacruz_IMD,19.1197,72.8468,0.4,0.4,3.0,33.2,28.6,19.6
2023-06-06,Santacruz_IMD,19.1197,72.8468,0.1,0.1,1.0,33.8,28.8,17.1
2023-06-07,Santacruz_IMD,19.1197,72.8468,0.0,0.0,0.0,33.5,28.7,16.9
2023-06-08,Santacruz_IMD,19.1197,72.8468,0.8,0.8,5.0,34.1,29.4,16.9
2023-06-09,Santacruz_IMD,19.1197,72.8468,4.0,4.0,13.0,33.1,28.2,29.3
2023-06-10,Santacruz_IMD,19.1197,72.8468,3.6,3.6,4.0,33.2,27.7,32.5
2023-06-11,Santacruz_IMD,19.1197,72.8468,3.8,3.8,7.0,32.7,25.7,32.4
2023-06-12,Santacruz_IMD,19.1197,72.8468,5.3,5.3,15.0,32.3,26.3,42.6
2023-06-13,Santacruz_IMD,19.1197,72.8468,5.6,5.6,13.0,31.1,26.3,36.3
2023-06-14,Santacruz_IMD,19.1197,72.8468,2.8,2.8,15.0,30.3,25.8,33.8
2023-06-15,Santacruz_IMD,19.1197,72.8468,2.8,2.8,16.0,31.9,28.2,33.7
2023-06-16,Santacruz_IMD,19.1197,72.8468,4.6,4.6,19.0,31.3,27.3,37.5
2023-06-17,Santacruz_IMD,19.1197,72.8468,6.6,6.6,20.0,31.4,27.2,26.1
2023-06-18,Santacruz_IMD,19.1197,72.8468,4.6,4.6,16.0,31.1,27.6,22.8
2023-06-19,Santacruz_IMD,19.1197,72.8468,2.4,2.4,10.0,31.4,27.7,20.0
2023-06-20,Santacruz_IMD,19.1197,72.8468,1.1,1.1,8.0,31.5,27.5,20.4
2023-06-21,Santacruz_IMD,19.1197,72.8468,2.9,2.9,14.0,31.6,27.6,19.6
2023-06-22,Santacruz_IMD,19.1197,72.8468,1.9,1.9,12.0,31.6,27.5,18.7
2023-06-23,Santacruz_IMD,19.1197,72.8468,2.9,2.9,16.0,30.8,26.7,19.3
2023-06-24,Santacruz_IMD,19.1197,72.8468,20.7,20.7,20.0,29.3,25.2,17.7
2023-06-25,Santacruz_IMD,19.1197,72.8468,32.9,32.9,24.0,27.5,25.5,18.3
2023-06-26,Santacruz_IMD,19.1197,72.8468,23.2,23.2,24.0,26.7,25.2,18.9
2023-06-27,Santacruz_IMD,19.1197,72.8468,23.2,23.2,24.0,27.1,24.7,20.9
2023-06-28,Santacruz_IMD,19.1197,72.8468,45.7,45.7,24.0,27.8,25.6,20.4
2023-06-29,Santacruz_IMD,19.1197,72.8468,50.0,50.0,24.0,26.8,25.4,20.5
2023-06-30,Santacruz_IMD,19.1197,72.8468,55.8,55.8,24.0,26.8,25.3,27.3
2023-07-01,Santacruz_IMD,19.1197,72.8468,40.5,40.5,24.0,28.2,24.9,23.1
2023-07-02,Santacruz_IMD,19.1197,72.8468,34.7,34.7,24.0,28.4,25.4,20.5
2023-07-03,Santacruz_IMD,19.1197,72.8468,8.6,8.6,23.0,28.9,26.1,17.7
2023-07-04,Santacruz_IMD,19.1197,72.8468,48.3,48.3,23.0,29.2,25.4,16.8
2023-07-05,Santacruz_IMD,19.1197,72.8468,35.9,35.9,24.0,28.3,25.2,14.5
2023-07-06,Santacruz_IMD,19.1197,72.8468,97.5,97.5,24.0,27.0,24.9,24.5
2023-07-07,Santacruz_IMD,19.1197,72.8468,50.7,50.7,24.0,27.8,25.5,26.8
2023-07-08,Santacruz_IMD,19.1197,72.8468,13.0,13.0,19.0,29.7,25.5,29.3
2023-07-09,Santacruz_IMD,19.1197,72.8468,10.8,10.8,20.0,29.2,25.3,27.4
2023-07-10,Santacruz_IMD,19.1197,72.8468,3.5,3.5,17.0,28.7,26.0,22.7
2023-07-11,Santacruz_IMD,19.1197,72.8468,4.3,4.3,16.0,29.6,25.4,20.4
2023-07-12,Santacruz_IMD,19.1197,72.8468,12.2,12.2,23.0,27.0,25.1,12.8
2023-07-13,Santacruz_IMD,19.1197,72.8468,10.9,10.9,24.0,27.3,24.7,18.2
2023-07-14,Santacruz_IMD,19.1197,72.8468,32.7,32.7,23.0,27.4,25.3,21.0
2023-07-15,Santacruz_IMD,19.1197,72.8468,16.7,16.7,23.0,27.4,24.9,17.6
2023-07-16,Santacruz_IMD,19.1197,72.8468,30.5,30.5,24.0,27.9,24.6,16.8
2023-07-17,Santacruz_IMD,19.1197,72.8468,63.8,63.8,24.0,27.4,24.7,19.7
2023-07-18,Santacruz_IMD,19.1197,72.8468,67.7,67.7,24.0,26.4,25.4,25.3
2023-07-19,Santacruz_IMD,19.1197,72.8468,44.8,44.8,24.0,27.3,25.5,23.7
2023-07-20,Santacruz_IMD,19.1197,72.8468,36.4,36.4,23.0,27.9,25.5,24.1
2023-07-21,Santacruz_IMD,19.1197,72.8468,40.9,40.9,24.0,27.5,25.4,21.3
2023-07-22,Santacruz_IMD,19.1197,72.8468,42.7,42.7,24.0,26.4,25.1,21.3
2023-07-23,Santacruz_IMD,19.1197,72.8468,34.8,34.8,24.0,27.7,25.4,28.1
2023-07-24,Santacruz_IMD,19.1197,72.8468,58.2,58.2,24.0,28.1,25.3,26.8
2023-07-25,Santacruz_IMD,19.1197,72.8468,44.1,44.1,24.0,27.2,25.2,21.1
2023-07-26,Santacruz_IMD,19.1197,72.8468,93.9,93.9,24.0,27.1,24.8,26.3
2023-07-27,Santacruz_IMD,19.1197,72.8468,90.9,90.9,24.0,27.2,25.3,22.0
2023-07-28,Santacruz_IMD,19.1197,72.8468,49.8,49.8,24.0,27.1,25.0,21.7
2023-07-29,Santacruz_IMD,19.1197,72.8468,12.3,12.3,23.0,28.8,25.3,23.9
2023-07-30,Santacruz_IMD,19.1197,72.8468,9.3,9.3,22.0,28.8,25.7,25.6
2023-07-31,Santacruz_IMD,19.1197,72.8468,9.9,9.9,24.0,28.5,25.5,26.6
2023-08-01,Santacruz_IMD,19.1197,72.8468,6.1,6.1,20.0,28.9,25.3,25.3
2023-08-02,Santacruz_IMD,19.1197,72.8468,15.1,15.1,22.0,28.6,24.5,27.7
2023-08-03,Santacruz_IMD,19.1197,72.8468,6.3,6.3,20.0,28.8,25.9,27.2
2023-08-04,Santacruz_IMD,19.1197,72.8468,2.5,2.5,14.0,28.4,26.5,25.3
2023-08-05,Santacruz_IMD,19.1197,72.8468,3.8,3.8,12.0,29.3,25.7,23.7
2023-08-06,Santacruz_IMD,19.1197,72.8468,2.8,2.8,13.0,28.8,26.2,23.4
2023-08-07,Santacruz_IMD,19.1197,72.8468,2.2,2.2,8.0,29.0,25.9,26.9
2023-08-08,Santacruz_IMD,19.1197,72.8468,2.3,2.3,12.0,29.1,26.0,24.7
2023-08-09,Santacruz_IMD,19.1197,72.8468,3.0,3.0,16.0,29.1,25.7,20.2
2023-08-10,Santacruz_IMD,19.1197,72.8468,7.3,7.3,22.0,28.4,25.9,15.2
2023-08-11,Santacruz_IMD,19.1197,72.8468,3.7,3.7,16.0,29.0,25.5,15.9
2023-08-12,Santacruz_IMD,19.1197,72.8468,5.4,5.4,22.0,27.2,24.1,18.8
2023-08-13,Santacruz_IMD,19.1197,72.8468,5.0,5.0,16.0,29.2,25.4,24.7
2023-08-14,Santacruz_IMD,19.1197,72.8468,2.6,2.6,15.0,29.4,25.8,24.8
2023-08-15,Santacruz_IMD,19.1197,72.8468,3.5,3.5,15.0,28.2,26.2,18.7
2023-08-16,Santacruz_IMD,19.1197,72.8468,4.5,4.5,16.0,29.0,25.2,20.9
2023-08-17,Santacruz_IMD,19.1197,72.8468,3.5,3.5,16.0,29.3,25.0,20.7
2023-08-18,Santacruz_IMD,19.1197,72.8468,2.0,2.0,11.0,28.9,25.6,18.9
2023-08-19,Santacruz_IMD,19.1197,72.8468,4.1,4.1,18.0,28.7,25.6,19.5
2023-08-20,Santacruz_IMD,19.1197,72.8468,10.5,10.5,20.0,27.9,25.0,17.1
2023-08-21,Santacruz_IMD,19.1197,72.8468,3.8,3.8,17.0,28.7,24.6,16.3
2023-08-22,Santacruz_IMD,19.1197,72.8468,6.1,6.1,21.0,28.7,25.0,18.8
2023-08-23,Santacruz_IMD,19.1197,72.8468,3.8,3.8,18.0,29.4,25.2,21.1
2023-08-24,Santacruz_IMD,19.1197,72.8468,6.5,6.5,22.0,28.8,25.6,21.2
2023-08-25,Santacruz_IMD,19.1197,72.8468,6.2,6.2,22.0,28.5,24.9,19.5
2023-08-26,Santacruz_IMD,19.1197,72.8468,14.3,14.3,22.0,27.9,24.3,20.2
2023-08-27,Santacruz_IMD,19.1197,72.8468,15.1,15.1,20.0,27.8,24.1,16.6
2023-08-28,Santacruz_IMD,19.1197,72.8468,4.1,4.1,19.0,27.6,24.8,17.1
2023-08-29,Santacruz_IMD,19.1197,72.8468,3.6,3.6,15.0,28.7,24.9,11.1
2023-08-30,Santacruz_IMD,19.1197,72.8468,0.7,0.7,6.0,29.3,24.4,13.8
2023-08-31,Santacruz_IMD,19.1197,72.8468,0.7,0.7,4.0,30.1,24.7,15.2
2023-09-01,Santacruz_IMD,19.1197,72.8468,1.2,1.2,5.0,30.5,24.1,18.8
2023-09-02,Santacruz_IMD,19.1197,72.8468,2.6,2.6,10.0,28.7,24.9,12.3
2023-09-03,Santacruz_IMD,19.1197,72.8468,10.0,10.0,16.0,29.1,25.1,17.6
2023-09-04,Santacruz_IMD,19.1197,72.8468,2.2,2.2,12.0,29.5,23.9,17.7
2023-09-05,Santacruz_IMD,19.1197,72.8468,2.4,2.4,9.0,29.2,24.7,17.2
2023-09-06,Santacruz_IMD,19.1197,72.8468,1.0,1.0,8.0,29.9,26.0,17.7
2023-09-07,Santacruz_IMD,19.1197,72.8468,10.2,10.2,15.0,28.3,25.0,19.7
2023-09-08,Santacruz_IMD,19.1197,72.8468,50.6,50.6,24.0,28.1,25.7,22.7
2023-09-09,Santacruz_IMD,19.1197,72.8468,15.9,15.9,23.0,29.0,25.6,18.1
2023-09-10,Santacruz_IMD,19.1197,72.8468,5.5,5.5,23.0,29.1,25.6,18.4
2023-09-11,Santacruz_IMD,19.1197,72.8468,4.7,4.7,18.0,28.8,25.0,14.4
2023-09-12,Santacruz_IMD,19.1197,72.8468,4.7,4.7,15.0,29.2,24.6,19.1
2023-09-13,Santacruz_IMD,19.1197,72.8468,3.6,3.6,18.0,28.4,25.0,12.8
2023-09-14,Santacruz_IMD,19.1197,72.8468,2.2,2.2,10.0,28.8,24.1,13.4
2023-09-15,Santacruz_IMD,19.1197,72.8468,2.1,2.1,12.0,29.3,24.8,16.6
2023-09-16,Santacruz_IMD,19.1197,72.8468,7.3,7.3,19.0,28.5,25.1,20.6
2023-09-17,Santacruz_IMD,19.1197,72.8468,8.2,8.2,21.0,29.2,25.3,23.0
2023-09-18,Santacruz_IMD,19.1197,72.8468,30.9,30.9,23.0,27.2,24.6,22.2
2023-09-19,Santacruz_IMD,19.1197,72.8468,12.3,12.3,24.0,28.4,25.2,22.3
2023-09-20,Santacruz_IMD,19.1197,72.8468,11.1,11.1,24.0,28.2,25.5,21.7
2023-09-21,Santacruz_IMD,19.1197,72.8468,20.7,20.7,23.0,28.2,25.5,16.3
2023-09-22,Santacruz_IMD,19.1197,72.8468,14.9,14.9,21.0,28.1,24.9,11.5
2023-09-23,Santacruz_IMD,19.1197,72.8468,35.3,35.3,24.0,28.6,25.2,16.0
2023-09-24,Santacruz_IMD,19.1197,72.8468,15.3,15.3,22.0,28.2,24.4,11.4
2023-09-25,Santacruz_IMD,19.1197,72.8468,17.7,17.7,16.0,28.4,24.4,15.0
2023-09-26,Santacruz_IMD,19.1197,72.8468,4.4,4.4,10.0,29.1,24.2,13.4
2023-09-27,Santacruz_IMD,19.1197,72.8468,21.0,21.0,20.0,29.2,24.2,17.0
2023-09-28,Santacruz_IMD,19.1197,72.8468,22.6,22.6,9.0,30.0,24.1,20.2
2023-09-29,Santacruz_IMD,19.1197,72.8468,25.9,25.9,12.0,30.6,25.7,12.4
2023-09-30,Santacruz_IMD,19.1197,72.8468,13.2,13.2,7.0,32.5,24.9,15.3
2023-10-01,Santacruz_IMD,19.1197,72.8468,0.8,0.8,1.0,30.9,26.8,17.5
2023-10-02,Santacruz_IMD,19.1197,72.8468,3.2,3.2,8.0,29.2,24.1,13.0
2023-10-03,Santacruz_IMD,19.1197,72.8468,0.1,0.1,1.0,29.7,25.6,12.9
2023-10-04,Santacruz_IMD,19.1197,72.8468,2.9,2.9,3.0,29.9,23.9,14.5
2023-10-05,Santacruz_IMD,19.1197,72.8468,0.1,0.1,1.0,30.5,24.2,15.8
2023-10-06,Santacruz_IMD,19.1197,72.8468,0.7,0.7,5.0,29.9,24.6,16.8
2023-10-07,Santacruz_IMD,19.1197,72.8468,0.2,0.2,2.0,30.4,24.1,18.1
2023-10-08,Santacruz_IMD,19.1197,72.8468,0.3,0.3,1.0,31.5,24.6,18.0
2023-10-09,Santacruz_IMD,19.1197,72.8468,0.0,0.0,0.0,32.3,23.8,16.4
2023-10-10,Santacruz_IMD,19.1197,72.8468,0.0,0.0,0.0,31.9,23.7,19.4
2023-10-11,Santacruz_IMD,19.1197,72.8468,0.0,0.0,0.0,31.2,24.9,20.3
2023-10-12,Santacruz_IMD,19.1197,72.8468,0.0,0.0,0.0,31.5,23.9,16.6
2023-10-13,Santacruz_IMD,19.1197,72.8468,0.0,0.0,0.0,33.1,25.7,17.2
2023-10-14,Santacruz_IMD,19.1197,72.8468,0.0,0.0,0.0,32.6,24.9,14.2
2023-10-15,Santacruz_IMD,19.1197,72.8468,0.7,0.7,2.0,33.4,25.2,19.2
2023-10-16,Santacruz_IMD,19.1197,72.8468,0.0,0.0,0.0,33.0,23.9,15.5
2023-10-17,Santacruz_IMD,19.1197,72.8468,1.0,1.0,2.0,32.2,25.0,9.5
2023-10-18,Santacruz_IMD,19.1197,72.8468,0.0,0.0,0.0,33.8,24.3,18.1
2023-10-19,Santacruz_IMD,19.1197,72.8468,0.0,0.0,0.0,33.9,24.6,16.1
2023-10-20,Santacruz_IMD,19.1197,72.8468,0.0,0.0,0.0,34.4,23.8,10.8
2023-10-21,Santacruz_IMD,19.1197,72.8468,0.1,0.1,1.0,34.9,24.0,12.3
2023-10-22,Santacruz_IMD,19.1197,72.8468,0.0,0.0,0.0,33.7,23.8,14.5
2023-10-23,Santacruz_IMD,19.1197,72.8468,0.0,0.0,0.0,34.8,23.8,18.7
2023-10-24,Santacruz_IMD,19.1197,72.8468,0.0,0.0,0.0,34.4,23.3,16.5
2023-10-25,Santacruz_IMD,19.1197,72.8468,0.0,0.0,0.0,33.9,22.6,16.4
2023-10-26,Santacruz_IMD,19.1197,72.8468,0.0,0.0,0.0,34.1,22.8,19.9
2023-10-27,Santacruz_IMD,19.1197,72.8468,0.0,0.0,0.0,34.3,21.3,20.7
2023-10-28,Santacruz_IMD,19.1197,72.8468,0.0,0.0,0.0,34.2,21.2,16.6
2023-10-29,Santacruz_IMD,19.1197,72.8468,0.0,0.0,0.0,34.7,21.4,19.1
2023-10-30,Santacruz_IMD,19.1197,72.8468,0.0,0.0,0.0,34.8,21.2,14.7
2023-10-31,Santacruz_IMD,19.1197,72.8468,0.0,0.0,0.0,34.6,21.7,14.9
2023-11-01,Santacruz_IMD,19.1197,72.8468,0.0,0.0,0.0,34.1,22.3,14.8
2023-11-02,Santacruz_IMD,19.1197,72.8468,0.0,0.0,0.0,34.0,21.9,17.2
2023-11-03,Santacruz_IMD,19.1197,72.8468,0.0,0.0,0.0,34.6,22.7,19.9
2023-11-04,Santacruz_IMD,19.1197,72.8468,0.0,0.0,0.0,35.3,23.6,14.6
2023-11-05,Santacruz_IMD,19.1197,72.8468,0.0,0.0,0.0,35.1,22.8,15.5
2023-11-06,Santacruz_IMD,19.1197,72.8468,0.0,0.0,0.0,35.4,22.9,17.1
2023-11-07,Santacruz_IMD,19.1197,72.8468,0.0,0.0,0.0,34.2,22.2,19.1
2023-11-08,Santacruz_IMD,19.1197,72.8468,0.0,0.0,0.0,32.7,23.7,20.2
2023-11-09,Santacruz_IMD,19.1197,72.8468,0.0,0.0,0.0,33.5,24.0,13.7
2023-11-10,Santacruz_IMD,19.1197,72.8468,1.1,1.1,2.0,33.0,24.8,13.8
2023-11-11,Santacruz_IMD,19.1197,72.8468,0.0,0.0,0.0,35.0,24.0,18.5
2023-11-12,Santacruz_IMD,19.1197,72.8468,0.0,0.0,0.0,35.2,25.3,18.9
2023-11-13,Santacruz_IMD,19.1197,72.8468,0.0,0.0,0.0,34.4,23.6,16.1
2023-11-14,Santacruz_IMD,19.1197,72.8468,0.0,0.0,0.0,33.9,22.0,14.8
2023-11-15,Santacruz_IMD,19.1197,72.8468,0.0,0.0,0.0,33.9,21.4,15.6
2023-11-16,Santacruz_IMD,19.1197,72.8468,0.0,0.0,0.0,34.0,20.8,15.6
2023-11-17,Santacruz_IMD,19.1197,72.8468,0.0,0.0,0.0,33.7,21.5,17.6
2023-11-18,Santacruz_IMD,19.1197,72.8468,0.0,0.0,0.0,33.7,21.2,13.8
2023-11-19,Santacruz_IMD,19.1197,72.8468,0.0,0.0,0.0,32.3,20.8,17.5
2023-11-20,Santacruz_IMD,19.1197,72.8468,0.0,0.0,0.0,34.2,23.5,16.0
2023-11-21,Santacruz_IMD,19.1197,72.8468,0.0,0.0,0.0,34.2,24.3,20.2
2023-11-22,Santacruz_IMD,19.1197,72.8468,0.0,0.0,0.0,33.6,23.3,18.4
2023-11-23,Santacruz_IMD,19.1197,72.8468,0.0,0.0,0.0,33.2,22.0,18.1
2023-11-24,Santacruz_IMD,19.1197,72.8468,0.0,0.0,0.0,34.4,21.9,15.2
2023-11-25,Santacruz_IMD,19.1197,72.8468,0.0,0.0,0.0,33.6,23.2,12.0
2023-11-26,Santacruz_IMD,19.1197,72.8468,2.4,2.4,5.0,31.1,23.9,19.0
2023-11-27,Santacruz_IMD,19.1197,72.8468,0.9,0.9,5.0,30.3,23.4,14.9
2023-11-28,Santacruz_IMD,19.1197,72.8468,0.0,0.0,0.0,30.0,22.9,16.6
2023-11-29,Santacruz_IMD,19.1197,72.8468,0.0,0.0,0.0,28.8,20.5,15.3
2023-11-30,Santacruz_IMD,19.1197,72.8468,0.0,0.0,0.0,29.7,20.5,17.8
2023-12-01,Santacruz_IMD,19.1197,72.8468,0.3,0.3,1.0,29.7,21.7,15.8
2023-12-02,Santacruz_IMD,19.1197,72.8468,0.0,0.0,0.0,31.6,20.5,14.8
2023-12-03,Santacruz_IMD,19.1197,72.8468,0.0,0.0,0.0,33.3,23.4,17.0
2023-12-04,Santacruz_IMD,19.1197,72.8468,0.3,0.3,3.0,33.2,23.4,19.7
2023-12-05,Santacruz_IMD,19.1197,72.8468,0.0,0.0,0.0,32.8,24.6,19.4
2023-12-06,Santacruz_IMD,19.1197,72.8468,0.0,0.0,0.0,31.5,23.0,18.8
2023-12-07,Santacruz_IMD,19.1197,72.8468,0.0,0.0,0.0,31.3,22.3,17.5
2023-12-08,Santacruz_IMD,19.1197,72.8468,0.0,0.0,0.0,31.8,21.2,18.8
2023-12-09,Santacruz_IMD,19.1197,72.8468,0.0,0.0,0.0,32.4,21.5,18.4
2023-12-10,Santacruz_IMD,19.1197,72.8468,0.0,0.0,0.0,32.8,21.8,16.3
2023-12-11,Santacruz_IMD,19.1197,72.8468,0.0,0.0,0.0,32.2,21.1,16.6
2023-12-12,Santacruz_IMD,19.1197,72.8468,0.0,0.0,0.0,31.3,20.4,18.8
2023-12-13,Santacruz_IMD,19.1197,72.8468,0.0,0.0,0.0,30.9,19.6,17.4
2023-12-14,Santacruz_IMD,19.1197,72.8468,0.0,0.0,0.0,32.6,20.4,11.6
2023-12-15,Santacruz_IMD,19.1197,72.8468,0.0,0.0,0.0,31.9,20.7,15.1
2023-12-16,Santacruz_IMD,19.1197,72.8468,0.0,0.0,0.0,31.7,19.4,18.8
2023-12-17,Santacruz_IMD,19.1197,72.8468,0.0,0.0,0.0,32.1,20.7,17.7
2023-12-18,Santacruz_IMD,19.1197,72.8468,0.0,0.0,0.0,32.9,22.8,16.7
2023-12-19,Santacruz_IMD,19.1197,72.8468,0.0,0.0,0.0,32.6,23.6,15.8
2023-12-20,Santacruz_IMD,19.1197,72.8468,0.0,0.0,0.0,32.6,21.0,17.1
2023-12-21,Santacruz_IMD,19.1197,72.8468,0.0,0.0,0.0,33.1,21.5,16.1
2023-12-22,Santacruz_IMD,19.1197,72.8468,0.0,0.0,0.0,31.6,20.7,12.5
2023-12-23,Santacruz_IMD,19.1197,72.8468,0.0,0.0,0.0,33.1,20.5,18.4
2023-12-24,Santacruz_IMD,19.1197,72.8468,0.0,0.0,0.0,32.8,19.8,15.1
2023-12-25,Santacruz_IMD,19.1197,72.8468,0.0,0.0,0.0,32.8,18.9,16.0
2023-12-26,Santacruz_IMD,19.1197,72.8468,0.0,0.0,0.0,33.1,18.9,13.6
2023-12-27,Santacruz_IMD,19.1197,72.8468,0.0,0.0,0.0,33.8,19.8,16.9
2023-12-28,Santacruz_IMD,19.1197,72.8468,0.0,0.0,0.0,32.4,20.0,15.7
2023-12-29,Santacruz_IMD,19.1197,72.8468,0.0,0.0,0.0,33.1,20.3,13.6
2023-12-30,Santacruz_IMD,19.1197,72.8468,0.0,0.0,0.0,32.1,19.5,14.0
2023-12-31,Santacruz_IMD,19.1197,72.8468,0.0,0.0,0.0,31.9,19.5,14.4
2024-01-01,Santacruz_IMD,19.1197,72.8468,0.0,0.0,0.0,31.7,20.0,15.9
2024-01-02,Santacruz_IMD,19.1197,72.8468,0.0,0.0,0.0,31.0,19.9,20.0
2024-01-03,Santacruz_IMD,19.1197,72.8468,0.0,0.0,0.0,30.1,19.4,18.7
2024-01-04,Santacruz_IMD,19.1197,72.8468,0.0,0.0,0.0,28.9,19.0,18.6
2024-01-05,Santacruz_IMD,19.1197,72.8468,0.0,0.0,0.0,29.8,18.0,17.6
2024-01-06,Santacruz_IMD,19.1197,72.8468,0.0,0.0,0.0,31.8,19.4,21.4
2024-01-07,Santacruz_IMD,19.1197,72.8468,0.0,0.0,0.0,31.7,20.9,17.3
2024-01-08,Santacruz_IMD,19.1197,72.8468,0.0,0.0,0.0,32.9,21.5,17.6
2024-01-09,Santacruz_IMD,19.1197,72.8468,0.7,0.7,2.0,30.7,22.8,12.7
2024-01-10,Santacruz_IMD,19.1197,72.8468,0.7,0.7,2.0,30.5,21.9,11.5
2024-01-11,Santacruz_IMD,19.1197,72.8468,0.8,0.8,2.0,32.8,22.6,17.6
2024-01-12,Santacruz_IMD,19.1197,72.8468,0.0,0.0,0.0,34.2,22.8,18.3
2024-01-13,Santacruz_IMD,19.1197,72.8468,0.0,0.0,0.0,32.9,20.7,18.4
2024-01-14,Santacruz_IMD,19.1197,72.8468,0.0,0.0,0.0,32.7,21.2,19.7
2024-01-15,Santacruz_IMD,19.1197,72.8468,0.0,0.0,0.0,30.1,20.0,20.9
2024-01-16,Santacruz_IMD,19.1197,72.8468,0.0,0.0,0.0,28.4,17.7,17.4
2024-01-17,Santacruz_IMD,19.1197,72.8468,0.0,0.0,0.0,27.6,16.6,15.5
2024-01-18,Santacruz_IMD,19.1197,72.8468,0.0,0.0,0.0,27.9,17.0,17.1
2024-01-19,Santacruz_IMD,19.1197,72.8468,0.0,0.0,0.0,27.7,16.7,13.2
2024-01-20,Santacruz_IMD,19.1197,72.8468,0.0,0.0,0.0,28.4,18.2,21.9
2024-01-21,Santacruz_IMD,19.1197,72.8468,0.0,0.0,0.0,30.2,17.5,18.4
2024-01-22,Santacruz_IMD,19.1197,72.8468,0.0,0.0,0.0,29.8,17.3,18.3
2024-01-23,Santacruz_IMD,19.1197,72.8468,0.0,0.0,0.0,29.7,19.4,24.9
2024-01-24,Santacruz_IMD,19.1197,72.8468,0.0,0.0,0.0,30.6,18.5,21.3
2024-01-25,Santacruz_IMD,19.1197,72.8468,0.0,0.0,0.0,31.2,18.0,15.6
2024-01-26,Santacruz_IMD,19.1197,72.8468,0.0,0.0,0.0,32.0,17.0,15.7
2024-01-27,Santacruz_IMD,19.1197,72.8468,0.0,0.0,0.0,32.7,18.3,16.2
2024-01-28,Santacruz_IMD,19.1197,72.8468,0.0,0.0,0.0,32.7,17.5,18.3
2024-01-29,Santacruz_IMD,19.1197,72.8468,0.0,0.0,0.0,32.0,19.7,22.4
2024-01-30,Santacruz_IMD,19.1197,72.8468,0.0,0.0,0.0,31.4,19.6,20.4
2024-01-31,Santacruz_IMD,19.1197,72.8468,0.0,0.0,0.0,29.5,19.2,19.4
2024-02-01,Santacruz_IMD,19.1197,72.8468,0.0,0.0,0.0,28.2,18.9,20.4
2024-02-02,Santacruz_IMD,19.1197,72.8468,0.0,0.0,0.0,30.1,18.9,21.1
2024-02-03,Santacruz_IMD,19.1197,72.8468,0.0,0.0,0.0,34.2,20.0,22.2
2024-02-04,Santacruz_IMD,19.1197,72.8468,0.0,0.0,0.0,33.5,20.1,13.1
2024-02-05,Santacruz_IMD,19.1197,72.8468,0.0,0.0,0.0,32.2,21.7,18.6
2024-02-06,Santacruz_IMD,19.1197,72.8468,0.0,0.0,0.0,32.0,21.1,19.9
2024-02-07,Santacruz_IMD,19.1197,72.8468,0.0,0.0,0.0,32.4,21.4,24.0
2024-02-08,Santacruz_IMD,19.1197,72.8468,0.0,0.0,0.0,32.2,20.9,24.5
2024-02-09,Santacruz_IMD,19.1197,72.8468,0.0,0.0,0.0,31.1,18.6,23.1
2024-02-10,Santacruz_IMD,19.1197,72.8468,0.0,0.0,0.0,30.9,20.2,24.4
2024-02-11,Santacruz_IMD,19.1197,72.8468,0.0,0.0,0.0,31.0,18.3,22.2
2024-02-12,Santacruz_IMD,19.1197,72.8468,0.0,0.0,0.0,31.5,17.9,15.0
2024-02-13,Santacruz_IMD,19.1197,72.8468,0.0,0.0,0.0,31.8,19.8,22.3
2024-02-14,Santacruz_IMD,19.1197,72.8468,0.0,0.0,0.0,33.0,20.6,23.7
2024-02-15,Santacruz_IMD,19.1197,72.8468,0.0,0.0,0.0,32.7,20.1,20.9
2024-02-16,Santacruz_IMD,19.1197,72.8468,0.0,0.0,0.0,34.5,19.7,17.2
2024-02-17,Santacruz_IMD,19.1197,72.8468,0.0,0.0,0.0,33.5,19.7,14.5
2024-02-18,Santacruz_IMD,19.1197,72.8468,0.0,0.0,0.0,34.9,20.7,21.7
2024-02-19,Santacruz_IMD,19.1197,72.8468,0.0,0.0,0.0,32.3,19.4,20.6
2024-02-20,Santacruz_IMD,19.1197,72.8468,0.0,0.0,0.0,31.5,20.3,25.3
2024-02-21,Santacruz_IMD,19.1197,72.8468,0.1,0.1,1.0,28.8,19.3,19.3
2024-02-22,Santacruz_IMD,19.1197,72.8468,0.2,0.2,2.0,28.7,20.5,19.6
2024-02-23,Santacruz_IMD,19.1197,72.8468,0.0,0.0,0.0,30.2,18.7,24.9
2024-02-24,Santacruz_IMD,19.1197,72.8468,0.0,0.0,0.0,31.8,19.6,27.8
2024-02-25,Santacruz_IMD,19.1197,72.8468,0.0,0.0,0.0,34.3,18.8,19.0
2024-02-26,Santacruz_IMD,19.1197,72.8468,0.0,0.0,0.0,34.8,18.5,17.3
2024-02-27,Santacruz_IMD,19.1197,72.8468,0.0,0.0,0.0,34.0,20.9,21.4
2024-02-28,Santacruz_IMD,19.1197,72.8468,0.0,0.0,0.0,35.2,22.5,21.9
2024-02-29,Santacruz_IMD,19.1197,72.8468,0.0,0.0,0.0,34.4,22.5,19.0
2024-03-01,Santacruz_IMD,19.1197,72.8468,0.0,0.0,0.0,33.9,23.1,19.6
2024-03-02,Santacruz_IMD,19.1197,72.8468,0.0,0.0,0.0,30.1,22.1,19.4
2024-03-03,Santacruz_IMD,19.1197,72.8468,0.2,0.2,2.0,28.0,20.6,18.9
2024-03-04,Santacruz_IMD,19.1197,72.8468,0.0,0.0,0.0,28.4,18.0,21.2
2024-03-05,Santacruz_IMD,19.1197,72.8468,0.0,0.0,0.0,30.6,17.5,23.0
2024-03-06,Santacruz_IMD,19.1197,72.8468,0.0,0.0,0.0,31.1,18.3,23.7
2024-03-07,Santacruz_IMD,19.1197,72.8468,0.0,0.0,0.0,32.7,20.0,24.2
2024-03-08,Santacruz_IMD,19.1197,72.8468,0.0,0.0,0.0,35.1,21.3,27.9
2024-03-09,Santacruz_IMD,19.1197,72.8468,0.0,0.0,0.0,35.0,20.7,23.2
2024-03-10,Santacruz_IMD,19.1197,72.8468,0.0,0.0,0.0,32.8,21.0,21.1
2024-03-11,Santacruz_IMD,19.1197,72.8468,0.0,0.0,0.0,34.6,20.4,25.5
2024-03-12,Santacruz_IMD,19.1197,72.8468,0.0,0.0,0.0,34.9,21.9,22.2
2024-03-13,Santacruz_IMD,19.1197,72.8468,0.0,0.0,0.0,31.5,21.6,24.2
2024-03-14,Santacruz_IMD,19.1197,72.8468,0.0,0.0,0.0,31.0,20.8,23.9
2024-03-15,Santacruz_IMD,19.1197,72.8468,0.0,0.0,0.0,30.0,19.8,16.9
2024-03-16,Santacruz_IMD,19.1197,72.8468,0.0,0.0,0.0,30.4,19.0,20.2
2024-03-17,Santacruz_IMD,19.1197,72.8468,0.0,0.0,0.0,31.6,20.1,18.8
2024-03-18,Santacruz_IMD,19.1197,72.8468,0.0,0.0,0.0,31.5,21.9,17.6
2024-03-19,Santacruz_IMD,19.1197,72.8468,0.0,0.0,0.0,33.1,22.0,21.4
2024-03-20,Santacruz_IMD,19.1197,72.8468,0.0,0.0,0.0,38.0,21.2,22.4
2024-03-21,Santacruz_IMD,19.1197,72.8468,0.0,0.0,0.0,37.8,22.3,18.9
2024-03-22,Santacruz_IMD,19.1197,72.8468,0.0,0.0,0.0,33.8,22.1,18.0
2024-03-23,Santacruz_IMD,19.1197,72.8468,0.0,0.0,0.0,33.2,20.7,18.7
2024-03-24,Santacruz_IMD,19.1197,72.8468,0.0,0.0,0.0,31.8,21.3,18.9
2024-03-25,Santacruz_IMD,19.1197,72.8468,0.0,0.0,0.0,32.5,22.2,20.3
2024-03-26,Santacruz_IMD,19.1197,72.8468,0.0,0.0,0.0,34.2,21.2,22.2
2024-03-27,Santacruz_IMD,19.1197,72.8468,0.0,0.0,0.0,33.1,22.1,22.3
2024-03-28,Santacruz_IMD,19.1197,72.8468,0.0,0.0,0.0,33.0,22.7,18.4
2024-03-29,Santacruz_IMD,19.1197,72.8468,0.0,0.0,0.0,34.7,23.3,19.9
2024-03-30,Santacruz_IMD,19.1197,72.8468,0.0,0.0,0.0,34.2,23.5,24.0
2024-03-31,Santacruz_IMD,19.1197,72.8468,0.0,0.0,0.0,34.1,23.6,24.0
2024-04-01,Santacruz_IMD,19.1197,72.8468,0.0,0.0,0.0,33.8,24.4,20.0
2024-04-02,Santacruz_IMD,19.1197,72.8468,0.0,0.0,0.0,33.2,21.3,19.0
2024-04-03,Santacruz_IMD,19.1197,72.8468,0.0,0.0,0.0,33.4,21.5,20.6
2024-04-04,Santacruz_IMD,19.1197,72.8468,0.0,0.0,0.0,32.9,22.2,21.4
2024-04-05,Santacruz_IMD,19.1197,72.8468,0.0,0.0,0.0,35.4,23.2,26.7
2024-04-06,Santacruz_IMD,19.1197,72.8468,0.0,0.0,0.0,36.8,25.8,28.4
2024-04-07,Santacruz_IMD,19.1197,72.8468,0.0,0.0,0.0,36.5,25.8,26.0
2024-04-08,Santacruz_IMD,19.1197,72.8468,0.0,0.0,0.0,33.4,21.9,19.8
2024-04-09,Santacruz_IMD,19.1197,72.8468,0.0,0.0,0.0,34.2,21.7,19.0
2024-04-10,Santacruz_IMD,19.1197,72.8468,0.0,0.0,0.0,33.4,23.3,20.2
2024-04-11,Santacruz_IMD,19.1197,72.8468,0.0,0.0,0.0,33.5,22.6,18.8
2024-04-12,Santacruz_IMD,19.1197,72.8468,0.0,0.0,0.0,33.8,23.2,17.6
2024-04-13,Santacruz_IMD,19.1197,72.8468,0.0,0.0,0.0,31.5,22.6,17.7
2024-04-14,Santacruz_IMD,19.1197,72.8468,0.0,0.0,0.0,32.6,21.7,23.8
2024-04-15,Santacruz_IMD,19.1197,72.8468,0.0,0.0,0.0,36.3,24.4,21.7
2024-04-16,Santacruz_IMD,19.1197,72.8468,0.0,0.0,0.0,41.3,27.8,21.6
2024-04-17,Santacruz_IMD,19.1197,72.8468,0.0,0.0,0.0,33.8,27.9,18.2
2024-04-18,Santacruz_IMD,19.1197,72.8468,0.0,0.0,0.0,34.3,27.1,21.3
2024-04-19,Santacruz_IMD,19.1197,72.8468,0.0,0.0,0.0,35.7,26.5,26.7
2024-04-20,Santacruz_IMD,19.1197,72.8468,0.0,0.0,0.0,35.7,26.1,27.0
2024-04-21,Santacruz_IMD,19.1197,72.8468,0.0,0.0,0.0,34.0,24.3,26.0
2024-04-22,Santacruz_IMD,19.1197,72.8468,0.0,0.0,0.0,34.3,25.8,24.4
2024-04-23,Santacruz_IMD,19.1197,72.8468,0.0,0.0,0.0,34.4,24.3,23.5
2024-04-24,Santacruz_IMD,19.1197,72.8468,0.0,0.0,0.0,33.9,23.8,22.3
2024-04-25,Santacruz_IMD,19.1197,72.8468,0.0,0.0,0.0,34.4,24.7,25.5
2024-04-26,Santacruz_IMD,19.1197,72.8468,0.0,0.0,0.0,35.2,25.7,22.1
2024-04-27,Santacruz_IMD,19.1197,72.8468,0.0,0.0,0.0,36.1,26.1,23.4
2024-04-28,Santacruz_IMD,19.1197,72.8468,0.0,0.0,0.0,39.4,27.1,27.2
2024-04-29,Santacruz_IMD,19.1197,72.8468,0.0,0.0,0.0,38.2,26.8,26.6
2024-04-30,Santacruz_IMD,19.1197,72.8468,0.0,0.0,0.0,37.6,25.8,27.0
2024-05-01,Santacruz_IMD,19.1197,72.8468,0.0,0.0,0.0,34.5,25.1,20.0
2024-05-02,Santacruz_IMD,19.1197,72.8468,0.0,0.0,0.0,33.4,24.3,20.5
2024-05-03,Santacruz_IMD,19.1197,72.8468,0.0,0.0,0.0,33.2,23.3,20.2
2024-05-04,Santacruz_IMD,19.1197,72.8468,0.0,0.0,0.0,33.2,24.1,21.9
2024-05-05,Santacruz_IMD,19.1197,72.8468,0.0,0.0,0.0,34.7,24.9,23.5
2024-05-06,Santacruz_IMD,19.1197,72.8468,0.0,0.0,0.0,33.2,25.5,20.7
2024-05-07,Santacruz_IMD,19.1197,72.8468,0.0,0.0,0.0,33.4,25.5,20.4
2024-05-08,Santacruz_IMD,19.1197,72.8468,0.0,0.0,0.0,33.0,26.5,24.4
2024-05-09,Santacruz_IMD,19.1197,72.8468,0.0,0.0,0.0,32.9,26.3,20.3
2024-05-10,Santacruz_IMD,19.1197,72.8468,0.0,0.0,0.0,33.2,26.2,19.9
2024-05-11,Santacruz_IMD,19.1197,72.8468,0.0,0.0,0.0,33.6,26.3,23.9
2024-05-12,Santacruz_IMD,19.1197,72.8468,0.0,0.0,0.0,33.9,27.1,22.4
2024-05-13,Santacruz_IMD,19.1197,72.8468,1.8,1.8,1.0,34.8,27.5,22.5
2024-05-14,Santacruz_IMD,19.1197,72.8468,0.0,0.0,0.0,37.6,27.5,23.7
2024-05-15,Santacruz_IMD,19.1197,72.8468,0.0,0.0,0.0,36.0,26.7,21.1
2024-05-16,Santacruz_IMD,19.1197,72.8468,0.1,0.1,1.0,38.9,27.2,18.1
2024-05-17,Santacruz_IMD,19.1197,72.8468,0.0,0.0,0.0,36.3,28.3,17.3
2024-05-18,Santacruz_IMD,19.1197,72.8468,0.0,0.0,0.0,34.7,27.7,17.3
2024-05-19,Santacruz_IMD,19.1197,72.8468,5.6,5.6,2.0,34.1,26.5,19.3
2024-05-20,Santacruz_IMD,19.1197,72.8468,0.0,0.0,0.0,35.1,29.1,21.2
2024-05-21,Santacruz_IMD,19.1197,72.8468,0.1,0.1,1.0,35.4,28.5,21.9
2024-05-22,Santacruz_IMD,19.1197,72.8468,0.3,0.3,3.0,34.5,28.9,18.7
2024-05-23,Santacruz_IMD,19.1197,72.8468,0.0,0.0,0.0,34.2,28.0,24.2
2024-05-24,Santacruz_IMD,19.1197,72.8468,0.2,0.2,2.0,34.7,28.1,18.4
2024-05-25,Santacruz_IMD,19.1197,72.8468,0.7,0.7,4.0,33.7,28.6,19.4
2024-05-26,Santacruz_IMD,19.1197,72.8468,0.5,0.5,3.0,33.4,29.1,21.3
2024-05-27,Santacruz_IMD,19.1197,72.8468,0.5,0.5,3.0,33.6,29.3,21.3
2024-05-28,Santacruz_IMD,19.1197,72.8468,0.6,0.6,4.0,33.7,28.9,21.3
2024-05-29,Santacruz_IMD,19.1197,72.8468,0.4,0.4,1.0,34.0,29.2,23.4
2024-05-30,Santacruz_IMD,19.1197,72.8468,0.2,0.2,2.0,34.6,29.0,19.2
2024-05-31,Santacruz_IMD,19.1197,72.8468,0.6,0.6,6.0,34.4,28.0,19.5
2024-06-01,Santacruz_IMD,19.1197,72.8468,0.8,0.8,4.0,34.1,27.6,18.7
2024-06-02,Santacruz_IMD,19.1197,72.8468,0.3,0.3,3.0,34.5,28.1,17.9
2024-06-03,Santacruz_IMD,19.1197,72.8468,0.7,0.7,4.0,34.2,28.7,15.5
2024-06-04,Santacruz_IMD,19.1197,72.8468,4.8,4.8,11.0,33.5,27.8,15.9
2024-06-05,Santacruz_IMD,19.1197,72.8468,6.7,6.7,14.0,33.8,26.5,16.5
2024-06-06,Santacruz_IMD,19.1197,72.8468,1.2,1.2,7.0,34.1,26.5,17.3
2024-06-07,Santacruz_IMD,19.1197,72.8468,1.1,1.1,9.0,33.6,28.0,18.0
2024-06-08,Santacruz_IMD,19.1197,72.8468,6.3,6.3,6.0,34.4,26.5,20.0
2024-06-09,Santacruz_IMD,19.1197,72.8468,23.0,23.0,14.0,31.6,26.0,13.6
2024-06-10,Santacruz_IMD,19.1197,72.8468,33.2,33.2,24.0,29.8,25.7,14.7
2024-06-11,Santacruz_IMD,19.1197,72.8468,10.8,10.8,21.0,30.2,25.7,13.5
2024-06-12,Santacruz_IMD,19.1197,72.8468,14.3,14.3,22.0,30.0,25.6,16.1
2024-06-13,Santacruz_IMD,19.1197,72.8468,13.6,13.6,21.0,30.0,26.2,17.7
2024-06-14,Santacruz_IMD,19.1197,72.8468,8.6,8.6,23.0,29.2,25.8,18.3
2024-06-15,Santacruz_IMD,19.1197,72.8468,2.2,2.2,16.0,29.8,25.8,18.9
2024-06-16,Santacruz_IMD,19.1197,72.8468,1.4,1.4,9.0,31.0,26.2,15.0
2024-06-17,Santacruz_IMD,19.1197,72.8468,7.4,7.4,19.0,31.6,26.6,18.6
2024-06-18,Santacruz_IMD,19.1197,72.8468,30.3,30.3,22.0,29.8,26.2,20.8
2024-06-19,Santacruz_IMD,19.1197,72.8468,23.3,23.3,20.0,29.2,26.0,18.9
2024-06-20,Santacruz_IMD,19.1197,72.8468,48.6,48.6,24.0,28.5,26.1,20.7
2024-06-21,Santacruz_IMD,19.1197,72.8468,22.9,22.9,24.0,31.1,24.9,20.9
2024-06-22,Santacruz_IMD,19.1197,72.8468,5.3,5.3,18.0,30.2,25.3,16.8
2024-06-23,Santacruz_IMD,19.1197,72.8468,4.2,4.2,14.0,29.8,25.8,16.6
2024-06-24,Santacruz_IMD,19.1197,72.8468,11.3,11.3,20.0,29.7,26.0,18.0
2024-06-25,Santacruz_IMD,19.1197,72.8468,6.8,6.8,23.0,30.6,26.2,31.7
2024-06-26,Santacruz_IMD,19.1197,72.8468,23.0,23.0,23.0,30.5,26.9,29.9
2024-06-27,Santacruz_IMD,19.1197,72.8468,98.7,98.7,24.0,28.8,26.5,27.5
2024-06-28,Santacruz_IMD,19.1197,72.8468,45.3,45.3,24.0,28.2,26.0,27.8
2024-06-29,Santacruz_IMD,19.1197,72.8468,21.3,21.3,24.0,30.1,25.9,26.2
2024-06-30,Santacruz_IMD,19.1197,72.8468,21.3,21.3,23.0,29.4,26.2,30.6
2024-07-01,Santacruz_IMD,19.1197,72.8468,16.3,16.3,20.0,30.6,26.8,36.4
2024-07-02,Santacruz_IMD,19.1197,72.8468,8.1,8.1,14.0,30.4,26.1,32.0
2024-07-03,Santacruz_IMD,19.1197,72.8468,8.9,8.9,16.0,30.1,26.3,28.6
2024-07-04,Santacruz_IMD,19.1197,72.8468,8.7,8.7,21.0,29.0,26.6,24.3
2024-07-05,Santacruz_IMD,19.1197,72.8468,12.2,12.2,21.0,29.1,25.9,23.0
2024-07-06,Santacruz_IMD,19.1197,72.8468,17.6,17.6,21.0,29.5,25.8,26.7
2024-07-07,Santacruz_IMD,19.1197,72.8468,11.8,11.8,23.0,29.2,25.7,20.9
2024-07-08,Santacruz_IMD,19.1197,72.8468,20.7,20.7,22.0,28.5,25.7,17.2
2024-07-09,Santacruz_IMD,19.1197,72.8468,80.2,80.2,24.0,27.0,25.5,22.1
2024-07-10,Santacruz_IMD,19.1197,72.8468,36.0,36.0,22.0,28.8,25.2,21.3
2024-07-11,Santacruz_IMD,19.1197,72.8468,39.1,39.1,24.0,28.8,24.6,21.6
2024-07-12,Santacruz_IMD,19.1197,72.8468,83.3,83.3,24.0,26.9,25.2,21.0
2024-07-13,Santacruz_IMD,19.1197,72.8468,76.7,76.7,24.0,26.6,25.2,27.6
2024-07-14,Santacruz_IMD,19.1197,72.8468,50.5,50.5,24.0,26.6,24.5,24.5
2024-07-15,Santacruz_IMD,19.1197,72.8468,10.2,10.2,18.0,28.1,24.9,14.8
2024-07-16,Santacruz_IMD,19.1197,72.8468,17.6,17.6,19.0,29.1,25.3,20.0
2024-07-17,Santacruz_IMD,19.1197,72.8468,45.3,45.3,24.0,27.7,25.8,23.9
2024-07-18,Santacruz_IMD,19.1197,72.8468,57.6,57.6,24.0,28.1,25.7,26.4
2024-07-19,Santacruz_IMD,19.1197,72.8468,48.3,48.3,24.0,27.3,25.7,26.9
2024-07-20,Santacruz_IMD,19.1197,72.8468,87.0,87.0,24.0,27.7,25.9,27.5
2024-07-21,Santacruz_IMD,19.1197,72.8468,48.9,48.9,24.0,27.1,25.9,27.2
2024-07-22,Santacruz_IMD,19.1197,72.8468,54.7,54.7,24.0,26.9,25.7,28.1
2024-07-23,Santacruz_IMD,19.1197,72.8468,42.1,42.1,24.0,26.6,25.5,29.0
2024-07-24,Santacruz_IMD,19.1197,72.8468,54.4,54.4,24.0,27.0,25.5,32.4
2024-07-25,Santacruz_IMD,19.1197,72.8468,74.2,74.2,24.0,27.4,25.1,33.6
2024-07-26,Santacruz_IMD,19.1197,72.8468,22.9,22.9,21.0,28.6,25.3,27.7
2024-07-27,Santacruz_IMD,19.1197,72.8468,8.2,8.2,20.0,28.8,25.8,29.3
2024-07-28,Santacruz_IMD,19.1197,72.8468,19.0,19.0,22.0,29.3,26.0,27.1
2024-07-29,Santacruz_IMD,19.1197,72.8468,34.2,34.2,24.0,27.7,25.7,25.4
2024-07-30,Santacruz_IMD,19.1197,72.8468,17.4,17.4,21.0,28.2,25.2,23.2
2024-07-31,Santacruz_IMD,19.1197,72.8468,22.1,22.1,22.0,28.7,24.9,20.8
2024-08-01,Santacruz_IMD,19.1197,72.8468,15.8,15.8,22.0,29.4,25.1,26.3
2024-08-02,Santacruz_IMD,19.1197,72.8468,28.2,28.2,24.0,28.3,25.3,29.2
2024-08-03,Santacruz_IMD,19.1197,72.8468,24.5,24.5,24.0,27.5,25.6,30.2
2024-08-04,Santacruz_IMD,19.1197,72.8468,39.4,39.4,24.0,27.0,25.5,27.8
2024-08-05,Santacruz_IMD,19.1197,72.8468,5.8,5.8,20.0,28.9,25.6,24.0
2024-08-06,Santacruz_IMD,19.1197,72.8468,5.2,5.2,19.0,28.7,25.5,20.0
2024-08-07,Santacruz_IMD,19.1197,72.8468,5.6,5.6,21.0,28.8,25.3,19.2
2024-08-08,Santacruz_IMD,19.1197,72.8468,4.2,4.2,20.0,28.7,25.5,18.8
2024-08-09,Santacruz_IMD,19.1197,72.8468,15.5,15.5,24.0,27.8,25.2,16.0
2024-08-10,Santacruz_IMD,19.1197,72.8468,4.7,4.7,19.0,28.1,25.0,18.7
2024-08-11,Santacruz_IMD,19.1197,72.8468,2.4,2.4,12.0,29.2,25.9,20.4
2024-08-12,Santacruz_IMD,19.1197,72.8468,2.9,2.9,15.0,28.9,25.7,21.5
2024-08-13,Santacruz_IMD,19.1197,72.8468,3.6,3.6,14.0,28.8,25.4,16.9
2024-08-14,Santacruz_IMD,19.1197,72.8468,1.9,1.9,12.0,29.1,25.5,16.1
2024-08-15,Santacruz_IMD,19.1197,72.8468,1.2,1.2,8.0,29.4,25.4,18.1
2024-08-16,Santacruz_IMD,19.1197,72.8468,0.9,0.9,7.0,29.6,25.8,16.6
2024-08-17,Santacruz_IMD,19.1197,72.8468,0.5,0.5,4.0,29.6,25.7,13.1
2024-08-18,Santacruz_IMD,19.1197,72.8468,2.9,2.9,6.0,29.9,25.5,13.7
2024-08-19,Santacruz_IMD,19.1197,72.8468,16.7,16.7,17.0,29.1,25.5,15.9
2024-08-20,Santacruz_IMD,19.1197,72.8468,28.8,28.8,15.0,28.6,25.1,13.1
2024-08-21,Santacruz_IMD,19.1197,72.8468,0.2,0.2,2.0,30.3,25.3,17.3
2024-08-22,Santacruz_IMD,19.1197,72.8468,4.7,4.7,13.0,30.0,25.9,15.8
2024-08-23,Santacruz_IMD,19.1197,72.8468,16.0,16.0,24.0,28.5,25.9,18.1
2024-08-24,Santacruz_IMD,19.1197,72.8468,61.7,61.7,24.0,26.5,25.2,20.9
2024-08-25,Santacruz_IMD,19.1197,72.8468,28.0,28.0,24.0,27.6,24.7,26.0
2024-08-26,Santacruz_IMD,19.1197,72.8468,22.6,22.6,24.0,27.0,24.4,28.1
2024-08-27,Santacruz_IMD,19.1197,72.8468,17.9,17.9,24.0,27.6,24.8,31.1
2024-08-28,Santacruz_IMD,19.1197,72.8468,14.4,14.4,22.0,28.9,25.1,32.1
2024-08-29,Santacruz_IMD,19.1197,72.8468,5.1,5.1,18.0,29.0,26.1,25.3
2024-08-30,Santacruz_IMD,19.1197,72.8468,6.5,6.5,17.0,29.0,25.2,19.8
2024-08-31,Santacruz_IMD,19.1197,72.8468,2.1,2.1,13.0,28.9,25.3,12.9
2024-09-01,Santacruz_IMD,19.1197,72.8468,2.3,2.3,12.0,27.8,25.3,13.2
2024-09-02,Santacruz_IMD,19.1197,72.8468,29.6,29.6,24.0,27.3,24.9,19.5
2024-09-03,Santacruz_IMD,19.1197,72.8468,13.0,13.0,23.0,27.3,24.8,16.0
2024-09-04,Santacruz_IMD,19.1197,72.8468,17.1,17.1,21.0,28.3,25.1,19.4
2024-09-05,Santacruz_IMD,19.1197,72.8468,27.9,27.9,24.0,28.3,25.2,23.4
2024-09-06,Santacruz_IMD,19.1197,72.8468,14.7,14.7,22.0,28.4,25.1,21.3
2024-09-07,Santacruz_IMD,19.1197,72.8468,10.0,10.0,24.0,28.3,25.2,17.2
2024-09-08,Santacruz_IMD,19.1197,72.8468,4.2,4.2,18.0,28.7,24.9,14.9
2024-09-09,Santacruz_IMD,19.1197,72.8468,2.0,2.0,13.0,28.8,25.0,16.4
2024-09-10,Santacruz_IMD,19.1197,72.8468,3.9,3.9,17.0,28.5,25.0,17.6
2024-09-11,Santacruz_IMD,19.1197,72.8468,4.6,4.6,20.0,28.2,24.9,18.5
2024-09-12,Santacruz_IMD,19.1197,72.8468,8.2,8.2,21.0,28.4,24.9,17.9
2024-09-13,Santacruz_IMD,19.1197,72.8468,4.5,4.5,21.0,28.6,24.7,19.2
2024-09-14,Santacruz_IMD,19.1197,72.8468,9.1,9.1,22.0,27.9,23.8,16.7
2024-09-15,Santacruz_IMD,19.1197,72.8468,3.9,3.9,11.0,27.4,23.5,13.4
2024-09-16,Santacruz_IMD,19.1197,72.8468,2.4,2.4,14.0,28.7,23.8,14.6
2024-09-17,Santacruz_IMD,19.1197,72.8468,0.2,0.2,2.0,28.9,23.1,15.6
2024-09-18,Santacruz_IMD,19.1197,72.8468,0.8,0.8,5.0,29.2,23.4,13.0
2024-09-19,Santacruz_IMD,19.1197,72.8468,1.0,1.0,5.0,29.5,24.6,12.8
2024-09-20,Santacruz_IMD,19.1197,72.8468,5.2,5.2,11.0,28.4,23.3,15.9
2024-09-21,Santacruz_IMD,19.1197,72.8468,1.9,1.9,12.0,29.7,23.9,15.8
2024-09-22,Santacruz_IMD,19.1197,72.8468,2.2,2.2,9.0,29.7,25.1,18.5
2024-09-23,Santacruz_IMD,19.1197,72.8468,5.7,5.7,15.0,28.9,26.1,17.6
2024-09-24,Santacruz_IMD,19.1197,72.8468,23.1,23.1,24.0,29.0,24.7,22.7
2024-09-25,Santacruz_IMD,19.1197,72.8468,36.4,36.4,24.0,28.0,24.3,20.6
2024-09-26,Santacruz_IMD,19.1197,72.8468,48.0,48.0,24.0,26.6,24.5,18.7
2024-09-27,Santacruz_IMD,19.1197,72.8468,61.7,61.7,24.0,26.8,25.5,28.1
2024-09-28,Santacruz_IMD,19.1197,72.8468,5.8,5.8,18.0,28.1,24.9,17.9
2024-09-29,Santacruz_IMD,19.1197,72.8468,4.6,4.6,15.0,28.7,25.0,14.8
2024-09-30,Santacruz_IMD,19.1197,72.8468,1.6,1.6,7.0,29.7,24.7,15.2
2024-10-01,Santacruz_IMD,19.1197,72.8468,0.6,0.6,4.0,31.5,25.0,15.7
2024-10-02,Santacruz_IMD,19.1197,72.8468,1.3,1.3,7.0,30.7,26.1,15.0
2024-10-03,Santacruz_IMD,19.1197,72.8468,1.4,1.4,7.0,30.1,25.4,15.7
2024-10-04,Santacruz_IMD,19.1197,72.8468,1.4,1.4,10.0,29.5,25.3,14.4
2024-10-05,Santacruz_IMD,19.1197,72.8468,1.1,1.1,6.0,29.5,24.3,14.7
2024-10-06,Santacruz_IMD,19.1197,72.8468,21.4,21.4,5.0,31.3,24.3,17.9
2024-10-07,Santacruz_IMD,19.1197,72.8468,0.6,0.6,2.0,31.6,24.8,13.7
2024-10-08,Santacruz_IMD,19.1197,72.8468,0.0,0.0,0.0,32.2,25.2,14.1
2024-10-09,Santacruz_IMD,19.1197,72.8468,6.4,6.4,13.0,29.1,25.1,18.9
2024-10-10,Santacruz_IMD,19.1197,72.8468,6.4,6.4,8.0,29.7,24.4,15.9
2024-10-11,Santacruz_IMD,19.1197,72.8468,22.0,22.0,8.0,31.5,25.0,15.7
2024-10-12,Santacruz_IMD,19.1197,72.8468,0.7,0.7,5.0,31.4,24.3,11.5
2024-10-13,Santacruz_IMD,19.1197,72.8468,2.0,2.0,7.0,30.6,24.8,10.9
2024-10-14,Santacruz_IMD,19.1197,72.8468,5.2,5.2,6.0,31.6,24.2,16.0
2024-10-15,Santacruz_IMD,19.1197,72.8468,0.0,0.0,0.0,29.6,24.4,11.9
2024-10-16,Santacruz_IMD,19.1197,72.8468,8.6,8.6,10.0,30.7,24.7,12.5
2024-10-17,Santacruz_IMD,19.1197,72.8468,2.9,2.9,5.0,29.0,25.3,12.3
2024-10-18,Santacruz_IMD,19.1197,72.8468,12.4,12.4,7.0,31.9,24.7,13.4
2024-10-19,Santacruz_IMD,19.1197,72.8468,7.9,7.9,9.0,30.1,24.0,12.1
2024-10-20,Santacruz_IMD,19.1197,72.8468,6.8,6.8,8.0,29.8,24.0,8.2
2024-10-21,Santacruz_IMD,19.1197,72.8468,13.3,13.3,11.0,30.4,23.9,8.8
2024-10-22,Santacruz_IMD,19.1197,72.8468,7.3,7.3,9.0,30.3,23.6,12.3
2024-10-23,Santacruz_IMD,19.1197,72.8468,0.0,0.0,0.0,31.4,24.2,14.8
2024-10-24,Santacruz_IMD,19.1197,72.8468,0.0,0.0,0.0,32.5,24.5,14.9
2024-10-25,Santacruz_IMD,19.1197,72.8468,0.0,0.0,0.0,31.1,22.6,12.5
2024-10-26,Santacruz_IMD,19.1197,72.8468,0.0,0.0,0.0,32.5,22.1,17.0
2024-10-27,Santacruz_IMD,19.1197,72.8468,0.0,0.0,0.0,31.6,22.1,15.9
2024-10-28,Santacruz_IMD,19.1197,72.8468,0.0,0.0,0.0,31.8,23.1,16.2
2024-10-29,Santacruz_IMD,19.1197,72.8468,0.0,0.0,0.0,31.2,24.5,13.7
2024-10-30,Santacruz_IMD,19.1197,72.8468,0.0,0.0,0.0,32.7,24.1,12.5
2024-10-31,Santacruz_IMD,19.1197,72.8468,0.0,0.0,0.0,32.4,24.1,15.2
2019-01-01,Colaba_IMD,18.9067,72.8147,0.0,0.0,0.0,30.3,17.6,15.5
2019-01-02,Colaba_IMD,18.9067,72.8147,0.0,0.0,0.0,30.0,16.2,17.3
2019-01-03,Colaba_IMD,18.9067,72.8147,0.0,0.0,0.0,29.7,15.3,13.1
2019-01-04,Colaba_IMD,18.9067,72.8147,0.0,0.0,0.0,30.7,15.3,16.3
2019-01-05,Colaba_IMD,18.9067,72.8147,0.0,0.0,0.0,27.8,16.3,17.3
2019-01-06,Colaba_IMD,18.9067,72.8147,0.0,0.0,0.0,30.0,16.9,24.1
2019-01-07,Colaba_IMD,18.9067,72.8147,0.0,0.0,0.0,31.0,17.2,20.4
2019-01-08,Colaba_IMD,18.9067,72.8147,0.0,0.0,0.0,31.0,17.5,19.9
2019-01-09,Colaba_IMD,18.9067,72.8147,0.0,0.0,0.0,27.4,15.1,17.8
2019-01-10,Colaba_IMD,18.9067,72.8147,0.0,0.0,0.0,29.5,15.6,14.7
2019-01-11,Colaba_IMD,18.9067,72.8147,0.0,0.0,0.0,27.9,15.7,15.6
2019-01-12,Colaba_IMD,18.9067,72.8147,0.0,0.0,0.0,27.1,15.4,15.5
2019-01-13,Colaba_IMD,18.9067,72.8147,0.0,0.0,0.0,28.9,15.2,19.9
2019-01-14,Colaba_IMD,18.9067,72.8147,0.0,0.0,0.0,29.6,17.5,20.1
2019-01-15,Colaba_IMD,18.9067,72.8147,0.0,0.0,0.0,31.6,20.0,19.0
2019-01-16,Colaba_IMD,18.9067,72.8147,0.0,0.0,0.0,30.4,17.6,17.2
2019-01-17,Colaba_IMD,18.9067,72.8147,0.0,0.0,0.0,29.6,17.8,19.1
2019-01-18,Colaba_IMD,18.9067,72.8147,0.0,0.0,0.0,29.3,16.7,16.1
2019-01-19,Colaba_IMD,18.9067,72.8147,0.0,0.0,0.0,31.0,17.1,14.8
2019-01-20,Colaba_IMD,18.9067,72.8147,0.0,0.0,0.0,31.5,17.4,17.2
2019-01-21,Colaba_IMD,18.9067,72.8147,0.0,0.0,0.0,27.8,18.0,16.9
2019-01-22,Colaba_IMD,18.9067,72.8147,0.0,0.0,0.0,26.7,19.6,12.1
2019-01-23,Colaba_IMD,18.9067,72.8147,0.1,0.1,1.0,25.9,19.2,23.8
2019-01-24,Colaba_IMD,18.9067,72.8147,0.0,0.0,0.0,26.1,17.7,23.0
2019-01-25,Colaba_IMD,18.9067,72.8147,0.0,0.0,0.0,26.2,17.9,28.1
2019-01-26,Colaba_IMD,18.9067,72.8147,0.0,0.0,0.0,26.9,17.1,29.1
2019-01-27,Colaba_IMD,18.9067,72.8147,0.0,0.0,0.0,29.5,19.1,29.7
2019-01-28,Colaba_IMD,18.9067,72.8147,0.0,0.0,0.0,28.9,18.6,24.5
2019-01-29,Colaba_IMD,18.9067,72.8147,0.0,0.0,0.0,30.1,18.6,24.4
2019-01-30,Colaba_IMD,18.9067,72.8147,0.0,0.0,0.0,30.0,17.2,18.0
2019-01-31,Colaba_IMD,18.9067,72.8147,0.0,0.0,0.0,28.5,17.1,20.0
2019-02-01,Colaba_IMD,18.9067,72.8147,0.0,0.0,0.0,27.7,17.6,18.4
2019-02-02,Colaba_IMD,18.9067,72.8147,0.0,0.0,0.0,27.0,18.0,21.4
2019-02-03,Colaba_IMD,18.9067,72.8147,0.0,0.0,0.0,28.8,17.9,16.1
2019-02-04,Colaba_IMD,18.9067,72.8147,0.0,0.0,0.0,30.6,18.2,20.7
2019-02-05,Colaba_IMD,18.9067,72.8147,0.0,0.0,0.0,29.2,18.9,19.1
2019-02-06,Colaba_IMD,18.9067,72.8147,0.0,0.0,0.0,27.1,19.5,19.4
2019-02-07,Colaba_IMD,18.9067,72.8147,0.0,0.0,0.0,25.5,17.1,24.5
2019-02-08,Colaba_IMD,18.9067,72.8147,0.0,0.0,0.0,23.7,17.3,26.2
2019-02-09,Colaba_IMD,18.9067,72.8147,0.0,0.0,0.0,27.5,14.5,26.0
2019-02-10,Colaba_IMD,18.9067,72.8147,0.0,0.0,0.0,28.5,14.5,13.7
2019-02-11,Colaba_IMD,18.9067,72.8147,0.0,0.0,0.0,30.6,15.5,17.1
2019-02-12,Colaba_IMD,18.9067,72.8147,0.0,0.0,0.0,32.2,20.1,14.8
2019-02-13,Colaba_IMD,18.9067,72.8147,0.0,0.0,0.0,28.8,21.5,23.4
2019-02-14,Colaba_IMD,18.9067,72.8147,0.0,0.0,0.0,28.4,21.3,25.0
2019-02-15,Colaba_IMD,18.9067,72.8147,0.0,0.0,0.0,27.5,19.8,22.0
2019-02-16,Colaba_IMD,18.9067,72.8147,0.0,0.0,0.0,27.3,16.4,20.4
2019-02-17,Colaba_IMD,18.9067,72.8147,0.0,0.0,0.0,27.2,17.7,19.0
2019-02-18,Colaba_IMD,18.9067,72.8147,0.0,0.0,0.0,28.2,16.3,19.7
2019-02-19,Colaba_IMD,18.9067,72.8147,0.0,0.0,0.0,28.3,17.0,20.5
2019-02-20,Colaba_IMD,18.9067,72.8147,0.0,0.0,0.0,29.4,19.7,17.1
2019-02-21,Colaba_IMD,18.9067,72.8147,0.0,0.0,0.0,29.1,20.2,22.8
2019-02-22,Colaba_IMD,18.9067,72.8147,0.0,0.0,0.0,28.9,22.0,20.8
2019-02-23,Colaba_IMD,18.9067,72.8147,0.0,0.0,0.0,31.9,20.5,21.4
2019-02-24,Colaba_IMD,18.9067,72.8147,0.0,0.0,0.0,30.3,20.8,26.8
2019-02-25,Colaba_IMD,18.9067,72.8147,0.0,0.0,0.0,29.5,19.6,24.0
2019-02-26,Colaba_IMD,18.9067,72.8147,0.0,0.0,0.0,29.9,20.0,23.4
2019-02-27,Colaba_IMD,18.9067,72.8147,0.0,0.0,0.0,27.3,17.6,16.4
2019-02-28,Colaba_IMD,18.9067,72.8147,0.0,0.0,0.0,28.9,18.5,25.2
2019-03-01,Colaba_IMD,18.9067,72.8147,0.0,0.0,0.0,28.8,16.6,17.9
2019-03-02,Colaba_IMD,18.9067,72.8147,0.0,0.0,0.0,29.2,19.7,17.6
2019-03-03,Colaba_IMD,18.9067,72.8147,0.0,0.0,0.0,27.6,21.8,15.9
2019-03-04,Colaba_IMD,18.9067,72.8147,0.0,0.0,0.0,27.8,20.5,19.0
2019-03-05,Colaba_IMD,18.9067,72.8147,0.0,0.0,0.0,27.9,20.7,17.0
2019-03-06,Colaba_IMD,18.9067,72.8147,0.0,0.0,0.0,27.4,19.3,22.2
2019-03-07,Colaba_IMD,18.9067,72.8147,0.0,0.0,0.0,28.2,19.0,23.4
2019-03-08,Colaba_IMD,18.9067,72.8147,0.0,0.0,0.0,28.8,19.6,23.5
2019-03-09,Colaba_IMD,18.9067,72.8147,0.0,0.0,0.0,29.5,21.3,22.7
2019-03-10,Colaba_IMD,18.9067,72.8147,0.0,0.0,0.0,29.9,20.5,19.3
2019-03-11,Colaba_IMD,18.9067,72.8147,0.0,0.0,0.0,28.3,20.1,22.9
2019-03-12,Colaba_IMD,18.9067,72.8147,0.0,0.0,0.0,28.7,21.6,17.9
2019-03-13,Colaba_IMD,18.9067,72.8147,0.0,0.0,0.0,28.3,21.1,20.1
2019-03-14,Colaba_IMD,18.9067,72.8147,0.0,0.0,0.0,29.0,21.2,25.5
2019-03-15,Colaba_IMD,18.9067,72.8147,0.0,0.0,0.0,32.8,21.1,24.5
2019-03-16,Colaba_IMD,18.9067,72.8147,0.0,0.0,0.0,29.9,20.5,17.9
2019-03-17,Colaba_IMD,18.9067,72.8147,0.0,0.0,0.0,30.1,19.4,16.4
2019-03-18,Colaba_IMD,18.9067,72.8147,0.0,0.0,0.0,30.5,19.0,18.8
2019-03-19,Colaba_IMD,18.9067,72.8147,0.0,0.0,0.0,32.2,18.8,20.8
2019-03-20,Colaba_IMD,18.9067,72.8147,0.0,0.0,0.0,29.2,19.4,23.0
2019-03-21,Colaba_IMD,18.9067,72.8147,0.0,0.0,0.0,29.2,19.3,18.9
2019-03-22,Colaba_IMD,18.9067,72.8147,0.0,0.0,0.0,28.9,19.8,22.3
2019-03-23,Colaba_IMD,18.9067,72.8147,0.0,0.0,0.0,31.2,21.7,23.7
2019-03-24,Colaba_IMD,18.9067,72.8147,0.0,0.0,0.0,33.8,23.3,25.7
2019-03-25,Colaba_IMD,18.9067,72.8147,0.0,0.0,0.0,34.0,22.3,28.7
2019-03-26,Colaba_IMD,18.9067,72.8147,0.0,0.0,0.0,34.8,21.6,25.5
2019-03-27,Colaba_IMD,18.9067,72.8147,0.0,0.0,0.0,32.0,22.4,17.6
2019-03-28,Colaba_IMD,18.9067,72.8147,0.0,0.0,0.0,31.9,20.6,18.4
2019-03-29,Colaba_IMD,18.9067,72.8147,0.0,0.0,0.0,31.6,21.4,21.2
2019-03-30,Colaba_IMD,18.9067,72.8147,0.0,0.0,0.0,30.8,23.3,19.0
2019-03-31,Colaba_IMD,18.9067,72.8147,0.0,0.0,0.0,31.2,24.3,18.0
2019-04-01,Colaba_IMD,18.9067,72.8147,0.0,0.0,0.0,31.1,22.9,17.4
2019-04-02,Colaba_IMD,18.9067,72.8147,0.0,0.0,0.0,30.5,21.2,17.3
2019-04-03,Colaba_IMD,18.9067,72.8147,0.0,0.0,0.0,32.7,23.3,21.9
2019-04-04,Colaba_IMD,18.9067,72.8147,0.0,0.0,0.0,31.8,23.4,18.9
2019-04-05,Colaba_IMD,18.9067,72.8147,0.0,0.0,0.0,31.1,24.6,15.5
2019-04-06,Colaba_IMD,18.9067,72.8147,0.0,0.0,0.0,31.6,22.0,19.5
2019-04-07,Colaba_IMD,18.9067,72.8147,0.0,0.0,0.0,31.9,22.5,17.4
2019-04-08,Colaba_IMD,18.9067,72.8147,0.0,0.0,0.0,32.0,22.8,17.4
2019-04-09,Colaba_IMD,18.9067,72.8147,0.0,0.0,0.0,31.6,22.8,17.3
2019-04-10,Colaba_IMD,18.9067,72.8147,0.0,0.0,0.0,31.6,23.8,20.0
2019-04-11,Colaba_IMD,18.9067,72.8147,0.0,0.0,0.0,31.4,24.0,17.7
2019-04-12,Colaba_IMD,18.9067,72.8147,0.0,0.0,0.0,32.4,24.3,19.9
2019-04-13,Colaba_IMD,18.9067,72.8147,0.0,0.0,0.0,33.4,25.0,26.4
2019-04-14,Colaba_IMD,18.9067,72.8147,0.0,0.0,0.0,33.4,24.0,16.0
2019-04-15,Colaba_IMD,18.9067,72.8147,0.0,0.0,0.0,34.0,26.0,19.2
2019-04-16,Colaba_IMD,18.9067,72.8147,0.0,0.0,0.0,31.5,25.7,19.3
2019-04-17,Colaba_IMD,18.9067,72.8147,0.2,0.2,2.0,31.1,25.5,21.4
2019-04-18,Colaba_IMD,18.9067,72.8147,0.0,0.0,0.0,31.2,23.2,28.1
2019-04-19,Colaba_IMD,18.9067,72.8147,0.0,0.0,0.0,33.0,24.1,26.9
2019-04-20,Colaba_IMD,18.9067,72.8147,0.0,0.0,0.0,32.4,21.9,19.0
2019-04-21,Colaba_IMD,18.9067,72.8147,0.0,0.0,0.0,32.3,22.3,16.5
2019-04-22,Colaba_IMD,18.9067,72.8147,0.0,0.0,0.0,32.0,23.4,19.7
2019-04-23,Colaba_IMD,18.9067,72.8147,0.0,0.0,0.0,32.9,24.7,23.7
2019-04-24,Colaba_IMD,18.9067,72.8147,0.0,0.0,0.0,31.9,24.3,27.2
2019-04-25,Colaba_IMD,18.9067,72.8147,0.0,0.0,0.0,32.1,24.8,26.7
2019-04-26,Colaba_IMD,18.9067,72.8147,0.0,0.0,0.0,33.0,25.4,30.1
2019-04-27,Colaba_IMD,18.9067,72.8147,0.0,0.0,0.0,34.9,26.8,31.5
2019-04-28,Colaba_IMD,18.9067,72.8147,0.0,0.0,0.0,34.8,26.8,27.7
2019-04-29,Colaba_IMD,18.9067,72.8147,0.0,0.0,0.0,32.9,26.1,20.9
2019-04-30,Colaba_IMD,18.9067,72.8147,0.0,0.0,0.0,33.0,24.1,19.1
2019-05-01,Colaba_IMD,18.9067,72.8147,0.0,0.0,0.0,31.5,24.9,17.0
2019-05-02,Colaba_IMD,18.9067,72.8147,0.0,0.0,0.0,31.2,24.7,18.0
2019-05-03,Colaba_IMD,18.9067,72.8147,0.0,0.0,0.0,31.0,23.1,17.0
2019-05-04,Colaba_IMD,18.9067,72.8147,0.0,0.0,0.0,31.9,26.3,18.8
2019-05-05,Colaba_IMD,18.9067,72.8147,0.1,0.1,1.0,31.6,26.3,18.8
2019-05-06,Colaba_IMD,18.9067,72.8147,0.0,0.0,0.0,32.1,26.1,21.6
2019-05-07,Colaba_IMD,18.9067,72.8147,0.0,0.0,0.0,31.7,25.7,18.4
2019-05-08,Colaba_IMD,18.9067,72.8147,0.2,0.2,2.0,31.8,26.4,20.6
2019-05-09,Colaba_IMD,18.9067,72.8147,0.0,0.0,0.0,31.7,26.5,18.4
2019-05-10,Colaba_IMD,18.9067,72.8147,0.0,0.0,0.0,32.2,25.0,19.5
2019-05-11,Colaba_IMD,18.9067,72.8147,0.0,0.0,0.0,31.9,25.8,21.6
2019-05-12,Colaba_IMD,18.9067,72.8147,0.0,0.0,0.0,31.6,26.1,19.9
2019-05-13,Colaba_IMD,18.9067,72.8147,0.0,0.0,0.0,32.3,27.0,18.4
2019-05-14,Colaba_IMD,18.9067,72.8147,0.0,0.0,0.0,32.1,24.9,18.7
2019-05-15,Colaba_IMD,18.9067,72.8147,0.0,0.0,0.0,32.8,25.4,22.2
2019-05-16,Colaba_IMD,18.9067,72.8147,0.0,0.0,0.0,32.2,25.0,22.2
2019-05-17,Colaba_IMD,18.9067,72.8147,0.0,0.0,0.0,32.3,24.9,24.0
2019-05-18,Colaba_IMD,18.9067,72.8147,0.0,0.0,0.0,33.0,25.1,27.8
2019-05-19,Colaba_IMD,18.9067,72.8147,0.0,0.0,0.0,33.1,26.0,26.6
2019-05-20,Colaba_IMD,18.9067,72.8147,0.0,0.0,0.0,33.0,26.1,26.0
2019-05-21,Colaba_IMD,18.9067,72.8147,0.0,0.0,0.0,33.3,25.8,20.3
2019-05-22,Colaba_IMD,18.9067,72.8147,0.0,0.0,0.0,32.7,26.9,22.4
2019-05-23,Colaba_IMD,18.9067,72.8147,0.0,0.0,0.0,32.8,26.3,21.3
2019-05-24,Colaba_IMD,18.9067,72.8147,0.0,0.0,0.0,33.3,26.8,22.6
2019-05-25,Colaba_IMD,18.9067,72.8147,0.0,0.0,0.0,32.6,27.8,19.0
2019-05-26,Colaba_IMD,18.9067,72.8147,0.0,0.0,0.0,32.6,25.9,17.4
2019-05-27,Colaba_IMD,18.9067,72.8147,0.0,0.0,0.0,33.1,27.5,22.4
2019-05-28,Colaba_IMD,18.9067,72.8147,0.0,0.0,0.0,32.8,27.0,20.5
2019-05-29,Colaba_IMD,18.9067,72.8147,0.0,0.0,0.0,32.6,25.8,20.1
2019-05-30,Colaba_IMD,18.9067,72.8147,0.0,0.0,0.0,32.7,27.5,18.7
2019-05-31,Colaba_IMD,18.9067,72.8147,0.0,0.0,0.0,32.8,26.6,19.5
2019-06-01,Colaba_IMD,18.9067,72.8147,0.0,0.0,0.0,33.2,28.3,18.8
2019-06-02,Colaba_IMD,18.9067,72.8147,0.0,0.0,0.0,33.1,27.7,18.8
2019-06-03,Colaba_IMD,18.9067,72.8147,0.2,0.2,2.0,33.0,28.5,20.9
2019-06-04,Colaba_IMD,18.9067,72.8147,0.8,0.8,4.0,33.0,28.4,17.0
2019-06-05,Colaba_IMD,18.9067,72.8147,0.0,0.0,0.0,32.9,27.9,22.4
2019-06-06,Colaba_IMD,18.9067,72.8147,0.0,0.0,0.0,33.3,28.5,19.5
2019-06-07,Colaba_IMD,18.9067,72.8147,0.3,0.3,3.0,33.4,28.1,20.0
2019-06-08,Colaba_IMD,18.9067,72.8147,0.3,0.3,2.0,33.7,28.8,22.1
2019-06-09,Colaba_IMD,18.9067,72.8147,0.0,0.0,0.0,34.1,28.2,18.1
2019-06-10,Colaba_IMD,18.9067,72.8147,5.4,5.4,14.0,32.4,27.9,20.0
2019-06-11,Colaba_IMD,18.9067,72.8147,1.5,1.5,4.0,33.3,27.1,18.5
2019-06-12,Colaba_IMD,18.9067,72.8147,14.8,14.8,20.0,30.6,26.3,37.1
2019-06-13,Colaba_IMD,18.9067,72.8147,11.6,11.6,23.0,29.2,26.1,34.2
2019-06-14,Colaba_IMD,18.9067,72.8147,9.6,9.6,24.0,29.9,25.8,29.5
2019-06-15,Colaba_IMD,18.9067,72.8147,9.8,9.8,20.0,29.3,25.9,31.2
2019-06-16,Colaba_IMD,18.9067,72.8147,5.7,5.7,20.0,29.8,26.3,30.5
2019-06-17,Colaba_IMD,18.9067,72.8147,4.5,4.5,20.0,29.5,26.2,29.6
2019-06-18,Colaba_IMD,18.9067,72.8147,7.5,7.5,24.0,28.9,25.9,29.6
2019-06-19,Colaba_IMD,18.9067,72.8147,9.7,9.7,21.0,29.0,26.0,23.6
2019-06-20,Colaba_IMD,18.9067,72.8147,3.2,3.2,16.0,30.4,26.2,14.7
2019-06-21,Colaba_IMD,18.9067,72.8147,2.1,2.1,8.0,29.7,26.4,14.8
2019-06-22,Colaba_IMD,18.9067,72.8147,2.2,2.2,11.0,30.3,26.7,15.8
2019-06-23,Colaba_IMD,18.9067,72.8147,2.0,2.0,12.0,29.8,26.5,12.1
2019-06-24,Colaba_IMD,18.9067,72.8147,14.0,14.0,19.0,28.7,26.2,12.8
2019-06-25,Colaba_IMD,18.9067,72.8147,4.5,4.5,15.0,30.0,26.1,15.1
2019-06-26,Colaba_IMD,18.9067,72.8147,7.3,7.3,23.0,30.2,26.0,21.7
2019-06-27,Colaba_IMD,18.9067,72.8147,21.3,21.3,23.0,29.0,26.0,18.6
2019-06-28,Colaba_IMD,18.9067,72.8147,83.4,83.4,24.0,28.8,26.1,26.1
2019-06-29,Colaba_IMD,18.9067,72.8147,84.6,84.6,24.0,27.7,25.7,24.2
2019-06-30,Colaba_IMD,18.9067,72.8147,36.9,36.9,24.0,27.2,25.5,17.5
2019-07-01,Colaba_IMD,18.9067,72.8147,29.6,29.6,24.0,27.2,25.2,15.8
2019-07-02,Colaba_IMD,18.9067,72.8147,25.6,25.6,24.0,28.1,25.2,17.9
2019-07-03,Colaba_IMD,18.9067,72.8147,23.1,23.1,24.0,26.9,25.5,18.6
2019-07-04,Colaba_IMD,18.9067,72.8147,21.0,21.0,24.0,27.8,25.8,20.9
2019-07-05,Colaba_IMD,18.9067,72.8147,17.2,17.2,24.0,27.6,25.7,25.1
2019-07-06,Colaba_IMD,18.9067,72.8147,25.3,25.3,24.0,26.7,25.5,26.5
2019-07-07,Colaba_IMD,18.9067,72.8147,19.4,19.4,24.0,27.6,25.7,26.9
2019-07-08,Colaba_IMD,18.9067,72.8147,15.5,15.5,24.0,27.6,25.6,24.4
2019-07-09,Colaba_IMD,18.9067,72.8147,16.3,16.3,24.0,27.5,25.7,28.5
2019-07-10,Colaba_IMD,18.9067,72.8147,35.0,35.0,24.0,27.5,25.5,27.3
2019-07-11,Colaba_IMD,18.9067,72.8147,21.6,21.6,24.0,27.2,25.4,25.7
2019-07-12,Colaba_IMD,18.9067,72.8147,6.4,6.4,24.0,27.3,25.7,25.6
2019-07-13,Colaba_IMD,18.9067,72.8147,5.1,5.1,24.0,27.8,25.4,22.2
2019-07-14,Colaba_IMD,18.9067,72.8147,7.4,7.4,24.0,28.2,25.8,20.1
2019-07-15,Colaba_IMD,18.9067,72.8147,7.0,7.0,24.0,28.5,25.5,21.3
2019-07-16,Colaba_IMD,18.9067,72.8147,6.8,6.8,24.0,27.9,25.4,17.9
2019-07-17,Colaba_IMD,18.9067,72.8147,6.5,6.5,23.0,28.0,25.5,16.1
2019-07-18,Colaba_IMD,18.9067,72.8147,5.6,5.6,19.0,28.6,25.6,15.6
2019-07-19,Colaba_IMD,18.9067,72.8147,3.4,3.4,13.0,29.0,25.4,14.0
2019-07-20,Colaba_IMD,18.9067,72.8147,7.4,7.4,20.0,29.1,25.9,13.9
2019-07-21,Colaba_IMD,18.9067,72.8147,18.1,18.1,21.0,29.1,26.0,13.5
2019-07-22,Colaba_IMD,18.9067,72.8147,4.6,4.6,15.0,29.8,25.8,20.8
2019-07-23,Colaba_IMD,18.9067,72.8147,16.8,16.8,24.0,28.5,25.9,31.9
2019-07-24,Colaba_IMD,18.9067,72.8147,99.1,99.1,24.0,27.7,26.0,27.9
2019-07-25,Colaba_IMD,18.9067,72.8147,24.4,24.4,24.0,27.5,26.1,19.7
2019-07-26,Colaba_IMD,18.9067,72.8147,31.6,31.6,24.0,27.2,25.6,22.8
2019-07-27,Colaba_IMD,18.9067,72.8147,47.8,47.8,24.0,27.6,25.3,27.6
2019-07-28,Colaba_IMD,18.9067,72.8147,15.6,15.6,24.0,27.5,25.7,26.2
2019-07-29,Colaba_IMD,18.9067,72.8147,28.2,28.2,24.0,26.6,25.3,26.0
2019-07-30,Colaba_IMD,18.9067,72.8147,57.3,57.3,24.0,26.5,25.5,30.3
2019-07-31,Colaba_IMD,18.9067,72.8147,30.7,30.7,24.0,27.1,25.6,25.8
2019-08-01,Colaba_IMD,18.9067,72.8147,14.0,14.0,24.0,28.1,26.0,28.1
2019-08-02,Colaba_IMD,18.9067,72.8147,39.0,39.0,24.0,27.9,25.3,31.0
2019-08-03,Colaba_IMD,18.9067,72.8147,107.5,107.5,24.0,26.1,25.5,36.5
2019-08-04,Colaba_IMD,18.9067,72.8147,118.0,118.0,24.0,26.6,25.5,34.3
2019-08-05,Colaba_IMD,18.9067,72.8147,69.4,69.4,24.0,26.3,25.4,29.8
2019-08-06,Colaba_IMD,18.9067,72.8147,48.1,48.1,24.0,26.6,25.5,30.6
2019-08-07,Colaba_IMD,18.9067,72.8147,25.5,25.5,24.0,27.3,25.7,30.5
2019-08-08,Colaba_IMD,18.9067,72.8147,13.6,13.6,23.0,27.5,26.2,33.4
2019-08-09,Colaba_IMD,18.9067,72.8147,9.4,9.4,23.0,28.0,26.0,36.2
2019-08-10,Colaba_IMD,18.9067,72.8147,10.9,10.9,24.0,28.2,26.0,38.3
2019-08-11,Colaba_IMD,18.9067,72.8147,14.0,14.0,24.0,28.2,25.4,32.8
2019-08-12,Colaba_IMD,18.9067,72.8147,6.8,6.8,24.0,28.2,25.2,21.5
2019-08-13,Colaba_IMD,18.9067,72.8147,5.3,5.3,24.0,27.8,25.4,18.7
2019-08-14,Colaba_IMD,18.9067,72.8147,9.2,9.2,24.0,27.6,25.6,17.8
2019-08-15,Colaba_IMD,18.9067,72.8147,12.3,12.3,24.0,27.6,25.1,19.9
2019-08-16,Colaba_IMD,18.9067,72.8147,8.8,8.8,24.0,28.7,25.4,25.8
2019-08-17,Colaba_IMD,18.9067,72.8147,4.7,4.7,22.0,28.5,25.7,21.4
2019-08-18,Colaba_IMD,18.9067,72.8147,4.2,4.2,17.0,28.6,25.5,16.0
2019-08-19,Colaba_IMD,18.9067,72.8147,4.4,4.4,18.0,28.1,25.2,14.4
2019-08-20,Colaba_IMD,18.9067,72.8147,2.5,2.5,12.0,28.4,25.2,14.3
2019-08-21,Colaba_IMD,18.9067,72.8147,6.2,6.2,24.0,27.4,25.6,14.4
2019-08-22,Colaba_IMD,18.9067,72.8147,6.9,6.9,24.0,27.1,25.1,13.4
2019-08-23,Colaba_IMD,18.9067,72.8147,7.6,7.6,20.0,27.4,24.5,14.7
2019-08-24,Colaba_IMD,18.9067,72.8147,7.3,7.3,21.0,27.8,24.5,16.3
2019-08-25,Colaba_IMD,18.9067,72.8147,2.7,2.7,16.0,27.4,24.7,14.8
2019-08-26,Colaba_IMD,18.9067,72.8147,3.9,3.9,23.0,28.1,24.8,19.0
2019-08-27,Colaba_IMD,18.9067,72.8147,6.0,6.0,23.0,27.3,24.9,20.5
2019-08-28,Colaba_IMD,18.9067,72.8147,3.4,3.4,20.0,27.8,24.7,20.3
2019-08-29,Colaba_IMD,18.9067,72.8147,5.2,5.2,24.0,28.2,25.2,20.3
2019-08-30,Colaba_IMD,18.9067,72.8147,17.5,17.5,23.0,28.2,25.4,16.9
2019-08-31,Colaba_IMD,18.9067,72.8147,27.0,27.0,24.0,27.7,25.4,18.1
2019-09-01,Colaba_IMD,18.9067,72.8147,20.1,20.1,23.0,27.5,25.3,20.8
2019-09-02,Colaba_IMD,18.9067,72.8147,17.0,17.0,24.0,28.0,25.3,20.8
2019-09-03,Colaba_IMD,18.9067,72.8147,62.7,62.7,24.0,26.6,25.4,19.4
2019-09-04,Colaba_IMD,18.9067,72.8147,77.3,77.3,24.0,26.5,25.3,22.8
2019-09-05,Colaba_IMD,18.9067,72.8147,49.7,49.7,24.0,27.3,25.4,28.0
2019-09-06,Colaba_IMD,18.9067,72.8147,48.3,48.3,24.0,26.7,25.8,26.2
2019-09-07,Colaba_IMD,18.9067,72.8147,50.9,50.9,24.0,27.6,25.6,24.4
2019-09-08,Colaba_IMD,18.9067,72.8147,34.3,34.3,24.0,27.4,25.7,27.3
2019-09-09,Colaba_IMD,18.9067,72.8147,26.2,26.2,24.0,27.6,25.6,23.6
2019-09-10,Colaba_IMD,18.9067,72.8147,21.3,21.3,24.0,27.7,25.7,22.8
2019-09-11,Colaba_IMD,18.9067,72.8147,8.3,8.3,24.0,27.8,25.1,20.3
2019-09-12,Colaba_IMD,18.9067,72.8147,16.0,16.0,24.0,26.6,25.5,19.5
2019-09-13,Colaba_IMD,18.9067,72.8147,33.2,33.2,24.0,26.8,25.0,19.2
2019-09-14,Colaba_IMD,18.9067,72.8147,18.1,18.1,24.0,27.4,25.1,19.2
2019-09-15,Colaba_IMD,18.9067,72.8147,11.7,11.7,24.0,27.4,25.1,17.4
2019-09-16,Colaba_IMD,18.9067,72.8147,7.6,7.6,24.0,27.3,25.1,16.2
2019-09-17,Colaba_IMD,18.9067,72.8147,3.7,3.7,18.0,28.1,25.8,18.5
2019-09-18,Colaba_IMD,18.9067,72.8147,17.7,17.7,24.0,28.2,25.2,15.9
2019-09-19,Colaba_IMD,18.9067,72.8147,27.6,27.6,20.0,28.3,24.5,15.0
2019-09-20,Colaba_IMD,18.9067,72.8147,2.9,2.9,15.0,28.2,25.1,25.6
2019-09-21,Colaba_IMD,18.9067,72.8147,5.3,5.3,16.0,28.5,25.2,30.2
2019-09-22,Colaba_IMD,18.9067,72.8147,0.2,0.2,2.0,29.0,25.2,25.5
2019-09-23,Colaba_IMD,18.9067,72.8147,0.5,0.5,4.0,29.2,25.1,16.8
2019-09-24,Colaba_IMD,18.9067,72.8147,7.6,7.6,14.0,28.9,24.9,19.6
2019-09-25,Colaba_IMD,18.9067,72.8147,47.9,47.9,19.0,28.7,24.4,14.9
2019-09-26,Colaba_IMD,18.9067,72.8147,20.9,20.9,18.0,29.0,25.2,21.6
2019-09-27,Colaba_IMD,18.9067,72.8147,8.4,8.4,22.0,27.8,24.8,26.4
2019-09-28,Colaba_IMD,18.9067,72.8147,2.9,2.9,16.0,28.6,24.8,24.1
2019-09-29,Colaba_IMD,18.9067,72.8147,0.9,0.9,9.0,29.1,25.2,25.5
2019-09-30,Colaba_IMD,18.9067,72.8147,4.4,4.4,22.0,28.8,25.4,17.5
2019-10-01,Colaba_IMD,18.9067,72.8147,2.6,2.6,18.0,28.8,25.2,13.6
2019-10-02,Colaba_IMD,18.9067,72.8147,0.6,0.6,6.0,29.0,24.8,14.7
2019-10-03,Colaba_IMD,18.9067,72.8147,0.2,0.2,2.0,29.5,24.9,17.1
2019-10-04,Colaba_IMD,18.9067,72.8147,1.3,1.3,6.0,29.6,25.4,11.9
2019-10-05,Colaba_IMD,18.9067,72.8147,1.3,1.3,5.0,30.0,24.4,12.8
2019-10-06,Colaba_IMD,18.9067,72.8147,0.7,0.7,5.0,29.9,24.4,11.6
2019-10-07,Colaba_IMD,18.9067,72.8147,2.7,2.7,7.0,30.0,25.8,14.9
2019-10-08,Colaba_IMD,18.9067,72.8147,7.6,7.6,8.0,30.9,25.2,12.4
2019-10-09,Colaba_IMD,18.9067,72.8147,5.1,5.1,6.0,31.1,26.0,9.9
2019-10-10,Colaba_IMD,18.9067,72.8147,0.8,0.8,5.0,31.4,25.4,11.7
2019-10-11,Colaba_IMD,18.9067,72.8147,7.0,7.0,4.0,31.2,24.8,10.7
2019-10-12,Colaba_IMD,18.9067,72.8147,5.0,5.0,8.0,31.0,25.2,10.2
2019-10-13,Colaba_IMD,18.9067,72.8147,5.2,5.2,6.0,31.4,25.4,12.5
2019-10-14,Colaba_IMD,18.9067,72.8147,0.2,0.2,1.0,33.2,25.7,14.5
2019-10-15,Colaba_IMD,18.9067,72.8147,0.0,0.0,0.0,34.3,25.8,17.3
2019-10-16,Colaba_IMD,18.9067,72.8147,0.0,0.0,0.0,34.2,24.6,17.8
2019-10-17,Colaba_IMD,18.9067,72.8147,0.0,0.0,0.0,33.8,25.3,13.5
2019-10-18,Colaba_IMD,18.9067,72.8147,0.2,0.2,1.0,32.0,25.4,12.8
2019-10-19,Colaba_IMD,18.9067,72.8147,29.3,29.3,23.0,27.2,25.3,9.8
2019-10-20,Colaba_IMD,18.9067,72.8147,30.0,30.0,24.0,26.9,24.9,11.7
2019-10-21,Colaba_IMD,18.9067,72.8147,18.4,18.4,14.0,30.0,24.4,12.8
2019-10-22,Colaba_IMD,18.9067,72.8147,25.8,25.8,18.0,29.0,24.0,12.2
2019-10-23,Colaba_IMD,18.9067,72.8147,56.3,56.3,23.0,26.8,23.7,12.6
2019-10-24,Colaba_IMD,18.9067,72.8147,22.2,22.2,18.0,28.6,24.7,12.3
2019-10-25,Colaba_IMD,18.9067,72.8147,14.4,14.4,14.0,28.1,24.9,24.7
2019-10-26,Colaba_IMD,18.9067,72.8147,19.0,19.0,15.0,27.7,23.9,21.1
2019-10-27,Colaba_IMD,18.9067,72.8147,1.9,1.9,4.0,30.9,23.7,16.3
2019-10-28,Colaba_IMD,18.9067,72.8147,1.2,1.2,2.0,29.4,23.5,12.0
2019-10-29,Colaba_IMD,18.9067,72.8147,2.2,2.2,6.0,30.5,23.6,10.3
2019-10-30,Colaba_IMD,18.9067,72.8147,1.1,1.1,3.0,31.7,25.5,13.9
2019-10-31,Colaba_IMD,18.9067,72.8147,2.7,2.7,5.0,31.6,25.6,16.8
2019-11-01,Colaba_IMD,18.9067,72.8147,6.6,6.6,5.0,31.8,25.4,15.3
2019-11-02,Colaba_IMD,18.9067,72.8147,0.7,0.7,2.0,30.9,24.0,22.8
2019-11-03,Colaba_IMD,18.9067,72.8147,0.4,0.4,3.0,30.0,24.1,11.3
2019-11-04,Colaba_IMD,18.9067,72.8147,0.0,0.0,0.0,29.5,23.4,17.5
2019-11-05,Colaba_IMD,18.9067,72.8147,0.0,0.0,0.0,30.3,24.9,15.0
2019-11-06,Colaba_IMD,18.9067,72.8147,0.0,0.0,0.0,29.5,24.3,15.6
2019-11-07,Colaba_IMD,18.9067,72.8147,2.1,2.1,11.0,28.9,24.9,23.4
2019-11-08,Colaba_IMD,18.9067,72.8147,3.3,3.3,18.0,28.1,24.4,21.3
2019-11-09,Colaba_IMD,18.9067,72.8147,0.9,0.9,7.0,28.3,23.0,12.8
2019-11-10,Colaba_IMD,18.9067,72.8147,0.0,0.0,0.0,28.7,22.6,15.0
2019-11-11,Colaba_IMD,18.9067,72.8147,0.0,0.0,0.0,30.7,23.6,13.0
2019-11-12,Colaba_IMD,18.9067,72.8147,0.0,0.0,0.0,31.9,23.1,10.9
2019-11-13,Colaba_IMD,18.9067,72.8147,0.0,0.0,0.0,32.1,24.0,13.6
2019-11-14,Colaba_IMD,18.9067,72.8147,0.0,0.0,0.0,31.9,24.1,14.3
2019-11-15,Colaba_IMD,18.9067,72.8147,0.1,0.1,1.0,30.9,23.0,11.6
2019-11-16,Colaba_IMD,18.9067,72.8147,0.0,0.0,0.0,31.7,24.7,11.5
2019-11-17,Colaba_IMD,18.9067,72.8147,0.0,0.0,0.0,33.2,25.7,15.4
2019-11-18,Colaba_IMD,18.9067,72.8147,0.0,0.0,0.0,33.0,24.6,18.1
2019-11-19,Colaba_IMD,18.9067,72.8147,0.0,0.0,0.0,33.6,23.3,20.9
2019-11-20,Colaba_IMD,18.9067,72.8147,0.0,0.0,0.0,33.1,22.7,17.3
2019-11-21,Colaba_IMD,18.9067,72.8147,0.0,0.0,0.0,33.3,23.9,13.7
2019-11-22,Colaba_IMD,18.9067,72.8147,0.0,0.0,0.0,33.2,25.7,18.6
2019-11-23,Colaba_IMD,18.9067,72.8147,0.0,0.0,0.0,32.9,24.3,19.5
2019-11-24,Colaba_IMD,18.9067,72.8147,0.0,0.0,0.0,32.6,23.8,16.4
2019-11-25,Colaba_IMD,18.9067,72.8147,0.0,0.0,0.0,32.2,23.4,17.8
2019-11-26,Colaba_IMD,18.9067,72.8147,0.0,0.0,0.0,32.6,23.0,18.9
2019-11-27,Colaba_IMD,18.9067,72.8147,0.0,0.0,0.0,32.9,22.9,16.9
2019-11-28,Colaba_IMD,18.9067,72.8147,0.0,0.0,0.0,33.2,24.1,17.3
2019-11-29,Colaba_IMD,18.9067,72.8147,0.0,0.0,0.0,32.4,24.8,17.8
2019-11-30,Colaba_IMD,18.9067,72.8147,0.3,0.3,3.0,32.7,24.6,17.6
2019-12-01,Colaba_IMD,18.9067,72.8147,0.0,0.0,0.0,32.8,24.8,18.2
2019-12-02,Colaba_IMD,18.9067,72.8147,0.0,0.0,0.0,33.7,24.9,13.0
2019-12-03,Colaba_IMD,18.9067,72.8147,0.5,0.5,3.0,32.4,25.1,12.1
2019-12-04,Colaba_IMD,18.9067,72.8147,0.2,0.2,2.0,31.1,25.6,13.6
2019-12-05,Colaba_IMD,18.9067,72.8147,3.0,3.0,10.0,29.9,25.6,15.3
2019-12-06,Colaba_IMD,18.9067,72.8147,0.0,0.0,0.0,33.0,25.2,18.2
2019-12-07,Colaba_IMD,18.9067,72.8147,0.0,0.0,0.0,31.9,23.9,18.1
2019-12-08,Colaba_IMD,18.9067,72.8147,0.0,0.0,0.0,31.5,23.8,15.7
2019-12-09,Colaba_IMD,18.9067,72.8147,0.0,0.0,0.0,32.3,22.8,17.4
2019-12-10,Colaba_IMD,18.9067,72.8147,0.0,0.0,0.0,31.8,23.8,17.3
2019-12-11,Colaba_IMD,18.9067,72.8147,0.0,0.0,0.0,30.2,22.5,15.6
2019-12-12,Colaba_IMD,18.9067,72.8147,0.0,0.0,0.0,29.7,23.4,15.3
2019-12-13,Colaba_IMD,18.9067,72.8147,0.0,0.0,0.0,28.7,22.1,21.8
2019-12-14,Colaba_IMD,18.9067,72.8147,0.0,0.0,0.0,29.0,20.4,20.7
2019-12-15,Colaba_IMD,18.9067,72.8147,0.0,0.0,0.0,28.2,20.9,18.2
2019-12-16,Colaba_IMD,18.9067,72.8147,0.0,0.0,0.0,29.8,21.6,18.3
2019-12-17,Colaba_IMD,18.9067,72.8147,0.0,0.0,0.0,32.0,22.3,21.6
2019-12-18,Colaba_IMD,18.9067,72.8147,0.0,0.0,0.0,32.3,22.4,18.9
2019-12-19,Colaba_IMD,18.9067,72.8147,0.0,0.0,0.0,31.3,22.2,17.7
2019-12-20,Colaba_IMD,18.9067,72.8147,0.0,0.0,0.0,31.1,21.2,16.5
2019-12-21,Colaba_IMD,18.9067,72.8147,0.0,0.0,0.0,30.3,22.6,18.3
2019-12-22,Colaba_IMD,18.9067,72.8147,0.0,0.0,0.0,31.9,22.8,12.9
2019-12-23,Colaba_IMD,18.9067,72.8147,0.0,0.0,0.0,31.5,23.7,14.4
2019-12-24,Colaba_IMD,18.9067,72.8147,0.0,0.0,0.0,30.2,23.2,12.8
2019-12-25,Colaba_IMD,18.9067,72.8147,0.0,0.0,0.0,31.0,25.1,20.1
2019-12-26,Colaba_IMD,18.9067,72.8147,3.8,3.8,5.0,29.2,23.8,18.9
2019-12-27,Colaba_IMD,18.9067,72.8147,0.0,0.0,0.0,29.7,20.3,17.9
2019-12-28,Colaba_IMD,18.9067,72.8147,0.0,0.0,0.0,31.5,22.6,20.7
2019-12-29,Colaba_IMD,18.9067,72.8147,0.1,0.1,1.0,30.1,22.4,18.1
2019-12-30,Colaba_IMD,18.9067,72.8147,0.0,0.0,0.0,28.1,20.8,20.4
2019-12-31,Colaba_IMD,18.9067,72.8147,0.0,0.0,0.0,27.3,19.7,19.4
2020-01-01,Colaba_IMD,18.9067,72.8147,0.0,0.0,0.0,26.2,15.5,14.1
2020-01-02,Colaba_IMD,18.9067,72.8147,0.0,0.0,0.0,26.5,17.9,15.1
2020-01-03,Colaba_IMD,18.9067,72.8147,0.0,0.0,0.0,26.2,18.1,22.8
2020-01-04,Colaba_IMD,18.9067,72.8147,0.0,0.0,0.0,25.9,18.1,22.7
2020-01-05,Colaba_IMD,18.9067,72.8147,0.0,0.0,0.0,30.6,18.7,19.8
2020-01-06,Colaba_IMD,18.9067,72.8147,0.0,0.0,0.0,30.4,21.5,17.2
2020-01-07,Colaba_IMD,18.9067,72.8147,0.0,0.0,0.0,28.7,20.1,18.3
2020-01-08,Colaba_IMD,18.9067,72.8147,0.2,0.2,2.0,27.4,21.8,18.8
2020-01-09,Colaba_IMD,18.9067,72.8147,0.0,0.0,0.0,27.7,19.8,25.3
2020-01-10,Colaba_IMD,18.9067,72.8147,0.0,0.0,0.0,31.1,19.9,21.1
2020-01-11,Colaba_IMD,18.9067,72.8147,0.0,0.0,0.0,32.0,21.8,16.3
2020-01-12,Colaba_IMD,18.9067,72.8147,0.0,0.0,0.0,30.5,21.3,16.5
2020-01-13,Colaba_IMD,18.9067,72.8147,0.0,0.0,0.0,28.2,21.6,19.7
2020-01-14,Colaba_IMD,18.9067,72.8147,0.2,0.2,2.0,27.3,21.1,23.5
2020-01-15,Colaba_IMD,18.9067,72.8147,0.0,0.0,0.0,25.4,20.2,23.2
2020-01-16,Colaba_IMD,18.9067,72.8147,0.0,0.0,0.0,24.6,18.0,23.2
2020-01-17,Colaba_IMD,18.9067,72.8147,0.0,0.0,0.0,24.6,15.8,25.0
2020-01-18,Colaba_IMD,18.9067,72.8147,0.0,0.0,0.0,27.1,15.4,17.8
2020-01-19,Colaba_IMD,18.9067,72.8147,0.0,0.0,0.0,28.5,18.9,18.9
2020-01-20,Colaba_IMD,18.9067,72.8147,0.0,0.0,0.0,31.1,18.7,17.1
2020-01-21,Colaba_IMD,18.9067,72.8147,0.0,0.0,0.0,29.4,19.6,19.7
2020-01-22,Colaba_IMD,18.9067,72.8147,0.0,0.0,0.0,30.5,20.2,19.5
2020-01-23,Colaba_IMD,18.9067,72.8147,0.0,0.0,0.0,31.6,21.4,23.7
2020-01-24,Colaba_IMD,18.9067,72.8147,0.0,0.0,0.0,31.9,21.2,20.8
2020-01-25,Colaba_IMD,18.9067,72.8147,0.0,0.0,0.0,30.8,21.2,21.2
2020-01-26,Colaba_IMD,18.9067,72.8147,0.0,0.0,0.0,29.9,20.2,15.8
2020-01-27,Colaba_IMD,18.9067,72.8147,0.0,0.0,0.0,28.2,20.7,14.3
2020-01-28,Colaba_IMD,18.9067,72.8147,0.9,0.9,6.0,26.8,20.9,17.3
2020-01-29,Colaba_IMD,18.9067,72.8147,0.3,0.3,2.0,25.0,19.2,23.8
2020-01-30,Colaba_IMD,18.9067,72.8147,0.0,0.0,0.0,27.1,15.0,20.9
2020-01-31,Colaba_IMD,18.9067,72.8147,0.0,0.0,0.0,25.6,16.3,20.7
2020-02-01,Colaba_IMD,18.9067,72.8147,0.0,0.0,0.0,27.3,17.2,21.7
2020-02-02,Colaba_IMD,18.9067,72.8147,0.0,0.0,0.0,29.2,18.1,16.4
2020-02-03,Colaba_IMD,18.9067,72.8147,0.0,0.0,0.0,27.2,18.0,15.7
2020-02-04,Colaba_IMD,18.9067,72.8147,0.0,0.0,0.0,27.5,19.8,18.6
2020-02-05,Colaba_IMD,18.9067,72.8147,0.0,0.0,0.0,28.6,18.8,21.6
2020-02-06,Colaba_IMD,18.9067,72.8147,0.0,0.0,0.0,26.9,18.8,18.1
2020-02-07,Colaba_IMD,18.9067,72.8147,0.0,0.0,0.0,26.3,16.0,24.2
2020-02-08,Colaba_IMD,18.9067,72.8147,0.0,0.0,0.0,28.6,16.1,26.2
2020-02-09,Colaba_IMD,18.9067,72.8147,0.0,0.0,0.0,32.3,20.3,30.5
2020-02-10,Colaba_IMD,18.9067,72.8147,0.0,0.0,0.0,31.2,21.6,18.8
2020-02-11,Colaba_IMD,18.9067,72.8147,0.0,0.0,0.0,32.5,24.2,19.1
2020-02-12,Colaba_IMD,18.9067,72.8147,0.0,0.0,0.0,34.3,23.4,22.1
2020-02-13,Colaba_IMD,18.9067,72.8147,0.0,0.0,0.0,33.9,23.4,26.9
2020-02-14,Colaba_IMD,18.9067,72.8147,0.0,0.0,0.0,32.4,23.2,25.1
2020-02-15,Colaba_IMD,18.9067,72.8147,0.0,0.0,0.0,30.6,22.3,24.2
2020-02-16,Colaba_IMD,18.9067,72.8147,0.0,0.0,0.0,30.3,21.4,18.8
2020-02-17,Colaba_IMD,18.9067,72.8147,0.0,0.0,0.0,33.4,20.7,19.8
2020-02-18,Colaba_IMD,18.9067,72.8147,0.0,0.0,0.0,34.4,21.9,20.3
2020-02-19,Colaba_IMD,18.9067,72.8147,0.0,0.0,0.0,31.4,20.8,18.2
2020-02-20,Colaba_IMD,18.9067,72.8147,0.0,0.0,0.0,30.5,20.7,20.0
2020-02-21,Colaba_IMD,18.9067,72.8147,0.0,0.0,0.0,30.7,21.9,23.7
2020-02-22,Colaba_IMD,18.9067,72.8147,0.0,0.0,0.0,31.6,20.0,21.8
2020-02-23,Colaba_IMD,18.9067,72.8147,0.0,0.0,0.0,32.2,21.4,22.9
2020-02-24,Colaba_IMD,18.9067,72.8147,0.0,0.0,0.0,30.2,20.5,22.2
2020-02-25,Colaba_IMD,18.9067,72.8147,0.0,0.0,0.0,34.2,22.8,26.0
2020-02-26,Colaba_IMD,18.9067,72.8147,0.0,0.0,0.0,35.2,22.1,24.0
2020-02-27,Colaba_IMD,18.9067,72.8147,0.0,0.0,0.0,35.6,20.6,21.2
2020-02-28,Colaba_IMD,18.9067,72.8147,0.0,0.0,0.0,32.0,19.3,20.5
2020-02-29,Colaba_IMD,18.9067,72.8147,0.0,0.0,0.0,31.1,19.6,23.3
2020-03-01,Colaba_IMD,18.9067,72.8147,0.0,0.0,0.0,29.4,20.2,22.5
2020-03-02,Colaba_IMD,18.9067,72.8147,0.0,0.0,0.0,29.3,21.1,17.4
2020-03-03,Colaba_IMD,18.9067,72.8147,0.0,0.0,0.0,28.6,20.4,14.8
2020-03-04,Colaba_IMD,18.9067,72.8147,0.0,0.0,0.0,28.2,20.4,18.9
2020-03-05,Colaba_IMD,18.9067,72.8147,0.0,0.0,0.0,28.4,21.3,18.5
2020-03-06,Colaba_IMD,18.9067,72.8147,0.0,0.0,0.0,28.7,23.1,18.6
2020-03-07,Colaba_IMD,18.9067,72.8147,0.0,0.0,0.0,27.7,22.0,19.5
2020-03-08,Colaba_IMD,18.9067,72.8147,0.0,0.0,0.0,27.7,18.6,19.1
2020-03-09,Colaba_IMD,18.9067,72.8147,0.0,0.0,0.0,28.4,18.9,18.9
2020-03-10,Colaba_IMD,18.9067,72.8147,0.0,0.0,0.0,28.0,21.4,16.2
2020-03-11,Colaba_IMD,18.9067,72.8147,0.0,0.0,0.0,28.2,22.4,19.9
2020-03-12,Colaba_IMD,18.9067,72.8147,0.0,0.0,0.0,27.4,21.7,20.7
2020-03-13,Colaba_IMD,18.9067,72.8147,0.0,0.0,0.0,28.1,19.9,27.8
2020-03-14,Colaba_IMD,18.9067,72.8147,0.0,0.0,0.0,31.9,19.6,28.8
2020-03-15,Colaba_IMD,18.9067,72.8147,0.0,0.0,0.0,34.4,17.2,19.7
2020-03-16,Colaba_IMD,18.9067,72.8147,0.0,0.0,0.0,35.2,20.4,21.8
2020-03-17,Colaba_IMD,18.9067,72.8147,0.0,0.0,0.0,33.6,22.1,22.6
2020-03-18,Colaba_IMD,18.9067,72.8147,0.0,0.0,0.0,32.5,22.4,18.0
2020-03-19,Colaba_IMD,18.9067,72.8147,0.0,0.0,0.0,31.0,21.2,20.0
2020-03-20,Colaba_IMD,18.9067,72.8147,0.0,0.0,0.0,29.4,21.6,14.5
2020-03-21,Colaba_IMD,18.9067,72.8147,0.0,0.0,0.0,29.4,20.7,18.9
2020-03-22,Colaba_IMD,18.9067,72.8147,0.0,0.0,0.0,29.8,22.4,24.8
2020-03-23,Colaba_IMD,18.9067,72.8147,0.0,0.0,0.0,31.7,24.0,22.3
2020-03-24,Colaba_IMD,18.9067,72.8147,0.0,0.0,0.0,31.5,23.9,19.8
2020-03-25,Colaba_IMD,18.9067,72.8147,0.0,0.0,0.0,31.9,25.4,19.4
2020-03-26,Colaba_IMD,18.9067,72.8147,0.4,0.4,2.0,31.4,24.5,18.8
2020-03-27,Colaba_IMD,18.9067,72.8147,0.0,0.0,0.0,32.3,25.1,26.1
2020-03-28,Colaba_IMD,18.9067,72.8147,0.0,0.0,0.0,32.7,26.0,28.0
2020-03-29,Colaba_IMD,18.9067,72.8147,0.0,0.0,0.0,33.1,24.6,25.3
2020-03-30,Colaba_IMD,18.9067,72.8147,0.0,0.0,0.0,32.4,24.3,18.3
2020-03-31,Colaba_IMD,18.9067,72.8147,0.0,0.0,0.0,31.8,23.2,23.4
2020-04-01,Colaba_IMD,18.9067,72.8147,0.0,0.0,0.0,31.2,23.8,25.5
2020-04-02,Colaba_IMD,18.9067,72.8147,0.0,0.0,0.0,33.0,23.0,24.6
2020-04-03,Colaba_IMD,18.9067,72.8147,0.0,0.0,0.0,31.8,24.2,20.8
2020-04-04,Colaba_IMD,18.9067,72.8147,0.0,0.0,0.0,32.1,23.0,22.1
2020-04-05,Colaba_IMD,18.9067,72.8147,0.0,0.0,0.0,32.3,23.1,18.4
2020-04-06,Colaba_IMD,18.9067,72.8147,0.0,0.0,0.0,31.5,23.6,19.6
2020-04-07,Colaba_IMD,18.9067,72.8147,0.0,0.0,0.0,31.1,23.1,17.1
2020-04-08,Colaba_IMD,18.9067,72.8147,0.0,0.0,0.0,31.2,21.2,16.0
2020-04-09,Colaba_IMD,18.9067,72.8147,0.0,0.0,0.0,30.9,21.8,22.6
2020-04-10,Colaba_IMD,18.9067,72.8147,0.0,0.0,0.0,31.8,22.6,23.8
2020-04-11,Colaba_IMD,18.9067,72.8147,0.0,0.0,0.0,32.9,25.0,20.5
2020-04-12,Colaba_IMD,18.9067,72.8147,0.0,0.0,0.0,33.6,25.5,17.2
2020-04-13,Colaba_IMD,18.9067,72.8147,0.0,0.0,0.0,33.0,25.4,19.8
2020-04-14,Colaba_IMD,18.9067,72.8147,0.0,0.0,0.0,34.5,24.6,21.5
2020-04-15,Colaba_IMD,18.9067,72.8147,0.0,0.0,0.0,34.0,24.8,20.2
2020-04-16,Colaba_IMD,18.9067,72.8147,0.0,0.0,0.0,32.6,26.5,20.9
2020-04-17,Colaba_IMD,18.9067,72.8147,0.0,0.0,0.0,32.2,26.0,18.3
2020-04-18,Colaba_IMD,18.9067,72.8147,0.0,0.0,0.0,33.4,26.2,18.8
2020-04-19,Colaba_IMD,18.9067,72.8147,0.0,0.0,0.0,34.0,26.4,21.0
2020-04-20,Colaba_IMD,18.9067,72.8147,0.0,0.0,0.0,35.9,25.7,26.8
2020-04-21,Colaba_IMD,18.9067,72.8147,0.0,0.0,0.0,33.4,24.1,19.6
2020-04-22,Colaba_IMD,18.9067,72.8147,0.0,0.0,0.0,32.5,23.9,19.3
2020-04-23,Colaba_IMD,18.9067,72.8147,0.0,0.0,0.0,33.2,24.8,19.4
2020-04-24,Colaba_IMD,18.9067,72.8147,0.0,0.0,0.0,33.2,24.7,19.5
2020-04-25,Colaba_IMD,18.9067,72.8147,0.0,0.0,0.0,33.0,25.1,17.5
2020-04-26,Colaba_IMD,18.9067,72.8147,0.0,0.0,0.0,32.8,24.0,23.2
2020-04-27,Colaba_IMD,18.9067,72.8147,0.0,0.0,0.0,32.3,26.3,20.7
2020-04-28,Colaba_IMD,18.9067,72.8147,0.0,0.0,0.0,32.8,24.7,26.0
2020-04-29,Colaba_IMD,18.9067,72.8147,0.0,0.0,0.0,33.3,26.5,17.9
2020-04-30,Colaba_IMD,18.9067,72.8147,0.0,0.0,0.0,32.9,28.1,17.1
2020-05-01,Colaba_IMD,18.9067,72.8147,0.0,0.0,0.0,32.5,28.4,19.8
2020-05-02,Colaba_IMD,18.9067,72.8147,0.0,0.0,0.0,33.2,27.0,22.2
2020-05-03,Colaba_IMD,18.9067,72.8147,0.0,0.0,0.0,32.9,28.0,19.6
2020-05-04,Colaba_IMD,18.9067,72.8147,0.0,0.0,0.0,32.6,26.6,20.5
2020-05-05,Colaba_IMD,18.9067,72.8147,0.0,0.0,0.0,32.9,26.2,21.9
2020-05-06,Colaba_IMD,18.9067,72.8147,0.0,0.0,0.0,34.1,26.0,21.7
2020-05-07,Colaba_IMD,18.9067,72.8147,0.0,0.0,0.0,33.4,25.4,21.3
2020-05-08,Colaba_IMD,18.9067,72.8147,0.0,0.0,0.0,33.0,26.7,19.8
2020-05-09,Colaba_IMD,18.9067,72.8147,0.0,0.0,0.0,32.8,27.1,20.3
2020-05-10,Colaba_IMD,18.9067,72.8147,0.0,0.0,0.0,33.4,26.4,22.8
2020-05-11,Colaba_IMD,18.9067,72.8147,0.0,0.0,0.0,34.0,25.5,22.8
2020-05-12,Colaba_IMD,18.9067,72.8147,0.0,0.0,0.0,33.5,26.2,22.2
2020-05-13,Colaba_IMD,18.9067,72.8147,0.0,0.0,0.0,33.1,26.3,21.0
2020-05-14,Colaba_IMD,18.9067,72.8147,0.0,0.0,0.0,33.2,27.1,23.9
2020-05-15,Colaba_IMD,18.9067,72.8147,0.0,0.0,0.0,33.7,28.2,25.1
2020-05-16,Colaba_IMD,18.9067,72.8147,0.0,0.0,0.0,33.1,28.6,21.3
2020-05-17,Colaba_IMD,18.9067,72.8147,0.0,0.0,0.0,33.1,28.0,21.7
2020-05-18,Colaba_IMD,18.9067,72.8147,0.1,0.1,1.0,32.9,28.5,22.7
2020-05-19,Colaba_IMD,18.9067,72.8147,0.2,0.2,2.0,32.5,28.4,19.5
2020-05-20,Colaba_IMD,18.9067,72.8147,0.0,0.0,0.0,32.9,27.8,17.3
2020-05-21,Colaba_IMD,18.9067,72.8147,0.0,0.0,0.0,33.2,27.7,18.4
2020-05-22,Colaba_IMD,18.9067,72.8147,0.0,0.0,0.0,32.8,27.5,18.7
2020-05-23,Colaba_IMD,18.9067,72.8147,0.0,0.0,0.0,33.1,26.1,22.2
2020-05-24,Colaba_IMD,18.9067,72.8147,0.0,0.0,0.0,33.0,27.6,21.4
2020-05-25,Colaba_IMD,18.9067,72.8147,0.2,0.2,2.0,33.1,27.6,19.4
2020-05-26,Colaba_IMD,18.9067,72.8147,0.6,0.6,4.0,33.0,27.8,18.4
2020-05-27,Colaba_IMD,18.9067,72.8147,0.0,0.0,0.0,33.1,28.0,16.6
2020-05-28,Colaba_IMD,18.9067,72.8147,0.0,0.0,0.0,33.0,28.2,17.3
2020-05-29,Colaba_IMD,18.9067,72.8147,0.0,0.0,0.0,33.8,28.6,17.7
2020-05-30,Colaba_IMD,18.9067,72.8147,0.4,0.4,3.0,33.5,27.3,18.0
2020-05-31,Colaba_IMD,18.9067,72.8147,1.5,1.5,5.0,34.1,28.2,23.4
2020-06-01,Colaba_IMD,18.9067,72.8147,11.8,11.8,20.0,29.4,27.1,12.8
2020-06-02,Colaba_IMD,18.9067,72.8147,24.5,24.5,24.0,30.2,26.3,19.8
2020-06-03,Colaba_IMD,18.9067,72.8147,109.8,109.8,23.0,28.9,25.5,70.4
2020-06-04,Colaba_IMD,18.9067,72.8147,7.3,7.3,14.0,29.3,26.3,24.4
2020-06-05,Colaba_IMD,18.9067,72.8147,4.7,4.7,15.0,30.5,25.7,26.9
2020-06-06,Colaba_IMD,18.9067,72.8147,5.5,5.5,19.0,29.4,25.4,23.3
2020-06-07,Colaba_IMD,18.9067,72.8147,6.0,6.0,23.0,29.3,25.8,24.8
2020-06-08,Colaba_IMD,18.9067,72.8147,4.7,4.7,19.0,28.7,25.5,20.9
2020-06-09,Colaba_IMD,18.9067,72.8147,4.7,4.7,23.0,29.5,25.7,14.8
2020-06-10,Colaba_IMD,18.9067,72.8147,14.5,14.5,24.0,29.7,26.3,14.8
2020-06-11,Colaba_IMD,18.9067,72.8147,9.3,9.3,21.0,29.0,26.1,17.1
2020-06-12,Colaba_IMD,18.9067,72.8147,3.7,3.7,13.0,29.4,25.8,14.0
2020-06-13,Colaba_IMD,18.9067,72.8147,15.6,15.6,20.0,29.1,25.7,13.4
2020-06-14,Colaba_IMD,18.9067,72.8147,2.6,2.6,18.0,30.2,25.8,17.9
2020-06-15,Colaba_IMD,18.9067,72.8147,13.1,13.1,24.0,29.6,26.3,16.3
2020-06-16,Colaba_IMD,18.9067,72.8147,26.9,26.9,24.0,28.1,26.1,15.5
2020-06-17,Colaba_IMD,18.9067,72.8147,22.0,22.0,23.0,27.9,25.3,19.7
2020-06-18,Colaba_IMD,18.9067,72.8147,31.9,31.9,24.0,27.9,25.8,26.9
2020-06-19,Colaba_IMD,18.9067,72.8147,5.2,5.2,21.0,29.2,26.5,21.6
2020-06-20,Colaba_IMD,18.9067,72.8147,4.3,4.3,24.0,29.4,26.6,20.3
2020-06-21,Colaba_IMD,18.9067,72.8147,6.8,6.8,24.0,28.6,26.0,19.2
2020-06-22,Colaba_IMD,18.9067,72.8147,6.1,6.1,21.0,28.7,25.7,20.9
2020-06-23,Colaba_IMD,18.9067,72.8147,3.6,3.6,22.0,29.4,25.6,29.0
2020-06-24,Colaba_IMD,18.9067,72.8147,1.9,1.9,15.0,29.6,25.9,21.9
2020-06-25,Colaba_IMD,18.9067,72.8147,3.4,3.4,11.0,30.0,25.9,18.1
2020-06-26,Colaba_IMD,18.9067,72.8147,2.3,2.3,10.0,29.8,26.1,13.5
2020-06-27,Colaba_IMD,18.9067,72.8147,4.3,4.3,14.0,30.0,26.3,15.9
2020-06-28,Colaba_IMD,18.9067,72.8147,8.0,8.0,16.0,30.3,26.1,19.1
2020-06-29,Colaba_IMD,18.9067,72.8147,17.0,17.0,22.0,28.3,25.7,12.9
2020-06-30,Colaba_IMD,18.9067,72.8147,15.1,15.1,20.0,28.1,26.0,18.0
2020-07-01,Colaba_IMD,18.9067,72.8147,9.7,9.7,24.0,29.0,25.8,21.6
2020-07-02,Colaba_IMD,18.9067,72.8147,10.9,10.9,23.0,28.9,25.8,20.0
2020-07-03,Colaba_IMD,18.9067,72.8147,47.9,47.9,24.0,28.8,25.9,21.2
2020-07-04,Colaba_IMD,18.9067,72.8147,107.1,107.1,24.0,27.6,26.1,32.6
2020-07-05,Colaba_IMD,18.9067,72.8147,50.3,50.3,24.0,28.4,26.2,27.9
2020-07-06,Colaba_IMD,18.9067,72.8147,19.0,19.0,24.0,28.8,26.1,36.2
2020-07-07,Colaba_IMD,18.9067,72.8147,55.5,55.5,24.0,28.1,26.1,30.2
2020-07-08,Colaba_IMD,18.9067,72.8147,23.7,23.7,24.0,28.2,25.9,24.3
2020-07-09,Colaba_IMD,18.9067,72.8147,14.1,14.1,24.0,28.1,26.1,20.7
2020-07-10,Colaba_IMD,18.9067,72.8147,12.6,12.6,23.0,28.4,26.0,23.1
2020-07-11,Colaba_IMD,18.9067,72.8147,12.9,12.9,24.0,28.2,25.7,22.4
2020-07-12,Colaba_IMD,18.9067,72.8147,20.5,20.5,24.0,28.3,25.7,18.2
2020-07-13,Colaba_IMD,18.9067,72.8147,39.1,39.1,24.0,27.8,25.6,17.2
2020-07-14,Colaba_IMD,18.9067,72.8147,43.3,43.3,24.0,28.0,25.4,18.8
2020-07-15,Colaba_IMD,18.9067,72.8147,41.5,41.5,24.0,27.3,25.7,19.5
2020-07-16,Colaba_IMD,18.9067,72.8147,43.7,43.7,24.0,27.6,25.5,31.7
2020-07-17,Colaba_IMD,18.9067,72.8147,28.4,28.4,24.0,27.9,25.6,29.2
2020-07-18,Colaba_IMD,18.9067,72.8147,12.1,12.1,24.0,27.8,25.8,25.7
2020-07-19,Colaba_IMD,18.9067,72.8147,6.2,6.2,22.0,28.7,25.6,17.5
2020-07-20,Colaba_IMD,18.9067,72.8147,6.7,6.7,22.0,28.4,25.9,15.5
2020-07-21,Colaba_IMD,18.9067,72.8147,4.1,4.1,20.0,29.0,25.7,16.5
2020-07-22,Colaba_IMD,18.9067,72.8147,2.1,2.1,10.0,29.2,25.8,15.3
2020-07-23,Colaba_IMD,18.9067,72.8147,5.0,5.0,15.0,28.9,25.9,9.7
2020-07-24,Colaba_IMD,18.9067,72.8147,22.6,22.6,23.0,27.6,25.5,10.9
2020-07-25,Colaba_IMD,18.9067,72.8147,5.7,5.7,13.0,28.9,25.5,18.1
2020-07-26,Colaba_IMD,18.9067,72.8147,6.8,6.8,16.0,29.0,25.0,19.1
2020-07-27,Colaba_IMD,18.9067,72.8147,14.6,14.6,24.0,28.2,25.1,18.2
2020-07-28,Colaba_IMD,18.9067,72.8147,9.9,9.9,18.0,29.0,25.6,14.8
2020-07-29,Colaba_IMD,18.9067,72.8147,26.7,26.7,24.0,28.8,25.3,15.5
2020-07-30,Colaba_IMD,18.9067,72.8147,22.6,22.6,24.0,27.9,24.7,16.6
2020-07-31,Colaba_IMD,18.9067,72.8147,7.2,7.2,19.0,29.2,25.5,16.1
2020-08-01,Colaba_IMD,18.9067,72.8147,3.8,3.8,16.0,29.2,25.8,19.9
2020-08-02,Colaba_IMD,18.9067,72.8147,1.5,1.5,10.0,30.0,26.1,28.1
2020-08-03,Colaba_IMD,18.9067,72.8147,111.1,111.1,23.0,27.0,25.9,33.3
2020-08-04,Colaba_IMD,18.9067,72.8147,121.9,121.9,24.0,27.0,26.3,41.3
2020-08-05,Colaba_IMD,18.9067,72.8147,133.1,133.1,24.0,27.0,25.7,35.3
2020-08-06,Colaba_IMD,18.9067,72.8147,33.3,33.3,24.0,27.6,26.2,38.8
2020-08-07,Colaba_IMD,18.9067,72.8147,14.9,14.9,24.0,27.9,26.1,34.1
2020-08-08,Colaba_IMD,18.9067,72.8147,9.7,9.7,20.0,29.1,25.9,30.0
2020-08-09,Colaba_IMD,18.9067,72.8147,7.7,7.7,22.0,28.4,25.7,22.1
2020-08-10,Colaba_IMD,18.9067,72.8147,20.7,20.7,24.0,27.0,25.4,18.6
2020-08-11,Colaba_IMD,18.9067,72.8147,33.5,33.5,24.0,26.5,25.3,20.6
2020-08-12,Colaba_IMD,18.9067,72.8147,30.6,30.6,24.0,27.3,25.5,24.2
2020-08-13,Colaba_IMD,18.9067,72.8147,34.0,34.0,24.0,27.2,25.5,26.6
2020-08-14,Colaba_IMD,18.9067,72.8147,56.8,56.8,24.0,26.2,25.3,28.8
2020-08-15,Colaba_IMD,18.9067,72.8147,67.0,67.0,24.0,26.3,25.3,27.5
2020-08-16,Colaba_IMD,18.9067,72.8147,35.8,35.8,24.0,27.1,25.3,24.3
2020-08-17,Colaba_IMD,18.9067,72.8147,34.4,34.4,24.0,26.1,25.2,22.0
2020-08-18,Colaba_IMD,18.9067,72.8147,17.3,17.3,24.0,26.6,25.2,22.4
2020-08-19,Colaba_IMD,18.9067,72.8147,13.0,13.0,24.0,28.3,25.2,27.3
2020-08-20,Colaba_IMD,18.9067,72.8147,41.0,41.0,24.0,26.8,25.3,22.8
2020-08-21,Colaba_IMD,18.9067,72.8147,38.0,38.0,24.0,27.0,25.2,24.0
2020-08-22,Colaba_IMD,18.9067,72.8147,13.9,13.9,24.0,27.5,25.8,23.8
2020-08-23,Colaba_IMD,18.9067,72.8147,9.0,9.0,24.0,27.6,25.3,27.5
2020-08-24,Colaba_IMD,18.9067,72.8147,8.2,8.2,24.0,28.2,25.5,25.8
2020-08-25,Colaba_IMD,18.9067,72.8147,4.7,4.7,23.0,28.6,25.6,25.0
2020-08-26,Colaba_IMD,18.9067,72.8147,5.4,5.4,19.0,28.9,25.3,21.1
2020-08-27,Colaba_IMD,18.9067,72.8147,9.6,9.6,24.0,27.6,25.0,18.9
2020-08-28,Colaba_IMD,18.9067,72.8147,36.3,36.3,24.0,26.6,25.1,22.0
2020-08-29,Colaba_IMD,18.9067,72.8147,35.3,35.3,24.0,26.2,25.0,21.7
2020-08-30,Colaba_IMD,18.9067,72.8147,20.3,20.3,24.0,26.7,25.0,26.1
2020-08-31,Colaba_IMD,18.9067,72.8147,11.9,11.9,24.0,27.4,24.9,21.5
2020-09-01,Colaba_IMD,18.9067,72.8147,3.2,3.2,20.0,28.0,24.8,12.0
2020-09-02,Colaba_IMD,18.9067,72.8147,1.2,1.2,10.0,28.8,24.6,17.8
2020-09-03,Colaba_IMD,18.9067,72.8147,1.8,1.8,5.0,29.4,25.4,15.3
2020-09-04,Colaba_IMD,18.9067,72.8147,2.5,2.5,9.0,30.4,25.4,11.7
2020-09-05,Colaba_IMD,18.9067,72.8147,0.7,0.7,5.0,30.0,24.7,11.8
2020-09-06,Colaba_IMD,18.9067,72.8147,8.0,8.0,9.0,29.8,26.8,15.5
2020-09-07,Colaba_IMD,18.9067,72.8147,5.3,5.3,10.0,29.0,25.4,13.3
2020-09-08,Colaba_IMD,18.9067,72.8147,11.8,11.8,13.0,29.3,24.6,15.8
2020-09-09,Colaba_IMD,18.9067,72.8147,7.2,7.2,14.0,29.4,26.1,13.0
2020-09-10,Colaba_IMD,18.9067,72.8147,1.2,1.2,9.0,29.3,25.9,11.5
2020-09-11,Colaba_IMD,18.9067,72.8147,22.8,22.8,20.0,29.2,25.5,12.9
2020-09-12,Colaba_IMD,18.9067,72.8147,10.4,10.4,16.0,27.9,24.9,36.8
2020-09-13,Colaba_IMD,18.9067,72.8147,7.1,7.1,19.0,28.4,25.5,21.9
2020-09-14,Colaba_IMD,18.9067,72.8147,6.2,6.2,24.0,28.2,25.2,13.7
2020-09-15,Colaba_IMD,18.9067,72.8147,5.2,5.2,16.0,28.2,24.7,14.3
2020-09-16,Colaba_IMD,18.9067,72.8147,9.0,9.0,16.0,28.3,25.1,11.7
2020-09-17,Colaba_IMD,18.9067,72.8147,8.5,8.5,17.0,28.1,25.2,15.0
2020-09-18,Colaba_IMD,18.9067,72.8147,9.9,9.9,10.0,28.3,25.1,10.3
2020-09-19,Colaba_IMD,18.9067,72.8147,7.1,7.1,14.0,29.0,25.2,13.2
2020-09-20,Colaba_IMD,18.9067,72.8147,6.8,6.8,20.0,29.2,25.5,16.2
2020-09-21,Colaba_IMD,18.9067,72.8147,15.4,15.4,14.0,30.0,25.1,15.1
2020-09-22,Colaba_IMD,18.9067,72.8147,32.2,32.2,23.0,29.3,25.4,18.2
2020-09-23,Colaba_IMD,18.9067,72.8147,127.3,127.3,24.0,27.3,25.9,28.5
2020-09-24,Colaba_IMD,18.9067,72.8147,5.7,5.7,16.0,28.9,25.3,15.2
2020-09-25,Colaba_IMD,18.9067,72.8147,5.4,5.4,22.0,28.4,25.7,16.6
2020-09-26,Colaba_IMD,18.9067,72.8147,5.0,5.0,18.0,28.8,24.7,15.5
2020-09-27,Colaba_IMD,18.9067,72.8147,3.1,3.1,15.0,27.9,24.7,12.0
2020-09-28,Colaba_IMD,18.9067,72.8147,1.6,1.6,12.0,28.0,24.3,11.7
2020-09-29,Colaba_IMD,18.9067,72.8147,0.6,0.6,5.0,28.5,24.1,12.7
2020-09-30,Colaba_IMD,18.9067,72.8147,0.5,0.5,3.0,28.3,24.7,14.9
2020-10-01,Colaba_IMD,18.9067,72.8147,1.2,1.2,8.0,28.7,24.6,15.3
2020-10-02,Colaba_IMD,18.9067,72.8147,0.9,0.9,7.0,29.6,25.0,15.3
2020-10-03,Colaba_IMD,18.9067,72.8147,2.3,2.3,9.0,29.0,24.7,13.4
2020-10-04,Colaba_IMD,18.9067,72.8147,5.8,5.8,12.0,27.4,25.1,11.4
2020-10-05,Colaba_IMD,18.9067,72.8147,1.4,1.4,9.0,28.4,24.7,12.4
2020-10-06,Colaba_IMD,18.9067,72.8147,1.4,1.4,4.0,29.7,24.5,15.6
2020-10-07,Colaba_IMD,18.9067,72.8147,0.1,0.1,1.0,29.9,24.7,15.3
2020-10-08,Colaba_IMD,18.9067,72.8147,1.6,1.6,2.0,30.4,26.5,14.3
2020-10-09,Colaba_IMD,18.9067,72.8147,1.4,1.4,5.0,31.8,26.4,11.1
2020-10-10,Colaba_IMD,18.9067,72.8147,2.2,2.2,11.0,30.8,26.3,15.1
2020-10-11,Colaba_IMD,18.9067,72.8147,3.8,3.8,14.0,28.7,25.6,9.9
2020-10-12,Colaba_IMD,18.9067,72.8147,5.3,5.3,11.0,29.9,25.5,11.5
2020-10-13,Colaba_IMD,18.9067,72.8147,7.0,7.0,10.0,30.3,25.6,10.0
2020-10-14,Colaba_IMD,18.9067,72.8147,10.5,10.5,8.0,29.1,25.5,9.1
2020-10-15,Colaba_IMD,18.9067,72.8147,69.1,69.1,16.0,30.1,24.8,19.7
2020-10-16,Colaba_IMD,18.9067,72.8147,0.3,0.3,3.0,30.0,25.3,27.5
2020-10-17,Colaba_IMD,18.9067,72.8147,0.7,0.7,5.0,30.3,25.7,23.5
2020-10-18,Colaba_IMD,18.9067,72.8147,0.9,0.9,6.0,29.2,25.4,17.1
2020-10-19,Colaba_IMD,18.9067,72.8147,2.5,2.5,10.0,29.1,25.3,13.7
2020-10-20,Colaba_IMD,18.9067,72.8147,4.8,4.8,10.0,29.9,25.3,12.8
2020-10-21,Colaba_IMD,18.9067,72.8147,4.7,4.7,5.0,29.5,24.6,12.9
2020-10-22,Colaba_IMD,18.9067,72.8147,18.9,18.9,15.0,29.4,24.9,14.8
2020-10-23,Colaba_IMD,18.9067,72.8147,0.7,0.7,3.0,29.6,24.3,11.8
2020-10-24,Colaba_IMD,18.9067,72.8147,4.2,4.2,9.0,28.6,25.3,13.6
2020-10-25,Colaba_IMD,18.9067,72.8147,12.1,12.1,12.0,28.9,24.3,11.5
2020-10-26,Colaba_IMD,18.9067,72.8147,0.5,0.5,5.0,30.5,24.5,11.4
2020-10-27,Colaba_IMD,18.9067,72.8147,0.0,0.0,0.0,31.8,24.9,12.7
2020-10-28,Colaba_IMD,18.9067,72.8147,0.0,0.0,0.0,32.0,23.8,12.6
2020-10-29,Colaba_IMD,18.9067,72.8147,0.0,0.0,0.0,30.1,23.4,12.2
2020-10-30,Colaba_IMD,18.9067,72.8147,0.0,0.0,0.0,30.9,22.8,14.6
2020-10-31,Colaba_IMD,18.9067,72.8147,0.0,0.0,0.0,30.4,21.6,15.5
2020-11-01,Colaba_IMD,18.9067,72.8147,0.0,0.0,0.0,30.4,22.8,13.6
2020-11-02,Colaba_IMD,18.9067,72.8147,0.1,0.1,1.0,31.9,24.5,10.9
2020-11-03,Colaba_IMD,18.9067,72.8147,0.0,0.0,0.0,33.0,24.8,14.7
2020-11-04,Colaba_IMD,18.9067,72.8147,0.0,0.0,0.0,33.0,24.0,13.9
2020-11-05,Colaba_IMD,18.9067,72.8147,0.0,0.0,0.0,33.4,22.4,16.1
2020-11-06,Colaba_IMD,18.9067,72.8147,0.0,0.0,0.0,33.2,22.1,16.2
2020-11-07,Colaba_IMD,18.9067,72.8147,0.0,0.0,0.0,33.4,21.4,19.1
2020-11-08,Colaba_IMD,18.9067,72.8147,0.0,0.0,0.0,33.9,24.0,16.2
2020-11-09,Colaba_IMD,18.9067,72.8147,0.0,0.0,0.0,32.7,23.2,18.8
2020-11-10,Colaba_IMD,18.9067,72.8147,0.0,0.0,0.0,32.7,21.9,14.7
2020-11-11,Colaba_IMD,18.9067,72.8147,0.0,0.0,0.0,32.6,21.9,16.6
2020-11-12,Colaba_IMD,18.9067,72.8147,0.0,0.0,0.0,32.4,20.7,17.6
2020-11-13,Colaba_IMD,18.9067,72.8147,0.0,0.0,0.0,32.5,21.9,20.8
2020-11-14,Colaba_IMD,18.9067,72.8147,0.0,0.0,0.0,33.2,24.7,17.7
2020-11-15,Colaba_IMD,18.9067,72.8147,0.0,0.0,0.0,32.3,24.3,16.1
2020-11-16,Colaba_IMD,18.9067,72.8147,0.0,0.0,0.0,33.4,24.3,22.2
2020-11-17,Colaba_IMD,18.9067,72.8147,0.0,0.0,0.0,34.1,25.9,22.5
2020-11-18,Colaba_IMD,18.9067,72.8147,0.3,0.3,2.0,31.2,24.5,13.0
2020-11-19,Colaba_IMD,18.9067,72.8147,0.0,0.0,0.0,31.8,25.6,17.4
2020-11-20,Colaba_IMD,18.9067,72.8147,0.1,0.1,1.0,31.7,24.7,17.6
2020-11-21,Colaba_IMD,18.9067,72.8147,0.0,0.0,0.0,30.9,24.1,17.3
2020-11-22,Colaba_IMD,18.9067,72.8147,0.0,0.0,0.0,31.5,21.4,18.7
2020-11-23,Colaba_IMD,18.9067,72.8147,0.0,0.0,0.0,31.2,21.7,22.5
2020-11-24,Colaba_IMD,18.9067,72.8147,0.0,0.0,0.0,31.0,23.0,17.4
2020-11-25,Colaba_IMD,18.9067,72.8147,0.0,0.0,0.0,30.8,23.0,20.8
2020-11-26,Colaba_IMD,18.9067,72.8147,0.0,0.0,0.0,30.9,22.0,23.7
2020-11-27,Colaba_IMD,18.9067,72.8147,0.0,0.0,0.0,33.2,22.6,19.6
2020-11-28,Colaba_IMD,18.9067,72.8147,0.0,0.0,0.0,32.7,23.8,18.7
2020-11-29,Colaba_IMD,18.9067,72.8147,0.0,0.0,0.0,31.5,24.9,17.1
2020-11-30,Colaba_IMD,18.9067,72.8147,0.0,0.0,0.0,32.1,23.5,18.3
2020-12-01,Colaba_IMD,18.9067,72.8147,0.0,0.0,0.0,33.4,24.9,17.2
2020-12-02,Colaba_IMD,18.9067,72.8147,0.0,0.0,0.0,33.4,23.9,22.5
2020-12-03,Colaba_IMD,18.9067,72.8147,0.0,0.0,0.0,32.7,22.6,18.0
2020-12-04,Colaba_IMD,18.9067,72.8147,0.0,0.0,0.0,32.6,21.8,16.5
2020-12-05,Colaba_IMD,18.9067,72.8147,0.0,0.0,0.0,33.1,20.8,16.5
2020-12-06,Colaba_IMD,18.9067,72.8147,0.0,0.0,0.0,33.6,21.5,16.0
2020-12-07,Colaba_IMD,18.9067,72.8147,0.0,0.0,0.0,34.0,22.4,19.8
2020-12-08,Colaba_IMD,18.9067,72.8147,0.0,0.0,0.0,33.1,22.1,16.6
2020-12-09,Colaba_IMD,18.9067,72.8147,0.0,0.0,0.0,33.0,23.7,18.3
2020-12-10,Colaba_IMD,18.9067,72.8147,0.0,0.0,0.0,31.8,23.3,16.3
2020-12-11,Colaba_IMD,18.9067,72.8147,4.3,4.3,6.0,28.0,25.2,11.6
2020-12-12,Colaba_IMD,18.9067,72.8147,3.3,3.3,6.0,30.2,23.8,17.8
2020-12-13,Colaba_IMD,18.9067,72.8147,1.2,1.2,3.0,29.2,23.0,18.8
2020-12-14,Colaba_IMD,18.9067,72.8147,13.6,13.6,11.0,26.7,23.0,11.5
2020-12-15,Colaba_IMD,18.9067,72.8147,0.0,0.0,0.0,28.9,22.3,21.0
2020-12-16,Colaba_IMD,18.9067,72.8147,0.0,0.0,0.0,29.0,22.2,19.2
2020-12-17,Colaba_IMD,18.9067,72.8147,0.0,0.0,0.0,30.0,21.9,18.0
2020-12-18,Colaba_IMD,18.9067,72.8147,0.0,0.0,0.0,30.7,21.5,16.1
2020-12-19,Colaba_IMD,18.9067,72.8147,0.0,0.0,0.0,32.2,22.1,18.6
2020-12-20,Colaba_IMD,18.9067,72.8147,0.0,0.0,0.0,31.6,21.9,18.7
2020-12-21,Colaba_IMD,18.9067,72.8147,0.0,0.0,0.0,31.6,20.8,17.8
2020-12-22,Colaba_IMD,18.9067,72.8147,0.0,0.0,0.0,31.2,18.6,15.3
2020-12-23,Colaba_IMD,18.9067,72.8147,0.0,0.0,0.0,29.8,17.1,14.6
2020-12-24,Colaba_IMD,18.9067,72.8147,0.0,0.0,0.0,31.1,18.7,19.1
2020-12-25,Colaba_IMD,18.9067,72.8147,0.0,0.0,0.0,32.5,20.4,15.4
2020-12-26,Colaba_IMD,18.9067,72.8147,0.0,0.0,0.0,31.9,22.3,15.3
2020-12-27,Colaba_IMD,18.9067,72.8147,0.0,0.0,0.0,29.6,21.4,22.2
2020-12-28,Colaba_IMD,18.9067,72.8147,0.0,0.0,0.0,28.0,20.4,22.7
2020-12-29,Colaba_IMD,18.9067,72.8147,0.0,0.0,0.0,27.0,16.9,17.6
2020-12-30,Colaba_IMD,18.9067,72.8147,0.0,0.0,0.0,28.5,19.1,19.4
2020-12-31,Colaba_IMD,18.9067,72.8147,0.0,0.0,0.0,31.7,20.3,17.4
2021-01-01,Colaba_IMD,18.9067,72.8147,0.0,0.0,0.0,31.5,21.9,19.2
2021-01-02,Colaba_IMD,18.9067,72.8147,0.0,0.0,0.0,29.0,22.9,15.8
2021-01-03,Colaba_IMD,18.9067,72.8147,0.0,0.0,0.0,28.5,21.6,16.4
2021-01-04,Colaba_IMD,18.9067,72.8147,0.0,0.0,0.0,27.6,21.1,16.1
2021-01-05,Colaba_IMD,18.9067,72.8147,0.3,0.3,3.0,28.3,22.4,22.0
2021-01-06,Colaba_IMD,18.9067,72.8147,0.0,0.0,0.0,29.1,22.7,22.2
2021-01-07,Colaba_IMD,18.9067,72.8147,0.2,0.2,2.0,28.7,22.0,17.7
2021-01-08,Colaba_IMD,18.9067,72.8147,1.3,1.3,7.0,28.2,23.3,11.5
2021-01-09,Colaba_IMD,18.9067,72.8147,0.0,0.0,0.0,30.8,23.6,16.4
2021-01-10,Colaba_IMD,18.9067,72.8147,0.7,0.7,5.0,31.0,24.2,14.0
2021-01-11,Colaba_IMD,18.9067,72.8147,0.0,0.0,0.0,32.4,23.6,17.1
2021-01-12,Colaba_IMD,18.9067,72.8147,0.0,0.0,0.0,33.1,23.9,19.6
2021-01-13,Colaba_IMD,18.9067,72.8147,0.0,0.0,0.0,32.4,23.7,21.4
2021-01-14,Colaba_IMD,18.9067,72.8147,0.0,0.0,0.0,33.1,22.5,23.4
2021-01-15,Colaba_IMD,18.9067,72.8147,0.0,0.0,0.0,28.3,20.8,19.6
2021-01-16,Colaba_IMD,18.9067,72.8147,0.0,0.0,0.0,28.9,18.6,19.3
2021-01-17,Colaba_IMD,18.9067,72.8147,0.0,0.0,0.0,28.0,19.7,15.7
2021-01-18,Colaba_IMD,18.9067,72.8147,0.0,0.0,0.0,28.7,21.5,18.9
2021-01-19,Colaba_IMD,18.9067,72.8147,0.0,0.0,0.0,29.6,22.3,18.7
2021-01-20,Colaba_IMD,18.9067,72.8147,0.0,0.0,0.0,30.5,20.5,19.6
2021-01-21,Colaba_IMD,18.9067,72.8147,0.0,0.0,0.0,28.7,19.4,18.3
2021-01-22,Colaba_IMD,18.9067,72.8147,0.0,0.0,0.0,29.0,17.7,20.2
2021-01-23,Colaba_IMD,18.9067,72.8147,0.0,0.0,0.0,30.3,19.7,20.3
2021-01-24,Colaba_IMD,18.9067,72.8147,0.0,0.0,0.0,29.1,19.3,21.2
2021-01-25,Colaba_IMD,18.9067,72.8147,0.0,0.0,0.0,28.9,17.0,19.9
2021-01-26,Colaba_IMD,18.9067,72.8147,0.0,0.0,0.0,28.0,17.4,20.9
2021-01-27,Colaba_IMD,18.9067,72.8147,0.0,0.0,0.0,26.7,16.2,18.4
2021-01-28,Colaba_IMD,18.9067,72.8147,0.0,0.0,0.0,27.3,16.3,20.1
2021-01-29,Colaba_IMD,18.9067,72.8147,0.0,0.0,0.0,27.8,17.3,17.6
2021-01-30,Colaba_IMD,18.9067,72.8147,0.0,0.0,0.0,30.2,17.0,22.8
2021-01-31,Colaba_IMD,18.9067,72.8147,0.0,0.0,0.0,31.4,18.4,20.4
2021-02-01,Colaba_IMD,18.9067,72.8147,0.0,0.0,0.0,32.4,21.0,20.9
2021-02-02,Colaba_IMD,18.9067,72.8147,0.0,0.0,0.0,32.9,22.2,21.7
2021-02-03,Colaba_IMD,18.9067,72.8147,0.0,0.0,0.0,31.1,18.1,18.1
2021-02-04,Colaba_IMD,18.9067,72.8147,0.0,0.0,0.0,30.0,19.4,22.7
2021-02-05,Colaba_IMD,18.9067,72.8147,0.0,0.0,0.0,29.6,20.2,24.7
2021-02-06,Colaba_IMD,18.9067,72.8147,0.0,0.0,0.0,32.0,19.1,26.2
2021-02-07,Colaba_IMD,18.9067,72.8147,0.0,0.0,0.0,33.7,21.1,25.3
2021-02-08,Colaba_IMD,18.9067,72.8147,0.0,0.0,0.0,33.5,20.4,24.2
2021-02-09,Colaba_IMD,18.9067,72.8147,0.0,0.0,0.0,32.2,19.2,18.7
2021-02-10,Colaba_IMD,18.9067,72.8147,0.0,0.0,0.0,30.6,17.8,17.4
2021-02-11,Colaba_IMD,18.9067,72.8147,0.0,0.0,0.0,31.8,17.5,20.9
2021-02-12,Colaba_IMD,18.9067,72.8147,0.0,0.0,0.0,29.4,19.7,18.7
2021-02-13,Colaba_IMD,18.9067,72.8147,0.0,0.0,0.0,30.1,18.6,23.4
2021-02-14,Colaba_IMD,18.9067,72.8147,0.0,0.0,0.0,29.9,20.0,23.9
2021-02-15,Colaba_IMD,18.9067,72.8147,0.0,0.0,0.0,28.1,21.1,23.4
2021-02-16,Colaba_IMD,18.9067,72.8147,0.0,0.0,0.0,27.5,21.0,25.2
2021-02-17,Colaba_IMD,18.9067,72.8147,0.0,0.0,0.0,28.2,20.7,25.0
2021-02-18,Colaba_IMD,18.9067,72.8147,1.3,1.3,2.0,31.1,21.0,13.9
2021-02-19,Colaba_IMD,18.9067,72.8147,0.1,0.1,1.0,31.8,22.9,18.8
2021-02-20,Colaba_IMD,18.9067,72.8147,0.0,0.0,0.0,33.1,22.0,28.7
2021-02-21,Colaba_IMD,18.9067,72.8147,0.0,0.0,0.0,34.4,22.6,22.0
2021-02-22,Colaba_IMD,18.9067,72.8147,0.0,0.0,0.0,32.9,23.9,19.9
2021-02-23,Colaba_IMD,18.9067,72.8147,0.0,0.0,0.0,31.1,22.4,18.3
2021-02-24,Colaba_IMD,18.9067,72.8147,0.0,0.0,0.0,32.4,21.7,18.4
2021-02-25,Colaba_IMD,18.9067,72.8147,0.0,0.0,0.0,32.4,22.5,26.5
2021-02-26,Colaba_IMD,18.9067,72.8147,0.0,0.0,0.0,30.2,22.9,22.0
2021-02-27,Colaba_IMD,18.9067,72.8147,0.0,0.0,0.0,30.5,20.7,23.2
2021-02-28,Colaba_IMD,18.9067,72.8147,0.0,0.0,0.0,34.0,21.5,26.5
2021-03-01,Colaba_IMD,18.9067,72.8147,0.0,0.0,0.0,34.3,24.9,25.1
2021-03-02,Colaba_IMD,18.9067,72.8147,0.0,0.0,0.0,33.9,22.2,28.0
2021-03-03,Colaba_IMD,18.9067,72.8147,0.0,0.0,0.0,35.6,23.1,25.3
2021-03-04,Colaba_IMD,18.9067,72.8147,0.0,0.0,0.0,37.2,22.2,25.0
2021-03-05,Colaba_IMD,18.9067,72.8147,0.0,0.0,0.0,35.3,20.5,21.4
2021-03-06,Colaba_IMD,18.9067,72.8147,0.0,0.0,0.0,31.6,21.4,18.8
2021-03-07,Colaba_IMD,18.9067,72.8147,0.0,0.0,0.0,32.3,20.6,22.7
2021-03-08,Colaba_IMD,18.9067,72.8147,0.0,0.0,0.0,32.3,21.0,24.0
2021-03-09,Colaba_IMD,18.9067,72.8147,0.0,0.0,0.0,34.3,23.1,28.1
2021-03-10,Colaba_IMD,18.9067,72.8147,0.0,0.0,0.0,32.0,23.7,24.1
2021-03-11,Colaba_IMD,18.9067,72.8147,0.0,0.0,0.0,30.7,23.5,23.3
2021-03-12,Colaba_IMD,18.9067,72.8147,0.0,0.0,0.0,31.7,21.4,26.5
2021-03-13,Colaba_IMD,18.9067,72.8147,0.0,0.0,0.0,35.0,24.0,26.3
2021-03-14,Colaba_IMD,18.9067,72.8147,0.0,0.0,0.0,33.3,24.9,19.7
2021-03-15,Colaba_IMD,18.9067,72.8147,0.0,0.0,0.0,33.3,23.8,24.4
2021-03-16,Colaba_IMD,18.9067,72.8147,0.0,0.0,0.0,32.7,24.3,26.2
2021-03-17,Colaba_IMD,18.9067,72.8147,0.0,0.0,0.0,33.6,23.8,25.9
2021-03-18,Colaba_IMD,18.9067,72.8147,0.0,0.0,0.0,32.1,24.3,22.3
2021-03-19,Colaba_IMD,18.9067,72.8147,0.0,0.0,0.0,31.6,23.6,24.0
2021-03-20,Colaba_IMD,18.9067,72.8147,0.0,0.0,0.0,30.5,22.1,19.3
2021-03-21,Colaba_IMD,18.9067,72.8147,0.0,0.0,0.0,31.6,21.6,16.3
2021-03-22,Colaba_IMD,18.9067,72.8147,0.0,0.0,0.0,33.1,21.8,17.7
2021-03-23,Colaba_IMD,18.9067,72.8147,0.0,0.0,0.0,33.7,23.4,24.9
2021-03-24,Colaba_IMD,18.9067,72.8147,0.0,0.0,0.0,35.0,25.1,22.3
2021-03-25,Colaba_IMD,18.9067,72.8147,0.0,0.0,0.0,37.6,25.3,28.8
2021-03-26,Colaba_IMD,18.9067,72.8147,0.0,0.0,0.0,35.5,22.5,27.0
2021-03-27,Colaba_IMD,18.9067,72.8147,0.0,0.0,0.0,38.6,23.5,24.8
2021-03-28,Colaba_IMD,18.9067,72.8147,0.0,0.0,0.0,33.5,23.0,19.2
2021-03-29,Colaba_IMD,18.9067,72.8147,0.0,0.0,0.0,33.0,23.2,23.9
2021-03-30,Colaba_IMD,18.9067,72.8147,0.0,0.0,0.0,31.6,22.7,15.5
2021-03-31,Colaba_IMD,18.9067,72.8147,0.0,0.0,0.0,30.8,22.7,17.9
2021-04-01,Colaba_IMD,18.9067,72.8147,0.0,0.0,0.0,31.8,23.9,17.3
2021-04-02,Colaba_IMD,18.9067,72.8147,0.0,0.0,0.0,31.2,23.1,17.5
2021-04-03,Colaba_IMD,18.9067,72.8147,0.0,0.0,0.0,30.8,22.2,18.9
2021-04-04,Colaba_IMD,18.9067,72.8147,0.0,0.0,0.0,30.9,23.8,18.8
2021-04-05,Colaba_IMD,18.9067,72.8147,0.0,0.0,0.0,31.1,23.6,22.7
2021-04-06,Colaba_IMD,18.9067,72.8147,0.0,0.0,0.0,33.3,24.6,26.8
2021-04-07,Colaba_IMD,18.9067,72.8147,0.0,0.0,0.0,32.8,25.3,23.2
2021-04-08,Colaba_IMD,18.9067,72.8147,0.0,0.0,0.0,31.7,25.1,17.2
2021-04-09,Colaba_IMD,18.9067,72.8147,0.0,0.0,0.0,31.9,23.9,20.9
2021-04-10,Colaba_IMD,18.9067,72.8147,0.0,0.0,0.0,32.0,23.8,21.1
2021-04-11,Colaba_IMD,18.9067,72.8147,0.0,0.0,0.0,33.9,24.8,19.0
2021-04-12,Colaba_IMD,18.9067,72.8147,0.0,0.0,0.0,33.2,24.8,18.2
2021-04-13,Colaba_IMD,18.9067,72.8147,0.0,0.0,0.0,35.0,25.4,19.7
2021-04-14,Colaba_IMD,18.9067,72.8147,0.0,0.0,0.0,35.0,25.4,18.9
2021-04-15,Colaba_IMD,18.9067,72.8147,0.0,0.0,0.0,33.6,25.2,19.4
2021-04-16,Colaba_IMD,18.9067,72.8147,0.0,0.0,0.0,31.9,24.5,24.5
2021-04-17,Colaba_IMD,18.9067,72.8147,0.0,0.0,0.0,32.0,24.9,27.2
2021-04-18,Colaba_IMD,18.9067,72.8147,0.0,0.0,0.0,33.7,25.7,21.8
2021-04-19,Colaba_IMD,18.9067,72.8147,0.0,0.0,0.0,33.2,25.4,18.4
2021-04-20,Colaba_IMD,18.9067,72.8147,0.0,0.0,0.0,32.3,25.7,15.4
2021-04-21,Colaba_IMD,18.9067,72.8147,0.0,0.0,0.0,32.1,25.6,19.5
2021-04-22,Colaba_IMD,18.9067,72.8147,0.0,0.0,0.0,32.8,25.5,25.8
2021-04-23,Colaba_IMD,18.9067,72.8147,0.0,0.0,0.0,33.0,24.1,22.7
2021-04-24,Colaba_IMD,18.9067,72.8147,0.0,0.0,0.0,32.2,23.4,23.2
2021-04-25,Colaba_IMD,18.9067,72.8147,0.0,0.0,0.0,33.0,24.5,22.5
2021-04-26,Colaba_IMD,18.9067,72.8147,0.0,0.0,0.0,33.7,26.9,16.0
2021-04-27,Colaba_IMD,18.9067,72.8147,0.0,0.0,0.0,33.9,26.4,16.7
2021-04-28,Colaba_IMD,18.9067,72.8147,0.0,0.0,0.0,33.5,25.5,23.5
2021-04-29,Colaba_IMD,18.9067,72.8147,0.0,0.0,0.0,33.4,26.2,21.4
2021-04-30,Colaba_IMD,18.9067,72.8147,0.0,0.0,0.0,33.8,25.6,18.3
2021-05-01,Colaba_IMD,18.9067,72.8147,0.0,0.0,0.0,33.3,27.1,20.5
2021-05-02,Colaba_IMD,18.9067,72.8147,0.0,0.0,0.0,33.8,27.0,18.9
2021-05-03,Colaba_IMD,18.9067,72.8147,0.0,0.0,0.0,35.2,26.8,20.0
2021-05-04,Colaba_IMD,18.9067,72.8147,0.0,0.0,0.0,33.8,26.8,22.4
2021-05-05,Colaba_IMD,18.9067,72.8147,0.0,0.0,0.0,34.1,26.9,23.3
2021-05-06,Colaba_IMD,18.9067,72.8147,0.0,0.0,0.0,33.2,26.9,17.8
2021-05-07,Colaba_IMD,18.9067,72.8147,0.0,0.0,0.0,33.8,26.6,19.7
2021-05-08,Colaba_IMD,18.9067,72.8147,0.0,0.0,0.0,33.9,26.3,20.9
2021-05-09,Colaba_IMD,18.9067,72.8147,0.0,0.0,0.0,33.7,27.3,18.0
2021-05-10,Colaba_IMD,18.9067,72.8147,0.0,0.0,0.0,33.7,27.0,20.8
2021-05-11,Colaba_IMD,18.9067,72.8147,0.0,0.0,0.0,32.9,26.5,20.5
2021-05-12,Colaba_IMD,18.9067,72.8147,0.3,0.3,2.0,32.5,27.5,19.0
2021-05-13,Colaba_IMD,18.9067,72.8147,0.0,0.0,0.0,32.3,27.4,18.5
2021-05-14,Colaba_IMD,18.9067,72.8147,0.0,0.0,0.0,33.1,26.1,24.7
2021-05-15,Colaba_IMD,18.9067,72.8147,0.0,0.0,0.0,35.3,28.1,34.7
2021-05-16,Colaba_IMD,18.9067,72.8147,13.1,13.1,19.0,35.4,27.4,31.9
2021-05-17,Colaba_IMD,18.9067,72.8147,97.8,97.8,24.0,28.5,26.3,58.8
2021-05-18,Colaba_IMD,18.9067,72.8147,8.8,8.8,23.0,29.3,26.7,44.7
2021-05-19,Colaba_IMD,18.9067,72.8147,8.8,8.8,20.0,28.6,26.0,28.5
2021-05-20,Colaba_IMD,18.9067,72.8147,0.5,0.5,3.0,30.7,25.8,14.6
2021-05-21,Colaba_IMD,18.9067,72.8147,0.1,0.1,1.0,31.0,25.6,12.5
2021-05-22,Colaba_IMD,18.9067,72.8147,0.3,0.3,3.0,30.4,26.9,15.8
2021-05-23,Colaba_IMD,18.9067,72.8147,1.4,1.4,9.0,30.6,27.1,15.8
2021-05-24,Colaba_IMD,18.9067,72.8147,2.1,2.1,8.0,30.8,26.9,20.7
2021-05-25,Colaba_IMD,18.9067,72.8147,2.4,2.4,8.0,31.1,27.9,22.4
2021-05-26,Colaba_IMD,18.9067,72.8147,0.0,0.0,0.0,31.2,27.7,17.4
2021-05-27,Colaba_IMD,18.9067,72.8147,0.7,0.7,5.0,31.5,28.4,19.0
2021-05-28,Colaba_IMD,18.9067,72.8147,2.3,2.3,18.0,31.2,27.4,17.1
2021-05-29,Colaba_IMD,18.9067,72.8147,0.9,0.9,9.0,31.4,26.9,16.3
2021-05-30,Colaba_IMD,18.9067,72.8147,1.8,1.8,11.0,30.9,26.8,17.2
2021-05-31,Colaba_IMD,18.9067,72.8147,1.5,1.5,9.0,30.8,26.9,17.0
2021-06-01,Colaba_IMD,18.9067,72.8147,5.0,5.0,12.0,30.8,26.7,17.4
2021-06-02,Colaba_IMD,18.9067,72.8147,7.5,7.5,8.0,30.7,26.0,14.9
2021-06-03,Colaba_IMD,18.9067,72.8147,0.7,0.7,5.0,31.0,26.3,14.1
2021-06-04,Colaba_IMD,18.9067,72.8147,1.0,1.0,8.0,31.6,26.3,15.5
2021-06-05,Colaba_IMD,18.9067,72.8147,5.8,5.8,17.0,29.3,25.1,10.9
2021-06-06,Colaba_IMD,18.9067,72.8147,8.1,8.1,17.0,29.8,25.5,17.1
2021-06-07,Colaba_IMD,18.9067,72.8147,9.2,9.2,24.0,29.7,25.9,16.5
2021-06-08,Colaba_IMD,18.9067,72.8147,19.2,19.2,24.0,28.6,25.9,15.5
2021-06-09,Colaba_IMD,18.9067,72.8147,28.4,28.4,24.0,27.8,25.8,18.0
2021-06-10,Colaba_IMD,18.9067,72.8147,39.3,39.3,22.0,27.9,25.3,20.5
2021-06-11,Colaba_IMD,18.9067,72.8147,26.7,26.7,23.0,28.2,26.1,22.2
2021-06-12,Colaba_IMD,18.9067,72.8147,20.3,20.3,24.0,28.5,25.2,19.5
2021-06-13,Colaba_IMD,18.9067,72.8147,11.9,11.9,24.0,29.3,26.1,17.8
2021-06-14,Colaba_IMD,18.9067,72.8147,7.8,7.8,24.0,29.2,26.0,18.8
2021-06-15,Colaba_IMD,18.9067,72.8147,9.1,9.1,24.0,28.1,25.7,21.1
2021-06-16,Colaba_IMD,18.9067,72.8147,28.9,28.9,24.0,27.2,25.6,22.4
2021-06-17,Colaba_IMD,18.9067,72.8147,22.7,22.7,24.0,26.9,24.7,25.0
2021-06-18,Colaba_IMD,18.9067,72.8147,15.4,15.4,24.0,27.7,25.0,29.8
2021-06-19,Colaba_IMD,18.9067,72.8147,16.7,16.7,24.0,27.1,24.8,25.2
2021-06-20,Colaba_IMD,18.9067,72.8147,11.1,11.1,23.0,28.5,25.3,22.5
2021-06-21,Colaba_IMD,18.9067,72.8147,7.3,7.3,22.0,29.0,25.1,18.1
2021-06-22,Colaba_IMD,18.9067,72.8147,5.9,5.9,20.0,28.4,25.6,14.8
2021-06-23,Colaba_IMD,18.9067,72.8147,5.3,5.3,23.0,28.2,26.0,14.7
2021-06-24,Colaba_IMD,18.9067,72.8147,12.6,12.6,24.0,26.8,25.5,17.5
2021-06-25,Colaba_IMD,18.9067,72.8147,33.2,33.2,24.0,27.4,25.4,16.0
2021-06-26,Colaba_IMD,18.9067,72.8147,3.9,3.9,15.0,29.4,25.0,16.9
2021-06-27,Colaba_IMD,18.9067,72.8147,9.4,9.4,20.0,28.3,26.1,14.4
2021-06-28,Colaba_IMD,18.9067,72.8147,26.7,26.7,23.0,27.7,25.2,9.5
2021-06-29,Colaba_IMD,18.9067,72.8147,1.8,1.8,14.0,29.4,25.2,16.5
2021-06-30,Colaba_IMD,18.9067,72.8147,3.5,3.5,23.0,28.8,25.9,15.7
2021-07-01,Colaba_IMD,18.9067,72.8147,2.1,2.1,13.0,30.0,26.4,22.9
2021-07-02,Colaba_IMD,18.9067,72.8147,3.6,3.6,14.0,29.7,26.4,23.4
2021-07-03,Colaba_IMD,18.9067,72.8147,3.1,3.1,17.0,30.1,26.1,20.0
2021-07-04,Colaba_IMD,18.9067,72.8147,2.1,2.1,15.0,28.8,26.5,12.2
2021-07-05,Colaba_IMD,18.9067,72.8147,2.3,2.3,13.0,29.1,26.2,13.0
2021-07-06,Colaba_IMD,18.9067,72.8147,1.6,1.6,11.0,29.6,26.0,12.4
2021-07-07,Colaba_IMD,18.9067,72.8147,2.0,2.0,15.0,29.5,26.8,13.9
2021-07-08,Colaba_IMD,18.9067,72.8147,12.8,12.8,23.0,29.0,26.4,15.0
2021-07-09,Colaba_IMD,18.9067,72.8147,9.0,9.0,24.0,27.9,26.0,15.9
2021-07-10,Colaba_IMD,18.9067,72.8147,23.7,23.7,24.0,27.5,25.4,15.9
2021-07-11,Colaba_IMD,18.9067,72.8147,14.5,14.5,24.0,29.0,25.4,15.5
2021-07-12,Colaba_IMD,18.9067,72.8147,80.9,80.9,24.0,28.2,25.4,31.5
2021-07-13,Colaba_IMD,18.9067,72.8147,50.0,50.0,24.0,27.4,25.7,23.3
2021-07-14,Colaba_IMD,18.9067,72.8147,48.7,48.7,24.0,26.8,25.7,25.6
2021-07-15,Colaba_IMD,18.9067,72.8147,28.9,28.9,24.0,27.8,25.6,24.1
2021-07-16,Colaba_IMD,18.9067,72.8147,38.5,38.5,24.0,27.7,25.4,29.5
2021-07-17,Colaba_IMD,18.9067,72.8147,44.4,44.4,24.0,27.8,25.8,27.3
2021-07-18,Colaba_IMD,18.9067,72.8147,32.9,32.9,24.0,27.7,25.9,22.3
2021-07-19,Colaba_IMD,18.9067,72.8147,68.7,68.7,24.0,27.1,25.6,23.0
2021-07-20,Colaba_IMD,18.9067,72.8147,43.4,43.4,24.0,26.9,25.7,22.9
2021-07-21,Colaba_IMD,18.9067,72.8147,43.3,43.3,24.0,27.4,25.7,34.5
2021-07-22,Colaba_IMD,18.9067,72.8147,24.0,24.0,24.0,27.6,26.0,33.6
2021-07-23,Colaba_IMD,18.9067,72.8147,30.0,30.0,24.0,26.6,25.2,24.7
2021-07-24,Colaba_IMD,18.9067,72.8147,14.5,14.5,24.0,27.6,25.5,25.0
2021-07-25,Colaba_IMD,18.9067,72.8147,18.3,18.3,24.0,28.2,25.3,24.8
2021-07-26,Colaba_IMD,18.9067,72.8147,13.8,13.8,24.0,28.3,25.2,28.8
2021-07-27,Colaba_IMD,18.9067,72.8147,8.9,8.9,23.0,27.5,25.3,26.4
2021-07-28,Colaba_IMD,18.9067,72.8147,11.0,11.0,22.0,27.8,26.1,29.4
2021-07-29,Colaba_IMD,18.9067,72.8147,9.3,9.3,23.0,28.4,25.8,29.2
2021-07-30,Colaba_IMD,18.9067,72.8147,15.0,15.0,16.0,28.2,26.0,30.1
2021-07-31,Colaba_IMD,18.9067,72.8147,3.0,3.0,21.0,28.7,26.6,30.8
2021-08-01,Colaba_IMD,18.9067,72.8147,2.7,2.7,20.0,28.0,26.3,30.7
2021-08-02,Colaba_IMD,18.9067,72.8147,4.8,4.8,23.0,27.7,25.7,26.8
2021-08-03,Colaba_IMD,18.9067,72.8147,14.5,14.5,24.0,27.5,25.2,23.5
2021-08-04,Colaba_IMD,18.9067,72.8147,7.1,7.1,24.0,27.7,25.3,25.2
2021-08-05,Colaba_IMD,18.9067,72.8147,5.5,5.5,21.0,28.2,25.6,24.3
2021-08-06,Colaba_IMD,18.9067,72.8147,5.4,5.4,24.0,28.5,25.7,21.8
2021-08-07,Colaba_IMD,18.9067,72.8147,5.2,5.2,22.0,28.0,25.3,16.9
2021-08-08,Colaba_IMD,18.9067,72.8147,3.9,3.9,16.0,27.8,24.8,13.8
2021-08-09,Colaba_IMD,18.9067,72.8147,3.8,3.8,20.0,28.4,25.3,17.7
2021-08-10,Colaba_IMD,18.9067,72.8147,4.9,4.9,22.0,27.8,25.3,16.5
2021-08-11,Colaba_IMD,18.9067,72.8147,6.8,6.8,22.0,27.6,25.4,17.5
2021-08-12,Colaba_IMD,18.9067,72.8147,7.8,7.8,19.0,27.9,25.2,15.5
2021-08-13,Colaba_IMD,18.9067,72.8147,4.7,4.7,20.0,27.9,25.6,19.6
2021-08-14,Colaba_IMD,18.9067,72.8147,9.8,9.8,24.0,27.1,24.7,19.0
2021-08-15,Colaba_IMD,18.9067,72.8147,10.6,10.6,24.0,27.1,24.5,15.0
2021-08-16,Colaba_IMD,18.9067,72.8147,5.4,5.4,16.0,27.9,24.8,13.5
2021-08-17,Colaba_IMD,18.9067,72.8147,13.8,13.8,24.0,26.7,25.0,8.6
2021-08-18,Colaba_IMD,18.9067,72.8147,20.1,20.1,24.0,26.3,24.9,13.1
2021-08-19,Colaba_IMD,18.9067,72.8147,38.6,38.6,24.0,25.7,24.7,14.4
2021-08-20,Colaba_IMD,18.9067,72.8147,26.2,26.2,23.0,27.0,25.0,13.4
2021-08-21,Colaba_IMD,18.9067,72.8147,44.2,44.2,24.0,26.1,24.4,18.6
2021-08-22,Colaba_IMD,18.9067,72.8147,3.2,3.2,17.0,27.5,24.5,13.9
2021-08-23,Colaba_IMD,18.9067,72.8147,1.4,1.4,8.0,28.6,24.5,15.3
2021-08-24,Colaba_IMD,18.9067,72.8147,0.9,0.9,8.0,28.4,25.1,13.6
2021-08-25,Colaba_IMD,18.9067,72.8147,1.2,1.2,10.0,28.1,25.2,17.4
2021-08-26,Colaba_IMD,18.9067,72.8147,3.1,3.1,17.0,27.6,25.3,16.2
2021-08-27,Colaba_IMD,18.9067,72.8147,4.1,4.1,16.0,28.2,25.2,13.7
2021-08-28,Colaba_IMD,18.9067,72.8147,1.7,1.7,10.0,28.0,24.9,14.8
2021-08-29,Colaba_IMD,18.9067,72.8147,1.6,1.6,9.0,28.1,24.7,12.4
2021-08-30,Colaba_IMD,18.9067,72.8147,7.3,7.3,18.0,27.3,25.7,12.7
2021-08-31,Colaba_IMD,18.9067,72.8147,31.0,31.0,24.0,26.7,25.2,14.5
2021-09-01,Colaba_IMD,18.9067,72.8147,30.4,30.4,24.0,27.1,25.1,20.3
2021-09-02,Colaba_IMD,18.9067,72.8147,9.8,9.8,24.0,27.7,25.0,21.9
2021-09-03,Colaba_IMD,18.9067,72.8147,12.3,12.3,24.0,27.3,24.9,20.3
2021-09-04,Colaba_IMD,18.9067,72.8147,16.9,16.9,24.0,27.7,25.0,14.8
2021-09-05,Colaba_IMD,18.9067,72.8147,13.1,13.1,24.0,27.2,25.2,12.6
2021-09-06,Colaba_IMD,18.9067,72.8147,20.8,20.8,24.0,27.7,25.2,16.1
2021-09-07,Colaba_IMD,18.9067,72.8147,29.9,29.9,24.0,27.1,25.3,15.0
2021-09-08,Colaba_IMD,18.9067,72.8147,35.0,35.0,24.0,27.7,25.4,35.1
2021-09-09,Colaba_IMD,18.9067,72.8147,8.6,8.6,24.0,28.2,25.7,29.8
2021-09-10,Colaba_IMD,18.9067,72.8147,12.7,12.7,24.0,27.5,24.9,26.1
2021-09-11,Colaba_IMD,18.9067,72.8147,38.6,38.6,24.0,27.8,25.2,25.7
2021-09-12,Colaba_IMD,18.9067,72.8147,55.9,55.9,24.0,27.5,25.3,25.2
2021-09-13,Colaba_IMD,18.9067,72.8147,31.3,31.3,24.0,28.2,25.7,26.0
2021-09-14,Colaba_IMD,18.9067,72.8147,4.8,4.8,20.0,28.2,26.3,24.0
2021-09-15,Colaba_IMD,18.9067,72.8147,4.8,4.8,20.0,27.7,25.4,24.0
2021-09-16,Colaba_IMD,18.9067,72.8147,3.4,3.4,18.0,28.6,25.2,25.2
2021-09-17,Colaba_IMD,18.9067,72.8147,4.6,4.6,17.0,28.2,25.1,21.4
2021-09-18,Colaba_IMD,18.9067,72.8147,3.1,3.1,22.0,27.4,25.1,18.7
2021-09-19,Colaba_IMD,18.9067,72.8147,7.8,7.8,24.0,27.5,25.0,18.1
2021-09-20,Colaba_IMD,18.9067,72.8147,8.4,8.4,21.0,27.9,25.1,14.2
2021-09-21,Colaba_IMD,18.9067,72.8147,21.1,21.1,24.0,27.1,25.4,13.8
2021-09-22,Colaba_IMD,18.9067,72.8147,19.9,19.9,24.0,26.5,25.0,15.5
2021-09-23,Colaba_IMD,18.9067,72.8147,9.7,9.7,23.0,27.4,24.5,14.5
2021-09-24,Colaba_IMD,18.9067,72.8147,2.6,2.6,17.0,28.3,24.8,15.3
2021-09-25,Colaba_IMD,18.9067,72.8147,4.3,4.3,17.0,28.1,24.5,13.8
2021-09-26,Colaba_IMD,18.9067,72.8147,1.6,1.6,15.0,28.3,24.7,13.9
2021-09-27,Colaba_IMD,18.9067,72.8147,6.8,6.8,18.0,26.8,25.1,9.2
2021-09-28,Colaba_IMD,18.9067,72.8147,16.2,16.2,24.0,26.5,24.8,17.1
2021-09-29,Colaba_IMD,18.9067,72.8147,17.9,17.9,24.0,28.8,25.5,26.6
2021-09-30,Colaba_IMD,18.9067,72.8147,2.5,2.5,16.0,28.4,24.9,21.7
2021-10-01,Colaba_IMD,18.9067,72.8147,1.1,1.1,7.0,29.4,25.0,14.6
2021-10-02,Colaba_IMD,18.9067,72.8147,2.0,2.0,7.0,29.0,25.2,17.9
2021-10-03,Colaba_IMD,18.9067,72.8147,0.0,0.0,0.0,29.9,25.6,17.4
2021-10-04,Colaba_IMD,18.9067,72.8147,0.0,0.0,0.0,30.3,26.3,16.6
2021-10-05,Colaba_IMD,18.9067,72.8147,0.2,0.2,2.0,30.7,26.0,18.4
2021-10-06,Colaba_IMD,18.9067,72.8147,5.4,5.4,5.0,31.4,26.3,12.1
2021-10-07,Colaba_IMD,18.9067,72.8147,2.0,2.0,7.0,32.2,25.8,12.7
2021-10-08,Colaba_IMD,18.9067,72.8147,13.4,13.4,16.0,30.0,24.7,16.1
2021-10-09,Colaba_IMD,18.9067,72.8147,2.2,2.2,9.0,29.6,25.4,15.3
2021-10-10,Colaba_IMD,18.9067,72.8147,5.2,5.2,11.0,29.5,25.2,10.0
2021-10-11,Colaba_IMD,18.9067,72.8147,8.5,8.5,13.0,29.6,24.5,14.6
2021-10-12,Colaba_IMD,18.9067,72.8147,0.2,0.2,2.0,30.0,24.8,12.5
2021-10-13,Colaba_IMD,18.9067,72.8147,0.4,0.4,2.0,30.5,25.0,14.0
2021-10-14,Colaba_IMD,18.9067,72.8147,0.0,0.0,0.0,31.8,25.3,16.8
2021-10-15,Colaba_IMD,18.9067,72.8147,0.0,0.0,0.0,32.6,24.7,20.3
2021-10-16,Colaba_IMD,18.9067,72.8147,0.0,0.0,0.0,31.5,24.6,19.6
2021-10-17,Colaba_IMD,18.9067,72.8147,0.0,0.0,0.0,31.0,24.1,17.8
2021-10-18,Colaba_IMD,18.9067,72.8147,1.7,1.7,3.0,30.6,24.6,19.8
2021-10-19,Colaba_IMD,18.9067,72.8147,0.6,0.6,6.0,29.8,25.4,14.1
2021-10-20,Colaba_IMD,18.9067,72.8147,0.0,0.0,0.0,30.1,23.8,21.3
2021-10-21,Colaba_IMD,18.9067,72.8147,0.0,0.0,0.0,32.0,23.8,19.2
2021-10-22,Colaba_IMD,18.9067,72.8147,0.0,0.0,0.0,33.2,23.5,18.1
2021-10-23,Colaba_IMD,18.9067,72.8147,0.0,0.0,0.0,32.2,24.0,20.4
2021-10-24,Colaba_IMD,18.9067,72.8147,0.0,0.0,0.0,30.6,23.6,18.9
2021-10-25,Colaba_IMD,18.9067,72.8147,0.0,0.0,0.0,30.9,23.5,22.7
2021-10-26,Colaba_IMD,18.9067,72.8147,0.0,0.0,0.0,32.6,23.4,21.2
2021-10-27,Colaba_IMD,18.9067,72.8147,0.0,0.0,0.0,34.6,23.4,25.4
2021-10-28,Colaba_IMD,18.9067,72.8147,0.0,0.0,0.0,34.7,24.2,27.8
2021-10-29,Colaba_IMD,18.9067,72.8147,0.0,0.0,0.0,34.4,23.7,27.2
2021-10-30,Colaba_IMD,18.9067,72.8147,0.0,0.0,0.0,34.5,23.7,24.6
2021-10-31,Colaba_IMD,18.9067,72.8147,0.0,0.0,0.0,34.2,25.0,21.1
2021-11-01,Colaba_IMD,18.9067,72.8147,0.0,0.0,0.0,33.3,23.4,18.3
2021-11-02,Colaba_IMD,18.9067,72.8147,0.0,0.0,0.0,33.7,24.1,17.5
2021-11-03,Colaba_IMD,18.9067,72.8147,0.0,0.0,0.0,34.4,25.0,21.9
2021-11-04,Colaba_IMD,18.9067,72.8147,0.0,0.0,0.0,33.0,25.0,16.1
2021-11-05,Colaba_IMD,18.9067,72.8147,17.5,17.5,5.0,33.1,24.8,15.9
2021-11-06,Colaba_IMD,18.9067,72.8147,0.5,0.5,3.0,30.8,24.0,16.5
2021-11-07,Colaba_IMD,18.9067,72.8147,0.0,0.0,0.0,29.9,24.1,15.1
2021-11-08,Colaba_IMD,18.9067,72.8147,0.0,0.0,0.0,32.4,23.2,17.5
2021-11-09,Colaba_IMD,18.9067,72.8147,0.0,0.0,0.0,33.3,21.6,19.1
2021-11-10,Colaba_IMD,18.9067,72.8147,0.0,0.0,0.0,33.3,22.1,20.0
2021-11-11,Colaba_IMD,18.9067,72.8147,0.0,0.0,0.0,33.8,21.2,21.7
2021-11-12,Colaba_IMD,18.9067,72.8147,0.0,0.0,0.0,32.5,21.8,23.0
2021-11-13,Colaba_IMD,18.9067,72.8147,0.0,0.0,0.0,32.8,22.8,22.8
2021-11-14,Colaba_IMD,18.9067,72.8147,0.0,0.0,0.0,33.3,24.2,17.1
2021-11-15,Colaba_IMD,18.9067,72.8147,0.1,0.1,1.0,33.5,25.1,20.7
2021-11-16,Colaba_IMD,18.9067,72.8147,0.0,0.0,0.0,34.1,24.9,20.0
2021-11-17,Colaba_IMD,18.9067,72.8147,7.0,7.0,6.0,32.8,24.7,18.4
2021-11-18,Colaba_IMD,18.9067,72.8147,7.0,7.0,5.0,30.6,23.5,13.8
2021-11-19,Colaba_IMD,18.9067,72.8147,1.0,1.0,3.0,31.9,24.0,13.9
2021-11-20,Colaba_IMD,18.9067,72.8147,1.2,1.2,6.0,32.7,25.2,16.0
2021-11-21,Colaba_IMD,18.9067,72.8147,8.8,8.8,11.0,33.0,25.3,16.8
2021-11-22,Colaba_IMD,18.9067,72.8147,1.5,1.5,5.0,29.6,25.4,12.4
2021-11-23,Colaba_IMD,18.9067,72.8147,0.0,0.0,0.0,30.3,24.9,18.1
2021-11-24,Colaba_IMD,18.9067,72.8147,0.1,0.1,1.0,31.9,25.8,17.8
2021-11-25,Colaba_IMD,18.9067,72.8147,0.0,0.0,0.0,33.6,25.2,21.0
2021-11-26,Colaba_IMD,18.9067,72.8147,0.0,0.0,0.0,33.5,23.9,17.3
2021-11-27,Colaba_IMD,18.9067,72.8147,0.0,0.0,0.0,34.0,23.2,18.9
2021-11-28,Colaba_IMD,18.9067,72.8147,0.0,0.0,0.0,33.6,22.8,15.6
2021-11-29,Colaba_IMD,18.9067,72.8147,0.0,0.0,0.0,33.5,22.7,17.3
2021-11-30,Colaba_IMD,18.9067,72.8147,0.2,0.2,2.0,33.2,24.9,14.4
2021-12-01,Colaba_IMD,18.9067,72.8147,41.4,41.4,19.0,25.9,21.2,23.3
2021-12-02,Colaba_IMD,18.9067,72.8147,46.1,46.1,21.0,25.3,20.3,23.8
2021-12-03,Colaba_IMD,18.9067,72.8147,0.3,0.3,2.0,27.1,21.9,12.7
2021-12-04,Colaba_IMD,18.9067,72.8147,0.8,0.8,3.0,28.1,22.0,12.4
2021-12-05,Colaba_IMD,18.9067,72.8147,1.0,1.0,3.0,27.1,21.0,9.0
2021-12-06,Colaba_IMD,18.9067,72.8147,0.0,0.0,0.0,28.4,20.9,15.5
2021-12-07,Colaba_IMD,18.9067,72.8147,0.0,0.0,0.0,30.4,21.8,16.1
2021-12-08,Colaba_IMD,18.9067,72.8147,0.0,0.0,0.0,31.7,22.3,17.9
2021-12-09,Colaba_IMD,18.9067,72.8147,0.0,0.0,0.0,30.4,23.3,16.4
2021-12-10,Colaba_IMD,18.9067,72.8147,0.0,0.0,0.0,31.8,22.0,18.1
2021-12-11,Colaba_IMD,18.9067,72.8147,0.0,0.0,0.0,31.8,23.1,15.1
2021-12-12,Colaba_IMD,18.9067,72.8147,0.0,0.0,0.0,32.1,22.5,16.2
2021-12-13,Colaba_IMD,18.9067,72.8147,0.0,0.0,0.0,29.9,22.2,16.3
2021-12-14,Colaba_IMD,18.9067,72.8147,0.0,0.0,0.0,28.9,20.1,19.7
2021-12-15,Colaba_IMD,18.9067,72.8147,0.0,0.0,0.0,27.6,19.6,16.3
2021-12-16,Colaba_IMD,18.9067,72.8147,0.0,0.0,0.0,28.4,20.4,19.6
2021-12-17,Colaba_IMD,18.9067,72.8147,0.0,0.0,0.0,28.7,21.2,17.9
2021-12-18,Colaba_IMD,18.9067,72.8147,0.0,0.0,0.0,30.0,19.7,19.4
2021-12-19,Colaba_IMD,18.9067,72.8147,0.0,0.0,0.0,31.1,20.4,18.3
2021-12-20,Colaba_IMD,18.9067,72.8147,0.0,0.0,0.0,30.7,20.1,18.7
2021-12-21,Colaba_IMD,18.9067,72.8147,0.0,0.0,0.0,29.3,18.8,13.8
2021-12-22,Colaba_IMD,18.9067,72.8147,0.0,0.0,0.0,28.4,18.2,15.7
2021-12-23,Colaba_IMD,18.9067,72.8147,0.0,0.0,0.0,28.3,19.5,15.0
2021-12-24,Colaba_IMD,18.9067,72.8147,0.0,0.0,0.0,26.5,18.6,14.5
2021-12-25,Colaba_IMD,18.9067,72.8147,0.0,0.0,0.0,26.3,17.3,13.9
2021-12-26,Colaba_IMD,18.9067,72.8147,0.0,0.0,0.0,27.9,17.7,17.7
2021-12-27,Colaba_IMD,18.9067,72.8147,0.0,0.0,0.0,29.4,18.8,15.7
2021-12-28,Colaba_IMD,18.9067,72.8147,0.0,0.0,0.0,28.0,18.7,20.2
2021-12-29,Colaba_IMD,18.9067,72.8147,0.0,0.0,0.0,27.9,19.2,23.1
2021-12-30,Colaba_IMD,18.9067,72.8147,0.0,0.0,0.0,31.0,19.5,21.4
2021-12-31,Colaba_IMD,18.9067,72.8147,0.0,0.0,0.0,31.6,22.1,17.7
2022-01-01,Colaba_IMD,18.9067,72.8147,0.0,0.0,0.0,31.7,21.6,18.4
2022-01-02,Colaba_IMD,18.9067,72.8147,0.0,0.0,0.0,30.8,21.7,14.7
2022-01-03,Colaba_IMD,18.9067,72.8147,0.0,0.0,0.0,31.1,22.2,17.1
2022-01-04,Colaba_IMD,18.9067,72.8147,0.0,0.0,0.0,31.7,21.3,17.9
2022-01-05,Colaba_IMD,18.9067,72.8147,0.0,0.0,0.0,28.9,20.7,17.0
2022-01-06,Colaba_IMD,18.9067,72.8147,0.0,0.0,0.0,27.9,20.6,19.2
2022-01-07,Colaba_IMD,18.9067,72.8147,0.0,0.0,0.0,27.6,19.7,17.7
2022-01-08,Colaba_IMD,18.9067,72.8147,3.5,3.5,13.0,24.7,21.0,12.6
2022-01-09,Colaba_IMD,18.9067,72.8147,0.0,0.0,0.0,25.7,19.7,22.4
2022-01-10,Colaba_IMD,18.9067,72.8147,0.0,0.0,0.0,24.2,16.4,22.5
2022-01-11,Colaba_IMD,18.9067,72.8147,0.0,0.0,0.0,24.5,14.5,15.2
2022-01-12,Colaba_IMD,18.9067,72.8147,0.0,0.0,0.0,25.1,17.0,19.4
2022-01-13,Colaba_IMD,18.9067,72.8147,0.0,0.0,0.0,26.3,15.7,17.8
2022-01-14,Colaba_IMD,18.9067,72.8147,0.2,0.2,2.0,26.6,17.6,16.4
2022-01-15,Colaba_IMD,18.9067,72.8147,0.0,0.0,0.0,29.9,18.7,24.1
2022-01-16,Colaba_IMD,18.9067,72.8147,0.0,0.0,0.0,31.7,19.9,19.2
2022-01-17,Colaba_IMD,18.9067,72.8147,0.0,0.0,0.0,31.1,21.8,17.6
2022-01-18,Colaba_IMD,18.9067,72.8147,0.0,0.0,0.0,29.9,20.3,19.6
2022-01-19,Colaba_IMD,18.9067,72.8147,0.0,0.0,0.0,29.5,18.9,17.1
2022-01-20,Colaba_IMD,18.9067,72.8147,0.0,0.0,0.0,27.8,18.8,16.6
2022-01-21,Colaba_IMD,18.9067,72.8147,0.0,0.0,0.0,27.2,18.8,16.0
2022-01-22,Colaba_IMD,18.9067,72.8147,3.0,3.0,12.0,26.7,20.0,20.5
2022-01-23,Colaba_IMD,18.9067,72.8147,0.4,0.4,4.0,24.0,18.9,23.9
2022-01-24,Colaba_IMD,18.9067,72.8147,0.0,0.0,0.0,24.0,15.8,23.2
2022-01-25,Colaba_IMD,18.9067,72.8147,0.0,0.0,0.0,25.8,14.6,21.4
2022-01-26,Colaba_IMD,18.9067,72.8147,0.0,0.0,0.0,27.2,15.8,21.0
2022-01-27,Colaba_IMD,18.9067,72.8147,0.0,0.0,0.0,30.0,17.3,24.7
2022-01-28,Colaba_IMD,18.9067,72.8147,0.0,0.0,0.0,31.2,19.7,23.7
2022-01-29,Colaba_IMD,18.9067,72.8147,0.0,0.0,0.0,31.6,18.6,20.5
2022-01-30,Colaba_IMD,18.9067,72.8147,0.0,0.0,0.0,30.2,16.8,19.5
2022-01-31,Colaba_IMD,18.9067,72.8147,0.0,0.0,0.0,28.4,16.6,17.7
2022-02-01,Colaba_IMD,18.9067,72.8147,0.0,0.0,0.0,28.9,16.9,21.3
2022-02-02,Colaba_IMD,18.9067,72.8147,0.0,0.0,0.0,27.2,16.4,19.8
2022-02-03,Colaba_IMD,18.9067,72.8147,0.0,0.0,0.0,26.7,17.1,14.2
2022-02-04,Colaba_IMD,18.9067,72.8147,0.0,0.0,0.0,26.6,18.9,14.1
2022-02-05,Colaba_IMD,18.9067,72.8147,0.0,0.0,0.0,27.4,15.5,20.1
2022-02-06,Colaba_IMD,18.9067,72.8147,0.0,0.0,0.0,27.4,17.5,19.6
2022-02-07,Colaba_IMD,18.9067,72.8147,0.0,0.0,0.0,25.9,18.2,21.8
2022-02-08,Colaba_IMD,18.9067,72.8147,0.0,0.0,0.0,25.6,18.7,18.4
2022-02-09,Colaba_IMD,18.9067,72.8147,0.0,0.0,0.0,26.4,17.4,19.3
2022-02-10,Colaba_IMD,18.9067,72.8147,0.0,0.0,0.0,29.3,18.7,27.3
2022-02-11,Colaba_IMD,18.9067,72.8147,0.0,0.0,0.0,33.5,20.5,27.6
2022-02-12,Colaba_IMD,18.9067,72.8147,0.0,0.0,0.0,30.2,20.4,21.8
2022-02-13,Colaba_IMD,18.9067,72.8147,0.0,0.0,0.0,30.3,19.2,21.3
2022-02-14,Colaba_IMD,18.9067,72.8147,0.0,0.0,0.0,29.2,18.9,22.9
2022-02-15,Colaba_IMD,18.9067,72.8147,0.0,0.0,0.0,27.2,20.0,19.7
2022-02-16,Colaba_IMD,18.9067,72.8147,0.0,0.0,0.0,26.5,18.9,17.6
2022-02-17,Colaba_IMD,18.9067,72.8147,0.0,0.0,0.0,26.8,17.8,14.6
2022-02-18,Colaba_IMD,18.9067,72.8147,0.0,0.0,0.0,28.0,17.3,15.9
2022-02-19,Colaba_IMD,18.9067,72.8147,0.0,0.0,0.0,29.2,18.7,18.1
2022-02-20,Colaba_IMD,18.9067,72.8147,0.0,0.0,0.0,30.5,19.0,20.7
2022-02-21,Colaba_IMD,18.9067,72.8147,0.0,0.0,0.0,30.0,18.6,24.5
2022-02-22,Colaba_IMD,18.9067,72.8147,0.0,0.0,0.0,30.6,17.6,19.6
2022-02-23,Colaba_IMD,18.9067,72.8147,0.0,0.0,0.0,29.3,18.2,21.1
2022-02-24,Colaba_IMD,18.9067,72.8147,0.0,0.0,0.0,29.8,19.9,19.2
2022-02-25,Colaba_IMD,18.9067,72.8147,0.0,0.0,0.0,30.1,19.6,22.5
2022-02-26,Colaba_IMD,18.9067,72.8147,0.0,0.0,0.0,30.0,20.6,23.4
2022-02-27,Colaba_IMD,18.9067,72.8147,0.0,0.0,0.0,30.9,20.4,25.0
2022-02-28,Colaba_IMD,18.9067,72.8147,0.0,0.0,0.0,31.9,19.0,23.2
2022-03-01,Colaba_IMD,18.9067,72.8147,0.0,0.0,0.0,32.7,20.3,25.6
2022-03-02,Colaba_IMD,18.9067,72.8147,0.0,0.0,0.0,34.3,21.6,22.9
2022-03-03,Colaba_IMD,18.9067,72.8147,0.0,0.0,0.0,34.1,22.2,30.1
2022-03-04,Colaba_IMD,18.9067,72.8147,0.0,0.0,0.0,33.3,23.3,28.3
2022-03-05,Colaba_IMD,18.9067,72.8147,0.0,0.0,0.0,34.2,20.7,21.2
2022-03-06,Colaba_IMD,18.9067,72.8147,0.0,0.0,0.0,33.3,21.4,23.7
2022-03-07,Colaba_IMD,18.9067,72.8147,0.0,0.0,0.0,31.5,24.1,18.8
2022-03-08,Colaba_IMD,18.9067,72.8147,0.0,0.0,0.0,36.5,25.5,20.3
2022-03-09,Colaba_IMD,18.9067,72.8147,0.0,0.0,0.0,33.9,23.1,23.0
2022-03-10,Colaba_IMD,18.9067,72.8147,0.0,0.0,0.0,34.4,22.8,23.4
2022-03-11,Colaba_IMD,18.9067,72.8147,0.0,0.0,0.0,33.3,23.2,19.5
2022-03-12,Colaba_IMD,18.9067,72.8147,0.0,0.0,0.0,35.6,22.9,19.4
2022-03-13,Colaba_IMD,18.9067,72.8147,0.0,0.0,0.0,37.3,21.9,27.7
2022-03-14,Colaba_IMD,18.9067,72.8147,0.0,0.0,0.0,36.0,22.8,27.3
2022-03-15,Colaba_IMD,18.9067,72.8147,0.0,0.0,0.0,35.0,21.3,24.1
2022-03-16,Colaba_IMD,18.9067,72.8147,0.0,0.0,0.0,34.4,23.8,26.0
2022-03-17,Colaba_IMD,18.9067,72.8147,0.0,0.0,0.0,33.8,24.5,29.7
2022-03-18,Colaba_IMD,18.9067,72.8147,0.0,0.0,0.0,33.4,22.2,26.6
2022-03-19,Colaba_IMD,18.9067,72.8147,0.0,0.0,0.0,32.3,22.4,18.0
2022-03-20,Colaba_IMD,18.9067,72.8147,0.0,0.0,0.0,31.0,24.6,26.2
2022-03-21,Colaba_IMD,18.9067,72.8147,0.0,0.0,0.0,31.0,21.8,25.2
2022-03-22,Colaba_IMD,18.9067,72.8147,0.0,0.0,0.0,34.2,23.8,31.5
2022-03-23,Colaba_IMD,18.9067,72.8147,0.0,0.0,0.0,36.4,25.3,31.6
2022-03-24,Colaba_IMD,18.9067,72.8147,0.0,0.0,0.0,32.5,26.3,18.2
2022-03-25,Colaba_IMD,18.9067,72.8147,0.0,0.0,0.0,32.6,24.6,21.2
2022-03-26,Colaba_IMD,18.9067,72.8147,0.0,0.0,0.0,31.7,24.5,21.9
2022-03-27,Colaba_IMD,18.9067,72.8147,0.0,0.0,0.0,32.5,24.2,21.3
2022-03-28,Colaba_IMD,18.9067,72.8147,0.0,0.0,0.0,32.2,24.1,20.4
2022-03-29,Colaba_IMD,18.9067,72.8147,0.0,0.0,0.0,33.5,23.1,21.9
2022-03-30,Colaba_IMD,18.9067,72.8147,0.0,0.0,0.0,33.3,22.7,21.6
2022-03-31,Colaba_IMD,18.9067,72.8147,0.0,0.0,0.0,31.9,21.4,16.7
2022-04-01,Colaba_IMD,18.9067,72.8147,0.0,0.0,0.0,33.3,21.1,20.3
2022-04-02,Colaba_IMD,18.9067,72.8147,0.0,0.0,0.0,30.9,23.0,19.2
2022-04-03,Colaba_IMD,18.9067,72.8147,0.0,0.0,0.0,31.5,22.6,20.5
2022-04-04,Colaba_IMD,18.9067,72.8147,0.0,0.0,0.0,32.2,23.6,22.3
2022-04-05,Colaba_IMD,18.9067,72.8147,0.0,0.0,0.0,32.4,25.5,21.4
2022-04-06,Colaba_IMD,18.9067,72.8147,0.0,0.0,0.0,32.0,24.6,20.4
2022-04-07,Colaba_IMD,18.9067,72.8147,0.0,0.0,0.0,32.7,24.3,19.4
2022-04-08,Colaba_IMD,18.9067,72.8147,0.0,0.0,0.0,33.6,23.5,20.5
2022-04-09,Colaba_IMD,18.9067,72.8147,0.0,0.0,0.0,32.4,25.2,18.0
2022-04-10,Colaba_IMD,18.9067,72.8147,0.0,0.0,0.0,32.7,25.9,19.0
2022-04-11,Colaba_IMD,18.9067,72.8147,0.0,0.0,0.0,33.0,23.8,22.9
2022-04-12,Colaba_IMD,18.9067,72.8147,0.0,0.0,0.0,33.2,23.7,23.5
2022-04-13,Colaba_IMD,18.9067,72.8147,0.0,0.0,0.0,34.4,23.7,23.7
2022-04-14,Colaba_IMD,18.9067,72.8147,0.0,0.0,0.0,32.4,25.5,20.3
2022-04-15,Colaba_IMD,18.9067,72.8147,0.0,0.0,0.0,32.3,25.3,19.5
2022-04-16,Colaba_IMD,18.9067,72.8147,0.0,0.0,0.0,32.2,23.1,20.4
2022-04-17,Colaba_IMD,18.9067,72.8147,0.0,0.0,0.0,32.2,23.5,19.8
2022-04-18,Colaba_IMD,18.9067,72.8147,0.0,0.0,0.0,32.0,24.6,23.0
2022-04-19,Colaba_IMD,18.9067,72.8147,0.0,0.0,0.0,32.1,25.0,22.4
2022-04-20,Colaba_IMD,18.9067,72.8147,0.0,0.0,0.0,32.2,24.7,26.1
2022-04-21,Colaba_IMD,18.9067,72.8147,0.0,0.0,0.0,38.9,27.5,29.5
2022-04-22,Colaba_IMD,18.9067,72.8147,0.0,0.0,0.0,36.1,27.2,23.6
2022-04-23,Colaba_IMD,18.9067,72.8147,0.0,0.0,0.0,37.6,26.6,20.2
2022-04-24,Colaba_IMD,18.9067,72.8147,0.0,0.0,0.0,33.9,27.1,18.5
2022-04-25,Colaba_IMD,18.9067,72.8147,0.0,0.0,0.0,35.4,24.9,25.7
2022-04-26,Colaba_IMD,18.9067,72.8147,0.0,0.0,0.0,34.1,26.9,22.3
2022-04-27,Colaba_IMD,18.9067,72.8147,0.0,0.0,0.0,34.3,25.9,26.1
2022-04-28,Colaba_IMD,18.9067,72.8147,0.0,0.0,0.0,36.1,25.4,18.9
2022-04-29,Colaba_IMD,18.9067,72.8147,0.0,0.0,0.0,33.5,27.1,18.2
2022-04-30,Colaba_IMD,18.9067,72.8147,0.0,0.0,0.0,33.8,25.6,18.7
2022-05-01,Colaba_IMD,18.9067,72.8147,0.0,0.0,0.0,33.5,25.4,16.6
2022-05-02,Colaba_IMD,18.9067,72.8147,0.0,0.0,0.0,33.0,27.0,19.7
2022-05-03,Colaba_IMD,18.9067,72.8147,0.0,0.0,0.0,33.2,27.1,19.4
2022-05-04,Colaba_IMD,18.9067,72.8147,0.0,0.0,0.0,33.0,26.9,20.1
2022-05-05,Colaba_IMD,18.9067,72.8147,0.0,0.0,0.0,32.7,25.5,24.4
2022-05-06,Colaba_IMD,18.9067,72.8147,0.0,0.0,0.0,32.8,26.5,24.0
2022-05-07,Colaba_IMD,18.9067,72.8147,0.0,0.0,0.0,33.0,26.2,23.0
2022-05-08,Colaba_IMD,18.9067,72.8147,0.0,0.0,0.0,32.9,26.3,28.5
2022-05-09,Colaba_IMD,18.9067,72.8147,0.0,0.0,0.0,32.9,27.3,25.2
2022-05-10,Colaba_IMD,18.9067,72.8147,0.0,0.0,0.0,32.7,28.4,23.6
2022-05-11,Colaba_IMD,18.9067,72.8147,0.0,0.0,0.0,32.8,26.7,20.4
2022-05-12,Colaba_IMD,18.9067,72.8147,0.0,0.0,0.0,31.2,28.4,16.5
2022-05-13,Colaba_IMD,18.9067,72.8147,0.0,0.0,0.0,32.3,28.3,18.1
2022-05-14,Colaba_IMD,18.9067,72.8147,0.0,0.0,0.0,32.8,26.9,17.3
2022-05-15,Colaba_IMD,18.9067,72.8147,0.0,0.0,0.0,32.7,27.7,18.3
2022-05-16,Colaba_IMD,18.9067,72.8147,0.0,0.0,0.0,32.6,27.6,22.8
2022-05-17,Colaba_IMD,18.9067,72.8147,0.0,0.0,0.0,32.7,27.2,18.1
2022-05-18,Colaba_IMD,18.9067,72.8147,0.0,0.0,0.0,32.6,26.8,20.8
2022-05-19,Colaba_IMD,18.9067,72.8147,0.0,0.0,0.0,32.2,27.3,21.0
2022-05-20,Colaba_IMD,18.9067,72.8147,0.0,0.0,0.0,32.2,28.2,19.7
2022-05-21,Colaba_IMD,18.9067,72.8147,0.0,0.0,0.0,32.6,28.1,22.4
2022-05-22,Colaba_IMD,18.9067,72.8147,0.4,0.4,3.0,32.9,28.9,22.5
2022-05-23,Colaba_IMD,18.9067,72.8147,1.3,1.3,9.0,32.7,28.9,23.0
2022-05-24,Colaba_IMD,18.9067,72.8147,3.2,3.2,8.0,32.3,28.9,21.6
2022-05-25,Colaba_IMD,18.9067,72.8147,1.0,1.0,5.0,32.4,27.7,18.6
2022-05-26,Colaba_IMD,18.9067,72.8147,0.0,0.0,0.0,32.4,27.7,19.9
2022-05-27,Colaba_IMD,18.9067,72.8147,0.0,0.0,0.0,33.2,27.9,20.2
2022-05-28,Colaba_IMD,18.9067,72.8147,0.0,0.0,0.0,33.0,28.8,19.9
2022-05-29,Colaba_IMD,18.9067,72.8147,0.4,0.4,3.0,33.1,29.0,21.3
2022-05-30,Colaba_IMD,18.9067,72.8147,0.0,0.0,0.0,32.7,28.7,19.6
2022-05-31,Colaba_IMD,18.9067,72.8147,0.2,0.2,2.0,32.7,28.3,18.7
2022-06-01,Colaba_IMD,18.9067,72.8147,0.0,0.0,0.0,32.5,28.3,20.3
2022-06-02,Colaba_IMD,18.9067,72.8147,0.0,0.0,0.0,32.7,28.2,22.8
2022-06-03,Colaba_IMD,18.9067,72.8147,0.0,0.0,0.0,32.1,27.2,20.6
2022-06-04,Colaba_IMD,18.9067,72.8147,0.1,0.1,1.0,32.5,27.4,18.5
2022-06-05,Colaba_IMD,18.9067,72.8147,0.0,0.0,0.0,32.3,27.4,20.6
2022-06-06,Colaba_IMD,18.9067,72.8147,0.0,0.0,0.0,32.1,27.9,19.5
2022-06-07,Colaba_IMD,18.9067,72.8147,0.3,0.3,3.0,32.3,27.8,20.7
2022-06-08,Colaba_IMD,18.9067,72.8147,1.8,1.8,11.0,32.0,27.0,17.7
2022-06-09,Colaba_IMD,18.9067,72.8147,5.3,5.3,12.0,30.9,26.6,16.3
2022-06-10,Colaba_IMD,18.9067,72.8147,5.7,5.7,9.0,31.2,26.3,21.1
2022-06-11,Colaba_IMD,18.9067,72.8147,18.1,18.1,19.0,30.1,25.6,24.2
2022-06-12,Colaba_IMD,18.9067,72.8147,8.2,8.2,21.0,28.7,25.3,24.0
2022-06-13,Colaba_IMD,18.9067,72.8147,1.3,1.3,11.0,30.6,24.7,27.4
2022-06-14,Colaba_IMD,18.9067,72.8147,1.1,1.1,9.0,31.3,25.6,23.8
2022-06-15,Colaba_IMD,18.9067,72.8147,2.3,2.3,18.0,31.4,26.8,23.1
2022-06-16,Colaba_IMD,18.9067,72.8147,4.6,4.6,20.0,31.0,25.8,21.4
2022-06-17,Colaba_IMD,18.9067,72.8147,2.0,2.0,15.0,30.5,26.2,21.6
2022-06-18,Colaba_IMD,18.9067,72.8147,1.7,1.7,11.0,31.1,26.7,23.3
2022-06-19,Colaba_IMD,18.9067,72.8147,15.9,15.9,24.0,29.5,25.9,23.5
2022-06-20,Colaba_IMD,18.9067,72.8147,51.8,51.8,24.0,26.7,24.6,19.2
2022-06-21,Colaba_IMD,18.9067,72.8147,27.4,27.4,24.0,27.6,24.0,22.9
2022-06-22,Colaba_IMD,18.9067,72.8147,37.1,37.1,21.0,29.8,24.5,21.3
2022-06-23,Colaba_IMD,18.9067,72.8147,26.8,26.8,20.0,28.8,24.1,16.1
2022-06-24,Colaba_IMD,18.9067,72.8147,6.5,6.5,13.0,29.9,25.2,24.1
2022-06-25,Colaba_IMD,18.9067,72.8147,18.1,18.1,19.0,29.0,24.8,24.9
2022-06-26,Colaba_IMD,18.9067,72.8147,23.8,23.8,17.0,27.7,25.3,26.3
2022-06-27,Colaba_IMD,18.9067,72.8147,30.8,30.8,24.0,27.8,25.2,24.5
2022-06-28,Colaba_IMD,18.9067,72.8147,6.8,6.8,19.0,28.2,25.1,20.8
2022-06-29,Colaba_IMD,18.9067,72.8147,10.8,10.8,22.0,28.4,25.6,20.6
2022-06-30,Colaba_IMD,18.9067,72.8147,32.2,32.2,24.0,27.7,24.6,18.9
2022-07-01,Colaba_IMD,18.9067,72.8147,39.3,39.3,24.0,26.7,24.3,19.8
2022-07-02,Colaba_IMD,18.9067,72.8147,22.8,22.8,24.0,27.9,24.1,22.6
2022-07-03,Colaba_IMD,18.9067,72.8147,20.2,20.2,24.0,27.9,24.7,24.3
2022-07-04,Colaba_IMD,18.9067,72.8147,40.5,40.5,24.0,26.9,24.7,21.7
2022-07-05,Colaba_IMD,18.9067,72.8147,51.2,51.2,24.0,26.5,24.7,21.9
2022-07-06,Colaba_IMD,18.9067,72.8147,47.7,47.7,24.0,27.3,24.4,22.6
2022-07-07,Colaba_IMD,18.9067,72.8147,41.3,41.3,24.0,26.8,25.1,24.0
2022-07-08,Colaba_IMD,18.9067,72.8147,26.0,26.0,24.0,28.1,25.1,25.3
2022-07-09,Colaba_IMD,18.9067,72.8147,51.6,51.6,24.0,26.5,24.1,25.8
2022-07-10,Colaba_IMD,18.9067,72.8147,45.6,45.6,23.0,26.9,23.8,22.5
2022-07-11,Colaba_IMD,18.9067,72.8147,85.1,85.1,24.0,25.4,24.0,22.7
2022-07-12,Colaba_IMD,18.9067,72.8147,68.5,68.5,24.0,26.4,24.2,22.4
2022-07-13,Colaba_IMD,18.9067,72.8147,76.7,76.7,24.0,25.9,24.5,30.6
2022-07-14,Colaba_IMD,18.9067,72.8147,67.0,67.0,24.0,26.0,24.2,32.6
2022-07-15,Colaba_IMD,18.9067,72.8147,28.6,28.6,24.0,28.0,25.6,38.5
2022-07-16,Colaba_IMD,18.9067,72.8147,30.6,30.6,24.0,27.7,25.5,33.1
2022-07-17,Colaba_IMD,18.9067,72.8147,13.0,13.0,24.0,28.3,25.3,23.5
2022-07-18,Colaba_IMD,18.9067,72.8147,31.8,31.8,24.0,26.1,24.3,19.6
2022-07-19,Colaba_IMD,18.9067,72.8147,22.8,22.8,23.0,26.6,24.4,17.9
2022-07-20,Colaba_IMD,18.9067,72.8147,8.9,8.9,20.0,27.5,24.3,18.2
2022-07-21,Colaba_IMD,18.9067,72.8147,4.5,4.5,21.0,27.9,25.1,18.7
2022-07-22,Colaba_IMD,18.9067,72.8147,5.0,5.0,21.0,28.8,25.0,21.4
2022-07-23,Colaba_IMD,18.9067,72.8147,26.5,26.5,23.0,26.9,24.5,18.3
2022-07-24,Colaba_IMD,18.9067,72.8147,23.1,23.1,24.0,26.5,24.7,19.9
2022-07-25,Colaba_IMD,18.9067,72.8147,9.2,9.2,24.0,28.3,24.8,19.1
2022-07-26,Colaba_IMD,18.9067,72.8147,3.0,3.0,14.0,27.6,25.0,15.0
2022-07-27,Colaba_IMD,18.9067,72.8147,2.0,2.0,17.0,28.3,25.1,10.9
2022-07-28,Colaba_IMD,18.9067,72.8147,0.9,0.9,7.0,28.7,24.3,16.3
2022-07-29,Colaba_IMD,18.9067,72.8147,1.9,1.9,8.0,28.9,25.0,17.6
2022-07-30,Colaba_IMD,18.9067,72.8147,2.0,2.0,10.0,29.1,26.3,16.3
2022-07-31,Colaba_IMD,18.9067,72.8147,1.9,1.9,11.0,29.1,25.4,16.4
2022-08-01,Colaba_IMD,18.9067,72.8147,2.6,2.6,16.0,29.0,25.5,16.6
2022-08-02,Colaba_IMD,18.9067,72.8147,3.5,3.5,14.0,29.1,25.7,17.0
2022-08-03,Colaba_IMD,18.9067,72.8147,7.3,7.3,18.0,28.8,25.6,14.8
2022-08-04,Colaba_IMD,18.9067,72.8147,13.3,13.3,17.0,28.7,25.5,13.3
2022-08-05,Colaba_IMD,18.9067,72.8147,28.6,28.6,24.0,27.4,24.9,16.7
2022-08-06,Colaba_IMD,18.9067,72.8147,15.3,15.3,22.0,27.8,25.0,16.6
2022-08-07,Colaba_IMD,18.9067,72.8147,42.2,42.2,24.0,27.1,24.8,18.4
2022-08-08,Colaba_IMD,18.9067,72.8147,151.3,151.3,24.0,26.7,25.5,34.1
2022-08-09,Colaba_IMD,18.9067,72.8147,60.1,60.1,24.0,26.5,25.6,34.3
2022-08-10,Colaba_IMD,18.9067,72.8147,22.9,22.9,24.0,27.0,25.5,38.0
2022-08-11,Colaba_IMD,18.9067,72.8147,26.9,26.9,24.0,27.6,25.1,37.9
2022-08-12,Colaba_IMD,18.9067,72.8147,19.2,19.2,23.0,28.0,25.4,39.0
2022-08-13,Colaba_IMD,18.9067,72.8147,14.0,14.0,19.0,28.4,24.9,29.4
2022-08-14,Colaba_IMD,18.9067,72.8147,8.2,8.2,17.0,28.4,25.2,29.8
2022-08-15,Colaba_IMD,18.9067,72.8147,37.1,37.1,24.0,26.8,24.7,24.9
2022-08-16,Colaba_IMD,18.9067,72.8147,38.8,38.8,23.0,26.5,24.7,33.2
2022-08-17,Colaba_IMD,18.9067,72.8147,12.9,12.9,24.0,27.6,25.2,29.1
2022-08-18,Colaba_IMD,18.9067,72.8147,9.7,9.7,17.0,28.0,24.8,27.2
2022-08-19,Colaba_IMD,18.9067,72.8147,18.2,18.2,23.0,27.7,24.8,23.9
2022-08-20,Colaba_IMD,18.9067,72.8147,7.6,7.6,21.0,27.9,25.0,22.4
2022-08-21,Colaba_IMD,18.9067,72.8147,5.9,5.9,23.0,27.7,25.3,22.9
2022-08-22,Colaba_IMD,18.9067,72.8147,7.7,7.7,22.0,27.1,25.2,24.6
2022-08-23,Colaba_IMD,18.9067,72.8147,6.4,6.4,18.0,28.2,25.0,25.5
2022-08-24,Colaba_IMD,18.9067,72.8147,12.7,12.7,24.0,27.8,24.7,22.1
2022-08-25,Colaba_IMD,18.9067,72.8147,5.9,5.9,19.0,27.8,24.5,16.9
2022-08-26,Colaba_IMD,18.9067,72.8147,1.7,1.7,12.0,28.1,24.4,15.1
2022-08-27,Colaba_IMD,18.9067,72.8147,1.4,1.4,11.0,28.0,24.4,16.2
2022-08-28,Colaba_IMD,18.9067,72.8147,1.5,1.5,11.0,27.9,24.3,17.3
2022-08-29,Colaba_IMD,18.9067,72.8147,1.4,1.4,7.0,28.6,24.5,17.3
2022-08-30,Colaba_IMD,18.9067,72.8147,0.4,0.4,4.0,29.1,25.3,18.2
2022-08-31,Colaba_IMD,18.9067,72.8147,17.0,17.0,14.0,29.2,24.5,18.6
2022-09-01,Colaba_IMD,18.9067,72.8147,5.7,5.7,12.0,28.8,24.5,15.1
2022-09-02,Colaba_IMD,18.9067,72.8147,4.7,4.7,12.0,30.3,25.1,12.4
2022-09-03,Colaba_IMD,18.9067,72.8147,1.1,1.1,5.0,29.9,24.9,15.3
2022-09-04,Colaba_IMD,18.9067,72.8147,6.1,6.1,17.0,28.3,25.9,14.7
2022-09-05,Colaba_IMD,18.9067,72.8147,3.3,3.3,17.0,28.7,26.3,16.6
2022-09-06,Colaba_IMD,18.9067,72.8147,4.3,4.3,14.0,28.6,24.8,13.8
2022-09-07,Colaba_IMD,18.9067,72.8147,13.9,13.9,17.0,29.5,25.0,15.6
2022-09-08,Colaba_IMD,18.9067,72.8147,25.7,25.7,17.0,28.4,25.3,14.5
2022-09-09,Colaba_IMD,18.9067,72.8147,19.5,19.5,12.0,30.3,24.3,17.4
2022-09-10,Colaba_IMD,18.9067,72.8147,14.6,14.6,12.0,29.5,24.7,10.5
2022-09-11,Colaba_IMD,18.9067,72.8147,15.3,15.3,10.0,28.8,24.6,13.5
2022-09-12,Colaba_IMD,18.9067,72.8147,27.7,27.7,24.0,28.2,24.6,20.5
2022-09-13,Colaba_IMD,18.9067,72.8147,73.3,73.3,24.0,26.7,25.4,25.0
2022-09-14,Colaba_IMD,18.9067,72.8147,44.7,44.7,24.0,27.0,25.3,30.8
2022-09-15,Colaba_IMD,18.9067,72.8147,55.7,55.7,24.0,28.1,24.6,32.1
2022-09-16,Colaba_IMD,18.9067,72.8147,47.7,47.7,24.0,26.7,24.5,26.7
2022-09-17,Colaba_IMD,18.9067,72.8147,36.5,36.5,24.0,27.8,23.7,22.4
2022-09-18,Colaba_IMD,18.9067,72.8147,54.8,54.8,24.0,26.6,24.3,16.8
2022-09-19,Colaba_IMD,18.9067,72.8147,6.4,6.4,18.0,26.9,23.7,15.5
2022-09-20,Colaba_IMD,18.9067,72.8147,4.7,4.7,19.0,26.5,23.6,13.3
2022-09-21,Colaba_IMD,18.9067,72.8147,17.2,17.2,15.0,26.7,23.8,14.2
2022-09-22,Colaba_IMD,18.9067,72.8147,17.0,17.0,20.0,25.8,23.6,14.3
2022-09-23,Colaba_IMD,18.9067,72.8147,1.8,1.8,14.0,27.6,24.1,18.1
2022-09-24,Colaba_IMD,18.9067,72.8147,7.2,7.2,17.0,26.8,24.0,17.5
2022-09-25,Colaba_IMD,18.9067,72.8147,3.6,3.6,14.0,27.8,24.0,12.9
2022-09-26,Colaba_IMD,18.9067,72.8147,4.0,4.0,3.0,27.8,23.0,14.4
2022-09-27,Colaba_IMD,18.9067,72.8147,0.7,0.7,5.0,28.1,23.1,14.1
2022-09-28,Colaba_IMD,18.9067,72.8147,0.9,0.9,8.0,28.2,23.6,16.3
2022-09-29,Colaba_IMD,18.9067,72.8147,10.0,10.0,9.0,28.0,24.1,15.5
2022-09-30,Colaba_IMD,18.9067,72.8147,5.6,5.6,11.0,28.8,24.4,14.8
2022-10-01,Colaba_IMD,18.9067,72.8147,6.1,6.1,15.0,27.8,23.7,15.4
2022-10-02,Colaba_IMD,18.9067,72.8147,0.5,0.5,4.0,28.5,24.1,15.4
2022-10-03,Colaba_IMD,18.9067,72.8147,0.8,0.8,7.0,28.6,24.3,18.2
2022-10-04,Colaba_IMD,18.9067,72.8147,0.1,0.1,1.0,29.3,24.8,21.1
2022-10-05,Colaba_IMD,18.9067,72.8147,3.9,3.9,12.0,29.9,24.0,20.6
2022-10-06,Colaba_IMD,18.9067,72.8147,4.7,4.7,12.0,29.8,24.0,21.4
2022-10-07,Colaba_IMD,18.9067,72.8147,28.4,28.4,19.0,27.9,23.5,18.9
2022-10-08,Colaba_IMD,18.9067,72.8147,30.5,30.5,21.0,27.3,24.8,18.4
2022-10-09,Colaba_IMD,18.9067,72.8147,0.9,0.9,5.0,29.2,24.6,13.0
2022-10-10,Colaba_IMD,18.9067,72.8147,0.0,0.0,0.0,29.4,23.9,11.8
2022-10-11,Colaba_IMD,18.9067,72.8147,6.6,6.6,13.0,29.9,24.6,12.3
2022-10-12,Colaba_IMD,18.9067,72.8147,20.3,20.3,16.0,28.2,24.0,12.1
2022-10-13,Colaba_IMD,18.9067,72.8147,4.9,4.9,8.0,29.8,24.0,10.7
2022-10-14,Colaba_IMD,18.9067,72.8147,19.1,19.1,13.0,30.2,24.4,12.7
2022-10-15,Colaba_IMD,18.9067,72.8147,0.0,0.0,0.0,30.8,24.2,16.3
2022-10-16,Colaba_IMD,18.9067,72.8147,0.8,0.8,1.0,32.0,24.6,16.3
2022-10-17,Colaba_IMD,18.9067,72.8147,2.2,2.2,10.0,29.9,25.1,14.7
2022-10-18,Colaba_IMD,18.9067,72.8147,9.5,9.5,4.0,27.9,24.3,18.7
2022-10-19,Colaba_IMD,18.9067,72.8147,7.5,7.5,12.0,29.0,24.0,9.7
2022-10-20,Colaba_IMD,18.9067,72.8147,1.5,1.5,8.0,29.4,23.8,10.7
2022-10-21,Colaba_IMD,18.9067,72.8147,7.2,7.2,6.0,30.9,24.7,11.4
2022-10-22,Colaba_IMD,18.9067,72.8147,0.8,0.8,4.0,30.7,24.8,16.6
2022-10-23,Colaba_IMD,18.9067,72.8147,0.0,0.0,0.0,32.3,22.6,18.1
2022-10-24,Colaba_IMD,18.9067,72.8147,0.0,0.0,0.0,31.1,20.3,15.3
2022-10-25,Colaba_IMD,18.9067,72.8147,0.0,0.0,0.0,29.8,21.1,13.4
2022-10-26,Colaba_IMD,18.9067,72.8147,0.0,0.0,0.0,30.4,20.6,15.6
2022-10-27,Colaba_IMD,18.9067,72.8147,0.0,0.0,0.0,31.6,21.4,15.2
2022-10-28,Colaba_IMD,18.9067,72.8147,0.0,0.0,0.0,32.2,21.4,12.6
2022-10-29,Colaba_IMD,18.9067,72.8147,0.0,0.0,0.0,32.3,21.5,17.6
2022-10-30,Colaba_IMD,18.9067,72.8147,0.0,0.0,0.0,33.0,22.3,21.6
2022-10-31,Colaba_IMD,18.9067,72.8147,0.0,0.0,0.0,32.4,20.5,16.2
2022-11-01,Colaba_IMD,18.9067,72.8147,0.0,0.0,0.0,32.0,21.7,16.7
2022-11-02,Colaba_IMD,18.9067,72.8147,0.0,0.0,0.0,32.4,21.1,16.6
2022-11-03,Colaba_IMD,18.9067,72.8147,0.0,0.0,0.0,34.0,22.2,15.9
2022-11-04,Colaba_IMD,18.9067,72.8147,0.0,0.0,0.0,33.8,22.5,15.9
2022-11-05,Colaba_IMD,18.9067,72.8147,0.0,0.0,0.0,33.7,22.1,14.1
2022-11-06,Colaba_IMD,18.9067,72.8147,0.0,0.0,0.0,33.2,22.3,16.9
2022-11-07,Colaba_IMD,18.9067,72.8147,0.0,0.0,0.0,32.3,20.1,16.5
2022-11-08,Colaba_IMD,18.9067,72.8147,0.0,0.0,0.0,32.9,21.9,19.6
2022-11-09,Colaba_IMD,18.9067,72.8147,0.0,0.0,0.0,32.2,21.7,20.1
2022-11-10,Colaba_IMD,18.9067,72.8147,0.0,0.0,0.0,33.6,21.8,20.9
2022-11-11,Colaba_IMD,18.9067,72.8147,0.0,0.0,0.0,33.5,22.5,17.6
2022-11-12,Colaba_IMD,18.9067,72.8147,0.0,0.0,0.0,33.9,22.8,23.2
2022-11-13,Colaba_IMD,18.9067,72.8147,0.0,0.0,0.0,33.9,22.9,18.7
2022-11-14,Colaba_IMD,18.9067,72.8147,0.0,0.0,0.0,32.5,22.8,17.0
2022-11-15,Colaba_IMD,18.9067,72.8147,0.0,0.0,0.0,31.7,22.0,15.6
2022-11-16,Colaba_IMD,18.9067,72.8147,0.0,0.0,0.0,32.9,21.9,17.9
2022-11-17,Colaba_IMD,18.9067,72.8147,0.0,0.0,0.0,32.8,21.9,26.5
2022-11-18,Colaba_IMD,18.9067,72.8147,0.0,0.0,0.0,32.3,21.5,23.1
2022-11-19,Colaba_IMD,18.9067,72.8147,0.0,0.0,0.0,32.1,21.5,23.0
2022-11-20,Colaba_IMD,18.9067,72.8147,0.0,0.0,0.0,31.1,20.6,23.4
2022-11-21,Colaba_IMD,18.9067,72.8147,0.0,0.0,0.0,30.1,19.8,20.6
2022-11-22,Colaba_IMD,18.9067,72.8147,0.0,0.0,0.0,30.6,19.6,17.9
2022-11-23,Colaba_IMD,18.9067,72.8147,0.0,0.0,0.0,32.3,21.8,20.0
2022-11-24,Colaba_IMD,18.9067,72.8147,0.0,0.0,0.0,31.2,20.6,17.4
2022-11-25,Colaba_IMD,18.9067,72.8147,0.0,0.0,0.0,32.2,22.0,16.2
2022-11-26,Colaba_IMD,18.9067,72.8147,0.0,0.0,0.0,32.6,23.5,16.1
2022-11-27,Colaba_IMD,18.9067,72.8147,0.0,0.0,0.0,30.9,22.7,15.7
2022-11-28,Colaba_IMD,18.9067,72.8147,0.0,0.0,0.0,30.1,20.7,17.5
2022-11-29,Colaba_IMD,18.9067,72.8147,0.0,0.0,0.0,29.5,19.6,16.8
2022-11-30,Colaba_IMD,18.9067,72.8147,0.0,0.0,0.0,32.0,20.7,15.8
2022-12-01,Colaba_IMD,18.9067,72.8147,0.0,0.0,0.0,32.6,22.4,17.4
2022-12-02,Colaba_IMD,18.9067,72.8147,0.0,0.0,0.0,32.1,19.7,14.8
2022-12-03,Colaba_IMD,18.9067,72.8147,0.0,0.0,0.0,31.2,21.1,20.2
2022-12-04,Colaba_IMD,18.9067,72.8147,0.0,0.0,0.0,32.3,22.6,14.8
2022-12-05,Colaba_IMD,18.9067,72.8147,0.0,0.0,0.0,31.8,23.6,15.6
2022-12-06,Colaba_IMD,18.9067,72.8147,0.0,0.0,0.0,32.3,24.1,19.3
2022-12-07,Colaba_IMD,18.9067,72.8147,0.0,0.0,0.0,32.4,22.7,21.2
2022-12-08,Colaba_IMD,18.9067,72.8147,0.0,0.0,0.0,31.7,22.6,18.6
2022-12-09,Colaba_IMD,18.9067,72.8147,0.0,0.0,0.0,31.6,21.3,19.4
2022-12-10,Colaba_IMD,18.9067,72.8147,0.0,0.0,0.0,32.3,19.1,17.3
2022-12-11,Colaba_IMD,18.9067,72.8147,0.0,0.0,0.0,31.3,19.4,18.7
2022-12-12,Colaba_IMD,18.9067,72.8147,0.6,0.6,4.0,32.6,22.6,15.6
2022-12-13,Colaba_IMD,18.9067,72.8147,0.1,0.1,1.0,32.8,25.4,13.3
2022-12-14,Colaba_IMD,18.9067,72.8147,0.1,0.1,1.0,32.0,26.3,14.3
2022-12-15,Colaba_IMD,18.9067,72.8147,0.0,0.0,0.0,31.6,25.0,15.8
2022-12-16,Colaba_IMD,18.9067,72.8147,0.0,0.0,0.0,33.4,24.1,18.7
2022-12-17,Colaba_IMD,18.9067,72.8147,0.2,0.2,1.0,33.7,24.2,16.1
2022-12-18,Colaba_IMD,18.9067,72.8147,0.0,0.0,0.0,33.8,25.6,23.3
2022-12-19,Colaba_IMD,18.9067,72.8147,0.0,0.0,0.0,32.4,23.7,21.5
2022-12-20,Colaba_IMD,18.9067,72.8147,0.0,0.0,0.0,30.5,23.5,18.0
2022-12-21,Colaba_IMD,18.9067,72.8147,0.0,0.0,0.0,31.7,20.6,16.3
2022-12-22,Colaba_IMD,18.9067,72.8147,0.0,0.0,0.0,30.8,19.8,17.2
2022-12-23,Colaba_IMD,18.9067,72.8147,0.0,0.0,0.0,29.5,20.2,20.9
2022-12-24,Colaba_IMD,18.9067,72.8147,0.0,0.0,0.0,29.1,18.5,19.9
2022-12-25,Colaba_IMD,18.9067,72.8147,0.0,0.0,0.0,27.5,14.4,15.0
2022-12-26,Colaba_IMD,18.9067,72.8147,0.0,0.0,0.0,27.7,15.8,16.9
2022-12-27,Colaba_IMD,18.9067,72.8147,0.0,0.0,0.0,29.5,18.8,17.1
2022-12-28,Colaba_IMD,18.9067,72.8147,0.0,0.0,0.0,30.3,19.5,19.9
2022-12-29,Colaba_IMD,18.9067,72.8147,0.0,0.0,0.0,31.8,19.1,19.6
2022-12-30,Colaba_IMD,18.9067,72.8147,0.0,0.0,0.0,30.5,18.6,20.4
2022-12-31,Colaba_IMD,18.9067,72.8147,0.0,0.0,0.0,28.8,19.7,20.9
2023-01-01,Colaba_IMD,18.9067,72.8147,0.0,0.0,0.0,27.0,16.1,17.2
2023-01-02,Colaba_IMD,18.9067,72.8147,0.0,0.0,0.0,29.1,17.1,18.4
2023-01-03,Colaba_IMD,18.9067,72.8147,0.0,0.0,0.0,28.8,17.4,19.6
2023-01-04,Colaba_IMD,18.9067,72.8147,0.0,0.0,0.0,28.7,17.2,16.1
2023-01-05,Colaba_IMD,18.9067,72.8147,0.0,0.0,0.0,29.2,19.8,18.1
2023-01-06,Colaba_IMD,18.9067,72.8147,0.0,0.0,0.0,32.0,21.2,17.1
2023-01-07,Colaba_IMD,18.9067,72.8147,0.0,0.0,0.0,32.2,23.1,21.6
2023-01-08,Colaba_IMD,18.9067,72.8147,0.0,0.0,0.0,31.7,21.7,22.7
2023-01-09,Colaba_IMD,18.9067,72.8147,0.0,0.0,0.0,31.0,20.2,22.7
2023-01-10,Colaba_IMD,18.9067,72.8147,0.0,0.0,0.0,31.6,19.1,22.4
2023-01-11,Colaba_IMD,18.9067,72.8147,0.0,0.0,0.0,29.8,15.8,16.5
2023-01-12,Colaba_IMD,18.9067,72.8147,0.0,0.0,0.0,27.7,16.7,20.4
2023-01-13,Colaba_IMD,18.9067,72.8147,0.0,0.0,0.0,26.8,20.1,23.7
2023-01-14,Colaba_IMD,18.9067,72.8147,0.0,0.0,0.0,25.5,16.1,19.9
2023-01-15,Colaba_IMD,18.9067,72.8147,0.0,0.0,0.0,25.5,14.6,20.4
2023-01-16,Colaba_IMD,18.9067,72.8147,0.0,0.0,0.0,25.9,14.6,15.6
2023-01-17,Colaba_IMD,18.9067,72.8147,0.0,0.0,0.0,26.5,14.1,16.1
2023-01-18,Colaba_IMD,18.9067,72.8147,0.0,0.0,0.0,29.5,14.9,14.8
2023-01-19,Colaba_IMD,18.9067,72.8147,0.0,0.0,0.0,27.6,14.5,13.5
2023-01-20,Colaba_IMD,18.9067,72.8147,0.0,0.0,0.0,27.1,17.3,17.9
2023-01-21,Colaba_IMD,18.9067,72.8147,0.0,0.0,0.0,27.1,17.2,19.9
2023-01-22,Colaba_IMD,18.9067,72.8147,0.0,0.0,0.0,26.5,18.6,24.3
2023-01-23,Colaba_IMD,18.9067,72.8147,0.0,0.0,0.0,25.6,15.7,24.6
2023-01-24,Colaba_IMD,18.9067,72.8147,0.0,0.0,0.0,25.4,15.9,24.7
2023-01-25,Colaba_IMD,18.9067,72.8147,0.0,0.0,0.0,26.2,17.8,27.2
2023-01-26,Colaba_IMD,18.9067,72.8147,0.0,0.0,0.0,26.8,18.7,21.4
2023-01-27,Colaba_IMD,18.9067,72.8147,0.0,0.0,0.0,33.1,20.5,18.7
2023-01-28,Colaba_IMD,18.9067,72.8147,0.0,0.0,0.0,31.2,18.6,20.3
2023-01-29,Colaba_IMD,18.9067,72.8147,0.4,0.4,3.0,27.1,20.8,16.5
2023-01-30,Colaba_IMD,18.9067,72.8147,0.0,0.0,0.0,27.7,21.0,22.7
2023-01-31,Colaba_IMD,18.9067,72.8147,0.0,0.0,0.0,30.2,21.0,28.8
2023-02-01,Colaba_IMD,18.9067,72.8147,0.0,0.0,0.0,34.1,21.7,26.4
2023-02-02,Colaba_IMD,18.9067,72.8147,0.0,0.0,0.0,34.5,23.1,21.6
2023-02-03,Colaba_IMD,18.9067,72.8147,0.0,0.0,0.0,32.8,20.7,21.0
2023-02-04,Colaba_IMD,18.9067,72.8147,0.0,0.0,0.0,31.1,18.6,20.5
2023-02-05,Colaba_IMD,18.9067,72.8147,0.0,0.0,0.0,31.1,17.2,15.5
2023-02-06,Colaba_IMD,18.9067,72.8147,0.0,0.0,0.0,28.8,17.6,20.2
2023-02-07,Colaba_IMD,18.9067,72.8147,0.0,0.0,0.0,30.2,19.0,24.3
2023-02-08,Colaba_IMD,18.9067,72.8147,0.0,0.0,0.0,30.6,17.4,22.0
2023-02-09,Colaba_IMD,18.9067,72.8147,0.0,0.0,0.0,33.6,19.2,20.9
2023-02-10,Colaba_IMD,18.9067,72.8147,0.0,0.0,0.0,30.9,17.9,20.9
2023-02-11,Colaba_IMD,18.9067,72.8147,0.0,0.0,0.0,31.3,16.9,23.7
2023-02-12,Colaba_IMD,18.9067,72.8147,0.0,0.0,0.0,31.2,17.5,26.4
2023-02-13,Colaba_IMD,18.9067,72.8147,0.0,0.0,0.0,34.9,22.3,25.2
2023-02-14,Colaba_IMD,18.9067,72.8147,0.0,0.0,0.0,34.2,19.8,20.9
2023-02-15,Colaba_IMD,18.9067,72.8147,0.0,0.0,0.0,33.8,17.5,21.2
2023-02-16,Colaba_IMD,18.9067,72.8147,0.0,0.0,0.0,35.2,20.4,29.5
2023-02-17,Colaba_IMD,18.9067,72.8147,0.0,0.0,0.0,34.3,21.0,29.3
2023-02-18,Colaba_IMD,18.9067,72.8147,0.0,0.0,0.0,35.3,18.2,22.4
2023-02-19,Colaba_IMD,18.9067,72.8147,0.0,0.0,0.0,35.3,17.4,19.9
2023-02-20,Colaba_IMD,18.9067,72.8147,0.0,0.0,0.0,30.5,20.4,16.9
2023-02-21,Colaba_IMD,18.9067,72.8147,0.0,0.0,0.0,31.0,18.8,22.3
2023-02-22,Colaba_IMD,18.9067,72.8147,0.0,0.0,0.0,29.5,18.4,23.7
2023-02-23,Colaba_IMD,18.9067,72.8147,0.0,0.0,0.0,31.7,19.3,24.7
2023-02-24,Colaba_IMD,18.9067,72.8147,0.0,0.0,0.0,33.4,20.7,25.8
2023-02-25,Colaba_IMD,18.9067,72.8147,0.0,0.0,0.0,33.0,21.8,25.0
2023-02-26,Colaba_IMD,18.9067,72.8147,0.0,0.0,0.0,33.5,20.8,24.8
2023-02-27,Colaba_IMD,18.9067,72.8147,0.0,0.0,0.0,33.4,20.2,24.4
2023-02-28,Colaba_IMD,18.9067,72.8147,0.0,0.0,0.0,32.7,19.3,21.6
2023-03-01,Colaba_IMD,18.9067,72.8147,0.0,0.0,0.0,32.4,21.1,25.0
2023-03-02,Colaba_IMD,18.9067,72.8147,0.0,0.0,0.0,34.9,21.5,21.5
2023-03-03,Colaba_IMD,18.9067,72.8147,0.0,0.0,0.0,33.3,20.3,20.4
2023-03-04,Colaba_IMD,18.9067,72.8147,0.0,0.0,0.0,33.5,21.0,21.1
2023-03-05,Colaba_IMD,18.9067,72.8147,0.1,0.1,1.0,35.4,21.9,20.3
2023-03-06,Colaba_IMD,18.9067,72.8147,0.1,0.1,1.0,37.2,23.8,17.8
2023-03-07,Colaba_IMD,18.9067,72.8147,0.0,0.0,0.0,36.3,24.6,20.2
2023-03-08,Colaba_IMD,18.9067,72.8147,0.0,0.0,0.0,34.8,23.0,21.9
2023-03-09,Colaba_IMD,18.9067,72.8147,0.0,0.0,0.0,36.2,24.3,27.5
2023-03-10,Colaba_IMD,18.9067,72.8147,0.0,0.0,0.0,34.3,23.8,26.0
2023-03-11,Colaba_IMD,18.9067,72.8147,0.0,0.0,0.0,37.0,21.8,23.1
2023-03-12,Colaba_IMD,18.9067,72.8147,0.0,0.0,0.0,37.2,23.0,20.9
2023-03-13,Colaba_IMD,18.9067,72.8147,0.0,0.0,0.0,35.2,25.8,21.2
2023-03-14,Colaba_IMD,18.9067,72.8147,0.0,0.0,0.0,36.0,22.8,19.1
2023-03-15,Colaba_IMD,18.9067,72.8147,0.0,0.0,0.0,34.0,24.1,20.0
2023-03-16,Colaba_IMD,18.9067,72.8147,10.2,10.2,6.0,34.0,23.0,18.6
2023-03-17,Colaba_IMD,18.9067,72.8147,0.9,0.9,2.0,31.4,21.9,17.1
2023-03-18,Colaba_IMD,18.9067,72.8147,0.0,0.0,0.0,31.6,23.8,20.1
2023-03-19,Colaba_IMD,18.9067,72.8147,0.0,0.0,0.0,29.9,22.2,18.9
2023-03-20,Colaba_IMD,18.9067,72.8147,0.0,0.0,0.0,29.4,24.3,18.0
2023-03-21,Colaba_IMD,18.9067,72.8147,0.8,0.8,1.0,29.5,21.3,15.5
2023-03-22,Colaba_IMD,18.9067,72.8147,0.0,0.0,0.0,30.2,21.9,15.8
2023-03-23,Colaba_IMD,18.9067,72.8147,0.0,0.0,0.0,30.4,22.6,19.5
2023-03-24,Colaba_IMD,18.9067,72.8147,0.0,0.0,0.0,30.3,22.2,23.7
2023-03-25,Colaba_IMD,18.9067,72.8147,0.0,0.0,0.0,29.6,21.9,25.4
2023-03-26,Colaba_IMD,18.9067,72.8147,0.0,0.0,0.0,29.6,20.8,22.5
2023-03-27,Colaba_IMD,18.9067,72.8147,0.0,0.0,0.0,29.8,21.4,20.8
2023-03-28,Colaba_IMD,18.9067,72.8147,0.0,0.0,0.0,30.0,22.3,20.6
2023-03-29,Colaba_IMD,18.9067,72.8147,0.0,0.0,0.0,29.9,21.2,17.3
2023-03-30,Colaba_IMD,18.9067,72.8147,0.0,0.0,0.0,29.5,21.4,15.2
2023-03-31,Colaba_IMD,18.9067,72.8147,0.2,0.2,2.0,29.2,23.4,16.7
2023-04-01,Colaba_IMD,18.9067,72.8147,0.0,0.0,0.0,30.6,23.3,24.3
2023-04-02,Colaba_IMD,18.9067,72.8147,0.0,0.0,0.0,30.0,21.7,23.8
2023-04-03,Colaba_IMD,18.9067,72.8147,0.0,0.0,0.0,30.1,22.6,24.1
2023-04-04,Colaba_IMD,18.9067,72.8147,0.0,0.0,0.0,30.6,23.5,25.6
2023-04-05,Colaba_IMD,18.9067,72.8147,0.0,0.0,0.0,30.9,22.1,23.6
2023-04-06,Colaba_IMD,18.9067,72.8147,0.0,0.0,0.0,32.8,24.1,25.7
2023-04-07,Colaba_IMD,18.9067,72.8147,0.0,0.0,0.0,33.4,25.6,25.7
2023-04-08,Colaba_IMD,18.9067,72.8147,0.0,0.0,0.0,34.8,26.9,20.9
2023-04-09,Colaba_IMD,18.9067,72.8147,0.0,0.0,0.0,35.3,25.8,24.5
2023-04-10,Colaba_IMD,18.9067,72.8147,0.0,0.0,0.0,35.2,26.1,24.3
2023-04-11,Colaba_IMD,18.9067,72.8147,0.0,0.0,0.0,34.4,26.0,24.9
2023-04-12,Colaba_IMD,18.9067,72.8147,0.0,0.0,0.0,34.5,26.5,28.7
2023-04-13,Colaba_IMD,18.9067,72.8147,0.0,0.0,0.0,34.5,27.9,28.1
2023-04-14,Colaba_IMD,18.9067,72.8147,0.0,0.0,0.0,35.2,26.3,26.5
2023-04-15,Colaba_IMD,18.9067,72.8147,0.0,0.0,0.0,35.0,26.0,25.2
2023-04-16,Colaba_IMD,18.9067,72.8147,0.0,0.0,0.0,33.3,24.0,23.6
2023-04-17,Colaba_IMD,18.9067,72.8147,0.0,0.0,0.0,33.7,25.4,24.9
2023-04-18,Colaba_IMD,18.9067,72.8147,0.0,0.0,0.0,36.5,26.6,26.7
2023-04-19,Colaba_IMD,18.9067,72.8147,0.0,0.0,0.0,35.4,27.7,28.7
2023-04-20,Colaba_IMD,18.9067,72.8147,0.0,0.0,0.0,34.0,26.0,25.2
2023-04-21,Colaba_IMD,18.9067,72.8147,0.0,0.0,0.0,32.2,23.9,20.7
2023-04-22,Colaba_IMD,18.9067,72.8147,0.0,0.0,0.0,31.7,22.7,20.0
2023-04-23,Colaba_IMD,18.9067,72.8147,0.0,0.0,0.0,31.7,24.0,20.1
2023-04-24,Colaba_IMD,18.9067,72.8147,0.0,0.0,0.0,32.5,24.3,27.6
2023-04-25,Colaba_IMD,18.9067,72.8147,0.0,0.0,0.0,32.9,24.5,21.5
2023-04-26,Colaba_IMD,18.9067,72.8147,0.0,0.0,0.0,32.5,25.3,22.4
2023-04-27,Colaba_IMD,18.9067,72.8147,0.0,0.0,0.0,32.2,24.5,22.2
2023-04-28,Colaba_IMD,18.9067,72.8147,0.0,0.0,0.0,31.9,25.6,19.0
2023-04-29,Colaba_IMD,18.9067,72.8147,0.2,0.2,2.0,32.0,25.1,20.0
2023-04-30,Colaba_IMD,18.9067,72.8147,0.1,0.1,1.0,31.5,23.9,20.8
2023-05-01,Colaba_IMD,18.9067,72.8147,0.0,0.0,0.0,31.6,24.6,17.0
2023-05-02,Colaba_IMD,18.9067,72.8147,0.2,0.2,2.0,31.7,25.7,17.3
2023-05-03,Colaba_IMD,18.9067,72.8147,0.0,0.0,0.0,32.0,26.6,17.8
2023-05-04,Colaba_IMD,18.9067,72.8147,0.1,0.1,1.0,31.7,24.7,20.5
2023-05-05,Colaba_IMD,18.9067,72.8147,0.0,0.0,0.0,32.0,24.6,21.0
2023-05-06,Colaba_IMD,18.9067,72.8147,0.1,0.1,1.0,31.9,24.9,23.0
2023-05-07,Colaba_IMD,18.9067,72.8147,2.3,2.3,4.0,30.3,26.6,15.3
2023-05-08,Colaba_IMD,18.9067,72.8147,0.5,0.5,2.0,32.4,27.2,20.3
2023-05-09,Colaba_IMD,18.9067,72.8147,0.0,0.0,0.0,33.0,27.3,20.4
2023-05-10,Colaba_IMD,18.9067,72.8147,0.0,0.0,0.0,34.0,27.3,22.1
2023-05-11,Colaba_IMD,18.9067,72.8147,0.0,0.0,0.0,34.6,26.2,18.4
2023-05-12,Colaba_IMD,18.9067,72.8147,0.0,0.0,0.0,34.5,27.2,18.9
2023-05-13,Colaba_IMD,18.9067,72.8147,0.0,0.0,0.0,33.6,27.1,18.1
2023-05-14,Colaba_IMD,18.9067,72.8147,0.0,0.0,0.0,33.4,26.3,16.7
2023-05-15,Colaba_IMD,18.9067,72.8147,1.6,1.6,5.0,33.1,27.6,19.1
2023-05-16,Colaba_IMD,18.9067,72.8147,0.1,0.1,1.0,33.6,26.9,17.0
2023-05-17,Colaba_IMD,18.9067,72.8147,0.2,0.2,2.0,33.3,26.6,24.0
2023-05-18,Colaba_IMD,18.9067,72.8147,0.1,0.1,1.0,33.0,27.1,22.8
2023-05-19,Colaba_IMD,18.9067,72.8147,0.0,0.0,0.0,33.2,27.4,24.7
2023-05-20,Colaba_IMD,18.9067,72.8147,0.5,0.5,3.0,32.6,27.9,18.5
2023-05-21,Colaba_IMD,18.9067,72.8147,0.2,0.2,2.0,32.7,27.8,20.9
2023-05-22,Colaba_IMD,18.9067,72.8147,0.0,0.0,0.0,32.8,27.7,18.9
2023-05-23,Colaba_IMD,18.9067,72.8147,0.0,0.0,0.0,33.1,25.6,24.0
2023-05-24,Colaba_IMD,18.9067,72.8147,0.0,0.0,0.0,33.2,27.7,19.3
2023-05-25,Colaba_IMD,18.9067,72.8147,0.7,0.7,4.0,33.2,28.2,20.3
2023-05-26,Colaba_IMD,18.9067,72.8147,1.1,1.1,7.0,32.9,27.7,21.4
2023-05-27,Colaba_IMD,18.9067,72.8147,0.0,0.0,0.0,33.7,28.3,19.2
2023-05-28,Colaba_IMD,18.9067,72.8147,0.0,0.0,0.0,33.8,28.3,18.9
2023-05-29,Colaba_IMD,18.9067,72.8147,0.0,0.0,0.0,33.6,28.5,25.9
2023-05-30,Colaba_IMD,18.9067,72.8147,0.0,0.0,0.0,33.7,27.0,21.4
2023-05-31,Colaba_IMD,18.9067,72.8147,0.0,0.0,0.0,34.2,28.3,24.4
2023-06-01,Colaba_IMD,18.9067,72.8147,0.0,0.0,0.0,33.5,26.7,21.9
2023-06-02,Colaba_IMD,18.9067,72.8147,0.0,0.0,0.0,33.4,28.1,18.1
2023-06-03,Colaba_IMD,18.9067,72.8147,0.2,0.2,2.0,33.9,29.1,18.9
2023-06-04,Colaba_IMD,18.9067,72.8147,1.3,1.3,8.0,33.2,29.4,18.2
2023-06-05,Colaba_IMD,18.9067,72.8147,0.0,0.0,0.0,33.2,28.6,19.6
2023-06-06,Colaba_IMD,18.9067,72.8147,0.0,0.0,0.0,33.7,28.5,16.6
2023-06-07,Colaba_IMD,18.9067,72.8147,0.0,0.0,0.0,34.0,28.7,17.5
2023-06-08,Colaba_IMD,18.9067,72.8147,0.0,0.0,0.0,34.5,29.4,19.7
2023-06-09,Colaba_IMD,18.9067,72.8147,2.6,2.6,8.0,34.0,28.8,35.2
2023-06-10,Colaba_IMD,18.9067,72.8147,1.8,1.8,5.0,34.2,28.7,32.5
2023-06-11,Colaba_IMD,18.9067,72.8147,2.7,2.7,8.0,33.4,26.5,33.9
2023-06-12,Colaba_IMD,18.9067,72.8147,3.8,3.8,11.0,34.0,26.3,42.5
2023-06-13,Colaba_IMD,18.9067,72.8147,5.2,5.2,15.0,32.8,26.1,35.5
2023-06-14,Colaba_IMD,18.9067,72.8147,2.9,2.9,7.0,30.9,25.3,33.8
2023-06-15,Colaba_IMD,18.9067,72.8147,1.1,1.1,9.0,32.5,27.8,34.1
2023-06-16,Colaba_IMD,18.9067,72.8147,4.1,4.1,16.0,31.5,27.1,36.2
2023-06-17,Colaba_IMD,18.9067,72.8147,8.7,8.7,22.0,31.4,27.3,27.9
2023-06-18,Colaba_IMD,18.9067,72.8147,5.3,5.3,15.0,31.0,26.8,19.9
2023-06-19,Colaba_IMD,18.9067,72.8147,2.8,2.8,12.0,31.4,27.3,19.9
2023-06-20,Colaba_IMD,18.9067,72.8147,3.8,3.8,12.0,30.9,27.4,19.8
2023-06-21,Colaba_IMD,18.9067,72.8147,1.7,1.7,12.0,31.7,27.1,20.3
2023-06-22,Colaba_IMD,18.9067,72.8147,1.3,1.3,10.0,31.8,27.7,18.6
2023-06-23,Colaba_IMD,18.9067,72.8147,3.0,3.0,17.0,30.9,26.5,20.7
2023-06-24,Colaba_IMD,18.9067,72.8147,26.6,26.6,23.0,29.1,25.3,17.1
2023-06-25,Colaba_IMD,18.9067,72.8147,17.3,17.3,23.0,27.7,25.1,19.1
2023-06-26,Colaba_IMD,18.9067,72.8147,26.7,26.7,24.0,27.0,24.8,20.5
2023-06-27,Colaba_IMD,18.9067,72.8147,24.4,24.4,24.0,27.1,24.8,21.9
2023-06-28,Colaba_IMD,18.9067,72.8147,56.7,56.7,24.0,27.6,26.3,26.7
2023-06-29,Colaba_IMD,18.9067,72.8147,58.3,58.3,24.0,27.7,25.8,30.0
2023-06-30,Colaba_IMD,18.9067,72.8147,66.5,66.5,24.0,27.4,26.5,34.9
2023-07-01,Colaba_IMD,18.9067,72.8147,35.6,35.6,24.0,27.5,25.5,27.3
2023-07-02,Colaba_IMD,18.9067,72.8147,52.6,52.6,24.0,27.9,25.9,28.5
2023-07-03,Colaba_IMD,18.9067,72.8147,15.8,15.8,22.0,28.3,26.7,23.9
2023-07-04,Colaba_IMD,18.9067,72.8147,25.1,25.1,24.0,28.0,25.9,23.6
2023-07-05,Colaba_IMD,18.9067,72.8147,30.7,30.7,24.0,27.6,26.0,19.1
2023-07-06,Colaba_IMD,18.9067,72.8147,115.8,115.8,24.0,27.5,26.1,37.0
2023-07-07,Colaba_IMD,18.9067,72.8147,86.8,86.8,24.0,27.5,26.4,34.7
2023-07-08,Colaba_IMD,18.9067,72.8147,25.6,25.6,23.0,28.7,26.0,34.1
2023-07-09,Colaba_IMD,18.9067,72.8147,11.8,11.8,24.0,28.8,26.2,30.7
2023-07-10,Colaba_IMD,18.9067,72.8147,6.0,6.0,22.0,28.6,26.7,28.8
2023-07-11,Colaba_IMD,18.9067,72.8147,10.2,10.2,23.0,28.4,25.6,22.3
2023-07-12,Colaba_IMD,18.9067,72.8147,9.9,9.9,24.0,27.2,25.3,15.5
2023-07-13,Colaba_IMD,18.9067,72.8147,18.6,18.6,23.0,27.2,25.1,25.7
2023-07-14,Colaba_IMD,18.9067,72.8147,39.4,39.4,24.0,27.3,25.5,25.2
2023-07-15,Colaba_IMD,18.9067,72.8147,14.1,14.1,24.0,27.0,25.0,18.5
2023-07-16,Colaba_IMD,18.9067,72.8147,28.2,28.2,24.0,26.9,25.1,22.5
2023-07-17,Colaba_IMD,18.9067,72.8147,41.6,41.6,24.0,27.2,25.6,27.3
2023-07-18,Colaba_IMD,18.9067,72.8147,48.0,48.0,24.0,27.1,26.1,35.3
2023-07-19,Colaba_IMD,18.9067,72.8147,72.8,72.8,24.0,27.0,26.3,30.1
2023-07-20,Colaba_IMD,18.9067,72.8147,19.8,19.8,24.0,27.9,26.2,34.0
2023-07-21,Colaba_IMD,18.9067,72.8147,39.8,39.8,24.0,27.6,25.8,26.9
2023-07-22,Colaba_IMD,18.9067,72.8147,45.7,45.7,24.0,27.2,25.9,28.2
2023-07-23,Colaba_IMD,18.9067,72.8147,61.9,61.9,24.0,27.7,26.4,35.4
2023-07-24,Colaba_IMD,18.9067,72.8147,87.4,87.4,24.0,27.5,26.0,37.1
2023-07-25,Colaba_IMD,18.9067,72.8147,63.0,63.0,24.0,27.1,25.9,27.7
2023-07-26,Colaba_IMD,18.9067,72.8147,81.4,81.4,24.0,27.1,25.9,31.3
2023-07-27,Colaba_IMD,18.9067,72.8147,66.5,66.5,24.0,27.1,26.2,30.2
2023-07-28,Colaba_IMD,18.9067,72.8147,53.2,53.2,24.0,27.2,25.5,28.8
2023-07-29,Colaba_IMD,18.9067,72.8147,16.7,16.7,21.0,27.7,26.3,29.9
2023-07-30,Colaba_IMD,18.9067,72.8147,16.9,16.9,22.0,28.0,26.4,32.8
2023-07-31,Colaba_IMD,18.9067,72.8147,19.5,19.5,24.0,27.8,26.2,28.1
2023-08-01,Colaba_IMD,18.9067,72.8147,11.1,11.1,23.0,27.8,26.3,28.9
2023-08-02,Colaba_IMD,18.9067,72.8147,13.1,13.1,23.0,27.8,25.6,30.1
2023-08-03,Colaba_IMD,18.9067,72.8147,9.7,9.7,23.0,28.1,26.4,31.6
2023-08-04,Colaba_IMD,18.9067,72.8147,9.7,9.7,20.0,28.2,26.9,30.2
2023-08-05,Colaba_IMD,18.9067,72.8147,9.7,9.7,21.0,27.9,26.6,28.6
2023-08-06,Colaba_IMD,18.9067,72.8147,5.5,5.5,17.0,27.9,26.5,28.7
2023-08-07,Colaba_IMD,18.9067,72.8147,1.7,1.7,10.0,28.1,26.6,31.9
2023-08-08,Colaba_IMD,18.9067,72.8147,3.5,3.5,16.0,28.4,26.4,27.9
2023-08-09,Colaba_IMD,18.9067,72.8147,6.5,6.5,18.0,28.3,26.5,23.5
2023-08-10,Colaba_IMD,18.9067,72.8147,7.8,7.8,19.0,27.4,25.4,18.9
2023-08-11,Colaba_IMD,18.9067,72.8147,4.3,4.3,13.0,28.2,26.0,17.9
2023-08-12,Colaba_IMD,18.9067,72.8147,7.6,7.6,21.0,27.1,24.0,21.3
2023-08-13,Colaba_IMD,18.9067,72.8147,6.1,6.1,22.0,27.9,26.3,26.3
2023-08-14,Colaba_IMD,18.9067,72.8147,3.4,3.4,9.0,28.6,26.3,29.9
2023-08-15,Colaba_IMD,18.9067,72.8147,4.6,4.6,18.0,27.9,26.6,23.4
2023-08-16,Colaba_IMD,18.9067,72.8147,4.1,4.1,17.0,28.1,25.6,25.2
2023-08-17,Colaba_IMD,18.9067,72.8147,4.2,4.2,13.0,28.0,26.1,25.0
2023-08-18,Colaba_IMD,18.9067,72.8147,2.0,2.0,10.0,28.0,26.1,22.0
2023-08-19,Colaba_IMD,18.9067,72.8147,9.2,9.2,23.0,28.0,25.8,24.1
2023-08-20,Colaba_IMD,18.9067,72.8147,16.8,16.8,23.0,26.9,24.9,18.3
2023-08-21,Colaba_IMD,18.9067,72.8147,6.4,6.4,18.0,28.1,25.5,19.0
2023-08-22,Colaba_IMD,18.9067,72.8147,6.6,6.6,18.0,27.7,25.8,20.5
2023-08-23,Colaba_IMD,18.9067,72.8147,2.1,2.1,9.0,28.4,26.1,24.4
2023-08-24,Colaba_IMD,18.9067,72.8147,6.7,6.7,23.0,27.1,26.0,26.2
2023-08-25,Colaba_IMD,18.9067,72.8147,10.9,10.9,23.0,27.8,25.7,25.2
2023-08-26,Colaba_IMD,18.9067,72.8147,16.7,16.7,22.0,28.2,25.2,24.8
2023-08-27,Colaba_IMD,18.9067,72.8147,13.9,13.9,22.0,27.4,23.7,19.8
2023-08-28,Colaba_IMD,18.9067,72.8147,7.6,7.6,19.0,26.4,25.2,22.5
2023-08-29,Colaba_IMD,18.9067,72.8147,2.6,2.6,11.0,27.7,25.4,15.5
2023-08-30,Colaba_IMD,18.9067,72.8147,0.4,0.4,4.0,28.1,24.9,16.2
2023-08-31,Colaba_IMD,18.9067,72.8147,0.0,0.0,0.0,28.5,25.1,19.9
2023-09-01,Colaba_IMD,18.9067,72.8147,1.2,1.2,4.0,29.1,24.8,21.9
2023-09-02,Colaba_IMD,18.9067,72.8147,4.6,4.6,6.0,28.2,25.3,15.0
2023-09-03,Colaba_IMD,18.9067,72.8147,4.6,4.6,16.0,28.5,26.0,21.1
2023-09-04,Colaba_IMD,18.9067,72.8147,0.5,0.5,5.0,28.9,24.9,22.9
2023-09-05,Colaba_IMD,18.9067,72.8147,1.1,1.1,7.0,28.4,26.2,21.3
2023-09-06,Colaba_IMD,18.9067,72.8147,2.4,2.4,13.0,28.9,27.3,21.6
2023-09-07,Colaba_IMD,18.9067,72.8147,12.9,12.9,21.0,28.2,25.9,24.5
2023-09-08,Colaba_IMD,18.9067,72.8147,59.5,59.5,24.0,28.4,26.7,26.7
2023-09-09,Colaba_IMD,18.9067,72.8147,28.0,28.0,24.0,28.7,24.8,24.4
2023-09-10,Colaba_IMD,18.9067,72.8147,7.0,7.0,22.0,28.7,25.0,20.9
2023-09-11,Colaba_IMD,18.9067,72.8147,6.0,6.0,20.0,27.5,24.9,18.0
2023-09-12,Colaba_IMD,18.9067,72.8147,2.0,2.0,8.0,28.5,25.6,23.0
2023-09-13,Colaba_IMD,18.9067,72.8147,4.4,4.4,19.0,27.6,25.4,16.6
2023-09-14,Colaba_IMD,18.9067,72.8147,2.9,2.9,11.0,28.0,25.1,16.9
2023-09-15,Colaba_IMD,18.9067,72.8147,2.7,2.7,11.0,29.0,25.2,20.4
2023-09-16,Colaba_IMD,18.9067,72.8147,7.2,7.2,18.0,28.7,25.8,26.1
2023-09-17,Colaba_IMD,18.9067,72.8147,12.1,12.1,19.0,28.9,25.7,29.0
2023-09-18,Colaba_IMD,18.9067,72.8147,24.7,24.7,24.0,27.7,25.2,28.1
2023-09-19,Colaba_IMD,18.9067,72.8147,11.8,11.8,24.0,27.9,25.6,28.5
2023-09-20,Colaba_IMD,18.9067,72.8147,12.4,12.4,24.0,28.2,25.7,27.2
2023-09-21,Colaba_IMD,18.9067,72.8147,15.8,15.8,21.0,27.6,26.1,22.2
2023-09-22,Colaba_IMD,18.9067,72.8147,22.1,22.1,18.0,27.7,25.1,15.1
2023-09-23,Colaba_IMD,18.9067,72.8147,44.7,44.7,24.0,27.4,25.1,20.1
2023-09-24,Colaba_IMD,18.9067,72.8147,17.3,17.3,23.0,27.5,24.8,14.3
2023-09-25,Colaba_IMD,18.9067,72.8147,15.5,15.5,14.0,27.8,25.8,17.9
2023-09-26,Colaba_IMD,18.9067,72.8147,4.9,4.9,6.0,28.5,25.1,17.6
2023-09-27,Colaba_IMD,18.9067,72.8147,16.2,16.2,17.0,28.1,25.0,20.8
2023-09-28,Colaba_IMD,18.9067,72.8147,12.4,12.4,13.0,28.9,25.6,25.5
2023-09-29,Colaba_IMD,18.9067,72.8147,16.2,16.2,10.0,29.9,26.2,25.4
2023-09-30,Colaba_IMD,18.9067,72.8147,26.0,26.0,6.0,30.6,26.6,18.0
2023-10-01,Colaba_IMD,18.9067,72.8147,4.1,4.1,9.0,29.7,25.9,23.1
2023-10-02,Colaba_IMD,18.9067,72.8147,12.0,12.0,10.0,28.8,24.8,15.5
2023-10-03,Colaba_IMD,18.9067,72.8147,0.6,0.6,3.0,28.7,26.3,15.5
2023-10-04,Colaba_IMD,18.9067,72.8147,2.9,2.9,3.0,29.0,25.2,15.8
2023-10-05,Colaba_IMD,18.9067,72.8147,0.0,0.0,0.0,29.1,25.2,20.2
2023-10-06,Colaba_IMD,18.9067,72.8147,0.1,0.1,1.0,29.0,25.1,22.7
2023-10-07,Colaba_IMD,18.9067,72.8147,0.0,0.0,0.0,29.0,25.4,22.9
2023-10-08,Colaba_IMD,18.9067,72.8147,0.0,0.0,0.0,29.9,25.9,20.9
2023-10-09,Colaba_IMD,18.9067,72.8147,0.0,0.0,0.0,30.7,26.4,21.8
2023-10-10,Colaba_IMD,18.9067,72.8147,0.0,0.0,0.0,30.7,26.4,26.8
2023-10-11,Colaba_IMD,18.9067,72.8147,0.0,0.0,0.0,29.9,25.9,25.4
2023-10-12,Colaba_IMD,18.9067,72.8147,0.2,0.2,1.0,30.0,26.4,23.2
2023-10-13,Colaba_IMD,18.9067,72.8147,0.0,0.0,0.0,30.9,26.5,22.6
2023-10-14,Colaba_IMD,18.9067,72.8147,0.0,0.0,0.0,30.3,25.5,18.4
2023-10-15,Colaba_IMD,18.9067,72.8147,0.4,0.4,2.0,31.0,26.2,25.2
2023-10-16,Colaba_IMD,18.9067,72.8147,0.0,0.0,0.0,31.6,26.3,19.3
2023-10-17,Colaba_IMD,18.9067,72.8147,0.0,0.0,0.0,30.3,26.4,16.1
2023-10-18,Colaba_IMD,18.9067,72.8147,0.0,0.0,0.0,31.6,25.6,24.9
2023-10-19,Colaba_IMD,18.9067,72.8147,0.0,0.0,0.0,31.2,26.9,18.5
2023-10-20,Colaba_IMD,18.9067,72.8147,0.0,0.0,0.0,33.1,26.5,16.4
2023-10-21,Colaba_IMD,18.9067,72.8147,0.3,0.3,2.0,34.5,27.0,14.2
2023-10-22,Colaba_IMD,18.9067,72.8147,0.0,0.0,0.0,31.0,27.0,17.3
2023-10-23,Colaba_IMD,18.9067,72.8147,0.0,0.0,0.0,31.9,25.3,24.5
2023-10-24,Colaba_IMD,18.9067,72.8147,0.0,0.0,0.0,32.0,26.1,22.9
2023-10-25,Colaba_IMD,18.9067,72.8147,0.0,0.0,0.0,31.8,25.9,25.3
2023-10-26,Colaba_IMD,18.9067,72.8147,0.0,0.0,0.0,32.1,26.0,32.0
2023-10-27,Colaba_IMD,18.9067,72.8147,0.0,0.0,0.0,32.8,24.5,23.7
2023-10-28,Colaba_IMD,18.9067,72.8147,0.0,0.0,0.0,32.1,24.1,25.0
2023-10-29,Colaba_IMD,18.9067,72.8147,0.0,0.0,0.0,32.1,24.2,28.1
2023-10-30,Colaba_IMD,18.9067,72.8147,0.0,0.0,0.0,32.1,24.5,25.7
2023-10-31,Colaba_IMD,18.9067,72.8147,0.0,0.0,0.0,32.3,24.0,23.8
2023-11-01,Colaba_IMD,18.9067,72.8147,0.0,0.0,0.0,32.1,23.9,24.0
2023-11-02,Colaba_IMD,18.9067,72.8147,0.0,0.0,0.0,31.7,24.2,27.0
2023-11-03,Colaba_IMD,18.9067,72.8147,0.0,0.0,0.0,32.7,24.6,30.6
2023-11-04,Colaba_IMD,18.9067,72.8147,0.0,0.0,0.0,32.9,26.1,23.9
2023-11-05,Colaba_IMD,18.9067,72.8147,0.0,0.0,0.0,32.3,26.1,22.5
2023-11-06,Colaba_IMD,18.9067,72.8147,0.0,0.0,0.0,33.0,26.1,24.6
2023-11-07,Colaba_IMD,18.9067,72.8147,0.0,0.0,0.0,31.0,24.4,26.1
2023-11-08,Colaba_IMD,18.9067,72.8147,0.0,0.0,0.0,30.2,26.5,23.8
2023-11-09,Colaba_IMD,18.9067,72.8147,0.0,0.0,0.0,30.9,25.5,19.1
2023-11-10,Colaba_IMD,18.9067,72.8147,2.8,2.8,5.0,30.3,25.5,23.7
2023-11-11,Colaba_IMD,18.9067,72.8147,0.0,0.0,0.0,31.5,25.1,24.5
2023-11-12,Colaba_IMD,18.9067,72.8147,0.0,0.0,0.0,32.7,25.5,19.6
2023-11-13,Colaba_IMD,18.9067,72.8147,0.0,0.0,0.0,31.8,25.5,20.7
2023-11-14,Colaba_IMD,18.9067,72.8147,0.0,0.0,0.0,31.8,24.5,21.3
2023-11-15,Colaba_IMD,18.9067,72.8147,0.0,0.0,0.0,33.2,24.1,24.0
2023-11-16,Colaba_IMD,18.9067,72.8147,0.0,0.0,0.0,31.2,23.5,21.4
2023-11-17,Colaba_IMD,18.9067,72.8147,0.0,0.0,0.0,31.5,24.1,24.9
2023-11-18,Colaba_IMD,18.9067,72.8147,0.0,0.0,0.0,30.9,22.7,19.5
2023-11-19,Colaba_IMD,18.9067,72.8147,0.0,0.0,0.0,30.2,23.8,25.1
2023-11-20,Colaba_IMD,18.9067,72.8147,0.0,0.0,0.0,31.8,25.2,20.6
2023-11-21,Colaba_IMD,18.9067,72.8147,0.0,0.0,0.0,31.0,25.5,30.0
2023-11-22,Colaba_IMD,18.9067,72.8147,0.0,0.0,0.0,31.3,24.4,28.8
2023-11-23,Colaba_IMD,18.9067,72.8147,0.0,0.0,0.0,30.1,23.3,24.8
2023-11-24,Colaba_IMD,18.9067,72.8147,0.0,0.0,0.0,31.2,24.2,20.3
2023-11-25,Colaba_IMD,18.9067,72.8147,0.5,0.5,4.0,30.8,24.8,19.2
2023-11-26,Colaba_IMD,18.9067,72.8147,2.7,2.7,3.0,29.9,24.6,22.3
2023-11-27,Colaba_IMD,18.9067,72.8147,1.6,1.6,4.0,28.2,24.0,18.4
2023-11-28,Colaba_IMD,18.9067,72.8147,0.0,0.0,0.0,27.5,24.6,20.4
2023-11-29,Colaba_IMD,18.9067,72.8147,0.0,0.0,0.0,26.8,22.7,21.6
2023-11-30,Colaba_IMD,18.9067,72.8147,0.0,0.0,0.0,27.4,22.5,23.7
2023-12-01,Colaba_IMD,18.9067,72.8147,0.0,0.0,0.0,27.9,22.8,20.9
2023-12-02,Colaba_IMD,18.9067,72.8147,0.0,0.0,0.0,28.7,22.1,20.5
2023-12-03,Colaba_IMD,18.9067,72.8147,0.0,0.0,0.0,31.5,24.8,22.9
2023-12-04,Colaba_IMD,18.9067,72.8147,0.0,0.0,0.0,29.6,25.0,23.9
2023-12-05,Colaba_IMD,18.9067,72.8147,0.0,0.0,0.0,29.8,25.1,28.2
2023-12-06,Colaba_IMD,18.9067,72.8147,0.0,0.0,0.0,29.8,24.9,27.8
2023-12-07,Colaba_IMD,18.9067,72.8147,0.0,0.0,0.0,29.4,23.5,24.1
2023-12-08,Colaba_IMD,18.9067,72.8147,0.0,0.0,0.0,29.5,22.8,23.1
2023-12-09,Colaba_IMD,18.9067,72.8147,0.0,0.0,0.0,29.6,22.8,26.4
2023-12-10,Colaba_IMD,18.9067,72.8147,0.0,0.0,0.0,30.0,23.0,20.9
2023-12-11,Colaba_IMD,18.9067,72.8147,0.0,0.0,0.0,29.9,23.4,24.3
2023-12-12,Colaba_IMD,18.9067,72.8147,0.0,0.0,0.0,29.0,23.4,24.8
2023-12-13,Colaba_IMD,18.9067,72.8147,0.0,0.0,0.0,28.0,22.4,23.2
2023-12-14,Colaba_IMD,18.9067,72.8147,0.0,0.0,0.0,31.0,22.3,15.5
2023-12-15,Colaba_IMD,18.9067,72.8147,0.0,0.0,0.0,29.9,22.4,19.4
2023-12-16,Colaba_IMD,18.9067,72.8147,0.0,0.0,0.0,30.2,20.8,29.6
2023-12-17,Colaba_IMD,18.9067,72.8147,0.0,0.0,0.0,29.9,21.4,23.0
2023-12-18,Colaba_IMD,18.9067,72.8147,0.0,0.0,0.0,30.8,24.3,23.8
2023-12-19,Colaba_IMD,18.9067,72.8147,0.0,0.0,0.0,30.7,25.1,23.6
2023-12-20,Colaba_IMD,18.9067,72.8147,0.0,0.0,0.0,31.8,23.7,22.7
2023-12-21,Colaba_IMD,18.9067,72.8147,0.0,0.0,0.0,31.1,23.6,23.3
2023-12-22,Colaba_IMD,18.9067,72.8147,0.0,0.0,0.0,28.4,22.6,18.3
2023-12-23,Colaba_IMD,18.9067,72.8147,0.0,0.0,0.0,29.0,21.5,25.2
2023-12-24,Colaba_IMD,18.9067,72.8147,0.0,0.0,0.0,29.1,22.6,21.7
2023-12-25,Colaba_IMD,18.9067,72.8147,0.0,0.0,0.0,29.0,24.0,22.9
2023-12-26,Colaba_IMD,18.9067,72.8147,0.0,0.0,0.0,30.2,20.8,19.3
2023-12-27,Colaba_IMD,18.9067,72.8147,0.0,0.0,0.0,30.4,22.2,24.5
2023-12-28,Colaba_IMD,18.9067,72.8147,0.0,0.0,0.0,28.9,22.6,20.8
2023-12-29,Colaba_IMD,18.9067,72.8147,0.0,0.0,0.0,28.8,22.1,20.0
2023-12-30,Colaba_IMD,18.9067,72.8147,0.0,0.0,0.0,28.5,21.7,19.1
2023-12-31,Colaba_IMD,18.9067,72.8147,0.0,0.0,0.0,28.8,22.9,22.9
2024-01-01,Colaba_IMD,18.9067,72.8147,0.0,0.0,0.0,28.6,22.3,23.9
2024-01-02,Colaba_IMD,18.9067,72.8147,0.0,0.0,0.0,27.4,22.1,24.8
2024-01-03,Colaba_IMD,18.9067,72.8147,0.0,0.0,0.0,26.9,22.0,25.1
2024-01-04,Colaba_IMD,18.9067,72.8147,0.0,0.0,0.0,26.2,21.7,24.8
2024-01-05,Colaba_IMD,18.9067,72.8147,0.0,0.0,0.0,26.3,19.6,24.0
2024-01-06,Colaba_IMD,18.9067,72.8147,0.0,0.0,0.0,27.7,21.0,25.0
2024-01-07,Colaba_IMD,18.9067,72.8147,0.0,0.0,0.0,30.4,22.3,23.3
2024-01-08,Colaba_IMD,18.9067,72.8147,0.0,0.0,0.0,31.0,23.0,21.2
2024-01-09,Colaba_IMD,18.9067,72.8147,0.0,0.0,0.0,27.4,24.1,18.2
2024-01-10,Colaba_IMD,18.9067,72.8147,4.7,4.7,4.0,28.1,22.7,17.7
2024-01-11,Colaba_IMD,18.9067,72.8147,0.0,0.0,0.0,28.8,23.9,20.8
2024-01-12,Colaba_IMD,18.9067,72.8147,0.0,0.0,0.0,31.1,24.0,23.1
2024-01-13,Colaba_IMD,18.9067,72.8147,0.0,0.0,0.0,28.9,22.3,23.1
2024-01-14,Colaba_IMD,18.9067,72.8147,0.0,0.0,0.0,28.9,23.6,25.3
2024-01-15,Colaba_IMD,18.9067,72.8147,0.0,0.0,0.0,28.0,22.3,27.3
2024-01-16,Colaba_IMD,18.9067,72.8147,0.0,0.0,0.0,25.7,20.1,22.1
2024-01-17,Colaba_IMD,18.9067,72.8147,0.0,0.0,0.0,25.2,18.6,19.0
2024-01-18,Colaba_IMD,18.9067,72.8147,0.0,0.0,0.0,25.3,19.5,22.4
2024-01-19,Colaba_IMD,18.9067,72.8147,0.0,0.0,0.0,25.4,19.3,19.2
2024-01-20,Colaba_IMD,18.9067,72.8147,0.0,0.0,0.0,25.8,20.8,26.3
2024-01-21,Colaba_IMD,18.9067,72.8147,0.0,0.0,0.0,26.3,19.3,23.3
2024-01-22,Colaba_IMD,18.9067,72.8147,0.0,0.0,0.0,26.4,18.6,24.0
2024-01-23,Colaba_IMD,18.9067,72.8147,0.0,0.0,0.0,27.2,20.3,32.9
2024-01-24,Colaba_IMD,18.9067,72.8147,0.0,0.0,0.0,27.7,19.2,28.8
2024-01-25,Colaba_IMD,18.9067,72.8147,0.0,0.0,0.0,26.8,19.2,21.2
2024-01-26,Colaba_IMD,18.9067,72.8147,0.0,0.0,0.0,27.2,19.3,20.3
2024-01-27,Colaba_IMD,18.9067,72.8147,0.0,0.0,0.0,28.7,21.0,22.7
2024-01-28,Colaba_IMD,18.9067,72.8147,0.0,0.0,0.0,28.1,21.5,24.7
2024-01-29,Colaba_IMD,18.9067,72.8147,0.0,0.0,0.0,27.7,21.8,26.2
2024-01-30,Colaba_IMD,18.9067,72.8147,0.0,0.0,0.0,27.2,21.7,25.6
2024-01-31,Colaba_IMD,18.9067,72.8147,0.0,0.0,0.0,25.5,21.2,23.7
2024-02-01,Colaba_IMD,18.9067,72.8147,0.0,0.0,0.0,25.0,21.0,26.7
2024-02-02,Colaba_IMD,18.9067,72.8147,0.0,0.0,0.0,26.5,20.3,28.6
2024-02-03,Colaba_IMD,18.9067,72.8147,0.0,0.0,0.0,32.6,21.1,24.9
2024-02-04,Colaba_IMD,18.9067,72.8147,0.0,0.0,0.0,27.7,21.4,18.7
2024-02-05,Colaba_IMD,18.9067,72.8147,0.0,0.0,0.0,27.4,23.6,23.7
2024-02-06,Colaba_IMD,18.9067,72.8147,0.0,0.0,0.0,27.6,22.9,24.9
2024-02-07,Colaba_IMD,18.9067,72.8147,0.0,0.0,0.0,27.5,22.7,28.9
2024-02-08,Colaba_IMD,18.9067,72.8147,0.0,0.0,0.0,27.9,22.2,28.8
2024-02-09,Colaba_IMD,18.9067,72.8147,0.0,0.0,0.0,26.8,21.4,29.0
2024-02-10,Colaba_IMD,18.9067,72.8147,0.0,0.0,0.0,27.0,22.0,31.3
2024-02-11,Colaba_IMD,18.9067,72.8147,0.0,0.0,0.0,26.7,20.6,28.6
2024-02-12,Colaba_IMD,18.9067,72.8147,0.0,0.0,0.0,26.9,21.3,19.9
2024-02-13,Colaba_IMD,18.9067,72.8147,0.0,0.0,0.0,27.3,21.2,26.0
2024-02-14,Colaba_IMD,18.9067,72.8147,0.0,0.0,0.0,27.9,22.0,29.0
2024-02-15,Colaba_IMD,18.9067,72.8147,0.0,0.0,0.0,27.4,21.5,27.0
2024-02-16,Colaba_IMD,18.9067,72.8147,0.0,0.0,0.0,27.5,23.0,18.7
2024-02-17,Colaba_IMD,18.9067,72.8147,0.0,0.0,0.0,28.0,22.4,18.1
2024-02-18,Colaba_IMD,18.9067,72.8147,0.0,0.0,0.0,29.3,22.8,26.4
2024-02-19,Colaba_IMD,18.9067,72.8147,0.0,0.0,0.0,27.6,22.5,25.5
2024-02-20,Colaba_IMD,18.9067,72.8147,0.0,0.0,0.0,27.9,22.7,30.6
2024-02-21,Colaba_IMD,18.9067,72.8147,0.0,0.0,0.0,25.9,22.7,22.9
2024-02-22,Colaba_IMD,18.9067,72.8147,0.1,0.1,1.0,25.9,22.2,26.4
2024-02-23,Colaba_IMD,18.9067,72.8147,0.0,0.0,0.0,27.1,20.8,32.8
2024-02-24,Colaba_IMD,18.9067,72.8147,0.0,0.0,0.0,28.6,20.8,33.8
2024-02-25,Colaba_IMD,18.9067,72.8147,0.0,0.0,0.0,28.3,19.4,23.8
2024-02-26,Colaba_IMD,18.9067,72.8147,0.0,0.0,0.0,30.2,21.1,20.3
2024-02-27,Colaba_IMD,18.9067,72.8147,0.0,0.0,0.0,28.1,23.6,27.7
2024-02-28,Colaba_IMD,18.9067,72.8147,0.0,0.0,0.0,28.8,23.9,26.0
2024-02-29,Colaba_IMD,18.9067,72.8147,0.0,0.0,0.0,28.1,24.7,24.8
2024-03-01,Colaba_IMD,18.9067,72.8147,0.0,0.0,0.0,28.9,25.3,24.3
2024-03-02,Colaba_IMD,18.9067,72.8147,0.0,0.0,0.0,26.7,24.5,23.0
2024-03-03,Colaba_IMD,18.9067,72.8147,0.7,0.7,5.0,25.8,22.3,26.7
2024-03-04,Colaba_IMD,18.9067,72.8147,0.0,0.0,0.0,25.7,20.2,27.9
2024-03-05,Colaba_IMD,18.9067,72.8147,0.0,0.0,0.0,26.4,19.9,29.3
2024-03-06,Colaba_IMD,18.9067,72.8147,0.0,0.0,0.0,26.8,21.2,29.0
2024-03-07,Colaba_IMD,18.9067,72.8147,0.0,0.0,0.0,27.6,22.3,30.0
2024-03-08,Colaba_IMD,18.9067,72.8147,0.0,0.0,0.0,28.9,23.6,35.6
2024-03-09,Colaba_IMD,18.9067,72.8147,0.0,0.0,0.0,28.7,24.3,29.3
2024-03-10,Colaba_IMD,18.9067,72.8147,0.0,0.0,0.0,27.9,22.7,26.6
2024-03-11,Colaba_IMD,18.9067,72.8147,0.0,0.0,0.0,28.9,22.9,29.8
2024-03-12,Colaba_IMD,18.9067,72.8147,0.0,0.0,0.0,28.6,24.1,27.8
2024-03-13,Colaba_IMD,18.9067,72.8147,0.0,0.0,0.0,27.4,23.6,32.1
2024-03-14,Colaba_IMD,18.9067,72.8147,0.0,0.0,0.0,27.1,21.9,32.5
2024-03-15,Colaba_IMD,18.9067,72.8147,0.0,0.0,0.0,25.8,21.3,22.1
2024-03-16,Colaba_IMD,18.9067,72.8147,0.0,0.0,0.0,26.3,21.1,25.0
2024-03-17,Colaba_IMD,18.9067,72.8147,0.0,0.0,0.0,26.8,22.4,23.1
2024-03-18,Colaba_IMD,18.9067,72.8147,0.1,0.1,1.0,26.9,22.9,21.6
2024-03-19,Colaba_IMD,18.9067,72.8147,0.0,0.0,0.0,28.0,23.1,25.8
2024-03-20,Colaba_IMD,18.9067,72.8147,0.0,0.0,0.0,31.3,23.9,33.4
2024-03-21,Colaba_IMD,18.9067,72.8147,0.0,0.0,0.0,30.9,23.9,23.6
2024-03-22,Colaba_IMD,18.9067,72.8147,0.0,0.0,0.0,28.7,25.1,24.5
2024-03-23,Colaba_IMD,18.9067,72.8147,0.0,0.0,0.0,28.1,23.5,25.0
2024-03-24,Colaba_IMD,18.9067,72.8147,0.0,0.0,0.0,27.5,24.0,25.8
2024-03-25,Colaba_IMD,18.9067,72.8147,0.0,0.0,0.0,28.0,24.5,28.2
2024-03-26,Colaba_IMD,18.9067,72.8147,0.0,0.0,0.0,28.3,24.0,29.5
2024-03-27,Colaba_IMD,18.9067,72.8147,0.0,0.0,0.0,27.8,25.6,26.8
2024-03-28,Colaba_IMD,18.9067,72.8147,0.0,0.0,0.0,28.2,25.2,23.7
2024-03-29,Colaba_IMD,18.9067,72.8147,0.0,0.0,0.0,29.4,25.5,23.8
2024-03-30,Colaba_IMD,18.9067,72.8147,0.0,0.0,0.0,29.2,25.9,30.4
2024-03-31,Colaba_IMD,18.9067,72.8147,0.0,0.0,0.0,29.5,26.3,33.0
2024-04-01,Colaba_IMD,18.9067,72.8147,0.0,0.0,0.0,29.3,25.5,26.3
2024-04-02,Colaba_IMD,18.9067,72.8147,0.0,0.0,0.0,28.4,24.6,23.8
2024-04-03,Colaba_IMD,18.9067,72.8147,0.0,0.0,0.0,28.5,24.7,25.2
2024-04-04,Colaba_IMD,18.9067,72.8147,0.0,0.0,0.0,28.7,24.7,28.4
2024-04-05,Colaba_IMD,18.9067,72.8147,0.0,0.0,0.0,30.7,25.0,30.0
2024-04-06,Colaba_IMD,18.9067,72.8147,0.0,0.0,0.0,31.5,26.3,37.2
2024-04-07,Colaba_IMD,18.9067,72.8147,0.0,0.0,0.0,30.5,26.8,32.4
2024-04-08,Colaba_IMD,18.9067,72.8147,0.0,0.0,0.0,28.8,24.1,26.1
2024-04-09,Colaba_IMD,18.9067,72.8147,0.0,0.0,0.0,28.7,24.8,25.3
2024-04-10,Colaba_IMD,18.9067,72.8147,0.0,0.0,0.0,28.7,24.5,26.2
2024-04-11,Colaba_IMD,18.9067,72.8147,0.0,0.0,0.0,28.7,25.1,25.2
2024-04-12,Colaba_IMD,18.9067,72.8147,0.0,0.0,0.0,28.6,24.9,21.7
2024-04-13,Colaba_IMD,18.9067,72.8147,0.0,0.0,0.0,27.6,25.0,23.7
2024-04-14,Colaba_IMD,18.9067,72.8147,0.0,0.0,0.0,28.3,24.0,28.1
2024-04-15,Colaba_IMD,18.9067,72.8147,0.0,0.0,0.0,30.8,26.3,25.4
2024-04-16,Colaba_IMD,18.9067,72.8147,0.0,0.0,0.0,33.1,28.2,29.5
2024-04-17,Colaba_IMD,18.9067,72.8147,0.0,0.0,0.0,32.3,28.1,27.5
2024-04-18,Colaba_IMD,18.9067,72.8147,0.0,0.0,0.0,30.2,27.8,25.2
2024-04-19,Colaba_IMD,18.9067,72.8147,0.0,0.0,0.0,30.8,27.8,32.1
2024-04-20,Colaba_IMD,18.9067,72.8147,0.0,0.0,0.0,30.8,28.4,33.0
2024-04-21,Colaba_IMD,18.9067,72.8147,0.0,0.0,0.0,30.3,27.1,33.9
2024-04-22,Colaba_IMD,18.9067,72.8147,0.0,0.0,0.0,30.2,27.0,32.9
2024-04-23,Colaba_IMD,18.9067,72.8147,0.0,0.0,0.0,29.7,26.2,31.1
2024-04-24,Colaba_IMD,18.9067,72.8147,0.0,0.0,0.0,29.6,26.8,29.9
2024-04-25,Colaba_IMD,18.9067,72.8147,0.0,0.0,0.0,29.9,27.7,31.4
2024-04-26,Colaba_IMD,18.9067,72.8147,0.0,0.0,0.0,30.9,27.7,27.2
2024-04-27,Colaba_IMD,18.9067,72.8147,0.0,0.0,0.0,31.1,27.5,31.5
2024-04-28,Colaba_IMD,18.9067,72.8147,0.0,0.0,0.0,32.8,28.0,36.1
2024-04-29,Colaba_IMD,18.9067,72.8147,0.0,0.0,0.0,32.1,28.6,32.9
2024-04-30,Colaba_IMD,18.9067,72.8147,0.0,0.0,0.0,31.5,28.2,34.1
2024-05-01,Colaba_IMD,18.9067,72.8147,0.0,0.0,0.0,30.1,27.9,26.4
2024-05-02,Colaba_IMD,18.9067,72.8147,0.0,0.0,0.0,29.4,25.5,24.5
2024-05-03,Colaba_IMD,18.9067,72.8147,0.0,0.0,0.0,29.1,25.3,26.6
2024-05-04,Colaba_IMD,18.9067,72.8147,0.0,0.0,0.0,29.4,25.3,24.7
2024-05-05,Colaba_IMD,18.9067,72.8147,0.0,0.0,0.0,30.3,26.1,28.7
2024-05-06,Colaba_IMD,18.9067,72.8147,0.2,0.2,2.0,29.5,27.3,27.4
2024-05-07,Colaba_IMD,18.9067,72.8147,0.0,0.0,0.0,29.9,27.7,25.1
2024-05-08,Colaba_IMD,18.9067,72.8147,0.0,0.0,0.0,29.8,27.6,28.1
2024-05-09,Colaba_IMD,18.9067,72.8147,0.0,0.0,0.0,29.7,27.4,25.0
2024-05-10,Colaba_IMD,18.9067,72.8147,0.0,0.0,0.0,29.9,28.1,25.8
2024-05-11,Colaba_IMD,18.9067,72.8147,0.0,0.0,0.0,29.8,27.6,30.7
2024-05-12,Colaba_IMD,18.9067,72.8147,0.0,0.0,0.0,30.2,28.2,31.3
2024-05-13,Colaba_IMD,18.9067,72.8147,0.0,0.0,0.0,31.0,28.6,31.3
2024-05-14,Colaba_IMD,18.9067,72.8147,0.0,0.0,0.0,32.0,28.7,32.2
2024-05-15,Colaba_IMD,18.9067,72.8147,0.0,0.0,0.0,31.6,28.4,25.0
2024-05-16,Colaba_IMD,18.9067,72.8147,0.3,0.3,3.0,32.7,28.3,24.2
2024-05-17,Colaba_IMD,18.9067,72.8147,0.0,0.0,0.0,31.9,27.9,23.9
2024-05-18,Colaba_IMD,18.9067,72.8147,0.0,0.0,0.0,30.9,29.1,24.8
2024-05-19,Colaba_IMD,18.9067,72.8147,1.4,1.4,2.0,31.2,27.7,25.1
2024-05-20,Colaba_IMD,18.9067,72.8147,0.0,0.0,0.0,31.3,29.5,26.1
2024-05-21,Colaba_IMD,18.9067,72.8147,0.0,0.0,0.0,31.5,29.0,27.7
2024-05-22,Colaba_IMD,18.9067,72.8147,0.2,0.2,2.0,31.3,29.1,25.1
2024-05-23,Colaba_IMD,18.9067,72.8147,0.0,0.0,0.0,31.0,29.6,29.0
2024-05-24,Colaba_IMD,18.9067,72.8147,0.1,0.1,1.0,30.9,28.8,23.8
2024-05-25,Colaba_IMD,18.9067,72.8147,0.3,0.3,1.0,30.9,29.2,22.0
2024-05-26,Colaba_IMD,18.9067,72.8147,0.0,0.0,0.0,31.3,29.6,23.8
2024-05-27,Colaba_IMD,18.9067,72.8147,0.0,0.0,0.0,31.1,29.9,25.3
2024-05-28,Colaba_IMD,18.9067,72.8147,0.0,0.0,0.0,31.3,29.5,26.5
2024-05-29,Colaba_IMD,18.9067,72.8147,0.0,0.0,0.0,31.5,29.8,26.8
2024-05-30,Colaba_IMD,18.9067,72.8147,0.4,0.4,4.0,31.9,28.9,21.3
2024-05-31,Colaba_IMD,18.9067,72.8147,1.9,1.9,12.0,30.9,28.3,23.4
2024-06-01,Colaba_IMD,18.9067,72.8147,0.7,0.7,7.0,31.3,28.7,21.0
2024-06-02,Colaba_IMD,18.9067,72.8147,0.3,0.3,2.0,31.4,29.3,21.3
2024-06-03,Colaba_IMD,18.9067,72.8147,1.7,1.7,2.0,31.5,29.6,19.4
2024-06-04,Colaba_IMD,18.9067,72.8147,7.9,7.9,5.0,30.6,27.5,20.0
2024-06-05,Colaba_IMD,18.9067,72.8147,3.7,3.7,4.0,30.8,26.5,23.3
2024-06-06,Colaba_IMD,18.9067,72.8147,3.9,3.9,6.0,30.5,25.9,19.2
2024-06-07,Colaba_IMD,18.9067,72.8147,9.5,9.5,9.0,31.0,27.4,21.3
2024-06-08,Colaba_IMD,18.9067,72.8147,5.7,5.7,7.0,30.7,26.4,29.3
2024-06-09,Colaba_IMD,18.9067,72.8147,17.4,17.4,19.0,30.0,25.6,17.1
2024-06-10,Colaba_IMD,18.9067,72.8147,31.9,31.9,22.0,29.3,26.0,17.8
2024-06-11,Colaba_IMD,18.9067,72.8147,24.2,24.2,17.0,29.2,26.2,18.4
2024-06-12,Colaba_IMD,18.9067,72.8147,8.0,8.0,13.0,29.4,26.0,21.9
2024-06-13,Colaba_IMD,18.9067,72.8147,21.0,21.0,20.0,28.7,26.4,20.5
2024-06-14,Colaba_IMD,18.9067,72.8147,13.5,13.5,23.0,28.5,25.7,24.3
2024-06-15,Colaba_IMD,18.9067,72.8147,6.9,6.9,20.0,28.9,26.4,25.1
2024-06-16,Colaba_IMD,18.9067,72.8147,0.8,0.8,8.0,29.9,26.4,16.3
2024-06-17,Colaba_IMD,18.9067,72.8147,7.7,7.7,13.0,30.0,26.9,22.8
2024-06-18,Colaba_IMD,18.9067,72.8147,31.7,31.7,23.0,29.1,26.6,29.3
2024-06-19,Colaba_IMD,18.9067,72.8147,15.4,15.4,21.0,30.0,26.1,26.1
2024-06-20,Colaba_IMD,18.9067,72.8147,78.6,78.6,22.0,28.5,26.2,25.8
2024-06-21,Colaba_IMD,18.9067,72.8147,12.3,12.3,20.0,29.9,26.4,24.3
2024-06-22,Colaba_IMD,18.9067,72.8147,7.5,7.5,12.0,29.4,25.2,23.4
2024-06-23,Colaba_IMD,18.9067,72.8147,4.4,4.4,14.0,29.0,26.1,25.2
2024-06-24,Colaba_IMD,18.9067,72.8147,11.8,11.8,20.0,29.2,26.6,20.2
2024-06-25,Colaba_IMD,18.9067,72.8147,9.6,9.6,17.0,30.1,26.8,39.1
2024-06-26,Colaba_IMD,18.9067,72.8147,24.5,24.5,24.0,29.5,27.3,35.5
2024-06-27,Colaba_IMD,18.9067,72.8147,62.4,62.4,24.0,28.5,26.9,37.0
2024-06-28,Colaba_IMD,18.9067,72.8147,48.5,48.5,24.0,28.6,26.6,35.5
2024-06-29,Colaba_IMD,18.9067,72.8147,13.0,13.0,24.0,28.8,26.1,34.5
2024-06-30,Colaba_IMD,18.9067,72.8147,22.5,22.5,23.0,29.4,26.7,36.4
2024-07-01,Colaba_IMD,18.9067,72.8147,19.2,19.2,23.0,29.8,27.3,43.3
2024-07-02,Colaba_IMD,18.9067,72.8147,5.4,5.4,17.0,29.8,26.9,40.8
2024-07-03,Colaba_IMD,18.9067,72.8147,6.9,6.9,21.0,29.7,27.9,37.5
2024-07-04,Colaba_IMD,18.9067,72.8147,12.0,12.0,24.0,28.8,26.8,31.2
2024-07-05,Colaba_IMD,18.9067,72.8147,20.7,20.7,24.0,28.5,26.2,29.0
2024-07-06,Colaba_IMD,18.9067,72.8147,28.2,28.2,23.0,29.5,26.2,34.0
2024-07-07,Colaba_IMD,18.9067,72.8147,19.8,19.8,23.0,29.1,25.7,26.5
2024-07-08,Colaba_IMD,18.9067,72.8147,27.8,27.8,24.0,27.8,26.0,22.2
2024-07-09,Colaba_IMD,18.9067,72.8147,59.3,59.3,24.0,27.2,25.5,29.6
2024-07-10,Colaba_IMD,18.9067,72.8147,34.4,34.4,20.0,28.4,25.6,26.7
2024-07-11,Colaba_IMD,18.9067,72.8147,36.3,36.3,24.0,27.8,25.3,28.3
2024-07-12,Colaba_IMD,18.9067,72.8147,61.8,61.8,24.0,27.2,26.3,25.9
2024-07-13,Colaba_IMD,18.9067,72.8147,89.4,89.4,24.0,27.4,25.7,35.3
2024-07-14,Colaba_IMD,18.9067,72.8147,99.4,99.4,24.0,27.3,25.4,33.6
2024-07-15,Colaba_IMD,18.9067,72.8147,16.9,16.9,17.0,27.6,25.9,21.0
2024-07-16,Colaba_IMD,18.9067,72.8147,7.4,7.4,18.0,28.5,25.5,28.5
2024-07-17,Colaba_IMD,18.9067,72.8147,44.5,44.5,23.0,27.6,26.7,29.9
2024-07-18,Colaba_IMD,18.9067,72.8147,53.7,53.7,24.0,27.4,26.4,33.1
2024-07-19,Colaba_IMD,18.9067,72.8147,56.4,56.4,24.0,27.6,26.4,34.7
2024-07-20,Colaba_IMD,18.9067,72.8147,96.3,96.3,24.0,27.7,26.3,34.9
2024-07-21,Colaba_IMD,18.9067,72.8147,65.1,65.1,24.0,27.7,26.7,35.3
2024-07-22,Colaba_IMD,18.9067,72.8147,52.8,52.8,24.0,27.6,26.4,37.1
2024-07-23,Colaba_IMD,18.9067,72.8147,55.0,55.0,24.0,27.3,26.4,37.6
2024-07-24,Colaba_IMD,18.9067,72.8147,44.9,44.9,24.0,27.5,26.3,40.4
2024-07-25,Colaba_IMD,18.9067,72.8147,66.0,66.0,24.0,27.8,26.5,39.1
2024-07-26,Colaba_IMD,18.9067,72.8147,31.3,31.3,21.0,28.5,25.7,35.4
2024-07-27,Colaba_IMD,18.9067,72.8147,8.4,8.4,20.0,28.3,26.9,36.0
2024-07-28,Colaba_IMD,18.9067,72.8147,18.5,18.5,22.0,28.6,26.5,32.4
2024-07-29,Colaba_IMD,18.9067,72.8147,32.3,32.3,23.0,27.7,26.0,33.5
2024-07-30,Colaba_IMD,18.9067,72.8147,23.9,23.9,24.0,27.9,25.9,27.9
2024-07-31,Colaba_IMD,18.9067,72.8147,18.5,18.5,24.0,27.9,25.1,33.0
2024-08-01,Colaba_IMD,18.9067,72.8147,31.9,31.9,24.0,28.0,25.5,29.1
2024-08-02,Colaba_IMD,18.9067,72.8147,30.1,30.1,24.0,27.3,25.5,34.1
2024-08-03,Colaba_IMD,18.9067,72.8147,39.5,39.5,24.0,27.6,26.0,36.4
2024-08-04,Colaba_IMD,18.9067,72.8147,30.9,30.9,24.0,27.4,26.4,37.4
2024-08-05,Colaba_IMD,18.9067,72.8147,7.1,7.1,22.0,27.8,26.5,29.7
2024-08-06,Colaba_IMD,18.9067,72.8147,4.0,4.0,17.0,27.9,26.4,24.7
2024-08-07,Colaba_IMD,18.9067,72.8147,7.2,7.2,23.0,28.2,26.4,23.1
2024-08-08,Colaba_IMD,18.9067,72.8147,6.8,6.8,21.0,27.9,25.9,22.1
2024-08-09,Colaba_IMD,18.9067,72.8147,19.3,19.3,21.0,27.9,25.2,22.6
2024-08-10,Colaba_IMD,18.9067,72.8147,7.5,7.5,16.0,27.7,24.9,22.4
2024-08-11,Colaba_IMD,18.9067,72.8147,4.7,4.7,15.0,28.2,26.7,24.9
2024-08-12,Colaba_IMD,18.9067,72.8147,5.1,5.1,19.0,28.1,26.2,24.4
2024-08-13,Colaba_IMD,18.9067,72.8147,1.1,1.1,7.0,28.2,25.9,19.8
2024-08-14,Colaba_IMD,18.9067,72.8147,1.7,1.7,8.0,28.3,26.0,19.7
2024-08-15,Colaba_IMD,18.9067,72.8147,0.3,0.3,2.0,28.6,25.7,21.7
2024-08-16,Colaba_IMD,18.9067,72.8147,0.4,0.4,4.0,28.6,26.1,19.9
2024-08-17,Colaba_IMD,18.9067,72.8147,0.3,0.3,3.0,28.9,26.1,16.4
2024-08-18,Colaba_IMD,18.9067,72.8147,0.4,0.4,4.0,28.6,26.7,17.3
2024-08-19,Colaba_IMD,18.9067,72.8147,20.6,20.6,14.0,28.6,25.8,21.4
2024-08-20,Colaba_IMD,18.9067,72.8147,24.5,24.5,12.0,27.4,25.5,17.0
2024-08-21,Colaba_IMD,18.9067,72.8147,0.0,0.0,0.0,29.2,26.9,21.0
2024-08-22,Colaba_IMD,18.9067,72.8147,1.3,1.3,2.0,29.3,26.5,21.7
2024-08-23,Colaba_IMD,18.9067,72.8147,31.1,31.1,20.0,28.3,26.2,22.2
2024-08-24,Colaba_IMD,18.9067,72.8147,127.5,127.5,24.0,27.0,25.5,27.2
2024-08-25,Colaba_IMD,18.9067,72.8147,41.8,41.8,24.0,27.3,25.6,34.8
2024-08-26,Colaba_IMD,18.9067,72.8147,26.6,26.6,24.0,27.8,24.5,36.1
2024-08-27,Colaba_IMD,18.9067,72.8147,37.7,37.7,24.0,27.3,24.6,37.0
2024-08-28,Colaba_IMD,18.9067,72.8147,22.0,22.0,21.0,28.4,25.4,38.6
2024-08-29,Colaba_IMD,18.9067,72.8147,11.3,11.3,22.0,28.4,26.3,30.8
2024-08-30,Colaba_IMD,18.9067,72.8147,6.9,6.9,22.0,28.1,25.4,23.7
2024-08-31,Colaba_IMD,18.9067,72.8147,2.8,2.8,16.0,28.5,25.2,15.5
2024-09-01,Colaba_IMD,18.9067,72.8147,5.1,5.1,22.0,28.2,26.3,17.2
2024-09-02,Colaba_IMD,18.9067,72.8147,36.5,36.5,24.0,27.5,26.2,23.3
2024-09-03,Colaba_IMD,18.9067,72.8147,17.4,17.4,24.0,27.0,25.5,21.6
2024-09-04,Colaba_IMD,18.9067,72.8147,25.3,25.3,23.0,27.5,25.4,23.4
2024-09-05,Colaba_IMD,18.9067,72.8147,35.2,35.2,24.0,28.0,26.1,27.0
2024-09-06,Colaba_IMD,18.9067,72.8147,13.8,13.8,24.0,27.6,26.1,24.6
2024-09-07,Colaba_IMD,18.9067,72.8147,12.9,12.9,22.0,27.4,25.4,21.0
2024-09-08,Colaba_IMD,18.9067,72.8147,6.6,6.6,18.0,28.0,25.5,19.5
2024-09-09,Colaba_IMD,18.9067,72.8147,4.9,4.9,19.0,27.8,25.6,20.4
2024-09-10,Colaba_IMD,18.9067,72.8147,17.0,17.0,21.0,27.6,25.7,22.3
2024-09-11,Colaba_IMD,18.9067,72.8147,7.5,7.5,23.0,27.6,25.4,22.9
2024-09-12,Colaba_IMD,18.9067,72.8147,11.2,11.2,21.0,27.9,25.5,23.4
2024-09-13,Colaba_IMD,18.9067,72.8147,7.1,7.1,18.0,28.4,25.0,25.0
2024-09-14,Colaba_IMD,18.9067,72.8147,8.7,8.7,21.0,28.4,24.5,22.9
2024-09-15,Colaba_IMD,18.9067,72.8147,7.4,7.4,14.0,27.3,23.7,15.2
2024-09-16,Colaba_IMD,18.9067,72.8147,2.6,2.6,10.0,27.7,24.8,18.7
2024-09-17,Colaba_IMD,18.9067,72.8147,1.6,1.6,5.0,28.1,24.1,18.5
2024-09-18,Colaba_IMD,18.9067,72.8147,0.2,0.2,2.0,28.3,24.3,16.8
2024-09-19,Colaba_IMD,18.9067,72.8147,0.2,0.2,2.0,28.6,25.1,15.6
2024-09-20,Colaba_IMD,18.9067,72.8147,4.1,4.1,8.0,28.4,24.3,13.7
2024-09-21,Colaba_IMD,18.9067,72.8147,4.4,4.4,6.0,29.0,24.9,18.4
2024-09-22,Colaba_IMD,18.9067,72.8147,2.7,2.7,12.0,28.9,25.6,25.7
2024-09-23,Colaba_IMD,18.9067,72.8147,14.4,14.4,18.0,28.6,26.4,21.9
2024-09-24,Colaba_IMD,18.9067,72.8147,23.4,23.4,19.0,28.2,24.6,28.7
2024-09-25,Colaba_IMD,18.9067,72.8147,49.9,49.9,24.0,27.8,24.9,29.2
2024-09-26,Colaba_IMD,18.9067,72.8147,83.1,83.1,24.0,27.0,25.5,32.9
2024-09-27,Colaba_IMD,18.9067,72.8147,33.1,33.1,24.0,27.5,25.9,33.7
2024-09-28,Colaba_IMD,18.9067,72.8147,11.8,11.8,20.0,27.8,25.9,21.7
2024-09-29,Colaba_IMD,18.9067,72.8147,2.2,2.2,14.0,28.6,25.5,18.1
2024-09-30,Colaba_IMD,18.9067,72.8147,0.1,0.1,1.0,28.8,25.3,18.9
2024-10-01,Colaba_IMD,18.9067,72.8147,0.0,0.0,0.0,29.5,25.5,19.4
2024-10-02,Colaba_IMD,18.9067,72.8147,2.7,2.7,7.0,29.4,26.8,17.2
2024-10-03,Colaba_IMD,18.9067,72.8147,1.6,1.6,5.0,29.1,26.5,19.1
2024-10-04,Colaba_IMD,18.9067,72.8147,2.1,2.1,13.0,28.9,25.8,16.5
2024-10-05,Colaba_IMD,18.9067,72.8147,1.3,1.3,5.0,28.5,25.6,16.4
2024-10-06,Colaba_IMD,18.9067,72.8147,1.0,1.0,3.0,29.8,25.6,26.8
2024-10-07,Colaba_IMD,18.9067,72.8147,0.0,0.0,0.0,30.5,25.8,19.3
2024-10-08,Colaba_IMD,18.9067,72.8147,0.0,0.0,0.0,30.3,26.8,19.6
2024-10-09,Colaba_IMD,18.9067,72.8147,8.2,8.2,14.0,28.4,25.5,17.0
2024-10-10,Colaba_IMD,18.9067,72.8147,7.7,7.7,4.0,29.9,25.6,17.8
2024-10-11,Colaba_IMD,18.9067,72.8147,15.4,15.4,9.0,30.5,25.8,19.3
2024-10-12,Colaba_IMD,18.9067,72.8147,2.8,2.8,6.0,30.6,25.5,16.3
2024-10-13,Colaba_IMD,18.9067,72.8147,6.3,6.3,4.0,29.4,25.2,16.9
2024-10-14,Colaba_IMD,18.9067,72.8147,12.4,12.4,5.0,30.1,25.4,19.5
2024-10-15,Colaba_IMD,18.9067,72.8147,0.5,0.5,3.0,29.4,25.2,18.9
2024-10-16,Colaba_IMD,18.9067,72.8147,12.1,12.1,10.0,30.0,25.0,16.4
2024-10-17,Colaba_IMD,18.9067,72.8147,11.2,11.2,7.0,29.0,26.2,17.9
2024-10-18,Colaba_IMD,18.9067,72.8147,21.9,21.9,8.0,30.7,25.0,17.5
2024-10-19,Colaba_IMD,18.9067,72.8147,7.8,7.8,10.0,29.3,25.2,17.5
2024-10-20,Colaba_IMD,18.9067,72.8147,1.6,1.6,6.0,28.8,25.2,12.0
2024-10-21,Colaba_IMD,18.9067,72.8147,18.5,18.5,7.0,29.6,24.1,14.3
2024-10-22,Colaba_IMD,18.9067,72.8147,7.3,7.3,4.0,29.1,25.2,16.7
2024-10-23,Colaba_IMD,18.9067,72.8147,0.0,0.0,0.0,30.6,25.2,20.9
2024-10-24,Colaba_IMD,18.9067,72.8147,0.0,0.0,0.0,31.8,25.2,20.6
2024-10-25,Colaba_IMD,18.9067,72.8147,0.0,0.0,0.0,30.1,24.7,20.3
2024-10-26,Colaba_IMD,18.9067,72.8147,0.0,0.0,0.0,30.6,23.0,26.6
2024-10-27,Colaba_IMD,18.9067,72.8147,0.0,0.0,0.0,29.9,23.9,20.9
2024-10-28,Colaba_IMD,18.9067,72.8147,0.0,0.0,0.0,29.9,25.1,16.9
2024-10-29,Colaba_IMD,18.9067,72.8147,0.0,0.0,0.0,29.7,25.3,15.9
2024-10-30,Colaba_IMD,18.9067,72.8147,0.0,0.0,0.0,30.2,25.5,15.5
2024-10-31,Colaba_IMD,18.9067,72.8147,0.0,0.0,0.0,31.7,25.2,19.0
