timestamp_ist,station,latitude,longitude,precipitation_mm,rain_mm,surface_pressure_hpa,cloud_cover_pct,wind_speed_kmh,soil_moisture_m3m3
2023-06-01T00:00,Santacruz_AWS,19.1197,72.8468,0.0,0.0,1005.7,0,10.2,0.115
2023-06-01T01:00,Santacruz_AWS,19.1197,72.8468,0.0,0.0,1005.4,9,10.6,0.115
2023-06-01T02:00,Santacruz_AWS,19.1197,72.8468,0.0,0.0,1005.1,6,8.3,0.115
2023-06-01T03:00,Santacruz_AWS,19.1197,72.8468,0.0,0.0,1005.2,13,5.8,0.115
2023-06-01T04:00,Santacruz_AWS,19.1197,72.8468,0.0,0.0,1005.6,16,7.2,0.115
2023-06-01T05:00,Santacruz_AWS,19.1197,72.8468,0.0,0.0,1006.4,3,3.7,0.115
2023-06-01T06:00,Santacruz_AWS,19.1197,72.8468,0.0,0.0,1006.7,4,5.3,0.115
2023-06-01T07:00,Santacruz_AWS,19.1197,72.8468,0.0,0.0,1007.4,7,5.5,0.115
2023-06-01T08:00,Santacruz_AWS,19.1197,72.8468,0.0,0.0,1007.7,6,3.3,0.115
2023-06-01T09:00,Santacruz_AWS,19.1197,72.8468,0.0,0.0,1008.0,4,2.2,0.115
2023-06-01T10:00,Santacruz_AWS,19.1197,72.8468,0.0,0.0,1008.1,7,9.0,0.115
2023-06-01T11:00,Santacruz_AWS,19.1197,72.8468,0.0,0.0,1007.8,9,13.7,0.115
2023-06-01T12:00,Santacruz_AWS,19.1197,72.8468,0.0,0.0,1007.1,0,16.5,0.115
2023-06-01T13:00,Santacruz_AWS,19.1197,72.8468,0.0,0.0,1006.5,0,20.3,0.115
2023-06-01T14:00,Santacruz_AWS,19.1197,72.8468,0.0,0.0,1005.4,0,21.5,0.115
2023-06-01T15:00,Santacruz_AWS,19.1197,72.8468,0.0,0.0,1005.0,0,21.1,0.115
2023-06-01T16:00,Santacruz_AWS,19.1197,72.8468,0.0,0.0,1004.8,0,21.9,0.115
2023-06-01T17:00,Santacruz_AWS,19.1197,72.8468,0.0,0.0,1005.5,0,20.9,0.115
2023-06-01T18:00,Santacruz_AWS,19.1197,72.8468,0.0,0.0,1005.9,0,18.7,0.115
2023-06-01T19:00,Santacruz_AWS,19.1197,72.8468,0.0,0.0,1006.2,0,16.8,0.115
2023-06-01T20:00,Santacruz_AWS,19.1197,72.8468,0.0,0.0,1006.9,3,13.4,0.115
2023-06-01T21:00,Santacruz_AWS,19.1197,72.8468,0.0,0.0,1007.4,10,7.8,0.115
2023-06-01T22:00,Santacruz_AWS,19.1197,72.8468,0.0,0.0,1007.7,20,6.9,0.115
2023-06-01T23:00,Santacruz_AWS,19.1197,72.8468,0.0,0.0,1007.4,28,7.3,0.115
2023-06-02T00:00,Santacruz_AWS,19.1197,72.8468,0.0,0.0,1007.0,27,9.3,0.115
2023-06-02T01:00,Santacruz_AWS,19.1197,72.8468,0.0,0.0,1006.8,35,9.4,0.115
2023-06-02T02:00,Santacruz_AWS,19.1197,72.8468,0.0,0.0,1006.4,46,8.2,0.115
2023-06-02T03:00,Santacruz_AWS,19.1197,72.8468,0.0,0.0,1006.5,46,7.1,0.115
2023-06-02T04:00,Santacruz_AWS,19.1197,72.8468,0.0,0.0,1006.7,61,6.0,0.115
2023-06-02T05:00,Santacruz_AWS,19.1197,72.8468,0.0,0.0,1007.0,30,2.9,0.115
2023-06-02T06:00,Santacruz_AWS,19.1197,72.8468,0.0,0.0,1007.2,29,3.0,0.115
2023-06-02T07:00,Santacruz_AWS,19.1197,72.8468,0.0,0.0,1008.0,53,2.2,0.115
2023-06-02T08:00,Santacruz_AWS,19.1197,72.8468,0.0,0.0,1008.6,36,6.3,0.116
2023-06-02T09:00,Santacruz_AWS,19.1197,72.8468,0.0,0.0,1009.1,18,9.9,0.116
2023-06-02T10:00,Santacruz_AWS,19.1197,72.8468,0.0,0.0,1009.2,14,13.0,0.116
2023-06-02T11:00,Santacruz_AWS,19.1197,72.8468,0.0,0.0,1008.9,12,13.6,0.116
2023-06-02T12:00,Santacruz_AWS,19.1197,72.8468,0.0,0.0,1008.3,8,15.0,0.116
2023-06-02T13:00,Santacruz_AWS,19.1197,72.8468,0.0,0.0,1007.5,1,16.4,0.116
2023-06-02T14:00,Santacruz_AWS,19.1197,72.8468,0.0,0.0,1006.8,1,17.7,0.116
2023-06-02T15:00,Santacruz_AWS,19.1197,72.8468,0.0,0.0,1006.3,0,18.2,0.116
2023-06-02T16:00,Santacruz_AWS,19.1197,72.8468,0.0,0.0,1005.8,2,17.8,0.116
2023-06-02T17:00,Santacruz_AWS,19.1197,72.8468,0.0,0.0,1006.3,2,17.1,0.116
2023-06-02T18:00,Santacruz_AWS,19.1197,72.8468,0.0,0.0,1006.5,20,16.5,0.116
2023-06-02T19:00,Santacruz_AWS,19.1197,72.8468,0.0,0.0,1006.7,24,13.8,0.116
2023-06-02T20:00,Santacruz_AWS,19.1197,72.8468,0.0,0.0,1007.2,11,13.4,0.116
2023-06-02T21:00,Santacruz_AWS,19.1197,72.8468,0.0,0.0,1007.8,21,12.3,0.116
2023-06-02T22:00,Santacruz_AWS,19.1197,72.8468,0.0,0.0,1008.0,28,11.3,0.116
2023-06-02T23:00,Santacruz_AWS,19.1197,72.8468,0.0,0.0,1008.0,42,11.5,0.116
2023-06-03T00:00,Santacruz_AWS,19.1197,72.8468,0.0,0.0,1007.5,52,11.5,0.116
2023-06-03T01:00,Santacruz_AWS,19.1197,72.8468,0.0,0.0,1006.9,63,10.3,0.116
2023-06-03T02:00,Santacruz_AWS,19.1197,72.8468,0.0,0.0,1006.3,56,9.4,0.116
2023-06-03T03:00,Santacruz_AWS,19.1197,72.8468,0.0,0.0,1005.8,48,8.3,0.116
2023-06-03T04:00,Santacruz_AWS,19.1197,72.8468,0.0,0.0,1005.7,36,7.6,0.116
2023-06-03T05:00,Santacruz_AWS,19.1197,72.8468,0.1,0.1,1006.3,34,10.5,0.118
2023-06-03T06:00,Santacruz_AWS,19.1197,72.8468,0.0,0.0,1007.0,14,9.8,0.118
2023-06-03T07:00,Santacruz_AWS,19.1197,72.8468,0.0,0.0,1007.6,10,10.8,0.118
2023-06-03T08:00,Santacruz_AWS,19.1197,72.8468,0.0,0.0,1007.9,17,10.1,0.118
2023-06-03T09:00,Santacruz_AWS,19.1197,72.8468,0.0,0.0,1008.2,27,11.2,0.118
2023-06-03T10:00,Santacruz_AWS,19.1197,72.8468,0.0,0.0,1008.2,28,13.3,0.118
2023-06-03T11:00,Santacruz_AWS,19.1197,72.8468,0.0,0.0,1007.7,13,15.2,0.118
2023-06-03T12:00,Santacruz_AWS,19.1197,72.8468,0.0,0.0,1007.4,21,15.9,0.118
2023-06-03T13:00,Santacruz_AWS,19.1197,72.8468,0.0,0.0,1006.9,21,17.1,0.118
2023-06-03T14:00,Santacruz_AWS,19.1197,72.8468,0.0,0.0,1006.3,34,18.7,0.118
2023-06-03T15:00,Santacruz_AWS,19.1197,72.8468,0.0,0.0,1005.8,38,18.0,0.118
2023-06-03T16:00,Santacruz_AWS,19.1197,72.8468,0.0,0.0,1005.4,100,18.1,0.118
2023-06-03T17:00,Santacruz_AWS,19.1197,72.8468,0.0,0.0,1005.1,46,17.7,0.118
2023-06-03T18:00,Santacruz_AWS,19.1197,72.8468,0.0,0.0,1005.0,1,16.7,0.118
2023-06-03T19:00,Santacruz_AWS,19.1197,72.8468,0.0,0.0,1005.3,0,15.8,0.118
2023-06-03T20:00,Santacruz_AWS,19.1197,72.8468,0.0,0.0,1006.1,0,14.9,0.118
2023-06-03T21:00,Santacruz_AWS,19.1197,72.8468,0.0,0.0,1006.8,7,12.6,0.118
2023-06-03T22:00,Santacruz_AWS,19.1197,72.8468,0.0,0.0,1007.0,9,11.2,0.118
2023-06-03T23:00,Santacruz_AWS,19.1197,72.8468,0.0,0.0,1007.2,11,9.4,0.118
2023-06-04T00:00,Santacruz_AWS,19.1197,72.8468,0.0,0.0,1006.6,14,8.4,0.118
2023-06-04T01:00,Santacruz_AWS,19.1197,72.8468,0.0,0.0,1005.9,20,8.7,0.118
2023-06-04T02:00,Santacruz_AWS,19.1197,72.8468,0.0,0.0,1005.6,17,9.4,0.119
2023-06-04T03:00,Santacruz_AWS,19.1197,72.8468,0.0,0.0,1005.7,20,9.4,0.119
2023-06-04T04:00,Santacruz_AWS,19.1197,72.8468,0.1,0.1,1006.0,17,7.7,0.119
2023-06-04T05:00,Santacruz_AWS,19.1197,72.8468,0.0,0.0,1006.2,15,9.4,0.115
2023-06-04T06:00,Santacruz_AWS,19.1197,72.8468,0.0,0.0,1007.0,20,10.2,0.115
2023-06-04T07:00,Santacruz_AWS,19.1197,72.8468,0.0,0.0,1007.7,25,12.3,0.116
2023-06-04T08:00,Santacruz_AWS,19.1197,72.8468,0.1,0.1,1008.3,40,13.0,0.117
2023-06-04T09:00,Santacruz_AWS,19.1197,72.8468,0.2,0.2,1008.4,36,15.3,0.118
2023-06-04T10:00,Santacruz_AWS,19.1197,72.8468,0.2,0.2,1008.6,28,17.1,0.119
2023-06-04T11:00,Santacruz_AWS,19.1197,72.8468,0.1,0.1,1008.3,22,18.7,0.121
2023-06-04T12:00,Santacruz_AWS,19.1197,72.8468,0.1,0.1,1008.0,20,19.1,0.122
2023-06-04T13:00,Santacruz_AWS,19.1197,72.8468,0.0,0.0,1007.6,53,16.6,0.122
2023-06-04T14:00,Santacruz_AWS,19.1197,72.8468,0.0,0.0,1006.7,33,12.3,0.122
2023-06-04T15:00,Santacruz_AWS,19.1197,72.8468,0.0,0.0,1005.7,24,12.4,0.122
2023-06-04T16:00,Santacruz_AWS,19.1197,72.8468,0.0,0.0,1005.0,12,14.7,0.122
2023-06-04T17:00,Santacruz_AWS,19.1197,72.8468,0.0,0.0,1004.8,2,13.7,0.125
2023-06-04T18:00,Santacruz_AWS,19.1197,72.8468,0.0,0.0,1004.8,0,13.4,0.125
2023-06-04T19:00,Santacruz_AWS,19.1197,72.8468,0.0,0.0,1004.9,0,14.1,0.125
2023-06-04T20:00,Santacruz_AWS,19.1197,72.8468,0.0,0.0,1005.3,0,12.9,0.125
2023-06-04T21:00,Santacruz_AWS,19.1197,72.8468,0.0,0.0,1005.8,0,10.2,0.125
2023-06-04T22:00,Santacruz_AWS,19.1197,72.8468,0.0,0.0,1006.1,0,8.2,0.125
2023-06-04T23:00,Santacruz_AWS,19.1197,72.8468,0.0,0.0,1006.1,0,7.7,0.125
2023-06-05T00:00,Santacruz_AWS,19.1197,72.8468,0.0,0.0,1005.6,3,9.7,0.125
2023-06-05T01:00,Santacruz_AWS,19.1197,72.8468,0.0,0.0,1005.7,17,8.3,0.125
2023-06-05T02:00,Santacruz_AWS,19.1197,72.8468,0.0,0.0,1005.2,29,8.3,0.125
2023-06-05T03:00,Santacruz_AWS,19.1197,72.8468,0.0,0.0,1005.4,20,7.7,0.125
2023-06-05T04:00,Santacruz_AWS,19.1197,72.8468,0.0,0.0,1005.6,14,5.1,0.125
2023-06-05T05:00,Santacruz_AWS,19.1197,72.8468,0.0,0.0,1006.1,19,6.7,0.123
2023-06-05T06:00,Santacruz_AWS,19.1197,72.8468,0.0,0.0,1006.4,3,7.6,0.123
2023-06-05T07:00,Santacruz_AWS,19.1197,72.8468,0.0,0.0,1007.1,6,10.0,0.123
2023-06-05T08:00,Santacruz_AWS,19.1197,72.8468,0.0,0.0,1007.5,24,11.6,0.123
2023-06-05T09:00,Santacruz_AWS,19.1197,72.8468,0.2,0.2,1007.9,26,13.7,0.125
2023-06-05T10:00,Santacruz_AWS,19.1197,72.8468,0.1,0.1,1008.2,34,15.2,0.126
2023-06-05T11:00,Santacruz_AWS,19.1197,72.8468,0.1,0.1,1007.7,21,17.3,0.126
2023-06-05T12:00,Santacruz_AWS,19.1197,72.8468,0.0,0.0,1007.1,7,18.4,0.126
2023-06-05T13:00,Santacruz_AWS,19.1197,72.8468,0.0,0.0,1006.1,0,19.6,0.126
2023-06-05T14:00,Santacruz_AWS,19.1197,72.8468,0.0,0.0,1005.0,0,18.8,0.126
2023-06-05T15:00,Santacruz_AWS,19.1197,72.8468,0.0,0.0,1004.3,0,18.6,0.126
2023-06-05T16:00,Santacruz_AWS,19.1197,72.8468,0.0,0.0,1003.6,1,17.9,0.126
2023-06-05T17:00,Santacruz_AWS,19.1197,72.8468,0.0,0.0,1004.2,19,16.4,0.126
2023-06-05T18:00,Santacruz_AWS,19.1197,72.8468,0.0,0.0,1004.4,49,15.8,0.126
2023-06-05T19:00,Santacruz_AWS,19.1197,72.8468,0.0,0.0,1004.7,25,13.7,0.126
2023-06-05T20:00,Santacruz_AWS,19.1197,72.8468,0.0,0.0,1005.3,10,11.2,0.126
2023-06-05T21:00,Santacruz_AWS,19.1197,72.8468,0.0,0.0,1006.0,15,10.2,0.126
2023-06-05T22:00,Santacruz_AWS,19.1197,72.8468,0.0,0.0,1006.4,29,10.4,0.126
2023-06-05T23:00,Santacruz_AWS,19.1197,72.8468,0.0,0.0,1006.7,26,10.0,0.126
2023-06-06T00:00,Santacruz_AWS,19.1197,72.8468,0.0,0.0,1006.3,29,11.5,0.126
2023-06-06T01:00,Santacruz_AWS,19.1197,72.8468,0.0,0.0,1005.9,28,10.7,0.126
2023-06-06T02:00,Santacruz_AWS,19.1197,72.8468,0.0,0.0,1005.6,39,10.2,0.126
2023-06-06T03:00,Santacruz_AWS,19.1197,72.8468,0.0,0.0,1005.5,26,9.1,0.126
2023-06-06T04:00,Santacruz_AWS,19.1197,72.8468,0.0,0.0,1005.8,16,8.5,0.126
2023-06-06T05:00,Santacruz_AWS,19.1197,72.8468,0.1,0.1,1006.1,25,5.9,0.121
2023-06-06T06:00,Santacruz_AWS,19.1197,72.8468,0.0,0.0,1006.4,7,7.1,0.121
2023-06-06T07:00,Santacruz_AWS,19.1197,72.8468,0.0,0.0,1007.0,8,8.7,0.121
2023-06-06T08:00,Santacruz_AWS,19.1197,72.8468,0.0,0.0,1007.5,20,10.1,0.121
2023-06-06T09:00,Santacruz_AWS,19.1197,72.8468,0.0,0.0,1007.9,40,10.9,0.121
2023-06-06T10:00,Santacruz_AWS,19.1197,72.8468,0.0,0.0,1007.6,47,13.1,0.121
2023-06-06T11:00,Santacruz_AWS,19.1197,72.8468,0.0,0.0,1007.1,67,13.8,0.121
2023-06-06T12:00,Santacruz_AWS,19.1197,72.8468,0.0,0.0,1006.4,31,15.2,0.122
2023-06-06T13:00,Santacruz_AWS,19.1197,72.8468,0.0,0.0,1005.5,4,16.9,0.122
2023-06-06T14:00,Santacruz_AWS,19.1197,72.8468,0.0,0.0,1004.4,2,16.6,0.122
2023-06-06T15:00,Santacruz_AWS,19.1197,72.8468,0.0,0.0,1003.5,0,17.1,0.122
2023-06-06T16:00,Santacruz_AWS,19.1197,72.8468,0.0,0.0,1003.0,1,16.9,0.122
2023-06-06T17:00,Santacruz_AWS,19.1197,72.8468,0.0,0.0,1002.8,0,13.6,0.127
2023-06-06T18:00,Santacruz_AWS,19.1197,72.8468,0.0,0.0,1003.1,0,14.0,0.127
2023-06-06T19:00,Santacruz_AWS,19.1197,72.8468,0.0,0.0,1003.5,0,11.9,0.127
2023-06-06T20:00,Santacruz_AWS,19.1197,72.8468,0.0,0.0,1004.5,0,9.7,0.127
2023-06-06T21:00,Santacruz_AWS,19.1197,72.8468,0.0,0.0,1005.4,9,9.8,0.127
2023-06-06T22:00,Santacruz_AWS,19.1197,72.8468,0.0,0.0,1006.0,19,9.3,0.127
2023-06-06T23:00,Santacruz_AWS,19.1197,72.8468,0.0,0.0,1006.2,0,9.2,0.127
2023-06-07T00:00,Santacruz_AWS,19.1197,72.8468,0.0,0.0,1005.8,2,7.9,0.127
2023-06-07T01:00,Santacruz_AWS,19.1197,72.8468,0.0,0.0,1005.5,17,6.4,0.127
2023-06-07T02:00,Santacruz_AWS,19.1197,72.8468,0.0,0.0,1005.0,23,7.5,0.127
2023-06-07T03:00,Santacruz_AWS,19.1197,72.8468,0.0,0.0,1004.8,31,9.1,0.127
2023-06-07T04:00,Santacruz_AWS,19.1197,72.8468,0.0,0.0,1004.9,31,8.7,0.127
2023-06-07T05:00,Santacruz_AWS,19.1197,72.8468,0.0,0.0,1005.5,18,8.4,0.12
2023-06-07T06:00,Santacruz_AWS,19.1197,72.8468,0.0,0.0,1005.7,23,8.5,0.12
2023-06-07T07:00,Santacruz_AWS,19.1197,72.8468,0.0,0.0,1006.0,19,10.8,0.12
2023-06-07T08:00,Santacruz_AWS,19.1197,72.8468,0.0,0.0,1006.2,21,10.0,0.12
2023-06-07T09:00,Santacruz_AWS,19.1197,72.8468,0.0,0.0,1006.5,27,9.7,0.12
2023-06-07T10:00,Santacruz_AWS,19.1197,72.8468,0.0,0.0,1006.2,20,13.1,0.12
2023-06-07T11:00,Santacruz_AWS,19.1197,72.8468,0.0,0.0,1005.9,23,13.7,0.12
2023-06-07T12:00,Santacruz_AWS,19.1197,72.8468,0.0,0.0,1005.6,68,14.4,0.12
2023-06-07T13:00,Santacruz_AWS,19.1197,72.8468,0.0,0.0,1004.9,61,15.1,0.12
2023-06-07T14:00,Santacruz_AWS,19.1197,72.8468,0.0,0.0,1004.4,10,15.7,0.12
2023-06-07T15:00,Santacruz_AWS,19.1197,72.8468,0.0,0.0,1003.6,10,16.5,0.12
2023-06-07T16:00,Santacruz_AWS,19.1197,72.8468,0.0,0.0,1003.4,15,14.8,0.12
2023-06-07T17:00,Santacruz_AWS,19.1197,72.8468,0.0,0.0,1003.4,15,12.7,0.123
2023-06-07T18:00,Santacruz_AWS,19.1197,72.8468,0.0,0.0,1003.9,4,12.3,0.123
2023-06-07T19:00,Santacruz_AWS,19.1197,72.8468,0.0,0.0,1004.5,5,12.5,0.123
2023-06-07T20:00,Santacruz_AWS,19.1197,72.8468,0.0,0.0,1005.3,3,13.8,0.123
2023-06-07T21:00,Santacruz_AWS,19.1197,72.8468,0.0,0.0,1006.1,3,13.5,0.123
2023-06-07T22:00,Santacruz_AWS,19.1197,72.8468,0.0,0.0,1006.5,20,16.2,0.123
2023-06-07T23:00,Santacruz_AWS,19.1197,72.8468,0.0,0.0,1006.7,17,16.9,0.123
2023-06-08T00:00,Santacruz_AWS,19.1197,72.8468,0.0,0.0,1006.1,27,16.6,0.123
2023-06-08T01:00,Santacruz_AWS,19.1197,72.8468,0.0,0.0,1005.7,58,15.0,0.123
2023-06-08T02:00,Santacruz_AWS,19.1197,72.8468,0.0,0.0,1005.6,40,14.0,0.124
2023-06-08T03:00,Santacruz_AWS,19.1197,72.8468,0.0,0.0,1005.4,43,11.7,0.124
2023-06-08T04:00,Santacruz_AWS,19.1197,72.8468,0.0,0.0,1005.2,51,7.8,0.124
2023-06-08T05:00,Santacruz_AWS,19.1197,72.8468,0.0,0.0,1006.0,97,6.7,0.123
2023-06-08T06:00,Santacruz_AWS,19.1197,72.8468,0.0,0.0,1006.5,65,7.1,0.123
2023-06-08T07:00,Santacruz_AWS,19.1197,72.8468,0.1,0.1,1006.8,93,8.5,0.124
2023-06-08T08:00,Santacruz_AWS,19.1197,72.8468,0.2,0.2,1007.1,94,8.8,0.126
2023-06-08T09:00,Santacruz_AWS,19.1197,72.8468,0.1,0.1,1007.2,62,10.1,0.126
2023-06-08T10:00,Santacruz_AWS,19.1197,72.8468,0.0,0.0,1007.0,40,10.8,0.126
2023-06-08T11:00,Santacruz_AWS,19.1197,72.8468,0.0,0.0,1006.6,40,12.2,0.126
2023-06-08T12:00,Santacruz_AWS,19.1197,72.8468,0.0,0.0,1006.0,31,13.0,0.126
2023-06-08T13:00,Santacruz_AWS,19.1197,72.8468,0.0,0.0,1005.3,67,14.1,0.126
2023-06-08T14:00,Santacruz_AWS,19.1197,72.8468,0.0,0.0,1004.7,69,15.8,0.126
2023-06-08T15:00,Santacruz_AWS,19.1197,72.8468,0.0,0.0,1004.3,54,16.9,0.126
2023-06-08T16:00,Santacruz_AWS,19.1197,72.8468,0.0,0.0,1003.6,50,16.9,0.126
2023-06-08T17:00,Santacruz_AWS,19.1197,72.8468,0.0,0.0,1003.5,22,16.4,0.126
2023-06-08T18:00,Santacruz_AWS,19.1197,72.8468,0.0,0.0,1003.7,96,14.0,0.129
2023-06-08T19:00,Santacruz_AWS,19.1197,72.8468,0.0,0.0,1004.5,81,12.8,0.129
2023-06-08T20:00,Santacruz_AWS,19.1197,72.8468,0.0,0.0,1004.9,48,12.5,0.129
2023-06-08T21:00,Santacruz_AWS,19.1197,72.8468,0.2,0.2,1005.6,67,13.9,0.13
2023-06-08T22:00,Santacruz_AWS,19.1197,72.8468,0.2,0.2,1005.8,58,14.8,0.132
2023-06-08T23:00,Santacruz_AWS,19.1197,72.8468,0.0,0.0,1005.6,17,11.8,0.132
2023-06-09T00:00,Santacruz_AWS,19.1197,72.8468,0.0,0.0,1004.9,29,11.5,0.132
2023-06-09T01:00,Santacruz_AWS,19.1197,72.8468,0.0,0.0,1004.5,42,12.1,0.133
2023-06-09T02:00,Santacruz_AWS,19.1197,72.8468,0.2,0.2,1003.7,51,12.2,0.134
2023-06-09T03:00,Santacruz_AWS,19.1197,72.8468,0.2,0.2,1003.6,82,11.5,0.136
2023-06-09T04:00,Santacruz_AWS,19.1197,72.8468,0.1,0.1,1003.7,65,10.5,0.137
2023-06-09T05:00,Santacruz_AWS,19.1197,72.8468,0.3,0.3,1003.9,100,10.5,0.139
2023-06-09T06:00,Santacruz_AWS,19.1197,72.8468,0.3,0.3,1005.2,97,16.9,0.129
2023-06-09T07:00,Santacruz_AWS,19.1197,72.8468,0.5,0.5,1005.6,34,16.3,0.134
2023-06-09T08:00,Santacruz_AWS,19.1197,72.8468,0.3,0.3,1005.8,17,15.7,0.137
2023-06-09T09:00,Santacruz_AWS,19.1197,72.8468,0.1,0.1,1005.5,12,15.5,0.137
2023-06-09T10:00,Santacruz_AWS,19.1197,72.8468,0.0,0.0,1004.8,15,15.7,0.137
2023-06-09T11:00,Santacruz_AWS,19.1197,72.8468,0.0,0.0,1004.3,11,16.4,0.137
2023-06-09T12:00,Santacruz_AWS,19.1197,72.8468,0.0,0.0,1003.8,9,21.4,0.137
2023-06-09T13:00,Santacruz_AWS,19.1197,72.8468,0.4,0.4,1003.0,51,22.7,0.141
2023-06-09T14:00,Santacruz_AWS,19.1197,72.8468,0.2,0.2,1002.2,45,22.9,0.142
2023-06-09T15:00,Santacruz_AWS,19.1197,72.8468,0.7,0.7,1001.6,54,23.0,0.148
2023-06-09T16:00,Santacruz_AWS,19.1197,72.8468,0.6,0.6,1001.6,53,24.0,0.153
2023-06-09T17:00,Santacruz_AWS,19.1197,72.8468,0.0,0.0,1001.9,42,29.3,0.153
2023-06-09T18:00,Santacruz_AWS,19.1197,72.8468,0.0,0.0,1001.8,40,22.8,0.133
2023-06-09T19:00,Santacruz_AWS,19.1197,72.8468,0.0,0.0,1002.0,6,19.5,0.133
2023-06-09T20:00,Santacruz_AWS,19.1197,72.8468,0.0,0.0,1002.5,12,18.6,0.133
2023-06-09T21:00,Santacruz_AWS,19.1197,72.8468,0.0,0.0,1002.9,19,22.5,0.133
2023-06-09T22:00,Santacruz_AWS,19.1197,72.8468,0.0,0.0,1003.3,32,23.7,0.133
2023-06-09T23:00,Santacruz_AWS,19.1197,72.8468,0.1,0.1,1003.4,68,23.8,0.134
2023-06-10T00:00,Santacruz_AWS,19.1197,72.8468,0.0,0.0,1002.6,62,24.2,0.134
2023-06-10T01:00,Santacruz_AWS,19.1197,72.8468,0.0,0.0,1002.1,77,21.6,0.134
2023-06-10T02:00,Santacruz_AWS,19.1197,72.8468,0.0,0.0,1001.8,84,19.7,0.135
2023-06-10T03:00,Santacruz_AWS,19.1197,72.8468,0.0,0.0,1001.7,87,19.5,0.135
2023-06-10T04:00,Santacruz_AWS,19.1197,72.8468,0.0,0.0,1001.7,20,18.4,0.135
2023-06-10T05:00,Santacruz_AWS,19.1197,72.8468,0.0,0.0,1002.0,17,18.2,0.137
2023-06-10T06:00,Santacruz_AWS,19.1197,72.8468,2.3,2.3,1003.0,100,23.3,0.165
2023-06-10T07:00,Santacruz_AWS,19.1197,72.8468,0.0,0.0,1003.3,36,21.1,0.165
2023-06-10T08:00,Santacruz_AWS,19.1197,72.8468,0.0,0.0,1003.0,2,19.1,0.165
2023-06-10T09:00,Santacruz_AWS,19.1197,72.8468,0.0,0.0,1002.9,29,24.5,0.164
2023-06-10T10:00,Santacruz_AWS,19.1197,72.8468,0.0,0.0,1002.6,1,26.0,0.163
2023-06-10T11:00,Santacruz_AWS,19.1197,72.8468,0.0,0.0,1002.5,7,28.9,0.162
2023-06-10T12:00,Santacruz_AWS,19.1197,72.8468,0.1,0.1,1002.3,49,31.1,0.162
2023-06-10T13:00,Santacruz_AWS,19.1197,72.8468,0.3,0.3,1001.3,43,26.6,0.164
2023-06-10T14:00,Santacruz_AWS,19.1197,72.8468,0.0,0.0,1000.4,7,26.4,0.163
2023-06-10T15:00,Santacruz_AWS,19.1197,72.8468,0.0,0.0,1000.3,17,29.7,0.162
2023-06-10T16:00,Santacruz_AWS,19.1197,72.8468,0.0,0.0,1000.9,50,32.5,0.161
2023-06-10T17:00,Santacruz_AWS,19.1197,72.8468,0.9,0.9,1000.4,78,24.0,0.134
2023-06-10T18:00,Santacruz_AWS,19.1197,72.8468,0.0,0.0,1001.3,25,29.5,0.134
2023-06-10T19:00,Santacruz_AWS,19.1197,72.8468,0.0,0.0,1002.0,27,26.7,0.134
2023-06-10T20:00,Santacruz_AWS,19.1197,72.8468,0.0,0.0,1002.3,22,24.3,0.134
2023-06-10T21:00,Santacruz_AWS,19.1197,72.8468,0.0,0.0,1002.7,15,22.2,0.134
2023-06-10T22:00,Santacruz_AWS,19.1197,72.8468,0.0,0.0,1002.8,33,23.0,0.134
2023-06-10T23:00,Santacruz_AWS,19.1197,72.8468,0.0,0.0,1002.6,41,22.0,0.134
2023-06-11T00:00,Santacruz_AWS,19.1197,72.8468,0.0,0.0,1002.0,38,20.9,0.134
2023-06-11T01:00,Santacruz_AWS,19.1197,72.8468,0.0,0.0,1001.3,35,23.4,0.134
2023-06-11T02:00,Santacruz_AWS,19.1197,72.8468,0.0,0.0,1000.6,23,22.5,0.135
2023-06-11T03:00,Santacruz_AWS,19.1197,72.8468,0.1,0.1,1000.9,53,22.0,0.135
2023-06-11T04:00,Santacruz_AWS,19.1197,72.8468,0.2,0.2,1001.1,34,25.6,0.137
2023-06-11T05:00,Santacruz_AWS,19.1197,72.8468,0.0,0.0,1000.9,38,22.1,0.14
2023-06-11T06:00,Santacruz_AWS,19.1197,72.8468,0.0,0.0,1001.6,8,23.2,0.14
2023-06-11T07:00,Santacruz_AWS,19.1197,72.8468,0.0,0.0,1001.5,0,19.9,0.14
2023-06-11T08:00,Santacruz_AWS,19.1197,72.8468,0.0,0.0,1002.4,23,20.3,0.14
2023-06-11T09:00,Santacruz_AWS,19.1197,72.8468,0.0,0.0,1002.6,12,20.7,0.14
2023-06-11T10:00,Santacruz_AWS,19.1197,72.8468,0.0,0.0,1002.7,34,27.4,0.14
2023-06-11T11:00,Santacruz_AWS,19.1197,72.8468,0.4,0.4,1002.7,16,29.8,0.143
2023-06-11T12:00,Santacruz_AWS,19.1197,72.8468,1.1,1.1,1002.2,45,32.4,0.156
2023-06-11T13:00,Santacruz_AWS,19.1197,72.8468,0.0,0.0,1001.6,23,31.2,0.155
2023-06-11T14:00,Santacruz_AWS,19.1197,72.8468,0.9,0.9,1001.0,62,29.8,0.163
2023-06-11T15:00,Santacruz_AWS,19.1197,72.8468,0.0,0.0,1000.1,100,28.1,0.163
2023-06-11T16:00,Santacruz_AWS,19.1197,72.8468,0.0,0.0,1000.0,94,26.6,0.162
2023-06-11T17:00,Santacruz_AWS,19.1197,72.8468,0.0,0.0,999.9,92,29.3,0.156
2023-06-11T18:00,Santacruz_AWS,19.1197,72.8468,0.0,0.0,1000.3,78,24.9,0.156
2023-06-11T19:00,Santacruz_AWS,19.1197,72.8468,0.0,0.0,1000.7,90,27.4,0.156
2023-06-11T20:00,Santacruz_AWS,19.1197,72.8468,0.0,0.0,1000.7,51,24.8,0.156
2023-06-11T21:00,Santacruz_AWS,19.1197,72.8468,0.0,0.0,1001.0,74,21.9,0.156
2023-06-11T22:00,Santacruz_AWS,19.1197,72.8468,0.1,0.1,1001.8,90,24.1,0.157
2023-06-11T23:00,Santacruz_AWS,19.1197,72.8468,1.0,1.0,1002.0,99,28.9,0.166
2023-06-12T00:00,Santacruz_AWS,19.1197,72.8468,0.1,0.1,1001.4,95,26.9,0.166
2023-06-12T01:00,Santacruz_AWS,19.1197,72.8468,0.0,0.0,1000.6,94,23.9,0.166
2023-06-12T02:00,Santacruz_AWS,19.1197,72.8468,0.2,0.2,1000.8,94,26.7,0.167
2023-06-12T03:00,Santacruz_AWS,19.1197,72.8468,1.3,1.3,1000.5,97,23.5,0.182
2023-06-12T04:00,Santacruz_AWS,19.1197,72.8468,1.0,1.0,1000.8,91,27.2,0.195
2023-06-12T05:00,Santacruz_AWS,19.1197,72.8468,1.1,1.1,999.7,100,25.2,0.16
2023-06-12T06:00,Santacruz_AWS,19.1197,72.8468,0.0,0.0,1000.1,98,22.7,0.16
2023-06-12T07:00,Santacruz_AWS,19.1197,72.8468,0.1,0.1,1001.0,62,23.5,0.161
2023-06-12T08:00,Santacruz_AWS,19.1197,72.8468,0.1,0.1,1001.7,91,29.7,0.161
2023-06-12T09:00,Santacruz_AWS,19.1197,72.8468,0.0,0.0,1001.8,91,26.8,0.161
2023-06-12T10:00,Santacruz_AWS,19.1197,72.8468,0.1,0.1,1001.7,75,31.9,0.161
2023-06-12T11:00,Santacruz_AWS,19.1197,72.8468,0.1,0.1,1001.5,20,32.8,0.161
2023-06-12T12:00,Santacruz_AWS,19.1197,72.8468,0.4,0.4,1001.8,55,42.6,0.164
2023-06-12T13:00,Santacruz_AWS,19.1197,72.8468,0.1,0.1,1001.6,48,38.0,0.164
2023-06-12T14:00,Santacruz_AWS,19.1197,72.8468,0.0,0.0,1000.8,19,35.0,0.163
2023-06-12T15:00,Santacruz_AWS,19.1197,72.8468,0.1,0.1,1000.3,8,37.0,0.163
2023-06-12T16:00,Santacruz_AWS,19.1197,72.8468,0.0,0.0,999.6,18,36.9,0.163
2023-06-12T17:00,Santacruz_AWS,19.1197,72.8468,0.0,0.0,999.5,19,32.2,0.157
2023-06-12T18:00,Santacruz_AWS,19.1197,72.8468,0.1,0.1,1000.3,25,28.2,0.158
2023-06-12T19:00,Santacruz_AWS,19.1197,72.8468,0.2,0.2,1001.1,73,35.4,0.159
2023-06-12T20:00,Santacruz_AWS,19.1197,72.8468,0.3,0.3,1001.9,33,30.7,0.161
2023-06-12T21:00,Santacruz_AWS,19.1197,72.8468,0.0,0.0,1002.7,84,29.9,0.161
2023-06-12T22:00,Santacruz_AWS,19.1197,72.8468,0.0,0.0,1002.8,9,28.5,0.162
2023-06-12T23:00,Santacruz_AWS,19.1197,72.8468,0.0,0.0,1002.8,41,25.0,0.162
2023-06-13T00:00,Santacruz_AWS,19.1197,72.8468,0.0,0.0,1002.1,52,27.3,0.162
2023-06-13T01:00,Santacruz_AWS,19.1197,72.8468,0.1,0.1,1001.6,74,27.8,0.162
2023-06-13T02:00,Santacruz_AWS,19.1197,72.8468,0.1,0.1,1001.2,98,27.3,0.163
2023-06-13T03:00,Santacruz_AWS,19.1197,72.8468,0.5,0.5,1001.4,98,28.5,0.167
2023-06-13T04:00,Santacruz_AWS,19.1197,72.8468,0.0,0.0,1001.3,96,25.2,0.168
2023-06-13T05:00,Santacruz_AWS,19.1197,72.8468,0.1,0.1,1001.4,69,27.1,0.169
2023-06-13T06:00,Santacruz_AWS,19.1197,72.8468,0.0,0.0,1001.7,84,25.7,0.169
2023-06-13T07:00,Santacruz_AWS,19.1197,72.8468,0.1,0.1,1002.4,96,23.3,0.17
2023-06-13T08:00,Santacruz_AWS,19.1197,72.8468,0.0,0.0,1003.2,96,30.5,0.17
2023-06-13T09:00,Santacruz_AWS,19.1197,72.8468,0.3,0.3,1003.8,98,33.5,0.172
2023-06-13T10:00,Santacruz_AWS,19.1197,72.8468,0.1,0.1,1003.7,91,35.0,0.172
2023-06-13T11:00,Santacruz_AWS,19.1197,72.8468,0.0,0.0,1003.4,31,34.2,0.171
2023-06-13T12:00,Santacruz_AWS,19.1197,72.8468,0.2,0.2,1003.4,72,34.5,0.172
2023-06-13T13:00,Santacruz_AWS,19.1197,72.8468,1.1,1.1,1003.1,62,36.3,0.182
2023-06-13T14:00,Santacruz_AWS,19.1197,72.8468,0.7,0.7,1002.7,58,35.3,0.188
2023-06-13T15:00,Santacruz_AWS,19.1197,72.8468,0.1,0.1,1002.3,33,31.1,0.188
2023-06-13T16:00,Santacruz_AWS,19.1197,72.8468,0.0,0.0,1001.9,37,29.5,0.187
2023-06-13T17:00,Santacruz_AWS,19.1197,72.8468,0.0,0.0,1001.7,27,29.5,0.18
2023-06-13T18:00,Santacruz_AWS,19.1197,72.8468,0.0,0.0,1002.0,37,28.5,0.179
2023-06-13T19:00,Santacruz_AWS,19.1197,72.8468,2.0,2.0,1003.4,100,27.9,0.203
2023-06-13T20:00,Santacruz_AWS,19.1197,72.8468,0.2,0.2,1004.0,38,25.2,0.204
2023-06-13T21:00,Santacruz_AWS,19.1197,72.8468,0.0,0.0,1004.3,54,27.0,0.204
2023-06-13T22:00,Santacruz_AWS,19.1197,72.8468,0.0,0.0,1004.3,24,25.9,0.204
2023-06-13T23:00,Santacruz_AWS,19.1197,72.8468,0.0,0.0,1004.4,64,23.2,0.204
2023-06-14T00:00,Santacruz_AWS,19.1197,72.8468,0.1,0.1,1003.8,86,22.6,0.205
2023-06-14T01:00,Santacruz_AWS,19.1197,72.8468,0.6,0.6,1003.8,100,21.3,0.211
2023-06-14T02:00,Santacruz_AWS,19.1197,72.8468,0.2,0.2,1003.6,96,28.1,0.212
2023-06-14T03:00,Santacruz_AWS,19.1197,72.8468,0.0,0.0,1003.3,86,24.1,0.212
2023-06-14T04:00,Santacruz_AWS,19.1197,72.8468,0.3,0.3,1003.4,85,22.2,0.214
2023-06-14T05:00,Santacruz_AWS,19.1197,72.8468,0.4,0.4,1003.6,100,22.7,0.217
2023-06-14T06:00,Santacruz_AWS,19.1197,72.8468,0.1,0.1,1003.8,35,21.7,0.218
2023-06-14T07:00,Santacruz_AWS,19.1197,72.8468,0.0,0.0,1004.3,71,23.7,0.218
2023-06-14T08:00,Santacruz_AWS,19.1197,72.8468,0.2,0.2,1005.1,92,24.6,0.219
2023-06-14T09:00,Santacruz_AWS,19.1197,72.8468,0.1,0.1,1005.4,90,30.3,0.218
2023-06-14T10:00,Santacruz_AWS,19.1197,72.8468,0.1,0.1,1006.0,99,31.8,0.218
2023-06-14T11:00,Santacruz_AWS,19.1197,72.8468,0.0,0.0,1005.7,90,32.8,0.216
2023-06-14T12:00,Santacruz_AWS,19.1197,72.8468,0.1,0.1,1005.8,27,33.7,0.215
2023-06-14T13:00,Santacruz_AWS,19.1197,72.8468,0.1,0.1,1005.5,48,33.8,0.214
2023-06-14T14:00,Santacruz_AWS,19.1197,72.8468,0.0,0.0,1005.2,45,29.9,0.212
2023-06-14T15:00,Santacruz_AWS,19.1197,72.8468,0.0,0.0,1004.4,49,28.9,0.211
2023-06-14T16:00,Santacruz_AWS,19.1197,72.8468,0.0,0.0,1004.2,46,29.5,0.209
2023-06-14T17:00,Santacruz_AWS,19.1197,72.8468,0.0,0.0,1003.9,22,25.5,0.221
2023-06-14T18:00,Santacruz_AWS,19.1197,72.8468,0.1,0.1,1004.0,26,27.2,0.221
2023-06-14T19:00,Santacruz_AWS,19.1197,72.8468,0.1,0.1,1004.3,12,27.4,0.221
2023-06-14T20:00,Santacruz_AWS,19.1197,72.8468,0.0,0.0,1004.9,22,26.7,0.221
2023-06-14T21:00,Santacruz_AWS,19.1197,72.8468,0.1,0.1,1005.8,90,27.5,0.221
2023-06-14T22:00,Santacruz_AWS,19.1197,72.8468,0.0,0.0,1005.9,96,26.3,0.221
2023-06-14T23:00,Santacruz_AWS,19.1197,72.8468,0.2,0.2,1005.6,33,24.8,0.222
2023-06-15T00:00,Santacruz_AWS,19.1197,72.8468,0.0,0.0,1004.9,15,24.9,0.222
2023-06-15T01:00,Santacruz_AWS,19.1197,72.8468,0.0,0.0,1004.5,37,26.3,0.222
2023-06-15T02:00,Santacruz_AWS,19.1197,72.8468,0.1,0.1,1003.9,56,26.0,0.222
2023-06-15T03:00,Santacruz_AWS,19.1197,72.8468,0.5,0.5,1003.7,9,25.3,0.226
2023-06-15T04:00,Santacruz_AWS,19.1197,72.8468,0.2,0.2,1003.6,14,26.6,0.228
2023-06-15T05:00,Santacruz_AWS,19.1197,72.8468,0.3,0.3,1003.8,82,25.0,0.249
2023-06-15T06:00,Santacruz_AWS,19.1197,72.8468,0.1,0.1,1004.3,39,25.5,0.249
2023-06-15T07:00,Santacruz_AWS,19.1197,72.8468,0.0,0.0,1004.9,20,28.3,0.249
2023-06-15T08:00,Santacruz_AWS,19.1197,72.8468,0.0,0.0,1005.6,11,31.7,0.248
2023-06-15T09:00,Santacruz_AWS,19.1197,72.8468,0.0,0.0,1006.2,16,31.4,0.246
2023-06-15T10:00,Santacruz_AWS,19.1197,72.8468,0.1,0.1,1006.3,20,32.0,0.244
2023-06-15T11:00,Santacruz_AWS,19.1197,72.8468,0.1,0.1,1006.1,20,32.0,0.243
2023-06-15T12:00,Santacruz_AWS,19.1197,72.8468,0.1,0.1,1005.6,15,31.6,0.24
2023-06-15T13:00,Santacruz_AWS,19.1197,72.8468,0.1,0.1,1004.8,21,32.5,0.238
2023-06-15T14:00,Santacruz_AWS,19.1197,72.8468,0.1,0.1,1004.3,5,33.2,0.237
2023-06-15T15:00,Santacruz_AWS,19.1197,72.8468,0.2,0.2,1004.0,16,33.7,0.236
2023-06-15T16:00,Santacruz_AWS,19.1197,72.8468,0.1,0.1,1003.7,10,32.1,0.235
2023-06-15T17:00,Santacruz_AWS,19.1197,72.8468,0.0,0.0,1003.5,5,30.9,0.238
2023-06-15T18:00,Santacruz_AWS,19.1197,72.8468,0.1,0.1,1003.7,98,31.1,0.238
2023-06-15T19:00,Santacruz_AWS,19.1197,72.8468,0.2,0.2,1004.1,98,30.0,0.239
2023-06-15T20:00,Santacruz_AWS,19.1197,72.8468,0.4,0.4,1004.6,89,29.6,0.242
2023-06-15T21:00,Santacruz_AWS,19.1197,72.8468,0.0,0.0,1004.9,97,29.3,0.242
2023-06-15T22:00,Santacruz_AWS,19.1197,72.8468,0.0,0.0,1005.0,78,29.9,0.242
2023-06-15T23:00,Santacruz_AWS,19.1197,72.8468,0.1,0.1,1005.0,82,29.6,0.242
2023-06-16T00:00,Santacruz_AWS,19.1197,72.8468,0.0,0.0,1004.2,69,31.2,0.242
2023-06-16T01:00,Santacruz_AWS,19.1197,72.8468,0.0,0.0,1003.2,57,30.7,0.241
2023-06-16T02:00,Santacruz_AWS,19.1197,72.8468,0.3,0.3,1003.0,97,30.6,0.243
2023-06-16T03:00,Santacruz_AWS,19.1197,72.8468,0.1,0.1,1002.8,95,29.4,0.244
2023-06-16T04:00,Santacruz_AWS,19.1197,72.8468,0.2,0.2,1002.8,100,27.7,0.245
2023-06-16T05:00,Santacruz_AWS,19.1197,72.8468,0.3,0.3,1002.8,78,29.9,0.239
2023-06-16T06:00,Santacruz_AWS,19.1197,72.8468,0.0,0.0,1002.9,55,31.9,0.239
2023-06-16T07:00,Santacruz_AWS,19.1197,72.8468,0.6,0.6,1003.7,96,33.7,0.244
2023-06-16T08:00,Santacruz_AWS,19.1197,72.8468,0.2,0.2,1004.4,87,34.8,0.245
2023-06-16T09:00,Santacruz_AWS,19.1197,72.8468,0.0,0.0,1004.8,40,36.1,0.243
2023-06-16T10:00,Santacruz_AWS,19.1197,72.8468,0.6,0.6,1005.2,88,35.7,0.247
2023-06-16T11:00,Santacruz_AWS,19.1197,72.8468,0.2,0.2,1005.3,42,32.6,0.247
2023-06-16T12:00,Santacruz_AWS,19.1197,72.8468,0.3,0.3,1004.7,41,37.5,0.247
2023-06-16T13:00,Santacruz_AWS,19.1197,72.8468,0.1,0.1,1004.1,92,35.4,0.245
2023-06-16T14:00,Santacruz_AWS,19.1197,72.8468,0.4,0.4,1003.5,90,33.6,0.245
2023-06-16T15:00,Santacruz_AWS,19.1197,72.8468,0.5,0.5,1003.3,100,31.1,0.247
2023-06-16T16:00,Santacruz_AWS,19.1197,72.8468,0.1,0.1,1003.2,98,27.0,0.247
2023-06-16T17:00,Santacruz_AWS,19.1197,72.8468,0.1,0.1,1003.4,91,29.1,0.244
2023-06-16T18:00,Santacruz_AWS,19.1197,72.8468,0.0,0.0,1003.3,98,27.8,0.243
2023-06-16T19:00,Santacruz_AWS,19.1197,72.8468,0.1,0.1,1004.1,100,23.7,0.243
2023-06-16T20:00,Santacruz_AWS,19.1197,72.8468,0.1,0.1,1004.4,91,23.4,0.244
2023-06-16T21:00,Santacruz_AWS,19.1197,72.8468,0.1,0.1,1004.6,13,24.8,0.243
2023-06-16T22:00,Santacruz_AWS,19.1197,72.8468,0.1,0.1,1004.9,55,23.7,0.244
2023-06-16T23:00,Santacruz_AWS,19.1197,72.8468,0.2,0.2,1005.0,93,24.2,0.245
2023-06-17T00:00,Santacruz_AWS,19.1197,72.8468,0.1,0.1,1004.6,93,22.1,0.245
2023-06-17T01:00,Santacruz_AWS,19.1197,72.8468,0.3,0.3,1004.4,100,21.6,0.248
2023-06-17T02:00,Santacruz_AWS,19.1197,72.8468,0.9,0.9,1003.7,95,18.9,0.257
2023-06-17T03:00,Santacruz_AWS,19.1197,72.8468,0.0,0.0,1003.5,74,20.0,0.257
2023-06-17T04:00,Santacruz_AWS,19.1197,72.8468,0.4,0.4,1003.2,73,22.2,0.261
2023-06-17T05:00,Santacruz_AWS,19.1197,72.8468,0.1,0.1,1003.9,54,19.4,0.256
2023-06-17T06:00,Santacruz_AWS,19.1197,72.8468,0.0,0.0,1004.4,84,19.9,0.256
2023-06-17T07:00,Santacruz_AWS,19.1197,72.8468,0.6,0.6,1005.2,95,20.0,0.26
2023-06-17T08:00,Santacruz_AWS,19.1197,72.8468,0.5,0.5,1005.5,92,22.2,0.265
2023-06-17T09:00,Santacruz_AWS,19.1197,72.8468,0.2,0.2,1005.5,28,26.1,0.264
2023-06-17T10:00,Santacruz_AWS,19.1197,72.8468,0.3,0.3,1005.5,67,25.7,0.265
2023-06-17T11:00,Santacruz_AWS,19.1197,72.8468,0.1,0.1,1005.5,34,26.0,0.263
2023-06-17T12:00,Santacruz_AWS,19.1197,72.8468,0.3,0.3,1005.5,37,25.3,0.262
2023-06-17T13:00,Santacruz_AWS,19.1197,72.8468,0.3,0.3,1005.2,35,26.1,0.261
2023-06-17T14:00,Santacruz_AWS,19.1197,72.8468,0.5,0.5,1004.4,53,25.3,0.263
2023-06-17T15:00,Santacruz_AWS,19.1197,72.8468,0.2,0.2,1004.0,35,24.3,0.262
2023-06-17T16:00,Santacruz_AWS,19.1197,72.8468,0.2,0.2,1003.6,18,23.1,0.262
2023-06-17T17:00,Santacruz_AWS,19.1197,72.8468,0.1,0.1,1004.5,25,20.5,0.254
2023-06-17T18:00,Santacruz_AWS,19.1197,72.8468,0.1,0.1,1004.9,64,17.5,0.254
2023-06-17T19:00,Santacruz_AWS,19.1197,72.8468,0.0,0.0,1005.2,43,18.6,0.254
2023-06-17T20:00,Santacruz_AWS,19.1197,72.8468,0.0,0.0,1005.7,28,19.9,0.253
2023-06-17T21:00,Santacruz_AWS,19.1197,72.8468,0.1,0.1,1006.1,30,19.9,0.253
2023-06-17T22:00,Santacruz_AWS,19.1197,72.8468,0.6,0.6,1006.6,49,20.2,0.258
2023-06-17T23:00,Santacruz_AWS,19.1197,72.8468,0.7,0.7,1006.3,35,19.9,0.265
2023-06-18T00:00,Santacruz_AWS,19.1197,72.8468,0.3,0.3,1006.1,40,19.1,0.267
2023-06-18T01:00,Santacruz_AWS,19.1197,72.8468,0.2,0.2,1005.6,49,18.3,0.269
2023-06-18T02:00,Santacruz_AWS,19.1197,72.8468,0.8,0.8,1004.6,81,19.6,0.278
2023-06-18T03:00,Santacruz_AWS,19.1197,72.8468,0.2,0.2,1004.5,66,19.7,0.28
2023-06-18T04:00,Santacruz_AWS,19.1197,72.8468,0.2,0.2,1004.0,16,19.5,0.28
2023-06-18T05:00,Santacruz_AWS,19.1197,72.8468,0.1,0.1,1005.3,47,12.5,0.27
2023-06-18T06:00,Santacruz_AWS,19.1197,72.8468,0.2,0.2,1005.6,99,14.3,0.271
2023-06-18T07:00,Santacruz_AWS,19.1197,72.8468,0.3,0.3,1005.9,99,16.6,0.274
2023-06-18T08:00,Santacruz_AWS,19.1197,72.8468,0.1,0.1,1006.0,100,19.3,0.273
2023-06-18T09:00,Santacruz_AWS,19.1197,72.8468,0.5,0.5,1006.5,98,20.5,0.275
2023-06-18T10:00,Santacruz_AWS,19.1197,72.8468,0.3,0.3,1006.7,98,21.0,0.276
2023-06-18T11:00,Santacruz_AWS,19.1197,72.8468,0.5,0.5,1006.4,100,22.8,0.277
2023-06-18T12:00,Santacruz_AWS,19.1197,72.8468,0.3,0.3,1006.1,99,22.8,0.276
2023-06-18T13:00,Santacruz_AWS,19.1197,72.8468,0.1,0.1,1005.5,100,20.9,0.273
2023-06-18T14:00,Santacruz_AWS,19.1197,72.8468,0.3,0.3,1004.8,81,20.7,0.272
2023-06-18T15:00,Santacruz_AWS,19.1197,72.8468,0.2,0.2,1004.4,99,20.9,0.271
2023-06-18T16:00,Santacruz_AWS,19.1197,72.8468,0.0,0.0,1004.0,100,19.5,0.269
2023-06-18T17:00,Santacruz_AWS,19.1197,72.8468,0.0,0.0,1004.6,28,18.0,0.267
2023-06-18T18:00,Santacruz_AWS,19.1197,72.8468,0.0,0.0,1004.7,76,14.8,0.266
2023-06-18T19:00,Santacruz_AWS,19.1197,72.8468,0.0,0.0,1004.9,99,13.4,0.265
2023-06-18T20:00,Santacruz_AWS,19.1197,72.8468,0.0,0.0,1005.2,20,12.0,0.265
2023-06-18T21:00,Santacruz_AWS,19.1197,72.8468,0.0,0.0,1005.7,14,11.6,0.264
2023-06-18T22:00,Santacruz_AWS,19.1197,72.8468,0.0,0.0,1006.0,89,12.7,0.263
2023-06-18T23:00,Santacruz_AWS,19.1197,72.8468,0.0,0.0,1006.0,100,13.2,0.263
2023-06-19T00:00,Santacruz_AWS,19.1197,72.8468,0.0,0.0,1005.5,100,12.6,0.262
2023-06-19T01:00,Santacruz_AWS,19.1197,72.8468,0.0,0.0,1004.8,100,13.4,0.261
2023-06-19T02:00,Santacruz_AWS,19.1197,72.8468,0.0,0.0,1004.5,100,14.7,0.261
2023-06-19T03:00,Santacruz_AWS,19.1197,72.8468,0.0,0.0,1004.1,100,15.1,0.26
2023-06-19T04:00,Santacruz_AWS,19.1197,72.8468,0.1,0.1,1004.1,100,15.4,0.26
2023-06-19T05:00,Santacruz_AWS,19.1197,72.8468,0.4,0.4,1004.4,100,14.8,0.256
2023-06-19T06:00,Santacruz_AWS,19.1197,72.8468,0.1,0.1,1004.8,100,16.7,0.256
2023-06-19T07:00,Santacruz_AWS,19.1197,72.8468,0.0,0.0,1005.4,100,17.9,0.255
2023-06-19T08:00,Santacruz_AWS,19.1197,72.8468,0.0,0.0,1005.9,97,18.6,0.254
2023-06-19T09:00,Santacruz_AWS,19.1197,72.8468,0.0,0.0,1006.0,95,17.7,0.251
2023-06-19T10:00,Santacruz_AWS,19.1197,72.8468,0.2,0.2,1006.1,100,19.3,0.25
2023-06-19T11:00,Santacruz_AWS,19.1197,72.8468,0.5,0.5,1005.8,100,19.2,0.251
2023-06-19T12:00,Santacruz_AWS,19.1197,72.8468,0.4,0.4,1005.5,100,20.0,0.252
2023-06-19T13:00,Santacruz_AWS,19.1197,72.8468,0.1,0.1,1004.7,100,19.7,0.249
2023-06-19T14:00,Santacruz_AWS,19.1197,72.8468,0.0,0.0,1003.9,45,19.6,0.246
2023-06-19T15:00,Santacruz_AWS,19.1197,72.8468,0.1,0.1,1003.4,87,19.2,0.244
2023-06-19T16:00,Santacruz_AWS,19.1197,72.8468,0.2,0.2,1002.9,53,19.5,0.243
2023-06-19T17:00,Santacruz_AWS,19.1197,72.8468,0.3,0.3,1003.0,44,15.4,0.236
2023-06-19T18:00,Santacruz_AWS,19.1197,72.8468,0.0,0.0,1003.2,44,14.8,0.235
2023-06-19T19:00,Santacruz_AWS,19.1197,72.8468,0.0,0.0,1003.3,24,12.3,0.234
2023-06-19T20:00,Santacruz_AWS,19.1197,72.8468,0.0,0.0,1003.7,20,11.1,0.234
2023-06-19T21:00,Santacruz_AWS,19.1197,72.8468,0.0,0.0,1004.0,43,12.4,0.234
2023-06-19T22:00,Santacruz_AWS,19.1197,72.8468,0.0,0.0,1004.3,95,12.2,0.233
2023-06-19T23:00,Santacruz_AWS,19.1197,72.8468,0.0,0.0,1004.1,90,11.7,0.233
2023-06-20T00:00,Santacruz_AWS,19.1197,72.8468,0.0,0.0,1003.6,82,11.7,0.233
2023-06-20T01:00,Santacruz_AWS,19.1197,72.8468,0.0,0.0,1003.2,96,11.3,0.232
2023-06-20T02:00,Santacruz_AWS,19.1197,72.8468,0.0,0.0,1002.9,63,11.8,0.232
2023-06-20T03:00,Santacruz_AWS,19.1197,72.8468,0.0,0.0,1002.7,47,13.0,0.232
2023-06-20T04:00,Santacruz_AWS,19.1197,72.8468,0.0,0.0,1002.7,94,10.2,0.232
2023-06-20T05:00,Santacruz_AWS,19.1197,72.8468,0.0,0.0,1002.9,99,11.4,0.236
2023-06-20T06:00,Santacruz_AWS,19.1197,72.8468,0.0,0.0,1003.3,97,10.4,0.235
2023-06-20T07:00,Santacruz_AWS,19.1197,72.8468,0.0,0.0,1003.8,99,13.4,0.235
2023-06-20T08:00,Santacruz_AWS,19.1197,72.8468,0.0,0.0,1004.4,99,13.6,0.234
2023-06-20T09:00,Santacruz_AWS,19.1197,72.8468,0.1,0.1,1004.8,98,14.4,0.233
2023-06-20T10:00,Santacruz_AWS,19.1197,72.8468,0.3,0.3,1004.8,90,15.3,0.233
2023-06-20T11:00,Santacruz_AWS,19.1197,72.8468,0.2,0.2,1004.5,89,15.3,0.233
2023-06-20T12:00,Santacruz_AWS,19.1197,72.8468,0.1,0.1,1004.2,68,17.2,0.23
2023-06-20T13:00,Santacruz_AWS,19.1197,72.8468,0.1,0.1,1003.7,41,19.2,0.229
2023-06-20T14:00,Santacruz_AWS,19.1197,72.8468,0.1,0.1,1003.1,18,20.4,0.226
2023-06-20T15:00,Santacruz_AWS,19.1197,72.8468,0.0,0.0,1002.6,48,19.6,0.224
2023-06-20T16:00,Santacruz_AWS,19.1197,72.8468,0.0,0.0,1002.0,25,19.4,0.223
2023-06-20T17:00,Santacruz_AWS,19.1197,72.8468,0.0,0.0,1002.6,26,17.1,0.225
2023-06-20T18:00,Santacruz_AWS,19.1197,72.8468,0.1,0.1,1002.8,97,16.4,0.225
2023-06-20T19:00,Santacruz_AWS,19.1197,72.8468,0.1,0.1,1003.4,100,14.8,0.225
2023-06-20T20:00,Santacruz_AWS,19.1197,72.8468,0.0,0.0,1004.0,100,12.1,0.225
2023-06-20T21:00,Santacruz_AWS,19.1197,72.8468,0.0,0.0,1004.6,100,9.0,0.225
2023-06-20T22:00,Santacruz_AWS,19.1197,72.8468,0.0,0.0,1005.0,96,8.7,0.225
2023-06-20T23:00,Santacruz_AWS,19.1197,72.8468,0.0,0.0,1004.8,99,9.4,0.225
2023-06-21T00:00,Santacruz_AWS,19.1197,72.8468,0.1,0.1,1004.3,100,10.0,0.225
2023-06-21T01:00,Santacruz_AWS,19.1197,72.8468,0.0,0.0,1003.8,100,9.4,0.225
2023-06-21T02:00,Santacruz_AWS,19.1197,72.8468,0.0,0.0,1003.1,100,9.3,0.225
2023-06-21T03:00,Santacruz_AWS,19.1197,72.8468,0.1,0.1,1002.9,99,10.3,0.225
2023-06-21T04:00,Santacruz_AWS,19.1197,72.8468,0.1,0.1,1002.9,100,9.7,0.226
2023-06-21T05:00,Santacruz_AWS,19.1197,72.8468,0.1,0.1,1003.2,97,7.3,0.23
2023-06-21T06:00,Santacruz_AWS,19.1197,72.8468,0.3,0.3,1003.8,28,6.9,0.235
2023-06-21T07:00,Santacruz_AWS,19.1197,72.8468,0.6,0.6,1004.1,97,8.8,0.242
2023-06-21T08:00,Santacruz_AWS,19.1197,72.8468,0.7,0.7,1004.6,67,10.7,0.249
2023-06-21T09:00,Santacruz_AWS,19.1197,72.8468,0.3,0.3,1005.1,26,12.4,0.251
2023-06-21T10:00,Santacruz_AWS,19.1197,72.8468,0.1,0.1,1005.3,35,14.6,0.25
2023-06-21T11:00,Santacruz_AWS,19.1197,72.8468,0.1,0.1,1005.1,24,16.6,0.248
2023-06-21T12:00,Santacruz_AWS,19.1197,72.8468,0.1,0.1,1004.7,37,17.7,0.246
2023-06-21T13:00,Santacruz_AWS,19.1197,72.8468,0.1,0.1,1004.2,14,18.6,0.243
2023-06-21T14:00,Santacruz_AWS,19.1197,72.8468,0.1,0.1,1003.4,38,19.5,0.241
2023-06-21T15:00,Santacruz_AWS,19.1197,72.8468,0.0,0.0,1002.9,85,19.6,0.238
2023-06-21T16:00,Santacruz_AWS,19.1197,72.8468,0.1,0.1,1002.6,89,19.3,0.237
2023-06-21T17:00,Santacruz_AWS,19.1197,72.8468,0.0,0.0,1002.5,100,16.2,0.219
2023-06-21T18:00,Santacruz_AWS,19.1197,72.8468,0.0,0.0,1002.9,100,15.3,0.218
2023-06-21T19:00,Santacruz_AWS,19.1197,72.8468,0.0,0.0,1003.5,100,13.0,0.218
2023-06-21T20:00,Santacruz_AWS,19.1197,72.8468,0.0,0.0,1004.3,99,12.4,0.217
2023-06-21T21:00,Santacruz_AWS,19.1197,72.8468,0.0,0.0,1004.9,100,11.7,0.217
2023-06-21T22:00,Santacruz_AWS,19.1197,72.8468,0.0,0.0,1005.2,97,11.4,0.217
2023-06-21T23:00,Santacruz_AWS,19.1197,72.8468,0.0,0.0,1005.1,100,12.2,0.217
2023-06-22T00:00,Santacruz_AWS,19.1197,72.8468,0.1,0.1,1004.9,100,13.2,0.217
2023-06-22T01:00,Santacruz_AWS,19.1197,72.8468,0.1,0.1,1004.3,100,13.8,0.218
2023-06-22T02:00,Santacruz_AWS,19.1197,72.8468,0.1,0.1,1003.7,100,13.0,0.219
2023-06-22T03:00,Santacruz_AWS,19.1197,72.8468,0.4,0.4,1003.5,100,11.6,0.223
2023-06-22T04:00,Santacruz_AWS,19.1197,72.8468,0.4,0.4,1003.4,96,13.8,0.227
2023-06-22T05:00,Santacruz_AWS,19.1197,72.8468,0.0,0.0,1004.1,100,10.0,0.222
2023-06-22T06:00,Santacruz_AWS,19.1197,72.8468,0.0,0.0,1004.6,100,9.1,0.222
2023-06-22T07:00,Santacruz_AWS,19.1197,72.8468,0.0,0.0,1005.1,100,10.1,0.222
2023-06-22T08:00,Santacruz_AWS,19.1197,72.8468,0.1,0.1,1005.3,95,11.8,0.222
2023-06-22T09:00,Santacruz_AWS,19.1197,72.8468,0.1,0.1,1005.8,35,12.6,0.222
2023-06-22T10:00,Santacruz_AWS,19.1197,72.8468,0.2,0.2,1005.7,80,13.5,0.222
2023-06-22T11:00,Santacruz_AWS,19.1197,72.8468,0.1,0.1,1005.3,99,15.5,0.221
2023-06-22T12:00,Santacruz_AWS,19.1197,72.8468,0.1,0.1,1004.8,100,16.6,0.219
2023-06-22T13:00,Santacruz_AWS,19.1197,72.8468,0.1,0.1,1004.1,100,17.4,0.217
2023-06-22T14:00,Santacruz_AWS,19.1197,72.8468,0.0,0.0,1003.3,99,18.2,0.215
2023-06-22T15:00,Santacruz_AWS,19.1197,72.8468,0.0,0.0,1002.8,98,18.7,0.213
2023-06-22T16:00,Santacruz_AWS,19.1197,72.8468,0.0,0.0,1002.5,59,17.7,0.212
2023-06-22T17:00,Santacruz_AWS,19.1197,72.8468,0.0,0.0,1002.4,86,15.2,0.211
2023-06-22T18:00,Santacruz_AWS,19.1197,72.8468,0.0,0.0,1002.5,100,14.7,0.21
2023-06-22T19:00,Santacruz_AWS,19.1197,72.8468,0.0,0.0,1003.2,100,12.4,0.21
2023-06-22T20:00,Santacruz_AWS,19.1197,72.8468,0.0,0.0,1003.8,100,11.1,0.209
2023-06-22T21:00,Santacruz_AWS,19.1197,72.8468,0.0,0.0,1004.1,100,11.8,0.209
2023-06-22T22:00,Santacruz_AWS,19.1197,72.8468,0.0,0.0,1004.7,100,12.2,0.209
2023-06-22T23:00,Santacruz_AWS,19.1197,72.8468,0.1,0.1,1004.8,91,11.5,0.21
2023-06-23T00:00,Santacruz_AWS,19.1197,72.8468,0.2,0.2,1004.7,99,11.8,0.212
2023-06-23T01:00,Santacruz_AWS,19.1197,72.8468,0.2,0.2,1004.2,100,11.2,0.213
2023-06-23T02:00,Santacruz_AWS,19.1197,72.8468,0.2,0.2,1003.7,100,11.1,0.215
2023-06-23T03:00,Santacruz_AWS,19.1197,72.8468,0.4,0.4,1003.6,100,10.1,0.218
2023-06-23T04:00,Santacruz_AWS,19.1197,72.8468,0.4,0.4,1003.6,100,8.7,0.222
2023-06-23T05:00,Santacruz_AWS,19.1197,72.8468,0.2,0.2,1003.5,85,9.6,0.217
2023-06-23T06:00,Santacruz_AWS,19.1197,72.8468,0.1,0.1,1004.2,100,8.2,0.218
2023-06-23T07:00,Santacruz_AWS,19.1197,72.8468,0.2,0.2,1004.3,75,9.9,0.219
2023-06-23T08:00,Santacruz_AWS,19.1197,72.8468,0.1,0.1,1004.8,76,12.5,0.22
2023-06-23T09:00,Santacruz_AWS,19.1197,72.8468,0.1,0.1,1005.1,98,10.3,0.221
2023-06-23T10:00,Santacruz_AWS,19.1197,72.8468,0.0,0.0,1005.2,71,13.2,0.22
2023-06-23T11:00,Santacruz_AWS,19.1197,72.8468,0.0,0.0,1005.1,48,14.3,0.218
2023-06-23T12:00,Santacruz_AWS,19.1197,72.8468,0.0,0.0,1004.7,44,14.7,0.216
2023-06-23T13:00,Santacruz_AWS,19.1197,72.8468,0.0,0.0,1004.0,18,14.3,0.214
2023-06-23T14:00,Santacruz_AWS,19.1197,72.8468,0.0,0.0,1003.1,100,16.5,0.212
2023-06-23T15:00,Santacruz_AWS,19.1197,72.8468,0.1,0.1,1002.3,98,18.8,0.211
2023-06-23T16:00,Santacruz_AWS,19.1197,72.8468,0.1,0.1,1002.1,100,19.3,0.21
2023-06-23T17:00,Santacruz_AWS,19.1197,72.8468,0.0,0.0,1001.9,100,17.3,0.206
2023-06-23T18:00,Santacruz_AWS,19.1197,72.8468,0.0,0.0,1002.3,95,14.9,0.206
2023-06-23T19:00,Santacruz_AWS,19.1197,72.8468,0.0,0.0,1003.0,100,13.7,0.205
2023-06-23T20:00,Santacruz_AWS,19.1197,72.8468,0.1,0.1,1003.5,100,12.2,0.206
2023-06-23T21:00,Santacruz_AWS,19.1197,72.8468,0.1,0.1,1004.0,100,12.0,0.206
2023-06-23T22:00,Santacruz_AWS,19.1197,72.8468,0.1,0.1,1004.2,100,14.4,0.207
2023-06-23T23:00,Santacruz_AWS,19.1197,72.8468,0.3,0.3,1004.4,100,15.8,0.209
2023-06-24T00:00,Santacruz_AWS,19.1197,72.8468,0.6,0.6,1004.3,100,15.1,0.215
2023-06-24T01:00,Santacruz_AWS,19.1197,72.8468,0.5,0.5,1003.2,99,11.3,0.22
2023-06-24T02:00,Santacruz_AWS,19.1197,72.8468,1.0,1.0,1002.8,100,10.9,0.233
2023-06-24T03:00,Santacruz_AWS,19.1197,72.8468,0.5,0.5,1002.3,100,9.7,0.24
2023-06-24T04:00,Santacruz_AWS,19.1197,72.8468,0.1,0.1,1001.9,100,8.4,0.24
2023-06-24T05:00,Santacruz_AWS,19.1197,72.8468,0.0,0.0,1001.9,100,8.9,0.278
2023-06-24T06:00,Santacruz_AWS,19.1197,72.8468,0.6,0.6,1002.4,100,4.9,0.285
2023-06-24T07:00,Santacruz_AWS,19.1197,72.8468,0.0,0.0,1002.6,100,8.0,0.284
2023-06-24T08:00,Santacruz_AWS,19.1197,72.8468,0.0,0.0,1003.0,100,7.3,0.283
2023-06-24T09:00,Santacruz_AWS,19.1197,72.8468,0.1,0.1,1003.1,100,9.7,0.283
2023-06-24T10:00,Santacruz_AWS,19.1197,72.8468,1.8,1.8,1003.5,100,12.5,0.301
2023-06-24T11:00,Santacruz_AWS,19.1197,72.8468,1.6,1.6,1003.5,100,10.5,0.319
2023-06-24T12:00,Santacruz_AWS,19.1197,72.8468,0.1,0.1,1003.1,100,13.4,0.316
2023-06-24T13:00,Santacruz_AWS,19.1197,72.8468,0.0,0.0,1002.6,100,14.1,0.312
2023-06-24T14:00,Santacruz_AWS,19.1197,72.8468,1.2,1.2,1002.2,100,17.7,0.32
2023-06-24T15:00,Santacruz_AWS,19.1197,72.8468,0.2,0.2,1001.2,99,13.5,0.319
2023-06-24T16:00,Santacruz_AWS,19.1197,72.8468,0.1,0.1,1001.2,100,14.8,0.316
2023-06-24T17:00,Santacruz_AWS,19.1197,72.8468,1.3,1.3,1001.3,100,16.7,0.388
2023-06-24T18:00,Santacruz_AWS,19.1197,72.8468,0.7,0.7,1001.8,100,13.0,0.385
2023-06-24T19:00,Santacruz_AWS,19.1197,72.8468,0.3,0.3,1002.5,100,8.4,0.379
2023-06-24T20:00,Santacruz_AWS,19.1197,72.8468,3.9,3.9,1003.3,100,10.0,0.413
2023-06-24T21:00,Santacruz_AWS,19.1197,72.8468,2.5,2.5,1003.7,100,6.5,0.42
2023-06-24T22:00,Santacruz_AWS,19.1197,72.8468,2.3,2.3,1004.0,100,6.5,0.42
2023-06-24T23:00,Santacruz_AWS,19.1197,72.8468,1.3,1.3,1003.8,100,13.0,0.414
2023-06-25T00:00,Santacruz_AWS,19.1197,72.8468,0.3,0.3,1003.4,100,13.7,0.402
2023-06-25T01:00,Santacruz_AWS,19.1197,72.8468,0.3,0.3,1002.5,100,9.2,0.394
2023-06-25T02:00,Santacruz_AWS,19.1197,72.8468,0.3,0.3,1001.7,100,7.2,0.389
2023-06-25T03:00,Santacruz_AWS,19.1197,72.8468,0.2,0.2,1001.0,90,9.3,0.384
2023-06-25T04:00,Santacruz_AWS,19.1197,72.8468,0.1,0.1,1001.0,100,9.0,0.379
2023-06-25T05:00,Santacruz_AWS,19.1197,72.8468,0.3,0.3,1001.7,100,11.2,0.385
2023-06-25T06:00,Santacruz_AWS,19.1197,72.8468,2.1,2.1,1002.3,100,15.6,0.404
2023-06-25T07:00,Santacruz_AWS,19.1197,72.8468,1.1,1.1,1002.4,100,10.7,0.404
2023-06-25T08:00,Santacruz_AWS,19.1197,72.8468,1.5,1.5,1003.1,100,15.9,0.409
2023-06-25T09:00,Santacruz_AWS,19.1197,72.8468,9.3,9.3,1003.6,100,4.6,0.43
2023-06-25T10:00,Santacruz_AWS,19.1197,72.8468,7.3,7.3,1003.7,100,2.0,0.417
2023-06-25T11:00,Santacruz_AWS,19.1197,72.8468,2.8,2.8,1003.7,100,7.4,0.422
2023-06-25T12:00,Santacruz_AWS,19.1197,72.8468,1.0,1.0,1003.3,100,11.9,0.416
2023-06-25T13:00,Santacruz_AWS,19.1197,72.8468,0.4,0.4,1002.8,100,14.1,0.408
2023-06-25T14:00,Santacruz_AWS,19.1197,72.8468,1.3,1.3,1002.3,100,17.3,0.413
2023-06-25T15:00,Santacruz_AWS,19.1197,72.8468,0.5,0.5,1001.7,100,15.5,0.407
2023-06-25T16:00,Santacruz_AWS,19.1197,72.8468,0.1,0.1,1001.4,100,18.3,0.4
2023-06-25T17:00,Santacruz_AWS,19.1197,72.8468,0.2,0.2,1002.0,100,12.5,0.384
2023-06-25T18:00,Santacruz_AWS,19.1197,72.8468,0.3,0.3,1002.2,100,12.3,0.382
2023-06-25T19:00,Santacruz_AWS,19.1197,72.8468,1.2,1.2,1003.1,100,11.5,0.392
2023-06-25T20:00,Santacruz_AWS,19.1197,72.8468,0.5,0.5,1003.6,100,11.7,0.392
2023-06-25T21:00,Santacruz_AWS,19.1197,72.8468,0.6,0.6,1004.6,100,12.6,0.393
2023-06-25T22:00,Santacruz_AWS,19.1197,72.8468,1.1,1.1,1004.8,100,12.2,0.402
2023-06-25T23:00,Santacruz_AWS,19.1197,72.8468,0.1,0.1,1004.6,100,14.2,0.395
2023-06-26T00:00,Santacruz_AWS,19.1197,72.8468,0.5,0.5,1004.0,100,15.0,0.395
2023-06-26T01:00,Santacruz_AWS,19.1197,72.8468,0.1,0.1,1003.5,100,14.3,0.39
2023-06-26T02:00,Santacruz_AWS,19.1197,72.8468,0.3,0.3,1003.0,100,17.7,0.387
2023-06-26T03:00,Santacruz_AWS,19.1197,72.8468,0.7,0.7,1002.9,100,15.0,0.392
2023-06-26T04:00,Santacruz_AWS,19.1197,72.8468,0.4,0.4,1003.1,100,15.7,0.391
2023-06-26T05:00,Santacruz_AWS,19.1197,72.8468,1.3,1.3,1003.2,100,15.9,0.42
2023-06-26T06:00,Santacruz_AWS,19.1197,72.8468,2.8,2.8,1003.2,100,13.5,0.431
2023-06-26T07:00,Santacruz_AWS,19.1197,72.8468,3.1,3.1,1004.5,100,18.9,0.434
2023-06-26T08:00,Santacruz_AWS,19.1197,72.8468,1.3,1.3,1004.6,100,10.1,0.425
2023-06-26T09:00,Santacruz_AWS,19.1197,72.8468,1.3,1.3,1005.4,100,18.9,0.428
2023-06-26T10:00,Santacruz_AWS,19.1197,72.8468,1.0,1.0,1005.4,100,16.2,0.425
2023-06-26T11:00,Santacruz_AWS,19.1197,72.8468,0.4,0.4,1005.4,100,15.1,0.418
2023-06-26T12:00,Santacruz_AWS,19.1197,72.8468,1.1,1.1,1005.2,100,16.1,0.421
2023-06-26T13:00,Santacruz_AWS,19.1197,72.8468,0.6,0.6,1004.8,100,17.9,0.418
2023-06-26T14:00,Santacruz_AWS,19.1197,72.8468,0.8,0.8,1003.5,100,18.7,0.419
2023-06-26T15:00,Santacruz_AWS,19.1197,72.8468,0.1,0.1,1003.4,100,13.8,0.413
2023-06-26T16:00,Santacruz_AWS,19.1197,72.8468,1.3,1.3,1003.3,100,16.6,0.421
2023-06-26T17:00,Santacruz_AWS,19.1197,72.8468,0.5,0.5,1002.9,100,14.8,0.418
2023-06-26T18:00,Santacruz_AWS,19.1197,72.8468,1.0,1.0,1003.4,100,13.3,0.426
2023-06-26T19:00,Santacruz_AWS,19.1197,72.8468,0.2,0.2,1003.3,100,6.0,0.421
2023-06-26T20:00,Santacruz_AWS,19.1197,72.8468,0.9,0.9,1004.6,100,8.4,0.427
2023-06-26T21:00,Santacruz_AWS,19.1197,72.8468,1.8,1.8,1005.3,100,10.8,0.434
2023-06-26T22:00,Santacruz_AWS,19.1197,72.8468,1.1,1.1,1005.3,100,7.1,0.432
2023-06-26T23:00,Santacruz_AWS,19.1197,72.8468,0.6,0.6,1005.0,100,9.9,0.431
2023-06-27T00:00,Santacruz_AWS,19.1197,72.8468,0.7,0.7,1004.2,100,14.1,0.432
2023-06-27T01:00,Santacruz_AWS,19.1197,72.8468,0.3,0.3,1003.7,100,14.0,0.427
2023-06-27T02:00,Santacruz_AWS,19.1197,72.8468,2.1,2.1,1003.4,100,15.4,0.439
2023-06-27T03:00,Santacruz_AWS,19.1197,72.8468,2.7,2.7,1002.7,100,16.6,0.437
2023-06-27T04:00,Santacruz_AWS,19.1197,72.8468,2.4,2.4,1002.5,100,17.4,0.438
2023-06-27T05:00,Santacruz_AWS,19.1197,72.8468,1.0,1.0,1003.1,100,8.2,0.431
2023-06-27T06:00,Santacruz_AWS,19.1197,72.8468,0.6,0.6,1003.0,100,6.5,0.432
2023-06-27T07:00,Santacruz_AWS,19.1197,72.8468,0.6,0.6,1003.4,100,10.8,0.433
2023-06-27T08:00,Santacruz_AWS,19.1197,72.8468,0.3,0.3,1003.8,100,12.8,0.429
2023-06-27T09:00,Santacruz_AWS,19.1197,72.8468,0.3,0.3,1004.5,100,12.7,0.427
2023-06-27T10:00,Santacruz_AWS,19.1197,72.8468,0.5,0.5,1004.6,100,13.0,0.426
2023-06-27T11:00,Santacruz_AWS,19.1197,72.8468,2.4,2.4,1004.9,100,20.9,0.439
2023-06-27T12:00,Santacruz_AWS,19.1197,72.8468,1.2,1.2,1004.6,100,15.0,0.434
2023-06-27T13:00,Santacruz_AWS,19.1197,72.8468,0.3,0.3,1004.0,100,17.3,0.429
2023-06-27T14:00,Santacruz_AWS,19.1197,72.8468,2.5,2.5,1003.5,100,16.8,0.433
2023-06-27T15:00,Santacruz_AWS,19.1197,72.8468,0.6,0.6,1002.8,100,18.8,0.431
2023-06-27T16:00,Santacruz_AWS,19.1197,72.8468,1.0,1.0,1002.9,100,17.1,0.435
2023-06-27T17:00,Santacruz_AWS,19.1197,72.8468,0.5,0.5,1003.0,100,11.5,0.434
2023-06-27T18:00,Santacruz_AWS,19.1197,72.8468,0.7,0.7,1003.4,100,9.7,0.433
2023-06-27T19:00,Santacruz_AWS,19.1197,72.8468,0.6,0.6,1003.6,100,11.8,0.432
2023-06-27T20:00,Santacruz_AWS,19.1197,72.8468,0.6,0.6,1004.1,100,13.8,0.432
2023-06-27T21:00,Santacruz_AWS,19.1197,72.8468,0.5,0.5,1004.5,100,10.7,0.43
2023-06-27T22:00,Santacruz_AWS,19.1197,72.8468,0.4,0.4,1005.0,100,10.4,0.429
2023-06-27T23:00,Santacruz_AWS,19.1197,72.8468,0.4,0.4,1005.0,100,13.8,0.428
2023-06-28T00:00,Santacruz_AWS,19.1197,72.8468,1.1,1.1,1004.6,100,14.7,0.437
2023-06-28T01:00,Santacruz_AWS,19.1197,72.8468,1.3,1.3,1004.0,100,13.6,0.436
2023-06-28T02:00,Santacruz_AWS,19.1197,72.8468,1.0,1.0,1003.3,100,17.1,0.436
2023-06-28T03:00,Santacruz_AWS,19.1197,72.8468,3.0,3.0,1003.4,100,15.1,0.439
2023-06-28T04:00,Santacruz_AWS,19.1197,72.8468,1.4,1.4,1003.0,100,16.4,0.437
2023-06-28T05:00,Santacruz_AWS,19.1197,72.8468,2.9,2.9,1002.9,100,15.1,0.438
2023-06-28T06:00,Santacruz_AWS,19.1197,72.8468,1.7,1.7,1003.0,100,14.5,0.432
2023-06-28T07:00,Santacruz_AWS,19.1197,72.8468,0.3,0.3,1003.7,100,13.7,0.43
2023-06-28T08:00,Santacruz_AWS,19.1197,72.8468,2.4,2.4,1004.7,100,15.7,0.437
2023-06-28T09:00,Santacruz_AWS,19.1197,72.8468,2.3,2.3,1005.2,100,10.6,0.435
2023-06-28T10:00,Santacruz_AWS,19.1197,72.8468,1.7,1.7,1005.6,100,16.6,0.438
2023-06-28T11:00,Santacruz_AWS,19.1197,72.8468,1.3,1.3,1005.3,100,15.9,0.437
2023-06-28T12:00,Santacruz_AWS,19.1197,72.8468,0.5,0.5,1004.9,100,15.1,0.432
2023-06-28T13:00,Santacruz_AWS,19.1197,72.8468,1.7,1.7,1004.1,100,19.4,0.439
2023-06-28T14:00,Santacruz_AWS,19.1197,72.8468,1.7,1.7,1003.7,100,20.4,0.439
2023-06-28T15:00,Santacruz_AWS,19.1197,72.8468,2.1,2.1,1003.1,100,15.5,0.435
2023-06-28T16:00,Santacruz_AWS,19.1197,72.8468,1.5,1.5,1003.1,100,19.8,0.437
2023-06-28T17:00,Santacruz_AWS,19.1197,72.8468,4.4,4.4,1003.4,100,15.3,0.438
2023-06-28T18:00,Santacruz_AWS,19.1197,72.8468,1.7,1.7,1004.0,100,13.7,0.438
2023-06-28T19:00,Santacruz_AWS,19.1197,72.8468,2.3,2.3,1004.3,100,12.9,0.438
2023-06-28T20:00,Santacruz_AWS,19.1197,72.8468,2.0,2.0,1005.0,100,13.8,0.436
2023-06-28T21:00,Santacruz_AWS,19.1197,72.8468,2.9,2.9,1005.5,100,15.8,0.438
2023-06-28T22:00,Santacruz_AWS,19.1197,72.8468,1.5,1.5,1005.9,100,18.6,0.435
2023-06-28T23:00,Santacruz_AWS,19.1197,72.8468,3.0,3.0,1006.4,100,15.0,0.436
2023-06-29T00:00,Santacruz_AWS,19.1197,72.8468,1.8,1.8,1005.6,100,16.4,0.438
2023-06-29T01:00,Santacruz_AWS,19.1197,72.8468,1.1,1.1,1004.7,100,16.7,0.437
2023-06-29T02:00,Santacruz_AWS,19.1197,72.8468,1.2,1.2,1004.1,100,16.3,0.438
2023-06-29T03:00,Santacruz_AWS,19.1197,72.8468,1.4,1.4,1003.3,100,12.9,0.438
2023-06-29T04:00,Santacruz_AWS,19.1197,72.8468,2.7,2.7,1003.4,100,11.8,0.439
2023-06-29T05:00,Santacruz_AWS,19.1197,72.8468,3.6,3.6,1004.1,100,19.0,0.435
2023-06-29T06:00,Santacruz_AWS,19.1197,72.8468,2.5,2.5,1004.3,100,16.6,0.439
2023-06-29T07:00,Santacruz_AWS,19.1197,72.8468,2.3,2.3,1004.6,100,14.2,0.434
2023-06-29T08:00,Santacruz_AWS,19.1197,72.8468,1.0,1.0,1005.3,100,15.3,0.438
2023-06-29T09:00,Santacruz_AWS,19.1197,72.8468,1.7,1.7,1005.8,100,16.5,0.436
2023-06-29T10:00,Santacruz_AWS,19.1197,72.8468,3.5,3.5,1006.0,100,10.9,0.439
2023-06-29T11:00,Santacruz_AWS,19.1197,72.8468,2.4,2.4,1005.6,100,14.8,0.438
2023-06-29T12:00,Santacruz_AWS,19.1197,72.8468,2.5,2.5,1005.2,100,16.6,0.437
2023-06-29T13:00,Santacruz_AWS,19.1197,72.8468,2.5,2.5,1004.5,100,20.5,0.434
2023-06-29T14:00,Santacruz_AWS,19.1197,72.8468,3.3,3.3,1004.1,100,17.8,0.437
2023-06-29T15:00,Santacruz_AWS,19.1197,72.8468,0.9,0.9,1003.4,100,17.4,0.435
2023-06-29T16:00,Santacruz_AWS,19.1197,72.8468,2.9,2.9,1003.5,100,19.7,0.437
2023-06-29T17:00,Santacruz_AWS,19.1197,72.8468,3.3,3.3,1003.2,100,19.2,0.434
2023-06-29T18:00,Santacruz_AWS,19.1197,72.8468,0.9,0.9,1003.5,100,18.0,0.435
2023-06-29T19:00,Santacruz_AWS,19.1197,72.8468,0.6,0.6,1004.1,100,16.4,0.434
2023-06-29T20:00,Santacruz_AWS,19.1197,72.8468,1.1,1.1,1004.6,100,17.1,0.436
2023-06-29T21:00,Santacruz_AWS,19.1197,72.8468,1.5,1.5,1005.3,100,15.3,0.437
2023-06-29T22:00,Santacruz_AWS,19.1197,72.8468,3.7,3.7,1005.5,100,19.7,0.439
2023-06-29T23:00,Santacruz_AWS,19.1197,72.8468,1.6,1.6,1005.6,100,17.4,0.435
2023-06-30T00:00,Santacruz_AWS,19.1197,72.8468,1.0,1.0,1005.1,100,18.4,0.434
2023-06-30T01:00,Santacruz_AWS,19.1197,72.8468,1.7,1.7,1004.6,100,15.6,0.439
2023-06-30T02:00,Santacruz_AWS,19.1197,72.8468,2.0,2.0,1004.0,100,16.9,0.436
2023-06-30T03:00,Santacruz_AWS,19.1197,72.8468,3.8,3.8,1003.8,100,18.8,0.439
2023-06-30T04:00,Santacruz_AWS,19.1197,72.8468,2.4,2.4,1003.8,100,20.1,0.439
2023-06-30T05:00,Santacruz_AWS,19.1197,72.8468,2.3,2.3,1003.4,100,17.2,0.438
2023-06-30T06:00,Santacruz_AWS,19.1197,72.8468,2.1,2.1,1003.8,100,21.1,0.439
2023-06-30T07:00,Santacruz_AWS,19.1197,72.8468,1.0,1.0,1004.5,100,22.5,0.437
2023-06-30T08:00,Santacruz_AWS,19.1197,72.8468,1.6,1.6,1005.0,100,22.6,0.434
2023-06-30T09:00,Santacruz_AWS,19.1197,72.8468,2.0,2.0,1005.9,100,18.3,0.439
2023-06-30T10:00,Santacruz_AWS,19.1197,72.8468,2.4,2.4,1006.3,100,21.9,0.439
2023-06-30T11:00,Santacruz_AWS,19.1197,72.8468,2.3,2.3,1006.1,100,23.0,0.439
2023-06-30T12:00,Santacruz_AWS,19.1197,72.8468,3.3,3.3,1005.7,100,25.3,0.433
2023-06-30T13:00,Santacruz_AWS,19.1197,72.8468,1.0,1.0,1005.0,100,27.3,0.433
2023-06-30T14:00,Santacruz_AWS,19.1197,72.8468,1.8,1.8,1003.9,100,24.9,0.438
2023-06-30T15:00,Santacruz_AWS,19.1197,72.8468,1.2,1.2,1003.4,100,23.5,0.434
2023-06-30T16:00,Santacruz_AWS,19.1197,72.8468,2.6,2.6,1003.1,100,21.1,0.436
2023-06-30T17:00,Santacruz_AWS,19.1197,72.8468,4.6,4.6,1002.9,100,23.4,0.438
2023-06-30T18:00,Santacruz_AWS,19.1197,72.8468,2.4,2.4,1003.3,100,22.4,0.439
2023-06-30T19:00,Santacruz_AWS,19.1197,72.8468,2.6,2.6,1003.8,100,17.0,0.436
2023-06-30T20:00,Santacruz_AWS,19.1197,72.8468,3.1,3.1,1004.5,100,18.5,0.434
2023-06-30T21:00,Santacruz_AWS,19.1197,72.8468,1.1,1.1,1005.0,100,16.9,0.437
2023-06-30T22:00,Santacruz_AWS,19.1197,72.8468,5.1,5.1,1005.3,100,19.8,0.434
2023-06-30T23:00,Santacruz_AWS,19.1197,72.8468,2.4,2.4,1005.2,100,20.2,0.439
2023-07-01T00:00,Santacruz_AWS,19.1197,72.8468,1.8,1.8,1004.7,100,18.1,0.437
2023-07-01T01:00,Santacruz_AWS,19.1197,72.8468,2.9,2.9,1004.2,100,15.5,0.435
2023-07-01T02:00,Santacruz_AWS,19.1197,72.8468,2.0,2.0,1003.8,100,13.8,0.437
2023-07-01T03:00,Santacruz_AWS,19.1197,72.8468,3.3,3.3,1003.7,100,19.7,0.439
2023-07-01T04:00,Santacruz_AWS,19.1197,72.8468,5.6,5.6,1003.7,100,14.4,0.434
2023-07-01T05:00,Santacruz_AWS,19.1197,72.8468,1.6,1.6,1003.4,100,14.7,0.438
2023-07-01T06:00,Santacruz_AWS,19.1197,72.8468,2.6,2.6,1004.2,100,15.4,0.439
2023-07-01T07:00,Santacruz_AWS,19.1197,72.8468,3.6,3.6,1004.8,100,18.0,0.436
2023-07-01T08:00,Santacruz_AWS,19.1197,72.8468,2.5,2.5,1005.6,100,19.3,0.439
2023-07-01T09:00,Santacruz_AWS,19.1197,72.8468,2.2,2.2,1006.5,100,19.7,0.434
2023-07-01T10:00,Santacruz_AWS,19.1197,72.8468,2.3,2.3,1006.2,100,18.9,0.432
2023-07-01T11:00,Santacruz_AWS,19.1197,72.8468,1.5,1.5,1006.6,100,21.0,0.432
2023-07-01T12:00,Santacruz_AWS,19.1197,72.8468,0.3,0.3,1006.4,99,21.3,0.428
2023-07-01T13:00,Santacruz_AWS,19.1197,72.8468,0.2,0.2,1005.9,100,21.4,0.424
2023-07-01T14:00,Santacruz_AWS,19.1197,72.8468,1.6,1.6,1005.4,100,19.6,0.433
2023-07-01T15:00,Santacruz_AWS,19.1197,72.8468,0.7,0.7,1004.7,100,23.1,0.432
2023-07-01T16:00,Santacruz_AWS,19.1197,72.8468,0.1,0.1,1004.3,100,22.4,0.427
2023-07-01T17:00,Santacruz_AWS,19.1197,72.8468,0.2,0.2,1004.2,100,16.1,0.43
2023-07-01T18:00,Santacruz_AWS,19.1197,72.8468,0.7,0.7,1004.4,97,14.5,0.433
2023-07-01T19:00,Santacruz_AWS,19.1197,72.8468,0.7,0.7,1004.9,90,13.4,0.434
2023-07-01T20:00,Santacruz_AWS,19.1197,72.8468,1.8,1.8,1005.9,100,15.6,0.439
2023-07-01T21:00,Santacruz_AWS,19.1197,72.8468,0.9,0.9,1006.5,100,15.0,0.434
2023-07-01T22:00,Santacruz_AWS,19.1197,72.8468,0.5,0.5,1006.9,97,12.9,0.433
2023-07-01T23:00,Santacruz_AWS,19.1197,72.8468,0.9,0.9,1007.0,100,11.3,0.437
2023-07-02T00:00,Santacruz_AWS,19.1197,72.8468,0.8,0.8,1006.4,100,16.5,0.438
2023-07-02T01:00,Santacruz_AWS,19.1197,72.8468,1.3,1.3,1005.4,100,13.0,0.434
2023-07-02T02:00,Santacruz_AWS,19.1197,72.8468,3.4,3.4,1004.9,100,17.1,0.439
2023-07-02T03:00,Santacruz_AWS,19.1197,72.8468,1.3,1.3,1004.1,99,18.1,0.434
2023-07-02T04:00,Santacruz_AWS,19.1197,72.8468,3.4,3.4,1003.9,100,17.8,0.433
2023-07-02T05:00,Santacruz_AWS,19.1197,72.8468,2.1,2.1,1003.9,100,15.2,0.428
2023-07-02T06:00,Santacruz_AWS,19.1197,72.8468,0.7,0.7,1004.3,76,15.5,0.431
2023-07-02T07:00,Santacruz_AWS,19.1197,72.8468,1.1,1.1,1005.0,100,16.3,0.434
2023-07-02T08:00,Santacruz_AWS,19.1197,72.8468,0.9,0.9,1005.2,92,19.4,0.436
2023-07-02T09:00,Santacruz_AWS,19.1197,72.8468,0.3,0.3,1005.6,58,18.4,0.431
2023-07-02T10:00,Santacruz_AWS,19.1197,72.8468,0.3,0.3,1005.5,88,16.9,0.428
2023-07-02T11:00,Santacruz_AWS,19.1197,72.8468,2.5,2.5,1005.1,87,20.5,0.434
2023-07-02T12:00,Santacruz_AWS,19.1197,72.8468,0.6,0.6,1004.5,71,20.0,0.431
2023-07-02T13:00,Santacruz_AWS,19.1197,72.8468,1.0,1.0,1004.0,91,18.0,0.428
2023-07-02T14:00,Santacruz_AWS,19.1197,72.8468,0.9,0.9,1003.3,100,20.5,0.431
2023-07-02T15:00,Santacruz_AWS,19.1197,72.8468,4.0,4.0,1002.8,95,16.4,0.427
2023-07-02T16:00,Santacruz_AWS,19.1197,72.8468,0.5,0.5,1002.6,100,16.8,0.426
2023-07-02T17:00,Santacruz_AWS,19.1197,72.8468,0.3,0.3,1003.0,100,13.0,0.428
2023-07-02T18:00,Santacruz_AWS,19.1197,72.8468,2.1,2.1,1003.1,100,14.3,0.439
2023-07-02T19:00,Santacruz_AWS,19.1197,72.8468,4.4,4.4,1003.7,100,8.4,0.427
2023-07-02T20:00,Santacruz_AWS,19.1197,72.8468,0.9,0.9,1004.1,100,11.8,0.432
2023-07-02T21:00,Santacruz_AWS,19.1197,72.8468,1.1,1.1,1004.7,99,12.2,0.437
2023-07-02T22:00,Santacruz_AWS,19.1197,72.8468,0.5,0.5,1005.2,100,14.9,0.434
2023-07-02T23:00,Santacruz_AWS,19.1197,72.8468,0.3,0.3,1005.0,100,13.5,0.43
2023-07-03T00:00,Santacruz_AWS,19.1197,72.8468,0.5,0.5,1004.5,98,13.9,0.43
2023-07-03T01:00,Santacruz_AWS,19.1197,72.8468,0.3,0.3,1004.0,100,15.2,0.428
2023-07-03T02:00,Santacruz_AWS,19.1197,72.8468,0.4,0.4,1003.3,95,16.6,0.428
2023-07-03T03:00,Santacruz_AWS,19.1197,72.8468,0.4,0.4,1003.1,87,15.9,0.428
2023-07-03T04:00,Santacruz_AWS,19.1197,72.8468,0.2,0.2,1002.7,85,14.0,0.426
2023-07-03T05:00,Santacruz_AWS,19.1197,72.8468,0.2,0.2,1002.6,100,11.3,0.434
2023-07-03T06:00,Santacruz_AWS,19.1197,72.8468,0.3,0.3,1002.8,95,12.2,0.431
2023-07-03T07:00,Santacruz_AWS,19.1197,72.8468,0.2,0.2,1002.9,95,12.6,0.427
2023-07-03T08:00,Santacruz_AWS,19.1197,72.8468,0.5,0.5,1003.3,99,17.0,0.427
2023-07-03T09:00,Santacruz_AWS,19.1197,72.8468,0.3,0.3,1003.7,67,15.0,0.425
2023-07-03T10:00,Santacruz_AWS,19.1197,72.8468,0.1,0.1,1003.9,100,15.0,0.421
2023-07-03T11:00,Santacruz_AWS,19.1197,72.8468,0.5,0.5,1003.5,95,12.8,0.421
2023-07-03T12:00,Santacruz_AWS,19.1197,72.8468,0.2,0.2,1002.9,100,17.5,0.419
2023-07-03T13:00,Santacruz_AWS,19.1197,72.8468,0.1,0.1,1002.2,98,14.8,0.416
2023-07-03T14:00,Santacruz_AWS,19.1197,72.8468,0.1,0.1,1001.4,100,17.7,0.413
2023-07-03T15:00,Santacruz_AWS,19.1197,72.8468,0.1,0.1,1000.8,98,16.0,0.411
2023-07-03T16:00,Santacruz_AWS,19.1197,72.8468,0.0,0.0,1000.4,98,13.7,0.409
2023-07-03T17:00,Santacruz_AWS,19.1197,72.8468,1.0,1.0,1000.6,100,16.6,0.436
2023-07-03T18:00,Santacruz_AWS,19.1197,72.8468,1.6,1.6,1000.6,97,12.6,0.431
2023-07-03T19:00,Santacruz_AWS,19.1197,72.8468,0.1,0.1,1001.4,96,9.7,0.427
2023-07-03T20:00,Santacruz_AWS,19.1197,72.8468,0.1,0.1,1002.0,94,9.4,0.424
2023-07-03T21:00,Santacruz_AWS,19.1197,72.8468,0.1,0.1,1002.6,100,5.4,0.421
2023-07-03T22:00,Santacruz_AWS,19.1197,72.8468,0.2,0.2,1003.4,98,4.2,0.422
2023-07-03T23:00,Santacruz_AWS,19.1197,72.8468,1.1,1.1,1003.1,89,8.8,0.431
2023-07-04T00:00,Santacruz_AWS,19.1197,72.8468,0.7,0.7,1002.9,98,9.7,0.435
2023-07-04T01:00,Santacruz_AWS,19.1197,72.8468,2.4,2.4,1002.5,98,9.5,0.434
2023-07-04T02:00,Santacruz_AWS,19.1197,72.8468,0.1,0.1,1001.7,100,9.8,0.428
2023-07-04T03:00,Santacruz_AWS,19.1197,72.8468,0.1,0.1,1001.4,100,8.4,0.425
2023-07-04T04:00,Santacruz_AWS,19.1197,72.8468,1.0,1.0,1001.4,100,9.4,0.434
2023-07-04T05:00,Santacruz_AWS,19.1197,72.8468,3.8,3.8,1000.5,100,10.1,0.434
2023-07-04T06:00,Santacruz_AWS,19.1197,72.8468,0.4,0.4,1000.6,100,12.9,0.431
2023-07-04T07:00,Santacruz_AWS,19.1197,72.8468,7.2,7.2,1001.6,100,13.4,0.439
2023-07-04T08:00,Santacruz_AWS,19.1197,72.8468,19.8,19.8,1002.2,100,9.0,0.439
2023-07-04T09:00,Santacruz_AWS,19.1197,72.8468,1.5,1.5,1002.4,100,10.7,0.427
2023-07-04T10:00,Santacruz_AWS,19.1197,72.8468,0.2,0.2,1002.4,98,13.7,0.424
2023-07-04T11:00,Santacruz_AWS,19.1197,72.8468,3.9,3.9,1002.4,100,12.8,0.439
2023-07-04T12:00,Santacruz_AWS,19.1197,72.8468,1.0,1.0,1001.7,100,11.5,0.425
2023-07-04T13:00,Santacruz_AWS,19.1197,72.8468,0.2,0.2,1001.0,100,13.9,0.421
2023-07-04T14:00,Santacruz_AWS,19.1197,72.8468,0.1,0.1,1000.0,100,16.8,0.418
2023-07-04T15:00,Santacruz_AWS,19.1197,72.8468,0.0,0.0,999.4,100,14.9,0.415
2023-07-04T16:00,Santacruz_AWS,19.1197,72.8468,0.1,0.1,998.7,100,15.8,0.413
2023-07-04T17:00,Santacruz_AWS,19.1197,72.8468,1.1,1.1,999.0,100,15.5,0.438
2023-07-04T18:00,Santacruz_AWS,19.1197,72.8468,1.0,1.0,999.4,100,12.6,0.427
2023-07-04T19:00,Santacruz_AWS,19.1197,72.8468,0.3,0.3,999.8,100,9.2,0.425
2023-07-04T20:00,Santacruz_AWS,19.1197,72.8468,1.1,1.1,1000.5,100,10.1,0.434
2023-07-04T21:00,Santacruz_AWS,19.1197,72.8468,1.1,1.1,1000.9,100,8.7,0.437
2023-07-04T22:00,Santacruz_AWS,19.1197,72.8468,0.8,0.8,1001.3,100,9.7,0.437
2023-07-04T23:00,Santacruz_AWS,19.1197,72.8468,0.4,0.4,1001.0,100,7.7,0.433
2023-07-05T00:00,Santacruz_AWS,19.1197,72.8468,0.1,0.1,1000.8,100,10.9,0.428
2023-07-05T01:00,Santacruz_AWS,19.1197,72.8468,0.5,0.5,1000.5,100,9.7,0.429
2023-07-05T02:00,Santacruz_AWS,19.1197,72.8468,0.6,0.6,999.6,100,11.5,0.431
2023-07-05T03:00,Santacruz_AWS,19.1197,72.8468,0.1,0.1,999.4,100,12.7,0.427
2023-07-05T04:00,Santacruz_AWS,19.1197,72.8468,0.1,0.1,999.2,100,10.1,0.424
2023-07-05T05:00,Santacruz_AWS,19.1197,72.8468,0.3,0.3,998.8,100,9.7,0.421
2023-07-05T06:00,Santacruz_AWS,19.1197,72.8468,0.1,0.1,998.9,100,9.0,0.419
2023-07-05T07:00,Santacruz_AWS,19.1197,72.8468,0.1,0.1,999.3,100,10.2,0.418
2023-07-05T08:00,Santacruz_AWS,19.1197,72.8468,0.1,0.1,999.8,100,9.8,0.417
2023-07-05T09:00,Santacruz_AWS,19.1197,72.8468,0.2,0.2,999.8,100,10.4,0.416
2023-07-05T10:00,Santacruz_AWS,19.1197,72.8468,6.4,6.4,1000.3,100,12.7,0.439
2023-07-05T11:00,Santacruz_AWS,19.1197,72.8468,1.1,1.1,1000.0,92,11.2,0.43
2023-07-05T12:00,Santacruz_AWS,19.1197,72.8468,0.4,0.4,999.5,92,12.2,0.427
2023-07-05T13:00,Santacruz_AWS,19.1197,72.8468,4.3,4.3,998.9,99,14.5,0.439
2023-07-05T14:00,Santacruz_AWS,19.1197,72.8468,4.7,4.7,998.4,100,13.6,0.431
2023-07-05T15:00,Santacruz_AWS,19.1197,72.8468,0.2,0.2,997.6,100,12.3,0.427
2023-07-05T16:00,Santacruz_AWS,19.1197,72.8468,0.1,0.1,997.4,100,11.0,0.423
2023-07-05T17:00,Santacruz_AWS,19.1197,72.8468,0.2,0.2,997.3,100,9.7,0.425
2023-07-05T18:00,Santacruz_AWS,19.1197,72.8468,1.4,1.4,998.0,100,9.8,0.435
2023-07-05T19:00,Santacruz_AWS,19.1197,72.8468,0.9,0.9,998.6,100,6.6,0.436
2023-07-05T20:00,Santacruz_AWS,19.1197,72.8468,5.3,5.3,999.5,100,8.6,0.437
2023-07-05T21:00,Santacruz_AWS,19.1197,72.8468,3.4,3.4,1000.2,100,8.1,0.439
2023-07-05T22:00,Santacruz_AWS,19.1197,72.8468,4.7,4.7,1000.7,100,7.3,0.43
2023-07-05T23:00,Santacruz_AWS,19.1197,72.8468,0.6,0.6,1000.7,100,8.1,0.431
2023-07-06T00:00,Santacruz_AWS,19.1197,72.8468,4.1,4.1,1000.5,100,7.7,0.434
2023-07-06T01:00,Santacruz_AWS,19.1197,72.8468,1.9,1.9,1000.0,100,6.7,0.432
2023-07-06T02:00,Santacruz_AWS,19.1197,72.8468,1.8,1.8,999.3,100,5.8,0.427
2023-07-06T03:00,Santacruz_AWS,19.1197,72.8468,1.4,1.4,999.2,99,6.1,0.439
2023-07-06T04:00,Santacruz_AWS,19.1197,72.8468,13.9,13.9,999.2,100,5.1,0.439
2023-07-06T05:00,Santacruz_AWS,19.1197,72.8468,5.5,5.5,999.5,100,5.1,0.439
2023-07-06T06:00,Santacruz_AWS,19.1197,72.8468,11.1,11.1,999.8,100,4.1,0.438
2023-07-06T07:00,Santacruz_AWS,19.1197,72.8468,7.0,7.0,1000.1,100,7.0,0.438
2023-07-06T08:00,Santacruz_AWS,19.1197,72.8468,3.1,3.1,1000.4,100,9.4,0.431
2023-07-06T09:00,Santacruz_AWS,19.1197,72.8468,7.0,7.0,1000.9,100,8.1,0.434
2023-07-06T10:00,Santacruz_AWS,19.1197,72.8468,12.0,12.0,1001.3,100,7.8,0.439
2023-07-06T11:00,Santacruz_AWS,19.1197,72.8468,4.2,4.2,1001.3,100,13.8,0.439
2023-07-06T12:00,Santacruz_AWS,19.1197,72.8468,5.8,5.8,1001.1,100,17.9,0.434
2023-07-06T13:00,Santacruz_AWS,19.1197,72.8468,4.7,4.7,1000.5,100,19.9,0.437
2023-07-06T14:00,Santacruz_AWS,19.1197,72.8468,3.1,3.1,1000.2,100,21.2,0.437
2023-07-06T15:00,Santacruz_AWS,19.1197,72.8468,2.2,2.2,999.7,100,24.5,0.434
2023-07-06T16:00,Santacruz_AWS,19.1197,72.8468,2.7,2.7,999.5,100,22.3,0.435
2023-07-06T17:00,Santacruz_AWS,19.1197,72.8468,2.1,2.1,999.5,100,21.7,0.431
2023-07-06T18:00,Santacruz_AWS,19.1197,72.8468,0.8,0.8,1000.1,100,21.7,0.432
2023-07-06T19:00,Santacruz_AWS,19.1197,72.8468,0.5,0.5,1001.0,100,21.4,0.43
2023-07-06T20:00,Santacruz_AWS,19.1197,72.8468,0.7,0.7,1001.7,100,19.2,0.433
2023-07-06T21:00,Santacruz_AWS,19.1197,72.8468,0.9,0.9,1002.4,100,21.0,0.435
2023-07-06T22:00,Santacruz_AWS,19.1197,72.8468,0.3,0.3,1002.4,100,18.3,0.431
2023-07-06T23:00,Santacruz_AWS,19.1197,72.8468,0.7,0.7,1002.5,100,18.9,0.434
2023-07-07T00:00,Santacruz_AWS,19.1197,72.8468,0.3,0.3,1002.1,100,19.2,0.431
2023-07-07T01:00,Santacruz_AWS,19.1197,72.8468,0.4,0.4,1001.5,100,16.0,0.43
2023-07-07T02:00,Santacruz_AWS,19.1197,72.8468,0.8,0.8,1000.6,100,15.2,0.434
2023-07-07T03:00,Santacruz_AWS,19.1197,72.8468,1.0,1.0,1000.6,100,15.6,0.437
2023-07-07T04:00,Santacruz_AWS,19.1197,72.8468,1.3,1.3,1000.5,100,18.4,0.437
2023-07-07T05:00,Santacruz_AWS,19.1197,72.8468,0.6,0.6,1000.4,100,17.1,0.438
2023-07-07T06:00,Santacruz_AWS,19.1197,72.8468,1.7,1.7,1000.6,100,16.0,0.428
2023-07-07T07:00,Santacruz_AWS,19.1197,72.8468,3.2,3.2,1001.7,100,20.4,0.437
2023-07-07T08:00,Santacruz_AWS,19.1197,72.8468,5.3,5.3,1002.2,100,18.6,0.431
2023-07-07T09:00,Santacruz_AWS,19.1197,72.8468,1.1,1.1,1002.5,100,16.3,0.435
2023-07-07T10:00,Santacruz_AWS,19.1197,72.8468,1.8,1.8,1002.6,100,20.0,0.434
2023-07-07T11:00,Santacruz_AWS,19.1197,72.8468,1.1,1.1,1002.6,100,22.4,0.435
2023-07-07T12:00,Santacruz_AWS,19.1197,72.8468,1.3,1.3,1002.1,100,20.8,0.427
2023-07-07T13:00,Santacruz_AWS,19.1197,72.8468,3.6,3.6,1001.4,100,26.8,0.433
2023-07-07T14:00,Santacruz_AWS,19.1197,72.8468,2.3,2.3,1000.4,100,25.5,0.43
2023-07-07T15:00,Santacruz_AWS,19.1197,72.8468,2.7,2.7,1000.2,100,23.8,0.427
2023-07-07T16:00,Santacruz_AWS,19.1197,72.8468,2.5,2.5,1000.3,100,24.3,0.439
2023-07-07T17:00,Santacruz_AWS,19.1197,72.8468,3.3,3.3,1000.1,100,26.3,0.424
2023-07-07T18:00,Santacruz_AWS,19.1197,72.8468,2.2,2.2,1000.6,100,26.4,0.439
2023-07-07T19:00,Santacruz_AWS,19.1197,72.8468,3.4,3.4,1001.7,100,23.5,0.438
2023-07-07T20:00,Santacruz_AWS,19.1197,72.8468,4.3,4.3,1002.7,100,21.5,0.434
2023-07-07T21:00,Santacruz_AWS,19.1197,72.8468,3.4,3.4,1003.2,100,20.5,0.439
2023-07-07T22:00,Santacruz_AWS,19.1197,72.8468,1.5,1.5,1003.6,100,21.8,0.434
2023-07-07T23:00,Santacruz_AWS,19.1197,72.8468,1.6,1.6,1003.7,100,22.0,0.439
2023-07-08T00:00,Santacruz_AWS,19.1197,72.8468,2.8,2.8,1003.2,100,22.8,0.437
2023-07-08T01:00,Santacruz_AWS,19.1197,72.8468,2.5,2.5,1002.7,100,22.2,0.429
2023-07-08T02:00,Santacruz_AWS,19.1197,72.8468,0.6,0.6,1002.3,100,22.6,0.429
2023-07-08T03:00,Santacruz_AWS,19.1197,72.8468,1.0,1.0,1002.1,100,17.6,0.435
2023-07-08T04:00,Santacruz_AWS,19.1197,72.8468,0.4,0.4,1002.2,100,19.9,0.434
2023-07-08T05:00,Santacruz_AWS,19.1197,72.8468,0.9,0.9,1002.2,100,19.2,0.426
2023-07-08T06:00,Santacruz_AWS,19.1197,72.8468,0.2,0.2,1002.4,100,22.1,0.424
2023-07-08T07:00,Santacruz_AWS,19.1197,72.8468,0.5,0.5,1003.0,98,22.2,0.424
2023-07-08T08:00,Santacruz_AWS,19.1197,72.8468,0.5,0.5,1003.6,100,22.0,0.426
2023-07-08T09:00,Santacruz_AWS,19.1197,72.8468,0.1,0.1,1004.1,100,26.9,0.422
2023-07-08T10:00,Santacruz_AWS,19.1197,72.8468,0.9,0.9,1004.5,100,25.8,0.426
2023-07-08T11:00,Santacruz_AWS,19.1197,72.8468,0.5,0.5,1004.2,98,26.0,0.425
2023-07-08T12:00,Santacruz_AWS,19.1197,72.8468,0.1,0.1,1004.0,97,27.7,0.421
2023-07-08T13:00,Santacruz_AWS,19.1197,72.8468,0.0,0.0,1003.5,100,27.2,0.417
2023-07-08T14:00,Santacruz_AWS,19.1197,72.8468,0.0,0.0,1002.5,100,29.3,0.413
2023-07-08T15:00,Santacruz_AWS,19.1197,72.8468,0.0,0.0,1002.3,98,28.9,0.409
2023-07-08T16:00,Santacruz_AWS,19.1197,72.8468,0.0,0.0,1002.2,98,28.9,0.406
2023-07-08T17:00,Santacruz_AWS,19.1197,72.8468,0.2,0.2,1002.5,58,24.7,0.416
2023-07-08T18:00,Santacruz_AWS,19.1197,72.8468,0.2,0.2,1003.2,86,24.5,0.415
2023-07-08T19:00,Santacruz_AWS,19.1197,72.8468,0.8,0.8,1003.7,90,21.9,0.419
2023-07-08T20:00,Santacruz_AWS,19.1197,72.8468,0.3,0.3,1004.6,93,22.4,0.42
2023-07-08T21:00,Santacruz_AWS,19.1197,72.8468,0.0,0.0,1005.0,75,21.1,0.418
2023-07-08T22:00,Santacruz_AWS,19.1197,72.8468,0.3,0.3,1005.3,67,21.4,0.418
2023-07-08T23:00,Santacruz_AWS,19.1197,72.8468,0.2,0.2,1004.6,92,23.2,0.417
2023-07-09T00:00,Santacruz_AWS,19.1197,72.8468,0.3,0.3,1004.1,61,22.2,0.417
2023-07-09T01:00,Santacruz_AWS,19.1197,72.8468,0.8,0.8,1003.4,92,21.9,0.423
2023-07-09T02:00,Santacruz_AWS,19.1197,72.8468,0.6,0.6,1002.9,84,20.4,0.426
2023-07-09T03:00,Santacruz_AWS,19.1197,72.8468,1.5,1.5,1002.9,81,20.1,0.43
2023-07-09T04:00,Santacruz_AWS,19.1197,72.8468,0.3,0.3,1003.1,86,20.6,0.428
2023-07-09T05:00,Santacruz_AWS,19.1197,72.8468,0.9,0.9,1002.9,100,20.3,0.424
2023-07-09T06:00,Santacruz_AWS,19.1197,72.8468,0.5,0.5,1003.8,74,19.1,0.424
2023-07-09T07:00,Santacruz_AWS,19.1197,72.8468,0.6,0.6,1004.1,67,19.2,0.426
2023-07-09T08:00,Santacruz_AWS,19.1197,72.8468,2.8,2.8,1004.7,39,19.5,0.431
2023-07-09T09:00,Santacruz_AWS,19.1197,72.8468,0.1,0.1,1005.1,80,23.7,0.426
2023-07-09T10:00,Santacruz_AWS,19.1197,72.8468,0.1,0.1,1005.3,25,23.9,0.423
2023-07-09T11:00,Santacruz_AWS,19.1197,72.8468,0.0,0.0,1005.1,22,24.4,0.418
2023-07-09T12:00,Santacruz_AWS,19.1197,72.8468,0.2,0.2,1004.8,71,25.6,0.415
2023-07-09T13:00,Santacruz_AWS,19.1197,72.8468,0.2,0.2,1004.7,54,24.2,0.413
2023-07-09T14:00,Santacruz_AWS,19.1197,72.8468,0.4,0.4,1004.0,74,26.2,0.413
2023-07-09T15:00,Santacruz_AWS,19.1197,72.8468,0.1,0.1,1003.6,95,27.4,0.41
2023-07-09T16:00,Santacruz_AWS,19.1197,72.8468,0.1,0.1,1003.2,100,24.1,0.408
2023-07-09T17:00,Santacruz_AWS,19.1197,72.8468,0.2,0.2,1003.5,100,24.9,0.411
2023-07-09T18:00,Santacruz_AWS,19.1197,72.8468,0.2,0.2,1004.4,100,21.3,0.411
2023-07-09T19:00,Santacruz_AWS,19.1197,72.8468,0.2,0.2,1005.0,100,19.1,0.411
2023-07-09T20:00,Santacruz_AWS,19.1197,72.8468,0.7,0.7,1005.2,100,19.5,0.417
2023-07-09T21:00,Santacruz_AWS,19.1197,72.8468,0.0,0.0,1005.6,100,17.1,0.415
2023-07-09T22:00,Santacruz_AWS,19.1197,72.8468,0.0,0.0,1005.4,100,18.9,0.413
2023-07-09T23:00,Santacruz_AWS,19.1197,72.8468,0.0,0.0,1005.1,100,20.1,0.412
2023-07-10T00:00,Santacruz_AWS,19.1197,72.8468,0.2,0.2,1004.9,100,18.8,0.412
2023-07-10T01:00,Santacruz_AWS,19.1197,72.8468,0.3,0.3,1004.8,100,17.6,0.413
2023-07-10T02:00,Santacruz_AWS,19.1197,72.8468,0.4,0.4,1004.0,100,16.7,0.415
2023-07-10T03:00,Santacruz_AWS,19.1197,72.8468,0.1,0.1,1003.8,96,15.3,0.414
2023-07-10T04:00,Santacruz_AWS,19.1197,72.8468,0.6,0.6,1003.8,98,16.5,0.419
2023-07-10T05:00,Santacruz_AWS,19.1197,72.8468,0.1,0.1,1004.0,100,17.6,0.425
2023-07-10T06:00,Santacruz_AWS,19.1197,72.8468,0.0,0.0,1004.4,100,14.3,0.422
2023-07-10T07:00,Santacruz_AWS,19.1197,72.8468,0.2,0.2,1004.8,100,16.1,0.421
2023-07-10T08:00,Santacruz_AWS,19.1197,72.8468,0.1,0.1,1005.3,100,18.1,0.42
2023-07-10T09:00,Santacruz_AWS,19.1197,72.8468,0.0,0.0,1005.6,98,20.0,0.417
2023-07-10T10:00,Santacruz_AWS,19.1197,72.8468,0.3,0.3,1005.8,99,18.5,0.416
2023-07-10T11:00,Santacruz_AWS,19.1197,72.8468,0.1,0.1,1005.6,100,19.4,0.414
2023-07-10T12:00,Santacruz_AWS,19.1197,72.8468,0.5,0.5,1005.6,100,20.9,0.415
2023-07-10T13:00,Santacruz_AWS,19.1197,72.8468,0.1,0.1,1004.8,97,20.9,0.413
2023-07-10T14:00,Santacruz_AWS,19.1197,72.8468,0.1,0.1,1004.4,82,21.4,0.41
2023-07-10T15:00,Santacruz_AWS,19.1197,72.8468,0.0,0.0,1003.9,27,22.7,0.408
2023-07-10T16:00,Santacruz_AWS,19.1197,72.8468,0.1,0.1,1003.6,77,22.4,0.406
2023-07-10T17:00,Santacruz_AWS,19.1197,72.8468,0.1,0.1,1003.7,27,19.6,0.398
2023-07-10T18:00,Santacruz_AWS,19.1197,72.8468,0.1,0.1,1003.9,84,17.5,0.398
2023-07-10T19:00,Santacruz_AWS,19.1197,72.8468,0.0,0.0,1005.0,69,15.7,0.397
2023-07-10T20:00,Santacruz_AWS,19.1197,72.8468,0.0,0.0,1005.6,97,15.0,0.397
2023-07-10T21:00,Santacruz_AWS,19.1197,72.8468,0.0,0.0,1006.1,74,14.7,0.396
2023-07-10T22:00,Santacruz_AWS,19.1197,72.8468,0.0,0.0,1006.3,91,15.5,0.396
2023-07-10T23:00,Santacruz_AWS,19.1197,72.8468,0.1,0.1,1006.2,18,16.0,0.396
2023-07-11T00:00,Santacruz_AWS,19.1197,72.8468,0.1,0.1,1005.8,49,16.1,0.396
2023-07-11T01:00,Santacruz_AWS,19.1197,72.8468,0.0,0.0,1005.0,88,17.0,0.396
2023-07-11T02:00,Santacruz_AWS,19.1197,72.8468,0.1,0.1,1004.5,42,15.8,0.396
2023-07-11T03:00,Santacruz_AWS,19.1197,72.8468,0.4,0.4,1004.4,70,14.6,0.399
2023-07-11T04:00,Santacruz_AWS,19.1197,72.8468,0.4,0.4,1004.2,23,14.2,0.401
2023-07-11T05:00,Santacruz_AWS,19.1197,72.8468,0.0,0.0,1004.4,53,13.4,0.413
2023-07-11T06:00,Santacruz_AWS,19.1197,72.8468,0.3,0.3,1004.8,54,13.6,0.414
2023-07-11T07:00,Santacruz_AWS,19.1197,72.8468,0.0,0.0,1005.2,99,14.8,0.412
2023-07-11T08:00,Santacruz_AWS,19.1197,72.8468,0.0,0.0,1005.8,100,16.6,0.41
2023-07-11T09:00,Santacruz_AWS,19.1197,72.8468,0.0,0.0,1006.1,100,16.9,0.408
2023-07-11T10:00,Santacruz_AWS,19.1197,72.8468,0.0,0.0,1006.1,97,16.9,0.405
2023-07-11T11:00,Santacruz_AWS,19.1197,72.8468,0.1,0.1,1006.2,80,17.3,0.403
2023-07-11T12:00,Santacruz_AWS,19.1197,72.8468,0.0,0.0,1006.0,100,18.2,0.4
2023-07-11T13:00,Santacruz_AWS,19.1197,72.8468,0.2,0.2,1005.3,97,18.7,0.398
2023-07-11T14:00,Santacruz_AWS,19.1197,72.8468,0.3,0.3,1004.3,100,20.4,0.397
2023-07-11T15:00,Santacruz_AWS,19.1197,72.8468,0.8,0.8,1004.0,100,20.1,0.402
2023-07-11T16:00,Santacruz_AWS,19.1197,72.8468,0.1,0.1,1003.6,100,20.0,0.4
2023-07-11T17:00,Santacruz_AWS,19.1197,72.8468,0.4,0.4,1003.6,100,20.0,0.406
2023-07-11T18:00,Santacruz_AWS,19.1197,72.8468,0.2,0.2,1003.8,100,14.4,0.407
2023-07-11T19:00,Santacruz_AWS,19.1197,72.8468,0.2,0.2,1004.7,100,12.7,0.407
2023-07-11T20:00,Santacruz_AWS,19.1197,72.8468,0.0,0.0,1005.4,100,11.7,0.406
2023-07-11T21:00,Santacruz_AWS,19.1197,72.8468,0.3,0.3,1005.9,100,8.0,0.407
2023-07-11T22:00,Santacruz_AWS,19.1197,72.8468,0.2,0.2,1006.2,100,6.2,0.407
2023-07-11T23:00,Santacruz_AWS,19.1197,72.8468,0.2,0.2,1006.0,100,4.8,0.407
2023-07-12T00:00,Santacruz_AWS,19.1197,72.8468,0.5,0.5,1005.5,100,6.8,0.412
2023-07-12T01:00,Santacruz_AWS,19.1197,72.8468,0.3,0.3,1004.8,100,7.7,0.413
2023-07-12T02:00,Santacruz_AWS,19.1197,72.8468,0.3,0.3,1004.2,100,6.5,0.415
2023-07-12T03:00,Santacruz_AWS,19.1197,72.8468,0.4,0.4,1003.7,100,5.7,0.417
2023-07-12T04:00,Santacruz_AWS,19.1197,72.8468,0.1,0.1,1003.5,100,12.3,0.415
2023-07-12T05:00,Santacruz_AWS,19.1197,72.8468,0.1,0.1,1003.1,100,5.8,0.407
2023-07-12T06:00,Santacruz_AWS,19.1197,72.8468,0.0,0.0,1003.8,100,7.8,0.406
2023-07-12T07:00,Santacruz_AWS,19.1197,72.8468,0.3,0.3,1004.4,100,4.0,0.408
2023-07-12T08:00,Santacruz_AWS,19.1197,72.8468,0.3,0.3,1004.8,100,4.8,0.41
2023-07-12T09:00,Santacruz_AWS,19.1197,72.8468,1.0,1.0,1005.6,100,3.6,0.42
2023-07-12T10:00,Santacruz_AWS,19.1197,72.8468,0.7,0.7,1005.5,100,7.5,0.423
2023-07-12T11:00,Santacruz_AWS,19.1197,72.8468,0.6,0.6,1005.2,100,8.0,0.424
2023-07-12T12:00,Santacruz_AWS,19.1197,72.8468,0.3,0.3,1004.4,100,9.3,0.422
2023-07-12T13:00,Santacruz_AWS,19.1197,72.8468,0.6,0.6,1004.0,100,9.9,0.423
2023-07-12T14:00,Santacruz_AWS,19.1197,72.8468,0.6,0.6,1003.1,100,7.4,0.423
2023-07-12T15:00,Santacruz_AWS,19.1197,72.8468,0.5,0.5,1002.8,100,7.8,0.423
2023-07-12T16:00,Santacruz_AWS,19.1197,72.8468,0.6,0.6,1002.6,100,9.1,0.424
2023-07-12T17:00,Santacruz_AWS,19.1197,72.8468,0.2,0.2,1002.6,100,8.3,0.411
2023-07-12T18:00,Santacruz_AWS,19.1197,72.8468,0.6,0.6,1002.8,100,5.4,0.416
2023-07-12T19:00,Santacruz_AWS,19.1197,72.8468,1.1,1.1,1003.6,100,4.6,0.426
2023-07-12T20:00,Santacruz_AWS,19.1197,72.8468,0.7,0.7,1004.3,100,9.6,0.43
2023-07-12T21:00,Santacruz_AWS,19.1197,72.8468,0.9,0.9,1005.0,100,12.8,0.431
2023-07-12T22:00,Santacruz_AWS,19.1197,72.8468,1.4,1.4,1005.6,100,3.8,0.433
2023-07-12T23:00,Santacruz_AWS,19.1197,72.8468,0.1,0.1,1005.1,100,9.4,0.428
2023-07-13T00:00,Santacruz_AWS,19.1197,72.8468,0.3,0.3,1004.4,100,11.6,0.427
2023-07-13T01:00,Santacruz_AWS,19.1197,72.8468,0.2,0.2,1003.8,100,13.2,0.425
2023-07-13T02:00,Santacruz_AWS,19.1197,72.8468,0.1,0.1,1003.3,100,12.7,0.423
2023-07-13T03:00,Santacruz_AWS,19.1197,72.8468,0.5,0.5,1003.1,100,11.5,0.426
2023-07-13T04:00,Santacruz_AWS,19.1197,72.8468,0.7,0.7,1003.1,100,10.8,0.431
2023-07-13T05:00,Santacruz_AWS,19.1197,72.8468,1.0,1.0,1002.7,100,3.4,0.434
2023-07-13T06:00,Santacruz_AWS,19.1197,72.8468,0.1,0.1,1003.1,100,4.0,0.427
2023-07-13T07:00,Santacruz_AWS,19.1197,72.8468,0.2,0.2,1003.6,100,10.9,0.425
2023-07-13T08:00,Santacruz_AWS,19.1197,72.8468,0.2,0.2,1004.1,100,11.3,0.423
2023-07-13T09:00,Santacruz_AWS,19.1197,72.8468,0.1,0.1,1004.7,100,11.8,0.421
2023-07-13T10:00,Santacruz_AWS,19.1197,72.8468,0.1,0.1,1004.8,100,14.3,0.419
2023-07-13T11:00,Santacruz_AWS,19.1197,72.8468,0.1,0.1,1004.9,100,15.5,0.417
2023-07-13T12:00,Santacruz_AWS,19.1197,72.8468,0.3,0.3,1004.2,100,12.0,0.416
2023-07-13T13:00,Santacruz_AWS,19.1197,72.8468,0.4,0.4,1003.8,100,18.2,0.416
2023-07-13T14:00,Santacruz_AWS,19.1197,72.8468,0.3,0.3,1003.1,100,14.7,0.415
2023-07-13T15:00,Santacruz_AWS,19.1197,72.8468,0.2,0.2,1003.1,98,17.3,0.414
2023-07-13T16:00,Santacruz_AWS,19.1197,72.8468,0.2,0.2,1002.7,98,16.6,0.412
2023-07-13T17:00,Santacruz_AWS,19.1197,72.8468,0.1,0.1,1002.7,100,11.9,0.406
2023-07-13T18:00,Santacruz_AWS,19.1197,72.8468,1.1,1.1,1003.0,87,11.0,0.416
2023-07-13T19:00,Santacruz_AWS,19.1197,72.8468,0.7,0.7,1003.6,100,10.1,0.421
2023-07-13T20:00,Santacruz_AWS,19.1197,72.8468,0.5,0.5,1004.3,100,8.4,0.424
2023-07-13T21:00,Santacruz_AWS,19.1197,72.8468,0.8,0.8,1005.1,100,10.6,0.429
2023-07-13T22:00,Santacruz_AWS,19.1197,72.8468,0.4,0.4,1005.6,95,10.4,0.428
2023-07-13T23:00,Santacruz_AWS,19.1197,72.8468,2.3,2.3,1005.6,100,6.4,0.435
2023-07-14T00:00,Santacruz_AWS,19.1197,72.8468,0.6,0.6,1004.9,100,8.3,0.433
2023-07-14T01:00,Santacruz_AWS,19.1197,72.8468,1.3,1.3,1004.8,100,12.0,0.437
2023-07-14T02:00,Santacruz_AWS,19.1197,72.8468,0.8,0.8,1003.8,92,12.5,0.435
2023-07-14T03:00,Santacruz_AWS,19.1197,72.8468,0.5,0.5,1003.7,91,14.3,0.434
2023-07-14T04:00,Santacruz_AWS,19.1197,72.8468,1.0,1.0,1003.7,69,12.2,0.439
2023-07-14T05:00,Santacruz_AWS,19.1197,72.8468,2.5,2.5,1003.7,100,10.9,0.435
2023-07-14T06:00,Santacruz_AWS,19.1197,72.8468,1.6,1.6,1004.2,100,9.4,0.439
2023-07-14T07:00,Santacruz_AWS,19.1197,72.8468,3.3,3.3,1005.0,100,11.8,0.439
2023-07-14T08:00,Santacruz_AWS,19.1197,72.8468,1.3,1.3,1005.5,100,13.8,0.433
2023-07-14T09:00,Santacruz_AWS,19.1197,72.8468,1.1,1.1,1005.9,96,13.5,0.426
2023-07-14T10:00,Santacruz_AWS,19.1197,72.8468,1.0,1.0,1006.4,100,10.5,0.429
2023-07-14T11:00,Santacruz_AWS,19.1197,72.8468,1.7,1.7,1005.8,100,16.3,0.439
2023-07-14T12:00,Santacruz_AWS,19.1197,72.8468,5.0,5.0,1005.6,100,19.4,0.434
2023-07-14T13:00,Santacruz_AWS,19.1197,72.8468,0.9,0.9,1005.0,100,17.1,0.429
2023-07-14T14:00,Santacruz_AWS,19.1197,72.8468,0.6,0.6,1004.6,100,21.0,0.428
2023-07-14T15:00,Santacruz_AWS,19.1197,72.8468,1.2,1.2,1003.7,100,20.5,0.433
2023-07-14T16:00,Santacruz_AWS,19.1197,72.8468,1.1,1.1,1003.6,100,19.7,0.439
2023-07-14T17:00,Santacruz_AWS,19.1197,72.8468,5.1,5.1,1004.6,100,11.7,0.439
2023-07-14T18:00,Santacruz_AWS,19.1197,72.8468,1.5,1.5,1005.1,100,15.5,0.429
2023-07-14T19:00,Santacruz_AWS,19.1197,72.8468,0.2,0.2,1005.7,100,14.4,0.426
2023-07-14T20:00,Santacruz_AWS,19.1197,72.8468,0.1,0.1,1006.5,100,13.4,0.423
2023-07-14T21:00,Santacruz_AWS,19.1197,72.8468,0.2,0.2,1006.8,100,11.3,0.422
2023-07-14T22:00,Santacruz_AWS,19.1197,72.8468,0.1,0.1,1007.4,100,10.5,0.42
2023-07-14T23:00,Santacruz_AWS,19.1197,72.8468,0.0,0.0,1007.3,100,10.5,0.418
2023-07-15T00:00,Santacruz_AWS,19.1197,72.8468,0.4,0.4,1006.8,100,10.9,0.421
2023-07-15T01:00,Santacruz_AWS,19.1197,72.8468,0.6,0.6,1005.9,100,10.5,0.425
2023-07-15T02:00,Santacruz_AWS,19.1197,72.8468,0.2,0.2,1005.2,99,12.7,0.424
2023-07-15T03:00,Santacruz_AWS,19.1197,72.8468,0.2,0.2,1004.9,100,15.2,0.423
2023-07-15T04:00,Santacruz_AWS,19.1197,72.8468,0.3,0.3,1004.9,100,11.0,0.423
2023-07-15T05:00,Santacruz_AWS,19.1197,72.8468,0.3,0.3,1004.9,100,12.4,0.427
2023-07-15T06:00,Santacruz_AWS,19.1197,72.8468,0.3,0.3,1004.8,100,10.4,0.426
2023-07-15T07:00,Santacruz_AWS,19.1197,72.8468,0.6,0.6,1005.6,100,12.2,0.429
2023-07-15T08:00,Santacruz_AWS,19.1197,72.8468,0.5,0.5,1006.1,100,12.3,0.429
2023-07-15T09:00,Santacruz_AWS,19.1197,72.8468,1.1,1.1,1006.6,100,11.0,0.434
2023-07-15T10:00,Santacruz_AWS,19.1197,72.8468,0.2,0.2,1007.1,100,10.6,0.429
2023-07-15T11:00,Santacruz_AWS,19.1197,72.8468,0.5,0.5,1007.4,100,13.2,0.428
2023-07-15T12:00,Santacruz_AWS,19.1197,72.8468,0.8,0.8,1006.8,100,12.9,0.429
2023-07-15T13:00,Santacruz_AWS,19.1197,72.8468,4.1,4.1,1005.9,100,8.4,0.436
2023-07-15T14:00,Santacruz_AWS,19.1197,72.8468,1.3,1.3,1005.2,100,17.6,0.433
2023-07-15T15:00,Santacruz_AWS,19.1197,72.8468,0.5,0.5,1004.7,100,14.7,0.43
2023-07-15T16:00,Santacruz_AWS,19.1197,72.8468,1.4,1.4,1004.4,100,10.7,0.435
2023-07-15T17:00,Santacruz_AWS,19.1197,72.8468,0.4,0.4,1004.5,100,11.6,0.419
2023-07-15T18:00,Santacruz_AWS,19.1197,72.8468,0.5,0.5,1005.1,100,14.5,0.421
2023-07-15T19:00,Santacruz_AWS,19.1197,72.8468,1.0,1.0,1005.3,100,10.0,0.428
2023-07-15T20:00,Santacruz_AWS,19.1197,72.8468,0.4,0.4,1006.1,100,7.6,0.428
2023-07-15T21:00,Santacruz_AWS,19.1197,72.8468,0.0,0.0,1006.5,100,9.0,0.424
2023-07-15T22:00,Santacruz_AWS,19.1197,72.8468,0.3,0.3,1006.9,100,5.5,0.425
2023-07-15T23:00,Santacruz_AWS,19.1197,72.8468,0.8,0.8,1006.8,100,7.9,0.431
2023-07-16T00:00,Santacruz_AWS,19.1197,72.8468,0.9,0.9,1006.1,100,5.2,0.434
2023-07-16T01:00,Santacruz_AWS,19.1197,72.8468,1.4,1.4,1005.7,100,8.4,0.438
2023-07-16T02:00,Santacruz_AWS,19.1197,72.8468,0.8,0.8,1005.2,100,9.3,0.435
2023-07-16T03:00,Santacruz_AWS,19.1197,72.8468,0.6,0.6,1004.8,100,5.5,0.436
2023-07-16T04:00,Santacruz_AWS,19.1197,72.8468,1.0,1.0,1004.4,100,6.3,0.436
2023-07-16T05:00,Santacruz_AWS,19.1197,72.8468,0.9,0.9,1003.7,100,12.1,0.426
2023-07-16T06:00,Santacruz_AWS,19.1197,72.8468,0.9,0.9,1004.6,100,11.8,0.432
2023-07-16T07:00,Santacruz_AWS,19.1197,72.8468,0.3,0.3,1005.2,100,9.7,0.43
2023-07-16T08:00,Santacruz_AWS,19.1197,72.8468,1.7,1.7,1005.5,100,8.7,0.437
2023-07-16T09:00,Santacruz_AWS,19.1197,72.8468,6.1,6.1,1006.3,100,11.2,0.439
2023-07-16T10:00,Santacruz_AWS,19.1197,72.8468,2.3,2.3,1006.3,100,2.9,0.434
2023-07-16T11:00,Santacruz_AWS,19.1197,72.8468,0.6,0.6,1005.9,88,11.6,0.43
2023-07-16T12:00,Santacruz_AWS,19.1197,72.8468,0.1,0.1,1005.2,50,11.9,0.424
2023-07-16T13:00,Santacruz_AWS,19.1197,72.8468,0.1,0.1,1004.5,100,12.2,0.42
2023-07-16T14:00,Santacruz_AWS,19.1197,72.8468,0.9,0.9,1004.1,89,13.7,0.423
2023-07-16T15:00,Santacruz_AWS,19.1197,72.8468,0.4,0.4,1003.9,79,9.7,0.422
2023-07-16T16:00,Santacruz_AWS,19.1197,72.8468,0.3,0.3,1003.5,98,16.8,0.421
2023-07-16T17:00,Santacruz_AWS,19.1197,72.8468,0.7,0.7,1003.7,100,13.8,0.418
2023-07-16T18:00,Santacruz_AWS,19.1197,72.8468,5.6,5.6,1004.0,100,6.6,0.439
2023-07-16T19:00,Santacruz_AWS,19.1197,72.8468,1.8,1.8,1004.5,100,8.0,0.433
2023-07-16T20:00,Santacruz_AWS,19.1197,72.8468,0.5,0.5,1004.9,100,12.1,0.431
2023-07-16T21:00,Santacruz_AWS,19.1197,72.8468,0.7,0.7,1005.5,100,13.0,0.433
2023-07-16T22:00,Santacruz_AWS,19.1197,72.8468,1.0,1.0,1006.0,100,11.8,0.437
2023-07-16T23:00,Santacruz_AWS,19.1197,72.8468,0.9,0.9,1005.9,100,12.6,0.437
2023-07-17T00:00,Santacruz_AWS,19.1197,72.8468,1.4,1.4,1005.6,100,14.1,0.432
2023-07-17T01:00,Santacruz_AWS,19.1197,72.8468,3.1,3.1,1004.9,100,13.6,0.438
2023-07-17T02:00,Santacruz_AWS,19.1197,72.8468,2.3,2.3,1004.2,100,14.8,0.439
2023-07-17T03:00,Santacruz_AWS,19.1197,72.8468,1.8,1.8,1003.9,100,10.9,0.436
2023-07-17T04:00,Santacruz_AWS,19.1197,72.8468,0.9,0.9,1003.6,100,12.4,0.437
2023-07-17T05:00,Santacruz_AWS,19.1197,72.8468,0.9,0.9,1003.4,100,13.2,0.427
2023-07-17T06:00,Santacruz_AWS,19.1197,72.8468,1.6,1.6,1003.5,100,7.2,0.427
2023-07-17T07:00,Santacruz_AWS,19.1197,72.8468,1.7,1.7,1004.2,100,13.4,0.439
2023-07-17T08:00,Santacruz_AWS,19.1197,72.8468,1.0,1.0,1004.7,100,12.0,0.434
2023-07-17T09:00,Santacruz_AWS,19.1197,72.8468,1.4,1.4,1004.9,100,13.8,0.439
2023-07-17T10:00,Santacruz_AWS,19.1197,72.8468,2.8,2.8,1004.9,100,17.0,0.439
2023-07-17T11:00,Santacruz_AWS,19.1197,72.8468,2.3,2.3,1004.9,100,16.4,0.432
2023-07-17T12:00,Santacruz_AWS,19.1197,72.8468,6.7,6.7,1004.4,95,18.7,0.438
2023-07-17T13:00,Santacruz_AWS,19.1197,72.8468,11.1,11.1,1003.6,100,18.4,0.428
2023-07-17T14:00,Santacruz_AWS,19.1197,72.8468,4.4,4.4,1002.7,98,18.9,0.439
2023-07-17T15:00,Santacruz_AWS,19.1197,72.8468,1.4,1.4,1002.1,100,19.7,0.432
2023-07-17T16:00,Santacruz_AWS,19.1197,72.8468,0.8,0.8,1001.5,100,17.0,0.433
2023-07-17T17:00,Santacruz_AWS,19.1197,72.8468,0.7,0.7,1001.6,100,13.7,0.43
2023-07-17T18:00,Santacruz_AWS,19.1197,72.8468,1.4,1.4,1002.2,100,16.7,0.437
2023-07-17T19:00,Santacruz_AWS,19.1197,72.8468,2.8,2.8,1002.7,100,12.1,0.436
2023-07-17T20:00,Santacruz_AWS,19.1197,72.8468,1.9,1.9,1003.3,100,14.8,0.427
2023-07-17T21:00,Santacruz_AWS,19.1197,72.8468,2.8,2.8,1004.1,100,15.6,0.436
2023-07-17T22:00,Santacruz_AWS,19.1197,72.8468,2.6,2.6,1004.1,100,15.9,0.439
2023-07-17T23:00,Santacruz_AWS,19.1197,72.8468,6.0,6.0,1004.2,100,18.7,0.439
2023-07-18T00:00,Santacruz_AWS,19.1197,72.8468,0.6,0.6,1003.6,100,15.2,0.433
2023-07-18T01:00,Santacruz_AWS,19.1197,72.8468,5.7,5.7,1003.0,100,17.1,0.429
2023-07-18T02:00,Santacruz_AWS,19.1197,72.8468,3.8,3.8,1002.2,100,18.3,0.437
2023-07-18T03:00,Santacruz_AWS,19.1197,72.8468,2.5,2.5,1001.9,100,19.3,0.434
2023-07-18T04:00,Santacruz_AWS,19.1197,72.8468,1.1,1.1,1002.3,100,18.1,0.437
2023-07-18T05:00,Santacruz_AWS,19.1197,72.8468,1.7,1.7,1002.1,100,17.5,0.435
2023-07-18T06:00,Santacruz_AWS,19.1197,72.8468,2.2,2.2,1002.5,100,16.7,0.439
2023-07-18T07:00,Santacruz_AWS,19.1197,72.8468,2.7,2.7,1003.3,100,18.0,0.439
2023-07-18T08:00,Santacruz_AWS,19.1197,72.8468,1.2,1.2,1003.5,100,18.1,0.438
2023-07-18T09:00,Santacruz_AWS,19.1197,72.8468,6.7,6.7,1003.9,100,20.4,0.435
2023-07-18T10:00,Santacruz_AWS,19.1197,72.8468,7.0,7.0,1004.2,100,24.2,0.436
2023-07-18T11:00,Santacruz_AWS,19.1197,72.8468,2.4,2.4,1003.9,100,22.5,0.439
2023-07-18T12:00,Santacruz_AWS,19.1197,72.8468,5.9,5.9,1003.0,100,25.3,0.434
2023-07-18T13:00,Santacruz_AWS,19.1197,72.8468,2.8,2.8,1002.6,100,24.6,0.434
2023-07-18T14:00,Santacruz_AWS,19.1197,72.8468,2.9,2.9,1001.8,100,22.8,0.435
2023-07-18T15:00,Santacruz_AWS,19.1197,72.8468,4.5,4.5,1001.2,100,25.1,0.433
2023-07-18T16:00,Santacruz_AWS,19.1197,72.8468,3.7,3.7,1001.2,100,21.7,0.436
2023-07-18T17:00,Santacruz_AWS,19.1197,72.8468,2.3,2.3,1000.7,100,24.4,0.439
2023-07-18T18:00,Santacruz_AWS,19.1197,72.8468,1.8,1.8,1001.1,100,21.4,0.435
2023-07-18T19:00,Santacruz_AWS,19.1197,72.8468,1.8,1.8,1001.7,100,21.7,0.437
2023-07-18T20:00,Santacruz_AWS,19.1197,72.8468,1.1,1.1,1001.8,100,18.2,0.437
2023-07-18T21:00,Santacruz_AWS,19.1197,72.8468,1.3,1.3,1002.4,100,17.8,0.437
2023-07-18T22:00,Santacruz_AWS,19.1197,72.8468,0.9,0.9,1002.9,100,18.3,0.437
2023-07-18T23:00,Santacruz_AWS,19.1197,72.8468,1.1,1.1,1002.4,100,18.3,0.433
2023-07-19T00:00,Santacruz_AWS,19.1197,72.8468,0.6,0.6,1002.1,100,16.1,0.433
2023-07-19T01:00,Santacruz_AWS,19.1197,72.8468,1.1,1.1,1001.0,100,20.8,0.438
2023-07-19T02:00,Santacruz_AWS,19.1197,72.8468,1.3,1.3,1000.4,100,18.9,0.435
2023-07-19T03:00,Santacruz_AWS,19.1197,72.8468,0.9,0.9,1000.1,100,14.8,0.435
2023-07-19T04:00,Santacruz_AWS,19.1197,72.8468,1.8,1.8,1000.1,100,16.7,0.432
2023-07-19T05:00,Santacruz_AWS,19.1197,72.8468,0.5,0.5,1000.2,100,18.5,0.432
2023-07-19T06:00,Santacruz_AWS,19.1197,72.8468,1.2,1.2,1000.3,100,16.7,0.436
2023-07-19T07:00,Santacruz_AWS,19.1197,72.8468,2.6,2.6,1001.2,100,19.7,0.439
2023-07-19T08:00,Santacruz_AWS,19.1197,72.8468,2.5,2.5,1001.4,100,21.2,0.439
2023-07-19T09:00,Santacruz_AWS,19.1197,72.8468,2.5,2.5,1001.6,100,21.0,0.435
2023-07-19T10:00,Santacruz_AWS,19.1197,72.8468,2.1,2.1,1001.6,100,23.7,0.437
2023-07-19T11:00,Santacruz_AWS,19.1197,72.8468,3.5,3.5,1001.6,100,22.7,0.439
2023-07-19T12:00,Santacruz_AWS,19.1197,72.8468,0.7,0.7,1001.2,100,22.3,0.431
2023-07-19T13:00,Santacruz_AWS,19.1197,72.8468,5.1,5.1,1000.5,100,20.2,0.436
2023-07-19T14:00,Santacruz_AWS,19.1197,72.8468,0.9,0.9,999.8,100,18.2,0.434
2023-07-19T15:00,Santacruz_AWS,19.1197,72.8468,0.4,0.4,999.1,100,21.4,0.431
2023-07-19T16:00,Santacruz_AWS,19.1197,72.8468,0.8,0.8,999.0,100,21.0,0.433
2023-07-19T17:00,Santacruz_AWS,19.1197,72.8468,1.6,1.6,998.5,100,20.8,0.438
2023-07-19T18:00,Santacruz_AWS,19.1197,72.8468,2.3,2.3,998.6,100,18.5,0.437
2023-07-19T19:00,Santacruz_AWS,19.1197,72.8468,2.4,2.4,999.3,100,18.8,0.439
2023-07-19T20:00,Santacruz_AWS,19.1197,72.8468,4.5,4.5,1000.1,100,18.7,0.439
2023-07-19T21:00,Santacruz_AWS,19.1197,72.8468,2.1,2.1,1000.6,100,20.5,0.438
2023-07-19T22:00,Santacruz_AWS,19.1197,72.8468,1.2,1.2,1001.0,100,20.2,0.435
2023-07-19T23:00,Santacruz_AWS,19.1197,72.8468,2.2,2.2,1000.8,100,19.2,0.439
2023-07-20T00:00,Santacruz_AWS,19.1197,72.8468,3.3,3.3,1000.6,100,19.8,0.439
2023-07-20T01:00,Santacruz_AWS,19.1197,72.8468,2.7,2.7,999.8,100,20.6,0.439
2023-07-20T02:00,Santacruz_AWS,19.1197,72.8468,5.4,5.4,999.5,100,22.0,0.438
2023-07-20T03:00,Santacruz_AWS,19.1197,72.8468,3.3,3.3,999.7,100,21.7,0.438
2023-07-20T04:00,Santacruz_AWS,19.1197,72.8468,3.4,3.4,999.5,100,22.0,0.439
2023-07-20T05:00,Santacruz_AWS,19.1197,72.8468,2.3,2.3,999.5,100,19.6,0.437
2023-07-20T06:00,Santacruz_AWS,19.1197,72.8468,3.0,3.0,1000.7,100,18.7,0.434
2023-07-20T07:00,Santacruz_AWS,19.1197,72.8468,1.0,1.0,1000.9,100,19.6,0.434
2023-07-20T08:00,Santacruz_AWS,19.1197,72.8468,1.5,1.5,1001.6,100,16.3,0.437
2023-07-20T09:00,Santacruz_AWS,19.1197,72.8468,0.4,0.4,1001.4,100,17.2,0.431
2023-07-20T10:00,Santacruz_AWS,19.1197,72.8468,0.1,0.1,1001.6,100,18.1,0.426
2023-07-20T11:00,Santacruz_AWS,19.1197,72.8468,1.1,1.1,1001.7,100,23.0,0.433
2023-07-20T12:00,Santacruz_AWS,19.1197,72.8468,2.8,2.8,1001.6,100,20.5,0.436
2023-07-20T13:00,Santacruz_AWS,19.1197,72.8468,0.5,0.5,1000.7,100,20.5,0.431
2023-07-20T14:00,Santacruz_AWS,19.1197,72.8468,0.9,0.9,1000.1,100,23.4,0.433
2023-07-20T15:00,Santacruz_AWS,19.1197,72.8468,1.2,1.2,999.4,100,24.1,0.431
2023-07-20T16:00,Santacruz_AWS,19.1197,72.8468,1.4,1.4,999.4,100,23.8,0.432
2023-07-20T17:00,Santacruz_AWS,19.1197,72.8468,0.1,0.1,999.7,100,16.6,0.413
2023-07-20T18:00,Santacruz_AWS,19.1197,72.8468,0.6,0.6,1000.9,100,17.1,0.416
2023-07-20T19:00,Santacruz_AWS,19.1197,72.8468,0.4,0.4,1001.2,100,12.8,0.417
2023-07-20T20:00,Santacruz_AWS,19.1197,72.8468,0.0,0.0,1002.0,100,15.8,0.415
2023-07-20T21:00,Santacruz_AWS,19.1197,72.8468,0.4,0.4,1002.5,100,12.6,0.417
2023-07-20T22:00,Santacruz_AWS,19.1197,72.8468,0.1,0.1,1002.9,100,13.9,0.415
2023-07-20T23:00,Santacruz_AWS,19.1197,72.8468,0.5,0.5,1002.8,96,13.9,0.418
2023-07-21T00:00,Santacruz_AWS,19.1197,72.8468,0.3,0.3,1002.2,100,17.4,0.419
2023-07-21T01:00,Santacruz_AWS,19.1197,72.8468,0.3,0.3,1001.6,99,17.4,0.418
2023-07-21T02:00,Santacruz_AWS,19.1197,72.8468,0.6,0.6,1001.2,97,15.3,0.422
2023-07-21T03:00,Santacruz_AWS,19.1197,72.8468,0.2,0.2,1001.5,100,16.5,0.42
2023-07-21T04:00,Santacruz_AWS,19.1197,72.8468,0.8,0.8,1001.3,54,12.8,0.425
2023-07-21T05:00,Santacruz_AWS,19.1197,72.8468,0.7,0.7,1000.9,100,13.4,0.433
2023-07-21T06:00,Santacruz_AWS,19.1197,72.8468,0.7,0.7,1001.7,100,15.1,0.432
2023-07-21T07:00,Santacruz_AWS,19.1197,72.8468,0.3,0.3,1002.2,100,12.1,0.429
2023-07-21T08:00,Santacruz_AWS,19.1197,72.8468,2.6,2.6,1002.6,100,14.6,0.437
2023-07-21T09:00,Santacruz_AWS,19.1197,72.8468,2.5,2.5,1003.1,100,16.9,0.434
2023-07-21T10:00,Santacruz_AWS,19.1197,72.8468,1.9,1.9,1003.3,96,18.3,0.439
2023-07-21T11:00,Santacruz_AWS,19.1197,72.8468,2.4,2.4,1003.5,100,19.0,0.431
2023-07-21T12:00,Santacruz_AWS,19.1197,72.8468,4.4,4.4,1003.3,100,18.3,0.439
2023-07-21T13:00,Santacruz_AWS,19.1197,72.8468,0.3,0.3,1002.5,100,16.1,0.425
2023-07-21T14:00,Santacruz_AWS,19.1197,72.8468,5.7,5.7,1001.9,100,21.1,0.439
2023-07-21T15:00,Santacruz_AWS,19.1197,72.8468,1.3,1.3,1001.8,100,21.3,0.432
2023-07-21T16:00,Santacruz_AWS,19.1197,72.8468,1.7,1.7,1001.6,100,19.6,0.426
2023-07-21T17:00,Santacruz_AWS,19.1197,72.8468,1.2,1.2,1001.8,100,17.0,0.435
2023-07-21T18:00,Santacruz_AWS,19.1197,72.8468,2.8,2.8,1002.5,100,20.2,0.431
2023-07-21T19:00,Santacruz_AWS,19.1197,72.8468,1.6,1.6,1002.9,100,15.3,0.426
2023-07-21T20:00,Santacruz_AWS,19.1197,72.8468,1.5,1.5,1003.4,100,13.8,0.436
2023-07-21T21:00,Santacruz_AWS,19.1197,72.8468,1.0,1.0,1004.0,100,14.5,0.437
2023-07-21T22:00,Santacruz_AWS,19.1197,72.8468,2.9,2.9,1004.9,100,13.1,0.439
2023-07-21T23:00,Santacruz_AWS,19.1197,72.8468,3.2,3.2,1004.8,100,14.2,0.433
2023-07-22T00:00,Santacruz_AWS,19.1197,72.8468,2.3,2.3,1004.3,100,15.3,0.437
2023-07-22T01:00,Santacruz_AWS,19.1197,72.8468,2.4,2.4,1003.9,100,18.1,0.439
2023-07-22T02:00,Santacruz_AWS,19.1197,72.8468,1.5,1.5,1003.3,100,13.4,0.435
2023-07-22T03:00,Santacruz_AWS,19.1197,72.8468,1.1,1.1,1002.9,100,18.5,0.438
2023-07-22T04:00,Santacruz_AWS,19.1197,72.8468,2.2,2.2,1003.2,100,20.3,0.437
2023-07-22T05:00,Santacruz_AWS,19.1197,72.8468,1.2,1.2,1003.0,100,18.4,0.439
2023-07-22T06:00,Santacruz_AWS,19.1197,72.8468,2.2,2.2,1003.0,100,20.6,0.439
2023-07-22T07:00,Santacruz_AWS,19.1197,72.8468,1.7,1.7,1003.4,100,17.8,0.437
2023-07-22T08:00,Santacruz_AWS,19.1197,72.8468,2.4,2.4,1003.7,100,17.2,0.438
2023-07-22T09:00,Santacruz_AWS,19.1197,72.8468,2.3,2.3,1003.9,100,18.9,0.439
2023-07-22T10:00,Santacruz_AWS,19.1197,72.8468,1.9,1.9,1004.1,100,18.9,0.437
2023-07-22T11:00,Santacruz_AWS,19.1197,72.8468,2.3,2.3,1003.9,100,21.3,0.437
2023-07-22T12:00,Santacruz_AWS,19.1197,72.8468,2.0,2.0,1003.7,100,19.7,0.439
2023-07-22T13:00,Santacruz_AWS,19.1197,72.8468,2.1,2.1,1003.2,100,20.2,0.435
2023-07-22T14:00,Santacruz_AWS,19.1197,72.8468,2.2,2.2,1002.5,100,17.5,0.437
2023-07-22T15:00,Santacruz_AWS,19.1197,72.8468,2.6,2.6,1002.1,100,19.6,0.438
2023-07-22T16:00,Santacruz_AWS,19.1197,72.8468,1.5,1.5,1001.8,100,21.3,0.436
2023-07-22T17:00,Santacruz_AWS,19.1197,72.8468,1.6,1.6,1001.9,100,18.0,0.428
2023-07-22T18:00,Santacruz_AWS,19.1197,72.8468,0.7,0.7,1002.2,100,17.4,0.427
2023-07-22T19:00,Santacruz_AWS,19.1197,72.8468,1.0,1.0,1002.2,100,16.2,0.433
2023-07-22T20:00,Santacruz_AWS,19.1197,72.8468,3.1,3.1,1003.3,100,16.7,0.435
2023-07-22T21:00,Santacruz_AWS,19.1197,72.8468,0.9,0.9,1003.6,100,16.2,0.435
2023-07-22T22:00,Santacruz_AWS,19.1197,72.8468,0.9,0.9,1004.3,100,18.7,0.437
2023-07-22T23:00,Santacruz_AWS,19.1197,72.8468,0.6,0.6,1004.0,100,14.8,0.434
2023-07-23T00:00,Santacruz_AWS,19.1197,72.8468,0.7,0.7,1003.1,100,18.8,0.434
2023-07-23T01:00,Santacruz_AWS,19.1197,72.8468,0.9,0.9,1002.3,100,17.9,0.436
2023-07-23T02:00,Santacruz_AWS,19.1197,72.8468,0.5,0.5,1001.7,100,18.5,0.433
2023-07-23T03:00,Santacruz_AWS,19.1197,72.8468,0.9,0.9,1001.3,100,19.3,0.435
2023-07-23T04:00,Santacruz_AWS,19.1197,72.8468,0.8,0.8,1001.2,100,21.5,0.436
2023-07-23T05:00,Santacruz_AWS,19.1197,72.8468,0.7,0.7,1001.3,99,15.6,0.438
2023-07-23T06:00,Santacruz_AWS,19.1197,72.8468,0.7,0.7,1001.4,100,16.5,0.437
2023-07-23T07:00,Santacruz_AWS,19.1197,72.8468,1.4,1.4,1002.2,100,18.8,0.436
2023-07-23T08:00,Santacruz_AWS,19.1197,72.8468,1.1,1.1,1002.6,100,18.0,0.438
2023-07-23T09:00,Santacruz_AWS,19.1197,72.8468,4.4,4.4,1002.8,100,23.9,0.439
2023-07-23T10:00,Santacruz_AWS,19.1197,72.8468,6.2,6.2,1003.4,100,28.1,0.439
2023-07-23T11:00,Santacruz_AWS,19.1197,72.8468,1.5,1.5,1003.2,100,24.6,0.436
2023-07-23T12:00,Santacruz_AWS,19.1197,72.8468,1.6,1.6,1002.9,100,26.8,0.439
2023-07-23T13:00,Santacruz_AWS,19.1197,72.8468,1.9,1.9,1002.1,100,24.3,0.424
2023-07-23T14:00,Santacruz_AWS,19.1197,72.8468,1.0,1.0,1001.5,100,25.3,0.427
2023-07-23T15:00,Santacruz_AWS,19.1197,72.8468,1.2,1.2,1000.9,100,26.9,0.432
2023-07-23T16:00,Santacruz_AWS,19.1197,72.8468,0.3,0.3,1000.7,100,27.7,0.428
2023-07-23T17:00,Santacruz_AWS,19.1197,72.8468,0.4,0.4,1000.8,100,22.0,0.431
2023-07-23T18:00,Santacruz_AWS,19.1197,72.8468,0.3,0.3,1001.2,100,20.7,0.427
2023-07-23T19:00,Santacruz_AWS,19.1197,72.8468,1.1,1.1,1002.0,100,20.9,0.434
2023-07-23T20:00,Santacruz_AWS,19.1197,72.8468,2.0,2.0,1002.5,100,19.8,0.433
2023-07-23T21:00,Santacruz_AWS,19.1197,72.8468,1.6,1.6,1002.9,100,19.3,0.429
2023-07-23T22:00,Santacruz_AWS,19.1197,72.8468,1.7,1.7,1003.4,100,19.8,0.43
2023-07-23T23:00,Santacruz_AWS,19.1197,72.8468,1.9,1.9,1003.3,100,17.7,0.431
2023-07-24T00:00,Santacruz_AWS,19.1197,72.8468,1.9,1.9,1002.6,100,20.3,0.433
2023-07-24T01:00,Santacruz_AWS,19.1197,72.8468,5.9,5.9,1002.1,100,22.2,0.434
2023-07-24T02:00,Santacruz_AWS,19.1197,72.8468,7.7,7.7,1001.4,100,25.0,0.435
2023-07-24T03:00,Santacruz_AWS,19.1197,72.8468,1.3,1.3,1001.2,100,25.9,0.439
2023-07-24T04:00,Santacruz_AWS,19.1197,72.8468,2.8,2.8,1001.4,100,25.1,0.435
2023-07-24T05:00,Santacruz_AWS,19.1197,72.8468,2.7,2.7,1001.7,100,23.0,0.428
2023-07-24T06:00,Santacruz_AWS,19.1197,72.8468,1.5,1.5,1002.2,95,18.4,0.439
2023-07-24T07:00,Santacruz_AWS,19.1197,72.8468,6.7,6.7,1002.9,100,21.1,0.434
2023-07-24T08:00,Santacruz_AWS,19.1197,72.8468,1.3,1.3,1003.5,100,20.8,0.436
2023-07-24T09:00,Santacruz_AWS,19.1197,72.8468,2.3,2.3,1003.9,100,24.5,0.435
2023-07-24T10:00,Santacruz_AWS,19.1197,72.8468,3.5,3.5,1003.8,99,18.5,0.435
2023-07-24T11:00,Santacruz_AWS,19.1197,72.8468,2.4,2.4,1003.4,100,23.6,0.433
2023-07-24T12:00,Santacruz_AWS,19.1197,72.8468,0.4,0.4,1003.0,85,22.6,0.425
2023-07-24T13:00,Santacruz_AWS,19.1197,72.8468,0.2,0.2,1002.2,99,25.4,0.422
2023-07-24T14:00,Santacruz_AWS,19.1197,72.8468,0.8,0.8,1001.5,98,26.8,0.424
2023-07-24T15:00,Santacruz_AWS,19.1197,72.8468,1.0,1.0,1001.1,99,26.1,0.429
2023-07-24T16:00,Santacruz_AWS,19.1197,72.8468,1.5,1.5,1001.0,100,26.3,0.432
2023-07-24T17:00,Santacruz_AWS,19.1197,72.8468,0.9,0.9,1001.0,99,18.6,0.424
2023-07-24T18:00,Santacruz_AWS,19.1197,72.8468,0.4,0.4,1001.3,99,20.5,0.424
2023-07-24T19:00,Santacruz_AWS,19.1197,72.8468,0.2,0.2,1002.0,97,14.2,0.422
2023-07-24T20:00,Santacruz_AWS,19.1197,72.8468,0.7,0.7,1002.9,100,14.7,0.427
2023-07-24T21:00,Santacruz_AWS,19.1197,72.8468,3.1,3.1,1003.7,100,14.8,0.439
2023-07-24T22:00,Santacruz_AWS,19.1197,72.8468,6.3,6.3,1004.7,100,13.0,0.434
2023-07-24T23:00,Santacruz_AWS,19.1197,72.8468,2.7,2.7,1005.2,100,15.4,0.439
2023-07-25T00:00,Santacruz_AWS,19.1197,72.8468,3.2,3.2,1004.8,100,16.9,0.439
2023-07-25T01:00,Santacruz_AWS,19.1197,72.8468,2.6,2.6,1004.4,100,17.0,0.434
2023-07-25T02:00,Santacruz_AWS,19.1197,72.8468,3.0,3.0,1003.5,100,17.1,0.435
2023-07-25T03:00,Santacruz_AWS,19.1197,72.8468,2.3,2.3,1003.4,100,16.4,0.435
2023-07-25T04:00,Santacruz_AWS,19.1197,72.8468,1.0,1.0,1003.2,100,16.9,0.436
2023-07-25T05:00,Santacruz_AWS,19.1197,72.8468,0.3,0.3,1002.7,100,13.6,0.436
2023-07-25T06:00,Santacruz_AWS,19.1197,72.8468,2.3,2.3,1003.3,100,17.2,0.43
2023-07-25T07:00,Santacruz_AWS,19.1197,72.8468,0.7,0.7,1003.8,96,15.9,0.431
2023-07-25T08:00,Santacruz_AWS,19.1197,72.8468,1.9,1.9,1004.5,83,16.1,0.431
2023-07-25T09:00,Santacruz_AWS,19.1197,72.8468,1.5,1.5,1005.3,100,15.6,0.433
2023-07-25T10:00,Santacruz_AWS,19.1197,72.8468,1.0,1.0,1005.2,100,15.0,0.434
2023-07-25T11:00,Santacruz_AWS,19.1197,72.8468,0.9,0.9,1005.2,100,16.9,0.433
2023-07-25T12:00,Santacruz_AWS,19.1197,72.8468,2.5,2.5,1004.9,100,18.5,0.439
2023-07-25T13:00,Santacruz_AWS,19.1197,72.8468,2.5,2.5,1004.3,100,19.4,0.428
2023-07-25T14:00,Santacruz_AWS,19.1197,72.8468,2.3,2.3,1004.1,100,20.9,0.433
2023-07-25T15:00,Santacruz_AWS,19.1197,72.8468,1.2,1.2,1003.5,100,16.6,0.436
2023-07-25T16:00,Santacruz_AWS,19.1197,72.8468,1.6,1.6,1003.2,100,20.8,0.429
2023-07-25T17:00,Santacruz_AWS,19.1197,72.8468,1.1,1.1,1003.5,100,21.1,0.43
2023-07-25T18:00,Santacruz_AWS,19.1197,72.8468,2.2,2.2,1003.8,100,19.4,0.431
2023-07-25T19:00,Santacruz_AWS,19.1197,72.8468,1.8,1.8,1004.1,100,18.4,0.427
2023-07-25T20:00,Santacruz_AWS,19.1197,72.8468,2.1,2.1,1005.1,100,16.3,0.439
2023-07-25T21:00,Santacruz_AWS,19.1197,72.8468,2.9,2.9,1005.7,100,14.7,0.438
2023-07-25T22:00,Santacruz_AWS,19.1197,72.8468,2.8,2.8,1006.5,100,13.7,0.434
2023-07-25T23:00,Santacruz_AWS,19.1197,72.8468,0.4,0.4,1006.1,100,13.4,0.432
2023-07-26T00:00,Santacruz_AWS,19.1197,72.8468,6.8,6.8,1005.5,100,16.2,0.439
2023-07-26T01:00,Santacruz_AWS,19.1197,72.8468,6.0,6.0,1005.0,98,15.3,0.439
2023-07-26T02:00,Santacruz_AWS,19.1197,72.8468,1.3,1.3,1004.6,100,15.7,0.436
2023-07-26T03:00,Santacruz_AWS,19.1197,72.8468,0.9,0.9,1004.3,100,14.8,0.436
2023-07-26T04:00,Santacruz_AWS,19.1197,72.8468,1.8,1.8,1004.0,100,9.4,0.432
2023-07-26T05:00,Santacruz_AWS,19.1197,72.8468,2.4,2.4,1004.2,100,10.0,0.43
2023-07-26T06:00,Santacruz_AWS,19.1197,72.8468,0.4,0.4,1004.7,100,10.8,0.429
2023-07-26T07:00,Santacruz_AWS,19.1197,72.8468,1.5,1.5,1005.3,100,12.3,0.436
2023-07-26T08:00,Santacruz_AWS,19.1197,72.8468,1.5,1.5,1005.9,100,14.8,0.438
2023-07-26T09:00,Santacruz_AWS,19.1197,72.8468,1.1,1.1,1006.4,100,17.4,0.434
2023-07-26T10:00,Santacruz_AWS,19.1197,72.8468,2.3,2.3,1006.7,100,15.4,0.433
2023-07-26T11:00,Santacruz_AWS,19.1197,72.8468,1.8,1.8,1006.6,100,17.4,0.437
2023-07-26T12:00,Santacruz_AWS,19.1197,72.8468,0.5,0.5,1006.1,100,20.5,0.432
2023-07-26T13:00,Santacruz_AWS,19.1197,72.8468,8.1,8.1,1005.3,100,23.6,0.436
2023-07-26T14:00,Santacruz_AWS,19.1197,72.8468,1.0,1.0,1004.9,100,23.2,0.432
2023-07-26T15:00,Santacruz_AWS,19.1197,72.8468,7.7,7.7,1004.1,100,25.2,0.439
2023-07-26T16:00,Santacruz_AWS,19.1197,72.8468,18.4,18.4,1004.5,100,24.6,0.439
2023-07-26T17:00,Santacruz_AWS,19.1197,72.8468,3.7,3.7,1003.9,100,24.5,0.442
2023-07-26T18:00,Santacruz_AWS,19.1197,72.8468,4.0,4.0,1004.3,100,26.3,0.439
2023-07-26T19:00,Santacruz_AWS,19.1197,72.8468,4.0,4.0,1005.4,100,22.3,0.437
2023-07-26T20:00,Santacruz_AWS,19.1197,72.8468,6.6,6.6,1005.8,100,23.1,0.439
2023-07-26T21:00,Santacruz_AWS,19.1197,72.8468,2.6,2.6,1006.2,100,21.4,0.439
2023-07-26T22:00,Santacruz_AWS,19.1197,72.8468,5.4,5.4,1006.7,100,21.0,0.439
2023-07-26T23:00,Santacruz_AWS,19.1197,72.8468,4.1,4.1,1006.6,100,15.9,0.436
2023-07-27T00:00,Santacruz_AWS,19.1197,72.8468,2.6,2.6,1006.5,100,16.6,0.439
2023-07-27T01:00,Santacruz_AWS,19.1197,72.8468,5.6,5.6,1006.0,100,19.7,0.439
2023-07-27T02:00,Santacruz_AWS,19.1197,72.8468,6.6,6.6,1005.3,100,17.9,0.436
2023-07-27T03:00,Santacruz_AWS,19.1197,72.8468,7.3,7.3,1004.8,100,19.6,0.439
2023-07-27T04:00,Santacruz_AWS,19.1197,72.8468,7.0,7.0,1004.5,100,20.8,0.439
2023-07-27T05:00,Santacruz_AWS,19.1197,72.8468,6.1,6.1,1005.1,100,20.2,0.442
2023-07-27T06:00,Santacruz_AWS,19.1197,72.8468,10.5,10.5,1005.1,100,21.2,0.439
2023-07-27T07:00,Santacruz_AWS,19.1197,72.8468,8.9,8.9,1006.1,100,18.0,0.439
2023-07-27T08:00,Santacruz_AWS,19.1197,72.8468,8.0,8.0,1006.5,100,19.1,0.439
2023-07-27T09:00,Santacruz_AWS,19.1197,72.8468,6.3,6.3,1006.7,100,19.5,0.437
2023-07-27T10:00,Santacruz_AWS,19.1197,72.8468,6.0,6.0,1006.7,100,21.7,0.439
2023-07-27T11:00,Santacruz_AWS,19.1197,72.8468,4.4,4.4,1006.4,100,19.2,0.438
2023-07-27T12:00,Santacruz_AWS,19.1197,72.8468,2.5,2.5,1005.9,100,22.0,0.439
2023-07-27T13:00,Santacruz_AWS,19.1197,72.8468,2.0,2.0,1005.5,100,21.3,0.432
2023-07-27T14:00,Santacruz_AWS,19.1197,72.8468,0.7,0.7,1004.7,100,20.7,0.429
2023-07-27T15:00,Santacruz_AWS,19.1197,72.8468,2.4,2.4,1004.6,100,20.6,0.436
2023-07-27T16:00,Santacruz_AWS,19.1197,72.8468,0.6,0.6,1004.5,100,20.8,0.433
2023-07-27T17:00,Santacruz_AWS,19.1197,72.8468,0.1,0.1,1004.3,100,22.0,0.428
2023-07-27T18:00,Santacruz_AWS,19.1197,72.8468,0.1,0.1,1004.9,100,19.8,0.424
2023-07-27T19:00,Santacruz_AWS,19.1197,72.8468,0.4,0.4,1005.4,100,20.9,0.424
2023-07-27T20:00,Santacruz_AWS,19.1197,72.8468,0.4,0.4,1006.1,100,20.3,0.424
2023-07-27T21:00,Santacruz_AWS,19.1197,72.8468,0.8,0.8,1006.8,100,20.0,0.429
2023-07-27T22:00,Santacruz_AWS,19.1197,72.8468,0.5,0.5,1007.2,100,21.2,0.43
2023-07-27T23:00,Santacruz_AWS,19.1197,72.8468,1.1,1.1,1007.3,100,17.8,0.438
2023-07-28T00:00,Santacruz_AWS,19.1197,72.8468,1.1,1.1,1006.6,100,18.8,0.439
2023-07-28T01:00,Santacruz_AWS,19.1197,72.8468,3.4,3.4,1005.8,100,14.4,0.438
2023-07-28T02:00,Santacruz_AWS,19.1197,72.8468,4.6,4.6,1005.1,100,15.3,0.439
2023-07-28T03:00,Santacruz_AWS,19.1197,72.8468,4.4,4.4,1004.8,100,16.1,0.438
2023-07-28T04:00,Santacruz_AWS,19.1197,72.8468,3.0,3.0,1004.3,100,18.0,0.439
2023-07-28T05:00,Santacruz_AWS,19.1197,72.8468,2.0,2.0,1004.6,100,15.8,0.433
2023-07-28T06:00,Santacruz_AWS,19.1197,72.8468,1.6,1.6,1005.0,100,16.9,0.436
2023-07-28T07:00,Santacruz_AWS,19.1197,72.8468,1.8,1.8,1005.8,100,15.8,0.436
2023-07-28T08:00,Santacruz_AWS,19.1197,72.8468,2.0,2.0,1006.5,100,17.5,0.434
2023-07-28T09:00,Santacruz_AWS,19.1197,72.8468,1.2,1.2,1006.6,100,18.2,0.437
2023-07-28T10:00,Santacruz_AWS,19.1197,72.8468,2.4,2.4,1006.7,98,21.0,0.439
2023-07-28T11:00,Santacruz_AWS,19.1197,72.8468,2.1,2.1,1006.6,100,18.7,0.429
2023-07-28T12:00,Santacruz_AWS,19.1197,72.8468,5.6,5.6,1006.7,100,21.1,0.434
2023-07-28T13:00,Santacruz_AWS,19.1197,72.8468,1.7,1.7,1006.2,100,21.7,0.429
2023-07-28T14:00,Santacruz_AWS,19.1197,72.8468,3.2,3.2,1005.6,100,20.7,0.439
2023-07-28T15:00,Santacruz_AWS,19.1197,72.8468,2.4,2.4,1005.3,100,21.7,0.436
2023-07-28T16:00,Santacruz_AWS,19.1197,72.8468,2.4,2.4,1005.1,100,19.8,0.431
2023-07-28T17:00,Santacruz_AWS,19.1197,72.8468,0.9,0.9,1005.2,100,17.3,0.437
2023-07-28T18:00,Santacruz_AWS,19.1197,72.8468,0.9,0.9,1005.2,100,15.9,0.433
2023-07-28T19:00,Santacruz_AWS,19.1197,72.8468,0.3,0.3,1005.9,100,18.0,0.43
2023-07-28T20:00,Santacruz_AWS,19.1197,72.8468,0.4,0.4,1006.3,100,14.6,0.43
2023-07-28T21:00,Santacruz_AWS,19.1197,72.8468,1.2,1.2,1006.9,100,14.5,0.439
2023-07-28T22:00,Santacruz_AWS,19.1197,72.8468,0.8,0.8,1007.2,100,15.4,0.433
2023-07-28T23:00,Santacruz_AWS,19.1197,72.8468,0.4,0.4,1006.6,100,17.6,0.432
2023-07-29T00:00,Santacruz_AWS,19.1197,72.8468,0.6,0.6,1006.3,100,16.6,0.432
2023-07-29T01:00,Santacruz_AWS,19.1197,72.8468,0.3,0.3,1005.6,100,16.1,0.43
2023-07-29T02:00,Santacruz_AWS,19.1197,72.8468,0.8,0.8,1005.0,100,16.8,0.433
2023-07-29T03:00,Santacruz_AWS,19.1197,72.8468,0.4,0.4,1005.0,100,16.7,0.433
2023-07-29T04:00,Santacruz_AWS,19.1197,72.8468,1.7,1.7,1004.8,100,15.5,0.436
2023-07-29T05:00,Santacruz_AWS,19.1197,72.8468,0.1,0.1,1004.7,100,15.5,0.426
2023-07-29T06:00,Santacruz_AWS,19.1197,72.8468,0.5,0.5,1005.2,100,19.2,0.427
2023-07-29T07:00,Santacruz_AWS,19.1197,72.8468,0.6,0.6,1005.7,100,18.9,0.43
2023-07-29T08:00,Santacruz_AWS,19.1197,72.8468,0.9,0.9,1006.8,100,20.1,0.436
2023-07-29T09:00,Santacruz_AWS,19.1197,72.8468,2.6,2.6,1007.4,100,19.8,0.439
2023-07-29T10:00,Santacruz_AWS,19.1197,72.8468,0.4,0.4,1007.5,99,19.4,0.429
2023-07-29T11:00,Santacruz_AWS,19.1197,72.8468,0.2,0.2,1007.4,100,21.2,0.425
2023-07-29T12:00,Santacruz_AWS,19.1197,72.8468,0.1,0.1,1007.1,100,23.4,0.421
2023-07-29T13:00,Santacruz_AWS,19.1197,72.8468,0.6,0.6,1006.5,100,22.5,0.422
2023-07-29T14:00,Santacruz_AWS,19.1197,72.8468,0.3,0.3,1005.8,100,23.7,0.419
2023-07-29T15:00,Santacruz_AWS,19.1197,72.8468,0.1,0.1,1005.3,100,23.9,0.416
2023-07-29T16:00,Santacruz_AWS,19.1197,72.8468,0.4,0.4,1004.9,100,23.6,0.416
2023-07-29T17:00,Santacruz_AWS,19.1197,72.8468,0.4,0.4,1005.4,100,20.7,0.433
2023-07-29T18:00,Santacruz_AWS,19.1197,72.8468,0.3,0.3,1005.6,85,19.8,0.429
2023-07-29T19:00,Santacruz_AWS,19.1197,72.8468,0.4,0.4,1005.9,28,16.6,0.427
2023-07-29T20:00,Santacruz_AWS,19.1197,72.8468,0.4,0.4,1006.7,34,17.9,0.426
2023-07-29T21:00,Santacruz_AWS,19.1197,72.8468,0.0,0.0,1007.1,53,17.4,0.423
2023-07-29T22:00,Santacruz_AWS,19.1197,72.8468,0.1,0.1,1007.4,53,17.7,0.421
2023-07-29T23:00,Santacruz_AWS,19.1197,72.8468,0.1,0.1,1006.7,94,17.4,0.419
2023-07-30T00:00,Santacruz_AWS,19.1197,72.8468,0.1,0.1,1006.1,98,17.9,0.418
2023-07-30T01:00,Santacruz_AWS,19.1197,72.8468,0.3,0.3,1005.4,71,18.1,0.418
2023-07-30T02:00,Santacruz_AWS,19.1197,72.8468,0.3,0.3,1005.1,85,18.7,0.418
2023-07-30T03:00,Santacruz_AWS,19.1197,72.8468,0.4,0.4,1004.7,95,18.2,0.42
2023-07-30T04:00,Santacruz_AWS,19.1197,72.8468,0.2,0.2,1004.7,98,16.6,0.42
2023-07-30T05:00,Santacruz_AWS,19.1197,72.8468,0.6,0.6,1004.8,99,16.3,0.422
2023-07-30T06:00,Santacruz_AWS,19.1197,72.8468,0.1,0.1,1005.2,71,17.3,0.42
2023-07-30T07:00,Santacruz_AWS,19.1197,72.8468,0.1,0.1,1005.9,98,20.0,0.418
2023-07-30T08:00,Santacruz_AWS,19.1197,72.8468,0.4,0.4,1006.4,80,19.2,0.419
2023-07-30T09:00,Santacruz_AWS,19.1197,72.8468,0.1,0.1,1007.0,84,18.5,0.417
2023-07-30T10:00,Santacruz_AWS,19.1197,72.8468,1.3,1.3,1006.9,98,19.1,0.426
2023-07-30T11:00,Santacruz_AWS,19.1197,72.8468,0.1,0.1,1006.6,92,22.9,0.423
2023-07-30T12:00,Santacruz_AWS,19.1197,72.8468,0.0,0.0,1006.1,93,25.1,0.419
2023-07-30T13:00,Santacruz_AWS,19.1197,72.8468,0.5,0.5,1005.4,14,25.6,0.418
2023-07-30T14:00,Santacruz_AWS,19.1197,72.8468,1.3,1.3,1004.5,42,24.7,0.426
2023-07-30T15:00,Santacruz_AWS,19.1197,72.8468,1.8,1.8,1003.9,52,25.3,0.429
2023-07-30T16:00,Santacruz_AWS,19.1197,72.8468,0.1,0.1,1003.6,43,22.5,0.424
2023-07-30T17:00,Santacruz_AWS,19.1197,72.8468,0.6,0.6,1003.9,75,20.8,0.428
2023-07-30T18:00,Santacruz_AWS,19.1197,72.8468,0.1,0.1,1003.9,37,18.4,0.424
2023-07-30T19:00,Santacruz_AWS,19.1197,72.8468,0.1,0.1,1004.4,19,17.3,0.422
2023-07-30T20:00,Santacruz_AWS,19.1197,72.8468,0.6,0.6,1004.9,81,18.3,0.426
2023-07-30T21:00,Santacruz_AWS,19.1197,72.8468,0.1,0.1,1005.5,47,16.4,0.424
2023-07-30T22:00,Santacruz_AWS,19.1197,72.8468,0.0,0.0,1006.1,49,17.6,0.421
2023-07-30T23:00,Santacruz_AWS,19.1197,72.8468,0.1,0.1,1005.9,46,16.6,0.419
2023-07-31T00:00,Santacruz_AWS,19.1197,72.8468,0.4,0.4,1005.0,66,17.1,0.42
2023-07-31T01:00,Santacruz_AWS,19.1197,72.8468,0.3,0.3,1004.5,91,17.2,0.42
2023-07-31T02:00,Santacruz_AWS,19.1197,72.8468,0.3,0.3,1004.0,84,16.8,0.42
2023-07-31T03:00,Santacruz_AWS,19.1197,72.8468,0.2,0.2,1003.7,89,18.1,0.42
2023-07-31T04:00,Santacruz_AWS,19.1197,72.8468,0.4,0.4,1003.8,98,17.9,0.421
2023-07-31T05:00,Santacruz_AWS,19.1197,72.8468,0.4,0.4,1003.6,100,18.2,0.43
2023-07-31T06:00,Santacruz_AWS,19.1197,72.8468,0.1,0.1,1004.0,93,17.4,0.427
2023-07-31T07:00,Santacruz_AWS,19.1197,72.8468,0.5,0.5,1004.6,98,16.8,0.427
2023-07-31T08:00,Santacruz_AWS,19.1197,72.8468,0.9,0.9,1005.4,89,19.0,0.431
2023-07-31T09:00,Santacruz_AWS,19.1197,72.8468,0.3,0.3,1006.0,82,19.3,0.428
2023-07-31T10:00,Santacruz_AWS,19.1197,72.8468,1.2,1.2,1006.5,97,17.2,0.433
2023-07-31T11:00,Santacruz_AWS,19.1197,72.8468,1.0,1.0,1006.3,92,22.4,0.434
2023-07-31T12:00,Santacruz_AWS,19.1197,72.8468,0.4,0.4,1006.0,85,20.3,0.43
2023-07-31T13:00,Santacruz_AWS,19.1197,72.8468,0.5,0.5,1005.2,74,19.5,0.428
2023-07-31T14:00,Santacruz_AWS,19.1197,72.8468,0.5,0.5,1004.3,94,24.4,0.426
2023-07-31T15:00,Santacruz_AWS,19.1197,72.8468,0.4,0.4,1003.8,89,26.6,0.424
2023-07-31T16:00,Santacruz_AWS,19.1197,72.8468,0.5,0.5,1003.5,69,25.6,0.424
2023-07-31T17:00,Santacruz_AWS,19.1197,72.8468,0.3,0.3,1003.8,69,17.9,0.418
2023-07-31T18:00,Santacruz_AWS,19.1197,72.8468,0.4,0.4,1003.9,100,16.6,0.419
2023-07-31T19:00,Santacruz_AWS,19.1197,72.8468,0.1,0.1,1004.3,100,17.8,0.417
2023-07-31T20:00,Santacruz_AWS,19.1197,72.8468,0.1,0.1,1005.0,100,17.4,0.416
2023-07-31T21:00,Santacruz_AWS,19.1197,72.8468,0.2,0.2,1005.7,84,18.1,0.416
2023-07-31T22:00,Santacruz_AWS,19.1197,72.8468,0.2,0.2,1006.2,53,16.6,0.415
2023-07-31T23:00,Santacruz_AWS,19.1197,72.8468,0.3,0.3,1006.0,80,17.6,0.416
2023-08-01T00:00,Santacruz_AWS,19.1197,72.8468,0.3,0.3,1005.6,95,18.7,0.416
2023-08-01T01:00,Santacruz_AWS,19.1197,72.8468,0.2,0.2,1004.6,70,17.1,0.415
2023-08-01T02:00,Santacruz_AWS,19.1197,72.8468,0.3,0.3,1004.2,89,19.7,0.416
2023-08-01T03:00,Santacruz_AWS,19.1197,72.8468,0.6,0.6,1004.1,84,19.5,0.421
2023-08-01T04:00,Santacruz_AWS,19.1197,72.8468,0.6,0.6,1003.9,73,18.3,0.424
2023-08-01T05:00,Santacruz_AWS,19.1197,72.8468,0.2,0.2,1003.9,69,19.0,0.419
2023-08-01T06:00,Santacruz_AWS,19.1197,72.8468,0.3,0.3,1004.3,99,20.7,0.42
2023-08-01T07:00,Santacruz_AWS,19.1197,72.8468,0.5,0.5,1004.9,60,18.4,0.422
2023-08-01T08:00,Santacruz_AWS,19.1197,72.8468,0.4,0.4,1005.2,86,20.3,0.421
2023-08-01T09:00,Santacruz_AWS,19.1197,72.8468,0.1,0.1,1005.6,94,21.0,0.419
2023-08-01T10:00,Santacruz_AWS,19.1197,72.8468,0.2,0.2,1005.9,100,20.8,0.417
2023-08-01T11:00,Santacruz_AWS,19.1197,72.8468,0.4,0.4,1005.8,91,22.1,0.416
2023-08-01T12:00,Santacruz_AWS,19.1197,72.8468,0.2,0.2,1005.4,82,22.0,0.414
2023-08-01T13:00,Santacruz_AWS,19.1197,72.8468,0.1,0.1,1004.7,42,25.0,0.41
2023-08-01T14:00,Santacruz_AWS,19.1197,72.8468,0.6,0.6,1004.5,85,25.2,0.411
2023-08-01T15:00,Santacruz_AWS,19.1197,72.8468,0.1,0.1,1004.0,50,25.3,0.409
2023-08-01T16:00,Santacruz_AWS,19.1197,72.8468,0.2,0.2,1003.6,80,23.2,0.408
2023-08-01T17:00,Santacruz_AWS,19.1197,72.8468,0.6,0.6,1004.3,30,18.9,0.415
2023-08-01T18:00,Santacruz_AWS,19.1197,72.8468,0.1,0.1,1004.6,41,17.4,0.413
2023-08-01T19:00,Santacruz_AWS,19.1197,72.8468,0.1,0.1,1004.9,41,17.7,0.413
2023-08-01T20:00,Santacruz_AWS,19.1197,72.8468,0.0,0.0,1005.4,23,19.3,0.411
2023-08-01T21:00,Santacruz_AWS,19.1197,72.8468,0.0,0.0,1005.6,34,20.9,0.41
2023-08-01T22:00,Santacruz_AWS,19.1197,72.8468,0.0,0.0,1006.1,33,20.8,0.408
2023-08-01T23:00,Santacruz_AWS,19.1197,72.8468,0.0,0.0,1006.0,76,20.2,0.407
2023-08-02T00:00,Santacruz_AWS,19.1197,72.8468,0.5,0.5,1005.4,100,20.0,0.41
2023-08-02T01:00,Santacruz_AWS,19.1197,72.8468,0.2,0.2,1005.0,100,20.9,0.41
2023-08-02T02:00,Santacruz_AWS,19.1197,72.8468,0.0,0.0,1004.6,98,21.1,0.409
2023-08-02T03:00,Santacruz_AWS,19.1197,72.8468,0.1,0.1,1004.6,100,22.5,0.408
2023-08-02T04:00,Santacruz_AWS,19.1197,72.8468,0.2,0.2,1004.7,100,20.8,0.408
2023-08-02T05:00,Santacruz_AWS,19.1197,72.8468,0.1,0.1,1004.7,100,19.7,0.402
2023-08-02T06:00,Santacruz_AWS,19.1197,72.8468,0.0,0.0,1005.3,100,19.5,0.401
2023-08-02T07:00,Santacruz_AWS,19.1197,72.8468,1.5,1.5,1005.6,78,17.9,0.415
2023-08-02T08:00,Santacruz_AWS,19.1197,72.8468,0.5,0.5,1006.1,59,21.4,0.417
2023-08-02T09:00,Santacruz_AWS,19.1197,72.8468,0.1,0.1,1006.4,69,23.7,0.414
2023-08-02T10:00,Santacruz_AWS,19.1197,72.8468,0.8,0.8,1006.7,89,24.7,0.418
2023-08-02T11:00,Santacruz_AWS,19.1197,72.8468,0.1,0.1,1006.5,87,24.1,0.414
2023-08-02T12:00,Santacruz_AWS,19.1197,72.8468,0.7,0.7,1006.3,95,24.2,0.416
2023-08-02T13:00,Santacruz_AWS,19.1197,72.8468,0.2,0.2,1005.7,85,24.1,0.413
2023-08-02T14:00,Santacruz_AWS,19.1197,72.8468,0.1,0.1,1005.0,100,25.6,0.41
2023-08-02T15:00,Santacruz_AWS,19.1197,72.8468,0.1,0.1,1004.5,100,27.7,0.407
2023-08-02T16:00,Santacruz_AWS,19.1197,72.8468,0.1,0.1,1004.2,100,25.6,0.405
2023-08-02T17:00,Santacruz_AWS,19.1197,72.8468,0.2,0.2,1005.7,100,15.5,0.429
2023-08-02T18:00,Santacruz_AWS,19.1197,72.8468,7.2,7.2,1005.4,100,10.2,0.429
2023-08-02T19:00,Santacruz_AWS,19.1197,72.8468,0.9,0.9,1006.0,100,17.0,0.435
2023-08-02T20:00,Santacruz_AWS,19.1197,72.8468,0.6,0.6,1005.8,98,17.7,0.431
2023-08-02T21:00,Santacruz_AWS,19.1197,72.8468,0.5,0.5,1006.2,100,17.9,0.43
2023-08-02T22:00,Santacruz_AWS,19.1197,72.8468,0.1,0.1,1006.2,100,18.9,0.426
2023-08-02T23:00,Santacruz_AWS,19.1197,72.8468,0.3,0.3,1005.9,100,18.9,0.425
2023-08-03T00:00,Santacruz_AWS,19.1197,72.8468,0.3,0.3,1005.2,100,19.7,0.424
2023-08-03T01:00,Santacruz_AWS,19.1197,72.8468,1.1,1.1,1004.5,100,21.0,0.431
2023-08-03T02:00,Santacruz_AWS,19.1197,72.8468,0.1,0.1,1004.1,100,22.6,0.426
2023-08-03T03:00,Santacruz_AWS,19.1197,72.8468,0.2,0.2,1004.2,83,24.2,0.424
2023-08-03T04:00,Santacruz_AWS,19.1197,72.8468,0.1,0.1,1004.3,84,23.1,0.422
2023-08-03T05:00,Santacruz_AWS,19.1197,72.8468,0.0,0.0,1004.1,28,21.9,0.409
2023-08-03T06:00,Santacruz_AWS,19.1197,72.8468,0.0,0.0,1004.5,100,21.7,0.408
2023-08-03T07:00,Santacruz_AWS,19.1197,72.8468,0.1,0.1,1004.8,100,22.9,0.407
2023-08-03T08:00,Santacruz_AWS,19.1197,72.8468,0.3,0.3,1005.7,55,23.2,0.408
2023-08-03T09:00,Santacruz_AWS,19.1197,72.8468,0.7,0.7,1005.9,99,24.2,0.411
2023-08-03T10:00,Santacruz_AWS,19.1197,72.8468,0.4,0.4,1005.8,100,24.7,0.411
2023-08-03T11:00,Santacruz_AWS,19.1197,72.8468,0.1,0.1,1005.9,100,23.8,0.409
2023-08-03T12:00,Santacruz_AWS,19.1197,72.8468,0.2,0.2,1005.4,99,24.6,0.407
2023-08-03T13:00,Santacruz_AWS,19.1197,72.8468,0.0,0.0,1004.9,80,27.2,0.403
2023-08-03T14:00,Santacruz_AWS,19.1197,72.8468,0.3,0.3,1004.3,80,26.6,0.402
2023-08-03T15:00,Santacruz_AWS,19.1197,72.8468,0.2,0.2,1003.7,98,25.3,0.401
2023-08-03T16:00,Santacruz_AWS,19.1197,72.8468,0.0,0.0,1003.9,100,25.2,0.399
2023-08-03T17:00,Santacruz_AWS,19.1197,72.8468,0.3,0.3,1004.3,100,20.9,0.395
2023-08-03T18:00,Santacruz_AWS,19.1197,72.8468,0.3,0.3,1004.7,100,19.6,0.396
2023-08-03T19:00,Santacruz_AWS,19.1197,72.8468,0.6,0.6,1005.2,100,19.7,0.401
2023-08-03T20:00,Santacruz_AWS,19.1197,72.8468,0.2,0.2,1005.4,100,18.5,0.401
2023-08-03T21:00,Santacruz_AWS,19.1197,72.8468,0.1,0.1,1005.8,100,19.1,0.401
2023-08-03T22:00,Santacruz_AWS,19.1197,72.8468,0.1,0.1,1006.0,93,18.9,0.401
2023-08-03T23:00,Santacruz_AWS,19.1197,72.8468,0.6,0.6,1006.0,100,20.4,0.406
2023-08-04T00:00,Santacruz_AWS,19.1197,72.8468,0.2,0.2,1005.7,98,20.2,0.406
2023-08-04T01:00,Santacruz_AWS,19.1197,72.8468,0.2,0.2,1005.2,100,22.7,0.407
2023-08-04T02:00,Santacruz_AWS,19.1197,72.8468,0.0,0.0,1004.6,100,22.4,0.405
2023-08-04T03:00,Santacruz_AWS,19.1197,72.8468,0.0,0.0,1004.5,100,21.9,0.404
2023-08-04T04:00,Santacruz_AWS,19.1197,72.8468,0.0,0.0,1004.6,100,21.5,0.403
2023-08-04T05:00,Santacruz_AWS,19.1197,72.8468,0.0,0.0,1004.4,100,20.5,0.4
2023-08-04T06:00,Santacruz_AWS,19.1197,72.8468,0.3,0.3,1004.7,100,18.7,0.402
2023-08-04T07:00,Santacruz_AWS,19.1197,72.8468,0.1,0.1,1005.3,100,20.3,0.402
2023-08-04T08:00,Santacruz_AWS,19.1197,72.8468,0.3,0.3,1006.2,100,20.9,0.402
2023-08-04T09:00,Santacruz_AWS,19.1197,72.8468,0.0,0.0,1006.6,100,20.9,0.401
2023-08-04T10:00,Santacruz_AWS,19.1197,72.8468,0.0,0.0,1006.5,100,19.5,0.4
2023-08-04T11:00,Santacruz_AWS,19.1197,72.8468,0.0,0.0,1006.5,100,21.1,0.398
2023-08-04T12:00,Santacruz_AWS,19.1197,72.8468,0.2,0.2,1006.3,100,25.3,0.398
2023-08-04T13:00,Santacruz_AWS,19.1197,72.8468,0.1,0.1,1005.9,100,24.7,0.396
2023-08-04T14:00,Santacruz_AWS,19.1197,72.8468,0.1,0.1,1005.6,100,24.5,0.395
2023-08-04T15:00,Santacruz_AWS,19.1197,72.8468,0.1,0.1,1005.4,100,23.3,0.394
2023-08-04T16:00,Santacruz_AWS,19.1197,72.8468,0.1,0.1,1005.0,100,23.7,0.393
2023-08-04T17:00,Santacruz_AWS,19.1197,72.8468,0.0,0.0,1005.4,100,20.9,0.398
2023-08-04T18:00,Santacruz_AWS,19.1197,72.8468,0.1,0.1,1005.6,100,19.2,0.398
2023-08-04T19:00,Santacruz_AWS,19.1197,72.8468,0.3,0.3,1006.0,95,19.5,0.399
2023-08-04T20:00,Santacruz_AWS,19.1197,72.8468,0.1,0.1,1006.5,74,18.8,0.399
2023-08-04T21:00,Santacruz_AWS,19.1197,72.8468,0.3,0.3,1007.1,43,19.7,0.4
2023-08-04T22:00,Santacruz_AWS,19.1197,72.8468,0.0,0.0,1007.3,21,21.3,0.399
2023-08-04T23:00,Santacruz_AWS,19.1197,72.8468,0.0,0.0,1007.2,24,21.4,0.399
2023-08-05T00:00,Santacruz_AWS,19.1197,72.8468,0.0,0.0,1006.8,36,22.6,0.398
2023-08-05T01:00,Santacruz_AWS,19.1197,72.8468,0.1,0.1,1006.6,72,22.1,0.398
2023-08-05T02:00,Santacruz_AWS,19.1197,72.8468,0.1,0.1,1006.3,65,21.1,0.398
2023-08-05T03:00,Santacruz_AWS,19.1197,72.8468,0.0,0.0,1006.2,80,19.5,0.397
2023-08-05T04:00,Santacruz_AWS,19.1197,72.8468,0.2,0.2,1006.6,91,20.8,0.397
2023-08-05T05:00,Santacruz_AWS,19.1197,72.8468,0.1,0.1,1006.9,95,17.1,0.408
2023-08-05T06:00,Santacruz_AWS,19.1197,72.8468,1.2,1.2,1007.4,96,14.1,0.419
2023-08-05T07:00,Santacruz_AWS,19.1197,72.8468,0.4,0.4,1008.0,100,18.5,0.419
2023-08-05T08:00,Santacruz_AWS,19.1197,72.8468,0.4,0.4,1008.5,100,20.9,0.418
2023-08-05T09:00,Santacruz_AWS,19.1197,72.8468,0.3,0.3,1009.1,100,20.1,0.416
2023-08-05T10:00,Santacruz_AWS,19.1197,72.8468,0.5,0.5,1009.1,74,20.2,0.416
2023-08-05T11:00,Santacruz_AWS,19.1197,72.8468,0.3,0.3,1008.8,92,20.0,0.414
2023-08-05T12:00,Santacruz_AWS,19.1197,72.8468,0.0,0.0,1008.5,100,22.7,0.409
2023-08-05T13:00,Santacruz_AWS,19.1197,72.8468,0.0,0.0,1008.0,100,22.9,0.405
2023-08-05T14:00,Santacruz_AWS,19.1197,72.8468,0.0,0.0,1007.3,100,23.7,0.401
2023-08-05T15:00,Santacruz_AWS,19.1197,72.8468,0.0,0.0,1006.8,100,22.8,0.399
2023-08-05T16:00,Santacruz_AWS,19.1197,72.8468,0.0,0.0,1006.4,99,23.1,0.396
2023-08-05T17:00,Santacruz_AWS,19.1197,72.8468,0.0,0.0,1007.4,100,18.2,0.393
2023-08-05T18:00,Santacruz_AWS,19.1197,72.8468,0.1,0.1,1007.6,100,19.0,0.393
2023-08-05T19:00,Santacruz_AWS,19.1197,72.8468,0.1,0.1,1007.9,100,19.7,0.392
2023-08-05T20:00,Santacruz_AWS,19.1197,72.8468,0.0,0.0,1008.4,100,20.3,0.392
2023-08-05T21:00,Santacruz_AWS,19.1197,72.8468,0.0,0.0,1008.8,100,20.6,0.391
2023-08-05T22:00,Santacruz_AWS,19.1197,72.8468,0.0,0.0,1008.9,100,21.8,0.391
2023-08-05T23:00,Santacruz_AWS,19.1197,72.8468,0.0,0.0,1008.6,99,21.4,0.39
2023-08-06T00:00,Santacruz_AWS,19.1197,72.8468,0.0,0.0,1007.8,84,22.8,0.389
2023-08-06T01:00,Santacruz_AWS,19.1197,72.8468,0.1,0.1,1007.1,100,21.8,0.39
2023-08-06T02:00,Santacruz_AWS,19.1197,72.8468,0.2,0.2,1006.8,100,23.2,0.391
2023-08-06T03:00,Santacruz_AWS,19.1197,72.8468,0.0,0.0,1006.7,100,20.6,0.39
2023-08-06T04:00,Santacruz_AWS,19.1197,72.8468,0.0,0.0,1006.8,100,19.6,0.39
2023-08-06T05:00,Santacruz_AWS,19.1197,72.8468,0.0,0.0,1007.2,100,19.7,0.39
2023-08-06T06:00,Santacruz_AWS,19.1197,72.8468,0.1,0.1,1007.7,98,17.3,0.391
2023-08-06T07:00,Santacruz_AWS,19.1197,72.8468,0.3,0.3,1008.1,100,21.3,0.393
2023-08-06T08:00,Santacruz_AWS,19.1197,72.8468,0.0,0.0,1008.6,100,18.1,0.392
2023-08-06T09:00,Santacruz_AWS,19.1197,72.8468,0.9,0.9,1008.9,100,22.0,0.399
2023-08-06T10:00,Santacruz_AWS,19.1197,72.8468,0.1,0.1,1008.7,63,20.3,0.397
2023-08-06T11:00,Santacruz_AWS,19.1197,72.8468,0.2,0.2,1008.5,70,23.3,0.396
2023-08-06T12:00,Santacruz_AWS,19.1197,72.8468,0.1,0.1,1007.9,90,23.0,0.394
2023-08-06T13:00,Santacruz_AWS,19.1197,72.8468,0.3,0.3,1007.3,72,21.7,0.393
2023-08-06T14:00,Santacruz_AWS,19.1197,72.8468,0.0,0.0,1006.5,19,22.9,0.39
2023-08-06T15:00,Santacruz_AWS,19.1197,72.8468,0.2,0.2,1005.9,84,23.4,0.388
2023-08-06T16:00,Santacruz_AWS,19.1197,72.8468,0.1,0.1,1005.5,74,22.8,0.386
2023-08-06T17:00,Santacruz_AWS,19.1197,72.8468,0.0,0.0,1006.2,89,20.1,0.386
2023-08-06T18:00,Santacruz_AWS,19.1197,72.8468,0.1,0.1,1006.4,96,18.9,0.386
2023-08-06T19:00,Santacruz_AWS,19.1197,72.8468,0.1,0.1,1006.6,61,17.7,0.386
2023-08-06T20:00,Santacruz_AWS,19.1197,72.8468,0.0,0.0,1007.0,40,18.4,0.386
2023-08-06T21:00,Santacruz_AWS,19.1197,72.8468,0.0,0.0,1007.4,38,19.5,0.385
2023-08-06T22:00,Santacruz_AWS,19.1197,72.8468,0.0,0.0,1007.7,94,18.8,0.385
2023-08-06T23:00,Santacruz_AWS,19.1197,72.8468,0.0,0.0,1007.3,100,19.3,0.384
2023-08-07T00:00,Santacruz_AWS,19.1197,72.8468,0.0,0.0,1006.7,100,19.6,0.384
2023-08-07T01:00,Santacruz_AWS,19.1197,72.8468,0.0,0.0,1006.0,100,20.6,0.384
2023-08-07T02:00,Santacruz_AWS,19.1197,72.8468,0.0,0.0,1005.2,100,21.3,0.383
2023-08-07T03:00,Santacruz_AWS,19.1197,72.8468,0.1,0.1,1005.2,100,20.7,0.383
2023-08-07T04:00,Santacruz_AWS,19.1197,72.8468,0.0,0.0,1004.9,100,22.8,0.383
2023-08-07T05:00,Santacruz_AWS,19.1197,72.8468,0.0,0.0,1005.2,100,21.6,0.383
2023-08-07T06:00,Santacruz_AWS,19.1197,72.8468,0.0,0.0,1005.5,100,20.3,0.382
2023-08-07T07:00,Santacruz_AWS,19.1197,72.8468,0.0,0.0,1006.0,100,21.3,0.382
2023-08-07T08:00,Santacruz_AWS,19.1197,72.8468,0.0,0.0,1006.3,100,22.2,0.381
2023-08-07T09:00,Santacruz_AWS,19.1197,72.8468,0.0,0.0,1006.8,100,23.2,0.379
2023-08-07T10:00,Santacruz_AWS,19.1197,72.8468,0.0,0.0,1006.6,100,23.7,0.377
2023-08-07T11:00,Santacruz_AWS,19.1197,72.8468,0.4,0.4,1006.3,100,25.7,0.377
2023-08-07T12:00,Santacruz_AWS,19.1197,72.8468,0.1,0.1,1005.8,100,26.9,0.376
2023-08-07T13:00,Santacruz_AWS,19.1197,72.8468,0.1,0.1,1005.4,100,24.6,0.373
2023-08-07T14:00,Santacruz_AWS,19.1197,72.8468,0.3,0.3,1004.8,100,25.7,0.373
2023-08-07T15:00,Santacruz_AWS,19.1197,72.8468,0.6,0.6,1004.5,99,26.0,0.376
2023-08-07T16:00,Santacruz_AWS,19.1197,72.8468,0.5,0.5,1004.2,88,24.7,0.378
2023-08-07T17:00,Santacruz_AWS,19.1197,72.8468,0.0,0.0,1004.9,97,20.6,0.393
2023-08-07T18:00,Santacruz_AWS,19.1197,72.8468,0.0,0.0,1005.0,50,18.1,0.391
2023-08-07T19:00,Santacruz_AWS,19.1197,72.8468,0.1,0.1,1005.6,77,17.1,0.391
2023-08-07T20:00,Santacruz_AWS,19.1197,72.8468,0.0,0.0,1006.1,85,16.6,0.39
2023-08-07T21:00,Santacruz_AWS,19.1197,72.8468,0.0,0.0,1006.2,99,18.0,0.389
2023-08-07T22:00,Santacruz_AWS,19.1197,72.8468,0.0,0.0,1006.3,100,18.5,0.388
2023-08-07T23:00,Santacruz_AWS,19.1197,72.8468,0.0,0.0,1005.8,100,17.3,0.388
2023-08-08T00:00,Santacruz_AWS,19.1197,72.8468,0.0,0.0,1005.2,100,17.9,0.387
2023-08-08T01:00,Santacruz_AWS,19.1197,72.8468,0.0,0.0,1004.6,100,19.8,0.387
2023-08-08T02:00,Santacruz_AWS,19.1197,72.8468,0.0,0.0,1004.4,100,19.3,0.386
2023-08-08T03:00,Santacruz_AWS,19.1197,72.8468,0.0,0.0,1004.2,100,19.0,0.385
2023-08-08T04:00,Santacruz_AWS,19.1197,72.8468,0.0,0.0,1004.3,99,19.5,0.385
2023-08-08T05:00,Santacruz_AWS,19.1197,72.8468,0.1,0.1,1004.9,100,20.4,0.383
2023-08-08T06:00,Santacruz_AWS,19.1197,72.8468,0.2,0.2,1005.1,70,17.2,0.384
2023-08-08T07:00,Santacruz_AWS,19.1197,72.8468,0.0,0.0,1005.6,12,20.4,0.384
2023-08-08T08:00,Santacruz_AWS,19.1197,72.8468,0.0,0.0,1006.2,15,21.6,0.383
2023-08-08T09:00,Santacruz_AWS,19.1197,72.8468,0.1,0.1,1006.6,56,23.9,0.381
2023-08-08T10:00,Santacruz_AWS,19.1197,72.8468,0.2,0.2,1006.7,51,24.5,0.38
2023-08-08T11:00,Santacruz_AWS,19.1197,72.8468,0.2,0.2,1006.3,18,24.7,0.378
2023-08-08T12:00,Santacruz_AWS,19.1197,72.8468,0.4,0.4,1006.1,23,24.0,0.379
2023-08-08T13:00,Santacruz_AWS,19.1197,72.8468,0.3,0.3,1005.8,49,22.9,0.378
2023-08-08T14:00,Santacruz_AWS,19.1197,72.8468,0.4,0.4,1005.3,93,23.4,0.379
2023-08-08T15:00,Santacruz_AWS,19.1197,72.8468,0.0,0.0,1005.4,99,22.1,0.376
2023-08-08T16:00,Santacruz_AWS,19.1197,72.8468,0.1,0.1,1005.5,94,21.6,0.374
2023-08-08T17:00,Santacruz_AWS,19.1197,72.8468,0.1,0.1,1005.6,87,18.4,0.376
2023-08-08T18:00,Santacruz_AWS,19.1197,72.8468,0.1,0.1,1006.1,95,15.7,0.376
2023-08-08T19:00,Santacruz_AWS,19.1197,72.8468,0.0,0.0,1006.7,98,15.3,0.376
2023-08-08T20:00,Santacruz_AWS,19.1197,72.8468,0.0,0.0,1007.3,96,13.6,0.375
2023-08-08T21:00,Santacruz_AWS,19.1197,72.8468,0.1,0.1,1007.8,100,13.5,0.376
2023-08-08T22:00,Santacruz_AWS,19.1197,72.8468,0.0,0.0,1008.1,96,14.5,0.376
2023-08-08T23:00,Santacruz_AWS,19.1197,72.8468,0.0,0.0,1007.6,97,12.2,0.375
2023-08-09T00:00,Santacruz_AWS,19.1197,72.8468,0.1,0.1,1006.8,100,15.7,0.376
2023-08-09T01:00,Santacruz_AWS,19.1197,72.8468,0.3,0.3,1006.3,100,16.2,0.378
2023-08-09T02:00,Santacruz_AWS,19.1197,72.8468,0.2,0.2,1006.1,100,14.6,0.379
2023-08-09T03:00,Santacruz_AWS,19.1197,72.8468,0.1,0.1,1006.1,100,16.6,0.379
2023-08-09T04:00,Santacruz_AWS,19.1197,72.8468,0.1,0.1,1006.3,100,17.7,0.379
2023-08-09T05:00,Santacruz_AWS,19.1197,72.8468,0.4,0.4,1007.0,100,15.5,0.383
2023-08-09T06:00,Santacruz_AWS,19.1197,72.8468,0.2,0.2,1007.5,99,15.5,0.384
2023-08-09T07:00,Santacruz_AWS,19.1197,72.8468,0.0,0.0,1008.2,100,16.1,0.383
2023-08-09T08:00,Santacruz_AWS,19.1197,72.8468,0.1,0.1,1008.8,100,17.5,0.382
2023-08-09T09:00,Santacruz_AWS,19.1197,72.8468,0.0,0.0,1009.3,100,17.0,0.381
2023-08-09T10:00,Santacruz_AWS,19.1197,72.8468,0.0,0.0,1009.4,100,18.7,0.379
2023-08-09T11:00,Santacruz_AWS,19.1197,72.8468,0.2,0.2,1009.5,100,19.6,0.377
2023-08-09T12:00,Santacruz_AWS,19.1197,72.8468,0.2,0.2,1009.2,100,20.1,0.376
2023-08-09T13:00,Santacruz_AWS,19.1197,72.8468,0.0,0.0,1008.4,100,18.3,0.374
2023-08-09T14:00,Santacruz_AWS,19.1197,72.8468,0.0,0.0,1007.8,100,19.4,0.37
2023-08-09T15:00,Santacruz_AWS,19.1197,72.8468,0.3,0.3,1007.1,100,20.2,0.371
2023-08-09T16:00,Santacruz_AWS,19.1197,72.8468,0.2,0.2,1006.8,100,19.4,0.37
2023-08-09T17:00,Santacruz_AWS,19.1197,72.8468,0.1,0.1,1007.6,100,17.4,0.369
2023-08-09T18:00,Santacruz_AWS,19.1197,72.8468,0.2,0.2,1007.9,100,13.8,0.37
2023-08-09T19:00,Santacruz_AWS,19.1197,72.8468,0.0,0.0,1008.2,96,13.4,0.37
2023-08-09T20:00,Santacruz_AWS,19.1197,72.8468,0.0,0.0,1008.5,98,11.9,0.37
2023-08-09T21:00,Santacruz_AWS,19.1197,72.8468,0.1,0.1,1008.8,91,11.4,0.37
2023-08-09T22:00,Santacruz_AWS,19.1197,72.8468,0.0,0.0,1008.9,95,12.8,0.37
2023-08-09T23:00,Santacruz_AWS,19.1197,72.8468,0.2,0.2,1008.8,100,12.6,0.371
2023-08-10T00:00,Santacruz_AWS,19.1197,72.8468,0.2,0.2,1008.3,100,13.7,0.372
2023-08-10T01:00,Santacruz_AWS,19.1197,72.8468,0.2,0.2,1007.9,100,13.5,0.374
2023-08-10T02:00,Santacruz_AWS,19.1197,72.8468,0.4,0.4,1007.3,100,13.8,0.376
2023-08-10T03:00,Santacruz_AWS,19.1197,72.8468,0.4,0.4,1007.2,95,12.9,0.38
2023-08-10T04:00,Santacruz_AWS,19.1197,72.8468,0.4,0.4,1007.6,84,13.7,0.384
2023-08-10T05:00,Santacruz_AWS,19.1197,72.8468,0.1,0.1,1007.7,77,13.7,0.388
2023-08-10T06:00,Santacruz_AWS,19.1197,72.8468,0.1,0.1,1008.2,40,15.1,0.388
2023-08-10T07:00,Santacruz_AWS,19.1197,72.8468,0.6,0.6,1008.9,72,14.0,0.392
2023-08-10T08:00,Santacruz_AWS,19.1197,72.8468,1.1,1.1,1009.5,97,12.7,0.402
2023-08-10T09:00,Santacruz_AWS,19.1197,72.8468,0.6,0.6,1010.1,100,12.9,0.404
2023-08-10T10:00,Santacruz_AWS,19.1197,72.8468,0.7,0.7,1010.3,48,15.2,0.406
2023-08-10T11:00,Santacruz_AWS,19.1197,72.8468,0.5,0.5,1010.1,60,13.7,0.406
2023-08-10T12:00,Santacruz_AWS,19.1197,72.8468,0.1,0.1,1009.8,55,12.6,0.402
2023-08-10T13:00,Santacruz_AWS,19.1197,72.8468,0.0,0.0,1009.0,80,9.7,0.397
2023-08-10T14:00,Santacruz_AWS,19.1197,72.8468,0.2,0.2,1008.0,56,13.9,0.394
2023-08-10T15:00,Santacruz_AWS,19.1197,72.8468,0.1,0.1,1007.7,82,14.9,0.391
2023-08-10T16:00,Santacruz_AWS,19.1197,72.8468,0.7,0.7,1007.7,64,14.2,0.394
2023-08-10T17:00,Santacruz_AWS,19.1197,72.8468,0.3,0.3,1008.0,76,14.8,0.384
2023-08-10T18:00,Santacruz_AWS,19.1197,72.8468,0.1,0.1,1008.4,39,14.0,0.383
2023-08-10T19:00,Santacruz_AWS,19.1197,72.8468,0.1,0.1,1008.6,36,11.7,0.383
2023-08-10T20:00,Santacruz_AWS,19.1197,72.8468,0.1,0.1,1008.9,34,12.8,0.383
2023-08-10T21:00,Santacruz_AWS,19.1197,72.8468,0.0,0.0,1009.4,58,12.3,0.382
2023-08-10T22:00,Santacruz_AWS,19.1197,72.8468,0.2,0.2,1009.9,65,11.5,0.383
2023-08-10T23:00,Santacruz_AWS,19.1197,72.8468,0.1,0.1,1009.6,21,12.1,0.383
2023-08-11T00:00,Santacruz_AWS,19.1197,72.8468,0.1,0.1,1009.0,36,13.3,0.383
2023-08-11T01:00,Santacruz_AWS,19.1197,72.8468,0.0,0.0,1008.4,19,10.7,0.382
2023-08-11T02:00,Santacruz_AWS,19.1197,72.8468,0.1,0.1,1007.8,23,10.1,0.382
2023-08-11T03:00,Santacruz_AWS,19.1197,72.8468,0.2,0.2,1007.6,37,10.7,0.383
2023-08-11T04:00,Santacruz_AWS,19.1197,72.8468,0.1,0.1,1007.6,26,6.5,0.383
2023-08-11T05:00,Santacruz_AWS,19.1197,72.8468,0.6,0.6,1007.6,41,10.9,0.394
2023-08-11T06:00,Santacruz_AWS,19.1197,72.8468,0.8,0.8,1008.2,55,10.8,0.402
2023-08-11T07:00,Santacruz_AWS,19.1197,72.8468,0.2,0.2,1008.7,16,10.8,0.401
2023-08-11T08:00,Santacruz_AWS,19.1197,72.8468,0.0,0.0,1009.0,9,13.7,0.399
2023-08-11T09:00,Santacruz_AWS,19.1197,72.8468,0.0,0.0,1009.5,58,14.8,0.396
2023-08-11T10:00,Santacruz_AWS,19.1197,72.8468,0.3,0.3,1009.4,65,14.4,0.395
2023-08-11T11:00,Santacruz_AWS,19.1197,72.8468,0.4,0.4,1009.0,46,12.6,0.394
2023-08-11T12:00,Santacruz_AWS,19.1197,72.8468,0.2,0.2,1008.8,74,14.2,0.391
2023-08-11T13:00,Santacruz_AWS,19.1197,72.8468,0.1,0.1,1007.8,26,14.4,0.388
2023-08-11T14:00,Santacruz_AWS,19.1197,72.8468,0.0,0.0,1007.2,32,15.5,0.384
2023-08-11T15:00,Santacruz_AWS,19.1197,72.8468,0.0,0.0,1006.6,18,15.8,0.381
2023-08-11T16:00,Santacruz_AWS,19.1197,72.8468,0.0,0.0,1006.3,19,15.7,0.379
2023-08-11T17:00,Santacruz_AWS,19.1197,72.8468,0.0,0.0,1006.7,14,15.9,0.373
2023-08-11T18:00,Santacruz_AWS,19.1197,72.8468,0.2,0.2,1007.0,61,13.3,0.374
2023-08-11T19:00,Santacruz_AWS,19.1197,72.8468,0.1,0.1,1007.6,19,11.9,0.374
2023-08-11T20:00,Santacruz_AWS,19.1197,72.8468,0.0,0.0,1008.2,13,9.7,0.374
2023-08-11T21:00,Santacruz_AWS,19.1197,72.8468,0.1,0.1,1008.6,13,10.1,0.374
2023-08-11T22:00,Santacruz_AWS,19.1197,72.8468,0.1,0.1,1009.0,9,9.9,0.374
2023-08-11T23:00,Santacruz_AWS,19.1197,72.8468,0.1,0.1,1008.6,15,8.4,0.374
2023-08-12T00:00,Santacruz_AWS,19.1197,72.8468,0.1,0.1,1008.1,20,8.4,0.374
2023-08-12T01:00,Santacruz_AWS,19.1197,72.8468,0.1,0.1,1007.7,47,8.5,0.374
2023-08-12T02:00,Santacruz_AWS,19.1197,72.8468,0.1,0.1,1007.4,41,7.6,0.375
2023-08-12T03:00,Santacruz_AWS,19.1197,72.8468,0.2,0.2,1007.5,56,6.0,0.376
2023-08-12T04:00,Santacruz_AWS,19.1197,72.8468,0.3,0.3,1007.9,100,8.6,0.377
2023-08-12T05:00,Santacruz_AWS,19.1197,72.8468,1.0,1.0,1008.0,97,4.6,0.386
2023-08-12T06:00,Santacruz_AWS,19.1197,72.8468,0.2,0.2,1008.2,97,3.6,0.387
2023-08-12T07:00,Santacruz_AWS,19.1197,72.8468,0.7,0.7,1009.0,99,9.9,0.394
2023-08-12T08:00,Santacruz_AWS,19.1197,72.8468,0.2,0.2,1009.3,84,10.1,0.394
2023-08-12T09:00,Santacruz_AWS,19.1197,72.8468,0.5,0.5,1009.7,54,12.5,0.397
2023-08-12T10:00,Santacruz_AWS,19.1197,72.8468,0.2,0.2,1009.9,100,9.6,0.395
2023-08-12T11:00,Santacruz_AWS,19.1197,72.8468,0.2,0.2,1009.4,100,12.4,0.393
2023-08-12T12:00,Santacruz_AWS,19.1197,72.8468,0.2,0.2,1009.1,100,17.8,0.392
2023-08-12T13:00,Santacruz_AWS,19.1197,72.8468,0.3,0.3,1008.4,100,18.8,0.391
2023-08-12T14:00,Santacruz_AWS,19.1197,72.8468,0.1,0.1,1007.7,100,14.1,0.389
2023-08-12T15:00,Santacruz_AWS,19.1197,72.8468,0.1,0.1,1006.9,100,15.3,0.387
2023-08-12T16:00,Santacruz_AWS,19.1197,72.8468,0.1,0.1,1006.4,100,15.4,0.385
2023-08-12T17:00,Santacruz_AWS,19.1197,72.8468,0.1,0.1,1006.5,62,14.8,0.393
2023-08-12T18:00,Santacruz_AWS,19.1197,72.8468,0.3,0.3,1007.0,81,10.1,0.394
2023-08-12T19:00,Santacruz_AWS,19.1197,72.8468,0.2,0.2,1007.3,95,9.7,0.393
2023-08-12T20:00,Santacruz_AWS,19.1197,72.8468,0.1,0.1,1007.7,74,9.8,0.393
2023-08-12T21:00,Santacruz_AWS,19.1197,72.8468,0.1,0.1,1008.2,48,12.4,0.392
2023-08-12T22:00,Santacruz_AWS,19.1197,72.8468,0.0,0.0,1008.2,61,13.8,0.391
2023-08-12T23:00,Santacruz_AWS,19.1197,72.8468,0.0,0.0,1007.9,84,14.6,0.39
2023-08-13T00:00,Santacruz_AWS,19.1197,72.8468,0.1,0.1,1007.1,92,14.0,0.389
2023-08-13T01:00,Santacruz_AWS,19.1197,72.8468,0.2,0.2,1006.5,84,13.6,0.389
2023-08-13T02:00,Santacruz_AWS,19.1197,72.8468,0.5,0.5,1006.0,66,14.6,0.393
2023-08-13T03:00,Santacruz_AWS,19.1197,72.8468,0.3,0.3,1005.7,79,15.4,0.395
2023-08-13T04:00,Santacruz_AWS,19.1197,72.8468,0.2,0.2,1005.7,100,14.8,0.396
2023-08-13T05:00,Santacruz_AWS,19.1197,72.8468,0.4,0.4,1005.7,80,12.9,0.39
2023-08-13T06:00,Santacruz_AWS,19.1197,72.8468,1.2,1.2,1006.5,97,13.5,0.403
2023-08-13T07:00,Santacruz_AWS,19.1197,72.8468,0.3,0.3,1006.8,78,14.4,0.403
2023-08-13T08:00,Santacruz_AWS,19.1197,72.8468,0.1,0.1,1007.4,75,15.1,0.402
2023-08-13T09:00,Santacruz_AWS,19.1197,72.8468,0.7,0.7,1007.7,37,15.0,0.405
2023-08-13T10:00,Santacruz_AWS,19.1197,72.8468,0.0,0.0,1007.6,69,20.5,0.402
2023-08-13T11:00,Santacruz_AWS,19.1197,72.8468,0.1,0.1,1007.4,52,20.3,0.398
2023-08-13T12:00,Santacruz_AWS,19.1197,72.8468,0.0,0.0,1006.7,36,22.3,0.394
2023-08-13T13:00,Santacruz_AWS,19.1197,72.8468,0.1,0.1,1006.1,43,23.7,0.391
2023-08-13T14:00,Santacruz_AWS,19.1197,72.8468,0.3,0.3,1005.7,18,24.7,0.389
2023-08-13T15:00,Santacruz_AWS,19.1197,72.8468,0.3,0.3,1005.1,80,24.5,0.388
2023-08-13T16:00,Santacruz_AWS,19.1197,72.8468,0.1,0.1,1004.9,100,23.4,0.386
2023-08-13T17:00,Santacruz_AWS,19.1197,72.8468,0.0,0.0,1005.5,100,17.1,0.372
2023-08-13T18:00,Santacruz_AWS,19.1197,72.8468,0.1,0.1,1005.8,100,17.3,0.372
2023-08-13T19:00,Santacruz_AWS,19.1197,72.8468,0.0,0.0,1006.4,100,17.9,0.372
2023-08-13T20:00,Santacruz_AWS,19.1197,72.8468,0.0,0.0,1006.9,100,17.9,0.371
2023-08-13T21:00,Santacruz_AWS,19.1197,72.8468,0.0,0.0,1007.3,100,17.9,0.371
2023-08-13T22:00,Santacruz_AWS,19.1197,72.8468,0.0,0.0,1007.3,100,18.0,0.37
2023-08-13T23:00,Santacruz_AWS,19.1197,72.8468,0.0,0.0,1007.0,100,18.5,0.37
2023-08-14T00:00,Santacruz_AWS,19.1197,72.8468,0.0,0.0,1006.3,100,18.5,0.37
2023-08-14T01:00,Santacruz_AWS,19.1197,72.8468,0.2,0.2,1006.0,100,19.3,0.371
2023-08-14T02:00,Santacruz_AWS,19.1197,72.8468,0.1,0.1,1005.3,100,17.4,0.371
2023-08-14T03:00,Santacruz_AWS,19.1197,72.8468,0.1,0.1,1005.4,100,17.9,0.371
2023-08-14T04:00,Santacruz_AWS,19.1197,72.8468,0.4,0.4,1005.6,100,18.3,0.374
2023-08-14T05:00,Santacruz_AWS,19.1197,72.8468,0.3,0.3,1005.4,100,16.5,0.368
2023-08-14T06:00,Santacruz_AWS,19.1197,72.8468,0.2,0.2,1006.1,100,15.8,0.369
2023-08-14T07:00,Santacruz_AWS,19.1197,72.8468,0.4,0.4,1007.0,100,16.3,0.371
2023-08-14T08:00,Santacruz_AWS,19.1197,72.8468,0.1,0.1,1007.8,100,14.9,0.372
2023-08-14T09:00,Santacruz_AWS,19.1197,72.8468,0.1,0.1,1008.5,87,17.8,0.371
2023-08-14T10:00,Santacruz_AWS,19.1197,72.8468,0.1,0.1,1008.2,89,19.1,0.37
2023-08-14T11:00,Santacruz_AWS,19.1197,72.8468,0.0,0.0,1008.2,47,21.3,0.368
2023-08-14T12:00,Santacruz_AWS,19.1197,72.8468,0.1,0.1,1007.4,61,22.9,0.365
2023-08-14T13:00,Santacruz_AWS,19.1197,72.8468,0.1,0.1,1006.7,21,23.5,0.363
2023-08-14T14:00,Santacruz_AWS,19.1197,72.8468,0.1,0.1,1005.7,30,24.8,0.361
2023-08-14T15:00,Santacruz_AWS,19.1197,72.8468,0.2,0.2,1005.5,98,24.3,0.359
2023-08-14T16:00,Santacruz_AWS,19.1197,72.8468,0.1,0.1,1005.4,100,23.0,0.358
2023-08-14T17:00,Santacruz_AWS,19.1197,72.8468,0.0,0.0,1006.0,100,21.2,0.357
2023-08-14T18:00,Santacruz_AWS,19.1197,72.8468,0.0,0.0,1006.6,100,18.2,0.356
2023-08-14T19:00,Santacruz_AWS,19.1197,72.8468,0.0,0.0,1006.8,99,18.3,0.356
2023-08-14T20:00,Santacruz_AWS,19.1197,72.8468,0.0,0.0,1007.2,100,18.1,0.355
2023-08-14T21:00,Santacruz_AWS,19.1197,72.8468,0.0,0.0,1007.5,100,18.9,0.355
2023-08-14T22:00,Santacruz_AWS,19.1197,72.8468,0.0,0.0,1007.5,98,18.4,0.355
2023-08-14T23:00,Santacruz_AWS,19.1197,72.8468,0.0,0.0,1007.3,100,16.1,0.355
2023-08-15T00:00,Santacruz_AWS,19.1197,72.8468,0.0,0.0,1006.7,100,17.2,0.354
2023-08-15T01:00,Santacruz_AWS,19.1197,72.8468,0.0,0.0,1006.2,100,18.5,0.354
2023-08-15T02:00,Santacruz_AWS,19.1197,72.8468,0.0,0.0,1005.8,100,17.1,0.354
2023-08-15T03:00,Santacruz_AWS,19.1197,72.8468,0.0,0.0,1006.0,99,14.9,0.354
2023-08-15T04:00,Santacruz_AWS,19.1197,72.8468,0.2,0.2,1006.1,99,14.3,0.355
2023-08-15T05:00,Santacruz_AWS,19.1197,72.8468,0.1,0.1,1006.2,100,13.2,0.353
2023-08-15T06:00,Santacruz_AWS,19.1197,72.8468,0.1,0.1,1006.9,98,14.4,0.354
2023-08-15T07:00,Santacruz_AWS,19.1197,72.8468,0.3,0.3,1007.7,97,11.2,0.356
2023-08-15T08:00,Santacruz_AWS,19.1197,72.8468,0.3,0.3,1008.3,97,12.8,0.358
2023-08-15T09:00,Santacruz_AWS,19.1197,72.8468,0.7,0.7,1008.7,96,11.0,0.363
2023-08-15T10:00,Santacruz_AWS,19.1197,72.8468,0.1,0.1,1008.8,99,12.7,0.363
2023-08-15T11:00,Santacruz_AWS,19.1197,72.8468,0.1,0.1,1008.4,98,15.9,0.363
2023-08-15T12:00,Santacruz_AWS,19.1197,72.8468,0.3,0.3,1008.0,100,15.6,0.364
2023-08-15T13:00,Santacruz_AWS,19.1197,72.8468,0.4,0.4,1007.3,96,15.3,0.365
2023-08-15T14:00,Santacruz_AWS,19.1197,72.8468,0.1,0.1,1006.6,78,16.1,0.364
2023-08-15T15:00,Santacruz_AWS,19.1197,72.8468,0.2,0.2,1006.2,54,17.7,0.363
2023-08-15T16:00,Santacruz_AWS,19.1197,72.8468,0.3,0.3,1006.0,28,18.7,0.363
2023-08-15T17:00,Santacruz_AWS,19.1197,72.8468,0.1,0.1,1006.7,21,15.6,0.35
2023-08-15T18:00,Santacruz_AWS,19.1197,72.8468,0.2,0.2,1006.7,38,14.3,0.351
2023-08-15T19:00,Santacruz_AWS,19.1197,72.8468,0.0,0.0,1007.2,99,11.6,0.351
2023-08-15T20:00,Santacruz_AWS,19.1197,72.8468,0.0,0.0,1007.8,99,11.4,0.351
2023-08-15T21:00,Santacruz_AWS,19.1197,72.8468,0.0,0.0,1008.3,98,11.7,0.351
2023-08-15T22:00,Santacruz_AWS,19.1197,72.8468,0.0,0.0,1008.4,91,11.8,0.35
2023-08-15T23:00,Santacruz_AWS,19.1197,72.8468,0.0,0.0,1008.2,98,12.0,0.351
2023-08-16T00:00,Santacruz_AWS,19.1197,72.8468,0.1,0.1,1007.9,91,11.4,0.351
2023-08-16T01:00,Santacruz_AWS,19.1197,72.8468,0.2,0.2,1007.5,79,10.5,0.353
2023-08-16T02:00,Santacruz_AWS,19.1197,72.8468,0.5,0.5,1006.9,96,10.2,0.356
2023-08-16T03:00,Santacruz_AWS,19.1197,72.8468,0.3,0.3,1006.7,97,9.7,0.359
2023-08-16T04:00,Santacruz_AWS,19.1197,72.8468,0.4,0.4,1006.8,95,8.4,0.363
2023-08-16T05:00,Santacruz_AWS,19.1197,72.8468,0.5,0.5,1007.1,82,8.0,0.359
2023-08-16T06:00,Santacruz_AWS,19.1197,72.8468,0.4,0.4,1007.3,100,10.6,0.363
2023-08-16T07:00,Santacruz_AWS,19.1197,72.8468,0.1,0.1,1008.4,95,10.2,0.364
2023-08-16T08:00,Santacruz_AWS,19.1197,72.8468,0.5,0.5,1008.8,33,7.4,0.368
2023-08-16T09:00,Santacruz_AWS,19.1197,72.8468,0.0,0.0,1009.1,88,10.1,0.367
2023-08-16T10:00,Santacruz_AWS,19.1197,72.8468,0.1,0.1,1009.4,50,10.5,0.366
2023-08-16T11:00,Santacruz_AWS,19.1197,72.8468,0.1,0.1,1008.9,25,12.6,0.363
2023-08-16T12:00,Santacruz_AWS,19.1197,72.8468,0.4,0.4,1008.1,37,16.3,0.363
2023-08-16T13:00,Santacruz_AWS,19.1197,72.8468,0.5,0.5,1007.3,29,18.8,0.364
2023-08-16T14:00,Santacruz_AWS,19.1197,72.8468,0.2,0.2,1006.7,18,19.4,0.363
2023-08-16T15:00,Santacruz_AWS,19.1197,72.8468,0.1,0.1,1006.2,11,20.9,0.361
2023-08-16T16:00,Santacruz_AWS,19.1197,72.8468,0.0,0.0,1006.0,13,20.2,0.358
2023-08-16T17:00,Santacruz_AWS,19.1197,72.8468,0.0,0.0,1007.0,32,16.8,0.366
2023-08-16T18:00,Santacruz_AWS,19.1197,72.8468,0.1,0.1,1007.1,22,15.4,0.366
2023-08-16T19:00,Santacruz_AWS,19.1197,72.8468,0.0,0.0,1007.7,19,13.8,0.365
2023-08-16T20:00,Santacruz_AWS,19.1197,72.8468,0.0,0.0,1008.1,17,12.0,0.364
2023-08-16T21:00,Santacruz_AWS,19.1197,72.8468,0.0,0.0,1008.8,16,11.2,0.364
2023-08-16T22:00,Santacruz_AWS,19.1197,72.8468,0.0,0.0,1008.9,82,9.7,0.363
2023-08-16T23:00,Santacruz_AWS,19.1197,72.8468,0.0,0.0,1008.8,100,8.6,0.363
2023-08-17T00:00,Santacruz_AWS,19.1197,72.8468,0.1,0.1,1008.2,36,9.4,0.363
2023-08-17T01:00,Santacruz_AWS,19.1197,72.8468,0.1,0.1,1007.7,17,9.2,0.363
2023-08-17T02:00,Santacruz_AWS,19.1197,72.8468,0.0,0.0,1007.3,35,8.7,0.363
2023-08-17T03:00,Santacruz_AWS,19.1197,72.8468,0.1,0.1,1007.1,92,10.1,0.363
2023-08-17T04:00,Santacruz_AWS,19.1197,72.8468,0.1,0.1,1007.1,94,9.0,0.364
2023-08-17T05:00,Santacruz_AWS,19.1197,72.8468,0.3,0.3,1007.1,50,8.9,0.375
2023-08-17T06:00,Santacruz_AWS,19.1197,72.8468,0.0,0.0,1007.6,51,8.4,0.374
2023-08-17T07:00,Santacruz_AWS,19.1197,72.8468,0.0,0.0,1008.3,25,10.0,0.373
2023-08-17T08:00,Santacruz_AWS,19.1197,72.8468,0.8,0.8,1008.9,100,14.6,0.379
2023-08-17T09:00,Santacruz_AWS,19.1197,72.8468,0.4,0.4,1009.5,65,14.0,0.381
2023-08-17T10:00,Santacruz_AWS,19.1197,72.8468,0.1,0.1,1009.7,100,14.3,0.378
2023-08-17T11:00,Santacruz_AWS,19.1197,72.8468,0.1,0.1,1009.3,96,14.8,0.375
2023-08-17T12:00,Santacruz_AWS,19.1197,72.8468,0.1,0.1,1008.6,100,17.3,0.372
2023-08-17T13:00,Santacruz_AWS,19.1197,72.8468,0.1,0.1,1007.9,100,19.1,0.369
2023-08-17T14:00,Santacruz_AWS,19.1197,72.8468,0.2,0.2,1007.1,99,20.7,0.366
2023-08-17T15:00,Santacruz_AWS,19.1197,72.8468,0.4,0.4,1006.7,100,20.6,0.367
2023-08-17T16:00,Santacruz_AWS,19.1197,72.8468,0.1,0.1,1006.4,69,19.3,0.365
2023-08-17T17:00,Santacruz_AWS,19.1197,72.8468,0.4,0.4,1007.1,56,17.5,0.365
2023-08-17T18:00,Santacruz_AWS,19.1197,72.8468,0.0,0.0,1007.3,24,15.8,0.364
2023-08-17T19:00,Santacruz_AWS,19.1197,72.8468,0.0,0.0,1007.8,94,14.2,0.363
2023-08-17T20:00,Santacruz_AWS,19.1197,72.8468,0.0,0.0,1008.1,75,13.8,0.362
2023-08-17T21:00,Santacruz_AWS,19.1197,72.8468,0.0,0.0,1008.7,19,13.1,0.362
2023-08-17T22:00,Santacruz_AWS,19.1197,72.8468,0.0,0.0,1008.8,75,13.5,0.361
2023-08-17T23:00,Santacruz_AWS,19.1197,72.8468,0.1,0.1,1008.7,91,12.1,0.362
2023-08-18T00:00,Santacruz_AWS,19.1197,72.8468,0.1,0.1,1008.0,100,11.4,0.362
2023-08-18T01:00,Santacruz_AWS,19.1197,72.8468,0.0,0.0,1007.3,100,11.6,0.361
2023-08-18T02:00,Santacruz_AWS,19.1197,72.8468,0.0,0.0,1006.4,100,12.1,0.361
2023-08-18T03:00,Santacruz_AWS,19.1197,72.8468,0.0,0.0,1006.2,100,11.4,0.361
2023-08-18T04:00,Santacruz_AWS,19.1197,72.8468,0.0,0.0,1006.0,100,10.1,0.36
2023-08-18T05:00,Santacruz_AWS,19.1197,72.8468,0.1,0.1,1006.3,100,12.6,0.358
2023-08-18T06:00,Santacruz_AWS,19.1197,72.8468,0.0,0.0,1006.7,61,9.7,0.358
2023-08-18T07:00,Santacruz_AWS,19.1197,72.8468,0.0,0.0,1007.0,57,9.5,0.357
2023-08-18T08:00,Santacruz_AWS,19.1197,72.8468,0.1,0.1,1007.5,17,12.2,0.357
2023-08-18T09:00,Santacruz_AWS,19.1197,72.8468,0.1,0.1,1007.8,16,14.0,0.356
2023-08-18T10:00,Santacruz_AWS,19.1197,72.8468,0.2,0.2,1007.7,100,14.6,0.355
2023-08-18T11:00,Santacruz_AWS,19.1197,72.8468,0.4,0.4,1007.4,100,16.8,0.355
2023-08-18T12:00,Santacruz_AWS,19.1197,72.8468,0.3,0.3,1007.0,100,18.9,0.355
2023-08-18T13:00,Santacruz_AWS,19.1197,72.8468,0.3,0.3,1006.3,100,17.7,0.356
2023-08-18T14:00,Santacruz_AWS,19.1197,72.8468,0.0,0.0,1005.9,100,17.3,0.353
2023-08-18T15:00,Santacruz_AWS,19.1197,72.8468,0.1,0.1,1005.3,96,17.5,0.351
2023-08-18T16:00,Santacruz_AWS,19.1197,72.8468,0.2,0.2,1005.1,100,17.6,0.351
2023-08-18T17:00,Santacruz_AWS,19.1197,72.8468,0.0,0.0,1005.5,100,17.4,0.355
2023-08-18T18:00,Santacruz_AWS,19.1197,72.8468,0.1,0.1,1005.9,100,15.6,0.355
2023-08-18T19:00,Santacruz_AWS,19.1197,72.8468,0.0,0.0,1006.2,100,13.1,0.354
2023-08-18T20:00,Santacruz_AWS,19.1197,72.8468,0.0,0.0,1006.7,100,12.7,0.354
2023-08-18T21:00,Santacruz_AWS,19.1197,72.8468,0.0,0.0,1007.0,100,13.1,0.353
2023-08-18T22:00,Santacruz_AWS,19.1197,72.8468,0.0,0.0,1007.1,100,13.8,0.353
2023-08-18T23:00,Santacruz_AWS,19.1197,72.8468,0.0,0.0,1007.0,100,13.4,0.352
2023-08-19T00:00,Santacruz_AWS,19.1197,72.8468,0.2,0.2,1006.5,100,13.6,0.354
2023-08-19T01:00,Santacruz_AWS,19.1197,72.8468,0.2,0.2,1006.0,100,13.2,0.355
2023-08-19T02:00,Santacruz_AWS,19.1197,72.8468,0.1,0.1,1005.3,100,13.7,0.355
2023-08-19T03:00,Santacruz_AWS,19.1197,72.8468,0.1,0.1,1005.1,100,13.9,0.355
2023-08-19T04:00,Santacruz_AWS,19.1197,72.8468,0.3,0.3,1004.7,100,12.6,0.357
2023-08-19T05:00,Santacruz_AWS,19.1197,72.8468,0.3,0.3,1004.5,100,15.8,0.357
2023-08-19T06:00,Santacruz_AWS,19.1197,72.8468,0.1,0.1,1005.0,100,16.0,0.357
2023-08-19T07:00,Santacruz_AWS,19.1197,72.8468,0.3,0.3,1005.4,100,15.8,0.359
2023-08-19T08:00,Santacruz_AWS,19.1197,72.8468,0.0,0.0,1005.9,100,15.5,0.358
2023-08-19T09:00,Santacruz_AWS,19.1197,72.8468,0.0,0.0,1006.3,99,16.4,0.357
2023-08-19T10:00,Santacruz_AWS,19.1197,72.8468,0.5,0.5,1006.4,97,15.6,0.359
2023-08-19T11:00,Santacruz_AWS,19.1197,72.8468,0.5,0.5,1006.4,99,15.9,0.361
2023-08-19T12:00,Santacruz_AWS,19.1197,72.8468,0.2,0.2,1006.2,87,18.0,0.36
2023-08-19T13:00,Santacruz_AWS,19.1197,72.8468,0.1,0.1,1005.3,90,16.9,0.358
2023-08-19T14:00,Santacruz_AWS,19.1197,72.8468,0.0,0.0,1004.6,100,19.5,0.356
2023-08-19T15:00,Santacruz_AWS,19.1197,72.8468,0.2,0.2,1004.1,100,18.3,0.355
2023-08-19T16:00,Santacruz_AWS,19.1197,72.8468,0.0,0.0,1003.8,100,18.1,0.353
2023-08-19T17:00,Santacruz_AWS,19.1197,72.8468,0.3,0.3,1004.8,100,14.6,0.351
2023-08-19T18:00,Santacruz_AWS,19.1197,72.8468,0.0,0.0,1004.8,100,10.4,0.35
2023-08-19T19:00,Santacruz_AWS,19.1197,72.8468,0.0,0.0,1005.0,100,12.0,0.35
2023-08-19T20:00,Santacruz_AWS,19.1197,72.8468,0.1,0.1,1005.3,100,11.5,0.35
2023-08-19T21:00,Santacruz_AWS,19.1197,72.8468,0.2,0.2,1005.8,100,14.1,0.351
2023-08-19T22:00,Santacruz_AWS,19.1197,72.8468,0.2,0.2,1006.4,100,15.6,0.352
2023-08-19T23:00,Santacruz_AWS,19.1197,72.8468,0.2,0.2,1006.3,100,14.7,0.353
2023-08-20T00:00,Santacruz_AWS,19.1197,72.8468,0.1,0.1,1005.5,100,12.9,0.354
2023-08-20T01:00,Santacruz_AWS,19.1197,72.8468,0.1,0.1,1004.8,100,12.1,0.354
2023-08-20T02:00,Santacruz_AWS,19.1197,72.8468,0.2,0.2,1004.4,100,15.0,0.355
2023-08-20T03:00,Santacruz_AWS,19.1197,72.8468,0.6,0.6,1004.5,100,12.8,0.361
2023-08-20T04:00,Santacruz_AWS,19.1197,72.8468,0.2,0.2,1004.3,100,17.1,0.362
2023-08-20T05:00,Santacruz_AWS,19.1197,72.8468,0.3,0.3,1004.4,100,15.4,0.37
2023-08-20T06:00,Santacruz_AWS,19.1197,72.8468,1.4,1.4,1005.2,81,15.1,0.387
2023-08-20T07:00,Santacruz_AWS,19.1197,72.8468,1.2,1.2,1005.7,84,14.3,0.399
2023-08-20T08:00,Santacruz_AWS,19.1197,72.8468,0.2,0.2,1006.4,100,13.8,0.396
2023-08-20T09:00,Santacruz_AWS,19.1197,72.8468,2.3,2.3,1007.1,100,9.3,0.418
2023-08-20T10:00,Santacruz_AWS,19.1197,72.8468,0.9,0.9,1007.2,100,13.8,0.417
2023-08-20T11:00,Santacruz_AWS,19.1197,72.8468,0.9,0.9,1006.9,100,9.0,0.416
2023-08-20T12:00,Santacruz_AWS,19.1197,72.8468,0.5,0.5,1006.7,100,6.8,0.412
2023-08-20T13:00,Santacruz_AWS,19.1197,72.8468,0.1,0.1,1006.2,100,12.1,0.406
2023-08-20T14:00,Santacruz_AWS,19.1197,72.8468,0.0,0.0,1005.1,100,12.3,0.401
2023-08-20T15:00,Santacruz_AWS,19.1197,72.8468,0.1,0.1,1004.4,94,12.5,0.397
2023-08-20T16:00,Santacruz_AWS,19.1197,72.8468,0.0,0.0,1004.0,79,13.3,0.393
2023-08-20T17:00,Santacruz_AWS,19.1197,72.8468,0.3,0.3,1004.9,96,9.2,0.383
2023-08-20T18:00,Santacruz_AWS,19.1197,72.8468,0.3,0.3,1005.1,50,8.7,0.383
2023-08-20T19:00,Santacruz_AWS,19.1197,72.8468,0.6,0.6,1005.4,89,7.7,0.387
2023-08-20T20:00,Santacruz_AWS,19.1197,72.8468,0.0,0.0,1005.5,83,4.7,0.385
2023-08-20T21:00,Santacruz_AWS,19.1197,72.8468,0.1,0.1,1006.0,24,7.8,0.384
2023-08-20T22:00,Santacruz_AWS,19.1197,72.8468,0.1,0.1,1006.2,14,7.7,0.383
2023-08-20T23:00,Santacruz_AWS,19.1197,72.8468,0.0,0.0,1006.3,11,6.5,0.382
2023-08-21T00:00,Santacruz_AWS,19.1197,72.8468,0.3,0.3,1005.9,50,7.2,0.384
2023-08-21T01:00,Santacruz_AWS,19.1197,72.8468,0.1,0.1,1005.3,24,7.2,0.383
2023-08-21T02:00,Santacruz_AWS,19.1197,72.8468,0.5,0.5,1004.9,93,9.3,0.388
2023-08-21T03:00,Santacruz_AWS,19.1197,72.8468,0.4,0.4,1004.9,61,7.2,0.391
2023-08-21T04:00,Santacruz_AWS,19.1197,72.8468,0.4,0.4,1005.3,91,8.4,0.393
2023-08-21T05:00,Santacruz_AWS,19.1197,72.8468,0.2,0.2,1005.1,38,9.3,0.378
2023-08-21T06:00,Santacruz_AWS,19.1197,72.8468,0.4,0.4,1005.9,50,4.8,0.382
2023-08-21T07:00,Santacruz_AWS,19.1197,72.8468,0.1,0.1,1006.2,78,8.7,0.381
2023-08-21T08:00,Santacruz_AWS,19.1197,72.8468,0.3,0.3,1006.9,76,9.9,0.382
2023-08-21T09:00,Santacruz_AWS,19.1197,72.8468,0.1,0.1,1007.3,91,9.2,0.381
2023-08-21T10:00,Santacruz_AWS,19.1197,72.8468,0.1,0.1,1007.4,95,13.0,0.378
2023-08-21T11:00,Santacruz_AWS,19.1197,72.8468,0.4,0.4,1007.1,86,15.6,0.379
2023-08-21T12:00,Santacruz_AWS,19.1197,72.8468,0.1,0.1,1006.5,32,14.2,0.377
2023-08-21T13:00,Santacruz_AWS,19.1197,72.8468,0.0,0.0,1006.1,53,14.7,0.373
2023-08-21T14:00,Santacruz_AWS,19.1197,72.8468,0.1,0.1,1005.2,38,13.8,0.37
2023-08-21T15:00,Santacruz_AWS,19.1197,72.8468,0.0,0.0,1004.5,29,16.2,0.367
2023-08-21T16:00,Santacruz_AWS,19.1197,72.8468,0.0,0.0,1004.3,15,16.3,0.365
2023-08-21T17:00,Santacruz_AWS,19.1197,72.8468,0.0,0.0,1005.0,20,15.1,0.37
2023-08-21T18:00,Santacruz_AWS,19.1197,72.8468,0.0,0.0,1005.1,16,13.6,0.369
2023-08-21T19:00,Santacruz_AWS,19.1197,72.8468,0.0,0.0,1005.4,19,10.9,0.368
2023-08-21T20:00,Santacruz_AWS,19.1197,72.8468,0.0,0.0,1006.2,22,7.4,0.367
2023-08-21T21:00,Santacruz_AWS,19.1197,72.8468,0.1,0.1,1006.7,52,5.2,0.367
2023-08-21T22:00,Santacruz_AWS,19.1197,72.8468,0.1,0.1,1007.1,48,5.7,0.367
2023-08-21T23:00,Santacruz_AWS,19.1197,72.8468,0.1,0.1,1006.8,29,5.4,0.367
2023-08-22T00:00,Santacruz_AWS,19.1197,72.8468,0.1,0.1,1006.4,56,5.4,0.367
2023-08-22T01:00,Santacruz_AWS,19.1197,72.8468,0.1,0.1,1005.8,53,6.4,0.367
2023-08-22T02:00,Santacruz_AWS,19.1197,72.8468,0.1,0.1,1005.1,92,5.2,0.367
2023-08-22T03:00,Santacruz_AWS,19.1197,72.8468,0.0,0.0,1004.8,99,5.4,0.366
2023-08-22T04:00,Santacruz_AWS,19.1197,72.8468,0.1,0.1,1004.9,100,5.6,0.367
2023-08-22T05:00,Santacruz_AWS,19.1197,72.8468,0.2,0.2,1005.2,100,5.6,0.367
2023-08-22T06:00,Santacruz_AWS,19.1197,72.8468,0.1,0.1,1005.8,88,7.7,0.368
2023-08-22T07:00,Santacruz_AWS,19.1197,72.8468,0.6,0.6,1006.2,88,9.3,0.373
2023-08-22T08:00,Santacruz_AWS,19.1197,72.8468,0.2,0.2,1006.4,86,8.0,0.374
2023-08-22T09:00,Santacruz_AWS,19.1197,72.8468,0.2,0.2,1006.9,98,8.7,0.373
2023-08-22T10:00,Santacruz_AWS,19.1197,72.8468,0.4,0.4,1007.1,100,12.0,0.375
2023-08-22T11:00,Santacruz_AWS,19.1197,72.8468,0.2,0.2,1006.7,96,11.9,0.374
2023-08-22T12:00,Santacruz_AWS,19.1197,72.8468,0.1,0.1,1006.3,88,12.6,0.372
2023-08-22T13:00,Santacruz_AWS,19.1197,72.8468,0.0,0.0,1005.6,99,16.2,0.368
2023-08-22T14:00,Santacruz_AWS,19.1197,72.8468,0.6,0.6,1004.7,96,18.8,0.37
2023-08-22T15:00,Santacruz_AWS,19.1197,72.8468,0.4,0.4,1004.2,58,18.8,0.371
2023-08-22T16:00,Santacruz_AWS,19.1197,72.8468,1.2,1.2,1004.1,70,16.2,0.381
2023-08-22T17:00,Santacruz_AWS,19.1197,72.8468,0.9,0.9,1005.1,85,17.6,0.355
2023-08-22T18:00,Santacruz_AWS,19.1197,72.8468,0.1,0.1,1005.6,81,13.5,0.356
2023-08-22T19:00,Santacruz_AWS,19.1197,72.8468,0.1,0.1,1006.3,100,11.6,0.356
2023-08-22T20:00,Santacruz_AWS,19.1197,72.8468,0.0,0.0,1006.7,100,9.4,0.355
2023-08-22T21:00,Santacruz_AWS,19.1197,72.8468,0.1,0.1,1007.5,100,5.4,0.356
2023-08-22T22:00,Santacruz_AWS,19.1197,72.8468,0.2,0.2,1007.8,100,5.9,0.357
2023-08-22T23:00,Santacruz_AWS,19.1197,72.8468,0.1,0.1,1007.4,100,7.4,0.357
2023-08-23T00:00,Santacruz_AWS,19.1197,72.8468,0.1,0.1,1006.9,100,8.3,0.357
2023-08-23T01:00,Santacruz_AWS,19.1197,72.8468,0.0,0.0,1006.3,100,8.8,0.357
2023-08-23T02:00,Santacruz_AWS,19.1197,72.8468,0.1,0.1,1005.6,100,8.8,0.358
2023-08-23T03:00,Santacruz_AWS,19.1197,72.8468,0.1,0.1,1005.4,100,7.5,0.358
2023-08-23T04:00,Santacruz_AWS,19.1197,72.8468,0.2,0.2,1005.2,100,9.0,0.359
2023-08-23T05:00,Santacruz_AWS,19.1197,72.8468,0.1,0.1,1005.3,100,6.4,0.365
2023-08-23T06:00,Santacruz_AWS,19.1197,72.8468,0.1,0.1,1005.7,100,4.4,0.365
2023-08-23T07:00,Santacruz_AWS,19.1197,72.8468,0.1,0.1,1006.0,100,8.1,0.365
2023-08-23T08:00,Santacruz_AWS,19.1197,72.8468,0.1,0.1,1006.7,99,12.0,0.364
2023-08-23T09:00,Santacruz_AWS,19.1197,72.8468,0.1,0.1,1006.8,90,14.2,0.363
2023-08-23T10:00,Santacruz_AWS,19.1197,72.8468,0.1,0.1,1006.8,37,17.2,0.361
2023-08-23T11:00,Santacruz_AWS,19.1197,72.8468,0.4,0.4,1006.6,23,17.6,0.362
2023-08-23T12:00,Santacruz_AWS,19.1197,72.8468,0.1,0.1,1005.9,84,17.5,0.359
2023-08-23T13:00,Santacruz_AWS,19.1197,72.8468,0.3,0.3,1005.1,99,19.6,0.358
2023-08-23T14:00,Santacruz_AWS,19.1197,72.8468,0.2,0.2,1004.6,97,20.5,0.357
2023-08-23T15:00,Santacruz_AWS,19.1197,72.8468,0.4,0.4,1004.4,83,21.1,0.357
2023-08-23T16:00,Santacruz_AWS,19.1197,72.8468,1.0,1.0,1004.1,98,20.7,0.364
2023-08-23T17:00,Santacruz_AWS,19.1197,72.8468,0.2,0.2,1004.8,80,17.1,0.346
2023-08-23T18:00,Santacruz_AWS,19.1197,72.8468,0.0,0.0,1005.3,94,14.2,0.345
2023-08-23T19:00,Santacruz_AWS,19.1197,72.8468,0.0,0.0,1005.7,100,14.8,0.345
2023-08-23T20:00,Santacruz_AWS,19.1197,72.8468,0.0,0.0,1006.0,100,13.6,0.345
2023-08-23T21:00,Santacruz_AWS,19.1197,72.8468,0.1,0.1,1006.5,100,11.1,0.346
2023-08-23T22:00,Santacruz_AWS,19.1197,72.8468,0.0,0.0,1006.3,100,13.8,0.346
2023-08-23T23:00,Santacruz_AWS,19.1197,72.8468,0.0,0.0,1005.7,100,14.5,0.345
2023-08-24T00:00,Santacruz_AWS,19.1197,72.8468,0.1,0.1,1005.3,100,13.8,0.346
2023-08-24T01:00,Santacruz_AWS,19.1197,72.8468,0.1,0.1,1004.6,100,13.5,0.346
2023-08-24T02:00,Santacruz_AWS,19.1197,72.8468,0.1,0.1,1004.3,100,12.2,0.347
2023-08-24T03:00,Santacruz_AWS,19.1197,72.8468,0.0,0.0,1004.1,100,11.7,0.347
2023-08-24T04:00,Santacruz_AWS,19.1197,72.8468,0.8,0.8,1004.4,98,12.0,0.354
2023-08-24T05:00,Santacruz_AWS,19.1197,72.8468,0.2,0.2,1004.5,100,12.3,0.352
2023-08-24T06:00,Santacruz_AWS,19.1197,72.8468,0.2,0.2,1004.8,99,12.1,0.353
2023-08-24T07:00,Santacruz_AWS,19.1197,72.8468,0.3,0.3,1005.3,98,14.6,0.355
2023-08-24T08:00,Santacruz_AWS,19.1197,72.8468,0.3,0.3,1005.8,76,12.7,0.357
2023-08-24T09:00,Santacruz_AWS,19.1197,72.8468,0.2,0.2,1006.3,91,16.0,0.357
2023-08-24T10:00,Santacruz_AWS,19.1197,72.8468,0.3,0.3,1006.4,79,16.1,0.358
2023-08-24T11:00,Santacruz_AWS,19.1197,72.8468,0.2,0.2,1006.1,97,18.0,0.357
2023-08-24T12:00,Santacruz_AWS,19.1197,72.8468,0.1,0.1,1005.6,31,16.9,0.356
2023-08-24T13:00,Santacruz_AWS,19.1197,72.8468,0.0,0.0,1004.6,55,20.4,0.353
2023-08-24T14:00,Santacruz_AWS,19.1197,72.8468,0.6,0.6,1004.2,90,21.2,0.355
2023-08-24T15:00,Santacruz_AWS,19.1197,72.8468,0.3,0.3,1003.8,68,17.0,0.355
2023-08-24T16:00,Santacruz_AWS,19.1197,72.8468,0.9,0.9,1003.6,94,19.2,0.362
2023-08-24T17:00,Santacruz_AWS,19.1197,72.8468,0.5,0.5,1003.8,98,17.9,0.377
2023-08-24T18:00,Santacruz_AWS,19.1197,72.8468,0.1,0.1,1004.1,98,15.9,0.376
2023-08-24T19:00,Santacruz_AWS,19.1197,72.8468,0.1,0.1,1004.5,92,12.4,0.375
2023-08-24T20:00,Santacruz_AWS,19.1197,72.8468,0.2,0.2,1004.9,99,11.6,0.375
2023-08-24T21:00,Santacruz_AWS,19.1197,72.8468,0.5,0.5,1005.6,100,10.7,0.377
2023-08-24T22:00,Santacruz_AWS,19.1197,72.8468,0.2,0.2,1005.9,97,10.4,0.378
2023-08-24T23:00,Santacruz_AWS,19.1197,72.8468,0.2,0.2,1005.6,100,11.5,0.378
2023-08-25T00:00,Santacruz_AWS,19.1197,72.8468,0.1,0.1,1005.0,100,11.7,0.378
2023-08-25T01:00,Santacruz_AWS,19.1197,72.8468,0.7,0.7,1004.3,100,13.4,0.384
2023-08-25T02:00,Santacruz_AWS,19.1197,72.8468,0.2,0.2,1003.5,100,12.4,0.384
2023-08-25T03:00,Santacruz_AWS,19.1197,72.8468,0.3,0.3,1003.4,98,14.5,0.386
2023-08-25T04:00,Santacruz_AWS,19.1197,72.8468,0.6,0.6,1003.6,100,13.2,0.391
2023-08-25T05:00,Santacruz_AWS,19.1197,72.8468,0.1,0.1,1003.6,100,12.5,0.388
2023-08-25T06:00,Santacruz_AWS,19.1197,72.8468,0.2,0.2,1004.3,90,15.6,0.387
2023-08-25T07:00,Santacruz_AWS,19.1197,72.8468,0.1,0.1,1004.6,37,12.4,0.386
2023-08-25T08:00,Santacruz_AWS,19.1197,72.8468,0.6,0.6,1005.4,45,14.7,0.389
2023-08-25T09:00,Santacruz_AWS,19.1197,72.8468,0.2,0.2,1005.7,92,18.2,0.388
2023-08-25T10:00,Santacruz_AWS,19.1197,72.8468,0.6,0.6,1006.0,91,16.6,0.389
2023-08-25T11:00,Santacruz_AWS,19.1197,72.8468,0.2,0.2,1005.6,100,18.5,0.387
2023-08-25T12:00,Santacruz_AWS,19.1197,72.8468,0.1,0.1,1004.9,81,19.1,0.383
2023-08-25T13:00,Santacruz_AWS,19.1197,72.8468,0.4,0.4,1004.7,89,19.5,0.382
2023-08-25T14:00,Santacruz_AWS,19.1197,72.8468,0.2,0.2,1004.2,48,17.8,0.381
2023-08-25T15:00,Santacruz_AWS,19.1197,72.8468,0.0,0.0,1004.0,81,18.9,0.377
2023-08-25T16:00,Santacruz_AWS,19.1197,72.8468,0.2,0.2,1003.7,35,18.7,0.376
2023-08-25T17:00,Santacruz_AWS,19.1197,72.8468,0.2,0.2,1004.3,76,15.9,0.37
2023-08-25T18:00,Santacruz_AWS,19.1197,72.8468,0.1,0.1,1004.7,98,18.1,0.37
2023-08-25T19:00,Santacruz_AWS,19.1197,72.8468,0.3,0.3,1005.1,99,9.4,0.372
2023-08-25T20:00,Santacruz_AWS,19.1197,72.8468,0.0,0.0,1005.7,100,8.9,0.371
2023-08-25T21:00,Santacruz_AWS,19.1197,72.8468,0.1,0.1,1006.6,99,10.2,0.371
2023-08-25T22:00,Santacruz_AWS,19.1197,72.8468,0.4,0.4,1006.9,99,10.6,0.373
2023-08-25T23:00,Santacruz_AWS,19.1197,72.8468,0.3,0.3,1006.7,99,11.8,0.375
2023-08-26T00:00,Santacruz_AWS,19.1197,72.8468,0.3,0.3,1006.1,93,12.1,0.377
2023-08-26T01:00,Santacruz_AWS,19.1197,72.8468,0.4,0.4,1005.6,99,10.2,0.38
2023-08-26T02:00,Santacruz_AWS,19.1197,72.8468,0.7,0.7,1004.8,99,12.8,0.387
2023-08-26T03:00,Santacruz_AWS,19.1197,72.8468,0.6,0.6,1004.7,97,12.5,0.393
2023-08-26T04:00,Santacruz_AWS,19.1197,72.8468,1.1,1.1,1005.3,98,15.9,0.405
2023-08-26T05:00,Santacruz_AWS,19.1197,72.8468,0.9,0.9,1005.1,85,13.5,0.397
2023-08-26T06:00,Santacruz_AWS,19.1197,72.8468,0.8,0.8,1005.7,91,13.2,0.404
2023-08-26T07:00,Santacruz_AWS,19.1197,72.8468,0.0,0.0,1006.4,87,13.8,0.4
2023-08-26T08:00,Santacruz_AWS,19.1197,72.8468,0.6,0.6,1006.7,73,12.9,0.402
2023-08-26T09:00,Santacruz_AWS,19.1197,72.8468,0.8,0.8,1007.4,94,14.5,0.405
2023-08-26T10:00,Santacruz_AWS,19.1197,72.8468,0.5,0.5,1007.3,97,18.3,0.404
2023-08-26T11:00,Santacruz_AWS,19.1197,72.8468,0.3,0.3,1007.2,71,15.9,0.401
2023-08-26T12:00,Santacruz_AWS,19.1197,72.8468,0.2,0.2,1006.7,49,18.4,0.398
2023-08-26T13:00,Santacruz_AWS,19.1197,72.8468,0.9,0.9,1006.2,86,20.2,0.402
2023-08-26T14:00,Santacruz_AWS,19.1197,72.8468,0.5,0.5,1005.8,56,20.2,0.401
2023-08-26T15:00,Santacruz_AWS,19.1197,72.8468,0.2,0.2,1005.3,80,18.9,0.398
2023-08-26T16:00,Santacruz_AWS,19.1197,72.8468,0.7,0.7,1005.2,40,18.6,0.399
2023-08-26T17:00,Santacruz_AWS,19.1197,72.8468,0.4,0.4,1005.9,71,19.3,0.402
2023-08-26T18:00,Santacruz_AWS,19.1197,72.8468,0.9,0.9,1006.1,35,12.9,0.407
2023-08-26T19:00,Santacruz_AWS,19.1197,72.8468,1.7,1.7,1006.8,65,15.8,0.423
2023-08-26T20:00,Santacruz_AWS,19.1197,72.8468,0.1,0.1,1007.5,56,15.8,0.416
2023-08-26T21:00,Santacruz_AWS,19.1197,72.8468,0.1,0.1,1008.0,81,11.8,0.412
2023-08-26T22:00,Santacruz_AWS,19.1197,72.8468,1.6,1.6,1008.8,71,8.7,0.424
2023-08-26T23:00,Santacruz_AWS,19.1197,72.8468,0.0,0.0,1008.4,77,10.5,0.416
2023-08-27T00:00,Santacruz_AWS,19.1197,72.8468,0.0,0.0,1008.1,94,10.8,0.411
2023-08-27T01:00,Santacruz_AWS,19.1197,72.8468,1.1,1.1,1007.5,100,9.3,0.42
2023-08-27T02:00,Santacruz_AWS,19.1197,72.8468,0.9,0.9,1007.0,100,10.9,0.424
2023-08-27T03:00,Santacruz_AWS,19.1197,72.8468,1.6,1.6,1006.8,100,5.1,0.432
2023-08-27T04:00,Santacruz_AWS,19.1197,72.8468,0.8,0.8,1006.6,99,9.4,0.429
2023-08-27T05:00,Santacruz_AWS,19.1197,72.8468,0.6,0.6,1006.9,100,6.9,0.428
2023-08-27T06:00,Santacruz_AWS,19.1197,72.8468,1.3,1.3,1007.8,100,9.9,0.435
2023-08-27T07:00,Santacruz_AWS,19.1197,72.8468,0.7,0.7,1007.9,100,7.1,0.43
2023-08-27T08:00,Santacruz_AWS,19.1197,72.8468,0.7,0.7,1008.4,100,11.0,0.429
2023-08-27T09:00,Santacruz_AWS,19.1197,72.8468,2.9,2.9,1009.0,99,12.5,0.432
2023-08-27T10:00,Santacruz_AWS,19.1197,72.8468,0.8,0.8,1009.0,89,11.3,0.432
2023-08-27T11:00,Santacruz_AWS,19.1197,72.8468,0.5,0.5,1008.6,93,16.0,0.428
2023-08-27T12:00,Santacruz_AWS,19.1197,72.8468,1.0,1.0,1008.3,98,14.1,0.429
2023-08-27T13:00,Santacruz_AWS,19.1197,72.8468,0.1,0.1,1007.5,97,13.7,0.424
2023-08-27T14:00,Santacruz_AWS,19.1197,72.8468,0.3,0.3,1006.7,75,15.8,0.421
2023-08-27T15:00,Santacruz_AWS,19.1197,72.8468,0.9,0.9,1006.3,72,16.6,0.425
2023-08-27T16:00,Santacruz_AWS,19.1197,72.8468,0.1,0.1,1006.0,58,15.0,0.421
2023-08-27T17:00,Santacruz_AWS,19.1197,72.8468,0.0,0.0,1006.4,27,11.0,0.417
2023-08-27T18:00,Santacruz_AWS,19.1197,72.8468,0.0,0.0,1006.6,99,8.2,0.414
2023-08-27T19:00,Santacruz_AWS,19.1197,72.8468,0.0,0.0,1007.2,89,3.6,0.412
2023-08-27T20:00,Santacruz_AWS,19.1197,72.8468,0.1,0.1,1007.7,56,6.6,0.412
2023-08-27T21:00,Santacruz_AWS,19.1197,72.8468,0.3,0.3,1008.3,42,7.7,0.412
2023-08-27T22:00,Santacruz_AWS,19.1197,72.8468,0.1,0.1,1008.6,49,7.5,0.411
2023-08-27T23:00,Santacruz_AWS,19.1197,72.8468,0.3,0.3,1008.5,63,12.0,0.412
2023-08-28T00:00,Santacruz_AWS,19.1197,72.8468,0.1,0.1,1007.5,53,9.0,0.411
2023-08-28T01:00,Santacruz_AWS,19.1197,72.8468,0.2,0.2,1006.8,100,10.4,0.411
2023-08-28T02:00,Santacruz_AWS,19.1197,72.8468,0.1,0.1,1006.3,100,11.1,0.411
2023-08-28T03:00,Santacruz_AWS,19.1197,72.8468,0.3,0.3,1005.8,98,12.0,0.412
2023-08-28T04:00,Santacruz_AWS,19.1197,72.8468,0.1,0.1,1006.0,94,9.9,0.411
2023-08-28T05:00,Santacruz_AWS,19.1197,72.8468,0.3,0.3,1006.0,100,8.1,0.415
2023-08-28T06:00,Santacruz_AWS,19.1197,72.8468,0.3,0.3,1006.5,86,6.6,0.416
2023-08-28T07:00,Santacruz_AWS,19.1197,72.8468,0.4,0.4,1007.3,27,8.9,0.418
2023-08-28T08:00,Santacruz_AWS,19.1197,72.8468,0.3,0.3,1008.4,86,8.5,0.418
2023-08-28T09:00,Santacruz_AWS,19.1197,72.8468,0.2,0.2,1008.6,38,11.0,0.416
2023-08-28T10:00,Santacruz_AWS,19.1197,72.8468,0.0,0.0,1008.5,68,11.3,0.412
2023-08-28T11:00,Santacruz_AWS,19.1197,72.8468,0.1,0.1,1008.5,55,12.2,0.409
2023-08-28T12:00,Santacruz_AWS,19.1197,72.8468,0.1,0.1,1008.0,100,14.8,0.406
2023-08-28T13:00,Santacruz_AWS,19.1197,72.8468,0.2,0.2,1007.2,100,17.1,0.404
2023-08-28T14:00,Santacruz_AWS,19.1197,72.8468,0.5,0.5,1006.5,73,17.0,0.406
2023-08-28T15:00,Santacruz_AWS,19.1197,72.8468,0.2,0.2,1006.0,77,13.9,0.404
2023-08-28T16:00,Santacruz_AWS,19.1197,72.8468,0.2,0.2,1005.9,94,13.4,0.403
2023-08-28T17:00,Santacruz_AWS,19.1197,72.8468,0.2,0.2,1006.0,95,10.3,0.396
2023-08-28T18:00,Santacruz_AWS,19.1197,72.8468,0.0,0.0,1006.4,95,8.6,0.395
2023-08-28T19:00,Santacruz_AWS,19.1197,72.8468,0.0,0.0,1006.8,96,7.2,0.394
2023-08-28T20:00,Santacruz_AWS,19.1197,72.8468,0.0,0.0,1007.2,39,6.4,0.394
2023-08-28T21:00,Santacruz_AWS,19.1197,72.8468,0.0,0.0,1007.8,85,9.4,0.393
2023-08-28T22:00,Santacruz_AWS,19.1197,72.8468,0.1,0.1,1007.9,68,10.0,0.393
2023-08-28T23:00,Santacruz_AWS,19.1197,72.8468,0.2,0.2,1007.7,96,10.8,0.394
2023-08-29T00:00,Santacruz_AWS,19.1197,72.8468,0.4,0.4,1007.1,85,11.0,0.397
2023-08-29T01:00,Santacruz_AWS,19.1197,72.8468,0.2,0.2,1006.4,93,10.7,0.398
2023-08-29T02:00,Santacruz_AWS,19.1197,72.8468,0.3,0.3,1005.7,90,11.1,0.401
2023-08-29T03:00,Santacruz_AWS,19.1197,72.8468,0.1,0.1,1005.6,97,9.3,0.401
2023-08-29T04:00,Santacruz_AWS,19.1197,72.8468,0.2,0.2,1005.6,51,9.4,0.401
2023-08-29T05:00,Santacruz_AWS,19.1197,72.8468,0.3,0.3,1005.7,56,4.6,0.395
2023-08-29T06:00,Santacruz_AWS,19.1197,72.8468,0.4,0.4,1006.2,83,2.7,0.398
2023-08-29T07:00,Santacruz_AWS,19.1197,72.8468,0.4,0.4,1006.8,73,3.8,0.402
2023-08-29T08:00,Santacruz_AWS,19.1197,72.8468,0.3,0.3,1007.6,51,3.2,0.403
2023-08-29T09:00,Santacruz_AWS,19.1197,72.8468,0.1,0.1,1008.2,77,3.9,0.402
2023-08-29T10:00,Santacruz_AWS,19.1197,72.8468,0.1,0.1,1008.4,96,7.9,0.399
2023-08-29T11:00,Santacruz_AWS,19.1197,72.8468,0.1,0.1,1007.9,86,8.4,0.396
2023-08-29T12:00,Santacruz_AWS,19.1197,72.8468,0.5,0.5,1007.7,52,7.9,0.397
2023-08-29T13:00,Santacruz_AWS,19.1197,72.8468,0.1,0.1,1006.8,19,9.4,0.394
2023-08-29T14:00,Santacruz_AWS,19.1197,72.8468,0.1,0.1,1005.9,35,9.6,0.391
2023-08-29T15:00,Santacruz_AWS,19.1197,72.8468,0.0,0.0,1005.3,20,8.6,0.388
2023-08-29T16:00,Santacruz_AWS,19.1197,72.8468,0.0,0.0,1005.0,13,10.6,0.385
2023-08-29T17:00,Santacruz_AWS,19.1197,72.8468,0.0,0.0,1005.5,18,11.0,0.373
2023-08-29T18:00,Santacruz_AWS,19.1197,72.8468,0.0,0.0,1006.0,34,7.3,0.372
2023-08-29T19:00,Santacruz_AWS,19.1197,72.8468,0.0,0.0,1006.6,6,4.8,0.372
2023-08-29T20:00,Santacruz_AWS,19.1197,72.8468,0.0,0.0,1007.3,7,4.9,0.372
2023-08-29T21:00,Santacruz_AWS,19.1197,72.8468,0.0,0.0,1008.1,7,6.5,0.372
2023-08-29T22:00,Santacruz_AWS,19.1197,72.8468,0.0,0.0,1008.5,11,4.4,0.372
2023-08-29T23:00,Santacruz_AWS,19.1197,72.8468,0.0,0.0,1008.2,17,5.0,0.371
2023-08-30T00:00,Santacruz_AWS,19.1197,72.8468,0.0,0.0,1007.6,16,4.6,0.371
2023-08-30T01:00,Santacruz_AWS,19.1197,72.8468,0.0,0.0,1007.0,11,4.8,0.371
2023-08-30T02:00,Santacruz_AWS,19.1197,72.8468,0.0,0.0,1006.6,14,5.8,0.371
2023-08-30T03:00,Santacruz_AWS,19.1197,72.8468,0.0,0.0,1006.4,30,5.8,0.371
2023-08-30T04:00,Santacruz_AWS,19.1197,72.8468,0.0,0.0,1006.5,36,5.2,0.371
2023-08-30T05:00,Santacruz_AWS,19.1197,72.8468,0.0,0.0,1006.9,28,3.3,0.369
2023-08-30T06:00,Santacruz_AWS,19.1197,72.8468,0.1,0.1,1007.6,43,3.0,0.37
2023-08-30T07:00,Santacruz_AWS,19.1197,72.8468,0.1,0.1,1008.5,45,4.5,0.371
2023-08-30T08:00,Santacruz_AWS,19.1197,72.8468,0.0,0.0,1009.0,7,4.1,0.371
2023-08-30T09:00,Santacruz_AWS,19.1197,72.8468,0.0,0.0,1009.3,14,1.1,0.369
2023-08-30T10:00,Santacruz_AWS,19.1197,72.8468,0.2,0.2,1009.2,20,3.7,0.369
2023-08-30T11:00,Santacruz_AWS,19.1197,72.8468,0.1,0.1,1009.0,16,6.9,0.367
2023-08-30T12:00,Santacruz_AWS,19.1197,72.8468,0.1,0.1,1008.1,11,9.4,0.365
2023-08-30T13:00,Santacruz_AWS,19.1197,72.8468,0.1,0.1,1007.4,5,11.6,0.362
2023-08-30T14:00,Santacruz_AWS,19.1197,72.8468,0.0,0.0,1006.5,3,13.6,0.358
2023-08-30T15:00,Santacruz_AWS,19.1197,72.8468,0.0,0.0,1006.1,3,13.8,0.356
2023-08-30T16:00,Santacruz_AWS,19.1197,72.8468,0.0,0.0,1005.8,2,13.0,0.353
2023-08-30T17:00,Santacruz_AWS,19.1197,72.8468,0.0,0.0,1006.2,3,13.4,0.352
2023-08-30T18:00,Santacruz_AWS,19.1197,72.8468,0.0,0.0,1006.4,7,12.1,0.351
2023-08-30T19:00,Santacruz_AWS,19.1197,72.8468,0.0,0.0,1006.8,8,6.9,0.351
2023-08-30T20:00,Santacruz_AWS,19.1197,72.8468,0.0,0.0,1007.3,8,4.8,0.351
2023-08-30T21:00,Santacruz_AWS,19.1197,72.8468,0.0,0.0,1007.9,5,5.7,0.352
2023-08-30T22:00,Santacruz_AWS,19.1197,72.8468,0.0,0.0,1008.4,2,3.5,0.352
2023-08-30T23:00,Santacruz_AWS,19.1197,72.8468,0.0,0.0,1008.2,0,1.8,0.352
2023-08-31T00:00,Santacruz_AWS,19.1197,72.8468,0.0,0.0,1007.6,3,0.5,0.352
2023-08-31T01:00,Santacruz_AWS,19.1197,72.8468,0.0,0.0,1006.8,4,1.6,0.352
2023-08-31T02:00,Santacruz_AWS,19.1197,72.8468,0.0,0.0,1006.3,7,1.8,0.352
2023-08-31T03:00,Santacruz_AWS,19.1197,72.8468,0.0,0.0,1006.4,12,2.6,0.352
2023-08-31T04:00,Santacruz_AWS,19.1197,72.8468,0.0,0.0,1006.4,18,1.6,0.352
2023-08-31T05:00,Santacruz_AWS,19.1197,72.8468,0.0,0.0,1007.4,29,3.5,0.351
2023-08-31T06:00,Santacruz_AWS,19.1197,72.8468,0.3,0.3,1007.9,66,5.9,0.353
2023-08-31T07:00,Santacruz_AWS,19.1197,72.8468,0.0,0.0,1008.6,23,4.8,0.354
2023-08-31T08:00,Santacruz_AWS,19.1197,72.8468,0.0,0.0,1008.9,14,5.6,0.353
2023-08-31T09:00,Santacruz_AWS,19.1197,72.8468,0.0,0.0,1009.2,60,5.4,0.352
2023-08-31T10:00,Santacruz_AWS,19.1197,72.8468,0.1,0.1,1008.8,35,3.7,0.35
2023-08-31T11:00,Santacruz_AWS,19.1197,72.8468,0.2,0.2,1008.4,47,4.8,0.348
2023-08-31T12:00,Santacruz_AWS,19.1197,72.8468,0.0,0.0,1007.6,30,9.8,0.345
2023-08-31T13:00,Santacruz_AWS,19.1197,72.8468,0.1,0.1,1006.8,19,13.0,0.342
2023-08-31T14:00,Santacruz_AWS,19.1197,72.8468,0.0,0.0,1006.0,9,15.2,0.339
2023-08-31T15:00,Santacruz_AWS,19.1197,72.8468,0.0,0.0,1005.7,13,14.8,0.336
2023-08-31T16:00,Santacruz_AWS,19.1197,72.8468,0.0,0.0,1005.6,42,14.5,0.334
2023-08-31T17:00,Santacruz_AWS,19.1197,72.8468,0.0,0.0,1005.7,47,14.5,0.332
2023-08-31T18:00,Santacruz_AWS,19.1197,72.8468,0.0,0.0,1006.0,15,13.2,0.332
2023-08-31T19:00,Santacruz_AWS,19.1197,72.8468,0.0,0.0,1006.4,15,11.6,0.332
2023-08-31T20:00,Santacruz_AWS,19.1197,72.8468,0.0,0.0,1007.2,13,7.8,0.332
2023-08-31T21:00,Santacruz_AWS,19.1197,72.8468,0.0,0.0,1008.0,1,7.6,0.332
2023-08-31T22:00,Santacruz_AWS,19.1197,72.8468,0.0,0.0,1008.2,1,5.5,0.332
2023-08-31T23:00,Santacruz_AWS,19.1197,72.8468,0.0,0.0,1008.1,2,5.2,0.332
2023-09-01T00:00,Santacruz_AWS,19.1197,72.8468,0.0,0.0,1007.7,9,5.9,0.333
2023-09-01T01:00,Santacruz_AWS,19.1197,72.8468,0.0,0.0,1007.2,18,4.3,0.333
2023-09-01T02:00,Santacruz_AWS,19.1197,72.8468,0.0,0.0,1006.8,28,3.4,0.333
2023-09-01T03:00,Santacruz_AWS,19.1197,72.8468,0.0,0.0,1006.4,46,3.3,0.333
2023-09-01T04:00,Santacruz_AWS,19.1197,72.8468,0.0,0.0,1006.7,55,4.6,0.334
2023-09-01T05:00,Santacruz_AWS,19.1197,72.8468,0.4,0.4,1007.7,84,12.1,0.347
2023-09-01T06:00,Santacruz_AWS,19.1197,72.8468,0.4,0.4,1007.9,34,0.8,0.352
2023-09-01T07:00,Santacruz_AWS,19.1197,72.8468,0.1,0.1,1008.4,7,2.0,0.353
2023-09-01T08:00,Santacruz_AWS,19.1197,72.8468,0.0,0.0,1009.1,34,4.6,0.352
2023-09-01T09:00,Santacruz_AWS,19.1197,72.8468,0.0,0.0,1009.0,100,4.8,0.351
2023-09-01T10:00,Santacruz_AWS,19.1197,72.8468,0.0,0.0,1008.7,11,2.4,0.349
2023-09-01T11:00,Santacruz_AWS,19.1197,72.8468,0.0,0.0,1008.2,10,2.4,0.346
2023-09-01T12:00,Santacruz_AWS,19.1197,72.8468,0.0,0.0,1007.4,22,7.6,0.343
2023-09-01T13:00,Santacruz_AWS,19.1197,72.8468,0.2,0.2,1006.2,52,12.5,0.341
2023-09-01T14:00,Santacruz_AWS,19.1197,72.8468,0.1,0.1,1005.3,18,15.0,0.339
2023-09-01T15:00,Santacruz_AWS,19.1197,72.8468,0.0,0.0,1004.7,13,16.6,0.336
2023-09-01T16:00,Santacruz_AWS,19.1197,72.8468,0.0,0.0,1004.6,26,17.6,0.334
2023-09-01T17:00,Santacruz_AWS,19.1197,72.8468,0.0,0.0,1005.2,19,18.8,0.327
2023-09-01T18:00,Santacruz_AWS,19.1197,72.8468,0.0,0.0,1005.8,51,12.8,0.327
2023-09-01T19:00,Santacruz_AWS,19.1197,72.8468,0.0,0.0,1006.4,23,10.5,0.327
2023-09-01T20:00,Santacruz_AWS,19.1197,72.8468,0.0,0.0,1007.0,48,8.4,0.327
2023-09-01T21:00,Santacruz_AWS,19.1197,72.8468,0.0,0.0,1007.9,97,3.7,0.327
2023-09-01T22:00,Santacruz_AWS,19.1197,72.8468,0.0,0.0,1008.3,57,3.4,0.327
2023-09-01T23:00,Santacruz_AWS,19.1197,72.8468,0.0,0.0,1007.9,10,2.8,0.327
2023-09-02T00:00,Santacruz_AWS,19.1197,72.8468,0.0,0.0,1007.3,63,3.0,0.328
2023-09-02T01:00,Santacruz_AWS,19.1197,72.8468,0.0,0.0,1007.0,74,2.9,0.328
2023-09-02T02:00,Santacruz_AWS,19.1197,72.8468,0.0,0.0,1006.3,81,2.9,0.328
2023-09-02T03:00,Santacruz_AWS,19.1197,72.8468,0.0,0.0,1006.2,94,3.0,0.328
2023-09-02T04:00,Santacruz_AWS,19.1197,72.8468,0.0,0.0,1006.4,72,3.5,0.328
2023-09-02T05:00,Santacruz_AWS,19.1197,72.8468,0.8,0.8,1006.8,99,6.5,0.354
2023-09-02T06:00,Santacruz_AWS,19.1197,72.8468,0.7,0.7,1007.5,88,3.6,0.363
2023-09-02T07:00,Santacruz_AWS,19.1197,72.8468,0.4,0.4,1007.9,79,4.3,0.367
2023-09-02T08:00,Santacruz_AWS,19.1197,72.8468,0.1,0.1,1008.9,100,5.2,0.366
2023-09-02T09:00,Santacruz_AWS,19.1197,72.8468,0.1,0.1,1009.2,100,6.0,0.366
2023-09-02T10:00,Santacruz_AWS,19.1197,72.8468,0.1,0.1,1009.2,100,3.9,0.365
2023-09-02T11:00,Santacruz_AWS,19.1197,72.8468,0.1,0.1,1008.7,100,2.7,0.364
2023-09-02T12:00,Santacruz_AWS,19.1197,72.8468,0.1,0.1,1008.1,100,3.1,0.363
2023-09-02T13:00,Santacruz_AWS,19.1197,72.8468,0.1,0.1,1007.0,66,7.2,0.362
2023-09-02T14:00,Santacruz_AWS,19.1197,72.8468,0.1,0.1,1006.1,27,11.5,0.36
2023-09-02T15:00,Santacruz_AWS,19.1197,72.8468,0.0,0.0,1005.2,10,12.1,0.357
2023-09-02T16:00,Santacruz_AWS,19.1197,72.8468,0.0,0.0,1004.9,9,12.3,0.355
2023-09-02T17:00,Santacruz_AWS,19.1197,72.8468,0.0,0.0,1005.7,27,10.5,0.387
2023-09-02T18:00,Santacruz_AWS,19.1197,72.8468,0.0,0.0,1006.0,56,8.6,0.385
2023-09-02T19:00,Santacruz_AWS,19.1197,72.8468,0.0,0.0,1006.1,19,4.2,0.384
2023-09-02T20:00,Santacruz_AWS,19.1197,72.8468,0.0,0.0,1006.7,40,4.4,0.383
2023-09-02T21:00,Santacruz_AWS,19.1197,72.8468,0.0,0.0,1007.3,100,1.8,0.382
2023-09-02T22:00,Santacruz_AWS,19.1197,72.8468,0.0,0.0,1007.5,100,0.5,0.381
2023-09-02T23:00,Santacruz_AWS,19.1197,72.8468,0.0,0.0,1007.2,100,1.3,0.38
2023-09-03T00:00,Santacruz_AWS,19.1197,72.8468,0.0,0.0,1006.8,100,1.6,0.379
2023-09-03T01:00,Santacruz_AWS,19.1197,72.8468,0.0,0.0,1006.2,100,3.1,0.378
2023-09-03T02:00,Santacruz_AWS,19.1197,72.8468,0.0,0.0,1005.6,100,2.9,0.377
2023-09-03T03:00,Santacruz_AWS,19.1197,72.8468,0.0,0.0,1005.4,100,1.8,0.377
2023-09-03T04:00,Santacruz_AWS,19.1197,72.8468,0.0,0.0,1005.6,99,1.9,0.376
2023-09-03T05:00,Santacruz_AWS,19.1197,72.8468,0.1,0.1,1005.9,100,2.2,0.425
2023-09-03T06:00,Santacruz_AWS,19.1197,72.8468,0.3,0.3,1006.7,100,1.8,0.419
2023-09-03T07:00,Santacruz_AWS,19.1197,72.8468,0.3,0.3,1006.9,89,2.0,0.417
2023-09-03T08:00,Santacruz_AWS,19.1197,72.8468,0.1,0.1,1007.6,100,2.9,0.413
2023-09-03T09:00,Santacruz_AWS,19.1197,72.8468,0.1,0.1,1007.8,84,6.2,0.409
2023-09-03T10:00,Santacruz_AWS,19.1197,72.8468,0.1,0.1,1007.7,100,8.4,0.406
2023-09-03T11:00,Santacruz_AWS,19.1197,72.8468,0.9,0.9,1007.4,70,11.8,0.409
2023-09-03T12:00,Santacruz_AWS,19.1197,72.8468,0.2,0.2,1006.6,48,12.6,0.406
2023-09-03T13:00,Santacruz_AWS,19.1197,72.8468,0.0,0.0,1005.8,52,14.5,0.401
2023-09-03T14:00,Santacruz_AWS,19.1197,72.8468,0.1,0.1,1005.0,54,15.8,0.397
2023-09-03T15:00,Santacruz_AWS,19.1197,72.8468,0.1,0.1,1004.5,31,17.6,0.394
2023-09-03T16:00,Santacruz_AWS,19.1197,72.8468,0.0,0.0,1003.9,24,16.3,0.391
2023-09-03T17:00,Santacruz_AWS,19.1197,72.8468,0.0,0.0,1004.6,48,15.3,0.389
2023-09-03T18:00,Santacruz_AWS,19.1197,72.8468,0.3,0.3,1005.1,100,12.0,0.39
2023-09-03T19:00,Santacruz_AWS,19.1197,72.8468,0.5,0.5,1005.6,100,10.2,0.393
2023-09-03T20:00,Santacruz_AWS,19.1197,72.8468,0.8,0.8,1006.2,100,9.9,0.4
2023-09-03T21:00,Santacruz_AWS,19.1197,72.8468,5.3,5.3,1006.8,95,11.1,0.439
2023-09-03T22:00,Santacruz_AWS,19.1197,72.8468,0.7,0.7,1006.9,100,2.1,0.427
2023-09-03T23:00,Santacruz_AWS,19.1197,72.8468,0.1,0.1,1006.5,100,1.0,0.422
2023-09-04T00:00,Santacruz_AWS,19.1197,72.8468,0.1,0.1,1006.1,62,2.9,0.418
2023-09-04T01:00,Santacruz_AWS,19.1197,72.8468,0.1,0.1,1005.6,83,3.9,0.414
2023-09-04T02:00,Santacruz_AWS,19.1197,72.8468,0.0,0.0,1005.1,71,4.3,0.412
2023-09-04T03:00,Santacruz_AWS,19.1197,72.8468,0.0,0.0,1004.9,100,2.7,0.41
2023-09-04T04:00,Santacruz_AWS,19.1197,72.8468,0.2,0.2,1004.9,100,3.8,0.41
2023-09-04T05:00,Santacruz_AWS,19.1197,72.8468,0.3,0.3,1004.7,78,3.4,0.391
2023-09-04T06:00,Santacruz_AWS,19.1197,72.8468,0.1,0.1,1005.0,99,2.3,0.391
2023-09-04T07:00,Santacruz_AWS,19.1197,72.8468,0.2,0.2,1005.7,98,4.8,0.392
2023-09-04T08:00,Santacruz_AWS,19.1197,72.8468,0.4,0.4,1006.6,100,4.3,0.395
2023-09-04T09:00,Santacruz_AWS,19.1197,72.8468,0.1,0.1,1006.8,99,4.7,0.393
2023-09-04T10:00,Santacruz_AWS,19.1197,72.8468,0.3,0.3,1006.6,97,11.0,0.393
2023-09-04T11:00,Santacruz_AWS,19.1197,72.8468,0.2,0.2,1006.1,98,12.0,0.39
2023-09-04T12:00,Santacruz_AWS,19.1197,72.8468,0.0,0.0,1005.4,26,14.3,0.386
2023-09-04T13:00,Santacruz_AWS,19.1197,72.8468,0.0,0.0,1004.4,26,16.2,0.382
2023-09-04T14:00,Santacruz_AWS,19.1197,72.8468,0.1,0.1,1003.4,56,16.8,0.379
2023-09-04T15:00,Santacruz_AWS,19.1197,72.8468,0.1,0.1,1002.8,53,17.6,0.376
2023-09-04T16:00,Santacruz_AWS,19.1197,72.8468,0.0,0.0,1002.4,49,17.7,0.373
2023-09-04T17:00,Santacruz_AWS,19.1197,72.8468,0.0,0.0,1003.1,72,15.0,0.371
2023-09-04T18:00,Santacruz_AWS,19.1197,72.8468,0.0,0.0,1003.5,14,12.6,0.37
2023-09-04T19:00,Santacruz_AWS,19.1197,72.8468,0.0,0.0,1004.2,30,11.1,0.369
2023-09-04T20:00,Santacruz_AWS,19.1197,72.8468,0.0,0.0,1004.7,26,9.0,0.369
2023-09-04T21:00,Santacruz_AWS,19.1197,72.8468,0.0,0.0,1005.6,89,6.3,0.369
2023-09-04T22:00,Santacruz_AWS,19.1197,72.8468,0.0,0.0,1005.9,56,4.8,0.368
2023-09-04T23:00,Santacruz_AWS,19.1197,72.8468,0.0,0.0,1005.8,9,4.8,0.368
2023-09-05T00:00,Santacruz_AWS,19.1197,72.8468,0.0,0.0,1005.3,7,4.8,0.368
2023-09-05T01:00,Santacruz_AWS,19.1197,72.8468,0.0,0.0,1004.9,74,5.0,0.367
2023-09-05T02:00,Santacruz_AWS,19.1197,72.8468,0.0,0.0,1004.6,100,5.4,0.367
2023-09-05T03:00,Santacruz_AWS,19.1197,72.8468,0.0,0.0,1004.3,99,4.7,0.367
2023-09-05T04:00,Santacruz_AWS,19.1197,72.8468,0.0,0.0,1004.3,68,4.6,0.367
2023-09-05T05:00,Santacruz_AWS,19.1197,72.8468,0.0,0.0,1004.3,35,6.1,0.367
2023-09-05T06:00,Santacruz_AWS,19.1197,72.8468,0.2,0.2,1004.9,49,6.8,0.368
2023-09-05T07:00,Santacruz_AWS,19.1197,72.8468,0.3,0.3,1005.5,53,10.0,0.37
2023-09-05T08:00,Santacruz_AWS,19.1197,72.8468,0.1,0.1,1006.2,22,11.4,0.369
2023-09-05T09:00,Santacruz_AWS,19.1197,72.8468,0.2,0.2,1006.5,35,10.3,0.369
2023-09-05T10:00,Santacruz_AWS,19.1197,72.8468,0.2,0.2,1006.3,41,11.2,0.369
2023-09-05T11:00,Santacruz_AWS,19.1197,72.8468,0.4,0.4,1005.9,34,13.0,0.37
2023-09-05T12:00,Santacruz_AWS,19.1197,72.8468,0.6,0.6,1005.2,43,14.0,0.372
2023-09-05T13:00,Santacruz_AWS,19.1197,72.8468,0.3,0.3,1004.1,19,15.2,0.371
2023-09-05T14:00,Santacruz_AWS,19.1197,72.8468,0.1,0.1,1003.1,7,17.1,0.368
2023-09-05T15:00,Santacruz_AWS,19.1197,72.8468,0.0,0.0,1002.3,5,17.2,0.365
2023-09-05T16:00,Santacruz_AWS,19.1197,72.8468,0.0,0.0,1001.8,4,16.8,0.363
2023-09-05T17:00,Santacruz_AWS,19.1197,72.8468,0.0,0.0,1002.0,11,15.5,0.353
2023-09-05T18:00,Santacruz_AWS,19.1197,72.8468,0.0,0.0,1002.6,5,12.5,0.352
2023-09-05T19:00,Santacruz_AWS,19.1197,72.8468,0.0,0.0,1003.3,8,10.5,0.352
2023-09-05T20:00,Santacruz_AWS,19.1197,72.8468,0.0,0.0,1004.2,8,8.8,0.352
2023-09-05T21:00,Santacruz_AWS,19.1197,72.8468,0.0,0.0,1005.0,9,8.6,0.352
2023-09-05T22:00,Santacruz_AWS,19.1197,72.8468,0.0,0.0,1005.0,21,8.7,0.352
2023-09-05T23:00,Santacruz_AWS,19.1197,72.8468,0.0,0.0,1004.8,18,8.6,0.352
2023-09-06T00:00,Santacruz_AWS,19.1197,72.8468,0.0,0.0,1004.7,26,6.8,0.352
2023-09-06T01:00,Santacruz_AWS,19.1197,72.8468,0.0,0.0,1004.6,86,6.9,0.351
2023-09-06T02:00,Santacruz_AWS,19.1197,72.8468,0.0,0.0,1004.0,100,8.0,0.351
2023-09-06T03:00,Santacruz_AWS,19.1197,72.8468,0.0,0.0,1003.8,67,8.9,0.351
2023-09-06T04:00,Santacruz_AWS,19.1197,72.8468,0.0,0.0,1003.6,55,10.0,0.351
2023-09-06T05:00,Santacruz_AWS,19.1197,72.8468,0.1,0.1,1004.1,70,8.0,0.351
2023-09-06T06:00,Santacruz_AWS,19.1197,72.8468,0.3,0.3,1004.7,75,7.9,0.353
2023-09-06T07:00,Santacruz_AWS,19.1197,72.8468,0.1,0.1,1005.0,100,10.2,0.354
2023-09-06T08:00,Santacruz_AWS,19.1197,72.8468,0.1,0.1,1005.9,49,11.5,0.354
2023-09-06T09:00,Santacruz_AWS,19.1197,72.8468,0.1,0.1,1006.2,33,10.7,0.353
2023-09-06T10:00,Santacruz_AWS,19.1197,72.8468,0.0,0.0,1006.2,21,10.0,0.351
2023-09-06T11:00,Santacruz_AWS,19.1197,72.8468,0.0,0.0,1005.7,11,10.9,0.348
2023-09-06T12:00,Santacruz_AWS,19.1197,72.8468,0.0,0.0,1005.1,39,11.6,0.345
2023-09-06T13:00,Santacruz_AWS,19.1197,72.8468,0.1,0.1,1004.1,70,14.2,0.341
2023-09-06T14:00,Santacruz_AWS,19.1197,72.8468,0.1,0.1,1003.1,65,15.9,0.339
2023-09-06T15:00,Santacruz_AWS,19.1197,72.8468,0.0,0.0,1002.3,89,17.3,0.336
2023-09-06T16:00,Santacruz_AWS,19.1197,72.8468,0.1,0.1,1002.1,100,17.7,0.335
2023-09-06T17:00,Santacruz_AWS,19.1197,72.8468,0.0,0.0,1002.4,100,15.5,0.331
2023-09-06T18:00,Santacruz_AWS,19.1197,72.8468,0.0,0.0,1002.9,88,13.0,0.331
2023-09-06T19:00,Santacruz_AWS,19.1197,72.8468,0.0,0.0,1003.9,23,10.0,0.331
2023-09-06T20:00,Santacruz_AWS,19.1197,72.8468,0.0,0.0,1004.4,36,9.6,0.331
2023-09-06T21:00,Santacruz_AWS,19.1197,72.8468,0.0,0.0,1005.2,74,10.1,0.331
2023-09-06T22:00,Santacruz_AWS,19.1197,72.8468,0.0,0.0,1005.4,100,11.2,0.331
2023-09-06T23:00,Santacruz_AWS,19.1197,72.8468,0.0,0.0,1005.0,99,12.2,0.331
2023-09-07T00:00,Santacruz_AWS,19.1197,72.8468,0.0,0.0,1004.7,97,13.0,0.331
2023-09-07T01:00,Santacruz_AWS,19.1197,72.8468,0.0,0.0,1004.0,96,15.3,0.331
2023-09-07T02:00,Santacruz_AWS,19.1197,72.8468,0.0,0.0,1003.7,100,15.3,0.331
2023-09-07T03:00,Santacruz_AWS,19.1197,72.8468,0.0,0.0,1003.6,100,14.5,0.331
2023-09-07T04:00,Santacruz_AWS,19.1197,72.8468,0.0,0.0,1003.4,100,14.8,0.331
2023-09-07T05:00,Santacruz_AWS,19.1197,72.8468,0.0,0.0,1003.5,100,12.7,0.331
2023-09-07T06:00,Santacruz_AWS,19.1197,72.8468,0.5,0.5,1004.0,98,10.9,0.335
2023-09-07T07:00,Santacruz_AWS,19.1197,72.8468,0.9,0.9,1005.1,100,15.6,0.347
2023-09-07T08:00,Santacruz_AWS,19.1197,72.8468,3.4,3.4,1005.5,100,0.8,0.391
2023-09-07T09:00,Santacruz_AWS,19.1197,72.8468,1.5,1.5,1006.1,100,7.4,0.405
2023-09-07T10:00,Santacruz_AWS,19.1197,72.8468,0.5,0.5,1005.8,99,12.2,0.404
2023-09-07T11:00,Santacruz_AWS,19.1197,72.8468,1.6,1.6,1005.5,92,12.8,0.414
2023-09-07T12:00,Santacruz_AWS,19.1197,72.8468,0.3,0.3,1004.8,98,17.2,0.409
2023-09-07T13:00,Santacruz_AWS,19.1197,72.8468,0.3,0.3,1003.5,96,19.7,0.405
2023-09-07T14:00,Santacruz_AWS,19.1197,72.8468,0.1,0.1,1002.6,95,19.0,0.4
2023-09-07T15:00,Santacruz_AWS,19.1197,72.8468,0.0,0.0,1002.4,100,19.2,0.395
2023-09-07T16:00,Santacruz_AWS,19.1197,72.8468,0.0,0.0,1002.3,99,16.7,0.391
2023-09-07T17:00,Santacruz_AWS,19.1197,72.8468,0.1,0.1,1003.0,100,13.5,0.389
2023-09-07T18:00,Santacruz_AWS,19.1197,72.8468,0.1,0.1,1003.4,94,12.6,0.387
2023-09-07T19:00,Santacruz_AWS,19.1197,72.8468,0.0,0.0,1003.9,100,12.4,0.385
2023-09-07T20:00,Santacruz_AWS,19.1197,72.8468,0.1,0.1,1004.6,100,12.4,0.384
2023-09-07T21:00,Santacruz_AWS,19.1197,72.8468,0.4,0.4,1005.1,100,11.2,0.385
2023-09-07T22:00,Santacruz_AWS,19.1197,72.8468,0.2,0.2,1005.2,100,11.7,0.384
2023-09-07T23:00,Santacruz_AWS,19.1197,72.8468,0.2,0.2,1005.1,100,14.1,0.384
2023-09-08T00:00,Santacruz_AWS,19.1197,72.8468,2.8,2.8,1005.1,100,12.4,0.417
2023-09-08T01:00,Santacruz_AWS,19.1197,72.8468,0.8,0.8,1004.0,100,12.0,0.418
2023-09-08T02:00,Santacruz_AWS,19.1197,72.8468,0.6,0.6,1003.2,100,12.3,0.418
2023-09-08T03:00,Santacruz_AWS,19.1197,72.8468,3.0,3.0,1003.0,100,14.1,0.431
2023-09-08T04:00,Santacruz_AWS,19.1197,72.8468,2.4,2.4,1003.1,100,17.1,0.428
2023-09-08T05:00,Santacruz_AWS,19.1197,72.8468,3.4,3.4,1003.6,100,14.4,0.434
2023-09-08T06:00,Santacruz_AWS,19.1197,72.8468,1.2,1.2,1003.6,100,14.7,0.431
2023-09-08T07:00,Santacruz_AWS,19.1197,72.8468,0.4,0.4,1004.4,100,15.6,0.43
2023-09-08T08:00,Santacruz_AWS,19.1197,72.8468,1.6,1.6,1005.2,100,13.2,0.434
2023-09-08T09:00,Santacruz_AWS,19.1197,72.8468,0.3,0.3,1005.7,100,16.1,0.43
2023-09-08T10:00,Santacruz_AWS,19.1197,72.8468,2.0,2.0,1005.7,95,19.9,0.439
2023-09-08T11:00,Santacruz_AWS,19.1197,72.8468,9.9,9.9,1005.9,100,22.7,0.433
2023-09-08T12:00,Santacruz_AWS,19.1197,72.8468,1.3,1.3,1005.5,100,19.2,0.437
2023-09-08T13:00,Santacruz_AWS,19.1197,72.8468,4.3,4.3,1004.8,100,22.7,0.435
2023-09-08T14:00,Santacruz_AWS,19.1197,72.8468,5.9,5.9,1004.0,100,21.7,0.439
2023-09-08T15:00,Santacruz_AWS,19.1197,72.8468,2.1,2.1,1003.6,100,17.1,0.435
2023-09-08T16:00,Santacruz_AWS,19.1197,72.8468,1.9,1.9,1003.4,100,15.8,0.436
2023-09-08T17:00,Santacruz_AWS,19.1197,72.8468,0.9,0.9,1003.9,100,16.2,0.438
2023-09-08T18:00,Santacruz_AWS,19.1197,72.8468,1.5,1.5,1004.1,100,14.1,0.439
2023-09-08T19:00,Santacruz_AWS,19.1197,72.8468,1.0,1.0,1004.4,100,12.6,0.436
2023-09-08T20:00,Santacruz_AWS,19.1197,72.8468,1.0,1.0,1004.9,100,16.1,0.438
2023-09-08T21:00,Santacruz_AWS,19.1197,72.8468,1.1,1.1,1005.4,100,15.3,0.437
2023-09-08T22:00,Santacruz_AWS,19.1197,72.8468,0.6,0.6,1005.6,100,14.9,0.435
2023-09-08T23:00,Santacruz_AWS,19.1197,72.8468,0.6,0.6,1005.1,100,15.7,0.434
2023-09-09T00:00,Santacruz_AWS,19.1197,72.8468,0.2,0.2,1004.8,100,16.5,0.43
2023-09-09T01:00,Santacruz_AWS,19.1197,72.8468,0.1,0.1,1004.0,100,16.8,0.427
2023-09-09T02:00,Santacruz_AWS,19.1197,72.8468,0.1,0.1,1003.9,100,17.5,0.424
2023-09-09T03:00,Santacruz_AWS,19.1197,72.8468,0.0,0.0,1003.5,100,17.4,0.422
2023-09-09T04:00,Santacruz_AWS,19.1197,72.8468,0.1,0.1,1003.6,100,18.1,0.42
2023-09-09T05:00,Santacruz_AWS,19.1197,72.8468,0.2,0.2,1003.8,100,14.3,0.437
2023-09-09T06:00,Santacruz_AWS,19.1197,72.8468,0.2,0.2,1004.0,99,17.3,0.43
2023-09-09T07:00,Santacruz_AWS,19.1197,72.8468,1.6,1.6,1005.1,100,16.3,0.435
2023-09-09T08:00,Santacruz_AWS,19.1197,72.8468,0.8,0.8,1005.7,100,10.9,0.43
2023-09-09T09:00,Santacruz_AWS,19.1197,72.8468,4.0,4.0,1006.4,100,11.5,0.439
2023-09-09T10:00,Santacruz_AWS,19.1197,72.8468,0.7,0.7,1006.6,100,17.7,0.433
2023-09-09T11:00,Santacruz_AWS,19.1197,72.8468,1.9,1.9,1006.3,100,6.8,0.437
2023-09-09T12:00,Santacruz_AWS,19.1197,72.8468,0.5,0.5,1005.6,100,11.6,0.432
2023-09-09T13:00,Santacruz_AWS,19.1197,72.8468,0.1,0.1,1004.6,100,14.6,0.426
2023-09-09T14:00,Santacruz_AWS,19.1197,72.8468,0.1,0.1,1003.7,100,14.9,0.421
2023-09-09T15:00,Santacruz_AWS,19.1197,72.8468,0.1,0.1,1003.6,100,17.5,0.418
2023-09-09T16:00,Santacruz_AWS,19.1197,72.8468,0.7,0.7,1002.8,70,13.4,0.42
2023-09-09T17:00,Santacruz_AWS,19.1197,72.8468,0.3,0.3,1003.6,99,7.4,0.43
2023-09-09T18:00,Santacruz_AWS,19.1197,72.8468,0.1,0.1,1003.5,100,5.6,0.427
2023-09-09T19:00,Santacruz_AWS,19.1197,72.8468,0.5,0.5,1004.0,100,3.6,0.429
2023-09-09T20:00,Santacruz_AWS,19.1197,72.8468,0.4,0.4,1004.6,100,4.7,0.43
2023-09-09T21:00,Santacruz_AWS,19.1197,72.8468,1.1,1.1,1005.1,100,5.5,0.437
2023-09-09T22:00,Santacruz_AWS,19.1197,72.8468,1.4,1.4,1005.6,100,5.8,0.432
2023-09-09T23:00,Santacruz_AWS,19.1197,72.8468,0.7,0.7,1005.5,100,8.0,0.435
2023-09-10T00:00,Santacruz_AWS,19.1197,72.8468,0.6,0.6,1004.9,100,9.7,0.433
2023-09-10T01:00,Santacruz_AWS,19.1197,72.8468,0.1,0.1,1004.4,100,12.3,0.428
2023-09-10T02:00,Santacruz_AWS,19.1197,72.8468,0.0,0.0,1003.6,100,14.6,0.424
2023-09-10T03:00,Santacruz_AWS,19.1197,72.8468,0.2,0.2,1003.4,100,16.0,0.423
2023-09-10T04:00,Santacruz_AWS,19.1197,72.8468,0.1,0.1,1003.5,100,13.6,0.421
2023-09-10T05:00,Santacruz_AWS,19.1197,72.8468,0.4,0.4,1003.9,100,8.2,0.417
2023-09-10T06:00,Santacruz_AWS,19.1197,72.8468,0.3,0.3,1004.6,100,8.7,0.419
2023-09-10T07:00,Santacruz_AWS,19.1197,72.8468,0.2,0.2,1004.7,100,7.4,0.418
2023-09-10T08:00,Santacruz_AWS,19.1197,72.8468,0.3,0.3,1005.5,100,11.2,0.419
2023-09-10T09:00,Santacruz_AWS,19.1197,72.8468,0.3,0.3,1005.8,100,11.2,0.419
2023-09-10T10:00,Santacruz_AWS,19.1197,72.8468,0.2,0.2,1005.7,98,11.3,0.417
2023-09-10T11:00,Santacruz_AWS,19.1197,72.8468,0.1,0.1,1005.5,100,13.7,0.413
2023-09-10T12:00,Santacruz_AWS,19.1197,72.8468,0.1,0.1,1005.1,100,14.4,0.411
2023-09-10T13:00,Santacruz_AWS,19.1197,72.8468,0.4,0.4,1004.3,100,14.8,0.41
2023-09-10T14:00,Santacruz_AWS,19.1197,72.8468,0.1,0.1,1003.6,100,16.3,0.408
2023-09-10T15:00,Santacruz_AWS,19.1197,72.8468,0.2,0.2,1003.0,100,18.4,0.406
2023-09-10T16:00,Santacruz_AWS,19.1197,72.8468,0.3,0.3,1002.7,100,18.1,0.406
2023-09-10T17:00,Santacruz_AWS,19.1197,72.8468,0.1,0.1,1003.6,100,9.7,0.408
2023-09-10T18:00,Santacruz_AWS,19.1197,72.8468,0.1,0.1,1004.0,100,7.8,0.407
2023-09-10T19:00,Santacruz_AWS,19.1197,72.8468,0.9,0.9,1004.4,100,6.5,0.417
2023-09-10T20:00,Santacruz_AWS,19.1197,72.8468,0.1,0.1,1004.7,100,3.4,0.415
2023-09-10T21:00,Santacruz_AWS,19.1197,72.8468,0.2,0.2,1005.5,100,2.7,0.414
2023-09-10T22:00,Santacruz_AWS,19.1197,72.8468,0.1,0.1,1005.9,100,2.8,0.413
2023-09-10T23:00,Santacruz_AWS,19.1197,72.8468,0.1,0.1,1005.6,100,3.8,0.412
2023-09-11T00:00,Santacruz_AWS,19.1197,72.8468,0.2,0.2,1005.2,100,6.6,0.412
2023-09-11T01:00,Santacruz_AWS,19.1197,72.8468,0.2,0.2,1004.8,100,6.9,0.413
2023-09-11T02:00,Santacruz_AWS,19.1197,72.8468,0.1,0.1,1004.4,100,7.6,0.412
2023-09-11T03:00,Santacruz_AWS,19.1197,72.8468,0.1,0.1,1004.2,100,8.0,0.411
2023-09-11T04:00,Santacruz_AWS,19.1197,72.8468,0.2,0.2,1004.4,100,7.7,0.412
2023-09-11T05:00,Santacruz_AWS,19.1197,72.8468,0.1,0.1,1004.7,100,8.2,0.414
2023-09-11T06:00,Santacruz_AWS,19.1197,72.8468,0.3,0.3,1005.0,90,9.8,0.415
2023-09-11T07:00,Santacruz_AWS,19.1197,72.8468,0.5,0.5,1005.5,93,6.9,0.419
2023-09-11T08:00,Santacruz_AWS,19.1197,72.8468,0.3,0.3,1006.3,100,11.4,0.419
2023-09-11T09:00,Santacruz_AWS,19.1197,72.8468,0.6,0.6,1006.9,86,9.1,0.421
2023-09-11T10:00,Santacruz_AWS,19.1197,72.8468,0.2,0.2,1006.7,79,9.2,0.419
2023-09-11T11:00,Santacruz_AWS,19.1197,72.8468,0.0,0.0,1006.5,83,9.9,0.414
2023-09-11T12:00,Santacruz_AWS,19.1197,72.8468,0.0,0.0,1005.9,89,11.2,0.41
2023-09-11T13:00,Santacruz_AWS,19.1197,72.8468,0.0,0.0,1005.2,93,11.7,0.406
2023-09-11T14:00,Santacruz_AWS,19.1197,72.8468,0.5,0.5,1004.7,74,14.4,0.407
2023-09-11T15:00,Santacruz_AWS,19.1197,72.8468,0.7,0.7,1004.1,66,13.1,0.41
2023-09-11T16:00,Santacruz_AWS,19.1197,72.8468,0.2,0.2,1003.7,49,14.0,0.41
2023-09-11T17:00,Santacruz_AWS,19.1197,72.8468,0.1,0.1,1004.4,33,11.6,0.396
2023-09-11T18:00,Santacruz_AWS,19.1197,72.8468,0.0,0.0,1004.6,61,10.5,0.395
2023-09-11T19:00,Santacruz_AWS,19.1197,72.8468,0.1,0.1,1005.3,76,5.0,0.395
2023-09-11T20:00,Santacruz_AWS,19.1197,72.8468,0.1,0.1,1005.8,33,5.5,0.396
2023-09-11T21:00,Santacruz_AWS,19.1197,72.8468,0.2,0.2,1006.6,33,4.5,0.396
2023-09-11T22:00,Santacruz_AWS,19.1197,72.8468,0.0,0.0,1007.0,22,5.8,0.396
2023-09-11T23:00,Santacruz_AWS,19.1197,72.8468,0.0,0.0,1006.7,90,6.0,0.395
2023-09-12T00:00,Santacruz_AWS,19.1197,72.8468,0.0,0.0,1006.3,22,4.7,0.395
2023-09-12T01:00,Santacruz_AWS,19.1197,72.8468,0.0,0.0,1005.7,43,5.3,0.395
2023-09-12T02:00,Santacruz_AWS,19.1197,72.8468,0.1,0.1,1005.1,37,4.6,0.395
2023-09-12T03:00,Santacruz_AWS,19.1197,72.8468,0.1,0.1,1004.8,99,4.3,0.394
2023-09-12T04:00,Santacruz_AWS,19.1197,72.8468,0.0,0.0,1005.0,85,4.7,0.394
2023-09-12T05:00,Santacruz_AWS,19.1197,72.8468,0.2,0.2,1005.2,76,5.2,0.416
2023-09-12T06:00,Santacruz_AWS,19.1197,72.8468,0.5,0.5,1005.8,33,4.5,0.419
2023-09-12T07:00,Santacruz_AWS,19.1197,72.8468,0.5,0.5,1006.1,93,4.7,0.421
2023-09-12T08:00,Santacruz_AWS,19.1197,72.8468,0.6,0.6,1006.7,100,7.1,0.422
2023-09-12T09:00,Santacruz_AWS,19.1197,72.8468,0.7,0.7,1006.9,50,13.6,0.423
2023-09-12T10:00,Santacruz_AWS,19.1197,72.8468,0.5,0.5,1007.0,53,15.7,0.421
2023-09-12T11:00,Santacruz_AWS,19.1197,72.8468,0.3,0.3,1007.1,59,16.8,0.417
2023-09-12T12:00,Santacruz_AWS,19.1197,72.8468,0.5,0.5,1006.7,98,18.5,0.416
2023-09-12T13:00,Santacruz_AWS,19.1197,72.8468,0.1,0.1,1005.9,100,17.7,0.412
2023-09-12T14:00,Santacruz_AWS,19.1197,72.8468,0.1,0.1,1005.3,98,18.4,0.408
2023-09-12T15:00,Santacruz_AWS,19.1197,72.8468,0.1,0.1,1004.9,99,19.1,0.405
2023-09-12T16:00,Santacruz_AWS,19.1197,72.8468,0.0,0.0,1004.4,4,17.4,0.402
2023-09-12T17:00,Santacruz_AWS,19.1197,72.8468,0.0,0.0,1004.5,1,13.0,0.398
2023-09-12T18:00,Santacruz_AWS,19.1197,72.8468,0.0,0.0,1005.0,100,11.2,0.397
2023-09-12T19:00,Santacruz_AWS,19.1197,72.8468,0.0,0.0,1005.6,78,9.8,0.396
2023-09-12T20:00,Santacruz_AWS,19.1197,72.8468,0.0,0.0,1006.1,87,8.3,0.395
2023-09-12T21:00,Santacruz_AWS,19.1197,72.8468,0.1,0.1,1007.1,94,5.2,0.395
2023-09-12T22:00,Santacruz_AWS,19.1197,72.8468,0.3,0.3,1007.7,66,5.6,0.397
2023-09-12T23:00,Santacruz_AWS,19.1197,72.8468,0.0,0.0,1007.3,94,6.4,0.396
2023-09-13T00:00,Santacruz_AWS,19.1197,72.8468,0.0,0.0,1006.8,85,6.3,0.396
2023-09-13T01:00,Santacruz_AWS,19.1197,72.8468,0.2,0.2,1006.0,99,7.5,0.396
2023-09-13T02:00,Santacruz_AWS,19.1197,72.8468,0.1,0.1,1005.6,100,7.7,0.397
2023-09-13T03:00,Santacruz_AWS,19.1197,72.8468,0.1,0.1,1005.2,100,8.5,0.397
2023-09-13T04:00,Santacruz_AWS,19.1197,72.8468,0.1,0.1,1004.8,100,8.9,0.396
2023-09-13T05:00,Santacruz_AWS,19.1197,72.8468,0.2,0.2,1005.0,92,7.3,0.396
2023-09-13T06:00,Santacruz_AWS,19.1197,72.8468,0.5,0.5,1005.4,65,4.0,0.401
2023-09-13T07:00,Santacruz_AWS,19.1197,72.8468,0.6,0.6,1005.9,94,5.6,0.407
2023-09-13T08:00,Santacruz_AWS,19.1197,72.8468,0.3,0.3,1006.6,100,3.3,0.407
2023-09-13T09:00,Santacruz_AWS,19.1197,72.8468,0.1,0.1,1006.8,100,8.4,0.406
2023-09-13T10:00,Santacruz_AWS,19.1197,72.8468,0.1,0.1,1006.7,32,8.4,0.404
2023-09-13T11:00,Santacruz_AWS,19.1197,72.8468,0.1,0.1,1006.5,90,10.6,0.4
2023-09-13T12:00,Santacruz_AWS,19.1197,72.8468,0.1,0.1,1006.0,83,10.2,0.398
2023-09-13T13:00,Santacruz_AWS,19.1197,72.8468,0.1,0.1,1004.9,57,11.6,0.395
2023-09-13T14:00,Santacruz_AWS,19.1197,72.8468,0.2,0.2,1004.2,97,12.8,0.393
2023-09-13T15:00,Santacruz_AWS,19.1197,72.8468,0.1,0.1,1003.8,99,9.3,0.391
2023-09-13T16:00,Santacruz_AWS,19.1197,72.8468,0.0,0.0,1003.4,100,12.1,0.389
2023-09-13T17:00,Santacruz_AWS,19.1197,72.8468,0.4,0.4,1003.8,99,9.6,0.382
2023-09-13T18:00,Santacruz_AWS,19.1197,72.8468,0.1,0.1,1004.2,78,6.8,0.382
2023-09-13T19:00,Santacruz_AWS,19.1197,72.8468,0.2,0.2,1004.7,85,9.9,0.383
2023-09-13T20:00,Santacruz_AWS,19.1197,72.8468,0.0,0.0,1005.4,96,2.6,0.383
2023-09-13T21:00,Santacruz_AWS,19.1197,72.8468,0.0,0.0,1006.0,97,3.6,0.383
2023-09-13T22:00,Santacruz_AWS,19.1197,72.8468,0.0,0.0,1006.4,84,4.7,0.382
2023-09-13T23:00,Santacruz_AWS,19.1197,72.8468,0.0,0.0,1006.0,72,4.6,0.383
2023-09-14T00:00,Santacruz_AWS,19.1197,72.8468,0.2,0.2,1005.6,99,5.7,0.384
2023-09-14T01:00,Santacruz_AWS,19.1197,72.8468,0.1,0.1,1005.2,100,7.8,0.385
2023-09-14T02:00,Santacruz_AWS,19.1197,72.8468,0.2,0.2,1005.1,100,5.9,0.386
2023-09-14T03:00,Santacruz_AWS,19.1197,72.8468,0.1,0.1,1005.3,100,5.5,0.386
2023-09-14T04:00,Santacruz_AWS,19.1197,72.8468,0.3,0.3,1005.3,100,5.6,0.389
2023-09-14T05:00,Santacruz_AWS,19.1197,72.8468,0.1,0.1,1005.8,84,2.9,0.386
2023-09-14T06:00,Santacruz_AWS,19.1197,72.8468,0.3,0.3,1005.6,99,4.0,0.389
2023-09-14T07:00,Santacruz_AWS,19.1197,72.8468,0.0,0.0,1006.3,100,7.5,0.389
2023-09-14T08:00,Santacruz_AWS,19.1197,72.8468,0.1,0.1,1007.0,52,9.4,0.389
2023-09-14T09:00,Santacruz_AWS,19.1197,72.8468,0.7,0.7,1007.7,95,8.0,0.393
2023-09-14T10:00,Santacruz_AWS,19.1197,72.8468,0.1,0.1,1007.5,80,7.6,0.392
2023-09-14T11:00,Santacruz_AWS,19.1197,72.8468,0.0,0.0,1007.1,45,7.5,0.389
2023-09-14T12:00,Santacruz_AWS,19.1197,72.8468,0.0,0.0,1006.4,33,10.8,0.386
2023-09-14T13:00,Santacruz_AWS,19.1197,72.8468,0.0,0.0,1005.2,36,12.1,0.382
2023-09-14T14:00,Santacruz_AWS,19.1197,72.8468,0.0,0.0,1004.4,28,13.4,0.379
2023-09-14T15:00,Santacruz_AWS,19.1197,72.8468,0.0,0.0,1003.8,16,13.2,0.376
2023-09-14T16:00,Santacruz_AWS,19.1197,72.8468,0.0,0.0,1003.6,19,12.9,0.374
2023-09-14T17:00,Santacruz_AWS,19.1197,72.8468,0.0,0.0,1004.2,12,10.1,0.368
2023-09-14T18:00,Santacruz_AWS,19.1197,72.8468,0.0,0.0,1004.6,44,7.7,0.368
2023-09-14T19:00,Santacruz_AWS,19.1197,72.8468,0.0,0.0,1004.8,30,7.0,0.368
2023-09-14T20:00,Santacruz_AWS,19.1197,72.8468,0.0,0.0,1005.2,99,6.9,0.368
2023-09-14T21:00,Santacruz_AWS,19.1197,72.8468,0.0,0.0,1005.8,100,7.4,0.368
2023-09-14T22:00,Santacruz_AWS,19.1197,72.8468,0.0,0.0,1006.0,100,8.2,0.368
2023-09-14T23:00,Santacruz_AWS,19.1197,72.8468,0.0,0.0,1005.7,100,7.7,0.368
2023-09-15T00:00,Santacruz_AWS,19.1197,72.8468,0.1,0.1,1005.4,100,6.8,0.368
2023-09-15T01:00,Santacruz_AWS,19.1197,72.8468,0.1,0.1,1005.1,100,6.0,0.369
2023-09-15T02:00,Santacruz_AWS,19.1197,72.8468,0.4,0.4,1005.0,100,3.1,0.372
2023-09-15T03:00,Santacruz_AWS,19.1197,72.8468,0.2,0.2,1004.6,99,2.9,0.373
2023-09-15T04:00,Santacruz_AWS,19.1197,72.8468,0.0,0.0,1004.5,60,5.0,0.374
2023-09-15T05:00,Santacruz_AWS,19.1197,72.8468,0.0,0.0,1004.3,92,2.5,0.38
2023-09-15T06:00,Santacruz_AWS,19.1197,72.8468,0.2,0.2,1005.2,100,2.5,0.382
2023-09-15T07:00,Santacruz_AWS,19.1197,72.8468,0.1,0.1,1005.7,90,6.3,0.383
2023-09-15T08:00,Santacruz_AWS,19.1197,72.8468,0.2,0.2,1006.6,82,6.2,0.384
2023-09-15T09:00,Santacruz_AWS,19.1197,72.8468,0.1,0.1,1007.1,99,5.6,0.383
2023-09-15T10:00,Santacruz_AWS,19.1197,72.8468,0.1,0.1,1006.9,99,7.3,0.381
2023-09-15T11:00,Santacruz_AWS,19.1197,72.8468,0.1,0.1,1006.9,98,10.4,0.379
2023-09-15T12:00,Santacruz_AWS,19.1197,72.8468,0.0,0.0,1006.6,88,11.2,0.375
2023-09-15T13:00,Santacruz_AWS,19.1197,72.8468,0.3,0.3,1005.3,100,12.5,0.375
2023-09-15T14:00,Santacruz_AWS,19.1197,72.8468,0.2,0.2,1004.5,100,14.6,0.374
2023-09-15T15:00,Santacruz_AWS,19.1197,72.8468,0.0,0.0,1003.7,100,15.9,0.371
2023-09-15T16:00,Santacruz_AWS,19.1197,72.8468,0.0,0.0,1003.3,100,16.6,0.369
2023-09-15T17:00,Santacruz_AWS,19.1197,72.8468,0.0,0.0,1004.0,100,12.7,0.364
2023-09-15T18:00,Santacruz_AWS,19.1197,72.8468,0.0,0.0,1004.5,100,11.9,0.363
2023-09-15T19:00,Santacruz_AWS,19.1197,72.8468,0.0,0.0,1004.9,100,9.9,0.363
2023-09-15T20:00,Santacruz_AWS,19.1197,72.8468,0.0,0.0,1005.4,100,10.8,0.363
2023-09-15T21:00,Santacruz_AWS,19.1197,72.8468,0.0,0.0,1006.3,100,9.5,0.363
2023-09-15T22:00,Santacruz_AWS,19.1197,72.8468,0.0,0.0,1006.8,100,8.1,0.363
2023-09-15T23:00,Santacruz_AWS,19.1197,72.8468,0.0,0.0,1006.1,100,11.1,0.363
2023-09-16T00:00,Santacruz_AWS,19.1197,72.8468,0.1,0.1,1005.5,100,12.9,0.364
2023-09-16T01:00,Santacruz_AWS,19.1197,72.8468,0.1,0.1,1005.0,100,13.2,0.364
2023-09-16T02:00,Santacruz_AWS,19.1197,72.8468,0.0,0.0,1004.4,100,12.8,0.364
2023-09-16T03:00,Santacruz_AWS,19.1197,72.8468,0.1,0.1,1004.4,100,10.8,0.364
2023-09-16T04:00,Santacruz_AWS,19.1197,72.8468,0.4,0.4,1004.4,100,10.5,0.367
2023-09-16T05:00,Santacruz_AWS,19.1197,72.8468,0.6,0.6,1004.0,100,11.1,0.367
2023-09-16T06:00,Santacruz_AWS,19.1197,72.8468,1.0,1.0,1004.9,100,12.1,0.379
2023-09-16T07:00,Santacruz_AWS,19.1197,72.8468,0.8,0.8,1005.4,100,11.9,0.388
2023-09-16T08:00,Santacruz_AWS,19.1197,72.8468,1.5,1.5,1005.9,100,9.5,0.406
2023-09-16T09:00,Santacruz_AWS,19.1197,72.8468,1.2,1.2,1006.5,100,11.0,0.417
2023-09-16T10:00,Santacruz_AWS,19.1197,72.8468,0.4,0.4,1006.7,100,8.3,0.415
2023-09-16T11:00,Santacruz_AWS,19.1197,72.8468,0.2,0.2,1006.5,100,12.7,0.411
2023-09-16T12:00,Santacruz_AWS,19.1197,72.8468,0.1,0.1,1005.6,100,15.9,0.408
2023-09-16T13:00,Santacruz_AWS,19.1197,72.8468,0.2,0.2,1005.0,100,19.8,0.405
2023-09-16T14:00,Santacruz_AWS,19.1197,72.8468,0.1,0.1,1004.4,100,19.8,0.402
2023-09-16T15:00,Santacruz_AWS,19.1197,72.8468,0.1,0.1,1003.6,100,20.2,0.399
2023-09-16T16:00,Santacruz_AWS,19.1197,72.8468,0.1,0.1,1003.6,100,20.0,0.397
2023-09-16T17:00,Santacruz_AWS,19.1197,72.8468,0.1,0.1,1003.6,100,18.2,0.389
2023-09-16T18:00,Santacruz_AWS,19.1197,72.8468,0.1,0.1,1004.0,100,16.6,0.388
2023-09-16T19:00,Santacruz_AWS,19.1197,72.8468,0.0,0.0,1003.9,100,17.9,0.387
2023-09-16T20:00,Santacruz_AWS,19.1197,72.8468,0.0,0.0,1004.2,100,18.5,0.386
2023-09-16T21:00,Santacruz_AWS,19.1197,72.8468,0.0,0.0,1005.5,100,17.9,0.385
2023-09-16T22:00,Santacruz_AWS,19.1197,72.8468,0.0,0.0,1005.6,100,20.6,0.384
2023-09-16T23:00,Santacruz_AWS,19.1197,72.8468,0.1,0.1,1005.7,100,19.0,0.383
2023-09-17T00:00,Santacruz_AWS,19.1197,72.8468,0.0,0.0,1004.8,100,19.3,0.382
2023-09-17T01:00,Santacruz_AWS,19.1197,72.8468,0.0,0.0,1004.0,100,19.5,0.381
2023-09-17T02:00,Santacruz_AWS,19.1197,72.8468,0.1,0.1,1003.5,100,19.1,0.382
2023-09-17T03:00,Santacruz_AWS,19.1197,72.8468,0.4,0.4,1003.1,100,20.6,0.384
2023-09-17T04:00,Santacruz_AWS,19.1197,72.8468,0.1,0.1,1003.3,100,20.8,0.384
2023-09-17T05:00,Santacruz_AWS,19.1197,72.8468,0.2,0.2,1003.1,100,17.7,0.38
2023-09-17T06:00,Santacruz_AWS,19.1197,72.8468,0.2,0.2,1003.8,100,17.9,0.381
2023-09-17T07:00,Santacruz_AWS,19.1197,72.8468,0.5,0.5,1004.4,100,20.3,0.384
2023-09-17T08:00,Santacruz_AWS,19.1197,72.8468,0.0,0.0,1005.0,100,19.6,0.383
2023-09-17T09:00,Santacruz_AWS,19.1197,72.8468,1.0,1.0,1005.6,100,17.4,0.39
2023-09-17T10:00,Santacruz_AWS,19.1197,72.8468,0.1,0.1,1005.6,100,18.7,0.388
2023-09-17T11:00,Santacruz_AWS,19.1197,72.8468,1.6,1.6,1005.7,100,16.2,0.4
2023-09-17T12:00,Santacruz_AWS,19.1197,72.8468,0.2,0.2,1004.8,100,20.2,0.397
2023-09-17T13:00,Santacruz_AWS,19.1197,72.8468,0.1,0.1,1003.8,100,21.7,0.394
2023-09-17T14:00,Santacruz_AWS,19.1197,72.8468,0.1,0.1,1003.0,100,23.0,0.39
2023-09-17T15:00,Santacruz_AWS,19.1197,72.8468,0.2,0.2,1002.5,100,22.1,0.388
2023-09-17T16:00,Santacruz_AWS,19.1197,72.8468,0.6,0.6,1002.5,100,21.4,0.39
2023-09-17T17:00,Santacruz_AWS,19.1197,72.8468,0.1,0.1,1002.3,100,20.4,0.382
2023-09-17T18:00,Santacruz_AWS,19.1197,72.8468,0.5,0.5,1002.7,100,19.1,0.385
2023-09-17T19:00,Santacruz_AWS,19.1197,72.8468,0.5,0.5,1002.5,100,14.6,0.387
2023-09-17T20:00,Santacruz_AWS,19.1197,72.8468,0.3,0.3,1003.4,100,15.3,0.388
2023-09-17T21:00,Santacruz_AWS,19.1197,72.8468,0.5,0.5,1004.7,100,14.8,0.392
2023-09-17T22:00,Santacruz_AWS,19.1197,72.8468,0.4,0.4,1005.1,100,14.0,0.396
2023-09-17T23:00,Santacruz_AWS,19.1197,72.8468,0.5,0.5,1005.0,100,10.7,0.399
2023-09-18T00:00,Santacruz_AWS,19.1197,72.8468,0.3,0.3,1004.4,100,13.5,0.4
2023-09-18T01:00,Santacruz_AWS,19.1197,72.8468,0.5,0.5,1003.8,100,14.8,0.403
2023-09-18T02:00,Santacruz_AWS,19.1197,72.8468,0.5,0.5,1003.3,100,16.6,0.407
2023-09-18T03:00,Santacruz_AWS,19.1197,72.8468,0.2,0.2,1002.7,100,16.9,0.405
2023-09-18T04:00,Santacruz_AWS,19.1197,72.8468,1.6,1.6,1002.8,100,17.1,0.421
2023-09-18T05:00,Santacruz_AWS,19.1197,72.8468,0.7,0.7,1002.9,100,10.8,0.399
2023-09-18T06:00,Santacruz_AWS,19.1197,72.8468,0.0,0.0,1002.9,100,13.1,0.397
2023-09-18T07:00,Santacruz_AWS,19.1197,72.8468,1.8,1.8,1003.5,100,18.9,0.416
2023-09-18T08:00,Santacruz_AWS,19.1197,72.8468,0.6,0.6,1004.2,100,14.5,0.416
2023-09-18T09:00,Santacruz_AWS,19.1197,72.8468,0.9,0.9,1005.3,100,12.0,0.417
2023-09-18T10:00,Santacruz_AWS,19.1197,72.8468,2.1,2.1,1005.2,100,21.9,0.432
2023-09-18T11:00,Santacruz_AWS,19.1197,72.8468,0.4,0.4,1005.1,100,13.8,0.423
2023-09-18T12:00,Santacruz_AWS,19.1197,72.8468,1.4,1.4,1004.8,100,22.2,0.428
2023-09-18T13:00,Santacruz_AWS,19.1197,72.8468,1.1,1.1,1004.0,100,16.6,0.426
2023-09-18T14:00,Santacruz_AWS,19.1197,72.8468,1.1,1.1,1003.3,100,17.8,0.426
2023-09-18T15:00,Santacruz_AWS,19.1197,72.8468,0.4,0.4,1002.6,100,15.6,0.422
2023-09-18T16:00,Santacruz_AWS,19.1197,72.8468,1.5,1.5,1002.7,100,16.4,0.428
2023-09-18T17:00,Santacruz_AWS,19.1197,72.8468,0.7,0.7,1002.9,92,13.8,0.409
2023-09-18T18:00,Santacruz_AWS,19.1197,72.8468,0.4,0.4,1003.2,99,18.8,0.409
2023-09-18T19:00,Santacruz_AWS,19.1197,72.8468,1.6,1.6,1003.7,100,14.0,0.423
2023-09-18T20:00,Santacruz_AWS,19.1197,72.8468,0.9,0.9,1004.3,98,17.1,0.427
2023-09-18T21:00,Santacruz_AWS,19.1197,72.8468,6.0,6.0,1005.8,100,19.8,0.432
2023-09-18T22:00,Santacruz_AWS,19.1197,72.8468,4.4,4.4,1006.1,99,16.8,0.433
2023-09-18T23:00,Santacruz_AWS,19.1197,72.8468,1.8,1.8,1005.8,100,18.8,0.436
2023-09-19T00:00,Santacruz_AWS,19.1197,72.8468,0.7,0.7,1005.2,95,14.5,0.434
2023-09-19T01:00,Santacruz_AWS,19.1197,72.8468,0.6,0.6,1004.7,67,16.6,0.433
2023-09-19T02:00,Santacruz_AWS,19.1197,72.8468,0.8,0.8,1004.4,98,15.6,0.435
2023-09-19T03:00,Santacruz_AWS,19.1197,72.8468,1.0,1.0,1004.3,95,16.0,0.436
2023-09-19T04:00,Santacruz_AWS,19.1197,72.8468,0.4,0.4,1004.0,49,18.7,0.433
2023-09-19T05:00,Santacruz_AWS,19.1197,72.8468,0.5,0.5,1004.4,66,17.3,0.43
2023-09-19T06:00,Santacruz_AWS,19.1197,72.8468,0.2,0.2,1004.3,68,18.8,0.428
2023-09-19T07:00,Santacruz_AWS,19.1197,72.8468,0.3,0.3,1005.0,84,17.9,0.427
2023-09-19T08:00,Santacruz_AWS,19.1197,72.8468,0.8,0.8,1005.9,100,16.3,0.43
2023-09-19T09:00,Santacruz_AWS,19.1197,72.8468,2.4,2.4,1006.7,92,17.9,0.433
2023-09-19T10:00,Santacruz_AWS,19.1197,72.8468,0.3,0.3,1006.6,80,17.1,0.43
2023-09-19T11:00,Santacruz_AWS,19.1197,72.8468,0.8,0.8,1006.4,91,16.8,0.43
2023-09-19T12:00,Santacruz_AWS,19.1197,72.8468,0.3,0.3,1005.9,37,18.5,0.427
2023-09-19T13:00,Santacruz_AWS,19.1197,72.8468,0.4,0.4,1005.3,75,22.3,0.424
2023-09-19T14:00,Santacruz_AWS,19.1197,72.8468,0.1,0.1,1004.5,71,20.7,0.42
2023-09-19T15:00,Santacruz_AWS,19.1197,72.8468,0.1,0.1,1004.1,54,20.7,0.417
2023-09-19T16:00,Santacruz_AWS,19.1197,72.8468,0.1,0.1,1003.8,42,21.4,0.415
2023-09-19T17:00,Santacruz_AWS,19.1197,72.8468,0.5,0.5,1004.4,86,15.7,0.412
2023-09-19T18:00,Santacruz_AWS,19.1197,72.8468,0.6,0.6,1004.9,99,17.6,0.416
2023-09-19T19:00,Santacruz_AWS,19.1197,72.8468,0.7,0.7,1005.4,56,14.2,0.421
2023-09-19T20:00,Santacruz_AWS,19.1197,72.8468,0.4,0.4,1006.2,50,18.5,0.423
2023-09-19T21:00,Santacruz_AWS,19.1197,72.8468,0.1,0.1,1006.9,98,19.1,0.42
2023-09-19T22:00,Santacruz_AWS,19.1197,72.8468,0.1,0.1,1007.4,100,19.5,0.419
2023-09-19T23:00,Santacruz_AWS,19.1197,72.8468,0.1,0.1,1007.3,84,18.5,0.417
2023-09-20T00:00,Santacruz_AWS,19.1197,72.8468,0.2,0.2,1006.9,100,18.6,0.416
2023-09-20T01:00,Santacruz_AWS,19.1197,72.8468,0.2,0.2,1006.2,93,19.4,0.416
2023-09-20T02:00,Santacruz_AWS,19.1197,72.8468,0.3,0.3,1005.5,91,18.5,0.417
2023-09-20T03:00,Santacruz_AWS,19.1197,72.8468,0.5,0.5,1005.4,100,16.9,0.421
2023-09-20T04:00,Santacruz_AWS,19.1197,72.8468,0.7,0.7,1005.1,100,17.5,0.425
2023-09-20T05:00,Santacruz_AWS,19.1197,72.8468,0.1,0.1,1005.3,100,14.1,0.421
2023-09-20T06:00,Santacruz_AWS,19.1197,72.8468,1.0,1.0,1005.8,100,16.3,0.428
2023-09-20T07:00,Santacruz_AWS,19.1197,72.8468,0.2,0.2,1006.0,96,16.1,0.425
2023-09-20T08:00,Santacruz_AWS,19.1197,72.8468,0.4,0.4,1006.5,86,17.8,0.425
2023-09-20T09:00,Santacruz_AWS,19.1197,72.8468,0.1,0.1,1007.4,92,19.4,0.423
2023-09-20T10:00,Santacruz_AWS,19.1197,72.8468,0.7,0.7,1007.4,100,17.9,0.424
2023-09-20T11:00,Santacruz_AWS,19.1197,72.8468,0.8,0.8,1006.9,59,20.8,0.425
2023-09-20T12:00,Santacruz_AWS,19.1197,72.8468,0.3,0.3,1006.4,96,21.7,0.423
2023-09-20T13:00,Santacruz_AWS,19.1197,72.8468,1.4,1.4,1005.4,97,17.3,0.43
2023-09-20T14:00,Santacruz_AWS,19.1197,72.8468,0.9,0.9,1004.6,100,18.9,0.43
2023-09-20T15:00,Santacruz_AWS,19.1197,72.8468,0.4,0.4,1004.2,97,18.4,0.427
2023-09-20T16:00,Santacruz_AWS,19.1197,72.8468,0.5,0.5,1004.1,100,16.3,0.426
2023-09-20T17:00,Santacruz_AWS,19.1197,72.8468,0.8,0.8,1004.2,100,14.8,0.416
2023-09-20T18:00,Santacruz_AWS,19.1197,72.8468,0.1,0.1,1005.2,100,14.9,0.414
2023-09-20T19:00,Santacruz_AWS,19.1197,72.8468,0.7,0.7,1005.9,100,12.1,0.419
2023-09-20T20:00,Santacruz_AWS,19.1197,72.8468,0.2,0.2,1006.6,100,11.6,0.419
2023-09-20T21:00,Santacruz_AWS,19.1197,72.8468,0.3,0.3,1007.1,100,14.6,0.419
2023-09-20T22:00,Santacruz_AWS,19.1197,72.8468,0.1,0.1,1007.5,100,13.0,0.417
2023-09-20T23:00,Santacruz_AWS,19.1197,72.8468,0.2,0.2,1007.2,100,10.5,0.418
2023-09-21T00:00,Santacruz_AWS,19.1197,72.8468,1.1,1.1,1006.6,100,10.1,0.429
2023-09-21T01:00,Santacruz_AWS,19.1197,72.8468,0.7,0.7,1005.7,100,11.5,0.431
2023-09-21T02:00,Santacruz_AWS,19.1197,72.8468,0.7,0.7,1005.1,100,11.7,0.431
2023-09-21T03:00,Santacruz_AWS,19.1197,72.8468,0.4,0.4,1004.8,100,10.1,0.429
2023-09-21T04:00,Santacruz_AWS,19.1197,72.8468,0.5,0.5,1004.9,100,8.4,0.429
2023-09-21T05:00,Santacruz_AWS,19.1197,72.8468,0.9,0.9,1005.5,100,6.5,0.439
2023-09-21T06:00,Santacruz_AWS,19.1197,72.8468,0.7,0.7,1005.5,100,5.2,0.433
2023-09-21T07:00,Santacruz_AWS,19.1197,72.8468,0.2,0.2,1006.4,100,13.2,0.43
2023-09-21T08:00,Santacruz_AWS,19.1197,72.8468,0.2,0.2,1007.1,100,9.5,0.427
2023-09-21T09:00,Santacruz_AWS,19.1197,72.8468,0.1,0.1,1007.6,99,10.6,0.423
2023-09-21T10:00,Santacruz_AWS,19.1197,72.8468,0.1,0.1,1007.6,100,12.1,0.42
2023-09-21T11:00,Santacruz_AWS,19.1197,72.8468,1.6,1.6,1007.5,100,16.3,0.434
2023-09-21T12:00,Santacruz_AWS,19.1197,72.8468,2.4,2.4,1006.6,100,10.2,0.429
2023-09-21T13:00,Santacruz_AWS,19.1197,72.8468,0.0,0.0,1005.7,95,13.5,0.423
2023-09-21T14:00,Santacruz_AWS,19.1197,72.8468,0.4,0.4,1005.2,100,13.3,0.422
2023-09-21T15:00,Santacruz_AWS,19.1197,72.8468,3.5,3.5,1004.6,100,11.5,0.435
2023-09-21T16:00,Santacruz_AWS,19.1197,72.8468,0.4,0.4,1004.8,100,13.3,0.431
2023-09-21T17:00,Santacruz_AWS,19.1197,72.8468,0.2,0.2,1005.1,100,11.7,0.423
2023-09-21T18:00,Santacruz_AWS,19.1197,72.8468,0.2,0.2,1005.6,100,9.4,0.422
2023-09-21T19:00,Santacruz_AWS,19.1197,72.8468,3.1,3.1,1006.5,100,6.3,0.434
2023-09-21T20:00,Santacruz_AWS,19.1197,72.8468,0.3,0.3,1007.1,100,6.1,0.431
2023-09-21T21:00,Santacruz_AWS,19.1197,72.8468,2.7,2.7,1008.1,100,10.0,0.436
2023-09-21T22:00,Santacruz_AWS,19.1197,72.8468,0.2,0.2,1008.2,100,8.1,0.429
2023-09-21T23:00,Santacruz_AWS,19.1197,72.8468,0.1,0.1,1007.5,100,8.7,0.425
2023-09-22T00:00,Santacruz_AWS,19.1197,72.8468,0.0,0.0,1007.1,100,8.9,0.422
2023-09-22T01:00,Santacruz_AWS,19.1197,72.8468,0.1,0.1,1006.4,100,10.5,0.42
2023-09-22T02:00,Santacruz_AWS,19.1197,72.8468,0.1,0.1,1005.8,100,8.2,0.419
2023-09-22T03:00,Santacruz_AWS,19.1197,72.8468,0.0,0.0,1005.6,100,4.1,0.417
2023-09-22T04:00,Santacruz_AWS,19.1197,72.8468,0.7,0.7,1005.7,88,4.3,0.424
2023-09-22T05:00,Santacruz_AWS,19.1197,72.8468,0.6,0.6,1006.0,100,5.2,0.43
2023-09-22T06:00,Santacruz_AWS,19.1197,72.8468,0.1,0.1,1006.6,100,6.0,0.427
2023-09-22T07:00,Santacruz_AWS,19.1197,72.8468,0.6,0.6,1007.0,93,6.8,0.431
2023-09-22T08:00,Santacruz_AWS,19.1197,72.8468,0.6,0.6,1007.7,100,7.2,0.432
2023-09-22T09:00,Santacruz_AWS,19.1197,72.8468,0.2,0.2,1008.5,100,6.6,0.428
2023-09-22T10:00,Santacruz_AWS,19.1197,72.8468,0.1,0.1,1008.4,99,7.9,0.426
2023-09-22T11:00,Santacruz_AWS,19.1197,72.8468,0.1,0.1,1008.0,100,7.6,0.422
2023-09-22T12:00,Santacruz_AWS,19.1197,72.8468,0.2,0.2,1007.1,100,8.3,0.42
2023-09-22T13:00,Santacruz_AWS,19.1197,72.8468,0.2,0.2,1006.0,100,9.3,0.418
2023-09-22T14:00,Santacruz_AWS,19.1197,72.8468,0.2,0.2,1004.8,100,10.4,0.416
2023-09-22T15:00,Santacruz_AWS,19.1197,72.8468,0.1,0.1,1004.6,100,8.1,0.414
2023-09-22T16:00,Santacruz_AWS,19.1197,72.8468,0.0,0.0,1004.8,100,7.1,0.412
2023-09-22T17:00,Santacruz_AWS,19.1197,72.8468,0.2,0.2,1005.1,100,6.3,0.434
2023-09-22T18:00,Santacruz_AWS,19.1197,72.8468,5.6,5.6,1005.7,100,4.9,0.439
2023-09-22T19:00,Santacruz_AWS,19.1197,72.8468,4.4,4.4,1006.6,100,10.4,0.429
2023-09-22T20:00,Santacruz_AWS,19.1197,72.8468,0.3,0.3,1007.7,100,11.5,0.427
2023-09-22T21:00,Santacruz_AWS,19.1197,72.8468,0.3,0.3,1008.0,100,8.6,0.426
2023-09-22T22:00,Santacruz_AWS,19.1197,72.8468,0.1,0.1,1007.9,100,7.5,0.424
2023-09-22T23:00,Santacruz_AWS,19.1197,72.8468,0.1,0.1,1007.4,100,6.6,0.422
2023-09-23T00:00,Santacruz_AWS,19.1197,72.8468,0.1,0.1,1006.8,100,5.5,0.421
2023-09-23T01:00,Santacruz_AWS,19.1197,72.8468,0.1,0.1,1006.0,100,6.8,0.42
2023-09-23T02:00,Santacruz_AWS,19.1197,72.8468,0.3,0.3,1005.6,99,8.3,0.421
2023-09-23T03:00,Santacruz_AWS,19.1197,72.8468,1.9,1.9,1005.5,100,4.7,0.439
2023-09-23T04:00,Santacruz_AWS,19.1197,72.8468,0.5,0.5,1005.6,100,6.3,0.433
2023-09-23T05:00,Santacruz_AWS,19.1197,72.8468,4.4,4.4,1006.1,100,2.3,0.435
2023-09-23T06:00,Santacruz_AWS,19.1197,72.8468,0.5,0.5,1006.5,98,2.7,0.435
2023-09-23T07:00,Santacruz_AWS,19.1197,72.8468,0.1,0.1,1007.2,87,6.1,0.43
2023-09-23T08:00,Santacruz_AWS,19.1197,72.8468,0.1,0.1,1008.2,96,7.0,0.426
2023-09-23T09:00,Santacruz_AWS,19.1197,72.8468,0.1,0.1,1008.4,92,5.7,0.423
2023-09-23T10:00,Santacruz_AWS,19.1197,72.8468,0.2,0.2,1008.6,100,5.4,0.421
2023-09-23T11:00,Santacruz_AWS,19.1197,72.8468,0.2,0.2,1007.9,99,7.6,0.419
2023-09-23T12:00,Santacruz_AWS,19.1197,72.8468,10.4,10.4,1007.9,100,13.2,0.433
2023-09-23T13:00,Santacruz_AWS,19.1197,72.8468,0.9,0.9,1006.7,100,16.0,0.432
2023-09-23T14:00,Santacruz_AWS,19.1197,72.8468,1.1,1.1,1006.3,100,12.9,0.436
2023-09-23T15:00,Santacruz_AWS,19.1197,72.8468,1.2,1.2,1006.0,100,12.1,0.438
2023-09-23T16:00,Santacruz_AWS,19.1197,72.8468,1.0,1.0,1006.0,100,8.4,0.437
2023-09-23T17:00,Santacruz_AWS,19.1197,72.8468,1.0,1.0,1007.1,100,5.1,0.433
2023-09-23T18:00,Santacruz_AWS,19.1197,72.8468,1.1,1.1,1007.6,100,2.5,0.438
2023-09-23T19:00,Santacruz_AWS,19.1197,72.8468,1.3,1.3,1007.9,100,1.8,0.429
2023-09-23T20:00,Santacruz_AWS,19.1197,72.8468,1.1,1.1,1008.5,100,2.9,0.436
2023-09-23T21:00,Santacruz_AWS,19.1197,72.8468,2.4,2.4,1008.8,100,2.2,0.439
2023-09-23T22:00,Santacruz_AWS,19.1197,72.8468,3.1,3.1,1008.9,100,0.4,0.429
2023-09-23T23:00,Santacruz_AWS,19.1197,72.8468,2.2,2.2,1008.2,100,3.2,0.434
2023-09-24T00:00,Santacruz_AWS,19.1197,72.8468,2.4,2.4,1007.8,100,3.6,0.435
2023-09-24T01:00,Santacruz_AWS,19.1197,72.8468,1.6,1.6,1007.0,100,3.2,0.434
2023-09-24T02:00,Santacruz_AWS,19.1197,72.8468,2.2,2.2,1006.8,100,3.2,0.436
2023-09-24T03:00,Santacruz_AWS,19.1197,72.8468,2.0,2.0,1006.8,100,3.1,0.438
2023-09-24T04:00,Santacruz_AWS,19.1197,72.8468,3.1,3.1,1007.0,100,7.2,0.435
2023-09-24T05:00,Santacruz_AWS,19.1197,72.8468,1.1,1.1,1007.2,98,3.9,0.422
2023-09-24T06:00,Santacruz_AWS,19.1197,72.8468,0.2,0.2,1007.6,92,1.1,0.422
2023-09-24T07:00,Santacruz_AWS,19.1197,72.8468,0.8,0.8,1008.7,100,6.5,0.429
2023-09-24T08:00,Santacruz_AWS,19.1197,72.8468,0.2,0.2,1009.4,100,8.9,0.426
2023-09-24T09:00,Santacruz_AWS,19.1197,72.8468,0.1,0.1,1009.9,100,8.6,0.423
2023-09-24T10:00,Santacruz_AWS,19.1197,72.8468,0.1,0.1,1009.7,100,6.6,0.421
2023-09-24T11:00,Santacruz_AWS,19.1197,72.8468,0.1,0.1,1009.2,100,8.6,0.418
2023-09-24T12:00,Santacruz_AWS,19.1197,72.8468,0.1,0.1,1007.9,97,9.2,0.414
2023-09-24T13:00,Santacruz_AWS,19.1197,72.8468,0.0,0.0,1006.5,46,11.4,0.41
2023-09-24T14:00,Santacruz_AWS,19.1197,72.8468,0.1,0.1,1006.0,99,10.7,0.407
2023-09-24T15:00,Santacruz_AWS,19.1197,72.8468,0.1,0.1,1005.8,96,10.3,0.405
2023-09-24T16:00,Santacruz_AWS,19.1197,72.8468,0.2,0.2,1005.6,85,9.4,0.404
2023-09-24T17:00,Santacruz_AWS,19.1197,72.8468,0.2,0.2,1006.5,99,10.5,0.425
2023-09-24T18:00,Santacruz_AWS,19.1197,72.8468,0.1,0.1,1006.8,100,9.5,0.423
2023-09-24T19:00,Santacruz_AWS,19.1197,72.8468,0.0,0.0,1007.1,100,6.5,0.42
2023-09-24T20:00,Santacruz_AWS,19.1197,72.8468,0.1,0.1,1007.7,100,4.2,0.419
2023-09-24T21:00,Santacruz_AWS,19.1197,72.8468,0.1,0.1,1008.3,100,4.6,0.417
2023-09-24T22:00,Santacruz_AWS,19.1197,72.8468,0.1,0.1,1008.2,100,4.7,0.416
2023-09-24T23:00,Santacruz_AWS,19.1197,72.8468,0.3,0.3,1007.8,100,3.3,0.419
2023-09-25T00:00,Santacruz_AWS,19.1197,72.8468,0.5,0.5,1007.0,100,2.4,0.423
2023-09-25T01:00,Santacruz_AWS,19.1197,72.8468,0.8,0.8,1006.4,100,3.4,0.429
2023-09-25T02:00,Santacruz_AWS,19.1197,72.8468,2.1,2.1,1006.2,100,3.8,0.432
2023-09-25T03:00,Santacruz_AWS,19.1197,72.8468,1.1,1.1,1006.1,88,1.3,0.438
2023-09-25T04:00,Santacruz_AWS,19.1197,72.8468,6.1,6.1,1006.5,100,2.6,0.434
2023-09-25T05:00,Santacruz_AWS,19.1197,72.8468,4.5,4.5,1006.5,100,1.5,0.427
2023-09-25T06:00,Santacruz_AWS,19.1197,72.8468,0.0,0.0,1006.8,99,1.5,0.424
2023-09-25T07:00,Santacruz_AWS,19.1197,72.8468,0.0,0.0,1007.4,100,4.8,0.422
2023-09-25T08:00,Santacruz_AWS,19.1197,72.8468,0.1,0.1,1008.6,100,7.7,0.42
2023-09-25T09:00,Santacruz_AWS,19.1197,72.8468,0.7,0.7,1008.2,96,4.9,0.424
2023-09-25T10:00,Santacruz_AWS,19.1197,72.8468,0.1,0.1,1008.1,43,7.9,0.42
2023-09-25T11:00,Santacruz_AWS,19.1197,72.8468,0.2,0.2,1008.0,50,12.2,0.417
2023-09-25T12:00,Santacruz_AWS,19.1197,72.8468,0.0,0.0,1007.0,76,11.9,0.413
2023-09-25T13:00,Santacruz_AWS,19.1197,72.8468,0.0,0.0,1006.0,66,11.7,0.409
2023-09-25T14:00,Santacruz_AWS,19.1197,72.8468,0.2,0.2,1005.1,97,13.4,0.407
2023-09-25T15:00,Santacruz_AWS,19.1197,72.8468,0.3,0.3,1004.4,92,13.7,0.407
2023-09-25T16:00,Santacruz_AWS,19.1197,72.8468,0.4,0.4,1004.1,89,15.0,0.408
2023-09-25T17:00,Santacruz_AWS,19.1197,72.8468,0.1,0.1,1004.7,100,13.3,0.393
2023-09-25T18:00,Santacruz_AWS,19.1197,72.8468,0.0,0.0,1005.3,97,6.9,0.393
2023-09-25T19:00,Santacruz_AWS,19.1197,72.8468,0.4,0.4,1006.3,99,5.6,0.396
2023-09-25T20:00,Santacruz_AWS,19.1197,72.8468,0.1,0.1,1006.5,48,2.9,0.396
2023-09-25T21:00,Santacruz_AWS,19.1197,72.8468,0.0,0.0,1007.1,33,2.5,0.396
2023-09-25T22:00,Santacruz_AWS,19.1197,72.8468,0.0,0.0,1007.4,50,5.5,0.395
2023-09-25T23:00,Santacruz_AWS,19.1197,72.8468,0.0,0.0,1007.1,96,5.6,0.395
2023-09-26T00:00,Santacruz_AWS,19.1197,72.8468,0.0,0.0,1006.4,100,3.4,0.394
2023-09-26T01:00,Santacruz_AWS,19.1197,72.8468,0.0,0.0,1006.0,38,4.0,0.394
2023-09-26T02:00,Santacruz_AWS,19.1197,72.8468,0.0,0.0,1005.4,94,5.4,0.393
2023-09-26T03:00,Santacruz_AWS,19.1197,72.8468,0.0,0.0,1005.2,100,5.3,0.393
2023-09-26T04:00,Santacruz_AWS,19.1197,72.8468,0.0,0.0,1005.5,100,3.5,0.393
2023-09-26T05:00,Santacruz_AWS,19.1197,72.8468,0.0,0.0,1005.8,100,2.5,0.403
2023-09-26T06:00,Santacruz_AWS,19.1197,72.8468,0.5,0.5,1006.1,100,0.8,0.408
2023-09-26T07:00,Santacruz_AWS,19.1197,72.8468,0.0,0.0,1006.9,99,4.3,0.406
2023-09-26T08:00,Santacruz_AWS,19.1197,72.8468,0.0,0.0,1007.6,32,5.4,0.405
2023-09-26T09:00,Santacruz_AWS,19.1197,72.8468,0.0,0.0,1007.9,91,5.9,0.403
2023-09-26T10:00,Santacruz_AWS,19.1197,72.8468,0.0,0.0,1008.0,100,6.6,0.4
2023-09-26T11:00,Santacruz_AWS,19.1197,72.8468,0.0,0.0,1007.3,100,8.1,0.398
2023-09-26T12:00,Santacruz_AWS,19.1197,72.8468,0.0,0.0,1006.3,96,10.4,0.395
2023-09-26T13:00,Santacruz_AWS,19.1197,72.8468,0.0,0.0,1005.3,95,12.7,0.391
2023-09-26T14:00,Santacruz_AWS,19.1197,72.8468,0.1,0.1,1004.6,50,12.2,0.389
2023-09-26T15:00,Santacruz_AWS,19.1197,72.8468,0.1,0.1,1004.3,71,13.4,0.387
2023-09-26T16:00,Santacruz_AWS,19.1197,72.8468,0.1,0.1,1004.4,82,10.9,0.387
2023-09-26T17:00,Santacruz_AWS,19.1197,72.8468,0.5,0.5,1004.4,100,9.7,0.383
2023-09-26T18:00,Santacruz_AWS,19.1197,72.8468,2.0,2.0,1005.6,78,4.7,0.404
2023-09-26T19:00,Santacruz_AWS,19.1197,72.8468,0.2,0.2,1006.3,93,7.4,0.404
2023-09-26T20:00,Santacruz_AWS,19.1197,72.8468,0.1,0.1,1007.2,99,5.4,0.403
2023-09-26T21:00,Santacruz_AWS,19.1197,72.8468,0.1,0.1,1007.8,100,2.9,0.402
2023-09-26T22:00,Santacruz_AWS,19.1197,72.8468,0.7,0.7,1007.9,100,2.5,0.409
2023-09-26T23:00,Santacruz_AWS,19.1197,72.8468,0.0,0.0,1007.4,100,3.9,0.406
2023-09-27T00:00,Santacruz_AWS,19.1197,72.8468,0.0,0.0,1006.5,100,4.0,0.404
2023-09-27T01:00,Santacruz_AWS,19.1197,72.8468,0.0,0.0,1005.8,100,2.9,0.403
2023-09-27T02:00,Santacruz_AWS,19.1197,72.8468,0.0,0.0,1005.4,99,2.5,0.401
2023-09-27T03:00,Santacruz_AWS,19.1197,72.8468,0.9,0.9,1005.5,100,3.3,0.411
2023-09-27T04:00,Santacruz_AWS,19.1197,72.8468,1.0,1.0,1005.7,100,0.5,0.42
2023-09-27T05:00,Santacruz_AWS,19.1197,72.8468,0.1,0.1,1005.8,100,4.4,0.382
2023-09-27T06:00,Santacruz_AWS,19.1197,72.8468,2.1,2.1,1006.7,100,9.8,0.41
2023-09-27T07:00,Santacruz_AWS,19.1197,72.8468,3.0,3.0,1007.1,100,8.8,0.434
2023-09-27T08:00,Santacruz_AWS,19.1197,72.8468,0.6,0.6,1007.5,100,4.5,0.427
2023-09-27T09:00,Santacruz_AWS,19.1197,72.8468,0.1,0.1,1007.5,78,3.9,0.421
2023-09-27T10:00,Santacruz_AWS,19.1197,72.8468,0.0,0.0,1007.2,75,3.4,0.415
2023-09-27T11:00,Santacruz_AWS,19.1197,72.8468,0.2,0.2,1006.4,50,10.9,0.412
2023-09-27T12:00,Santacruz_AWS,19.1197,72.8468,1.9,1.9,1005.4,90,9.6,0.425
2023-09-27T13:00,Santacruz_AWS,19.1197,72.8468,0.5,0.5,1004.3,96,17.0,0.421
2023-09-27T14:00,Santacruz_AWS,19.1197,72.8468,0.1,0.1,1003.9,100,15.1,0.416
2023-09-27T15:00,Santacruz_AWS,19.1197,72.8468,0.3,0.3,1003.5,100,12.2,0.415
2023-09-27T16:00,Santacruz_AWS,19.1197,72.8468,2.5,2.5,1003.4,100,11.9,0.437
2023-09-27T17:00,Santacruz_AWS,19.1197,72.8468,1.2,1.2,1004.3,100,7.3,0.432
2023-09-27T18:00,Santacruz_AWS,19.1197,72.8468,1.5,1.5,1004.6,100,6.0,0.435
2023-09-27T19:00,Santacruz_AWS,19.1197,72.8468,0.5,0.5,1004.9,100,5.8,0.433
2023-09-27T20:00,Santacruz_AWS,19.1197,72.8468,2.2,2.2,1005.6,100,5.7,0.439
2023-09-27T21:00,Santacruz_AWS,19.1197,72.8468,1.6,1.6,1006.2,100,4.0,0.439
2023-09-27T22:00,Santacruz_AWS,19.1197,72.8468,0.1,0.1,1006.1,99,6.9,0.429
2023-09-27T23:00,Santacruz_AWS,19.1197,72.8468,0.6,0.6,1005.9,97,5.0,0.432
2023-09-28T00:00,Santacruz_AWS,19.1197,72.8468,0.0,0.0,1005.1,69,3.8,0.427
2023-09-28T01:00,Santacruz_AWS,19.1197,72.8468,0.0,0.0,1004.5,32,4.0,0.424
2023-09-28T02:00,Santacruz_AWS,19.1197,72.8468,0.0,0.0,1003.9,40,3.9,0.421
2023-09-28T03:00,Santacruz_AWS,19.1197,72.8468,0.0,0.0,1003.9,39,3.6,0.418
2023-09-28T04:00,Santacruz_AWS,19.1197,72.8468,0.0,0.0,1003.7,87,4.6,0.416
2023-09-28T05:00,Santacruz_AWS,19.1197,72.8468,0.0,0.0,1004.0,93,12.7,0.414
2023-09-28T06:00,Santacruz_AWS,19.1197,72.8468,0.0,0.0,1004.9,100,6.5,0.413
2023-09-28T07:00,Santacruz_AWS,19.1197,72.8468,8.7,8.7,1005.7,100,4.1,0.439
2023-09-28T08:00,Santacruz_AWS,19.1197,72.8468,6.1,6.1,1006.2,94,5.2,0.429
2023-09-28T09:00,Santacruz_AWS,19.1197,72.8468,0.0,0.0,1006.7,100,3.8,0.424
2023-09-28T10:00,Santacruz_AWS,19.1197,72.8468,0.0,0.0,1006.2,100,9.8,0.42
2023-09-28T11:00,Santacruz_AWS,19.1197,72.8468,0.0,0.0,1005.7,98,11.5,0.416
2023-09-28T12:00,Santacruz_AWS,19.1197,72.8468,3.2,3.2,1004.7,100,11.3,0.439
2023-09-28T13:00,Santacruz_AWS,19.1197,72.8468,2.8,2.8,1003.8,100,16.1,0.429
2023-09-28T14:00,Santacruz_AWS,19.1197,72.8468,0.2,0.2,1003.2,100,20.2,0.425
2023-09-28T15:00,Santacruz_AWS,19.1197,72.8468,1.1,1.1,1002.3,100,15.4,0.43
2023-09-28T16:00,Santacruz_AWS,19.1197,72.8468,0.2,0.2,1001.8,100,12.4,0.427
2023-09-28T17:00,Santacruz_AWS,19.1197,72.8468,0.2,0.2,1002.6,100,4.2,0.416
2023-09-28T18:00,Santacruz_AWS,19.1197,72.8468,0.0,0.0,1002.9,100,4.7,0.414
2023-09-28T19:00,Santacruz_AWS,19.1197,72.8468,0.0,0.0,1003.7,100,3.9,0.413
2023-09-28T20:00,Santacruz_AWS,19.1197,72.8468,0.0,0.0,1004.5,100,3.8,0.412
2023-09-28T21:00,Santacruz_AWS,19.1197,72.8468,0.0,0.0,1004.7,100,4.3,0.411
2023-09-28T22:00,Santacruz_AWS,19.1197,72.8468,0.0,0.0,1004.5,100,4.8,0.41
2023-09-28T23:00,Santacruz_AWS,19.1197,72.8468,0.1,0.1,1004.6,100,5.9,0.41
2023-09-29T00:00,Santacruz_AWS,19.1197,72.8468,0.1,0.1,1004.2,100,4.3,0.41
2023-09-29T01:00,Santacruz_AWS,19.1197,72.8468,0.0,0.0,1003.4,88,5.5,0.409
2023-09-29T02:00,Santacruz_AWS,19.1197,72.8468,0.0,0.0,1003.2,60,5.6,0.408
2023-09-29T03:00,Santacruz_AWS,19.1197,72.8468,0.0,0.0,1003.0,82,4.1,0.407
2023-09-29T04:00,Santacruz_AWS,19.1197,72.8468,0.0,0.0,1003.0,100,5.4,0.407
2023-09-29T05:00,Santacruz_AWS,19.1197,72.8468,0.0,0.0,1003.5,98,3.3,0.399
2023-09-29T06:00,Santacruz_AWS,19.1197,72.8468,0.0,0.0,1003.8,94,3.4,0.398
2023-09-29T07:00,Santacruz_AWS,19.1197,72.8468,0.0,0.0,1004.3,98,8.1,0.398
2023-09-29T08:00,Santacruz_AWS,19.1197,72.8468,0.0,0.0,1005.1,100,6.5,0.397
2023-09-29T09:00,Santacruz_AWS,19.1197,72.8468,0.0,0.0,1005.8,100,5.5,0.396
2023-09-29T10:00,Santacruz_AWS,19.1197,72.8468,0.2,0.2,1006.0,100,4.6,0.396
2023-09-29T11:00,Santacruz_AWS,19.1197,72.8468,0.9,0.9,1005.2,99,5.3,0.402
2023-09-29T12:00,Santacruz_AWS,19.1197,72.8468,0.5,0.5,1003.5,99,9.6,0.403
2023-09-29T13:00,Santacruz_AWS,19.1197,72.8468,5.7,5.7,1002.5,85,12.4,0.439
2023-09-29T14:00,Santacruz_AWS,19.1197,72.8468,3.8,3.8,1002.5,100,10.1,0.434
2023-09-29T15:00,Santacruz_AWS,19.1197,72.8468,0.3,0.3,1001.1,100,6.5,0.429
2023-09-29T16:00,Santacruz_AWS,19.1197,72.8468,0.0,0.0,1001.0,100,7.4,0.424
2023-09-29T17:00,Santacruz_AWS,19.1197,72.8468,0.0,0.0,1001.8,100,8.9,0.436
2023-09-29T18:00,Santacruz_AWS,19.1197,72.8468,1.1,1.1,1002.6,100,9.0,0.438
2023-09-29T19:00,Santacruz_AWS,19.1197,72.8468,7.9,7.9,1003.2,100,7.1,0.433
2023-09-29T20:00,Santacruz_AWS,19.1197,72.8468,0.0,0.0,1004.4,100,5.1,0.423
2023-09-29T21:00,Santacruz_AWS,19.1197,72.8468,5.1,5.1,1005.4,100,7.8,0.439
2023-09-29T22:00,Santacruz_AWS,19.1197,72.8468,0.1,0.1,1004.8,100,4.3,0.424
2023-09-29T23:00,Santacruz_AWS,19.1197,72.8468,0.2,0.2,1004.6,99,1.8,0.423
2023-09-30T00:00,Santacruz_AWS,19.1197,72.8468,0.0,0.0,1004.2,69,2.8,0.42
2023-09-30T01:00,Santacruz_AWS,19.1197,72.8468,0.0,0.0,1003.5,70,3.3,0.418
2023-09-30T02:00,Santacruz_AWS,19.1197,72.8468,0.0,0.0,1003.4,92,2.5,0.416
2023-09-30T03:00,Santacruz_AWS,19.1197,72.8468,0.0,0.0,1003.1,80,4.0,0.415
2023-09-30T04:00,Santacruz_AWS,19.1197,72.8468,0.0,0.0,1002.9,75,4.6,0.413
2023-09-30T05:00,Santacruz_AWS,19.1197,72.8468,0.0,0.0,1002.4,70,5.6,0.404
2023-09-30T06:00,Santacruz_AWS,19.1197,72.8468,0.0,0.0,1003.5,99,5.9,0.403
2023-09-30T07:00,Santacruz_AWS,19.1197,72.8468,0.0,0.0,1003.8,91,8.5,0.403
2023-09-30T08:00,Santacruz_AWS,19.1197,72.8468,0.0,0.0,1004.6,98,6.6,0.402
2023-09-30T09:00,Santacruz_AWS,19.1197,72.8468,0.0,0.0,1005.0,100,9.4,0.401
2023-09-30T10:00,Santacruz_AWS,19.1197,72.8468,0.0,0.0,1005.0,100,10.3,0.399
2023-09-30T11:00,Santacruz_AWS,19.1197,72.8468,0.0,0.0,1004.4,100,7.7,0.395
2023-09-30T12:00,Santacruz_AWS,19.1197,72.8468,0.3,0.3,1003.8,100,6.1,0.395
2023-09-30T13:00,Santacruz_AWS,19.1197,72.8468,4.1,4.1,1002.4,99,11.6,0.439
2023-09-30T14:00,Santacruz_AWS,19.1197,72.8468,0.1,0.1,1001.5,100,14.0,0.424
2023-09-30T15:00,Santacruz_AWS,19.1197,72.8468,3.1,3.1,1001.6,100,15.3,0.439
2023-09-30T16:00,Santacruz_AWS,19.1197,72.8468,2.2,2.2,1001.8,100,5.8,0.429
2023-09-30T17:00,Santacruz_AWS,19.1197,72.8468,0.0,0.0,1001.8,100,9.8,0.383
2023-09-30T18:00,Santacruz_AWS,19.1197,72.8468,1.6,1.6,1002.3,100,7.0,0.401
2023-09-30T19:00,Santacruz_AWS,19.1197,72.8468,1.8,1.8,1002.6,100,5.9,0.421
2023-09-30T20:00,Santacruz_AWS,19.1197,72.8468,0.0,0.0,1003.0,100,5.1,0.417
2023-09-30T21:00,Santacruz_AWS,19.1197,72.8468,0.0,0.0,1003.6,100,4.3,0.414
2023-09-30T22:00,Santacruz_AWS,19.1197,72.8468,0.0,0.0,1004.0,100,2.5,0.411
2023-09-30T23:00,Santacruz_AWS,19.1197,72.8468,0.0,0.0,1004.0,100,3.8,0.409
2023-10-01T00:00,Santacruz_AWS,19.1197,72.8468,0.0,0.0,1003.6,100,10.0,0.408
2023-10-01T01:00,Santacruz_AWS,19.1197,72.8468,0.0,0.0,1002.8,100,6.6,0.406
2023-10-01T02:00,Santacruz_AWS,19.1197,72.8468,0.0,0.0,1002.2,100,4.8,0.405
2023-10-01T03:00,Santacruz_AWS,19.1197,72.8468,0.0,0.0,1001.9,100,3.5,0.404
2023-10-01T04:00,Santacruz_AWS,19.1197,72.8468,0.0,0.0,1002.2,100,2.9,0.403
2023-10-01T05:00,Santacruz_AWS,19.1197,72.8468,0.0,0.0,1003.7,100,6.2,0.386
2023-10-01T06:00,Santacruz_AWS,19.1197,72.8468,0.8,0.8,1004.1,100,4.0,0.395
2023-10-01T07:00,Santacruz_AWS,19.1197,72.8468,0.0,0.0,1004.5,100,4.0,0.395
2023-10-01T08:00,Santacruz_AWS,19.1197,72.8468,0.0,0.0,1004.9,100,3.3,0.394
2023-10-01T09:00,Santacruz_AWS,19.1197,72.8468,0.0,0.0,1005.7,100,4.2,0.393
2023-10-01T10:00,Santacruz_AWS,19.1197,72.8468,0.0,0.0,1005.8,100,4.3,0.392
2023-10-01T11:00,Santacruz_AWS,19.1197,72.8468,0.0,0.0,1005.1,100,7.8,0.39
2023-10-01T12:00,Santacruz_AWS,19.1197,72.8468,0.0,0.0,1004.3,100,11.1,0.387
2023-10-01T13:00,Santacruz_AWS,19.1197,72.8468,0.0,0.0,1003.1,100,16.3,0.384
2023-10-01T14:00,Santacruz_AWS,19.1197,72.8468,0.0,0.0,1002.4,100,17.3,0.382
2023-10-01T15:00,Santacruz_AWS,19.1197,72.8468,0.0,0.0,1001.6,100,17.5,0.381
2023-10-01T16:00,Santacruz_AWS,19.1197,72.8468,0.0,0.0,1001.6,100,16.3,0.38
2023-10-01T17:00,Santacruz_AWS,19.1197,72.8468,0.0,0.0,1002.9,100,12.4,0.376
2023-10-01T18:00,Santacruz_AWS,19.1197,72.8468,0.0,0.0,1003.5,100,11.3,0.376
2023-10-01T19:00,Santacruz_AWS,19.1197,72.8468,0.0,0.0,1004.2,100,8.3,0.376
2023-10-01T20:00,Santacruz_AWS,19.1197,72.8468,0.0,0.0,1004.9,100,6.5,0.375
2023-10-01T21:00,Santacruz_AWS,19.1197,72.8468,0.0,0.0,1005.6,100,5.2,0.375
2023-10-01T22:00,Santacruz_AWS,19.1197,72.8468,0.0,0.0,1006.1,100,3.8,0.375
2023-10-01T23:00,Santacruz_AWS,19.1197,72.8468,0.0,0.0,1006.1,100,5.8,0.375
2023-10-02T00:00,Santacruz_AWS,19.1197,72.8468,0.2,0.2,1006.2,100,7.9,0.377
2023-10-02T01:00,Santacruz_AWS,19.1197,72.8468,0.0,0.0,1005.6,100,9.7,0.376
2023-10-02T02:00,Santacruz_AWS,19.1197,72.8468,0.0,0.0,1005.2,96,11.9,0.376
2023-10-02T03:00,Santacruz_AWS,19.1197,72.8468,0.0,0.0,1004.9,100,12.1,0.376
2023-10-02T04:00,Santacruz_AWS,19.1197,72.8468,0.0,0.0,1005.1,100,11.7,0.376
2023-10-02T05:00,Santacruz_AWS,19.1197,72.8468,0.0,0.0,1006.5,62,3.6,0.377
2023-10-02T06:00,Santacruz_AWS,19.1197,72.8468,2.0,2.0,1006.5,100,5.6,0.402
2023-10-02T07:00,Santacruz_AWS,19.1197,72.8468,0.2,0.2,1007.5,100,13.0,0.402
2023-10-02T08:00,Santacruz_AWS,19.1197,72.8468,0.0,0.0,1008.8,100,5.5,0.4
2023-10-02T09:00,Santacruz_AWS,19.1197,72.8468,0.0,0.0,1009.2,100,6.6,0.398
2023-10-02T10:00,Santacruz_AWS,19.1197,72.8468,0.0,0.0,1009.3,100,10.7,0.395
2023-10-02T11:00,Santacruz_AWS,19.1197,72.8468,0.1,0.1,1008.9,100,8.9,0.393
2023-10-02T12:00,Santacruz_AWS,19.1197,72.8468,0.1,0.1,1008.2,100,10.0,0.391
2023-10-02T13:00,Santacruz_AWS,19.1197,72.8468,0.2,0.2,1007.1,99,11.6,0.39
2023-10-02T14:00,Santacruz_AWS,19.1197,72.8468,0.3,0.3,1006.3,92,13.0,0.389
2023-10-02T15:00,Santacruz_AWS,19.1197,72.8468,0.1,0.1,1005.8,91,11.6,0.387
2023-10-02T16:00,Santacruz_AWS,19.1197,72.8468,0.0,0.0,1005.8,98,11.3,0.385
2023-10-02T17:00,Santacruz_AWS,19.1197,72.8468,0.0,0.0,1006.5,96,11.2,0.367
2023-10-02T18:00,Santacruz_AWS,19.1197,72.8468,0.0,0.0,1006.7,72,8.3,0.367
2023-10-02T19:00,Santacruz_AWS,19.1197,72.8468,0.0,0.0,1007.3,69,7.6,0.366
2023-10-02T20:00,Santacruz_AWS,19.1197,72.8468,0.0,0.0,1008.0,40,5.2,0.366
2023-10-02T21:00,Santacruz_AWS,19.1197,72.8468,0.0,0.0,1008.7,46,4.5,0.366
2023-10-02T22:00,Santacruz_AWS,19.1197,72.8468,0.0,0.0,1008.9,52,5.8,0.366
2023-10-02T23:00,Santacruz_AWS,19.1197,72.8468,0.0,0.0,1008.7,60,6.2,0.366
2023-10-03T00:00,Santacruz_AWS,19.1197,72.8468,0.0,0.0,1008.5,87,5.8,0.366
2023-10-03T01:00,Santacruz_AWS,19.1197,72.8468,0.0,0.0,1008.0,99,5.1,0.365
2023-10-03T02:00,Santacruz_AWS,19.1197,72.8468,0.0,0.0,1007.7,100,4.3,0.365
2023-10-03T03:00,Santacruz_AWS,19.1197,72.8468,0.0,0.0,1007.4,100,4.0,0.365
2023-10-03T04:00,Santacruz_AWS,19.1197,72.8468,0.0,0.0,1007.6,100,3.6,0.365
2023-10-03T05:00,Santacruz_AWS,19.1197,72.8468,0.0,0.0,1008.5,100,3.1,0.363
2023-10-03T06:00,Santacruz_AWS,19.1197,72.8468,0.0,0.0,1009.1,100,3.7,0.363
2023-10-03T07:00,Santacruz_AWS,19.1197,72.8468,0.0,0.0,1009.7,99,2.7,0.363
2023-10-03T08:00,Santacruz_AWS,19.1197,72.8468,0.1,0.1,1010.1,100,4.5,0.363
2023-10-03T09:00,Santacruz_AWS,19.1197,72.8468,0.0,0.0,1010.5,98,6.5,0.362
2023-10-03T10:00,Santacruz_AWS,19.1197,72.8468,0.0,0.0,1010.3,71,6.8,0.36
2023-10-03T11:00,Santacruz_AWS,19.1197,72.8468,0.0,0.0,1009.8,50,7.9,0.357
2023-10-03T12:00,Santacruz_AWS,19.1197,72.8468,0.0,0.0,1008.5,28,10.5,0.354
2023-10-03T13:00,Santacruz_AWS,19.1197,72.8468,0.0,0.0,1007.3,49,12.0,0.351
2023-10-03T14:00,Santacruz_AWS,19.1197,72.8468,0.0,0.0,1006.7,33,12.7,0.348
2023-10-03T15:00,Santacruz_AWS,19.1197,72.8468,0.0,0.0,1006.4,30,12.6,0.345
2023-10-03T16:00,Santacruz_AWS,19.1197,72.8468,0.0,0.0,1006.5,15,12.9,0.344
2023-10-03T17:00,Santacruz_AWS,19.1197,72.8468,0.0,0.0,1007.0,8,11.9,0.343
2023-10-03T18:00,Santacruz_AWS,19.1197,72.8468,0.0,0.0,1007.5,9,7.1,0.343
2023-10-03T19:00,Santacruz_AWS,19.1197,72.8468,0.0,0.0,1008.0,14,5.6,0.343
2023-10-03T20:00,Santacruz_AWS,19.1197,72.8468,0.0,0.0,1008.8,11,5.0,0.343
2023-10-03T21:00,Santacruz_AWS,19.1197,72.8468,0.0,0.0,1009.8,17,4.3,0.343
2023-10-03T22:00,Santacruz_AWS,19.1197,72.8468,0.0,0.0,1010.2,33,4.9,0.344
2023-10-03T23:00,Santacruz_AWS,19.1197,72.8468,0.0,0.0,1010.2,32,3.7,0.344
2023-10-04T00:00,Santacruz_AWS,19.1197,72.8468,0.0,0.0,1009.8,82,2.6,0.344
2023-10-04T01:00,Santacruz_AWS,19.1197,72.8468,0.0,0.0,1009.1,100,0.4,0.344
2023-10-04T02:00,Santacruz_AWS,19.1197,72.8468,0.0,0.0,1008.3,96,0.8,0.344
2023-10-04T03:00,Santacruz_AWS,19.1197,72.8468,0.0,0.0,1008.2,100,1.8,0.344
2023-10-04T04:00,Santacruz_AWS,19.1197,72.8468,0.0,0.0,1008.2,99,3.1,0.345
2023-10-04T05:00,Santacruz_AWS,19.1197,72.8468,0.0,0.0,1008.6,96,3.7,0.347
2023-10-04T06:00,Santacruz_AWS,19.1197,72.8468,2.4,2.4,1009.9,86,8.2,0.374
2023-10-04T07:00,Santacruz_AWS,19.1197,72.8468,0.4,0.4,1010.2,17,5.8,0.377
2023-10-04T08:00,Santacruz_AWS,19.1197,72.8468,0.0,0.0,1011.0,9,3.0,0.376
2023-10-04T09:00,Santacruz_AWS,19.1197,72.8468,0.0,0.0,1011.0,33,3.9,0.374
2023-10-04T10:00,Santacruz_AWS,19.1197,72.8468,0.0,0.0,1010.7,42,3.5,0.372
2023-10-04T11:00,Santacruz_AWS,19.1197,72.8468,0.0,0.0,1010.0,40,3.9,0.368
2023-10-04T12:00,Santacruz_AWS,19.1197,72.8468,0.1,0.1,1009.3,75,9.0,0.365
2023-10-04T13:00,Santacruz_AWS,19.1197,72.8468,0.0,0.0,1008.1,74,12.3,0.361
2023-10-04T14:00,Santacruz_AWS,19.1197,72.8468,0.0,0.0,1007.4,85,14.0,0.358
2023-10-04T15:00,Santacruz_AWS,19.1197,72.8468,0.0,0.0,1007.2,84,14.5,0.355
2023-10-04T16:00,Santacruz_AWS,19.1197,72.8468,0.0,0.0,1007.5,66,12.7,0.353
2023-10-04T17:00,Santacruz_AWS,19.1197,72.8468,0.0,0.0,1007.6,69,12.9,0.333
2023-10-04T18:00,Santacruz_AWS,19.1197,72.8468,0.0,0.0,1008.0,57,12.6,0.333
2023-10-04T19:00,Santacruz_AWS,19.1197,72.8468,0.0,0.0,1008.7,48,9.4,0.333
2023-10-04T20:00,Santacruz_AWS,19.1197,72.8468,0.0,0.0,1009.7,88,5.9,0.333
2023-10-04T21:00,Santacruz_AWS,19.1197,72.8468,0.0,0.0,1010.3,93,5.1,0.333
2023-10-04T22:00,Santacruz_AWS,19.1197,72.8468,0.0,0.0,1010.5,65,6.6,0.333
2023-10-04T23:00,Santacruz_AWS,19.1197,72.8468,0.0,0.0,1010.3,19,0.8,0.334
2023-10-05T00:00,Santacruz_AWS,19.1197,72.8468,0.0,0.0,1010.0,22,4.0,0.334
2023-10-05T01:00,Santacruz_AWS,19.1197,72.8468,0.0,0.0,1009.3,48,2.3,0.334
2023-10-05T02:00,Santacruz_AWS,19.1197,72.8468,0.0,0.0,1008.9,90,1.3,0.334
2023-10-05T03:00,Santacruz_AWS,19.1197,72.8468,0.0,0.0,1008.6,84,3.4,0.334
2023-10-05T04:00,Santacruz_AWS,19.1197,72.8468,0.0,0.0,1008.6,90,3.9,0.335
2023-10-05T05:00,Santacruz_AWS,19.1197,72.8468,0.0,0.0,1008.9,100,4.4,0.334
2023-10-05T06:00,Santacruz_AWS,19.1197,72.8468,0.0,0.0,1009.7,95,5.8,0.335
2023-10-05T07:00,Santacruz_AWS,19.1197,72.8468,0.0,0.0,1010.0,58,7.6,0.335
2023-10-05T08:00,Santacruz_AWS,19.1197,72.8468,0.0,0.0,1010.6,50,7.6,0.334
2023-10-05T09:00,Santacruz_AWS,19.1197,72.8468,0.0,0.0,1010.8,30,6.5,0.333
2023-10-05T10:00,Santacruz_AWS,19.1197,72.8468,0.1,0.1,1010.5,16,6.5,0.332
2023-10-05T11:00,Santacruz_AWS,19.1197,72.8468,0.0,0.0,1009.7,18,8.5,0.33
2023-10-05T12:00,Santacruz_AWS,19.1197,72.8468,0.0,0.0,1008.7,13,10.7,0.327
2023-10-05T13:00,Santacruz_AWS,19.1197,72.8468,0.0,0.0,1007.9,57,12.9,0.324
2023-10-05T14:00,Santacruz_AWS,19.1197,72.8468,0.0,0.0,1007.0,80,14.1,0.322
2023-10-05T15:00,Santacruz_AWS,19.1197,72.8468,0.0,0.0,1006.5,100,14.9,0.319
2023-10-05T16:00,Santacruz_AWS,19.1197,72.8468,0.0,0.0,1006.5,98,15.1,0.318
2023-10-05T17:00,Santacruz_AWS,19.1197,72.8468,0.0,0.0,1007.1,63,15.8,0.318
2023-10-05T18:00,Santacruz_AWS,19.1197,72.8468,0.0,0.0,1007.1,95,14.6,0.318
2023-10-05T19:00,Santacruz_AWS,19.1197,72.8468,0.0,0.0,1007.7,94,14.1,0.318
2023-10-05T20:00,Santacruz_AWS,19.1197,72.8468,0.0,0.0,1008.6,87,12.1,0.318
2023-10-05T21:00,Santacruz_AWS,19.1197,72.8468,0.0,0.0,1009.3,16,8.1,0.318
2023-10-05T22:00,Santacruz_AWS,19.1197,72.8468,0.0,0.0,1009.6,14,7.4,0.318
2023-10-05T23:00,Santacruz_AWS,19.1197,72.8468,0.0,0.0,1009.5,49,4.8,0.319
2023-10-06T00:00,Santacruz_AWS,19.1197,72.8468,0.0,0.0,1009.0,69,4.2,0.319
2023-10-06T01:00,Santacruz_AWS,19.1197,72.8468,0.0,0.0,1008.5,91,2.8,0.319
2023-10-06T02:00,Santacruz_AWS,19.1197,72.8468,0.0,0.0,1008.0,77,3.6,0.319
2023-10-06T03:00,Santacruz_AWS,19.1197,72.8468,0.0,0.0,1007.7,100,2.9,0.319
2023-10-06T04:00,Santacruz_AWS,19.1197,72.8468,0.0,0.0,1007.8,100,4.8,0.32
2023-10-06T05:00,Santacruz_AWS,19.1197,72.8468,0.0,0.0,1008.1,100,4.2,0.322
2023-10-06T06:00,Santacruz_AWS,19.1197,72.8468,0.0,0.0,1008.8,98,4.8,0.322
2023-10-06T07:00,Santacruz_AWS,19.1197,72.8468,0.0,0.0,1009.4,77,3.4,0.322
2023-10-06T08:00,Santacruz_AWS,19.1197,72.8468,0.0,0.0,1009.7,10,6.2,0.322
2023-10-06T09:00,Santacruz_AWS,19.1197,72.8468,0.0,0.0,1009.9,27,8.0,0.321
2023-10-06T10:00,Santacruz_AWS,19.1197,72.8468,0.1,0.1,1009.7,23,8.1,0.32
2023-10-06T11:00,Santacruz_AWS,19.1197,72.8468,0.2,0.2,1008.8,41,7.7,0.319
2023-10-06T12:00,Santacruz_AWS,19.1197,72.8468,0.1,0.1,1007.9,42,9.9,0.317
2023-10-06T13:00,Santacruz_AWS,19.1197,72.8468,0.2,0.2,1006.7,43,13.2,0.316
2023-10-06T14:00,Santacruz_AWS,19.1197,72.8468,0.1,0.1,1006.1,25,15.3,0.314
2023-10-06T15:00,Santacruz_AWS,19.1197,72.8468,0.0,0.0,1005.8,13,16.5,0.313
2023-10-06T16:00,Santacruz_AWS,19.1197,72.8468,0.0,0.0,1006.0,7,16.8,0.311
2023-10-06T17:00,Santacruz_AWS,19.1197,72.8468,0.0,0.0,1006.6,10,14.5,0.308
2023-10-06T18:00,Santacruz_AWS,19.1197,72.8468,0.0,0.0,1006.7,7,14.0,0.308
2023-10-06T19:00,Santacruz_AWS,19.1197,72.8468,0.0,0.0,1007.4,2,12.0,0.308
2023-10-06T20:00,Santacruz_AWS,19.1197,72.8468,0.0,0.0,1008.0,1,10.5,0.308
2023-10-06T21:00,Santacruz_AWS,19.1197,72.8468,0.0,0.0,1008.4,1,8.9,0.308
2023-10-06T22:00,Santacruz_AWS,19.1197,72.8468,0.0,0.0,1008.5,5,5.6,0.308
2023-10-06T23:00,Santacruz_AWS,19.1197,72.8468,0.0,0.0,1008.3,8,6.3,0.308
2023-10-07T00:00,Santacruz_AWS,19.1197,72.8468,0.0,0.0,1007.9,11,5.7,0.309
2023-10-07T01:00,Santacruz_AWS,19.1197,72.8468,0.0,0.0,1007.6,22,4.8,0.309
2023-10-07T02:00,Santacruz_AWS,19.1197,72.8468,0.0,0.0,1007.4,77,4.8,0.309
2023-10-07T03:00,Santacruz_AWS,19.1197,72.8468,0.0,0.0,1007.1,94,5.4,0.309
2023-10-07T04:00,Santacruz_AWS,19.1197,72.8468,0.0,0.0,1007.2,57,4.6,0.31
2023-10-07T05:00,Santacruz_AWS,19.1197,72.8468,0.0,0.0,1007.8,72,5.7,0.311
2023-10-07T06:00,Santacruz_AWS,19.1197,72.8468,0.0,0.0,1008.5,99,6.0,0.311
2023-10-07T07:00,Santacruz_AWS,19.1197,72.8468,0.0,0.0,1009.0,93,7.7,0.311
2023-10-07T08:00,Santacruz_AWS,19.1197,72.8468,0.0,0.0,1009.6,8,7.4,0.311
2023-10-07T09:00,Santacruz_AWS,19.1197,72.8468,0.0,0.0,1009.7,18,8.7,0.31
2023-10-07T10:00,Santacruz_AWS,19.1197,72.8468,0.0,0.0,1009.5,17,6.8,0.308
2023-10-07T11:00,Santacruz_AWS,19.1197,72.8468,0.1,0.1,1008.8,31,8.0,0.306
2023-10-07T12:00,Santacruz_AWS,19.1197,72.8468,0.1,0.1,1007.9,54,11.8,0.304
2023-10-07T13:00,Santacruz_AWS,19.1197,72.8468,0.0,0.0,1007.0,27,16.1,0.302
2023-10-07T14:00,Santacruz_AWS,19.1197,72.8468,0.0,0.0,1006.3,18,18.1,0.299
2023-10-07T15:00,Santacruz_AWS,19.1197,72.8468,0.0,0.0,1006.0,29,17.2,0.297
2023-10-07T16:00,Santacruz_AWS,19.1197,72.8468,0.0,0.0,1006.2,9,16.1,0.296
2023-10-07T17:00,Santacruz_AWS,19.1197,72.8468,0.0,0.0,1006.8,4,15.4,0.292
2023-10-07T18:00,Santacruz_AWS,19.1197,72.8468,0.0,0.0,1007.5,12,14.3,0.292
2023-10-07T19:00,Santacruz_AWS,19.1197,72.8468,0.0,0.0,1008.2,9,14.3,0.292
2023-10-07T20:00,Santacruz_AWS,19.1197,72.8468,0.0,0.0,1008.8,7,13.9,0.292
2023-10-07T21:00,Santacruz_AWS,19.1197,72.8468,0.0,0.0,1009.2,82,11.7,0.293
2023-10-07T22:00,Santacruz_AWS,19.1197,72.8468,0.0,0.0,1009.5,96,9.0,0.293
2023-10-07T23:00,Santacruz_AWS,19.1197,72.8468,0.0,0.0,1009.4,90,6.8,0.293
2023-10-08T00:00,Santacruz_AWS,19.1197,72.8468,0.0,0.0,1009.0,85,5.8,0.293
2023-10-08T01:00,Santacruz_AWS,19.1197,72.8468,0.0,0.0,1008.7,22,6.5,0.293
2023-10-08T02:00,Santacruz_AWS,19.1197,72.8468,0.0,0.0,1008.2,19,8.4,0.294
2023-10-08T03:00,Santacruz_AWS,19.1197,72.8468,0.0,0.0,1008.0,1,9.9,0.294
2023-10-08T04:00,Santacruz_AWS,19.1197,72.8468,0.0,0.0,1008.1,3,9.8,0.294
2023-10-08T05:00,Santacruz_AWS,19.1197,72.8468,0.0,0.0,1008.2,15,9.1,0.293
2023-10-08T06:00,Santacruz_AWS,19.1197,72.8468,0.0,0.0,1009.0,0,8.7,0.293
2023-10-08T07:00,Santacruz_AWS,19.1197,72.8468,0.0,0.0,1009.4,0,9.6,0.293
2023-10-08T08:00,Santacruz_AWS,19.1197,72.8468,0.0,0.0,1010.0,2,8.7,0.293
2023-10-08T09:00,Santacruz_AWS,19.1197,72.8468,0.0,0.0,1010.3,2,9.4,0.292
2023-10-08T10:00,Santacruz_AWS,19.1197,72.8468,0.0,0.0,1010.4,1,9.5,0.29
2023-10-08T11:00,Santacruz_AWS,19.1197,72.8468,0.0,0.0,1009.5,0,10.8,0.287
2023-10-08T12:00,Santacruz_AWS,19.1197,72.8468,0.0,0.0,1008.6,3,13.7,0.285
2023-10-08T13:00,Santacruz_AWS,19.1197,72.8468,0.0,0.0,1007.7,25,16.1,0.282
2023-10-08T14:00,Santacruz_AWS,19.1197,72.8468,0.3,0.3,1007.3,29,17.5,0.283
2023-10-08T15:00,Santacruz_AWS,19.1197,72.8468,0.0,0.0,1007.2,28,18.0,0.282
2023-10-08T16:00,Santacruz_AWS,19.1197,72.8468,0.0,0.0,1007.3,22,15.3,0.281
2023-10-08T17:00,Santacruz_AWS,19.1197,72.8468,0.0,0.0,1007.3,18,13.7,0.276
2023-10-08T18:00,Santacruz_AWS,19.1197,72.8468,0.0,0.0,1007.9,12,11.4,0.276
2023-10-08T19:00,Santacruz_AWS,19.1197,72.8468,0.0,0.0,1008.8,5,11.9,0.276
2023-10-08T20:00,Santacruz_AWS,19.1197,72.8468,0.0,0.0,1009.7,0,10.9,0.276
2023-10-08T21:00,Santacruz_AWS,19.1197,72.8468,0.0,0.0,1010.1,1,9.7,0.277
2023-10-08T22:00,Santacruz_AWS,19.1197,72.8468,0.0,0.0,1010.3,1,8.6,0.277
2023-10-08T23:00,Santacruz_AWS,19.1197,72.8468,0.0,0.0,1009.9,0,6.4,0.277
2023-10-09T00:00,Santacruz_AWS,19.1197,72.8468,0.0,0.0,1009.6,0,6.5,0.277
2023-10-09T01:00,Santacruz_AWS,19.1197,72.8468,0.0,0.0,1009.2,0,6.3,0.278
2023-10-09T02:00,Santacruz_AWS,19.1197,72.8468,0.0,0.0,1008.7,16,7.3,0.278
2023-10-09T03:00,Santacruz_AWS,19.1197,72.8468,0.0,0.0,1008.8,25,7.3,0.278
2023-10-09T04:00,Santacruz_AWS,19.1197,72.8468,0.0,0.0,1009.1,20,7.4,0.278
2023-10-09T05:00,Santacruz_AWS,19.1197,72.8468,0.0,0.0,1009.6,14,8.1,0.277
2023-10-09T06:00,Santacruz_AWS,19.1197,72.8468,0.0,0.0,1010.4,16,11.2,0.277
2023-10-09T07:00,Santacruz_AWS,19.1197,72.8468,0.0,0.0,1011.3,4,12.7,0.277
2023-10-09T08:00,Santacruz_AWS,19.1197,72.8468,0.0,0.0,1012.1,5,11.2,0.276
2023-10-09T09:00,Santacruz_AWS,19.1197,72.8468,0.0,0.0,1012.4,0,11.2,0.275
2023-10-09T10:00,Santacruz_AWS,19.1197,72.8468,0.0,0.0,1012.3,0,10.5,0.273
2023-10-09T11:00,Santacruz_AWS,19.1197,72.8468,0.0,0.0,1011.7,0,10.4,0.271
2023-10-09T12:00,Santacruz_AWS,19.1197,72.8468,0.0,0.0,1010.7,13,13.0,0.268
2023-10-09T13:00,Santacruz_AWS,19.1197,72.8468,0.0,0.0,1009.6,12,15.6,0.266
2023-10-09T14:00,Santacruz_AWS,19.1197,72.8468,0.0,0.0,1008.7,11,16.3,0.263
2023-10-09T15:00,Santacruz_AWS,19.1197,72.8468,0.0,0.0,1008.2,11,16.4,0.261
2023-10-09T16:00,Santacruz_AWS,19.1197,72.8468,0.0,0.0,1008.2,12,15.8,0.26
2023-10-09T17:00,Santacruz_AWS,19.1197,72.8468,0.0,0.0,1008.6,8,14.1,0.258
2023-10-09T18:00,Santacruz_AWS,19.1197,72.8468,0.0,0.0,1008.8,3,13.1,0.258
2023-10-09T19:00,Santacruz_AWS,19.1197,72.8468,0.0,0.0,1009.5,1,12.1,0.258
2023-10-09T20:00,Santacruz_AWS,19.1197,72.8468,0.0,0.0,1010.3,1,11.4,0.258
2023-10-09T21:00,Santacruz_AWS,19.1197,72.8468,0.0,0.0,1010.7,1,9.7,0.259
2023-10-09T22:00,Santacruz_AWS,19.1197,72.8468,0.0,0.0,1010.9,0,8.1,0.259
2023-10-09T23:00,Santacruz_AWS,19.1197,72.8468,0.0,0.0,1010.5,0,7.9,0.259
2023-10-10T00:00,Santacruz_AWS,19.1197,72.8468,0.0,0.0,1010.2,0,7.3,0.259
2023-10-10T01:00,Santacruz_AWS,19.1197,72.8468,0.0,0.0,1009.7,1,5.9,0.259
2023-10-10T02:00,Santacruz_AWS,19.1197,72.8468,0.0,0.0,1009.4,2,7.3,0.259
2023-10-10T03:00,Santacruz_AWS,19.1197,72.8468,0.0,0.0,1009.4,0,6.6,0.26
2023-10-10T04:00,Santacruz_AWS,19.1197,72.8468,0.0,0.0,1009.5,0,7.6,0.26
2023-10-10T05:00,Santacruz_AWS,19.1197,72.8468,0.0,0.0,1010.1,0,6.7,0.262
2023-10-10T06:00,Santacruz_AWS,19.1197,72.8468,0.0,0.0,1010.5,2,6.9,0.262
2023-10-10T07:00,Santacruz_AWS,19.1197,72.8468,0.0,0.0,1011.5,0,8.9,0.263
2023-10-10T08:00,Santacruz_AWS,19.1197,72.8468,0.0,0.0,1012.2,0,8.5,0.262
2023-10-10T09:00,Santacruz_AWS,19.1197,72.8468,0.0,0.0,1012.6,0,10.7,0.261
2023-10-10T10:00,Santacruz_AWS,19.1197,72.8468,0.0,0.0,1012.3,0,11.2,0.259
2023-10-10T11:00,Santacruz_AWS,19.1197,72.8468,0.0,0.0,1011.6,0,11.6,0.257
2023-10-10T12:00,Santacruz_AWS,19.1197,72.8468,0.0,0.0,1010.5,10,13.9,0.255
2023-10-10T13:00,Santacruz_AWS,19.1197,72.8468,0.0,0.0,1009.6,13,15.5,0.252
2023-10-10T14:00,Santacruz_AWS,19.1197,72.8468,0.0,0.0,1008.7,8,16.4,0.25
2023-10-10T15:00,Santacruz_AWS,19.1197,72.8468,0.0,0.0,1008.2,11,18.3,0.248
2023-10-10T16:00,Santacruz_AWS,19.1197,72.8468,0.0,0.0,1007.9,12,19.1,0.247
2023-10-10T17:00,Santacruz_AWS,19.1197,72.8468,0.0,0.0,1008.4,7,19.4,0.245
2023-10-10T18:00,Santacruz_AWS,19.1197,72.8468,0.0,0.0,1008.7,7,18.2,0.245
2023-10-10T19:00,Santacruz_AWS,19.1197,72.8468,0.0,0.0,1009.2,5,16.9,0.246
2023-10-10T20:00,Santacruz_AWS,19.1197,72.8468,0.0,0.0,1010.0,4,12.2,0.246
2023-10-10T21:00,Santacruz_AWS,19.1197,72.8468,0.0,0.0,1010.6,2,9.4,0.246
2023-10-10T22:00,Santacruz_AWS,19.1197,72.8468,0.0,0.0,1010.7,0,6.9,0.246
2023-10-10T23:00,Santacruz_AWS,19.1197,72.8468,0.0,0.0,1010.7,0,7.6,0.246
2023-10-11T00:00,Santacruz_AWS,19.1197,72.8468,0.0,0.0,1010.4,4,7.7,0.246
2023-10-11T01:00,Santacruz_AWS,19.1197,72.8468,0.0,0.0,1009.8,18,10.1,0.246
2023-10-11T02:00,Santacruz_AWS,19.1197,72.8468,0.0,0.0,1009.4,3,10.1,0.246
2023-10-11T03:00,Santacruz_AWS,19.1197,72.8468,0.0,0.0,1009.1,0,9.7,0.247
2023-10-11T04:00,Santacruz_AWS,19.1197,72.8468,0.0,0.0,1009.2,1,9.8,0.247
2023-10-11T05:00,Santacruz_AWS,19.1197,72.8468,0.0,0.0,1009.9,3,8.4,0.246
2023-10-11T06:00,Santacruz_AWS,19.1197,72.8468,0.0,0.0,1010.3,0,8.4,0.246
2023-10-11T07:00,Santacruz_AWS,19.1197,72.8468,0.0,0.0,1011.2,0,9.6,0.246
2023-10-11T08:00,Santacruz_AWS,19.1197,72.8468,0.0,0.0,1011.8,0,9.1,0.246
2023-10-11T09:00,Santacruz_AWS,19.1197,72.8468,0.0,0.0,1012.2,0,9.4,0.245
2023-10-11T10:00,Santacruz_AWS,19.1197,72.8468,0.0,0.0,1012.1,0,10.6,0.244
2023-10-11T11:00,Santacruz_AWS,19.1197,72.8468,0.0,0.0,1011.2,0,13.5,0.242
2023-10-11T12:00,Santacruz_AWS,19.1197,72.8468,0.0,0.0,1010.1,0,16.1,0.239
2023-10-11T13:00,Santacruz_AWS,19.1197,72.8468,0.0,0.0,1009.2,25,19.5,0.237
2023-10-11T14:00,Santacruz_AWS,19.1197,72.8468,0.0,0.0,1008.3,13,20.3,0.236
2023-10-11T15:00,Santacruz_AWS,19.1197,72.8468,0.0,0.0,1008.1,10,19.0,0.234
2023-10-11T16:00,Santacruz_AWS,19.1197,72.8468,0.0,0.0,1008.4,9,18.5,0.233
2023-10-11T17:00,Santacruz_AWS,19.1197,72.8468,0.0,0.0,1008.6,7,18.3,0.23
2023-10-11T18:00,Santacruz_AWS,19.1197,72.8468,0.0,0.0,1008.8,7,16.8,0.23
2023-10-11T19:00,Santacruz_AWS,19.1197,72.8468,0.0,0.0,1009.2,1,16.3,0.231
2023-10-11T20:00,Santacruz_AWS,19.1197,72.8468,0.0,0.0,1010.0,1,13.3,0.231
2023-10-11T21:00,Santacruz_AWS,19.1197,72.8468,0.0,0.0,1010.7,0,9.4,0.231
2023-10-11T22:00,Santacruz_AWS,19.1197,72.8468,0.0,0.0,1010.7,0,7.2,0.231
2023-10-11T23:00,Santacruz_AWS,19.1197,72.8468,0.0,0.0,1010.2,0,6.2,0.232
2023-10-12T00:00,Santacruz_AWS,19.1197,72.8468,0.0,0.0,1009.8,0,6.1,0.232
2023-10-12T01:00,Santacruz_AWS,19.1197,72.8468,0.0,0.0,1009.3,0,5.2,0.232
2023-10-12T02:00,Santacruz_AWS,19.1197,72.8468,0.0,0.0,1009.1,0,6.7,0.232
2023-10-12T03:00,Santacruz_AWS,19.1197,72.8468,0.0,0.0,1009.0,0,5.4,0.233
2023-10-12T04:00,Santacruz_AWS,19.1197,72.8468,0.0,0.0,1009.1,1,7.2,0.233
2023-10-12T05:00,Santacruz_AWS,19.1197,72.8468,0.0,0.0,1009.5,2,9.1,0.233
2023-10-12T06:00,Santacruz_AWS,19.1197,72.8468,0.0,0.0,1010.2,55,9.7,0.233
2023-10-12T07:00,Santacruz_AWS,19.1197,72.8468,0.0,0.0,1010.9,30,9.1,0.233
2023-10-12T08:00,Santacruz_AWS,19.1197,72.8468,0.0,0.0,1011.5,20,9.0,0.233
2023-10-12T09:00,Santacruz_AWS,19.1197,72.8468,0.0,0.0,1012.0,28,10.7,0.233
2023-10-12T10:00,Santacruz_AWS,19.1197,72.8468,0.0,0.0,1012.0,3,10.2,0.231
2023-10-12T11:00,Santacruz_AWS,19.1197,72.8468,0.0,0.0,1011.2,0,11.6,0.229
2023-10-12T12:00,Santacruz_AWS,19.1197,72.8468,0.0,0.0,1010.3,0,13.8,0.228
2023-10-12T13:00,Santacruz_AWS,19.1197,72.8468,0.0,0.0,1009.3,3,16.5,0.226
2023-10-12T14:00,Santacruz_AWS,19.1197,72.8468,0.0,0.0,1008.6,27,16.6,0.224
2023-10-12T15:00,Santacruz_AWS,19.1197,72.8468,0.0,0.0,1008.6,10,16.1,0.223
2023-10-12T16:00,Santacruz_AWS,19.1197,72.8468,0.0,0.0,1008.8,22,13.5,0.222
2023-10-12T17:00,Santacruz_AWS,19.1197,72.8468,0.0,0.0,1008.5,6,16.3,0.221
2023-10-12T18:00,Santacruz_AWS,19.1197,72.8468,0.0,0.0,1008.9,6,15.1,0.221
2023-10-12T19:00,Santacruz_AWS,19.1197,72.8468,0.0,0.0,1009.5,13,11.7,0.221
2023-10-12T20:00,Santacruz_AWS,19.1197,72.8468,0.0,0.0,1010.6,2,11.3,0.221
2023-10-12T21:00,Santacruz_AWS,19.1197,72.8468,0.0,0.0,1011.1,1,9.0,0.222
2023-10-12T22:00,Santacruz_AWS,19.1197,72.8468,0.0,0.0,1011.0,0,5.9,0.222
2023-10-12T23:00,Santacruz_AWS,19.1197,72.8468,0.0,0.0,1010.8,8,6.5,0.222
2023-10-13T00:00,Santacruz_AWS,19.1197,72.8468,0.0,0.0,1010.6,11,3.7,0.222
2023-10-13T01:00,Santacruz_AWS,19.1197,72.8468,0.0,0.0,1010.1,2,3.4,0.223
2023-10-13T02:00,Santacruz_AWS,19.1197,72.8468,0.0,0.0,1009.5,1,4.6,0.223
2023-10-13T03:00,Santacruz_AWS,19.1197,72.8468,0.0,0.0,1009.3,0,6.6,0.223
2023-10-13T04:00,Santacruz_AWS,19.1197,72.8468,0.0,0.0,1009.3,5,6.8,0.223
2023-10-13T05:00,Santacruz_AWS,19.1197,72.8468,0.0,0.0,1009.9,2,4.0,0.222
2023-10-13T06:00,Santacruz_AWS,19.1197,72.8468,0.0,0.0,1010.9,80,5.0,0.222
2023-10-13T07:00,Santacruz_AWS,19.1197,72.8468,0.0,0.0,1011.6,78,5.3,0.222
2023-10-13T08:00,Santacruz_AWS,19.1197,72.8468,0.0,0.0,1012.1,9,5.9,0.222
2023-10-13T09:00,Santacruz_AWS,19.1197,72.8468,0.0,0.0,1012.4,1,7.9,0.222
2023-10-13T10:00,Santacruz_AWS,19.1197,72.8468,0.0,0.0,1012.2,2,8.0,0.22
2023-10-13T11:00,Santacruz_AWS,19.1197,72.8468,0.0,0.0,1011.6,15,5.9,0.218
2023-10-13T12:00,Santacruz_AWS,19.1197,72.8468,0.0,0.0,1010.6,21,5.9,0.216
2023-10-13T13:00,Santacruz_AWS,19.1197,72.8468,0.0,0.0,1009.7,15,9.7,0.214
2023-10-13T14:00,Santacruz_AWS,19.1197,72.8468,0.0,0.0,1008.9,15,13.2,0.213
2023-10-13T15:00,Santacruz_AWS,19.1197,72.8468,0.0,0.0,1008.5,20,13.5,0.212
2023-10-13T16:00,Santacruz_AWS,19.1197,72.8468,0.0,0.0,1008.8,15,14.3,0.211
2023-10-13T17:00,Santacruz_AWS,19.1197,72.8468,0.0,0.0,1008.5,13,17.2,0.209
2023-10-13T18:00,Santacruz_AWS,19.1197,72.8468,0.0,0.0,1008.7,5,15.8,0.209
2023-10-13T19:00,Santacruz_AWS,19.1197,72.8468,0.0,0.0,1009.6,21,14.8,0.21
2023-10-13T20:00,Santacruz_AWS,19.1197,72.8468,0.0,0.0,1010.7,12,10.3,0.21
2023-10-13T21:00,Santacruz_AWS,19.1197,72.8468,0.0,0.0,1011.2,3,8.0,0.21
2023-10-13T22:00,Santacruz_AWS,19.1197,72.8468,0.0,0.0,1011.3,3,7.5,0.21
2023-10-13T23:00,Santacruz_AWS,19.1197,72.8468,0.0,0.0,1011.1,13,5.1,0.21
2023-10-14T00:00,Santacruz_AWS,19.1197,72.8468,0.0,0.0,1010.6,3,5.9,0.211
2023-10-14T01:00,Santacruz_AWS,19.1197,72.8468,0.0,0.0,1010.1,37,5.4,0.211
2023-10-14T02:00,Santacruz_AWS,19.1197,72.8468,0.0,0.0,1009.6,1,6.0,0.211
2023-10-14T03:00,Santacruz_AWS,19.1197,72.8468,0.0,0.0,1009.2,1,4.8,0.211
2023-10-14T04:00,Santacruz_AWS,19.1197,72.8468,0.0,0.0,1009.6,0,0.8,0.211
2023-10-14T05:00,Santacruz_AWS,19.1197,72.8468,0.0,0.0,1010.1,3,3.4,0.21
2023-10-14T06:00,Santacruz_AWS,19.1197,72.8468,0.0,0.0,1011.0,53,4.5,0.21
2023-10-14T07:00,Santacruz_AWS,19.1197,72.8468,0.0,0.0,1011.5,75,5.3,0.21
2023-10-14T08:00,Santacruz_AWS,19.1197,72.8468,0.0,0.0,1012.1,38,5.4,0.21
2023-10-14T09:00,Santacruz_AWS,19.1197,72.8468,0.0,0.0,1012.6,50,4.8,0.21
2023-10-14T10:00,Santacruz_AWS,19.1197,72.8468,0.0,0.0,1012.6,37,4.3,0.208
2023-10-14T11:00,Santacruz_AWS,19.1197,72.8468,0.0,0.0,1011.8,0,2.8,0.207
2023-10-14T12:00,Santacruz_AWS,19.1197,72.8468,0.0,0.0,1010.6,6,4.6,0.205
2023-10-14T13:00,Santacruz_AWS,19.1197,72.8468,0.0,0.0,1009.6,15,5.5,0.203
2023-10-14T14:00,Santacruz_AWS,19.1197,72.8468,0.0,0.0,1009.0,15,9.3,0.202
2023-10-14T15:00,Santacruz_AWS,19.1197,72.8468,0.0,0.0,1008.5,9,10.1,0.201
2023-10-14T16:00,Santacruz_AWS,19.1197,72.8468,0.0,0.0,1008.4,15,14.0,0.2
2023-10-14T17:00,Santacruz_AWS,19.1197,72.8468,0.0,0.0,1009.0,13,10.8,0.204
2023-10-14T18:00,Santacruz_AWS,19.1197,72.8468,0.0,0.0,1009.2,15,14.2,0.204
2023-10-14T19:00,Santacruz_AWS,19.1197,72.8468,0.0,0.0,1009.9,3,13.8,0.204
2023-10-14T20:00,Santacruz_AWS,19.1197,72.8468,0.0,0.0,1010.5,0,12.5,0.204
2023-10-14T21:00,Santacruz_AWS,19.1197,72.8468,0.0,0.0,1010.9,1,10.8,0.204
2023-10-14T22:00,Santacruz_AWS,19.1197,72.8468,0.0,0.0,1011.1,2,8.7,0.205
2023-10-14T23:00,Santacruz_AWS,19.1197,72.8468,0.0,0.0,1010.7,1,6.9,0.205
2023-10-15T00:00,Santacruz_AWS,19.1197,72.8468,0.0,0.0,1010.1,8,6.1,0.205
2023-10-15T01:00,Santacruz_AWS,19.1197,72.8468,0.0,0.0,1009.5,28,5.1,0.205
2023-10-15T02:00,Santacruz_AWS,19.1197,72.8468,0.0,0.0,1009.2,36,4.9,0.205
2023-10-15T03:00,Santacruz_AWS,19.1197,72.8468,0.0,0.0,1008.7,34,2.4,0.206
2023-10-15T04:00,Santacruz_AWS,19.1197,72.8468,0.0,0.0,1008.9,28,4.3,0.206
2023-10-15T05:00,Santacruz_AWS,19.1197,72.8468,0.0,0.0,1009.6,27,4.4,0.204
2023-10-15T06:00,Santacruz_AWS,19.1197,72.8468,0.0,0.0,1009.9,100,4.0,0.205
2023-10-15T07:00,Santacruz_AWS,19.1197,72.8468,0.0,0.0,1010.7,100,7.2,0.205
2023-10-15T08:00,Santacruz_AWS,19.1197,72.8468,0.0,0.0,1011.2,43,11.0,0.205
2023-10-15T09:00,Santacruz_AWS,19.1197,72.8468,0.0,0.0,1011.3,7,9.0,0.204
2023-10-15T10:00,Santacruz_AWS,19.1197,72.8468,0.0,0.0,1011.0,2,6.5,0.203
2023-10-15T11:00,Santacruz_AWS,19.1197,72.8468,0.0,0.0,1010.0,3,6.9,0.202
2023-10-15T12:00,Santacruz_AWS,19.1197,72.8468,0.0,0.0,1008.7,11,6.8,0.2
2023-10-15T13:00,Santacruz_AWS,19.1197,72.8468,0.0,0.0,1007.6,31,10.5,0.198
2023-10-15T14:00,Santacruz_AWS,19.1197,72.8468,0.6,0.6,1007.1,69,19.2,0.202
2023-10-15T15:00,Santacruz_AWS,19.1197,72.8468,0.1,0.1,1006.5,16,13.3,0.201
2023-10-15T16:00,Santacruz_AWS,19.1197,72.8468,0.0,0.0,1006.7,5,12.3,0.2
2023-10-15T17:00,Santacruz_AWS,19.1197,72.8468,0.0,0.0,1006.9,5,13.5,0.199
2023-10-15T18:00,Santacruz_AWS,19.1197,72.8468,0.0,0.0,1006.8,8,11.8,0.199
2023-10-15T19:00,Santacruz_AWS,19.1197,72.8468,0.0,0.0,1007.7,9,12.9,0.2
2023-10-15T20:00,Santacruz_AWS,19.1197,72.8468,0.0,0.0,1008.7,1,11.3,0.2
2023-10-15T21:00,Santacruz_AWS,19.1197,72.8468,0.0,0.0,1009.1,0,7.6,0.2
2023-10-15T22:00,Santacruz_AWS,19.1197,72.8468,0.0,0.0,1009.2,1,7.9,0.2
2023-10-15T23:00,Santacruz_AWS,19.1197,72.8468,0.0,0.0,1008.9,19,6.9,0.2
2023-10-16T00:00,Santacruz_AWS,19.1197,72.8468,0.0,0.0,1008.9,22,1.8,0.2
2023-10-16T01:00,Santacruz_AWS,19.1197,72.8468,0.0,0.0,1008.3,21,3.6,0.2
2023-10-16T02:00,Santacruz_AWS,19.1197,72.8468,0.0,0.0,1007.9,3,5.8,0.2
2023-10-16T03:00,Santacruz_AWS,19.1197,72.8468,0.0,0.0,1007.8,11,5.6,0.201
2023-10-16T04:00,Santacruz_AWS,19.1197,72.8468,0.0,0.0,1007.9,100,4.7,0.201
2023-10-16T05:00,Santacruz_AWS,19.1197,72.8468,0.0,0.0,1008.6,79,5.5,0.201
2023-10-16T06:00,Santacruz_AWS,19.1197,72.8468,0.0,0.0,1009.4,3,4.7,0.201
2023-10-16T07:00,Santacruz_AWS,19.1197,72.8468,0.0,0.0,1009.8,1,5.4,0.201
2023-10-16T08:00,Santacruz_AWS,19.1197,72.8468,0.0,0.0,1010.1,8,5.8,0.201
2023-10-16T09:00,Santacruz_AWS,19.1197,72.8468,0.0,0.0,1011.0,5,9.2,0.2
2023-10-16T10:00,Santacruz_AWS,19.1197,72.8468,0.0,0.0,1010.8,4,1.6,0.199
2023-10-16T11:00,Santacruz_AWS,19.1197,72.8468,0.0,0.0,1009.9,2,3.4,0.197
2023-10-16T12:00,Santacruz_AWS,19.1197,72.8468,0.0,0.0,1008.9,0,7.2,0.195
2023-10-16T13:00,Santacruz_AWS,19.1197,72.8468,0.0,0.0,1008.0,2,7.0,0.193
2023-10-16T14:00,Santacruz_AWS,19.1197,72.8468,0.0,0.0,1007.4,0,9.2,0.192
2023-10-16T15:00,Santacruz_AWS,19.1197,72.8468,0.0,0.0,1007.2,1,15.5,0.191
2023-10-16T16:00,Santacruz_AWS,19.1197,72.8468,0.0,0.0,1006.9,1,10.6,0.19
2023-10-16T17:00,Santacruz_AWS,19.1197,72.8468,0.0,0.0,1007.1,0,11.8,0.194
2023-10-16T18:00,Santacruz_AWS,19.1197,72.8468,0.0,0.0,1007.4,4,12.4,0.194
2023-10-16T19:00,Santacruz_AWS,19.1197,72.8468,0.0,0.0,1008.0,15,11.8,0.194
2023-10-16T20:00,Santacruz_AWS,19.1197,72.8468,0.0,0.0,1008.9,3,10.0,0.194
2023-10-16T21:00,Santacruz_AWS,19.1197,72.8468,0.0,0.0,1009.6,2,8.7,0.194
2023-10-16T22:00,Santacruz_AWS,19.1197,72.8468,0.0,0.0,1009.8,15,6.9,0.194
2023-10-16T23:00,Santacruz_AWS,19.1197,72.8468,0.0,0.0,1009.6,40,8.6,0.194
2023-10-17T00:00,Santacruz_AWS,19.1197,72.8468,0.0,0.0,1009.2,17,8.0,0.194
2023-10-17T01:00,Santacruz_AWS,19.1197,72.8468,0.0,0.0,1008.8,5,6.3,0.194
2023-10-17T02:00,Santacruz_AWS,19.1197,72.8468,0.0,0.0,1008.4,4,5.8,0.194
2023-10-17T03:00,Santacruz_AWS,19.1197,72.8468,0.0,0.0,1008.3,2,7.1,0.194
2023-10-17T04:00,Santacruz_AWS,19.1197,72.8468,0.0,0.0,1008.5,6,7.9,0.194
2023-10-17T05:00,Santacruz_AWS,19.1197,72.8468,0.0,0.0,1009.4,8,6.3,0.198
2023-10-17T06:00,Santacruz_AWS,19.1197,72.8468,0.0,0.0,1010.1,5,7.1,0.198
2023-10-17T07:00,Santacruz_AWS,19.1197,72.8468,0.0,0.0,1010.8,1,7.9,0.198
2023-10-17T08:00,Santacruz_AWS,19.1197,72.8468,0.0,0.0,1011.6,13,9.3,0.197
2023-10-17T09:00,Santacruz_AWS,19.1197,72.8468,0.0,0.0,1012.2,13,5.4,0.196
2023-10-17T10:00,Santacruz_AWS,19.1197,72.8468,0.0,0.0,1012.2,13,6.6,0.195
2023-10-17T11:00,Santacruz_AWS,19.1197,72.8468,0.0,0.0,1011.5,12,9.5,0.194
2023-10-17T12:00,Santacruz_AWS,19.1197,72.8468,0.0,0.0,1010.5,7,6.6,0.192
2023-10-17T13:00,Santacruz_AWS,19.1197,72.8468,0.0,0.0,1009.5,7,3.0,0.191
2023-10-17T14:00,Santacruz_AWS,19.1197,72.8468,0.0,0.0,1008.7,7,5.4,0.189
2023-10-17T15:00,Santacruz_AWS,19.1197,72.8468,0.0,0.0,1008.5,4,6.1,0.188
2023-10-17T16:00,Santacruz_AWS,19.1197,72.8468,0.8,0.8,1008.8,44,4.7,0.194
2023-10-17T17:00,Santacruz_AWS,19.1197,72.8468,0.2,0.2,1009.0,1,7.7,0.196
2023-10-17T18:00,Santacruz_AWS,19.1197,72.8468,0.0,0.0,1009.2,0,7.2,0.196
2023-10-17T19:00,Santacruz_AWS,19.1197,72.8468,0.0,0.0,1009.5,0,8.0,0.196
2023-10-17T20:00,Santacruz_AWS,19.1197,72.8468,0.0,0.0,1010.4,0,5.9,0.196
2023-10-17T21:00,Santacruz_AWS,19.1197,72.8468,0.0,0.0,1011.0,0,7.3,0.197
2023-10-17T22:00,Santacruz_AWS,19.1197,72.8468,0.0,0.0,1011.2,0,6.8,0.197
2023-10-17T23:00,Santacruz_AWS,19.1197,72.8468,0.0,0.0,1011.0,0,8.0,0.197
2023-10-18T00:00,Santacruz_AWS,19.1197,72.8468,0.0,0.0,1010.6,0,5.5,0.197
2023-10-18T01:00,Santacruz_AWS,19.1197,72.8468,0.0,0.0,1010.1,0,6.3,0.197
2023-10-18T02:00,Santacruz_AWS,19.1197,72.8468,0.0,0.0,1009.8,0,6.1,0.197
2023-10-18T03:00,Santacruz_AWS,19.1197,72.8468,0.0,0.0,1010.0,0,4.8,0.197
2023-10-18T04:00,Santacruz_AWS,19.1197,72.8468,0.0,0.0,1010.2,0,5.6,0.197
2023-10-18T05:00,Santacruz_AWS,19.1197,72.8468,0.0,0.0,1010.7,0,6.0,0.196
2023-10-18T06:00,Santacruz_AWS,19.1197,72.8468,0.0,0.0,1011.3,1,7.4,0.196
2023-10-18T07:00,Santacruz_AWS,19.1197,72.8468,0.0,0.0,1011.8,0,6.5,0.196
2023-10-18T08:00,Santacruz_AWS,19.1197,72.8468,0.0,0.0,1012.3,0,5.4,0.196
2023-10-18T09:00,Santacruz_AWS,19.1197,72.8468,0.0,0.0,1012.8,0,5.2,0.196
2023-10-18T10:00,Santacruz_AWS,19.1197,72.8468,0.0,0.0,1012.7,0,3.9,0.194
2023-10-18T11:00,Santacruz_AWS,19.1197,72.8468,0.0,0.0,1012.2,6,2.7,0.193
2023-10-18T12:00,Santacruz_AWS,19.1197,72.8468,0.0,0.0,1011.3,11,2.5,0.191
2023-10-18T13:00,Santacruz_AWS,19.1197,72.8468,0.0,0.0,1010.3,29,3.1,0.189
2023-10-18T14:00,Santacruz_AWS,19.1197,72.8468,0.0,0.0,1009.3,1,9.6,0.188
2023-10-18T15:00,Santacruz_AWS,19.1197,72.8468,0.0,0.0,1008.7,1,14.0,0.187
2023-10-18T16:00,Santacruz_AWS,19.1197,72.8468,0.0,0.0,1008.6,3,13.8,0.186
2023-10-18T17:00,Santacruz_AWS,19.1197,72.8468,0.0,0.0,1008.8,2,18.1,0.187
2023-10-18T18:00,Santacruz_AWS,19.1197,72.8468,0.0,0.0,1009.4,6,15.9,0.187
2023-10-18T19:00,Santacruz_AWS,19.1197,72.8468,0.0,0.0,1010.0,6,17.0,0.187
2023-10-18T20:00,Santacruz_AWS,19.1197,72.8468,0.0,0.0,1010.6,1,14.8,0.187
2023-10-18T21:00,Santacruz_AWS,19.1197,72.8468,0.0,0.0,1011.1,1,14.6,0.187
2023-10-18T22:00,Santacruz_AWS,19.1197,72.8468,0.0,0.0,1011.3,0,15.0,0.187
2023-10-18T23:00,Santacruz_AWS,19.1197,72.8468,0.0,0.0,1011.1,17,13.0,0.187
2023-10-19T00:00,Santacruz_AWS,19.1197,72.8468,0.0,0.0,1010.7,75,11.7,0.187
2023-10-19T01:00,Santacruz_AWS,19.1197,72.8468,0.0,0.0,1010.2,96,9.7,0.186
2023-10-19T02:00,Santacruz_AWS,19.1197,72.8468,0.0,0.0,1009.6,99,5.6,0.186
2023-10-19T03:00,Santacruz_AWS,19.1197,72.8468,0.0,0.0,1009.4,56,6.4,0.186
2023-10-19T04:00,Santacruz_AWS,19.1197,72.8468,0.0,0.0,1009.6,99,7.4,0.187
2023-10-19T05:00,Santacruz_AWS,19.1197,72.8468,0.0,0.0,1010.5,18,8.4,0.187
2023-10-19T06:00,Santacruz_AWS,19.1197,72.8468,0.0,0.0,1010.9,0,7.7,0.187
2023-10-19T07:00,Santacruz_AWS,19.1197,72.8468,0.0,0.0,1011.4,0,7.6,0.187
2023-10-19T08:00,Santacruz_AWS,19.1197,72.8468,0.0,0.0,1011.9,0,6.7,0.187
2023-10-19T09:00,Santacruz_AWS,19.1197,72.8468,0.0,0.0,1012.2,0,6.0,0.186
2023-10-19T10:00,Santacruz_AWS,19.1197,72.8468,0.0,0.0,1012.4,0,5.5,0.185
2023-10-19T11:00,Santacruz_AWS,19.1197,72.8468,0.0,0.0,1011.8,0,4.7,0.183
2023-10-19T12:00,Santacruz_AWS,19.1197,72.8468,0.0,0.0,1011.0,17,5.9,0.182
2023-10-19T13:00,Santacruz_AWS,19.1197,72.8468,0.0,0.0,1010.0,16,10.9,0.18
2023-10-19T14:00,Santacruz_AWS,19.1197,72.8468,0.0,0.0,1009.0,19,14.6,0.179
2023-10-19T15:00,Santacruz_AWS,19.1197,72.8468,0.0,0.0,1008.4,25,16.1,0.178
2023-10-19T16:00,Santacruz_AWS,19.1197,72.8468,0.0,0.0,1008.5,13,13.9,0.177
2023-10-19T17:00,Santacruz_AWS,19.1197,72.8468,0.0,0.0,1008.6,9,14.1,0.175
2023-10-19T18:00,Santacruz_AWS,19.1197,72.8468,0.0,0.0,1008.8,3,11.9,0.175
2023-10-19T19:00,Santacruz_AWS,19.1197,72.8468,0.0,0.0,1009.6,2,13.8,0.175
2023-10-19T20:00,Santacruz_AWS,19.1197,72.8468,0.0,0.0,1010.5,2,11.6,0.175
2023-10-19T21:00,Santacruz_AWS,19.1197,72.8468,0.0,0.0,1011.1,3,9.2,0.175
2023-10-19T22:00,Santacruz_AWS,19.1197,72.8468,0.0,0.0,1011.3,3,6.5,0.175
2023-10-19T23:00,Santacruz_AWS,19.1197,72.8468,0.0,0.0,1011.2,74,8.4,0.175
2023-10-20T00:00,Santacruz_AWS,19.1197,72.8468,0.0,0.0,1010.8,79,6.6,0.175
2023-10-20T01:00,Santacruz_AWS,19.1197,72.8468,0.0,0.0,1010.3,1,6.1,0.175
2023-10-20T02:00,Santacruz_AWS,19.1197,72.8468,0.0,0.0,1009.7,2,7.2,0.175
2023-10-20T03:00,Santacruz_AWS,19.1197,72.8468,0.0,0.0,1009.6,4,9.7,0.176
2023-10-20T04:00,Santacruz_AWS,19.1197,72.8468,0.0,0.0,1009.6,68,6.8,0.176
2023-10-20T05:00,Santacruz_AWS,19.1197,72.8468,0.0,0.0,1009.8,2,10.5,0.172
2023-10-20T06:00,Santacruz_AWS,19.1197,72.8468,0.0,0.0,1010.3,0,7.6,0.172
2023-10-20T07:00,Santacruz_AWS,19.1197,72.8468,0.0,0.0,1011.3,1,7.6,0.172
2023-10-20T08:00,Santacruz_AWS,19.1197,72.8468,0.0,0.0,1011.8,2,9.8,0.172
2023-10-20T09:00,Santacruz_AWS,19.1197,72.8468,0.0,0.0,1012.1,0,10.8,0.171
2023-10-20T10:00,Santacruz_AWS,19.1197,72.8468,0.0,0.0,1011.9,12,9.7,0.17
2023-10-20T11:00,Santacruz_AWS,19.1197,72.8468,0.0,0.0,1011.0,8,6.9,0.169
2023-10-20T12:00,Santacruz_AWS,19.1197,72.8468,0.0,0.0,1010.0,1,4.7,0.168
2023-10-20T13:00,Santacruz_AWS,19.1197,72.8468,0.0,0.0,1008.9,18,4.6,0.167
2023-10-20T14:00,Santacruz_AWS,19.1197,72.8468,0.0,0.0,1008.3,26,8.3,0.166
2023-10-20T15:00,Santacruz_AWS,19.1197,72.8468,0.0,0.0,1007.8,26,7.9,0.165
2023-10-20T16:00,Santacruz_AWS,19.1197,72.8468,0.0,0.0,1008.0,6,7.6,0.165
2023-10-20T17:00,Santacruz_AWS,19.1197,72.8468,0.0,0.0,1008.7,7,8.2,0.166
2023-10-20T18:00,Santacruz_AWS,19.1197,72.8468,0.0,0.0,1009.1,1,7.6,0.167
2023-10-20T19:00,Santacruz_AWS,19.1197,72.8468,0.0,0.0,1009.9,1,8.0,0.167
2023-10-20T20:00,Santacruz_AWS,19.1197,72.8468,0.0,0.0,1010.5,2,9.7,0.167
2023-10-20T21:00,Santacruz_AWS,19.1197,72.8468,0.0,0.0,1011.0,0,9.4,0.167
2023-10-20T22:00,Santacruz_AWS,19.1197,72.8468,0.0,0.0,1011.0,2,7.6,0.167
2023-10-20T23:00,Santacruz_AWS,19.1197,72.8468,0.0,0.0,1010.8,12,5.2,0.167
2023-10-21T00:00,Santacruz_AWS,19.1197,72.8468,0.0,0.0,1010.6,9,6.2,0.167
2023-10-21T01:00,Santacruz_AWS,19.1197,72.8468,0.0,0.0,1010.1,7,7.8,0.167
2023-10-21T02:00,Santacruz_AWS,19.1197,72.8468,0.0,0.0,1009.8,7,6.4,0.167
2023-10-21T03:00,Santacruz_AWS,19.1197,72.8468,0.0,0.0,1009.5,4,7.1,0.168
2023-10-21T04:00,Santacruz_AWS,19.1197,72.8468,0.0,0.0,1009.6,1,8.1,0.168
2023-10-21T05:00,Santacruz_AWS,19.1197,72.8468,0.0,0.0,1010.1,5,6.8,0.169
2023-10-21T06:00,Santacruz_AWS,19.1197,72.8468,0.0,0.0,1010.6,6,6.8,0.169
2023-10-21T07:00,Santacruz_AWS,19.1197,72.8468,0.0,0.0,1012.1,77,10.5,0.169
2023-10-21T08:00,Santacruz_AWS,19.1197,72.8468,0.0,0.0,1012.6,49,2.9,0.169
2023-10-21T09:00,Santacruz_AWS,19.1197,72.8468,0.0,0.0,1012.9,41,9.7,0.169
2023-10-21T10:00,Santacruz_AWS,19.1197,72.8468,0.0,0.0,1012.4,7,12.3,0.168
2023-10-21T11:00,Santacruz_AWS,19.1197,72.8468,0.0,0.0,1011.4,2,10.5,0.167
2023-10-21T12:00,Santacruz_AWS,19.1197,72.8468,0.0,0.0,1010.5,13,6.8,0.166
2023-10-21T13:00,Santacruz_AWS,19.1197,72.8468,0.0,0.0,1009.5,6,5.2,0.165
2023-10-21T14:00,Santacruz_AWS,19.1197,72.8468,0.1,0.1,1008.8,33,7.2,0.165
2023-10-21T15:00,Santacruz_AWS,19.1197,72.8468,0.0,0.0,1008.4,26,7.6,0.164
2023-10-21T16:00,Santacruz_AWS,19.1197,72.8468,0.0,0.0,1009.0,32,5.1,0.163
2023-10-21T17:00,Santacruz_AWS,19.1197,72.8468,0.0,0.0,1009.9,16,11.9,0.164
2023-10-21T18:00,Santacruz_AWS,19.1197,72.8468,0.0,0.0,1010.2,3,11.4,0.164
2023-10-21T19:00,Santacruz_AWS,19.1197,72.8468,0.0,0.0,1010.5,5,8.4,0.164
2023-10-21T20:00,Santacruz_AWS,19.1197,72.8468,0.0,0.0,1011.4,3,10.9,0.164
2023-10-21T21:00,Santacruz_AWS,19.1197,72.8468,0.0,0.0,1011.9,27,8.8,0.164
2023-10-21T22:00,Santacruz_AWS,19.1197,72.8468,0.0,0.0,1012.0,95,6.7,0.164
2023-10-21T23:00,Santacruz_AWS,19.1197,72.8468,0.0,0.0,1011.8,87,6.9,0.164
2023-10-22T00:00,Santacruz_AWS,19.1197,72.8468,0.0,0.0,1011.4,34,7.6,0.164
2023-10-22T01:00,Santacruz_AWS,19.1197,72.8468,0.0,0.0,1011.0,17,5.9,0.164
2023-10-22T02:00,Santacruz_AWS,19.1197,72.8468,0.0,0.0,1010.7,71,5.5,0.165
2023-10-22T03:00,Santacruz_AWS,19.1197,72.8468,0.0,0.0,1010.6,73,5.5,0.165
2023-10-22T04:00,Santacruz_AWS,19.1197,72.8468,0.0,0.0,1010.8,97,7.0,0.165
2023-10-22T05:00,Santacruz_AWS,19.1197,72.8468,0.0,0.0,1011.7,97,5.2,0.164
2023-10-22T06:00,Santacruz_AWS,19.1197,72.8468,0.0,0.0,1012.2,97,4.3,0.164
2023-10-22T07:00,Santacruz_AWS,19.1197,72.8468,0.0,0.0,1012.8,95,7.0,0.164
2023-10-22T08:00,Santacruz_AWS,19.1197,72.8468,0.0,0.0,1013.1,94,6.0,0.163
2023-10-22T09:00,Santacruz_AWS,19.1197,72.8468,0.0,0.0,1013.4,95,7.4,0.163
2023-10-22T10:00,Santacruz_AWS,19.1197,72.8468,0.0,0.0,1013.3,61,6.6,0.162
2023-10-22T11:00,Santacruz_AWS,19.1197,72.8468,0.0,0.0,1012.4,48,3.6,0.161
2023-10-22T12:00,Santacruz_AWS,19.1197,72.8468,0.0,0.0,1011.4,51,3.8,0.16
2023-10-22T13:00,Santacruz_AWS,19.1197,72.8468,0.0,0.0,1010.4,39,4.6,0.16
2023-10-22T14:00,Santacruz_AWS,19.1197,72.8468,0.0,0.0,1009.4,59,8.0,0.159
2023-10-22T15:00,Santacruz_AWS,19.1197,72.8468,0.0,0.0,1009.2,81,11.8,0.158
2023-10-22T16:00,Santacruz_AWS,19.1197,72.8468,0.0,0.0,1009.5,92,13.0,0.158
2023-10-22T17:00,Santacruz_AWS,19.1197,72.8468,0.0,0.0,1009.6,56,13.0,0.166
2023-10-22T18:00,Santacruz_AWS,19.1197,72.8468,0.0,0.0,1009.7,97,14.5,0.166
2023-10-22T19:00,Santacruz_AWS,19.1197,72.8468,0.0,0.0,1010.5,84,14.2,0.166
2023-10-22T20:00,Santacruz_AWS,19.1197,72.8468,0.0,0.0,1011.3,92,11.2,0.166
2023-10-22T21:00,Santacruz_AWS,19.1197,72.8468,0.0,0.0,1011.8,35,6.8,0.166
2023-10-22T22:00,Santacruz_AWS,19.1197,72.8468,0.0,0.0,1011.8,87,5.6,0.166
2023-10-22T23:00,Santacruz_AWS,19.1197,72.8468,0.0,0.0,1011.5,98,7.4,0.166
2023-10-23T00:00,Santacruz_AWS,19.1197,72.8468,0.0,0.0,1011.3,92,5.4,0.166
2023-10-23T01:00,Santacruz_AWS,19.1197,72.8468,0.0,0.0,1010.7,95,4.3,0.167
2023-10-23T02:00,Santacruz_AWS,19.1197,72.8468,0.0,0.0,1010.2,95,5.5,0.167
2023-10-23T03:00,Santacruz_AWS,19.1197,72.8468,0.0,0.0,1010.0,94,4.7,0.167
2023-10-23T04:00,Santacruz_AWS,19.1197,72.8468,0.0,0.0,1010.0,90,5.9,0.167
2023-10-23T05:00,Santacruz_AWS,19.1197,72.8468,0.0,0.0,1010.8,67,4.7,0.17
2023-10-23T06:00,Santacruz_AWS,19.1197,72.8468,0.0,0.0,1011.2,80,6.8,0.17
2023-10-23T07:00,Santacruz_AWS,19.1197,72.8468,0.0,0.0,1011.9,68,9.8,0.17
2023-10-23T08:00,Santacruz_AWS,19.1197,72.8468,0.0,0.0,1012.0,95,7.6,0.17
2023-10-23T09:00,Santacruz_AWS,19.1197,72.8468,0.0,0.0,1012.2,93,7.2,0.169
2023-10-23T10:00,Santacruz_AWS,19.1197,72.8468,0.0,0.0,1012.2,84,7.7,0.168
2023-10-23T11:00,Santacruz_AWS,19.1197,72.8468,0.0,0.0,1011.0,46,7.3,0.167
2023-10-23T12:00,Santacruz_AWS,19.1197,72.8468,0.0,0.0,1009.7,26,4.7,0.166
2023-10-23T13:00,Santacruz_AWS,19.1197,72.8468,0.0,0.0,1008.9,31,2.0,0.165
2023-10-23T14:00,Santacruz_AWS,19.1197,72.8468,0.0,0.0,1007.9,61,8.7,0.164
2023-10-23T15:00,Santacruz_AWS,19.1197,72.8468,0.0,0.0,1007.4,81,10.1,0.163
2023-10-23T16:00,Santacruz_AWS,19.1197,72.8468,0.0,0.0,1007.5,72,13.8,0.163
2023-10-23T17:00,Santacruz_AWS,19.1197,72.8468,0.0,0.0,1008.1,51,17.6,0.162
2023-10-23T18:00,Santacruz_AWS,19.1197,72.8468,0.0,0.0,1008.4,89,18.7,0.162
2023-10-23T19:00,Santacruz_AWS,19.1197,72.8468,0.0,0.0,1008.9,94,17.9,0.162
2023-10-23T20:00,Santacruz_AWS,19.1197,72.8468,0.0,0.0,1009.7,100,13.6,0.162
2023-10-23T21:00,Santacruz_AWS,19.1197,72.8468,0.0,0.0,1010.1,98,10.7,0.162
2023-10-23T22:00,Santacruz_AWS,19.1197,72.8468,0.0,0.0,1010.2,96,6.0,0.162
2023-10-23T23:00,Santacruz_AWS,19.1197,72.8468,0.0,0.0,1009.9,92,7.4,0.162
2023-10-24T00:00,Santacruz_AWS,19.1197,72.8468,0.0,0.0,1009.4,88,8.0,0.162
2023-10-24T01:00,Santacruz_AWS,19.1197,72.8468,0.0,0.0,1009.1,92,7.9,0.162
2023-10-24T02:00,Santacruz_AWS,19.1197,72.8468,0.0,0.0,1008.8,53,6.9,0.162
2023-10-24T03:00,Santacruz_AWS,19.1197,72.8468,0.0,0.0,1008.7,11,4.6,0.162
2023-10-24T04:00,Santacruz_AWS,19.1197,72.8468,0.0,0.0,1009.0,32,4.4,0.162
2023-10-24T05:00,Santacruz_AWS,19.1197,72.8468,0.0,0.0,1009.7,62,7.0,0.165
2023-10-24T06:00,Santacruz_AWS,19.1197,72.8468,0.0,0.0,1010.2,81,5.2,0.165
2023-10-24T07:00,Santacruz_AWS,19.1197,72.8468,0.0,0.0,1010.8,67,7.4,0.165
2023-10-24T08:00,Santacruz_AWS,19.1197,72.8468,0.0,0.0,1011.3,32,6.8,0.165
2023-10-24T09:00,Santacruz_AWS,19.1197,72.8468,0.0,0.0,1011.6,6,7.0,0.165
2023-10-24T10:00,Santacruz_AWS,19.1197,72.8468,0.0,0.0,1011.5,29,7.3,0.164
2023-10-24T11:00,Santacruz_AWS,19.1197,72.8468,0.0,0.0,1010.4,59,5.8,0.163
2023-10-24T12:00,Santacruz_AWS,19.1197,72.8468,0.0,0.0,1009.4,85,3.1,0.162
2023-10-24T13:00,Santacruz_AWS,19.1197,72.8468,0.0,0.0,1008.6,92,2.4,0.161
2023-10-24T14:00,Santacruz_AWS,19.1197,72.8468,0.0,0.0,1007.9,90,6.0,0.16
2023-10-24T15:00,Santacruz_AWS,19.1197,72.8468,0.0,0.0,1007.5,88,10.2,0.159
2023-10-24T16:00,Santacruz_AWS,19.1197,72.8468,0.0,0.0,1007.9,89,12.9,0.159
2023-10-24T17:00,Santacruz_AWS,19.1197,72.8468,0.0,0.0,1008.4,89,14.1,0.159
2023-10-24T18:00,Santacruz_AWS,19.1197,72.8468,0.0,0.0,1008.4,89,16.5,0.156
2023-10-24T19:00,Santacruz_AWS,19.1197,72.8468,0.0,0.0,1009.2,70,15.1,0.156
2023-10-24T20:00,Santacruz_AWS,19.1197,72.8468,0.0,0.0,1010.1,38,12.9,0.156
2023-10-24T21:00,Santacruz_AWS,19.1197,72.8468,0.0,0.0,1010.4,77,12.8,0.156
2023-10-24T22:00,Santacruz_AWS,19.1197,72.8468,0.0,0.0,1010.4,90,11.5,0.156
2023-10-24T23:00,Santacruz_AWS,19.1197,72.8468,0.0,0.0,1010.4,47,7.3,0.156
2023-10-25T00:00,Santacruz_AWS,19.1197,72.8468,0.0,0.0,1010.1,76,7.6,0.156
2023-10-25T01:00,Santacruz_AWS,19.1197,72.8468,0.0,0.0,1009.7,21,7.9,0.156
2023-10-25T02:00,Santacruz_AWS,19.1197,72.8468,0.0,0.0,1009.4,25,7.2,0.156
2023-10-25T03:00,Santacruz_AWS,19.1197,72.8468,0.0,0.0,1009.4,33,8.2,0.156
2023-10-25T04:00,Santacruz_AWS,19.1197,72.8468,0.0,0.0,1009.8,59,7.2,0.156
2023-10-25T05:00,Santacruz_AWS,19.1197,72.8468,0.0,0.0,1010.2,61,6.9,0.156
2023-10-25T06:00,Santacruz_AWS,19.1197,72.8468,0.0,0.0,1011.4,81,6.3,0.169
2023-10-25T07:00,Santacruz_AWS,19.1197,72.8468,0.0,0.0,1012.4,77,6.8,0.169
2023-10-25T08:00,Santacruz_AWS,19.1197,72.8468,0.0,0.0,1013.1,10,6.7,0.169
2023-10-25T09:00,Santacruz_AWS,19.1197,72.8468,0.0,0.0,1013.4,19,6.4,0.168
2023-10-25T10:00,Santacruz_AWS,19.1197,72.8468,0.0,0.0,1013.5,35,5.6,0.167
2023-10-25T11:00,Santacruz_AWS,19.1197,72.8468,0.0,0.0,1012.5,35,5.2,0.166
2023-10-25T12:00,Santacruz_AWS,19.1197,72.8468,0.0,0.0,1011.6,49,4.0,0.165
2023-10-25T13:00,Santacruz_AWS,19.1197,72.8468,0.0,0.0,1010.7,59,6.9,0.164
2023-10-25T14:00,Santacruz_AWS,19.1197,72.8468,0.0,0.0,1009.9,58,10.2,0.163
2023-10-25T15:00,Santacruz_AWS,19.1197,72.8468,0.0,0.0,1009.3,30,12.1,0.162
2023-10-25T16:00,Santacruz_AWS,19.1197,72.8468,0.0,0.0,1009.4,49,16.4,0.162
2023-10-25T17:00,Santacruz_AWS,19.1197,72.8468,0.0,0.0,1009.8,63,14.0,0.162
2023-10-25T18:00,Santacruz_AWS,19.1197,72.8468,0.0,0.0,1010.1,9,15.4,0.156
2023-10-25T19:00,Santacruz_AWS,19.1197,72.8468,0.0,0.0,1011.1,4,15.1,0.156
2023-10-25T20:00,Santacruz_AWS,19.1197,72.8468,0.0,0.0,1011.7,1,12.2,0.156
2023-10-25T21:00,Santacruz_AWS,19.1197,72.8468,0.0,0.0,1011.9,0,8.7,0.156
2023-10-25T22:00,Santacruz_AWS,19.1197,72.8468,0.0,0.0,1012.3,0,9.3,0.156
2023-10-25T23:00,Santacruz_AWS,19.1197,72.8468,0.0,0.0,1012.1,0,8.4,0.156
2023-10-26T00:00,Santacruz_AWS,19.1197,72.8468,0.0,0.0,1011.7,0,8.7,0.156
2023-10-26T01:00,Santacruz_AWS,19.1197,72.8468,0.0,0.0,1011.3,0,7.1,0.156
2023-10-26T02:00,Santacruz_AWS,19.1197,72.8468,0.0,0.0,1010.6,1,7.2,0.156
2023-10-26T03:00,Santacruz_AWS,19.1197,72.8468,0.0,0.0,1010.4,15,8.4,0.157
2023-10-26T04:00,Santacruz_AWS,19.1197,72.8468,0.0,0.0,1010.4,43,7.7,0.157
2023-10-26T05:00,Santacruz_AWS,19.1197,72.8468,0.0,0.0,1010.7,49,7.8,0.157
2023-10-26T06:00,Santacruz_AWS,19.1197,72.8468,0.0,0.0,1011.8,6,7.3,0.164
2023-10-26T07:00,Santacruz_AWS,19.1197,72.8468,0.0,0.0,1012.7,11,9.7,0.164
2023-10-26T08:00,Santacruz_AWS,19.1197,72.8468,0.0,0.0,1013.3,14,8.3,0.164
2023-10-26T09:00,Santacruz_AWS,19.1197,72.8468,0.0,0.0,1013.8,2,6.0,0.163
2023-10-26T10:00,Santacruz_AWS,19.1197,72.8468,0.0,0.0,1014.0,0,4.4,0.163
2023-10-26T11:00,Santacruz_AWS,19.1197,72.8468,0.0,0.0,1013.3,33,4.7,0.162
2023-10-26T12:00,Santacruz_AWS,19.1197,72.8468,0.0,0.0,1012.0,34,5.5,0.161
2023-10-26T13:00,Santacruz_AWS,19.1197,72.8468,0.0,0.0,1010.7,46,3.7,0.16
2023-10-26T14:00,Santacruz_AWS,19.1197,72.8468,0.0,0.0,1009.7,71,2.6,0.159
2023-10-26T15:00,Santacruz_AWS,19.1197,72.8468,0.0,0.0,1009.0,74,8.3,0.158
2023-10-26T16:00,Santacruz_AWS,19.1197,72.8468,0.0,0.0,1009.5,94,19.9,0.158
2023-10-26T17:00,Santacruz_AWS,19.1197,72.8468,0.0,0.0,1009.7,90,14.6,0.157
2023-10-26T18:00,Santacruz_AWS,19.1197,72.8468,0.0,0.0,1010.0,48,16.6,0.152
2023-10-26T19:00,Santacruz_AWS,19.1197,72.8468,0.0,0.0,1010.9,25,16.6,0.152
2023-10-26T20:00,Santacruz_AWS,19.1197,72.8468,0.0,0.0,1011.5,6,16.5,0.152
2023-10-26T21:00,Santacruz_AWS,19.1197,72.8468,0.0,0.0,1011.6,1,14.8,0.152
2023-10-26T22:00,Santacruz_AWS,19.1197,72.8468,0.0,0.0,1011.9,0,10.7,0.152
2023-10-26T23:00,Santacruz_AWS,19.1197,72.8468,0.0,0.0,1011.8,0,6.6,0.152
2023-10-27T00:00,Santacruz_AWS,19.1197,72.8468,0.0,0.0,1011.1,7,9.2,0.152
2023-10-27T01:00,Santacruz_AWS,19.1197,72.8468,0.0,0.0,1010.4,26,7.6,0.152
2023-10-27T02:00,Santacruz_AWS,19.1197,72.8468,0.0,0.0,1009.8,40,7.6,0.152
2023-10-27T03:00,Santacruz_AWS,19.1197,72.8468,0.0,0.0,1009.7,51,9.3,0.152
2023-10-27T04:00,Santacruz_AWS,19.1197,72.8468,0.0,0.0,1010.0,51,5.1,0.152
2023-10-27T05:00,Santacruz_AWS,19.1197,72.8468,0.0,0.0,1010.2,48,6.6,0.152
2023-10-27T06:00,Santacruz_AWS,19.1197,72.8468,0.0,0.0,1010.8,39,4.5,0.157
2023-10-27T07:00,Santacruz_AWS,19.1197,72.8468,0.0,0.0,1011.6,23,8.5,0.157
2023-10-27T08:00,Santacruz_AWS,19.1197,72.8468,0.0,0.0,1012.3,13,9.3,0.157
2023-10-27T09:00,Santacruz_AWS,19.1197,72.8468,0.0,0.0,1012.7,11,8.5,0.157
2023-10-27T10:00,Santacruz_AWS,19.1197,72.8468,0.0,0.0,1012.5,23,6.3,0.156
2023-10-27T11:00,Santacruz_AWS,19.1197,72.8468,0.0,0.0,1011.4,53,5.4,0.155
2023-10-27T12:00,Santacruz_AWS,19.1197,72.8468,0.0,0.0,1010.2,70,7.7,0.155
2023-10-27T13:00,Santacruz_AWS,19.1197,72.8468,0.0,0.0,1008.8,92,9.0,0.154
2023-10-27T14:00,Santacruz_AWS,19.1197,72.8468,0.0,0.0,1007.8,44,10.3,0.153
2023-10-27T15:00,Santacruz_AWS,19.1197,72.8468,0.0,0.0,1007.3,3,13.4,0.152
2023-10-27T16:00,Santacruz_AWS,19.1197,72.8468,0.0,0.0,1007.2,4,14.4,0.152
2023-10-27T17:00,Santacruz_AWS,19.1197,72.8468,0.0,0.0,1007.6,0,18.5,0.152
2023-10-27T18:00,Santacruz_AWS,19.1197,72.8468,0.0,0.0,1008.4,0,20.7,0.152
2023-10-27T19:00,Santacruz_AWS,19.1197,72.8468,0.0,0.0,1009.2,0,20.7,0.152
2023-10-27T20:00,Santacruz_AWS,19.1197,72.8468,0.0,0.0,1010.0,0,16.5,0.152
2023-10-27T21:00,Santacruz_AWS,19.1197,72.8468,0.0,0.0,1010.2,0,13.4,0.152
2023-10-27T22:00,Santacruz_AWS,19.1197,72.8468,0.0,0.0,1010.5,0,10.9,0.152
2023-10-27T23:00,Santacruz_AWS,19.1197,72.8468,0.0,0.0,1010.5,0,7.8,0.152
2023-10-28T00:00,Santacruz_AWS,19.1197,72.8468,0.0,0.0,1010.2,0,9.4,0.152
2023-10-28T01:00,Santacruz_AWS,19.1197,72.8468,0.0,0.0,1009.5,0,8.9,0.152
2023-10-28T02:00,Santacruz_AWS,19.1197,72.8468,0.0,0.0,1009.0,0,6.6,0.152
2023-10-28T03:00,Santacruz_AWS,19.1197,72.8468,0.0,0.0,1008.7,68,8.2,0.152
2023-10-28T04:00,Santacruz_AWS,19.1197,72.8468,0.0,0.0,1008.6,94,5.9,0.152
2023-10-28T05:00,Santacruz_AWS,19.1197,72.8468,0.0,0.0,1009.0,11,6.0,0.152
2023-10-28T06:00,Santacruz_AWS,19.1197,72.8468,0.0,0.0,1009.7,9,6.1,0.152
2023-10-28T07:00,Santacruz_AWS,19.1197,72.8468,0.0,0.0,1010.8,0,10.5,0.152
2023-10-28T08:00,Santacruz_AWS,19.1197,72.8468,0.0,0.0,1011.5,0,11.4,0.152
2023-10-28T09:00,Santacruz_AWS,19.1197,72.8468,0.0,0.0,1011.9,0,9.0,0.151
2023-10-28T10:00,Santacruz_AWS,19.1197,72.8468,0.0,0.0,1011.8,0,8.3,0.151
2023-10-28T11:00,Santacruz_AWS,19.1197,72.8468,0.0,0.0,1010.8,0,8.8,0.151
2023-10-28T12:00,Santacruz_AWS,19.1197,72.8468,0.0,0.0,1009.8,0,2.7,0.15
2023-10-28T13:00,Santacruz_AWS,19.1197,72.8468,0.0,0.0,1008.7,0,6.6,0.149
2023-10-28T14:00,Santacruz_AWS,19.1197,72.8468,0.0,0.0,1007.7,0,11.9,0.149
2023-10-28T15:00,Santacruz_AWS,19.1197,72.8468,0.0,0.0,1007.3,1,12.8,0.148
2023-10-28T16:00,Santacruz_AWS,19.1197,72.8468,0.0,0.0,1007.4,3,12.0,0.148
2023-10-28T17:00,Santacruz_AWS,19.1197,72.8468,0.0,0.0,1008.1,2,11.4,0.148
2023-10-28T18:00,Santacruz_AWS,19.1197,72.8468,0.0,0.0,1009.0,0,16.6,0.14
2023-10-28T19:00,Santacruz_AWS,19.1197,72.8468,0.0,0.0,1009.5,0,16.1,0.14
2023-10-28T20:00,Santacruz_AWS,19.1197,72.8468,0.0,0.0,1010.2,0,15.5,0.14
2023-10-28T21:00,Santacruz_AWS,19.1197,72.8468,0.0,0.0,1010.5,0,15.1,0.14
2023-10-28T22:00,Santacruz_AWS,19.1197,72.8468,0.0,0.0,1010.5,0,11.6,0.14
2023-10-28T23:00,Santacruz_AWS,19.1197,72.8468,0.0,0.0,1010.5,0,6.5,0.141
2023-10-29T00:00,Santacruz_AWS,19.1197,72.8468,0.0,0.0,1010.1,0,9.4,0.141
2023-10-29T01:00,Santacruz_AWS,19.1197,72.8468,0.0,0.0,1009.6,0,8.9,0.141
2023-10-29T02:00,Santacruz_AWS,19.1197,72.8468,0.0,0.0,1009.0,0,9.0,0.141
2023-10-29T03:00,Santacruz_AWS,19.1197,72.8468,0.0,0.0,1008.7,0,9.2,0.141
2023-10-29T04:00,Santacruz_AWS,19.1197,72.8468,0.0,0.0,1008.4,0,6.6,0.141
2023-10-29T05:00,Santacruz_AWS,19.1197,72.8468,0.0,0.0,1008.4,0,7.4,0.141
2023-10-29T06:00,Santacruz_AWS,19.1197,72.8468,0.0,0.0,1009.1,14,8.6,0.148
2023-10-29T07:00,Santacruz_AWS,19.1197,72.8468,0.0,0.0,1009.9,0,10.8,0.148
2023-10-29T08:00,Santacruz_AWS,19.1197,72.8468,0.0,0.0,1010.8,0,10.6,0.148
2023-10-29T09:00,Santacruz_AWS,19.1197,72.8468,0.0,0.0,1011.3,0,9.0,0.148
2023-10-29T10:00,Santacruz_AWS,19.1197,72.8468,0.0,0.0,1011.2,0,8.8,0.147
2023-10-29T11:00,Santacruz_AWS,19.1197,72.8468,0.0,0.0,1010.4,0,9.6,0.147
2023-10-29T12:00,Santacruz_AWS,19.1197,72.8468,0.0,0.0,1009.4,0,7.2,0.146
2023-10-29T13:00,Santacruz_AWS,19.1197,72.8468,0.0,0.0,1008.3,0,3.5,0.146
2023-10-29T14:00,Santacruz_AWS,19.1197,72.8468,0.0,0.0,1007.4,0,5.4,0.145
2023-10-29T15:00,Santacruz_AWS,19.1197,72.8468,0.0,0.0,1006.9,0,10.4,0.145
2023-10-29T16:00,Santacruz_AWS,19.1197,72.8468,0.0,0.0,1006.9,0,19.1,0.145
2023-10-29T17:00,Santacruz_AWS,19.1197,72.8468,0.0,0.0,1007.3,0,18.1,0.145
2023-10-29T18:00,Santacruz_AWS,19.1197,72.8468,0.0,0.0,1008.0,0,18.5,0.145
2023-10-29T19:00,Santacruz_AWS,19.1197,72.8468,0.0,0.0,1008.7,0,16.8,0.145
2023-10-29T20:00,Santacruz_AWS,19.1197,72.8468,0.0,0.0,1009.4,13,16.5,0.145
2023-10-29T21:00,Santacruz_AWS,19.1197,72.8468,0.0,0.0,1010.0,15,15.0,0.145
2023-10-29T22:00,Santacruz_AWS,19.1197,72.8468,0.0,0.0,1010.2,3,9.0,0.145
2023-10-29T23:00,Santacruz_AWS,19.1197,72.8468,0.0,0.0,1010.1,0,7.5,0.145
2023-10-30T00:00,Santacruz_AWS,19.1197,72.8468,0.0,0.0,1009.3,0,4.4,0.145
2023-10-30T01:00,Santacruz_AWS,19.1197,72.8468,0.0,0.0,1008.7,0,4.6,0.145
2023-10-30T02:00,Santacruz_AWS,19.1197,72.8468,0.0,0.0,1008.1,0,8.7,0.145
2023-10-30T03:00,Santacruz_AWS,19.1197,72.8468,0.0,0.0,1007.9,0,8.8,0.145
2023-10-30T04:00,Santacruz_AWS,19.1197,72.8468,0.0,0.0,1008.0,20,8.9,0.145
2023-10-30T05:00,Santacruz_AWS,19.1197,72.8468,0.0,0.0,1008.5,28,7.9,0.145
2023-10-30T06:00,Santacruz_AWS,19.1197,72.8468,0.0,0.0,1009.3,22,6.0,0.145
2023-10-30T07:00,Santacruz_AWS,19.1197,72.8468,0.0,0.0,1010.3,47,7.0,0.145
2023-10-30T08:00,Santacruz_AWS,19.1197,72.8468,0.0,0.0,1010.9,26,7.4,0.145
2023-10-30T09:00,Santacruz_AWS,19.1197,72.8468,0.0,0.0,1011.4,2,4.4,0.145
2023-10-30T10:00,Santacruz_AWS,19.1197,72.8468,0.0,0.0,1011.2,1,5.8,0.144
2023-10-30T11:00,Santacruz_AWS,19.1197,72.8468,0.0,0.0,1010.2,26,5.9,0.144
2023-10-30T12:00,Santacruz_AWS,19.1197,72.8468,0.0,0.0,1008.8,30,3.7,0.143
2023-10-30T13:00,Santacruz_AWS,19.1197,72.8468,0.0,0.0,1007.5,0,2.3,0.143
2023-10-30T14:00,Santacruz_AWS,19.1197,72.8468,0.0,0.0,1006.8,0,9.3,0.142
2023-10-30T15:00,Santacruz_AWS,19.1197,72.8468,0.0,0.0,1006.4,0,12.2,0.142
2023-10-30T16:00,Santacruz_AWS,19.1197,72.8468,0.0,0.0,1006.8,0,14.7,0.142
2023-10-30T17:00,Santacruz_AWS,19.1197,72.8468,0.0,0.0,1007.3,0,12.5,0.142
2023-10-30T18:00,Santacruz_AWS,19.1197,72.8468,0.0,0.0,1008.4,2,9.9,0.142
2023-10-30T19:00,Santacruz_AWS,19.1197,72.8468,0.0,0.0,1009.0,1,11.0,0.142
2023-10-30T20:00,Santacruz_AWS,19.1197,72.8468,0.0,0.0,1010.0,0,6.8,0.142
2023-10-30T21:00,Santacruz_AWS,19.1197,72.8468,0.0,0.0,1010.5,1,7.5,0.142
2023-10-30T22:00,Santacruz_AWS,19.1197,72.8468,0.0,0.0,1011.0,5,5.9,0.142
2023-10-30T23:00,Santacruz_AWS,19.1197,72.8468,0.0,0.0,1010.8,0,8.2,0.142
2023-10-31T00:00,Santacruz_AWS,19.1197,72.8468,0.0,0.0,1010.3,0,5.9,0.142
2023-10-31T01:00,Santacruz_AWS,19.1197,72.8468,0.0,0.0,1009.6,0,7.0,0.142
2023-10-31T02:00,Santacruz_AWS,19.1197,72.8468,0.0,0.0,1009.0,0,7.9,0.142
2023-10-31T03:00,Santacruz_AWS,19.1197,72.8468,0.0,0.0,1008.9,0,5.9,0.142
2023-10-31T04:00,Santacruz_AWS,19.1197,72.8468,0.0,0.0,1008.9,1,6.6,0.142
2023-10-31T05:00,Santacruz_AWS,19.1197,72.8468,0.0,0.0,1009.0,0,5.4,0.142
2023-10-31T06:00,Santacruz_AWS,19.1197,72.8468,0.0,0.0,1010.3,4,8.7,0.142
2023-10-31T07:00,Santacruz_AWS,19.1197,72.8468,0.0,0.0,1011.0,0,8.5,0.142
2023-10-31T08:00,Santacruz_AWS,19.1197,72.8468,0.0,0.0,1011.6,8,7.9,0.142
2023-10-31T09:00,Santacruz_AWS,19.1197,72.8468,0.0,0.0,1012.0,14,5.8,0.142
2023-10-31T10:00,Santacruz_AWS,19.1197,72.8468,0.0,0.0,1011.7,0,6.2,0.142
2023-10-31T11:00,Santacruz_AWS,19.1197,72.8468,0.0,0.0,1010.5,0,6.1,0.141
2023-10-31T12:00,Santacruz_AWS,19.1197,72.8468,0.0,0.0,1009.4,0,3.2,0.141
2023-10-31T13:00,Santacruz_AWS,19.1197,72.8468,0.0,0.0,1008.3,0,2.9,0.141
2023-10-31T14:00,Santacruz_AWS,19.1197,72.8468,0.0,0.0,1007.6,0,9.4,0.14
2023-10-31T15:00,Santacruz_AWS,19.1197,72.8468,0.0,0.0,1007.2,0,12.2,0.14
2023-10-31T16:00,Santacruz_AWS,19.1197,72.8468,0.0,0.0,1007.2,1,7.1,0.14
2023-10-31T17:00,Santacruz_AWS,19.1197,72.8468,0.0,0.0,1007.6,4,7.3,0.14
2023-10-31T18:00,Santacruz_AWS,19.1197,72.8468,0.0,0.0,1008.9,0,13.2,0.14
2023-10-31T19:00,Santacruz_AWS,19.1197,72.8468,0.0,0.0,1009.6,0,14.9,0.14
2023-10-31T20:00,Santacruz_AWS,19.1197,72.8468,0.0,0.0,1010.5,0,13.8,0.14
2023-10-31T21:00,Santacruz_AWS,19.1197,72.8468,0.0,0.0,1010.8,0,12.8,0.14
2023-10-31T22:00,Santacruz_AWS,19.1197,72.8468,0.0,0.0,1010.9,0,10.8,0.14
2023-10-31T23:00,Santacruz_AWS,19.1197,72.8468,0.0,0.0,1011.1,0,7.4,0.14
2023-11-01T00:00,Santacruz_AWS,19.1197,72.8468,0.0,0.0,1010.8,0,8.0,0.14
2023-11-01T01:00,Santacruz_AWS,19.1197,72.8468,0.0,0.0,1010.4,0,8.2,0.14
2023-11-01T02:00,Santacruz_AWS,19.1197,72.8468,0.0,0.0,1009.8,0,6.2,0.14
2023-11-01T03:00,Santacruz_AWS,19.1197,72.8468,0.0,0.0,1009.6,31,7.1,0.14
2023-11-01T04:00,Santacruz_AWS,19.1197,72.8468,0.0,0.0,1009.4,73,8.1,0.14
2023-11-01T05:00,Santacruz_AWS,19.1197,72.8468,0.0,0.0,1009.6,78,7.7,0.14
2023-11-01T06:00,Santacruz_AWS,19.1197,72.8468,0.0,0.0,1010.8,18,8.0,0.14
2023-11-01T07:00,Santacruz_AWS,19.1197,72.8468,0.0,0.0,1011.8,71,9.2,0.14
2023-11-01T08:00,Santacruz_AWS,19.1197,72.8468,0.0,0.0,1012.6,9,9.9,0.14
2023-11-01T09:00,Santacruz_AWS,19.1197,72.8468,0.0,0.0,1012.9,0,7.3,0.14
2023-11-01T10:00,Santacruz_AWS,19.1197,72.8468,0.0,0.0,1012.5,0,5.9,0.14
2023-11-01T11:00,Santacruz_AWS,19.1197,72.8468,0.0,0.0,1011.7,0,6.1,0.139
2023-11-01T12:00,Santacruz_AWS,19.1197,72.8468,0.0,0.0,1010.5,0,3.6,0.139
2023-11-01T13:00,Santacruz_AWS,19.1197,72.8468,0.0,0.0,1009.5,0,4.7,0.139
2023-11-01T14:00,Santacruz_AWS,19.1197,72.8468,0.0,0.0,1008.5,0,6.6,0.138
2023-11-01T15:00,Santacruz_AWS,19.1197,72.8468,0.0,0.0,1008.0,0,10.2,0.138
2023-11-01T16:00,Santacruz_AWS,19.1197,72.8468,0.0,0.0,1008.4,0,14.8,0.138
2023-11-01T17:00,Santacruz_AWS,19.1197,72.8468,0.0,0.0,1009.1,0,12.3,0.138
2023-11-01T18:00,Santacruz_AWS,19.1197,72.8468,0.0,0.0,1009.9,0,13.8,0.138
2023-11-01T19:00,Santacruz_AWS,19.1197,72.8468,0.0,0.0,1010.7,0,12.9,0.138
2023-11-01T20:00,Santacruz_AWS,19.1197,72.8468,0.0,0.0,1011.2,0,13.8,0.138
2023-11-01T21:00,Santacruz_AWS,19.1197,72.8468,0.0,0.0,1011.3,0,11.7,0.138
2023-11-01T22:00,Santacruz_AWS,19.1197,72.8468,0.0,0.0,1011.0,0,11.6,0.138
2023-11-01T23:00,Santacruz_AWS,19.1197,72.8468,0.0,0.0,1010.7,0,6.3,0.138
2023-11-02T00:00,Santacruz_AWS,19.1197,72.8468,0.0,0.0,1010.0,0,8.4,0.138
2023-11-02T01:00,Santacruz_AWS,19.1197,72.8468,0.0,0.0,1009.5,0,6.2,0.138
2023-11-02T02:00,Santacruz_AWS,19.1197,72.8468,0.0,0.0,1009.2,0,6.3,0.138
2023-11-02T03:00,Santacruz_AWS,19.1197,72.8468,0.0,0.0,1008.8,0,7.4,0.138
2023-11-02T04:00,Santacruz_AWS,19.1197,72.8468,0.0,0.0,1008.9,81,8.7,0.138
2023-11-02T05:00,Santacruz_AWS,19.1197,72.8468,0.0,0.0,1009.4,100,7.1,0.138
2023-11-02T06:00,Santacruz_AWS,19.1197,72.8468,0.0,0.0,1011.1,94,6.8,0.138
2023-11-02T07:00,Santacruz_AWS,19.1197,72.8468,0.0,0.0,1011.5,73,9.2,0.138
2023-11-02T08:00,Santacruz_AWS,19.1197,72.8468,0.0,0.0,1012.1,75,8.7,0.138
2023-11-02T09:00,Santacruz_AWS,19.1197,72.8468,0.0,0.0,1012.4,58,7.8,0.138
2023-11-02T10:00,Santacruz_AWS,19.1197,72.8468,0.0,0.0,1012.2,46,8.1,0.138
2023-11-02T11:00,Santacruz_AWS,19.1197,72.8468,0.0,0.0,1011.2,3,5.8,0.138
2023-11-02T12:00,Santacruz_AWS,19.1197,72.8468,0.0,0.0,1010.1,0,5.0,0.137
2023-11-02T13:00,Santacruz_AWS,19.1197,72.8468,0.0,0.0,1008.9,0,6.9,0.137
2023-11-02T14:00,Santacruz_AWS,19.1197,72.8468,0.0,0.0,1007.9,6,10.7,0.137
2023-11-02T15:00,Santacruz_AWS,19.1197,72.8468,0.0,0.0,1007.3,20,12.8,0.137
2023-11-02T16:00,Santacruz_AWS,19.1197,72.8468,0.0,0.0,1007.5,0,14.5,0.137
2023-11-02T17:00,Santacruz_AWS,19.1197,72.8468,0.0,0.0,1007.8,0,14.9,0.137
2023-11-02T18:00,Santacruz_AWS,19.1197,72.8468,0.0,0.0,1008.7,0,16.1,0.137
2023-11-02T19:00,Santacruz_AWS,19.1197,72.8468,0.0,0.0,1008.8,0,17.2,0.137
2023-11-02T20:00,Santacruz_AWS,19.1197,72.8468,0.0,0.0,1009.7,2,15.3,0.137
2023-11-02T21:00,Santacruz_AWS,19.1197,72.8468,0.0,0.0,1010.0,2,14.8,0.137
2023-11-02T22:00,Santacruz_AWS,19.1197,72.8468,0.0,0.0,1009.9,2,9.7,0.137
2023-11-02T23:00,Santacruz_AWS,19.1197,72.8468,0.0,0.0,1009.8,28,6.5,0.137
2023-11-03T00:00,Santacruz_AWS,19.1197,72.8468,0.0,0.0,1009.4,42,7.0,0.137
2023-11-03T01:00,Santacruz_AWS,19.1197,72.8468,0.0,0.0,1008.7,32,6.4,0.137
2023-11-03T02:00,Santacruz_AWS,19.1197,72.8468,0.0,0.0,1008.2,1,8.1,0.137
2023-11-03T03:00,Santacruz_AWS,19.1197,72.8468,0.0,0.0,1007.9,0,6.4,0.137
2023-11-03T04:00,Santacruz_AWS,19.1197,72.8468,0.0,0.0,1008.1,0,7.8,0.137
2023-11-03T05:00,Santacruz_AWS,19.1197,72.8468,0.0,0.0,1008.5,0,8.6,0.137
2023-11-03T06:00,Santacruz_AWS,19.1197,72.8468,0.0,0.0,1009.1,0,9.3,0.137
2023-11-03T07:00,Santacruz_AWS,19.1197,72.8468,0.0,0.0,1009.7,3,10.9,0.137
2023-11-03T08:00,Santacruz_AWS,19.1197,72.8468,0.0,0.0,1010.3,53,11.0,0.137
2023-11-03T09:00,Santacruz_AWS,19.1197,72.8468,0.0,0.0,1010.7,62,9.8,0.137
2023-11-03T10:00,Santacruz_AWS,19.1197,72.8468,0.0,0.0,1010.3,91,9.7,0.137
2023-11-03T11:00,Santacruz_AWS,19.1197,72.8468,0.0,0.0,1009.1,87,9.6,0.136
2023-11-03T12:00,Santacruz_AWS,19.1197,72.8468,0.0,0.0,1008.0,89,6.5,0.136
2023-11-03T13:00,Santacruz_AWS,19.1197,72.8468,0.0,0.0,1006.9,50,6.8,0.136
2023-11-03T14:00,Santacruz_AWS,19.1197,72.8468,0.0,0.0,1005.9,82,12.5,0.136
2023-11-03T15:00,Santacruz_AWS,19.1197,72.8468,0.0,0.0,1005.6,92,16.3,0.136
2023-11-03T16:00,Santacruz_AWS,19.1197,72.8468,0.0,0.0,1005.5,42,15.3,0.135
2023-11-03T17:00,Santacruz_AWS,19.1197,72.8468,0.0,0.0,1005.7,52,15.9,0.135
2023-11-03T18:00,Santacruz_AWS,19.1197,72.8468,0.0,0.0,1006.2,72,18.5,0.135
2023-11-03T19:00,Santacruz_AWS,19.1197,72.8468,0.0,0.0,1006.8,82,19.9,0.135
2023-11-03T20:00,Santacruz_AWS,19.1197,72.8468,0.0,0.0,1007.4,77,19.6,0.135
2023-11-03T21:00,Santacruz_AWS,19.1197,72.8468,0.0,0.0,1007.8,67,16.8,0.135
2023-11-03T22:00,Santacruz_AWS,19.1197,72.8468,0.0,0.0,1008.0,92,10.9,0.135
2023-11-03T23:00,Santacruz_AWS,19.1197,72.8468,0.0,0.0,1008.5,96,7.2,0.135
2023-11-04T00:00,Santacruz_AWS,19.1197,72.8468,0.0,0.0,1007.9,59,7.4,0.135
2023-11-04T01:00,Santacruz_AWS,19.1197,72.8468,0.0,0.0,1007.5,5,6.5,0.135
2023-11-04T02:00,Santacruz_AWS,19.1197,72.8468,0.0,0.0,1007.2,46,7.7,0.135
2023-11-04T03:00,Santacruz_AWS,19.1197,72.8468,0.0,0.0,1006.8,2,7.8,0.135
2023-11-04T04:00,Santacruz_AWS,19.1197,72.8468,0.0,0.0,1006.8,2,8.4,0.135
2023-11-04T05:00,Santacruz_AWS,19.1197,72.8468,0.0,0.0,1007.0,51,9.2,0.135
2023-11-04T06:00,Santacruz_AWS,19.1197,72.8468,0.0,0.0,1008.0,77,9.5,0.136
2023-11-04T07:00,Santacruz_AWS,19.1197,72.8468,0.0,0.0,1008.5,85,11.6,0.136
2023-11-04T08:00,Santacruz_AWS,19.1197,72.8468,0.0,0.0,1009.1,89,10.2,0.135
2023-11-04T09:00,Santacruz_AWS,19.1197,72.8468,0.0,0.0,1009.5,90,9.1,0.135
2023-11-04T10:00,Santacruz_AWS,19.1197,72.8468,0.0,0.0,1009.3,93,7.9,0.135
2023-11-04T11:00,Santacruz_AWS,19.1197,72.8468,0.0,0.0,1008.2,99,10.1,0.135
2023-11-04T12:00,Santacruz_AWS,19.1197,72.8468,0.0,0.0,1007.4,26,8.3,0.135
2023-11-04T13:00,Santacruz_AWS,19.1197,72.8468,0.0,0.0,1006.4,1,5.3,0.135
2023-11-04T14:00,Santacruz_AWS,19.1197,72.8468,0.0,0.0,1005.5,0,6.4,0.135
2023-11-04T15:00,Santacruz_AWS,19.1197,72.8468,0.0,0.0,1005.0,0,7.3,0.134
2023-11-04T16:00,Santacruz_AWS,19.1197,72.8468,0.0,0.0,1005.1,0,12.2,0.134
2023-11-04T17:00,Santacruz_AWS,19.1197,72.8468,0.0,0.0,1005.6,42,14.6,0.134
2023-11-04T18:00,Santacruz_AWS,19.1197,72.8468,0.0,0.0,1006.5,45,9.2,0.134
2023-11-04T19:00,Santacruz_AWS,19.1197,72.8468,0.0,0.0,1007.3,80,9.5,0.134
2023-11-04T20:00,Santacruz_AWS,19.1197,72.8468,0.0,0.0,1008.0,69,9.5,0.134
2023-11-04T21:00,Santacruz_AWS,19.1197,72.8468,0.0,0.0,1008.7,76,9.9,0.134
2023-11-04T22:00,Santacruz_AWS,19.1197,72.8468,0.0,0.0,1009.0,77,7.3,0.134
2023-11-04T23:00,Santacruz_AWS,19.1197,72.8468,0.0,0.0,1009.3,66,7.1,0.134
2023-11-05T00:00,Santacruz_AWS,19.1197,72.8468,0.0,0.0,1008.9,25,6.5,0.134
2023-11-05T01:00,Santacruz_AWS,19.1197,72.8468,0.0,0.0,1008.7,95,6.8,0.134
2023-11-05T02:00,Santacruz_AWS,19.1197,72.8468,0.0,0.0,1008.2,100,5.4,0.134
2023-11-05T03:00,Santacruz_AWS,19.1197,72.8468,0.0,0.0,1008.0,91,6.8,0.134
2023-11-05T04:00,Santacruz_AWS,19.1197,72.8468,0.0,0.0,1008.2,93,6.9,0.134
2023-11-05T05:00,Santacruz_AWS,19.1197,72.8468,0.0,0.0,1008.4,100,5.6,0.134
2023-11-05T06:00,Santacruz_AWS,19.1197,72.8468,0.0,0.0,1009.2,99,8.9,0.134
2023-11-05T07:00,Santacruz_AWS,19.1197,72.8468,0.0,0.0,1010.0,40,10.8,0.134
2023-11-05T08:00,Santacruz_AWS,19.1197,72.8468,0.0,0.0,1010.7,45,10.7,0.134
2023-11-05T09:00,Santacruz_AWS,19.1197,72.8468,0.0,0.0,1011.0,21,7.6,0.134
2023-11-05T10:00,Santacruz_AWS,19.1197,72.8468,0.0,0.0,1010.8,90,9.5,0.134
2023-11-05T11:00,Santacruz_AWS,19.1197,72.8468,0.0,0.0,1009.9,97,8.3,0.134
2023-11-05T12:00,Santacruz_AWS,19.1197,72.8468,0.0,0.0,1008.9,91,5.9,0.134
2023-11-05T13:00,Santacruz_AWS,19.1197,72.8468,0.0,0.0,1007.9,90,1.3,0.134
2023-11-05T14:00,Santacruz_AWS,19.1197,72.8468,0.0,0.0,1007.3,54,5.1,0.134
2023-11-05T15:00,Santacruz_AWS,19.1197,72.8468,0.0,0.0,1006.8,80,11.0,0.134
2023-11-05T16:00,Santacruz_AWS,19.1197,72.8468,0.0,0.0,1006.8,91,11.2,0.134
2023-11-05T17:00,Santacruz_AWS,19.1197,72.8468,0.0,0.0,1007.2,99,12.4,0.134
2023-11-05T18:00,Santacruz_AWS,19.1197,72.8468,0.0,0.0,1008.5,42,12.5,0.134
2023-11-05T19:00,Santacruz_AWS,19.1197,72.8468,0.0,0.0,1009.0,90,14.2,0.134
2023-11-05T20:00,Santacruz_AWS,19.1197,72.8468,0.0,0.0,1009.9,55,15.5,0.134
2023-11-05T21:00,Santacruz_AWS,19.1197,72.8468,0.0,0.0,1010.3,86,15.2,0.134
2023-11-05T22:00,Santacruz_AWS,19.1197,72.8468,0.0,0.0,1010.6,100,14.4,0.134
2023-11-05T23:00,Santacruz_AWS,19.1197,72.8468,0.0,0.0,1010.5,86,8.0,0.134
2023-11-06T00:00,Santacruz_AWS,19.1197,72.8468,0.0,0.0,1010.3,11,7.6,0.134
2023-11-06T01:00,Santacruz_AWS,19.1197,72.8468,0.0,0.0,1009.8,59,6.5,0.134
2023-11-06T02:00,Santacruz_AWS,19.1197,72.8468,0.0,0.0,1009.4,85,6.9,0.134
2023-11-06T03:00,Santacruz_AWS,19.1197,72.8468,0.0,0.0,1009.1,72,7.2,0.134
2023-11-06T04:00,Santacruz_AWS,19.1197,72.8468,0.0,0.0,1009.2,24,6.1,0.134
2023-11-06T05:00,Santacruz_AWS,19.1197,72.8468,0.0,0.0,1009.6,3,6.6,0.134
2023-11-06T06:00,Santacruz_AWS,19.1197,72.8468,0.0,0.0,1010.4,7,7.7,0.134
2023-11-06T07:00,Santacruz_AWS,19.1197,72.8468,0.0,0.0,1011.4,2,9.7,0.134
2023-11-06T08:00,Santacruz_AWS,19.1197,72.8468,0.0,0.0,1012.0,29,9.7,0.134
2023-11-06T09:00,Santacruz_AWS,19.1197,72.8468,0.0,0.0,1012.5,78,7.8,0.134
2023-11-06T10:00,Santacruz_AWS,19.1197,72.8468,0.0,0.0,1012.1,77,10.1,0.134
2023-11-06T11:00,Santacruz_AWS,19.1197,72.8468,0.0,0.0,1011.1,100,11.1,0.134
2023-11-06T12:00,Santacruz_AWS,19.1197,72.8468,0.0,0.0,1009.9,99,8.4,0.133
2023-11-06T13:00,Santacruz_AWS,19.1197,72.8468,0.0,0.0,1009.0,98,4.8,0.133
2023-11-06T14:00,Santacruz_AWS,19.1197,72.8468,0.0,0.0,1008.6,33,7.4,0.133
2023-11-06T15:00,Santacruz_AWS,19.1197,72.8468,0.0,0.0,1007.9,72,8.1,0.133
2023-11-06T16:00,Santacruz_AWS,19.1197,72.8468,0.0,0.0,1008.0,100,10.0,0.133
2023-11-06T17:00,Santacruz_AWS,19.1197,72.8468,0.0,0.0,1008.4,100,12.4,0.133
2023-11-06T18:00,Santacruz_AWS,19.1197,72.8468,0.0,0.0,1010.1,100,17.1,0.133
2023-11-06T19:00,Santacruz_AWS,19.1197,72.8468,0.0,0.0,1010.4,100,14.8,0.133
2023-11-06T20:00,Santacruz_AWS,19.1197,72.8468,0.0,0.0,1010.9,82,15.2,0.133
2023-11-06T21:00,Santacruz_AWS,19.1197,72.8468,0.0,0.0,1011.2,0,12.6,0.133
2023-11-06T22:00,Santacruz_AWS,19.1197,72.8468,0.0,0.0,1011.0,15,10.8,0.133
2023-11-06T23:00,Santacruz_AWS,19.1197,72.8468,0.0,0.0,1010.9,92,11.2,0.133
2023-11-07T00:00,Santacruz_AWS,19.1197,72.8468,0.0,0.0,1010.5,95,8.7,0.133
2023-11-07T01:00,Santacruz_AWS,19.1197,72.8468,0.0,0.0,1010.2,95,6.0,0.133
2023-11-07T02:00,Santacruz_AWS,19.1197,72.8468,0.0,0.0,1009.9,44,6.8,0.133
2023-11-07T03:00,Santacruz_AWS,19.1197,72.8468,0.0,0.0,1009.4,49,6.5,0.133
2023-11-07T04:00,Santacruz_AWS,19.1197,72.8468,0.0,0.0,1009.7,100,7.6,0.133
2023-11-07T05:00,Santacruz_AWS,19.1197,72.8468,0.0,0.0,1009.9,100,8.2,0.133
2023-11-07T06:00,Santacruz_AWS,19.1197,72.8468,0.0,0.0,1011.0,100,7.6,0.133
2023-11-07T07:00,Santacruz_AWS,19.1197,72.8468,0.0,0.0,1011.6,100,6.8,0.133
2023-11-07T08:00,Santacruz_AWS,19.1197,72.8468,0.0,0.0,1012.5,100,6.5,0.133
2023-11-07T09:00,Santacruz_AWS,19.1197,72.8468,0.0,0.0,1013.0,97,6.0,0.133
2023-11-07T10:00,Santacruz_AWS,19.1197,72.8468,0.0,0.0,1012.9,99,5.6,0.133
2023-11-07T11:00,Santacruz_AWS,19.1197,72.8468,0.0,0.0,1011.6,97,5.5,0.133
2023-11-07T12:00,Santacruz_AWS,19.1197,72.8468,0.0,0.0,1010.4,100,1.6,0.133
2023-11-07T13:00,Santacruz_AWS,19.1197,72.8468,0.0,0.0,1009.1,88,5.0,0.133
2023-11-07T14:00,Santacruz_AWS,19.1197,72.8468,0.0,0.0,1008.3,91,12.4,0.133
2023-11-07T15:00,Santacruz_AWS,19.1197,72.8468,0.0,0.0,1007.7,100,13.7,0.133
2023-11-07T16:00,Santacruz_AWS,19.1197,72.8468,0.0,0.0,1007.9,100,15.6,0.133
2023-11-07T17:00,Santacruz_AWS,19.1197,72.8468,0.0,0.0,1008.1,100,17.6,0.133
2023-11-07T18:00,Santacruz_AWS,19.1197,72.8468,0.0,0.0,1008.7,83,18.5,0.133
2023-11-07T19:00,Santacruz_AWS,19.1197,72.8468,0.0,0.0,1009.0,96,19.1,0.133
2023-11-07T20:00,Santacruz_AWS,19.1197,72.8468,0.0,0.0,1009.8,92,16.5,0.133
2023-11-07T21:00,Santacruz_AWS,19.1197,72.8468,0.0,0.0,1010.2,89,14.1,0.133
2023-11-07T22:00,Santacruz_AWS,19.1197,72.8468,0.0,0.0,1010.6,5,7.9,0.133
2023-11-07T23:00,Santacruz_AWS,19.1197,72.8468,0.0,0.0,1010.1,1,7.1,0.133
2023-11-08T00:00,Santacruz_AWS,19.1197,72.8468,0.0,0.0,1009.6,8,5.3,0.133
2023-11-08T01:00,Santacruz_AWS,19.1197,72.8468,0.0,0.0,1009.1,52,6.6,0.133
2023-11-08T02:00,Santacruz_AWS,19.1197,72.8468,0.0,0.0,1008.7,81,5.8,0.133
2023-11-08T03:00,Santacruz_AWS,19.1197,72.8468,0.0,0.0,1008.6,15,5.5,0.133
2023-11-08T04:00,Santacruz_AWS,19.1197,72.8468,0.0,0.0,1008.9,0,5.7,0.133
2023-11-08T05:00,Santacruz_AWS,19.1197,72.8468,0.0,0.0,1009.3,1,7.7,0.133
2023-11-08T06:00,Santacruz_AWS,19.1197,72.8468,0.0,0.0,1010.2,7,8.4,0.133
2023-11-08T07:00,Santacruz_AWS,19.1197,72.8468,0.0,0.0,1011.3,9,19.1,0.133
2023-11-08T08:00,Santacruz_AWS,19.1197,72.8468,0.0,0.0,1011.6,8,20.2,0.133
2023-11-08T09:00,Santacruz_AWS,19.1197,72.8468,0.0,0.0,1012.1,100,16.5,0.133
2023-11-08T10:00,Santacruz_AWS,19.1197,72.8468,0.0,0.0,1012.0,99,11.9,0.133
2023-11-08T11:00,Santacruz_AWS,19.1197,72.8468,0.0,0.0,1011.1,100,12.0,0.133
2023-11-08T12:00,Santacruz_AWS,19.1197,72.8468,0.0,0.0,1010.0,100,8.7,0.133
2023-11-08T13:00,Santacruz_AWS,19.1197,72.8468,0.0,0.0,1008.7,100,7.0,0.132
2023-11-08T14:00,Santacruz_AWS,19.1197,72.8468,0.0,0.0,1007.9,94,12.1,0.132
2023-11-08T15:00,Santacruz_AWS,19.1197,72.8468,0.0,0.0,1007.9,95,10.7,0.132
2023-11-08T16:00,Santacruz_AWS,19.1197,72.8468,0.0,0.0,1008.1,77,12.5,0.132
2023-11-08T17:00,Santacruz_AWS,19.1197,72.8468,0.0,0.0,1008.5,100,11.2,0.132
2023-11-08T18:00,Santacruz_AWS,19.1197,72.8468,0.0,0.0,1009.9,67,9.8,0.13
2023-11-08T19:00,Santacruz_AWS,19.1197,72.8468,0.0,0.0,1010.4,46,5.2,0.13
2023-11-08T20:00,Santacruz_AWS,19.1197,72.8468,0.0,0.0,1011.2,100,3.6,0.13
2023-11-08T21:00,Santacruz_AWS,19.1197,72.8468,0.0,0.0,1011.6,98,5.0,0.13
2023-11-08T22:00,Santacruz_AWS,19.1197,72.8468,0.0,0.0,1011.3,12,1.1,0.13
2023-11-08T23:00,Santacruz_AWS,19.1197,72.8468,0.0,0.0,1011.2,13,3.6,0.13
2023-11-09T00:00,Santacruz_AWS,19.1197,72.8468,0.0,0.0,1010.8,93,1.8,0.13
2023-11-09T01:00,Santacruz_AWS,19.1197,72.8468,0.0,0.0,1010.4,30,2.8,0.13
2023-11-09T02:00,Santacruz_AWS,19.1197,72.8468,0.0,0.0,1009.8,100,3.9,0.13
2023-11-09T03:00,Santacruz_AWS,19.1197,72.8468,0.0,0.0,1009.6,100,3.1,0.13
2023-11-09T04:00,Santacruz_AWS,19.1197,72.8468,0.0,0.0,1009.5,100,3.6,0.13
2023-11-09T05:00,Santacruz_AWS,19.1197,72.8468,0.0,0.0,1009.7,100,4.6,0.13
2023-11-09T06:00,Santacruz_AWS,19.1197,72.8468,0.0,0.0,1010.8,46,3.4,0.128
2023-11-09T07:00,Santacruz_AWS,19.1197,72.8468,0.0,0.0,1011.6,47,5.4,0.128
2023-11-09T08:00,Santacruz_AWS,19.1197,72.8468,0.0,0.0,1012.2,33,5.2,0.128
2023-11-09T09:00,Santacruz_AWS,19.1197,72.8468,0.0,0.0,1012.5,7,5.9,0.128
2023-11-09T10:00,Santacruz_AWS,19.1197,72.8468,0.0,0.0,1012.2,3,6.2,0.128
2023-11-09T11:00,Santacruz_AWS,19.1197,72.8468,0.0,0.0,1011.2,2,4.4,0.128
2023-11-09T12:00,Santacruz_AWS,19.1197,72.8468,0.0,0.0,1010.3,23,2.5,0.128
2023-11-09T13:00,Santacruz_AWS,19.1197,72.8468,0.0,0.0,1009.1,76,5.2,0.128
2023-11-09T14:00,Santacruz_AWS,19.1197,72.8468,0.0,0.0,1008.1,98,13.7,0.128
2023-11-09T15:00,Santacruz_AWS,19.1197,72.8468,0.0,0.0,1008.0,100,13.2,0.128
2023-11-09T16:00,Santacruz_AWS,19.1197,72.8468,0.0,0.0,1008.4,100,12.5,0.128
2023-11-09T17:00,Santacruz_AWS,19.1197,72.8468,0.0,0.0,1009.1,97,10.0,0.128
2023-11-09T18:00,Santacruz_AWS,19.1197,72.8468,0.0,0.0,1009.6,87,11.1,0.129
2023-11-09T19:00,Santacruz_AWS,19.1197,72.8468,0.0,0.0,1010.8,69,9.0,0.129
2023-11-09T20:00,Santacruz_AWS,19.1197,72.8468,0.0,0.0,1012.0,100,3.0,0.129
2023-11-09T21:00,Santacruz_AWS,19.1197,72.8468,0.0,0.0,1012.6,90,8.6,0.129
2023-11-09T22:00,Santacruz_AWS,19.1197,72.8468,0.0,0.0,1012.5,91,3.3,0.129
2023-11-09T23:00,Santacruz_AWS,19.1197,72.8468,0.0,0.0,1012.0,78,2.0,0.129
2023-11-10T00:00,Santacruz_AWS,19.1197,72.8468,0.0,0.0,1011.5,90,1.8,0.129
2023-11-10T01:00,Santacruz_AWS,19.1197,72.8468,0.0,0.0,1010.9,96,2.3,0.129
2023-11-10T02:00,Santacruz_AWS,19.1197,72.8468,0.0,0.0,1010.4,62,5.8,0.129
2023-11-10T03:00,Santacruz_AWS,19.1197,72.8468,0.0,0.0,1010.3,36,5.8,0.129
2023-11-10T04:00,Santacruz_AWS,19.1197,72.8468,0.0,0.0,1010.2,75,6.5,0.129
2023-11-10T05:00,Santacruz_AWS,19.1197,72.8468,0.0,0.0,1010.4,88,7.1,0.129
2023-11-10T06:00,Santacruz_AWS,19.1197,72.8468,0.0,0.0,1011.5,74,5.3,0.123
2023-11-10T07:00,Santacruz_AWS,19.1197,72.8468,0.0,0.0,1012.4,26,7.0,0.123
2023-11-10T08:00,Santacruz_AWS,19.1197,72.8468,0.0,0.0,1013.1,15,5.4,0.124
2023-11-10T09:00,Santacruz_AWS,19.1197,72.8468,0.0,0.0,1013.6,12,7.4,0.124
2023-11-10T10:00,Santacruz_AWS,19.1197,72.8468,0.0,0.0,1013.6,40,9.2,0.124
2023-11-10T11:00,Santacruz_AWS,19.1197,72.8468,0.0,0.0,1012.9,33,9.1,0.124
2023-11-10T12:00,Santacruz_AWS,19.1197,72.8468,1.0,1.0,1012.3,32,3.5,0.133
2023-11-10T13:00,Santacruz_AWS,19.1197,72.8468,0.0,0.0,1010.9,59,8.0,0.133
2023-11-10T14:00,Santacruz_AWS,19.1197,72.8468,0.0,0.0,1009.9,91,13.8,0.133
2023-11-10T15:00,Santacruz_AWS,19.1197,72.8468,0.0,0.0,1009.6,84,11.5,0.133
2023-11-10T16:00,Santacruz_AWS,19.1197,72.8468,0.0,0.0,1010.1,28,11.7,0.133
2023-11-10T17:00,Santacruz_AWS,19.1197,72.8468,0.1,0.1,1010.9,97,10.3,0.134
2023-11-10T18:00,Santacruz_AWS,19.1197,72.8468,0.0,0.0,1011.3,76,4.7,0.136
2023-11-10T19:00,Santacruz_AWS,19.1197,72.8468,0.0,0.0,1012.5,10,11.0,0.136
2023-11-10T20:00,Santacruz_AWS,19.1197,72.8468,0.0,0.0,1014.4,59,8.3,0.136
2023-11-10T21:00,Santacruz_AWS,19.1197,72.8468,0.0,0.0,1013.9,28,5.4,0.137
2023-11-10T22:00,Santacruz_AWS,19.1197,72.8468,0.0,0.0,1013.9,10,5.7,0.137
2023-11-10T23:00,Santacruz_AWS,19.1197,72.8468,0.0,0.0,1013.5,16,4.7,0.137
2023-11-11T00:00,Santacruz_AWS,19.1197,72.8468,0.0,0.0,1012.9,20,2.5,0.137
2023-11-11T01:00,Santacruz_AWS,19.1197,72.8468,0.0,0.0,1012.4,19,4.0,0.137
2023-11-11T02:00,Santacruz_AWS,19.1197,72.8468,0.0,0.0,1011.7,18,5.4,0.137
2023-11-11T03:00,Santacruz_AWS,19.1197,72.8468,0.0,0.0,1011.4,26,6.1,0.137
2023-11-11T04:00,Santacruz_AWS,19.1197,72.8468,0.0,0.0,1011.3,43,7.3,0.137
2023-11-11T05:00,Santacruz_AWS,19.1197,72.8468,0.0,0.0,1011.5,34,7.7,0.137
2023-11-11T06:00,Santacruz_AWS,19.1197,72.8468,0.0,0.0,1012.5,2,8.4,0.136
2023-11-11T07:00,Santacruz_AWS,19.1197,72.8468,0.0,0.0,1013.3,3,10.1,0.136
2023-11-11T08:00,Santacruz_AWS,19.1197,72.8468,0.0,0.0,1014.0,24,8.7,0.136
2023-11-11T09:00,Santacruz_AWS,19.1197,72.8468,0.0,0.0,1014.5,51,9.0,0.136
2023-11-11T10:00,Santacruz_AWS,19.1197,72.8468,0.0,0.0,1014.2,42,9.7,0.136
2023-11-11T11:00,Santacruz_AWS,19.1197,72.8468,0.0,0.0,1013.2,10,7.1,0.136
2023-11-11T12:00,Santacruz_AWS,19.1197,72.8468,0.0,0.0,1011.9,28,6.4,0.135
2023-11-11T13:00,Santacruz_AWS,19.1197,72.8468,0.0,0.0,1010.8,32,5.9,0.135
2023-11-11T14:00,Santacruz_AWS,19.1197,72.8468,0.0,0.0,1009.8,47,6.2,0.135
2023-11-11T15:00,Santacruz_AWS,19.1197,72.8468,0.0,0.0,1009.4,85,11.4,0.135
2023-11-11T16:00,Santacruz_AWS,19.1197,72.8468,0.0,0.0,1009.6,13,16.8,0.135
2023-11-11T17:00,Santacruz_AWS,19.1197,72.8468,0.0,0.0,1010.2,14,18.5,0.135
2023-11-11T18:00,Santacruz_AWS,19.1197,72.8468,0.0,0.0,1011.1,64,15.3,0.136
2023-11-11T19:00,Santacruz_AWS,19.1197,72.8468,0.0,0.0,1011.7,60,14.7,0.136
2023-11-11T20:00,Santacruz_AWS,19.1197,72.8468,0.0,0.0,1012.5,88,16.3,0.136
2023-11-11T21:00,Santacruz_AWS,19.1197,72.8468,0.0,0.0,1012.9,10,13.4,0.136
2023-11-11T22:00,Santacruz_AWS,19.1197,72.8468,0.0,0.0,1012.7,6,11.6,0.136
2023-11-11T23:00,Santacruz_AWS,19.1197,72.8468,0.0,0.0,1012.7,34,7.8,0.136
2023-11-12T00:00,Santacruz_AWS,19.1197,72.8468,0.0,0.0,1012.4,59,7.9,0.136
2023-11-12T01:00,Santacruz_AWS,19.1197,72.8468,0.0,0.0,1011.9,93,6.5,0.136
2023-11-12T02:00,Santacruz_AWS,19.1197,72.8468,0.0,0.0,1011.5,99,7.1,0.136
2023-11-12T03:00,Santacruz_AWS,19.1197,72.8468,0.0,0.0,1011.2,100,9.2,0.136
2023-11-12T04:00,Santacruz_AWS,19.1197,72.8468,0.0,0.0,1010.9,7,9.7,0.136
2023-11-12T05:00,Santacruz_AWS,19.1197,72.8468,0.0,0.0,1011.2,46,9.2,0.136
2023-11-12T06:00,Santacruz_AWS,19.1197,72.8468,0.0,0.0,1012.2,100,9.8,0.142
2023-11-12T07:00,Santacruz_AWS,19.1197,72.8468,0.0,0.0,1013.2,98,10.1,0.142
2023-11-12T08:00,Santacruz_AWS,19.1197,72.8468,0.0,0.0,1013.5,30,8.4,0.142
2023-11-12T09:00,Santacruz_AWS,19.1197,72.8468,0.0,0.0,1013.9,99,7.4,0.141
2023-11-12T10:00,Santacruz_AWS,19.1197,72.8468,0.0,0.0,1013.9,99,8.3,0.141
2023-11-12T11:00,Santacruz_AWS,19.1197,72.8468,0.0,0.0,1013.1,96,6.9,0.141
2023-11-12T12:00,Santacruz_AWS,19.1197,72.8468,0.0,0.0,1012.0,87,3.6,0.141
2023-11-12T13:00,Santacruz_AWS,19.1197,72.8468,0.0,0.0,1010.8,48,0.4,0.14
2023-11-12T14:00,Santacruz_AWS,19.1197,72.8468,0.0,0.0,1010.0,91,4.6,0.14
2023-11-12T15:00,Santacruz_AWS,19.1197,72.8468,0.0,0.0,1009.7,63,10.2,0.14
2023-11-12T16:00,Santacruz_AWS,19.1197,72.8468,0.0,0.0,1009.8,100,14.1,0.139
2023-11-12T17:00,Santacruz_AWS,19.1197,72.8468,0.0,0.0,1010.2,11,14.3,0.139
2023-11-12T18:00,Santacruz_AWS,19.1197,72.8468,0.0,0.0,1010.8,0,18.8,0.14
2023-11-12T19:00,Santacruz_AWS,19.1197,72.8468,0.0,0.0,1011.7,1,18.9,0.139
2023-11-12T20:00,Santacruz_AWS,19.1197,72.8468,0.0,0.0,1012.5,1,16.5,0.139
2023-11-12T21:00,Santacruz_AWS,19.1197,72.8468,0.0,0.0,1012.7,16,13.8,0.139
2023-11-12T22:00,Santacruz_AWS,19.1197,72.8468,0.0,0.0,1012.5,21,14.4,0.139
2023-11-12T23:00,Santacruz_AWS,19.1197,72.8468,0.0,0.0,1012.6,77,9.7,0.139
2023-11-13T00:00,Santacruz_AWS,19.1197,72.8468,0.0,0.0,1012.1,95,7.8,0.139
2023-11-13T01:00,Santacruz_AWS,19.1197,72.8468,0.0,0.0,1011.6,95,7.1,0.139
2023-11-13T02:00,Santacruz_AWS,19.1197,72.8468,0.0,0.0,1011.0,92,7.7,0.139
2023-11-13T03:00,Santacruz_AWS,19.1197,72.8468,0.0,0.0,1010.7,96,8.4,0.139
2023-11-13T04:00,Santacruz_AWS,19.1197,72.8468,0.0,0.0,1010.7,99,7.1,0.139
2023-11-13T05:00,Santacruz_AWS,19.1197,72.8468,0.0,0.0,1010.9,100,7.4,0.139
2023-11-13T06:00,Santacruz_AWS,19.1197,72.8468,0.0,0.0,1011.6,100,10.1,0.144
2023-11-13T07:00,Santacruz_AWS,19.1197,72.8468,0.0,0.0,1012.2,100,10.2,0.144
2023-11-13T08:00,Santacruz_AWS,19.1197,72.8468,0.0,0.0,1012.9,99,9.5,0.144
2023-11-13T09:00,Santacruz_AWS,19.1197,72.8468,0.0,0.0,1013.4,94,7.1,0.144
2023-11-13T10:00,Santacruz_AWS,19.1197,72.8468,0.0,0.0,1013.2,3,5.8,0.144
2023-11-13T11:00,Santacruz_AWS,19.1197,72.8468,0.0,0.0,1012.4,9,4.1,0.144
2023-11-13T12:00,Santacruz_AWS,19.1197,72.8468,0.0,0.0,1011.3,27,0.8,0.143
2023-11-13T13:00,Santacruz_AWS,19.1197,72.8468,0.0,0.0,1010.2,47,5.4,0.143
2023-11-13T14:00,Santacruz_AWS,19.1197,72.8468,0.0,0.0,1009.3,6,11.7,0.142
2023-11-13T15:00,Santacruz_AWS,19.1197,72.8468,0.0,0.0,1008.9,4,14.6,0.142
2023-11-13T16:00,Santacruz_AWS,19.1197,72.8468,0.0,0.0,1009.3,45,14.5,0.142
2023-11-13T17:00,Santacruz_AWS,19.1197,72.8468,0.0,0.0,1009.7,4,14.5,0.142
2023-11-13T18:00,Santacruz_AWS,19.1197,72.8468,0.0,0.0,1010.5,5,15.0,0.14
2023-11-13T19:00,Santacruz_AWS,19.1197,72.8468,0.0,0.0,1011.1,2,16.1,0.14
2023-11-13T20:00,Santacruz_AWS,19.1197,72.8468,0.0,0.0,1011.9,21,15.1,0.14
2023-11-13T21:00,Santacruz_AWS,19.1197,72.8468,0.0,0.0,1012.7,0,5.2,0.14
2023-11-13T22:00,Santacruz_AWS,19.1197,72.8468,0.0,0.0,1012.9,0,4.9,0.14
2023-11-13T23:00,Santacruz_AWS,19.1197,72.8468,0.0,0.0,1012.6,0,1.8,0.14
2023-11-14T00:00,Santacruz_AWS,19.1197,72.8468,0.0,0.0,1011.9,2,6.2,0.141
2023-11-14T01:00,Santacruz_AWS,19.1197,72.8468,0.0,0.0,1011.2,0,6.4,0.141
2023-11-14T02:00,Santacruz_AWS,19.1197,72.8468,0.0,0.0,1010.7,5,7.2,0.141
2023-11-14T03:00,Santacruz_AWS,19.1197,72.8468,0.0,0.0,1010.2,25,6.5,0.141
2023-11-14T04:00,Santacruz_AWS,19.1197,72.8468,0.0,0.0,1010.0,10,5.9,0.141
2023-11-14T05:00,Santacruz_AWS,19.1197,72.8468,0.0,0.0,1010.2,32,6.1,0.141
2023-11-14T06:00,Santacruz_AWS,19.1197,72.8468,0.0,0.0,1011.4,7,5.8,0.141
2023-11-14T07:00,Santacruz_AWS,19.1197,72.8468,0.0,0.0,1012.2,4,7.7,0.141
2023-11-14T08:00,Santacruz_AWS,19.1197,72.8468,0.0,0.0,1012.8,1,6.4,0.141
2023-11-14T09:00,Santacruz_AWS,19.1197,72.8468,0.0,0.0,1013.4,0,5.7,0.141
2023-11-14T10:00,Santacruz_AWS,19.1197,72.8468,0.0,0.0,1013.4,23,5.5,0.141
2023-11-14T11:00,Santacruz_AWS,19.1197,72.8468,0.0,0.0,1012.4,93,6.3,0.141
2023-11-14T12:00,Santacruz_AWS,19.1197,72.8468,0.0,0.0,1011.0,90,5.7,0.14
2023-11-14T13:00,Santacruz_AWS,19.1197,72.8468,0.0,0.0,1009.7,90,7.4,0.14
2023-11-14T14:00,Santacruz_AWS,19.1197,72.8468,0.0,0.0,1008.9,87,11.5,0.14
2023-11-14T15:00,Santacruz_AWS,19.1197,72.8468,0.0,0.0,1008.7,65,14.8,0.14
2023-11-14T16:00,Santacruz_AWS,19.1197,72.8468,0.0,0.0,1008.8,37,14.6,0.139
2023-11-14T17:00,Santacruz_AWS,19.1197,72.8468,0.0,0.0,1009.1,53,12.7,0.139
2023-11-14T18:00,Santacruz_AWS,19.1197,72.8468,0.0,0.0,1009.7,64,11.5,0.14
2023-11-14T19:00,Santacruz_AWS,19.1197,72.8468,0.0,0.0,1010.5,66,11.0,0.14
2023-11-14T20:00,Santacruz_AWS,19.1197,72.8468,0.0,0.0,1011.3,87,12.0,0.14
2023-11-14T21:00,Santacruz_AWS,19.1197,72.8468,0.0,0.0,1012.2,70,8.3,0.14
2023-11-14T22:00,Santacruz_AWS,19.1197,72.8468,0.0,0.0,1012.6,55,6.9,0.14
2023-11-14T23:00,Santacruz_AWS,19.1197,72.8468,0.0,0.0,1012.2,53,6.9,0.14
2023-11-15T00:00,Santacruz_AWS,19.1197,72.8468,0.0,0.0,1011.5,65,4.4,0.14
2023-11-15T01:00,Santacruz_AWS,19.1197,72.8468,0.0,0.0,1010.8,28,5.4,0.14
2023-11-15T02:00,Santacruz_AWS,19.1197,72.8468,0.0,0.0,1010.4,3,6.2,0.14
2023-11-15T03:00,Santacruz_AWS,19.1197,72.8468,0.0,0.0,1010.3,0,5.2,0.14
2023-11-15T04:00,Santacruz_AWS,19.1197,72.8468,0.0,0.0,1010.1,0,6.9,0.14
2023-11-15T05:00,Santacruz_AWS,19.1197,72.8468,0.0,0.0,1010.4,0,5.5,0.14
2023-11-15T06:00,Santacruz_AWS,19.1197,72.8468,0.0,0.0,1011.1,0,3.9,0.142
2023-11-15T07:00,Santacruz_AWS,19.1197,72.8468,0.0,0.0,1012.0,0,6.6,0.142
2023-11-15T08:00,Santacruz_AWS,19.1197,72.8468,0.0,0.0,1012.9,0,8.8,0.142
2023-11-15T09:00,Santacruz_AWS,19.1197,72.8468,0.0,0.0,1013.2,0,6.6,0.142
2023-11-15T10:00,Santacruz_AWS,19.1197,72.8468,0.0,0.0,1013.1,0,8.3,0.142
2023-11-15T11:00,Santacruz_AWS,19.1197,72.8468,0.0,0.0,1012.1,0,8.5,0.141
2023-11-15T12:00,Santacruz_AWS,19.1197,72.8468,0.0,0.0,1010.8,0,5.1,0.141
2023-11-15T13:00,Santacruz_AWS,19.1197,72.8468,0.0,0.0,1009.6,0,2.4,0.14
2023-11-15T14:00,Santacruz_AWS,19.1197,72.8468,0.0,0.0,1008.9,0,11.9,0.14
2023-11-15T15:00,Santacruz_AWS,19.1197,72.8468,0.0,0.0,1008.6,0,15.6,0.14
2023-11-15T16:00,Santacruz_AWS,19.1197,72.8468,0.0,0.0,1008.7,0,14.7,0.14
2023-11-15T17:00,Santacruz_AWS,19.1197,72.8468,0.0,0.0,1009.2,0,13.0,0.14
2023-11-15T18:00,Santacruz_AWS,19.1197,72.8468,0.0,0.0,1009.9,0,13.7,0.14
2023-11-15T19:00,Santacruz_AWS,19.1197,72.8468,0.0,0.0,1010.7,0,15.3,0.14
2023-11-15T20:00,Santacruz_AWS,19.1197,72.8468,0.0,0.0,1011.2,0,14.8,0.14
2023-11-15T21:00,Santacruz_AWS,19.1197,72.8468,0.0,0.0,1011.7,0,9.0,0.14
2023-11-15T22:00,Santacruz_AWS,19.1197,72.8468,0.0,0.0,1012.2,2,5.1,0.14
2023-11-15T23:00,Santacruz_AWS,19.1197,72.8468,0.0,0.0,1012.0,0,7.5,0.14
2023-11-16T00:00,Santacruz_AWS,19.1197,72.8468,0.0,0.0,1011.3,0,6.2,0.14
2023-11-16T01:00,Santacruz_AWS,19.1197,72.8468,0.0,0.0,1010.6,0,5.8,0.14
2023-11-16T02:00,Santacruz_AWS,19.1197,72.8468,0.0,0.0,1010.3,1,5.1,0.14
2023-11-16T03:00,Santacruz_AWS,19.1197,72.8468,0.0,0.0,1009.9,0,3.2,0.14
2023-11-16T04:00,Santacruz_AWS,19.1197,72.8468,0.0,0.0,1009.7,0,4.3,0.14
2023-11-16T05:00,Santacruz_AWS,19.1197,72.8468,0.0,0.0,1010.1,0,6.0,0.14
2023-11-16T06:00,Santacruz_AWS,19.1197,72.8468,0.0,0.0,1010.8,0,5.6,0.138
2023-11-16T07:00,Santacruz_AWS,19.1197,72.8468,0.0,0.0,1011.9,0,6.3,0.138
2023-11-16T08:00,Santacruz_AWS,19.1197,72.8468,0.0,0.0,1012.6,0,5.6,0.138
2023-11-16T09:00,Santacruz_AWS,19.1197,72.8468,0.0,0.0,1013.3,0,5.7,0.138
2023-11-16T10:00,Santacruz_AWS,19.1197,72.8468,0.0,0.0,1013.2,0,6.5,0.138
2023-11-16T11:00,Santacruz_AWS,19.1197,72.8468,0.0,0.0,1012.2,0,6.6,0.137
2023-11-16T12:00,Santacruz_AWS,19.1197,72.8468,0.0,0.0,1011.0,0,5.1,0.137
2023-11-16T13:00,Santacruz_AWS,19.1197,72.8468,0.0,0.0,1010.0,0,1.8,0.137
2023-11-16T14:00,Santacruz_AWS,19.1197,72.8468,0.0,0.0,1009.3,0,8.0,0.137
2023-11-16T15:00,Santacruz_AWS,19.1197,72.8468,0.0,0.0,1008.8,0,12.4,0.136
2023-11-16T16:00,Santacruz_AWS,19.1197,72.8468,0.0,0.0,1008.9,0,11.9,0.136
2023-11-16T17:00,Santacruz_AWS,19.1197,72.8468,0.0,0.0,1009.4,0,11.1,0.136
2023-11-16T18:00,Santacruz_AWS,19.1197,72.8468,0.0,0.0,1010.8,0,13.4,0.14
2023-11-16T19:00,Santacruz_AWS,19.1197,72.8468,0.0,0.0,1011.5,0,14.2,0.14
2023-11-16T20:00,Santacruz_AWS,19.1197,72.8468,0.0,0.0,1012.1,0,15.6,0.14
2023-11-16T21:00,Santacruz_AWS,19.1197,72.8468,0.0,0.0,1012.4,1,13.5,0.14
2023-11-16T22:00,Santacruz_AWS,19.1197,72.8468,0.0,0.0,1012.7,2,12.6,0.14
2023-11-16T23:00,Santacruz_AWS,19.1197,72.8468,0.0,0.0,1012.4,0,11.2,0.14
2023-11-17T00:00,Santacruz_AWS,19.1197,72.8468,0.0,0.0,1012.0,22,6.2,0.14
2023-11-17T01:00,Santacruz_AWS,19.1197,72.8468,0.0,0.0,1011.6,53,6.4,0.14
2023-11-17T02:00,Santacruz_AWS,19.1197,72.8468,0.0,0.0,1010.8,2,7.2,0.14
2023-11-17T03:00,Santacruz_AWS,19.1197,72.8468,0.0,0.0,1010.4,0,6.9,0.14
2023-11-17T04:00,Santacruz_AWS,19.1197,72.8468,0.0,0.0,1010.1,0,5.3,0.14
2023-11-17T05:00,Santacruz_AWS,19.1197,72.8468,0.0,0.0,1010.5,0,6.3,0.14
2023-11-17T06:00,Santacruz_AWS,19.1197,72.8468,0.0,0.0,1011.6,0,7.1,0.142
2023-11-17T07:00,Santacruz_AWS,19.1197,72.8468,0.0,0.0,1012.1,0,9.9,0.142
2023-11-17T08:00,Santacruz_AWS,19.1197,72.8468,0.0,0.0,1012.7,0,11.6,0.142
2023-11-17T09:00,Santacruz_AWS,19.1197,72.8468,0.0,0.0,1012.9,0,10.0,0.141
2023-11-17T10:00,Santacruz_AWS,19.1197,72.8468,0.0,0.0,1012.7,0,11.6,0.141
2023-11-17T11:00,Santacruz_AWS,19.1197,72.8468,0.0,0.0,1011.7,0,11.5,0.141
2023-11-17T12:00,Santacruz_AWS,19.1197,72.8468,0.0,0.0,1010.7,0,6.9,0.141
2023-11-17T13:00,Santacruz_AWS,19.1197,72.8468,0.0,0.0,1009.7,0,2.9,0.14
2023-11-17T14:00,Santacruz_AWS,19.1197,72.8468,0.0,0.0,1009.1,0,5.2,0.14
2023-11-17T15:00,Santacruz_AWS,19.1197,72.8468,0.0,0.0,1008.6,0,9.3,0.14
2023-11-17T16:00,Santacruz_AWS,19.1197,72.8468,0.0,0.0,1008.8,0,11.7,0.139
2023-11-17T17:00,Santacruz_AWS,19.1197,72.8468,0.0,0.0,1009.2,0,15.5,0.139
2023-11-17T18:00,Santacruz_AWS,19.1197,72.8468,0.0,0.0,1009.8,0,17.6,0.142
2023-11-17T19:00,Santacruz_AWS,19.1197,72.8468,0.0,0.0,1010.6,0,17.2,0.142
2023-11-17T20:00,Santacruz_AWS,19.1197,72.8468,0.0,0.0,1011.1,0,17.4,0.142
2023-11-17T21:00,Santacruz_AWS,19.1197,72.8468,0.0,0.0,1011.5,0,16.6,0.142
2023-11-17T22:00,Santacruz_AWS,19.1197,72.8468,0.0,0.0,1011.5,0,13.0,0.142
2023-11-17T23:00,Santacruz_AWS,19.1197,72.8468,0.0,0.0,1011.2,0,6.2,0.142
2023-11-18T00:00,Santacruz_AWS,19.1197,72.8468,0.0,0.0,1010.8,0,5.9,0.142
2023-11-18T01:00,Santacruz_AWS,19.1197,72.8468,0.0,0.0,1010.2,0,5.0,0.142
2023-11-18T02:00,Santacruz_AWS,19.1197,72.8468,0.0,0.0,1009.5,0,7.2,0.142
2023-11-18T03:00,Santacruz_AWS,19.1197,72.8468,0.0,0.0,1009.4,0,5.2,0.142
2023-11-18T04:00,Santacruz_AWS,19.1197,72.8468,0.0,0.0,1009.2,0,5.6,0.142
2023-11-18T05:00,Santacruz_AWS,19.1197,72.8468,0.0,0.0,1009.5,0,6.1,0.142
2023-11-18T06:00,Santacruz_AWS,19.1197,72.8468,0.0,0.0,1010.6,0,6.4,0.143
2023-11-18T07:00,Santacruz_AWS,19.1197,72.8468,0.0,0.0,1011.3,0,8.8,0.143
2023-11-18T08:00,Santacruz_AWS,19.1197,72.8468,0.0,0.0,1012.0,0,8.3,0.143
2023-11-18T09:00,Santacruz_AWS,19.1197,72.8468,0.0,0.0,1012.5,0,7.1,0.143
2023-11-18T10:00,Santacruz_AWS,19.1197,72.8468,0.0,0.0,1012.2,0,7.4,0.142
2023-11-18T11:00,Santacruz_AWS,19.1197,72.8468,0.0,0.0,1011.3,0,6.6,0.142
2023-11-18T12:00,Santacruz_AWS,19.1197,72.8468,0.0,0.0,1010.2,0,2.9,0.142
2023-11-18T13:00,Santacruz_AWS,19.1197,72.8468,0.0,0.0,1009.1,0,4.8,0.141
2023-11-18T14:00,Santacruz_AWS,19.1197,72.8468,0.0,0.0,1008.6,2,11.0,0.141
2023-11-18T15:00,Santacruz_AWS,19.1197,72.8468,0.0,0.0,1008.4,2,13.3,0.141
2023-11-18T16:00,Santacruz_AWS,19.1197,72.8468,0.0,0.0,1008.5,1,13.8,0.14
2023-11-18T17:00,Santacruz_AWS,19.1197,72.8468,0.0,0.0,1009.0,0,12.5,0.14
2023-11-18T18:00,Santacruz_AWS,19.1197,72.8468,0.0,0.0,1009.6,0,11.6,0.142
2023-11-18T19:00,Santacruz_AWS,19.1197,72.8468,0.0,0.0,1010.4,0,11.5,0.142
2023-11-18T20:00,Santacruz_AWS,19.1197,72.8468,0.0,0.0,1010.9,0,11.3,0.142
2023-11-18T21:00,Santacruz_AWS,19.1197,72.8468,0.0,0.0,1011.1,0,10.8,0.142
2023-11-18T22:00,Santacruz_AWS,19.1197,72.8468,0.0,0.0,1011.3,0,7.3,0.142
2023-11-18T23:00,Santacruz_AWS,19.1197,72.8468,0.0,0.0,1011.0,0,8.0,0.142
2023-11-19T00:00,Santacruz_AWS,19.1197,72.8468,0.0,0.0,1010.8,50,6.6,0.142
2023-11-19T01:00,Santacruz_AWS,19.1197,72.8468,0.0,0.0,1010.3,65,5.1,0.142
2023-11-19T02:00,Santacruz_AWS,19.1197,72.8468,0.0,0.0,1009.8,56,5.8,0.142
2023-11-19T03:00,Santacruz_AWS,19.1197,72.8468,0.0,0.0,1009.7,26,4.0,0.142
2023-11-19T04:00,Santacruz_AWS,19.1197,72.8468,0.0,0.0,1009.7,34,5.9,0.142
2023-11-19T05:00,Santacruz_AWS,19.1197,72.8468,0.0,0.0,1010.2,25,7.6,0.142
2023-11-19T06:00,Santacruz_AWS,19.1197,72.8468,0.0,0.0,1010.4,1,5.3,0.141
2023-11-19T07:00,Santacruz_AWS,19.1197,72.8468,0.0,0.0,1011.1,2,8.8,0.141
2023-11-19T08:00,Santacruz_AWS,19.1197,72.8468,0.0,0.0,1011.6,0,7.8,0.14
2023-11-19T09:00,Santacruz_AWS,19.1197,72.8468,0.0,0.0,1011.9,0,5.6,0.14
2023-11-19T10:00,Santacruz_AWS,19.1197,72.8468,0.0,0.0,1011.8,0,2.9,0.14
2023-11-19T11:00,Santacruz_AWS,19.1197,72.8468,0.0,0.0,1011.0,17,6.8,0.14
2023-11-19T12:00,Santacruz_AWS,19.1197,72.8468,0.0,0.0,1010.2,29,11.3,0.14
2023-11-19T13:00,Santacruz_AWS,19.1197,72.8468,0.0,0.0,1009.1,1,12.9,0.139
2023-11-19T14:00,Santacruz_AWS,19.1197,72.8468,0.0,0.0,1008.5,0,14.9,0.139
2023-11-19T15:00,Santacruz_AWS,19.1197,72.8468,0.0,0.0,1008.4,0,14.1,0.139
2023-11-19T16:00,Santacruz_AWS,19.1197,72.8468,0.0,0.0,1008.4,3,14.8,0.139
2023-11-19T17:00,Santacruz_AWS,19.1197,72.8468,0.0,0.0,1008.9,2,14.6,0.139
2023-11-19T18:00,Santacruz_AWS,19.1197,72.8468,0.0,0.0,1009.5,1,17.2,0.143
2023-11-19T19:00,Santacruz_AWS,19.1197,72.8468,0.0,0.0,1010.4,0,17.5,0.143
2023-11-19T20:00,Santacruz_AWS,19.1197,72.8468,0.0,0.0,1011.0,0,14.4,0.143
2023-11-19T21:00,Santacruz_AWS,19.1197,72.8468,0.0,0.0,1011.4,6,10.0,0.143
2023-11-19T22:00,Santacruz_AWS,19.1197,72.8468,0.0,0.0,1011.5,3,7.4,0.143
2023-11-19T23:00,Santacruz_AWS,19.1197,72.8468,0.0,0.0,1011.1,1,7.4,0.143
2023-11-20T00:00,Santacruz_AWS,19.1197,72.8468,0.0,0.0,1010.6,0,7.5,0.143
2023-11-20T01:00,Santacruz_AWS,19.1197,72.8468,0.0,0.0,1010.0,0,6.8,0.143
2023-11-20T02:00,Santacruz_AWS,19.1197,72.8468,0.0,0.0,1009.6,0,9.5,0.143
2023-11-20T03:00,Santacruz_AWS,19.1197,72.8468,0.0,0.0,1009.6,4,8.4,0.143
2023-11-20T04:00,Santacruz_AWS,19.1197,72.8468,0.0,0.0,1009.6,9,7.3,0.143
2023-11-20T05:00,Santacruz_AWS,19.1197,72.8468,0.0,0.0,1009.9,5,6.9,0.143
2023-11-20T06:00,Santacruz_AWS,19.1197,72.8468,0.0,0.0,1010.7,0,6.4,0.143
2023-11-20T07:00,Santacruz_AWS,19.1197,72.8468,0.0,0.0,1011.6,5,9.0,0.142
2023-11-20T08:00,Santacruz_AWS,19.1197,72.8468,0.0,0.0,1012.4,0,7.1,0.142
2023-11-20T09:00,Santacruz_AWS,19.1197,72.8468,0.0,0.0,1012.8,2,4.3,0.142
2023-11-20T10:00,Santacruz_AWS,19.1197,72.8468,0.0,0.0,1012.6,5,4.1,0.142
2023-11-20T11:00,Santacruz_AWS,19.1197,72.8468,0.0,0.0,1011.9,20,2.6,0.142
2023-11-20T12:00,Santacruz_AWS,19.1197,72.8468,0.0,0.0,1010.7,17,1.1,0.141
2023-11-20T13:00,Santacruz_AWS,19.1197,72.8468,0.0,0.0,1009.5,18,8.4,0.141
2023-11-20T14:00,Santacruz_AWS,19.1197,72.8468,0.0,0.0,1008.7,33,12.3,0.141
2023-11-20T15:00,Santacruz_AWS,19.1197,72.8468,0.0,0.0,1008.5,17,14.7,0.14
2023-11-20T16:00,Santacruz_AWS,19.1197,72.8468,0.0,0.0,1008.6,5,15.5,0.14
2023-11-20T17:00,Santacruz_AWS,19.1197,72.8468,0.0,0.0,1008.7,15,12.8,0.14
2023-11-20T18:00,Santacruz_AWS,19.1197,72.8468,0.0,0.0,1009.7,4,15.9,0.14
2023-11-20T19:00,Santacruz_AWS,19.1197,72.8468,0.0,0.0,1010.4,27,16.0,0.14
2023-11-20T20:00,Santacruz_AWS,19.1197,72.8468,0.0,0.0,1011.1,99,9.1,0.14
2023-11-20T21:00,Santacruz_AWS,19.1197,72.8468,0.0,0.0,1011.7,51,5.0,0.14
2023-11-20T22:00,Santacruz_AWS,19.1197,72.8468,0.0,0.0,1012.0,39,5.1,0.14
2023-11-20T23:00,Santacruz_AWS,19.1197,72.8468,0.0,0.0,1011.6,76,3.7,0.14
2023-11-21T00:00,Santacruz_AWS,19.1197,72.8468,0.0,0.0,1011.1,87,5.7,0.14
2023-11-21T01:00,Santacruz_AWS,19.1197,72.8468,0.0,0.0,1010.6,100,8.8,0.14
2023-11-21T02:00,Santacruz_AWS,19.1197,72.8468,0.0,0.0,1010.3,98,4.1,0.14
2023-11-21T03:00,Santacruz_AWS,19.1197,72.8468,0.0,0.0,1010.0,99,3.1,0.14
2023-11-21T04:00,Santacruz_AWS,19.1197,72.8468,0.0,0.0,1010.0,91,5.0,0.14
2023-11-21T05:00,Santacruz_AWS,19.1197,72.8468,0.0,0.0,1010.2,86,6.5,0.14
2023-11-21T06:00,Santacruz_AWS,19.1197,72.8468,0.0,0.0,1011.1,96,7.4,0.14
2023-11-21T07:00,Santacruz_AWS,19.1197,72.8468,0.0,0.0,1011.9,88,9.8,0.14
2023-11-21T08:00,Santacruz_AWS,19.1197,72.8468,0.0,0.0,1012.4,76,9.6,0.14
2023-11-21T09:00,Santacruz_AWS,19.1197,72.8468,0.0,0.0,1012.8,75,8.4,0.14
2023-11-21T10:00,Santacruz_AWS,19.1197,72.8468,0.0,0.0,1012.3,17,10.4,0.14
2023-11-21T11:00,Santacruz_AWS,19.1197,72.8468,0.0,0.0,1011.4,35,10.1,0.139
2023-11-21T12:00,Santacruz_AWS,19.1197,72.8468,0.0,0.0,1010.3,24,4.4,0.139
2023-11-21T13:00,Santacruz_AWS,19.1197,72.8468,0.0,0.0,1008.9,2,6.1,0.139
2023-11-21T14:00,Santacruz_AWS,19.1197,72.8468,0.0,0.0,1008.1,5,10.0,0.138
2023-11-21T15:00,Santacruz_AWS,19.1197,72.8468,0.0,0.0,1007.9,5,11.6,0.138
2023-11-21T16:00,Santacruz_AWS,19.1197,72.8468,0.0,0.0,1008.1,3,20.2,0.138
2023-11-21T17:00,Santacruz_AWS,19.1197,72.8468,0.0,0.0,1008.5,2,16.7,0.138
2023-11-21T18:00,Santacruz_AWS,19.1197,72.8468,0.0,0.0,1009.4,1,13.5,0.138
2023-11-21T19:00,Santacruz_AWS,19.1197,72.8468,0.0,0.0,1010.2,0,14.3,0.138
2023-11-21T20:00,Santacruz_AWS,19.1197,72.8468,0.0,0.0,1010.7,0,14.5,0.138
2023-11-21T21:00,Santacruz_AWS,19.1197,72.8468,0.0,0.0,1010.8,0,16.1,0.138
2023-11-21T22:00,Santacruz_AWS,19.1197,72.8468,0.0,0.0,1011.0,0,15.3,0.138
2023-11-21T23:00,Santacruz_AWS,19.1197,72.8468,0.0,0.0,1010.6,0,12.2,0.138
2023-11-22T00:00,Santacruz_AWS,19.1197,72.8468,0.0,0.0,1010.2,0,8.2,0.138
2023-11-22T01:00,Santacruz_AWS,19.1197,72.8468,0.0,0.0,1009.6,0,8.2,0.138
2023-11-22T02:00,Santacruz_AWS,19.1197,72.8468,0.0,0.0,1009.3,0,9.6,0.138
2023-11-22T03:00,Santacruz_AWS,19.1197,72.8468,0.0,0.0,1009.0,0,9.4,0.138
2023-11-22T04:00,Santacruz_AWS,19.1197,72.8468,0.0,0.0,1009.1,0,8.9,0.138
2023-11-22T05:00,Santacruz_AWS,19.1197,72.8468,0.0,0.0,1009.4,0,8.1,0.138
2023-11-22T06:00,Santacruz_AWS,19.1197,72.8468,0.0,0.0,1010.6,46,9.0,0.138
2023-11-22T07:00,Santacruz_AWS,19.1197,72.8468,0.0,0.0,1011.4,40,10.5,0.138
2023-11-22T08:00,Santacruz_AWS,19.1197,72.8468,0.0,0.0,1012.0,1,10.5,0.138
2023-11-22T09:00,Santacruz_AWS,19.1197,72.8468,0.0,0.0,1012.3,0,9.7,0.138
2023-11-22T10:00,Santacruz_AWS,19.1197,72.8468,0.0,0.0,1011.9,0,8.9,0.137
2023-11-22T11:00,Santacruz_AWS,19.1197,72.8468,0.0,0.0,1010.8,0,7.1,0.137
2023-11-22T12:00,Santacruz_AWS,19.1197,72.8468,0.0,0.0,1009.6,0,4.0,0.137
2023-11-22T13:00,Santacruz_AWS,19.1197,72.8468,0.0,0.0,1008.5,0,6.9,0.137
2023-11-22T14:00,Santacruz_AWS,19.1197,72.8468,0.0,0.0,1007.7,0,14.8,0.136
2023-11-22T15:00,Santacruz_AWS,19.1197,72.8468,0.0,0.0,1007.4,0,18.4,0.136
2023-11-22T16:00,Santacruz_AWS,19.1197,72.8468,0.0,0.0,1007.6,0,17.7,0.136
2023-11-22T17:00,Santacruz_AWS,19.1197,72.8468,0.0,0.0,1008.1,0,16.6,0.136
2023-11-22T18:00,Santacruz_AWS,19.1197,72.8468,0.0,0.0,1008.9,0,16.4,0.136
2023-11-22T19:00,Santacruz_AWS,19.1197,72.8468,0.0,0.0,1009.6,0,17.1,0.136
2023-11-22T20:00,Santacruz_AWS,19.1197,72.8468,0.0,0.0,1010.0,0,15.3,0.136
2023-11-22T21:00,Santacruz_AWS,19.1197,72.8468,0.0,0.0,1010.3,0,13.3,0.136
2023-11-22T22:00,Santacruz_AWS,19.1197,72.8468,0.0,0.0,1010.5,0,11.2,0.136
2023-11-22T23:00,Santacruz_AWS,19.1197,72.8468,0.0,0.0,1009.9,0,10.5,0.136
2023-11-23T00:00,Santacruz_AWS,19.1197,72.8468,0.0,0.0,1009.4,0,7.3,0.136
2023-11-23T01:00,Santacruz_AWS,19.1197,72.8468,0.0,0.0,1008.9,0,7.9,0.136
2023-11-23T02:00,Santacruz_AWS,19.1197,72.8468,0.0,0.0,1008.4,0,8.1,0.136
2023-11-23T03:00,Santacruz_AWS,19.1197,72.8468,0.0,0.0,1008.0,0,6.2,0.136
2023-11-23T04:00,Santacruz_AWS,19.1197,72.8468,0.0,0.0,1008.0,0,6.8,0.136
2023-11-23T05:00,Santacruz_AWS,19.1197,72.8468,0.0,0.0,1008.2,0,7.9,0.136
2023-11-23T06:00,Santacruz_AWS,19.1197,72.8468,0.0,0.0,1008.9,0,7.1,0.136
2023-11-23T07:00,Santacruz_AWS,19.1197,72.8468,0.0,0.0,1009.5,0,9.4,0.136
2023-11-23T08:00,Santacruz_AWS,19.1197,72.8468,0.0,0.0,1010.1,0,8.5,0.136
2023-11-23T09:00,Santacruz_AWS,19.1197,72.8468,0.0,0.0,1010.5,0,7.9,0.136
2023-11-23T10:00,Santacruz_AWS,19.1197,72.8468,0.0,0.0,1010.2,0,7.1,0.136
2023-11-23T11:00,Santacruz_AWS,19.1197,72.8468,0.0,0.0,1009.1,0,5.1,0.136
2023-11-23T12:00,Santacruz_AWS,19.1197,72.8468,0.0,0.0,1007.9,0,6.7,0.135
2023-11-23T13:00,Santacruz_AWS,19.1197,72.8468,0.0,0.0,1006.8,1,11.4,0.135
2023-11-23T14:00,Santacruz_AWS,19.1197,72.8468,0.0,0.0,1006.1,1,14.2,0.135
2023-11-23T15:00,Santacruz_AWS,19.1197,72.8468,0.0,0.0,1005.6,0,14.3,0.135
2023-11-23T16:00,Santacruz_AWS,19.1197,72.8468,0.0,0.0,1005.5,10,16.1,0.135
2023-11-23T17:00,Santacruz_AWS,19.1197,72.8468,0.0,0.0,1005.7,0,16.7,0.135
2023-11-23T18:00,Santacruz_AWS,19.1197,72.8468,0.0,0.0,1006.4,0,18.1,0.135
2023-11-23T19:00,Santacruz_AWS,19.1197,72.8468,0.0,0.0,1007.1,7,15.5,0.135
2023-11-23T20:00,Santacruz_AWS,19.1197,72.8468,0.0,0.0,1007.9,10,14.4,0.135
2023-11-23T21:00,Santacruz_AWS,19.1197,72.8468,0.0,0.0,1008.5,0,11.3,0.135
2023-11-23T22:00,Santacruz_AWS,19.1197,72.8468,0.0,0.0,1008.2,0,9.7,0.135
2023-11-23T23:00,Santacruz_AWS,19.1197,72.8468,0.0,0.0,1008.0,0,8.0,0.135
2023-11-24T00:00,Santacruz_AWS,19.1197,72.8468,0.0,0.0,1007.4,0,7.6,0.135
2023-11-24T01:00,Santacruz_AWS,19.1197,72.8468,0.0,0.0,1007.1,0,5.0,0.135
2023-11-24T02:00,Santacruz_AWS,19.1197,72.8468,0.0,0.0,1006.5,0,5.6,0.135
2023-11-24T03:00,Santacruz_AWS,19.1197,72.8468,0.0,0.0,1006.2,0,7.9,0.135
2023-11-24T04:00,Santacruz_AWS,19.1197,72.8468,0.0,0.0,1006.3,2,7.4,0.135
2023-11-24T05:00,Santacruz_AWS,19.1197,72.8468,0.0,0.0,1006.6,1,6.1,0.135
2023-11-24T06:00,Santacruz_AWS,19.1197,72.8468,0.0,0.0,1007.7,0,7.1,0.135
2023-11-24T07:00,Santacruz_AWS,19.1197,72.8468,0.0,0.0,1008.4,0,9.8,0.135
2023-11-24T08:00,Santacruz_AWS,19.1197,72.8468,0.0,0.0,1009.1,0,10.1,0.135
2023-11-24T09:00,Santacruz_AWS,19.1197,72.8468,0.0,0.0,1009.8,0,8.0,0.135
2023-11-24T10:00,Santacruz_AWS,19.1197,72.8468,0.0,0.0,1009.9,1,9.0,0.135
2023-11-24T11:00,Santacruz_AWS,19.1197,72.8468,0.0,0.0,1009.1,38,9.0,0.135
2023-11-24T12:00,Santacruz_AWS,19.1197,72.8468,0.0,0.0,1008.1,17,7.6,0.134
2023-11-24T13:00,Santacruz_AWS,19.1197,72.8468,0.0,0.0,1006.9,39,5.1,0.134
2023-11-24T14:00,Santacruz_AWS,19.1197,72.8468,0.0,0.0,1006.0,28,9.0,0.134
2023-11-24T15:00,Santacruz_AWS,19.1197,72.8468,0.0,0.0,1005.8,8,14.3,0.134
2023-11-24T16:00,Santacruz_AWS,19.1197,72.8468,0.0,0.0,1005.6,1,15.2,0.134
2023-11-24T17:00,Santacruz_AWS,19.1197,72.8468,0.0,0.0,1006.3,0,10.7,0.134
2023-11-24T18:00,Santacruz_AWS,19.1197,72.8468,0.0,0.0,1007.9,2,6.0,0.134
2023-11-24T19:00,Santacruz_AWS,19.1197,72.8468,0.0,0.0,1008.8,0,6.6,0.134
2023-11-24T20:00,Santacruz_AWS,19.1197,72.8468,0.0,0.0,1009.6,0,8.7,0.134
2023-11-24T21:00,Santacruz_AWS,19.1197,72.8468,0.0,0.0,1010.1,0,8.3,0.134
2023-11-24T22:00,Santacruz_AWS,19.1197,72.8468,0.0,0.0,1010.2,0,6.5,0.134
2023-11-24T23:00,Santacruz_AWS,19.1197,72.8468,0.0,0.0,1010.0,0,6.3,0.134
2023-11-25T00:00,Santacruz_AWS,19.1197,72.8468,0.0,0.0,1009.4,0,6.5,0.134
2023-11-25T01:00,Santacruz_AWS,19.1197,72.8468,0.0,0.0,1009.0,0,7.4,0.134
2023-11-25T02:00,Santacruz_AWS,19.1197,72.8468,0.0,0.0,1008.8,0,9.4,0.134
2023-11-25T03:00,Santacruz_AWS,19.1197,72.8468,0.0,0.0,1008.7,0,10.4,0.134
2023-11-25T04:00,Santacruz_AWS,19.1197,72.8468,0.0,0.0,1008.7,0,10.6,0.134
2023-11-25T05:00,Santacruz_AWS,19.1197,72.8468,0.0,0.0,1008.9,0,9.7,0.134
2023-11-25T06:00,Santacruz_AWS,19.1197,72.8468,0.0,0.0,1009.8,53,8.2,0.134
2023-11-25T07:00,Santacruz_AWS,19.1197,72.8468,0.0,0.0,1010.6,0,9.9,0.134
2023-11-25T08:00,Santacruz_AWS,19.1197,72.8468,0.0,0.0,1011.1,0,9.1,0.134
2023-11-25T09:00,Santacruz_AWS,19.1197,72.8468,0.0,0.0,1011.8,0,11.0,0.134
2023-11-25T10:00,Santacruz_AWS,19.1197,72.8468,0.0,0.0,1011.9,0,10.1,0.134
2023-11-25T11:00,Santacruz_AWS,19.1197,72.8468,0.0,0.0,1010.9,19,10.7,0.134
2023-11-25T12:00,Santacruz_AWS,19.1197,72.8468,0.0,0.0,1009.4,15,9.7,0.134
2023-11-25T13:00,Santacruz_AWS,19.1197,72.8468,0.0,0.0,1008.4,13,6.2,0.134
2023-11-25T14:00,Santacruz_AWS,19.1197,72.8468,0.0,0.0,1007.7,19,6.4,0.134
2023-11-25T15:00,Santacruz_AWS,19.1197,72.8468,0.0,0.0,1007.6,13,11.4,0.134
2023-11-25T16:00,Santacruz_AWS,19.1197,72.8468,0.0,0.0,1007.9,11,12.0,0.134
2023-11-25T17:00,Santacruz_AWS,19.1197,72.8468,0.0,0.0,1008.3,6,9.6,0.134
2023-11-25T18:00,Santacruz_AWS,19.1197,72.8468,0.0,0.0,1009.2,6,9.7,0.134
2023-11-25T19:00,Santacruz_AWS,19.1197,72.8468,0.0,0.0,1010.2,3,7.7,0.134
2023-11-25T20:00,Santacruz_AWS,19.1197,72.8468,0.0,0.0,1010.7,14,10.0,0.134
2023-11-25T21:00,Santacruz_AWS,19.1197,72.8468,0.0,0.0,1011.1,28,8.3,0.134
2023-11-25T22:00,Santacruz_AWS,19.1197,72.8468,0.0,0.0,1011.5,23,4.2,0.134
2023-11-25T23:00,Santacruz_AWS,19.1197,72.8468,0.0,0.0,1011.0,7,5.6,0.134
2023-11-26T00:00,Santacruz_AWS,19.1197,72.8468,0.0,0.0,1010.6,39,3.2,0.134
2023-11-26T01:00,Santacruz_AWS,19.1197,72.8468,0.0,0.0,1010.3,50,4.1,0.134
2023-11-26T02:00,Santacruz_AWS,19.1197,72.8468,0.0,0.0,1009.8,73,3.4,0.134
2023-11-26T03:00,Santacruz_AWS,19.1197,72.8468,0.0,0.0,1009.5,53,5.8,0.134
2023-11-26T04:00,Santacruz_AWS,19.1197,72.8468,0.0,0.0,1009.5,76,7.7,0.134
2023-11-26T05:00,Santacruz_AWS,19.1197,72.8468,0.0,0.0,1009.8,53,5.2,0.134
2023-11-26T06:00,Santacruz_AWS,19.1197,72.8468,0.0,0.0,1010.3,100,2.5,0.138
2023-11-26T07:00,Santacruz_AWS,19.1197,72.8468,0.0,0.0,1010.9,100,2.5,0.138
2023-11-26T08:00,Santacruz_AWS,19.1197,72.8468,0.0,0.0,1011.4,83,7.5,0.138
2023-11-26T09:00,Santacruz_AWS,19.1197,72.8468,0.0,0.0,1012.3,56,9.8,0.138
2023-11-26T10:00,Santacruz_AWS,19.1197,72.8468,0.0,0.0,1012.2,38,11.2,0.138
2023-11-26T11:00,Santacruz_AWS,19.1197,72.8468,0.0,0.0,1011.4,23,11.3,0.138
2023-11-26T12:00,Santacruz_AWS,19.1197,72.8468,0.1,0.1,1010.2,14,12.1,0.138
2023-11-26T13:00,Santacruz_AWS,19.1197,72.8468,0.3,0.3,1009.5,39,11.1,0.14
2023-11-26T14:00,Santacruz_AWS,19.1197,72.8468,1.2,1.2,1008.4,70,13.1,0.153
2023-11-26T15:00,Santacruz_AWS,19.1197,72.8468,0.0,0.0,1008.0,80,12.2,0.153
2023-11-26T16:00,Santacruz_AWS,19.1197,72.8468,0.5,0.5,1008.0,82,8.3,0.157
2023-11-26T17:00,Santacruz_AWS,19.1197,72.8468,0.0,0.0,1008.3,67,7.1,0.157
2023-11-26T18:00,Santacruz_AWS,19.1197,72.8468,0.0,0.0,1008.6,35,6.3,0.164
2023-11-26T19:00,Santacruz_AWS,19.1197,72.8468,0.0,0.0,1010.0,35,9.5,0.164
2023-11-26T20:00,Santacruz_AWS,19.1197,72.8468,0.0,0.0,1010.9,81,19.0,0.164
2023-11-26T21:00,Santacruz_AWS,19.1197,72.8468,0.3,0.3,1011.4,57,7.2,0.166
2023-11-26T22:00,Santacruz_AWS,19.1197,72.8468,0.0,0.0,1011.4,87,2.1,0.166
2023-11-26T23:00,Santacruz_AWS,19.1197,72.8468,0.0,0.0,1010.9,98,0.8,0.166
2023-11-27T00:00,Santacruz_AWS,19.1197,72.8468,0.0,0.0,1010.9,98,7.1,0.166
2023-11-27T01:00,Santacruz_AWS,19.1197,72.8468,0.0,0.0,1010.4,77,3.2,0.166
2023-11-27T02:00,Santacruz_AWS,19.1197,72.8468,0.0,0.0,1009.7,100,1.5,0.167
2023-11-27T03:00,Santacruz_AWS,19.1197,72.8468,0.1,0.1,1009.2,100,0.5,0.168
2023-11-27T04:00,Santacruz_AWS,19.1197,72.8468,0.4,0.4,1009.2,100,2.0,0.171
2023-11-27T05:00,Santacruz_AWS,19.1197,72.8468,0.2,0.2,1009.2,100,2.9,0.172
2023-11-27T06:00,Santacruz_AWS,19.1197,72.8468,0.0,0.0,1009.9,32,6.4,0.164
2023-11-27T07:00,Santacruz_AWS,19.1197,72.8468,0.1,0.1,1010.4,28,6.5,0.165
2023-11-27T08:00,Santacruz_AWS,19.1197,72.8468,0.0,0.0,1011.2,20,6.5,0.165
2023-11-27T09:00,Santacruz_AWS,19.1197,72.8468,0.1,0.1,1011.8,29,6.5,0.166
2023-11-27T10:00,Santacruz_AWS,19.1197,72.8468,0.0,0.0,1012.0,8,6.1,0.165
2023-11-27T11:00,Santacruz_AWS,19.1197,72.8468,0.0,0.0,1011.0,16,4.6,0.164
2023-11-27T12:00,Santacruz_AWS,19.1197,72.8468,0.0,0.0,1009.6,13,4.2,0.164
2023-11-27T13:00,Santacruz_AWS,19.1197,72.8468,0.0,0.0,1008.2,12,6.3,0.163
2023-11-27T14:00,Santacruz_AWS,19.1197,72.8468,0.0,0.0,1007.2,12,9.1,0.162
2023-11-27T15:00,Santacruz_AWS,19.1197,72.8468,0.0,0.0,1007.2,21,11.8,0.161
2023-11-27T16:00,Santacruz_AWS,19.1197,72.8468,0.0,0.0,1007.2,9,14.0,0.161
2023-11-27T17:00,Santacruz_AWS,19.1197,72.8468,0.0,0.0,1007.6,11,12.2,0.16
2023-11-27T18:00,Santacruz_AWS,19.1197,72.8468,0.0,0.0,1008.3,16,13.7,0.162
2023-11-27T19:00,Santacruz_AWS,19.1197,72.8468,0.0,0.0,1009.2,10,14.9,0.162
2023-11-27T20:00,Santacruz_AWS,19.1197,72.8468,0.0,0.0,1010.0,7,11.2,0.162
2023-11-27T21:00,Santacruz_AWS,19.1197,72.8468,0.0,0.0,1010.4,10,7.3,0.162
2023-11-27T22:00,Santacruz_AWS,19.1197,72.8468,0.0,0.0,1010.5,6,6.2,0.162
2023-11-27T23:00,Santacruz_AWS,19.1197,72.8468,0.0,0.0,1010.0,5,6.5,0.162
2023-11-28T00:00,Santacruz_AWS,19.1197,72.8468,0.0,0.0,1009.5,13,6.6,0.162
2023-11-28T01:00,Santacruz_AWS,19.1197,72.8468,0.0,0.0,1009.0,21,4.0,0.162
2023-11-28T02:00,Santacruz_AWS,19.1197,72.8468,0.0,0.0,1008.7,16,3.2,0.162
2023-11-28T03:00,Santacruz_AWS,19.1197,72.8468,0.0,0.0,1008.2,13,3.5,0.162
2023-11-28T04:00,Santacruz_AWS,19.1197,72.8468,0.0,0.0,1008.1,24,3.7,0.162
2023-11-28T05:00,Santacruz_AWS,19.1197,72.8468,0.0,0.0,1008.3,33,5.4,0.162
2023-11-28T06:00,Santacruz_AWS,19.1197,72.8468,0.0,0.0,1009.3,38,4.2,0.163
2023-11-28T07:00,Santacruz_AWS,19.1197,72.8468,0.0,0.0,1009.6,7,8.6,0.163
2023-11-28T08:00,Santacruz_AWS,19.1197,72.8468,0.0,0.0,1010.3,7,6.7,0.163
2023-11-28T09:00,Santacruz_AWS,19.1197,72.8468,0.0,0.0,1010.7,2,7.6,0.162
2023-11-28T10:00,Santacruz_AWS,19.1197,72.8468,0.0,0.0,1010.5,2,6.3,0.162
2023-11-28T11:00,Santacruz_AWS,19.1197,72.8468,0.0,0.0,1009.7,6,6.9,0.161
2023-11-28T12:00,Santacruz_AWS,19.1197,72.8468,0.0,0.0,1008.7,3,10.9,0.16
2023-11-28T13:00,Santacruz_AWS,19.1197,72.8468,0.0,0.0,1007.7,0,14.6,0.159
2023-11-28T14:00,Santacruz_AWS,19.1197,72.8468,0.0,0.0,1007.0,0,16.4,0.159
2023-11-28T15:00,Santacruz_AWS,19.1197,72.8468,0.0,0.0,1006.6,0,16.6,0.158
2023-11-28T16:00,Santacruz_AWS,19.1197,72.8468,0.0,0.0,1006.5,0,15.5,0.158
2023-11-28T17:00,Santacruz_AWS,19.1197,72.8468,0.0,0.0,1006.9,0,14.3,0.157
2023-11-28T18:00,Santacruz_AWS,19.1197,72.8468,0.0,0.0,1007.5,0,15.0,0.158
2023-11-28T19:00,Santacruz_AWS,19.1197,72.8468,0.0,0.0,1008.4,0,14.3,0.157
2023-11-28T20:00,Santacruz_AWS,19.1197,72.8468,0.0,0.0,1008.9,0,13.6,0.157
2023-11-28T21:00,Santacruz_AWS,19.1197,72.8468,0.0,0.0,1009.6,1,12.4,0.157
2023-11-28T22:00,Santacruz_AWS,19.1197,72.8468,0.0,0.0,1009.7,0,11.2,0.157
2023-11-28T23:00,Santacruz_AWS,19.1197,72.8468,0.0,0.0,1009.4,0,10.2,0.157
2023-11-29T00:00,Santacruz_AWS,19.1197,72.8468,0.0,0.0,1009.0,0,9.5,0.157
2023-11-29T01:00,Santacruz_AWS,19.1197,72.8468,0.0,0.0,1008.6,0,7.9,0.157
2023-11-29T02:00,Santacruz_AWS,19.1197,72.8468,0.0,0.0,1008.1,0,6.2,0.157
2023-11-29T03:00,Santacruz_AWS,19.1197,72.8468,0.0,0.0,1007.9,0,4.7,0.157
2023-11-29T04:00,Santacruz_AWS,19.1197,72.8468,0.0,0.0,1007.9,0,5.4,0.157
2023-11-29T05:00,Santacruz_AWS,19.1197,72.8468,0.0,0.0,1008.3,0,4.7,0.157
2023-11-29T06:00,Santacruz_AWS,19.1197,72.8468,0.0,0.0,1009.7,31,3.3,0.157
2023-11-29T07:00,Santacruz_AWS,19.1197,72.8468,0.0,0.0,1010.4,6,3.9,0.157
2023-11-29T08:00,Santacruz_AWS,19.1197,72.8468,0.0,0.0,1011.2,2,4.3,0.157
2023-11-29T09:00,Santacruz_AWS,19.1197,72.8468,0.0,0.0,1011.8,0,3.7,0.156
2023-11-29T10:00,Santacruz_AWS,19.1197,72.8468,0.0,0.0,1011.8,0,2.0,0.156
2023-11-29T11:00,Santacruz_AWS,19.1197,72.8468,0.0,0.0,1010.8,0,6.6,0.155
2023-11-29T12:00,Santacruz_AWS,19.1197,72.8468,0.0,0.0,1009.8,0,9.0,0.155
2023-11-29T13:00,Santacruz_AWS,19.1197,72.8468,0.0,0.0,1008.8,0,11.6,0.154
2023-11-29T14:00,Santacruz_AWS,19.1197,72.8468,0.0,0.0,1008.1,0,13.8,0.154
2023-11-29T15:00,Santacruz_AWS,19.1197,72.8468,0.0,0.0,1008.0,0,14.7,0.153
2023-11-29T16:00,Santacruz_AWS,19.1197,72.8468,0.0,0.0,1008.0,0,14.5,0.153
2023-11-29T17:00,Santacruz_AWS,19.1197,72.8468,0.0,0.0,1008.3,0,14.8,0.153
2023-11-29T18:00,Santacruz_AWS,19.1197,72.8468,0.0,0.0,1009.1,0,15.3,0.151
2023-11-29T19:00,Santacruz_AWS,19.1197,72.8468,0.0,0.0,1010.1,0,14.3,0.151
2023-11-29T20:00,Santacruz_AWS,19.1197,72.8468,0.0,0.0,1010.9,0,13.3,0.151
2023-11-29T21:00,Santacruz_AWS,19.1197,72.8468,0.0,0.0,1011.2,0,11.5,0.151
2023-11-29T22:00,Santacruz_AWS,19.1197,72.8468,0.0,0.0,1011.4,38,9.6,0.151
2023-11-29T23:00,Santacruz_AWS,19.1197,72.8468,0.0,0.0,1011.1,49,6.7,0.151
2023-11-30T00:00,Santacruz_AWS,19.1197,72.8468,0.0,0.0,1010.6,96,5.9,0.151
2023-11-30T01:00,Santacruz_AWS,19.1197,72.8468,0.0,0.0,1009.9,97,6.0,0.151
2023-11-30T02:00,Santacruz_AWS,19.1197,72.8468,0.0,0.0,1009.5,87,6.3,0.151
2023-11-30T03:00,Santacruz_AWS,19.1197,72.8468,0.0,0.0,1009.2,99,4.6,0.151
2023-11-30T04:00,Santacruz_AWS,19.1197,72.8468,0.0,0.0,1009.2,78,3.3,0.151
2023-11-30T05:00,Santacruz_AWS,19.1197,72.8468,0.0,0.0,1009.5,70,2.4,0.151
2023-11-30T06:00,Santacruz_AWS,19.1197,72.8468,0.0,0.0,1010.3,58,3.6,0.149
2023-11-30T07:00,Santacruz_AWS,19.1197,72.8468,0.0,0.0,1010.9,66,5.0,0.149
2023-11-30T08:00,Santacruz_AWS,19.1197,72.8468,0.0,0.0,1011.3,32,4.7,0.149
2023-11-30T09:00,Santacruz_AWS,19.1197,72.8468,0.0,0.0,1011.8,1,4.3,0.149
2023-11-30T10:00,Santacruz_AWS,19.1197,72.8468,0.0,0.0,1011.7,0,6.3,0.149
2023-11-30T11:00,Santacruz_AWS,19.1197,72.8468,0.0,0.0,1011.1,2,7.7,0.148
2023-11-30T12:00,Santacruz_AWS,19.1197,72.8468,0.0,0.0,1010.1,0,11.4,0.148
2023-11-30T13:00,Santacruz_AWS,19.1197,72.8468,0.0,0.0,1009.0,0,14.8,0.148
2023-11-30T14:00,Santacruz_AWS,19.1197,72.8468,0.0,0.0,1008.3,0,16.8,0.147
2023-11-30T15:00,Santacruz_AWS,19.1197,72.8468,0.0,0.0,1008.2,0,17.8,0.147
2023-11-30T16:00,Santacruz_AWS,19.1197,72.8468,0.0,0.0,1008.3,0,17.3,0.147
2023-11-30T17:00,Santacruz_AWS,19.1197,72.8468,0.0,0.0,1008.8,0,15.3,0.147
2023-11-30T18:00,Santacruz_AWS,19.1197,72.8468,0.0,0.0,1009.4,0,13.8,0.145
2023-11-30T19:00,Santacruz_AWS,19.1197,72.8468,0.0,0.0,1010.1,0,14.5,0.145
2023-11-30T20:00,Santacruz_AWS,19.1197,72.8468,0.0,0.0,1010.7,0,13.1,0.145
2023-11-30T21:00,Santacruz_AWS,19.1197,72.8468,0.0,0.0,1011.5,0,12.2,0.145
2023-11-30T22:00,Santacruz_AWS,19.1197,72.8468,0.0,0.0,1011.7,2,9.0,0.145
2023-11-30T23:00,Santacruz_AWS,19.1197,72.8468,0.0,0.0,1011.3,2,6.5,0.145
2023-12-01T00:00,Santacruz_AWS,19.1197,72.8468,0.0,0.0,1010.9,3,5.1,0.145
2023-12-01T01:00,Santacruz_AWS,19.1197,72.8468,0.0,0.0,1010.7,3,4.7,0.145
2023-12-01T02:00,Santacruz_AWS,19.1197,72.8468,0.0,0.0,1010.2,1,5.8,0.145
2023-12-01T03:00,Santacruz_AWS,19.1197,72.8468,0.0,0.0,1009.8,44,5.1,0.145
2023-12-01T04:00,Santacruz_AWS,19.1197,72.8468,0.0,0.0,1009.8,13,3.8,0.145
2023-12-01T05:00,Santacruz_AWS,19.1197,72.8468,0.0,0.0,1010.0,13,4.0,0.145
2023-12-01T06:00,Santacruz_AWS,19.1197,72.8468,0.0,0.0,1010.3,41,5.1,0.144
2023-12-01T07:00,Santacruz_AWS,19.1197,72.8468,0.0,0.0,1010.8,59,7.2,0.144
2023-12-01T08:00,Santacruz_AWS,19.1197,72.8468,0.0,0.0,1011.5,21,6.8,0.144
2023-12-01T09:00,Santacruz_AWS,19.1197,72.8468,0.0,0.0,1012.1,14,5.9,0.144
2023-12-01T10:00,Santacruz_AWS,19.1197,72.8468,0.0,0.0,1011.9,9,4.3,0.143
2023-12-01T11:00,Santacruz_AWS,19.1197,72.8468,0.0,0.0,1011.0,8,1.5,0.144
2023-12-01T12:00,Santacruz_AWS,19.1197,72.8468,0.0,0.0,1009.7,4,6.6,0.143
2023-12-01T13:00,Santacruz_AWS,19.1197,72.8468,0.3,0.3,1008.7,13,13.0,0.145
2023-12-01T14:00,Santacruz_AWS,19.1197,72.8468,0.0,0.0,1007.9,2,14.7,0.145
2023-12-01T15:00,Santacruz_AWS,19.1197,72.8468,0.0,0.0,1007.5,0,15.3,0.145
2023-12-01T16:00,Santacruz_AWS,19.1197,72.8468,0.0,0.0,1007.4,0,15.8,0.144
2023-12-01T17:00,Santacruz_AWS,19.1197,72.8468,0.0,0.0,1008.0,0,14.2,0.144
2023-12-01T18:00,Santacruz_AWS,19.1197,72.8468,0.0,0.0,1008.5,0,13.0,0.144
2023-12-01T19:00,Santacruz_AWS,19.1197,72.8468,0.0,0.0,1009.2,0,10.9,0.144
2023-12-01T20:00,Santacruz_AWS,19.1197,72.8468,0.0,0.0,1009.9,2,9.3,0.144
2023-12-01T21:00,Santacruz_AWS,19.1197,72.8468,0.0,0.0,1010.3,3,8.0,0.144
2023-12-01T22:00,Santacruz_AWS,19.1197,72.8468,0.0,0.0,1010.5,2,7.3,0.144
2023-12-01T23:00,Santacruz_AWS,19.1197,72.8468,0.0,0.0,1010.3,0,5.5,0.144
2023-12-02T00:00,Santacruz_AWS,19.1197,72.8468,0.0,0.0,1009.8,7,5.9,0.144
2023-12-02T01:00,Santacruz_AWS,19.1197,72.8468,0.0,0.0,1009.4,15,3.6,0.144
2023-12-02T02:00,Santacruz_AWS,19.1197,72.8468,0.0,0.0,1009.0,25,5.1,0.144
2023-12-02T03:00,Santacruz_AWS,19.1197,72.8468,0.0,0.0,1008.5,40,4.7,0.144
2023-12-02T04:00,Santacruz_AWS,19.1197,72.8468,0.0,0.0,1008.2,49,3.7,0.144
2023-12-02T05:00,Santacruz_AWS,19.1197,72.8468,0.0,0.0,1008.4,62,2.8,0.144
2023-12-02T06:00,Santacruz_AWS,19.1197,72.8468,0.0,0.0,1009.3,74,4.3,0.143
2023-12-02T07:00,Santacruz_AWS,19.1197,72.8468,0.0,0.0,1010.0,85,5.6,0.143
2023-12-02T08:00,Santacruz_AWS,19.1197,72.8468,0.0,0.0,1010.4,53,6.6,0.143
2023-12-02T09:00,Santacruz_AWS,19.1197,72.8468,0.0,0.0,1010.9,1,6.8,0.143
2023-12-02T10:00,Santacruz_AWS,19.1197,72.8468,0.0,0.0,1010.6,0,5.8,0.142
2023-12-02T11:00,Santacruz_AWS,19.1197,72.8468,0.0,0.0,1009.6,0,5.6,0.142
2023-12-02T12:00,Santacruz_AWS,19.1197,72.8468,0.0,0.0,1008.3,9,8.4,0.142
2023-12-02T13:00,Santacruz_AWS,19.1197,72.8468,0.0,0.0,1007.2,6,9.6,0.142
2023-12-02T14:00,Santacruz_AWS,19.1197,72.8468,0.0,0.0,1006.4,5,11.2,0.141
2023-12-02T15:00,Santacruz_AWS,19.1197,72.8468,0.0,0.0,1005.8,11,12.5,0.141
2023-12-02T16:00,Santacruz_AWS,19.1197,72.8468,0.0,0.0,1005.8,6,13.2,0.141
2023-12-02T17:00,Santacruz_AWS,19.1197,72.8468,0.0,0.0,1006.2,7,14.8,0.141
2023-12-02T18:00,Santacruz_AWS,19.1197,72.8468,0.0,0.0,1007.4,3,11.5,0.143
2023-12-02T19:00,Santacruz_AWS,19.1197,72.8468,0.0,0.0,1008.2,1,8.2,0.143
2023-12-02T20:00,Santacruz_AWS,19.1197,72.8468,0.0,0.0,1009.0,2,7.9,0.143
2023-12-02T21:00,Santacruz_AWS,19.1197,72.8468,0.0,0.0,1009.2,3,5.9,0.143
2023-12-02T22:00,Santacruz_AWS,19.1197,72.8468,0.0,0.0,1009.4,10,6.5,0.143
2023-12-02T23:00,Santacruz_AWS,19.1197,72.8468,0.0,0.0,1009.3,39,5.1,0.143
2023-12-03T00:00,Santacruz_AWS,19.1197,72.8468,0.0,0.0,1009.0,9,5.0,0.143
2023-12-03T01:00,Santacruz_AWS,19.1197,72.8468,0.0,0.0,1008.7,26,4.8,0.143
2023-12-03T02:00,Santacruz_AWS,19.1197,72.8468,0.0,0.0,1008.4,49,5.6,0.143
2023-12-03T03:00,Santacruz_AWS,19.1197,72.8468,0.0,0.0,1007.8,70,8.1,0.143
2023-12-03T04:00,Santacruz_AWS,19.1197,72.8468,0.0,0.0,1008.2,62,5.9,0.143
2023-12-03T05:00,Santacruz_AWS,19.1197,72.8468,0.0,0.0,1008.4,62,5.1,0.143
2023-12-03T06:00,Santacruz_AWS,19.1197,72.8468,0.0,0.0,1009.0,78,6.4,0.142
2023-12-03T07:00,Santacruz_AWS,19.1197,72.8468,0.0,0.0,1009.9,7,6.8,0.142
2023-12-03T08:00,Santacruz_AWS,19.1197,72.8468,0.0,0.0,1010.7,0,6.6,0.142
2023-12-03T09:00,Santacruz_AWS,19.1197,72.8468,0.0,0.0,1011.1,2,4.8,0.142
2023-12-03T10:00,Santacruz_AWS,19.1197,72.8468,0.0,0.0,1010.9,5,6.7,0.142
2023-12-03T11:00,Santacruz_AWS,19.1197,72.8468,0.0,0.0,1010.1,45,5.2,0.142
2023-12-03T12:00,Santacruz_AWS,19.1197,72.8468,0.0,0.0,1008.9,95,4.6,0.141
2023-12-03T13:00,Santacruz_AWS,19.1197,72.8468,0.0,0.0,1007.5,98,13.0,0.141
2023-12-03T14:00,Santacruz_AWS,19.1197,72.8468,0.0,0.0,1007.0,92,14.0,0.141
2023-12-03T15:00,Santacruz_AWS,19.1197,72.8468,0.0,0.0,1006.7,26,15.3,0.141
2023-12-03T16:00,Santacruz_AWS,19.1197,72.8468,0.0,0.0,1006.4,15,13.6,0.14
2023-12-03T17:00,Santacruz_AWS,19.1197,72.8468,0.0,0.0,1006.9,18,16.0,0.14
2023-12-03T18:00,Santacruz_AWS,19.1197,72.8468,0.0,0.0,1007.9,94,17.0,0.14
2023-12-03T19:00,Santacruz_AWS,19.1197,72.8468,0.0,0.0,1008.7,31,16.7,0.14
2023-12-03T20:00,Santacruz_AWS,19.1197,72.8468,0.0,0.0,1009.4,0,16.5,0.14
2023-12-03T21:00,Santacruz_AWS,19.1197,72.8468,0.0,0.0,1009.7,1,15.3,0.14
2023-12-03T22:00,Santacruz_AWS,19.1197,72.8468,0.0,0.0,1009.8,7,9.4,0.14
2023-12-03T23:00,Santacruz_AWS,19.1197,72.8468,0.0,0.0,1009.7,8,6.6,0.14
2023-12-04T00:00,Santacruz_AWS,19.1197,72.8468,0.0,0.0,1009.3,4,4.4,0.14
2023-12-04T01:00,Santacruz_AWS,19.1197,72.8468,0.0,0.0,1008.8,3,5.7,0.14
2023-12-04T02:00,Santacruz_AWS,19.1197,72.8468,0.0,0.0,1008.4,7,5.1,0.14
2023-12-04T03:00,Santacruz_AWS,19.1197,72.8468,0.0,0.0,1007.9,8,4.5,0.14
2023-12-04T04:00,Santacruz_AWS,19.1197,72.8468,0.1,0.1,1007.7,50,4.2,0.14
2023-12-04T05:00,Santacruz_AWS,19.1197,72.8468,0.0,0.0,1007.8,31,6.6,0.14
2023-12-04T06:00,Santacruz_AWS,19.1197,72.8468,0.1,0.1,1008.8,59,2.9,0.139
2023-12-04T07:00,Santacruz_AWS,19.1197,72.8468,0.1,0.1,1009.4,53,9.9,0.14
2023-12-04T08:00,Santacruz_AWS,19.1197,72.8468,0.0,0.0,1009.8,82,8.7,0.14
2023-12-04T09:00,Santacruz_AWS,19.1197,72.8468,0.0,0.0,1010.5,98,6.1,0.14
2023-12-04T10:00,Santacruz_AWS,19.1197,72.8468,0.0,0.0,1010.1,97,4.9,0.14
2023-12-04T11:00,Santacruz_AWS,19.1197,72.8468,0.0,0.0,1008.9,99,5.4,0.14
2023-12-04T12:00,Santacruz_AWS,19.1197,72.8468,0.0,0.0,1007.8,100,6.3,0.139
2023-12-04T13:00,Santacruz_AWS,19.1197,72.8468,0.0,0.0,1006.8,100,9.4,0.139
2023-12-04T14:00,Santacruz_AWS,19.1197,72.8468,0.0,0.0,1006.0,100,15.3,0.139
2023-12-04T15:00,Santacruz_AWS,19.1197,72.8468,0.0,0.0,1005.7,90,18.7,0.139
2023-12-04T16:00,Santacruz_AWS,19.1197,72.8468,0.0,0.0,1005.9,100,15.3,0.138
2023-12-04T17:00,Santacruz_AWS,19.1197,72.8468,0.0,0.0,1006.3,91,15.2,0.138
2023-12-04T18:00,Santacruz_AWS,19.1197,72.8468,0.0,0.0,1007.3,62,18.2,0.138
2023-12-04T19:00,Santacruz_AWS,19.1197,72.8468,0.0,0.0,1007.9,29,19.7,0.138
2023-12-04T20:00,Santacruz_AWS,19.1197,72.8468,0.0,0.0,1008.2,7,18.9,0.138
2023-12-04T21:00,Santacruz_AWS,19.1197,72.8468,0.0,0.0,1008.6,85,16.6,0.138
2023-12-04T22:00,Santacruz_AWS,19.1197,72.8468,0.0,0.0,1008.7,81,13.7,0.138
2023-12-04T23:00,Santacruz_AWS,19.1197,72.8468,0.0,0.0,1008.4,100,13.7,0.138
2023-12-05T00:00,Santacruz_AWS,19.1197,72.8468,0.0,0.0,1007.8,99,11.6,0.138
2023-12-05T01:00,Santacruz_AWS,19.1197,72.8468,0.0,0.0,1007.8,13,9.4,0.138
2023-12-05T02:00,Santacruz_AWS,19.1197,72.8468,0.0,0.0,1007.2,57,10.4,0.138
2023-12-05T03:00,Santacruz_AWS,19.1197,72.8468,0.0,0.0,1006.7,78,10.1,0.138
2023-12-05T04:00,Santacruz_AWS,19.1197,72.8468,0.0,0.0,1006.6,91,10.2,0.138
2023-12-05T05:00,Santacruz_AWS,19.1197,72.8468,0.0,0.0,1006.7,76,11.2,0.138
2023-12-05T06:00,Santacruz_AWS,19.1197,72.8468,0.0,0.0,1007.1,100,9.7,0.14
2023-12-05T07:00,Santacruz_AWS,19.1197,72.8468,0.0,0.0,1007.7,100,9.4,0.14
2023-12-05T08:00,Santacruz_AWS,19.1197,72.8468,0.0,0.0,1008.3,99,8.9,0.14
2023-12-05T09:00,Santacruz_AWS,19.1197,72.8468,0.0,0.0,1008.5,70,9.8,0.14
2023-12-05T10:00,Santacruz_AWS,19.1197,72.8468,0.0,0.0,1008.4,10,7.4,0.139
2023-12-05T11:00,Santacruz_AWS,19.1197,72.8468,0.0,0.0,1007.5,87,4.7,0.139
2023-12-05T12:00,Santacruz_AWS,19.1197,72.8468,0.0,0.0,1006.6,99,4.5,0.139
2023-12-05T13:00,Santacruz_AWS,19.1197,72.8468,0.0,0.0,1005.6,100,9.7,0.139
2023-12-05T14:00,Santacruz_AWS,19.1197,72.8468,0.0,0.0,1004.9,98,17.6,0.138
2023-12-05T15:00,Santacruz_AWS,19.1197,72.8468,0.0,0.0,1004.9,21,19.4,0.138
2023-12-05T16:00,Santacruz_AWS,19.1197,72.8468,0.0,0.0,1004.8,19,18.9,0.138
2023-12-05T17:00,Santacruz_AWS,19.1197,72.8468,0.0,0.0,1005.2,61,18.7,0.138
2023-12-05T18:00,Santacruz_AWS,19.1197,72.8468,0.0,0.0,1006.7,60,18.2,0.142
2023-12-05T19:00,Santacruz_AWS,19.1197,72.8468,0.0,0.0,1007.5,59,18.7,0.142
2023-12-05T20:00,Santacruz_AWS,19.1197,72.8468,0.0,0.0,1008.3,63,17.5,0.142
2023-12-05T21:00,Santacruz_AWS,19.1197,72.8468,0.0,0.0,1008.8,36,14.9,0.142
2023-12-05T22:00,Santacruz_AWS,19.1197,72.8468,0.0,0.0,1008.8,63,13.9,0.142
2023-12-05T23:00,Santacruz_AWS,19.1197,72.8468,0.0,0.0,1008.5,74,10.8,0.142
2023-12-06T00:00,Santacruz_AWS,19.1197,72.8468,0.0,0.0,1008.1,51,8.7,0.142
2023-12-06T01:00,Santacruz_AWS,19.1197,72.8468,0.0,0.0,1007.7,11,6.9,0.142
2023-12-06T02:00,Santacruz_AWS,19.1197,72.8468,0.0,0.0,1007.5,16,6.9,0.142
2023-12-06T03:00,Santacruz_AWS,19.1197,72.8468,0.0,0.0,1007.3,97,7.9,0.142
2023-12-06T04:00,Santacruz_AWS,19.1197,72.8468,0.0,0.0,1007.3,96,8.5,0.142
2023-12-06T05:00,Santacruz_AWS,19.1197,72.8468,0.0,0.0,1007.6,84,6.7,0.142
2023-12-06T06:00,Santacruz_AWS,19.1197,72.8468,0.0,0.0,1008.3,49,5.4,0.147
2023-12-06T07:00,Santacruz_AWS,19.1197,72.8468,0.0,0.0,1009.1,57,5.4,0.147
2023-12-06T08:00,Santacruz_AWS,19.1197,72.8468,0.0,0.0,1009.8,63,6.9,0.147
2023-12-06T09:00,Santacruz_AWS,19.1197,72.8468,0.0,0.0,1010.1,26,7.4,0.147
2023-12-06T10:00,Santacruz_AWS,19.1197,72.8468,0.0,0.0,1009.8,29,5.8,0.146
2023-12-06T11:00,Santacruz_AWS,19.1197,72.8468,0.0,0.0,1009.0,84,2.5,0.146
2023-12-06T12:00,Santacruz_AWS,19.1197,72.8468,0.0,0.0,1008.1,30,2.6,0.145
2023-12-06T13:00,Santacruz_AWS,19.1197,72.8468,0.0,0.0,1006.7,8,7.6,0.145
2023-12-06T14:00,Santacruz_AWS,19.1197,72.8468,0.0,0.0,1006.0,27,14.0,0.145
2023-12-06T15:00,Santacruz_AWS,19.1197,72.8468,0.0,0.0,1006.1,3,16.5,0.145
2023-12-06T16:00,Santacruz_AWS,19.1197,72.8468,0.0,0.0,1006.4,2,16.6,0.144
2023-12-06T17:00,Santacruz_AWS,19.1197,72.8468,0.0,0.0,1006.8,8,15.5,0.144
2023-12-06T18:00,Santacruz_AWS,19.1197,72.8468,0.0,0.0,1007.7,4,18.2,0.148
2023-12-06T19:00,Santacruz_AWS,19.1197,72.8468,0.0,0.0,1008.5,0,18.8,0.148
2023-12-06T20:00,Santacruz_AWS,19.1197,72.8468,0.0,0.0,1009.3,1,16.8,0.148
2023-12-06T21:00,Santacruz_AWS,19.1197,72.8468,0.0,0.0,1009.6,0,16.3,0.148
2023-12-06T22:00,Santacruz_AWS,19.1197,72.8468,0.0,0.0,1009.6,9,13.3,0.148
2023-12-06T23:00,Santacruz_AWS,19.1197,72.8468,0.0,0.0,1009.3,8,9.6,0.148
2023-12-07T00:00,Santacruz_AWS,19.1197,72.8468,0.0,0.0,1009.0,0,6.9,0.148
2023-12-07T01:00,Santacruz_AWS,19.1197,72.8468,0.0,0.0,1008.6,0,5.7,0.147
2023-12-07T02:00,Santacruz_AWS,19.1197,72.8468,0.0,0.0,1008.1,0,7.4,0.147
2023-12-07T03:00,Santacruz_AWS,19.1197,72.8468,0.0,0.0,1007.9,0,7.7,0.147
2023-12-07T04:00,Santacruz_AWS,19.1197,72.8468,0.0,0.0,1008.0,0,8.7,0.147
2023-12-07T05:00,Santacruz_AWS,19.1197,72.8468,0.0,0.0,1008.2,11,9.4,0.147
2023-12-07T06:00,Santacruz_AWS,19.1197,72.8468,0.0,0.0,1009.2,0,9.7,0.143
2023-12-07T07:00,Santacruz_AWS,19.1197,72.8468,0.0,0.0,1010.1,0,10.1,0.143
2023-12-07T08:00,Santacruz_AWS,19.1197,72.8468,0.0,0.0,1011.0,0,8.9,0.143
2023-12-07T09:00,Santacruz_AWS,19.1197,72.8468,0.0,0.0,1011.6,0,9.2,0.143
2023-12-07T10:00,Santacruz_AWS,19.1197,72.8468,0.0,0.0,1011.3,2,7.6,0.143
2023-12-07T11:00,Santacruz_AWS,19.1197,72.8468,0.0,0.0,1010.3,0,4.7,0.142
2023-12-07T12:00,Santacruz_AWS,19.1197,72.8468,0.0,0.0,1009.2,0,1.8,0.142
2023-12-07T13:00,Santacruz_AWS,19.1197,72.8468,0.0,0.0,1007.9,11,9.7,0.142
2023-12-07T14:00,Santacruz_AWS,19.1197,72.8468,0.0,0.0,1007.2,38,15.3,0.142
2023-12-07T15:00,Santacruz_AWS,19.1197,72.8468,0.0,0.0,1007.0,0,16.1,0.141
2023-12-07T16:00,Santacruz_AWS,19.1197,72.8468,0.0,0.0,1007.4,0,15.0,0.141
2023-12-07T17:00,Santacruz_AWS,19.1197,72.8468,0.0,0.0,1007.9,0,15.9,0.141
2023-12-07T18:00,Santacruz_AWS,19.1197,72.8468,0.0,0.0,1008.4,1,16.8,0.143
2023-12-07T19:00,Santacruz_AWS,19.1197,72.8468,0.0,0.0,1009.2,0,17.0,0.143
2023-12-07T20:00,Santacruz_AWS,19.1197,72.8468,0.0,0.0,1009.7,1,17.5,0.143
2023-12-07T21:00,Santacruz_AWS,19.1197,72.8468,0.0,0.0,1010.3,16,14.1,0.143
2023-12-07T22:00,Santacruz_AWS,19.1197,72.8468,0.0,0.0,1010.4,0,13.4,0.143
2023-12-07T23:00,Santacruz_AWS,19.1197,72.8468,0.0,0.0,1010.1,0,12.2,0.143
2023-12-08T00:00,Santacruz_AWS,19.1197,72.8468,0.0,0.0,1009.6,0,10.5,0.143
2023-12-08T01:00,Santacruz_AWS,19.1197,72.8468,0.0,0.0,1009.4,0,6.3,0.143
2023-12-08T02:00,Santacruz_AWS,19.1197,72.8468,0.0,0.0,1008.9,0,6.0,0.143
2023-12-08T03:00,Santacruz_AWS,19.1197,72.8468,0.0,0.0,1008.5,0,6.2,0.143
2023-12-08T04:00,Santacruz_AWS,19.1197,72.8468,0.0,0.0,1008.5,0,7.6,0.143
2023-12-08T05:00,Santacruz_AWS,19.1197,72.8468,0.0,0.0,1008.7,0,8.4,0.143
2023-12-08T06:00,Santacruz_AWS,19.1197,72.8468,0.0,0.0,1009.8,0,7.4,0.144
2023-12-08T07:00,Santacruz_AWS,19.1197,72.8468,0.0,0.0,1010.4,0,8.7,0.144
2023-12-08T08:00,Santacruz_AWS,19.1197,72.8468,0.0,0.0,1011.3,0,8.7,0.144
2023-12-08T09:00,Santacruz_AWS,19.1197,72.8468,0.0,0.0,1011.8,2,6.2,0.144
2023-12-08T10:00,Santacruz_AWS,19.1197,72.8468,0.0,0.0,1011.8,1,6.6,0.143
2023-12-08T11:00,Santacruz_AWS,19.1197,72.8468,0.0,0.0,1010.9,8,5.0,0.143
2023-12-08T12:00,Santacruz_AWS,19.1197,72.8468,0.0,0.0,1009.8,10,2.3,0.143
2023-12-08T13:00,Santacruz_AWS,19.1197,72.8468,0.0,0.0,1008.7,0,5.9,0.142
2023-12-08T14:00,Santacruz_AWS,19.1197,72.8468,0.0,0.0,1007.9,4,12.5,0.142
2023-12-08T15:00,Santacruz_AWS,19.1197,72.8468,0.0,0.0,1007.5,0,13.6,0.142
2023-12-08T16:00,Santacruz_AWS,19.1197,72.8468,0.0,0.0,1007.6,0,15.3,0.142
2023-12-08T17:00,Santacruz_AWS,19.1197,72.8468,0.0,0.0,1008.1,0,15.7,0.142
2023-12-08T18:00,Santacruz_AWS,19.1197,72.8468,0.0,0.0,1008.7,0,18.8,0.144
2023-12-08T19:00,Santacruz_AWS,19.1197,72.8468,0.0,0.0,1009.6,0,17.5,0.144
2023-12-08T20:00,Santacruz_AWS,19.1197,72.8468,0.0,0.0,1010.5,0,16.6,0.144
2023-12-08T21:00,Santacruz_AWS,19.1197,72.8468,0.0,0.0,1010.8,0,16.9,0.144
2023-12-08T22:00,Santacruz_AWS,19.1197,72.8468,0.0,0.0,1011.2,0,14.0,0.144
2023-12-08T23:00,Santacruz_AWS,19.1197,72.8468,0.0,0.0,1011.6,12,8.0,0.144
2023-12-09T00:00,Santacruz_AWS,19.1197,72.8468,0.0,0.0,1011.0,9,7.3,0.144
2023-12-09T01:00,Santacruz_AWS,19.1197,72.8468,0.0,0.0,1010.8,2,6.4,0.144
2023-12-09T02:00,Santacruz_AWS,19.1197,72.8468,0.0,0.0,1010.3,2,6.4,0.144
2023-12-09T03:00,Santacruz_AWS,19.1197,72.8468,0.0,0.0,1009.7,0,5.9,0.144
2023-12-09T04:00,Santacruz_AWS,19.1197,72.8468,0.0,0.0,1009.7,18,7.9,0.144
2023-12-09T05:00,Santacruz_AWS,19.1197,72.8468,0.0,0.0,1010.0,73,8.9,0.143
2023-12-09T06:00,Santacruz_AWS,19.1197,72.8468,0.0,0.0,1011.1,13,7.1,0.144
2023-12-09T07:00,Santacruz_AWS,19.1197,72.8468,0.0,0.0,1012.0,9,7.2,0.144
2023-12-09T08:00,Santacruz_AWS,19.1197,72.8468,0.0,0.0,1012.8,95,6.9,0.144
2023-12-09T09:00,Santacruz_AWS,19.1197,72.8468,0.0,0.0,1013.5,90,7.4,0.144
2023-12-09T10:00,Santacruz_AWS,19.1197,72.8468,0.0,0.0,1013.3,28,7.2,0.143
2023-12-09T11:00,Santacruz_AWS,19.1197,72.8468,0.0,0.0,1012.6,36,5.7,0.143
2023-12-09T12:00,Santacruz_AWS,19.1197,72.8468,0.0,0.0,1011.3,0,2.3,0.143
2023-12-09T13:00,Santacruz_AWS,19.1197,72.8468,0.0,0.0,1010.0,0,5.1,0.142
2023-12-09T14:00,Santacruz_AWS,19.1197,72.8468,0.0,0.0,1009.1,0,14.7,0.142
2023-12-09T15:00,Santacruz_AWS,19.1197,72.8468,0.0,0.0,1008.7,0,17.3,0.142
2023-12-09T16:00,Santacruz_AWS,19.1197,72.8468,0.0,0.0,1008.4,0,18.3,0.142
2023-12-09T17:00,Santacruz_AWS,19.1197,72.8468,0.0,0.0,1008.6,0,15.5,0.142
2023-12-09T18:00,Santacruz_AWS,19.1197,72.8468,0.0,0.0,1008.9,0,18.1,0.146
2023-12-09T19:00,Santacruz_AWS,19.1197,72.8468,0.0,0.0,1009.8,0,18.4,0.146
2023-12-09T20:00,Santacruz_AWS,19.1197,72.8468,0.0,0.0,1010.3,0,17.2,0.146
2023-12-09T21:00,Santacruz_AWS,19.1197,72.8468,0.0,0.0,1010.6,0,15.7,0.146
2023-12-09T22:00,Santacruz_AWS,19.1197,72.8468,0.0,0.0,1010.8,0,12.3,0.146
2023-12-09T23:00,Santacruz_AWS,19.1197,72.8468,0.0,0.0,1010.6,0,8.7,0.145
2023-12-10T00:00,Santacruz_AWS,19.1197,72.8468,0.0,0.0,1010.1,0,6.4,0.145
2023-12-10T01:00,Santacruz_AWS,19.1197,72.8468,0.0,0.0,1009.6,0,8.1,0.145
2023-12-10T02:00,Santacruz_AWS,19.1197,72.8468,0.0,0.0,1009.1,0,7.1,0.145
2023-12-10T03:00,Santacruz_AWS,19.1197,72.8468,0.0,0.0,1008.9,0,5.7,0.145
2023-12-10T04:00,Santacruz_AWS,19.1197,72.8468,0.0,0.0,1008.7,0,7.6,0.145
2023-12-10T05:00,Santacruz_AWS,19.1197,72.8468,0.0,0.0,1008.8,0,9.2,0.145
2023-12-10T06:00,Santacruz_AWS,19.1197,72.8468,0.0,0.0,1009.7,5,7.9,0.148
2023-12-10T07:00,Santacruz_AWS,19.1197,72.8468,0.0,0.0,1010.4,14,9.4,0.148
2023-12-10T08:00,Santacruz_AWS,19.1197,72.8468,0.0,0.0,1011.4,14,9.9,0.148
2023-12-10T09:00,Santacruz_AWS,19.1197,72.8468,0.0,0.0,1011.8,1,8.1,0.148
2023-12-10T10:00,Santacruz_AWS,19.1197,72.8468,0.0,0.0,1011.6,0,8.0,0.147
2023-12-10T11:00,Santacruz_AWS,19.1197,72.8468,0.0,0.0,1010.7,0,5.9,0.147
2023-12-10T12:00,Santacruz_AWS,19.1197,72.8468,0.0,0.0,1009.7,0,1.8,0.146
2023-12-10T13:00,Santacruz_AWS,19.1197,72.8468,0.0,0.0,1008.6,9,5.4,0.146
2023-12-10T14:00,Santacruz_AWS,19.1197,72.8468,0.0,0.0,1007.7,8,11.8,0.146
2023-12-10T15:00,Santacruz_AWS,19.1197,72.8468,0.0,0.0,1007.2,0,13.2,0.145
2023-12-10T16:00,Santacruz_AWS,19.1197,72.8468,0.0,0.0,1007.1,0,13.8,0.145
2023-12-10T17:00,Santacruz_AWS,19.1197,72.8468,0.0,0.0,1007.4,1,13.8,0.145
2023-12-10T18:00,Santacruz_AWS,19.1197,72.8468,0.0,0.0,1008.4,18,16.3,0.143
2023-12-10T19:00,Santacruz_AWS,19.1197,72.8468,0.0,0.0,1009.5,14,15.6,0.143
2023-12-10T20:00,Santacruz_AWS,19.1197,72.8468,0.0,0.0,1010.2,30,14.8,0.143
2023-12-10T21:00,Santacruz_AWS,19.1197,72.8468,0.0,0.0,1010.9,22,12.3,0.143
2023-12-10T22:00,Santacruz_AWS,19.1197,72.8468,0.0,0.0,1011.2,11,11.5,0.143
2023-12-10T23:00,Santacruz_AWS,19.1197,72.8468,0.0,0.0,1010.9,2,11.6,0.143
2023-12-11T00:00,Santacruz_AWS,19.1197,72.8468,0.0,0.0,1010.4,0,8.1,0.143
2023-12-11T01:00,Santacruz_AWS,19.1197,72.8468,0.0,0.0,1009.7,3,7.8,0.143
2023-12-11T02:00,Santacruz_AWS,19.1197,72.8468,0.0,0.0,1009.1,37,7.3,0.143
2023-12-11T03:00,Santacruz_AWS,19.1197,72.8468,0.0,0.0,1008.7,16,6.4,0.143
2023-12-11T04:00,Santacruz_AWS,19.1197,72.8468,0.0,0.0,1008.6,64,6.5,0.143
2023-12-11T05:00,Santacruz_AWS,19.1197,72.8468,0.0,0.0,1008.9,32,8.1,0.143
2023-12-11T06:00,Santacruz_AWS,19.1197,72.8468,0.0,0.0,1010.1,0,6.1,0.143
2023-12-11T07:00,Santacruz_AWS,19.1197,72.8468,0.0,0.0,1010.7,0,8.9,0.143
2023-12-11T08:00,Santacruz_AWS,19.1197,72.8468,0.0,0.0,1011.5,1,10.2,0.143
2023-12-11T09:00,Santacruz_AWS,19.1197,72.8468,0.0,0.0,1012.1,0,7.9,0.143
2023-12-11T10:00,Santacruz_AWS,19.1197,72.8468,0.0,0.0,1011.8,0,6.0,0.142
2023-12-11T11:00,Santacruz_AWS,19.1197,72.8468,0.0,0.0,1011.3,0,6.2,0.142
2023-12-11T12:00,Santacruz_AWS,19.1197,72.8468,0.0,0.0,1010.3,2,8.7,0.142
2023-12-11T13:00,Santacruz_AWS,19.1197,72.8468,0.0,0.0,1009.3,83,12.5,0.141
2023-12-11T14:00,Santacruz_AWS,19.1197,72.8468,0.0,0.0,1008.5,84,16.2,0.141
2023-12-11T15:00,Santacruz_AWS,19.1197,72.8468,0.0,0.0,1008.1,80,16.6,0.141
2023-12-11T16:00,Santacruz_AWS,19.1197,72.8468,0.0,0.0,1008.0,72,16.1,0.141
2023-12-11T17:00,Santacruz_AWS,19.1197,72.8468,0.0,0.0,1008.4,39,14.3,0.141
2023-12-11T18:00,Santacruz_AWS,19.1197,72.8468,0.0,0.0,1009.1,50,15.6,0.141
2023-12-11T19:00,Santacruz_AWS,19.1197,72.8468,0.0,0.0,1010.1,33,14.9,0.14
2023-12-11T20:00,Santacruz_AWS,19.1197,72.8468,0.0,0.0,1010.9,82,14.2,0.14
2023-12-11T21:00,Santacruz_AWS,19.1197,72.8468,0.0,0.0,1011.2,91,14.5,0.14
2023-12-11T22:00,Santacruz_AWS,19.1197,72.8468,0.0,0.0,1011.2,90,11.5,0.14
2023-12-11T23:00,Santacruz_AWS,19.1197,72.8468,0.0,0.0,1011.0,97,8.2,0.14
2023-12-12T00:00,Santacruz_AWS,19.1197,72.8468,0.0,0.0,1010.4,31,6.9,0.14
2023-12-12T01:00,Santacruz_AWS,19.1197,72.8468,0.0,0.0,1009.6,1,7.8,0.14
2023-12-12T02:00,Santacruz_AWS,19.1197,72.8468,0.0,0.0,1008.9,28,7.3,0.14
2023-12-12T03:00,Santacruz_AWS,19.1197,72.8468,0.0,0.0,1008.6,8,6.8,0.14
2023-12-12T04:00,Santacruz_AWS,19.1197,72.8468,0.0,0.0,1008.5,95,6.1,0.14
2023-12-12T05:00,Santacruz_AWS,19.1197,72.8468,0.0,0.0,1008.8,88,7.1,0.14
2023-12-12T06:00,Santacruz_AWS,19.1197,72.8468,0.0,0.0,1009.4,2,6.8,0.137
2023-12-12T07:00,Santacruz_AWS,19.1197,72.8468,0.0,0.0,1010.2,19,6.1,0.137
2023-12-12T08:00,Santacruz_AWS,19.1197,72.8468,0.0,0.0,1011.0,57,5.9,0.137
2023-12-12T09:00,Santacruz_AWS,19.1197,72.8468,0.0,0.0,1011.4,78,5.7,0.137
2023-12-12T10:00,Santacruz_AWS,19.1197,72.8468,0.0,0.0,1011.2,94,6.3,0.137
2023-12-12T11:00,Santacruz_AWS,19.1197,72.8468,0.0,0.0,1010.4,100,8.1,0.137
2023-12-12T12:00,Santacruz_AWS,19.1197,72.8468,0.0,0.0,1009.0,99,9.9,0.137
2023-12-12T13:00,Santacruz_AWS,19.1197,72.8468,0.0,0.0,1008.0,93,14.7,0.136
2023-12-12T14:00,Santacruz_AWS,19.1197,72.8468,0.0,0.0,1007.4,99,18.7,0.136
2023-12-12T15:00,Santacruz_AWS,19.1197,72.8468,0.0,0.0,1007.1,93,18.8,0.136
2023-12-12T16:00,Santacruz_AWS,19.1197,72.8468,0.0,0.0,1007.1,93,16.9,0.136
2023-12-12T17:00,Santacruz_AWS,19.1197,72.8468,0.0,0.0,1007.6,79,16.3,0.136
2023-12-12T18:00,Santacruz_AWS,19.1197,72.8468,0.0,0.0,1008.6,87,17.1,0.138
2023-12-12T19:00,Santacruz_AWS,19.1197,72.8468,0.0,0.0,1009.3,18,15.8,0.138
2023-12-12T20:00,Santacruz_AWS,19.1197,72.8468,0.0,0.0,1009.9,0,14.7,0.138
2023-12-12T21:00,Santacruz_AWS,19.1197,72.8468,0.0,0.0,1010.3,0,13.3,0.138
2023-12-12T22:00,Santacruz_AWS,19.1197,72.8468,0.0,0.0,1010.7,0,7.9,0.138
2023-12-12T23:00,Santacruz_AWS,19.1197,72.8468,0.0,0.0,1010.3,0,7.9,0.138
2023-12-13T00:00,Santacruz_AWS,19.1197,72.8468,0.0,0.0,1009.8,0,8.5,0.138
2023-12-13T01:00,Santacruz_AWS,19.1197,72.8468,0.0,0.0,1009.2,0,8.1,0.138
2023-12-13T02:00,Santacruz_AWS,19.1197,72.8468,0.0,0.0,1009.0,90,5.3,0.138
2023-12-13T03:00,Santacruz_AWS,19.1197,72.8468,0.0,0.0,1008.9,0,6.9,0.138
2023-12-13T04:00,Santacruz_AWS,19.1197,72.8468,0.0,0.0,1009.1,0,5.8,0.138
2023-12-13T05:00,Santacruz_AWS,19.1197,72.8468,0.0,0.0,1009.3,0,7.0,0.138
2023-12-13T06:00,Santacruz_AWS,19.1197,72.8468,0.0,0.0,1010.4,0,6.4,0.142
2023-12-13T07:00,Santacruz_AWS,19.1197,72.8468,0.0,0.0,1011.1,2,4.7,0.142
2023-12-13T08:00,Santacruz_AWS,19.1197,72.8468,0.0,0.0,1011.9,86,4.8,0.142
2023-12-13T09:00,Santacruz_AWS,19.1197,72.8468,0.0,0.0,1012.4,94,4.7,0.142
2023-12-13T10:00,Santacruz_AWS,19.1197,72.8468,0.0,0.0,1012.1,68,4.0,0.142
2023-12-13T11:00,Santacruz_AWS,19.1197,72.8468,0.0,0.0,1011.2,24,2.2,0.142
2023-12-13T12:00,Santacruz_AWS,19.1197,72.8468,0.0,0.0,1009.9,60,4.5,0.141
2023-12-13T13:00,Santacruz_AWS,19.1197,72.8468,0.0,0.0,1008.9,88,10.0,0.141
2023-12-13T14:00,Santacruz_AWS,19.1197,72.8468,0.0,0.0,1008.1,65,13.0,0.141
2023-12-13T15:00,Santacruz_AWS,19.1197,72.8468,0.0,0.0,1007.8,81,14.4,0.141
2023-12-13T16:00,Santacruz_AWS,19.1197,72.8468,0.0,0.0,1007.8,10,15.2,0.14
2023-12-13T17:00,Santacruz_AWS,19.1197,72.8468,0.0,0.0,1008.2,0,13.2,0.14
2023-12-13T18:00,Santacruz_AWS,19.1197,72.8468,0.0,0.0,1008.9,11,17.2,0.137
2023-12-13T19:00,Santacruz_AWS,19.1197,72.8468,0.0,0.0,1009.9,0,17.4,0.137
2023-12-13T20:00,Santacruz_AWS,19.1197,72.8468,0.0,0.0,1010.8,0,15.0,0.137
2023-12-13T21:00,Santacruz_AWS,19.1197,72.8468,0.0,0.0,1011.5,0,10.7,0.137
2023-12-13T22:00,Santacruz_AWS,19.1197,72.8468,0.0,0.0,1011.9,0,7.3,0.137
2023-12-13T23:00,Santacruz_AWS,19.1197,72.8468,0.0,0.0,1011.7,0,6.6,0.137
2023-12-14T00:00,Santacruz_AWS,19.1197,72.8468,0.0,0.0,1011.2,0,3.4,0.137
2023-12-14T01:00,Santacruz_AWS,19.1197,72.8468,0.0,0.0,1010.8,0,6.3,0.137
2023-12-14T02:00,Santacruz_AWS,19.1197,72.8468,0.0,0.0,1010.1,0,5.9,0.137
2023-12-14T03:00,Santacruz_AWS,19.1197,72.8468,0.0,0.0,1009.6,3,6.6,0.137
2023-12-14T04:00,Santacruz_AWS,19.1197,72.8468,0.0,0.0,1009.8,0,5.4,0.137
2023-12-14T05:00,Santacruz_AWS,19.1197,72.8468,0.0,0.0,1010.1,0,5.5,0.137
2023-12-14T06:00,Santacruz_AWS,19.1197,72.8468,0.0,0.0,1011.1,46,7.4,0.137
2023-12-14T07:00,Santacruz_AWS,19.1197,72.8468,0.0,0.0,1012.0,52,6.3,0.137
2023-12-14T08:00,Santacruz_AWS,19.1197,72.8468,0.0,0.0,1012.7,52,7.1,0.137
2023-12-14T09:00,Santacruz_AWS,19.1197,72.8468,0.0,0.0,1013.4,36,8.3,0.137
2023-12-14T10:00,Santacruz_AWS,19.1197,72.8468,0.0,0.0,1013.4,52,9.8,0.137
2023-12-14T11:00,Santacruz_AWS,19.1197,72.8468,0.0,0.0,1012.4,11,10.8,0.136
2023-12-14T12:00,Santacruz_AWS,19.1197,72.8468,0.0,0.0,1011.2,24,9.4,0.136
2023-12-14T13:00,Santacruz_AWS,19.1197,72.8468,0.0,0.0,1010.1,31,6.2,0.136
2023-12-14T14:00,Santacruz_AWS,19.1197,72.8468,0.0,0.0,1008.9,4,3.2,0.136
2023-12-14T15:00,Santacruz_AWS,19.1197,72.8468,0.0,0.0,1008.5,0,5.1,0.136
2023-12-14T16:00,Santacruz_AWS,19.1197,72.8468,0.0,0.0,1008.5,0,7.2,0.135
2023-12-14T17:00,Santacruz_AWS,19.1197,72.8468,0.0,0.0,1009.0,0,6.9,0.135
2023-12-14T18:00,Santacruz_AWS,19.1197,72.8468,0.0,0.0,1010.3,1,5.9,0.135
2023-12-14T19:00,Santacruz_AWS,19.1197,72.8468,0.0,0.0,1011.5,3,11.5,0.135
2023-12-14T20:00,Santacruz_AWS,19.1197,72.8468,0.0,0.0,1012.0,0,11.6,0.135
2023-12-14T21:00,Santacruz_AWS,19.1197,72.8468,0.0,0.0,1012.4,0,11.5,0.135
2023-12-14T22:00,Santacruz_AWS,19.1197,72.8468,0.0,0.0,1013.1,0,10.9,0.135
2023-12-14T23:00,Santacruz_AWS,19.1197,72.8468,0.0,0.0,1013.2,3,7.2,0.135
2023-12-15T00:00,Santacruz_AWS,19.1197,72.8468,0.0,0.0,1012.8,9,6.2,0.135
2023-12-15T01:00,Santacruz_AWS,19.1197,72.8468,0.0,0.0,1012.4,17,6.7,0.135
2023-12-15T02:00,Santacruz_AWS,19.1197,72.8468,0.0,0.0,1012.0,12,7.4,0.135
2023-12-15T03:00,Santacruz_AWS,19.1197,72.8468,0.0,0.0,1011.6,10,6.2,0.135
2023-12-15T04:00,Santacruz_AWS,19.1197,72.8468,0.0,0.0,1011.5,1,6.0,0.135
2023-12-15T05:00,Santacruz_AWS,19.1197,72.8468,0.0,0.0,1011.7,0,5.4,0.135
2023-12-15T06:00,Santacruz_AWS,19.1197,72.8468,0.0,0.0,1012.7,0,7.3,0.135
2023-12-15T07:00,Santacruz_AWS,19.1197,72.8468,0.0,0.0,1013.2,0,9.5,0.135
2023-12-15T08:00,Santacruz_AWS,19.1197,72.8468,0.0,0.0,1013.7,0,10.6,0.135
2023-12-15T09:00,Santacruz_AWS,19.1197,72.8468,0.0,0.0,1014.4,0,9.7,0.135
2023-12-15T10:00,Santacruz_AWS,19.1197,72.8468,0.0,0.0,1014.4,0,11.9,0.135
2023-12-15T11:00,Santacruz_AWS,19.1197,72.8468,0.0,0.0,1013.5,0,10.7,0.135
2023-12-15T12:00,Santacruz_AWS,19.1197,72.8468,0.0,0.0,1012.3,0,7.0,0.135
2023-12-15T13:00,Santacruz_AWS,19.1197,72.8468,0.0,0.0,1011.1,0,5.7,0.135
2023-12-15T14:00,Santacruz_AWS,19.1197,72.8468,0.0,0.0,1010.2,0,5.2,0.134
2023-12-15T15:00,Santacruz_AWS,19.1197,72.8468,0.0,0.0,1009.6,0,8.0,0.134
2023-12-15T16:00,Santacruz_AWS,19.1197,72.8468,0.0,0.0,1009.7,0,14.6,0.134
2023-12-15T17:00,Santacruz_AWS,19.1197,72.8468,0.0,0.0,1010.0,0,10.8,0.134
2023-12-15T18:00,Santacruz_AWS,19.1197,72.8468,0.0,0.0,1010.8,0,7.7,0.134
2023-12-15T19:00,Santacruz_AWS,19.1197,72.8468,0.0,0.0,1011.7,0,10.8,0.134
2023-12-15T20:00,Santacruz_AWS,19.1197,72.8468,0.0,0.0,1012.4,0,13.3,0.134
2023-12-15T21:00,Santacruz_AWS,19.1197,72.8468,0.0,0.0,1013.1,0,13.7,0.134
2023-12-15T22:00,Santacruz_AWS,19.1197,72.8468,0.0,0.0,1013.4,0,15.1,0.134
2023-12-15T23:00,Santacruz_AWS,19.1197,72.8468,0.0,0.0,1013.1,0,14.8,0.134
2023-12-16T00:00,Santacruz_AWS,19.1197,72.8468,0.0,0.0,1012.6,0,11.3,0.134
2023-12-16T01:00,Santacruz_AWS,19.1197,72.8468,0.0,0.0,1012.1,0,6.0,0.134
2023-12-16T02:00,Santacruz_AWS,19.1197,72.8468,0.0,0.0,1011.6,0,5.9,0.134
2023-12-16T03:00,Santacruz_AWS,19.1197,72.8468,0.0,0.0,1011.0,0,6.5,0.134
2023-12-16T04:00,Santacruz_AWS,19.1197,72.8468,0.0,0.0,1011.0,0,7.4,0.134
2023-12-16T05:00,Santacruz_AWS,19.1197,72.8468,0.0,0.0,1011.3,0,7.7,0.134
2023-12-16T06:00,Santacruz_AWS,19.1197,72.8468,0.0,0.0,1012.4,0,7.9,0.134
2023-12-16T07:00,Santacruz_AWS,19.1197,72.8468,0.0,0.0,1013.0,0,9.5,0.134
2023-12-16T08:00,Santacruz_AWS,19.1197,72.8468,0.0,0.0,1013.6,0,10.7,0.134
2023-12-16T09:00,Santacruz_AWS,19.1197,72.8468,0.0,0.0,1013.9,0,10.0,0.134
2023-12-16T10:00,Santacruz_AWS,19.1197,72.8468,0.0,0.0,1013.8,0,11.3,0.134
2023-12-16T11:00,Santacruz_AWS,19.1197,72.8468,0.0,0.0,1013.2,0,11.6,0.134
2023-12-16T12:00,Santacruz_AWS,19.1197,72.8468,0.0,0.0,1012.0,0,9.2,0.134
2023-12-16T13:00,Santacruz_AWS,19.1197,72.8468,0.0,0.0,1010.8,0,6.7,0.134
2023-12-16T14:00,Santacruz_AWS,19.1197,72.8468,0.0,0.0,1009.8,0,7.0,0.134
2023-12-16T15:00,Santacruz_AWS,19.1197,72.8468,0.0,0.0,1009.3,0,12.8,0.133
2023-12-16T16:00,Santacruz_AWS,19.1197,72.8468,0.0,0.0,1009.4,0,18.4,0.133
2023-12-16T17:00,Santacruz_AWS,19.1197,72.8468,0.0,0.0,1009.9,12,18.8,0.133
2023-12-16T18:00,Santacruz_AWS,19.1197,72.8468,0.0,0.0,1010.7,2,18.3,0.133
2023-12-16T19:00,Santacruz_AWS,19.1197,72.8468,0.0,0.0,1011.4,0,15.9,0.133
2023-12-16T20:00,Santacruz_AWS,19.1197,72.8468,0.0,0.0,1012.0,0,14.0,0.133
2023-12-16T21:00,Santacruz_AWS,19.1197,72.8468,0.0,0.0,1012.2,0,14.9,0.133
2023-12-16T22:00,Santacruz_AWS,19.1197,72.8468,0.0,0.0,1012.1,0,10.5,0.133
2023-12-16T23:00,Santacruz_AWS,19.1197,72.8468,0.0,0.0,1011.6,0,7.4,0.133
2023-12-17T00:00,Santacruz_AWS,19.1197,72.8468,0.0,0.0,1011.1,0,7.5,0.133
2023-12-17T01:00,Santacruz_AWS,19.1197,72.8468,0.0,0.0,1010.8,0,7.2,0.133
2023-12-17T02:00,Santacruz_AWS,19.1197,72.8468,0.0,0.0,1010.4,0,7.8,0.133
2023-12-17T03:00,Santacruz_AWS,19.1197,72.8468,0.0,0.0,1010.1,0,9.2,0.133
2023-12-17T04:00,Santacruz_AWS,19.1197,72.8468,0.0,0.0,1010.0,0,10.6,0.133
2023-12-17T05:00,Santacruz_AWS,19.1197,72.8468,0.0,0.0,1010.3,0,12.0,0.133
2023-12-17T06:00,Santacruz_AWS,19.1197,72.8468,0.0,0.0,1011.2,0,12.3,0.133
2023-12-17T07:00,Santacruz_AWS,19.1197,72.8468,0.0,0.0,1011.6,0,12.8,0.133
2023-12-17T08:00,Santacruz_AWS,19.1197,72.8468,0.0,0.0,1012.3,0,12.3,0.133
2023-12-17T09:00,Santacruz_AWS,19.1197,72.8468,0.0,0.0,1012.9,0,11.4,0.133
2023-12-17T10:00,Santacruz_AWS,19.1197,72.8468,0.0,0.0,1012.6,0,12.4,0.133
2023-12-17T11:00,Santacruz_AWS,19.1197,72.8468,0.0,0.0,1011.9,4,12.1,0.133
2023-12-17T12:00,Santacruz_AWS,19.1197,72.8468,0.0,0.0,1010.7,0,10.0,0.133
2023-12-17T13:00,Santacruz_AWS,19.1197,72.8468,0.0,0.0,1009.6,0,6.9,0.133
2023-12-17T14:00,Santacruz_AWS,19.1197,72.8468,0.0,0.0,1008.8,0,8.8,0.133
2023-12-17T15:00,Santacruz_AWS,19.1197,72.8468,0.0,0.0,1008.4,9,16.0,0.133
2023-12-17T16:00,Santacruz_AWS,19.1197,72.8468,0.0,0.0,1008.3,1,17.6,0.133
2023-12-17T17:00,Santacruz_AWS,19.1197,72.8468,0.0,0.0,1008.8,0,17.7,0.133
2023-12-17T18:00,Santacruz_AWS,19.1197,72.8468,0.0,0.0,1009.6,0,12.3,0.133
2023-12-17T19:00,Santacruz_AWS,19.1197,72.8468,0.0,0.0,1010.4,0,10.2,0.133
2023-12-17T20:00,Santacruz_AWS,19.1197,72.8468,0.0,0.0,1011.1,0,8.8,0.133
2023-12-17T21:00,Santacruz_AWS,19.1197,72.8468,0.0,0.0,1011.7,0,8.0,0.133
2023-12-17T22:00,Santacruz_AWS,19.1197,72.8468,0.0,0.0,1011.7,3,8.6,0.133
2023-12-17T23:00,Santacruz_AWS,19.1197,72.8468,0.0,0.0,1011.4,0,12.3,0.133
2023-12-18T00:00,Santacruz_AWS,19.1197,72.8468,0.0,0.0,1011.1,3,12.2,0.133
2023-12-18T01:00,Santacruz_AWS,19.1197,72.8468,0.0,0.0,1010.7,41,10.5,0.133
2023-12-18T02:00,Santacruz_AWS,19.1197,72.8468,0.0,0.0,1010.5,18,13.3,0.133
2023-12-18T03:00,Santacruz_AWS,19.1197,72.8468,0.0,0.0,1010.1,12,14.5,0.133
2023-12-18T04:00,Santacruz_AWS,19.1197,72.8468,0.0,0.0,1010.1,48,14.1,0.133
2023-12-18T05:00,Santacruz_AWS,19.1197,72.8468,0.0,0.0,1010.1,67,14.4,0.133
2023-12-18T06:00,Santacruz_AWS,19.1197,72.8468,0.0,0.0,1011.5,79,14.7,0.133
2023-12-18T07:00,Santacruz_AWS,19.1197,72.8468,0.0,0.0,1012.2,98,16.1,0.133
2023-12-18T08:00,Santacruz_AWS,19.1197,72.8468,0.0,0.0,1013.0,100,15.5,0.133
2023-12-18T09:00,Santacruz_AWS,19.1197,72.8468,0.0,0.0,1013.7,100,15.0,0.133
2023-12-18T10:00,Santacruz_AWS,19.1197,72.8468,0.0,0.0,1013.4,99,16.5,0.133
2023-12-18T11:00,Santacruz_AWS,19.1197,72.8468,0.0,0.0,1012.5,64,16.7,0.133
2023-12-18T12:00,Santacruz_AWS,19.1197,72.8468,0.0,0.0,1011.2,59,16.2,0.132
2023-12-18T13:00,Santacruz_AWS,19.1197,72.8468,0.0,0.0,1010.0,67,14.4,0.132
2023-12-18T14:00,Santacruz_AWS,19.1197,72.8468,0.0,0.0,1009.1,100,10.8,0.132
2023-12-18T15:00,Santacruz_AWS,19.1197,72.8468,0.0,0.0,1008.9,100,7.8,0.132
2023-12-18T16:00,Santacruz_AWS,19.1197,72.8468,0.0,0.0,1009.2,97,4.8,0.132
2023-12-18T17:00,Santacruz_AWS,19.1197,72.8468,0.0,0.0,1010.0,95,6.3,0.132
2023-12-18T18:00,Santacruz_AWS,19.1197,72.8468,0.0,0.0,1010.8,100,2.1,0.132
2023-12-18T19:00,Santacruz_AWS,19.1197,72.8468,0.0,0.0,1011.9,100,4.7,0.132
2023-12-18T20:00,Santacruz_AWS,19.1197,72.8468,0.0,0.0,1012.8,100,6.2,0.132
2023-12-18T21:00,Santacruz_AWS,19.1197,72.8468,0.0,0.0,1013.0,100,13.8,0.132
2023-12-18T22:00,Santacruz_AWS,19.1197,72.8468,0.0,0.0,1012.9,98,15.7,0.132
2023-12-18T23:00,Santacruz_AWS,19.1197,72.8468,0.0,0.0,1012.8,100,12.6,0.132
2023-12-19T00:00,Santacruz_AWS,19.1197,72.8468,0.0,0.0,1012.3,100,12.8,0.132
2023-12-19T01:00,Santacruz_AWS,19.1197,72.8468,0.0,0.0,1011.7,100,14.3,0.132
2023-12-19T02:00,Santacruz_AWS,19.1197,72.8468,0.0,0.0,1011.0,100,14.3,0.132
2023-12-19T03:00,Santacruz_AWS,19.1197,72.8468,0.0,0.0,1010.7,100,14.5,0.132
2023-12-19T04:00,Santacruz_AWS,19.1197,72.8468,0.0,0.0,1010.7,100,13.9,0.132
2023-12-19T05:00,Santacruz_AWS,19.1197,72.8468,0.0,0.0,1011.1,100,12.8,0.132
2023-12-19T06:00,Santacruz_AWS,19.1197,72.8468,0.0,0.0,1012.2,100,12.6,0.132
2023-12-19T07:00,Santacruz_AWS,19.1197,72.8468,0.0,0.0,1012.9,100,12.7,0.132
2023-12-19T08:00,Santacruz_AWS,19.1197,72.8468,0.0,0.0,1013.9,100,12.9,0.132
2023-12-19T09:00,Santacruz_AWS,19.1197,72.8468,0.0,0.0,1014.5,100,13.1,0.132
2023-12-19T10:00,Santacruz_AWS,19.1197,72.8468,0.0,0.0,1014.5,99,15.2,0.132
2023-12-19T11:00,Santacruz_AWS,19.1197,72.8468,0.0,0.0,1013.5,75,14.8,0.132
2023-12-19T12:00,Santacruz_AWS,19.1197,72.8468,0.0,0.0,1012.2,33,13.3,0.132
2023-12-19T13:00,Santacruz_AWS,19.1197,72.8468,0.0,0.0,1011.3,55,9.2,0.132
2023-12-19T14:00,Santacruz_AWS,19.1197,72.8468,0.0,0.0,1010.4,48,7.3,0.132
2023-12-19T15:00,Santacruz_AWS,19.1197,72.8468,0.0,0.0,1010.2,64,8.8,0.132
2023-12-19T16:00,Santacruz_AWS,19.1197,72.8468,0.0,0.0,1010.4,100,15.7,0.132
2023-12-19T17:00,Santacruz_AWS,19.1197,72.8468,0.0,0.0,1011.0,29,15.8,0.132
2023-12-19T18:00,Santacruz_AWS,19.1197,72.8468,0.0,0.0,1011.6,87,9.4,0.132
2023-12-19T19:00,Santacruz_AWS,19.1197,72.8468,0.0,0.0,1012.5,98,8.0,0.132
2023-12-19T20:00,Santacruz_AWS,19.1197,72.8468,0.0,0.0,1013.1,88,6.8,0.132
2023-12-19T21:00,Santacruz_AWS,19.1197,72.8468,0.0,0.0,1013.5,100,7.4,0.132
2023-12-19T22:00,Santacruz_AWS,19.1197,72.8468,0.0,0.0,1013.6,98,9.4,0.132
2023-12-19T23:00,Santacruz_AWS,19.1197,72.8468,0.0,0.0,1013.7,96,8.4,0.132
2023-12-20T00:00,Santacruz_AWS,19.1197,72.8468,0.0,0.0,1013.2,86,6.5,0.132
2023-12-20T01:00,Santacruz_AWS,19.1197,72.8468,0.0,0.0,1012.7,97,6.9,0.132
2023-12-20T02:00,Santacruz_AWS,19.1197,72.8468,0.0,0.0,1012.1,79,8.0,0.132
2023-12-20T03:00,Santacruz_AWS,19.1197,72.8468,0.0,0.0,1011.7,85,8.6,0.132
2023-12-20T04:00,Santacruz_AWS,19.1197,72.8468,0.0,0.0,1011.7,63,8.9,0.132
2023-12-20T05:00,Santacruz_AWS,19.1197,72.8468,0.0,0.0,1011.9,76,9.2,0.132
2023-12-20T06:00,Santacruz_AWS,19.1197,72.8468,0.0,0.0,1012.3,94,8.1,0.132
2023-12-20T07:00,Santacruz_AWS,19.1197,72.8468,0.0,0.0,1013.0,99,8.9,0.132
2023-12-20T08:00,Santacruz_AWS,19.1197,72.8468,0.0,0.0,1013.9,100,10.2,0.132
2023-12-20T09:00,Santacruz_AWS,19.1197,72.8468,0.0,0.0,1014.5,100,8.9,0.132
2023-12-20T10:00,Santacruz_AWS,19.1197,72.8468,0.0,0.0,1014.2,78,11.8,0.132
2023-12-20T11:00,Santacruz_AWS,19.1197,72.8468,0.0,0.0,1013.3,91,12.3,0.132
2023-12-20T12:00,Santacruz_AWS,19.1197,72.8468,0.0,0.0,1012.2,78,10.1,0.132
2023-12-20T13:00,Santacruz_AWS,19.1197,72.8468,0.0,0.0,1011.0,41,7.8,0.132
2023-12-20T14:00,Santacruz_AWS,19.1197,72.8468,0.0,0.0,1010.4,59,2.3,0.132
2023-12-20T15:00,Santacruz_AWS,19.1197,72.8468,0.0,0.0,1010.1,40,10.2,0.131
2023-12-20T16:00,Santacruz_AWS,19.1197,72.8468,0.0,0.0,1010.2,51,17.1,0.131
2023-12-20T17:00,Santacruz_AWS,19.1197,72.8468,0.0,0.0,1010.6,66,16.4,0.131
2023-12-20T18:00,Santacruz_AWS,19.1197,72.8468,0.0,0.0,1011.1,100,14.2,0.131
2023-12-20T19:00,Santacruz_AWS,19.1197,72.8468,0.0,0.0,1012.0,100,14.6,0.131
2023-12-20T20:00,Santacruz_AWS,19.1197,72.8468,0.0,0.0,1012.7,100,14.8,0.131
2023-12-20T21:00,Santacruz_AWS,19.1197,72.8468,0.0,0.0,1012.8,99,12.3,0.131
2023-12-20T22:00,Santacruz_AWS,19.1197,72.8468,0.0,0.0,1013.0,100,8.5,0.131
2023-12-20T23:00,Santacruz_AWS,19.1197,72.8468,0.0,0.0,1012.7,100,7.0,0.131
2023-12-21T00:00,Santacruz_AWS,19.1197,72.8468,0.0,0.0,1012.1,100,6.4,0.131
2023-12-21T01:00,Santacruz_AWS,19.1197,72.8468,0.0,0.0,1011.7,91,5.2,0.131
2023-12-21T02:00,Santacruz_AWS,19.1197,72.8468,0.0,0.0,1011.4,100,6.0,0.131
2023-12-21T03:00,Santacruz_AWS,19.1197,72.8468,0.0,0.0,1010.8,100,8.6,0.132
2023-12-21T04:00,Santacruz_AWS,19.1197,72.8468,0.0,0.0,1010.8,100,6.4,0.132
2023-12-21T05:00,Santacruz_AWS,19.1197,72.8468,0.0,0.0,1010.6,100,8.8,0.132
2023-12-21T06:00,Santacruz_AWS,19.1197,72.8468,0.0,0.0,1011.3,100,11.2,0.131
2023-12-21T07:00,Santacruz_AWS,19.1197,72.8468,0.0,0.0,1011.8,99,12.9,0.131
2023-12-21T08:00,Santacruz_AWS,19.1197,72.8468,0.0,0.0,1012.7,66,11.6,0.131
2023-12-21T09:00,Santacruz_AWS,19.1197,72.8468,0.0,0.0,1012.9,89,9.4,0.131
2023-12-21T10:00,Santacruz_AWS,19.1197,72.8468,0.0,0.0,1012.4,100,10.9,0.131
2023-12-21T11:00,Santacruz_AWS,19.1197,72.8468,0.0,0.0,1011.7,100,11.6,0.131
2023-12-21T12:00,Santacruz_AWS,19.1197,72.8468,0.0,0.0,1010.8,95,6.4,0.131
2023-12-21T13:00,Santacruz_AWS,19.1197,72.8468,0.0,0.0,1009.8,100,8.3,0.131
2023-12-21T14:00,Santacruz_AWS,19.1197,72.8468,0.0,0.0,1009.2,99,15.9,0.131
2023-12-21T15:00,Santacruz_AWS,19.1197,72.8468,0.0,0.0,1008.8,100,16.1,0.131
2023-12-21T16:00,Santacruz_AWS,19.1197,72.8468,0.0,0.0,1008.9,100,14.0,0.131
2023-12-21T17:00,Santacruz_AWS,19.1197,72.8468,0.0,0.0,1009.5,100,13.3,0.131
2023-12-21T18:00,Santacruz_AWS,19.1197,72.8468,0.0,0.0,1010.7,96,12.7,0.131
2023-12-21T19:00,Santacruz_AWS,19.1197,72.8468,0.0,0.0,1011.4,100,13.1,0.131
2023-12-21T20:00,Santacruz_AWS,19.1197,72.8468,0.0,0.0,1012.1,93,10.8,0.131
2023-12-21T21:00,Santacruz_AWS,19.1197,72.8468,0.0,0.0,1012.5,100,8.0,0.131
2023-12-21T22:00,Santacruz_AWS,19.1197,72.8468,0.0,0.0,1012.5,100,6.8,0.131
2023-12-21T23:00,Santacruz_AWS,19.1197,72.8468,0.0,0.0,1012.3,97,5.4,0.131
2023-12-22T00:00,Santacruz_AWS,19.1197,72.8468,0.0,0.0,1011.9,53,5.1,0.131
2023-12-22T01:00,Santacruz_AWS,19.1197,72.8468,0.0,0.0,1011.3,97,3.6,0.131
2023-12-22T02:00,Santacruz_AWS,19.1197,72.8468,0.0,0.0,1010.8,100,5.9,0.131
2023-12-22T03:00,Santacruz_AWS,19.1197,72.8468,0.0,0.0,1010.3,100,6.4,0.131
2023-12-22T04:00,Santacruz_AWS,19.1197,72.8468,0.0,0.0,1010.1,92,5.4,0.131
2023-12-22T05:00,Santacruz_AWS,19.1197,72.8468,0.0,0.0,1010.3,100,4.7,0.131
2023-12-22T06:00,Santacruz_AWS,19.1197,72.8468,0.0,0.0,1011.1,99,7.2,0.131
2023-12-22T07:00,Santacruz_AWS,19.1197,72.8468,0.0,0.0,1011.7,100,3.9,0.131
2023-12-22T08:00,Santacruz_AWS,19.1197,72.8468,0.0,0.0,1012.4,100,7.9,0.131
2023-12-22T09:00,Santacruz_AWS,19.1197,72.8468,0.0,0.0,1012.9,100,7.1,0.131
2023-12-22T10:00,Santacruz_AWS,19.1197,72.8468,0.0,0.0,1012.9,100,4.5,0.131
2023-12-22T11:00,Santacruz_AWS,19.1197,72.8468,0.0,0.0,1012.4,100,3.1,0.131
2023-12-22T12:00,Santacruz_AWS,19.1197,72.8468,0.0,0.0,1011.6,100,5.6,0.131
2023-12-22T13:00,Santacruz_AWS,19.1197,72.8468,0.0,0.0,1010.6,100,11.5,0.131
2023-12-22T14:00,Santacruz_AWS,19.1197,72.8468,0.0,0.0,1010.0,100,12.4,0.131
2023-12-22T15:00,Santacruz_AWS,19.1197,72.8468,0.0,0.0,1009.7,100,12.3,0.131
2023-12-22T16:00,Santacruz_AWS,19.1197,72.8468,0.0,0.0,1009.8,100,12.5,0.131
2023-12-22T17:00,Santacruz_AWS,19.1197,72.8468,0.0,0.0,1010.0,100,10.6,0.131
2023-12-22T18:00,Santacruz_AWS,19.1197,72.8468,0.0,0.0,1010.5,99,6.2,0.133
2023-12-22T19:00,Santacruz_AWS,19.1197,72.8468,0.0,0.0,1011.1,99,6.8,0.133
2023-12-22T20:00,Santacruz_AWS,19.1197,72.8468,0.0,0.0,1011.8,100,6.7,0.133
2023-12-22T21:00,Santacruz_AWS,19.1197,72.8468,0.0,0.0,1012.4,42,12.0,0.133
2023-12-22T22:00,Santacruz_AWS,19.1197,72.8468,0.0,0.0,1012.5,94,11.3,0.133
2023-12-22T23:00,Santacruz_AWS,19.1197,72.8468,0.0,0.0,1012.3,91,9.7,0.133
2023-12-23T00:00,Santacruz_AWS,19.1197,72.8468,0.0,0.0,1012.0,98,7.3,0.133
2023-12-23T01:00,Santacruz_AWS,19.1197,72.8468,0.0,0.0,1011.5,97,6.9,0.133
2023-12-23T02:00,Santacruz_AWS,19.1197,72.8468,0.0,0.0,1011.2,80,6.3,0.133
2023-12-23T03:00,Santacruz_AWS,19.1197,72.8468,0.0,0.0,1011.1,98,5.8,0.133
2023-12-23T04:00,Santacruz_AWS,19.1197,72.8468,0.0,0.0,1011.2,99,5.6,0.133
2023-12-23T05:00,Santacruz_AWS,19.1197,72.8468,0.0,0.0,1011.3,72,6.7,0.133
2023-12-23T06:00,Santacruz_AWS,19.1197,72.8468,0.0,0.0,1012.1,19,4.3,0.133
2023-12-23T07:00,Santacruz_AWS,19.1197,72.8468,0.0,0.0,1012.5,97,5.9,0.133
2023-12-23T08:00,Santacruz_AWS,19.1197,72.8468,0.0,0.0,1013.1,58,7.4,0.133
2023-12-23T09:00,Santacruz_AWS,19.1197,72.8468,0.0,0.0,1013.9,5,7.4,0.133
2023-12-23T10:00,Santacruz_AWS,19.1197,72.8468,0.0,0.0,1013.9,7,6.9,0.133
2023-12-23T11:00,Santacruz_AWS,19.1197,72.8468,0.0,0.0,1013.0,3,5.7,0.133
2023-12-23T12:00,Santacruz_AWS,19.1197,72.8468,0.0,0.0,1011.9,1,4.0,0.133
2023-12-23T13:00,Santacruz_AWS,19.1197,72.8468,0.0,0.0,1010.6,13,6.9,0.132
2023-12-23T14:00,Santacruz_AWS,19.1197,72.8468,0.0,0.0,1009.7,27,11.6,0.132
2023-12-23T15:00,Santacruz_AWS,19.1197,72.8468,0.0,0.0,1009.5,70,14.4,0.132
2023-12-23T16:00,Santacruz_AWS,19.1197,72.8468,0.0,0.0,1009.8,64,16.6,0.132
2023-12-23T17:00,Santacruz_AWS,19.1197,72.8468,0.0,0.0,1010.3,8,14.7,0.132
2023-12-23T18:00,Santacruz_AWS,19.1197,72.8468,0.0,0.0,1011.2,94,17.7,0.132
2023-12-23T19:00,Santacruz_AWS,19.1197,72.8468,0.0,0.0,1012.0,8,18.2,0.132
2023-12-23T20:00,Santacruz_AWS,19.1197,72.8468,0.0,0.0,1012.9,6,18.4,0.132
2023-12-23T21:00,Santacruz_AWS,19.1197,72.8468,0.0,0.0,1013.4,5,16.2,0.132
2023-12-23T22:00,Santacruz_AWS,19.1197,72.8468,0.0,0.0,1013.9,10,8.6,0.132
2023-12-23T23:00,Santacruz_AWS,19.1197,72.8468,0.0,0.0,1013.7,15,8.9,0.132
2023-12-24T00:00,Santacruz_AWS,19.1197,72.8468,0.0,0.0,1013.3,33,7.2,0.132
2023-12-24T01:00,Santacruz_AWS,19.1197,72.8468,0.0,0.0,1012.8,97,7.1,0.132
2023-12-24T02:00,Santacruz_AWS,19.1197,72.8468,0.0,0.0,1012.4,68,7.6,0.132
2023-12-24T03:00,Santacruz_AWS,19.1197,72.8468,0.0,0.0,1012.1,9,6.8,0.132
2023-12-24T04:00,Santacruz_AWS,19.1197,72.8468,0.0,0.0,1012.0,12,6.9,0.132
2023-12-24T05:00,Santacruz_AWS,19.1197,72.8468,0.0,0.0,1012.4,65,6.4,0.132
2023-12-24T06:00,Santacruz_AWS,19.1197,72.8468,0.0,0.0,1013.1,100,5.9,0.132
2023-12-24T07:00,Santacruz_AWS,19.1197,72.8468,0.0,0.0,1013.9,100,5.9,0.132
2023-12-24T08:00,Santacruz_AWS,19.1197,72.8468,0.0,0.0,1014.8,100,7.2,0.132
2023-12-24T09:00,Santacruz_AWS,19.1197,72.8468,0.0,0.0,1015.6,96,5.7,0.132
2023-12-24T10:00,Santacruz_AWS,19.1197,72.8468,0.0,0.0,1015.7,97,4.8,0.132
2023-12-24T11:00,Santacruz_AWS,19.1197,72.8468,0.0,0.0,1015.0,87,3.6,0.132
2023-12-24T12:00,Santacruz_AWS,19.1197,72.8468,0.0,0.0,1013.8,1,1.5,0.132
2023-12-24T13:00,Santacruz_AWS,19.1197,72.8468,0.0,0.0,1012.4,0,5.9,0.132
2023-12-24T14:00,Santacruz_AWS,19.1197,72.8468,0.0,0.0,1011.4,0,9.9,0.132
2023-12-24T15:00,Santacruz_AWS,19.1197,72.8468,0.0,0.0,1010.9,0,12.1,0.132
2023-12-24T16:00,Santacruz_AWS,19.1197,72.8468,0.0,0.0,1011.0,0,13.1,0.132
2023-12-24T17:00,Santacruz_AWS,19.1197,72.8468,0.0,0.0,1011.3,0,11.0,0.132
2023-12-24T18:00,Santacruz_AWS,19.1197,72.8468,0.0,0.0,1012.1,8,13.6,0.132
2023-12-24T19:00,Santacruz_AWS,19.1197,72.8468,0.0,0.0,1012.7,0,15.1,0.132
2023-12-24T20:00,Santacruz_AWS,19.1197,72.8468,0.0,0.0,1013.3,0,14.2,0.132
2023-12-24T21:00,Santacruz_AWS,19.1197,72.8468,0.0,0.0,1013.9,0,8.4,0.132
2023-12-24T22:00,Santacruz_AWS,19.1197,72.8468,0.0,0.0,1014.0,0,7.5,0.132
2023-12-24T23:00,Santacruz_AWS,19.1197,72.8468,0.0,0.0,1013.6,0,7.6,0.132
2023-12-25T00:00,Santacruz_AWS,19.1197,72.8468,0.0,0.0,1013.4,0,9.9,0.132
2023-12-25T01:00,Santacruz_AWS,19.1197,72.8468,0.0,0.0,1013.2,40,6.4,0.132
2023-12-25T02:00,Santacruz_AWS,19.1197,72.8468,0.0,0.0,1012.8,31,6.1,0.132
2023-12-25T03:00,Santacruz_AWS,19.1197,72.8468,0.0,0.0,1012.6,23,5.9,0.132
2023-12-25T04:00,Santacruz_AWS,19.1197,72.8468,0.0,0.0,1012.7,17,6.6,0.132
2023-12-25T05:00,Santacruz_AWS,19.1197,72.8468,0.0,0.0,1012.8,6,6.1,0.132
2023-12-25T06:00,Santacruz_AWS,19.1197,72.8468,0.0,0.0,1013.9,100,6.6,0.132
2023-12-25T07:00,Santacruz_AWS,19.1197,72.8468,0.0,0.0,1014.4,94,7.3,0.132
2023-12-25T08:00,Santacruz_AWS,19.1197,72.8468,0.0,0.0,1015.0,72,8.9,0.132
2023-12-25T09:00,Santacruz_AWS,19.1197,72.8468,0.0,0.0,1015.6,72,8.4,0.132
2023-12-25T10:00,Santacruz_AWS,19.1197,72.8468,0.0,0.0,1015.5,0,6.9,0.132
2023-12-25T11:00,Santacruz_AWS,19.1197,72.8468,0.0,0.0,1014.8,0,5.4,0.132
2023-12-25T12:00,Santacruz_AWS,19.1197,72.8468,0.0,0.0,1013.7,0,0.0,0.132
2023-12-25T13:00,Santacruz_AWS,19.1197,72.8468,0.0,0.0,1012.4,0,6.6,0.132
2023-12-25T14:00,Santacruz_AWS,19.1197,72.8468,0.0,0.0,1011.4,0,13.2,0.132
2023-12-25T15:00,Santacruz_AWS,19.1197,72.8468,0.0,0.0,1010.9,0,15.4,0.132
2023-12-25T16:00,Santacruz_AWS,19.1197,72.8468,0.0,0.0,1010.8,0,15.8,0.132
2023-12-25T17:00,Santacruz_AWS,19.1197,72.8468,0.0,0.0,1011.0,0,15.1,0.132
2023-12-25T18:00,Santacruz_AWS,19.1197,72.8468,0.0,0.0,1011.6,0,15.8,0.132
2023-12-25T19:00,Santacruz_AWS,19.1197,72.8468,0.0,0.0,1012.3,0,16.0,0.132
2023-12-25T20:00,Santacruz_AWS,19.1197,72.8468,0.0,0.0,1012.8,0,15.8,0.132
2023-12-25T21:00,Santacruz_AWS,19.1197,72.8468,0.0,0.0,1013.4,0,13.5,0.132
2023-12-25T22:00,Santacruz_AWS,19.1197,72.8468,0.0,0.0,1013.5,0,7.4,0.132
2023-12-25T23:00,Santacruz_AWS,19.1197,72.8468,0.0,0.0,1013.2,0,8.1,0.132
2023-12-26T00:00,Santacruz_AWS,19.1197,72.8468,0.0,0.0,1012.6,0,5.4,0.132
2023-12-26T01:00,Santacruz_AWS,19.1197,72.8468,0.0,0.0,1012.3,0,5.8,0.132
2023-12-26T02:00,Santacruz_AWS,19.1197,72.8468,0.0,0.0,1012.0,0,7.6,0.132
2023-12-26T03:00,Santacruz_AWS,19.1197,72.8468,0.0,0.0,1011.6,0,7.6,0.132
2023-12-26T04:00,Santacruz_AWS,19.1197,72.8468,0.0,0.0,1011.7,0,8.8,0.132
2023-12-26T05:00,Santacruz_AWS,19.1197,72.8468,0.0,0.0,1011.9,0,6.3,0.132
2023-12-26T06:00,Santacruz_AWS,19.1197,72.8468,0.0,0.0,1012.9,0,4.3,0.132
2023-12-26T07:00,Santacruz_AWS,19.1197,72.8468,0.0,0.0,1013.7,0,6.7,0.132
2023-12-26T08:00,Santacruz_AWS,19.1197,72.8468,0.0,0.0,1014.6,1,8.3,0.132
2023-12-26T09:00,Santacruz_AWS,19.1197,72.8468,0.0,0.0,1015.3,1,7.6,0.132
2023-12-26T10:00,Santacruz_AWS,19.1197,72.8468,0.0,0.0,1015.1,0,6.8,0.132
2023-12-26T11:00,Santacruz_AWS,19.1197,72.8468,0.0,0.0,1014.7,0,5.4,0.131
2023-12-26T12:00,Santacruz_AWS,19.1197,72.8468,0.0,0.0,1013.5,0,4.1,0.131
2023-12-26T13:00,Santacruz_AWS,19.1197,72.8468,0.0,0.0,1012.6,0,8.0,0.131
2023-12-26T14:00,Santacruz_AWS,19.1197,72.8468,0.0,0.0,1011.8,0,10.9,0.131
2023-12-26T15:00,Santacruz_AWS,19.1197,72.8468,0.0,0.0,1011.5,0,12.3,0.131
2023-12-26T16:00,Santacruz_AWS,19.1197,72.8468,0.0,0.0,1011.4,0,11.8,0.131
2023-12-26T17:00,Santacruz_AWS,19.1197,72.8468,0.0,0.0,1011.6,0,11.2,0.131
2023-12-26T18:00,Santacruz_AWS,19.1197,72.8468,0.0,0.0,1012.5,0,11.6,0.131
2023-12-26T19:00,Santacruz_AWS,19.1197,72.8468,0.0,0.0,1013.1,0,13.0,0.131
2023-12-26T20:00,Santacruz_AWS,19.1197,72.8468,0.0,0.0,1013.5,0,13.6,0.131
2023-12-26T21:00,Santacruz_AWS,19.1197,72.8468,0.0,0.0,1013.9,0,13.4,0.131
2023-12-26T22:00,Santacruz_AWS,19.1197,72.8468,0.0,0.0,1014.3,3,8.2,0.131
2023-12-26T23:00,Santacruz_AWS,19.1197,72.8468,0.0,0.0,1014.0,9,6.6,0.131
2023-12-27T00:00,Santacruz_AWS,19.1197,72.8468,0.0,0.0,1013.5,0,8.7,0.131
2023-12-27T01:00,Santacruz_AWS,19.1197,72.8468,0.0,0.0,1013.2,0,9.7,0.131
2023-12-27T02:00,Santacruz_AWS,19.1197,72.8468,0.0,0.0,1012.7,0,10.1,0.131
2023-12-27T03:00,Santacruz_AWS,19.1197,72.8468,0.0,0.0,1012.3,0,7.9,0.131
2023-12-27T04:00,Santacruz_AWS,19.1197,72.8468,0.0,0.0,1012.6,17,7.5,0.131
2023-12-27T05:00,Santacruz_AWS,19.1197,72.8468,0.0,0.0,1012.9,9,7.5,0.131
2023-12-27T06:00,Santacruz_AWS,19.1197,72.8468,0.0,0.0,1014.2,17,5.9,0.131
2023-12-27T07:00,Santacruz_AWS,19.1197,72.8468,0.0,0.0,1015.0,35,6.2,0.131
2023-12-27T08:00,Santacruz_AWS,19.1197,72.8468,0.0,0.0,1015.6,98,8.5,0.131
2023-12-27T09:00,Santacruz_AWS,19.1197,72.8468,0.0,0.0,1016.2,82,7.1,0.131
2023-12-27T10:00,Santacruz_AWS,19.1197,72.8468,0.0,0.0,1016.2,69,6.4,0.131
2023-12-27T11:00,Santacruz_AWS,19.1197,72.8468,0.0,0.0,1015.5,15,5.5,0.131
2023-12-27T12:00,Santacruz_AWS,19.1197,72.8468,0.0,0.0,1013.9,5,2.5,0.131
2023-12-27T13:00,Santacruz_AWS,19.1197,72.8468,0.0,0.0,1012.5,8,4.6,0.131
2023-12-27T14:00,Santacruz_AWS,19.1197,72.8468,0.0,0.0,1011.5,21,12.8,0.131
2023-12-27T15:00,Santacruz_AWS,19.1197,72.8468,0.0,0.0,1010.8,20,14.6,0.131
2023-12-27T16:00,Santacruz_AWS,19.1197,72.8468,0.0,0.0,1010.6,34,14.8,0.131
2023-12-27T17:00,Santacruz_AWS,19.1197,72.8468,0.0,0.0,1011.0,46,14.2,0.131
2023-12-27T18:00,Santacruz_AWS,19.1197,72.8468,0.0,0.0,1011.5,10,16.6,0.131
2023-12-27T19:00,Santacruz_AWS,19.1197,72.8468,0.0,0.0,1012.2,80,16.1,0.131
2023-12-27T20:00,Santacruz_AWS,19.1197,72.8468,0.0,0.0,1012.7,86,16.5,0.131
2023-12-27T21:00,Santacruz_AWS,19.1197,72.8468,0.0,0.0,1013.0,90,16.9,0.131
2023-12-27T22:00,Santacruz_AWS,19.1197,72.8468,0.0,0.0,1013.1,50,16.6,0.131
2023-12-27T23:00,Santacruz_AWS,19.1197,72.8468,0.0,0.0,1012.7,91,15.5,0.131
2023-12-28T00:00,Santacruz_AWS,19.1197,72.8468,0.0,0.0,1012.2,90,13.4,0.131
2023-12-28T01:00,Santacruz_AWS,19.1197,72.8468,0.0,0.0,1011.7,83,9.1,0.131
2023-12-28T02:00,Santacruz_AWS,19.1197,72.8468,0.0,0.0,1011.2,85,7.5,0.131
2023-12-28T03:00,Santacruz_AWS,19.1197,72.8468,0.0,0.0,1011.1,90,9.4,0.131
2023-12-28T04:00,Santacruz_AWS,19.1197,72.8468,0.0,0.0,1011.1,92,8.0,0.131
2023-12-28T05:00,Santacruz_AWS,19.1197,72.8468,0.0,0.0,1011.4,100,7.7,0.131
2023-12-28T06:00,Santacruz_AWS,19.1197,72.8468,0.0,0.0,1012.2,62,5.1,0.131
2023-12-28T07:00,Santacruz_AWS,19.1197,72.8468,0.0,0.0,1012.8,89,4.8,0.131
2023-12-28T08:00,Santacruz_AWS,19.1197,72.8468,0.0,0.0,1013.4,0,6.6,0.131
2023-12-28T09:00,Santacruz_AWS,19.1197,72.8468,0.0,0.0,1013.9,74,6.2,0.131
2023-12-28T10:00,Santacruz_AWS,19.1197,72.8468,0.0,0.0,1013.6,100,5.7,0.131
2023-12-28T11:00,Santacruz_AWS,19.1197,72.8468,0.0,0.0,1012.7,87,3.2,0.131
2023-12-28T12:00,Santacruz_AWS,19.1197,72.8468,0.0,0.0,1011.5,36,3.0,0.131
2023-12-28T13:00,Santacruz_AWS,19.1197,72.8468,0.0,0.0,1010.2,46,7.1,0.131
2023-12-28T14:00,Santacruz_AWS,19.1197,72.8468,0.0,0.0,1009.3,35,11.4,0.131
2023-12-28T15:00,Santacruz_AWS,19.1197,72.8468,0.0,0.0,1009.0,39,14.8,0.131
2023-12-28T16:00,Santacruz_AWS,19.1197,72.8468,0.0,0.0,1009.1,85,15.2,0.131
2023-12-28T17:00,Santacruz_AWS,19.1197,72.8468,0.0,0.0,1009.7,41,14.6,0.131
2023-12-28T18:00,Santacruz_AWS,19.1197,72.8468,0.0,0.0,1010.3,0,14.7,0.131
2023-12-28T19:00,Santacruz_AWS,19.1197,72.8468,0.0,0.0,1011.2,19,14.0,0.131
2023-12-28T20:00,Santacruz_AWS,19.1197,72.8468,0.0,0.0,1011.8,92,14.4,0.131
2023-12-28T21:00,Santacruz_AWS,19.1197,72.8468,0.0,0.0,1012.2,100,15.7,0.131
2023-12-28T22:00,Santacruz_AWS,19.1197,72.8468,0.0,0.0,1012.6,100,9.7,0.131
2023-12-28T23:00,Santacruz_AWS,19.1197,72.8468,0.0,0.0,1012.5,100,8.2,0.131
2023-12-29T00:00,Santacruz_AWS,19.1197,72.8468,0.0,0.0,1012.4,100,5.6,0.131
2023-12-29T01:00,Santacruz_AWS,19.1197,72.8468,0.0,0.0,1012.2,100,5.7,0.131
2023-12-29T02:00,Santacruz_AWS,19.1197,72.8468,0.0,0.0,1011.5,94,6.6,0.131
2023-12-29T03:00,Santacruz_AWS,19.1197,72.8468,0.0,0.0,1011.0,99,8.3,0.131
2023-12-29T04:00,Santacruz_AWS,19.1197,72.8468,0.0,0.0,1010.9,99,7.3,0.131
2023-12-29T05:00,Santacruz_AWS,19.1197,72.8468,0.0,0.0,1011.1,98,6.1,0.131
2023-12-29T06:00,Santacruz_AWS,19.1197,72.8468,0.0,0.0,1012.0,91,5.2,0.131
2023-12-29T07:00,Santacruz_AWS,19.1197,72.8468,0.0,0.0,1012.6,88,4.9,0.131
2023-12-29T08:00,Santacruz_AWS,19.1197,72.8468,0.0,0.0,1013.3,73,6.5,0.131
2023-12-29T09:00,Santacruz_AWS,19.1197,72.8468,0.0,0.0,1013.8,41,5.5,0.131
2023-12-29T10:00,Santacruz_AWS,19.1197,72.8468,0.0,0.0,1013.6,3,4.5,0.131
2023-12-29T11:00,Santacruz_AWS,19.1197,72.8468,0.0,0.0,1012.4,0,4.3,0.131
2023-12-29T12:00,Santacruz_AWS,19.1197,72.8468,0.0,0.0,1011.3,0,2.9,0.131
2023-12-29T13:00,Santacruz_AWS,19.1197,72.8468,0.0,0.0,1010.1,0,5.6,0.131
2023-12-29T14:00,Santacruz_AWS,19.1197,72.8468,0.0,0.0,1009.3,0,11.4,0.131
2023-12-29T15:00,Santacruz_AWS,19.1197,72.8468,0.0,0.0,1009.2,2,13.3,0.131
2023-12-29T16:00,Santacruz_AWS,19.1197,72.8468,0.0,0.0,1009.3,0,13.6,0.131
2023-12-29T17:00,Santacruz_AWS,19.1197,72.8468,0.0,0.0,1009.7,0,11.9,0.131
2023-12-29T18:00,Santacruz_AWS,19.1197,72.8468,0.0,0.0,1010.4,0,11.5,0.131
2023-12-29T19:00,Santacruz_AWS,19.1197,72.8468,0.0,0.0,1011.2,0,12.7,0.131
2023-12-29T20:00,Santacruz_AWS,19.1197,72.8468,0.0,0.0,1012.0,0,13.0,0.131
2023-12-29T21:00,Santacruz_AWS,19.1197,72.8468,0.0,0.0,1012.7,0,9.4,0.131
2023-12-29T22:00,Santacruz_AWS,19.1197,72.8468,0.0,0.0,1012.9,0,7.7,0.131
2023-12-29T23:00,Santacruz_AWS,19.1197,72.8468,0.0,0.0,1012.7,0,8.1,0.131
2023-12-30T00:00,Santacruz_AWS,19.1197,72.8468,0.0,0.0,1012.2,0,7.4,0.131
2023-12-30T01:00,Santacruz_AWS,19.1197,72.8468,0.0,0.0,1011.8,0,7.7,0.131
2023-12-30T02:00,Santacruz_AWS,19.1197,72.8468,0.0,0.0,1011.2,10,7.1,0.131
2023-12-30T03:00,Santacruz_AWS,19.1197,72.8468,0.0,0.0,1010.7,4,7.4,0.131
2023-12-30T04:00,Santacruz_AWS,19.1197,72.8468,0.0,0.0,1010.3,5,8.7,0.131
2023-12-30T05:00,Santacruz_AWS,19.1197,72.8468,0.0,0.0,1010.5,0,8.6,0.131
2023-12-30T06:00,Santacruz_AWS,19.1197,72.8468,0.0,0.0,1011.7,0,5.9,0.131
2023-12-30T07:00,Santacruz_AWS,19.1197,72.8468,0.0,0.0,1012.2,2,3.8,0.131
2023-12-30T08:00,Santacruz_AWS,19.1197,72.8468,0.0,0.0,1012.6,0,5.4,0.131
2023-12-30T09:00,Santacruz_AWS,19.1197,72.8468,0.0,0.0,1013.5,0,3.6,0.131
2023-12-30T10:00,Santacruz_AWS,19.1197,72.8468,0.0,0.0,1013.4,0,3.8,0.131
2023-12-30T11:00,Santacruz_AWS,19.1197,72.8468,0.0,0.0,1012.7,0,2.2,0.131
2023-12-30T12:00,Santacruz_AWS,19.1197,72.8468,0.0,0.0,1011.7,0,3.9,0.131
2023-12-30T13:00,Santacruz_AWS,19.1197,72.8468,0.0,0.0,1010.5,0,8.4,0.131
2023-12-30T14:00,Santacruz_AWS,19.1197,72.8468,0.0,0.0,1009.8,0,10.9,0.131
2023-12-30T15:00,Santacruz_AWS,19.1197,72.8468,0.0,0.0,1009.2,0,11.5,0.131
2023-12-30T16:00,Santacruz_AWS,19.1197,72.8468,0.0,0.0,1009.2,0,12.4,0.131
2023-12-30T17:00,Santacruz_AWS,19.1197,72.8468,0.0,0.0,1009.6,0,12.6,0.131
2023-12-30T18:00,Santacruz_AWS,19.1197,72.8468,0.0,0.0,1010.0,0,14.0,0.131
2023-12-30T19:00,Santacruz_AWS,19.1197,72.8468,0.0,0.0,1010.8,0,13.4,0.131
2023-12-30T20:00,Santacruz_AWS,19.1197,72.8468,0.0,0.0,1011.4,0,11.4,0.131
2023-12-30T21:00,Santacruz_AWS,19.1197,72.8468,0.0,0.0,1011.7,22,12.0,0.131
2023-12-30T22:00,Santacruz_AWS,19.1197,72.8468,0.0,0.0,1012.3,52,6.2,0.131
2023-12-30T23:00,Santacruz_AWS,19.1197,72.8468,0.0,0.0,1011.8,89,8.4,0.131
2023-12-31T00:00,Santacruz_AWS,19.1197,72.8468,0.0,0.0,1011.5,88,7.9,0.131
2023-12-31T01:00,Santacruz_AWS,19.1197,72.8468,0.0,0.0,1011.2,83,8.2,0.131
2023-12-31T02:00,Santacruz_AWS,19.1197,72.8468,0.0,0.0,1010.9,51,8.3,0.131
2023-12-31T03:00,Santacruz_AWS,19.1197,72.8468,0.0,0.0,1010.4,9,7.6,0.131
2023-12-31T04:00,Santacruz_AWS,19.1197,72.8468,0.0,0.0,1010.2,0,6.7,0.131
2023-12-31T05:00,Santacruz_AWS,19.1197,72.8468,0.0,0.0,1010.2,0,6.2,0.131
2023-12-31T06:00,Santacruz_AWS,19.1197,72.8468,0.0,0.0,1011.2,0,6.1,0.131
2023-12-31T07:00,Santacruz_AWS,19.1197,72.8468,0.0,0.0,1011.6,60,6.8,0.131
2023-12-31T08:00,Santacruz_AWS,19.1197,72.8468,0.0,0.0,1012.1,0,5.9,0.131
2023-12-31T09:00,Santacruz_AWS,19.1197,72.8468,0.0,0.0,1013.0,14,4.4,0.131
2023-12-31T10:00,Santacruz_AWS,19.1197,72.8468,0.0,0.0,1012.8,6,3.4,0.131
2023-12-31T11:00,Santacruz_AWS,19.1197,72.8468,0.0,0.0,1011.9,0,1.1,0.131
2023-12-31T12:00,Santacruz_AWS,19.1197,72.8468,0.0,0.0,1010.9,1,4.0,0.131
2023-12-31T13:00,Santacruz_AWS,19.1197,72.8468,0.0,0.0,1009.8,21,9.9,0.131
2023-12-31T14:00,Santacruz_AWS,19.1197,72.8468,0.0,0.0,1008.6,44,13.4,0.131
2023-12-31T15:00,Santacruz_AWS,19.1197,72.8468,0.0,0.0,1008.2,11,14.0,0.131
2023-12-31T16:00,Santacruz_AWS,19.1197,72.8468,0.0,0.0,1008.1,0,14.4,0.131
2023-12-31T17:00,Santacruz_AWS,19.1197,72.8468,0.0,0.0,1008.5,0,13.5,0.131
2023-12-31T18:00,Santacruz_AWS,19.1197,72.8468,0.0,0.0,1009.6,0,12.9,0.131
2023-12-31T19:00,Santacruz_AWS,19.1197,72.8468,0.0,0.0,1010.2,0,11.9,0.131
2023-12-31T20:00,Santacruz_AWS,19.1197,72.8468,0.0,0.0,1011.1,0,11.5,0.131
2023-12-31T21:00,Santacruz_AWS,19.1197,72.8468,0.0,0.0,1011.6,0,10.5,0.131
2023-12-31T22:00,Santacruz_AWS,19.1197,72.8468,0.0,0.0,1011.9,0,5.6,0.131
2023-12-31T23:00,Santacruz_AWS,19.1197,72.8468,0.0,0.0,1011.7,0,8.4,0.131
2024-01-01T00:00,Santacruz_AWS,19.1197,72.8468,0.0,0.0,1011.3,0,7.1,0.131
2024-01-01T01:00,Santacruz_AWS,19.1197,72.8468,0.0,0.0,1011.2,0,5.8,0.131
2024-01-01T02:00,Santacruz_AWS,19.1197,72.8468,0.0,0.0,1010.6,1,6.5,0.131
2024-01-01T03:00,Santacruz_AWS,19.1197,72.8468,0.0,0.0,1010.0,0,5.8,0.131
2024-01-01T04:00,Santacruz_AWS,19.1197,72.8468,0.0,0.0,1009.9,0,5.9,0.131
2024-01-01T05:00,Santacruz_AWS,19.1197,72.8468,0.0,0.0,1010.2,0,5.8,0.131
2024-01-01T06:00,Santacruz_AWS,19.1197,72.8468,0.0,0.0,1011.3,3,5.1,0.131
2024-01-01T07:00,Santacruz_AWS,19.1197,72.8468,0.0,0.0,1011.9,18,4.7,0.131
2024-01-01T08:00,Santacruz_AWS,19.1197,72.8468,0.0,0.0,1012.5,0,7.0,0.131
2024-01-01T09:00,Santacruz_AWS,19.1197,72.8468,0.0,0.0,1013.3,5,5.7,0.131
2024-01-01T10:00,Santacruz_AWS,19.1197,72.8468,0.0,0.0,1013.1,21,4.1,0.131
2024-01-01T11:00,Santacruz_AWS,19.1197,72.8468,0.0,0.0,1012.3,2,1.8,0.131
2024-01-01T12:00,Santacruz_AWS,19.1197,72.8468,0.0,0.0,1011.3,0,3.8,0.131
2024-01-01T13:00,Santacruz_AWS,19.1197,72.8468,0.0,0.0,1010.0,0,10.5,0.131
2024-01-01T14:00,Santacruz_AWS,19.1197,72.8468,0.0,0.0,1009.4,0,12.9,0.131
2024-01-01T15:00,Santacruz_AWS,19.1197,72.8468,0.0,0.0,1009.0,0,14.3,0.131
2024-01-01T16:00,Santacruz_AWS,19.1197,72.8468,0.0,0.0,1008.8,0,14.8,0.131
2024-01-01T17:00,Santacruz_AWS,19.1197,72.8468,0.0,0.0,1009.0,0,15.9,0.131
2024-01-01T18:00,Santacruz_AWS,19.1197,72.8468,0.0,0.0,1009.9,0,14.6,0.131
2024-01-01T19:00,Santacruz_AWS,19.1197,72.8468,0.0,0.0,1010.9,0,15.6,0.131
2024-01-01T20:00,Santacruz_AWS,19.1197,72.8468,0.0,0.0,1011.6,0,15.8,0.131
2024-01-01T21:00,Santacruz_AWS,19.1197,72.8468,0.0,0.0,1012.1,0,15.6,0.131
2024-01-01T22:00,Santacruz_AWS,19.1197,72.8468,0.0,0.0,1012.4,0,9.8,0.131
2024-01-01T23:00,Santacruz_AWS,19.1197,72.8468,0.0,0.0,1012.0,0,6.1,0.131
2024-01-02T00:00,Santacruz_AWS,19.1197,72.8468,0.0,0.0,1011.2,0,6.4,0.131
2024-01-02T01:00,Santacruz_AWS,19.1197,72.8468,0.0,0.0,1010.8,0,7.9,0.131
2024-01-02T02:00,Santacruz_AWS,19.1197,72.8468,0.0,0.0,1010.3,0,7.2,0.131
2024-01-02T03:00,Santacruz_AWS,19.1197,72.8468,0.0,0.0,1009.9,0,6.6,0.131
2024-01-02T04:00,Santacruz_AWS,19.1197,72.8468,0.0,0.0,1010.0,0,7.2,0.131
2024-01-02T05:00,Santacruz_AWS,19.1197,72.8468,0.0,0.0,1010.0,0,8.3,0.131
2024-01-02T06:00,Santacruz_AWS,19.1197,72.8468,0.0,0.0,1010.8,0,5.8,0.131
2024-01-02T07:00,Santacruz_AWS,19.1197,72.8468,0.0,0.0,1011.2,0,4.5,0.131
2024-01-02T08:00,Santacruz_AWS,19.1197,72.8468,0.0,0.0,1011.8,0,5.8,0.131
2024-01-02T09:00,Santacruz_AWS,19.1197,72.8468,0.0,0.0,1012.3,0,5.0,0.131
2024-01-02T10:00,Santacruz_AWS,19.1197,72.8468,0.0,0.0,1012.1,0,5.2,0.131
2024-01-02T11:00,Santacruz_AWS,19.1197,72.8468,0.0,0.0,1011.2,0,4.7,0.131
2024-01-02T12:00,Santacruz_AWS,19.1197,72.8468,0.0,0.0,1010.1,0,6.3,0.131
2024-01-02T13:00,Santacruz_AWS,19.1197,72.8468,0.0,0.0,1009.1,0,12.9,0.131
2024-01-02T14:00,Santacruz_AWS,19.1197,72.8468,0.0,0.0,1008.5,0,15.2,0.131
2024-01-02T15:00,Santacruz_AWS,19.1197,72.8468,0.0,0.0,1007.9,0,15.9,0.131
2024-01-02T16:00,Santacruz_AWS,19.1197,72.8468,0.0,0.0,1008.1,0,17.3,0.131
2024-01-02T17:00,Santacruz_AWS,19.1197,72.8468,0.0,0.0,1008.4,0,18.7,0.131
2024-01-02T18:00,Santacruz_AWS,19.1197,72.8468,0.0,0.0,1009.4,0,19.4,0.131
2024-01-02T19:00,Santacruz_AWS,19.1197,72.8468,0.0,0.0,1010.4,0,20.0,0.131
2024-01-02T20:00,Santacruz_AWS,19.1197,72.8468,0.0,0.0,1011.1,0,19.1,0.131
2024-01-02T21:00,Santacruz_AWS,19.1197,72.8468,0.0,0.0,1011.6,0,15.2,0.131
2024-01-02T22:00,Santacruz_AWS,19.1197,72.8468,0.0,0.0,1012.0,0,8.8,0.131
2024-01-02T23:00,Santacruz_AWS,19.1197,72.8468,0.0,0.0,1011.8,0,6.1,0.131
2024-01-03T00:00,Santacruz_AWS,19.1197,72.8468,0.0,0.0,1011.2,0,6.1,0.131
2024-01-03T01:00,Santacruz_AWS,19.1197,72.8468,0.0,0.0,1010.9,0,6.4,0.131
2024-01-03T02:00,Santacruz_AWS,19.1197,72.8468,0.0,0.0,1010.3,0,9.0,0.131
2024-01-03T03:00,Santacruz_AWS,19.1197,72.8468,0.0,0.0,1009.7,0,9.4,0.131
2024-01-03T04:00,Santacruz_AWS,19.1197,72.8468,0.0,0.0,1009.3,0,10.1,0.131
2024-01-03T05:00,Santacruz_AWS,19.1197,72.8468,0.0,0.0,1009.5,1,7.3,0.131
2024-01-03T06:00,Santacruz_AWS,19.1197,72.8468,0.0,0.0,1010.2,0,4.9,0.131
2024-01-03T07:00,Santacruz_AWS,19.1197,72.8468,0.0,0.0,1010.8,6,5.8,0.131
2024-01-03T08:00,Santacruz_AWS,19.1197,72.8468,0.0,0.0,1011.3,20,7.9,0.131
2024-01-03T09:00,Santacruz_AWS,19.1197,72.8468,0.0,0.0,1012.1,16,7.2,0.131
2024-01-03T10:00,Santacruz_AWS,19.1197,72.8468,0.0,0.0,1012.2,4,6.8,0.131
2024-01-03T11:00,Santacruz_AWS,19.1197,72.8468,0.0,0.0,1011.3,0,6.8,0.131
2024-01-03T12:00,Santacruz_AWS,19.1197,72.8468,0.0,0.0,1009.8,0,9.4,0.131
2024-01-03T13:00,Santacruz_AWS,19.1197,72.8468,0.0,0.0,1008.5,0,15.1,0.131
2024-01-03T14:00,Santacruz_AWS,19.1197,72.8468,0.0,0.0,1007.9,0,17.8,0.131
2024-01-03T15:00,Santacruz_AWS,19.1197,72.8468,0.0,0.0,1007.3,0,18.1,0.131
2024-01-03T16:00,Santacruz_AWS,19.1197,72.8468,0.0,0.0,1007.4,0,18.7,0.131
2024-01-03T17:00,Santacruz_AWS,19.1197,72.8468,0.0,0.0,1007.8,0,17.8,0.131
2024-01-03T18:00,Santacruz_AWS,19.1197,72.8468,0.0,0.0,1008.4,0,16.9,0.131
2024-01-03T19:00,Santacruz_AWS,19.1197,72.8468,0.0,0.0,1009.3,0,17.4,0.131
2024-01-03T20:00,Santacruz_AWS,19.1197,72.8468,0.0,0.0,1010.0,0,16.5,0.131
2024-01-03T21:00,Santacruz_AWS,19.1197,72.8468,0.0,0.0,1010.6,0,14.2,0.131
2024-01-03T22:00,Santacruz_AWS,19.1197,72.8468,0.0,0.0,1010.3,0,6.4,0.131
2024-01-03T23:00,Santacruz_AWS,19.1197,72.8468,0.0,0.0,1010.5,0,6.5,0.131
2024-01-04T00:00,Santacruz_AWS,19.1197,72.8468,0.0,0.0,1010.1,0,9.7,0.131
2024-01-04T01:00,Santacruz_AWS,19.1197,72.8468,0.0,0.0,1009.9,0,10.9,0.131
2024-01-04T02:00,Santacruz_AWS,19.1197,72.8468,0.0,0.0,1009.5,0,10.8,0.131
2024-01-04T03:00,Santacruz_AWS,19.1197,72.8468,0.0,0.0,1009.4,0,9.7,0.131
2024-01-04T04:00,Santacruz_AWS,19.1197,72.8468,0.0,0.0,1009.2,0,6.8,0.131
2024-01-04T05:00,Santacruz_AWS,19.1197,72.8468,0.0,0.0,1009.8,0,6.9,0.131
2024-01-04T06:00,Santacruz_AWS,19.1197,72.8468,0.0,0.0,1010.6,0,5.5,0.131
2024-01-04T07:00,Santacruz_AWS,19.1197,72.8468,0.0,0.0,1011.3,0,5.1,0.131
2024-01-04T08:00,Santacruz_AWS,19.1197,72.8468,0.0,0.0,1012.2,0,7.9,0.131
2024-01-04T09:00,Santacruz_AWS,19.1197,72.8468,0.0,0.0,1013.0,0,8.0,0.131
2024-01-04T10:00,Santacruz_AWS,19.1197,72.8468,0.0,0.0,1012.9,0,9.1,0.131
2024-01-04T11:00,Santacruz_AWS,19.1197,72.8468,0.0,0.0,1011.9,0,11.0,0.131
2024-01-04T12:00,Santacruz_AWS,19.1197,72.8468,0.0,0.0,1010.5,0,13.2,0.131
2024-01-04T13:00,Santacruz_AWS,19.1197,72.8468,0.0,0.0,1009.2,0,17.1,0.131
2024-01-04T14:00,Santacruz_AWS,19.1197,72.8468,0.0,0.0,1008.4,0,18.3,0.131
2024-01-04T15:00,Santacruz_AWS,19.1197,72.8468,0.0,0.0,1007.9,0,18.1,0.131
2024-01-04T16:00,Santacruz_AWS,19.1197,72.8468,0.0,0.0,1007.8,0,18.6,0.131
2024-01-04T17:00,Santacruz_AWS,19.1197,72.8468,0.0,0.0,1008.4,2,17.2,0.131
2024-01-04T18:00,Santacruz_AWS,19.1197,72.8468,0.0,0.0,1009.0,0,16.4,0.131
2024-01-04T19:00,Santacruz_AWS,19.1197,72.8468,0.0,0.0,1010.0,31,16.0,0.131
2024-01-04T20:00,Santacruz_AWS,19.1197,72.8468,0.0,0.0,1010.7,0,14.9,0.131
2024-01-04T21:00,Santacruz_AWS,19.1197,72.8468,0.0,0.0,1011.2,46,16.9,0.131
2024-01-04T22:00,Santacruz_AWS,19.1197,72.8468,0.0,0.0,1011.2,78,15.9,0.131
2024-01-04T23:00,Santacruz_AWS,19.1197,72.8468,0.0,0.0,1011.0,83,11.9,0.131
2024-01-05T00:00,Santacruz_AWS,19.1197,72.8468,0.0,0.0,1010.6,73,9.4,0.131
2024-01-05T01:00,Santacruz_AWS,19.1197,72.8468,0.0,0.0,1010.2,81,6.7,0.131
2024-01-05T02:00,Santacruz_AWS,19.1197,72.8468,0.0,0.0,1010.0,47,5.6,0.131
2024-01-05T03:00,Santacruz_AWS,19.1197,72.8468,0.0,0.0,1009.5,35,5.9,0.131
2024-01-05T04:00,Santacruz_AWS,19.1197,72.8468,0.0,0.0,1009.3,0,6.5,0.131
2024-01-05T05:00,Santacruz_AWS,19.1197,72.8468,0.0,0.0,1009.7,0,5.8,0.131
2024-01-05T06:00,Santacruz_AWS,19.1197,72.8468,0.0,0.0,1011.1,40,6.6,0.131
2024-01-05T07:00,Santacruz_AWS,19.1197,72.8468,0.0,0.0,1011.5,74,6.0,0.131
2024-01-05T08:00,Santacruz_AWS,19.1197,72.8468,0.0,0.0,1012.0,71,7.9,0.131
2024-01-05T09:00,Santacruz_AWS,19.1197,72.8468,0.0,0.0,1012.6,7,6.3,0.131
2024-01-05T10:00,Santacruz_AWS,19.1197,72.8468,0.0,0.0,1012.8,2,6.0,0.131
2024-01-05T11:00,Santacruz_AWS,19.1197,72.8468,0.0,0.0,1012.0,20,4.7,0.131
2024-01-05T12:00,Santacruz_AWS,19.1197,72.8468,0.0,0.0,1010.8,0,5.1,0.131
2024-01-05T13:00,Santacruz_AWS,19.1197,72.8468,0.0,0.0,1009.6,0,10.0,0.131
2024-01-05T14:00,Santacruz_AWS,19.1197,72.8468,0.0,0.0,1008.7,0,14.9,0.131
2024-01-05T15:00,Santacruz_AWS,19.1197,72.8468,0.0,0.0,1008.4,0,16.7,0.131
2024-01-05T16:00,Santacruz_AWS,19.1197,72.8468,0.0,0.0,1008.6,34,17.6,0.131
2024-01-05T17:00,Santacruz_AWS,19.1197,72.8468,0.0,0.0,1009.2,7,16.7,0.131
2024-01-05T18:00,Santacruz_AWS,19.1197,72.8468,0.0,0.0,1009.8,67,15.6,0.131
2024-01-05T19:00,Santacruz_AWS,19.1197,72.8468,0.0,0.0,1010.8,18,16.5,0.131
2024-01-05T20:00,Santacruz_AWS,19.1197,72.8468,0.0,0.0,1011.4,2,16.1,0.131
2024-01-05T21:00,Santacruz_AWS,19.1197,72.8468,0.0,0.0,1011.6,0,13.4,0.131
2024-01-05T22:00,Santacruz_AWS,19.1197,72.8468,0.0,0.0,1011.4,0,10.5,0.131
2024-01-05T23:00,Santacruz_AWS,19.1197,72.8468,0.0,0.0,1011.1,0,8.6,0.131
2024-01-06T00:00,Santacruz_AWS,19.1197,72.8468,0.0,0.0,1011.1,21,8.0,0.131
2024-01-06T01:00,Santacruz_AWS,19.1197,72.8468,0.0,0.0,1010.8,72,10.8,0.131
2024-01-06T02:00,Santacruz_AWS,19.1197,72.8468,0.0,0.0,1010.1,98,12.3,0.131
2024-01-06T03:00,Santacruz_AWS,19.1197,72.8468,0.0,0.0,1009.8,100,7.1,0.131
2024-01-06T04:00,Santacruz_AWS,19.1197,72.8468,0.0,0.0,1009.5,100,7.0,0.131
2024-01-06T05:00,Santacruz_AWS,19.1197,72.8468,0.0,0.0,1009.9,99,6.4,0.131
2024-01-06T06:00,Santacruz_AWS,19.1197,72.8468,0.0,0.0,1010.2,78,7.9,0.131
2024-01-06T07:00,Santacruz_AWS,19.1197,72.8468,0.0,0.0,1010.6,24,10.6,0.131
2024-01-06T08:00,Santacruz_AWS,19.1197,72.8468,0.0,0.0,1011.5,43,10.8,0.131
2024-01-06T09:00,Santacruz_AWS,19.1197,72.8468,0.0,0.0,1012.2,30,8.6,0.131
2024-01-06T10:00,Santacruz_AWS,19.1197,72.8468,0.0,0.0,1012.1,88,8.0,0.131
2024-01-06T11:00,Santacruz_AWS,19.1197,72.8468,0.0,0.0,1010.9,100,10.5,0.131
2024-01-06T12:00,Santacruz_AWS,19.1197,72.8468,0.0,0.0,1009.7,93,12.2,0.131
2024-01-06T13:00,Santacruz_AWS,19.1197,72.8468,0.0,0.0,1008.6,96,15.1,0.131
2024-01-06T14:00,Santacruz_AWS,19.1197,72.8468,0.0,0.0,1007.9,85,21.4,0.131
2024-01-06T15:00,Santacruz_AWS,19.1197,72.8468,0.0,0.0,1007.8,54,21.4,0.131
2024-01-06T16:00,Santacruz_AWS,19.1197,72.8468,0.0,0.0,1008.0,7,19.7,0.131
2024-01-06T17:00,Santacruz_AWS,19.1197,72.8468,0.0,0.0,1008.6,0,17.9,0.131
2024-01-06T18:00,Santacruz_AWS,19.1197,72.8468,0.0,0.0,1009.9,10,16.3,0.131
2024-01-06T19:00,Santacruz_AWS,19.1197,72.8468,0.0,0.0,1010.8,4,16.1,0.131
2024-01-06T20:00,Santacruz_AWS,19.1197,72.8468,0.0,0.0,1011.3,5,15.9,0.131
2024-01-06T21:00,Santacruz_AWS,19.1197,72.8468,0.0,0.0,1011.7,11,15.6,0.131
2024-01-06T22:00,Santacruz_AWS,19.1197,72.8468,0.0,0.0,1011.7,45,14.7,0.131
2024-01-06T23:00,Santacruz_AWS,19.1197,72.8468,0.0,0.0,1011.3,49,12.3,0.131
2024-01-07T00:00,Santacruz_AWS,19.1197,72.8468,0.0,0.0,1010.8,19,8.6,0.131
2024-01-07T01:00,Santacruz_AWS,19.1197,72.8468,0.0,0.0,1010.2,0,5.8,0.131
2024-01-07T02:00,Santacruz_AWS,19.1197,72.8468,0.0,0.0,1009.7,3,7.3,0.131
2024-01-07T03:00,Santacruz_AWS,19.1197,72.8468,0.0,0.0,1009.5,13,6.2,0.131
2024-01-07T04:00,Santacruz_AWS,19.1197,72.8468,0.0,0.0,1009.7,23,6.9,0.131
2024-01-07T05:00,Santacruz_AWS,19.1197,72.8468,0.0,0.0,1009.7,5,7.5,0.131
2024-01-07T06:00,Santacruz_AWS,19.1197,72.8468,0.0,0.0,1010.6,35,6.6,0.131
2024-01-07T07:00,Santacruz_AWS,19.1197,72.8468,0.0,0.0,1011.4,38,6.8,0.131
2024-01-07T08:00,Santacruz_AWS,19.1197,72.8468,0.0,0.0,1012.1,31,10.1,0.131
2024-01-07T09:00,Santacruz_AWS,19.1197,72.8468,0.0,0.0,1012.9,35,10.5,0.131
2024-01-07T10:00,Santacruz_AWS,19.1197,72.8468,0.0,0.0,1012.7,36,8.0,0.131
2024-01-07T11:00,Santacruz_AWS,19.1197,72.8468,0.0,0.0,1011.8,0,4.6,0.131
2024-01-07T12:00,Santacruz_AWS,19.1197,72.8468,0.0,0.0,1010.6,0,3.6,0.131
2024-01-07T13:00,Santacruz_AWS,19.1197,72.8468,0.0,0.0,1009.4,3,7.1,0.131
2024-01-07T14:00,Santacruz_AWS,19.1197,72.8468,0.0,0.0,1008.4,10,13.8,0.131
2024-01-07T15:00,Santacruz_AWS,19.1197,72.8468,0.0,0.0,1008.0,6,16.6,0.131
2024-01-07T16:00,Santacruz_AWS,19.1197,72.8468,0.0,0.0,1008.1,6,15.5,0.131
2024-01-07T17:00,Santacruz_AWS,19.1197,72.8468,0.0,0.0,1008.3,12,14.6,0.131
2024-01-07T18:00,Santacruz_AWS,19.1197,72.8468,0.0,0.0,1009.4,2,16.4,0.13
2024-01-07T19:00,Santacruz_AWS,19.1197,72.8468,0.0,0.0,1010.0,11,17.3,0.13
2024-01-07T20:00,Santacruz_AWS,19.1197,72.8468,0.0,0.0,1010.5,14,14.8,0.13
2024-01-07T21:00,Santacruz_AWS,19.1197,72.8468,0.0,0.0,1011.0,14,13.0,0.13
2024-01-07T22:00,Santacruz_AWS,19.1197,72.8468,0.0,0.0,1011.5,13,7.8,0.13
2024-01-07T23:00,Santacruz_AWS,19.1197,72.8468,0.0,0.0,1011.3,10,6.9,0.13
2024-01-08T00:00,Santacruz_AWS,19.1197,72.8468,0.0,0.0,1010.5,12,5.4,0.13
2024-01-08T01:00,Santacruz_AWS,19.1197,72.8468,0.0,0.0,1010.1,14,6.1,0.13
2024-01-08T02:00,Santacruz_AWS,19.1197,72.8468,0.0,0.0,1009.8,24,6.6,0.13
2024-01-08T03:00,Santacruz_AWS,19.1197,72.8468,0.0,0.0,1009.5,6,5.8,0.13
2024-01-08T04:00,Santacruz_AWS,19.1197,72.8468,0.0,0.0,1009.6,8,5.6,0.13
2024-01-08T05:00,Santacruz_AWS,19.1197,72.8468,0.0,0.0,1009.8,2,7.0,0.13
2024-01-08T06:00,Santacruz_AWS,19.1197,72.8468,0.0,0.0,1010.3,6,9.0,0.131
2024-01-08T07:00,Santacruz_AWS,19.1197,72.8468,0.0,0.0,1010.9,3,10.7,0.131
2024-01-08T08:00,Santacruz_AWS,19.1197,72.8468,0.0,0.0,1012.0,0,13.6,0.131
2024-01-08T09:00,Santacruz_AWS,19.1197,72.8468,0.0,0.0,1012.6,0,14.6,0.131
2024-01-08T10:00,Santacruz_AWS,19.1197,72.8468,0.0,0.0,1012.7,4,16.3,0.131
2024-01-08T11:00,Santacruz_AWS,19.1197,72.8468,0.0,0.0,1011.7,10,13.4,0.131
2024-01-08T12:00,Santacruz_AWS,19.1197,72.8468,0.0,0.0,1010.3,3,9.4,0.131
2024-01-08T13:00,Santacruz_AWS,19.1197,72.8468,0.0,0.0,1009.4,8,6.6,0.131
2024-01-08T14:00,Santacruz_AWS,19.1197,72.8468,0.0,0.0,1008.4,3,9.0,0.131
2024-01-08T15:00,Santacruz_AWS,19.1197,72.8468,0.0,0.0,1007.9,15,15.9,0.131
2024-01-08T16:00,Santacruz_AWS,19.1197,72.8468,0.0,0.0,1007.9,13,17.6,0.13
2024-01-08T17:00,Santacruz_AWS,19.1197,72.8468,0.0,0.0,1008.5,19,12.2,0.13
2024-01-08T18:00,Santacruz_AWS,19.1197,72.8468,0.0,0.0,1009.4,24,15.8,0.135
2024-01-08T19:00,Santacruz_AWS,19.1197,72.8468,0.0,0.0,1010.2,5,16.5,0.135
2024-01-08T20:00,Santacruz_AWS,19.1197,72.8468,0.0,0.0,1011.1,12,16.2,0.135
2024-01-08T21:00,Santacruz_AWS,19.1197,72.8468,0.0,0.0,1011.8,24,12.2,0.135
2024-01-08T22:00,Santacruz_AWS,19.1197,72.8468,0.0,0.0,1012.0,28,11.6,0.135
2024-01-08T23:00,Santacruz_AWS,19.1197,72.8468,0.0,0.0,1011.6,40,7.8,0.135
2024-01-09T00:00,Santacruz_AWS,19.1197,72.8468,0.0,0.0,1011.4,99,2.9,0.135
2024-01-09T01:00,Santacruz_AWS,19.1197,72.8468,0.0,0.0,1010.6,23,9.1,0.135
2024-01-09T02:00,Santacruz_AWS,19.1197,72.8468,0.0,0.0,1010.1,28,8.7,0.135
2024-01-09T03:00,Santacruz_AWS,19.1197,72.8468,0.0,0.0,1009.8,84,6.9,0.135
2024-01-09T04:00,Santacruz_AWS,19.1197,72.8468,0.0,0.0,1009.9,100,6.9,0.135
2024-01-09T05:00,Santacruz_AWS,19.1197,72.8468,0.0,0.0,1010.1,48,6.8,0.135
2024-01-09T06:00,Santacruz_AWS,19.1197,72.8468,0.0,0.0,1010.6,15,8.0,0.135
2024-01-09T07:00,Santacruz_AWS,19.1197,72.8468,0.0,0.0,1011.3,7,5.0,0.135
2024-01-09T08:00,Santacruz_AWS,19.1197,72.8468,0.0,0.0,1011.8,5,4.4,0.135
2024-01-09T09:00,Santacruz_AWS,19.1197,72.8468,0.0,0.0,1012.5,2,1.8,0.135
2024-01-09T10:00,Santacruz_AWS,19.1197,72.8468,0.0,0.0,1012.7,15,3.5,0.135
2024-01-09T11:00,Santacruz_AWS,19.1197,72.8468,0.0,0.0,1012.1,24,5.6,0.135
2024-01-09T12:00,Santacruz_AWS,19.1197,72.8468,0.0,0.0,1011.0,45,5.9,0.135
2024-01-09T13:00,Santacruz_AWS,19.1197,72.8468,0.0,0.0,1009.9,59,8.1,0.135
2024-01-09T14:00,Santacruz_AWS,19.1197,72.8468,0.0,0.0,1009.1,44,11.5,0.135
2024-01-09T15:00,Santacruz_AWS,19.1197,72.8468,0.0,0.0,1009.1,64,10.3,0.135
2024-01-09T16:00,Santacruz_AWS,19.1197,72.8468,0.1,0.1,1009.2,60,10.4,0.135
2024-01-09T17:00,Santacruz_AWS,19.1197,72.8468,0.6,0.6,1010.2,45,12.7,0.14
2024-01-09T18:00,Santacruz_AWS,19.1197,72.8468,0.0,0.0,1011.1,21,2.2,0.143
2024-01-09T19:00,Santacruz_AWS,19.1197,72.8468,0.0,0.0,1012.0,30,6.3,0.144
2024-01-09T20:00,Santacruz_AWS,19.1197,72.8468,0.0,0.0,1012.5,40,10.1,0.144
2024-01-09T21:00,Santacruz_AWS,19.1197,72.8468,0.0,0.0,1012.9,22,8.0,0.144
2024-01-09T22:00,Santacruz_AWS,19.1197,72.8468,0.0,0.0,1012.8,25,7.7,0.144
2024-01-09T23:00,Santacruz_AWS,19.1197,72.8468,0.0,0.0,1012.7,38,4.7,0.144
2024-01-10T00:00,Santacruz_AWS,19.1197,72.8468,0.0,0.0,1012.0,10,5.4,0.144
2024-01-10T01:00,Santacruz_AWS,19.1197,72.8468,0.0,0.0,1011.6,41,6.1,0.144
2024-01-10T02:00,Santacruz_AWS,19.1197,72.8468,0.0,0.0,1011.3,35,5.0,0.144
2024-01-10T03:00,Santacruz_AWS,19.1197,72.8468,0.0,0.0,1011.0,37,9.4,0.144
2024-01-10T04:00,Santacruz_AWS,19.1197,72.8468,0.0,0.0,1010.8,66,10.3,0.145
2024-01-10T05:00,Santacruz_AWS,19.1197,72.8468,0.1,0.1,1010.9,50,10.6,0.146
2024-01-10T06:00,Santacruz_AWS,19.1197,72.8468,0.0,0.0,1011.4,24,5.4,0.144
2024-01-10T07:00,Santacruz_AWS,19.1197,72.8468,0.0,0.0,1011.5,26,7.9,0.144
2024-01-10T08:00,Santacruz_AWS,19.1197,72.8468,0.0,0.0,1012.5,15,10.0,0.144
2024-01-10T09:00,Santacruz_AWS,19.1197,72.8468,0.0,0.0,1012.8,6,9.0,0.144
2024-01-10T10:00,Santacruz_AWS,19.1197,72.8468,0.0,0.0,1013.0,6,8.7,0.144
2024-01-10T11:00,Santacruz_AWS,19.1197,72.8468,0.0,0.0,1012.4,27,6.2,0.143
2024-01-10T12:00,Santacruz_AWS,19.1197,72.8468,0.6,0.6,1011.5,33,11.5,0.15
2024-01-10T13:00,Santacruz_AWS,19.1197,72.8468,0.0,0.0,1010.5,73,1.3,0.15
2024-01-10T14:00,Santacruz_AWS,19.1197,72.8468,0.0,0.0,1009.8,24,3.4,0.15
2024-01-10T15:00,Santacruz_AWS,19.1197,72.8468,0.0,0.0,1009.6,53,7.7,0.149
2024-01-10T16:00,Santacruz_AWS,19.1197,72.8468,0.0,0.0,1009.1,15,6.4,0.149
2024-01-10T17:00,Santacruz_AWS,19.1197,72.8468,0.0,0.0,1009.5,32,7.4,0.149
2024-01-10T18:00,Santacruz_AWS,19.1197,72.8468,0.0,0.0,1010.4,28,7.6,0.163
2024-01-10T19:00,Santacruz_AWS,19.1197,72.8468,0.0,0.0,1011.4,41,7.8,0.163
2024-01-10T20:00,Santacruz_AWS,19.1197,72.8468,0.0,0.0,1012.5,37,8.2,0.163
2024-01-10T21:00,Santacruz_AWS,19.1197,72.8468,0.0,0.0,1012.8,33,10.5,0.163
2024-01-10T22:00,Santacruz_AWS,19.1197,72.8468,0.0,0.0,1012.9,38,10.8,0.163
2024-01-10T23:00,Santacruz_AWS,19.1197,72.8468,0.0,0.0,1012.7,50,9.5,0.162
2024-01-11T00:00,Santacruz_AWS,19.1197,72.8468,0.0,0.0,1012.3,30,9.6,0.162
2024-01-11T01:00,Santacruz_AWS,19.1197,72.8468,0.0,0.0,1011.8,18,6.6,0.162
2024-01-11T02:00,Santacruz_AWS,19.1197,72.8468,0.0,0.0,1011.5,15,6.7,0.162
2024-01-11T03:00,Santacruz_AWS,19.1197,72.8468,0.1,0.1,1011.3,76,2.4,0.163
2024-01-11T04:00,Santacruz_AWS,19.1197,72.8468,0.7,0.7,1011.1,30,10.1,0.171
2024-01-11T05:00,Santacruz_AWS,19.1197,72.8468,0.0,0.0,1011.0,29,6.1,0.171
2024-01-11T06:00,Santacruz_AWS,19.1197,72.8468,0.0,0.0,1011.8,7,5.7,0.164
2024-01-11T07:00,Santacruz_AWS,19.1197,72.8468,0.0,0.0,1012.7,31,8.2,0.164
2024-01-11T08:00,Santacruz_AWS,19.1197,72.8468,0.0,0.0,1013.5,35,10.2,0.164
2024-01-11T09:00,Santacruz_AWS,19.1197,72.8468,0.0,0.0,1014.1,21,8.9,0.164
2024-01-11T10:00,Santacruz_AWS,19.1197,72.8468,0.0,0.0,1014.2,24,9.7,0.163
2024-01-11T11:00,Santacruz_AWS,19.1197,72.8468,0.0,0.0,1013.2,5,8.4,0.162
2024-01-11T12:00,Santacruz_AWS,19.1197,72.8468,0.0,0.0,1012.0,5,4.8,0.161
2024-01-11T13:00,Santacruz_AWS,19.1197,72.8468,0.0,0.0,1010.7,4,5.6,0.16
2024-01-11T14:00,Santacruz_AWS,19.1197,72.8468,0.0,0.0,1009.7,0,11.1,0.159
2024-01-11T15:00,Santacruz_AWS,19.1197,72.8468,0.0,0.0,1009.4,0,15.7,0.159
2024-01-11T16:00,Santacruz_AWS,19.1197,72.8468,0.0,0.0,1009.4,0,17.1,0.158
2024-01-11T17:00,Santacruz_AWS,19.1197,72.8468,0.0,0.0,1009.8,0,14.5,0.158
2024-01-11T18:00,Santacruz_AWS,19.1197,72.8468,0.0,0.0,1009.9,0,16.8,0.158
2024-01-11T19:00,Santacruz_AWS,19.1197,72.8468,0.0,0.0,1010.7,0,17.6,0.158
2024-01-11T20:00,Santacruz_AWS,19.1197,72.8468,0.0,0.0,1011.6,6,17.2,0.158
2024-01-11T21:00,Santacruz_AWS,19.1197,72.8468,0.0,0.0,1012.1,5,16.7,0.158
2024-01-11T22:00,Santacruz_AWS,19.1197,72.8468,0.0,0.0,1012.0,0,15.2,0.158
2024-01-11T23:00,Santacruz_AWS,19.1197,72.8468,0.0,0.0,1011.8,0,12.4,0.158
2024-01-12T00:00,Santacruz_AWS,19.1197,72.8468,0.0,0.0,1011.1,0,10.8,0.157
2024-01-12T01:00,Santacruz_AWS,19.1197,72.8468,0.0,0.0,1010.5,1,10.2,0.157
2024-01-12T02:00,Santacruz_AWS,19.1197,72.8468,0.0,0.0,1010.1,3,9.5,0.157
2024-01-12T03:00,Santacruz_AWS,19.1197,72.8468,0.0,0.0,1009.9,3,8.2,0.157
2024-01-12T04:00,Santacruz_AWS,19.1197,72.8468,0.0,0.0,1009.8,0,7.2,0.157
2024-01-12T05:00,Santacruz_AWS,19.1197,72.8468,0.0,0.0,1010.0,0,7.0,0.157
2024-01-12T06:00,Santacruz_AWS,19.1197,72.8468,0.0,0.0,1011.1,9,8.6,0.161
2024-01-12T07:00,Santacruz_AWS,19.1197,72.8468,0.0,0.0,1011.3,76,7.4,0.161
2024-01-12T08:00,Santacruz_AWS,19.1197,72.8468,0.0,0.0,1012.3,63,9.2,0.16
2024-01-12T09:00,Santacruz_AWS,19.1197,72.8468,0.0,0.0,1012.6,50,7.4,0.16
2024-01-12T10:00,Santacruz_AWS,19.1197,72.8468,0.0,0.0,1012.9,86,7.6,0.16
2024-01-12T11:00,Santacruz_AWS,19.1197,72.8468,0.0,0.0,1012.3,48,5.8,0.159
2024-01-12T12:00,Santacruz_AWS,19.1197,72.8468,0.0,0.0,1011.1,71,2.3,0.158
2024-01-12T13:00,Santacruz_AWS,19.1197,72.8468,0.0,0.0,1010.1,32,5.4,0.157
2024-01-12T14:00,Santacruz_AWS,19.1197,72.8468,0.0,0.0,1009.4,37,11.7,0.156
2024-01-12T15:00,Santacruz_AWS,19.1197,72.8468,0.0,0.0,1009.1,17,13.2,0.155
2024-01-12T16:00,Santacruz_AWS,19.1197,72.8468,0.0,0.0,1009.1,4,13.6,0.155
2024-01-12T17:00,Santacruz_AWS,19.1197,72.8468,0.0,0.0,1009.6,0,13.0,0.155
2024-01-12T18:00,Santacruz_AWS,19.1197,72.8468,0.0,0.0,1009.9,0,16.2,0.153
2024-01-12T19:00,Santacruz_AWS,19.1197,72.8468,0.0,0.0,1010.9,0,18.3,0.153
2024-01-12T20:00,Santacruz_AWS,19.1197,72.8468,0.0,0.0,1011.5,0,18.2,0.153
2024-01-12T21:00,Santacruz_AWS,19.1197,72.8468,0.0,0.0,1012.0,0,17.0,0.153
2024-01-12T22:00,Santacruz_AWS,19.1197,72.8468,0.0,0.0,1012.3,0,15.1,0.153
2024-01-12T23:00,Santacruz_AWS,19.1197,72.8468,0.0,0.0,1012.5,0,13.2,0.153
2024-01-13T00:00,Santacruz_AWS,19.1197,72.8468,0.0,0.0,1012.1,0,11.1,0.153
2024-01-13T01:00,Santacruz_AWS,19.1197,72.8468,0.0,0.0,1011.6,0,8.4,0.153
2024-01-13T02:00,Santacruz_AWS,19.1197,72.8468,0.0,0.0,1011.1,0,8.5,0.153
2024-01-13T03:00,Santacruz_AWS,19.1197,72.8468,0.0,0.0,1010.5,0,9.2,0.153
2024-01-13T04:00,Santacruz_AWS,19.1197,72.8468,0.0,0.0,1010.5,0,8.4,0.153
2024-01-13T05:00,Santacruz_AWS,19.1197,72.8468,0.0,0.0,1010.7,0,8.1,0.153
2024-01-13T06:00,Santacruz_AWS,19.1197,72.8468,0.0,0.0,1011.4,0,6.0,0.152
2024-01-13T07:00,Santacruz_AWS,19.1197,72.8468,0.0,0.0,1011.7,0,5.9,0.152
2024-01-13T08:00,Santacruz_AWS,19.1197,72.8468,0.0,0.0,1012.5,0,4.4,0.152
2024-01-13T09:00,Santacruz_AWS,19.1197,72.8468,0.0,0.0,1013.4,0,4.0,0.152
2024-01-13T10:00,Santacruz_AWS,19.1197,72.8468,0.0,0.0,1013.7,0,4.4,0.152
2024-01-13T11:00,Santacruz_AWS,19.1197,72.8468,0.0,0.0,1013.1,0,5.6,0.151
2024-01-13T12:00,Santacruz_AWS,19.1197,72.8468,0.0,0.0,1012.3,0,8.5,0.151
2024-01-13T13:00,Santacruz_AWS,19.1197,72.8468,0.0,0.0,1011.2,0,13.8,0.15
2024-01-13T14:00,Santacruz_AWS,19.1197,72.8468,0.0,0.0,1010.6,0,17.0,0.15
2024-01-13T15:00,Santacruz_AWS,19.1197,72.8468,0.0,0.0,1010.1,0,18.1,0.149
2024-01-13T16:00,Santacruz_AWS,19.1197,72.8468,0.0,0.0,1010.1,1,18.4,0.149
2024-01-13T17:00,Santacruz_AWS,19.1197,72.8468,0.0,0.0,1010.5,0,18.2,0.149
2024-01-13T18:00,Santacruz_AWS,19.1197,72.8468,0.0,0.0,1011.2,0,13.4,0.15
2024-01-13T19:00,Santacruz_AWS,19.1197,72.8468,0.0,0.0,1011.8,0,14.0,0.15
2024-01-13T20:00,Santacruz_AWS,19.1197,72.8468,0.0,0.0,1012.7,0,14.2,0.15
2024-01-13T21:00,Santacruz_AWS,19.1197,72.8468,0.0,0.0,1013.4,0,13.2,0.149
2024-01-13T22:00,Santacruz_AWS,19.1197,72.8468,0.0,0.0,1013.2,0,11.9,0.149
2024-01-13T23:00,Santacruz_AWS,19.1197,72.8468,0.0,0.0,1013.0,0,7.8,0.149
2024-01-14T00:00,Santacruz_AWS,19.1197,72.8468,0.0,0.0,1012.6,0,8.1,0.149
2024-01-14T01:00,Santacruz_AWS,19.1197,72.8468,0.0,0.0,1012.1,0,7.7,0.149
2024-01-14T02:00,Santacruz_AWS,19.1197,72.8468,0.0,0.0,1011.8,0,6.0,0.149
2024-01-14T03:00,Santacruz_AWS,19.1197,72.8468,0.0,0.0,1011.4,0,8.2,0.149
2024-01-14T04:00,Santacruz_AWS,19.1197,72.8468,0.0,0.0,1011.3,0,8.8,0.149
2024-01-14T05:00,Santacruz_AWS,19.1197,72.8468,0.0,0.0,1011.6,0,7.2,0.149
2024-01-14T06:00,Santacruz_AWS,19.1197,72.8468,0.0,0.0,1012.9,0,6.5,0.155
2024-01-14T07:00,Santacruz_AWS,19.1197,72.8468,0.0,0.0,1013.6,0,6.4,0.155
2024-01-14T08:00,Santacruz_AWS,19.1197,72.8468,0.0,0.0,1014.2,0,7.0,0.155
2024-01-14T09:00,Santacruz_AWS,19.1197,72.8468,0.0,0.0,1014.8,0,6.1,0.155
2024-01-14T10:00,Santacruz_AWS,19.1197,72.8468,0.0,0.0,1014.9,0,8.7,0.155
2024-01-14T11:00,Santacruz_AWS,19.1197,72.8468,0.0,0.0,1014.0,0,9.2,0.154
2024-01-14T12:00,Santacruz_AWS,19.1197,72.8468,0.0,0.0,1012.9,0,10.4,0.153
2024-01-14T13:00,Santacruz_AWS,19.1197,72.8468,0.0,0.0,1011.6,0,15.3,0.153
2024-01-14T14:00,Santacruz_AWS,19.1197,72.8468,0.0,0.0,1010.6,0,19.1,0.152
2024-01-14T15:00,Santacruz_AWS,19.1197,72.8468,0.0,0.0,1010.3,0,19.7,0.151
2024-01-14T16:00,Santacruz_AWS,19.1197,72.8468,0.0,0.0,1010.3,0,19.5,0.151
2024-01-14T17:00,Santacruz_AWS,19.1197,72.8468,0.0,0.0,1010.8,0,17.4,0.151
2024-01-14T18:00,Santacruz_AWS,19.1197,72.8468,0.0,0.0,1011.6,0,18.4,0.154
2024-01-14T19:00,Santacruz_AWS,19.1197,72.8468,0.0,0.0,1012.6,0,17.9,0.154
2024-01-14T20:00,Santacruz_AWS,19.1197,72.8468,0.0,0.0,1013.2,0,17.3,0.153
2024-01-14T21:00,Santacruz_AWS,19.1197,72.8468,0.0,0.0,1013.9,0,16.2,0.153
2024-01-14T22:00,Santacruz_AWS,19.1197,72.8468,0.0,0.0,1013.8,0,14.3,0.153
2024-01-14T23:00,Santacruz_AWS,19.1197,72.8468,0.0,0.0,1013.4,0,12.8,0.153
2024-01-15T00:00,Santacruz_AWS,19.1197,72.8468,0.0,0.0,1012.8,0,11.6,0.153
2024-01-15T01:00,Santacruz_AWS,19.1197,72.8468,0.0,0.0,1012.4,0,11.4,0.153
2024-01-15T02:00,Santacruz_AWS,19.1197,72.8468,0.0,0.0,1011.9,0,11.1,0.152
2024-01-15T03:00,Santacruz_AWS,19.1197,72.8468,0.0,0.0,1011.4,0,10.6,0.152
2024-01-15T04:00,Santacruz_AWS,19.1197,72.8468,0.0,0.0,1011.6,0,9.6,0.152
2024-01-15T05:00,Santacruz_AWS,19.1197,72.8468,0.0,0.0,1012.0,0,8.7,0.152
2024-01-15T06:00,Santacruz_AWS,19.1197,72.8468,0.0,0.0,1012.9,0,7.5,0.165
2024-01-15T07:00,Santacruz_AWS,19.1197,72.8468,0.0,0.0,1013.6,0,7.4,0.165
2024-01-15T08:00,Santacruz_AWS,19.1197,72.8468,0.0,0.0,1013.9,0,9.9,0.165
2024-01-15T09:00,Santacruz_AWS,19.1197,72.8468,0.0,0.0,1014.7,0,7.6,0.164
2024-01-15T10:00,Santacruz_AWS,19.1197,72.8468,0.0,0.0,1014.9,0,9.5,0.163
2024-01-15T11:00,Santacruz_AWS,19.1197,72.8468,0.0,0.0,1014.0,0,9.4,0.163
2024-01-15T12:00,Santacruz_AWS,19.1197,72.8468,0.0,0.0,1012.8,0,10.6,0.162
2024-01-15T13:00,Santacruz_AWS,19.1197,72.8468,0.0,0.0,1011.6,0,14.3,0.16
2024-01-15T14:00,Santacruz_AWS,19.1197,72.8468,0.0,0.0,1010.6,0,18.6,0.16
2024-01-15T15:00,Santacruz_AWS,19.1197,72.8468,0.0,0.0,1010.2,0,20.9,0.159
2024-01-15T16:00,Santacruz_AWS,19.1197,72.8468,0.0,0.0,1010.3,95,20.9,0.158
2024-01-15T17:00,Santacruz_AWS,19.1197,72.8468,0.0,0.0,1010.6,78,19.3,0.158
2024-01-15T18:00,Santacruz_AWS,19.1197,72.8468,0.0,0.0,1010.9,72,17.8,0.158
2024-01-15T19:00,Santacruz_AWS,19.1197,72.8468,0.0,0.0,1012.0,85,17.4,0.158
2024-01-15T20:00,Santacruz_AWS,19.1197,72.8468,0.0,0.0,1012.7,84,16.6,0.157
2024-01-15T21:00,Santacruz_AWS,19.1197,72.8468,0.0,0.0,1013.0,95,14.6,0.157
2024-01-15T22:00,Santacruz_AWS,19.1197,72.8468,0.0,0.0,1013.1,85,11.6,0.157
2024-01-15T23:00,Santacruz_AWS,19.1197,72.8468,0.0,0.0,1012.6,91,7.0,0.157
2024-01-16T00:00,Santacruz_AWS,19.1197,72.8468,0.0,0.0,1011.8,91,5.8,0.157
2024-01-16T01:00,Santacruz_AWS,19.1197,72.8468,0.0,0.0,1011.0,87,8.9,0.157
2024-01-16T02:00,Santacruz_AWS,19.1197,72.8468,0.0,0.0,1010.3,90,7.4,0.157
2024-01-16T03:00,Santacruz_AWS,19.1197,72.8468,0.0,0.0,1009.7,77,7.8,0.157
2024-01-16T04:00,Santacruz_AWS,19.1197,72.8468,0.0,0.0,1009.6,73,7.4,0.157
2024-01-16T05:00,Santacruz_AWS,19.1197,72.8468,0.0,0.0,1009.7,96,6.7,0.157
2024-01-16T06:00,Santacruz_AWS,19.1197,72.8468,0.0,0.0,1011.0,93,6.8,0.157
2024-01-16T07:00,Santacruz_AWS,19.1197,72.8468,0.0,0.0,1011.4,68,6.2,0.157
2024-01-16T08:00,Santacruz_AWS,19.1197,72.8468,0.0,0.0,1012.1,91,8.1,0.157
2024-01-16T09:00,Santacruz_AWS,19.1197,72.8468,0.0,0.0,1012.7,27,6.8,0.157
2024-01-16T10:00,Santacruz_AWS,19.1197,72.8468,0.0,0.0,1012.8,0,7.9,0.156
2024-01-16T11:00,Santacruz_AWS,19.1197,72.8468,0.0,0.0,1011.8,6,8.9,0.156
2024-01-16T12:00,Santacruz_AWS,19.1197,72.8468,0.0,0.0,1010.8,0,11.5,0.155
2024-01-16T13:00,Santacruz_AWS,19.1197,72.8468,0.0,0.0,1009.6,0,15.3,0.154
2024-01-16T14:00,Santacruz_AWS,19.1197,72.8468,0.0,0.0,1008.6,35,17.4,0.154
2024-01-16T15:00,Santacruz_AWS,19.1197,72.8468,0.0,0.0,1008.1,35,17.0,0.153
2024-01-16T16:00,Santacruz_AWS,19.1197,72.8468,0.0,0.0,1008.1,45,16.0,0.153
2024-01-16T17:00,Santacruz_AWS,19.1197,72.8468,0.0,0.0,1008.3,54,16.5,0.153
2024-01-16T18:00,Santacruz_AWS,19.1197,72.8468,0.0,0.0,1008.6,9,15.1,0.15
2024-01-16T19:00,Santacruz_AWS,19.1197,72.8468,0.0,0.0,1009.6,10,13.4,0.15
2024-01-16T20:00,Santacruz_AWS,19.1197,72.8468,0.0,0.0,1010.1,28,11.8,0.15
2024-01-16T21:00,Santacruz_AWS,19.1197,72.8468,0.0,0.0,1010.6,78,9.9,0.15
2024-01-16T22:00,Santacruz_AWS,19.1197,72.8468,0.0,0.0,1010.9,86,6.7,0.15
2024-01-16T23:00,Santacruz_AWS,19.1197,72.8468,0.0,0.0,1010.7,87,6.3,0.15
2024-01-17T00:00,Santacruz_AWS,19.1197,72.8468,0.0,0.0,1010.0,57,8.9,0.15
2024-01-17T01:00,Santacruz_AWS,19.1197,72.8468,0.0,0.0,1009.4,66,7.2,0.15
2024-01-17T02:00,Santacruz_AWS,19.1197,72.8468,0.0,0.0,1008.7,90,6.9,0.15
2024-01-17T03:00,Santacruz_AWS,19.1197,72.8468,0.0,0.0,1008.3,91,7.7,0.15
2024-01-17T04:00,Santacruz_AWS,19.1197,72.8468,0.0,0.0,1008.2,85,7.4,0.15
2024-01-17T05:00,Santacruz_AWS,19.1197,72.8468,0.0,0.0,1008.6,10,6.2,0.15
2024-01-17T06:00,Santacruz_AWS,19.1197,72.8468,0.0,0.0,1009.6,0,6.9,0.148
2024-01-17T07:00,Santacruz_AWS,19.1197,72.8468,0.0,0.0,1010.3,6,6.6,0.148
2024-01-17T08:00,Santacruz_AWS,19.1197,72.8468,0.0,0.0,1010.8,0,8.4,0.148
2024-01-17T09:00,Santacruz_AWS,19.1197,72.8468,0.0,0.0,1011.3,0,6.6,0.147
2024-01-17T10:00,Santacruz_AWS,19.1197,72.8468,0.0,0.0,1011.8,0,7.6,0.147
2024-01-17T11:00,Santacruz_AWS,19.1197,72.8468,0.0,0.0,1011.0,0,8.3,0.147
2024-01-17T12:00,Santacruz_AWS,19.1197,72.8468,0.0,0.0,1009.9,2,11.2,0.147
2024-01-17T13:00,Santacruz_AWS,19.1197,72.8468,0.0,0.0,1008.8,0,14.3,0.146
2024-01-17T14:00,Santacruz_AWS,19.1197,72.8468,0.0,0.0,1008.2,0,15.5,0.146
2024-01-17T15:00,Santacruz_AWS,19.1197,72.8468,0.0,0.0,1008.0,0,14.7,0.146
2024-01-17T16:00,Santacruz_AWS,19.1197,72.8468,0.0,0.0,1008.1,0,14.8,0.145
2024-01-17T17:00,Santacruz_AWS,19.1197,72.8468,0.0,0.0,1008.6,0,13.2,0.145
2024-01-17T18:00,Santacruz_AWS,19.1197,72.8468,0.0,0.0,1009.3,0,12.2,0.148
2024-01-17T19:00,Santacruz_AWS,19.1197,72.8468,0.0,0.0,1010.2,0,10.5,0.148
2024-01-17T20:00,Santacruz_AWS,19.1197,72.8468,0.0,0.0,1010.9,0,8.1,0.148
2024-01-17T21:00,Santacruz_AWS,19.1197,72.8468,0.0,0.0,1011.7,0,7.0,0.148
2024-01-17T22:00,Santacruz_AWS,19.1197,72.8468,0.0,0.0,1011.9,0,6.1,0.148
2024-01-17T23:00,Santacruz_AWS,19.1197,72.8468,0.0,0.0,1011.5,0,5.9,0.148
2024-01-18T00:00,Santacruz_AWS,19.1197,72.8468,0.0,0.0,1011.0,0,6.8,0.148
2024-01-18T01:00,Santacruz_AWS,19.1197,72.8468,0.0,0.0,1010.6,0,5.8,0.148
2024-01-18T02:00,Santacruz_AWS,19.1197,72.8468,0.0,0.0,1010.2,0,8.7,0.148
2024-01-18T03:00,Santacruz_AWS,19.1197,72.8468,0.0,0.0,1009.7,0,8.7,0.148
2024-01-18T04:00,Santacruz_AWS,19.1197,72.8468,0.0,0.0,1009.9,0,7.0,0.148
2024-01-18T05:00,Santacruz_AWS,19.1197,72.8468,0.0,0.0,1010.4,0,6.2,0.148
2024-01-18T06:00,Santacruz_AWS,19.1197,72.8468,0.0,0.0,1011.5,0,3.1,0.148
2024-01-18T07:00,Santacruz_AWS,19.1197,72.8468,0.0,0.0,1012.0,1,3.2,0.148
2024-01-18T08:00,Santacruz_AWS,19.1197,72.8468,0.0,0.0,1012.8,60,4.4,0.148
2024-01-18T09:00,Santacruz_AWS,19.1197,72.8468,0.0,0.0,1013.5,23,2.6,0.148
2024-01-18T10:00,Santacruz_AWS,19.1197,72.8468,0.0,0.0,1013.7,0,4.4,0.147
2024-01-18T11:00,Santacruz_AWS,19.1197,72.8468,0.0,0.0,1012.9,29,4.5,0.147
2024-01-18T12:00,Santacruz_AWS,19.1197,72.8468,0.0,0.0,1011.7,0,5.2,0.147
2024-01-18T13:00,Santacruz_AWS,19.1197,72.8468,0.0,0.0,1010.2,50,10.9,0.146
2024-01-18T14:00,Santacruz_AWS,19.1197,72.8468,0.0,0.0,1009.6,55,16.5,0.146
2024-01-18T15:00,Santacruz_AWS,19.1197,72.8468,0.0,0.0,1009.3,54,16.3,0.146
2024-01-18T16:00,Santacruz_AWS,19.1197,72.8468,0.0,0.0,1009.3,56,16.6,0.145
2024-01-18T17:00,Santacruz_AWS,19.1197,72.8468,0.0,0.0,1009.5,67,17.1,0.145
2024-01-18T18:00,Santacruz_AWS,19.1197,72.8468,0.0,0.0,1010.3,88,15.1,0.144
2024-01-18T19:00,Santacruz_AWS,19.1197,72.8468,0.0,0.0,1011.1,82,15.1,0.144
2024-01-18T20:00,Santacruz_AWS,19.1197,72.8468,0.0,0.0,1011.8,82,14.3,0.144
2024-01-18T21:00,Santacruz_AWS,19.1197,72.8468,0.0,0.0,1012.4,45,13.2,0.144
2024-01-18T22:00,Santacruz_AWS,19.1197,72.8468,0.0,0.0,1012.5,0,10.0,0.144
2024-01-18T23:00,Santacruz_AWS,19.1197,72.8468,0.0,0.0,1012.0,0,7.0,0.144
2024-01-19T00:00,Santacruz_AWS,19.1197,72.8468,0.0,0.0,1011.5,0,6.1,0.144
2024-01-19T01:00,Santacruz_AWS,19.1197,72.8468,0.0,0.0,1011.1,35,8.2,0.144
2024-01-19T02:00,Santacruz_AWS,19.1197,72.8468,0.0,0.0,1010.5,1,7.4,0.144
2024-01-19T03:00,Santacruz_AWS,19.1197,72.8468,0.0,0.0,1010.2,0,8.0,0.144
2024-01-19T04:00,Santacruz_AWS,19.1197,72.8468,0.0,0.0,1010.2,0,8.6,0.144
2024-01-19T05:00,Santacruz_AWS,19.1197,72.8468,0.0,0.0,1010.5,0,7.7,0.144
2024-01-19T06:00,Santacruz_AWS,19.1197,72.8468,0.0,0.0,1011.3,0,6.6,0.142
2024-01-19T07:00,Santacruz_AWS,19.1197,72.8468,0.0,0.0,1012.0,0,5.6,0.142
2024-01-19T08:00,Santacruz_AWS,19.1197,72.8468,0.0,0.0,1012.7,0,4.6,0.142
2024-01-19T09:00,Santacruz_AWS,19.1197,72.8468,0.0,0.0,1013.2,0,3.6,0.141
2024-01-19T10:00,Santacruz_AWS,19.1197,72.8468,0.0,0.0,1013.4,0,2.4,0.141
2024-01-19T11:00,Santacruz_AWS,19.1197,72.8468,0.0,0.0,1012.3,0,2.5,0.141
2024-01-19T12:00,Santacruz_AWS,19.1197,72.8468,0.0,0.0,1010.9,0,7.6,0.141
2024-01-19T13:00,Santacruz_AWS,19.1197,72.8468,0.0,0.0,1009.9,0,11.5,0.14
2024-01-19T14:00,Santacruz_AWS,19.1197,72.8468,0.0,0.0,1008.8,0,13.1,0.14
2024-01-19T15:00,Santacruz_AWS,19.1197,72.8468,0.0,0.0,1008.4,0,12.7,0.14
2024-01-19T16:00,Santacruz_AWS,19.1197,72.8468,0.0,0.0,1008.2,0,12.8,0.14
2024-01-19T17:00,Santacruz_AWS,19.1197,72.8468,0.0,0.0,1008.9,0,12.7,0.14
2024-01-19T18:00,Santacruz_AWS,19.1197,72.8468,0.0,0.0,1010.0,0,13.2,0.137
2024-01-19T19:00,Santacruz_AWS,19.1197,72.8468,0.0,0.0,1010.8,0,11.4,0.137
2024-01-19T20:00,Santacruz_AWS,19.1197,72.8468,0.0,0.0,1011.4,0,8.4,0.137
2024-01-19T21:00,Santacruz_AWS,19.1197,72.8468,0.0,0.0,1011.8,0,7.8,0.137
2024-01-19T22:00,Santacruz_AWS,19.1197,72.8468,0.0,0.0,1012.1,0,6.8,0.137
2024-01-19T23:00,Santacruz_AWS,19.1197,72.8468,0.0,0.0,1011.9,0,6.2,0.137
2024-01-20T00:00,Santacruz_AWS,19.1197,72.8468,0.0,0.0,1011.5,0,8.3,0.137
2024-01-20T01:00,Santacruz_AWS,19.1197,72.8468,0.0,0.0,1011.3,0,9.4,0.137
2024-01-20T02:00,Santacruz_AWS,19.1197,72.8468,0.0,0.0,1010.7,0,6.5,0.137
2024-01-20T03:00,Santacruz_AWS,19.1197,72.8468,0.0,0.0,1010.2,0,9.0,0.137
2024-01-20T04:00,Santacruz_AWS,19.1197,72.8468,0.0,0.0,1010.1,0,9.7,0.137
2024-01-20T05:00,Santacruz_AWS,19.1197,72.8468,0.0,0.0,1010.6,0,9.4,0.137
2024-01-20T06:00,Santacruz_AWS,19.1197,72.8468,0.0,0.0,1011.8,4,6.6,0.149
2024-01-20T07:00,Santacruz_AWS,19.1197,72.8468,0.0,0.0,1012.6,2,6.6,0.149
2024-01-20T08:00,Santacruz_AWS,19.1197,72.8468,0.0,0.0,1013.6,19,6.9,0.149
2024-01-20T09:00,Santacruz_AWS,19.1197,72.8468,0.0,0.0,1014.2,4,5.9,0.149
2024-01-20T10:00,Santacruz_AWS,19.1197,72.8468,0.0,0.0,1014.5,0,4.3,0.149
2024-01-20T11:00,Santacruz_AWS,19.1197,72.8468,0.0,0.0,1013.9,0,4.4,0.149
2024-01-20T12:00,Santacruz_AWS,19.1197,72.8468,0.0,0.0,1012.8,0,9.7,0.148
2024-01-20T13:00,Santacruz_AWS,19.1197,72.8468,0.0,0.0,1011.7,0,16.8,0.148
2024-01-20T14:00,Santacruz_AWS,19.1197,72.8468,0.0,0.0,1011.1,0,21.6,0.147
2024-01-20T15:00,Santacruz_AWS,19.1197,72.8468,0.0,0.0,1010.5,0,21.9,0.147
2024-01-20T16:00,Santacruz_AWS,19.1197,72.8468,0.0,0.0,1010.4,0,21.1,0.147
2024-01-20T17:00,Santacruz_AWS,19.1197,72.8468,0.0,0.0,1010.8,0,19.8,0.147
2024-01-20T18:00,Santacruz_AWS,19.1197,72.8468,0.0,0.0,1011.5,0,19.7,0.138
2024-01-20T19:00,Santacruz_AWS,19.1197,72.8468,0.0,0.0,1012.2,0,18.6,0.138
2024-01-20T20:00,Santacruz_AWS,19.1197,72.8468,0.0,0.0,1012.8,0,17.7,0.138
2024-01-20T21:00,Santacruz_AWS,19.1197,72.8468,0.0,0.0,1013.4,0,15.5,0.138
2024-01-20T22:00,Santacruz_AWS,19.1197,72.8468,0.0,0.0,1013.3,0,12.3,0.138
2024-01-20T23:00,Santacruz_AWS,19.1197,72.8468,0.0,0.0,1013.2,0,10.3,0.138
2024-01-21T00:00,Santacruz_AWS,19.1197,72.8468,0.0,0.0,1012.7,16,10.7,0.138
2024-01-21T01:00,Santacruz_AWS,19.1197,72.8468,0.0,0.0,1012.2,0,13.4,0.138
2024-01-21T02:00,Santacruz_AWS,19.1197,72.8468,0.0,0.0,1011.5,0,14.5,0.138
2024-01-21T03:00,Santacruz_AWS,19.1197,72.8468,0.0,0.0,1011.0,0,12.0,0.138
2024-01-21T04:00,Santacruz_AWS,19.1197,72.8468,0.0,0.0,1010.9,0,8.8,0.138
2024-01-21T05:00,Santacruz_AWS,19.1197,72.8468,0.0,0.0,1011.0,0,6.8,0.138
2024-01-21T06:00,Santacruz_AWS,19.1197,72.8468,0.0,0.0,1012.0,0,6.4,0.145
2024-01-21T07:00,Santacruz_AWS,19.1197,72.8468,0.0,0.0,1012.8,0,6.0,0.145
2024-01-21T08:00,Santacruz_AWS,19.1197,72.8468,0.0,0.0,1013.4,7,7.7,0.145
2024-01-21T09:00,Santacruz_AWS,19.1197,72.8468,0.0,0.0,1013.9,7,7.1,0.145
2024-01-21T10:00,Santacruz_AWS,19.1197,72.8468,0.0,0.0,1014.0,9,7.9,0.145
2024-01-21T11:00,Santacruz_AWS,19.1197,72.8468,0.0,0.0,1013.2,51,5.7,0.145
2024-01-21T12:00,Santacruz_AWS,19.1197,72.8468,0.0,0.0,1012.0,83,2.6,0.144
2024-01-21T13:00,Santacruz_AWS,19.1197,72.8468,0.0,0.0,1010.8,95,7.2,0.144
2024-01-21T14:00,Santacruz_AWS,19.1197,72.8468,0.0,0.0,1009.9,99,14.7,0.143
2024-01-21T15:00,Santacruz_AWS,19.1197,72.8468,0.0,0.0,1009.5,83,18.4,0.143
2024-01-21T16:00,Santacruz_AWS,19.1197,72.8468,0.0,0.0,1009.2,98,17.6,0.143
2024-01-21T17:00,Santacruz_AWS,19.1197,72.8468,0.0,0.0,1009.4,99,16.1,0.143
2024-01-21T18:00,Santacruz_AWS,19.1197,72.8468,0.0,0.0,1010.2,100,15.1,0.136
2024-01-21T19:00,Santacruz_AWS,19.1197,72.8468,0.0,0.0,1011.1,99,13.8,0.136
2024-01-21T20:00,Santacruz_AWS,19.1197,72.8468,0.0,0.0,1011.6,97,13.7,0.136
2024-01-21T21:00,Santacruz_AWS,19.1197,72.8468,0.0,0.0,1012.3,98,13.8,0.136
2024-01-21T22:00,Santacruz_AWS,19.1197,72.8468,0.0,0.0,1012.6,100,7.4,0.136
2024-01-21T23:00,Santacruz_AWS,19.1197,72.8468,0.0,0.0,1012.6,99,9.2,0.136
2024-01-22T00:00,Santacruz_AWS,19.1197,72.8468,0.0,0.0,1012.0,100,8.3,0.136
2024-01-22T01:00,Santacruz_AWS,19.1197,72.8468,0.0,0.0,1011.6,97,6.5,0.136
2024-01-22T02:00,Santacruz_AWS,19.1197,72.8468,0.0,0.0,1011.1,100,5.6,0.136
2024-01-22T03:00,Santacruz_AWS,19.1197,72.8468,0.0,0.0,1010.7,58,7.6,0.136
2024-01-22T04:00,Santacruz_AWS,19.1197,72.8468,0.0,0.0,1010.4,74,6.9,0.136
2024-01-22T05:00,Santacruz_AWS,19.1197,72.8468,0.0,0.0,1010.5,64,7.6,0.136
2024-01-22T06:00,Santacruz_AWS,19.1197,72.8468,0.0,0.0,1011.6,11,5.1,0.136
2024-01-22T07:00,Santacruz_AWS,19.1197,72.8468,0.0,0.0,1012.5,0,4.9,0.136
2024-01-22T08:00,Santacruz_AWS,19.1197,72.8468,0.0,0.0,1013.2,0,6.5,0.136
2024-01-22T09:00,Santacruz_AWS,19.1197,72.8468,0.0,0.0,1013.8,5,4.2,0.136
2024-01-22T10:00,Santacruz_AWS,19.1197,72.8468,0.0,0.0,1014.0,26,1.1,0.136
2024-01-22T11:00,Santacruz_AWS,19.1197,72.8468,0.0,0.0,1013.3,31,0.8,0.136
2024-01-22T12:00,Santacruz_AWS,19.1197,72.8468,0.0,0.0,1012.2,87,5.5,0.135
2024-01-22T13:00,Santacruz_AWS,19.1197,72.8468,0.0,0.0,1011.3,97,13.0,0.135
2024-01-22T14:00,Santacruz_AWS,19.1197,72.8468,0.0,0.0,1010.9,86,17.0,0.135
2024-01-22T15:00,Santacruz_AWS,19.1197,72.8468,0.0,0.0,1010.8,83,17.4,0.135
2024-01-22T16:00,Santacruz_AWS,19.1197,72.8468,0.0,0.0,1011.0,99,18.3,0.135
2024-01-22T17:00,Santacruz_AWS,19.1197,72.8468,0.0,0.0,1011.4,96,16.7,0.135
2024-01-22T18:00,Santacruz_AWS,19.1197,72.8468,0.0,0.0,1012.0,98,13.5,0.135
2024-01-22T19:00,Santacruz_AWS,19.1197,72.8468,0.0,0.0,1012.6,100,13.0,0.135
2024-01-22T20:00,Santacruz_AWS,19.1197,72.8468,0.0,0.0,1013.4,97,11.4,0.135
2024-01-22T21:00,Santacruz_AWS,19.1197,72.8468,0.0,0.0,1014.1,99,13.1,0.135
2024-01-22T22:00,Santacruz_AWS,19.1197,72.8468,0.0,0.0,1014.6,97,16.2,0.135
2024-01-22T23:00,Santacruz_AWS,19.1197,72.8468,0.0,0.0,1014.5,98,14.4,0.135
2024-01-23T00:00,Santacruz_AWS,19.1197,72.8468,0.0,0.0,1014.0,100,13.0,0.135
2024-01-23T01:00,Santacruz_AWS,19.1197,72.8468,0.0,0.0,1013.6,98,13.0,0.135
2024-01-23T02:00,Santacruz_AWS,19.1197,72.8468,0.0,0.0,1013.2,99,13.2,0.135
2024-01-23T03:00,Santacruz_AWS,19.1197,72.8468,0.0,0.0,1012.7,99,13.3,0.135
2024-01-23T04:00,Santacruz_AWS,19.1197,72.8468,0.0,0.0,1012.6,87,13.4,0.135
2024-01-23T05:00,Santacruz_AWS,19.1197,72.8468,0.0,0.0,1012.5,28,12.3,0.135
2024-01-23T06:00,Santacruz_AWS,19.1197,72.8468,0.0,0.0,1013.2,52,10.9,0.135
2024-01-23T07:00,Santacruz_AWS,19.1197,72.8468,0.0,0.0,1013.7,39,10.7,0.135
2024-01-23T08:00,Santacruz_AWS,19.1197,72.8468,0.0,0.0,1014.4,9,12.3,0.135
2024-01-23T09:00,Santacruz_AWS,19.1197,72.8468,0.0,0.0,1015.0,7,10.2,0.135
2024-01-23T10:00,Santacruz_AWS,19.1197,72.8468,0.0,0.0,1015.0,0,12.9,0.134
2024-01-23T11:00,Santacruz_AWS,19.1197,72.8468,0.0,0.0,1014.2,16,14.2,0.134
2024-01-23T12:00,Santacruz_AWS,19.1197,72.8468,0.0,0.0,1013.2,99,12.7,0.134
2024-01-23T13:00,Santacruz_AWS,19.1197,72.8468,0.0,0.0,1012.0,61,15.8,0.134
2024-01-23T14:00,Santacruz_AWS,19.1197,72.8468,0.0,0.0,1011.0,91,23.7,0.134
2024-01-23T15:00,Santacruz_AWS,19.1197,72.8468,0.0,0.0,1010.5,87,24.8,0.134
2024-01-23T16:00,Santacruz_AWS,19.1197,72.8468,0.0,0.0,1010.3,0,24.9,0.134
2024-01-23T17:00,Santacruz_AWS,19.1197,72.8468,0.0,0.0,1010.6,0,23.4,0.134
2024-01-23T18:00,Santacruz_AWS,19.1197,72.8468,0.0,0.0,1011.0,71,21.9,0.134
2024-01-23T19:00,Santacruz_AWS,19.1197,72.8468,0.0,0.0,1011.7,0,21.5,0.134
2024-01-23T20:00,Santacruz_AWS,19.1197,72.8468,0.0,0.0,1012.1,0,20.8,0.134
2024-01-23T21:00,Santacruz_AWS,19.1197,72.8468,0.0,0.0,1012.6,47,20.1,0.134
2024-01-23T22:00,Santacruz_AWS,19.1197,72.8468,0.0,0.0,1012.9,27,17.7,0.134
2024-01-23T23:00,Santacruz_AWS,19.1197,72.8468,0.0,0.0,1012.9,3,17.3,0.134
2024-01-24T00:00,Santacruz_AWS,19.1197,72.8468,0.0,0.0,1012.7,28,18.4,0.134
2024-01-24T01:00,Santacruz_AWS,19.1197,72.8468,0.0,0.0,1012.3,16,19.1,0.134
2024-01-24T02:00,Santacruz_AWS,19.1197,72.8468,0.0,0.0,1012.0,73,18.1,0.134
2024-01-24T03:00,Santacruz_AWS,19.1197,72.8468,0.0,0.0,1011.6,60,15.6,0.134
2024-01-24T04:00,Santacruz_AWS,19.1197,72.8468,0.0,0.0,1011.6,64,13.3,0.134
2024-01-24T05:00,Santacruz_AWS,19.1197,72.8468,0.0,0.0,1011.7,66,12.1,0.134
2024-01-24T06:00,Santacruz_AWS,19.1197,72.8468,0.0,0.0,1012.7,73,9.7,0.134
2024-01-24T07:00,Santacruz_AWS,19.1197,72.8468,0.0,0.0,1013.5,91,9.3,0.134
2024-01-24T08:00,Santacruz_AWS,19.1197,72.8468,0.0,0.0,1014.3,97,11.6,0.134
2024-01-24T09:00,Santacruz_AWS,19.1197,72.8468,0.0,0.0,1015.0,20,11.0,0.133
2024-01-24T10:00,Santacruz_AWS,19.1197,72.8468,0.0,0.0,1015.0,65,10.7,0.133
2024-01-24T11:00,Santacruz_AWS,19.1197,72.8468,0.0,0.0,1014.1,6,9.4,0.133
2024-01-24T12:00,Santacruz_AWS,19.1197,72.8468,0.0,0.0,1012.9,27,8.4,0.133
2024-01-24T13:00,Santacruz_AWS,19.1197,72.8468,0.0,0.0,1011.7,2,8.3,0.133
2024-01-24T14:00,Santacruz_AWS,19.1197,72.8468,0.0,0.0,1010.5,0,13.7,0.133
2024-01-24T15:00,Santacruz_AWS,19.1197,72.8468,0.0,0.0,1010.0,0,19.1,0.133
2024-01-24T16:00,Santacruz_AWS,19.1197,72.8468,0.0,0.0,1009.9,6,19.9,0.133
2024-01-24T17:00,Santacruz_AWS,19.1197,72.8468,0.0,0.0,1010.1,93,20.0,0.133
2024-01-24T18:00,Santacruz_AWS,19.1197,72.8468,0.0,0.0,1010.7,81,21.3,0.133
2024-01-24T19:00,Santacruz_AWS,19.1197,72.8468,0.0,0.0,1011.4,77,19.1,0.133
2024-01-24T20:00,Santacruz_AWS,19.1197,72.8468,0.0,0.0,1012.1,0,18.8,0.133
2024-01-24T21:00,Santacruz_AWS,19.1197,72.8468,0.0,0.0,1012.6,0,17.5,0.133
2024-01-24T22:00,Santacruz_AWS,19.1197,72.8468,0.0,0.0,1012.6,0,15.9,0.133
2024-01-24T23:00,Santacruz_AWS,19.1197,72.8468,0.0,0.0,1012.6,0,12.3,0.133
2024-01-25T00:00,Santacruz_AWS,19.1197,72.8468,0.0,0.0,1012.6,0,10.7,0.133
2024-01-25T01:00,Santacruz_AWS,19.1197,72.8468,0.0,0.0,1012.4,0,7.9,0.133
2024-01-25T02:00,Santacruz_AWS,19.1197,72.8468,0.0,0.0,1011.7,0,7.6,0.133
2024-01-25T03:00,Santacruz_AWS,19.1197,72.8468,0.0,0.0,1011.5,0,7.8,0.133
2024-01-25T04:00,Santacruz_AWS,19.1197,72.8468,0.0,0.0,1011.8,0,8.7,0.133
2024-01-25T05:00,Santacruz_AWS,19.1197,72.8468,0.0,0.0,1012.2,0,8.9,0.133
2024-01-25T06:00,Santacruz_AWS,19.1197,72.8468,0.0,0.0,1012.9,0,7.9,0.133
2024-01-25T07:00,Santacruz_AWS,19.1197,72.8468,0.0,0.0,1013.8,0,8.2,0.133
2024-01-25T08:00,Santacruz_AWS,19.1197,72.8468,0.0,0.0,1014.6,0,10.1,0.133
2024-01-25T09:00,Santacruz_AWS,19.1197,72.8468,0.0,0.0,1015.5,0,7.9,0.133
2024-01-25T10:00,Santacruz_AWS,19.1197,72.8468,0.0,0.0,1015.7,0,7.5,0.133
2024-01-25T11:00,Santacruz_AWS,19.1197,72.8468,0.0,0.0,1015.2,0,5.2,0.133
2024-01-25T12:00,Santacruz_AWS,19.1197,72.8468,0.0,0.0,1014.2,0,1.1,0.132
2024-01-25T13:00,Santacruz_AWS,19.1197,72.8468,0.0,0.0,1013.0,0,4.7,0.132
2024-01-25T14:00,Santacruz_AWS,19.1197,72.8468,0.0,0.0,1012.1,0,12.0,0.132
2024-01-25T15:00,Santacruz_AWS,19.1197,72.8468,0.0,0.0,1011.5,0,14.4,0.132
2024-01-25T16:00,Santacruz_AWS,19.1197,72.8468,0.0,0.0,1011.4,0,15.6,0.132
2024-01-25T17:00,Santacruz_AWS,19.1197,72.8468,0.0,0.0,1011.7,0,14.1,0.132
2024-01-25T18:00,Santacruz_AWS,19.1197,72.8468,0.0,0.0,1012.2,89,15.6,0.132
2024-01-25T19:00,Santacruz_AWS,19.1197,72.8468,0.0,0.0,1012.8,76,15.5,0.132
2024-01-25T20:00,Santacruz_AWS,19.1197,72.8468,0.0,0.0,1013.5,0,14.7,0.132
2024-01-25T21:00,Santacruz_AWS,19.1197,72.8468,0.0,0.0,1013.9,0,15.6,0.132
2024-01-25T22:00,Santacruz_AWS,19.1197,72.8468,0.0,0.0,1014.2,0,11.5,0.132
2024-01-25T23:00,Santacruz_AWS,19.1197,72.8468,0.0,0.0,1014.4,0,9.2,0.132
2024-01-26T00:00,Santacruz_AWS,19.1197,72.8468,0.0,0.0,1014.0,0,7.6,0.132
2024-01-26T01:00,Santacruz_AWS,19.1197,72.8468,0.0,0.0,1013.3,22,6.0,0.132
2024-01-26T02:00,Santacruz_AWS,19.1197,72.8468,0.0,0.0,1012.6,4,6.9,0.132
2024-01-26T03:00,Santacruz_AWS,19.1197,72.8468,0.0,0.0,1012.0,22,8.0,0.132
2024-01-26T04:00,Santacruz_AWS,19.1197,72.8468,0.0,0.0,1011.9,5,6.5,0.132
2024-01-26T05:00,Santacruz_AWS,19.1197,72.8468,0.0,0.0,1012.2,12,7.7,0.132
2024-01-26T06:00,Santacruz_AWS,19.1197,72.8468,0.0,0.0,1013.5,68,7.1,0.132
2024-01-26T07:00,Santacruz_AWS,19.1197,72.8468,0.0,0.0,1014.4,2,6.4,0.132
2024-01-26T08:00,Santacruz_AWS,19.1197,72.8468,0.0,0.0,1015.4,1,8.4,0.132
2024-01-26T09:00,Santacruz_AWS,19.1197,72.8468,0.0,0.0,1016.3,50,6.9,0.132
2024-01-26T10:00,Santacruz_AWS,19.1197,72.8468,0.0,0.0,1016.5,41,4.5,0.132
2024-01-26T11:00,Santacruz_AWS,19.1197,72.8468,0.0,0.0,1015.9,7,1.8,0.132
2024-01-26T12:00,Santacruz_AWS,19.1197,72.8468,0.0,0.0,1014.9,4,2.4,0.132
2024-01-26T13:00,Santacruz_AWS,19.1197,72.8468,0.0,0.0,1013.5,5,9.1,0.132
2024-01-26T14:00,Santacruz_AWS,19.1197,72.8468,0.0,0.0,1012.6,19,13.3,0.132
2024-01-26T15:00,Santacruz_AWS,19.1197,72.8468,0.0,0.0,1012.1,99,14.5,0.132
2024-01-26T16:00,Santacruz_AWS,19.1197,72.8468,0.0,0.0,1012.2,98,15.6,0.132
2024-01-26T17:00,Santacruz_AWS,19.1197,72.8468,0.0,0.0,1012.6,96,14.6,0.132
2024-01-26T18:00,Santacruz_AWS,19.1197,72.8468,0.0,0.0,1013.6,4,14.1,0.132
2024-01-26T19:00,Santacruz_AWS,19.1197,72.8468,0.0,0.0,1014.4,97,14.5,0.132
2024-01-26T20:00,Santacruz_AWS,19.1197,72.8468,0.0,0.0,1015.0,17,15.7,0.132
2024-01-26T21:00,Santacruz_AWS,19.1197,72.8468,0.0,0.0,1015.4,9,15.1,0.132
2024-01-26T22:00,Santacruz_AWS,19.1197,72.8468,0.0,0.0,1015.5,100,12.2,0.132
2024-01-26T23:00,Santacruz_AWS,19.1197,72.8468,0.0,0.0,1015.8,100,6.7,0.132
2024-01-27T00:00,Santacruz_AWS,19.1197,72.8468,0.0,0.0,1015.4,100,10.0,0.132
2024-01-27T01:00,Santacruz_AWS,19.1197,72.8468,0.0,0.0,1015.1,100,10.0,0.132
2024-01-27T02:00,Santacruz_AWS,19.1197,72.8468,0.0,0.0,1014.4,100,9.5,0.132
2024-01-27T03:00,Santacruz_AWS,19.1197,72.8468,0.0,0.0,1013.8,100,8.7,0.132
2024-01-27T04:00,Santacruz_AWS,19.1197,72.8468,0.0,0.0,1013.4,100,7.4,0.132
2024-01-27T05:00,Santacruz_AWS,19.1197,72.8468,0.0,0.0,1013.3,99,8.2,0.132
2024-01-27T06:00,Santacruz_AWS,19.1197,72.8468,0.0,0.0,1013.9,100,8.6,0.132
2024-01-27T07:00,Santacruz_AWS,19.1197,72.8468,0.0,0.0,1014.6,100,8.2,0.132
2024-01-27T08:00,Santacruz_AWS,19.1197,72.8468,0.0,0.0,1015.2,98,10.5,0.132
2024-01-27T09:00,Santacruz_AWS,19.1197,72.8468,0.0,0.0,1016.1,99,8.5,0.132
2024-01-27T10:00,Santacruz_AWS,19.1197,72.8468,0.0,0.0,1016.6,95,6.3,0.132
2024-01-27T11:00,Santacruz_AWS,19.1197,72.8468,0.0,0.0,1016.0,78,6.2,0.132
2024-01-27T12:00,Santacruz_AWS,19.1197,72.8468,0.0,0.0,1014.9,24,10.6,0.131
2024-01-27T13:00,Santacruz_AWS,19.1197,72.8468,0.0,0.0,1013.5,0,10.2,0.131
2024-01-27T14:00,Santacruz_AWS,19.1197,72.8468,0.0,0.0,1012.3,10,11.4,0.131
2024-01-27T15:00,Santacruz_AWS,19.1197,72.8468,0.0,0.0,1011.6,80,13.2,0.131
2024-01-27T16:00,Santacruz_AWS,19.1197,72.8468,0.0,0.0,1011.4,87,13.4,0.131
2024-01-27T17:00,Santacruz_AWS,19.1197,72.8468,0.0,0.0,1011.8,99,12.8,0.131
2024-01-27T18:00,Santacruz_AWS,19.1197,72.8468,0.0,0.0,1012.8,99,13.7,0.131
2024-01-27T19:00,Santacruz_AWS,19.1197,72.8468,0.0,0.0,1013.5,98,14.8,0.131
2024-01-27T20:00,Santacruz_AWS,19.1197,72.8468,0.0,0.0,1014.3,99,15.0,0.131
2024-01-27T21:00,Santacruz_AWS,19.1197,72.8468,0.0,0.0,1014.9,100,16.2,0.131
2024-01-27T22:00,Santacruz_AWS,19.1197,72.8468,0.0,0.0,1015.2,62,12.6,0.131
2024-01-27T23:00,Santacruz_AWS,19.1197,72.8468,0.0,0.0,1015.4,38,7.8,0.131
2024-01-28T00:00,Santacruz_AWS,19.1197,72.8468,0.0,0.0,1014.7,15,9.9,0.131
2024-01-28T01:00,Santacruz_AWS,19.1197,72.8468,0.0,0.0,1014.1,45,8.2,0.131
2024-01-28T02:00,Santacruz_AWS,19.1197,72.8468,0.0,0.0,1013.3,69,9.0,0.131
2024-01-28T03:00,Santacruz_AWS,19.1197,72.8468,0.0,0.0,1012.7,36,9.0,0.131
2024-01-28T04:00,Santacruz_AWS,19.1197,72.8468,0.0,0.0,1012.4,45,9.0,0.131
2024-01-28T05:00,Santacruz_AWS,19.1197,72.8468,0.0,0.0,1012.5,99,9.7,0.131
2024-01-28T06:00,Santacruz_AWS,19.1197,72.8468,0.0,0.0,1013.6,65,7.9,0.131
2024-01-28T07:00,Santacruz_AWS,19.1197,72.8468,0.0,0.0,1014.3,75,5.6,0.131
2024-01-28T08:00,Santacruz_AWS,19.1197,72.8468,0.0,0.0,1014.8,72,7.3,0.131
2024-01-28T09:00,Santacruz_AWS,19.1197,72.8468,0.0,0.0,1015.6,86,5.4,0.131
2024-01-28T10:00,Santacruz_AWS,19.1197,72.8468,0.0,0.0,1016.1,75,5.1,0.131
2024-01-28T11:00,Santacruz_AWS,19.1197,72.8468,0.0,0.0,1015.5,44,3.7,0.131
2024-01-28T12:00,Santacruz_AWS,19.1197,72.8468,0.0,0.0,1014.3,35,4.1,0.131
2024-01-28T13:00,Santacruz_AWS,19.1197,72.8468,0.0,0.0,1013.0,66,11.2,0.131
2024-01-28T14:00,Santacruz_AWS,19.1197,72.8468,0.0,0.0,1012.2,88,15.5,0.131
2024-01-28T15:00,Santacruz_AWS,19.1197,72.8468,0.0,0.0,1011.8,41,17.1,0.131
2024-01-28T16:00,Santacruz_AWS,19.1197,72.8468,0.0,0.0,1011.6,64,18.1,0.131
2024-01-28T17:00,Santacruz_AWS,19.1197,72.8468,0.0,0.0,1012.0,80,17.4,0.131
2024-01-28T18:00,Santacruz_AWS,19.1197,72.8468,0.0,0.0,1012.7,13,16.7,0.131
2024-01-28T19:00,Santacruz_AWS,19.1197,72.8468,0.0,0.0,1013.5,9,17.7,0.131
2024-01-28T20:00,Santacruz_AWS,19.1197,72.8468,0.0,0.0,1014.3,56,18.3,0.131
2024-01-28T21:00,Santacruz_AWS,19.1197,72.8468,0.0,0.0,1014.8,98,16.8,0.131
2024-01-28T22:00,Santacruz_AWS,19.1197,72.8468,0.0,0.0,1015.2,90,11.9,0.131
2024-01-28T23:00,Santacruz_AWS,19.1197,72.8468,0.0,0.0,1015.2,87,6.8,0.131
2024-01-29T00:00,Santacruz_AWS,19.1197,72.8468,0.0,0.0,1014.7,94,9.5,0.131
2024-01-29T01:00,Santacruz_AWS,19.1197,72.8468,0.0,0.0,1014.4,100,8.0,0.131
2024-01-29T02:00,Santacruz_AWS,19.1197,72.8468,0.0,0.0,1013.5,100,7.6,0.131
2024-01-29T03:00,Santacruz_AWS,19.1197,72.8468,0.0,0.0,1013.0,99,7.4,0.131
2024-01-29T04:00,Santacruz_AWS,19.1197,72.8468,0.0,0.0,1012.8,99,9.1,0.131
2024-01-29T05:00,Santacruz_AWS,19.1197,72.8468,0.0,0.0,1013.0,97,9.4,0.131
2024-01-29T06:00,Santacruz_AWS,19.1197,72.8468,0.0,0.0,1013.4,100,7.9,0.131
2024-01-29T07:00,Santacruz_AWS,19.1197,72.8468,0.0,0.0,1014.5,97,6.8,0.131
2024-01-29T08:00,Santacruz_AWS,19.1197,72.8468,0.0,0.0,1015.2,99,10.5,0.131
2024-01-29T09:00,Santacruz_AWS,19.1197,72.8468,0.0,0.0,1016.1,99,8.1,0.131
2024-01-29T10:00,Santacruz_AWS,19.1197,72.8468,0.0,0.0,1015.9,97,8.7,0.131
2024-01-29T11:00,Santacruz_AWS,19.1197,72.8468,0.0,0.0,1015.2,97,11.9,0.131
2024-01-29T12:00,Santacruz_AWS,19.1197,72.8468,0.0,0.0,1014.3,92,15.0,0.131
2024-01-29T13:00,Santacruz_AWS,19.1197,72.8468,0.0,0.0,1012.9,87,17.9,0.131
2024-01-29T14:00,Santacruz_AWS,19.1197,72.8468,0.0,0.0,1011.7,86,21.1,0.131
2024-01-29T15:00,Santacruz_AWS,19.1197,72.8468,0.0,0.0,1011.2,100,22.4,0.131
2024-01-29T16:00,Santacruz_AWS,19.1197,72.8468,0.0,0.0,1011.2,91,21.7,0.131
2024-01-29T17:00,Santacruz_AWS,19.1197,72.8468,0.0,0.0,1011.6,97,19.3,0.131
2024-01-29T18:00,Santacruz_AWS,19.1197,72.8468,0.0,0.0,1012.6,97,17.7,0.131
2024-01-29T19:00,Santacruz_AWS,19.1197,72.8468,0.0,0.0,1013.4,99,17.2,0.131
2024-01-29T20:00,Santacruz_AWS,19.1197,72.8468,0.0,0.0,1014.1,100,16.0,0.131
2024-01-29T21:00,Santacruz_AWS,19.1197,72.8468,0.0,0.0,1014.5,99,15.0,0.131
2024-01-29T22:00,Santacruz_AWS,19.1197,72.8468,0.0,0.0,1014.7,96,14.2,0.131
2024-01-29T23:00,Santacruz_AWS,19.1197,72.8468,0.0,0.0,1014.4,100,12.2,0.131
2024-01-30T00:00,Santacruz_AWS,19.1197,72.8468,0.0,0.0,1014.0,38,9.5,0.131
2024-01-30T01:00,Santacruz_AWS,19.1197,72.8468,0.0,0.0,1013.4,1,8.8,0.131
2024-01-30T02:00,Santacruz_AWS,19.1197,72.8468,0.0,0.0,1012.5,11,9.0,0.131
2024-01-30T03:00,Santacruz_AWS,19.1197,72.8468,0.0,0.0,1012.0,21,10.1,0.131
2024-01-30T04:00,Santacruz_AWS,19.1197,72.8468,0.0,0.0,1011.9,51,10.5,0.131
2024-01-30T05:00,Santacruz_AWS,19.1197,72.8468,0.0,0.0,1012.0,54,9.4,0.131
2024-01-30T06:00,Santacruz_AWS,19.1197,72.8468,0.0,0.0,1013.0,24,7.7,0.131
2024-01-30T07:00,Santacruz_AWS,19.1197,72.8468,0.0,0.0,1013.5,24,6.8,0.131
2024-01-30T08:00,Santacruz_AWS,19.1197,72.8468,0.0,0.0,1014.1,33,10.3,0.131
2024-01-30T09:00,Santacruz_AWS,19.1197,72.8468,0.0,0.0,1014.8,23,9.8,0.131
2024-01-30T10:00,Santacruz_AWS,19.1197,72.8468,0.0,0.0,1014.9,0,11.6,0.131
2024-01-30T11:00,Santacruz_AWS,19.1197,72.8468,0.0,0.0,1014.1,0,10.5,0.131
2024-01-30T12:00,Santacruz_AWS,19.1197,72.8468,0.0,0.0,1013.0,0,11.5,0.131
2024-01-30T13:00,Santacruz_AWS,19.1197,72.8468,0.0,0.0,1011.8,0,16.6,0.131
2024-01-30T14:00,Santacruz_AWS,19.1197,72.8468,0.0,0.0,1010.9,0,19.7,0.131
2024-01-30T15:00,Santacruz_AWS,19.1197,72.8468,0.0,0.0,1010.4,0,20.4,0.131
2024-01-30T16:00,Santacruz_AWS,19.1197,72.8468,0.0,0.0,1010.2,7,19.1,0.131
2024-01-30T17:00,Santacruz_AWS,19.1197,72.8468,0.0,0.0,1010.8,36,19.0,0.131
2024-01-30T18:00,Santacruz_AWS,19.1197,72.8468,0.0,0.0,1011.7,41,16.9,0.131
2024-01-30T19:00,Santacruz_AWS,19.1197,72.8468,0.0,0.0,1012.7,90,15.9,0.131
2024-01-30T20:00,Santacruz_AWS,19.1197,72.8468,0.0,0.0,1013.2,41,15.0,0.131
2024-01-30T21:00,Santacruz_AWS,19.1197,72.8468,0.0,0.0,1013.5,82,14.0,0.131
2024-01-30T22:00,Santacruz_AWS,19.1197,72.8468,0.0,0.0,1013.7,84,9.8,0.131
2024-01-30T23:00,Santacruz_AWS,19.1197,72.8468,0.0,0.0,1013.7,45,5.9,0.131
2024-01-31T00:00,Santacruz_AWS,19.1197,72.8468,0.0,0.0,1013.3,9,7.5,0.131
2024-01-31T01:00,Santacruz_AWS,19.1197,72.8468,0.0,0.0,1012.8,53,6.5,0.131
2024-01-31T02:00,Santacruz_AWS,19.1197,72.8468,0.0,0.0,1012.6,7,8.1,0.131
2024-01-31T03:00,Santacruz_AWS,19.1197,72.8468,0.0,0.0,1012.0,92,10.1,0.131
2024-01-31T04:00,Santacruz_AWS,19.1197,72.8468,0.0,0.0,1011.7,99,10.4,0.131
2024-01-31T05:00,Santacruz_AWS,19.1197,72.8468,0.0,0.0,1011.9,56,11.2,0.131
2024-01-31T06:00,Santacruz_AWS,19.1197,72.8468,0.0,0.0,1012.8,0,11.9,0.131
2024-01-31T07:00,Santacruz_AWS,19.1197,72.8468,0.0,0.0,1013.7,26,11.0,0.131
2024-01-31T08:00,Santacruz_AWS,19.1197,72.8468,0.0,0.0,1014.4,16,10.0,0.131
2024-01-31T09:00,Santacruz_AWS,19.1197,72.8468,0.0,0.0,1014.9,53,7.6,0.131
2024-01-31T10:00,Santacruz_AWS,19.1197,72.8468,0.0,0.0,1014.6,41,7.8,0.131
2024-01-31T11:00,Santacruz_AWS,19.1197,72.8468,0.0,0.0,1013.9,95,9.4,0.131
2024-01-31T12:00,Santacruz_AWS,19.1197,72.8468,0.0,0.0,1012.8,97,11.8,0.131
2024-01-31T13:00,Santacruz_AWS,19.1197,72.8468,0.0,0.0,1011.6,95,14.8,0.131
2024-01-31T14:00,Santacruz_AWS,19.1197,72.8468,0.0,0.0,1010.7,28,17.6,0.131
2024-01-31T15:00,Santacruz_AWS,19.1197,72.8468,0.0,0.0,1010.4,0,19.4,0.131
2024-01-31T16:00,Santacruz_AWS,19.1197,72.8468,0.0,0.0,1010.5,0,19.0,0.131
2024-01-31T17:00,Santacruz_AWS,19.1197,72.8468,0.0,0.0,1010.8,5,17.8,0.131
2024-01-31T18:00,Santacruz_AWS,19.1197,72.8468,0.0,0.0,1011.8,35,15.1,0.131
2024-01-31T19:00,Santacruz_AWS,19.1197,72.8468,0.0,0.0,1012.4,28,14.4,0.131
2024-01-31T20:00,Santacruz_AWS,19.1197,72.8468,0.0,0.0,1012.9,100,12.9,0.131
2024-01-31T21:00,Santacruz_AWS,19.1197,72.8468,0.0,0.0,1013.4,99,10.2,0.131
2024-01-31T22:00,Santacruz_AWS,19.1197,72.8468,0.0,0.0,1013.7,99,6.5,0.131
2024-01-31T23:00,Santacruz_AWS,19.1197,72.8468,0.0,0.0,1013.6,94,8.8,0.131
2024-02-01T00:00,Santacruz_AWS,19.1197,72.8468,0.0,0.0,1013.3,100,6.6,0.131
2024-02-01T01:00,Santacruz_AWS,19.1197,72.8468,0.0,0.0,1013.1,91,6.2,0.131
2024-02-01T02:00,Santacruz_AWS,19.1197,72.8468,0.0,0.0,1012.9,100,7.6,0.131
2024-02-01T03:00,Santacruz_AWS,19.1197,72.8468,0.0,0.0,1012.6,95,6.8,0.131
2024-02-01T04:00,Santacruz_AWS,19.1197,72.8468,0.0,0.0,1012.4,90,6.3,0.131
2024-02-01T05:00,Santacruz_AWS,19.1197,72.8468,0.0,0.0,1012.7,29,6.4,0.131
2024-02-01T06:00,Santacruz_AWS,19.1197,72.8468,0.0,0.0,1013.6,14,5.1,0.131
2024-02-01T07:00,Santacruz_AWS,19.1197,72.8468,0.0,0.0,1014.3,24,5.4,0.131
2024-02-01T08:00,Santacruz_AWS,19.1197,72.8468,0.0,0.0,1015.1,30,6.2,0.131
2024-02-01T09:00,Santacruz_AWS,19.1197,72.8468,0.0,0.0,1015.8,19,4.7,0.131
2024-02-01T10:00,Santacruz_AWS,19.1197,72.8468,0.0,0.0,1016.1,9,6.2,0.131
2024-02-01T11:00,Santacruz_AWS,19.1197,72.8468,0.0,0.0,1015.4,18,10.0,0.131
2024-02-01T12:00,Santacruz_AWS,19.1197,72.8468,0.0,0.0,1014.5,8,12.4,0.131
2024-02-01T13:00,Santacruz_AWS,19.1197,72.8468,0.0,0.0,1013.4,0,16.9,0.131
2024-02-01T14:00,Santacruz_AWS,19.1197,72.8468,0.0,0.0,1012.8,0,20.4,0.131
2024-02-01T15:00,Santacruz_AWS,19.1197,72.8468,0.0,0.0,1012.2,0,20.3,0.131
2024-02-01T16:00,Santacruz_AWS,19.1197,72.8468,0.0,0.0,1011.9,0,20.4,0.131
2024-02-01T17:00,Santacruz_AWS,19.1197,72.8468,0.0,0.0,1011.9,0,18.3,0.131
2024-02-01T18:00,Santacruz_AWS,19.1197,72.8468,0.0,0.0,1012.5,0,14.4,0.131
2024-02-01T19:00,Santacruz_AWS,19.1197,72.8468,0.0,0.0,1013.3,0,15.0,0.131
2024-02-01T20:00,Santacruz_AWS,19.1197,72.8468,0.0,0.0,1014.0,0,15.2,0.131
2024-02-01T21:00,Santacruz_AWS,19.1197,72.8468,0.0,0.0,1014.5,0,14.1,0.131
2024-02-01T22:00,Santacruz_AWS,19.1197,72.8468,0.0,0.0,1014.7,0,9.2,0.131
2024-02-01T23:00,Santacruz_AWS,19.1197,72.8468,0.0,0.0,1014.7,0,6.0,0.131
2024-02-02T00:00,Santacruz_AWS,19.1197,72.8468,0.0,0.0,1014.5,0,5.6,0.131
2024-02-02T01:00,Santacruz_AWS,19.1197,72.8468,0.0,0.0,1014.3,0,5.6,0.131
2024-02-02T02:00,Santacruz_AWS,19.1197,72.8468,0.0,0.0,1014.1,3,7.3,0.131
2024-02-02T03:00,Santacruz_AWS,19.1197,72.8468,0.0,0.0,1013.4,3,8.2,0.131
2024-02-02T04:00,Santacruz_AWS,19.1197,72.8468,0.0,0.0,1013.2,0,8.4,0.131
2024-02-02T05:00,Santacruz_AWS,19.1197,72.8468,0.0,0.0,1013.2,3,7.2,0.131
2024-02-02T06:00,Santacruz_AWS,19.1197,72.8468,0.0,0.0,1013.9,0,6.6,0.131
2024-02-02T07:00,Santacruz_AWS,19.1197,72.8468,0.0,0.0,1014.7,0,6.2,0.131
2024-02-02T08:00,Santacruz_AWS,19.1197,72.8468,0.0,0.0,1015.3,0,6.9,0.131
2024-02-02T09:00,Santacruz_AWS,19.1197,72.8468,0.0,0.0,1016.0,0,7.2,0.131
2024-02-02T10:00,Santacruz_AWS,19.1197,72.8468,0.0,0.0,1016.4,0,8.0,0.131
2024-02-02T11:00,Santacruz_AWS,19.1197,72.8468,0.0,0.0,1015.5,0,7.5,0.131
2024-02-02T12:00,Santacruz_AWS,19.1197,72.8468,0.0,0.0,1014.4,0,6.8,0.131
2024-02-02T13:00,Santacruz_AWS,19.1197,72.8468,0.0,0.0,1013.2,40,12.5,0.131
2024-02-02T14:00,Santacruz_AWS,19.1197,72.8468,0.0,0.0,1012.3,33,19.5,0.131
2024-02-02T15:00,Santacruz_AWS,19.1197,72.8468,0.0,0.0,1011.6,67,20.7,0.131
2024-02-02T16:00,Santacruz_AWS,19.1197,72.8468,0.0,0.0,1011.4,75,21.1,0.131
2024-02-02T17:00,Santacruz_AWS,19.1197,72.8468,0.0,0.0,1011.2,85,20.5,0.131
2024-02-02T18:00,Santacruz_AWS,19.1197,72.8468,0.0,0.0,1011.7,82,20.5,0.131
2024-02-02T19:00,Santacruz_AWS,19.1197,72.8468,0.0,0.0,1012.3,78,19.3,0.131
2024-02-02T20:00,Santacruz_AWS,19.1197,72.8468,0.0,0.0,1012.9,80,18.7,0.131
2024-02-02T21:00,Santacruz_AWS,19.1197,72.8468,0.0,0.0,1013.6,43,18.3,0.131
2024-02-02T22:00,Santacruz_AWS,19.1197,72.8468,0.0,0.0,1013.8,8,17.3,0.131
2024-02-02T23:00,Santacruz_AWS,19.1197,72.8468,0.0,0.0,1013.7,0,14.8,0.131
2024-02-03T00:00,Santacruz_AWS,19.1197,72.8468,0.0,0.0,1013.1,0,13.4,0.131
2024-02-03T01:00,Santacruz_AWS,19.1197,72.8468,0.0,0.0,1012.5,0,11.3,0.131
2024-02-03T02:00,Santacruz_AWS,19.1197,72.8468,0.0,0.0,1012.2,0,6.9,0.131
2024-02-03T03:00,Santacruz_AWS,19.1197,72.8468,0.0,0.0,1011.7,0,6.6,0.131
2024-02-03T04:00,Santacruz_AWS,19.1197,72.8468,0.0,0.0,1011.7,0,7.7,0.131
2024-02-03T05:00,Santacruz_AWS,19.1197,72.8468,0.0,0.0,1012.0,0,7.9,0.131
2024-02-03T06:00,Santacruz_AWS,19.1197,72.8468,0.0,0.0,1012.6,10,7.3,0.131
2024-02-03T07:00,Santacruz_AWS,19.1197,72.8468,0.0,0.0,1013.4,0,7.1,0.131
2024-02-03T08:00,Santacruz_AWS,19.1197,72.8468,0.0,0.0,1013.8,0,9.2,0.131
2024-02-03T09:00,Santacruz_AWS,19.1197,72.8468,0.0,0.0,1014.5,0,8.7,0.131
2024-02-03T10:00,Santacruz_AWS,19.1197,72.8468,0.0,0.0,1014.9,3,6.8,0.131
2024-02-03T11:00,Santacruz_AWS,19.1197,72.8468,0.0,0.0,1014.2,0,6.2,0.131
2024-02-03T12:00,Santacruz_AWS,19.1197,72.8468,0.0,0.0,1013.3,0,4.7,0.131
2024-02-03T13:00,Santacruz_AWS,19.1197,72.8468,0.0,0.0,1012.2,0,1.1,0.131
2024-02-03T14:00,Santacruz_AWS,19.1197,72.8468,0.0,0.0,1011.2,52,12.5,0.131
2024-02-03T15:00,Santacruz_AWS,19.1197,72.8468,0.0,0.0,1010.6,28,15.0,0.131
2024-02-03T16:00,Santacruz_AWS,19.1197,72.8468,0.0,0.0,1010.4,31,15.9,0.131
2024-02-03T17:00,Santacruz_AWS,19.1197,72.8468,0.0,0.0,1010.6,32,15.9,0.131
2024-02-03T18:00,Santacruz_AWS,19.1197,72.8468,0.0,0.0,1011.5,33,19.2,0.131
2024-02-03T19:00,Santacruz_AWS,19.1197,72.8468,0.0,0.0,1012.2,59,21.5,0.131
2024-02-03T20:00,Santacruz_AWS,19.1197,72.8468,0.0,0.0,1013.0,46,22.2,0.131
2024-02-03T21:00,Santacruz_AWS,19.1197,72.8468,0.0,0.0,1013.5,59,21.1,0.131
2024-02-03T22:00,Santacruz_AWS,19.1197,72.8468,0.0,0.0,1013.9,1,20.3,0.131
2024-02-03T23:00,Santacruz_AWS,19.1197,72.8468,0.0,0.0,1013.6,0,11.3,0.131
2024-02-04T00:00,Santacruz_AWS,19.1197,72.8468,0.0,0.0,1013.4,0,9.2,0.131
2024-02-04T01:00,Santacruz_AWS,19.1197,72.8468,0.0,0.0,1013.3,0,6.5,0.131
2024-02-04T02:00,Santacruz_AWS,19.1197,72.8468,0.0,0.0,1012.6,0,6.1,0.131
2024-02-04T03:00,Santacruz_AWS,19.1197,72.8468,0.0,0.0,1012.3,0,7.2,0.131
2024-02-04T04:00,Santacruz_AWS,19.1197,72.8468,0.0,0.0,1012.1,0,6.4,0.131
2024-02-04T05:00,Santacruz_AWS,19.1197,72.8468,0.0,0.0,1012.5,0,5.8,0.131
2024-02-04T06:00,Santacruz_AWS,19.1197,72.8468,0.0,0.0,1013.5,0,6.0,0.131
2024-02-04T07:00,Santacruz_AWS,19.1197,72.8468,0.0,0.0,1014.2,0,5.4,0.131
2024-02-04T08:00,Santacruz_AWS,19.1197,72.8468,0.0,0.0,1014.6,0,7.6,0.131
2024-02-04T09:00,Santacruz_AWS,19.1197,72.8468,0.0,0.0,1015.3,0,5.6,0.131
2024-02-04T10:00,Santacruz_AWS,19.1197,72.8468,0.0,0.0,1015.7,0,3.9,0.131
2024-02-04T11:00,Santacruz_AWS,19.1197,72.8468,0.0,0.0,1015.1,0,0.7,0.131
2024-02-04T12:00,Santacruz_AWS,19.1197,72.8468,0.0,0.0,1014.2,0,5.9,0.131
2024-02-04T13:00,Santacruz_AWS,19.1197,72.8468,0.0,0.0,1013.1,0,10.8,0.131
2024-02-04T14:00,Santacruz_AWS,19.1197,72.8468,0.0,0.0,1012.4,0,12.2,0.131
2024-02-04T15:00,Santacruz_AWS,19.1197,72.8468,0.0,0.0,1011.7,0,11.9,0.131
2024-02-04T16:00,Santacruz_AWS,19.1197,72.8468,0.0,0.0,1011.5,0,12.6,0.131
2024-02-04T17:00,Santacruz_AWS,19.1197,72.8468,0.0,0.0,1011.5,0,13.1,0.131
2024-02-04T18:00,Santacruz_AWS,19.1197,72.8468,0.0,0.0,1012.6,0,8.9,0.131
2024-02-04T19:00,Santacruz_AWS,19.1197,72.8468,0.0,0.0,1013.1,0,9.3,0.131
2024-02-04T20:00,Santacruz_AWS,19.1197,72.8468,0.0,0.0,1013.7,0,9.0,0.131
2024-02-04T21:00,Santacruz_AWS,19.1197,72.8468,0.0,0.0,1014.4,0,9.4,0.131
2024-02-04T22:00,Santacruz_AWS,19.1197,72.8468,0.0,0.0,1014.9,0,7.6,0.131
2024-02-04T23:00,Santacruz_AWS,19.1197,72.8468,0.0,0.0,1015.0,0,8.5,0.131
2024-02-05T00:00,Santacruz_AWS,19.1197,72.8468,0.0,0.0,1014.4,0,6.9,0.131
2024-02-05T01:00,Santacruz_AWS,19.1197,72.8468,0.0,0.0,1013.9,0,8.5,0.131
2024-02-05T02:00,Santacruz_AWS,19.1197,72.8468,0.0,0.0,1013.2,0,5.8,0.131
2024-02-05T03:00,Santacruz_AWS,19.1197,72.8468,0.0,0.0,1013.0,0,6.9,0.131
2024-02-05T04:00,Santacruz_AWS,19.1197,72.8468,0.0,0.0,1012.9,0,10.3,0.131
2024-02-05T05:00,Santacruz_AWS,19.1197,72.8468,0.0,0.0,1013.2,0,10.7,0.131
2024-02-05T06:00,Santacruz_AWS,19.1197,72.8468,0.0,0.0,1014.0,0,12.2,0.131
2024-02-05T07:00,Santacruz_AWS,19.1197,72.8468,0.0,0.0,1014.4,0,10.5,0.131
2024-02-05T08:00,Santacruz_AWS,19.1197,72.8468,0.0,0.0,1015.4,0,10.1,0.131
2024-02-05T09:00,Santacruz_AWS,19.1197,72.8468,0.0,0.0,1016.1,0,8.3,0.131
2024-02-05T10:00,Santacruz_AWS,19.1197,72.8468,0.0,0.0,1016.6,0,10.2,0.131
2024-02-05T11:00,Santacruz_AWS,19.1197,72.8468,0.0,0.0,1016.0,0,12.1,0.131
2024-02-05T12:00,Santacruz_AWS,19.1197,72.8468,0.0,0.0,1015.0,0,14.5,0.131
2024-02-05T13:00,Santacruz_AWS,19.1197,72.8468,0.0,0.0,1013.8,0,16.8,0.131
2024-02-05T14:00,Santacruz_AWS,19.1197,72.8468,0.0,0.0,1012.9,0,18.4,0.131
2024-02-05T15:00,Santacruz_AWS,19.1197,72.8468,0.0,0.0,1012.2,0,18.4,0.131
2024-02-05T16:00,Santacruz_AWS,19.1197,72.8468,0.0,0.0,1011.9,0,18.6,0.131
2024-02-05T17:00,Santacruz_AWS,19.1197,72.8468,0.0,0.0,1012.0,0,17.2,0.131
2024-02-05T18:00,Santacruz_AWS,19.1197,72.8468,0.0,0.0,1012.6,0,16.5,0.131
2024-02-05T19:00,Santacruz_AWS,19.1197,72.8468,0.0,0.0,1013.2,0,15.5,0.131
2024-02-05T20:00,Santacruz_AWS,19.1197,72.8468,0.0,0.0,1013.9,0,15.9,0.131
2024-02-05T21:00,Santacruz_AWS,19.1197,72.8468,0.0,0.0,1014.5,0,14.1,0.131
2024-02-05T22:00,Santacruz_AWS,19.1197,72.8468,0.0,0.0,1014.8,0,11.3,0.131
2024-02-05T23:00,Santacruz_AWS,19.1197,72.8468,0.0,0.0,1014.7,0,6.7,0.131
2024-02-06T00:00,Santacruz_AWS,19.1197,72.8468,0.0,0.0,1014.2,0,8.5,0.131
2024-02-06T01:00,Santacruz_AWS,19.1197,72.8468,0.0,0.0,1013.7,0,7.3,0.131
2024-02-06T02:00,Santacruz_AWS,19.1197,72.8468,0.0,0.0,1013.2,0,6.5,0.131
2024-02-06T03:00,Santacruz_AWS,19.1197,72.8468,0.0,0.0,1012.7,0,8.3,0.131
2024-02-06T04:00,Santacruz_AWS,19.1197,72.8468,0.0,0.0,1012.6,0,10.5,0.131
2024-02-06T05:00,Santacruz_AWS,19.1197,72.8468,0.0,0.0,1012.9,0,13.3,0.131
2024-02-06T06:00,Santacruz_AWS,19.1197,72.8468,0.0,0.0,1013.9,0,10.4,0.131
2024-02-06T07:00,Santacruz_AWS,19.1197,72.8468,0.0,0.0,1014.7,0,7.6,0.131
2024-02-06T08:00,Santacruz_AWS,19.1197,72.8468,0.0,0.0,1015.4,0,8.6,0.131
2024-02-06T09:00,Santacruz_AWS,19.1197,72.8468,0.0,0.0,1016.3,0,8.7,0.131
2024-02-06T10:00,Santacruz_AWS,19.1197,72.8468,0.0,0.0,1016.3,0,9.0,0.131
2024-02-06T11:00,Santacruz_AWS,19.1197,72.8468,0.0,0.0,1015.6,0,8.2,0.131
2024-02-06T12:00,Santacruz_AWS,19.1197,72.8468,0.0,0.0,1014.3,0,12.3,0.131
2024-02-06T13:00,Santacruz_AWS,19.1197,72.8468,0.0,0.0,1013.3,0,17.1,0.131
2024-02-06T14:00,Santacruz_AWS,19.1197,72.8468,0.0,0.0,1012.4,0,18.7,0.131
2024-02-06T15:00,Santacruz_AWS,19.1197,72.8468,0.0,0.0,1011.6,0,18.6,0.13
2024-02-06T16:00,Santacruz_AWS,19.1197,72.8468,0.0,0.0,1011.4,0,18.1,0.13
2024-02-06T17:00,Santacruz_AWS,19.1197,72.8468,0.0,0.0,1011.8,0,17.4,0.13
2024-02-06T18:00,Santacruz_AWS,19.1197,72.8468,0.0,0.0,1012.5,0,19.9,0.13
2024-02-06T19:00,Santacruz_AWS,19.1197,72.8468,0.0,0.0,1013.1,0,18.4,0.13
2024-02-06T20:00,Santacruz_AWS,19.1197,72.8468,0.0,0.0,1014.0,0,16.5,0.13
2024-02-06T21:00,Santacruz_AWS,19.1197,72.8468,0.0,0.0,1014.6,0,16.7,0.13
2024-02-06T22:00,Santacruz_AWS,19.1197,72.8468,0.0,0.0,1014.8,0,15.2,0.131
2024-02-06T23:00,Santacruz_AWS,19.1197,72.8468,0.0,0.0,1015.0,0,13.2,0.131
2024-02-07T00:00,Santacruz_AWS,19.1197,72.8468,0.0,0.0,1014.3,0,11.2,0.131
2024-02-07T01:00,Santacruz_AWS,19.1197,72.8468,0.0,0.0,1013.9,0,12.8,0.131
2024-02-07T02:00,Santacruz_AWS,19.1197,72.8468,0.0,0.0,1013.5,0,15.0,0.131
2024-02-07T03:00,Santacruz_AWS,19.1197,72.8468,0.0,0.0,1013.2,0,14.8,0.131
2024-02-07T04:00,Santacruz_AWS,19.1197,72.8468,0.0,0.0,1013.1,0,12.4,0.131
2024-02-07T05:00,Santacruz_AWS,19.1197,72.8468,0.0,0.0,1013.4,0,9.0,0.131
2024-02-07T06:00,Santacruz_AWS,19.1197,72.8468,0.0,0.0,1014.4,0,10.8,0.131
2024-02-07T07:00,Santacruz_AWS,19.1197,72.8468,0.0,0.0,1015.2,4,10.4,0.131
2024-02-07T08:00,Santacruz_AWS,19.1197,72.8468,0.0,0.0,1016.2,1,10.5,0.131
2024-02-07T09:00,Santacruz_AWS,19.1197,72.8468,0.0,0.0,1016.9,0,10.1,0.131
2024-02-07T10:00,Santacruz_AWS,19.1197,72.8468,0.0,0.0,1017.1,17,10.6,0.131
2024-02-07T11:00,Santacruz_AWS,19.1197,72.8468,0.0,0.0,1016.4,93,11.9,0.131
2024-02-07T12:00,Santacruz_AWS,19.1197,72.8468,0.0,0.0,1015.3,50,15.6,0.131
2024-02-07T13:00,Santacruz_AWS,19.1197,72.8468,0.0,0.0,1013.9,12,18.8,0.131
2024-02-07T14:00,Santacruz_AWS,19.1197,72.8468,0.0,0.0,1012.9,0,20.6,0.13
2024-02-07T15:00,Santacruz_AWS,19.1197,72.8468,0.0,0.0,1012.0,0,21.1,0.13
2024-02-07T16:00,Santacruz_AWS,19.1197,72.8468,0.0,0.0,1011.7,0,20.6,0.13
2024-02-07T17:00,Santacruz_AWS,19.1197,72.8468,0.0,0.0,1012.1,0,21.0,0.13
2024-02-07T18:00,Santacruz_AWS,19.1197,72.8468,0.0,0.0,1013.0,0,24.0,0.13
2024-02-07T19:00,Santacruz_AWS,19.1197,72.8468,0.0,0.0,1013.7,0,23.7,0.13
2024-02-07T20:00,Santacruz_AWS,19.1197,72.8468,0.0,0.0,1014.6,0,20.9,0.13
2024-02-07T21:00,Santacruz_AWS,19.1197,72.8468,0.0,0.0,1015.1,0,20.4,0.13
2024-02-07T22:00,Santacruz_AWS,19.1197,72.8468,0.0,0.0,1015.1,0,18.4,0.13
2024-02-07T23:00,Santacruz_AWS,19.1197,72.8468,0.0,0.0,1014.8,0,17.0,0.13
2024-02-08T00:00,Santacruz_AWS,19.1197,72.8468,0.0,0.0,1014.5,23,15.0,0.131
2024-02-08T01:00,Santacruz_AWS,19.1197,72.8468,0.0,0.0,1013.9,68,13.8,0.131
2024-02-08T02:00,Santacruz_AWS,19.1197,72.8468,0.0,0.0,1013.3,100,13.4,0.131
2024-02-08T03:00,Santacruz_AWS,19.1197,72.8468,0.0,0.0,1012.9,88,12.3,0.131
2024-02-08T04:00,Santacruz_AWS,19.1197,72.8468,0.0,0.0,1012.6,100,10.0,0.131
2024-02-08T05:00,Santacruz_AWS,19.1197,72.8468,0.0,0.0,1012.8,91,9.0,0.131
2024-02-08T06:00,Santacruz_AWS,19.1197,72.8468,0.0,0.0,1013.9,65,7.7,0.131
2024-02-08T07:00,Santacruz_AWS,19.1197,72.8468,0.0,0.0,1014.7,45,6.9,0.131
2024-02-08T08:00,Santacruz_AWS,19.1197,72.8468,0.0,0.0,1015.2,39,9.7,0.131
2024-02-08T09:00,Santacruz_AWS,19.1197,72.8468,0.0,0.0,1016.0,65,9.8,0.131
2024-02-08T10:00,Santacruz_AWS,19.1197,72.8468,0.0,0.0,1016.2,20,8.7,0.131
2024-02-08T11:00,Santacruz_AWS,19.1197,72.8468,0.0,0.0,1015.7,0,9.3,0.131
2024-02-08T12:00,Santacruz_AWS,19.1197,72.8468,0.0,0.0,1014.6,0,12.7,0.131
2024-02-08T13:00,Santacruz_AWS,19.1197,72.8468,0.0,0.0,1013.3,0,18.6,0.13
2024-02-08T14:00,Santacruz_AWS,19.1197,72.8468,0.0,0.0,1012.0,0,22.1,0.13
2024-02-08T15:00,Santacruz_AWS,19.1197,72.8468,0.0,0.0,1011.1,0,24.5,0.13
2024-02-08T16:00,Santacruz_AWS,19.1197,72.8468,0.0,0.0,1010.9,0,23.8,0.13
2024-02-08T17:00,Santacruz_AWS,19.1197,72.8468,0.0,0.0,1011.0,0,21.0,0.13
2024-02-08T18:00,Santacruz_AWS,19.1197,72.8468,0.0,0.0,1011.7,0,17.3,0.13
2024-02-08T19:00,Santacruz_AWS,19.1197,72.8468,0.0,0.0,1012.1,34,20.0,0.13
2024-02-08T20:00,Santacruz_AWS,19.1197,72.8468,0.0,0.0,1012.8,45,20.6,0.13
2024-02-08T21:00,Santacruz_AWS,19.1197,72.8468,0.0,0.0,1013.4,77,20.9,0.13
2024-02-08T22:00,Santacruz_AWS,19.1197,72.8468,0.0,0.0,1013.4,1,17.7,0.13
2024-02-08T23:00,Santacruz_AWS,19.1197,72.8468,0.0,0.0,1013.1,45,12.6,0.13
2024-02-09T00:00,Santacruz_AWS,19.1197,72.8468,0.0,0.0,1012.6,31,8.6,0.13
2024-02-09T01:00,Santacruz_AWS,19.1197,72.8468,0.0,0.0,1012.2,22,6.5,0.131
2024-02-09T02:00,Santacruz_AWS,19.1197,72.8468,0.0,0.0,1011.6,13,6.6,0.131
2024-02-09T03:00,Santacruz_AWS,19.1197,72.8468,0.0,0.0,1011.4,0,8.6,0.131
2024-02-09T04:00,Santacruz_AWS,19.1197,72.8468,0.0,0.0,1011.4,0,7.6,0.131
2024-02-09T05:00,Santacruz_AWS,19.1197,72.8468,0.0,0.0,1011.7,0,6.5,0.131
2024-02-09T06:00,Santacruz_AWS,19.1197,72.8468,0.0,0.0,1012.4,0,7.2,0.131
2024-02-09T07:00,Santacruz_AWS,19.1197,72.8468,0.0,0.0,1013.4,0,6.6,0.131
2024-02-09T08:00,Santacruz_AWS,19.1197,72.8468,0.0,0.0,1014.1,0,9.0,0.131
2024-02-09T09:00,Santacruz_AWS,19.1197,72.8468,0.0,0.0,1014.9,0,7.6,0.131
2024-02-09T10:00,Santacruz_AWS,19.1197,72.8468,0.0,0.0,1015.3,0,12.3,0.131
2024-02-09T11:00,Santacruz_AWS,19.1197,72.8468,0.0,0.0,1014.8,0,15.9,0.131
2024-02-09T12:00,Santacruz_AWS,19.1197,72.8468,0.0,0.0,1013.9,0,17.2,0.131
2024-02-09T13:00,Santacruz_AWS,19.1197,72.8468,0.0,0.0,1012.6,0,18.8,0.13
2024-02-09T14:00,Santacruz_AWS,19.1197,72.8468,0.0,0.0,1011.6,0,21.4,0.13
2024-02-09T15:00,Santacruz_AWS,19.1197,72.8468,0.0,0.0,1011.1,0,22.2,0.13
2024-02-09T16:00,Santacruz_AWS,19.1197,72.8468,0.0,0.0,1011.2,0,23.1,0.13
2024-02-09T17:00,Santacruz_AWS,19.1197,72.8468,0.0,0.0,1011.5,0,21.6,0.13
2024-02-09T18:00,Santacruz_AWS,19.1197,72.8468,0.0,0.0,1011.9,0,19.3,0.13
2024-02-09T19:00,Santacruz_AWS,19.1197,72.8468,0.0,0.0,1012.8,0,19.6,0.13
2024-02-09T20:00,Santacruz_AWS,19.1197,72.8468,0.0,0.0,1013.8,0,18.0,0.13
2024-02-09T21:00,Santacruz_AWS,19.1197,72.8468,0.0,0.0,1014.5,0,16.6,0.13
2024-02-09T22:00,Santacruz_AWS,19.1197,72.8468,0.0,0.0,1014.7,0,13.4,0.13
2024-02-09T23:00,Santacruz_AWS,19.1197,72.8468,0.0,0.0,1014.6,0,11.9,0.13
2024-02-10T00:00,Santacruz_AWS,19.1197,72.8468,0.0,0.0,1014.4,0,11.2,0.131
2024-02-10T01:00,Santacruz_AWS,19.1197,72.8468,0.0,0.0,1013.6,0,8.4,0.131
2024-02-10T02:00,Santacruz_AWS,19.1197,72.8468,0.0,0.0,1013.0,0,7.2,0.131
2024-02-10T03:00,Santacruz_AWS,19.1197,72.8468,0.0,0.0,1012.6,0,8.0,0.131
2024-02-10T04:00,Santacruz_AWS,19.1197,72.8468,0.0,0.0,1012.6,0,8.3,0.131
2024-02-10T05:00,Santacruz_AWS,19.1197,72.8468,0.0,0.0,1013.0,0,7.2,0.131
2024-02-10T06:00,Santacruz_AWS,19.1197,72.8468,0.0,0.0,1013.7,0,8.2,0.131
2024-02-10T07:00,Santacruz_AWS,19.1197,72.8468,0.0,0.0,1014.5,0,11.4,0.131
2024-02-10T08:00,Santacruz_AWS,19.1197,72.8468,0.0,0.0,1015.2,0,13.0,0.131
2024-02-10T09:00,Santacruz_AWS,19.1197,72.8468,0.0,0.0,1015.9,0,10.1,0.131
2024-02-10T10:00,Santacruz_AWS,19.1197,72.8468,0.0,0.0,1015.9,0,9.1,0.131
2024-02-10T11:00,Santacruz_AWS,19.1197,72.8468,0.0,0.0,1015.3,0,12.2,0.131
2024-02-10T12:00,Santacruz_AWS,19.1197,72.8468,0.0,0.0,1014.5,0,18.6,0.131
2024-02-10T13:00,Santacruz_AWS,19.1197,72.8468,0.0,0.0,1013.5,0,22.2,0.13
2024-02-10T14:00,Santacruz_AWS,19.1197,72.8468,0.0,0.0,1012.7,0,22.7,0.13
2024-02-10T15:00,Santacruz_AWS,19.1197,72.8468,0.0,0.0,1012.0,0,23.6,0.13
2024-02-10T16:00,Santacruz_AWS,19.1197,72.8468,0.0,0.0,1012.1,0,24.4,0.13
2024-02-10T17:00,Santacruz_AWS,19.1197,72.8468,0.0,0.0,1012.3,0,22.6,0.13
2024-02-10T18:00,Santacruz_AWS,19.1197,72.8468,0.0,0.0,1013.3,0,21.7,0.13
2024-02-10T19:00,Santacruz_AWS,19.1197,72.8468,0.0,0.0,1014.0,0,19.7,0.13
2024-02-10T20:00,Santacruz_AWS,19.1197,72.8468,0.0,0.0,1014.9,0,16.8,0.13
2024-02-10T21:00,Santacruz_AWS,19.1197,72.8468,0.0,0.0,1015.3,0,15.5,0.13
2024-02-10T22:00,Santacruz_AWS,19.1197,72.8468,0.0,0.0,1015.5,0,9.8,0.13
2024-02-10T23:00,Santacruz_AWS,19.1197,72.8468,0.0,0.0,1015.4,0,7.9,0.13
2024-02-11T00:00,Santacruz_AWS,19.1197,72.8468,0.0,0.0,1014.9,0,10.1,0.13
2024-02-11T01:00,Santacruz_AWS,19.1197,72.8468,0.0,0.0,1014.3,0,9.5,0.13
2024-02-11T02:00,Santacruz_AWS,19.1197,72.8468,0.0,0.0,1013.4,0,7.7,0.13
2024-02-11T03:00,Santacruz_AWS,19.1197,72.8468,0.0,0.0,1013.0,0,12.3,0.131
2024-02-11T04:00,Santacruz_AWS,19.1197,72.8468,0.0,0.0,1012.7,0,11.4,0.131
2024-02-11T05:00,Santacruz_AWS,19.1197,72.8468,0.0,0.0,1012.8,0,8.4,0.131
2024-02-11T06:00,Santacruz_AWS,19.1197,72.8468,0.0,0.0,1013.5,0,7.0,0.131
2024-02-11T07:00,Santacruz_AWS,19.1197,72.8468,0.0,0.0,1014.5,0,6.3,0.131
2024-02-11T08:00,Santacruz_AWS,19.1197,72.8468,0.0,0.0,1015.4,0,8.5,0.131
2024-02-11T09:00,Santacruz_AWS,19.1197,72.8468,0.0,0.0,1016.3,0,8.0,0.131
2024-02-11T10:00,Santacruz_AWS,19.1197,72.8468,0.0,0.0,1016.6,0,9.3,0.131
2024-02-11T11:00,Santacruz_AWS,19.1197,72.8468,0.0,0.0,1016.1,0,11.3,0.131
2024-02-11T12:00,Santacruz_AWS,19.1197,72.8468,0.0,0.0,1015.2,0,15.0,0.131
2024-02-11T13:00,Santacruz_AWS,19.1197,72.8468,0.0,0.0,1013.9,0,18.8,0.13
2024-02-11T14:00,Santacruz_AWS,19.1197,72.8468,0.0,0.0,1012.7,0,20.9,0.13
2024-02-11T15:00,Santacruz_AWS,19.1197,72.8468,0.0,0.0,1012.0,0,22.2,0.13
2024-02-11T16:00,Santacruz_AWS,19.1197,72.8468,0.0,0.0,1011.8,0,22.1,0.13
2024-02-11T17:00,Santacruz_AWS,19.1197,72.8468,0.0,0.0,1012.3,0,20.8,0.13
2024-02-11T18:00,Santacruz_AWS,19.1197,72.8468,0.0,0.0,1013.3,89,18.1,0.13
2024-02-11T19:00,Santacruz_AWS,19.1197,72.8468,0.0,0.0,1014.0,97,17.1,0.13
2024-02-11T20:00,Santacruz_AWS,19.1197,72.8468,0.0,0.0,1014.7,39,14.1,0.13
2024-02-11T21:00,Santacruz_AWS,19.1197,72.8468,0.0,0.0,1015.2,96,11.6,0.13
2024-02-11T22:00,Santacruz_AWS,19.1197,72.8468,0.0,0.0,1015.4,91,11.5,0.13
2024-02-11T23:00,Santacruz_AWS,19.1197,72.8468,0.0,0.0,1015.1,95,11.7,0.13
2024-02-12T00:00,Santacruz_AWS,19.1197,72.8468,0.0,0.0,1014.7,92,7.6,0.13
2024-02-12T01:00,Santacruz_AWS,19.1197,72.8468,0.0,0.0,1014.1,100,9.8,0.13
2024-02-12T02:00,Santacruz_AWS,19.1197,72.8468,0.0,0.0,1013.4,100,8.3,0.131
2024-02-12T03:00,Santacruz_AWS,19.1197,72.8468,0.0,0.0,1012.8,99,6.8,0.131
2024-02-12T04:00,Santacruz_AWS,19.1197,72.8468,0.0,0.0,1012.7,99,9.8,0.131
2024-02-12T05:00,Santacruz_AWS,19.1197,72.8468,0.0,0.0,1012.9,99,12.6,0.131
2024-02-12T06:00,Santacruz_AWS,19.1197,72.8468,0.0,0.0,1013.7,100,10.3,0.131
2024-02-12T07:00,Santacruz_AWS,19.1197,72.8468,0.0,0.0,1014.4,96,10.4,0.131
2024-02-12T08:00,Santacruz_AWS,19.1197,72.8468,0.0,0.0,1015.2,100,8.6,0.131
2024-02-12T09:00,Santacruz_AWS,19.1197,72.8468,0.0,0.0,1015.9,56,6.5,0.131
2024-02-12T10:00,Santacruz_AWS,19.1197,72.8468,0.0,0.0,1015.8,92,6.5,0.131
2024-02-12T11:00,Santacruz_AWS,19.1197,72.8468,0.0,0.0,1015.1,100,5.7,0.131
2024-02-12T12:00,Santacruz_AWS,19.1197,72.8468,0.0,0.0,1014.0,93,6.9,0.131
2024-02-12T13:00,Santacruz_AWS,19.1197,72.8468,0.0,0.0,1012.8,97,12.0,0.13
2024-02-12T14:00,Santacruz_AWS,19.1197,72.8468,0.0,0.0,1011.6,93,14.4,0.13
2024-02-12T15:00,Santacruz_AWS,19.1197,72.8468,0.0,0.0,1010.9,63,15.0,0.13
2024-02-12T16:00,Santacruz_AWS,19.1197,72.8468,0.0,0.0,1011.0,97,15.0,0.13
2024-02-12T17:00,Santacruz_AWS,19.1197,72.8468,0.0,0.0,1011.6,99,12.8,0.13
2024-02-12T18:00,Santacruz_AWS,19.1197,72.8468,0.0,0.0,1012.5,98,12.5,0.13
2024-02-12T19:00,Santacruz_AWS,19.1197,72.8468,0.0,0.0,1013.0,100,11.8,0.13
2024-02-12T20:00,Santacruz_AWS,19.1197,72.8468,0.0,0.0,1013.7,100,13.4,0.13
2024-02-12T21:00,Santacruz_AWS,19.1197,72.8468,0.0,0.0,1014.4,100,10.7,0.13
2024-02-12T22:00,Santacruz_AWS,19.1197,72.8468,0.0,0.0,1014.9,85,8.9,0.13
2024-02-12T23:00,Santacruz_AWS,19.1197,72.8468,0.0,0.0,1014.9,100,9.7,0.13
2024-02-13T00:00,Santacruz_AWS,19.1197,72.8468,0.0,0.0,1014.5,100,9.5,0.13
2024-02-13T01:00,Santacruz_AWS,19.1197,72.8468,0.0,0.0,1014.2,100,10.9,0.131
2024-02-13T02:00,Santacruz_AWS,19.1197,72.8468,0.0,0.0,1013.3,100,11.6,0.131
2024-02-13T03:00,Santacruz_AWS,19.1197,72.8468,0.0,0.0,1012.7,99,7.9,0.131
2024-02-13T04:00,Santacruz_AWS,19.1197,72.8468,0.0,0.0,1012.7,100,8.4,0.131
2024-02-13T05:00,Santacruz_AWS,19.1197,72.8468,0.0,0.0,1013.0,100,9.0,0.131
2024-02-13T06:00,Santacruz_AWS,19.1197,72.8468,0.0,0.0,1013.7,100,9.7,0.131
2024-02-13T07:00,Santacruz_AWS,19.1197,72.8468,0.0,0.0,1014.5,95,9.1,0.131
2024-02-13T08:00,Santacruz_AWS,19.1197,72.8468,0.0,0.0,1014.9,89,9.2,0.131
2024-02-13T09:00,Santacruz_AWS,19.1197,72.8468,0.0,0.0,1015.5,98,7.2,0.131
2024-02-13T10:00,Santacruz_AWS,19.1197,72.8468,0.0,0.0,1015.5,45,8.4,0.131
2024-02-13T11:00,Santacruz_AWS,19.1197,72.8468,0.0,0.0,1014.6,90,8.9,0.131
2024-02-13T12:00,Santacruz_AWS,19.1197,72.8468,0.0,0.0,1013.4,100,13.3,0.13
2024-02-13T13:00,Santacruz_AWS,19.1197,72.8468,0.0,0.0,1012.4,100,18.9,0.13
2024-02-13T14:00,Santacruz_AWS,19.1197,72.8468,0.0,0.0,1011.4,96,17.8,0.13
2024-02-13T15:00,Santacruz_AWS,19.1197,72.8468,0.0,0.0,1011.0,100,19.4,0.13
2024-02-13T16:00,Santacruz_AWS,19.1197,72.8468,0.0,0.0,1011.0,100,21.4,0.13
2024-02-13T17:00,Santacruz_AWS,19.1197,72.8468,0.0,0.0,1011.4,100,22.3,0.13
2024-02-13T18:00,Santacruz_AWS,19.1197,72.8468,0.0,0.0,1012.5,100,21.0,0.13
2024-02-13T19:00,Santacruz_AWS,19.1197,72.8468,0.0,0.0,1013.1,100,18.6,0.13
2024-02-13T20:00,Santacruz_AWS,19.1197,72.8468,0.0,0.0,1014.0,100,14.5,0.13
2024-02-13T21:00,Santacruz_AWS,19.1197,72.8468,0.0,0.0,1014.4,100,14.6,0.13
2024-02-13T22:00,Santacruz_AWS,19.1197,72.8468,0.0,0.0,1014.5,100,14.5,0.13
2024-02-13T23:00,Santacruz_AWS,19.1197,72.8468,0.0,0.0,1014.4,100,13.0,0.13
2024-02-14T00:00,Santacruz_AWS,19.1197,72.8468,0.0,0.0,1014.2,99,10.1,0.13
2024-02-14T01:00,Santacruz_AWS,19.1197,72.8468,0.0,0.0,1013.8,99,8.6,0.13
2024-02-14T02:00,Santacruz_AWS,19.1197,72.8468,0.0,0.0,1013.2,93,9.4,0.13
2024-02-14T03:00,Santacruz_AWS,19.1197,72.8468,0.0,0.0,1012.8,98,10.1,0.13
2024-02-14T04:00,Santacruz_AWS,19.1197,72.8468,0.0,0.0,1012.7,74,11.5,0.13
2024-02-14T05:00,Santacruz_AWS,19.1197,72.8468,0.0,0.0,1012.6,90,11.9,0.13
2024-02-14T06:00,Santacruz_AWS,19.1197,72.8468,0.0,0.0,1013.1,100,9.0,0.131
2024-02-14T07:00,Santacruz_AWS,19.1197,72.8468,0.0,0.0,1014.0,100,9.7,0.131
2024-02-14T08:00,Santacruz_AWS,19.1197,72.8468,0.0,0.0,1014.6,100,12.0,0.131
2024-02-14T09:00,Santacruz_AWS,19.1197,72.8468,0.0,0.0,1015.3,98,11.6,0.131
2024-02-14T10:00,Santacruz_AWS,19.1197,72.8468,0.0,0.0,1015.2,46,13.3,0.131
2024-02-14T11:00,Santacruz_AWS,19.1197,72.8468,0.0,0.0,1014.4,100,14.8,0.131
2024-02-14T12:00,Santacruz_AWS,19.1197,72.8468,0.0,0.0,1013.1,96,15.2,0.13
2024-02-14T13:00,Santacruz_AWS,19.1197,72.8468,0.0,0.0,1012.0,98,18.2,0.13
2024-02-14T14:00,Santacruz_AWS,19.1197,72.8468,0.0,0.0,1010.9,97,22.4,0.13
2024-02-14T15:00,Santacruz_AWS,19.1197,72.8468,0.0,0.0,1010.5,96,23.7,0.13
2024-02-14T16:00,Santacruz_AWS,19.1197,72.8468,0.0,0.0,1010.2,87,23.4,0.13
2024-02-14T17:00,Santacruz_AWS,19.1197,72.8468,0.0,0.0,1010.4,98,21.3,0.13
2024-02-14T18:00,Santacruz_AWS,19.1197,72.8468,0.0,0.0,1011.5,99,20.0,0.13
2024-02-14T19:00,Santacruz_AWS,19.1197,72.8468,0.0,0.0,1011.8,96,20.3,0.13
2024-02-14T20:00,Santacruz_AWS,19.1197,72.8468,0.0,0.0,1012.7,97,19.0,0.13
2024-02-14T21:00,Santacruz_AWS,19.1197,72.8468,0.0,0.0,1013.1,100,17.8,0.13
2024-02-14T22:00,Santacruz_AWS,19.1197,72.8468,0.0,0.0,1013.2,100,16.8,0.13
2024-02-14T23:00,Santacruz_AWS,19.1197,72.8468,0.0,0.0,1013.1,100,14.0,0.13
2024-02-15T00:00,Santacruz_AWS,19.1197,72.8468,0.0,0.0,1012.7,100,13.4,0.13
2024-02-15T01:00,Santacruz_AWS,19.1197,72.8468,0.0,0.0,1012.4,76,14.8,0.13
2024-02-15T02:00,Santacruz_AWS,19.1197,72.8468,0.0,0.0,1011.6,54,15.5,0.13
2024-02-15T03:00,Santacruz_AWS,19.1197,72.8468,0.0,0.0,1011.4,24,16.3,0.13
2024-02-15T04:00,Santacruz_AWS,19.1197,72.8468,0.0,0.0,1010.9,1,16.3,0.13
2024-02-15T05:00,Santacruz_AWS,19.1197,72.8468,0.0,0.0,1011.2,1,13.3,0.13
2024-02-15T06:00,Santacruz_AWS,19.1197,72.8468,0.0,0.0,1012.2,0,7.3,0.13
2024-02-15T07:00,Santacruz_AWS,19.1197,72.8468,0.0,0.0,1013.0,0,6.3,0.13
2024-02-15T08:00,Santacruz_AWS,19.1197,72.8468,0.0,0.0,1013.4,0,9.4,0.13
2024-02-15T09:00,Santacruz_AWS,19.1197,72.8468,0.0,0.0,1013.9,0,8.3,0.13
2024-02-15T10:00,Santacruz_AWS,19.1197,72.8468,0.0,0.0,1014.2,0,6.2,0.13
2024-02-15T11:00,Santacruz_AWS,19.1197,72.8468,0.0,0.0,1013.6,0,6.3,0.13
2024-02-15T12:00,Santacruz_AWS,19.1197,72.8468,0.0,0.0,1012.4,0,12.5,0.13
2024-02-15T13:00,Santacruz_AWS,19.1197,72.8468,0.0,0.0,1011.5,0,17.1,0.13
2024-02-15T14:00,Santacruz_AWS,19.1197,72.8468,0.0,0.0,1010.3,0,19.4,0.13
2024-02-15T15:00,Santacruz_AWS,19.1197,72.8468,0.0,0.0,1009.6,0,20.9,0.13
2024-02-15T16:00,Santacruz_AWS,19.1197,72.8468,0.0,0.0,1009.5,0,20.2,0.13
2024-02-15T17:00,Santacruz_AWS,19.1197,72.8468,0.0,0.0,1009.6,0,19.0,0.13
2024-02-15T18:00,Santacruz_AWS,19.1197,72.8468,0.0,0.0,1010.4,0,15.9,0.13
2024-02-15T19:00,Santacruz_AWS,19.1197,72.8468,0.0,0.0,1010.7,0,16.8,0.13
2024-02-15T20:00,Santacruz_AWS,19.1197,72.8468,0.0,0.0,1011.4,0,14.9,0.13
2024-02-15T21:00,Santacruz_AWS,19.1197,72.8468,0.0,0.0,1012.4,0,10.5,0.13
2024-02-15T22:00,Santacruz_AWS,19.1197,72.8468,0.0,0.0,1012.6,0,7.2,0.13
2024-02-15T23:00,Santacruz_AWS,19.1197,72.8468,0.0,0.0,1012.8,0,3.1,0.13
2024-02-16T00:00,Santacruz_AWS,19.1197,72.8468,0.0,0.0,1012.1,0,4.7,0.13
2024-02-16T01:00,Santacruz_AWS,19.1197,72.8468,0.0,0.0,1011.6,0,7.1,0.13
2024-02-16T02:00,Santacruz_AWS,19.1197,72.8468,0.0,0.0,1011.1,0,8.0,0.13
2024-02-16T03:00,Santacruz_AWS,19.1197,72.8468,0.0,0.0,1010.6,0,6.8,0.13
2024-02-16T04:00,Santacruz_AWS,19.1197,72.8468,0.0,0.0,1010.8,0,6.9,0.13
2024-02-16T05:00,Santacruz_AWS,19.1197,72.8468,0.0,0.0,1010.8,0,5.6,0.13
2024-02-16T06:00,Santacruz_AWS,19.1197,72.8468,0.0,0.0,1011.3,0,6.4,0.13
2024-02-16T07:00,Santacruz_AWS,19.1197,72.8468,0.0,0.0,1012.1,0,6.3,0.13
2024-02-16T08:00,Santacruz_AWS,19.1197,72.8468,0.0,0.0,1012.9,0,6.8,0.13
2024-02-16T09:00,Santacruz_AWS,19.1197,72.8468,0.0,0.0,1013.7,0,5.2,0.13
2024-02-16T10:00,Santacruz_AWS,19.1197,72.8468,0.0,0.0,1013.8,0,1.8,0.13
2024-02-16T11:00,Santacruz_AWS,19.1197,72.8468,0.0,0.0,1013.1,0,4.8,0.13
2024-02-16T12:00,Santacruz_AWS,19.1197,72.8468,0.0,0.0,1012.2,0,7.2,0.13
2024-02-16T13:00,Santacruz_AWS,19.1197,72.8468,0.0,0.0,1011.1,0,9.5,0.13
2024-02-16T14:00,Santacruz_AWS,19.1197,72.8468,0.0,0.0,1010.4,0,13.4,0.13
2024-02-16T15:00,Santacruz_AWS,19.1197,72.8468,0.0,0.0,1009.9,0,14.8,0.13
2024-02-16T16:00,Santacruz_AWS,19.1197,72.8468,0.0,0.0,1009.7,0,17.2,0.13
2024-02-16T17:00,Santacruz_AWS,19.1197,72.8468,0.0,0.0,1009.8,1,14.3,0.13
2024-02-16T18:00,Santacruz_AWS,19.1197,72.8468,0.0,0.0,1011.0,0,12.4,0.13
2024-02-16T19:00,Santacruz_AWS,19.1197,72.8468,0.0,0.0,1011.5,0,9.5,0.13
2024-02-16T20:00,Santacruz_AWS,19.1197,72.8468,0.0,0.0,1012.3,0,6.7,0.13
2024-02-16T21:00,Santacruz_AWS,19.1197,72.8468,0.0,0.0,1013.3,0,7.4,0.13
2024-02-16T22:00,Santacruz_AWS,19.1197,72.8468,0.0,0.0,1012.9,0,6.6,0.13
2024-02-16T23:00,Santacruz_AWS,19.1197,72.8468,0.0,0.0,1012.8,4,5.8,0.13
2024-02-17T00:00,Santacruz_AWS,19.1197,72.8468,0.0,0.0,1012.1,9,7.8,0.13
2024-02-17T01:00,Santacruz_AWS,19.1197,72.8468,0.0,0.0,1011.4,10,6.5,0.13
2024-02-17T02:00,Santacruz_AWS,19.1197,72.8468,0.0,0.0,1010.6,8,4.9,0.13
2024-02-17T03:00,Santacruz_AWS,19.1197,72.8468,0.0,0.0,1010.1,18,6.7,0.13
2024-02-17T04:00,Santacruz_AWS,19.1197,72.8468,0.0,0.0,1009.8,6,5.6,0.13
2024-02-17T05:00,Santacruz_AWS,19.1197,72.8468,0.0,0.0,1010.0,4,6.8,0.13
2024-02-17T06:00,Santacruz_AWS,19.1197,72.8468,0.0,0.0,1010.7,6,5.8,0.13
2024-02-17T07:00,Santacruz_AWS,19.1197,72.8468,0.0,0.0,1011.4,25,6.2,0.13
2024-02-17T08:00,Santacruz_AWS,19.1197,72.8468,0.0,0.0,1012.1,12,6.3,0.13
2024-02-17T09:00,Santacruz_AWS,19.1197,72.8468,0.0,0.0,1012.7,3,1.9,0.13
2024-02-17T10:00,Santacruz_AWS,19.1197,72.8468,0.0,0.0,1012.7,6,3.9,0.13
2024-02-17T11:00,Santacruz_AWS,19.1197,72.8468,0.0,0.0,1012.0,4,5.2,0.13
2024-02-17T12:00,Santacruz_AWS,19.1197,72.8468,0.0,0.0,1011.1,0,8.5,0.13
2024-02-17T13:00,Santacruz_AWS,19.1197,72.8468,0.0,0.0,1009.9,0,12.2,0.13
2024-02-17T14:00,Santacruz_AWS,19.1197,72.8468,0.0,0.0,1009.4,0,12.4,0.13
2024-02-17T15:00,Santacruz_AWS,19.1197,72.8468,0.0,0.0,1008.9,0,12.9,0.13
2024-02-17T16:00,Santacruz_AWS,19.1197,72.8468,0.0,0.0,1008.6,0,13.3,0.13
2024-02-17T17:00,Santacruz_AWS,19.1197,72.8468,0.0,0.0,1008.6,1,14.5,0.13
2024-02-17T18:00,Santacruz_AWS,19.1197,72.8468,0.0,0.0,1009.5,0,8.7,0.13
2024-02-17T19:00,Santacruz_AWS,19.1197,72.8468,0.0,0.0,1010.1,0,7.1,0.13
2024-02-17T20:00,Santacruz_AWS,19.1197,72.8468,0.0,0.0,1010.6,0,8.3,0.13
2024-02-17T21:00,Santacruz_AWS,19.1197,72.8468,0.0,0.0,1010.9,0,10.8,0.13
2024-02-17T22:00,Santacruz_AWS,19.1197,72.8468,0.0,0.0,1011.2,0,6.0,0.13
2024-02-17T23:00,Santacruz_AWS,19.1197,72.8468,0.0,0.0,1010.9,0,10.1,0.13
2024-02-18T00:00,Santacruz_AWS,19.1197,72.8468,0.0,0.0,1010.4,0,4.3,0.13
2024-02-18T01:00,Santacruz_AWS,19.1197,72.8468,0.0,0.0,1009.9,0,3.9,0.13
2024-02-18T02:00,Santacruz_AWS,19.1197,72.8468,0.0,0.0,1009.1,0,4.1,0.13
2024-02-18T03:00,Santacruz_AWS,19.1197,72.8468,0.0,0.0,1008.6,0,5.6,0.13
2024-02-18T04:00,Santacruz_AWS,19.1197,72.8468,0.0,0.0,1008.8,0,6.8,0.13
2024-02-18T05:00,Santacruz_AWS,19.1197,72.8468,0.0,0.0,1009.0,0,10.2,0.13
2024-02-18T06:00,Santacruz_AWS,19.1197,72.8468,0.0,0.0,1010.4,0,10.0,0.13
2024-02-18T07:00,Santacruz_AWS,19.1197,72.8468,0.0,0.0,1011.0,0,7.9,0.13
2024-02-18T08:00,Santacruz_AWS,19.1197,72.8468,0.0,0.0,1011.6,0,9.2,0.13
2024-02-18T09:00,Santacruz_AWS,19.1197,72.8468,0.0,0.0,1011.9,0,8.0,0.13
2024-02-18T10:00,Santacruz_AWS,19.1197,72.8468,0.0,0.0,1012.1,0,8.2,0.13
2024-02-18T11:00,Santacruz_AWS,19.1197,72.8468,0.0,0.0,1011.2,0,9.4,0.13
2024-02-18T12:00,Santacruz_AWS,19.1197,72.8468,0.0,0.0,1010.1,0,10.3,0.13
2024-02-18T13:00,Santacruz_AWS,19.1197,72.8468,0.0,0.0,1008.9,0,16.0,0.13
2024-02-18T14:00,Santacruz_AWS,19.1197,72.8468,0.0,0.0,1008.2,0,21.3,0.13
2024-02-18T15:00,Santacruz_AWS,19.1197,72.8468,0.0,0.0,1007.6,0,21.7,0.13
2024-02-18T16:00,Santacruz_AWS,19.1197,72.8468,0.0,0.0,1007.4,0,20.1,0.13
2024-02-18T17:00,Santacruz_AWS,19.1197,72.8468,0.0,0.0,1007.5,1,18.6,0.13
2024-02-18T18:00,Santacruz_AWS,19.1197,72.8468,0.0,0.0,1008.8,0,17.1,0.13
2024-02-18T19:00,Santacruz_AWS,19.1197,72.8468,0.0,0.0,1009.2,0,17.7,0.13
2024-02-18T20:00,Santacruz_AWS,19.1197,72.8468,0.0,0.0,1009.9,0,15.5,0.13
2024-02-18T21:00,Santacruz_AWS,19.1197,72.8468,0.0,0.0,1010.6,0,12.7,0.13
2024-02-18T22:00,Santacruz_AWS,19.1197,72.8468,0.0,0.0,1010.9,9,6.8,0.13
2024-02-18T23:00,Santacruz_AWS,19.1197,72.8468,0.0,0.0,1010.9,2,8.0,0.13
2024-02-19T00:00,Santacruz_AWS,19.1197,72.8468,0.0,0.0,1010.7,11,9.1,0.13
2024-02-19T01:00,Santacruz_AWS,19.1197,72.8468,0.0,0.0,1010.1,1,8.2,0.13
2024-02-19T02:00,Santacruz_AWS,19.1197,72.8468,0.0,0.0,1009.6,1,7.4,0.13
2024-02-19T03:00,Santacruz_AWS,19.1197,72.8468,0.0,0.0,1009.1,11,7.9,0.13
2024-02-19T04:00,Santacruz_AWS,19.1197,72.8468,0.0,0.0,1009.2,4,8.0,0.13
2024-02-19T05:00,Santacruz_AWS,19.1197,72.8468,0.0,0.0,1009.3,0,7.3,0.13
2024-02-19T06:00,Santacruz_AWS,19.1197,72.8468,0.0,0.0,1010.1,0,10.2,0.13
2024-02-19T07:00,Santacruz_AWS,19.1197,72.8468,0.0,0.0,1011.1,5,7.9,0.13
2024-02-19T08:00,Santacruz_AWS,19.1197,72.8468,0.0,0.0,1011.9,11,8.1,0.13
2024-02-19T09:00,Santacruz_AWS,19.1197,72.8468,0.0,0.0,1012.4,17,5.5,0.13
2024-02-19T10:00,Santacruz_AWS,19.1197,72.8468,0.0,0.0,1012.7,18,4.4,0.13
2024-02-19T11:00,Santacruz_AWS,19.1197,72.8468,0.0,0.0,1012.3,44,11.9,0.13
2024-02-19T12:00,Santacruz_AWS,19.1197,72.8468,0.0,0.0,1011.2,1,16.8,0.13
2024-02-19T13:00,Santacruz_AWS,19.1197,72.8468,0.0,0.0,1010.4,0,19.4,0.13
2024-02-19T14:00,Santacruz_AWS,19.1197,72.8468,0.0,0.0,1009.6,0,20.4,0.13
2024-02-19T15:00,Santacruz_AWS,19.1197,72.8468,0.0,0.0,1009.1,0,20.6,0.13
2024-02-19T16:00,Santacruz_AWS,19.1197,72.8468,0.0,0.0,1008.8,0,19.6,0.13
2024-02-19T17:00,Santacruz_AWS,19.1197,72.8468,0.0,0.0,1009.2,0,17.9,0.13
2024-02-19T18:00,Santacruz_AWS,19.1197,72.8468,0.0,0.0,1009.9,0,18.3,0.13
2024-02-19T19:00,Santacruz_AWS,19.1197,72.8468,0.0,0.0,1010.3,0,15.5,0.13
2024-02-19T20:00,Santacruz_AWS,19.1197,72.8468,0.0,0.0,1010.9,0,15.0,0.13
2024-02-19T21:00,Santacruz_AWS,19.1197,72.8468,0.0,0.0,1011.8,0,14.9,0.13
2024-02-19T22:00,Santacruz_AWS,19.1197,72.8468,0.0,0.0,1012.0,0,13.6,0.13
2024-02-19T23:00,Santacruz_AWS,19.1197,72.8468,0.0,0.0,1011.9,0,14.2,0.13
2024-02-20T00:00,Santacruz_AWS,19.1197,72.8468,0.0,0.0,1011.5,0,14.4,0.13
2024-02-20T01:00,Santacruz_AWS,19.1197,72.8468,0.0,0.0,1011.0,0,12.4,0.13
2024-02-20T02:00,Santacruz_AWS,19.1197,72.8468,0.0,0.0,1010.8,0,10.8,0.13
2024-02-20T03:00,Santacruz_AWS,19.1197,72.8468,0.0,0.0,1010.6,80,8.5,0.13
2024-02-20T04:00,Santacruz_AWS,19.1197,72.8468,0.0,0.0,1010.5,55,7.0,0.13
2024-02-20T05:00,Santacruz_AWS,19.1197,72.8468,0.0,0.0,1010.6,37,6.9,0.13
2024-02-20T06:00,Santacruz_AWS,19.1197,72.8468,0.0,0.0,1011.5,63,5.5,0.13
2024-02-20T07:00,Santacruz_AWS,19.1197,72.8468,0.0,0.0,1012.2,69,5.9,0.13
2024-02-20T08:00,Santacruz_AWS,19.1197,72.8468,0.0,0.0,1013.0,86,8.9,0.13
2024-02-20T09:00,Santacruz_AWS,19.1197,72.8468,0.0,0.0,1013.6,72,9.6,0.13
2024-02-20T10:00,Santacruz_AWS,19.1197,72.8468,0.0,0.0,1013.8,77,11.2,0.13
2024-02-20T11:00,Santacruz_AWS,19.1197,72.8468,0.0,0.0,1012.9,87,11.8,0.13
2024-02-20T12:00,Santacruz_AWS,19.1197,72.8468,0.0,0.0,1011.9,2,17.9,0.13
2024-02-20T13:00,Santacruz_AWS,19.1197,72.8468,0.0,0.0,1011.1,0,23.4,0.13
2024-02-20T14:00,Santacruz_AWS,19.1197,72.8468,0.0,0.0,1010.4,0,25.3,0.13
2024-02-20T15:00,Santacruz_AWS,19.1197,72.8468,0.0,0.0,1009.8,0,24.3,0.13
2024-02-20T16:00,Santacruz_AWS,19.1197,72.8468,0.0,0.0,1009.7,0,23.0,0.13
2024-02-20T17:00,Santacruz_AWS,19.1197,72.8468,0.0,0.0,1009.7,0,21.3,0.13
2024-02-20T18:00,Santacruz_AWS,19.1197,72.8468,0.0,0.0,1010.5,0,18.9,0.13
2024-02-20T19:00,Santacruz_AWS,19.1197,72.8468,0.0,0.0,1011.1,0,17.4,0.13
2024-02-20T20:00,Santacruz_AWS,19.1197,72.8468,0.0,0.0,1011.7,0,14.5,0.13
2024-02-20T21:00,Santacruz_AWS,19.1197,72.8468,0.0,0.0,1012.2,0,11.6,0.13
2024-02-20T22:00,Santacruz_AWS,19.1197,72.8468,0.0,0.0,1012.3,0,8.7,0.13
2024-02-20T23:00,Santacruz_AWS,19.1197,72.8468,0.0,0.0,1012.3,0,5.9,0.13
2024-02-21T00:00,Santacruz_AWS,19.1197,72.8468,0.0,0.0,1011.9,0,6.1,0.13
2024-02-21T01:00,Santacruz_AWS,19.1197,72.8468,0.0,0.0,1011.4,0,5.2,0.13
2024-02-21T02:00,Santacruz_AWS,19.1197,72.8468,0.0,0.0,1010.9,0,5.4,0.13
2024-02-21T03:00,Santacruz_AWS,19.1197,72.8468,0.0,0.0,1010.8,0,5.1,0.13
2024-02-21T04:00,Santacruz_AWS,19.1197,72.8468,0.0,0.0,1010.7,13,5.1,0.13
2024-02-21T05:00,Santacruz_AWS,19.1197,72.8468,0.0,0.0,1011.0,48,5.4,0.13
2024-02-21T06:00,Santacruz_AWS,19.1197,72.8468,0.0,0.0,1011.3,35,4.9,0.131
2024-02-21T07:00,Santacruz_AWS,19.1197,72.8468,0.0,0.0,1012.3,47,5.6,0.131
2024-02-21T08:00,Santacruz_AWS,19.1197,72.8468,0.0,0.0,1012.9,100,7.4,0.131
2024-02-21T09:00,Santacruz_AWS,19.1197,72.8468,0.1,0.1,1013.3,35,6.2,0.131
2024-02-21T10:00,Santacruz_AWS,19.1197,72.8468,0.0,0.0,1013.6,38,7.7,0.131
2024-02-21T11:00,Santacruz_AWS,19.1197,72.8468,0.0,0.0,1013.0,13,12.1,0.131
2024-02-21T12:00,Santacruz_AWS,19.1197,72.8468,0.0,0.0,1012.1,3,15.5,0.131
2024-02-21T13:00,Santacruz_AWS,19.1197,72.8468,0.0,0.0,1011.0,2,16.6,0.131
2024-02-21T14:00,Santacruz_AWS,19.1197,72.8468,0.0,0.0,1010.1,0,18.0,0.131
2024-02-21T15:00,Santacruz_AWS,19.1197,72.8468,0.0,0.0,1009.6,0,19.3,0.131
2024-02-21T16:00,Santacruz_AWS,19.1197,72.8468,0.0,0.0,1009.5,3,19.3,0.131
2024-02-21T17:00,Santacruz_AWS,19.1197,72.8468,0.0,0.0,1009.8,43,17.3,0.131
2024-02-21T18:00,Santacruz_AWS,19.1197,72.8468,0.0,0.0,1010.4,83,14.8,0.13
2024-02-21T19:00,Santacruz_AWS,19.1197,72.8468,0.0,0.0,1010.8,82,11.8,0.131
2024-02-21T20:00,Santacruz_AWS,19.1197,72.8468,0.0,0.0,1011.7,56,9.9,0.131
2024-02-21T21:00,Santacruz_AWS,19.1197,72.8468,0.0,0.0,1012.2,31,8.8,0.131
2024-02-21T22:00,Santacruz_AWS,19.1197,72.8468,0.0,0.0,1012.2,11,7.3,0.131
2024-02-21T23:00,Santacruz_AWS,19.1197,72.8468,0.0,0.0,1012.2,91,5.6,0.131
2024-02-22T00:00,Santacruz_AWS,19.1197,72.8468,0.0,0.0,1011.7,82,6.8,0.131
2024-02-22T01:00,Santacruz_AWS,19.1197,72.8468,0.0,0.0,1011.5,88,4.6,0.131
2024-02-22T02:00,Santacruz_AWS,19.1197,72.8468,0.0,0.0,1010.8,88,4.6,0.131
2024-02-22T03:00,Santacruz_AWS,19.1197,72.8468,0.0,0.0,1010.4,98,5.0,0.131
2024-02-22T04:00,Santacruz_AWS,19.1197,72.8468,0.0,0.0,1010.5,92,6.2,0.131
2024-02-22T05:00,Santacruz_AWS,19.1197,72.8468,0.0,0.0,1011.0,98,7.1,0.131
2024-02-22T06:00,Santacruz_AWS,19.1197,72.8468,0.0,0.0,1011.6,94,3.5,0.131
2024-02-22T07:00,Santacruz_AWS,19.1197,72.8468,0.0,0.0,1012.6,97,5.6,0.131
2024-02-22T08:00,Santacruz_AWS,19.1197,72.8468,0.1,0.1,1013.4,54,6.6,0.132
2024-02-22T09:00,Santacruz_AWS,19.1197,72.8468,0.1,0.1,1013.8,16,8.9,0.133
2024-02-22T10:00,Santacruz_AWS,19.1197,72.8468,0.0,0.0,1013.7,6,10.4,0.133
2024-02-22T11:00,Santacruz_AWS,19.1197,72.8468,0.0,0.0,1013.1,1,12.8,0.133
2024-02-22T12:00,Santacruz_AWS,19.1197,72.8468,0.0,0.0,1012.1,1,17.2,0.133
2024-02-22T13:00,Santacruz_AWS,19.1197,72.8468,0.0,0.0,1011.2,0,19.4,0.133
2024-02-22T14:00,Santacruz_AWS,19.1197,72.8468,0.0,0.0,1010.5,0,19.4,0.133
2024-02-22T15:00,Santacruz_AWS,19.1197,72.8468,0.0,0.0,1010.2,0,19.6,0.133
2024-02-22T16:00,Santacruz_AWS,19.1197,72.8468,0.0,0.0,1010.3,0,18.9,0.133
2024-02-22T17:00,Santacruz_AWS,19.1197,72.8468,0.0,0.0,1010.8,0,17.8,0.132
2024-02-22T18:00,Santacruz_AWS,19.1197,72.8468,0.0,0.0,1011.5,0,17.1,0.131
2024-02-22T19:00,Santacruz_AWS,19.1197,72.8468,0.0,0.0,1012.0,0,14.7,0.131
2024-02-22T20:00,Santacruz_AWS,19.1197,72.8468,0.0,0.0,1012.5,0,12.9,0.131
2024-02-22T21:00,Santacruz_AWS,19.1197,72.8468,0.0,0.0,1013.1,0,11.0,0.131
2024-02-22T22:00,Santacruz_AWS,19.1197,72.8468,0.0,0.0,1013.2,0,11.2,0.131
2024-02-22T23:00,Santacruz_AWS,19.1197,72.8468,0.0,0.0,1013.2,0,11.6,0.131
2024-02-23T00:00,Santacruz_AWS,19.1197,72.8468,0.0,0.0,1012.8,0,12.8,0.131
2024-02-23T01:00,Santacruz_AWS,19.1197,72.8468,0.0,0.0,1012.3,0,11.9,0.131
2024-02-23T02:00,Santacruz_AWS,19.1197,72.8468,0.0,0.0,1011.6,0,5.4,0.131
2024-02-23T03:00,Santacruz_AWS,19.1197,72.8468,0.0,0.0,1011.3,2,4.5,0.131
2024-02-23T04:00,Santacruz_AWS,19.1197,72.8468,0.0,0.0,1011.2,5,5.9,0.131
2024-02-23T05:00,Santacruz_AWS,19.1197,72.8468,0.0,0.0,1011.5,5,7.0,0.131
2024-02-23T06:00,Santacruz_AWS,19.1197,72.8468,0.0,0.0,1012.5,39,6.1,0.131
2024-02-23T07:00,Santacruz_AWS,19.1197,72.8468,0.0,0.0,1013.2,27,9.4,0.131
2024-02-23T08:00,Santacruz_AWS,19.1197,72.8468,0.0,0.0,1013.8,52,10.9,0.131
2024-02-23T09:00,Santacruz_AWS,19.1197,72.8468,0.0,0.0,1014.3,14,11.0,0.131
2024-02-23T10:00,Santacruz_AWS,19.1197,72.8468,0.0,0.0,1014.1,0,7.4,0.131
2024-02-23T11:00,Santacruz_AWS,19.1197,72.8468,0.0,0.0,1013.2,0,7.4,0.131
2024-02-23T12:00,Santacruz_AWS,19.1197,72.8468,0.0,0.0,1011.7,0,10.5,0.131
2024-02-23T13:00,Santacruz_AWS,19.1197,72.8468,0.0,0.0,1010.4,11,15.8,0.131
2024-02-23T14:00,Santacruz_AWS,19.1197,72.8468,0.0,0.0,1009.5,29,20.5,0.131
2024-02-23T15:00,Santacruz_AWS,19.1197,72.8468,0.0,0.0,1008.9,0,23.9,0.131
2024-02-23T16:00,Santacruz_AWS,19.1197,72.8468,0.0,0.0,1009.0,0,24.9,0.131
2024-02-23T17:00,Santacruz_AWS,19.1197,72.8468,0.0,0.0,1009.4,0,23.4,0.131
2024-02-23T18:00,Santacruz_AWS,19.1197,72.8468,0.0,0.0,1010.0,0,21.8,0.131
2024-02-23T19:00,Santacruz_AWS,19.1197,72.8468,0.0,0.0,1010.2,0,18.8,0.131
2024-02-23T20:00,Santacruz_AWS,19.1197,72.8468,0.0,0.0,1011.0,0,16.9,0.131
2024-02-23T21:00,Santacruz_AWS,19.1197,72.8468,0.0,0.0,1011.5,0,17.0,0.131
2024-02-23T22:00,Santacruz_AWS,19.1197,72.8468,0.0,0.0,1011.6,0,16.0,0.131
2024-02-23T23:00,Santacruz_AWS,19.1197,72.8468,0.0,0.0,1011.6,0,11.6,0.131
2024-02-24T00:00,Santacruz_AWS,19.1197,72.8468,0.0,0.0,1011.2,0,8.4,0.131
2024-02-24T01:00,Santacruz_AWS,19.1197,72.8468,0.0,0.0,1010.8,0,7.3,0.131
2024-02-24T02:00,Santacruz_AWS,19.1197,72.8468,0.0,0.0,1010.4,0,7.6,0.131
2024-02-24T03:00,Santacruz_AWS,19.1197,72.8468,0.0,0.0,1009.9,0,10.1,0.131
2024-02-24T04:00,Santacruz_AWS,19.1197,72.8468,0.0,0.0,1009.8,0,12.6,0.131
2024-02-24T05:00,Santacruz_AWS,19.1197,72.8468,0.0,0.0,1010.1,0,14.4,0.131
2024-02-24T06:00,Santacruz_AWS,19.1197,72.8468,0.0,0.0,1011.0,0,14.1,0.131
2024-02-24T07:00,Santacruz_AWS,19.1197,72.8468,0.0,0.0,1011.7,0,13.4,0.131
2024-02-24T08:00,Santacruz_AWS,19.1197,72.8468,0.0,0.0,1012.7,0,14.4,0.131
2024-02-24T09:00,Santacruz_AWS,19.1197,72.8468,0.0,0.0,1013.1,0,15.2,0.131
2024-02-24T10:00,Santacruz_AWS,19.1197,72.8468,0.0,0.0,1013.4,0,15.2,0.131
2024-02-24T11:00,Santacruz_AWS,19.1197,72.8468,0.0,0.0,1012.6,0,13.7,0.131
2024-02-24T12:00,Santacruz_AWS,19.1197,72.8468,0.0,0.0,1011.6,0,18.1,0.131
2024-02-24T13:00,Santacruz_AWS,19.1197,72.8468,0.0,0.0,1010.2,0,20.6,0.131
2024-02-24T14:00,Santacruz_AWS,19.1197,72.8468,0.0,0.0,1009.1,0,24.7,0.131
2024-02-24T15:00,Santacruz_AWS,19.1197,72.8468,0.0,0.0,1008.5,0,27.5,0.131
2024-02-24T16:00,Santacruz_AWS,19.1197,72.8468,0.0,0.0,1008.5,0,27.8,0.13
2024-02-24T17:00,Santacruz_AWS,19.1197,72.8468,0.0,0.0,1008.9,0,25.4,0.13
2024-02-24T18:00,Santacruz_AWS,19.1197,72.8468,0.0,0.0,1009.6,0,21.1,0.13
2024-02-24T19:00,Santacruz_AWS,19.1197,72.8468,0.0,0.0,1010.1,0,17.1,0.13
2024-02-24T20:00,Santacruz_AWS,19.1197,72.8468,0.0,0.0,1010.7,0,16.9,0.13
2024-02-24T21:00,Santacruz_AWS,19.1197,72.8468,0.0,0.0,1011.2,0,16.2,0.13
2024-02-24T22:00,Santacruz_AWS,19.1197,72.8468,0.0,0.0,1011.2,0,14.1,0.131
2024-02-24T23:00,Santacruz_AWS,19.1197,72.8468,0.0,0.0,1010.9,0,13.8,0.131
2024-02-25T00:00,Santacruz_AWS,19.1197,72.8468,0.0,0.0,1010.6,0,13.4,0.131
2024-02-25T01:00,Santacruz_AWS,19.1197,72.8468,0.0,0.0,1010.0,0,12.4,0.131
2024-02-25T02:00,Santacruz_AWS,19.1197,72.8468,0.0,0.0,1009.4,0,11.7,0.131
2024-02-25T03:00,Santacruz_AWS,19.1197,72.8468,0.0,0.0,1009.0,0,12.7,0.131
2024-02-25T04:00,Santacruz_AWS,19.1197,72.8468,0.0,0.0,1008.7,0,12.4,0.131
2024-02-25T05:00,Santacruz_AWS,19.1197,72.8468,0.0,0.0,1008.8,0,8.0,0.131
2024-02-25T06:00,Santacruz_AWS,19.1197,72.8468,0.0,0.0,1009.7,0,7.4,0.131
2024-02-25T07:00,Santacruz_AWS,19.1197,72.8468,0.0,0.0,1010.0,0,7.8,0.131
2024-02-25T08:00,Santacruz_AWS,19.1197,72.8468,0.0,0.0,1010.7,0,9.8,0.131
2024-02-25T09:00,Santacruz_AWS,19.1197,72.8468,0.0,0.0,1011.4,0,10.0,0.131
2024-02-25T10:00,Santacruz_AWS,19.1197,72.8468,0.0,0.0,1011.3,0,10.8,0.131
2024-02-25T11:00,Santacruz_AWS,19.1197,72.8468,0.0,0.0,1010.5,0,8.7,0.131
2024-02-25T12:00,Santacruz_AWS,19.1197,72.8468,0.0,0.0,1009.4,0,5.8,0.13
2024-02-25T13:00,Santacruz_AWS,19.1197,72.8468,0.0,0.0,1008.2,0,7.9,0.13
2024-02-25T14:00,Santacruz_AWS,19.1197,72.8468,0.0,0.0,1007.1,0,8.2,0.13
2024-02-25T15:00,Santacruz_AWS,19.1197,72.8468,0.0,0.0,1006.7,0,19.0,0.13
2024-02-25T16:00,Santacruz_AWS,19.1197,72.8468,0.0,0.0,1006.6,0,18.9,0.13
2024-02-25T17:00,Santacruz_AWS,19.1197,72.8468,0.0,0.0,1006.7,0,18.1,0.13
2024-02-25T18:00,Santacruz_AWS,19.1197,72.8468,0.0,0.0,1007.5,0,17.8,0.13
2024-02-25T19:00,Santacruz_AWS,19.1197,72.8468,0.0,0.0,1008.1,0,16.6,0.13
2024-02-25T20:00,Santacruz_AWS,19.1197,72.8468,0.0,0.0,1008.8,0,15.9,0.13
2024-02-25T21:00,Santacruz_AWS,19.1197,72.8468,0.0,0.0,1009.3,0,14.5,0.13
2024-02-25T22:00,Santacruz_AWS,19.1197,72.8468,0.0,0.0,1009.2,0,11.2,0.13
2024-02-25T23:00,Santacruz_AWS,19.1197,72.8468,0.0,0.0,1008.9,0,6.4,0.13
2024-02-26T00:00,Santacruz_AWS,19.1197,72.8468,0.0,0.0,1008.6,0,8.7,0.13
2024-02-26T01:00,Santacruz_AWS,19.1197,72.8468,0.0,0.0,1007.9,0,3.7,0.13
2024-02-26T02:00,Santacruz_AWS,19.1197,72.8468,0.0,0.0,1007.4,0,2.6,0.13
2024-02-26T03:00,Santacruz_AWS,19.1197,72.8468,0.0,0.0,1007.0,0,6.8,0.13
2024-02-26T04:00,Santacruz_AWS,19.1197,72.8468,0.0,0.0,1007.0,0,7.5,0.13
2024-02-26T05:00,Santacruz_AWS,19.1197,72.8468,0.0,0.0,1007.3,0,7.6,0.13
2024-02-26T06:00,Santacruz_AWS,19.1197,72.8468,0.0,0.0,1008.2,1,6.2,0.13
2024-02-26T07:00,Santacruz_AWS,19.1197,72.8468,0.0,0.0,1008.9,80,8.1,0.13
2024-02-26T08:00,Santacruz_AWS,19.1197,72.8468,0.0,0.0,1009.7,66,9.5,0.13
2024-02-26T09:00,Santacruz_AWS,19.1197,72.8468,0.0,0.0,1010.0,74,6.6,0.13
2024-02-26T10:00,Santacruz_AWS,19.1197,72.8468,0.0,0.0,1010.1,86,6.4,0.13
2024-02-26T11:00,Santacruz_AWS,19.1197,72.8468,0.0,0.0,1009.7,91,8.7,0.13
2024-02-26T12:00,Santacruz_AWS,19.1197,72.8468,0.0,0.0,1008.9,96,11.0,0.13
2024-02-26T13:00,Santacruz_AWS,19.1197,72.8468,0.0,0.0,1007.9,94,14.0,0.13
2024-02-26T14:00,Santacruz_AWS,19.1197,72.8468,0.0,0.0,1007.0,81,16.2,0.13
2024-02-26T15:00,Santacruz_AWS,19.1197,72.8468,0.0,0.0,1006.6,92,17.3,0.13
2024-02-26T16:00,Santacruz_AWS,19.1197,72.8468,0.0,0.0,1006.5,85,15.7,0.13
2024-02-26T17:00,Santacruz_AWS,19.1197,72.8468,0.0,0.0,1007.1,16,14.7,0.13
2024-02-26T18:00,Santacruz_AWS,19.1197,72.8468,0.0,0.0,1007.9,76,12.0,0.13
2024-02-26T19:00,Santacruz_AWS,19.1197,72.8468,0.0,0.0,1008.3,38,12.8,0.13
2024-02-26T20:00,Santacruz_AWS,19.1197,72.8468,0.0,0.0,1009.3,49,7.4,0.13
2024-02-26T21:00,Santacruz_AWS,19.1197,72.8468,0.0,0.0,1010.4,76,4.6,0.13
2024-02-26T22:00,Santacruz_AWS,19.1197,72.8468,0.0,0.0,1010.7,58,6.7,0.13
2024-02-26T23:00,Santacruz_AWS,19.1197,72.8468,0.0,0.0,1010.5,15,3.8,0.13
2024-02-27T00:00,Santacruz_AWS,19.1197,72.8468,0.0,0.0,1010.3,1,2.5,0.13
2024-02-27T01:00,Santacruz_AWS,19.1197,72.8468,0.0,0.0,1009.7,6,1.3,0.13
2024-02-27T02:00,Santacruz_AWS,19.1197,72.8468,0.0,0.0,1009.1,8,2.3,0.13
2024-02-27T03:00,Santacruz_AWS,19.1197,72.8468,0.0,0.0,1008.7,5,3.1,0.13
2024-02-27T04:00,Santacruz_AWS,19.1197,72.8468,0.0,0.0,1008.8,21,2.7,0.13
2024-02-27T05:00,Santacruz_AWS,19.1197,72.8468,0.0,0.0,1009.1,34,4.3,0.13
2024-02-27T06:00,Santacruz_AWS,19.1197,72.8468,0.0,0.0,1010.1,36,7.7,0.13
2024-02-27T07:00,Santacruz_AWS,19.1197,72.8468,0.0,0.0,1011.0,20,6.3,0.13
2024-02-27T08:00,Santacruz_AWS,19.1197,72.8468,0.0,0.0,1011.9,3,10.3,0.13
2024-02-27T09:00,Santacruz_AWS,19.1197,72.8468,0.0,0.0,1012.4,3,9.0,0.13
2024-02-27T10:00,Santacruz_AWS,19.1197,72.8468,0.0,0.0,1012.1,1,6.5,0.13
2024-02-27T11:00,Santacruz_AWS,19.1197,72.8468,0.0,0.0,1011.6,0,8.3,0.13
2024-02-27T12:00,Santacruz_AWS,19.1197,72.8468,0.0,0.0,1010.8,0,14.8,0.13
2024-02-27T13:00,Santacruz_AWS,19.1197,72.8468,0.0,0.0,1010.0,0,17.9,0.13
2024-02-27T14:00,Santacruz_AWS,19.1197,72.8468,0.0,0.0,1009.4,0,20.1,0.13
2024-02-27T15:00,Santacruz_AWS,19.1197,72.8468,0.0,0.0,1008.7,1,20.8,0.13
2024-02-27T16:00,Santacruz_AWS,19.1197,72.8468,0.0,0.0,1008.6,8,21.4,0.13
2024-02-27T17:00,Santacruz_AWS,19.1197,72.8468,0.0,0.0,1008.7,20,20.2,0.13
2024-02-27T18:00,Santacruz_AWS,19.1197,72.8468,0.0,0.0,1009.0,0,18.0,0.13
2024-02-27T19:00,Santacruz_AWS,19.1197,72.8468,0.0,0.0,1009.4,0,18.2,0.13
2024-02-27T20:00,Santacruz_AWS,19.1197,72.8468,0.0,0.0,1010.3,0,15.8,0.13
2024-02-27T21:00,Santacruz_AWS,19.1197,72.8468,0.0,0.0,1011.2,0,14.1,0.13
2024-02-27T22:00,Santacruz_AWS,19.1197,72.8468,0.0,0.0,1011.5,0,11.9,0.13
2024-02-27T23:00,Santacruz_AWS,19.1197,72.8468,0.0,0.0,1011.4,0,7.4,0.13
2024-02-28T00:00,Santacruz_AWS,19.1197,72.8468,0.0,0.0,1011.0,0,6.3,0.13
2024-02-28T01:00,Santacruz_AWS,19.1197,72.8468,0.0,0.0,1010.4,0,6.2,0.13
2024-02-28T02:00,Santacruz_AWS,19.1197,72.8468,0.0,0.0,1009.9,0,8.9,0.13
2024-02-28T03:00,Santacruz_AWS,19.1197,72.8468,0.0,0.0,1009.5,0,8.3,0.13
2024-02-28T04:00,Santacruz_AWS,19.1197,72.8468,0.0,0.0,1009.3,0,6.9,0.13
2024-02-28T05:00,Santacruz_AWS,19.1197,72.8468,0.0,0.0,1009.5,0,7.6,0.13
2024-02-28T06:00,Santacruz_AWS,19.1197,72.8468,0.0,0.0,1010.5,0,9.7,0.13
2024-02-28T07:00,Santacruz_AWS,19.1197,72.8468,0.0,0.0,1011.2,0,9.0,0.13
2024-02-28T08:00,Santacruz_AWS,19.1197,72.8468,0.0,0.0,1012.0,0,8.1,0.13
2024-02-28T09:00,Santacruz_AWS,19.1197,72.8468,0.0,0.0,1012.5,0,6.4,0.13
2024-02-28T10:00,Santacruz_AWS,19.1197,72.8468,0.0,0.0,1012.2,0,5.5,0.13
2024-02-28T11:00,Santacruz_AWS,19.1197,72.8468,0.0,0.0,1011.3,0,3.8,0.13
2024-02-28T12:00,Santacruz_AWS,19.1197,72.8468,0.0,0.0,1010.2,0,7.9,0.13
2024-02-28T13:00,Santacruz_AWS,19.1197,72.8468,0.0,0.0,1008.9,0,14.3,0.13
2024-02-28T14:00,Santacruz_AWS,19.1197,72.8468,0.0,0.0,1008.0,0,16.2,0.13
2024-02-28T15:00,Santacruz_AWS,19.1197,72.8468,0.0,0.0,1007.5,0,15.9,0.13
2024-02-28T16:00,Santacruz_AWS,19.1197,72.8468,0.0,0.0,1007.2,0,16.0,0.13
2024-02-28T17:00,Santacruz_AWS,19.1197,72.8468,0.0,0.0,1007.2,0,16.5,0.13
2024-02-28T18:00,Santacruz_AWS,19.1197,72.8468,0.0,0.0,1007.6,0,15.9,0.13
2024-02-28T19:00,Santacruz_AWS,19.1197,72.8468,0.0,0.0,1007.9,0,20.3,0.13
2024-02-28T20:00,Santacruz_AWS,19.1197,72.8468,0.0,0.0,1008.9,0,21.9,0.13
2024-02-28T21:00,Santacruz_AWS,19.1197,72.8468,0.0,0.0,1009.9,0,15.4,0.13
2024-02-28T22:00,Santacruz_AWS,19.1197,72.8468,0.0,0.0,1010.7,0,5.5,0.13
2024-02-28T23:00,Santacruz_AWS,19.1197,72.8468,0.0,0.0,1010.4,0,4.4,0.13
2024-02-29T00:00,Santacruz_AWS,19.1197,72.8468,0.0,0.0,1009.8,0,4.4,0.13
2024-02-29T01:00,Santacruz_AWS,19.1197,72.8468,0.0,0.0,1009.2,0,7.2,0.13
2024-02-29T02:00,Santacruz_AWS,19.1197,72.8468,0.0,0.0,1008.6,0,7.2,0.13
2024-02-29T03:00,Santacruz_AWS,19.1197,72.8468,0.0,0.0,1008.1,0,10.7,0.13
2024-02-29T04:00,Santacruz_AWS,19.1197,72.8468,0.0,0.0,1008.0,0,10.6,0.13
2024-02-29T05:00,Santacruz_AWS,19.1197,72.8468,0.0,0.0,1008.3,0,7.6,0.13
2024-02-29T06:00,Santacruz_AWS,19.1197,72.8468,0.0,0.0,1009.4,3,6.1,0.13
2024-02-29T07:00,Santacruz_AWS,19.1197,72.8468,0.0,0.0,1010.2,56,10.5,0.13
2024-02-29T08:00,Santacruz_AWS,19.1197,72.8468,0.0,0.0,1010.8,3,10.7,0.13
2024-02-29T09:00,Santacruz_AWS,19.1197,72.8468,0.0,0.0,1011.4,16,9.5,0.13
2024-02-29T10:00,Santacruz_AWS,19.1197,72.8468,0.0,0.0,1011.3,6,7.2,0.13
2024-02-29T11:00,Santacruz_AWS,19.1197,72.8468,0.0,0.0,1010.9,0,6.4,0.13
2024-02-29T12:00,Santacruz_AWS,19.1197,72.8468,0.0,0.0,1009.7,0,10.8,0.13
2024-02-29T13:00,Santacruz_AWS,19.1197,72.8468,0.0,0.0,1008.9,0,14.7,0.13
2024-02-29T14:00,Santacruz_AWS,19.1197,72.8468,0.0,0.0,1007.8,30,16.4,0.13
2024-02-29T15:00,Santacruz_AWS,19.1197,72.8468,0.0,0.0,1006.9,2,16.8,0.13
2024-02-29T16:00,Santacruz_AWS,19.1197,72.8468,0.0,0.0,1006.8,2,16.4,0.13
2024-02-29T17:00,Santacruz_AWS,19.1197,72.8468,0.0,0.0,1007.1,2,17.3,0.13
2024-02-29T18:00,Santacruz_AWS,19.1197,72.8468,0.0,0.0,1007.7,4,17.3,0.13
2024-02-29T19:00,Santacruz_AWS,19.1197,72.8468,0.0,0.0,1008.2,0,19.0,0.13
2024-02-29T20:00,Santacruz_AWS,19.1197,72.8468,0.0,0.0,1009.6,0,10.1,0.13
2024-02-29T21:00,Santacruz_AWS,19.1197,72.8468,0.0,0.0,1010.6,0,7.4,0.13
2024-02-29T22:00,Santacruz_AWS,19.1197,72.8468,0.0,0.0,1011.1,0,5.1,0.13
2024-02-29T23:00,Santacruz_AWS,19.1197,72.8468,0.0,0.0,1011.2,67,5.2,0.13
2024-03-01T00:00,Santacruz_AWS,19.1197,72.8468,0.0,0.0,1011.0,4,6.1,0.13
2024-03-01T01:00,Santacruz_AWS,19.1197,72.8468,0.0,0.0,1010.4,3,5.1,0.13
2024-03-01T02:00,Santacruz_AWS,19.1197,72.8468,0.0,0.0,1009.6,1,6.9,0.13
2024-03-01T03:00,Santacruz_AWS,19.1197,72.8468,0.0,0.0,1008.8,10,8.3,0.13
2024-03-01T04:00,Santacruz_AWS,19.1197,72.8468,0.0,0.0,1008.8,76,6.2,0.13
2024-03-01T05:00,Santacruz_AWS,19.1197,72.8468,0.0,0.0,1009.0,95,5.1,0.13
2024-03-01T06:00,Santacruz_AWS,19.1197,72.8468,0.0,0.0,1010.7,22,4.4,0.13
2024-03-01T07:00,Santacruz_AWS,19.1197,72.8468,0.0,0.0,1011.5,57,8.4,0.13
2024-03-01T08:00,Santacruz_AWS,19.1197,72.8468,0.0,0.0,1011.9,41,15.3,0.13
2024-03-01T09:00,Santacruz_AWS,19.1197,72.8468,0.0,0.0,1012.5,21,7.1,0.13
2024-03-01T10:00,Santacruz_AWS,19.1197,72.8468,0.0,0.0,1012.6,29,14.1,0.13
2024-03-01T11:00,Santacruz_AWS,19.1197,72.8468,0.0,0.0,1012.2,1,16.5,0.13
2024-03-01T12:00,Santacruz_AWS,19.1197,72.8468,0.0,0.0,1011.1,2,15.8,0.13
2024-03-01T13:00,Santacruz_AWS,19.1197,72.8468,0.0,0.0,1010.2,0,16.1,0.13
2024-03-01T14:00,Santacruz_AWS,19.1197,72.8468,0.0,0.0,1009.4,0,19.0,0.13
2024-03-01T15:00,Santacruz_AWS,19.1197,72.8468,0.0,0.0,1008.9,0,18.2,0.13
2024-03-01T16:00,Santacruz_AWS,19.1197,72.8468,0.0,0.0,1008.6,0,18.4,0.13
2024-03-01T17:00,Santacruz_AWS,19.1197,72.8468,0.0,0.0,1008.6,0,17.4,0.13
2024-03-01T18:00,Santacruz_AWS,19.1197,72.8468,0.0,0.0,1008.7,3,19.6,0.13
2024-03-01T19:00,Santacruz_AWS,19.1197,72.8468,0.0,0.0,1009.3,0,17.6,0.13
2024-03-01T20:00,Santacruz_AWS,19.1197,72.8468,0.0,0.0,1010.6,0,15.8,0.13
2024-03-01T21:00,Santacruz_AWS,19.1197,72.8468,0.0,0.0,1011.7,0,7.4,0.13
2024-03-01T22:00,Santacruz_AWS,19.1197,72.8468,0.0,0.0,1012.1,0,4.8,0.13
2024-03-01T23:00,Santacruz_AWS,19.1197,72.8468,0.0,0.0,1012.1,0,6.0,0.13
2024-03-02T00:00,Santacruz_AWS,19.1197,72.8468,0.0,0.0,1011.8,0,5.2,0.13
2024-03-02T01:00,Santacruz_AWS,19.1197,72.8468,0.0,0.0,1011.5,0,5.5,0.13
2024-03-02T02:00,Santacruz_AWS,19.1197,72.8468,0.0,0.0,1011.1,0,6.4,0.13
2024-03-02T03:00,Santacruz_AWS,19.1197,72.8468,0.0,0.0,1010.6,9,6.1,0.13
2024-03-02T04:00,Santacruz_AWS,19.1197,72.8468,0.0,0.0,1010.3,1,6.9,0.13
2024-03-02T05:00,Santacruz_AWS,19.1197,72.8468,0.0,0.0,1010.4,1,7.6,0.13
2024-03-02T06:00,Santacruz_AWS,19.1197,72.8468,0.0,0.0,1010.9,100,5.4,0.13
2024-03-02T07:00,Santacruz_AWS,19.1197,72.8468,0.0,0.0,1011.8,91,5.4,0.13
2024-03-02T08:00,Santacruz_AWS,19.1197,72.8468,0.0,0.0,1012.4,13,4.2,0.13
2024-03-02T09:00,Santacruz_AWS,19.1197,72.8468,0.0,0.0,1012.9,16,2.3,0.13
2024-03-02T10:00,Santacruz_AWS,19.1197,72.8468,0.0,0.0,1012.8,3,6.2,0.13
2024-03-02T11:00,Santacruz_AWS,19.1197,72.8468,0.0,0.0,1012.3,4,11.6,0.13
2024-03-02T12:00,Santacruz_AWS,19.1197,72.8468,0.0,0.0,1011.6,4,16.9,0.13
2024-03-02T13:00,Santacruz_AWS,19.1197,72.8468,0.0,0.0,1010.7,8,19.1,0.13
2024-03-02T14:00,Santacruz_AWS,19.1197,72.8468,0.0,0.0,1009.8,8,19.3,0.13
2024-03-02T15:00,Santacruz_AWS,19.1197,72.8468,0.0,0.0,1009.3,11,19.4,0.13
2024-03-02T16:00,Santacruz_AWS,19.1197,72.8468,0.0,0.0,1009.0,1,18.2,0.13
2024-03-02T17:00,Santacruz_AWS,19.1197,72.8468,0.0,0.0,1009.3,1,16.2,0.13
2024-03-02T18:00,Santacruz_AWS,19.1197,72.8468,0.0,0.0,1009.9,0,13.1,0.13
2024-03-02T19:00,Santacruz_AWS,19.1197,72.8468,0.0,0.0,1010.6,0,11.6,0.13
2024-03-02T20:00,Santacruz_AWS,19.1197,72.8468,0.0,0.0,1011.6,5,11.5,0.13
2024-03-02T21:00,Santacruz_AWS,19.1197,72.8468,0.0,0.0,1012.0,6,9.4,0.13
2024-03-02T22:00,Santacruz_AWS,19.1197,72.8468,0.0,0.0,1012.5,11,6.2,0.131
2024-03-02T23:00,Santacruz_AWS,19.1197,72.8468,0.0,0.0,1012.7,17,5.0,0.131
2024-03-03T00:00,Santacruz_AWS,19.1197,72.8468,0.0,0.0,1012.4,25,5.9,0.131
2024-03-03T01:00,Santacruz_AWS,19.1197,72.8468,0.0,0.0,1011.9,22,6.0,0.131
2024-03-03T02:00,Santacruz_AWS,19.1197,72.8468,0.1,0.1,1011.4,100,9.2,0.132
2024-03-03T03:00,Santacruz_AWS,19.1197,72.8468,0.1,0.1,1010.9,48,13.6,0.132
2024-03-03T04:00,Santacruz_AWS,19.1197,72.8468,0.0,0.0,1010.7,76,14.3,0.132
2024-03-03T05:00,Santacruz_AWS,19.1197,72.8468,0.0,0.0,1011.0,100,13.5,0.132
2024-03-03T06:00,Santacruz_AWS,19.1197,72.8468,0.0,0.0,1011.8,42,12.2,0.132
2024-03-03T07:00,Santacruz_AWS,19.1197,72.8468,0.0,0.0,1012.4,59,12.7,0.132
2024-03-03T08:00,Santacruz_AWS,19.1197,72.8468,0.0,0.0,1013.0,39,15.3,0.133
2024-03-03T09:00,Santacruz_AWS,19.1197,72.8468,0.0,0.0,1013.6,39,15.9,0.133
2024-03-03T10:00,Santacruz_AWS,19.1197,72.8468,0.0,0.0,1013.8,35,16.1,0.133
2024-03-03T11:00,Santacruz_AWS,19.1197,72.8468,0.0,0.0,1013.4,6,15.6,0.133
2024-03-03T12:00,Santacruz_AWS,19.1197,72.8468,0.0,0.0,1012.6,2,16.3,0.132
2024-03-03T13:00,Santacruz_AWS,19.1197,72.8468,0.0,0.0,1011.7,0,16.9,0.132
2024-03-03T14:00,Santacruz_AWS,19.1197,72.8468,0.0,0.0,1010.7,0,17.0,0.132
2024-03-03T15:00,Santacruz_AWS,19.1197,72.8468,0.0,0.0,1010.0,0,17.8,0.132
2024-03-03T16:00,Santacruz_AWS,19.1197,72.8468,0.0,0.0,1009.8,0,18.7,0.132
2024-03-03T17:00,Santacruz_AWS,19.1197,72.8468,0.0,0.0,1010.1,0,18.1,0.132
2024-03-03T18:00,Santacruz_AWS,19.1197,72.8468,0.0,0.0,1010.9,0,18.9,0.134
2024-03-03T19:00,Santacruz_AWS,19.1197,72.8468,0.0,0.0,1011.3,0,18.1,0.134
2024-03-03T20:00,Santacruz_AWS,19.1197,72.8468,0.0,0.0,1011.8,0,16.6,0.134
2024-03-03T21:00,Santacruz_AWS,19.1197,72.8468,0.0,0.0,1012.3,0,15.3,0.134
2024-03-03T22:00,Santacruz_AWS,19.1197,72.8468,0.0,0.0,1012.5,0,12.9,0.134
2024-03-03T23:00,Santacruz_AWS,19.1197,72.8468,0.0,0.0,1012.4,0,8.7,0.134
2024-03-04T00:00,Santacruz_AWS,19.1197,72.8468,0.0,0.0,1012.2,0,6.4,0.134
2024-03-04T01:00,Santacruz_AWS,19.1197,72.8468,0.0,0.0,1011.8,0,5.5,0.134
2024-03-04T02:00,Santacruz_AWS,19.1197,72.8468,0.0,0.0,1011.4,0,5.7,0.134
2024-03-04T03:00,Santacruz_AWS,19.1197,72.8468,0.0,0.0,1011.2,0,6.1,0.134
2024-03-04T04:00,Santacruz_AWS,19.1197,72.8468,0.0,0.0,1011.2,0,6.6,0.134
2024-03-04T05:00,Santacruz_AWS,19.1197,72.8468,0.0,0.0,1011.2,0,6.9,0.134
2024-03-04T06:00,Santacruz_AWS,19.1197,72.8468,0.0,0.0,1012.3,0,8.0,0.134
2024-03-04T07:00,Santacruz_AWS,19.1197,72.8468,0.0,0.0,1012.8,0,9.3,0.134
2024-03-04T08:00,Santacruz_AWS,19.1197,72.8468,0.0,0.0,1013.7,0,10.0,0.134
2024-03-04T09:00,Santacruz_AWS,19.1197,72.8468,0.0,0.0,1014.1,0,12.6,0.133
2024-03-04T10:00,Santacruz_AWS,19.1197,72.8468,0.0,0.0,1014.3,0,11.7,0.133
2024-03-04T11:00,Santacruz_AWS,19.1197,72.8468,0.0,0.0,1013.6,0,11.8,0.133
2024-03-04T12:00,Santacruz_AWS,19.1197,72.8468,0.0,0.0,1012.8,0,15.3,0.133
2024-03-04T13:00,Santacruz_AWS,19.1197,72.8468,0.0,0.0,1011.9,0,18.9,0.133
2024-03-04T14:00,Santacruz_AWS,19.1197,72.8468,0.0,0.0,1011.0,0,21.2,0.133
2024-03-04T15:00,Santacruz_AWS,19.1197,72.8468,0.0,0.0,1010.3,0,20.4,0.133
2024-03-04T16:00,Santacruz_AWS,19.1197,72.8468,0.0,0.0,1009.9,0,19.4,0.133
2024-03-04T17:00,Santacruz_AWS,19.1197,72.8468,0.0,0.0,1010.3,0,19.9,0.133
2024-03-04T18:00,Santacruz_AWS,19.1197,72.8468,0.0,0.0,1011.1,94,19.6,0.14
2024-03-04T19:00,Santacruz_AWS,19.1197,72.8468,0.0,0.0,1011.5,80,17.6,0.14
2024-03-04T20:00,Santacruz_AWS,19.1197,72.8468,0.0,0.0,1011.9,78,16.4,0.14
2024-03-04T21:00,Santacruz_AWS,19.1197,72.8468,0.0,0.0,1012.4,52,15.6,0.14
2024-03-04T22:00,Santacruz_AWS,19.1197,72.8468,0.0,0.0,1012.6,0,12.7,0.14
2024-03-04T23:00,Santacruz_AWS,19.1197,72.8468,0.0,0.0,1012.6,0,10.3,0.14
2024-03-05T00:00,Santacruz_AWS,19.1197,72.8468,0.0,0.0,1012.3,0,8.6,0.14
2024-03-05T01:00,Santacruz_AWS,19.1197,72.8468,0.0,0.0,1011.7,0,8.7,0.14
2024-03-05T02:00,Santacruz_AWS,19.1197,72.8468,0.0,0.0,1011.0,0,9.4,0.14
2024-03-05T03:00,Santacruz_AWS,19.1197,72.8468,0.0,0.0,1010.5,0,7.6,0.14
2024-03-05T04:00,Santacruz_AWS,19.1197,72.8468,0.0,0.0,1010.4,0,6.8,0.14
2024-03-05T05:00,Santacruz_AWS,19.1197,72.8468,0.0,0.0,1010.5,0,6.5,0.14
2024-03-05T06:00,Santacruz_AWS,19.1197,72.8468,0.0,0.0,1011.9,0,7.0,0.14
2024-03-05T07:00,Santacruz_AWS,19.1197,72.8468,0.0,0.0,1012.3,0,5.5,0.14
2024-03-05T08:00,Santacruz_AWS,19.1197,72.8468,0.0,0.0,1012.9,0,4.8,0.14
2024-03-05T09:00,Santacruz_AWS,19.1197,72.8468,0.0,0.0,1013.5,0,3.2,0.139
2024-03-05T10:00,Santacruz_AWS,19.1197,72.8468,0.0,0.0,1013.3,0,1.1,0.139
2024-03-05T11:00,Santacruz_AWS,19.1197,72.8468,0.0,0.0,1012.5,0,5.6,0.139
2024-03-05T12:00,Santacruz_AWS,19.1197,72.8468,0.0,0.0,1011.3,0,12.3,0.139
2024-03-05T13:00,Santacruz_AWS,19.1197,72.8468,0.0,0.0,1010.3,0,18.0,0.138
2024-03-05T14:00,Santacruz_AWS,19.1197,72.8468,0.0,0.0,1009.4,0,20.9,0.138
2024-03-05T15:00,Santacruz_AWS,19.1197,72.8468,0.0,0.0,1008.8,0,21.9,0.138
2024-03-05T16:00,Santacruz_AWS,19.1197,72.8468,0.0,0.0,1008.9,0,22.9,0.138
2024-03-05T17:00,Santacruz_AWS,19.1197,72.8468,0.0,0.0,1009.3,0,23.0,0.138
2024-03-05T18:00,Santacruz_AWS,19.1197,72.8468,0.0,0.0,1009.7,0,22.6,0.137
2024-03-05T19:00,Santacruz_AWS,19.1197,72.8468,0.0,0.0,1010.4,0,20.2,0.137
2024-03-05T20:00,Santacruz_AWS,19.1197,72.8468,0.0,0.0,1011.3,0,13.8,0.137
2024-03-05T21:00,Santacruz_AWS,19.1197,72.8468,0.0,0.0,1012.0,0,8.4,0.137
2024-03-05T22:00,Santacruz_AWS,19.1197,72.8468,0.0,0.0,1012.0,0,8.0,0.137
2024-03-05T23:00,Santacruz_AWS,19.1197,72.8468,0.0,0.0,1011.9,0,8.9,0.137
2024-03-06T00:00,Santacruz_AWS,19.1197,72.8468,0.0,0.0,1011.4,0,9.6,0.137
2024-03-06T01:00,Santacruz_AWS,19.1197,72.8468,0.0,0.0,1010.7,0,9.3,0.137
2024-03-06T02:00,Santacruz_AWS,19.1197,72.8468,0.0,0.0,1010.2,0,7.3,0.137
2024-03-06T03:00,Santacruz_AWS,19.1197,72.8468,0.0,0.0,1010.0,0,6.9,0.137
2024-03-06T04:00,Santacruz_AWS,19.1197,72.8468,0.0,0.0,1010.2,0,9.0,0.137
2024-03-06T05:00,Santacruz_AWS,19.1197,72.8468,0.0,0.0,1010.5,0,7.4,0.137
2024-03-06T06:00,Santacruz_AWS,19.1197,72.8468,0.0,0.0,1011.2,0,7.2,0.137
2024-03-06T07:00,Santacruz_AWS,19.1197,72.8468,0.0,0.0,1012.0,12,7.9,0.137
2024-03-06T08:00,Santacruz_AWS,19.1197,72.8468,0.0,0.0,1012.8,23,8.0,0.137
2024-03-06T09:00,Santacruz_AWS,19.1197,72.8468,0.0,0.0,1013.3,62,6.5,0.137
2024-03-06T10:00,Santacruz_AWS,19.1197,72.8468,0.0,0.0,1013.5,51,10.6,0.137
2024-03-06T11:00,Santacruz_AWS,19.1197,72.8468,0.0,0.0,1012.9,61,15.9,0.136
2024-03-06T12:00,Santacruz_AWS,19.1197,72.8468,0.0,0.0,1011.7,2,18.6,0.136
2024-03-06T13:00,Santacruz_AWS,19.1197,72.8468,0.0,0.0,1010.8,90,22.1,0.136
2024-03-06T14:00,Santacruz_AWS,19.1197,72.8468,0.0,0.0,1009.9,95,23.2,0.136
2024-03-06T15:00,Santacruz_AWS,19.1197,72.8468,0.0,0.0,1009.1,93,23.7,0.136
2024-03-06T16:00,Santacruz_AWS,19.1197,72.8468,0.0,0.0,1008.8,95,23.1,0.136
2024-03-06T17:00,Santacruz_AWS,19.1197,72.8468,0.0,0.0,1008.6,92,22.0,0.135
2024-03-06T18:00,Santacruz_AWS,19.1197,72.8468,0.0,0.0,1009.8,99,18.6,0.135
2024-03-06T19:00,Santacruz_AWS,19.1197,72.8468,0.0,0.0,1010.3,100,14.5,0.135
2024-03-06T20:00,Santacruz_AWS,19.1197,72.8468,0.0,0.0,1011.0,99,9.0,0.135
2024-03-06T21:00,Santacruz_AWS,19.1197,72.8468,0.0,0.0,1011.8,100,9.4,0.135
2024-03-06T22:00,Santacruz_AWS,19.1197,72.8468,0.0,0.0,1012.3,100,8.7,0.135
2024-03-06T23:00,Santacruz_AWS,19.1197,72.8468,0.0,0.0,1012.2,98,7.4,0.135
2024-03-07T00:00,Santacruz_AWS,19.1197,72.8468,0.0,0.0,1011.6,97,8.3,0.135
2024-03-07T01:00,Santacruz_AWS,19.1197,72.8468,0.0,0.0,1010.7,84,8.4,0.135
2024-03-07T02:00,Santacruz_AWS,19.1197,72.8468,0.0,0.0,1009.8,81,10.1,0.135
2024-03-07T03:00,Santacruz_AWS,19.1197,72.8468,0.0,0.0,1009.3,10,11.8,0.135
2024-03-07T04:00,Santacruz_AWS,19.1197,72.8468,0.0,0.0,1009.3,0,8.9,0.135
2024-03-07T05:00,Santacruz_AWS,19.1197,72.8468,0.0,0.0,1009.9,0,7.9,0.135
2024-03-07T06:00,Santacruz_AWS,19.1197,72.8468,0.0,0.0,1010.8,0,5.9,0.135
2024-03-07T07:00,Santacruz_AWS,19.1197,72.8468,0.0,0.0,1011.6,0,5.9,0.135
2024-03-07T08:00,Santacruz_AWS,19.1197,72.8468,0.0,0.0,1012.5,0,6.5,0.135
2024-03-07T09:00,Santacruz_AWS,19.1197,72.8468,0.0,0.0,1012.9,0,7.6,0.135
2024-03-07T10:00,Santacruz_AWS,19.1197,72.8468,0.0,0.0,1013.0,0,11.3,0.135
2024-03-07T11:00,Santacruz_AWS,19.1197,72.8468,0.0,0.0,1012.1,0,12.4,0.135
2024-03-07T12:00,Santacruz_AWS,19.1197,72.8468,0.0,0.0,1010.9,0,14.3,0.134
2024-03-07T13:00,Santacruz_AWS,19.1197,72.8468,0.0,0.0,1009.6,0,17.1,0.134
2024-03-07T14:00,Santacruz_AWS,19.1197,72.8468,0.0,0.0,1008.4,7,21.9,0.134
2024-03-07T15:00,Santacruz_AWS,19.1197,72.8468,0.0,0.0,1007.9,4,24.2,0.134
2024-03-07T16:00,Santacruz_AWS,19.1197,72.8468,0.0,0.0,1007.7,1,22.2,0.134
2024-03-07T17:00,Santacruz_AWS,19.1197,72.8468,0.0,0.0,1008.1,1,21.3,0.134
2024-03-07T18:00,Santacruz_AWS,19.1197,72.8468,0.0,0.0,1009.1,4,20.8,0.134
2024-03-07T19:00,Santacruz_AWS,19.1197,72.8468,0.0,0.0,1009.9,1,20.1,0.134
2024-03-07T20:00,Santacruz_AWS,19.1197,72.8468,0.0,0.0,1010.8,0,20.9,0.134
2024-03-07T21:00,Santacruz_AWS,19.1197,72.8468,0.0,0.0,1011.6,0,19.6,0.134
2024-03-07T22:00,Santacruz_AWS,19.1197,72.8468,0.0,0.0,1011.8,0,16.9,0.134
2024-03-07T23:00,Santacruz_AWS,19.1197,72.8468,0.0,0.0,1011.5,0,14.8,0.134
2024-03-08T00:00,Santacruz_AWS,19.1197,72.8468,0.0,0.0,1011.1,0,11.3,0.134
2024-03-08T01:00,Santacruz_AWS,19.1197,72.8468,0.0,0.0,1010.6,0,8.8,0.134
2024-03-08T02:00,Santacruz_AWS,19.1197,72.8468,0.0,0.0,1010.0,0,10.5,0.133
2024-03-08T03:00,Santacruz_AWS,19.1197,72.8468,0.0,0.0,1009.6,0,10.8,0.133
2024-03-08T04:00,Santacruz_AWS,19.1197,72.8468,0.0,0.0,1009.6,0,8.3,0.133
2024-03-08T05:00,Santacruz_AWS,19.1197,72.8468,0.0,0.0,1009.9,0,8.0,0.133
2024-03-08T06:00,Santacruz_AWS,19.1197,72.8468,0.0,0.0,1010.7,0,6.8,0.133
2024-03-08T07:00,Santacruz_AWS,19.1197,72.8468,0.0,0.0,1011.5,0,7.9,0.133
2024-03-08T08:00,Santacruz_AWS,19.1197,72.8468,0.0,0.0,1012.3,0,8.3,0.133
2024-03-08T09:00,Santacruz_AWS,19.1197,72.8468,0.0,0.0,1012.8,0,8.3,0.133
2024-03-08T10:00,Santacruz_AWS,19.1197,72.8468,0.0,0.0,1012.8,0,11.2,0.133
2024-03-08T11:00,Santacruz_AWS,19.1197,72.8468,0.0,0.0,1012.0,0,14.3,0.133
2024-03-08T12:00,Santacruz_AWS,19.1197,72.8468,0.0,0.0,1010.8,0,17.2,0.133
2024-03-08T13:00,Santacruz_AWS,19.1197,72.8468,0.0,0.0,1009.7,0,23.0,0.133
2024-03-08T14:00,Santacruz_AWS,19.1197,72.8468,0.0,0.0,1008.8,0,26.8,0.133
2024-03-08T15:00,Santacruz_AWS,19.1197,72.8468,0.0,0.0,1008.3,0,27.9,0.133
2024-03-08T16:00,Santacruz_AWS,19.1197,72.8468,0.0,0.0,1008.2,0,27.2,0.133
2024-03-08T17:00,Santacruz_AWS,19.1197,72.8468,0.0,0.0,1008.5,0,24.7,0.132
2024-03-08T18:00,Santacruz_AWS,19.1197,72.8468,0.0,0.0,1009.2,0,24.3,0.132
2024-03-08T19:00,Santacruz_AWS,19.1197,72.8468,0.0,0.0,1009.9,0,21.6,0.132
2024-03-08T20:00,Santacruz_AWS,19.1197,72.8468,0.0,0.0,1010.5,0,19.6,0.132
2024-03-08T21:00,Santacruz_AWS,19.1197,72.8468,0.0,0.0,1011.2,0,17.0,0.132
2024-03-08T22:00,Santacruz_AWS,19.1197,72.8468,0.0,0.0,1011.4,0,13.8,0.132
2024-03-08T23:00,Santacruz_AWS,19.1197,72.8468,0.0,0.0,1011.2,0,12.5,0.132
2024-03-09T00:00,Santacruz_AWS,19.1197,72.8468,0.0,0.0,1010.7,0,13.2,0.132
2024-03-09T01:00,Santacruz_AWS,19.1197,72.8468,0.0,0.0,1010.3,0,13.3,0.132
2024-03-09T02:00,Santacruz_AWS,19.1197,72.8468,0.0,0.0,1009.7,0,12.1,0.132
2024-03-09T03:00,Santacruz_AWS,19.1197,72.8468,0.0,0.0,1009.6,0,9.6,0.132
2024-03-09T04:00,Santacruz_AWS,19.1197,72.8468,0.0,0.0,1009.9,0,7.6,0.132
2024-03-09T05:00,Santacruz_AWS,19.1197,72.8468,0.0,0.0,1009.9,0,8.3,0.132
2024-03-09T06:00,Santacruz_AWS,19.1197,72.8468,0.0,0.0,1010.5,0,8.4,0.132
2024-03-09T07:00,Santacruz_AWS,19.1197,72.8468,0.0,0.0,1011.4,0,9.0,0.132
2024-03-09T08:00,Santacruz_AWS,19.1197,72.8468,0.0,0.0,1012.0,0,9.7,0.132
2024-03-09T09:00,Santacruz_AWS,19.1197,72.8468,0.0,0.0,1012.2,0,8.7,0.132
2024-03-09T10:00,Santacruz_AWS,19.1197,72.8468,0.0,0.0,1012.0,2,9.2,0.132
2024-03-09T11:00,Santacruz_AWS,19.1197,72.8468,0.0,0.0,1011.4,0,11.6,0.132
2024-03-09T12:00,Santacruz_AWS,19.1197,72.8468,0.0,0.0,1010.5,0,18.3,0.132
2024-03-09T13:00,Santacruz_AWS,19.1197,72.8468,0.0,0.0,1009.4,0,22.4,0.132
2024-03-09T14:00,Santacruz_AWS,19.1197,72.8468,0.0,0.0,1008.7,7,22.9,0.132
2024-03-09T15:00,Santacruz_AWS,19.1197,72.8468,0.0,0.0,1008.1,28,23.2,0.132
2024-03-09T16:00,Santacruz_AWS,19.1197,72.8468,0.0,0.0,1008.1,50,22.5,0.132
2024-03-09T17:00,Santacruz_AWS,19.1197,72.8468,0.0,0.0,1008.2,54,20.9,0.132
2024-03-09T18:00,Santacruz_AWS,19.1197,72.8468,0.0,0.0,1009.8,30,21.7,0.132
2024-03-09T19:00,Santacruz_AWS,19.1197,72.8468,0.0,0.0,1010.2,0,16.0,0.132
2024-03-09T20:00,Santacruz_AWS,19.1197,72.8468,0.0,0.0,1010.9,0,11.5,0.132
2024-03-09T21:00,Santacruz_AWS,19.1197,72.8468,0.0,0.0,1011.6,0,8.7,0.132
2024-03-09T22:00,Santacruz_AWS,19.1197,72.8468,0.0,0.0,1011.8,0,8.9,0.132
2024-03-09T23:00,Santacruz_AWS,19.1197,72.8468,0.0,0.0,1011.9,0,10.5,0.132
2024-03-10T00:00,Santacruz_AWS,19.1197,72.8468,0.0,0.0,1011.6,0,12.6,0.132
2024-03-10T01:00,Santacruz_AWS,19.1197,72.8468,0.0,0.0,1010.8,0,14.2,0.132
2024-03-10T02:00,Santacruz_AWS,19.1197,72.8468,0.0,0.0,1010.0,0,13.6,0.132
2024-03-10T03:00,Santacruz_AWS,19.1197,72.8468,0.0,0.0,1009.7,0,11.5,0.132
2024-03-10T04:00,Santacruz_AWS,19.1197,72.8468,0.0,0.0,1009.5,0,8.3,0.132
2024-03-10T05:00,Santacruz_AWS,19.1197,72.8468,0.0,0.0,1009.9,0,7.6,0.132
2024-03-10T06:00,Santacruz_AWS,19.1197,72.8468,0.0,0.0,1010.7,0,6.6,0.132
2024-03-10T07:00,Santacruz_AWS,19.1197,72.8468,0.0,0.0,1011.5,0,10.5,0.132
2024-03-10T08:00,Santacruz_AWS,19.1197,72.8468,0.0,0.0,1012.4,0,13.6,0.132
2024-03-10T09:00,Santacruz_AWS,19.1197,72.8468,0.0,0.0,1013.3,0,9.4,0.132
2024-03-10T10:00,Santacruz_AWS,19.1197,72.8468,0.0,0.0,1013.3,0,9.4,0.131
2024-03-10T11:00,Santacruz_AWS,19.1197,72.8468,0.0,0.0,1013.0,0,12.8,0.131
2024-03-10T12:00,Santacruz_AWS,19.1197,72.8468,0.0,0.0,1012.2,0,15.7,0.131
2024-03-10T13:00,Santacruz_AWS,19.1197,72.8468,0.0,0.0,1011.1,0,18.1,0.131
2024-03-10T14:00,Santacruz_AWS,19.1197,72.8468,0.0,0.0,1010.5,0,19.6,0.131
2024-03-10T15:00,Santacruz_AWS,19.1197,72.8468,0.0,0.0,1009.9,0,20.4,0.131
2024-03-10T16:00,Santacruz_AWS,19.1197,72.8468,0.0,0.0,1010.1,0,21.1,0.131
2024-03-10T17:00,Santacruz_AWS,19.1197,72.8468,0.0,0.0,1010.5,0,19.4,0.131
2024-03-10T18:00,Santacruz_AWS,19.1197,72.8468,0.0,0.0,1011.1,0,21.1,0.131
2024-03-10T19:00,Santacruz_AWS,19.1197,72.8468,0.0,0.0,1011.8,0,20.5,0.131
2024-03-10T20:00,Santacruz_AWS,19.1197,72.8468,0.0,0.0,1012.6,0,19.5,0.131
2024-03-10T21:00,Santacruz_AWS,19.1197,72.8468,0.0,0.0,1013.4,0,16.8,0.131
2024-03-10T22:00,Santacruz_AWS,19.1197,72.8468,0.0,0.0,1013.7,0,16.8,0.131
2024-03-10T23:00,Santacruz_AWS,19.1197,72.8468,0.0,0.0,1014.0,0,13.5,0.131
2024-03-11T00:00,Santacruz_AWS,19.1197,72.8468,0.0,0.0,1013.5,0,10.0,0.131
2024-03-11T01:00,Santacruz_AWS,19.1197,72.8468,0.0,0.0,1012.8,0,10.3,0.131
2024-03-11T02:00,Santacruz_AWS,19.1197,72.8468,0.0,0.0,1012.1,0,11.1,0.131
2024-03-11T03:00,Santacruz_AWS,19.1197,72.8468,0.0,0.0,1011.7,0,11.4,0.131
2024-03-11T04:00,Santacruz_AWS,19.1197,72.8468,0.0,0.0,1011.6,0,12.8,0.131
2024-03-11T05:00,Santacruz_AWS,19.1197,72.8468,0.0,0.0,1011.8,0,12.3,0.131
2024-03-11T06:00,Santacruz_AWS,19.1197,72.8468,0.0,0.0,1013.3,87,5.9,0.131
2024-03-11T07:00,Santacruz_AWS,19.1197,72.8468,0.0,0.0,1013.8,5,8.2,0.131
2024-03-11T08:00,Santacruz_AWS,19.1197,72.8468,0.0,0.0,1014.6,2,7.1,0.131
2024-03-11T09:00,Santacruz_AWS,19.1197,72.8468,0.0,0.0,1014.9,0,6.8,0.131
2024-03-11T10:00,Santacruz_AWS,19.1197,72.8468,0.0,0.0,1014.6,0,7.5,0.131
2024-03-11T11:00,Santacruz_AWS,19.1197,72.8468,0.0,0.0,1013.9,0,8.4,0.131
2024-03-11T12:00,Santacruz_AWS,19.1197,72.8468,0.0,0.0,1013.2,0,15.1,0.131
2024-03-11T13:00,Santacruz_AWS,19.1197,72.8468,0.0,0.0,1012.1,0,21.3,0.131
2024-03-11T14:00,Santacruz_AWS,19.1197,72.8468,0.0,0.0,1011.0,0,25.3,0.131
2024-03-11T15:00,Santacruz_AWS,19.1197,72.8468,0.0,0.0,1010.4,0,25.5,0.131
2024-03-11T16:00,Santacruz_AWS,19.1197,72.8468,0.0,0.0,1010.3,0,24.0,0.131
2024-03-11T17:00,Santacruz_AWS,19.1197,72.8468,0.0,0.0,1010.7,0,23.1,0.131
2024-03-11T18:00,Santacruz_AWS,19.1197,72.8468,0.0,0.0,1011.1,0,22.0,0.131
2024-03-11T19:00,Santacruz_AWS,19.1197,72.8468,0.0,0.0,1011.8,0,20.6,0.131
2024-03-11T20:00,Santacruz_AWS,19.1197,72.8468,0.0,0.0,1012.4,0,19.0,0.131
2024-03-11T21:00,Santacruz_AWS,19.1197,72.8468,0.0,0.0,1013.1,0,17.6,0.131
2024-03-11T22:00,Santacruz_AWS,19.1197,72.8468,0.0,0.0,1013.3,0,18.2,0.131
2024-03-11T23:00,Santacruz_AWS,19.1197,72.8468,0.0,0.0,1013.4,0,15.3,0.131
2024-03-12T00:00,Santacruz_AWS,19.1197,72.8468,0.0,0.0,1013.1,0,12.6,0.131
2024-03-12T01:00,Santacruz_AWS,19.1197,72.8468,0.0,0.0,1012.3,0,12.6,0.131
2024-03-12T02:00,Santacruz_AWS,19.1197,72.8468,0.0,0.0,1011.7,0,10.9,0.131
2024-03-12T03:00,Santacruz_AWS,19.1197,72.8468,0.0,0.0,1011.1,0,8.8,0.131
2024-03-12T04:00,Santacruz_AWS,19.1197,72.8468,0.0,0.0,1011.0,0,7.4,0.131
2024-03-12T05:00,Santacruz_AWS,19.1197,72.8468,0.0,0.0,1011.2,0,6.7,0.131
2024-03-12T06:00,Santacruz_AWS,19.1197,72.8468,0.0,0.0,1012.4,0,9.7,0.131
2024-03-12T07:00,Santacruz_AWS,19.1197,72.8468,0.0,0.0,1012.8,0,4.4,0.131
2024-03-12T08:00,Santacruz_AWS,19.1197,72.8468,0.0,0.0,1013.5,0,6.3,0.131
2024-03-12T09:00,Santacruz_AWS,19.1197,72.8468,0.0,0.0,1014.1,0,8.8,0.131
2024-03-12T10:00,Santacruz_AWS,19.1197,72.8468,0.0,0.0,1013.9,0,12.7,0.131
2024-03-12T11:00,Santacruz_AWS,19.1197,72.8468,0.0,0.0,1013.2,0,12.9,0.131
2024-03-12T12:00,Santacruz_AWS,19.1197,72.8468,0.0,0.0,1012.5,0,16.6,0.131
2024-03-12T13:00,Santacruz_AWS,19.1197,72.8468,0.0,0.0,1011.4,0,19.6,0.131
2024-03-12T14:00,Santacruz_AWS,19.1197,72.8468,0.0,0.0,1010.4,0,21.5,0.131
2024-03-12T15:00,Santacruz_AWS,19.1197,72.8468,0.0,0.0,1009.8,0,22.2,0.131
2024-03-12T16:00,Santacruz_AWS,19.1197,72.8468,0.0,0.0,1009.5,0,21.6,0.131
2024-03-12T17:00,Santacruz_AWS,19.1197,72.8468,0.0,0.0,1009.9,0,18.6,0.131
2024-03-12T18:00,Santacruz_AWS,19.1197,72.8468,0.0,0.0,1010.1,0,20.2,0.131
2024-03-12T19:00,Santacruz_AWS,19.1197,72.8468,0.0,0.0,1010.6,0,18.8,0.131
2024-03-12T20:00,Santacruz_AWS,19.1197,72.8468,0.0,0.0,1011.2,0,17.7,0.131
2024-03-12T21:00,Santacruz_AWS,19.1197,72.8468,0.0,0.0,1011.8,0,13.6,0.131
2024-03-12T22:00,Santacruz_AWS,19.1197,72.8468,0.0,0.0,1012.1,0,10.7,0.131
2024-03-12T23:00,Santacruz_AWS,19.1197,72.8468,0.0,0.0,1012.0,91,10.8,0.131
2024-03-13T00:00,Santacruz_AWS,19.1197,72.8468,0.0,0.0,1012.0,80,13.2,0.131
2024-03-13T01:00,Santacruz_AWS,19.1197,72.8468,0.0,0.0,1011.2,20,13.5,0.131
2024-03-13T02:00,Santacruz_AWS,19.1197,72.8468,0.0,0.0,1010.5,2,11.2,0.131
2024-03-13T03:00,Santacruz_AWS,19.1197,72.8468,0.0,0.0,1010.1,0,8.7,0.131
2024-03-13T04:00,Santacruz_AWS,19.1197,72.8468,0.0,0.0,1010.2,0,6.8,0.131
2024-03-13T05:00,Santacruz_AWS,19.1197,72.8468,0.0,0.0,1010.5,0,6.3,0.131
2024-03-13T06:00,Santacruz_AWS,19.1197,72.8468,0.0,0.0,1011.8,3,13.9,0.131
2024-03-13T07:00,Santacruz_AWS,19.1197,72.8468,0.0,0.0,1012.4,6,10.6,0.131
2024-03-13T08:00,Santacruz_AWS,19.1197,72.8468,0.0,0.0,1013.3,5,9.0,0.131
2024-03-13T09:00,Santacruz_AWS,19.1197,72.8468,0.0,0.0,1013.8,0,11.6,0.131
2024-03-13T10:00,Santacruz_AWS,19.1197,72.8468,0.0,0.0,1014.0,0,16.0,0.131
2024-03-13T11:00,Santacruz_AWS,19.1197,72.8468,0.0,0.0,1013.3,0,18.4,0.131
2024-03-13T12:00,Santacruz_AWS,19.1197,72.8468,0.0,0.0,1012.5,0,20.1,0.131
2024-03-13T13:00,Santacruz_AWS,19.1197,72.8468,0.0,0.0,1011.3,0,22.2,0.131
2024-03-13T14:00,Santacruz_AWS,19.1197,72.8468,0.0,0.0,1010.5,0,24.2,0.131
2024-03-13T15:00,Santacruz_AWS,19.1197,72.8468,0.0,0.0,1009.7,0,23.2,0.131
2024-03-13T16:00,Santacruz_AWS,19.1197,72.8468,0.0,0.0,1009.3,0,20.9,0.131
2024-03-13T17:00,Santacruz_AWS,19.1197,72.8468,0.0,0.0,1009.4,0,18.7,0.131
2024-03-13T18:00,Santacruz_AWS,19.1197,72.8468,0.0,0.0,1010.1,40,16.0,0.131
2024-03-13T19:00,Santacruz_AWS,19.1197,72.8468,0.0,0.0,1010.9,2,15.9,0.131
2024-03-13T20:00,Santacruz_AWS,19.1197,72.8468,0.0,0.0,1011.7,2,14.7,0.131
2024-03-13T21:00,Santacruz_AWS,19.1197,72.8468,0.0,0.0,1012.5,2,14.1,0.131
2024-03-13T22:00,Santacruz_AWS,19.1197,72.8468,0.0,0.0,1012.9,6,11.3,0.131
2024-03-13T23:00,Santacruz_AWS,19.1197,72.8468,0.0,0.0,1012.9,2,11.4,0.131
2024-03-14T00:00,Santacruz_AWS,19.1197,72.8468,0.0,0.0,1012.5,7,11.1,0.131
2024-03-14T01:00,Santacruz_AWS,19.1197,72.8468,0.0,0.0,1011.9,0,9.0,0.131
2024-03-14T02:00,Santacruz_AWS,19.1197,72.8468,0.0,0.0,1011.2,5,7.8,0.131
2024-03-14T03:00,Santacruz_AWS,19.1197,72.8468,0.0,0.0,1010.8,0,6.5,0.131
2024-03-14T04:00,Santacruz_AWS,19.1197,72.8468,0.0,0.0,1010.8,0,5.6,0.131
2024-03-14T05:00,Santacruz_AWS,19.1197,72.8468,0.0,0.0,1011.0,0,4.9,0.131
2024-03-14T06:00,Santacruz_AWS,19.1197,72.8468,0.0,0.0,1012.3,0,7.1,0.131
2024-03-14T07:00,Santacruz_AWS,19.1197,72.8468,0.0,0.0,1013.1,11,9.2,0.131
2024-03-14T08:00,Santacruz_AWS,19.1197,72.8468,0.0,0.0,1014.0,0,9.6,0.131
2024-03-14T09:00,Santacruz_AWS,19.1197,72.8468,0.0,0.0,1014.4,0,12.2,0.131
2024-03-14T10:00,Santacruz_AWS,19.1197,72.8468,0.0,0.0,1014.3,0,12.2,0.131
2024-03-14T11:00,Santacruz_AWS,19.1197,72.8468,0.0,0.0,1013.6,0,17.3,0.131
2024-03-14T12:00,Santacruz_AWS,19.1197,72.8468,0.0,0.0,1012.5,0,22.4,0.131
2024-03-14T13:00,Santacruz_AWS,19.1197,72.8468,0.0,0.0,1011.6,0,23.4,0.131
2024-03-14T14:00,Santacruz_AWS,19.1197,72.8468,0.0,0.0,1010.8,0,23.9,0.131
2024-03-14T15:00,Santacruz_AWS,19.1197,72.8468,0.0,0.0,1009.9,0,23.4,0.131
2024-03-14T16:00,Santacruz_AWS,19.1197,72.8468,0.0,0.0,1009.3,0,20.9,0.131
2024-03-14T17:00,Santacruz_AWS,19.1197,72.8468,0.0,0.0,1009.5,0,18.6,0.131
2024-03-14T18:00,Santacruz_AWS,19.1197,72.8468,0.0,0.0,1010.5,0,17.5,0.131
2024-03-14T19:00,Santacruz_AWS,19.1197,72.8468,0.0,0.0,1010.7,0,15.1,0.131
2024-03-14T20:00,Santacruz_AWS,19.1197,72.8468,0.0,0.0,1011.4,0,13.2,0.131
2024-03-14T21:00,Santacruz_AWS,19.1197,72.8468,0.0,0.0,1011.9,0,12.2,0.131
2024-03-14T22:00,Santacruz_AWS,19.1197,72.8468,0.0,0.0,1012.3,0,10.5,0.131
2024-03-14T23:00,Santacruz_AWS,19.1197,72.8468,0.0,0.0,1012.2,0,10.5,0.131
2024-03-15T00:00,Santacruz_AWS,19.1197,72.8468,0.0,0.0,1011.5,0,10.0,0.131
2024-03-15T01:00,Santacruz_AWS,19.1197,72.8468,0.0,0.0,1010.6,0,10.0,0.131
2024-03-15T02:00,Santacruz_AWS,19.1197,72.8468,0.0,0.0,1009.9,0,8.2,0.131
2024-03-15T03:00,Santacruz_AWS,19.1197,72.8468,0.0,0.0,1009.5,0,5.4,0.131
2024-03-15T04:00,Santacruz_AWS,19.1197,72.8468,0.0,0.0,1009.4,52,4.9,0.131
2024-03-15T05:00,Santacruz_AWS,19.1197,72.8468,0.0,0.0,1009.7,25,5.3,0.131
2024-03-15T06:00,Santacruz_AWS,19.1197,72.8468,0.0,0.0,1011.3,4,5.3,0.131
2024-03-15T07:00,Santacruz_AWS,19.1197,72.8468,0.0,0.0,1012.0,12,7.6,0.131
2024-03-15T08:00,Santacruz_AWS,19.1197,72.8468,0.0,0.0,1013.3,4,5.1,0.131
2024-03-15T09:00,Santacruz_AWS,19.1197,72.8468,0.0,0.0,1013.7,0,6.5,0.131
2024-03-15T10:00,Santacruz_AWS,19.1197,72.8468,0.0,0.0,1013.4,2,8.4,0.131
2024-03-15T11:00,Santacruz_AWS,19.1197,72.8468,0.0,0.0,1012.4,1,10.8,0.131
2024-03-15T12:00,Santacruz_AWS,19.1197,72.8468,0.0,0.0,1011.3,1,13.9,0.131
2024-03-15T13:00,Santacruz_AWS,19.1197,72.8468,0.0,0.0,1010.2,0,15.8,0.131
2024-03-15T14:00,Santacruz_AWS,19.1197,72.8468,0.0,0.0,1009.4,0,16.4,0.131
2024-03-15T15:00,Santacruz_AWS,19.1197,72.8468,0.0,0.0,1008.7,0,16.9,0.131
2024-03-15T16:00,Santacruz_AWS,19.1197,72.8468,0.0,0.0,1008.4,0,16.0,0.131
2024-03-15T17:00,Santacruz_AWS,19.1197,72.8468,0.0,0.0,1008.7,0,14.0,0.131
2024-03-15T18:00,Santacruz_AWS,19.1197,72.8468,0.0,0.0,1010.0,0,16.0,0.131
2024-03-15T19:00,Santacruz_AWS,19.1197,72.8468,0.0,0.0,1010.6,0,14.0,0.131
2024-03-15T20:00,Santacruz_AWS,19.1197,72.8468,0.0,0.0,1011.2,0,11.8,0.131
2024-03-15T21:00,Santacruz_AWS,19.1197,72.8468,0.0,0.0,1011.6,0,8.2,0.131
2024-03-15T22:00,Santacruz_AWS,19.1197,72.8468,0.0,0.0,1011.8,0,5.1,0.131
2024-03-15T23:00,Santacruz_AWS,19.1197,72.8468,0.0,0.0,1011.5,0,5.8,0.131
2024-03-16T00:00,Santacruz_AWS,19.1197,72.8468,0.0,0.0,1011.0,0,2.8,0.131
2024-03-16T01:00,Santacruz_AWS,19.1197,72.8468,0.0,0.0,1010.7,4,5.8,0.131
2024-03-16T02:00,Santacruz_AWS,19.1197,72.8468,0.0,0.0,1010.3,31,5.7,0.131
2024-03-16T03:00,Santacruz_AWS,19.1197,72.8468,0.0,0.0,1009.9,57,6.0,0.131
2024-03-16T04:00,Santacruz_AWS,19.1197,72.8468,0.0,0.0,1009.8,74,7.3,0.131
2024-03-16T05:00,Santacruz_AWS,19.1197,72.8468,0.0,0.0,1009.8,98,9.4,0.131
2024-03-16T06:00,Santacruz_AWS,19.1197,72.8468,0.0,0.0,1011.3,72,4.7,0.131
2024-03-16T07:00,Santacruz_AWS,19.1197,72.8468,0.0,0.0,1011.9,80,6.4,0.131
2024-03-16T08:00,Santacruz_AWS,19.1197,72.8468,0.0,0.0,1012.5,76,6.6,0.131
2024-03-16T09:00,Santacruz_AWS,19.1197,72.8468,0.0,0.0,1012.8,0,8.8,0.131
2024-03-16T10:00,Santacruz_AWS,19.1197,72.8468,0.0,0.0,1012.6,1,10.9,0.131
2024-03-16T11:00,Santacruz_AWS,19.1197,72.8468,0.0,0.0,1012.1,6,13.2,0.131
2024-03-16T12:00,Santacruz_AWS,19.1197,72.8468,0.0,0.0,1011.2,6,17.2,0.131
2024-03-16T13:00,Santacruz_AWS,19.1197,72.8468,0.0,0.0,1010.1,67,20.2,0.131
2024-03-16T14:00,Santacruz_AWS,19.1197,72.8468,0.0,0.0,1009.2,6,20.0,0.131
2024-03-16T15:00,Santacruz_AWS,19.1197,72.8468,0.0,0.0,1008.6,17,19.3,0.131
2024-03-16T16:00,Santacruz_AWS,19.1197,72.8468,0.0,0.0,1008.4,23,17.6,0.131
2024-03-16T17:00,Santacruz_AWS,19.1197,72.8468,0.0,0.0,1009.0,16,15.9,0.131
2024-03-16T18:00,Santacruz_AWS,19.1197,72.8468,0.0,0.0,1009.4,98,14.8,0.131
2024-03-16T19:00,Santacruz_AWS,19.1197,72.8468,0.0,0.0,1010.1,99,13.4,0.131
2024-03-16T20:00,Santacruz_AWS,19.1197,72.8468,0.0,0.0,1010.8,100,11.9,0.131
2024-03-16T21:00,Santacruz_AWS,19.1197,72.8468,0.0,0.0,1011.3,8,11.1,0.131
2024-03-16T22:00,Santacruz_AWS,19.1197,72.8468,0.0,0.0,1011.9,0,8.5,0.131
2024-03-16T23:00,Santacruz_AWS,19.1197,72.8468,0.0,0.0,1011.5,0,7.1,0.131
2024-03-17T00:00,Santacruz_AWS,19.1197,72.8468,0.0,0.0,1010.7,0,6.8,0.131
2024-03-17T01:00,Santacruz_AWS,19.1197,72.8468,0.0,0.0,1009.7,3,5.5,0.131
2024-03-17T02:00,Santacruz_AWS,19.1197,72.8468,0.0,0.0,1009.1,16,5.7,0.131
2024-03-17T03:00,Santacruz_AWS,19.1197,72.8468,0.0,0.0,1008.9,36,5.6,0.131
2024-03-17T04:00,Santacruz_AWS,19.1197,72.8468,0.0,0.0,1009.4,53,5.9,0.131
2024-03-17T05:00,Santacruz_AWS,19.1197,72.8468,0.0,0.0,1009.5,67,7.1,0.131
2024-03-17T06:00,Santacruz_AWS,19.1197,72.8468,0.0,0.0,1011.1,97,6.3,0.131
2024-03-17T07:00,Santacruz_AWS,19.1197,72.8468,0.0,0.0,1011.9,100,9.2,0.131
2024-03-17T08:00,Santacruz_AWS,19.1197,72.8468,0.0,0.0,1012.6,40,9.0,0.131
2024-03-17T09:00,Santacruz_AWS,19.1197,72.8468,0.0,0.0,1012.9,1,6.8,0.131
2024-03-17T10:00,Santacruz_AWS,19.1197,72.8468,0.0,0.0,1012.6,0,6.9,0.131
2024-03-17T11:00,Santacruz_AWS,19.1197,72.8468,0.0,0.0,1012.0,0,8.7,0.131
2024-03-17T12:00,Santacruz_AWS,19.1197,72.8468,0.0,0.0,1011.2,0,14.0,0.131
2024-03-17T13:00,Santacruz_AWS,19.1197,72.8468,0.0,0.0,1010.3,7,17.3,0.131
2024-03-17T14:00,Santacruz_AWS,19.1197,72.8468,0.0,0.0,1009.4,1,18.8,0.131
2024-03-17T15:00,Santacruz_AWS,19.1197,72.8468,0.0,0.0,1008.9,0,16.8,0.131
2024-03-17T16:00,Santacruz_AWS,19.1197,72.8468,0.0,0.0,1008.9,0,15.5,0.131
2024-03-17T17:00,Santacruz_AWS,19.1197,72.8468,0.0,0.0,1009.5,5,13.8,0.131
2024-03-17T18:00,Santacruz_AWS,19.1197,72.8468,0.0,0.0,1010.2,0,15.6,0.131
2024-03-17T19:00,Santacruz_AWS,19.1197,72.8468,0.0,0.0,1010.7,2,13.9,0.131
2024-03-17T20:00,Santacruz_AWS,19.1197,72.8468,0.0,0.0,1011.5,3,13.0,0.131
2024-03-17T21:00,Santacruz_AWS,19.1197,72.8468,0.0,0.0,1011.9,0,6.6,0.131
2024-03-17T22:00,Santacruz_AWS,19.1197,72.8468,0.0,0.0,1012.0,9,6.4,0.131
2024-03-17T23:00,Santacruz_AWS,19.1197,72.8468,0.0,0.0,1011.7,28,4.7,0.131
2024-03-18T00:00,Santacruz_AWS,19.1197,72.8468,0.0,0.0,1011.3,14,3.7,0.131
2024-03-18T01:00,Santacruz_AWS,19.1197,72.8468,0.0,0.0,1010.7,100,4.4,0.131
2024-03-18T02:00,Santacruz_AWS,19.1197,72.8468,0.0,0.0,1010.1,88,6.5,0.131
2024-03-18T03:00,Santacruz_AWS,19.1197,72.8468,0.0,0.0,1009.7,95,5.4,0.131
2024-03-18T04:00,Santacruz_AWS,19.1197,72.8468,0.0,0.0,1009.7,100,4.8,0.131
2024-03-18T05:00,Santacruz_AWS,19.1197,72.8468,0.0,0.0,1009.9,100,6.7,0.131
2024-03-18T06:00,Santacruz_AWS,19.1197,72.8468,0.0,0.0,1010.8,100,6.0,0.131
2024-03-18T07:00,Santacruz_AWS,19.1197,72.8468,0.0,0.0,1011.4,100,8.0,0.131
2024-03-18T08:00,Santacruz_AWS,19.1197,72.8468,0.0,0.0,1012.3,25,7.2,0.131
2024-03-18T09:00,Santacruz_AWS,19.1197,72.8468,0.0,0.0,1012.8,0,3.9,0.131
2024-03-18T10:00,Santacruz_AWS,19.1197,72.8468,0.0,0.0,1012.9,0,4.6,0.131
2024-03-18T11:00,Santacruz_AWS,19.1197,72.8468,0.0,0.0,1012.3,0,9.4,0.131
2024-03-18T12:00,Santacruz_AWS,19.1197,72.8468,0.0,0.0,1011.1,0,11.9,0.131
2024-03-18T13:00,Santacruz_AWS,19.1197,72.8468,0.0,0.0,1009.9,0,16.4,0.131
2024-03-18T14:00,Santacruz_AWS,19.1197,72.8468,0.0,0.0,1009.0,0,17.2,0.131
2024-03-18T15:00,Santacruz_AWS,19.1197,72.8468,0.0,0.0,1008.2,10,17.6,0.131
2024-03-18T16:00,Santacruz_AWS,19.1197,72.8468,0.0,0.0,1007.9,32,16.4,0.131
2024-03-18T17:00,Santacruz_AWS,19.1197,72.8468,0.0,0.0,1008.1,17,14.1,0.131
2024-03-18T18:00,Santacruz_AWS,19.1197,72.8468,0.0,0.0,1008.8,1,11.3,0.131
2024-03-18T19:00,Santacruz_AWS,19.1197,72.8468,0.0,0.0,1009.8,0,12.6,0.131
2024-03-18T20:00,Santacruz_AWS,19.1197,72.8468,0.0,0.0,1010.8,0,11.0,0.131
2024-03-18T21:00,Santacruz_AWS,19.1197,72.8468,0.0,0.0,1011.4,0,6.1,0.131
2024-03-18T22:00,Santacruz_AWS,19.1197,72.8468,0.0,0.0,1011.7,0,4.9,0.131
2024-03-18T23:00,Santacruz_AWS,19.1197,72.8468,0.0,0.0,1011.5,0,6.5,0.131
2024-03-19T00:00,Santacruz_AWS,19.1197,72.8468,0.0,0.0,1011.4,53,4.6,0.131
2024-03-19T01:00,Santacruz_AWS,19.1197,72.8468,0.0,0.0,1010.5,100,3.6,0.131
2024-03-19T02:00,Santacruz_AWS,19.1197,72.8468,0.0,0.0,1009.9,100,1.4,0.131
2024-03-19T03:00,Santacruz_AWS,19.1197,72.8468,0.0,0.0,1009.6,100,3.6,0.131
2024-03-19T04:00,Santacruz_AWS,19.1197,72.8468,0.0,0.0,1009.6,100,6.6,0.131
2024-03-19T05:00,Santacruz_AWS,19.1197,72.8468,0.0,0.0,1009.8,100,6.9,0.131
2024-03-19T06:00,Santacruz_AWS,19.1197,72.8468,0.0,0.0,1010.9,100,7.3,0.131
2024-03-19T07:00,Santacruz_AWS,19.1197,72.8468,0.0,0.0,1011.7,100,7.5,0.131
2024-03-19T08:00,Santacruz_AWS,19.1197,72.8468,0.0,0.0,1012.7,21,5.5,0.131
2024-03-19T09:00,Santacruz_AWS,19.1197,72.8468,0.0,0.0,1013.5,1,3.7,0.131
2024-03-19T10:00,Santacruz_AWS,19.1197,72.8468,0.0,0.0,1013.3,0,5.0,0.131
2024-03-19T11:00,Santacruz_AWS,19.1197,72.8468,0.0,0.0,1012.3,1,9.1,0.131
2024-03-19T12:00,Santacruz_AWS,19.1197,72.8468,0.0,0.0,1011.3,0,13.7,0.131
2024-03-19T13:00,Santacruz_AWS,19.1197,72.8468,0.0,0.0,1010.0,0,17.9,0.131
2024-03-19T14:00,Santacruz_AWS,19.1197,72.8468,0.0,0.0,1008.7,0,21.1,0.131
2024-03-19T15:00,Santacruz_AWS,19.1197,72.8468,0.0,0.0,1007.9,2,21.4,0.131
2024-03-19T16:00,Santacruz_AWS,19.1197,72.8468,0.0,0.0,1007.5,10,20.2,0.131
2024-03-19T17:00,Santacruz_AWS,19.1197,72.8468,0.0,0.0,1007.9,7,18.9,0.131
2024-03-19T18:00,Santacruz_AWS,19.1197,72.8468,0.0,0.0,1008.3,0,17.6,0.131
2024-03-19T19:00,Santacruz_AWS,19.1197,72.8468,0.0,0.0,1008.8,5,17.0,0.131
2024-03-19T20:00,Santacruz_AWS,19.1197,72.8468,0.0,0.0,1009.6,88,17.1,0.131
2024-03-19T21:00,Santacruz_AWS,19.1197,72.8468,0.0,0.0,1010.4,100,15.1,0.131
2024-03-19T22:00,Santacruz_AWS,19.1197,72.8468,0.0,0.0,1010.7,39,12.7,0.131
2024-03-19T23:00,Santacruz_AWS,19.1197,72.8468,0.0,0.0,1010.9,0,7.7,0.131
2024-03-20T00:00,Santacruz_AWS,19.1197,72.8468,0.0,0.0,1010.7,0,7.7,0.131
2024-03-20T01:00,Santacruz_AWS,19.1197,72.8468,0.0,0.0,1010.2,0,7.0,0.131
2024-03-20T02:00,Santacruz_AWS,19.1197,72.8468,0.0,0.0,1009.5,0,9.0,0.131
2024-03-20T03:00,Santacruz_AWS,19.1197,72.8468,0.0,0.0,1009.0,2,8.8,0.131
2024-03-20T04:00,Santacruz_AWS,19.1197,72.8468,0.0,0.0,1008.9,1,8.3,0.131
2024-03-20T05:00,Santacruz_AWS,19.1197,72.8468,0.0,0.0,1008.8,0,8.6,0.131
2024-03-20T06:00,Santacruz_AWS,19.1197,72.8468,0.0,0.0,1009.9,0,8.3,0.131
2024-03-20T07:00,Santacruz_AWS,19.1197,72.8468,0.0,0.0,1011.2,0,8.3,0.131
2024-03-20T08:00,Santacruz_AWS,19.1197,72.8468,0.0,0.0,1011.9,0,9.1,0.131
2024-03-20T09:00,Santacruz_AWS,19.1197,72.8468,0.0,0.0,1012.2,0,8.9,0.131
2024-03-20T10:00,Santacruz_AWS,19.1197,72.8468,0.0,0.0,1011.9,0,13.5,0.131
2024-03-20T11:00,Santacruz_AWS,19.1197,72.8468,0.0,0.0,1011.0,0,16.9,0.131
2024-03-20T12:00,Santacruz_AWS,19.1197,72.8468,0.0,0.0,1009.7,0,9.3,0.131
2024-03-20T13:00,Santacruz_AWS,19.1197,72.8468,0.0,0.0,1008.5,0,14.4,0.13
2024-03-20T14:00,Santacruz_AWS,19.1197,72.8468,0.0,0.0,1007.7,0,19.2,0.13
2024-03-20T15:00,Santacruz_AWS,19.1197,72.8468,0.0,0.0,1007.0,0,21.3,0.13
2024-03-20T16:00,Santacruz_AWS,19.1197,72.8468,0.0,0.0,1006.8,7,20.5,0.13
2024-03-20T17:00,Santacruz_AWS,19.1197,72.8468,0.0,0.0,1006.9,0,20.9,0.13
2024-03-20T18:00,Santacruz_AWS,19.1197,72.8468,0.0,0.0,1007.1,14,22.4,0.13
2024-03-20T19:00,Santacruz_AWS,19.1197,72.8468,0.0,0.0,1007.6,1,21.7,0.13
2024-03-20T20:00,Santacruz_AWS,19.1197,72.8468,0.0,0.0,1007.9,4,19.5,0.13
2024-03-20T21:00,Santacruz_AWS,19.1197,72.8468,0.0,0.0,1008.5,15,17.5,0.13
2024-03-20T22:00,Santacruz_AWS,19.1197,72.8468,0.0,0.0,1008.9,26,17.1,0.13
2024-03-20T23:00,Santacruz_AWS,19.1197,72.8468,0.0,0.0,1009.1,58,13.3,0.13
2024-03-21T00:00,Santacruz_AWS,19.1197,72.8468,0.0,0.0,1008.8,29,10.8,0.13
2024-03-21T01:00,Santacruz_AWS,19.1197,72.8468,0.0,0.0,1008.1,76,13.4,0.13
2024-03-21T02:00,Santacruz_AWS,19.1197,72.8468,0.0,0.0,1007.9,75,8.0,0.13
2024-03-21T03:00,Santacruz_AWS,19.1197,72.8468,0.0,0.0,1007.3,55,7.6,0.13
2024-03-21T04:00,Santacruz_AWS,19.1197,72.8468,0.0,0.0,1006.9,58,9.4,0.13
2024-03-21T05:00,Santacruz_AWS,19.1197,72.8468,0.0,0.0,1007.2,45,7.2,0.13
2024-03-21T06:00,Santacruz_AWS,19.1197,72.8468,0.0,0.0,1008.0,22,9.0,0.13
2024-03-21T07:00,Santacruz_AWS,19.1197,72.8468,0.0,0.0,1009.0,50,5.5,0.13
2024-03-21T08:00,Santacruz_AWS,19.1197,72.8468,0.0,0.0,1009.7,50,10.0,0.13
2024-03-21T09:00,Santacruz_AWS,19.1197,72.8468,0.0,0.0,1010.1,99,9.7,0.13
2024-03-21T10:00,Santacruz_AWS,19.1197,72.8468,0.0,0.0,1009.6,10,9.0,0.13
2024-03-21T11:00,Santacruz_AWS,19.1197,72.8468,0.0,0.0,1008.8,2,5.1,0.13
2024-03-21T12:00,Santacruz_AWS,19.1197,72.8468,0.0,0.0,1007.8,32,3.6,0.13
2024-03-21T13:00,Santacruz_AWS,19.1197,72.8468,0.0,0.0,1006.8,100,14.8,0.13
2024-03-21T14:00,Santacruz_AWS,19.1197,72.8468,0.0,0.0,1005.8,68,16.7,0.13
2024-03-21T15:00,Santacruz_AWS,19.1197,72.8468,0.0,0.0,1005.2,12,17.2,0.13
2024-03-21T16:00,Santacruz_AWS,19.1197,72.8468,0.0,0.0,1005.0,3,18.9,0.13
2024-03-21T17:00,Santacruz_AWS,19.1197,72.8468,0.0,0.0,1005.2,0,18.6,0.13
2024-03-21T18:00,Santacruz_AWS,19.1197,72.8468,0.0,0.0,1006.4,0,12.5,0.13
2024-03-21T19:00,Santacruz_AWS,19.1197,72.8468,0.0,0.0,1007.2,0,7.1,0.13
2024-03-21T20:00,Santacruz_AWS,19.1197,72.8468,0.0,0.0,1007.9,1,4.2,0.13
2024-03-21T21:00,Santacruz_AWS,19.1197,72.8468,0.0,0.0,1008.6,8,3.6,0.13
2024-03-21T22:00,Santacruz_AWS,19.1197,72.8468,0.0,0.0,1008.9,30,8.1,0.13
2024-03-21T23:00,Santacruz_AWS,19.1197,72.8468,0.0,0.0,1008.7,91,9.6,0.13
2024-03-22T00:00,Santacruz_AWS,19.1197,72.8468,0.0,0.0,1008.2,67,9.9,0.13
2024-03-22T01:00,Santacruz_AWS,19.1197,72.8468,0.0,0.0,1007.6,24,8.9,0.13
2024-03-22T02:00,Santacruz_AWS,19.1197,72.8468,0.0,0.0,1007.3,0,4.9,0.13
2024-03-22T03:00,Santacruz_AWS,19.1197,72.8468,0.0,0.0,1007.2,0,8.0,0.13
2024-03-22T04:00,Santacruz_AWS,19.1197,72.8468,0.0,0.0,1007.1,0,8.2,0.13
2024-03-22T05:00,Santacruz_AWS,19.1197,72.8468,0.0,0.0,1007.3,0,2.3,0.13
2024-03-22T06:00,Santacruz_AWS,19.1197,72.8468,0.0,0.0,1008.0,1,2.4,0.13
2024-03-22T07:00,Santacruz_AWS,19.1197,72.8468,0.0,0.0,1008.6,8,5.8,0.13
2024-03-22T08:00,Santacruz_AWS,19.1197,72.8468,0.0,0.0,1009.4,1,6.0,0.13
2024-03-22T09:00,Santacruz_AWS,19.1197,72.8468,0.0,0.0,1009.7,0,7.8,0.13
2024-03-22T10:00,Santacruz_AWS,19.1197,72.8468,0.0,0.0,1009.6,0,8.0,0.13
2024-03-22T11:00,Santacruz_AWS,19.1197,72.8468,0.0,0.0,1008.9,11,9.0,0.13
2024-03-22T12:00,Santacruz_AWS,19.1197,72.8468,0.0,0.0,1007.8,0,13.5,0.13
2024-03-22T13:00,Santacruz_AWS,19.1197,72.8468,0.0,0.0,1006.8,0,16.5,0.13
2024-03-22T14:00,Santacruz_AWS,19.1197,72.8468,0.0,0.0,1006.1,0,17.8,0.13
2024-03-22T15:00,Santacruz_AWS,19.1197,72.8468,0.0,0.0,1005.6,0,18.0,0.13
2024-03-22T16:00,Santacruz_AWS,19.1197,72.8468,0.0,0.0,1005.5,0,17.9,0.13
2024-03-22T17:00,Santacruz_AWS,19.1197,72.8468,0.0,0.0,1005.6,0,16.9,0.13
2024-03-22T18:00,Santacruz_AWS,19.1197,72.8468,0.0,0.0,1006.3,1,14.8,0.13
2024-03-22T19:00,Santacruz_AWS,19.1197,72.8468,0.0,0.0,1006.8,0,10.5,0.13
2024-03-22T20:00,Santacruz_AWS,19.1197,72.8468,0.0,0.0,1007.3,0,8.2,0.13
2024-03-22T21:00,Santacruz_AWS,19.1197,72.8468,0.0,0.0,1008.0,0,4.8,0.13
2024-03-22T22:00,Santacruz_AWS,19.1197,72.8468,0.0,0.0,1008.5,0,5.8,0.13
2024-03-22T23:00,Santacruz_AWS,19.1197,72.8468,0.0,0.0,1008.5,0,4.5,0.13
2024-03-23T00:00,Santacruz_AWS,19.1197,72.8468,0.0,0.0,1008.3,2,5.6,0.13
2024-03-23T01:00,Santacruz_AWS,19.1197,72.8468,0.0,0.0,1007.6,12,6.4,0.13
2024-03-23T02:00,Santacruz_AWS,19.1197,72.8468,0.0,0.0,1007.0,17,7.7,0.13
2024-03-23T03:00,Santacruz_AWS,19.1197,72.8468,0.0,0.0,1006.5,10,8.1,0.13
2024-03-23T04:00,Santacruz_AWS,19.1197,72.8468,0.0,0.0,1006.6,8,8.3,0.13
2024-03-23T05:00,Santacruz_AWS,19.1197,72.8468,0.0,0.0,1006.8,5,7.7,0.13
2024-03-23T06:00,Santacruz_AWS,19.1197,72.8468,0.0,0.0,1007.5,2,4.8,0.13
2024-03-23T07:00,Santacruz_AWS,19.1197,72.8468,0.0,0.0,1008.5,3,4.1,0.13
2024-03-23T08:00,Santacruz_AWS,19.1197,72.8468,0.0,0.0,1009.4,0,2.4,0.13
2024-03-23T09:00,Santacruz_AWS,19.1197,72.8468,0.0,0.0,1009.8,0,1.8,0.13
2024-03-23T10:00,Santacruz_AWS,19.1197,72.8468,0.0,0.0,1009.8,0,4.8,0.13
2024-03-23T11:00,Santacruz_AWS,19.1197,72.8468,0.0,0.0,1009.2,0,8.6,0.13
2024-03-23T12:00,Santacruz_AWS,19.1197,72.8468,0.0,0.0,1008.2,0,13.0,0.13
2024-03-23T13:00,Santacruz_AWS,19.1197,72.8468,0.0,0.0,1007.1,5,15.7,0.13
2024-03-23T14:00,Santacruz_AWS,19.1197,72.8468,0.0,0.0,1006.3,8,17.7,0.13
2024-03-23T15:00,Santacruz_AWS,19.1197,72.8468,0.0,0.0,1005.8,9,17.9,0.13
2024-03-23T16:00,Santacruz_AWS,19.1197,72.8468,0.0,0.0,1005.7,60,18.0,0.13
2024-03-23T17:00,Santacruz_AWS,19.1197,72.8468,0.0,0.0,1006.1,90,18.0,0.13
2024-03-23T18:00,Santacruz_AWS,19.1197,72.8468,0.0,0.0,1006.8,68,18.7,0.13
2024-03-23T19:00,Santacruz_AWS,19.1197,72.8468,0.0,0.0,1007.6,48,16.9,0.13
2024-03-23T20:00,Santacruz_AWS,19.1197,72.8468,0.0,0.0,1008.4,10,14.3,0.13
2024-03-23T21:00,Santacruz_AWS,19.1197,72.8468,0.0,0.0,1009.0,75,11.9,0.13
2024-03-23T22:00,Santacruz_AWS,19.1197,72.8468,0.0,0.0,1009.4,12,9.8,0.13
2024-03-23T23:00,Santacruz_AWS,19.1197,72.8468,0.0,0.0,1009.6,15,5.2,0.13
2024-03-24T00:00,Santacruz_AWS,19.1197,72.8468,0.0,0.0,1009.3,80,6.1,0.13
2024-03-24T01:00,Santacruz_AWS,19.1197,72.8468,0.0,0.0,1008.8,29,5.2,0.13
2024-03-24T02:00,Santacruz_AWS,19.1197,72.8468,0.0,0.0,1008.4,37,5.4,0.13
2024-03-24T03:00,Santacruz_AWS,19.1197,72.8468,0.0,0.0,1008.1,0,6.2,0.13
2024-03-24T04:00,Santacruz_AWS,19.1197,72.8468,0.0,0.0,1008.1,47,6.9,0.13
2024-03-24T05:00,Santacruz_AWS,19.1197,72.8468,0.0,0.0,1008.4,47,5.2,0.13
2024-03-24T06:00,Santacruz_AWS,19.1197,72.8468,0.0,0.0,1009.2,100,3.3,0.13
2024-03-24T07:00,Santacruz_AWS,19.1197,72.8468,0.0,0.0,1009.8,100,5.3,0.13
2024-03-24T08:00,Santacruz_AWS,19.1197,72.8468,0.0,0.0,1010.5,100,3.3,0.13
2024-03-24T09:00,Santacruz_AWS,19.1197,72.8468,0.0,0.0,1011.2,83,4.6,0.13
2024-03-24T10:00,Santacruz_AWS,19.1197,72.8468,0.0,0.0,1011.3,100,8.8,0.13
2024-03-24T11:00,Santacruz_AWS,19.1197,72.8468,0.0,0.0,1010.7,60,14.2,0.13
2024-03-24T12:00,Santacruz_AWS,19.1197,72.8468,0.0,0.0,1010.1,81,17.4,0.13
2024-03-24T13:00,Santacruz_AWS,19.1197,72.8468,0.0,0.0,1009.1,3,18.9,0.13
2024-03-24T14:00,Santacruz_AWS,19.1197,72.8468,0.0,0.0,1008.0,0,18.5,0.13
2024-03-24T15:00,Santacruz_AWS,19.1197,72.8468,0.0,0.0,1007.6,0,18.2,0.13
2024-03-24T16:00,Santacruz_AWS,19.1197,72.8468,0.0,0.0,1007.6,0,16.8,0.13
2024-03-24T17:00,Santacruz_AWS,19.1197,72.8468,0.0,0.0,1007.6,0,16.5,0.13
2024-03-24T18:00,Santacruz_AWS,19.1197,72.8468,0.0,0.0,1007.8,8,17.8,0.13
2024-03-24T19:00,Santacruz_AWS,19.1197,72.8468,0.0,0.0,1008.5,10,18.9,0.13
2024-03-24T20:00,Santacruz_AWS,19.1197,72.8468,0.0,0.0,1009.4,3,17.8,0.13
2024-03-24T21:00,Santacruz_AWS,19.1197,72.8468,0.0,0.0,1010.4,1,16.8,0.13
2024-03-24T22:00,Santacruz_AWS,19.1197,72.8468,0.0,0.0,1010.9,0,15.4,0.13
2024-03-24T23:00,Santacruz_AWS,19.1197,72.8468,0.0,0.0,1010.9,0,12.2,0.13
2024-03-25T00:00,Santacruz_AWS,19.1197,72.8468,0.0,0.0,1010.5,0,10.3,0.13
2024-03-25T01:00,Santacruz_AWS,19.1197,72.8468,0.0,0.0,1010.1,0,6.6,0.13
2024-03-25T02:00,Santacruz_AWS,19.1197,72.8468,0.0,0.0,1009.2,0,6.1,0.13
2024-03-25T03:00,Santacruz_AWS,19.1197,72.8468,0.0,0.0,1008.4,0,8.2,0.13
2024-03-25T04:00,Santacruz_AWS,19.1197,72.8468,0.0,0.0,1008.7,0,6.5,0.13
2024-03-25T05:00,Santacruz_AWS,19.1197,72.8468,0.0,0.0,1009.2,0,7.3,0.13
2024-03-25T06:00,Santacruz_AWS,19.1197,72.8468,0.0,0.0,1010.4,0,10.2,0.13
2024-03-25T07:00,Santacruz_AWS,19.1197,72.8468,0.0,0.0,1011.0,0,8.7,0.13
2024-03-25T08:00,Santacruz_AWS,19.1197,72.8468,0.0,0.0,1011.9,0,7.4,0.13
2024-03-25T09:00,Santacruz_AWS,19.1197,72.8468,0.0,0.0,1012.1,0,9.5,0.13
2024-03-25T10:00,Santacruz_AWS,19.1197,72.8468,0.0,0.0,1011.8,0,11.6,0.13
2024-03-25T11:00,Santacruz_AWS,19.1197,72.8468,0.0,0.0,1010.9,0,13.3,0.13
2024-03-25T12:00,Santacruz_AWS,19.1197,72.8468,0.0,0.0,1010.1,0,17.5,0.13
2024-03-25T13:00,Santacruz_AWS,19.1197,72.8468,0.0,0.0,1009.0,0,19.8,0.13
2024-03-25T14:00,Santacruz_AWS,19.1197,72.8468,0.0,0.0,1008.0,0,20.3,0.13
2024-03-25T15:00,Santacruz_AWS,19.1197,72.8468,0.0,0.0,1007.2,0,19.7,0.13
2024-03-25T16:00,Santacruz_AWS,19.1197,72.8468,0.0,0.0,1007.0,0,19.1,0.13
2024-03-25T17:00,Santacruz_AWS,19.1197,72.8468,0.0,0.0,1007.2,1,18.6,0.13
2024-03-25T18:00,Santacruz_AWS,19.1197,72.8468,0.0,0.0,1008.1,0,17.6,0.13
2024-03-25T19:00,Santacruz_AWS,19.1197,72.8468,0.0,0.0,1008.6,0,16.0,0.13
2024-03-25T20:00,Santacruz_AWS,19.1197,72.8468,0.0,0.0,1009.1,0,15.5,0.13
2024-03-25T21:00,Santacruz_AWS,19.1197,72.8468,0.0,0.0,1009.8,0,15.9,0.13
2024-03-25T22:00,Santacruz_AWS,19.1197,72.8468,0.0,0.0,1010.7,0,11.6,0.13
2024-03-25T23:00,Santacruz_AWS,19.1197,72.8468,0.0,0.0,1010.8,0,10.7,0.13
2024-03-26T00:00,Santacruz_AWS,19.1197,72.8468,0.0,0.0,1010.2,0,8.8,0.13
2024-03-26T01:00,Santacruz_AWS,19.1197,72.8468,0.0,0.0,1009.8,0,5.3,0.13
2024-03-26T02:00,Santacruz_AWS,19.1197,72.8468,0.0,0.0,1009.0,0,4.8,0.13
2024-03-26T03:00,Santacruz_AWS,19.1197,72.8468,0.0,0.0,1008.4,2,5.9,0.13
2024-03-26T04:00,Santacruz_AWS,19.1197,72.8468,0.0,0.0,1008.1,16,6.4,0.13
2024-03-26T05:00,Santacruz_AWS,19.1197,72.8468,0.0,0.0,1008.3,38,6.6,0.13
2024-03-26T06:00,Santacruz_AWS,19.1197,72.8468,0.0,0.0,1009.5,0,7.9,0.124
2024-03-26T07:00,Santacruz_AWS,19.1197,72.8468,0.0,0.0,1010.0,0,4.7,0.124
2024-03-26T08:00,Santacruz_AWS,19.1197,72.8468,0.0,0.0,1010.6,0,5.6,0.124
2024-03-26T09:00,Santacruz_AWS,19.1197,72.8468,0.0,0.0,1011.3,0,5.6,0.124
2024-03-26T10:00,Santacruz_AWS,19.1197,72.8468,0.0,0.0,1011.2,0,5.5,0.124
2024-03-26T11:00,Santacruz_AWS,19.1197,72.8468,0.0,0.0,1010.3,0,9.1,0.124
2024-03-26T12:00,Santacruz_AWS,19.1197,72.8468,0.0,0.0,1009.5,0,15.5,0.124
2024-03-26T13:00,Santacruz_AWS,19.1197,72.8468,0.0,0.0,1008.5,0,20.0,0.124
2024-03-26T14:00,Santacruz_AWS,19.1197,72.8468,0.0,0.0,1007.7,0,19.7,0.124
2024-03-26T15:00,Santacruz_AWS,19.1197,72.8468,0.0,0.0,1007.2,0,21.0,0.124
2024-03-26T16:00,Santacruz_AWS,19.1197,72.8468,0.0,0.0,1007.2,0,21.4,0.124
2024-03-26T17:00,Santacruz_AWS,19.1197,72.8468,0.0,0.0,1007.2,0,22.2,0.124
2024-03-26T18:00,Santacruz_AWS,19.1197,72.8468,0.0,0.0,1008.1,0,21.1,0.122
2024-03-26T19:00,Santacruz_AWS,19.1197,72.8468,0.0,0.0,1008.8,0,21.0,0.122
2024-03-26T20:00,Santacruz_AWS,19.1197,72.8468,0.0,0.0,1009.7,1,16.5,0.122
2024-03-26T21:00,Santacruz_AWS,19.1197,72.8468,0.0,0.0,1010.5,1,12.7,0.122
2024-03-26T22:00,Santacruz_AWS,19.1197,72.8468,0.0,0.0,1011.1,0,6.6,0.122
2024-03-26T23:00,Santacruz_AWS,19.1197,72.8468,0.0,0.0,1011.3,0,7.9,0.122
2024-03-27T00:00,Santacruz_AWS,19.1197,72.8468,0.0,0.0,1010.9,0,6.6,0.122
2024-03-27T01:00,Santacruz_AWS,19.1197,72.8468,0.0,0.0,1010.6,0,4.5,0.122
2024-03-27T02:00,Santacruz_AWS,19.1197,72.8468,0.0,0.0,1010.2,0,5.8,0.122
2024-03-27T03:00,Santacruz_AWS,19.1197,72.8468,0.0,0.0,1010.2,0,3.9,0.122
2024-03-27T04:00,Santacruz_AWS,19.1197,72.8468,0.0,0.0,1010.3,0,4.6,0.122
2024-03-27T05:00,Santacruz_AWS,19.1197,72.8468,0.0,0.0,1010.6,0,5.7,0.122
2024-03-27T06:00,Santacruz_AWS,19.1197,72.8468,0.0,0.0,1011.3,3,4.0,0.13
2024-03-27T07:00,Santacruz_AWS,19.1197,72.8468,0.0,0.0,1012.0,10,5.5,0.13
2024-03-27T08:00,Santacruz_AWS,19.1197,72.8468,0.0,0.0,1012.6,4,5.9,0.13
2024-03-27T09:00,Santacruz_AWS,19.1197,72.8468,0.0,0.0,1013.0,1,5.4,0.13
2024-03-27T10:00,Santacruz_AWS,19.1197,72.8468,0.0,0.0,1012.9,1,8.2,0.13
2024-03-27T11:00,Santacruz_AWS,19.1197,72.8468,0.0,0.0,1012.3,0,13.1,0.13
2024-03-27T12:00,Santacruz_AWS,19.1197,72.8468,0.0,0.0,1011.5,0,15.0,0.13
2024-03-27T13:00,Santacruz_AWS,19.1197,72.8468,0.0,0.0,1010.3,0,16.1,0.13
2024-03-27T14:00,Santacruz_AWS,19.1197,72.8468,0.0,0.0,1009.4,0,17.9,0.13
2024-03-27T15:00,Santacruz_AWS,19.1197,72.8468,0.0,0.0,1008.8,9,19.7,0.13
2024-03-27T16:00,Santacruz_AWS,19.1197,72.8468,0.0,0.0,1008.5,7,21.4,0.13
2024-03-27T17:00,Santacruz_AWS,19.1197,72.8468,0.0,0.0,1008.3,10,22.3,0.13
2024-03-27T18:00,Santacruz_AWS,19.1197,72.8468,0.0,0.0,1009.2,4,18.1,0.134
2024-03-27T19:00,Santacruz_AWS,19.1197,72.8468,0.0,0.0,1009.8,5,17.7,0.134
2024-03-27T20:00,Santacruz_AWS,19.1197,72.8468,0.0,0.0,1010.6,0,8.3,0.134
2024-03-27T21:00,Santacruz_AWS,19.1197,72.8468,0.0,0.0,1011.5,4,4.5,0.134
2024-03-27T22:00,Santacruz_AWS,19.1197,72.8468,0.0,0.0,1012.1,5,4.3,0.134
2024-03-27T23:00,Santacruz_AWS,19.1197,72.8468,0.0,0.0,1011.8,0,5.0,0.134
2024-03-28T00:00,Santacruz_AWS,19.1197,72.8468,0.0,0.0,1011.3,0,2.6,0.134
2024-03-28T01:00,Santacruz_AWS,19.1197,72.8468,0.0,0.0,1010.2,0,6.1,0.134
2024-03-28T02:00,Santacruz_AWS,19.1197,72.8468,0.0,0.0,1009.5,0,6.4,0.134
2024-03-28T03:00,Santacruz_AWS,19.1197,72.8468,0.0,0.0,1009.0,2,6.1,0.134
2024-03-28T04:00,Santacruz_AWS,19.1197,72.8468,0.0,0.0,1008.8,5,7.4,0.134
2024-03-28T05:00,Santacruz_AWS,19.1197,72.8468,0.0,0.0,1008.8,6,3.4,0.134
2024-03-28T06:00,Santacruz_AWS,19.1197,72.8468,0.0,0.0,1010.1,38,6.7,0.13
2024-03-28T07:00,Santacruz_AWS,19.1197,72.8468,0.0,0.0,1010.8,99,4.4,0.13
2024-03-28T08:00,Santacruz_AWS,19.1197,72.8468,0.0,0.0,1011.7,100,8.2,0.13
2024-03-28T09:00,Santacruz_AWS,19.1197,72.8468,0.0,0.0,1012.0,86,7.2,0.13
2024-03-28T10:00,Santacruz_AWS,19.1197,72.8468,0.0,0.0,1011.7,26,6.2,0.13
2024-03-28T11:00,Santacruz_AWS,19.1197,72.8468,0.0,0.0,1011.1,36,9.0,0.13
2024-03-28T12:00,Santacruz_AWS,19.1197,72.8468,0.0,0.0,1010.2,19,13.2,0.13
2024-03-28T13:00,Santacruz_AWS,19.1197,72.8468,0.0,0.0,1009.1,1,15.9,0.13
2024-03-28T14:00,Santacruz_AWS,19.1197,72.8468,0.0,0.0,1008.2,3,17.2,0.13
2024-03-28T15:00,Santacruz_AWS,19.1197,72.8468,0.0,0.0,1007.5,3,18.4,0.13
2024-03-28T16:00,Santacruz_AWS,19.1197,72.8468,0.0,0.0,1007.3,18,13.8,0.13
2024-03-28T17:00,Santacruz_AWS,19.1197,72.8468,0.0,0.0,1007.3,4,14.0,0.13
2024-03-28T18:00,Santacruz_AWS,19.1197,72.8468,0.0,0.0,1007.8,18,17.4,0.13
2024-03-28T19:00,Santacruz_AWS,19.1197,72.8468,0.0,0.0,1008.3,8,15.8,0.13
2024-03-28T20:00,Santacruz_AWS,19.1197,72.8468,0.0,0.0,1008.7,0,12.7,0.13
2024-03-28T21:00,Santacruz_AWS,19.1197,72.8468,0.0,0.0,1009.6,1,8.6,0.13
2024-03-28T22:00,Santacruz_AWS,19.1197,72.8468,0.0,0.0,1009.8,0,5.4,0.13
2024-03-28T23:00,Santacruz_AWS,19.1197,72.8468,0.0,0.0,1009.6,0,5.2,0.13
2024-03-29T00:00,Santacruz_AWS,19.1197,72.8468,0.0,0.0,1009.2,0,2.4,0.13
2024-03-29T01:00,Santacruz_AWS,19.1197,72.8468,0.0,0.0,1008.3,1,4.7,0.13
2024-03-29T02:00,Santacruz_AWS,19.1197,72.8468,0.0,0.0,1007.9,6,3.8,0.13
2024-03-29T03:00,Santacruz_AWS,19.1197,72.8468,0.0,0.0,1007.6,34,2.6,0.13
2024-03-29T04:00,Santacruz_AWS,19.1197,72.8468,0.0,0.0,1007.4,38,2.5,0.131
2024-03-29T05:00,Santacruz_AWS,19.1197,72.8468,0.0,0.0,1007.7,60,4.1,0.131
2024-03-29T06:00,Santacruz_AWS,19.1197,72.8468,0.0,0.0,1007.7,49,9.0,0.13
2024-03-29T07:00,Santacruz_AWS,19.1197,72.8468,0.0,0.0,1008.9,63,5.1,0.131
2024-03-29T08:00,Santacruz_AWS,19.1197,72.8468,0.0,0.0,1009.6,31,7.6,0.131
2024-03-29T09:00,Santacruz_AWS,19.1197,72.8468,0.0,0.0,1010.4,50,5.1,0.131
2024-03-29T10:00,Santacruz_AWS,19.1197,72.8468,0.0,0.0,1010.1,19,9.2,0.13
2024-03-29T11:00,Santacruz_AWS,19.1197,72.8468,0.0,0.0,1009.6,23,14.5,0.13
2024-03-29T12:00,Santacruz_AWS,19.1197,72.8468,0.0,0.0,1009.0,24,18.4,0.13
2024-03-29T13:00,Santacruz_AWS,19.1197,72.8468,0.0,0.0,1008.1,9,19.3,0.13
2024-03-29T14:00,Santacruz_AWS,19.1197,72.8468,0.0,0.0,1007.0,15,19.1,0.13
2024-03-29T15:00,Santacruz_AWS,19.1197,72.8468,0.0,0.0,1006.3,2,19.9,0.13
2024-03-29T16:00,Santacruz_AWS,19.1197,72.8468,0.0,0.0,1006.2,2,19.2,0.13
2024-03-29T17:00,Santacruz_AWS,19.1197,72.8468,0.0,0.0,1006.2,2,18.6,0.13
2024-03-29T18:00,Santacruz_AWS,19.1197,72.8468,0.0,0.0,1007.1,0,19.9,0.131
2024-03-29T19:00,Santacruz_AWS,19.1197,72.8468,0.0,0.0,1007.5,0,19.2,0.131
2024-03-29T20:00,Santacruz_AWS,19.1197,72.8468,0.0,0.0,1008.4,1,17.6,0.131
2024-03-29T21:00,Santacruz_AWS,19.1197,72.8468,0.0,0.0,1009.1,0,14.2,0.131
2024-03-29T22:00,Santacruz_AWS,19.1197,72.8468,0.0,0.0,1010.3,0,4.7,0.131
2024-03-29T23:00,Santacruz_AWS,19.1197,72.8468,0.0,0.0,1010.4,0,7.2,0.131
2024-03-30T00:00,Santacruz_AWS,19.1197,72.8468,0.0,0.0,1009.9,0,7.3,0.131
2024-03-30T01:00,Santacruz_AWS,19.1197,72.8468,0.0,0.0,1009.4,7,6.6,0.131
2024-03-30T02:00,Santacruz_AWS,19.1197,72.8468,0.0,0.0,1008.8,10,6.1,0.131
2024-03-30T03:00,Santacruz_AWS,19.1197,72.8468,0.0,0.0,1008.3,0,6.3,0.131
2024-03-30T04:00,Santacruz_AWS,19.1197,72.8468,0.0,0.0,1008.1,2,7.2,0.131
2024-03-30T05:00,Santacruz_AWS,19.1197,72.8468,0.0,0.0,1008.8,18,8.3,0.131
2024-03-30T06:00,Santacruz_AWS,19.1197,72.8468,0.0,0.0,1009.8,83,9.2,0.131
2024-03-30T07:00,Santacruz_AWS,19.1197,72.8468,0.0,0.0,1010.6,16,9.6,0.131
2024-03-30T08:00,Santacruz_AWS,19.1197,72.8468,0.0,0.0,1011.6,23,8.2,0.131
2024-03-30T09:00,Santacruz_AWS,19.1197,72.8468,0.0,0.0,1011.9,25,12.6,0.131
2024-03-30T10:00,Santacruz_AWS,19.1197,72.8468,0.0,0.0,1011.9,28,12.2,0.131
2024-03-30T11:00,Santacruz_AWS,19.1197,72.8468,0.0,0.0,1011.3,64,13.9,0.131
2024-03-30T12:00,Santacruz_AWS,19.1197,72.8468,0.0,0.0,1010.4,90,16.3,0.131
2024-03-30T13:00,Santacruz_AWS,19.1197,72.8468,0.0,0.0,1009.4,42,21.3,0.131
2024-03-30T14:00,Santacruz_AWS,19.1197,72.8468,0.0,0.0,1008.6,38,23.7,0.131
2024-03-30T15:00,Santacruz_AWS,19.1197,72.8468,0.0,0.0,1007.7,10,24.0,0.131
2024-03-30T16:00,Santacruz_AWS,19.1197,72.8468,0.0,0.0,1007.6,2,22.7,0.131
2024-03-30T17:00,Santacruz_AWS,19.1197,72.8468,0.0,0.0,1007.9,0,21.4,0.131
2024-03-30T18:00,Santacruz_AWS,19.1197,72.8468,0.0,0.0,1008.7,13,22.2,0.131
2024-03-30T19:00,Santacruz_AWS,19.1197,72.8468,0.0,0.0,1009.5,8,22.1,0.131
2024-03-30T20:00,Santacruz_AWS,19.1197,72.8468,0.0,0.0,1010.4,5,20.1,0.131
2024-03-30T21:00,Santacruz_AWS,19.1197,72.8468,0.0,0.0,1011.2,1,18.5,0.131
2024-03-30T22:00,Santacruz_AWS,19.1197,72.8468,0.0,0.0,1011.9,1,16.5,0.131
2024-03-30T23:00,Santacruz_AWS,19.1197,72.8468,0.0,0.0,1011.9,0,10.8,0.131
2024-03-31T00:00,Santacruz_AWS,19.1197,72.8468,0.0,0.0,1011.3,0,9.4,0.131
2024-03-31T01:00,Santacruz_AWS,19.1197,72.8468,0.0,0.0,1010.5,1,11.3,0.131
2024-03-31T02:00,Santacruz_AWS,19.1197,72.8468,0.0,0.0,1010.2,5,7.8,0.131
2024-03-31T03:00,Santacruz_AWS,19.1197,72.8468,0.0,0.0,1010.2,1,6.1,0.131
2024-03-31T04:00,Santacruz_AWS,19.1197,72.8468,0.0,0.0,1010.4,6,6.3,0.131
2024-03-31T05:00,Santacruz_AWS,19.1197,72.8468,0.0,0.0,1010.9,11,7.0,0.131
2024-03-31T06:00,Santacruz_AWS,19.1197,72.8468,0.0,0.0,1011.8,28,9.2,0.131
2024-03-31T07:00,Santacruz_AWS,19.1197,72.8468,0.0,0.0,1012.1,45,15.8,0.131
2024-03-31T08:00,Santacruz_AWS,19.1197,72.8468,0.0,0.0,1012.8,5,13.9,0.131
2024-03-31T09:00,Santacruz_AWS,19.1197,72.8468,0.0,0.0,1013.3,2,13.0,0.131
2024-03-31T10:00,Santacruz_AWS,19.1197,72.8468,0.0,0.0,1012.9,0,14.8,0.131
2024-03-31T11:00,Santacruz_AWS,19.1197,72.8468,0.0,0.0,1012.0,0,16.8,0.131
2024-03-31T12:00,Santacruz_AWS,19.1197,72.8468,0.0,0.0,1011.3,0,20.2,0.131
2024-03-31T13:00,Santacruz_AWS,19.1197,72.8468,0.0,0.0,1010.4,0,22.3,0.131
2024-03-31T14:00,Santacruz_AWS,19.1197,72.8468,0.0,0.0,1009.4,0,23.2,0.131
2024-03-31T15:00,Santacruz_AWS,19.1197,72.8468,0.0,0.0,1008.6,0,23.7,0.131
2024-03-31T16:00,Santacruz_AWS,19.1197,72.8468,0.0,0.0,1008.3,0,24.0,0.131
2024-03-31T17:00,Santacruz_AWS,19.1197,72.8468,0.0,0.0,1008.4,34,23.8,0.131
2024-03-31T18:00,Santacruz_AWS,19.1197,72.8468,0.0,0.0,1009.1,3,19.9,0.131
2024-03-31T19:00,Santacruz_AWS,19.1197,72.8468,0.0,0.0,1009.4,22,19.8,0.131
2024-03-31T20:00,Santacruz_AWS,19.1197,72.8468,0.0,0.0,1009.9,8,18.0,0.131
2024-03-31T21:00,Santacruz_AWS,19.1197,72.8468,0.0,0.0,1010.3,4,13.8,0.131
2024-03-31T22:00,Santacruz_AWS,19.1197,72.8468,0.0,0.0,1010.6,6,12.6,0.131
2024-03-31T23:00,Santacruz_AWS,19.1197,72.8468,0.0,0.0,1010.5,0,13.3,0.131
2024-04-01T00:00,Santacruz_AWS,19.1197,72.8468,0.0,0.0,1009.9,35,14.0,0.131
2024-04-01T01:00,Santacruz_AWS,19.1197,72.8468,0.0,0.0,1009.1,2,12.9,0.131
2024-04-01T02:00,Santacruz_AWS,19.1197,72.8468,0.0,0.0,1008.5,0,12.6,0.131
2024-04-01T03:00,Santacruz_AWS,19.1197,72.8468,0.0,0.0,1008.1,3,11.3,0.131
2024-04-01T04:00,Santacruz_AWS,19.1197,72.8468,0.0,0.0,1008.0,16,12.0,0.131
2024-04-01T05:00,Santacruz_AWS,19.1197,72.8468,0.0,0.0,1008.0,0,13.0,0.131
2024-04-01T06:00,Santacruz_AWS,19.1197,72.8468,0.0,0.0,1009.0,57,13.8,0.131
2024-04-01T07:00,Santacruz_AWS,19.1197,72.8468,0.0,0.0,1009.9,49,10.2,0.131
2024-04-01T08:00,Santacruz_AWS,19.1197,72.8468,0.0,0.0,1010.5,84,9.8,0.131
2024-04-01T09:00,Santacruz_AWS,19.1197,72.8468,0.0,0.0,1010.6,95,8.0,0.131
2024-04-01T10:00,Santacruz_AWS,19.1197,72.8468,0.0,0.0,1010.2,99,8.6,0.131
2024-04-01T11:00,Santacruz_AWS,19.1197,72.8468,0.0,0.0,1009.3,100,13.2,0.131
2024-04-01T12:00,Santacruz_AWS,19.1197,72.8468,0.0,0.0,1008.4,97,17.2,0.131
2024-04-01T13:00,Santacruz_AWS,19.1197,72.8468,0.0,0.0,1007.3,94,19.1,0.131
2024-04-01T14:00,Santacruz_AWS,19.1197,72.8468,0.0,0.0,1006.3,99,19.6,0.131
2024-04-01T15:00,Santacruz_AWS,19.1197,72.8468,0.0,0.0,1005.6,92,20.0,0.131
2024-04-01T16:00,Santacruz_AWS,19.1197,72.8468,0.0,0.0,1005.3,55,18.9,0.131
2024-04-01T17:00,Santacruz_AWS,19.1197,72.8468,0.0,0.0,1005.5,0,17.6,0.131
2024-04-01T18:00,Santacruz_AWS,19.1197,72.8468,0.0,0.0,1007.2,3,11.8,0.131
2024-04-01T19:00,Santacruz_AWS,19.1197,72.8468,0.0,0.0,1007.3,0,12.1,0.131
2024-04-01T20:00,Santacruz_AWS,19.1197,72.8468,0.0,0.0,1007.8,0,14.3,0.131
2024-04-01T21:00,Santacruz_AWS,19.1197,72.8468,0.0,0.0,1008.3,0,13.3,0.131
2024-04-01T22:00,Santacruz_AWS,19.1197,72.8468,0.0,0.0,1008.5,0,12.2,0.131
2024-04-01T23:00,Santacruz_AWS,19.1197,72.8468,0.0,0.0,1008.2,0,10.5,0.131
2024-04-02T00:00,Santacruz_AWS,19.1197,72.8468,0.0,0.0,1007.9,0,9.5,0.131
2024-04-02T01:00,Santacruz_AWS,19.1197,72.8468,0.0,0.0,1007.7,34,7.1,0.131
2024-04-02T02:00,Santacruz_AWS,19.1197,72.8468,0.0,0.0,1007.3,15,5.5,0.131
2024-04-02T03:00,Santacruz_AWS,19.1197,72.8468,0.0,0.0,1006.9,12,4.8,0.131
2024-04-02T04:00,Santacruz_AWS,19.1197,72.8468,0.0,0.0,1006.7,13,5.1,0.131
2024-04-02T05:00,Santacruz_AWS,19.1197,72.8468,0.0,0.0,1006.8,2,4.9,0.131
2024-04-02T06:00,Santacruz_AWS,19.1197,72.8468,0.0,0.0,1007.3,18,5.6,0.131
2024-04-02T07:00,Santacruz_AWS,19.1197,72.8468,0.0,0.0,1007.8,67,8.4,0.131
2024-04-02T08:00,Santacruz_AWS,19.1197,72.8468,0.0,0.0,1008.3,64,7.2,0.131
2024-04-02T09:00,Santacruz_AWS,19.1197,72.8468,0.0,0.0,1008.7,90,3.3,0.131
2024-04-02T10:00,Santacruz_AWS,19.1197,72.8468,0.0,0.0,1008.3,89,3.0,0.131
2024-04-02T11:00,Santacruz_AWS,19.1197,72.8468,0.0,0.0,1007.8,82,7.6,0.131
2024-04-02T12:00,Santacruz_AWS,19.1197,72.8468,0.0,0.0,1007.0,43,11.9,0.131
2024-04-02T13:00,Santacruz_AWS,19.1197,72.8468,0.0,0.0,1006.1,49,15.5,0.131
2024-04-02T14:00,Santacruz_AWS,19.1197,72.8468,0.0,0.0,1005.3,49,17.4,0.131
2024-04-02T15:00,Santacruz_AWS,19.1197,72.8468,0.0,0.0,1004.7,35,17.4,0.131
2024-04-02T16:00,Santacruz_AWS,19.1197,72.8468,0.0,0.0,1004.6,51,18.7,0.131
2024-04-02T17:00,Santacruz_AWS,19.1197,72.8468,0.0,0.0,1004.8,93,18.3,0.131
2024-04-02T18:00,Santacruz_AWS,19.1197,72.8468,0.0,0.0,1006.1,99,19.0,0.131
2024-04-02T19:00,Santacruz_AWS,19.1197,72.8468,0.0,0.0,1006.5,97,17.1,0.131
2024-04-02T20:00,Santacruz_AWS,19.1197,72.8468,0.0,0.0,1007.3,100,15.8,0.131
2024-04-02T21:00,Santacruz_AWS,19.1197,72.8468,0.0,0.0,1007.8,99,12.8,0.131
2024-04-02T22:00,Santacruz_AWS,19.1197,72.8468,0.0,0.0,1008.0,100,7.9,0.131
2024-04-02T23:00,Santacruz_AWS,19.1197,72.8468,0.0,0.0,1008.2,100,6.4,0.131
2024-04-03T00:00,Santacruz_AWS,19.1197,72.8468,0.0,0.0,1007.9,100,6.0,0.131
2024-04-03T01:00,Santacruz_AWS,19.1197,72.8468,0.0,0.0,1007.4,100,5.4,0.131
2024-04-03T02:00,Santacruz_AWS,19.1197,72.8468,0.0,0.0,1007.1,98,5.8,0.131
2024-04-03T03:00,Santacruz_AWS,19.1197,72.8468,0.0,0.0,1006.9,92,5.5,0.131
2024-04-03T04:00,Santacruz_AWS,19.1197,72.8468,0.0,0.0,1006.6,84,6.5,0.131
2024-04-03T05:00,Santacruz_AWS,19.1197,72.8468,0.0,0.0,1006.9,65,6.1,0.131
2024-04-03T06:00,Santacruz_AWS,19.1197,72.8468,0.0,0.0,1007.6,49,4.8,0.131
2024-04-03T07:00,Santacruz_AWS,19.1197,72.8468,0.0,0.0,1008.6,5,7.7,0.131
2024-04-03T08:00,Santacruz_AWS,19.1197,72.8468,0.0,0.0,1009.3,0,5.3,0.131
2024-04-03T09:00,Santacruz_AWS,19.1197,72.8468,0.0,0.0,1009.8,0,2.3,0.131
2024-04-03T10:00,Santacruz_AWS,19.1197,72.8468,0.0,0.0,1009.3,0,4.6,0.131
2024-04-03T11:00,Santacruz_AWS,19.1197,72.8468,0.0,0.0,1008.8,12,10.9,0.131
2024-04-03T12:00,Santacruz_AWS,19.1197,72.8468,0.0,0.0,1008.2,0,16.4,0.131
2024-04-03T13:00,Santacruz_AWS,19.1197,72.8468,0.0,0.0,1007.5,0,18.3,0.131
2024-04-03T14:00,Santacruz_AWS,19.1197,72.8468,0.0,0.0,1006.6,10,19.6,0.131
2024-04-03T15:00,Santacruz_AWS,19.1197,72.8468,0.0,0.0,1006.1,15,20.6,0.131
2024-04-03T16:00,Santacruz_AWS,19.1197,72.8468,0.0,0.0,1006.0,49,20.3,0.131
2024-04-03T17:00,Santacruz_AWS,19.1197,72.8468,0.0,0.0,1006.2,19,19.7,0.131
2024-04-03T18:00,Santacruz_AWS,19.1197,72.8468,0.0,0.0,1007.5,13,18.4,0.131
2024-04-03T19:00,Santacruz_AWS,19.1197,72.8468,0.0,0.0,1007.9,4,14.6,0.131
2024-04-03T20:00,Santacruz_AWS,19.1197,72.8468,0.0,0.0,1008.6,4,11.8,0.131
2024-04-03T21:00,Santacruz_AWS,19.1197,72.8468,0.0,0.0,1009.2,1,7.7,0.131
2024-04-03T22:00,Santacruz_AWS,19.1197,72.8468,0.0,0.0,1009.4,3,6.6,0.131
2024-04-03T23:00,Santacruz_AWS,19.1197,72.8468,0.0,0.0,1009.3,0,7.8,0.131
2024-04-04T00:00,Santacruz_AWS,19.1197,72.8468,0.0,0.0,1008.6,0,6.5,0.131
2024-04-04T01:00,Santacruz_AWS,19.1197,72.8468,0.0,0.0,1008.2,0,4.7,0.131
2024-04-04T02:00,Santacruz_AWS,19.1197,72.8468,0.0,0.0,1007.8,6,4.6,0.131
2024-04-04T03:00,Santacruz_AWS,19.1197,72.8468,0.0,0.0,1007.4,2,5.1,0.131
2024-04-04T04:00,Santacruz_AWS,19.1197,72.8468,0.0,0.0,1007.3,17,5.9,0.131
2024-04-04T05:00,Santacruz_AWS,19.1197,72.8468,0.0,0.0,1007.4,12,5.1,0.131
2024-04-04T06:00,Santacruz_AWS,19.1197,72.8468,0.0,0.0,1008.2,44,5.4,0.131
2024-04-04T07:00,Santacruz_AWS,19.1197,72.8468,0.0,0.0,1008.9,98,7.2,0.131
2024-04-04T08:00,Santacruz_AWS,19.1197,72.8468,0.0,0.0,1009.8,90,8.2,0.131
2024-04-04T09:00,Santacruz_AWS,19.1197,72.8468,0.0,0.0,1010.2,42,12.0,0.131
2024-04-04T10:00,Santacruz_AWS,19.1197,72.8468,0.0,0.0,1010.0,4,14.1,0.131
2024-04-04T11:00,Santacruz_AWS,19.1197,72.8468,0.0,0.0,1009.5,4,17.8,0.131
2024-04-04T12:00,Santacruz_AWS,19.1197,72.8468,0.0,0.0,1008.9,33,20.9,0.131
2024-04-04T13:00,Santacruz_AWS,19.1197,72.8468,0.0,0.0,1007.9,78,21.4,0.131
2024-04-04T14:00,Santacruz_AWS,19.1197,72.8468,0.0,0.0,1007.0,44,21.3,0.131
2024-04-04T15:00,Santacruz_AWS,19.1197,72.8468,0.0,0.0,1006.4,33,21.0,0.131
2024-04-04T16:00,Santacruz_AWS,19.1197,72.8468,0.0,0.0,1006.3,80,20.5,0.13
2024-04-04T17:00,Santacruz_AWS,19.1197,72.8468,0.0,0.0,1006.5,63,19.2,0.13
2024-04-04T18:00,Santacruz_AWS,19.1197,72.8468,0.0,0.0,1008.0,95,18.6,0.13
2024-04-04T19:00,Santacruz_AWS,19.1197,72.8468,0.0,0.0,1008.4,98,17.3,0.13
2024-04-04T20:00,Santacruz_AWS,19.1197,72.8468,0.0,0.0,1009.0,98,15.8,0.131
2024-04-04T21:00,Santacruz_AWS,19.1197,72.8468,0.0,0.0,1009.5,97,16.6,0.131
2024-04-04T22:00,Santacruz_AWS,19.1197,72.8468,0.0,0.0,1009.8,100,18.1,0.131
2024-04-04T23:00,Santacruz_AWS,19.1197,72.8468,0.0,0.0,1009.7,100,17.3,0.131
2024-04-05T00:00,Santacruz_AWS,19.1197,72.8468,0.0,0.0,1009.0,100,16.9,0.131
2024-04-05T01:00,Santacruz_AWS,19.1197,72.8468,0.0,0.0,1008.3,100,14.4,0.131
2024-04-05T02:00,Santacruz_AWS,19.1197,72.8468,0.0,0.0,1008.0,100,6.7,0.131
2024-04-05T03:00,Santacruz_AWS,19.1197,72.8468,0.0,0.0,1007.3,100,6.1,0.131
2024-04-05T04:00,Santacruz_AWS,19.1197,72.8468,0.0,0.0,1007.1,99,7.1,0.131
2024-04-05T05:00,Santacruz_AWS,19.1197,72.8468,0.0,0.0,1007.4,3,6.6,0.131
2024-04-05T06:00,Santacruz_AWS,19.1197,72.8468,0.0,0.0,1008.4,61,6.7,0.131
2024-04-05T07:00,Santacruz_AWS,19.1197,72.8468,0.0,0.0,1009.2,45,8.9,0.131
2024-04-05T08:00,Santacruz_AWS,19.1197,72.8468,0.0,0.0,1009.9,29,9.2,0.131
2024-04-05T09:00,Santacruz_AWS,19.1197,72.8468,0.0,0.0,1009.9,1,12.2,0.131
2024-04-05T10:00,Santacruz_AWS,19.1197,72.8468,0.0,0.0,1009.2,0,11.7,0.131
2024-04-05T11:00,Santacruz_AWS,19.1197,72.8468,0.0,0.0,1008.4,14,14.0,0.131
2024-04-05T12:00,Santacruz_AWS,19.1197,72.8468,0.0,0.0,1007.8,82,18.6,0.131
2024-04-05T13:00,Santacruz_AWS,19.1197,72.8468,0.0,0.0,1006.4,92,23.0,0.13
2024-04-05T14:00,Santacruz_AWS,19.1197,72.8468,0.0,0.0,1005.3,86,26.7,0.13
2024-04-05T15:00,Santacruz_AWS,19.1197,72.8468,0.0,0.0,1004.9,80,26.0,0.13
2024-04-05T16:00,Santacruz_AWS,19.1197,72.8468,0.0,0.0,1004.8,57,26.2,0.13
2024-04-05T17:00,Santacruz_AWS,19.1197,72.8468,0.0,0.0,1004.7,8,23.4,0.13
2024-04-05T18:00,Santacruz_AWS,19.1197,72.8468,0.0,0.0,1005.7,11,21.4,0.13
2024-04-05T19:00,Santacruz_AWS,19.1197,72.8468,0.0,0.0,1006.6,10,21.8,0.13
2024-04-05T20:00,Santacruz_AWS,19.1197,72.8468,0.0,0.0,1007.2,1,21.5,0.13
2024-04-05T21:00,Santacruz_AWS,19.1197,72.8468,0.0,0.0,1007.7,2,20.0,0.13
2024-04-05T22:00,Santacruz_AWS,19.1197,72.8468,0.0,0.0,1007.8,4,18.4,0.13
2024-04-05T23:00,Santacruz_AWS,19.1197,72.8468,0.0,0.0,1007.7,20,16.1,0.13
2024-04-06T00:00,Santacruz_AWS,19.1197,72.8468,0.0,0.0,1006.9,90,16.5,0.13
2024-04-06T01:00,Santacruz_AWS,19.1197,72.8468,0.0,0.0,1006.4,100,15.1,0.13
2024-04-06T02:00,Santacruz_AWS,19.1197,72.8468,0.0,0.0,1006.2,93,10.9,0.13
2024-04-06T03:00,Santacruz_AWS,19.1197,72.8468,0.0,0.0,1005.9,38,8.2,0.13
2024-04-06T04:00,Santacruz_AWS,19.1197,72.8468,0.0,0.0,1005.8,26,10.1,0.13
2024-04-06T05:00,Santacruz_AWS,19.1197,72.8468,0.0,0.0,1005.9,2,15.5,0.13
2024-04-06T06:00,Santacruz_AWS,19.1197,72.8468,0.0,0.0,1007.0,0,15.5,0.13
2024-04-06T07:00,Santacruz_AWS,19.1197,72.8468,0.0,0.0,1007.7,1,12.1,0.13
2024-04-06T08:00,Santacruz_AWS,19.1197,72.8468,0.0,0.0,1008.6,0,10.3,0.13
2024-04-06T09:00,Santacruz_AWS,19.1197,72.8468,0.0,0.0,1009.1,5,13.7,0.13
2024-04-06T10:00,Santacruz_AWS,19.1197,72.8468,0.0,0.0,1008.6,10,15.6,0.13
2024-04-06T11:00,Santacruz_AWS,19.1197,72.8468,0.0,0.0,1008.0,14,16.1,0.13
2024-04-06T12:00,Santacruz_AWS,19.1197,72.8468,0.0,0.0,1007.1,10,21.3,0.13
2024-04-06T13:00,Santacruz_AWS,19.1197,72.8468,0.0,0.0,1006.0,12,24.6,0.13
2024-04-06T14:00,Santacruz_AWS,19.1197,72.8468,0.0,0.0,1005.0,2,27.0,0.13
2024-04-06T15:00,Santacruz_AWS,19.1197,72.8468,0.0,0.0,1004.4,4,28.4,0.13
2024-04-06T16:00,Santacruz_AWS,19.1197,72.8468,0.0,0.0,1003.9,1,25.5,0.13
2024-04-06T17:00,Santacruz_AWS,19.1197,72.8468,0.0,0.0,1003.9,4,24.8,0.13
2024-04-06T18:00,Santacruz_AWS,19.1197,72.8468,0.0,0.0,1004.8,15,25.9,0.13
2024-04-06T19:00,Santacruz_AWS,19.1197,72.8468,0.0,0.0,1005.4,22,22.6,0.13
2024-04-06T20:00,Santacruz_AWS,19.1197,72.8468,0.0,0.0,1005.7,8,19.6,0.13
2024-04-06T21:00,Santacruz_AWS,19.1197,72.8468,0.0,0.0,1006.3,5,21.3,0.13
2024-04-06T22:00,Santacruz_AWS,19.1197,72.8468,0.0,0.0,1006.7,0,22.9,0.13
2024-04-06T23:00,Santacruz_AWS,19.1197,72.8468,0.0,0.0,1006.6,0,21.8,0.13
2024-04-07T00:00,Santacruz_AWS,19.1197,72.8468,0.0,0.0,1006.2,1,21.0,0.13
2024-04-07T01:00,Santacruz_AWS,19.1197,72.8468,0.0,0.0,1005.8,0,18.8,0.13
2024-04-07T02:00,Santacruz_AWS,19.1197,72.8468,0.0,0.0,1005.4,0,15.8,0.13
2024-04-07T03:00,Santacruz_AWS,19.1197,72.8468,0.0,0.0,1005.0,0,16.0,0.13
2024-04-07T04:00,Santacruz_AWS,19.1197,72.8468,0.0,0.0,1005.1,6,15.5,0.13
2024-04-07T05:00,Santacruz_AWS,19.1197,72.8468,0.0,0.0,1005.5,7,15.9,0.13
2024-04-07T06:00,Santacruz_AWS,19.1197,72.8468,0.0,0.0,1006.3,1,9.9,0.13
2024-04-07T07:00,Santacruz_AWS,19.1197,72.8468,0.0,0.0,1007.2,4,9.7,0.13
2024-04-07T08:00,Santacruz_AWS,19.1197,72.8468,0.0,0.0,1008.2,15,11.2,0.13
2024-04-07T09:00,Santacruz_AWS,19.1197,72.8468,0.0,0.0,1008.5,8,14.2,0.13
2024-04-07T10:00,Santacruz_AWS,19.1197,72.8468,0.0,0.0,1008.2,2,15.3,0.13
2024-04-07T11:00,Santacruz_AWS,19.1197,72.8468,0.0,0.0,1007.7,0,18.9,0.13
2024-04-07T12:00,Santacruz_AWS,19.1197,72.8468,0.0,0.0,1007.1,0,22.5,0.13
2024-04-07T13:00,Santacruz_AWS,19.1197,72.8468,0.0,0.0,1006.0,0,25.5,0.13
2024-04-07T14:00,Santacruz_AWS,19.1197,72.8468,0.0,0.0,1005.2,0,26.0,0.13
2024-04-07T15:00,Santacruz_AWS,19.1197,72.8468,0.0,0.0,1004.6,0,24.2,0.13
2024-04-07T16:00,Santacruz_AWS,19.1197,72.8468,0.0,0.0,1004.6,0,20.9,0.13
2024-04-07T17:00,Santacruz_AWS,19.1197,72.8468,0.0,0.0,1004.8,0,16.8,0.13
2024-04-07T18:00,Santacruz_AWS,19.1197,72.8468,0.0,0.0,1005.9,0,17.6,0.13
2024-04-07T19:00,Santacruz_AWS,19.1197,72.8468,0.0,0.0,1006.4,0,14.5,0.13
2024-04-07T20:00,Santacruz_AWS,19.1197,72.8468,0.0,0.0,1006.9,0,11.5,0.13
2024-04-07T21:00,Santacruz_AWS,19.1197,72.8468,0.0,0.0,1007.4,0,11.0,0.13
2024-04-07T22:00,Santacruz_AWS,19.1197,72.8468,0.0,0.0,1007.9,0,10.8,0.13
2024-04-07T23:00,Santacruz_AWS,19.1197,72.8468,0.0,0.0,1007.8,0,10.7,0.13
2024-04-08T00:00,Santacruz_AWS,19.1197,72.8468,0.0,0.0,1007.3,0,11.2,0.13
2024-04-08T01:00,Santacruz_AWS,19.1197,72.8468,0.0,0.0,1006.9,0,10.2,0.13
2024-04-08T02:00,Santacruz_AWS,19.1197,72.8468,0.0,0.0,1006.4,0,6.0,0.13
2024-04-08T03:00,Santacruz_AWS,19.1197,72.8468,0.0,0.0,1006.1,0,5.9,0.13
2024-04-08T04:00,Santacruz_AWS,19.1197,72.8468,0.0,0.0,1006.1,0,4.1,0.13
2024-04-08T05:00,Santacruz_AWS,19.1197,72.8468,0.0,0.0,1006.5,0,4.8,0.13
2024-04-08T06:00,Santacruz_AWS,19.1197,72.8468,0.0,0.0,1007.5,0,4.5,0.13
2024-04-08T07:00,Santacruz_AWS,19.1197,72.8468,0.0,0.0,1008.2,0,7.4,0.13
2024-04-08T08:00,Santacruz_AWS,19.1197,72.8468,0.0,0.0,1008.7,0,6.1,0.13
2024-04-08T09:00,Santacruz_AWS,19.1197,72.8468,0.0,0.0,1009.0,0,5.4,0.13
2024-04-08T10:00,Santacruz_AWS,19.1197,72.8468,0.0,0.0,1009.0,0,6.7,0.13
2024-04-08T11:00,Santacruz_AWS,19.1197,72.8468,0.0,0.0,1008.3,0,9.0,0.13
2024-04-08T12:00,Santacruz_AWS,19.1197,72.8468,0.0,0.0,1007.7,0,14.9,0.13
2024-04-08T13:00,Santacruz_AWS,19.1197,72.8468,0.0,0.0,1006.7,0,18.7,0.13
2024-04-08T14:00,Santacruz_AWS,19.1197,72.8468,0.0,0.0,1005.9,0,19.8,0.13
2024-04-08T15:00,Santacruz_AWS,19.1197,72.8468,0.0,0.0,1005.2,0,19.2,0.13
2024-04-08T16:00,Santacruz_AWS,19.1197,72.8468,0.0,0.0,1004.8,0,17.6,0.13
2024-04-08T17:00,Santacruz_AWS,19.1197,72.8468,0.0,0.0,1004.6,0,15.9,0.13
2024-04-08T18:00,Santacruz_AWS,19.1197,72.8468,0.0,0.0,1005.6,0,15.3,0.13
2024-04-08T19:00,Santacruz_AWS,19.1197,72.8468,0.0,0.0,1006.1,0,12.8,0.13
2024-04-08T20:00,Santacruz_AWS,19.1197,72.8468,0.0,0.0,1006.7,0,9.9,0.13
2024-04-08T21:00,Santacruz_AWS,19.1197,72.8468,0.0,0.0,1007.3,0,8.2,0.13
2024-04-08T22:00,Santacruz_AWS,19.1197,72.8468,0.0,0.0,1007.9,0,10.9,0.13
2024-04-08T23:00,Santacruz_AWS,19.1197,72.8468,0.0,0.0,1007.9,0,9.0,0.13
2024-04-09T00:00,Santacruz_AWS,19.1197,72.8468,0.0,0.0,1007.4,0,6.2,0.13
2024-04-09T01:00,Santacruz_AWS,19.1197,72.8468,0.0,0.0,1007.0,0,6.2,0.13
2024-04-09T02:00,Santacruz_AWS,19.1197,72.8468,0.0,0.0,1006.7,0,7.6,0.13
2024-04-09T03:00,Santacruz_AWS,19.1197,72.8468,0.0,0.0,1006.3,0,5.6,0.13
2024-04-09T04:00,Santacruz_AWS,19.1197,72.8468,0.0,0.0,1006.4,1,4.7,0.13
2024-04-09T05:00,Santacruz_AWS,19.1197,72.8468,0.0,0.0,1006.5,13,5.8,0.13
2024-04-09T06:00,Santacruz_AWS,19.1197,72.8468,0.0,0.0,1007.2,46,4.1,0.13
2024-04-09T07:00,Santacruz_AWS,19.1197,72.8468,0.0,0.0,1007.9,53,5.5,0.13
2024-04-09T08:00,Santacruz_AWS,19.1197,72.8468,0.0,0.0,1008.4,0,2.9,0.13
2024-04-09T09:00,Santacruz_AWS,19.1197,72.8468,0.0,0.0,1008.9,0,5.6,0.13
2024-04-09T10:00,Santacruz_AWS,19.1197,72.8468,0.0,0.0,1009.0,0,10.9,0.13
2024-04-09T11:00,Santacruz_AWS,19.1197,72.8468,0.0,0.0,1008.7,0,14.3,0.13
2024-04-09T12:00,Santacruz_AWS,19.1197,72.8468,0.0,0.0,1008.1,82,17.2,0.13
2024-04-09T13:00,Santacruz_AWS,19.1197,72.8468,0.0,0.0,1007.3,90,19.0,0.13
2024-04-09T14:00,Santacruz_AWS,19.1197,72.8468,0.0,0.0,1006.4,81,18.7,0.13
2024-04-09T15:00,Santacruz_AWS,19.1197,72.8468,0.0,0.0,1005.6,88,17.4,0.13
2024-04-09T16:00,Santacruz_AWS,19.1197,72.8468,0.0,0.0,1005.1,90,16.1,0.13
2024-04-09T17:00,Santacruz_AWS,19.1197,72.8468,0.0,0.0,1005.1,71,15.1,0.13
2024-04-09T18:00,Santacruz_AWS,19.1197,72.8468,0.0,0.0,1005.9,0,15.4,0.13
2024-04-09T19:00,Santacruz_AWS,19.1197,72.8468,0.0,0.0,1006.6,0,12.0,0.13
2024-04-09T20:00,Santacruz_AWS,19.1197,72.8468,0.0,0.0,1007.5,0,8.9,0.13
2024-04-09T21:00,Santacruz_AWS,19.1197,72.8468,0.0,0.0,1008.4,0,6.2,0.13
2024-04-09T22:00,Santacruz_AWS,19.1197,72.8468,0.0,0.0,1009.2,5,8.6,0.13
2024-04-09T23:00,Santacruz_AWS,19.1197,72.8468,0.0,0.0,1009.3,0,8.4,0.13
2024-04-10T00:00,Santacruz_AWS,19.1197,72.8468,0.0,0.0,1008.7,0,10.2,0.13
2024-04-10T01:00,Santacruz_AWS,19.1197,72.8468,0.0,0.0,1007.9,0,9.9,0.13
2024-04-10T02:00,Santacruz_AWS,19.1197,72.8468,0.0,0.0,1007.3,11,5.0,0.13
2024-04-10T03:00,Santacruz_AWS,19.1197,72.8468,0.0,0.0,1006.6,42,5.1,0.13
2024-04-10T04:00,Santacruz_AWS,19.1197,72.8468,0.0,0.0,1006.5,90,4.3,0.13
2024-04-10T05:00,Santacruz_AWS,19.1197,72.8468,0.0,0.0,1006.9,100,7.3,0.13
2024-04-10T06:00,Santacruz_AWS,19.1197,72.8468,0.0,0.0,1008.0,61,4.2,0.13
2024-04-10T07:00,Santacruz_AWS,19.1197,72.8468,0.0,0.0,1008.5,6,2.6,0.13
2024-04-10T08:00,Santacruz_AWS,19.1197,72.8468,0.0,0.0,1009.0,0,3.4,0.13
2024-04-10T09:00,Santacruz_AWS,19.1197,72.8468,0.0,0.0,1009.3,0,5.4,0.13
2024-04-10T10:00,Santacruz_AWS,19.1197,72.8468,0.0,0.0,1009.1,0,9.1,0.13
2024-04-10T11:00,Santacruz_AWS,19.1197,72.8468,0.0,0.0,1008.6,0,12.4,0.13
2024-04-10T12:00,Santacruz_AWS,19.1197,72.8468,0.0,0.0,1008.0,5,15.6,0.13
2024-04-10T13:00,Santacruz_AWS,19.1197,72.8468,0.0,0.0,1007.0,30,18.6,0.13
2024-04-10T14:00,Santacruz_AWS,19.1197,72.8468,0.0,0.0,1006.0,0,20.2,0.13
2024-04-10T15:00,Santacruz_AWS,19.1197,72.8468,0.0,0.0,1005.4,0,19.8,0.13
2024-04-10T16:00,Santacruz_AWS,19.1197,72.8468,0.0,0.0,1004.9,0,18.9,0.13
2024-04-10T17:00,Santacruz_AWS,19.1197,72.8468,0.0,0.0,1005.0,0,17.9,0.13
2024-04-10T18:00,Santacruz_AWS,19.1197,72.8468,0.0,0.0,1006.1,0,18.8,0.13
2024-04-10T19:00,Santacruz_AWS,19.1197,72.8468,0.0,0.0,1006.7,0,16.5,0.13
2024-04-10T20:00,Santacruz_AWS,19.1197,72.8468,0.0,0.0,1007.1,0,13.3,0.13
2024-04-10T21:00,Santacruz_AWS,19.1197,72.8468,0.0,0.0,1008.0,0,7.4,0.13
2024-04-10T22:00,Santacruz_AWS,19.1197,72.8468,0.0,0.0,1008.7,0,4.3,0.13
2024-04-10T23:00,Santacruz_AWS,19.1197,72.8468,0.0,0.0,1008.3,7,7.9,0.13
2024-04-11T00:00,Santacruz_AWS,19.1197,72.8468,0.0,0.0,1007.6,14,4.2,0.13
2024-04-11T01:00,Santacruz_AWS,19.1197,72.8468,0.0,0.0,1007.3,7,5.1,0.13
2024-04-11T02:00,Santacruz_AWS,19.1197,72.8468,0.0,0.0,1006.9,8,5.8,0.13
2024-04-11T03:00,Santacruz_AWS,19.1197,72.8468,0.0,0.0,1006.8,30,5.9,0.13
2024-04-11T04:00,Santacruz_AWS,19.1197,72.8468,0.0,0.0,1007.1,44,6.4,0.13
2024-04-11T05:00,Santacruz_AWS,19.1197,72.8468,0.0,0.0,1007.7,56,6.8,0.13
2024-04-11T06:00,Santacruz_AWS,19.1197,72.8468,0.0,0.0,1008.7,14,5.0,0.13
2024-04-11T07:00,Santacruz_AWS,19.1197,72.8468,0.0,0.0,1009.2,1,4.4,0.13
2024-04-11T08:00,Santacruz_AWS,19.1197,72.8468,0.0,0.0,1009.5,6,4.1,0.13
2024-04-11T09:00,Santacruz_AWS,19.1197,72.8468,0.0,0.0,1009.8,10,3.2,0.13
2024-04-11T10:00,Santacruz_AWS,19.1197,72.8468,0.0,0.0,1009.5,1,6.5,0.13
2024-04-11T11:00,Santacruz_AWS,19.1197,72.8468,0.0,0.0,1009.0,20,13.4,0.13
2024-04-11T12:00,Santacruz_AWS,19.1197,72.8468,0.0,0.0,1008.5,0,16.3,0.13
2024-04-11T13:00,Santacruz_AWS,19.1197,72.8468,0.0,0.0,1007.5,0,17.5,0.13
2024-04-11T14:00,Santacruz_AWS,19.1197,72.8468,0.0,0.0,1006.6,0,18.5,0.13
2024-04-11T15:00,Santacruz_AWS,19.1197,72.8468,0.0,0.0,1006.1,0,18.7,0.13
2024-04-11T16:00,Santacruz_AWS,19.1197,72.8468,0.0,0.0,1005.7,0,18.8,0.13
2024-04-11T17:00,Santacruz_AWS,19.1197,72.8468,0.0,0.0,1005.4,31,17.1,0.13
2024-04-11T18:00,Santacruz_AWS,19.1197,72.8468,0.0,0.0,1006.3,33,16.6,0.13
2024-04-11T19:00,Santacruz_AWS,19.1197,72.8468,0.0,0.0,1006.9,100,14.2,0.13
2024-04-11T20:00,Santacruz_AWS,19.1197,72.8468,0.0,0.0,1007.7,65,5.4,0.13
2024-04-11T21:00,Santacruz_AWS,19.1197,72.8468,0.0,0.0,1008.2,10,5.5,0.13
2024-04-11T22:00,Santacruz_AWS,19.1197,72.8468,0.0,0.0,1008.3,0,5.4,0.13
2024-04-11T23:00,Santacruz_AWS,19.1197,72.8468,0.0,0.0,1008.1,0,5.0,0.13
2024-04-12T00:00,Santacruz_AWS,19.1197,72.8468,0.0,0.0,1007.8,0,4.8,0.13
2024-04-12T01:00,Santacruz_AWS,19.1197,72.8468,0.0,0.0,1007.9,0,4.4,0.13
2024-04-12T02:00,Santacruz_AWS,19.1197,72.8468,0.0,0.0,1007.5,0,6.5,0.13
2024-04-12T03:00,Santacruz_AWS,19.1197,72.8468,0.0,0.0,1007.0,0,9.0,0.13
2024-04-12T04:00,Santacruz_AWS,19.1197,72.8468,0.0,0.0,1006.8,2,14.1,0.13
2024-04-12T05:00,Santacruz_AWS,19.1197,72.8468,0.0,0.0,1007.0,1,10.6,0.13
2024-04-12T06:00,Santacruz_AWS,19.1197,72.8468,0.0,0.0,1008.5,3,5.0,0.13
2024-04-12T07:00,Santacruz_AWS,19.1197,72.8468,0.0,0.0,1008.9,0,6.2,0.13
2024-04-12T08:00,Santacruz_AWS,19.1197,72.8468,0.0,0.0,1009.3,0,7.2,0.13
2024-04-12T09:00,Santacruz_AWS,19.1197,72.8468,0.0,0.0,1009.5,0,8.2,0.13
2024-04-12T10:00,Santacruz_AWS,19.1197,72.8468,0.0,0.0,1009.2,0,9.5,0.13
2024-04-12T11:00,Santacruz_AWS,19.1197,72.8468,0.0,0.0,1008.7,0,11.6,0.13
2024-04-12T12:00,Santacruz_AWS,19.1197,72.8468,0.0,0.0,1008.2,0,14.0,0.13
2024-04-12T13:00,Santacruz_AWS,19.1197,72.8468,0.0,0.0,1007.5,13,15.9,0.13
2024-04-12T14:00,Santacruz_AWS,19.1197,72.8468,0.0,0.0,1006.7,89,15.9,0.13
2024-04-12T15:00,Santacruz_AWS,19.1197,72.8468,0.0,0.0,1005.8,94,16.2,0.13
2024-04-12T16:00,Santacruz_AWS,19.1197,72.8468,0.0,0.0,1005.3,93,15.4,0.13
2024-04-12T17:00,Santacruz_AWS,19.1197,72.8468,0.0,0.0,1005.2,98,15.6,0.13
2024-04-12T18:00,Santacruz_AWS,19.1197,72.8468,0.0,0.0,1006.1,72,17.6,0.13
2024-04-12T19:00,Santacruz_AWS,19.1197,72.8468,0.0,0.0,1006.9,5,14.5,0.13
2024-04-12T20:00,Santacruz_AWS,19.1197,72.8468,0.0,0.0,1007.8,4,10.3,0.13
2024-04-12T21:00,Santacruz_AWS,19.1197,72.8468,0.0,0.0,1008.6,11,7.6,0.13
2024-04-12T22:00,Santacruz_AWS,19.1197,72.8468,0.0,0.0,1009.2,19,5.9,0.13
2024-04-12T23:00,Santacruz_AWS,19.1197,72.8468,0.0,0.0,1009.0,0,1.8,0.13
2024-04-13T00:00,Santacruz_AWS,19.1197,72.8468,0.0,0.0,1008.6,0,5.8,0.13
2024-04-13T01:00,Santacruz_AWS,19.1197,72.8468,0.0,0.0,1008.3,8,5.6,0.13
2024-04-13T02:00,Santacruz_AWS,19.1197,72.8468,0.0,0.0,1008.1,26,4.3,0.13
2024-04-13T03:00,Santacruz_AWS,19.1197,72.8468,0.0,0.0,1007.6,8,3.3,0.13
2024-04-13T04:00,Santacruz_AWS,19.1197,72.8468,0.0,0.0,1007.8,13,3.9,0.13
2024-04-13T05:00,Santacruz_AWS,19.1197,72.8468,0.0,0.0,1008.2,35,4.2,0.13
2024-04-13T06:00,Santacruz_AWS,19.1197,72.8468,0.0,0.0,1009.2,23,4.9,0.13
2024-04-13T07:00,Santacruz_AWS,19.1197,72.8468,0.0,0.0,1009.8,24,5.1,0.13
2024-04-13T08:00,Santacruz_AWS,19.1197,72.8468,0.0,0.0,1010.3,21,4.1,0.13
2024-04-13T09:00,Santacruz_AWS,19.1197,72.8468,0.0,0.0,1010.4,10,3.6,0.13
2024-04-13T10:00,Santacruz_AWS,19.1197,72.8468,0.0,0.0,1009.9,7,7.1,0.13
2024-04-13T11:00,Santacruz_AWS,19.1197,72.8468,0.0,0.0,1009.4,0,12.1,0.13
2024-04-13T12:00,Santacruz_AWS,19.1197,72.8468,0.0,0.0,1008.8,87,15.3,0.13
2024-04-13T13:00,Santacruz_AWS,19.1197,72.8468,0.0,0.0,1007.7,46,16.2,0.13
2024-04-13T14:00,Santacruz_AWS,19.1197,72.8468,0.0,0.0,1006.8,78,17.6,0.13
2024-04-13T15:00,Santacruz_AWS,19.1197,72.8468,0.0,0.0,1006.2,0,17.7,0.13
2024-04-13T16:00,Santacruz_AWS,19.1197,72.8468,0.0,0.0,1005.8,0,17.5,0.13
2024-04-13T17:00,Santacruz_AWS,19.1197,72.8468,0.0,0.0,1005.8,0,17.1,0.13
2024-04-13T18:00,Santacruz_AWS,19.1197,72.8468,0.0,0.0,1006.7,10,17.1,0.128
2024-04-13T19:00,Santacruz_AWS,19.1197,72.8468,0.0,0.0,1007.4,8,13.1,0.128
2024-04-13T20:00,Santacruz_AWS,19.1197,72.8468,0.0,0.0,1008.4,0,8.7,0.128
2024-04-13T21:00,Santacruz_AWS,19.1197,72.8468,0.0,0.0,1009.3,0,7.8,0.128
2024-04-13T22:00,Santacruz_AWS,19.1197,72.8468,0.0,0.0,1009.4,0,8.9,0.128
2024-04-13T23:00,Santacruz_AWS,19.1197,72.8468,0.0,0.0,1009.3,4,6.5,0.128
2024-04-14T00:00,Santacruz_AWS,19.1197,72.8468,0.0,0.0,1009.0,5,5.9,0.128
2024-04-14T01:00,Santacruz_AWS,19.1197,72.8468,0.0,0.0,1009.1,9,4.6,0.128
2024-04-14T02:00,Santacruz_AWS,19.1197,72.8468,0.0,0.0,1009.0,21,4.5,0.128
2024-04-14T03:00,Santacruz_AWS,19.1197,72.8468,0.0,0.0,1008.9,19,5.1,0.128
2024-04-14T04:00,Santacruz_AWS,19.1197,72.8468,0.0,0.0,1008.8,18,4.1,0.128
2024-04-14T05:00,Santacruz_AWS,19.1197,72.8468,0.0,0.0,1008.8,35,6.1,0.128
2024-04-14T06:00,Santacruz_AWS,19.1197,72.8468,0.0,0.0,1009.8,4,5.1,0.125
2024-04-14T07:00,Santacruz_AWS,19.1197,72.8468,0.0,0.0,1010.8,10,3.6,0.125
2024-04-14T08:00,Santacruz_AWS,19.1197,72.8468,0.0,0.0,1011.3,4,2.1,0.125
2024-04-14T09:00,Santacruz_AWS,19.1197,72.8468,0.0,0.0,1011.4,2,4.3,0.125
2024-04-14T10:00,Santacruz_AWS,19.1197,72.8468,0.0,0.0,1010.9,0,6.8,0.125
2024-04-14T11:00,Santacruz_AWS,19.1197,72.8468,0.0,0.0,1009.9,0,11.1,0.125
2024-04-14T12:00,Santacruz_AWS,19.1197,72.8468,0.0,0.0,1008.8,0,15.9,0.125
2024-04-14T13:00,Santacruz_AWS,19.1197,72.8468,0.0,0.0,1007.8,0,19.1,0.125
2024-04-14T14:00,Santacruz_AWS,19.1197,72.8468,0.0,0.0,1006.9,1,20.9,0.125
2024-04-14T15:00,Santacruz_AWS,19.1197,72.8468,0.0,0.0,1006.4,11,22.2,0.125
2024-04-14T16:00,Santacruz_AWS,19.1197,72.8468,0.0,0.0,1005.8,35,21.6,0.125
2024-04-14T17:00,Santacruz_AWS,19.1197,72.8468,0.0,0.0,1005.8,60,21.8,0.125
2024-04-14T18:00,Santacruz_AWS,19.1197,72.8468,0.0,0.0,1006.8,5,23.8,0.125
2024-04-14T19:00,Santacruz_AWS,19.1197,72.8468,0.0,0.0,1007.5,0,21.4,0.125
2024-04-14T20:00,Santacruz_AWS,19.1197,72.8468,0.0,0.0,1008.2,0,17.4,0.125
2024-04-14T21:00,Santacruz_AWS,19.1197,72.8468,0.0,0.0,1009.5,0,9.4,0.125
2024-04-14T22:00,Santacruz_AWS,19.1197,72.8468,0.0,0.0,1010.0,1,6.5,0.125
2024-04-14T23:00,Santacruz_AWS,19.1197,72.8468,0.0,0.0,1010.1,16,9.4,0.125
2024-04-15T00:00,Santacruz_AWS,19.1197,72.8468,0.0,0.0,1009.4,23,10.8,0.125
2024-04-15T01:00,Santacruz_AWS,19.1197,72.8468,0.0,0.0,1009.0,0,7.4,0.125
2024-04-15T02:00,Santacruz_AWS,19.1197,72.8468,0.0,0.0,1008.4,3,6.2,0.125
2024-04-15T03:00,Santacruz_AWS,19.1197,72.8468,0.0,0.0,1008.1,1,5.8,0.125
2024-04-15T04:00,Santacruz_AWS,19.1197,72.8468,0.0,0.0,1007.9,0,8.0,0.125
2024-04-15T05:00,Santacruz_AWS,19.1197,72.8468,0.0,0.0,1008.1,0,9.0,0.125
2024-04-15T06:00,Santacruz_AWS,19.1197,72.8468,0.0,0.0,1009.1,20,6.6,0.125
2024-04-15T07:00,Santacruz_AWS,19.1197,72.8468,0.0,0.0,1009.8,0,5.8,0.125
2024-04-15T08:00,Santacruz_AWS,19.1197,72.8468,0.0,0.0,1010.2,0,7.2,0.125
2024-04-15T09:00,Santacruz_AWS,19.1197,72.8468,0.0,0.0,1010.4,0,9.0,0.125
2024-04-15T10:00,Santacruz_AWS,19.1197,72.8468,0.0,0.0,1009.9,86,9.9,0.125
2024-04-15T11:00,Santacruz_AWS,19.1197,72.8468,0.0,0.0,1008.9,8,12.0,0.125
2024-04-15T12:00,Santacruz_AWS,19.1197,72.8468,0.0,0.0,1008.1,0,16.1,0.125
2024-04-15T13:00,Santacruz_AWS,19.1197,72.8468,0.0,0.0,1007.2,2,19.2,0.125
2024-04-15T14:00,Santacruz_AWS,19.1197,72.8468,0.0,0.0,1005.9,2,19.2,0.125
2024-04-15T15:00,Santacruz_AWS,19.1197,72.8468,0.0,0.0,1005.1,1,17.5,0.125
2024-04-15T16:00,Santacruz_AWS,19.1197,72.8468,0.0,0.0,1005.1,6,20.4,0.125
2024-04-15T17:00,Santacruz_AWS,19.1197,72.8468,0.0,0.0,1005.1,6,18.2,0.125
2024-04-15T18:00,Santacruz_AWS,19.1197,72.8468,0.0,0.0,1006.1,1,19.5,0.125
2024-04-15T19:00,Santacruz_AWS,19.1197,72.8468,0.0,0.0,1006.8,8,21.7,0.125
2024-04-15T20:00,Santacruz_AWS,19.1197,72.8468,0.0,0.0,1007.6,5,18.8,0.125
2024-04-15T21:00,Santacruz_AWS,19.1197,72.8468,0.0,0.0,1008.1,4,13.4,0.125
2024-04-15T22:00,Santacruz_AWS,19.1197,72.8468,0.0,0.0,1008.4,9,8.1,0.125
2024-04-15T23:00,Santacruz_AWS,19.1197,72.8468,0.0,0.0,1008.7,9,6.4,0.125
2024-04-16T00:00,Santacruz_AWS,19.1197,72.8468,0.0,0.0,1008.3,12,12.9,0.125
2024-04-16T01:00,Santacruz_AWS,19.1197,72.8468,0.0,0.0,1007.8,12,13.8,0.125
2024-04-16T02:00,Santacruz_AWS,19.1197,72.8468,0.0,0.0,1007.2,6,13.7,0.125
2024-04-16T03:00,Santacruz_AWS,19.1197,72.8468,0.0,0.0,1006.9,19,13.5,0.125
2024-04-16T04:00,Santacruz_AWS,19.1197,72.8468,0.0,0.0,1006.8,21,13.3,0.125
2024-04-16T05:00,Santacruz_AWS,19.1197,72.8468,0.0,0.0,1006.8,21,15.3,0.125
2024-04-16T06:00,Santacruz_AWS,19.1197,72.8468,0.0,0.0,1007.0,15,14.7,0.125
2024-04-16T07:00,Santacruz_AWS,19.1197,72.8468,0.0,0.0,1007.4,38,14.4,0.125
2024-04-16T08:00,Santacruz_AWS,19.1197,72.8468,0.0,0.0,1007.8,55,10.0,0.125
2024-04-16T09:00,Santacruz_AWS,19.1197,72.8468,0.0,0.0,1007.9,9,9.3,0.125
2024-04-16T10:00,Santacruz_AWS,19.1197,72.8468,0.0,0.0,1007.6,44,9.4,0.125
2024-04-16T11:00,Santacruz_AWS,19.1197,72.8468,0.0,0.0,1007.3,3,9.1,0.125
2024-04-16T12:00,Santacruz_AWS,19.1197,72.8468,0.0,0.0,1006.6,67,13.0,0.125
2024-04-16T13:00,Santacruz_AWS,19.1197,72.8468,0.0,0.0,1005.7,27,16.9,0.125
2024-04-16T14:00,Santacruz_AWS,19.1197,72.8468,0.0,0.0,1004.4,11,15.7,0.125
2024-04-16T15:00,Santacruz_AWS,19.1197,72.8468,0.0,0.0,1003.8,12,17.7,0.125
2024-04-16T16:00,Santacruz_AWS,19.1197,72.8468,0.0,0.0,1003.4,17,20.2,0.125
2024-04-16T17:00,Santacruz_AWS,19.1197,72.8468,0.0,0.0,1003.6,3,21.6,0.125
2024-04-16T18:00,Santacruz_AWS,19.1197,72.8468,0.0,0.0,1004.8,4,17.4,0.125
2024-04-16T19:00,Santacruz_AWS,19.1197,72.8468,0.0,0.0,1005.5,62,17.1,0.125
2024-04-16T20:00,Santacruz_AWS,19.1197,72.8468,0.0,0.0,1005.9,45,15.3,0.125
2024-04-16T21:00,Santacruz_AWS,19.1197,72.8468,0.0,0.0,1006.6,15,15.8,0.125
2024-04-16T22:00,Santacruz_AWS,19.1197,72.8468,0.0,0.0,1007.0,5,10.9,0.125
2024-04-16T23:00,Santacruz_AWS,19.1197,72.8468,0.0,0.0,1007.1,14,5.8,0.125
2024-04-17T00:00,Santacruz_AWS,19.1197,72.8468,0.0,0.0,1006.6,86,4.2,0.125
2024-04-17T01:00,Santacruz_AWS,19.1197,72.8468,0.0,0.0,1006.3,49,3.3,0.125
2024-04-17T02:00,Santacruz_AWS,19.1197,72.8468,0.0,0.0,1005.8,28,13.3,0.125
2024-04-17T03:00,Santacruz_AWS,19.1197,72.8468,0.0,0.0,1005.3,52,14.7,0.125
2024-04-17T04:00,Santacruz_AWS,19.1197,72.8468,0.0,0.0,1005.3,94,12.6,0.125
2024-04-17T05:00,Santacruz_AWS,19.1197,72.8468,0.0,0.0,1005.5,57,7.9,0.125
2024-04-17T06:00,Santacruz_AWS,19.1197,72.8468,0.0,0.0,1006.1,77,5.4,0.125
2024-04-17T07:00,Santacruz_AWS,19.1197,72.8468,0.0,0.0,1007.1,65,9.7,0.125
2024-04-17T08:00,Santacruz_AWS,19.1197,72.8468,0.0,0.0,1007.8,12,9.9,0.125
2024-04-17T09:00,Santacruz_AWS,19.1197,72.8468,0.0,0.0,1008.2,23,12.3,0.125
2024-04-17T10:00,Santacruz_AWS,19.1197,72.8468,0.0,0.0,1008.3,16,15.3,0.125
2024-04-17T11:00,Santacruz_AWS,19.1197,72.8468,0.0,0.0,1008.0,4,16.6,0.125
2024-04-17T12:00,Santacruz_AWS,19.1197,72.8468,0.0,0.0,1007.7,14,18.2,0.125
2024-04-17T13:00,Santacruz_AWS,19.1197,72.8468,0.0,0.0,1007.2,2,16.5,0.125
2024-04-17T14:00,Santacruz_AWS,19.1197,72.8468,0.0,0.0,1006.2,0,15.1,0.125
2024-04-17T15:00,Santacruz_AWS,19.1197,72.8468,0.0,0.0,1005.8,0,14.8,0.125
2024-04-17T16:00,Santacruz_AWS,19.1197,72.8468,0.0,0.0,1005.0,1,13.8,0.125
2024-04-17T17:00,Santacruz_AWS,19.1197,72.8468,0.0,0.0,1005.0,1,11.5,0.125
2024-04-17T18:00,Santacruz_AWS,19.1197,72.8468,0.0,0.0,1006.1,0,10.5,0.125
2024-04-17T19:00,Santacruz_AWS,19.1197,72.8468,0.0,0.0,1006.9,0,9.9,0.125
2024-04-17T20:00,Santacruz_AWS,19.1197,72.8468,0.0,0.0,1007.5,5,9.5,0.125
2024-04-17T21:00,Santacruz_AWS,19.1197,72.8468,0.0,0.0,1007.9,0,8.7,0.125
2024-04-17T22:00,Santacruz_AWS,19.1197,72.8468,0.0,0.0,1008.1,2,10.8,0.125
2024-04-17T23:00,Santacruz_AWS,19.1197,72.8468,0.0,0.0,1008.1,3,11.4,0.125
2024-04-18T00:00,Santacruz_AWS,19.1197,72.8468,0.0,0.0,1007.8,8,8.3,0.125
2024-04-18T01:00,Santacruz_AWS,19.1197,72.8468,0.0,0.0,1007.3,5,6.6,0.125
2024-04-18T02:00,Santacruz_AWS,19.1197,72.8468,0.0,0.0,1007.1,17,6.3,0.125
2024-04-18T03:00,Santacruz_AWS,19.1197,72.8468,0.0,0.0,1006.7,20,4.2,0.125
2024-04-18T04:00,Santacruz_AWS,19.1197,72.8468,0.0,0.0,1006.5,23,5.8,0.125
2024-04-18T05:00,Santacruz_AWS,19.1197,72.8468,0.0,0.0,1006.7,75,7.7,0.125
2024-04-18T06:00,Santacruz_AWS,19.1197,72.8468,0.0,0.0,1006.8,98,8.4,0.125
2024-04-18T07:00,Santacruz_AWS,19.1197,72.8468,0.0,0.0,1007.6,40,7.6,0.125
2024-04-18T08:00,Santacruz_AWS,19.1197,72.8468,0.0,0.0,1008.4,29,6.3,0.125
2024-04-18T09:00,Santacruz_AWS,19.1197,72.8468,0.0,0.0,1008.6,20,6.9,0.125
2024-04-18T10:00,Santacruz_AWS,19.1197,72.8468,0.0,0.0,1008.3,68,10.9,0.125
2024-04-18T11:00,Santacruz_AWS,19.1197,72.8468,0.0,0.0,1007.8,90,15.2,0.125
2024-04-18T12:00,Santacruz_AWS,19.1197,72.8468,0.0,0.0,1006.9,96,17.8,0.125
2024-04-18T13:00,Santacruz_AWS,19.1197,72.8468,0.0,0.0,1006.1,97,18.7,0.125
2024-04-18T14:00,Santacruz_AWS,19.1197,72.8468,0.0,0.0,1005.1,62,21.3,0.125
2024-04-18T15:00,Santacruz_AWS,19.1197,72.8468,0.0,0.0,1004.3,98,20.9,0.125
2024-04-18T16:00,Santacruz_AWS,19.1197,72.8468,0.0,0.0,1003.8,61,18.9,0.125
2024-04-18T17:00,Santacruz_AWS,19.1197,72.8468,0.0,0.0,1003.5,38,17.9,0.125
2024-04-18T18:00,Santacruz_AWS,19.1197,72.8468,0.0,0.0,1004.4,5,16.5,0.125
2024-04-18T19:00,Santacruz_AWS,19.1197,72.8468,0.0,0.0,1004.8,27,12.5,0.125
2024-04-18T20:00,Santacruz_AWS,19.1197,72.8468,0.0,0.0,1005.5,30,12.3,0.125
2024-04-18T21:00,Santacruz_AWS,19.1197,72.8468,0.0,0.0,1006.0,13,9.7,0.125
2024-04-18T22:00,Santacruz_AWS,19.1197,72.8468,0.0,0.0,1006.6,13,5.4,0.125
2024-04-18T23:00,Santacruz_AWS,19.1197,72.8468,0.0,0.0,1006.6,13,0.8,0.125
2024-04-19T00:00,Santacruz_AWS,19.1197,72.8468,0.0,0.0,1006.3,37,1.0,0.125
2024-04-19T01:00,Santacruz_AWS,19.1197,72.8468,0.0,0.0,1005.8,53,0.7,0.125
2024-04-19T02:00,Santacruz_AWS,19.1197,72.8468,0.0,0.0,1005.2,22,2.5,0.125
2024-04-19T03:00,Santacruz_AWS,19.1197,72.8468,0.0,0.0,1004.6,28,5.1,0.125
2024-04-19T04:00,Santacruz_AWS,19.1197,72.8468,0.0,0.0,1004.4,12,4.7,0.125
2024-04-19T05:00,Santacruz_AWS,19.1197,72.8468,0.0,0.0,1004.8,12,0.8,0.125
2024-04-19T06:00,Santacruz_AWS,19.1197,72.8468,0.0,0.0,1005.5,9,4.8,0.125
2024-04-19T07:00,Santacruz_AWS,19.1197,72.8468,0.0,0.0,1006.0,9,5.5,0.125
2024-04-19T08:00,Santacruz_AWS,19.1197,72.8468,0.0,0.0,1006.7,6,3.1,0.125
2024-04-19T09:00,Santacruz_AWS,19.1197,72.8468,0.0,0.0,1006.9,26,1.5,0.125
2024-04-19T10:00,Santacruz_AWS,19.1197,72.8468,0.0,0.0,1006.4,53,5.6,0.125
2024-04-19T11:00,Santacruz_AWS,19.1197,72.8468,0.0,0.0,1005.8,9,13.0,0.125
2024-04-19T12:00,Santacruz_AWS,19.1197,72.8468,0.0,0.0,1005.2,0,17.4,0.125
2024-04-19T13:00,Santacruz_AWS,19.1197,72.8468,0.0,0.0,1004.5,2,20.7,0.125
2024-04-19T14:00,Santacruz_AWS,19.1197,72.8468,0.0,0.0,1003.4,0,23.5,0.125
2024-04-19T15:00,Santacruz_AWS,19.1197,72.8468,0.0,0.0,1002.7,0,25.5,0.125
2024-04-19T16:00,Santacruz_AWS,19.1197,72.8468,0.0,0.0,1002.1,0,26.7,0.125
2024-04-19T17:00,Santacruz_AWS,19.1197,72.8468,0.0,0.0,1002.1,0,24.4,0.125
2024-04-19T18:00,Santacruz_AWS,19.1197,72.8468,0.0,0.0,1003.3,9,22.7,0.125
2024-04-19T19:00,Santacruz_AWS,19.1197,72.8468,0.0,0.0,1004.1,16,19.6,0.125
2024-04-19T20:00,Santacruz_AWS,19.1197,72.8468,0.0,0.0,1004.9,28,20.7,0.125
2024-04-19T21:00,Santacruz_AWS,19.1197,72.8468,0.0,0.0,1005.5,28,19.4,0.125
2024-04-19T22:00,Santacruz_AWS,19.1197,72.8468,0.0,0.0,1005.8,26,16.9,0.125
2024-04-19T23:00,Santacruz_AWS,19.1197,72.8468,0.0,0.0,1005.8,18,12.3,0.125
2024-04-20T00:00,Santacruz_AWS,19.1197,72.8468,0.0,0.0,1005.6,21,6.0,0.125
2024-04-20T01:00,Santacruz_AWS,19.1197,72.8468,0.0,0.0,1005.1,19,5.5,0.125
2024-04-20T02:00,Santacruz_AWS,19.1197,72.8468,0.0,0.0,1004.5,23,6.2,0.125
2024-04-20T03:00,Santacruz_AWS,19.1197,72.8468,0.0,0.0,1004.3,11,5.5,0.125
2024-04-20T04:00,Santacruz_AWS,19.1197,72.8468,0.0,0.0,1004.5,9,6.6,0.125
2024-04-20T05:00,Santacruz_AWS,19.1197,72.8468,0.0,0.0,1004.9,33,5.2,0.126
2024-04-20T06:00,Santacruz_AWS,19.1197,72.8468,0.0,0.0,1004.7,40,8.5,0.126
2024-04-20T07:00,Santacruz_AWS,19.1197,72.8468,0.0,0.0,1005.8,13,9.4,0.126
2024-04-20T08:00,Santacruz_AWS,19.1197,72.8468,0.0,0.0,1006.2,12,13.6,0.126
2024-04-20T09:00,Santacruz_AWS,19.1197,72.8468,0.0,0.0,1006.8,16,13.9,0.126
2024-04-20T10:00,Santacruz_AWS,19.1197,72.8468,0.0,0.0,1007.0,19,15.0,0.126
2024-04-20T11:00,Santacruz_AWS,19.1197,72.8468,0.0,0.0,1006.7,23,20.7,0.126
2024-04-20T12:00,Santacruz_AWS,19.1197,72.8468,0.0,0.0,1005.7,17,24.2,0.126
2024-04-20T13:00,Santacruz_AWS,19.1197,72.8468,0.0,0.0,1004.7,16,25.0,0.126
2024-04-20T14:00,Santacruz_AWS,19.1197,72.8468,0.0,0.0,1003.5,5,26.5,0.126
2024-04-20T15:00,Santacruz_AWS,19.1197,72.8468,0.0,0.0,1002.8,1,27.0,0.126
2024-04-20T16:00,Santacruz_AWS,19.1197,72.8468,0.0,0.0,1002.9,0,24.8,0.126
2024-04-20T17:00,Santacruz_AWS,19.1197,72.8468,0.0,0.0,1003.2,2,22.5,0.126
2024-04-20T18:00,Santacruz_AWS,19.1197,72.8468,0.0,0.0,1005.2,23,20.1,0.126
2024-04-20T19:00,Santacruz_AWS,19.1197,72.8468,0.0,0.0,1005.9,11,16.8,0.126
2024-04-20T20:00,Santacruz_AWS,19.1197,72.8468,0.0,0.0,1006.9,3,10.2,0.126
2024-04-20T21:00,Santacruz_AWS,19.1197,72.8468,0.0,0.0,1007.7,5,9.8,0.126
2024-04-20T22:00,Santacruz_AWS,19.1197,72.8468,0.0,0.0,1007.8,0,8.2,0.126
2024-04-20T23:00,Santacruz_AWS,19.1197,72.8468,0.0,0.0,1007.4,0,5.6,0.126
2024-04-21T00:00,Santacruz_AWS,19.1197,72.8468,0.0,0.0,1006.9,34,5.4,0.126
2024-04-21T01:00,Santacruz_AWS,19.1197,72.8468,0.0,0.0,1006.0,21,7.2,0.126
2024-04-21T02:00,Santacruz_AWS,19.1197,72.8468,0.0,0.0,1005.7,84,4.3,0.126
2024-04-21T03:00,Santacruz_AWS,19.1197,72.8468,0.0,0.0,1005.3,38,4.0,0.126
2024-04-21T04:00,Santacruz_AWS,19.1197,72.8468,0.0,0.0,1005.5,0,6.2,0.126
2024-04-21T05:00,Santacruz_AWS,19.1197,72.8468,0.0,0.0,1005.9,0,6.3,0.126
2024-04-21T06:00,Santacruz_AWS,19.1197,72.8468,0.0,0.0,1005.7,36,9.4,0.126
2024-04-21T07:00,Santacruz_AWS,19.1197,72.8468,0.0,0.0,1006.7,21,8.4,0.126
2024-04-21T08:00,Santacruz_AWS,19.1197,72.8468,0.0,0.0,1007.3,0,11.2,0.126
2024-04-21T09:00,Santacruz_AWS,19.1197,72.8468,0.0,0.0,1007.6,4,13.4,0.126
2024-04-21T10:00,Santacruz_AWS,19.1197,72.8468,0.0,0.0,1007.7,4,16.1,0.126
2024-04-21T11:00,Santacruz_AWS,19.1197,72.8468,0.0,0.0,1007.2,5,20.4,0.126
2024-04-21T12:00,Santacruz_AWS,19.1197,72.8468,0.0,0.0,1006.8,7,22.5,0.126
2024-04-21T13:00,Santacruz_AWS,19.1197,72.8468,0.0,0.0,1006.0,5,24.3,0.126
2024-04-21T14:00,Santacruz_AWS,19.1197,72.8468,0.0,0.0,1005.2,2,25.5,0.126
2024-04-21T15:00,Santacruz_AWS,19.1197,72.8468,0.0,0.0,1004.4,0,26.0,0.126
2024-04-21T16:00,Santacruz_AWS,19.1197,72.8468,0.0,0.0,1004.1,0,25.0,0.126
2024-04-21T17:00,Santacruz_AWS,19.1197,72.8468,0.0,0.0,1004.2,3,22.9,0.126
2024-04-21T18:00,Santacruz_AWS,19.1197,72.8468,0.0,0.0,1005.2,17,18.1,0.126
2024-04-21T19:00,Santacruz_AWS,19.1197,72.8468,0.0,0.0,1005.9,32,18.3,0.126
2024-04-21T20:00,Santacruz_AWS,19.1197,72.8468,0.0,0.0,1006.3,72,17.9,0.126
2024-04-21T21:00,Santacruz_AWS,19.1197,72.8468,0.0,0.0,1006.8,59,18.5,0.126
2024-04-21T22:00,Santacruz_AWS,19.1197,72.8468,0.0,0.0,1007.3,9,15.9,0.126
2024-04-21T23:00,Santacruz_AWS,19.1197,72.8468,0.0,0.0,1007.5,3,10.8,0.126
2024-04-22T00:00,Santacruz_AWS,19.1197,72.8468,0.0,0.0,1006.9,9,12.4,0.126
2024-04-22T01:00,Santacruz_AWS,19.1197,72.8468,0.0,0.0,1006.5,2,6.8,0.126
2024-04-22T02:00,Santacruz_AWS,19.1197,72.8468,0.0,0.0,1006.1,0,5.4,0.126
2024-04-22T03:00,Santacruz_AWS,19.1197,72.8468,0.0,0.0,1006.0,0,5.4,0.126
2024-04-22T04:00,Santacruz_AWS,19.1197,72.8468,0.0,0.0,1006.1,1,6.5,0.126
2024-04-22T05:00,Santacruz_AWS,19.1197,72.8468,0.0,0.0,1006.7,6,6.8,0.126
2024-04-22T06:00,Santacruz_AWS,19.1197,72.8468,0.0,0.0,1007.2,11,5.8,0.126
2024-04-22T07:00,Santacruz_AWS,19.1197,72.8468,0.0,0.0,1007.9,28,10.1,0.126
2024-04-22T08:00,Santacruz_AWS,19.1197,72.8468,0.0,0.0,1008.5,17,10.6,0.126
2024-04-22T09:00,Santacruz_AWS,19.1197,72.8468,0.0,0.0,1008.7,23,13.7,0.126
2024-04-22T10:00,Santacruz_AWS,19.1197,72.8468,0.0,0.0,1008.7,20,17.3,0.126
2024-04-22T11:00,Santacruz_AWS,19.1197,72.8468,0.0,0.0,1008.2,33,20.4,0.126
2024-04-22T12:00,Santacruz_AWS,19.1197,72.8468,0.0,0.0,1007.6,63,22.7,0.126
2024-04-22T13:00,Santacruz_AWS,19.1197,72.8468,0.0,0.0,1006.7,74,24.2,0.126
2024-04-22T14:00,Santacruz_AWS,19.1197,72.8468,0.0,0.0,1005.8,69,24.4,0.126
2024-04-22T15:00,Santacruz_AWS,19.1197,72.8468,0.0,0.0,1005.2,77,23.2,0.126
2024-04-22T16:00,Santacruz_AWS,19.1197,72.8468,0.0,0.0,1004.7,59,22.2,0.126
2024-04-22T17:00,Santacruz_AWS,19.1197,72.8468,0.0,0.0,1004.8,65,20.2,0.126
2024-04-22T18:00,Santacruz_AWS,19.1197,72.8468,0.0,0.0,1005.4,3,18.6,0.126
2024-04-22T19:00,Santacruz_AWS,19.1197,72.8468,0.0,0.0,1006.0,1,16.3,0.126
2024-04-22T20:00,Santacruz_AWS,19.1197,72.8468,0.0,0.0,1006.5,0,16.1,0.126
2024-04-22T21:00,Santacruz_AWS,19.1197,72.8468,0.0,0.0,1007.4,0,15.3,0.126
2024-04-22T22:00,Santacruz_AWS,19.1197,72.8468,0.0,0.0,1008.1,0,14.3,0.126
2024-04-22T23:00,Santacruz_AWS,19.1197,72.8468,0.0,0.0,1008.0,0,12.4,0.126
2024-04-23T00:00,Santacruz_AWS,19.1197,72.8468,0.0,0.0,1007.6,0,10.2,0.126
2024-04-23T01:00,Santacruz_AWS,19.1197,72.8468,0.0,0.0,1006.8,0,8.7,0.126
2024-04-23T02:00,Santacruz_AWS,19.1197,72.8468,0.0,0.0,1006.4,0,7.3,0.126
2024-04-23T03:00,Santacruz_AWS,19.1197,72.8468,0.0,0.0,1005.7,0,5.9,0.126
2024-04-23T04:00,Santacruz_AWS,19.1197,72.8468,0.0,0.0,1005.8,0,4.6,0.126
2024-04-23T05:00,Santacruz_AWS,19.1197,72.8468,0.0,0.0,1006.2,1,4.8,0.126
2024-04-23T06:00,Santacruz_AWS,19.1197,72.8468,0.0,0.0,1006.5,6,5.6,0.126
2024-04-23T07:00,Santacruz_AWS,19.1197,72.8468,0.0,0.0,1007.0,14,7.8,0.126
2024-04-23T08:00,Santacruz_AWS,19.1197,72.8468,0.0,0.0,1007.6,14,8.1,0.126
2024-04-23T09:00,Santacruz_AWS,19.1197,72.8468,0.0,0.0,1007.7,8,9.1,0.126
2024-04-23T10:00,Santacruz_AWS,19.1197,72.8468,0.0,0.0,1007.5,0,12.5,0.126
2024-04-23T11:00,Santacruz_AWS,19.1197,72.8468,0.0,0.0,1006.9,0,17.4,0.126
2024-04-23T12:00,Santacruz_AWS,19.1197,72.8468,0.0,0.0,1006.4,0,20.7,0.126
2024-04-23T13:00,Santacruz_AWS,19.1197,72.8468,0.0,0.0,1005.5,0,22.5,0.126
2024-04-23T14:00,Santacruz_AWS,19.1197,72.8468,0.0,0.0,1004.6,0,23.5,0.126
2024-04-23T15:00,Santacruz_AWS,19.1197,72.8468,0.0,0.0,1003.8,0,23.4,0.126
2024-04-23T16:00,Santacruz_AWS,19.1197,72.8468,0.0,0.0,1003.2,0,22.7,0.126
2024-04-23T17:00,Santacruz_AWS,19.1197,72.8468,0.0,0.0,1003.1,0,21.0,0.126
2024-04-23T18:00,Santacruz_AWS,19.1197,72.8468,0.0,0.0,1003.5,0,20.9,0.126
2024-04-23T19:00,Santacruz_AWS,19.1197,72.8468,0.0,0.0,1004.0,0,18.7,0.126
2024-04-23T20:00,Santacruz_AWS,19.1197,72.8468,0.0,0.0,1004.8,0,15.7,0.126
2024-04-23T21:00,Santacruz_AWS,19.1197,72.8468,0.0,0.0,1005.3,0,14.4,0.126
2024-04-23T22:00,Santacruz_AWS,19.1197,72.8468,0.0,0.0,1005.8,0,13.0,0.126
2024-04-23T23:00,Santacruz_AWS,19.1197,72.8468,0.0,0.0,1005.9,0,8.7,0.126
2024-04-24T00:00,Santacruz_AWS,19.1197,72.8468,0.0,0.0,1005.4,0,7.3,0.126
2024-04-24T01:00,Santacruz_AWS,19.1197,72.8468,0.0,0.0,1004.7,0,5.8,0.126
2024-04-24T02:00,Santacruz_AWS,19.1197,72.8468,0.0,0.0,1004.3,0,4.7,0.126
2024-04-24T03:00,Santacruz_AWS,19.1197,72.8468,0.0,0.0,1004.2,0,5.2,0.126
2024-04-24T04:00,Santacruz_AWS,19.1197,72.8468,0.0,0.0,1004.4,0,4.7,0.126
2024-04-24T05:00,Santacruz_AWS,19.1197,72.8468,0.0,0.0,1004.7,0,5.9,0.126
2024-04-24T06:00,Santacruz_AWS,19.1197,72.8468,0.0,0.0,1005.1,34,9.2,0.126
2024-04-24T07:00,Santacruz_AWS,19.1197,72.8468,0.0,0.0,1005.8,34,10.8,0.126
2024-04-24T08:00,Santacruz_AWS,19.1197,72.8468,0.0,0.0,1006.5,23,12.8,0.126
2024-04-24T09:00,Santacruz_AWS,19.1197,72.8468,0.0,0.0,1006.6,6,13.9,0.126
2024-04-24T10:00,Santacruz_AWS,19.1197,72.8468,0.0,0.0,1006.7,2,13.0,0.126
2024-04-24T11:00,Santacruz_AWS,19.1197,72.8468,0.0,0.0,1006.1,1,13.9,0.126
2024-04-24T12:00,Santacruz_AWS,19.1197,72.8468,0.0,0.0,1005.5,0,18.4,0.126
2024-04-24T13:00,Santacruz_AWS,19.1197,72.8468,0.0,0.0,1004.7,0,21.3,0.126
2024-04-24T14:00,Santacruz_AWS,19.1197,72.8468,0.0,0.0,1003.9,0,21.8,0.126
2024-04-24T15:00,Santacruz_AWS,19.1197,72.8468,0.0,0.0,1003.1,0,22.3,0.126
2024-04-24T16:00,Santacruz_AWS,19.1197,72.8468,0.0,0.0,1002.6,0,21.5,0.126
2024-04-24T17:00,Santacruz_AWS,19.1197,72.8468,0.0,0.0,1002.6,0,19.9,0.126
2024-04-24T18:00,Santacruz_AWS,19.1197,72.8468,0.0,0.0,1003.3,6,22.0,0.126
2024-04-24T19:00,Santacruz_AWS,19.1197,72.8468,0.0,0.0,1004.0,23,21.1,0.126
2024-04-24T20:00,Santacruz_AWS,19.1197,72.8468,0.0,0.0,1004.8,10,18.3,0.126
2024-04-24T21:00,Santacruz_AWS,19.1197,72.8468,0.0,0.0,1005.8,3,14.8,0.126
2024-04-24T22:00,Santacruz_AWS,19.1197,72.8468,0.0,0.0,1006.8,7,4.0,0.126
2024-04-24T23:00,Santacruz_AWS,19.1197,72.8468,0.0,0.0,1006.9,26,4.8,0.126
2024-04-25T00:00,Santacruz_AWS,19.1197,72.8468,0.0,0.0,1006.3,32,4.2,0.126
2024-04-25T01:00,Santacruz_AWS,19.1197,72.8468,0.0,0.0,1005.8,9,4.1,0.126
2024-04-25T02:00,Santacruz_AWS,19.1197,72.8468,0.0,0.0,1005.4,15,3.7,0.126
2024-04-25T03:00,Santacruz_AWS,19.1197,72.8468,0.0,0.0,1004.9,3,5.0,0.126
2024-04-25T04:00,Santacruz_AWS,19.1197,72.8468,0.0,0.0,1005.0,4,5.2,0.126
2024-04-25T05:00,Santacruz_AWS,19.1197,72.8468,0.0,0.0,1005.5,6,6.3,0.126
2024-04-25T06:00,Santacruz_AWS,19.1197,72.8468,0.0,0.0,1005.6,36,9.7,0.126
2024-04-25T07:00,Santacruz_AWS,19.1197,72.8468,0.0,0.0,1006.3,33,14.5,0.126
2024-04-25T08:00,Santacruz_AWS,19.1197,72.8468,0.0,0.0,1007.0,22,14.2,0.126
2024-04-25T09:00,Santacruz_AWS,19.1197,72.8468,0.0,0.0,1007.1,4,15.2,0.126
2024-04-25T10:00,Santacruz_AWS,19.1197,72.8468,0.0,0.0,1006.8,5,18.4,0.126
2024-04-25T11:00,Santacruz_AWS,19.1197,72.8468,0.0,0.0,1006.1,4,20.4,0.126
2024-04-25T12:00,Santacruz_AWS,19.1197,72.8468,0.0,0.0,1005.6,0,21.2,0.126
2024-04-25T13:00,Santacruz_AWS,19.1197,72.8468,0.0,0.0,1004.8,0,23.8,0.126
2024-04-25T14:00,Santacruz_AWS,19.1197,72.8468,0.0,0.0,1003.9,0,24.5,0.126
2024-04-25T15:00,Santacruz_AWS,19.1197,72.8468,0.0,0.0,1003.4,0,25.5,0.126
2024-04-25T16:00,Santacruz_AWS,19.1197,72.8468,0.0,0.0,1003.1,0,24.6,0.126
2024-04-25T17:00,Santacruz_AWS,19.1197,72.8468,0.0,0.0,1003.3,0,22.3,0.126
2024-04-25T18:00,Santacruz_AWS,19.1197,72.8468,0.0,0.0,1003.8,1,22.0,0.126
2024-04-25T19:00,Santacruz_AWS,19.1197,72.8468,0.0,0.0,1004.3,5,20.1,0.126
2024-04-25T20:00,Santacruz_AWS,19.1197,72.8468,0.0,0.0,1005.2,22,17.3,0.126
2024-04-25T21:00,Santacruz_AWS,19.1197,72.8468,0.0,0.0,1005.9,2,14.0,0.126
2024-04-25T22:00,Santacruz_AWS,19.1197,72.8468,0.0,0.0,1006.5,5,5.4,0.126
2024-04-25T23:00,Santacruz_AWS,19.1197,72.8468,0.0,0.0,1006.4,5,5.1,0.126
2024-04-26T00:00,Santacruz_AWS,19.1197,72.8468,0.0,0.0,1005.9,10,6.4,0.126
2024-04-26T01:00,Santacruz_AWS,19.1197,72.8468,0.0,0.0,1005.3,3,5.2,0.126
2024-04-26T02:00,Santacruz_AWS,19.1197,72.8468,0.0,0.0,1004.7,2,5.4,0.126
2024-04-26T03:00,Santacruz_AWS,19.1197,72.8468,0.0,0.0,1004.6,6,5.1,0.126
2024-04-26T04:00,Santacruz_AWS,19.1197,72.8468,0.0,0.0,1004.8,34,6.6,0.126
2024-04-26T05:00,Santacruz_AWS,19.1197,72.8468,0.0,0.0,1005.3,36,7.4,0.126
2024-04-26T06:00,Santacruz_AWS,19.1197,72.8468,0.0,0.0,1006.1,62,9.2,0.126
2024-04-26T07:00,Santacruz_AWS,19.1197,72.8468,0.0,0.0,1006.8,5,4.7,0.126
2024-04-26T08:00,Santacruz_AWS,19.1197,72.8468,0.0,0.0,1006.6,0,10.2,0.126
2024-04-26T09:00,Santacruz_AWS,19.1197,72.8468,0.0,0.0,1006.8,0,9.0,0.126
2024-04-26T10:00,Santacruz_AWS,19.1197,72.8468,0.0,0.0,1006.4,0,14.8,0.126
2024-04-26T11:00,Santacruz_AWS,19.1197,72.8468,0.0,0.0,1006.0,2,18.2,0.126
2024-04-26T12:00,Santacruz_AWS,19.1197,72.8468,0.0,0.0,1005.4,3,20.0,0.126
2024-04-26T13:00,Santacruz_AWS,19.1197,72.8468,0.0,0.0,1004.8,0,21.9,0.126
2024-04-26T14:00,Santacruz_AWS,19.1197,72.8468,0.0,0.0,1004.3,1,22.1,0.126
2024-04-26T15:00,Santacruz_AWS,19.1197,72.8468,0.0,0.0,1003.8,2,21.6,0.126
2024-04-26T16:00,Santacruz_AWS,19.1197,72.8468,0.0,0.0,1003.6,0,20.6,0.126
2024-04-26T17:00,Santacruz_AWS,19.1197,72.8468,0.0,0.0,1003.7,6,18.7,0.126
2024-04-26T18:00,Santacruz_AWS,19.1197,72.8468,0.0,0.0,1003.9,51,20.1,0.126
2024-04-26T19:00,Santacruz_AWS,19.1197,72.8468,0.0,0.0,1004.4,43,16.8,0.126
2024-04-26T20:00,Santacruz_AWS,19.1197,72.8468,0.0,0.0,1004.9,36,17.3,0.126
2024-04-26T21:00,Santacruz_AWS,19.1197,72.8468,0.0,0.0,1005.5,30,17.8,0.126
2024-04-26T22:00,Santacruz_AWS,19.1197,72.8468,0.0,0.0,1006.0,17,17.6,0.126
2024-04-26T23:00,Santacruz_AWS,19.1197,72.8468,0.0,0.0,1006.1,2,16.2,0.126
2024-04-27T00:00,Santacruz_AWS,19.1197,72.8468,0.0,0.0,1005.9,0,10.1,0.126
2024-04-27T01:00,Santacruz_AWS,19.1197,72.8468,0.0,0.0,1005.2,1,8.6,0.126
2024-04-27T02:00,Santacruz_AWS,19.1197,72.8468,0.0,0.0,1005.2,9,5.9,0.126
2024-04-27T03:00,Santacruz_AWS,19.1197,72.8468,0.0,0.0,1004.7,12,7.2,0.126
2024-04-27T04:00,Santacruz_AWS,19.1197,72.8468,0.0,0.0,1004.8,10,8.3,0.126
2024-04-27T05:00,Santacruz_AWS,19.1197,72.8468,0.0,0.0,1005.3,13,8.7,0.126
2024-04-27T06:00,Santacruz_AWS,19.1197,72.8468,0.0,0.0,1005.9,52,11.2,0.12
2024-04-27T07:00,Santacruz_AWS,19.1197,72.8468,0.0,0.0,1006.7,2,12.6,0.12
2024-04-27T08:00,Santacruz_AWS,19.1197,72.8468,0.0,0.0,1007.4,0,13.2,0.12
2024-04-27T09:00,Santacruz_AWS,19.1197,72.8468,0.0,0.0,1007.3,0,13.6,0.12
2024-04-27T10:00,Santacruz_AWS,19.1197,72.8468,0.0,0.0,1006.9,0,14.7,0.12
2024-04-27T11:00,Santacruz_AWS,19.1197,72.8468,0.0,0.0,1006.1,0,17.6,0.12
2024-04-27T12:00,Santacruz_AWS,19.1197,72.8468,0.0,0.0,1005.6,9,19.7,0.12
2024-04-27T13:00,Santacruz_AWS,19.1197,72.8468,0.0,0.0,1004.6,12,22.2,0.12
2024-04-27T14:00,Santacruz_AWS,19.1197,72.8468,0.0,0.0,1003.8,97,22.3,0.12
2024-04-27T15:00,Santacruz_AWS,19.1197,72.8468,0.0,0.0,1003.0,22,22.4,0.12
2024-04-27T16:00,Santacruz_AWS,19.1197,72.8468,0.0,0.0,1002.7,8,23.4,0.12
2024-04-27T17:00,Santacruz_AWS,19.1197,72.8468,0.0,0.0,1002.4,1,23.4,0.12
2024-04-27T18:00,Santacruz_AWS,19.1197,72.8468,0.0,0.0,1003.1,3,22.2,0.126
2024-04-27T19:00,Santacruz_AWS,19.1197,72.8468,0.0,0.0,1003.7,4,23.1,0.126
2024-04-27T20:00,Santacruz_AWS,19.1197,72.8468,0.0,0.0,1004.2,0,20.5,0.126
2024-04-27T21:00,Santacruz_AWS,19.1197,72.8468,0.0,0.0,1004.8,0,17.4,0.126
2024-04-27T22:00,Santacruz_AWS,19.1197,72.8468,0.0,0.0,1005.7,0,14.9,0.126
2024-04-27T23:00,Santacruz_AWS,19.1197,72.8468,0.0,0.0,1006.0,3,12.9,0.126
2024-04-28T00:00,Santacruz_AWS,19.1197,72.8468,0.0,0.0,1005.8,0,13.0,0.126
2024-04-28T01:00,Santacruz_AWS,19.1197,72.8468,0.0,0.0,1005.2,0,12.8,0.126
2024-04-28T02:00,Santacruz_AWS,19.1197,72.8468,0.0,0.0,1004.8,0,13.4,0.126
2024-04-28T03:00,Santacruz_AWS,19.1197,72.8468,0.0,0.0,1004.5,0,9.5,0.126
2024-04-28T04:00,Santacruz_AWS,19.1197,72.8468,0.0,0.0,1004.5,0,10.4,0.126
2024-04-28T05:00,Santacruz_AWS,19.1197,72.8468,0.0,0.0,1005.0,0,7.3,0.126
2024-04-28T06:00,Santacruz_AWS,19.1197,72.8468,0.0,0.0,1005.6,0,13.3,0.126
2024-04-28T07:00,Santacruz_AWS,19.1197,72.8468,0.0,0.0,1005.8,0,12.9,0.126
2024-04-28T08:00,Santacruz_AWS,19.1197,72.8468,0.0,0.0,1006.5,0,14.3,0.126
2024-04-28T09:00,Santacruz_AWS,19.1197,72.8468,0.0,0.0,1006.5,4,16.7,0.126
2024-04-28T10:00,Santacruz_AWS,19.1197,72.8468,0.0,0.0,1006.2,1,17.4,0.126
2024-04-28T11:00,Santacruz_AWS,19.1197,72.8468,0.0,0.0,1005.5,0,17.7,0.126
2024-04-28T12:00,Santacruz_AWS,19.1197,72.8468,0.0,0.0,1004.8,0,23.2,0.126
2024-04-28T13:00,Santacruz_AWS,19.1197,72.8468,0.0,0.0,1004.0,0,25.5,0.126
2024-04-28T14:00,Santacruz_AWS,19.1197,72.8468,0.0,0.0,1002.9,0,27.2,0.126
2024-04-28T15:00,Santacruz_AWS,19.1197,72.8468,0.0,0.0,1002.1,0,27.0,0.126
2024-04-28T16:00,Santacruz_AWS,19.1197,72.8468,0.0,0.0,1001.9,0,27.1,0.126
2024-04-28T17:00,Santacruz_AWS,19.1197,72.8468,0.0,0.0,1002.1,0,26.4,0.126
2024-04-28T18:00,Santacruz_AWS,19.1197,72.8468,0.0,0.0,1003.4,2,23.5,0.126
2024-04-28T19:00,Santacruz_AWS,19.1197,72.8468,0.0,0.0,1003.9,8,24.3,0.126
2024-04-28T20:00,Santacruz_AWS,19.1197,72.8468,0.0,0.0,1005.0,0,19.5,0.126
2024-04-28T21:00,Santacruz_AWS,19.1197,72.8468,0.0,0.0,1005.9,0,13.1,0.126
2024-04-28T22:00,Santacruz_AWS,19.1197,72.8468,0.0,0.0,1006.6,0,14.2,0.126
2024-04-28T23:00,Santacruz_AWS,19.1197,72.8468,0.0,0.0,1006.8,0,14.4,0.126
2024-04-29T00:00,Santacruz_AWS,19.1197,72.8468,0.0,0.0,1006.5,0,14.5,0.126
2024-04-29T01:00,Santacruz_AWS,19.1197,72.8468,0.0,0.0,1006.1,0,14.8,0.126
2024-04-29T02:00,Santacruz_AWS,19.1197,72.8468,0.0,0.0,1005.7,0,12.3,0.126
2024-04-29T03:00,Santacruz_AWS,19.1197,72.8468,0.0,0.0,1005.4,0,9.4,0.126
2024-04-29T04:00,Santacruz_AWS,19.1197,72.8468,0.0,0.0,1005.6,2,7.2,0.126
2024-04-29T05:00,Santacruz_AWS,19.1197,72.8468,0.0,0.0,1006.0,6,6.8,0.126
2024-04-29T06:00,Santacruz_AWS,19.1197,72.8468,0.0,0.0,1006.8,13,10.0,0.126
2024-04-29T07:00,Santacruz_AWS,19.1197,72.8468,0.0,0.0,1007.3,16,11.3,0.127
2024-04-29T08:00,Santacruz_AWS,19.1197,72.8468,0.0,0.0,1007.8,12,11.5,0.127
2024-04-29T09:00,Santacruz_AWS,19.1197,72.8468,0.0,0.0,1008.1,15,13.2,0.127
2024-04-29T10:00,Santacruz_AWS,19.1197,72.8468,0.0,0.0,1008.0,0,15.5,0.127
2024-04-29T11:00,Santacruz_AWS,19.1197,72.8468,0.0,0.0,1007.4,14,21.1,0.127
2024-04-29T12:00,Santacruz_AWS,19.1197,72.8468,0.0,0.0,1006.7,57,25.2,0.127
2024-04-29T13:00,Santacruz_AWS,19.1197,72.8468,0.0,0.0,1006.0,85,26.6,0.126
2024-04-29T14:00,Santacruz_AWS,19.1197,72.8468,0.0,0.0,1005.0,63,26.0,0.126
2024-04-29T15:00,Santacruz_AWS,19.1197,72.8468,0.0,0.0,1004.4,10,24.5,0.126
2024-04-29T16:00,Santacruz_AWS,19.1197,72.8468,0.0,0.0,1003.8,0,24.0,0.126
2024-04-29T17:00,Santacruz_AWS,19.1197,72.8468,0.0,0.0,1003.8,0,22.6,0.126
2024-04-29T18:00,Santacruz_AWS,19.1197,72.8468,0.0,0.0,1004.6,0,21.4,0.126
2024-04-29T19:00,Santacruz_AWS,19.1197,72.8468,0.0,0.0,1005.1,0,20.4,0.126
2024-04-29T20:00,Santacruz_AWS,19.1197,72.8468,0.0,0.0,1006.0,0,21.1,0.127
2024-04-29T21:00,Santacruz_AWS,19.1197,72.8468,0.0,0.0,1006.7,0,17.1,0.127
2024-04-29T22:00,Santacruz_AWS,19.1197,72.8468,0.0,0.0,1007.2,0,14.0,0.127
2024-04-29T23:00,Santacruz_AWS,19.1197,72.8468,0.0,0.0,1007.2,0,13.4,0.127
2024-04-30T00:00,Santacruz_AWS,19.1197,72.8468,0.0,0.0,1006.7,0,13.3,0.127
2024-04-30T01:00,Santacruz_AWS,19.1197,72.8468,0.0,0.0,1006.1,3,11.7,0.127
2024-04-30T02:00,Santacruz_AWS,19.1197,72.8468,0.0,0.0,1005.3,1,10.8,0.127
2024-04-30T03:00,Santacruz_AWS,19.1197,72.8468,0.0,0.0,1005.1,0,7.7,0.127
2024-04-30T04:00,Santacruz_AWS,19.1197,72.8468,0.0,0.0,1005.2,0,5.2,0.127
2024-04-30T05:00,Santacruz_AWS,19.1197,72.8468,0.0,0.0,1005.6,3,5.1,0.127
2024-04-30T06:00,Santacruz_AWS,19.1197,72.8468,0.0,0.0,1006.2,7,8.7,0.127
2024-04-30T07:00,Santacruz_AWS,19.1197,72.8468,0.0,0.0,1006.8,4,8.1,0.127
2024-04-30T08:00,Santacruz_AWS,19.1197,72.8468,0.0,0.0,1007.1,13,9.5,0.127
2024-04-30T09:00,Santacruz_AWS,19.1197,72.8468,0.0,0.0,1007.0,2,12.3,0.127
2024-04-30T10:00,Santacruz_AWS,19.1197,72.8468,0.0,0.0,1006.4,0,15.3,0.127
2024-04-30T11:00,Santacruz_AWS,19.1197,72.8468,0.0,0.0,1005.9,0,19.1,0.127
2024-04-30T12:00,Santacruz_AWS,19.1197,72.8468,0.0,0.0,1005.2,0,25.0,0.127
2024-04-30T13:00,Santacruz_AWS,19.1197,72.8468,0.0,0.0,1004.3,4,27.0,0.127
2024-04-30T14:00,Santacruz_AWS,19.1197,72.8468,0.0,0.0,1003.4,13,26.0,0.127
2024-04-30T15:00,Santacruz_AWS,19.1197,72.8468,0.0,0.0,1003.0,6,23.9,0.127
2024-04-30T16:00,Santacruz_AWS,19.1197,72.8468,0.0,0.0,1002.7,0,21.4,0.127
2024-04-30T17:00,Santacruz_AWS,19.1197,72.8468,0.0,0.0,1002.7,0,17.6,0.127
2024-04-30T18:00,Santacruz_AWS,19.1197,72.8468,0.0,0.0,1003.3,0,15.0,0.127
2024-04-30T19:00,Santacruz_AWS,19.1197,72.8468,0.0,0.0,1003.9,1,18.0,0.127
2024-04-30T20:00,Santacruz_AWS,19.1197,72.8468,0.0,0.0,1004.6,0,18.4,0.127
2024-04-30T21:00,Santacruz_AWS,19.1197,72.8468,0.0,0.0,1005.3,0,14.3,0.127
2024-04-30T22:00,Santacruz_AWS,19.1197,72.8468,0.0,0.0,1005.6,0,13.8,0.127
2024-04-30T23:00,Santacruz_AWS,19.1197,72.8468,0.0,0.0,1005.5,0,11.8,0.127
2024-05-01T00:00,Santacruz_AWS,19.1197,72.8468,0.0,0.0,1004.9,0,10.7,0.127
2024-05-01T01:00,Santacruz_AWS,19.1197,72.8468,0.0,0.0,1004.5,0,8.1,0.127
2024-05-01T02:00,Santacruz_AWS,19.1197,72.8468,0.0,0.0,1003.9,0,7.4,0.127
2024-05-01T03:00,Santacruz_AWS,19.1197,72.8468,0.0,0.0,1003.7,0,7.3,0.127
2024-05-01T04:00,Santacruz_AWS,19.1197,72.8468,0.0,0.0,1003.6,0,6.9,0.127
2024-05-01T05:00,Santacruz_AWS,19.1197,72.8468,0.0,0.0,1003.7,0,7.1,0.127
2024-05-01T06:00,Santacruz_AWS,19.1197,72.8468,0.0,0.0,1004.3,0,7.9,0.127
2024-05-01T07:00,Santacruz_AWS,19.1197,72.8468,0.0,0.0,1005.0,0,4.5,0.127
2024-05-01T08:00,Santacruz_AWS,19.1197,72.8468,0.0,0.0,1005.5,0,5.6,0.127
2024-05-01T09:00,Santacruz_AWS,19.1197,72.8468,0.0,0.0,1005.7,0,7.9,0.127
2024-05-01T10:00,Santacruz_AWS,19.1197,72.8468,0.0,0.0,1005.9,78,13.4,0.127
2024-05-01T11:00,Santacruz_AWS,19.1197,72.8468,0.0,0.0,1005.6,39,16.8,0.127
2024-05-01T12:00,Santacruz_AWS,19.1197,72.8468,0.0,0.0,1005.2,63,18.6,0.127
2024-05-01T13:00,Santacruz_AWS,19.1197,72.8468,0.0,0.0,1004.3,82,19.6,0.127
2024-05-01T14:00,Santacruz_AWS,19.1197,72.8468,0.0,0.0,1003.4,2,19.9,0.127
2024-05-01T15:00,Santacruz_AWS,19.1197,72.8468,0.0,0.0,1002.8,0,20.0,0.127
2024-05-01T16:00,Santacruz_AWS,19.1197,72.8468,0.0,0.0,1002.5,0,19.4,0.127
2024-05-01T17:00,Santacruz_AWS,19.1197,72.8468,0.0,0.0,1002.3,69,16.6,0.127
2024-05-01T18:00,Santacruz_AWS,19.1197,72.8468,0.0,0.0,1003.3,10,15.8,0.127
2024-05-01T19:00,Santacruz_AWS,19.1197,72.8468,0.0,0.0,1003.8,2,12.6,0.127
2024-05-01T20:00,Santacruz_AWS,19.1197,72.8468,0.0,0.0,1004.6,11,8.8,0.127
2024-05-01T21:00,Santacruz_AWS,19.1197,72.8468,0.0,0.0,1005.0,0,5.1,0.127
2024-05-01T22:00,Santacruz_AWS,19.1197,72.8468,0.0,0.0,1005.3,0,7.2,0.127
2024-05-01T23:00,Santacruz_AWS,19.1197,72.8468,0.0,0.0,1005.3,0,6.8,0.127
2024-05-02T00:00,Santacruz_AWS,19.1197,72.8468,0.0,0.0,1004.8,0,6.3,0.127
2024-05-02T01:00,Santacruz_AWS,19.1197,72.8468,0.0,0.0,1004.3,0,3.2,0.127
2024-05-02T02:00,Santacruz_AWS,19.1197,72.8468,0.0,0.0,1003.7,0,2.3,0.127
2024-05-02T03:00,Santacruz_AWS,19.1197,72.8468,0.0,0.0,1003.3,5,5.6,0.127
2024-05-02T04:00,Santacruz_AWS,19.1197,72.8468,0.0,0.0,1003.5,15,4.8,0.127
2024-05-02T05:00,Santacruz_AWS,19.1197,72.8468,0.0,0.0,1004.0,9,5.7,0.127
2024-05-02T06:00,Santacruz_AWS,19.1197,72.8468,0.0,0.0,1004.9,3,2.4,0.127
2024-05-02T07:00,Santacruz_AWS,19.1197,72.8468,0.0,0.0,1005.6,1,0.7,0.127
2024-05-02T08:00,Santacruz_AWS,19.1197,72.8468,0.0,0.0,1006.1,0,1.3,0.127
2024-05-02T09:00,Santacruz_AWS,19.1197,72.8468,0.0,0.0,1006.3,0,2.6,0.127
2024-05-02T10:00,Santacruz_AWS,19.1197,72.8468,0.0,0.0,1006.3,0,7.4,0.127
2024-05-02T11:00,Santacruz_AWS,19.1197,72.8468,0.0,0.0,1005.9,0,13.1,0.127
2024-05-02T12:00,Santacruz_AWS,19.1197,72.8468,0.0,0.0,1005.1,0,15.5,0.127
2024-05-02T13:00,Santacruz_AWS,19.1197,72.8468,0.0,0.0,1004.3,0,17.7,0.127
2024-05-02T14:00,Santacruz_AWS,19.1197,72.8468,0.0,0.0,1003.5,0,19.6,0.127
2024-05-02T15:00,Santacruz_AWS,19.1197,72.8468,0.0,0.0,1002.9,0,19.4,0.127
2024-05-02T16:00,Santacruz_AWS,19.1197,72.8468,0.0,0.0,1002.3,0,18.2,0.127
2024-05-02T17:00,Santacruz_AWS,19.1197,72.8468,0.0,0.0,1002.4,0,16.9,0.127
2024-05-02T18:00,Santacruz_AWS,19.1197,72.8468,0.0,0.0,1004.0,0,20.5,0.123
2024-05-02T19:00,Santacruz_AWS,19.1197,72.8468,0.0,0.0,1004.6,0,17.0,0.123
2024-05-02T20:00,Santacruz_AWS,19.1197,72.8468,0.0,0.0,1005.3,0,10.7,0.123
2024-05-02T21:00,Santacruz_AWS,19.1197,72.8468,0.0,0.0,1005.8,0,3.9,0.123
2024-05-02T22:00,Santacruz_AWS,19.1197,72.8468,0.0,0.0,1006.2,0,3.7,0.123
2024-05-02T23:00,Santacruz_AWS,19.1197,72.8468,0.0,0.0,1006.2,0,5.2,0.123
2024-05-03T00:00,Santacruz_AWS,19.1197,72.8468,0.0,0.0,1005.7,0,2.1,0.123
2024-05-03T01:00,Santacruz_AWS,19.1197,72.8468,0.0,0.0,1005.4,0,4.0,0.123
2024-05-03T02:00,Santacruz_AWS,19.1197,72.8468,0.0,0.0,1004.9,12,5.8,0.123
2024-05-03T03:00,Santacruz_AWS,19.1197,72.8468,0.0,0.0,1005.0,11,4.7,0.123
2024-05-03T04:00,Santacruz_AWS,19.1197,72.8468,0.0,0.0,1005.4,28,3.8,0.123
2024-05-03T05:00,Santacruz_AWS,19.1197,72.8468,0.0,0.0,1006.0,37,4.8,0.123
2024-05-03T06:00,Santacruz_AWS,19.1197,72.8468,0.0,0.0,1006.6,55,4.4,0.123
2024-05-03T07:00,Santacruz_AWS,19.1197,72.8468,0.0,0.0,1007.6,41,5.6,0.123
2024-05-03T08:00,Santacruz_AWS,19.1197,72.8468,0.0,0.0,1008.1,34,5.2,0.123
2024-05-03T09:00,Santacruz_AWS,19.1197,72.8468,0.0,0.0,1008.4,8,5.7,0.123
2024-05-03T10:00,Santacruz_AWS,19.1197,72.8468,0.0,0.0,1007.9,3,7.1,0.123
2024-05-03T11:00,Santacruz_AWS,19.1197,72.8468,0.0,0.0,1007.0,0,12.0,0.123
2024-05-03T12:00,Santacruz_AWS,19.1197,72.8468,0.0,0.0,1006.1,0,15.6,0.123
2024-05-03T13:00,Santacruz_AWS,19.1197,72.8468,0.0,0.0,1005.2,0,18.0,0.123
2024-05-03T14:00,Santacruz_AWS,19.1197,72.8468,0.0,0.0,1004.2,0,19.7,0.123
2024-05-03T15:00,Santacruz_AWS,19.1197,72.8468,0.0,0.0,1003.8,0,20.2,0.123
2024-05-03T16:00,Santacruz_AWS,19.1197,72.8468,0.0,0.0,1003.4,0,19.7,0.123
2024-05-03T17:00,Santacruz_AWS,19.1197,72.8468,0.0,0.0,1003.5,0,18.9,0.123
2024-05-03T18:00,Santacruz_AWS,19.1197,72.8468,0.0,0.0,1004.4,0,18.9,0.122
2024-05-03T19:00,Santacruz_AWS,19.1197,72.8468,0.0,0.0,1004.9,0,16.1,0.122
2024-05-03T20:00,Santacruz_AWS,19.1197,72.8468,0.0,0.0,1005.7,0,12.1,0.122
2024-05-03T21:00,Santacruz_AWS,19.1197,72.8468,0.0,0.0,1006.9,0,6.1,0.122
2024-05-03T22:00,Santacruz_AWS,19.1197,72.8468,0.0,0.0,1007.5,5,4.4,0.122
2024-05-03T23:00,Santacruz_AWS,19.1197,72.8468,0.0,0.0,1007.5,8,3.0,0.122
2024-05-04T00:00,Santacruz_AWS,19.1197,72.8468,0.0,0.0,1006.9,11,2.9,0.122
2024-05-04T01:00,Santacruz_AWS,19.1197,72.8468,0.0,0.0,1006.6,25,3.1,0.122
2024-05-04T02:00,Santacruz_AWS,19.1197,72.8468,0.0,0.0,1006.3,33,3.9,0.122
2024-05-04T03:00,Santacruz_AWS,19.1197,72.8468,0.0,0.0,1006.0,32,3.3,0.122
2024-05-04T04:00,Santacruz_AWS,19.1197,72.8468,0.0,0.0,1006.1,58,3.6,0.122
2024-05-04T05:00,Santacruz_AWS,19.1197,72.8468,0.0,0.0,1006.5,68,4.3,0.122
2024-05-04T06:00,Santacruz_AWS,19.1197,72.8468,0.0,0.0,1007.4,48,5.3,0.123
2024-05-04T07:00,Santacruz_AWS,19.1197,72.8468,0.0,0.0,1008.4,44,8.9,0.123
2024-05-04T08:00,Santacruz_AWS,19.1197,72.8468,0.0,0.0,1008.8,27,7.2,0.123
2024-05-04T09:00,Santacruz_AWS,19.1197,72.8468,0.0,0.0,1009.1,21,6.9,0.123
2024-05-04T10:00,Santacruz_AWS,19.1197,72.8468,0.0,0.0,1008.8,11,10.2,0.123
2024-05-04T11:00,Santacruz_AWS,19.1197,72.8468,0.0,0.0,1008.1,16,13.9,0.123
2024-05-04T12:00,Santacruz_AWS,19.1197,72.8468,0.0,0.0,1007.3,29,16.3,0.123
2024-05-04T13:00,Santacruz_AWS,19.1197,72.8468,0.0,0.0,1006.3,99,18.2,0.123
2024-05-04T14:00,Santacruz_AWS,19.1197,72.8468,0.0,0.0,1005.3,93,18.3,0.123
2024-05-04T15:00,Santacruz_AWS,19.1197,72.8468,0.0,0.0,1004.5,98,18.6,0.123
2024-05-04T16:00,Santacruz_AWS,19.1197,72.8468,0.0,0.0,1003.9,99,19.9,0.123
2024-05-04T17:00,Santacruz_AWS,19.1197,72.8468,0.0,0.0,1004.1,59,18.1,0.123
2024-05-04T18:00,Santacruz_AWS,19.1197,72.8468,0.0,0.0,1005.4,80,20.9,0.123
2024-05-04T19:00,Santacruz_AWS,19.1197,72.8468,0.0,0.0,1005.8,13,21.6,0.123
2024-05-04T20:00,Santacruz_AWS,19.1197,72.8468,0.0,0.0,1006.3,5,21.9,0.123
2024-05-04T21:00,Santacruz_AWS,19.1197,72.8468,0.0,0.0,1006.6,3,14.3,0.123
2024-05-04T22:00,Santacruz_AWS,19.1197,72.8468,0.0,0.0,1007.3,0,3.9,0.123
2024-05-04T23:00,Santacruz_AWS,19.1197,72.8468,0.0,0.0,1006.9,3,4.5,0.123
2024-05-05T00:00,Santacruz_AWS,19.1197,72.8468,0.0,0.0,1006.0,3,4.2,0.123
2024-05-05T01:00,Santacruz_AWS,19.1197,72.8468,0.0,0.0,1005.1,14,3.4,0.123
2024-05-05T02:00,Santacruz_AWS,19.1197,72.8468,0.0,0.0,1004.3,2,2.4,0.123
2024-05-05T03:00,Santacruz_AWS,19.1197,72.8468,0.0,0.0,1004.0,4,4.0,0.123
2024-05-05T04:00,Santacruz_AWS,19.1197,72.8468,0.0,0.0,1004.0,5,3.6,0.123
2024-05-05T05:00,Santacruz_AWS,19.1197,72.8468,0.0,0.0,1004.5,32,3.3,0.123
2024-05-05T06:00,Santacruz_AWS,19.1197,72.8468,0.0,0.0,1005.4,37,2.5,0.131
2024-05-05T07:00,Santacruz_AWS,19.1197,72.8468,0.0,0.0,1006.0,1,2.5,0.131
2024-05-05T08:00,Santacruz_AWS,19.1197,72.8468,0.0,0.0,1006.5,1,2.3,0.131
2024-05-05T09:00,Santacruz_AWS,19.1197,72.8468,0.0,0.0,1006.5,0,4.1,0.131
2024-05-05T10:00,Santacruz_AWS,19.1197,72.8468,0.0,0.0,1006.2,0,9.3,0.131
2024-05-05T11:00,Santacruz_AWS,19.1197,72.8468,0.0,0.0,1005.8,0,15.4,0.131
2024-05-05T12:00,Santacruz_AWS,19.1197,72.8468,0.0,0.0,1005.3,0,19.3,0.131
2024-05-05T13:00,Santacruz_AWS,19.1197,72.8468,0.0,0.0,1004.5,0,22.2,0.131
2024-05-05T14:00,Santacruz_AWS,19.1197,72.8468,0.0,0.0,1003.7,0,23.5,0.131
2024-05-05T15:00,Santacruz_AWS,19.1197,72.8468,0.0,0.0,1003.3,0,23.1,0.131
2024-05-05T16:00,Santacruz_AWS,19.1197,72.8468,0.0,0.0,1003.0,0,21.8,0.131
2024-05-05T17:00,Santacruz_AWS,19.1197,72.8468,0.0,0.0,1003.2,0,20.4,0.131
2024-05-05T18:00,Santacruz_AWS,19.1197,72.8468,0.0,0.0,1003.9,0,18.0,0.12
2024-05-05T19:00,Santacruz_AWS,19.1197,72.8468,0.0,0.0,1004.1,0,17.1,0.12
2024-05-05T20:00,Santacruz_AWS,19.1197,72.8468,0.0,0.0,1004.7,0,16.1,0.12
2024-05-05T21:00,Santacruz_AWS,19.1197,72.8468,0.0,0.0,1005.4,0,14.3,0.12
2024-05-05T22:00,Santacruz_AWS,19.1197,72.8468,0.0,0.0,1006.0,0,13.5,0.12
2024-05-05T23:00,Santacruz_AWS,19.1197,72.8468,0.0,0.0,1006.1,0,12.5,0.12
2024-05-06T00:00,Santacruz_AWS,19.1197,72.8468,0.0,0.0,1005.9,0,6.3,0.12
2024-05-06T01:00,Santacruz_AWS,19.1197,72.8468,0.0,0.0,1005.2,0,5.8,0.12
2024-05-06T02:00,Santacruz_AWS,19.1197,72.8468,0.0,0.0,1004.9,2,4.3,0.12
2024-05-06T03:00,Santacruz_AWS,19.1197,72.8468,0.0,0.0,1004.8,15,4.0,0.12
2024-05-06T04:00,Santacruz_AWS,19.1197,72.8468,0.0,0.0,1004.9,16,3.8,0.12
2024-05-06T05:00,Santacruz_AWS,19.1197,72.8468,0.0,0.0,1005.1,15,3.6,0.12
2024-05-06T06:00,Santacruz_AWS,19.1197,72.8468,0.0,0.0,1005.8,36,7.0,0.13
2024-05-06T07:00,Santacruz_AWS,19.1197,72.8468,0.0,0.0,1006.6,31,9.2,0.13
2024-05-06T08:00,Santacruz_AWS,19.1197,72.8468,0.0,0.0,1007.2,23,9.2,0.13
2024-05-06T09:00,Santacruz_AWS,19.1197,72.8468,0.0,0.0,1007.7,4,9.5,0.13
2024-05-06T10:00,Santacruz_AWS,19.1197,72.8468,0.0,0.0,1007.7,8,13.7,0.13
2024-05-06T11:00,Santacruz_AWS,19.1197,72.8468,0.0,0.0,1007.3,2,17.1,0.13
2024-05-06T12:00,Santacruz_AWS,19.1197,72.8468,0.0,0.0,1006.9,0,18.8,0.13
2024-05-06T13:00,Santacruz_AWS,19.1197,72.8468,0.0,0.0,1006.1,0,20.3,0.13
2024-05-06T14:00,Santacruz_AWS,19.1197,72.8468,0.0,0.0,1005.1,0,20.7,0.13
2024-05-06T15:00,Santacruz_AWS,19.1197,72.8468,0.0,0.0,1004.3,0,20.6,0.13
2024-05-06T16:00,Santacruz_AWS,19.1197,72.8468,0.0,0.0,1003.9,0,20.0,0.13
2024-05-06T17:00,Santacruz_AWS,19.1197,72.8468,0.0,0.0,1003.9,0,17.5,0.13
2024-05-06T18:00,Santacruz_AWS,19.1197,72.8468,0.0,0.0,1004.9,4,15.9,0.122
2024-05-06T19:00,Santacruz_AWS,19.1197,72.8468,0.0,0.0,1005.3,5,12.4,0.122
2024-05-06T20:00,Santacruz_AWS,19.1197,72.8468,0.0,0.0,1006.0,1,10.7,0.122
2024-05-06T21:00,Santacruz_AWS,19.1197,72.8468,0.0,0.0,1006.7,2,6.9,0.122
2024-05-06T22:00,Santacruz_AWS,19.1197,72.8468,0.0,0.0,1007.1,3,5.1,0.122
2024-05-06T23:00,Santacruz_AWS,19.1197,72.8468,0.0,0.0,1007.1,1,4.0,0.122
2024-05-07T00:00,Santacruz_AWS,19.1197,72.8468,0.0,0.0,1006.9,3,4.8,0.122
2024-05-07T01:00,Santacruz_AWS,19.1197,72.8468,0.0,0.0,1006.5,10,3.9,0.122
2024-05-07T02:00,Santacruz_AWS,19.1197,72.8468,0.0,0.0,1005.9,11,4.5,0.122
2024-05-07T03:00,Santacruz_AWS,19.1197,72.8468,0.0,0.0,1005.7,7,4.6,0.122
2024-05-07T04:00,Santacruz_AWS,19.1197,72.8468,0.0,0.0,1005.6,4,6.5,0.122
2024-05-07T05:00,Santacruz_AWS,19.1197,72.8468,0.0,0.0,1006.0,20,6.2,0.122
2024-05-07T06:00,Santacruz_AWS,19.1197,72.8468,0.0,0.0,1006.4,14,4.1,0.116
2024-05-07T07:00,Santacruz_AWS,19.1197,72.8468,0.0,0.0,1007.0,34,7.1,0.116
2024-05-07T08:00,Santacruz_AWS,19.1197,72.8468,0.0,0.0,1007.6,17,9.3,0.116
2024-05-07T09:00,Santacruz_AWS,19.1197,72.8468,0.0,0.0,1007.9,13,10.3,0.116
2024-05-07T10:00,Santacruz_AWS,19.1197,72.8468,0.0,0.0,1007.9,13,12.4,0.116
2024-05-07T11:00,Santacruz_AWS,19.1197,72.8468,0.0,0.0,1007.5,2,14.7,0.116
2024-05-07T12:00,Santacruz_AWS,19.1197,72.8468,0.0,0.0,1007.1,0,15.5,0.116
2024-05-07T13:00,Santacruz_AWS,19.1197,72.8468,0.0,0.0,1006.5,0,17.0,0.116
2024-05-07T14:00,Santacruz_AWS,19.1197,72.8468,0.0,0.0,1006.0,0,17.8,0.116
2024-05-07T15:00,Santacruz_AWS,19.1197,72.8468,0.0,0.0,1005.5,0,18.8,0.116
2024-05-07T16:00,Santacruz_AWS,19.1197,72.8468,0.0,0.0,1005.3,0,19.1,0.116
2024-05-07T17:00,Santacruz_AWS,19.1197,72.8468,0.0,0.0,1005.4,0,18.4,0.116
2024-05-07T18:00,Santacruz_AWS,19.1197,72.8468,0.0,0.0,1006.1,25,20.4,0.116
2024-05-07T19:00,Santacruz_AWS,19.1197,72.8468,0.0,0.0,1006.9,43,16.7,0.116
2024-05-07T20:00,Santacruz_AWS,19.1197,72.8468,0.0,0.0,1007.8,53,14.5,0.116
2024-05-07T21:00,Santacruz_AWS,19.1197,72.8468,0.0,0.0,1008.5,29,11.7,0.116
2024-05-07T22:00,Santacruz_AWS,19.1197,72.8468,0.0,0.0,1009.0,39,8.5,0.116
2024-05-07T23:00,Santacruz_AWS,19.1197,72.8468,0.0,0.0,1008.9,22,8.2,0.116
2024-05-08T00:00,Santacruz_AWS,19.1197,72.8468,0.0,0.0,1008.0,10,8.6,0.116
2024-05-08T01:00,Santacruz_AWS,19.1197,72.8468,0.0,0.0,1007.1,17,7.6,0.116
2024-05-08T02:00,Santacruz_AWS,19.1197,72.8468,0.0,0.0,1006.6,18,5.0,0.116
2024-05-08T03:00,Santacruz_AWS,19.1197,72.8468,0.0,0.0,1006.2,19,1.8,0.116
2024-05-08T04:00,Santacruz_AWS,19.1197,72.8468,0.0,0.0,1006.2,9,1.8,0.116
2024-05-08T05:00,Santacruz_AWS,19.1197,72.8468,0.0,0.0,1006.4,9,0.0,0.116
2024-05-08T06:00,Santacruz_AWS,19.1197,72.8468,0.0,0.0,1006.9,22,6.5,0.116
2024-05-08T07:00,Santacruz_AWS,19.1197,72.8468,0.0,0.0,1007.4,26,8.3,0.116
2024-05-08T08:00,Santacruz_AWS,19.1197,72.8468,0.0,0.0,1008.2,21,6.1,0.116
2024-05-08T09:00,Santacruz_AWS,19.1197,72.8468,0.0,0.0,1008.7,34,5.4,0.116
2024-05-08T10:00,Santacruz_AWS,19.1197,72.8468,0.0,0.0,1008.2,41,10.1,0.116
2024-05-08T11:00,Santacruz_AWS,19.1197,72.8468,0.0,0.0,1007.5,8,15.9,0.116
2024-05-08T12:00,Santacruz_AWS,19.1197,72.8468,0.0,0.0,1006.8,1,17.3,0.116
2024-05-08T13:00,Santacruz_AWS,19.1197,72.8468,0.0,0.0,1005.8,1,18.6,0.116
2024-05-08T14:00,Santacruz_AWS,19.1197,72.8468,0.0,0.0,1004.7,1,20.0,0.116
2024-05-08T15:00,Santacruz_AWS,19.1197,72.8468,0.0,0.0,1004.2,0,20.6,0.116
2024-05-08T16:00,Santacruz_AWS,19.1197,72.8468,0.0,0.0,1003.8,0,20.5,0.116
2024-05-08T17:00,Santacruz_AWS,19.1197,72.8468,0.0,0.0,1003.8,0,21.2,0.116
2024-05-08T18:00,Santacruz_AWS,19.1197,72.8468,0.0,0.0,1004.4,8,24.4,0.115
2024-05-08T19:00,Santacruz_AWS,19.1197,72.8468,0.0,0.0,1004.7,7,19.9,0.115
2024-05-08T20:00,Santacruz_AWS,19.1197,72.8468,0.0,0.0,1005.3,19,13.1,0.115
2024-05-08T21:00,Santacruz_AWS,19.1197,72.8468,0.0,0.0,1006.4,30,7.8,0.115
2024-05-08T22:00,Santacruz_AWS,19.1197,72.8468,0.0,0.0,1006.9,31,6.9,0.115
2024-05-08T23:00,Santacruz_AWS,19.1197,72.8468,0.0,0.0,1006.5,33,5.1,0.115
2024-05-09T00:00,Santacruz_AWS,19.1197,72.8468,0.0,0.0,1006.0,41,3.4,0.116
2024-05-09T01:00,Santacruz_AWS,19.1197,72.8468,0.0,0.0,1005.4,17,3.8,0.116
2024-05-09T02:00,Santacruz_AWS,19.1197,72.8468,0.0,0.0,1004.6,38,3.1,0.116
2024-05-09T03:00,Santacruz_AWS,19.1197,72.8468,0.0,0.0,1004.5,36,2.4,0.116
2024-05-09T04:00,Santacruz_AWS,19.1197,72.8468,0.0,0.0,1004.6,35,3.4,0.116
2024-05-09T05:00,Santacruz_AWS,19.1197,72.8468,0.0,0.0,1005.2,35,2.2,0.116
2024-05-09T06:00,Santacruz_AWS,19.1197,72.8468,0.0,0.0,1006.3,21,3.7,0.116
2024-05-09T07:00,Santacruz_AWS,19.1197,72.8468,0.0,0.0,1006.5,27,5.0,0.116
2024-05-09T08:00,Santacruz_AWS,19.1197,72.8468,0.0,0.0,1007.3,23,6.3,0.116
2024-05-09T09:00,Santacruz_AWS,19.1197,72.8468,0.0,0.0,1007.3,18,7.2,0.116
2024-05-09T10:00,Santacruz_AWS,19.1197,72.8468,0.0,0.0,1006.8,25,11.3,0.116
2024-05-09T11:00,Santacruz_AWS,19.1197,72.8468,0.0,0.0,1006.7,17,15.9,0.116
2024-05-09T12:00,Santacruz_AWS,19.1197,72.8468,0.0,0.0,1005.9,2,17.7,0.116
2024-05-09T13:00,Santacruz_AWS,19.1197,72.8468,0.0,0.0,1005.4,22,17.5,0.116
2024-05-09T14:00,Santacruz_AWS,19.1197,72.8468,0.0,0.0,1004.7,19,16.1,0.116
2024-05-09T15:00,Santacruz_AWS,19.1197,72.8468,0.0,0.0,1003.9,15,19.0,0.116
2024-05-09T16:00,Santacruz_AWS,19.1197,72.8468,0.0,0.0,1003.7,13,18.5,0.116
2024-05-09T17:00,Santacruz_AWS,19.1197,72.8468,0.0,0.0,1004.0,13,18.7,0.116
2024-05-09T18:00,Santacruz_AWS,19.1197,72.8468,0.0,0.0,1004.4,11,20.3,0.116
2024-05-09T19:00,Santacruz_AWS,19.1197,72.8468,0.0,0.0,1004.9,21,16.4,0.116
2024-05-09T20:00,Santacruz_AWS,19.1197,72.8468,0.0,0.0,1005.5,18,14.2,0.116
2024-05-09T21:00,Santacruz_AWS,19.1197,72.8468,0.0,0.0,1006.5,8,10.3,0.116
2024-05-09T22:00,Santacruz_AWS,19.1197,72.8468,0.0,0.0,1006.6,2,4.1,0.116
2024-05-09T23:00,Santacruz_AWS,19.1197,72.8468,0.0,0.0,1006.1,3,4.4,0.116
2024-05-10T00:00,Santacruz_AWS,19.1197,72.8468,0.0,0.0,1005.7,17,3.8,0.116
2024-05-10T01:00,Santacruz_AWS,19.1197,72.8468,0.0,0.0,1005.7,40,3.4,0.116
2024-05-10T02:00,Santacruz_AWS,19.1197,72.8468,0.0,0.0,1005.3,32,2.7,0.116
2024-05-10T03:00,Santacruz_AWS,19.1197,72.8468,0.0,0.0,1004.8,10,6.1,0.116
2024-05-10T04:00,Santacruz_AWS,19.1197,72.8468,0.0,0.0,1005.2,17,4.6,0.117
2024-05-10T05:00,Santacruz_AWS,19.1197,72.8468,0.0,0.0,1006.1,26,5.1,0.117
2024-05-10T06:00,Santacruz_AWS,19.1197,72.8468,0.0,0.0,1007.7,16,5.9,0.117
2024-05-10T07:00,Santacruz_AWS,19.1197,72.8468,0.0,0.0,1008.1,30,9.0,0.117
2024-05-10T08:00,Santacruz_AWS,19.1197,72.8468,0.0,0.0,1008.1,34,10.1,0.117
2024-05-10T09:00,Santacruz_AWS,19.1197,72.8468,0.0,0.0,1008.6,17,9.8,0.117
2024-05-10T10:00,Santacruz_AWS,19.1197,72.8468,0.0,0.0,1008.1,18,12.6,0.117
2024-05-10T11:00,Santacruz_AWS,19.1197,72.8468,0.0,0.0,1007.7,7,14.0,0.117
2024-05-10T12:00,Santacruz_AWS,19.1197,72.8468,0.0,0.0,1007.3,1,17.0,0.117
2024-05-10T13:00,Santacruz_AWS,19.1197,72.8468,0.0,0.0,1006.3,0,19.2,0.117
2024-05-10T14:00,Santacruz_AWS,19.1197,72.8468,0.0,0.0,1005.7,1,19.6,0.117
2024-05-10T15:00,Santacruz_AWS,19.1197,72.8468,0.0,0.0,1004.9,2,19.3,0.117
2024-05-10T16:00,Santacruz_AWS,19.1197,72.8468,0.0,0.0,1004.8,1,17.9,0.117
2024-05-10T17:00,Santacruz_AWS,19.1197,72.8468,0.0,0.0,1005.3,1,16.4,0.117
2024-05-10T18:00,Santacruz_AWS,19.1197,72.8468,0.0,0.0,1006.1,1,19.9,0.121
2024-05-10T19:00,Santacruz_AWS,19.1197,72.8468,0.0,0.0,1006.7,1,16.6,0.121
2024-05-10T20:00,Santacruz_AWS,19.1197,72.8468,0.0,0.0,1007.2,1,13.8,0.121
2024-05-10T21:00,Santacruz_AWS,19.1197,72.8468,0.0,0.0,1007.5,0,14.8,0.121
2024-05-10T22:00,Santacruz_AWS,19.1197,72.8468,0.0,0.0,1007.9,2,8.7,0.121
2024-05-10T23:00,Santacruz_AWS,19.1197,72.8468,0.0,0.0,1007.6,6,4.9,0.121
2024-05-11T00:00,Santacruz_AWS,19.1197,72.8468,0.0,0.0,1007.3,6,5.5,0.121
2024-05-11T01:00,Santacruz_AWS,19.1197,72.8468,0.0,0.0,1006.9,32,4.4,0.121
2024-05-11T02:00,Santacruz_AWS,19.1197,72.8468,0.0,0.0,1006.4,40,4.7,0.121
2024-05-11T03:00,Santacruz_AWS,19.1197,72.8468,0.0,0.0,1006.6,38,4.6,0.121
2024-05-11T04:00,Santacruz_AWS,19.1197,72.8468,0.0,0.0,1006.9,37,6.2,0.121
2024-05-11T05:00,Santacruz_AWS,19.1197,72.8468,0.0,0.0,1007.5,19,4.9,0.121
2024-05-11T06:00,Santacruz_AWS,19.1197,72.8468,0.0,0.0,1007.9,27,4.9,0.117
2024-05-11T07:00,Santacruz_AWS,19.1197,72.8468,0.0,0.0,1008.5,18,6.1,0.117
2024-05-11T08:00,Santacruz_AWS,19.1197,72.8468,0.0,0.0,1009.3,13,8.0,0.117
2024-05-11T09:00,Santacruz_AWS,19.1197,72.8468,0.0,0.0,1009.2,40,10.9,0.117
2024-05-11T10:00,Santacruz_AWS,19.1197,72.8468,0.0,0.0,1008.4,11,15.3,0.117
2024-05-11T11:00,Santacruz_AWS,19.1197,72.8468,0.0,0.0,1007.6,3,19.6,0.117
2024-05-11T12:00,Santacruz_AWS,19.1197,72.8468,0.0,0.0,1007.4,1,22.0,0.117
2024-05-11T13:00,Santacruz_AWS,19.1197,72.8468,0.0,0.0,1006.7,0,23.6,0.117
2024-05-11T14:00,Santacruz_AWS,19.1197,72.8468,0.0,0.0,1006.0,0,23.9,0.117
2024-05-11T15:00,Santacruz_AWS,19.1197,72.8468,0.0,0.0,1005.2,1,22.9,0.117
2024-05-11T16:00,Santacruz_AWS,19.1197,72.8468,0.0,0.0,1004.9,1,21.3,0.117
2024-05-11T17:00,Santacruz_AWS,19.1197,72.8468,0.0,0.0,1005.6,0,19.7,0.117
2024-05-11T18:00,Santacruz_AWS,19.1197,72.8468,0.0,0.0,1006.1,2,22.5,0.117
2024-05-11T19:00,Santacruz_AWS,19.1197,72.8468,0.0,0.0,1007.0,1,18.4,0.117
2024-05-11T20:00,Santacruz_AWS,19.1197,72.8468,0.0,0.0,1007.4,1,14.7,0.117
2024-05-11T21:00,Santacruz_AWS,19.1197,72.8468,0.0,0.0,1008.1,3,12.8,0.117
2024-05-11T22:00,Santacruz_AWS,19.1197,72.8468,0.0,0.0,1008.3,1,11.8,0.117
2024-05-11T23:00,Santacruz_AWS,19.1197,72.8468,0.0,0.0,1008.2,2,8.2,0.117
2024-05-12T00:00,Santacruz_AWS,19.1197,72.8468,0.0,0.0,1008.2,10,6.8,0.117
2024-05-12T01:00,Santacruz_AWS,19.1197,72.8468,0.0,0.0,1007.2,27,6.3,0.117
2024-05-12T02:00,Santacruz_AWS,19.1197,72.8468,0.0,0.0,1006.7,51,6.1,0.117
2024-05-12T03:00,Santacruz_AWS,19.1197,72.8468,0.0,0.0,1006.4,43,5.8,0.117
2024-05-12T04:00,Santacruz_AWS,19.1197,72.8468,0.0,0.0,1006.9,26,5.5,0.117
2024-05-12T05:00,Santacruz_AWS,19.1197,72.8468,0.0,0.0,1007.7,46,6.5,0.117
2024-05-12T06:00,Santacruz_AWS,19.1197,72.8468,0.0,0.0,1008.9,34,7.2,0.117
2024-05-12T07:00,Santacruz_AWS,19.1197,72.8468,0.0,0.0,1009.6,21,6.3,0.117
2024-05-12T08:00,Santacruz_AWS,19.1197,72.8468,0.0,0.0,1010.2,37,5.6,0.117
2024-05-12T09:00,Santacruz_AWS,19.1197,72.8468,0.0,0.0,1010.2,36,8.9,0.117
2024-05-12T10:00,Santacruz_AWS,19.1197,72.8468,0.0,0.0,1009.4,17,9.0,0.117
2024-05-12T11:00,Santacruz_AWS,19.1197,72.8468,0.0,0.0,1008.2,19,17.9,0.117
2024-05-12T12:00,Santacruz_AWS,19.1197,72.8468,0.0,0.0,1007.3,1,20.9,0.117
2024-05-12T13:00,Santacruz_AWS,19.1197,72.8468,0.0,0.0,1006.5,5,20.4,0.117
2024-05-12T14:00,Santacruz_AWS,19.1197,72.8468,0.0,0.0,1006.3,7,20.9,0.117
2024-05-12T15:00,Santacruz_AWS,19.1197,72.8468,0.0,0.0,1004.9,1,22.4,0.117
2024-05-12T16:00,Santacruz_AWS,19.1197,72.8468,0.0,0.0,1005.0,1,22.0,0.117
2024-05-12T17:00,Santacruz_AWS,19.1197,72.8468,0.0,0.0,1005.0,1,22.4,0.117
2024-05-12T18:00,Santacruz_AWS,19.1197,72.8468,0.0,0.0,1005.4,0,21.1,0.123
2024-05-12T19:00,Santacruz_AWS,19.1197,72.8468,0.0,0.0,1005.9,0,19.4,0.123
2024-05-12T20:00,Santacruz_AWS,19.1197,72.8468,0.0,0.0,1006.4,3,18.1,0.123
2024-05-12T21:00,Santacruz_AWS,19.1197,72.8468,0.0,0.0,1006.8,17,17.4,0.123
2024-05-12T22:00,Santacruz_AWS,19.1197,72.8468,0.0,0.0,1007.0,12,15.0,0.123
2024-05-12T23:00,Santacruz_AWS,19.1197,72.8468,0.0,0.0,1007.2,12,6.9,0.123
2024-05-13T00:00,Santacruz_AWS,19.1197,72.8468,0.0,0.0,1006.9,63,8.2,0.123
2024-05-13T01:00,Santacruz_AWS,19.1197,72.8468,0.0,0.0,1006.2,21,5.6,0.123
2024-05-13T02:00,Santacruz_AWS,19.1197,72.8468,0.0,0.0,1005.7,19,6.4,0.123
2024-05-13T03:00,Santacruz_AWS,19.1197,72.8468,0.0,0.0,1005.7,54,6.8,0.123
2024-05-13T04:00,Santacruz_AWS,19.1197,72.8468,0.0,0.0,1006.3,55,6.9,0.123
2024-05-13T05:00,Santacruz_AWS,19.1197,72.8468,0.0,0.0,1006.4,92,8.6,0.123
2024-05-13T06:00,Santacruz_AWS,19.1197,72.8468,0.0,0.0,1007.1,10,13.2,0.111
2024-05-13T07:00,Santacruz_AWS,19.1197,72.8468,1.8,1.8,1008.8,56,13.7,0.131
2024-05-13T08:00,Santacruz_AWS,19.1197,72.8468,0.0,0.0,1008.9,2,2.0,0.132
2024-05-13T09:00,Santacruz_AWS,19.1197,72.8468,0.0,0.0,1008.6,2,4.7,0.132
2024-05-13T10:00,Santacruz_AWS,19.1197,72.8468,0.0,0.0,1007.8,1,8.9,0.132
2024-05-13T11:00,Santacruz_AWS,19.1197,72.8468,0.0,0.0,1006.8,4,14.6,0.132
2024-05-13T12:00,Santacruz_AWS,19.1197,72.8468,0.0,0.0,1006.6,3,11.8,0.132
2024-05-13T13:00,Santacruz_AWS,19.1197,72.8468,0.0,0.0,1006.2,3,12.8,0.132
2024-05-13T14:00,Santacruz_AWS,19.1197,72.8468,0.0,0.0,1005.6,24,17.4,0.132
2024-05-13T15:00,Santacruz_AWS,19.1197,72.8468,0.0,0.0,1005.2,5,18.9,0.132
2024-05-13T16:00,Santacruz_AWS,19.1197,72.8468,0.0,0.0,1005.0,11,16.7,0.132
2024-05-13T17:00,Santacruz_AWS,19.1197,72.8468,0.0,0.0,1005.3,1,19.6,0.132
2024-05-13T18:00,Santacruz_AWS,19.1197,72.8468,0.0,0.0,1005.7,3,22.5,0.127
2024-05-13T19:00,Santacruz_AWS,19.1197,72.8468,0.0,0.0,1006.2,2,11.5,0.127
2024-05-13T20:00,Santacruz_AWS,19.1197,72.8468,0.0,0.0,1006.9,0,10.5,0.127
2024-05-13T21:00,Santacruz_AWS,19.1197,72.8468,0.0,0.0,1007.2,0,7.1,0.127
2024-05-13T22:00,Santacruz_AWS,19.1197,72.8468,0.0,0.0,1007.3,0,6.3,0.127
2024-05-13T23:00,Santacruz_AWS,19.1197,72.8468,0.0,0.0,1007.3,0,6.9,0.127
2024-05-14T00:00,Santacruz_AWS,19.1197,72.8468,0.0,0.0,1006.4,0,4.1,0.127
2024-05-14T01:00,Santacruz_AWS,19.1197,72.8468,0.0,0.0,1006.0,0,3.6,0.127
2024-05-14T02:00,Santacruz_AWS,19.1197,72.8468,0.0,0.0,1005.8,2,4.7,0.127
2024-05-14T03:00,Santacruz_AWS,19.1197,72.8468,0.0,0.0,1005.7,2,8.3,0.127
2024-05-14T04:00,Santacruz_AWS,19.1197,72.8468,0.0,0.0,1005.7,0,7.5,0.127
2024-05-14T05:00,Santacruz_AWS,19.1197,72.8468,0.0,0.0,1006.1,0,9.3,0.127
2024-05-14T06:00,Santacruz_AWS,19.1197,72.8468,0.0,0.0,1006.8,48,10.5,0.127
2024-05-14T07:00,Santacruz_AWS,19.1197,72.8468,0.0,0.0,1007.1,15,10.6,0.127
2024-05-14T08:00,Santacruz_AWS,19.1197,72.8468,0.0,0.0,1007.4,10,8.4,0.127
2024-05-14T09:00,Santacruz_AWS,19.1197,72.8468,0.0,0.0,1007.6,2,6.9,0.127
2024-05-14T10:00,Santacruz_AWS,19.1197,72.8468,0.0,0.0,1007.1,8,2.1,0.127
2024-05-14T11:00,Santacruz_AWS,19.1197,72.8468,0.0,0.0,1006.1,1,13.7,0.127
2024-05-14T12:00,Santacruz_AWS,19.1197,72.8468,0.0,0.0,1006.4,3,23.7,0.127
2024-05-14T13:00,Santacruz_AWS,19.1197,72.8468,0.0,0.0,1005.7,2,22.4,0.127
2024-05-14T14:00,Santacruz_AWS,19.1197,72.8468,0.0,0.0,1004.9,0,20.8,0.127
2024-05-14T15:00,Santacruz_AWS,19.1197,72.8468,0.0,0.0,1004.4,0,20.6,0.127
2024-05-14T16:00,Santacruz_AWS,19.1197,72.8468,0.0,0.0,1004.8,1,17.9,0.127
2024-05-14T17:00,Santacruz_AWS,19.1197,72.8468,0.0,0.0,1004.9,0,17.3,0.127
2024-05-14T18:00,Santacruz_AWS,19.1197,72.8468,0.0,0.0,1004.6,0,22.2,0.129
2024-05-14T19:00,Santacruz_AWS,19.1197,72.8468,0.0,0.0,1005.4,5,17.1,0.129
2024-05-14T20:00,Santacruz_AWS,19.1197,72.8468,0.0,0.0,1005.8,5,18.4,0.129
2024-05-14T21:00,Santacruz_AWS,19.1197,72.8468,0.0,0.0,1006.4,2,17.3,0.129
2024-05-14T22:00,Santacruz_AWS,19.1197,72.8468,0.0,0.0,1006.7,0,13.5,0.13
2024-05-14T23:00,Santacruz_AWS,19.1197,72.8468,0.0,0.0,1006.9,0,8.7,0.13
2024-05-15T00:00,Santacruz_AWS,19.1197,72.8468,0.0,0.0,1006.4,0,6.5,0.13
2024-05-15T01:00,Santacruz_AWS,19.1197,72.8468,0.0,0.0,1006.2,0,7.3,0.13
2024-05-15T02:00,Santacruz_AWS,19.1197,72.8468,0.0,0.0,1005.7,0,6.2,0.13
2024-05-15T03:00,Santacruz_AWS,19.1197,72.8468,0.0,0.0,1005.6,0,4.5,0.13
2024-05-15T04:00,Santacruz_AWS,19.1197,72.8468,0.0,0.0,1005.8,2,6.5,0.13
2024-05-15T05:00,Santacruz_AWS,19.1197,72.8468,0.0,0.0,1006.1,0,4.9,0.13
2024-05-15T06:00,Santacruz_AWS,19.1197,72.8468,0.0,0.0,1008.0,0,7.6,0.128
2024-05-15T07:00,Santacruz_AWS,19.1197,72.8468,0.0,0.0,1008.3,0,11.1,0.128
2024-05-15T08:00,Santacruz_AWS,19.1197,72.8468,0.0,0.0,1008.4,0,10.0,0.128
2024-05-15T09:00,Santacruz_AWS,19.1197,72.8468,0.0,0.0,1008.5,0,5.5,0.128
2024-05-15T10:00,Santacruz_AWS,19.1197,72.8468,0.0,0.0,1007.8,0,7.3,0.128
2024-05-15T11:00,Santacruz_AWS,19.1197,72.8468,0.0,0.0,1007.0,0,11.2,0.128
2024-05-15T12:00,Santacruz_AWS,19.1197,72.8468,0.0,0.0,1006.3,0,12.9,0.128
2024-05-15T13:00,Santacruz_AWS,19.1197,72.8468,0.0,0.0,1005.4,2,14.8,0.128
2024-05-15T14:00,Santacruz_AWS,19.1197,72.8468,0.0,0.0,1004.3,4,15.3,0.128
2024-05-15T15:00,Santacruz_AWS,19.1197,72.8468,0.0,0.0,1003.6,6,14.2,0.128
2024-05-15T16:00,Santacruz_AWS,19.1197,72.8468,0.0,0.0,1003.5,0,15.1,0.128
2024-05-15T17:00,Santacruz_AWS,19.1197,72.8468,0.0,0.0,1004.1,0,16.8,0.128
2024-05-15T18:00,Santacruz_AWS,19.1197,72.8468,0.0,0.0,1004.5,1,21.1,0.13
2024-05-15T19:00,Santacruz_AWS,19.1197,72.8468,0.0,0.0,1005.6,0,18.8,0.13
2024-05-15T20:00,Santacruz_AWS,19.1197,72.8468,0.0,0.0,1006.2,0,18.1,0.13
2024-05-15T21:00,Santacruz_AWS,19.1197,72.8468,0.0,0.0,1007.2,7,15.4,0.13
2024-05-15T22:00,Santacruz_AWS,19.1197,72.8468,0.0,0.0,1008.0,21,13.4,0.13
2024-05-15T23:00,Santacruz_AWS,19.1197,72.8468,0.0,0.0,1007.9,25,8.2,0.13
2024-05-16T00:00,Santacruz_AWS,19.1197,72.8468,0.0,0.0,1007.3,16,4.3,0.13
2024-05-16T01:00,Santacruz_AWS,19.1197,72.8468,0.0,0.0,1006.8,1,3.6,0.13
2024-05-16T02:00,Santacruz_AWS,19.1197,72.8468,0.0,0.0,1006.4,2,3.3,0.13
2024-05-16T03:00,Santacruz_AWS,19.1197,72.8468,0.0,0.0,1006.4,2,3.9,0.13
2024-05-16T04:00,Santacruz_AWS,19.1197,72.8468,0.0,0.0,1006.5,0,4.3,0.13
2024-05-16T05:00,Santacruz_AWS,19.1197,72.8468,0.0,0.0,1006.7,0,1.9,0.13
2024-05-16T06:00,Santacruz_AWS,19.1197,72.8468,0.0,0.0,1007.7,34,6.5,0.123
2024-05-16T07:00,Santacruz_AWS,19.1197,72.8468,0.0,0.0,1007.6,13,3.6,0.123
2024-05-16T08:00,Santacruz_AWS,19.1197,72.8468,0.0,0.0,1007.9,7,2.6,0.123
2024-05-16T09:00,Santacruz_AWS,19.1197,72.8468,0.0,0.0,1008.4,18,3.1,0.123
2024-05-16T10:00,Santacruz_AWS,19.1197,72.8468,0.0,0.0,1008.0,15,6.4,0.123
2024-05-16T11:00,Santacruz_AWS,19.1197,72.8468,0.0,0.0,1007.4,5,13.1,0.123
2024-05-16T12:00,Santacruz_AWS,19.1197,72.8468,0.0,0.0,1007.0,8,15.6,0.123
2024-05-16T13:00,Santacruz_AWS,19.1197,72.8468,0.0,0.0,1005.7,3,2.8,0.123
2024-05-16T14:00,Santacruz_AWS,19.1197,72.8468,0.0,0.0,1004.9,7,5.9,0.123
2024-05-16T15:00,Santacruz_AWS,19.1197,72.8468,0.1,0.1,1003.6,1,1.5,0.124
2024-05-16T16:00,Santacruz_AWS,19.1197,72.8468,0.0,0.0,1003.1,1,10.5,0.124
2024-05-16T17:00,Santacruz_AWS,19.1197,72.8468,0.0,0.0,1003.2,3,14.5,0.124
2024-05-16T18:00,Santacruz_AWS,19.1197,72.8468,0.0,0.0,1004.4,51,7.8,0.136
2024-05-16T19:00,Santacruz_AWS,19.1197,72.8468,0.0,0.0,1005.5,57,13.9,0.136
2024-05-16T20:00,Santacruz_AWS,19.1197,72.8468,0.0,0.0,1006.3,61,18.1,0.136
2024-05-16T21:00,Santacruz_AWS,19.1197,72.8468,0.0,0.0,1006.6,24,6.9,0.136
2024-05-16T22:00,Santacruz_AWS,19.1197,72.8468,0.0,0.0,1007.1,5,8.7,0.136
2024-05-16T23:00,Santacruz_AWS,19.1197,72.8468,0.0,0.0,1006.8,46,6.5,0.136
2024-05-17T00:00,Santacruz_AWS,19.1197,72.8468,0.0,0.0,1006.2,52,6.6,0.136
2024-05-17T01:00,Santacruz_AWS,19.1197,72.8468,0.0,0.0,1005.5,44,8.4,0.136
2024-05-17T02:00,Santacruz_AWS,19.1197,72.8468,0.0,0.0,1005.4,28,7.6,0.136
2024-05-17T03:00,Santacruz_AWS,19.1197,72.8468,0.0,0.0,1005.2,24,7.5,0.136
2024-05-17T04:00,Santacruz_AWS,19.1197,72.8468,0.0,0.0,1005.4,14,6.1,0.136
2024-05-17T05:00,Santacruz_AWS,19.1197,72.8468,0.0,0.0,1006.0,1,6.1,0.136
2024-05-17T06:00,Santacruz_AWS,19.1197,72.8468,0.0,0.0,1007.1,0,7.3,0.132
2024-05-17T07:00,Santacruz_AWS,19.1197,72.8468,0.0,0.0,1007.5,0,5.9,0.132
2024-05-17T08:00,Santacruz_AWS,19.1197,72.8468,0.0,0.0,1007.5,1,5.2,0.132
2024-05-17T09:00,Santacruz_AWS,19.1197,72.8468,0.0,0.0,1007.6,0,5.4,0.132
2024-05-17T10:00,Santacruz_AWS,19.1197,72.8468,0.0,0.0,1007.3,0,7.1,0.132
2024-05-17T11:00,Santacruz_AWS,19.1197,72.8468,0.0,0.0,1006.6,0,12.4,0.132
2024-05-17T12:00,Santacruz_AWS,19.1197,72.8468,0.0,0.0,1005.8,0,17.0,0.132
2024-05-17T13:00,Santacruz_AWS,19.1197,72.8468,0.0,0.0,1004.6,0,15.7,0.131
2024-05-17T14:00,Santacruz_AWS,19.1197,72.8468,0.0,0.0,1003.5,55,15.7,0.131
2024-05-17T15:00,Santacruz_AWS,19.1197,72.8468,0.0,0.0,1002.9,84,17.3,0.131
2024-05-17T16:00,Santacruz_AWS,19.1197,72.8468,0.0,0.0,1002.9,83,16.1,0.131
2024-05-17T17:00,Santacruz_AWS,19.1197,72.8468,0.0,0.0,1002.8,71,16.7,0.131
2024-05-17T18:00,Santacruz_AWS,19.1197,72.8468,0.0,0.0,1003.3,56,14.0,0.139
2024-05-17T19:00,Santacruz_AWS,19.1197,72.8468,0.0,0.0,1004.3,64,12.6,0.139
2024-05-17T20:00,Santacruz_AWS,19.1197,72.8468,0.0,0.0,1005.6,87,4.6,0.139
2024-05-17T21:00,Santacruz_AWS,19.1197,72.8468,0.0,0.0,1006.1,16,2.9,0.139
2024-05-17T22:00,Santacruz_AWS,19.1197,72.8468,0.0,0.0,1005.9,23,4.5,0.139
2024-05-17T23:00,Santacruz_AWS,19.1197,72.8468,0.0,0.0,1005.9,6,2.5,0.139
2024-05-18T00:00,Santacruz_AWS,19.1197,72.8468,0.0,0.0,1005.3,72,2.3,0.139
2024-05-18T01:00,Santacruz_AWS,19.1197,72.8468,0.0,0.0,1004.8,18,3.3,0.139
2024-05-18T02:00,Santacruz_AWS,19.1197,72.8468,0.0,0.0,1004.4,25,3.6,0.139
2024-05-18T03:00,Santacruz_AWS,19.1197,72.8468,0.0,0.0,1004.1,16,2.9,0.139
2024-05-18T04:00,Santacruz_AWS,19.1197,72.8468,0.0,0.0,1004.0,10,3.1,0.139
2024-05-18T05:00,Santacruz_AWS,19.1197,72.8468,0.0,0.0,1004.2,6,1.5,0.139
2024-05-18T06:00,Santacruz_AWS,19.1197,72.8468,0.0,0.0,1004.4,0,2.9,0.132
2024-05-18T07:00,Santacruz_AWS,19.1197,72.8468,0.0,0.0,1005.2,2,4.1,0.132
2024-05-18T08:00,Santacruz_AWS,19.1197,72.8468,0.0,0.0,1005.3,6,5.6,0.132
2024-05-18T09:00,Santacruz_AWS,19.1197,72.8468,0.0,0.0,1005.4,6,8.4,0.132
2024-05-18T10:00,Santacruz_AWS,19.1197,72.8468,0.0,0.0,1005.3,3,9.8,0.132
2024-05-18T11:00,Santacruz_AWS,19.1197,72.8468,0.0,0.0,1004.6,1,12.5,0.131
2024-05-18T12:00,Santacruz_AWS,19.1197,72.8468,0.0,0.0,1003.8,0,15.9,0.131
2024-05-18T13:00,Santacruz_AWS,19.1197,72.8468,0.0,0.0,1002.9,2,15.8,0.131
2024-05-18T14:00,Santacruz_AWS,19.1197,72.8468,0.0,0.0,1002.0,9,17.3,0.131
2024-05-18T15:00,Santacruz_AWS,19.1197,72.8468,0.0,0.0,1001.0,7,15.5,0.131
2024-05-18T16:00,Santacruz_AWS,19.1197,72.8468,0.0,0.0,1000.3,1,16.0,0.131
2024-05-18T17:00,Santacruz_AWS,19.1197,72.8468,0.0,0.0,1000.6,2,12.4,0.131
2024-05-18T18:00,Santacruz_AWS,19.1197,72.8468,0.0,0.0,1000.3,5,15.3,0.132
2024-05-18T19:00,Santacruz_AWS,19.1197,72.8468,0.0,0.0,1001.4,4,10.0,0.132
2024-05-18T20:00,Santacruz_AWS,19.1197,72.8468,0.0,0.0,1002.6,6,8.1,0.132
2024-05-18T21:00,Santacruz_AWS,19.1197,72.8468,0.0,0.0,1003.3,8,7.6,0.132
2024-05-18T22:00,Santacruz_AWS,19.1197,72.8468,0.0,0.0,1003.8,9,5.7,0.132
2024-05-18T23:00,Santacruz_AWS,19.1197,72.8468,0.0,0.0,1003.8,0,5.2,0.132
2024-05-19T00:00,Santacruz_AWS,19.1197,72.8468,0.0,0.0,1003.2,0,5.0,0.132
2024-05-19T01:00,Santacruz_AWS,19.1197,72.8468,0.0,0.0,1002.4,0,3.8,0.132
2024-05-19T02:00,Santacruz_AWS,19.1197,72.8468,0.0,0.0,1001.7,0,3.8,0.132
2024-05-19T03:00,Santacruz_AWS,19.1197,72.8468,0.0,0.0,1001.6,0,4.3,0.132
2024-05-19T04:00,Santacruz_AWS,19.1197,72.8468,0.0,0.0,1001.5,0,4.7,0.132
2024-05-19T05:00,Santacruz_AWS,19.1197,72.8468,0.0,0.0,1001.8,0,5.5,0.132
2024-05-19T06:00,Santacruz_AWS,19.1197,72.8468,5.4,5.4,1002.6,100,8.1,0.203
2024-05-19T07:00,Santacruz_AWS,19.1197,72.8468,0.2,0.2,1003.0,100,11.4,0.204
2024-05-19T08:00,Santacruz_AWS,19.1197,72.8468,0.0,0.0,1003.8,95,5.0,0.204
2024-05-19T09:00,Santacruz_AWS,19.1197,72.8468,0.0,0.0,1004.3,94,5.8,0.202
2024-05-19T10:00,Santacruz_AWS,19.1197,72.8468,0.0,0.0,1004.1,99,8.4,0.2
2024-05-19T11:00,Santacruz_AWS,19.1197,72.8468,0.0,0.0,1003.4,76,14.8,0.197
2024-05-19T12:00,Santacruz_AWS,19.1197,72.8468,0.0,0.0,1002.9,0,15.5,0.194
2024-05-19T13:00,Santacruz_AWS,19.1197,72.8468,0.0,0.0,1002.0,1,12.6,0.192
2024-05-19T14:00,Santacruz_AWS,19.1197,72.8468,0.0,0.0,1000.5,4,16.3,0.189
2024-05-19T15:00,Santacruz_AWS,19.1197,72.8468,0.0,0.0,999.9,5,14.8,0.187
2024-05-19T16:00,Santacruz_AWS,19.1197,72.8468,0.0,0.0,999.2,4,12.9,0.185
2024-05-19T17:00,Santacruz_AWS,19.1197,72.8468,0.0,0.0,998.6,2,12.4,0.184
2024-05-19T18:00,Santacruz_AWS,19.1197,72.8468,0.0,0.0,998.5,1,19.3,0.127
2024-05-19T19:00,Santacruz_AWS,19.1197,72.8468,0.0,0.0,999.0,1,16.7,0.127
2024-05-19T20:00,Santacruz_AWS,19.1197,72.8468,0.0,0.0,1000.1,5,14.4,0.127
2024-05-19T21:00,Santacruz_AWS,19.1197,72.8468,0.0,0.0,1001.0,7,8.7,0.127
2024-05-19T22:00,Santacruz_AWS,19.1197,72.8468,0.0,0.0,1001.8,2,2.9,0.127
2024-05-19T23:00,Santacruz_AWS,19.1197,72.8468,0.0,0.0,1001.9,13,4.0,0.127
2024-05-20T00:00,Santacruz_AWS,19.1197,72.8468,0.0,0.0,1001.2,82,8.8,0.127
2024-05-20T01:00,Santacruz_AWS,19.1197,72.8468,0.0,0.0,1000.9,90,10.9,0.127
2024-05-20T02:00,Santacruz_AWS,19.1197,72.8468,0.0,0.0,1000.6,25,11.6,0.127
2024-05-20T03:00,Santacruz_AWS,19.1197,72.8468,0.0,0.0,1000.6,7,10.9,0.127
2024-05-20T04:00,Santacruz_AWS,19.1197,72.8468,0.0,0.0,1000.9,5,8.8,0.127
2024-05-20T05:00,Santacruz_AWS,19.1197,72.8468,0.0,0.0,1001.5,0,7.2,0.127
2024-05-20T06:00,Santacruz_AWS,19.1197,72.8468,0.0,0.0,1002.3,6,9.7,0.121
2024-05-20T07:00,Santacruz_AWS,19.1197,72.8468,0.0,0.0,1002.7,49,11.0,0.121
2024-05-20T08:00,Santacruz_AWS,19.1197,72.8468,0.0,0.0,1003.0,93,9.0,0.121
2024-05-20T09:00,Santacruz_AWS,19.1197,72.8468,0.0,0.0,1003.6,93,9.0,0.122
2024-05-20T10:00,Santacruz_AWS,19.1197,72.8468,0.0,0.0,1003.9,98,8.2,0.122
2024-05-20T11:00,Santacruz_AWS,19.1197,72.8468,0.0,0.0,1003.7,100,11.7,0.122
2024-05-20T12:00,Santacruz_AWS,19.1197,72.8468,0.0,0.0,1003.0,100,17.4,0.121
2024-05-20T13:00,Santacruz_AWS,19.1197,72.8468,0.0,0.0,1002.1,82,18.8,0.121
2024-05-20T14:00,Santacruz_AWS,19.1197,72.8468,0.0,0.0,1001.1,24,17.5,0.121
2024-05-20T15:00,Santacruz_AWS,19.1197,72.8468,0.0,0.0,1000.3,25,18.3,0.121
2024-05-20T16:00,Santacruz_AWS,19.1197,72.8468,0.0,0.0,999.9,42,18.4,0.121
2024-05-20T17:00,Santacruz_AWS,19.1197,72.8468,0.0,0.0,1000.1,83,17.0,0.122
2024-05-20T18:00,Santacruz_AWS,19.1197,72.8468,0.0,0.0,1000.6,43,21.2,0.127
2024-05-20T19:00,Santacruz_AWS,19.1197,72.8468,0.0,0.0,1001.3,9,17.7,0.127
2024-05-20T20:00,Santacruz_AWS,19.1197,72.8468,0.0,0.0,1002.5,52,10.1,0.127
2024-05-20T21:00,Santacruz_AWS,19.1197,72.8468,0.0,0.0,1003.6,97,6.5,0.127
2024-05-20T22:00,Santacruz_AWS,19.1197,72.8468,0.0,0.0,1003.8,98,8.7,0.127
2024-05-20T23:00,Santacruz_AWS,19.1197,72.8468,0.0,0.0,1003.7,100,9.1,0.127
2024-05-21T00:00,Santacruz_AWS,19.1197,72.8468,0.0,0.0,1003.4,98,9.3,0.127
2024-05-21T01:00,Santacruz_AWS,19.1197,72.8468,0.0,0.0,1002.7,98,8.4,0.127
2024-05-21T02:00,Santacruz_AWS,19.1197,72.8468,0.0,0.0,1002.1,98,10.3,0.127
2024-05-21T03:00,Santacruz_AWS,19.1197,72.8468,0.0,0.0,1002.0,98,7.9,0.127
2024-05-21T04:00,Santacruz_AWS,19.1197,72.8468,0.0,0.0,1002.0,5,4.2,0.127
2024-05-21T05:00,Santacruz_AWS,19.1197,72.8468,0.0,0.0,1002.4,0,4.0,0.127
2024-05-21T06:00,Santacruz_AWS,19.1197,72.8468,0.0,0.0,1002.4,100,4.2,0.127
2024-05-21T07:00,Santacruz_AWS,19.1197,72.8468,0.0,0.0,1002.9,97,5.5,0.128
2024-05-21T08:00,Santacruz_AWS,19.1197,72.8468,0.1,0.1,1003.2,100,4.4,0.128
2024-05-21T09:00,Santacruz_AWS,19.1197,72.8468,0.0,0.0,1003.4,91,6.7,0.129
2024-05-21T10:00,Santacruz_AWS,19.1197,72.8468,0.0,0.0,1003.2,87,10.1,0.129
2024-05-21T11:00,Santacruz_AWS,19.1197,72.8468,0.0,0.0,1002.4,64,14.1,0.129
2024-05-21T12:00,Santacruz_AWS,19.1197,72.8468,0.0,0.0,1001.8,31,16.2,0.129
2024-05-21T13:00,Santacruz_AWS,19.1197,72.8468,0.0,0.0,1001.1,100,17.7,0.129
2024-05-21T14:00,Santacruz_AWS,19.1197,72.8468,0.0,0.0,1000.1,94,20.3,0.129
2024-05-21T15:00,Santacruz_AWS,19.1197,72.8468,0.0,0.0,999.5,42,19.2,0.129
2024-05-21T16:00,Santacruz_AWS,19.1197,72.8468,0.0,0.0,999.4,28,16.0,0.129
2024-05-21T17:00,Santacruz_AWS,19.1197,72.8468,0.0,0.0,999.1,46,15.8,0.129
2024-05-21T18:00,Santacruz_AWS,19.1197,72.8468,0.0,0.0,999.7,21,21.7,0.126
2024-05-21T19:00,Santacruz_AWS,19.1197,72.8468,0.0,0.0,1000.2,33,21.9,0.126
2024-05-21T20:00,Santacruz_AWS,19.1197,72.8468,0.0,0.0,1001.2,37,15.8,0.126
2024-05-21T21:00,Santacruz_AWS,19.1197,72.8468,0.0,0.0,1001.9,87,12.0,0.126
2024-05-21T22:00,Santacruz_AWS,19.1197,72.8468,0.0,0.0,1002.8,100,4.6,0.126
2024-05-21T23:00,Santacruz_AWS,19.1197,72.8468,0.0,0.0,1002.6,100,3.3,0.126
2024-05-22T00:00,Santacruz_AWS,19.1197,72.8468,0.0,0.0,1002.8,80,9.7,0.126
2024-05-22T01:00,Santacruz_AWS,19.1197,72.8468,0.0,0.0,1002.4,11,10.4,0.126
2024-05-22T02:00,Santacruz_AWS,19.1197,72.8468,0.0,0.0,1001.7,25,11.3,0.126
2024-05-22T03:00,Santacruz_AWS,19.1197,72.8468,0.0,0.0,1001.1,77,10.4,0.126
2024-05-22T04:00,Santacruz_AWS,19.1197,72.8468,0.0,0.0,1001.2,88,8.7,0.126
2024-05-22T05:00,Santacruz_AWS,19.1197,72.8468,0.0,0.0,1001.5,94,7.7,0.126
2024-05-22T06:00,Santacruz_AWS,19.1197,72.8468,0.1,0.1,1002.6,89,13.0,0.131
2024-05-22T07:00,Santacruz_AWS,19.1197,72.8468,0.0,0.0,1003.2,29,12.4,0.131
2024-05-22T08:00,Santacruz_AWS,19.1197,72.8468,0.0,0.0,1003.2,42,10.1,0.132
2024-05-22T09:00,Santacruz_AWS,19.1197,72.8468,0.1,0.1,1003.3,60,8.6,0.133
2024-05-22T10:00,Santacruz_AWS,19.1197,72.8468,0.0,0.0,1002.9,87,9.7,0.133
2024-05-22T11:00,Santacruz_AWS,19.1197,72.8468,0.0,0.0,1002.7,67,14.8,0.133
2024-05-22T12:00,Santacruz_AWS,19.1197,72.8468,0.0,0.0,1002.2,17,17.7,0.133
2024-05-22T13:00,Santacruz_AWS,19.1197,72.8468,0.0,0.0,1001.2,18,17.3,0.132
2024-05-22T14:00,Santacruz_AWS,19.1197,72.8468,0.0,0.0,1000.5,8,18.7,0.132
2024-05-22T15:00,Santacruz_AWS,19.1197,72.8468,0.0,0.0,999.6,22,17.2,0.132
2024-05-22T16:00,Santacruz_AWS,19.1197,72.8468,0.0,0.0,999.1,21,15.7,0.132
2024-05-22T17:00,Santacruz_AWS,19.1197,72.8468,0.0,0.0,998.9,11,13.8,0.132
2024-05-22T18:00,Santacruz_AWS,19.1197,72.8468,0.1,0.1,999.9,100,12.7,0.127
2024-05-22T19:00,Santacruz_AWS,19.1197,72.8468,0.0,0.0,999.5,100,17.8,0.127
2024-05-22T20:00,Santacruz_AWS,19.1197,72.8468,0.0,0.0,1000.3,91,13.0,0.127
2024-05-22T21:00,Santacruz_AWS,19.1197,72.8468,0.0,0.0,1000.7,66,14.4,0.127
2024-05-22T22:00,Santacruz_AWS,19.1197,72.8468,0.0,0.0,1000.9,93,13.2,0.127
2024-05-22T23:00,Santacruz_AWS,19.1197,72.8468,0.0,0.0,1000.9,97,8.8,0.127
2024-05-23T00:00,Santacruz_AWS,19.1197,72.8468,0.0,0.0,1000.8,99,3.0,0.127
2024-05-23T01:00,Santacruz_AWS,19.1197,72.8468,0.0,0.0,1000.2,68,3.6,0.127
2024-05-23T02:00,Santacruz_AWS,19.1197,72.8468,0.0,0.0,999.8,35,5.1,0.127
2024-05-23T03:00,Santacruz_AWS,19.1197,72.8468,0.0,0.0,999.6,1,4.8,0.127
2024-05-23T04:00,Santacruz_AWS,19.1197,72.8468,0.0,0.0,999.8,1,4.7,0.127
2024-05-23T05:00,Santacruz_AWS,19.1197,72.8468,0.0,0.0,1000.0,2,6.2,0.127
2024-05-23T06:00,Santacruz_AWS,19.1197,72.8468,0.0,0.0,1001.0,0,7.6,0.127
2024-05-23T07:00,Santacruz_AWS,19.1197,72.8468,0.0,0.0,1001.9,9,9.4,0.127
2024-05-23T08:00,Santacruz_AWS,19.1197,72.8468,0.0,0.0,1002.4,12,11.1,0.127
2024-05-23T09:00,Santacruz_AWS,19.1197,72.8468,0.0,0.0,1002.6,9,12.3,0.127
2024-05-23T10:00,Santacruz_AWS,19.1197,72.8468,0.0,0.0,1002.4,12,14.9,0.127
2024-05-23T11:00,Santacruz_AWS,19.1197,72.8468,0.0,0.0,1002.0,13,16.2,0.127
2024-05-23T12:00,Santacruz_AWS,19.1197,72.8468,0.0,0.0,1001.4,13,17.7,0.127
2024-05-23T13:00,Santacruz_AWS,19.1197,72.8468,0.0,0.0,1000.6,0,19.5,0.127
2024-05-23T14:00,Santacruz_AWS,19.1197,72.8468,0.0,0.0,999.7,21,20.0,0.127
2024-05-23T15:00,Santacruz_AWS,19.1197,72.8468,0.0,0.0,999.3,15,19.3,0.127
2024-05-23T16:00,Santacruz_AWS,19.1197,72.8468,0.0,0.0,999.4,16,18.0,0.127
2024-05-23T17:00,Santacruz_AWS,19.1197,72.8468,0.0,0.0,999.0,15,16.3,0.127
2024-05-23T18:00,Santacruz_AWS,19.1197,72.8468,0.0,0.0,999.2,63,22.2,0.129
2024-05-23T19:00,Santacruz_AWS,19.1197,72.8468,0.0,0.0,998.9,56,24.2,0.129
2024-05-23T20:00,Santacruz_AWS,19.1197,72.8468,0.0,0.0,999.7,57,16.0,0.129
2024-05-23T21:00,Santacruz_AWS,19.1197,72.8468,0.0,0.0,1000.8,3,5.4,0.129
2024-05-23T22:00,Santacruz_AWS,19.1197,72.8468,0.0,0.0,1001.2,5,3.3,0.129
2024-05-23T23:00,Santacruz_AWS,19.1197,72.8468,0.0,0.0,1001.0,9,4.6,0.129
2024-05-24T00:00,Santacruz_AWS,19.1197,72.8468,0.0,0.0,1000.3,21,4.3,0.129
2024-05-24T01:00,Santacruz_AWS,19.1197,72.8468,0.0,0.0,999.8,0,3.6,0.129
2024-05-24T02:00,Santacruz_AWS,19.1197,72.8468,0.0,0.0,999.2,8,4.8,0.129
2024-05-24T03:00,Santacruz_AWS,19.1197,72.8468,0.0,0.0,998.9,21,5.2,0.129
2024-05-24T04:00,Santacruz_AWS,19.1197,72.8468,0.0,0.0,999.0,0,4.1,0.129
2024-05-24T05:00,Santacruz_AWS,19.1197,72.8468,0.0,0.0,999.5,80,5.1,0.129
2024-05-24T06:00,Santacruz_AWS,19.1197,72.8468,0.0,0.0,1000.2,60,11.8,0.126
2024-05-24T07:00,Santacruz_AWS,19.1197,72.8468,0.1,0.1,1000.9,31,13.0,0.126
2024-05-24T08:00,Santacruz_AWS,19.1197,72.8468,0.1,0.1,1001.4,42,12.6,0.127
2024-05-24T09:00,Santacruz_AWS,19.1197,72.8468,0.0,0.0,1001.8,44,10.8,0.127
2024-05-24T10:00,Santacruz_AWS,19.1197,72.8468,0.0,0.0,1001.9,56,12.0,0.127
2024-05-24T11:00,Santacruz_AWS,19.1197,72.8468,0.0,0.0,1002.0,4,15.5,0.127
2024-05-24T12:00,Santacruz_AWS,19.1197,72.8468,0.0,0.0,1001.6,3,18.1,0.127
2024-05-24T13:00,Santacruz_AWS,19.1197,72.8468,0.0,0.0,1001.2,4,18.0,0.127
2024-05-24T14:00,Santacruz_AWS,19.1197,72.8468,0.0,0.0,1000.2,3,17.7,0.127
2024-05-24T15:00,Santacruz_AWS,19.1197,72.8468,0.0,0.0,999.3,2,18.2,0.127
2024-05-24T16:00,Santacruz_AWS,19.1197,72.8468,0.0,0.0,998.9,7,18.4,0.127
2024-05-24T17:00,Santacruz_AWS,19.1197,72.8468,0.0,0.0,999.2,10,14.4,0.127
2024-05-24T18:00,Santacruz_AWS,19.1197,72.8468,0.0,0.0,999.9,28,17.3,0.126
2024-05-24T19:00,Santacruz_AWS,19.1197,72.8468,0.0,0.0,1000.4,20,16.6,0.126
2024-05-24T20:00,Santacruz_AWS,19.1197,72.8468,0.0,0.0,1001.0,15,14.3,0.126
2024-05-24T21:00,Santacruz_AWS,19.1197,72.8468,0.0,0.0,1001.9,21,11.6,0.126
2024-05-24T22:00,Santacruz_AWS,19.1197,72.8468,0.0,0.0,1002.6,51,10.0,0.126
2024-05-24T23:00,Santacruz_AWS,19.1197,72.8468,0.0,0.0,1002.8,34,7.6,0.126
2024-05-25T00:00,Santacruz_AWS,19.1197,72.8468,0.0,0.0,1002.2,20,7.8,0.126
2024-05-25T01:00,Santacruz_AWS,19.1197,72.8468,0.0,0.0,1001.9,21,8.8,0.126
2024-05-25T02:00,Santacruz_AWS,19.1197,72.8468,0.0,0.0,1001.2,31,9.4,0.126
2024-05-25T03:00,Santacruz_AWS,19.1197,72.8468,0.0,0.0,1000.6,39,11.2,0.126
2024-05-25T04:00,Santacruz_AWS,19.1197,72.8468,0.0,0.0,1000.8,36,11.0,0.126
2024-05-25T05:00,Santacruz_AWS,19.1197,72.8468,0.0,0.0,1001.3,32,10.9,0.126
2024-05-25T06:00,Santacruz_AWS,19.1197,72.8468,0.1,0.1,1001.5,39,10.8,0.127
2024-05-25T07:00,Santacruz_AWS,19.1197,72.8468,0.2,0.2,1002.3,86,14.2,0.129
2024-05-25T08:00,Santacruz_AWS,19.1197,72.8468,0.0,0.0,1002.7,17,14.2,0.129
2024-05-25T09:00,Santacruz_AWS,19.1197,72.8468,0.0,0.0,1003.4,77,11.8,0.129
2024-05-25T10:00,Santacruz_AWS,19.1197,72.8468,0.0,0.0,1003.2,23,13.1,0.129
2024-05-25T11:00,Santacruz_AWS,19.1197,72.8468,0.0,0.0,1002.9,9,16.0,0.129
2024-05-25T12:00,Santacruz_AWS,19.1197,72.8468,0.0,0.0,1002.3,36,18.4,0.129
2024-05-25T13:00,Santacruz_AWS,19.1197,72.8468,0.0,0.0,1002.0,100,17.7,0.129
2024-05-25T14:00,Santacruz_AWS,19.1197,72.8468,0.0,0.0,1001.4,99,18.7,0.129
2024-05-25T15:00,Santacruz_AWS,19.1197,72.8468,0.0,0.0,1000.2,99,19.4,0.129
2024-05-25T16:00,Santacruz_AWS,19.1197,72.8468,0.0,0.0,999.8,100,18.8,0.129
2024-05-25T17:00,Santacruz_AWS,19.1197,72.8468,0.0,0.0,999.8,80,17.3,0.129
2024-05-25T18:00,Santacruz_AWS,19.1197,72.8468,0.2,0.2,1000.7,100,19.2,0.128
2024-05-25T19:00,Santacruz_AWS,19.1197,72.8468,0.2,0.2,1001.2,100,17.7,0.13
2024-05-25T20:00,Santacruz_AWS,19.1197,72.8468,0.0,0.0,1002.5,100,14.9,0.13
2024-05-25T21:00,Santacruz_AWS,19.1197,72.8468,0.0,0.0,1003.4,100,12.4,0.13
2024-05-25T22:00,Santacruz_AWS,19.1197,72.8468,0.0,0.0,1004.0,100,11.0,0.13
2024-05-25T23:00,Santacruz_AWS,19.1197,72.8468,0.0,0.0,1003.8,100,13.0,0.13
2024-05-26T00:00,Santacruz_AWS,19.1197,72.8468,0.0,0.0,1003.4,100,13.4,0.13
2024-05-26T01:00,Santacruz_AWS,19.1197,72.8468,0.0,0.0,1002.9,100,13.0,0.13
2024-05-26T02:00,Santacruz_AWS,19.1197,72.8468,0.0,0.0,1002.5,100,12.0,0.13
2024-05-26T03:00,Santacruz_AWS,19.1197,72.8468,0.0,0.0,1002.2,100,12.5,0.13
2024-05-26T04:00,Santacruz_AWS,19.1197,72.8468,0.0,0.0,1002.2,100,14.3,0.13
2024-05-26T05:00,Santacruz_AWS,19.1197,72.8468,0.0,0.0,1002.3,100,13.3,0.13
2024-05-26T06:00,Santacruz_AWS,19.1197,72.8468,0.0,0.0,1003.2,100,18.2,0.127
2024-05-26T07:00,Santacruz_AWS,19.1197,72.8468,0.0,0.0,1003.5,100,18.3,0.127
2024-05-26T08:00,Santacruz_AWS,19.1197,72.8468,0.0,0.0,1003.9,96,18.8,0.127
2024-05-26T09:00,Santacruz_AWS,19.1197,72.8468,0.0,0.0,1004.1,100,18.6,0.127
2024-05-26T10:00,Santacruz_AWS,19.1197,72.8468,0.0,0.0,1004.3,93,19.1,0.127
2024-05-26T11:00,Santacruz_AWS,19.1197,72.8468,0.0,0.0,1004.3,98,19.9,0.128
2024-05-26T12:00,Santacruz_AWS,19.1197,72.8468,0.1,0.1,1003.9,93,21.3,0.128
2024-05-26T13:00,Santacruz_AWS,19.1197,72.8468,0.0,0.0,1003.1,78,20.6,0.128
2024-05-26T14:00,Santacruz_AWS,19.1197,72.8468,0.0,0.0,1002.2,72,20.3,0.128
2024-05-26T15:00,Santacruz_AWS,19.1197,72.8468,0.0,0.0,1001.3,90,19.3,0.128
2024-05-26T16:00,Santacruz_AWS,19.1197,72.8468,0.0,0.0,1000.7,79,18.4,0.128
2024-05-26T17:00,Santacruz_AWS,19.1197,72.8468,0.0,0.0,1000.7,97,16.3,0.128
2024-05-26T18:00,Santacruz_AWS,19.1197,72.8468,0.2,0.2,1001.2,98,17.1,0.13
2024-05-26T19:00,Santacruz_AWS,19.1197,72.8468,0.2,0.2,1001.7,33,14.9,0.131
2024-05-26T20:00,Santacruz_AWS,19.1197,72.8468,0.0,0.0,1002.4,24,14.9,0.131
2024-05-26T21:00,Santacruz_AWS,19.1197,72.8468,0.0,0.0,1003.3,40,15.0,0.131
2024-05-26T22:00,Santacruz_AWS,19.1197,72.8468,0.0,0.0,1003.8,29,14.5,0.131
2024-05-26T23:00,Santacruz_AWS,19.1197,72.8468,0.0,0.0,1004.0,8,13.0,0.131
2024-05-27T00:00,Santacruz_AWS,19.1197,72.8468,0.0,0.0,1002.8,63,15.2,0.131
2024-05-27T01:00,Santacruz_AWS,19.1197,72.8468,0.0,0.0,1002.4,94,11.3,0.131
2024-05-27T02:00,Santacruz_AWS,19.1197,72.8468,0.0,0.0,1001.9,95,10.9,0.131
2024-05-27T03:00,Santacruz_AWS,19.1197,72.8468,0.0,0.0,1001.9,100,11.2,0.132
2024-05-27T04:00,Santacruz_AWS,19.1197,72.8468,0.0,0.0,1001.7,100,11.7,0.132
2024-05-27T05:00,Santacruz_AWS,19.1197,72.8468,0.0,0.0,1001.6,100,13.0,0.132
2024-05-27T06:00,Santacruz_AWS,19.1197,72.8468,0.0,0.0,1002.4,97,15.9,0.128
2024-05-27T07:00,Santacruz_AWS,19.1197,72.8468,0.0,0.0,1002.8,98,16.7,0.128
2024-05-27T08:00,Santacruz_AWS,19.1197,72.8468,0.0,0.0,1003.3,100,15.5,0.129
2024-05-27T09:00,Santacruz_AWS,19.1197,72.8468,0.1,0.1,1003.7,98,17.1,0.129
2024-05-27T10:00,Santacruz_AWS,19.1197,72.8468,0.0,0.0,1003.9,99,18.4,0.129
2024-05-27T11:00,Santacruz_AWS,19.1197,72.8468,0.0,0.0,1003.8,99,18.7,0.129
2024-05-27T12:00,Santacruz_AWS,19.1197,72.8468,0.0,0.0,1003.2,100,20.2,0.129
2024-05-27T13:00,Santacruz_AWS,19.1197,72.8468,0.0,0.0,1002.5,100,20.6,0.129
2024-05-27T14:00,Santacruz_AWS,19.1197,72.8468,0.0,0.0,1001.9,90,21.3,0.129
2024-05-27T15:00,Santacruz_AWS,19.1197,72.8468,0.0,0.0,1001.4,97,19.6,0.13
2024-05-27T16:00,Santacruz_AWS,19.1197,72.8468,0.0,0.0,1001.1,100,18.2,0.13
2024-05-27T17:00,Santacruz_AWS,19.1197,72.8468,0.0,0.0,1000.9,71,18.0,0.13
2024-05-27T18:00,Santacruz_AWS,19.1197,72.8468,0.3,0.3,1001.9,100,20.3,0.135
2024-05-27T19:00,Santacruz_AWS,19.1197,72.8468,0.1,0.1,1002.2,84,18.9,0.135
2024-05-27T20:00,Santacruz_AWS,19.1197,72.8468,0.0,0.0,1002.5,19,15.3,0.135
2024-05-27T21:00,Santacruz_AWS,19.1197,72.8468,0.0,0.0,1002.9,47,15.0,0.135
2024-05-27T22:00,Santacruz_AWS,19.1197,72.8468,0.0,0.0,1003.4,80,15.8,0.135
2024-05-27T23:00,Santacruz_AWS,19.1197,72.8468,0.0,0.0,1003.4,85,15.3,0.135
2024-05-28T00:00,Santacruz_AWS,19.1197,72.8468,0.0,0.0,1003.1,99,14.8,0.136
2024-05-28T01:00,Santacruz_AWS,19.1197,72.8468,0.0,0.0,1002.7,98,15.4,0.136
2024-05-28T02:00,Santacruz_AWS,19.1197,72.8468,0.0,0.0,1002.2,99,15.2,0.136
2024-05-28T03:00,Santacruz_AWS,19.1197,72.8468,0.0,0.0,1002.1,97,15.6,0.136
2024-05-28T04:00,Santacruz_AWS,19.1197,72.8468,0.0,0.0,1002.0,99,14.4,0.136
2024-05-28T05:00,Santacruz_AWS,19.1197,72.8468,0.0,0.0,1002.2,99,13.1,0.136
2024-05-28T06:00,Santacruz_AWS,19.1197,72.8468,0.0,0.0,1003.1,73,17.2,0.133
2024-05-28T07:00,Santacruz_AWS,19.1197,72.8468,0.1,0.1,1003.8,100,20.5,0.135
2024-05-28T08:00,Santacruz_AWS,19.1197,72.8468,0.1,0.1,1004.2,100,21.3,0.136
2024-05-28T09:00,Santacruz_AWS,19.1197,72.8468,0.0,0.0,1004.7,100,20.4,0.136
2024-05-28T10:00,Santacruz_AWS,19.1197,72.8468,0.0,0.0,1004.4,98,19.9,0.135
2024-05-28T11:00,Santacruz_AWS,19.1197,72.8468,0.0,0.0,1004.3,42,21.3,0.135
2024-05-28T12:00,Santacruz_AWS,19.1197,72.8468,0.0,0.0,1003.9,96,21.3,0.135
2024-05-28T13:00,Santacruz_AWS,19.1197,72.8468,0.0,0.0,1003.4,81,20.9,0.135
2024-05-28T14:00,Santacruz_AWS,19.1197,72.8468,0.0,0.0,1002.6,86,19.4,0.135
2024-05-28T15:00,Santacruz_AWS,19.1197,72.8468,0.0,0.0,1001.8,98,18.8,0.135
2024-05-28T16:00,Santacruz_AWS,19.1197,72.8468,0.0,0.0,1001.2,100,17.7,0.135
2024-05-28T17:00,Santacruz_AWS,19.1197,72.8468,0.0,0.0,1001.0,100,16.3,0.134
2024-05-28T18:00,Santacruz_AWS,19.1197,72.8468,0.2,0.2,1001.6,92,16.9,0.142
2024-05-28T19:00,Santacruz_AWS,19.1197,72.8468,0.2,0.2,1002.1,69,13.9,0.143
2024-05-28T20:00,Santacruz_AWS,19.1197,72.8468,0.0,0.0,1002.5,51,13.5,0.143
2024-05-28T21:00,Santacruz_AWS,19.1197,72.8468,0.0,0.0,1002.9,51,14.0,0.143
2024-05-28T22:00,Santacruz_AWS,19.1197,72.8468,0.0,0.0,1003.2,90,13.4,0.143
2024-05-28T23:00,Santacruz_AWS,19.1197,72.8468,0.0,0.0,1003.1,96,14.4,0.143
2024-05-29T00:00,Santacruz_AWS,19.1197,72.8468,0.0,0.0,1002.9,98,16.6,0.143
2024-05-29T01:00,Santacruz_AWS,19.1197,72.8468,0.0,0.0,1002.7,85,17.3,0.143
2024-05-29T02:00,Santacruz_AWS,19.1197,72.8468,0.0,0.0,1002.2,97,18.1,0.143
2024-05-29T03:00,Santacruz_AWS,19.1197,72.8468,0.0,0.0,1001.9,100,16.2,0.143
2024-05-29T04:00,Santacruz_AWS,19.1197,72.8468,0.0,0.0,1002.2,99,15.0,0.143
2024-05-29T05:00,Santacruz_AWS,19.1197,72.8468,0.0,0.0,1002.6,100,14.2,0.143
2024-05-29T06:00,Santacruz_AWS,19.1197,72.8468,0.0,0.0,1002.7,94,15.0,0.137
2024-05-29T07:00,Santacruz_AWS,19.1197,72.8468,0.0,0.0,1003.2,74,19.1,0.137
2024-05-29T08:00,Santacruz_AWS,19.1197,72.8468,0.0,0.0,1003.6,45,19.7,0.137
2024-05-29T09:00,Santacruz_AWS,19.1197,72.8468,0.0,0.0,1004.2,51,19.5,0.137
2024-05-29T10:00,Santacruz_AWS,19.1197,72.8468,0.0,0.0,1004.3,27,20.1,0.137
2024-05-29T11:00,Santacruz_AWS,19.1197,72.8468,0.0,0.0,1004.0,71,22.1,0.137
2024-05-29T12:00,Santacruz_AWS,19.1197,72.8468,0.0,0.0,1003.6,75,23.1,0.136
2024-05-29T13:00,Santacruz_AWS,19.1197,72.8468,0.0,0.0,1003.2,29,23.4,0.136
2024-05-29T14:00,Santacruz_AWS,19.1197,72.8468,0.0,0.0,1002.4,35,21.9,0.136
2024-05-29T15:00,Santacruz_AWS,19.1197,72.8468,0.0,0.0,1001.6,56,21.7,0.136
2024-05-29T16:00,Santacruz_AWS,19.1197,72.8468,0.0,0.0,1001.4,30,21.2,0.136
2024-05-29T17:00,Santacruz_AWS,19.1197,72.8468,0.0,0.0,1001.6,80,20.5,0.136
2024-05-29T18:00,Santacruz_AWS,19.1197,72.8468,0.4,0.4,1001.7,36,20.5,0.141
2024-05-29T19:00,Santacruz_AWS,19.1197,72.8468,0.0,0.0,1002.4,44,18.2,0.141
2024-05-29T20:00,Santacruz_AWS,19.1197,72.8468,0.0,0.0,1003.2,51,16.3,0.141
2024-05-29T21:00,Santacruz_AWS,19.1197,72.8468,0.0,0.0,1003.9,39,13.2,0.141
2024-05-29T22:00,Santacruz_AWS,19.1197,72.8468,0.0,0.0,1004.4,75,14.1,0.14
2024-05-29T23:00,Santacruz_AWS,19.1197,72.8468,0.0,0.0,1004.4,29,15.3,0.14
2024-05-30T00:00,Santacruz_AWS,19.1197,72.8468,0.0,0.0,1004.0,25,14.4,0.14
2024-05-30T01:00,Santacruz_AWS,19.1197,72.8468,0.0,0.0,1003.2,91,12.7,0.14
2024-05-30T02:00,Santacruz_AWS,19.1197,72.8468,0.0,0.0,1002.8,80,12.1,0.14
2024-05-30T03:00,Santacruz_AWS,19.1197,72.8468,0.0,0.0,1002.6,38,12.4,0.14
2024-05-30T04:00,Santacruz_AWS,19.1197,72.8468,0.0,0.0,1002.9,14,12.3,0.14
2024-05-30T05:00,Santacruz_AWS,19.1197,72.8468,0.0,0.0,1003.3,30,10.9,0.14
2024-05-30T06:00,Santacruz_AWS,19.1197,72.8468,0.0,0.0,1003.3,21,12.8,0.137
2024-05-30T07:00,Santacruz_AWS,19.1197,72.8468,0.0,0.0,1003.7,22,15.5,0.137
2024-05-30T08:00,Santacruz_AWS,19.1197,72.8468,0.0,0.0,1004.4,46,14.8,0.137
2024-05-30T09:00,Santacruz_AWS,19.1197,72.8468,0.0,0.0,1004.9,59,13.8,0.136
2024-05-30T10:00,Santacruz_AWS,19.1197,72.8468,0.0,0.0,1004.9,46,14.6,0.136
2024-05-30T11:00,Santacruz_AWS,19.1197,72.8468,0.0,0.0,1004.6,84,15.3,0.136
2024-05-30T12:00,Santacruz_AWS,19.1197,72.8468,0.0,0.0,1004.1,85,16.9,0.136
2024-05-30T13:00,Santacruz_AWS,19.1197,72.8468,0.0,0.0,1003.4,0,17.6,0.136
2024-05-30T14:00,Santacruz_AWS,19.1197,72.8468,0.0,0.0,1002.8,1,18.8,0.135
2024-05-30T15:00,Santacruz_AWS,19.1197,72.8468,0.0,0.0,1002.4,2,19.2,0.135
2024-05-30T16:00,Santacruz_AWS,19.1197,72.8468,0.0,0.0,1002.5,1,18.6,0.135
2024-05-30T17:00,Santacruz_AWS,19.1197,72.8468,0.0,0.0,1002.7,9,17.1,0.135
2024-05-30T18:00,Santacruz_AWS,19.1197,72.8468,0.0,0.0,1003.5,28,14.8,0.135
2024-05-30T19:00,Santacruz_AWS,19.1197,72.8468,0.0,0.0,1004.1,22,13.8,0.135
2024-05-30T20:00,Santacruz_AWS,19.1197,72.8468,0.0,0.0,1004.8,49,13.6,0.135
2024-05-30T21:00,Santacruz_AWS,19.1197,72.8468,0.0,0.0,1005.5,31,13.0,0.135
2024-05-30T22:00,Santacruz_AWS,19.1197,72.8468,0.1,0.1,1005.8,29,11.1,0.136
2024-05-30T23:00,Santacruz_AWS,19.1197,72.8468,0.1,0.1,1005.6,28,8.7,0.137
2024-05-31T00:00,Santacruz_AWS,19.1197,72.8468,0.1,0.1,1005.1,28,8.5,0.138
2024-05-31T01:00,Santacruz_AWS,19.1197,72.8468,0.1,0.1,1004.3,21,6.8,0.138
2024-05-31T02:00,Santacruz_AWS,19.1197,72.8468,0.0,0.0,1003.7,24,4.7,0.139
2024-05-31T03:00,Santacruz_AWS,19.1197,72.8468,0.0,0.0,1003.6,24,4.3,0.139
2024-05-31T04:00,Santacruz_AWS,19.1197,72.8468,0.1,0.1,1003.9,80,5.7,0.14
2024-05-31T05:00,Santacruz_AWS,19.1197,72.8468,0.0,0.0,1004.1,15,3.7,0.14
2024-05-31T06:00,Santacruz_AWS,19.1197,72.8468,0.1,0.1,1005.0,50,5.9,0.129
2024-05-31T07:00,Santacruz_AWS,19.1197,72.8468,0.1,0.1,1005.7,69,6.0,0.13
2024-05-31T08:00,Santacruz_AWS,19.1197,72.8468,0.0,0.0,1005.9,25,7.6,0.13
2024-05-31T09:00,Santacruz_AWS,19.1197,72.8468,0.0,0.0,1006.0,10,8.4,0.13
2024-05-31T10:00,Santacruz_AWS,19.1197,72.8468,0.0,0.0,1005.9,1,11.5,0.13
2024-05-31T11:00,Santacruz_AWS,19.1197,72.8468,0.0,0.0,1005.6,0,15.1,0.13
2024-05-31T12:00,Santacruz_AWS,19.1197,72.8468,0.0,0.0,1005.3,2,17.3,0.13
2024-05-31T13:00,Santacruz_AWS,19.1197,72.8468,0.0,0.0,1004.7,12,18.4,0.13
2024-05-31T14:00,Santacruz_AWS,19.1197,72.8468,0.0,0.0,1003.8,12,19.4,0.13
2024-05-31T15:00,Santacruz_AWS,19.1197,72.8468,0.0,0.0,1003.5,10,19.4,0.13
2024-05-31T16:00,Santacruz_AWS,19.1197,72.8468,0.0,0.0,1003.3,26,19.5,0.13
2024-05-31T17:00,Santacruz_AWS,19.1197,72.8468,0.0,0.0,1003.4,27,17.3,0.131
2024-05-31T18:00,Santacruz_AWS,19.1197,72.8468,0.1,0.1,1003.8,28,15.4,0.129
2024-05-31T19:00,Santacruz_AWS,19.1197,72.8468,0.0,0.0,1003.8,20,13.2,0.129
2024-05-31T20:00,Santacruz_AWS,19.1197,72.8468,0.0,0.0,1004.3,18,11.4,0.129
2024-05-31T21:00,Santacruz_AWS,19.1197,72.8468,0.0,0.0,1005.1,23,10.0,0.129
2024-05-31T22:00,Santacruz_AWS,19.1197,72.8468,0.0,0.0,1005.4,38,8.8,0.129
2024-05-31T23:00,Santacruz_AWS,19.1197,72.8468,0.0,0.0,1005.3,31,9.9,0.13
2024-06-01T00:00,Santacruz_AWS,19.1197,72.8468,0.0,0.0,1004.7,34,8.9,0.13
2024-06-01T01:00,Santacruz_AWS,19.1197,72.8468,0.0,0.0,1004.1,41,8.4,0.13
2024-06-01T02:00,Santacruz_AWS,19.1197,72.8468,0.0,0.0,1003.7,20,8.4,0.13
2024-06-01T03:00,Santacruz_AWS,19.1197,72.8468,0.0,0.0,1003.6,17,7.6,0.13
2024-06-01T04:00,Santacruz_AWS,19.1197,72.8468,0.0,0.0,1003.7,20,5.4,0.13
2024-06-01T05:00,Santacruz_AWS,19.1197,72.8468,0.0,0.0,1004.0,18,3.9,0.13
2024-06-01T06:00,Santacruz_AWS,19.1197,72.8468,0.0,0.0,1004.5,77,6.3,0.113
2024-06-01T07:00,Santacruz_AWS,19.1197,72.8468,0.0,0.0,1005.2,100,8.3,0.113
2024-06-01T08:00,Santacruz_AWS,19.1197,72.8468,0.0,0.0,1005.6,84,10.4,0.113
2024-06-01T09:00,Santacruz_AWS,19.1197,72.8468,0.0,0.0,1006.0,100,11.2,0.113
2024-06-01T10:00,Santacruz_AWS,19.1197,72.8468,0.0,0.0,1006.1,97,13.4,0.113
2024-06-01T11:00,Santacruz_AWS,19.1197,72.8468,0.0,0.0,1005.6,40,15.5,0.113
2024-06-01T12:00,Santacruz_AWS,19.1197,72.8468,0.0,0.0,1005.1,3,16.9,0.113
2024-06-01T13:00,Santacruz_AWS,19.1197,72.8468,0.0,0.0,1004.4,0,17.3,0.113
2024-06-01T14:00,Santacruz_AWS,19.1197,72.8468,0.0,0.0,1003.6,0,18.7,0.113
2024-06-01T15:00,Santacruz_AWS,19.1197,72.8468,0.0,0.0,1003.1,5,17.6,0.113
2024-06-01T16:00,Santacruz_AWS,19.1197,72.8468,0.0,0.0,1002.9,1,16.2,0.113
2024-06-01T17:00,Santacruz_AWS,19.1197,72.8468,0.0,0.0,1002.8,0,15.1,0.113
2024-06-01T18:00,Santacruz_AWS,19.1197,72.8468,0.0,0.0,1003.6,18,14.9,0.118
2024-06-01T19:00,Santacruz_AWS,19.1197,72.8468,0.0,0.0,1003.4,40,15.5,0.119
2024-06-01T20:00,Santacruz_AWS,19.1197,72.8468,0.1,0.1,1004.0,93,13.8,0.119
2024-06-01T21:00,Santacruz_AWS,19.1197,72.8468,0.3,0.3,1004.9,100,11.8,0.121
2024-06-01T22:00,Santacruz_AWS,19.1197,72.8468,0.2,0.2,1005.3,100,11.2,0.123
2024-06-01T23:00,Santacruz_AWS,19.1197,72.8468,0.2,0.2,1005.3,100,11.5,0.125
2024-06-02T00:00,Santacruz_AWS,19.1197,72.8468,0.1,0.1,1005.0,100,10.8,0.126
2024-06-02T01:00,Santacruz_AWS,19.1197,72.8468,0.0,0.0,1004.4,97,10.4,0.126
2024-06-02T02:00,Santacruz_AWS,19.1197,72.8468,0.0,0.0,1004.2,100,9.3,0.126
2024-06-02T03:00,Santacruz_AWS,19.1197,72.8468,0.0,0.0,1004.0,100,8.4,0.126
2024-06-02T04:00,Santacruz_AWS,19.1197,72.8468,0.0,0.0,1004.1,97,7.0,0.126
2024-06-02T05:00,Santacruz_AWS,19.1197,72.8468,0.0,0.0,1004.5,82,5.6,0.126
2024-06-02T06:00,Santacruz_AWS,19.1197,72.8468,0.1,0.1,1004.9,99,10.4,0.103
2024-06-02T07:00,Santacruz_AWS,19.1197,72.8468,0.1,0.1,1005.5,26,9.5,0.104
2024-06-02T08:00,Santacruz_AWS,19.1197,72.8468,0.0,0.0,1005.9,52,9.7,0.104
2024-06-02T09:00,Santacruz_AWS,19.1197,72.8468,0.0,0.0,1006.1,93,10.9,0.104
2024-06-02T10:00,Santacruz_AWS,19.1197,72.8468,0.0,0.0,1005.9,98,13.3,0.104
2024-06-02T11:00,Santacruz_AWS,19.1197,72.8468,0.0,0.0,1005.9,99,15.1,0.104
2024-06-02T12:00,Santacruz_AWS,19.1197,72.8468,0.0,0.0,1005.1,34,16.2,0.104
2024-06-02T13:00,Santacruz_AWS,19.1197,72.8468,0.0,0.0,1004.6,9,16.3,0.104
2024-06-02T14:00,Santacruz_AWS,19.1197,72.8468,0.0,0.0,1004.0,70,16.7,0.104
2024-06-02T15:00,Santacruz_AWS,19.1197,72.8468,0.0,0.0,1003.2,15,17.9,0.104
2024-06-02T16:00,Santacruz_AWS,19.1197,72.8468,0.0,0.0,1002.9,70,16.3,0.104
2024-06-02T17:00,Santacruz_AWS,19.1197,72.8468,0.0,0.0,1003.1,80,15.0,0.104
2024-06-02T18:00,Santacruz_AWS,19.1197,72.8468,0.0,0.0,1003.5,100,14.7,0.107
2024-06-02T19:00,Santacruz_AWS,19.1197,72.8468,0.0,0.0,1003.5,100,14.5,0.107
2024-06-02T20:00,Santacruz_AWS,19.1197,72.8468,0.0,0.0,1004.2,100,9.3,0.107
2024-06-02T21:00,Santacruz_AWS,19.1197,72.8468,0.0,0.0,1005.1,100,6.2,0.107
2024-06-02T22:00,Santacruz_AWS,19.1197,72.8468,0.0,0.0,1005.7,100,4.7,0.107
2024-06-02T23:00,Santacruz_AWS,19.1197,72.8468,0.0,0.0,1005.7,100,4.1,0.107
2024-06-03T00:00,Santacruz_AWS,19.1197,72.8468,0.0,0.0,1005.5,100,4.6,0.107
2024-06-03T01:00,Santacruz_AWS,19.1197,72.8468,0.0,0.0,1005.1,100,6.6,0.107
2024-06-03T02:00,Santacruz_AWS,19.1197,72.8468,0.0,0.0,1004.5,93,7.3,0.107
2024-06-03T03:00,Santacruz_AWS,19.1197,72.8468,0.0,0.0,1004.2,93,5.3,0.107
2024-06-03T04:00,Santacruz_AWS,19.1197,72.8468,0.0,0.0,1004.3,99,4.7,0.107
2024-06-03T05:00,Santacruz_AWS,19.1197,72.8468,0.0,0.0,1004.8,100,5.2,0.107
2024-06-03T06:00,Santacruz_AWS,19.1197,72.8468,0.0,0.0,1004.7,100,6.9,0.091
2024-06-03T07:00,Santacruz_AWS,19.1197,72.8468,0.1,0.1,1005.4,100,4.0,0.092
2024-06-03T08:00,Santacruz_AWS,19.1197,72.8468,0.0,0.0,1005.9,100,5.2,0.092
2024-06-03T09:00,Santacruz_AWS,19.1197,72.8468,0.0,0.0,1006.0,100,7.7,0.093
2024-06-03T10:00,Santacruz_AWS,19.1197,72.8468,0.1,0.1,1006.5,100,12.1,0.093
2024-06-03T11:00,Santacruz_AWS,19.1197,72.8468,0.1,0.1,1006.3,100,14.8,0.094
2024-06-03T12:00,Santacruz_AWS,19.1197,72.8468,0.0,0.0,1005.8,99,12.7,0.094
2024-06-03T13:00,Santacruz_AWS,19.1197,72.8468,0.0,0.0,1004.7,99,13.7,0.094
2024-06-03T14:00,Santacruz_AWS,19.1197,72.8468,0.0,0.0,1003.9,100,14.9,0.095
2024-06-03T15:00,Santacruz_AWS,19.1197,72.8468,0.4,0.4,1003.1,97,15.5,0.098
2024-06-03T16:00,Santacruz_AWS,19.1197,72.8468,0.0,0.0,1002.9,99,15.5,0.098
2024-06-03T17:00,Santacruz_AWS,19.1197,72.8468,0.0,0.0,1003.0,99,13.4,0.098
2024-06-03T18:00,Santacruz_AWS,19.1197,72.8468,0.0,0.0,1003.3,100,14.4,0.1
2024-06-03T19:00,Santacruz_AWS,19.1197,72.8468,0.0,0.0,1003.9,100,12.5,0.1
2024-06-03T20:00,Santacruz_AWS,19.1197,72.8468,0.0,0.0,1004.5,99,10.3,0.1
2024-06-03T21:00,Santacruz_AWS,19.1197,72.8468,0.0,0.0,1005.2,91,6.8,0.1
2024-06-03T22:00,Santacruz_AWS,19.1197,72.8468,0.0,0.0,1005.8,85,4.3,0.1
2024-06-03T23:00,Santacruz_AWS,19.1197,72.8468,0.0,0.0,1005.8,89,4.0,0.1
2024-06-04T00:00,Santacruz_AWS,19.1197,72.8468,0.0,0.0,1005.6,88,3.0,0.1
2024-06-04T01:00,Santacruz_AWS,19.1197,72.8468,0.0,0.0,1005.0,18,4.0,0.1
2024-06-04T02:00,Santacruz_AWS,19.1197,72.8468,0.0,0.0,1004.6,12,3.7,0.1
2024-06-04T03:00,Santacruz_AWS,19.1197,72.8468,0.0,0.0,1004.6,13,3.3,0.1
2024-06-04T04:00,Santacruz_AWS,19.1197,72.8468,0.0,0.0,1004.5,5,3.6,0.1
2024-06-04T05:00,Santacruz_AWS,19.1197,72.8468,0.0,0.0,1004.7,28,2.6,0.1
2024-06-04T06:00,Santacruz_AWS,19.1197,72.8468,0.5,0.5,1004.5,100,4.7,0.097
2024-06-04T07:00,Santacruz_AWS,19.1197,72.8468,0.0,0.0,1006.0,100,8.7,0.097
2024-06-04T08:00,Santacruz_AWS,19.1197,72.8468,0.0,0.0,1006.4,100,11.6,0.097
2024-06-04T09:00,Santacruz_AWS,19.1197,72.8468,0.0,0.0,1006.8,100,5.8,0.098
2024-06-04T10:00,Santacruz_AWS,19.1197,72.8468,0.0,0.0,1007.3,100,9.9,0.098
2024-06-04T11:00,Santacruz_AWS,19.1197,72.8468,0.1,0.1,1007.0,100,12.8,0.098
2024-06-04T12:00,Santacruz_AWS,19.1197,72.8468,0.1,0.1,1005.9,100,11.1,0.099
2024-06-04T13:00,Santacruz_AWS,19.1197,72.8468,0.1,0.1,1005.2,98,14.0,0.099
2024-06-04T14:00,Santacruz_AWS,19.1197,72.8468,2.5,2.5,1005.2,100,15.0,0.127
2024-06-04T15:00,Santacruz_AWS,19.1197,72.8468,0.6,0.6,1004.5,99,13.4,0.132
2024-06-04T16:00,Santacruz_AWS,19.1197,72.8468,0.2,0.2,1003.7,99,14.8,0.134
2024-06-04T17:00,Santacruz_AWS,19.1197,72.8468,0.1,0.1,1004.0,49,13.7,0.134
2024-06-04T18:00,Santacruz_AWS,19.1197,72.8468,0.1,0.1,1004.3,100,8.5,0.107
2024-06-04T19:00,Santacruz_AWS,19.1197,72.8468,0.2,0.2,1005.3,100,15.9,0.109
2024-06-04T20:00,Santacruz_AWS,19.1197,72.8468,0.3,0.3,1005.8,100,12.3,0.111
2024-06-04T21:00,Santacruz_AWS,19.1197,72.8468,0.0,0.0,1006.1,100,9.1,0.111
2024-06-04T22:00,Santacruz_AWS,19.1197,72.8468,0.0,0.0,1006.8,100,10.0,0.111
2024-06-04T23:00,Santacruz_AWS,19.1197,72.8468,0.0,0.0,1006.8,100,8.0,0.112
2024-06-05T00:00,Santacruz_AWS,19.1197,72.8468,0.0,0.0,1006.2,100,6.5,0.112
2024-06-05T01:00,Santacruz_AWS,19.1197,72.8468,0.2,0.2,1005.5,100,8.4,0.113
2024-06-05T02:00,Santacruz_AWS,19.1197,72.8468,0.3,0.3,1005.1,100,6.9,0.116
2024-06-05T03:00,Santacruz_AWS,19.1197,72.8468,0.3,0.3,1004.8,100,5.5,0.118
2024-06-05T04:00,Santacruz_AWS,19.1197,72.8468,0.0,0.0,1004.9,100,4.7,0.118
2024-06-05T05:00,Santacruz_AWS,19.1197,72.8468,0.1,0.1,1005.3,100,4.8,0.119
2024-06-05T06:00,Santacruz_AWS,19.1197,72.8468,0.0,0.0,1006.1,100,11.0,0.113
2024-06-05T07:00,Santacruz_AWS,19.1197,72.8468,0.0,0.0,1006.5,100,9.7,0.113
2024-06-05T08:00,Santacruz_AWS,19.1197,72.8468,0.0,0.0,1007.0,100,8.4,0.113
2024-06-05T09:00,Santacruz_AWS,19.1197,72.8468,0.0,0.0,1007.5,100,8.0,0.113
2024-06-05T10:00,Santacruz_AWS,19.1197,72.8468,0.4,0.4,1007.4,100,9.9,0.116
2024-06-05T11:00,Santacruz_AWS,19.1197,72.8468,0.3,0.3,1006.9,99,11.0,0.119
2024-06-05T12:00,Santacruz_AWS,19.1197,72.8468,0.5,0.5,1006.1,99,10.2,0.122
2024-06-05T13:00,Santacruz_AWS,19.1197,72.8468,0.1,0.1,1005.6,92,11.7,0.123
2024-06-05T14:00,Santacruz_AWS,19.1197,72.8468,0.1,0.1,1004.9,72,13.9,0.124
2024-06-05T15:00,Santacruz_AWS,19.1197,72.8468,0.5,0.5,1004.3,85,16.1,0.128
2024-06-05T16:00,Santacruz_AWS,19.1197,72.8468,2.1,2.1,1004.0,83,13.7,0.151
2024-06-05T17:00,Santacruz_AWS,19.1197,72.8468,0.1,0.1,1003.9,100,12.9,0.152
2024-06-05T18:00,Santacruz_AWS,19.1197,72.8468,0.0,0.0,1004.0,100,9.4,0.127
2024-06-05T19:00,Santacruz_AWS,19.1197,72.8468,1.5,1.5,1005.1,100,16.5,0.144
2024-06-05T20:00,Santacruz_AWS,19.1197,72.8468,0.2,0.2,1005.7,100,6.9,0.145
2024-06-05T21:00,Santacruz_AWS,19.1197,72.8468,0.0,0.0,1006.2,100,6.5,0.145
2024-06-05T22:00,Santacruz_AWS,19.1197,72.8468,0.0,0.0,1006.6,100,8.0,0.145
2024-06-05T23:00,Santacruz_AWS,19.1197,72.8468,0.0,0.0,1006.9,100,6.8,0.145
2024-06-06T00:00,Santacruz_AWS,19.1197,72.8468,0.0,0.0,1006.6,98,6.3,0.145
2024-06-06T01:00,Santacruz_AWS,19.1197,72.8468,0.0,0.0,1006.0,100,3.4,0.145
2024-06-06T02:00,Santacruz_AWS,19.1197,72.8468,0.3,0.3,1005.6,100,3.4,0.148
2024-06-06T03:00,Santacruz_AWS,19.1197,72.8468,0.2,0.2,1005.6,99,1.9,0.15
2024-06-06T04:00,Santacruz_AWS,19.1197,72.8468,0.1,0.1,1006.0,71,2.9,0.15
2024-06-06T05:00,Santacruz_AWS,19.1197,72.8468,0.0,0.0,1006.5,100,3.6,0.151
2024-06-06T06:00,Santacruz_AWS,19.1197,72.8468,0.1,0.1,1006.8,100,2.5,0.142
2024-06-06T07:00,Santacruz_AWS,19.1197,72.8468,0.2,0.2,1007.6,100,9.2,0.143
2024-06-06T08:00,Santacruz_AWS,19.1197,72.8468,0.2,0.2,1008.1,100,4.1,0.145
2024-06-06T09:00,Santacruz_AWS,19.1197,72.8468,0.1,0.1,1008.4,100,5.5,0.146
2024-06-06T10:00,Santacruz_AWS,19.1197,72.8468,0.0,0.0,1008.0,100,0.8,0.146
2024-06-06T11:00,Santacruz_AWS,19.1197,72.8468,0.0,0.0,1007.5,18,4.3,0.145
2024-06-06T12:00,Santacruz_AWS,19.1197,72.8468,0.0,0.0,1007.0,33,10.0,0.145
2024-06-06T13:00,Santacruz_AWS,19.1197,72.8468,0.0,0.0,1006.4,38,14.9,0.144
2024-06-06T14:00,Santacruz_AWS,19.1197,72.8468,0.0,0.0,1005.3,63,15.8,0.144
2024-06-06T15:00,Santacruz_AWS,19.1197,72.8468,0.0,0.0,1004.5,100,17.3,0.143
2024-06-06T16:00,Santacruz_AWS,19.1197,72.8468,0.0,0.0,1004.5,100,16.2,0.143
2024-06-06T17:00,Santacruz_AWS,19.1197,72.8468,0.0,0.0,1004.7,99,13.1,0.143
2024-06-06T18:00,Santacruz_AWS,19.1197,72.8468,0.0,0.0,1005.0,100,14.0,0.144
2024-06-06T19:00,Santacruz_AWS,19.1197,72.8468,0.0,0.0,1005.2,100,11.3,0.144
2024-06-06T20:00,Santacruz_AWS,19.1197,72.8468,0.0,0.0,1005.7,100,7.7,0.144
2024-06-06T21:00,Santacruz_AWS,19.1197,72.8468,0.0,0.0,1006.3,100,6.5,0.144
2024-06-06T22:00,Santacruz_AWS,19.1197,72.8468,0.0,0.0,1006.6,100,6.6,0.144
2024-06-06T23:00,Santacruz_AWS,19.1197,72.8468,0.0,0.0,1006.8,100,7.2,0.143
2024-06-07T00:00,Santacruz_AWS,19.1197,72.8468,0.0,0.0,1006.7,100,7.0,0.144
2024-06-07T01:00,Santacruz_AWS,19.1197,72.8468,0.1,0.1,1006.0,100,7.9,0.144
2024-06-07T02:00,Santacruz_AWS,19.1197,72.8468,0.2,0.2,1005.6,100,8.3,0.146
2024-06-07T03:00,Santacruz_AWS,19.1197,72.8468,0.1,0.1,1005.2,100,7.7,0.146
2024-06-07T04:00,Santacruz_AWS,19.1197,72.8468,0.1,0.1,1005.1,100,7.1,0.147
2024-06-07T05:00,Santacruz_AWS,19.1197,72.8468,0.1,0.1,1005.0,100,8.7,0.148
2024-06-07T06:00,Santacruz_AWS,19.1197,72.8468,0.1,0.1,1004.6,99,14.6,0.147
2024-06-07T07:00,Santacruz_AWS,19.1197,72.8468,0.1,0.1,1005.3,100,13.6,0.148
2024-06-07T08:00,Santacruz_AWS,19.1197,72.8468,0.2,0.2,1005.9,100,11.6,0.149
2024-06-07T09:00,Santacruz_AWS,19.1197,72.8468,0.0,0.0,1006.1,100,11.0,0.15
2024-06-07T10:00,Santacruz_AWS,19.1197,72.8468,0.0,0.0,1006.0,100,8.2,0.15
2024-06-07T11:00,Santacruz_AWS,19.1197,72.8468,0.0,0.0,1005.3,100,10.3,0.149
2024-06-07T12:00,Santacruz_AWS,19.1197,72.8468,0.0,0.0,1004.4,100,16.5,0.149
2024-06-07T13:00,Santacruz_AWS,19.1197,72.8468,0.0,0.0,1003.9,100,15.9,0.148
2024-06-07T14:00,Santacruz_AWS,19.1197,72.8468,0.0,0.0,1002.8,100,18.0,0.148
2024-06-07T15:00,Santacruz_AWS,19.1197,72.8468,0.0,0.0,1002.3,100,17.7,0.148
2024-06-07T16:00,Santacruz_AWS,19.1197,72.8468,0.0,0.0,1002.0,100,17.1,0.148
2024-06-07T17:00,Santacruz_AWS,19.1197,72.8468,0.0,0.0,1001.8,100,17.0,0.147
2024-06-07T18:00,Santacruz_AWS,19.1197,72.8468,0.0,0.0,1002.3,98,15.8,0.157
2024-06-07T19:00,Santacruz_AWS,19.1197,72.8468,0.0,0.0,1003.2,100,9.8,0.157
2024-06-07T20:00,Santacruz_AWS,19.1197,72.8468,0.0,0.0,1003.8,100,10.8,0.156
2024-06-07T21:00,Santacruz_AWS,19.1197,72.8468,0.0,0.0,1004.5,100,10.3,0.156
2024-06-07T22:00,Santacruz_AWS,19.1197,72.8468,0.0,0.0,1005.5,100,7.1,0.157
2024-06-07T23:00,Santacruz_AWS,19.1197,72.8468,0.1,0.1,1005.4,100,6.5,0.157
2024-06-08T00:00,Santacruz_AWS,19.1197,72.8468,0.1,0.1,1005.1,100,8.0,0.158
2024-06-08T01:00,Santacruz_AWS,19.1197,72.8468,0.1,0.1,1004.5,100,5.2,0.158
2024-06-08T02:00,Santacruz_AWS,19.1197,72.8468,0.7,0.7,1003.9,99,7.2,0.166
2024-06-08T03:00,Santacruz_AWS,19.1197,72.8468,0.0,0.0,1003.5,88,4.7,0.166
2024-06-08T04:00,Santacruz_AWS,19.1197,72.8468,0.0,0.0,1003.7,78,4.1,0.166
2024-06-08T05:00,Santacruz_AWS,19.1197,72.8468,0.0,0.0,1003.8,87,4.2,0.166
2024-06-08T06:00,Santacruz_AWS,19.1197,72.8468,2.1,2.1,1004.1,100,8.7,0.174
2024-06-08T07:00,Santacruz_AWS,19.1197,72.8468,3.2,3.2,1005.2,95,14.1,0.218
2024-06-08T08:00,Santacruz_AWS,19.1197,72.8468,0.1,0.1,1005.1,83,9.0,0.218
2024-06-08T09:00,Santacruz_AWS,19.1197,72.8468,0.0,0.0,1005.2,68,8.3,0.218
2024-06-08T10:00,Santacruz_AWS,19.1197,72.8468,0.0,0.0,1005.1,37,11.5,0.216
2024-06-08T11:00,Santacruz_AWS,19.1197,72.8468,0.0,0.0,1004.4,78,13.0,0.213
2024-06-08T12:00,Santacruz_AWS,19.1197,72.8468,0.0,0.0,1003.9,49,13.7,0.21
2024-06-08T13:00,Santacruz_AWS,19.1197,72.8468,0.0,0.0,1002.8,66,13.6,0.206
2024-06-08T14:00,Santacruz_AWS,19.1197,72.8468,0.0,0.0,1001.8,89,16.0,0.203
2024-06-08T15:00,Santacruz_AWS,19.1197,72.8468,0.0,0.0,1000.8,53,20.0,0.201
2024-06-08T16:00,Santacruz_AWS,19.1197,72.8468,0.0,0.0,1000.9,71,17.6,0.199
2024-06-08T17:00,Santacruz_AWS,19.1197,72.8468,0.0,0.0,1000.7,77,15.0,0.198
2024-06-08T18:00,Santacruz_AWS,19.1197,72.8468,0.0,0.0,1000.8,100,18.6,0.16
2024-06-08T19:00,Santacruz_AWS,19.1197,72.8468,0.0,0.0,1001.8,100,16.5,0.16
2024-06-08T20:00,Santacruz_AWS,19.1197,72.8468,0.0,0.0,1002.3,100,17.7,0.16
2024-06-08T21:00,Santacruz_AWS,19.1197,72.8468,0.0,0.0,1003.2,100,14.8,0.16
2024-06-08T22:00,Santacruz_AWS,19.1197,72.8468,0.0,0.0,1003.7,100,13.9,0.16
2024-06-08T23:00,Santacruz_AWS,19.1197,72.8468,0.0,0.0,1003.5,100,13.7,0.16
2024-06-09T00:00,Santacruz_AWS,19.1197,72.8468,0.0,0.0,1002.9,92,12.9,0.16
2024-06-09T01:00,Santacruz_AWS,19.1197,72.8468,0.0,0.0,1002.3,90,10.7,0.16
2024-06-09T02:00,Santacruz_AWS,19.1197,72.8468,0.0,0.0,1002.1,76,9.3,0.16
2024-06-09T03:00,Santacruz_AWS,19.1197,72.8468,0.0,0.0,1002.2,96,9.8,0.16
2024-06-09T04:00,Santacruz_AWS,19.1197,72.8468,0.0,0.0,1001.9,100,10.2,0.16
2024-06-09T05:00,Santacruz_AWS,19.1197,72.8468,0.0,0.0,1001.8,98,13.6,0.16
2024-06-09T06:00,Santacruz_AWS,19.1197,72.8468,1.0,1.0,1003.8,100,4.4,0.277
2024-06-09T07:00,Santacruz_AWS,19.1197,72.8468,5.4,5.4,1003.9,100,4.3,0.351
2024-06-09T08:00,Santacruz_AWS,19.1197,72.8468,3.6,3.6,1004.4,100,0.7,0.393
2024-06-09T09:00,Santacruz_AWS,19.1197,72.8468,0.5,0.5,1005.0,100,4.1,0.387
2024-06-09T10:00,Santacruz_AWS,19.1197,72.8468,0.2,0.2,1004.7,97,5.4,0.379
2024-06-09T11:00,Santacruz_AWS,19.1197,72.8468,0.1,0.1,1004.1,100,6.8,0.371
2024-06-09T12:00,Santacruz_AWS,19.1197,72.8468,0.1,0.1,1003.9,100,9.7,0.364
2024-06-09T13:00,Santacruz_AWS,19.1197,72.8468,0.1,0.1,1003.2,100,10.2,0.358
2024-06-09T14:00,Santacruz_AWS,19.1197,72.8468,0.0,0.0,1002.0,100,12.1,0.35
2024-06-09T15:00,Santacruz_AWS,19.1197,72.8468,0.0,0.0,1001.6,100,13.4,0.344
2024-06-09T16:00,Santacruz_AWS,19.1197,72.8468,0.0,0.0,1001.4,100,12.3,0.34
2024-06-09T17:00,Santacruz_AWS,19.1197,72.8468,0.0,0.0,1001.5,100,9.8,0.336
2024-06-09T18:00,Santacruz_AWS,19.1197,72.8468,4.9,4.9,1002.7,95,5.4,0.322
2024-06-09T19:00,Santacruz_AWS,19.1197,72.8468,2.5,2.5,1003.1,100,5.9,0.353
2024-06-09T20:00,Santacruz_AWS,19.1197,72.8468,0.5,0.5,1003.6,100,5.2,0.355
2024-06-09T21:00,Santacruz_AWS,19.1197,72.8468,0.6,0.6,1004.4,100,6.4,0.359
2024-06-09T22:00,Santacruz_AWS,19.1197,72.8468,3.0,3.0,1005.0,100,8.3,0.393
2024-06-09T23:00,Santacruz_AWS,19.1197,72.8468,0.5,0.5,1004.6,100,11.9,0.387
2024-06-10T00:00,Santacruz_AWS,19.1197,72.8468,1.0,1.0,1004.3,93,14.7,0.391
2024-06-10T01:00,Santacruz_AWS,19.1197,72.8468,9.1,9.1,1004.7,100,8.2,0.419
2024-06-10T02:00,Santacruz_AWS,19.1197,72.8468,1.6,1.6,1003.8,100,3.9,0.418
2024-06-10T03:00,Santacruz_AWS,19.1197,72.8468,1.4,1.4,1003.2,100,3.8,0.414
2024-06-10T04:00,Santacruz_AWS,19.1197,72.8468,0.5,0.5,1003.2,100,6.3,0.405
2024-06-10T05:00,Santacruz_AWS,19.1197,72.8468,0.2,0.2,1003.2,100,4.8,0.396
2024-06-10T06:00,Santacruz_AWS,19.1197,72.8468,6.2,6.2,1004.9,100,3.4,0.431
2024-06-10T07:00,Santacruz_AWS,19.1197,72.8468,2.2,2.2,1005.3,100,6.7,0.416
2024-06-10T08:00,Santacruz_AWS,19.1197,72.8468,0.4,0.4,1005.0,100,6.8,0.402
2024-06-10T09:00,Santacruz_AWS,19.1197,72.8468,0.2,0.2,1005.2,100,4.0,0.391
2024-06-10T10:00,Santacruz_AWS,19.1197,72.8468,0.1,0.1,1005.4,100,6.8,0.383
2024-06-10T11:00,Santacruz_AWS,19.1197,72.8468,0.1,0.1,1005.6,100,7.7,0.376
2024-06-10T12:00,Santacruz_AWS,19.1197,72.8468,0.3,0.3,1005.4,100,10.4,0.372
2024-06-10T13:00,Santacruz_AWS,19.1197,72.8468,0.4,0.4,1004.4,100,10.0,0.369
2024-06-10T14:00,Santacruz_AWS,19.1197,72.8468,0.1,0.1,1003.7,100,9.8,0.363
2024-06-10T15:00,Santacruz_AWS,19.1197,72.8468,0.2,0.2,1003.3,100,9.1,0.359
2024-06-10T16:00,Santacruz_AWS,19.1197,72.8468,0.1,0.1,1003.0,99,8.8,0.355
2024-06-10T17:00,Santacruz_AWS,19.1197,72.8468,2.7,2.7,1003.8,100,13.8,0.384
2024-06-10T18:00,Santacruz_AWS,19.1197,72.8468,2.5,2.5,1004.1,100,7.6,0.385
2024-06-10T19:00,Santacruz_AWS,19.1197,72.8468,1.8,1.8,1005.2,100,4.1,0.399
2024-06-10T20:00,Santacruz_AWS,19.1197,72.8468,1.2,1.2,1005.6,100,6.4,0.401
2024-06-10T21:00,Santacruz_AWS,19.1197,72.8468,0.7,0.7,1006.0,99,6.6,0.399
2024-06-10T22:00,Santacruz_AWS,19.1197,72.8468,0.1,0.1,1006.3,100,8.2,0.39
2024-06-10T23:00,Santacruz_AWS,19.1197,72.8468,0.1,0.1,1006.4,100,8.2,0.383
2024-06-11T00:00,Santacruz_AWS,19.1197,72.8468,0.0,0.0,1006.1,100,8.1,0.377
2024-06-11T01:00,Santacruz_AWS,19.1197,72.8468,0.0,0.0,1005.2,100,4.8,0.371
2024-06-11T02:00,Santacruz_AWS,19.1197,72.8468,0.1,0.1,1004.4,100,3.3,0.367
2024-06-11T03:00,Santacruz_AWS,19.1197,72.8468,0.2,0.2,1004.0,100,2.9,0.366
2024-06-11T04:00,Santacruz_AWS,19.1197,72.8468,0.2,0.2,1004.1,100,3.0,0.365
2024-06-11T05:00,Santacruz_AWS,19.1197,72.8468,0.2,0.2,1004.4,100,6.8,0.363
2024-06-11T06:00,Santacruz_AWS,19.1197,72.8468,1.8,1.8,1005.2,100,8.7,0.353
2024-06-11T07:00,Santacruz_AWS,19.1197,72.8468,2.1,2.1,1005.8,100,5.4,0.378
2024-06-11T08:00,Santacruz_AWS,19.1197,72.8468,1.3,1.3,1006.3,100,7.1,0.388
2024-06-11T09:00,Santacruz_AWS,19.1197,72.8468,0.1,0.1,1006.4,100,2.8,0.38
2024-06-11T10:00,Santacruz_AWS,19.1197,72.8468,0.3,0.3,1006.7,80,8.9,0.375
2024-06-11T11:00,Santacruz_AWS,19.1197,72.8468,0.2,0.2,1006.2,88,8.6,0.369
2024-06-11T12:00,Santacruz_AWS,19.1197,72.8468,0.3,0.3,1005.7,83,12.7,0.364
2024-06-11T13:00,Santacruz_AWS,19.1197,72.8468,0.2,0.2,1005.1,88,10.4,0.358
2024-06-11T14:00,Santacruz_AWS,19.1197,72.8468,0.1,0.1,1004.5,81,11.6,0.351
2024-06-11T15:00,Santacruz_AWS,19.1197,72.8468,0.5,0.5,1003.7,81,13.5,0.349
2024-06-11T16:00,Santacruz_AWS,19.1197,72.8468,0.1,0.1,1003.4,99,13.0,0.346
2024-06-11T17:00,Santacruz_AWS,19.1197,72.8468,1.0,1.0,1003.6,100,12.0,0.352
2024-06-11T18:00,Santacruz_AWS,19.1197,72.8468,0.3,0.3,1004.1,100,11.5,0.355
2024-06-11T19:00,Santacruz_AWS,19.1197,72.8468,0.0,0.0,1004.3,99,7.2,0.352
2024-06-11T20:00,Santacruz_AWS,19.1197,72.8468,0.6,0.6,1004.9,100,4.3,0.356
2024-06-11T21:00,Santacruz_AWS,19.1197,72.8468,0.4,0.4,1005.3,100,4.4,0.358
2024-06-11T22:00,Santacruz_AWS,19.1197,72.8468,0.4,0.4,1006.0,100,4.8,0.359
2024-06-11T23:00,Santacruz_AWS,19.1197,72.8468,0.4,0.4,1006.3,100,5.6,0.361
2024-06-12T00:00,Santacruz_AWS,19.1197,72.8468,0.6,0.6,1006.1,96,7.3,0.364
2024-06-12T01:00,Santacruz_AWS,19.1197,72.8468,0.3,0.3,1005.4,72,9.7,0.364
2024-06-12T02:00,Santacruz_AWS,19.1197,72.8468,0.3,0.3,1005.0,97,10.2,0.364
2024-06-12T03:00,Santacruz_AWS,19.1197,72.8468,0.4,0.4,1005.0,99,6.3,0.365
2024-06-12T04:00,Santacruz_AWS,19.1197,72.8468,0.2,0.2,1005.0,100,5.0,0.363
2024-06-12T05:00,Santacruz_AWS,19.1197,72.8468,0.4,0.4,1005.6,100,5.4,0.364
2024-06-12T06:00,Santacruz_AWS,19.1197,72.8468,6.4,6.4,1006.1,100,4.4,0.425
2024-06-12T07:00,Santacruz_AWS,19.1197,72.8468,2.4,2.4,1007.1,100,6.1,0.428
2024-06-12T08:00,Santacruz_AWS,19.1197,72.8468,0.3,0.3,1007.5,100,5.2,0.408
2024-06-12T09:00,Santacruz_AWS,19.1197,72.8468,0.1,0.1,1007.8,100,5.9,0.398
2024-06-12T10:00,Santacruz_AWS,19.1197,72.8468,0.9,0.9,1007.6,94,16.1,0.399
2024-06-12T11:00,Santacruz_AWS,19.1197,72.8468,0.1,0.1,1007.2,100,12.2,0.39
2024-06-12T12:00,Santacruz_AWS,19.1197,72.8468,0.1,0.1,1006.7,99,14.3,0.382
2024-06-12T13:00,Santacruz_AWS,19.1197,72.8468,0.2,0.2,1005.7,79,15.8,0.376
2024-06-12T14:00,Santacruz_AWS,19.1197,72.8468,0.2,0.2,1005.3,93,14.5,0.37
2024-06-12T15:00,Santacruz_AWS,19.1197,72.8468,0.5,0.5,1004.7,94,14.3,0.369
2024-06-12T16:00,Santacruz_AWS,19.1197,72.8468,0.2,0.2,1004.4,100,14.6,0.365
2024-06-12T17:00,Santacruz_AWS,19.1197,72.8468,0.1,0.1,1004.3,100,12.5,0.361
2024-06-12T18:00,Santacruz_AWS,19.1197,72.8468,0.1,0.1,1004.5,99,13.0,0.345
2024-06-12T19:00,Santacruz_AWS,19.1197,72.8468,0.0,0.0,1005.0,75,12.0,0.342
2024-06-12T20:00,Santacruz_AWS,19.1197,72.8468,0.0,0.0,1005.8,99,12.6,0.34
2024-06-12T21:00,Santacruz_AWS,19.1197,72.8468,0.1,0.1,1006.5,100,10.0,0.339
2024-06-12T22:00,Santacruz_AWS,19.1197,72.8468,0.1,0.1,1006.7,92,8.2,0.338
2024-06-12T23:00,Santacruz_AWS,19.1197,72.8468,0.3,0.3,1006.7,92,9.2,0.338
2024-06-13T00:00,Santacruz_AWS,19.1197,72.8468,0.1,0.1,1006.2,76,8.7,0.336
2024-06-13T01:00,Santacruz_AWS,19.1197,72.8468,0.1,0.1,1005.7,31,11.7,0.335
2024-06-13T02:00,Santacruz_AWS,19.1197,72.8468,0.1,0.1,1005.0,90,9.7,0.334
2024-06-13T03:00,Santacruz_AWS,19.1197,72.8468,0.1,0.1,1005.0,73,9.2,0.333
2024-06-13T04:00,Santacruz_AWS,19.1197,72.8468,0.1,0.1,1005.1,37,6.9,0.332
2024-06-13T05:00,Santacruz_AWS,19.1197,72.8468,0.0,0.0,1005.6,93,7.6,0.331
2024-06-13T06:00,Santacruz_AWS,19.1197,72.8468,1.4,1.4,1005.8,100,9.8,0.351
2024-06-13T07:00,Santacruz_AWS,19.1197,72.8468,0.1,0.1,1005.8,99,8.2,0.35
2024-06-13T08:00,Santacruz_AWS,19.1197,72.8468,0.1,0.1,1006.6,100,6.9,0.348
2024-06-13T09:00,Santacruz_AWS,19.1197,72.8468,4.4,4.4,1007.3,100,12.0,0.401
2024-06-13T10:00,Santacruz_AWS,19.1197,72.8468,2.2,2.2,1007.5,91,11.6,0.411
2024-06-13T11:00,Santacruz_AWS,19.1197,72.8468,0.2,0.2,1007.8,100,11.4,0.399
2024-06-13T12:00,Santacruz_AWS,19.1197,72.8468,0.2,0.2,1006.4,92,8.9,0.39
2024-06-13T13:00,Santacruz_AWS,19.1197,72.8468,0.2,0.2,1005.7,99,11.0,0.381
2024-06-13T14:00,Santacruz_AWS,19.1197,72.8468,0.0,0.0,1004.9,81,13.2,0.373
2024-06-13T15:00,Santacruz_AWS,19.1197,72.8468,0.0,0.0,1004.1,51,12.8,0.367
2024-06-13T16:00,Santacruz_AWS,19.1197,72.8468,0.1,0.1,1003.8,61,17.7,0.362
2024-06-13T17:00,Santacruz_AWS,19.1197,72.8468,0.1,0.1,1003.7,33,17.1,0.358
2024-06-13T18:00,Santacruz_AWS,19.1197,72.8468,1.0,1.0,1003.9,97,14.1,0.332
2024-06-13T19:00,Santacruz_AWS,19.1197,72.8468,0.1,0.1,1004.2,94,12.2,0.331
2024-06-13T20:00,Santacruz_AWS,19.1197,72.8468,0.2,0.2,1004.7,87,9.7,0.331
2024-06-13T21:00,Santacruz_AWS,19.1197,72.8468,0.2,0.2,1005.3,97,6.5,0.331
2024-06-13T22:00,Santacruz_AWS,19.1197,72.8468,0.1,0.1,1005.7,100,6.5,0.33
2024-06-13T23:00,Santacruz_AWS,19.1197,72.8468,2.5,2.5,1006.3,98,9.5,0.362
2024-06-14T00:00,Santacruz_AWS,19.1197,72.8468,0.9,0.9,1005.9,99,10.8,0.37
2024-06-14T01:00,Santacruz_AWS,19.1197,72.8468,0.2,0.2,1005.3,85,7.4,0.369
2024-06-14T02:00,Santacruz_AWS,19.1197,72.8468,0.3,0.3,1004.5,100,7.9,0.368
2024-06-14T03:00,Santacruz_AWS,19.1197,72.8468,0.2,0.2,1004.3,100,7.8,0.367
2024-06-14T04:00,Santacruz_AWS,19.1197,72.8468,0.2,0.2,1004.3,100,8.7,0.365
2024-06-14T05:00,Santacruz_AWS,19.1197,72.8468,0.3,0.3,1004.3,100,9.4,0.365
2024-06-14T06:00,Santacruz_AWS,19.1197,72.8468,0.2,0.2,1004.7,98,9.2,0.352
2024-06-14T07:00,Santacruz_AWS,19.1197,72.8468,0.2,0.2,1005.1,96,13.1,0.351
2024-06-14T08:00,Santacruz_AWS,19.1197,72.8468,0.2,0.2,1005.7,100,13.3,0.351
2024-06-14T09:00,Santacruz_AWS,19.1197,72.8468,0.1,0.1,1005.9,94,14.6,0.349
2024-06-14T10:00,Santacruz_AWS,19.1197,72.8468,0.6,0.6,1006.2,98,16.9,0.35
2024-06-14T11:00,Santacruz_AWS,19.1197,72.8468,1.3,1.3,1005.7,44,6.0,0.36
2024-06-14T12:00,Santacruz_AWS,19.1197,72.8468,0.1,0.1,1005.3,59,13.0,0.355
2024-06-14T13:00,Santacruz_AWS,19.1197,72.8468,0.1,0.1,1004.9,100,14.8,0.35
2024-06-14T14:00,Santacruz_AWS,19.1197,72.8468,0.9,0.9,1004.3,75,14.8,0.354
2024-06-14T15:00,Santacruz_AWS,19.1197,72.8468,0.2,0.2,1003.7,58,16.8,0.351
2024-06-14T16:00,Santacruz_AWS,19.1197,72.8468,0.4,0.4,1003.2,81,18.3,0.35
2024-06-14T17:00,Santacruz_AWS,19.1197,72.8468,0.1,0.1,1003.0,90,18.2,0.348
2024-06-14T18:00,Santacruz_AWS,19.1197,72.8468,0.2,0.2,1003.1,64,12.8,0.353
2024-06-14T19:00,Santacruz_AWS,19.1197,72.8468,0.2,0.2,1003.5,23,8.2,0.352
2024-06-14T20:00,Santacruz_AWS,19.1197,72.8468,0.0,0.0,1004.2,90,5.1,0.35
2024-06-14T21:00,Santacruz_AWS,19.1197,72.8468,0.5,0.5,1005.1,64,7.3,0.351
2024-06-14T22:00,Santacruz_AWS,19.1197,72.8468,0.8,0.8,1005.7,91,7.0,0.359
2024-06-14T23:00,Santacruz_AWS,19.1197,72.8468,0.4,0.4,1005.7,48,8.7,0.361
2024-06-15T00:00,Santacruz_AWS,19.1197,72.8468,0.2,0.2,1005.5,100,11.3,0.36
2024-06-15T01:00,Santacruz_AWS,19.1197,72.8468,0.1,0.1,1004.6,74,13.4,0.358
2024-06-15T02:00,Santacruz_AWS,19.1197,72.8468,0.0,0.0,1003.9,84,11.6,0.356
2024-06-15T03:00,Santacruz_AWS,19.1197,72.8468,0.1,0.1,1003.6,70,11.9,0.354
2024-06-15T04:00,Santacruz_AWS,19.1197,72.8468,0.1,0.1,1003.4,67,11.9,0.352
2024-06-15T05:00,Santacruz_AWS,19.1197,72.8468,0.1,0.1,1003.5,33,10.5,0.351
2024-06-15T06:00,Santacruz_AWS,19.1197,72.8468,0.1,0.1,1003.6,91,15.9,0.334
2024-06-15T07:00,Santacruz_AWS,19.1197,72.8468,0.2,0.2,1004.2,65,18.1,0.333
2024-06-15T08:00,Santacruz_AWS,19.1197,72.8468,0.2,0.2,1004.6,94,17.9,0.333
2024-06-15T09:00,Santacruz_AWS,19.1197,72.8468,0.1,0.1,1004.8,100,17.8,0.332
2024-06-15T10:00,Santacruz_AWS,19.1197,72.8468,0.1,0.1,1004.8,83,18.4,0.329
2024-06-15T11:00,Santacruz_AWS,19.1197,72.8468,0.3,0.3,1004.7,67,16.6,0.328
2024-06-15T12:00,Santacruz_AWS,19.1197,72.8468,0.1,0.1,1004.1,19,18.3,0.325
2024-06-15T13:00,Santacruz_AWS,19.1197,72.8468,0.0,0.0,1003.4,75,18.9,0.321
2024-06-15T14:00,Santacruz_AWS,19.1197,72.8468,0.0,0.0,1003.1,74,18.8,0.317
2024-06-15T15:00,Santacruz_AWS,19.1197,72.8468,0.0,0.0,1002.6,72,18.7,0.314
2024-06-15T16:00,Santacruz_AWS,19.1197,72.8468,0.2,0.2,1002.0,84,17.9,0.312
2024-06-15T17:00,Santacruz_AWS,19.1197,72.8468,0.1,0.1,1001.9,77,16.4,0.311
2024-06-15T18:00,Santacruz_AWS,19.1197,72.8468,0.0,0.0,1002.1,44,13.6,0.305
2024-06-15T19:00,Santacruz_AWS,19.1197,72.8468,0.0,0.0,1002.8,65,9.6,0.304
2024-06-15T20:00,Santacruz_AWS,19.1197,72.8468,0.0,0.0,1004.1,67,11.8,0.303
2024-06-15T21:00,Santacruz_AWS,19.1197,72.8468,0.1,0.1,1004.7,85,10.8,0.303
2024-06-15T22:00,Santacruz_AWS,19.1197,72.8468,0.1,0.1,1005.3,85,11.9,0.303
2024-06-15T23:00,Santacruz_AWS,19.1197,72.8468,0.0,0.0,1005.3,99,12.3,0.303
2024-06-16T00:00,Santacruz_AWS,19.1197,72.8468,0.1,0.1,1004.9,100,11.5,0.303
2024-06-16T01:00,Santacruz_AWS,19.1197,72.8468,0.0,0.0,1004.2,99,11.7,0.303
2024-06-16T02:00,Santacruz_AWS,19.1197,72.8468,0.0,0.0,1003.7,100,11.1,0.302
2024-06-16T03:00,Santacruz_AWS,19.1197,72.8468,0.1,0.1,1003.6,95,10.5,0.302
2024-06-16T04:00,Santacruz_AWS,19.1197,72.8468,0.0,0.0,1003.9,96,9.7,0.302
2024-06-16T05:00,Santacruz_AWS,19.1197,72.8468,0.1,0.1,1004.3,100,9.7,0.302
2024-06-16T06:00,Santacruz_AWS,19.1197,72.8468,0.3,0.3,1004.5,100,8.6,0.304
2024-06-16T07:00,Santacruz_AWS,19.1197,72.8468,0.0,0.0,1004.8,100,7.9,0.304
2024-06-16T08:00,Santacruz_AWS,19.1197,72.8468,0.0,0.0,1004.9,91,6.8,0.303
2024-06-16T09:00,Santacruz_AWS,19.1197,72.8468,0.2,0.2,1005.5,84,8.1,0.303
2024-06-16T10:00,Santacruz_AWS,19.1197,72.8468,0.1,0.1,1005.6,100,9.2,0.301
2024-06-16T11:00,Santacruz_AWS,19.1197,72.8468,0.0,0.0,1005.0,99,9.7,0.297
2024-06-16T12:00,Santacruz_AWS,19.1197,72.8468,0.0,0.0,1004.5,92,10.2,0.293
2024-06-16T13:00,Santacruz_AWS,19.1197,72.8468,0.0,0.0,1003.7,67,11.4,0.289
2024-06-16T14:00,Santacruz_AWS,19.1197,72.8468,0.0,0.0,1002.9,49,12.9,0.286
2024-06-16T15:00,Santacruz_AWS,19.1197,72.8468,0.0,0.0,1002.3,58,13.9,0.283
2024-06-16T16:00,Santacruz_AWS,19.1197,72.8468,0.3,0.3,1002.2,94,15.0,0.283
2024-06-16T17:00,Santacruz_AWS,19.1197,72.8468,0.1,0.1,1002.1,98,11.4,0.283
2024-06-16T18:00,Santacruz_AWS,19.1197,72.8468,0.0,0.0,1002.7,86,11.4,0.283
2024-06-16T19:00,Santacruz_AWS,19.1197,72.8468,0.1,0.1,1003.6,100,8.2,0.283
2024-06-16T20:00,Santacruz_AWS,19.1197,72.8468,0.0,0.0,1004.3,100,6.6,0.283
2024-06-16T21:00,Santacruz_AWS,19.1197,72.8468,0.0,0.0,1004.5,77,5.9,0.283
2024-06-16T22:00,Santacruz_AWS,19.1197,72.8468,0.0,0.0,1004.9,95,5.6,0.282
2024-06-16T23:00,Santacruz_AWS,19.1197,72.8468,0.0,0.0,1005.1,100,7.3,0.282
2024-06-17T00:00,Santacruz_AWS,19.1197,72.8468,0.0,0.0,1004.4,100,7.9,0.282
2024-06-17T01:00,Santacruz_AWS,19.1197,72.8468,0.1,0.1,1003.7,100,8.1,0.282
2024-06-17T02:00,Santacruz_AWS,19.1197,72.8468,0.1,0.1,1003.4,100,8.7,0.282
2024-06-17T03:00,Santacruz_AWS,19.1197,72.8468,0.1,0.1,1003.5,100,10.7,0.282
2024-06-17T04:00,Santacruz_AWS,19.1197,72.8468,0.0,0.0,1003.4,78,10.5,0.282
2024-06-17T05:00,Santacruz_AWS,19.1197,72.8468,0.1,0.1,1003.9,97,9.1,0.283
2024-06-17T06:00,Santacruz_AWS,19.1197,72.8468,0.0,0.0,1004.6,100,7.6,0.283
2024-06-17T07:00,Santacruz_AWS,19.1197,72.8468,0.1,0.1,1005.2,100,9.5,0.283
2024-06-17T08:00,Santacruz_AWS,19.1197,72.8468,0.1,0.1,1005.3,100,10.5,0.283
2024-06-17T09:00,Santacruz_AWS,19.1197,72.8468,0.1,0.1,1005.4,100,12.1,0.282
2024-06-17T10:00,Santacruz_AWS,19.1197,72.8468,0.1,0.1,1005.3,100,13.5,0.281
2024-06-17T11:00,Santacruz_AWS,19.1197,72.8468,0.1,0.1,1005.1,100,14.4,0.279
2024-06-17T12:00,Santacruz_AWS,19.1197,72.8468,0.1,0.1,1004.8,100,14.7,0.277
2024-06-17T13:00,Santacruz_AWS,19.1197,72.8468,0.1,0.1,1004.4,99,16.6,0.274
2024-06-17T14:00,Santacruz_AWS,19.1197,72.8468,0.0,0.0,1003.6,100,17.1,0.271
2024-06-17T15:00,Santacruz_AWS,19.1197,72.8468,0.3,0.3,1003.3,100,18.6,0.272
2024-06-17T16:00,Santacruz_AWS,19.1197,72.8468,3.4,3.4,1002.9,97,17.8,0.313
2024-06-17T17:00,Santacruz_AWS,19.1197,72.8468,0.0,0.0,1002.9,94,14.2,0.311
2024-06-17T18:00,Santacruz_AWS,19.1197,72.8468,0.7,0.7,1003.5,98,10.8,0.296
2024-06-17T19:00,Santacruz_AWS,19.1197,72.8468,0.6,0.6,1004.3,100,11.3,0.302
2024-06-17T20:00,Santacruz_AWS,19.1197,72.8468,0.1,0.1,1005.2,100,8.3,0.303
2024-06-17T21:00,Santacruz_AWS,19.1197,72.8468,0.9,0.9,1005.7,100,8.7,0.313
2024-06-17T22:00,Santacruz_AWS,19.1197,72.8468,0.2,0.2,1006.2,100,8.7,0.314
2024-06-17T23:00,Santacruz_AWS,19.1197,72.8468,0.1,0.1,1005.9,100,10.7,0.315
2024-06-18T00:00,Santacruz_AWS,19.1197,72.8468,1.0,1.0,1005.6,100,12.1,0.327
2024-06-18T01:00,Santacruz_AWS,19.1197,72.8468,0.2,0.2,1005.0,100,12.3,0.327
2024-06-18T02:00,Santacruz_AWS,19.1197,72.8468,0.1,0.1,1004.1,100,12.2,0.327
2024-06-18T03:00,Santacruz_AWS,19.1197,72.8468,0.0,0.0,1003.8,100,9.0,0.326
2024-06-18T04:00,Santacruz_AWS,19.1197,72.8468,0.1,0.1,1003.6,100,9.7,0.326
2024-06-18T05:00,Santacruz_AWS,19.1197,72.8468,0.2,0.2,1003.9,96,8.8,0.327
2024-06-18T06:00,Santacruz_AWS,19.1197,72.8468,0.5,0.5,1004.3,100,12.7,0.311
2024-06-18T07:00,Santacruz_AWS,19.1197,72.8468,0.3,0.3,1004.5,100,15.9,0.313
2024-06-18T08:00,Santacruz_AWS,19.1197,72.8468,0.2,0.2,1004.7,100,17.3,0.314
2024-06-18T09:00,Santacruz_AWS,19.1197,72.8468,0.0,0.0,1005.2,87,19.3,0.313
2024-06-18T10:00,Santacruz_AWS,19.1197,72.8468,0.1,0.1,1005.4,100,19.6,0.311
2024-06-18T11:00,Santacruz_AWS,19.1197,72.8468,0.3,0.3,1005.2,100,19.6,0.311
2024-06-18T12:00,Santacruz_AWS,19.1197,72.8468,6.5,6.5,1004.7,97,20.8,0.391
2024-06-18T13:00,Santacruz_AWS,19.1197,72.8468,0.4,0.4,1004.2,99,17.6,0.387
2024-06-18T14:00,Santacruz_AWS,19.1197,72.8468,1.3,1.3,1003.8,100,16.9,0.392
2024-06-18T15:00,Santacruz_AWS,19.1197,72.8468,0.2,0.2,1003.1,100,18.0,0.386
2024-06-18T16:00,Santacruz_AWS,19.1197,72.8468,1.7,1.7,1002.8,100,18.1,0.397
2024-06-18T17:00,Santacruz_AWS,19.1197,72.8468,4.3,4.3,1002.5,99,10.7,0.421
2024-06-18T18:00,Santacruz_AWS,19.1197,72.8468,1.5,1.5,1002.4,100,17.4,0.416
2024-06-18T19:00,Santacruz_AWS,19.1197,72.8468,1.7,1.7,1003.2,100,13.9,0.42
2024-06-18T20:00,Santacruz_AWS,19.1197,72.8468,4.2,4.2,1004.0,100,13.5,0.439
2024-06-18T21:00,Santacruz_AWS,19.1197,72.8468,1.8,1.8,1004.8,100,10.8,0.422
2024-06-18T22:00,Santacruz_AWS,19.1197,72.8468,2.3,2.3,1005.3,100,12.0,0.426
2024-06-18T23:00,Santacruz_AWS,19.1197,72.8468,1.4,1.4,1005.0,100,11.6,0.424
2024-06-19T00:00,Santacruz_AWS,19.1197,72.8468,1.2,1.2,1004.0,100,12.9,0.421
2024-06-19T01:00,Santacruz_AWS,19.1197,72.8468,1.2,1.2,1003.3,100,14.3,0.421
2024-06-19T02:00,Santacruz_AWS,19.1197,72.8468,1.0,1.0,1002.5,100,10.8,0.422
2024-06-19T03:00,Santacruz_AWS,19.1197,72.8468,0.4,0.4,1002.0,100,10.5,0.414
2024-06-19T04:00,Santacruz_AWS,19.1197,72.8468,0.2,0.2,1002.1,100,11.4,0.408
2024-06-19T05:00,Santacruz_AWS,19.1197,72.8468,1.2,1.2,1002.6,100,9.7,0.416
2024-06-19T06:00,Santacruz_AWS,19.1197,72.8468,1.2,1.2,1002.7,100,8.8,0.404
2024-06-19T07:00,Santacruz_AWS,19.1197,72.8468,0.5,0.5,1003.0,100,12.4,0.402
2024-06-19T08:00,Santacruz_AWS,19.1197,72.8468,0.8,0.8,1003.3,100,14.4,0.403
2024-06-19T09:00,Santacruz_AWS,19.1197,72.8468,1.0,1.0,1003.8,100,14.0,0.407
2024-06-19T10:00,Santacruz_AWS,19.1197,72.8468,0.6,0.6,1003.8,100,14.5,0.404
2024-06-19T11:00,Santacruz_AWS,19.1197,72.8468,1.1,1.1,1003.6,100,18.9,0.407
2024-06-19T12:00,Santacruz_AWS,19.1197,72.8468,0.3,0.3,1002.9,100,15.3,0.401
2024-06-19T13:00,Santacruz_AWS,19.1197,72.8468,0.2,0.2,1002.1,100,18.9,0.394
2024-06-19T14:00,Santacruz_AWS,19.1197,72.8468,6.2,6.2,1001.8,100,18.9,0.424
2024-06-19T15:00,Santacruz_AWS,19.1197,72.8468,0.3,0.3,1001.2,99,17.1,0.412
2024-06-19T16:00,Santacruz_AWS,19.1197,72.8468,0.6,0.6,1000.5,100,13.5,0.408
2024-06-19T17:00,Santacruz_AWS,19.1197,72.8468,0.2,0.2,1000.4,88,18.9,0.402
2024-06-19T18:00,Santacruz_AWS,19.1197,72.8468,0.0,0.0,1000.5,100,17.7,0.377
2024-06-19T19:00,Santacruz_AWS,19.1197,72.8468,0.0,0.0,1000.8,100,16.2,0.374
2024-06-19T20:00,Santacruz_AWS,19.1197,72.8468,0.0,0.0,1001.4,100,16.7,0.372
2024-06-19T21:00,Santacruz_AWS,19.1197,72.8468,0.0,0.0,1001.7,100,14.8,0.369
2024-06-19T22:00,Santacruz_AWS,19.1197,72.8468,0.4,0.4,1002.2,100,15.2,0.37
2024-06-19T23:00,Santacruz_AWS,19.1197,72.8468,4.7,4.7,1003.0,100,14.6,0.424
2024-06-20T00:00,Santacruz_AWS,19.1197,72.8468,1.8,1.8,1002.5,100,15.9,0.431
2024-06-20T01:00,Santacruz_AWS,19.1197,72.8468,2.5,2.5,1001.6,100,13.8,0.425
2024-06-20T02:00,Santacruz_AWS,19.1197,72.8468,0.3,0.3,1000.9,100,13.3,0.415
2024-06-20T03:00,Santacruz_AWS,19.1197,72.8468,2.2,2.2,1000.7,100,16.1,0.425
2024-06-20T04:00,Santacruz_AWS,19.1197,72.8468,3.0,3.0,1000.8,100,15.8,0.432
2024-06-20T05:00,Santacruz_AWS,19.1197,72.8468,3.2,3.2,1000.6,100,15.5,0.435
2024-06-20T06:00,Santacruz_AWS,19.1197,72.8468,10.5,10.5,1000.7,100,17.8,0.439
2024-06-20T07:00,Santacruz_AWS,19.1197,72.8468,2.7,2.7,1001.2,100,18.5,0.434
2024-06-20T08:00,Santacruz_AWS,19.1197,72.8468,2.1,2.1,1001.7,100,16.2,0.437
2024-06-20T09:00,Santacruz_AWS,19.1197,72.8468,5.3,5.3,1002.5,100,17.9,0.439
2024-06-20T10:00,Santacruz_AWS,19.1197,72.8468,8.2,8.2,1003.2,100,15.3,0.434
2024-06-20T11:00,Santacruz_AWS,19.1197,72.8468,1.5,1.5,1003.1,100,14.3,0.437
2024-06-20T12:00,Santacruz_AWS,19.1197,72.8468,1.0,1.0,1002.8,100,15.7,0.434
2024-06-20T13:00,Santacruz_AWS,19.1197,72.8468,0.9,0.9,1001.9,100,17.7,0.433
2024-06-20T14:00,Santacruz_AWS,19.1197,72.8468,0.2,0.2,1001.2,100,16.8,0.428
2024-06-20T15:00,Santacruz_AWS,19.1197,72.8468,0.1,0.1,1000.7,100,18.4,0.423
2024-06-20T16:00,Santacruz_AWS,19.1197,72.8468,0.1,0.1,1000.2,100,20.7,0.42
2024-06-20T17:00,Santacruz_AWS,19.1197,72.8468,0.2,0.2,1000.3,100,18.1,0.418
2024-06-20T18:00,Santacruz_AWS,19.1197,72.8468,0.4,0.4,999.8,100,13.7,0.415
2024-06-20T19:00,Santacruz_AWS,19.1197,72.8468,0.1,0.1,1000.1,99,8.9,0.414
2024-06-20T20:00,Santacruz_AWS,19.1197,72.8468,0.1,0.1,1000.6,100,9.2,0.413
2024-06-20T21:00,Santacruz_AWS,19.1197,72.8468,0.3,0.3,1001.7,98,11.5,0.414
2024-06-20T22:00,Santacruz_AWS,19.1197,72.8468,1.1,1.1,1002.6,96,13.4,0.424
2024-06-20T23:00,Santacruz_AWS,19.1197,72.8468,0.8,0.8,1002.9,100,13.1,0.428
2024-06-21T00:00,Santacruz_AWS,19.1197,72.8468,0.4,0.4,1002.3,99,12.7,0.425
2024-06-21T01:00,Santacruz_AWS,19.1197,72.8468,0.1,0.1,1001.9,100,14.8,0.421
2024-06-21T02:00,Santacruz_AWS,19.1197,72.8468,0.1,0.1,1001.3,100,12.9,0.418
2024-06-21T03:00,Santacruz_AWS,19.1197,72.8468,0.4,0.4,1001.1,100,18.4,0.419
2024-06-21T04:00,Santacruz_AWS,19.1197,72.8468,6.2,6.2,1001.7,100,11.0,0.439
2024-06-21T05:00,Santacruz_AWS,19.1197,72.8468,6.3,6.3,1002.0,100,10.9,0.434
2024-06-21T06:00,Santacruz_AWS,19.1197,72.8468,0.3,0.3,1001.5,67,14.6,0.428
2024-06-21T07:00,Santacruz_AWS,19.1197,72.8468,0.8,0.8,1002.6,91,15.5,0.43
2024-06-21T08:00,Santacruz_AWS,19.1197,72.8468,0.5,0.5,1002.8,77,14.9,0.427
2024-06-21T09:00,Santacruz_AWS,19.1197,72.8468,0.1,0.1,1003.2,94,16.1,0.422
2024-06-21T10:00,Santacruz_AWS,19.1197,72.8468,0.2,0.2,1003.4,97,15.6,0.419
2024-06-21T11:00,Santacruz_AWS,19.1197,72.8468,0.4,0.4,1002.9,70,17.1,0.417
2024-06-21T12:00,Santacruz_AWS,19.1197,72.8468,0.1,0.1,1002.6,47,15.1,0.413
2024-06-21T13:00,Santacruz_AWS,19.1197,72.8468,1.3,1.3,1001.9,70,17.6,0.419
2024-06-21T14:00,Santacruz_AWS,19.1197,72.8468,1.4,1.4,1001.2,44,20.6,0.424
2024-06-21T15:00,Santacruz_AWS,19.1197,72.8468,1.5,1.5,1000.5,40,20.9,0.429
2024-06-21T16:00,Santacruz_AWS,19.1197,72.8468,0.2,0.2,1000.1,46,20.5,0.422
2024-06-21T17:00,Santacruz_AWS,19.1197,72.8468,0.9,0.9,1000.2,41,18.6,0.424
2024-06-21T18:00,Santacruz_AWS,19.1197,72.8468,0.5,0.5,1000.4,98,11.7,0.4
2024-06-21T19:00,Santacruz_AWS,19.1197,72.8468,0.1,0.1,1000.9,94,16.1,0.4
2024-06-21T20:00,Santacruz_AWS,19.1197,72.8468,0.1,0.1,1001.8,100,8.8,0.399
2024-06-21T21:00,Santacruz_AWS,19.1197,72.8468,0.7,0.7,1002.7,99,9.4,0.404
2024-06-21T22:00,Santacruz_AWS,19.1197,72.8468,0.2,0.2,1003.4,100,13.7,0.404
2024-06-21T23:00,Santacruz_AWS,19.1197,72.8468,0.1,0.1,1003.0,100,13.7,0.403
2024-06-22T00:00,Santacruz_AWS,19.1197,72.8468,0.3,0.3,1002.1,100,13.7,0.405
2024-06-22T01:00,Santacruz_AWS,19.1197,72.8468,0.1,0.1,1001.4,100,15.2,0.404
2024-06-22T02:00,Santacruz_AWS,19.1197,72.8468,0.9,0.9,1000.9,99,15.3,0.414
2024-06-22T03:00,Santacruz_AWS,19.1197,72.8468,0.5,0.5,1000.8,100,6.3,0.416
2024-06-22T04:00,Santacruz_AWS,19.1197,72.8468,1.4,1.4,1000.5,100,13.0,0.426
2024-06-22T05:00,Santacruz_AWS,19.1197,72.8468,0.4,0.4,1000.8,100,14.3,0.423
2024-06-22T06:00,Santacruz_AWS,19.1197,72.8468,0.0,0.0,1000.9,100,8.2,0.411
2024-06-22T07:00,Santacruz_AWS,19.1197,72.8468,0.3,0.3,1001.6,99,9.6,0.41
2024-06-22T08:00,Santacruz_AWS,19.1197,72.8468,0.1,0.1,1002.0,96,10.7,0.409
2024-06-22T09:00,Santacruz_AWS,19.1197,72.8468,0.0,0.0,1002.1,91,11.8,0.405
2024-06-22T10:00,Santacruz_AWS,19.1197,72.8468,0.0,0.0,1002.3,96,11.2,0.402
2024-06-22T11:00,Santacruz_AWS,19.1197,72.8468,0.0,0.0,1002.0,45,11.2,0.399
2024-06-22T12:00,Santacruz_AWS,19.1197,72.8468,0.1,0.1,1001.2,32,13.3,0.396
2024-06-22T13:00,Santacruz_AWS,19.1197,72.8468,0.1,0.1,1000.3,25,13.2,0.392
2024-06-22T14:00,Santacruz_AWS,19.1197,72.8468,0.0,0.0,999.5,38,14.3,0.388
2024-06-22T15:00,Santacruz_AWS,19.1197,72.8468,0.1,0.1,998.9,35,15.9,0.385
2024-06-22T16:00,Santacruz_AWS,19.1197,72.8468,0.1,0.1,998.8,56,16.8,0.383
2024-06-22T17:00,Santacruz_AWS,19.1197,72.8468,0.2,0.2,999.0,35,16.2,0.382
2024-06-22T18:00,Santacruz_AWS,19.1197,72.8468,0.2,0.2,999.2,100,2.9,0.386
2024-06-22T19:00,Santacruz_AWS,19.1197,72.8468,0.1,0.1,999.8,99,9.0,0.386
2024-06-22T20:00,Santacruz_AWS,19.1197,72.8468,0.1,0.1,1000.8,100,10.4,0.386
2024-06-22T21:00,Santacruz_AWS,19.1197,72.8468,0.0,0.0,1001.5,100,12.3,0.385
2024-06-22T22:00,Santacruz_AWS,19.1197,72.8468,0.1,0.1,1001.9,88,13.3,0.386
2024-06-22T23:00,Santacruz_AWS,19.1197,72.8468,0.2,0.2,1001.8,100,11.8,0.386
2024-06-23T00:00,Santacruz_AWS,19.1197,72.8468,0.9,0.9,1001.2,100,10.1,0.396
2024-06-23T01:00,Santacruz_AWS,19.1197,72.8468,0.8,0.8,1000.7,100,13.9,0.405
2024-06-23T02:00,Santacruz_AWS,19.1197,72.8468,0.2,0.2,1000.2,100,14.0,0.404
2024-06-23T03:00,Santacruz_AWS,19.1197,72.8468,0.0,0.0,999.9,100,10.3,0.401
2024-06-23T04:00,Santacruz_AWS,19.1197,72.8468,0.0,0.0,999.8,100,8.9,0.399
2024-06-23T05:00,Santacruz_AWS,19.1197,72.8468,0.0,0.0,999.9,100,10.2,0.397
2024-06-23T06:00,Santacruz_AWS,19.1197,72.8468,0.3,0.3,1000.4,100,4.7,0.385
2024-06-23T07:00,Santacruz_AWS,19.1197,72.8468,0.1,0.1,1000.9,100,5.6,0.385
2024-06-23T08:00,Santacruz_AWS,19.1197,72.8468,0.0,0.0,1001.1,100,7.6,0.384
2024-06-23T09:00,Santacruz_AWS,19.1197,72.8468,0.0,0.0,1001.0,100,10.6,0.382
2024-06-23T10:00,Santacruz_AWS,19.1197,72.8468,0.1,0.1,1001.1,100,9.2,0.381
2024-06-23T11:00,Santacruz_AWS,19.1197,72.8468,0.3,0.3,1001.1,100,11.6,0.381
2024-06-23T12:00,Santacruz_AWS,19.1197,72.8468,0.0,0.0,1000.5,100,14.7,0.378
2024-06-23T13:00,Santacruz_AWS,19.1197,72.8468,0.0,0.0,999.3,100,16.6,0.375
2024-06-23T14:00,Santacruz_AWS,19.1197,72.8468,0.0,0.0,998.6,100,15.8,0.371
2024-06-23T15:00,Santacruz_AWS,19.1197,72.8468,0.1,0.1,998.0,100,16.3,0.37
2024-06-23T16:00,Santacruz_AWS,19.1197,72.8468,0.1,0.1,998.0,100,11.5,0.369
2024-06-23T17:00,Santacruz_AWS,19.1197,72.8468,0.4,0.4,997.7,100,8.4,0.372
2024-06-23T18:00,Santacruz_AWS,19.1197,72.8468,0.0,0.0,997.8,100,13.4,0.37
2024-06-23T19:00,Santacruz_AWS,19.1197,72.8468,0.0,0.0,998.2,100,9.4,0.369
2024-06-23T20:00,Santacruz_AWS,19.1197,72.8468,0.1,0.1,999.1,100,8.6,0.369
2024-06-23T21:00,Santacruz_AWS,19.1197,72.8468,0.3,0.3,999.6,100,9.5,0.371
2024-06-23T22:00,Santacruz_AWS,19.1197,72.8468,0.2,0.2,999.9,100,13.7,0.372
2024-06-23T23:00,Santacruz_AWS,19.1197,72.8468,0.3,0.3,1000.1,100,14.5,0.374
2024-06-24T00:00,Santacruz_AWS,19.1197,72.8468,2.1,2.1,1000.0,100,9.2,0.401
2024-06-24T01:00,Santacruz_AWS,19.1197,72.8468,0.3,0.3,999.2,100,4.2,0.402
2024-06-24T02:00,Santacruz_AWS,19.1197,72.8468,2.9,2.9,998.7,100,2.9,0.429
2024-06-24T03:00,Santacruz_AWS,19.1197,72.8468,0.5,0.5,998.6,100,2.5,0.423
2024-06-24T04:00,Santacruz_AWS,19.1197,72.8468,0.1,0.1,998.2,100,1.9,0.416
2024-06-24T05:00,Santacruz_AWS,19.1197,72.8468,0.0,0.0,998.2,100,3.5,0.411
2024-06-24T06:00,Santacruz_AWS,19.1197,72.8468,0.4,0.4,998.5,100,4.9,0.383
2024-06-24T07:00,Santacruz_AWS,19.1197,72.8468,1.3,1.3,999.3,100,6.6,0.398
2024-06-24T08:00,Santacruz_AWS,19.1197,72.8468,0.2,0.2,999.1,100,9.9,0.397
2024-06-24T09:00,Santacruz_AWS,19.1197,72.8468,0.2,0.2,999.0,100,11.2,0.396
2024-06-24T10:00,Santacruz_AWS,19.1197,72.8468,0.3,0.3,999.1,100,10.8,0.395
2024-06-24T11:00,Santacruz_AWS,19.1197,72.8468,0.2,0.2,998.8,100,11.7,0.393
2024-06-24T12:00,Santacruz_AWS,19.1197,72.8468,1.3,1.3,998.4,93,18.0,0.401
2024-06-24T13:00,Santacruz_AWS,19.1197,72.8468,0.5,0.5,997.7,38,13.9,0.402
2024-06-24T14:00,Santacruz_AWS,19.1197,72.8468,0.3,0.3,996.8,63,15.7,0.398
2024-06-24T15:00,Santacruz_AWS,19.1197,72.8468,0.1,0.1,996.5,81,14.8,0.395
2024-06-24T16:00,Santacruz_AWS,19.1197,72.8468,0.1,0.1,995.7,56,13.9,0.391
2024-06-24T17:00,Santacruz_AWS,19.1197,72.8468,0.0,0.0,995.7,78,12.8,0.388
2024-06-24T18:00,Santacruz_AWS,19.1197,72.8468,0.1,0.1,996.1,100,11.7,0.392
2024-06-24T19:00,Santacruz_AWS,19.1197,72.8468,0.0,0.0,996.6,99,9.2,0.39
2024-06-24T20:00,Santacruz_AWS,19.1197,72.8468,0.0,0.0,997.3,100,8.0,0.388
2024-06-24T21:00,Santacruz_AWS,19.1197,72.8468,0.2,0.2,997.9,100,9.0,0.388
2024-06-24T22:00,Santacruz_AWS,19.1197,72.8468,0.1,0.1,998.1,100,9.0,0.387
2024-06-24T23:00,Santacruz_AWS,19.1197,72.8468,0.1,0.1,998.1,100,11.2,0.387
2024-06-25T00:00,Santacruz_AWS,19.1197,72.8468,0.4,0.4,998.0,100,14.8,0.389
2024-06-25T01:00,Santacruz_AWS,19.1197,72.8468,0.2,0.2,997.5,100,13.3,0.389
2024-06-25T02:00,Santacruz_AWS,19.1197,72.8468,0.1,0.1,997.0,100,12.3,0.388
2024-06-25T03:00,Santacruz_AWS,19.1197,72.8468,0.2,0.2,996.6,100,12.9,0.388
2024-06-25T04:00,Santacruz_AWS,19.1197,72.8468,0.1,0.1,996.6,100,12.9,0.387
2024-06-25T05:00,Santacruz_AWS,19.1197,72.8468,0.4,0.4,996.6,100,12.6,0.39
2024-06-25T06:00,Santacruz_AWS,19.1197,72.8468,0.1,0.1,997.1,100,15.3,0.393
2024-06-25T07:00,Santacruz_AWS,19.1197,72.8468,0.0,0.0,997.1,99,15.7,0.391
2024-06-25T08:00,Santacruz_AWS,19.1197,72.8468,0.1,0.1,997.5,100,17.9,0.389
2024-06-25T09:00,Santacruz_AWS,19.1197,72.8468,0.1,0.1,997.5,100,19.0,0.387
2024-06-25T10:00,Santacruz_AWS,19.1197,72.8468,0.1,0.1,997.4,99,20.5,0.385
2024-06-25T11:00,Santacruz_AWS,19.1197,72.8468,0.1,0.1,996.7,99,22.0,0.382
2024-06-25T12:00,Santacruz_AWS,19.1197,72.8468,2.7,2.7,996.5,99,23.9,0.411
2024-06-25T13:00,Santacruz_AWS,19.1197,72.8468,0.1,0.1,995.8,94,24.7,0.405
2024-06-25T14:00,Santacruz_AWS,19.1197,72.8468,0.1,0.1,995.4,98,25.5,0.4
2024-06-25T15:00,Santacruz_AWS,19.1197,72.8468,0.2,0.2,994.5,98,25.9,0.397
2024-06-25T16:00,Santacruz_AWS,19.1197,72.8468,0.2,0.2,994.0,100,28.6,0.395
2024-06-25T17:00,Santacruz_AWS,19.1197,72.8468,0.2,0.2,993.7,99,31.7,0.393
2024-06-25T18:00,Santacruz_AWS,19.1197,72.8468,0.1,0.1,994.1,89,26.8,0.367
2024-06-25T19:00,Santacruz_AWS,19.1197,72.8468,0.2,0.2,994.6,100,25.4,0.367
2024-06-25T20:00,Santacruz_AWS,19.1197,72.8468,0.4,0.4,995.8,96,19.5,0.37
2024-06-25T21:00,Santacruz_AWS,19.1197,72.8468,0.1,0.1,996.6,99,13.7,0.37
2024-06-25T22:00,Santacruz_AWS,19.1197,72.8468,0.3,0.3,997.0,99,12.2,0.372
2024-06-25T23:00,Santacruz_AWS,19.1197,72.8468,0.3,0.3,997.1,100,12.4,0.373
2024-06-26T00:00,Santacruz_AWS,19.1197,72.8468,0.8,0.8,996.8,100,12.1,0.382
2024-06-26T01:00,Santacruz_AWS,19.1197,72.8468,0.7,0.7,996.1,100,11.1,0.389
2024-06-26T02:00,Santacruz_AWS,19.1197,72.8468,1.6,1.6,995.6,100,17.6,0.408
2024-06-26T03:00,Santacruz_AWS,19.1197,72.8468,1.3,1.3,996.0,98,18.7,0.419
2024-06-26T04:00,Santacruz_AWS,19.1197,72.8468,0.5,0.5,995.9,74,20.9,0.417
2024-06-26T05:00,Santacruz_AWS,19.1197,72.8468,0.2,0.2,995.9,82,21.2,0.412
2024-06-26T06:00,Santacruz_AWS,19.1197,72.8468,0.6,0.6,995.6,100,22.3,0.405
2024-06-26T07:00,Santacruz_AWS,19.1197,72.8468,1.0,1.0,995.7,99,20.5,0.413
2024-06-26T08:00,Santacruz_AWS,19.1197,72.8468,1.1,1.1,996.0,100,20.2,0.419
2024-06-26T09:00,Santacruz_AWS,19.1197,72.8468,0.1,0.1,996.2,62,24.8,0.414
2024-06-26T10:00,Santacruz_AWS,19.1197,72.8468,0.0,0.0,996.5,76,29.9,0.407
2024-06-26T11:00,Santacruz_AWS,19.1197,72.8468,3.6,3.6,996.7,95,29.2,0.439
2024-06-26T12:00,Santacruz_AWS,19.1197,72.8468,0.8,0.8,996.6,50,25.6,0.423
2024-06-26T13:00,Santacruz_AWS,19.1197,72.8468,0.5,0.5,996.3,100,29.8,0.418
2024-06-26T14:00,Santacruz_AWS,19.1197,72.8468,0.3,0.3,995.4,89,28.8,0.413
2024-06-26T15:00,Santacruz_AWS,19.1197,72.8468,0.2,0.2,994.9,98,29.1,0.41
2024-06-26T16:00,Santacruz_AWS,19.1197,72.8468,0.4,0.4,994.7,100,27.0,0.409
2024-06-26T17:00,Santacruz_AWS,19.1197,72.8468,0.2,0.2,994.9,82,23.4,0.406
2024-06-26T18:00,Santacruz_AWS,19.1197,72.8468,2.9,2.9,995.8,99,21.4,0.43
2024-06-26T19:00,Santacruz_AWS,19.1197,72.8468,0.5,0.5,996.8,78,21.5,0.427
2024-06-26T20:00,Santacruz_AWS,19.1197,72.8468,1.5,1.5,997.4,100,21.0,0.437
2024-06-26T21:00,Santacruz_AWS,19.1197,72.8468,1.8,1.8,998.6,100,23.1,0.437
2024-06-26T22:00,Santacruz_AWS,19.1197,72.8468,1.8,1.8,998.9,100,25.7,0.433
2024-06-26T23:00,Santacruz_AWS,19.1197,72.8468,0.6,0.6,998.6,100,25.1,0.431
2024-06-27T00:00,Santacruz_AWS,19.1197,72.8468,0.3,0.3,998.1,100,23.4,0.427
2024-06-27T01:00,Santacruz_AWS,19.1197,72.8468,0.2,0.2,997.9,100,21.7,0.424
2024-06-27T02:00,Santacruz_AWS,19.1197,72.8468,1.0,1.0,997.6,100,22.1,0.43
2024-06-27T03:00,Santacruz_AWS,19.1197,72.8468,0.4,0.4,997.6,100,20.0,0.428
2024-06-27T04:00,Santacruz_AWS,19.1197,72.8468,1.0,1.0,997.5,94,20.7,0.432
2024-06-27T05:00,Santacruz_AWS,19.1197,72.8468,1.9,1.9,998.0,100,19.1,0.438
2024-06-27T06:00,Santacruz_AWS,19.1197,72.8468,16.8,16.8,997.5,100,19.6,0.439
2024-06-27T07:00,Santacruz_AWS,19.1197,72.8468,25.3,25.3,998.0,100,19.0,0.439
2024-06-27T08:00,Santacruz_AWS,19.1197,72.8468,13.6,13.6,998.7,100,18.2,0.439
2024-06-27T09:00,Santacruz_AWS,19.1197,72.8468,4.2,4.2,999.3,100,19.3,0.439
2024-06-27T10:00,Santacruz_AWS,19.1197,72.8468,6.2,6.2,1000.1,100,19.9,0.434
2024-06-27T11:00,Santacruz_AWS,19.1197,72.8468,3.5,3.5,1000.2,100,23.5,0.439
2024-06-27T12:00,Santacruz_AWS,19.1197,72.8468,3.5,3.5,999.8,100,24.1,0.439
2024-06-27T13:00,Santacruz_AWS,19.1197,72.8468,0.5,0.5,998.8,98,24.0,0.43
2024-06-27T14:00,Santacruz_AWS,19.1197,72.8468,1.1,1.1,998.5,100,25.2,0.432
2024-06-27T15:00,Santacruz_AWS,19.1197,72.8468,3.2,3.2,998.2,100,27.5,0.433
2024-06-27T16:00,Santacruz_AWS,19.1197,72.8468,0.3,0.3,997.7,100,27.5,0.429
2024-06-27T17:00,Santacruz_AWS,19.1197,72.8468,3.8,3.8,997.9,100,25.9,0.439
2024-06-27T18:00,Santacruz_AWS,19.1197,72.8468,5.6,5.6,998.5,100,22.2,0.436
2024-06-27T19:00,Santacruz_AWS,19.1197,72.8468,1.8,1.8,999.4,99,25.1,0.439
2024-06-27T20:00,Santacruz_AWS,19.1197,72.8468,1.2,1.2,1000.1,100,24.1,0.436
2024-06-27T21:00,Santacruz_AWS,19.1197,72.8468,0.8,0.8,1000.6,100,23.7,0.434
2024-06-27T22:00,Santacruz_AWS,19.1197,72.8468,0.7,0.7,1001.3,100,19.9,0.433
2024-06-27T23:00,Santacruz_AWS,19.1197,72.8468,1.8,1.8,1001.4,100,21.2,0.436
2024-06-28T00:00,Santacruz_AWS,19.1197,72.8468,3.7,3.7,1001.0,100,25.5,0.439
2024-06-28T01:00,Santacruz_AWS,19.1197,72.8468,4.7,4.7,1000.1,100,24.2,0.437
2024-06-28T02:00,Santacruz_AWS,19.1197,72.8468,4.0,4.0,999.4,100,22.4,0.437
2024-06-28T03:00,Santacruz_AWS,19.1197,72.8468,3.8,3.8,999.0,100,23.8,0.439
2024-06-28T04:00,Santacruz_AWS,19.1197,72.8468,4.2,4.2,999.1,100,24.9,0.439
2024-06-28T05:00,Santacruz_AWS,19.1197,72.8468,3.5,3.5,999.5,100,24.7,0.439
2024-06-28T06:00,Santacruz_AWS,19.1197,72.8468,4.2,4.2,999.7,100,27.4,0.436
2024-06-28T07:00,Santacruz_AWS,19.1197,72.8468,1.5,1.5,1000.3,100,22.9,0.437
2024-06-28T08:00,Santacruz_AWS,19.1197,72.8468,1.1,1.1,1000.7,100,24.8,0.435
2024-06-28T09:00,Santacruz_AWS,19.1197,72.8468,0.7,0.7,1001.0,100,24.2,0.433
2024-06-28T10:00,Santacruz_AWS,19.1197,72.8468,0.6,0.6,1001.5,98,26.3,0.431
2024-06-28T11:00,Santacruz_AWS,19.1197,72.8468,1.1,1.1,1001.3,100,27.8,0.432
2024-06-28T12:00,Santacruz_AWS,19.1197,72.8468,0.3,0.3,1000.9,100,26.6,0.428
2024-06-28T13:00,Santacruz_AWS,19.1197,72.8468,1.5,1.5,1000.3,100,26.5,0.439
2024-06-28T14:00,Santacruz_AWS,19.1197,72.8468,3.7,3.7,999.8,100,26.1,0.439
2024-06-28T15:00,Santacruz_AWS,19.1197,72.8468,0.4,0.4,999.3,100,23.7,0.43
2024-06-28T16:00,Santacruz_AWS,19.1197,72.8468,1.0,1.0,998.8,99,23.5,0.431
2024-06-28T17:00,Santacruz_AWS,19.1197,72.8468,0.5,0.5,998.8,100,24.0,0.429
2024-06-28T18:00,Santacruz_AWS,19.1197,72.8468,0.5,0.5,999.2,100,21.6,0.424
2024-06-28T19:00,Santacruz_AWS,19.1197,72.8468,0.3,0.3,999.6,100,19.9,0.423
2024-06-28T20:00,Santacruz_AWS,19.1197,72.8468,1.3,1.3,1000.6,100,16.1,0.433
2024-06-28T21:00,Santacruz_AWS,19.1197,72.8468,1.4,1.4,1000.9,100,20.9,0.434
2024-06-28T22:00,Santacruz_AWS,19.1197,72.8468,0.2,0.2,1001.3,100,20.5,0.428
2024-06-28T23:00,Santacruz_AWS,19.1197,72.8468,1.1,1.1,1001.7,100,19.4,0.435
2024-06-29T00:00,Santacruz_AWS,19.1197,72.8468,4.0,4.0,1001.0,100,13.0,0.433
2024-06-29T01:00,Santacruz_AWS,19.1197,72.8468,1.4,1.4,1000.7,100,19.7,0.433
2024-06-29T02:00,Santacruz_AWS,19.1197,72.8468,0.5,0.5,999.8,100,19.5,0.433
2024-06-29T03:00,Santacruz_AWS,19.1197,72.8468,0.4,0.4,999.7,100,19.1,0.431
2024-06-29T04:00,Santacruz_AWS,19.1197,72.8468,0.7,0.7,1000.2,100,17.5,0.432
2024-06-29T05:00,Santacruz_AWS,19.1197,72.8468,1.1,1.1,1000.5,100,20.4,0.436
2024-06-29T06:00,Santacruz_AWS,19.1197,72.8468,0.9,0.9,1000.1,100,20.0,0.433
2024-06-29T07:00,Santacruz_AWS,19.1197,72.8468,0.8,0.8,1001.1,100,20.5,0.431
2024-06-29T08:00,Santacruz_AWS,19.1197,72.8468,0.4,0.4,1001.7,100,21.7,0.428
2024-06-29T09:00,Santacruz_AWS,19.1197,72.8468,0.2,0.2,1001.8,100,20.8,0.425
2024-06-29T10:00,Santacruz_AWS,19.1197,72.8468,0.3,0.3,1002.1,77,20.6,0.422
2024-06-29T11:00,Santacruz_AWS,19.1197,72.8468,0.2,0.2,1002.2,83,23.1,0.418
2024-06-29T12:00,Santacruz_AWS,19.1197,72.8468,0.6,0.6,1002.2,100,24.1,0.418
2024-06-29T13:00,Santacruz_AWS,19.1197,72.8468,0.4,0.4,1002.0,100,26.0,0.417
2024-06-29T14:00,Santacruz_AWS,19.1197,72.8468,0.9,0.9,1001.1,100,22.4,0.42
2024-06-29T15:00,Santacruz_AWS,19.1197,72.8468,0.5,0.5,1000.6,100,24.6,0.419
2024-06-29T16:00,Santacruz_AWS,19.1197,72.8468,3.6,3.6,1000.6,100,26.2,0.433
2024-06-29T17:00,Santacruz_AWS,19.1197,72.8468,0.5,0.5,1000.4,100,22.9,0.428
2024-06-29T18:00,Santacruz_AWS,19.1197,72.8468,0.2,0.2,1001.2,100,19.2,0.418
2024-06-29T19:00,Santacruz_AWS,19.1197,72.8468,0.5,0.5,1001.7,100,19.5,0.419
2024-06-29T20:00,Santacruz_AWS,19.1197,72.8468,0.4,0.4,1002.1,100,19.2,0.419
2024-06-29T21:00,Santacruz_AWS,19.1197,72.8468,0.4,0.4,1002.7,100,16.6,0.42
2024-06-29T22:00,Santacruz_AWS,19.1197,72.8468,1.0,1.0,1003.5,100,16.1,0.429
2024-06-29T23:00,Santacruz_AWS,19.1197,72.8468,1.4,1.4,1003.3,100,16.3,0.436
2024-06-30T00:00,Santacruz_AWS,19.1197,72.8468,0.9,0.9,1002.3,100,17.3,0.434
2024-06-30T01:00,Santacruz_AWS,19.1197,72.8468,0.2,0.2,1001.6,100,19.4,0.427
2024-06-30T02:00,Santacruz_AWS,19.1197,72.8468,0.7,0.7,1001.1,100,18.6,0.431
2024-06-30T03:00,Santacruz_AWS,19.1197,72.8468,1.1,1.1,1001.1,100,19.0,0.433
2024-06-30T04:00,Santacruz_AWS,19.1197,72.8468,0.4,0.4,1001.2,100,19.3,0.43
2024-06-30T05:00,Santacruz_AWS,19.1197,72.8468,1.1,1.1,1001.6,100,18.7,0.435
2024-06-30T06:00,Santacruz_AWS,19.1197,72.8468,0.7,0.7,1000.9,100,19.9,0.435
2024-06-30T07:00,Santacruz_AWS,19.1197,72.8468,0.4,0.4,1001.2,100,17.5,0.432
2024-06-30T08:00,Santacruz_AWS,19.1197,72.8468,3.8,3.8,1002.1,100,19.0,0.439
2024-06-30T09:00,Santacruz_AWS,19.1197,72.8468,5.1,5.1,1003.0,100,16.3,0.433
2024-06-30T10:00,Santacruz_AWS,19.1197,72.8468,0.5,0.5,1003.0,100,19.9,0.43
2024-06-30T11:00,Santacruz_AWS,19.1197,72.8468,0.5,0.5,1002.8,100,20.5,0.43
2024-06-30T12:00,Santacruz_AWS,19.1197,72.8468,0.9,0.9,1002.4,100,21.0,0.433
2024-06-30T13:00,Santacruz_AWS,19.1197,72.8468,2.2,2.2,1001.9,100,25.3,0.432
2024-06-30T14:00,Santacruz_AWS,19.1197,72.8468,0.8,0.8,1001.3,100,21.9,0.431
2024-06-30T15:00,Santacruz_AWS,19.1197,72.8468,0.6,0.6,1000.7,100,16.8,0.429
2024-06-30T16:00,Santacruz_AWS,19.1197,72.8468,0.1,0.1,1000.5,100,19.2,0.425
2024-06-30T17:00,Santacruz_AWS,19.1197,72.8468,0.1,0.1,1000.2,100,20.1,0.422
2024-06-30T18:00,Santacruz_AWS,19.1197,72.8468,0.1,0.1,1000.6,100,23.7,0.416
2024-06-30T19:00,Santacruz_AWS,19.1197,72.8468,0.3,0.3,1001.1,100,24.0,0.416
2024-06-30T20:00,Santacruz_AWS,19.1197,72.8468,0.3,0.3,1002.1,100,24.1,0.417
2024-06-30T21:00,Santacruz_AWS,19.1197,72.8468,0.2,0.2,1002.4,100,21.7,0.416
2024-06-30T22:00,Santacruz_AWS,19.1197,72.8468,0.0,0.0,1002.5,100,24.3,0.415
2024-06-30T23:00,Santacruz_AWS,19.1197,72.8468,0.3,0.3,1002.4,100,30.6,0.416
2024-07-01T00:00,Santacruz_AWS,19.1197,72.8468,1.5,1.5,1002.5,100,28.0,0.43
2024-07-01T01:00,Santacruz_AWS,19.1197,72.8468,0.2,0.2,1001.4,100,27.6,0.426
2024-07-01T02:00,Santacruz_AWS,19.1197,72.8468,0.4,0.4,1000.3,100,28.7,0.426
2024-07-01T03:00,Santacruz_AWS,19.1197,72.8468,0.4,0.4,1000.1,98,27.2,0.424
2024-07-01T04:00,Santacruz_AWS,19.1197,72.8468,0.0,0.0,1000.3,94,28.3,0.421
2024-07-01T05:00,Santacruz_AWS,19.1197,72.8468,0.1,0.1,1000.1,97,27.5,0.418
2024-07-01T06:00,Santacruz_AWS,19.1197,72.8468,0.0,0.0,1000.1,100,26.6,0.417
2024-07-01T07:00,Santacruz_AWS,19.1197,72.8468,0.2,0.2,1000.7,100,27.1,0.416
2024-07-01T08:00,Santacruz_AWS,19.1197,72.8468,0.7,0.7,1001.1,100,28.1,0.42
2024-07-01T09:00,Santacruz_AWS,19.1197,72.8468,0.0,0.0,1001.6,100,35.3,0.417
2024-07-01T10:00,Santacruz_AWS,19.1197,72.8468,0.3,0.3,1001.6,100,33.6,0.416
2024-07-01T11:00,Santacruz_AWS,19.1197,72.8468,0.0,0.0,1001.4,97,36.4,0.411
2024-07-01T12:00,Santacruz_AWS,19.1197,72.8468,0.1,0.1,1001.0,98,35.9,0.408
2024-07-01T13:00,Santacruz_AWS,19.1197,72.8468,0.3,0.3,1000.4,66,34.6,0.407
2024-07-01T14:00,Santacruz_AWS,19.1197,72.8468,0.3,0.3,1000.0,92,31.6,0.406
2024-07-01T15:00,Santacruz_AWS,19.1197,72.8468,0.2,0.2,999.5,99,30.7,0.406
2024-07-01T16:00,Santacruz_AWS,19.1197,72.8468,0.3,0.3,999.2,99,28.0,0.406
2024-07-01T17:00,Santacruz_AWS,19.1197,72.8468,2.6,2.6,999.2,98,29.6,0.436
2024-07-01T18:00,Santacruz_AWS,19.1197,72.8468,0.9,0.9,999.6,100,32.8,0.418
2024-07-01T19:00,Santacruz_AWS,19.1197,72.8468,4.9,4.9,999.6,100,31.3,0.434
2024-07-01T20:00,Santacruz_AWS,19.1197,72.8468,0.6,0.6,1000.1,99,32.4,0.432
2024-07-01T21:00,Santacruz_AWS,19.1197,72.8468,1.9,1.9,1000.8,100,31.8,0.431
2024-07-01T22:00,Santacruz_AWS,19.1197,72.8468,0.2,0.2,1001.6,98,33.2,0.427
2024-07-01T23:00,Santacruz_AWS,19.1197,72.8468,0.2,0.2,1001.2,98,30.5,0.424
2024-07-02T00:00,Santacruz_AWS,19.1197,72.8468,0.0,0.0,1000.5,100,26.4,0.421
2024-07-02T01:00,Santacruz_AWS,19.1197,72.8468,0.1,0.1,999.7,100,30.3,0.42
2024-07-02T02:00,Santacruz_AWS,19.1197,72.8468,0.8,0.8,999.1,99,26.0,0.424
2024-07-02T03:00,Santacruz_AWS,19.1197,72.8468,0.4,0.4,998.6,100,26.9,0.425
2024-07-02T04:00,Santacruz_AWS,19.1197,72.8468,0.2,0.2,998.7,85,27.8,0.422
2024-07-02T05:00,Santacruz_AWS,19.1197,72.8468,4.2,4.2,999.6,98,25.7,0.439
2024-07-02T06:00,Santacruz_AWS,19.1197,72.8468,0.6,0.6,999.3,100,32.0,0.422
2024-07-02T07:00,Santacruz_AWS,19.1197,72.8468,0.0,0.0,1000.0,100,30.6,0.419
2024-07-02T08:00,Santacruz_AWS,19.1197,72.8468,0.2,0.2,1000.7,80,27.3,0.418
2024-07-02T09:00,Santacruz_AWS,19.1197,72.8468,0.1,0.1,1000.9,96,27.7,0.415
2024-07-02T10:00,Santacruz_AWS,19.1197,72.8468,0.1,0.1,1001.4,100,24.6,0.413
2024-07-02T11:00,Santacruz_AWS,19.1197,72.8468,0.0,0.0,1001.2,100,25.0,0.41
2024-07-02T12:00,Santacruz_AWS,19.1197,72.8468,0.2,0.2,1000.9,100,29.2,0.408
2024-07-02T13:00,Santacruz_AWS,19.1197,72.8468,0.0,0.0,1000.0,100,29.5,0.405
2024-07-02T14:00,Santacruz_AWS,19.1197,72.8468,0.0,0.0,999.4,100,27.7,0.403
2024-07-02T15:00,Santacruz_AWS,19.1197,72.8468,0.1,0.1,999.0,100,25.8,0.402
2024-07-02T16:00,Santacruz_AWS,19.1197,72.8468,0.4,0.4,998.7,100,27.5,0.403
2024-07-02T17:00,Santacruz_AWS,19.1197,72.8468,0.2,0.2,998.9,100,26.1,0.403
2024-07-02T18:00,Santacruz_AWS,19.1197,72.8468,0.0,0.0,999.3,100,25.0,0.412
2024-07-02T19:00,Santacruz_AWS,19.1197,72.8468,0.0,0.0,999.5,100,26.8,0.41
2024-07-02T20:00,Santacruz_AWS,19.1197,72.8468,0.0,0.0,999.9,100,25.0,0.409
2024-07-02T21:00,Santacruz_AWS,19.1197,72.8468,0.0,0.0,1001.1,100,24.3,0.408
2024-07-02T22:00,Santacruz_AWS,19.1197,72.8468,0.0,0.0,1001.4,100,23.0,0.406
2024-07-02T23:00,Santacruz_AWS,19.1197,72.8468,0.5,0.5,1001.4,100,23.9,0.409
2024-07-03T00:00,Santacruz_AWS,19.1197,72.8468,0.0,0.0,1000.6,100,25.8,0.408
2024-07-03T01:00,Santacruz_AWS,19.1197,72.8468,0.0,0.0,999.9,100,24.0,0.407
2024-07-03T02:00,Santacruz_AWS,19.1197,72.8468,0.1,0.1,999.7,100,24.1,0.407
2024-07-03T03:00,Santacruz_AWS,19.1197,72.8468,0.0,0.0,999.6,100,25.5,0.406
2024-07-03T04:00,Santacruz_AWS,19.1197,72.8468,0.0,0.0,999.7,97,26.7,0.405
2024-07-03T05:00,Santacruz_AWS,19.1197,72.8468,0.0,0.0,999.9,100,22.4,0.404
2024-07-03T06:00,Santacruz_AWS,19.1197,72.8468,0.6,0.6,1000.4,100,17.8,0.426
2024-07-03T07:00,Santacruz_AWS,19.1197,72.8468,0.3,0.3,1001.1,100,19.9,0.424
2024-07-03T08:00,Santacruz_AWS,19.1197,72.8468,0.0,0.0,1001.3,100,23.4,0.42
2024-07-03T09:00,Santacruz_AWS,19.1197,72.8468,0.6,0.6,1001.9,99,23.7,0.421
2024-07-03T10:00,Santacruz_AWS,19.1197,72.8468,0.1,0.1,1001.8,79,24.5,0.418
2024-07-03T11:00,Santacruz_AWS,19.1197,72.8468,0.5,0.5,1002.1,95,25.7,0.418
2024-07-03T12:00,Santacruz_AWS,19.1197,72.8468,0.0,0.0,1001.7,99,25.7,0.414
2024-07-03T13:00,Santacruz_AWS,19.1197,72.8468,0.2,0.2,1001.2,79,25.3,0.411
2024-07-03T14:00,Santacruz_AWS,19.1197,72.8468,0.6,0.6,1000.6,79,24.5,0.412
2024-07-03T15:00,Santacruz_AWS,19.1197,72.8468,0.2,0.2,1000.4,70,27.6,0.41
2024-07-03T16:00,Santacruz_AWS,19.1197,72.8468,0.1,0.1,1000.1,78,28.6,0.408
2024-07-03T17:00,Santacruz_AWS,19.1197,72.8468,0.1,0.1,999.9,83,28.4,0.406
2024-07-03T18:00,Santacruz_AWS,19.1197,72.8468,3.1,3.1,1000.7,94,21.8,0.432
2024-07-03T19:00,Santacruz_AWS,19.1197,72.8468,1.5,1.5,1001.2,100,20.2,0.429
2024-07-03T20:00,Santacruz_AWS,19.1197,72.8468,0.3,0.3,1001.9,90,24.0,0.427
2024-07-03T21:00,Santacruz_AWS,19.1197,72.8468,0.0,0.0,1002.5,100,22.7,0.423
2024-07-03T22:00,Santacruz_AWS,19.1197,72.8468,0.1,0.1,1002.9,100,21.4,0.421
2024-07-03T23:00,Santacruz_AWS,19.1197,72.8468,0.5,0.5,1002.9,100,22.9,0.423
2024-07-04T00:00,Santacruz_AWS,19.1197,72.8468,0.2,0.2,1002.3,97,23.5,0.421
2024-07-04T01:00,Santacruz_AWS,19.1197,72.8468,0.1,0.1,1001.7,100,23.9,0.419
2024-07-04T02:00,Santacruz_AWS,19.1197,72.8468,0.2,0.2,1001.2,100,24.3,0.418
2024-07-04T03:00,Santacruz_AWS,19.1197,72.8468,0.7,0.7,1001.4,100,20.8,0.421
2024-07-04T04:00,Santacruz_AWS,19.1197,72.8468,0.3,0.3,1001.4,100,21.7,0.42
2024-07-04T05:00,Santacruz_AWS,19.1197,72.8468,0.5,0.5,1002.0,100,20.3,0.422
2024-07-04T06:00,Santacruz_AWS,19.1197,72.8468,0.3,0.3,1001.8,100,21.5,0.42
2024-07-04T07:00,Santacruz_AWS,19.1197,72.8468,0.0,0.0,1002.1,100,21.0,0.417
2024-07-04T08:00,Santacruz_AWS,19.1197,72.8468,0.8,0.8,1002.9,97,17.5,0.421
2024-07-04T09:00,Santacruz_AWS,19.1197,72.8468,0.2,0.2,1003.4,100,17.2,0.418
2024-07-04T10:00,Santacruz_AWS,19.1197,72.8468,0.0,0.0,1003.6,100,20.2,0.414
2024-07-04T11:00,Santacruz_AWS,19.1197,72.8468,0.1,0.1,1003.9,100,19.4,0.411
2024-07-04T12:00,Santacruz_AWS,19.1197,72.8468,0.3,0.3,1003.5,98,15.0,0.411
2024-07-04T13:00,Santacruz_AWS,19.1197,72.8468,0.4,0.4,1003.0,94,18.1,0.412
2024-07-04T14:00,Santacruz_AWS,19.1197,72.8468,0.4,0.4,1002.7,99,18.7,0.412
2024-07-04T15:00,Santacruz_AWS,19.1197,72.8468,0.4,0.4,1002.1,100,18.2,0.412
2024-07-04T16:00,Santacruz_AWS,19.1197,72.8468,0.3,0.3,1001.8,100,20.0,0.412
2024-07-04T17:00,Santacruz_AWS,19.1197,72.8468,0.8,0.8,1001.7,100,22.2,0.415
2024-07-04T18:00,Santacruz_AWS,19.1197,72.8468,0.0,0.0,1001.1,98,16.8,0.403
2024-07-04T19:00,Santacruz_AWS,19.1197,72.8468,1.0,1.0,1001.7,99,16.6,0.413
2024-07-04T20:00,Santacruz_AWS,19.1197,72.8468,0.5,0.5,1001.7,100,18.3,0.415
2024-07-04T21:00,Santacruz_AWS,19.1197,72.8468,0.2,0.2,1002.5,100,19.5,0.414
2024-07-04T22:00,Santacruz_AWS,19.1197,72.8468,0.5,0.5,1002.9,100,17.6,0.416
2024-07-04T23:00,Santacruz_AWS,19.1197,72.8468,0.5,0.5,1002.7,100,18.4,0.418
2024-07-05T00:00,Santacruz_AWS,19.1197,72.8468,0.1,0.1,1001.8,100,20.1,0.416
2024-07-05T01:00,Santacruz_AWS,19.1197,72.8468,0.3,0.3,1000.9,100,18.8,0.415
2024-07-05T02:00,Santacruz_AWS,19.1197,72.8468,0.5,0.5,1000.7,100,21.2,0.418
2024-07-05T03:00,Santacruz_AWS,19.1197,72.8468,0.9,0.9,1000.6,100,16.3,0.424
2024-07-05T04:00,Santacruz_AWS,19.1197,72.8468,1.4,1.4,1000.8,100,18.9,0.432
2024-07-05T05:00,Santacruz_AWS,19.1197,72.8468,0.7,0.7,1001.2,100,19.6,0.431
2024-07-05T06:00,Santacruz_AWS,19.1197,72.8468,0.0,0.0,1000.5,100,22.1,0.41
2024-07-05T07:00,Santacruz_AWS,19.1197,72.8468,0.0,0.0,1000.9,99,23.0,0.408
2024-07-05T08:00,Santacruz_AWS,19.1197,72.8468,0.1,0.1,1001.5,99,22.5,0.406
2024-07-05T09:00,Santacruz_AWS,19.1197,72.8468,0.1,0.1,1001.9,100,22.1,0.405
2024-07-05T10:00,Santacruz_AWS,19.1197,72.8468,0.3,0.3,1002.0,100,22.1,0.404
2024-07-05T11:00,Santacruz_AWS,19.1197,72.8468,0.8,0.8,1001.8,100,15.8,0.409
2024-07-05T12:00,Santacruz_AWS,19.1197,72.8468,0.0,0.0,1001.2,100,20.1,0.405
2024-07-05T13:00,Santacruz_AWS,19.1197,72.8468,0.5,0.5,1000.6,100,18.1,0.406
2024-07-05T14:00,Santacruz_AWS,19.1197,72.8468,2.5,2.5,1000.1,100,16.4,0.429
2024-07-05T15:00,Santacruz_AWS,19.1197,72.8468,0.8,0.8,999.5,100,19.3,0.428
2024-07-05T16:00,Santacruz_AWS,19.1197,72.8468,0.8,0.8,999.1,100,19.2,0.427
2024-07-05T17:00,Santacruz_AWS,19.1197,72.8468,0.3,0.3,998.7,100,14.8,0.423
2024-07-05T18:00,Santacruz_AWS,19.1197,72.8468,0.1,0.1,999.1,99,19.6,0.416
2024-07-05T19:00,Santacruz_AWS,19.1197,72.8468,0.2,0.2,999.1,98,18.3,0.415
2024-07-05T20:00,Santacruz_AWS,19.1197,72.8468,0.8,0.8,999.6,100,20.4,0.42
2024-07-05T21:00,Santacruz_AWS,19.1197,72.8468,0.7,0.7,1000.2,100,20.0,0.425
2024-07-05T22:00,Santacruz_AWS,19.1197,72.8468,0.2,0.2,1000.6,100,21.7,0.423
2024-07-05T23:00,Santacruz_AWS,19.1197,72.8468,0.1,0.1,1000.3,100,20.2,0.421
2024-07-06T00:00,Santacruz_AWS,19.1197,72.8468,1.1,1.1,999.9,100,20.7,0.43
2024-07-06T01:00,Santacruz_AWS,19.1197,72.8468,0.7,0.7,999.4,100,21.5,0.43
2024-07-06T02:00,Santacruz_AWS,19.1197,72.8468,0.6,0.6,998.9,100,19.4,0.431
2024-07-06T03:00,Santacruz_AWS,19.1197,72.8468,0.8,0.8,998.5,100,23.7,0.431
2024-07-06T04:00,Santacruz_AWS,19.1197,72.8468,2.6,2.6,998.8,100,21.5,0.439
2024-07-06T05:00,Santacruz_AWS,19.1197,72.8468,2.2,2.2,998.7,100,20.8,0.432
2024-07-06T06:00,Santacruz_AWS,19.1197,72.8468,0.3,0.3,999.0,94,24.2,0.424
2024-07-06T07:00,Santacruz_AWS,19.1197,72.8468,0.2,0.2,999.7,97,22.8,0.423
2024-07-06T08:00,Santacruz_AWS,19.1197,72.8468,1.6,1.6,999.9,99,22.4,0.437
2024-07-06T09:00,Santacruz_AWS,19.1197,72.8468,0.7,0.7,1000.5,100,22.6,0.433
2024-07-06T10:00,Santacruz_AWS,19.1197,72.8468,0.7,0.7,1000.8,100,20.7,0.433
2024-07-06T11:00,Santacruz_AWS,19.1197,72.8468,0.4,0.4,1000.6,100,22.5,0.429
2024-07-06T12:00,Santacruz_AWS,19.1197,72.8468,0.0,0.0,1000.6,100,26.7,0.424
2024-07-06T13:00,Santacruz_AWS,19.1197,72.8468,0.1,0.1,1000.0,100,24.4,0.421
2024-07-06T14:00,Santacruz_AWS,19.1197,72.8468,0.0,0.0,999.3,100,25.3,0.417
2024-07-06T15:00,Santacruz_AWS,19.1197,72.8468,0.1,0.1,998.7,100,24.5,0.415
2024-07-06T16:00,Santacruz_AWS,19.1197,72.8468,0.0,0.0,998.5,100,26.6,0.412
2024-07-06T17:00,Santacruz_AWS,19.1197,72.8468,0.4,0.4,998.4,100,25.3,0.413
2024-07-06T18:00,Santacruz_AWS,19.1197,72.8468,0.1,0.1,998.6,100,19.5,0.42
2024-07-06T19:00,Santacruz_AWS,19.1197,72.8468,0.2,0.2,999.1,100,19.0,0.419
2024-07-06T20:00,Santacruz_AWS,19.1197,72.8468,0.5,0.5,999.7,100,16.6,0.42
2024-07-06T21:00,Santacruz_AWS,19.1197,72.8468,0.3,0.3,1000.5,100,16.0,0.42
2024-07-06T22:00,Santacruz_AWS,19.1197,72.8468,3.2,3.2,1001.1,100,15.0,0.433
2024-07-06T23:00,Santacruz_AWS,19.1197,72.8468,0.8,0.8,1001.1,100,15.8,0.433
2024-07-07T00:00,Santacruz_AWS,19.1197,72.8468,0.2,0.2,1000.8,100,14.5,0.429
2024-07-07T01:00,Santacruz_AWS,19.1197,72.8468,0.8,0.8,1000.3,100,11.3,0.432
2024-07-07T02:00,Santacruz_AWS,19.1197,72.8468,0.6,0.6,999.9,100,13.5,0.433
2024-07-07T03:00,Santacruz_AWS,19.1197,72.8468,0.6,0.6,999.7,100,10.8,0.432
2024-07-07T04:00,Santacruz_AWS,19.1197,72.8468,0.2,0.2,999.5,100,14.2,0.429
2024-07-07T05:00,Santacruz_AWS,19.1197,72.8468,0.3,0.3,999.9,100,14.0,0.428
2024-07-07T06:00,Santacruz_AWS,19.1197,72.8468,0.4,0.4,1000.0,100,18.6,0.417
2024-07-07T07:00,Santacruz_AWS,19.1197,72.8468,0.3,0.3,1000.5,100,19.3,0.417
2024-07-07T08:00,Santacruz_AWS,19.1197,72.8468,0.9,0.9,1001.1,100,20.8,0.425
2024-07-07T09:00,Santacruz_AWS,19.1197,72.8468,0.2,0.2,1001.3,100,20.9,0.422
2024-07-07T10:00,Santacruz_AWS,19.1197,72.8468,1.1,1.1,1001.8,100,18.5,0.427
2024-07-07T11:00,Santacruz_AWS,19.1197,72.8468,0.3,0.3,1001.6,100,19.0,0.424
2024-07-07T12:00,Santacruz_AWS,19.1197,72.8468,0.2,0.2,1001.1,100,16.9,0.421
2024-07-07T13:00,Santacruz_AWS,19.1197,72.8468,0.6,0.6,1000.7,100,18.8,0.422
2024-07-07T14:00,Santacruz_AWS,19.1197,72.8468,0.8,0.8,1000.0,100,18.3,0.424
2024-07-07T15:00,Santacruz_AWS,19.1197,72.8468,0.5,0.5,999.7,100,15.1,0.423
2024-07-07T16:00,Santacruz_AWS,19.1197,72.8468,0.3,0.3,999.3,100,17.9,0.422
2024-07-07T17:00,Santacruz_AWS,19.1197,72.8468,0.8,0.8,999.5,100,16.3,0.425
2024-07-07T18:00,Santacruz_AWS,19.1197,72.8468,0.0,0.0,999.6,100,13.0,0.426
2024-07-07T19:00,Santacruz_AWS,19.1197,72.8468,0.4,0.4,1000.7,100,13.6,0.426
2024-07-07T20:00,Santacruz_AWS,19.1197,72.8468,0.9,0.9,1001.5,100,11.2,0.431
2024-07-07T21:00,Santacruz_AWS,19.1197,72.8468,0.9,0.9,1002.0,100,13.1,0.435
2024-07-07T22:00,Santacruz_AWS,19.1197,72.8468,0.4,0.4,1002.6,100,13.7,0.431
2024-07-07T23:00,Santacruz_AWS,19.1197,72.8468,0.1,0.1,1002.5,100,14.4,0.427
2024-07-08T00:00,Santacruz_AWS,19.1197,72.8468,0.2,0.2,1002.1,100,12.8,0.425
2024-07-08T01:00,Santacruz_AWS,19.1197,72.8468,0.5,0.5,1001.5,100,14.4,0.428
2024-07-08T02:00,Santacruz_AWS,19.1197,72.8468,0.2,0.2,1000.5,100,14.9,0.426
2024-07-08T03:00,Santacruz_AWS,19.1197,72.8468,0.6,0.6,1000.5,100,12.0,0.43
2024-07-08T04:00,Santacruz_AWS,19.1197,72.8468,0.2,0.2,1000.2,100,17.2,0.427
2024-07-08T05:00,Santacruz_AWS,19.1197,72.8468,0.2,0.2,1000.6,100,13.3,0.425
2024-07-08T06:00,Santacruz_AWS,19.1197,72.8468,0.2,0.2,1000.4,100,9.6,0.431
2024-07-08T07:00,Santacruz_AWS,19.1197,72.8468,0.4,0.4,1000.8,100,9.3,0.429
2024-07-08T08:00,Santacruz_AWS,19.1197,72.8468,0.1,0.1,1001.2,100,9.6,0.426
2024-07-08T09:00,Santacruz_AWS,19.1197,72.8468,0.3,0.3,1001.6,100,7.9,0.425
2024-07-08T10:00,Santacruz_AWS,19.1197,72.8468,0.5,0.5,1001.8,100,6.4,0.426
2024-07-08T11:00,Santacruz_AWS,19.1197,72.8468,0.4,0.4,1001.7,100,8.9,0.425
2024-07-08T12:00,Santacruz_AWS,19.1197,72.8468,0.1,0.1,1001.3,100,10.7,0.422
2024-07-08T13:00,Santacruz_AWS,19.1197,72.8468,3.2,3.2,1000.8,100,11.0,0.439
2024-07-08T14:00,Santacruz_AWS,19.1197,72.8468,0.3,0.3,1000.0,100,12.1,0.428
2024-07-08T15:00,Santacruz_AWS,19.1197,72.8468,0.0,0.0,999.7,100,12.2,0.424
2024-07-08T16:00,Santacruz_AWS,19.1197,72.8468,0.0,0.0,999.3,100,12.6,0.42
2024-07-08T17:00,Santacruz_AWS,19.1197,72.8468,0.3,0.3,999.5,100,13.1,0.419
2024-07-08T18:00,Santacruz_AWS,19.1197,72.8468,2.5,2.5,999.8,100,4.0,0.435
2024-07-08T19:00,Santacruz_AWS,19.1197,72.8468,1.3,1.3,1000.5,100,6.7,0.438
2024-07-08T20:00,Santacruz_AWS,19.1197,72.8468,0.9,0.9,1001.0,100,5.1,0.436
2024-07-08T21:00,Santacruz_AWS,19.1197,72.8468,1.8,1.8,1001.7,100,6.1,0.437
2024-07-08T22:00,Santacruz_AWS,19.1197,72.8468,3.2,3.2,1001.7,100,6.3,0.436
2024-07-08T23:00,Santacruz_AWS,19.1197,72.8468,3.3,3.3,1001.8,100,5.2,0.434
2024-07-09T00:00,Santacruz_AWS,19.1197,72.8468,1.9,1.9,1001.6,100,6.6,0.439
2024-07-09T01:00,Santacruz_AWS,19.1197,72.8468,1.5,1.5,1001.0,100,9.6,0.438
2024-07-09T02:00,Santacruz_AWS,19.1197,72.8468,2.2,2.2,1000.6,100,8.8,0.438
2024-07-09T03:00,Santacruz_AWS,19.1197,72.8468,4.0,4.0,1000.5,100,5.8,0.439
2024-07-09T04:00,Santacruz_AWS,19.1197,72.8468,2.8,2.8,1000.4,100,3.3,0.437
2024-07-09T05:00,Santacruz_AWS,19.1197,72.8468,1.1,1.1,1000.9,100,5.8,0.438
2024-07-09T06:00,Santacruz_AWS,19.1197,72.8468,1.0,1.0,1001.3,100,5.9,0.439
2024-07-09T07:00,Santacruz_AWS,19.1197,72.8468,2.5,2.5,1001.6,100,5.9,0.439
2024-07-09T08:00,Santacruz_AWS,19.1197,72.8468,3.4,3.4,1002.1,100,6.0,0.436
2024-07-09T09:00,Santacruz_AWS,19.1197,72.8468,2.9,2.9,1002.5,100,5.8,0.437
2024-07-09T10:00,Santacruz_AWS,19.1197,72.8468,3.0,3.0,1002.7,100,6.0,0.439
2024-07-09T11:00,Santacruz_AWS,19.1197,72.8468,8.1,8.1,1002.5,100,8.7,0.439
2024-07-09T12:00,Santacruz_AWS,19.1197,72.8468,16.9,16.9,1002.2,100,13.6,0.439
2024-07-09T13:00,Santacruz_AWS,19.1197,72.8468,13.6,13.6,1001.7,100,12.8,0.439
2024-07-09T14:00,Santacruz_AWS,19.1197,72.8468,4.2,4.2,1001.1,100,14.3,0.435
2024-07-09T15:00,Santacruz_AWS,19.1197,72.8468,2.1,2.1,1000.3,100,13.7,0.431
2024-07-09T16:00,Santacruz_AWS,19.1197,72.8468,0.9,0.9,1000.0,100,13.8,0.433
2024-07-09T17:00,Santacruz_AWS,19.1197,72.8468,0.2,0.2,1000.4,100,13.2,0.428
2024-07-09T18:00,Santacruz_AWS,19.1197,72.8468,2.9,2.9,1001.4,100,22.1,0.439
2024-07-09T19:00,Santacruz_AWS,19.1197,72.8468,4.1,4.1,1001.9,100,20.4,0.433
2024-07-09T20:00,Santacruz_AWS,19.1197,72.8468,0.2,0.2,1002.8,100,18.2,0.428
2024-07-09T21:00,Santacruz_AWS,19.1197,72.8468,0.1,0.1,1003.5,100,17.6,0.425
2024-07-09T22:00,Santacruz_AWS,19.1197,72.8468,0.4,0.4,1003.9,100,16.4,0.426
2024-07-09T23:00,Santacruz_AWS,19.1197,72.8468,0.2,0.2,1004.3,100,14.0,0.424
2024-07-10T00:00,Santacruz_AWS,19.1197,72.8468,0.5,0.5,1004.2,99,13.2,0.427
2024-07-10T01:00,Santacruz_AWS,19.1197,72.8468,0.2,0.2,1003.7,92,9.0,0.425
2024-07-10T02:00,Santacruz_AWS,19.1197,72.8468,0.4,0.4,1003.0,100,11.5,0.426
2024-07-10T03:00,Santacruz_AWS,19.1197,72.8468,0.1,0.1,1002.5,100,15.5,0.424
2024-07-10T04:00,Santacruz_AWS,19.1197,72.8468,0.1,0.1,1002.5,100,14.5,0.422
2024-07-10T05:00,Santacruz_AWS,19.1197,72.8468,0.4,0.4,1003.0,100,12.8,0.424
2024-07-10T06:00,Santacruz_AWS,19.1197,72.8468,2.1,2.1,1003.9,100,14.0,0.436
2024-07-10T07:00,Santacruz_AWS,19.1197,72.8468,0.4,0.4,1004.5,98,17.2,0.431
2024-07-10T08:00,Santacruz_AWS,19.1197,72.8468,2.7,2.7,1005.1,100,17.6,0.439
2024-07-10T09:00,Santacruz_AWS,19.1197,72.8468,1.0,1.0,1005.6,90,18.9,0.436
2024-07-10T10:00,Santacruz_AWS,19.1197,72.8468,2.9,2.9,1006.1,80,16.9,0.436
2024-07-10T11:00,Santacruz_AWS,19.1197,72.8468,0.3,0.3,1005.8,72,18.5,0.43
2024-07-10T12:00,Santacruz_AWS,19.1197,72.8468,0.1,0.1,1005.3,65,18.8,0.425
2024-07-10T13:00,Santacruz_AWS,19.1197,72.8468,0.1,0.1,1004.8,100,19.0,0.42
2024-07-10T14:00,Santacruz_AWS,19.1197,72.8468,0.2,0.2,1003.8,92,20.6,0.417
2024-07-10T15:00,Santacruz_AWS,19.1197,72.8468,0.1,0.1,1003.0,98,21.3,0.415
2024-07-10T16:00,Santacruz_AWS,19.1197,72.8468,0.0,0.0,1003.1,96,18.3,0.412
2024-07-10T17:00,Santacruz_AWS,19.1197,72.8468,0.0,0.0,1003.3,99,19.1,0.41
2024-07-10T18:00,Santacruz_AWS,19.1197,72.8468,0.3,0.3,1003.8,100,16.0,0.408
2024-07-10T19:00,Santacruz_AWS,19.1197,72.8468,0.5,0.5,1004.7,100,15.6,0.41
2024-07-10T20:00,Santacruz_AWS,19.1197,72.8468,7.3,7.3,1005.8,99,9.7,0.439
2024-07-10T21:00,Santacruz_AWS,19.1197,72.8468,14.1,14.1,1006.5,100,6.4,0.439
2024-07-10T22:00,Santacruz_AWS,19.1197,72.8468,2.0,2.0,1006.5,100,8.5,0.43
2024-07-10T23:00,Santacruz_AWS,19.1197,72.8468,0.2,0.2,1006.1,100,13.7,0.427
2024-07-11T00:00,Santacruz_AWS,19.1197,72.8468,0.3,0.3,1005.8,100,11.5,0.427
2024-07-11T01:00,Santacruz_AWS,19.1197,72.8468,0.5,0.5,1004.7,100,12.0,0.428
2024-07-11T02:00,Santacruz_AWS,19.1197,72.8468,0.9,0.9,1004.4,100,16.3,0.435
2024-07-11T03:00,Santacruz_AWS,19.1197,72.8468,0.4,0.4,1004.2,95,16.4,0.432
2024-07-11T04:00,Santacruz_AWS,19.1197,72.8468,0.1,0.1,1003.9,99,14.0,0.428
2024-07-11T05:00,Santacruz_AWS,19.1197,72.8468,3.8,3.8,1004.2,100,11.2,0.436
2024-07-11T06:00,Santacruz_AWS,19.1197,72.8468,5.0,5.0,1004.7,100,11.8,0.438
2024-07-11T07:00,Santacruz_AWS,19.1197,72.8468,2.3,2.3,1005.1,100,11.6,0.436
2024-07-11T08:00,Santacruz_AWS,19.1197,72.8468,0.7,0.7,1005.5,100,14.8,0.434
2024-07-11T09:00,Santacruz_AWS,19.1197,72.8468,3.4,3.4,1005.7,99,19.4,0.439
2024-07-11T10:00,Santacruz_AWS,19.1197,72.8468,3.4,3.4,1005.8,95,16.6,0.432
2024-07-11T11:00,Santacruz_AWS,19.1197,72.8468,0.4,0.4,1005.5,98,15.9,0.429
2024-07-11T12:00,Santacruz_AWS,19.1197,72.8468,0.3,0.3,1004.4,100,17.3,0.425
2024-07-11T13:00,Santacruz_AWS,19.1197,72.8468,1.7,1.7,1004.0,100,20.5,0.434
2024-07-11T14:00,Santacruz_AWS,19.1197,72.8468,1.4,1.4,1003.4,100,21.0,0.439
2024-07-11T15:00,Santacruz_AWS,19.1197,72.8468,6.2,6.2,1002.5,100,18.5,0.431
2024-07-11T16:00,Santacruz_AWS,19.1197,72.8468,0.3,0.3,1002.1,100,16.6,0.427
2024-07-11T17:00,Santacruz_AWS,19.1197,72.8468,2.9,2.9,1002.3,100,18.4,0.432
2024-07-11T18:00,Santacruz_AWS,19.1197,72.8468,1.8,1.8,1002.4,100,21.6,0.435
2024-07-11T19:00,Santacruz_AWS,19.1197,72.8468,1.4,1.4,1002.9,100,17.6,0.433
2024-07-11T20:00,Santacruz_AWS,19.1197,72.8468,0.7,0.7,1003.3,100,13.4,0.432
2024-07-11T21:00,Santacruz_AWS,19.1197,72.8468,0.3,0.3,1003.7,100,11.3,0.429
2024-07-11T22:00,Santacruz_AWS,19.1197,72.8468,0.5,0.5,1003.7,100,11.4,0.429
2024-07-11T23:00,Santacruz_AWS,19.1197,72.8468,0.4,0.4,1003.7,100,12.1,0.43
2024-07-12T00:00,Santacruz_AWS,19.1197,72.8468,0.1,0.1,1002.8,100,12.8,0.426
2024-07-12T01:00,Santacruz_AWS,19.1197,72.8468,0.2,0.2,1002.3,100,13.1,0.424
2024-07-12T02:00,Santacruz_AWS,19.1197,72.8468,0.5,0.5,1001.6,100,15.3,0.426
2024-07-12T03:00,Santacruz_AWS,19.1197,72.8468,0.4,0.4,1001.5,100,14.3,0.427
2024-07-12T04:00,Santacruz_AWS,19.1197,72.8468,0.4,0.4,1001.3,100,13.2,0.427
2024-07-12T05:00,Santacruz_AWS,19.1197,72.8468,0.8,0.8,1001.8,100,12.3,0.432
2024-07-12T06:00,Santacruz_AWS,19.1197,72.8468,1.1,1.1,1002.2,100,14.0,0.439
2024-07-12T07:00,Santacruz_AWS,19.1197,72.8468,2.0,2.0,1002.5,100,15.3,0.439
2024-07-12T08:00,Santacruz_AWS,19.1197,72.8468,2.4,2.4,1003.0,100,14.8,0.43
2024-07-12T09:00,Santacruz_AWS,19.1197,72.8468,3.7,3.7,1003.7,100,14.6,0.439
2024-07-12T10:00,Santacruz_AWS,19.1197,72.8468,9.2,9.2,1003.7,100,8.5,0.439
2024-07-12T11:00,Santacruz_AWS,19.1197,72.8468,5.2,5.2,1003.6,100,13.5,0.435
2024-07-12T12:00,Santacruz_AWS,19.1197,72.8468,2.7,2.7,1002.9,100,19.3,0.432
2024-07-12T13:00,Santacruz_AWS,19.1197,72.8468,8.0,8.0,1002.1,100,20.1,0.439
2024-07-12T14:00,Santacruz_AWS,19.1197,72.8468,3.4,3.4,1001.6,100,16.7,0.439
2024-07-12T15:00,Santacruz_AWS,19.1197,72.8468,9.1,9.1,1001.3,100,13.4,0.434
2024-07-12T16:00,Santacruz_AWS,19.1197,72.8468,2.9,2.9,1000.7,100,18.1,0.439
2024-07-12T17:00,Santacruz_AWS,19.1197,72.8468,1.7,1.7,1000.7,100,18.8,0.435
2024-07-12T18:00,Santacruz_AWS,19.1197,72.8468,2.9,2.9,1001.5,100,17.8,0.439
2024-07-12T19:00,Santacruz_AWS,19.1197,72.8468,5.3,5.3,1001.8,100,16.1,0.439
2024-07-12T20:00,Santacruz_AWS,19.1197,72.8468,2.1,2.1,1002.5,100,18.7,0.435
2024-07-12T21:00,Santacruz_AWS,19.1197,72.8468,4.6,4.6,1002.8,100,18.7,0.435
2024-07-12T22:00,Santacruz_AWS,19.1197,72.8468,8.7,8.7,1003.1,100,19.2,0.435
2024-07-12T23:00,Santacruz_AWS,19.1197,72.8468,5.9,5.9,1002.7,100,21.0,0.432
2024-07-13T00:00,Santacruz_AWS,19.1197,72.8468,3.0,3.0,1002.4,100,16.8,0.435
2024-07-13T01:00,Santacruz_AWS,19.1197,72.8468,2.2,2.2,1001.7,100,20.0,0.433
2024-07-13T02:00,Santacruz_AWS,19.1197,72.8468,3.1,3.1,1001.1,100,19.0,0.434
2024-07-13T03:00,Santacruz_AWS,19.1197,72.8468,2.2,2.2,1000.8,100,19.1,0.429
2024-07-13T04:00,Santacruz_AWS,19.1197,72.8468,1.6,1.6,1001.0,100,19.5,0.435
2024-07-13T05:00,Santacruz_AWS,19.1197,72.8468,0.5,0.5,1001.0,100,19.5,0.432
2024-07-13T06:00,Santacruz_AWS,19.1197,72.8468,1.8,1.8,1001.6,100,14.8,0.436
2024-07-13T07:00,Santacruz_AWS,19.1197,72.8468,2.5,2.5,1002.0,100,15.9,0.437
2024-07-13T08:00,Santacruz_AWS,19.1197,72.8468,5.7,5.7,1002.7,100,17.4,0.439
2024-07-13T09:00,Santacruz_AWS,19.1197,72.8468,4.1,4.1,1003.0,100,19.7,0.439
2024-07-13T10:00,Santacruz_AWS,19.1197,72.8468,4.4,4.4,1003.3,100,18.3,0.439
2024-07-13T11:00,Santacruz_AWS,19.1197,72.8468,3.5,3.5,1003.1,100,20.5,0.439
2024-07-13T12:00,Santacruz_AWS,19.1197,72.8468,3.2,3.2,1002.9,100,22.9,0.439
2024-07-13T13:00,Santacruz_AWS,19.1197,72.8468,2.3,2.3,1001.9,100,24.0,0.438
2024-07-13T14:00,Santacruz_AWS,19.1197,72.8468,1.9,1.9,1001.4,99,19.5,0.438
2024-07-13T15:00,Santacruz_AWS,19.1197,72.8468,2.3,2.3,1001.2,100,22.7,0.432
2024-07-13T16:00,Santacruz_AWS,19.1197,72.8468,1.2,1.2,1000.4,100,23.1,0.436
2024-07-13T17:00,Santacruz_AWS,19.1197,72.8468,2.2,2.2,1000.4,98,16.9,0.43
2024-07-13T18:00,Santacruz_AWS,19.1197,72.8468,6.3,6.3,999.7,100,27.6,0.439
2024-07-13T19:00,Santacruz_AWS,19.1197,72.8468,5.2,5.2,1000.5,100,21.7,0.435
2024-07-13T20:00,Santacruz_AWS,19.1197,72.8468,5.9,5.9,1001.4,100,20.5,0.439
2024-07-13T21:00,Santacruz_AWS,19.1197,72.8468,4.4,4.4,1002.1,100,15.8,0.433
2024-07-13T22:00,Santacruz_AWS,19.1197,72.8468,3.5,3.5,1002.6,100,18.3,0.436
2024-07-13T23:00,Santacruz_AWS,19.1197,72.8468,3.7,3.7,1002.5,100,19.7,0.437
2024-07-14T00:00,Santacruz_AWS,19.1197,72.8468,2.8,2.8,1002.0,100,16.3,0.437
2024-07-14T01:00,Santacruz_AWS,19.1197,72.8468,2.9,2.9,1000.9,100,16.0,0.438
2024-07-14T02:00,Santacruz_AWS,19.1197,72.8468,2.0,2.0,1000.4,100,16.7,0.439
2024-07-14T03:00,Santacruz_AWS,19.1197,72.8468,1.9,1.9,1000.3,100,18.4,0.435
2024-07-14T04:00,Santacruz_AWS,19.1197,72.8468,1.1,1.1,1000.2,100,13.0,0.438
2024-07-14T05:00,Santacruz_AWS,19.1197,72.8468,2.2,2.2,1000.4,100,13.3,0.435
2024-07-14T06:00,Santacruz_AWS,19.1197,72.8468,7.0,7.0,1000.2,100,24.5,0.435
2024-07-14T07:00,Santacruz_AWS,19.1197,72.8468,3.7,3.7,1000.5,100,18.5,0.439
2024-07-14T08:00,Santacruz_AWS,19.1197,72.8468,3.4,3.4,1001.1,100,16.3,0.435
2024-07-14T09:00,Santacruz_AWS,19.1197,72.8468,3.7,3.7,1001.5,100,11.0,0.434
2024-07-14T10:00,Santacruz_AWS,19.1197,72.8468,2.8,2.8,1001.5,100,6.9,0.437
2024-07-14T11:00,Santacruz_AWS,19.1197,72.8468,2.7,2.7,1001.0,100,7.8,0.436
2024-07-14T12:00,Santacruz_AWS,19.1197,72.8468,3.0,3.0,1000.9,100,3.7,0.431
2024-07-14T13:00,Santacruz_AWS,19.1197,72.8468,1.6,1.6,999.9,100,9.0,0.434
2024-07-14T14:00,Santacruz_AWS,19.1197,72.8468,1.8,1.8,999.3,100,10.2,0.439
2024-07-14T15:00,Santacruz_AWS,19.1197,72.8468,0.9,0.9,999.0,100,16.9,0.426
2024-07-14T16:00,Santacruz_AWS,19.1197,72.8468,0.3,0.3,998.8,100,15.7,0.424
2024-07-14T17:00,Santacruz_AWS,19.1197,72.8468,0.7,0.7,998.7,100,12.3,0.427
2024-07-14T18:00,Santacruz_AWS,19.1197,72.8468,1.4,1.4,997.9,100,8.8,0.438
2024-07-14T19:00,Santacruz_AWS,19.1197,72.8468,1.3,1.3,998.3,100,6.8,0.427
2024-07-14T20:00,Santacruz_AWS,19.1197,72.8468,0.9,0.9,998.8,100,7.0,0.432
2024-07-14T21:00,Santacruz_AWS,19.1197,72.8468,0.5,0.5,999.6,100,7.1,0.432
2024-07-14T22:00,Santacruz_AWS,19.1197,72.8468,1.2,1.2,1000.5,100,19.2,0.438
2024-07-14T23:00,Santacruz_AWS,19.1197,72.8468,0.7,0.7,1000.8,100,14.4,0.434
2024-07-15T00:00,Santacruz_AWS,19.1197,72.8468,0.3,0.3,1000.4,100,10.5,0.43
2024-07-15T01:00,Santacruz_AWS,19.1197,72.8468,0.7,0.7,1000.0,100,12.6,0.433
2024-07-15T02:00,Santacruz_AWS,19.1197,72.8468,0.5,0.5,999.1,100,10.0,0.432
2024-07-15T03:00,Santacruz_AWS,19.1197,72.8468,1.4,1.4,998.8,100,13.0,0.435
2024-07-15T04:00,Santacruz_AWS,19.1197,72.8468,1.3,1.3,998.7,100,10.3,0.427
2024-07-15T05:00,Santacruz_AWS,19.1197,72.8468,0.9,0.9,998.8,100,14.8,0.433
2024-07-15T06:00,Santacruz_AWS,19.1197,72.8468,0.3,0.3,999.6,100,5.6,0.427
2024-07-15T07:00,Santacruz_AWS,19.1197,72.8468,0.3,0.3,1000.1,100,4.3,0.427
2024-07-15T08:00,Santacruz_AWS,19.1197,72.8468,0.4,0.4,1000.5,100,8.0,0.427
2024-07-15T09:00,Santacruz_AWS,19.1197,72.8468,0.2,0.2,1000.6,100,7.6,0.425
2024-07-15T10:00,Santacruz_AWS,19.1197,72.8468,0.1,0.1,1000.6,100,7.5,0.422
2024-07-15T11:00,Santacruz_AWS,19.1197,72.8468,0.0,0.0,1000.6,100,8.5,0.419
2024-07-15T12:00,Santacruz_AWS,19.1197,72.8468,0.0,0.0,1000.1,100,12.6,0.415
2024-07-15T13:00,Santacruz_AWS,19.1197,72.8468,0.0,0.0,999.3,100,13.5,0.412
2024-07-15T14:00,Santacruz_AWS,19.1197,72.8468,0.0,0.0,998.6,100,13.3,0.409
2024-07-15T15:00,Santacruz_AWS,19.1197,72.8468,0.0,0.0,998.2,100,12.8,0.406
2024-07-15T16:00,Santacruz_AWS,19.1197,72.8468,0.0,0.0,997.8,100,13.9,0.404
2024-07-15T17:00,Santacruz_AWS,19.1197,72.8468,0.1,0.1,998.1,100,13.5,0.403
2024-07-15T18:00,Santacruz_AWS,19.1197,72.8468,0.8,0.8,998.3,100,5.4,0.419
2024-07-15T19:00,Santacruz_AWS,19.1197,72.8468,0.4,0.4,998.6,100,3.1,0.421
2024-07-15T20:00,Santacruz_AWS,19.1197,72.8468,0.4,0.4,999.5,100,4.3,0.424
2024-07-15T21:00,Santacruz_AWS,19.1197,72.8468,1.2,1.2,1000.0,100,4.4,0.434
2024-07-15T22:00,Santacruz_AWS,19.1197,72.8468,0.6,0.6,1000.0,100,9.0,0.433
2024-07-15T23:00,Santacruz_AWS,19.1197,72.8468,0.3,0.3,1000.2,100,10.5,0.43
2024-07-16T00:00,Santacruz_AWS,19.1197,72.8468,0.2,0.2,999.4,100,10.5,0.428
2024-07-16T01:00,Santacruz_AWS,19.1197,72.8468,0.2,0.2,999.0,100,12.1,0.427
2024-07-16T02:00,Santacruz_AWS,19.1197,72.8468,0.2,0.2,998.2,100,14.0,0.425
2024-07-16T03:00,Santacruz_AWS,19.1197,72.8468,0.2,0.2,998.3,100,12.0,0.424
2024-07-16T04:00,Santacruz_AWS,19.1197,72.8468,0.1,0.1,998.1,100,11.5,0.422
2024-07-16T05:00,Santacruz_AWS,19.1197,72.8468,0.9,0.9,998.4,99,10.7,0.43
2024-07-16T06:00,Santacruz_AWS,19.1197,72.8468,1.7,1.7,998.8,100,3.8,0.436
2024-07-16T07:00,Santacruz_AWS,19.1197,72.8468,2.2,2.2,999.3,100,12.2,0.432
2024-07-16T08:00,Santacruz_AWS,19.1197,72.8468,3.1,3.1,999.6,100,12.4,0.437
2024-07-16T09:00,Santacruz_AWS,19.1197,72.8468,2.2,2.2,999.9,100,12.3,0.431
2024-07-16T10:00,Santacruz_AWS,19.1197,72.8468,1.3,1.3,1000.0,100,14.3,0.437
2024-07-16T11:00,Santacruz_AWS,19.1197,72.8468,0.8,0.8,999.5,100,16.3,0.434
2024-07-16T12:00,Santacruz_AWS,19.1197,72.8468,0.1,0.1,998.9,99,14.9,0.428
2024-07-16T13:00,Santacruz_AWS,19.1197,72.8468,0.0,0.0,997.7,84,16.3,0.422
2024-07-16T14:00,Santacruz_AWS,19.1197,72.8468,0.0,0.0,997.0,66,19.2,0.417
2024-07-16T15:00,Santacruz_AWS,19.1197,72.8468,0.0,0.0,996.5,100,19.2,0.414
2024-07-16T16:00,Santacruz_AWS,19.1197,72.8468,0.0,0.0,996.4,100,20.0,0.411
2024-07-16T17:00,Santacruz_AWS,19.1197,72.8468,0.0,0.0,996.6,100,16.6,0.409
2024-07-16T18:00,Santacruz_AWS,19.1197,72.8468,2.3,2.3,998.5,100,17.4,0.436
2024-07-16T19:00,Santacruz_AWS,19.1197,72.8468,1.2,1.2,999.0,100,16.6,0.436
2024-07-16T20:00,Santacruz_AWS,19.1197,72.8468,0.3,0.3,999.1,100,16.9,0.432
2024-07-16T21:00,Santacruz_AWS,19.1197,72.8468,0.4,0.4,999.6,100,17.7,0.431
2024-07-16T22:00,Santacruz_AWS,19.1197,72.8468,0.1,0.1,1000.0,100,17.1,0.427
2024-07-16T23:00,Santacruz_AWS,19.1197,72.8468,0.1,0.1,999.8,100,17.9,0.425
2024-07-17T00:00,Santacruz_AWS,19.1197,72.8468,0.2,0.2,999.4,100,17.1,0.423
2024-07-17T01:00,Santacruz_AWS,19.1197,72.8468,0.5,0.5,998.9,100,19.5,0.424
2024-07-17T02:00,Santacruz_AWS,19.1197,72.8468,0.9,0.9,998.6,100,16.0,0.431
2024-07-17T03:00,Santacruz_AWS,19.1197,72.8468,0.1,0.1,998.2,100,18.9,0.428
2024-07-17T04:00,Santacruz_AWS,19.1197,72.8468,0.2,0.2,998.2,99,17.6,0.426
2024-07-17T05:00,Santacruz_AWS,19.1197,72.8468,0.3,0.3,998.8,100,17.3,0.426
2024-07-17T06:00,Santacruz_AWS,19.1197,72.8468,0.2,0.2,999.6,100,15.3,0.408
2024-07-17T07:00,Santacruz_AWS,19.1197,72.8468,0.2,0.2,1000.5,100,15.5,0.409
2024-07-17T08:00,Santacruz_AWS,19.1197,72.8468,0.2,0.2,1000.9,100,12.9,0.409
2024-07-17T09:00,Santacruz_AWS,19.1197,72.8468,1.1,1.1,1001.4,100,12.2,0.42
2024-07-17T10:00,Santacruz_AWS,19.1197,72.8468,6.7,6.7,1001.6,100,20.5,0.439
2024-07-17T11:00,Santacruz_AWS,19.1197,72.8468,0.7,0.7,1001.5,100,18.4,0.432
2024-07-17T12:00,Santacruz_AWS,19.1197,72.8468,3.3,3.3,1001.3,100,19.0,0.433
2024-07-17T13:00,Santacruz_AWS,19.1197,72.8468,2.7,2.7,1000.9,100,22.2,0.439
2024-07-17T14:00,Santacruz_AWS,19.1197,72.8468,4.3,4.3,1000.2,100,23.9,0.437
2024-07-17T15:00,Santacruz_AWS,19.1197,72.8468,3.2,3.2,999.8,100,22.3,0.439
2024-07-17T16:00,Santacruz_AWS,19.1197,72.8468,2.3,2.3,999.5,100,20.3,0.426
2024-07-17T17:00,Santacruz_AWS,19.1197,72.8468,2.6,2.6,999.8,100,20.7,0.434
2024-07-17T18:00,Santacruz_AWS,19.1197,72.8468,0.7,0.7,999.4,100,13.8,0.434
2024-07-17T19:00,Santacruz_AWS,19.1197,72.8468,2.1,2.1,1000.2,100,15.4,0.435
2024-07-17T20:00,Santacruz_AWS,19.1197,72.8468,1.2,1.2,1001.1,100,17.3,0.436
2024-07-17T21:00,Santacruz_AWS,19.1197,72.8468,9.2,9.2,1002.0,100,14.2,0.432
2024-07-17T22:00,Santacruz_AWS,19.1197,72.8468,1.4,1.4,1002.3,100,17.6,0.439
2024-07-17T23:00,Santacruz_AWS,19.1197,72.8468,1.0,1.0,1002.2,100,20.1,0.431
2024-07-18T00:00,Santacruz_AWS,19.1197,72.8468,0.8,0.8,1001.5,100,19.9,0.432
2024-07-18T01:00,Santacruz_AWS,19.1197,72.8468,2.3,2.3,1001.0,100,19.5,0.43
2024-07-18T02:00,Santacruz_AWS,19.1197,72.8468,1.3,1.3,1000.3,100,19.7,0.438
2024-07-18T03:00,Santacruz_AWS,19.1197,72.8468,0.4,0.4,1000.2,100,17.9,0.433
2024-07-18T04:00,Santacruz_AWS,19.1197,72.8468,1.5,1.5,1000.1,100,20.9,0.437
2024-07-18T05:00,Santacruz_AWS,19.1197,72.8468,1.1,1.1,1000.4,100,20.1,0.438
2024-07-18T06:00,Santacruz_AWS,19.1197,72.8468,8.0,8.0,1000.9,100,12.8,0.437
2024-07-18T07:00,Santacruz_AWS,19.1197,72.8468,7.2,7.2,1001.2,100,16.6,0.437
2024-07-18T08:00,Santacruz_AWS,19.1197,72.8468,5.1,5.1,1001.7,100,19.1,0.439
2024-07-18T09:00,Santacruz_AWS,19.1197,72.8468,4.1,4.1,1002.7,100,17.7,0.434
2024-07-18T10:00,Santacruz_AWS,19.1197,72.8468,1.7,1.7,1002.7,100,16.6,0.438
2024-07-18T11:00,Santacruz_AWS,19.1197,72.8468,3.9,3.9,1002.5,100,21.2,0.435
2024-07-18T12:00,Santacruz_AWS,19.1197,72.8468,3.7,3.7,1001.9,100,21.7,0.439
2024-07-18T13:00,Santacruz_AWS,19.1197,72.8468,1.7,1.7,1001.5,100,22.2,0.428
2024-07-18T14:00,Santacruz_AWS,19.1197,72.8468,2.0,2.0,1000.4,100,22.5,0.432
2024-07-18T15:00,Santacruz_AWS,19.1197,72.8468,0.2,0.2,999.7,100,26.4,0.427
2024-07-18T16:00,Santacruz_AWS,19.1197,72.8468,1.0,1.0,999.7,100,25.9,0.431
2024-07-18T17:00,Santacruz_AWS,19.1197,72.8468,1.1,1.1,999.9,100,22.7,0.433
2024-07-18T18:00,Santacruz_AWS,19.1197,72.8468,2.1,2.1,999.6,100,20.8,0.436
2024-07-18T19:00,Santacruz_AWS,19.1197,72.8468,2.7,2.7,1000.2,100,20.1,0.437
2024-07-18T20:00,Santacruz_AWS,19.1197,72.8468,1.7,1.7,1000.9,100,18.3,0.436
2024-07-18T21:00,Santacruz_AWS,19.1197,72.8468,2.9,2.9,1000.9,100,18.5,0.43
2024-07-18T22:00,Santacruz_AWS,19.1197,72.8468,0.4,0.4,1001.4,100,18.4,0.428
2024-07-18T23:00,Santacruz_AWS,19.1197,72.8468,0.7,0.7,1001.4,100,20.1,0.431
2024-07-19T00:00,Santacruz_AWS,19.1197,72.8468,1.1,1.1,1000.7,100,19.8,0.438
2024-07-19T01:00,Santacruz_AWS,19.1197,72.8468,0.9,0.9,999.6,100,21.3,0.435
2024-07-19T02:00,Santacruz_AWS,19.1197,72.8468,1.2,1.2,999.2,100,20.5,0.438
2024-07-19T03:00,Santacruz_AWS,19.1197,72.8468,0.4,0.4,998.6,100,23.4,0.433
2024-07-19T04:00,Santacruz_AWS,19.1197,72.8468,0.2,0.2,998.5,100,21.3,0.429
2024-07-19T05:00,Santacruz_AWS,19.1197,72.8468,0.6,0.6,999.1,100,21.7,0.43
2024-07-19T06:00,Santacruz_AWS,19.1197,72.8468,5.6,5.6,999.1,100,21.6,0.439
2024-07-19T07:00,Santacruz_AWS,19.1197,72.8468,5.8,5.8,999.7,100,21.4,0.437
2024-07-19T08:00,Santacruz_AWS,19.1197,72.8468,3.3,3.3,1000.3,100,24.8,0.437
2024-07-19T09:00,Santacruz_AWS,19.1197,72.8468,2.9,2.9,1000.6,100,22.1,0.436
2024-07-19T10:00,Santacruz_AWS,19.1197,72.8468,2.6,2.6,1000.4,100,22.5,0.438
2024-07-19T11:00,Santacruz_AWS,19.1197,72.8468,1.6,1.6,1000.1,100,22.7,0.436
2024-07-19T12:00,Santacruz_AWS,19.1197,72.8468,0.5,0.5,999.6,100,24.3,0.431
2024-07-19T13:00,Santacruz_AWS,19.1197,72.8468,0.6,0.6,999.2,100,25.9,0.43
2024-07-19T14:00,Santacruz_AWS,19.1197,72.8468,2.1,2.1,998.1,100,26.9,0.431
2024-07-19T15:00,Santacruz_AWS,19.1197,72.8468,1.4,1.4,997.4,100,24.9,0.437
2024-07-19T16:00,Santacruz_AWS,19.1197,72.8468,1.1,1.1,997.2,100,25.6,0.435
2024-07-19T17:00,Santacruz_AWS,19.1197,72.8468,0.8,0.8,997.3,100,24.7,0.433
2024-07-19T18:00,Santacruz_AWS,19.1197,72.8468,2.0,2.0,998.1,100,21.1,0.439
2024-07-19T19:00,Santacruz_AWS,19.1197,72.8468,1.8,1.8,998.3,100,23.1,0.438
2024-07-19T20:00,Santacruz_AWS,19.1197,72.8468,2.6,2.6,999.0,100,21.7,0.437
2024-07-19T21:00,Santacruz_AWS,19.1197,72.8468,3.6,3.6,999.2,100,19.1,0.437
2024-07-19T22:00,Santacruz_AWS,19.1197,72.8468,3.4,3.4,999.8,100,15.3,0.434
2024-07-19T23:00,Santacruz_AWS,19.1197,72.8468,2.2,2.2,999.5,100,12.1,0.436
2024-07-20T00:00,Santacruz_AWS,19.1197,72.8468,0.6,0.6,998.7,100,15.8,0.435
2024-07-20T01:00,Santacruz_AWS,19.1197,72.8468,0.6,0.6,998.2,100,17.9,0.436
2024-07-20T02:00,Santacruz_AWS,19.1197,72.8468,1.2,1.2,997.8,100,17.1,0.436
2024-07-20T03:00,Santacruz_AWS,19.1197,72.8468,0.5,0.5,997.7,100,17.9,0.434
2024-07-20T04:00,Santacruz_AWS,19.1197,72.8468,0.7,0.7,997.8,100,21.4,0.436
2024-07-20T05:00,Santacruz_AWS,19.1197,72.8468,1.5,1.5,998.3,100,22.3,0.438
2024-07-20T06:00,Santacruz_AWS,19.1197,72.8468,6.0,6.0,998.7,100,26.1,0.439
2024-07-20T07:00,Santacruz_AWS,19.1197,72.8468,13.7,13.7,999.7,100,22.5,0.436
2024-07-20T08:00,Santacruz_AWS,19.1197,72.8468,11.4,11.4,1000.4,100,23.0,0.439
2024-07-20T09:00,Santacruz_AWS,19.1197,72.8468,9.0,9.0,1000.5,100,26.3,0.433
2024-07-20T10:00,Santacruz_AWS,19.1197,72.8468,7.6,7.6,1000.8,100,26.0,0.439
2024-07-20T11:00,Santacruz_AWS,19.1197,72.8468,7.8,7.8,1000.6,100,27.0,0.437
2024-07-20T12:00,Santacruz_AWS,19.1197,72.8468,5.2,5.2,1000.6,100,23.7,0.436
2024-07-20T13:00,Santacruz_AWS,19.1197,72.8468,1.8,1.8,1000.2,100,24.2,0.437
2024-07-20T14:00,Santacruz_AWS,19.1197,72.8468,0.7,0.7,999.5,100,24.2,0.432
2024-07-20T15:00,Santacruz_AWS,19.1197,72.8468,0.4,0.4,998.9,100,27.5,0.429
2024-07-20T16:00,Santacruz_AWS,19.1197,72.8468,0.5,0.5,998.5,100,27.1,0.428
2024-07-20T17:00,Santacruz_AWS,19.1197,72.8468,0.2,0.2,999.0,100,24.2,0.425
2024-07-20T18:00,Santacruz_AWS,19.1197,72.8468,4.4,4.4,1000.3,100,22.2,0.439
2024-07-20T19:00,Santacruz_AWS,19.1197,72.8468,4.1,4.1,1000.8,100,20.0,0.439
2024-07-20T20:00,Santacruz_AWS,19.1197,72.8468,3.2,3.2,1001.3,100,22.2,0.436
2024-07-20T21:00,Santacruz_AWS,19.1197,72.8468,2.0,2.0,1001.6,100,20.5,0.438
2024-07-20T22:00,Santacruz_AWS,19.1197,72.8468,2.3,2.3,1001.5,100,22.9,0.439
2024-07-20T23:00,Santacruz_AWS,19.1197,72.8468,1.6,1.6,1001.1,100,23.7,0.432
2024-07-21T00:00,Santacruz_AWS,19.1197,72.8468,1.9,1.9,1000.5,100,22.4,0.437
2024-07-21T01:00,Santacruz_AWS,19.1197,72.8468,0.7,0.7,999.9,100,22.7,0.434
2024-07-21T02:00,Santacruz_AWS,19.1197,72.8468,0.8,0.8,999.3,100,23.3,0.433
2024-07-21T03:00,Santacruz_AWS,19.1197,72.8468,0.4,0.4,998.8,99,23.9,0.431
2024-07-21T04:00,Santacruz_AWS,19.1197,72.8468,2.4,2.4,998.8,100,23.2,0.435
2024-07-21T05:00,Santacruz_AWS,19.1197,72.8468,0.5,0.5,998.8,100,23.8,0.434
2024-07-21T06:00,Santacruz_AWS,19.1197,72.8468,3.3,3.3,998.9,100,21.3,0.437
2024-07-21T07:00,Santacruz_AWS,19.1197,72.8468,3.3,3.3,999.8,100,19.5,0.437
2024-07-21T08:00,Santacruz_AWS,19.1197,72.8468,2.7,2.7,1000.2,100,19.7,0.439
2024-07-21T09:00,Santacruz_AWS,19.1197,72.8468,3.4,3.4,1000.6,100,21.9,0.437
2024-07-21T10:00,Santacruz_AWS,19.1197,72.8468,1.5,1.5,1000.8,100,23.3,0.437
2024-07-21T11:00,Santacruz_AWS,19.1197,72.8468,2.0,2.0,1000.8,100,22.5,0.436
2024-07-21T12:00,Santacruz_AWS,19.1197,72.8468,4.0,4.0,1000.4,100,25.0,0.432
2024-07-21T13:00,Santacruz_AWS,19.1197,72.8468,2.9,2.9,1000.3,100,24.3,0.436
2024-07-21T14:00,Santacruz_AWS,19.1197,72.8468,6.6,6.6,999.6,100,27.2,0.439
2024-07-21T15:00,Santacruz_AWS,19.1197,72.8468,4.3,4.3,999.4,100,26.5,0.434
2024-07-21T16:00,Santacruz_AWS,19.1197,72.8468,2.8,2.8,999.4,100,26.7,0.436
2024-07-21T17:00,Santacruz_AWS,19.1197,72.8468,2.3,2.3,999.5,100,24.2,0.438
2024-07-21T18:00,Santacruz_AWS,19.1197,72.8468,0.3,0.3,1000.1,100,19.7,0.429
2024-07-21T19:00,Santacruz_AWS,19.1197,72.8468,0.7,0.7,1000.3,100,20.0,0.431
2024-07-21T20:00,Santacruz_AWS,19.1197,72.8468,0.1,0.1,1001.2,100,20.8,0.427
2024-07-21T21:00,Santacruz_AWS,19.1197,72.8468,0.2,0.2,1001.7,100,22.0,0.424
2024-07-21T22:00,Santacruz_AWS,19.1197,72.8468,1.1,1.1,1002.1,100,21.0,0.432
2024-07-21T23:00,Santacruz_AWS,19.1197,72.8468,0.7,0.7,1001.9,100,19.8,0.436
2024-07-22T00:00,Santacruz_AWS,19.1197,72.8468,0.6,0.6,1001.6,100,22.7,0.435
2024-07-22T01:00,Santacruz_AWS,19.1197,72.8468,1.0,1.0,1000.6,100,20.7,0.435
2024-07-22T02:00,Santacruz_AWS,19.1197,72.8468,1.4,1.4,1000.3,100,24.0,0.435
2024-07-22T03:00,Santacruz_AWS,19.1197,72.8468,1.3,1.3,1000.1,100,19.7,0.434
2024-07-22T04:00,Santacruz_AWS,19.1197,72.8468,1.1,1.1,1000.1,100,19.2,0.432
2024-07-22T05:00,Santacruz_AWS,19.1197,72.8468,1.7,1.7,1000.4,100,23.5,0.432
2024-07-22T06:00,Santacruz_AWS,19.1197,72.8468,5.3,5.3,1001.1,100,24.7,0.439
2024-07-22T07:00,Santacruz_AWS,19.1197,72.8468,4.5,4.5,1001.7,100,23.2,0.438
2024-07-22T08:00,Santacruz_AWS,19.1197,72.8468,3.3,3.3,1002.5,100,20.8,0.435
2024-07-22T09:00,Santacruz_AWS,19.1197,72.8468,2.9,2.9,1003.0,100,19.6,0.436
2024-07-22T10:00,Santacruz_AWS,19.1197,72.8468,2.0,2.0,1003.7,100,24.1,0.439
2024-07-22T11:00,Santacruz_AWS,19.1197,72.8468,3.3,3.3,1003.3,100,25.4,0.437
2024-07-22T12:00,Santacruz_AWS,19.1197,72.8468,1.7,1.7,1003.1,100,24.7,0.431
2024-07-22T13:00,Santacruz_AWS,19.1197,72.8468,2.6,2.6,1002.6,100,24.6,0.428
2024-07-22T14:00,Santacruz_AWS,19.1197,72.8468,1.7,1.7,1002.3,100,25.1,0.438
2024-07-22T15:00,Santacruz_AWS,19.1197,72.8468,2.2,2.2,1001.7,100,28.1,0.437
2024-07-22T16:00,Santacruz_AWS,19.1197,72.8468,2.1,2.1,1001.2,100,25.4,0.431
2024-07-22T17:00,Santacruz_AWS,19.1197,72.8468,1.8,1.8,1001.3,100,27.9,0.429
2024-07-22T18:00,Santacruz_AWS,19.1197,72.8468,4.3,4.3,1001.6,100,24.2,0.439
2024-07-22T19:00,Santacruz_AWS,19.1197,72.8468,1.8,1.8,1002.3,100,24.4,0.436
2024-07-22T20:00,Santacruz_AWS,19.1197,72.8468,2.7,2.7,1002.8,100,24.0,0.436
2024-07-22T21:00,Santacruz_AWS,19.1197,72.8468,1.9,1.9,1003.3,100,27.3,0.439
2024-07-22T22:00,Santacruz_AWS,19.1197,72.8468,2.1,2.1,1003.8,100,25.3,0.439
2024-07-22T23:00,Santacruz_AWS,19.1197,72.8468,1.4,1.4,1004.2,100,24.5,0.437
2024-07-23T00:00,Santacruz_AWS,19.1197,72.8468,1.6,1.6,1003.8,100,27.1,0.428
2024-07-23T01:00,Santacruz_AWS,19.1197,72.8468,1.7,1.7,1003.2,100,27.2,0.435
2024-07-23T02:00,Santacruz_AWS,19.1197,72.8468,1.5,1.5,1002.9,100,26.7,0.435
2024-07-23T03:00,Santacruz_AWS,19.1197,72.8468,1.7,1.7,1002.5,100,27.5,0.43
2024-07-23T04:00,Santacruz_AWS,19.1197,72.8468,1.3,1.3,1002.5,100,25.1,0.438
2024-07-23T05:00,Santacruz_AWS,19.1197,72.8468,1.1,1.1,1002.4,99,23.5,0.433
2024-07-23T06:00,Santacruz_AWS,19.1197,72.8468,1.8,1.8,1002.3,100,22.7,0.432
2024-07-23T07:00,Santacruz_AWS,19.1197,72.8468,1.6,1.6,1002.9,100,24.3,0.439
2024-07-23T08:00,Santacruz_AWS,19.1197,72.8468,1.2,1.2,1003.5,100,23.7,0.429
2024-07-23T09:00,Santacruz_AWS,19.1197,72.8468,0.7,0.7,1004.1,100,22.7,0.431
2024-07-23T10:00,Santacruz_AWS,19.1197,72.8468,2.1,2.1,1004.5,100,21.9,0.429
2024-07-23T11:00,Santacruz_AWS,19.1197,72.8468,2.0,2.0,1004.2,100,23.4,0.428
2024-07-23T12:00,Santacruz_AWS,19.1197,72.8468,2.4,2.4,1004.0,100,26.6,0.431
2024-07-23T13:00,Santacruz_AWS,19.1197,72.8468,1.2,1.2,1003.2,100,24.1,0.435
2024-07-23T14:00,Santacruz_AWS,19.1197,72.8468,2.0,2.0,1002.4,100,22.9,0.437
2024-07-23T15:00,Santacruz_AWS,19.1197,72.8468,2.6,2.6,1001.8,100,27.8,0.439
2024-07-23T16:00,Santacruz_AWS,19.1197,72.8468,2.5,2.5,1001.2,100,28.4,0.433
2024-07-23T17:00,Santacruz_AWS,19.1197,72.8468,0.9,0.9,1001.3,100,27.6,0.435
2024-07-23T18:00,Santacruz_AWS,19.1197,72.8468,3.5,3.5,1001.7,100,29.0,0.433
2024-07-23T19:00,Santacruz_AWS,19.1197,72.8468,2.2,2.2,1002.1,100,25.6,0.433
2024-07-23T20:00,Santacruz_AWS,19.1197,72.8468,1.8,1.8,1002.8,100,25.1,0.433
2024-07-23T21:00,Santacruz_AWS,19.1197,72.8468,1.4,1.4,1003.0,100,25.1,0.438
2024-07-23T22:00,Santacruz_AWS,19.1197,72.8468,2.5,2.5,1003.6,100,25.4,0.433
2024-07-23T23:00,Santacruz_AWS,19.1197,72.8468,0.8,0.8,1003.4,100,24.7,0.433
2024-07-24T00:00,Santacruz_AWS,19.1197,72.8468,0.8,0.8,1002.8,100,27.2,0.434
2024-07-24T01:00,Santacruz_AWS,19.1197,72.8468,1.2,1.2,1002.1,100,24.7,0.435
2024-07-24T02:00,Santacruz_AWS,19.1197,72.8468,1.3,1.3,1001.5,100,27.5,0.433
2024-07-24T03:00,Santacruz_AWS,19.1197,72.8468,1.5,1.5,1000.9,100,24.0,0.436
2024-07-24T04:00,Santacruz_AWS,19.1197,72.8468,1.2,1.2,1000.7,100,27.5,0.439
2024-07-24T05:00,Santacruz_AWS,19.1197,72.8468,2.5,2.5,1000.9,100,24.6,0.43
2024-07-24T06:00,Santacruz_AWS,19.1197,72.8468,2.2,2.2,1000.8,100,24.8,0.434
2024-07-24T07:00,Santacruz_AWS,19.1197,72.8468,5.7,5.7,1001.0,100,25.4,0.439
2024-07-24T08:00,Santacruz_AWS,19.1197,72.8468,5.3,5.3,1001.3,100,24.3,0.439
2024-07-24T09:00,Santacruz_AWS,19.1197,72.8468,4.1,4.1,1001.8,100,26.5,0.439
2024-07-24T10:00,Santacruz_AWS,19.1197,72.8468,2.1,2.1,1001.8,100,31.7,0.436
2024-07-24T11:00,Santacruz_AWS,19.1197,72.8468,2.0,2.0,1001.5,100,28.2,0.439
2024-07-24T12:00,Santacruz_AWS,19.1197,72.8468,1.8,1.8,1001.1,100,28.0,0.435
2024-07-24T13:00,Santacruz_AWS,19.1197,72.8468,3.4,3.4,1000.5,100,28.6,0.439
2024-07-24T14:00,Santacruz_AWS,19.1197,72.8468,2.3,2.3,999.6,100,26.0,0.435
2024-07-24T15:00,Santacruz_AWS,19.1197,72.8468,2.4,2.4,999.0,100,28.6,0.431
2024-07-24T16:00,Santacruz_AWS,19.1197,72.8468,1.3,1.3,998.7,100,26.9,0.436
2024-07-24T17:00,Santacruz_AWS,19.1197,72.8468,0.5,0.5,998.5,100,25.2,0.432
2024-07-24T18:00,Santacruz_AWS,19.1197,72.8468,0.8,0.8,998.4,100,31.7,0.435
2024-07-24T19:00,Santacruz_AWS,19.1197,72.8468,1.2,1.2,998.8,100,29.5,0.438
2024-07-24T20:00,Santacruz_AWS,19.1197,72.8468,1.3,1.3,999.3,100,32.4,0.436
2024-07-24T21:00,Santacruz_AWS,19.1197,72.8468,1.6,1.6,1000.0,100,31.7,0.435
2024-07-24T22:00,Santacruz_AWS,19.1197,72.8468,3.2,3.2,1000.3,100,29.5,0.439
2024-07-24T23:00,Santacruz_AWS,19.1197,72.8468,4.7,4.7,1000.0,100,29.1,0.434
2024-07-25T00:00,Santacruz_AWS,19.1197,72.8468,2.2,2.2,999.5,100,25.0,0.43
2024-07-25T01:00,Santacruz_AWS,19.1197,72.8468,1.1,1.1,998.8,100,25.5,0.436
2024-07-25T02:00,Santacruz_AWS,19.1197,72.8468,2.9,2.9,998.3,100,26.6,0.435
2024-07-25T03:00,Santacruz_AWS,19.1197,72.8468,2.0,2.0,998.3,100,25.8,0.435
2024-07-25T04:00,Santacruz_AWS,19.1197,72.8468,3.2,3.2,998.2,100,26.0,0.439
2024-07-25T05:00,Santacruz_AWS,19.1197,72.8468,5.1,5.1,998.6,100,25.9,0.439
2024-07-25T06:00,Santacruz_AWS,19.1197,72.8468,9.4,9.4,998.2,100,27.6,0.439
2024-07-25T07:00,Santacruz_AWS,19.1197,72.8468,10.7,10.7,998.9,100,30.1,0.439
2024-07-25T08:00,Santacruz_AWS,19.1197,72.8468,7.7,7.7,999.5,100,26.5,0.439
2024-07-25T09:00,Santacruz_AWS,19.1197,72.8468,4.1,4.1,1000.1,100,24.2,0.439
2024-07-25T10:00,Santacruz_AWS,19.1197,72.8468,3.7,3.7,1000.4,100,25.6,0.434
2024-07-25T11:00,Santacruz_AWS,19.1197,72.8468,4.5,4.5,1000.3,100,24.9,0.437
2024-07-25T12:00,Santacruz_AWS,19.1197,72.8468,2.2,2.2,1000.1,100,27.8,0.435
2024-07-25T13:00,Santacruz_AWS,19.1197,72.8468,1.1,1.1,999.5,100,29.2,0.435
2024-07-25T14:00,Santacruz_AWS,19.1197,72.8468,0.9,0.9,999.0,100,26.5,0.435
2024-07-25T15:00,Santacruz_AWS,19.1197,72.8468,0.3,0.3,999.0,100,28.2,0.43
2024-07-25T16:00,Santacruz_AWS,19.1197,72.8468,0.8,0.8,998.8,100,29.2,0.43
2024-07-25T17:00,Santacruz_AWS,19.1197,72.8468,0.7,0.7,998.9,100,27.8,0.43
2024-07-25T18:00,Santacruz_AWS,19.1197,72.8468,4.7,4.7,999.1,100,33.6,0.436
2024-07-25T19:00,Santacruz_AWS,19.1197,72.8468,1.5,1.5,999.9,100,27.4,0.435
2024-07-25T20:00,Santacruz_AWS,19.1197,72.8468,1.2,1.2,1000.6,100,25.5,0.439
2024-07-25T21:00,Santacruz_AWS,19.1197,72.8468,1.3,1.3,1001.2,100,25.3,0.439
2024-07-25T22:00,Santacruz_AWS,19.1197,72.8468,1.2,1.2,1001.5,100,25.7,0.43
2024-07-25T23:00,Santacruz_AWS,19.1197,72.8468,1.7,1.7,1001.5,100,24.8,0.437
2024-07-26T00:00,Santacruz_AWS,19.1197,72.8468,1.9,1.9,1001.0,100,18.3,0.437
2024-07-26T01:00,Santacruz_AWS,19.1197,72.8468,0.7,0.7,1000.4,100,24.6,0.436
2024-07-26T02:00,Santacruz_AWS,19.1197,72.8468,0.9,0.9,1000.0,100,20.6,0.434
2024-07-26T03:00,Santacruz_AWS,19.1197,72.8468,1.9,1.9,999.9,100,21.4,0.429
2024-07-26T04:00,Santacruz_AWS,19.1197,72.8468,0.5,0.5,999.9,100,22.7,0.429
2024-07-26T05:00,Santacruz_AWS,19.1197,72.8468,0.1,0.1,1000.0,100,21.1,0.425
2024-07-26T06:00,Santacruz_AWS,19.1197,72.8468,2.4,2.4,1000.2,100,17.6,0.435
2024-07-26T07:00,Santacruz_AWS,19.1197,72.8468,2.4,2.4,1000.6,100,25.3,0.439
2024-07-26T08:00,Santacruz_AWS,19.1197,72.8468,2.4,2.4,1001.6,100,17.0,0.439
2024-07-26T09:00,Santacruz_AWS,19.1197,72.8468,2.3,2.3,1001.8,100,19.9,0.438
2024-07-26T10:00,Santacruz_AWS,19.1197,72.8468,1.1,1.1,1001.9,100,20.5,0.439
2024-07-26T11:00,Santacruz_AWS,19.1197,72.8468,3.3,3.3,1001.7,100,15.1,0.432
2024-07-26T12:00,Santacruz_AWS,19.1197,72.8468,0.1,0.1,1001.3,100,19.4,0.427
2024-07-26T13:00,Santacruz_AWS,19.1197,72.8468,0.3,0.3,1000.9,100,23.0,0.424
2024-07-26T14:00,Santacruz_AWS,19.1197,72.8468,0.5,0.5,1000.2,100,26.1,0.424
2024-07-26T15:00,Santacruz_AWS,19.1197,72.8468,0.5,0.5,999.6,100,27.7,0.423
2024-07-26T16:00,Santacruz_AWS,19.1197,72.8468,0.8,0.8,999.4,100,27.1,0.426
2024-07-26T17:00,Santacruz_AWS,19.1197,72.8468,0.1,0.1,999.5,100,26.0,0.423
2024-07-26T18:00,Santacruz_AWS,19.1197,72.8468,0.2,0.2,1000.8,100,24.1,0.404
2024-07-26T19:00,Santacruz_AWS,19.1197,72.8468,0.4,0.4,1001.0,100,26.0,0.406
2024-07-26T20:00,Santacruz_AWS,19.1197,72.8468,0.0,0.0,1001.4,100,26.6,0.405
2024-07-26T21:00,Santacruz_AWS,19.1197,72.8468,0.0,0.0,1002.0,100,24.8,0.405
2024-07-26T22:00,Santacruz_AWS,19.1197,72.8468,0.0,0.0,1002.5,100,26.7,0.404
2024-07-26T23:00,Santacruz_AWS,19.1197,72.8468,0.1,0.1,1002.4,100,25.6,0.403
2024-07-27T00:00,Santacruz_AWS,19.1197,72.8468,0.2,0.2,1001.8,100,25.0,0.404
2024-07-27T01:00,Santacruz_AWS,19.1197,72.8468,0.1,0.1,1001.3,100,27.1,0.403
2024-07-27T02:00,Santacruz_AWS,19.1197,72.8468,0.1,0.1,1000.6,100,27.0,0.403
2024-07-27T03:00,Santacruz_AWS,19.1197,72.8468,0.1,0.1,1000.7,100,25.2,0.404
2024-07-27T04:00,Santacruz_AWS,19.1197,72.8468,0.1,0.1,1000.9,100,24.4,0.403
2024-07-27T05:00,Santacruz_AWS,19.1197,72.8468,0.7,0.7,1001.3,100,25.5,0.408
2024-07-27T06:00,Santacruz_AWS,19.1197,72.8468,1.5,1.5,1002.1,100,24.6,0.436
2024-07-27T07:00,Santacruz_AWS,19.1197,72.8468,2.1,2.1,1002.5,100,23.9,0.43
2024-07-27T08:00,Santacruz_AWS,19.1197,72.8468,0.2,0.2,1002.9,100,25.8,0.427
2024-07-27T09:00,Santacruz_AWS,19.1197,72.8468,0.1,0.1,1003.0,100,26.8,0.424
2024-07-27T10:00,Santacruz_AWS,19.1197,72.8468,0.4,0.4,1003.0,100,26.5,0.423
2024-07-27T11:00,Santacruz_AWS,19.1197,72.8468,0.4,0.4,1002.8,100,26.7,0.422
2024-07-27T12:00,Santacruz_AWS,19.1197,72.8468,0.4,0.4,1002.1,100,28.4,0.422
2024-07-27T13:00,Santacruz_AWS,19.1197,72.8468,0.0,0.0,1001.8,100,27.7,0.418
2024-07-27T14:00,Santacruz_AWS,19.1197,72.8468,0.0,0.0,1001.1,100,28.3,0.414
2024-07-27T15:00,Santacruz_AWS,19.1197,72.8468,0.0,0.0,1000.6,100,29.3,0.411
2024-07-27T16:00,Santacruz_AWS,19.1197,72.8468,0.1,0.1,1000.4,100,28.7,0.409
2024-07-27T17:00,Santacruz_AWS,19.1197,72.8468,0.1,0.1,1000.1,100,27.2,0.408
2024-07-27T18:00,Santacruz_AWS,19.1197,72.8468,0.2,0.2,1000.9,100,20.7,0.411
2024-07-27T19:00,Santacruz_AWS,19.1197,72.8468,0.0,0.0,1001.1,100,20.5,0.41
2024-07-27T20:00,Santacruz_AWS,19.1197,72.8468,0.3,0.3,1001.5,100,20.5,0.41
2024-07-27T21:00,Santacruz_AWS,19.1197,72.8468,0.2,0.2,1002.0,100,21.0,0.411
2024-07-27T22:00,Santacruz_AWS,19.1197,72.8468,0.7,0.7,1002.3,100,20.0,0.416
2024-07-27T23:00,Santacruz_AWS,19.1197,72.8468,0.2,0.2,1001.6,100,20.4,0.416
2024-07-28T00:00,Santacruz_AWS,19.1197,72.8468,0.4,0.4,1001.0,100,22.1,0.417
2024-07-28T01:00,Santacruz_AWS,19.1197,72.8468,0.1,0.1,1000.3,100,22.2,0.415
2024-07-28T02:00,Santacruz_AWS,19.1197,72.8468,0.2,0.2,999.7,100,22.5,0.415
2024-07-28T03:00,Santacruz_AWS,19.1197,72.8468,0.1,0.1,999.4,100,24.2,0.414
2024-07-28T04:00,Santacruz_AWS,19.1197,72.8468,0.4,0.4,999.5,100,22.0,0.416
2024-07-28T05:00,Santacruz_AWS,19.1197,72.8468,0.9,0.9,999.7,100,20.9,0.423
2024-07-28T06:00,Santacruz_AWS,19.1197,72.8468,0.2,0.2,999.8,100,23.9,0.414
2024-07-28T07:00,Santacruz_AWS,19.1197,72.8468,0.1,0.1,1000.5,100,22.9,0.413
2024-07-28T08:00,Santacruz_AWS,19.1197,72.8468,0.2,0.2,1000.6,68,24.6,0.412
2024-07-28T09:00,Santacruz_AWS,19.1197,72.8468,0.0,0.0,1000.7,95,27.1,0.41
2024-07-28T10:00,Santacruz_AWS,19.1197,72.8468,0.0,0.0,1000.8,99,26.2,0.407
2024-07-28T11:00,Santacruz_AWS,19.1197,72.8468,0.1,0.1,1000.6,100,25.4,0.405
2024-07-28T12:00,Santacruz_AWS,19.1197,72.8468,0.7,0.7,1000.0,100,23.6,0.408
2024-07-28T13:00,Santacruz_AWS,19.1197,72.8468,1.2,1.2,999.3,100,23.0,0.416
2024-07-28T14:00,Santacruz_AWS,19.1197,72.8468,1.7,1.7,998.7,100,24.5,0.428
2024-07-28T15:00,Santacruz_AWS,19.1197,72.8468,1.4,1.4,998.3,100,22.3,0.433
2024-07-28T16:00,Santacruz_AWS,19.1197,72.8468,2.9,2.9,997.7,100,19.8,0.439
2024-07-28T17:00,Santacruz_AWS,19.1197,72.8468,0.7,0.7,997.2,100,21.1,0.431
2024-07-28T18:00,Santacruz_AWS,19.1197,72.8468,1.5,1.5,997.7,100,14.0,0.437
2024-07-28T19:00,Santacruz_AWS,19.1197,72.8468,3.9,3.9,998.2,100,17.0,0.436
2024-07-28T20:00,Santacruz_AWS,19.1197,72.8468,1.1,1.1,998.3,100,16.6,0.435
2024-07-28T21:00,Santacruz_AWS,19.1197,72.8468,0.9,0.9,998.7,100,16.5,0.435
2024-07-28T22:00,Santacruz_AWS,19.1197,72.8468,0.2,0.2,998.7,100,22.1,0.431
2024-07-28T23:00,Santacruz_AWS,19.1197,72.8468,0.1,0.1,998.4,100,22.7,0.426
2024-07-29T00:00,Santacruz_AWS,19.1197,72.8468,0.2,0.2,997.8,100,22.3,0.424
2024-07-29T01:00,Santacruz_AWS,19.1197,72.8468,0.4,0.4,997.3,100,25.4,0.424
2024-07-29T02:00,Santacruz_AWS,19.1197,72.8468,1.2,1.2,996.9,100,24.0,0.434
2024-07-29T03:00,Santacruz_AWS,19.1197,72.8468,2.0,2.0,996.8,100,23.3,0.439
2024-07-29T04:00,Santacruz_AWS,19.1197,72.8468,4.2,4.2,996.9,100,20.8,0.437
2024-07-29T05:00,Santacruz_AWS,19.1197,72.8468,3.6,3.6,997.2,100,22.8,0.439
2024-07-29T06:00,Santacruz_AWS,19.1197,72.8468,3.8,3.8,997.8,100,17.8,0.438
2024-07-29T07:00,Santacruz_AWS,19.1197,72.8468,3.4,3.4,998.2,100,21.6,0.438
2024-07-29T08:00,Santacruz_AWS,19.1197,72.8468,1.8,1.8,998.7,100,20.6,0.438
2024-07-29T09:00,Santacruz_AWS,19.1197,72.8468,1.8,1.8,999.2,100,21.9,0.438
2024-07-29T10:00,Santacruz_AWS,19.1197,72.8468,0.9,0.9,999.1,100,15.7,0.429
2024-07-29T11:00,Santacruz_AWS,19.1197,72.8468,1.4,1.4,999.0,100,15.8,0.435
2024-07-29T12:00,Santacruz_AWS,19.1197,72.8468,0.2,0.2,998.6,100,22.7,0.429
2024-07-29T13:00,Santacruz_AWS,19.1197,72.8468,1.8,1.8,997.9,87,21.1,0.434
2024-07-29T14:00,Santacruz_AWS,19.1197,72.8468,1.2,1.2,997.4,100,21.7,0.435
2024-07-29T15:00,Santacruz_AWS,19.1197,72.8468,1.0,1.0,997.2,99,23.6,0.435
2024-07-29T16:00,Santacruz_AWS,19.1197,72.8468,0.5,0.5,997.0,100,24.7,0.432
2024-07-29T17:00,Santacruz_AWS,19.1197,72.8468,0.3,0.3,996.9,100,21.1,0.429
2024-07-29T18:00,Santacruz_AWS,19.1197,72.8468,1.9,1.9,997.7,100,15.8,0.439
2024-07-29T19:00,Santacruz_AWS,19.1197,72.8468,0.8,0.8,998.1,100,15.3,0.43
2024-07-29T20:00,Santacruz_AWS,19.1197,72.8468,0.9,0.9,998.9,100,14.5,0.434
2024-07-29T21:00,Santacruz_AWS,19.1197,72.8468,0.2,0.2,999.4,100,15.6,0.429
2024-07-29T22:00,Santacruz_AWS,19.1197,72.8468,0.5,0.5,1000.1,100,18.2,0.43
2024-07-29T23:00,Santacruz_AWS,19.1197,72.8468,0.2,0.2,1000.1,100,16.9,0.427
2024-07-30T00:00,Santacruz_AWS,19.1197,72.8468,0.5,0.5,999.5,100,12.5,0.428
2024-07-30T01:00,Santacruz_AWS,19.1197,72.8468,0.6,0.6,999.2,100,15.0,0.431
2024-07-30T02:00,Santacruz_AWS,19.1197,72.8468,0.3,0.3,999.1,100,13.2,0.43
2024-07-30T03:00,Santacruz_AWS,19.1197,72.8468,1.1,1.1,999.3,100,14.2,0.436
2024-07-30T04:00,Santacruz_AWS,19.1197,72.8468,1.0,1.0,999.5,100,16.5,0.437
2024-07-30T05:00,Santacruz_AWS,19.1197,72.8468,0.6,0.6,999.8,100,19.1,0.435
2024-07-30T06:00,Santacruz_AWS,19.1197,72.8468,0.4,0.4,999.7,72,16.7,0.432
2024-07-30T07:00,Santacruz_AWS,19.1197,72.8468,0.9,0.9,1001.0,100,19.3,0.436
2024-07-30T08:00,Santacruz_AWS,19.1197,72.8468,0.9,0.9,1001.8,100,19.1,0.435
2024-07-30T09:00,Santacruz_AWS,19.1197,72.8468,1.0,1.0,1002.3,100,18.3,0.439
2024-07-30T10:00,Santacruz_AWS,19.1197,72.8468,2.5,2.5,1003.0,100,19.7,0.438
2024-07-30T11:00,Santacruz_AWS,19.1197,72.8468,1.1,1.1,1002.4,95,16.6,0.431
2024-07-30T12:00,Santacruz_AWS,19.1197,72.8468,1.9,1.9,1002.5,98,23.2,0.437
2024-07-30T13:00,Santacruz_AWS,19.1197,72.8468,1.1,1.1,1001.9,90,20.3,0.428
2024-07-30T14:00,Santacruz_AWS,19.1197,72.8468,0.4,0.4,1001.4,83,20.8,0.426
2024-07-30T15:00,Santacruz_AWS,19.1197,72.8468,1.1,1.1,1000.9,90,18.5,0.431
2024-07-30T16:00,Santacruz_AWS,19.1197,72.8468,1.2,1.2,1000.7,100,19.5,0.431
2024-07-30T17:00,Santacruz_AWS,19.1197,72.8468,0.0,0.0,1000.7,100,18.9,0.426
2024-07-30T18:00,Santacruz_AWS,19.1197,72.8468,0.5,0.5,1001.7,94,16.8,0.424
2024-07-30T19:00,Santacruz_AWS,19.1197,72.8468,0.1,0.1,1002.1,98,14.5,0.422
2024-07-30T20:00,Santacruz_AWS,19.1197,72.8468,0.0,0.0,1002.5,100,16.4,0.42
2024-07-30T21:00,Santacruz_AWS,19.1197,72.8468,0.1,0.1,1003.6,100,16.1,0.418
2024-07-30T22:00,Santacruz_AWS,19.1197,72.8468,0.0,0.0,1003.9,100,14.8,0.417
2024-07-30T23:00,Santacruz_AWS,19.1197,72.8468,0.1,0.1,1003.8,100,14.2,0.416
2024-07-31T00:00,Santacruz_AWS,19.1197,72.8468,0.1,0.1,1003.6,100,14.3,0.415
2024-07-31T01:00,Santacruz_AWS,19.1197,72.8468,1.1,1.1,1003.1,100,15.6,0.426
2024-07-31T02:00,Santacruz_AWS,19.1197,72.8468,0.9,0.9,1003.1,100,20.0,0.432
2024-07-31T03:00,Santacruz_AWS,19.1197,72.8468,1.9,1.9,1003.2,100,8.7,0.436
2024-07-31T04:00,Santacruz_AWS,19.1197,72.8468,1.3,1.3,1002.8,100,9.1,0.436
2024-07-31T05:00,Santacruz_AWS,19.1197,72.8468,0.5,0.5,1003.0,100,16.1,0.434
2024-07-31T06:00,Santacruz_AWS,19.1197,72.8468,7.8,7.8,1002.6,100,18.0,0.433
2024-07-31T07:00,Santacruz_AWS,19.1197,72.8468,2.0,2.0,1003.5,97,17.7,0.431
2024-07-31T08:00,Santacruz_AWS,19.1197,72.8468,2.5,2.5,1004.4,100,19.9,0.435
2024-07-31T09:00,Santacruz_AWS,19.1197,72.8468,0.6,0.6,1004.9,98,16.6,0.431
2024-07-31T10:00,Santacruz_AWS,19.1197,72.8468,0.1,0.1,1005.3,97,15.5,0.426
2024-07-31T11:00,Santacruz_AWS,19.1197,72.8468,0.1,0.1,1005.5,100,17.3,0.422
2024-07-31T12:00,Santacruz_AWS,19.1197,72.8468,0.2,0.2,1004.9,100,18.7,0.419
2024-07-31T13:00,Santacruz_AWS,19.1197,72.8468,0.5,0.5,1004.4,100,17.7,0.42
2024-07-31T14:00,Santacruz_AWS,19.1197,72.8468,0.0,0.0,1003.5,100,17.1,0.417
2024-07-31T15:00,Santacruz_AWS,19.1197,72.8468,0.4,0.4,1003.1,100,18.0,0.416
2024-07-31T16:00,Santacruz_AWS,19.1197,72.8468,0.0,0.0,1002.1,100,20.8,0.414
2024-07-31T17:00,Santacruz_AWS,19.1197,72.8468,0.5,0.5,1002.1,100,19.3,0.415
2024-07-31T18:00,Santacruz_AWS,19.1197,72.8468,0.5,0.5,1003.3,100,14.5,0.412
2024-07-31T19:00,Santacruz_AWS,19.1197,72.8468,0.1,0.1,1003.1,100,14.6,0.411
2024-07-31T20:00,Santacruz_AWS,19.1197,72.8468,0.2,0.2,1003.7,100,14.5,0.411
2024-07-31T21:00,Santacruz_AWS,19.1197,72.8468,0.2,0.2,1004.4,100,15.0,0.411
2024-07-31T22:00,Santacruz_AWS,19.1197,72.8468,0.3,0.3,1005.0,100,13.7,0.412
2024-07-31T23:00,Santacruz_AWS,19.1197,72.8468,0.3,0.3,1004.9,100,12.5,0.414
2024-08-01T00:00,Santacruz_AWS,19.1197,72.8468,0.3,0.3,1004.5,100,12.6,0.417
2024-08-01T01:00,Santacruz_AWS,19.1197,72.8468,1.1,1.1,1003.8,100,14.3,0.428
2024-08-01T02:00,Santacruz_AWS,19.1197,72.8468,2.2,2.2,1003.1,100,13.2,0.437
2024-08-01T03:00,Santacruz_AWS,19.1197,72.8468,0.6,0.6,1003.0,100,17.5,0.434
2024-08-01T04:00,Santacruz_AWS,19.1197,72.8468,1.8,1.8,1003.2,100,15.0,0.436
2024-08-01T05:00,Santacruz_AWS,19.1197,72.8468,1.8,1.8,1003.4,100,18.9,0.437
2024-08-01T06:00,Santacruz_AWS,19.1197,72.8468,0.2,0.2,1002.6,96,17.7,0.428
2024-08-01T07:00,Santacruz_AWS,19.1197,72.8468,1.1,1.1,1003.1,100,18.7,0.437
2024-08-01T08:00,Santacruz_AWS,19.1197,72.8468,1.0,1.0,1003.5,100,18.3,0.433
2024-08-01T09:00,Santacruz_AWS,19.1197,72.8468,0.1,0.1,1004.1,100,20.3,0.428
2024-08-01T10:00,Santacruz_AWS,19.1197,72.8468,0.8,0.8,1004.6,100,22.7,0.43
2024-08-01T11:00,Santacruz_AWS,19.1197,72.8468,0.1,0.1,1004.2,100,22.6,0.426
2024-08-01T12:00,Santacruz_AWS,19.1197,72.8468,0.0,0.0,1003.6,100,24.7,0.42
2024-08-01T13:00,Santacruz_AWS,19.1197,72.8468,0.2,0.2,1002.9,100,26.3,0.417
2024-08-01T14:00,Santacruz_AWS,19.1197,72.8468,0.3,0.3,1002.7,100,24.1,0.416
2024-08-01T15:00,Santacruz_AWS,19.1197,72.8468,0.2,0.2,1002.4,100,23.1,0.414
2024-08-01T16:00,Santacruz_AWS,19.1197,72.8468,0.3,0.3,1002.2,100,22.3,0.414
2024-08-01T17:00,Santacruz_AWS,19.1197,72.8468,0.0,0.0,1002.3,100,23.7,0.412
2024-08-01T18:00,Santacruz_AWS,19.1197,72.8468,0.1,0.1,1002.8,100,20.6,0.411
2024-08-01T19:00,Santacruz_AWS,19.1197,72.8468,0.5,0.5,1003.3,100,21.9,0.413
2024-08-01T20:00,Santacruz_AWS,19.1197,72.8468,2.0,2.0,1003.6,100,16.9,0.432
2024-08-01T21:00,Santacruz_AWS,19.1197,72.8468,0.4,0.4,1004.3,100,20.3,0.43
2024-08-01T22:00,Santacruz_AWS,19.1197,72.8468,0.4,0.4,1004.7,100,23.3,0.429
2024-08-01T23:00,Santacruz_AWS,19.1197,72.8468,0.3,0.3,1004.6,100,23.2,0.428
2024-08-02T00:00,Santacruz_AWS,19.1197,72.8468,0.6,0.6,1004.0,100,22.1,0.431
2024-08-02T01:00,Santacruz_AWS,19.1197,72.8468,1.6,1.6,1003.6,100,22.7,0.438
2024-08-02T02:00,Santacruz_AWS,19.1197,72.8468,1.2,1.2,1002.7,100,23.1,0.431
2024-08-02T03:00,Santacruz_AWS,19.1197,72.8468,0.3,0.3,1002.5,100,24.1,0.429
2024-08-02T04:00,Santacruz_AWS,19.1197,72.8468,0.5,0.5,1002.7,100,25.9,0.43
2024-08-02T05:00,Santacruz_AWS,19.1197,72.8468,0.3,0.3,1002.8,100,23.8,0.427
2024-08-02T06:00,Santacruz_AWS,19.1197,72.8468,2.5,2.5,1002.8,100,22.2,0.432
2024-08-02T07:00,Santacruz_AWS,19.1197,72.8468,0.5,0.5,1003.1,100,23.3,0.432
2024-08-02T08:00,Santacruz_AWS,19.1197,72.8468,0.4,0.4,1003.6,100,20.9,0.43
2024-08-02T09:00,Santacruz_AWS,19.1197,72.8468,0.7,0.7,1004.0,100,19.9,0.431
2024-08-02T10:00,Santacruz_AWS,19.1197,72.8468,0.7,0.7,1004.1,95,22.4,0.431
2024-08-02T11:00,Santacruz_AWS,19.1197,72.8468,1.0,1.0,1004.0,73,23.2,0.433
2024-08-02T12:00,Santacruz_AWS,19.1197,72.8468,0.4,0.4,1003.4,83,25.6,0.43
2024-08-02T13:00,Santacruz_AWS,19.1197,72.8468,0.2,0.2,1002.6,71,27.7,0.426
2024-08-02T14:00,Santacruz_AWS,19.1197,72.8468,0.1,0.1,1002.0,93,27.5,0.421
2024-08-02T15:00,Santacruz_AWS,19.1197,72.8468,1.1,1.1,1001.5,98,29.2,0.428
2024-08-02T16:00,Santacruz_AWS,19.1197,72.8468,2.1,2.1,1001.5,100,27.1,0.43
2024-08-02T17:00,Santacruz_AWS,19.1197,72.8468,0.9,0.9,1001.6,100,25.5,0.434
2024-08-02T18:00,Santacruz_AWS,19.1197,72.8468,7.3,7.3,1002.5,100,24.3,0.439
2024-08-02T19:00,Santacruz_AWS,19.1197,72.8468,0.6,0.6,1002.7,97,22.1,0.427
2024-08-02T20:00,Santacruz_AWS,19.1197,72.8468,0.3,0.3,1003.6,96,24.3,0.425
2024-08-02T21:00,Santacruz_AWS,19.1197,72.8468,4.0,4.0,1004.1,100,17.3,0.43
2024-08-02T22:00,Santacruz_AWS,19.1197,72.8468,0.3,0.3,1004.4,98,25.3,0.427
2024-08-02T23:00,Santacruz_AWS,19.1197,72.8468,0.6,0.6,1004.5,97,24.7,0.429
2024-08-03T00:00,Santacruz_AWS,19.1197,72.8468,1.1,1.1,1003.9,97,26.0,0.434
2024-08-03T01:00,Santacruz_AWS,19.1197,72.8468,0.5,0.5,1003.0,100,24.9,0.433
2024-08-03T02:00,Santacruz_AWS,19.1197,72.8468,0.4,0.4,1002.4,100,23.7,0.431
2024-08-03T03:00,Santacruz_AWS,19.1197,72.8468,1.1,1.1,1002.1,100,25.1,0.436
2024-08-03T04:00,Santacruz_AWS,19.1197,72.8468,0.5,0.5,1002.2,100,27.2,0.434
2024-08-03T05:00,Santacruz_AWS,19.1197,72.8468,2.1,2.1,1002.6,100,25.5,0.426
2024-08-03T06:00,Santacruz_AWS,19.1197,72.8468,0.4,0.4,1002.1,100,26.0,0.43
2024-08-03T07:00,Santacruz_AWS,19.1197,72.8468,0.6,0.6,1002.8,100,26.9,0.43
2024-08-03T08:00,Santacruz_AWS,19.1197,72.8468,1.3,1.3,1003.8,100,26.8,0.439
2024-08-03T09:00,Santacruz_AWS,19.1197,72.8468,0.8,0.8,1004.3,100,27.4,0.433
2024-08-03T10:00,Santacruz_AWS,19.1197,72.8468,0.6,0.6,1004.5,100,26.5,0.431
2024-08-03T11:00,Santacruz_AWS,19.1197,72.8468,0.6,0.6,1004.3,100,27.6,0.429
2024-08-03T12:00,Santacruz_AWS,19.1197,72.8468,0.9,0.9,1003.8,100,27.7,0.431
2024-08-03T13:00,Santacruz_AWS,19.1197,72.8468,1.8,1.8,1003.3,100,30.2,0.433
2024-08-03T14:00,Santacruz_AWS,19.1197,72.8468,2.7,2.7,1002.6,100,26.0,0.431
2024-08-03T15:00,Santacruz_AWS,19.1197,72.8468,1.5,1.5,1002.1,100,26.2,0.439
2024-08-03T16:00,Santacruz_AWS,19.1197,72.8468,3.0,3.0,1002.1,100,27.0,0.436
2024-08-03T17:00,Santacruz_AWS,19.1197,72.8468,0.4,0.4,1002.4,100,24.2,0.428
2024-08-03T18:00,Santacruz_AWS,19.1197,72.8468,0.9,0.9,1003.0,100,25.6,0.432
2024-08-03T19:00,Santacruz_AWS,19.1197,72.8468,0.7,0.7,1003.6,100,24.4,0.433
2024-08-03T20:00,Santacruz_AWS,19.1197,72.8468,0.9,0.9,1004.1,100,25.1,0.433
2024-08-03T21:00,Santacruz_AWS,19.1197,72.8468,0.7,0.7,1004.8,100,22.8,0.433
2024-08-03T22:00,Santacruz_AWS,19.1197,72.8468,0.8,0.8,1005.3,100,23.5,0.434
2024-08-03T23:00,Santacruz_AWS,19.1197,72.8468,0.2,0.2,1005.1,100,24.6,0.429
2024-08-04T00:00,Santacruz_AWS,19.1197,72.8468,0.7,0.7,1004.6,100,22.4,0.431
2024-08-04T01:00,Santacruz_AWS,19.1197,72.8468,0.8,0.8,1003.7,100,22.9,0.432
2024-08-04T02:00,Santacruz_AWS,19.1197,72.8468,0.7,0.7,1003.2,100,22.1,0.432
2024-08-04T03:00,Santacruz_AWS,19.1197,72.8468,2.1,2.1,1003.0,100,23.5,0.439
2024-08-04T04:00,Santacruz_AWS,19.1197,72.8468,0.5,0.5,1002.8,100,25.3,0.431
2024-08-04T05:00,Santacruz_AWS,19.1197,72.8468,0.6,0.6,1003.0,100,23.7,0.432
2024-08-04T06:00,Santacruz_AWS,19.1197,72.8468,8.7,8.7,1002.8,100,25.9,0.434
2024-08-04T07:00,Santacruz_AWS,19.1197,72.8468,3.9,3.9,1003.6,100,25.5,0.426
2024-08-04T08:00,Santacruz_AWS,19.1197,72.8468,1.6,1.6,1004.3,100,27.8,0.435
2024-08-04T09:00,Santacruz_AWS,19.1197,72.8468,0.9,0.9,1004.9,100,25.6,0.436
2024-08-04T10:00,Santacruz_AWS,19.1197,72.8468,1.1,1.1,1005.5,100,23.1,0.433
2024-08-04T11:00,Santacruz_AWS,19.1197,72.8468,2.5,2.5,1005.0,100,25.4,0.436
2024-08-04T12:00,Santacruz_AWS,19.1197,72.8468,3.2,3.2,1004.7,100,26.5,0.439
2024-08-04T13:00,Santacruz_AWS,19.1197,72.8468,2.8,2.8,1004.1,100,22.9,0.434
2024-08-04T14:00,Santacruz_AWS,19.1197,72.8468,0.5,0.5,1003.4,100,20.9,0.43
2024-08-04T15:00,Santacruz_AWS,19.1197,72.8468,1.8,1.8,1002.9,100,25.0,0.439
2024-08-04T16:00,Santacruz_AWS,19.1197,72.8468,1.6,1.6,1002.7,100,21.7,0.439
2024-08-04T17:00,Santacruz_AWS,19.1197,72.8468,1.5,1.5,1002.6,100,21.5,0.434
2024-08-04T18:00,Santacruz_AWS,19.1197,72.8468,0.4,0.4,1003.1,100,23.4,0.427
2024-08-04T19:00,Santacruz_AWS,19.1197,72.8468,0.6,0.6,1003.4,100,22.5,0.428
2024-08-04T20:00,Santacruz_AWS,19.1197,72.8468,0.4,0.4,1004.0,100,22.3,0.427
2024-08-04T21:00,Santacruz_AWS,19.1197,72.8468,0.3,0.3,1004.5,100,20.4,0.425
2024-08-04T22:00,Santacruz_AWS,19.1197,72.8468,1.6,1.6,1004.9,100,21.0,0.439
2024-08-04T23:00,Santacruz_AWS,19.1197,72.8468,0.6,0.6,1004.9,100,22.5,0.433
2024-08-05T00:00,Santacruz_AWS,19.1197,72.8468,0.1,0.1,1004.5,100,22.4,0.429
2024-08-05T01:00,Santacruz_AWS,19.1197,72.8468,0.5,0.5,1004.2,100,21.3,0.429
2024-08-05T02:00,Santacruz_AWS,19.1197,72.8468,0.2,0.2,1003.8,100,21.2,0.427
2024-08-05T03:00,Santacruz_AWS,19.1197,72.8468,0.2,0.2,1003.7,100,21.0,0.424
2024-08-05T04:00,Santacruz_AWS,19.1197,72.8468,0.3,0.3,1003.6,100,21.5,0.424
2024-08-05T05:00,Santacruz_AWS,19.1197,72.8468,0.5,0.5,1003.8,100,19.8,0.426
2024-08-05T06:00,Santacruz_AWS,19.1197,72.8468,0.0,0.0,1003.9,100,21.9,0.417
2024-08-05T07:00,Santacruz_AWS,19.1197,72.8468,0.1,0.1,1004.3,99,21.1,0.415
2024-08-05T08:00,Santacruz_AWS,19.1197,72.8468,0.2,0.2,1005.0,100,23.2,0.415
2024-08-05T09:00,Santacruz_AWS,19.1197,72.8468,0.1,0.1,1005.7,100,22.4,0.413
2024-08-05T10:00,Santacruz_AWS,19.1197,72.8468,0.0,0.0,1005.9,100,24.0,0.41
2024-08-05T11:00,Santacruz_AWS,19.1197,72.8468,0.0,0.0,1006.1,99,23.3,0.407
2024-08-05T12:00,Santacruz_AWS,19.1197,72.8468,0.1,0.1,1005.9,99,21.4,0.405
2024-08-05T13:00,Santacruz_AWS,19.1197,72.8468,0.1,0.1,1005.2,97,23.5,0.402
2024-08-05T14:00,Santacruz_AWS,19.1197,72.8468,0.2,0.2,1004.2,93,21.9,0.401
2024-08-05T15:00,Santacruz_AWS,19.1197,72.8468,0.6,0.6,1003.6,62,22.2,0.403
2024-08-05T16:00,Santacruz_AWS,19.1197,72.8468,0.0,0.0,1003.2,65,21.9,0.401
2024-08-05T17:00,Santacruz_AWS,19.1197,72.8468,0.2,0.2,1003.4,75,20.3,0.401
2024-08-05T18:00,Santacruz_AWS,19.1197,72.8468,0.2,0.2,1004.4,100,17.9,0.405
2024-08-05T19:00,Santacruz_AWS,19.1197,72.8468,0.4,0.4,1004.5,100,17.7,0.407
2024-08-05T20:00,Santacruz_AWS,19.1197,72.8468,0.2,0.2,1005.3,100,17.4,0.408
2024-08-05T21:00,Santacruz_AWS,19.1197,72.8468,0.4,0.4,1005.9,99,18.8,0.41
2024-08-05T22:00,Santacruz_AWS,19.1197,72.8468,0.3,0.3,1006.4,100,16.9,0.411
2024-08-05T23:00,Santacruz_AWS,19.1197,72.8468,0.9,0.9,1006.1,98,16.8,0.42
2024-08-06T00:00,Santacruz_AWS,19.1197,72.8468,0.3,0.3,1005.7,94,17.4,0.42
2024-08-06T01:00,Santacruz_AWS,19.1197,72.8468,0.5,0.5,1005.1,97,20.0,0.424
2024-08-06T02:00,Santacruz_AWS,19.1197,72.8468,0.7,0.7,1004.5,100,17.6,0.427
2024-08-06T03:00,Santacruz_AWS,19.1197,72.8468,0.3,0.3,1004.2,72,17.6,0.426
2024-08-06T04:00,Santacruz_AWS,19.1197,72.8468,0.3,0.3,1004.1,95,18.5,0.424
2024-08-06T05:00,Santacruz_AWS,19.1197,72.8468,0.4,0.4,1004.2,73,17.6,0.425
2024-08-06T06:00,Santacruz_AWS,19.1197,72.8468,0.1,0.1,1004.6,41,15.5,0.411
2024-08-06T07:00,Santacruz_AWS,19.1197,72.8468,0.1,0.1,1004.9,28,18.0,0.41
2024-08-06T08:00,Santacruz_AWS,19.1197,72.8468,0.0,0.0,1005.4,49,17.4,0.409
2024-08-06T09:00,Santacruz_AWS,19.1197,72.8468,0.0,0.0,1005.7,97,17.4,0.406
2024-08-06T10:00,Santacruz_AWS,19.1197,72.8468,0.2,0.2,1005.9,83,18.8,0.405
2024-08-06T11:00,Santacruz_AWS,19.1197,72.8468,0.1,0.1,1005.8,71,17.3,0.403
2024-08-06T12:00,Santacruz_AWS,19.1197,72.8468,0.2,0.2,1005.6,93,18.8,0.401
2024-08-06T13:00,Santacruz_AWS,19.1197,72.8468,0.2,0.2,1004.9,88,16.2,0.4
2024-08-06T14:00,Santacruz_AWS,19.1197,72.8468,0.0,0.0,1004.1,98,20.0,0.397
2024-08-06T15:00,Santacruz_AWS,19.1197,72.8468,0.5,0.5,1003.5,98,19.0,0.399
2024-08-06T16:00,Santacruz_AWS,19.1197,72.8468,0.1,0.1,1003.0,100,19.0,0.398
2024-08-06T17:00,Santacruz_AWS,19.1197,72.8468,0.2,0.2,1003.0,100,18.5,0.398
2024-08-06T18:00,Santacruz_AWS,19.1197,72.8468,0.3,0.3,1003.9,78,18.6,0.404
2024-08-06T19:00,Santacruz_AWS,19.1197,72.8468,0.1,0.1,1004.2,100,15.3,0.404
2024-08-06T20:00,Santacruz_AWS,19.1197,72.8468,0.0,0.0,1004.7,100,15.5,0.403
2024-08-06T21:00,Santacruz_AWS,19.1197,72.8468,0.0,0.0,1005.5,100,13.5,0.402
2024-08-06T22:00,Santacruz_AWS,19.1197,72.8468,0.2,0.2,1006.1,100,12.5,0.402
2024-08-06T23:00,Santacruz_AWS,19.1197,72.8468,0.4,0.4,1006.1,100,12.9,0.404
2024-08-07T00:00,Santacruz_AWS,19.1197,72.8468,0.4,0.4,1005.6,100,13.8,0.407
2024-08-07T01:00,Santacruz_AWS,19.1197,72.8468,0.3,0.3,1005.0,100,14.8,0.409
2024-08-07T02:00,Santacruz_AWS,19.1197,72.8468,0.2,0.2,1003.9,100,15.8,0.41
2024-08-07T03:00,Santacruz_AWS,19.1197,72.8468,0.2,0.2,1003.6,100,15.5,0.41
2024-08-07T04:00,Santacruz_AWS,19.1197,72.8468,0.5,0.5,1003.6,100,14.5,0.414
2024-08-07T05:00,Santacruz_AWS,19.1197,72.8468,0.7,0.7,1003.9,79,14.0,0.42
2024-08-07T06:00,Santacruz_AWS,19.1197,72.8468,0.9,0.9,1004.4,43,13.7,0.425
2024-08-07T07:00,Santacruz_AWS,19.1197,72.8468,0.2,0.2,1004.9,97,16.3,0.422
2024-08-07T08:00,Santacruz_AWS,19.1197,72.8468,0.5,0.5,1005.6,97,14.1,0.422
2024-08-07T09:00,Santacruz_AWS,19.1197,72.8468,0.3,0.3,1005.9,100,14.2,0.42
2024-08-07T10:00,Santacruz_AWS,19.1197,72.8468,0.1,0.1,1005.9,92,16.8,0.417
2024-08-07T11:00,Santacruz_AWS,19.1197,72.8468,0.1,0.1,1005.7,99,17.8,0.413
2024-08-07T12:00,Santacruz_AWS,19.1197,72.8468,0.2,0.2,1005.2,100,19.2,0.411
2024-08-07T13:00,Santacruz_AWS,19.1197,72.8468,0.0,0.0,1004.4,23,18.1,0.407
2024-08-07T14:00,Santacruz_AWS,19.1197,72.8468,0.0,0.0,1003.8,45,17.7,0.403
2024-08-07T15:00,Santacruz_AWS,19.1197,72.8468,0.1,0.1,1003.4,39,18.4,0.4
2024-08-07T16:00,Santacruz_AWS,19.1197,72.8468,0.1,0.1,1003.5,39,19.1,0.399
2024-08-07T17:00,Santacruz_AWS,19.1197,72.8468,0.1,0.1,1003.7,41,18.9,0.398
2024-08-07T18:00,Santacruz_AWS,19.1197,72.8468,0.0,0.0,1004.7,75,15.7,0.402
2024-08-07T19:00,Santacruz_AWS,19.1197,72.8468,0.2,0.2,1005.6,70,13.6,0.402
2024-08-07T20:00,Santacruz_AWS,19.1197,72.8468,0.1,0.1,1006.1,83,11.8,0.402
2024-08-07T21:00,Santacruz_AWS,19.1197,72.8468,0.1,0.1,1006.3,94,12.6,0.401
2024-08-07T22:00,Santacruz_AWS,19.1197,72.8468,0.2,0.2,1006.7,93,13.2,0.402
2024-08-07T23:00,Santacruz_AWS,19.1197,72.8468,0.1,0.1,1006.6,100,13.4,0.402
2024-08-08T00:00,Santacruz_AWS,19.1197,72.8468,0.1,0.1,1006.2,100,14.5,0.402
2024-08-08T01:00,Santacruz_AWS,19.1197,72.8468,0.1,0.1,1005.6,97,13.9,0.402
2024-08-08T02:00,Santacruz_AWS,19.1197,72.8468,0.3,0.3,1005.2,74,13.6,0.403
2024-08-08T03:00,Santacruz_AWS,19.1197,72.8468,0.0,0.0,1004.9,82,11.4,0.402
2024-08-08T04:00,Santacruz_AWS,19.1197,72.8468,0.1,0.1,1004.6,92,13.4,0.402
2024-08-08T05:00,Santacruz_AWS,19.1197,72.8468,0.1,0.1,1004.9,72,14.2,0.402
2024-08-08T06:00,Santacruz_AWS,19.1197,72.8468,0.1,0.1,1005.0,64,14.8,0.403
2024-08-08T07:00,Santacruz_AWS,19.1197,72.8468,0.1,0.1,1005.5,70,14.7,0.402
2024-08-08T08:00,Santacruz_AWS,19.1197,72.8468,0.3,0.3,1006.2,92,18.6,0.403
2024-08-08T09:00,Santacruz_AWS,19.1197,72.8468,0.0,0.0,1006.5,83,15.5,0.401
2024-08-08T10:00,Santacruz_AWS,19.1197,72.8468,0.1,0.1,1007.1,98,18.4,0.399
2024-08-08T11:00,Santacruz_AWS,19.1197,72.8468,0.5,0.5,1006.9,97,12.1,0.401
2024-08-08T12:00,Santacruz_AWS,19.1197,72.8468,0.0,0.0,1006.4,100,15.7,0.399
2024-08-08T13:00,Santacruz_AWS,19.1197,72.8468,0.9,0.9,1005.9,98,16.2,0.403
2024-08-08T14:00,Santacruz_AWS,19.1197,72.8468,0.1,0.1,1005.1,96,17.9,0.4
2024-08-08T15:00,Santacruz_AWS,19.1197,72.8468,0.0,0.0,1004.6,97,18.8,0.397
2024-08-08T16:00,Santacruz_AWS,19.1197,72.8468,0.2,0.2,1004.6,100,17.7,0.396
2024-08-08T17:00,Santacruz_AWS,19.1197,72.8468,0.1,0.1,1005.0,100,16.4,0.395
2024-08-08T18:00,Santacruz_AWS,19.1197,72.8468,0.3,0.3,1005.9,100,10.5,0.392
2024-08-08T19:00,Santacruz_AWS,19.1197,72.8468,0.1,0.1,1006.0,100,12.2,0.392
2024-08-08T20:00,Santacruz_AWS,19.1197,72.8468,0.1,0.1,1006.5,100,9.4,0.392
2024-08-08T21:00,Santacruz_AWS,19.1197,72.8468,0.1,0.1,1007.0,100,10.7,0.392
2024-08-08T22:00,Santacruz_AWS,19.1197,72.8468,0.2,0.2,1007.2,100,10.5,0.393
2024-08-08T23:00,Santacruz_AWS,19.1197,72.8468,0.3,0.3,1007.1,100,11.8,0.395
2024-08-09T00:00,Santacruz_AWS,19.1197,72.8468,0.3,0.3,1006.5,100,10.4,0.397
2024-08-09T01:00,Santacruz_AWS,19.1197,72.8468,0.2,0.2,1006.0,100,10.2,0.398
2024-08-09T02:00,Santacruz_AWS,19.1197,72.8468,0.3,0.3,1005.7,100,12.2,0.4
2024-08-09T03:00,Santacruz_AWS,19.1197,72.8468,0.8,0.8,1005.4,100,14.0,0.409
2024-08-09T04:00,Santacruz_AWS,19.1197,72.8468,0.4,0.4,1005.5,100,12.3,0.411
2024-08-09T05:00,Santacruz_AWS,19.1197,72.8468,0.7,0.7,1005.7,100,11.7,0.417
2024-08-09T06:00,Santacruz_AWS,19.1197,72.8468,3.0,3.0,1005.8,100,16.0,0.436
2024-08-09T07:00,Santacruz_AWS,19.1197,72.8468,1.1,1.1,1006.2,100,14.8,0.436
2024-08-09T08:00,Santacruz_AWS,19.1197,72.8468,2.1,2.1,1007.3,100,11.6,0.433
2024-08-09T09:00,Santacruz_AWS,19.1197,72.8468,1.4,1.4,1008.3,100,11.3,0.432
2024-08-09T10:00,Santacruz_AWS,19.1197,72.8468,0.4,0.4,1008.3,100,11.3,0.43
2024-08-09T11:00,Santacruz_AWS,19.1197,72.8468,0.5,0.5,1008.3,100,12.9,0.429
2024-08-09T12:00,Santacruz_AWS,19.1197,72.8468,0.4,0.4,1008.0,100,15.1,0.428
2024-08-09T13:00,Santacruz_AWS,19.1197,72.8468,0.4,0.4,1007.3,100,13.2,0.427
2024-08-09T14:00,Santacruz_AWS,19.1197,72.8468,0.7,0.7,1006.6,100,12.3,0.428
2024-08-09T15:00,Santacruz_AWS,19.1197,72.8468,0.4,0.4,1006.0,100,15.9,0.427
2024-08-09T16:00,Santacruz_AWS,19.1197,72.8468,0.3,0.3,1005.6,100,15.5,0.425
2024-08-09T17:00,Santacruz_AWS,19.1197,72.8468,0.6,0.6,1005.7,100,14.1,0.425
2024-08-09T18:00,Santacruz_AWS,19.1197,72.8468,0.1,0.1,1006.7,100,13.3,0.411
2024-08-09T19:00,Santacruz_AWS,19.1197,72.8468,0.2,0.2,1006.9,100,14.0,0.411
2024-08-09T20:00,Santacruz_AWS,19.1197,72.8468,0.5,0.5,1007.5,100,11.3,0.413
2024-08-09T21:00,Santacruz_AWS,19.1197,72.8468,0.3,0.3,1007.9,100,9.3,0.414
2024-08-09T22:00,Santacruz_AWS,19.1197,72.8468,0.1,0.1,1008.2,100,9.4,0.413
2024-08-09T23:00,Santacruz_AWS,19.1197,72.8468,0.3,0.3,1007.9,100,10.4,0.415
2024-08-10T00:00,Santacruz_AWS,19.1197,72.8468,0.4,0.4,1007.3,100,10.4,0.417
2024-08-10T01:00,Santacruz_AWS,19.1197,72.8468,0.1,0.1,1006.8,100,4.3,0.416
2024-08-10T02:00,Santacruz_AWS,19.1197,72.8468,0.4,0.4,1006.3,100,6.3,0.418
2024-08-10T03:00,Santacruz_AWS,19.1197,72.8468,0.2,0.2,1006.0,100,7.2,0.418
2024-08-10T04:00,Santacruz_AWS,19.1197,72.8468,0.7,0.7,1006.1,100,7.1,0.423
2024-08-10T05:00,Santacruz_AWS,19.1197,72.8468,0.5,0.5,1006.5,100,7.4,0.425
2024-08-10T06:00,Santacruz_AWS,19.1197,72.8468,0.0,0.0,1006.5,100,4.1,0.422
2024-08-10T07:00,Santacruz_AWS,19.1197,72.8468,0.3,0.3,1006.9,100,6.4,0.421
2024-08-10T08:00,Santacruz_AWS,19.1197,72.8468,0.2,0.2,1007.6,100,8.2,0.42
2024-08-10T09:00,Santacruz_AWS,19.1197,72.8468,0.1,0.1,1008.0,100,6.4,0.418
2024-08-10T10:00,Santacruz_AWS,19.1197,72.8468,0.1,0.1,1008.1,100,9.2,0.415
2024-08-10T11:00,Santacruz_AWS,19.1197,72.8468,0.2,0.2,1007.7,100,12.1,0.413
2024-08-10T12:00,Santacruz_AWS,19.1197,72.8468,0.4,0.4,1007.2,99,16.1,0.413
2024-08-10T13:00,Santacruz_AWS,19.1197,72.8468,0.1,0.1,1006.5,100,17.8,0.41
2024-08-10T14:00,Santacruz_AWS,19.1197,72.8468,0.0,0.0,1005.8,51,18.6,0.407
2024-08-10T15:00,Santacruz_AWS,19.1197,72.8468,0.0,0.0,1005.0,64,18.4,0.404
2024-08-10T16:00,Santacruz_AWS,19.1197,72.8468,0.2,0.2,1004.9,63,17.8,0.403
2024-08-10T17:00,Santacruz_AWS,19.1197,72.8468,0.3,0.3,1005.0,82,18.7,0.403
2024-08-10T18:00,Santacruz_AWS,19.1197,72.8468,0.1,0.1,1006.0,100,16.2,0.406
2024-08-10T19:00,Santacruz_AWS,19.1197,72.8468,0.1,0.1,1006.1,100,14.4,0.406
2024-08-10T20:00,Santacruz_AWS,19.1197,72.8468,0.0,0.0,1006.5,100,14.8,0.405
2024-08-10T21:00,Santacruz_AWS,19.1197,72.8468,0.1,0.1,1006.9,100,14.0,0.404
2024-08-10T22:00,Santacruz_AWS,19.1197,72.8468,0.2,0.2,1007.3,100,11.9,0.405
2024-08-10T23:00,Santacruz_AWS,19.1197,72.8468,0.0,0.0,1006.9,100,13.0,0.404
2024-08-11T00:00,Santacruz_AWS,19.1197,72.8468,0.0,0.0,1006.0,100,13.8,0.403
2024-08-11T01:00,Santacruz_AWS,19.1197,72.8468,0.0,0.0,1005.6,100,14.2,0.402
2024-08-11T02:00,Santacruz_AWS,19.1197,72.8468,0.1,0.1,1004.8,70,13.9,0.402
2024-08-11T03:00,Santacruz_AWS,19.1197,72.8468,0.1,0.1,1004.8,84,13.8,0.402
2024-08-11T04:00,Santacruz_AWS,19.1197,72.8468,0.1,0.1,1004.7,40,14.7,0.402
2024-08-11T05:00,Santacruz_AWS,19.1197,72.8468,0.1,0.1,1004.7,43,14.3,0.401
2024-08-11T06:00,Santacruz_AWS,19.1197,72.8468,0.0,0.0,1005.4,95,13.6,0.397
2024-08-11T07:00,Santacruz_AWS,19.1197,72.8468,0.0,0.0,1005.5,99,15.3,0.396
2024-08-11T08:00,Santacruz_AWS,19.1197,72.8468,0.0,0.0,1006.3,100,16.5,0.395
2024-08-11T09:00,Santacruz_AWS,19.1197,72.8468,0.2,0.2,1006.9,91,18.4,0.394
2024-08-11T10:00,Santacruz_AWS,19.1197,72.8468,0.3,0.3,1006.8,59,18.1,0.395
2024-08-11T11:00,Santacruz_AWS,19.1197,72.8468,0.2,0.2,1006.5,57,19.6,0.394
2024-08-11T12:00,Santacruz_AWS,19.1197,72.8468,0.3,0.3,1006.0,92,19.3,0.394
2024-08-11T13:00,Santacruz_AWS,19.1197,72.8468,0.0,0.0,1005.3,69,20.0,0.391
2024-08-11T14:00,Santacruz_AWS,19.1197,72.8468,0.4,0.4,1004.5,59,20.3,0.392
2024-08-11T15:00,Santacruz_AWS,19.1197,72.8468,0.0,0.0,1003.9,88,20.4,0.389
2024-08-11T16:00,Santacruz_AWS,19.1197,72.8468,0.0,0.0,1003.4,100,19.6,0.387
2024-08-11T17:00,Santacruz_AWS,19.1197,72.8468,0.1,0.1,1003.0,100,19.7,0.386
2024-08-11T18:00,Santacruz_AWS,19.1197,72.8468,0.0,0.0,1003.8,100,15.8,0.379
2024-08-11T19:00,Santacruz_AWS,19.1197,72.8468,0.0,0.0,1004.0,100,14.9,0.379
2024-08-11T20:00,Santacruz_AWS,19.1197,72.8468,0.0,0.0,1004.4,100,12.6,0.379
2024-08-11T21:00,Santacruz_AWS,19.1197,72.8468,0.0,0.0,1004.6,100,10.5,0.379
2024-08-11T22:00,Santacruz_AWS,19.1197,72.8468,0.2,0.2,1004.9,92,9.8,0.38
2024-08-11T23:00,Santacruz_AWS,19.1197,72.8468,0.3,0.3,1005.0,53,9.0,0.382
2024-08-12T00:00,Santacruz_AWS,19.1197,72.8468,0.1,0.1,1004.9,100,8.6,0.383
2024-08-12T01:00,Santacruz_AWS,19.1197,72.8468,0.1,0.1,1004.3,99,9.1,0.383
2024-08-12T02:00,Santacruz_AWS,19.1197,72.8468,0.2,0.2,1003.9,100,8.2,0.385
2024-08-12T03:00,Santacruz_AWS,19.1197,72.8468,0.0,0.0,1003.8,94,11.0,0.384
2024-08-12T04:00,Santacruz_AWS,19.1197,72.8468,0.1,0.1,1003.8,100,11.2,0.385
2024-08-12T05:00,Santacruz_AWS,19.1197,72.8468,0.1,0.1,1004.3,86,10.0,0.386
2024-08-12T06:00,Santacruz_AWS,19.1197,72.8468,0.0,0.0,1004.4,93,13.3,0.384
2024-08-12T07:00,Santacruz_AWS,19.1197,72.8468,0.6,0.6,1005.0,94,14.1,0.389
2024-08-12T08:00,Santacruz_AWS,19.1197,72.8468,0.0,0.0,1005.6,97,15.6,0.388
2024-08-12T09:00,Santacruz_AWS,19.1197,72.8468,0.2,0.2,1006.1,100,14.8,0.389
2024-08-12T10:00,Santacruz_AWS,19.1197,72.8468,0.0,0.0,1006.3,100,16.3,0.387
2024-08-12T11:00,Santacruz_AWS,19.1197,72.8468,0.4,0.4,1006.3,99,15.0,0.388
2024-08-12T12:00,Santacruz_AWS,19.1197,72.8468,0.3,0.3,1005.7,95,17.3,0.388
2024-08-12T13:00,Santacruz_AWS,19.1197,72.8468,0.3,0.3,1005.2,100,17.6,0.387
2024-08-12T14:00,Santacruz_AWS,19.1197,72.8468,0.1,0.1,1004.2,100,19.9,0.385
2024-08-12T15:00,Santacruz_AWS,19.1197,72.8468,0.0,0.0,1003.5,44,21.5,0.382
2024-08-12T16:00,Santacruz_AWS,19.1197,72.8468,0.1,0.1,1003.4,24,20.1,0.38
2024-08-12T17:00,Santacruz_AWS,19.1197,72.8468,0.1,0.1,1003.3,40,18.2,0.38
2024-08-12T18:00,Santacruz_AWS,19.1197,72.8468,0.1,0.1,1004.1,19,12.2,0.379
2024-08-12T19:00,Santacruz_AWS,19.1197,72.8468,0.0,0.0,1004.3,10,10.9,0.379
2024-08-12T20:00,Santacruz_AWS,19.1197,72.8468,0.0,0.0,1004.6,14,9.8,0.378
2024-08-12T21:00,Santacruz_AWS,19.1197,72.8468,0.0,0.0,1005.2,33,8.3,0.378
2024-08-12T22:00,Santacruz_AWS,19.1197,72.8468,0.0,0.0,1006.0,91,6.2,0.378
2024-08-12T23:00,Santacruz_AWS,19.1197,72.8468,0.1,0.1,1006.2,76,6.3,0.378
2024-08-13T00:00,Santacruz_AWS,19.1197,72.8468,0.0,0.0,1005.8,10,7.0,0.378
2024-08-13T01:00,Santacruz_AWS,19.1197,72.8468,0.0,0.0,1005.5,24,6.1,0.378
2024-08-13T02:00,Santacruz_AWS,19.1197,72.8468,0.0,0.0,1005.0,72,5.4,0.378
2024-08-13T03:00,Santacruz_AWS,19.1197,72.8468,0.0,0.0,1004.7,100,5.9,0.377
2024-08-13T04:00,Santacruz_AWS,19.1197,72.8468,0.2,0.2,1004.7,73,7.2,0.379
2024-08-13T05:00,Santacruz_AWS,19.1197,72.8468,0.3,0.3,1005.2,47,6.0,0.381
2024-08-13T06:00,Santacruz_AWS,19.1197,72.8468,0.0,0.0,1005.6,100,8.3,0.38
2024-08-13T07:00,Santacruz_AWS,19.1197,72.8468,0.0,0.0,1006.1,100,7.9,0.38
2024-08-13T08:00,Santacruz_AWS,19.1197,72.8468,0.1,0.1,1006.6,100,7.8,0.38
2024-08-13T09:00,Santacruz_AWS,19.1197,72.8468,0.1,0.1,1006.9,100,7.4,0.379
2024-08-13T10:00,Santacruz_AWS,19.1197,72.8468,0.3,0.3,1007.1,100,8.7,0.381
2024-08-13T11:00,Santacruz_AWS,19.1197,72.8468,0.3,0.3,1006.7,92,10.5,0.381
2024-08-13T12:00,Santacruz_AWS,19.1197,72.8468,0.4,0.4,1005.8,54,13.0,0.383
2024-08-13T13:00,Santacruz_AWS,19.1197,72.8468,0.5,0.5,1005.1,61,15.1,0.384
2024-08-13T14:00,Santacruz_AWS,19.1197,72.8468,0.4,0.4,1004.1,58,16.6,0.384
2024-08-13T15:00,Santacruz_AWS,19.1197,72.8468,0.6,0.6,1003.6,71,16.9,0.387
2024-08-13T16:00,Santacruz_AWS,19.1197,72.8468,0.1,0.1,1003.4,50,16.2,0.385
2024-08-13T17:00,Santacruz_AWS,19.1197,72.8468,0.1,0.1,1003.1,22,15.9,0.383
2024-08-13T18:00,Santacruz_AWS,19.1197,72.8468,0.0,0.0,1003.8,46,13.7,0.38
2024-08-13T19:00,Santacruz_AWS,19.1197,72.8468,0.0,0.0,1004.3,92,10.8,0.379
2024-08-13T20:00,Santacruz_AWS,19.1197,72.8468,0.0,0.0,1005.1,99,8.2,0.379
2024-08-13T21:00,Santacruz_AWS,19.1197,72.8468,0.1,0.1,1006.0,99,6.0,0.379
2024-08-13T22:00,Santacruz_AWS,19.1197,72.8468,0.0,0.0,1006.8,85,3.3,0.378
2024-08-13T23:00,Santacruz_AWS,19.1197,72.8468,0.1,0.1,1006.6,100,4.0,0.378
2024-08-14T00:00,Santacruz_AWS,19.1197,72.8468,0.1,0.1,1006.0,100,5.0,0.379
2024-08-14T01:00,Santacruz_AWS,19.1197,72.8468,0.1,0.1,1005.3,100,3.1,0.379
2024-08-14T02:00,Santacruz_AWS,19.1197,72.8468,0.1,0.1,1004.6,100,2.3,0.379
2024-08-14T03:00,Santacruz_AWS,19.1197,72.8468,0.1,0.1,1004.5,100,2.5,0.38
2024-08-14T04:00,Santacruz_AWS,19.1197,72.8468,0.2,0.2,1004.7,100,3.4,0.381
2024-08-14T05:00,Santacruz_AWS,19.1197,72.8468,0.3,0.3,1005.1,100,2.3,0.383
2024-08-14T06:00,Santacruz_AWS,19.1197,72.8468,0.1,0.1,1005.3,100,2.5,0.381
2024-08-14T07:00,Santacruz_AWS,19.1197,72.8468,0.1,0.1,1005.9,96,2.7,0.381
2024-08-14T08:00,Santacruz_AWS,19.1197,72.8468,0.1,0.1,1006.6,76,2.7,0.38
2024-08-14T09:00,Santacruz_AWS,19.1197,72.8468,0.0,0.0,1007.0,100,3.2,0.379
2024-08-14T10:00,Santacruz_AWS,19.1197,72.8468,0.0,0.0,1007.0,99,4.1,0.378
2024-08-14T11:00,Santacruz_AWS,19.1197,72.8468,0.1,0.1,1006.6,93,7.6,0.376
2024-08-14T12:00,Santacruz_AWS,19.1197,72.8468,0.5,0.5,1006.1,51,11.6,0.377
2024-08-14T13:00,Santacruz_AWS,19.1197,72.8468,0.1,0.1,1005.2,84,13.7,0.374
2024-08-14T14:00,Santacruz_AWS,19.1197,72.8468,0.0,0.0,1004.3,95,14.9,0.371
2024-08-14T15:00,Santacruz_AWS,19.1197,72.8468,0.0,0.0,1003.6,77,15.7,0.368
2024-08-14T16:00,Santacruz_AWS,19.1197,72.8468,0.0,0.0,1003.5,95,15.5,0.366
2024-08-14T17:00,Santacruz_AWS,19.1197,72.8468,0.0,0.0,1003.8,100,16.1,0.365
2024-08-14T18:00,Santacruz_AWS,19.1197,72.8468,0.0,0.0,1004.2,87,13.0,0.359
2024-08-14T19:00,Santacruz_AWS,19.1197,72.8468,0.0,0.0,1004.7,100,9.7,0.359
2024-08-14T20:00,Santacruz_AWS,19.1197,72.8468,0.0,0.0,1005.2,100,7.9,0.359
2024-08-14T21:00,Santacruz_AWS,19.1197,72.8468,0.0,0.0,1005.8,100,4.8,0.359
2024-08-14T22:00,Santacruz_AWS,19.1197,72.8468,0.0,0.0,1006.0,100,4.3,0.358
2024-08-14T23:00,Santacruz_AWS,19.1197,72.8468,0.0,0.0,1005.9,72,3.8,0.358
2024-08-15T00:00,Santacruz_AWS,19.1197,72.8468,0.0,0.0,1005.3,36,4.2,0.358
2024-08-15T01:00,Santacruz_AWS,19.1197,72.8468,0.0,0.0,1004.8,57,2.2,0.359
2024-08-15T02:00,Santacruz_AWS,19.1197,72.8468,0.1,0.1,1004.4,96,2.3,0.359
2024-08-15T03:00,Santacruz_AWS,19.1197,72.8468,0.0,0.0,1004.1,100,2.1,0.359
2024-08-15T04:00,Santacruz_AWS,19.1197,72.8468,0.0,0.0,1004.0,97,1.9,0.359
2024-08-15T05:00,Santacruz_AWS,19.1197,72.8468,0.0,0.0,1004.5,99,0.5,0.359
2024-08-15T06:00,Santacruz_AWS,19.1197,72.8468,0.1,0.1,1005.0,100,2.3,0.358
2024-08-15T07:00,Santacruz_AWS,19.1197,72.8468,0.1,0.1,1005.0,100,2.6,0.359
2024-08-15T08:00,Santacruz_AWS,19.1197,72.8468,0.1,0.1,1005.4,100,3.3,0.359
2024-08-15T09:00,Santacruz_AWS,19.1197,72.8468,0.1,0.1,1005.7,99,5.0,0.359
2024-08-15T10:00,Santacruz_AWS,19.1197,72.8468,0.2,0.2,1005.9,51,7.6,0.359
2024-08-15T11:00,Santacruz_AWS,19.1197,72.8468,0.2,0.2,1005.8,96,10.4,0.358
2024-08-15T12:00,Santacruz_AWS,19.1197,72.8468,0.3,0.3,1005.0,91,12.8,0.358
2024-08-15T13:00,Santacruz_AWS,19.1197,72.8468,0.0,0.0,1004.1,99,15.2,0.355
2024-08-15T14:00,Santacruz_AWS,19.1197,72.8468,0.0,0.0,1003.3,100,17.2,0.352
2024-08-15T15:00,Santacruz_AWS,19.1197,72.8468,0.0,0.0,1002.6,100,18.1,0.349
2024-08-15T16:00,Santacruz_AWS,19.1197,72.8468,0.0,0.0,1002.5,100,17.3,0.348
2024-08-15T17:00,Santacruz_AWS,19.1197,72.8468,0.0,0.0,1002.7,100,14.8,0.347
2024-08-15T18:00,Santacruz_AWS,19.1197,72.8468,0.0,0.0,1002.7,100,11.2,0.351
2024-08-15T19:00,Santacruz_AWS,19.1197,72.8468,0.0,0.0,1003.4,100,7.1,0.35
2024-08-15T20:00,Santacruz_AWS,19.1197,72.8468,0.0,0.0,1003.9,100,5.9,0.35
2024-08-15T21:00,Santacruz_AWS,19.1197,72.8468,0.0,0.0,1004.1,100,4.4,0.35
2024-08-15T22:00,Santacruz_AWS,19.1197,72.8468,0.0,0.0,1004.4,100,3.9,0.35
2024-08-15T23:00,Santacruz_AWS,19.1197,72.8468,0.0,0.0,1004.4,82,3.7,0.35
2024-08-16T00:00,Santacruz_AWS,19.1197,72.8468,0.0,0.0,1004.1,100,4.0,0.35
2024-08-16T01:00,Santacruz_AWS,19.1197,72.8468,0.0,0.0,1003.5,100,4.1,0.35
2024-08-16T02:00,Santacruz_AWS,19.1197,72.8468,0.0,0.0,1003.0,100,4.5,0.35
2024-08-16T03:00,Santacruz_AWS,19.1197,72.8468,0.0,0.0,1002.7,100,1.6,0.35
2024-08-16T04:00,Santacruz_AWS,19.1197,72.8468,0.0,0.0,1002.5,93,0.8,0.35
2024-08-16T05:00,Santacruz_AWS,19.1197,72.8468,0.0,0.0,1002.7,95,2.9,0.35
2024-08-16T06:00,Santacruz_AWS,19.1197,72.8468,0.0,0.0,1003.0,99,4.2,0.351
2024-08-16T07:00,Santacruz_AWS,19.1197,72.8468,0.0,0.0,1003.4,99,5.2,0.351
2024-08-16T08:00,Santacruz_AWS,19.1197,72.8468,0.1,0.1,1004.0,99,8.4,0.351
2024-08-16T09:00,Santacruz_AWS,19.1197,72.8468,0.0,0.0,1004.6,100,8.0,0.35
2024-08-16T10:00,Santacruz_AWS,19.1197,72.8468,0.0,0.0,1004.7,99,8.6,0.348
2024-08-16T11:00,Santacruz_AWS,19.1197,72.8468,0.2,0.2,1004.4,99,10.9,0.347
2024-08-16T12:00,Santacruz_AWS,19.1197,72.8468,0.2,0.2,1003.8,98,14.1,0.346
2024-08-16T13:00,Santacruz_AWS,19.1197,72.8468,0.1,0.1,1002.9,98,15.6,0.344
2024-08-16T14:00,Santacruz_AWS,19.1197,72.8468,0.1,0.1,1001.8,100,16.2,0.341
2024-08-16T15:00,Santacruz_AWS,19.1197,72.8468,0.1,0.1,1001.5,100,16.6,0.339
2024-08-16T16:00,Santacruz_AWS,19.1197,72.8468,0.1,0.1,1001.3,100,16.0,0.338
2024-08-16T17:00,Santacruz_AWS,19.1197,72.8468,0.0,0.0,1001.5,100,14.8,0.337
2024-08-16T18:00,Santacruz_AWS,19.1197,72.8468,0.0,0.0,1002.2,100,10.5,0.332
2024-08-16T19:00,Santacruz_AWS,19.1197,72.8468,0.0,0.0,1002.7,100,8.6,0.332
2024-08-16T20:00,Santacruz_AWS,19.1197,72.8468,0.0,0.0,1003.6,100,6.4,0.332
2024-08-16T21:00,Santacruz_AWS,19.1197,72.8468,0.0,0.0,1004.3,100,5.5,0.332
2024-08-16T22:00,Santacruz_AWS,19.1197,72.8468,0.0,0.0,1004.8,100,5.8,0.332
2024-08-16T23:00,Santacruz_AWS,19.1197,72.8468,0.0,0.0,1004.9,97,4.1,0.332
2024-08-17T00:00,Santacruz_AWS,19.1197,72.8468,0.0,0.0,1004.4,89,4.7,0.332
2024-08-17T01:00,Santacruz_AWS,19.1197,72.8468,0.0,0.0,1004.0,100,3.4,0.332
2024-08-17T02:00,Santacruz_AWS,19.1197,72.8468,0.0,0.0,1003.7,100,4.1,0.332
2024-08-17T03:00,Santacruz_AWS,19.1197,72.8468,0.2,0.2,1003.4,100,3.3,0.334
2024-08-17T04:00,Santacruz_AWS,19.1197,72.8468,0.1,0.1,1003.4,96,1.8,0.335
2024-08-17T05:00,Santacruz_AWS,19.1197,72.8468,0.0,0.0,1003.7,98,1.9,0.335
2024-08-17T06:00,Santacruz_AWS,19.1197,72.8468,0.0,0.0,1004.3,97,2.7,0.336
2024-08-17T07:00,Santacruz_AWS,19.1197,72.8468,0.1,0.1,1004.6,95,4.0,0.336
2024-08-17T08:00,Santacruz_AWS,19.1197,72.8468,0.0,0.0,1005.0,100,3.5,0.336
2024-08-17T09:00,Santacruz_AWS,19.1197,72.8468,0.0,0.0,1005.5,96,1.1,0.335
2024-08-17T10:00,Santacruz_AWS,19.1197,72.8468,0.0,0.0,1005.8,100,5.9,0.333
2024-08-17T11:00,Santacruz_AWS,19.1197,72.8468,0.1,0.1,1005.5,99,9.4,0.332
2024-08-17T12:00,Santacruz_AWS,19.1197,72.8468,0.0,0.0,1004.9,99,10.4,0.329
2024-08-17T13:00,Santacruz_AWS,19.1197,72.8468,0.0,0.0,1004.3,100,11.2,0.326
2024-08-17T14:00,Santacruz_AWS,19.1197,72.8468,0.0,0.0,1003.4,100,12.8,0.323
2024-08-17T15:00,Santacruz_AWS,19.1197,72.8468,0.0,0.0,1002.9,100,12.8,0.321
2024-08-17T16:00,Santacruz_AWS,19.1197,72.8468,0.0,0.0,1002.7,100,12.2,0.32
2024-08-17T17:00,Santacruz_AWS,19.1197,72.8468,0.0,0.0,1002.9,100,10.6,0.319
2024-08-17T18:00,Santacruz_AWS,19.1197,72.8468,0.0,0.0,1003.1,100,13.1,0.321
2024-08-17T19:00,Santacruz_AWS,19.1197,72.8468,0.0,0.0,1003.7,100,10.0,0.321
2024-08-17T20:00,Santacruz_AWS,19.1197,72.8468,0.0,0.0,1004.0,100,7.7,0.321
2024-08-17T21:00,Santacruz_AWS,19.1197,72.8468,0.0,0.0,1005.2,100,4.5,0.321
2024-08-17T22:00,Santacruz_AWS,19.1197,72.8468,0.0,0.0,1006.2,100,3.6,0.321
2024-08-17T23:00,Santacruz_AWS,19.1197,72.8468,0.0,0.0,1006.2,100,3.9,0.321
2024-08-18T00:00,Santacruz_AWS,19.1197,72.8468,0.0,0.0,1005.6,100,3.3,0.321
2024-08-18T01:00,Santacruz_AWS,19.1197,72.8468,0.0,0.0,1005.3,100,3.6,0.321
2024-08-18T02:00,Santacruz_AWS,19.1197,72.8468,0.0,0.0,1004.6,100,3.5,0.321
2024-08-18T03:00,Santacruz_AWS,19.1197,72.8468,0.0,0.0,1004.3,100,3.7,0.321
2024-08-18T04:00,Santacruz_AWS,19.1197,72.8468,0.0,0.0,1004.2,100,3.1,0.321
2024-08-18T05:00,Santacruz_AWS,19.1197,72.8468,0.0,0.0,1004.4,100,4.3,0.322
2024-08-18T06:00,Santacruz_AWS,19.1197,72.8468,0.0,0.0,1004.4,100,2.8,0.322
2024-08-18T07:00,Santacruz_AWS,19.1197,72.8468,0.0,0.0,1005.1,100,3.6,0.322
2024-08-18T08:00,Santacruz_AWS,19.1197,72.8468,0.0,0.0,1005.6,89,4.3,0.321
2024-08-18T09:00,Santacruz_AWS,19.1197,72.8468,0.0,0.0,1006.0,100,4.9,0.32
2024-08-18T10:00,Santacruz_AWS,19.1197,72.8468,0.1,0.1,1006.2,100,5.9,0.319
2024-08-18T11:00,Santacruz_AWS,19.1197,72.8468,0.3,0.3,1005.9,100,10.3,0.319
2024-08-18T12:00,Santacruz_AWS,19.1197,72.8468,0.3,0.3,1005.6,100,11.8,0.321
2024-08-18T13:00,Santacruz_AWS,19.1197,72.8468,0.9,0.9,1005.0,100,13.2,0.327
2024-08-18T14:00,Santacruz_AWS,19.1197,72.8468,1.0,1.0,1004.2,100,13.7,0.337
2024-08-18T15:00,Santacruz_AWS,19.1197,72.8468,0.3,0.3,1003.8,100,12.9,0.339
2024-08-18T16:00,Santacruz_AWS,19.1197,72.8468,0.0,0.0,1003.6,100,12.8,0.338
2024-08-18T17:00,Santacruz_AWS,19.1197,72.8468,0.0,0.0,1003.3,100,12.0,0.338
2024-08-18T18:00,Santacruz_AWS,19.1197,72.8468,0.0,0.0,1003.3,100,11.3,0.339
2024-08-18T19:00,Santacruz_AWS,19.1197,72.8468,0.0,0.0,1004.1,100,8.8,0.339
2024-08-18T20:00,Santacruz_AWS,19.1197,72.8468,0.0,0.0,1004.8,100,8.4,0.339
2024-08-18T21:00,Santacruz_AWS,19.1197,72.8468,0.0,0.0,1005.5,100,7.7,0.338
2024-08-18T22:00,Santacruz_AWS,19.1197,72.8468,0.0,0.0,1006.0,100,7.4,0.338
2024-08-18T23:00,Santacruz_AWS,19.1197,72.8468,0.0,0.0,1006.1,99,8.0,0.338
2024-08-19T00:00,Santacruz_AWS,19.1197,72.8468,0.0,0.0,1005.5,100,8.7,0.338
2024-08-19T01:00,Santacruz_AWS,19.1197,72.8468,0.0,0.0,1005.1,58,8.7,0.337
2024-08-19T02:00,Santacruz_AWS,19.1197,72.8468,0.0,0.0,1004.3,74,10.2,0.337
2024-08-19T03:00,Santacruz_AWS,19.1197,72.8468,1.7,1.7,1004.2,100,6.5,0.356
2024-08-19T04:00,Santacruz_AWS,19.1197,72.8468,1.8,1.8,1004.1,99,4.0,0.379
2024-08-19T05:00,Santacruz_AWS,19.1197,72.8468,3.8,3.8,1004.8,100,2.6,0.428
2024-08-19T06:00,Santacruz_AWS,19.1197,72.8468,0.1,0.1,1004.5,100,7.5,0.391
2024-08-19T07:00,Santacruz_AWS,19.1197,72.8468,0.2,0.2,1004.6,100,6.2,0.389
2024-08-19T08:00,Santacruz_AWS,19.1197,72.8468,0.6,0.6,1005.1,100,4.3,0.393
2024-08-19T09:00,Santacruz_AWS,19.1197,72.8468,0.2,0.2,1005.3,100,6.9,0.392
2024-08-19T10:00,Santacruz_AWS,19.1197,72.8468,0.5,0.5,1005.7,100,6.2,0.393
2024-08-19T11:00,Santacruz_AWS,19.1197,72.8468,0.4,0.4,1005.7,100,7.1,0.392
2024-08-19T12:00,Santacruz_AWS,19.1197,72.8468,0.2,0.2,1004.9,100,9.8,0.39
2024-08-19T13:00,Santacruz_AWS,19.1197,72.8468,0.1,0.1,1003.8,100,11.0,0.388
2024-08-19T14:00,Santacruz_AWS,19.1197,72.8468,0.0,0.0,1002.6,100,14.6,0.384
2024-08-19T15:00,Santacruz_AWS,19.1197,72.8468,0.0,0.0,1001.6,100,15.9,0.38
2024-08-19T16:00,Santacruz_AWS,19.1197,72.8468,0.0,0.0,1001.4,100,15.1,0.377
2024-08-19T17:00,Santacruz_AWS,19.1197,72.8468,0.0,0.0,1001.9,100,13.5,0.375
2024-08-19T18:00,Santacruz_AWS,19.1197,72.8468,0.1,0.1,1002.4,100,5.1,0.361
2024-08-19T19:00,Santacruz_AWS,19.1197,72.8468,2.7,2.7,1003.6,100,3.8,0.394
2024-08-19T20:00,Santacruz_AWS,19.1197,72.8468,0.4,0.4,1004.0,100,6.2,0.395
2024-08-19T21:00,Santacruz_AWS,19.1197,72.8468,1.0,1.0,1005.2,100,9.2,0.405
2024-08-19T22:00,Santacruz_AWS,19.1197,72.8468,0.6,0.6,1005.5,100,2.1,0.407
2024-08-19T23:00,Santacruz_AWS,19.1197,72.8468,2.3,2.3,1005.6,100,3.7,0.43
2024-08-20T00:00,Santacruz_AWS,19.1197,72.8468,0.6,0.6,1004.7,100,2.9,0.422
2024-08-20T01:00,Santacruz_AWS,19.1197,72.8468,1.0,1.0,1003.8,100,1.6,0.423
2024-08-20T02:00,Santacruz_AWS,19.1197,72.8468,0.3,0.3,1002.8,100,1.8,0.417
2024-08-20T03:00,Santacruz_AWS,19.1197,72.8468,0.0,0.0,1002.4,100,1.8,0.411
2024-08-20T04:00,Santacruz_AWS,19.1197,72.8468,0.0,0.0,1002.1,95,3.7,0.406
2024-08-20T05:00,Santacruz_AWS,19.1197,72.8468,2.5,2.5,1002.8,96,2.0,0.43
2024-08-20T06:00,Santacruz_AWS,19.1197,72.8468,0.7,0.7,1003.0,100,5.0,0.369
2024-08-20T07:00,Santacruz_AWS,19.1197,72.8468,3.5,3.5,1003.7,100,8.2,0.415
2024-08-20T08:00,Santacruz_AWS,19.1197,72.8468,3.4,3.4,1004.3,100,6.0,0.438
2024-08-20T09:00,Santacruz_AWS,19.1197,72.8468,8.9,8.9,1005.2,100,5.2,0.429
2024-08-20T10:00,Santacruz_AWS,19.1197,72.8468,2.9,2.9,1005.4,99,5.9,0.439
2024-08-20T11:00,Santacruz_AWS,19.1197,72.8468,3.7,3.7,1005.5,100,2.9,0.432
2024-08-20T12:00,Santacruz_AWS,19.1197,72.8468,0.6,0.6,1004.7,99,5.5,0.427
2024-08-20T13:00,Santacruz_AWS,19.1197,72.8468,0.1,0.1,1004.1,97,6.6,0.42
2024-08-20T14:00,Santacruz_AWS,19.1197,72.8468,0.0,0.0,1003.0,78,8.5,0.415
2024-08-20T15:00,Santacruz_AWS,19.1197,72.8468,0.0,0.0,1002.4,92,12.4,0.411
2024-08-20T16:00,Santacruz_AWS,19.1197,72.8468,0.0,0.0,1002.2,100,13.1,0.407
2024-08-20T17:00,Santacruz_AWS,19.1197,72.8468,0.0,0.0,1002.1,75,12.8,0.405
2024-08-20T18:00,Santacruz_AWS,19.1197,72.8468,0.3,0.3,1003.2,92,11.0,0.391
2024-08-20T19:00,Santacruz_AWS,19.1197,72.8468,0.2,0.2,1003.8,52,8.2,0.391
2024-08-20T20:00,Santacruz_AWS,19.1197,72.8468,0.1,0.1,1004.6,100,7.6,0.389
2024-08-20T21:00,Santacruz_AWS,19.1197,72.8468,0.0,0.0,1005.0,100,6.0,0.387
2024-08-20T22:00,Santacruz_AWS,19.1197,72.8468,0.0,0.0,1005.9,100,4.0,0.385
2024-08-20T23:00,Santacruz_AWS,19.1197,72.8468,0.0,0.0,1006.0,100,3.3,0.384
2024-08-21T00:00,Santacruz_AWS,19.1197,72.8468,0.0,0.0,1005.5,100,2.9,0.382
2024-08-21T01:00,Santacruz_AWS,19.1197,72.8468,0.0,0.0,1004.9,100,2.9,0.381
2024-08-21T02:00,Santacruz_AWS,19.1197,72.8468,0.0,0.0,1004.2,100,3.0,0.379
2024-08-21T03:00,Santacruz_AWS,19.1197,72.8468,0.0,0.0,1003.9,100,5.4,0.378
2024-08-21T04:00,Santacruz_AWS,19.1197,72.8468,0.0,0.0,1003.8,100,4.4,0.377
2024-08-21T05:00,Santacruz_AWS,19.1197,72.8468,0.0,0.0,1004.1,100,3.6,0.376
2024-08-21T06:00,Santacruz_AWS,19.1197,72.8468,0.0,0.0,1003.7,100,6.5,0.373
2024-08-21T07:00,Santacruz_AWS,19.1197,72.8468,0.0,0.0,1004.5,100,7.9,0.372
2024-08-21T08:00,Santacruz_AWS,19.1197,72.8468,0.0,0.0,1005.1,99,9.3,0.371
2024-08-21T09:00,Santacruz_AWS,19.1197,72.8468,0.0,0.0,1005.3,97,9.8,0.369
2024-08-21T10:00,Santacruz_AWS,19.1197,72.8468,0.0,0.0,1005.0,100,8.5,0.366
2024-08-21T11:00,Santacruz_AWS,19.1197,72.8468,0.0,0.0,1004.5,100,8.9,0.363
2024-08-21T12:00,Santacruz_AWS,19.1197,72.8468,0.1,0.1,1004.1,100,10.2,0.36
2024-08-21T13:00,Santacruz_AWS,19.1197,72.8468,0.1,0.1,1003.4,98,15.5,0.358
2024-08-21T14:00,Santacruz_AWS,19.1197,72.8468,0.0,0.0,1002.1,100,16.1,0.355
2024-08-21T15:00,Santacruz_AWS,19.1197,72.8468,0.0,0.0,1001.6,77,16.1,0.353
2024-08-21T16:00,Santacruz_AWS,19.1197,72.8468,0.0,0.0,1001.3,54,17.3,0.35
2024-08-21T17:00,Santacruz_AWS,19.1197,72.8468,0.0,0.0,1001.8,78,15.3,0.349
2024-08-21T18:00,Santacruz_AWS,19.1197,72.8468,0.0,0.0,1002.1,99,12.4,0.354
2024-08-21T19:00,Santacruz_AWS,19.1197,72.8468,0.0,0.0,1003.0,100,7.9,0.354
2024-08-21T20:00,Santacruz_AWS,19.1197,72.8468,0.0,0.0,1003.5,99,6.2,0.354
2024-08-21T21:00,Santacruz_AWS,19.1197,72.8468,0.0,0.0,1004.2,99,4.3,0.353
2024-08-21T22:00,Santacruz_AWS,19.1197,72.8468,0.0,0.0,1004.6,100,4.0,0.353
2024-08-21T23:00,Santacruz_AWS,19.1197,72.8468,0.0,0.0,1004.5,100,3.9,0.353
2024-08-22T00:00,Santacruz_AWS,19.1197,72.8468,0.0,0.0,1004.0,100,6.4,0.352
2024-08-22T01:00,Santacruz_AWS,19.1197,72.8468,0.0,0.0,1003.9,100,7.6,0.352
2024-08-22T02:00,Santacruz_AWS,19.1197,72.8468,0.0,0.0,1003.3,100,9.4,0.352
2024-08-22T03:00,Santacruz_AWS,19.1197,72.8468,0.1,0.1,1003.1,100,9.5,0.352
2024-08-22T04:00,Santacruz_AWS,19.1197,72.8468,0.0,0.0,1003.0,100,5.6,0.352
2024-08-22T05:00,Santacruz_AWS,19.1197,72.8468,0.0,0.0,1002.7,100,4.7,0.352
2024-08-22T06:00,Santacruz_AWS,19.1197,72.8468,0.1,0.1,1002.9,100,3.7,0.349
2024-08-22T07:00,Santacruz_AWS,19.1197,72.8468,0.0,0.0,1003.5,100,3.6,0.349
2024-08-22T08:00,Santacruz_AWS,19.1197,72.8468,0.1,0.1,1004.2,100,7.8,0.348
2024-08-22T09:00,Santacruz_AWS,19.1197,72.8468,0.1,0.1,1004.5,100,9.4,0.348
2024-08-22T10:00,Santacruz_AWS,19.1197,72.8468,0.1,0.1,1004.6,100,9.7,0.347
2024-08-22T11:00,Santacruz_AWS,19.1197,72.8468,0.1,0.1,1004.0,100,9.5,0.345
2024-08-22T12:00,Santacruz_AWS,19.1197,72.8468,0.0,0.0,1003.6,100,11.5,0.342
2024-08-22T13:00,Santacruz_AWS,19.1197,72.8468,0.0,0.0,1002.8,100,13.3,0.339
2024-08-22T14:00,Santacruz_AWS,19.1197,72.8468,0.2,0.2,1001.7,100,15.8,0.337
2024-08-22T15:00,Santacruz_AWS,19.1197,72.8468,0.2,0.2,1001.4,99,15.0,0.337
2024-08-22T16:00,Santacruz_AWS,19.1197,72.8468,0.2,0.2,1001.1,100,12.7,0.338
2024-08-22T17:00,Santacruz_AWS,19.1197,72.8468,0.3,0.3,1000.8,98,12.7,0.339
2024-08-22T18:00,Santacruz_AWS,19.1197,72.8468,0.1,0.1,1002.0,100,12.6,0.406
2024-08-22T19:00,Santacruz_AWS,19.1197,72.8468,0.0,0.0,1002.9,100,11.4,0.401
2024-08-22T20:00,Santacruz_AWS,19.1197,72.8468,0.0,0.0,1003.5,100,10.2,0.398
2024-08-22T21:00,Santacruz_AWS,19.1197,72.8468,0.0,0.0,1004.4,100,9.9,0.395
2024-08-22T22:00,Santacruz_AWS,19.1197,72.8468,0.1,0.1,1004.9,100,10.9,0.393
2024-08-22T23:00,Santacruz_AWS,19.1197,72.8468,3.0,3.0,1005.4,100,8.7,0.425
2024-08-23T00:00,Santacruz_AWS,19.1197,72.8468,2.0,2.0,1004.5,100,12.0,0.421
2024-08-23T01:00,Santacruz_AWS,19.1197,72.8468,0.1,0.1,1003.9,100,9.2,0.415
2024-08-23T02:00,Santacruz_AWS,19.1197,72.8468,0.6,0.6,1003.1,100,9.9,0.416
2024-08-23T03:00,Santacruz_AWS,19.1197,72.8468,0.1,0.1,1002.6,100,11.1,0.412
2024-08-23T04:00,Santacruz_AWS,19.1197,72.8468,0.1,0.1,1002.5,100,14.0,0.408
2024-08-23T05:00,Santacruz_AWS,19.1197,72.8468,0.1,0.1,1002.9,100,13.9,0.406
2024-08-23T06:00,Santacruz_AWS,19.1197,72.8468,0.1,0.1,1004.2,100,12.9,0.403
2024-08-23T07:00,Santacruz_AWS,19.1197,72.8468,0.3,0.3,1004.4,100,12.2,0.403
2024-08-23T08:00,Santacruz_AWS,19.1197,72.8468,0.3,0.3,1004.7,100,12.9,0.403
2024-08-23T09:00,Santacruz_AWS,19.1197,72.8468,0.4,0.4,1005.6,100,12.4,0.403
2024-08-23T10:00,Santacruz_AWS,19.1197,72.8468,0.4,0.4,1005.3,100,16.2,0.404
2024-08-23T11:00,Santacruz_AWS,19.1197,72.8468,0.3,0.3,1005.4,100,14.3,0.403
2024-08-23T12:00,Santacruz_AWS,19.1197,72.8468,0.3,0.3,1004.8,96,18.1,0.401
2024-08-23T13:00,Santacruz_AWS,19.1197,72.8468,0.6,0.6,1003.9,100,17.2,0.402
2024-08-23T14:00,Santacruz_AWS,19.1197,72.8468,0.1,0.1,1003.0,100,14.9,0.4
2024-08-23T15:00,Santacruz_AWS,19.1197,72.8468,0.3,0.3,1002.7,100,16.3,0.4
2024-08-23T16:00,Santacruz_AWS,19.1197,72.8468,0.2,0.2,1002.2,100,13.8,0.399
2024-08-23T17:00,Santacruz_AWS,19.1197,72.8468,3.4,3.4,1002.6,100,12.2,0.433
2024-08-23T18:00,Santacruz_AWS,19.1197,72.8468,1.0,1.0,1002.8,100,6.1,0.425
2024-08-23T19:00,Santacruz_AWS,19.1197,72.8468,0.8,0.8,1003.0,100,8.2,0.425
2024-08-23T20:00,Santacruz_AWS,19.1197,72.8468,1.5,1.5,1003.8,100,5.4,0.436
2024-08-23T21:00,Santacruz_AWS,19.1197,72.8468,2.0,2.0,1004.6,100,2.4,0.436
2024-08-23T22:00,Santacruz_AWS,19.1197,72.8468,0.7,0.7,1004.5,100,5.2,0.428
2024-08-23T23:00,Santacruz_AWS,19.1197,72.8468,0.3,0.3,1004.5,100,7.2,0.425
2024-08-24T00:00,Santacruz_AWS,19.1197,72.8468,0.8,0.8,1004.5,100,8.0,0.429
2024-08-24T01:00,Santacruz_AWS,19.1197,72.8468,0.6,0.6,1004.1,100,9.0,0.429
2024-08-24T02:00,Santacruz_AWS,19.1197,72.8468,0.5,0.5,1003.5,100,4.8,0.428
2024-08-24T03:00,Santacruz_AWS,19.1197,72.8468,0.4,0.4,1003.2,100,4.4,0.427
2024-08-24T04:00,Santacruz_AWS,19.1197,72.8468,3.6,3.6,1003.1,100,8.7,0.437
2024-08-24T05:00,Santacruz_AWS,19.1197,72.8468,1.5,1.5,1003.1,100,14.1,0.437
2024-08-24T06:00,Santacruz_AWS,19.1197,72.8468,6.4,6.4,1004.2,100,8.6,0.439
2024-08-24T07:00,Santacruz_AWS,19.1197,72.8468,3.1,3.1,1005.1,100,10.5,0.436
2024-08-24T08:00,Santacruz_AWS,19.1197,72.8468,1.8,1.8,1005.9,100,14.7,0.439
2024-08-24T09:00,Santacruz_AWS,19.1197,72.8468,3.0,3.0,1006.3,100,13.4,0.435
2024-08-24T10:00,Santacruz_AWS,19.1197,72.8468,4.5,4.5,1006.7,100,14.2,0.439
2024-08-24T11:00,Santacruz_AWS,19.1197,72.8468,2.8,2.8,1006.2,100,14.5,0.439
2024-08-24T12:00,Santacruz_AWS,19.1197,72.8468,4.0,4.0,1006.0,100,16.8,0.439
2024-08-24T13:00,Santacruz_AWS,19.1197,72.8468,3.3,3.3,1005.2,100,19.1,0.439
2024-08-24T14:00,Santacruz_AWS,19.1197,72.8468,3.1,3.1,1004.5,100,18.4,0.436
2024-08-24T15:00,Santacruz_AWS,19.1197,72.8468,2.1,2.1,1004.0,100,16.4,0.438
2024-08-24T16:00,Santacruz_AWS,19.1197,72.8468,1.4,1.4,1003.6,100,15.5,0.437
2024-08-24T17:00,Santacruz_AWS,19.1197,72.8468,2.3,2.3,1003.9,100,17.0,0.434
2024-08-24T18:00,Santacruz_AWS,19.1197,72.8468,3.0,3.0,1004.2,100,20.9,0.438
2024-08-24T19:00,Santacruz_AWS,19.1197,72.8468,2.7,2.7,1004.8,100,17.6,0.439
2024-08-24T20:00,Santacruz_AWS,19.1197,72.8468,4.1,4.1,1005.2,100,17.6,0.436
2024-08-24T21:00,Santacruz_AWS,19.1197,72.8468,1.7,1.7,1005.9,100,15.3,0.436
2024-08-24T22:00,Santacruz_AWS,19.1197,72.8468,2.4,2.4,1006.1,100,15.3,0.437
2024-08-24T23:00,Santacruz_AWS,19.1197,72.8468,2.6,2.6,1006.1,100,17.0,0.436
2024-08-25T00:00,Santacruz_AWS,19.1197,72.8468,2.6,2.6,1005.8,100,19.6,0.432
2024-08-25T01:00,Santacruz_AWS,19.1197,72.8468,0.8,0.8,1005.0,100,14.6,0.434
2024-08-25T02:00,Santacruz_AWS,19.1197,72.8468,0.8,0.8,1004.2,100,19.3,0.436
2024-08-25T03:00,Santacruz_AWS,19.1197,72.8468,0.9,0.9,1003.8,100,15.8,0.437
2024-08-25T04:00,Santacruz_AWS,19.1197,72.8468,3.3,3.3,1004.0,100,19.4,0.439
2024-08-25T05:00,Santacruz_AWS,19.1197,72.8468,2.4,2.4,1003.4,100,19.9,0.435
2024-08-25T06:00,Santacruz_AWS,19.1197,72.8468,3.0,3.0,1004.1,100,22.1,0.434
2024-08-25T07:00,Santacruz_AWS,19.1197,72.8468,2.4,2.4,1004.5,100,22.8,0.439
2024-08-25T08:00,Santacruz_AWS,19.1197,72.8468,2.8,2.8,1004.9,100,20.8,0.439
2024-08-25T09:00,Santacruz_AWS,19.1197,72.8468,1.6,1.6,1005.0,100,21.1,0.439
2024-08-25T10:00,Santacruz_AWS,19.1197,72.8468,0.8,0.8,1005.0,100,16.6,0.433
2024-08-25T11:00,Santacruz_AWS,19.1197,72.8468,1.2,1.2,1004.9,100,16.9,0.432
2024-08-25T12:00,Santacruz_AWS,19.1197,72.8468,0.5,0.5,1004.4,100,21.7,0.429
2024-08-25T13:00,Santacruz_AWS,19.1197,72.8468,0.3,0.3,1003.7,100,23.5,0.426
2024-08-25T14:00,Santacruz_AWS,19.1197,72.8468,0.8,0.8,1003.5,98,24.5,0.427
2024-08-25T15:00,Santacruz_AWS,19.1197,72.8468,0.1,0.1,1002.7,100,25.9,0.424
2024-08-25T16:00,Santacruz_AWS,19.1197,72.8468,0.2,0.2,1002.4,100,23.9,0.421
2024-08-25T17:00,Santacruz_AWS,19.1197,72.8468,0.3,0.3,1002.4,100,22.6,0.421
2024-08-25T18:00,Santacruz_AWS,19.1197,72.8468,0.8,0.8,1002.6,100,20.9,0.434
2024-08-25T19:00,Santacruz_AWS,19.1197,72.8468,0.2,0.2,1002.9,100,23.4,0.43
2024-08-25T20:00,Santacruz_AWS,19.1197,72.8468,1.0,1.0,1003.1,100,21.7,0.435
2024-08-25T21:00,Santacruz_AWS,19.1197,72.8468,0.5,0.5,1003.2,100,25.1,0.433
2024-08-25T22:00,Santacruz_AWS,19.1197,72.8468,0.5,0.5,1003.3,100,24.9,0.432
2024-08-25T23:00,Santacruz_AWS,19.1197,72.8468,0.2,0.2,1002.8,100,26.0,0.429
2024-08-26T00:00,Santacruz_AWS,19.1197,72.8468,0.4,0.4,1002.1,100,26.7,0.429
2024-08-26T01:00,Santacruz_AWS,19.1197,72.8468,0.1,0.1,1001.7,100,27.1,0.425
2024-08-26T02:00,Santacruz_AWS,19.1197,72.8468,0.3,0.3,1001.1,100,27.2,0.424
2024-08-26T03:00,Santacruz_AWS,19.1197,72.8468,0.4,0.4,1000.9,100,28.1,0.424
2024-08-26T04:00,Santacruz_AWS,19.1197,72.8468,0.4,0.4,1000.9,100,26.7,0.423
2024-08-26T05:00,Santacruz_AWS,19.1197,72.8468,0.3,0.3,1001.0,100,28.0,0.423
2024-08-26T06:00,Santacruz_AWS,19.1197,72.8468,1.0,1.0,1001.5,100,26.8,0.425
2024-08-26T07:00,Santacruz_AWS,19.1197,72.8468,0.3,0.3,1001.9,100,26.1,0.425
2024-08-26T08:00,Santacruz_AWS,19.1197,72.8468,1.0,1.0,1002.9,100,24.5,0.431
2024-08-26T09:00,Santacruz_AWS,19.1197,72.8468,1.6,1.6,1003.2,100,24.4,0.438
2024-08-26T10:00,Santacruz_AWS,19.1197,72.8468,2.4,2.4,1003.8,100,19.5,0.434
2024-08-26T11:00,Santacruz_AWS,19.1197,72.8468,2.5,2.5,1003.5,100,23.4,0.434
2024-08-26T12:00,Santacruz_AWS,19.1197,72.8468,2.4,2.4,1003.3,100,23.7,0.432
2024-08-26T13:00,Santacruz_AWS,19.1197,72.8468,1.8,1.8,1002.8,100,24.6,0.431
2024-08-26T14:00,Santacruz_AWS,19.1197,72.8468,1.2,1.2,1001.8,100,27.0,0.436
2024-08-26T15:00,Santacruz_AWS,19.1197,72.8468,0.5,0.5,1001.4,100,25.4,0.432
2024-08-26T16:00,Santacruz_AWS,19.1197,72.8468,0.5,0.5,1001.1,100,24.4,0.431
2024-08-26T17:00,Santacruz_AWS,19.1197,72.8468,0.2,0.2,1001.1,100,25.8,0.427
2024-08-26T18:00,Santacruz_AWS,19.1197,72.8468,0.1,0.1,1001.0,100,26.1,0.423
2024-08-26T19:00,Santacruz_AWS,19.1197,72.8468,0.2,0.2,1001.7,100,24.6,0.422
2024-08-26T20:00,Santacruz_AWS,19.1197,72.8468,0.3,0.3,1002.9,100,23.5,0.422
2024-08-26T21:00,Santacruz_AWS,19.1197,72.8468,1.7,1.7,1003.2,100,23.6,0.433
2024-08-26T22:00,Santacruz_AWS,19.1197,72.8468,0.5,0.5,1003.6,100,22.2,0.432
2024-08-26T23:00,Santacruz_AWS,19.1197,72.8468,2.5,2.5,1003.5,100,24.5,0.436
2024-08-27T00:00,Santacruz_AWS,19.1197,72.8468,3.4,3.4,1002.7,100,24.4,0.431
2024-08-27T01:00,Santacruz_AWS,19.1197,72.8468,1.4,1.4,1002.2,100,21.3,0.428
2024-08-27T02:00,Santacruz_AWS,19.1197,72.8468,2.0,2.0,1001.6,100,22.4,0.438
2024-08-27T03:00,Santacruz_AWS,19.1197,72.8468,0.3,0.3,1001.3,100,24.5,0.432
2024-08-27T04:00,Santacruz_AWS,19.1197,72.8468,0.3,0.3,1001.0,100,27.6,0.428
2024-08-27T05:00,Santacruz_AWS,19.1197,72.8468,0.5,0.5,1001.6,100,24.2,0.428
2024-08-27T06:00,Santacruz_AWS,19.1197,72.8468,0.5,0.5,1001.6,100,27.5,0.421
2024-08-27T07:00,Santacruz_AWS,19.1197,72.8468,0.2,0.2,1002.0,100,27.4,0.421
2024-08-27T08:00,Santacruz_AWS,19.1197,72.8468,0.9,0.9,1002.8,94,29.3,0.427
2024-08-27T09:00,Santacruz_AWS,19.1197,72.8468,1.1,1.1,1003.8,100,27.1,0.433
2024-08-27T10:00,Santacruz_AWS,19.1197,72.8468,0.4,0.4,1004.2,100,31.1,0.43
2024-08-27T11:00,Santacruz_AWS,19.1197,72.8468,1.0,1.0,1004.1,100,29.3,0.433
2024-08-27T12:00,Santacruz_AWS,19.1197,72.8468,0.3,0.3,1003.8,100,27.0,0.429
2024-08-27T13:00,Santacruz_AWS,19.1197,72.8468,0.8,0.8,1003.2,100,24.8,0.43
2024-08-27T14:00,Santacruz_AWS,19.1197,72.8468,0.2,0.2,1002.7,100,28.1,0.426
2024-08-27T15:00,Santacruz_AWS,19.1197,72.8468,0.4,0.4,1002.3,100,25.8,0.425
2024-08-27T16:00,Santacruz_AWS,19.1197,72.8468,0.2,0.2,1002.4,100,25.7,0.422
2024-08-27T17:00,Santacruz_AWS,19.1197,72.8468,0.5,0.5,1002.1,100,23.0,0.423
2024-08-27T18:00,Santacruz_AWS,19.1197,72.8468,1.1,1.1,1003.1,100,24.2,0.428
2024-08-27T19:00,Santacruz_AWS,19.1197,72.8468,0.6,0.6,1003.6,100,22.2,0.429
2024-08-27T20:00,Santacruz_AWS,19.1197,72.8468,0.5,0.5,1004.3,100,22.1,0.43
2024-08-27T21:00,Santacruz_AWS,19.1197,72.8468,0.5,0.5,1005.0,100,21.6,0.43
2024-08-27T22:00,Santacruz_AWS,19.1197,72.8468,0.3,0.3,1005.8,100,21.0,0.428
2024-08-27T23:00,Santacruz_AWS,19.1197,72.8468,0.5,0.5,1005.5,100,21.1,0.429
2024-08-28T00:00,Santacruz_AWS,19.1197,72.8468,0.5,0.5,1004.7,100,23.1,0.43
2024-08-28T01:00,Santacruz_AWS,19.1197,72.8468,0.7,0.7,1004.2,100,21.3,0.433
2024-08-28T02:00,Santacruz_AWS,19.1197,72.8468,0.4,0.4,1003.8,100,22.1,0.431
2024-08-28T03:00,Santacruz_AWS,19.1197,72.8468,0.3,0.3,1003.3,67,22.6,0.429
2024-08-28T04:00,Santacruz_AWS,19.1197,72.8468,0.1,0.1,1002.8,88,26.2,0.426
2024-08-28T05:00,Santacruz_AWS,19.1197,72.8468,0.4,0.4,1002.9,90,27.5,0.427
2024-08-28T06:00,Santacruz_AWS,19.1197,72.8468,0.5,0.5,1003.1,100,28.5,0.423
2024-08-28T07:00,Santacruz_AWS,19.1197,72.8468,3.7,3.7,1004.0,100,25.0,0.436
2024-08-28T08:00,Santacruz_AWS,19.1197,72.8468,2.1,2.1,1004.5,100,24.2,0.432
2024-08-28T09:00,Santacruz_AWS,19.1197,72.8468,0.1,0.1,1004.9,97,27.7,0.426
2024-08-28T10:00,Santacruz_AWS,19.1197,72.8468,1.2,1.2,1005.0,100,26.1,0.431
2024-08-28T11:00,Santacruz_AWS,19.1197,72.8468,0.2,0.2,1004.7,98,30.3,0.426
2024-08-28T12:00,Santacruz_AWS,19.1197,72.8468,0.1,0.1,1004.2,99,30.0,0.422
2024-08-28T13:00,Santacruz_AWS,19.1197,72.8468,0.0,0.0,1003.5,86,31.0,0.417
2024-08-28T14:00,Santacruz_AWS,19.1197,72.8468,0.3,0.3,1002.7,83,32.1,0.414
2024-08-28T15:00,Santacruz_AWS,19.1197,72.8468,0.0,0.0,1002.5,70,30.3,0.411
2024-08-28T16:00,Santacruz_AWS,19.1197,72.8468,0.3,0.3,1002.2,57,26.3,0.412
2024-08-28T17:00,Santacruz_AWS,19.1197,72.8468,0.1,0.1,1002.0,57,30.5,0.41
2024-08-28T18:00,Santacruz_AWS,19.1197,72.8468,0.1,0.1,1003.4,92,20.6,0.41
2024-08-28T19:00,Santacruz_AWS,19.1197,72.8468,0.2,0.2,1003.9,100,23.3,0.41
2024-08-28T20:00,Santacruz_AWS,19.1197,72.8468,0.6,0.6,1004.5,99,18.2,0.414
2024-08-28T21:00,Santacruz_AWS,19.1197,72.8468,0.8,0.8,1005.0,99,19.3,0.421
2024-08-28T22:00,Santacruz_AWS,19.1197,72.8468,1.0,1.0,1005.4,99,21.1,0.43
2024-08-28T23:00,Santacruz_AWS,19.1197,72.8468,0.7,0.7,1005.2,99,17.8,0.431
2024-08-29T00:00,Santacruz_AWS,19.1197,72.8468,0.3,0.3,1004.4,100,21.7,0.427
2024-08-29T01:00,Santacruz_AWS,19.1197,72.8468,0.0,0.0,1003.2,99,22.7,0.424
2024-08-29T02:00,Santacruz_AWS,19.1197,72.8468,0.3,0.3,1002.3,77,23.0,0.423
2024-08-29T03:00,Santacruz_AWS,19.1197,72.8468,0.0,0.0,1002.2,71,22.4,0.42
2024-08-29T04:00,Santacruz_AWS,19.1197,72.8468,0.0,0.0,1002.0,97,22.3,0.418
2024-08-29T05:00,Santacruz_AWS,19.1197,72.8468,0.2,0.2,1002.1,88,22.7,0.418
2024-08-29T06:00,Santacruz_AWS,19.1197,72.8468,0.0,0.0,1002.5,81,21.4,0.416
2024-08-29T07:00,Santacruz_AWS,19.1197,72.8468,0.0,0.0,1003.1,96,21.9,0.414
2024-08-29T08:00,Santacruz_AWS,19.1197,72.8468,0.1,0.1,1003.8,99,23.9,0.412
2024-08-29T09:00,Santacruz_AWS,19.1197,72.8468,0.1,0.1,1004.1,100,21.5,0.411
2024-08-29T10:00,Santacruz_AWS,19.1197,72.8468,0.1,0.1,1004.4,99,23.2,0.408
2024-08-29T11:00,Santacruz_AWS,19.1197,72.8468,0.1,0.1,1004.7,98,23.9,0.405
2024-08-29T12:00,Santacruz_AWS,19.1197,72.8468,0.1,0.1,1003.9,70,24.4,0.402
2024-08-29T13:00,Santacruz_AWS,19.1197,72.8468,0.0,0.0,1002.9,99,25.3,0.399
2024-08-29T14:00,Santacruz_AWS,19.1197,72.8468,0.3,0.3,1002.1,100,24.9,0.399
2024-08-29T15:00,Santacruz_AWS,19.1197,72.8468,0.1,0.1,1001.6,30,22.7,0.397
2024-08-29T16:00,Santacruz_AWS,19.1197,72.8468,0.1,0.1,1001.3,15,22.8,0.396
2024-08-29T17:00,Santacruz_AWS,19.1197,72.8468,0.1,0.1,1001.4,50,23.1,0.394
2024-08-29T18:00,Santacruz_AWS,19.1197,72.8468,0.6,0.6,1002.2,79,18.7,0.402
2024-08-29T19:00,Santacruz_AWS,19.1197,72.8468,0.6,0.6,1003.0,62,14.9,0.407
2024-08-29T20:00,Santacruz_AWS,19.1197,72.8468,0.2,0.2,1003.6,28,16.5,0.407
2024-08-29T21:00,Santacruz_AWS,19.1197,72.8468,0.6,0.6,1004.4,53,17.6,0.411
2024-08-29T22:00,Santacruz_AWS,19.1197,72.8468,0.6,0.6,1004.8,97,14.9,0.415
2024-08-29T23:00,Santacruz_AWS,19.1197,72.8468,0.6,0.6,1004.3,86,15.3,0.419
2024-08-30T00:00,Santacruz_AWS,19.1197,72.8468,0.9,0.9,1004.0,94,13.7,0.426
2024-08-30T01:00,Santacruz_AWS,19.1197,72.8468,1.4,1.4,1003.1,100,15.7,0.434
2024-08-30T02:00,Santacruz_AWS,19.1197,72.8468,0.5,0.5,1002.5,99,14.1,0.429
2024-08-30T03:00,Santacruz_AWS,19.1197,72.8468,0.3,0.3,1002.4,98,14.8,0.426
2024-08-30T04:00,Santacruz_AWS,19.1197,72.8468,0.5,0.5,1002.6,100,13.2,0.427
2024-08-30T05:00,Santacruz_AWS,19.1197,72.8468,0.5,0.5,1002.7,93,14.0,0.426
2024-08-30T06:00,Santacruz_AWS,19.1197,72.8468,0.7,0.7,1003.2,100,11.3,0.426
2024-08-30T07:00,Santacruz_AWS,19.1197,72.8468,0.3,0.3,1003.9,96,14.7,0.424
2024-08-30T08:00,Santacruz_AWS,19.1197,72.8468,0.1,0.1,1004.9,83,17.1,0.421
2024-08-30T09:00,Santacruz_AWS,19.1197,72.8468,0.2,0.2,1005.8,85,16.5,0.419
2024-08-30T10:00,Santacruz_AWS,19.1197,72.8468,0.2,0.2,1006.2,94,17.6,0.416
2024-08-30T11:00,Santacruz_AWS,19.1197,72.8468,0.0,0.0,1005.8,40,18.1,0.412
2024-08-30T12:00,Santacruz_AWS,19.1197,72.8468,0.2,0.2,1005.5,96,18.9,0.409
2024-08-30T13:00,Santacruz_AWS,19.1197,72.8468,0.0,0.0,1004.8,98,19.0,0.406
2024-08-30T14:00,Santacruz_AWS,19.1197,72.8468,0.1,0.1,1003.6,100,19.4,0.403
2024-08-30T15:00,Santacruz_AWS,19.1197,72.8468,0.2,0.2,1003.1,99,18.7,0.401
2024-08-30T16:00,Santacruz_AWS,19.1197,72.8468,0.0,0.0,1002.7,100,19.8,0.399
2024-08-30T17:00,Santacruz_AWS,19.1197,72.8468,0.1,0.1,1002.8,100,18.8,0.397
2024-08-30T18:00,Santacruz_AWS,19.1197,72.8468,0.0,0.0,1004.0,61,14.0,0.399
2024-08-30T19:00,Santacruz_AWS,19.1197,72.8468,0.0,0.0,1004.7,24,12.8,0.399
2024-08-30T20:00,Santacruz_AWS,19.1197,72.8468,0.0,0.0,1005.0,28,11.2,0.398
2024-08-30T21:00,Santacruz_AWS,19.1197,72.8468,0.0,0.0,1005.9,41,10.6,0.398
2024-08-30T22:00,Santacruz_AWS,19.1197,72.8468,0.1,0.1,1006.3,77,10.5,0.397
2024-08-30T23:00,Santacruz_AWS,19.1197,72.8468,0.2,0.2,1006.6,100,10.3,0.398
2024-08-31T00:00,Santacruz_AWS,19.1197,72.8468,0.1,0.1,1006.2,71,9.6,0.398
2024-08-31T01:00,Santacruz_AWS,19.1197,72.8468,0.1,0.1,1005.7,100,9.0,0.398
2024-08-31T02:00,Santacruz_AWS,19.1197,72.8468,0.2,0.2,1005.0,100,8.6,0.399
2024-08-31T03:00,Santacruz_AWS,19.1197,72.8468,0.1,0.1,1004.6,100,7.2,0.398
2024-08-31T04:00,Santacruz_AWS,19.1197,72.8468,0.2,0.2,1004.6,95,9.7,0.399
2024-08-31T05:00,Santacruz_AWS,19.1197,72.8468,0.1,0.1,1004.8,100,8.7,0.399
2024-08-31T06:00,Santacruz_AWS,19.1197,72.8468,0.2,0.2,1005.2,99,3.9,0.402
2024-08-31T07:00,Santacruz_AWS,19.1197,72.8468,0.0,0.0,1005.5,94,7.7,0.402
2024-08-31T08:00,Santacruz_AWS,19.1197,72.8468,0.1,0.1,1006.1,76,9.2,0.401
2024-08-31T09:00,Santacruz_AWS,19.1197,72.8468,0.5,0.5,1006.6,85,12.2,0.403
2024-08-31T10:00,Santacruz_AWS,19.1197,72.8468,0.2,0.2,1006.8,65,7.2,0.403
2024-08-31T11:00,Santacruz_AWS,19.1197,72.8468,0.0,0.0,1006.7,100,9.5,0.4
2024-08-31T12:00,Santacruz_AWS,19.1197,72.8468,0.0,0.0,1006.3,67,11.6,0.396
2024-08-31T13:00,Santacruz_AWS,19.1197,72.8468,0.1,0.1,1005.6,93,10.9,0.393
2024-08-31T14:00,Santacruz_AWS,19.1197,72.8468,0.0,0.0,1005.0,97,10.6,0.39
2024-08-31T15:00,Santacruz_AWS,19.1197,72.8468,0.1,0.1,1004.3,99,12.9,0.389
2024-08-31T16:00,Santacruz_AWS,19.1197,72.8468,0.1,0.1,1004.1,100,11.6,0.387
2024-08-31T17:00,Santacruz_AWS,19.1197,72.8468,0.0,0.0,1004.4,100,10.7,0.386
2024-08-31T18:00,Santacruz_AWS,19.1197,72.8468,0.0,0.0,1004.2,52,9.9,0.389
2024-08-31T19:00,Santacruz_AWS,19.1197,72.8468,0.0,0.0,1005.1,100,6.6,0.388
2024-08-31T20:00,Santacruz_AWS,19.1197,72.8468,0.0,0.0,1005.8,99,6.2,0.388
2024-08-31T21:00,Santacruz_AWS,19.1197,72.8468,0.0,0.0,1006.5,95,6.9,0.387
2024-08-31T22:00,Santacruz_AWS,19.1197,72.8468,0.0,0.0,1006.7,100,4.9,0.387
2024-08-31T23:00,Santacruz_AWS,19.1197,72.8468,0.0,0.0,1006.7,100,5.5,0.386
2024-09-01T00:00,Santacruz_AWS,19.1197,72.8468,0.0,0.0,1006.0,100,5.4,0.386
2024-09-01T01:00,Santacruz_AWS,19.1197,72.8468,0.0,0.0,1005.2,100,6.5,0.386
2024-09-01T02:00,Santacruz_AWS,19.1197,72.8468,0.1,0.1,1005.0,100,4.4,0.387
2024-09-01T03:00,Santacruz_AWS,19.1197,72.8468,0.2,0.2,1005.2,100,4.8,0.387
2024-09-01T04:00,Santacruz_AWS,19.1197,72.8468,0.3,0.3,1005.1,100,5.6,0.389
2024-09-01T05:00,Santacruz_AWS,19.1197,72.8468,0.1,0.1,1005.3,100,4.8,0.389
2024-09-01T06:00,Santacruz_AWS,19.1197,72.8468,0.1,0.1,1005.4,100,5.2,0.385
2024-09-01T07:00,Santacruz_AWS,19.1197,72.8468,0.1,0.1,1006.2,100,6.0,0.385
2024-09-01T08:00,Santacruz_AWS,19.1197,72.8468,0.2,0.2,1006.4,100,10.1,0.386
2024-09-01T09:00,Santacruz_AWS,19.1197,72.8468,0.3,0.3,1006.9,100,10.6,0.388
2024-09-01T10:00,Santacruz_AWS,19.1197,72.8468,0.0,0.0,1007.0,100,10.5,0.387
2024-09-01T11:00,Santacruz_AWS,19.1197,72.8468,0.1,0.1,1006.8,100,11.0,0.386
2024-09-01T12:00,Santacruz_AWS,19.1197,72.8468,0.2,0.2,1006.2,100,10.2,0.386
2024-09-01T13:00,Santacruz_AWS,19.1197,72.8468,0.2,0.2,1005.0,100,13.2,0.386
2024-09-01T14:00,Santacruz_AWS,19.1197,72.8468,0.4,0.4,1004.3,100,11.3,0.388
2024-09-01T15:00,Santacruz_AWS,19.1197,72.8468,0.0,0.0,1003.4,100,12.1,0.386
2024-09-01T16:00,Santacruz_AWS,19.1197,72.8468,0.0,0.0,1003.2,100,12.9,0.385
2024-09-01T17:00,Santacruz_AWS,19.1197,72.8468,0.0,0.0,1003.3,100,13.0,0.384
2024-09-01T18:00,Santacruz_AWS,19.1197,72.8468,0.0,0.0,1003.9,100,11.4,0.372
2024-09-01T19:00,Santacruz_AWS,19.1197,72.8468,0.0,0.0,1004.4,100,9.1,0.372
2024-09-01T20:00,Santacruz_AWS,19.1197,72.8468,0.0,0.0,1004.8,100,8.8,0.372
2024-09-01T21:00,Santacruz_AWS,19.1197,72.8468,0.0,0.0,1005.4,100,9.3,0.372
2024-09-01T22:00,Santacruz_AWS,19.1197,72.8468,0.0,0.0,1005.6,100,8.9,0.372
2024-09-01T23:00,Santacruz_AWS,19.1197,72.8468,0.0,0.0,1005.5,100,9.1,0.372
2024-09-02T00:00,Santacruz_AWS,19.1197,72.8468,0.2,0.2,1005.1,100,10.4,0.373
2024-09-02T01:00,Santacruz_AWS,19.1197,72.8468,0.3,0.3,1004.6,100,12.2,0.375
2024-09-02T02:00,Santacruz_AWS,19.1197,72.8468,0.2,0.2,1004.2,100,10.6,0.376
2024-09-02T03:00,Santacruz_AWS,19.1197,72.8468,0.1,0.1,1003.9,100,12.4,0.377
2024-09-02T04:00,Santacruz_AWS,19.1197,72.8468,0.1,0.1,1003.7,100,12.2,0.377
2024-09-02T05:00,Santacruz_AWS,19.1197,72.8468,0.2,0.2,1003.8,100,11.8,0.378
2024-09-02T06:00,Santacruz_AWS,19.1197,72.8468,0.9,0.9,1004.1,100,13.2,0.384
2024-09-02T07:00,Santacruz_AWS,19.1197,72.8468,1.2,1.2,1004.2,100,11.5,0.398
2024-09-02T08:00,Santacruz_AWS,19.1197,72.8468,0.5,0.5,1004.6,100,11.9,0.401
2024-09-02T09:00,Santacruz_AWS,19.1197,72.8468,0.2,0.2,1005.1,100,15.8,0.4
2024-09-02T10:00,Santacruz_AWS,19.1197,72.8468,0.5,0.5,1005.4,100,15.4,0.402
2024-09-02T11:00,Santacruz_AWS,19.1197,72.8468,0.6,0.6,1005.3,100,16.0,0.405
2024-09-02T12:00,Santacruz_AWS,19.1197,72.8468,0.5,0.5,1004.5,100,15.5,0.406
2024-09-02T13:00,Santacruz_AWS,19.1197,72.8468,0.9,0.9,1003.5,100,17.9,0.411
2024-09-02T14:00,Santacruz_AWS,19.1197,72.8468,0.7,0.7,1002.6,100,18.1,0.413
2024-09-02T15:00,Santacruz_AWS,19.1197,72.8468,0.4,0.4,1001.9,100,19.5,0.412
2024-09-02T16:00,Santacruz_AWS,19.1197,72.8468,1.7,1.7,1001.7,100,18.1,0.427
2024-09-02T17:00,Santacruz_AWS,19.1197,72.8468,2.3,2.3,1002.1,100,15.4,0.436
2024-09-02T18:00,Santacruz_AWS,19.1197,72.8468,6.7,6.7,1002.9,100,14.6,0.438
2024-09-02T19:00,Santacruz_AWS,19.1197,72.8468,3.2,3.2,1003.3,100,13.8,0.436
2024-09-02T20:00,Santacruz_AWS,19.1197,72.8468,3.0,3.0,1003.8,100,15.8,0.437
2024-09-02T21:00,Santacruz_AWS,19.1197,72.8468,3.5,3.5,1004.7,100,12.6,0.436
2024-09-02T22:00,Santacruz_AWS,19.1197,72.8468,1.5,1.5,1005.1,100,5.6,0.43
2024-09-02T23:00,Santacruz_AWS,19.1197,72.8468,0.2,0.2,1005.1,100,4.7,0.426
2024-09-03T00:00,Santacruz_AWS,19.1197,72.8468,0.2,0.2,1004.5,100,8.0,0.426
2024-09-03T01:00,Santacruz_AWS,19.1197,72.8468,0.6,0.6,1003.6,100,6.1,0.429
2024-09-03T02:00,Santacruz_AWS,19.1197,72.8468,0.7,0.7,1003.1,100,8.8,0.433
2024-09-03T03:00,Santacruz_AWS,19.1197,72.8468,1.1,1.1,1002.9,100,7.2,0.437
2024-09-03T04:00,Santacruz_AWS,19.1197,72.8468,0.7,0.7,1003.1,100,9.5,0.437
2024-09-03T05:00,Santacruz_AWS,19.1197,72.8468,0.8,0.8,1003.3,100,10.0,0.437
2024-09-03T06:00,Santacruz_AWS,19.1197,72.8468,2.5,2.5,1003.9,100,13.0,0.439
2024-09-03T07:00,Santacruz_AWS,19.1197,72.8468,0.7,0.7,1004.3,100,10.9,0.432
2024-09-03T08:00,Santacruz_AWS,19.1197,72.8468,0.3,0.3,1005.2,100,13.2,0.429
2024-09-03T09:00,Santacruz_AWS,19.1197,72.8468,1.2,1.2,1006.1,100,11.2,0.434
2024-09-03T10:00,Santacruz_AWS,19.1197,72.8468,0.5,0.5,1006.2,100,10.8,0.432
2024-09-03T11:00,Santacruz_AWS,19.1197,72.8468,0.2,0.2,1005.8,100,11.0,0.428
2024-09-03T12:00,Santacruz_AWS,19.1197,72.8468,0.3,0.3,1005.5,100,12.9,0.426
2024-09-03T13:00,Santacruz_AWS,19.1197,72.8468,0.4,0.4,1004.9,100,11.7,0.425
2024-09-03T14:00,Santacruz_AWS,19.1197,72.8468,0.2,0.2,1004.4,100,10.9,0.422
2024-09-03T15:00,Santacruz_AWS,19.1197,72.8468,0.1,0.1,1003.8,100,13.5,0.42
2024-09-03T16:00,Santacruz_AWS,19.1197,72.8468,0.7,0.7,1003.9,100,16.0,0.423
2024-09-03T17:00,Santacruz_AWS,19.1197,72.8468,0.3,0.3,1004.0,100,14.5,0.422
2024-09-03T18:00,Santacruz_AWS,19.1197,72.8468,0.4,0.4,1004.4,100,14.5,0.424
2024-09-03T19:00,Santacruz_AWS,19.1197,72.8468,0.5,0.5,1005.0,100,10.5,0.426
2024-09-03T20:00,Santacruz_AWS,19.1197,72.8468,0.2,0.2,1005.8,100,11.3,0.424
2024-09-03T21:00,Santacruz_AWS,19.1197,72.8468,0.0,0.0,1006.7,100,11.4,0.422
2024-09-03T22:00,Santacruz_AWS,19.1197,72.8468,0.3,0.3,1007.4,100,11.9,0.422
2024-09-03T23:00,Santacruz_AWS,19.1197,72.8468,0.1,0.1,1007.0,100,8.1,0.42
2024-09-04T00:00,Santacruz_AWS,19.1197,72.8468,0.2,0.2,1006.5,100,11.7,0.42
2024-09-04T01:00,Santacruz_AWS,19.1197,72.8468,1.1,1.1,1006.1,99,13.4,0.43
2024-09-04T02:00,Santacruz_AWS,19.1197,72.8468,0.4,0.4,1005.7,100,12.2,0.43
2024-09-04T03:00,Santacruz_AWS,19.1197,72.8468,0.5,0.5,1005.5,100,12.1,0.43
2024-09-04T04:00,Santacruz_AWS,19.1197,72.8468,0.1,0.1,1005.7,100,11.6,0.426
2024-09-04T05:00,Santacruz_AWS,19.1197,72.8468,0.0,0.0,1005.9,100,8.2,0.423
2024-09-04T06:00,Santacruz_AWS,19.1197,72.8468,0.0,0.0,1006.2,100,14.0,0.424
2024-09-04T07:00,Santacruz_AWS,19.1197,72.8468,0.3,0.3,1006.6,100,15.4,0.423
2024-09-04T08:00,Santacruz_AWS,19.1197,72.8468,0.3,0.3,1007.1,99,14.5,0.422
2024-09-04T09:00,Santacruz_AWS,19.1197,72.8468,0.0,0.0,1007.1,99,15.9,0.419
2024-09-04T10:00,Santacruz_AWS,19.1197,72.8468,0.1,0.1,1007.2,100,16.5,0.417
2024-09-04T11:00,Santacruz_AWS,19.1197,72.8468,0.3,0.3,1006.7,99,16.5,0.415
2024-09-04T12:00,Santacruz_AWS,19.1197,72.8468,0.3,0.3,1006.3,100,15.8,0.414
2024-09-04T13:00,Santacruz_AWS,19.1197,72.8468,0.1,0.1,1005.6,99,18.6,0.411
2024-09-04T14:00,Santacruz_AWS,19.1197,72.8468,0.1,0.1,1004.6,100,19.4,0.408
2024-09-04T15:00,Santacruz_AWS,19.1197,72.8468,1.3,1.3,1004.1,100,17.0,0.416
2024-09-04T16:00,Santacruz_AWS,19.1197,72.8468,3.7,3.7,1003.7,100,13.7,0.439
2024-09-04T17:00,Santacruz_AWS,19.1197,72.8468,2.7,2.7,1003.6,75,13.4,0.432
2024-09-04T18:00,Santacruz_AWS,19.1197,72.8468,0.1,0.1,1004.1,91,12.3,0.404
2024-09-04T19:00,Santacruz_AWS,19.1197,72.8468,0.2,0.2,1004.6,100,14.9,0.405
2024-09-04T20:00,Santacruz_AWS,19.1197,72.8468,0.8,0.8,1005.3,100,13.4,0.411
2024-09-04T21:00,Santacruz_AWS,19.1197,72.8468,0.8,0.8,1005.9,97,6.1,0.418
2024-09-04T22:00,Santacruz_AWS,19.1197,72.8468,0.9,0.9,1006.3,100,12.1,0.427
2024-09-04T23:00,Santacruz_AWS,19.1197,72.8468,2.8,2.8,1005.9,100,8.3,0.434
2024-09-05T00:00,Santacruz_AWS,19.1197,72.8468,0.7,0.7,1005.0,100,10.5,0.433
2024-09-05T01:00,Santacruz_AWS,19.1197,72.8468,0.7,0.7,1004.4,100,13.2,0.435
2024-09-05T02:00,Santacruz_AWS,19.1197,72.8468,0.7,0.7,1003.7,100,15.3,0.435
2024-09-05T03:00,Santacruz_AWS,19.1197,72.8468,0.7,0.7,1003.5,100,14.4,0.435
2024-09-05T04:00,Santacruz_AWS,19.1197,72.8468,0.8,0.8,1003.5,100,14.9,0.435
2024-09-05T05:00,Santacruz_AWS,19.1197,72.8468,1.4,1.4,1003.9,100,14.8,0.434
2024-09-05T06:00,Santacruz_AWS,19.1197,72.8468,0.4,0.4,1004.2,100,16.9,0.431
2024-09-05T07:00,Santacruz_AWS,19.1197,72.8468,0.4,0.4,1004.9,100,16.2,0.43
2024-09-05T08:00,Santacruz_AWS,19.1197,72.8468,1.1,1.1,1005.5,77,16.9,0.437
2024-09-05T09:00,Santacruz_AWS,19.1197,72.8468,2.3,2.3,1005.8,95,16.6,0.435
2024-09-05T10:00,Santacruz_AWS,19.1197,72.8468,3.7,3.7,1006.1,99,18.1,0.436
2024-09-05T11:00,Santacruz_AWS,19.1197,72.8468,0.3,0.3,1005.7,61,16.6,0.426
2024-09-05T12:00,Santacruz_AWS,19.1197,72.8468,0.4,0.4,1004.9,70,19.9,0.424
2024-09-05T13:00,Santacruz_AWS,19.1197,72.8468,0.1,0.1,1004.1,92,19.6,0.419
2024-09-05T14:00,Santacruz_AWS,19.1197,72.8468,0.7,0.7,1003.0,98,23.4,0.421
2024-09-05T15:00,Santacruz_AWS,19.1197,72.8468,0.5,0.5,1002.6,100,21.3,0.421
2024-09-05T16:00,Santacruz_AWS,19.1197,72.8468,0.6,0.6,1002.2,100,22.3,0.422
2024-09-05T17:00,Santacruz_AWS,19.1197,72.8468,0.3,0.3,1002.3,100,19.2,0.421
2024-09-05T18:00,Santacruz_AWS,19.1197,72.8468,0.6,0.6,1003.2,100,23.4,0.43
2024-09-05T19:00,Santacruz_AWS,19.1197,72.8468,1.7,1.7,1003.6,100,15.6,0.437
2024-09-05T20:00,Santacruz_AWS,19.1197,72.8468,2.0,2.0,1004.4,100,16.2,0.439
2024-09-05T21:00,Santacruz_AWS,19.1197,72.8468,2.7,2.7,1005.1,100,14.2,0.432
2024-09-05T22:00,Santacruz_AWS,19.1197,72.8468,2.8,2.8,1005.7,100,13.7,0.439
2024-09-05T23:00,Santacruz_AWS,19.1197,72.8468,2.3,2.3,1005.5,100,11.9,0.439
2024-09-06T00:00,Santacruz_AWS,19.1197,72.8468,2.0,2.0,1005.0,100,10.0,0.439
2024-09-06T01:00,Santacruz_AWS,19.1197,72.8468,2.2,2.2,1004.5,100,9.2,0.431
2024-09-06T02:00,Santacruz_AWS,19.1197,72.8468,1.1,1.1,1004.0,100,11.3,0.437
2024-09-06T03:00,Santacruz_AWS,19.1197,72.8468,1.1,1.1,1003.9,100,11.2,0.437
2024-09-06T04:00,Santacruz_AWS,19.1197,72.8468,1.0,1.0,1003.8,100,12.3,0.437
2024-09-06T05:00,Santacruz_AWS,19.1197,72.8468,0.9,0.9,1004.0,100,10.5,0.436
2024-09-06T06:00,Santacruz_AWS,19.1197,72.8468,1.4,1.4,1004.4,57,11.3,0.436
2024-09-06T07:00,Santacruz_AWS,19.1197,72.8468,0.6,0.6,1005.2,95,13.0,0.434
2024-09-06T08:00,Santacruz_AWS,19.1197,72.8468,0.5,0.5,1005.8,49,11.7,0.431
2024-09-06T09:00,Santacruz_AWS,19.1197,72.8468,0.2,0.2,1006.4,70,15.4,0.427
2024-09-06T10:00,Santacruz_AWS,19.1197,72.8468,1.3,1.3,1006.8,96,11.0,0.432
2024-09-06T11:00,Santacruz_AWS,19.1197,72.8468,0.5,0.5,1006.8,82,14.3,0.429
2024-09-06T12:00,Santacruz_AWS,19.1197,72.8468,0.4,0.4,1006.3,84,16.3,0.426
2024-09-06T13:00,Santacruz_AWS,19.1197,72.8468,0.2,0.2,1005.1,81,17.9,0.422
2024-09-06T14:00,Santacruz_AWS,19.1197,72.8468,0.1,0.1,1004.1,76,20.0,0.418
2024-09-06T15:00,Santacruz_AWS,19.1197,72.8468,0.2,0.2,1003.7,100,21.3,0.416
2024-09-06T16:00,Santacruz_AWS,19.1197,72.8468,0.5,0.5,1003.7,57,19.6,0.417
2024-09-06T17:00,Santacruz_AWS,19.1197,72.8468,0.1,0.1,1003.8,81,17.3,0.415
2024-09-06T18:00,Santacruz_AWS,19.1197,72.8468,0.1,0.1,1004.9,45,16.2,0.423
2024-09-06T19:00,Santacruz_AWS,19.1197,72.8468,0.0,0.0,1005.5,39,13.4,0.42
2024-09-06T20:00,Santacruz_AWS,19.1197,72.8468,0.0,0.0,1006.2,93,10.8,0.418
2024-09-06T21:00,Santacruz_AWS,19.1197,72.8468,0.1,0.1,1007.0,37,10.8,0.417
2024-09-06T22:00,Santacruz_AWS,19.1197,72.8468,0.1,0.1,1007.3,57,10.5,0.415
2024-09-06T23:00,Santacruz_AWS,19.1197,72.8468,0.1,0.1,1007.1,27,10.1,0.414
2024-09-07T00:00,Santacruz_AWS,19.1197,72.8468,0.3,0.3,1006.5,96,9.7,0.415
2024-09-07T01:00,Santacruz_AWS,19.1197,72.8468,0.2,0.2,1005.9,100,7.9,0.414
2024-09-07T02:00,Santacruz_AWS,19.1197,72.8468,0.2,0.2,1005.0,99,8.0,0.414
2024-09-07T03:00,Santacruz_AWS,19.1197,72.8468,0.2,0.2,1004.7,100,8.0,0.414
2024-09-07T04:00,Santacruz_AWS,19.1197,72.8468,0.5,0.5,1004.6,99,7.9,0.418
2024-09-07T05:00,Santacruz_AWS,19.1197,72.8468,0.5,0.5,1004.8,79,7.3,0.422
2024-09-07T06:00,Santacruz_AWS,19.1197,72.8468,0.4,0.4,1005.0,41,7.9,0.425
2024-09-07T07:00,Santacruz_AWS,19.1197,72.8468,0.6,0.6,1005.8,93,10.5,0.429
2024-09-07T08:00,Santacruz_AWS,19.1197,72.8468,0.2,0.2,1006.5,69,9.1,0.426
2024-09-07T09:00,Santacruz_AWS,19.1197,72.8468,2.0,2.0,1007.2,86,10.9,0.434
2024-09-07T10:00,Santacruz_AWS,19.1197,72.8468,0.2,0.2,1007.7,98,10.7,0.429
2024-09-07T11:00,Santacruz_AWS,19.1197,72.8468,0.2,0.2,1007.3,52,10.8,0.425
2024-09-07T12:00,Santacruz_AWS,19.1197,72.8468,0.1,0.1,1006.7,92,14.5,0.42
2024-09-07T13:00,Santacruz_AWS,19.1197,72.8468,0.1,0.1,1005.7,86,17.2,0.417
2024-09-07T14:00,Santacruz_AWS,19.1197,72.8468,0.7,0.7,1004.7,61,16.5,0.419
2024-09-07T15:00,Santacruz_AWS,19.1197,72.8468,0.1,0.1,1004.1,56,16.4,0.415
2024-09-07T16:00,Santacruz_AWS,19.1197,72.8468,0.1,0.1,1003.9,68,15.9,0.413
2024-09-07T17:00,Santacruz_AWS,19.1197,72.8468,0.6,0.6,1004.6,85,14.3,0.416
2024-09-07T18:00,Santacruz_AWS,19.1197,72.8468,0.1,0.1,1005.2,95,11.4,0.399
2024-09-07T19:00,Santacruz_AWS,19.1197,72.8468,0.3,0.3,1005.9,100,9.6,0.401
2024-09-07T20:00,Santacruz_AWS,19.1197,72.8468,0.2,0.2,1007.0,92,14.0,0.402
2024-09-07T21:00,Santacruz_AWS,19.1197,72.8468,0.3,0.3,1007.9,93,8.4,0.404
2024-09-07T22:00,Santacruz_AWS,19.1197,72.8468,1.7,1.7,1008.2,99,5.4,0.424
2024-09-07T23:00,Santacruz_AWS,19.1197,72.8468,0.2,0.2,1007.7,92,6.5,0.421
2024-09-08T00:00,Santacruz_AWS,19.1197,72.8468,0.3,0.3,1007.1,80,9.2,0.421
2024-09-08T01:00,Santacruz_AWS,19.1197,72.8468,0.2,0.2,1006.3,100,9.3,0.42
2024-09-08T02:00,Santacruz_AWS,19.1197,72.8468,0.2,0.2,1005.2,100,6.5,0.419
2024-09-08T03:00,Santacruz_AWS,19.1197,72.8468,0.6,0.6,1005.3,91,6.6,0.423
2024-09-08T04:00,Santacruz_AWS,19.1197,72.8468,0.2,0.2,1005.7,72,7.8,0.422
2024-09-08T05:00,Santacruz_AWS,19.1197,72.8468,0.2,0.2,1006.0,95,7.1,0.421
2024-09-08T06:00,Santacruz_AWS,19.1197,72.8468,0.0,0.0,1006.2,96,5.7,0.418
2024-09-08T07:00,Santacruz_AWS,19.1197,72.8468,0.8,0.8,1006.6,96,8.9,0.426
2024-09-08T08:00,Santacruz_AWS,19.1197,72.8468,0.5,0.5,1007.3,100,9.7,0.427
2024-09-08T09:00,Santacruz_AWS,19.1197,72.8468,0.1,0.1,1007.6,100,6.6,0.423
2024-09-08T10:00,Santacruz_AWS,19.1197,72.8468,0.1,0.1,1007.5,100,7.6,0.42
2024-09-08T11:00,Santacruz_AWS,19.1197,72.8468,0.2,0.2,1007.2,93,12.6,0.417
2024-09-08T12:00,Santacruz_AWS,19.1197,72.8468,0.1,0.1,1006.7,25,11.6,0.414
2024-09-08T13:00,Santacruz_AWS,19.1197,72.8468,0.0,0.0,1005.6,41,13.4,0.41
2024-09-08T14:00,Santacruz_AWS,19.1197,72.8468,0.0,0.0,1004.7,47,14.2,0.406
2024-09-08T15:00,Santacruz_AWS,19.1197,72.8468,0.1,0.1,1004.0,22,14.9,0.404
2024-09-08T16:00,Santacruz_AWS,19.1197,72.8468,0.2,0.2,1004.1,22,14.1,0.403
2024-09-08T17:00,Santacruz_AWS,19.1197,72.8468,0.0,0.0,1004.3,100,13.6,0.401
2024-09-08T18:00,Santacruz_AWS,19.1197,72.8468,0.0,0.0,1004.8,53,10.6,0.397
2024-09-08T19:00,Santacruz_AWS,19.1197,72.8468,0.1,0.1,1005.2,36,10.4,0.397
2024-09-08T20:00,Santacruz_AWS,19.1197,72.8468,0.0,0.0,1005.6,12,7.2,0.397
2024-09-08T21:00,Santacruz_AWS,19.1197,72.8468,0.1,0.1,1006.4,23,6.1,0.398
2024-09-08T22:00,Santacruz_AWS,19.1197,72.8468,0.1,0.1,1006.4,82,5.6,0.398
2024-09-08T23:00,Santacruz_AWS,19.1197,72.8468,0.1,0.1,1006.1,97,6.4,0.398
2024-09-09T00:00,Santacruz_AWS,19.1197,72.8468,0.1,0.1,1005.3,99,7.9,0.398
2024-09-09T01:00,Santacruz_AWS,19.1197,72.8468,0.2,0.2,1004.5,89,8.4,0.399
2024-09-09T02:00,Santacruz_AWS,19.1197,72.8468,0.0,0.0,1004.0,41,4.8,0.399
2024-09-09T03:00,Santacruz_AWS,19.1197,72.8468,0.2,0.2,1004.0,95,5.4,0.399
2024-09-09T04:00,Santacruz_AWS,19.1197,72.8468,0.1,0.1,1004.0,69,7.1,0.399
2024-09-09T05:00,Santacruz_AWS,19.1197,72.8468,0.0,0.0,1004.0,53,5.6,0.399
2024-09-09T06:00,Santacruz_AWS,19.1197,72.8468,0.4,0.4,1004.0,98,4.4,0.405
2024-09-09T07:00,Santacruz_AWS,19.1197,72.8468,0.3,0.3,1004.3,95,4.3,0.408
2024-09-09T08:00,Santacruz_AWS,19.1197,72.8468,0.1,0.1,1004.7,81,6.5,0.407
2024-09-09T09:00,Santacruz_AWS,19.1197,72.8468,0.0,0.0,1005.0,98,6.6,0.405
2024-09-09T10:00,Santacruz_AWS,19.1197,72.8468,0.0,0.0,1005.0,99,7.6,0.403
2024-09-09T11:00,Santacruz_AWS,19.1197,72.8468,0.1,0.1,1004.8,97,11.4,0.4
2024-09-09T12:00,Santacruz_AWS,19.1197,72.8468,0.1,0.1,1004.2,95,12.0,0.397
2024-09-09T13:00,Santacruz_AWS,19.1197,72.8468,0.0,0.0,1003.1,89,13.3,0.393
2024-09-09T14:00,Santacruz_AWS,19.1197,72.8468,0.1,0.1,1002.3,27,14.8,0.391
2024-09-09T15:00,Santacruz_AWS,19.1197,72.8468,0.1,0.1,1001.9,84,15.5,0.389
2024-09-09T16:00,Santacruz_AWS,19.1197,72.8468,0.1,0.1,1001.4,95,16.4,0.387
2024-09-09T17:00,Santacruz_AWS,19.1197,72.8468,0.0,0.0,1001.5,64,15.2,0.386
2024-09-09T18:00,Santacruz_AWS,19.1197,72.8468,0.0,0.0,1002.2,100,9.7,0.384
2024-09-09T19:00,Santacruz_AWS,19.1197,72.8468,0.0,0.0,1002.7,100,6.6,0.383
2024-09-09T20:00,Santacruz_AWS,19.1197,72.8468,0.0,0.0,1003.1,100,6.4,0.383
2024-09-09T21:00,Santacruz_AWS,19.1197,72.8468,0.0,0.0,1003.6,100,7.7,0.383
2024-09-09T22:00,Santacruz_AWS,19.1197,72.8468,0.0,0.0,1003.7,100,7.0,0.383
2024-09-09T23:00,Santacruz_AWS,19.1197,72.8468,0.1,0.1,1003.3,99,6.6,0.384
2024-09-10T00:00,Santacruz_AWS,19.1197,72.8468,0.2,0.2,1002.9,100,6.7,0.385
2024-09-10T01:00,Santacruz_AWS,19.1197,72.8468,0.2,0.2,1002.5,100,8.9,0.386
2024-09-10T02:00,Santacruz_AWS,19.1197,72.8468,0.2,0.2,1001.8,100,7.1,0.388
2024-09-10T03:00,Santacruz_AWS,19.1197,72.8468,0.3,0.3,1001.7,99,7.9,0.389
2024-09-10T04:00,Santacruz_AWS,19.1197,72.8468,0.3,0.3,1002.2,100,6.4,0.393
2024-09-10T05:00,Santacruz_AWS,19.1197,72.8468,0.4,0.4,1002.3,52,7.3,0.397
2024-09-10T06:00,Santacruz_AWS,19.1197,72.8468,0.4,0.4,1002.8,95,5.4,0.397
2024-09-10T07:00,Santacruz_AWS,19.1197,72.8468,0.7,0.7,1003.4,45,3.6,0.404
2024-09-10T08:00,Santacruz_AWS,19.1197,72.8468,0.1,0.1,1003.9,100,4.0,0.403
2024-09-10T09:00,Santacruz_AWS,19.1197,72.8468,0.1,0.1,1004.2,100,6.7,0.402
2024-09-10T10:00,Santacruz_AWS,19.1197,72.8468,0.2,0.2,1004.4,99,8.0,0.401
2024-09-10T11:00,Santacruz_AWS,19.1197,72.8468,0.1,0.1,1004.2,100,9.1,0.4
2024-09-10T12:00,Santacruz_AWS,19.1197,72.8468,0.2,0.2,1003.3,98,13.4,0.398
2024-09-10T13:00,Santacruz_AWS,19.1197,72.8468,0.0,0.0,1002.5,98,15.6,0.395
2024-09-10T14:00,Santacruz_AWS,19.1197,72.8468,0.0,0.0,1001.7,100,17.1,0.391
2024-09-10T15:00,Santacruz_AWS,19.1197,72.8468,0.1,0.1,1001.3,100,17.5,0.39
2024-09-10T16:00,Santacruz_AWS,19.1197,72.8468,0.0,0.0,1001.4,100,17.6,0.388
2024-09-10T17:00,Santacruz_AWS,19.1197,72.8468,0.0,0.0,1001.5,100,15.0,0.387
2024-09-10T18:00,Santacruz_AWS,19.1197,72.8468,0.0,0.0,1001.9,100,13.1,0.393
2024-09-10T19:00,Santacruz_AWS,19.1197,72.8468,0.0,0.0,1002.7,100,11.5,0.392
2024-09-10T20:00,Santacruz_AWS,19.1197,72.8468,0.0,0.0,1003.0,100,11.8,0.391
2024-09-10T21:00,Santacruz_AWS,19.1197,72.8468,0.2,0.2,1003.7,97,12.2,0.392
2024-09-10T22:00,Santacruz_AWS,19.1197,72.8468,0.1,0.1,1004.1,100,11.5,0.392
2024-09-10T23:00,Santacruz_AWS,19.1197,72.8468,0.1,0.1,1003.9,100,7.8,0.392
2024-09-11T00:00,Santacruz_AWS,19.1197,72.8468,0.3,0.3,1003.8,100,7.9,0.393
2024-09-11T01:00,Santacruz_AWS,19.1197,72.8468,0.2,0.2,1003.3,100,8.9,0.393
2024-09-11T02:00,Santacruz_AWS,19.1197,72.8468,0.1,0.1,1002.7,100,8.9,0.393
2024-09-11T03:00,Santacruz_AWS,19.1197,72.8468,0.3,0.3,1002.6,100,7.3,0.394
2024-09-11T04:00,Santacruz_AWS,19.1197,72.8468,0.2,0.2,1002.8,89,7.4,0.396
2024-09-11T05:00,Santacruz_AWS,19.1197,72.8468,0.1,0.1,1003.1,100,8.4,0.395
2024-09-11T06:00,Santacruz_AWS,19.1197,72.8468,0.1,0.1,1003.3,97,9.1,0.405
2024-09-11T07:00,Santacruz_AWS,19.1197,72.8468,0.1,0.1,1003.9,99,10.5,0.403
2024-09-11T08:00,Santacruz_AWS,19.1197,72.8468,0.1,0.1,1004.5,93,10.0,0.402
2024-09-11T09:00,Santacruz_AWS,19.1197,72.8468,0.2,0.2,1004.8,99,12.2,0.401
2024-09-11T10:00,Santacruz_AWS,19.1197,72.8468,0.1,0.1,1004.7,95,13.6,0.399
2024-09-11T11:00,Santacruz_AWS,19.1197,72.8468,0.1,0.1,1004.6,88,14.3,0.396
2024-09-11T12:00,Santacruz_AWS,19.1197,72.8468,0.2,0.2,1004.1,100,16.5,0.394
2024-09-11T13:00,Santacruz_AWS,19.1197,72.8468,0.3,0.3,1003.4,100,15.8,0.393
2024-09-11T14:00,Santacruz_AWS,19.1197,72.8468,0.0,0.0,1003.0,100,16.4,0.389
2024-09-11T15:00,Santacruz_AWS,19.1197,72.8468,0.1,0.1,1002.9,100,17.6,0.387
2024-09-11T16:00,Santacruz_AWS,19.1197,72.8468,0.0,0.0,1002.9,100,18.4,0.385
2024-09-11T17:00,Santacruz_AWS,19.1197,72.8468,0.1,0.1,1003.0,100,18.5,0.384
2024-09-11T18:00,Santacruz_AWS,19.1197,72.8468,0.0,0.0,1003.9,100,14.7,0.383
2024-09-11T19:00,Santacruz_AWS,19.1197,72.8468,0.2,0.2,1004.2,100,11.0,0.383
2024-09-11T20:00,Santacruz_AWS,19.1197,72.8468,0.0,0.0,1004.6,100,11.1,0.383
2024-09-11T21:00,Santacruz_AWS,19.1197,72.8468,1.1,1.1,1005.7,100,9.7,0.394
2024-09-11T22:00,Santacruz_AWS,19.1197,72.8468,0.4,0.4,1006.1,100,11.5,0.396
2024-09-11T23:00,Santacruz_AWS,19.1197,72.8468,0.3,0.3,1005.8,100,10.6,0.398
2024-09-12T00:00,Santacruz_AWS,19.1197,72.8468,0.4,0.4,1005.2,100,10.3,0.4
2024-09-12T01:00,Santacruz_AWS,19.1197,72.8468,0.3,0.3,1005.0,100,13.3,0.401
2024-09-12T02:00,Santacruz_AWS,19.1197,72.8468,0.3,0.3,1004.4,100,12.3,0.402
2024-09-12T03:00,Santacruz_AWS,19.1197,72.8468,0.4,0.4,1004.3,100,13.5,0.405
2024-09-12T04:00,Santacruz_AWS,19.1197,72.8468,0.6,0.6,1004.4,100,13.0,0.409
2024-09-12T05:00,Santacruz_AWS,19.1197,72.8468,0.3,0.3,1004.9,100,12.5,0.409
2024-09-12T06:00,Santacruz_AWS,19.1197,72.8468,0.2,0.2,1005.0,100,12.9,0.418
2024-09-12T07:00,Santacruz_AWS,19.1197,72.8468,1.8,1.8,1005.9,100,13.8,0.433
2024-09-12T08:00,Santacruz_AWS,19.1197,72.8468,0.3,0.3,1006.5,100,13.2,0.425
2024-09-12T09:00,Santacruz_AWS,19.1197,72.8468,1.1,1.1,1007.0,100,15.3,0.427
2024-09-12T10:00,Santacruz_AWS,19.1197,72.8468,0.1,0.1,1006.9,100,12.0,0.42
2024-09-12T11:00,Santacruz_AWS,19.1197,72.8468,0.1,0.1,1006.6,100,16.7,0.415
2024-09-12T12:00,Santacruz_AWS,19.1197,72.8468,0.1,0.1,1006.1,100,17.9,0.41
2024-09-12T13:00,Santacruz_AWS,19.1197,72.8468,0.5,0.5,1005.6,99,17.1,0.41
2024-09-12T14:00,Santacruz_AWS,19.1197,72.8468,0.1,0.1,1005.2,100,17.4,0.406
2024-09-12T15:00,Santacruz_AWS,19.1197,72.8468,0.0,0.0,1005.0,100,16.9,0.403
2024-09-12T16:00,Santacruz_AWS,19.1197,72.8468,0.1,0.1,1004.9,99,17.6,0.401
2024-09-12T17:00,Santacruz_AWS,19.1197,72.8468,0.1,0.1,1005.0,99,16.1,0.399
2024-09-12T18:00,Santacruz_AWS,19.1197,72.8468,0.2,0.2,1005.6,85,10.6,0.395
2024-09-12T19:00,Santacruz_AWS,19.1197,72.8468,0.2,0.2,1006.2,91,7.3,0.395
2024-09-12T20:00,Santacruz_AWS,19.1197,72.8468,0.0,0.0,1006.7,78,10.0,0.394
2024-09-12T21:00,Santacruz_AWS,19.1197,72.8468,0.4,0.4,1007.1,92,10.3,0.396
2024-09-12T22:00,Santacruz_AWS,19.1197,72.8468,0.6,0.6,1007.4,96,8.7,0.402
2024-09-12T23:00,Santacruz_AWS,19.1197,72.8468,0.0,0.0,1007.0,99,6.2,0.401
2024-09-13T00:00,Santacruz_AWS,19.1197,72.8468,0.1,0.1,1006.3,100,8.6,0.4
2024-09-13T01:00,Santacruz_AWS,19.1197,72.8468,0.1,0.1,1005.4,100,10.8,0.4
2024-09-13T02:00,Santacruz_AWS,19.1197,72.8468,0.1,0.1,1004.8,99,11.5,0.4
2024-09-13T03:00,Santacruz_AWS,19.1197,72.8468,0.1,0.1,1004.9,100,11.8,0.4
2024-09-13T04:00,Santacruz_AWS,19.1197,72.8468,0.3,0.3,1004.7,100,9.8,0.402
2024-09-13T05:00,Santacruz_AWS,19.1197,72.8468,0.1,0.1,1005.4,100,10.2,0.401
2024-09-13T06:00,Santacruz_AWS,19.1197,72.8468,0.2,0.2,1005.9,99,10.9,0.404
2024-09-13T07:00,Santacruz_AWS,19.1197,72.8468,0.5,0.5,1006.8,100,9.9,0.407
2024-09-13T08:00,Santacruz_AWS,19.1197,72.8468,0.2,0.2,1007.4,100,10.8,0.406
2024-09-13T09:00,Santacruz_AWS,19.1197,72.8468,0.7,0.7,1008.2,100,13.5,0.41
2024-09-13T10:00,Santacruz_AWS,19.1197,72.8468,0.3,0.3,1008.2,100,12.6,0.409
2024-09-13T11:00,Santacruz_AWS,19.1197,72.8468,0.2,0.2,1008.0,100,12.3,0.407
2024-09-13T12:00,Santacruz_AWS,19.1197,72.8468,0.3,0.3,1007.4,71,16.1,0.405
2024-09-13T13:00,Santacruz_AWS,19.1197,72.8468,0.1,0.1,1006.5,36,18.0,0.402
2024-09-13T14:00,Santacruz_AWS,19.1197,72.8468,0.2,0.2,1005.9,31,18.1,0.4
2024-09-13T15:00,Santacruz_AWS,19.1197,72.8468,0.1,0.1,1005.3,20,19.2,0.397
2024-09-13T16:00,Santacruz_AWS,19.1197,72.8468,0.1,0.1,1004.7,22,19.0,0.395
2024-09-13T17:00,Santacruz_AWS,19.1197,72.8468,0.5,0.5,1004.7,44,17.1,0.397
2024-09-13T18:00,Santacruz_AWS,19.1197,72.8468,0.1,0.1,1005.3,20,12.0,0.383
2024-09-13T19:00,Santacruz_AWS,19.1197,72.8468,0.0,0.0,1005.7,34,10.8,0.382
2024-09-13T20:00,Santacruz_AWS,19.1197,72.8468,0.0,0.0,1006.0,27,8.2,0.382
2024-09-13T21:00,Santacruz_AWS,19.1197,72.8468,0.1,0.1,1006.5,84,7.8,0.382
2024-09-13T22:00,Santacruz_AWS,19.1197,72.8468,0.0,0.0,1006.6,67,7.4,0.382
2024-09-13T23:00,Santacruz_AWS,19.1197,72.8468,0.1,0.1,1006.3,81,7.6,0.382
2024-09-14T00:00,Santacruz_AWS,19.1197,72.8468,0.3,0.3,1006.1,100,8.1,0.384
2024-09-14T01:00,Santacruz_AWS,19.1197,72.8468,0.7,0.7,1005.8,100,13.3,0.389
2024-09-14T02:00,Santacruz_AWS,19.1197,72.8468,0.2,0.2,1005.3,98,7.6,0.39
2024-09-14T03:00,Santacruz_AWS,19.1197,72.8468,0.6,0.6,1005.3,95,7.9,0.398
2024-09-14T04:00,Santacruz_AWS,19.1197,72.8468,0.1,0.1,1005.0,53,8.4,0.397
2024-09-14T05:00,Santacruz_AWS,19.1197,72.8468,0.2,0.2,1005.6,100,9.7,0.398
2024-09-14T06:00,Santacruz_AWS,19.1197,72.8468,0.3,0.3,1005.5,95,12.0,0.392
2024-09-14T07:00,Santacruz_AWS,19.1197,72.8468,0.2,0.2,1006.1,96,7.5,0.393
2024-09-14T08:00,Santacruz_AWS,19.1197,72.8468,1.1,1.1,1007.1,60,11.2,0.404
2024-09-14T09:00,Santacruz_AWS,19.1197,72.8468,0.2,0.2,1007.4,91,13.7,0.403
2024-09-14T10:00,Santacruz_AWS,19.1197,72.8468,0.3,0.3,1007.6,100,15.0,0.402
2024-09-14T11:00,Santacruz_AWS,19.1197,72.8468,0.5,0.5,1007.4,92,14.1,0.404
2024-09-14T12:00,Santacruz_AWS,19.1197,72.8468,0.4,0.4,1006.9,70,9.1,0.403
2024-09-14T13:00,Santacruz_AWS,19.1197,72.8468,0.9,0.9,1006.4,100,12.5,0.407
2024-09-14T14:00,Santacruz_AWS,19.1197,72.8468,0.2,0.2,1005.4,68,10.7,0.405
2024-09-14T15:00,Santacruz_AWS,19.1197,72.8468,0.2,0.2,1004.6,44,14.5,0.403
2024-09-14T16:00,Santacruz_AWS,19.1197,72.8468,0.2,0.2,1004.4,42,16.7,0.401
2024-09-14T17:00,Santacruz_AWS,19.1197,72.8468,0.4,0.4,1004.6,60,13.9,0.401
2024-09-14T18:00,Santacruz_AWS,19.1197,72.8468,0.8,0.8,1005.2,76,12.9,0.396
2024-09-14T19:00,Santacruz_AWS,19.1197,72.8468,0.0,0.0,1005.3,24,8.9,0.395
2024-09-14T20:00,Santacruz_AWS,19.1197,72.8468,0.7,0.7,1006.2,100,10.0,0.402
2024-09-14T21:00,Santacruz_AWS,19.1197,72.8468,0.4,0.4,1006.5,55,5.9,0.404
2024-09-14T22:00,Santacruz_AWS,19.1197,72.8468,0.0,0.0,1006.8,34,6.2,0.402
2024-09-14T23:00,Santacruz_AWS,19.1197,72.8468,0.2,0.2,1006.9,71,7.6,0.402
2024-09-15T00:00,Santacruz_AWS,19.1197,72.8468,0.3,0.3,1006.8,100,6.6,0.404
2024-09-15T01:00,Santacruz_AWS,19.1197,72.8468,0.7,0.7,1006.1,100,4.2,0.41
2024-09-15T02:00,Santacruz_AWS,19.1197,72.8468,0.4,0.4,1005.7,73,6.6,0.412
2024-09-15T03:00,Santacruz_AWS,19.1197,72.8468,0.1,0.1,1005.6,83,6.6,0.409
2024-09-15T04:00,Santacruz_AWS,19.1197,72.8468,0.1,0.1,1005.4,88,4.7,0.407
2024-09-15T05:00,Santacruz_AWS,19.1197,72.8468,0.4,0.4,1005.9,100,7.7,0.409
2024-09-15T06:00,Santacruz_AWS,19.1197,72.8468,0.4,0.4,1006.1,87,6.3,0.415
2024-09-15T07:00,Santacruz_AWS,19.1197,72.8468,0.1,0.1,1007.0,100,7.0,0.412
2024-09-15T08:00,Santacruz_AWS,19.1197,72.8468,1.0,1.0,1007.9,98,5.9,0.419
2024-09-15T09:00,Santacruz_AWS,19.1197,72.8468,0.3,0.3,1007.9,77,4.2,0.417
2024-09-15T10:00,Santacruz_AWS,19.1197,72.8468,0.1,0.1,1008.1,95,10.3,0.414
2024-09-15T11:00,Santacruz_AWS,19.1197,72.8468,0.0,0.0,1008.1,100,13.0,0.409
2024-09-15T12:00,Santacruz_AWS,19.1197,72.8468,0.0,0.0,1007.3,100,11.0,0.405
2024-09-15T13:00,Santacruz_AWS,19.1197,72.8468,0.0,0.0,1006.2,57,11.2,0.401
2024-09-15T14:00,Santacruz_AWS,19.1197,72.8468,0.0,0.0,1005.5,99,11.8,0.397
2024-09-15T15:00,Santacruz_AWS,19.1197,72.8468,0.0,0.0,1005.1,61,13.4,0.394
2024-09-15T16:00,Santacruz_AWS,19.1197,72.8468,0.0,0.0,1005.1,87,12.7,0.392
2024-09-15T17:00,Santacruz_AWS,19.1197,72.8468,0.0,0.0,1005.4,31,11.2,0.39
2024-09-15T18:00,Santacruz_AWS,19.1197,72.8468,0.0,0.0,1006.0,22,8.3,0.389
2024-09-15T19:00,Santacruz_AWS,19.1197,72.8468,0.0,0.0,1006.6,38,6.2,0.388
2024-09-15T20:00,Santacruz_AWS,19.1197,72.8468,0.0,0.0,1007.1,21,4.8,0.388
2024-09-15T21:00,Santacruz_AWS,19.1197,72.8468,0.0,0.0,1007.6,24,5.3,0.388
2024-09-15T22:00,Santacruz_AWS,19.1197,72.8468,0.0,0.0,1007.7,12,5.2,0.388
2024-09-15T23:00,Santacruz_AWS,19.1197,72.8468,0.0,0.0,1007.2,13,6.1,0.387
2024-09-16T00:00,Santacruz_AWS,19.1197,72.8468,0.0,0.0,1006.4,21,6.4,0.387
2024-09-16T01:00,Santacruz_AWS,19.1197,72.8468,0.0,0.0,1006.0,35,5.8,0.387
2024-09-16T02:00,Santacruz_AWS,19.1197,72.8468,0.1,0.1,1005.6,87,5.6,0.387
2024-09-16T03:00,Santacruz_AWS,19.1197,72.8468,0.1,0.1,1005.5,49,4.9,0.387
2024-09-16T04:00,Santacruz_AWS,19.1197,72.8468,0.1,0.1,1005.9,72,6.6,0.387
2024-09-16T05:00,Santacruz_AWS,19.1197,72.8468,0.1,0.1,1006.5,100,7.9,0.387
2024-09-16T06:00,Santacruz_AWS,19.1197,72.8468,0.0,0.0,1006.9,98,7.1,0.386
2024-09-16T07:00,Santacruz_AWS,19.1197,72.8468,0.0,0.0,1007.6,83,8.4,0.385
2024-09-16T08:00,Santacruz_AWS,19.1197,72.8468,0.2,0.2,1008.3,42,8.0,0.386
2024-09-16T09:00,Santacruz_AWS,19.1197,72.8468,0.4,0.4,1008.8,46,8.3,0.388
2024-09-16T10:00,Santacruz_AWS,19.1197,72.8468,0.1,0.1,1008.8,72,8.5,0.387
2024-09-16T11:00,Santacruz_AWS,19.1197,72.8468,0.1,0.1,1008.7,99,8.2,0.385
2024-09-16T12:00,Santacruz_AWS,19.1197,72.8468,0.1,0.1,1007.9,98,9.8,0.381
2024-09-16T13:00,Santacruz_AWS,19.1197,72.8468,0.0,0.0,1006.9,82,11.3,0.378
2024-09-16T14:00,Santacruz_AWS,19.1197,72.8468,0.0,0.0,1006.3,48,13.8,0.376
2024-09-16T15:00,Santacruz_AWS,19.1197,72.8468,0.1,0.1,1005.7,70,14.6,0.374
2024-09-16T16:00,Santacruz_AWS,19.1197,72.8468,0.1,0.1,1005.7,97,14.5,0.373
2024-09-16T17:00,Santacruz_AWS,19.1197,72.8468,0.2,0.2,1006.0,76,13.7,0.373
2024-09-16T18:00,Santacruz_AWS,19.1197,72.8468,0.0,0.0,1006.4,87,9.5,0.364
2024-09-16T19:00,Santacruz_AWS,19.1197,72.8468,0.0,0.0,1006.7,68,8.5,0.364
2024-09-16T20:00,Santacruz_AWS,19.1197,72.8468,0.0,0.0,1007.3,86,7.4,0.364
2024-09-16T21:00,Santacruz_AWS,19.1197,72.8468,0.0,0.0,1008.1,33,5.8,0.364
2024-09-16T22:00,Santacruz_AWS,19.1197,72.8468,0.1,0.1,1008.7,24,4.9,0.364
2024-09-16T23:00,Santacruz_AWS,19.1197,72.8468,0.6,0.6,1008.6,97,3.0,0.369
2024-09-17T00:00,Santacruz_AWS,19.1197,72.8468,0.0,0.0,1008.1,44,2.5,0.369
2024-09-17T01:00,Santacruz_AWS,19.1197,72.8468,0.0,0.0,1007.5,18,3.6,0.369
2024-09-17T02:00,Santacruz_AWS,19.1197,72.8468,0.0,0.0,1006.9,21,4.5,0.369
2024-09-17T03:00,Santacruz_AWS,19.1197,72.8468,0.0,0.0,1006.9,71,3.8,0.369
2024-09-17T04:00,Santacruz_AWS,19.1197,72.8468,0.0,0.0,1006.9,72,4.1,0.369
2024-09-17T05:00,Santacruz_AWS,19.1197,72.8468,0.0,0.0,1007.5,100,3.3,0.369
2024-09-17T06:00,Santacruz_AWS,19.1197,72.8468,0.0,0.0,1008.2,97,5.4,0.363
2024-09-17T07:00,Santacruz_AWS,19.1197,72.8468,0.1,0.1,1008.7,24,4.3,0.364
2024-09-17T08:00,Santacruz_AWS,19.1197,72.8468,0.0,0.0,1009.0,23,3.4,0.364
2024-09-17T09:00,Santacruz_AWS,19.1197,72.8468,0.0,0.0,1009.2,43,3.7,0.362
2024-09-17T10:00,Santacruz_AWS,19.1197,72.8468,0.0,0.0,1009.2,10,4.7,0.361
2024-09-17T11:00,Santacruz_AWS,19.1197,72.8468,0.0,0.0,1008.7,14,8.2,0.358
2024-09-17T12:00,Santacruz_AWS,19.1197,72.8468,0.0,0.0,1007.9,9,11.4,0.354
2024-09-17T13:00,Santacruz_AWS,19.1197,72.8468,0.0,0.0,1007.1,9,13.4,0.351
2024-09-17T14:00,Santacruz_AWS,19.1197,72.8468,0.0,0.0,1006.3,5,14.0,0.348
2024-09-17T15:00,Santacruz_AWS,19.1197,72.8468,0.0,0.0,1005.3,25,15.3,0.346
2024-09-17T16:00,Santacruz_AWS,19.1197,72.8468,0.1,0.1,1005.2,22,15.6,0.344
2024-09-17T17:00,Santacruz_AWS,19.1197,72.8468,0.0,0.0,1005.4,18,13.5,0.344
2024-09-17T18:00,Santacruz_AWS,19.1197,72.8468,0.0,0.0,1005.7,7,9.0,0.341
2024-09-17T19:00,Santacruz_AWS,19.1197,72.8468,0.0,0.0,1006.3,21,6.9,0.341
2024-09-17T20:00,Santacruz_AWS,19.1197,72.8468,0.0,0.0,1006.8,33,7.4,0.342
2024-09-17T21:00,Santacruz_AWS,19.1197,72.8468,0.0,0.0,1007.3,22,6.3,0.342
2024-09-17T22:00,Santacruz_AWS,19.1197,72.8468,0.0,0.0,1007.5,48,8.7,0.342
2024-09-17T23:00,Santacruz_AWS,19.1197,72.8468,0.0,0.0,1006.8,91,4.7,0.342
2024-09-18T00:00,Santacruz_AWS,19.1197,72.8468,0.0,0.0,1006.4,19,5.4,0.343
2024-09-18T01:00,Santacruz_AWS,19.1197,72.8468,0.0,0.0,1005.8,34,4.8,0.343
2024-09-18T02:00,Santacruz_AWS,19.1197,72.8468,0.0,0.0,1005.2,44,3.2,0.343
2024-09-18T03:00,Santacruz_AWS,19.1197,72.8468,0.0,0.0,1005.1,48,5.8,0.344
2024-09-18T04:00,Santacruz_AWS,19.1197,72.8468,0.0,0.0,1005.0,83,5.0,0.344
2024-09-18T05:00,Santacruz_AWS,19.1197,72.8468,0.0,0.0,1005.5,85,6.2,0.344
2024-09-18T06:00,Santacruz_AWS,19.1197,72.8468,0.0,0.0,1005.8,38,7.3,0.348
2024-09-18T07:00,Santacruz_AWS,19.1197,72.8468,0.0,0.0,1006.3,32,7.2,0.348
2024-09-18T08:00,Santacruz_AWS,19.1197,72.8468,0.0,0.0,1006.8,19,7.9,0.348
2024-09-18T09:00,Santacruz_AWS,19.1197,72.8468,0.1,0.1,1007.0,12,6.0,0.347
2024-09-18T10:00,Santacruz_AWS,19.1197,72.8468,0.1,0.1,1007.0,29,5.4,0.346
2024-09-18T11:00,Santacruz_AWS,19.1197,72.8468,0.2,0.2,1006.4,37,8.1,0.345
2024-09-18T12:00,Santacruz_AWS,19.1197,72.8468,0.2,0.2,1005.7,29,8.7,0.344
2024-09-18T13:00,Santacruz_AWS,19.1197,72.8468,0.2,0.2,1004.9,32,9.1,0.343
2024-09-18T14:00,Santacruz_AWS,19.1197,72.8468,0.0,0.0,1004.0,34,11.9,0.34
2024-09-18T15:00,Santacruz_AWS,19.1197,72.8468,0.0,0.0,1003.4,31,13.0,0.338
2024-09-18T16:00,Santacruz_AWS,19.1197,72.8468,0.0,0.0,1003.5,42,12.3,0.336
2024-09-18T17:00,Santacruz_AWS,19.1197,72.8468,0.0,0.0,1003.5,32,10.2,0.335
2024-09-18T18:00,Santacruz_AWS,19.1197,72.8468,0.0,0.0,1003.9,19,5.2,0.331
2024-09-18T19:00,Santacruz_AWS,19.1197,72.8468,0.0,0.0,1004.5,12,5.4,0.331
2024-09-18T20:00,Santacruz_AWS,19.1197,72.8468,0.0,0.0,1004.8,5,5.1,0.331
2024-09-18T21:00,Santacruz_AWS,19.1197,72.8468,0.0,0.0,1005.6,7,5.5,0.331
2024-09-18T22:00,Santacruz_AWS,19.1197,72.8468,0.0,0.0,1006.1,55,6.2,0.331
2024-09-18T23:00,Santacruz_AWS,19.1197,72.8468,0.0,0.0,1006.1,100,5.5,0.332
2024-09-19T00:00,Santacruz_AWS,19.1197,72.8468,0.0,0.0,1005.9,26,5.7,0.332
2024-09-19T01:00,Santacruz_AWS,19.1197,72.8468,0.0,0.0,1005.3,85,4.2,0.332
2024-09-19T02:00,Santacruz_AWS,19.1197,72.8468,0.0,0.0,1004.9,32,2.6,0.332
2024-09-19T03:00,Santacruz_AWS,19.1197,72.8468,0.0,0.0,1004.8,77,2.8,0.333
2024-09-19T04:00,Santacruz_AWS,19.1197,72.8468,0.0,0.0,1004.9,100,5.6,0.333
2024-09-19T05:00,Santacruz_AWS,19.1197,72.8468,0.0,0.0,1005.4,26,3.9,0.333
2024-09-19T06:00,Santacruz_AWS,19.1197,72.8468,0.0,0.0,1006.1,33,4.3,0.335
2024-09-19T07:00,Santacruz_AWS,19.1197,72.8468,0.0,0.0,1006.7,22,5.8,0.335
2024-09-19T08:00,Santacruz_AWS,19.1197,72.8468,0.0,0.0,1007.0,19,6.7,0.335
2024-09-19T09:00,Santacruz_AWS,19.1197,72.8468,0.0,0.0,1007.2,40,5.0,0.333
2024-09-19T10:00,Santacruz_AWS,19.1197,72.8468,0.2,0.2,1007.3,28,4.8,0.333
2024-09-19T11:00,Santacruz_AWS,19.1197,72.8468,0.3,0.3,1007.0,34,7.5,0.333
2024-09-19T12:00,Santacruz_AWS,19.1197,72.8468,0.3,0.3,1006.3,34,9.1,0.333
2024-09-19T13:00,Santacruz_AWS,19.1197,72.8468,0.1,0.1,1005.3,27,11.9,0.33
2024-09-19T14:00,Santacruz_AWS,19.1197,72.8468,0.0,0.0,1004.5,26,12.4,0.327
2024-09-19T15:00,Santacruz_AWS,19.1197,72.8468,0.1,0.1,1004.2,37,12.8,0.326
2024-09-19T16:00,Santacruz_AWS,19.1197,72.8468,0.0,0.0,1004.2,20,12.1,0.324
2024-09-19T17:00,Santacruz_AWS,19.1197,72.8468,0.0,0.0,1004.2,8,10.7,0.323
2024-09-19T18:00,Santacruz_AWS,19.1197,72.8468,0.0,0.0,1004.6,47,7.4,0.318
2024-09-19T19:00,Santacruz_AWS,19.1197,72.8468,0.0,0.0,1005.3,41,4.5,0.318
2024-09-19T20:00,Santacruz_AWS,19.1197,72.8468,0.0,0.0,1005.9,62,4.6,0.318
2024-09-19T21:00,Santacruz_AWS,19.1197,72.8468,0.0,0.0,1006.7,24,4.5,0.319
2024-09-19T22:00,Santacruz_AWS,19.1197,72.8468,0.0,0.0,1006.9,41,2.0,0.319
2024-09-19T23:00,Santacruz_AWS,19.1197,72.8468,0.0,0.0,1006.6,23,2.9,0.319
2024-09-20T00:00,Santacruz_AWS,19.1197,72.8468,0.0,0.0,1006.2,39,3.1,0.319
2024-09-20T01:00,Santacruz_AWS,19.1197,72.8468,0.0,0.0,1005.8,43,4.1,0.32
2024-09-20T02:00,Santacruz_AWS,19.1197,72.8468,0.0,0.0,1005.3,29,3.8,0.32
2024-09-20T03:00,Santacruz_AWS,19.1197,72.8468,0.0,0.0,1005.1,19,4.7,0.32
2024-09-20T04:00,Santacruz_AWS,19.1197,72.8468,0.1,0.1,1005.3,21,4.8,0.321
2024-09-20T05:00,Santacruz_AWS,19.1197,72.8468,0.0,0.0,1005.7,10,5.8,0.321
2024-09-20T06:00,Santacruz_AWS,19.1197,72.8468,1.7,1.7,1006.3,100,15.9,0.331
2024-09-20T07:00,Santacruz_AWS,19.1197,72.8468,0.6,0.6,1006.6,76,7.0,0.338
2024-09-20T08:00,Santacruz_AWS,19.1197,72.8468,0.1,0.1,1007.1,47,7.9,0.339
2024-09-20T09:00,Santacruz_AWS,19.1197,72.8468,0.0,0.0,1007.8,100,7.6,0.338
2024-09-20T10:00,Santacruz_AWS,19.1197,72.8468,0.0,0.0,1007.8,63,6.4,0.337
2024-09-20T11:00,Santacruz_AWS,19.1197,72.8468,0.2,0.2,1007.6,99,9.2,0.336
2024-09-20T12:00,Santacruz_AWS,19.1197,72.8468,0.7,0.7,1007.0,98,8.7,0.341
2024-09-20T13:00,Santacruz_AWS,19.1197,72.8468,0.5,0.5,1005.8,73,9.0,0.343
2024-09-20T14:00,Santacruz_AWS,19.1197,72.8468,0.1,0.1,1005.0,47,11.7,0.342
2024-09-20T15:00,Santacruz_AWS,19.1197,72.8468,0.6,0.6,1004.5,98,11.9,0.344
2024-09-20T16:00,Santacruz_AWS,19.1197,72.8468,0.3,0.3,1004.3,88,8.9,0.345
2024-09-20T17:00,Santacruz_AWS,19.1197,72.8468,0.3,0.3,1004.5,55,9.4,0.347
2024-09-20T18:00,Santacruz_AWS,19.1197,72.8468,0.0,0.0,1004.9,63,7.1,0.313
2024-09-20T19:00,Santacruz_AWS,19.1197,72.8468,0.0,0.0,1005.6,79,5.4,0.313
2024-09-20T20:00,Santacruz_AWS,19.1197,72.8468,0.0,0.0,1006.2,84,4.7,0.313
2024-09-20T21:00,Santacruz_AWS,19.1197,72.8468,0.0,0.0,1007.0,78,4.0,0.313
2024-09-20T22:00,Santacruz_AWS,19.1197,72.8468,0.0,0.0,1007.1,35,1.5,0.314
2024-09-20T23:00,Santacruz_AWS,19.1197,72.8468,0.0,0.0,1007.2,27,1.1,0.314
2024-09-21T00:00,Santacruz_AWS,19.1197,72.8468,0.0,0.0,1007.0,46,3.3,0.314
2024-09-21T01:00,Santacruz_AWS,19.1197,72.8468,0.1,0.1,1006.4,85,2.5,0.315
2024-09-21T02:00,Santacruz_AWS,19.1197,72.8468,0.1,0.1,1006.0,97,2.6,0.316
2024-09-21T03:00,Santacruz_AWS,19.1197,72.8468,0.1,0.1,1005.9,77,3.1,0.317
2024-09-21T04:00,Santacruz_AWS,19.1197,72.8468,0.7,0.7,1006.0,57,5.8,0.322
2024-09-21T05:00,Santacruz_AWS,19.1197,72.8468,0.2,0.2,1006.4,57,6.2,0.324
2024-09-21T06:00,Santacruz_AWS,19.1197,72.8468,0.1,0.1,1006.8,79,3.6,0.313
2024-09-21T07:00,Santacruz_AWS,19.1197,72.8468,0.1,0.1,1007.5,84,5.0,0.314
2024-09-21T08:00,Santacruz_AWS,19.1197,72.8468,0.1,0.1,1008.0,30,3.7,0.315
2024-09-21T09:00,Santacruz_AWS,19.1197,72.8468,0.0,0.0,1008.5,21,1.9,0.314
2024-09-21T10:00,Santacruz_AWS,19.1197,72.8468,0.0,0.0,1008.6,96,3.9,0.313
2024-09-21T11:00,Santacruz_AWS,19.1197,72.8468,0.0,0.0,1008.3,96,8.2,0.311
2024-09-21T12:00,Santacruz_AWS,19.1197,72.8468,0.1,0.1,1007.6,59,10.7,0.308
2024-09-21T13:00,Santacruz_AWS,19.1197,72.8468,0.1,0.1,1006.5,26,12.1,0.307
2024-09-21T14:00,Santacruz_AWS,19.1197,72.8468,0.1,0.1,1005.5,68,14.3,0.305
2024-09-21T15:00,Santacruz_AWS,19.1197,72.8468,0.1,0.1,1004.8,21,15.8,0.304
2024-09-21T16:00,Santacruz_AWS,19.1197,72.8468,0.0,0.0,1004.7,73,15.6,0.302
2024-09-21T17:00,Santacruz_AWS,19.1197,72.8468,0.0,0.0,1005.0,35,14.1,0.301
2024-09-21T18:00,Santacruz_AWS,19.1197,72.8468,0.0,0.0,1005.7,40,8.4,0.297
2024-09-21T19:00,Santacruz_AWS,19.1197,72.8468,0.0,0.0,1006.6,36,5.6,0.297
2024-09-21T20:00,Santacruz_AWS,19.1197,72.8468,0.0,0.0,1007.0,22,5.6,0.297
2024-09-21T21:00,Santacruz_AWS,19.1197,72.8468,0.0,0.0,1007.9,7,5.2,0.297
2024-09-21T22:00,Santacruz_AWS,19.1197,72.8468,0.0,0.0,1008.2,15,4.7,0.297
2024-09-21T23:00,Santacruz_AWS,19.1197,72.8468,0.0,0.0,1007.7,7,3.3,0.298
2024-09-22T00:00,Santacruz_AWS,19.1197,72.8468,0.0,0.0,1007.2,6,3.6,0.298
2024-09-22T01:00,Santacruz_AWS,19.1197,72.8468,0.0,0.0,1006.7,56,3.6,0.298
2024-09-22T02:00,Santacruz_AWS,19.1197,72.8468,0.0,0.0,1006.3,73,3.3,0.298
2024-09-22T03:00,Santacruz_AWS,19.1197,72.8468,0.0,0.0,1005.9,22,4.0,0.298
2024-09-22T04:00,Santacruz_AWS,19.1197,72.8468,0.0,0.0,1006.2,43,3.3,0.298
2024-09-22T05:00,Santacruz_AWS,19.1197,72.8468,0.0,0.0,1006.4,42,3.8,0.298
2024-09-22T06:00,Santacruz_AWS,19.1197,72.8468,0.0,0.0,1006.8,53,3.3,0.294
2024-09-22T07:00,Santacruz_AWS,19.1197,72.8468,0.0,0.0,1007.3,35,6.1,0.294
2024-09-22T08:00,Santacruz_AWS,19.1197,72.8468,0.0,0.0,1007.9,18,7.2,0.294
2024-09-22T09:00,Santacruz_AWS,19.1197,72.8468,0.1,0.1,1008.0,34,11.9,0.294
2024-09-22T10:00,Santacruz_AWS,19.1197,72.8468,0.1,0.1,1007.8,38,12.6,0.292
2024-09-22T11:00,Santacruz_AWS,19.1197,72.8468,0.1,0.1,1007.5,28,14.1,0.29
2024-09-22T12:00,Santacruz_AWS,19.1197,72.8468,0.1,0.1,1006.5,42,14.8,0.289
2024-09-22T13:00,Santacruz_AWS,19.1197,72.8468,0.5,0.5,1005.1,72,17.9,0.29
2024-09-22T14:00,Santacruz_AWS,19.1197,72.8468,0.8,0.8,1004.1,52,17.1,0.296
2024-09-22T15:00,Santacruz_AWS,19.1197,72.8468,0.2,0.2,1003.8,36,18.5,0.297
2024-09-22T16:00,Santacruz_AWS,19.1197,72.8468,0.2,0.2,1003.8,57,18.1,0.297
2024-09-22T17:00,Santacruz_AWS,19.1197,72.8468,0.1,0.1,1004.0,52,16.1,0.297
2024-09-22T18:00,Santacruz_AWS,19.1197,72.8468,0.0,0.0,1004.1,80,13.3,0.299
2024-09-22T19:00,Santacruz_AWS,19.1197,72.8468,0.0,0.0,1004.7,100,11.4,0.298
2024-09-22T20:00,Santacruz_AWS,19.1197,72.8468,0.0,0.0,1005.4,99,10.5,0.298
2024-09-22T21:00,Santacruz_AWS,19.1197,72.8468,0.0,0.0,1006.3,61,7.5,0.298
2024-09-22T22:00,Santacruz_AWS,19.1197,72.8468,0.0,0.0,1006.2,22,6.2,0.298
2024-09-22T23:00,Santacruz_AWS,19.1197,72.8468,0.0,0.0,1006.0,23,5.8,0.298
2024-09-23T00:00,Santacruz_AWS,19.1197,72.8468,0.0,0.0,1005.6,90,5.8,0.298
2024-09-23T01:00,Santacruz_AWS,19.1197,72.8468,0.0,0.0,1004.9,96,7.4,0.298
2024-09-23T02:00,Santacruz_AWS,19.1197,72.8468,0.0,0.0,1004.4,99,7.2,0.298
2024-09-23T03:00,Santacruz_AWS,19.1197,72.8468,0.0,0.0,1004.3,100,6.4,0.298
2024-09-23T04:00,Santacruz_AWS,19.1197,72.8468,0.0,0.0,1004.5,100,5.5,0.298
2024-09-23T05:00,Santacruz_AWS,19.1197,72.8468,0.0,0.0,1004.9,86,5.0,0.299
2024-09-23T06:00,Santacruz_AWS,19.1197,72.8468,0.0,0.0,1005.6,97,3.0,0.31
2024-09-23T07:00,Santacruz_AWS,19.1197,72.8468,0.0,0.0,1006.2,100,5.5,0.31
2024-09-23T08:00,Santacruz_AWS,19.1197,72.8468,0.1,0.1,1006.8,92,5.2,0.311
2024-09-23T09:00,Santacruz_AWS,19.1197,72.8468,0.1,0.1,1007.0,91,9.2,0.311
2024-09-23T10:00,Santacruz_AWS,19.1197,72.8468,0.1,0.1,1006.8,49,12.0,0.31
2024-09-23T11:00,Santacruz_AWS,19.1197,72.8468,1.2,1.2,1006.4,89,14.3,0.319
2024-09-23T12:00,Santacruz_AWS,19.1197,72.8468,1.2,1.2,1005.2,91,12.8,0.328
2024-09-23T13:00,Santacruz_AWS,19.1197,72.8468,0.2,0.2,1004.6,100,17.1,0.328
2024-09-23T14:00,Santacruz_AWS,19.1197,72.8468,1.6,1.6,1003.8,100,15.8,0.345
2024-09-23T15:00,Santacruz_AWS,19.1197,72.8468,0.2,0.2,1003.1,100,16.4,0.345
2024-09-23T16:00,Santacruz_AWS,19.1197,72.8468,0.2,0.2,1002.5,100,17.6,0.344
2024-09-23T17:00,Santacruz_AWS,19.1197,72.8468,0.1,0.1,1003.3,98,15.8,0.344
2024-09-23T18:00,Santacruz_AWS,19.1197,72.8468,0.1,0.1,1003.4,100,16.3,0.377
2024-09-23T19:00,Santacruz_AWS,19.1197,72.8468,0.0,0.0,1004.3,100,12.8,0.375
2024-09-23T20:00,Santacruz_AWS,19.1197,72.8468,0.1,0.1,1004.9,100,10.1,0.373
2024-09-23T21:00,Santacruz_AWS,19.1197,72.8468,0.1,0.1,1005.3,100,7.3,0.371
2024-09-23T22:00,Santacruz_AWS,19.1197,72.8468,0.1,0.1,1005.9,90,5.4,0.37
2024-09-23T23:00,Santacruz_AWS,19.1197,72.8468,0.3,0.3,1005.0,82,6.1,0.37
2024-09-24T00:00,Santacruz_AWS,19.1197,72.8468,0.9,0.9,1004.6,87,5.0,0.379
2024-09-24T01:00,Santacruz_AWS,19.1197,72.8468,2.5,2.5,1004.5,100,2.9,0.407
2024-09-24T02:00,Santacruz_AWS,19.1197,72.8468,0.1,0.1,1003.5,100,4.5,0.402
2024-09-24T03:00,Santacruz_AWS,19.1197,72.8468,0.5,0.5,1003.6,100,5.6,0.402
2024-09-24T04:00,Santacruz_AWS,19.1197,72.8468,0.7,0.7,1003.4,100,5.2,0.405
2024-09-24T05:00,Santacruz_AWS,19.1197,72.8468,1.5,1.5,1003.7,100,4.9,0.419
2024-09-24T06:00,Santacruz_AWS,19.1197,72.8468,0.3,0.3,1003.9,100,5.8,0.404
2024-09-24T07:00,Santacruz_AWS,19.1197,72.8468,0.6,0.6,1004.2,99,7.6,0.405
2024-09-24T08:00,Santacruz_AWS,19.1197,72.8468,1.8,1.8,1005.3,100,9.1,0.421
2024-09-24T09:00,Santacruz_AWS,19.1197,72.8468,3.5,3.5,1005.0,95,10.7,0.425
2024-09-24T10:00,Santacruz_AWS,19.1197,72.8468,0.5,0.5,1004.6,30,10.0,0.416
2024-09-24T11:00,Santacruz_AWS,19.1197,72.8468,0.2,0.2,1004.0,92,10.6,0.409
2024-09-24T12:00,Santacruz_AWS,19.1197,72.8468,0.1,0.1,1003.0,79,12.4,0.403
2024-09-24T13:00,Santacruz_AWS,19.1197,72.8468,0.2,0.2,1001.7,39,16.1,0.398
2024-09-24T14:00,Santacruz_AWS,19.1197,72.8468,0.4,0.4,1000.5,95,20.1,0.396
2024-09-24T15:00,Santacruz_AWS,19.1197,72.8468,0.4,0.4,1000.1,91,20.2,0.395
2024-09-24T16:00,Santacruz_AWS,19.1197,72.8468,0.2,0.2,999.8,67,22.7,0.392
2024-09-24T17:00,Santacruz_AWS,19.1197,72.8468,0.1,0.1,1000.4,100,21.4,0.39
2024-09-24T18:00,Santacruz_AWS,19.1197,72.8468,5.4,5.4,1002.2,100,11.0,0.431
2024-09-24T19:00,Santacruz_AWS,19.1197,72.8468,1.2,1.2,1002.7,100,10.5,0.438
2024-09-24T20:00,Santacruz_AWS,19.1197,72.8468,0.9,0.9,1003.4,100,8.5,0.432
2024-09-24T21:00,Santacruz_AWS,19.1197,72.8468,0.4,0.4,1004.3,100,8.9,0.431
2024-09-24T22:00,Santacruz_AWS,19.1197,72.8468,0.3,0.3,1004.5,100,7.8,0.429
2024-09-24T23:00,Santacruz_AWS,19.1197,72.8468,0.4,0.4,1004.0,100,5.8,0.431
2024-09-25T00:00,Santacruz_AWS,19.1197,72.8468,1.2,1.2,1003.2,100,2.3,0.434
2024-09-25T01:00,Santacruz_AWS,19.1197,72.8468,0.2,0.2,1002.7,100,2.9,0.43
2024-09-25T02:00,Santacruz_AWS,19.1197,72.8468,2.2,2.2,1002.1,100,3.9,0.435
2024-09-25T03:00,Santacruz_AWS,19.1197,72.8468,1.2,1.2,1002.0,100,3.6,0.436
2024-09-25T04:00,Santacruz_AWS,19.1197,72.8468,1.5,1.5,1001.9,100,7.2,0.434
2024-09-25T05:00,Santacruz_AWS,19.1197,72.8468,1.1,1.1,1002.3,100,8.1,0.439
2024-09-25T06:00,Santacruz_AWS,19.1197,72.8468,0.4,0.4,1002.7,100,14.2,0.433
2024-09-25T07:00,Santacruz_AWS,19.1197,72.8468,0.4,0.4,1003.0,100,12.8,0.432
2024-09-25T08:00,Santacruz_AWS,19.1197,72.8468,0.2,0.2,1003.4,100,12.5,0.429
2024-09-25T09:00,Santacruz_AWS,19.1197,72.8468,0.3,0.3,1003.9,100,11.5,0.427
2024-09-25T10:00,Santacruz_AWS,19.1197,72.8468,0.4,0.4,1004.2,100,10.4,0.426
2024-09-25T11:00,Santacruz_AWS,19.1197,72.8468,10.6,10.6,1003.8,100,16.3,0.439
2024-09-25T12:00,Santacruz_AWS,19.1197,72.8468,2.9,2.9,1002.9,100,15.1,0.435
2024-09-25T13:00,Santacruz_AWS,19.1197,72.8468,0.9,0.9,1001.7,100,16.9,0.435
2024-09-25T14:00,Santacruz_AWS,19.1197,72.8468,0.7,0.7,1000.7,100,18.9,0.435
2024-09-25T15:00,Santacruz_AWS,19.1197,72.8468,1.3,1.3,1000.6,100,20.6,0.434
2024-09-25T16:00,Santacruz_AWS,19.1197,72.8468,1.6,1.6,1000.6,100,17.7,0.434
2024-09-25T17:00,Santacruz_AWS,19.1197,72.8468,1.7,1.7,1000.9,100,17.5,0.437
2024-09-25T18:00,Santacruz_AWS,19.1197,72.8468,0.9,0.9,1001.7,100,6.4,0.436
2024-09-25T19:00,Santacruz_AWS,19.1197,72.8468,1.2,1.2,1002.3,100,5.8,0.438
2024-09-25T20:00,Santacruz_AWS,19.1197,72.8468,1.4,1.4,1002.9,100,5.5,0.439
2024-09-25T21:00,Santacruz_AWS,19.1197,72.8468,1.3,1.3,1003.6,100,5.3,0.438
2024-09-25T22:00,Santacruz_AWS,19.1197,72.8468,1.3,1.3,1003.8,100,5.4,0.436
2024-09-25T23:00,Santacruz_AWS,19.1197,72.8468,1.5,1.5,1003.4,100,2.5,0.439
2024-09-26T00:00,Santacruz_AWS,19.1197,72.8468,1.7,1.7,1002.7,100,5.0,0.439
2024-09-26T01:00,Santacruz_AWS,19.1197,72.8468,1.6,1.6,1002.2,100,5.2,0.437
2024-09-26T02:00,Santacruz_AWS,19.1197,72.8468,1.6,1.6,1001.6,100,2.0,0.436
2024-09-26T03:00,Santacruz_AWS,19.1197,72.8468,1.2,1.2,1001.0,100,3.9,0.435
2024-09-26T04:00,Santacruz_AWS,19.1197,72.8468,1.5,1.5,1001.1,100,2.1,0.439
2024-09-26T05:00,Santacruz_AWS,19.1197,72.8468,0.9,0.9,1001.2,100,6.3,0.435
2024-09-26T06:00,Santacruz_AWS,19.1197,72.8468,0.7,0.7,1001.1,100,2.8,0.432
2024-09-26T07:00,Santacruz_AWS,19.1197,72.8468,0.5,0.5,1001.7,100,2.7,0.433
2024-09-26T08:00,Santacruz_AWS,19.1197,72.8468,1.0,1.0,1002.2,100,5.8,0.437
2024-09-26T09:00,Santacruz_AWS,19.1197,72.8468,2.3,2.3,1002.7,100,6.5,0.436
2024-09-26T10:00,Santacruz_AWS,19.1197,72.8468,2.3,2.3,1003.0,100,7.4,0.439
2024-09-26T11:00,Santacruz_AWS,19.1197,72.8468,2.9,2.9,1002.3,100,8.1,0.431
2024-09-26T12:00,Santacruz_AWS,19.1197,72.8468,1.4,1.4,1001.6,100,9.3,0.438
2024-09-26T13:00,Santacruz_AWS,19.1197,72.8468,1.4,1.4,1000.7,100,7.8,0.439
2024-09-26T14:00,Santacruz_AWS,19.1197,72.8468,1.7,1.7,999.4,100,6.9,0.435
2024-09-26T15:00,Santacruz_AWS,19.1197,72.8468,1.3,1.3,999.1,100,11.1,0.437
2024-09-26T16:00,Santacruz_AWS,19.1197,72.8468,1.0,1.0,999.1,100,15.2,0.433
2024-09-26T17:00,Santacruz_AWS,19.1197,72.8468,1.4,1.4,999.6,100,17.2,0.43
2024-09-26T18:00,Santacruz_AWS,19.1197,72.8468,3.8,3.8,1000.7,100,11.5,0.439
2024-09-26T19:00,Santacruz_AWS,19.1197,72.8468,3.9,3.9,1001.6,100,10.1,0.439
2024-09-26T20:00,Santacruz_AWS,19.1197,72.8468,4.9,4.9,1002.2,100,9.1,0.438
2024-09-26T21:00,Santacruz_AWS,19.1197,72.8468,5.6,5.6,1002.9,100,17.0,0.439
2024-09-26T22:00,Santacruz_AWS,19.1197,72.8468,2.3,2.3,1003.0,100,17.6,0.439
2024-09-26T23:00,Santacruz_AWS,19.1197,72.8468,1.1,1.1,1002.6,100,18.7,0.433
2024-09-27T00:00,Santacruz_AWS,19.1197,72.8468,1.0,1.0,1002.1,100,20.9,0.435
2024-09-27T01:00,Santacruz_AWS,19.1197,72.8468,1.6,1.6,1001.7,100,21.4,0.43
2024-09-27T02:00,Santacruz_AWS,19.1197,72.8468,1.4,1.4,1000.8,100,23.2,0.438
2024-09-27T03:00,Santacruz_AWS,19.1197,72.8468,2.0,2.0,1000.5,100,24.4,0.434
2024-09-27T04:00,Santacruz_AWS,19.1197,72.8468,1.6,1.6,1000.4,100,24.6,0.438
2024-09-27T05:00,Santacruz_AWS,19.1197,72.8468,5.7,5.7,1000.9,100,26.0,0.438
2024-09-27T06:00,Santacruz_AWS,19.1197,72.8468,1.5,1.5,1001.5,100,24.4,0.436
2024-09-27T07:00,Santacruz_AWS,19.1197,72.8468,3.2,3.2,1002.5,100,26.3,0.439
2024-09-27T08:00,Santacruz_AWS,19.1197,72.8468,3.2,3.2,1003.4,100,25.5,0.434
2024-09-27T09:00,Santacruz_AWS,19.1197,72.8468,7.5,7.5,1004.0,100,25.1,0.439
2024-09-27T10:00,Santacruz_AWS,19.1197,72.8468,5.4,5.4,1004.6,100,26.0,0.439
2024-09-27T11:00,Santacruz_AWS,19.1197,72.8468,9.2,9.2,1004.6,100,28.1,0.439
2024-09-27T12:00,Santacruz_AWS,19.1197,72.8468,3.6,3.6,1004.0,100,26.0,0.438
2024-09-27T13:00,Santacruz_AWS,19.1197,72.8468,1.3,1.3,1003.3,100,27.1,0.435
2024-09-27T14:00,Santacruz_AWS,19.1197,72.8468,1.2,1.2,1002.7,100,24.3,0.436
2024-09-27T15:00,Santacruz_AWS,19.1197,72.8468,0.8,0.8,1002.5,99,23.1,0.435
2024-09-27T16:00,Santacruz_AWS,19.1197,72.8468,0.3,0.3,1002.8,99,22.7,0.431
2024-09-27T17:00,Santacruz_AWS,19.1197,72.8468,0.2,0.2,1002.8,99,21.2,0.427
2024-09-27T18:00,Santacruz_AWS,19.1197,72.8468,3.9,3.9,1002.8,100,28.1,0.436
2024-09-27T19:00,Santacruz_AWS,19.1197,72.8468,1.2,1.2,1003.6,100,23.0,0.435
2024-09-27T20:00,Santacruz_AWS,19.1197,72.8468,0.7,0.7,1004.9,100,18.8,0.436
2024-09-27T21:00,Santacruz_AWS,19.1197,72.8468,1.9,1.9,1005.6,100,20.0,0.436
2024-09-27T22:00,Santacruz_AWS,19.1197,72.8468,1.3,1.3,1005.8,100,17.8,0.436
2024-09-27T23:00,Santacruz_AWS,19.1197,72.8468,2.0,2.0,1005.8,100,17.4,0.438
2024-09-28T00:00,Santacruz_AWS,19.1197,72.8468,0.2,0.2,1005.5,100,14.9,0.43
2024-09-28T01:00,Santacruz_AWS,19.1197,72.8468,0.3,0.3,1004.9,100,14.3,0.428
2024-09-28T02:00,Santacruz_AWS,19.1197,72.8468,0.0,0.0,1004.1,100,15.7,0.425
2024-09-28T03:00,Santacruz_AWS,19.1197,72.8468,0.0,0.0,1003.7,100,17.9,0.421
2024-09-28T04:00,Santacruz_AWS,19.1197,72.8468,0.0,0.0,1003.9,100,16.5,0.419
2024-09-28T05:00,Santacruz_AWS,19.1197,72.8468,0.1,0.1,1004.6,100,12.0,0.417
2024-09-28T06:00,Santacruz_AWS,19.1197,72.8468,0.0,0.0,1005.2,100,12.0,0.418
2024-09-28T07:00,Santacruz_AWS,19.1197,72.8468,0.2,0.2,1006.0,100,13.6,0.418
2024-09-28T08:00,Santacruz_AWS,19.1197,72.8468,0.6,0.6,1006.8,100,15.0,0.421
2024-09-28T09:00,Santacruz_AWS,19.1197,72.8468,0.7,0.7,1007.5,100,12.7,0.424
2024-09-28T10:00,Santacruz_AWS,19.1197,72.8468,0.1,0.1,1007.8,100,12.8,0.42
2024-09-28T11:00,Santacruz_AWS,19.1197,72.8468,0.3,0.3,1007.8,100,14.7,0.418
2024-09-28T12:00,Santacruz_AWS,19.1197,72.8468,0.2,0.2,1007.2,100,16.9,0.415
2024-09-28T13:00,Santacruz_AWS,19.1197,72.8468,0.1,0.1,1006.4,100,17.1,0.411
2024-09-28T14:00,Santacruz_AWS,19.1197,72.8468,0.0,0.0,1005.8,100,15.8,0.408
2024-09-28T15:00,Santacruz_AWS,19.1197,72.8468,0.7,0.7,1005.5,89,15.5,0.411
2024-09-28T16:00,Santacruz_AWS,19.1197,72.8468,0.2,0.2,1005.2,96,16.2,0.409
2024-09-28T17:00,Santacruz_AWS,19.1197,72.8468,0.2,0.2,1005.7,72,16.4,0.408
2024-09-28T18:00,Santacruz_AWS,19.1197,72.8468,0.6,0.6,1006.7,100,10.2,0.415
2024-09-28T19:00,Santacruz_AWS,19.1197,72.8468,0.6,0.6,1007.4,99,7.6,0.419
2024-09-28T20:00,Santacruz_AWS,19.1197,72.8468,0.3,0.3,1008.0,100,7.8,0.419
2024-09-28T21:00,Santacruz_AWS,19.1197,72.8468,0.1,0.1,1008.7,100,5.5,0.417
2024-09-28T22:00,Santacruz_AWS,19.1197,72.8468,0.0,0.0,1008.9,95,5.3,0.414
2024-09-28T23:00,Santacruz_AWS,19.1197,72.8468,0.3,0.3,1008.8,99,4.4,0.415
2024-09-29T00:00,Santacruz_AWS,19.1197,72.8468,0.2,0.2,1008.4,86,6.6,0.415
2024-09-29T01:00,Santacruz_AWS,19.1197,72.8468,0.1,0.1,1007.9,91,8.2,0.413
2024-09-29T02:00,Santacruz_AWS,19.1197,72.8468,0.0,0.0,1007.2,96,5.8,0.412
2024-09-29T03:00,Santacruz_AWS,19.1197,72.8468,0.0,0.0,1007.0,99,6.0,0.41
2024-09-29T04:00,Santacruz_AWS,19.1197,72.8468,0.1,0.1,1007.1,98,6.5,0.409
2024-09-29T05:00,Santacruz_AWS,19.1197,72.8468,0.1,0.1,1007.6,97,6.0,0.409
2024-09-29T06:00,Santacruz_AWS,19.1197,72.8468,0.1,0.1,1008.0,50,9.7,0.405
2024-09-29T07:00,Santacruz_AWS,19.1197,72.8468,0.3,0.3,1008.8,85,10.1,0.407
2024-09-29T08:00,Santacruz_AWS,19.1197,72.8468,0.7,0.7,1009.6,94,10.1,0.413
2024-09-29T09:00,Santacruz_AWS,19.1197,72.8468,0.3,0.3,1010.1,59,10.9,0.413
2024-09-29T10:00,Santacruz_AWS,19.1197,72.8468,0.3,0.3,1010.3,78,12.0,0.412
2024-09-29T11:00,Santacruz_AWS,19.1197,72.8468,0.2,0.2,1009.8,84,13.3,0.409
2024-09-29T12:00,Santacruz_AWS,19.1197,72.8468,1.4,1.4,1009.4,98,14.8,0.417
2024-09-29T13:00,Santacruz_AWS,19.1197,72.8468,0.0,0.0,1007.9,24,14.1,0.412
2024-09-29T14:00,Santacruz_AWS,19.1197,72.8468,0.1,0.1,1007.0,36,14.6,0.408
2024-09-29T15:00,Santacruz_AWS,19.1197,72.8468,0.1,0.1,1006.8,22,13.6,0.405
2024-09-29T16:00,Santacruz_AWS,19.1197,72.8468,0.5,0.5,1007.2,66,13.7,0.406
2024-09-29T17:00,Santacruz_AWS,19.1197,72.8468,0.1,0.1,1007.2,35,10.2,0.404
2024-09-29T18:00,Santacruz_AWS,19.1197,72.8468,0.0,0.0,1007.5,7,7.0,0.388
2024-09-29T19:00,Santacruz_AWS,19.1197,72.8468,0.0,0.0,1008.2,16,4.8,0.387
2024-09-29T20:00,Santacruz_AWS,19.1197,72.8468,0.0,0.0,1009.2,12,4.6,0.387
2024-09-29T21:00,Santacruz_AWS,19.1197,72.8468,0.0,0.0,1010.0,22,4.2,0.387
2024-09-29T22:00,Santacruz_AWS,19.1197,72.8468,0.0,0.0,1010.0,9,2.5,0.386
2024-09-29T23:00,Santacruz_AWS,19.1197,72.8468,0.0,0.0,1009.6,12,2.8,0.386
2024-09-30T00:00,Santacruz_AWS,19.1197,72.8468,0.0,0.0,1009.2,25,2.4,0.385
2024-09-30T01:00,Santacruz_AWS,19.1197,72.8468,0.0,0.0,1008.4,27,1.9,0.385
2024-09-30T02:00,Santacruz_AWS,19.1197,72.8468,0.0,0.0,1008.0,35,2.3,0.385
2024-09-30T03:00,Santacruz_AWS,19.1197,72.8468,0.0,0.0,1008.2,64,3.6,0.384
2024-09-30T04:00,Santacruz_AWS,19.1197,72.8468,0.0,0.0,1008.4,81,3.8,0.384
2024-09-30T05:00,Santacruz_AWS,19.1197,72.8468,0.0,0.0,1008.9,86,2.5,0.384
2024-09-30T06:00,Santacruz_AWS,19.1197,72.8468,0.0,0.0,1009.1,63,1.6,0.383
2024-09-30T07:00,Santacruz_AWS,19.1197,72.8468,0.0,0.0,1010.1,68,4.7,0.383
2024-09-30T08:00,Santacruz_AWS,19.1197,72.8468,0.2,0.2,1011.0,33,4.6,0.383
2024-09-30T09:00,Santacruz_AWS,19.1197,72.8468,0.3,0.3,1011.2,26,1.6,0.384
2024-09-30T10:00,Santacruz_AWS,19.1197,72.8468,0.1,0.1,1010.9,28,2.7,0.383
2024-09-30T11:00,Santacruz_AWS,19.1197,72.8468,0.3,0.3,1010.3,53,7.4,0.382
2024-09-30T12:00,Santacruz_AWS,19.1197,72.8468,0.3,0.3,1009.0,34,9.3,0.382
2024-09-30T13:00,Santacruz_AWS,19.1197,72.8468,0.2,0.2,1007.7,35,12.0,0.381
2024-09-30T14:00,Santacruz_AWS,19.1197,72.8468,0.2,0.2,1006.7,24,13.1,0.379
2024-09-30T15:00,Santacruz_AWS,19.1197,72.8468,0.0,0.0,1006.1,7,14.4,0.377
2024-09-30T16:00,Santacruz_AWS,19.1197,72.8468,0.0,0.0,1005.9,4,15.2,0.375
2024-09-30T17:00,Santacruz_AWS,19.1197,72.8468,0.0,0.0,1006.4,10,12.8,0.374
2024-09-30T18:00,Santacruz_AWS,19.1197,72.8468,0.0,0.0,1006.3,1,12.9,0.37
2024-09-30T19:00,Santacruz_AWS,19.1197,72.8468,0.0,0.0,1006.9,0,12.7,0.369
2024-09-30T20:00,Santacruz_AWS,19.1197,72.8468,0.0,0.0,1007.8,0,9.8,0.369
2024-09-30T21:00,Santacruz_AWS,19.1197,72.8468,0.0,0.0,1008.6,1,8.4,0.369
2024-09-30T22:00,Santacruz_AWS,19.1197,72.8468,0.0,0.0,1008.8,4,8.5,0.369
2024-09-30T23:00,Santacruz_AWS,19.1197,72.8468,0.0,0.0,1008.6,1,8.1,0.369
