timestamp,year,location,latitude,longitude,rainfall_mm_per_hr,temperature_c,relative_humidity_pct,wind_speed_kmh
2021-06-01T00:00,2021,Thane Mumbra,19.1906,73.0229,0.1,27.2,90.0,8.4
2021-06-01T01:00,2021,Thane Mumbra,19.1906,73.0229,0.0,26.9,91.0,7.1
2021-06-01T02:00,2021,Thane Mumbra,19.1906,73.0229,0.0,26.7,91.0,7.0
2021-06-01T03:00,2021,Thane Mumbra,19.1906,73.0229,0.1,26.8,91.0,8.4
2021-06-01T04:00,2021,Thane Mumbra,19.1906,73.0229,0.1,26.6,92.0,7.2
2021-06-01T05:00,2021,Thane Mumbra,19.1906,73.0229,0.0,26.5,92.0,3.3
2021-06-01T06:00,2021,Thane Mumbra,19.1906,73.0229,0.0,27.0,89.0,5.4
2021-06-01T07:00,2021,Thane Mumbra,19.1906,73.0229,0.0,28.0,84.0,7.3
2021-06-01T08:00,2021,Thane Mumbra,19.1906,73.0229,0.0,29.1,79.0,9.0
2021-06-01T09:00,2021,Thane Mumbra,19.1906,73.0229,0.0,30.3,74.0,11.5
2021-06-01T10:00,2021,Thane Mumbra,19.1906,73.0229,0.1,31.3,71.0,11.8
2021-06-01T11:00,2021,Thane Mumbra,19.1906,73.0229,0.0,31.3,72.0,13.0
2021-06-01T12:00,2021,Thane Mumbra,19.1906,73.0229,0.0,31.3,73.0,13.4
2021-06-01T13:00,2021,Thane Mumbra,19.1906,73.0229,0.0,31.2,72.0,15.3
2021-06-01T14:00,2021,Thane Mumbra,19.1906,73.0229,0.1,31.1,72.0,13.9
2021-06-01T15:00,2021,Thane Mumbra,19.1906,73.0229,0.1,31.1,71.0,14.2
2021-06-01T16:00,2021,Thane Mumbra,19.1906,73.0229,0.2,30.6,72.0,14.1
2021-06-01T17:00,2021,Thane Mumbra,19.1906,73.0229,0.1,28.8,82.0,11.2
2021-06-01T18:00,2021,Thane Mumbra,19.1906,73.0229,1.6,27.8,87.0,12.1
2021-06-01T19:00,2021,Thane Mumbra,19.1906,73.0229,0.2,27.0,91.0,10.0
2021-06-01T20:00,2021,Thane Mumbra,19.1906,73.0229,0.4,26.7,94.0,6.0
2021-06-01T21:00,2021,Thane Mumbra,19.1906,73.0229,0.1,26.9,93.0,7.6
2021-06-01T22:00,2021,Thane Mumbra,19.1906,73.0229,0.0,26.7,94.0,6.6
2021-06-01T23:00,2021,Thane Mumbra,19.1906,73.0229,0.0,26.8,94.0,4.0
2021-06-02T00:00,2021,Thane Mumbra,19.1906,73.0229,0.0,26.7,94.0,2.5
2021-06-02T01:00,2021,Thane Mumbra,19.1906,73.0229,0.0,26.5,95.0,3.9
2021-06-02T02:00,2021,Thane Mumbra,19.1906,73.0229,0.0,26.1,97.0,3.1
2021-06-02T03:00,2021,Thane Mumbra,19.1906,73.0229,0.0,26.1,96.0,3.5
2021-06-02T04:00,2021,Thane Mumbra,19.1906,73.0229,0.0,25.9,97.0,3.9
2021-06-02T05:00,2021,Thane Mumbra,19.1906,73.0229,0.0,25.5,96.0,3.6
2021-06-02T06:00,2021,Thane Mumbra,19.1906,73.0229,0.0,26.1,94.0,5.3
2021-06-02T07:00,2021,Thane Mumbra,19.1906,73.0229,0.0,27.2,89.0,3.0
2021-06-02T08:00,2021,Thane Mumbra,19.1906,73.0229,0.0,28.7,81.0,7.6
2021-06-02T09:00,2021,Thane Mumbra,19.1906,73.0229,0.1,29.8,75.0,8.5
2021-06-02T10:00,2021,Thane Mumbra,19.1906,73.0229,0.1,30.8,72.0,7.5
2021-06-02T11:00,2021,Thane Mumbra,19.1906,73.0229,0.1,30.7,74.0,8.7
2021-06-02T12:00,2021,Thane Mumbra,19.1906,73.0229,2.2,29.7,78.0,9.1
2021-06-02T13:00,2021,Thane Mumbra,19.1906,73.0229,0.9,30.2,76.0,10.4
2021-06-02T14:00,2021,Thane Mumbra,19.1906,73.0229,0.2,30.6,75.0,12.2
2021-06-02T15:00,2021,Thane Mumbra,19.1906,73.0229,0.3,30.2,76.0,11.8
2021-06-02T16:00,2021,Thane Mumbra,19.1906,73.0229,0.1,29.5,78.0,10.7
2021-06-02T17:00,2021,Thane Mumbra,19.1906,73.0229,0.0,29.6,78.0,7.6
2021-06-02T18:00,2021,Thane Mumbra,19.1906,73.0229,0.2,29.1,82.0,7.7
2021-06-02T19:00,2021,Thane Mumbra,19.1906,73.0229,0.0,28.4,86.0,2.9
2021-06-02T20:00,2021,Thane Mumbra,19.1906,73.0229,0.0,27.8,92.0,3.9
2021-06-02T21:00,2021,Thane Mumbra,19.1906,73.0229,0.0,27.9,91.0,2.9
2021-06-02T22:00,2021,Thane Mumbra,19.1906,73.0229,0.0,27.8,91.0,4.0
2021-06-02T23:00,2021,Thane Mumbra,19.1906,73.0229,0.0,27.6,91.0,5.5
2021-06-03T00:00,2021,Thane Mumbra,19.1906,73.0229,0.0,27.2,92.0,6.5
2021-06-03T01:00,2021,Thane Mumbra,19.1906,73.0229,0.0,26.9,94.0,5.6
2021-06-03T02:00,2021,Thane Mumbra,19.1906,73.0229,0.0,26.5,95.0,4.9
2021-06-03T03:00,2021,Thane Mumbra,19.1906,73.0229,0.0,26.1,97.0,3.8
2021-06-03T04:00,2021,Thane Mumbra,19.1906,73.0229,0.0,25.9,97.0,4.1
2021-06-03T05:00,2021,Thane Mumbra,19.1906,73.0229,0.0,26.1,94.0,5.2
2021-06-03T06:00,2021,Thane Mumbra,19.1906,73.0229,0.0,26.4,93.0,3.3
2021-06-03T07:00,2021,Thane Mumbra,19.1906,73.0229,0.0,27.5,87.0,1.3
2021-06-03T08:00,2021,Thane Mumbra,19.1906,73.0229,0.0,28.9,79.0,1.3
2021-06-03T09:00,2021,Thane Mumbra,19.1906,73.0229,0.0,30.3,73.0,1.3
2021-06-03T10:00,2021,Thane Mumbra,19.1906,73.0229,0.0,31.7,67.0,3.6
2021-06-03T11:00,2021,Thane Mumbra,19.1906,73.0229,0.1,32.6,64.0,8.4
2021-06-03T12:00,2021,Thane Mumbra,19.1906,73.0229,0.1,32.8,63.0,11.3
2021-06-03T13:00,2021,Thane Mumbra,19.1906,73.0229,1.2,31.4,68.0,13.8
2021-06-03T14:00,2021,Thane Mumbra,19.1906,73.0229,0.0,31.6,70.0,13.0
2021-06-03T15:00,2021,Thane Mumbra,19.1906,73.0229,0.0,31.7,67.0,13.0
2021-06-03T16:00,2021,Thane Mumbra,19.1906,73.0229,0.1,30.9,70.0,11.6
2021-06-03T17:00,2021,Thane Mumbra,19.1906,73.0229,0.6,31.1,70.0,10.5
2021-06-03T18:00,2021,Thane Mumbra,19.1906,73.0229,0.0,30.1,76.0,8.0
2021-06-03T19:00,2021,Thane Mumbra,19.1906,73.0229,0.0,29.0,83.0,4.9
2021-06-03T20:00,2021,Thane Mumbra,19.1906,73.0229,0.0,28.4,87.0,3.8
2021-06-03T21:00,2021,Thane Mumbra,19.1906,73.0229,0.0,27.8,92.0,4.7
2021-06-03T22:00,2021,Thane Mumbra,19.1906,73.0229,0.1,28.0,89.0,4.7
2021-06-03T23:00,2021,Thane Mumbra,19.1906,73.0229,0.0,27.6,90.0,5.8
2021-06-04T00:00,2021,Thane Mumbra,19.1906,73.0229,0.0,27.3,91.0,6.6
2021-06-04T01:00,2021,Thane Mumbra,19.1906,73.0229,0.0,27.0,92.0,6.1
2021-06-04T02:00,2021,Thane Mumbra,19.1906,73.0229,0.0,26.5,94.0,4.3
2021-06-04T03:00,2021,Thane Mumbra,19.1906,73.0229,0.0,26.3,94.0,3.7
2021-06-04T04:00,2021,Thane Mumbra,19.1906,73.0229,0.0,26.0,96.0,3.2
2021-06-04T05:00,2021,Thane Mumbra,19.1906,73.0229,0.0,25.6,96.0,4.0
2021-06-04T06:00,2021,Thane Mumbra,19.1906,73.0229,0.0,26.3,91.0,3.3
2021-06-04T07:00,2021,Thane Mumbra,19.1906,73.0229,0.0,27.8,83.0,2.4
2021-06-04T08:00,2021,Thane Mumbra,19.1906,73.0229,0.0,29.3,76.0,4.2
2021-06-04T09:00,2021,Thane Mumbra,19.1906,73.0229,0.0,30.8,71.0,6.8
2021-06-04T10:00,2021,Thane Mumbra,19.1906,73.0229,0.0,31.6,69.0,6.7
2021-06-04T11:00,2021,Thane Mumbra,19.1906,73.0229,0.1,32.3,68.0,8.3
2021-06-04T12:00,2021,Thane Mumbra,19.1906,73.0229,0.1,32.8,64.0,11.6
2021-06-04T13:00,2021,Thane Mumbra,19.1906,73.0229,2.1,31.1,72.0,9.2
2021-06-04T14:00,2021,Thane Mumbra,19.1906,73.0229,0.1,31.6,71.0,11.5
2021-06-04T15:00,2021,Thane Mumbra,19.1906,73.0229,0.2,31.5,70.0,11.1
2021-06-04T16:00,2021,Thane Mumbra,19.1906,73.0229,1.0,30.1,76.0,11.0
2021-06-04T17:00,2021,Thane Mumbra,19.1906,73.0229,0.6,31.0,69.0,12.2
2021-06-04T18:00,2021,Thane Mumbra,19.1906,73.0229,0.2,29.9,74.0,8.7
2021-06-04T19:00,2021,Thane Mumbra,19.1906,73.0229,0.5,27.7,86.0,7.2
2021-06-04T20:00,2021,Thane Mumbra,19.1906,73.0229,0.2,27.3,90.0,5.8
2021-06-04T21:00,2021,Thane Mumbra,19.1906,73.0229,0.0,27.1,92.0,5.4
2021-06-04T22:00,2021,Thane Mumbra,19.1906,73.0229,0.0,27.1,93.0,5.1
2021-06-04T23:00,2021,Thane Mumbra,19.1906,73.0229,0.0,27.0,94.0,5.1
2021-06-05T00:00,2021,Thane Mumbra,19.1906,73.0229,0.0,26.8,94.0,4.6
2021-06-05T01:00,2021,Thane Mumbra,19.1906,73.0229,0.0,26.7,93.0,3.5
2021-06-05T02:00,2021,Thane Mumbra,19.1906,73.0229,0.0,26.4,93.0,3.4
2021-06-05T03:00,2021,Thane Mumbra,19.1906,73.0229,0.2,26.2,93.0,3.2
2021-06-05T04:00,2021,Thane Mumbra,19.1906,73.0229,1.0,25.8,92.0,3.6
2021-06-05T05:00,2021,Thane Mumbra,19.1906,73.0229,0.1,25.6,93.0,7.0
2021-06-05T06:00,2021,Thane Mumbra,19.1906,73.0229,0.8,25.0,95.0,9.3
2021-06-05T07:00,2021,Thane Mumbra,19.1906,73.0229,1.2,25.1,94.0,6.2
2021-06-05T08:00,2021,Thane Mumbra,19.1906,73.0229,0.9,25.6,92.0,5.5
2021-06-05T09:00,2021,Thane Mumbra,19.1906,73.0229,0.7,25.7,92.0,6.4
2021-06-05T10:00,2021,Thane Mumbra,19.1906,73.0229,0.1,27.0,84.0,5.7
2021-06-05T11:00,2021,Thane Mumbra,19.1906,73.0229,0.0,27.1,83.0,5.5
2021-06-05T12:00,2021,Thane Mumbra,19.1906,73.0229,0.1,27.7,81.0,5.1
2021-06-05T13:00,2021,Thane Mumbra,19.1906,73.0229,0.0,29.0,75.0,2.9
2021-06-05T14:00,2021,Thane Mumbra,19.1906,73.0229,0.0,29.1,74.0,4.0
2021-06-05T15:00,2021,Thane Mumbra,19.1906,73.0229,0.0,29.4,73.0,4.4
2021-06-05T16:00,2021,Thane Mumbra,19.1906,73.0229,0.1,28.9,75.0,7.4
2021-06-05T17:00,2021,Thane Mumbra,19.1906,73.0229,0.2,28.9,74.0,5.2
2021-06-05T18:00,2021,Thane Mumbra,19.1906,73.0229,0.0,28.5,77.0,6.0
2021-06-05T19:00,2021,Thane Mumbra,19.1906,73.0229,0.0,27.6,83.0,7.4
2021-06-05T20:00,2021,Thane Mumbra,19.1906,73.0229,0.1,27.1,88.0,6.0
2021-06-05T21:00,2021,Thane Mumbra,19.1906,73.0229,0.0,27.1,89.0,6.2
2021-06-05T22:00,2021,Thane Mumbra,19.1906,73.0229,0.1,26.9,90.0,7.2
2021-06-05T23:00,2021,Thane Mumbra,19.1906,73.0229,0.1,26.9,90.0,7.3
2021-06-06T00:00,2021,Thane Mumbra,19.1906,73.0229,0.1,26.5,90.0,8.4
2021-06-06T01:00,2021,Thane Mumbra,19.1906,73.0229,0.2,26.1,91.0,8.2
2021-06-06T02:00,2021,Thane Mumbra,19.1906,73.0229,1.1,25.2,95.0,6.2
2021-06-06T03:00,2021,Thane Mumbra,19.1906,73.0229,0.6,25.1,95.0,4.3
2021-06-06T04:00,2021,Thane Mumbra,19.1906,73.0229,0.1,25.1,95.0,5.2
2021-06-06T05:00,2021,Thane Mumbra,19.1906,73.0229,0.2,25.2,93.0,4.4
2021-06-06T06:00,2021,Thane Mumbra,19.1906,73.0229,1.4,25.2,94.0,3.1
2021-06-06T07:00,2021,Thane Mumbra,19.1906,73.0229,1.5,25.0,94.0,4.9
2021-06-06T08:00,2021,Thane Mumbra,19.1906,73.0229,0.5,25.5,91.0,6.5
2021-06-06T09:00,2021,Thane Mumbra,19.1906,73.0229,0.1,26.2,89.0,10.1
2021-06-06T10:00,2021,Thane Mumbra,19.1906,73.0229,0.0,26.7,87.0,8.0
2021-06-06T11:00,2021,Thane Mumbra,19.1906,73.0229,0.0,27.3,83.0,7.7
2021-06-06T12:00,2021,Thane Mumbra,19.1906,73.0229,0.0,28.4,78.0,8.9
2021-06-06T13:00,2021,Thane Mumbra,19.1906,73.0229,0.1,29.2,73.0,9.4
2021-06-06T14:00,2021,Thane Mumbra,19.1906,73.0229,0.1,29.6,71.0,11.5
2021-06-06T15:00,2021,Thane Mumbra,19.1906,73.0229,0.1,29.8,70.0,13.6
2021-06-06T16:00,2021,Thane Mumbra,19.1906,73.0229,0.1,29.8,70.0,13.3
2021-06-06T17:00,2021,Thane Mumbra,19.1906,73.0229,0.1,29.9,71.0,15.1
2021-06-06T18:00,2021,Thane Mumbra,19.1906,73.0229,0.0,29.0,75.0,11.2
2021-06-06T19:00,2021,Thane Mumbra,19.1906,73.0229,0.0,28.3,79.0,7.9
2021-06-06T20:00,2021,Thane Mumbra,19.1906,73.0229,0.0,27.5,84.0,4.7
2021-06-06T21:00,2021,Thane Mumbra,19.1906,73.0229,0.0,27.3,86.0,5.6
2021-06-06T22:00,2021,Thane Mumbra,19.1906,73.0229,0.1,27.0,88.0,4.8
2021-06-06T23:00,2021,Thane Mumbra,19.1906,73.0229,0.2,26.5,90.0,6.4
2021-06-07T00:00,2021,Thane Mumbra,19.1906,73.0229,0.1,26.3,91.0,8.2
2021-06-07T01:00,2021,Thane Mumbra,19.1906,73.0229,0.2,25.8,93.0,8.0
2021-06-07T02:00,2021,Thane Mumbra,19.1906,73.0229,0.1,25.5,94.0,6.9
2021-06-07T03:00,2021,Thane Mumbra,19.1906,73.0229,0.0,25.5,95.0,7.6
2021-06-07T04:00,2021,Thane Mumbra,19.1906,73.0229,0.2,25.5,95.0,7.6
2021-06-07T05:00,2021,Thane Mumbra,19.1906,73.0229,0.5,25.4,95.0,7.6
2021-06-07T06:00,2021,Thane Mumbra,19.1906,73.0229,0.5,25.6,95.0,8.3
2021-06-07T07:00,2021,Thane Mumbra,19.1906,73.0229,0.8,26.0,93.0,9.4
2021-06-07T08:00,2021,Thane Mumbra,19.1906,73.0229,0.2,27.0,90.0,10.4
2021-06-07T09:00,2021,Thane Mumbra,19.1906,73.0229,0.2,27.9,87.0,9.7
2021-06-07T10:00,2021,Thane Mumbra,19.1906,73.0229,0.2,28.9,83.0,9.2
2021-06-07T11:00,2021,Thane Mumbra,19.1906,73.0229,0.1,30.0,78.0,10.4
2021-06-07T12:00,2021,Thane Mumbra,19.1906,73.0229,0.7,30.1,76.0,15.1
2021-06-07T13:00,2021,Thane Mumbra,19.1906,73.0229,0.8,29.8,79.0,12.2
2021-06-07T14:00,2021,Thane Mumbra,19.1906,73.0229,0.1,29.8,77.0,13.2
2021-06-07T15:00,2021,Thane Mumbra,19.1906,73.0229,0.2,29.5,77.0,12.0
2021-06-07T16:00,2021,Thane Mumbra,19.1906,73.0229,0.1,29.4,76.0,12.7
2021-06-07T17:00,2021,Thane Mumbra,19.1906,73.0229,0.1,28.2,78.0,9.7
2021-06-07T18:00,2021,Thane Mumbra,19.1906,73.0229,0.6,27.9,82.0,8.1
2021-06-07T19:00,2021,Thane Mumbra,19.1906,73.0229,0.3,26.8,89.0,9.7
2021-06-07T20:00,2021,Thane Mumbra,19.1906,73.0229,0.3,26.6,90.0,11.2
2021-06-07T21:00,2021,Thane Mumbra,19.1906,73.0229,0.1,26.2,93.0,8.7
2021-06-07T22:00,2021,Thane Mumbra,19.1906,73.0229,0.1,26.2,94.0,11.3
2021-06-07T23:00,2021,Thane Mumbra,19.1906,73.0229,0.0,26.0,95.0,8.0
2021-06-08T00:00,2021,Thane Mumbra,19.1906,73.0229,0.6,25.9,94.0,11.0
2021-06-08T01:00,2021,Thane Mumbra,19.1906,73.0229,1.3,26.0,93.0,10.7
2021-06-08T02:00,2021,Thane Mumbra,19.1906,73.0229,0.3,25.8,95.0,10.1
2021-06-08T03:00,2021,Thane Mumbra,19.1906,73.0229,0.5,25.8,93.0,9.3
2021-06-08T04:00,2021,Thane Mumbra,19.1906,73.0229,2.7,25.6,96.0,9.7
2021-06-08T05:00,2021,Thane Mumbra,19.1906,73.0229,1.6,25.7,93.0,9.3
2021-06-08T06:00,2021,Thane Mumbra,19.1906,73.0229,0.2,25.9,94.0,8.8
2021-06-08T07:00,2021,Thane Mumbra,19.1906,73.0229,0.1,26.5,93.0,8.5
2021-06-08T08:00,2021,Thane Mumbra,19.1906,73.0229,0.1,27.3,89.0,10.1
2021-06-08T09:00,2021,Thane Mumbra,19.1906,73.0229,0.7,27.8,88.0,9.9
2021-06-08T10:00,2021,Thane Mumbra,19.1906,73.0229,0.2,29.0,79.0,11.4
2021-06-08T11:00,2021,Thane Mumbra,19.1906,73.0229,3.6,27.9,85.0,11.2
2021-06-08T12:00,2021,Thane Mumbra,19.1906,73.0229,0.2,29.7,78.0,14.4
2021-06-08T13:00,2021,Thane Mumbra,19.1906,73.0229,1.6,28.3,86.0,11.6
2021-06-08T14:00,2021,Thane Mumbra,19.1906,73.0229,0.2,29.4,82.0,13.2
2021-06-08T15:00,2021,Thane Mumbra,19.1906,73.0229,0.8,28.6,85.0,9.8
2021-06-08T16:00,2021,Thane Mumbra,19.1906,73.0229,0.2,28.6,86.0,10.2
2021-06-08T17:00,2021,Thane Mumbra,19.1906,73.0229,0.2,26.9,91.0,10.2
2021-06-08T18:00,2021,Thane Mumbra,19.1906,73.0229,0.7,26.6,95.0,9.2
2021-06-08T19:00,2021,Thane Mumbra,19.1906,73.0229,0.5,26.2,95.0,7.6
2021-06-08T20:00,2021,Thane Mumbra,19.1906,73.0229,0.3,26.2,95.0,7.2
2021-06-08T21:00,2021,Thane Mumbra,19.1906,73.0229,1.3,26.1,97.0,7.2
2021-06-08T22:00,2021,Thane Mumbra,19.1906,73.0229,1.1,25.9,95.0,7.9
2021-06-08T23:00,2021,Thane Mumbra,19.1906,73.0229,0.3,25.9,95.0,10.1
2021-06-09T00:00,2021,Thane Mumbra,19.1906,73.0229,0.4,25.8,95.0,11.2
2021-06-09T01:00,2021,Thane Mumbra,19.1906,73.0229,2.1,25.3,96.0,7.7
2021-06-09T02:00,2021,Thane Mumbra,19.1906,73.0229,0.6,25.4,96.0,7.6
2021-06-09T03:00,2021,Thane Mumbra,19.1906,73.0229,0.1,25.6,96.0,8.6
2021-06-09T04:00,2021,Thane Mumbra,19.1906,73.0229,1.5,25.5,94.0,11.7
2021-06-09T05:00,2021,Thane Mumbra,19.1906,73.0229,1.4,25.5,94.0,10.5
2021-06-09T06:00,2021,Thane Mumbra,19.1906,73.0229,0.6,25.7,94.0,8.1
2021-06-09T07:00,2021,Thane Mumbra,19.1906,73.0229,0.2,26.3,94.0,8.0
2021-06-09T08:00,2021,Thane Mumbra,19.1906,73.0229,0.2,27.1,91.0,8.9
2021-06-09T09:00,2021,Thane Mumbra,19.1906,73.0229,0.2,27.8,89.0,8.7
2021-06-09T10:00,2021,Thane Mumbra,19.1906,73.0229,2.6,26.9,90.0,11.8
2021-06-09T11:00,2021,Thane Mumbra,19.1906,73.0229,0.6,28.1,84.0,15.1
2021-06-09T12:00,2021,Thane Mumbra,19.1906,73.0229,0.9,28.1,85.0,11.0
2021-06-09T13:00,2021,Thane Mumbra,19.1906,73.0229,0.4,28.7,80.0,13.5
2021-06-09T14:00,2021,Thane Mumbra,19.1906,73.0229,0.9,28.0,86.0,8.4
2021-06-09T15:00,2021,Thane Mumbra,19.1906,73.0229,1.0,27.3,87.0,11.4
2021-06-09T16:00,2021,Thane Mumbra,19.1906,73.0229,0.5,27.2,91.0,11.3
2021-06-09T17:00,2021,Thane Mumbra,19.1906,73.0229,0.2,26.2,94.0,8.6
2021-06-09T18:00,2021,Thane Mumbra,19.1906,73.0229,1.4,26.1,94.0,12.6
2021-06-09T19:00,2021,Thane Mumbra,19.1906,73.0229,1.1,25.9,95.0,7.4
2021-06-09T20:00,2021,Thane Mumbra,19.1906,73.0229,0.9,25.6,94.0,10.8
2021-06-09T21:00,2021,Thane Mumbra,19.1906,73.0229,0.8,25.6,95.0,10.0
2021-06-09T22:00,2021,Thane Mumbra,19.1906,73.0229,0.7,25.8,96.0,4.0
2021-06-09T23:00,2021,Thane Mumbra,19.1906,73.0229,0.6,25.9,95.0,4.9
2021-06-10T00:00,2021,Thane Mumbra,19.1906,73.0229,0.4,26.1,95.0,6.4
2021-06-10T01:00,2021,Thane Mumbra,19.1906,73.0229,0.9,25.9,96.0,8.1
2021-06-10T02:00,2021,Thane Mumbra,19.1906,73.0229,1.1,25.8,93.0,11.6
2021-06-10T03:00,2021,Thane Mumbra,19.1906,73.0229,1.1,25.8,95.0,10.8
2021-06-10T04:00,2021,Thane Mumbra,19.1906,73.0229,0.8,25.6,93.0,13.2
2021-06-10T05:00,2021,Thane Mumbra,19.1906,73.0229,0.6,25.2,96.0,9.4
2021-06-10T06:00,2021,Thane Mumbra,19.1906,73.0229,1.0,25.2,96.0,8.9
2021-06-10T07:00,2021,Thane Mumbra,19.1906,73.0229,0.5,25.5,96.0,10.7
2021-06-10T08:00,2021,Thane Mumbra,19.1906,73.0229,0.5,26.1,93.0,10.7
2021-06-10T09:00,2021,Thane Mumbra,19.1906,73.0229,1.0,26.4,95.0,12.2
2021-06-10T10:00,2021,Thane Mumbra,19.1906,73.0229,0.8,27.1,89.0,12.9
2021-06-10T11:00,2021,Thane Mumbra,19.1906,73.0229,0.8,28.1,85.0,12.2
2021-06-10T12:00,2021,Thane Mumbra,19.1906,73.0229,3.5,27.4,87.0,16.2
2021-06-10T13:00,2021,Thane Mumbra,19.1906,73.0229,0.3,28.6,84.0,13.5
2021-06-10T14:00,2021,Thane Mumbra,19.1906,73.0229,0.5,28.5,84.0,15.5
2021-06-10T15:00,2021,Thane Mumbra,19.1906,73.0229,1.0,27.6,88.0,11.3
2021-06-10T16:00,2021,Thane Mumbra,19.1906,73.0229,1.3,26.6,89.0,15.1
2021-06-10T17:00,2021,Thane Mumbra,19.1906,73.0229,0.4,26.7,90.0,16.1
2021-06-10T18:00,2021,Thane Mumbra,19.1906,73.0229,1.0,26.2,93.0,9.7
2021-06-10T19:00,2021,Thane Mumbra,19.1906,73.0229,0.2,26.3,93.0,9.1
2021-06-10T20:00,2021,Thane Mumbra,19.1906,73.0229,0.1,26.2,95.0,9.8
2021-06-10T21:00,2021,Thane Mumbra,19.1906,73.0229,0.1,26.2,96.0,8.3
2021-06-10T22:00,2021,Thane Mumbra,19.1906,73.0229,0.2,26.3,94.0,9.7
2021-06-10T23:00,2021,Thane Mumbra,19.1906,73.0229,0.1,25.9,95.0,8.7
2021-06-11T00:00,2021,Thane Mumbra,19.1906,73.0229,0.1,25.8,96.0,7.7
2021-06-11T01:00,2021,Thane Mumbra,19.1906,73.0229,0.6,25.8,95.0,7.4
2021-06-11T02:00,2021,Thane Mumbra,19.1906,73.0229,0.8,25.8,94.0,8.7
2021-06-11T03:00,2021,Thane Mumbra,19.1906,73.0229,0.5,26.1,94.0,9.2
2021-06-11T04:00,2021,Thane Mumbra,19.1906,73.0229,0.4,26.2,94.0,11.7
2021-06-11T05:00,2021,Thane Mumbra,19.1906,73.0229,0.5,25.8,92.0,11.5
2021-06-11T06:00,2021,Thane Mumbra,19.1906,73.0229,0.4,25.8,93.0,12.4
2021-06-11T07:00,2021,Thane Mumbra,19.1906,73.0229,0.3,26.5,93.0,11.1
2021-06-11T08:00,2021,Thane Mumbra,19.1906,73.0229,0.8,27.6,88.0,16.5
2021-06-11T09:00,2021,Thane Mumbra,19.1906,73.0229,1.7,27.4,89.0,14.3
2021-06-11T10:00,2021,Thane Mumbra,19.1906,73.0229,1.3,28.2,88.0,14.5
2021-06-11T11:00,2021,Thane Mumbra,19.1906,73.0229,0.6,28.2,85.0,17.4
2021-06-11T12:00,2021,Thane Mumbra,19.1906,73.0229,0.6,28.8,82.0,18.1
2021-06-11T13:00,2021,Thane Mumbra,19.1906,73.0229,2.3,27.9,86.0,17.5
2021-06-11T14:00,2021,Thane Mumbra,19.1906,73.0229,0.6,27.7,89.0,14.1
2021-06-11T15:00,2021,Thane Mumbra,19.1906,73.0229,0.5,27.6,90.0,12.4
2021-06-11T16:00,2021,Thane Mumbra,19.1906,73.0229,0.4,27.3,87.0,13.6
2021-06-11T17:00,2021,Thane Mumbra,19.1906,73.0229,1.3,26.2,93.0,10.2
2021-06-11T18:00,2021,Thane Mumbra,19.1906,73.0229,1.6,25.8,96.0,9.4
2021-06-11T19:00,2021,Thane Mumbra,19.1906,73.0229,0.2,25.8,95.0,8.7
2021-06-11T20:00,2021,Thane Mumbra,19.1906,73.0229,0.2,26.0,95.0,9.8
2021-06-11T21:00,2021,Thane Mumbra,19.1906,73.0229,0.2,26.0,94.0,9.0
2021-06-11T22:00,2021,Thane Mumbra,19.1906,73.0229,0.1,25.9,94.0,10.9
2021-06-11T23:00,2021,Thane Mumbra,19.1906,73.0229,0.4,25.8,94.0,13.4
2021-06-12T00:00,2021,Thane Mumbra,19.1906,73.0229,0.4,25.9,94.0,11.8
2021-06-12T01:00,2021,Thane Mumbra,19.1906,73.0229,0.3,25.9,94.0,11.3
2021-06-12T02:00,2021,Thane Mumbra,19.1906,73.0229,0.3,25.7,95.0,9.2
2021-06-12T03:00,2021,Thane Mumbra,19.1906,73.0229,0.1,25.9,94.0,4.8
2021-06-12T04:00,2021,Thane Mumbra,19.1906,73.0229,0.4,25.7,95.0,7.4
2021-06-12T05:00,2021,Thane Mumbra,19.1906,73.0229,0.2,24.9,97.0,7.3
2021-06-12T06:00,2021,Thane Mumbra,19.1906,73.0229,2.3,24.8,97.0,8.8
2021-06-12T07:00,2021,Thane Mumbra,19.1906,73.0229,0.5,24.7,97.0,10.0
2021-06-12T08:00,2021,Thane Mumbra,19.1906,73.0229,0.3,25.4,93.0,8.8
2021-06-12T09:00,2021,Thane Mumbra,19.1906,73.0229,1.3,25.9,94.0,10.9
2021-06-12T10:00,2021,Thane Mumbra,19.1906,73.0229,0.2,27.0,86.0,14.3
2021-06-12T11:00,2021,Thane Mumbra,19.1906,73.0229,0.2,28.0,84.0,15.4
2021-06-12T12:00,2021,Thane Mumbra,19.1906,73.0229,0.2,28.9,83.0,11.4
2021-06-12T13:00,2021,Thane Mumbra,19.1906,73.0229,0.1,30.0,81.0,9.1
2021-06-12T14:00,2021,Thane Mumbra,19.1906,73.0229,2.2,29.2,81.0,15.9
2021-06-12T15:00,2021,Thane Mumbra,19.1906,73.0229,2.6,27.7,89.0,14.3
2021-06-12T16:00,2021,Thane Mumbra,19.1906,73.0229,1.3,26.9,89.0,12.4
2021-06-12T17:00,2021,Thane Mumbra,19.1906,73.0229,0.4,27.6,89.0,9.7
2021-06-12T18:00,2021,Thane Mumbra,19.1906,73.0229,0.3,27.1,92.0,8.2
2021-06-12T19:00,2021,Thane Mumbra,19.1906,73.0229,0.1,26.6,93.0,6.8
2021-06-12T20:00,2021,Thane Mumbra,19.1906,73.0229,0.1,26.6,94.0,9.0
2021-06-12T21:00,2021,Thane Mumbra,19.1906,73.0229,0.4,26.3,95.0,10.8
2021-06-12T22:00,2021,Thane Mumbra,19.1906,73.0229,0.1,26.3,94.0,11.1
2021-06-12T23:00,2021,Thane Mumbra,19.1906,73.0229,0.9,26.1,93.0,12.8
2021-06-13T00:00,2021,Thane Mumbra,19.1906,73.0229,0.1,26.0,94.0,11.2
2021-06-13T01:00,2021,Thane Mumbra,19.1906,73.0229,0.1,26.0,95.0,9.9
2021-06-13T02:00,2021,Thane Mumbra,19.1906,73.0229,0.5,25.9,94.0,11.8
2021-06-13T03:00,2021,Thane Mumbra,19.1906,73.0229,0.3,26.0,93.0,10.0
2021-06-13T04:00,2021,Thane Mumbra,19.1906,73.0229,0.1,25.9,95.0,9.7
2021-06-13T05:00,2021,Thane Mumbra,19.1906,73.0229,0.2,25.8,94.0,7.9
2021-06-13T06:00,2021,Thane Mumbra,19.1906,73.0229,0.4,26.0,93.0,9.2
2021-06-13T07:00,2021,Thane Mumbra,19.1906,73.0229,0.3,26.4,93.0,8.0
2021-06-13T08:00,2021,Thane Mumbra,19.1906,73.0229,0.2,27.0,90.0,9.3
2021-06-13T09:00,2021,Thane Mumbra,19.1906,73.0229,0.1,28.6,82.0,13.0
2021-06-13T10:00,2021,Thane Mumbra,19.1906,73.0229,0.3,28.7,82.0,15.9
2021-06-13T11:00,2021,Thane Mumbra,19.1906,73.0229,0.1,30.0,77.0,13.0
2021-06-13T12:00,2021,Thane Mumbra,19.1906,73.0229,0.8,29.1,81.0,15.9
2021-06-13T13:00,2021,Thane Mumbra,19.1906,73.0229,0.2,29.9,82.0,12.8
2021-06-13T14:00,2021,Thane Mumbra,19.1906,73.0229,0.1,29.4,83.0,13.8
2021-06-13T15:00,2021,Thane Mumbra,19.1906,73.0229,0.1,28.8,83.0,14.2
2021-06-13T16:00,2021,Thane Mumbra,19.1906,73.0229,1.1,27.8,88.0,15.0
2021-06-13T17:00,2021,Thane Mumbra,19.1906,73.0229,0.8,28.0,87.0,15.5
2021-06-13T18:00,2021,Thane Mumbra,19.1906,73.0229,0.1,27.6,88.0,12.5
2021-06-13T19:00,2021,Thane Mumbra,19.1906,73.0229,0.1,27.2,90.0,9.7
2021-06-13T20:00,2021,Thane Mumbra,19.1906,73.0229,0.1,27.0,92.0,8.7
2021-06-13T21:00,2021,Thane Mumbra,19.1906,73.0229,0.1,26.8,92.0,10.3
2021-06-13T22:00,2021,Thane Mumbra,19.1906,73.0229,0.3,26.5,91.0,10.7
2021-06-13T23:00,2021,Thane Mumbra,19.1906,73.0229,0.3,26.2,93.0,11.5
2021-06-14T00:00,2021,Thane Mumbra,19.1906,73.0229,0.2,26.2,93.0,12.4
2021-06-14T01:00,2021,Thane Mumbra,19.1906,73.0229,0.4,25.8,95.0,13.1
2021-06-14T02:00,2021,Thane Mumbra,19.1906,73.0229,0.2,25.9,93.0,15.0
2021-06-14T03:00,2021,Thane Mumbra,19.1906,73.0229,0.2,25.8,94.0,13.6
2021-06-14T04:00,2021,Thane Mumbra,19.1906,73.0229,0.3,25.8,95.0,13.0
2021-06-14T05:00,2021,Thane Mumbra,19.1906,73.0229,0.4,25.8,95.0,9.2
2021-06-14T06:00,2021,Thane Mumbra,19.1906,73.0229,0.3,26.1,96.0,8.3
2021-06-14T07:00,2021,Thane Mumbra,19.1906,73.0229,0.1,26.4,93.0,8.7
2021-06-14T08:00,2021,Thane Mumbra,19.1906,73.0229,0.0,27.2,91.0,7.9
2021-06-14T09:00,2021,Thane Mumbra,19.1906,73.0229,0.0,28.4,87.0,7.9
2021-06-14T10:00,2021,Thane Mumbra,19.1906,73.0229,0.1,29.3,83.0,9.7
2021-06-14T11:00,2021,Thane Mumbra,19.1906,73.0229,0.1,29.6,82.0,13.0
2021-06-14T12:00,2021,Thane Mumbra,19.1906,73.0229,0.1,29.9,81.0,12.7
2021-06-14T13:00,2021,Thane Mumbra,19.1906,73.0229,0.0,30.1,80.0,13.8
2021-06-14T14:00,2021,Thane Mumbra,19.1906,73.0229,0.1,30.0,82.0,14.6
2021-06-14T15:00,2021,Thane Mumbra,19.1906,73.0229,0.5,29.0,82.0,15.9
2021-06-14T16:00,2021,Thane Mumbra,19.1906,73.0229,0.3,28.3,87.0,14.3
2021-06-14T17:00,2021,Thane Mumbra,19.1906,73.0229,0.7,28.0,85.0,17.4
2021-06-14T18:00,2021,Thane Mumbra,19.1906,73.0229,0.4,27.1,90.0,14.8
2021-06-14T19:00,2021,Thane Mumbra,19.1906,73.0229,0.2,26.8,92.0,12.3
2021-06-14T20:00,2021,Thane Mumbra,19.1906,73.0229,0.2,26.5,93.0,13.9
2021-06-14T21:00,2021,Thane Mumbra,19.1906,73.0229,0.3,26.5,92.0,13.4
2021-06-14T22:00,2021,Thane Mumbra,19.1906,73.0229,0.4,26.3,95.0,14.2
2021-06-14T23:00,2021,Thane Mumbra,19.1906,73.0229,0.5,26.1,96.0,13.5
2021-06-15T00:00,2021,Thane Mumbra,19.1906,73.0229,0.6,25.9,96.0,14.2
2021-06-15T01:00,2021,Thane Mumbra,19.1906,73.0229,0.5,25.8,94.0,13.8
2021-06-15T02:00,2021,Thane Mumbra,19.1906,73.0229,0.3,25.7,94.0,12.9
2021-06-15T03:00,2021,Thane Mumbra,19.1906,73.0229,0.6,25.6,96.0,12.9
2021-06-15T04:00,2021,Thane Mumbra,19.1906,73.0229,0.3,25.7,95.0,12.7
2021-06-15T05:00,2021,Thane Mumbra,19.1906,73.0229,0.3,25.4,90.0,11.1
2021-06-15T06:00,2021,Thane Mumbra,19.1906,73.0229,0.3,25.4,95.0,10.2
2021-06-15T07:00,2021,Thane Mumbra,19.1906,73.0229,0.1,26.1,92.0,9.2
2021-06-15T08:00,2021,Thane Mumbra,19.1906,73.0229,0.1,26.8,90.0,11.6
2021-06-15T09:00,2021,Thane Mumbra,19.1906,73.0229,0.4,27.1,89.0,11.5
2021-06-15T10:00,2021,Thane Mumbra,19.1906,73.0229,0.8,26.9,91.0,10.3
2021-06-15T11:00,2021,Thane Mumbra,19.1906,73.0229,0.6,27.2,86.0,16.8
2021-06-15T12:00,2021,Thane Mumbra,19.1906,73.0229,0.2,28.2,86.0,14.7
2021-06-15T13:00,2021,Thane Mumbra,19.1906,73.0229,0.9,27.9,86.0,14.0
2021-06-15T14:00,2021,Thane Mumbra,19.1906,73.0229,0.5,27.9,86.0,15.6
2021-06-15T15:00,2021,Thane Mumbra,19.1906,73.0229,0.2,27.3,85.0,16.9
2021-06-15T16:00,2021,Thane Mumbra,19.1906,73.0229,0.5,27.7,84.0,17.3
2021-06-15T17:00,2021,Thane Mumbra,19.1906,73.0229,0.1,28.4,80.0,16.1
2021-06-15T18:00,2021,Thane Mumbra,19.1906,73.0229,0.1,27.5,83.0,15.2
2021-06-15T19:00,2021,Thane Mumbra,19.1906,73.0229,0.2,26.9,87.0,13.4
2021-06-15T20:00,2021,Thane Mumbra,19.1906,73.0229,0.2,26.6,89.0,13.8
2021-06-15T21:00,2021,Thane Mumbra,19.1906,73.0229,0.4,26.0,92.0,14.0
2021-06-15T22:00,2021,Thane Mumbra,19.1906,73.0229,0.5,26.0,94.0,15.3
2021-06-15T23:00,2021,Thane Mumbra,19.1906,73.0229,0.3,25.8,94.0,15.8
2021-06-16T00:00,2021,Thane Mumbra,19.1906,73.0229,0.3,25.7,94.0,17.1
2021-06-16T01:00,2021,Thane Mumbra,19.1906,73.0229,0.4,25.6,95.0,17.9
2021-06-16T02:00,2021,Thane Mumbra,19.1906,73.0229,0.4,25.6,95.0,14.9
2021-06-16T03:00,2021,Thane Mumbra,19.1906,73.0229,0.4,25.5,93.0,17.2
2021-06-16T04:00,2021,Thane Mumbra,19.1906,73.0229,0.3,25.1,96.0,15.6
2021-06-16T05:00,2021,Thane Mumbra,19.1906,73.0229,0.5,25.4,94.0,17.9
2021-06-16T06:00,2021,Thane Mumbra,19.1906,73.0229,0.4,25.4,94.0,13.5
2021-06-16T07:00,2021,Thane Mumbra,19.1906,73.0229,0.4,25.5,93.0,13.9
2021-06-16T08:00,2021,Thane Mumbra,19.1906,73.0229,0.8,25.1,95.0,11.8
2021-06-16T09:00,2021,Thane Mumbra,19.1906,73.0229,1.4,25.0,94.0,11.6
2021-06-16T10:00,2021,Thane Mumbra,19.1906,73.0229,0.8,25.4,92.0,14.0
2021-06-16T11:00,2021,Thane Mumbra,19.1906,73.0229,0.6,25.6,91.0,14.5
2021-06-16T12:00,2021,Thane Mumbra,19.1906,73.0229,0.5,25.7,90.0,14.8
2021-06-16T13:00,2021,Thane Mumbra,19.1906,73.0229,0.6,26.2,87.0,14.7
2021-06-16T14:00,2021,Thane Mumbra,19.1906,73.0229,0.8,25.6,90.0,13.2
2021-06-16T15:00,2021,Thane Mumbra,19.1906,73.0229,0.8,25.8,95.0,12.9
2021-06-16T16:00,2021,Thane Mumbra,19.1906,73.0229,0.2,26.4,93.0,14.9
2021-06-16T17:00,2021,Thane Mumbra,19.1906,73.0229,0.4,27.4,90.0,11.5
2021-06-16T18:00,2021,Thane Mumbra,19.1906,73.0229,1.0,26.3,93.0,13.6
2021-06-16T19:00,2021,Thane Mumbra,19.1906,73.0229,0.4,26.2,94.0,12.5
2021-06-16T20:00,2021,Thane Mumbra,19.1906,73.0229,0.3,26.5,90.0,15.7
2021-06-16T21:00,2021,Thane Mumbra,19.1906,73.0229,0.3,25.9,93.0,14.4
2021-06-16T22:00,2021,Thane Mumbra,19.1906,73.0229,1.0,25.7,95.0,12.8
2021-06-16T23:00,2021,Thane Mumbra,19.1906,73.0229,0.5,25.7,94.0,12.3
2021-06-17T00:00,2021,Thane Mumbra,19.1906,73.0229,0.5,25.5,95.0,12.6
2021-06-17T01:00,2021,Thane Mumbra,19.1906,73.0229,0.6,25.2,97.0,13.4
2021-06-17T02:00,2021,Thane Mumbra,19.1906,73.0229,1.1,25.1,96.0,12.3
2021-06-17T03:00,2021,Thane Mumbra,19.1906,73.0229,1.3,25.0,95.0,11.2
2021-06-17T04:00,2021,Thane Mumbra,19.1906,73.0229,1.5,24.8,96.0,12.3
2021-06-17T05:00,2021,Thane Mumbra,19.1906,73.0229,0.8,23.3,96.0,12.9
2021-06-17T06:00,2021,Thane Mumbra,19.1906,73.0229,2.0,23.4,97.0,13.7
2021-06-17T07:00,2021,Thane Mumbra,19.1906,73.0229,0.9,23.8,96.0,17.3
2021-06-17T08:00,2021,Thane Mumbra,19.1906,73.0229,1.0,24.3,94.0,15.8
2021-06-17T09:00,2021,Thane Mumbra,19.1906,73.0229,0.7,25.3,93.0,15.1
2021-06-17T10:00,2021,Thane Mumbra,19.1906,73.0229,0.6,25.5,94.0,16.1
2021-06-17T11:00,2021,Thane Mumbra,19.1906,73.0229,0.3,26.4,92.0,15.0
2021-06-17T12:00,2021,Thane Mumbra,19.1906,73.0229,0.4,26.1,90.0,18.6
2021-06-17T13:00,2021,Thane Mumbra,19.1906,73.0229,0.4,26.3,89.0,21.7
2021-06-17T14:00,2021,Thane Mumbra,19.1906,73.0229,0.6,26.5,89.0,18.4
2021-06-17T15:00,2021,Thane Mumbra,19.1906,73.0229,0.8,25.9,90.0,18.6
2021-06-17T16:00,2021,Thane Mumbra,19.1906,73.0229,0.5,25.8,92.0,16.0
2021-06-17T17:00,2021,Thane Mumbra,19.1906,73.0229,0.7,26.4,89.0,16.3
2021-06-17T18:00,2021,Thane Mumbra,19.1906,73.0229,0.3,26.0,90.0,16.4
2021-06-17T19:00,2021,Thane Mumbra,19.1906,73.0229,0.4,25.4,94.0,16.3
2021-06-17T20:00,2021,Thane Mumbra,19.1906,73.0229,0.6,25.4,94.0,14.3
2021-06-17T21:00,2021,Thane Mumbra,19.1906,73.0229,0.8,25.4,94.0,14.7
2021-06-17T22:00,2021,Thane Mumbra,19.1906,73.0229,0.9,25.3,94.0,16.3
2021-06-17T23:00,2021,Thane Mumbra,19.1906,73.0229,0.7,25.3,93.0,16.1
2021-06-18T00:00,2021,Thane Mumbra,19.1906,73.0229,0.6,25.0,95.0,13.7
2021-06-18T01:00,2021,Thane Mumbra,19.1906,73.0229,0.8,25.0,94.0,14.3
2021-06-18T02:00,2021,Thane Mumbra,19.1906,73.0229,0.6,25.1,94.0,16.1
2021-06-18T03:00,2021,Thane Mumbra,19.1906,73.0229,0.2,25.2,93.0,16.9
2021-06-18T04:00,2021,Thane Mumbra,19.1906,73.0229,0.4,24.8,93.0,19.5
2021-06-18T05:00,2021,Thane Mumbra,19.1906,73.0229,0.3,24.7,93.0,15.9
2021-06-18T06:00,2021,Thane Mumbra,19.1906,73.0229,0.3,25.0,89.0,16.6
2021-06-18T07:00,2021,Thane Mumbra,19.1906,73.0229,0.5,24.9,94.0,14.4
2021-06-18T08:00,2021,Thane Mumbra,19.1906,73.0229,0.4,25.6,93.0,13.2
2021-06-18T09:00,2021,Thane Mumbra,19.1906,73.0229,0.2,26.9,89.0,12.5
2021-06-18T10:00,2021,Thane Mumbra,19.1906,73.0229,0.2,27.2,85.0,14.3
2021-06-18T11:00,2021,Thane Mumbra,19.1906,73.0229,0.3,27.4,81.0,21.7
2021-06-18T12:00,2021,Thane Mumbra,19.1906,73.0229,0.5,27.0,85.0,18.8
2021-06-18T13:00,2021,Thane Mumbra,19.1906,73.0229,0.9,27.5,83.0,19.9
2021-06-18T14:00,2021,Thane Mumbra,19.1906,73.0229,1.0,27.2,83.0,21.9
2021-06-18T15:00,2021,Thane Mumbra,19.1906,73.0229,0.6,27.1,86.0,19.8
2021-06-18T16:00,2021,Thane Mumbra,19.1906,73.0229,0.4,26.8,85.0,19.7
2021-06-18T17:00,2021,Thane Mumbra,19.1906,73.0229,0.3,26.2,89.0,15.5
2021-06-18T18:00,2021,Thane Mumbra,19.1906,73.0229,1.1,25.2,95.0,10.5
2021-06-18T19:00,2021,Thane Mumbra,19.1906,73.0229,0.7,24.9,97.0,8.2
2021-06-18T20:00,2021,Thane Mumbra,19.1906,73.0229,0.9,25.3,95.0,10.1
2021-06-18T21:00,2021,Thane Mumbra,19.1906,73.0229,0.1,26.1,91.0,18.4
2021-06-18T22:00,2021,Thane Mumbra,19.1906,73.0229,0.3,25.7,92.0,14.5
2021-06-18T23:00,2021,Thane Mumbra,19.1906,73.0229,0.8,25.5,93.0,15.0
2021-06-19T00:00,2021,Thane Mumbra,19.1906,73.0229,0.9,25.2,93.0,15.0
2021-06-19T01:00,2021,Thane Mumbra,19.1906,73.0229,0.5,25.1,93.0,18.1
2021-06-19T02:00,2021,Thane Mumbra,19.1906,73.0229,0.5,24.6,96.0,19.0
2021-06-19T03:00,2021,Thane Mumbra,19.1906,73.0229,0.7,24.5,95.0,14.3
2021-06-19T04:00,2021,Thane Mumbra,19.1906,73.0229,0.5,24.7,94.0,12.6
2021-06-19T05:00,2021,Thane Mumbra,19.1906,73.0229,0.3,24.4,95.0,10.4
2021-06-19T06:00,2021,Thane Mumbra,19.1906,73.0229,0.2,24.7,94.0,12.3
2021-06-19T07:00,2021,Thane Mumbra,19.1906,73.0229,0.4,25.2,91.0,13.0
2021-06-19T08:00,2021,Thane Mumbra,19.1906,73.0229,0.6,25.3,90.0,14.7
2021-06-19T09:00,2021,Thane Mumbra,19.1906,73.0229,0.4,25.9,91.0,14.5
2021-06-19T10:00,2021,Thane Mumbra,19.1906,73.0229,0.9,25.3,91.0,16.9
2021-06-19T11:00,2021,Thane Mumbra,19.1906,73.0229,0.8,25.8,85.0,20.4
2021-06-19T12:00,2021,Thane Mumbra,19.1906,73.0229,0.5,26.3,85.0,21.9
2021-06-19T13:00,2021,Thane Mumbra,19.1906,73.0229,0.5,26.8,84.0,18.6
2021-06-19T14:00,2021,Thane Mumbra,19.1906,73.0229,0.7,26.3,84.0,22.7
2021-06-19T15:00,2021,Thane Mumbra,19.1906,73.0229,1.1,26.2,86.0,19.1
2021-06-19T16:00,2021,Thane Mumbra,19.1906,73.0229,0.3,26.5,88.0,14.8
2021-06-19T17:00,2021,Thane Mumbra,19.1906,73.0229,1.4,25.4,89.0,17.1
2021-06-19T18:00,2021,Thane Mumbra,19.1906,73.0229,0.9,25.5,93.0,13.2
2021-06-19T19:00,2021,Thane Mumbra,19.1906,73.0229,0.9,25.0,94.0,13.1
2021-06-19T20:00,2021,Thane Mumbra,19.1906,73.0229,0.7,25.2,94.0,15.4
2021-06-19T21:00,2021,Thane Mumbra,19.1906,73.0229,0.5,25.3,93.0,16.6
2021-06-19T22:00,2021,Thane Mumbra,19.1906,73.0229,0.2,25.3,96.0,13.7
2021-06-19T23:00,2021,Thane Mumbra,19.1906,73.0229,0.7,25.1,93.0,15.7
2021-06-20T00:00,2021,Thane Mumbra,19.1906,73.0229,0.6,25.0,94.0,16.7
2021-06-20T01:00,2021,Thane Mumbra,19.1906,73.0229,0.5,24.7,96.0,13.9
2021-06-20T02:00,2021,Thane Mumbra,19.1906,73.0229,0.5,24.9,94.0,18.1
2021-06-20T03:00,2021,Thane Mumbra,19.1906,73.0229,0.3,24.9,95.0,15.7
2021-06-20T04:00,2021,Thane Mumbra,19.1906,73.0229,0.2,25.0,95.0,17.1
2021-06-20T05:00,2021,Thane Mumbra,19.1906,73.0229,0.3,25.4,93.0,15.5
2021-06-20T06:00,2021,Thane Mumbra,19.1906,73.0229,0.5,25.5,95.0,15.5
2021-06-20T07:00,2021,Thane Mumbra,19.1906,73.0229,0.4,25.9,94.0,13.5
2021-06-20T08:00,2021,Thane Mumbra,19.1906,73.0229,0.2,26.9,91.0,12.0
2021-06-20T09:00,2021,Thane Mumbra,19.1906,73.0229,0.3,27.5,87.0,13.6
2021-06-20T10:00,2021,Thane Mumbra,19.1906,73.0229,0.4,28.9,80.0,15.9
2021-06-20T11:00,2021,Thane Mumbra,19.1906,73.0229,0.7,29.0,77.0,19.6
2021-06-20T12:00,2021,Thane Mumbra,19.1906,73.0229,0.6,28.5,79.0,20.0
2021-06-20T13:00,2021,Thane Mumbra,19.1906,73.0229,0.7,28.1,78.0,21.4
2021-06-20T14:00,2021,Thane Mumbra,19.1906,73.0229,0.4,27.8,84.0,16.9
2021-06-20T15:00,2021,Thane Mumbra,19.1906,73.0229,0.1,27.8,83.0,14.5
2021-06-20T16:00,2021,Thane Mumbra,19.1906,73.0229,0.9,27.0,87.0,13.6
2021-06-20T17:00,2021,Thane Mumbra,19.1906,73.0229,0.3,27.1,83.0,10.8
2021-06-20T18:00,2021,Thane Mumbra,19.1906,73.0229,0.1,26.7,88.0,10.5
2021-06-20T19:00,2021,Thane Mumbra,19.1906,73.0229,0.9,25.4,93.0,11.1
2021-06-20T20:00,2021,Thane Mumbra,19.1906,73.0229,0.1,25.2,92.0,9.1
2021-06-20T21:00,2021,Thane Mumbra,19.1906,73.0229,0.6,25.1,94.0,7.6
2021-06-20T22:00,2021,Thane Mumbra,19.1906,73.0229,0.1,25.2,95.0,9.4
2021-06-20T23:00,2021,Thane Mumbra,19.1906,73.0229,0.6,24.9,95.0,12.0
2021-06-21T00:00,2021,Thane Mumbra,19.1906,73.0229,0.7,24.7,95.0,9.2
2021-06-21T01:00,2021,Thane Mumbra,19.1906,73.0229,0.5,24.6,96.0,8.0
2021-06-21T02:00,2021,Thane Mumbra,19.1906,73.0229,0.2,24.8,95.0,10.0
2021-06-21T03:00,2021,Thane Mumbra,19.1906,73.0229,0.6,24.9,94.0,10.5
2021-06-21T04:00,2021,Thane Mumbra,19.1906,73.0229,0.8,24.8,94.0,10.7
2021-06-21T05:00,2021,Thane Mumbra,19.1906,73.0229,0.5,24.9,96.0,8.4
2021-06-21T06:00,2021,Thane Mumbra,19.1906,73.0229,0.2,25.1,95.0,10.5
2021-06-21T07:00,2021,Thane Mumbra,19.1906,73.0229,0.2,25.5,93.0,10.1
2021-06-21T08:00,2021,Thane Mumbra,19.1906,73.0229,0.7,26.2,93.0,10.5
2021-06-21T09:00,2021,Thane Mumbra,19.1906,73.0229,0.2,27.6,87.0,10.8
2021-06-21T10:00,2021,Thane Mumbra,19.1906,73.0229,0.1,28.1,84.0,12.2
2021-06-21T11:00,2021,Thane Mumbra,19.1906,73.0229,0.1,29.1,82.0,12.4
2021-06-21T12:00,2021,Thane Mumbra,19.1906,73.0229,0.0,29.3,81.0,11.4
2021-06-21T13:00,2021,Thane Mumbra,19.1906,73.0229,0.2,28.3,78.0,15.6
2021-06-21T14:00,2021,Thane Mumbra,19.1906,73.0229,0.4,29.0,82.0,10.6
2021-06-21T15:00,2021,Thane Mumbra,19.1906,73.0229,0.4,28.6,79.0,15.2
2021-06-21T16:00,2021,Thane Mumbra,19.1906,73.0229,0.1,28.8,81.0,13.1
2021-06-21T17:00,2021,Thane Mumbra,19.1906,73.0229,0.3,29.3,74.0,13.4
2021-06-21T18:00,2021,Thane Mumbra,19.1906,73.0229,0.0,28.2,79.0,12.2
2021-06-21T19:00,2021,Thane Mumbra,19.1906,73.0229,0.0,27.0,85.0,8.2
2021-06-21T20:00,2021,Thane Mumbra,19.1906,73.0229,0.1,26.6,87.0,8.7
2021-06-21T21:00,2021,Thane Mumbra,19.1906,73.0229,0.0,26.4,88.0,7.7
2021-06-21T22:00,2021,Thane Mumbra,19.1906,73.0229,0.1,26.1,91.0,6.2
2021-06-21T23:00,2021,Thane Mumbra,19.1906,73.0229,0.1,25.9,93.0,6.2
2021-06-22T00:00,2021,Thane Mumbra,19.1906,73.0229,0.1,25.9,93.0,6.9
2021-06-22T01:00,2021,Thane Mumbra,19.1906,73.0229,0.1,25.9,93.0,6.8
2021-06-22T02:00,2021,Thane Mumbra,19.1906,73.0229,0.3,25.4,94.0,5.6
2021-06-22T03:00,2021,Thane Mumbra,19.1906,73.0229,0.1,25.2,95.0,7.9
2021-06-22T04:00,2021,Thane Mumbra,19.1906,73.0229,0.3,25.3,94.0,9.7
2021-06-22T05:00,2021,Thane Mumbra,19.1906,73.0229,0.4,25.7,93.0,6.3
2021-06-22T06:00,2021,Thane Mumbra,19.1906,73.0229,0.5,26.1,90.0,8.7
2021-06-22T07:00,2021,Thane Mumbra,19.1906,73.0229,0.2,26.5,93.0,9.2
2021-06-22T08:00,2021,Thane Mumbra,19.1906,73.0229,0.2,26.7,91.0,10.7
2021-06-22T09:00,2021,Thane Mumbra,19.1906,73.0229,0.1,27.4,88.0,10.2
2021-06-22T10:00,2021,Thane Mumbra,19.1906,73.0229,0.1,28.7,84.0,9.2
2021-06-22T11:00,2021,Thane Mumbra,19.1906,73.0229,0.1,29.3,82.0,8.9
2021-06-22T12:00,2021,Thane Mumbra,19.1906,73.0229,0.4,27.7,86.0,11.7
2021-06-22T13:00,2021,Thane Mumbra,19.1906,73.0229,0.2,29.1,82.0,11.8
2021-06-22T14:00,2021,Thane Mumbra,19.1906,73.0229,0.5,27.8,83.0,14.4
2021-06-22T15:00,2021,Thane Mumbra,19.1906,73.0229,0.5,28.3,84.0,8.2
2021-06-22T16:00,2021,Thane Mumbra,19.1906,73.0229,0.1,28.4,81.0,10.3
2021-06-22T17:00,2021,Thane Mumbra,19.1906,73.0229,0.4,28.4,81.0,10.4
2021-06-22T18:00,2021,Thane Mumbra,19.1906,73.0229,0.0,27.9,83.0,3.6
2021-06-22T19:00,2021,Thane Mumbra,19.1906,73.0229,0.0,27.1,88.0,2.9
2021-06-22T20:00,2021,Thane Mumbra,19.1906,73.0229,0.1,26.9,88.0,4.0
2021-06-22T21:00,2021,Thane Mumbra,19.1906,73.0229,0.0,26.7,90.0,4.3
2021-06-22T22:00,2021,Thane Mumbra,19.1906,73.0229,0.3,26.0,94.0,4.3
2021-06-22T23:00,2021,Thane Mumbra,19.1906,73.0229,0.2,26.1,93.0,3.9
2021-06-23T00:00,2021,Thane Mumbra,19.1906,73.0229,0.3,25.8,94.0,3.7
2021-06-23T01:00,2021,Thane Mumbra,19.1906,73.0229,0.2,25.5,96.0,3.3
2021-06-23T02:00,2021,Thane Mumbra,19.1906,73.0229,0.2,25.4,95.0,3.6
2021-06-23T03:00,2021,Thane Mumbra,19.1906,73.0229,0.1,25.4,97.0,6.8
2021-06-23T04:00,2021,Thane Mumbra,19.1906,73.0229,0.0,25.5,96.0,7.7
2021-06-23T05:00,2021,Thane Mumbra,19.1906,73.0229,0.0,25.7,93.0,7.4
2021-06-23T06:00,2021,Thane Mumbra,19.1906,73.0229,0.4,25.9,95.0,9.7
2021-06-23T07:00,2021,Thane Mumbra,19.1906,73.0229,0.1,26.6,93.0,9.4
2021-06-23T08:00,2021,Thane Mumbra,19.1906,73.0229,0.2,26.8,88.0,9.6
2021-06-23T09:00,2021,Thane Mumbra,19.1906,73.0229,0.3,28.1,87.0,8.4
2021-06-23T10:00,2021,Thane Mumbra,19.1906,73.0229,0.1,28.8,86.0,9.8
2021-06-23T11:00,2021,Thane Mumbra,19.1906,73.0229,0.6,28.1,82.0,12.8
2021-06-23T12:00,2021,Thane Mumbra,19.1906,73.0229,0.1,28.8,84.0,11.0
2021-06-23T13:00,2021,Thane Mumbra,19.1906,73.0229,0.0,28.4,86.0,11.4
2021-06-23T14:00,2021,Thane Mumbra,19.1906,73.0229,0.1,28.7,85.0,11.0
2021-06-23T15:00,2021,Thane Mumbra,19.1906,73.0229,0.1,27.9,85.0,13.0
2021-06-23T16:00,2021,Thane Mumbra,19.1906,73.0229,0.6,27.5,88.0,9.7
2021-06-23T17:00,2021,Thane Mumbra,19.1906,73.0229,0.2,27.7,86.0,10.2
2021-06-23T18:00,2021,Thane Mumbra,19.1906,73.0229,0.4,26.7,88.0,8.2
2021-06-23T19:00,2021,Thane Mumbra,19.1906,73.0229,0.6,25.8,93.0,8.3
2021-06-23T20:00,2021,Thane Mumbra,19.1906,73.0229,0.7,25.8,94.0,8.1
2021-06-23T21:00,2021,Thane Mumbra,19.1906,73.0229,0.1,26.0,94.0,9.1
2021-06-23T22:00,2021,Thane Mumbra,19.1906,73.0229,0.0,25.8,95.0,9.1
2021-06-23T23:00,2021,Thane Mumbra,19.1906,73.0229,0.2,25.8,93.0,9.0
2021-06-24T00:00,2021,Thane Mumbra,19.1906,73.0229,0.1,25.8,93.0,9.9
2021-06-24T01:00,2021,Thane Mumbra,19.1906,73.0229,0.1,25.8,94.0,9.9
2021-06-24T02:00,2021,Thane Mumbra,19.1906,73.0229,0.3,25.7,95.0,8.9
2021-06-24T03:00,2021,Thane Mumbra,19.1906,73.0229,0.1,25.8,94.0,7.2
2021-06-24T04:00,2021,Thane Mumbra,19.1906,73.0229,0.3,25.7,95.0,8.7
2021-06-24T05:00,2021,Thane Mumbra,19.1906,73.0229,0.6,25.5,94.0,8.4
2021-06-24T06:00,2021,Thane Mumbra,19.1906,73.0229,0.4,25.9,93.0,7.9
2021-06-24T07:00,2021,Thane Mumbra,19.1906,73.0229,0.0,26.5,93.0,8.8
2021-06-24T08:00,2021,Thane Mumbra,19.1906,73.0229,0.8,26.2,89.0,15.5
2021-06-24T09:00,2021,Thane Mumbra,19.1906,73.0229,0.4,26.1,88.0,15.1
2021-06-24T10:00,2021,Thane Mumbra,19.1906,73.0229,0.1,27.4,87.0,12.3
2021-06-24T11:00,2021,Thane Mumbra,19.1906,73.0229,0.4,26.7,88.0,12.0
2021-06-24T12:00,2021,Thane Mumbra,19.1906,73.0229,0.7,26.3,86.0,14.3
2021-06-24T13:00,2021,Thane Mumbra,19.1906,73.0229,0.3,26.2,85.0,16.7
2021-06-24T14:00,2021,Thane Mumbra,19.1906,73.0229,0.2,26.3,90.0,15.3
2021-06-24T15:00,2021,Thane Mumbra,19.1906,73.0229,0.5,25.8,88.0,16.4
2021-06-24T16:00,2021,Thane Mumbra,19.1906,73.0229,0.8,25.4,93.0,14.6
2021-06-24T17:00,2021,Thane Mumbra,19.1906,73.0229,0.6,26.2,89.0,13.0
2021-06-24T18:00,2021,Thane Mumbra,19.1906,73.0229,0.6,25.8,95.0,9.7
2021-06-24T19:00,2021,Thane Mumbra,19.1906,73.0229,0.6,25.4,95.0,10.9
2021-06-24T20:00,2021,Thane Mumbra,19.1906,73.0229,0.7,25.4,97.0,12.8
2021-06-24T21:00,2021,Thane Mumbra,19.1906,73.0229,0.9,25.5,94.0,9.6
2021-06-24T22:00,2021,Thane Mumbra,19.1906,73.0229,1.2,25.4,94.0,8.0
2021-06-24T23:00,2021,Thane Mumbra,19.1906,73.0229,1.6,25.4,95.0,9.7
2021-06-25T00:00,2021,Thane Mumbra,19.1906,73.0229,1.5,25.4,96.0,9.1
2021-06-25T01:00,2021,Thane Mumbra,19.1906,73.0229,0.8,25.4,94.0,10.5
2021-06-25T02:00,2021,Thane Mumbra,19.1906,73.0229,0.9,25.2,95.0,7.9
2021-06-25T03:00,2021,Thane Mumbra,19.1906,73.0229,0.9,25.2,95.0,8.8
2021-06-25T04:00,2021,Thane Mumbra,19.1906,73.0229,1.1,25.1,96.0,9.7
2021-06-25T05:00,2021,Thane Mumbra,19.1906,73.0229,0.7,25.3,95.0,8.7
2021-06-25T06:00,2021,Thane Mumbra,19.1906,73.0229,2.2,25.5,94.0,11.7
2021-06-25T07:00,2021,Thane Mumbra,19.1906,73.0229,2.2,25.5,94.0,8.4
2021-06-25T08:00,2021,Thane Mumbra,19.1906,73.0229,2.7,25.5,94.0,10.2
2021-06-25T09:00,2021,Thane Mumbra,19.1906,73.0229,2.5,25.8,92.0,10.0
2021-06-25T10:00,2021,Thane Mumbra,19.1906,73.0229,1.4,26.5,94.0,10.3
2021-06-25T11:00,2021,Thane Mumbra,19.1906,73.0229,1.6,26.8,90.0,12.2
2021-06-25T12:00,2021,Thane Mumbra,19.1906,73.0229,1.4,26.7,92.0,11.6
2021-06-25T13:00,2021,Thane Mumbra,19.1906,73.0229,1.7,26.2,92.0,12.2
2021-06-25T14:00,2021,Thane Mumbra,19.1906,73.0229,0.7,27.0,90.0,12.0
2021-06-25T15:00,2021,Thane Mumbra,19.1906,73.0229,1.3,26.2,92.0,10.2
2021-06-25T16:00,2021,Thane Mumbra,19.1906,73.0229,0.7,26.0,94.0,9.7
2021-06-25T17:00,2021,Thane Mumbra,19.1906,73.0229,2.4,25.9,93.0,10.0
2021-06-25T18:00,2021,Thane Mumbra,19.1906,73.0229,1.2,25.7,95.0,6.6
2021-06-25T19:00,2021,Thane Mumbra,19.1906,73.0229,0.2,25.5,95.0,10.5
2021-06-25T20:00,2021,Thane Mumbra,19.1906,73.0229,0.2,25.3,95.0,8.8
2021-06-25T21:00,2021,Thane Mumbra,19.1906,73.0229,0.1,25.4,96.0,7.0
2021-06-25T22:00,2021,Thane Mumbra,19.1906,73.0229,0.1,25.4,96.0,6.9
2021-06-25T23:00,2021,Thane Mumbra,19.1906,73.0229,0.1,25.5,95.0,6.7
2021-06-26T00:00,2021,Thane Mumbra,19.1906,73.0229,0.6,25.2,95.0,8.0
2021-06-26T01:00,2021,Thane Mumbra,19.1906,73.0229,0.1,25.1,96.0,6.2
2021-06-26T02:00,2021,Thane Mumbra,19.1906,73.0229,0.6,25.3,94.0,7.7
2021-06-26T03:00,2021,Thane Mumbra,19.1906,73.0229,0.5,24.9,96.0,2.7
2021-06-26T04:00,2021,Thane Mumbra,19.1906,73.0229,0.3,24.7,96.0,7.2
2021-06-26T05:00,2021,Thane Mumbra,19.1906,73.0229,0.3,24.8,95.0,6.3
2021-06-26T06:00,2021,Thane Mumbra,19.1906,73.0229,0.1,25.0,96.0,7.4
2021-06-26T07:00,2021,Thane Mumbra,19.1906,73.0229,0.1,25.6,95.0,9.4
2021-06-26T08:00,2021,Thane Mumbra,19.1906,73.0229,0.3,26.7,91.0,7.1
2021-06-26T09:00,2021,Thane Mumbra,19.1906,73.0229,0.1,27.9,84.0,8.4
2021-06-26T10:00,2021,Thane Mumbra,19.1906,73.0229,0.1,28.6,80.0,10.3
2021-06-26T11:00,2021,Thane Mumbra,19.1906,73.0229,0.2,29.2,78.0,11.4
2021-06-26T12:00,2021,Thane Mumbra,19.1906,73.0229,0.3,28.7,79.0,15.4
2021-06-26T13:00,2021,Thane Mumbra,19.1906,73.0229,0.0,29.8,77.0,13.3
2021-06-26T14:00,2021,Thane Mumbra,19.1906,73.0229,0.1,29.9,73.0,14.8
2021-06-26T15:00,2021,Thane Mumbra,19.1906,73.0229,0.1,29.3,75.0,13.3
2021-06-26T16:00,2021,Thane Mumbra,19.1906,73.0229,0.1,29.4,71.0,13.1
2021-06-26T17:00,2021,Thane Mumbra,19.1906,73.0229,0.0,29.6,68.0,12.6
2021-06-26T18:00,2021,Thane Mumbra,19.1906,73.0229,0.0,28.5,75.0,9.4
2021-06-26T19:00,2021,Thane Mumbra,19.1906,73.0229,0.0,27.0,82.0,6.9
2021-06-26T20:00,2021,Thane Mumbra,19.1906,73.0229,0.0,26.0,89.0,5.8
2021-06-26T21:00,2021,Thane Mumbra,19.1906,73.0229,0.0,25.8,90.0,6.1
2021-06-26T22:00,2021,Thane Mumbra,19.1906,73.0229,0.0,25.8,89.0,5.2
2021-06-26T23:00,2021,Thane Mumbra,19.1906,73.0229,0.0,25.9,90.0,4.8
2021-06-27T00:00,2021,Thane Mumbra,19.1906,73.0229,0.0,25.7,91.0,4.8
2021-06-27T01:00,2021,Thane Mumbra,19.1906,73.0229,0.0,25.7,91.0,5.2
2021-06-27T02:00,2021,Thane Mumbra,19.1906,73.0229,0.2,25.2,93.0,3.7
2021-06-27T03:00,2021,Thane Mumbra,19.1906,73.0229,0.1,24.9,95.0,2.7
2021-06-27T04:00,2021,Thane Mumbra,19.1906,73.0229,0.1,24.8,96.0,1.8
2021-06-27T05:00,2021,Thane Mumbra,19.1906,73.0229,0.0,25.7,93.0,3.8
2021-06-27T06:00,2021,Thane Mumbra,19.1906,73.0229,0.2,25.9,95.0,3.9
2021-06-27T07:00,2021,Thane Mumbra,19.1906,73.0229,0.0,26.4,95.0,4.3
2021-06-27T08:00,2021,Thane Mumbra,19.1906,73.0229,0.1,27.0,90.0,2.8
2021-06-27T09:00,2021,Thane Mumbra,19.1906,73.0229,0.2,27.7,83.0,5.9
2021-06-27T10:00,2021,Thane Mumbra,19.1906,73.0229,0.1,28.8,80.0,4.1
2021-06-27T11:00,2021,Thane Mumbra,19.1906,73.0229,0.4,29.3,75.0,11.4
2021-06-27T12:00,2021,Thane Mumbra,19.1906,73.0229,0.5,28.0,82.0,7.4
2021-06-27T13:00,2021,Thane Mumbra,19.1906,73.0229,0.2,28.7,81.0,5.7
2021-06-27T14:00,2021,Thane Mumbra,19.1906,73.0229,0.2,28.5,82.0,4.7
2021-06-27T15:00,2021,Thane Mumbra,19.1906,73.0229,0.5,28.0,81.0,4.1
2021-06-27T16:00,2021,Thane Mumbra,19.1906,73.0229,0.9,27.4,85.0,2.3
2021-06-27T17:00,2021,Thane Mumbra,19.1906,73.0229,0.7,26.5,88.0,1.1
2021-06-27T18:00,2021,Thane Mumbra,19.1906,73.0229,1.6,26.3,92.0,2.9
2021-06-27T19:00,2021,Thane Mumbra,19.1906,73.0229,1.3,26.0,95.0,3.6
2021-06-27T20:00,2021,Thane Mumbra,19.1906,73.0229,1.4,25.8,96.0,4.3
2021-06-27T21:00,2021,Thane Mumbra,19.1906,73.0229,1.8,25.7,96.0,5.7
2021-06-27T22:00,2021,Thane Mumbra,19.1906,73.0229,1.7,25.6,96.0,7.3
2021-06-27T23:00,2021,Thane Mumbra,19.1906,73.0229,2.4,25.5,96.0,5.5
2021-06-28T00:00,2021,Thane Mumbra,19.1906,73.0229,1.6,25.4,97.0,3.3
2021-06-28T01:00,2021,Thane Mumbra,19.1906,73.0229,0.5,25.5,95.0,2.6
2021-06-28T02:00,2021,Thane Mumbra,19.1906,73.0229,0.2,25.3,95.0,2.6
2021-06-28T03:00,2021,Thane Mumbra,19.1906,73.0229,0.4,25.0,97.0,3.3
2021-06-28T04:00,2021,Thane Mumbra,19.1906,73.0229,0.5,24.9,96.0,3.6
2021-06-28T05:00,2021,Thane Mumbra,19.1906,73.0229,1.1,24.6,96.0,2.1
2021-06-28T06:00,2021,Thane Mumbra,19.1906,73.0229,1.8,24.5,97.0,2.2
2021-06-28T07:00,2021,Thane Mumbra,19.1906,73.0229,1.1,24.7,95.0,2.2
2021-06-28T08:00,2021,Thane Mumbra,19.1906,73.0229,2.0,25.3,94.0,4.0
2021-06-28T09:00,2021,Thane Mumbra,19.1906,73.0229,2.3,25.8,93.0,4.6
2021-06-28T10:00,2021,Thane Mumbra,19.1906,73.0229,1.1,26.2,90.0,3.3
2021-06-28T11:00,2021,Thane Mumbra,19.1906,73.0229,0.4,26.7,87.0,1.5
2021-06-28T12:00,2021,Thane Mumbra,19.1906,73.0229,0.3,27.6,82.0,0.7
2021-06-28T13:00,2021,Thane Mumbra,19.1906,73.0229,0.3,27.8,83.0,4.0
2021-06-28T14:00,2021,Thane Mumbra,19.1906,73.0229,1.1,26.7,86.0,9.0
2021-06-28T15:00,2021,Thane Mumbra,19.1906,73.0229,1.1,26.9,86.0,10.2
2021-06-28T16:00,2021,Thane Mumbra,19.1906,73.0229,1.1,26.4,89.0,9.4
2021-06-28T17:00,2021,Thane Mumbra,19.1906,73.0229,1.2,27.9,81.0,5.8
2021-06-28T18:00,2021,Thane Mumbra,19.1906,73.0229,1.0,26.6,89.0,5.1
2021-06-28T19:00,2021,Thane Mumbra,19.1906,73.0229,0.3,26.0,94.0,2.6
2021-06-28T20:00,2021,Thane Mumbra,19.1906,73.0229,0.2,25.8,95.0,3.5
2021-06-28T21:00,2021,Thane Mumbra,19.1906,73.0229,0.0,25.6,95.0,4.7
2021-06-28T22:00,2021,Thane Mumbra,19.1906,73.0229,0.0,25.3,96.0,4.7
2021-06-28T23:00,2021,Thane Mumbra,19.1906,73.0229,0.0,25.2,96.0,4.3
2021-06-29T00:00,2021,Thane Mumbra,19.1906,73.0229,0.0,25.1,97.0,5.1
2021-06-29T01:00,2021,Thane Mumbra,19.1906,73.0229,0.0,24.9,97.0,5.9
2021-06-29T02:00,2021,Thane Mumbra,19.1906,73.0229,0.0,24.8,97.0,5.8
2021-06-29T03:00,2021,Thane Mumbra,19.1906,73.0229,0.0,24.8,97.0,5.8
2021-06-29T04:00,2021,Thane Mumbra,19.1906,73.0229,0.0,25.0,96.0,6.6
2021-06-29T05:00,2021,Thane Mumbra,19.1906,73.0229,0.0,25.0,96.0,6.6
2021-06-29T06:00,2021,Thane Mumbra,19.1906,73.0229,0.0,25.3,96.0,8.7
2021-06-29T07:00,2021,Thane Mumbra,19.1906,73.0229,0.0,26.0,93.0,10.1
2021-06-29T08:00,2021,Thane Mumbra,19.1906,73.0229,0.1,27.2,86.0,10.7
2021-06-29T09:00,2021,Thane Mumbra,19.1906,73.0229,0.1,28.3,82.0,9.8
2021-06-29T10:00,2021,Thane Mumbra,19.1906,73.0229,0.0,29.0,82.0,8.6
2021-06-29T11:00,2021,Thane Mumbra,19.1906,73.0229,0.1,29.8,80.0,9.5
2021-06-29T12:00,2021,Thane Mumbra,19.1906,73.0229,0.1,30.3,78.0,12.1
2021-06-29T13:00,2021,Thane Mumbra,19.1906,73.0229,0.2,30.4,77.0,12.5
2021-06-29T14:00,2021,Thane Mumbra,19.1906,73.0229,0.1,29.9,79.0,12.7
2021-06-29T15:00,2021,Thane Mumbra,19.1906,73.0229,0.1,30.0,77.0,12.9
2021-06-29T16:00,2021,Thane Mumbra,19.1906,73.0229,0.2,29.3,78.0,12.8
2021-06-29T17:00,2021,Thane Mumbra,19.1906,73.0229,0.1,29.1,77.0,12.6
2021-06-29T18:00,2021,Thane Mumbra,19.1906,73.0229,0.0,28.3,81.0,10.4
2021-06-29T19:00,2021,Thane Mumbra,19.1906,73.0229,0.0,27.4,86.0,6.4
2021-06-29T20:00,2021,Thane Mumbra,19.1906,73.0229,0.0,26.9,90.0,4.8
2021-06-29T21:00,2021,Thane Mumbra,19.1906,73.0229,0.0,26.6,91.0,6.8
2021-06-29T22:00,2021,Thane Mumbra,19.1906,73.0229,0.0,26.5,92.0,7.0
2021-06-29T23:00,2021,Thane Mumbra,19.1906,73.0229,0.0,26.3,93.0,6.9
2021-06-30T00:00,2021,Thane Mumbra,19.1906,73.0229,0.2,26.1,94.0,7.3
2021-06-30T01:00,2021,Thane Mumbra,19.1906,73.0229,0.1,25.9,95.0,7.6
2021-06-30T02:00,2021,Thane Mumbra,19.1906,73.0229,0.1,25.8,95.0,7.6
2021-06-30T03:00,2021,Thane Mumbra,19.1906,73.0229,0.2,25.6,96.0,8.0
2021-06-30T04:00,2021,Thane Mumbra,19.1906,73.0229,0.2,25.6,96.0,9.7
2021-06-30T05:00,2021,Thane Mumbra,19.1906,73.0229,0.1,25.6,96.0,8.0
2021-06-30T06:00,2021,Thane Mumbra,19.1906,73.0229,0.1,25.8,96.0,7.9
2021-06-30T07:00,2021,Thane Mumbra,19.1906,73.0229,0.1,26.4,92.0,10.5
2021-06-30T08:00,2021,Thane Mumbra,19.1906,73.0229,0.2,27.3,89.0,11.4
2021-06-30T09:00,2021,Thane Mumbra,19.1906,73.0229,0.1,28.1,88.0,11.2
2021-06-30T10:00,2021,Thane Mumbra,19.1906,73.0229,0.1,28.9,86.0,11.7
2021-06-30T11:00,2021,Thane Mumbra,19.1906,73.0229,0.2,29.6,85.0,11.5
2021-06-30T12:00,2021,Thane Mumbra,19.1906,73.0229,0.2,30.1,82.0,13.3
2021-06-30T13:00,2021,Thane Mumbra,19.1906,73.0229,1.0,29.2,86.0,11.4
2021-06-30T14:00,2021,Thane Mumbra,19.1906,73.0229,0.3,29.8,83.0,11.4
2021-06-30T15:00,2021,Thane Mumbra,19.1906,73.0229,1.3,28.5,84.0,14.2
2021-06-30T16:00,2021,Thane Mumbra,19.1906,73.0229,0.4,28.5,87.0,12.6
2021-06-30T17:00,2021,Thane Mumbra,19.1906,73.0229,0.5,28.7,80.0,12.3
2021-06-30T18:00,2021,Thane Mumbra,19.1906,73.0229,0.1,28.0,83.0,9.9
2021-06-30T19:00,2021,Thane Mumbra,19.1906,73.0229,0.0,27.4,87.0,6.3
2021-06-30T20:00,2021,Thane Mumbra,19.1906,73.0229,0.1,27.0,89.0,5.3
2021-06-30T21:00,2021,Thane Mumbra,19.1906,73.0229,0.1,26.7,90.0,5.2
2021-06-30T22:00,2021,Thane Mumbra,19.1906,73.0229,0.0,26.7,91.0,5.2
2021-06-30T23:00,2021,Thane Mumbra,19.1906,73.0229,0.1,26.5,92.0,6.4
2021-07-01T00:00,2021,Thane Mumbra,19.1906,73.0229,0.1,26.4,93.0,5.4
2021-07-01T01:00,2021,Thane Mumbra,19.1906,73.0229,0.4,26.3,93.0,5.5
2021-07-01T02:00,2021,Thane Mumbra,19.1906,73.0229,0.0,26.3,94.0,6.6
2021-07-01T03:00,2021,Thane Mumbra,19.1906,73.0229,0.0,26.3,93.0,7.3
2021-07-01T04:00,2021,Thane Mumbra,19.1906,73.0229,0.1,26.2,93.0,6.3
2021-07-01T05:00,2021,Thane Mumbra,19.1906,73.0229,0.1,26.1,95.0,7.3
2021-07-01T06:00,2021,Thane Mumbra,19.1906,73.0229,0.2,26.4,93.0,9.3
2021-07-01T07:00,2021,Thane Mumbra,19.1906,73.0229,0.2,26.8,91.0,9.5
2021-07-01T08:00,2021,Thane Mumbra,19.1906,73.0229,0.1,27.8,86.0,10.2
2021-07-01T09:00,2021,Thane Mumbra,19.1906,73.0229,0.3,29.0,77.0,14.6
2021-07-01T10:00,2021,Thane Mumbra,19.1906,73.0229,0.1,29.6,72.0,16.0
2021-07-01T11:00,2021,Thane Mumbra,19.1906,73.0229,0.0,30.0,70.0,18.4
2021-07-01T12:00,2021,Thane Mumbra,19.1906,73.0229,0.4,29.9,72.0,18.8
2021-07-01T13:00,2021,Thane Mumbra,19.1906,73.0229,0.5,30.0,72.0,19.9
2021-07-01T14:00,2021,Thane Mumbra,19.1906,73.0229,0.1,30.4,69.0,19.9
2021-07-01T15:00,2021,Thane Mumbra,19.1906,73.0229,0.0,29.9,70.0,19.0
2021-07-01T16:00,2021,Thane Mumbra,19.1906,73.0229,0.1,29.5,71.0,18.5
2021-07-01T17:00,2021,Thane Mumbra,19.1906,73.0229,0.1,29.5,72.0,14.2
2021-07-01T18:00,2021,Thane Mumbra,19.1906,73.0229,0.0,28.6,78.0,10.4
2021-07-01T19:00,2021,Thane Mumbra,19.1906,73.0229,0.0,27.5,83.0,7.9
2021-07-01T20:00,2021,Thane Mumbra,19.1906,73.0229,0.0,27.4,84.0,7.7
2021-07-01T21:00,2021,Thane Mumbra,19.1906,73.0229,0.0,27.3,85.0,9.5
2021-07-01T22:00,2021,Thane Mumbra,19.1906,73.0229,0.3,26.9,87.0,10.3
2021-07-01T23:00,2021,Thane Mumbra,19.1906,73.0229,0.1,26.7,89.0,7.6
2021-07-02T00:00,2021,Thane Mumbra,19.1906,73.0229,0.1,26.4,90.0,8.6
2021-07-02T01:00,2021,Thane Mumbra,19.1906,73.0229,0.4,26.4,90.0,11.3
2021-07-02T02:00,2021,Thane Mumbra,19.1906,73.0229,0.6,26.2,92.0,10.5
2021-07-02T03:00,2021,Thane Mumbra,19.1906,73.0229,0.0,26.5,90.0,10.0
2021-07-02T04:00,2021,Thane Mumbra,19.1906,73.0229,0.0,26.5,89.0,10.3
2021-07-02T05:00,2021,Thane Mumbra,19.1906,73.0229,0.1,26.2,91.0,11.7
2021-07-02T06:00,2021,Thane Mumbra,19.1906,73.0229,0.2,26.0,92.0,14.8
2021-07-02T07:00,2021,Thane Mumbra,19.1906,73.0229,0.1,26.8,92.0,13.6
2021-07-02T08:00,2021,Thane Mumbra,19.1906,73.0229,0.1,27.6,86.0,15.8
2021-07-02T09:00,2021,Thane Mumbra,19.1906,73.0229,0.1,28.3,82.0,17.3
2021-07-02T10:00,2021,Thane Mumbra,19.1906,73.0229,0.2,28.8,81.0,18.6
2021-07-02T11:00,2021,Thane Mumbra,19.1906,73.0229,0.3,28.8,79.0,19.2
2021-07-02T12:00,2021,Thane Mumbra,19.1906,73.0229,0.1,29.4,78.0,17.2
2021-07-02T13:00,2021,Thane Mumbra,19.1906,73.0229,0.6,29.7,78.0,19.5
2021-07-02T14:00,2021,Thane Mumbra,19.1906,73.0229,0.1,30.3,69.0,19.5
2021-07-02T15:00,2021,Thane Mumbra,19.1906,73.0229,0.0,30.2,68.0,18.8
2021-07-02T16:00,2021,Thane Mumbra,19.1906,73.0229,0.0,29.8,70.0,18.4
2021-07-02T17:00,2021,Thane Mumbra,19.1906,73.0229,0.0,29.3,74.0,15.3
2021-07-02T18:00,2021,Thane Mumbra,19.1906,73.0229,0.0,28.6,79.0,11.6
2021-07-02T19:00,2021,Thane Mumbra,19.1906,73.0229,0.0,27.7,81.0,9.9
2021-07-02T20:00,2021,Thane Mumbra,19.1906,73.0229,0.0,27.3,83.0,9.0
2021-07-02T21:00,2021,Thane Mumbra,19.1906,73.0229,0.0,27.2,84.0,9.5
2021-07-02T22:00,2021,Thane Mumbra,19.1906,73.0229,0.1,27.0,86.0,10.3
2021-07-02T23:00,2021,Thane Mumbra,19.1906,73.0229,0.1,26.8,87.0,8.9
2021-07-03T00:00,2021,Thane Mumbra,19.1906,73.0229,0.1,26.5,89.0,7.3
2021-07-03T01:00,2021,Thane Mumbra,19.1906,73.0229,0.0,26.0,92.0,7.6
2021-07-03T02:00,2021,Thane Mumbra,19.1906,73.0229,0.1,26.1,91.0,11.7
2021-07-03T03:00,2021,Thane Mumbra,19.1906,73.0229,0.1,25.8,92.0,11.5
2021-07-03T04:00,2021,Thane Mumbra,19.1906,73.0229,0.2,25.8,92.0,9.8
2021-07-03T05:00,2021,Thane Mumbra,19.1906,73.0229,0.2,25.5,94.0,9.2
2021-07-03T06:00,2021,Thane Mumbra,19.1906,73.0229,0.1,25.7,95.0,9.5
2021-07-03T07:00,2021,Thane Mumbra,19.1906,73.0229,0.1,26.4,93.0,10.1
2021-07-03T08:00,2021,Thane Mumbra,19.1906,73.0229,0.1,27.3,90.0,9.9
2021-07-03T09:00,2021,Thane Mumbra,19.1906,73.0229,0.1,28.3,83.0,12.6
2021-07-03T10:00,2021,Thane Mumbra,19.1906,73.0229,0.3,28.9,81.0,13.1
2021-07-03T11:00,2021,Thane Mumbra,19.1906,73.0229,0.5,29.6,76.0,14.8
2021-07-03T12:00,2021,Thane Mumbra,19.1906,73.0229,0.5,30.1,79.0,15.2
2021-07-03T13:00,2021,Thane Mumbra,19.1906,73.0229,0.0,30.3,79.0,13.6
2021-07-03T14:00,2021,Thane Mumbra,19.1906,73.0229,0.0,30.2,78.0,14.1
2021-07-03T15:00,2021,Thane Mumbra,19.1906,73.0229,0.1,29.8,79.0,14.3
2021-07-03T16:00,2021,Thane Mumbra,19.1906,73.0229,0.3,29.0,82.0,15.3
2021-07-03T17:00,2021,Thane Mumbra,19.1906,73.0229,0.1,29.3,77.0,14.3
2021-07-03T18:00,2021,Thane Mumbra,19.1906,73.0229,0.0,28.5,80.0,11.8
2021-07-03T19:00,2021,Thane Mumbra,19.1906,73.0229,0.1,27.6,84.0,9.2
2021-07-03T20:00,2021,Thane Mumbra,19.1906,73.0229,0.1,27.2,87.0,8.9
2021-07-03T21:00,2021,Thane Mumbra,19.1906,73.0229,0.1,26.9,89.0,9.9
2021-07-03T22:00,2021,Thane Mumbra,19.1906,73.0229,0.0,26.7,90.0,8.2
2021-07-03T23:00,2021,Thane Mumbra,19.1906,73.0229,0.1,26.5,91.0,8.8
2021-07-04T00:00,2021,Thane Mumbra,19.1906,73.0229,0.1,26.4,92.0,8.8
2021-07-04T01:00,2021,Thane Mumbra,19.1906,73.0229,0.1,26.3,92.0,9.1
2021-07-04T02:00,2021,Thane Mumbra,19.1906,73.0229,0.1,26.1,93.0,8.2
2021-07-04T03:00,2021,Thane Mumbra,19.1906,73.0229,0.1,26.1,94.0,5.2
2021-07-04T04:00,2021,Thane Mumbra,19.1906,73.0229,0.7,25.9,95.0,5.6
2021-07-04T05:00,2021,Thane Mumbra,19.1906,73.0229,0.2,25.8,95.0,4.7
2021-07-04T06:00,2021,Thane Mumbra,19.1906,73.0229,0.0,26.2,94.0,5.4
2021-07-04T07:00,2021,Thane Mumbra,19.1906,73.0229,0.1,26.9,92.0,6.0
2021-07-04T08:00,2021,Thane Mumbra,19.1906,73.0229,0.1,27.5,88.0,6.5
2021-07-04T09:00,2021,Thane Mumbra,19.1906,73.0229,0.0,27.9,88.0,5.9
2021-07-04T10:00,2021,Thane Mumbra,19.1906,73.0229,0.0,29.2,80.0,5.6
2021-07-04T11:00,2021,Thane Mumbra,19.1906,73.0229,0.2,29.5,77.0,8.2
2021-07-04T12:00,2021,Thane Mumbra,19.1906,73.0229,0.2,30.2,74.0,10.7
2021-07-04T13:00,2021,Thane Mumbra,19.1906,73.0229,0.3,30.1,79.0,10.5
2021-07-04T14:00,2021,Thane Mumbra,19.1906,73.0229,0.1,29.9,79.0,12.5
2021-07-04T15:00,2021,Thane Mumbra,19.1906,73.0229,0.0,30.0,78.0,11.6
2021-07-04T16:00,2021,Thane Mumbra,19.1906,73.0229,0.0,29.4,79.0,10.8
2021-07-04T17:00,2021,Thane Mumbra,19.1906,73.0229,0.1,29.4,77.0,10.4
2021-07-04T18:00,2021,Thane Mumbra,19.1906,73.0229,0.0,28.7,81.0,8.8
2021-07-04T19:00,2021,Thane Mumbra,19.1906,73.0229,0.0,27.6,87.0,6.7
2021-07-04T20:00,2021,Thane Mumbra,19.1906,73.0229,0.0,27.0,90.0,5.4
2021-07-04T21:00,2021,Thane Mumbra,19.1906,73.0229,0.0,26.8,92.0,5.2
2021-07-04T22:00,2021,Thane Mumbra,19.1906,73.0229,0.0,26.5,94.0,4.7
2021-07-04T23:00,2021,Thane Mumbra,19.1906,73.0229,0.0,26.1,95.0,4.3
2021-07-05T00:00,2021,Thane Mumbra,19.1906,73.0229,0.1,25.9,96.0,3.7
2021-07-05T01:00,2021,Thane Mumbra,19.1906,73.0229,0.1,25.8,97.0,3.3
2021-07-05T02:00,2021,Thane Mumbra,19.1906,73.0229,0.2,26.0,95.0,4.1
2021-07-05T03:00,2021,Thane Mumbra,19.1906,73.0229,0.2,26.0,95.0,5.0
2021-07-05T04:00,2021,Thane Mumbra,19.1906,73.0229,0.3,25.9,95.0,2.9
2021-07-05T05:00,2021,Thane Mumbra,19.1906,73.0229,0.6,26.1,94.0,2.6
2021-07-05T06:00,2021,Thane Mumbra,19.1906,73.0229,0.3,26.2,92.0,4.3
2021-07-05T07:00,2021,Thane Mumbra,19.1906,73.0229,0.0,26.6,90.0,1.6
2021-07-05T08:00,2021,Thane Mumbra,19.1906,73.0229,0.0,27.3,88.0,0.8
2021-07-05T09:00,2021,Thane Mumbra,19.1906,73.0229,0.0,27.7,88.0,2.3
2021-07-05T10:00,2021,Thane Mumbra,19.1906,73.0229,0.1,28.8,86.0,4.0
2021-07-05T11:00,2021,Thane Mumbra,19.1906,73.0229,0.1,29.7,82.0,8.4
2021-07-05T12:00,2021,Thane Mumbra,19.1906,73.0229,0.1,29.7,82.0,10.5
2021-07-05T13:00,2021,Thane Mumbra,19.1906,73.0229,0.0,30.1,80.0,11.0
2021-07-05T14:00,2021,Thane Mumbra,19.1906,73.0229,0.3,29.2,82.0,10.9
2021-07-05T15:00,2021,Thane Mumbra,19.1906,73.0229,0.0,29.7,81.0,10.2
2021-07-05T16:00,2021,Thane Mumbra,19.1906,73.0229,0.0,29.5,80.0,10.9
2021-07-05T17:00,2021,Thane Mumbra,19.1906,73.0229,0.1,29.7,74.0,10.8
2021-07-05T18:00,2021,Thane Mumbra,19.1906,73.0229,0.0,28.7,81.0,8.1
2021-07-05T19:00,2021,Thane Mumbra,19.1906,73.0229,0.0,27.6,87.0,5.8
2021-07-05T20:00,2021,Thane Mumbra,19.1906,73.0229,0.0,27.0,91.0,5.1
2021-07-05T21:00,2021,Thane Mumbra,19.1906,73.0229,0.0,26.5,94.0,4.2
2021-07-05T22:00,2021,Thane Mumbra,19.1906,73.0229,0.0,26.2,95.0,4.8
2021-07-05T23:00,2021,Thane Mumbra,19.1906,73.0229,0.1,26.1,95.0,5.2
2021-07-06T00:00,2021,Thane Mumbra,19.1906,73.0229,0.1,26.1,94.0,3.7
2021-07-06T01:00,2021,Thane Mumbra,19.1906,73.0229,0.0,26.0,95.0,3.3
2021-07-06T02:00,2021,Thane Mumbra,19.1906,73.0229,0.0,25.8,96.0,3.9
2021-07-06T03:00,2021,Thane Mumbra,19.1906,73.0229,0.0,26.0,95.0,3.9
2021-07-06T04:00,2021,Thane Mumbra,19.1906,73.0229,0.0,26.3,93.0,0.5
2021-07-06T05:00,2021,Thane Mumbra,19.1906,73.0229,0.0,25.7,93.0,4.8
2021-07-06T06:00,2021,Thane Mumbra,19.1906,73.0229,0.1,25.9,93.0,3.6
2021-07-06T07:00,2021,Thane Mumbra,19.1906,73.0229,0.1,26.5,89.0,4.7
2021-07-06T08:00,2021,Thane Mumbra,19.1906,73.0229,0.0,27.2,90.0,4.3
2021-07-06T09:00,2021,Thane Mumbra,19.1906,73.0229,0.1,27.9,89.0,1.5
2021-07-06T10:00,2021,Thane Mumbra,19.1906,73.0229,0.1,28.8,86.0,0.4
2021-07-06T11:00,2021,Thane Mumbra,19.1906,73.0229,0.0,29.9,81.0,0.8
2021-07-06T12:00,2021,Thane Mumbra,19.1906,73.0229,0.0,30.7,78.0,2.4
2021-07-06T13:00,2021,Thane Mumbra,19.1906,73.0229,0.0,30.7,79.0,6.7
2021-07-06T14:00,2021,Thane Mumbra,19.1906,73.0229,0.0,30.8,77.0,10.8
2021-07-06T15:00,2021,Thane Mumbra,19.1906,73.0229,0.2,30.0,76.0,11.1
2021-07-06T16:00,2021,Thane Mumbra,19.1906,73.0229,0.0,29.7,73.0,11.7
2021-07-06T17:00,2021,Thane Mumbra,19.1906,73.0229,0.0,29.6,75.0,11.5
2021-07-06T18:00,2021,Thane Mumbra,19.1906,73.0229,0.0,28.8,79.0,8.0
2021-07-06T19:00,2021,Thane Mumbra,19.1906,73.0229,0.0,27.8,85.0,5.1
2021-07-06T20:00,2021,Thane Mumbra,19.1906,73.0229,0.0,27.3,90.0,4.0
2021-07-06T21:00,2021,Thane Mumbra,19.1906,73.0229,0.0,27.4,89.0,4.3
2021-07-06T22:00,2021,Thane Mumbra,19.1906,73.0229,0.0,27.2,90.0,2.5
2021-07-06T23:00,2021,Thane Mumbra,19.1906,73.0229,0.0,26.4,94.0,2.3
2021-07-07T00:00,2021,Thane Mumbra,19.1906,73.0229,0.0,26.3,95.0,2.0
2021-07-07T01:00,2021,Thane Mumbra,19.1906,73.0229,0.0,26.0,96.0,2.0
2021-07-07T02:00,2021,Thane Mumbra,19.1906,73.0229,0.0,25.9,97.0,1.1
2021-07-07T03:00,2021,Thane Mumbra,19.1906,73.0229,0.1,25.9,97.0,1.3
2021-07-07T04:00,2021,Thane Mumbra,19.1906,73.0229,0.1,25.7,98.0,1.6
2021-07-07T05:00,2021,Thane Mumbra,19.1906,73.0229,0.1,25.9,97.0,2.4
2021-07-07T06:00,2021,Thane Mumbra,19.1906,73.0229,0.1,26.5,92.0,1.3
2021-07-07T07:00,2021,Thane Mumbra,19.1906,73.0229,0.1,27.4,86.0,1.1
2021-07-07T08:00,2021,Thane Mumbra,19.1906,73.0229,0.3,28.3,82.0,5.2
2021-07-07T09:00,2021,Thane Mumbra,19.1906,73.0229,0.2,29.0,82.0,6.0
2021-07-07T10:00,2021,Thane Mumbra,19.1906,73.0229,0.1,30.0,81.0,4.9
2021-07-07T11:00,2021,Thane Mumbra,19.1906,73.0229,0.2,30.7,79.0,6.2
2021-07-07T12:00,2021,Thane Mumbra,19.1906,73.0229,0.2,31.2,77.0,9.8
2021-07-07T13:00,2021,Thane Mumbra,19.1906,73.0229,0.2,30.8,76.0,12.3
2021-07-07T14:00,2021,Thane Mumbra,19.1906,73.0229,2.3,29.3,80.0,11.3
2021-07-07T15:00,2021,Thane Mumbra,19.1906,73.0229,0.1,29.8,76.0,10.0
2021-07-07T16:00,2021,Thane Mumbra,19.1906,73.0229,0.2,29.7,75.0,11.6
2021-07-07T17:00,2021,Thane Mumbra,19.1906,73.0229,0.0,30.2,72.0,12.3
2021-07-07T18:00,2021,Thane Mumbra,19.1906,73.0229,0.0,29.2,77.0,10.0
2021-07-07T19:00,2021,Thane Mumbra,19.1906,73.0229,0.0,28.3,81.0,7.2
2021-07-07T20:00,2021,Thane Mumbra,19.1906,73.0229,0.0,27.9,85.0,5.2
2021-07-07T21:00,2021,Thane Mumbra,19.1906,73.0229,0.0,27.6,88.0,3.9
2021-07-07T22:00,2021,Thane Mumbra,19.1906,73.0229,0.0,27.4,90.0,3.8
2021-07-07T23:00,2021,Thane Mumbra,19.1906,73.0229,0.0,27.3,89.0,4.3
2021-07-08T00:00,2021,Thane Mumbra,19.1906,73.0229,0.1,27.2,90.0,4.1
2021-07-08T01:00,2021,Thane Mumbra,19.1906,73.0229,0.1,26.9,92.0,3.9
2021-07-08T02:00,2021,Thane Mumbra,19.1906,73.0229,0.2,26.6,93.0,3.9
2021-07-08T03:00,2021,Thane Mumbra,19.1906,73.0229,0.2,26.5,92.0,4.4
2021-07-08T04:00,2021,Thane Mumbra,19.1906,73.0229,0.2,26.4,94.0,3.9
2021-07-08T05:00,2021,Thane Mumbra,19.1906,73.0229,0.3,26.2,93.0,6.2
2021-07-08T06:00,2021,Thane Mumbra,19.1906,73.0229,0.5,26.5,93.0,3.9
2021-07-08T07:00,2021,Thane Mumbra,19.1906,73.0229,0.5,26.8,92.0,4.6
2021-07-08T08:00,2021,Thane Mumbra,19.1906,73.0229,0.1,27.5,91.0,4.6
2021-07-08T09:00,2021,Thane Mumbra,19.1906,73.0229,0.1,28.8,81.0,7.1
2021-07-08T10:00,2021,Thane Mumbra,19.1906,73.0229,0.6,29.3,80.0,9.0
2021-07-08T11:00,2021,Thane Mumbra,19.1906,73.0229,0.2,30.0,76.0,9.1
2021-07-08T12:00,2021,Thane Mumbra,19.1906,73.0229,2.5,29.2,82.0,11.5
2021-07-08T13:00,2021,Thane Mumbra,19.1906,73.0229,0.2,30.1,81.0,12.6
2021-07-08T14:00,2021,Thane Mumbra,19.1906,73.0229,0.2,29.4,82.0,12.4
2021-07-08T15:00,2021,Thane Mumbra,19.1906,73.0229,0.2,29.1,83.0,10.6
2021-07-08T16:00,2021,Thane Mumbra,19.1906,73.0229,0.2,29.0,82.0,9.6
2021-07-08T17:00,2021,Thane Mumbra,19.1906,73.0229,0.2,27.2,90.0,7.9
2021-07-08T18:00,2021,Thane Mumbra,19.1906,73.0229,1.0,26.8,91.0,8.9
2021-07-08T19:00,2021,Thane Mumbra,19.1906,73.0229,0.3,26.5,96.0,5.6
2021-07-08T20:00,2021,Thane Mumbra,19.1906,73.0229,0.4,26.6,95.0,7.4
2021-07-08T21:00,2021,Thane Mumbra,19.1906,73.0229,1.0,26.4,91.0,8.4
2021-07-08T22:00,2021,Thane Mumbra,19.1906,73.0229,0.1,26.4,93.0,7.0
2021-07-08T23:00,2021,Thane Mumbra,19.1906,73.0229,0.0,26.2,95.0,3.9
2021-07-09T00:00,2021,Thane Mumbra,19.1906,73.0229,0.2,26.0,94.0,8.9
2021-07-09T01:00,2021,Thane Mumbra,19.1906,73.0229,0.1,26.2,92.0,7.1
2021-07-09T02:00,2021,Thane Mumbra,19.1906,73.0229,0.4,25.9,95.0,6.4
2021-07-09T03:00,2021,Thane Mumbra,19.1906,73.0229,0.1,25.9,95.0,5.7
2021-07-09T04:00,2021,Thane Mumbra,19.1906,73.0229,0.0,25.9,96.0,5.2
2021-07-09T05:00,2021,Thane Mumbra,19.1906,73.0229,0.1,25.8,94.0,5.8
2021-07-09T06:00,2021,Thane Mumbra,19.1906,73.0229,0.0,25.6,95.0,6.6
2021-07-09T07:00,2021,Thane Mumbra,19.1906,73.0229,0.0,25.9,94.0,6.9
2021-07-09T08:00,2021,Thane Mumbra,19.1906,73.0229,0.1,26.5,91.0,7.1
2021-07-09T09:00,2021,Thane Mumbra,19.1906,73.0229,0.2,27.2,88.0,8.4
2021-07-09T10:00,2021,Thane Mumbra,19.1906,73.0229,0.6,28.6,79.0,7.6
2021-07-09T11:00,2021,Thane Mumbra,19.1906,73.0229,0.3,28.8,82.0,5.3
2021-07-09T12:00,2021,Thane Mumbra,19.1906,73.0229,0.3,29.2,79.0,6.5
2021-07-09T13:00,2021,Thane Mumbra,19.1906,73.0229,0.0,29.3,79.0,9.5
2021-07-09T14:00,2021,Thane Mumbra,19.1906,73.0229,0.0,28.8,80.0,10.9
2021-07-09T15:00,2021,Thane Mumbra,19.1906,73.0229,0.2,28.3,82.0,9.2
2021-07-09T16:00,2021,Thane Mumbra,19.1906,73.0229,0.2,27.5,87.0,8.5
2021-07-09T17:00,2021,Thane Mumbra,19.1906,73.0229,0.6,28.8,79.0,8.6
2021-07-09T18:00,2021,Thane Mumbra,19.1906,73.0229,0.0,28.2,84.0,7.7
2021-07-09T19:00,2021,Thane Mumbra,19.1906,73.0229,0.2,27.7,85.0,7.9
2021-07-09T20:00,2021,Thane Mumbra,19.1906,73.0229,0.1,26.9,89.0,6.6
2021-07-09T21:00,2021,Thane Mumbra,19.1906,73.0229,0.1,26.7,90.0,7.7
2021-07-09T22:00,2021,Thane Mumbra,19.1906,73.0229,0.4,26.1,93.0,8.1
2021-07-09T23:00,2021,Thane Mumbra,19.1906,73.0229,0.0,26.0,94.0,5.6
2021-07-10T00:00,2021,Thane Mumbra,19.1906,73.0229,0.1,25.9,95.0,6.2
2021-07-10T01:00,2021,Thane Mumbra,19.1906,73.0229,0.4,25.8,95.0,6.4
2021-07-10T02:00,2021,Thane Mumbra,19.1906,73.0229,0.3,25.9,95.0,3.4
2021-07-10T03:00,2021,Thane Mumbra,19.1906,73.0229,0.7,25.8,93.0,3.3
2021-07-10T04:00,2021,Thane Mumbra,19.1906,73.0229,0.7,25.7,94.0,4.8
2021-07-10T05:00,2021,Thane Mumbra,19.1906,73.0229,0.4,25.8,94.0,3.9
2021-07-10T06:00,2021,Thane Mumbra,19.1906,73.0229,2.6,25.6,96.0,4.2
2021-07-10T07:00,2021,Thane Mumbra,19.1906,73.0229,2.4,25.6,92.0,5.1
2021-07-10T08:00,2021,Thane Mumbra,19.1906,73.0229,1.3,25.5,94.0,3.8
2021-07-10T09:00,2021,Thane Mumbra,19.1906,73.0229,0.9,25.0,96.0,8.2
2021-07-10T10:00,2021,Thane Mumbra,19.1906,73.0229,1.0,25.9,94.0,10.3
2021-07-10T11:00,2021,Thane Mumbra,19.1906,73.0229,7.0,26.7,92.0,11.0
2021-07-10T12:00,2021,Thane Mumbra,19.1906,73.0229,18.5,27.3,91.0,13.3
2021-07-10T13:00,2021,Thane Mumbra,19.1906,73.0229,16.8,26.3,93.0,10.4
2021-07-10T14:00,2021,Thane Mumbra,19.1906,73.0229,4.8,26.7,91.0,11.9
2021-07-10T15:00,2021,Thane Mumbra,19.1906,73.0229,1.0,27.0,91.0,10.4
2021-07-10T16:00,2021,Thane Mumbra,19.1906,73.0229,1.4,26.6,92.0,12.6
2021-07-10T17:00,2021,Thane Mumbra,19.1906,73.0229,0.4,26.3,96.0,8.4
2021-07-10T18:00,2021,Thane Mumbra,19.1906,73.0229,1.0,26.1,96.0,6.6
2021-07-10T19:00,2021,Thane Mumbra,19.1906,73.0229,1.0,26.0,93.0,4.4
2021-07-10T20:00,2021,Thane Mumbra,19.1906,73.0229,0.2,25.9,95.0,3.9
2021-07-10T21:00,2021,Thane Mumbra,19.1906,73.0229,0.1,25.8,95.0,3.6
2021-07-10T22:00,2021,Thane Mumbra,19.1906,73.0229,0.1,25.6,95.0,6.5
2021-07-10T23:00,2021,Thane Mumbra,19.1906,73.0229,0.0,25.6,96.0,5.8
2021-07-11T00:00,2021,Thane Mumbra,19.1906,73.0229,0.1,25.5,96.0,7.1
2021-07-11T01:00,2021,Thane Mumbra,19.1906,73.0229,0.2,25.5,96.0,7.6
2021-07-11T02:00,2021,Thane Mumbra,19.1906,73.0229,0.2,25.4,96.0,4.7
2021-07-11T03:00,2021,Thane Mumbra,19.1906,73.0229,0.1,25.2,97.0,3.5
2021-07-11T04:00,2021,Thane Mumbra,19.1906,73.0229,0.1,25.2,97.0,4.3
2021-07-11T05:00,2021,Thane Mumbra,19.1906,73.0229,0.2,25.0,97.0,7.8
2021-07-11T06:00,2021,Thane Mumbra,19.1906,73.0229,0.1,25.1,96.0,6.3
2021-07-11T07:00,2021,Thane Mumbra,19.1906,73.0229,0.1,25.5,94.0,8.1
2021-07-11T08:00,2021,Thane Mumbra,19.1906,73.0229,0.1,26.5,90.0,8.3
2021-07-11T09:00,2021,Thane Mumbra,19.1906,73.0229,0.2,27.1,86.0,8.0
2021-07-11T10:00,2021,Thane Mumbra,19.1906,73.0229,0.3,27.5,84.0,7.6
2021-07-11T11:00,2021,Thane Mumbra,19.1906,73.0229,0.2,28.7,81.0,8.0
2021-07-11T12:00,2021,Thane Mumbra,19.1906,73.0229,0.1,28.6,83.0,10.2
2021-07-11T13:00,2021,Thane Mumbra,19.1906,73.0229,0.1,29.4,81.0,9.4
2021-07-11T14:00,2021,Thane Mumbra,19.1906,73.0229,0.1,30.3,77.0,13.0
2021-07-11T15:00,2021,Thane Mumbra,19.1906,73.0229,0.2,29.6,78.0,13.2
2021-07-11T16:00,2021,Thane Mumbra,19.1906,73.0229,1.0,28.6,82.0,12.3
2021-07-11T17:00,2021,Thane Mumbra,19.1906,73.0229,1.1,27.9,88.0,7.7
2021-07-11T18:00,2021,Thane Mumbra,19.1906,73.0229,0.9,27.5,89.0,6.6
2021-07-11T19:00,2021,Thane Mumbra,19.1906,73.0229,0.1,26.6,93.0,3.4
2021-07-11T20:00,2021,Thane Mumbra,19.1906,73.0229,0.0,26.4,95.0,2.5
2021-07-11T21:00,2021,Thane Mumbra,19.1906,73.0229,0.0,26.4,95.0,4.0
2021-07-11T22:00,2021,Thane Mumbra,19.1906,73.0229,0.0,26.2,96.0,4.6
2021-07-11T23:00,2021,Thane Mumbra,19.1906,73.0229,0.5,26.1,94.0,6.8
2021-07-12T00:00,2021,Thane Mumbra,19.1906,73.0229,0.7,25.9,97.0,5.2
2021-07-12T01:00,2021,Thane Mumbra,19.1906,73.0229,0.5,25.6,97.0,7.4
2021-07-12T02:00,2021,Thane Mumbra,19.1906,73.0229,0.2,25.4,96.0,6.1
2021-07-12T03:00,2021,Thane Mumbra,19.1906,73.0229,0.0,25.6,94.0,5.6
2021-07-12T04:00,2021,Thane Mumbra,19.1906,73.0229,0.0,25.6,94.0,8.4
2021-07-12T05:00,2021,Thane Mumbra,19.1906,73.0229,0.0,25.3,96.0,14.4
2021-07-12T06:00,2021,Thane Mumbra,19.1906,73.0229,1.3,25.5,96.0,13.8
2021-07-12T07:00,2021,Thane Mumbra,19.1906,73.0229,2.7,25.8,96.0,13.4
2021-07-12T08:00,2021,Thane Mumbra,19.1906,73.0229,2.1,26.5,93.0,14.8
2021-07-12T09:00,2021,Thane Mumbra,19.1906,73.0229,0.6,27.0,92.0,13.2
2021-07-12T10:00,2021,Thane Mumbra,19.1906,73.0229,0.5,27.7,91.0,15.8
2021-07-12T11:00,2021,Thane Mumbra,19.1906,73.0229,0.3,28.5,87.0,17.9
2021-07-12T12:00,2021,Thane Mumbra,19.1906,73.0229,0.4,29.0,86.0,16.6
2021-07-12T13:00,2021,Thane Mumbra,19.1906,73.0229,3.0,28.0,90.0,19.1
2021-07-12T14:00,2021,Thane Mumbra,19.1906,73.0229,4.4,28.2,87.0,19.8
2021-07-12T15:00,2021,Thane Mumbra,19.1906,73.0229,8.4,26.9,92.0,18.5
2021-07-12T16:00,2021,Thane Mumbra,19.1906,73.0229,12.0,27.1,89.0,15.8
2021-07-12T17:00,2021,Thane Mumbra,19.1906,73.0229,2.6,27.4,88.0,25.0
2021-07-12T18:00,2021,Thane Mumbra,19.1906,73.0229,0.3,27.0,88.0,22.8
2021-07-12T19:00,2021,Thane Mumbra,19.1906,73.0229,0.7,26.6,88.0,22.9
2021-07-12T20:00,2021,Thane Mumbra,19.1906,73.0229,0.5,26.3,92.0,20.6
2021-07-12T21:00,2021,Thane Mumbra,19.1906,73.0229,0.8,26.1,93.0,23.7
2021-07-12T22:00,2021,Thane Mumbra,19.1906,73.0229,0.5,26.2,92.0,19.6
2021-07-12T23:00,2021,Thane Mumbra,19.1906,73.0229,0.3,26.0,92.0,18.1
2021-07-13T00:00,2021,Thane Mumbra,19.1906,73.0229,0.4,26.0,92.0,17.9
2021-07-13T01:00,2021,Thane Mumbra,19.1906,73.0229,1.4,25.9,95.0,17.8
2021-07-13T02:00,2021,Thane Mumbra,19.1906,73.0229,1.1,25.7,93.0,18.6
2021-07-13T03:00,2021,Thane Mumbra,19.1906,73.0229,1.1,25.8,95.0,14.0
2021-07-13T04:00,2021,Thane Mumbra,19.1906,73.0229,1.9,25.6,93.0,14.3
2021-07-13T05:00,2021,Thane Mumbra,19.1906,73.0229,0.8,25.9,93.0,11.3
2021-07-13T06:00,2021,Thane Mumbra,19.1906,73.0229,0.3,26.2,95.0,10.2
2021-07-13T07:00,2021,Thane Mumbra,19.1906,73.0229,0.4,26.6,94.0,12.4
2021-07-13T08:00,2021,Thane Mumbra,19.1906,73.0229,2.1,26.4,94.0,12.0
2021-07-13T09:00,2021,Thane Mumbra,19.1906,73.0229,0.9,27.6,88.0,13.3
2021-07-13T10:00,2021,Thane Mumbra,19.1906,73.0229,3.6,27.8,89.0,13.4
2021-07-13T11:00,2021,Thane Mumbra,19.1906,73.0229,2.8,27.3,93.0,13.9
2021-07-13T12:00,2021,Thane Mumbra,19.1906,73.0229,1.3,27.3,91.0,17.1
2021-07-13T13:00,2021,Thane Mumbra,19.1906,73.0229,1.9,27.8,87.0,18.7
2021-07-13T14:00,2021,Thane Mumbra,19.1906,73.0229,2.3,26.7,89.0,17.8
2021-07-13T15:00,2021,Thane Mumbra,19.1906,73.0229,1.2,26.6,92.0,14.0
2021-07-13T16:00,2021,Thane Mumbra,19.1906,73.0229,1.2,26.9,90.0,15.4
2021-07-13T17:00,2021,Thane Mumbra,19.1906,73.0229,1.5,26.6,94.0,12.0
2021-07-13T18:00,2021,Thane Mumbra,19.1906,73.0229,1.2,26.1,94.0,10.4
2021-07-13T19:00,2021,Thane Mumbra,19.1906,73.0229,0.8,25.8,93.0,12.5
2021-07-13T20:00,2021,Thane Mumbra,19.1906,73.0229,1.2,25.5,95.0,9.0
2021-07-13T21:00,2021,Thane Mumbra,19.1906,73.0229,0.3,25.6,95.0,11.0
2021-07-13T22:00,2021,Thane Mumbra,19.1906,73.0229,1.1,25.3,96.0,12.1
2021-07-13T23:00,2021,Thane Mumbra,19.1906,73.0229,0.4,25.5,95.0,11.7
2021-07-14T00:00,2021,Thane Mumbra,19.1906,73.0229,0.5,25.4,95.0,10.6
2021-07-14T01:00,2021,Thane Mumbra,19.1906,73.0229,0.6,25.4,95.0,12.3
2021-07-14T02:00,2021,Thane Mumbra,19.1906,73.0229,0.4,25.5,94.0,13.2
2021-07-14T03:00,2021,Thane Mumbra,19.1906,73.0229,0.5,25.4,93.0,12.2
2021-07-14T04:00,2021,Thane Mumbra,19.1906,73.0229,0.9,25.1,95.0,11.0
2021-07-14T05:00,2021,Thane Mumbra,19.1906,73.0229,0.3,25.2,96.0,13.0
2021-07-14T06:00,2021,Thane Mumbra,19.1906,73.0229,2.0,25.4,94.0,11.3
2021-07-14T07:00,2021,Thane Mumbra,19.1906,73.0229,1.1,25.6,94.0,10.9
2021-07-14T08:00,2021,Thane Mumbra,19.1906,73.0229,0.4,26.4,93.0,11.5
2021-07-14T09:00,2021,Thane Mumbra,19.1906,73.0229,0.9,27.0,91.0,14.1
2021-07-14T10:00,2021,Thane Mumbra,19.1906,73.0229,2.9,26.6,92.0,15.1
2021-07-14T11:00,2021,Thane Mumbra,19.1906,73.0229,1.0,27.4,91.0,16.4
2021-07-14T12:00,2021,Thane Mumbra,19.1906,73.0229,1.6,27.3,90.0,13.5
2021-07-14T13:00,2021,Thane Mumbra,19.1906,73.0229,1.2,27.3,88.0,15.8
2021-07-14T14:00,2021,Thane Mumbra,19.1906,73.0229,3.0,27.4,87.0,19.0
2021-07-14T15:00,2021,Thane Mumbra,19.1906,73.0229,2.3,27.2,88.0,16.6
2021-07-14T16:00,2021,Thane Mumbra,19.1906,73.0229,1.9,26.9,90.0,14.0
2021-07-14T17:00,2021,Thane Mumbra,19.1906,73.0229,0.9,26.0,97.0,10.7
2021-07-14T18:00,2021,Thane Mumbra,19.1906,73.0229,1.7,26.0,96.0,8.2
2021-07-14T19:00,2021,Thane Mumbra,19.1906,73.0229,1.4,25.9,95.0,7.9
2021-07-14T20:00,2021,Thane Mumbra,19.1906,73.0229,0.8,25.7,94.0,8.2
2021-07-14T21:00,2021,Thane Mumbra,19.1906,73.0229,0.8,25.7,92.0,8.6
2021-07-14T22:00,2021,Thane Mumbra,19.1906,73.0229,1.3,25.6,95.0,8.4
2021-07-14T23:00,2021,Thane Mumbra,19.1906,73.0229,0.6,25.7,93.0,9.8
2021-07-15T00:00,2021,Thane Mumbra,19.1906,73.0229,0.3,25.6,95.0,9.0
2021-07-15T01:00,2021,Thane Mumbra,19.1906,73.0229,0.2,25.7,94.0,8.5
2021-07-15T02:00,2021,Thane Mumbra,19.1906,73.0229,0.2,25.5,95.0,9.4
2021-07-15T03:00,2021,Thane Mumbra,19.1906,73.0229,0.1,25.5,95.0,8.7
2021-07-15T04:00,2021,Thane Mumbra,19.1906,73.0229,0.1,25.4,95.0,9.1
2021-07-15T05:00,2021,Thane Mumbra,19.1906,73.0229,0.1,25.4,96.0,10.1
2021-07-15T06:00,2021,Thane Mumbra,19.1906,73.0229,0.3,25.4,95.0,9.4
2021-07-15T07:00,2021,Thane Mumbra,19.1906,73.0229,0.2,25.9,93.0,10.5
2021-07-15T08:00,2021,Thane Mumbra,19.1906,73.0229,0.1,26.7,89.0,10.8
2021-07-15T09:00,2021,Thane Mumbra,19.1906,73.0229,0.9,27.0,89.0,11.5
2021-07-15T10:00,2021,Thane Mumbra,19.1906,73.0229,0.3,28.2,84.0,10.8
2021-07-15T11:00,2021,Thane Mumbra,19.1906,73.0229,6.6,28.0,86.0,14.1
2021-07-15T12:00,2021,Thane Mumbra,19.1906,73.0229,0.6,29.2,84.0,12.2
2021-07-15T13:00,2021,Thane Mumbra,19.1906,73.0229,4.2,28.3,87.0,11.7
2021-07-15T14:00,2021,Thane Mumbra,19.1906,73.0229,2.9,27.2,86.0,14.9
2021-07-15T15:00,2021,Thane Mumbra,19.1906,73.0229,1.6,27.4,88.0,14.6
2021-07-15T16:00,2021,Thane Mumbra,19.1906,73.0229,3.0,26.4,96.0,15.8
2021-07-15T17:00,2021,Thane Mumbra,19.1906,73.0229,1.2,27.8,84.0,13.1
2021-07-15T18:00,2021,Thane Mumbra,19.1906,73.0229,0.1,27.5,84.0,11.3
2021-07-15T19:00,2021,Thane Mumbra,19.1906,73.0229,0.0,26.8,87.0,7.7
2021-07-15T20:00,2021,Thane Mumbra,19.1906,73.0229,0.0,26.4,89.0,6.4
2021-07-15T21:00,2021,Thane Mumbra,19.1906,73.0229,0.0,26.3,90.0,6.8
2021-07-15T22:00,2021,Thane Mumbra,19.1906,73.0229,0.1,26.1,90.0,7.0
2021-07-15T23:00,2021,Thane Mumbra,19.1906,73.0229,0.3,25.9,91.0,7.2
2021-07-16T00:00,2021,Thane Mumbra,19.1906,73.0229,0.9,25.7,93.0,10.0
2021-07-16T01:00,2021,Thane Mumbra,19.1906,73.0229,0.5,25.5,94.0,10.0
2021-07-16T02:00,2021,Thane Mumbra,19.1906,73.0229,0.8,25.3,96.0,10.5
2021-07-16T03:00,2021,Thane Mumbra,19.1906,73.0229,1.5,25.1,95.0,11.0
2021-07-16T04:00,2021,Thane Mumbra,19.1906,73.0229,0.3,25.1,96.0,9.0
2021-07-16T05:00,2021,Thane Mumbra,19.1906,73.0229,0.1,25.3,95.0,8.2
2021-07-16T06:00,2021,Thane Mumbra,19.1906,73.0229,2.3,25.3,96.0,8.9
2021-07-16T07:00,2021,Thane Mumbra,19.1906,73.0229,0.6,25.6,96.0,10.9
2021-07-16T08:00,2021,Thane Mumbra,19.1906,73.0229,0.3,26.2,92.0,13.0
2021-07-16T09:00,2021,Thane Mumbra,19.1906,73.0229,0.2,27.1,89.0,15.9
2021-07-16T10:00,2021,Thane Mumbra,19.1906,73.0229,0.3,28.0,87.0,15.7
2021-07-16T11:00,2021,Thane Mumbra,19.1906,73.0229,4.9,27.7,88.0,23.3
2021-07-16T12:00,2021,Thane Mumbra,19.1906,73.0229,1.3,27.7,88.0,21.6
2021-07-16T13:00,2021,Thane Mumbra,19.1906,73.0229,0.4,28.3,85.0,22.9
2021-07-16T14:00,2021,Thane Mumbra,19.1906,73.0229,0.2,28.6,81.0,22.3
2021-07-16T15:00,2021,Thane Mumbra,19.1906,73.0229,0.9,27.7,87.0,19.6
2021-07-16T16:00,2021,Thane Mumbra,19.1906,73.0229,1.7,26.9,94.0,16.3
2021-07-16T17:00,2021,Thane Mumbra,19.1906,73.0229,2.1,26.6,92.0,15.1
2021-07-16T18:00,2021,Thane Mumbra,19.1906,73.0229,1.3,26.4,93.0,13.9
2021-07-16T19:00,2021,Thane Mumbra,19.1906,73.0229,2.1,25.8,96.0,13.2
2021-07-16T20:00,2021,Thane Mumbra,19.1906,73.0229,0.6,25.8,93.0,14.7
2021-07-16T21:00,2021,Thane Mumbra,19.1906,73.0229,1.3,25.7,93.0,12.9
2021-07-16T22:00,2021,Thane Mumbra,19.1906,73.0229,0.4,25.7,93.0,15.6
2021-07-16T23:00,2021,Thane Mumbra,19.1906,73.0229,0.2,25.5,95.0,13.6
2021-07-17T00:00,2021,Thane Mumbra,19.1906,73.0229,0.1,25.5,95.0,11.5
2021-07-17T01:00,2021,Thane Mumbra,19.1906,73.0229,0.3,25.5,94.0,11.8
2021-07-17T02:00,2021,Thane Mumbra,19.1906,73.0229,0.5,25.6,94.0,11.6
2021-07-17T03:00,2021,Thane Mumbra,19.1906,73.0229,0.8,25.6,93.0,11.8
2021-07-17T04:00,2021,Thane Mumbra,19.1906,73.0229,0.5,25.3,94.0,10.3
2021-07-17T05:00,2021,Thane Mumbra,19.1906,73.0229,0.1,25.7,94.0,7.6
2021-07-17T06:00,2021,Thane Mumbra,19.1906,73.0229,0.3,26.0,94.0,9.8
2021-07-17T07:00,2021,Thane Mumbra,19.1906,73.0229,0.4,26.3,93.0,9.7
2021-07-17T08:00,2021,Thane Mumbra,19.1906,73.0229,0.9,26.5,94.0,11.3
2021-07-17T09:00,2021,Thane Mumbra,19.1906,73.0229,0.3,27.9,90.0,8.8
2021-07-17T10:00,2021,Thane Mumbra,19.1906,73.0229,0.3,28.3,88.0,7.7
2021-07-17T11:00,2021,Thane Mumbra,19.1906,73.0229,0.4,28.6,85.0,10.3
2021-07-17T12:00,2021,Thane Mumbra,19.1906,73.0229,1.6,27.9,84.0,11.7
2021-07-17T13:00,2021,Thane Mumbra,19.1906,73.0229,1.6,27.4,87.0,13.6
2021-07-17T14:00,2021,Thane Mumbra,19.1906,73.0229,2.0,26.9,91.0,15.4
2021-07-17T15:00,2021,Thane Mumbra,19.1906,73.0229,4.1,26.5,91.0,18.9
2021-07-17T16:00,2021,Thane Mumbra,19.1906,73.0229,3.6,26.4,92.0,16.3
2021-07-17T17:00,2021,Thane Mumbra,19.1906,73.0229,4.2,27.7,88.0,8.1
2021-07-17T18:00,2021,Thane Mumbra,19.1906,73.0229,0.1,27.4,90.0,6.4
2021-07-17T19:00,2021,Thane Mumbra,19.1906,73.0229,0.0,26.7,92.0,3.6
2021-07-17T20:00,2021,Thane Mumbra,19.1906,73.0229,0.0,26.4,93.0,5.2
2021-07-17T21:00,2021,Thane Mumbra,19.1906,73.0229,0.4,26.2,94.0,5.0
2021-07-17T22:00,2021,Thane Mumbra,19.1906,73.0229,0.2,26.2,95.0,5.5
2021-07-17T23:00,2021,Thane Mumbra,19.1906,73.0229,0.4,26.2,94.0,5.4
2021-07-18T00:00,2021,Thane Mumbra,19.1906,73.0229,0.5,26.1,94.0,4.8
2021-07-18T01:00,2021,Thane Mumbra,19.1906,73.0229,0.8,25.9,94.0,6.3
2021-07-18T02:00,2021,Thane Mumbra,19.1906,73.0229,0.8,25.6,95.0,6.8
2021-07-18T03:00,2021,Thane Mumbra,19.1906,73.0229,0.7,25.6,95.0,7.1
2021-07-18T04:00,2021,Thane Mumbra,19.1906,73.0229,1.0,25.7,94.0,6.2
2021-07-18T05:00,2021,Thane Mumbra,19.1906,73.0229,0.7,25.7,92.0,11.2
2021-07-18T06:00,2021,Thane Mumbra,19.1906,73.0229,0.5,25.9,94.0,10.4
2021-07-18T07:00,2021,Thane Mumbra,19.1906,73.0229,0.5,26.1,93.0,9.0
2021-07-18T08:00,2021,Thane Mumbra,19.1906,73.0229,0.2,26.9,91.0,7.2
2021-07-18T09:00,2021,Thane Mumbra,19.1906,73.0229,2.0,27.2,88.0,11.9
2021-07-18T10:00,2021,Thane Mumbra,19.1906,73.0229,0.3,28.3,86.0,12.2
2021-07-18T11:00,2021,Thane Mumbra,19.1906,73.0229,0.4,28.8,82.0,14.1
2021-07-18T12:00,2021,Thane Mumbra,19.1906,73.0229,2.7,27.8,87.0,12.2
2021-07-18T13:00,2021,Thane Mumbra,19.1906,73.0229,2.7,27.8,87.0,15.7
2021-07-18T14:00,2021,Thane Mumbra,19.1906,73.0229,0.9,28.8,82.0,17.9
2021-07-18T15:00,2021,Thane Mumbra,19.1906,73.0229,2.2,27.8,88.0,15.7
2021-07-18T16:00,2021,Thane Mumbra,19.1906,73.0229,0.4,27.9,90.0,10.7
2021-07-18T17:00,2021,Thane Mumbra,19.1906,73.0229,0.8,27.6,87.0,13.9
2021-07-18T18:00,2021,Thane Mumbra,19.1906,73.0229,0.7,27.0,91.0,11.3
2021-07-18T19:00,2021,Thane Mumbra,19.1906,73.0229,1.1,26.2,94.0,10.2
2021-07-18T20:00,2021,Thane Mumbra,19.1906,73.0229,0.6,25.9,95.0,10.5
2021-07-18T21:00,2021,Thane Mumbra,19.1906,73.0229,0.6,25.8,95.0,9.7
2021-07-18T22:00,2021,Thane Mumbra,19.1906,73.0229,0.3,25.9,96.0,10.3
2021-07-18T23:00,2021,Thane Mumbra,19.1906,73.0229,0.5,25.7,96.0,11.4
2021-07-19T00:00,2021,Thane Mumbra,19.1906,73.0229,0.6,25.6,94.0,14.4
2021-07-19T01:00,2021,Thane Mumbra,19.1906,73.0229,0.5,25.7,96.0,13.3
2021-07-19T02:00,2021,Thane Mumbra,19.1906,73.0229,0.2,25.8,95.0,9.6
2021-07-19T03:00,2021,Thane Mumbra,19.1906,73.0229,0.3,25.8,95.0,8.4
2021-07-19T04:00,2021,Thane Mumbra,19.1906,73.0229,1.2,25.5,94.0,13.0
2021-07-19T05:00,2021,Thane Mumbra,19.1906,73.0229,0.5,25.4,93.0,12.1
2021-07-19T06:00,2021,Thane Mumbra,19.1906,73.0229,1.4,25.6,95.0,11.4
2021-07-19T07:00,2021,Thane Mumbra,19.1906,73.0229,2.4,25.7,92.0,12.9
2021-07-19T08:00,2021,Thane Mumbra,19.1906,73.0229,2.5,25.6,94.0,14.7
2021-07-19T09:00,2021,Thane Mumbra,19.1906,73.0229,1.2,26.3,93.0,12.0
2021-07-19T10:00,2021,Thane Mumbra,19.1906,73.0229,0.8,27.4,89.0,13.5
2021-07-19T11:00,2021,Thane Mumbra,19.1906,73.0229,2.9,27.1,92.0,14.6
2021-07-19T12:00,2021,Thane Mumbra,19.1906,73.0229,0.5,27.7,91.0,13.0
2021-07-19T13:00,2021,Thane Mumbra,19.1906,73.0229,2.8,27.5,90.0,12.6
2021-07-19T14:00,2021,Thane Mumbra,19.1906,73.0229,4.6,26.9,92.0,18.4
2021-07-19T15:00,2021,Thane Mumbra,19.1906,73.0229,2.5,26.8,93.0,16.2
2021-07-19T16:00,2021,Thane Mumbra,19.1906,73.0229,2.4,26.4,95.0,13.8
2021-07-19T17:00,2021,Thane Mumbra,19.1906,73.0229,2.7,26.0,92.0,13.9
2021-07-19T18:00,2021,Thane Mumbra,19.1906,73.0229,1.1,25.9,94.0,10.3
2021-07-19T19:00,2021,Thane Mumbra,19.1906,73.0229,0.6,25.8,95.0,11.1
2021-07-19T20:00,2021,Thane Mumbra,19.1906,73.0229,1.0,25.4,95.0,10.2
2021-07-19T21:00,2021,Thane Mumbra,19.1906,73.0229,1.0,25.7,94.0,10.4
2021-07-19T22:00,2021,Thane Mumbra,19.1906,73.0229,1.2,25.7,95.0,11.7
2021-07-19T23:00,2021,Thane Mumbra,19.1906,73.0229,1.0,25.5,94.0,11.4
2021-07-20T00:00,2021,Thane Mumbra,19.1906,73.0229,0.5,25.7,94.0,13.0
2021-07-20T01:00,2021,Thane Mumbra,19.1906,73.0229,0.6,25.7,92.0,13.8
2021-07-20T02:00,2021,Thane Mumbra,19.1906,73.0229,0.6,25.7,95.0,8.7
2021-07-20T03:00,2021,Thane Mumbra,19.1906,73.0229,1.5,25.4,94.0,11.7
2021-07-20T04:00,2021,Thane Mumbra,19.1906,73.0229,0.4,25.6,95.0,11.5
2021-07-20T05:00,2021,Thane Mumbra,19.1906,73.0229,0.8,25.8,91.0,14.3
2021-07-20T06:00,2021,Thane Mumbra,19.1906,73.0229,0.3,25.8,93.0,15.7
2021-07-20T07:00,2021,Thane Mumbra,19.1906,73.0229,0.7,26.2,92.0,13.5
2021-07-20T08:00,2021,Thane Mumbra,19.1906,73.0229,0.5,27.1,90.0,15.6
2021-07-20T09:00,2021,Thane Mumbra,19.1906,73.0229,1.0,26.9,91.0,14.3
2021-07-20T10:00,2021,Thane Mumbra,19.1906,73.0229,1.0,27.5,89.0,14.8
2021-07-20T11:00,2021,Thane Mumbra,19.1906,73.0229,1.3,27.9,87.0,14.2
2021-07-20T12:00,2021,Thane Mumbra,19.1906,73.0229,1.9,27.3,89.0,15.9
2021-07-20T13:00,2021,Thane Mumbra,19.1906,73.0229,1.5,26.5,93.0,15.3
2021-07-20T14:00,2021,Thane Mumbra,19.1906,73.0229,1.7,26.6,94.0,16.3
2021-07-20T15:00,2021,Thane Mumbra,19.1906,73.0229,2.2,26.2,95.0,14.3
2021-07-20T16:00,2021,Thane Mumbra,19.1906,73.0229,1.6,26.0,96.0,14.5
2021-07-20T17:00,2021,Thane Mumbra,19.1906,73.0229,1.7,26.4,92.0,15.5
2021-07-20T18:00,2021,Thane Mumbra,19.1906,73.0229,1.2,25.8,93.0,10.2
2021-07-20T19:00,2021,Thane Mumbra,19.1906,73.0229,0.9,25.6,94.0,10.9
2021-07-20T20:00,2021,Thane Mumbra,19.1906,73.0229,0.7,25.9,94.0,13.1
2021-07-20T21:00,2021,Thane Mumbra,19.1906,73.0229,2.0,25.5,96.0,15.5
2021-07-20T22:00,2021,Thane Mumbra,19.1906,73.0229,2.1,25.2,95.0,13.0
2021-07-20T23:00,2021,Thane Mumbra,19.1906,73.0229,1.6,25.6,93.0,16.6
2021-07-21T00:00,2021,Thane Mumbra,19.1906,73.0229,2.0,25.3,94.0,13.5
2021-07-21T01:00,2021,Thane Mumbra,19.1906,73.0229,1.3,25.3,94.0,14.8
2021-07-21T02:00,2021,Thane Mumbra,19.1906,73.0229,1.4,25.3,93.0,20.3
2021-07-21T03:00,2021,Thane Mumbra,19.1906,73.0229,2.3,25.2,94.0,17.4
2021-07-21T04:00,2021,Thane Mumbra,19.1906,73.0229,2.8,25.1,93.0,17.0
2021-07-21T05:00,2021,Thane Mumbra,19.1906,73.0229,2.1,25.5,93.0,17.1
2021-07-21T06:00,2021,Thane Mumbra,19.1906,73.0229,1.5,25.8,94.0,15.1
2021-07-21T07:00,2021,Thane Mumbra,19.1906,73.0229,1.0,26.0,94.0,13.2
2021-07-21T08:00,2021,Thane Mumbra,19.1906,73.0229,2.4,26.0,91.0,16.5
2021-07-21T09:00,2021,Thane Mumbra,19.1906,73.0229,0.9,26.4,93.0,14.5
2021-07-21T10:00,2021,Thane Mumbra,19.1906,73.0229,2.5,26.1,92.0,19.6
2021-07-21T11:00,2021,Thane Mumbra,19.1906,73.0229,1.6,26.8,90.0,19.8
2021-07-21T12:00,2021,Thane Mumbra,19.1906,73.0229,3.2,27.6,88.0,22.0
2021-07-21T13:00,2021,Thane Mumbra,19.1906,73.0229,3.7,27.4,88.0,19.8
2021-07-21T14:00,2021,Thane Mumbra,19.1906,73.0229,1.3,26.5,92.0,21.5
2021-07-21T15:00,2021,Thane Mumbra,19.1906,73.0229,1.6,26.4,92.0,19.3
2021-07-21T16:00,2021,Thane Mumbra,19.1906,73.0229,1.0,26.2,92.0,22.4
2021-07-21T17:00,2021,Thane Mumbra,19.1906,73.0229,0.9,26.0,92.0,19.0
2021-07-21T18:00,2021,Thane Mumbra,19.1906,73.0229,1.7,26.0,94.0,21.3
2021-07-21T19:00,2021,Thane Mumbra,19.1906,73.0229,1.0,26.2,93.0,20.8
2021-07-21T20:00,2021,Thane Mumbra,19.1906,73.0229,0.7,26.4,92.0,24.6
2021-07-21T21:00,2021,Thane Mumbra,19.1906,73.0229,0.9,26.3,91.0,22.4
2021-07-21T22:00,2021,Thane Mumbra,19.1906,73.0229,1.1,26.3,92.0,22.1
2021-07-21T23:00,2021,Thane Mumbra,19.1906,73.0229,0.9,26.0,92.0,22.0
2021-07-22T00:00,2021,Thane Mumbra,19.1906,73.0229,0.2,26.6,87.0,22.9
2021-07-22T01:00,2021,Thane Mumbra,19.1906,73.0229,0.4,26.3,90.0,20.7
2021-07-22T02:00,2021,Thane Mumbra,19.1906,73.0229,0.7,26.0,88.0,19.4
2021-07-22T03:00,2021,Thane Mumbra,19.1906,73.0229,0.2,26.4,88.0,21.8
2021-07-22T04:00,2021,Thane Mumbra,19.1906,73.0229,0.2,26.4,88.0,21.8
2021-07-22T05:00,2021,Thane Mumbra,19.1906,73.0229,0.3,26.1,90.0,16.4
2021-07-22T06:00,2021,Thane Mumbra,19.1906,73.0229,0.5,26.0,91.0,14.8
2021-07-22T07:00,2021,Thane Mumbra,19.1906,73.0229,0.8,25.8,92.0,15.3
2021-07-22T08:00,2021,Thane Mumbra,19.1906,73.0229,0.5,25.8,93.0,14.6
2021-07-22T09:00,2021,Thane Mumbra,19.1906,73.0229,1.2,25.6,93.0,14.5
2021-07-22T10:00,2021,Thane Mumbra,19.1906,73.0229,1.9,25.4,94.0,13.1
2021-07-22T11:00,2021,Thane Mumbra,19.1906,73.0229,1.3,26.0,93.0,16.8
2021-07-22T12:00,2021,Thane Mumbra,19.1906,73.0229,0.9,26.5,90.0,16.3
2021-07-22T13:00,2021,Thane Mumbra,19.1906,73.0229,1.0,25.9,93.0,14.8
2021-07-22T14:00,2021,Thane Mumbra,19.1906,73.0229,0.7,26.1,94.0,16.8
2021-07-22T15:00,2021,Thane Mumbra,19.1906,73.0229,0.7,26.5,92.0,18.1
2021-07-22T16:00,2021,Thane Mumbra,19.1906,73.0229,0.6,26.6,91.0,18.3
2021-07-22T17:00,2021,Thane Mumbra,19.1906,73.0229,0.9,26.4,91.0,13.8
2021-07-22T18:00,2021,Thane Mumbra,19.1906,73.0229,1.3,26.1,92.0,15.7
2021-07-22T19:00,2021,Thane Mumbra,19.1906,73.0229,1.1,25.9,94.0,11.3
2021-07-22T20:00,2021,Thane Mumbra,19.1906,73.0229,0.8,25.8,93.0,11.0
2021-07-22T21:00,2021,Thane Mumbra,19.1906,73.0229,0.4,25.7,94.0,11.8
2021-07-22T22:00,2021,Thane Mumbra,19.1906,73.0229,0.3,25.6,94.0,12.8
2021-07-22T23:00,2021,Thane Mumbra,19.1906,73.0229,0.7,25.3,94.0,11.4
2021-07-23T00:00,2021,Thane Mumbra,19.1906,73.0229,1.3,25.4,93.0,10.3
2021-07-23T01:00,2021,Thane Mumbra,19.1906,73.0229,1.0,25.1,94.0,8.6
2021-07-23T02:00,2021,Thane Mumbra,19.1906,73.0229,0.6,25.6,93.0,10.4
2021-07-23T03:00,2021,Thane Mumbra,19.1906,73.0229,0.7,25.7,91.0,12.6
2021-07-23T04:00,2021,Thane Mumbra,19.1906,73.0229,1.0,24.9,94.0,9.4
2021-07-23T05:00,2021,Thane Mumbra,19.1906,73.0229,0.6,25.1,94.0,10.0
2021-07-23T06:00,2021,Thane Mumbra,19.1906,73.0229,1.4,25.3,93.0,11.6
2021-07-23T07:00,2021,Thane Mumbra,19.1906,73.0229,1.3,25.2,93.0,13.3
2021-07-23T08:00,2021,Thane Mumbra,19.1906,73.0229,1.2,25.3,94.0,9.3
2021-07-23T09:00,2021,Thane Mumbra,19.1906,73.0229,1.1,25.1,94.0,9.0
2021-07-23T10:00,2021,Thane Mumbra,19.1906,73.0229,4.0,24.9,96.0,7.5
2021-07-23T11:00,2021,Thane Mumbra,19.1906,73.0229,4.4,25.6,94.0,9.1
2021-07-23T12:00,2021,Thane Mumbra,19.1906,73.0229,2.3,26.1,94.0,12.6
2021-07-23T13:00,2021,Thane Mumbra,19.1906,73.0229,1.8,25.5,91.0,15.8
2021-07-23T14:00,2021,Thane Mumbra,19.1906,73.0229,0.9,25.6,94.0,11.8
2021-07-23T15:00,2021,Thane Mumbra,19.1906,73.0229,0.6,26.1,93.0,12.0
2021-07-23T16:00,2021,Thane Mumbra,19.1906,73.0229,0.8,25.7,90.0,16.3
2021-07-23T17:00,2021,Thane Mumbra,19.1906,73.0229,0.5,25.4,93.0,13.0
2021-07-23T18:00,2021,Thane Mumbra,19.1906,73.0229,0.7,25.4,94.0,15.1
2021-07-23T19:00,2021,Thane Mumbra,19.1906,73.0229,0.7,25.3,94.0,12.8
2021-07-23T20:00,2021,Thane Mumbra,19.1906,73.0229,1.6,25.2,94.0,12.6
2021-07-23T21:00,2021,Thane Mumbra,19.1906,73.0229,1.8,25.6,93.0,13.0
2021-07-23T22:00,2021,Thane Mumbra,19.1906,73.0229,0.2,25.8,90.0,17.1
2021-07-23T23:00,2021,Thane Mumbra,19.1906,73.0229,0.3,25.6,92.0,17.1
2021-07-24T00:00,2021,Thane Mumbra,19.1906,73.0229,0.6,25.2,94.0,14.0
2021-07-24T01:00,2021,Thane Mumbra,19.1906,73.0229,1.8,25.0,94.0,13.4
2021-07-24T02:00,2021,Thane Mumbra,19.1906,73.0229,1.2,25.1,94.0,11.9
2021-07-24T03:00,2021,Thane Mumbra,19.1906,73.0229,1.0,25.4,94.0,11.8
2021-07-24T04:00,2021,Thane Mumbra,19.1906,73.0229,1.4,24.8,94.0,14.4
2021-07-24T05:00,2021,Thane Mumbra,19.1906,73.0229,1.1,25.5,93.0,11.6
2021-07-24T06:00,2021,Thane Mumbra,19.1906,73.0229,0.9,25.2,94.0,12.7
2021-07-24T07:00,2021,Thane Mumbra,19.1906,73.0229,1.3,25.6,93.0,13.8
2021-07-24T08:00,2021,Thane Mumbra,19.1906,73.0229,0.8,25.9,93.0,12.4
2021-07-24T09:00,2021,Thane Mumbra,19.1906,73.0229,0.2,27.2,89.0,13.2
2021-07-24T10:00,2021,Thane Mumbra,19.1906,73.0229,0.5,26.8,87.0,16.5
2021-07-24T11:00,2021,Thane Mumbra,19.1906,73.0229,0.2,28.5,83.0,13.9
2021-07-24T12:00,2021,Thane Mumbra,19.1906,73.0229,0.2,28.4,81.0,17.9
2021-07-24T13:00,2021,Thane Mumbra,19.1906,73.0229,0.7,27.7,85.0,14.0
2021-07-24T14:00,2021,Thane Mumbra,19.1906,73.0229,0.6,27.3,84.0,16.1
2021-07-24T15:00,2021,Thane Mumbra,19.1906,73.0229,0.1,27.6,86.0,16.1
2021-07-24T16:00,2021,Thane Mumbra,19.1906,73.0229,0.7,27.1,85.0,15.0
2021-07-24T17:00,2021,Thane Mumbra,19.1906,73.0229,0.2,26.9,88.0,10.3
2021-07-24T18:00,2021,Thane Mumbra,19.1906,73.0229,0.1,26.6,90.0,10.7
2021-07-24T19:00,2021,Thane Mumbra,19.1906,73.0229,0.5,26.0,90.0,11.8
2021-07-24T20:00,2021,Thane Mumbra,19.1906,73.0229,0.3,25.8,94.0,11.4
2021-07-24T21:00,2021,Thane Mumbra,19.1906,73.0229,0.2,25.9,94.0,8.7
2021-07-24T22:00,2021,Thane Mumbra,19.1906,73.0229,0.4,25.8,93.0,9.2
2021-07-24T23:00,2021,Thane Mumbra,19.1906,73.0229,0.3,25.6,94.0,9.4
2021-07-25T00:00,2021,Thane Mumbra,19.1906,73.0229,0.5,25.3,95.0,11.7
2021-07-25T01:00,2021,Thane Mumbra,19.1906,73.0229,0.6,25.2,95.0,16.7
2021-07-25T02:00,2021,Thane Mumbra,19.1906,73.0229,0.5,25.2,95.0,13.7
2021-07-25T03:00,2021,Thane Mumbra,19.1906,73.0229,0.8,25.1,94.0,14.8
2021-07-25T04:00,2021,Thane Mumbra,19.1906,73.0229,0.5,24.9,93.0,17.6
2021-07-25T05:00,2021,Thane Mumbra,19.1906,73.0229,0.5,25.4,93.0,16.1
2021-07-25T06:00,2021,Thane Mumbra,19.1906,73.0229,0.6,25.3,93.0,14.8
2021-07-25T07:00,2021,Thane Mumbra,19.1906,73.0229,0.4,25.6,92.0,14.3
2021-07-25T08:00,2021,Thane Mumbra,19.1906,73.0229,0.5,25.9,91.0,14.8
2021-07-25T09:00,2021,Thane Mumbra,19.1906,73.0229,0.2,26.6,92.0,11.5
2021-07-25T10:00,2021,Thane Mumbra,19.1906,73.0229,0.6,26.5,88.0,14.7
2021-07-25T11:00,2021,Thane Mumbra,19.1906,73.0229,0.6,27.0,84.0,20.3
2021-07-25T12:00,2021,Thane Mumbra,19.1906,73.0229,0.5,27.9,84.0,15.6
2021-07-25T13:00,2021,Thane Mumbra,19.1906,73.0229,0.8,27.9,85.0,17.9
2021-07-25T14:00,2021,Thane Mumbra,19.1906,73.0229,0.9,26.7,87.0,19.7
2021-07-25T15:00,2021,Thane Mumbra,19.1906,73.0229,0.6,26.5,88.0,19.2
2021-07-25T16:00,2021,Thane Mumbra,19.1906,73.0229,0.9,26.2,91.0,17.8
2021-07-25T17:00,2021,Thane Mumbra,19.1906,73.0229,0.3,26.3,92.0,14.0
2021-07-25T18:00,2021,Thane Mumbra,19.1906,73.0229,0.2,26.2,92.0,13.6
2021-07-25T19:00,2021,Thane Mumbra,19.1906,73.0229,0.2,25.9,95.0,11.4
2021-07-25T20:00,2021,Thane Mumbra,19.1906,73.0229,0.7,25.3,94.0,13.4
2021-07-25T21:00,2021,Thane Mumbra,19.1906,73.0229,0.9,25.3,94.0,13.4
2021-07-25T22:00,2021,Thane Mumbra,19.1906,73.0229,0.9,25.0,95.0,15.7
2021-07-25T23:00,2021,Thane Mumbra,19.1906,73.0229,0.6,25.2,94.0,16.8
2021-07-26T00:00,2021,Thane Mumbra,19.1906,73.0229,0.8,25.1,94.0,15.3
2021-07-26T01:00,2021,Thane Mumbra,19.1906,73.0229,0.7,25.0,96.0,14.8
2021-07-26T02:00,2021,Thane Mumbra,19.1906,73.0229,0.6,24.9,94.0,16.7
2021-07-26T03:00,2021,Thane Mumbra,19.1906,73.0229,0.8,24.8,95.0,16.3
2021-07-26T04:00,2021,Thane Mumbra,19.1906,73.0229,0.7,24.9,96.0,16.4
2021-07-26T05:00,2021,Thane Mumbra,19.1906,73.0229,0.9,25.3,94.0,16.6
2021-07-26T06:00,2021,Thane Mumbra,19.1906,73.0229,0.9,24.9,94.0,17.2
2021-07-26T07:00,2021,Thane Mumbra,19.1906,73.0229,0.7,25.5,92.0,16.0
2021-07-26T08:00,2021,Thane Mumbra,19.1906,73.0229,0.6,25.7,94.0,19.2
2021-07-26T09:00,2021,Thane Mumbra,19.1906,73.0229,0.6,26.8,91.0,17.6
2021-07-26T10:00,2021,Thane Mumbra,19.1906,73.0229,0.7,26.9,87.0,18.7
2021-07-26T11:00,2021,Thane Mumbra,19.1906,73.0229,0.4,28.3,82.0,21.9
2021-07-26T12:00,2021,Thane Mumbra,19.1906,73.0229,0.6,27.8,84.0,19.4
2021-07-26T13:00,2021,Thane Mumbra,19.1906,73.0229,0.2,28.5,78.0,24.7
2021-07-26T14:00,2021,Thane Mumbra,19.1906,73.0229,0.2,28.0,80.0,22.8
2021-07-26T15:00,2021,Thane Mumbra,19.1906,73.0229,0.3,28.0,81.0,20.2
2021-07-26T16:00,2021,Thane Mumbra,19.1906,73.0229,0.2,27.9,81.0,19.1
2021-07-26T17:00,2021,Thane Mumbra,19.1906,73.0229,0.1,27.3,81.0,21.3
2021-07-26T18:00,2021,Thane Mumbra,19.1906,73.0229,0.5,26.4,89.0,15.8
2021-07-26T19:00,2021,Thane Mumbra,19.1906,73.0229,0.3,26.0,90.0,15.3
2021-07-26T20:00,2021,Thane Mumbra,19.1906,73.0229,0.6,25.3,93.0,18.2
2021-07-26T21:00,2021,Thane Mumbra,19.1906,73.0229,0.3,25.0,94.0,16.6
2021-07-26T22:00,2021,Thane Mumbra,19.1906,73.0229,0.4,25.2,94.0,14.3
2021-07-26T23:00,2021,Thane Mumbra,19.1906,73.0229,0.4,25.1,93.0,19.4
2021-07-27T00:00,2021,Thane Mumbra,19.1906,73.0229,0.4,24.9,94.0,16.4
2021-07-27T01:00,2021,Thane Mumbra,19.1906,73.0229,0.4,25.0,94.0,14.1
2021-07-27T02:00,2021,Thane Mumbra,19.1906,73.0229,0.5,24.7,95.0,17.6
2021-07-27T03:00,2021,Thane Mumbra,19.1906,73.0229,0.2,25.0,95.0,13.5
2021-07-27T04:00,2021,Thane Mumbra,19.1906,73.0229,0.4,24.8,96.0,15.0
2021-07-27T05:00,2021,Thane Mumbra,19.1906,73.0229,0.2,25.1,94.0,13.7
2021-07-27T06:00,2021,Thane Mumbra,19.1906,73.0229,0.4,25.4,95.0,13.5
2021-07-27T07:00,2021,Thane Mumbra,19.1906,73.0229,0.4,25.8,94.0,12.9
2021-07-27T08:00,2021,Thane Mumbra,19.1906,73.0229,0.8,25.8,92.0,18.3
2021-07-27T09:00,2021,Thane Mumbra,19.1906,73.0229,0.9,26.1,87.0,19.1
2021-07-27T10:00,2021,Thane Mumbra,19.1906,73.0229,0.7,27.8,82.0,22.1
2021-07-27T11:00,2021,Thane Mumbra,19.1906,73.0229,0.9,27.2,82.0,22.7
2021-07-27T12:00,2021,Thane Mumbra,19.1906,73.0229,0.3,28.0,81.0,19.4
2021-07-27T13:00,2021,Thane Mumbra,19.1906,73.0229,0.2,28.0,80.0,23.5
2021-07-27T14:00,2021,Thane Mumbra,19.1906,73.0229,0.4,27.4,85.0,20.4
2021-07-27T15:00,2021,Thane Mumbra,19.1906,73.0229,0.6,26.8,87.0,20.7
2021-07-27T16:00,2021,Thane Mumbra,19.1906,73.0229,0.3,26.9,86.0,19.6
2021-07-27T17:00,2021,Thane Mumbra,19.1906,73.0229,0.7,26.1,91.0,12.1
2021-07-27T18:00,2021,Thane Mumbra,19.1906,73.0229,0.3,26.0,90.0,19.3
2021-07-27T19:00,2021,Thane Mumbra,19.1906,73.0229,0.6,26.0,88.0,18.1
2021-07-27T20:00,2021,Thane Mumbra,19.1906,73.0229,0.3,26.1,88.0,15.3
2021-07-27T21:00,2021,Thane Mumbra,19.1906,73.0229,0.2,26.4,84.0,18.9
2021-07-27T22:00,2021,Thane Mumbra,19.1906,73.0229,0.2,26.1,86.0,17.7
2021-07-27T23:00,2021,Thane Mumbra,19.1906,73.0229,0.3,26.0,87.0,16.9
2021-07-28T00:00,2021,Thane Mumbra,19.1906,73.0229,0.4,25.8,87.0,16.6
2021-07-28T01:00,2021,Thane Mumbra,19.1906,73.0229,0.3,25.9,87.0,16.5
2021-07-28T02:00,2021,Thane Mumbra,19.1906,73.0229,0.4,25.4,90.0,16.3
2021-07-28T03:00,2021,Thane Mumbra,19.1906,73.0229,0.3,25.3,92.0,16.1
2021-07-28T04:00,2021,Thane Mumbra,19.1906,73.0229,0.3,25.5,91.0,15.6
2021-07-28T05:00,2021,Thane Mumbra,19.1906,73.0229,0.1,25.7,90.0,15.2
2021-07-28T06:00,2021,Thane Mumbra,19.1906,73.0229,0.1,26.2,87.0,15.6
2021-07-28T07:00,2021,Thane Mumbra,19.1906,73.0229,1.3,25.4,91.0,17.2
2021-07-28T08:00,2021,Thane Mumbra,19.1906,73.0229,1.1,26.3,92.0,16.3
2021-07-28T09:00,2021,Thane Mumbra,19.1906,73.0229,1.3,27.0,89.0,16.3
2021-07-28T10:00,2021,Thane Mumbra,19.1906,73.0229,1.2,27.2,88.0,16.4
2021-07-28T11:00,2021,Thane Mumbra,19.1906,73.0229,2.2,27.5,89.0,17.4
2021-07-28T12:00,2021,Thane Mumbra,19.1906,73.0229,2.0,27.1,86.0,17.4
2021-07-28T13:00,2021,Thane Mumbra,19.1906,73.0229,1.2,26.7,90.0,18.0
2021-07-28T14:00,2021,Thane Mumbra,19.1906,73.0229,1.1,27.7,86.0,18.9
2021-07-28T15:00,2021,Thane Mumbra,19.1906,73.0229,1.1,27.8,84.0,18.2
2021-07-28T16:00,2021,Thane Mumbra,19.1906,73.0229,0.2,27.8,79.0,21.8
2021-07-28T17:00,2021,Thane Mumbra,19.1906,73.0229,0.4,26.8,88.0,19.3
2021-07-28T18:00,2021,Thane Mumbra,19.1906,73.0229,0.1,26.5,88.0,19.9
2021-07-28T19:00,2021,Thane Mumbra,19.1906,73.0229,0.1,26.3,90.0,16.6
2021-07-28T20:00,2021,Thane Mumbra,19.1906,73.0229,0.1,26.7,85.0,16.1
2021-07-28T21:00,2021,Thane Mumbra,19.1906,73.0229,0.0,26.5,85.0,16.6
2021-07-28T22:00,2021,Thane Mumbra,19.1906,73.0229,0.1,26.5,84.0,17.1
2021-07-28T23:00,2021,Thane Mumbra,19.1906,73.0229,0.1,26.6,84.0,16.4
2021-07-29T00:00,2021,Thane Mumbra,19.1906,73.0229,0.1,26.2,85.0,19.2
2021-07-29T01:00,2021,Thane Mumbra,19.1906,73.0229,0.4,26.0,88.0,17.7
2021-07-29T02:00,2021,Thane Mumbra,19.1906,73.0229,0.1,26.1,87.0,15.9
2021-07-29T03:00,2021,Thane Mumbra,19.1906,73.0229,0.4,25.9,89.0,17.1
2021-07-29T04:00,2021,Thane Mumbra,19.1906,73.0229,0.1,25.9,90.0,16.0
2021-07-29T05:00,2021,Thane Mumbra,19.1906,73.0229,0.3,25.6,91.0,18.1
2021-07-29T06:00,2021,Thane Mumbra,19.1906,73.0229,0.4,25.6,93.0,17.3
2021-07-29T07:00,2021,Thane Mumbra,19.1906,73.0229,0.3,26.1,91.0,18.4
2021-07-29T08:00,2021,Thane Mumbra,19.1906,73.0229,0.7,26.3,92.0,16.6
2021-07-29T09:00,2021,Thane Mumbra,19.1906,73.0229,0.3,26.9,91.0,17.8
2021-07-29T10:00,2021,Thane Mumbra,19.1906,73.0229,0.4,27.1,87.0,18.9
2021-07-29T11:00,2021,Thane Mumbra,19.1906,73.0229,0.1,27.5,83.0,20.7
2021-07-29T12:00,2021,Thane Mumbra,19.1906,73.0229,0.4,27.1,84.0,21.1
2021-07-29T13:00,2021,Thane Mumbra,19.1906,73.0229,0.1,28.2,79.0,22.4
2021-07-29T14:00,2021,Thane Mumbra,19.1906,73.0229,0.1,28.9,75.0,23.8
2021-07-29T15:00,2021,Thane Mumbra,19.1906,73.0229,0.1,28.9,75.0,24.5
2021-07-29T16:00,2021,Thane Mumbra,19.1906,73.0229,0.2,28.1,79.0,24.6
2021-07-29T17:00,2021,Thane Mumbra,19.1906,73.0229,0.1,26.6,86.0,18.1
2021-07-29T18:00,2021,Thane Mumbra,19.1906,73.0229,0.0,27.1,84.0,17.3
2021-07-29T19:00,2021,Thane Mumbra,19.1906,73.0229,0.6,26.2,87.0,18.2
2021-07-29T20:00,2021,Thane Mumbra,19.1906,73.0229,1.6,25.4,92.0,18.0
2021-07-29T21:00,2021,Thane Mumbra,19.1906,73.0229,1.7,25.8,92.0,15.5
2021-07-29T22:00,2021,Thane Mumbra,19.1906,73.0229,1.7,26.0,92.0,15.6
2021-07-29T23:00,2021,Thane Mumbra,19.1906,73.0229,1.7,25.7,92.0,16.8
2021-07-30T00:00,2021,Thane Mumbra,19.1906,73.0229,1.3,25.8,92.0,15.4
2021-07-30T01:00,2021,Thane Mumbra,19.1906,73.0229,0.8,25.8,92.0,15.1
2021-07-30T02:00,2021,Thane Mumbra,19.1906,73.0229,1.1,25.8,92.0,15.4
2021-07-30T03:00,2021,Thane Mumbra,19.1906,73.0229,1.0,25.8,92.0,15.8
2021-07-30T04:00,2021,Thane Mumbra,19.1906,73.0229,0.8,25.8,92.0,13.8
2021-07-30T05:00,2021,Thane Mumbra,19.1906,73.0229,0.4,25.9,91.0,14.0
2021-07-30T06:00,2021,Thane Mumbra,19.1906,73.0229,0.4,26.0,92.0,14.4
2021-07-30T07:00,2021,Thane Mumbra,19.1906,73.0229,0.2,26.2,90.0,15.7
2021-07-30T08:00,2021,Thane Mumbra,19.1906,73.0229,0.3,26.2,90.0,17.8
2021-07-30T09:00,2021,Thane Mumbra,19.1906,73.0229,0.1,27.1,89.0,15.5
2021-07-30T10:00,2021,Thane Mumbra,19.1906,73.0229,0.1,27.7,84.0,15.6
2021-07-30T11:00,2021,Thane Mumbra,19.1906,73.0229,0.0,27.8,82.0,18.2
2021-07-30T12:00,2021,Thane Mumbra,19.1906,73.0229,0.0,28.4,78.0,21.1
2021-07-30T13:00,2021,Thane Mumbra,19.1906,73.0229,0.0,28.5,78.0,23.0
2021-07-30T14:00,2021,Thane Mumbra,19.1906,73.0229,0.3,28.3,78.0,23.5
2021-07-30T15:00,2021,Thane Mumbra,19.1906,73.0229,0.1,28.2,78.0,21.1
2021-07-30T16:00,2021,Thane Mumbra,19.1906,73.0229,0.2,27.9,79.0,22.4
2021-07-30T17:00,2021,Thane Mumbra,19.1906,73.0229,0.1,27.7,80.0,18.1
2021-07-30T18:00,2021,Thane Mumbra,19.1906,73.0229,0.0,27.4,81.0,15.8
2021-07-30T19:00,2021,Thane Mumbra,19.1906,73.0229,0.0,27.1,82.0,15.7
2021-07-30T20:00,2021,Thane Mumbra,19.1906,73.0229,0.1,27.0,83.0,16.0
2021-07-30T21:00,2021,Thane Mumbra,19.1906,73.0229,0.3,26.7,85.0,16.3
2021-07-30T22:00,2021,Thane Mumbra,19.1906,73.0229,0.2,26.5,86.0,16.7
2021-07-30T23:00,2021,Thane Mumbra,19.1906,73.0229,0.1,26.4,87.0,14.2
2021-07-31T00:00,2021,Thane Mumbra,19.1906,73.0229,0.0,26.3,87.0,14.2
2021-07-31T01:00,2021,Thane Mumbra,19.1906,73.0229,0.0,26.3,87.0,14.3
2021-07-31T02:00,2021,Thane Mumbra,19.1906,73.0229,0.2,26.0,89.0,15.1
2021-07-31T03:00,2021,Thane Mumbra,19.1906,73.0229,0.2,25.9,89.0,14.7
2021-07-31T04:00,2021,Thane Mumbra,19.1906,73.0229,0.2,25.7,90.0,15.7
2021-07-31T05:00,2021,Thane Mumbra,19.1906,73.0229,0.3,26.0,90.0,16.1
2021-07-31T06:00,2021,Thane Mumbra,19.1906,73.0229,0.0,26.2,88.0,16.6
2021-07-31T07:00,2021,Thane Mumbra,19.1906,73.0229,0.0,26.8,86.0,18.1
2021-07-31T08:00,2021,Thane Mumbra,19.1906,73.0229,0.2,27.5,83.0,18.9
2021-07-31T09:00,2021,Thane Mumbra,19.1906,73.0229,0.2,27.9,81.0,21.6
2021-07-31T10:00,2021,Thane Mumbra,19.1906,73.0229,0.1,28.6,80.0,22.3
2021-07-31T11:00,2021,Thane Mumbra,19.1906,73.0229,0.1,29.1,75.0,23.0
2021-07-31T12:00,2021,Thane Mumbra,19.1906,73.0229,0.2,29.2,78.0,23.9
2021-07-31T13:00,2021,Thane Mumbra,19.1906,73.0229,0.5,28.2,80.0,24.1
2021-07-31T14:00,2021,Thane Mumbra,19.1906,73.0229,0.1,28.7,78.0,23.2
2021-07-31T15:00,2021,Thane Mumbra,19.1906,73.0229,0.2,28.8,76.0,22.7
2021-07-31T16:00,2021,Thane Mumbra,19.1906,73.0229,0.1,28.6,76.0,21.7
2021-07-31T17:00,2021,Thane Mumbra,19.1906,73.0229,0.4,27.4,79.0,22.0
2021-07-31T18:00,2021,Thane Mumbra,19.1906,73.0229,0.3,27.0,81.0,20.1
2021-07-31T19:00,2021,Thane Mumbra,19.1906,73.0229,0.1,26.5,84.0,16.9
2021-07-31T20:00,2021,Thane Mumbra,19.1906,73.0229,0.0,26.4,85.0,16.6
2021-07-31T21:00,2021,Thane Mumbra,19.1906,73.0229,0.1,26.4,85.0,14.5
2021-07-31T22:00,2021,Thane Mumbra,19.1906,73.0229,0.0,26.4,85.0,18.4
2021-07-31T23:00,2021,Thane Mumbra,19.1906,73.0229,0.1,26.3,85.0,15.3
2021-08-01T00:00,2021,Thane Mumbra,19.1906,73.0229,0.1,26.1,86.0,17.9
2021-08-01T01:00,2021,Thane Mumbra,19.1906,73.0229,0.1,25.9,87.0,17.0
2021-08-01T02:00,2021,Thane Mumbra,19.1906,73.0229,0.1,25.8,87.0,16.0
2021-08-01T03:00,2021,Thane Mumbra,19.1906,73.0229,0.1,25.9,85.0,15.6
2021-08-01T04:00,2021,Thane Mumbra,19.1906,73.0229,0.2,26.0,86.0,17.9
2021-08-01T05:00,2021,Thane Mumbra,19.1906,73.0229,0.1,25.6,87.0,17.1
2021-08-01T06:00,2021,Thane Mumbra,19.1906,73.0229,0.2,25.9,86.0,16.4
2021-08-01T07:00,2021,Thane Mumbra,19.1906,73.0229,0.5,26.1,86.0,17.9
2021-08-01T08:00,2021,Thane Mumbra,19.1906,73.0229,0.2,26.7,86.0,16.0
2021-08-01T09:00,2021,Thane Mumbra,19.1906,73.0229,0.2,27.0,81.0,22.3
2021-08-01T10:00,2021,Thane Mumbra,19.1906,73.0229,0.2,27.5,80.0,22.4
2021-08-01T11:00,2021,Thane Mumbra,19.1906,73.0229,0.3,28.6,73.0,25.1
2021-08-01T12:00,2021,Thane Mumbra,19.1906,73.0229,0.3,28.6,71.0,25.6
2021-08-01T13:00,2021,Thane Mumbra,19.1906,73.0229,0.5,28.4,77.0,24.8
2021-08-01T14:00,2021,Thane Mumbra,19.1906,73.0229,0.2,28.4,77.0,23.7
2021-08-01T15:00,2021,Thane Mumbra,19.1906,73.0229,0.2,28.2,78.0,23.5
2021-08-01T16:00,2021,Thane Mumbra,19.1906,73.0229,0.1,28.0,76.0,23.6
2021-08-01T17:00,2021,Thane Mumbra,19.1906,73.0229,0.3,27.1,80.0,20.5
2021-08-01T18:00,2021,Thane Mumbra,19.1906,73.0229,0.1,26.6,83.0,16.4
2021-08-01T19:00,2021,Thane Mumbra,19.1906,73.0229,0.0,26.3,84.0,15.1
2021-08-01T20:00,2021,Thane Mumbra,19.1906,73.0229,0.0,26.1,85.0,14.7
2021-08-01T21:00,2021,Thane Mumbra,19.1906,73.0229,0.1,26.2,84.0,14.4
2021-08-01T22:00,2021,Thane Mumbra,19.1906,73.0229,0.3,25.9,86.0,14.8
2021-08-01T23:00,2021,Thane Mumbra,19.1906,73.0229,0.2,25.7,88.0,14.7
2021-08-02T00:00,2021,Thane Mumbra,19.1906,73.0229,0.3,25.4,90.0,15.1
2021-08-02T01:00,2021,Thane Mumbra,19.1906,73.0229,0.2,25.5,89.0,14.3
2021-08-02T02:00,2021,Thane Mumbra,19.1906,73.0229,0.1,25.5,88.0,13.1
2021-08-02T03:00,2021,Thane Mumbra,19.1906,73.0229,0.3,25.3,88.0,16.8
2021-08-02T04:00,2021,Thane Mumbra,19.1906,73.0229,0.3,25.0,91.0,14.3
2021-08-02T05:00,2021,Thane Mumbra,19.1906,73.0229,0.4,25.3,90.0,13.4
2021-08-02T06:00,2021,Thane Mumbra,19.1906,73.0229,0.2,25.4,88.0,15.3
2021-08-02T07:00,2021,Thane Mumbra,19.1906,73.0229,0.1,25.9,91.0,13.2
2021-08-02T08:00,2021,Thane Mumbra,19.1906,73.0229,0.3,25.8,86.0,16.1
2021-08-02T09:00,2021,Thane Mumbra,19.1906,73.0229,0.2,27.0,86.0,17.1
2021-08-02T10:00,2021,Thane Mumbra,19.1906,73.0229,0.2,27.5,84.0,15.8
2021-08-02T11:00,2021,Thane Mumbra,19.1906,73.0229,0.2,28.0,83.0,16.4
2021-08-02T12:00,2021,Thane Mumbra,19.1906,73.0229,0.2,28.2,80.0,18.4
2021-08-02T13:00,2021,Thane Mumbra,19.1906,73.0229,0.1,28.4,79.0,18.3
2021-08-02T14:00,2021,Thane Mumbra,19.1906,73.0229,0.2,27.9,78.0,20.1
2021-08-02T15:00,2021,Thane Mumbra,19.1906,73.0229,0.2,27.9,81.0,18.2
2021-08-02T16:00,2021,Thane Mumbra,19.1906,73.0229,0.3,27.1,84.0,18.0
2021-08-02T17:00,2021,Thane Mumbra,19.1906,73.0229,0.1,26.6,85.0,15.3
2021-08-02T18:00,2021,Thane Mumbra,19.1906,73.0229,0.2,26.2,88.0,13.3
2021-08-02T19:00,2021,Thane Mumbra,19.1906,73.0229,0.3,25.8,89.0,11.2
2021-08-02T20:00,2021,Thane Mumbra,19.1906,73.0229,0.3,25.6,89.0,13.3
2021-08-02T21:00,2021,Thane Mumbra,19.1906,73.0229,0.2,25.4,90.0,12.5
2021-08-02T22:00,2021,Thane Mumbra,19.1906,73.0229,0.3,25.1,92.0,13.0
2021-08-02T23:00,2021,Thane Mumbra,19.1906,73.0229,0.5,25.1,93.0,14.5
2021-08-03T00:00,2021,Thane Mumbra,19.1906,73.0229,0.2,25.1,92.0,15.5
2021-08-03T01:00,2021,Thane Mumbra,19.1906,73.0229,0.2,25.0,94.0,14.5
2021-08-03T02:00,2021,Thane Mumbra,19.1906,73.0229,0.7,24.9,93.0,16.4
2021-08-03T03:00,2021,Thane Mumbra,19.1906,73.0229,0.4,25.0,92.0,15.7
2021-08-03T04:00,2021,Thane Mumbra,19.1906,73.0229,0.4,24.8,94.0,15.3
2021-08-03T05:00,2021,Thane Mumbra,19.1906,73.0229,0.3,24.9,91.0,14.7
2021-08-03T06:00,2021,Thane Mumbra,19.1906,73.0229,0.4,25.2,91.0,18.7
2021-08-03T07:00,2021,Thane Mumbra,19.1906,73.0229,0.6,25.4,92.0,16.0
2021-08-03T08:00,2021,Thane Mumbra,19.1906,73.0229,0.5,26.0,93.0,13.3
2021-08-03T09:00,2021,Thane Mumbra,19.1906,73.0229,0.6,25.9,93.0,15.4
2021-08-03T10:00,2021,Thane Mumbra,19.1906,73.0229,0.4,26.6,89.0,17.1
2021-08-03T11:00,2021,Thane Mumbra,19.1906,73.0229,0.4,27.3,85.0,17.4
2021-08-03T12:00,2021,Thane Mumbra,19.1906,73.0229,0.7,26.8,88.0,16.9
2021-08-03T13:00,2021,Thane Mumbra,19.1906,73.0229,0.2,28.3,81.0,16.1
2021-08-03T14:00,2021,Thane Mumbra,19.1906,73.0229,0.8,27.4,87.0,16.8
2021-08-03T15:00,2021,Thane Mumbra,19.1906,73.0229,0.2,27.2,89.0,15.6
2021-08-03T16:00,2021,Thane Mumbra,19.1906,73.0229,0.4,26.6,89.0,15.9
2021-08-03T17:00,2021,Thane Mumbra,19.1906,73.0229,0.7,26.7,91.0,12.5
2021-08-03T18:00,2021,Thane Mumbra,19.1906,73.0229,0.8,26.0,94.0,12.6
2021-08-03T19:00,2021,Thane Mumbra,19.1906,73.0229,0.2,25.9,94.0,13.1
2021-08-03T20:00,2021,Thane Mumbra,19.1906,73.0229,0.5,25.5,94.0,12.3
2021-08-03T21:00,2021,Thane Mumbra,19.1906,73.0229,0.6,25.5,93.0,15.3
2021-08-03T22:00,2021,Thane Mumbra,19.1906,73.0229,0.6,25.3,94.0,12.8
2021-08-03T23:00,2021,Thane Mumbra,19.1906,73.0229,0.3,25.2,95.0,13.0
2021-08-04T00:00,2021,Thane Mumbra,19.1906,73.0229,0.4,25.3,95.0,14.1
2021-08-04T01:00,2021,Thane Mumbra,19.1906,73.0229,0.5,25.5,92.0,15.1
2021-08-04T02:00,2021,Thane Mumbra,19.1906,73.0229,0.3,25.0,93.0,15.3
2021-08-04T03:00,2021,Thane Mumbra,19.1906,73.0229,0.4,25.1,92.0,16.3
2021-08-04T04:00,2021,Thane Mumbra,19.1906,73.0229,0.6,24.8,94.0,15.7
2021-08-04T05:00,2021,Thane Mumbra,19.1906,73.0229,0.3,25.3,91.0,15.6
2021-08-04T06:00,2021,Thane Mumbra,19.1906,73.0229,0.3,25.2,94.0,14.6
2021-08-04T07:00,2021,Thane Mumbra,19.1906,73.0229,0.5,25.3,93.0,16.1
2021-08-04T08:00,2021,Thane Mumbra,19.1906,73.0229,0.1,26.5,91.0,13.3
2021-08-04T09:00,2021,Thane Mumbra,19.1906,73.0229,0.2,26.5,89.0,14.0
2021-08-04T10:00,2021,Thane Mumbra,19.1906,73.0229,0.1,27.0,85.0,19.0
2021-08-04T11:00,2021,Thane Mumbra,19.1906,73.0229,0.3,27.2,83.0,19.7
2021-08-04T12:00,2021,Thane Mumbra,19.1906,73.0229,0.2,27.4,86.0,17.5
2021-08-04T13:00,2021,Thane Mumbra,19.1906,73.0229,0.5,27.3,87.0,18.4
2021-08-04T14:00,2021,Thane Mumbra,19.1906,73.0229,0.2,27.6,86.0,16.8
2021-08-04T15:00,2021,Thane Mumbra,19.1906,73.0229,0.5,26.9,85.0,17.9
2021-08-04T16:00,2021,Thane Mumbra,19.1906,73.0229,0.2,27.0,86.0,17.6
2021-08-04T17:00,2021,Thane Mumbra,19.1906,73.0229,0.2,26.7,88.0,15.6
2021-08-04T18:00,2021,Thane Mumbra,19.1906,73.0229,0.1,26.4,89.0,14.8
2021-08-04T19:00,2021,Thane Mumbra,19.1906,73.0229,0.4,26.0,89.0,16.1
2021-08-04T20:00,2021,Thane Mumbra,19.1906,73.0229,0.1,26.0,89.0,14.6
2021-08-04T21:00,2021,Thane Mumbra,19.1906,73.0229,0.3,25.9,90.0,14.0
2021-08-04T22:00,2021,Thane Mumbra,19.1906,73.0229,0.1,26.1,90.0,14.8
2021-08-04T23:00,2021,Thane Mumbra,19.1906,73.0229,0.3,25.4,92.0,18.5
2021-08-05T00:00,2021,Thane Mumbra,19.1906,73.0229,0.6,25.4,92.0,18.6
2021-08-05T01:00,2021,Thane Mumbra,19.1906,73.0229,0.2,25.4,92.0,16.3
2021-08-05T02:00,2021,Thane Mumbra,19.1906,73.0229,0.5,25.1,92.0,18.8
2021-08-05T03:00,2021,Thane Mumbra,19.1906,73.0229,0.4,25.1,93.0,17.4
2021-08-05T04:00,2021,Thane Mumbra,19.1906,73.0229,0.4,25.0,93.0,16.3
2021-08-05T05:00,2021,Thane Mumbra,19.1906,73.0229,0.3,25.6,90.0,14.4
2021-08-05T06:00,2021,Thane Mumbra,19.1906,73.0229,0.3,25.5,92.0,13.1
2021-08-05T07:00,2021,Thane Mumbra,19.1906,73.0229,0.3,26.0,91.0,12.2
2021-08-05T08:00,2021,Thane Mumbra,19.1906,73.0229,0.1,27.0,87.0,15.1
2021-08-05T09:00,2021,Thane Mumbra,19.1906,73.0229,0.3,27.4,85.0,14.1
2021-08-05T10:00,2021,Thane Mumbra,19.1906,73.0229,0.1,27.9,84.0,14.6
2021-08-05T11:00,2021,Thane Mumbra,19.1906,73.0229,0.1,28.1,82.0,16.4
2021-08-05T12:00,2021,Thane Mumbra,19.1906,73.0229,0.1,29.2,80.0,17.0
2021-08-05T13:00,2021,Thane Mumbra,19.1906,73.0229,0.2,29.0,79.0,18.8
2021-08-05T14:00,2021,Thane Mumbra,19.1906,73.0229,0.2,28.7,80.0,19.5
2021-08-05T15:00,2021,Thane Mumbra,19.1906,73.0229,0.2,28.4,80.0,19.4
2021-08-05T16:00,2021,Thane Mumbra,19.1906,73.0229,0.2,27.9,81.0,18.4
2021-08-05T17:00,2021,Thane Mumbra,19.1906,73.0229,0.1,27.8,83.0,14.7
2021-08-05T18:00,2021,Thane Mumbra,19.1906,73.0229,0.1,27.0,86.0,12.7
2021-08-05T19:00,2021,Thane Mumbra,19.1906,73.0229,0.1,26.3,90.0,10.2
2021-08-05T20:00,2021,Thane Mumbra,19.1906,73.0229,0.2,26.2,90.0,11.6
2021-08-05T21:00,2021,Thane Mumbra,19.1906,73.0229,0.2,26.0,90.0,11.3
2021-08-05T22:00,2021,Thane Mumbra,19.1906,73.0229,0.3,25.7,92.0,10.7
2021-08-05T23:00,2021,Thane Mumbra,19.1906,73.0229,0.3,25.5,93.0,11.3
2021-08-06T00:00,2021,Thane Mumbra,19.1906,73.0229,0.3,25.3,93.0,14.4
2021-08-06T01:00,2021,Thane Mumbra,19.1906,73.0229,0.1,25.3,94.0,13.3
2021-08-06T02:00,2021,Thane Mumbra,19.1906,73.0229,0.1,25.5,94.0,10.4
2021-08-06T03:00,2021,Thane Mumbra,19.1906,73.0229,0.1,25.3,95.0,9.3
2021-08-06T04:00,2021,Thane Mumbra,19.1906,73.0229,0.1,25.3,94.0,10.2
2021-08-06T05:00,2021,Thane Mumbra,19.1906,73.0229,0.2,25.4,95.0,9.2
2021-08-06T06:00,2021,Thane Mumbra,19.1906,73.0229,0.1,25.5,93.0,10.9
2021-08-06T07:00,2021,Thane Mumbra,19.1906,73.0229,0.1,26.2,91.0,10.4
2021-08-06T08:00,2021,Thane Mumbra,19.1906,73.0229,0.4,26.6,84.0,14.2
2021-08-06T09:00,2021,Thane Mumbra,19.1906,73.0229,0.2,27.7,83.0,13.2
2021-08-06T10:00,2021,Thane Mumbra,19.1906,73.0229,0.1,28.1,79.0,15.9
2021-08-06T11:00,2021,Thane Mumbra,19.1906,73.0229,0.4,28.1,80.0,17.5
2021-08-06T12:00,2021,Thane Mumbra,19.1906,73.0229,0.9,28.8,78.0,19.7
2021-08-06T13:00,2021,Thane Mumbra,19.1906,73.0229,0.4,29.0,78.0,18.5
2021-08-06T14:00,2021,Thane Mumbra,19.1906,73.0229,0.1,29.2,76.0,18.1
2021-08-06T15:00,2021,Thane Mumbra,19.1906,73.0229,0.1,29.0,74.0,18.7
2021-08-06T16:00,2021,Thane Mumbra,19.1906,73.0229,0.2,28.3,78.0,19.1
2021-08-06T17:00,2021,Thane Mumbra,19.1906,73.0229,0.1,27.4,83.0,14.9
2021-08-06T18:00,2021,Thane Mumbra,19.1906,73.0229,0.5,27.0,85.0,12.1
2021-08-06T19:00,2021,Thane Mumbra,19.1906,73.0229,0.2,26.2,89.0,8.7
2021-08-06T20:00,2021,Thane Mumbra,19.1906,73.0229,0.2,25.9,90.0,9.4
2021-08-06T21:00,2021,Thane Mumbra,19.1906,73.0229,0.2,25.6,91.0,10.2
2021-08-06T22:00,2021,Thane Mumbra,19.1906,73.0229,0.2,25.4,93.0,8.7
2021-08-06T23:00,2021,Thane Mumbra,19.1906,73.0229,0.1,25.3,94.0,7.1
2021-08-07T00:00,2021,Thane Mumbra,19.1906,73.0229,0.1,25.1,93.0,10.2
2021-08-07T01:00,2021,Thane Mumbra,19.1906,73.0229,0.2,25.2,93.0,9.8
2021-08-07T02:00,2021,Thane Mumbra,19.1906,73.0229,0.1,25.0,94.0,9.7
2021-08-07T03:00,2021,Thane Mumbra,19.1906,73.0229,0.1,25.1,93.0,7.6
2021-08-07T04:00,2021,Thane Mumbra,19.1906,73.0229,0.3,24.9,93.0,9.2
2021-08-07T05:00,2021,Thane Mumbra,19.1906,73.0229,0.4,24.8,93.0,11.2
2021-08-07T06:00,2021,Thane Mumbra,19.1906,73.0229,0.1,25.3,94.0,9.8
2021-08-07T07:00,2021,Thane Mumbra,19.1906,73.0229,0.3,25.4,94.0,8.9
2021-08-07T08:00,2021,Thane Mumbra,19.1906,73.0229,0.2,26.3,90.0,9.2
2021-08-07T09:00,2021,Thane Mumbra,19.1906,73.0229,0.2,26.9,86.0,10.6
2021-08-07T10:00,2021,Thane Mumbra,19.1906,73.0229,0.5,26.9,85.0,8.6
2021-08-07T11:00,2021,Thane Mumbra,19.1906,73.0229,0.1,28.0,85.0,9.5
2021-08-07T12:00,2021,Thane Mumbra,19.1906,73.0229,0.1,29.0,82.0,11.0
2021-08-07T13:00,2021,Thane Mumbra,19.1906,73.0229,0.0,28.6,84.0,12.3
2021-08-07T14:00,2021,Thane Mumbra,19.1906,73.0229,0.0,28.6,84.0,12.2
2021-08-07T15:00,2021,Thane Mumbra,19.1906,73.0229,0.0,28.8,82.0,12.6
2021-08-07T16:00,2021,Thane Mumbra,19.1906,73.0229,0.0,28.3,83.0,12.8
2021-08-07T17:00,2021,Thane Mumbra,19.1906,73.0229,0.3,28.3,80.0,11.2
2021-08-07T18:00,2021,Thane Mumbra,19.1906,73.0229,0.0,27.5,83.0,9.5
2021-08-07T19:00,2021,Thane Mumbra,19.1906,73.0229,0.1,26.5,87.0,8.1
2021-08-07T20:00,2021,Thane Mumbra,19.1906,73.0229,0.1,26.1,89.0,6.6
2021-08-07T21:00,2021,Thane Mumbra,19.1906,73.0229,0.1,25.9,90.0,7.4
2021-08-07T22:00,2021,Thane Mumbra,19.1906,73.0229,0.1,25.9,90.0,8.9
2021-08-07T23:00,2021,Thane Mumbra,19.1906,73.0229,0.1,25.6,91.0,8.6
2021-08-08T00:00,2021,Thane Mumbra,19.1906,73.0229,0.4,25.2,92.0,10.7
2021-08-08T01:00,2021,Thane Mumbra,19.1906,73.0229,0.3,25.0,93.0,11.6
2021-08-08T02:00,2021,Thane Mumbra,19.1906,73.0229,0.3,24.8,95.0,12.4
2021-08-08T03:00,2021,Thane Mumbra,19.1906,73.0229,0.3,24.7,95.0,11.3
2021-08-08T04:00,2021,Thane Mumbra,19.1906,73.0229,0.2,24.7,94.0,10.6
2021-08-08T05:00,2021,Thane Mumbra,19.1906,73.0229,0.2,24.9,90.0,7.6
2021-08-08T06:00,2021,Thane Mumbra,19.1906,73.0229,0.3,25.0,93.0,8.5
2021-08-08T07:00,2021,Thane Mumbra,19.1906,73.0229,0.4,25.2,93.0,9.0
2021-08-08T08:00,2021,Thane Mumbra,19.1906,73.0229,0.1,25.9,93.0,7.1
2021-08-08T09:00,2021,Thane Mumbra,19.1906,73.0229,0.1,26.8,90.0,8.1
2021-08-08T10:00,2021,Thane Mumbra,19.1906,73.0229,0.2,27.9,86.0,9.7
2021-08-08T11:00,2021,Thane Mumbra,19.1906,73.0229,1.3,27.7,82.0,12.7
2021-08-08T12:00,2021,Thane Mumbra,19.1906,73.0229,0.5,28.5,83.0,10.2
2021-08-08T13:00,2021,Thane Mumbra,19.1906,73.0229,0.4,27.9,84.0,12.0
2021-08-08T14:00,2021,Thane Mumbra,19.1906,73.0229,0.1,28.7,83.0,11.8
2021-08-08T15:00,2021,Thane Mumbra,19.1906,73.0229,0.0,28.7,82.0,12.2
2021-08-08T16:00,2021,Thane Mumbra,19.1906,73.0229,0.2,28.0,82.0,12.9
2021-08-08T17:00,2021,Thane Mumbra,19.1906,73.0229,0.1,28.0,83.0,10.0
2021-08-08T18:00,2021,Thane Mumbra,19.1906,73.0229,0.1,27.2,84.0,10.2
2021-08-08T19:00,2021,Thane Mumbra,19.1906,73.0229,0.0,26.5,87.0,7.7
2021-08-08T20:00,2021,Thane Mumbra,19.1906,73.0229,0.0,26.1,90.0,6.4
2021-08-08T21:00,2021,Thane Mumbra,19.1906,73.0229,0.0,25.9,91.0,6.6
2021-08-08T22:00,2021,Thane Mumbra,19.1906,73.0229,0.0,25.7,93.0,6.2
2021-08-08T23:00,2021,Thane Mumbra,19.1906,73.0229,0.1,25.5,93.0,7.3
2021-08-09T00:00,2021,Thane Mumbra,19.1906,73.0229,0.1,25.5,93.0,7.8
2021-08-09T01:00,2021,Thane Mumbra,19.1906,73.0229,0.2,25.3,94.0,8.0
2021-08-09T02:00,2021,Thane Mumbra,19.1906,73.0229,0.1,25.2,94.0,8.2
2021-08-09T03:00,2021,Thane Mumbra,19.1906,73.0229,0.3,25.2,93.0,7.6
2021-08-09T04:00,2021,Thane Mumbra,19.1906,73.0229,0.3,24.9,94.0,8.8
2021-08-09T05:00,2021,Thane Mumbra,19.1906,73.0229,0.3,25.2,93.0,8.3
2021-08-09T06:00,2021,Thane Mumbra,19.1906,73.0229,0.3,25.2,94.0,7.8
2021-08-09T07:00,2021,Thane Mumbra,19.1906,73.0229,0.2,25.7,93.0,9.3
2021-08-09T08:00,2021,Thane Mumbra,19.1906,73.0229,0.1,26.5,91.0,10.0
2021-08-09T09:00,2021,Thane Mumbra,19.1906,73.0229,0.1,27.3,88.0,8.7
2021-08-09T10:00,2021,Thane Mumbra,19.1906,73.0229,0.1,28.2,84.0,10.0
2021-08-09T11:00,2021,Thane Mumbra,19.1906,73.0229,0.1,28.7,82.0,10.9
2021-08-09T12:00,2021,Thane Mumbra,19.1906,73.0229,0.1,29.2,80.0,11.5
2021-08-09T13:00,2021,Thane Mumbra,19.1906,73.0229,0.1,29.3,79.0,13.5
2021-08-09T14:00,2021,Thane Mumbra,19.1906,73.0229,0.1,29.4,78.0,14.8
2021-08-09T15:00,2021,Thane Mumbra,19.1906,73.0229,0.3,28.5,80.0,15.3
2021-08-09T16:00,2021,Thane Mumbra,19.1906,73.0229,0.4,28.2,81.0,15.3
2021-08-09T17:00,2021,Thane Mumbra,19.1906,73.0229,0.1,28.2,77.0,13.2
2021-08-09T18:00,2021,Thane Mumbra,19.1906,73.0229,0.1,27.3,82.0,11.0
2021-08-09T19:00,2021,Thane Mumbra,19.1906,73.0229,0.1,26.6,85.0,9.0
2021-08-09T20:00,2021,Thane Mumbra,19.1906,73.0229,0.0,26.2,89.0,7.6
2021-08-09T21:00,2021,Thane Mumbra,19.1906,73.0229,0.0,26.0,90.0,7.2
2021-08-09T22:00,2021,Thane Mumbra,19.1906,73.0229,0.1,25.8,91.0,6.4
2021-08-09T23:00,2021,Thane Mumbra,19.1906,73.0229,0.0,25.5,93.0,5.1
2021-08-10T00:00,2021,Thane Mumbra,19.1906,73.0229,0.1,25.3,94.0,4.0
2021-08-10T01:00,2021,Thane Mumbra,19.1906,73.0229,0.1,25.2,95.0,3.3
2021-08-10T02:00,2021,Thane Mumbra,19.1906,73.0229,0.1,24.9,96.0,3.3
2021-08-10T03:00,2021,Thane Mumbra,19.1906,73.0229,0.2,25.1,95.0,6.6
2021-08-10T04:00,2021,Thane Mumbra,19.1906,73.0229,0.2,25.3,93.0,7.8
2021-08-10T05:00,2021,Thane Mumbra,19.1906,73.0229,0.3,24.9,94.0,8.2
2021-08-10T06:00,2021,Thane Mumbra,19.1906,73.0229,0.2,25.2,94.0,6.3
2021-08-10T07:00,2021,Thane Mumbra,19.1906,73.0229,0.1,25.6,94.0,9.9
2021-08-10T08:00,2021,Thane Mumbra,19.1906,73.0229,0.1,26.2,91.0,10.5
2021-08-10T09:00,2021,Thane Mumbra,19.1906,73.0229,0.1,26.7,90.0,10.6
2021-08-10T10:00,2021,Thane Mumbra,19.1906,73.0229,0.1,27.5,86.0,11.0
2021-08-10T11:00,2021,Thane Mumbra,19.1906,73.0229,0.1,28.0,84.0,11.4
2021-08-10T12:00,2021,Thane Mumbra,19.1906,73.0229,0.2,28.6,82.0,12.0
2021-08-10T13:00,2021,Thane Mumbra,19.1906,73.0229,0.2,28.4,83.0,14.0
2021-08-10T14:00,2021,Thane Mumbra,19.1906,73.0229,0.2,28.3,83.0,12.0
2021-08-10T15:00,2021,Thane Mumbra,19.1906,73.0229,0.1,28.3,84.0,12.7
2021-08-10T16:00,2021,Thane Mumbra,19.1906,73.0229,0.1,27.6,85.0,13.5
2021-08-10T17:00,2021,Thane Mumbra,19.1906,73.0229,0.1,26.6,85.0,15.0
2021-08-10T18:00,2021,Thane Mumbra,19.1906,73.0229,0.1,26.5,86.0,11.8
2021-08-10T19:00,2021,Thane Mumbra,19.1906,73.0229,0.0,26.3,88.0,8.9
2021-08-10T20:00,2021,Thane Mumbra,19.1906,73.0229,0.2,25.9,89.0,9.2
2021-08-10T21:00,2021,Thane Mumbra,19.1906,73.0229,0.1,25.9,90.0,8.3
2021-08-10T22:00,2021,Thane Mumbra,19.1906,73.0229,0.1,25.6,92.0,6.7
2021-08-10T23:00,2021,Thane Mumbra,19.1906,73.0229,0.2,25.5,93.0,9.2
2021-08-11T00:00,2021,Thane Mumbra,19.1906,73.0229,0.1,25.5,93.0,8.2
2021-08-11T01:00,2021,Thane Mumbra,19.1906,73.0229,0.3,25.2,93.0,7.9
2021-08-11T02:00,2021,Thane Mumbra,19.1906,73.0229,0.6,24.9,93.0,8.7
2021-08-11T03:00,2021,Thane Mumbra,19.1906,73.0229,0.3,24.8,93.0,9.4
2021-08-11T04:00,2021,Thane Mumbra,19.1906,73.0229,0.2,24.7,95.0,9.2
2021-08-11T05:00,2021,Thane Mumbra,19.1906,73.0229,0.3,25.0,93.0,8.3
2021-08-11T06:00,2021,Thane Mumbra,19.1906,73.0229,0.3,25.2,92.0,7.3
2021-08-11T07:00,2021,Thane Mumbra,19.1906,73.0229,0.3,25.3,93.0,7.1
2021-08-11T08:00,2021,Thane Mumbra,19.1906,73.0229,0.1,26.3,90.0,9.0
2021-08-11T09:00,2021,Thane Mumbra,19.1906,73.0229,0.2,26.7,89.0,8.4
2021-08-11T10:00,2021,Thane Mumbra,19.1906,73.0229,0.3,27.6,81.0,12.8
2021-08-11T11:00,2021,Thane Mumbra,19.1906,73.0229,0.7,27.9,86.0,10.3
2021-08-11T12:00,2021,Thane Mumbra,19.1906,73.0229,0.4,27.9,84.0,11.1
2021-08-11T13:00,2021,Thane Mumbra,19.1906,73.0229,0.1,28.5,83.0,12.2
2021-08-11T14:00,2021,Thane Mumbra,19.1906,73.0229,0.1,28.8,82.0,11.6
2021-08-11T15:00,2021,Thane Mumbra,19.1906,73.0229,0.1,28.6,81.0,12.0
2021-08-11T16:00,2021,Thane Mumbra,19.1906,73.0229,0.2,27.7,82.0,12.8
2021-08-11T17:00,2021,Thane Mumbra,19.1906,73.0229,0.2,27.8,81.0,11.8
2021-08-11T18:00,2021,Thane Mumbra,19.1906,73.0229,0.1,26.8,82.0,9.7
2021-08-11T19:00,2021,Thane Mumbra,19.1906,73.0229,0.1,26.1,85.0,8.2
2021-08-11T20:00,2021,Thane Mumbra,19.1906,73.0229,0.1,25.8,89.0,5.6
2021-08-11T21:00,2021,Thane Mumbra,19.1906,73.0229,0.0,25.7,91.0,6.9
2021-08-11T22:00,2021,Thane Mumbra,19.1906,73.0229,0.2,25.5,91.0,6.7
2021-08-11T23:00,2021,Thane Mumbra,19.1906,73.0229,0.4,25.2,92.0,7.7
2021-08-12T00:00,2021,Thane Mumbra,19.1906,73.0229,0.1,25.2,94.0,7.5
2021-08-12T01:00,2021,Thane Mumbra,19.1906,73.0229,0.2,25.1,94.0,7.4
2021-08-12T02:00,2021,Thane Mumbra,19.1906,73.0229,0.2,24.9,95.0,7.4
2021-08-12T03:00,2021,Thane Mumbra,19.1906,73.0229,0.1,24.9,96.0,7.1
2021-08-12T04:00,2021,Thane Mumbra,19.1906,73.0229,0.2,24.8,96.0,8.1
2021-08-12T05:00,2021,Thane Mumbra,19.1906,73.0229,0.3,25.0,91.0,9.9
2021-08-12T06:00,2021,Thane Mumbra,19.1906,73.0229,0.6,25.0,92.0,9.1
2021-08-12T07:00,2021,Thane Mumbra,19.1906,73.0229,0.2,25.5,94.0,6.9
2021-08-12T08:00,2021,Thane Mumbra,19.1906,73.0229,0.3,26.3,89.0,9.8
2021-08-12T09:00,2021,Thane Mumbra,19.1906,73.0229,0.8,25.9,91.0,9.0
2021-08-12T10:00,2021,Thane Mumbra,19.1906,73.0229,0.3,27.9,81.0,9.5
2021-08-12T11:00,2021,Thane Mumbra,19.1906,73.0229,1.0,26.9,84.0,12.3
2021-08-12T12:00,2021,Thane Mumbra,19.1906,73.0229,0.1,28.4,82.0,11.1
2021-08-12T13:00,2021,Thane Mumbra,19.1906,73.0229,0.0,28.7,81.0,11.9
2021-08-12T14:00,2021,Thane Mumbra,19.1906,73.0229,0.1,28.4,83.0,12.1
2021-08-12T15:00,2021,Thane Mumbra,19.1906,73.0229,0.1,28.4,83.0,12.1
2021-08-12T16:00,2021,Thane Mumbra,19.1906,73.0229,0.0,27.8,85.0,11.7
2021-08-12T17:00,2021,Thane Mumbra,19.1906,73.0229,0.2,28.2,78.0,11.9
2021-08-12T18:00,2021,Thane Mumbra,19.1906,73.0229,0.1,27.4,81.0,9.5
2021-08-12T19:00,2021,Thane Mumbra,19.1906,73.0229,0.0,26.6,85.0,6.4
2021-08-12T20:00,2021,Thane Mumbra,19.1906,73.0229,0.0,26.0,88.0,4.3
2021-08-12T21:00,2021,Thane Mumbra,19.1906,73.0229,0.0,25.6,91.0,4.9
2021-08-12T22:00,2021,Thane Mumbra,19.1906,73.0229,0.0,25.7,90.0,5.9
2021-08-12T23:00,2021,Thane Mumbra,19.1906,73.0229,0.0,25.6,90.0,7.0
2021-08-13T00:00,2021,Thane Mumbra,19.1906,73.0229,0.1,25.5,91.0,8.3
2021-08-13T01:00,2021,Thane Mumbra,19.1906,73.0229,0.2,25.2,93.0,5.9
2021-08-13T02:00,2021,Thane Mumbra,19.1906,73.0229,0.2,25.1,92.0,7.6
2021-08-13T03:00,2021,Thane Mumbra,19.1906,73.0229,0.1,25.0,93.0,8.3
2021-08-13T04:00,2021,Thane Mumbra,19.1906,73.0229,0.1,24.9,95.0,6.9
2021-08-13T05:00,2021,Thane Mumbra,19.1906,73.0229,0.1,25.0,94.0,6.9
2021-08-13T06:00,2021,Thane Mumbra,19.1906,73.0229,0.3,25.2,94.0,5.8
2021-08-13T07:00,2021,Thane Mumbra,19.1906,73.0229,0.3,25.5,93.0,7.9
2021-08-13T08:00,2021,Thane Mumbra,19.1906,73.0229,0.1,26.6,88.0,7.7
2021-08-13T09:00,2021,Thane Mumbra,19.1906,73.0229,0.4,27.2,83.0,11.1
2021-08-13T10:00,2021,Thane Mumbra,19.1906,73.0229,0.4,27.3,79.0,14.1
2021-08-13T11:00,2021,Thane Mumbra,19.1906,73.0229,0.2,27.8,83.0,12.4
2021-08-13T12:00,2021,Thane Mumbra,19.1906,73.0229,0.1,28.8,82.0,11.9
2021-08-13T13:00,2021,Thane Mumbra,19.1906,73.0229,0.2,28.2,83.0,14.9
2021-08-13T14:00,2021,Thane Mumbra,19.1906,73.0229,0.3,28.2,82.0,13.0
2021-08-13T15:00,2021,Thane Mumbra,19.1906,73.0229,0.2,27.8,81.0,14.9
2021-08-13T16:00,2021,Thane Mumbra,19.1906,73.0229,0.1,27.6,83.0,12.5
2021-08-13T17:00,2021,Thane Mumbra,19.1906,73.0229,0.0,27.1,83.0,11.9
2021-08-13T18:00,2021,Thane Mumbra,19.1906,73.0229,0.0,26.9,84.0,9.3
2021-08-13T19:00,2021,Thane Mumbra,19.1906,73.0229,0.1,26.0,86.0,7.6
2021-08-13T20:00,2021,Thane Mumbra,19.1906,73.0229,0.0,25.4,90.0,7.4
2021-08-13T21:00,2021,Thane Mumbra,19.1906,73.0229,0.1,25.4,92.0,6.6
2021-08-13T22:00,2021,Thane Mumbra,19.1906,73.0229,0.3,25.3,92.0,7.4
2021-08-13T23:00,2021,Thane Mumbra,19.1906,73.0229,0.2,25.2,92.0,10.7
2021-08-14T00:00,2021,Thane Mumbra,19.1906,73.0229,0.4,25.0,93.0,8.7
2021-08-14T01:00,2021,Thane Mumbra,19.1906,73.0229,0.1,24.8,93.0,6.6
2021-08-14T02:00,2021,Thane Mumbra,19.1906,73.0229,0.3,24.9,94.0,6.0
2021-08-14T03:00,2021,Thane Mumbra,19.1906,73.0229,0.5,24.8,94.0,5.5
2021-08-14T04:00,2021,Thane Mumbra,19.1906,73.0229,0.4,24.7,95.0,7.9
2021-08-14T05:00,2021,Thane Mumbra,19.1906,73.0229,0.5,24.7,93.0,12.0
2021-08-14T06:00,2021,Thane Mumbra,19.1906,73.0229,0.2,25.1,91.0,9.8
2021-08-14T07:00,2021,Thane Mumbra,19.1906,73.0229,0.3,24.9,94.0,10.9
2021-08-14T08:00,2021,Thane Mumbra,19.1906,73.0229,0.6,25.4,91.0,8.3
2021-08-14T09:00,2021,Thane Mumbra,19.1906,73.0229,0.2,26.9,84.0,11.9
2021-08-14T10:00,2021,Thane Mumbra,19.1906,73.0229,1.2,25.9,89.0,14.7
2021-08-14T11:00,2021,Thane Mumbra,19.1906,73.0229,0.3,27.7,87.0,12.3
2021-08-14T12:00,2021,Thane Mumbra,19.1906,73.0229,0.6,27.2,85.0,13.1
2021-08-14T13:00,2021,Thane Mumbra,19.1906,73.0229,0.4,27.4,82.0,14.0
2021-08-14T14:00,2021,Thane Mumbra,19.1906,73.0229,0.2,28.1,80.0,12.4
2021-08-14T15:00,2021,Thane Mumbra,19.1906,73.0229,1.5,26.7,87.0,12.7
2021-08-14T16:00,2021,Thane Mumbra,19.1906,73.0229,0.2,27.1,88.0,11.8
2021-08-14T17:00,2021,Thane Mumbra,19.1906,73.0229,1.1,26.2,86.0,12.2
2021-08-14T18:00,2021,Thane Mumbra,19.1906,73.0229,0.7,25.9,91.0,9.0
2021-08-14T19:00,2021,Thane Mumbra,19.1906,73.0229,0.9,25.0,93.0,7.4
2021-08-14T20:00,2021,Thane Mumbra,19.1906,73.0229,0.4,25.0,95.0,8.3
2021-08-14T21:00,2021,Thane Mumbra,19.1906,73.0229,0.7,24.7,93.0,11.0
2021-08-14T22:00,2021,Thane Mumbra,19.1906,73.0229,0.6,24.7,92.0,10.2
2021-08-14T23:00,2021,Thane Mumbra,19.1906,73.0229,0.4,24.6,93.0,10.2
2021-08-15T00:00,2021,Thane Mumbra,19.1906,73.0229,0.6,24.4,94.0,8.7
2021-08-15T01:00,2021,Thane Mumbra,19.1906,73.0229,0.8,24.3,94.0,10.7
2021-08-15T02:00,2021,Thane Mumbra,19.1906,73.0229,0.4,24.2,95.0,9.8
2021-08-15T03:00,2021,Thane Mumbra,19.1906,73.0229,0.4,24.2,91.0,8.1
2021-08-15T04:00,2021,Thane Mumbra,19.1906,73.0229,0.5,24.0,96.0,8.9
2021-08-15T05:00,2021,Thane Mumbra,19.1906,73.0229,0.4,24.5,93.0,11.0
2021-08-15T06:00,2021,Thane Mumbra,19.1906,73.0229,0.5,24.6,94.0,12.4
2021-08-15T07:00,2021,Thane Mumbra,19.1906,73.0229,0.2,24.8,96.0,9.8
2021-08-15T08:00,2021,Thane Mumbra,19.1906,73.0229,0.2,25.8,91.0,9.0
2021-08-15T09:00,2021,Thane Mumbra,19.1906,73.0229,0.9,26.2,85.0,13.3
2021-08-15T10:00,2021,Thane Mumbra,19.1906,73.0229,0.5,26.8,86.0,11.3
2021-08-15T11:00,2021,Thane Mumbra,19.1906,73.0229,0.1,27.6,85.0,12.0
2021-08-15T12:00,2021,Thane Mumbra,19.1906,73.0229,0.1,27.6,86.0,13.5
2021-08-15T13:00,2021,Thane Mumbra,19.1906,73.0229,0.3,28.0,84.0,12.1
2021-08-15T14:00,2021,Thane Mumbra,19.1906,73.0229,0.2,28.2,83.0,12.4
2021-08-15T15:00,2021,Thane Mumbra,19.1906,73.0229,0.4,27.1,85.0,12.4
2021-08-15T16:00,2021,Thane Mumbra,19.1906,73.0229,0.4,27.2,86.0,11.8
2021-08-15T17:00,2021,Thane Mumbra,19.1906,73.0229,0.3,26.7,87.0,7.1
2021-08-15T18:00,2021,Thane Mumbra,19.1906,73.0229,0.9,25.8,93.0,5.9
2021-08-15T19:00,2021,Thane Mumbra,19.1906,73.0229,0.2,25.7,95.0,4.3
2021-08-15T20:00,2021,Thane Mumbra,19.1906,73.0229,0.4,25.1,94.0,7.4
2021-08-15T21:00,2021,Thane Mumbra,19.1906,73.0229,0.2,25.1,95.0,6.0
2021-08-15T22:00,2021,Thane Mumbra,19.1906,73.0229,0.3,25.1,94.0,6.8
2021-08-15T23:00,2021,Thane Mumbra,19.1906,73.0229,0.3,24.7,96.0,9.3
2021-08-16T00:00,2021,Thane Mumbra,19.1906,73.0229,0.2,24.9,95.0,6.6
2021-08-16T01:00,2021,Thane Mumbra,19.1906,73.0229,0.1,24.9,96.0,6.2
2021-08-16T02:00,2021,Thane Mumbra,19.1906,73.0229,0.4,24.6,96.0,5.4
2021-08-16T03:00,2021,Thane Mumbra,19.1906,73.0229,0.6,24.5,96.0,8.4
2021-08-16T04:00,2021,Thane Mumbra,19.1906,73.0229,0.5,24.6,95.0,5.6
2021-08-16T05:00,2021,Thane Mumbra,19.1906,73.0229,0.5,24.7,94.0,6.2
2021-08-16T06:00,2021,Thane Mumbra,19.1906,73.0229,0.6,24.3,97.0,6.7
2021-08-16T07:00,2021,Thane Mumbra,19.1906,73.0229,0.2,25.1,94.0,6.3
2021-08-16T08:00,2021,Thane Mumbra,19.1906,73.0229,0.1,25.8,92.0,6.9
2021-08-16T09:00,2021,Thane Mumbra,19.1906,73.0229,0.1,26.3,89.0,7.4
2021-08-16T10:00,2021,Thane Mumbra,19.1906,73.0229,0.1,27.4,87.0,10.6
2021-08-16T11:00,2021,Thane Mumbra,19.1906,73.0229,0.1,28.3,82.0,12.5
2021-08-16T12:00,2021,Thane Mumbra,19.1906,73.0229,0.7,27.6,84.0,9.2
2021-08-16T13:00,2021,Thane Mumbra,19.1906,73.0229,0.1,28.7,81.0,10.6
2021-08-16T14:00,2021,Thane Mumbra,19.1906,73.0229,0.0,28.5,81.0,10.3
2021-08-16T15:00,2021,Thane Mumbra,19.1906,73.0229,0.5,27.2,83.0,9.2
2021-08-16T16:00,2021,Thane Mumbra,19.1906,73.0229,0.2,27.0,83.0,9.6
2021-08-16T17:00,2021,Thane Mumbra,19.1906,73.0229,0.1,27.0,84.0,9.9
2021-08-16T18:00,2021,Thane Mumbra,19.1906,73.0229,0.2,26.6,86.0,7.4
2021-08-16T19:00,2021,Thane Mumbra,19.1906,73.0229,0.0,26.0,89.0,5.4
2021-08-16T20:00,2021,Thane Mumbra,19.1906,73.0229,0.0,25.8,90.0,5.0
2021-08-16T21:00,2021,Thane Mumbra,19.1906,73.0229,0.0,25.5,93.0,4.2
2021-08-16T22:00,2021,Thane Mumbra,19.1906,73.0229,0.1,25.4,93.0,5.6
2021-08-16T23:00,2021,Thane Mumbra,19.1906,73.0229,0.1,25.2,94.0,6.0
2021-08-17T00:00,2021,Thane Mumbra,19.1906,73.0229,0.2,25.0,95.0,4.9
2021-08-17T01:00,2021,Thane Mumbra,19.1906,73.0229,0.1,24.8,96.0,4.7
2021-08-17T02:00,2021,Thane Mumbra,19.1906,73.0229,0.1,24.8,94.0,4.6
2021-08-17T03:00,2021,Thane Mumbra,19.1906,73.0229,0.1,24.7,95.0,5.8
2021-08-17T04:00,2021,Thane Mumbra,19.1906,73.0229,0.1,24.5,96.0,5.4
2021-08-17T05:00,2021,Thane Mumbra,19.1906,73.0229,0.2,24.5,94.0,5.4
2021-08-17T06:00,2021,Thane Mumbra,19.1906,73.0229,1.4,24.4,96.0,4.8
2021-08-17T07:00,2021,Thane Mumbra,19.1906,73.0229,0.9,24.6,96.0,4.4
2021-08-17T08:00,2021,Thane Mumbra,19.1906,73.0229,0.9,25.1,94.0,3.9
2021-08-17T09:00,2021,Thane Mumbra,19.1906,73.0229,0.9,25.6,93.0,4.7
2021-08-17T10:00,2021,Thane Mumbra,19.1906,73.0229,0.6,26.0,93.0,3.7
2021-08-17T11:00,2021,Thane Mumbra,19.1906,73.0229,0.5,26.2,94.0,5.0
2021-08-17T12:00,2021,Thane Mumbra,19.1906,73.0229,0.7,26.4,93.0,6.3
2021-08-17T13:00,2021,Thane Mumbra,19.1906,73.0229,1.4,26.2,94.0,7.4
2021-08-17T14:00,2021,Thane Mumbra,19.1906,73.0229,1.3,26.3,94.0,6.3
2021-08-17T15:00,2021,Thane Mumbra,19.1906,73.0229,2.3,25.9,90.0,8.4
2021-08-17T16:00,2021,Thane Mumbra,19.1906,73.0229,1.4,25.7,92.0,6.6
2021-08-17T17:00,2021,Thane Mumbra,19.1906,73.0229,0.8,25.9,93.0,4.1
2021-08-17T18:00,2021,Thane Mumbra,19.1906,73.0229,1.0,25.6,94.0,2.9
2021-08-17T19:00,2021,Thane Mumbra,19.1906,73.0229,1.0,25.2,95.0,3.6
2021-08-17T20:00,2021,Thane Mumbra,19.1906,73.0229,1.1,25.1,95.0,5.1
2021-08-17T21:00,2021,Thane Mumbra,19.1906,73.0229,1.3,24.9,96.0,6.4
2021-08-17T22:00,2021,Thane Mumbra,19.1906,73.0229,1.6,25.0,96.0,7.0
2021-08-17T23:00,2021,Thane Mumbra,19.1906,73.0229,1.4,24.9,96.0,7.3
2021-08-18T00:00,2021,Thane Mumbra,19.1906,73.0229,1.1,24.9,95.0,7.1
2021-08-18T01:00,2021,Thane Mumbra,19.1906,73.0229,0.8,24.7,96.0,8.1
2021-08-18T02:00,2021,Thane Mumbra,19.1906,73.0229,1.0,24.6,95.0,8.8
2021-08-18T03:00,2021,Thane Mumbra,19.1906,73.0229,0.5,24.6,96.0,6.1
2021-08-18T04:00,2021,Thane Mumbra,19.1906,73.0229,0.9,24.7,94.0,7.1
2021-08-18T05:00,2021,Thane Mumbra,19.1906,73.0229,0.8,24.9,92.0,5.4
2021-08-18T06:00,2021,Thane Mumbra,19.1906,73.0229,1.0,24.7,95.0,5.7
2021-08-18T07:00,2021,Thane Mumbra,19.1906,73.0229,1.1,25.1,93.0,5.1
2021-08-18T08:00,2021,Thane Mumbra,19.1906,73.0229,1.0,25.8,89.0,6.4
2021-08-18T09:00,2021,Thane Mumbra,19.1906,73.0229,0.4,26.2,90.0,6.6
2021-08-18T10:00,2021,Thane Mumbra,19.1906,73.0229,0.5,26.6,89.0,8.2
2021-08-18T11:00,2021,Thane Mumbra,19.1906,73.0229,1.6,25.9,93.0,9.0
2021-08-18T12:00,2021,Thane Mumbra,19.1906,73.0229,0.7,26.1,93.0,9.6
2021-08-18T13:00,2021,Thane Mumbra,19.1906,73.0229,1.1,25.9,96.0,8.3
2021-08-18T14:00,2021,Thane Mumbra,19.1906,73.0229,1.0,25.9,95.0,9.2
2021-08-18T15:00,2021,Thane Mumbra,19.1906,73.0229,1.9,25.7,95.0,8.6
2021-08-18T16:00,2021,Thane Mumbra,19.1906,73.0229,1.3,25.3,96.0,8.4
2021-08-18T17:00,2021,Thane Mumbra,19.1906,73.0229,1.0,25.7,93.0,6.3
2021-08-18T18:00,2021,Thane Mumbra,19.1906,73.0229,1.2,25.1,97.0,5.0
2021-08-18T19:00,2021,Thane Mumbra,19.1906,73.0229,1.4,24.9,97.0,3.1
2021-08-18T20:00,2021,Thane Mumbra,19.1906,73.0229,1.7,24.9,94.0,4.3
2021-08-18T21:00,2021,Thane Mumbra,19.1906,73.0229,0.8,24.8,96.0,5.1
2021-08-18T22:00,2021,Thane Mumbra,19.1906,73.0229,0.5,24.8,96.0,4.5
2021-08-18T23:00,2021,Thane Mumbra,19.1906,73.0229,0.5,24.7,96.0,6.6
2021-08-19T00:00,2021,Thane Mumbra,19.1906,73.0229,0.6,24.7,96.0,6.9
2021-08-19T01:00,2021,Thane Mumbra,19.1906,73.0229,0.8,24.4,95.0,8.8
2021-08-19T02:00,2021,Thane Mumbra,19.1906,73.0229,0.6,24.5,96.0,5.9
2021-08-19T03:00,2021,Thane Mumbra,19.1906,73.0229,0.5,24.5,96.0,8.0
2021-08-19T04:00,2021,Thane Mumbra,19.1906,73.0229,0.5,24.5,96.0,8.0
2021-08-19T05:00,2021,Thane Mumbra,19.1906,73.0229,0.5,24.4,96.0,8.8
2021-08-19T06:00,2021,Thane Mumbra,19.1906,73.0229,1.3,24.6,96.0,8.6
2021-08-19T07:00,2021,Thane Mumbra,19.1906,73.0229,1.2,24.8,96.0,9.5
2021-08-19T08:00,2021,Thane Mumbra,19.1906,73.0229,0.9,25.2,95.0,8.0
2021-08-19T09:00,2021,Thane Mumbra,19.1906,73.0229,1.2,25.3,96.0,7.9
2021-08-19T10:00,2021,Thane Mumbra,19.1906,73.0229,2.5,25.4,93.0,11.3
2021-08-19T11:00,2021,Thane Mumbra,19.1906,73.0229,2.3,25.6,94.0,10.6
2021-08-19T12:00,2021,Thane Mumbra,19.1906,73.0229,2.8,25.5,93.0,9.6
2021-08-19T13:00,2021,Thane Mumbra,19.1906,73.0229,1.7,25.9,94.0,8.9
2021-08-19T14:00,2021,Thane Mumbra,19.1906,73.0229,3.2,25.4,92.0,10.1
2021-08-19T15:00,2021,Thane Mumbra,19.1906,73.0229,2.7,25.2,92.0,12.2
2021-08-19T16:00,2021,Thane Mumbra,19.1906,73.0229,2.1,25.4,93.0,7.1
2021-08-19T17:00,2021,Thane Mumbra,19.1906,73.0229,1.6,25.0,93.0,5.2
2021-08-19T18:00,2021,Thane Mumbra,19.1906,73.0229,1.3,24.8,93.0,8.0
2021-08-19T19:00,2021,Thane Mumbra,19.1906,73.0229,0.8,24.7,95.0,5.2
2021-08-19T20:00,2021,Thane Mumbra,19.1906,73.0229,1.1,24.7,94.0,6.3
2021-08-19T21:00,2021,Thane Mumbra,19.1906,73.0229,1.0,24.7,93.0,6.4
2021-08-19T22:00,2021,Thane Mumbra,19.1906,73.0229,0.9,24.6,96.0,5.7
2021-08-19T23:00,2021,Thane Mumbra,19.1906,73.0229,0.8,24.7,92.0,5.4
2021-08-20T00:00,2021,Thane Mumbra,19.1906,73.0229,0.8,24.4,94.0,6.3
2021-08-20T01:00,2021,Thane Mumbra,19.1906,73.0229,0.5,24.3,96.0,8.2
2021-08-20T02:00,2021,Thane Mumbra,19.1906,73.0229,0.2,24.4,96.0,7.1
2021-08-20T03:00,2021,Thane Mumbra,19.1906,73.0229,0.1,24.5,97.0,5.5
2021-08-20T04:00,2021,Thane Mumbra,19.1906,73.0229,0.2,24.4,98.0,2.1
2021-08-20T05:00,2021,Thane Mumbra,19.1906,73.0229,0.2,24.4,97.0,3.8
2021-08-20T06:00,2021,Thane Mumbra,19.1906,73.0229,0.1,24.4,96.0,4.4
2021-08-20T07:00,2021,Thane Mumbra,19.1906,73.0229,0.1,24.6,96.0,3.7
2021-08-20T08:00,2021,Thane Mumbra,19.1906,73.0229,0.0,25.5,93.0,1.5
2021-08-20T09:00,2021,Thane Mumbra,19.1906,73.0229,0.0,26.4,81.0,8.0
2021-08-20T10:00,2021,Thane Mumbra,19.1906,73.0229,0.0,27.2,76.0,6.8
2021-08-20T11:00,2021,Thane Mumbra,19.1906,73.0229,1.0,27.6,76.0,10.5
2021-08-20T12:00,2021,Thane Mumbra,19.1906,73.0229,0.2,27.3,77.0,12.0
2021-08-20T13:00,2021,Thane Mumbra,19.1906,73.0229,0.4,27.2,78.0,12.9
2021-08-20T14:00,2021,Thane Mumbra,19.1906,73.0229,0.2,26.5,81.0,12.5
2021-08-20T15:00,2021,Thane Mumbra,19.1906,73.0229,0.4,26.2,84.0,12.7
2021-08-20T16:00,2021,Thane Mumbra,19.1906,73.0229,0.4,26.1,89.0,10.4
2021-08-20T17:00,2021,Thane Mumbra,19.1906,73.0229,0.5,25.6,90.0,11.8
2021-08-20T18:00,2021,Thane Mumbra,19.1906,73.0229,3.3,25.2,94.0,10.8
2021-08-20T19:00,2021,Thane Mumbra,19.1906,73.0229,6.3,25.2,92.0,8.9
2021-08-20T20:00,2021,Thane Mumbra,19.1906,73.0229,6.6,24.9,93.0,7.0
2021-08-20T21:00,2021,Thane Mumbra,19.1906,73.0229,4.9,24.9,93.0,8.3
2021-08-20T22:00,2021,Thane Mumbra,19.1906,73.0229,3.3,24.7,96.0,6.3
2021-08-20T23:00,2021,Thane Mumbra,19.1906,73.0229,1.8,24.8,95.0,6.1
2021-08-21T00:00,2021,Thane Mumbra,19.1906,73.0229,1.6,24.8,95.0,5.4
2021-08-21T01:00,2021,Thane Mumbra,19.1906,73.0229,1.1,24.8,94.0,6.1
2021-08-21T02:00,2021,Thane Mumbra,19.1906,73.0229,1.6,24.6,94.0,7.9
2021-08-21T03:00,2021,Thane Mumbra,19.1906,73.0229,0.9,24.5,95.0,6.8
2021-08-21T04:00,2021,Thane Mumbra,19.1906,73.0229,1.2,24.4,96.0,6.5
2021-08-21T05:00,2021,Thane Mumbra,19.1906,73.0229,1.4,24.5,93.0,4.7
2021-08-21T06:00,2021,Thane Mumbra,19.1906,73.0229,2.0,24.4,96.0,6.7
2021-08-21T07:00,2021,Thane Mumbra,19.1906,73.0229,3.2,24.5,96.0,8.3
2021-08-21T08:00,2021,Thane Mumbra,19.1906,73.0229,3.6,24.9,94.0,9.5
2021-08-21T09:00,2021,Thane Mumbra,19.1906,73.0229,4.8,24.8,95.0,11.3
2021-08-21T10:00,2021,Thane Mumbra,19.1906,73.0229,5.4,25.2,95.0,13.8
2021-08-21T11:00,2021,Thane Mumbra,19.1906,73.0229,7.6,25.2,93.0,18.6
2021-08-21T12:00,2021,Thane Mumbra,19.1906,73.0229,9.7,25.2,94.0,18.4
2021-08-21T13:00,2021,Thane Mumbra,19.1906,73.0229,3.0,25.5,91.0,16.7
2021-08-21T14:00,2021,Thane Mumbra,19.1906,73.0229,1.1,25.7,90.0,16.8
2021-08-21T15:00,2021,Thane Mumbra,19.1906,73.0229,0.5,26.1,90.0,15.5
2021-08-21T16:00,2021,Thane Mumbra,19.1906,73.0229,0.7,25.8,92.0,12.5
2021-08-21T17:00,2021,Thane Mumbra,19.1906,73.0229,0.9,25.2,92.0,8.2
2021-08-21T18:00,2021,Thane Mumbra,19.1906,73.0229,0.6,25.0,94.0,9.0
2021-08-21T19:00,2021,Thane Mumbra,19.1906,73.0229,0.6,24.8,95.0,8.7
2021-08-21T20:00,2021,Thane Mumbra,19.1906,73.0229,0.2,24.7,95.0,7.9
2021-08-21T21:00,2021,Thane Mumbra,19.1906,73.0229,0.2,24.7,96.0,7.1
2021-08-21T22:00,2021,Thane Mumbra,19.1906,73.0229,0.4,24.5,96.0,8.2
2021-08-21T23:00,2021,Thane Mumbra,19.1906,73.0229,0.4,24.6,95.0,9.2
2021-08-22T00:00,2021,Thane Mumbra,19.1906,73.0229,0.3,24.5,97.0,8.6
2021-08-22T01:00,2021,Thane Mumbra,19.1906,73.0229,0.2,24.4,96.0,9.1
2021-08-22T02:00,2021,Thane Mumbra,19.1906,73.0229,0.1,24.2,97.0,9.8
2021-08-22T03:00,2021,Thane Mumbra,19.1906,73.0229,0.1,24.0,97.0,9.4
2021-08-22T04:00,2021,Thane Mumbra,19.1906,73.0229,0.1,24.1,96.0,9.9
2021-08-22T05:00,2021,Thane Mumbra,19.1906,73.0229,0.3,24.5,94.0,9.1
2021-08-22T06:00,2021,Thane Mumbra,19.1906,73.0229,0.4,24.5,96.0,8.0
2021-08-22T07:00,2021,Thane Mumbra,19.1906,73.0229,0.4,24.9,95.0,9.8
2021-08-22T08:00,2021,Thane Mumbra,19.1906,73.0229,0.3,25.6,91.0,9.6
2021-08-22T09:00,2021,Thane Mumbra,19.1906,73.0229,0.2,26.3,90.0,10.9
2021-08-22T10:00,2021,Thane Mumbra,19.1906,73.0229,0.2,26.6,89.0,10.4
2021-08-22T11:00,2021,Thane Mumbra,19.1906,73.0229,0.1,27.5,86.0,10.0
2021-08-22T12:00,2021,Thane Mumbra,19.1906,73.0229,0.1,28.4,84.0,9.7
2021-08-22T13:00,2021,Thane Mumbra,19.1906,73.0229,0.7,28.3,79.0,13.0
2021-08-22T14:00,2021,Thane Mumbra,19.1906,73.0229,0.2,27.9,86.0,13.0
2021-08-22T15:00,2021,Thane Mumbra,19.1906,73.0229,0.1,28.2,84.0,10.9
2021-08-22T16:00,2021,Thane Mumbra,19.1906,73.0229,0.1,28.1,83.0,10.1
2021-08-22T17:00,2021,Thane Mumbra,19.1906,73.0229,0.2,27.7,80.0,10.3
2021-08-22T18:00,2021,Thane Mumbra,19.1906,73.0229,0.0,26.8,85.0,7.6
2021-08-22T19:00,2021,Thane Mumbra,19.1906,73.0229,0.0,25.8,89.0,6.4
2021-08-22T20:00,2021,Thane Mumbra,19.1906,73.0229,0.0,25.3,93.0,4.6
2021-08-22T21:00,2021,Thane Mumbra,19.1906,73.0229,0.0,24.9,95.0,4.2
2021-08-22T22:00,2021,Thane Mumbra,19.1906,73.0229,0.0,24.8,95.0,4.4
2021-08-22T23:00,2021,Thane Mumbra,19.1906,73.0229,0.1,24.9,95.0,5.4
2021-08-23T00:00,2021,Thane Mumbra,19.1906,73.0229,0.0,24.7,96.0,5.7
2021-08-23T01:00,2021,Thane Mumbra,19.1906,73.0229,0.0,24.5,96.0,5.6
2021-08-23T02:00,2021,Thane Mumbra,19.1906,73.0229,0.1,24.3,97.0,5.2
2021-08-23T03:00,2021,Thane Mumbra,19.1906,73.0229,0.0,24.1,97.0,4.7
2021-08-23T04:00,2021,Thane Mumbra,19.1906,73.0229,0.0,23.9,97.0,4.5
2021-08-23T05:00,2021,Thane Mumbra,19.1906,73.0229,0.0,24.2,95.0,5.8
2021-08-23T06:00,2021,Thane Mumbra,19.1906,73.0229,0.0,24.4,94.0,6.5
2021-08-23T07:00,2021,Thane Mumbra,19.1906,73.0229,0.0,25.4,90.0,7.2
2021-08-23T08:00,2021,Thane Mumbra,19.1906,73.0229,0.1,26.3,86.0,9.7
2021-08-23T09:00,2021,Thane Mumbra,19.1906,73.0229,0.2,27.5,81.0,10.8
2021-08-23T10:00,2021,Thane Mumbra,19.1906,73.0229,0.3,28.2,78.0,11.5
2021-08-23T11:00,2021,Thane Mumbra,19.1906,73.0229,0.4,28.7,77.0,12.5
2021-08-23T12:00,2021,Thane Mumbra,19.1906,73.0229,0.0,29.2,78.0,12.6
2021-08-23T13:00,2021,Thane Mumbra,19.1906,73.0229,0.0,29.4,79.0,12.3
2021-08-23T14:00,2021,Thane Mumbra,19.1906,73.0229,0.4,29.0,78.0,13.3
2021-08-23T15:00,2021,Thane Mumbra,19.1906,73.0229,0.2,29.1,80.0,11.6
2021-08-23T16:00,2021,Thane Mumbra,19.1906,73.0229,0.2,28.3,81.0,11.4
2021-08-23T17:00,2021,Thane Mumbra,19.1906,73.0229,0.2,28.1,79.0,10.2
2021-08-23T18:00,2021,Thane Mumbra,19.1906,73.0229,0.0,27.3,82.0,7.1
2021-08-23T19:00,2021,Thane Mumbra,19.1906,73.0229,0.0,25.9,91.0,4.4
2021-08-23T20:00,2021,Thane Mumbra,19.1906,73.0229,0.0,25.4,94.0,4.5
2021-08-23T21:00,2021,Thane Mumbra,19.1906,73.0229,0.0,25.4,94.0,4.0
2021-08-23T22:00,2021,Thane Mumbra,19.1906,73.0229,0.0,25.2,94.0,4.5
2021-08-23T23:00,2021,Thane Mumbra,19.1906,73.0229,0.0,25.0,95.0,5.2
2021-08-24T00:00,2021,Thane Mumbra,19.1906,73.0229,0.0,24.8,96.0,5.2
2021-08-24T01:00,2021,Thane Mumbra,19.1906,73.0229,0.0,24.8,96.0,5.9
2021-08-24T02:00,2021,Thane Mumbra,19.1906,73.0229,0.0,24.7,96.0,6.3
2021-08-24T03:00,2021,Thane Mumbra,19.1906,73.0229,0.0,24.6,96.0,6.3
2021-08-24T04:00,2021,Thane Mumbra,19.1906,73.0229,0.0,24.5,96.0,6.3
2021-08-24T05:00,2021,Thane Mumbra,19.1906,73.0229,0.0,24.6,96.0,4.5
2021-08-24T06:00,2021,Thane Mumbra,19.1906,73.0229,0.0,24.8,95.0,4.7
2021-08-24T07:00,2021,Thane Mumbra,19.1906,73.0229,0.0,25.6,91.0,5.8
2021-08-24T08:00,2021,Thane Mumbra,19.1906,73.0229,0.1,26.5,88.0,9.0
2021-08-24T09:00,2021,Thane Mumbra,19.1906,73.0229,0.2,27.3,84.0,8.3
2021-08-24T10:00,2021,Thane Mumbra,19.1906,73.0229,0.2,28.1,83.0,9.2
2021-08-24T11:00,2021,Thane Mumbra,19.1906,73.0229,0.1,28.7,83.0,9.5
2021-08-24T12:00,2021,Thane Mumbra,19.1906,73.0229,0.1,29.4,81.0,10.1
2021-08-24T13:00,2021,Thane Mumbra,19.1906,73.0229,0.1,29.2,83.0,12.4
2021-08-24T14:00,2021,Thane Mumbra,19.1906,73.0229,0.2,29.3,81.0,11.4
2021-08-24T15:00,2021,Thane Mumbra,19.1906,73.0229,0.6,28.7,80.0,11.2
2021-08-24T16:00,2021,Thane Mumbra,19.1906,73.0229,0.2,28.5,78.0,12.3
2021-08-24T17:00,2021,Thane Mumbra,19.1906,73.0229,0.1,28.5,78.0,10.5
2021-08-24T18:00,2021,Thane Mumbra,19.1906,73.0229,0.0,27.6,83.0,8.1
2021-08-24T19:00,2021,Thane Mumbra,19.1906,73.0229,0.0,26.5,89.0,5.3
2021-08-24T20:00,2021,Thane Mumbra,19.1906,73.0229,0.0,26.0,93.0,3.6
2021-08-24T21:00,2021,Thane Mumbra,19.1906,73.0229,0.0,25.7,94.0,4.1
2021-08-24T22:00,2021,Thane Mumbra,19.1906,73.0229,0.0,25.5,95.0,4.3
2021-08-24T23:00,2021,Thane Mumbra,19.1906,73.0229,0.0,25.4,96.0,4.3
2021-08-25T00:00,2021,Thane Mumbra,19.1906,73.0229,0.0,25.5,95.0,5.2
2021-08-25T01:00,2021,Thane Mumbra,19.1906,73.0229,0.1,25.2,96.0,4.8
2021-08-25T02:00,2021,Thane Mumbra,19.1906,73.0229,0.1,25.1,97.0,5.9
2021-08-25T03:00,2021,Thane Mumbra,19.1906,73.0229,0.1,25.0,97.0,5.4
2021-08-25T04:00,2021,Thane Mumbra,19.1906,73.0229,0.1,25.0,97.0,6.6
2021-08-25T05:00,2021,Thane Mumbra,19.1906,73.0229,0.1,24.9,96.0,6.5
2021-08-25T06:00,2021,Thane Mumbra,19.1906,73.0229,0.2,24.9,97.0,5.5
2021-08-25T07:00,2021,Thane Mumbra,19.1906,73.0229,0.1,25.6,94.0,7.0
2021-08-25T08:00,2021,Thane Mumbra,19.1906,73.0229,0.5,26.5,89.0,9.6
2021-08-25T09:00,2021,Thane Mumbra,19.1906,73.0229,0.2,27.3,89.0,9.4
2021-08-25T10:00,2021,Thane Mumbra,19.1906,73.0229,0.1,28.2,86.0,10.0
2021-08-25T11:00,2021,Thane Mumbra,19.1906,73.0229,0.1,28.9,83.0,11.4
2021-08-25T12:00,2021,Thane Mumbra,19.1906,73.0229,0.2,28.8,83.0,12.0
2021-08-25T13:00,2021,Thane Mumbra,19.1906,73.0229,0.1,28.8,83.0,13.0
2021-08-25T14:00,2021,Thane Mumbra,19.1906,73.0229,0.1,28.8,82.0,13.7
2021-08-25T15:00,2021,Thane Mumbra,19.1906,73.0229,0.1,28.5,81.0,13.9
2021-08-25T16:00,2021,Thane Mumbra,19.1906,73.0229,0.0,28.2,80.0,13.5
2021-08-25T17:00,2021,Thane Mumbra,19.1906,73.0229,0.0,27.9,79.0,11.7
2021-08-25T18:00,2021,Thane Mumbra,19.1906,73.0229,0.0,27.2,82.0,8.4
2021-08-25T19:00,2021,Thane Mumbra,19.1906,73.0229,0.0,26.3,87.0,5.5
2021-08-25T20:00,2021,Thane Mumbra,19.1906,73.0229,0.0,26.0,90.0,3.6
2021-08-25T21:00,2021,Thane Mumbra,19.1906,73.0229,0.0,25.6,92.0,4.3
2021-08-25T22:00,2021,Thane Mumbra,19.1906,73.0229,0.0,25.5,93.0,5.4
2021-08-25T23:00,2021,Thane Mumbra,19.1906,73.0229,0.0,25.4,93.0,5.8
2021-08-26T00:00,2021,Thane Mumbra,19.1906,73.0229,0.0,25.4,93.0,6.9
2021-08-26T01:00,2021,Thane Mumbra,19.1906,73.0229,0.1,25.0,96.0,6.2
2021-08-26T02:00,2021,Thane Mumbra,19.1906,73.0229,0.2,24.9,96.0,5.9
2021-08-26T03:00,2021,Thane Mumbra,19.1906,73.0229,0.2,25.0,96.0,7.3
2021-08-26T04:00,2021,Thane Mumbra,19.1906,73.0229,0.2,24.8,96.0,7.1
2021-08-26T05:00,2021,Thane Mumbra,19.1906,73.0229,0.2,24.7,96.0,7.8
2021-08-26T06:00,2021,Thane Mumbra,19.1906,73.0229,0.2,24.8,97.0,8.7
2021-08-26T07:00,2021,Thane Mumbra,19.1906,73.0229,0.3,25.4,93.0,10.3
2021-08-26T08:00,2021,Thane Mumbra,19.1906,73.0229,0.1,26.3,89.0,10.6
2021-08-26T09:00,2021,Thane Mumbra,19.1906,73.0229,0.4,26.9,83.0,14.4
2021-08-26T10:00,2021,Thane Mumbra,19.1906,73.0229,0.5,27.0,86.0,13.8
2021-08-26T11:00,2021,Thane Mumbra,19.1906,73.0229,0.2,27.8,84.0,12.6
2021-08-26T12:00,2021,Thane Mumbra,19.1906,73.0229,0.1,28.3,84.0,12.5
2021-08-26T13:00,2021,Thane Mumbra,19.1906,73.0229,0.0,28.7,83.0,12.3
2021-08-26T14:00,2021,Thane Mumbra,19.1906,73.0229,0.0,28.6,83.0,13.3
2021-08-26T15:00,2021,Thane Mumbra,19.1906,73.0229,0.2,28.1,83.0,14.4
2021-08-26T16:00,2021,Thane Mumbra,19.1906,73.0229,0.1,27.7,85.0,12.2
2021-08-26T17:00,2021,Thane Mumbra,19.1906,73.0229,0.1,27.4,83.0,12.5
2021-08-26T18:00,2021,Thane Mumbra,19.1906,73.0229,0.0,26.9,85.0,8.7
2021-08-26T19:00,2021,Thane Mumbra,19.1906,73.0229,0.0,26.2,88.0,6.0
2021-08-26T20:00,2021,Thane Mumbra,19.1906,73.0229,0.0,25.9,91.0,5.5
2021-08-26T21:00,2021,Thane Mumbra,19.1906,73.0229,0.0,25.6,93.0,5.8
2021-08-26T22:00,2021,Thane Mumbra,19.1906,73.0229,0.1,25.4,93.0,6.8
2021-08-26T23:00,2021,Thane Mumbra,19.1906,73.0229,0.3,25.1,95.0,8.2
2021-08-27T00:00,2021,Thane Mumbra,19.1906,73.0229,0.4,25.2,94.0,8.7
2021-08-27T01:00,2021,Thane Mumbra,19.1906,73.0229,0.3,25.0,95.0,10.6
2021-08-27T02:00,2021,Thane Mumbra,19.1906,73.0229,0.3,25.1,95.0,9.5
2021-08-27T03:00,2021,Thane Mumbra,19.1906,73.0229,0.4,24.8,95.0,10.7
2021-08-27T04:00,2021,Thane Mumbra,19.1906,73.0229,0.2,24.9,96.0,5.4
2021-08-27T05:00,2021,Thane Mumbra,19.1906,73.0229,0.2,24.8,94.0,9.4
2021-08-27T06:00,2021,Thane Mumbra,19.1906,73.0229,0.2,24.9,94.0,9.2
2021-08-27T07:00,2021,Thane Mumbra,19.1906,73.0229,0.1,25.4,94.0,8.6
2021-08-27T08:00,2021,Thane Mumbra,19.1906,73.0229,0.1,26.4,89.0,10.2
2021-08-27T09:00,2021,Thane Mumbra,19.1906,73.0229,0.3,26.2,89.0,10.9
2021-08-27T10:00,2021,Thane Mumbra,19.1906,73.0229,0.2,27.3,87.0,11.0
2021-08-27T11:00,2021,Thane Mumbra,19.1906,73.0229,0.2,27.9,85.0,10.8
2021-08-27T12:00,2021,Thane Mumbra,19.1906,73.0229,0.0,28.2,84.0,10.8
2021-08-27T13:00,2021,Thane Mumbra,19.1906,73.0229,0.1,28.5,83.0,9.2
2021-08-27T14:00,2021,Thane Mumbra,19.1906,73.0229,0.0,29.1,81.0,8.7
2021-08-27T15:00,2021,Thane Mumbra,19.1906,73.0229,0.0,29.2,81.0,9.5
2021-08-27T16:00,2021,Thane Mumbra,19.1906,73.0229,0.1,28.5,83.0,10.5
2021-08-27T17:00,2021,Thane Mumbra,19.1906,73.0229,0.2,28.4,77.0,10.6
2021-08-27T18:00,2021,Thane Mumbra,19.1906,73.0229,0.0,27.3,82.0,8.1
2021-08-27T19:00,2021,Thane Mumbra,19.1906,73.0229,0.0,26.2,88.0,5.9
2021-08-27T20:00,2021,Thane Mumbra,19.1906,73.0229,0.0,25.5,92.0,4.6
2021-08-27T21:00,2021,Thane Mumbra,19.1906,73.0229,0.0,25.2,94.0,4.8
2021-08-27T22:00,2021,Thane Mumbra,19.1906,73.0229,0.0,25.1,94.0,4.7
2021-08-27T23:00,2021,Thane Mumbra,19.1906,73.0229,0.1,25.2,93.0,6.3
2021-08-28T00:00,2021,Thane Mumbra,19.1906,73.0229,0.0,25.1,93.0,5.9
2021-08-28T01:00,2021,Thane Mumbra,19.1906,73.0229,0.0,24.8,94.0,6.6
2021-08-28T02:00,2021,Thane Mumbra,19.1906,73.0229,0.1,24.7,93.0,7.4
2021-08-28T03:00,2021,Thane Mumbra,19.1906,73.0229,0.1,24.6,94.0,5.5
2021-08-28T04:00,2021,Thane Mumbra,19.1906,73.0229,0.3,24.5,95.0,4.5
2021-08-28T05:00,2021,Thane Mumbra,19.1906,73.0229,0.6,24.5,96.0,3.6
2021-08-28T06:00,2021,Thane Mumbra,19.1906,73.0229,0.0,24.4,96.0,3.3
2021-08-28T07:00,2021,Thane Mumbra,19.1906,73.0229,0.0,25.4,91.0,4.8
2021-08-28T08:00,2021,Thane Mumbra,19.1906,73.0229,0.1,26.3,84.0,6.9
2021-08-28T09:00,2021,Thane Mumbra,19.1906,73.0229,0.1,27.2,83.0,8.4
2021-08-28T10:00,2021,Thane Mumbra,19.1906,73.0229,0.0,27.9,84.0,8.3
2021-08-28T11:00,2021,Thane Mumbra,19.1906,73.0229,0.1,28.6,81.0,8.7
2021-08-28T12:00,2021,Thane Mumbra,19.1906,73.0229,0.0,29.2,79.0,10.5
2021-08-28T13:00,2021,Thane Mumbra,19.1906,73.0229,0.0,29.0,78.0,11.0
2021-08-28T14:00,2021,Thane Mumbra,19.1906,73.0229,0.1,28.7,79.0,11.2
2021-08-28T15:00,2021,Thane Mumbra,19.1906,73.0229,0.1,28.8,77.0,12.2
2021-08-28T16:00,2021,Thane Mumbra,19.1906,73.0229,0.1,28.4,77.0,12.4
2021-08-28T17:00,2021,Thane Mumbra,19.1906,73.0229,0.1,28.3,75.0,10.6
2021-08-28T18:00,2021,Thane Mumbra,19.1906,73.0229,0.0,27.3,81.0,6.6
2021-08-28T19:00,2021,Thane Mumbra,19.1906,73.0229,0.0,25.9,89.0,4.4
2021-08-28T20:00,2021,Thane Mumbra,19.1906,73.0229,0.0,25.4,93.0,4.6
2021-08-28T21:00,2021,Thane Mumbra,19.1906,73.0229,0.0,24.8,95.0,6.2
2021-08-28T22:00,2021,Thane Mumbra,19.1906,73.0229,0.0,24.7,95.0,5.8
2021-08-28T23:00,2021,Thane Mumbra,19.1906,73.0229,0.0,24.8,95.0,4.7
2021-08-29T00:00,2021,Thane Mumbra,19.1906,73.0229,0.2,24.9,94.0,4.3
2021-08-29T01:00,2021,Thane Mumbra,19.1906,73.0229,0.1,24.7,95.0,5.4
2021-08-29T02:00,2021,Thane Mumbra,19.1906,73.0229,0.0,24.4,96.0,4.0
2021-08-29T03:00,2021,Thane Mumbra,19.1906,73.0229,0.0,24.5,96.0,3.5
2021-08-29T04:00,2021,Thane Mumbra,19.1906,73.0229,0.0,24.1,96.0,4.1
2021-08-29T05:00,2021,Thane Mumbra,19.1906,73.0229,0.0,24.6,95.0,3.9
2021-08-29T06:00,2021,Thane Mumbra,19.1906,73.0229,0.1,24.9,93.0,3.7
2021-08-29T07:00,2021,Thane Mumbra,19.1906,73.0229,0.0,25.5,90.0,5.1
2021-08-29T08:00,2021,Thane Mumbra,19.1906,73.0229,0.0,26.4,88.0,4.5
2021-08-29T09:00,2021,Thane Mumbra,19.1906,73.0229,0.0,27.3,87.0,4.6
2021-08-29T10:00,2021,Thane Mumbra,19.1906,73.0229,0.1,28.3,85.0,5.5
2021-08-29T11:00,2021,Thane Mumbra,19.1906,73.0229,0.1,28.8,83.0,7.4
2021-08-29T12:00,2021,Thane Mumbra,19.1906,73.0229,0.2,29.1,82.0,8.8
2021-08-29T13:00,2021,Thane Mumbra,19.1906,73.0229,1.0,28.3,78.0,11.7
2021-08-29T14:00,2021,Thane Mumbra,19.1906,73.0229,0.5,28.1,84.0,7.9
2021-08-29T15:00,2021,Thane Mumbra,19.1906,73.0229,0.1,28.5,80.0,10.1
2021-08-29T16:00,2021,Thane Mumbra,19.1906,73.0229,0.1,28.0,82.0,9.4
2021-08-29T17:00,2021,Thane Mumbra,19.1906,73.0229,0.3,28.3,75.0,7.3
2021-08-29T18:00,2021,Thane Mumbra,19.1906,73.0229,0.0,27.5,81.0,4.0
2021-08-29T19:00,2021,Thane Mumbra,19.1906,73.0229,0.0,26.6,87.0,4.0
2021-08-29T20:00,2021,Thane Mumbra,19.1906,73.0229,0.0,26.2,90.0,4.2
2021-08-29T21:00,2021,Thane Mumbra,19.1906,73.0229,0.0,26.1,92.0,4.3
2021-08-29T22:00,2021,Thane Mumbra,19.1906,73.0229,0.0,26.2,92.0,3.9
2021-08-29T23:00,2021,Thane Mumbra,19.1906,73.0229,0.0,25.9,94.0,3.9
2021-08-30T00:00,2021,Thane Mumbra,19.1906,73.0229,0.0,25.9,93.0,3.4
2021-08-30T01:00,2021,Thane Mumbra,19.1906,73.0229,0.0,25.8,93.0,3.6
2021-08-30T02:00,2021,Thane Mumbra,19.1906,73.0229,0.0,25.6,94.0,4.7
2021-08-30T03:00,2021,Thane Mumbra,19.1906,73.0229,0.0,25.7,93.0,4.2
2021-08-30T04:00,2021,Thane Mumbra,19.1906,73.0229,0.0,26.2,88.0,3.2
2021-08-30T05:00,2021,Thane Mumbra,19.1906,73.0229,0.1,25.5,92.0,4.2
2021-08-30T06:00,2021,Thane Mumbra,19.1906,73.0229,0.1,25.6,91.0,3.6
2021-08-30T07:00,2021,Thane Mumbra,19.1906,73.0229,0.0,26.6,86.0,4.6
2021-08-30T08:00,2021,Thane Mumbra,19.1906,73.0229,0.0,27.4,83.0,5.6
2021-08-30T09:00,2021,Thane Mumbra,19.1906,73.0229,0.0,27.4,83.0,5.9
2021-08-30T10:00,2021,Thane Mumbra,19.1906,73.0229,0.0,27.3,84.0,8.3
2021-08-30T11:00,2021,Thane Mumbra,19.1906,73.0229,0.1,27.5,83.0,10.8
2021-08-30T12:00,2021,Thane Mumbra,19.1906,73.0229,0.3,27.1,83.0,11.6
2021-08-30T13:00,2021,Thane Mumbra,19.1906,73.0229,0.5,27.4,84.0,11.5
2021-08-30T14:00,2021,Thane Mumbra,19.1906,73.0229,0.2,27.4,87.0,11.4
2021-08-30T15:00,2021,Thane Mumbra,19.1906,73.0229,1.0,26.9,88.0,11.2
2021-08-30T16:00,2021,Thane Mumbra,19.1906,73.0229,0.3,27.0,86.0,9.4
2021-08-30T17:00,2021,Thane Mumbra,19.1906,73.0229,0.1,27.0,87.0,6.5
2021-08-30T18:00,2021,Thane Mumbra,19.1906,73.0229,0.6,26.5,92.0,2.6
2021-08-30T19:00,2021,Thane Mumbra,19.1906,73.0229,0.3,26.1,96.0,0.8
2021-08-30T20:00,2021,Thane Mumbra,19.1906,73.0229,0.7,26.0,95.0,1.1
2021-08-30T21:00,2021,Thane Mumbra,19.1906,73.0229,1.4,25.8,96.0,1.9
2021-08-30T22:00,2021,Thane Mumbra,19.1906,73.0229,1.1,25.7,97.0,1.8
2021-08-30T23:00,2021,Thane Mumbra,19.1906,73.0229,0.9,25.5,96.0,1.8
2021-08-31T00:00,2021,Thane Mumbra,19.1906,73.0229,1.2,25.2,96.0,1.1
2021-08-31T01:00,2021,Thane Mumbra,19.1906,73.0229,1.2,25.2,97.0,2.3
2021-08-31T02:00,2021,Thane Mumbra,19.1906,73.0229,1.2,25.0,96.0,4.2
2021-08-31T03:00,2021,Thane Mumbra,19.1906,73.0229,3.0,25.0,94.0,6.5
2021-08-31T04:00,2021,Thane Mumbra,19.1906,73.0229,2.6,25.0,94.0,10.5
2021-08-31T05:00,2021,Thane Mumbra,19.1906,73.0229,1.5,25.1,96.0,3.2
2021-08-31T06:00,2021,Thane Mumbra,19.1906,73.0229,0.7,25.3,96.0,2.9
2021-08-31T07:00,2021,Thane Mumbra,19.1906,73.0229,1.5,25.5,92.0,5.2
2021-08-31T08:00,2021,Thane Mumbra,19.1906,73.0229,2.6,25.3,93.0,8.2
2021-08-31T09:00,2021,Thane Mumbra,19.1906,73.0229,2.9,25.5,94.0,10.9
2021-08-31T10:00,2021,Thane Mumbra,19.1906,73.0229,3.6,25.5,92.0,11.9
2021-08-31T11:00,2021,Thane Mumbra,19.1906,73.0229,3.8,25.6,94.0,10.1
2021-08-31T12:00,2021,Thane Mumbra,19.1906,73.0229,3.3,25.5,93.0,11.9
2021-08-31T13:00,2021,Thane Mumbra,19.1906,73.0229,2.3,25.8,93.0,9.0
2021-08-31T14:00,2021,Thane Mumbra,19.1906,73.0229,1.2,25.9,90.0,9.8
2021-08-31T15:00,2021,Thane Mumbra,19.1906,73.0229,0.8,25.9,91.0,10.1
2021-08-31T16:00,2021,Thane Mumbra,19.1906,73.0229,0.5,25.9,91.0,8.6
2021-08-31T17:00,2021,Thane Mumbra,19.1906,73.0229,0.4,26.3,89.0,5.8
2021-08-31T18:00,2021,Thane Mumbra,19.1906,73.0229,0.2,26.0,92.0,4.4
2021-08-31T19:00,2021,Thane Mumbra,19.1906,73.0229,0.1,25.6,94.0,4.5
2021-08-31T20:00,2021,Thane Mumbra,19.1906,73.0229,0.2,25.5,93.0,5.2
2021-08-31T21:00,2021,Thane Mumbra,19.1906,73.0229,0.6,25.3,93.0,5.4
2021-08-31T22:00,2021,Thane Mumbra,19.1906,73.0229,0.6,25.1,93.0,6.2
2021-08-31T23:00,2021,Thane Mumbra,19.1906,73.0229,0.9,25.1,94.0,8.2
2021-09-01T00:00,2021,Thane Mumbra,19.1906,73.0229,0.5,25.0,93.0,8.4
2021-09-01T01:00,2021,Thane Mumbra,19.1906,73.0229,0.5,25.1,92.0,8.8
2021-09-01T02:00,2021,Thane Mumbra,19.1906,73.0229,0.5,24.9,93.0,9.6
2021-09-01T03:00,2021,Thane Mumbra,19.1906,73.0229,1.0,24.9,94.0,10.8
2021-09-01T04:00,2021,Thane Mumbra,19.1906,73.0229,1.5,24.8,94.0,11.9
2021-09-01T05:00,2021,Thane Mumbra,19.1906,73.0229,1.7,25.1,94.0,11.5
2021-09-01T06:00,2021,Thane Mumbra,19.1906,73.0229,1.7,25.1,94.0,9.7
2021-09-01T07:00,2021,Thane Mumbra,19.1906,73.0229,1.3,25.4,93.0,11.2
2021-09-01T08:00,2021,Thane Mumbra,19.1906,73.0229,0.6,25.6,92.0,13.2
2021-09-01T09:00,2021,Thane Mumbra,19.1906,73.0229,0.3,26.7,89.0,14.0
2021-09-01T10:00,2021,Thane Mumbra,19.1906,73.0229,1.0,26.8,90.0,14.5
2021-09-01T11:00,2021,Thane Mumbra,19.1906,73.0229,1.8,26.8,91.0,16.7
2021-09-01T12:00,2021,Thane Mumbra,19.1906,73.0229,0.2,28.1,87.0,13.3
2021-09-01T13:00,2021,Thane Mumbra,19.1906,73.0229,1.6,27.6,87.0,16.8
2021-09-01T14:00,2021,Thane Mumbra,19.1906,73.0229,1.5,27.6,88.0,14.3
2021-09-01T15:00,2021,Thane Mumbra,19.1906,73.0229,1.4,27.5,90.0,13.3
2021-09-01T16:00,2021,Thane Mumbra,19.1906,73.0229,2.7,26.8,91.0,14.6
2021-09-01T17:00,2021,Thane Mumbra,19.1906,73.0229,1.5,27.0,84.0,13.6
2021-09-01T18:00,2021,Thane Mumbra,19.1906,73.0229,0.1,26.3,87.0,13.3
2021-09-01T19:00,2021,Thane Mumbra,19.1906,73.0229,0.2,25.8,89.0,12.0
2021-09-01T20:00,2021,Thane Mumbra,19.1906,73.0229,0.6,25.3,95.0,11.2
2021-09-01T21:00,2021,Thane Mumbra,19.1906,73.0229,0.1,25.2,96.0,11.5
2021-09-01T22:00,2021,Thane Mumbra,19.1906,73.0229,0.1,25.2,95.0,12.0
2021-09-01T23:00,2021,Thane Mumbra,19.1906,73.0229,0.3,25.2,96.0,14.2
2021-09-02T00:00,2021,Thane Mumbra,19.1906,73.0229,0.5,25.0,96.0,14.2
2021-09-02T01:00,2021,Thane Mumbra,19.1906,73.0229,0.8,25.1,93.0,16.6
2021-09-02T02:00,2021,Thane Mumbra,19.1906,73.0229,0.9,25.0,93.0,15.4
2021-09-02T03:00,2021,Thane Mumbra,19.1906,73.0229,0.3,24.9,96.0,15.1
2021-09-02T04:00,2021,Thane Mumbra,19.1906,73.0229,0.2,24.9,96.0,14.8
2021-09-02T05:00,2021,Thane Mumbra,19.1906,73.0229,0.8,24.9,95.0,13.4
2021-09-02T06:00,2021,Thane Mumbra,19.1906,73.0229,0.2,24.9,95.0,14.1
2021-09-02T07:00,2021,Thane Mumbra,19.1906,73.0229,0.3,25.2,94.0,14.6
2021-09-02T08:00,2021,Thane Mumbra,19.1906,73.0229,0.4,25.9,92.0,15.2
2021-09-02T09:00,2021,Thane Mumbra,19.1906,73.0229,0.1,26.6,90.0,16.7
2021-09-02T10:00,2021,Thane Mumbra,19.1906,73.0229,0.1,27.6,87.0,15.5
2021-09-02T11:00,2021,Thane Mumbra,19.1906,73.0229,0.1,27.9,85.0,16.5
2021-09-02T12:00,2021,Thane Mumbra,19.1906,73.0229,0.1,28.3,84.0,17.3
2021-09-02T13:00,2021,Thane Mumbra,19.1906,73.0229,0.3,28.0,84.0,18.7
2021-09-02T14:00,2021,Thane Mumbra,19.1906,73.0229,0.4,28.4,86.0,16.2
2021-09-02T15:00,2021,Thane Mumbra,19.1906,73.0229,0.2,28.1,85.0,17.9
2021-09-02T16:00,2021,Thane Mumbra,19.1906,73.0229,0.1,27.7,85.0,18.6
2021-09-02T17:00,2021,Thane Mumbra,19.1906,73.0229,0.3,27.2,84.0,13.3
2021-09-02T18:00,2021,Thane Mumbra,19.1906,73.0229,0.4,26.4,86.0,15.1
2021-09-02T19:00,2021,Thane Mumbra,19.1906,73.0229,0.3,25.9,89.0,11.9
2021-09-02T20:00,2021,Thane Mumbra,19.1906,73.0229,0.2,25.7,91.0,11.4
2021-09-02T21:00,2021,Thane Mumbra,19.1906,73.0229,0.1,25.6,93.0,12.3
2021-09-02T22:00,2021,Thane Mumbra,19.1906,73.0229,0.5,25.5,94.0,12.5
2021-09-02T23:00,2021,Thane Mumbra,19.1906,73.0229,0.5,25.3,94.0,14.0
2021-09-03T00:00,2021,Thane Mumbra,19.1906,73.0229,0.4,25.3,93.0,13.8
2021-09-03T01:00,2021,Thane Mumbra,19.1906,73.0229,0.8,25.1,93.0,14.8
2021-09-03T02:00,2021,Thane Mumbra,19.1906,73.0229,0.8,24.8,94.0,14.9
2021-09-03T03:00,2021,Thane Mumbra,19.1906,73.0229,0.6,24.8,95.0,14.7
2021-09-03T04:00,2021,Thane Mumbra,19.1906,73.0229,0.2,24.8,96.0,14.1
2021-09-03T05:00,2021,Thane Mumbra,19.1906,73.0229,0.2,24.6,95.0,11.0
2021-09-03T06:00,2021,Thane Mumbra,19.1906,73.0229,0.2,24.5,96.0,11.4
2021-09-03T07:00,2021,Thane Mumbra,19.1906,73.0229,0.2,25.0,94.0,12.2
2021-09-03T08:00,2021,Thane Mumbra,19.1906,73.0229,0.2,25.8,90.0,14.8
2021-09-03T09:00,2021,Thane Mumbra,19.1906,73.0229,0.1,26.8,88.0,14.3
2021-09-03T10:00,2021,Thane Mumbra,19.1906,73.0229,0.1,27.9,85.0,15.2
2021-09-03T11:00,2021,Thane Mumbra,19.1906,73.0229,0.2,27.8,85.0,16.7
2021-09-03T12:00,2021,Thane Mumbra,19.1906,73.0229,0.3,27.9,85.0,16.8
2021-09-03T13:00,2021,Thane Mumbra,19.1906,73.0229,0.1,27.9,85.0,16.6
2021-09-03T14:00,2021,Thane Mumbra,19.1906,73.0229,0.1,28.2,83.0,15.9
2021-09-03T15:00,2021,Thane Mumbra,19.1906,73.0229,3.1,27.1,89.0,14.1
2021-09-03T16:00,2021,Thane Mumbra,19.1906,73.0229,0.6,27.4,85.0,13.5
2021-09-03T17:00,2021,Thane Mumbra,19.1906,73.0229,1.2,26.2,90.0,12.2
2021-09-03T18:00,2021,Thane Mumbra,19.1906,73.0229,1.2,26.0,90.0,11.1
2021-09-03T19:00,2021,Thane Mumbra,19.1906,73.0229,0.2,25.5,93.0,8.4
2021-09-03T20:00,2021,Thane Mumbra,19.1906,73.0229,0.4,25.4,93.0,7.4
2021-09-03T21:00,2021,Thane Mumbra,19.1906,73.0229,0.8,25.4,94.0,5.5
2021-09-03T22:00,2021,Thane Mumbra,19.1906,73.0229,0.9,25.3,94.0,7.8
2021-09-03T23:00,2021,Thane Mumbra,19.1906,73.0229,0.9,25.1,95.0,6.8
2021-09-04T00:00,2021,Thane Mumbra,19.1906,73.0229,1.4,24.8,96.0,7.0
2021-09-04T01:00,2021,Thane Mumbra,19.1906,73.0229,0.5,24.7,96.0,7.5
2021-09-04T02:00,2021,Thane Mumbra,19.1906,73.0229,0.1,24.5,97.0,8.0
2021-09-04T03:00,2021,Thane Mumbra,19.1906,73.0229,0.1,24.4,97.0,8.4
2021-09-04T04:00,2021,Thane Mumbra,19.1906,73.0229,0.1,24.5,97.0,9.2
2021-09-04T05:00,2021,Thane Mumbra,19.1906,73.0229,0.1,24.9,94.0,9.7
2021-09-04T06:00,2021,Thane Mumbra,19.1906,73.0229,0.4,25.0,93.0,8.7
2021-09-04T07:00,2021,Thane Mumbra,19.1906,73.0229,0.2,25.2,94.0,8.1
2021-09-04T08:00,2021,Thane Mumbra,19.1906,73.0229,0.2,26.3,91.0,7.3
2021-09-04T09:00,2021,Thane Mumbra,19.1906,73.0229,0.2,27.3,89.0,8.7
2021-09-04T10:00,2021,Thane Mumbra,19.1906,73.0229,0.2,28.2,87.0,10.5
2021-09-04T11:00,2021,Thane Mumbra,19.1906,73.0229,2.1,28.6,83.0,13.8
2021-09-04T12:00,2021,Thane Mumbra,19.1906,73.0229,2.9,28.0,87.0,13.7
2021-09-04T13:00,2021,Thane Mumbra,19.1906,73.0229,2.0,28.1,86.0,13.6
2021-09-04T14:00,2021,Thane Mumbra,19.1906,73.0229,2.4,27.4,86.0,14.9
2021-09-04T15:00,2021,Thane Mumbra,19.1906,73.0229,0.5,27.4,91.0,11.0
2021-09-04T16:00,2021,Thane Mumbra,19.1906,73.0229,0.3,27.3,91.0,9.2
2021-09-04T17:00,2021,Thane Mumbra,19.1906,73.0229,1.8,26.5,90.0,11.8
2021-09-04T18:00,2021,Thane Mumbra,19.1906,73.0229,0.8,26.2,94.0,7.4
2021-09-04T19:00,2021,Thane Mumbra,19.1906,73.0229,1.4,25.6,96.0,9.7
2021-09-04T20:00,2021,Thane Mumbra,19.1906,73.0229,0.8,25.4,94.0,7.3
2021-09-04T21:00,2021,Thane Mumbra,19.1906,73.0229,0.1,25.5,95.0,5.9
2021-09-04T22:00,2021,Thane Mumbra,19.1906,73.0229,0.3,25.6,95.0,6.6
2021-09-04T23:00,2021,Thane Mumbra,19.1906,73.0229,1.2,25.4,95.0,5.1
2021-09-05T00:00,2021,Thane Mumbra,19.1906,73.0229,0.7,25.3,94.0,5.8
2021-09-05T01:00,2021,Thane Mumbra,19.1906,73.0229,0.2,25.3,94.0,5.1
2021-09-05T02:00,2021,Thane Mumbra,19.1906,73.0229,0.7,25.1,95.0,5.9
2021-09-05T03:00,2021,Thane Mumbra,19.1906,73.0229,0.4,25.1,96.0,5.6
2021-09-05T04:00,2021,Thane Mumbra,19.1906,73.0229,0.4,24.9,95.0,7.1
2021-09-05T05:00,2021,Thane Mumbra,19.1906,73.0229,0.3,25.2,96.0,4.4
2021-09-05T06:00,2021,Thane Mumbra,19.1906,73.0229,0.7,25.1,96.0,5.7
2021-09-05T07:00,2021,Thane Mumbra,19.1906,73.0229,0.2,25.4,96.0,6.4
2021-09-05T08:00,2021,Thane Mumbra,19.1906,73.0229,0.2,26.1,93.0,7.7
2021-09-05T09:00,2021,Thane Mumbra,19.1906,73.0229,1.8,26.2,91.0,7.4
2021-09-05T10:00,2021,Thane Mumbra,19.1906,73.0229,0.4,27.5,86.0,9.4
2021-09-05T11:00,2021,Thane Mumbra,19.1906,73.0229,1.0,28.0,82.0,12.7
2021-09-05T12:00,2021,Thane Mumbra,19.1906,73.0229,1.2,27.1,89.0,10.0
2021-09-05T13:00,2021,Thane Mumbra,19.1906,73.0229,0.2,28.1,87.0,9.2
2021-09-05T14:00,2021,Thane Mumbra,19.1906,73.0229,0.2,28.4,86.0,9.5
2021-09-05T15:00,2021,Thane Mumbra,19.1906,73.0229,1.4,26.9,92.0,9.7
2021-09-05T16:00,2021,Thane Mumbra,19.1906,73.0229,0.2,26.5,92.0,10.2
2021-09-05T17:00,2021,Thane Mumbra,19.1906,73.0229,0.3,27.2,85.0,8.3
2021-09-05T18:00,2021,Thane Mumbra,19.1906,73.0229,0.4,26.1,89.0,7.1
2021-09-05T19:00,2021,Thane Mumbra,19.1906,73.0229,0.6,25.6,92.0,4.7
2021-09-05T20:00,2021,Thane Mumbra,19.1906,73.0229,0.3,25.4,95.0,6.6
2021-09-05T21:00,2021,Thane Mumbra,19.1906,73.0229,0.5,25.3,94.0,7.3
2021-09-05T22:00,2021,Thane Mumbra,19.1906,73.0229,0.7,25.1,92.0,9.9
2021-09-05T23:00,2021,Thane Mumbra,19.1906,73.0229,0.5,25.0,96.0,8.1
2021-09-06T00:00,2021,Thane Mumbra,19.1906,73.0229,0.3,25.0,96.0,7.7
2021-09-06T01:00,2021,Thane Mumbra,19.1906,73.0229,0.2,25.2,96.0,5.2
2021-09-06T02:00,2021,Thane Mumbra,19.1906,73.0229,0.5,25.0,94.0,6.4
2021-09-06T03:00,2021,Thane Mumbra,19.1906,73.0229,0.4,24.8,95.0,6.2
2021-09-06T04:00,2021,Thane Mumbra,19.1906,73.0229,0.2,24.9,96.0,4.1
2021-09-06T05:00,2021,Thane Mumbra,19.1906,73.0229,0.2,24.9,94.0,7.4
2021-09-06T06:00,2021,Thane Mumbra,19.1906,73.0229,0.1,25.0,95.0,6.0
2021-09-06T07:00,2021,Thane Mumbra,19.1906,73.0229,0.1,25.3,95.0,6.8
2021-09-06T08:00,2021,Thane Mumbra,19.1906,73.0229,0.1,26.1,92.0,7.4
2021-09-06T09:00,2021,Thane Mumbra,19.1906,73.0229,0.1,26.7,91.0,7.1
2021-09-06T10:00,2021,Thane Mumbra,19.1906,73.0229,0.1,27.4,89.0,6.7
2021-09-06T11:00,2021,Thane Mumbra,19.1906,73.0229,0.2,29.0,79.0,9.9
2021-09-06T12:00,2021,Thane Mumbra,19.1906,73.0229,2.4,27.9,84.0,13.2
2021-09-06T13:00,2021,Thane Mumbra,19.1906,73.0229,0.9,28.3,85.0,9.5
2021-09-06T14:00,2021,Thane Mumbra,19.1906,73.0229,1.9,27.5,87.0,11.7
2021-09-06T15:00,2021,Thane Mumbra,19.1906,73.0229,0.3,27.8,87.0,11.2
2021-09-06T16:00,2021,Thane Mumbra,19.1906,73.0229,1.1,27.3,86.0,11.0
2021-09-06T17:00,2021,Thane Mumbra,19.1906,73.0229,1.3,27.4,87.0,7.6
2021-09-06T18:00,2021,Thane Mumbra,19.1906,73.0229,0.2,26.8,89.0,4.3
2021-09-06T19:00,2021,Thane Mumbra,19.1906,73.0229,0.2,26.5,92.0,4.0
2021-09-06T20:00,2021,Thane Mumbra,19.1906,73.0229,0.7,26.2,93.0,2.5
2021-09-06T21:00,2021,Thane Mumbra,19.1906,73.0229,1.0,25.7,94.0,2.9
2021-09-06T22:00,2021,Thane Mumbra,19.1906,73.0229,0.4,25.8,92.0,2.1
2021-09-06T23:00,2021,Thane Mumbra,19.1906,73.0229,0.3,25.4,95.0,1.1
2021-09-07T00:00,2021,Thane Mumbra,19.1906,73.0229,0.5,25.3,94.0,4.3
2021-09-07T01:00,2021,Thane Mumbra,19.1906,73.0229,1.4,25.3,93.0,2.6
2021-09-07T02:00,2021,Thane Mumbra,19.1906,73.0229,0.1,25.3,94.0,4.7
2021-09-07T03:00,2021,Thane Mumbra,19.1906,73.0229,0.5,25.1,96.0,3.1
2021-09-07T04:00,2021,Thane Mumbra,19.1906,73.0229,0.8,25.0,95.0,4.0
2021-09-07T05:00,2021,Thane Mumbra,19.1906,73.0229,2.7,25.3,93.0,3.6
2021-09-07T06:00,2021,Thane Mumbra,19.1906,73.0229,1.1,25.4,94.0,2.9
2021-09-07T07:00,2021,Thane Mumbra,19.1906,73.0229,1.3,25.4,93.0,2.6
2021-09-07T08:00,2021,Thane Mumbra,19.1906,73.0229,2.2,25.4,94.0,3.2
2021-09-07T09:00,2021,Thane Mumbra,19.1906,73.0229,0.7,25.9,91.0,3.7
2021-09-07T10:00,2021,Thane Mumbra,19.1906,73.0229,1.2,26.0,91.0,4.7
2021-09-07T11:00,2021,Thane Mumbra,19.1906,73.0229,1.5,26.3,90.0,6.6
2021-09-07T12:00,2021,Thane Mumbra,19.1906,73.0229,1.6,26.3,91.0,4.9
2021-09-07T13:00,2021,Thane Mumbra,19.1906,73.0229,0.6,26.9,86.0,1.1
2021-09-07T14:00,2021,Thane Mumbra,19.1906,73.0229,0.6,27.2,87.0,1.5
2021-09-07T15:00,2021,Thane Mumbra,19.1906,73.0229,0.7,27.7,87.0,3.9
2021-09-07T16:00,2021,Thane Mumbra,19.1906,73.0229,1.9,26.7,91.0,3.1
2021-09-07T17:00,2021,Thane Mumbra,19.1906,73.0229,0.5,26.6,93.0,4.2
2021-09-07T18:00,2021,Thane Mumbra,19.1906,73.0229,2.7,26.2,93.0,3.3
2021-09-07T19:00,2021,Thane Mumbra,19.1906,73.0229,1.6,25.9,95.0,3.4
2021-09-07T20:00,2021,Thane Mumbra,19.1906,73.0229,0.8,25.6,97.0,2.5
2021-09-07T21:00,2021,Thane Mumbra,19.1906,73.0229,0.4,25.5,98.0,1.8
2021-09-07T22:00,2021,Thane Mumbra,19.1906,73.0229,1.2,25.4,96.0,1.3
2021-09-07T23:00,2021,Thane Mumbra,19.1906,73.0229,1.6,25.2,96.0,4.8
2021-09-08T00:00,2021,Thane Mumbra,19.1906,73.0229,2.3,25.1,97.0,5.3
2021-09-08T01:00,2021,Thane Mumbra,19.1906,73.0229,9.2,24.9,98.0,5.7
2021-09-08T02:00,2021,Thane Mumbra,19.1906,73.0229,19.1,24.9,98.0,7.1
2021-09-08T03:00,2021,Thane Mumbra,19.1906,73.0229,27.2,25.0,97.0,5.4
2021-09-08T04:00,2021,Thane Mumbra,19.1906,73.0229,30.9,25.1,97.0,6.1
2021-09-08T05:00,2021,Thane Mumbra,19.1906,73.0229,35.1,25.3,95.0,5.8
2021-09-08T06:00,2021,Thane Mumbra,19.1906,73.0229,1.9,25.2,96.0,8.3
2021-09-08T07:00,2021,Thane Mumbra,19.1906,73.0229,3.3,25.6,93.0,14.8
2021-09-08T08:00,2021,Thane Mumbra,19.1906,73.0229,1.8,25.6,93.0,15.0
2021-09-08T09:00,2021,Thane Mumbra,19.1906,73.0229,1.1,26.4,93.0,15.0
2021-09-08T10:00,2021,Thane Mumbra,19.1906,73.0229,2.0,26.2,93.0,18.2
2021-09-08T11:00,2021,Thane Mumbra,19.1906,73.0229,1.9,26.4,92.0,19.7
2021-09-08T12:00,2021,Thane Mumbra,19.1906,73.0229,1.6,26.0,95.0,21.5
2021-09-08T13:00,2021,Thane Mumbra,19.1906,73.0229,0.7,26.2,93.0,23.7
2021-09-08T14:00,2021,Thane Mumbra,19.1906,73.0229,0.8,26.5,88.0,25.5
2021-09-08T15:00,2021,Thane Mumbra,19.1906,73.0229,1.4,26.8,89.0,26.2
2021-09-08T16:00,2021,Thane Mumbra,19.1906,73.0229,0.9,26.2,92.0,24.2
2021-09-08T17:00,2021,Thane Mumbra,19.1906,73.0229,0.5,27.7,80.0,24.7
2021-09-08T18:00,2021,Thane Mumbra,19.1906,73.0229,0.5,27.0,83.0,24.2
2021-09-08T19:00,2021,Thane Mumbra,19.1906,73.0229,0.6,26.5,87.0,21.7
2021-09-08T20:00,2021,Thane Mumbra,19.1906,73.0229,0.7,26.1,91.0,18.7
2021-09-08T21:00,2021,Thane Mumbra,19.1906,73.0229,0.5,26.1,90.0,17.9
2021-09-08T22:00,2021,Thane Mumbra,19.1906,73.0229,0.9,26.1,92.0,18.7
2021-09-08T23:00,2021,Thane Mumbra,19.1906,73.0229,0.5,26.0,90.0,21.6
2021-09-09T00:00,2021,Thane Mumbra,19.1906,73.0229,0.8,25.7,92.0,21.0
2021-09-09T01:00,2021,Thane Mumbra,19.1906,73.0229,0.5,25.6,94.0,18.8
2021-09-09T02:00,2021,Thane Mumbra,19.1906,73.0229,0.2,25.7,94.0,16.6
2021-09-09T03:00,2021,Thane Mumbra,19.1906,73.0229,0.2,25.5,93.0,18.1
2021-09-09T04:00,2021,Thane Mumbra,19.1906,73.0229,0.4,25.3,93.0,19.6
2021-09-09T05:00,2021,Thane Mumbra,19.1906,73.0229,0.3,25.4,95.0,13.9
2021-09-09T06:00,2021,Thane Mumbra,19.1906,73.0229,0.7,25.3,94.0,15.5
2021-09-09T07:00,2021,Thane Mumbra,19.1906,73.0229,0.7,25.6,95.0,15.6
2021-09-09T08:00,2021,Thane Mumbra,19.1906,73.0229,0.5,26.4,94.0,15.0
2021-09-09T09:00,2021,Thane Mumbra,19.1906,73.0229,1.0,26.8,90.0,16.5
2021-09-09T10:00,2021,Thane Mumbra,19.1906,73.0229,0.7,27.4,89.0,18.8
2021-09-09T11:00,2021,Thane Mumbra,19.1906,73.0229,0.6,28.0,84.0,22.5
2021-09-09T12:00,2021,Thane Mumbra,19.1906,73.0229,0.8,28.5,81.0,24.9
2021-09-09T13:00,2021,Thane Mumbra,19.1906,73.0229,0.7,28.4,82.0,23.8
2021-09-09T14:00,2021,Thane Mumbra,19.1906,73.0229,0.5,28.3,84.0,22.1
2021-09-09T15:00,2021,Thane Mumbra,19.1906,73.0229,0.3,27.6,84.0,23.7
2021-09-09T16:00,2021,Thane Mumbra,19.1906,73.0229,0.2,27.9,83.0,21.4
2021-09-09T17:00,2021,Thane Mumbra,19.1906,73.0229,0.5,26.9,89.0,18.3
2021-09-09T18:00,2021,Thane Mumbra,19.1906,73.0229,0.5,26.4,90.0,18.9
2021-09-09T19:00,2021,Thane Mumbra,19.1906,73.0229,0.6,25.9,94.0,16.8
2021-09-09T20:00,2021,Thane Mumbra,19.1906,73.0229,0.5,25.9,95.0,14.8
2021-09-09T21:00,2021,Thane Mumbra,19.1906,73.0229,0.2,25.9,94.0,14.6
2021-09-09T22:00,2021,Thane Mumbra,19.1906,73.0229,0.4,25.7,94.0,14.1
2021-09-09T23:00,2021,Thane Mumbra,19.1906,73.0229,0.7,25.4,94.0,17.8
2021-09-10T00:00,2021,Thane Mumbra,19.1906,73.0229,0.5,25.3,95.0,13.7
2021-09-10T01:00,2021,Thane Mumbra,19.1906,73.0229,0.4,25.2,94.0,18.4
2021-09-10T02:00,2021,Thane Mumbra,19.1906,73.0229,0.7,25.1,96.0,17.7
2021-09-10T03:00,2021,Thane Mumbra,19.1906,73.0229,0.6,24.8,94.0,18.1
2021-09-10T04:00,2021,Thane Mumbra,19.1906,73.0229,0.4,24.7,95.0,16.3
2021-09-10T05:00,2021,Thane Mumbra,19.1906,73.0229,0.2,25.0,95.0,14.5
2021-09-10T06:00,2021,Thane Mumbra,19.1906,73.0229,0.2,25.4,95.0,13.8
2021-09-10T07:00,2021,Thane Mumbra,19.1906,73.0229,0.5,25.4,92.0,16.4
2021-09-10T08:00,2021,Thane Mumbra,19.1906,73.0229,0.3,25.9,93.0,14.9
2021-09-10T09:00,2021,Thane Mumbra,19.1906,73.0229,0.3,27.4,85.0,18.7
2021-09-10T10:00,2021,Thane Mumbra,19.1906,73.0229,0.4,27.6,86.0,18.1
2021-09-10T11:00,2021,Thane Mumbra,19.1906,73.0229,0.4,27.2,84.0,20.6
2021-09-10T12:00,2021,Thane Mumbra,19.1906,73.0229,0.3,27.7,86.0,17.4
2021-09-10T13:00,2021,Thane Mumbra,19.1906,73.0229,0.7,27.4,87.0,18.6
2021-09-10T14:00,2021,Thane Mumbra,19.1906,73.0229,1.0,27.1,88.0,18.7
2021-09-10T15:00,2021,Thane Mumbra,19.1906,73.0229,1.0,27.2,88.0,17.6
2021-09-10T16:00,2021,Thane Mumbra,19.1906,73.0229,1.0,27.0,88.0,16.3
2021-09-10T17:00,2021,Thane Mumbra,19.1906,73.0229,0.9,26.8,86.0,18.8
2021-09-10T18:00,2021,Thane Mumbra,19.1906,73.0229,0.3,26.5,88.0,16.9
2021-09-10T19:00,2021,Thane Mumbra,19.1906,73.0229,0.3,26.2,88.0,17.1
2021-09-10T20:00,2021,Thane Mumbra,19.1906,73.0229,0.4,25.8,95.0,15.0
2021-09-10T21:00,2021,Thane Mumbra,19.1906,73.0229,0.8,25.4,93.0,15.0
2021-09-10T22:00,2021,Thane Mumbra,19.1906,73.0229,1.0,25.4,93.0,15.0
2021-09-10T23:00,2021,Thane Mumbra,19.1906,73.0229,0.6,25.3,95.0,14.8
2021-09-11T00:00,2021,Thane Mumbra,19.1906,73.0229,0.6,25.1,95.0,16.1
2021-09-11T01:00,2021,Thane Mumbra,19.1906,73.0229,0.5,25.0,96.0,15.9
2021-09-11T02:00,2021,Thane Mumbra,19.1906,73.0229,0.5,24.9,96.0,16.1
2021-09-11T03:00,2021,Thane Mumbra,19.1906,73.0229,0.3,25.1,96.0,16.2
2021-09-11T04:00,2021,Thane Mumbra,19.1906,73.0229,0.4,25.1,94.0,16.8
2021-09-11T05:00,2021,Thane Mumbra,19.1906,73.0229,0.6,25.5,92.0,15.0
2021-09-11T06:00,2021,Thane Mumbra,19.1906,73.0229,0.6,25.5,93.0,16.6
2021-09-11T07:00,2021,Thane Mumbra,19.1906,73.0229,0.8,25.6,92.0,18.8
2021-09-11T08:00,2021,Thane Mumbra,19.1906,73.0229,0.9,26.1,94.0,15.3
2021-09-11T09:00,2021,Thane Mumbra,19.1906,73.0229,1.2,26.0,94.0,18.1
2021-09-11T10:00,2021,Thane Mumbra,19.1906,73.0229,2.3,27.5,87.0,19.3
2021-09-11T11:00,2021,Thane Mumbra,19.1906,73.0229,3.0,26.7,91.0,20.4
2021-09-11T12:00,2021,Thane Mumbra,19.1906,73.0229,2.5,27.4,85.0,22.2
2021-09-11T13:00,2021,Thane Mumbra,19.1906,73.0229,2.1,27.6,90.0,17.6
2021-09-11T14:00,2021,Thane Mumbra,19.1906,73.0229,4.4,28.1,84.0,21.4
2021-09-11T15:00,2021,Thane Mumbra,19.1906,73.0229,2.6,27.4,87.0,19.7
2021-09-11T16:00,2021,Thane Mumbra,19.1906,73.0229,2.7,26.5,93.0,16.6
2021-09-11T17:00,2021,Thane Mumbra,19.1906,73.0229,1.8,26.4,93.0,17.4
2021-09-11T18:00,2021,Thane Mumbra,19.1906,73.0229,1.2,26.0,93.0,18.4
2021-09-11T19:00,2021,Thane Mumbra,19.1906,73.0229,1.5,25.5,94.0,18.8
2021-09-11T20:00,2021,Thane Mumbra,19.1906,73.0229,1.0,25.6,96.0,15.4
2021-09-11T21:00,2021,Thane Mumbra,19.1906,73.0229,1.2,25.7,95.0,14.4
2021-09-11T22:00,2021,Thane Mumbra,19.1906,73.0229,4.7,25.5,95.0,19.1
2021-09-11T23:00,2021,Thane Mumbra,19.1906,73.0229,4.0,25.4,95.0,18.1
2021-09-12T00:00,2021,Thane Mumbra,19.1906,73.0229,4.3,25.1,95.0,18.7
2021-09-12T01:00,2021,Thane Mumbra,19.1906,73.0229,1.4,25.1,96.0,19.0
2021-09-12T02:00,2021,Thane Mumbra,19.1906,73.0229,1.0,25.3,96.0,15.1
2021-09-12T03:00,2021,Thane Mumbra,19.1906,73.0229,1.2,25.2,96.0,12.8
2021-09-12T04:00,2021,Thane Mumbra,19.1906,73.0229,0.5,25.2,95.0,15.5
2021-09-12T05:00,2021,Thane Mumbra,19.1906,73.0229,0.6,25.1,95.0,12.2
2021-09-12T06:00,2021,Thane Mumbra,19.1906,73.0229,0.2,25.3,96.0,12.0
2021-09-12T07:00,2021,Thane Mumbra,19.1906,73.0229,0.3,25.9,94.0,10.9
2021-09-12T08:00,2021,Thane Mumbra,19.1906,73.0229,0.2,26.8,91.0,10.5
2021-09-12T09:00,2021,Thane Mumbra,19.1906,73.0229,2.7,27.0,89.0,15.1
2021-09-12T10:00,2021,Thane Mumbra,19.1906,73.0229,1.4,27.7,88.0,13.8
2021-09-12T11:00,2021,Thane Mumbra,19.1906,73.0229,2.3,27.6,90.0,15.4
2021-09-12T12:00,2021,Thane Mumbra,19.1906,73.0229,2.3,27.6,88.0,18.1
2021-09-12T13:00,2021,Thane Mumbra,19.1906,73.0229,1.1,27.5,86.0,18.7
2021-09-12T14:00,2021,Thane Mumbra,19.1906,73.0229,1.5,27.5,86.0,13.5
2021-09-12T15:00,2021,Thane Mumbra,19.1906,73.0229,2.8,26.9,90.0,13.5
2021-09-12T16:00,2021,Thane Mumbra,19.1906,73.0229,2.0,26.3,91.0,14.7
2021-09-12T17:00,2021,Thane Mumbra,19.1906,73.0229,0.5,26.7,91.0,10.8
2021-09-12T18:00,2021,Thane Mumbra,19.1906,73.0229,0.1,26.4,91.0,11.1
2021-09-12T19:00,2021,Thane Mumbra,19.1906,73.0229,0.8,25.8,92.0,14.2
2021-09-12T20:00,2021,Thane Mumbra,19.1906,73.0229,0.8,25.6,95.0,10.9
2021-09-12T21:00,2021,Thane Mumbra,19.1906,73.0229,0.1,25.7,94.0,12.7
2021-09-12T22:00,2021,Thane Mumbra,19.1906,73.0229,0.2,25.7,93.0,13.0
2021-09-12T23:00,2021,Thane Mumbra,19.1906,73.0229,1.2,25.6,92.0,12.0
2021-09-13T00:00,2021,Thane Mumbra,19.1906,73.0229,1.0,25.5,94.0,11.7
2021-09-13T01:00,2021,Thane Mumbra,19.1906,73.0229,0.8,25.7,92.0,13.2
2021-09-13T02:00,2021,Thane Mumbra,19.1906,73.0229,0.5,25.6,92.0,13.6
2021-09-13T03:00,2021,Thane Mumbra,19.1906,73.0229,0.6,25.4,93.0,10.8
2021-09-13T04:00,2021,Thane Mumbra,19.1906,73.0229,0.3,25.4,91.0,14.3
2021-09-13T05:00,2021,Thane Mumbra,19.1906,73.0229,0.2,25.7,92.0,12.3
2021-09-13T06:00,2021,Thane Mumbra,19.1906,73.0229,0.2,25.9,92.0,13.2
2021-09-13T07:00,2021,Thane Mumbra,19.1906,73.0229,0.6,25.8,92.0,18.5
2021-09-13T08:00,2021,Thane Mumbra,19.1906,73.0229,0.8,25.9,92.0,18.5
2021-09-13T09:00,2021,Thane Mumbra,19.1906,73.0229,0.7,27.0,89.0,16.3
2021-09-13T10:00,2021,Thane Mumbra,19.1906,73.0229,1.5,26.8,93.0,12.9
2021-09-13T11:00,2021,Thane Mumbra,19.1906,73.0229,3.0,26.8,92.0,17.6
2021-09-13T12:00,2021,Thane Mumbra,19.1906,73.0229,3.2,26.7,93.0,17.7
2021-09-13T13:00,2021,Thane Mumbra,19.1906,73.0229,2.2,26.3,94.0,17.8
2021-09-13T14:00,2021,Thane Mumbra,19.1906,73.0229,1.0,26.4,95.0,16.1
2021-09-13T15:00,2021,Thane Mumbra,19.1906,73.0229,1.0,26.2,92.0,16.4
2021-09-13T16:00,2021,Thane Mumbra,19.1906,73.0229,1.1,26.2,92.0,18.0
2021-09-13T17:00,2021,Thane Mumbra,19.1906,73.0229,0.8,26.2,91.0,14.8
2021-09-13T18:00,2021,Thane Mumbra,19.1906,73.0229,1.1,25.9,94.0,15.0
2021-09-13T19:00,2021,Thane Mumbra,19.1906,73.0229,2.5,25.5,94.0,14.4
2021-09-13T20:00,2021,Thane Mumbra,19.1906,73.0229,0.7,25.8,94.0,13.0
2021-09-13T21:00,2021,Thane Mumbra,19.1906,73.0229,0.8,25.7,93.0,12.0
2021-09-13T22:00,2021,Thane Mumbra,19.1906,73.0229,0.7,25.8,92.0,12.6
2021-09-13T23:00,2021,Thane Mumbra,19.1906,73.0229,1.6,25.8,92.0,13.4
2021-09-14T00:00,2021,Thane Mumbra,19.1906,73.0229,0.8,25.4,93.0,15.0
2021-09-14T01:00,2021,Thane Mumbra,19.1906,73.0229,0.4,25.5,94.0,12.2
2021-09-14T02:00,2021,Thane Mumbra,19.1906,73.0229,0.3,25.7,95.0,11.6
2021-09-14T03:00,2021,Thane Mumbra,19.1906,73.0229,0.3,25.6,93.0,14.2
2021-09-14T04:00,2021,Thane Mumbra,19.1906,73.0229,0.1,26.0,90.0,14.3
2021-09-14T05:00,2021,Thane Mumbra,19.1906,73.0229,0.2,25.6,91.0,13.0
2021-09-14T06:00,2021,Thane Mumbra,19.1906,73.0229,0.3,25.6,91.0,12.1
2021-09-14T07:00,2021,Thane Mumbra,19.1906,73.0229,0.1,25.9,90.0,12.7
2021-09-14T08:00,2021,Thane Mumbra,19.1906,73.0229,0.0,27.0,85.0,14.4
2021-09-14T09:00,2021,Thane Mumbra,19.1906,73.0229,0.1,27.5,82.0,16.3
2021-09-14T10:00,2021,Thane Mumbra,19.1906,73.0229,0.3,28.2,77.0,20.6
2021-09-14T11:00,2021,Thane Mumbra,19.1906,73.0229,0.2,28.4,79.0,17.9
2021-09-14T12:00,2021,Thane Mumbra,19.1906,73.0229,0.2,28.3,79.0,19.3
2021-09-14T13:00,2021,Thane Mumbra,19.1906,73.0229,0.3,27.9,83.0,18.0
2021-09-14T14:00,2021,Thane Mumbra,19.1906,73.0229,0.4,27.1,84.0,20.8
2021-09-14T15:00,2021,Thane Mumbra,19.1906,73.0229,0.3,27.5,87.0,16.8
2021-09-14T16:00,2021,Thane Mumbra,19.1906,73.0229,0.2,27.1,86.0,18.1
2021-09-14T17:00,2021,Thane Mumbra,19.1906,73.0229,0.3,26.7,88.0,13.0
2021-09-14T18:00,2021,Thane Mumbra,19.1906,73.0229,0.1,26.3,89.0,14.0
2021-09-14T19:00,2021,Thane Mumbra,19.1906,73.0229,0.2,25.7,91.0,13.3
2021-09-14T20:00,2021,Thane Mumbra,19.1906,73.0229,0.1,25.7,91.0,15.9
2021-09-14T21:00,2021,Thane Mumbra,19.1906,73.0229,0.4,25.5,92.0,12.2
2021-09-14T22:00,2021,Thane Mumbra,19.1906,73.0229,0.3,25.6,92.0,11.5
2021-09-14T23:00,2021,Thane Mumbra,19.1906,73.0229,0.1,25.8,91.0,12.1
2021-09-15T00:00,2021,Thane Mumbra,19.1906,73.0229,0.1,25.9,90.0,13.2
2021-09-15T01:00,2021,Thane Mumbra,19.1906,73.0229,0.1,25.7,91.0,13.4
2021-09-15T02:00,2021,Thane Mumbra,19.1906,73.0229,0.2,25.4,92.0,16.9
2021-09-15T03:00,2021,Thane Mumbra,19.1906,73.0229,0.3,25.3,94.0,14.8
2021-09-15T04:00,2021,Thane Mumbra,19.1906,73.0229,0.7,25.2,93.0,17.1
2021-09-15T05:00,2021,Thane Mumbra,19.1906,73.0229,1.3,24.9,94.0,14.0
2021-09-15T06:00,2021,Thane Mumbra,19.1906,73.0229,0.6,25.0,94.0,15.9
2021-09-15T07:00,2021,Thane Mumbra,19.1906,73.0229,0.8,24.9,93.0,18.7
2021-09-15T08:00,2021,Thane Mumbra,19.1906,73.0229,0.5,25.8,93.0,14.7
2021-09-15T09:00,2021,Thane Mumbra,19.1906,73.0229,0.2,26.3,91.0,15.9
2021-09-15T10:00,2021,Thane Mumbra,19.1906,73.0229,0.2,27.1,88.0,17.8
2021-09-15T11:00,2021,Thane Mumbra,19.1906,73.0229,0.4,27.1,87.0,20.1
2021-09-15T12:00,2021,Thane Mumbra,19.1906,73.0229,0.2,27.3,87.0,19.4
2021-09-15T13:00,2021,Thane Mumbra,19.1906,73.0229,0.3,27.5,85.0,18.4
2021-09-15T14:00,2021,Thane Mumbra,19.1906,73.0229,0.2,27.9,84.0,16.6
2021-09-15T15:00,2021,Thane Mumbra,19.1906,73.0229,0.2,28.1,81.0,18.0
2021-09-15T16:00,2021,Thane Mumbra,19.1906,73.0229,0.0,27.5,82.0,18.3
2021-09-15T17:00,2021,Thane Mumbra,19.1906,73.0229,0.1,27.3,82.0,17.3
2021-09-15T18:00,2021,Thane Mumbra,19.1906,73.0229,0.2,26.3,87.0,15.0
2021-09-15T19:00,2021,Thane Mumbra,19.1906,73.0229,0.1,25.9,88.0,14.2
2021-09-15T20:00,2021,Thane Mumbra,19.1906,73.0229,0.5,25.7,88.0,13.3
2021-09-15T21:00,2021,Thane Mumbra,19.1906,73.0229,0.4,25.6,91.0,14.4
2021-09-15T22:00,2021,Thane Mumbra,19.1906,73.0229,0.1,25.2,93.0,16.7
2021-09-15T23:00,2021,Thane Mumbra,19.1906,73.0229,0.1,25.2,93.0,14.1
2021-09-16T00:00,2021,Thane Mumbra,19.1906,73.0229,0.1,25.0,93.0,14.8
2021-09-16T01:00,2021,Thane Mumbra,19.1906,73.0229,0.3,24.8,95.0,15.6
2021-09-16T02:00,2021,Thane Mumbra,19.1906,73.0229,0.2,24.7,95.0,14.2
2021-09-16T03:00,2021,Thane Mumbra,19.1906,73.0229,0.2,24.7,94.0,12.9
2021-09-16T04:00,2021,Thane Mumbra,19.1906,73.0229,0.3,25.0,92.0,14.9
2021-09-16T05:00,2021,Thane Mumbra,19.1906,73.0229,0.2,24.6,94.0,13.8
2021-09-16T06:00,2021,Thane Mumbra,19.1906,73.0229,0.4,24.7,94.0,13.6
2021-09-16T07:00,2021,Thane Mumbra,19.1906,73.0229,0.3,25.1,91.0,15.9
2021-09-16T08:00,2021,Thane Mumbra,19.1906,73.0229,0.1,25.9,91.0,14.8
2021-09-16T09:00,2021,Thane Mumbra,19.1906,73.0229,0.1,27.1,85.0,17.1
2021-09-16T10:00,2021,Thane Mumbra,19.1906,73.0229,0.1,27.8,84.0,16.3
2021-09-16T11:00,2021,Thane Mumbra,19.1906,73.0229,0.1,28.2,83.0,18.4
2021-09-16T12:00,2021,Thane Mumbra,19.1906,73.0229,0.2,28.6,80.0,19.4
2021-09-16T13:00,2021,Thane Mumbra,19.1906,73.0229,0.2,29.3,76.0,20.9
2021-09-16T14:00,2021,Thane Mumbra,19.1906,73.0229,0.1,29.1,74.0,21.6
2021-09-16T15:00,2021,Thane Mumbra,19.1906,73.0229,0.0,28.8,72.0,20.4
2021-09-16T16:00,2021,Thane Mumbra,19.1906,73.0229,0.0,28.2,74.0,18.3
2021-09-16T17:00,2021,Thane Mumbra,19.1906,73.0229,0.0,27.4,80.0,15.0
2021-09-16T18:00,2021,Thane Mumbra,19.1906,73.0229,0.0,26.7,83.0,12.7
2021-09-16T19:00,2021,Thane Mumbra,19.1906,73.0229,0.1,26.2,85.0,10.9
2021-09-16T20:00,2021,Thane Mumbra,19.1906,73.0229,0.1,25.9,88.0,11.2
2021-09-16T21:00,2021,Thane Mumbra,19.1906,73.0229,0.1,25.5,90.0,11.0
2021-09-16T22:00,2021,Thane Mumbra,19.1906,73.0229,0.1,25.2,92.0,8.8
2021-09-16T23:00,2021,Thane Mumbra,19.1906,73.0229,0.1,24.8,94.0,8.4
2021-09-17T00:00,2021,Thane Mumbra,19.1906,73.0229,0.1,24.9,94.0,11.9
2021-09-17T01:00,2021,Thane Mumbra,19.1906,73.0229,0.1,24.9,94.0,12.4
2021-09-17T02:00,2021,Thane Mumbra,19.1906,73.0229,0.1,24.9,94.0,11.9
2021-09-17T03:00,2021,Thane Mumbra,19.1906,73.0229,0.3,24.7,95.0,11.4
2021-09-17T04:00,2021,Thane Mumbra,19.1906,73.0229,0.1,24.7,95.0,11.6
2021-09-17T05:00,2021,Thane Mumbra,19.1906,73.0229,0.5,24.8,95.0,10.7
2021-09-17T06:00,2021,Thane Mumbra,19.1906,73.0229,0.2,25.2,93.0,10.3
2021-09-17T07:00,2021,Thane Mumbra,19.1906,73.0229,0.1,25.6,93.0,10.9
2021-09-17T08:00,2021,Thane Mumbra,19.1906,73.0229,0.1,26.5,90.0,11.6
2021-09-17T09:00,2021,Thane Mumbra,19.1906,73.0229,0.0,27.3,87.0,13.2
2021-09-17T10:00,2021,Thane Mumbra,19.1906,73.0229,0.1,27.8,83.0,16.2
2021-09-17T11:00,2021,Thane Mumbra,19.1906,73.0229,0.1,28.2,80.0,16.9
2021-09-17T12:00,2021,Thane Mumbra,19.1906,73.0229,0.1,29.0,76.0,18.4
2021-09-17T13:00,2021,Thane Mumbra,19.1906,73.0229,0.1,28.8,74.0,19.4
2021-09-17T14:00,2021,Thane Mumbra,19.1906,73.0229,0.0,29.0,72.0,18.6
2021-09-17T15:00,2021,Thane Mumbra,19.1906,73.0229,0.1,28.5,74.0,18.9
2021-09-17T16:00,2021,Thane Mumbra,19.1906,73.0229,0.2,28.1,76.0,18.7
2021-09-17T17:00,2021,Thane Mumbra,19.1906,73.0229,0.3,27.7,77.0,14.0
2021-09-17T18:00,2021,Thane Mumbra,19.1906,73.0229,0.0,26.7,82.0,10.0
2021-09-17T19:00,2021,Thane Mumbra,19.1906,73.0229,0.1,25.8,87.0,6.1
2021-09-17T20:00,2021,Thane Mumbra,19.1906,73.0229,0.0,25.3,91.0,4.9
2021-09-17T21:00,2021,Thane Mumbra,19.1906,73.0229,0.1,25.3,91.0,5.4
2021-09-17T22:00,2021,Thane Mumbra,19.1906,73.0229,0.0,25.1,93.0,6.1
2021-09-17T23:00,2021,Thane Mumbra,19.1906,73.0229,0.0,24.9,94.0,6.8
2021-09-18T00:00,2021,Thane Mumbra,19.1906,73.0229,0.1,24.7,94.0,8.4
2021-09-18T01:00,2021,Thane Mumbra,19.1906,73.0229,0.1,24.6,94.0,10.8
2021-09-18T02:00,2021,Thane Mumbra,19.1906,73.0229,0.0,24.4,95.0,9.7
2021-09-18T03:00,2021,Thane Mumbra,19.1906,73.0229,0.1,24.3,95.0,10.9
2021-09-18T04:00,2021,Thane Mumbra,19.1906,73.0229,0.1,24.5,94.0,10.9
2021-09-18T05:00,2021,Thane Mumbra,19.1906,73.0229,0.1,24.5,93.0,9.4
2021-09-18T06:00,2021,Thane Mumbra,19.1906,73.0229,0.2,24.5,95.0,11.5
2021-09-18T07:00,2021,Thane Mumbra,19.1906,73.0229,0.2,25.1,94.0,11.9
2021-09-18T08:00,2021,Thane Mumbra,19.1906,73.0229,0.3,25.8,90.0,14.6
2021-09-18T09:00,2021,Thane Mumbra,19.1906,73.0229,0.1,27.0,86.0,14.7
2021-09-18T10:00,2021,Thane Mumbra,19.1906,73.0229,0.2,28.0,84.0,14.8
2021-09-18T11:00,2021,Thane Mumbra,19.1906,73.0229,0.4,27.7,86.0,15.2
2021-09-18T12:00,2021,Thane Mumbra,19.1906,73.0229,0.2,27.9,86.0,14.1
2021-09-18T13:00,2021,Thane Mumbra,19.1906,73.0229,0.3,27.4,88.0,12.5
2021-09-18T14:00,2021,Thane Mumbra,19.1906,73.0229,0.1,27.2,86.0,13.5
2021-09-18T15:00,2021,Thane Mumbra,19.1906,73.0229,0.2,26.9,88.0,13.0
2021-09-18T16:00,2021,Thane Mumbra,19.1906,73.0229,0.1,26.7,86.0,12.7
2021-09-18T17:00,2021,Thane Mumbra,19.1906,73.0229,0.1,26.5,87.0,12.6
2021-09-18T18:00,2021,Thane Mumbra,19.1906,73.0229,0.0,26.1,90.0,9.7
2021-09-18T19:00,2021,Thane Mumbra,19.1906,73.0229,0.0,25.7,91.0,8.6
2021-09-18T20:00,2021,Thane Mumbra,19.1906,73.0229,0.1,25.6,91.0,9.7
2021-09-18T21:00,2021,Thane Mumbra,19.1906,73.0229,0.2,25.4,91.0,9.6
2021-09-18T22:00,2021,Thane Mumbra,19.1906,73.0229,0.2,25.2,93.0,9.3
2021-09-18T23:00,2021,Thane Mumbra,19.1906,73.0229,0.2,25.0,94.0,9.0
2021-09-19T00:00,2021,Thane Mumbra,19.1906,73.0229,0.3,24.9,96.0,8.6
2021-09-19T01:00,2021,Thane Mumbra,19.1906,73.0229,0.3,24.8,96.0,10.4
2021-09-19T02:00,2021,Thane Mumbra,19.1906,73.0229,0.5,24.8,94.0,10.9
2021-09-19T03:00,2021,Thane Mumbra,19.1906,73.0229,0.4,24.9,93.0,11.6
2021-09-19T04:00,2021,Thane Mumbra,19.1906,73.0229,0.4,24.8,94.0,10.8
2021-09-19T05:00,2021,Thane Mumbra,19.1906,73.0229,0.5,24.8,94.0,10.5
2021-09-19T06:00,2021,Thane Mumbra,19.1906,73.0229,0.3,24.9,94.0,9.9
2021-09-19T07:00,2021,Thane Mumbra,19.1906,73.0229,0.1,25.4,93.0,10.2
2021-09-19T08:00,2021,Thane Mumbra,19.1906,73.0229,0.1,26.2,91.0,10.7
2021-09-19T09:00,2021,Thane Mumbra,19.1906,73.0229,0.1,27.2,88.0,10.9
2021-09-19T10:00,2021,Thane Mumbra,19.1906,73.0229,1.3,27.6,85.0,13.9
2021-09-19T11:00,2021,Thane Mumbra,19.1906,73.0229,1.5,27.6,88.0,12.7
2021-09-19T12:00,2021,Thane Mumbra,19.1906,73.0229,1.2,28.0,87.0,13.0
2021-09-19T13:00,2021,Thane Mumbra,19.1906,73.0229,2.5,27.8,85.0,16.6
2021-09-19T14:00,2021,Thane Mumbra,19.1906,73.0229,0.9,27.1,89.0,13.6
2021-09-19T15:00,2021,Thane Mumbra,19.1906,73.0229,0.2,27.7,86.0,13.0
2021-09-19T16:00,2021,Thane Mumbra,19.1906,73.0229,2.0,27.0,87.0,13.6
2021-09-19T17:00,2021,Thane Mumbra,19.1906,73.0229,2.3,26.1,93.0,7.9
2021-09-19T18:00,2021,Thane Mumbra,19.1906,73.0229,0.1,25.9,93.0,6.9
2021-09-19T19:00,2021,Thane Mumbra,19.1906,73.0229,0.4,25.7,93.0,5.7
2021-09-19T20:00,2021,Thane Mumbra,19.1906,73.0229,0.1,25.6,94.0,4.7
2021-09-19T21:00,2021,Thane Mumbra,19.1906,73.0229,0.1,25.5,95.0,5.2
2021-09-19T22:00,2021,Thane Mumbra,19.1906,73.0229,0.0,25.4,94.0,6.8
2021-09-19T23:00,2021,Thane Mumbra,19.1906,73.0229,0.0,25.3,95.0,8.3
2021-09-20T00:00,2021,Thane Mumbra,19.1906,73.0229,0.0,25.2,95.0,7.6
2021-09-20T01:00,2021,Thane Mumbra,19.1906,73.0229,0.1,25.2,94.0,7.3
2021-09-20T02:00,2021,Thane Mumbra,19.1906,73.0229,0.3,25.1,94.0,6.7
2021-09-20T03:00,2021,Thane Mumbra,19.1906,73.0229,0.5,25.1,94.0,4.8
2021-09-20T04:00,2021,Thane Mumbra,19.1906,73.0229,0.4,25.0,94.0,6.4
2021-09-20T05:00,2021,Thane Mumbra,19.1906,73.0229,0.5,24.9,95.0,7.1
2021-09-20T06:00,2021,Thane Mumbra,19.1906,73.0229,1.0,24.9,94.0,6.9
2021-09-20T07:00,2021,Thane Mumbra,19.1906,73.0229,0.6,25.3,92.0,8.6
2021-09-20T08:00,2021,Thane Mumbra,19.1906,73.0229,0.1,26.0,93.0,8.6
2021-09-20T09:00,2021,Thane Mumbra,19.1906,73.0229,0.2,27.0,91.0,7.8
2021-09-20T10:00,2021,Thane Mumbra,19.1906,73.0229,0.2,28.0,88.0,7.4
2021-09-20T11:00,2021,Thane Mumbra,19.1906,73.0229,0.9,28.2,81.0,11.5
2021-09-20T12:00,2021,Thane Mumbra,19.1906,73.0229,2.1,27.5,90.0,9.7
2021-09-20T13:00,2021,Thane Mumbra,19.1906,73.0229,0.3,28.7,87.0,9.8
2021-09-20T14:00,2021,Thane Mumbra,19.1906,73.0229,2.7,27.5,88.0,12.9
2021-09-20T15:00,2021,Thane Mumbra,19.1906,73.0229,0.2,27.8,88.0,10.2
2021-09-20T16:00,2021,Thane Mumbra,19.1906,73.0229,2.2,27.2,90.0,10.0
2021-09-20T17:00,2021,Thane Mumbra,19.1906,73.0229,1.2,27.2,85.0,9.6
2021-09-20T18:00,2021,Thane Mumbra,19.1906,73.0229,0.1,26.5,89.0,5.2
2021-09-20T19:00,2021,Thane Mumbra,19.1906,73.0229,0.0,25.6,94.0,4.9
2021-09-20T20:00,2021,Thane Mumbra,19.1906,73.0229,0.0,25.5,95.0,3.2
2021-09-20T21:00,2021,Thane Mumbra,19.1906,73.0229,0.1,25.3,95.0,4.1
2021-09-20T22:00,2021,Thane Mumbra,19.1906,73.0229,0.0,25.4,95.0,3.7
2021-09-20T23:00,2021,Thane Mumbra,19.1906,73.0229,0.2,25.3,96.0,3.9
2021-09-21T00:00,2021,Thane Mumbra,19.1906,73.0229,0.3,25.3,94.0,4.6
2021-09-21T01:00,2021,Thane Mumbra,19.1906,73.0229,0.6,25.3,94.0,6.0
2021-09-21T02:00,2021,Thane Mumbra,19.1906,73.0229,0.7,25.2,95.0,7.1
2021-09-21T03:00,2021,Thane Mumbra,19.1906,73.0229,0.7,25.2,95.0,5.9
2021-09-21T04:00,2021,Thane Mumbra,19.1906,73.0229,1.1,25.0,96.0,5.8
2021-09-21T05:00,2021,Thane Mumbra,19.1906,73.0229,1.4,25.0,96.0,5.4
2021-09-21T06:00,2021,Thane Mumbra,19.1906,73.0229,0.1,25.2,95.0,6.1
2021-09-21T07:00,2021,Thane Mumbra,19.1906,73.0229,1.0,25.5,94.0,7.3
2021-09-21T08:00,2021,Thane Mumbra,19.1906,73.0229,0.8,25.7,94.0,8.1
2021-09-21T09:00,2021,Thane Mumbra,19.1906,73.0229,1.5,25.9,93.0,9.4
2021-09-21T10:00,2021,Thane Mumbra,19.1906,73.0229,0.6,26.8,89.0,10.5
2021-09-21T11:00,2021,Thane Mumbra,19.1906,73.0229,1.3,27.4,87.0,12.6
2021-09-21T12:00,2021,Thane Mumbra,19.1906,73.0229,1.2,27.5,88.0,11.1
2021-09-21T13:00,2021,Thane Mumbra,19.1906,73.0229,2.6,26.8,90.0,11.9
2021-09-21T14:00,2021,Thane Mumbra,19.1906,73.0229,1.4,27.2,85.0,13.7
2021-09-21T15:00,2021,Thane Mumbra,19.1906,73.0229,1.7,26.6,90.0,9.3
2021-09-21T16:00,2021,Thane Mumbra,19.1906,73.0229,0.1,26.6,91.0,8.2
2021-09-21T17:00,2021,Thane Mumbra,19.1906,73.0229,0.3,26.1,93.0,7.5
2021-09-21T18:00,2021,Thane Mumbra,19.1906,73.0229,0.2,26.0,95.0,4.1
2021-09-21T19:00,2021,Thane Mumbra,19.1906,73.0229,2.5,25.2,95.0,6.5
2021-09-21T20:00,2021,Thane Mumbra,19.1906,73.0229,0.6,25.3,95.0,4.7
2021-09-21T21:00,2021,Thane Mumbra,19.1906,73.0229,0.5,25.1,94.0,7.1
2021-09-21T22:00,2021,Thane Mumbra,19.1906,73.0229,0.4,25.1,94.0,9.5
2021-09-21T23:00,2021,Thane Mumbra,19.1906,73.0229,0.2,25.1,95.0,9.5
2021-09-22T00:00,2021,Thane Mumbra,19.1906,73.0229,0.3,25.0,95.0,10.7
2021-09-22T01:00,2021,Thane Mumbra,19.1906,73.0229,0.9,24.9,97.0,8.4
2021-09-22T02:00,2021,Thane Mumbra,19.1906,73.0229,1.5,24.7,97.0,8.1
2021-09-22T03:00,2021,Thane Mumbra,19.1906,73.0229,0.6,24.6,97.0,6.7
2021-09-22T04:00,2021,Thane Mumbra,19.1906,73.0229,0.8,24.6,95.0,7.1
2021-09-22T05:00,2021,Thane Mumbra,19.1906,73.0229,0.8,24.7,94.0,7.1
2021-09-22T06:00,2021,Thane Mumbra,19.1906,73.0229,0.8,24.8,95.0,5.8
2021-09-22T07:00,2021,Thane Mumbra,19.1906,73.0229,1.1,25.2,94.0,7.9
2021-09-22T08:00,2021,Thane Mumbra,19.1906,73.0229,0.9,25.6,94.0,6.5
2021-09-22T09:00,2021,Thane Mumbra,19.1906,73.0229,0.4,25.8,94.0,7.6
2021-09-22T10:00,2021,Thane Mumbra,19.1906,73.0229,0.3,26.8,89.0,8.2
2021-09-22T11:00,2021,Thane Mumbra,19.1906,73.0229,1.5,26.3,91.0,8.1
2021-09-22T12:00,2021,Thane Mumbra,19.1906,73.0229,0.9,26.6,87.0,11.9
2021-09-22T13:00,2021,Thane Mumbra,19.1906,73.0229,1.1,26.4,89.0,8.7
2021-09-22T14:00,2021,Thane Mumbra,19.1906,73.0229,0.5,26.8,86.0,11.5
2021-09-22T15:00,2021,Thane Mumbra,19.1906,73.0229,0.7,26.2,90.0,7.0
2021-09-22T16:00,2021,Thane Mumbra,19.1906,73.0229,0.7,25.8,89.0,10.3
2021-09-22T17:00,2021,Thane Mumbra,19.1906,73.0229,0.5,25.8,94.0,6.9
2021-09-22T18:00,2021,Thane Mumbra,19.1906,73.0229,0.4,25.4,95.0,8.3
2021-09-22T19:00,2021,Thane Mumbra,19.1906,73.0229,0.3,25.0,96.0,4.2
2021-09-22T20:00,2021,Thane Mumbra,19.1906,73.0229,0.1,25.1,96.0,3.8
2021-09-22T21:00,2021,Thane Mumbra,19.1906,73.0229,0.3,25.1,96.0,5.1
2021-09-22T22:00,2021,Thane Mumbra,19.1906,73.0229,0.1,25.0,96.0,4.7
2021-09-22T23:00,2021,Thane Mumbra,19.1906,73.0229,0.1,24.8,96.0,4.1
2021-09-23T00:00,2021,Thane Mumbra,19.1906,73.0229,0.1,24.7,96.0,3.7
2021-09-23T01:00,2021,Thane Mumbra,19.1906,73.0229,0.2,24.6,96.0,3.4
2021-09-23T02:00,2021,Thane Mumbra,19.1906,73.0229,0.1,24.6,96.0,3.7
2021-09-23T03:00,2021,Thane Mumbra,19.1906,73.0229,0.2,24.7,96.0,3.4
2021-09-23T04:00,2021,Thane Mumbra,19.1906,73.0229,0.3,24.4,97.0,3.4
2021-09-23T05:00,2021,Thane Mumbra,19.1906,73.0229,0.2,24.6,97.0,4.3
2021-09-23T06:00,2021,Thane Mumbra,19.1906,73.0229,0.3,24.8,96.0,4.6
2021-09-23T07:00,2021,Thane Mumbra,19.1906,73.0229,0.2,25.4,95.0,7.3
2021-09-23T08:00,2021,Thane Mumbra,19.1906,73.0229,0.1,26.3,92.0,7.3
2021-09-23T09:00,2021,Thane Mumbra,19.1906,73.0229,0.2,27.5,84.0,8.8
2021-09-23T10:00,2021,Thane Mumbra,19.1906,73.0229,2.0,26.7,84.0,11.3
2021-09-23T11:00,2021,Thane Mumbra,19.1906,73.0229,0.2,28.2,85.0,9.0
2021-09-23T12:00,2021,Thane Mumbra,19.1906,73.0229,0.2,28.3,83.0,11.7
2021-09-23T13:00,2021,Thane Mumbra,19.1906,73.0229,0.8,27.6,87.0,10.4
2021-09-23T14:00,2021,Thane Mumbra,19.1906,73.0229,0.9,27.5,83.0,12.3
2021-09-23T15:00,2021,Thane Mumbra,19.1906,73.0229,0.7,27.3,89.0,10.2
2021-09-23T16:00,2021,Thane Mumbra,19.1906,73.0229,1.6,26.7,91.0,10.2
2021-09-23T17:00,2021,Thane Mumbra,19.1906,73.0229,1.7,26.6,90.0,6.7
2021-09-23T18:00,2021,Thane Mumbra,19.1906,73.0229,0.1,26.0,94.0,4.0
2021-09-23T19:00,2021,Thane Mumbra,19.1906,73.0229,1.2,25.6,95.0,4.7
2021-09-23T20:00,2021,Thane Mumbra,19.1906,73.0229,0.1,25.6,96.0,5.0
2021-09-23T21:00,2021,Thane Mumbra,19.1906,73.0229,0.1,25.3,95.0,4.5
2021-09-23T22:00,2021,Thane Mumbra,19.1906,73.0229,0.1,25.4,95.0,5.8
2021-09-23T23:00,2021,Thane Mumbra,19.1906,73.0229,0.0,25.2,95.0,6.1
2021-09-24T00:00,2021,Thane Mumbra,19.1906,73.0229,0.0,25.0,96.0,6.8
2021-09-24T01:00,2021,Thane Mumbra,19.1906,73.0229,0.0,24.9,96.0,7.6
2021-09-24T02:00,2021,Thane Mumbra,19.1906,73.0229,0.0,24.7,97.0,8.3
2021-09-24T03:00,2021,Thane Mumbra,19.1906,73.0229,0.1,24.7,97.0,9.1
2021-09-24T04:00,2021,Thane Mumbra,19.1906,73.0229,0.1,24.7,96.0,8.0
2021-09-24T05:00,2021,Thane Mumbra,19.1906,73.0229,0.2,24.7,97.0,6.1
2021-09-24T06:00,2021,Thane Mumbra,19.1906,73.0229,0.1,24.9,95.0,5.8
2021-09-24T07:00,2021,Thane Mumbra,19.1906,73.0229,0.2,25.3,93.0,7.3
2021-09-24T08:00,2021,Thane Mumbra,19.1906,73.0229,0.2,26.1,91.0,9.5
2021-09-24T09:00,2021,Thane Mumbra,19.1906,73.0229,0.5,27.0,86.0,7.6
2021-09-24T10:00,2021,Thane Mumbra,19.1906,73.0229,0.5,28.1,80.0,7.2
2021-09-24T11:00,2021,Thane Mumbra,19.1906,73.0229,0.4,29.1,72.0,8.9
2021-09-24T12:00,2021,Thane Mumbra,19.1906,73.0229,0.1,29.4,71.0,11.5
2021-09-24T13:00,2021,Thane Mumbra,19.1906,73.0229,0.1,29.5,71.0,13.2
2021-09-24T14:00,2021,Thane Mumbra,19.1906,73.0229,0.0,29.4,72.0,13.4
2021-09-24T15:00,2021,Thane Mumbra,19.1906,73.0229,0.1,29.1,73.0,13.2
2021-09-24T16:00,2021,Thane Mumbra,19.1906,73.0229,0.2,28.6,74.0,12.1
2021-09-24T17:00,2021,Thane Mumbra,19.1906,73.0229,0.2,28.0,76.0,10.6
2021-09-24T18:00,2021,Thane Mumbra,19.1906,73.0229,0.0,26.7,83.0,6.6
2021-09-24T19:00,2021,Thane Mumbra,19.1906,73.0229,0.0,25.6,90.0,5.0
2021-09-24T20:00,2021,Thane Mumbra,19.1906,73.0229,0.0,25.8,89.0,5.4
2021-09-24T21:00,2021,Thane Mumbra,19.1906,73.0229,0.0,26.5,85.0,2.1
2021-09-24T22:00,2021,Thane Mumbra,19.1906,73.0229,0.0,25.0,93.0,2.8
2021-09-24T23:00,2021,Thane Mumbra,19.1906,73.0229,0.0,24.8,94.0,3.3
2021-09-25T00:00,2021,Thane Mumbra,19.1906,73.0229,0.0,24.7,95.0,4.6
2021-09-25T01:00,2021,Thane Mumbra,19.1906,73.0229,0.0,24.6,95.0,6.3
2021-09-25T02:00,2021,Thane Mumbra,19.1906,73.0229,0.0,24.6,95.0,6.1
2021-09-25T03:00,2021,Thane Mumbra,19.1906,73.0229,0.0,24.4,97.0,5.0
2021-09-25T04:00,2021,Thane Mumbra,19.1906,73.0229,0.0,24.3,97.0,5.0
2021-09-25T05:00,2021,Thane Mumbra,19.1906,73.0229,0.1,24.4,97.0,5.4
2021-09-25T06:00,2021,Thane Mumbra,19.1906,73.0229,0.1,24.5,96.0,4.7
2021-09-25T07:00,2021,Thane Mumbra,19.1906,73.0229,0.1,25.4,92.0,5.9
2021-09-25T08:00,2021,Thane Mumbra,19.1906,73.0229,0.0,26.3,87.0,7.1
2021-09-25T09:00,2021,Thane Mumbra,19.1906,73.0229,0.0,27.2,86.0,7.1
2021-09-25T10:00,2021,Thane Mumbra,19.1906,73.0229,0.0,27.9,84.0,8.2
2021-09-25T11:00,2021,Thane Mumbra,19.1906,73.0229,0.1,28.4,79.0,9.2
2021-09-25T12:00,2021,Thane Mumbra,19.1906,73.0229,0.3,28.8,76.0,10.1
2021-09-25T13:00,2021,Thane Mumbra,19.1906,73.0229,0.6,28.8,76.0,10.6
2021-09-25T14:00,2021,Thane Mumbra,19.1906,73.0229,0.8,28.7,76.0,11.3
2021-09-25T15:00,2021,Thane Mumbra,19.1906,73.0229,0.7,28.6,75.0,11.0
2021-09-25T16:00,2021,Thane Mumbra,19.1906,73.0229,0.5,28.4,75.0,11.6
2021-09-25T17:00,2021,Thane Mumbra,19.1906,73.0229,0.4,28.2,77.0,11.9
2021-09-25T18:00,2021,Thane Mumbra,19.1906,73.0229,0.0,27.0,83.0,7.6
2021-09-25T19:00,2021,Thane Mumbra,19.1906,73.0229,0.0,26.0,88.0,4.3
2021-09-25T20:00,2021,Thane Mumbra,19.1906,73.0229,0.0,26.2,87.0,4.9
2021-09-25T21:00,2021,Thane Mumbra,19.1906,73.0229,0.0,26.5,85.0,3.1
2021-09-25T22:00,2021,Thane Mumbra,19.1906,73.0229,0.0,25.3,91.0,2.3
2021-09-25T23:00,2021,Thane Mumbra,19.1906,73.0229,0.0,25.0,94.0,3.0
2021-09-26T00:00,2021,Thane Mumbra,19.1906,73.0229,0.0,24.7,95.0,3.7
2021-09-26T01:00,2021,Thane Mumbra,19.1906,73.0229,0.0,24.4,96.0,4.6
2021-09-26T02:00,2021,Thane Mumbra,19.1906,73.0229,0.1,24.6,95.0,4.3
2021-09-26T03:00,2021,Thane Mumbra,19.1906,73.0229,0.1,24.4,96.0,5.2
2021-09-26T04:00,2021,Thane Mumbra,19.1906,73.0229,0.0,24.4,96.0,4.3
2021-09-26T05:00,2021,Thane Mumbra,19.1906,73.0229,0.0,24.4,96.0,4.5
2021-09-26T06:00,2021,Thane Mumbra,19.1906,73.0229,0.0,24.5,96.0,3.6
2021-09-26T07:00,2021,Thane Mumbra,19.1906,73.0229,0.1,25.2,92.0,3.6
2021-09-26T08:00,2021,Thane Mumbra,19.1906,73.0229,0.2,26.0,88.0,4.6
2021-09-26T09:00,2021,Thane Mumbra,19.1906,73.0229,0.2,26.6,85.0,3.6
2021-09-26T10:00,2021,Thane Mumbra,19.1906,73.0229,0.1,27.6,84.0,3.3
2021-09-26T11:00,2021,Thane Mumbra,19.1906,73.0229,0.1,28.7,81.0,3.6
2021-09-26T12:00,2021,Thane Mumbra,19.1906,73.0229,0.2,29.4,74.0,8.1
2021-09-26T13:00,2021,Thane Mumbra,19.1906,73.0229,1.9,27.6,86.0,9.9
2021-09-26T14:00,2021,Thane Mumbra,19.1906,73.0229,0.4,29.0,77.0,9.4
2021-09-26T15:00,2021,Thane Mumbra,19.1906,73.0229,0.1,28.9,74.0,11.2
2021-09-26T16:00,2021,Thane Mumbra,19.1906,73.0229,0.2,28.2,75.0,11.3
2021-09-26T17:00,2021,Thane Mumbra,19.1906,73.0229,0.0,27.3,81.0,9.6
2021-09-26T18:00,2021,Thane Mumbra,19.1906,73.0229,0.0,26.4,85.0,5.3
2021-09-26T19:00,2021,Thane Mumbra,19.1906,73.0229,0.0,25.9,91.0,4.0
2021-09-26T20:00,2021,Thane Mumbra,19.1906,73.0229,0.0,25.7,91.0,4.5
2021-09-26T21:00,2021,Thane Mumbra,19.1906,73.0229,0.0,26.3,86.0,1.4
2021-09-26T22:00,2021,Thane Mumbra,19.1906,73.0229,0.0,25.3,93.0,1.9
2021-09-26T23:00,2021,Thane Mumbra,19.1906,73.0229,0.0,25.2,94.0,3.5
2021-09-27T00:00,2021,Thane Mumbra,19.1906,73.0229,0.0,25.0,95.0,2.8
2021-09-27T01:00,2021,Thane Mumbra,19.1906,73.0229,0.0,24.7,96.0,2.5
2021-09-27T02:00,2021,Thane Mumbra,19.1906,73.0229,0.0,24.7,96.0,2.8
2021-09-27T03:00,2021,Thane Mumbra,19.1906,73.0229,0.0,24.5,97.0,2.5
2021-09-27T04:00,2021,Thane Mumbra,19.1906,73.0229,0.1,24.5,97.0,2.0
2021-09-27T05:00,2021,Thane Mumbra,19.1906,73.0229,0.1,24.6,95.0,4.1
2021-09-27T06:00,2021,Thane Mumbra,19.1906,73.0229,0.1,24.7,95.0,2.0
2021-09-27T07:00,2021,Thane Mumbra,19.1906,73.0229,0.1,25.2,93.0,4.0
2021-09-27T08:00,2021,Thane Mumbra,19.1906,73.0229,0.1,25.6,91.0,3.3
2021-09-27T09:00,2021,Thane Mumbra,19.1906,73.0229,0.1,26.0,88.0,1.4
2021-09-27T10:00,2021,Thane Mumbra,19.1906,73.0229,0.3,26.4,87.0,0.4
2021-09-27T11:00,2021,Thane Mumbra,19.1906,73.0229,0.3,26.9,86.0,2.5
2021-09-27T12:00,2021,Thane Mumbra,19.1906,73.0229,1.8,26.7,88.0,5.7
2021-09-27T13:00,2021,Thane Mumbra,19.1906,73.0229,3.3,26.1,91.0,7.2
2021-09-27T14:00,2021,Thane Mumbra,19.1906,73.0229,0.3,26.9,89.0,4.7
2021-09-27T15:00,2021,Thane Mumbra,19.1906,73.0229,2.2,26.1,91.0,6.9
2021-09-27T16:00,2021,Thane Mumbra,19.1906,73.0229,1.7,26.0,91.0,6.0
2021-09-27T17:00,2021,Thane Mumbra,19.1906,73.0229,1.7,26.0,91.0,6.6
2021-09-27T18:00,2021,Thane Mumbra,19.1906,73.0229,0.1,25.3,94.0,3.7
2021-09-27T19:00,2021,Thane Mumbra,19.1906,73.0229,0.0,25.6,92.0,3.7
2021-09-27T20:00,2021,Thane Mumbra,19.1906,73.0229,0.1,25.5,91.0,2.2
2021-09-27T21:00,2021,Thane Mumbra,19.1906,73.0229,0.0,25.0,94.0,1.5
2021-09-27T22:00,2021,Thane Mumbra,19.1906,73.0229,0.0,24.3,98.0,3.1
2021-09-27T23:00,2021,Thane Mumbra,19.1906,73.0229,0.0,24.3,99.0,2.0
2021-09-28T00:00,2021,Thane Mumbra,19.1906,73.0229,0.0,24.4,98.0,2.1
2021-09-28T01:00,2021,Thane Mumbra,19.1906,73.0229,0.1,24.3,98.0,4.2
2021-09-28T02:00,2021,Thane Mumbra,19.1906,73.0229,0.1,24.1,98.0,3.6
2021-09-28T03:00,2021,Thane Mumbra,19.1906,73.0229,0.0,24.1,97.0,5.1
2021-09-28T04:00,2021,Thane Mumbra,19.1906,73.0229,0.0,24.3,97.0,4.5
2021-09-28T05:00,2021,Thane Mumbra,19.1906,73.0229,0.0,24.3,97.0,3.4
2021-09-28T06:00,2021,Thane Mumbra,19.1906,73.0229,0.0,24.5,96.0,6.2
2021-09-28T07:00,2021,Thane Mumbra,19.1906,73.0229,0.1,25.0,95.0,7.2
2021-09-28T08:00,2021,Thane Mumbra,19.1906,73.0229,0.2,25.8,90.0,7.6
2021-09-28T09:00,2021,Thane Mumbra,19.1906,73.0229,0.5,25.9,93.0,8.0
2021-09-28T10:00,2021,Thane Mumbra,19.1906,73.0229,0.4,26.4,91.0,8.5
2021-09-28T11:00,2021,Thane Mumbra,19.1906,73.0229,2.0,25.9,93.0,10.6
2021-09-28T12:00,2021,Thane Mumbra,19.1906,73.0229,0.8,26.0,93.0,10.0
2021-09-28T13:00,2021,Thane Mumbra,19.1906,73.0229,0.5,26.1,91.0,13.6
2021-09-28T14:00,2021,Thane Mumbra,19.1906,73.0229,0.5,25.8,96.0,10.2
2021-09-28T15:00,2021,Thane Mumbra,19.1906,73.0229,0.9,25.7,94.0,10.5
2021-09-28T16:00,2021,Thane Mumbra,19.1906,73.0229,1.0,25.6,94.0,12.4
2021-09-28T17:00,2021,Thane Mumbra,19.1906,73.0229,0.5,25.7,93.0,14.5
2021-09-28T18:00,2021,Thane Mumbra,19.1906,73.0229,0.7,25.5,93.0,10.0
2021-09-28T19:00,2021,Thane Mumbra,19.1906,73.0229,1.2,25.4,93.0,11.7
2021-09-28T20:00,2021,Thane Mumbra,19.1906,73.0229,1.8,25.2,94.0,10.5
2021-09-28T21:00,2021,Thane Mumbra,19.1906,73.0229,2.2,25.2,94.0,13.8
2021-09-28T22:00,2021,Thane Mumbra,19.1906,73.0229,2.1,25.3,94.0,15.7
2021-09-28T23:00,2021,Thane Mumbra,19.1906,73.0229,1.6,25.4,94.0,13.8
2021-09-29T00:00,2021,Thane Mumbra,19.1906,73.0229,2.0,25.1,95.0,15.5
2021-09-29T01:00,2021,Thane Mumbra,19.1906,73.0229,2.7,25.3,92.0,16.4
2021-09-29T02:00,2021,Thane Mumbra,19.1906,73.0229,2.9,25.2,93.0,20.4
2021-09-29T03:00,2021,Thane Mumbra,19.1906,73.0229,3.0,25.2,93.0,17.1
2021-09-29T04:00,2021,Thane Mumbra,19.1906,73.0229,1.8,25.1,94.0,15.9
2021-09-29T05:00,2021,Thane Mumbra,19.1906,73.0229,2.0,25.1,94.0,17.9
2021-09-29T06:00,2021,Thane Mumbra,19.1906,73.0229,0.7,25.3,93.0,17.2
2021-09-29T07:00,2021,Thane Mumbra,19.1906,73.0229,0.4,25.4,93.0,19.5
2021-09-29T08:00,2021,Thane Mumbra,19.1906,73.0229,0.6,25.8,94.0,18.1
2021-09-29T09:00,2021,Thane Mumbra,19.1906,73.0229,0.5,26.2,92.0,17.4
2021-09-29T10:00,2021,Thane Mumbra,19.1906,73.0229,1.1,26.5,92.0,19.0
2021-09-29T11:00,2021,Thane Mumbra,19.1906,73.0229,0.3,28.1,87.0,18.0
2021-09-29T12:00,2021,Thane Mumbra,19.1906,73.0229,2.9,27.5,88.0,20.5
2021-09-29T13:00,2021,Thane Mumbra,19.1906,73.0229,2.5,27.4,87.0,21.2
2021-09-29T14:00,2021,Thane Mumbra,19.1906,73.0229,2.1,27.3,90.0,17.9
2021-09-29T15:00,2021,Thane Mumbra,19.1906,73.0229,7.2,26.6,91.0,18.7
2021-09-29T16:00,2021,Thane Mumbra,19.1906,73.0229,0.2,26.9,88.0,15.9
2021-09-29T17:00,2021,Thane Mumbra,19.1906,73.0229,0.1,27.7,82.0,16.1
2021-09-29T18:00,2021,Thane Mumbra,19.1906,73.0229,0.0,27.1,83.0,18.3
2021-09-29T19:00,2021,Thane Mumbra,19.1906,73.0229,0.2,25.9,90.0,18.9
2021-09-29T20:00,2021,Thane Mumbra,19.1906,73.0229,0.2,25.7,91.0,16.3
2021-09-29T21:00,2021,Thane Mumbra,19.1906,73.0229,0.2,25.7,92.0,15.9
2021-09-29T22:00,2021,Thane Mumbra,19.1906,73.0229,0.3,25.6,91.0,15.8
2021-09-29T23:00,2021,Thane Mumbra,19.1906,73.0229,0.5,25.2,93.0,16.2
2021-09-30T00:00,2021,Thane Mumbra,19.1906,73.0229,0.3,25.1,94.0,15.8
2021-09-30T01:00,2021,Thane Mumbra,19.1906,73.0229,0.2,25.0,94.0,13.4
2021-09-30T02:00,2021,Thane Mumbra,19.1906,73.0229,0.1,24.8,94.0,14.2
2021-09-30T03:00,2021,Thane Mumbra,19.1906,73.0229,0.1,24.8,94.0,13.3
2021-09-30T04:00,2021,Thane Mumbra,19.1906,73.0229,0.1,24.6,95.0,12.6
2021-09-30T05:00,2021,Thane Mumbra,19.1906,73.0229,0.1,24.6,95.0,10.4
2021-09-30T06:00,2021,Thane Mumbra,19.1906,73.0229,0.0,24.9,94.0,12.0
2021-09-30T07:00,2021,Thane Mumbra,19.1906,73.0229,0.0,25.4,92.0,12.7
2021-09-30T08:00,2021,Thane Mumbra,19.1906,73.0229,0.1,26.5,87.0,17.3
2021-09-30T09:00,2021,Thane Mumbra,19.1906,73.0229,0.1,27.5,84.0,16.5
2021-09-30T10:00,2021,Thane Mumbra,19.1906,73.0229,0.1,28.3,82.0,17.0
2021-09-30T11:00,2021,Thane Mumbra,19.1906,73.0229,0.1,28.7,81.0,17.4
2021-09-30T12:00,2021,Thane Mumbra,19.1906,73.0229,0.1,29.0,81.0,17.3
2021-09-30T13:00,2021,Thane Mumbra,19.1906,73.0229,0.2,29.0,81.0,16.5
2021-09-30T14:00,2021,Thane Mumbra,19.1906,73.0229,0.4,28.5,81.0,16.9
2021-09-30T15:00,2021,Thane Mumbra,19.1906,73.0229,0.3,28.3,78.0,17.6
2021-09-30T16:00,2021,Thane Mumbra,19.1906,73.0229,0.2,27.9,80.0,16.1
2021-09-30T17:00,2021,Thane Mumbra,19.1906,73.0229,0.2,27.9,84.0,13.0
2021-09-30T18:00,2021,Thane Mumbra,19.1906,73.0229,0.0,26.7,90.0,9.9
2021-09-30T19:00,2021,Thane Mumbra,19.1906,73.0229,0.0,26.3,92.0,9.2
2021-09-30T20:00,2021,Thane Mumbra,19.1906,73.0229,0.0,26.0,93.0,9.3
2021-09-30T21:00,2021,Thane Mumbra,19.1906,73.0229,0.0,25.8,94.0,7.6
2021-09-30T22:00,2021,Thane Mumbra,19.1906,73.0229,0.0,25.5,96.0,6.3
2021-09-30T23:00,2021,Thane Mumbra,19.1906,73.0229,0.0,25.2,96.0,5.0
2022-06-01T00:00,2022,Thane Mumbra,19.1906,73.0229,0.0,28.1,76.0,5.1
2022-06-01T01:00,2022,Thane Mumbra,19.1906,73.0229,0.0,28.2,75.0,6.2
2022-06-01T02:00,2022,Thane Mumbra,19.1906,73.0229,0.0,28.2,74.0,5.4
2022-06-01T03:00,2022,Thane Mumbra,19.1906,73.0229,0.0,28.2,74.0,4.6
2022-06-01T04:00,2022,Thane Mumbra,19.1906,73.0229,0.0,28.2,74.0,3.6
2022-06-01T05:00,2022,Thane Mumbra,19.1906,73.0229,0.0,28.3,74.0,7.5
2022-06-01T06:00,2022,Thane Mumbra,19.1906,73.0229,0.0,28.5,73.0,7.3
2022-06-01T07:00,2022,Thane Mumbra,19.1906,73.0229,0.0,29.3,69.0,7.1
2022-06-01T08:00,2022,Thane Mumbra,19.1906,73.0229,0.0,30.9,61.0,6.0
2022-06-01T09:00,2022,Thane Mumbra,19.1906,73.0229,0.0,32.5,54.0,6.4
2022-06-01T10:00,2022,Thane Mumbra,19.1906,73.0229,0.0,34.0,49.0,8.0
2022-06-01T11:00,2022,Thane Mumbra,19.1906,73.0229,0.0,35.3,45.0,11.9
2022-06-01T12:00,2022,Thane Mumbra,19.1906,73.0229,0.0,35.9,43.0,13.1
2022-06-01T13:00,2022,Thane Mumbra,19.1906,73.0229,0.0,35.2,45.0,15.4
2022-06-01T14:00,2022,Thane Mumbra,19.1906,73.0229,0.0,35.2,46.0,15.2
2022-06-01T15:00,2022,Thane Mumbra,19.1906,73.0229,0.0,34.0,51.0,19.8
2022-06-01T16:00,2022,Thane Mumbra,19.1906,73.0229,0.0,33.0,53.0,19.2
2022-06-01T17:00,2022,Thane Mumbra,19.1906,73.0229,0.0,31.4,58.0,15.4
2022-06-01T18:00,2022,Thane Mumbra,19.1906,73.0229,0.0,30.1,64.0,13.3
2022-06-01T19:00,2022,Thane Mumbra,19.1906,73.0229,0.0,29.0,69.0,12.0
2022-06-01T20:00,2022,Thane Mumbra,19.1906,73.0229,0.0,28.6,72.0,9.0
2022-06-01T21:00,2022,Thane Mumbra,19.1906,73.0229,0.0,28.4,74.0,7.6
2022-06-01T22:00,2022,Thane Mumbra,19.1906,73.0229,0.0,28.5,74.0,9.5
2022-06-01T23:00,2022,Thane Mumbra,19.1906,73.0229,0.0,28.4,74.0,9.5
2022-06-02T00:00,2022,Thane Mumbra,19.1906,73.0229,0.0,28.5,73.0,10.2
2022-06-02T01:00,2022,Thane Mumbra,19.1906,73.0229,0.0,28.6,73.0,9.4
2022-06-02T02:00,2022,Thane Mumbra,19.1906,73.0229,0.0,28.5,73.0,8.2
2022-06-02T03:00,2022,Thane Mumbra,19.1906,73.0229,0.0,28.5,72.0,6.7
2022-06-02T04:00,2022,Thane Mumbra,19.1906,73.0229,0.0,28.0,75.0,3.8
2022-06-02T05:00,2022,Thane Mumbra,19.1906,73.0229,0.0,27.7,79.0,4.3
2022-06-02T06:00,2022,Thane Mumbra,19.1906,73.0229,0.0,28.5,74.0,2.3
2022-06-02T07:00,2022,Thane Mumbra,19.1906,73.0229,0.0,29.6,69.0,3.8
2022-06-02T08:00,2022,Thane Mumbra,19.1906,73.0229,0.0,31.1,62.0,4.2
2022-06-02T09:00,2022,Thane Mumbra,19.1906,73.0229,0.0,32.7,55.0,3.7
2022-06-02T10:00,2022,Thane Mumbra,19.1906,73.0229,0.0,33.5,51.0,6.5
2022-06-02T11:00,2022,Thane Mumbra,19.1906,73.0229,0.0,34.2,50.0,6.8
2022-06-02T12:00,2022,Thane Mumbra,19.1906,73.0229,0.0,35.5,46.0,13.1
2022-06-02T13:00,2022,Thane Mumbra,19.1906,73.0229,0.0,35.4,47.0,16.2
2022-06-02T14:00,2022,Thane Mumbra,19.1906,73.0229,0.0,34.8,49.0,16.9
2022-06-02T15:00,2022,Thane Mumbra,19.1906,73.0229,0.0,33.4,53.0,19.1
2022-06-02T16:00,2022,Thane Mumbra,19.1906,73.0229,0.0,32.2,57.0,16.7
2022-06-02T17:00,2022,Thane Mumbra,19.1906,73.0229,0.0,31.6,62.0,17.0
2022-06-02T18:00,2022,Thane Mumbra,19.1906,73.0229,0.0,30.2,67.0,16.0
2022-06-02T19:00,2022,Thane Mumbra,19.1906,73.0229,0.0,28.9,74.0,14.4
2022-06-02T20:00,2022,Thane Mumbra,19.1906,73.0229,0.0,28.4,76.0,11.4
2022-06-02T21:00,2022,Thane Mumbra,19.1906,73.0229,0.0,28.1,78.0,9.9
2022-06-02T22:00,2022,Thane Mumbra,19.1906,73.0229,0.0,27.9,80.0,8.4
2022-06-02T23:00,2022,Thane Mumbra,19.1906,73.0229,0.0,27.6,82.0,3.8
2022-06-03T00:00,2022,Thane Mumbra,19.1906,73.0229,0.0,27.3,83.0,2.9
2022-06-03T01:00,2022,Thane Mumbra,19.1906,73.0229,0.0,27.3,83.0,3.4
2022-06-03T02:00,2022,Thane Mumbra,19.1906,73.0229,0.0,27.2,83.0,3.8
2022-06-03T03:00,2022,Thane Mumbra,19.1906,73.0229,0.0,27.3,82.0,3.1
2022-06-03T04:00,2022,Thane Mumbra,19.1906,73.0229,0.0,27.0,84.0,3.4
2022-06-03T05:00,2022,Thane Mumbra,19.1906,73.0229,0.0,27.1,83.0,4.1
2022-06-03T06:00,2022,Thane Mumbra,19.1906,73.0229,0.0,27.9,78.0,7.1
2022-06-03T07:00,2022,Thane Mumbra,19.1906,73.0229,0.0,29.2,67.0,7.6
2022-06-03T08:00,2022,Thane Mumbra,19.1906,73.0229,0.0,30.9,58.0,7.3
2022-06-03T09:00,2022,Thane Mumbra,19.1906,73.0229,0.0,32.6,51.0,7.6
2022-06-03T10:00,2022,Thane Mumbra,19.1906,73.0229,0.0,33.7,49.0,10.4
2022-06-03T11:00,2022,Thane Mumbra,19.1906,73.0229,0.0,34.7,45.0,12.9
2022-06-03T12:00,2022,Thane Mumbra,19.1906,73.0229,0.0,35.2,44.0,15.2
2022-06-03T13:00,2022,Thane Mumbra,19.1906,73.0229,0.0,35.3,42.0,17.2
2022-06-03T14:00,2022,Thane Mumbra,19.1906,73.0229,0.0,34.9,42.0,17.2
2022-06-03T15:00,2022,Thane Mumbra,19.1906,73.0229,0.0,34.2,45.0,17.3
2022-06-03T16:00,2022,Thane Mumbra,19.1906,73.0229,0.0,33.3,48.0,16.7
2022-06-03T17:00,2022,Thane Mumbra,19.1906,73.0229,0.0,31.5,61.0,17.3
2022-06-03T18:00,2022,Thane Mumbra,19.1906,73.0229,0.0,29.8,70.0,15.9
2022-06-03T19:00,2022,Thane Mumbra,19.1906,73.0229,0.0,28.7,76.0,13.0
2022-06-03T20:00,2022,Thane Mumbra,19.1906,73.0229,0.0,28.3,78.0,10.9
2022-06-03T21:00,2022,Thane Mumbra,19.1906,73.0229,0.0,28.2,79.0,8.0
2022-06-03T22:00,2022,Thane Mumbra,19.1906,73.0229,0.0,28.0,80.0,5.8
2022-06-03T23:00,2022,Thane Mumbra,19.1906,73.0229,0.0,27.8,81.0,5.5
2022-06-04T00:00,2022,Thane Mumbra,19.1906,73.0229,0.0,27.8,81.0,6.0
2022-06-04T01:00,2022,Thane Mumbra,19.1906,73.0229,0.0,27.6,81.0,4.9
2022-06-04T02:00,2022,Thane Mumbra,19.1906,73.0229,0.0,27.2,83.0,3.3
2022-06-04T03:00,2022,Thane Mumbra,19.1906,73.0229,0.0,27.1,83.0,3.6
2022-06-04T04:00,2022,Thane Mumbra,19.1906,73.0229,0.0,26.8,84.0,3.2
2022-06-04T05:00,2022,Thane Mumbra,19.1906,73.0229,0.0,27.1,86.0,4.4
2022-06-04T06:00,2022,Thane Mumbra,19.1906,73.0229,0.0,28.2,80.0,4.7
2022-06-04T07:00,2022,Thane Mumbra,19.1906,73.0229,0.0,29.7,69.0,7.5
2022-06-04T08:00,2022,Thane Mumbra,19.1906,73.0229,0.0,31.2,61.0,7.2
2022-06-04T09:00,2022,Thane Mumbra,19.1906,73.0229,0.0,32.8,54.0,8.8
2022-06-04T10:00,2022,Thane Mumbra,19.1906,73.0229,0.0,34.0,49.0,10.2
2022-06-04T11:00,2022,Thane Mumbra,19.1906,73.0229,0.0,34.9,46.0,11.9
2022-06-04T12:00,2022,Thane Mumbra,19.1906,73.0229,0.0,35.6,43.0,13.1
2022-06-04T13:00,2022,Thane Mumbra,19.1906,73.0229,0.0,35.6,45.0,14.9
2022-06-04T14:00,2022,Thane Mumbra,19.1906,73.0229,0.0,35.7,42.0,15.7
2022-06-04T15:00,2022,Thane Mumbra,19.1906,73.0229,0.0,35.2,43.0,15.5
2022-06-04T16:00,2022,Thane Mumbra,19.1906,73.0229,0.0,33.9,49.0,15.7
2022-06-04T17:00,2022,Thane Mumbra,19.1906,73.0229,0.0,32.6,57.0,16.2
2022-06-04T18:00,2022,Thane Mumbra,19.1906,73.0229,0.0,30.8,65.0,16.9
2022-06-04T19:00,2022,Thane Mumbra,19.1906,73.0229,0.0,29.5,73.0,13.6
2022-06-04T20:00,2022,Thane Mumbra,19.1906,73.0229,0.0,28.9,77.0,10.7
2022-06-04T21:00,2022,Thane Mumbra,19.1906,73.0229,0.0,28.6,79.0,8.0
2022-06-04T22:00,2022,Thane Mumbra,19.1906,73.0229,0.0,28.3,81.0,4.8
2022-06-04T23:00,2022,Thane Mumbra,19.1906,73.0229,0.0,28.0,83.0,4.2
2022-06-05T00:00,2022,Thane Mumbra,19.1906,73.0229,0.0,27.7,85.0,4.0
2022-06-05T01:00,2022,Thane Mumbra,19.1906,73.0229,0.0,27.5,87.0,2.7
2022-06-05T02:00,2022,Thane Mumbra,19.1906,73.0229,0.0,27.4,87.0,2.6
2022-06-05T03:00,2022,Thane Mumbra,19.1906,73.0229,0.0,27.6,86.0,3.6
2022-06-05T04:00,2022,Thane Mumbra,19.1906,73.0229,0.0,27.5,87.0,1.8
2022-06-05T05:00,2022,Thane Mumbra,19.1906,73.0229,0.0,27.7,84.0,5.2
2022-06-05T06:00,2022,Thane Mumbra,19.1906,73.0229,0.0,28.0,81.0,4.9
2022-06-05T07:00,2022,Thane Mumbra,19.1906,73.0229,0.0,29.0,75.0,4.3
2022-06-05T08:00,2022,Thane Mumbra,19.1906,73.0229,0.0,30.6,66.0,3.8
2022-06-05T09:00,2022,Thane Mumbra,19.1906,73.0229,0.0,32.1,58.0,3.3
2022-06-05T10:00,2022,Thane Mumbra,19.1906,73.0229,0.0,33.9,51.0,4.3
2022-06-05T11:00,2022,Thane Mumbra,19.1906,73.0229,0.0,35.5,45.0,7.2
2022-06-05T12:00,2022,Thane Mumbra,19.1906,73.0229,0.0,36.0,45.0,13.1
2022-06-05T13:00,2022,Thane Mumbra,19.1906,73.0229,0.0,35.2,46.0,16.9
2022-06-05T14:00,2022,Thane Mumbra,19.1906,73.0229,0.0,35.1,45.0,17.3
2022-06-05T15:00,2022,Thane Mumbra,19.1906,73.0229,0.0,33.8,48.0,17.3
2022-06-05T16:00,2022,Thane Mumbra,19.1906,73.0229,0.0,33.5,51.0,15.7
2022-06-05T17:00,2022,Thane Mumbra,19.1906,73.0229,0.0,32.1,60.0,15.5
2022-06-05T18:00,2022,Thane Mumbra,19.1906,73.0229,0.0,30.5,68.0,14.0
2022-06-05T19:00,2022,Thane Mumbra,19.1906,73.0229,0.0,29.9,71.0,11.5
2022-06-05T20:00,2022,Thane Mumbra,19.1906,73.0229,0.0,29.4,73.0,9.7
2022-06-05T21:00,2022,Thane Mumbra,19.1906,73.0229,0.0,29.3,75.0,7.6
2022-06-05T22:00,2022,Thane Mumbra,19.1906,73.0229,0.0,28.9,77.0,6.4
2022-06-05T23:00,2022,Thane Mumbra,19.1906,73.0229,0.0,28.6,78.0,5.3
2022-06-06T00:00,2022,Thane Mumbra,19.1906,73.0229,0.0,28.4,80.0,4.3
2022-06-06T01:00,2022,Thane Mumbra,19.1906,73.0229,0.0,27.9,83.0,2.8
2022-06-06T02:00,2022,Thane Mumbra,19.1906,73.0229,0.0,27.7,84.0,3.6
2022-06-06T03:00,2022,Thane Mumbra,19.1906,73.0229,0.0,27.4,86.0,3.1
2022-06-06T04:00,2022,Thane Mumbra,19.1906,73.0229,0.0,26.9,89.0,3.7
2022-06-06T05:00,2022,Thane Mumbra,19.1906,73.0229,0.0,27.4,85.0,3.2
2022-06-06T06:00,2022,Thane Mumbra,19.1906,73.0229,0.0,27.9,82.0,4.5
2022-06-06T07:00,2022,Thane Mumbra,19.1906,73.0229,0.0,29.1,74.0,3.1
2022-06-06T08:00,2022,Thane Mumbra,19.1906,73.0229,0.0,30.7,65.0,3.3
2022-06-06T09:00,2022,Thane Mumbra,19.1906,73.0229,0.0,32.5,57.0,4.1
2022-06-06T10:00,2022,Thane Mumbra,19.1906,73.0229,0.0,34.0,51.0,6.2
2022-06-06T11:00,2022,Thane Mumbra,19.1906,73.0229,0.0,35.4,47.0,10.0
2022-06-06T12:00,2022,Thane Mumbra,19.1906,73.0229,0.0,35.4,49.0,15.5
2022-06-06T13:00,2022,Thane Mumbra,19.1906,73.0229,0.0,35.3,47.0,16.6
2022-06-06T14:00,2022,Thane Mumbra,19.1906,73.0229,0.0,33.7,50.0,18.3
2022-06-06T15:00,2022,Thane Mumbra,19.1906,73.0229,0.0,33.9,49.0,14.9
2022-06-06T16:00,2022,Thane Mumbra,19.1906,73.0229,0.0,32.5,54.0,16.3
2022-06-06T17:00,2022,Thane Mumbra,19.1906,73.0229,0.0,32.2,50.0,14.0
2022-06-06T18:00,2022,Thane Mumbra,19.1906,73.0229,0.0,30.9,55.0,12.6
2022-06-06T19:00,2022,Thane Mumbra,19.1906,73.0229,0.0,29.7,64.0,11.2
2022-06-06T20:00,2022,Thane Mumbra,19.1906,73.0229,0.0,29.3,69.0,10.1
2022-06-06T21:00,2022,Thane Mumbra,19.1906,73.0229,0.0,29.2,69.0,9.1
2022-06-06T22:00,2022,Thane Mumbra,19.1906,73.0229,0.0,28.8,72.0,5.4
2022-06-06T23:00,2022,Thane Mumbra,19.1906,73.0229,0.0,28.2,76.0,3.9
2022-06-07T00:00,2022,Thane Mumbra,19.1906,73.0229,0.0,27.6,80.0,3.5
2022-06-07T01:00,2022,Thane Mumbra,19.1906,73.0229,0.0,28.0,78.0,2.5
2022-06-07T02:00,2022,Thane Mumbra,19.1906,73.0229,0.0,27.7,81.0,1.9
2022-06-07T03:00,2022,Thane Mumbra,19.1906,73.0229,0.0,27.4,83.0,1.6
2022-06-07T04:00,2022,Thane Mumbra,19.1906,73.0229,0.0,27.1,83.0,4.4
2022-06-07T05:00,2022,Thane Mumbra,19.1906,73.0229,0.0,27.3,82.0,4.3
2022-06-07T06:00,2022,Thane Mumbra,19.1906,73.0229,0.0,27.7,79.0,4.7
2022-06-07T07:00,2022,Thane Mumbra,19.1906,73.0229,0.0,29.2,72.0,2.3
2022-06-07T08:00,2022,Thane Mumbra,19.1906,73.0229,0.0,30.8,65.0,4.3
2022-06-07T09:00,2022,Thane Mumbra,19.1906,73.0229,0.0,32.6,57.0,5.2
2022-06-07T10:00,2022,Thane Mumbra,19.1906,73.0229,0.0,34.6,49.0,6.8
2022-06-07T11:00,2022,Thane Mumbra,19.1906,73.0229,0.0,36.1,44.0,11.6
2022-06-07T12:00,2022,Thane Mumbra,19.1906,73.0229,0.3,33.8,51.0,16.3
2022-06-07T13:00,2022,Thane Mumbra,19.1906,73.0229,0.0,32.3,61.0,12.1
2022-06-07T14:00,2022,Thane Mumbra,19.1906,73.0229,0.1,33.6,57.0,13.8
2022-06-07T15:00,2022,Thane Mumbra,19.1906,73.0229,0.7,32.8,59.0,10.3
2022-06-07T16:00,2022,Thane Mumbra,19.1906,73.0229,0.4,32.2,61.0,13.7
2022-06-07T17:00,2022,Thane Mumbra,19.1906,73.0229,0.5,33.1,57.0,12.7
2022-06-07T18:00,2022,Thane Mumbra,19.1906,73.0229,0.0,30.8,70.0,14.9
2022-06-07T19:00,2022,Thane Mumbra,19.1906,73.0229,0.0,29.5,77.0,13.2
2022-06-07T20:00,2022,Thane Mumbra,19.1906,73.0229,0.0,29.1,80.0,14.2
2022-06-07T21:00,2022,Thane Mumbra,19.1906,73.0229,0.0,29.0,79.0,13.1
2022-06-07T22:00,2022,Thane Mumbra,19.1906,73.0229,0.0,28.9,78.0,12.5
2022-06-07T23:00,2022,Thane Mumbra,19.1906,73.0229,0.0,28.9,77.0,13.5
2022-06-08T00:00,2022,Thane Mumbra,19.1906,73.0229,0.0,28.8,77.0,11.6
2022-06-08T01:00,2022,Thane Mumbra,19.1906,73.0229,0.0,28.0,82.0,11.8
2022-06-08T02:00,2022,Thane Mumbra,19.1906,73.0229,0.0,27.6,85.0,10.7
2022-06-08T03:00,2022,Thane Mumbra,19.1906,73.0229,0.1,27.4,86.0,9.4
2022-06-08T04:00,2022,Thane Mumbra,19.1906,73.0229,0.2,27.2,88.0,7.8
2022-06-08T05:00,2022,Thane Mumbra,19.1906,73.0229,0.0,27.2,89.0,8.4
2022-06-08T06:00,2022,Thane Mumbra,19.1906,73.0229,0.2,27.6,87.0,9.3
2022-06-08T07:00,2022,Thane Mumbra,19.1906,73.0229,0.1,28.5,81.0,8.4
2022-06-08T08:00,2022,Thane Mumbra,19.1906,73.0229,0.0,29.9,73.0,7.4
2022-06-08T09:00,2022,Thane Mumbra,19.1906,73.0229,0.3,30.7,70.0,9.4
2022-06-08T10:00,2022,Thane Mumbra,19.1906,73.0229,0.3,31.8,65.0,10.5
2022-06-08T11:00,2022,Thane Mumbra,19.1906,73.0229,0.2,33.5,57.0,11.8
2022-06-08T12:00,2022,Thane Mumbra,19.1906,73.0229,0.1,34.5,54.0,11.7
2022-06-08T13:00,2022,Thane Mumbra,19.1906,73.0229,0.0,35.2,51.0,13.3
2022-06-08T14:00,2022,Thane Mumbra,19.1906,73.0229,1.0,33.5,56.0,12.6
2022-06-08T15:00,2022,Thane Mumbra,19.1906,73.0229,0.8,33.0,58.0,13.4
2022-06-08T16:00,2022,Thane Mumbra,19.1906,73.0229,0.5,32.0,63.0,13.7
2022-06-08T17:00,2022,Thane Mumbra,19.1906,73.0229,0.2,32.3,62.0,12.2
2022-06-08T18:00,2022,Thane Mumbra,19.1906,73.0229,0.0,31.1,69.0,13.1
2022-06-08T19:00,2022,Thane Mumbra,19.1906,73.0229,0.0,30.1,74.0,11.0
2022-06-08T20:00,2022,Thane Mumbra,19.1906,73.0229,0.0,29.7,77.0,11.5
2022-06-08T21:00,2022,Thane Mumbra,19.1906,73.0229,0.0,29.4,79.0,10.3
2022-06-08T22:00,2022,Thane Mumbra,19.1906,73.0229,0.0,29.1,81.0,7.7
2022-06-08T23:00,2022,Thane Mumbra,19.1906,73.0229,0.0,28.8,82.0,7.9
2022-06-09T00:00,2022,Thane Mumbra,19.1906,73.0229,0.0,28.6,83.0,6.5
2022-06-09T01:00,2022,Thane Mumbra,19.1906,73.0229,0.0,28.3,85.0,8.7
2022-06-09T02:00,2022,Thane Mumbra,19.1906,73.0229,0.1,28.0,86.0,7.2
2022-06-09T03:00,2022,Thane Mumbra,19.1906,73.0229,0.4,27.3,87.0,7.9
2022-06-09T04:00,2022,Thane Mumbra,19.1906,73.0229,0.1,26.8,89.0,6.4
2022-06-09T05:00,2022,Thane Mumbra,19.1906,73.0229,0.2,26.8,91.0,4.8
2022-06-09T06:00,2022,Thane Mumbra,19.1906,73.0229,1.2,26.7,89.0,6.4
2022-06-09T07:00,2022,Thane Mumbra,19.1906,73.0229,0.1,27.3,86.0,6.8
2022-06-09T08:00,2022,Thane Mumbra,19.1906,73.0229,0.0,28.7,79.0,8.8
2022-06-09T09:00,2022,Thane Mumbra,19.1906,73.0229,0.1,30.5,70.0,9.7
2022-06-09T10:00,2022,Thane Mumbra,19.1906,73.0229,0.1,32.1,64.0,3.3
2022-06-09T11:00,2022,Thane Mumbra,19.1906,73.0229,0.1,33.9,57.0,5.6
2022-06-09T12:00,2022,Thane Mumbra,19.1906,73.0229,0.1,33.6,57.0,10.5
2022-06-09T13:00,2022,Thane Mumbra,19.1906,73.0229,1.8,32.9,61.0,12.0
2022-06-09T14:00,2022,Thane Mumbra,19.1906,73.0229,0.8,31.5,66.0,14.5
2022-06-09T15:00,2022,Thane Mumbra,19.1906,73.0229,0.4,31.6,66.0,13.0
2022-06-09T16:00,2022,Thane Mumbra,19.1906,73.0229,0.0,31.5,65.0,11.5
2022-06-09T17:00,2022,Thane Mumbra,19.1906,73.0229,0.0,31.7,66.0,15.1
2022-06-09T18:00,2022,Thane Mumbra,19.1906,73.0229,0.0,30.6,70.0,13.6
2022-06-09T19:00,2022,Thane Mumbra,19.1906,73.0229,0.0,29.7,73.0,12.5
2022-06-09T20:00,2022,Thane Mumbra,19.1906,73.0229,0.0,29.4,75.0,10.8
2022-06-09T21:00,2022,Thane Mumbra,19.1906,73.0229,0.0,29.2,76.0,10.3
2022-06-09T22:00,2022,Thane Mumbra,19.1906,73.0229,0.1,28.4,79.0,13.0
2022-06-09T23:00,2022,Thane Mumbra,19.1906,73.0229,0.0,27.9,80.0,9.3
2022-06-10T00:00,2022,Thane Mumbra,19.1906,73.0229,0.0,27.8,82.0,9.4
2022-06-10T01:00,2022,Thane Mumbra,19.1906,73.0229,0.0,27.6,83.0,10.0
2022-06-10T02:00,2022,Thane Mumbra,19.1906,73.0229,0.0,27.2,85.0,8.9
2022-06-10T03:00,2022,Thane Mumbra,19.1906,73.0229,0.0,27.0,85.0,7.6
2022-06-10T04:00,2022,Thane Mumbra,19.1906,73.0229,0.0,26.7,87.0,5.9
2022-06-10T05:00,2022,Thane Mumbra,19.1906,73.0229,0.0,26.5,87.0,3.9
2022-06-10T06:00,2022,Thane Mumbra,19.1906,73.0229,0.0,26.8,86.0,4.3
2022-06-10T07:00,2022,Thane Mumbra,19.1906,73.0229,0.0,28.2,78.0,5.4
2022-06-10T08:00,2022,Thane Mumbra,19.1906,73.0229,0.0,29.9,69.0,8.7
2022-06-10T09:00,2022,Thane Mumbra,19.1906,73.0229,0.1,31.4,63.0,4.2
2022-06-10T10:00,2022,Thane Mumbra,19.1906,73.0229,0.1,32.1,61.0,11.3
2022-06-10T11:00,2022,Thane Mumbra,19.1906,73.0229,0.2,30.9,66.0,6.6
2022-06-10T12:00,2022,Thane Mumbra,19.1906,73.0229,0.2,31.2,64.0,10.3
2022-06-10T13:00,2022,Thane Mumbra,19.1906,73.0229,0.1,32.5,59.0,12.8
2022-06-10T14:00,2022,Thane Mumbra,19.1906,73.0229,2.6,30.6,70.0,15.8
2022-06-10T15:00,2022,Thane Mumbra,19.1906,73.0229,1.7,30.6,70.0,14.5
2022-06-10T16:00,2022,Thane Mumbra,19.1906,73.0229,1.6,30.2,72.0,14.8
2022-06-10T17:00,2022,Thane Mumbra,19.1906,73.0229,0.3,29.4,73.0,12.9
2022-06-10T18:00,2022,Thane Mumbra,19.1906,73.0229,6.6,27.0,86.0,10.7
2022-06-10T19:00,2022,Thane Mumbra,19.1906,73.0229,0.9,26.8,90.0,10.5
2022-06-10T20:00,2022,Thane Mumbra,19.1906,73.0229,0.1,26.9,89.0,11.8
2022-06-10T21:00,2022,Thane Mumbra,19.1906,73.0229,0.6,26.9,87.0,11.8
2022-06-10T22:00,2022,Thane Mumbra,19.1906,73.0229,0.0,26.6,90.0,12.7
2022-06-10T23:00,2022,Thane Mumbra,19.1906,73.0229,0.0,26.5,90.0,10.9
2022-06-11T00:00,2022,Thane Mumbra,19.1906,73.0229,0.0,26.3,90.0,10.5
2022-06-11T01:00,2022,Thane Mumbra,19.1906,73.0229,0.0,26.2,89.0,10.7
2022-06-11T02:00,2022,Thane Mumbra,19.1906,73.0229,0.0,26.0,89.0,10.7
2022-06-11T03:00,2022,Thane Mumbra,19.1906,73.0229,0.0,26.0,89.0,10.1
2022-06-11T04:00,2022,Thane Mumbra,19.1906,73.0229,0.2,25.8,90.0,10.1
2022-06-11T05:00,2022,Thane Mumbra,19.1906,73.0229,0.1,25.9,88.0,9.4
2022-06-11T06:00,2022,Thane Mumbra,19.1906,73.0229,0.3,26.0,89.0,10.9
2022-06-11T07:00,2022,Thane Mumbra,19.1906,73.0229,0.1,26.4,85.0,10.1
2022-06-11T08:00,2022,Thane Mumbra,19.1906,73.0229,0.1,27.4,81.0,15.2
2022-06-11T09:00,2022,Thane Mumbra,19.1906,73.0229,0.1,28.5,75.0,14.6
2022-06-11T10:00,2022,Thane Mumbra,19.1906,73.0229,0.1,30.0,69.0,15.9
2022-06-11T11:00,2022,Thane Mumbra,19.1906,73.0229,0.2,31.0,65.0,17.6
2022-06-11T12:00,2022,Thane Mumbra,19.1906,73.0229,1.3,31.4,64.0,20.0
2022-06-11T13:00,2022,Thane Mumbra,19.1906,73.0229,6.3,29.3,76.0,18.7
2022-06-11T14:00,2022,Thane Mumbra,19.1906,73.0229,0.4,28.8,77.0,19.0
2022-06-11T15:00,2022,Thane Mumbra,19.1906,73.0229,0.2,29.5,72.0,19.2
2022-06-11T16:00,2022,Thane Mumbra,19.1906,73.0229,0.3,28.8,76.0,19.5
2022-06-11T17:00,2022,Thane Mumbra,19.1906,73.0229,0.1,28.1,78.0,17.1
2022-06-11T18:00,2022,Thane Mumbra,19.1906,73.0229,0.3,27.0,84.0,15.0
2022-06-11T19:00,2022,Thane Mumbra,19.1906,73.0229,0.3,26.3,90.0,12.2
2022-06-11T20:00,2022,Thane Mumbra,19.1906,73.0229,1.3,25.9,90.0,15.1
2022-06-11T21:00,2022,Thane Mumbra,19.1906,73.0229,0.6,25.7,92.0,11.1
2022-06-11T22:00,2022,Thane Mumbra,19.1906,73.0229,0.2,25.6,93.0,12.2
2022-06-11T23:00,2022,Thane Mumbra,19.1906,73.0229,0.2,25.2,94.0,9.2
2022-06-12T00:00,2022,Thane Mumbra,19.1906,73.0229,0.1,25.1,93.0,8.9
2022-06-12T01:00,2022,Thane Mumbra,19.1906,73.0229,0.1,25.0,96.0,9.7
2022-06-12T02:00,2022,Thane Mumbra,19.1906,73.0229,0.1,25.3,94.0,11.6
2022-06-12T03:00,2022,Thane Mumbra,19.1906,73.0229,0.1,25.3,93.0,9.7
2022-06-12T04:00,2022,Thane Mumbra,19.1906,73.0229,0.0,25.3,93.0,8.3
2022-06-12T05:00,2022,Thane Mumbra,19.1906,73.0229,0.1,25.2,93.0,9.7
2022-06-12T06:00,2022,Thane Mumbra,19.1906,73.0229,0.1,25.4,92.0,10.2
2022-06-12T07:00,2022,Thane Mumbra,19.1906,73.0229,0.3,26.2,87.0,12.2
2022-06-12T08:00,2022,Thane Mumbra,19.1906,73.0229,0.2,26.8,85.0,11.4
2022-06-12T09:00,2022,Thane Mumbra,19.1906,73.0229,2.9,27.4,81.0,15.7
2022-06-12T10:00,2022,Thane Mumbra,19.1906,73.0229,2.8,27.7,80.0,15.4
2022-06-12T11:00,2022,Thane Mumbra,19.1906,73.0229,0.1,28.2,77.0,17.2
2022-06-12T12:00,2022,Thane Mumbra,19.1906,73.0229,0.2,29.1,75.0,15.2
2022-06-12T13:00,2022,Thane Mumbra,19.1906,73.0229,0.1,29.9,71.0,17.7
2022-06-12T14:00,2022,Thane Mumbra,19.1906,73.0229,0.1,29.6,71.0,18.6
2022-06-12T15:00,2022,Thane Mumbra,19.1906,73.0229,0.3,29.7,70.0,22.1
2022-06-12T16:00,2022,Thane Mumbra,19.1906,73.0229,0.0,29.0,74.0,19.7
2022-06-12T17:00,2022,Thane Mumbra,19.1906,73.0229,0.1,29.4,71.0,17.8
2022-06-12T18:00,2022,Thane Mumbra,19.1906,73.0229,0.0,28.8,74.0,16.3
2022-06-12T19:00,2022,Thane Mumbra,19.1906,73.0229,0.1,27.3,82.0,15.1
2022-06-12T20:00,2022,Thane Mumbra,19.1906,73.0229,0.1,26.8,85.0,12.3
2022-06-12T21:00,2022,Thane Mumbra,19.1906,73.0229,0.3,26.2,87.0,13.1
2022-06-12T22:00,2022,Thane Mumbra,19.1906,73.0229,0.3,26.0,90.0,11.6
2022-06-12T23:00,2022,Thane Mumbra,19.1906,73.0229,0.1,25.4,90.0,12.2
2022-06-13T00:00,2022,Thane Mumbra,19.1906,73.0229,0.2,25.1,90.0,8.3
2022-06-13T01:00,2022,Thane Mumbra,19.1906,73.0229,0.1,25.5,91.0,8.3
2022-06-13T02:00,2022,Thane Mumbra,19.1906,73.0229,2.2,24.4,95.0,9.2
2022-06-13T03:00,2022,Thane Mumbra,19.1906,73.0229,1.5,24.9,92.0,9.3
2022-06-13T04:00,2022,Thane Mumbra,19.1906,73.0229,0.0,24.6,92.0,10.7
2022-06-13T05:00,2022,Thane Mumbra,19.1906,73.0229,0.0,24.7,92.0,10.8
2022-06-13T06:00,2022,Thane Mumbra,19.1906,73.0229,0.0,25.2,89.0,12.2
2022-06-13T07:00,2022,Thane Mumbra,19.1906,73.0229,0.0,26.3,84.0,13.8
2022-06-13T08:00,2022,Thane Mumbra,19.1906,73.0229,0.0,28.0,76.0,18.8
2022-06-13T09:00,2022,Thane Mumbra,19.1906,73.0229,0.0,29.3,71.0,18.5
2022-06-13T10:00,2022,Thane Mumbra,19.1906,73.0229,0.2,30.5,65.0,18.5
2022-06-13T11:00,2022,Thane Mumbra,19.1906,73.0229,0.1,31.4,63.0,18.5
2022-06-13T12:00,2022,Thane Mumbra,19.1906,73.0229,0.1,32.0,62.0,20.8
2022-06-13T13:00,2022,Thane Mumbra,19.1906,73.0229,0.1,31.8,63.0,22.7
2022-06-13T14:00,2022,Thane Mumbra,19.1906,73.0229,0.1,31.3,65.0,24.1
2022-06-13T15:00,2022,Thane Mumbra,19.1906,73.0229,0.1,30.8,67.0,21.9
2022-06-13T16:00,2022,Thane Mumbra,19.1906,73.0229,0.1,30.1,70.0,20.7
2022-06-13T17:00,2022,Thane Mumbra,19.1906,73.0229,0.1,30.5,69.0,19.4
2022-06-13T18:00,2022,Thane Mumbra,19.1906,73.0229,0.0,29.5,72.0,18.2
2022-06-13T19:00,2022,Thane Mumbra,19.1906,73.0229,0.0,28.7,75.0,15.0
2022-06-13T20:00,2022,Thane Mumbra,19.1906,73.0229,0.1,27.1,85.0,15.8
2022-06-13T21:00,2022,Thane Mumbra,19.1906,73.0229,0.3,27.3,85.0,11.1
2022-06-13T22:00,2022,Thane Mumbra,19.1906,73.0229,0.5,25.7,93.0,9.6
2022-06-13T23:00,2022,Thane Mumbra,19.1906,73.0229,1.3,25.3,94.0,9.4
2022-06-14T00:00,2022,Thane Mumbra,19.1906,73.0229,0.1,25.6,93.0,9.8
2022-06-14T01:00,2022,Thane Mumbra,19.1906,73.0229,0.0,25.8,93.0,7.9
2022-06-14T02:00,2022,Thane Mumbra,19.1906,73.0229,0.1,25.5,94.0,7.1
2022-06-14T03:00,2022,Thane Mumbra,19.1906,73.0229,0.1,25.4,93.0,9.0
2022-06-14T04:00,2022,Thane Mumbra,19.1906,73.0229,0.0,25.3,94.0,9.4
2022-06-14T05:00,2022,Thane Mumbra,19.1906,73.0229,0.1,25.8,90.0,10.1
2022-06-14T06:00,2022,Thane Mumbra,19.1906,73.0229,0.0,26.3,86.0,12.3
2022-06-14T07:00,2022,Thane Mumbra,19.1906,73.0229,0.0,27.3,81.0,15.1
2022-06-14T08:00,2022,Thane Mumbra,19.1906,73.0229,0.1,28.6,75.0,16.8
2022-06-14T09:00,2022,Thane Mumbra,19.1906,73.0229,0.1,29.6,70.0,19.2
2022-06-14T10:00,2022,Thane Mumbra,19.1906,73.0229,0.1,30.3,68.0,20.5
2022-06-14T11:00,2022,Thane Mumbra,19.1906,73.0229,0.0,31.4,65.0,19.8
2022-06-14T12:00,2022,Thane Mumbra,19.1906,73.0229,0.0,31.9,63.0,21.0
2022-06-14T13:00,2022,Thane Mumbra,19.1906,73.0229,0.1,32.1,63.0,21.1
2022-06-14T14:00,2022,Thane Mumbra,19.1906,73.0229,0.0,32.1,62.0,21.4
2022-06-14T15:00,2022,Thane Mumbra,19.1906,73.0229,0.0,32.0,63.0,20.6
2022-06-14T16:00,2022,Thane Mumbra,19.1906,73.0229,0.0,31.4,65.0,20.1
2022-06-14T17:00,2022,Thane Mumbra,19.1906,73.0229,0.0,30.8,66.0,18.8
2022-06-14T18:00,2022,Thane Mumbra,19.1906,73.0229,0.0,30.0,69.0,17.6
2022-06-14T19:00,2022,Thane Mumbra,19.1906,73.0229,0.0,29.0,74.0,13.1
2022-06-14T20:00,2022,Thane Mumbra,19.1906,73.0229,0.0,28.6,76.0,11.6
2022-06-14T21:00,2022,Thane Mumbra,19.1906,73.0229,0.0,28.5,77.0,10.6
2022-06-14T22:00,2022,Thane Mumbra,19.1906,73.0229,0.0,28.1,78.0,10.3
2022-06-14T23:00,2022,Thane Mumbra,19.1906,73.0229,0.1,27.7,81.0,10.5
2022-06-15T00:00,2022,Thane Mumbra,19.1906,73.0229,0.1,27.4,83.0,10.5
2022-06-15T01:00,2022,Thane Mumbra,19.1906,73.0229,0.0,27.1,84.0,10.1
2022-06-15T02:00,2022,Thane Mumbra,19.1906,73.0229,0.1,26.9,85.0,10.1
2022-06-15T03:00,2022,Thane Mumbra,19.1906,73.0229,0.1,26.7,85.0,11.3
2022-06-15T04:00,2022,Thane Mumbra,19.1906,73.0229,0.2,26.4,87.0,9.8
2022-06-15T05:00,2022,Thane Mumbra,19.1906,73.0229,0.2,26.2,88.0,10.0
2022-06-15T06:00,2022,Thane Mumbra,19.1906,73.0229,0.3,26.7,86.0,10.8
2022-06-15T07:00,2022,Thane Mumbra,19.1906,73.0229,0.2,27.7,83.0,13.5
2022-06-15T08:00,2022,Thane Mumbra,19.1906,73.0229,0.1,29.2,75.0,14.7
2022-06-15T09:00,2022,Thane Mumbra,19.1906,73.0229,0.2,29.4,74.0,13.5
2022-06-15T10:00,2022,Thane Mumbra,19.1906,73.0229,0.0,30.1,69.0,16.3
2022-06-15T11:00,2022,Thane Mumbra,19.1906,73.0229,0.2,31.0,66.0,18.1
2022-06-15T12:00,2022,Thane Mumbra,19.1906,73.0229,0.1,31.3,66.0,18.9
2022-06-15T13:00,2022,Thane Mumbra,19.1906,73.0229,0.0,31.9,65.0,16.9
2022-06-15T14:00,2022,Thane Mumbra,19.1906,73.0229,0.1,31.2,64.0,19.4
2022-06-15T15:00,2022,Thane Mumbra,19.1906,73.0229,0.0,30.7,68.0,17.1
2022-06-15T16:00,2022,Thane Mumbra,19.1906,73.0229,0.1,30.3,68.0,18.4
2022-06-15T17:00,2022,Thane Mumbra,19.1906,73.0229,0.1,29.1,74.0,19.2
2022-06-15T18:00,2022,Thane Mumbra,19.1906,73.0229,0.1,27.9,78.0,10.0
2022-06-15T19:00,2022,Thane Mumbra,19.1906,73.0229,0.0,27.4,82.0,2.9
2022-06-15T20:00,2022,Thane Mumbra,19.1906,73.0229,0.0,27.4,84.0,2.8
2022-06-15T21:00,2022,Thane Mumbra,19.1906,73.0229,0.1,27.5,83.0,6.1
2022-06-15T22:00,2022,Thane Mumbra,19.1906,73.0229,0.0,27.3,85.0,8.7
2022-06-15T23:00,2022,Thane Mumbra,19.1906,73.0229,0.1,26.9,87.0,9.9
2022-06-16T00:00,2022,Thane Mumbra,19.1906,73.0229,0.1,26.5,88.0,8.9
2022-06-16T01:00,2022,Thane Mumbra,19.1906,73.0229,0.3,25.8,91.0,10.7
2022-06-16T02:00,2022,Thane Mumbra,19.1906,73.0229,0.2,25.9,91.0,8.2
2022-06-16T03:00,2022,Thane Mumbra,19.1906,73.0229,0.0,25.7,93.0,8.3
2022-06-16T04:00,2022,Thane Mumbra,19.1906,73.0229,0.2,25.7,93.0,8.8
2022-06-16T05:00,2022,Thane Mumbra,19.1906,73.0229,0.1,25.2,92.0,9.3
2022-06-16T06:00,2022,Thane Mumbra,19.1906,73.0229,0.0,25.7,89.0,9.0
2022-06-16T07:00,2022,Thane Mumbra,19.1906,73.0229,0.0,27.1,83.0,10.5
2022-06-16T08:00,2022,Thane Mumbra,19.1906,73.0229,0.1,28.2,78.0,13.7
2022-06-16T09:00,2022,Thane Mumbra,19.1906,73.0229,0.1,29.7,70.0,13.5
2022-06-16T10:00,2022,Thane Mumbra,19.1906,73.0229,0.1,31.4,64.0,13.9
2022-06-16T11:00,2022,Thane Mumbra,19.1906,73.0229,0.7,31.6,62.0,17.4
2022-06-16T12:00,2022,Thane Mumbra,19.1906,73.0229,1.4,30.7,72.0,14.8
2022-06-16T13:00,2022,Thane Mumbra,19.1906,73.0229,0.1,32.1,63.0,17.1
2022-06-16T14:00,2022,Thane Mumbra,19.1906,73.0229,0.2,31.2,65.0,18.4
2022-06-16T15:00,2022,Thane Mumbra,19.1906,73.0229,0.9,29.1,75.0,16.5
2022-06-16T16:00,2022,Thane Mumbra,19.1906,73.0229,0.5,29.6,71.0,18.6
2022-06-16T17:00,2022,Thane Mumbra,19.1906,73.0229,0.1,30.1,67.0,15.2
2022-06-16T18:00,2022,Thane Mumbra,19.1906,73.0229,0.1,29.5,71.0,12.8
2022-06-16T19:00,2022,Thane Mumbra,19.1906,73.0229,0.0,28.7,77.0,9.0
2022-06-16T20:00,2022,Thane Mumbra,19.1906,73.0229,0.0,28.3,79.0,9.2
2022-06-16T21:00,2022,Thane Mumbra,19.1906,73.0229,0.0,27.8,83.0,11.2
2022-06-16T22:00,2022,Thane Mumbra,19.1906,73.0229,0.0,27.4,85.0,11.9
2022-06-16T23:00,2022,Thane Mumbra,19.1906,73.0229,0.0,27.2,85.0,12.4
2022-06-17T00:00,2022,Thane Mumbra,19.1906,73.0229,0.0,27.0,86.0,9.7
2022-06-17T01:00,2022,Thane Mumbra,19.1906,73.0229,0.1,26.4,88.0,11.7
2022-06-17T02:00,2022,Thane Mumbra,19.1906,73.0229,0.1,26.5,87.0,10.3
2022-06-17T03:00,2022,Thane Mumbra,19.1906,73.0229,0.1,26.3,89.0,10.1
2022-06-17T04:00,2022,Thane Mumbra,19.1906,73.0229,0.1,26.0,90.0,11.2
2022-06-17T05:00,2022,Thane Mumbra,19.1906,73.0229,0.0,26.3,89.0,9.1
2022-06-17T06:00,2022,Thane Mumbra,19.1906,73.0229,0.1,26.4,87.0,11.2
2022-06-17T07:00,2022,Thane Mumbra,19.1906,73.0229,0.0,27.1,83.0,12.6
2022-06-17T08:00,2022,Thane Mumbra,19.1906,73.0229,0.1,28.0,79.0,14.3
2022-06-17T09:00,2022,Thane Mumbra,19.1906,73.0229,0.2,28.9,74.0,14.7
2022-06-17T10:00,2022,Thane Mumbra,19.1906,73.0229,0.0,30.3,71.0,15.6
2022-06-17T11:00,2022,Thane Mumbra,19.1906,73.0229,0.9,29.6,74.0,17.4
2022-06-17T12:00,2022,Thane Mumbra,19.1906,73.0229,0.2,30.7,68.0,18.4
2022-06-17T13:00,2022,Thane Mumbra,19.1906,73.0229,0.1,31.5,66.0,17.3
2022-06-17T14:00,2022,Thane Mumbra,19.1906,73.0229,0.0,31.1,66.0,17.1
2022-06-17T15:00,2022,Thane Mumbra,19.1906,73.0229,0.1,30.8,68.0,17.1
2022-06-17T16:00,2022,Thane Mumbra,19.1906,73.0229,0.1,30.4,69.0,16.9
2022-06-17T17:00,2022,Thane Mumbra,19.1906,73.0229,0.0,30.0,71.0,15.6
2022-06-17T18:00,2022,Thane Mumbra,19.1906,73.0229,0.0,29.3,75.0,13.8
2022-06-17T19:00,2022,Thane Mumbra,19.1906,73.0229,0.0,28.5,79.0,10.4
2022-06-17T20:00,2022,Thane Mumbra,19.1906,73.0229,0.0,28.2,81.0,9.7
2022-06-17T21:00,2022,Thane Mumbra,19.1906,73.0229,0.1,27.8,83.0,9.0
2022-06-17T22:00,2022,Thane Mumbra,19.1906,73.0229,0.1,27.6,84.0,8.6
2022-06-17T23:00,2022,Thane Mumbra,19.1906,73.0229,0.3,27.3,85.0,7.1
2022-06-18T00:00,2022,Thane Mumbra,19.1906,73.0229,0.4,27.2,86.0,9.2
2022-06-18T01:00,2022,Thane Mumbra,19.1906,73.0229,0.0,26.8,89.0,9.0
2022-06-18T02:00,2022,Thane Mumbra,19.1906,73.0229,0.0,26.5,90.0,7.9
2022-06-18T03:00,2022,Thane Mumbra,19.1906,73.0229,0.0,26.3,91.0,7.2
2022-06-18T04:00,2022,Thane Mumbra,19.1906,73.0229,0.0,26.1,91.0,7.6
2022-06-18T05:00,2022,Thane Mumbra,19.1906,73.0229,0.1,26.3,91.0,8.3
2022-06-18T06:00,2022,Thane Mumbra,19.1906,73.0229,0.1,26.6,87.0,12.1
2022-06-18T07:00,2022,Thane Mumbra,19.1906,73.0229,0.2,27.0,85.0,12.8
2022-06-18T08:00,2022,Thane Mumbra,19.1906,73.0229,0.2,28.4,78.0,14.9
2022-06-18T09:00,2022,Thane Mumbra,19.1906,73.0229,0.1,30.0,70.0,16.7
2022-06-18T10:00,2022,Thane Mumbra,19.1906,73.0229,0.2,30.6,67.0,17.9
2022-06-18T11:00,2022,Thane Mumbra,19.1906,73.0229,0.1,31.4,66.0,18.0
2022-06-18T12:00,2022,Thane Mumbra,19.1906,73.0229,0.1,31.8,65.0,17.9
2022-06-18T13:00,2022,Thane Mumbra,19.1906,73.0229,0.0,32.2,63.0,19.1
2022-06-18T14:00,2022,Thane Mumbra,19.1906,73.0229,0.4,31.4,66.0,20.6
2022-06-18T15:00,2022,Thane Mumbra,19.1906,73.0229,0.0,31.3,66.0,20.6
2022-06-18T16:00,2022,Thane Mumbra,19.1906,73.0229,0.0,31.1,66.0,20.1
2022-06-18T17:00,2022,Thane Mumbra,19.1906,73.0229,0.0,30.5,68.0,18.6
2022-06-18T18:00,2022,Thane Mumbra,19.1906,73.0229,0.0,29.8,71.0,16.5
2022-06-18T19:00,2022,Thane Mumbra,19.1906,73.0229,0.0,29.0,75.0,12.9
2022-06-18T20:00,2022,Thane Mumbra,19.1906,73.0229,0.0,28.4,78.0,11.9
2022-06-18T21:00,2022,Thane Mumbra,19.1906,73.0229,0.0,28.2,79.0,12.2
2022-06-18T22:00,2022,Thane Mumbra,19.1906,73.0229,0.0,27.8,81.0,12.3
2022-06-18T23:00,2022,Thane Mumbra,19.1906,73.0229,0.1,27.6,83.0,12.0
2022-06-19T00:00,2022,Thane Mumbra,19.1906,73.0229,0.1,27.0,86.0,12.5
2022-06-19T01:00,2022,Thane Mumbra,19.1906,73.0229,0.1,26.5,88.0,12.3
2022-06-19T02:00,2022,Thane Mumbra,19.1906,73.0229,0.5,25.8,90.0,16.0
2022-06-19T03:00,2022,Thane Mumbra,19.1906,73.0229,0.5,25.8,91.0,9.2
2022-06-19T04:00,2022,Thane Mumbra,19.1906,73.0229,0.3,25.7,93.0,10.8
2022-06-19T05:00,2022,Thane Mumbra,19.1906,73.0229,0.3,26.0,91.0,11.5
2022-06-19T06:00,2022,Thane Mumbra,19.1906,73.0229,0.3,26.2,89.0,15.7
2022-06-19T07:00,2022,Thane Mumbra,19.1906,73.0229,0.4,26.4,88.0,10.8
2022-06-19T08:00,2022,Thane Mumbra,19.1906,73.0229,0.2,27.5,83.0,17.1
2022-06-19T09:00,2022,Thane Mumbra,19.1906,73.0229,0.2,29.0,75.0,16.9
2022-06-19T10:00,2022,Thane Mumbra,19.1906,73.0229,0.2,30.5,69.0,18.3
2022-06-19T11:00,2022,Thane Mumbra,19.1906,73.0229,3.1,28.3,79.0,18.1
2022-06-19T12:00,2022,Thane Mumbra,19.1906,73.0229,0.2,29.6,73.0,20.1
2022-06-19T13:00,2022,Thane Mumbra,19.1906,73.0229,0.3,29.9,72.0,20.4
2022-06-19T14:00,2022,Thane Mumbra,19.1906,73.0229,0.3,29.8,73.0,18.8
2022-06-19T15:00,2022,Thane Mumbra,19.1906,73.0229,0.8,29.0,76.0,19.4
2022-06-19T16:00,2022,Thane Mumbra,19.1906,73.0229,0.7,28.6,77.0,19.6
2022-06-19T17:00,2022,Thane Mumbra,19.1906,73.0229,0.4,28.9,75.0,15.8
2022-06-19T18:00,2022,Thane Mumbra,19.1906,73.0229,3.2,26.7,87.0,14.3
2022-06-19T19:00,2022,Thane Mumbra,19.1906,73.0229,0.4,26.0,91.0,11.3
2022-06-19T20:00,2022,Thane Mumbra,19.1906,73.0229,0.4,25.9,94.0,11.3
2022-06-19T21:00,2022,Thane Mumbra,19.1906,73.0229,0.3,25.9,93.0,9.7
2022-06-19T22:00,2022,Thane Mumbra,19.1906,73.0229,0.1,25.8,94.0,12.7
2022-06-19T23:00,2022,Thane Mumbra,19.1906,73.0229,0.9,25.6,94.0,10.8
2022-06-20T00:00,2022,Thane Mumbra,19.1906,73.0229,0.4,25.6,94.0,12.4
2022-06-20T01:00,2022,Thane Mumbra,19.1906,73.0229,1.2,25.4,93.0,14.7
2022-06-20T02:00,2022,Thane Mumbra,19.1906,73.0229,0.2,25.6,93.0,10.6
2022-06-20T03:00,2022,Thane Mumbra,19.1906,73.0229,2.7,25.2,94.0,11.4
2022-06-20T04:00,2022,Thane Mumbra,19.1906,73.0229,0.5,25.2,94.0,8.9
2022-06-20T05:00,2022,Thane Mumbra,19.1906,73.0229,1.9,25.0,95.0,9.6
2022-06-20T06:00,2022,Thane Mumbra,19.1906,73.0229,3.5,25.0,95.0,9.4
2022-06-20T07:00,2022,Thane Mumbra,19.1906,73.0229,2.5,24.7,96.0,9.3
2022-06-20T08:00,2022,Thane Mumbra,19.1906,73.0229,1.9,25.2,94.0,9.1
2022-06-20T09:00,2022,Thane Mumbra,19.1906,73.0229,1.6,25.7,93.0,12.6
2022-06-20T10:00,2022,Thane Mumbra,19.1906,73.0229,1.1,26.2,91.0,14.3
2022-06-20T11:00,2022,Thane Mumbra,19.1906,73.0229,1.6,25.9,92.0,15.1
2022-06-20T12:00,2022,Thane Mumbra,19.1906,73.0229,1.4,26.2,90.0,14.3
2022-06-20T13:00,2022,Thane Mumbra,19.1906,73.0229,0.8,27.7,83.0,13.4
2022-06-20T14:00,2022,Thane Mumbra,19.1906,73.0229,1.9,25.7,91.0,12.4
2022-06-20T15:00,2022,Thane Mumbra,19.1906,73.0229,1.2,26.0,91.0,13.1
2022-06-20T16:00,2022,Thane Mumbra,19.1906,73.0229,0.8,26.2,92.0,10.9
2022-06-20T17:00,2022,Thane Mumbra,19.1906,73.0229,0.6,26.5,92.0,10.5
2022-06-20T18:00,2022,Thane Mumbra,19.1906,73.0229,3.0,24.9,93.0,7.6
2022-06-20T19:00,2022,Thane Mumbra,19.1906,73.0229,0.7,24.2,96.0,5.2
2022-06-20T20:00,2022,Thane Mumbra,19.1906,73.0229,0.6,24.6,96.0,9.0
2022-06-20T21:00,2022,Thane Mumbra,19.1906,73.0229,0.5,24.6,96.0,4.9
2022-06-20T22:00,2022,Thane Mumbra,19.1906,73.0229,1.4,24.4,97.0,5.6
2022-06-20T23:00,2022,Thane Mumbra,19.1906,73.0229,0.4,24.9,96.0,8.7
2022-06-21T00:00,2022,Thane Mumbra,19.1906,73.0229,1.4,24.5,98.0,7.9
2022-06-21T01:00,2022,Thane Mumbra,19.1906,73.0229,2.1,24.2,97.0,7.8
2022-06-21T02:00,2022,Thane Mumbra,19.1906,73.0229,1.1,24.1,96.0,6.3
2022-06-21T03:00,2022,Thane Mumbra,19.1906,73.0229,3.9,23.9,95.0,8.4
2022-06-21T04:00,2022,Thane Mumbra,19.1906,73.0229,1.3,23.8,97.0,9.7
2022-06-21T05:00,2022,Thane Mumbra,19.1906,73.0229,1.2,23.7,97.0,9.6
2022-06-21T06:00,2022,Thane Mumbra,19.1906,73.0229,0.4,23.9,96.0,10.0
2022-06-21T07:00,2022,Thane Mumbra,19.1906,73.0229,0.4,24.6,94.0,13.8
2022-06-21T08:00,2022,Thane Mumbra,19.1906,73.0229,0.2,25.4,90.0,16.3
2022-06-21T09:00,2022,Thane Mumbra,19.1906,73.0229,0.1,26.3,85.0,17.0
2022-06-21T10:00,2022,Thane Mumbra,19.1906,73.0229,0.2,27.3,81.0,18.5
2022-06-21T11:00,2022,Thane Mumbra,19.1906,73.0229,0.5,26.6,85.0,19.3
2022-06-21T12:00,2022,Thane Mumbra,19.1906,73.0229,0.3,28.3,77.0,20.2
2022-06-21T13:00,2022,Thane Mumbra,19.1906,73.0229,0.3,28.5,77.0,20.6
2022-06-21T14:00,2022,Thane Mumbra,19.1906,73.0229,0.4,28.6,79.0,18.4
2022-06-21T15:00,2022,Thane Mumbra,19.1906,73.0229,0.5,27.4,78.0,24.1
2022-06-21T16:00,2022,Thane Mumbra,19.1906,73.0229,0.2,27.1,81.0,16.9
2022-06-21T17:00,2022,Thane Mumbra,19.1906,73.0229,0.3,26.8,82.0,15.1
2022-06-21T18:00,2022,Thane Mumbra,19.1906,73.0229,0.4,26.8,84.0,17.2
2022-06-21T19:00,2022,Thane Mumbra,19.1906,73.0229,0.2,25.4,91.0,14.2
2022-06-21T20:00,2022,Thane Mumbra,19.1906,73.0229,0.1,25.3,93.0,13.7
2022-06-21T21:00,2022,Thane Mumbra,19.1906,73.0229,0.1,25.2,92.0,14.4
2022-06-21T22:00,2022,Thane Mumbra,19.1906,73.0229,0.2,25.1,91.0,13.6
2022-06-21T23:00,2022,Thane Mumbra,19.1906,73.0229,0.2,25.0,93.0,11.6
2022-06-22T00:00,2022,Thane Mumbra,19.1906,73.0229,0.1,24.7,94.0,10.3
2022-06-22T01:00,2022,Thane Mumbra,19.1906,73.0229,0.3,24.4,95.0,10.8
2022-06-22T02:00,2022,Thane Mumbra,19.1906,73.0229,0.1,24.6,94.0,11.6
2022-06-22T03:00,2022,Thane Mumbra,19.1906,73.0229,0.0,24.5,94.0,11.9
2022-06-22T04:00,2022,Thane Mumbra,19.1906,73.0229,0.1,24.4,94.0,13.0
2022-06-22T05:00,2022,Thane Mumbra,19.1906,73.0229,0.3,24.8,93.0,8.6
2022-06-22T06:00,2022,Thane Mumbra,19.1906,73.0229,0.0,25.1,91.0,8.5
2022-06-22T07:00,2022,Thane Mumbra,19.1906,73.0229,0.0,25.6,88.0,8.7
2022-06-22T08:00,2022,Thane Mumbra,19.1906,73.0229,0.0,26.3,85.0,9.1
2022-06-22T09:00,2022,Thane Mumbra,19.1906,73.0229,0.0,27.5,81.0,12.6
2022-06-22T10:00,2022,Thane Mumbra,19.1906,73.0229,0.1,28.9,75.0,12.8
2022-06-22T11:00,2022,Thane Mumbra,19.1906,73.0229,0.1,29.3,75.0,11.6
2022-06-22T12:00,2022,Thane Mumbra,19.1906,73.0229,0.1,30.4,72.0,11.6
2022-06-22T13:00,2022,Thane Mumbra,19.1906,73.0229,1.5,30.4,70.0,14.2
2022-06-22T14:00,2022,Thane Mumbra,19.1906,73.0229,1.5,28.1,81.0,13.8
2022-06-22T15:00,2022,Thane Mumbra,19.1906,73.0229,0.3,27.7,82.0,17.9
2022-06-22T16:00,2022,Thane Mumbra,19.1906,73.0229,0.4,27.9,81.0,16.1
2022-06-22T17:00,2022,Thane Mumbra,19.1906,73.0229,0.3,27.4,82.0,10.1
2022-06-22T18:00,2022,Thane Mumbra,19.1906,73.0229,1.8,27.1,88.0,8.6
2022-06-22T19:00,2022,Thane Mumbra,19.1906,73.0229,2.3,26.0,93.0,9.0
2022-06-22T20:00,2022,Thane Mumbra,19.1906,73.0229,1.2,25.8,92.0,1.1
2022-06-22T21:00,2022,Thane Mumbra,19.1906,73.0229,5.1,25.4,94.0,0.8
2022-06-22T22:00,2022,Thane Mumbra,19.1906,73.0229,5.1,25.1,96.0,2.9
2022-06-22T23:00,2022,Thane Mumbra,19.1906,73.0229,0.7,25.1,95.0,3.9
2022-06-23T00:00,2022,Thane Mumbra,19.1906,73.0229,0.7,25.0,94.0,2.9
2022-06-23T01:00,2022,Thane Mumbra,19.1906,73.0229,0.3,24.8,96.0,2.9
2022-06-23T02:00,2022,Thane Mumbra,19.1906,73.0229,0.1,24.7,98.0,2.5
2022-06-23T03:00,2022,Thane Mumbra,19.1906,73.0229,0.9,24.6,98.0,3.1
2022-06-23T04:00,2022,Thane Mumbra,19.1906,73.0229,6.8,24.3,98.0,5.2
2022-06-23T05:00,2022,Thane Mumbra,19.1906,73.0229,1.7,24.3,96.0,5.0
2022-06-23T06:00,2022,Thane Mumbra,19.1906,73.0229,4.0,24.3,95.0,5.0
2022-06-23T07:00,2022,Thane Mumbra,19.1906,73.0229,1.0,24.6,96.0,4.3
2022-06-23T08:00,2022,Thane Mumbra,19.1906,73.0229,0.1,25.7,92.0,5.1
2022-06-23T09:00,2022,Thane Mumbra,19.1906,73.0229,0.0,27.2,85.0,5.4
2022-06-23T10:00,2022,Thane Mumbra,19.1906,73.0229,0.0,29.0,78.0,7.8
2022-06-23T11:00,2022,Thane Mumbra,19.1906,73.0229,0.1,30.0,73.0,7.4
2022-06-23T12:00,2022,Thane Mumbra,19.1906,73.0229,0.1,29.7,72.0,8.9
2022-06-23T13:00,2022,Thane Mumbra,19.1906,73.0229,11.8,26.3,90.0,8.9
2022-06-23T14:00,2022,Thane Mumbra,19.1906,73.0229,1.3,27.6,83.0,9.3
2022-06-23T15:00,2022,Thane Mumbra,19.1906,73.0229,0.6,27.8,83.0,9.1
2022-06-23T16:00,2022,Thane Mumbra,19.1906,73.0229,0.2,28.2,80.0,9.1
2022-06-23T17:00,2022,Thane Mumbra,19.1906,73.0229,1.7,28.8,76.0,7.7
2022-06-23T18:00,2022,Thane Mumbra,19.1906,73.0229,0.6,27.6,82.0,6.8
2022-06-23T19:00,2022,Thane Mumbra,19.1906,73.0229,3.4,26.5,91.0,2.3
2022-06-23T20:00,2022,Thane Mumbra,19.1906,73.0229,0.2,26.1,93.0,6.6
2022-06-23T21:00,2022,Thane Mumbra,19.1906,73.0229,0.2,25.7,95.0,4.3
2022-06-23T22:00,2022,Thane Mumbra,19.1906,73.0229,0.5,25.4,96.0,3.6
2022-06-23T23:00,2022,Thane Mumbra,19.1906,73.0229,2.2,24.9,98.0,7.0
2022-06-24T00:00,2022,Thane Mumbra,19.1906,73.0229,0.3,24.9,96.0,3.4
2022-06-24T01:00,2022,Thane Mumbra,19.1906,73.0229,0.3,25.1,95.0,1.1
2022-06-24T02:00,2022,Thane Mumbra,19.1906,73.0229,0.3,25.4,94.0,3.1
2022-06-24T03:00,2022,Thane Mumbra,19.1906,73.0229,0.0,25.0,94.0,4.0
2022-06-24T04:00,2022,Thane Mumbra,19.1906,73.0229,0.0,25.0,94.0,3.8
2022-06-24T05:00,2022,Thane Mumbra,19.1906,73.0229,0.0,25.2,94.0,3.6
2022-06-24T06:00,2022,Thane Mumbra,19.1906,73.0229,0.2,25.5,93.0,5.5
2022-06-24T07:00,2022,Thane Mumbra,19.1906,73.0229,0.9,25.6,94.0,8.1
2022-06-24T08:00,2022,Thane Mumbra,19.1906,73.0229,3.5,25.6,94.0,8.6
2022-06-24T09:00,2022,Thane Mumbra,19.1906,73.0229,5.0,25.6,93.0,7.1
2022-06-24T10:00,2022,Thane Mumbra,19.1906,73.0229,2.1,26.1,92.0,5.8
2022-06-24T11:00,2022,Thane Mumbra,19.1906,73.0229,0.2,29.0,76.0,11.2
2022-06-24T12:00,2022,Thane Mumbra,19.1906,73.0229,0.1,30.0,73.0,12.0
2022-06-24T13:00,2022,Thane Mumbra,19.1906,73.0229,0.1,30.3,71.0,10.8
2022-06-24T14:00,2022,Thane Mumbra,19.1906,73.0229,0.5,30.1,72.0,12.1
2022-06-24T15:00,2022,Thane Mumbra,19.1906,73.0229,0.7,28.5,79.0,15.4
2022-06-24T16:00,2022,Thane Mumbra,19.1906,73.0229,0.3,27.9,82.0,11.7
2022-06-24T17:00,2022,Thane Mumbra,19.1906,73.0229,0.3,27.5,83.0,8.2
2022-06-24T18:00,2022,Thane Mumbra,19.1906,73.0229,1.4,26.8,87.0,9.4
2022-06-24T19:00,2022,Thane Mumbra,19.1906,73.0229,0.4,26.1,92.0,5.9
2022-06-24T20:00,2022,Thane Mumbra,19.1906,73.0229,1.0,25.8,93.0,6.5
2022-06-24T21:00,2022,Thane Mumbra,19.1906,73.0229,0.8,25.7,93.0,7.7
2022-06-24T22:00,2022,Thane Mumbra,19.1906,73.0229,0.4,25.6,93.0,9.1
2022-06-24T23:00,2022,Thane Mumbra,19.1906,73.0229,0.7,25.6,92.0,10.2
2022-06-25T00:00,2022,Thane Mumbra,19.1906,73.0229,0.6,25.4,92.0,13.2
2022-06-25T01:00,2022,Thane Mumbra,19.1906,73.0229,0.3,25.0,93.0,17.3
2022-06-25T02:00,2022,Thane Mumbra,19.1906,73.0229,0.1,24.9,92.0,16.4
2022-06-25T03:00,2022,Thane Mumbra,19.1906,73.0229,0.0,24.9,92.0,14.3
2022-06-25T04:00,2022,Thane Mumbra,19.1906,73.0229,0.0,24.8,91.0,11.8
2022-06-25T05:00,2022,Thane Mumbra,19.1906,73.0229,0.0,25.2,92.0,11.4
2022-06-25T06:00,2022,Thane Mumbra,19.1906,73.0229,0.0,25.4,90.0,9.8
2022-06-25T07:00,2022,Thane Mumbra,19.1906,73.0229,0.0,26.5,84.0,12.6
2022-06-25T08:00,2022,Thane Mumbra,19.1906,73.0229,0.0,27.7,80.0,9.7
2022-06-25T09:00,2022,Thane Mumbra,19.1906,73.0229,0.0,28.1,78.0,16.0
2022-06-25T10:00,2022,Thane Mumbra,19.1906,73.0229,0.0,29.1,75.0,14.5
2022-06-25T11:00,2022,Thane Mumbra,19.1906,73.0229,0.1,29.5,74.0,14.8
2022-06-25T12:00,2022,Thane Mumbra,19.1906,73.0229,0.2,30.1,74.0,12.6
2022-06-25T13:00,2022,Thane Mumbra,19.1906,73.0229,0.2,30.1,75.0,12.3
2022-06-25T14:00,2022,Thane Mumbra,19.1906,73.0229,2.4,28.7,80.0,12.4
2022-06-25T15:00,2022,Thane Mumbra,19.1906,73.0229,2.3,27.4,85.0,9.2
2022-06-25T16:00,2022,Thane Mumbra,19.1906,73.0229,0.5,27.6,84.0,7.7
2022-06-25T17:00,2022,Thane Mumbra,19.1906,73.0229,0.2,27.6,84.0,11.2
2022-06-25T18:00,2022,Thane Mumbra,19.1906,73.0229,0.1,27.1,85.0,15.6
2022-06-25T19:00,2022,Thane Mumbra,19.1906,73.0229,0.1,26.1,88.0,16.0
2022-06-25T20:00,2022,Thane Mumbra,19.1906,73.0229,0.2,25.8,90.0,14.1
2022-06-25T21:00,2022,Thane Mumbra,19.1906,73.0229,0.1,25.8,90.0,14.1
2022-06-25T22:00,2022,Thane Mumbra,19.1906,73.0229,0.0,25.6,90.0,14.7
2022-06-25T23:00,2022,Thane Mumbra,19.1906,73.0229,0.0,25.4,90.0,13.7
2022-06-26T00:00,2022,Thane Mumbra,19.1906,73.0229,0.0,25.5,90.0,13.8
2022-06-26T01:00,2022,Thane Mumbra,19.1906,73.0229,0.0,25.4,90.0,10.9
2022-06-26T02:00,2022,Thane Mumbra,19.1906,73.0229,0.0,25.3,89.0,11.0
2022-06-26T03:00,2022,Thane Mumbra,19.1906,73.0229,0.0,25.4,88.0,8.7
2022-06-26T04:00,2022,Thane Mumbra,19.1906,73.0229,0.0,25.4,87.0,6.9
2022-06-26T05:00,2022,Thane Mumbra,19.1906,73.0229,0.0,25.6,84.0,16.2
2022-06-26T06:00,2022,Thane Mumbra,19.1906,73.0229,0.0,25.6,86.0,16.1
2022-06-26T07:00,2022,Thane Mumbra,19.1906,73.0229,0.1,26.3,84.0,18.3
2022-06-26T08:00,2022,Thane Mumbra,19.1906,73.0229,0.3,26.1,88.0,20.5
2022-06-26T09:00,2022,Thane Mumbra,19.1906,73.0229,3.8,26.8,88.0,20.5
2022-06-26T10:00,2022,Thane Mumbra,19.1906,73.0229,11.4,27.0,88.0,18.1
2022-06-26T11:00,2022,Thane Mumbra,19.1906,73.0229,1.4,27.0,86.0,18.0
2022-06-26T12:00,2022,Thane Mumbra,19.1906,73.0229,0.3,28.4,82.0,20.9
2022-06-26T13:00,2022,Thane Mumbra,19.1906,73.0229,1.1,28.0,82.0,21.7
2022-06-26T14:00,2022,Thane Mumbra,19.1906,73.0229,0.6,27.1,85.0,18.8
2022-06-26T15:00,2022,Thane Mumbra,19.1906,73.0229,0.5,27.1,85.0,18.1
2022-06-26T16:00,2022,Thane Mumbra,19.1906,73.0229,1.9,26.2,92.0,16.3
2022-06-26T17:00,2022,Thane Mumbra,19.1906,73.0229,3.4,27.7,83.0,14.8
2022-06-26T18:00,2022,Thane Mumbra,19.1906,73.0229,0.7,27.2,86.0,13.7
2022-06-26T19:00,2022,Thane Mumbra,19.1906,73.0229,3.4,26.2,90.0,13.8
2022-06-26T20:00,2022,Thane Mumbra,19.1906,73.0229,2.3,25.7,92.0,12.7
2022-06-26T21:00,2022,Thane Mumbra,19.1906,73.0229,2.5,25.5,93.0,12.1
2022-06-26T22:00,2022,Thane Mumbra,19.1906,73.0229,0.5,25.4,94.0,13.8
2022-06-26T23:00,2022,Thane Mumbra,19.1906,73.0229,0.1,25.4,93.0,14.1
2022-06-27T00:00,2022,Thane Mumbra,19.1906,73.0229,0.1,25.3,94.0,13.5
2022-06-27T01:00,2022,Thane Mumbra,19.1906,73.0229,0.1,25.3,94.0,12.6
2022-06-27T02:00,2022,Thane Mumbra,19.1906,73.0229,0.1,25.2,94.0,12.7
2022-06-27T03:00,2022,Thane Mumbra,19.1906,73.0229,0.1,25.1,94.0,12.7
2022-06-27T04:00,2022,Thane Mumbra,19.1906,73.0229,0.0,25.0,94.0,13.0
2022-06-27T05:00,2022,Thane Mumbra,19.1906,73.0229,0.2,25.2,93.0,15.9
2022-06-27T06:00,2022,Thane Mumbra,19.1906,73.0229,0.0,25.4,92.0,16.3
2022-06-27T07:00,2022,Thane Mumbra,19.1906,73.0229,0.0,26.2,88.0,19.8
2022-06-27T08:00,2022,Thane Mumbra,19.1906,73.0229,0.0,27.1,84.0,18.0
2022-06-27T09:00,2022,Thane Mumbra,19.1906,73.0229,0.0,28.2,80.0,18.8
2022-06-27T10:00,2022,Thane Mumbra,19.1906,73.0229,1.9,28.3,80.0,19.9
2022-06-27T11:00,2022,Thane Mumbra,19.1906,73.0229,2.3,27.5,84.0,20.1
2022-06-27T12:00,2022,Thane Mumbra,19.1906,73.0229,0.2,27.9,83.0,17.6
2022-06-27T13:00,2022,Thane Mumbra,19.1906,73.0229,3.3,26.9,85.0,19.9
2022-06-27T14:00,2022,Thane Mumbra,19.1906,73.0229,2.0,27.1,86.0,20.1
2022-06-27T15:00,2022,Thane Mumbra,19.1906,73.0229,0.2,27.8,81.0,18.3
2022-06-27T16:00,2022,Thane Mumbra,19.1906,73.0229,1.8,26.2,90.0,14.8
2022-06-27T17:00,2022,Thane Mumbra,19.1906,73.0229,0.6,25.6,93.0,14.7
2022-06-27T18:00,2022,Thane Mumbra,19.1906,73.0229,1.3,25.6,94.0,11.6
2022-06-27T19:00,2022,Thane Mumbra,19.1906,73.0229,0.2,25.6,93.0,12.1
2022-06-27T20:00,2022,Thane Mumbra,19.1906,73.0229,0.2,25.4,93.0,13.8
2022-06-27T21:00,2022,Thane Mumbra,19.1906,73.0229,0.5,25.0,94.0,10.5
2022-06-27T22:00,2022,Thane Mumbra,19.1906,73.0229,0.5,25.2,93.0,10.4
2022-06-27T23:00,2022,Thane Mumbra,19.1906,73.0229,0.2,25.3,94.0,10.8
2022-06-28T00:00,2022,Thane Mumbra,19.1906,73.0229,0.3,25.3,93.0,11.3
2022-06-28T01:00,2022,Thane Mumbra,19.1906,73.0229,0.3,24.9,95.0,10.5
2022-06-28T02:00,2022,Thane Mumbra,19.1906,73.0229,0.2,24.9,96.0,11.5
2022-06-28T03:00,2022,Thane Mumbra,19.1906,73.0229,0.2,24.8,96.0,12.7
2022-06-28T04:00,2022,Thane Mumbra,19.1906,73.0229,0.2,24.7,96.0,12.1
2022-06-28T05:00,2022,Thane Mumbra,19.1906,73.0229,0.2,24.9,95.0,13.0
2022-06-28T06:00,2022,Thane Mumbra,19.1906,73.0229,0.3,24.9,95.0,13.1
2022-06-28T07:00,2022,Thane Mumbra,19.1906,73.0229,0.3,25.4,93.0,12.0
2022-06-28T08:00,2022,Thane Mumbra,19.1906,73.0229,0.3,26.3,88.0,14.9
2022-06-28T09:00,2022,Thane Mumbra,19.1906,73.0229,0.5,26.4,87.0,16.9
2022-06-28T10:00,2022,Thane Mumbra,19.1906,73.0229,0.2,27.1,83.0,17.6
2022-06-28T11:00,2022,Thane Mumbra,19.1906,73.0229,0.0,28.0,80.0,17.4
2022-06-28T12:00,2022,Thane Mumbra,19.1906,73.0229,0.1,28.9,78.0,16.0
2022-06-28T13:00,2022,Thane Mumbra,19.1906,73.0229,1.5,28.0,82.0,18.1
2022-06-28T14:00,2022,Thane Mumbra,19.1906,73.0229,0.3,28.2,81.0,15.9
2022-06-28T15:00,2022,Thane Mumbra,19.1906,73.0229,0.2,28.4,79.0,17.6
2022-06-28T16:00,2022,Thane Mumbra,19.1906,73.0229,0.5,27.8,83.0,14.7
2022-06-28T17:00,2022,Thane Mumbra,19.1906,73.0229,0.0,27.0,86.0,12.0
2022-06-28T18:00,2022,Thane Mumbra,19.1906,73.0229,0.0,26.7,87.0,10.9
2022-06-28T19:00,2022,Thane Mumbra,19.1906,73.0229,0.0,26.3,89.0,7.6
2022-06-28T20:00,2022,Thane Mumbra,19.1906,73.0229,0.0,26.2,90.0,8.3
2022-06-28T21:00,2022,Thane Mumbra,19.1906,73.0229,0.0,26.0,91.0,10.8
2022-06-28T22:00,2022,Thane Mumbra,19.1906,73.0229,0.1,25.9,91.0,13.6
2022-06-28T23:00,2022,Thane Mumbra,19.1906,73.0229,0.0,25.7,91.0,13.0
2022-06-29T00:00,2022,Thane Mumbra,19.1906,73.0229,0.1,25.7,91.0,13.5
2022-06-29T01:00,2022,Thane Mumbra,19.1906,73.0229,0.1,25.6,91.0,13.6
2022-06-29T02:00,2022,Thane Mumbra,19.1906,73.0229,0.2,25.5,91.0,14.8
2022-06-29T03:00,2022,Thane Mumbra,19.1906,73.0229,0.2,25.6,91.0,12.2
2022-06-29T04:00,2022,Thane Mumbra,19.1906,73.0229,0.2,25.6,91.0,11.5
2022-06-29T05:00,2022,Thane Mumbra,19.1906,73.0229,0.3,25.3,95.0,8.4
2022-06-29T06:00,2022,Thane Mumbra,19.1906,73.0229,0.3,25.4,95.0,9.7
2022-06-29T07:00,2022,Thane Mumbra,19.1906,73.0229,0.2,25.9,93.0,11.2
2022-06-29T08:00,2022,Thane Mumbra,19.1906,73.0229,0.1,26.4,89.0,11.6
2022-06-29T09:00,2022,Thane Mumbra,19.1906,73.0229,0.1,27.2,87.0,11.8
2022-06-29T10:00,2022,Thane Mumbra,19.1906,73.0229,0.1,28.4,80.0,14.1
2022-06-29T11:00,2022,Thane Mumbra,19.1906,73.0229,1.0,27.9,81.0,15.4
2022-06-29T12:00,2022,Thane Mumbra,19.1906,73.0229,0.4,29.1,78.0,15.1
2022-06-29T13:00,2022,Thane Mumbra,19.1906,73.0229,0.2,28.6,80.0,15.1
2022-06-29T14:00,2022,Thane Mumbra,19.1906,73.0229,0.5,27.7,81.0,16.6
2022-06-29T15:00,2022,Thane Mumbra,19.1906,73.0229,0.2,28.1,81.0,15.5
2022-06-29T16:00,2022,Thane Mumbra,19.1906,73.0229,0.2,28.2,81.0,15.9
2022-06-29T17:00,2022,Thane Mumbra,19.1906,73.0229,5.6,26.7,86.0,15.5
2022-06-29T18:00,2022,Thane Mumbra,19.1906,73.0229,0.8,26.5,90.0,13.0
2022-06-29T19:00,2022,Thane Mumbra,19.1906,73.0229,0.1,26.0,93.0,12.7
2022-06-29T20:00,2022,Thane Mumbra,19.1906,73.0229,0.0,25.8,93.0,11.3
2022-06-29T21:00,2022,Thane Mumbra,19.1906,73.0229,0.0,25.9,92.0,11.9
2022-06-29T22:00,2022,Thane Mumbra,19.1906,73.0229,0.1,26.0,92.0,11.9
2022-06-29T23:00,2022,Thane Mumbra,19.1906,73.0229,0.2,25.7,94.0,12.6
2022-06-30T00:00,2022,Thane Mumbra,19.1906,73.0229,0.3,25.6,94.0,11.2
2022-06-30T01:00,2022,Thane Mumbra,19.1906,73.0229,1.6,24.7,96.0,9.1
2022-06-30T02:00,2022,Thane Mumbra,19.1906,73.0229,1.0,25.1,96.0,8.3
2022-06-30T03:00,2022,Thane Mumbra,19.1906,73.0229,1.0,25.0,94.0,8.1
2022-06-30T04:00,2022,Thane Mumbra,19.1906,73.0229,2.0,24.9,95.0,7.2
2022-06-30T05:00,2022,Thane Mumbra,19.1906,73.0229,0.5,25.2,96.0,7.2
2022-06-30T06:00,2022,Thane Mumbra,19.1906,73.0229,0.2,25.2,96.0,6.6
2022-06-30T07:00,2022,Thane Mumbra,19.1906,73.0229,0.2,25.3,94.0,9.5
2022-06-30T08:00,2022,Thane Mumbra,19.1906,73.0229,0.3,25.8,92.0,11.3
2022-06-30T09:00,2022,Thane Mumbra,19.1906,73.0229,0.2,26.6,89.0,9.4
2022-06-30T10:00,2022,Thane Mumbra,19.1906,73.0229,0.3,27.1,87.0,10.5
2022-06-30T11:00,2022,Thane Mumbra,19.1906,73.0229,0.2,27.9,83.0,13.6
2022-06-30T12:00,2022,Thane Mumbra,19.1906,73.0229,0.4,27.8,80.0,16.6
2022-06-30T13:00,2022,Thane Mumbra,19.1906,73.0229,0.4,27.8,82.0,16.4
2022-06-30T14:00,2022,Thane Mumbra,19.1906,73.0229,0.1,27.5,83.0,16.1
2022-06-30T15:00,2022,Thane Mumbra,19.1906,73.0229,0.2,28.0,80.0,16.1
2022-06-30T16:00,2022,Thane Mumbra,19.1906,73.0229,0.4,27.2,84.0,16.3
2022-06-30T17:00,2022,Thane Mumbra,19.1906,73.0229,0.9,26.5,87.0,9.2
2022-06-30T18:00,2022,Thane Mumbra,19.1906,73.0229,2.0,25.2,95.0,10.7
2022-06-30T19:00,2022,Thane Mumbra,19.1906,73.0229,4.8,24.7,96.0,11.2
2022-06-30T20:00,2022,Thane Mumbra,19.1906,73.0229,4.3,24.7,96.0,9.7
2022-06-30T21:00,2022,Thane Mumbra,19.1906,73.0229,3.4,24.8,96.0,14.4
2022-06-30T22:00,2022,Thane Mumbra,19.1906,73.0229,1.5,24.4,95.0,12.0
2022-06-30T23:00,2022,Thane Mumbra,19.1906,73.0229,1.3,24.6,95.0,11.6
2022-07-01T00:00,2022,Thane Mumbra,19.1906,73.0229,0.5,25.1,95.0,10.8
2022-07-01T01:00,2022,Thane Mumbra,19.1906,73.0229,0.3,25.3,95.0,8.5
2022-07-01T02:00,2022,Thane Mumbra,19.1906,73.0229,0.5,25.0,96.0,7.9
2022-07-01T03:00,2022,Thane Mumbra,19.1906,73.0229,0.5,25.2,94.0,10.7
2022-07-01T04:00,2022,Thane Mumbra,19.1906,73.0229,0.3,25.2,94.0,10.6
2022-07-01T05:00,2022,Thane Mumbra,19.1906,73.0229,0.2,24.9,96.0,9.7
2022-07-01T06:00,2022,Thane Mumbra,19.1906,73.0229,1.1,24.8,96.0,9.4
2022-07-01T07:00,2022,Thane Mumbra,19.1906,73.0229,4.0,25.1,95.0,8.8
2022-07-01T08:00,2022,Thane Mumbra,19.1906,73.0229,0.5,25.1,94.0,11.4
2022-07-01T09:00,2022,Thane Mumbra,19.1906,73.0229,4.8,25.0,97.0,10.7
2022-07-01T10:00,2022,Thane Mumbra,19.1906,73.0229,3.6,25.8,90.0,14.7
2022-07-01T11:00,2022,Thane Mumbra,19.1906,73.0229,1.4,25.8,91.0,13.5
2022-07-01T12:00,2022,Thane Mumbra,19.1906,73.0229,1.6,25.8,90.0,15.8
2022-07-01T13:00,2022,Thane Mumbra,19.1906,73.0229,1.4,25.4,94.0,16.2
2022-07-01T14:00,2022,Thane Mumbra,19.1906,73.0229,1.1,25.7,94.0,15.8
2022-07-01T15:00,2022,Thane Mumbra,19.1906,73.0229,0.4,26.3,89.0,15.9
2022-07-01T16:00,2022,Thane Mumbra,19.1906,73.0229,1.3,25.2,93.0,13.8
2022-07-01T17:00,2022,Thane Mumbra,19.1906,73.0229,0.3,25.6,94.0,11.1
2022-07-01T18:00,2022,Thane Mumbra,19.1906,73.0229,0.3,25.4,95.0,10.2
2022-07-01T19:00,2022,Thane Mumbra,19.1906,73.0229,0.2,25.2,95.0,7.8
2022-07-01T20:00,2022,Thane Mumbra,19.1906,73.0229,0.8,25.1,94.0,12.1
2022-07-01T21:00,2022,Thane Mumbra,19.1906,73.0229,0.4,25.2,94.0,12.3
2022-07-01T22:00,2022,Thane Mumbra,19.1906,73.0229,0.4,25.0,94.0,9.4
2022-07-01T23:00,2022,Thane Mumbra,19.1906,73.0229,0.4,25.1,94.0,10.2
2022-07-02T00:00,2022,Thane Mumbra,19.1906,73.0229,0.4,24.7,96.0,14.5
2022-07-02T01:00,2022,Thane Mumbra,19.1906,73.0229,0.3,24.5,95.0,10.5
2022-07-02T02:00,2022,Thane Mumbra,19.1906,73.0229,0.9,25.0,94.0,11.8
2022-07-02T03:00,2022,Thane Mumbra,19.1906,73.0229,0.5,25.0,94.0,15.1
2022-07-02T04:00,2022,Thane Mumbra,19.1906,73.0229,0.4,24.9,94.0,8.8
2022-07-02T05:00,2022,Thane Mumbra,19.1906,73.0229,0.7,25.1,94.0,11.2
2022-07-02T06:00,2022,Thane Mumbra,19.1906,73.0229,1.3,24.8,96.0,13.3
2022-07-02T07:00,2022,Thane Mumbra,19.1906,73.0229,0.9,24.6,96.0,13.8
2022-07-02T08:00,2022,Thane Mumbra,19.1906,73.0229,0.6,24.9,94.0,9.4
2022-07-02T09:00,2022,Thane Mumbra,19.1906,73.0229,0.7,26.3,89.0,10.4
2022-07-02T10:00,2022,Thane Mumbra,19.1906,73.0229,0.8,26.5,87.0,14.6
2022-07-02T11:00,2022,Thane Mumbra,19.1906,73.0229,0.3,27.8,84.0,15.7
2022-07-02T12:00,2022,Thane Mumbra,19.1906,73.0229,0.6,27.2,85.0,15.7
2022-07-02T13:00,2022,Thane Mumbra,19.1906,73.0229,1.1,27.6,84.0,14.1
2022-07-02T14:00,2022,Thane Mumbra,19.1906,73.0229,0.4,27.8,83.0,15.5
2022-07-02T15:00,2022,Thane Mumbra,19.1906,73.0229,0.1,28.2,81.0,18.1
2022-07-02T16:00,2022,Thane Mumbra,19.1906,73.0229,1.8,26.3,88.0,15.6
2022-07-02T17:00,2022,Thane Mumbra,19.1906,73.0229,0.4,26.6,88.0,12.5
2022-07-02T18:00,2022,Thane Mumbra,19.1906,73.0229,0.7,26.3,90.0,9.0
2022-07-02T19:00,2022,Thane Mumbra,19.1906,73.0229,0.4,25.5,93.0,10.5
2022-07-02T20:00,2022,Thane Mumbra,19.1906,73.0229,0.4,25.1,96.0,5.6
2022-07-02T21:00,2022,Thane Mumbra,19.1906,73.0229,0.5,25.0,96.0,8.8
2022-07-02T22:00,2022,Thane Mumbra,19.1906,73.0229,1.6,24.7,96.0,9.1
2022-07-02T23:00,2022,Thane Mumbra,19.1906,73.0229,2.6,24.5,97.0,8.6
2022-07-03T00:00,2022,Thane Mumbra,19.1906,73.0229,1.1,24.6,97.0,11.1
2022-07-03T01:00,2022,Thane Mumbra,19.1906,73.0229,1.1,24.3,97.0,10.0
2022-07-03T02:00,2022,Thane Mumbra,19.1906,73.0229,0.5,24.5,97.0,12.0
2022-07-03T03:00,2022,Thane Mumbra,19.1906,73.0229,0.6,24.4,96.0,10.7
2022-07-03T04:00,2022,Thane Mumbra,19.1906,73.0229,0.6,24.6,96.0,9.8
2022-07-03T05:00,2022,Thane Mumbra,19.1906,73.0229,0.4,24.5,97.0,9.4
2022-07-03T06:00,2022,Thane Mumbra,19.1906,73.0229,0.5,24.8,96.0,13.5
2022-07-03T07:00,2022,Thane Mumbra,19.1906,73.0229,0.5,25.3,94.0,12.7
2022-07-03T08:00,2022,Thane Mumbra,19.1906,73.0229,0.2,25.9,90.0,12.8
2022-07-03T09:00,2022,Thane Mumbra,19.1906,73.0229,0.3,27.1,85.0,15.5
2022-07-03T10:00,2022,Thane Mumbra,19.1906,73.0229,2.1,27.2,86.0,15.1
2022-07-03T11:00,2022,Thane Mumbra,19.1906,73.0229,1.0,26.8,86.0,17.0
2022-07-03T12:00,2022,Thane Mumbra,19.1906,73.0229,0.3,27.9,81.0,20.2
2022-07-03T13:00,2022,Thane Mumbra,19.1906,73.0229,0.3,28.2,81.0,19.8
2022-07-03T14:00,2022,Thane Mumbra,19.1906,73.0229,0.5,27.6,80.0,21.3
2022-07-03T15:00,2022,Thane Mumbra,19.1906,73.0229,1.1,26.8,85.0,14.3
2022-07-03T16:00,2022,Thane Mumbra,19.1906,73.0229,0.2,27.3,84.0,16.9
2022-07-03T17:00,2022,Thane Mumbra,19.1906,73.0229,2.7,27.3,82.0,18.7
2022-07-03T18:00,2022,Thane Mumbra,19.1906,73.0229,0.5,26.7,87.0,13.8
2022-07-03T19:00,2022,Thane Mumbra,19.1906,73.0229,0.7,25.6,92.0,13.3
2022-07-03T20:00,2022,Thane Mumbra,19.1906,73.0229,0.9,25.4,93.0,13.0
2022-07-03T21:00,2022,Thane Mumbra,19.1906,73.0229,0.6,24.9,95.0,9.2
2022-07-03T22:00,2022,Thane Mumbra,19.1906,73.0229,0.7,25.4,93.0,15.4
2022-07-03T23:00,2022,Thane Mumbra,19.1906,73.0229,0.9,24.3,96.0,9.0
2022-07-04T00:00,2022,Thane Mumbra,19.1906,73.0229,1.0,24.6,95.0,9.4
2022-07-04T01:00,2022,Thane Mumbra,19.1906,73.0229,0.7,24.9,94.0,10.0
2022-07-04T02:00,2022,Thane Mumbra,19.1906,73.0229,0.7,24.9,95.0,10.1
2022-07-04T03:00,2022,Thane Mumbra,19.1906,73.0229,0.9,25.0,95.0,9.7
2022-07-04T04:00,2022,Thane Mumbra,19.1906,73.0229,0.9,24.8,95.0,12.8
2022-07-04T05:00,2022,Thane Mumbra,19.1906,73.0229,0.9,24.8,95.0,12.7
2022-07-04T06:00,2022,Thane Mumbra,19.1906,73.0229,0.8,24.5,96.0,9.0
2022-07-04T07:00,2022,Thane Mumbra,19.1906,73.0229,1.0,24.8,95.0,10.9
2022-07-04T08:00,2022,Thane Mumbra,19.1906,73.0229,0.4,25.7,91.0,11.2
2022-07-04T09:00,2022,Thane Mumbra,19.1906,73.0229,0.4,25.7,92.0,13.7
2022-07-04T10:00,2022,Thane Mumbra,19.1906,73.0229,0.2,26.5,88.0,12.8
2022-07-04T11:00,2022,Thane Mumbra,19.1906,73.0229,0.2,27.0,86.0,14.3
2022-07-04T12:00,2022,Thane Mumbra,19.1906,73.0229,0.3,27.3,83.0,16.0
2022-07-04T13:00,2022,Thane Mumbra,19.1906,73.0229,1.0,26.6,85.0,18.9
2022-07-04T14:00,2022,Thane Mumbra,19.1906,73.0229,0.5,26.6,87.0,15.9
2022-07-04T15:00,2022,Thane Mumbra,19.1906,73.0229,0.1,26.9,85.0,13.8
2022-07-04T16:00,2022,Thane Mumbra,19.1906,73.0229,1.6,25.8,92.0,15.1
2022-07-04T17:00,2022,Thane Mumbra,19.1906,73.0229,0.7,25.4,93.0,13.5
2022-07-04T18:00,2022,Thane Mumbra,19.1906,73.0229,2.5,24.9,96.0,8.4
2022-07-04T19:00,2022,Thane Mumbra,19.1906,73.0229,2.6,25.4,94.0,9.8
2022-07-04T20:00,2022,Thane Mumbra,19.1906,73.0229,1.9,25.3,94.0,13.4
2022-07-04T21:00,2022,Thane Mumbra,19.1906,73.0229,1.9,25.3,93.0,12.7
2022-07-04T22:00,2022,Thane Mumbra,19.1906,73.0229,1.2,25.4,93.0,13.8
2022-07-04T23:00,2022,Thane Mumbra,19.1906,73.0229,0.6,25.5,93.0,13.8
2022-07-05T00:00,2022,Thane Mumbra,19.1906,73.0229,0.5,25.6,92.0,13.8
2022-07-05T01:00,2022,Thane Mumbra,19.1906,73.0229,0.8,25.4,93.0,12.8
2022-07-05T02:00,2022,Thane Mumbra,19.1906,73.0229,1.7,25.1,95.0,14.5
2022-07-05T03:00,2022,Thane Mumbra,19.1906,73.0229,1.3,25.2,93.0,14.1
2022-07-05T04:00,2022,Thane Mumbra,19.1906,73.0229,2.4,25.0,94.0,11.8
2022-07-05T05:00,2022,Thane Mumbra,19.1906,73.0229,1.3,24.9,94.0,10.0
2022-07-05T06:00,2022,Thane Mumbra,19.1906,73.0229,2.7,24.8,95.0,11.2
2022-07-05T07:00,2022,Thane Mumbra,19.1906,73.0229,4.9,24.9,94.0,11.8
2022-07-05T08:00,2022,Thane Mumbra,19.1906,73.0229,3.1,25.5,93.0,9.4
2022-07-05T09:00,2022,Thane Mumbra,19.1906,73.0229,1.8,25.9,93.0,11.6
2022-07-05T10:00,2022,Thane Mumbra,19.1906,73.0229,2.5,25.7,93.0,14.3
2022-07-05T11:00,2022,Thane Mumbra,19.1906,73.0229,2.7,25.3,94.0,11.9
2022-07-05T12:00,2022,Thane Mumbra,19.1906,73.0229,2.8,26.0,91.0,12.5
2022-07-05T13:00,2022,Thane Mumbra,19.1906,73.0229,2.1,25.7,93.0,13.0
2022-07-05T14:00,2022,Thane Mumbra,19.1906,73.0229,1.7,25.7,93.0,15.3
2022-07-05T15:00,2022,Thane Mumbra,19.1906,73.0229,1.1,25.9,93.0,18.4
2022-07-05T16:00,2022,Thane Mumbra,19.1906,73.0229,1.1,25.7,93.0,12.7
2022-07-05T17:00,2022,Thane Mumbra,19.1906,73.0229,0.5,25.7,94.0,11.4
2022-07-05T18:00,2022,Thane Mumbra,19.1906,73.0229,0.5,25.7,93.0,7.9
2022-07-05T19:00,2022,Thane Mumbra,19.1906,73.0229,0.1,25.5,94.0,8.0
2022-07-05T20:00,2022,Thane Mumbra,19.1906,73.0229,0.9,25.2,93.0,12.3
2022-07-05T21:00,2022,Thane Mumbra,19.1906,73.0229,1.1,24.8,94.0,11.5
2022-07-05T22:00,2022,Thane Mumbra,19.1906,73.0229,1.6,24.9,94.0,10.4
2022-07-05T23:00,2022,Thane Mumbra,19.1906,73.0229,0.7,25.0,94.0,13.2
2022-07-06T00:00,2022,Thane Mumbra,19.1906,73.0229,0.8,25.1,93.0,14.2
2022-07-06T01:00,2022,Thane Mumbra,19.1906,73.0229,0.3,25.1,93.0,12.7
2022-07-06T02:00,2022,Thane Mumbra,19.1906,73.0229,0.4,24.9,94.0,12.1
2022-07-06T03:00,2022,Thane Mumbra,19.1906,73.0229,1.0,25.1,93.0,11.8
2022-07-06T04:00,2022,Thane Mumbra,19.1906,73.0229,2.2,25.0,95.0,11.8
2022-07-06T05:00,2022,Thane Mumbra,19.1906,73.0229,2.7,25.1,94.0,14.5
2022-07-06T06:00,2022,Thane Mumbra,19.1906,73.0229,2.6,25.2,94.0,14.3
2022-07-06T07:00,2022,Thane Mumbra,19.1906,73.0229,2.4,25.3,94.0,13.9
2022-07-06T08:00,2022,Thane Mumbra,19.1906,73.0229,4.8,24.9,94.0,13.8
2022-07-06T09:00,2022,Thane Mumbra,19.1906,73.0229,3.0,24.9,94.0,14.7
2022-07-06T10:00,2022,Thane Mumbra,19.1906,73.0229,1.9,25.2,93.0,16.7
2022-07-06T11:00,2022,Thane Mumbra,19.1906,73.0229,1.8,25.0,94.0,15.5
2022-07-06T12:00,2022,Thane Mumbra,19.1906,73.0229,1.7,25.8,90.0,17.3
2022-07-06T13:00,2022,Thane Mumbra,19.1906,73.0229,0.9,26.0,92.0,13.4
2022-07-06T14:00,2022,Thane Mumbra,19.1906,73.0229,1.3,25.9,89.0,15.9
2022-07-06T15:00,2022,Thane Mumbra,19.1906,73.0229,0.8,25.9,90.0,17.0
2022-07-06T16:00,2022,Thane Mumbra,19.1906,73.0229,0.7,25.5,93.0,16.4
2022-07-06T17:00,2022,Thane Mumbra,19.1906,73.0229,0.6,25.4,93.0,10.8
2022-07-06T18:00,2022,Thane Mumbra,19.1906,73.0229,0.6,25.4,94.0,12.1
2022-07-06T19:00,2022,Thane Mumbra,19.1906,73.0229,1.5,25.2,94.0,13.0
2022-07-06T20:00,2022,Thane Mumbra,19.1906,73.0229,0.5,25.1,94.0,12.9
2022-07-06T21:00,2022,Thane Mumbra,19.1906,73.0229,0.6,25.3,93.0,12.6
2022-07-06T22:00,2022,Thane Mumbra,19.1906,73.0229,1.0,24.9,95.0,10.0
2022-07-06T23:00,2022,Thane Mumbra,19.1906,73.0229,0.9,25.3,93.0,14.6
2022-07-07T00:00,2022,Thane Mumbra,19.1906,73.0229,0.8,25.2,93.0,14.0
2022-07-07T01:00,2022,Thane Mumbra,19.1906,73.0229,1.0,25.1,94.0,9.7
2022-07-07T02:00,2022,Thane Mumbra,19.1906,73.0229,1.3,25.2,94.0,12.7
2022-07-07T03:00,2022,Thane Mumbra,19.1906,73.0229,1.6,25.1,94.0,12.0
2022-07-07T04:00,2022,Thane Mumbra,19.1906,73.0229,0.8,25.1,94.0,12.2
2022-07-07T05:00,2022,Thane Mumbra,19.1906,73.0229,0.8,25.4,93.0,13.0
2022-07-07T06:00,2022,Thane Mumbra,19.1906,73.0229,4.2,25.5,92.0,16.1
2022-07-07T07:00,2022,Thane Mumbra,19.1906,73.0229,2.1,25.4,93.0,16.6
2022-07-07T08:00,2022,Thane Mumbra,19.1906,73.0229,2.5,25.5,95.0,12.0
2022-07-07T09:00,2022,Thane Mumbra,19.1906,73.0229,2.0,26.1,93.0,13.3
2022-07-07T10:00,2022,Thane Mumbra,19.1906,73.0229,1.3,26.3,92.0,15.0
2022-07-07T11:00,2022,Thane Mumbra,19.1906,73.0229,1.7,26.8,87.0,14.8
2022-07-07T12:00,2022,Thane Mumbra,19.1906,73.0229,0.6,26.2,90.0,15.6
2022-07-07T13:00,2022,Thane Mumbra,19.1906,73.0229,0.4,26.5,90.0,16.2
2022-07-07T14:00,2022,Thane Mumbra,19.1906,73.0229,0.8,25.8,91.0,18.4
2022-07-07T15:00,2022,Thane Mumbra,19.1906,73.0229,0.5,25.9,90.0,14.1
2022-07-07T16:00,2022,Thane Mumbra,19.1906,73.0229,0.5,25.8,92.0,12.5
2022-07-07T17:00,2022,Thane Mumbra,19.1906,73.0229,0.8,25.8,92.0,8.7
2022-07-07T18:00,2022,Thane Mumbra,19.1906,73.0229,1.5,25.3,93.0,11.3
2022-07-07T19:00,2022,Thane Mumbra,19.1906,73.0229,0.5,25.6,93.0,10.8
2022-07-07T20:00,2022,Thane Mumbra,19.1906,73.0229,0.3,25.6,92.0,7.7
2022-07-07T21:00,2022,Thane Mumbra,19.1906,73.0229,0.0,25.6,93.0,10.2
2022-07-07T22:00,2022,Thane Mumbra,19.1906,73.0229,0.0,25.7,91.0,6.3
2022-07-07T23:00,2022,Thane Mumbra,19.1906,73.0229,1.1,24.6,94.0,8.3
2022-07-08T00:00,2022,Thane Mumbra,19.1906,73.0229,0.9,24.7,94.0,9.8
2022-07-08T01:00,2022,Thane Mumbra,19.1906,73.0229,0.3,24.9,94.0,10.8
2022-07-08T02:00,2022,Thane Mumbra,19.1906,73.0229,0.2,24.6,94.0,11.6
2022-07-08T03:00,2022,Thane Mumbra,19.1906,73.0229,0.5,24.8,91.0,11.0
2022-07-08T04:00,2022,Thane Mumbra,19.1906,73.0229,0.4,24.7,94.0,7.4
2022-07-08T05:00,2022,Thane Mumbra,19.1906,73.0229,0.9,24.7,94.0,12.4
2022-07-08T06:00,2022,Thane Mumbra,19.1906,73.0229,0.7,25.2,93.0,7.1
2022-07-08T07:00,2022,Thane Mumbra,19.1906,73.0229,0.8,25.1,93.0,9.2
2022-07-08T08:00,2022,Thane Mumbra,19.1906,73.0229,0.5,26.1,89.0,13.8
2022-07-08T09:00,2022,Thane Mumbra,19.1906,73.0229,0.5,25.8,88.0,14.8
2022-07-08T10:00,2022,Thane Mumbra,19.1906,73.0229,0.3,26.9,88.0,11.5
2022-07-08T11:00,2022,Thane Mumbra,19.1906,73.0229,3.0,26.7,85.0,14.2
2022-07-08T12:00,2022,Thane Mumbra,19.1906,73.0229,0.4,27.5,85.0,12.9
2022-07-08T13:00,2022,Thane Mumbra,19.1906,73.0229,2.0,27.1,85.0,13.5
2022-07-08T14:00,2022,Thane Mumbra,19.1906,73.0229,1.7,25.7,91.0,12.8
2022-07-08T15:00,2022,Thane Mumbra,19.1906,73.0229,1.0,26.4,89.0,15.1
2022-07-08T16:00,2022,Thane Mumbra,19.1906,73.0229,0.6,26.2,91.0,13.0
2022-07-08T17:00,2022,Thane Mumbra,19.1906,73.0229,0.1,25.6,92.0,9.6
2022-07-08T18:00,2022,Thane Mumbra,19.1906,73.0229,3.3,23.9,96.0,12.6
2022-07-08T19:00,2022,Thane Mumbra,19.1906,73.0229,3.7,24.2,96.0,10.8
2022-07-08T20:00,2022,Thane Mumbra,19.1906,73.0229,2.8,24.8,94.0,5.1
2022-07-08T21:00,2022,Thane Mumbra,19.1906,73.0229,1.3,24.8,96.0,10.6
2022-07-08T22:00,2022,Thane Mumbra,19.1906,73.0229,0.8,25.0,93.0,9.1
2022-07-08T23:00,2022,Thane Mumbra,19.1906,73.0229,0.7,24.9,93.0,8.9
2022-07-09T00:00,2022,Thane Mumbra,19.1906,73.0229,0.3,25.3,93.0,11.2
2022-07-09T01:00,2022,Thane Mumbra,19.1906,73.0229,0.3,25.0,93.0,14.5
2022-07-09T02:00,2022,Thane Mumbra,19.1906,73.0229,0.4,24.5,95.0,9.2
2022-07-09T03:00,2022,Thane Mumbra,19.1906,73.0229,0.2,25.3,93.0,12.9
2022-07-09T04:00,2022,Thane Mumbra,19.1906,73.0229,0.5,25.3,91.0,12.4
2022-07-09T05:00,2022,Thane Mumbra,19.1906,73.0229,0.5,24.2,95.0,6.5
2022-07-09T06:00,2022,Thane Mumbra,19.1906,73.0229,1.5,25.1,94.0,7.2
2022-07-09T07:00,2022,Thane Mumbra,19.1906,73.0229,2.6,24.8,93.0,12.2
2022-07-09T08:00,2022,Thane Mumbra,19.1906,73.0229,2.2,24.9,94.0,9.4
2022-07-09T09:00,2022,Thane Mumbra,19.1906,73.0229,1.6,25.8,91.0,9.0
2022-07-09T10:00,2022,Thane Mumbra,19.1906,73.0229,0.7,26.5,87.0,11.6
2022-07-09T11:00,2022,Thane Mumbra,19.1906,73.0229,0.7,27.3,86.0,13.2
2022-07-09T12:00,2022,Thane Mumbra,19.1906,73.0229,4.4,25.5,89.0,8.2
2022-07-09T13:00,2022,Thane Mumbra,19.1906,73.0229,3.1,24.8,93.0,12.0
2022-07-09T14:00,2022,Thane Mumbra,19.1906,73.0229,0.8,25.4,89.0,12.8
2022-07-09T15:00,2022,Thane Mumbra,19.1906,73.0229,0.5,25.8,87.0,14.1
2022-07-09T16:00,2022,Thane Mumbra,19.1906,73.0229,2.1,24.9,91.0,14.0
2022-07-09T17:00,2022,Thane Mumbra,19.1906,73.0229,2.4,25.2,92.0,11.8
2022-07-09T18:00,2022,Thane Mumbra,19.1906,73.0229,2.4,23.8,96.0,7.9
2022-07-09T19:00,2022,Thane Mumbra,19.1906,73.0229,3.3,23.6,96.0,7.0
2022-07-09T20:00,2022,Thane Mumbra,19.1906,73.0229,2.4,23.6,97.0,4.1
2022-07-09T21:00,2022,Thane Mumbra,19.1906,73.0229,2.1,23.8,97.0,8.4
2022-07-09T22:00,2022,Thane Mumbra,19.1906,73.0229,2.2,24.0,96.0,10.3
2022-07-09T23:00,2022,Thane Mumbra,19.1906,73.0229,2.3,24.2,95.0,7.6
2022-07-10T00:00,2022,Thane Mumbra,19.1906,73.0229,3.3,23.9,97.0,6.5
2022-07-10T01:00,2022,Thane Mumbra,19.1906,73.0229,2.8,23.6,98.0,5.2
2022-07-10T02:00,2022,Thane Mumbra,19.1906,73.0229,2.5,24.0,95.0,8.4
2022-07-10T03:00,2022,Thane Mumbra,19.1906,73.0229,1.1,24.0,96.0,6.0
2022-07-10T04:00,2022,Thane Mumbra,19.1906,73.0229,2.7,23.0,98.0,4.9
2022-07-10T05:00,2022,Thane Mumbra,19.1906,73.0229,2.5,24.1,95.0,4.0
2022-07-10T06:00,2022,Thane Mumbra,19.1906,73.0229,2.5,24.3,93.0,5.2
2022-07-10T07:00,2022,Thane Mumbra,19.1906,73.0229,2.1,24.5,93.0,5.7
2022-07-10T08:00,2022,Thane Mumbra,19.1906,73.0229,2.8,24.0,93.0,6.9
2022-07-10T09:00,2022,Thane Mumbra,19.1906,73.0229,1.7,24.6,92.0,8.8
2022-07-10T10:00,2022,Thane Mumbra,19.1906,73.0229,2.9,24.7,92.0,9.0
2022-07-10T11:00,2022,Thane Mumbra,19.1906,73.0229,2.7,23.9,95.0,10.4
2022-07-10T12:00,2022,Thane Mumbra,19.1906,73.0229,3.6,24.3,93.0,10.0
2022-07-10T13:00,2022,Thane Mumbra,19.1906,73.0229,3.1,25.3,90.0,12.9
2022-07-10T14:00,2022,Thane Mumbra,19.1906,73.0229,1.7,25.3,91.0,10.7
2022-07-10T15:00,2022,Thane Mumbra,19.1906,73.0229,0.7,25.0,94.0,12.6
2022-07-10T16:00,2022,Thane Mumbra,19.1906,73.0229,1.6,24.5,94.0,10.8
2022-07-10T17:00,2022,Thane Mumbra,19.1906,73.0229,2.1,25.4,91.0,12.1
2022-07-10T18:00,2022,Thane Mumbra,19.1906,73.0229,1.3,24.8,93.0,12.7
2022-07-10T19:00,2022,Thane Mumbra,19.1906,73.0229,3.5,23.9,95.0,2.8
2022-07-10T20:00,2022,Thane Mumbra,19.1906,73.0229,3.4,23.8,96.0,2.2
2022-07-10T21:00,2022,Thane Mumbra,19.1906,73.0229,3.2,23.9,96.0,8.7
2022-07-10T22:00,2022,Thane Mumbra,19.1906,73.0229,3.1,24.0,94.0,13.4
2022-07-10T23:00,2022,Thane Mumbra,19.1906,73.0229,3.2,23.8,95.0,4.1
2022-07-11T00:00,2022,Thane Mumbra,19.1906,73.0229,3.8,23.9,96.0,3.9
2022-07-11T01:00,2022,Thane Mumbra,19.1906,73.0229,2.7,24.2,95.0,7.1
2022-07-11T02:00,2022,Thane Mumbra,19.1906,73.0229,3.4,23.6,96.0,12.3
2022-07-11T03:00,2022,Thane Mumbra,19.1906,73.0229,2.8,22.8,96.0,10.7
2022-07-11T04:00,2022,Thane Mumbra,19.1906,73.0229,2.6,23.2,96.0,8.4
2022-07-11T05:00,2022,Thane Mumbra,19.1906,73.0229,2.9,23.1,97.0,8.0
2022-07-11T06:00,2022,Thane Mumbra,19.1906,73.0229,5.3,23.8,96.0,8.2
2022-07-11T07:00,2022,Thane Mumbra,19.1906,73.0229,3.0,24.0,97.0,10.0
2022-07-11T08:00,2022,Thane Mumbra,19.1906,73.0229,2.8,24.0,96.0,7.8
2022-07-11T09:00,2022,Thane Mumbra,19.1906,73.0229,2.9,24.7,93.0,11.6
2022-07-11T10:00,2022,Thane Mumbra,19.1906,73.0229,2.0,24.9,93.0,13.5
2022-07-11T11:00,2022,Thane Mumbra,19.1906,73.0229,2.6,24.8,94.0,11.6
2022-07-11T12:00,2022,Thane Mumbra,19.1906,73.0229,1.2,25.7,93.0,12.5
2022-07-11T13:00,2022,Thane Mumbra,19.1906,73.0229,4.5,25.1,93.0,12.6
2022-07-11T14:00,2022,Thane Mumbra,19.1906,73.0229,1.6,25.0,93.0,14.5
2022-07-11T15:00,2022,Thane Mumbra,19.1906,73.0229,2.6,24.5,93.0,15.0
2022-07-11T16:00,2022,Thane Mumbra,19.1906,73.0229,2.3,24.6,94.0,14.6
2022-07-11T17:00,2022,Thane Mumbra,19.1906,73.0229,2.0,24.8,94.0,13.8
2022-07-11T18:00,2022,Thane Mumbra,19.1906,73.0229,3.6,23.9,97.0,11.2
2022-07-11T19:00,2022,Thane Mumbra,19.1906,73.0229,3.9,23.9,96.0,9.4
2022-07-11T20:00,2022,Thane Mumbra,19.1906,73.0229,2.5,24.1,96.0,6.4
2022-07-11T21:00,2022,Thane Mumbra,19.1906,73.0229,3.0,24.1,95.0,10.8
2022-07-11T22:00,2022,Thane Mumbra,19.1906,73.0229,3.0,24.3,95.0,13.5
2022-07-11T23:00,2022,Thane Mumbra,19.1906,73.0229,4.9,24.1,95.0,12.6
2022-07-12T00:00,2022,Thane Mumbra,19.1906,73.0229,3.1,23.9,95.0,8.8
2022-07-12T01:00,2022,Thane Mumbra,19.1906,73.0229,3.7,23.8,95.0,10.0
2022-07-12T02:00,2022,Thane Mumbra,19.1906,73.0229,3.4,23.6,96.0,10.2
2022-07-12T03:00,2022,Thane Mumbra,19.1906,73.0229,2.9,23.8,95.0,11.3
2022-07-12T04:00,2022,Thane Mumbra,19.1906,73.0229,4.2,23.9,95.0,13.4
2022-07-12T05:00,2022,Thane Mumbra,19.1906,73.0229,2.6,24.1,94.0,7.7
2022-07-12T06:00,2022,Thane Mumbra,19.1906,73.0229,3.8,23.8,96.0,5.6
2022-07-12T07:00,2022,Thane Mumbra,19.1906,73.0229,3.0,24.0,96.0,11.1
2022-07-12T08:00,2022,Thane Mumbra,19.1906,73.0229,3.0,24.0,96.0,9.7
2022-07-12T09:00,2022,Thane Mumbra,19.1906,73.0229,3.0,24.3,94.0,13.7
2022-07-12T10:00,2022,Thane Mumbra,19.1906,73.0229,3.3,24.3,95.0,11.9
2022-07-12T11:00,2022,Thane Mumbra,19.1906,73.0229,4.0,24.1,96.0,13.8
2022-07-12T12:00,2022,Thane Mumbra,19.1906,73.0229,2.9,24.7,93.0,16.5
2022-07-12T13:00,2022,Thane Mumbra,19.1906,73.0229,2.9,25.1,93.0,14.7
2022-07-12T14:00,2022,Thane Mumbra,19.1906,73.0229,2.3,25.2,91.0,16.9
2022-07-12T15:00,2022,Thane Mumbra,19.1906,73.0229,1.3,25.5,92.0,14.8
2022-07-12T16:00,2022,Thane Mumbra,19.1906,73.0229,1.4,24.9,93.0,12.5
2022-07-12T17:00,2022,Thane Mumbra,19.1906,73.0229,1.8,24.5,93.0,9.2
2022-07-12T18:00,2022,Thane Mumbra,19.1906,73.0229,1.3,24.4,93.0,8.1
2022-07-12T19:00,2022,Thane Mumbra,19.1906,73.0229,3.5,23.7,96.0,7.9
2022-07-12T20:00,2022,Thane Mumbra,19.1906,73.0229,3.7,23.5,95.0,4.7
2022-07-12T21:00,2022,Thane Mumbra,19.1906,73.0229,2.9,23.7,96.0,4.6
2022-07-12T22:00,2022,Thane Mumbra,19.1906,73.0229,2.1,23.8,96.0,6.8
2022-07-12T23:00,2022,Thane Mumbra,19.1906,73.0229,0.9,24.2,94.0,10.2
2022-07-13T00:00,2022,Thane Mumbra,19.1906,73.0229,1.3,24.1,95.0,12.4
2022-07-13T01:00,2022,Thane Mumbra,19.1906,73.0229,1.6,23.9,95.0,12.9
2022-07-13T02:00,2022,Thane Mumbra,19.1906,73.0229,1.3,23.9,95.0,8.8
2022-07-13T03:00,2022,Thane Mumbra,19.1906,73.0229,1.0,24.2,94.0,13.4
2022-07-13T04:00,2022,Thane Mumbra,19.1906,73.0229,1.5,24.1,94.0,12.2
2022-07-13T05:00,2022,Thane Mumbra,19.1906,73.0229,1.4,24.1,94.0,14.5
2022-07-13T06:00,2022,Thane Mumbra,19.1906,73.0229,3.2,24.2,94.0,11.9
2022-07-13T07:00,2022,Thane Mumbra,19.1906,73.0229,4.6,24.2,94.0,13.7
2022-07-13T08:00,2022,Thane Mumbra,19.1906,73.0229,1.9,24.7,93.0,11.4
2022-07-13T09:00,2022,Thane Mumbra,19.1906,73.0229,1.8,25.2,93.0,13.4
2022-07-13T10:00,2022,Thane Mumbra,19.1906,73.0229,1.8,25.7,92.0,15.2
2022-07-13T11:00,2022,Thane Mumbra,19.1906,73.0229,4.2,25.6,93.0,20.5
2022-07-13T12:00,2022,Thane Mumbra,19.1906,73.0229,3.5,25.5,93.0,19.1
2022-07-13T13:00,2022,Thane Mumbra,19.1906,73.0229,3.6,25.6,93.0,19.2
2022-07-13T14:00,2022,Thane Mumbra,19.1906,73.0229,4.1,25.6,94.0,21.8
2022-07-13T15:00,2022,Thane Mumbra,19.1906,73.0229,6.2,25.2,94.0,26.5
2022-07-13T16:00,2022,Thane Mumbra,19.1906,73.0229,4.8,25.1,92.0,17.9
2022-07-13T17:00,2022,Thane Mumbra,19.1906,73.0229,3.8,24.8,91.0,20.1
2022-07-13T18:00,2022,Thane Mumbra,19.1906,73.0229,1.0,24.5,93.0,18.1
2022-07-13T19:00,2022,Thane Mumbra,19.1906,73.0229,2.1,24.6,92.0,14.9
2022-07-13T20:00,2022,Thane Mumbra,19.1906,73.0229,1.2,24.4,94.0,17.4
2022-07-13T21:00,2022,Thane Mumbra,19.1906,73.0229,2.3,24.4,93.0,15.2
2022-07-13T22:00,2022,Thane Mumbra,19.1906,73.0229,1.9,24.4,94.0,13.2
2022-07-13T23:00,2022,Thane Mumbra,19.1906,73.0229,1.7,24.3,94.0,12.0
2022-07-14T00:00,2022,Thane Mumbra,19.1906,73.0229,1.3,24.4,93.0,16.2
2022-07-14T01:00,2022,Thane Mumbra,19.1906,73.0229,1.1,24.4,94.0,14.3
2022-07-14T02:00,2022,Thane Mumbra,19.1906,73.0229,2.1,24.3,93.0,17.9
2022-07-14T03:00,2022,Thane Mumbra,19.1906,73.0229,2.1,24.5,93.0,16.4
2022-07-14T04:00,2022,Thane Mumbra,19.1906,73.0229,1.5,24.1,94.0,18.6
2022-07-14T05:00,2022,Thane Mumbra,19.1906,73.0229,1.1,24.9,92.0,18.7
2022-07-14T06:00,2022,Thane Mumbra,19.1906,73.0229,2.0,24.8,93.0,17.4
2022-07-14T07:00,2022,Thane Mumbra,19.1906,73.0229,1.4,24.9,93.0,18.0
2022-07-14T08:00,2022,Thane Mumbra,19.1906,73.0229,1.4,25.0,93.0,16.8
2022-07-14T09:00,2022,Thane Mumbra,19.1906,73.0229,2.1,25.2,94.0,19.8
2022-07-14T10:00,2022,Thane Mumbra,19.1906,73.0229,1.9,25.6,93.0,16.8
2022-07-14T11:00,2022,Thane Mumbra,19.1906,73.0229,3.7,25.3,94.0,22.9
2022-07-14T12:00,2022,Thane Mumbra,19.1906,73.0229,5.6,25.6,92.0,19.9
2022-07-14T13:00,2022,Thane Mumbra,19.1906,73.0229,11.2,25.4,94.0,21.4
2022-07-14T14:00,2022,Thane Mumbra,19.1906,73.0229,7.0,25.3,92.0,21.4
2022-07-14T15:00,2022,Thane Mumbra,19.1906,73.0229,2.9,25.1,93.0,21.8
2022-07-14T16:00,2022,Thane Mumbra,19.1906,73.0229,2.3,25.0,92.0,20.4
2022-07-14T17:00,2022,Thane Mumbra,19.1906,73.0229,2.1,25.3,93.0,18.4
2022-07-14T18:00,2022,Thane Mumbra,19.1906,73.0229,1.2,25.4,92.0,23.2
2022-07-14T19:00,2022,Thane Mumbra,19.1906,73.0229,1.3,25.2,93.0,23.0
2022-07-14T20:00,2022,Thane Mumbra,19.1906,73.0229,1.6,25.2,94.0,22.8
2022-07-14T21:00,2022,Thane Mumbra,19.1906,73.0229,2.3,25.2,94.0,22.5
2022-07-14T22:00,2022,Thane Mumbra,19.1906,73.0229,3.2,25.5,92.0,21.0
2022-07-14T23:00,2022,Thane Mumbra,19.1906,73.0229,2.7,25.4,92.0,21.3
2022-07-15T00:00,2022,Thane Mumbra,19.1906,73.0229,2.6,25.4,92.0,24.2
2022-07-15T01:00,2022,Thane Mumbra,19.1906,73.0229,2.1,25.3,90.0,24.7
2022-07-15T02:00,2022,Thane Mumbra,19.1906,73.0229,2.5,25.3,91.0,22.0
2022-07-15T03:00,2022,Thane Mumbra,19.1906,73.0229,2.8,25.2,92.0,21.6
2022-07-15T04:00,2022,Thane Mumbra,19.1906,73.0229,2.5,25.1,91.0,22.1
2022-07-15T05:00,2022,Thane Mumbra,19.1906,73.0229,2.5,25.1,91.0,23.7
2022-07-15T06:00,2022,Thane Mumbra,19.1906,73.0229,1.3,25.3,90.0,22.7
2022-07-15T07:00,2022,Thane Mumbra,19.1906,73.0229,1.6,25.2,92.0,19.8
2022-07-15T08:00,2022,Thane Mumbra,19.1906,73.0229,1.1,25.5,92.0,20.4
2022-07-15T09:00,2022,Thane Mumbra,19.1906,73.0229,1.8,25.6,93.0,21.1
2022-07-15T10:00,2022,Thane Mumbra,19.1906,73.0229,0.8,26.4,90.0,20.0
2022-07-15T11:00,2022,Thane Mumbra,19.1906,73.0229,0.4,27.5,84.0,23.9
2022-07-15T12:00,2022,Thane Mumbra,19.1906,73.0229,2.0,27.5,85.0,23.3
2022-07-15T13:00,2022,Thane Mumbra,19.1906,73.0229,0.2,27.3,80.0,23.8
2022-07-15T14:00,2022,Thane Mumbra,19.1906,73.0229,0.1,27.2,82.0,26.5
2022-07-15T15:00,2022,Thane Mumbra,19.1906,73.0229,0.2,27.5,79.0,26.4
2022-07-15T16:00,2022,Thane Mumbra,19.1906,73.0229,0.3,26.9,82.0,27.4
2022-07-15T17:00,2022,Thane Mumbra,19.1906,73.0229,0.5,26.7,86.0,23.0
2022-07-15T18:00,2022,Thane Mumbra,19.1906,73.0229,0.8,26.0,90.0,21.5
2022-07-15T19:00,2022,Thane Mumbra,19.1906,73.0229,0.1,26.4,87.0,21.8
2022-07-15T20:00,2022,Thane Mumbra,19.1906,73.0229,0.9,25.3,91.0,20.1
2022-07-15T21:00,2022,Thane Mumbra,19.1906,73.0229,0.6,25.6,91.0,20.5
2022-07-15T22:00,2022,Thane Mumbra,19.1906,73.0229,1.0,25.4,92.0,19.5
2022-07-15T23:00,2022,Thane Mumbra,19.1906,73.0229,1.1,25.4,92.0,19.9
2022-07-16T00:00,2022,Thane Mumbra,19.1906,73.0229,1.2,25.3,92.0,19.8
2022-07-16T01:00,2022,Thane Mumbra,19.1906,73.0229,1.3,25.1,93.0,20.9
2022-07-16T02:00,2022,Thane Mumbra,19.1906,73.0229,0.8,25.4,92.0,16.4
2022-07-16T03:00,2022,Thane Mumbra,19.1906,73.0229,1.3,25.1,93.0,17.1
2022-07-16T04:00,2022,Thane Mumbra,19.1906,73.0229,1.1,25.2,92.0,18.1
2022-07-16T05:00,2022,Thane Mumbra,19.1906,73.0229,0.6,25.2,93.0,18.2
2022-07-16T06:00,2022,Thane Mumbra,19.1906,73.0229,0.4,25.5,92.0,17.5
2022-07-16T07:00,2022,Thane Mumbra,19.1906,73.0229,1.1,25.8,90.0,17.4
2022-07-16T08:00,2022,Thane Mumbra,19.1906,73.0229,0.5,26.2,89.0,18.2
2022-07-16T09:00,2022,Thane Mumbra,19.1906,73.0229,0.6,26.4,89.0,19.2
2022-07-16T10:00,2022,Thane Mumbra,19.1906,73.0229,1.4,26.9,84.0,22.6
2022-07-16T11:00,2022,Thane Mumbra,19.1906,73.0229,1.5,26.6,87.0,23.8
2022-07-16T12:00,2022,Thane Mumbra,19.1906,73.0229,1.5,27.4,86.0,20.9
2022-07-16T13:00,2022,Thane Mumbra,19.1906,73.0229,0.9,27.6,86.0,22.3
2022-07-16T14:00,2022,Thane Mumbra,19.1906,73.0229,0.2,28.6,80.0,26.0
2022-07-16T15:00,2022,Thane Mumbra,19.1906,73.0229,1.1,27.4,81.0,26.0
2022-07-16T16:00,2022,Thane Mumbra,19.1906,73.0229,1.1,26.9,87.0,21.6
2022-07-16T17:00,2022,Thane Mumbra,19.1906,73.0229,0.2,26.6,89.0,22.7
2022-07-16T18:00,2022,Thane Mumbra,19.1906,73.0229,4.2,25.6,92.0,18.0
2022-07-16T19:00,2022,Thane Mumbra,19.1906,73.0229,0.7,25.5,93.0,17.2
2022-07-16T20:00,2022,Thane Mumbra,19.1906,73.0229,0.5,26.0,90.0,16.7
2022-07-16T21:00,2022,Thane Mumbra,19.1906,73.0229,0.8,25.5,92.0,16.4
2022-07-16T22:00,2022,Thane Mumbra,19.1906,73.0229,1.1,25.3,94.0,14.9
2022-07-16T23:00,2022,Thane Mumbra,19.1906,73.0229,0.9,25.5,93.0,14.0
2022-07-17T00:00,2022,Thane Mumbra,19.1906,73.0229,0.4,25.6,93.0,14.1
2022-07-17T01:00,2022,Thane Mumbra,19.1906,73.0229,1.0,25.6,92.0,14.1
2022-07-17T02:00,2022,Thane Mumbra,19.1906,73.0229,0.9,25.6,91.0,13.5
2022-07-17T03:00,2022,Thane Mumbra,19.1906,73.0229,0.9,25.4,91.0,13.5
2022-07-17T04:00,2022,Thane Mumbra,19.1906,73.0229,0.8,25.3,93.0,12.7
2022-07-17T05:00,2022,Thane Mumbra,19.1906,73.0229,1.0,25.2,92.0,11.8
2022-07-17T06:00,2022,Thane Mumbra,19.1906,73.0229,0.3,25.2,92.0,11.1
2022-07-17T07:00,2022,Thane Mumbra,19.1906,73.0229,0.4,25.6,93.0,12.7
2022-07-17T08:00,2022,Thane Mumbra,19.1906,73.0229,0.2,26.8,87.0,13.2
2022-07-17T09:00,2022,Thane Mumbra,19.1906,73.0229,0.7,27.0,85.0,13.8
2022-07-17T10:00,2022,Thane Mumbra,19.1906,73.0229,1.0,26.6,88.0,15.6
2022-07-17T11:00,2022,Thane Mumbra,19.1906,73.0229,0.2,27.8,84.0,17.3
2022-07-17T12:00,2022,Thane Mumbra,19.1906,73.0229,0.1,29.4,75.0,19.2
2022-07-17T13:00,2022,Thane Mumbra,19.1906,73.0229,0.5,28.1,80.0,18.5
2022-07-17T14:00,2022,Thane Mumbra,19.1906,73.0229,0.1,28.6,78.0,20.6
2022-07-17T15:00,2022,Thane Mumbra,19.1906,73.0229,0.4,27.9,78.0,19.8
2022-07-17T16:00,2022,Thane Mumbra,19.1906,73.0229,0.2,28.1,79.0,18.8
2022-07-17T17:00,2022,Thane Mumbra,19.1906,73.0229,0.2,27.9,77.0,16.6
2022-07-17T18:00,2022,Thane Mumbra,19.1906,73.0229,0.1,27.1,84.0,11.4
2022-07-17T19:00,2022,Thane Mumbra,19.1906,73.0229,0.1,26.3,87.0,12.3
2022-07-17T20:00,2022,Thane Mumbra,19.1906,73.0229,0.1,25.9,88.0,10.4
2022-07-17T21:00,2022,Thane Mumbra,19.1906,73.0229,0.1,25.7,90.0,10.2
2022-07-17T22:00,2022,Thane Mumbra,19.1906,73.0229,0.3,25.4,93.0,13.0
2022-07-17T23:00,2022,Thane Mumbra,19.1906,73.0229,0.3,25.4,92.0,11.8
2022-07-18T00:00,2022,Thane Mumbra,19.1906,73.0229,0.3,25.3,93.0,10.5
2022-07-18T01:00,2022,Thane Mumbra,19.1906,73.0229,0.6,24.9,93.0,8.4
2022-07-18T02:00,2022,Thane Mumbra,19.1906,73.0229,0.3,24.9,93.0,13.0
2022-07-18T03:00,2022,Thane Mumbra,19.1906,73.0229,0.5,24.7,94.0,10.8
2022-07-18T04:00,2022,Thane Mumbra,19.1906,73.0229,0.6,25.3,91.0,10.3
2022-07-18T05:00,2022,Thane Mumbra,19.1906,73.0229,0.6,24.7,94.0,12.5
2022-07-18T06:00,2022,Thane Mumbra,19.1906,73.0229,1.5,25.1,93.0,6.6
2022-07-18T07:00,2022,Thane Mumbra,19.1906,73.0229,0.7,25.5,92.0,9.7
2022-07-18T08:00,2022,Thane Mumbra,19.1906,73.0229,1.0,25.1,93.0,12.3
2022-07-18T09:00,2022,Thane Mumbra,19.1906,73.0229,1.0,25.4,92.0,12.1
2022-07-18T10:00,2022,Thane Mumbra,19.1906,73.0229,1.9,25.7,92.0,12.3
2022-07-18T11:00,2022,Thane Mumbra,19.1906,73.0229,1.7,26.0,90.0,9.7
2022-07-18T12:00,2022,Thane Mumbra,19.1906,73.0229,1.3,25.7,90.0,15.6
2022-07-18T13:00,2022,Thane Mumbra,19.1906,73.0229,3.0,24.8,92.0,11.0
2022-07-18T14:00,2022,Thane Mumbra,19.1906,73.0229,2.2,25.3,91.0,13.9
2022-07-18T15:00,2022,Thane Mumbra,19.1906,73.0229,1.3,24.4,94.0,13.8
2022-07-18T16:00,2022,Thane Mumbra,19.1906,73.0229,0.9,25.2,92.0,14.8
2022-07-18T17:00,2022,Thane Mumbra,19.1906,73.0229,0.6,24.5,93.0,10.7
2022-07-18T18:00,2022,Thane Mumbra,19.1906,73.0229,0.8,24.2,95.0,11.4
2022-07-18T19:00,2022,Thane Mumbra,19.1906,73.0229,0.7,23.7,96.0,9.7
2022-07-18T20:00,2022,Thane Mumbra,19.1906,73.0229,0.6,24.0,96.0,7.7
2022-07-18T21:00,2022,Thane Mumbra,19.1906,73.0229,0.4,24.4,96.0,7.6
2022-07-18T22:00,2022,Thane Mumbra,19.1906,73.0229,0.8,24.7,95.0,9.5
2022-07-18T23:00,2022,Thane Mumbra,19.1906,73.0229,1.2,24.7,94.0,9.7
2022-07-19T00:00,2022,Thane Mumbra,19.1906,73.0229,0.9,24.7,94.0,11.3
2022-07-19T01:00,2022,Thane Mumbra,19.1906,73.0229,0.7,24.5,94.0,11.5
2022-07-19T02:00,2022,Thane Mumbra,19.1906,73.0229,2.4,23.7,96.0,15.5
2022-07-19T03:00,2022,Thane Mumbra,19.1906,73.0229,2.0,23.9,96.0,7.9
2022-07-19T04:00,2022,Thane Mumbra,19.1906,73.0229,2.3,24.4,94.0,9.7
2022-07-19T05:00,2022,Thane Mumbra,19.1906,73.0229,1.1,24.2,94.0,12.0
2022-07-19T06:00,2022,Thane Mumbra,19.1906,73.0229,1.9,24.3,95.0,8.3
2022-07-19T07:00,2022,Thane Mumbra,19.1906,73.0229,0.9,24.6,95.0,10.7
2022-07-19T08:00,2022,Thane Mumbra,19.1906,73.0229,2.0,24.5,95.0,12.0
2022-07-19T09:00,2022,Thane Mumbra,19.1906,73.0229,1.4,25.2,91.0,9.0
2022-07-19T10:00,2022,Thane Mumbra,19.1906,73.0229,0.8,25.8,93.0,12.3
2022-07-19T11:00,2022,Thane Mumbra,19.1906,73.0229,1.4,25.2,91.0,11.8
2022-07-19T12:00,2022,Thane Mumbra,19.1906,73.0229,0.4,26.4,86.0,14.1
2022-07-19T13:00,2022,Thane Mumbra,19.1906,73.0229,2.6,26.1,89.0,11.1
2022-07-19T14:00,2022,Thane Mumbra,19.1906,73.0229,0.5,26.2,87.0,14.3
2022-07-19T15:00,2022,Thane Mumbra,19.1906,73.0229,0.8,26.3,85.0,16.1
2022-07-19T16:00,2022,Thane Mumbra,19.1906,73.0229,1.0,26.1,88.0,15.8
2022-07-19T17:00,2022,Thane Mumbra,19.1906,73.0229,1.1,26.0,90.0,8.8
2022-07-19T18:00,2022,Thane Mumbra,19.1906,73.0229,0.3,25.7,90.0,9.9
2022-07-19T19:00,2022,Thane Mumbra,19.1906,73.0229,0.4,25.3,93.0,6.2
2022-07-19T20:00,2022,Thane Mumbra,19.1906,73.0229,0.4,25.0,94.0,6.8
2022-07-19T21:00,2022,Thane Mumbra,19.1906,73.0229,0.5,24.4,95.0,7.8
2022-07-19T22:00,2022,Thane Mumbra,19.1906,73.0229,0.5,24.4,95.0,7.6
2022-07-19T23:00,2022,Thane Mumbra,19.1906,73.0229,0.4,24.7,93.0,7.6
2022-07-20T00:00,2022,Thane Mumbra,19.1906,73.0229,0.2,24.5,94.0,9.4
2022-07-20T01:00,2022,Thane Mumbra,19.1906,73.0229,0.2,24.5,95.0,10.6
2022-07-20T02:00,2022,Thane Mumbra,19.1906,73.0229,0.2,24.4,94.0,8.0
2022-07-20T03:00,2022,Thane Mumbra,19.1906,73.0229,0.2,24.4,94.0,6.1
2022-07-20T04:00,2022,Thane Mumbra,19.1906,73.0229,0.5,24.4,94.0,7.4
2022-07-20T05:00,2022,Thane Mumbra,19.1906,73.0229,0.5,24.1,95.0,7.3
2022-07-20T06:00,2022,Thane Mumbra,19.1906,73.0229,0.3,24.6,94.0,9.2
2022-07-20T07:00,2022,Thane Mumbra,19.1906,73.0229,0.4,25.0,94.0,9.1
2022-07-20T08:00,2022,Thane Mumbra,19.1906,73.0229,0.3,25.8,89.0,9.9
2022-07-20T09:00,2022,Thane Mumbra,19.1906,73.0229,0.2,26.2,87.0,11.3
2022-07-20T10:00,2022,Thane Mumbra,19.1906,73.0229,1.2,25.9,89.0,12.8
2022-07-20T11:00,2022,Thane Mumbra,19.1906,73.0229,2.4,26.2,86.0,15.4
2022-07-20T12:00,2022,Thane Mumbra,19.1906,73.0229,0.1,27.4,83.0,13.0
2022-07-20T13:00,2022,Thane Mumbra,19.1906,73.0229,1.9,26.3,88.0,13.2
2022-07-20T14:00,2022,Thane Mumbra,19.1906,73.0229,1.4,27.0,84.0,15.1
2022-07-20T15:00,2022,Thane Mumbra,19.1906,73.0229,0.2,27.8,84.0,12.2
2022-07-20T16:00,2022,Thane Mumbra,19.1906,73.0229,0.1,28.2,78.0,14.9
2022-07-20T17:00,2022,Thane Mumbra,19.1906,73.0229,0.4,27.3,82.0,11.2
2022-07-20T18:00,2022,Thane Mumbra,19.1906,73.0229,0.0,26.7,87.0,11.0
2022-07-20T19:00,2022,Thane Mumbra,19.1906,73.0229,0.0,26.1,89.0,8.2
2022-07-20T20:00,2022,Thane Mumbra,19.1906,73.0229,0.0,25.8,90.0,8.8
2022-07-20T21:00,2022,Thane Mumbra,19.1906,73.0229,0.1,25.8,90.0,7.9
2022-07-20T22:00,2022,Thane Mumbra,19.1906,73.0229,0.2,25.2,93.0,7.4
2022-07-20T23:00,2022,Thane Mumbra,19.1906,73.0229,0.0,25.1,93.0,7.2
2022-07-21T00:00,2022,Thane Mumbra,19.1906,73.0229,0.1,25.0,93.0,7.2
2022-07-21T01:00,2022,Thane Mumbra,19.1906,73.0229,0.0,24.9,93.0,7.4
2022-07-21T02:00,2022,Thane Mumbra,19.1906,73.0229,0.2,24.8,92.0,7.1
2022-07-21T03:00,2022,Thane Mumbra,19.1906,73.0229,0.1,24.7,92.0,5.8
2022-07-21T04:00,2022,Thane Mumbra,19.1906,73.0229,0.4,24.4,94.0,6.3
2022-07-21T05:00,2022,Thane Mumbra,19.1906,73.0229,0.2,24.1,95.0,8.4
2022-07-21T06:00,2022,Thane Mumbra,19.1906,73.0229,0.1,24.5,95.0,8.9
2022-07-21T07:00,2022,Thane Mumbra,19.1906,73.0229,0.1,25.0,94.0,8.3
2022-07-21T08:00,2022,Thane Mumbra,19.1906,73.0229,0.1,26.0,87.0,10.1
2022-07-21T09:00,2022,Thane Mumbra,19.1906,73.0229,0.7,26.2,86.0,8.9
2022-07-21T10:00,2022,Thane Mumbra,19.1906,73.0229,0.7,26.8,83.0,12.5
2022-07-21T11:00,2022,Thane Mumbra,19.1906,73.0229,0.9,27.5,83.0,11.2
2022-07-21T12:00,2022,Thane Mumbra,19.1906,73.0229,0.1,28.9,75.0,16.2
2022-07-21T13:00,2022,Thane Mumbra,19.1906,73.0229,0.5,27.8,77.0,16.8
2022-07-21T14:00,2022,Thane Mumbra,19.1906,73.0229,0.5,28.1,80.0,15.1
2022-07-21T15:00,2022,Thane Mumbra,19.1906,73.0229,0.5,27.6,80.0,16.3
2022-07-21T16:00,2022,Thane Mumbra,19.1906,73.0229,0.1,27.8,81.0,13.8
2022-07-21T17:00,2022,Thane Mumbra,19.1906,73.0229,0.1,27.5,80.0,10.6
2022-07-21T18:00,2022,Thane Mumbra,19.1906,73.0229,0.1,27.0,82.0,9.7
2022-07-21T19:00,2022,Thane Mumbra,19.1906,73.0229,0.1,25.9,88.0,4.1
2022-07-21T20:00,2022,Thane Mumbra,19.1906,73.0229,0.1,25.8,88.0,3.9
2022-07-21T21:00,2022,Thane Mumbra,19.1906,73.0229,0.3,25.6,88.0,4.1
2022-07-21T22:00,2022,Thane Mumbra,19.1906,73.0229,0.1,25.6,89.0,5.4
2022-07-21T23:00,2022,Thane Mumbra,19.1906,73.0229,0.0,25.4,91.0,5.9
2022-07-22T00:00,2022,Thane Mumbra,19.1906,73.0229,0.0,25.2,91.0,6.2
2022-07-22T01:00,2022,Thane Mumbra,19.1906,73.0229,0.1,25.0,92.0,5.4
2022-07-22T02:00,2022,Thane Mumbra,19.1906,73.0229,0.1,24.8,93.0,5.4
2022-07-22T03:00,2022,Thane Mumbra,19.1906,73.0229,0.1,24.8,92.0,6.4
2022-07-22T04:00,2022,Thane Mumbra,19.1906,73.0229,0.2,24.8,93.0,5.8
2022-07-22T05:00,2022,Thane Mumbra,19.1906,73.0229,0.2,24.6,94.0,7.8
2022-07-22T06:00,2022,Thane Mumbra,19.1906,73.0229,0.1,24.8,96.0,6.5
2022-07-22T07:00,2022,Thane Mumbra,19.1906,73.0229,0.1,25.3,90.0,7.7
2022-07-22T08:00,2022,Thane Mumbra,19.1906,73.0229,0.1,26.3,87.0,5.9
2022-07-22T09:00,2022,Thane Mumbra,19.1906,73.0229,0.1,27.7,81.0,9.0
2022-07-22T10:00,2022,Thane Mumbra,19.1906,73.0229,0.1,28.1,78.0,10.6
2022-07-22T11:00,2022,Thane Mumbra,19.1906,73.0229,0.1,29.1,74.0,12.3
2022-07-22T12:00,2022,Thane Mumbra,19.1906,73.0229,0.0,29.5,72.0,13.3
2022-07-22T13:00,2022,Thane Mumbra,19.1906,73.0229,0.1,29.7,72.0,14.9
2022-07-22T14:00,2022,Thane Mumbra,19.1906,73.0229,0.7,28.8,72.0,16.1
2022-07-22T15:00,2022,Thane Mumbra,19.1906,73.0229,0.6,28.2,75.0,15.5
2022-07-22T16:00,2022,Thane Mumbra,19.1906,73.0229,1.2,27.5,80.0,14.8
2022-07-22T17:00,2022,Thane Mumbra,19.1906,73.0229,0.2,27.5,81.0,12.3
2022-07-22T18:00,2022,Thane Mumbra,19.1906,73.0229,0.2,26.9,83.0,9.2
2022-07-22T19:00,2022,Thane Mumbra,19.1906,73.0229,0.0,26.2,87.0,6.7
2022-07-22T20:00,2022,Thane Mumbra,19.1906,73.0229,0.0,25.7,91.0,3.8
2022-07-22T21:00,2022,Thane Mumbra,19.1906,73.0229,0.0,25.7,90.0,4.6
2022-07-22T22:00,2022,Thane Mumbra,19.1906,73.0229,0.0,25.7,90.0,6.3
2022-07-22T23:00,2022,Thane Mumbra,19.1906,73.0229,0.0,25.4,91.0,4.2
2022-07-23T00:00,2022,Thane Mumbra,19.1906,73.0229,0.1,25.1,92.0,4.8
2022-07-23T01:00,2022,Thane Mumbra,19.1906,73.0229,0.1,25.0,92.0,4.6
2022-07-23T02:00,2022,Thane Mumbra,19.1906,73.0229,0.1,24.9,93.0,5.4
2022-07-23T03:00,2022,Thane Mumbra,19.1906,73.0229,0.1,25.1,91.0,8.2
2022-07-23T04:00,2022,Thane Mumbra,19.1906,73.0229,0.1,25.0,91.0,9.7
2022-07-23T05:00,2022,Thane Mumbra,19.1906,73.0229,0.2,24.4,92.0,9.0
2022-07-23T06:00,2022,Thane Mumbra,19.1906,73.0229,1.5,24.3,95.0,7.2
2022-07-23T07:00,2022,Thane Mumbra,19.1906,73.0229,0.3,24.9,93.0,7.3
2022-07-23T08:00,2022,Thane Mumbra,19.1906,73.0229,0.5,25.7,89.0,8.2
2022-07-23T09:00,2022,Thane Mumbra,19.1906,73.0229,1.2,25.3,88.0,13.4
2022-07-23T10:00,2022,Thane Mumbra,19.1906,73.0229,0.2,27.2,84.0,8.5
2022-07-23T11:00,2022,Thane Mumbra,19.1906,73.0229,3.7,26.3,85.0,14.9
2022-07-23T12:00,2022,Thane Mumbra,19.1906,73.0229,0.4,26.5,86.0,13.7
2022-07-23T13:00,2022,Thane Mumbra,19.1906,73.0229,0.2,27.8,82.0,14.0
2022-07-23T14:00,2022,Thane Mumbra,19.1906,73.0229,2.3,26.9,84.0,12.2
2022-07-23T15:00,2022,Thane Mumbra,19.1906,73.0229,1.3,25.5,89.0,13.7
2022-07-23T16:00,2022,Thane Mumbra,19.1906,73.0229,0.4,26.2,89.0,12.1
2022-07-23T17:00,2022,Thane Mumbra,19.1906,73.0229,2.3,25.9,86.0,15.5
2022-07-23T18:00,2022,Thane Mumbra,19.1906,73.0229,0.5,25.1,91.0,11.0
2022-07-23T19:00,2022,Thane Mumbra,19.1906,73.0229,0.7,24.8,95.0,7.0
2022-07-23T20:00,2022,Thane Mumbra,19.1906,73.0229,1.3,24.9,93.0,7.1
2022-07-23T21:00,2022,Thane Mumbra,19.1906,73.0229,0.8,24.9,94.0,8.9
2022-07-23T22:00,2022,Thane Mumbra,19.1906,73.0229,1.2,24.8,93.0,7.9
2022-07-23T23:00,2022,Thane Mumbra,19.1906,73.0229,0.9,24.6,95.0,7.9
2022-07-24T00:00,2022,Thane Mumbra,19.1906,73.0229,0.6,24.5,95.0,8.4
2022-07-24T01:00,2022,Thane Mumbra,19.1906,73.0229,0.5,24.5,95.0,8.7
2022-07-24T02:00,2022,Thane Mumbra,19.1906,73.0229,0.3,24.5,94.0,8.8
2022-07-24T03:00,2022,Thane Mumbra,19.1906,73.0229,0.9,24.4,95.0,8.6
2022-07-24T04:00,2022,Thane Mumbra,19.1906,73.0229,1.4,24.5,94.0,9.0
2022-07-24T05:00,2022,Thane Mumbra,19.1906,73.0229,1.1,24.6,94.0,7.6
2022-07-24T06:00,2022,Thane Mumbra,19.1906,73.0229,0.3,24.9,95.0,8.4
2022-07-24T07:00,2022,Thane Mumbra,19.1906,73.0229,0.4,25.0,92.0,10.2
2022-07-24T08:00,2022,Thane Mumbra,19.1906,73.0229,0.4,25.2,93.0,11.5
2022-07-24T09:00,2022,Thane Mumbra,19.1906,73.0229,0.3,25.8,91.0,11.7
2022-07-24T10:00,2022,Thane Mumbra,19.1906,73.0229,2.1,25.5,88.0,15.0
2022-07-24T11:00,2022,Thane Mumbra,19.1906,73.0229,1.1,25.8,85.0,14.8
2022-07-24T12:00,2022,Thane Mumbra,19.1906,73.0229,0.8,26.3,87.0,15.1
2022-07-24T13:00,2022,Thane Mumbra,19.1906,73.0229,1.3,25.7,89.0,11.8
2022-07-24T14:00,2022,Thane Mumbra,19.1906,73.0229,0.3,26.4,86.0,14.8
2022-07-24T15:00,2022,Thane Mumbra,19.1906,73.0229,0.4,26.0,87.0,14.1
2022-07-24T16:00,2022,Thane Mumbra,19.1906,73.0229,0.5,25.9,84.0,14.3
2022-07-24T17:00,2022,Thane Mumbra,19.1906,73.0229,0.2,26.1,88.0,10.7
2022-07-24T18:00,2022,Thane Mumbra,19.1906,73.0229,0.4,25.5,92.0,10.7
2022-07-24T19:00,2022,Thane Mumbra,19.1906,73.0229,0.6,24.9,93.0,9.8
2022-07-24T20:00,2022,Thane Mumbra,19.1906,73.0229,0.8,24.7,94.0,8.2
2022-07-24T21:00,2022,Thane Mumbra,19.1906,73.0229,0.6,24.5,95.0,6.1
2022-07-24T22:00,2022,Thane Mumbra,19.1906,73.0229,0.4,24.4,96.0,7.2
2022-07-24T23:00,2022,Thane Mumbra,19.1906,73.0229,0.2,24.8,94.0,9.1
2022-07-25T00:00,2022,Thane Mumbra,19.1906,73.0229,0.4,24.6,95.0,8.7
2022-07-25T01:00,2022,Thane Mumbra,19.1906,73.0229,0.5,24.6,94.0,10.8
2022-07-25T02:00,2022,Thane Mumbra,19.1906,73.0229,0.3,24.5,94.0,10.8
2022-07-25T03:00,2022,Thane Mumbra,19.1906,73.0229,0.7,24.2,95.0,7.8
2022-07-25T04:00,2022,Thane Mumbra,19.1906,73.0229,0.4,24.3,95.0,9.7
2022-07-25T05:00,2022,Thane Mumbra,19.1906,73.0229,0.3,24.2,94.0,6.8
2022-07-25T06:00,2022,Thane Mumbra,19.1906,73.0229,0.4,24.6,93.0,10.1
2022-07-25T07:00,2022,Thane Mumbra,19.1906,73.0229,0.4,24.8,94.0,9.8
2022-07-25T08:00,2022,Thane Mumbra,19.1906,73.0229,0.4,25.5,91.0,7.9
2022-07-25T09:00,2022,Thane Mumbra,19.1906,73.0229,0.6,25.7,88.0,11.8
2022-07-25T10:00,2022,Thane Mumbra,19.1906,73.0229,0.1,26.5,85.0,14.5
2022-07-25T11:00,2022,Thane Mumbra,19.1906,73.0229,0.2,28.2,78.0,17.1
2022-07-25T12:00,2022,Thane Mumbra,19.1906,73.0229,0.6,27.3,83.0,13.2
2022-07-25T13:00,2022,Thane Mumbra,19.1906,73.0229,0.9,27.1,84.0,11.9
2022-07-25T14:00,2022,Thane Mumbra,19.1906,73.0229,0.4,26.5,84.0,15.0
2022-07-25T15:00,2022,Thane Mumbra,19.1906,73.0229,0.1,27.2,84.0,11.5
2022-07-25T16:00,2022,Thane Mumbra,19.1906,73.0229,0.1,28.2,78.0,13.8
2022-07-25T17:00,2022,Thane Mumbra,19.1906,73.0229,0.8,27.0,84.0,11.7
2022-07-25T18:00,2022,Thane Mumbra,19.1906,73.0229,0.0,26.8,84.0,11.1
2022-07-25T19:00,2022,Thane Mumbra,19.1906,73.0229,0.1,26.1,85.0,9.8
2022-07-25T20:00,2022,Thane Mumbra,19.1906,73.0229,0.1,25.6,89.0,9.1
2022-07-25T21:00,2022,Thane Mumbra,19.1906,73.0229,0.1,25.1,91.0,7.2
2022-07-25T22:00,2022,Thane Mumbra,19.1906,73.0229,0.1,25.0,92.0,9.4
2022-07-25T23:00,2022,Thane Mumbra,19.1906,73.0229,0.1,24.9,93.0,8.7
2022-07-26T00:00,2022,Thane Mumbra,19.1906,73.0229,0.1,24.8,94.0,9.9
2022-07-26T01:00,2022,Thane Mumbra,19.1906,73.0229,0.2,24.7,94.0,10.1
2022-07-26T02:00,2022,Thane Mumbra,19.1906,73.0229,0.1,24.6,94.0,9.4
2022-07-26T03:00,2022,Thane Mumbra,19.1906,73.0229,0.3,24.6,95.0,8.8
2022-07-26T04:00,2022,Thane Mumbra,19.1906,73.0229,0.1,24.8,93.0,8.7
2022-07-26T05:00,2022,Thane Mumbra,19.1906,73.0229,0.0,24.9,93.0,7.6
2022-07-26T06:00,2022,Thane Mumbra,19.1906,73.0229,0.1,25.1,93.0,7.3
2022-07-26T07:00,2022,Thane Mumbra,19.1906,73.0229,0.2,25.4,93.0,7.6
2022-07-26T08:00,2022,Thane Mumbra,19.1906,73.0229,0.2,26.0,87.0,9.5
2022-07-26T09:00,2022,Thane Mumbra,19.1906,73.0229,0.4,26.5,84.0,11.4
2022-07-26T10:00,2022,Thane Mumbra,19.1906,73.0229,0.1,27.7,81.0,9.3
2022-07-26T11:00,2022,Thane Mumbra,19.1906,73.0229,0.2,28.3,75.0,12.8
2022-07-26T12:00,2022,Thane Mumbra,19.1906,73.0229,0.4,27.2,82.0,13.5
2022-07-26T13:00,2022,Thane Mumbra,19.1906,73.0229,0.2,28.0,78.0,14.5
2022-07-26T14:00,2022,Thane Mumbra,19.1906,73.0229,0.0,28.3,78.0,14.0
2022-07-26T15:00,2022,Thane Mumbra,19.1906,73.0229,0.0,27.7,80.0,14.4
2022-07-26T16:00,2022,Thane Mumbra,19.1906,73.0229,0.1,26.8,82.0,12.6
2022-07-26T17:00,2022,Thane Mumbra,19.1906,73.0229,0.0,26.3,85.0,10.8
2022-07-26T18:00,2022,Thane Mumbra,19.1906,73.0229,0.5,26.0,86.0,8.7
2022-07-26T19:00,2022,Thane Mumbra,19.1906,73.0229,0.6,25.5,93.0,4.2
2022-07-26T20:00,2022,Thane Mumbra,19.1906,73.0229,0.0,25.2,94.0,3.2
2022-07-26T21:00,2022,Thane Mumbra,19.1906,73.0229,0.0,25.3,93.0,4.1
2022-07-26T22:00,2022,Thane Mumbra,19.1906,73.0229,0.3,25.3,94.0,3.6
2022-07-26T23:00,2022,Thane Mumbra,19.1906,73.0229,0.1,25.2,94.0,3.5
2022-07-27T00:00,2022,Thane Mumbra,19.1906,73.0229,0.5,25.1,95.0,5.1
2022-07-27T01:00,2022,Thane Mumbra,19.1906,73.0229,0.5,25.0,96.0,5.8
2022-07-27T02:00,2022,Thane Mumbra,19.1906,73.0229,0.2,24.9,96.0,5.1
2022-07-27T03:00,2022,Thane Mumbra,19.1906,73.0229,0.3,24.8,96.0,6.4
2022-07-27T04:00,2022,Thane Mumbra,19.1906,73.0229,0.2,24.7,96.0,5.7
2022-07-27T05:00,2022,Thane Mumbra,19.1906,73.0229,0.1,24.7,95.0,4.0
2022-07-27T06:00,2022,Thane Mumbra,19.1906,73.0229,0.0,24.8,95.0,2.6
2022-07-27T07:00,2022,Thane Mumbra,19.1906,73.0229,0.0,25.3,92.0,4.0
2022-07-27T08:00,2022,Thane Mumbra,19.1906,73.0229,0.1,25.7,90.0,4.0
2022-07-27T09:00,2022,Thane Mumbra,19.1906,73.0229,0.0,26.5,88.0,6.2
2022-07-27T10:00,2022,Thane Mumbra,19.1906,73.0229,0.0,27.1,85.0,6.7
2022-07-27T11:00,2022,Thane Mumbra,19.1906,73.0229,0.0,28.5,77.0,5.7
2022-07-27T12:00,2022,Thane Mumbra,19.1906,73.0229,0.0,29.2,74.0,6.4
2022-07-27T13:00,2022,Thane Mumbra,19.1906,73.0229,0.1,30.0,72.0,8.9
2022-07-27T14:00,2022,Thane Mumbra,19.1906,73.0229,4.4,27.3,85.0,8.2
2022-07-27T15:00,2022,Thane Mumbra,19.1906,73.0229,0.3,28.2,82.0,6.9
2022-07-27T16:00,2022,Thane Mumbra,19.1906,73.0229,3.2,26.8,82.0,9.5
2022-07-27T17:00,2022,Thane Mumbra,19.1906,73.0229,0.8,26.4,87.0,4.7
2022-07-27T18:00,2022,Thane Mumbra,19.1906,73.0229,0.3,26.4,86.0,3.0
2022-07-27T19:00,2022,Thane Mumbra,19.1906,73.0229,0.0,25.6,93.0,3.2
2022-07-27T20:00,2022,Thane Mumbra,19.1906,73.0229,0.0,26.0,88.0,1.6
2022-07-27T21:00,2022,Thane Mumbra,19.1906,73.0229,0.0,25.0,95.0,3.3
2022-07-27T22:00,2022,Thane Mumbra,19.1906,73.0229,0.0,25.1,94.0,2.5
2022-07-27T23:00,2022,Thane Mumbra,19.1906,73.0229,0.0,24.6,96.0,3.2
2022-07-28T00:00,2022,Thane Mumbra,19.1906,73.0229,0.0,24.3,98.0,3.8
2022-07-28T01:00,2022,Thane Mumbra,19.1906,73.0229,0.0,24.4,97.0,3.3
2022-07-28T02:00,2022,Thane Mumbra,19.1906,73.0229,0.0,24.0,98.0,4.2
2022-07-28T03:00,2022,Thane Mumbra,19.1906,73.0229,0.0,23.9,98.0,3.3
2022-07-28T04:00,2022,Thane Mumbra,19.1906,73.0229,0.0,23.7,98.0,3.3
2022-07-28T05:00,2022,Thane Mumbra,19.1906,73.0229,0.0,24.3,98.0,2.2
2022-07-28T06:00,2022,Thane Mumbra,19.1906,73.0229,0.0,24.8,96.0,1.9
2022-07-28T07:00,2022,Thane Mumbra,19.1906,73.0229,0.0,25.6,93.0,1.3
2022-07-28T08:00,2022,Thane Mumbra,19.1906,73.0229,0.1,26.7,87.0,2.5
2022-07-28T09:00,2022,Thane Mumbra,19.1906,73.0229,0.2,27.9,81.0,1.5
2022-07-28T10:00,2022,Thane Mumbra,19.1906,73.0229,0.1,29.0,78.0,4.0
2022-07-28T11:00,2022,Thane Mumbra,19.1906,73.0229,0.1,30.0,73.0,5.1
2022-07-28T12:00,2022,Thane Mumbra,19.1906,73.0229,0.2,29.6,73.0,6.8
2022-07-28T13:00,2022,Thane Mumbra,19.1906,73.0229,2.2,28.5,79.0,9.0
2022-07-28T14:00,2022,Thane Mumbra,19.1906,73.0229,0.2,29.5,77.0,11.1
2022-07-28T15:00,2022,Thane Mumbra,19.1906,73.0229,0.1,29.7,75.0,12.1
2022-07-28T16:00,2022,Thane Mumbra,19.1906,73.0229,0.3,29.0,77.0,12.2
2022-07-28T17:00,2022,Thane Mumbra,19.1906,73.0229,0.1,28.7,77.0,11.2
2022-07-28T18:00,2022,Thane Mumbra,19.1906,73.0229,0.7,27.6,87.0,6.6
2022-07-28T19:00,2022,Thane Mumbra,19.1906,73.0229,0.1,26.9,89.0,4.5
2022-07-28T20:00,2022,Thane Mumbra,19.1906,73.0229,0.0,26.5,91.0,3.6
2022-07-28T21:00,2022,Thane Mumbra,19.1906,73.0229,0.0,26.8,89.0,4.2
2022-07-28T22:00,2022,Thane Mumbra,19.1906,73.0229,0.0,26.1,94.0,4.7
2022-07-28T23:00,2022,Thane Mumbra,19.1906,73.0229,0.0,25.9,94.0,5.2
2022-07-29T00:00,2022,Thane Mumbra,19.1906,73.0229,0.0,25.7,95.0,5.0
2022-07-29T01:00,2022,Thane Mumbra,19.1906,73.0229,0.0,25.4,97.0,4.1
2022-07-29T02:00,2022,Thane Mumbra,19.1906,73.0229,0.1,25.5,94.0,3.7
2022-07-29T03:00,2022,Thane Mumbra,19.1906,73.0229,0.7,25.5,89.0,3.3
2022-07-29T04:00,2022,Thane Mumbra,19.1906,73.0229,0.1,25.1,93.0,4.7
2022-07-29T05:00,2022,Thane Mumbra,19.1906,73.0229,0.0,24.7,93.0,7.3
2022-07-29T06:00,2022,Thane Mumbra,19.1906,73.0229,0.0,24.6,94.0,5.1
2022-07-29T07:00,2022,Thane Mumbra,19.1906,73.0229,0.0,25.2,93.0,3.7
2022-07-29T08:00,2022,Thane Mumbra,19.1906,73.0229,0.0,26.5,89.0,4.7
2022-07-29T09:00,2022,Thane Mumbra,19.1906,73.0229,0.0,28.2,80.0,6.3
2022-07-29T10:00,2022,Thane Mumbra,19.1906,73.0229,0.0,29.3,75.0,5.9
2022-07-29T11:00,2022,Thane Mumbra,19.1906,73.0229,0.1,30.1,71.0,5.4
2022-07-29T12:00,2022,Thane Mumbra,19.1906,73.0229,0.1,30.7,70.0,6.6
2022-07-29T13:00,2022,Thane Mumbra,19.1906,73.0229,0.1,30.1,74.0,9.8
2022-07-29T14:00,2022,Thane Mumbra,19.1906,73.0229,0.4,29.7,73.0,10.8
2022-07-29T15:00,2022,Thane Mumbra,19.1906,73.0229,0.2,29.5,75.0,10.5
2022-07-29T16:00,2022,Thane Mumbra,19.1906,73.0229,0.2,29.0,75.0,11.4
2022-07-29T17:00,2022,Thane Mumbra,19.1906,73.0229,0.1,29.0,77.0,12.5
2022-07-29T18:00,2022,Thane Mumbra,19.1906,73.0229,0.0,28.2,82.0,9.7
2022-07-29T19:00,2022,Thane Mumbra,19.1906,73.0229,0.0,27.5,84.0,6.5
2022-07-29T20:00,2022,Thane Mumbra,19.1906,73.0229,0.0,26.8,89.0,4.3
2022-07-29T21:00,2022,Thane Mumbra,19.1906,73.0229,0.0,26.5,90.0,5.0
2022-07-29T22:00,2022,Thane Mumbra,19.1906,73.0229,0.0,25.8,95.0,4.9
2022-07-29T23:00,2022,Thane Mumbra,19.1906,73.0229,0.0,25.6,95.0,4.3
2022-07-30T00:00,2022,Thane Mumbra,19.1906,73.0229,0.0,25.1,97.0,5.6
2022-07-30T01:00,2022,Thane Mumbra,19.1906,73.0229,0.0,25.0,97.0,6.1
2022-07-30T02:00,2022,Thane Mumbra,19.1906,73.0229,0.0,25.8,94.0,4.6
2022-07-30T03:00,2022,Thane Mumbra,19.1906,73.0229,0.0,25.2,96.0,5.4
2022-07-30T04:00,2022,Thane Mumbra,19.1906,73.0229,0.0,25.8,93.0,3.6
2022-07-30T05:00,2022,Thane Mumbra,19.1906,73.0229,0.0,25.5,91.0,2.2
2022-07-30T06:00,2022,Thane Mumbra,19.1906,73.0229,0.1,25.5,94.0,1.6
2022-07-30T07:00,2022,Thane Mumbra,19.1906,73.0229,0.1,26.4,89.0,0.7
2022-07-30T08:00,2022,Thane Mumbra,19.1906,73.0229,0.0,27.4,85.0,2.4
2022-07-30T09:00,2022,Thane Mumbra,19.1906,73.0229,0.0,28.2,81.0,3.6
2022-07-30T10:00,2022,Thane Mumbra,19.1906,73.0229,0.0,29.1,76.0,5.2
2022-07-30T11:00,2022,Thane Mumbra,19.1906,73.0229,0.0,29.7,72.0,7.3
2022-07-30T12:00,2022,Thane Mumbra,19.1906,73.0229,0.1,29.8,71.0,8.9
2022-07-30T13:00,2022,Thane Mumbra,19.1906,73.0229,0.1,30.8,68.0,9.7
2022-07-30T14:00,2022,Thane Mumbra,19.1906,73.0229,0.0,30.7,67.0,11.9
2022-07-30T15:00,2022,Thane Mumbra,19.1906,73.0229,0.0,30.2,69.0,13.5
2022-07-30T16:00,2022,Thane Mumbra,19.1906,73.0229,0.0,29.7,72.0,14.6
2022-07-30T17:00,2022,Thane Mumbra,19.1906,73.0229,0.0,29.2,74.0,13.6
2022-07-30T18:00,2022,Thane Mumbra,19.1906,73.0229,0.0,28.3,78.0,10.0
2022-07-30T19:00,2022,Thane Mumbra,19.1906,73.0229,0.0,27.4,82.0,5.4
2022-07-30T20:00,2022,Thane Mumbra,19.1906,73.0229,0.0,26.9,87.0,3.8
2022-07-30T21:00,2022,Thane Mumbra,19.1906,73.0229,0.0,27.4,82.0,2.7
2022-07-30T22:00,2022,Thane Mumbra,19.1906,73.0229,0.0,27.4,82.0,2.3
2022-07-30T23:00,2022,Thane Mumbra,19.1906,73.0229,0.0,27.1,84.0,2.6
2022-07-31T00:00,2022,Thane Mumbra,19.1906,73.0229,0.0,26.1,92.0,2.8
2022-07-31T01:00,2022,Thane Mumbra,19.1906,73.0229,0.1,25.8,94.0,3.9
2022-07-31T02:00,2022,Thane Mumbra,19.1906,73.0229,0.0,26.1,90.0,3.1
2022-07-31T03:00,2022,Thane Mumbra,19.1906,73.0229,0.0,26.3,89.0,2.0
2022-07-31T04:00,2022,Thane Mumbra,19.1906,73.0229,0.0,26.0,90.0,2.4
2022-07-31T05:00,2022,Thane Mumbra,19.1906,73.0229,0.1,25.4,94.0,1.9
2022-07-31T06:00,2022,Thane Mumbra,19.1906,73.0229,0.0,25.6,94.0,2.2
2022-07-31T07:00,2022,Thane Mumbra,19.1906,73.0229,0.1,26.5,89.0,2.6
2022-07-31T08:00,2022,Thane Mumbra,19.1906,73.0229,0.4,27.3,86.0,5.4
2022-07-31T09:00,2022,Thane Mumbra,19.1906,73.0229,0.1,28.0,83.0,5.8
2022-07-31T10:00,2022,Thane Mumbra,19.1906,73.0229,0.0,28.9,79.0,6.9
2022-07-31T11:00,2022,Thane Mumbra,19.1906,73.0229,0.0,29.9,74.0,9.2
2022-07-31T12:00,2022,Thane Mumbra,19.1906,73.0229,0.0,30.3,71.0,11.1
2022-07-31T13:00,2022,Thane Mumbra,19.1906,73.0229,0.0,30.2,72.0,12.4
2022-07-31T14:00,2022,Thane Mumbra,19.1906,73.0229,0.1,30.0,72.0,13.6
2022-07-31T15:00,2022,Thane Mumbra,19.1906,73.0229,0.0,29.9,72.0,13.6
2022-07-31T16:00,2022,Thane Mumbra,19.1906,73.0229,0.0,29.5,73.0,14.4
2022-07-31T17:00,2022,Thane Mumbra,19.1906,73.0229,0.0,28.9,75.0,13.9
2022-07-31T18:00,2022,Thane Mumbra,19.1906,73.0229,0.0,28.2,78.0,10.1
2022-07-31T19:00,2022,Thane Mumbra,19.1906,73.0229,0.0,27.2,84.0,4.8
2022-07-31T20:00,2022,Thane Mumbra,19.1906,73.0229,0.0,26.4,91.0,4.7
2022-07-31T21:00,2022,Thane Mumbra,19.1906,73.0229,0.0,27.2,85.0,2.6
2022-07-31T22:00,2022,Thane Mumbra,19.1906,73.0229,0.0,26.7,88.0,2.3
2022-07-31T23:00,2022,Thane Mumbra,19.1906,73.0229,0.1,25.9,92.0,3.2
2022-08-01T00:00,2022,Thane Mumbra,19.1906,73.0229,0.0,25.5,94.0,4.3
2022-08-01T01:00,2022,Thane Mumbra,19.1906,73.0229,0.0,25.5,95.0,3.7
2022-08-01T02:00,2022,Thane Mumbra,19.1906,73.0229,0.0,25.4,95.0,4.1
2022-08-01T03:00,2022,Thane Mumbra,19.1906,73.0229,0.2,25.4,95.0,3.1
2022-08-01T04:00,2022,Thane Mumbra,19.1906,73.0229,0.1,25.1,96.0,2.9
2022-08-01T05:00,2022,Thane Mumbra,19.1906,73.0229,0.0,25.1,94.0,5.6
2022-08-01T06:00,2022,Thane Mumbra,19.1906,73.0229,0.0,25.6,92.0,4.8
2022-08-01T07:00,2022,Thane Mumbra,19.1906,73.0229,0.1,25.9,88.0,4.9
2022-08-01T08:00,2022,Thane Mumbra,19.1906,73.0229,0.1,26.6,86.0,7.3
2022-08-01T09:00,2022,Thane Mumbra,19.1906,73.0229,0.1,27.2,85.0,7.2
2022-08-01T10:00,2022,Thane Mumbra,19.1906,73.0229,0.0,28.4,79.0,6.8
2022-08-01T11:00,2022,Thane Mumbra,19.1906,73.0229,0.0,29.9,72.0,9.4
2022-08-01T12:00,2022,Thane Mumbra,19.1906,73.0229,0.0,30.0,70.0,11.2
2022-08-01T13:00,2022,Thane Mumbra,19.1906,73.0229,0.1,29.6,73.0,11.6
2022-08-01T14:00,2022,Thane Mumbra,19.1906,73.0229,0.2,29.8,73.0,13.1
2022-08-01T15:00,2022,Thane Mumbra,19.1906,73.0229,0.4,29.6,73.0,13.2
2022-08-01T16:00,2022,Thane Mumbra,19.1906,73.0229,0.2,29.4,72.0,14.6
2022-08-01T17:00,2022,Thane Mumbra,19.1906,73.0229,0.0,28.7,75.0,14.3
2022-08-01T18:00,2022,Thane Mumbra,19.1906,73.0229,0.0,27.9,79.0,11.3
2022-08-01T19:00,2022,Thane Mumbra,19.1906,73.0229,0.0,27.2,82.0,7.6
2022-08-01T20:00,2022,Thane Mumbra,19.1906,73.0229,0.0,26.8,85.0,5.6
2022-08-01T21:00,2022,Thane Mumbra,19.1906,73.0229,0.0,26.2,89.0,4.4
2022-08-01T22:00,2022,Thane Mumbra,19.1906,73.0229,0.0,25.8,92.0,5.1
2022-08-01T23:00,2022,Thane Mumbra,19.1906,73.0229,0.1,26.4,87.0,3.3
2022-08-02T00:00,2022,Thane Mumbra,19.1906,73.0229,0.0,25.5,93.0,1.3
2022-08-02T01:00,2022,Thane Mumbra,19.1906,73.0229,0.0,25.5,93.0,1.8
2022-08-02T02:00,2022,Thane Mumbra,19.1906,73.0229,0.1,25.2,95.0,2.9
2022-08-02T03:00,2022,Thane Mumbra,19.1906,73.0229,0.0,25.1,96.0,2.5
2022-08-02T04:00,2022,Thane Mumbra,19.1906,73.0229,0.4,25.3,94.0,2.5
2022-08-02T05:00,2022,Thane Mumbra,19.1906,73.0229,0.1,25.2,93.0,1.8
2022-08-02T06:00,2022,Thane Mumbra,19.1906,73.0229,0.1,25.4,93.0,3.1
2022-08-02T07:00,2022,Thane Mumbra,19.1906,73.0229,0.1,25.9,88.0,1.8
2022-08-02T08:00,2022,Thane Mumbra,19.1906,73.0229,0.1,26.5,87.0,2.6
2022-08-02T09:00,2022,Thane Mumbra,19.1906,73.0229,0.0,27.7,84.0,2.5
2022-08-02T10:00,2022,Thane Mumbra,19.1906,73.0229,0.0,28.8,79.0,2.9
2022-08-02T11:00,2022,Thane Mumbra,19.1906,73.0229,0.0,29.8,74.0,5.1
2022-08-02T12:00,2022,Thane Mumbra,19.1906,73.0229,0.0,30.6,70.0,7.2
2022-08-02T13:00,2022,Thane Mumbra,19.1906,73.0229,0.1,30.0,71.0,9.6
2022-08-02T14:00,2022,Thane Mumbra,19.1906,73.0229,0.7,29.6,71.0,11.1
2022-08-02T15:00,2022,Thane Mumbra,19.1906,73.0229,0.2,29.8,69.0,12.6
2022-08-02T16:00,2022,Thane Mumbra,19.1906,73.0229,0.2,29.4,71.0,14.6
2022-08-02T17:00,2022,Thane Mumbra,19.1906,73.0229,0.1,27.9,81.0,10.2
2022-08-02T18:00,2022,Thane Mumbra,19.1906,73.0229,0.0,27.7,83.0,9.9
2022-08-02T19:00,2022,Thane Mumbra,19.1906,73.0229,0.0,26.9,85.0,5.2
2022-08-02T20:00,2022,Thane Mumbra,19.1906,73.0229,0.0,26.4,90.0,4.6
2022-08-02T21:00,2022,Thane Mumbra,19.1906,73.0229,0.0,26.1,91.0,5.2
2022-08-02T22:00,2022,Thane Mumbra,19.1906,73.0229,0.0,25.8,93.0,5.5
2022-08-02T23:00,2022,Thane Mumbra,19.1906,73.0229,0.1,26.5,86.0,3.3
2022-08-03T00:00,2022,Thane Mumbra,19.1906,73.0229,0.0,26.4,86.0,0.7
2022-08-03T01:00,2022,Thane Mumbra,19.1906,73.0229,0.0,25.3,94.0,2.5
2022-08-03T02:00,2022,Thane Mumbra,19.1906,73.0229,0.0,25.2,94.0,3.1
2022-08-03T03:00,2022,Thane Mumbra,19.1906,73.0229,0.0,25.5,91.0,2.4
2022-08-03T04:00,2022,Thane Mumbra,19.1906,73.0229,0.1,25.0,95.0,2.3
2022-08-03T05:00,2022,Thane Mumbra,19.1906,73.0229,0.1,25.7,90.0,2.5
2022-08-03T06:00,2022,Thane Mumbra,19.1906,73.0229,0.2,25.7,91.0,1.3
2022-08-03T07:00,2022,Thane Mumbra,19.1906,73.0229,0.0,26.2,88.0,3.1
2022-08-03T08:00,2022,Thane Mumbra,19.1906,73.0229,0.0,26.7,86.0,3.1
2022-08-03T09:00,2022,Thane Mumbra,19.1906,73.0229,0.0,27.7,83.0,2.4
2022-08-03T10:00,2022,Thane Mumbra,19.1906,73.0229,0.1,29.5,75.0,5.5
2022-08-03T11:00,2022,Thane Mumbra,19.1906,73.0229,0.0,28.9,77.0,7.1
2022-08-03T12:00,2022,Thane Mumbra,19.1906,73.0229,0.3,29.5,75.0,8.4
2022-08-03T13:00,2022,Thane Mumbra,19.1906,73.0229,0.1,29.4,75.0,11.4
2022-08-03T14:00,2022,Thane Mumbra,19.1906,73.0229,1.4,29.0,75.0,9.7
2022-08-03T15:00,2022,Thane Mumbra,19.1906,73.0229,0.2,29.4,74.0,10.8
2022-08-03T16:00,2022,Thane Mumbra,19.1906,73.0229,0.1,29.1,76.0,10.5
2022-08-03T17:00,2022,Thane Mumbra,19.1906,73.0229,0.0,28.9,78.0,7.2
2022-08-03T18:00,2022,Thane Mumbra,19.1906,73.0229,3.3,27.7,83.0,5.5
2022-08-03T19:00,2022,Thane Mumbra,19.1906,73.0229,0.2,27.5,82.0,2.3
2022-08-03T20:00,2022,Thane Mumbra,19.1906,73.0229,0.1,26.9,90.0,2.2
2022-08-03T21:00,2022,Thane Mumbra,19.1906,73.0229,0.1,26.8,91.0,3.4
2022-08-03T22:00,2022,Thane Mumbra,19.1906,73.0229,0.1,26.5,93.0,2.5
2022-08-03T23:00,2022,Thane Mumbra,19.1906,73.0229,1.6,26.0,94.0,6.5
2022-08-04T00:00,2022,Thane Mumbra,19.1906,73.0229,0.1,25.5,95.0,5.9
2022-08-04T01:00,2022,Thane Mumbra,19.1906,73.0229,0.0,25.1,97.0,6.4
2022-08-04T02:00,2022,Thane Mumbra,19.1906,73.0229,0.0,25.1,97.0,2.5
2022-08-04T03:00,2022,Thane Mumbra,19.1906,73.0229,0.0,25.3,96.0,1.6
2022-08-04T04:00,2022,Thane Mumbra,19.1906,73.0229,0.0,25.6,93.0,1.6
2022-08-04T05:00,2022,Thane Mumbra,19.1906,73.0229,0.0,25.6,92.0,2.5
2022-08-04T06:00,2022,Thane Mumbra,19.1906,73.0229,0.1,25.6,94.0,2.3
2022-08-04T07:00,2022,Thane Mumbra,19.1906,73.0229,0.0,26.3,89.0,2.6
2022-08-04T08:00,2022,Thane Mumbra,19.1906,73.0229,0.0,26.8,88.0,1.5
2022-08-04T09:00,2022,Thane Mumbra,19.1906,73.0229,0.0,27.7,86.0,1.6
2022-08-04T10:00,2022,Thane Mumbra,19.1906,73.0229,0.1,29.0,80.0,1.8
2022-08-04T11:00,2022,Thane Mumbra,19.1906,73.0229,0.1,29.8,75.0,3.3
2022-08-04T12:00,2022,Thane Mumbra,19.1906,73.0229,0.1,29.7,75.0,5.5
2022-08-04T13:00,2022,Thane Mumbra,19.1906,73.0229,1.5,29.0,76.0,9.0
2022-08-04T14:00,2022,Thane Mumbra,19.1906,73.0229,0.6,28.6,78.0,11.7
2022-08-04T15:00,2022,Thane Mumbra,19.1906,73.0229,1.0,28.9,79.0,8.0
2022-08-04T16:00,2022,Thane Mumbra,19.1906,73.0229,1.1,28.6,76.0,8.7
2022-08-04T17:00,2022,Thane Mumbra,19.1906,73.0229,2.9,28.8,77.0,3.9
2022-08-04T18:00,2022,Thane Mumbra,19.1906,73.0229,0.4,28.0,85.0,4.6
2022-08-04T19:00,2022,Thane Mumbra,19.1906,73.0229,3.6,26.9,91.0,2.3
2022-08-04T20:00,2022,Thane Mumbra,19.1906,73.0229,0.3,26.4,96.0,6.0
2022-08-04T21:00,2022,Thane Mumbra,19.1906,73.0229,1.4,26.0,95.0,6.4
2022-08-04T22:00,2022,Thane Mumbra,19.1906,73.0229,1.3,25.6,96.0,6.6
2022-08-04T23:00,2022,Thane Mumbra,19.1906,73.0229,0.6,25.5,96.0,5.6
2022-08-05T00:00,2022,Thane Mumbra,19.1906,73.0229,0.5,25.3,97.0,8.2
2022-08-05T01:00,2022,Thane Mumbra,19.1906,73.0229,0.5,25.2,96.0,8.0
2022-08-05T02:00,2022,Thane Mumbra,19.1906,73.0229,0.3,25.1,97.0,6.0
2022-08-05T03:00,2022,Thane Mumbra,19.1906,73.0229,0.3,25.0,97.0,7.3
2022-08-05T04:00,2022,Thane Mumbra,19.1906,73.0229,0.4,24.8,97.0,6.7
2022-08-05T05:00,2022,Thane Mumbra,19.1906,73.0229,0.8,25.2,94.0,2.4
2022-08-05T06:00,2022,Thane Mumbra,19.1906,73.0229,1.6,25.3,96.0,2.6
2022-08-05T07:00,2022,Thane Mumbra,19.1906,73.0229,0.7,25.5,95.0,4.7
2022-08-05T08:00,2022,Thane Mumbra,19.1906,73.0229,0.6,25.7,93.0,4.5
2022-08-05T09:00,2022,Thane Mumbra,19.1906,73.0229,0.4,26.4,90.0,6.1
2022-08-05T10:00,2022,Thane Mumbra,19.1906,73.0229,0.4,27.2,90.0,6.5
2022-08-05T11:00,2022,Thane Mumbra,19.1906,73.0229,4.1,26.6,93.0,9.6
2022-08-05T12:00,2022,Thane Mumbra,19.1906,73.0229,3.4,26.1,93.0,7.2
2022-08-05T13:00,2022,Thane Mumbra,19.1906,73.0229,0.9,25.8,94.0,9.5
2022-08-05T14:00,2022,Thane Mumbra,19.1906,73.0229,0.6,26.9,88.0,11.3
2022-08-05T15:00,2022,Thane Mumbra,19.1906,73.0229,0.8,26.8,84.0,12.8
2022-08-05T16:00,2022,Thane Mumbra,19.1906,73.0229,0.9,26.6,90.0,12.5
2022-08-05T17:00,2022,Thane Mumbra,19.1906,73.0229,0.9,25.8,92.0,11.7
2022-08-05T18:00,2022,Thane Mumbra,19.1906,73.0229,1.5,25.3,95.0,8.1
2022-08-05T19:00,2022,Thane Mumbra,19.1906,73.0229,1.8,25.3,95.0,4.4
2022-08-05T20:00,2022,Thane Mumbra,19.1906,73.0229,0.3,25.4,95.0,6.8
2022-08-05T21:00,2022,Thane Mumbra,19.1906,73.0229,0.3,25.3,95.0,7.3
2022-08-05T22:00,2022,Thane Mumbra,19.1906,73.0229,1.1,24.8,96.0,9.2
2022-08-05T23:00,2022,Thane Mumbra,19.1906,73.0229,3.9,24.5,97.0,10.5
2022-08-06T00:00,2022,Thane Mumbra,19.1906,73.0229,4.1,24.3,97.0,8.6
2022-08-06T01:00,2022,Thane Mumbra,19.1906,73.0229,2.4,24.4,97.0,9.4
2022-08-06T02:00,2022,Thane Mumbra,19.1906,73.0229,2.1,24.4,96.0,7.8
2022-08-06T03:00,2022,Thane Mumbra,19.1906,73.0229,1.2,24.5,96.0,5.8
2022-08-06T04:00,2022,Thane Mumbra,19.1906,73.0229,0.2,24.6,96.0,3.3
2022-08-06T05:00,2022,Thane Mumbra,19.1906,73.0229,0.9,24.8,95.0,5.5
2022-08-06T06:00,2022,Thane Mumbra,19.1906,73.0229,0.1,24.9,96.0,5.4
2022-08-06T07:00,2022,Thane Mumbra,19.1906,73.0229,0.1,25.5,92.0,7.9
2022-08-06T08:00,2022,Thane Mumbra,19.1906,73.0229,0.2,26.0,90.0,8.0
2022-08-06T09:00,2022,Thane Mumbra,19.1906,73.0229,0.3,26.3,89.0,8.6
2022-08-06T10:00,2022,Thane Mumbra,19.1906,73.0229,1.6,26.1,89.0,9.3
2022-08-06T11:00,2022,Thane Mumbra,19.1906,73.0229,0.4,26.8,85.0,10.2
2022-08-06T12:00,2022,Thane Mumbra,19.1906,73.0229,0.2,28.6,79.0,12.9
2022-08-06T13:00,2022,Thane Mumbra,19.1906,73.0229,10.2,27.3,85.0,13.9
2022-08-06T14:00,2022,Thane Mumbra,19.1906,73.0229,0.5,27.2,81.0,12.8
2022-08-06T15:00,2022,Thane Mumbra,19.1906,73.0229,0.4,27.8,80.0,14.1
2022-08-06T16:00,2022,Thane Mumbra,19.1906,73.0229,0.4,27.4,85.0,13.7
2022-08-06T17:00,2022,Thane Mumbra,19.1906,73.0229,0.8,26.4,88.0,10.6
2022-08-06T18:00,2022,Thane Mumbra,19.1906,73.0229,0.5,26.5,88.0,10.6
2022-08-06T19:00,2022,Thane Mumbra,19.1906,73.0229,0.5,25.6,94.0,8.8
2022-08-06T20:00,2022,Thane Mumbra,19.1906,73.0229,0.1,25.7,94.0,8.0
2022-08-06T21:00,2022,Thane Mumbra,19.1906,73.0229,0.0,25.3,95.0,11.2
2022-08-06T22:00,2022,Thane Mumbra,19.1906,73.0229,0.0,24.9,94.0,11.6
2022-08-06T23:00,2022,Thane Mumbra,19.1906,73.0229,0.0,24.8,94.0,10.2
2022-08-07T00:00,2022,Thane Mumbra,19.1906,73.0229,0.0,24.8,95.0,9.8
2022-08-07T01:00,2022,Thane Mumbra,19.1906,73.0229,0.0,24.8,95.0,10.6
2022-08-07T02:00,2022,Thane Mumbra,19.1906,73.0229,0.0,24.5,96.0,9.4
2022-08-07T03:00,2022,Thane Mumbra,19.1906,73.0229,0.2,24.7,94.0,8.4
2022-08-07T04:00,2022,Thane Mumbra,19.1906,73.0229,0.2,24.9,94.0,6.5
2022-08-07T05:00,2022,Thane Mumbra,19.1906,73.0229,0.1,24.7,96.0,6.7
2022-08-07T06:00,2022,Thane Mumbra,19.1906,73.0229,0.1,24.7,96.0,5.0
2022-08-07T07:00,2022,Thane Mumbra,19.1906,73.0229,0.4,24.9,94.0,8.0
2022-08-07T08:00,2022,Thane Mumbra,19.1906,73.0229,0.0,25.6,91.0,10.9
2022-08-07T09:00,2022,Thane Mumbra,19.1906,73.0229,0.1,26.4,87.0,10.4
2022-08-07T10:00,2022,Thane Mumbra,19.1906,73.0229,0.2,27.0,85.0,10.4
2022-08-07T11:00,2022,Thane Mumbra,19.1906,73.0229,0.2,28.4,83.0,7.3
2022-08-07T12:00,2022,Thane Mumbra,19.1906,73.0229,0.3,29.4,78.0,7.1
2022-08-07T13:00,2022,Thane Mumbra,19.1906,73.0229,16.6,27.4,83.0,13.7
2022-08-07T14:00,2022,Thane Mumbra,19.1906,73.0229,0.6,27.4,82.0,11.9
2022-08-07T15:00,2022,Thane Mumbra,19.1906,73.0229,1.7,26.9,88.0,11.5
2022-08-07T16:00,2022,Thane Mumbra,19.1906,73.0229,0.4,27.3,88.0,10.5
2022-08-07T17:00,2022,Thane Mumbra,19.1906,73.0229,2.6,26.2,91.0,12.1
2022-08-07T18:00,2022,Thane Mumbra,19.1906,73.0229,2.3,26.0,94.0,9.5
2022-08-07T19:00,2022,Thane Mumbra,19.1906,73.0229,5.7,25.7,94.0,7.7
2022-08-07T20:00,2022,Thane Mumbra,19.1906,73.0229,2.3,25.7,95.0,4.7
2022-08-07T21:00,2022,Thane Mumbra,19.1906,73.0229,5.4,25.3,96.0,6.2
2022-08-07T22:00,2022,Thane Mumbra,19.1906,73.0229,5.3,25.4,94.0,5.6
2022-08-07T23:00,2022,Thane Mumbra,19.1906,73.0229,6.6,25.4,95.0,5.9
2022-08-08T00:00,2022,Thane Mumbra,19.1906,73.0229,4.3,25.3,95.0,5.6
2022-08-08T01:00,2022,Thane Mumbra,19.1906,73.0229,2.3,25.3,95.0,5.1
2022-08-08T02:00,2022,Thane Mumbra,19.1906,73.0229,1.2,25.2,95.0,3.6
2022-08-08T03:00,2022,Thane Mumbra,19.1906,73.0229,1.1,25.2,95.0,2.5
2022-08-08T04:00,2022,Thane Mumbra,19.1906,73.0229,1.2,25.1,96.0,2.9
2022-08-08T05:00,2022,Thane Mumbra,19.1906,73.0229,0.9,25.1,94.0,8.9
2022-08-08T06:00,2022,Thane Mumbra,19.1906,73.0229,0.6,25.2,94.0,6.6
2022-08-08T07:00,2022,Thane Mumbra,19.1906,73.0229,0.2,25.6,93.0,5.4
2022-08-08T08:00,2022,Thane Mumbra,19.1906,73.0229,0.4,25.8,93.0,5.6
2022-08-08T09:00,2022,Thane Mumbra,19.1906,73.0229,1.1,26.3,89.0,3.9
2022-08-08T10:00,2022,Thane Mumbra,19.1906,73.0229,0.9,26.5,90.0,2.9
2022-08-08T11:00,2022,Thane Mumbra,19.1906,73.0229,0.5,27.0,88.0,3.3
2022-08-08T12:00,2022,Thane Mumbra,19.1906,73.0229,0.3,27.8,86.0,4.3
2022-08-08T13:00,2022,Thane Mumbra,19.1906,73.0229,0.2,29.2,77.0,7.9
2022-08-08T14:00,2022,Thane Mumbra,19.1906,73.0229,4.9,26.2,88.0,11.8
2022-08-08T15:00,2022,Thane Mumbra,19.1906,73.0229,1.2,26.4,87.0,9.2
2022-08-08T16:00,2022,Thane Mumbra,19.1906,73.0229,0.3,26.2,90.0,8.4
2022-08-08T17:00,2022,Thane Mumbra,19.1906,73.0229,0.8,25.9,93.0,10.8
2022-08-08T18:00,2022,Thane Mumbra,19.1906,73.0229,1.1,25.9,93.0,13.5
2022-08-08T19:00,2022,Thane Mumbra,19.1906,73.0229,0.3,25.9,93.0,13.1
2022-08-08T20:00,2022,Thane Mumbra,19.1906,73.0229,0.1,26.2,92.0,17.4
2022-08-08T21:00,2022,Thane Mumbra,19.1906,73.0229,0.3,25.8,92.0,22.4
2022-08-08T22:00,2022,Thane Mumbra,19.1906,73.0229,0.6,25.9,92.0,21.1
2022-08-08T23:00,2022,Thane Mumbra,19.1906,73.0229,0.4,26.1,92.0,20.1
2022-08-09T00:00,2022,Thane Mumbra,19.1906,73.0229,0.2,26.1,91.0,25.3
2022-08-09T01:00,2022,Thane Mumbra,19.1906,73.0229,0.5,25.7,94.0,18.8
2022-08-09T02:00,2022,Thane Mumbra,19.1906,73.0229,0.8,25.7,94.0,17.3
2022-08-09T03:00,2022,Thane Mumbra,19.1906,73.0229,0.5,25.7,94.0,14.0
2022-08-09T04:00,2022,Thane Mumbra,19.1906,73.0229,6.4,25.7,93.0,12.7
2022-08-09T05:00,2022,Thane Mumbra,19.1906,73.0229,24.6,25.8,92.0,25.8
2022-08-09T06:00,2022,Thane Mumbra,19.1906,73.0229,1.6,25.8,92.0,22.4
2022-08-09T07:00,2022,Thane Mumbra,19.1906,73.0229,0.8,25.6,91.0,21.4
2022-08-09T08:00,2022,Thane Mumbra,19.1906,73.0229,2.3,26.0,92.0,23.6
2022-08-09T09:00,2022,Thane Mumbra,19.1906,73.0229,1.8,25.7,93.0,27.1
2022-08-09T10:00,2022,Thane Mumbra,19.1906,73.0229,3.5,25.3,93.0,22.7
2022-08-09T11:00,2022,Thane Mumbra,19.1906,73.0229,5.5,25.3,93.0,22.1
2022-08-09T12:00,2022,Thane Mumbra,19.1906,73.0229,3.9,25.6,91.0,21.8
2022-08-09T13:00,2022,Thane Mumbra,19.1906,73.0229,4.6,25.4,93.0,25.6
2022-08-09T14:00,2022,Thane Mumbra,19.1906,73.0229,4.2,25.4,92.0,22.5
2022-08-09T15:00,2022,Thane Mumbra,19.1906,73.0229,3.6,25.5,91.0,22.7
2022-08-09T16:00,2022,Thane Mumbra,19.1906,73.0229,2.3,25.7,91.0,22.7
2022-08-09T17:00,2022,Thane Mumbra,19.1906,73.0229,1.4,25.7,91.0,24.1
2022-08-09T18:00,2022,Thane Mumbra,19.1906,73.0229,0.3,25.8,90.0,23.1
2022-08-09T19:00,2022,Thane Mumbra,19.1906,73.0229,0.3,25.7,89.0,23.5
2022-08-09T20:00,2022,Thane Mumbra,19.1906,73.0229,0.7,25.3,93.0,19.6
2022-08-09T21:00,2022,Thane Mumbra,19.1906,73.0229,1.5,25.4,91.0,18.8
2022-08-09T22:00,2022,Thane Mumbra,19.1906,73.0229,0.7,25.2,91.0,21.2
2022-08-09T23:00,2022,Thane Mumbra,19.1906,73.0229,1.1,25.7,89.0,20.2
2022-08-10T00:00,2022,Thane Mumbra,19.1906,73.0229,0.5,25.1,93.0,21.4
2022-08-10T01:00,2022,Thane Mumbra,19.1906,73.0229,0.6,25.3,91.0,21.2
2022-08-10T02:00,2022,Thane Mumbra,19.1906,73.0229,1.1,25.4,92.0,21.2
2022-08-10T03:00,2022,Thane Mumbra,19.1906,73.0229,1.0,25.1,92.0,20.4
2022-08-10T04:00,2022,Thane Mumbra,19.1906,73.0229,0.4,25.7,90.0,22.9
2022-08-10T05:00,2022,Thane Mumbra,19.1906,73.0229,1.2,25.0,93.0,24.6
2022-08-10T06:00,2022,Thane Mumbra,19.1906,73.0229,0.5,25.7,91.0,21.2
2022-08-10T07:00,2022,Thane Mumbra,19.1906,73.0229,0.7,25.8,89.0,22.3
2022-08-10T08:00,2022,Thane Mumbra,19.1906,73.0229,1.7,25.7,91.0,23.2
2022-08-10T09:00,2022,Thane Mumbra,19.1906,73.0229,0.9,26.1,89.0,23.3
2022-08-10T10:00,2022,Thane Mumbra,19.1906,73.0229,1.9,26.2,91.0,27.8
2022-08-10T11:00,2022,Thane Mumbra,19.1906,73.0229,0.9,27.1,87.0,25.5
2022-08-10T12:00,2022,Thane Mumbra,19.1906,73.0229,1.4,27.0,89.0,26.4
2022-08-10T13:00,2022,Thane Mumbra,19.1906,73.0229,1.4,27.3,85.0,29.3
2022-08-10T14:00,2022,Thane Mumbra,19.1906,73.0229,1.7,26.7,89.0,27.5
2022-08-10T15:00,2022,Thane Mumbra,19.1906,73.0229,2.6,26.3,89.0,28.0
2022-08-10T16:00,2022,Thane Mumbra,19.1906,73.0229,0.8,26.2,87.0,26.9
2022-08-10T17:00,2022,Thane Mumbra,19.1906,73.0229,0.5,26.0,90.0,26.8
2022-08-10T18:00,2022,Thane Mumbra,19.1906,73.0229,0.4,25.8,90.0,23.3
2022-08-10T19:00,2022,Thane Mumbra,19.1906,73.0229,0.4,25.4,91.0,21.1
2022-08-10T20:00,2022,Thane Mumbra,19.1906,73.0229,1.2,25.4,91.0,23.2
2022-08-10T21:00,2022,Thane Mumbra,19.1906,73.0229,2.0,25.3,91.0,26.4
2022-08-10T22:00,2022,Thane Mumbra,19.1906,73.0229,0.8,25.5,92.0,20.7
2022-08-10T23:00,2022,Thane Mumbra,19.1906,73.0229,1.1,25.5,92.0,20.6
2022-08-11T00:00,2022,Thane Mumbra,19.1906,73.0229,0.3,25.6,91.0,23.4
2022-08-11T01:00,2022,Thane Mumbra,19.1906,73.0229,0.4,25.5,92.0,21.4
2022-08-11T02:00,2022,Thane Mumbra,19.1906,73.0229,0.7,25.6,91.0,23.0
2022-08-11T03:00,2022,Thane Mumbra,19.1906,73.0229,1.4,25.1,92.0,26.4
2022-08-11T04:00,2022,Thane Mumbra,19.1906,73.0229,1.1,25.1,93.0,25.6
2022-08-11T05:00,2022,Thane Mumbra,19.1906,73.0229,0.9,25.3,90.0,20.7
2022-08-11T06:00,2022,Thane Mumbra,19.1906,73.0229,0.5,25.5,90.0,23.2
2022-08-11T07:00,2022,Thane Mumbra,19.1906,73.0229,0.7,25.4,90.0,22.9
2022-08-11T08:00,2022,Thane Mumbra,19.1906,73.0229,0.6,25.4,90.0,23.9
2022-08-11T09:00,2022,Thane Mumbra,19.1906,73.0229,0.5,26.7,86.0,23.2
2022-08-11T10:00,2022,Thane Mumbra,19.1906,73.0229,1.4,26.6,88.0,22.5
2022-08-11T11:00,2022,Thane Mumbra,19.1906,73.0229,0.8,27.4,82.0,30.1
2022-08-11T12:00,2022,Thane Mumbra,19.1906,73.0229,1.0,27.4,80.0,31.5
2022-08-11T13:00,2022,Thane Mumbra,19.1906,73.0229,0.7,27.7,81.0,27.7
2022-08-11T14:00,2022,Thane Mumbra,19.1906,73.0229,1.0,27.3,83.0,28.5
2022-08-11T15:00,2022,Thane Mumbra,19.1906,73.0229,1.6,27.3,85.0,26.6
2022-08-11T16:00,2022,Thane Mumbra,19.1906,73.0229,1.4,26.4,90.0,24.0
2022-08-11T17:00,2022,Thane Mumbra,19.1906,73.0229,1.4,26.6,86.0,27.7
2022-08-11T18:00,2022,Thane Mumbra,19.1906,73.0229,0.8,26.3,86.0,27.0
2022-08-11T19:00,2022,Thane Mumbra,19.1906,73.0229,1.0,25.3,91.0,26.3
2022-08-11T20:00,2022,Thane Mumbra,19.1906,73.0229,0.9,25.4,92.0,23.8
2022-08-11T21:00,2022,Thane Mumbra,19.1906,73.0229,1.1,25.3,91.0,23.3
2022-08-11T22:00,2022,Thane Mumbra,19.1906,73.0229,0.8,25.2,92.0,24.1
2022-08-11T23:00,2022,Thane Mumbra,19.1906,73.0229,2.2,25.2,91.0,22.6
2022-08-12T00:00,2022,Thane Mumbra,19.1906,73.0229,1.4,25.2,92.0,23.2
2022-08-12T01:00,2022,Thane Mumbra,19.1906,73.0229,3.3,25.3,92.0,25.2
2022-08-12T02:00,2022,Thane Mumbra,19.1906,73.0229,1.2,25.3,91.0,27.4
2022-08-12T03:00,2022,Thane Mumbra,19.1906,73.0229,2.1,25.2,91.0,26.4
2022-08-12T04:00,2022,Thane Mumbra,19.1906,73.0229,0.6,25.4,90.0,27.2
2022-08-12T05:00,2022,Thane Mumbra,19.1906,73.0229,0.7,25.5,88.0,24.2
2022-08-12T06:00,2022,Thane Mumbra,19.1906,73.0229,1.3,25.3,90.0,20.7
2022-08-12T07:00,2022,Thane Mumbra,19.1906,73.0229,1.2,25.7,88.0,26.3
2022-08-12T08:00,2022,Thane Mumbra,19.1906,73.0229,1.5,25.4,90.0,23.8
2022-08-12T09:00,2022,Thane Mumbra,19.1906,73.0229,0.7,25.8,90.0,23.9
2022-08-12T10:00,2022,Thane Mumbra,19.1906,73.0229,0.7,27.0,85.0,23.3
2022-08-12T11:00,2022,Thane Mumbra,19.1906,73.0229,0.1,27.8,81.0,26.5
2022-08-12T12:00,2022,Thane Mumbra,19.1906,73.0229,0.1,28.2,76.0,31.3
2022-08-12T13:00,2022,Thane Mumbra,19.1906,73.0229,0.3,27.8,79.0,30.0
2022-08-12T14:00,2022,Thane Mumbra,19.1906,73.0229,0.5,27.6,79.0,32.1
2022-08-12T15:00,2022,Thane Mumbra,19.1906,73.0229,0.4,27.2,82.0,30.1
2022-08-12T16:00,2022,Thane Mumbra,19.1906,73.0229,0.2,28.0,77.0,32.8
2022-08-12T17:00,2022,Thane Mumbra,19.1906,73.0229,0.2,27.2,80.0,28.0
2022-08-12T18:00,2022,Thane Mumbra,19.1906,73.0229,0.2,27.0,82.0,24.6
2022-08-12T19:00,2022,Thane Mumbra,19.1906,73.0229,0.2,26.3,83.0,22.8
2022-08-12T20:00,2022,Thane Mumbra,19.1906,73.0229,0.3,26.0,85.0,21.1
2022-08-12T21:00,2022,Thane Mumbra,19.1906,73.0229,0.4,25.8,86.0,19.0
2022-08-12T22:00,2022,Thane Mumbra,19.1906,73.0229,0.3,25.6,87.0,15.9
2022-08-12T23:00,2022,Thane Mumbra,19.1906,73.0229,0.5,24.3,93.0,17.6
2022-08-13T00:00,2022,Thane Mumbra,19.1906,73.0229,0.7,24.8,91.0,18.4
2022-08-13T01:00,2022,Thane Mumbra,19.1906,73.0229,1.0,24.7,92.0,17.6
2022-08-13T02:00,2022,Thane Mumbra,19.1906,73.0229,0.9,24.8,92.0,19.7
2022-08-13T03:00,2022,Thane Mumbra,19.1906,73.0229,1.9,24.7,92.0,17.7
2022-08-13T04:00,2022,Thane Mumbra,19.1906,73.0229,1.4,24.9,92.0,17.2
2022-08-13T05:00,2022,Thane Mumbra,19.1906,73.0229,2.3,25.0,91.0,16.7
2022-08-13T06:00,2022,Thane Mumbra,19.1906,73.0229,0.4,25.4,90.0,15.8
2022-08-13T07:00,2022,Thane Mumbra,19.1906,73.0229,0.7,25.2,92.0,13.5
2022-08-13T08:00,2022,Thane Mumbra,19.1906,73.0229,0.5,25.6,92.0,17.9
2022-08-13T09:00,2022,Thane Mumbra,19.1906,73.0229,1.2,26.9,85.0,16.3
2022-08-13T10:00,2022,Thane Mumbra,19.1906,73.0229,0.8,27.6,84.0,18.9
2022-08-13T11:00,2022,Thane Mumbra,19.1906,73.0229,0.1,28.5,77.0,24.0
2022-08-13T12:00,2022,Thane Mumbra,19.1906,73.0229,0.4,28.2,78.0,24.6
2022-08-13T13:00,2022,Thane Mumbra,19.1906,73.0229,0.2,29.0,74.0,24.2
2022-08-13T14:00,2022,Thane Mumbra,19.1906,73.0229,0.4,28.5,74.0,25.6
2022-08-13T15:00,2022,Thane Mumbra,19.1906,73.0229,0.5,28.2,78.0,23.1
2022-08-13T16:00,2022,Thane Mumbra,19.1906,73.0229,0.1,28.3,74.0,24.5
2022-08-13T17:00,2022,Thane Mumbra,19.1906,73.0229,0.2,27.6,79.0,19.6
2022-08-13T18:00,2022,Thane Mumbra,19.1906,73.0229,0.2,27.0,82.0,16.9
2022-08-13T19:00,2022,Thane Mumbra,19.1906,73.0229,0.2,26.1,84.0,16.1
2022-08-13T20:00,2022,Thane Mumbra,19.1906,73.0229,0.2,25.8,87.0,16.7
2022-08-13T21:00,2022,Thane Mumbra,19.1906,73.0229,0.4,25.3,88.0,16.9
2022-08-13T22:00,2022,Thane Mumbra,19.1906,73.0229,0.4,25.1,91.0,19.1
2022-08-13T23:00,2022,Thane Mumbra,19.1906,73.0229,0.5,25.4,89.0,17.9
2022-08-14T00:00,2022,Thane Mumbra,19.1906,73.0229,0.1,25.2,89.0,18.4
2022-08-14T01:00,2022,Thane Mumbra,19.1906,73.0229,0.3,24.8,92.0,17.3
2022-08-14T02:00,2022,Thane Mumbra,19.1906,73.0229,1.1,24.6,92.0,15.6
2022-08-14T03:00,2022,Thane Mumbra,19.1906,73.0229,0.7,24.8,91.0,14.8
2022-08-14T04:00,2022,Thane Mumbra,19.1906,73.0229,0.8,24.7,92.0,12.5
2022-08-14T05:00,2022,Thane Mumbra,19.1906,73.0229,0.5,24.7,92.0,13.6
2022-08-14T06:00,2022,Thane Mumbra,19.1906,73.0229,0.5,24.9,91.0,13.2
2022-08-14T07:00,2022,Thane Mumbra,19.1906,73.0229,0.1,25.8,87.0,15.3
2022-08-14T08:00,2022,Thane Mumbra,19.1906,73.0229,0.1,26.5,85.0,16.5
2022-08-14T09:00,2022,Thane Mumbra,19.1906,73.0229,0.0,27.5,78.0,20.9
2022-08-14T10:00,2022,Thane Mumbra,19.1906,73.0229,0.1,28.2,75.0,23.7
2022-08-14T11:00,2022,Thane Mumbra,19.1906,73.0229,0.1,28.1,76.0,22.5
2022-08-14T12:00,2022,Thane Mumbra,19.1906,73.0229,0.1,28.9,72.0,23.8
2022-08-14T13:00,2022,Thane Mumbra,19.1906,73.0229,0.5,28.3,77.0,22.1
2022-08-14T14:00,2022,Thane Mumbra,19.1906,73.0229,0.0,28.9,73.0,23.7
2022-08-14T15:00,2022,Thane Mumbra,19.1906,73.0229,0.3,28.4,77.0,23.0
2022-08-14T16:00,2022,Thane Mumbra,19.1906,73.0229,0.8,27.5,78.0,21.4
2022-08-14T17:00,2022,Thane Mumbra,19.1906,73.0229,0.2,26.3,85.0,17.4
2022-08-14T18:00,2022,Thane Mumbra,19.1906,73.0229,0.1,26.7,82.0,17.7
2022-08-14T19:00,2022,Thane Mumbra,19.1906,73.0229,0.1,26.3,82.0,16.0
2022-08-14T20:00,2022,Thane Mumbra,19.1906,73.0229,0.1,26.1,83.0,16.3
2022-08-14T21:00,2022,Thane Mumbra,19.1906,73.0229,0.2,26.3,83.0,16.5
2022-08-14T22:00,2022,Thane Mumbra,19.1906,73.0229,0.4,25.9,83.0,14.5
2022-08-14T23:00,2022,Thane Mumbra,19.1906,73.0229,1.4,24.3,93.0,13.4
2022-08-15T00:00,2022,Thane Mumbra,19.1906,73.0229,1.8,24.4,92.0,13.0
2022-08-15T01:00,2022,Thane Mumbra,19.1906,73.0229,0.4,25.0,91.0,13.6
2022-08-15T02:00,2022,Thane Mumbra,19.1906,73.0229,1.9,24.3,93.0,13.0
2022-08-15T03:00,2022,Thane Mumbra,19.1906,73.0229,2.3,24.2,95.0,12.9
2022-08-15T04:00,2022,Thane Mumbra,19.1906,73.0229,3.6,24.7,93.0,11.3
2022-08-15T05:00,2022,Thane Mumbra,19.1906,73.0229,0.4,24.7,92.0,14.1
2022-08-15T06:00,2022,Thane Mumbra,19.1906,73.0229,0.7,24.6,94.0,15.8
2022-08-15T07:00,2022,Thane Mumbra,19.1906,73.0229,4.3,24.7,94.0,10.5
2022-08-15T08:00,2022,Thane Mumbra,19.1906,73.0229,0.9,25.2,93.0,14.1
2022-08-15T09:00,2022,Thane Mumbra,19.1906,73.0229,2.0,25.6,92.0,16.4
2022-08-15T10:00,2022,Thane Mumbra,19.1906,73.0229,1.3,25.2,91.0,20.4
2022-08-15T11:00,2022,Thane Mumbra,19.1906,73.0229,0.7,26.8,88.0,15.9
2022-08-15T12:00,2022,Thane Mumbra,19.1906,73.0229,2.1,26.0,90.0,17.7
2022-08-15T13:00,2022,Thane Mumbra,19.1906,73.0229,1.3,25.6,92.0,14.7
2022-08-15T14:00,2022,Thane Mumbra,19.1906,73.0229,1.8,25.7,92.0,18.9
2022-08-15T15:00,2022,Thane Mumbra,19.1906,73.0229,2.2,24.6,93.0,16.7
2022-08-15T16:00,2022,Thane Mumbra,19.1906,73.0229,1.5,25.1,90.0,19.2
2022-08-15T17:00,2022,Thane Mumbra,19.1906,73.0229,2.4,25.2,93.0,16.0
2022-08-15T18:00,2022,Thane Mumbra,19.1906,73.0229,1.4,24.7,93.0,16.1
2022-08-15T19:00,2022,Thane Mumbra,19.1906,73.0229,0.8,24.7,93.0,11.1
2022-08-15T20:00,2022,Thane Mumbra,19.1906,73.0229,0.3,24.8,92.0,12.8
2022-08-15T21:00,2022,Thane Mumbra,19.1906,73.0229,0.2,24.9,92.0,13.6
2022-08-15T22:00,2022,Thane Mumbra,19.1906,73.0229,0.6,24.7,92.0,12.1
2022-08-15T23:00,2022,Thane Mumbra,19.1906,73.0229,0.4,24.7,92.0,14.3
2022-08-16T00:00,2022,Thane Mumbra,19.1906,73.0229,1.0,24.6,93.0,14.8
2022-08-16T01:00,2022,Thane Mumbra,19.1906,73.0229,0.7,24.7,93.0,12.5
2022-08-16T02:00,2022,Thane Mumbra,19.1906,73.0229,1.4,24.5,93.0,15.9
2022-08-16T03:00,2022,Thane Mumbra,19.1906,73.0229,1.3,24.5,94.0,16.1
2022-08-16T04:00,2022,Thane Mumbra,19.1906,73.0229,1.3,24.4,93.0,18.1
2022-08-16T05:00,2022,Thane Mumbra,19.1906,73.0229,1.6,24.7,92.0,16.1
2022-08-16T06:00,2022,Thane Mumbra,19.1906,73.0229,2.6,24.7,92.0,17.9
2022-08-16T07:00,2022,Thane Mumbra,19.1906,73.0229,3.0,24.8,93.0,18.4
2022-08-16T08:00,2022,Thane Mumbra,19.1906,73.0229,2.0,24.9,94.0,20.4
2022-08-16T09:00,2022,Thane Mumbra,19.1906,73.0229,3.8,25.3,93.0,18.6
2022-08-16T10:00,2022,Thane Mumbra,19.1906,73.0229,3.8,25.0,93.0,24.7
2022-08-16T11:00,2022,Thane Mumbra,19.1906,73.0229,3.0,25.6,93.0,21.1
2022-08-16T12:00,2022,Thane Mumbra,19.1906,73.0229,9.0,25.4,93.0,20.9
2022-08-16T13:00,2022,Thane Mumbra,19.1906,73.0229,9.4,25.0,92.0,23.3
2022-08-16T14:00,2022,Thane Mumbra,19.1906,73.0229,4.9,25.2,93.0,20.9
2022-08-16T15:00,2022,Thane Mumbra,19.1906,73.0229,1.5,25.0,92.0,23.5
2022-08-16T16:00,2022,Thane Mumbra,19.1906,73.0229,1.6,25.3,90.0,22.1
2022-08-16T17:00,2022,Thane Mumbra,19.1906,73.0229,0.8,26.0,90.0,20.5
2022-08-16T18:00,2022,Thane Mumbra,19.1906,73.0229,0.4,25.6,88.0,19.5
2022-08-16T19:00,2022,Thane Mumbra,19.1906,73.0229,0.6,25.0,92.0,16.6
2022-08-16T20:00,2022,Thane Mumbra,19.1906,73.0229,0.5,25.1,91.0,17.6
2022-08-16T21:00,2022,Thane Mumbra,19.1906,73.0229,0.3,24.5,93.0,18.2
2022-08-16T22:00,2022,Thane Mumbra,19.1906,73.0229,0.2,25.2,89.0,17.3
2022-08-16T23:00,2022,Thane Mumbra,19.1906,73.0229,0.8,24.8,92.0,17.6
2022-08-17T00:00,2022,Thane Mumbra,19.1906,73.0229,0.8,24.7,91.0,18.2
2022-08-17T01:00,2022,Thane Mumbra,19.1906,73.0229,0.7,24.9,92.0,18.4
2022-08-17T02:00,2022,Thane Mumbra,19.1906,73.0229,1.4,24.5,93.0,17.9
2022-08-17T03:00,2022,Thane Mumbra,19.1906,73.0229,0.5,24.5,93.0,18.8
2022-08-17T04:00,2022,Thane Mumbra,19.1906,73.0229,1.3,24.6,92.0,16.1
2022-08-17T05:00,2022,Thane Mumbra,19.1906,73.0229,1.2,24.8,90.0,16.9
2022-08-17T06:00,2022,Thane Mumbra,19.1906,73.0229,0.8,24.6,93.0,17.6
2022-08-17T07:00,2022,Thane Mumbra,19.1906,73.0229,0.2,25.3,90.0,18.1
2022-08-17T08:00,2022,Thane Mumbra,19.1906,73.0229,0.7,25.3,90.0,19.7
2022-08-17T09:00,2022,Thane Mumbra,19.1906,73.0229,0.9,25.3,90.0,20.6
2022-08-17T10:00,2022,Thane Mumbra,19.1906,73.0229,0.7,26.3,85.0,22.4
2022-08-17T11:00,2022,Thane Mumbra,19.1906,73.0229,0.4,27.0,82.0,23.6
2022-08-17T12:00,2022,Thane Mumbra,19.1906,73.0229,0.6,28.0,75.0,27.3
2022-08-17T13:00,2022,Thane Mumbra,19.1906,73.0229,1.2,26.6,81.0,23.4
2022-08-17T14:00,2022,Thane Mumbra,19.1906,73.0229,1.0,26.6,82.0,23.5
2022-08-17T15:00,2022,Thane Mumbra,19.1906,73.0229,0.6,26.3,84.0,18.6
2022-08-17T16:00,2022,Thane Mumbra,19.1906,73.0229,0.9,25.5,90.0,22.5
2022-08-17T17:00,2022,Thane Mumbra,19.1906,73.0229,0.4,26.0,88.0,15.6
2022-08-17T18:00,2022,Thane Mumbra,19.1906,73.0229,0.5,25.8,89.0,15.9
2022-08-17T19:00,2022,Thane Mumbra,19.1906,73.0229,0.7,24.8,93.0,11.8
2022-08-17T20:00,2022,Thane Mumbra,19.1906,73.0229,0.8,25.0,91.0,15.3
2022-08-17T21:00,2022,Thane Mumbra,19.1906,73.0229,1.0,24.9,92.0,15.6
2022-08-17T22:00,2022,Thane Mumbra,19.1906,73.0229,0.7,24.8,92.0,14.0
2022-08-17T23:00,2022,Thane Mumbra,19.1906,73.0229,0.6,24.7,93.0,14.3
2022-08-18T00:00,2022,Thane Mumbra,19.1906,73.0229,0.5,24.8,92.0,12.5
2022-08-18T01:00,2022,Thane Mumbra,19.1906,73.0229,1.0,24.9,90.0,12.6
2022-08-18T02:00,2022,Thane Mumbra,19.1906,73.0229,1.7,24.6,92.0,15.6
2022-08-18T03:00,2022,Thane Mumbra,19.1906,73.0229,0.9,24.5,93.0,16.5
2022-08-18T04:00,2022,Thane Mumbra,19.1906,73.0229,0.5,24.6,92.0,13.8
2022-08-18T05:00,2022,Thane Mumbra,19.1906,73.0229,0.4,24.8,91.0,13.4
2022-08-18T06:00,2022,Thane Mumbra,19.1906,73.0229,1.4,24.6,94.0,13.6
2022-08-18T07:00,2022,Thane Mumbra,19.1906,73.0229,0.5,25.2,90.0,15.5
2022-08-18T08:00,2022,Thane Mumbra,19.1906,73.0229,0.8,26.4,87.0,16.7
2022-08-18T09:00,2022,Thane Mumbra,19.1906,73.0229,0.7,26.9,84.0,17.5
2022-08-18T10:00,2022,Thane Mumbra,19.1906,73.0229,0.3,27.3,82.0,19.7
2022-08-18T11:00,2022,Thane Mumbra,19.1906,73.0229,0.5,27.0,80.0,21.0
2022-08-18T12:00,2022,Thane Mumbra,19.1906,73.0229,0.1,28.2,78.0,22.1
2022-08-18T13:00,2022,Thane Mumbra,19.1906,73.0229,0.7,28.3,78.0,21.1
2022-08-18T14:00,2022,Thane Mumbra,19.1906,73.0229,1.1,28.2,80.0,20.0
2022-08-18T15:00,2022,Thane Mumbra,19.1906,73.0229,0.5,27.9,79.0,20.0
2022-08-18T16:00,2022,Thane Mumbra,19.1906,73.0229,0.5,27.0,81.0,19.0
2022-08-18T17:00,2022,Thane Mumbra,19.1906,73.0229,0.0,26.4,84.0,14.3
2022-08-18T18:00,2022,Thane Mumbra,19.1906,73.0229,0.3,26.2,85.0,12.1
2022-08-18T19:00,2022,Thane Mumbra,19.1906,73.0229,0.0,26.0,88.0,11.2
2022-08-18T20:00,2022,Thane Mumbra,19.1906,73.0229,0.0,25.9,86.0,11.7
2022-08-18T21:00,2022,Thane Mumbra,19.1906,73.0229,0.0,25.8,86.0,11.5
2022-08-18T22:00,2022,Thane Mumbra,19.1906,73.0229,0.0,25.7,86.0,12.6
2022-08-18T23:00,2022,Thane Mumbra,19.1906,73.0229,0.0,25.7,86.0,12.0
2022-08-19T00:00,2022,Thane Mumbra,19.1906,73.0229,0.0,25.7,86.0,12.4
2022-08-19T01:00,2022,Thane Mumbra,19.1906,73.0229,0.1,25.4,87.0,12.8
2022-08-19T02:00,2022,Thane Mumbra,19.1906,73.0229,0.8,24.9,89.0,12.4
2022-08-19T03:00,2022,Thane Mumbra,19.1906,73.0229,0.4,24.6,93.0,10.9
2022-08-19T04:00,2022,Thane Mumbra,19.1906,73.0229,0.4,24.5,92.0,10.9
2022-08-19T05:00,2022,Thane Mumbra,19.1906,73.0229,0.3,24.2,92.0,10.4
2022-08-19T06:00,2022,Thane Mumbra,19.1906,73.0229,0.2,24.4,93.0,9.0
2022-08-19T07:00,2022,Thane Mumbra,19.1906,73.0229,0.4,25.2,91.0,10.9
2022-08-19T08:00,2022,Thane Mumbra,19.1906,73.0229,0.2,26.0,86.0,17.1
2022-08-19T09:00,2022,Thane Mumbra,19.1906,73.0229,0.5,26.1,86.0,17.3
2022-08-19T10:00,2022,Thane Mumbra,19.1906,73.0229,0.4,26.6,85.0,15.3
2022-08-19T11:00,2022,Thane Mumbra,19.1906,73.0229,1.5,26.3,84.0,17.8
2022-08-19T12:00,2022,Thane Mumbra,19.1906,73.0229,0.7,27.7,83.0,16.1
2022-08-19T13:00,2022,Thane Mumbra,19.1906,73.0229,0.1,28.6,75.0,21.3
2022-08-19T14:00,2022,Thane Mumbra,19.1906,73.0229,1.3,27.3,83.0,16.8
2022-08-19T15:00,2022,Thane Mumbra,19.1906,73.0229,0.1,28.0,76.0,19.6
2022-08-19T16:00,2022,Thane Mumbra,19.1906,73.0229,0.4,27.7,78.0,18.9
2022-08-19T17:00,2022,Thane Mumbra,19.1906,73.0229,0.7,26.7,82.0,15.5
2022-08-19T18:00,2022,Thane Mumbra,19.1906,73.0229,0.5,25.3,91.0,11.0
2022-08-19T19:00,2022,Thane Mumbra,19.1906,73.0229,0.3,25.1,92.0,9.5
2022-08-19T20:00,2022,Thane Mumbra,19.1906,73.0229,0.4,25.1,92.0,9.5
2022-08-19T21:00,2022,Thane Mumbra,19.1906,73.0229,0.4,25.0,93.0,7.6
2022-08-19T22:00,2022,Thane Mumbra,19.1906,73.0229,0.3,25.0,94.0,9.0
2022-08-19T23:00,2022,Thane Mumbra,19.1906,73.0229,0.3,24.9,94.0,8.2
2022-08-20T00:00,2022,Thane Mumbra,19.1906,73.0229,0.4,24.8,94.0,9.7
2022-08-20T01:00,2022,Thane Mumbra,19.1906,73.0229,0.1,24.9,93.0,8.9
2022-08-20T02:00,2022,Thane Mumbra,19.1906,73.0229,0.2,24.8,92.0,7.7
2022-08-20T03:00,2022,Thane Mumbra,19.1906,73.0229,0.5,24.8,90.0,9.2
2022-08-20T04:00,2022,Thane Mumbra,19.1906,73.0229,0.1,24.8,91.0,9.2
2022-08-20T05:00,2022,Thane Mumbra,19.1906,73.0229,0.1,24.8,93.0,6.4
2022-08-20T06:00,2022,Thane Mumbra,19.1906,73.0229,0.1,25.0,94.0,6.1
2022-08-20T07:00,2022,Thane Mumbra,19.1906,73.0229,0.1,25.6,91.0,8.2
2022-08-20T08:00,2022,Thane Mumbra,19.1906,73.0229,0.2,26.8,86.0,11.8
2022-08-20T09:00,2022,Thane Mumbra,19.1906,73.0229,0.1,27.2,82.0,13.2
2022-08-20T10:00,2022,Thane Mumbra,19.1906,73.0229,0.0,27.9,80.0,13.2
2022-08-20T11:00,2022,Thane Mumbra,19.1906,73.0229,0.4,28.3,76.0,16.9
2022-08-20T12:00,2022,Thane Mumbra,19.1906,73.0229,0.4,28.4,79.0,17.2
2022-08-20T13:00,2022,Thane Mumbra,19.1906,73.0229,0.0,28.4,77.0,18.7
2022-08-20T14:00,2022,Thane Mumbra,19.1906,73.0229,0.1,28.5,75.0,19.5
2022-08-20T15:00,2022,Thane Mumbra,19.1906,73.0229,0.4,27.7,81.0,18.1
2022-08-20T16:00,2022,Thane Mumbra,19.1906,73.0229,0.4,27.1,79.0,18.4
2022-08-20T17:00,2022,Thane Mumbra,19.1906,73.0229,0.8,26.5,85.0,13.9
2022-08-20T18:00,2022,Thane Mumbra,19.1906,73.0229,0.1,26.3,84.0,12.0
2022-08-20T19:00,2022,Thane Mumbra,19.1906,73.0229,0.2,25.8,86.0,8.7
2022-08-20T20:00,2022,Thane Mumbra,19.1906,73.0229,0.2,25.3,90.0,7.7
2022-08-20T21:00,2022,Thane Mumbra,19.1906,73.0229,0.1,25.1,91.0,6.7
2022-08-20T22:00,2022,Thane Mumbra,19.1906,73.0229,0.2,25.2,91.0,8.1
2022-08-20T23:00,2022,Thane Mumbra,19.1906,73.0229,0.1,24.9,93.0,7.4
2022-08-21T00:00,2022,Thane Mumbra,19.1906,73.0229,0.1,24.6,94.0,8.7
2022-08-21T01:00,2022,Thane Mumbra,19.1906,73.0229,0.1,24.6,94.0,10.1
2022-08-21T02:00,2022,Thane Mumbra,19.1906,73.0229,0.1,24.6,94.0,9.2
2022-08-21T03:00,2022,Thane Mumbra,19.1906,73.0229,0.1,24.5,94.0,8.7
2022-08-21T04:00,2022,Thane Mumbra,19.1906,73.0229,0.1,24.5,93.0,8.1
2022-08-21T05:00,2022,Thane Mumbra,19.1906,73.0229,0.1,24.6,92.0,7.2
2022-08-21T06:00,2022,Thane Mumbra,19.1906,73.0229,0.1,24.8,92.0,6.6
2022-08-21T07:00,2022,Thane Mumbra,19.1906,73.0229,0.1,25.6,90.0,9.2
2022-08-21T08:00,2022,Thane Mumbra,19.1906,73.0229,0.1,26.5,84.0,10.5
2022-08-21T09:00,2022,Thane Mumbra,19.1906,73.0229,0.3,26.7,83.0,9.5
2022-08-21T10:00,2022,Thane Mumbra,19.1906,73.0229,0.2,26.8,84.0,14.2
2022-08-21T11:00,2022,Thane Mumbra,19.1906,73.0229,0.2,27.7,76.0,16.1
2022-08-21T12:00,2022,Thane Mumbra,19.1906,73.0229,0.8,27.7,82.0,15.8
2022-08-21T13:00,2022,Thane Mumbra,19.1906,73.0229,0.0,28.8,74.0,17.9
2022-08-21T14:00,2022,Thane Mumbra,19.1906,73.0229,0.3,27.7,79.0,19.0
2022-08-21T15:00,2022,Thane Mumbra,19.1906,73.0229,0.1,27.8,80.0,16.7
2022-08-21T16:00,2022,Thane Mumbra,19.1906,73.0229,0.1,27.5,82.0,16.3
2022-08-21T17:00,2022,Thane Mumbra,19.1906,73.0229,0.1,26.9,81.0,13.3
2022-08-21T18:00,2022,Thane Mumbra,19.1906,73.0229,0.1,26.3,84.0,10.9
2022-08-21T19:00,2022,Thane Mumbra,19.1906,73.0229,0.2,25.9,85.0,9.9
2022-08-21T20:00,2022,Thane Mumbra,19.1906,73.0229,0.2,25.9,86.0,10.3
2022-08-21T21:00,2022,Thane Mumbra,19.1906,73.0229,0.2,25.7,86.0,10.0
2022-08-21T22:00,2022,Thane Mumbra,19.1906,73.0229,0.2,25.5,88.0,10.3
2022-08-21T23:00,2022,Thane Mumbra,19.1906,73.0229,0.0,25.2,91.0,11.0
2022-08-22T00:00,2022,Thane Mumbra,19.1906,73.0229,0.0,25.0,92.0,9.9
2022-08-22T01:00,2022,Thane Mumbra,19.1906,73.0229,0.0,24.8,92.0,9.2
2022-08-22T02:00,2022,Thane Mumbra,19.1906,73.0229,0.1,24.8,92.0,8.2
2022-08-22T03:00,2022,Thane Mumbra,19.1906,73.0229,0.2,25.0,91.0,12.2
2022-08-22T04:00,2022,Thane Mumbra,19.1906,73.0229,0.1,24.9,91.0,11.5
2022-08-22T05:00,2022,Thane Mumbra,19.1906,73.0229,0.3,25.0,90.0,12.7
2022-08-22T06:00,2022,Thane Mumbra,19.1906,73.0229,0.4,24.8,91.0,12.3
2022-08-22T07:00,2022,Thane Mumbra,19.1906,73.0229,0.2,25.3,91.0,14.8
2022-08-22T08:00,2022,Thane Mumbra,19.1906,73.0229,0.3,25.9,89.0,14.1
2022-08-22T09:00,2022,Thane Mumbra,19.1906,73.0229,0.1,26.9,83.0,15.1
2022-08-22T10:00,2022,Thane Mumbra,19.1906,73.0229,0.9,26.7,85.0,15.1
2022-08-22T11:00,2022,Thane Mumbra,19.1906,73.0229,0.7,26.6,85.0,13.4
2022-08-22T12:00,2022,Thane Mumbra,19.1906,73.0229,0.5,26.5,84.0,13.1
2022-08-22T13:00,2022,Thane Mumbra,19.1906,73.0229,1.0,26.5,83.0,16.6
2022-08-22T14:00,2022,Thane Mumbra,19.1906,73.0229,0.7,26.0,85.0,17.3
2022-08-22T15:00,2022,Thane Mumbra,19.1906,73.0229,0.3,26.7,85.0,16.2
2022-08-22T16:00,2022,Thane Mumbra,19.1906,73.0229,0.1,26.9,83.0,14.1
2022-08-22T17:00,2022,Thane Mumbra,19.1906,73.0229,0.4,26.7,84.0,11.5
2022-08-22T18:00,2022,Thane Mumbra,19.1906,73.0229,0.8,25.4,89.0,9.6
2022-08-22T19:00,2022,Thane Mumbra,19.1906,73.0229,0.1,25.1,92.0,7.9
2022-08-22T20:00,2022,Thane Mumbra,19.1906,73.0229,0.0,25.5,92.0,10.4
2022-08-22T21:00,2022,Thane Mumbra,19.1906,73.0229,0.0,25.4,92.0,10.8
2022-08-22T22:00,2022,Thane Mumbra,19.1906,73.0229,0.1,25.4,92.0,11.0
2022-08-22T23:00,2022,Thane Mumbra,19.1906,73.0229,0.1,25.2,92.0,10.2
2022-08-23T00:00,2022,Thane Mumbra,19.1906,73.0229,0.2,25.0,92.0,13.4
2022-08-23T01:00,2022,Thane Mumbra,19.1906,73.0229,0.3,24.9,93.0,11.8
2022-08-23T02:00,2022,Thane Mumbra,19.1906,73.0229,0.2,25.1,92.0,11.1
2022-08-23T03:00,2022,Thane Mumbra,19.1906,73.0229,0.3,24.9,93.0,11.8
2022-08-23T04:00,2022,Thane Mumbra,19.1906,73.0229,0.3,24.6,94.0,12.5
2022-08-23T05:00,2022,Thane Mumbra,19.1906,73.0229,0.3,24.6,93.0,9.1
2022-08-23T06:00,2022,Thane Mumbra,19.1906,73.0229,0.5,24.6,95.0,10.2
2022-08-23T07:00,2022,Thane Mumbra,19.1906,73.0229,0.3,24.8,94.0,11.8
2022-08-23T08:00,2022,Thane Mumbra,19.1906,73.0229,0.2,25.6,89.0,13.0
2022-08-23T09:00,2022,Thane Mumbra,19.1906,73.0229,0.2,25.7,88.0,15.6
2022-08-23T10:00,2022,Thane Mumbra,19.1906,73.0229,0.4,25.8,84.0,18.0
2022-08-23T11:00,2022,Thane Mumbra,19.1906,73.0229,0.1,27.2,82.0,15.8
2022-08-23T12:00,2022,Thane Mumbra,19.1906,73.0229,0.0,27.6,79.0,17.7
2022-08-23T13:00,2022,Thane Mumbra,19.1906,73.0229,0.2,27.3,79.0,18.3
2022-08-23T14:00,2022,Thane Mumbra,19.1906,73.0229,0.1,27.3,80.0,19.4
2022-08-23T15:00,2022,Thane Mumbra,19.1906,73.0229,0.1,27.3,80.0,17.7
2022-08-23T16:00,2022,Thane Mumbra,19.1906,73.0229,0.2,27.1,79.0,19.6
2022-08-23T17:00,2022,Thane Mumbra,19.1906,73.0229,0.3,26.4,85.0,14.4
2022-08-23T18:00,2022,Thane Mumbra,19.1906,73.0229,0.1,26.4,85.0,13.7
2022-08-23T19:00,2022,Thane Mumbra,19.1906,73.0229,0.1,25.7,87.0,11.6
2022-08-23T20:00,2022,Thane Mumbra,19.1906,73.0229,0.2,25.5,88.0,12.9
2022-08-23T21:00,2022,Thane Mumbra,19.1906,73.0229,0.3,25.5,89.0,15.1
2022-08-23T22:00,2022,Thane Mumbra,19.1906,73.0229,0.7,24.8,94.0,12.7
2022-08-23T23:00,2022,Thane Mumbra,19.1906,73.0229,0.3,25.1,93.0,14.8
2022-08-24T00:00,2022,Thane Mumbra,19.1906,73.0229,0.9,24.4,94.0,10.8
2022-08-24T01:00,2022,Thane Mumbra,19.1906,73.0229,0.5,24.9,93.0,14.5
2022-08-24T02:00,2022,Thane Mumbra,19.1906,73.0229,0.7,24.7,94.0,14.5
2022-08-24T03:00,2022,Thane Mumbra,19.1906,73.0229,0.5,24.5,94.0,14.6
2022-08-24T04:00,2022,Thane Mumbra,19.1906,73.0229,0.3,24.4,94.0,12.7
2022-08-24T05:00,2022,Thane Mumbra,19.1906,73.0229,0.2,24.7,93.0,11.3
2022-08-24T06:00,2022,Thane Mumbra,19.1906,73.0229,0.5,24.5,95.0,8.5
2022-08-24T07:00,2022,Thane Mumbra,19.1906,73.0229,0.4,24.7,94.0,13.0
2022-08-24T08:00,2022,Thane Mumbra,19.1906,73.0229,0.2,25.7,89.0,13.0
2022-08-24T09:00,2022,Thane Mumbra,19.1906,73.0229,0.3,26.0,88.0,13.6
2022-08-24T10:00,2022,Thane Mumbra,19.1906,73.0229,0.0,27.2,82.0,15.4
2022-08-24T11:00,2022,Thane Mumbra,19.1906,73.0229,0.8,27.4,82.0,14.7
2022-08-24T12:00,2022,Thane Mumbra,19.1906,73.0229,0.4,27.4,79.0,17.9
2022-08-24T13:00,2022,Thane Mumbra,19.1906,73.0229,0.6,27.2,77.0,17.2
2022-08-24T14:00,2022,Thane Mumbra,19.1906,73.0229,0.1,27.9,78.0,16.6
2022-08-24T15:00,2022,Thane Mumbra,19.1906,73.0229,0.2,28.0,74.0,18.1
2022-08-24T16:00,2022,Thane Mumbra,19.1906,73.0229,0.4,27.7,77.0,15.3
2022-08-24T17:00,2022,Thane Mumbra,19.1906,73.0229,0.4,26.5,83.0,11.5
2022-08-24T18:00,2022,Thane Mumbra,19.1906,73.0229,0.1,25.8,85.0,13.5
2022-08-24T19:00,2022,Thane Mumbra,19.1906,73.0229,0.3,25.2,87.0,7.1
2022-08-24T20:00,2022,Thane Mumbra,19.1906,73.0229,0.3,25.3,89.0,7.3
2022-08-24T21:00,2022,Thane Mumbra,19.1906,73.0229,0.4,25.0,93.0,10.1
2022-08-24T22:00,2022,Thane Mumbra,19.1906,73.0229,0.6,24.7,94.0,8.6
2022-08-24T23:00,2022,Thane Mumbra,19.1906,73.0229,0.3,24.5,95.0,9.8
2022-08-25T00:00,2022,Thane Mumbra,19.1906,73.0229,0.2,24.7,94.0,8.3
2022-08-25T01:00,2022,Thane Mumbra,19.1906,73.0229,0.7,24.3,94.0,10.0
2022-08-25T02:00,2022,Thane Mumbra,19.1906,73.0229,0.3,24.3,95.0,9.7
2022-08-25T03:00,2022,Thane Mumbra,19.1906,73.0229,0.4,24.3,94.0,9.6
2022-08-25T04:00,2022,Thane Mumbra,19.1906,73.0229,0.2,24.1,95.0,8.4
2022-08-25T05:00,2022,Thane Mumbra,19.1906,73.0229,0.2,24.3,94.0,5.0
2022-08-25T06:00,2022,Thane Mumbra,19.1906,73.0229,0.2,24.5,94.0,7.9
2022-08-25T07:00,2022,Thane Mumbra,19.1906,73.0229,0.2,24.8,92.0,11.2
2022-08-25T08:00,2022,Thane Mumbra,19.1906,73.0229,0.1,25.5,89.0,9.8
2022-08-25T09:00,2022,Thane Mumbra,19.1906,73.0229,0.3,26.1,86.0,11.0
2022-08-25T10:00,2022,Thane Mumbra,19.1906,73.0229,0.3,26.3,83.0,13.0
2022-08-25T11:00,2022,Thane Mumbra,19.1906,73.0229,0.3,27.4,81.0,12.2
2022-08-25T12:00,2022,Thane Mumbra,19.1906,73.0229,0.1,28.7,75.0,14.8
2022-08-25T13:00,2022,Thane Mumbra,19.1906,73.0229,0.8,27.6,81.0,14.0
2022-08-25T14:00,2022,Thane Mumbra,19.1906,73.0229,0.5,27.3,79.0,13.5
2022-08-25T15:00,2022,Thane Mumbra,19.1906,73.0229,0.1,27.7,79.0,13.0
2022-08-25T16:00,2022,Thane Mumbra,19.1906,73.0229,0.1,27.3,78.0,12.4
2022-08-25T17:00,2022,Thane Mumbra,19.1906,73.0229,0.2,26.9,80.0,11.4
2022-08-25T18:00,2022,Thane Mumbra,19.1906,73.0229,0.2,26.0,86.0,7.4
2022-08-25T19:00,2022,Thane Mumbra,19.1906,73.0229,0.0,25.3,90.0,4.5
2022-08-25T20:00,2022,Thane Mumbra,19.1906,73.0229,0.0,25.0,92.0,5.4
2022-08-25T21:00,2022,Thane Mumbra,19.1906,73.0229,0.0,24.9,93.0,6.5
2022-08-25T22:00,2022,Thane Mumbra,19.1906,73.0229,0.0,24.6,94.0,5.5
2022-08-25T23:00,2022,Thane Mumbra,19.1906,73.0229,0.2,24.6,93.0,6.4
2022-08-26T00:00,2022,Thane Mumbra,19.1906,73.0229,0.1,24.4,94.0,4.5
2022-08-26T01:00,2022,Thane Mumbra,19.1906,73.0229,0.2,24.4,93.0,6.8
2022-08-26T02:00,2022,Thane Mumbra,19.1906,73.0229,0.1,24.4,92.0,5.5
2022-08-26T03:00,2022,Thane Mumbra,19.1906,73.0229,0.0,24.1,94.0,5.9
2022-08-26T04:00,2022,Thane Mumbra,19.1906,73.0229,0.0,23.8,95.0,4.3
2022-08-26T05:00,2022,Thane Mumbra,19.1906,73.0229,0.1,23.9,96.0,3.6
2022-08-26T06:00,2022,Thane Mumbra,19.1906,73.0229,0.1,24.2,91.0,5.2
2022-08-26T07:00,2022,Thane Mumbra,19.1906,73.0229,0.1,24.9,89.0,5.2
2022-08-26T08:00,2022,Thane Mumbra,19.1906,73.0229,0.1,25.8,86.0,6.5
2022-08-26T09:00,2022,Thane Mumbra,19.1906,73.0229,0.0,26.9,82.0,7.9
2022-08-26T10:00,2022,Thane Mumbra,19.1906,73.0229,0.1,27.5,78.0,9.3
2022-08-26T11:00,2022,Thane Mumbra,19.1906,73.0229,0.1,28.1,75.0,10.2
2022-08-26T12:00,2022,Thane Mumbra,19.1906,73.0229,0.0,29.1,71.0,10.9
2022-08-26T13:00,2022,Thane Mumbra,19.1906,73.0229,0.1,28.2,72.0,12.2
2022-08-26T14:00,2022,Thane Mumbra,19.1906,73.0229,0.1,28.7,76.0,12.0
2022-08-26T15:00,2022,Thane Mumbra,19.1906,73.0229,0.1,28.6,75.0,13.2
2022-08-26T16:00,2022,Thane Mumbra,19.1906,73.0229,0.0,28.3,76.0,13.9
2022-08-26T17:00,2022,Thane Mumbra,19.1906,73.0229,0.0,28.0,75.0,11.9
2022-08-26T18:00,2022,Thane Mumbra,19.1906,73.0229,0.0,27.1,80.0,7.6
2022-08-26T19:00,2022,Thane Mumbra,19.1906,73.0229,0.0,26.0,85.0,5.0
2022-08-26T20:00,2022,Thane Mumbra,19.1906,73.0229,0.0,25.0,91.0,5.0
2022-08-26T21:00,2022,Thane Mumbra,19.1906,73.0229,0.0,24.8,93.0,5.1
2022-08-26T22:00,2022,Thane Mumbra,19.1906,73.0229,0.0,24.8,92.0,4.0
2022-08-26T23:00,2022,Thane Mumbra,19.1906,73.0229,0.0,24.1,96.0,4.3
2022-08-27T00:00,2022,Thane Mumbra,19.1906,73.0229,0.0,24.1,96.0,4.2
2022-08-27T01:00,2022,Thane Mumbra,19.1906,73.0229,0.1,23.9,96.0,5.0
2022-08-27T02:00,2022,Thane Mumbra,19.1906,73.0229,0.0,24.2,95.0,3.6
2022-08-27T03:00,2022,Thane Mumbra,19.1906,73.0229,0.1,24.6,94.0,3.3
2022-08-27T04:00,2022,Thane Mumbra,19.1906,73.0229,0.1,24.7,92.0,3.3
2022-08-27T05:00,2022,Thane Mumbra,19.1906,73.0229,0.3,24.3,95.0,3.0
2022-08-27T06:00,2022,Thane Mumbra,19.1906,73.0229,0.2,24.6,91.0,2.6
2022-08-27T07:00,2022,Thane Mumbra,19.1906,73.0229,0.1,25.1,87.0,5.9
2022-08-27T08:00,2022,Thane Mumbra,19.1906,73.0229,0.0,25.7,87.0,4.1
2022-08-27T09:00,2022,Thane Mumbra,19.1906,73.0229,0.0,26.7,83.0,5.2
2022-08-27T10:00,2022,Thane Mumbra,19.1906,73.0229,0.1,27.8,77.0,5.4
2022-08-27T11:00,2022,Thane Mumbra,19.1906,73.0229,0.5,28.0,75.0,6.7
2022-08-27T12:00,2022,Thane Mumbra,19.1906,73.0229,0.4,28.8,74.0,8.5
2022-08-27T13:00,2022,Thane Mumbra,19.1906,73.0229,0.3,29.0,71.0,10.5
2022-08-27T14:00,2022,Thane Mumbra,19.1906,73.0229,0.2,29.2,69.0,13.0
2022-08-27T15:00,2022,Thane Mumbra,19.1906,73.0229,0.0,29.1,69.0,14.6
2022-08-27T16:00,2022,Thane Mumbra,19.1906,73.0229,0.0,28.6,71.0,15.0
2022-08-27T17:00,2022,Thane Mumbra,19.1906,73.0229,0.0,27.9,75.0,13.6
2022-08-27T18:00,2022,Thane Mumbra,19.1906,73.0229,0.0,26.9,79.0,8.7
2022-08-27T19:00,2022,Thane Mumbra,19.1906,73.0229,0.0,25.8,85.0,5.1
2022-08-27T20:00,2022,Thane Mumbra,19.1906,73.0229,0.0,25.1,91.0,5.5
2022-08-27T21:00,2022,Thane Mumbra,19.1906,73.0229,0.0,25.2,89.0,4.5
2022-08-27T22:00,2022,Thane Mumbra,19.1906,73.0229,0.0,26.0,85.0,2.9
2022-08-27T23:00,2022,Thane Mumbra,19.1906,73.0229,0.0,25.6,87.0,2.3
2022-08-28T00:00,2022,Thane Mumbra,19.1906,73.0229,0.0,24.2,95.0,4.5
2022-08-28T01:00,2022,Thane Mumbra,19.1906,73.0229,0.1,24.2,95.0,4.2
2022-08-28T02:00,2022,Thane Mumbra,19.1906,73.0229,0.1,24.1,95.0,3.1
2022-08-28T03:00,2022,Thane Mumbra,19.1906,73.0229,0.0,23.8,96.0,4.0
2022-08-28T04:00,2022,Thane Mumbra,19.1906,73.0229,0.0,23.3,97.0,4.3
2022-08-28T05:00,2022,Thane Mumbra,19.1906,73.0229,0.2,24.0,94.0,4.8
2022-08-28T06:00,2022,Thane Mumbra,19.1906,73.0229,0.0,24.5,92.0,1.6
2022-08-28T07:00,2022,Thane Mumbra,19.1906,73.0229,0.0,25.1,88.0,1.6
2022-08-28T08:00,2022,Thane Mumbra,19.1906,73.0229,0.1,26.0,84.0,0.8
2022-08-28T09:00,2022,Thane Mumbra,19.1906,73.0229,0.1,27.0,80.0,4.7
2022-08-28T10:00,2022,Thane Mumbra,19.1906,73.0229,0.1,27.5,79.0,5.4
2022-08-28T11:00,2022,Thane Mumbra,19.1906,73.0229,0.2,28.5,76.0,5.8
2022-08-28T12:00,2022,Thane Mumbra,19.1906,73.0229,0.1,29.1,74.0,8.3
2022-08-28T13:00,2022,Thane Mumbra,19.1906,73.0229,0.3,29.3,73.0,10.2
2022-08-28T14:00,2022,Thane Mumbra,19.1906,73.0229,0.2,29.3,72.0,13.3
2022-08-28T15:00,2022,Thane Mumbra,19.1906,73.0229,0.1,28.9,72.0,14.8
2022-08-28T16:00,2022,Thane Mumbra,19.1906,73.0229,0.0,28.5,73.0,14.3
2022-08-28T17:00,2022,Thane Mumbra,19.1906,73.0229,0.0,27.8,77.0,12.9
2022-08-28T18:00,2022,Thane Mumbra,19.1906,73.0229,0.0,27.0,80.0,8.5
2022-08-28T19:00,2022,Thane Mumbra,19.1906,73.0229,0.0,25.8,88.0,4.3
2022-08-28T20:00,2022,Thane Mumbra,19.1906,73.0229,0.0,25.4,91.0,4.7
2022-08-28T21:00,2022,Thane Mumbra,19.1906,73.0229,0.0,24.8,94.0,5.4
2022-08-28T22:00,2022,Thane Mumbra,19.1906,73.0229,0.0,25.3,91.0,4.8
2022-08-28T23:00,2022,Thane Mumbra,19.1906,73.0229,0.0,25.6,90.0,2.5
2022-08-29T00:00,2022,Thane Mumbra,19.1906,73.0229,0.0,25.4,91.0,1.9
2022-08-29T01:00,2022,Thane Mumbra,19.1906,73.0229,0.0,24.9,92.0,0.5
2022-08-29T02:00,2022,Thane Mumbra,19.1906,73.0229,0.0,24.7,92.0,1.0
2022-08-29T03:00,2022,Thane Mumbra,19.1906,73.0229,0.0,24.4,94.0,1.6
2022-08-29T04:00,2022,Thane Mumbra,19.1906,73.0229,0.0,24.3,94.0,1.3
2022-08-29T05:00,2022,Thane Mumbra,19.1906,73.0229,0.1,24.4,94.0,1.1
2022-08-29T06:00,2022,Thane Mumbra,19.1906,73.0229,0.2,24.3,96.0,0.7
2022-08-29T07:00,2022,Thane Mumbra,19.1906,73.0229,0.0,25.0,93.0,1.9
2022-08-29T08:00,2022,Thane Mumbra,19.1906,73.0229,0.1,25.6,89.0,2.9
2022-08-29T09:00,2022,Thane Mumbra,19.1906,73.0229,0.2,26.9,83.0,2.8
2022-08-29T10:00,2022,Thane Mumbra,19.1906,73.0229,0.1,28.2,79.0,3.1
2022-08-29T11:00,2022,Thane Mumbra,19.1906,73.0229,0.2,29.0,76.0,5.7
2022-08-29T12:00,2022,Thane Mumbra,19.1906,73.0229,0.1,29.7,73.0,6.8
2022-08-29T13:00,2022,Thane Mumbra,19.1906,73.0229,0.0,29.6,72.0,9.2
2022-08-29T14:00,2022,Thane Mumbra,19.1906,73.0229,0.0,29.9,70.0,11.8
2022-08-29T15:00,2022,Thane Mumbra,19.1906,73.0229,0.1,29.5,70.0,14.2
2022-08-29T16:00,2022,Thane Mumbra,19.1906,73.0229,0.0,28.7,74.0,13.7
2022-08-29T17:00,2022,Thane Mumbra,19.1906,73.0229,0.0,28.1,77.0,11.6
2022-08-29T18:00,2022,Thane Mumbra,19.1906,73.0229,0.0,27.3,80.0,7.9
2022-08-29T19:00,2022,Thane Mumbra,19.1906,73.0229,0.0,26.4,85.0,4.5
2022-08-29T20:00,2022,Thane Mumbra,19.1906,73.0229,0.0,25.9,89.0,4.1
2022-08-29T21:00,2022,Thane Mumbra,19.1906,73.0229,0.0,25.4,93.0,5.4
2022-08-29T22:00,2022,Thane Mumbra,19.1906,73.0229,0.0,25.4,92.0,4.3
2022-08-29T23:00,2022,Thane Mumbra,19.1906,73.0229,0.0,25.0,94.0,4.2
2022-08-30T00:00,2022,Thane Mumbra,19.1906,73.0229,0.0,24.6,96.0,5.1
2022-08-30T01:00,2022,Thane Mumbra,19.1906,73.0229,0.0,24.9,94.0,4.4
2022-08-30T02:00,2022,Thane Mumbra,19.1906,73.0229,0.0,25.0,94.0,3.3
2022-08-30T03:00,2022,Thane Mumbra,19.1906,73.0229,0.0,24.3,97.0,3.6
2022-08-30T04:00,2022,Thane Mumbra,19.1906,73.0229,0.0,23.8,99.0,3.5
2022-08-30T05:00,2022,Thane Mumbra,19.1906,73.0229,0.0,24.4,99.0,3.3
2022-08-30T06:00,2022,Thane Mumbra,19.1906,73.0229,0.0,24.4,99.0,3.1
2022-08-30T07:00,2022,Thane Mumbra,19.1906,73.0229,0.0,25.6,94.0,4.6
2022-08-30T08:00,2022,Thane Mumbra,19.1906,73.0229,0.0,27.0,87.0,7.1
2022-08-30T09:00,2022,Thane Mumbra,19.1906,73.0229,0.0,28.2,82.0,7.1
2022-08-30T10:00,2022,Thane Mumbra,19.1906,73.0229,0.0,29.3,77.0,3.6
2022-08-30T11:00,2022,Thane Mumbra,19.1906,73.0229,0.0,30.3,73.0,3.6
2022-08-30T12:00,2022,Thane Mumbra,19.1906,73.0229,0.0,30.8,71.0,6.4
2022-08-30T13:00,2022,Thane Mumbra,19.1906,73.0229,0.0,31.3,67.0,9.0
2022-08-30T14:00,2022,Thane Mumbra,19.1906,73.0229,0.1,30.5,69.0,13.9
2022-08-30T15:00,2022,Thane Mumbra,19.1906,73.0229,0.8,29.4,73.0,15.2
2022-08-30T16:00,2022,Thane Mumbra,19.1906,73.0229,0.2,28.0,80.0,13.4
2022-08-30T17:00,2022,Thane Mumbra,19.1906,73.0229,0.1,28.5,79.0,9.9
2022-08-30T18:00,2022,Thane Mumbra,19.1906,73.0229,0.0,28.0,80.0,8.0
2022-08-30T19:00,2022,Thane Mumbra,19.1906,73.0229,0.0,27.3,83.0,6.9
2022-08-30T20:00,2022,Thane Mumbra,19.1906,73.0229,0.0,26.8,86.0,4.9
2022-08-30T21:00,2022,Thane Mumbra,19.1906,73.0229,0.0,26.2,92.0,5.0
2022-08-30T22:00,2022,Thane Mumbra,19.1906,73.0229,0.0,26.0,92.0,4.1
2022-08-30T23:00,2022,Thane Mumbra,19.1906,73.0229,0.0,25.8,93.0,3.9
2022-08-31T00:00,2022,Thane Mumbra,19.1906,73.0229,0.0,25.6,94.0,3.4
2022-08-31T01:00,2022,Thane Mumbra,19.1906,73.0229,0.0,25.3,96.0,4.8
2022-08-31T02:00,2022,Thane Mumbra,19.1906,73.0229,0.0,25.1,96.0,4.9
2022-08-31T03:00,2022,Thane Mumbra,19.1906,73.0229,0.0,25.7,94.0,3.1
2022-08-31T04:00,2022,Thane Mumbra,19.1906,73.0229,0.0,25.0,97.0,2.5
2022-08-31T05:00,2022,Thane Mumbra,19.1906,73.0229,0.0,25.4,97.0,3.5
2022-08-31T06:00,2022,Thane Mumbra,19.1906,73.0229,0.0,25.4,97.0,3.3
2022-08-31T07:00,2022,Thane Mumbra,19.1906,73.0229,0.0,26.6,91.0,2.9
2022-08-31T08:00,2022,Thane Mumbra,19.1906,73.0229,0.0,27.8,85.0,3.6
2022-08-31T09:00,2022,Thane Mumbra,19.1906,73.0229,0.3,28.8,82.0,3.4
2022-08-31T10:00,2022,Thane Mumbra,19.1906,73.0229,0.1,29.5,79.0,4.1
2022-08-31T11:00,2022,Thane Mumbra,19.1906,73.0229,0.3,30.1,78.0,4.9
2022-08-31T12:00,2022,Thane Mumbra,19.1906,73.0229,0.2,31.0,73.0,4.9
2022-08-31T13:00,2022,Thane Mumbra,19.1906,73.0229,2.8,29.3,75.0,11.9
2022-08-31T14:00,2022,Thane Mumbra,19.1906,73.0229,0.7,28.5,80.0,2.3
2022-08-31T15:00,2022,Thane Mumbra,19.1906,73.0229,0.4,29.5,77.0,9.4
2022-08-31T16:00,2022,Thane Mumbra,19.1906,73.0229,0.1,29.0,79.0,11.1
2022-08-31T17:00,2022,Thane Mumbra,19.1906,73.0229,0.1,28.8,83.0,4.6
2022-08-31T18:00,2022,Thane Mumbra,19.1906,73.0229,0.4,28.1,86.0,4.6
2022-08-31T19:00,2022,Thane Mumbra,19.1906,73.0229,0.1,27.4,88.0,4.7
2022-08-31T20:00,2022,Thane Mumbra,19.1906,73.0229,0.7,27.0,89.0,1.1
2022-08-31T21:00,2022,Thane Mumbra,19.1906,73.0229,0.0,26.7,92.0,4.6
2022-08-31T22:00,2022,Thane Mumbra,19.1906,73.0229,4.1,25.1,98.0,3.1
2022-08-31T23:00,2022,Thane Mumbra,19.1906,73.0229,0.8,25.3,96.0,8.2
2022-09-01T00:00,2022,Thane Mumbra,19.1906,73.0229,0.3,25.2,95.0,4.5
2022-09-01T01:00,2022,Thane Mumbra,19.1906,73.0229,1.1,24.7,96.0,3.9
2022-09-01T02:00,2022,Thane Mumbra,19.1906,73.0229,0.2,24.7,95.0,3.8
2022-09-01T03:00,2022,Thane Mumbra,19.1906,73.0229,0.6,24.4,96.0,3.9
2022-09-01T04:00,2022,Thane Mumbra,19.1906,73.0229,0.1,24.0,99.0,6.4
2022-09-01T05:00,2022,Thane Mumbra,19.1906,73.0229,0.2,24.9,94.0,0.8
2022-09-01T06:00,2022,Thane Mumbra,19.1906,73.0229,0.1,24.8,96.0,3.5
2022-09-01T07:00,2022,Thane Mumbra,19.1906,73.0229,0.3,24.9,95.0,1.4
2022-09-01T08:00,2022,Thane Mumbra,19.1906,73.0229,0.1,25.7,91.0,5.5
2022-09-01T09:00,2022,Thane Mumbra,19.1906,73.0229,0.0,26.6,87.0,1.0
2022-09-01T10:00,2022,Thane Mumbra,19.1906,73.0229,0.0,27.4,84.0,1.1
2022-09-01T11:00,2022,Thane Mumbra,19.1906,73.0229,0.0,28.6,78.0,0.5
2022-09-01T12:00,2022,Thane Mumbra,19.1906,73.0229,0.1,29.9,74.0,2.3
2022-09-01T13:00,2022,Thane Mumbra,19.1906,73.0229,0.1,30.5,72.0,5.2
2022-09-01T14:00,2022,Thane Mumbra,19.1906,73.0229,0.7,29.5,74.0,7.1
2022-09-01T15:00,2022,Thane Mumbra,19.1906,73.0229,0.2,29.7,75.0,10.7
2022-09-01T16:00,2022,Thane Mumbra,19.1906,73.0229,1.0,28.3,82.0,7.8
2022-09-01T17:00,2022,Thane Mumbra,19.1906,73.0229,0.3,28.6,82.0,4.7
2022-09-01T18:00,2022,Thane Mumbra,19.1906,73.0229,2.1,27.0,87.0,3.2
2022-09-01T19:00,2022,Thane Mumbra,19.1906,73.0229,0.2,26.4,93.0,4.3
2022-09-01T20:00,2022,Thane Mumbra,19.1906,73.0229,0.0,25.7,97.0,3.3
2022-09-01T21:00,2022,Thane Mumbra,19.1906,73.0229,0.0,25.3,98.0,2.7
2022-09-01T22:00,2022,Thane Mumbra,19.1906,73.0229,0.0,25.2,99.0,2.5
2022-09-01T23:00,2022,Thane Mumbra,19.1906,73.0229,0.0,24.9,100.0,2.9
2022-09-02T00:00,2022,Thane Mumbra,19.1906,73.0229,0.0,25.0,99.0,3.6
2022-09-02T01:00,2022,Thane Mumbra,19.1906,73.0229,0.0,24.8,99.0,3.7
2022-09-02T02:00,2022,Thane Mumbra,19.1906,73.0229,0.0,24.8,98.0,3.2
2022-09-02T03:00,2022,Thane Mumbra,19.1906,73.0229,0.0,25.0,98.0,0.7
2022-09-02T04:00,2022,Thane Mumbra,19.1906,73.0229,0.0,24.3,99.0,2.3
2022-09-02T05:00,2022,Thane Mumbra,19.1906,73.0229,0.0,24.9,98.0,3.3
2022-09-02T06:00,2022,Thane Mumbra,19.1906,73.0229,0.0,24.6,99.0,3.0
2022-09-02T07:00,2022,Thane Mumbra,19.1906,73.0229,0.0,25.8,93.0,6.4
2022-09-02T08:00,2022,Thane Mumbra,19.1906,73.0229,0.0,27.1,89.0,6.2
2022-09-02T09:00,2022,Thane Mumbra,19.1906,73.0229,0.0,28.5,83.0,5.1
2022-09-02T10:00,2022,Thane Mumbra,19.1906,73.0229,0.0,29.9,76.0,1.6
2022-09-02T11:00,2022,Thane Mumbra,19.1906,73.0229,0.0,31.3,68.0,1.0
2022-09-02T12:00,2022,Thane Mumbra,19.1906,73.0229,0.1,32.1,64.0,3.4
2022-09-02T13:00,2022,Thane Mumbra,19.1906,73.0229,0.0,32.4,65.0,3.6
2022-09-02T14:00,2022,Thane Mumbra,19.1906,73.0229,0.0,31.6,70.0,7.2
2022-09-02T15:00,2022,Thane Mumbra,19.1906,73.0229,0.1,31.1,71.0,9.5
2022-09-02T16:00,2022,Thane Mumbra,19.1906,73.0229,0.5,30.2,73.0,7.2
2022-09-02T17:00,2022,Thane Mumbra,19.1906,73.0229,0.4,28.7,82.0,7.9
2022-09-02T18:00,2022,Thane Mumbra,19.1906,73.0229,0.5,28.1,84.0,3.8
2022-09-02T19:00,2022,Thane Mumbra,19.1906,73.0229,0.0,27.3,91.0,2.9
2022-09-02T20:00,2022,Thane Mumbra,19.1906,73.0229,1.9,26.5,95.0,2.2
2022-09-02T21:00,2022,Thane Mumbra,19.1906,73.0229,3.6,26.2,93.0,2.4
2022-09-02T22:00,2022,Thane Mumbra,19.1906,73.0229,0.0,25.6,95.0,7.2
2022-09-02T23:00,2022,Thane Mumbra,19.1906,73.0229,0.0,25.3,94.0,7.1
2022-09-03T00:00,2022,Thane Mumbra,19.1906,73.0229,0.0,24.8,95.0,6.9
2022-09-03T01:00,2022,Thane Mumbra,19.1906,73.0229,0.0,24.5,97.0,5.8
2022-09-03T02:00,2022,Thane Mumbra,19.1906,73.0229,0.0,24.6,97.0,5.8
2022-09-03T03:00,2022,Thane Mumbra,19.1906,73.0229,0.0,24.4,97.0,4.0
2022-09-03T04:00,2022,Thane Mumbra,19.1906,73.0229,0.0,24.4,97.0,4.5
2022-09-03T05:00,2022,Thane Mumbra,19.1906,73.0229,0.0,25.1,96.0,4.1
2022-09-03T06:00,2022,Thane Mumbra,19.1906,73.0229,0.0,24.7,97.0,3.1
2022-09-03T07:00,2022,Thane Mumbra,19.1906,73.0229,0.0,26.0,91.0,5.5
2022-09-03T08:00,2022,Thane Mumbra,19.1906,73.0229,0.0,27.4,86.0,5.8
2022-09-03T09:00,2022,Thane Mumbra,19.1906,73.0229,0.0,28.8,80.0,5.1
2022-09-03T10:00,2022,Thane Mumbra,19.1906,73.0229,0.1,29.9,76.0,5.2
2022-09-03T11:00,2022,Thane Mumbra,19.1906,73.0229,0.0,30.2,76.0,6.2
2022-09-03T12:00,2022,Thane Mumbra,19.1906,73.0229,0.0,31.0,73.0,7.3
2022-09-03T13:00,2022,Thane Mumbra,19.1906,73.0229,0.0,31.7,71.0,9.2
2022-09-03T14:00,2022,Thane Mumbra,19.1906,73.0229,0.2,30.9,72.0,12.4
2022-09-03T15:00,2022,Thane Mumbra,19.1906,73.0229,0.2,29.9,76.0,11.0
2022-09-03T16:00,2022,Thane Mumbra,19.1906,73.0229,1.2,28.6,78.0,9.5
2022-09-03T17:00,2022,Thane Mumbra,19.1906,73.0229,0.1,29.0,79.0,9.7
2022-09-03T18:00,2022,Thane Mumbra,19.1906,73.0229,0.2,28.3,83.0,8.0
2022-09-03T19:00,2022,Thane Mumbra,19.1906,73.0229,0.1,27.5,89.0,6.1
2022-09-03T20:00,2022,Thane Mumbra,19.1906,73.0229,0.0,27.1,90.0,3.6
2022-09-03T21:00,2022,Thane Mumbra,19.1906,73.0229,0.0,26.8,93.0,2.9
2022-09-03T22:00,2022,Thane Mumbra,19.1906,73.0229,0.1,26.8,92.0,5.9
2022-09-03T23:00,2022,Thane Mumbra,19.1906,73.0229,0.0,26.6,93.0,7.3
2022-09-04T00:00,2022,Thane Mumbra,19.1906,73.0229,0.0,26.2,94.0,6.9
2022-09-04T01:00,2022,Thane Mumbra,19.1906,73.0229,0.0,25.9,95.0,7.9
2022-09-04T02:00,2022,Thane Mumbra,19.1906,73.0229,0.0,26.0,94.0,8.6
2022-09-04T03:00,2022,Thane Mumbra,19.1906,73.0229,0.0,25.8,95.0,6.6
2022-09-04T04:00,2022,Thane Mumbra,19.1906,73.0229,0.0,25.7,95.0,6.9
2022-09-04T05:00,2022,Thane Mumbra,19.1906,73.0229,0.1,26.1,90.0,7.2
2022-09-04T06:00,2022,Thane Mumbra,19.1906,73.0229,0.2,25.9,93.0,9.0
2022-09-04T07:00,2022,Thane Mumbra,19.1906,73.0229,0.2,26.1,92.0,9.2
2022-09-04T08:00,2022,Thane Mumbra,19.1906,73.0229,0.1,26.9,88.0,8.7
2022-09-04T09:00,2022,Thane Mumbra,19.1906,73.0229,0.0,27.6,84.0,7.9
2022-09-04T10:00,2022,Thane Mumbra,19.1906,73.0229,0.0,28.3,83.0,6.6
2022-09-04T11:00,2022,Thane Mumbra,19.1906,73.0229,0.1,28.8,80.0,6.6
2022-09-04T12:00,2022,Thane Mumbra,19.1906,73.0229,0.3,30.1,75.0,9.4
2022-09-04T13:00,2022,Thane Mumbra,19.1906,73.0229,6.2,27.5,83.0,9.6
2022-09-04T14:00,2022,Thane Mumbra,19.1906,73.0229,0.4,28.4,82.0,8.6
2022-09-04T15:00,2022,Thane Mumbra,19.1906,73.0229,0.2,28.6,80.0,9.4
2022-09-04T16:00,2022,Thane Mumbra,19.1906,73.0229,1.5,27.8,83.0,9.1
2022-09-04T17:00,2022,Thane Mumbra,19.1906,73.0229,0.4,25.8,90.0,9.0
2022-09-04T18:00,2022,Thane Mumbra,19.1906,73.0229,0.5,26.0,91.0,2.5
2022-09-04T19:00,2022,Thane Mumbra,19.1906,73.0229,0.3,26.0,94.0,0.8
2022-09-04T20:00,2022,Thane Mumbra,19.1906,73.0229,0.1,26.0,94.0,0.8
2022-09-04T21:00,2022,Thane Mumbra,19.1906,73.0229,0.0,25.6,95.0,2.8
2022-09-04T22:00,2022,Thane Mumbra,19.1906,73.0229,0.0,25.5,96.0,2.6
2022-09-04T23:00,2022,Thane Mumbra,19.1906,73.0229,0.0,25.4,97.0,3.4
2022-09-05T00:00,2022,Thane Mumbra,19.1906,73.0229,0.0,25.3,97.0,3.9
2022-09-05T01:00,2022,Thane Mumbra,19.1906,73.0229,0.0,25.2,98.0,3.5
2022-09-05T02:00,2022,Thane Mumbra,19.1906,73.0229,0.0,25.3,97.0,3.2
2022-09-05T03:00,2022,Thane Mumbra,19.1906,73.0229,0.0,25.6,96.0,2.5
2022-09-05T04:00,2022,Thane Mumbra,19.1906,73.0229,0.1,25.5,96.0,1.0
2022-09-05T05:00,2022,Thane Mumbra,19.1906,73.0229,0.1,25.7,94.0,3.2
2022-09-05T06:00,2022,Thane Mumbra,19.1906,73.0229,0.1,25.8,95.0,2.7
2022-09-05T07:00,2022,Thane Mumbra,19.1906,73.0229,0.1,26.4,89.0,1.6
2022-09-05T08:00,2022,Thane Mumbra,19.1906,73.0229,0.1,27.1,85.0,3.3
2022-09-05T09:00,2022,Thane Mumbra,19.1906,73.0229,0.0,28.0,82.0,2.7
2022-09-05T10:00,2022,Thane Mumbra,19.1906,73.0229,0.1,29.1,77.0,4.7
2022-09-05T11:00,2022,Thane Mumbra,19.1906,73.0229,0.0,30.3,71.0,8.4
2022-09-05T12:00,2022,Thane Mumbra,19.1906,73.0229,0.1,29.6,71.0,10.0
2022-09-05T13:00,2022,Thane Mumbra,19.1906,73.0229,0.7,29.8,72.0,10.0
2022-09-05T14:00,2022,Thane Mumbra,19.1906,73.0229,0.1,29.3,74.0,12.6
2022-09-05T15:00,2022,Thane Mumbra,19.1906,73.0229,0.9,28.6,78.0,10.3
2022-09-05T16:00,2022,Thane Mumbra,19.1906,73.0229,0.1,27.9,80.0,7.9
2022-09-05T17:00,2022,Thane Mumbra,19.1906,73.0229,0.1,27.9,78.0,8.5
2022-09-05T18:00,2022,Thane Mumbra,19.1906,73.0229,0.0,27.4,82.0,4.8
2022-09-05T19:00,2022,Thane Mumbra,19.1906,73.0229,0.0,26.5,86.0,4.6
2022-09-05T20:00,2022,Thane Mumbra,19.1906,73.0229,0.0,26.1,90.0,5.6
2022-09-05T21:00,2022,Thane Mumbra,19.1906,73.0229,0.0,26.4,87.0,5.2
2022-09-05T22:00,2022,Thane Mumbra,19.1906,73.0229,0.0,26.7,85.0,3.6
2022-09-05T23:00,2022,Thane Mumbra,19.1906,73.0229,0.0,26.4,87.0,2.5
2022-09-06T00:00,2022,Thane Mumbra,19.1906,73.0229,0.0,26.2,88.0,2.5
2022-09-06T01:00,2022,Thane Mumbra,19.1906,73.0229,0.0,26.0,89.0,2.5
2022-09-06T02:00,2022,Thane Mumbra,19.1906,73.0229,0.0,25.1,94.0,2.4
2022-09-06T03:00,2022,Thane Mumbra,19.1906,73.0229,0.1,25.2,94.0,2.3
2022-09-06T04:00,2022,Thane Mumbra,19.1906,73.0229,0.3,25.0,95.0,2.4
2022-09-06T05:00,2022,Thane Mumbra,19.1906,73.0229,0.5,25.2,94.0,2.2
2022-09-06T06:00,2022,Thane Mumbra,19.1906,73.0229,0.0,25.3,94.0,1.5
2022-09-06T07:00,2022,Thane Mumbra,19.1906,73.0229,0.0,25.9,90.0,1.9
2022-09-06T08:00,2022,Thane Mumbra,19.1906,73.0229,0.0,26.6,87.0,1.0
2022-09-06T09:00,2022,Thane Mumbra,19.1906,73.0229,0.1,27.0,86.0,2.0
2022-09-06T10:00,2022,Thane Mumbra,19.1906,73.0229,0.1,28.0,82.0,2.1
2022-09-06T11:00,2022,Thane Mumbra,19.1906,73.0229,0.1,29.7,75.0,2.2
2022-09-06T12:00,2022,Thane Mumbra,19.1906,73.0229,0.1,30.6,67.0,4.0
2022-09-06T13:00,2022,Thane Mumbra,19.1906,73.0229,8.1,26.2,87.0,7.1
2022-09-06T14:00,2022,Thane Mumbra,19.1906,73.0229,1.6,27.1,84.0,3.3
2022-09-06T15:00,2022,Thane Mumbra,19.1906,73.0229,0.3,28.3,78.0,2.9
2022-09-06T16:00,2022,Thane Mumbra,19.1906,73.0229,0.1,28.6,77.0,5.6
2022-09-06T17:00,2022,Thane Mumbra,19.1906,73.0229,0.1,28.7,75.0,9.2
2022-09-06T18:00,2022,Thane Mumbra,19.1906,73.0229,0.0,27.8,81.0,4.3
2022-09-06T19:00,2022,Thane Mumbra,19.1906,73.0229,0.0,26.7,87.0,4.3
2022-09-06T20:00,2022,Thane Mumbra,19.1906,73.0229,0.0,26.3,90.0,4.9
2022-09-06T21:00,2022,Thane Mumbra,19.1906,73.0229,0.0,26.1,91.0,5.2
2022-09-06T22:00,2022,Thane Mumbra,19.1906,73.0229,0.0,25.8,92.0,5.6
2022-09-06T23:00,2022,Thane Mumbra,19.1906,73.0229,0.0,25.8,92.0,4.6
2022-09-07T00:00,2022,Thane Mumbra,19.1906,73.0229,0.0,25.2,95.0,5.3
2022-09-07T01:00,2022,Thane Mumbra,19.1906,73.0229,0.0,25.1,95.0,4.0
2022-09-07T02:00,2022,Thane Mumbra,19.1906,73.0229,0.0,25.0,96.0,4.0
2022-09-07T03:00,2022,Thane Mumbra,19.1906,73.0229,0.0,24.8,97.0,4.0
2022-09-07T04:00,2022,Thane Mumbra,19.1906,73.0229,0.0,24.9,96.0,4.1
2022-09-07T05:00,2022,Thane Mumbra,19.1906,73.0229,0.3,24.7,95.0,5.1
2022-09-07T06:00,2022,Thane Mumbra,19.1906,73.0229,0.2,24.4,97.0,5.9
2022-09-07T07:00,2022,Thane Mumbra,19.1906,73.0229,0.4,24.8,95.0,4.3
2022-09-07T08:00,2022,Thane Mumbra,19.1906,73.0229,0.0,26.0,91.0,5.9
2022-09-07T09:00,2022,Thane Mumbra,19.1906,73.0229,0.0,27.6,83.0,7.4
2022-09-07T10:00,2022,Thane Mumbra,19.1906,73.0229,0.1,29.1,76.0,7.8
2022-09-07T11:00,2022,Thane Mumbra,19.1906,73.0229,0.1,30.2,74.0,5.9
2022-09-07T12:00,2022,Thane Mumbra,19.1906,73.0229,0.1,31.3,71.0,4.0
2022-09-07T13:00,2022,Thane Mumbra,19.1906,73.0229,0.1,31.6,70.0,4.8
2022-09-07T14:00,2022,Thane Mumbra,19.1906,73.0229,6.3,29.0,77.0,9.9
2022-09-07T15:00,2022,Thane Mumbra,19.1906,73.0229,0.2,28.7,81.0,7.7
2022-09-07T16:00,2022,Thane Mumbra,19.1906,73.0229,0.1,29.5,78.0,6.7
2022-09-07T17:00,2022,Thane Mumbra,19.1906,73.0229,1.5,26.2,92.0,7.2
2022-09-07T18:00,2022,Thane Mumbra,19.1906,73.0229,2.0,26.0,95.0,4.6
2022-09-07T19:00,2022,Thane Mumbra,19.1906,73.0229,1.7,25.5,96.0,7.1
2022-09-07T20:00,2022,Thane Mumbra,19.1906,73.0229,0.3,25.6,96.0,6.8
2022-09-07T21:00,2022,Thane Mumbra,19.1906,73.0229,0.2,25.6,96.0,2.8
2022-09-07T22:00,2022,Thane Mumbra,19.1906,73.0229,0.0,25.7,95.0,2.7
2022-09-07T23:00,2022,Thane Mumbra,19.1906,73.0229,0.0,25.2,98.0,3.3
2022-09-08T00:00,2022,Thane Mumbra,19.1906,73.0229,0.8,25.4,97.0,5.2
2022-09-08T01:00,2022,Thane Mumbra,19.1906,73.0229,0.0,25.2,98.0,1.1
2022-09-08T02:00,2022,Thane Mumbra,19.1906,73.0229,0.0,25.1,98.0,4.7
2022-09-08T03:00,2022,Thane Mumbra,19.1906,73.0229,0.0,24.7,98.0,4.0
2022-09-08T04:00,2022,Thane Mumbra,19.1906,73.0229,0.0,24.3,99.0,3.0
2022-09-08T05:00,2022,Thane Mumbra,19.1906,73.0229,0.1,25.0,98.0,4.8
2022-09-08T06:00,2022,Thane Mumbra,19.1906,73.0229,0.0,25.0,98.0,6.6
2022-09-08T07:00,2022,Thane Mumbra,19.1906,73.0229,0.0,25.6,95.0,6.5
2022-09-08T08:00,2022,Thane Mumbra,19.1906,73.0229,0.0,26.7,90.0,5.7
2022-09-08T09:00,2022,Thane Mumbra,19.1906,73.0229,0.1,28.2,84.0,6.5
2022-09-08T10:00,2022,Thane Mumbra,19.1906,73.0229,0.2,29.2,82.0,5.5
2022-09-08T11:00,2022,Thane Mumbra,19.1906,73.0229,0.3,30.4,76.0,4.6
2022-09-08T12:00,2022,Thane Mumbra,19.1906,73.0229,0.3,29.7,79.0,7.4
2022-09-08T13:00,2022,Thane Mumbra,19.1906,73.0229,2.7,27.8,87.0,9.1
2022-09-08T14:00,2022,Thane Mumbra,19.1906,73.0229,0.7,27.3,89.0,6.1
2022-09-08T15:00,2022,Thane Mumbra,19.1906,73.0229,0.2,28.4,84.0,3.0
2022-09-08T16:00,2022,Thane Mumbra,19.1906,73.0229,1.0,28.4,84.0,2.9
2022-09-08T17:00,2022,Thane Mumbra,19.1906,73.0229,1.7,28.9,81.0,3.2
2022-09-08T18:00,2022,Thane Mumbra,19.1906,73.0229,4.6,27.1,89.0,6.0
2022-09-08T19:00,2022,Thane Mumbra,19.1906,73.0229,0.9,26.2,95.0,7.3
2022-09-08T20:00,2022,Thane Mumbra,19.1906,73.0229,0.5,26.1,95.0,4.7
2022-09-08T21:00,2022,Thane Mumbra,19.1906,73.0229,1.0,25.8,96.0,8.6
2022-09-08T22:00,2022,Thane Mumbra,19.1906,73.0229,0.3,25.6,97.0,5.5
2022-09-08T23:00,2022,Thane Mumbra,19.1906,73.0229,0.2,25.3,98.0,2.9
2022-09-09T00:00,2022,Thane Mumbra,19.1906,73.0229,0.0,25.2,98.0,1.1
2022-09-09T01:00,2022,Thane Mumbra,19.1906,73.0229,0.1,25.1,98.0,1.1
2022-09-09T02:00,2022,Thane Mumbra,19.1906,73.0229,0.0,24.9,98.0,2.5
2022-09-09T03:00,2022,Thane Mumbra,19.1906,73.0229,0.0,24.8,99.0,2.0
2022-09-09T04:00,2022,Thane Mumbra,19.1906,73.0229,0.0,24.5,99.0,2.5
2022-09-09T05:00,2022,Thane Mumbra,19.1906,73.0229,0.0,24.9,100.0,4.7
2022-09-09T06:00,2022,Thane Mumbra,19.1906,73.0229,0.0,24.9,98.0,4.7
2022-09-09T07:00,2022,Thane Mumbra,19.1906,73.0229,0.0,25.8,94.0,4.8
2022-09-09T08:00,2022,Thane Mumbra,19.1906,73.0229,0.0,27.1,92.0,0.5
2022-09-09T09:00,2022,Thane Mumbra,19.1906,73.0229,0.0,28.6,82.0,6.3
2022-09-09T10:00,2022,Thane Mumbra,19.1906,73.0229,0.0,29.6,78.0,9.7
2022-09-09T11:00,2022,Thane Mumbra,19.1906,73.0229,0.1,30.3,76.0,8.5
2022-09-09T12:00,2022,Thane Mumbra,19.1906,73.0229,0.0,30.2,76.0,7.4
2022-09-09T13:00,2022,Thane Mumbra,19.1906,73.0229,0.7,29.4,79.0,5.5
2022-09-09T14:00,2022,Thane Mumbra,19.1906,73.0229,1.2,30.1,75.0,7.6
2022-09-09T15:00,2022,Thane Mumbra,19.1906,73.0229,1.4,28.3,83.0,3.9
2022-09-09T16:00,2022,Thane Mumbra,19.1906,73.0229,0.9,27.7,86.0,7.6
2022-09-09T17:00,2022,Thane Mumbra,19.1906,73.0229,0.8,28.4,84.0,4.4
2022-09-09T18:00,2022,Thane Mumbra,19.1906,73.0229,1.1,27.4,88.0,4.7
2022-09-09T19:00,2022,Thane Mumbra,19.1906,73.0229,4.0,26.4,94.0,2.3
2022-09-09T20:00,2022,Thane Mumbra,19.1906,73.0229,0.1,26.3,95.0,3.4
2022-09-09T21:00,2022,Thane Mumbra,19.1906,73.0229,0.1,26.2,95.0,4.6
2022-09-09T22:00,2022,Thane Mumbra,19.1906,73.0229,0.0,26.0,94.0,2.4
2022-09-09T23:00,2022,Thane Mumbra,19.1906,73.0229,0.1,25.5,96.0,4.0
2022-09-10T00:00,2022,Thane Mumbra,19.1906,73.0229,0.0,25.2,97.0,3.6
2022-09-10T01:00,2022,Thane Mumbra,19.1906,73.0229,0.0,24.8,97.0,2.9
2022-09-10T02:00,2022,Thane Mumbra,19.1906,73.0229,0.0,24.8,98.0,3.1
2022-09-10T03:00,2022,Thane Mumbra,19.1906,73.0229,0.0,24.7,99.0,3.6
2022-09-10T04:00,2022,Thane Mumbra,19.1906,73.0229,0.0,24.6,98.0,4.4
2022-09-10T05:00,2022,Thane Mumbra,19.1906,73.0229,0.0,24.7,100.0,1.8
2022-09-10T06:00,2022,Thane Mumbra,19.1906,73.0229,0.0,24.4,100.0,3.3
2022-09-10T07:00,2022,Thane Mumbra,19.1906,73.0229,0.0,25.6,95.0,3.6
2022-09-10T08:00,2022,Thane Mumbra,19.1906,73.0229,0.0,26.8,89.0,2.9
2022-09-10T09:00,2022,Thane Mumbra,19.1906,73.0229,0.0,28.2,83.0,2.2
2022-09-10T10:00,2022,Thane Mumbra,19.1906,73.0229,0.0,29.5,79.0,1.3
2022-09-10T11:00,2022,Thane Mumbra,19.1906,73.0229,0.0,30.0,78.0,1.6
2022-09-10T12:00,2022,Thane Mumbra,19.1906,73.0229,0.1,31.1,74.0,4.8
2022-09-10T13:00,2022,Thane Mumbra,19.1906,73.0229,6.1,27.9,83.0,11.2
2022-09-10T14:00,2022,Thane Mumbra,19.1906,73.0229,1.3,28.0,82.0,10.9
2022-09-10T15:00,2022,Thane Mumbra,19.1906,73.0229,0.9,26.6,92.0,8.8
2022-09-10T16:00,2022,Thane Mumbra,19.1906,73.0229,0.4,27.2,87.0,8.5
2022-09-10T17:00,2022,Thane Mumbra,19.1906,73.0229,0.2,28.5,82.0,5.9
2022-09-10T18:00,2022,Thane Mumbra,19.1906,73.0229,2.9,26.7,88.0,1.8
2022-09-10T19:00,2022,Thane Mumbra,19.1906,73.0229,2.9,25.9,92.0,3.7
2022-09-10T20:00,2022,Thane Mumbra,19.1906,73.0229,3.2,25.6,93.0,3.0
2022-09-10T21:00,2022,Thane Mumbra,19.1906,73.0229,2.3,25.4,95.0,3.4
2022-09-10T22:00,2022,Thane Mumbra,19.1906,73.0229,0.3,25.4,96.0,3.1
2022-09-10T23:00,2022,Thane Mumbra,19.1906,73.0229,0.3,25.5,97.0,4.0
2022-09-11T00:00,2022,Thane Mumbra,19.1906,73.0229,0.1,25.5,98.0,3.5
2022-09-11T01:00,2022,Thane Mumbra,19.1906,73.0229,0.0,25.2,99.0,2.5
2022-09-11T02:00,2022,Thane Mumbra,19.1906,73.0229,0.0,25.0,99.0,1.5
2022-09-11T03:00,2022,Thane Mumbra,19.1906,73.0229,0.0,24.9,99.0,3.1
2022-09-11T04:00,2022,Thane Mumbra,19.1906,73.0229,0.0,24.7,99.0,3.1
2022-09-11T05:00,2022,Thane Mumbra,19.1906,73.0229,0.0,24.6,97.0,5.6
2022-09-11T06:00,2022,Thane Mumbra,19.1906,73.0229,0.0,24.3,97.0,2.8
2022-09-11T07:00,2022,Thane Mumbra,19.1906,73.0229,0.0,25.2,94.0,3.0
2022-09-11T08:00,2022,Thane Mumbra,19.1906,73.0229,0.0,26.0,93.0,3.6
2022-09-11T09:00,2022,Thane Mumbra,19.1906,73.0229,0.0,27.2,87.0,3.9
2022-09-11T10:00,2022,Thane Mumbra,19.1906,73.0229,0.0,28.2,80.0,4.3
2022-09-11T11:00,2022,Thane Mumbra,19.1906,73.0229,0.0,29.5,75.0,4.7
2022-09-11T12:00,2022,Thane Mumbra,19.1906,73.0229,0.1,30.3,70.0,4.3
2022-09-11T13:00,2022,Thane Mumbra,19.1906,73.0229,0.2,29.8,72.0,8.4
2022-09-11T14:00,2022,Thane Mumbra,19.1906,73.0229,2.0,28.5,81.0,7.0
2022-09-11T15:00,2022,Thane Mumbra,19.1906,73.0229,1.7,27.3,84.0,7.7
2022-09-11T16:00,2022,Thane Mumbra,19.1906,73.0229,1.3,26.9,88.0,6.8
2022-09-11T17:00,2022,Thane Mumbra,19.1906,73.0229,1.7,27.7,84.0,4.3
2022-09-11T18:00,2022,Thane Mumbra,19.1906,73.0229,2.5,26.5,91.0,3.6
2022-09-11T19:00,2022,Thane Mumbra,19.1906,73.0229,0.2,26.3,92.0,1.5
2022-09-11T20:00,2022,Thane Mumbra,19.1906,73.0229,0.1,25.9,94.0,3.1
2022-09-11T21:00,2022,Thane Mumbra,19.1906,73.0229,0.1,25.7,96.0,1.5
2022-09-11T22:00,2022,Thane Mumbra,19.1906,73.0229,0.1,25.5,98.0,5.5
2022-09-11T23:00,2022,Thane Mumbra,19.1906,73.0229,5.4,24.7,99.0,7.9
2022-09-12T00:00,2022,Thane Mumbra,19.1906,73.0229,4.0,24.5,99.0,6.1
2022-09-12T01:00,2022,Thane Mumbra,19.1906,73.0229,1.6,24.5,98.0,5.9
2022-09-12T02:00,2022,Thane Mumbra,19.1906,73.0229,1.6,24.3,98.0,5.5
2022-09-12T03:00,2022,Thane Mumbra,19.1906,73.0229,0.2,24.4,97.0,2.8
2022-09-12T04:00,2022,Thane Mumbra,19.1906,73.0229,0.0,24.2,97.0,2.6
2022-09-12T05:00,2022,Thane Mumbra,19.1906,73.0229,0.0,24.8,98.0,2.4
2022-09-12T06:00,2022,Thane Mumbra,19.1906,73.0229,0.0,25.1,95.0,1.8
2022-09-12T07:00,2022,Thane Mumbra,19.1906,73.0229,0.0,25.5,94.0,3.6
2022-09-12T08:00,2022,Thane Mumbra,19.1906,73.0229,0.0,26.5,88.0,4.0
2022-09-12T09:00,2022,Thane Mumbra,19.1906,73.0229,0.0,26.9,88.0,3.1
2022-09-12T10:00,2022,Thane Mumbra,19.1906,73.0229,0.0,28.0,84.0,3.8
2022-09-12T11:00,2022,Thane Mumbra,19.1906,73.0229,0.0,29.4,80.0,6.9
2022-09-12T12:00,2022,Thane Mumbra,19.1906,73.0229,0.0,29.8,77.0,4.8
2022-09-12T13:00,2022,Thane Mumbra,19.1906,73.0229,2.4,27.9,82.0,12.3
2022-09-12T14:00,2022,Thane Mumbra,19.1906,73.0229,3.0,27.3,86.0,11.6
2022-09-12T15:00,2022,Thane Mumbra,19.1906,73.0229,1.1,26.8,88.0,13.4
2022-09-12T16:00,2022,Thane Mumbra,19.1906,73.0229,0.2,27.5,85.0,13.7
2022-09-12T17:00,2022,Thane Mumbra,19.1906,73.0229,0.4,26.5,90.0,10.6
2022-09-12T18:00,2022,Thane Mumbra,19.1906,73.0229,0.1,26.3,91.0,8.7
2022-09-12T19:00,2022,Thane Mumbra,19.1906,73.0229,0.2,25.9,93.0,3.5
2022-09-12T20:00,2022,Thane Mumbra,19.1906,73.0229,0.7,25.9,94.0,5.2
2022-09-12T21:00,2022,Thane Mumbra,19.1906,73.0229,1.3,25.5,96.0,5.4
2022-09-12T22:00,2022,Thane Mumbra,19.1906,73.0229,2.6,25.0,96.0,8.1
2022-09-12T23:00,2022,Thane Mumbra,19.1906,73.0229,0.8,24.8,97.0,10.4
2022-09-13T00:00,2022,Thane Mumbra,19.1906,73.0229,1.6,24.7,97.0,10.5
2022-09-13T01:00,2022,Thane Mumbra,19.1906,73.0229,0.8,24.6,98.0,9.7
2022-09-13T02:00,2022,Thane Mumbra,19.1906,73.0229,0.2,24.7,97.0,6.7
2022-09-13T03:00,2022,Thane Mumbra,19.1906,73.0229,0.5,25.1,95.0,8.9
2022-09-13T04:00,2022,Thane Mumbra,19.1906,73.0229,1.2,25.0,95.0,10.7
2022-09-13T05:00,2022,Thane Mumbra,19.1906,73.0229,2.9,25.0,95.0,5.4
2022-09-13T06:00,2022,Thane Mumbra,19.1906,73.0229,1.3,25.1,95.0,8.1
2022-09-13T07:00,2022,Thane Mumbra,19.1906,73.0229,0.9,25.4,95.0,7.5
2022-09-13T08:00,2022,Thane Mumbra,19.1906,73.0229,1.5,25.8,93.0,8.2
2022-09-13T09:00,2022,Thane Mumbra,19.1906,73.0229,1.2,26.1,92.0,9.4
2022-09-13T10:00,2022,Thane Mumbra,19.1906,73.0229,1.6,26.1,88.0,11.9
2022-09-13T11:00,2022,Thane Mumbra,19.1906,73.0229,2.0,26.1,91.0,11.2
2022-09-13T12:00,2022,Thane Mumbra,19.1906,73.0229,1.2,26.1,93.0,10.8
2022-09-13T13:00,2022,Thane Mumbra,19.1906,73.0229,0.8,26.3,93.0,11.7
2022-09-13T14:00,2022,Thane Mumbra,19.1906,73.0229,1.8,26.1,92.0,17.1
2022-09-13T15:00,2022,Thane Mumbra,19.1906,73.0229,0.9,26.5,91.0,15.6
2022-09-13T16:00,2022,Thane Mumbra,19.1906,73.0229,3.4,26.2,92.0,17.9
2022-09-13T17:00,2022,Thane Mumbra,19.1906,73.0229,0.5,26.3,90.0,15.3
2022-09-13T18:00,2022,Thane Mumbra,19.1906,73.0229,0.3,26.0,92.0,14.8
2022-09-13T19:00,2022,Thane Mumbra,19.1906,73.0229,0.5,25.6,93.0,14.3
2022-09-13T20:00,2022,Thane Mumbra,19.1906,73.0229,0.7,25.6,92.0,14.8
2022-09-13T21:00,2022,Thane Mumbra,19.1906,73.0229,1.6,25.1,93.0,14.0
2022-09-13T22:00,2022,Thane Mumbra,19.1906,73.0229,0.9,25.5,93.0,16.1
2022-09-13T23:00,2022,Thane Mumbra,19.1906,73.0229,1.0,25.2,94.0,15.5
2022-09-14T00:00,2022,Thane Mumbra,19.1906,73.0229,1.0,25.2,93.0,14.8
2022-09-14T01:00,2022,Thane Mumbra,19.1906,73.0229,1.0,25.1,94.0,15.3
2022-09-14T02:00,2022,Thane Mumbra,19.1906,73.0229,1.7,25.3,93.0,14.3
2022-09-14T03:00,2022,Thane Mumbra,19.1906,73.0229,1.8,25.0,94.0,15.3
2022-09-14T04:00,2022,Thane Mumbra,19.1906,73.0229,0.6,25.1,94.0,14.1
2022-09-14T05:00,2022,Thane Mumbra,19.1906,73.0229,1.1,25.1,93.0,12.9
2022-09-14T06:00,2022,Thane Mumbra,19.1906,73.0229,0.8,24.9,94.0,13.3
2022-09-14T07:00,2022,Thane Mumbra,19.1906,73.0229,0.5,25.3,93.0,11.9
2022-09-14T08:00,2022,Thane Mumbra,19.1906,73.0229,1.4,25.8,93.0,14.5
2022-09-14T09:00,2022,Thane Mumbra,19.1906,73.0229,1.2,26.4,91.0,15.5
2022-09-14T10:00,2022,Thane Mumbra,19.1906,73.0229,3.2,26.9,87.0,17.3
2022-09-14T11:00,2022,Thane Mumbra,19.1906,73.0229,0.4,27.4,84.0,21.4
2022-09-14T12:00,2022,Thane Mumbra,19.1906,73.0229,2.4,27.9,82.0,19.6
2022-09-14T13:00,2022,Thane Mumbra,19.1906,73.0229,4.8,26.9,87.0,22.2
2022-09-14T14:00,2022,Thane Mumbra,19.1906,73.0229,1.4,26.5,86.0,23.7
2022-09-14T15:00,2022,Thane Mumbra,19.1906,73.0229,0.9,26.7,87.0,23.2
2022-09-14T16:00,2022,Thane Mumbra,19.1906,73.0229,1.2,26.5,88.0,22.4
2022-09-14T17:00,2022,Thane Mumbra,19.1906,73.0229,0.6,26.2,87.0,19.7
2022-09-14T18:00,2022,Thane Mumbra,19.1906,73.0229,0.7,25.9,88.0,22.2
2022-09-14T19:00,2022,Thane Mumbra,19.1906,73.0229,0.9,25.0,93.0,15.2
2022-09-14T20:00,2022,Thane Mumbra,19.1906,73.0229,1.4,25.4,93.0,16.3
2022-09-14T21:00,2022,Thane Mumbra,19.1906,73.0229,1.6,25.2,93.0,17.6
2022-09-14T22:00,2022,Thane Mumbra,19.1906,73.0229,1.5,25.2,93.0,18.4
2022-09-14T23:00,2022,Thane Mumbra,19.1906,73.0229,1.0,25.3,94.0,17.1
2022-09-15T00:00,2022,Thane Mumbra,19.1906,73.0229,1.1,25.1,93.0,16.0
2022-09-15T01:00,2022,Thane Mumbra,19.1906,73.0229,0.6,25.1,93.0,17.9
2022-09-15T02:00,2022,Thane Mumbra,19.1906,73.0229,0.7,25.0,93.0,18.0
2022-09-15T03:00,2022,Thane Mumbra,19.1906,73.0229,0.7,24.9,93.0,18.4
2022-09-15T04:00,2022,Thane Mumbra,19.1906,73.0229,0.7,25.1,92.0,17.6
2022-09-15T05:00,2022,Thane Mumbra,19.1906,73.0229,0.9,25.4,92.0,16.2
2022-09-15T06:00,2022,Thane Mumbra,19.1906,73.0229,2.2,25.3,93.0,15.6
2022-09-15T07:00,2022,Thane Mumbra,19.1906,73.0229,1.8,25.5,93.0,14.9
2022-09-15T08:00,2022,Thane Mumbra,19.1906,73.0229,0.9,25.9,92.0,15.3
2022-09-15T09:00,2022,Thane Mumbra,19.1906,73.0229,4.4,26.2,90.0,21.7
2022-09-15T10:00,2022,Thane Mumbra,19.1906,73.0229,0.4,26.5,88.0,23.6
2022-09-15T11:00,2022,Thane Mumbra,19.1906,73.0229,0.6,27.1,88.0,23.2
2022-09-15T12:00,2022,Thane Mumbra,19.1906,73.0229,0.2,27.8,83.0,24.5
2022-09-15T13:00,2022,Thane Mumbra,19.1906,73.0229,1.7,27.4,88.0,23.0
2022-09-15T14:00,2022,Thane Mumbra,19.1906,73.0229,0.9,26.6,88.0,19.5
2022-09-15T15:00,2022,Thane Mumbra,19.1906,73.0229,0.1,27.3,83.0,23.6
2022-09-15T16:00,2022,Thane Mumbra,19.1906,73.0229,0.7,26.0,87.0,21.9
2022-09-15T17:00,2022,Thane Mumbra,19.1906,73.0229,0.6,25.5,92.0,13.2
2022-09-15T18:00,2022,Thane Mumbra,19.1906,73.0229,1.9,25.1,92.0,14.8
2022-09-15T19:00,2022,Thane Mumbra,19.1906,73.0229,0.7,25.1,93.0,13.6
2022-09-15T20:00,2022,Thane Mumbra,19.1906,73.0229,0.5,25.1,93.0,15.3
2022-09-15T21:00,2022,Thane Mumbra,19.1906,73.0229,0.7,25.1,93.0,14.3
2022-09-15T22:00,2022,Thane Mumbra,19.1906,73.0229,2.1,25.0,93.0,16.6
2022-09-15T23:00,2022,Thane Mumbra,19.1906,73.0229,0.5,25.0,93.0,14.6
2022-09-16T00:00,2022,Thane Mumbra,19.1906,73.0229,3.2,24.7,94.0,14.5
2022-09-16T01:00,2022,Thane Mumbra,19.1906,73.0229,2.2,24.9,94.0,16.6
2022-09-16T02:00,2022,Thane Mumbra,19.1906,73.0229,2.4,25.1,94.0,16.0
2022-09-16T03:00,2022,Thane Mumbra,19.1906,73.0229,2.8,25.0,93.0,19.3
2022-09-16T04:00,2022,Thane Mumbra,19.1906,73.0229,1.1,25.0,94.0,20.6
2022-09-16T05:00,2022,Thane Mumbra,19.1906,73.0229,2.2,24.8,94.0,15.8
2022-09-16T06:00,2022,Thane Mumbra,19.1906,73.0229,2.8,24.8,94.0,13.5
2022-09-16T07:00,2022,Thane Mumbra,19.1906,73.0229,2.2,25.2,93.0,12.2
2022-09-16T08:00,2022,Thane Mumbra,19.1906,73.0229,2.6,25.5,95.0,15.5
2022-09-16T09:00,2022,Thane Mumbra,19.1906,73.0229,2.1,25.8,93.0,17.7
2022-09-16T10:00,2022,Thane Mumbra,19.1906,73.0229,5.9,25.8,91.0,18.2
2022-09-16T11:00,2022,Thane Mumbra,19.1906,73.0229,3.0,25.9,92.0,18.9
2022-09-16T12:00,2022,Thane Mumbra,19.1906,73.0229,2.5,25.9,92.0,16.8
2022-09-16T13:00,2022,Thane Mumbra,19.1906,73.0229,3.5,25.7,92.0,16.8
2022-09-16T14:00,2022,Thane Mumbra,19.1906,73.0229,1.3,25.3,92.0,16.9
2022-09-16T15:00,2022,Thane Mumbra,19.1906,73.0229,2.1,25.6,91.0,16.4
2022-09-16T16:00,2022,Thane Mumbra,19.1906,73.0229,1.3,25.2,92.0,17.4
2022-09-16T17:00,2022,Thane Mumbra,19.1906,73.0229,1.1,25.6,92.0,13.2
2022-09-16T18:00,2022,Thane Mumbra,19.1906,73.0229,0.5,25.1,94.0,8.4
2022-09-16T19:00,2022,Thane Mumbra,19.1906,73.0229,1.2,24.6,95.0,9.3
2022-09-16T20:00,2022,Thane Mumbra,19.1906,73.0229,0.7,24.3,96.0,5.6
2022-09-16T21:00,2022,Thane Mumbra,19.1906,73.0229,0.2,24.3,96.0,7.2
2022-09-16T22:00,2022,Thane Mumbra,19.1906,73.0229,0.2,24.3,96.0,9.7
2022-09-16T23:00,2022,Thane Mumbra,19.1906,73.0229,0.1,24.4,95.0,9.5
2022-09-17T00:00,2022,Thane Mumbra,19.1906,73.0229,0.1,24.0,96.0,10.5
2022-09-17T01:00,2022,Thane Mumbra,19.1906,73.0229,0.3,23.7,96.0,10.1
2022-09-17T02:00,2022,Thane Mumbra,19.1906,73.0229,0.4,23.4,97.0,11.2
2022-09-17T03:00,2022,Thane Mumbra,19.1906,73.0229,0.9,23.6,97.0,8.6
2022-09-17T04:00,2022,Thane Mumbra,19.1906,73.0229,0.7,23.7,97.0,6.5
2022-09-17T05:00,2022,Thane Mumbra,19.1906,73.0229,1.0,23.2,97.0,9.8
2022-09-17T06:00,2022,Thane Mumbra,19.1906,73.0229,2.5,23.4,96.0,8.2
2022-09-17T07:00,2022,Thane Mumbra,19.1906,73.0229,0.6,24.1,95.0,8.7
2022-09-17T08:00,2022,Thane Mumbra,19.1906,73.0229,0.5,24.6,92.0,11.5
2022-09-17T09:00,2022,Thane Mumbra,19.1906,73.0229,0.3,25.4,89.0,13.0
2022-09-17T10:00,2022,Thane Mumbra,19.1906,73.0229,0.1,26.4,86.0,15.4
2022-09-17T11:00,2022,Thane Mumbra,19.1906,73.0229,0.1,27.5,81.0,14.8
2022-09-17T12:00,2022,Thane Mumbra,19.1906,73.0229,0.8,27.0,84.0,13.5
2022-09-17T13:00,2022,Thane Mumbra,19.1906,73.0229,0.9,27.0,79.0,18.3
2022-09-17T14:00,2022,Thane Mumbra,19.1906,73.0229,0.5,27.5,83.0,12.2
2022-09-17T15:00,2022,Thane Mumbra,19.1906,73.0229,0.0,28.2,78.0,16.0
2022-09-17T16:00,2022,Thane Mumbra,19.1906,73.0229,0.9,26.7,81.0,15.6
2022-09-17T17:00,2022,Thane Mumbra,19.1906,73.0229,0.6,25.1,89.0,13.2
2022-09-17T18:00,2022,Thane Mumbra,19.1906,73.0229,9.3,24.3,94.0,6.9
2022-09-17T19:00,2022,Thane Mumbra,19.1906,73.0229,0.8,24.2,95.0,6.3
2022-09-17T20:00,2022,Thane Mumbra,19.1906,73.0229,3.9,23.7,96.0,5.4
2022-09-17T21:00,2022,Thane Mumbra,19.1906,73.0229,8.5,23.7,96.0,8.9
2022-09-17T22:00,2022,Thane Mumbra,19.1906,73.0229,0.4,23.4,97.0,12.8
2022-09-17T23:00,2022,Thane Mumbra,19.1906,73.0229,0.5,23.4,95.0,12.9
2022-09-18T00:00,2022,Thane Mumbra,19.1906,73.0229,0.3,23.6,95.0,12.0
2022-09-18T01:00,2022,Thane Mumbra,19.1906,73.0229,0.2,23.5,96.0,9.9
2022-09-18T02:00,2022,Thane Mumbra,19.1906,73.0229,0.3,23.6,96.0,10.3
2022-09-18T03:00,2022,Thane Mumbra,19.1906,73.0229,0.4,23.8,96.0,9.3
2022-09-18T04:00,2022,Thane Mumbra,19.1906,73.0229,0.7,24.0,96.0,11.2
2022-09-18T05:00,2022,Thane Mumbra,19.1906,73.0229,1.2,24.5,94.0,10.2
2022-09-18T06:00,2022,Thane Mumbra,19.1906,73.0229,3.3,24.4,94.0,10.6
2022-09-18T07:00,2022,Thane Mumbra,19.1906,73.0229,4.5,24.5,94.0,7.9
2022-09-18T08:00,2022,Thane Mumbra,19.1906,73.0229,2.0,24.8,94.0,6.8
2022-09-18T09:00,2022,Thane Mumbra,19.1906,73.0229,4.3,24.8,94.0,8.7
2022-09-18T10:00,2022,Thane Mumbra,19.1906,73.0229,3.9,25.2,93.0,8.4
2022-09-18T11:00,2022,Thane Mumbra,19.1906,73.0229,2.6,25.5,91.0,8.6
2022-09-18T12:00,2022,Thane Mumbra,19.1906,73.0229,3.3,25.4,90.0,11.6
2022-09-18T13:00,2022,Thane Mumbra,19.1906,73.0229,0.8,25.9,90.0,9.3
2022-09-18T14:00,2022,Thane Mumbra,19.1906,73.0229,1.2,26.3,89.0,12.1
2022-09-18T15:00,2022,Thane Mumbra,19.1906,73.0229,0.7,26.0,88.0,10.6
2022-09-18T16:00,2022,Thane Mumbra,19.1906,73.0229,1.7,25.4,88.0,9.7
2022-09-18T17:00,2022,Thane Mumbra,19.1906,73.0229,0.7,24.9,91.0,4.4
2022-09-18T18:00,2022,Thane Mumbra,19.1906,73.0229,1.0,24.5,94.0,7.7
2022-09-18T19:00,2022,Thane Mumbra,19.1906,73.0229,1.3,24.0,93.0,6.4
2022-09-18T20:00,2022,Thane Mumbra,19.1906,73.0229,2.4,23.7,93.0,5.1
2022-09-18T21:00,2022,Thane Mumbra,19.1906,73.0229,0.9,23.7,94.0,6.1
2022-09-18T22:00,2022,Thane Mumbra,19.1906,73.0229,0.4,23.7,95.0,7.0
2022-09-18T23:00,2022,Thane Mumbra,19.1906,73.0229,0.3,23.8,96.0,7.9
2022-09-19T00:00,2022,Thane Mumbra,19.1906,73.0229,0.2,23.9,97.0,7.6
2022-09-19T01:00,2022,Thane Mumbra,19.1906,73.0229,0.2,23.8,97.0,5.2
2022-09-19T02:00,2022,Thane Mumbra,19.1906,73.0229,0.2,23.8,97.0,4.1
2022-09-19T03:00,2022,Thane Mumbra,19.1906,73.0229,0.1,23.9,96.0,5.4
2022-09-19T04:00,2022,Thane Mumbra,19.1906,73.0229,0.1,23.6,96.0,4.0
2022-09-19T05:00,2022,Thane Mumbra,19.1906,73.0229,0.1,22.7,96.0,3.2
2022-09-19T06:00,2022,Thane Mumbra,19.1906,73.0229,0.1,22.9,96.0,3.7
2022-09-19T07:00,2022,Thane Mumbra,19.1906,73.0229,0.0,23.7,95.0,4.7
2022-09-19T08:00,2022,Thane Mumbra,19.1906,73.0229,0.0,25.3,91.0,7.0
2022-09-19T09:00,2022,Thane Mumbra,19.1906,73.0229,0.0,26.5,86.0,8.2
2022-09-19T10:00,2022,Thane Mumbra,19.1906,73.0229,0.1,27.5,78.0,10.7
2022-09-19T11:00,2022,Thane Mumbra,19.1906,73.0229,1.9,26.2,83.0,9.8
2022-09-19T12:00,2022,Thane Mumbra,19.1906,73.0229,0.1,27.8,77.0,11.5
2022-09-19T13:00,2022,Thane Mumbra,19.1906,73.0229,0.1,28.1,74.0,14.2
2022-09-19T14:00,2022,Thane Mumbra,19.1906,73.0229,0.0,27.8,74.0,13.7
2022-09-19T15:00,2022,Thane Mumbra,19.1906,73.0229,0.0,27.5,75.0,11.3
2022-09-19T16:00,2022,Thane Mumbra,19.1906,73.0229,0.0,27.6,74.0,10.5
2022-09-19T17:00,2022,Thane Mumbra,19.1906,73.0229,0.0,26.5,79.0,5.5
2022-09-19T18:00,2022,Thane Mumbra,19.1906,73.0229,0.0,25.6,84.0,4.0
2022-09-19T19:00,2022,Thane Mumbra,19.1906,73.0229,0.0,25.0,87.0,3.7
2022-09-19T20:00,2022,Thane Mumbra,19.1906,73.0229,0.0,24.9,88.0,4.4
2022-09-19T21:00,2022,Thane Mumbra,19.1906,73.0229,0.0,24.2,92.0,5.2
2022-09-19T22:00,2022,Thane Mumbra,19.1906,73.0229,0.0,23.8,95.0,5.9
2022-09-19T23:00,2022,Thane Mumbra,19.1906,73.0229,0.0,23.5,96.0,7.7
2022-09-20T00:00,2022,Thane Mumbra,19.1906,73.0229,0.0,23.4,96.0,7.7
2022-09-20T01:00,2022,Thane Mumbra,19.1906,73.0229,0.0,23.5,95.0,7.6
2022-09-20T02:00,2022,Thane Mumbra,19.1906,73.0229,0.0,23.5,95.0,6.4
2022-09-20T03:00,2022,Thane Mumbra,19.1906,73.0229,0.1,23.4,95.0,7.1
2022-09-20T04:00,2022,Thane Mumbra,19.1906,73.0229,0.0,23.6,94.0,7.2
2022-09-20T05:00,2022,Thane Mumbra,19.1906,73.0229,0.0,23.5,95.0,5.2
2022-09-20T06:00,2022,Thane Mumbra,19.1906,73.0229,0.1,23.6,95.0,4.0
2022-09-20T07:00,2022,Thane Mumbra,19.1906,73.0229,0.2,24.0,95.0,6.2
2022-09-20T08:00,2022,Thane Mumbra,19.1906,73.0229,0.1,24.5,93.0,4.8
2022-09-20T09:00,2022,Thane Mumbra,19.1906,73.0229,0.1,24.9,91.0,4.6
2022-09-20T10:00,2022,Thane Mumbra,19.1906,73.0229,0.1,25.4,88.0,3.5
2022-09-20T11:00,2022,Thane Mumbra,19.1906,73.0229,0.1,26.4,85.0,4.4
2022-09-20T12:00,2022,Thane Mumbra,19.1906,73.0229,0.1,26.2,84.0,8.8
2022-09-20T13:00,2022,Thane Mumbra,19.1906,73.0229,0.7,26.2,81.0,10.9
2022-09-20T14:00,2022,Thane Mumbra,19.1906,73.0229,0.4,25.6,85.0,10.5
2022-09-20T15:00,2022,Thane Mumbra,19.1906,73.0229,0.2,25.4,87.0,9.8
2022-09-20T16:00,2022,Thane Mumbra,19.1906,73.0229,0.1,25.9,87.0,8.4
2022-09-20T17:00,2022,Thane Mumbra,19.1906,73.0229,0.0,26.2,82.0,7.6
2022-09-20T18:00,2022,Thane Mumbra,19.1906,73.0229,0.1,25.4,86.0,3.7
2022-09-20T19:00,2022,Thane Mumbra,19.1906,73.0229,0.1,24.9,88.0,6.6
2022-09-20T20:00,2022,Thane Mumbra,19.1906,73.0229,0.6,24.3,91.0,8.0
2022-09-20T21:00,2022,Thane Mumbra,19.1906,73.0229,0.7,24.0,94.0,5.1
2022-09-20T22:00,2022,Thane Mumbra,19.1906,73.0229,2.9,23.9,95.0,8.5
2022-09-20T23:00,2022,Thane Mumbra,19.1906,73.0229,0.2,23.8,94.0,5.9
2022-09-21T00:00,2022,Thane Mumbra,19.1906,73.0229,0.0,23.7,96.0,4.3
2022-09-21T01:00,2022,Thane Mumbra,19.1906,73.0229,0.0,23.3,97.0,3.8
2022-09-21T02:00,2022,Thane Mumbra,19.1906,73.0229,0.0,23.5,97.0,5.4
2022-09-21T03:00,2022,Thane Mumbra,19.1906,73.0229,0.0,23.4,97.0,6.2
2022-09-21T04:00,2022,Thane Mumbra,19.1906,73.0229,0.0,23.3,96.0,5.1
2022-09-21T05:00,2022,Thane Mumbra,19.1906,73.0229,0.1,23.5,96.0,7.6
2022-09-21T06:00,2022,Thane Mumbra,19.1906,73.0229,0.1,23.6,96.0,6.5
2022-09-21T07:00,2022,Thane Mumbra,19.1906,73.0229,0.5,23.8,96.0,6.2
2022-09-21T08:00,2022,Thane Mumbra,19.1906,73.0229,0.4,24.3,94.0,5.4
2022-09-21T09:00,2022,Thane Mumbra,19.1906,73.0229,0.9,24.9,92.0,6.5
2022-09-21T10:00,2022,Thane Mumbra,19.1906,73.0229,0.8,25.4,89.0,6.2
2022-09-21T11:00,2022,Thane Mumbra,19.1906,73.0229,0.1,26.0,87.0,7.0
2022-09-21T12:00,2022,Thane Mumbra,19.1906,73.0229,0.1,27.0,82.0,9.7
2022-09-21T13:00,2022,Thane Mumbra,19.1906,73.0229,0.0,27.8,78.0,12.6
2022-09-21T14:00,2022,Thane Mumbra,19.1906,73.0229,0.0,27.5,77.0,14.5
2022-09-21T15:00,2022,Thane Mumbra,19.1906,73.0229,0.0,27.2,77.0,13.4
2022-09-21T16:00,2022,Thane Mumbra,19.1906,73.0229,0.0,26.8,78.0,13.0
2022-09-21T17:00,2022,Thane Mumbra,19.1906,73.0229,0.1,25.0,90.0,5.5
2022-09-21T18:00,2022,Thane Mumbra,19.1906,73.0229,0.3,24.6,94.0,3.1
2022-09-21T19:00,2022,Thane Mumbra,19.1906,73.0229,0.0,24.3,94.0,3.4
2022-09-21T20:00,2022,Thane Mumbra,19.1906,73.0229,0.0,24.2,94.0,3.6
2022-09-21T21:00,2022,Thane Mumbra,19.1906,73.0229,0.0,24.1,94.0,3.6
2022-09-21T22:00,2022,Thane Mumbra,19.1906,73.0229,0.0,24.3,94.0,3.4
2022-09-21T23:00,2022,Thane Mumbra,19.1906,73.0229,0.0,24.1,94.0,2.9
2022-09-22T00:00,2022,Thane Mumbra,19.1906,73.0229,0.0,24.1,94.0,4.2
2022-09-22T01:00,2022,Thane Mumbra,19.1906,73.0229,0.1,23.9,94.0,4.0
2022-09-22T02:00,2022,Thane Mumbra,19.1906,73.0229,0.1,23.7,95.0,4.1
2022-09-22T03:00,2022,Thane Mumbra,19.1906,73.0229,0.1,23.6,95.0,6.0
2022-09-22T04:00,2022,Thane Mumbra,19.1906,73.0229,0.2,23.5,95.0,5.8
2022-09-22T05:00,2022,Thane Mumbra,19.1906,73.0229,0.1,23.6,96.0,5.2
2022-09-22T06:00,2022,Thane Mumbra,19.1906,73.0229,0.4,23.8,95.0,5.4
2022-09-22T07:00,2022,Thane Mumbra,19.1906,73.0229,0.8,23.9,95.0,6.0
2022-09-22T08:00,2022,Thane Mumbra,19.1906,73.0229,0.6,24.5,93.0,9.2
2022-09-22T09:00,2022,Thane Mumbra,19.1906,73.0229,0.3,25.5,88.0,8.9
2022-09-22T10:00,2022,Thane Mumbra,19.1906,73.0229,0.3,25.9,85.0,10.8
2022-09-22T11:00,2022,Thane Mumbra,19.1906,73.0229,3.1,25.0,90.0,12.4
2022-09-22T12:00,2022,Thane Mumbra,19.1906,73.0229,1.7,25.1,92.0,12.0
2022-09-22T13:00,2022,Thane Mumbra,19.1906,73.0229,1.1,25.4,91.0,10.5
2022-09-22T14:00,2022,Thane Mumbra,19.1906,73.0229,2.1,24.6,91.0,12.7
2022-09-22T15:00,2022,Thane Mumbra,19.1906,73.0229,1.5,24.9,90.0,9.7
2022-09-22T16:00,2022,Thane Mumbra,19.1906,73.0229,0.9,24.6,92.0,8.7
2022-09-22T17:00,2022,Thane Mumbra,19.1906,73.0229,0.4,24.6,93.0,4.7
2022-09-22T18:00,2022,Thane Mumbra,19.1906,73.0229,0.1,24.3,95.0,4.5
2022-09-22T19:00,2022,Thane Mumbra,19.1906,73.0229,0.1,24.0,94.0,5.2
2022-09-22T20:00,2022,Thane Mumbra,19.1906,73.0229,0.1,23.9,94.0,5.2
2022-09-22T21:00,2022,Thane Mumbra,19.1906,73.0229,0.1,23.7,95.0,5.5
2022-09-22T22:00,2022,Thane Mumbra,19.1906,73.0229,0.0,23.5,95.0,6.1
2022-09-22T23:00,2022,Thane Mumbra,19.1906,73.0229,0.0,23.2,95.0,6.0
2022-09-23T00:00,2022,Thane Mumbra,19.1906,73.0229,0.0,23.1,95.0,6.4
2022-09-23T01:00,2022,Thane Mumbra,19.1906,73.0229,0.0,23.2,93.0,8.2
2022-09-23T02:00,2022,Thane Mumbra,19.1906,73.0229,0.0,23.3,92.0,8.1
2022-09-23T03:00,2022,Thane Mumbra,19.1906,73.0229,0.0,23.4,92.0,8.7
2022-09-23T04:00,2022,Thane Mumbra,19.1906,73.0229,0.0,23.4,92.0,8.4
2022-09-23T05:00,2022,Thane Mumbra,19.1906,73.0229,0.0,23.2,92.0,7.0
2022-09-23T06:00,2022,Thane Mumbra,19.1906,73.0229,0.0,23.3,91.0,7.6
2022-09-23T07:00,2022,Thane Mumbra,19.1906,73.0229,0.1,23.9,89.0,8.9
2022-09-23T08:00,2022,Thane Mumbra,19.1906,73.0229,0.0,24.7,89.0,9.4
2022-09-23T09:00,2022,Thane Mumbra,19.1906,73.0229,0.1,26.3,81.0,12.6
2022-09-23T10:00,2022,Thane Mumbra,19.1906,73.0229,0.4,27.3,77.0,15.2
2022-09-23T11:00,2022,Thane Mumbra,19.1906,73.0229,0.4,28.0,74.0,16.3
2022-09-23T12:00,2022,Thane Mumbra,19.1906,73.0229,0.1,28.3,73.0,16.8
2022-09-23T13:00,2022,Thane Mumbra,19.1906,73.0229,0.8,27.9,71.0,17.1
2022-09-23T14:00,2022,Thane Mumbra,19.1906,73.0229,0.5,27.8,76.0,16.0
2022-09-23T15:00,2022,Thane Mumbra,19.1906,73.0229,0.2,26.4,79.0,17.9
2022-09-23T16:00,2022,Thane Mumbra,19.1906,73.0229,0.2,26.8,79.0,15.3
2022-09-23T17:00,2022,Thane Mumbra,19.1906,73.0229,0.0,27.1,76.0,11.6
2022-09-23T18:00,2022,Thane Mumbra,19.1906,73.0229,0.0,26.0,81.0,9.1
2022-09-23T19:00,2022,Thane Mumbra,19.1906,73.0229,0.0,25.4,84.0,9.7
2022-09-23T20:00,2022,Thane Mumbra,19.1906,73.0229,0.0,25.2,86.0,9.8
2022-09-23T21:00,2022,Thane Mumbra,19.1906,73.0229,0.0,24.9,87.0,12.7
2022-09-23T22:00,2022,Thane Mumbra,19.1906,73.0229,0.1,24.3,90.0,7.8
2022-09-23T23:00,2022,Thane Mumbra,19.1906,73.0229,0.1,24.2,91.0,7.2
2022-09-24T00:00,2022,Thane Mumbra,19.1906,73.0229,0.1,24.1,92.0,8.8
2022-09-24T01:00,2022,Thane Mumbra,19.1906,73.0229,0.1,24.0,92.0,9.4
2022-09-24T02:00,2022,Thane Mumbra,19.1906,73.0229,0.1,23.9,93.0,9.7
2022-09-24T03:00,2022,Thane Mumbra,19.1906,73.0229,0.1,23.9,93.0,10.4
2022-09-24T04:00,2022,Thane Mumbra,19.1906,73.0229,0.1,23.9,93.0,11.9
2022-09-24T05:00,2022,Thane Mumbra,19.1906,73.0229,0.1,23.7,94.0,10.1
2022-09-24T06:00,2022,Thane Mumbra,19.1906,73.0229,0.0,23.7,94.0,8.8
2022-09-24T07:00,2022,Thane Mumbra,19.1906,73.0229,0.0,24.5,90.0,11.2
2022-09-24T08:00,2022,Thane Mumbra,19.1906,73.0229,0.1,24.9,88.0,12.4
2022-09-24T09:00,2022,Thane Mumbra,19.1906,73.0229,0.1,25.8,84.0,12.4
2022-09-24T10:00,2022,Thane Mumbra,19.1906,73.0229,0.2,26.8,79.0,13.7
2022-09-24T11:00,2022,Thane Mumbra,19.1906,73.0229,0.3,27.1,81.0,14.1
2022-09-24T12:00,2022,Thane Mumbra,19.1906,73.0229,0.0,27.9,78.0,13.8
2022-09-24T13:00,2022,Thane Mumbra,19.1906,73.0229,0.0,27.5,78.0,14.8
2022-09-24T14:00,2022,Thane Mumbra,19.1906,73.0229,0.7,27.1,82.0,13.8
2022-09-24T15:00,2022,Thane Mumbra,19.1906,73.0229,0.0,27.6,79.0,13.6
2022-09-24T16:00,2022,Thane Mumbra,19.1906,73.0229,0.1,27.1,79.0,12.0
2022-09-24T17:00,2022,Thane Mumbra,19.1906,73.0229,0.2,27.1,80.0,10.7
2022-09-24T18:00,2022,Thane Mumbra,19.1906,73.0229,0.0,26.2,83.0,7.5
2022-09-24T19:00,2022,Thane Mumbra,19.1906,73.0229,0.1,25.6,87.0,5.6
2022-09-24T20:00,2022,Thane Mumbra,19.1906,73.0229,0.1,25.1,90.0,6.0
2022-09-24T21:00,2022,Thane Mumbra,19.1906,73.0229,0.2,24.6,92.0,7.4
2022-09-24T22:00,2022,Thane Mumbra,19.1906,73.0229,0.6,23.9,93.0,7.2
2022-09-24T23:00,2022,Thane Mumbra,19.1906,73.0229,0.1,23.8,95.0,6.3
2022-09-25T00:00,2022,Thane Mumbra,19.1906,73.0229,0.0,23.9,96.0,6.5
2022-09-25T01:00,2022,Thane Mumbra,19.1906,73.0229,0.0,23.5,97.0,7.6
2022-09-25T02:00,2022,Thane Mumbra,19.1906,73.0229,0.0,23.4,96.0,7.6
2022-09-25T03:00,2022,Thane Mumbra,19.1906,73.0229,0.0,23.4,97.0,7.3
2022-09-25T04:00,2022,Thane Mumbra,19.1906,73.0229,0.0,23.4,97.0,7.2
2022-09-25T05:00,2022,Thane Mumbra,19.1906,73.0229,0.2,23.6,96.0,5.2
2022-09-25T06:00,2022,Thane Mumbra,19.1906,73.0229,0.0,23.8,95.0,5.8
2022-09-25T07:00,2022,Thane Mumbra,19.1906,73.0229,0.0,24.5,91.0,7.9
2022-09-25T08:00,2022,Thane Mumbra,19.1906,73.0229,0.0,25.5,87.0,8.2
2022-09-25T09:00,2022,Thane Mumbra,19.1906,73.0229,0.1,26.3,83.0,10.5
2022-09-25T10:00,2022,Thane Mumbra,19.1906,73.0229,0.1,26.5,82.0,7.9
2022-09-25T11:00,2022,Thane Mumbra,19.1906,73.0229,0.3,27.0,80.0,11.3
2022-09-25T12:00,2022,Thane Mumbra,19.1906,73.0229,0.3,27.8,79.0,8.2
2022-09-25T13:00,2022,Thane Mumbra,19.1906,73.0229,0.1,28.9,74.0,9.7
2022-09-25T14:00,2022,Thane Mumbra,19.1906,73.0229,0.0,28.2,75.0,9.8
2022-09-25T15:00,2022,Thane Mumbra,19.1906,73.0229,0.4,27.7,76.0,10.5
2022-09-25T16:00,2022,Thane Mumbra,19.1906,73.0229,0.0,27.5,77.0,8.2
2022-09-25T17:00,2022,Thane Mumbra,19.1906,73.0229,0.1,27.2,80.0,4.4
2022-09-25T18:00,2022,Thane Mumbra,19.1906,73.0229,0.2,25.8,87.0,4.7
2022-09-25T19:00,2022,Thane Mumbra,19.1906,73.0229,0.0,26.4,81.0,2.4
2022-09-25T20:00,2022,Thane Mumbra,19.1906,73.0229,0.0,24.9,91.0,2.2
2022-09-25T21:00,2022,Thane Mumbra,19.1906,73.0229,0.0,24.1,96.0,3.6
2022-09-25T22:00,2022,Thane Mumbra,19.1906,73.0229,0.0,23.9,97.0,3.6
2022-09-25T23:00,2022,Thane Mumbra,19.1906,73.0229,0.0,23.7,99.0,2.6
2022-09-26T00:00,2022,Thane Mumbra,19.1906,73.0229,0.0,24.0,99.0,1.8
2022-09-26T01:00,2022,Thane Mumbra,19.1906,73.0229,0.0,24.1,99.0,1.5
2022-09-26T02:00,2022,Thane Mumbra,19.1906,73.0229,0.1,24.0,98.0,0.5
2022-09-26T03:00,2022,Thane Mumbra,19.1906,73.0229,0.2,23.7,98.0,4.9
2022-09-26T04:00,2022,Thane Mumbra,19.1906,73.0229,0.2,23.2,100.0,3.1
2022-09-26T05:00,2022,Thane Mumbra,19.1906,73.0229,2.8,23.6,96.0,4.1
2022-09-26T06:00,2022,Thane Mumbra,19.1906,73.0229,0.1,23.5,94.0,2.2
2022-09-26T07:00,2022,Thane Mumbra,19.1906,73.0229,0.1,23.9,91.0,3.6
2022-09-26T08:00,2022,Thane Mumbra,19.1906,73.0229,0.0,24.4,89.0,6.5
2022-09-26T09:00,2022,Thane Mumbra,19.1906,73.0229,0.0,25.5,85.0,5.0
2022-09-26T10:00,2022,Thane Mumbra,19.1906,73.0229,0.0,27.0,81.0,3.7
2022-09-26T11:00,2022,Thane Mumbra,19.1906,73.0229,0.0,27.7,78.0,4.5
2022-09-26T12:00,2022,Thane Mumbra,19.1906,73.0229,0.0,28.1,75.0,5.1
2022-09-26T13:00,2022,Thane Mumbra,19.1906,73.0229,0.0,28.7,73.0,5.5
2022-09-26T14:00,2022,Thane Mumbra,19.1906,73.0229,0.1,28.8,73.0,10.8
2022-09-26T15:00,2022,Thane Mumbra,19.1906,73.0229,0.7,28.2,72.0,11.9
2022-09-26T16:00,2022,Thane Mumbra,19.1906,73.0229,0.1,27.8,74.0,12.1
2022-09-26T17:00,2022,Thane Mumbra,19.1906,73.0229,0.0,27.3,76.0,9.8
2022-09-26T18:00,2022,Thane Mumbra,19.1906,73.0229,0.0,26.3,81.0,5.6
2022-09-26T19:00,2022,Thane Mumbra,19.1906,73.0229,0.0,25.5,87.0,4.4
2022-09-26T20:00,2022,Thane Mumbra,19.1906,73.0229,0.0,24.9,91.0,5.8
2022-09-26T21:00,2022,Thane Mumbra,19.1906,73.0229,0.0,25.5,87.0,4.7
2022-09-26T22:00,2022,Thane Mumbra,19.1906,73.0229,0.0,24.1,94.0,4.3
2022-09-26T23:00,2022,Thane Mumbra,19.1906,73.0229,0.0,23.9,96.0,3.5
2022-09-27T00:00,2022,Thane Mumbra,19.1906,73.0229,0.0,23.3,98.0,4.0
2022-09-27T01:00,2022,Thane Mumbra,19.1906,73.0229,0.0,23.1,98.0,4.2
2022-09-27T02:00,2022,Thane Mumbra,19.1906,73.0229,0.0,22.9,99.0,3.7
2022-09-27T03:00,2022,Thane Mumbra,19.1906,73.0229,0.0,22.9,100.0,1.8
2022-09-27T04:00,2022,Thane Mumbra,19.1906,73.0229,0.0,23.0,99.0,2.4
2022-09-27T05:00,2022,Thane Mumbra,19.1906,73.0229,0.0,23.9,98.0,1.5
2022-09-27T06:00,2022,Thane Mumbra,19.1906,73.0229,0.0,24.2,96.0,3.1
2022-09-27T07:00,2022,Thane Mumbra,19.1906,73.0229,0.0,24.7,93.0,2.9
2022-09-27T08:00,2022,Thane Mumbra,19.1906,73.0229,0.1,25.5,90.0,3.2
2022-09-27T09:00,2022,Thane Mumbra,19.1906,73.0229,0.2,26.3,83.0,3.3
2022-09-27T10:00,2022,Thane Mumbra,19.1906,73.0229,0.1,27.3,79.0,2.5
2022-09-27T11:00,2022,Thane Mumbra,19.1906,73.0229,0.0,28.1,78.0,3.7
2022-09-27T12:00,2022,Thane Mumbra,19.1906,73.0229,0.0,28.2,77.0,5.1
2022-09-27T13:00,2022,Thane Mumbra,19.1906,73.0229,0.1,29.6,71.0,8.0
2022-09-27T14:00,2022,Thane Mumbra,19.1906,73.0229,0.0,29.6,70.0,10.2
2022-09-27T15:00,2022,Thane Mumbra,19.1906,73.0229,1.0,28.1,71.0,11.4
2022-09-27T16:00,2022,Thane Mumbra,19.1906,73.0229,0.7,27.1,79.0,8.8
2022-09-27T17:00,2022,Thane Mumbra,19.1906,73.0229,0.1,27.4,77.0,9.0
2022-09-27T18:00,2022,Thane Mumbra,19.1906,73.0229,0.0,26.0,87.0,4.5
2022-09-27T19:00,2022,Thane Mumbra,19.1906,73.0229,0.0,25.9,87.0,4.5
2022-09-27T20:00,2022,Thane Mumbra,19.1906,73.0229,0.0,25.3,90.0,3.7
2022-09-27T21:00,2022,Thane Mumbra,19.1906,73.0229,0.0,24.7,94.0,4.8
2022-09-27T22:00,2022,Thane Mumbra,19.1906,73.0229,0.0,24.1,97.0,4.7
2022-09-27T23:00,2022,Thane Mumbra,19.1906,73.0229,0.0,23.8,97.0,3.6
2022-09-28T00:00,2022,Thane Mumbra,19.1906,73.0229,0.0,24.2,96.0,2.1
2022-09-28T01:00,2022,Thane Mumbra,19.1906,73.0229,0.0,24.2,97.0,1.8
2022-09-28T02:00,2022,Thane Mumbra,19.1906,73.0229,0.0,24.2,98.0,2.5
2022-09-28T03:00,2022,Thane Mumbra,19.1906,73.0229,0.0,24.1,98.0,3.7
2022-09-28T04:00,2022,Thane Mumbra,19.1906,73.0229,0.0,23.6,99.0,3.0
2022-09-28T05:00,2022,Thane Mumbra,19.1906,73.0229,0.0,23.7,99.0,3.1
2022-09-28T06:00,2022,Thane Mumbra,19.1906,73.0229,0.0,23.7,99.0,2.5
2022-09-28T07:00,2022,Thane Mumbra,19.1906,73.0229,0.0,24.7,95.0,1.3
2022-09-28T08:00,2022,Thane Mumbra,19.1906,73.0229,0.0,26.1,87.0,2.6
2022-09-28T09:00,2022,Thane Mumbra,19.1906,73.0229,0.0,27.4,83.0,5.6
2022-09-28T10:00,2022,Thane Mumbra,19.1906,73.0229,0.1,28.1,80.0,3.6
2022-09-28T11:00,2022,Thane Mumbra,19.1906,73.0229,0.1,28.7,76.0,4.8
2022-09-28T12:00,2022,Thane Mumbra,19.1906,73.0229,0.1,28.5,77.0,9.6
2022-09-28T13:00,2022,Thane Mumbra,19.1906,73.0229,0.6,28.1,79.0,10.5
2022-09-28T14:00,2022,Thane Mumbra,19.1906,73.0229,0.1,28.3,78.0,11.9
2022-09-28T15:00,2022,Thane Mumbra,19.1906,73.0229,0.2,28.2,76.0,12.6
2022-09-28T16:00,2022,Thane Mumbra,19.1906,73.0229,0.1,27.8,77.0,11.6
2022-09-28T17:00,2022,Thane Mumbra,19.1906,73.0229,0.1,27.9,76.0,7.9
2022-09-28T18:00,2022,Thane Mumbra,19.1906,73.0229,0.0,26.6,84.0,4.2
2022-09-28T19:00,2022,Thane Mumbra,19.1906,73.0229,0.1,25.6,90.0,4.3
2022-09-28T20:00,2022,Thane Mumbra,19.1906,73.0229,0.0,25.4,91.0,5.9
2022-09-28T21:00,2022,Thane Mumbra,19.1906,73.0229,0.0,25.0,94.0,5.8
2022-09-28T22:00,2022,Thane Mumbra,19.1906,73.0229,0.0,24.4,97.0,3.7
2022-09-28T23:00,2022,Thane Mumbra,19.1906,73.0229,0.0,23.9,99.0,4.1
2022-09-29T00:00,2022,Thane Mumbra,19.1906,73.0229,0.0,24.6,95.0,1.5
2022-09-29T01:00,2022,Thane Mumbra,19.1906,73.0229,0.0,24.2,97.0,0.7
2022-09-29T02:00,2022,Thane Mumbra,19.1906,73.0229,0.0,24.0,99.0,1.1
2022-09-29T03:00,2022,Thane Mumbra,19.1906,73.0229,0.0,23.8,99.0,0.7
2022-09-29T04:00,2022,Thane Mumbra,19.1906,73.0229,0.0,23.3,100.0,1.1
2022-09-29T05:00,2022,Thane Mumbra,19.1906,73.0229,0.0,23.8,99.0,3.4
2022-09-29T06:00,2022,Thane Mumbra,19.1906,73.0229,0.8,24.2,97.0,6.9
2022-09-29T07:00,2022,Thane Mumbra,19.1906,73.0229,0.3,24.2,94.0,1.8
2022-09-29T08:00,2022,Thane Mumbra,19.1906,73.0229,0.0,24.8,90.0,2.7
2022-09-29T09:00,2022,Thane Mumbra,19.1906,73.0229,0.1,26.2,85.0,4.0
2022-09-29T10:00,2022,Thane Mumbra,19.1906,73.0229,0.2,27.4,79.0,3.1
2022-09-29T11:00,2022,Thane Mumbra,19.1906,73.0229,0.2,28.2,77.0,1.8
2022-09-29T12:00,2022,Thane Mumbra,19.1906,73.0229,0.1,28.8,75.0,1.3
2022-09-29T13:00,2022,Thane Mumbra,19.1906,73.0229,0.1,29.4,74.0,4.3
2022-09-29T14:00,2022,Thane Mumbra,19.1906,73.0229,1.8,28.3,78.0,10.8
2022-09-29T15:00,2022,Thane Mumbra,19.1906,73.0229,1.8,26.8,85.0,8.9
2022-09-29T16:00,2022,Thane Mumbra,19.1906,73.0229,0.1,27.5,82.0,6.2
2022-09-29T17:00,2022,Thane Mumbra,19.1906,73.0229,0.2,27.5,82.0,5.5
2022-09-29T18:00,2022,Thane Mumbra,19.1906,73.0229,0.1,26.4,90.0,3.4
2022-09-29T19:00,2022,Thane Mumbra,19.1906,73.0229,0.1,25.6,95.0,4.3
2022-09-29T20:00,2022,Thane Mumbra,19.1906,73.0229,0.0,25.9,92.0,3.2
2022-09-29T21:00,2022,Thane Mumbra,19.1906,73.0229,0.0,25.9,92.0,2.1
2022-09-29T22:00,2022,Thane Mumbra,19.1906,73.0229,0.0,25.5,95.0,1.4
2022-09-29T23:00,2022,Thane Mumbra,19.1906,73.0229,0.0,25.3,96.0,2.3
2022-09-30T00:00,2022,Thane Mumbra,19.1906,73.0229,0.0,25.0,99.0,0.7
2022-09-30T01:00,2022,Thane Mumbra,19.1906,73.0229,0.0,24.9,99.0,1.6
2022-09-30T02:00,2022,Thane Mumbra,19.1906,73.0229,0.0,24.8,99.0,2.2
2022-09-30T03:00,2022,Thane Mumbra,19.1906,73.0229,0.0,24.7,99.0,1.3
2022-09-30T04:00,2022,Thane Mumbra,19.1906,73.0229,0.0,23.8,100.0,2.8
2022-09-30T05:00,2022,Thane Mumbra,19.1906,73.0229,0.0,23.9,99.0,3.0
2022-09-30T06:00,2022,Thane Mumbra,19.1906,73.0229,0.0,24.4,96.0,0.7
2022-09-30T07:00,2022,Thane Mumbra,19.1906,73.0229,0.0,25.1,93.0,3.3
2022-09-30T08:00,2022,Thane Mumbra,19.1906,73.0229,0.0,25.8,89.0,3.6
2022-09-30T09:00,2022,Thane Mumbra,19.1906,73.0229,0.0,27.0,83.0,5.6
2022-09-30T10:00,2022,Thane Mumbra,19.1906,73.0229,0.0,28.3,80.0,6.2
2022-09-30T11:00,2022,Thane Mumbra,19.1906,73.0229,0.1,29.2,77.0,5.7
2022-09-30T12:00,2022,Thane Mumbra,19.1906,73.0229,0.1,30.1,76.0,5.1
2022-09-30T13:00,2022,Thane Mumbra,19.1906,73.0229,0.0,30.8,72.0,5.9
2022-09-30T14:00,2022,Thane Mumbra,19.1906,73.0229,0.3,28.3,77.0,11.7
2022-09-30T15:00,2022,Thane Mumbra,19.1906,73.0229,1.5,27.4,84.0,9.5
2022-09-30T16:00,2022,Thane Mumbra,19.1906,73.0229,0.2,27.5,84.0,4.3
2022-09-30T17:00,2022,Thane Mumbra,19.1906,73.0229,1.3,28.0,79.0,2.5
2022-09-30T18:00,2022,Thane Mumbra,19.1906,73.0229,0.1,26.5,90.0,3.4
2022-09-30T19:00,2022,Thane Mumbra,19.1906,73.0229,0.0,26.2,91.0,4.6
2022-09-30T20:00,2022,Thane Mumbra,19.1906,73.0229,0.0,25.7,94.0,4.4
2022-09-30T21:00,2022,Thane Mumbra,19.1906,73.0229,0.0,25.3,95.0,4.1
2022-09-30T22:00,2022,Thane Mumbra,19.1906,73.0229,0.0,24.8,96.0,5.1
2022-09-30T23:00,2022,Thane Mumbra,19.1906,73.0229,0.0,25.3,94.0,2.3
2023-06-01T00:00,2023,Thane Mumbra,19.1906,73.0229,0.0,27.0,94.0,3.0
2023-06-01T01:00,2023,Thane Mumbra,19.1906,73.0229,0.0,26.7,95.0,3.9
2023-06-01T02:00,2023,Thane Mumbra,19.1906,73.0229,0.0,26.4,96.0,4.0
2023-06-01T03:00,2023,Thane Mumbra,19.1906,73.0229,0.0,26.1,94.0,4.5
2023-06-01T04:00,2023,Thane Mumbra,19.1906,73.0229,0.0,25.5,94.0,5.6
2023-06-01T05:00,2023,Thane Mumbra,19.1906,73.0229,0.0,26.3,97.0,3.7
2023-06-01T06:00,2023,Thane Mumbra,19.1906,73.0229,0.0,27.0,94.0,4.0
2023-06-01T07:00,2023,Thane Mumbra,19.1906,73.0229,0.0,29.2,80.0,2.9
2023-06-01T08:00,2023,Thane Mumbra,19.1906,73.0229,0.0,31.2,69.0,2.2
2023-06-01T09:00,2023,Thane Mumbra,19.1906,73.0229,0.0,33.4,57.0,1.9
2023-06-01T10:00,2023,Thane Mumbra,19.1906,73.0229,0.0,35.6,48.0,4.0
2023-06-01T11:00,2023,Thane Mumbra,19.1906,73.0229,0.0,37.4,43.0,6.9
2023-06-01T12:00,2023,Thane Mumbra,19.1906,73.0229,0.0,38.4,40.0,10.1
2023-06-01T13:00,2023,Thane Mumbra,19.1906,73.0229,0.0,37.9,45.0,15.6
2023-06-01T14:00,2023,Thane Mumbra,19.1906,73.0229,0.0,37.5,43.0,16.9
2023-06-01T15:00,2023,Thane Mumbra,19.1906,73.0229,0.0,36.7,42.0,17.3
2023-06-01T16:00,2023,Thane Mumbra,19.1906,73.0229,0.0,35.5,45.0,17.9
2023-06-01T17:00,2023,Thane Mumbra,19.1906,73.0229,0.0,33.1,62.0,17.7
2023-06-01T18:00,2023,Thane Mumbra,19.1906,73.0229,0.0,31.6,69.0,16.3
2023-06-01T19:00,2023,Thane Mumbra,19.1906,73.0229,0.0,30.0,76.0,12.8
2023-06-01T20:00,2023,Thane Mumbra,19.1906,73.0229,0.0,29.3,82.0,7.2
2023-06-01T21:00,2023,Thane Mumbra,19.1906,73.0229,0.0,28.7,86.0,4.6
2023-06-01T22:00,2023,Thane Mumbra,19.1906,73.0229,0.0,28.3,89.0,3.5
2023-06-01T23:00,2023,Thane Mumbra,19.1906,73.0229,0.0,28.0,91.0,3.3
2023-06-02T00:00,2023,Thane Mumbra,19.1906,73.0229,0.0,27.9,92.0,4.0
2023-06-02T01:00,2023,Thane Mumbra,19.1906,73.0229,0.0,27.3,95.0,3.7
2023-06-02T02:00,2023,Thane Mumbra,19.1906,73.0229,0.0,27.0,94.0,4.1
2023-06-02T03:00,2023,Thane Mumbra,19.1906,73.0229,0.0,26.9,93.0,4.3
2023-06-02T04:00,2023,Thane Mumbra,19.1906,73.0229,0.0,27.1,91.0,2.9
2023-06-02T05:00,2023,Thane Mumbra,19.1906,73.0229,0.0,27.1,95.0,3.7
2023-06-02T06:00,2023,Thane Mumbra,19.1906,73.0229,0.0,27.5,92.0,5.8
2023-06-02T07:00,2023,Thane Mumbra,19.1906,73.0229,0.0,29.1,81.0,2.5
2023-06-02T08:00,2023,Thane Mumbra,19.1906,73.0229,0.0,31.0,69.0,4.0
2023-06-02T09:00,2023,Thane Mumbra,19.1906,73.0229,0.0,33.2,59.0,6.7
2023-06-02T10:00,2023,Thane Mumbra,19.1906,73.0229,0.0,34.9,51.0,10.5
2023-06-02T11:00,2023,Thane Mumbra,19.1906,73.0229,0.0,35.8,47.0,12.8
2023-06-02T12:00,2023,Thane Mumbra,19.1906,73.0229,0.0,36.5,45.0,14.8
2023-06-02T13:00,2023,Thane Mumbra,19.1906,73.0229,0.0,36.5,45.0,16.2
2023-06-02T14:00,2023,Thane Mumbra,19.1906,73.0229,0.0,36.1,47.0,17.3
2023-06-02T15:00,2023,Thane Mumbra,19.1906,73.0229,0.0,35.2,50.0,17.7
2023-06-02T16:00,2023,Thane Mumbra,19.1906,73.0229,0.0,34.3,52.0,16.9
2023-06-02T17:00,2023,Thane Mumbra,19.1906,73.0229,0.0,32.7,59.0,15.8
2023-06-02T18:00,2023,Thane Mumbra,19.1906,73.0229,0.0,31.5,64.0,14.3
2023-06-02T19:00,2023,Thane Mumbra,19.1906,73.0229,0.0,30.6,68.0,11.9
2023-06-02T20:00,2023,Thane Mumbra,19.1906,73.0229,0.0,30.4,69.0,10.9
2023-06-02T21:00,2023,Thane Mumbra,19.1906,73.0229,0.0,30.2,70.0,9.8
2023-06-02T22:00,2023,Thane Mumbra,19.1906,73.0229,0.0,30.0,72.0,7.2
2023-06-02T23:00,2023,Thane Mumbra,19.1906,73.0229,0.0,29.7,73.0,4.7
2023-06-03T00:00,2023,Thane Mumbra,19.1906,73.0229,0.0,29.5,75.0,3.8
2023-06-03T01:00,2023,Thane Mumbra,19.1906,73.0229,0.0,28.9,78.0,3.6
2023-06-03T02:00,2023,Thane Mumbra,19.1906,73.0229,0.0,28.7,79.0,3.3
2023-06-03T03:00,2023,Thane Mumbra,19.1906,73.0229,0.0,28.5,80.0,3.6
2023-06-03T04:00,2023,Thane Mumbra,19.1906,73.0229,0.0,28.1,82.0,3.4
2023-06-03T05:00,2023,Thane Mumbra,19.1906,73.0229,0.0,28.4,83.0,4.3
2023-06-03T06:00,2023,Thane Mumbra,19.1906,73.0229,0.0,29.1,80.0,2.9
2023-06-03T07:00,2023,Thane Mumbra,19.1906,73.0229,0.0,30.7,70.0,6.8
2023-06-03T08:00,2023,Thane Mumbra,19.1906,73.0229,0.0,32.4,61.0,7.6
2023-06-03T09:00,2023,Thane Mumbra,19.1906,73.0229,0.0,33.8,54.0,9.0
2023-06-03T10:00,2023,Thane Mumbra,19.1906,73.0229,0.0,35.2,49.0,10.5
2023-06-03T11:00,2023,Thane Mumbra,19.1906,73.0229,0.0,36.3,45.0,12.3
2023-06-03T12:00,2023,Thane Mumbra,19.1906,73.0229,0.0,37.2,43.0,14.2
2023-06-03T13:00,2023,Thane Mumbra,19.1906,73.0229,0.2,36.5,44.0,15.1
2023-06-03T14:00,2023,Thane Mumbra,19.1906,73.0229,0.1,35.9,45.0,15.3
2023-06-03T15:00,2023,Thane Mumbra,19.1906,73.0229,0.0,35.4,46.0,15.7
2023-06-03T16:00,2023,Thane Mumbra,19.1906,73.0229,0.1,35.0,48.0,15.6
2023-06-03T17:00,2023,Thane Mumbra,19.1906,73.0229,0.0,33.5,54.0,16.3
2023-06-03T18:00,2023,Thane Mumbra,19.1906,73.0229,0.0,32.0,60.0,15.6
2023-06-03T19:00,2023,Thane Mumbra,19.1906,73.0229,0.0,30.9,66.0,13.0
2023-06-03T20:00,2023,Thane Mumbra,19.1906,73.0229,0.0,30.5,69.0,10.8
2023-06-03T21:00,2023,Thane Mumbra,19.1906,73.0229,0.0,30.4,70.0,8.0
2023-06-03T22:00,2023,Thane Mumbra,19.1906,73.0229,0.0,30.2,72.0,6.0
2023-06-03T23:00,2023,Thane Mumbra,19.1906,73.0229,0.0,30.0,73.0,4.4
2023-06-04T00:00,2023,Thane Mumbra,19.1906,73.0229,0.0,29.8,75.0,4.1
2023-06-04T01:00,2023,Thane Mumbra,19.1906,73.0229,0.0,29.2,78.0,3.1
2023-06-04T02:00,2023,Thane Mumbra,19.1906,73.0229,0.1,29.1,80.0,3.3
2023-06-04T03:00,2023,Thane Mumbra,19.1906,73.0229,0.0,28.8,81.0,4.6
2023-06-04T04:00,2023,Thane Mumbra,19.1906,73.0229,0.0,28.5,83.0,4.5
2023-06-04T05:00,2023,Thane Mumbra,19.1906,73.0229,0.0,28.6,82.0,4.6
2023-06-04T06:00,2023,Thane Mumbra,19.1906,73.0229,0.0,29.3,78.0,4.0
2023-06-04T07:00,2023,Thane Mumbra,19.1906,73.0229,0.2,30.3,72.0,8.0
2023-06-04T08:00,2023,Thane Mumbra,19.1906,73.0229,0.2,31.4,67.0,10.5
2023-06-04T09:00,2023,Thane Mumbra,19.1906,73.0229,0.2,32.8,61.0,12.0
2023-06-04T10:00,2023,Thane Mumbra,19.1906,73.0229,0.5,33.9,57.0,13.7
2023-06-04T11:00,2023,Thane Mumbra,19.1906,73.0229,0.5,34.5,55.0,14.5
2023-06-04T12:00,2023,Thane Mumbra,19.1906,73.0229,0.0,35.5,50.0,15.8
2023-06-04T13:00,2023,Thane Mumbra,19.1906,73.0229,1.9,31.1,63.0,17.6
2023-06-04T14:00,2023,Thane Mumbra,19.1906,73.0229,0.1,33.5,57.0,4.7
2023-06-04T15:00,2023,Thane Mumbra,19.1906,73.0229,0.0,35.2,51.0,8.8
2023-06-04T16:00,2023,Thane Mumbra,19.1906,73.0229,0.0,35.0,51.0,10.2
2023-06-04T17:00,2023,Thane Mumbra,19.1906,73.0229,0.1,35.3,46.0,6.2
2023-06-04T18:00,2023,Thane Mumbra,19.1906,73.0229,0.0,32.9,58.0,14.1
2023-06-04T19:00,2023,Thane Mumbra,19.1906,73.0229,0.0,30.7,69.0,12.6
2023-06-04T20:00,2023,Thane Mumbra,19.1906,73.0229,0.0,30.3,72.0,8.8
2023-06-04T21:00,2023,Thane Mumbra,19.1906,73.0229,0.0,29.9,75.0,4.8
2023-06-04T22:00,2023,Thane Mumbra,19.1906,73.0229,0.0,29.4,78.0,4.4
2023-06-04T23:00,2023,Thane Mumbra,19.1906,73.0229,0.0,29.0,81.0,5.2
2023-06-05T00:00,2023,Thane Mumbra,19.1906,73.0229,0.0,28.6,84.0,4.9
2023-06-05T01:00,2023,Thane Mumbra,19.1906,73.0229,0.0,28.0,88.0,4.3
2023-06-05T02:00,2023,Thane Mumbra,19.1906,73.0229,0.0,28.1,88.0,3.6
2023-06-05T03:00,2023,Thane Mumbra,19.1906,73.0229,0.0,28.0,89.0,3.4
2023-06-05T04:00,2023,Thane Mumbra,19.1906,73.0229,0.0,27.7,91.0,3.1
2023-06-05T05:00,2023,Thane Mumbra,19.1906,73.0229,0.0,28.1,87.0,4.3
2023-06-05T06:00,2023,Thane Mumbra,19.1906,73.0229,0.1,28.5,86.0,5.9
2023-06-05T07:00,2023,Thane Mumbra,19.1906,73.0229,0.0,30.3,73.0,7.4
2023-06-05T08:00,2023,Thane Mumbra,19.1906,73.0229,0.0,32.1,62.0,8.9
2023-06-05T09:00,2023,Thane Mumbra,19.1906,73.0229,0.0,33.7,53.0,10.5
2023-06-05T10:00,2023,Thane Mumbra,19.1906,73.0229,0.0,34.5,51.0,12.6
2023-06-05T11:00,2023,Thane Mumbra,19.1906,73.0229,0.0,35.3,48.0,14.0
2023-06-05T12:00,2023,Thane Mumbra,19.1906,73.0229,0.0,35.8,47.0,15.6
2023-06-05T13:00,2023,Thane Mumbra,19.1906,73.0229,0.0,35.6,46.0,17.0
2023-06-05T14:00,2023,Thane Mumbra,19.1906,73.0229,0.0,35.3,46.0,17.3
2023-06-05T15:00,2023,Thane Mumbra,19.1906,73.0229,0.0,35.1,46.0,16.9
2023-06-05T16:00,2023,Thane Mumbra,19.1906,73.0229,0.0,34.0,52.0,16.2
2023-06-05T17:00,2023,Thane Mumbra,19.1906,73.0229,0.0,32.5,59.0,14.8
2023-06-05T18:00,2023,Thane Mumbra,19.1906,73.0229,0.0,31.1,66.0,13.8
2023-06-05T19:00,2023,Thane Mumbra,19.1906,73.0229,0.0,30.1,71.0,11.9
2023-06-05T20:00,2023,Thane Mumbra,19.1906,73.0229,0.0,29.7,73.0,9.0
2023-06-05T21:00,2023,Thane Mumbra,19.1906,73.0229,0.0,29.5,74.0,6.8
2023-06-05T22:00,2023,Thane Mumbra,19.1906,73.0229,0.0,29.4,75.0,5.9
2023-06-05T23:00,2023,Thane Mumbra,19.1906,73.0229,0.0,29.2,76.0,4.6
2023-06-06T00:00,2023,Thane Mumbra,19.1906,73.0229,0.0,29.2,76.0,5.1
2023-06-06T01:00,2023,Thane Mumbra,19.1906,73.0229,0.0,28.9,77.0,6.4
2023-06-06T02:00,2023,Thane Mumbra,19.1906,73.0229,0.0,28.8,77.0,5.9
2023-06-06T03:00,2023,Thane Mumbra,19.1906,73.0229,0.0,28.1,81.0,3.7
2023-06-06T04:00,2023,Thane Mumbra,19.1906,73.0229,0.0,27.8,83.0,3.2
2023-06-06T05:00,2023,Thane Mumbra,19.1906,73.0229,0.0,28.1,83.0,4.0
2023-06-06T06:00,2023,Thane Mumbra,19.1906,73.0229,0.0,29.0,78.0,4.7
2023-06-06T07:00,2023,Thane Mumbra,19.1906,73.0229,0.0,30.7,67.0,6.4
2023-06-06T08:00,2023,Thane Mumbra,19.1906,73.0229,0.0,32.3,60.0,7.8
2023-06-06T09:00,2023,Thane Mumbra,19.1906,73.0229,0.0,33.7,54.0,9.0
2023-06-06T10:00,2023,Thane Mumbra,19.1906,73.0229,0.0,35.0,49.0,10.1
2023-06-06T11:00,2023,Thane Mumbra,19.1906,73.0229,0.0,35.9,46.0,10.4
2023-06-06T12:00,2023,Thane Mumbra,19.1906,73.0229,0.0,36.7,43.0,12.6
2023-06-06T13:00,2023,Thane Mumbra,19.1906,73.0229,0.0,36.5,44.0,15.1
2023-06-06T14:00,2023,Thane Mumbra,19.1906,73.0229,0.0,36.1,46.0,15.9
2023-06-06T15:00,2023,Thane Mumbra,19.1906,73.0229,0.0,35.4,48.0,16.8
2023-06-06T16:00,2023,Thane Mumbra,19.1906,73.0229,0.0,34.3,51.0,16.3
2023-06-06T17:00,2023,Thane Mumbra,19.1906,73.0229,0.0,33.1,57.0,13.8
2023-06-06T18:00,2023,Thane Mumbra,19.1906,73.0229,0.0,31.8,62.0,13.1
2023-06-06T19:00,2023,Thane Mumbra,19.1906,73.0229,0.0,30.4,68.0,10.8
2023-06-06T20:00,2023,Thane Mumbra,19.1906,73.0229,0.0,29.8,72.0,9.2
2023-06-06T21:00,2023,Thane Mumbra,19.1906,73.0229,0.0,29.4,75.0,7.6
2023-06-06T22:00,2023,Thane Mumbra,19.1906,73.0229,0.0,29.2,78.0,5.5
2023-06-06T23:00,2023,Thane Mumbra,19.1906,73.0229,0.0,28.9,80.0,5.1
2023-06-07T00:00,2023,Thane Mumbra,19.1906,73.0229,0.0,28.7,82.0,4.6
2023-06-07T01:00,2023,Thane Mumbra,19.1906,73.0229,0.0,28.4,83.0,3.8
2023-06-07T02:00,2023,Thane Mumbra,19.1906,73.0229,0.0,28.1,83.0,4.1
2023-06-07T03:00,2023,Thane Mumbra,19.1906,73.0229,0.0,27.4,87.0,5.5
2023-06-07T04:00,2023,Thane Mumbra,19.1906,73.0229,0.0,27.6,87.0,4.0
2023-06-07T05:00,2023,Thane Mumbra,19.1906,73.0229,0.0,28.3,83.0,4.3
2023-06-07T06:00,2023,Thane Mumbra,19.1906,73.0229,0.0,29.1,79.0,5.7
2023-06-07T07:00,2023,Thane Mumbra,19.1906,73.0229,0.0,30.8,69.0,8.8
2023-06-07T08:00,2023,Thane Mumbra,19.1906,73.0229,0.0,32.3,61.0,8.7
2023-06-07T09:00,2023,Thane Mumbra,19.1906,73.0229,0.1,33.5,56.0,7.9
2023-06-07T10:00,2023,Thane Mumbra,19.1906,73.0229,0.0,35.0,50.0,11.5
2023-06-07T11:00,2023,Thane Mumbra,19.1906,73.0229,0.0,35.9,46.0,13.0
2023-06-07T12:00,2023,Thane Mumbra,19.1906,73.0229,0.0,36.4,44.0,14.2
2023-06-07T13:00,2023,Thane Mumbra,19.1906,73.0229,0.0,36.4,45.0,15.3
2023-06-07T14:00,2023,Thane Mumbra,19.1906,73.0229,0.0,36.0,47.0,16.3
2023-06-07T15:00,2023,Thane Mumbra,19.1906,73.0229,0.0,35.0,50.0,17.3
2023-06-07T16:00,2023,Thane Mumbra,19.1906,73.0229,0.0,34.3,53.0,14.0
2023-06-07T17:00,2023,Thane Mumbra,19.1906,73.0229,0.0,33.7,54.0,14.0
2023-06-07T18:00,2023,Thane Mumbra,19.1906,73.0229,0.0,32.3,61.0,13.4
2023-06-07T19:00,2023,Thane Mumbra,19.1906,73.0229,0.0,31.0,67.0,12.1
2023-06-07T20:00,2023,Thane Mumbra,19.1906,73.0229,0.0,30.5,70.0,12.7
2023-06-07T21:00,2023,Thane Mumbra,19.1906,73.0229,0.0,30.1,72.0,11.2
2023-06-07T22:00,2023,Thane Mumbra,19.1906,73.0229,0.0,30.0,74.0,11.9
2023-06-07T23:00,2023,Thane Mumbra,19.1906,73.0229,0.0,29.8,75.0,13.2
2023-06-08T00:00,2023,Thane Mumbra,19.1906,73.0229,0.0,29.5,75.0,11.5
2023-06-08T01:00,2023,Thane Mumbra,19.1906,73.0229,0.0,29.4,76.0,10.7
2023-06-08T02:00,2023,Thane Mumbra,19.1906,73.0229,0.0,29.1,77.0,8.9
2023-06-08T03:00,2023,Thane Mumbra,19.1906,73.0229,0.1,29.0,78.0,5.8
2023-06-08T04:00,2023,Thane Mumbra,19.1906,73.0229,0.0,28.3,82.0,2.6
2023-06-08T05:00,2023,Thane Mumbra,19.1906,73.0229,0.1,28.2,80.0,5.5
2023-06-08T06:00,2023,Thane Mumbra,19.1906,73.0229,0.0,28.5,78.0,6.5
2023-06-08T07:00,2023,Thane Mumbra,19.1906,73.0229,0.0,30.1,70.0,5.4
2023-06-08T08:00,2023,Thane Mumbra,19.1906,73.0229,0.0,31.6,64.0,6.6
2023-06-08T09:00,2023,Thane Mumbra,19.1906,73.0229,0.0,33.2,58.0,9.2
2023-06-08T10:00,2023,Thane Mumbra,19.1906,73.0229,0.0,34.7,52.0,9.3
2023-06-08T11:00,2023,Thane Mumbra,19.1906,73.0229,0.0,36.1,46.0,10.2
2023-06-08T12:00,2023,Thane Mumbra,19.1906,73.0229,0.0,36.9,44.0,13.0
2023-06-08T13:00,2023,Thane Mumbra,19.1906,73.0229,0.0,37.3,41.0,14.5
2023-06-08T14:00,2023,Thane Mumbra,19.1906,73.0229,0.0,36.9,42.0,15.9
2023-06-08T15:00,2023,Thane Mumbra,19.1906,73.0229,0.0,35.7,47.0,18.3
2023-06-08T16:00,2023,Thane Mumbra,19.1906,73.0229,0.0,34.7,51.0,16.4
2023-06-08T17:00,2023,Thane Mumbra,19.1906,73.0229,0.0,33.7,55.0,15.3
2023-06-08T18:00,2023,Thane Mumbra,19.1906,73.0229,0.0,31.8,66.0,14.7
2023-06-08T19:00,2023,Thane Mumbra,19.1906,73.0229,0.0,31.0,70.0,11.6
2023-06-08T20:00,2023,Thane Mumbra,19.1906,73.0229,0.0,30.9,70.0,11.7
2023-06-08T21:00,2023,Thane Mumbra,19.1906,73.0229,0.0,30.5,72.0,12.6
2023-06-08T22:00,2023,Thane Mumbra,19.1906,73.0229,0.0,30.1,75.0,12.3
2023-06-08T23:00,2023,Thane Mumbra,19.1906,73.0229,0.0,29.7,78.0,10.1
2023-06-09T00:00,2023,Thane Mumbra,19.1906,73.0229,0.0,29.5,80.0,8.6
2023-06-09T01:00,2023,Thane Mumbra,19.1906,73.0229,0.0,29.3,81.0,7.7
2023-06-09T02:00,2023,Thane Mumbra,19.1906,73.0229,0.0,29.0,81.0,7.6
2023-06-09T03:00,2023,Thane Mumbra,19.1906,73.0229,0.0,28.8,82.0,6.8
2023-06-09T04:00,2023,Thane Mumbra,19.1906,73.0229,0.0,28.3,84.0,4.7
2023-06-09T05:00,2023,Thane Mumbra,19.1906,73.0229,0.0,28.0,87.0,2.9
2023-06-09T06:00,2023,Thane Mumbra,19.1906,73.0229,0.1,29.2,80.0,8.6
2023-06-09T07:00,2023,Thane Mumbra,19.1906,73.0229,0.0,30.2,74.0,10.5
2023-06-09T08:00,2023,Thane Mumbra,19.1906,73.0229,0.0,31.7,68.0,12.2
2023-06-09T09:00,2023,Thane Mumbra,19.1906,73.0229,0.0,33.4,59.0,11.6
2023-06-09T10:00,2023,Thane Mumbra,19.1906,73.0229,0.0,35.2,52.0,10.5
2023-06-09T11:00,2023,Thane Mumbra,19.1906,73.0229,0.0,36.1,49.0,11.3
2023-06-09T12:00,2023,Thane Mumbra,19.1906,73.0229,0.6,35.6,49.0,17.1
2023-06-09T13:00,2023,Thane Mumbra,19.1906,73.0229,1.3,34.6,55.0,19.4
2023-06-09T14:00,2023,Thane Mumbra,19.1906,73.0229,0.6,33.1,62.0,21.1
2023-06-09T15:00,2023,Thane Mumbra,19.1906,73.0229,0.3,33.8,57.0,21.6
2023-06-09T16:00,2023,Thane Mumbra,19.1906,73.0229,0.7,33.5,59.0,20.8
2023-06-09T17:00,2023,Thane Mumbra,19.1906,73.0229,1.4,31.9,65.0,20.6
2023-06-09T18:00,2023,Thane Mumbra,19.1906,73.0229,0.0,32.0,66.0,21.2
2023-06-09T19:00,2023,Thane Mumbra,19.1906,73.0229,0.0,31.0,71.0,16.5
2023-06-09T20:00,2023,Thane Mumbra,19.1906,73.0229,0.0,30.6,73.0,12.7
2023-06-09T21:00,2023,Thane Mumbra,19.1906,73.0229,0.0,30.6,73.0,15.8
2023-06-09T22:00,2023,Thane Mumbra,19.1906,73.0229,0.0,30.3,75.0,17.4
2023-06-09T23:00,2023,Thane Mumbra,19.1906,73.0229,0.0,29.7,77.0,16.9
2023-06-10T00:00,2023,Thane Mumbra,19.1906,73.0229,0.0,29.4,79.0,14.8
2023-06-10T01:00,2023,Thane Mumbra,19.1906,73.0229,0.0,28.9,81.0,12.6
2023-06-10T02:00,2023,Thane Mumbra,19.1906,73.0229,0.0,28.7,81.0,10.5
2023-06-10T03:00,2023,Thane Mumbra,19.1906,73.0229,0.0,28.5,81.0,11.3
2023-06-10T04:00,2023,Thane Mumbra,19.1906,73.0229,0.0,28.4,82.0,9.6
2023-06-10T05:00,2023,Thane Mumbra,19.1906,73.0229,0.0,29.2,74.0,10.5
2023-06-10T06:00,2023,Thane Mumbra,19.1906,73.0229,0.0,29.8,71.0,15.1
2023-06-10T07:00,2023,Thane Mumbra,19.1906,73.0229,0.0,30.6,67.0,14.5
2023-06-10T08:00,2023,Thane Mumbra,19.1906,73.0229,0.0,32.1,61.0,15.5
2023-06-10T09:00,2023,Thane Mumbra,19.1906,73.0229,0.0,34.1,54.0,18.4
2023-06-10T10:00,2023,Thane Mumbra,19.1906,73.0229,0.0,35.8,48.0,20.1
2023-06-10T11:00,2023,Thane Mumbra,19.1906,73.0229,0.0,36.8,43.0,20.3
2023-06-10T12:00,2023,Thane Mumbra,19.1906,73.0229,0.2,35.6,49.0,24.0
2023-06-10T13:00,2023,Thane Mumbra,19.1906,73.0229,0.7,33.4,61.0,21.3
2023-06-10T14:00,2023,Thane Mumbra,19.1906,73.0229,0.0,35.4,50.0,22.1
2023-06-10T15:00,2023,Thane Mumbra,19.1906,73.0229,0.1,35.2,49.0,23.8
2023-06-10T16:00,2023,Thane Mumbra,19.1906,73.0229,0.1,32.5,65.0,28.6
2023-06-10T17:00,2023,Thane Mumbra,19.1906,73.0229,0.6,34.6,47.0,20.9
2023-06-10T18:00,2023,Thane Mumbra,19.1906,73.0229,0.0,32.3,61.0,23.8
2023-06-10T19:00,2023,Thane Mumbra,19.1906,73.0229,0.0,30.2,72.0,19.8
2023-06-10T20:00,2023,Thane Mumbra,19.1906,73.0229,0.0,30.3,72.0,12.8
2023-06-10T21:00,2023,Thane Mumbra,19.1906,73.0229,0.0,30.3,70.0,15.1
2023-06-10T22:00,2023,Thane Mumbra,19.1906,73.0229,0.0,30.3,69.0,15.1
2023-06-10T23:00,2023,Thane Mumbra,19.1906,73.0229,0.0,30.1,70.0,12.7
2023-06-11T00:00,2023,Thane Mumbra,19.1906,73.0229,0.0,29.7,71.0,13.8
2023-06-11T01:00,2023,Thane Mumbra,19.1906,73.0229,0.0,29.4,71.0,16.1
2023-06-11T02:00,2023,Thane Mumbra,19.1906,73.0229,0.0,29.0,72.0,18.9
2023-06-11T03:00,2023,Thane Mumbra,19.1906,73.0229,0.0,28.4,74.0,19.6
2023-06-11T04:00,2023,Thane Mumbra,19.1906,73.0229,0.0,28.2,75.0,19.9
2023-06-11T05:00,2023,Thane Mumbra,19.1906,73.0229,0.0,28.6,75.0,16.6
2023-06-11T06:00,2023,Thane Mumbra,19.1906,73.0229,0.0,27.9,74.0,16.6
2023-06-11T07:00,2023,Thane Mumbra,19.1906,73.0229,0.0,29.1,67.0,14.6
2023-06-11T08:00,2023,Thane Mumbra,19.1906,73.0229,0.0,31.8,57.0,16.1
2023-06-11T09:00,2023,Thane Mumbra,19.1906,73.0229,0.0,33.6,52.0,20.9
2023-06-11T10:00,2023,Thane Mumbra,19.1906,73.0229,0.0,34.8,47.0,22.0
2023-06-11T11:00,2023,Thane Mumbra,19.1906,73.0229,0.1,35.1,48.0,23.3
2023-06-11T12:00,2023,Thane Mumbra,19.1906,73.0229,1.2,33.2,57.0,21.3
2023-06-11T13:00,2023,Thane Mumbra,19.1906,73.0229,0.0,35.1,48.0,24.8
2023-06-11T14:00,2023,Thane Mumbra,19.1906,73.0229,1.1,30.9,66.0,27.7
2023-06-11T15:00,2023,Thane Mumbra,19.1906,73.0229,0.1,32.0,60.0,22.3
2023-06-11T16:00,2023,Thane Mumbra,19.1906,73.0229,0.0,33.1,56.0,19.1
2023-06-11T17:00,2023,Thane Mumbra,19.1906,73.0229,0.0,32.4,57.0,22.7
2023-06-11T18:00,2023,Thane Mumbra,19.1906,73.0229,0.0,31.4,64.0,19.5
2023-06-11T19:00,2023,Thane Mumbra,19.1906,73.0229,0.0,30.9,68.0,16.2
2023-06-11T20:00,2023,Thane Mumbra,19.1906,73.0229,0.0,30.6,66.0,15.5
2023-06-11T21:00,2023,Thane Mumbra,19.1906,73.0229,0.0,30.7,63.0,14.9
2023-06-11T22:00,2023,Thane Mumbra,19.1906,73.0229,0.0,30.2,65.0,15.1
2023-06-11T23:00,2023,Thane Mumbra,19.1906,73.0229,0.2,28.7,74.0,21.7
2023-06-12T00:00,2023,Thane Mumbra,19.1906,73.0229,0.1,27.9,79.0,15.1
2023-06-12T01:00,2023,Thane Mumbra,19.1906,73.0229,0.0,27.8,77.0,14.8
2023-06-12T02:00,2023,Thane Mumbra,19.1906,73.0229,0.0,28.1,77.0,13.9
2023-06-12T03:00,2023,Thane Mumbra,19.1906,73.0229,3.3,25.8,91.0,7.0
2023-06-12T04:00,2023,Thane Mumbra,19.1906,73.0229,0.2,27.0,85.0,13.3
2023-06-12T05:00,2023,Thane Mumbra,19.1906,73.0229,0.3,27.9,79.0,13.8
2023-06-12T06:00,2023,Thane Mumbra,19.1906,73.0229,0.1,28.1,78.0,14.5
2023-06-12T07:00,2023,Thane Mumbra,19.1906,73.0229,0.0,29.0,74.0,15.8
2023-06-12T08:00,2023,Thane Mumbra,19.1906,73.0229,0.0,30.8,66.0,20.2
2023-06-12T09:00,2023,Thane Mumbra,19.1906,73.0229,0.0,31.8,61.0,22.1
2023-06-12T10:00,2023,Thane Mumbra,19.1906,73.0229,0.0,33.6,53.0,25.1
2023-06-12T11:00,2023,Thane Mumbra,19.1906,73.0229,0.0,35.1,48.0,26.0
2023-06-12T12:00,2023,Thane Mumbra,19.1906,73.0229,0.0,35.5,46.0,33.0
2023-06-12T13:00,2023,Thane Mumbra,19.1906,73.0229,0.6,32.5,61.0,30.6
2023-06-12T14:00,2023,Thane Mumbra,19.1906,73.0229,0.0,32.9,60.0,30.5
2023-06-12T15:00,2023,Thane Mumbra,19.1906,73.0229,0.0,33.4,56.0,28.5
2023-06-12T16:00,2023,Thane Mumbra,19.1906,73.0229,0.1,33.2,57.0,30.2
2023-06-12T17:00,2023,Thane Mumbra,19.1906,73.0229,0.0,32.8,58.0,28.1
2023-06-12T18:00,2023,Thane Mumbra,19.1906,73.0229,0.0,31.3,66.0,25.0
2023-06-12T19:00,2023,Thane Mumbra,19.1906,73.0229,0.0,30.7,68.0,18.3
2023-06-12T20:00,2023,Thane Mumbra,19.1906,73.0229,0.5,27.4,82.0,22.4
2023-06-12T21:00,2023,Thane Mumbra,19.1906,73.0229,0.1,27.4,82.0,22.2
2023-06-12T22:00,2023,Thane Mumbra,19.1906,73.0229,0.1,27.0,83.0,19.4
2023-06-12T23:00,2023,Thane Mumbra,19.1906,73.0229,0.0,27.2,81.0,18.0
2023-06-13T00:00,2023,Thane Mumbra,19.1906,73.0229,0.0,27.1,82.0,15.7
2023-06-13T01:00,2023,Thane Mumbra,19.1906,73.0229,0.0,27.4,82.0,16.6
2023-06-13T02:00,2023,Thane Mumbra,19.1906,73.0229,0.0,27.2,82.0,18.7
2023-06-13T03:00,2023,Thane Mumbra,19.1906,73.0229,0.1,27.2,83.0,19.2
2023-06-13T04:00,2023,Thane Mumbra,19.1906,73.0229,0.0,27.0,83.0,16.2
2023-06-13T05:00,2023,Thane Mumbra,19.1906,73.0229,0.0,27.0,83.0,18.8
2023-06-13T06:00,2023,Thane Mumbra,19.1906,73.0229,0.0,27.4,81.0,17.3
2023-06-13T07:00,2023,Thane Mumbra,19.1906,73.0229,0.0,28.7,75.0,16.6
2023-06-13T08:00,2023,Thane Mumbra,19.1906,73.0229,0.0,30.5,68.0,22.0
2023-06-13T09:00,2023,Thane Mumbra,19.1906,73.0229,0.0,31.9,62.0,25.3
2023-06-13T10:00,2023,Thane Mumbra,19.1906,73.0229,0.3,32.3,61.0,30.3
2023-06-13T11:00,2023,Thane Mumbra,19.1906,73.0229,0.0,33.4,56.0,30.8
2023-06-13T12:00,2023,Thane Mumbra,19.1906,73.0229,0.2,33.6,53.0,32.6
2023-06-13T13:00,2023,Thane Mumbra,19.1906,73.0229,0.3,34.2,53.0,32.5
2023-06-13T14:00,2023,Thane Mumbra,19.1906,73.0229,0.1,32.9,58.0,33.4
2023-06-13T15:00,2023,Thane Mumbra,19.1906,73.0229,0.6,31.1,68.0,29.6
2023-06-13T16:00,2023,Thane Mumbra,19.1906,73.0229,0.4,30.7,68.0,27.2
2023-06-13T17:00,2023,Thane Mumbra,19.1906,73.0229,0.0,31.7,64.0,24.4
2023-06-13T18:00,2023,Thane Mumbra,19.1906,73.0229,0.0,30.6,70.0,21.4
2023-06-13T19:00,2023,Thane Mumbra,19.1906,73.0229,0.5,29.0,73.0,23.0
2023-06-13T20:00,2023,Thane Mumbra,19.1906,73.0229,3.4,26.0,89.0,20.0
2023-06-13T21:00,2023,Thane Mumbra,19.1906,73.0229,0.0,26.1,88.0,18.7
2023-06-13T22:00,2023,Thane Mumbra,19.1906,73.0229,0.0,26.1,88.0,16.9
2023-06-13T23:00,2023,Thane Mumbra,19.1906,73.0229,0.0,25.9,86.0,15.5
2023-06-14T00:00,2023,Thane Mumbra,19.1906,73.0229,0.0,26.1,86.0,15.9
2023-06-14T01:00,2023,Thane Mumbra,19.1906,73.0229,0.4,26.1,86.0,14.8
2023-06-14T02:00,2023,Thane Mumbra,19.1906,73.0229,0.4,25.7,90.0,15.6
2023-06-14T03:00,2023,Thane Mumbra,19.1906,73.0229,0.0,25.4,91.0,15.1
2023-06-14T04:00,2023,Thane Mumbra,19.1906,73.0229,0.1,25.4,91.0,13.4
2023-06-14T05:00,2023,Thane Mumbra,19.1906,73.0229,0.1,26.3,88.0,17.8
2023-06-14T06:00,2023,Thane Mumbra,19.1906,73.0229,0.0,26.4,84.0,18.1
2023-06-14T07:00,2023,Thane Mumbra,19.1906,73.0229,0.0,28.2,76.0,17.7
2023-06-14T08:00,2023,Thane Mumbra,19.1906,73.0229,0.0,29.8,71.0,17.7
2023-06-14T09:00,2023,Thane Mumbra,19.1906,73.0229,0.1,30.7,68.0,25.7
2023-06-14T10:00,2023,Thane Mumbra,19.1906,73.0229,0.1,31.8,64.0,27.5
2023-06-14T11:00,2023,Thane Mumbra,19.1906,73.0229,0.0,32.1,63.0,27.7
2023-06-14T12:00,2023,Thane Mumbra,19.1906,73.0229,0.1,33.0,61.0,29.5
2023-06-14T13:00,2023,Thane Mumbra,19.1906,73.0229,0.8,31.5,64.0,32.5
2023-06-14T14:00,2023,Thane Mumbra,19.1906,73.0229,1.2,29.9,72.0,27.7
2023-06-14T15:00,2023,Thane Mumbra,19.1906,73.0229,0.4,31.0,67.0,25.5
2023-06-14T16:00,2023,Thane Mumbra,19.1906,73.0229,0.2,30.9,68.0,24.6
2023-06-14T17:00,2023,Thane Mumbra,19.1906,73.0229,0.0,30.0,74.0,25.3
2023-06-14T18:00,2023,Thane Mumbra,19.1906,73.0229,0.9,29.3,77.0,24.5
2023-06-14T19:00,2023,Thane Mumbra,19.1906,73.0229,0.0,28.9,77.0,20.3
2023-06-14T20:00,2023,Thane Mumbra,19.1906,73.0229,0.0,28.8,77.0,19.7
2023-06-14T21:00,2023,Thane Mumbra,19.1906,73.0229,0.0,28.5,78.0,19.7
2023-06-14T22:00,2023,Thane Mumbra,19.1906,73.0229,0.0,28.0,81.0,16.9
2023-06-14T23:00,2023,Thane Mumbra,19.1906,73.0229,0.2,27.8,80.0,17.8
2023-06-15T00:00,2023,Thane Mumbra,19.1906,73.0229,0.1,27.5,83.0,15.5
2023-06-15T01:00,2023,Thane Mumbra,19.1906,73.0229,0.1,27.3,85.0,14.6
2023-06-15T02:00,2023,Thane Mumbra,19.1906,73.0229,0.2,26.7,87.0,15.5
2023-06-15T03:00,2023,Thane Mumbra,19.1906,73.0229,0.3,26.2,89.0,12.7
2023-06-15T04:00,2023,Thane Mumbra,19.1906,73.0229,0.7,26.3,90.0,14.4
2023-06-15T05:00,2023,Thane Mumbra,19.1906,73.0229,0.3,26.6,86.0,16.9
2023-06-15T06:00,2023,Thane Mumbra,19.1906,73.0229,0.1,27.6,83.0,17.1
2023-06-15T07:00,2023,Thane Mumbra,19.1906,73.0229,0.4,28.3,81.0,15.9
2023-06-15T08:00,2023,Thane Mumbra,19.1906,73.0229,0.6,30.1,74.0,25.4
2023-06-15T09:00,2023,Thane Mumbra,19.1906,73.0229,0.2,31.7,63.0,26.3
2023-06-15T10:00,2023,Thane Mumbra,19.1906,73.0229,0.0,32.7,59.0,27.9
2023-06-15T11:00,2023,Thane Mumbra,19.1906,73.0229,0.0,33.3,57.0,29.0
2023-06-15T12:00,2023,Thane Mumbra,19.1906,73.0229,0.0,33.6,55.0,30.0
2023-06-15T13:00,2023,Thane Mumbra,19.1906,73.0229,0.0,33.8,53.0,30.1
2023-06-15T14:00,2023,Thane Mumbra,19.1906,73.0229,0.0,33.3,57.0,31.1
2023-06-15T15:00,2023,Thane Mumbra,19.1906,73.0229,0.1,32.6,60.0,31.0
2023-06-15T16:00,2023,Thane Mumbra,19.1906,73.0229,0.2,31.5,66.0,30.0
2023-06-15T17:00,2023,Thane Mumbra,19.1906,73.0229,0.0,31.1,66.0,27.4
2023-06-15T18:00,2023,Thane Mumbra,19.1906,73.0229,0.0,30.5,69.0,25.5
2023-06-15T19:00,2023,Thane Mumbra,19.1906,73.0229,0.0,29.5,74.0,23.9
2023-06-15T20:00,2023,Thane Mumbra,19.1906,73.0229,0.1,29.1,75.0,22.5
2023-06-15T21:00,2023,Thane Mumbra,19.1906,73.0229,0.1,28.7,78.0,22.0
2023-06-15T22:00,2023,Thane Mumbra,19.1906,73.0229,0.0,28.8,77.0,22.5
2023-06-15T23:00,2023,Thane Mumbra,19.1906,73.0229,0.0,28.6,78.0,21.9
2023-06-16T00:00,2023,Thane Mumbra,19.1906,73.0229,0.1,28.4,78.0,22.5
2023-06-16T01:00,2023,Thane Mumbra,19.1906,73.0229,0.1,28.1,81.0,21.5
2023-06-16T02:00,2023,Thane Mumbra,19.1906,73.0229,0.3,27.5,82.0,22.2
2023-06-16T03:00,2023,Thane Mumbra,19.1906,73.0229,0.3,27.4,84.0,20.9
2023-06-16T04:00,2023,Thane Mumbra,19.1906,73.0229,0.1,27.0,86.0,20.8
2023-06-16T05:00,2023,Thane Mumbra,19.1906,73.0229,0.4,27.1,89.0,17.9
2023-06-16T06:00,2023,Thane Mumbra,19.1906,73.0229,0.1,28.4,81.0,22.7
2023-06-16T07:00,2023,Thane Mumbra,19.1906,73.0229,0.0,29.4,75.0,24.5
2023-06-16T08:00,2023,Thane Mumbra,19.1906,73.0229,0.2,30.6,68.0,28.7
2023-06-16T09:00,2023,Thane Mumbra,19.1906,73.0229,0.1,31.8,62.0,31.1
2023-06-16T10:00,2023,Thane Mumbra,19.1906,73.0229,0.2,32.0,60.0,32.5
2023-06-16T11:00,2023,Thane Mumbra,19.1906,73.0229,0.6,31.5,64.0,31.5
2023-06-16T12:00,2023,Thane Mumbra,19.1906,73.0229,0.2,32.0,63.0,32.8
2023-06-16T13:00,2023,Thane Mumbra,19.1906,73.0229,0.1,32.6,61.0,33.3
2023-06-16T14:00,2023,Thane Mumbra,19.1906,73.0229,0.4,32.1,62.0,32.1
2023-06-16T15:00,2023,Thane Mumbra,19.1906,73.0229,0.4,31.5,63.0,31.1
2023-06-16T16:00,2023,Thane Mumbra,19.1906,73.0229,0.1,30.6,70.0,27.5
2023-06-16T17:00,2023,Thane Mumbra,19.1906,73.0229,0.1,31.0,67.0,27.0
2023-06-16T18:00,2023,Thane Mumbra,19.1906,73.0229,0.0,30.0,71.0,25.1
2023-06-16T19:00,2023,Thane Mumbra,19.1906,73.0229,0.1,28.7,78.0,19.0
2023-06-16T20:00,2023,Thane Mumbra,19.1906,73.0229,0.3,28.2,80.0,15.7
2023-06-16T21:00,2023,Thane Mumbra,19.1906,73.0229,0.8,28.1,84.0,17.6
2023-06-16T22:00,2023,Thane Mumbra,19.1906,73.0229,0.3,27.6,87.0,15.6
2023-06-16T23:00,2023,Thane Mumbra,19.1906,73.0229,0.3,27.5,87.0,15.8
2023-06-17T00:00,2023,Thane Mumbra,19.1906,73.0229,0.3,27.2,87.0,15.6
2023-06-17T01:00,2023,Thane Mumbra,19.1906,73.0229,0.1,26.9,88.0,17.9
2023-06-17T02:00,2023,Thane Mumbra,19.1906,73.0229,0.3,25.8,92.0,15.0
2023-06-17T03:00,2023,Thane Mumbra,19.1906,73.0229,0.4,26.3,91.0,13.3
2023-06-17T04:00,2023,Thane Mumbra,19.1906,73.0229,0.2,26.4,94.0,14.4
2023-06-17T05:00,2023,Thane Mumbra,19.1906,73.0229,0.1,26.8,90.0,11.4
2023-06-17T06:00,2023,Thane Mumbra,19.1906,73.0229,0.1,27.7,85.0,14.8
2023-06-17T07:00,2023,Thane Mumbra,19.1906,73.0229,0.1,28.3,81.0,16.5
2023-06-17T08:00,2023,Thane Mumbra,19.1906,73.0229,0.3,29.2,77.0,19.8
2023-06-17T09:00,2023,Thane Mumbra,19.1906,73.0229,0.4,30.9,70.0,22.1
2023-06-17T10:00,2023,Thane Mumbra,19.1906,73.0229,0.8,31.3,69.0,23.7
2023-06-17T11:00,2023,Thane Mumbra,19.1906,73.0229,0.4,32.6,63.0,24.8
2023-06-17T12:00,2023,Thane Mumbra,19.1906,73.0229,0.1,33.0,61.0,24.9
2023-06-17T13:00,2023,Thane Mumbra,19.1906,73.0229,0.1,32.9,62.0,24.5
2023-06-17T14:00,2023,Thane Mumbra,19.1906,73.0229,0.1,32.5,63.0,24.0
2023-06-17T15:00,2023,Thane Mumbra,19.1906,73.0229,0.1,31.8,66.0,23.2
2023-06-17T16:00,2023,Thane Mumbra,19.1906,73.0229,0.4,31.2,69.0,21.3
2023-06-17T17:00,2023,Thane Mumbra,19.1906,73.0229,0.0,30.0,67.0,19.5
2023-06-17T18:00,2023,Thane Mumbra,19.1906,73.0229,0.7,28.6,79.0,14.6
2023-06-17T19:00,2023,Thane Mumbra,19.1906,73.0229,0.0,28.2,83.0,12.9
2023-06-17T20:00,2023,Thane Mumbra,19.1906,73.0229,0.0,28.1,83.0,13.8
2023-06-17T21:00,2023,Thane Mumbra,19.1906,73.0229,0.1,27.9,84.0,13.4
2023-06-17T22:00,2023,Thane Mumbra,19.1906,73.0229,0.0,27.7,83.0,13.8
2023-06-17T23:00,2023,Thane Mumbra,19.1906,73.0229,0.1,27.4,85.0,14.7
2023-06-18T00:00,2023,Thane Mumbra,19.1906,73.0229,0.1,26.9,89.0,12.5
2023-06-18T01:00,2023,Thane Mumbra,19.1906,73.0229,0.5,26.3,92.0,12.1
2023-06-18T02:00,2023,Thane Mumbra,19.1906,73.0229,0.1,26.5,92.0,12.0
2023-06-18T03:00,2023,Thane Mumbra,19.1906,73.0229,0.3,26.1,94.0,11.1
2023-06-18T04:00,2023,Thane Mumbra,19.1906,73.0229,0.2,26.3,93.0,12.2
2023-06-18T05:00,2023,Thane Mumbra,19.1906,73.0229,0.4,26.2,94.0,9.8
2023-06-18T06:00,2023,Thane Mumbra,19.1906,73.0229,0.0,26.6,92.0,12.2
2023-06-18T07:00,2023,Thane Mumbra,19.1906,73.0229,0.1,27.3,89.0,8.7
2023-06-18T08:00,2023,Thane Mumbra,19.1906,73.0229,0.2,29.6,79.0,11.7
2023-06-18T09:00,2023,Thane Mumbra,19.1906,73.0229,0.3,30.6,71.0,15.3
2023-06-18T10:00,2023,Thane Mumbra,19.1906,73.0229,0.2,31.7,67.0,16.9
2023-06-18T11:00,2023,Thane Mumbra,19.1906,73.0229,0.5,31.6,68.0,18.7
2023-06-18T12:00,2023,Thane Mumbra,19.1906,73.0229,0.0,32.4,65.0,19.0
2023-06-18T13:00,2023,Thane Mumbra,19.1906,73.0229,0.2,32.7,61.0,19.4
2023-06-18T14:00,2023,Thane Mumbra,19.1906,73.0229,0.2,32.7,61.0,19.4
2023-06-18T15:00,2023,Thane Mumbra,19.1906,73.0229,0.4,32.5,62.0,19.9
2023-06-18T16:00,2023,Thane Mumbra,19.1906,73.0229,0.1,32.1,63.0,18.5
2023-06-18T17:00,2023,Thane Mumbra,19.1906,73.0229,0.1,30.9,66.0,16.3
2023-06-18T18:00,2023,Thane Mumbra,19.1906,73.0229,0.1,29.8,72.0,14.2
2023-06-18T19:00,2023,Thane Mumbra,19.1906,73.0229,0.0,28.8,78.0,10.1
2023-06-18T20:00,2023,Thane Mumbra,19.1906,73.0229,0.0,28.2,82.0,7.9
2023-06-18T21:00,2023,Thane Mumbra,19.1906,73.0229,0.0,27.9,84.0,6.9
2023-06-18T22:00,2023,Thane Mumbra,19.1906,73.0229,0.0,27.7,85.0,7.2
2023-06-18T23:00,2023,Thane Mumbra,19.1906,73.0229,0.0,27.6,86.0,5.8
2023-06-19T00:00,2023,Thane Mumbra,19.1906,73.0229,0.0,27.4,86.0,6.0
2023-06-19T01:00,2023,Thane Mumbra,19.1906,73.0229,0.0,27.4,86.0,6.9
2023-06-19T02:00,2023,Thane Mumbra,19.1906,73.0229,0.0,27.4,86.0,8.7
2023-06-19T03:00,2023,Thane Mumbra,19.1906,73.0229,0.0,27.4,86.0,8.8
2023-06-19T04:00,2023,Thane Mumbra,19.1906,73.0229,0.0,27.1,88.0,9.1
2023-06-19T05:00,2023,Thane Mumbra,19.1906,73.0229,0.1,27.2,88.0,5.9
2023-06-19T06:00,2023,Thane Mumbra,19.1906,73.0229,0.0,28.2,82.0,9.2
2023-06-19T07:00,2023,Thane Mumbra,19.1906,73.0229,0.0,29.4,76.0,12.4
2023-06-19T08:00,2023,Thane Mumbra,19.1906,73.0229,0.0,30.8,69.0,14.7
2023-06-19T09:00,2023,Thane Mumbra,19.1906,73.0229,0.0,32.2,60.0,15.3
2023-06-19T10:00,2023,Thane Mumbra,19.1906,73.0229,0.0,33.2,56.0,16.9
2023-06-19T11:00,2023,Thane Mumbra,19.1906,73.0229,0.0,33.3,56.0,18.7
2023-06-19T12:00,2023,Thane Mumbra,19.1906,73.0229,0.1,33.4,57.0,19.8
2023-06-19T13:00,2023,Thane Mumbra,19.1906,73.0229,0.1,33.2,58.0,20.0
2023-06-19T14:00,2023,Thane Mumbra,19.1906,73.0229,0.0,33.6,57.0,19.7
2023-06-19T15:00,2023,Thane Mumbra,19.1906,73.0229,0.0,33.3,57.0,18.8
2023-06-19T16:00,2023,Thane Mumbra,19.1906,73.0229,0.0,32.4,61.0,19.0
2023-06-19T17:00,2023,Thane Mumbra,19.1906,73.0229,0.0,31.3,66.0,15.4
2023-06-19T18:00,2023,Thane Mumbra,19.1906,73.0229,0.0,30.3,71.0,13.7
2023-06-19T19:00,2023,Thane Mumbra,19.1906,73.0229,0.0,29.1,77.0,12.0
2023-06-19T20:00,2023,Thane Mumbra,19.1906,73.0229,0.0,28.7,81.0,9.2
2023-06-19T21:00,2023,Thane Mumbra,19.1906,73.0229,0.0,28.4,83.0,7.5
2023-06-19T22:00,2023,Thane Mumbra,19.1906,73.0229,0.0,28.1,85.0,7.5
2023-06-19T23:00,2023,Thane Mumbra,19.1906,73.0229,0.0,28.1,85.0,6.1
2023-06-20T00:00,2023,Thane Mumbra,19.1906,73.0229,0.0,27.8,86.0,5.9
2023-06-20T01:00,2023,Thane Mumbra,19.1906,73.0229,0.0,27.7,87.0,6.6
2023-06-20T02:00,2023,Thane Mumbra,19.1906,73.0229,0.0,27.3,89.0,5.8
2023-06-20T03:00,2023,Thane Mumbra,19.1906,73.0229,0.1,26.9,92.0,5.8
2023-06-20T04:00,2023,Thane Mumbra,19.1906,73.0229,0.3,26.8,92.0,8.2
2023-06-20T05:00,2023,Thane Mumbra,19.1906,73.0229,0.0,27.0,91.0,4.6
2023-06-20T06:00,2023,Thane Mumbra,19.1906,73.0229,0.0,27.7,88.0,4.2
2023-06-20T07:00,2023,Thane Mumbra,19.1906,73.0229,0.0,29.3,77.0,8.7
2023-06-20T08:00,2023,Thane Mumbra,19.1906,73.0229,0.0,30.6,69.0,11.4
2023-06-20T09:00,2023,Thane Mumbra,19.1906,73.0229,0.0,32.1,62.0,12.2
2023-06-20T10:00,2023,Thane Mumbra,19.1906,73.0229,0.0,32.6,59.0,14.0
2023-06-20T11:00,2023,Thane Mumbra,19.1906,73.0229,0.2,32.9,58.0,14.8
2023-06-20T12:00,2023,Thane Mumbra,19.1906,73.0229,0.2,33.9,54.0,16.7
2023-06-20T13:00,2023,Thane Mumbra,19.1906,73.0229,0.1,33.6,55.0,18.9
2023-06-20T14:00,2023,Thane Mumbra,19.1906,73.0229,0.0,33.5,56.0,19.4
2023-06-20T15:00,2023,Thane Mumbra,19.1906,73.0229,0.0,33.3,57.0,19.6
2023-06-20T16:00,2023,Thane Mumbra,19.1906,73.0229,0.0,32.4,60.0,18.8
2023-06-20T17:00,2023,Thane Mumbra,19.1906,73.0229,0.0,31.1,65.0,16.2
2023-06-20T18:00,2023,Thane Mumbra,19.1906,73.0229,0.1,30.0,71.0,14.2
2023-06-20T19:00,2023,Thane Mumbra,19.1906,73.0229,0.4,29.0,77.0,11.8
2023-06-20T20:00,2023,Thane Mumbra,19.1906,73.0229,0.4,28.3,83.0,9.3
2023-06-20T21:00,2023,Thane Mumbra,19.1906,73.0229,0.2,27.9,87.0,5.1
2023-06-20T22:00,2023,Thane Mumbra,19.1906,73.0229,0.0,27.4,90.0,4.7
2023-06-20T23:00,2023,Thane Mumbra,19.1906,73.0229,0.1,27.2,91.0,5.9
2023-06-21T00:00,2023,Thane Mumbra,19.1906,73.0229,0.0,27.0,91.0,5.4
2023-06-21T01:00,2023,Thane Mumbra,19.1906,73.0229,0.0,26.6,93.0,4.1
2023-06-21T02:00,2023,Thane Mumbra,19.1906,73.0229,0.0,26.5,93.0,5.2
2023-06-21T03:00,2023,Thane Mumbra,19.1906,73.0229,0.1,26.4,94.0,5.2
2023-06-21T04:00,2023,Thane Mumbra,19.1906,73.0229,0.1,26.2,95.0,4.2
2023-06-21T05:00,2023,Thane Mumbra,19.1906,73.0229,0.2,26.7,94.0,4.3
2023-06-21T06:00,2023,Thane Mumbra,19.1906,73.0229,0.1,27.3,93.0,5.7
2023-06-21T07:00,2023,Thane Mumbra,19.1906,73.0229,0.1,28.4,84.0,6.4
2023-06-21T08:00,2023,Thane Mumbra,19.1906,73.0229,0.1,29.8,76.0,8.7
2023-06-21T09:00,2023,Thane Mumbra,19.1906,73.0229,0.1,31.2,68.0,10.8
2023-06-21T10:00,2023,Thane Mumbra,19.1906,73.0229,0.1,32.3,61.0,13.0
2023-06-21T11:00,2023,Thane Mumbra,19.1906,73.0229,0.1,33.1,57.0,15.5
2023-06-21T12:00,2023,Thane Mumbra,19.1906,73.0229,0.3,33.4,57.0,17.2
2023-06-21T13:00,2023,Thane Mumbra,19.1906,73.0229,0.3,33.5,57.0,18.7
2023-06-21T14:00,2023,Thane Mumbra,19.1906,73.0229,0.1,33.9,56.0,19.0
2023-06-21T15:00,2023,Thane Mumbra,19.1906,73.0229,0.0,33.3,57.0,18.7
2023-06-21T16:00,2023,Thane Mumbra,19.1906,73.0229,0.0,32.7,59.0,17.8
2023-06-21T17:00,2023,Thane Mumbra,19.1906,73.0229,0.0,31.9,63.0,15.3
2023-06-21T18:00,2023,Thane Mumbra,19.1906,73.0229,0.0,30.6,69.0,13.9
2023-06-21T19:00,2023,Thane Mumbra,19.1906,73.0229,0.0,29.5,76.0,11.1
2023-06-21T20:00,2023,Thane Mumbra,19.1906,73.0229,0.0,29.1,79.0,9.6
2023-06-21T21:00,2023,Thane Mumbra,19.1906,73.0229,0.0,28.8,81.0,8.4
2023-06-21T22:00,2023,Thane Mumbra,19.1906,73.0229,0.0,28.6,82.0,7.9
2023-06-21T23:00,2023,Thane Mumbra,19.1906,73.0229,0.0,28.1,84.0,7.9
2023-06-22T00:00,2023,Thane Mumbra,19.1906,73.0229,0.1,27.8,86.0,8.2
2023-06-22T01:00,2023,Thane Mumbra,19.1906,73.0229,0.1,27.5,88.0,8.0
2023-06-22T02:00,2023,Thane Mumbra,19.1906,73.0229,0.1,27.3,90.0,8.7
2023-06-22T03:00,2023,Thane Mumbra,19.1906,73.0229,0.2,26.9,91.0,8.4
2023-06-22T04:00,2023,Thane Mumbra,19.1906,73.0229,0.1,27.0,89.0,6.4
2023-06-22T05:00,2023,Thane Mumbra,19.1906,73.0229,0.4,27.1,89.0,5.4
2023-06-22T06:00,2023,Thane Mumbra,19.1906,73.0229,0.1,27.6,87.0,5.1
2023-06-22T07:00,2023,Thane Mumbra,19.1906,73.0229,0.0,28.8,80.0,3.8
2023-06-22T08:00,2023,Thane Mumbra,19.1906,73.0229,0.3,30.0,73.0,8.4
2023-06-22T09:00,2023,Thane Mumbra,19.1906,73.0229,0.1,31.1,68.0,10.2
2023-06-22T10:00,2023,Thane Mumbra,19.1906,73.0229,0.1,32.5,61.0,12.5
2023-06-22T11:00,2023,Thane Mumbra,19.1906,73.0229,0.1,33.5,56.0,15.0
2023-06-22T12:00,2023,Thane Mumbra,19.1906,73.0229,0.0,34.0,54.0,15.8
2023-06-22T13:00,2023,Thane Mumbra,19.1906,73.0229,0.0,34.1,53.0,17.3
2023-06-22T14:00,2023,Thane Mumbra,19.1906,73.0229,0.0,34.1,54.0,18.0
2023-06-22T15:00,2023,Thane Mumbra,19.1906,73.0229,0.0,33.5,56.0,17.8
2023-06-22T16:00,2023,Thane Mumbra,19.1906,73.0229,0.0,32.9,59.0,17.2
2023-06-22T17:00,2023,Thane Mumbra,19.1906,73.0229,0.0,32.0,62.0,14.7
2023-06-22T18:00,2023,Thane Mumbra,19.1906,73.0229,0.0,30.7,69.0,13.6
2023-06-22T19:00,2023,Thane Mumbra,19.1906,73.0229,0.0,29.6,74.0,11.1
2023-06-22T20:00,2023,Thane Mumbra,19.1906,73.0229,0.0,29.2,77.0,8.9
2023-06-22T21:00,2023,Thane Mumbra,19.1906,73.0229,0.0,29.0,79.0,8.9
2023-06-22T22:00,2023,Thane Mumbra,19.1906,73.0229,0.0,28.8,80.0,8.3
2023-06-22T23:00,2023,Thane Mumbra,19.1906,73.0229,0.0,28.1,84.0,8.2
2023-06-23T00:00,2023,Thane Mumbra,19.1906,73.0229,0.1,27.6,87.0,8.1
2023-06-23T01:00,2023,Thane Mumbra,19.1906,73.0229,0.3,27.5,87.0,8.7
2023-06-23T02:00,2023,Thane Mumbra,19.1906,73.0229,0.0,27.2,88.0,8.6
2023-06-23T03:00,2023,Thane Mumbra,19.1906,73.0229,0.0,26.8,89.0,8.7
2023-06-23T04:00,2023,Thane Mumbra,19.1906,73.0229,0.0,26.6,90.0,8.8
2023-06-23T05:00,2023,Thane Mumbra,19.1906,73.0229,0.1,27.0,90.0,7.7
2023-06-23T06:00,2023,Thane Mumbra,19.1906,73.0229,0.2,27.3,87.0,7.3
2023-06-23T07:00,2023,Thane Mumbra,19.1906,73.0229,0.3,27.9,80.0,11.9
2023-06-23T08:00,2023,Thane Mumbra,19.1906,73.0229,0.0,28.9,76.0,12.7
2023-06-23T09:00,2023,Thane Mumbra,19.1906,73.0229,0.0,29.7,72.0,12.2
2023-06-23T10:00,2023,Thane Mumbra,19.1906,73.0229,0.1,31.7,65.0,13.0
2023-06-23T11:00,2023,Thane Mumbra,19.1906,73.0229,0.0,32.3,63.0,14.8
2023-06-23T12:00,2023,Thane Mumbra,19.1906,73.0229,0.1,33.4,60.0,14.0
2023-06-23T13:00,2023,Thane Mumbra,19.1906,73.0229,0.0,33.7,58.0,14.3
2023-06-23T14:00,2023,Thane Mumbra,19.1906,73.0229,0.0,33.7,58.0,16.8
2023-06-23T15:00,2023,Thane Mumbra,19.1906,73.0229,0.0,32.8,61.0,17.9
2023-06-23T16:00,2023,Thane Mumbra,19.1906,73.0229,0.0,31.9,65.0,17.5
2023-06-23T17:00,2023,Thane Mumbra,19.1906,73.0229,0.1,31.1,68.0,17.2
2023-06-23T18:00,2023,Thane Mumbra,19.1906,73.0229,0.0,29.9,73.0,14.8
2023-06-23T19:00,2023,Thane Mumbra,19.1906,73.0229,0.0,29.1,77.0,12.7
2023-06-23T20:00,2023,Thane Mumbra,19.1906,73.0229,0.0,28.6,80.0,11.2
2023-06-23T21:00,2023,Thane Mumbra,19.1906,73.0229,0.1,27.9,83.0,12.6
2023-06-23T22:00,2023,Thane Mumbra,19.1906,73.0229,0.1,27.6,84.0,12.3
2023-06-23T23:00,2023,Thane Mumbra,19.1906,73.0229,0.1,27.5,84.0,12.8
2023-06-24T00:00,2023,Thane Mumbra,19.1906,73.0229,0.1,26.9,87.0,13.4
2023-06-24T01:00,2023,Thane Mumbra,19.1906,73.0229,0.2,26.5,88.0,11.0
2023-06-24T02:00,2023,Thane Mumbra,19.1906,73.0229,0.1,26.4,90.0,9.2
2023-06-24T03:00,2023,Thane Mumbra,19.1906,73.0229,0.1,26.2,90.0,9.3
2023-06-24T04:00,2023,Thane Mumbra,19.1906,73.0229,0.0,26.2,90.0,7.3
2023-06-24T05:00,2023,Thane Mumbra,19.1906,73.0229,0.0,24.8,94.0,3.8
2023-06-24T06:00,2023,Thane Mumbra,19.1906,73.0229,3.8,24.9,95.0,4.7
2023-06-24T07:00,2023,Thane Mumbra,19.1906,73.0229,0.5,25.5,93.0,7.4
2023-06-24T08:00,2023,Thane Mumbra,19.1906,73.0229,0.2,27.0,84.0,6.6
2023-06-24T09:00,2023,Thane Mumbra,19.1906,73.0229,0.0,28.6,77.0,7.3
2023-06-24T10:00,2023,Thane Mumbra,19.1906,73.0229,0.1,30.2,72.0,11.3
2023-06-24T11:00,2023,Thane Mumbra,19.1906,73.0229,0.9,28.8,78.0,11.8
2023-06-24T12:00,2023,Thane Mumbra,19.1906,73.0229,0.1,30.2,73.0,14.7
2023-06-24T13:00,2023,Thane Mumbra,19.1906,73.0229,0.0,31.2,66.0,14.3
2023-06-24T14:00,2023,Thane Mumbra,19.1906,73.0229,2.0,27.8,80.0,15.3
2023-06-24T15:00,2023,Thane Mumbra,19.1906,73.0229,0.3,28.3,79.0,13.7
2023-06-24T16:00,2023,Thane Mumbra,19.1906,73.0229,0.2,29.8,73.0,15.1
2023-06-24T17:00,2023,Thane Mumbra,19.1906,73.0229,2.6,27.0,86.0,10.3
2023-06-24T18:00,2023,Thane Mumbra,19.1906,73.0229,2.1,26.3,90.0,10.7
2023-06-24T19:00,2023,Thane Mumbra,19.1906,73.0229,0.8,25.3,93.0,8.6
2023-06-24T20:00,2023,Thane Mumbra,19.1906,73.0229,2.4,25.0,95.0,7.2
2023-06-24T21:00,2023,Thane Mumbra,19.1906,73.0229,1.9,25.2,96.0,8.0
2023-06-24T22:00,2023,Thane Mumbra,19.1906,73.0229,2.8,25.0,96.0,4.1
2023-06-24T23:00,2023,Thane Mumbra,19.1906,73.0229,1.0,24.8,96.0,9.7
2023-06-25T00:00,2023,Thane Mumbra,19.1906,73.0229,0.2,25.0,96.0,10.8
2023-06-25T01:00,2023,Thane Mumbra,19.1906,73.0229,0.1,25.2,94.0,9.0
2023-06-25T02:00,2023,Thane Mumbra,19.1906,73.0229,0.0,25.2,95.0,8.4
2023-06-25T03:00,2023,Thane Mumbra,19.1906,73.0229,0.1,25.0,95.0,10.1
2023-06-25T04:00,2023,Thane Mumbra,19.1906,73.0229,0.0,25.2,94.0,7.9
2023-06-25T05:00,2023,Thane Mumbra,19.1906,73.0229,0.3,24.9,97.0,11.6
2023-06-25T06:00,2023,Thane Mumbra,19.1906,73.0229,1.6,24.8,95.0,6.9
2023-06-25T07:00,2023,Thane Mumbra,19.1906,73.0229,1.7,25.2,95.0,10.2
2023-06-25T08:00,2023,Thane Mumbra,19.1906,73.0229,0.6,25.6,94.0,11.7
2023-06-25T09:00,2023,Thane Mumbra,19.1906,73.0229,0.9,25.4,94.0,12.3
2023-06-25T10:00,2023,Thane Mumbra,19.1906,73.0229,1.3,25.7,97.0,7.0
2023-06-25T11:00,2023,Thane Mumbra,19.1906,73.0229,0.5,25.4,96.0,10.5
2023-06-25T12:00,2023,Thane Mumbra,19.1906,73.0229,0.7,26.6,89.0,9.0
2023-06-25T13:00,2023,Thane Mumbra,19.1906,73.0229,0.2,27.8,84.0,13.0
2023-06-25T14:00,2023,Thane Mumbra,19.1906,73.0229,1.1,27.6,81.0,16.6
2023-06-25T15:00,2023,Thane Mumbra,19.1906,73.0229,0.8,27.2,82.0,14.1
2023-06-25T16:00,2023,Thane Mumbra,19.1906,73.0229,0.1,27.6,81.0,16.1
2023-06-25T17:00,2023,Thane Mumbra,19.1906,73.0229,0.1,27.3,82.0,12.5
2023-06-25T18:00,2023,Thane Mumbra,19.1906,73.0229,0.2,26.7,87.0,12.2
2023-06-25T19:00,2023,Thane Mumbra,19.1906,73.0229,0.7,26.1,91.0,9.9
2023-06-25T20:00,2023,Thane Mumbra,19.1906,73.0229,0.5,25.7,94.0,9.0
2023-06-25T21:00,2023,Thane Mumbra,19.1906,73.0229,0.5,25.6,93.0,10.5
2023-06-25T22:00,2023,Thane Mumbra,19.1906,73.0229,0.1,25.5,93.0,13.0
2023-06-25T23:00,2023,Thane Mumbra,19.1906,73.0229,0.1,25.1,94.0,11.7
2023-06-26T00:00,2023,Thane Mumbra,19.1906,73.0229,1.2,25.1,94.0,10.8
2023-06-26T01:00,2023,Thane Mumbra,19.1906,73.0229,0.1,25.4,93.0,10.8
2023-06-26T02:00,2023,Thane Mumbra,19.1906,73.0229,0.2,25.2,95.0,13.6
2023-06-26T03:00,2023,Thane Mumbra,19.1906,73.0229,0.1,25.0,94.0,12.3
2023-06-26T04:00,2023,Thane Mumbra,19.1906,73.0229,1.2,24.9,95.0,8.0
2023-06-26T05:00,2023,Thane Mumbra,19.1906,73.0229,0.7,24.9,96.0,7.1
2023-06-26T06:00,2023,Thane Mumbra,19.1906,73.0229,3.2,24.7,96.0,10.9
2023-06-26T07:00,2023,Thane Mumbra,19.1906,73.0229,3.5,24.7,96.0,13.0
2023-06-26T08:00,2023,Thane Mumbra,19.1906,73.0229,1.7,24.8,95.0,10.1
2023-06-26T09:00,2023,Thane Mumbra,19.1906,73.0229,1.6,25.0,93.0,14.0
2023-06-26T10:00,2023,Thane Mumbra,19.1906,73.0229,1.4,25.5,93.0,13.6
2023-06-26T11:00,2023,Thane Mumbra,19.1906,73.0229,0.3,26.2,89.0,14.8
2023-06-26T12:00,2023,Thane Mumbra,19.1906,73.0229,0.3,25.7,90.0,17.0
2023-06-26T13:00,2023,Thane Mumbra,19.1906,73.0229,0.5,26.1,88.0,17.1
2023-06-26T14:00,2023,Thane Mumbra,19.1906,73.0229,0.9,26.0,92.0,15.9
2023-06-26T15:00,2023,Thane Mumbra,19.1906,73.0229,0.2,26.4,87.0,13.6
2023-06-26T16:00,2023,Thane Mumbra,19.1906,73.0229,0.9,25.5,94.0,13.0
2023-06-26T17:00,2023,Thane Mumbra,19.1906,73.0229,1.2,26.2,87.0,10.0
2023-06-26T18:00,2023,Thane Mumbra,19.1906,73.0229,4.3,24.8,94.0,4.9
2023-06-26T19:00,2023,Thane Mumbra,19.1906,73.0229,0.1,24.7,95.0,6.9
2023-06-26T20:00,2023,Thane Mumbra,19.1906,73.0229,0.1,24.5,96.0,7.2
2023-06-26T21:00,2023,Thane Mumbra,19.1906,73.0229,1.1,24.7,96.0,6.9
2023-06-26T22:00,2023,Thane Mumbra,19.1906,73.0229,1.8,24.8,96.0,10.3
2023-06-26T23:00,2023,Thane Mumbra,19.1906,73.0229,0.1,24.4,97.0,9.7
2023-06-27T00:00,2023,Thane Mumbra,19.1906,73.0229,0.8,24.7,96.0,10.9
2023-06-27T01:00,2023,Thane Mumbra,19.1906,73.0229,0.9,24.7,96.0,12.0
2023-06-27T02:00,2023,Thane Mumbra,19.1906,73.0229,0.9,24.6,96.0,9.4
2023-06-27T03:00,2023,Thane Mumbra,19.1906,73.0229,4.5,24.4,96.0,11.4
2023-06-27T04:00,2023,Thane Mumbra,19.1906,73.0229,3.0,24.6,95.0,11.3
2023-06-27T05:00,2023,Thane Mumbra,19.1906,73.0229,0.7,24.4,96.0,7.4
2023-06-27T06:00,2023,Thane Mumbra,19.1906,73.0229,0.7,24.8,95.0,5.7
2023-06-27T07:00,2023,Thane Mumbra,19.1906,73.0229,0.2,25.3,94.0,9.2
2023-06-27T08:00,2023,Thane Mumbra,19.1906,73.0229,0.4,25.9,91.0,10.4
2023-06-27T09:00,2023,Thane Mumbra,19.1906,73.0229,0.5,26.1,90.0,12.6
2023-06-27T10:00,2023,Thane Mumbra,19.1906,73.0229,0.7,25.6,94.0,13.3
2023-06-27T11:00,2023,Thane Mumbra,19.1906,73.0229,1.1,26.2,92.0,14.9
2023-06-27T12:00,2023,Thane Mumbra,19.1906,73.0229,1.1,26.2,88.0,14.8
2023-06-27T13:00,2023,Thane Mumbra,19.1906,73.0229,1.0,27.8,80.0,14.6
2023-06-27T14:00,2023,Thane Mumbra,19.1906,73.0229,0.9,26.0,89.0,18.1
2023-06-27T15:00,2023,Thane Mumbra,19.1906,73.0229,1.5,26.1,89.0,12.9
2023-06-27T16:00,2023,Thane Mumbra,19.1906,73.0229,0.5,26.1,89.0,15.3
2023-06-27T17:00,2023,Thane Mumbra,19.1906,73.0229,0.8,25.1,94.0,9.6
2023-06-27T18:00,2023,Thane Mumbra,19.1906,73.0229,0.6,25.5,94.0,7.3
2023-06-27T19:00,2023,Thane Mumbra,19.1906,73.0229,0.3,25.3,95.0,10.4
2023-06-27T20:00,2023,Thane Mumbra,19.1906,73.0229,0.6,25.3,94.0,10.1
2023-06-27T21:00,2023,Thane Mumbra,19.1906,73.0229,0.9,24.9,96.0,10.9
2023-06-27T22:00,2023,Thane Mumbra,19.1906,73.0229,0.6,24.9,96.0,10.6
2023-06-27T23:00,2023,Thane Mumbra,19.1906,73.0229,0.4,24.9,96.0,11.8
2023-06-28T00:00,2023,Thane Mumbra,19.1906,73.0229,0.6,25.1,95.0,13.0
2023-06-28T01:00,2023,Thane Mumbra,19.1906,73.0229,1.0,24.9,96.0,11.2
2023-06-28T02:00,2023,Thane Mumbra,19.1906,73.0229,1.2,25.1,96.0,9.0
2023-06-28T03:00,2023,Thane Mumbra,19.1906,73.0229,1.3,25.0,95.0,12.0
2023-06-28T04:00,2023,Thane Mumbra,19.1906,73.0229,1.8,25.2,94.0,9.0
2023-06-28T05:00,2023,Thane Mumbra,19.1906,73.0229,1.3,25.3,95.0,9.4
2023-06-28T06:00,2023,Thane Mumbra,19.1906,73.0229,0.7,25.5,94.0,9.0
2023-06-28T07:00,2023,Thane Mumbra,19.1906,73.0229,0.7,25.9,93.0,9.9
2023-06-28T08:00,2023,Thane Mumbra,19.1906,73.0229,0.6,26.4,92.0,13.9
2023-06-28T09:00,2023,Thane Mumbra,19.1906,73.0229,4.5,26.0,91.0,9.7
2023-06-28T10:00,2023,Thane Mumbra,19.1906,73.0229,3.2,26.7,91.0,11.6
2023-06-28T11:00,2023,Thane Mumbra,19.1906,73.0229,1.7,26.8,88.0,13.8
2023-06-28T12:00,2023,Thane Mumbra,19.1906,73.0229,0.4,28.0,84.0,13.4
2023-06-28T13:00,2023,Thane Mumbra,19.1906,73.0229,0.4,28.4,81.0,17.3
2023-06-28T14:00,2023,Thane Mumbra,19.1906,73.0229,3.6,26.5,90.0,15.7
2023-06-28T15:00,2023,Thane Mumbra,19.1906,73.0229,0.8,26.1,92.0,15.0
2023-06-28T16:00,2023,Thane Mumbra,19.1906,73.0229,1.0,26.4,93.0,12.1
2023-06-28T17:00,2023,Thane Mumbra,19.1906,73.0229,2.2,26.2,92.0,12.0
2023-06-28T18:00,2023,Thane Mumbra,19.1906,73.0229,1.8,25.8,95.0,13.0
2023-06-28T19:00,2023,Thane Mumbra,19.1906,73.0229,1.8,25.8,95.0,8.5
2023-06-28T20:00,2023,Thane Mumbra,19.1906,73.0229,1.3,25.8,95.0,8.4
2023-06-28T21:00,2023,Thane Mumbra,19.1906,73.0229,1.6,25.8,95.0,11.3
2023-06-28T22:00,2023,Thane Mumbra,19.1906,73.0229,1.5,25.7,93.0,12.5
2023-06-28T23:00,2023,Thane Mumbra,19.1906,73.0229,1.8,25.0,95.0,13.6
2023-06-29T00:00,2023,Thane Mumbra,19.1906,73.0229,2.2,25.2,94.0,11.2
2023-06-29T01:00,2023,Thane Mumbra,19.1906,73.0229,0.8,25.2,94.0,12.2
2023-06-29T02:00,2023,Thane Mumbra,19.1906,73.0229,1.5,25.1,95.0,9.7
2023-06-29T03:00,2023,Thane Mumbra,19.1906,73.0229,2.5,25.2,95.0,3.8
2023-06-29T04:00,2023,Thane Mumbra,19.1906,73.0229,1.1,25.1,96.0,6.9
2023-06-29T05:00,2023,Thane Mumbra,19.1906,73.0229,1.1,25.1,94.0,12.7
2023-06-29T06:00,2023,Thane Mumbra,19.1906,73.0229,4.1,25.1,95.0,9.2
2023-06-29T07:00,2023,Thane Mumbra,19.1906,73.0229,5.0,24.9,94.0,8.1
2023-06-29T08:00,2023,Thane Mumbra,19.1906,73.0229,1.2,25.9,93.0,12.5
2023-06-29T09:00,2023,Thane Mumbra,19.1906,73.0229,2.9,26.2,92.0,9.8
2023-06-29T10:00,2023,Thane Mumbra,19.1906,73.0229,2.1,26.2,91.0,13.6
2023-06-29T11:00,2023,Thane Mumbra,19.1906,73.0229,1.6,26.2,91.0,13.8
2023-06-29T12:00,2023,Thane Mumbra,19.1906,73.0229,1.2,26.2,93.0,11.2
2023-06-29T13:00,2023,Thane Mumbra,19.1906,73.0229,0.7,27.3,87.0,13.4
2023-06-29T14:00,2023,Thane Mumbra,19.1906,73.0229,1.5,26.2,90.0,18.9
2023-06-29T15:00,2023,Thane Mumbra,19.1906,73.0229,1.2,26.8,89.0,13.3
2023-06-29T16:00,2023,Thane Mumbra,19.1906,73.0229,2.6,25.8,92.0,18.8
2023-06-29T17:00,2023,Thane Mumbra,19.1906,73.0229,1.9,26.3,90.0,16.2
2023-06-29T18:00,2023,Thane Mumbra,19.1906,73.0229,0.4,25.5,94.0,11.0
2023-06-29T19:00,2023,Thane Mumbra,19.1906,73.0229,1.3,24.9,94.0,7.8
2023-06-29T20:00,2023,Thane Mumbra,19.1906,73.0229,2.6,25.1,95.0,10.5
2023-06-29T21:00,2023,Thane Mumbra,19.1906,73.0229,1.5,24.9,95.0,11.3
2023-06-29T22:00,2023,Thane Mumbra,19.1906,73.0229,1.4,25.4,93.0,13.2
2023-06-29T23:00,2023,Thane Mumbra,19.1906,73.0229,1.2,25.5,94.0,13.5
2023-06-30T00:00,2023,Thane Mumbra,19.1906,73.0229,1.1,25.4,93.0,12.9
2023-06-30T01:00,2023,Thane Mumbra,19.1906,73.0229,1.4,25.2,94.0,11.7
2023-06-30T02:00,2023,Thane Mumbra,19.1906,73.0229,1.8,25.0,94.0,13.2
2023-06-30T03:00,2023,Thane Mumbra,19.1906,73.0229,5.6,24.6,95.0,12.5
2023-06-30T04:00,2023,Thane Mumbra,19.1906,73.0229,4.6,24.9,94.0,10.5
2023-06-30T05:00,2023,Thane Mumbra,19.1906,73.0229,1.6,25.6,94.0,11.5
2023-06-30T06:00,2023,Thane Mumbra,19.1906,73.0229,1.1,25.4,94.0,15.0
2023-06-30T07:00,2023,Thane Mumbra,19.1906,73.0229,0.7,25.9,95.0,15.9
2023-06-30T08:00,2023,Thane Mumbra,19.1906,73.0229,2.2,25.7,94.0,16.8
2023-06-30T09:00,2023,Thane Mumbra,19.1906,73.0229,1.3,25.5,93.0,21.3
2023-06-30T10:00,2023,Thane Mumbra,19.1906,73.0229,1.0,27.1,88.0,15.5
2023-06-30T11:00,2023,Thane Mumbra,19.1906,73.0229,2.5,26.5,89.0,20.2
2023-06-30T12:00,2023,Thane Mumbra,19.1906,73.0229,1.1,26.7,88.0,21.5
2023-06-30T13:00,2023,Thane Mumbra,19.1906,73.0229,1.4,26.3,93.0,17.4
2023-06-30T14:00,2023,Thane Mumbra,19.1906,73.0229,1.9,26.1,91.0,18.3
2023-06-30T15:00,2023,Thane Mumbra,19.1906,73.0229,1.2,26.2,90.0,19.3
2023-06-30T16:00,2023,Thane Mumbra,19.1906,73.0229,1.8,25.7,93.0,15.9
2023-06-30T17:00,2023,Thane Mumbra,19.1906,73.0229,1.3,26.3,92.0,17.5
2023-06-30T18:00,2023,Thane Mumbra,19.1906,73.0229,2.2,26.1,92.0,13.7
2023-06-30T19:00,2023,Thane Mumbra,19.1906,73.0229,3.2,25.5,94.0,15.8
2023-06-30T20:00,2023,Thane Mumbra,19.1906,73.0229,1.7,25.6,93.0,15.6
2023-06-30T21:00,2023,Thane Mumbra,19.1906,73.0229,1.6,25.5,95.0,6.3
2023-06-30T22:00,2023,Thane Mumbra,19.1906,73.0229,1.8,25.5,95.0,11.4
2023-06-30T23:00,2023,Thane Mumbra,19.1906,73.0229,1.8,25.8,93.0,12.5
2023-07-01T00:00,2023,Thane Mumbra,19.1906,73.0229,2.8,24.7,95.0,9.8
2023-07-01T01:00,2023,Thane Mumbra,19.1906,73.0229,4.1,24.6,95.0,8.7
2023-07-01T02:00,2023,Thane Mumbra,19.1906,73.0229,2.6,24.9,94.0,12.0
2023-07-01T03:00,2023,Thane Mumbra,19.1906,73.0229,2.1,24.4,96.0,10.2
2023-07-01T04:00,2023,Thane Mumbra,19.1906,73.0229,3.1,24.2,96.0,7.9
2023-07-01T05:00,2023,Thane Mumbra,19.1906,73.0229,1.1,25.5,93.0,13.0
2023-07-01T06:00,2023,Thane Mumbra,19.1906,73.0229,3.3,24.9,95.0,6.6
2023-07-01T07:00,2023,Thane Mumbra,19.1906,73.0229,3.6,25.1,95.0,14.2
2023-07-01T08:00,2023,Thane Mumbra,19.1906,73.0229,2.4,25.8,94.0,13.5
2023-07-01T09:00,2023,Thane Mumbra,19.1906,73.0229,4.1,25.7,92.0,14.7
2023-07-01T10:00,2023,Thane Mumbra,19.1906,73.0229,1.5,25.9,92.0,12.7
2023-07-01T11:00,2023,Thane Mumbra,19.1906,73.0229,1.6,26.6,92.0,10.1
2023-07-01T12:00,2023,Thane Mumbra,19.1906,73.0229,0.4,27.8,86.0,15.9
2023-07-01T13:00,2023,Thane Mumbra,19.1906,73.0229,1.2,26.9,82.0,17.5
2023-07-01T14:00,2023,Thane Mumbra,19.1906,73.0229,1.9,25.8,90.0,15.7
2023-07-01T15:00,2023,Thane Mumbra,19.1906,73.0229,0.2,27.7,84.0,17.6
2023-07-01T16:00,2023,Thane Mumbra,19.1906,73.0229,0.7,27.2,88.0,16.1
2023-07-01T17:00,2023,Thane Mumbra,19.1906,73.0229,1.1,25.9,91.0,12.6
2023-07-01T18:00,2023,Thane Mumbra,19.1906,73.0229,0.3,26.4,90.0,11.8
2023-07-01T19:00,2023,Thane Mumbra,19.1906,73.0229,0.1,25.7,93.0,12.1
2023-07-01T20:00,2023,Thane Mumbra,19.1906,73.0229,0.3,25.5,94.0,13.2
2023-07-01T21:00,2023,Thane Mumbra,19.1906,73.0229,4.9,24.6,96.0,7.3
2023-07-01T22:00,2023,Thane Mumbra,19.1906,73.0229,0.7,24.8,96.0,13.0
2023-07-01T23:00,2023,Thane Mumbra,19.1906,73.0229,0.5,24.5,97.0,13.7
2023-07-02T00:00,2023,Thane Mumbra,19.1906,73.0229,0.9,24.4,97.0,12.6
2023-07-02T01:00,2023,Thane Mumbra,19.1906,73.0229,0.6,24.5,97.0,11.3
2023-07-02T02:00,2023,Thane Mumbra,19.1906,73.0229,0.9,24.5,96.0,13.0
2023-07-02T03:00,2023,Thane Mumbra,19.1906,73.0229,2.4,24.6,96.0,11.3
2023-07-02T04:00,2023,Thane Mumbra,19.1906,73.0229,1.0,24.8,96.0,12.4
2023-07-02T05:00,2023,Thane Mumbra,19.1906,73.0229,1.4,24.8,97.0,5.8
2023-07-02T06:00,2023,Thane Mumbra,19.1906,73.0229,0.6,25.5,94.0,10.1
2023-07-02T07:00,2023,Thane Mumbra,19.1906,73.0229,0.4,25.6,95.0,13.4
2023-07-02T08:00,2023,Thane Mumbra,19.1906,73.0229,0.4,26.9,88.0,14.7
2023-07-02T09:00,2023,Thane Mumbra,19.1906,73.0229,0.4,27.5,86.0,13.2
2023-07-02T10:00,2023,Thane Mumbra,19.1906,73.0229,2.8,27.6,84.0,17.2
2023-07-02T11:00,2023,Thane Mumbra,19.1906,73.0229,0.4,28.7,80.0,15.3
2023-07-02T12:00,2023,Thane Mumbra,19.1906,73.0229,4.5,28.8,83.0,12.6
2023-07-02T13:00,2023,Thane Mumbra,19.1906,73.0229,1.2,29.0,79.0,19.0
2023-07-02T14:00,2023,Thane Mumbra,19.1906,73.0229,1.6,28.4,83.0,15.3
2023-07-02T15:00,2023,Thane Mumbra,19.1906,73.0229,1.8,27.5,83.0,16.3
2023-07-02T16:00,2023,Thane Mumbra,19.1906,73.0229,0.8,27.3,85.0,15.2
2023-07-02T17:00,2023,Thane Mumbra,19.1906,73.0229,1.0,26.6,87.0,13.9
2023-07-02T18:00,2023,Thane Mumbra,19.1906,73.0229,1.5,26.1,93.0,7.3
2023-07-02T19:00,2023,Thane Mumbra,19.1906,73.0229,4.8,25.4,96.0,6.7
2023-07-02T20:00,2023,Thane Mumbra,19.1906,73.0229,2.4,25.0,96.0,8.3
2023-07-02T21:00,2023,Thane Mumbra,19.1906,73.0229,2.2,25.1,97.0,9.3
2023-07-02T22:00,2023,Thane Mumbra,19.1906,73.0229,0.9,25.2,96.0,11.4
2023-07-02T23:00,2023,Thane Mumbra,19.1906,73.0229,0.3,25.1,96.0,13.5
2023-07-03T00:00,2023,Thane Mumbra,19.1906,73.0229,0.1,25.0,95.0,13.7
2023-07-03T01:00,2023,Thane Mumbra,19.1906,73.0229,0.2,24.9,96.0,12.9
2023-07-03T02:00,2023,Thane Mumbra,19.1906,73.0229,0.6,25.0,96.0,11.3
2023-07-03T03:00,2023,Thane Mumbra,19.1906,73.0229,0.9,25.3,96.0,10.8
2023-07-03T04:00,2023,Thane Mumbra,19.1906,73.0229,0.3,25.6,94.0,10.3
2023-07-03T05:00,2023,Thane Mumbra,19.1906,73.0229,0.2,25.8,93.0,10.6
2023-07-03T06:00,2023,Thane Mumbra,19.1906,73.0229,0.3,25.9,94.0,9.4
2023-07-03T07:00,2023,Thane Mumbra,19.1906,73.0229,0.2,26.5,92.0,10.1
2023-07-03T08:00,2023,Thane Mumbra,19.1906,73.0229,0.4,26.6,91.0,13.9
2023-07-03T09:00,2023,Thane Mumbra,19.1906,73.0229,0.3,27.2,90.0,11.7
2023-07-03T10:00,2023,Thane Mumbra,19.1906,73.0229,0.1,28.5,83.0,13.7
2023-07-03T11:00,2023,Thane Mumbra,19.1906,73.0229,0.7,28.0,85.0,15.1
2023-07-03T12:00,2023,Thane Mumbra,19.1906,73.0229,0.2,29.4,80.0,15.1
2023-07-03T13:00,2023,Thane Mumbra,19.1906,73.0229,0.2,29.9,78.0,14.6
2023-07-03T14:00,2023,Thane Mumbra,19.1906,73.0229,0.3,30.0,77.0,13.9
2023-07-03T15:00,2023,Thane Mumbra,19.1906,73.0229,1.5,29.1,80.0,15.5
2023-07-03T16:00,2023,Thane Mumbra,19.1906,73.0229,0.3,29.1,83.0,10.2
2023-07-03T17:00,2023,Thane Mumbra,19.1906,73.0229,1.0,28.4,83.0,12.1
2023-07-03T18:00,2023,Thane Mumbra,19.1906,73.0229,2.7,26.7,91.0,10.2
2023-07-03T19:00,2023,Thane Mumbra,19.1906,73.0229,0.2,26.4,94.0,6.8
2023-07-03T20:00,2023,Thane Mumbra,19.1906,73.0229,0.1,26.5,93.0,6.3
2023-07-03T21:00,2023,Thane Mumbra,19.1906,73.0229,0.0,26.4,94.0,4.4
2023-07-03T22:00,2023,Thane Mumbra,19.1906,73.0229,0.1,26.4,95.0,5.4
2023-07-03T23:00,2023,Thane Mumbra,19.1906,73.0229,0.1,26.3,95.0,6.0
2023-07-04T00:00,2023,Thane Mumbra,19.1906,73.0229,0.1,26.1,94.0,11.0
2023-07-04T01:00,2023,Thane Mumbra,19.1906,73.0229,2.7,25.5,96.0,8.1
2023-07-04T02:00,2023,Thane Mumbra,19.1906,73.0229,0.3,25.4,97.0,8.6
2023-07-04T03:00,2023,Thane Mumbra,19.1906,73.0229,0.3,25.1,97.0,9.5
2023-07-04T04:00,2023,Thane Mumbra,19.1906,73.0229,0.3,24.9,96.0,10.6
2023-07-04T05:00,2023,Thane Mumbra,19.1906,73.0229,0.6,25.6,97.0,8.4
2023-07-04T06:00,2023,Thane Mumbra,19.1906,73.0229,1.0,26.0,96.0,5.2
2023-07-04T07:00,2023,Thane Mumbra,19.1906,73.0229,0.2,26.5,90.0,14.6
2023-07-04T08:00,2023,Thane Mumbra,19.1906,73.0229,4.0,25.4,94.0,11.8
2023-07-04T09:00,2023,Thane Mumbra,19.1906,73.0229,3.7,27.3,88.0,10.7
2023-07-04T10:00,2023,Thane Mumbra,19.1906,73.0229,0.2,28.9,82.0,11.0
2023-07-04T11:00,2023,Thane Mumbra,19.1906,73.0229,1.2,29.3,78.0,11.5
2023-07-04T12:00,2023,Thane Mumbra,19.1906,73.0229,5.1,27.8,86.0,10.3
2023-07-04T13:00,2023,Thane Mumbra,19.1906,73.0229,0.3,30.0,79.0,12.0
2023-07-04T14:00,2023,Thane Mumbra,19.1906,73.0229,0.1,29.7,77.0,15.2
2023-07-04T15:00,2023,Thane Mumbra,19.1906,73.0229,0.9,28.7,82.0,15.8
2023-07-04T16:00,2023,Thane Mumbra,19.1906,73.0229,0.3,28.8,81.0,13.7
2023-07-04T17:00,2023,Thane Mumbra,19.1906,73.0229,0.1,27.2,89.0,8.6
2023-07-04T18:00,2023,Thane Mumbra,19.1906,73.0229,1.0,26.9,89.0,10.5
2023-07-04T19:00,2023,Thane Mumbra,19.1906,73.0229,0.7,26.3,93.0,7.3
2023-07-04T20:00,2023,Thane Mumbra,19.1906,73.0229,0.4,26.4,94.0,6.1
2023-07-04T21:00,2023,Thane Mumbra,19.1906,73.0229,0.5,26.3,94.0,6.8
2023-07-04T22:00,2023,Thane Mumbra,19.1906,73.0229,0.6,26.3,95.0,6.0
2023-07-04T23:00,2023,Thane Mumbra,19.1906,73.0229,0.6,26.1,95.0,7.0
2023-07-05T00:00,2023,Thane Mumbra,19.1906,73.0229,0.1,25.9,95.0,9.8
2023-07-05T01:00,2023,Thane Mumbra,19.1906,73.0229,0.0,25.8,95.0,10.2
2023-07-05T02:00,2023,Thane Mumbra,19.1906,73.0229,0.1,25.8,94.0,11.6
2023-07-05T03:00,2023,Thane Mumbra,19.1906,73.0229,0.1,25.6,93.0,10.5
2023-07-05T04:00,2023,Thane Mumbra,19.1906,73.0229,0.0,25.7,93.0,9.7
2023-07-05T05:00,2023,Thane Mumbra,19.1906,73.0229,0.0,25.5,96.0,8.8
2023-07-05T06:00,2023,Thane Mumbra,19.1906,73.0229,0.2,25.6,96.0,8.4
2023-07-05T07:00,2023,Thane Mumbra,19.1906,73.0229,0.1,26.3,92.0,10.1
2023-07-05T08:00,2023,Thane Mumbra,19.1906,73.0229,0.1,27.2,88.0,8.9
2023-07-05T09:00,2023,Thane Mumbra,19.1906,73.0229,0.1,28.1,84.0,10.0
2023-07-05T10:00,2023,Thane Mumbra,19.1906,73.0229,1.4,28.9,79.0,12.6
2023-07-05T11:00,2023,Thane Mumbra,19.1906,73.0229,5.2,27.2,87.0,8.1
2023-07-05T12:00,2023,Thane Mumbra,19.1906,73.0229,0.6,28.3,84.0,10.2
2023-07-05T13:00,2023,Thane Mumbra,19.1906,73.0229,1.5,29.6,77.0,13.4
2023-07-05T14:00,2023,Thane Mumbra,19.1906,73.0229,6.7,27.1,86.0,15.0
2023-07-05T15:00,2023,Thane Mumbra,19.1906,73.0229,0.5,27.0,87.0,11.5
2023-07-05T16:00,2023,Thane Mumbra,19.1906,73.0229,0.3,26.9,89.0,9.7
2023-07-05T17:00,2023,Thane Mumbra,19.1906,73.0229,0.3,27.1,90.0,8.2
2023-07-05T18:00,2023,Thane Mumbra,19.1906,73.0229,1.1,26.4,95.0,8.4
2023-07-05T19:00,2023,Thane Mumbra,19.1906,73.0229,1.1,26.0,94.0,7.8
2023-07-05T20:00,2023,Thane Mumbra,19.1906,73.0229,0.2,25.3,96.0,11.3
2023-07-05T21:00,2023,Thane Mumbra,19.1906,73.0229,0.5,25.0,96.0,9.9
2023-07-05T22:00,2023,Thane Mumbra,19.1906,73.0229,0.6,24.5,96.0,11.2
2023-07-05T23:00,2023,Thane Mumbra,19.1906,73.0229,0.5,24.4,95.0,10.7
2023-07-06T00:00,2023,Thane Mumbra,19.1906,73.0229,5.3,24.4,96.0,9.7
2023-07-06T01:00,2023,Thane Mumbra,19.1906,73.0229,2.1,24.2,97.0,10.2
2023-07-06T02:00,2023,Thane Mumbra,19.1906,73.0229,0.3,23.9,98.0,10.7
2023-07-06T03:00,2023,Thane Mumbra,19.1906,73.0229,0.3,24.0,98.0,9.5
2023-07-06T04:00,2023,Thane Mumbra,19.1906,73.0229,0.1,24.3,97.0,9.5
2023-07-06T05:00,2023,Thane Mumbra,19.1906,73.0229,5.2,24.0,99.0,10.8
2023-07-06T06:00,2023,Thane Mumbra,19.1906,73.0229,1.6,24.1,99.0,10.2
2023-07-06T07:00,2023,Thane Mumbra,19.1906,73.0229,0.8,24.7,96.0,8.4
2023-07-06T08:00,2023,Thane Mumbra,19.1906,73.0229,3.5,24.9,96.0,9.2
2023-07-06T09:00,2023,Thane Mumbra,19.1906,73.0229,11.1,24.7,96.0,11.5
2023-07-06T10:00,2023,Thane Mumbra,19.1906,73.0229,9.1,25.2,94.0,8.5
2023-07-06T11:00,2023,Thane Mumbra,19.1906,73.0229,12.5,25.7,94.0,9.0
2023-07-06T12:00,2023,Thane Mumbra,19.1906,73.0229,2.4,26.3,93.0,14.8
2023-07-06T13:00,2023,Thane Mumbra,19.1906,73.0229,2.4,26.3,92.0,18.3
2023-07-06T14:00,2023,Thane Mumbra,19.1906,73.0229,3.5,25.8,93.0,18.4
2023-07-06T15:00,2023,Thane Mumbra,19.1906,73.0229,2.0,26.0,93.0,19.1
2023-07-06T16:00,2023,Thane Mumbra,19.1906,73.0229,1.3,25.8,93.0,20.1
2023-07-06T17:00,2023,Thane Mumbra,19.1906,73.0229,1.7,26.7,87.0,16.9
2023-07-06T18:00,2023,Thane Mumbra,19.1906,73.0229,0.3,26.3,87.0,19.0
2023-07-06T19:00,2023,Thane Mumbra,19.1906,73.0229,0.5,25.6,92.0,15.2
2023-07-06T20:00,2023,Thane Mumbra,19.1906,73.0229,0.3,25.4,93.0,16.1
2023-07-06T21:00,2023,Thane Mumbra,19.1906,73.0229,0.4,25.4,93.0,13.9
2023-07-06T22:00,2023,Thane Mumbra,19.1906,73.0229,0.4,25.3,93.0,15.3
2023-07-06T23:00,2023,Thane Mumbra,19.1906,73.0229,0.3,25.5,93.0,15.2
2023-07-07T00:00,2023,Thane Mumbra,19.1906,73.0229,0.4,25.4,93.0,16.3
2023-07-07T01:00,2023,Thane Mumbra,19.1906,73.0229,0.4,25.3,95.0,12.6
2023-07-07T02:00,2023,Thane Mumbra,19.1906,73.0229,0.2,25.5,94.0,13.0
2023-07-07T03:00,2023,Thane Mumbra,19.1906,73.0229,0.3,25.4,94.0,13.3
2023-07-07T04:00,2023,Thane Mumbra,19.1906,73.0229,0.3,25.4,94.0,14.2
2023-07-07T05:00,2023,Thane Mumbra,19.1906,73.0229,0.2,25.8,94.0,12.0
2023-07-07T06:00,2023,Thane Mumbra,19.1906,73.0229,1.5,25.4,96.0,11.3
2023-07-07T07:00,2023,Thane Mumbra,19.1906,73.0229,2.0,26.4,92.0,16.1
2023-07-07T08:00,2023,Thane Mumbra,19.1906,73.0229,5.9,25.4,94.0,11.4
2023-07-07T09:00,2023,Thane Mumbra,19.1906,73.0229,4.9,26.8,91.0,15.0
2023-07-07T10:00,2023,Thane Mumbra,19.1906,73.0229,1.4,26.3,93.0,16.5
2023-07-07T11:00,2023,Thane Mumbra,19.1906,73.0229,1.6,27.3,88.0,17.3
2023-07-07T12:00,2023,Thane Mumbra,19.1906,73.0229,0.6,27.2,88.0,16.3
2023-07-07T13:00,2023,Thane Mumbra,19.1906,73.0229,2.0,26.9,88.0,21.7
2023-07-07T14:00,2023,Thane Mumbra,19.1906,73.0229,2.8,26.9,87.0,23.1
2023-07-07T15:00,2023,Thane Mumbra,19.1906,73.0229,1.5,27.3,89.0,18.4
2023-07-07T16:00,2023,Thane Mumbra,19.1906,73.0229,3.9,26.2,93.0,19.1
2023-07-07T17:00,2023,Thane Mumbra,19.1906,73.0229,1.2,26.6,92.0,18.9
2023-07-07T18:00,2023,Thane Mumbra,19.1906,73.0229,1.0,26.3,92.0,19.5
2023-07-07T19:00,2023,Thane Mumbra,19.1906,73.0229,1.9,25.9,92.0,17.7
2023-07-07T20:00,2023,Thane Mumbra,19.1906,73.0229,4.5,25.7,93.0,16.6
2023-07-07T21:00,2023,Thane Mumbra,19.1906,73.0229,3.3,25.7,93.0,15.3
2023-07-07T22:00,2023,Thane Mumbra,19.1906,73.0229,1.5,25.8,92.0,15.3
2023-07-07T23:00,2023,Thane Mumbra,19.1906,73.0229,0.9,25.8,92.0,16.1
2023-07-08T00:00,2023,Thane Mumbra,19.1906,73.0229,0.7,25.8,92.0,14.8
2023-07-08T01:00,2023,Thane Mumbra,19.1906,73.0229,2.1,25.7,91.0,18.0
2023-07-08T02:00,2023,Thane Mumbra,19.1906,73.0229,1.1,25.5,93.0,18.1
2023-07-08T03:00,2023,Thane Mumbra,19.1906,73.0229,0.8,25.4,93.0,17.1
2023-07-08T04:00,2023,Thane Mumbra,19.1906,73.0229,0.4,25.1,94.0,13.1
2023-07-08T05:00,2023,Thane Mumbra,19.1906,73.0229,1.2,25.3,95.0,11.9
2023-07-08T06:00,2023,Thane Mumbra,19.1906,73.0229,0.4,25.9,93.0,11.5
2023-07-08T07:00,2023,Thane Mumbra,19.1906,73.0229,0.6,26.2,93.0,16.0
2023-07-08T08:00,2023,Thane Mumbra,19.1906,73.0229,1.5,26.1,90.0,18.4
2023-07-08T09:00,2023,Thane Mumbra,19.1906,73.0229,0.3,28.3,84.0,17.6
2023-07-08T10:00,2023,Thane Mumbra,19.1906,73.0229,1.5,28.0,86.0,17.3
2023-07-08T11:00,2023,Thane Mumbra,19.1906,73.0229,1.6,29.0,80.0,22.9
2023-07-08T12:00,2023,Thane Mumbra,19.1906,73.0229,0.3,29.7,78.0,20.3
2023-07-08T13:00,2023,Thane Mumbra,19.1906,73.0229,0.1,29.6,76.0,24.8
2023-07-08T14:00,2023,Thane Mumbra,19.1906,73.0229,0.1,28.7,80.0,23.1
2023-07-08T15:00,2023,Thane Mumbra,19.1906,73.0229,0.1,29.0,80.0,24.3
2023-07-08T16:00,2023,Thane Mumbra,19.1906,73.0229,0.2,28.5,79.0,22.6
2023-07-08T17:00,2023,Thane Mumbra,19.1906,73.0229,0.1,28.2,78.0,19.3
2023-07-08T18:00,2023,Thane Mumbra,19.1906,73.0229,0.2,27.9,78.0,20.4
2023-07-08T19:00,2023,Thane Mumbra,19.1906,73.0229,0.1,27.1,83.0,14.4
2023-07-08T20:00,2023,Thane Mumbra,19.1906,73.0229,0.3,26.7,85.0,14.7
2023-07-08T21:00,2023,Thane Mumbra,19.1906,73.0229,0.1,25.9,87.0,15.4
2023-07-08T22:00,2023,Thane Mumbra,19.1906,73.0229,0.4,25.8,89.0,14.2
2023-07-08T23:00,2023,Thane Mumbra,19.1906,73.0229,0.2,25.9,89.0,13.1
2023-07-09T00:00,2023,Thane Mumbra,19.1906,73.0229,0.3,25.7,89.0,15.6
2023-07-09T01:00,2023,Thane Mumbra,19.1906,73.0229,0.5,25.3,93.0,13.8
2023-07-09T02:00,2023,Thane Mumbra,19.1906,73.0229,0.5,25.5,92.0,14.8
2023-07-09T03:00,2023,Thane Mumbra,19.1906,73.0229,0.8,25.1,94.0,13.6
2023-07-09T04:00,2023,Thane Mumbra,19.1906,73.0229,0.6,25.2,93.0,15.5
2023-07-09T05:00,2023,Thane Mumbra,19.1906,73.0229,0.7,25.9,90.0,13.0
2023-07-09T06:00,2023,Thane Mumbra,19.1906,73.0229,0.7,25.4,91.0,15.5
2023-07-09T07:00,2023,Thane Mumbra,19.1906,73.0229,0.7,26.3,89.0,14.7
2023-07-09T08:00,2023,Thane Mumbra,19.1906,73.0229,1.3,26.4,88.0,18.9
2023-07-09T09:00,2023,Thane Mumbra,19.1906,73.0229,0.6,28.6,80.0,17.3
2023-07-09T10:00,2023,Thane Mumbra,19.1906,73.0229,0.3,29.0,79.0,16.5
2023-07-09T11:00,2023,Thane Mumbra,19.1906,73.0229,0.2,29.7,73.0,25.1
2023-07-09T12:00,2023,Thane Mumbra,19.1906,73.0229,0.3,29.7,75.0,22.2
2023-07-09T13:00,2023,Thane Mumbra,19.1906,73.0229,0.7,29.4,78.0,19.3
2023-07-09T14:00,2023,Thane Mumbra,19.1906,73.0229,0.7,29.6,76.0,21.1
2023-07-09T15:00,2023,Thane Mumbra,19.1906,73.0229,0.8,29.1,79.0,18.4
2023-07-09T16:00,2023,Thane Mumbra,19.1906,73.0229,0.2,29.0,76.0,20.7
2023-07-09T17:00,2023,Thane Mumbra,19.1906,73.0229,0.6,28.2,80.0,17.3
2023-07-09T18:00,2023,Thane Mumbra,19.1906,73.0229,0.2,27.2,84.0,17.1
2023-07-09T19:00,2023,Thane Mumbra,19.1906,73.0229,0.5,26.3,86.0,15.0
2023-07-09T20:00,2023,Thane Mumbra,19.1906,73.0229,0.2,26.2,90.0,11.9
2023-07-09T21:00,2023,Thane Mumbra,19.1906,73.0229,0.3,26.1,90.0,11.1
2023-07-09T22:00,2023,Thane Mumbra,19.1906,73.0229,0.1,26.1,89.0,13.4
2023-07-09T23:00,2023,Thane Mumbra,19.1906,73.0229,0.1,26.1,88.0,12.0
2023-07-10T00:00,2023,Thane Mumbra,19.1906,73.0229,0.1,26.3,88.0,11.5
2023-07-10T01:00,2023,Thane Mumbra,19.1906,73.0229,0.3,25.4,91.0,10.2
2023-07-10T02:00,2023,Thane Mumbra,19.1906,73.0229,0.3,25.2,93.0,8.9
2023-07-10T03:00,2023,Thane Mumbra,19.1906,73.0229,0.1,24.9,94.0,12.1
2023-07-10T04:00,2023,Thane Mumbra,19.1906,73.0229,0.3,24.7,94.0,10.2
2023-07-10T05:00,2023,Thane Mumbra,19.1906,73.0229,0.2,25.5,92.0,10.8
2023-07-10T06:00,2023,Thane Mumbra,19.1906,73.0229,0.2,25.9,90.0,11.1
2023-07-10T07:00,2023,Thane Mumbra,19.1906,73.0229,0.6,26.2,90.0,12.0
2023-07-10T08:00,2023,Thane Mumbra,19.1906,73.0229,0.1,27.3,86.0,13.7
2023-07-10T09:00,2023,Thane Mumbra,19.1906,73.0229,0.5,27.3,83.0,15.4
2023-07-10T10:00,2023,Thane Mumbra,19.1906,73.0229,0.2,27.6,83.0,14.3
2023-07-10T11:00,2023,Thane Mumbra,19.1906,73.0229,0.1,28.1,78.0,16.6
2023-07-10T12:00,2023,Thane Mumbra,19.1906,73.0229,0.2,28.7,75.0,18.9
2023-07-10T13:00,2023,Thane Mumbra,19.1906,73.0229,0.8,28.3,81.0,17.3
2023-07-10T14:00,2023,Thane Mumbra,19.1906,73.0229,0.1,29.1,76.0,20.9
2023-07-10T15:00,2023,Thane Mumbra,19.1906,73.0229,0.5,29.3,77.0,17.7
2023-07-10T16:00,2023,Thane Mumbra,19.1906,73.0229,0.1,28.7,78.0,18.6
2023-07-10T17:00,2023,Thane Mumbra,19.1906,73.0229,0.1,29.1,74.0,17.1
2023-07-10T18:00,2023,Thane Mumbra,19.1906,73.0229,0.0,28.3,79.0,12.9
2023-07-10T19:00,2023,Thane Mumbra,19.1906,73.0229,0.0,27.5,82.0,9.3
2023-07-10T20:00,2023,Thane Mumbra,19.1906,73.0229,0.0,27.0,84.0,7.9
2023-07-10T21:00,2023,Thane Mumbra,19.1906,73.0229,0.1,26.8,85.0,7.4
2023-07-10T22:00,2023,Thane Mumbra,19.1906,73.0229,0.0,26.8,85.0,8.7
2023-07-10T23:00,2023,Thane Mumbra,19.1906,73.0229,0.1,26.4,86.0,7.9
2023-07-11T00:00,2023,Thane Mumbra,19.1906,73.0229,0.2,25.9,90.0,6.5
2023-07-11T01:00,2023,Thane Mumbra,19.1906,73.0229,0.1,25.6,91.0,5.0
2023-07-11T02:00,2023,Thane Mumbra,19.1906,73.0229,0.2,25.5,91.0,5.0
2023-07-11T03:00,2023,Thane Mumbra,19.1906,73.0229,0.1,25.4,91.0,7.6
2023-07-11T04:00,2023,Thane Mumbra,19.1906,73.0229,0.1,24.9,94.0,6.5
2023-07-11T05:00,2023,Thane Mumbra,19.1906,73.0229,0.0,25.5,93.0,7.8
2023-07-11T06:00,2023,Thane Mumbra,19.1906,73.0229,0.2,25.2,94.0,6.5
2023-07-11T07:00,2023,Thane Mumbra,19.1906,73.0229,0.4,26.1,92.0,6.1
2023-07-11T08:00,2023,Thane Mumbra,19.1906,73.0229,0.3,27.7,84.0,10.2
2023-07-11T09:00,2023,Thane Mumbra,19.1906,73.0229,0.5,28.1,80.0,9.2
2023-07-11T10:00,2023,Thane Mumbra,19.1906,73.0229,0.1,28.9,77.0,12.2
2023-07-11T11:00,2023,Thane Mumbra,19.1906,73.0229,0.1,30.4,72.0,13.6
2023-07-11T12:00,2023,Thane Mumbra,19.1906,73.0229,0.2,29.3,73.0,14.7
2023-07-11T13:00,2023,Thane Mumbra,19.1906,73.0229,0.1,29.7,70.0,15.8
2023-07-11T14:00,2023,Thane Mumbra,19.1906,73.0229,0.2,30.1,70.0,17.6
2023-07-11T15:00,2023,Thane Mumbra,19.1906,73.0229,0.4,29.8,73.0,16.1
2023-07-11T16:00,2023,Thane Mumbra,19.1906,73.0229,0.2,29.3,74.0,14.8
2023-07-11T17:00,2023,Thane Mumbra,19.1906,73.0229,0.3,28.4,77.0,14.3
2023-07-11T18:00,2023,Thane Mumbra,19.1906,73.0229,0.2,27.1,84.0,10.5
2023-07-11T19:00,2023,Thane Mumbra,19.1906,73.0229,0.2,26.5,86.0,5.5
2023-07-11T20:00,2023,Thane Mumbra,19.1906,73.0229,0.1,26.1,90.0,4.9
2023-07-11T21:00,2023,Thane Mumbra,19.1906,73.0229,0.0,25.7,93.0,7.1
2023-07-11T22:00,2023,Thane Mumbra,19.1906,73.0229,0.0,25.3,94.0,9.0
2023-07-11T23:00,2023,Thane Mumbra,19.1906,73.0229,0.1,25.0,94.0,10.2
2023-07-12T00:00,2023,Thane Mumbra,19.1906,73.0229,0.2,24.8,95.0,10.2
2023-07-12T01:00,2023,Thane Mumbra,19.1906,73.0229,0.1,24.5,96.0,9.4
2023-07-12T02:00,2023,Thane Mumbra,19.1906,73.0229,0.0,24.6,96.0,9.7
2023-07-12T03:00,2023,Thane Mumbra,19.1906,73.0229,0.1,24.8,95.0,9.7
2023-07-12T04:00,2023,Thane Mumbra,19.1906,73.0229,0.1,25.0,95.0,9.5
2023-07-12T05:00,2023,Thane Mumbra,19.1906,73.0229,0.2,24.9,96.0,5.4
2023-07-12T06:00,2023,Thane Mumbra,19.1906,73.0229,0.4,24.9,98.0,7.2
2023-07-12T07:00,2023,Thane Mumbra,19.1906,73.0229,1.1,25.2,98.0,5.4
2023-07-12T08:00,2023,Thane Mumbra,19.1906,73.0229,0.5,25.7,95.0,8.9
2023-07-12T09:00,2023,Thane Mumbra,19.1906,73.0229,1.4,26.0,88.0,9.6
2023-07-12T10:00,2023,Thane Mumbra,19.1906,73.0229,0.4,25.8,91.0,6.3
2023-07-12T11:00,2023,Thane Mumbra,19.1906,73.0229,0.3,26.4,89.0,7.9
2023-07-12T12:00,2023,Thane Mumbra,19.1906,73.0229,0.2,26.7,88.0,8.9
2023-07-12T13:00,2023,Thane Mumbra,19.1906,73.0229,0.2,27.5,84.0,9.2
2023-07-12T14:00,2023,Thane Mumbra,19.1906,73.0229,0.5,26.9,86.0,9.3
2023-07-12T15:00,2023,Thane Mumbra,19.1906,73.0229,0.2,26.9,86.0,10.0
2023-07-12T16:00,2023,Thane Mumbra,19.1906,73.0229,0.1,26.8,86.0,10.5
2023-07-12T17:00,2023,Thane Mumbra,19.1906,73.0229,0.0,27.2,86.0,6.8
2023-07-12T18:00,2023,Thane Mumbra,19.1906,73.0229,0.4,26.6,90.0,7.5
2023-07-12T19:00,2023,Thane Mumbra,19.1906,73.0229,0.0,25.8,94.0,6.6
2023-07-12T20:00,2023,Thane Mumbra,19.1906,73.0229,0.1,25.5,95.0,9.4
2023-07-12T21:00,2023,Thane Mumbra,19.1906,73.0229,0.5,25.1,96.0,9.8
2023-07-12T22:00,2023,Thane Mumbra,19.1906,73.0229,0.4,25.0,96.0,8.9
2023-07-12T23:00,2023,Thane Mumbra,19.1906,73.0229,0.2,24.8,95.0,7.3
2023-07-13T00:00,2023,Thane Mumbra,19.1906,73.0229,0.1,24.7,96.0,10.1
2023-07-13T01:00,2023,Thane Mumbra,19.1906,73.0229,0.1,24.7,96.0,11.7
2023-07-13T02:00,2023,Thane Mumbra,19.1906,73.0229,0.0,24.7,95.0,12.6
2023-07-13T03:00,2023,Thane Mumbra,19.1906,73.0229,0.0,24.5,95.0,12.6
2023-07-13T04:00,2023,Thane Mumbra,19.1906,73.0229,0.1,24.4,94.0,12.6
2023-07-13T05:00,2023,Thane Mumbra,19.1906,73.0229,6.9,23.7,98.0,11.4
2023-07-13T06:00,2023,Thane Mumbra,19.1906,73.0229,0.5,24.5,97.0,9.5
2023-07-13T07:00,2023,Thane Mumbra,19.1906,73.0229,0.1,25.2,94.0,11.2
2023-07-13T08:00,2023,Thane Mumbra,19.1906,73.0229,0.1,25.7,91.0,12.7
2023-07-13T09:00,2023,Thane Mumbra,19.1906,73.0229,0.1,26.4,88.0,11.4
2023-07-13T10:00,2023,Thane Mumbra,19.1906,73.0229,0.0,27.5,85.0,12.0
2023-07-13T11:00,2023,Thane Mumbra,19.1906,73.0229,0.1,28.1,81.0,16.8
2023-07-13T12:00,2023,Thane Mumbra,19.1906,73.0229,0.2,27.5,82.0,15.0
2023-07-13T13:00,2023,Thane Mumbra,19.1906,73.0229,0.1,28.6,79.0,12.5
2023-07-13T14:00,2023,Thane Mumbra,19.1906,73.0229,0.5,27.8,81.0,15.7
2023-07-13T15:00,2023,Thane Mumbra,19.1906,73.0229,0.1,27.8,82.0,18.0
2023-07-13T16:00,2023,Thane Mumbra,19.1906,73.0229,0.0,27.5,82.0,15.5
2023-07-13T17:00,2023,Thane Mumbra,19.1906,73.0229,0.1,27.5,83.0,10.8
2023-07-13T18:00,2023,Thane Mumbra,19.1906,73.0229,0.3,26.9,86.0,10.2
2023-07-13T19:00,2023,Thane Mumbra,19.1906,73.0229,0.3,25.8,91.0,10.4
2023-07-13T20:00,2023,Thane Mumbra,19.1906,73.0229,0.2,25.2,95.0,11.9
2023-07-13T21:00,2023,Thane Mumbra,19.1906,73.0229,2.1,24.5,97.0,8.0
2023-07-13T22:00,2023,Thane Mumbra,19.1906,73.0229,1.4,25.0,96.0,7.6
2023-07-13T23:00,2023,Thane Mumbra,19.1906,73.0229,0.4,25.1,96.0,9.4
2023-07-14T00:00,2023,Thane Mumbra,19.1906,73.0229,0.4,24.7,97.0,8.3
2023-07-14T01:00,2023,Thane Mumbra,19.1906,73.0229,0.4,24.3,97.0,12.4
2023-07-14T02:00,2023,Thane Mumbra,19.1906,73.0229,2.3,24.1,97.0,10.7
2023-07-14T03:00,2023,Thane Mumbra,19.1906,73.0229,0.2,24.5,96.0,9.2
2023-07-14T04:00,2023,Thane Mumbra,19.1906,73.0229,0.3,24.8,95.0,6.8
2023-07-14T05:00,2023,Thane Mumbra,19.1906,73.0229,0.5,24.9,96.0,8.1
2023-07-14T06:00,2023,Thane Mumbra,19.1906,73.0229,1.0,25.4,96.0,5.4
2023-07-14T07:00,2023,Thane Mumbra,19.1906,73.0229,3.2,25.6,94.0,5.1
2023-07-14T08:00,2023,Thane Mumbra,19.1906,73.0229,1.4,25.6,95.0,8.2
2023-07-14T09:00,2023,Thane Mumbra,19.1906,73.0229,0.2,26.5,91.0,9.4
2023-07-14T10:00,2023,Thane Mumbra,19.1906,73.0229,0.2,27.7,85.0,13.3
2023-07-14T11:00,2023,Thane Mumbra,19.1906,73.0229,0.2,28.5,81.0,14.1
2023-07-14T12:00,2023,Thane Mumbra,19.1906,73.0229,1.6,27.4,83.0,16.1
2023-07-14T13:00,2023,Thane Mumbra,19.1906,73.0229,2.1,26.5,89.0,16.8
2023-07-14T14:00,2023,Thane Mumbra,19.1906,73.0229,0.2,28.0,83.0,16.4
2023-07-14T15:00,2023,Thane Mumbra,19.1906,73.0229,2.7,27.1,88.0,14.6
2023-07-14T16:00,2023,Thane Mumbra,19.1906,73.0229,2.6,26.9,89.0,14.0
2023-07-14T17:00,2023,Thane Mumbra,19.1906,73.0229,3.8,26.2,88.0,10.7
2023-07-14T18:00,2023,Thane Mumbra,19.1906,73.0229,0.1,26.3,89.0,12.7
2023-07-14T19:00,2023,Thane Mumbra,19.1906,73.0229,0.2,25.6,91.0,11.3
2023-07-14T20:00,2023,Thane Mumbra,19.1906,73.0229,0.2,25.3,93.0,9.7
2023-07-14T21:00,2023,Thane Mumbra,19.1906,73.0229,0.1,25.4,93.0,8.3
2023-07-14T22:00,2023,Thane Mumbra,19.1906,73.0229,0.1,25.5,93.0,8.3
2023-07-14T23:00,2023,Thane Mumbra,19.1906,73.0229,0.0,25.6,94.0,7.9
2023-07-15T00:00,2023,Thane Mumbra,19.1906,73.0229,0.3,25.2,95.0,10.8
2023-07-15T01:00,2023,Thane Mumbra,19.1906,73.0229,0.2,24.7,97.0,8.8
2023-07-15T02:00,2023,Thane Mumbra,19.1906,73.0229,0.2,24.7,97.0,9.2
2023-07-15T03:00,2023,Thane Mumbra,19.1906,73.0229,0.2,25.0,95.0,8.4
2023-07-15T04:00,2023,Thane Mumbra,19.1906,73.0229,0.2,25.0,95.0,6.6
2023-07-15T05:00,2023,Thane Mumbra,19.1906,73.0229,0.5,25.1,96.0,7.4
2023-07-15T06:00,2023,Thane Mumbra,19.1906,73.0229,0.4,25.2,96.0,6.4
2023-07-15T07:00,2023,Thane Mumbra,19.1906,73.0229,0.3,25.5,95.0,9.3
2023-07-15T08:00,2023,Thane Mumbra,19.1906,73.0229,0.6,26.1,90.0,8.4
2023-07-15T09:00,2023,Thane Mumbra,19.1906,73.0229,0.2,26.8,88.0,9.4
2023-07-15T10:00,2023,Thane Mumbra,19.1906,73.0229,0.9,26.6,87.0,9.0
2023-07-15T11:00,2023,Thane Mumbra,19.1906,73.0229,0.7,27.3,85.0,10.4
2023-07-15T12:00,2023,Thane Mumbra,19.1906,73.0229,1.7,27.7,84.0,12.3
2023-07-15T13:00,2023,Thane Mumbra,19.1906,73.0229,1.9,26.1,90.0,15.1
2023-07-15T14:00,2023,Thane Mumbra,19.1906,73.0229,0.4,27.0,87.0,10.2
2023-07-15T15:00,2023,Thane Mumbra,19.1906,73.0229,0.6,27.0,85.0,11.8
2023-07-15T16:00,2023,Thane Mumbra,19.1906,73.0229,0.4,27.0,83.0,13.0
2023-07-15T17:00,2023,Thane Mumbra,19.1906,73.0229,0.3,26.6,88.0,11.4
2023-07-15T18:00,2023,Thane Mumbra,19.1906,73.0229,0.1,26.5,86.0,12.5
2023-07-15T19:00,2023,Thane Mumbra,19.1906,73.0229,0.6,25.0,94.0,9.1
2023-07-15T20:00,2023,Thane Mumbra,19.1906,73.0229,0.3,24.9,96.0,5.4
2023-07-15T21:00,2023,Thane Mumbra,19.1906,73.0229,0.3,24.8,96.0,9.2
2023-07-15T22:00,2023,Thane Mumbra,19.1906,73.0229,0.6,24.8,95.0,6.2
2023-07-15T23:00,2023,Thane Mumbra,19.1906,73.0229,0.4,24.7,97.0,4.5
2023-07-16T00:00,2023,Thane Mumbra,19.1906,73.0229,0.4,24.4,98.0,6.4
2023-07-16T01:00,2023,Thane Mumbra,19.1906,73.0229,0.7,24.2,99.0,5.4
2023-07-16T02:00,2023,Thane Mumbra,19.1906,73.0229,0.5,24.5,97.0,7.6
2023-07-16T03:00,2023,Thane Mumbra,19.1906,73.0229,0.2,24.7,95.0,7.3
2023-07-16T04:00,2023,Thane Mumbra,19.1906,73.0229,0.3,24.5,95.0,7.4
2023-07-16T05:00,2023,Thane Mumbra,19.1906,73.0229,1.0,24.9,95.0,8.6
2023-07-16T06:00,2023,Thane Mumbra,19.1906,73.0229,0.6,25.4,94.0,8.4
2023-07-16T07:00,2023,Thane Mumbra,19.1906,73.0229,0.3,25.5,94.0,9.8
2023-07-16T08:00,2023,Thane Mumbra,19.1906,73.0229,0.6,25.3,93.0,10.2
2023-07-16T09:00,2023,Thane Mumbra,19.1906,73.0229,0.9,25.2,94.0,10.8
2023-07-16T10:00,2023,Thane Mumbra,19.1906,73.0229,0.9,25.9,91.0,8.2
2023-07-16T11:00,2023,Thane Mumbra,19.1906,73.0229,0.3,27.3,87.0,9.7
2023-07-16T12:00,2023,Thane Mumbra,19.1906,73.0229,0.1,29.1,78.0,13.4
2023-07-16T13:00,2023,Thane Mumbra,19.1906,73.0229,1.3,27.4,81.0,16.8
2023-07-16T14:00,2023,Thane Mumbra,19.1906,73.0229,0.4,28.6,81.0,12.9
2023-07-16T15:00,2023,Thane Mumbra,19.1906,73.0229,0.2,27.3,82.0,13.3
2023-07-16T16:00,2023,Thane Mumbra,19.1906,73.0229,0.1,27.0,84.0,11.9
2023-07-16T17:00,2023,Thane Mumbra,19.1906,73.0229,1.4,25.6,91.0,8.7
2023-07-16T18:00,2023,Thane Mumbra,19.1906,73.0229,1.7,25.2,94.0,9.4
2023-07-16T19:00,2023,Thane Mumbra,19.1906,73.0229,1.5,24.9,95.0,10.0
2023-07-16T20:00,2023,Thane Mumbra,19.1906,73.0229,0.6,24.7,96.0,12.0
2023-07-16T21:00,2023,Thane Mumbra,19.1906,73.0229,0.3,24.8,95.0,10.6
2023-07-16T22:00,2023,Thane Mumbra,19.1906,73.0229,0.5,24.9,95.0,10.7
2023-07-16T23:00,2023,Thane Mumbra,19.1906,73.0229,0.6,24.7,96.0,9.5
2023-07-17T00:00,2023,Thane Mumbra,19.1906,73.0229,1.6,24.6,96.0,11.3
2023-07-17T01:00,2023,Thane Mumbra,19.1906,73.0229,1.7,24.7,95.0,11.5
2023-07-17T02:00,2023,Thane Mumbra,19.1906,73.0229,1.6,24.4,96.0,9.0
2023-07-17T03:00,2023,Thane Mumbra,19.1906,73.0229,0.9,24.3,96.0,9.2
2023-07-17T04:00,2023,Thane Mumbra,19.1906,73.0229,0.6,24.2,96.0,9.8
2023-07-17T05:00,2023,Thane Mumbra,19.1906,73.0229,1.2,24.6,96.0,7.9
2023-07-17T06:00,2023,Thane Mumbra,19.1906,73.0229,0.5,24.9,95.0,10.6
2023-07-17T07:00,2023,Thane Mumbra,19.1906,73.0229,0.2,25.3,93.0,11.6
2023-07-17T08:00,2023,Thane Mumbra,19.1906,73.0229,0.4,25.4,93.0,12.0
2023-07-17T09:00,2023,Thane Mumbra,19.1906,73.0229,0.7,25.8,91.0,11.4
2023-07-17T10:00,2023,Thane Mumbra,19.1906,73.0229,0.8,26.7,89.0,11.7
2023-07-17T11:00,2023,Thane Mumbra,19.1906,73.0229,0.9,27.1,87.0,14.6
2023-07-17T12:00,2023,Thane Mumbra,19.1906,73.0229,0.5,27.6,85.0,14.3
2023-07-17T13:00,2023,Thane Mumbra,19.1906,73.0229,4.8,27.0,84.0,18.4
2023-07-17T14:00,2023,Thane Mumbra,19.1906,73.0229,1.5,26.5,91.0,16.0
2023-07-17T15:00,2023,Thane Mumbra,19.1906,73.0229,3.2,26.3,89.0,16.1
2023-07-17T16:00,2023,Thane Mumbra,19.1906,73.0229,1.3,26.2,91.0,16.1
2023-07-17T17:00,2023,Thane Mumbra,19.1906,73.0229,0.7,26.0,91.0,13.6
2023-07-17T18:00,2023,Thane Mumbra,19.1906,73.0229,1.0,25.9,94.0,12.5
2023-07-17T19:00,2023,Thane Mumbra,19.1906,73.0229,0.6,25.5,94.0,12.9
2023-07-17T20:00,2023,Thane Mumbra,19.1906,73.0229,2.2,24.9,95.0,8.9
2023-07-17T21:00,2023,Thane Mumbra,19.1906,73.0229,0.9,25.2,94.0,9.3
2023-07-17T22:00,2023,Thane Mumbra,19.1906,73.0229,1.0,25.3,95.0,9.6
2023-07-17T23:00,2023,Thane Mumbra,19.1906,73.0229,0.6,25.4,95.0,12.0
2023-07-18T00:00,2023,Thane Mumbra,19.1906,73.0229,0.4,25.7,94.0,10.7
2023-07-18T01:00,2023,Thane Mumbra,19.1906,73.0229,1.2,25.5,94.0,12.4
2023-07-18T02:00,2023,Thane Mumbra,19.1906,73.0229,1.3,25.5,94.0,11.9
2023-07-18T03:00,2023,Thane Mumbra,19.1906,73.0229,3.9,25.0,96.0,12.5
2023-07-18T04:00,2023,Thane Mumbra,19.1906,73.0229,1.6,25.3,94.0,11.5
2023-07-18T05:00,2023,Thane Mumbra,19.1906,73.0229,0.9,25.2,94.0,14.4
2023-07-18T06:00,2023,Thane Mumbra,19.1906,73.0229,2.1,25.5,93.0,11.9
2023-07-18T07:00,2023,Thane Mumbra,19.1906,73.0229,1.1,25.3,95.0,14.3
2023-07-18T08:00,2023,Thane Mumbra,19.1906,73.0229,1.0,25.6,93.0,13.0
2023-07-18T09:00,2023,Thane Mumbra,19.1906,73.0229,0.9,26.3,93.0,15.1
2023-07-18T10:00,2023,Thane Mumbra,19.1906,73.0229,3.6,26.2,92.0,20.8
2023-07-18T11:00,2023,Thane Mumbra,19.1906,73.0229,3.2,26.3,93.0,18.7
2023-07-18T12:00,2023,Thane Mumbra,19.1906,73.0229,2.3,26.4,93.0,21.9
2023-07-18T13:00,2023,Thane Mumbra,19.1906,73.0229,2.9,26.5,92.0,19.5
2023-07-18T14:00,2023,Thane Mumbra,19.1906,73.0229,2.5,26.1,93.0,22.4
2023-07-18T15:00,2023,Thane Mumbra,19.1906,73.0229,2.3,26.3,93.0,17.3
2023-07-18T16:00,2023,Thane Mumbra,19.1906,73.0229,1.7,26.1,93.0,17.5
2023-07-18T17:00,2023,Thane Mumbra,19.1906,73.0229,1.4,25.9,92.0,15.1
2023-07-18T18:00,2023,Thane Mumbra,19.1906,73.0229,0.7,26.0,92.0,14.7
2023-07-18T19:00,2023,Thane Mumbra,19.1906,73.0229,1.4,25.5,93.0,15.8
2023-07-18T20:00,2023,Thane Mumbra,19.1906,73.0229,1.8,25.5,92.0,13.4
2023-07-18T21:00,2023,Thane Mumbra,19.1906,73.0229,0.6,25.5,93.0,11.3
2023-07-18T22:00,2023,Thane Mumbra,19.1906,73.0229,0.6,25.5,93.0,11.0
2023-07-18T23:00,2023,Thane Mumbra,19.1906,73.0229,0.9,25.4,93.0,10.8
2023-07-19T00:00,2023,Thane Mumbra,19.1906,73.0229,1.8,25.3,94.0,11.5
2023-07-19T01:00,2023,Thane Mumbra,19.1906,73.0229,1.7,25.5,93.0,15.5
2023-07-19T02:00,2023,Thane Mumbra,19.1906,73.0229,2.0,25.1,95.0,10.9
2023-07-19T03:00,2023,Thane Mumbra,19.1906,73.0229,1.0,25.2,94.0,9.2
2023-07-19T04:00,2023,Thane Mumbra,19.1906,73.0229,0.6,25.3,94.0,12.8
2023-07-19T05:00,2023,Thane Mumbra,19.1906,73.0229,0.4,25.3,93.0,6.9
2023-07-19T06:00,2023,Thane Mumbra,19.1906,73.0229,0.4,25.6,93.0,11.7
2023-07-19T07:00,2023,Thane Mumbra,19.1906,73.0229,0.8,25.5,93.0,12.0
2023-07-19T08:00,2023,Thane Mumbra,19.1906,73.0229,0.6,26.0,92.0,13.9
2023-07-19T09:00,2023,Thane Mumbra,19.1906,73.0229,2.3,26.3,93.0,17.3
2023-07-19T10:00,2023,Thane Mumbra,19.1906,73.0229,0.3,27.6,86.0,16.3
2023-07-19T11:00,2023,Thane Mumbra,19.1906,73.0229,3.0,26.6,91.0,17.9
2023-07-19T12:00,2023,Thane Mumbra,19.1906,73.0229,1.2,26.9,90.0,15.4
2023-07-19T13:00,2023,Thane Mumbra,19.1906,73.0229,1.6,26.5,90.0,18.6
2023-07-19T14:00,2023,Thane Mumbra,19.1906,73.0229,0.6,26.6,91.0,14.7
2023-07-19T15:00,2023,Thane Mumbra,19.1906,73.0229,0.7,26.5,89.0,14.9
2023-07-19T16:00,2023,Thane Mumbra,19.1906,73.0229,2.2,26.5,91.0,14.7
2023-07-19T17:00,2023,Thane Mumbra,19.1906,73.0229,2.4,25.9,92.0,13.1
2023-07-19T18:00,2023,Thane Mumbra,19.1906,73.0229,1.1,25.8,93.0,9.8
2023-07-19T19:00,2023,Thane Mumbra,19.1906,73.0229,1.0,25.8,93.0,9.4
2023-07-19T20:00,2023,Thane Mumbra,19.1906,73.0229,1.5,25.7,94.0,11.3
2023-07-19T21:00,2023,Thane Mumbra,19.1906,73.0229,0.6,25.9,94.0,10.5
2023-07-19T22:00,2023,Thane Mumbra,19.1906,73.0229,1.1,25.7,93.0,13.4
2023-07-19T23:00,2023,Thane Mumbra,19.1906,73.0229,1.9,25.7,94.0,11.2
2023-07-20T00:00,2023,Thane Mumbra,19.1906,73.0229,4.0,25.4,94.0,16.1
2023-07-20T01:00,2023,Thane Mumbra,19.1906,73.0229,4.8,25.5,93.0,12.6
2023-07-20T02:00,2023,Thane Mumbra,19.1906,73.0229,3.8,25.6,93.0,14.5
2023-07-20T03:00,2023,Thane Mumbra,19.1906,73.0229,2.2,25.4,91.0,11.6
2023-07-20T04:00,2023,Thane Mumbra,19.1906,73.0229,1.3,25.6,91.0,15.3
2023-07-20T05:00,2023,Thane Mumbra,19.1906,73.0229,1.3,25.4,91.0,13.6
2023-07-20T06:00,2023,Thane Mumbra,19.1906,73.0229,2.7,25.4,93.0,12.7
2023-07-20T07:00,2023,Thane Mumbra,19.1906,73.0229,1.0,25.3,94.0,13.0
2023-07-20T08:00,2023,Thane Mumbra,19.1906,73.0229,0.9,25.5,93.0,16.7
2023-07-20T09:00,2023,Thane Mumbra,19.1906,73.0229,0.6,26.6,89.0,14.8
2023-07-20T10:00,2023,Thane Mumbra,19.1906,73.0229,0.1,27.4,87.0,12.9
2023-07-20T11:00,2023,Thane Mumbra,19.1906,73.0229,0.8,28.1,84.0,15.5
2023-07-20T12:00,2023,Thane Mumbra,19.1906,73.0229,1.0,26.8,85.0,17.8
2023-07-20T13:00,2023,Thane Mumbra,19.1906,73.0229,0.7,27.1,89.0,16.0
2023-07-20T14:00,2023,Thane Mumbra,19.1906,73.0229,0.5,27.3,87.0,16.4
2023-07-20T15:00,2023,Thane Mumbra,19.1906,73.0229,0.9,26.6,90.0,17.5
2023-07-20T16:00,2023,Thane Mumbra,19.1906,73.0229,2.1,27.2,87.0,18.5
2023-07-20T17:00,2023,Thane Mumbra,19.1906,73.0229,2.8,26.7,90.0,11.2
2023-07-20T18:00,2023,Thane Mumbra,19.1906,73.0229,0.7,25.7,90.0,12.9
2023-07-20T19:00,2023,Thane Mumbra,19.1906,73.0229,0.4,24.9,94.0,9.8
2023-07-20T20:00,2023,Thane Mumbra,19.1906,73.0229,0.1,25.3,93.0,3.5
2023-07-20T21:00,2023,Thane Mumbra,19.1906,73.0229,0.4,25.2,93.0,6.4
2023-07-20T22:00,2023,Thane Mumbra,19.1906,73.0229,0.2,25.1,94.0,6.6
2023-07-20T23:00,2023,Thane Mumbra,19.1906,73.0229,0.6,25.3,93.0,10.6
2023-07-21T00:00,2023,Thane Mumbra,19.1906,73.0229,0.2,25.0,94.0,10.1
2023-07-21T01:00,2023,Thane Mumbra,19.1906,73.0229,0.3,25.2,93.0,11.7
2023-07-21T02:00,2023,Thane Mumbra,19.1906,73.0229,0.6,25.1,94.0,10.9
2023-07-21T03:00,2023,Thane Mumbra,19.1906,73.0229,0.1,25.3,93.0,11.6
2023-07-21T04:00,2023,Thane Mumbra,19.1906,73.0229,0.4,25.0,94.0,10.4
2023-07-21T05:00,2023,Thane Mumbra,19.1906,73.0229,0.4,25.3,94.0,6.8
2023-07-21T06:00,2023,Thane Mumbra,19.1906,73.0229,0.3,25.7,94.0,8.4
2023-07-21T07:00,2023,Thane Mumbra,19.1906,73.0229,0.5,26.2,93.0,7.9
2023-07-21T08:00,2023,Thane Mumbra,19.1906,73.0229,0.8,26.9,89.0,10.3
2023-07-21T09:00,2023,Thane Mumbra,19.1906,73.0229,1.1,27.0,87.0,14.8
2023-07-21T10:00,2023,Thane Mumbra,19.1906,73.0229,1.1,27.3,88.0,14.1
2023-07-21T11:00,2023,Thane Mumbra,19.1906,73.0229,2.2,27.0,86.0,16.3
2023-07-21T12:00,2023,Thane Mumbra,19.1906,73.0229,0.4,27.3,87.0,14.0
2023-07-21T13:00,2023,Thane Mumbra,19.1906,73.0229,2.6,27.0,87.0,13.6
2023-07-21T14:00,2023,Thane Mumbra,19.1906,73.0229,1.0,27.6,87.0,15.1
2023-07-21T15:00,2023,Thane Mumbra,19.1906,73.0229,5.4,26.8,90.0,17.6
2023-07-21T16:00,2023,Thane Mumbra,19.1906,73.0229,1.6,26.9,85.0,16.8
2023-07-21T17:00,2023,Thane Mumbra,19.1906,73.0229,0.3,26.2,92.0,15.1
2023-07-21T18:00,2023,Thane Mumbra,19.1906,73.0229,2.5,25.9,93.0,15.8
2023-07-21T19:00,2023,Thane Mumbra,19.1906,73.0229,0.5,25.9,93.0,10.9
2023-07-21T20:00,2023,Thane Mumbra,19.1906,73.0229,1.9,25.6,93.0,9.7
2023-07-21T21:00,2023,Thane Mumbra,19.1906,73.0229,2.4,25.6,93.0,7.4
2023-07-21T22:00,2023,Thane Mumbra,19.1906,73.0229,3.2,25.4,94.0,6.9
2023-07-21T23:00,2023,Thane Mumbra,19.1906,73.0229,3.6,25.5,94.0,4.3
2023-07-22T00:00,2023,Thane Mumbra,19.1906,73.0229,3.3,25.3,94.0,7.6
2023-07-22T01:00,2023,Thane Mumbra,19.1906,73.0229,2.4,25.2,94.0,9.8
2023-07-22T02:00,2023,Thane Mumbra,19.1906,73.0229,1.4,25.0,94.0,10.8
2023-07-22T03:00,2023,Thane Mumbra,19.1906,73.0229,2.2,25.3,93.0,8.9
2023-07-22T04:00,2023,Thane Mumbra,19.1906,73.0229,2.4,25.2,93.0,12.3
2023-07-22T05:00,2023,Thane Mumbra,19.1906,73.0229,0.8,25.2,94.0,8.4
2023-07-22T06:00,2023,Thane Mumbra,19.1906,73.0229,1.3,25.5,94.0,11.2
2023-07-22T07:00,2023,Thane Mumbra,19.1906,73.0229,0.9,25.6,94.0,11.0
2023-07-22T08:00,2023,Thane Mumbra,19.1906,73.0229,1.2,25.9,93.0,13.4
2023-07-22T09:00,2023,Thane Mumbra,19.1906,73.0229,1.1,26.5,92.0,12.4
2023-07-22T10:00,2023,Thane Mumbra,19.1906,73.0229,1.3,27.2,87.0,15.0
2023-07-22T11:00,2023,Thane Mumbra,19.1906,73.0229,2.7,26.6,90.0,17.5
2023-07-22T12:00,2023,Thane Mumbra,19.1906,73.0229,0.8,26.9,91.0,14.5
2023-07-22T13:00,2023,Thane Mumbra,19.1906,73.0229,3.3,26.8,90.0,15.7
2023-07-22T14:00,2023,Thane Mumbra,19.1906,73.0229,2.7,26.5,91.0,16.8
2023-07-22T15:00,2023,Thane Mumbra,19.1906,73.0229,2.9,26.3,91.0,18.8
2023-07-22T16:00,2023,Thane Mumbra,19.1906,73.0229,1.8,25.8,93.0,16.4
2023-07-22T17:00,2023,Thane Mumbra,19.1906,73.0229,1.1,26.4,90.0,11.9
2023-07-22T18:00,2023,Thane Mumbra,19.1906,73.0229,2.1,25.6,92.0,7.6
2023-07-22T19:00,2023,Thane Mumbra,19.1906,73.0229,0.8,25.1,94.0,8.0
2023-07-22T20:00,2023,Thane Mumbra,19.1906,73.0229,0.7,24.9,94.0,11.0
2023-07-22T21:00,2023,Thane Mumbra,19.1906,73.0229,1.5,24.7,95.0,13.4
2023-07-22T22:00,2023,Thane Mumbra,19.1906,73.0229,1.5,25.1,94.0,10.5
2023-07-22T23:00,2023,Thane Mumbra,19.1906,73.0229,0.6,25.0,94.0,12.4
2023-07-23T00:00,2023,Thane Mumbra,19.1906,73.0229,0.5,25.0,94.0,11.2
2023-07-23T01:00,2023,Thane Mumbra,19.1906,73.0229,1.7,25.0,94.0,11.2
2023-07-23T02:00,2023,Thane Mumbra,19.1906,73.0229,0.5,25.0,94.0,12.2
2023-07-23T03:00,2023,Thane Mumbra,19.1906,73.0229,0.8,25.1,94.0,12.7
2023-07-23T04:00,2023,Thane Mumbra,19.1906,73.0229,1.0,25.2,94.0,11.8
2023-07-23T05:00,2023,Thane Mumbra,19.1906,73.0229,0.3,25.5,92.0,10.6
2023-07-23T06:00,2023,Thane Mumbra,19.1906,73.0229,0.6,25.5,94.0,9.4
2023-07-23T07:00,2023,Thane Mumbra,19.1906,73.0229,0.5,25.9,93.0,13.5
2023-07-23T08:00,2023,Thane Mumbra,19.1906,73.0229,0.8,26.2,93.0,12.8
2023-07-23T09:00,2023,Thane Mumbra,19.1906,73.0229,1.4,27.3,88.0,15.3
2023-07-23T10:00,2023,Thane Mumbra,19.1906,73.0229,3.6,28.1,84.0,20.9
2023-07-23T11:00,2023,Thane Mumbra,19.1906,73.0229,2.0,26.6,90.0,19.8
2023-07-23T12:00,2023,Thane Mumbra,19.1906,73.0229,0.5,28.2,84.0,20.4
2023-07-23T13:00,2023,Thane Mumbra,19.1906,73.0229,3.2,27.4,89.0,18.4
2023-07-23T14:00,2023,Thane Mumbra,19.1906,73.0229,2.5,26.2,91.0,19.9
2023-07-23T15:00,2023,Thane Mumbra,19.1906,73.0229,0.7,26.3,90.0,21.3
2023-07-23T16:00,2023,Thane Mumbra,19.1906,73.0229,0.3,26.5,89.0,19.2
2023-07-23T17:00,2023,Thane Mumbra,19.1906,73.0229,0.3,26.0,92.0,13.9
2023-07-23T18:00,2023,Thane Mumbra,19.1906,73.0229,0.3,26.1,90.0,12.5
2023-07-23T19:00,2023,Thane Mumbra,19.1906,73.0229,0.5,25.4,93.0,13.2
2023-07-23T20:00,2023,Thane Mumbra,19.1906,73.0229,0.8,25.1,94.0,12.5
2023-07-23T21:00,2023,Thane Mumbra,19.1906,73.0229,0.7,25.5,93.0,13.2
2023-07-23T22:00,2023,Thane Mumbra,19.1906,73.0229,0.7,25.6,92.0,12.8
2023-07-23T23:00,2023,Thane Mumbra,19.1906,73.0229,2.0,25.2,94.0,13.8
2023-07-24T00:00,2023,Thane Mumbra,19.1906,73.0229,1.0,25.5,93.0,13.2
2023-07-24T01:00,2023,Thane Mumbra,19.1906,73.0229,1.6,25.4,94.0,15.3
2023-07-24T02:00,2023,Thane Mumbra,19.1906,73.0229,1.1,25.4,93.0,15.0
2023-07-24T03:00,2023,Thane Mumbra,19.1906,73.0229,1.5,25.4,93.0,15.8
2023-07-24T04:00,2023,Thane Mumbra,19.1906,73.0229,2.1,25.3,93.0,17.4
2023-07-24T05:00,2023,Thane Mumbra,19.1906,73.0229,2.3,25.7,92.0,12.2
2023-07-24T06:00,2023,Thane Mumbra,19.1906,73.0229,0.9,25.6,93.0,12.5
2023-07-24T07:00,2023,Thane Mumbra,19.1906,73.0229,2.0,25.5,94.0,15.3
2023-07-24T08:00,2023,Thane Mumbra,19.1906,73.0229,0.9,26.3,92.0,13.8
2023-07-24T09:00,2023,Thane Mumbra,19.1906,73.0229,4.3,26.5,91.0,19.2
2023-07-24T10:00,2023,Thane Mumbra,19.1906,73.0229,2.1,25.3,93.0,13.8
2023-07-24T11:00,2023,Thane Mumbra,19.1906,73.0229,1.0,27.1,88.0,15.9
2023-07-24T12:00,2023,Thane Mumbra,19.1906,73.0229,1.6,27.4,88.0,13.8
2023-07-24T13:00,2023,Thane Mumbra,19.1906,73.0229,0.2,27.9,82.0,18.8
2023-07-24T14:00,2023,Thane Mumbra,19.1906,73.0229,1.0,27.0,87.0,19.3
2023-07-24T15:00,2023,Thane Mumbra,19.1906,73.0229,0.3,27.2,84.0,20.6
2023-07-24T16:00,2023,Thane Mumbra,19.1906,73.0229,2.5,26.5,85.0,21.7
2023-07-24T17:00,2023,Thane Mumbra,19.1906,73.0229,0.4,26.0,89.0,16.9
2023-07-24T18:00,2023,Thane Mumbra,19.1906,73.0229,0.5,26.0,91.0,13.2
2023-07-24T19:00,2023,Thane Mumbra,19.1906,73.0229,0.4,25.4,93.0,9.7
2023-07-24T20:00,2023,Thane Mumbra,19.1906,73.0229,0.3,25.2,94.0,6.9
2023-07-24T21:00,2023,Thane Mumbra,19.1906,73.0229,0.4,25.4,94.0,6.9
2023-07-24T22:00,2023,Thane Mumbra,19.1906,73.0229,6.6,24.9,95.0,7.2
2023-07-24T23:00,2023,Thane Mumbra,19.1906,73.0229,1.3,25.3,93.0,10.4
2023-07-25T00:00,2023,Thane Mumbra,19.1906,73.0229,4.2,24.7,96.0,11.6
2023-07-25T01:00,2023,Thane Mumbra,19.1906,73.0229,5.1,24.7,95.0,10.0
2023-07-25T02:00,2023,Thane Mumbra,19.1906,73.0229,1.3,24.9,94.0,10.5
2023-07-25T03:00,2023,Thane Mumbra,19.1906,73.0229,1.5,24.9,93.0,11.5
2023-07-25T04:00,2023,Thane Mumbra,19.1906,73.0229,1.1,24.8,95.0,11.7
2023-07-25T05:00,2023,Thane Mumbra,19.1906,73.0229,0.5,25.5,93.0,7.0
2023-07-25T06:00,2023,Thane Mumbra,19.1906,73.0229,0.6,25.6,93.0,11.2
2023-07-25T07:00,2023,Thane Mumbra,19.1906,73.0229,0.5,25.6,93.0,10.2
2023-07-25T08:00,2023,Thane Mumbra,19.1906,73.0229,0.7,26.1,90.0,11.5
2023-07-25T09:00,2023,Thane Mumbra,19.1906,73.0229,0.4,27.0,87.0,13.0
2023-07-25T10:00,2023,Thane Mumbra,19.1906,73.0229,4.3,27.0,87.0,14.6
2023-07-25T11:00,2023,Thane Mumbra,19.1906,73.0229,0.5,27.5,86.0,11.8
2023-07-25T12:00,2023,Thane Mumbra,19.1906,73.0229,4.5,26.8,88.0,16.1
2023-07-25T13:00,2023,Thane Mumbra,19.1906,73.0229,1.8,26.5,85.0,17.5
2023-07-25T14:00,2023,Thane Mumbra,19.1906,73.0229,2.0,26.0,91.0,14.9
2023-07-25T15:00,2023,Thane Mumbra,19.1906,73.0229,1.3,25.5,92.0,15.5
2023-07-25T16:00,2023,Thane Mumbra,19.1906,73.0229,0.8,26.8,88.0,15.9
2023-07-25T17:00,2023,Thane Mumbra,19.1906,73.0229,2.3,25.7,91.0,16.9
2023-07-25T18:00,2023,Thane Mumbra,19.1906,73.0229,1.3,25.5,94.0,13.6
2023-07-25T19:00,2023,Thane Mumbra,19.1906,73.0229,0.2,25.7,92.0,12.2
2023-07-25T20:00,2023,Thane Mumbra,19.1906,73.0229,0.2,25.4,94.0,9.9
2023-07-25T21:00,2023,Thane Mumbra,19.1906,73.0229,0.1,25.4,94.0,8.7
2023-07-25T22:00,2023,Thane Mumbra,19.1906,73.0229,2.0,25.1,95.0,9.2
2023-07-25T23:00,2023,Thane Mumbra,19.1906,73.0229,0.5,25.1,95.0,9.5
2023-07-26T00:00,2023,Thane Mumbra,19.1906,73.0229,0.3,25.2,95.0,8.4
2023-07-26T01:00,2023,Thane Mumbra,19.1906,73.0229,0.8,24.9,96.0,9.2
2023-07-26T02:00,2023,Thane Mumbra,19.1906,73.0229,1.5,24.9,95.0,9.5
2023-07-26T03:00,2023,Thane Mumbra,19.1906,73.0229,0.5,24.8,94.0,11.0
2023-07-26T04:00,2023,Thane Mumbra,19.1906,73.0229,1.0,24.5,96.0,8.0
2023-07-26T05:00,2023,Thane Mumbra,19.1906,73.0229,8.9,24.7,96.0,7.6
2023-07-26T06:00,2023,Thane Mumbra,19.1906,73.0229,0.3,24.8,96.0,5.0
2023-07-26T07:00,2023,Thane Mumbra,19.1906,73.0229,0.4,25.4,94.0,7.9
2023-07-26T08:00,2023,Thane Mumbra,19.1906,73.0229,0.3,26.0,93.0,7.9
2023-07-26T09:00,2023,Thane Mumbra,19.1906,73.0229,0.2,26.6,89.0,10.8
2023-07-26T10:00,2023,Thane Mumbra,19.1906,73.0229,2.9,26.4,88.0,13.4
2023-07-26T11:00,2023,Thane Mumbra,19.1906,73.0229,1.0,27.1,88.0,14.0
2023-07-26T12:00,2023,Thane Mumbra,19.1906,73.0229,0.4,26.8,89.0,14.1
2023-07-26T13:00,2023,Thane Mumbra,19.1906,73.0229,0.4,26.9,86.0,14.7
2023-07-26T14:00,2023,Thane Mumbra,19.1906,73.0229,0.5,27.7,83.0,19.2
2023-07-26T15:00,2023,Thane Mumbra,19.1906,73.0229,4.2,26.8,92.0,14.9
2023-07-26T16:00,2023,Thane Mumbra,19.1906,73.0229,0.8,26.4,93.0,16.5
2023-07-26T17:00,2023,Thane Mumbra,19.1906,73.0229,1.7,26.3,92.0,18.0
2023-07-26T18:00,2023,Thane Mumbra,19.1906,73.0229,0.4,26.2,92.0,18.2
2023-07-26T19:00,2023,Thane Mumbra,19.1906,73.0229,2.7,25.4,94.0,16.3
2023-07-26T20:00,2023,Thane Mumbra,19.1906,73.0229,1.1,25.5,94.0,13.6
2023-07-26T21:00,2023,Thane Mumbra,19.1906,73.0229,3.3,25.5,93.0,14.3
2023-07-26T22:00,2023,Thane Mumbra,19.1906,73.0229,1.5,25.4,94.0,12.9
2023-07-26T23:00,2023,Thane Mumbra,19.1906,73.0229,3.6,25.4,94.0,12.9
2023-07-27T00:00,2023,Thane Mumbra,19.1906,73.0229,4.9,25.3,94.0,10.4
2023-07-27T01:00,2023,Thane Mumbra,19.1906,73.0229,7.3,25.3,94.0,11.8
2023-07-27T02:00,2023,Thane Mumbra,19.1906,73.0229,8.3,25.2,93.0,13.7
2023-07-27T03:00,2023,Thane Mumbra,19.1906,73.0229,7.4,25.3,93.0,12.6
2023-07-27T04:00,2023,Thane Mumbra,19.1906,73.0229,5.4,25.2,94.0,11.6
2023-07-27T05:00,2023,Thane Mumbra,19.1906,73.0229,4.2,25.4,93.0,15.3
2023-07-27T06:00,2023,Thane Mumbra,19.1906,73.0229,10.3,25.5,92.0,12.2
2023-07-27T07:00,2023,Thane Mumbra,19.1906,73.0229,8.2,25.3,93.0,12.2
2023-07-27T08:00,2023,Thane Mumbra,19.1906,73.0229,5.7,25.6,94.0,11.7
2023-07-27T09:00,2023,Thane Mumbra,19.1906,73.0229,2.0,26.1,92.0,12.7
2023-07-27T10:00,2023,Thane Mumbra,19.1906,73.0229,1.1,26.4,92.0,15.2
2023-07-27T11:00,2023,Thane Mumbra,19.1906,73.0229,1.3,26.5,93.0,16.3
2023-07-27T12:00,2023,Thane Mumbra,19.1906,73.0229,3.4,26.2,93.0,14.6
2023-07-27T13:00,2023,Thane Mumbra,19.1906,73.0229,1.4,26.7,89.0,15.3
2023-07-27T14:00,2023,Thane Mumbra,19.1906,73.0229,0.6,26.8,90.0,16.9
2023-07-27T15:00,2023,Thane Mumbra,19.1906,73.0229,1.1,26.2,90.0,17.1
2023-07-27T16:00,2023,Thane Mumbra,19.1906,73.0229,0.3,26.7,86.0,18.9
2023-07-27T17:00,2023,Thane Mumbra,19.1906,73.0229,0.5,26.3,89.0,16.2
2023-07-27T18:00,2023,Thane Mumbra,19.1906,73.0229,0.3,26.4,87.0,14.1
2023-07-27T19:00,2023,Thane Mumbra,19.1906,73.0229,0.6,25.6,91.0,12.2
2023-07-27T20:00,2023,Thane Mumbra,19.1906,73.0229,0.9,25.4,92.0,11.3
2023-07-27T21:00,2023,Thane Mumbra,19.1906,73.0229,0.9,25.3,93.0,10.6
2023-07-27T22:00,2023,Thane Mumbra,19.1906,73.0229,0.8,25.4,92.0,10.0
2023-07-27T23:00,2023,Thane Mumbra,19.1906,73.0229,1.4,25.0,93.0,12.9
2023-07-28T00:00,2023,Thane Mumbra,19.1906,73.0229,2.4,25.1,93.0,10.8
2023-07-28T01:00,2023,Thane Mumbra,19.1906,73.0229,3.1,24.8,94.0,11.2
2023-07-28T02:00,2023,Thane Mumbra,19.1906,73.0229,3.4,24.4,95.0,6.5
2023-07-28T03:00,2023,Thane Mumbra,19.1906,73.0229,2.7,24.5,94.0,10.2
2023-07-28T04:00,2023,Thane Mumbra,19.1906,73.0229,1.9,24.7,95.0,12.4
2023-07-28T05:00,2023,Thane Mumbra,19.1906,73.0229,1.1,24.6,94.0,9.6
2023-07-28T06:00,2023,Thane Mumbra,19.1906,73.0229,0.6,24.2,96.0,8.9
2023-07-28T07:00,2023,Thane Mumbra,19.1906,73.0229,0.9,25.1,94.0,7.9
2023-07-28T08:00,2023,Thane Mumbra,19.1906,73.0229,0.4,25.8,92.0,11.4
2023-07-28T09:00,2023,Thane Mumbra,19.1906,73.0229,0.7,26.2,90.0,14.2
2023-07-28T10:00,2023,Thane Mumbra,19.1906,73.0229,0.5,27.7,84.0,13.6
2023-07-28T11:00,2023,Thane Mumbra,19.1906,73.0229,4.3,26.6,89.0,16.3
2023-07-28T12:00,2023,Thane Mumbra,19.1906,73.0229,4.4,26.2,90.0,17.0
2023-07-28T13:00,2023,Thane Mumbra,19.1906,73.0229,4.5,25.9,89.0,17.0
2023-07-28T14:00,2023,Thane Mumbra,19.1906,73.0229,2.3,25.8,92.0,16.6
2023-07-28T15:00,2023,Thane Mumbra,19.1906,73.0229,2.5,26.0,92.0,14.2
2023-07-28T16:00,2023,Thane Mumbra,19.1906,73.0229,2.4,25.8,92.0,15.3
2023-07-28T17:00,2023,Thane Mumbra,19.1906,73.0229,0.8,25.8,89.0,12.7
2023-07-28T18:00,2023,Thane Mumbra,19.1906,73.0229,1.8,25.2,94.0,8.7
2023-07-28T19:00,2023,Thane Mumbra,19.1906,73.0229,0.4,25.3,93.0,9.1
2023-07-28T20:00,2023,Thane Mumbra,19.1906,73.0229,0.2,25.2,93.0,10.9
2023-07-28T21:00,2023,Thane Mumbra,19.1906,73.0229,0.3,24.9,95.0,8.0
2023-07-28T22:00,2023,Thane Mumbra,19.1906,73.0229,0.5,24.6,96.0,7.9
2023-07-28T23:00,2023,Thane Mumbra,19.1906,73.0229,0.2,24.9,94.0,9.0
2023-07-29T00:00,2023,Thane Mumbra,19.1906,73.0229,0.4,24.9,93.0,8.2
2023-07-29T01:00,2023,Thane Mumbra,19.1906,73.0229,0.5,25.0,92.0,8.8
2023-07-29T02:00,2023,Thane Mumbra,19.1906,73.0229,0.4,24.7,94.0,7.1
2023-07-29T03:00,2023,Thane Mumbra,19.1906,73.0229,0.3,24.7,94.0,7.7
2023-07-29T04:00,2023,Thane Mumbra,19.1906,73.0229,1.0,24.6,94.0,9.6
2023-07-29T05:00,2023,Thane Mumbra,19.1906,73.0229,0.1,25.1,93.0,6.8
2023-07-29T06:00,2023,Thane Mumbra,19.1906,73.0229,0.2,25.2,94.0,7.7
2023-07-29T07:00,2023,Thane Mumbra,19.1906,73.0229,0.8,25.6,91.0,9.7
2023-07-29T08:00,2023,Thane Mumbra,19.1906,73.0229,0.4,26.3,89.0,11.3
2023-07-29T09:00,2023,Thane Mumbra,19.1906,73.0229,1.4,26.7,82.0,17.4
2023-07-29T10:00,2023,Thane Mumbra,19.1906,73.0229,0.6,27.4,84.0,13.7
2023-07-29T11:00,2023,Thane Mumbra,19.1906,73.0229,0.4,28.0,82.0,16.1
2023-07-29T12:00,2023,Thane Mumbra,19.1906,73.0229,0.5,27.9,82.0,16.9
2023-07-29T13:00,2023,Thane Mumbra,19.1906,73.0229,0.4,27.7,82.0,15.6
2023-07-29T14:00,2023,Thane Mumbra,19.1906,73.0229,0.5,27.7,83.0,18.3
2023-07-29T15:00,2023,Thane Mumbra,19.1906,73.0229,0.5,27.6,79.0,18.5
2023-07-29T16:00,2023,Thane Mumbra,19.1906,73.0229,0.7,27.1,81.0,20.4
2023-07-29T17:00,2023,Thane Mumbra,19.1906,73.0229,0.6,27.1,85.0,13.4
2023-07-29T18:00,2023,Thane Mumbra,19.1906,73.0229,0.4,26.9,84.0,12.7
2023-07-29T19:00,2023,Thane Mumbra,19.1906,73.0229,0.4,25.6,89.0,9.5
2023-07-29T20:00,2023,Thane Mumbra,19.1906,73.0229,0.1,25.6,89.0,11.0
2023-07-29T21:00,2023,Thane Mumbra,19.1906,73.0229,0.3,25.2,91.0,10.8
2023-07-29T22:00,2023,Thane Mumbra,19.1906,73.0229,0.1,25.5,90.0,10.7
2023-07-29T23:00,2023,Thane Mumbra,19.1906,73.0229,0.1,25.5,91.0,11.5
2023-07-30T00:00,2023,Thane Mumbra,19.1906,73.0229,0.1,25.5,90.0,10.7
2023-07-30T01:00,2023,Thane Mumbra,19.1906,73.0229,0.0,25.4,91.0,12.8
2023-07-30T02:00,2023,Thane Mumbra,19.1906,73.0229,0.0,25.5,90.0,10.1
2023-07-30T03:00,2023,Thane Mumbra,19.1906,73.0229,0.2,25.3,91.0,11.1
2023-07-30T04:00,2023,Thane Mumbra,19.1906,73.0229,0.3,24.8,91.0,9.7
2023-07-30T05:00,2023,Thane Mumbra,19.1906,73.0229,0.4,24.8,92.0,6.6
2023-07-30T06:00,2023,Thane Mumbra,19.1906,73.0229,1.3,25.4,91.0,5.8
2023-07-30T07:00,2023,Thane Mumbra,19.1906,73.0229,0.6,25.9,90.0,10.0
2023-07-30T08:00,2023,Thane Mumbra,19.1906,73.0229,0.4,26.4,88.0,11.0
2023-07-30T09:00,2023,Thane Mumbra,19.1906,73.0229,0.0,27.4,85.0,13.2
2023-07-30T10:00,2023,Thane Mumbra,19.1906,73.0229,0.3,27.7,83.0,17.7
2023-07-30T11:00,2023,Thane Mumbra,19.1906,73.0229,1.7,28.6,83.0,13.5
2023-07-30T12:00,2023,Thane Mumbra,19.1906,73.0229,0.1,29.3,75.0,19.9
2023-07-30T13:00,2023,Thane Mumbra,19.1906,73.0229,0.5,28.9,72.0,21.9
2023-07-30T14:00,2023,Thane Mumbra,19.1906,73.0229,0.3,28.0,80.0,21.2
2023-07-30T15:00,2023,Thane Mumbra,19.1906,73.0229,1.0,26.8,85.0,22.1
2023-07-30T16:00,2023,Thane Mumbra,19.1906,73.0229,0.1,27.5,83.0,17.7
2023-07-30T17:00,2023,Thane Mumbra,19.1906,73.0229,1.3,27.2,82.0,17.3
2023-07-30T18:00,2023,Thane Mumbra,19.1906,73.0229,0.4,26.9,84.0,13.2
2023-07-30T19:00,2023,Thane Mumbra,19.1906,73.0229,0.2,26.6,84.0,12.6
2023-07-30T20:00,2023,Thane Mumbra,19.1906,73.0229,0.1,26.1,86.0,11.0
2023-07-30T21:00,2023,Thane Mumbra,19.1906,73.0229,0.4,25.6,89.0,8.7
2023-07-30T22:00,2023,Thane Mumbra,19.1906,73.0229,0.1,25.5,90.0,10.1
2023-07-30T23:00,2023,Thane Mumbra,19.1906,73.0229,0.5,25.1,93.0,10.5
2023-07-31T00:00,2023,Thane Mumbra,19.1906,73.0229,0.2,25.3,92.0,8.3
2023-07-31T01:00,2023,Thane Mumbra,19.1906,73.0229,0.4,25.1,93.0,10.7
2023-07-31T02:00,2023,Thane Mumbra,19.1906,73.0229,0.2,25.1,93.0,10.7
2023-07-31T03:00,2023,Thane Mumbra,19.1906,73.0229,0.5,25.1,93.0,8.3
2023-07-31T04:00,2023,Thane Mumbra,19.1906,73.0229,0.2,25.0,93.0,8.2
2023-07-31T05:00,2023,Thane Mumbra,19.1906,73.0229,0.3,25.3,92.0,9.9
2023-07-31T06:00,2023,Thane Mumbra,19.1906,73.0229,0.2,25.4,92.0,9.4
2023-07-31T07:00,2023,Thane Mumbra,19.1906,73.0229,0.4,26.1,90.0,12.3
2023-07-31T08:00,2023,Thane Mumbra,19.1906,73.0229,0.5,26.6,86.0,17.4
2023-07-31T09:00,2023,Thane Mumbra,19.1906,73.0229,0.5,27.1,85.0,15.5
2023-07-31T10:00,2023,Thane Mumbra,19.1906,73.0229,1.4,26.3,87.0,18.1
2023-07-31T11:00,2023,Thane Mumbra,19.1906,73.0229,1.1,28.0,84.0,15.5
2023-07-31T12:00,2023,Thane Mumbra,19.1906,73.0229,0.9,27.9,82.0,18.6
2023-07-31T13:00,2023,Thane Mumbra,19.1906,73.0229,0.2,28.0,81.0,18.9
2023-07-31T14:00,2023,Thane Mumbra,19.1906,73.0229,0.4,28.6,76.0,22.3
2023-07-31T15:00,2023,Thane Mumbra,19.1906,73.0229,0.5,29.0,77.0,20.5
2023-07-31T16:00,2023,Thane Mumbra,19.1906,73.0229,1.0,28.2,82.0,17.5
2023-07-31T17:00,2023,Thane Mumbra,19.1906,73.0229,0.7,26.8,85.0,14.5
2023-07-31T18:00,2023,Thane Mumbra,19.1906,73.0229,0.5,26.4,90.0,11.6
2023-07-31T19:00,2023,Thane Mumbra,19.1906,73.0229,0.3,26.0,91.0,11.2
2023-07-31T20:00,2023,Thane Mumbra,19.1906,73.0229,0.2,25.8,91.0,10.8
2023-07-31T21:00,2023,Thane Mumbra,19.1906,73.0229,0.1,25.7,91.0,9.7
2023-07-31T22:00,2023,Thane Mumbra,19.1906,73.0229,0.1,25.9,90.0,11.7
2023-07-31T23:00,2023,Thane Mumbra,19.1906,73.0229,0.3,25.3,94.0,11.5
2023-08-01T00:00,2023,Thane Mumbra,19.1906,73.0229,0.1,25.5,92.0,12.0
2023-08-01T01:00,2023,Thane Mumbra,19.1906,73.0229,0.1,25.4,92.0,11.7
2023-08-01T02:00,2023,Thane Mumbra,19.1906,73.0229,0.3,25.2,94.0,11.6
2023-08-01T03:00,2023,Thane Mumbra,19.1906,73.0229,0.2,25.4,93.0,13.3
2023-08-01T04:00,2023,Thane Mumbra,19.1906,73.0229,0.3,25.1,93.0,12.2
2023-08-01T05:00,2023,Thane Mumbra,19.1906,73.0229,0.1,25.6,92.0,10.7
2023-08-01T06:00,2023,Thane Mumbra,19.1906,73.0229,0.2,25.6,93.0,9.8
2023-08-01T07:00,2023,Thane Mumbra,19.1906,73.0229,0.8,25.6,93.0,11.9
2023-08-01T08:00,2023,Thane Mumbra,19.1906,73.0229,0.2,26.5,89.0,16.6
2023-08-01T09:00,2023,Thane Mumbra,19.1906,73.0229,0.2,27.8,84.0,14.3
2023-08-01T10:00,2023,Thane Mumbra,19.1906,73.0229,0.2,28.1,82.0,17.4
2023-08-01T11:00,2023,Thane Mumbra,19.1906,73.0229,0.3,28.2,79.0,19.2
2023-08-01T12:00,2023,Thane Mumbra,19.1906,73.0229,0.5,28.5,77.0,20.0
2023-08-01T13:00,2023,Thane Mumbra,19.1906,73.0229,0.2,29.9,70.0,22.3
2023-08-01T14:00,2023,Thane Mumbra,19.1906,73.0229,1.3,28.0,79.0,19.9
2023-08-01T15:00,2023,Thane Mumbra,19.1906,73.0229,0.5,28.3,75.0,20.7
2023-08-01T16:00,2023,Thane Mumbra,19.1906,73.0229,0.6,27.2,82.0,17.9
2023-08-01T17:00,2023,Thane Mumbra,19.1906,73.0229,0.6,27.3,81.0,12.1
2023-08-01T18:00,2023,Thane Mumbra,19.1906,73.0229,0.7,26.3,87.0,8.6
2023-08-01T19:00,2023,Thane Mumbra,19.1906,73.0229,0.1,26.1,90.0,11.5
2023-08-01T20:00,2023,Thane Mumbra,19.1906,73.0229,0.3,25.9,90.0,12.3
2023-08-01T21:00,2023,Thane Mumbra,19.1906,73.0229,0.1,25.6,90.0,15.7
2023-08-01T22:00,2023,Thane Mumbra,19.1906,73.0229,0.2,25.7,89.0,13.2
2023-08-01T23:00,2023,Thane Mumbra,19.1906,73.0229,0.1,25.6,89.0,13.7
2023-08-02T00:00,2023,Thane Mumbra,19.1906,73.0229,0.2,25.2,91.0,13.6
2023-08-02T01:00,2023,Thane Mumbra,19.1906,73.0229,0.1,25.3,90.0,13.2
2023-08-02T02:00,2023,Thane Mumbra,19.1906,73.0229,0.2,25.3,90.0,13.7
2023-08-02T03:00,2023,Thane Mumbra,19.1906,73.0229,0.2,25.4,89.0,14.0
2023-08-02T04:00,2023,Thane Mumbra,19.1906,73.0229,0.2,25.2,89.0,15.2
2023-08-02T05:00,2023,Thane Mumbra,19.1906,73.0229,0.1,25.8,89.0,12.3
2023-08-02T06:00,2023,Thane Mumbra,19.1906,73.0229,0.0,26.1,87.0,13.0
2023-08-02T07:00,2023,Thane Mumbra,19.1906,73.0229,0.3,25.5,90.0,13.7
2023-08-02T08:00,2023,Thane Mumbra,19.1906,73.0229,0.4,26.8,85.0,14.9
2023-08-02T09:00,2023,Thane Mumbra,19.1906,73.0229,0.1,28.0,82.0,15.5
2023-08-02T10:00,2023,Thane Mumbra,19.1906,73.0229,0.1,28.1,80.0,19.0
2023-08-02T11:00,2023,Thane Mumbra,19.1906,73.0229,0.3,28.4,78.0,17.9
2023-08-02T12:00,2023,Thane Mumbra,19.1906,73.0229,0.1,29.1,74.0,19.6
2023-08-02T13:00,2023,Thane Mumbra,19.1906,73.0229,0.6,28.4,79.0,17.5
2023-08-02T14:00,2023,Thane Mumbra,19.1906,73.0229,0.3,29.0,75.0,21.0
2023-08-02T15:00,2023,Thane Mumbra,19.1906,73.0229,0.1,28.9,74.0,22.7
2023-08-02T16:00,2023,Thane Mumbra,19.1906,73.0229,0.4,28.7,75.0,20.8
2023-08-02T17:00,2023,Thane Mumbra,19.1906,73.0229,0.3,25.4,90.0,17.4
2023-08-02T18:00,2023,Thane Mumbra,19.1906,73.0229,1.5,23.7,96.0,8.2
2023-08-02T19:00,2023,Thane Mumbra,19.1906,73.0229,0.4,24.6,94.0,10.7
2023-08-02T20:00,2023,Thane Mumbra,19.1906,73.0229,0.5,24.7,94.0,9.9
2023-08-02T21:00,2023,Thane Mumbra,19.1906,73.0229,0.1,25.3,92.0,10.8
2023-08-02T22:00,2023,Thane Mumbra,19.1906,73.0229,0.0,25.6,91.0,14.3
2023-08-02T23:00,2023,Thane Mumbra,19.1906,73.0229,0.2,25.2,91.0,10.5
2023-08-03T00:00,2023,Thane Mumbra,19.1906,73.0229,0.3,25.3,92.0,11.0
2023-08-03T01:00,2023,Thane Mumbra,19.1906,73.0229,0.3,25.3,93.0,15.2
2023-08-03T02:00,2023,Thane Mumbra,19.1906,73.0229,0.5,25.4,92.0,16.0
2023-08-03T03:00,2023,Thane Mumbra,19.1906,73.0229,0.1,25.5,91.0,16.8
2023-08-03T04:00,2023,Thane Mumbra,19.1906,73.0229,0.3,25.4,91.0,14.2
2023-08-03T05:00,2023,Thane Mumbra,19.1906,73.0229,0.1,25.9,91.0,15.1
2023-08-03T06:00,2023,Thane Mumbra,19.1906,73.0229,0.0,26.2,88.0,14.8
2023-08-03T07:00,2023,Thane Mumbra,19.1906,73.0229,0.1,26.8,84.0,15.3
2023-08-03T08:00,2023,Thane Mumbra,19.1906,73.0229,0.1,27.7,82.0,16.0
2023-08-03T09:00,2023,Thane Mumbra,19.1906,73.0229,0.2,27.9,78.0,20.4
2023-08-03T10:00,2023,Thane Mumbra,19.1906,73.0229,0.3,28.5,78.0,20.3
2023-08-03T11:00,2023,Thane Mumbra,19.1906,73.0229,0.4,28.8,78.0,21.4
2023-08-03T12:00,2023,Thane Mumbra,19.1906,73.0229,0.3,29.1,77.0,21.7
2023-08-03T13:00,2023,Thane Mumbra,19.1906,73.0229,0.3,29.2,78.0,21.1
2023-08-03T14:00,2023,Thane Mumbra,19.1906,73.0229,0.5,28.7,74.0,24.5
2023-08-03T15:00,2023,Thane Mumbra,19.1906,73.0229,0.2,28.8,78.0,22.2
2023-08-03T16:00,2023,Thane Mumbra,19.1906,73.0229,0.3,28.2,80.0,19.8
2023-08-03T17:00,2023,Thane Mumbra,19.1906,73.0229,0.2,27.2,81.0,17.1
2023-08-03T18:00,2023,Thane Mumbra,19.1906,73.0229,0.1,26.8,84.0,17.4
2023-08-03T19:00,2023,Thane Mumbra,19.1906,73.0229,1.7,25.3,92.0,12.1
2023-08-03T20:00,2023,Thane Mumbra,19.1906,73.0229,0.3,25.7,91.0,10.7
2023-08-03T21:00,2023,Thane Mumbra,19.1906,73.0229,0.2,25.7,92.0,12.0
2023-08-03T22:00,2023,Thane Mumbra,19.1906,73.0229,0.3,25.5,93.0,10.3
2023-08-03T23:00,2023,Thane Mumbra,19.1906,73.0229,0.5,25.2,93.0,11.4
2023-08-04T00:00,2023,Thane Mumbra,19.1906,73.0229,0.1,26.0,91.0,10.5
2023-08-04T01:00,2023,Thane Mumbra,19.1906,73.0229,0.1,26.0,90.0,13.2
2023-08-04T02:00,2023,Thane Mumbra,19.1906,73.0229,0.0,26.0,90.0,14.3
2023-08-04T03:00,2023,Thane Mumbra,19.1906,73.0229,0.0,26.1,90.0,14.7
2023-08-04T04:00,2023,Thane Mumbra,19.1906,73.0229,0.4,26.1,89.0,10.5
2023-08-04T05:00,2023,Thane Mumbra,19.1906,73.0229,0.1,25.9,91.0,9.7
2023-08-04T06:00,2023,Thane Mumbra,19.1906,73.0229,0.5,25.7,92.0,8.3
2023-08-04T07:00,2023,Thane Mumbra,19.1906,73.0229,0.1,26.0,92.0,14.3
2023-08-04T08:00,2023,Thane Mumbra,19.1906,73.0229,0.1,26.9,89.0,10.2
2023-08-04T09:00,2023,Thane Mumbra,19.1906,73.0229,0.4,26.9,88.0,10.9
2023-08-04T10:00,2023,Thane Mumbra,19.1906,73.0229,0.1,27.6,87.0,14.3
2023-08-04T11:00,2023,Thane Mumbra,19.1906,73.0229,0.1,27.7,86.0,17.6
2023-08-04T12:00,2023,Thane Mumbra,19.1906,73.0229,0.2,28.6,81.0,21.1
2023-08-04T13:00,2023,Thane Mumbra,19.1906,73.0229,0.1,28.9,81.0,19.4
2023-08-04T14:00,2023,Thane Mumbra,19.1906,73.0229,0.1,28.1,84.0,17.9
2023-08-04T15:00,2023,Thane Mumbra,19.1906,73.0229,0.1,27.6,86.0,18.5
2023-08-04T16:00,2023,Thane Mumbra,19.1906,73.0229,0.0,28.4,82.0,17.6
2023-08-04T17:00,2023,Thane Mumbra,19.1906,73.0229,0.2,27.2,83.0,13.9
2023-08-04T18:00,2023,Thane Mumbra,19.1906,73.0229,0.3,26.6,88.0,11.2
2023-08-04T19:00,2023,Thane Mumbra,19.1906,73.0229,0.1,26.4,89.0,12.3
2023-08-04T20:00,2023,Thane Mumbra,19.1906,73.0229,0.2,25.8,90.0,11.5
2023-08-04T21:00,2023,Thane Mumbra,19.1906,73.0229,0.1,26.1,90.0,12.0
2023-08-04T22:00,2023,Thane Mumbra,19.1906,73.0229,0.2,26.1,89.0,14.5
2023-08-04T23:00,2023,Thane Mumbra,19.1906,73.0229,0.1,26.0,89.0,15.5
2023-08-05T00:00,2023,Thane Mumbra,19.1906,73.0229,0.5,25.8,92.0,15.0
2023-08-05T01:00,2023,Thane Mumbra,19.1906,73.0229,0.0,26.0,89.0,14.0
2023-08-05T02:00,2023,Thane Mumbra,19.1906,73.0229,0.1,25.8,89.0,15.0
2023-08-05T03:00,2023,Thane Mumbra,19.1906,73.0229,0.0,25.7,90.0,12.8
2023-08-05T04:00,2023,Thane Mumbra,19.1906,73.0229,0.1,25.6,88.0,13.3
2023-08-05T05:00,2023,Thane Mumbra,19.1906,73.0229,0.6,25.5,91.0,7.4
2023-08-05T06:00,2023,Thane Mumbra,19.1906,73.0229,0.4,25.0,94.0,12.3
2023-08-05T07:00,2023,Thane Mumbra,19.1906,73.0229,0.3,25.7,93.0,11.4
2023-08-05T08:00,2023,Thane Mumbra,19.1906,73.0229,0.3,26.7,88.0,14.1
2023-08-05T09:00,2023,Thane Mumbra,19.1906,73.0229,0.1,27.5,86.0,14.5
2023-08-05T10:00,2023,Thane Mumbra,19.1906,73.0229,0.9,27.2,85.0,14.7
2023-08-05T11:00,2023,Thane Mumbra,19.1906,73.0229,0.6,27.9,81.0,17.7
2023-08-05T12:00,2023,Thane Mumbra,19.1906,73.0229,0.2,29.3,77.0,20.9
2023-08-05T13:00,2023,Thane Mumbra,19.1906,73.0229,0.3,29.4,75.0,19.6
2023-08-05T14:00,2023,Thane Mumbra,19.1906,73.0229,0.4,28.8,75.0,20.8
2023-08-05T15:00,2023,Thane Mumbra,19.1906,73.0229,0.3,28.9,79.0,18.5
2023-08-05T16:00,2023,Thane Mumbra,19.1906,73.0229,0.3,28.3,81.0,19.0
2023-08-05T17:00,2023,Thane Mumbra,19.1906,73.0229,0.0,27.2,83.0,16.3
2023-08-05T18:00,2023,Thane Mumbra,19.1906,73.0229,0.4,27.4,84.0,13.5
2023-08-05T19:00,2023,Thane Mumbra,19.1906,73.0229,0.3,26.8,86.0,10.9
2023-08-05T20:00,2023,Thane Mumbra,19.1906,73.0229,0.1,26.6,87.0,13.6
2023-08-05T21:00,2023,Thane Mumbra,19.1906,73.0229,0.1,26.4,89.0,14.7
2023-08-05T22:00,2023,Thane Mumbra,19.1906,73.0229,0.0,26.4,89.0,14.7
2023-08-05T23:00,2023,Thane Mumbra,19.1906,73.0229,0.0,26.3,89.0,14.9
2023-08-06T00:00,2023,Thane Mumbra,19.1906,73.0229,0.0,26.1,89.0,16.0
2023-08-06T01:00,2023,Thane Mumbra,19.1906,73.0229,0.2,26.0,90.0,15.3
2023-08-06T02:00,2023,Thane Mumbra,19.1906,73.0229,0.1,25.8,91.0,15.2
2023-08-06T03:00,2023,Thane Mumbra,19.1906,73.0229,0.0,25.9,90.0,13.9
2023-08-06T04:00,2023,Thane Mumbra,19.1906,73.0229,0.1,25.8,90.0,11.4
2023-08-06T05:00,2023,Thane Mumbra,19.1906,73.0229,0.1,26.0,90.0,9.5
2023-08-06T06:00,2023,Thane Mumbra,19.1906,73.0229,0.1,26.4,88.0,11.4
2023-08-06T07:00,2023,Thane Mumbra,19.1906,73.0229,0.1,26.3,88.0,13.4
2023-08-06T08:00,2023,Thane Mumbra,19.1906,73.0229,0.0,27.4,86.0,14.0
2023-08-06T09:00,2023,Thane Mumbra,19.1906,73.0229,0.5,27.0,82.0,19.1
2023-08-06T10:00,2023,Thane Mumbra,19.1906,73.0229,0.2,28.5,80.0,15.9
2023-08-06T11:00,2023,Thane Mumbra,19.1906,73.0229,1.4,28.1,83.0,18.1
2023-08-06T12:00,2023,Thane Mumbra,19.1906,73.0229,0.0,29.1,76.0,21.4
2023-08-06T13:00,2023,Thane Mumbra,19.1906,73.0229,0.3,28.4,74.0,20.8
2023-08-06T14:00,2023,Thane Mumbra,19.1906,73.0229,0.2,29.7,75.0,20.9
2023-08-06T15:00,2023,Thane Mumbra,19.1906,73.0229,0.7,28.7,78.0,21.9
2023-08-06T16:00,2023,Thane Mumbra,19.1906,73.0229,1.1,28.8,77.0,21.0
2023-08-06T17:00,2023,Thane Mumbra,19.1906,73.0229,1.0,27.6,79.0,16.5
2023-08-06T18:00,2023,Thane Mumbra,19.1906,73.0229,0.2,27.1,83.0,15.0
2023-08-06T19:00,2023,Thane Mumbra,19.1906,73.0229,0.1,26.2,87.0,11.9
2023-08-06T20:00,2023,Thane Mumbra,19.1906,73.0229,0.1,26.2,86.0,11.1
2023-08-06T21:00,2023,Thane Mumbra,19.1906,73.0229,0.3,25.9,88.0,11.3
2023-08-06T22:00,2023,Thane Mumbra,19.1906,73.0229,0.1,26.0,89.0,12.1
2023-08-06T23:00,2023,Thane Mumbra,19.1906,73.0229,0.1,26.0,88.0,11.8
2023-08-07T00:00,2023,Thane Mumbra,19.1906,73.0229,0.1,25.8,90.0,12.3
2023-08-07T01:00,2023,Thane Mumbra,19.1906,73.0229,0.2,25.7,89.0,14.1
2023-08-07T02:00,2023,Thane Mumbra,19.1906,73.0229,0.3,25.3,94.0,16.4
2023-08-07T03:00,2023,Thane Mumbra,19.1906,73.0229,0.4,25.3,91.0,14.4
2023-08-07T04:00,2023,Thane Mumbra,19.1906,73.0229,0.8,25.5,90.0,13.8
2023-08-07T05:00,2023,Thane Mumbra,19.1906,73.0229,0.2,25.5,91.0,12.3
2023-08-07T06:00,2023,Thane Mumbra,19.1906,73.0229,0.0,25.9,89.0,12.7
2023-08-07T07:00,2023,Thane Mumbra,19.1906,73.0229,0.1,26.4,87.0,16.1
2023-08-07T08:00,2023,Thane Mumbra,19.1906,73.0229,0.1,27.2,81.0,17.1
2023-08-07T09:00,2023,Thane Mumbra,19.1906,73.0229,0.0,28.5,78.0,17.4
2023-08-07T10:00,2023,Thane Mumbra,19.1906,73.0229,0.2,29.2,75.0,20.2
2023-08-07T11:00,2023,Thane Mumbra,19.1906,73.0229,0.3,29.3,73.0,22.7
2023-08-07T12:00,2023,Thane Mumbra,19.1906,73.0229,0.4,29.3,73.0,24.7
2023-08-07T13:00,2023,Thane Mumbra,19.1906,73.0229,0.5,29.3,72.0,24.0
2023-08-07T14:00,2023,Thane Mumbra,19.1906,73.0229,0.8,29.6,71.0,24.4
2023-08-07T15:00,2023,Thane Mumbra,19.1906,73.0229,0.3,29.2,72.0,22.9
2023-08-07T16:00,2023,Thane Mumbra,19.1906,73.0229,0.3,28.5,76.0,21.5
2023-08-07T17:00,2023,Thane Mumbra,19.1906,73.0229,0.3,27.5,82.0,15.6
2023-08-07T18:00,2023,Thane Mumbra,19.1906,73.0229,0.0,27.2,84.0,13.4
2023-08-07T19:00,2023,Thane Mumbra,19.1906,73.0229,0.2,26.7,83.0,10.5
2023-08-07T20:00,2023,Thane Mumbra,19.1906,73.0229,0.1,26.4,85.0,11.2
2023-08-07T21:00,2023,Thane Mumbra,19.1906,73.0229,0.0,26.3,88.0,11.3
2023-08-07T22:00,2023,Thane Mumbra,19.1906,73.0229,0.0,26.1,89.0,13.0
2023-08-07T23:00,2023,Thane Mumbra,19.1906,73.0229,0.0,25.7,91.0,13.0
2023-08-08T00:00,2023,Thane Mumbra,19.1906,73.0229,0.1,25.4,92.0,11.8
2023-08-08T01:00,2023,Thane Mumbra,19.1906,73.0229,0.2,25.6,90.0,11.8
2023-08-08T02:00,2023,Thane Mumbra,19.1906,73.0229,0.0,25.5,92.0,13.8
2023-08-08T03:00,2023,Thane Mumbra,19.1906,73.0229,0.0,25.4,92.0,11.0
2023-08-08T04:00,2023,Thane Mumbra,19.1906,73.0229,0.0,25.5,92.0,10.6
2023-08-08T05:00,2023,Thane Mumbra,19.1906,73.0229,0.1,25.7,90.0,11.7
2023-08-08T06:00,2023,Thane Mumbra,19.1906,73.0229,0.2,25.6,90.0,12.0
2023-08-08T07:00,2023,Thane Mumbra,19.1906,73.0229,0.2,26.7,90.0,11.5
2023-08-08T08:00,2023,Thane Mumbra,19.1906,73.0229,0.0,28.0,82.0,14.7
2023-08-08T09:00,2023,Thane Mumbra,19.1906,73.0229,0.1,28.8,76.0,18.2
2023-08-08T10:00,2023,Thane Mumbra,19.1906,73.0229,0.1,29.6,72.0,21.0
2023-08-08T11:00,2023,Thane Mumbra,19.1906,73.0229,0.4,29.7,72.0,23.5
2023-08-08T12:00,2023,Thane Mumbra,19.1906,73.0229,0.9,29.6,73.0,23.8
2023-08-08T13:00,2023,Thane Mumbra,19.1906,73.0229,0.8,29.7,73.0,22.1
2023-08-08T14:00,2023,Thane Mumbra,19.1906,73.0229,0.7,29.8,72.0,22.5
2023-08-08T15:00,2023,Thane Mumbra,19.1906,73.0229,1.1,29.4,74.0,22.1
2023-08-08T16:00,2023,Thane Mumbra,19.1906,73.0229,0.9,29.1,74.0,21.3
2023-08-08T17:00,2023,Thane Mumbra,19.1906,73.0229,0.2,28.2,75.0,16.3
2023-08-08T18:00,2023,Thane Mumbra,19.1906,73.0229,0.0,27.5,79.0,12.5
2023-08-08T19:00,2023,Thane Mumbra,19.1906,73.0229,0.1,26.8,81.0,10.0
2023-08-08T20:00,2023,Thane Mumbra,19.1906,73.0229,0.2,26.1,87.0,8.7
2023-08-08T21:00,2023,Thane Mumbra,19.1906,73.0229,0.0,26.0,88.0,8.2
2023-08-08T22:00,2023,Thane Mumbra,19.1906,73.0229,0.0,25.9,87.0,8.7
2023-08-08T23:00,2023,Thane Mumbra,19.1906,73.0229,0.0,25.7,89.0,8.9
2023-08-09T00:00,2023,Thane Mumbra,19.1906,73.0229,0.4,25.2,92.0,10.0
2023-08-09T01:00,2023,Thane Mumbra,19.1906,73.0229,0.0,25.3,93.0,7.4
2023-08-09T02:00,2023,Thane Mumbra,19.1906,73.0229,0.1,25.4,91.0,7.8
2023-08-09T03:00,2023,Thane Mumbra,19.1906,73.0229,0.2,25.3,92.0,9.1
2023-08-09T04:00,2023,Thane Mumbra,19.1906,73.0229,0.2,25.2,93.0,9.2
2023-08-09T05:00,2023,Thane Mumbra,19.1906,73.0229,0.1,25.6,91.0,9.3
2023-08-09T06:00,2023,Thane Mumbra,19.1906,73.0229,0.0,25.8,90.0,6.4
2023-08-09T07:00,2023,Thane Mumbra,19.1906,73.0229,0.1,26.5,89.0,9.7
2023-08-09T08:00,2023,Thane Mumbra,19.1906,73.0229,0.4,27.1,84.0,14.2
2023-08-09T09:00,2023,Thane Mumbra,19.1906,73.0229,0.0,28.4,82.0,12.7
2023-08-09T10:00,2023,Thane Mumbra,19.1906,73.0229,0.0,29.3,77.0,15.5
2023-08-09T11:00,2023,Thane Mumbra,19.1906,73.0229,0.2,28.8,74.0,17.4
2023-08-09T12:00,2023,Thane Mumbra,19.1906,73.0229,0.3,29.1,77.0,17.3
2023-08-09T13:00,2023,Thane Mumbra,19.1906,73.0229,0.6,29.1,78.0,14.6
2023-08-09T14:00,2023,Thane Mumbra,19.1906,73.0229,0.0,30.0,73.0,17.5
2023-08-09T15:00,2023,Thane Mumbra,19.1906,73.0229,0.2,29.2,76.0,17.2
2023-08-09T16:00,2023,Thane Mumbra,19.1906,73.0229,0.3,28.9,76.0,17.0
2023-08-09T17:00,2023,Thane Mumbra,19.1906,73.0229,0.1,28.1,80.0,15.3
2023-08-09T18:00,2023,Thane Mumbra,19.1906,73.0229,0.4,27.4,82.0,10.6
2023-08-09T19:00,2023,Thane Mumbra,19.1906,73.0229,0.0,26.5,86.0,7.3
2023-08-09T20:00,2023,Thane Mumbra,19.1906,73.0229,0.1,26.1,88.0,5.9
2023-08-09T21:00,2023,Thane Mumbra,19.1906,73.0229,0.0,25.9,90.0,6.6
2023-08-09T22:00,2023,Thane Mumbra,19.1906,73.0229,0.0,25.7,90.0,7.1
2023-08-09T23:00,2023,Thane Mumbra,19.1906,73.0229,0.1,25.4,92.0,7.8
2023-08-10T00:00,2023,Thane Mumbra,19.1906,73.0229,0.2,25.1,93.0,7.3
2023-08-10T01:00,2023,Thane Mumbra,19.1906,73.0229,0.2,25.0,93.0,8.4
2023-08-10T02:00,2023,Thane Mumbra,19.1906,73.0229,0.1,24.9,94.0,7.4
2023-08-10T03:00,2023,Thane Mumbra,19.1906,73.0229,0.2,24.8,94.0,6.6
2023-08-10T04:00,2023,Thane Mumbra,19.1906,73.0229,0.1,24.8,95.0,7.6
2023-08-10T05:00,2023,Thane Mumbra,19.1906,73.0229,0.3,25.4,93.0,6.5
2023-08-10T06:00,2023,Thane Mumbra,19.1906,73.0229,0.8,25.1,93.0,8.0
2023-08-10T07:00,2023,Thane Mumbra,19.1906,73.0229,0.1,25.9,90.0,8.7
2023-08-10T08:00,2023,Thane Mumbra,19.1906,73.0229,0.4,26.0,86.0,13.3
2023-08-10T09:00,2023,Thane Mumbra,19.1906,73.0229,0.2,26.7,86.0,12.7
2023-08-10T10:00,2023,Thane Mumbra,19.1906,73.0229,0.3,27.0,85.0,12.7
2023-08-10T11:00,2023,Thane Mumbra,19.1906,73.0229,0.4,27.7,79.0,14.9
2023-08-10T12:00,2023,Thane Mumbra,19.1906,73.0229,0.1,28.8,77.0,11.9
2023-08-10T13:00,2023,Thane Mumbra,19.1906,73.0229,0.1,29.6,73.0,14.4
2023-08-10T14:00,2023,Thane Mumbra,19.1906,73.0229,0.5,28.5,77.0,14.0
2023-08-10T15:00,2023,Thane Mumbra,19.1906,73.0229,1.0,28.0,81.0,10.5
2023-08-10T16:00,2023,Thane Mumbra,19.1906,73.0229,0.2,27.7,81.0,13.2
2023-08-10T17:00,2023,Thane Mumbra,19.1906,73.0229,0.4,27.6,78.0,13.0
2023-08-10T18:00,2023,Thane Mumbra,19.1906,73.0229,0.1,27.0,82.0,10.6
2023-08-10T19:00,2023,Thane Mumbra,19.1906,73.0229,0.0,26.2,87.0,5.5
2023-08-10T20:00,2023,Thane Mumbra,19.1906,73.0229,0.0,25.9,89.0,4.9
2023-08-10T21:00,2023,Thane Mumbra,19.1906,73.0229,0.0,25.6,90.0,5.6
2023-08-10T22:00,2023,Thane Mumbra,19.1906,73.0229,0.1,25.4,91.0,4.4
2023-08-10T23:00,2023,Thane Mumbra,19.1906,73.0229,0.4,25.3,91.0,6.1
2023-08-11T00:00,2023,Thane Mumbra,19.1906,73.0229,0.3,25.1,91.0,5.1
2023-08-11T01:00,2023,Thane Mumbra,19.1906,73.0229,0.3,24.8,94.0,4.1
2023-08-11T02:00,2023,Thane Mumbra,19.1906,73.0229,0.0,24.8,95.0,3.2
2023-08-11T03:00,2023,Thane Mumbra,19.1906,73.0229,0.2,24.5,95.0,4.7
2023-08-11T04:00,2023,Thane Mumbra,19.1906,73.0229,0.2,24.4,94.0,4.9
2023-08-11T05:00,2023,Thane Mumbra,19.1906,73.0229,0.2,24.7,96.0,4.3
2023-08-11T06:00,2023,Thane Mumbra,19.1906,73.0229,0.4,24.8,95.0,3.4
2023-08-11T07:00,2023,Thane Mumbra,19.1906,73.0229,0.3,25.4,95.0,6.9
2023-08-11T08:00,2023,Thane Mumbra,19.1906,73.0229,0.6,27.4,78.0,3.2
2023-08-11T09:00,2023,Thane Mumbra,19.1906,73.0229,1.6,28.5,71.0,8.1
2023-08-11T10:00,2023,Thane Mumbra,19.1906,73.0229,0.4,28.9,72.0,10.2
2023-08-11T11:00,2023,Thane Mumbra,19.1906,73.0229,0.1,29.1,74.0,11.4
2023-08-11T12:00,2023,Thane Mumbra,19.1906,73.0229,0.1,30.2,72.0,12.1
2023-08-11T13:00,2023,Thane Mumbra,19.1906,73.0229,0.1,30.1,69.0,14.6
2023-08-11T14:00,2023,Thane Mumbra,19.1906,73.0229,0.9,29.2,74.0,13.5
2023-08-11T15:00,2023,Thane Mumbra,19.1906,73.0229,0.0,29.8,72.0,13.4
2023-08-11T16:00,2023,Thane Mumbra,19.1906,73.0229,0.1,29.2,73.0,14.2
2023-08-11T17:00,2023,Thane Mumbra,19.1906,73.0229,0.1,28.3,76.0,12.3
2023-08-11T18:00,2023,Thane Mumbra,19.1906,73.0229,0.0,27.8,78.0,9.4
2023-08-11T19:00,2023,Thane Mumbra,19.1906,73.0229,0.0,26.7,82.0,6.2
2023-08-11T20:00,2023,Thane Mumbra,19.1906,73.0229,0.0,25.8,88.0,4.3
2023-08-11T21:00,2023,Thane Mumbra,19.1906,73.0229,0.0,25.5,90.0,4.4
2023-08-11T22:00,2023,Thane Mumbra,19.1906,73.0229,0.0,25.2,91.0,4.1
2023-08-11T23:00,2023,Thane Mumbra,19.1906,73.0229,0.1,25.2,90.0,4.8
2023-08-12T00:00,2023,Thane Mumbra,19.1906,73.0229,0.1,25.0,92.0,5.4
2023-08-12T01:00,2023,Thane Mumbra,19.1906,73.0229,0.1,24.9,92.0,5.5
2023-08-12T02:00,2023,Thane Mumbra,19.1906,73.0229,0.0,24.5,95.0,4.5
2023-08-12T03:00,2023,Thane Mumbra,19.1906,73.0229,0.5,24.4,94.0,3.8
2023-08-12T04:00,2023,Thane Mumbra,19.1906,73.0229,0.2,24.4,95.0,4.9
2023-08-12T05:00,2023,Thane Mumbra,19.1906,73.0229,0.2,24.4,93.0,7.2
2023-08-12T06:00,2023,Thane Mumbra,19.1906,73.0229,0.1,24.5,94.0,2.3
2023-08-12T07:00,2023,Thane Mumbra,19.1906,73.0229,0.1,24.7,92.0,6.5
2023-08-12T08:00,2023,Thane Mumbra,19.1906,73.0229,0.2,25.0,91.0,10.0
2023-08-12T09:00,2023,Thane Mumbra,19.1906,73.0229,0.2,26.1,86.0,11.3
2023-08-12T10:00,2023,Thane Mumbra,19.1906,73.0229,0.1,27.4,82.0,11.7
2023-08-12T11:00,2023,Thane Mumbra,19.1906,73.0229,0.0,28.9,75.0,14.7
2023-08-12T12:00,2023,Thane Mumbra,19.1906,73.0229,1.4,27.6,77.0,16.7
2023-08-12T13:00,2023,Thane Mumbra,19.1906,73.0229,0.1,27.9,79.0,14.9
2023-08-12T14:00,2023,Thane Mumbra,19.1906,73.0229,0.1,27.7,77.0,16.7
2023-08-12T15:00,2023,Thane Mumbra,19.1906,73.0229,0.1,27.8,77.0,14.0
2023-08-12T16:00,2023,Thane Mumbra,19.1906,73.0229,0.2,27.7,80.0,13.5
2023-08-12T17:00,2023,Thane Mumbra,19.1906,73.0229,0.3,26.5,82.0,9.4
2023-08-12T18:00,2023,Thane Mumbra,19.1906,73.0229,0.1,26.2,87.0,11.1
2023-08-12T19:00,2023,Thane Mumbra,19.1906,73.0229,0.1,25.2,92.0,7.4
2023-08-12T20:00,2023,Thane Mumbra,19.1906,73.0229,0.2,24.9,93.0,3.6
2023-08-12T21:00,2023,Thane Mumbra,19.1906,73.0229,1.2,24.9,94.0,5.4
2023-08-12T22:00,2023,Thane Mumbra,19.1906,73.0229,0.4,24.7,96.0,5.4
2023-08-12T23:00,2023,Thane Mumbra,19.1906,73.0229,0.1,24.8,94.0,5.4
2023-08-13T00:00,2023,Thane Mumbra,19.1906,73.0229,0.1,24.9,93.0,6.4
2023-08-13T01:00,2023,Thane Mumbra,19.1906,73.0229,0.7,24.7,93.0,7.8
2023-08-13T02:00,2023,Thane Mumbra,19.1906,73.0229,0.1,24.6,93.0,6.2
2023-08-13T03:00,2023,Thane Mumbra,19.1906,73.0229,0.1,24.9,92.0,7.4
2023-08-13T04:00,2023,Thane Mumbra,19.1906,73.0229,0.1,24.7,93.0,7.1
2023-08-13T05:00,2023,Thane Mumbra,19.1906,73.0229,0.1,24.6,94.0,5.6
2023-08-13T06:00,2023,Thane Mumbra,19.1906,73.0229,0.2,24.9,94.0,7.6
2023-08-13T07:00,2023,Thane Mumbra,19.1906,73.0229,0.1,25.5,91.0,7.3
2023-08-13T08:00,2023,Thane Mumbra,19.1906,73.0229,0.0,26.8,85.0,10.7
2023-08-13T09:00,2023,Thane Mumbra,19.1906,73.0229,0.9,25.9,85.0,13.7
2023-08-13T10:00,2023,Thane Mumbra,19.1906,73.0229,0.5,28.0,83.0,14.2
2023-08-13T11:00,2023,Thane Mumbra,19.1906,73.0229,0.2,29.3,73.0,18.2
2023-08-13T12:00,2023,Thane Mumbra,19.1906,73.0229,0.0,29.4,73.0,17.3
2023-08-13T13:00,2023,Thane Mumbra,19.1906,73.0229,0.1,30.1,71.0,19.9
2023-08-13T14:00,2023,Thane Mumbra,19.1906,73.0229,0.8,29.7,73.0,21.1
2023-08-13T15:00,2023,Thane Mumbra,19.1906,73.0229,0.6,29.4,73.0,21.6
2023-08-13T16:00,2023,Thane Mumbra,19.1906,73.0229,0.2,29.0,74.0,20.8
2023-08-13T17:00,2023,Thane Mumbra,19.1906,73.0229,0.0,27.4,80.0,15.3
2023-08-13T18:00,2023,Thane Mumbra,19.1906,73.0229,0.0,27.1,84.0,12.0
2023-08-13T19:00,2023,Thane Mumbra,19.1906,73.0229,0.1,26.6,85.0,11.0
2023-08-13T20:00,2023,Thane Mumbra,19.1906,73.0229,0.0,26.5,85.0,10.6
2023-08-13T21:00,2023,Thane Mumbra,19.1906,73.0229,0.0,26.4,85.0,11.0
2023-08-13T22:00,2023,Thane Mumbra,19.1906,73.0229,0.0,26.3,86.0,11.5
2023-08-13T23:00,2023,Thane Mumbra,19.1906,73.0229,0.0,26.2,86.0,11.2
2023-08-14T00:00,2023,Thane Mumbra,19.1906,73.0229,0.0,26.0,87.0,10.2
2023-08-14T01:00,2023,Thane Mumbra,19.1906,73.0229,0.1,25.7,88.0,12.3
2023-08-14T02:00,2023,Thane Mumbra,19.1906,73.0229,0.3,25.5,90.0,10.0
2023-08-14T03:00,2023,Thane Mumbra,19.1906,73.0229,0.1,25.5,91.0,11.5
2023-08-14T04:00,2023,Thane Mumbra,19.1906,73.0229,0.2,25.3,92.0,11.5
2023-08-14T05:00,2023,Thane Mumbra,19.1906,73.0229,0.3,25.3,92.0,4.2
2023-08-14T06:00,2023,Thane Mumbra,19.1906,73.0229,0.6,25.4,91.0,6.4
2023-08-14T07:00,2023,Thane Mumbra,19.1906,73.0229,0.4,25.6,90.0,10.3
2023-08-14T08:00,2023,Thane Mumbra,19.1906,73.0229,0.2,26.2,86.0,14.6
2023-08-14T09:00,2023,Thane Mumbra,19.1906,73.0229,0.1,27.2,83.0,14.1
2023-08-14T10:00,2023,Thane Mumbra,19.1906,73.0229,0.4,27.7,81.0,12.3
2023-08-14T11:00,2023,Thane Mumbra,19.1906,73.0229,0.3,29.3,73.0,18.5
2023-08-14T12:00,2023,Thane Mumbra,19.1906,73.0229,0.6,29.0,77.0,16.5
2023-08-14T13:00,2023,Thane Mumbra,19.1906,73.0229,0.2,30.0,71.0,21.0
2023-08-14T14:00,2023,Thane Mumbra,19.1906,73.0229,0.6,29.3,74.0,22.1
2023-08-14T15:00,2023,Thane Mumbra,19.1906,73.0229,0.2,29.5,72.0,22.2
2023-08-14T16:00,2023,Thane Mumbra,19.1906,73.0229,0.0,29.1,73.0,20.0
2023-08-14T17:00,2023,Thane Mumbra,19.1906,73.0229,0.0,28.3,75.0,18.4
2023-08-14T18:00,2023,Thane Mumbra,19.1906,73.0229,0.0,27.6,79.0,13.8
2023-08-14T19:00,2023,Thane Mumbra,19.1906,73.0229,0.0,26.9,80.0,12.0
2023-08-14T20:00,2023,Thane Mumbra,19.1906,73.0229,0.0,26.7,81.0,11.7
2023-08-14T21:00,2023,Thane Mumbra,19.1906,73.0229,0.0,26.9,80.0,13.0
2023-08-14T22:00,2023,Thane Mumbra,19.1906,73.0229,0.0,26.5,81.0,10.2
2023-08-14T23:00,2023,Thane Mumbra,19.1906,73.0229,0.0,26.4,82.0,8.9
2023-08-15T00:00,2023,Thane Mumbra,19.1906,73.0229,0.0,26.5,82.0,12.8
2023-08-15T01:00,2023,Thane Mumbra,19.1906,73.0229,0.0,26.4,80.0,12.3
2023-08-15T02:00,2023,Thane Mumbra,19.1906,73.0229,0.0,26.4,81.0,11.0
2023-08-15T03:00,2023,Thane Mumbra,19.1906,73.0229,0.0,26.2,82.0,8.9
2023-08-15T04:00,2023,Thane Mumbra,19.1906,73.0229,0.0,25.8,84.0,10.2
2023-08-15T05:00,2023,Thane Mumbra,19.1906,73.0229,0.0,26.0,89.0,7.7
2023-08-15T06:00,2023,Thane Mumbra,19.1906,73.0229,0.1,25.9,88.0,9.9
2023-08-15T07:00,2023,Thane Mumbra,19.1906,73.0229,0.3,25.9,90.0,8.1
2023-08-15T08:00,2023,Thane Mumbra,19.1906,73.0229,0.3,26.4,86.0,11.0
2023-08-15T09:00,2023,Thane Mumbra,19.1906,73.0229,0.8,26.6,84.0,13.3
2023-08-15T10:00,2023,Thane Mumbra,19.1906,73.0229,0.1,27.1,83.0,11.2
2023-08-15T11:00,2023,Thane Mumbra,19.1906,73.0229,0.1,27.7,81.0,13.0
2023-08-15T12:00,2023,Thane Mumbra,19.1906,73.0229,0.2,27.7,80.0,14.6
2023-08-15T13:00,2023,Thane Mumbra,19.1906,73.0229,0.4,27.1,84.0,13.2
2023-08-15T14:00,2023,Thane Mumbra,19.1906,73.0229,0.1,28.4,79.0,15.3
2023-08-15T15:00,2023,Thane Mumbra,19.1906,73.0229,0.1,28.5,76.0,16.4
2023-08-15T16:00,2023,Thane Mumbra,19.1906,73.0229,0.3,28.1,77.0,16.0
2023-08-15T17:00,2023,Thane Mumbra,19.1906,73.0229,0.2,27.7,80.0,15.5
2023-08-15T18:00,2023,Thane Mumbra,19.1906,73.0229,0.0,27.1,82.0,12.3
2023-08-15T19:00,2023,Thane Mumbra,19.1906,73.0229,0.0,26.3,86.0,7.4
2023-08-15T20:00,2023,Thane Mumbra,19.1906,73.0229,0.0,26.0,88.0,6.0
2023-08-15T21:00,2023,Thane Mumbra,19.1906,73.0229,0.0,25.9,89.0,6.2
2023-08-15T22:00,2023,Thane Mumbra,19.1906,73.0229,0.0,25.9,89.0,6.9
2023-08-15T23:00,2023,Thane Mumbra,19.1906,73.0229,0.0,25.9,88.0,6.5
2023-08-16T00:00,2023,Thane Mumbra,19.1906,73.0229,0.1,25.6,91.0,4.1
2023-08-16T01:00,2023,Thane Mumbra,19.1906,73.0229,0.2,25.7,88.0,6.3
2023-08-16T02:00,2023,Thane Mumbra,19.1906,73.0229,0.1,25.2,91.0,7.6
2023-08-16T03:00,2023,Thane Mumbra,19.1906,73.0229,0.2,25.0,93.0,8.3
2023-08-16T04:00,2023,Thane Mumbra,19.1906,73.0229,0.3,24.9,94.0,8.0
2023-08-16T05:00,2023,Thane Mumbra,19.1906,73.0229,0.2,24.8,96.0,9.0
2023-08-16T06:00,2023,Thane Mumbra,19.1906,73.0229,0.3,25.3,94.0,7.9
2023-08-16T07:00,2023,Thane Mumbra,19.1906,73.0229,0.1,26.0,91.0,5.9
2023-08-16T08:00,2023,Thane Mumbra,19.1906,73.0229,0.5,25.8,88.0,11.6
2023-08-16T09:00,2023,Thane Mumbra,19.1906,73.0229,1.1,26.1,89.0,5.9
2023-08-16T10:00,2023,Thane Mumbra,19.1906,73.0229,0.4,27.8,84.0,4.6
2023-08-16T11:00,2023,Thane Mumbra,19.1906,73.0229,0.0,29.4,75.0,9.2
2023-08-16T12:00,2023,Thane Mumbra,19.1906,73.0229,0.1,30.0,72.0,12.4
2023-08-16T13:00,2023,Thane Mumbra,19.1906,73.0229,0.4,29.8,72.0,14.8
2023-08-16T14:00,2023,Thane Mumbra,19.1906,73.0229,0.2,29.7,70.0,16.4
2023-08-16T15:00,2023,Thane Mumbra,19.1906,73.0229,0.2,29.6,70.0,17.5
2023-08-16T16:00,2023,Thane Mumbra,19.1906,73.0229,0.5,29.0,72.0,18.5
2023-08-16T17:00,2023,Thane Mumbra,19.1906,73.0229,0.2,27.6,81.0,14.8
2023-08-16T18:00,2023,Thane Mumbra,19.1906,73.0229,0.1,26.9,83.0,11.2
2023-08-16T19:00,2023,Thane Mumbra,19.1906,73.0229,0.0,26.2,86.0,6.8
2023-08-16T20:00,2023,Thane Mumbra,19.1906,73.0229,0.0,25.7,89.0,4.8
2023-08-16T21:00,2023,Thane Mumbra,19.1906,73.0229,0.0,25.2,92.0,4.7
2023-08-16T22:00,2023,Thane Mumbra,19.1906,73.0229,0.0,24.8,94.0,5.4
2023-08-16T23:00,2023,Thane Mumbra,19.1906,73.0229,0.0,24.5,94.0,5.6
2023-08-17T00:00,2023,Thane Mumbra,19.1906,73.0229,0.0,24.5,94.0,5.1
2023-08-17T01:00,2023,Thane Mumbra,19.1906,73.0229,0.0,24.3,95.0,5.2
2023-08-17T02:00,2023,Thane Mumbra,19.1906,73.0229,0.0,24.0,97.0,5.7
2023-08-17T03:00,2023,Thane Mumbra,19.1906,73.0229,0.0,24.5,95.0,4.1
2023-08-17T04:00,2023,Thane Mumbra,19.1906,73.0229,0.1,24.4,95.0,1.0
2023-08-17T05:00,2023,Thane Mumbra,19.1906,73.0229,0.1,24.3,96.0,7.1
2023-08-17T06:00,2023,Thane Mumbra,19.1906,73.0229,0.0,24.9,94.0,3.4
2023-08-17T07:00,2023,Thane Mumbra,19.1906,73.0229,0.0,26.1,90.0,3.3
2023-08-17T08:00,2023,Thane Mumbra,19.1906,73.0229,0.1,27.0,83.0,10.2
2023-08-17T09:00,2023,Thane Mumbra,19.1906,73.0229,0.0,27.9,81.0,8.7
2023-08-17T10:00,2023,Thane Mumbra,19.1906,73.0229,0.0,29.2,73.0,11.7
2023-08-17T11:00,2023,Thane Mumbra,19.1906,73.0229,0.2,29.0,73.0,12.9
2023-08-17T12:00,2023,Thane Mumbra,19.1906,73.0229,0.3,29.8,68.0,15.2
2023-08-17T13:00,2023,Thane Mumbra,19.1906,73.0229,0.1,30.2,66.0,16.7
2023-08-17T14:00,2023,Thane Mumbra,19.1906,73.0229,0.1,29.8,68.0,17.5
2023-08-17T15:00,2023,Thane Mumbra,19.1906,73.0229,0.8,29.3,69.0,18.8
2023-08-17T16:00,2023,Thane Mumbra,19.1906,73.0229,0.3,28.4,75.0,18.4
2023-08-17T17:00,2023,Thane Mumbra,19.1906,73.0229,0.1,27.9,78.0,14.9
2023-08-17T18:00,2023,Thane Mumbra,19.1906,73.0229,0.0,27.2,82.0,11.9
2023-08-17T19:00,2023,Thane Mumbra,19.1906,73.0229,0.0,26.3,85.0,8.8
2023-08-17T20:00,2023,Thane Mumbra,19.1906,73.0229,0.0,25.9,87.0,7.2
2023-08-17T21:00,2023,Thane Mumbra,19.1906,73.0229,0.0,25.6,88.0,5.8
2023-08-17T22:00,2023,Thane Mumbra,19.1906,73.0229,0.0,25.4,89.0,6.2
2023-08-17T23:00,2023,Thane Mumbra,19.1906,73.0229,0.1,25.0,91.0,5.1
2023-08-18T00:00,2023,Thane Mumbra,19.1906,73.0229,0.0,24.5,95.0,5.6
2023-08-18T01:00,2023,Thane Mumbra,19.1906,73.0229,0.0,24.4,94.0,4.9
2023-08-18T02:00,2023,Thane Mumbra,19.1906,73.0229,0.0,24.8,92.0,4.7
2023-08-18T03:00,2023,Thane Mumbra,19.1906,73.0229,0.0,24.4,93.0,1.6
2023-08-18T04:00,2023,Thane Mumbra,19.1906,73.0229,0.0,24.1,94.0,1.8
2023-08-18T05:00,2023,Thane Mumbra,19.1906,73.0229,0.1,25.0,90.0,5.4
2023-08-18T06:00,2023,Thane Mumbra,19.1906,73.0229,0.0,25.0,93.0,3.6
2023-08-18T07:00,2023,Thane Mumbra,19.1906,73.0229,0.0,25.9,90.0,4.6
2023-08-18T08:00,2023,Thane Mumbra,19.1906,73.0229,0.1,27.3,83.0,4.7
2023-08-18T09:00,2023,Thane Mumbra,19.1906,73.0229,0.1,28.5,76.0,11.0
2023-08-18T10:00,2023,Thane Mumbra,19.1906,73.0229,0.0,29.6,70.0,10.5
2023-08-18T11:00,2023,Thane Mumbra,19.1906,73.0229,0.0,29.9,66.0,12.3
2023-08-18T12:00,2023,Thane Mumbra,19.1906,73.0229,0.1,29.4,69.0,15.3
2023-08-18T13:00,2023,Thane Mumbra,19.1906,73.0229,0.8,28.4,75.0,17.1
2023-08-18T14:00,2023,Thane Mumbra,19.1906,73.0229,0.3,28.8,77.0,14.2
2023-08-18T15:00,2023,Thane Mumbra,19.1906,73.0229,0.1,28.7,76.0,14.5
2023-08-18T16:00,2023,Thane Mumbra,19.1906,73.0229,0.2,28.1,77.0,14.8
2023-08-18T17:00,2023,Thane Mumbra,19.1906,73.0229,0.1,27.9,78.0,13.8
2023-08-18T18:00,2023,Thane Mumbra,19.1906,73.0229,0.0,27.4,81.0,12.4
2023-08-18T19:00,2023,Thane Mumbra,19.1906,73.0229,0.0,26.5,85.0,6.8
2023-08-18T20:00,2023,Thane Mumbra,19.1906,73.0229,0.0,26.2,87.0,6.3
2023-08-18T21:00,2023,Thane Mumbra,19.1906,73.0229,0.0,26.1,88.0,5.9
2023-08-18T22:00,2023,Thane Mumbra,19.1906,73.0229,0.0,26.1,88.0,6.1
2023-08-18T23:00,2023,Thane Mumbra,19.1906,73.0229,0.0,25.9,89.0,5.8
2023-08-19T00:00,2023,Thane Mumbra,19.1906,73.0229,0.1,25.7,90.0,5.8
2023-08-19T01:00,2023,Thane Mumbra,19.1906,73.0229,0.0,25.4,91.0,8.0
2023-08-19T02:00,2023,Thane Mumbra,19.1906,73.0229,0.0,25.2,91.0,4.7
2023-08-19T03:00,2023,Thane Mumbra,19.1906,73.0229,0.0,25.3,90.0,5.4
2023-08-19T04:00,2023,Thane Mumbra,19.1906,73.0229,0.0,25.2,91.0,5.5
2023-08-19T05:00,2023,Thane Mumbra,19.1906,73.0229,0.5,25.3,93.0,4.3
2023-08-19T06:00,2023,Thane Mumbra,19.1906,73.0229,0.7,25.4,91.0,4.5
2023-08-19T07:00,2023,Thane Mumbra,19.1906,73.0229,0.0,26.1,89.0,8.0
2023-08-19T08:00,2023,Thane Mumbra,19.1906,73.0229,0.0,27.4,83.0,8.4
2023-08-19T09:00,2023,Thane Mumbra,19.1906,73.0229,0.1,27.9,80.0,9.8
2023-08-19T10:00,2023,Thane Mumbra,19.1906,73.0229,0.0,27.9,81.0,10.1
2023-08-19T11:00,2023,Thane Mumbra,19.1906,73.0229,0.1,28.4,78.0,13.6
2023-08-19T12:00,2023,Thane Mumbra,19.1906,73.0229,0.5,28.0,78.0,13.2
2023-08-19T13:00,2023,Thane Mumbra,19.1906,73.0229,0.1,29.7,74.0,13.5
2023-08-19T14:00,2023,Thane Mumbra,19.1906,73.0229,0.1,28.9,75.0,16.0
2023-08-19T15:00,2023,Thane Mumbra,19.1906,73.0229,0.1,28.1,78.0,16.3
2023-08-19T16:00,2023,Thane Mumbra,19.1906,73.0229,0.0,27.9,79.0,15.9
2023-08-19T17:00,2023,Thane Mumbra,19.1906,73.0229,0.0,26.1,85.0,12.9
2023-08-19T18:00,2023,Thane Mumbra,19.1906,73.0229,0.0,26.1,87.0,5.4
2023-08-19T19:00,2023,Thane Mumbra,19.1906,73.0229,0.0,25.6,91.0,3.3
2023-08-19T20:00,2023,Thane Mumbra,19.1906,73.0229,0.2,25.7,91.0,4.0
2023-08-19T21:00,2023,Thane Mumbra,19.1906,73.0229,0.1,25.4,94.0,3.3
2023-08-19T22:00,2023,Thane Mumbra,19.1906,73.0229,0.6,25.1,96.0,1.9
2023-08-19T23:00,2023,Thane Mumbra,19.1906,73.0229,0.3,25.2,95.0,3.6
2023-08-20T00:00,2023,Thane Mumbra,19.1906,73.0229,0.1,25.1,95.0,3.2
2023-08-20T01:00,2023,Thane Mumbra,19.1906,73.0229,0.3,25.1,94.0,4.8
2023-08-20T02:00,2023,Thane Mumbra,19.1906,73.0229,0.4,24.8,95.0,4.1
2023-08-20T03:00,2023,Thane Mumbra,19.1906,73.0229,0.1,24.7,96.0,3.0
2023-08-20T04:00,2023,Thane Mumbra,19.1906,73.0229,0.1,24.8,95.0,4.4
2023-08-20T05:00,2023,Thane Mumbra,19.1906,73.0229,0.2,24.9,95.0,1.3
2023-08-20T06:00,2023,Thane Mumbra,19.1906,73.0229,0.3,25.1,94.0,4.7
2023-08-20T07:00,2023,Thane Mumbra,19.1906,73.0229,0.3,25.1,92.0,9.7
2023-08-20T08:00,2023,Thane Mumbra,19.1906,73.0229,1.3,25.0,89.0,4.3
2023-08-20T09:00,2023,Thane Mumbra,19.1906,73.0229,3.8,24.7,92.0,8.4
2023-08-20T10:00,2023,Thane Mumbra,19.1906,73.0229,2.0,26.0,86.0,7.6
2023-08-20T11:00,2023,Thane Mumbra,19.1906,73.0229,0.4,26.5,86.0,5.2
2023-08-20T12:00,2023,Thane Mumbra,19.1906,73.0229,0.0,28.0,81.0,10.3
2023-08-20T13:00,2023,Thane Mumbra,19.1906,73.0229,0.2,27.3,81.0,12.2
2023-08-20T14:00,2023,Thane Mumbra,19.1906,73.0229,0.0,27.8,80.0,12.6
2023-08-20T15:00,2023,Thane Mumbra,19.1906,73.0229,0.0,27.7,82.0,12.6
2023-08-20T16:00,2023,Thane Mumbra,19.1906,73.0229,0.0,28.3,78.0,11.9
2023-08-20T17:00,2023,Thane Mumbra,19.1906,73.0229,0.3,27.0,85.0,7.6
2023-08-20T18:00,2023,Thane Mumbra,19.1906,73.0229,0.1,26.0,90.0,8.0
2023-08-20T19:00,2023,Thane Mumbra,19.1906,73.0229,0.5,25.3,92.0,2.0
2023-08-20T20:00,2023,Thane Mumbra,19.1906,73.0229,0.1,24.8,96.0,4.3
2023-08-20T21:00,2023,Thane Mumbra,19.1906,73.0229,0.2,24.7,97.0,4.0
2023-08-20T22:00,2023,Thane Mumbra,19.1906,73.0229,0.2,24.6,97.0,4.3
2023-08-20T23:00,2023,Thane Mumbra,19.1906,73.0229,0.1,24.4,96.0,4.0
2023-08-21T00:00,2023,Thane Mumbra,19.1906,73.0229,0.1,24.3,96.0,4.7
2023-08-21T01:00,2023,Thane Mumbra,19.1906,73.0229,0.1,24.3,96.0,5.8
2023-08-21T02:00,2023,Thane Mumbra,19.1906,73.0229,0.1,24.5,96.0,6.0
2023-08-21T03:00,2023,Thane Mumbra,19.1906,73.0229,0.6,24.4,96.0,4.9
2023-08-21T04:00,2023,Thane Mumbra,19.1906,73.0229,0.2,24.4,95.0,3.2
2023-08-21T05:00,2023,Thane Mumbra,19.1906,73.0229,0.3,24.4,96.0,3.9
2023-08-21T06:00,2023,Thane Mumbra,19.1906,73.0229,0.4,24.2,97.0,9.3
2023-08-21T07:00,2023,Thane Mumbra,19.1906,73.0229,0.1,24.8,96.0,6.1
2023-08-21T08:00,2023,Thane Mumbra,19.1906,73.0229,0.2,25.9,89.0,4.0
2023-08-21T09:00,2023,Thane Mumbra,19.1906,73.0229,0.0,27.1,85.0,6.3
2023-08-21T10:00,2023,Thane Mumbra,19.1906,73.0229,0.0,29.0,76.0,11.2
2023-08-21T11:00,2023,Thane Mumbra,19.1906,73.0229,0.9,27.9,78.0,14.1
2023-08-21T12:00,2023,Thane Mumbra,19.1906,73.0229,0.0,28.3,79.0,13.8
2023-08-21T13:00,2023,Thane Mumbra,19.1906,73.0229,0.0,29.3,76.0,12.1
2023-08-21T14:00,2023,Thane Mumbra,19.1906,73.0229,0.0,29.9,72.0,13.9
2023-08-21T15:00,2023,Thane Mumbra,19.1906,73.0229,0.1,29.5,74.0,13.4
2023-08-21T16:00,2023,Thane Mumbra,19.1906,73.0229,0.1,28.9,76.0,13.0
2023-08-21T17:00,2023,Thane Mumbra,19.1906,73.0229,0.1,28.0,77.0,11.5
2023-08-21T18:00,2023,Thane Mumbra,19.1906,73.0229,0.2,27.2,80.0,9.7
2023-08-21T19:00,2023,Thane Mumbra,19.1906,73.0229,0.0,26.2,86.0,5.5
2023-08-21T20:00,2023,Thane Mumbra,19.1906,73.0229,0.0,25.4,93.0,5.1
2023-08-21T21:00,2023,Thane Mumbra,19.1906,73.0229,0.0,25.1,93.0,4.0
2023-08-21T22:00,2023,Thane Mumbra,19.1906,73.0229,0.1,25.1,93.0,3.3
2023-08-21T23:00,2023,Thane Mumbra,19.1906,73.0229,0.0,24.9,93.0,3.6
2023-08-22T00:00,2023,Thane Mumbra,19.1906,73.0229,0.1,24.5,95.0,3.6
2023-08-22T01:00,2023,Thane Mumbra,19.1906,73.0229,0.0,24.4,96.0,4.0
2023-08-22T02:00,2023,Thane Mumbra,19.1906,73.0229,0.0,24.3,96.0,4.3
2023-08-22T03:00,2023,Thane Mumbra,19.1906,73.0229,0.1,24.4,95.0,5.6
2023-08-22T04:00,2023,Thane Mumbra,19.1906,73.0229,0.1,24.4,94.0,6.9
2023-08-22T05:00,2023,Thane Mumbra,19.1906,73.0229,0.1,24.5,96.0,7.6
2023-08-22T06:00,2023,Thane Mumbra,19.1906,73.0229,0.0,24.9,94.0,7.9
2023-08-22T07:00,2023,Thane Mumbra,19.1906,73.0229,0.1,25.7,91.0,8.9
2023-08-22T08:00,2023,Thane Mumbra,19.1906,73.0229,0.0,26.6,87.0,7.8
2023-08-22T09:00,2023,Thane Mumbra,19.1906,73.0229,0.0,27.7,83.0,7.7
2023-08-22T10:00,2023,Thane Mumbra,19.1906,73.0229,0.1,27.9,81.0,10.5
2023-08-22T11:00,2023,Thane Mumbra,19.1906,73.0229,1.3,27.4,85.0,9.3
2023-08-22T12:00,2023,Thane Mumbra,19.1906,73.0229,0.1,28.4,81.0,12.7
2023-08-22T13:00,2023,Thane Mumbra,19.1906,73.0229,0.1,29.7,75.0,13.8
2023-08-22T14:00,2023,Thane Mumbra,19.1906,73.0229,0.1,29.0,75.0,14.5
2023-08-22T15:00,2023,Thane Mumbra,19.1906,73.0229,0.1,27.8,82.0,15.0
2023-08-22T16:00,2023,Thane Mumbra,19.1906,73.0229,0.5,26.9,84.0,13.4
2023-08-22T17:00,2023,Thane Mumbra,19.1906,73.0229,0.2,27.0,82.0,13.7
2023-08-22T18:00,2023,Thane Mumbra,19.1906,73.0229,0.1,26.8,85.0,9.0
2023-08-22T19:00,2023,Thane Mumbra,19.1906,73.0229,0.0,26.3,89.0,7.3
2023-08-22T20:00,2023,Thane Mumbra,19.1906,73.0229,0.0,25.7,93.0,3.2
2023-08-22T21:00,2023,Thane Mumbra,19.1906,73.0229,0.0,25.3,94.0,3.6
2023-08-22T22:00,2023,Thane Mumbra,19.1906,73.0229,0.0,25.0,95.0,3.8
2023-08-22T23:00,2023,Thane Mumbra,19.1906,73.0229,0.1,24.8,96.0,5.2
2023-08-23T00:00,2023,Thane Mumbra,19.1906,73.0229,0.2,24.7,96.0,5.0
2023-08-23T01:00,2023,Thane Mumbra,19.1906,73.0229,0.1,24.9,94.0,6.2
2023-08-23T02:00,2023,Thane Mumbra,19.1906,73.0229,0.1,24.9,94.0,6.5
2023-08-23T03:00,2023,Thane Mumbra,19.1906,73.0229,0.1,24.5,96.0,6.1
2023-08-23T04:00,2023,Thane Mumbra,19.1906,73.0229,0.2,24.6,95.0,6.5
2023-08-23T05:00,2023,Thane Mumbra,19.1906,73.0229,0.5,24.5,96.0,5.0
2023-08-23T06:00,2023,Thane Mumbra,19.1906,73.0229,0.1,24.6,97.0,7.3
2023-08-23T07:00,2023,Thane Mumbra,19.1906,73.0229,0.2,25.1,96.0,7.8
2023-08-23T08:00,2023,Thane Mumbra,19.1906,73.0229,0.1,26.6,90.0,6.3
2023-08-23T09:00,2023,Thane Mumbra,19.1906,73.0229,0.0,27.8,84.0,7.1
2023-08-23T10:00,2023,Thane Mumbra,19.1906,73.0229,0.1,28.7,77.0,11.7
2023-08-23T11:00,2023,Thane Mumbra,19.1906,73.0229,0.2,29.3,73.0,14.2
2023-08-23T12:00,2023,Thane Mumbra,19.1906,73.0229,0.2,30.3,70.0,15.3
2023-08-23T13:00,2023,Thane Mumbra,19.1906,73.0229,0.3,30.1,71.0,17.2
2023-08-23T14:00,2023,Thane Mumbra,19.1906,73.0229,0.3,29.9,72.0,18.2
2023-08-23T15:00,2023,Thane Mumbra,19.1906,73.0229,0.2,29.6,72.0,19.2
2023-08-23T16:00,2023,Thane Mumbra,19.1906,73.0229,0.2,29.1,69.0,18.4
2023-08-23T17:00,2023,Thane Mumbra,19.1906,73.0229,0.2,28.3,75.0,15.5
2023-08-23T18:00,2023,Thane Mumbra,19.1906,73.0229,0.0,27.4,79.0,11.5
2023-08-23T19:00,2023,Thane Mumbra,19.1906,73.0229,0.0,26.6,82.0,9.9
2023-08-23T20:00,2023,Thane Mumbra,19.1906,73.0229,0.0,26.2,84.0,9.2
2023-08-23T21:00,2023,Thane Mumbra,19.1906,73.0229,0.0,25.9,85.0,6.6
2023-08-23T22:00,2023,Thane Mumbra,19.1906,73.0229,0.0,25.6,86.0,9.1
2023-08-23T23:00,2023,Thane Mumbra,19.1906,73.0229,0.0,25.6,87.0,9.8
2023-08-24T00:00,2023,Thane Mumbra,19.1906,73.0229,0.1,25.3,89.0,9.1
2023-08-24T01:00,2023,Thane Mumbra,19.1906,73.0229,0.1,25.3,89.0,8.7
2023-08-24T02:00,2023,Thane Mumbra,19.1906,73.0229,0.1,25.1,90.0,9.9
2023-08-24T03:00,2023,Thane Mumbra,19.1906,73.0229,0.4,24.5,91.0,9.2
2023-08-24T04:00,2023,Thane Mumbra,19.1906,73.0229,0.2,24.4,94.0,8.1
2023-08-24T05:00,2023,Thane Mumbra,19.1906,73.0229,0.2,24.8,95.0,8.7
2023-08-24T06:00,2023,Thane Mumbra,19.1906,73.0229,0.2,25.1,95.0,5.1
2023-08-24T07:00,2023,Thane Mumbra,19.1906,73.0229,0.2,25.8,93.0,9.5
2023-08-24T08:00,2023,Thane Mumbra,19.1906,73.0229,0.3,26.4,86.0,14.3
2023-08-24T09:00,2023,Thane Mumbra,19.1906,73.0229,0.1,27.4,83.0,12.2
2023-08-24T10:00,2023,Thane Mumbra,19.1906,73.0229,0.9,27.4,83.0,12.5
2023-08-24T11:00,2023,Thane Mumbra,19.1906,73.0229,0.0,28.1,80.0,15.8
2023-08-24T12:00,2023,Thane Mumbra,19.1906,73.0229,0.0,28.9,77.0,16.8
2023-08-24T13:00,2023,Thane Mumbra,19.1906,73.0229,0.8,28.6,78.0,17.1
2023-08-24T14:00,2023,Thane Mumbra,19.1906,73.0229,0.3,28.2,78.0,19.4
2023-08-24T15:00,2023,Thane Mumbra,19.1906,73.0229,0.6,27.7,82.0,17.5
2023-08-24T16:00,2023,Thane Mumbra,19.1906,73.0229,0.5,27.0,80.0,19.7
2023-08-24T17:00,2023,Thane Mumbra,19.1906,73.0229,0.2,27.0,83.0,17.7
2023-08-24T18:00,2023,Thane Mumbra,19.1906,73.0229,0.3,26.7,85.0,12.2
2023-08-24T19:00,2023,Thane Mumbra,19.1906,73.0229,0.1,26.0,88.0,8.9
2023-08-24T20:00,2023,Thane Mumbra,19.1906,73.0229,0.1,25.5,91.0,7.3
2023-08-24T21:00,2023,Thane Mumbra,19.1906,73.0229,0.2,25.4,91.0,10.2
2023-08-24T22:00,2023,Thane Mumbra,19.1906,73.0229,0.2,25.3,93.0,9.4
2023-08-24T23:00,2023,Thane Mumbra,19.1906,73.0229,0.1,25.1,94.0,9.8
2023-08-25T00:00,2023,Thane Mumbra,19.1906,73.0229,0.1,25.0,94.0,11.2
2023-08-25T01:00,2023,Thane Mumbra,19.1906,73.0229,0.3,24.9,95.0,10.3
2023-08-25T02:00,2023,Thane Mumbra,19.1906,73.0229,0.1,24.8,94.0,10.2
2023-08-25T03:00,2023,Thane Mumbra,19.1906,73.0229,0.1,24.7,95.0,8.3
2023-08-25T04:00,2023,Thane Mumbra,19.1906,73.0229,0.4,24.5,95.0,11.4
2023-08-25T05:00,2023,Thane Mumbra,19.1906,73.0229,0.5,24.7,94.0,9.4
2023-08-25T06:00,2023,Thane Mumbra,19.1906,73.0229,0.2,25.1,94.0,9.3
2023-08-25T07:00,2023,Thane Mumbra,19.1906,73.0229,0.2,25.6,92.0,11.0
2023-08-25T08:00,2023,Thane Mumbra,19.1906,73.0229,0.6,26.0,86.0,17.3
2023-08-25T09:00,2023,Thane Mumbra,19.1906,73.0229,0.2,27.2,85.0,14.5
2023-08-25T10:00,2023,Thane Mumbra,19.1906,73.0229,0.7,27.1,83.0,15.8
2023-08-25T11:00,2023,Thane Mumbra,19.1906,73.0229,0.1,28.4,79.0,17.8
2023-08-25T12:00,2023,Thane Mumbra,19.1906,73.0229,0.2,28.7,76.0,17.3
2023-08-25T13:00,2023,Thane Mumbra,19.1906,73.0229,0.7,28.3,77.0,19.2
2023-08-25T14:00,2023,Thane Mumbra,19.1906,73.0229,0.1,28.4,78.0,19.2
2023-08-25T15:00,2023,Thane Mumbra,19.1906,73.0229,0.1,28.6,79.0,17.4
2023-08-25T16:00,2023,Thane Mumbra,19.1906,73.0229,0.4,27.8,81.0,16.3
2023-08-25T17:00,2023,Thane Mumbra,19.1906,73.0229,0.4,27.7,84.0,12.8
2023-08-25T18:00,2023,Thane Mumbra,19.1906,73.0229,0.1,27.0,85.0,12.3
2023-08-25T19:00,2023,Thane Mumbra,19.1906,73.0229,0.8,25.6,91.0,6.3
2023-08-25T20:00,2023,Thane Mumbra,19.1906,73.0229,0.1,25.3,94.0,9.1
2023-08-25T21:00,2023,Thane Mumbra,19.1906,73.0229,0.2,25.0,96.0,8.7
2023-08-25T22:00,2023,Thane Mumbra,19.1906,73.0229,0.5,25.0,96.0,9.0
2023-08-25T23:00,2023,Thane Mumbra,19.1906,73.0229,0.2,25.2,94.0,10.8
2023-08-26T00:00,2023,Thane Mumbra,19.1906,73.0229,0.2,24.8,95.0,11.8
2023-08-26T01:00,2023,Thane Mumbra,19.1906,73.0229,0.1,24.5,96.0,9.4
2023-08-26T02:00,2023,Thane Mumbra,19.1906,73.0229,0.2,24.6,96.0,9.0
2023-08-26T03:00,2023,Thane Mumbra,19.1906,73.0229,0.2,24.7,96.0,8.3
2023-08-26T04:00,2023,Thane Mumbra,19.1906,73.0229,0.8,24.7,95.0,10.4
2023-08-26T05:00,2023,Thane Mumbra,19.1906,73.0229,0.9,24.2,95.0,6.6
2023-08-26T06:00,2023,Thane Mumbra,19.1906,73.0229,1.5,24.5,95.0,7.2
2023-08-26T07:00,2023,Thane Mumbra,19.1906,73.0229,0.3,25.0,92.0,7.6
2023-08-26T08:00,2023,Thane Mumbra,19.1906,73.0229,1.0,25.4,91.0,13.2
2023-08-26T09:00,2023,Thane Mumbra,19.1906,73.0229,0.7,26.5,83.0,16.1
2023-08-26T10:00,2023,Thane Mumbra,19.1906,73.0229,0.3,28.1,81.0,13.9
2023-08-26T11:00,2023,Thane Mumbra,19.1906,73.0229,0.9,27.4,83.0,16.3
2023-08-26T12:00,2023,Thane Mumbra,19.1906,73.0229,0.1,29.1,76.0,19.4
2023-08-26T13:00,2023,Thane Mumbra,19.1906,73.0229,0.5,27.9,83.0,15.1
2023-08-26T14:00,2023,Thane Mumbra,19.1906,73.0229,0.3,27.5,81.0,19.2
2023-08-26T15:00,2023,Thane Mumbra,19.1906,73.0229,0.1,28.1,80.0,15.5
2023-08-26T16:00,2023,Thane Mumbra,19.1906,73.0229,0.8,26.6,86.0,15.3
2023-08-26T17:00,2023,Thane Mumbra,19.1906,73.0229,0.4,27.1,82.0,16.7
2023-08-26T18:00,2023,Thane Mumbra,19.1906,73.0229,1.5,24.9,93.0,11.5
2023-08-26T19:00,2023,Thane Mumbra,19.1906,73.0229,0.6,25.0,94.0,9.7
2023-08-26T20:00,2023,Thane Mumbra,19.1906,73.0229,2.1,25.0,93.0,9.3
2023-08-26T21:00,2023,Thane Mumbra,19.1906,73.0229,0.5,24.8,95.0,5.9
2023-08-26T22:00,2023,Thane Mumbra,19.1906,73.0229,2.2,24.7,96.0,7.6
2023-08-26T23:00,2023,Thane Mumbra,19.1906,73.0229,0.4,24.5,96.0,6.9
2023-08-27T00:00,2023,Thane Mumbra,19.1906,73.0229,0.2,24.2,95.0,10.5
2023-08-27T01:00,2023,Thane Mumbra,19.1906,73.0229,0.5,23.9,95.0,11.2
2023-08-27T02:00,2023,Thane Mumbra,19.1906,73.0229,0.7,23.6,97.0,11.9
2023-08-27T03:00,2023,Thane Mumbra,19.1906,73.0229,0.5,23.6,96.0,11.5
2023-08-27T04:00,2023,Thane Mumbra,19.1906,73.0229,0.6,23.5,97.0,8.4
2023-08-27T05:00,2023,Thane Mumbra,19.1906,73.0229,0.4,23.6,96.0,6.0
2023-08-27T06:00,2023,Thane Mumbra,19.1906,73.0229,0.6,24.1,96.0,10.9
2023-08-27T07:00,2023,Thane Mumbra,19.1906,73.0229,1.1,24.1,95.0,8.9
2023-08-27T08:00,2023,Thane Mumbra,19.1906,73.0229,0.9,25.0,91.0,10.4
2023-08-27T09:00,2023,Thane Mumbra,19.1906,73.0229,0.9,25.2,92.0,10.3
2023-08-27T10:00,2023,Thane Mumbra,19.1906,73.0229,0.5,26.0,88.0,12.6
2023-08-27T11:00,2023,Thane Mumbra,19.1906,73.0229,0.2,27.6,82.0,13.1
2023-08-27T12:00,2023,Thane Mumbra,19.1906,73.0229,0.2,27.7,80.0,12.7
2023-08-27T13:00,2023,Thane Mumbra,19.1906,73.0229,2.9,27.8,81.0,10.0
2023-08-27T14:00,2023,Thane Mumbra,19.1906,73.0229,0.1,28.7,76.0,16.0
2023-08-27T15:00,2023,Thane Mumbra,19.1906,73.0229,1.5,27.2,83.0,12.7
2023-08-27T16:00,2023,Thane Mumbra,19.1906,73.0229,0.2,27.1,83.0,12.6
2023-08-27T17:00,2023,Thane Mumbra,19.1906,73.0229,0.1,27.0,81.0,12.2
2023-08-27T18:00,2023,Thane Mumbra,19.1906,73.0229,0.0,26.5,84.0,6.5
2023-08-27T19:00,2023,Thane Mumbra,19.1906,73.0229,0.0,25.5,90.0,3.7
2023-08-27T20:00,2023,Thane Mumbra,19.1906,73.0229,0.0,25.2,91.0,5.5
2023-08-27T21:00,2023,Thane Mumbra,19.1906,73.0229,0.1,25.0,92.0,8.5
2023-08-27T22:00,2023,Thane Mumbra,19.1906,73.0229,0.0,24.8,93.0,8.3
2023-08-27T23:00,2023,Thane Mumbra,19.1906,73.0229,0.1,24.7,94.0,9.3
2023-08-28T00:00,2023,Thane Mumbra,19.1906,73.0229,0.1,24.4,94.0,10.0
2023-08-28T01:00,2023,Thane Mumbra,19.1906,73.0229,0.3,24.3,93.0,7.4
2023-08-28T02:00,2023,Thane Mumbra,19.1906,73.0229,0.1,24.3,94.0,5.9
2023-08-28T03:00,2023,Thane Mumbra,19.1906,73.0229,0.2,24.5,94.0,7.4
2023-08-28T04:00,2023,Thane Mumbra,19.1906,73.0229,0.1,24.4,94.0,8.1
2023-08-28T05:00,2023,Thane Mumbra,19.1906,73.0229,0.1,24.3,96.0,7.6
2023-08-28T06:00,2023,Thane Mumbra,19.1906,73.0229,0.1,24.2,96.0,8.6
2023-08-28T07:00,2023,Thane Mumbra,19.1906,73.0229,0.1,24.6,94.0,10.0
2023-08-28T08:00,2023,Thane Mumbra,19.1906,73.0229,0.1,25.6,90.0,9.8
2023-08-28T09:00,2023,Thane Mumbra,19.1906,73.0229,0.2,27.0,86.0,10.1
2023-08-28T10:00,2023,Thane Mumbra,19.1906,73.0229,0.0,28.3,79.0,11.6
2023-08-28T11:00,2023,Thane Mumbra,19.1906,73.0229,0.6,26.9,81.0,13.3
2023-08-28T12:00,2023,Thane Mumbra,19.1906,73.0229,0.1,28.4,80.0,14.0
2023-08-28T13:00,2023,Thane Mumbra,19.1906,73.0229,1.0,26.8,80.0,14.3
2023-08-28T14:00,2023,Thane Mumbra,19.1906,73.0229,0.4,26.7,82.0,15.4
2023-08-28T15:00,2023,Thane Mumbra,19.1906,73.0229,0.2,26.7,81.0,12.3
2023-08-28T16:00,2023,Thane Mumbra,19.1906,73.0229,0.0,27.1,81.0,13.4
2023-08-28T17:00,2023,Thane Mumbra,19.1906,73.0229,0.0,26.5,85.0,9.2
2023-08-28T18:00,2023,Thane Mumbra,19.1906,73.0229,0.2,26.0,88.0,8.5
2023-08-28T19:00,2023,Thane Mumbra,19.1906,73.0229,0.0,25.2,91.0,9.9
2023-08-28T20:00,2023,Thane Mumbra,19.1906,73.0229,0.0,25.1,91.0,8.6
2023-08-28T21:00,2023,Thane Mumbra,19.1906,73.0229,0.0,24.7,93.0,7.6
2023-08-28T22:00,2023,Thane Mumbra,19.1906,73.0229,0.0,24.7,93.0,9.5
2023-08-28T23:00,2023,Thane Mumbra,19.1906,73.0229,0.0,24.6,93.0,9.4
2023-08-29T00:00,2023,Thane Mumbra,19.1906,73.0229,0.1,24.8,92.0,9.8
2023-08-29T01:00,2023,Thane Mumbra,19.1906,73.0229,0.1,24.5,93.0,9.1
2023-08-29T02:00,2023,Thane Mumbra,19.1906,73.0229,0.1,24.3,94.0,8.6
2023-08-29T03:00,2023,Thane Mumbra,19.1906,73.0229,0.0,24.4,94.0,8.6
2023-08-29T04:00,2023,Thane Mumbra,19.1906,73.0229,0.0,24.4,94.0,7.9
2023-08-29T05:00,2023,Thane Mumbra,19.1906,73.0229,0.0,24.2,96.0,4.2
2023-08-29T06:00,2023,Thane Mumbra,19.1906,73.0229,0.1,24.8,94.0,6.1
2023-08-29T07:00,2023,Thane Mumbra,19.1906,73.0229,0.0,25.5,93.0,5.6
2023-08-29T08:00,2023,Thane Mumbra,19.1906,73.0229,0.2,26.3,86.0,7.1
2023-08-29T09:00,2023,Thane Mumbra,19.1906,73.0229,0.1,27.3,84.0,4.1
2023-08-29T10:00,2023,Thane Mumbra,19.1906,73.0229,0.0,28.7,78.0,5.5
2023-08-29T11:00,2023,Thane Mumbra,19.1906,73.0229,0.1,29.9,71.0,7.2
2023-08-29T12:00,2023,Thane Mumbra,19.1906,73.0229,0.3,28.3,74.0,10.9
2023-08-29T13:00,2023,Thane Mumbra,19.1906,73.0229,0.3,29.1,75.0,7.1
2023-08-29T14:00,2023,Thane Mumbra,19.1906,73.0229,0.0,29.9,73.0,9.6
2023-08-29T15:00,2023,Thane Mumbra,19.1906,73.0229,0.0,29.7,74.0,9.3
2023-08-29T16:00,2023,Thane Mumbra,19.1906,73.0229,0.0,29.3,75.0,8.8
2023-08-29T17:00,2023,Thane Mumbra,19.1906,73.0229,0.0,28.4,76.0,8.3
2023-08-29T18:00,2023,Thane Mumbra,19.1906,73.0229,0.0,27.6,82.0,5.4
2023-08-29T19:00,2023,Thane Mumbra,19.1906,73.0229,0.0,26.4,88.0,4.3
2023-08-29T20:00,2023,Thane Mumbra,19.1906,73.0229,0.0,25.4,93.0,5.2
2023-08-29T21:00,2023,Thane Mumbra,19.1906,73.0229,0.0,24.9,95.0,4.1
2023-08-29T22:00,2023,Thane Mumbra,19.1906,73.0229,0.0,24.7,96.0,4.5
2023-08-29T23:00,2023,Thane Mumbra,19.1906,73.0229,0.0,24.3,97.0,4.2
2023-08-30T00:00,2023,Thane Mumbra,19.1906,73.0229,0.0,24.3,96.0,5.2
2023-08-30T01:00,2023,Thane Mumbra,19.1906,73.0229,0.0,24.3,96.0,6.4
2023-08-30T02:00,2023,Thane Mumbra,19.1906,73.0229,0.0,24.1,97.0,6.7
2023-08-30T03:00,2023,Thane Mumbra,19.1906,73.0229,0.0,24.0,97.0,5.0
2023-08-30T04:00,2023,Thane Mumbra,19.1906,73.0229,0.0,23.7,97.0,4.5
2023-08-30T05:00,2023,Thane Mumbra,19.1906,73.0229,0.0,24.3,95.0,4.1
2023-08-30T06:00,2023,Thane Mumbra,19.1906,73.0229,0.4,24.3,97.0,2.5
2023-08-30T07:00,2023,Thane Mumbra,19.1906,73.0229,0.4,25.4,93.0,2.3
2023-08-30T08:00,2023,Thane Mumbra,19.1906,73.0229,0.1,26.7,87.0,1.5
2023-08-30T09:00,2023,Thane Mumbra,19.1906,73.0229,0.2,27.9,80.0,1.0
2023-08-30T10:00,2023,Thane Mumbra,19.1906,73.0229,0.1,28.9,75.0,4.3
2023-08-30T11:00,2023,Thane Mumbra,19.1906,73.0229,0.3,29.7,71.0,6.0
2023-08-30T12:00,2023,Thane Mumbra,19.1906,73.0229,0.3,30.5,68.0,7.3
2023-08-30T13:00,2023,Thane Mumbra,19.1906,73.0229,0.2,30.6,67.0,8.5
2023-08-30T14:00,2023,Thane Mumbra,19.1906,73.0229,0.1,30.6,67.0,10.9
2023-08-30T15:00,2023,Thane Mumbra,19.1906,73.0229,0.1,30.4,68.0,11.7
2023-08-30T16:00,2023,Thane Mumbra,19.1906,73.0229,0.0,29.6,72.0,11.3
2023-08-30T17:00,2023,Thane Mumbra,19.1906,73.0229,0.0,28.8,76.0,12.0
2023-08-30T18:00,2023,Thane Mumbra,19.1906,73.0229,0.0,27.8,81.0,9.8
2023-08-30T19:00,2023,Thane Mumbra,19.1906,73.0229,0.0,26.8,86.0,5.2
2023-08-30T20:00,2023,Thane Mumbra,19.1906,73.0229,0.0,26.8,85.0,4.0
2023-08-30T21:00,2023,Thane Mumbra,19.1906,73.0229,0.0,26.4,87.0,2.4
2023-08-30T22:00,2023,Thane Mumbra,19.1906,73.0229,0.0,26.0,89.0,1.3
2023-08-30T23:00,2023,Thane Mumbra,19.1906,73.0229,0.0,25.0,94.0,1.4
2023-08-31T00:00,2023,Thane Mumbra,19.1906,73.0229,0.0,24.3,96.0,2.9
2023-08-31T01:00,2023,Thane Mumbra,19.1906,73.0229,0.0,23.9,98.0,4.0
2023-08-31T02:00,2023,Thane Mumbra,19.1906,73.0229,0.0,23.8,99.0,4.5
2023-08-31T03:00,2023,Thane Mumbra,19.1906,73.0229,0.0,23.7,99.0,4.7
2023-08-31T04:00,2023,Thane Mumbra,19.1906,73.0229,0.0,23.6,100.0,1.5
2023-08-31T05:00,2023,Thane Mumbra,19.1906,73.0229,0.0,24.1,99.0,4.8
2023-08-31T06:00,2023,Thane Mumbra,19.1906,73.0229,0.0,24.6,95.0,6.5
2023-08-31T07:00,2023,Thane Mumbra,19.1906,73.0229,0.0,25.4,94.0,6.4
2023-08-31T08:00,2023,Thane Mumbra,19.1906,73.0229,0.0,26.9,87.0,5.4
2023-08-31T09:00,2023,Thane Mumbra,19.1906,73.0229,0.0,28.2,80.0,6.9
2023-08-31T10:00,2023,Thane Mumbra,19.1906,73.0229,0.0,29.3,75.0,4.9
2023-08-31T11:00,2023,Thane Mumbra,19.1906,73.0229,0.0,30.4,71.0,2.5
2023-08-31T12:00,2023,Thane Mumbra,19.1906,73.0229,0.0,31.3,66.0,3.0
2023-08-31T13:00,2023,Thane Mumbra,19.1906,73.0229,0.2,31.6,67.0,6.3
2023-08-31T14:00,2023,Thane Mumbra,19.1906,73.0229,0.1,31.1,70.0,10.9
2023-08-31T15:00,2023,Thane Mumbra,19.1906,73.0229,0.0,30.8,68.0,13.9
2023-08-31T16:00,2023,Thane Mumbra,19.1906,73.0229,0.0,29.9,71.0,12.3
2023-08-31T17:00,2023,Thane Mumbra,19.1906,73.0229,0.0,29.2,76.0,10.6
2023-08-31T18:00,2023,Thane Mumbra,19.1906,73.0229,0.3,27.9,81.0,4.8
2023-08-31T19:00,2023,Thane Mumbra,19.1906,73.0229,0.0,26.9,88.0,4.7
2023-08-31T20:00,2023,Thane Mumbra,19.1906,73.0229,0.0,26.3,91.0,4.8
2023-08-31T21:00,2023,Thane Mumbra,19.1906,73.0229,0.0,26.1,91.0,3.9
2023-08-31T22:00,2023,Thane Mumbra,19.1906,73.0229,0.0,25.9,91.0,3.5
2023-08-31T23:00,2023,Thane Mumbra,19.1906,73.0229,0.0,25.3,94.0,2.6
2023-09-01T00:00,2023,Thane Mumbra,19.1906,73.0229,0.0,24.9,96.0,3.4
2023-09-01T01:00,2023,Thane Mumbra,19.1906,73.0229,0.0,24.9,96.0,1.6
2023-09-01T02:00,2023,Thane Mumbra,19.1906,73.0229,0.0,24.7,97.0,1.0
2023-09-01T03:00,2023,Thane Mumbra,19.1906,73.0229,0.0,24.6,98.0,1.8
2023-09-01T04:00,2023,Thane Mumbra,19.1906,73.0229,0.0,24.0,100.0,3.1
2023-09-01T05:00,2023,Thane Mumbra,19.1906,73.0229,0.0,24.5,98.0,6.5
2023-09-01T06:00,2023,Thane Mumbra,19.1906,73.0229,0.1,24.6,96.0,5.0
2023-09-01T07:00,2023,Thane Mumbra,19.1906,73.0229,0.0,25.3,93.0,0.8
2023-09-01T08:00,2023,Thane Mumbra,19.1906,73.0229,0.0,26.7,87.0,3.1
2023-09-01T09:00,2023,Thane Mumbra,19.1906,73.0229,0.0,28.3,80.0,5.5
2023-09-01T10:00,2023,Thane Mumbra,19.1906,73.0229,0.0,29.5,77.0,4.3
2023-09-01T11:00,2023,Thane Mumbra,19.1906,73.0229,0.0,30.5,72.0,4.9
2023-09-01T12:00,2023,Thane Mumbra,19.1906,73.0229,0.0,31.5,68.0,4.8
2023-09-01T13:00,2023,Thane Mumbra,19.1906,73.0229,0.0,32.1,67.0,4.3
2023-09-01T14:00,2023,Thane Mumbra,19.1906,73.0229,0.0,32.2,67.0,7.9
2023-09-01T15:00,2023,Thane Mumbra,19.1906,73.0229,0.0,31.0,71.0,13.6
2023-09-01T16:00,2023,Thane Mumbra,19.1906,73.0229,0.0,29.6,74.0,15.5
2023-09-01T17:00,2023,Thane Mumbra,19.1906,73.0229,0.0,29.1,78.0,10.4
2023-09-01T18:00,2023,Thane Mumbra,19.1906,73.0229,1.9,27.2,86.0,3.8
2023-09-01T19:00,2023,Thane Mumbra,19.1906,73.0229,1.3,27.2,90.0,4.3
2023-09-01T20:00,2023,Thane Mumbra,19.1906,73.0229,2.4,26.4,91.0,6.8
2023-09-01T21:00,2023,Thane Mumbra,19.1906,73.0229,0.3,26.6,91.0,1.9
2023-09-01T22:00,2023,Thane Mumbra,19.1906,73.0229,0.0,26.1,94.0,2.9
2023-09-01T23:00,2023,Thane Mumbra,19.1906,73.0229,0.0,25.9,97.0,1.8
2023-09-02T00:00,2023,Thane Mumbra,19.1906,73.0229,0.0,25.3,99.0,2.7
2023-09-02T01:00,2023,Thane Mumbra,19.1906,73.0229,0.0,25.5,98.0,2.3
2023-09-02T02:00,2023,Thane Mumbra,19.1906,73.0229,0.0,25.4,99.0,1.8
2023-09-02T03:00,2023,Thane Mumbra,19.1906,73.0229,0.0,24.7,100.0,3.3
2023-09-02T04:00,2023,Thane Mumbra,19.1906,73.0229,0.0,24.8,100.0,2.7
2023-09-02T05:00,2023,Thane Mumbra,19.1906,73.0229,0.0,24.6,98.0,5.9
2023-09-02T06:00,2023,Thane Mumbra,19.1906,73.0229,0.1,25.0,95.0,5.5
2023-09-02T07:00,2023,Thane Mumbra,19.1906,73.0229,1.1,24.9,94.0,6.0
2023-09-02T08:00,2023,Thane Mumbra,19.1906,73.0229,3.7,25.2,94.0,5.0
2023-09-02T09:00,2023,Thane Mumbra,19.1906,73.0229,2.5,25.7,95.0,6.5
2023-09-02T10:00,2023,Thane Mumbra,19.1906,73.0229,1.3,26.3,91.0,3.2
2023-09-02T11:00,2023,Thane Mumbra,19.1906,73.0229,0.5,27.3,85.0,1.4
2023-09-02T12:00,2023,Thane Mumbra,19.1906,73.0229,0.2,27.7,85.0,2.9
2023-09-02T13:00,2023,Thane Mumbra,19.1906,73.0229,0.1,29.1,81.0,7.0
2023-09-02T14:00,2023,Thane Mumbra,19.1906,73.0229,0.1,30.2,76.0,9.1
2023-09-02T15:00,2023,Thane Mumbra,19.1906,73.0229,0.0,29.9,76.0,9.2
2023-09-02T16:00,2023,Thane Mumbra,19.1906,73.0229,0.0,29.4,76.0,10.5
2023-09-02T17:00,2023,Thane Mumbra,19.1906,73.0229,0.1,27.8,81.0,7.7
2023-09-02T18:00,2023,Thane Mumbra,19.1906,73.0229,0.0,27.5,84.0,4.2
2023-09-02T19:00,2023,Thane Mumbra,19.1906,73.0229,0.0,27.3,84.0,2.2
2023-09-02T20:00,2023,Thane Mumbra,19.1906,73.0229,0.0,27.0,85.0,1.8
2023-09-02T21:00,2023,Thane Mumbra,19.1906,73.0229,0.0,26.2,93.0,2.3
2023-09-02T22:00,2023,Thane Mumbra,19.1906,73.0229,0.0,26.1,93.0,2.0
2023-09-02T23:00,2023,Thane Mumbra,19.1906,73.0229,0.0,26.0,94.0,2.9
2023-09-03T00:00,2023,Thane Mumbra,19.1906,73.0229,0.2,25.7,95.0,3.4
2023-09-03T01:00,2023,Thane Mumbra,19.1906,73.0229,0.3,25.5,97.0,1.9
2023-09-03T02:00,2023,Thane Mumbra,19.1906,73.0229,0.2,25.4,97.0,1.8
2023-09-03T03:00,2023,Thane Mumbra,19.1906,73.0229,0.2,25.4,97.0,2.4
2023-09-03T04:00,2023,Thane Mumbra,19.1906,73.0229,0.4,25.2,97.0,3.3
2023-09-03T05:00,2023,Thane Mumbra,19.1906,73.0229,0.4,25.3,94.0,1.6
2023-09-03T06:00,2023,Thane Mumbra,19.1906,73.0229,0.5,25.2,93.0,3.8
2023-09-03T07:00,2023,Thane Mumbra,19.1906,73.0229,0.1,25.4,95.0,4.5
2023-09-03T08:00,2023,Thane Mumbra,19.1906,73.0229,0.1,26.7,89.0,2.4
2023-09-03T09:00,2023,Thane Mumbra,19.1906,73.0229,0.0,27.6,84.0,2.9
2023-09-03T10:00,2023,Thane Mumbra,19.1906,73.0229,0.1,29.1,76.0,4.9
2023-09-03T11:00,2023,Thane Mumbra,19.1906,73.0229,0.5,28.4,77.0,8.4
2023-09-03T12:00,2023,Thane Mumbra,19.1906,73.0229,3.5,27.7,86.0,7.9
2023-09-03T13:00,2023,Thane Mumbra,19.1906,73.0229,0.7,29.4,79.0,9.1
2023-09-03T14:00,2023,Thane Mumbra,19.1906,73.0229,0.1,29.5,74.0,14.2
2023-09-03T15:00,2023,Thane Mumbra,19.1906,73.0229,0.1,29.1,76.0,12.9
2023-09-03T16:00,2023,Thane Mumbra,19.1906,73.0229,0.2,28.7,74.0,12.7
2023-09-03T17:00,2023,Thane Mumbra,19.1906,73.0229,0.0,27.9,77.0,12.0
2023-09-03T18:00,2023,Thane Mumbra,19.1906,73.0229,0.0,27.2,81.0,8.2
2023-09-03T19:00,2023,Thane Mumbra,19.1906,73.0229,0.0,26.7,84.0,5.7
2023-09-03T20:00,2023,Thane Mumbra,19.1906,73.0229,0.0,26.2,92.0,4.3
2023-09-03T21:00,2023,Thane Mumbra,19.1906,73.0229,0.0,26.3,87.0,6.2
2023-09-03T22:00,2023,Thane Mumbra,19.1906,73.0229,5.4,25.2,92.0,6.3
2023-09-03T23:00,2023,Thane Mumbra,19.1906,73.0229,6.7,24.4,96.0,4.0
2023-09-04T00:00,2023,Thane Mumbra,19.1906,73.0229,0.3,24.2,97.0,1.1
2023-09-04T01:00,2023,Thane Mumbra,19.1906,73.0229,0.1,24.3,97.0,4.0
2023-09-04T02:00,2023,Thane Mumbra,19.1906,73.0229,0.1,24.1,97.0,0.7
2023-09-04T03:00,2023,Thane Mumbra,19.1906,73.0229,0.0,23.8,98.0,2.9
2023-09-04T04:00,2023,Thane Mumbra,19.1906,73.0229,0.0,24.0,98.0,1.6
2023-09-04T05:00,2023,Thane Mumbra,19.1906,73.0229,0.3,24.1,97.0,3.9
2023-09-04T06:00,2023,Thane Mumbra,19.1906,73.0229,0.1,24.4,94.0,2.6
2023-09-04T07:00,2023,Thane Mumbra,19.1906,73.0229,0.0,25.2,91.0,3.2
2023-09-04T08:00,2023,Thane Mumbra,19.1906,73.0229,0.1,26.6,86.0,4.5
2023-09-04T09:00,2023,Thane Mumbra,19.1906,73.0229,0.1,27.7,82.0,4.3
2023-09-04T10:00,2023,Thane Mumbra,19.1906,73.0229,0.1,28.8,76.0,7.0
2023-09-04T11:00,2023,Thane Mumbra,19.1906,73.0229,0.1,29.8,72.0,7.1
2023-09-04T12:00,2023,Thane Mumbra,19.1906,73.0229,0.2,30.2,69.0,9.4
2023-09-04T13:00,2023,Thane Mumbra,19.1906,73.0229,0.2,30.4,66.0,11.1
2023-09-04T14:00,2023,Thane Mumbra,19.1906,73.0229,0.1,30.2,68.0,13.6
2023-09-04T15:00,2023,Thane Mumbra,19.1906,73.0229,0.1,29.8,69.0,14.2
2023-09-04T16:00,2023,Thane Mumbra,19.1906,73.0229,0.1,29.4,70.0,16.2
2023-09-04T17:00,2023,Thane Mumbra,19.1906,73.0229,0.0,28.9,72.0,13.2
2023-09-04T18:00,2023,Thane Mumbra,19.1906,73.0229,0.0,27.8,78.0,8.6
2023-09-04T19:00,2023,Thane Mumbra,19.1906,73.0229,0.0,26.6,83.0,5.7
2023-09-04T20:00,2023,Thane Mumbra,19.1906,73.0229,0.0,25.5,90.0,7.2
2023-09-04T21:00,2023,Thane Mumbra,19.1906,73.0229,0.0,25.9,86.0,3.9
2023-09-04T22:00,2023,Thane Mumbra,19.1906,73.0229,0.0,25.1,90.0,3.2
2023-09-04T23:00,2023,Thane Mumbra,19.1906,73.0229,0.0,24.6,93.0,4.3
2023-09-05T00:00,2023,Thane Mumbra,19.1906,73.0229,0.0,24.6,92.0,3.6
2023-09-05T01:00,2023,Thane Mumbra,19.1906,73.0229,0.0,24.6,92.0,2.7
2023-09-05T02:00,2023,Thane Mumbra,19.1906,73.0229,0.0,25.0,90.0,1.8
2023-09-05T03:00,2023,Thane Mumbra,19.1906,73.0229,0.0,24.0,95.0,1.8
2023-09-05T04:00,2023,Thane Mumbra,19.1906,73.0229,0.0,23.6,96.0,3.4
2023-09-05T05:00,2023,Thane Mumbra,19.1906,73.0229,0.0,24.1,96.0,2.3
2023-09-05T06:00,2023,Thane Mumbra,19.1906,73.0229,0.1,24.0,98.0,3.9
2023-09-05T07:00,2023,Thane Mumbra,19.1906,73.0229,0.1,25.1,96.0,3.3
2023-09-05T08:00,2023,Thane Mumbra,19.1906,73.0229,0.0,26.7,89.0,4.9
2023-09-05T09:00,2023,Thane Mumbra,19.1906,73.0229,0.0,28.0,81.0,6.6
2023-09-05T10:00,2023,Thane Mumbra,19.1906,73.0229,0.0,29.0,75.0,7.4
2023-09-05T11:00,2023,Thane Mumbra,19.1906,73.0229,0.1,29.5,72.0,8.1
2023-09-05T12:00,2023,Thane Mumbra,19.1906,73.0229,0.1,29.9,69.0,9.6
2023-09-05T13:00,2023,Thane Mumbra,19.1906,73.0229,0.1,30.3,66.0,11.8
2023-09-05T14:00,2023,Thane Mumbra,19.1906,73.0229,0.2,30.2,67.0,13.5
2023-09-05T15:00,2023,Thane Mumbra,19.1906,73.0229,0.4,29.6,71.0,14.8
2023-09-05T16:00,2023,Thane Mumbra,19.1906,73.0229,0.0,29.2,74.0,14.0
2023-09-05T17:00,2023,Thane Mumbra,19.1906,73.0229,0.0,29.0,74.0,12.4
2023-09-05T18:00,2023,Thane Mumbra,19.1906,73.0229,0.0,27.7,81.0,8.7
2023-09-05T19:00,2023,Thane Mumbra,19.1906,73.0229,0.0,26.7,86.0,6.6
2023-09-05T20:00,2023,Thane Mumbra,19.1906,73.0229,0.0,26.0,91.0,4.3
2023-09-05T21:00,2023,Thane Mumbra,19.1906,73.0229,0.0,25.3,94.0,5.8
2023-09-05T22:00,2023,Thane Mumbra,19.1906,73.0229,0.0,25.2,94.0,6.2
2023-09-05T23:00,2023,Thane Mumbra,19.1906,73.0229,0.0,26.1,89.0,3.8
2023-09-06T00:00,2023,Thane Mumbra,19.1906,73.0229,0.0,26.0,89.0,1.8
2023-09-06T01:00,2023,Thane Mumbra,19.1906,73.0229,0.0,25.8,90.0,2.2
2023-09-06T02:00,2023,Thane Mumbra,19.1906,73.0229,0.0,25.7,90.0,3.6
2023-09-06T03:00,2023,Thane Mumbra,19.1906,73.0229,0.0,25.8,89.0,4.1
2023-09-06T04:00,2023,Thane Mumbra,19.1906,73.0229,0.0,24.7,94.0,4.8
2023-09-06T05:00,2023,Thane Mumbra,19.1906,73.0229,0.0,26.0,88.0,4.3
2023-09-06T06:00,2023,Thane Mumbra,19.1906,73.0229,0.0,26.3,86.0,4.0
2023-09-06T07:00,2023,Thane Mumbra,19.1906,73.0229,0.0,26.7,88.0,2.1
2023-09-06T08:00,2023,Thane Mumbra,19.1906,73.0229,0.0,28.1,82.0,5.1
2023-09-06T09:00,2023,Thane Mumbra,19.1906,73.0229,0.0,28.9,77.0,6.1
2023-09-06T10:00,2023,Thane Mumbra,19.1906,73.0229,0.0,29.8,73.0,6.5
2023-09-06T11:00,2023,Thane Mumbra,19.1906,73.0229,0.0,30.5,69.0,8.4
2023-09-06T12:00,2023,Thane Mumbra,19.1906,73.0229,0.1,30.9,67.0,9.9
2023-09-06T13:00,2023,Thane Mumbra,19.1906,73.0229,0.0,31.3,67.0,11.7
2023-09-06T14:00,2023,Thane Mumbra,19.1906,73.0229,0.0,30.9,67.0,14.3
2023-09-06T15:00,2023,Thane Mumbra,19.1906,73.0229,0.0,30.2,69.0,15.4
2023-09-06T16:00,2023,Thane Mumbra,19.1906,73.0229,0.0,29.7,72.0,15.2
2023-09-06T17:00,2023,Thane Mumbra,19.1906,73.0229,0.0,29.1,74.0,11.4
2023-09-06T18:00,2023,Thane Mumbra,19.1906,73.0229,0.0,28.3,79.0,5.8
2023-09-06T19:00,2023,Thane Mumbra,19.1906,73.0229,0.0,27.5,85.0,5.1
2023-09-06T20:00,2023,Thane Mumbra,19.1906,73.0229,0.0,27.2,87.0,5.1
2023-09-06T21:00,2023,Thane Mumbra,19.1906,73.0229,0.0,26.7,90.0,4.9
2023-09-06T22:00,2023,Thane Mumbra,19.1906,73.0229,0.0,26.6,90.0,5.2
2023-09-06T23:00,2023,Thane Mumbra,19.1906,73.0229,0.0,26.5,90.0,6.0
2023-09-07T00:00,2023,Thane Mumbra,19.1906,73.0229,0.0,26.5,88.0,7.4
2023-09-07T01:00,2023,Thane Mumbra,19.1906,73.0229,0.0,26.4,87.0,7.9
2023-09-07T02:00,2023,Thane Mumbra,19.1906,73.0229,0.1,26.1,90.0,4.1
2023-09-07T03:00,2023,Thane Mumbra,19.1906,73.0229,0.1,26.2,87.0,5.4
2023-09-07T04:00,2023,Thane Mumbra,19.1906,73.0229,0.0,26.3,88.0,7.1
2023-09-07T05:00,2023,Thane Mumbra,19.1906,73.0229,0.0,25.5,91.0,4.0
2023-09-07T06:00,2023,Thane Mumbra,19.1906,73.0229,0.3,25.6,93.0,6.4
2023-09-07T07:00,2023,Thane Mumbra,19.1906,73.0229,0.3,25.7,94.0,5.4
2023-09-07T08:00,2023,Thane Mumbra,19.1906,73.0229,0.6,25.0,95.0,6.7
2023-09-07T09:00,2023,Thane Mumbra,19.1906,73.0229,4.3,24.8,97.0,2.5
2023-09-07T10:00,2023,Thane Mumbra,19.1906,73.0229,0.8,25.9,90.0,6.0
2023-09-07T11:00,2023,Thane Mumbra,19.1906,73.0229,0.1,27.4,87.0,9.0
2023-09-07T12:00,2023,Thane Mumbra,19.1906,73.0229,0.5,27.7,83.0,13.8
2023-09-07T13:00,2023,Thane Mumbra,19.1906,73.0229,0.3,28.4,82.0,14.6
2023-09-07T14:00,2023,Thane Mumbra,19.1906,73.0229,0.1,29.2,75.0,17.0
2023-09-07T15:00,2023,Thane Mumbra,19.1906,73.0229,0.0,28.9,73.0,17.2
2023-09-07T16:00,2023,Thane Mumbra,19.1906,73.0229,0.0,27.9,75.0,14.8
2023-09-07T17:00,2023,Thane Mumbra,19.1906,73.0229,0.0,27.5,81.0,11.6
2023-09-07T18:00,2023,Thane Mumbra,19.1906,73.0229,0.0,26.9,85.0,8.2
2023-09-07T19:00,2023,Thane Mumbra,19.1906,73.0229,0.0,26.4,87.0,6.5
2023-09-07T20:00,2023,Thane Mumbra,19.1906,73.0229,0.0,26.3,87.0,7.2
2023-09-07T21:00,2023,Thane Mumbra,19.1906,73.0229,0.0,26.2,88.0,7.9
2023-09-07T22:00,2023,Thane Mumbra,19.1906,73.0229,0.1,26.2,88.0,7.3
2023-09-07T23:00,2023,Thane Mumbra,19.1906,73.0229,0.2,26.0,90.0,5.9
2023-09-08T00:00,2023,Thane Mumbra,19.1906,73.0229,1.8,25.2,96.0,5.2
2023-09-08T01:00,2023,Thane Mumbra,19.1906,73.0229,0.9,25.2,94.0,7.1
2023-09-08T02:00,2023,Thane Mumbra,19.1906,73.0229,0.5,25.3,94.0,5.6
2023-09-08T03:00,2023,Thane Mumbra,19.1906,73.0229,0.4,25.3,95.0,4.0
2023-09-08T04:00,2023,Thane Mumbra,19.1906,73.0229,6.5,25.2,95.0,8.3
2023-09-08T05:00,2023,Thane Mumbra,19.1906,73.0229,0.3,25.6,93.0,4.6
2023-09-08T06:00,2023,Thane Mumbra,19.1906,73.0229,1.7,25.5,94.0,3.1
2023-09-08T07:00,2023,Thane Mumbra,19.1906,73.0229,0.6,26.1,93.0,5.2
2023-09-08T08:00,2023,Thane Mumbra,19.1906,73.0229,4.1,27.0,87.0,9.4
2023-09-08T09:00,2023,Thane Mumbra,19.1906,73.0229,0.2,28.1,85.0,10.1
2023-09-08T10:00,2023,Thane Mumbra,19.1906,73.0229,2.2,27.9,86.0,14.5
2023-09-08T11:00,2023,Thane Mumbra,19.1906,73.0229,8.2,27.4,89.0,16.0
2023-09-08T12:00,2023,Thane Mumbra,19.1906,73.0229,1.8,27.0,90.0,13.8
2023-09-08T13:00,2023,Thane Mumbra,19.1906,73.0229,2.0,26.8,91.0,13.6
2023-09-08T14:00,2023,Thane Mumbra,19.1906,73.0229,3.6,27.1,90.0,16.9
2023-09-08T15:00,2023,Thane Mumbra,19.1906,73.0229,2.3,26.4,93.0,14.2
2023-09-08T16:00,2023,Thane Mumbra,19.1906,73.0229,2.1,26.4,92.0,11.9
2023-09-08T17:00,2023,Thane Mumbra,19.1906,73.0229,0.9,26.0,92.0,11.2
2023-09-08T18:00,2023,Thane Mumbra,19.1906,73.0229,1.3,25.7,93.0,6.2
2023-09-08T19:00,2023,Thane Mumbra,19.1906,73.0229,0.7,25.6,94.0,4.0
2023-09-08T20:00,2023,Thane Mumbra,19.1906,73.0229,0.8,25.6,94.0,3.2
2023-09-08T21:00,2023,Thane Mumbra,19.1906,73.0229,1.4,25.8,94.0,3.5
2023-09-08T22:00,2023,Thane Mumbra,19.1906,73.0229,1.0,26.1,93.0,5.2
2023-09-08T23:00,2023,Thane Mumbra,19.1906,73.0229,0.5,26.2,94.0,7.4
2023-09-09T00:00,2023,Thane Mumbra,19.1906,73.0229,0.1,26.4,93.0,8.2
2023-09-09T01:00,2023,Thane Mumbra,19.1906,73.0229,0.7,26.0,93.0,4.3
2023-09-09T02:00,2023,Thane Mumbra,19.1906,73.0229,0.1,26.2,93.0,7.2
2023-09-09T03:00,2023,Thane Mumbra,19.1906,73.0229,0.2,26.1,92.0,7.5
2023-09-09T04:00,2023,Thane Mumbra,19.1906,73.0229,0.2,26.0,92.0,7.3
2023-09-09T05:00,2023,Thane Mumbra,19.1906,73.0229,0.3,25.9,92.0,5.1
2023-09-09T06:00,2023,Thane Mumbra,19.1906,73.0229,0.1,26.2,91.0,6.0
2023-09-09T07:00,2023,Thane Mumbra,19.1906,73.0229,2.9,24.9,96.0,9.4
2023-09-09T08:00,2023,Thane Mumbra,19.1906,73.0229,1.6,25.4,92.0,3.3
2023-09-09T09:00,2023,Thane Mumbra,19.1906,73.0229,0.5,25.6,93.0,4.6
2023-09-09T10:00,2023,Thane Mumbra,19.1906,73.0229,0.5,26.6,90.0,5.5
2023-09-09T11:00,2023,Thane Mumbra,19.1906,73.0229,1.0,27.0,89.0,8.2
2023-09-09T12:00,2023,Thane Mumbra,19.1906,73.0229,0.3,28.4,85.0,8.6
2023-09-09T13:00,2023,Thane Mumbra,19.1906,73.0229,0.1,30.2,77.0,14.5
2023-09-09T14:00,2023,Thane Mumbra,19.1906,73.0229,2.5,28.4,79.0,14.5
2023-09-09T15:00,2023,Thane Mumbra,19.1906,73.0229,0.3,29.4,78.0,14.4
2023-09-09T16:00,2023,Thane Mumbra,19.1906,73.0229,1.0,27.5,85.0,11.2
2023-09-09T17:00,2023,Thane Mumbra,19.1906,73.0229,0.1,26.4,91.0,4.5
2023-09-09T18:00,2023,Thane Mumbra,19.1906,73.0229,0.0,26.3,92.0,7.0
2023-09-09T19:00,2023,Thane Mumbra,19.1906,73.0229,0.1,25.5,95.0,10.5
2023-09-09T20:00,2023,Thane Mumbra,19.1906,73.0229,0.0,25.1,95.0,11.6
2023-09-09T21:00,2023,Thane Mumbra,19.1906,73.0229,0.0,25.0,95.0,12.5
2023-09-09T22:00,2023,Thane Mumbra,19.1906,73.0229,0.0,24.8,96.0,13.8
2023-09-09T23:00,2023,Thane Mumbra,19.1906,73.0229,0.0,24.9,96.0,13.1
2023-09-10T00:00,2023,Thane Mumbra,19.1906,73.0229,0.1,24.9,97.0,9.8
2023-09-10T01:00,2023,Thane Mumbra,19.1906,73.0229,0.4,25.2,97.0,7.5
2023-09-10T02:00,2023,Thane Mumbra,19.1906,73.0229,0.1,25.4,96.0,6.1
2023-09-10T03:00,2023,Thane Mumbra,19.1906,73.0229,0.2,25.7,93.0,7.3
2023-09-10T04:00,2023,Thane Mumbra,19.1906,73.0229,0.1,25.7,91.0,9.2
2023-09-10T05:00,2023,Thane Mumbra,19.1906,73.0229,0.6,24.6,96.0,6.8
2023-09-10T06:00,2023,Thane Mumbra,19.1906,73.0229,0.1,24.4,96.0,10.7
2023-09-10T07:00,2023,Thane Mumbra,19.1906,73.0229,0.1,25.2,93.0,11.3
2023-09-10T08:00,2023,Thane Mumbra,19.1906,73.0229,0.1,26.2,91.0,10.9
2023-09-10T09:00,2023,Thane Mumbra,19.1906,73.0229,0.3,27.5,86.0,11.7
2023-09-10T10:00,2023,Thane Mumbra,19.1906,73.0229,0.2,28.3,83.0,9.1
2023-09-10T11:00,2023,Thane Mumbra,19.1906,73.0229,0.0,30.1,74.0,12.7
2023-09-10T12:00,2023,Thane Mumbra,19.1906,73.0229,0.0,29.9,73.0,14.2
2023-09-10T13:00,2023,Thane Mumbra,19.1906,73.0229,0.6,28.7,78.0,11.7
2023-09-10T14:00,2023,Thane Mumbra,19.1906,73.0229,1.1,29.4,77.0,13.4
2023-09-10T15:00,2023,Thane Mumbra,19.1906,73.0229,0.1,29.6,77.0,13.8
2023-09-10T16:00,2023,Thane Mumbra,19.1906,73.0229,0.3,29.0,78.0,12.3
2023-09-10T17:00,2023,Thane Mumbra,19.1906,73.0229,0.2,26.9,86.0,11.3
2023-09-10T18:00,2023,Thane Mumbra,19.1906,73.0229,0.2,26.6,91.0,4.2
2023-09-10T19:00,2023,Thane Mumbra,19.1906,73.0229,0.0,26.0,94.0,4.2
2023-09-10T20:00,2023,Thane Mumbra,19.1906,73.0229,0.0,25.7,94.0,6.0
2023-09-10T21:00,2023,Thane Mumbra,19.1906,73.0229,0.0,25.5,94.0,5.4
2023-09-10T22:00,2023,Thane Mumbra,19.1906,73.0229,0.0,25.3,94.0,7.3
2023-09-10T23:00,2023,Thane Mumbra,19.1906,73.0229,0.0,25.1,96.0,7.6
2023-09-11T00:00,2023,Thane Mumbra,19.1906,73.0229,0.0,25.0,97.0,8.6
2023-09-11T01:00,2023,Thane Mumbra,19.1906,73.0229,0.0,24.9,97.0,7.9
2023-09-11T02:00,2023,Thane Mumbra,19.1906,73.0229,0.0,24.9,98.0,7.2
2023-09-11T03:00,2023,Thane Mumbra,19.1906,73.0229,0.1,24.9,97.0,7.0
2023-09-11T04:00,2023,Thane Mumbra,19.1906,73.0229,0.1,25.0,97.0,7.9
2023-09-11T05:00,2023,Thane Mumbra,19.1906,73.0229,0.1,25.2,96.0,7.4
2023-09-11T06:00,2023,Thane Mumbra,19.1906,73.0229,0.1,25.4,94.0,6.6
2023-09-11T07:00,2023,Thane Mumbra,19.1906,73.0229,0.2,25.5,93.0,7.4
2023-09-11T08:00,2023,Thane Mumbra,19.1906,73.0229,0.1,25.9,91.0,7.0
2023-09-11T09:00,2023,Thane Mumbra,19.1906,73.0229,0.2,26.8,87.0,10.2
2023-09-11T10:00,2023,Thane Mumbra,19.1906,73.0229,0.0,28.3,81.0,8.2
2023-09-11T11:00,2023,Thane Mumbra,19.1906,73.0229,0.0,29.3,79.0,8.6
2023-09-11T12:00,2023,Thane Mumbra,19.1906,73.0229,0.0,30.1,74.0,10.9
2023-09-11T13:00,2023,Thane Mumbra,19.1906,73.0229,1.1,28.4,76.0,14.8
2023-09-11T14:00,2023,Thane Mumbra,19.1906,73.0229,0.6,27.6,83.0,13.0
2023-09-11T15:00,2023,Thane Mumbra,19.1906,73.0229,2.3,27.7,78.0,6.8
2023-09-11T16:00,2023,Thane Mumbra,19.1906,73.0229,0.3,27.9,80.0,10.7
2023-09-11T17:00,2023,Thane Mumbra,19.1906,73.0229,0.0,26.1,87.0,6.5
2023-09-11T18:00,2023,Thane Mumbra,19.1906,73.0229,1.3,25.0,92.0,7.4
2023-09-11T19:00,2023,Thane Mumbra,19.1906,73.0229,0.1,24.6,93.0,4.6
2023-09-11T20:00,2023,Thane Mumbra,19.1906,73.0229,0.0,24.2,95.0,6.6
2023-09-11T21:00,2023,Thane Mumbra,19.1906,73.0229,0.0,24.2,95.0,9.7
2023-09-11T22:00,2023,Thane Mumbra,19.1906,73.0229,0.0,23.9,97.0,9.5
2023-09-11T23:00,2023,Thane Mumbra,19.1906,73.0229,0.0,23.8,97.0,9.0
2023-09-12T00:00,2023,Thane Mumbra,19.1906,73.0229,0.0,23.7,96.0,8.7
2023-09-12T01:00,2023,Thane Mumbra,19.1906,73.0229,0.0,23.6,96.0,8.6
2023-09-12T02:00,2023,Thane Mumbra,19.1906,73.0229,0.0,23.6,97.0,8.8
2023-09-12T03:00,2023,Thane Mumbra,19.1906,73.0229,0.0,23.8,97.0,8.3
2023-09-12T04:00,2023,Thane Mumbra,19.1906,73.0229,0.0,23.7,97.0,7.6
2023-09-12T05:00,2023,Thane Mumbra,19.1906,73.0229,0.0,24.1,97.0,7.7
2023-09-12T06:00,2023,Thane Mumbra,19.1906,73.0229,0.0,24.5,96.0,7.2
2023-09-12T07:00,2023,Thane Mumbra,19.1906,73.0229,0.1,25.2,95.0,6.5
2023-09-12T08:00,2023,Thane Mumbra,19.1906,73.0229,0.1,26.6,89.0,6.6
2023-09-12T09:00,2023,Thane Mumbra,19.1906,73.0229,0.5,27.9,82.0,7.1
2023-09-12T10:00,2023,Thane Mumbra,19.1906,73.0229,0.6,29.4,73.0,11.4
2023-09-12T11:00,2023,Thane Mumbra,19.1906,73.0229,0.8,29.9,71.0,14.6
2023-09-12T12:00,2023,Thane Mumbra,19.1906,73.0229,0.4,30.1,71.0,15.5
2023-09-12T13:00,2023,Thane Mumbra,19.1906,73.0229,0.5,30.2,69.0,17.0
2023-09-12T14:00,2023,Thane Mumbra,19.1906,73.0229,0.2,30.0,71.0,17.1
2023-09-12T15:00,2023,Thane Mumbra,19.1906,73.0229,0.1,29.5,71.0,17.0
2023-09-12T16:00,2023,Thane Mumbra,19.1906,73.0229,0.1,29.3,71.0,15.5
2023-09-12T17:00,2023,Thane Mumbra,19.1906,73.0229,0.0,28.5,76.0,11.4
2023-09-12T18:00,2023,Thane Mumbra,19.1906,73.0229,0.0,27.4,81.0,7.3
2023-09-12T19:00,2023,Thane Mumbra,19.1906,73.0229,0.0,26.3,88.0,5.0
2023-09-12T20:00,2023,Thane Mumbra,19.1906,73.0229,0.0,26.1,90.0,5.3
2023-09-12T21:00,2023,Thane Mumbra,19.1906,73.0229,0.0,25.7,92.0,5.1
2023-09-12T22:00,2023,Thane Mumbra,19.1906,73.0229,0.1,25.1,94.0,6.9
2023-09-12T23:00,2023,Thane Mumbra,19.1906,73.0229,0.1,24.9,95.0,7.6
2023-09-13T00:00,2023,Thane Mumbra,19.1906,73.0229,0.0,24.9,95.0,7.6
2023-09-13T01:00,2023,Thane Mumbra,19.1906,73.0229,0.0,24.7,96.0,8.7
2023-09-13T02:00,2023,Thane Mumbra,19.1906,73.0229,0.0,24.5,97.0,9.2
2023-09-13T03:00,2023,Thane Mumbra,19.1906,73.0229,0.0,24.4,97.0,10.1
2023-09-13T04:00,2023,Thane Mumbra,19.1906,73.0229,0.1,24.6,95.0,10.4
2023-09-13T05:00,2023,Thane Mumbra,19.1906,73.0229,0.1,24.5,95.0,4.3
2023-09-13T06:00,2023,Thane Mumbra,19.1906,73.0229,0.2,24.9,96.0,5.8
2023-09-13T07:00,2023,Thane Mumbra,19.1906,73.0229,0.0,25.3,94.0,5.4
2023-09-13T08:00,2023,Thane Mumbra,19.1906,73.0229,0.8,26.3,86.0,6.8
2023-09-13T09:00,2023,Thane Mumbra,19.1906,73.0229,0.2,27.5,84.0,8.4
2023-09-13T10:00,2023,Thane Mumbra,19.1906,73.0229,0.0,28.7,79.0,8.0
2023-09-13T11:00,2023,Thane Mumbra,19.1906,73.0229,0.0,29.3,76.0,9.0
2023-09-13T12:00,2023,Thane Mumbra,19.1906,73.0229,0.4,27.8,77.0,12.5
2023-09-13T13:00,2023,Thane Mumbra,19.1906,73.0229,0.2,28.7,76.0,9.9
2023-09-13T14:00,2023,Thane Mumbra,19.1906,73.0229,0.4,29.0,76.0,11.4
2023-09-13T15:00,2023,Thane Mumbra,19.1906,73.0229,0.3,28.9,74.0,12.2
2023-09-13T16:00,2023,Thane Mumbra,19.1906,73.0229,0.5,27.8,81.0,11.3
2023-09-13T17:00,2023,Thane Mumbra,19.1906,73.0229,0.6,27.5,82.0,7.9
2023-09-13T18:00,2023,Thane Mumbra,19.1906,73.0229,0.0,26.8,87.0,3.3
2023-09-13T19:00,2023,Thane Mumbra,19.1906,73.0229,0.2,25.8,90.0,7.2
2023-09-13T20:00,2023,Thane Mumbra,19.1906,73.0229,0.1,25.3,93.0,5.0
2023-09-13T21:00,2023,Thane Mumbra,19.1906,73.0229,0.0,24.7,96.0,3.6
2023-09-13T22:00,2023,Thane Mumbra,19.1906,73.0229,0.0,24.6,96.0,7.7
2023-09-13T23:00,2023,Thane Mumbra,19.1906,73.0229,0.0,24.5,95.0,8.0
2023-09-14T00:00,2023,Thane Mumbra,19.1906,73.0229,0.0,24.6,95.0,8.5
2023-09-14T01:00,2023,Thane Mumbra,19.1906,73.0229,0.0,24.4,96.0,7.7
2023-09-14T02:00,2023,Thane Mumbra,19.1906,73.0229,0.1,24.6,94.0,9.0
2023-09-14T03:00,2023,Thane Mumbra,19.1906,73.0229,0.1,24.6,94.0,7.6
2023-09-14T04:00,2023,Thane Mumbra,19.1906,73.0229,0.1,24.3,94.0,7.6
2023-09-14T05:00,2023,Thane Mumbra,19.1906,73.0229,0.3,24.3,96.0,9.8
2023-09-14T06:00,2023,Thane Mumbra,19.1906,73.0229,0.3,24.3,94.0,5.0
2023-09-14T07:00,2023,Thane Mumbra,19.1906,73.0229,0.0,24.9,93.0,4.3
2023-09-14T08:00,2023,Thane Mumbra,19.1906,73.0229,0.0,26.1,90.0,6.5
2023-09-14T09:00,2023,Thane Mumbra,19.1906,73.0229,0.0,27.3,84.0,7.3
2023-09-14T10:00,2023,Thane Mumbra,19.1906,73.0229,0.0,28.2,79.0,7.7
2023-09-14T11:00,2023,Thane Mumbra,19.1906,73.0229,0.0,28.8,77.0,7.4
2023-09-14T12:00,2023,Thane Mumbra,19.1906,73.0229,0.0,29.8,73.0,9.2
2023-09-14T13:00,2023,Thane Mumbra,19.1906,73.0229,0.0,29.9,70.0,12.0
2023-09-14T14:00,2023,Thane Mumbra,19.1906,73.0229,0.6,29.5,68.0,13.8
2023-09-14T15:00,2023,Thane Mumbra,19.1906,73.0229,0.8,28.8,73.0,11.4
2023-09-14T16:00,2023,Thane Mumbra,19.1906,73.0229,0.4,28.6,75.0,11.8
2023-09-14T17:00,2023,Thane Mumbra,19.1906,73.0229,0.1,27.9,77.0,9.4
2023-09-14T18:00,2023,Thane Mumbra,19.1906,73.0229,0.0,27.1,83.0,6.1
2023-09-14T19:00,2023,Thane Mumbra,19.1906,73.0229,0.0,26.2,88.0,4.9
2023-09-14T20:00,2023,Thane Mumbra,19.1906,73.0229,0.0,25.9,90.0,4.8
2023-09-14T21:00,2023,Thane Mumbra,19.1906,73.0229,0.0,25.5,91.0,5.4
2023-09-14T22:00,2023,Thane Mumbra,19.1906,73.0229,0.0,25.3,93.0,5.4
2023-09-14T23:00,2023,Thane Mumbra,19.1906,73.0229,0.0,25.0,94.0,4.5
2023-09-15T00:00,2023,Thane Mumbra,19.1906,73.0229,0.1,24.9,94.0,6.7
2023-09-15T01:00,2023,Thane Mumbra,19.1906,73.0229,0.1,24.6,95.0,5.7
2023-09-15T02:00,2023,Thane Mumbra,19.1906,73.0229,0.4,24.6,95.0,2.9
2023-09-15T03:00,2023,Thane Mumbra,19.1906,73.0229,0.1,24.5,96.0,3.6
2023-09-15T04:00,2023,Thane Mumbra,19.1906,73.0229,0.0,24.4,96.0,5.8
2023-09-15T05:00,2023,Thane Mumbra,19.1906,73.0229,0.0,24.4,96.0,3.4
2023-09-15T06:00,2023,Thane Mumbra,19.1906,73.0229,0.3,24.5,95.0,7.3
2023-09-15T07:00,2023,Thane Mumbra,19.1906,73.0229,0.0,25.0,95.0,6.1
2023-09-15T08:00,2023,Thane Mumbra,19.1906,73.0229,0.0,26.3,90.0,8.0
2023-09-15T09:00,2023,Thane Mumbra,19.1906,73.0229,0.2,27.3,85.0,8.0
2023-09-15T10:00,2023,Thane Mumbra,19.1906,73.0229,0.0,28.6,80.0,6.4
2023-09-15T11:00,2023,Thane Mumbra,19.1906,73.0229,0.0,29.8,74.0,7.0
2023-09-15T12:00,2023,Thane Mumbra,19.1906,73.0229,0.1,29.8,71.0,8.9
2023-09-15T13:00,2023,Thane Mumbra,19.1906,73.0229,0.1,29.5,72.0,11.3
2023-09-15T14:00,2023,Thane Mumbra,19.1906,73.0229,0.2,29.7,72.0,12.7
2023-09-15T15:00,2023,Thane Mumbra,19.1906,73.0229,0.1,29.7,70.0,14.7
2023-09-15T16:00,2023,Thane Mumbra,19.1906,73.0229,0.0,29.3,71.0,15.0
2023-09-15T17:00,2023,Thane Mumbra,19.1906,73.0229,0.0,28.6,77.0,9.8
2023-09-15T18:00,2023,Thane Mumbra,19.1906,73.0229,0.1,27.6,80.0,8.1
2023-09-15T19:00,2023,Thane Mumbra,19.1906,73.0229,0.0,26.8,84.0,7.2
2023-09-15T20:00,2023,Thane Mumbra,19.1906,73.0229,0.0,26.4,86.0,6.4
2023-09-15T21:00,2023,Thane Mumbra,19.1906,73.0229,0.0,26.2,88.0,5.0
2023-09-15T22:00,2023,Thane Mumbra,19.1906,73.0229,0.0,26.1,88.0,6.7
2023-09-15T23:00,2023,Thane Mumbra,19.1906,73.0229,0.0,25.7,90.0,5.1
2023-09-16T00:00,2023,Thane Mumbra,19.1906,73.0229,0.1,25.6,90.0,5.2
2023-09-16T01:00,2023,Thane Mumbra,19.1906,73.0229,0.2,25.5,90.0,4.9
2023-09-16T02:00,2023,Thane Mumbra,19.1906,73.0229,0.4,25.5,90.0,4.2
2023-09-16T03:00,2023,Thane Mumbra,19.1906,73.0229,0.2,25.3,91.0,4.8
2023-09-16T04:00,2023,Thane Mumbra,19.1906,73.0229,0.6,25.0,92.0,6.5
2023-09-16T05:00,2023,Thane Mumbra,19.1906,73.0229,0.4,25.2,92.0,8.1
2023-09-16T06:00,2023,Thane Mumbra,19.1906,73.0229,0.5,25.3,93.0,10.5
2023-09-16T07:00,2023,Thane Mumbra,19.1906,73.0229,0.7,24.9,95.0,10.5
2023-09-16T08:00,2023,Thane Mumbra,19.1906,73.0229,1.2,25.0,94.0,7.5
2023-09-16T09:00,2023,Thane Mumbra,19.1906,73.0229,0.7,25.5,92.0,9.7
2023-09-16T10:00,2023,Thane Mumbra,19.1906,73.0229,1.8,24.7,94.0,5.1
2023-09-16T11:00,2023,Thane Mumbra,19.1906,73.0229,1.2,25.3,91.0,3.1
2023-09-16T12:00,2023,Thane Mumbra,19.1906,73.0229,0.6,26.2,90.0,2.9
2023-09-16T13:00,2023,Thane Mumbra,19.1906,73.0229,0.1,27.8,87.0,6.6
2023-09-16T14:00,2023,Thane Mumbra,19.1906,73.0229,0.0,28.6,79.0,14.6
2023-09-16T15:00,2023,Thane Mumbra,19.1906,73.0229,0.2,28.3,81.0,15.2
2023-09-16T16:00,2023,Thane Mumbra,19.1906,73.0229,0.2,28.2,81.0,13.8
2023-09-16T17:00,2023,Thane Mumbra,19.1906,73.0229,0.4,27.9,80.0,13.4
2023-09-16T18:00,2023,Thane Mumbra,19.1906,73.0229,0.0,27.2,83.0,11.1
2023-09-16T19:00,2023,Thane Mumbra,19.1906,73.0229,0.0,26.8,84.0,10.7
2023-09-16T20:00,2023,Thane Mumbra,19.1906,73.0229,0.1,26.4,84.0,8.7
2023-09-16T21:00,2023,Thane Mumbra,19.1906,73.0229,0.4,26.6,84.0,10.5
2023-09-16T22:00,2023,Thane Mumbra,19.1906,73.0229,0.0,26.9,85.0,13.8
2023-09-16T23:00,2023,Thane Mumbra,19.1906,73.0229,0.0,26.7,85.0,12.6
2023-09-17T00:00,2023,Thane Mumbra,19.1906,73.0229,0.0,26.4,86.0,14.3
2023-09-17T01:00,2023,Thane Mumbra,19.1906,73.0229,0.0,26.5,86.0,13.3
2023-09-17T02:00,2023,Thane Mumbra,19.1906,73.0229,0.1,26.2,87.0,13.9
2023-09-17T03:00,2023,Thane Mumbra,19.1906,73.0229,0.1,25.9,87.0,11.0
2023-09-17T04:00,2023,Thane Mumbra,19.1906,73.0229,0.3,25.8,87.0,12.0
2023-09-17T05:00,2023,Thane Mumbra,19.1906,73.0229,0.2,25.7,89.0,9.2
2023-09-17T06:00,2023,Thane Mumbra,19.1906,73.0229,0.3,25.4,88.0,7.4
2023-09-17T07:00,2023,Thane Mumbra,19.1906,73.0229,0.7,25.6,88.0,10.6
2023-09-17T08:00,2023,Thane Mumbra,19.1906,73.0229,0.1,27.2,84.0,13.5
2023-09-17T09:00,2023,Thane Mumbra,19.1906,73.0229,0.5,27.0,82.0,17.7
2023-09-17T10:00,2023,Thane Mumbra,19.1906,73.0229,0.3,27.3,81.0,13.4
2023-09-17T11:00,2023,Thane Mumbra,19.1906,73.0229,1.0,27.2,83.0,18.0
2023-09-17T12:00,2023,Thane Mumbra,19.1906,73.0229,0.3,28.5,79.0,17.1
2023-09-17T13:00,2023,Thane Mumbra,19.1906,73.0229,0.4,28.5,80.0,17.5
2023-09-17T14:00,2023,Thane Mumbra,19.1906,73.0229,0.0,29.6,73.0,20.7
2023-09-17T15:00,2023,Thane Mumbra,19.1906,73.0229,0.2,28.4,77.0,18.2
2023-09-17T16:00,2023,Thane Mumbra,19.1906,73.0229,0.3,28.4,77.0,18.8
2023-09-17T17:00,2023,Thane Mumbra,19.1906,73.0229,0.1,27.8,79.0,14.4
2023-09-17T18:00,2023,Thane Mumbra,19.1906,73.0229,0.4,27.0,83.0,11.7
2023-09-17T19:00,2023,Thane Mumbra,19.1906,73.0229,0.2,25.6,86.0,10.8
2023-09-17T20:00,2023,Thane Mumbra,19.1906,73.0229,0.1,25.8,88.0,12.9
2023-09-17T21:00,2023,Thane Mumbra,19.1906,73.0229,0.1,25.4,90.0,12.9
2023-09-17T22:00,2023,Thane Mumbra,19.1906,73.0229,0.3,24.8,92.0,11.6
2023-09-17T23:00,2023,Thane Mumbra,19.1906,73.0229,0.2,24.7,92.0,11.6
2023-09-18T00:00,2023,Thane Mumbra,19.1906,73.0229,0.4,24.1,95.0,13.4
2023-09-18T01:00,2023,Thane Mumbra,19.1906,73.0229,0.2,23.8,97.0,12.2
2023-09-18T02:00,2023,Thane Mumbra,19.1906,73.0229,0.5,24.2,95.0,13.4
2023-09-18T03:00,2023,Thane Mumbra,19.1906,73.0229,0.3,24.4,95.0,11.5
2023-09-18T04:00,2023,Thane Mumbra,19.1906,73.0229,0.9,24.3,96.0,12.2
2023-09-18T05:00,2023,Thane Mumbra,19.1906,73.0229,2.4,23.7,98.0,9.3
2023-09-18T06:00,2023,Thane Mumbra,19.1906,73.0229,0.0,24.3,95.0,10.0
2023-09-18T07:00,2023,Thane Mumbra,19.1906,73.0229,0.9,24.6,95.0,16.9
2023-09-18T08:00,2023,Thane Mumbra,19.1906,73.0229,0.4,25.7,90.0,14.7
2023-09-18T09:00,2023,Thane Mumbra,19.1906,73.0229,1.2,26.2,86.0,14.3
2023-09-18T10:00,2023,Thane Mumbra,19.1906,73.0229,1.4,26.3,87.0,15.6
2023-09-18T11:00,2023,Thane Mumbra,19.1906,73.0229,0.8,27.2,82.0,14.6
2023-09-18T12:00,2023,Thane Mumbra,19.1906,73.0229,0.4,28.2,81.0,18.3
2023-09-18T13:00,2023,Thane Mumbra,19.1906,73.0229,1.6,26.3,88.0,16.8
2023-09-18T14:00,2023,Thane Mumbra,19.1906,73.0229,0.4,26.7,84.0,17.7
2023-09-18T15:00,2023,Thane Mumbra,19.1906,73.0229,0.2,26.7,84.0,17.8
2023-09-18T16:00,2023,Thane Mumbra,19.1906,73.0229,0.5,26.3,86.0,17.3
2023-09-18T17:00,2023,Thane Mumbra,19.1906,73.0229,1.1,25.5,92.0,12.0
2023-09-18T18:00,2023,Thane Mumbra,19.1906,73.0229,0.5,25.8,94.0,11.3
2023-09-18T19:00,2023,Thane Mumbra,19.1906,73.0229,1.8,24.7,96.0,13.5
2023-09-18T20:00,2023,Thane Mumbra,19.1906,73.0229,7.8,24.5,96.0,7.0
2023-09-18T21:00,2023,Thane Mumbra,19.1906,73.0229,1.4,25.0,96.0,8.0
2023-09-18T22:00,2023,Thane Mumbra,19.1906,73.0229,1.3,25.0,95.0,11.8
2023-09-18T23:00,2023,Thane Mumbra,19.1906,73.0229,0.7,24.9,95.0,14.8
2023-09-19T00:00,2023,Thane Mumbra,19.1906,73.0229,0.7,24.3,96.0,13.4
2023-09-19T01:00,2023,Thane Mumbra,19.1906,73.0229,0.4,24.2,96.0,13.8
2023-09-19T02:00,2023,Thane Mumbra,19.1906,73.0229,0.6,24.4,95.0,14.4
2023-09-19T03:00,2023,Thane Mumbra,19.1906,73.0229,1.1,24.4,96.0,14.3
2023-09-19T04:00,2023,Thane Mumbra,19.1906,73.0229,0.5,24.4,96.0,13.7
2023-09-19T05:00,2023,Thane Mumbra,19.1906,73.0229,0.2,24.9,94.0,14.1
2023-09-19T06:00,2023,Thane Mumbra,19.1906,73.0229,0.3,24.8,94.0,11.2
2023-09-19T07:00,2023,Thane Mumbra,19.1906,73.0229,0.4,25.2,94.0,14.1
2023-09-19T08:00,2023,Thane Mumbra,19.1906,73.0229,0.7,25.5,93.0,15.7
2023-09-19T09:00,2023,Thane Mumbra,19.1906,73.0229,0.9,26.2,89.0,16.4
2023-09-19T10:00,2023,Thane Mumbra,19.1906,73.0229,0.3,27.9,83.0,15.7
2023-09-19T11:00,2023,Thane Mumbra,19.1906,73.0229,0.3,28.1,82.0,18.0
2023-09-19T12:00,2023,Thane Mumbra,19.1906,73.0229,0.8,27.9,80.0,19.3
2023-09-19T13:00,2023,Thane Mumbra,19.1906,73.0229,0.3,28.5,80.0,19.6
2023-09-19T14:00,2023,Thane Mumbra,19.1906,73.0229,0.5,28.7,80.0,19.4
2023-09-19T15:00,2023,Thane Mumbra,19.1906,73.0229,0.4,28.1,79.0,20.6
2023-09-19T16:00,2023,Thane Mumbra,19.1906,73.0229,0.2,27.8,83.0,17.4
2023-09-19T17:00,2023,Thane Mumbra,19.1906,73.0229,0.2,27.4,82.0,13.6
2023-09-19T18:00,2023,Thane Mumbra,19.1906,73.0229,0.3,26.7,86.0,12.4
2023-09-19T19:00,2023,Thane Mumbra,19.1906,73.0229,0.6,25.8,91.0,16.7
2023-09-19T20:00,2023,Thane Mumbra,19.1906,73.0229,0.2,25.2,93.0,12.4
2023-09-19T21:00,2023,Thane Mumbra,19.1906,73.0229,0.0,25.4,93.0,14.0
2023-09-19T22:00,2023,Thane Mumbra,19.1906,73.0229,0.0,25.3,92.0,14.8
2023-09-19T23:00,2023,Thane Mumbra,19.1906,73.0229,0.0,25.2,92.0,14.5
2023-09-20T00:00,2023,Thane Mumbra,19.1906,73.0229,0.0,25.1,93.0,13.7
2023-09-20T01:00,2023,Thane Mumbra,19.1906,73.0229,0.2,25.1,93.0,13.4
2023-09-20T02:00,2023,Thane Mumbra,19.1906,73.0229,0.2,25.0,93.0,13.7
2023-09-20T03:00,2023,Thane Mumbra,19.1906,73.0229,0.2,24.8,94.0,14.1
2023-09-20T04:00,2023,Thane Mumbra,19.1906,73.0229,0.3,24.8,95.0,11.5
2023-09-20T05:00,2023,Thane Mumbra,19.1906,73.0229,0.4,25.4,94.0,9.7
2023-09-20T06:00,2023,Thane Mumbra,19.1906,73.0229,0.1,25.7,94.0,11.7
2023-09-20T07:00,2023,Thane Mumbra,19.1906,73.0229,0.2,25.8,94.0,13.5
2023-09-20T08:00,2023,Thane Mumbra,19.1906,73.0229,0.2,26.6,89.0,15.6
2023-09-20T09:00,2023,Thane Mumbra,19.1906,73.0229,0.2,27.1,88.0,14.8
2023-09-20T10:00,2023,Thane Mumbra,19.1906,73.0229,0.2,27.7,86.0,14.4
2023-09-20T11:00,2023,Thane Mumbra,19.1906,73.0229,0.7,28.9,79.0,18.4
2023-09-20T12:00,2023,Thane Mumbra,19.1906,73.0229,1.6,28.8,82.0,16.7
2023-09-20T13:00,2023,Thane Mumbra,19.1906,73.0229,5.2,28.3,84.0,17.4
2023-09-20T14:00,2023,Thane Mumbra,19.1906,73.0229,1.1,27.6,83.0,19.2
2023-09-20T15:00,2023,Thane Mumbra,19.1906,73.0229,0.3,27.7,84.0,17.1
2023-09-20T16:00,2023,Thane Mumbra,19.1906,73.0229,0.3,26.7,87.0,13.5
2023-09-20T17:00,2023,Thane Mumbra,19.1906,73.0229,0.2,27.0,86.0,13.5
2023-09-20T18:00,2023,Thane Mumbra,19.1906,73.0229,0.1,26.5,89.0,13.5
2023-09-20T19:00,2023,Thane Mumbra,19.1906,73.0229,0.4,25.9,91.0,10.8
2023-09-20T20:00,2023,Thane Mumbra,19.1906,73.0229,0.3,25.4,94.0,12.0
2023-09-20T21:00,2023,Thane Mumbra,19.1906,73.0229,0.3,25.3,95.0,11.5
2023-09-20T22:00,2023,Thane Mumbra,19.1906,73.0229,0.1,25.3,95.0,10.8
2023-09-20T23:00,2023,Thane Mumbra,19.1906,73.0229,0.0,25.2,94.0,10.5
2023-09-21T00:00,2023,Thane Mumbra,19.1906,73.0229,0.2,25.0,95.0,11.0
2023-09-21T01:00,2023,Thane Mumbra,19.1906,73.0229,0.3,24.9,96.0,11.0
2023-09-21T02:00,2023,Thane Mumbra,19.1906,73.0229,0.3,24.8,96.0,10.8
2023-09-21T03:00,2023,Thane Mumbra,19.1906,73.0229,0.1,24.8,96.0,9.6
2023-09-21T04:00,2023,Thane Mumbra,19.1906,73.0229,0.1,24.8,96.0,9.1
2023-09-21T05:00,2023,Thane Mumbra,19.1906,73.0229,0.1,25.1,97.0,7.4
2023-09-21T06:00,2023,Thane Mumbra,19.1906,73.0229,0.1,25.6,95.0,7.7
2023-09-21T07:00,2023,Thane Mumbra,19.1906,73.0229,0.0,26.0,94.0,9.1
2023-09-21T08:00,2023,Thane Mumbra,19.1906,73.0229,0.1,27.0,89.0,9.8
2023-09-21T09:00,2023,Thane Mumbra,19.1906,73.0229,0.1,27.8,86.0,10.9
2023-09-21T10:00,2023,Thane Mumbra,19.1906,73.0229,0.1,28.8,82.0,11.4
2023-09-21T11:00,2023,Thane Mumbra,19.1906,73.0229,0.1,29.3,78.0,12.9
2023-09-21T12:00,2023,Thane Mumbra,19.1906,73.0229,6.8,27.2,87.0,8.8
2023-09-21T13:00,2023,Thane Mumbra,19.1906,73.0229,0.2,28.6,83.0,13.3
2023-09-21T14:00,2023,Thane Mumbra,19.1906,73.0229,1.6,28.3,84.0,11.2
2023-09-21T15:00,2023,Thane Mumbra,19.1906,73.0229,2.8,26.6,88.0,13.7
2023-09-21T16:00,2023,Thane Mumbra,19.1906,73.0229,0.4,27.1,86.0,10.1
2023-09-21T17:00,2023,Thane Mumbra,19.1906,73.0229,0.9,27.2,87.0,11.0
2023-09-21T18:00,2023,Thane Mumbra,19.1906,73.0229,0.1,26.4,91.0,4.5
2023-09-21T19:00,2023,Thane Mumbra,19.1906,73.0229,0.7,26.1,92.0,5.9
2023-09-21T20:00,2023,Thane Mumbra,19.1906,73.0229,0.1,26.1,93.0,4.2
2023-09-21T21:00,2023,Thane Mumbra,19.1906,73.0229,3.1,25.4,96.0,8.5
2023-09-21T22:00,2023,Thane Mumbra,19.1906,73.0229,1.6,25.3,97.0,5.4
2023-09-21T23:00,2023,Thane Mumbra,19.1906,73.0229,0.1,25.2,96.0,5.0
2023-09-22T00:00,2023,Thane Mumbra,19.1906,73.0229,0.0,25.2,96.0,3.4
2023-09-22T01:00,2023,Thane Mumbra,19.1906,73.0229,0.0,25.4,94.0,4.0
2023-09-22T02:00,2023,Thane Mumbra,19.1906,73.0229,0.1,25.3,96.0,6.6
2023-09-22T03:00,2023,Thane Mumbra,19.1906,73.0229,0.1,25.3,96.0,6.9
2023-09-22T04:00,2023,Thane Mumbra,19.1906,73.0229,0.1,25.3,96.0,6.5
2023-09-22T05:00,2023,Thane Mumbra,19.1906,73.0229,0.1,25.0,96.0,5.4
2023-09-22T06:00,2023,Thane Mumbra,19.1906,73.0229,0.1,25.1,95.0,5.4
2023-09-22T07:00,2023,Thane Mumbra,19.1906,73.0229,0.0,25.5,94.0,4.7
2023-09-22T08:00,2023,Thane Mumbra,19.1906,73.0229,0.2,26.1,92.0,4.5
2023-09-22T09:00,2023,Thane Mumbra,19.1906,73.0229,0.8,26.7,89.0,6.1
2023-09-22T10:00,2023,Thane Mumbra,19.1906,73.0229,0.0,27.1,87.0,8.1
2023-09-22T11:00,2023,Thane Mumbra,19.1906,73.0229,0.1,27.5,86.0,5.1
2023-09-22T12:00,2023,Thane Mumbra,19.1906,73.0229,0.2,27.9,85.0,7.3
2023-09-22T13:00,2023,Thane Mumbra,19.1906,73.0229,0.3,28.5,83.0,6.9
2023-09-22T14:00,2023,Thane Mumbra,19.1906,73.0229,0.2,28.7,82.0,7.7
2023-09-22T15:00,2023,Thane Mumbra,19.1906,73.0229,5.2,28.0,83.0,7.1
2023-09-22T16:00,2023,Thane Mumbra,19.1906,73.0229,2.3,27.4,84.0,4.5
2023-09-22T17:00,2023,Thane Mumbra,19.1906,73.0229,0.4,27.4,90.0,5.2
2023-09-22T18:00,2023,Thane Mumbra,19.1906,73.0229,4.6,25.9,94.0,6.1
2023-09-22T19:00,2023,Thane Mumbra,19.1906,73.0229,4.9,25.3,96.0,3.5
2023-09-22T20:00,2023,Thane Mumbra,19.1906,73.0229,0.1,25.4,95.0,4.3
2023-09-22T21:00,2023,Thane Mumbra,19.1906,73.0229,0.2,25.3,95.0,3.6
2023-09-22T22:00,2023,Thane Mumbra,19.1906,73.0229,0.2,25.0,95.0,5.4
2023-09-22T23:00,2023,Thane Mumbra,19.1906,73.0229,0.2,24.8,95.0,4.4
2023-09-23T00:00,2023,Thane Mumbra,19.1906,73.0229,0.1,24.6,95.0,4.2
2023-09-23T01:00,2023,Thane Mumbra,19.1906,73.0229,0.1,24.4,96.0,4.7
2023-09-23T02:00,2023,Thane Mumbra,19.1906,73.0229,0.2,24.4,96.0,4.2
2023-09-23T03:00,2023,Thane Mumbra,19.1906,73.0229,4.4,24.2,96.0,3.3
2023-09-23T04:00,2023,Thane Mumbra,19.1906,73.0229,0.8,24.2,96.0,6.8
2023-09-23T05:00,2023,Thane Mumbra,19.1906,73.0229,2.7,24.7,97.0,4.7
2023-09-23T06:00,2023,Thane Mumbra,19.1906,73.0229,0.4,24.7,97.0,3.9
2023-09-23T07:00,2023,Thane Mumbra,19.1906,73.0229,0.2,25.0,95.0,4.1
2023-09-23T08:00,2023,Thane Mumbra,19.1906,73.0229,0.1,26.3,89.0,2.9
2023-09-23T09:00,2023,Thane Mumbra,19.1906,73.0229,0.1,27.6,84.0,3.3
2023-09-23T10:00,2023,Thane Mumbra,19.1906,73.0229,0.2,28.5,82.0,4.2
2023-09-23T11:00,2023,Thane Mumbra,19.1906,73.0229,0.2,29.6,77.0,2.0
2023-09-23T12:00,2023,Thane Mumbra,19.1906,73.0229,7.1,28.2,82.0,11.5
2023-09-23T13:00,2023,Thane Mumbra,19.1906,73.0229,6.9,26.3,91.0,13.2
2023-09-23T14:00,2023,Thane Mumbra,19.1906,73.0229,3.0,26.2,91.0,10.7
2023-09-23T15:00,2023,Thane Mumbra,19.1906,73.0229,1.4,26.3,91.0,9.0
2023-09-23T16:00,2023,Thane Mumbra,19.1906,73.0229,1.6,26.2,91.0,7.9
2023-09-23T17:00,2023,Thane Mumbra,19.1906,73.0229,0.8,25.9,93.0,5.3
2023-09-23T18:00,2023,Thane Mumbra,19.1906,73.0229,1.5,25.5,94.0,2.2
2023-09-23T19:00,2023,Thane Mumbra,19.1906,73.0229,1.5,25.2,96.0,2.9
2023-09-23T20:00,2023,Thane Mumbra,19.1906,73.0229,1.7,25.2,96.0,5.4
2023-09-23T21:00,2023,Thane Mumbra,19.1906,73.0229,1.9,25.1,96.0,3.3
2023-09-23T22:00,2023,Thane Mumbra,19.1906,73.0229,2.4,24.9,98.0,3.9
2023-09-23T23:00,2023,Thane Mumbra,19.1906,73.0229,1.5,24.8,97.0,4.2
2023-09-24T00:00,2023,Thane Mumbra,19.1906,73.0229,1.8,24.7,97.0,3.7
2023-09-24T01:00,2023,Thane Mumbra,19.1906,73.0229,1.8,24.6,97.0,4.6
2023-09-24T02:00,2023,Thane Mumbra,19.1906,73.0229,1.8,24.5,96.0,5.7
2023-09-24T03:00,2023,Thane Mumbra,19.1906,73.0229,1.2,24.4,98.0,5.7
2023-09-24T04:00,2023,Thane Mumbra,19.1906,73.0229,2.2,24.0,98.0,8.7
2023-09-24T05:00,2023,Thane Mumbra,19.1906,73.0229,2.4,24.1,96.0,4.6
2023-09-24T06:00,2023,Thane Mumbra,19.1906,73.0229,0.5,24.1,96.0,4.8
2023-09-24T07:00,2023,Thane Mumbra,19.1906,73.0229,2.0,24.0,96.0,7.8
2023-09-24T08:00,2023,Thane Mumbra,19.1906,73.0229,0.1,25.2,91.0,7.6
2023-09-24T09:00,2023,Thane Mumbra,19.1906,73.0229,0.1,26.4,87.0,7.6
2023-09-24T10:00,2023,Thane Mumbra,19.1906,73.0229,0.1,27.1,86.0,6.6
2023-09-24T11:00,2023,Thane Mumbra,19.1906,73.0229,0.1,28.4,81.0,6.1
2023-09-24T12:00,2023,Thane Mumbra,19.1906,73.0229,0.0,29.5,76.0,6.4
2023-09-24T13:00,2023,Thane Mumbra,19.1906,73.0229,0.1,29.2,76.0,8.5
2023-09-24T14:00,2023,Thane Mumbra,19.1906,73.0229,4.6,27.4,86.0,8.4
2023-09-24T15:00,2023,Thane Mumbra,19.1906,73.0229,0.7,27.9,85.0,8.9
2023-09-24T16:00,2023,Thane Mumbra,19.1906,73.0229,1.3,27.1,86.0,7.8
2023-09-24T17:00,2023,Thane Mumbra,19.1906,73.0229,0.2,26.6,87.0,6.2
2023-09-24T18:00,2023,Thane Mumbra,19.1906,73.0229,0.2,26.3,89.0,4.8
2023-09-24T19:00,2023,Thane Mumbra,19.1906,73.0229,0.1,25.7,94.0,3.3
2023-09-24T20:00,2023,Thane Mumbra,19.1906,73.0229,0.1,25.6,95.0,2.8
2023-09-24T21:00,2023,Thane Mumbra,19.1906,73.0229,0.1,25.4,96.0,4.3
2023-09-24T22:00,2023,Thane Mumbra,19.1906,73.0229,0.5,25.2,96.0,5.7
2023-09-24T23:00,2023,Thane Mumbra,19.1906,73.0229,1.2,25.1,96.0,6.2
2023-09-25T00:00,2023,Thane Mumbra,19.1906,73.0229,1.5,24.9,96.0,6.8
2023-09-25T01:00,2023,Thane Mumbra,19.1906,73.0229,1.2,24.9,97.0,6.2
2023-09-25T02:00,2023,Thane Mumbra,19.1906,73.0229,2.7,24.5,97.0,3.4
2023-09-25T03:00,2023,Thane Mumbra,19.1906,73.0229,4.1,24.3,97.0,4.7
2023-09-25T04:00,2023,Thane Mumbra,19.1906,73.0229,6.5,23.9,97.0,3.6
2023-09-25T05:00,2023,Thane Mumbra,19.1906,73.0229,6.5,24.5,97.0,4.7
2023-09-25T06:00,2023,Thane Mumbra,19.1906,73.0229,0.0,24.5,97.0,3.6
2023-09-25T07:00,2023,Thane Mumbra,19.1906,73.0229,0.0,25.2,96.0,5.4
2023-09-25T08:00,2023,Thane Mumbra,19.1906,73.0229,0.0,26.7,88.0,9.1
2023-09-25T09:00,2023,Thane Mumbra,19.1906,73.0229,0.1,27.3,87.0,8.6
2023-09-25T10:00,2023,Thane Mumbra,19.1906,73.0229,0.1,28.7,81.0,9.3
2023-09-25T11:00,2023,Thane Mumbra,19.1906,73.0229,0.1,29.4,77.0,10.2
2023-09-25T12:00,2023,Thane Mumbra,19.1906,73.0229,0.2,28.3,81.0,9.4
2023-09-25T13:00,2023,Thane Mumbra,19.1906,73.0229,0.3,28.6,79.0,8.6
2023-09-25T14:00,2023,Thane Mumbra,19.1906,73.0229,0.1,29.3,79.0,8.8
2023-09-25T15:00,2023,Thane Mumbra,19.1906,73.0229,0.2,28.5,79.0,10.2
2023-09-25T16:00,2023,Thane Mumbra,19.1906,73.0229,0.1,28.0,81.0,6.8
2023-09-25T17:00,2023,Thane Mumbra,19.1906,73.0229,1.4,28.0,80.0,9.1
2023-09-25T18:00,2023,Thane Mumbra,19.1906,73.0229,0.5,26.5,87.0,6.0
2023-09-25T19:00,2023,Thane Mumbra,19.1906,73.0229,2.2,25.2,95.0,5.4
2023-09-25T20:00,2023,Thane Mumbra,19.1906,73.0229,0.1,25.0,95.0,7.9
2023-09-25T21:00,2023,Thane Mumbra,19.1906,73.0229,0.0,25.0,95.0,4.6
2023-09-25T22:00,2023,Thane Mumbra,19.1906,73.0229,0.0,24.4,97.0,3.9
2023-09-25T23:00,2023,Thane Mumbra,19.1906,73.0229,0.0,23.9,98.0,5.0
2023-09-26T00:00,2023,Thane Mumbra,19.1906,73.0229,0.0,24.0,96.0,4.7
2023-09-26T01:00,2023,Thane Mumbra,19.1906,73.0229,0.0,24.3,95.0,3.3
2023-09-26T02:00,2023,Thane Mumbra,19.1906,73.0229,0.0,24.2,95.0,2.6
2023-09-26T03:00,2023,Thane Mumbra,19.1906,73.0229,0.0,24.0,96.0,3.0
2023-09-26T04:00,2023,Thane Mumbra,19.1906,73.0229,0.0,23.5,97.0,4.2
2023-09-26T05:00,2023,Thane Mumbra,19.1906,73.0229,0.0,24.5,99.0,3.0
2023-09-26T06:00,2023,Thane Mumbra,19.1906,73.0229,0.0,24.5,99.0,2.3
2023-09-26T07:00,2023,Thane Mumbra,19.1906,73.0229,0.0,25.2,95.0,3.8
2023-09-26T08:00,2023,Thane Mumbra,19.1906,73.0229,0.0,26.5,89.0,6.9
2023-09-26T09:00,2023,Thane Mumbra,19.1906,73.0229,0.1,27.9,83.0,3.8
2023-09-26T10:00,2023,Thane Mumbra,19.1906,73.0229,0.0,29.0,81.0,4.2
2023-09-26T11:00,2023,Thane Mumbra,19.1906,73.0229,0.0,30.1,75.0,5.8
2023-09-26T12:00,2023,Thane Mumbra,19.1906,73.0229,0.0,30.4,74.0,7.8
2023-09-26T13:00,2023,Thane Mumbra,19.1906,73.0229,0.0,29.4,78.0,7.4
2023-09-26T14:00,2023,Thane Mumbra,19.1906,73.0229,0.4,29.2,79.0,4.8
2023-09-26T15:00,2023,Thane Mumbra,19.1906,73.0229,0.3,28.3,82.0,8.3
2023-09-26T16:00,2023,Thane Mumbra,19.1906,73.0229,0.1,28.7,80.0,6.9
2023-09-26T17:00,2023,Thane Mumbra,19.1906,73.0229,0.3,28.8,80.0,3.7
2023-09-26T18:00,2023,Thane Mumbra,19.1906,73.0229,3.3,26.2,93.0,8.0
2023-09-26T19:00,2023,Thane Mumbra,19.1906,73.0229,0.2,25.8,94.0,3.9
2023-09-26T20:00,2023,Thane Mumbra,19.1906,73.0229,0.1,25.3,95.0,3.6
2023-09-26T21:00,2023,Thane Mumbra,19.1906,73.0229,0.1,25.1,95.0,2.6
2023-09-26T22:00,2023,Thane Mumbra,19.1906,73.0229,0.0,24.9,96.0,1.6
2023-09-26T23:00,2023,Thane Mumbra,19.1906,73.0229,0.0,24.3,98.0,3.2
2023-09-27T00:00,2023,Thane Mumbra,19.1906,73.0229,0.0,24.7,98.0,2.3
2023-09-27T01:00,2023,Thane Mumbra,19.1906,73.0229,0.0,24.5,98.0,2.9
2023-09-27T02:00,2023,Thane Mumbra,19.1906,73.0229,0.0,24.3,99.0,1.5
2023-09-27T03:00,2023,Thane Mumbra,19.1906,73.0229,0.0,24.3,98.0,0.4
2023-09-27T04:00,2023,Thane Mumbra,19.1906,73.0229,0.0,24.3,99.0,1.0
2023-09-27T05:00,2023,Thane Mumbra,19.1906,73.0229,0.0,23.9,100.0,11.1
2023-09-27T06:00,2023,Thane Mumbra,19.1906,73.0229,2.8,24.1,97.0,7.1
2023-09-27T07:00,2023,Thane Mumbra,19.1906,73.0229,1.0,24.6,96.0,6.1
2023-09-27T08:00,2023,Thane Mumbra,19.1906,73.0229,0.5,25.3,93.0,5.2
2023-09-27T09:00,2023,Thane Mumbra,19.1906,73.0229,0.1,26.2,91.0,2.1
2023-09-27T10:00,2023,Thane Mumbra,19.1906,73.0229,0.0,28.5,84.0,2.6
2023-09-27T11:00,2023,Thane Mumbra,19.1906,73.0229,0.2,30.2,78.0,6.9
2023-09-27T12:00,2023,Thane Mumbra,19.1906,73.0229,1.4,29.7,78.0,12.5
2023-09-27T13:00,2023,Thane Mumbra,19.1906,73.0229,2.7,28.9,83.0,12.0
2023-09-27T14:00,2023,Thane Mumbra,19.1906,73.0229,2.2,28.1,81.0,12.6
2023-09-27T15:00,2023,Thane Mumbra,19.1906,73.0229,0.8,27.1,88.0,3.7
2023-09-27T16:00,2023,Thane Mumbra,19.1906,73.0229,2.4,26.6,92.0,5.3
2023-09-27T17:00,2023,Thane Mumbra,19.1906,73.0229,1.4,26.9,87.0,2.7
2023-09-27T18:00,2023,Thane Mumbra,19.1906,73.0229,1.2,26.2,93.0,2.9
2023-09-27T19:00,2023,Thane Mumbra,19.1906,73.0229,0.8,25.8,94.0,3.7
2023-09-27T20:00,2023,Thane Mumbra,19.1906,73.0229,0.9,25.4,95.0,3.2
2023-09-27T21:00,2023,Thane Mumbra,19.1906,73.0229,0.0,25.1,94.0,3.9
2023-09-27T22:00,2023,Thane Mumbra,19.1906,73.0229,0.0,24.7,96.0,4.7
2023-09-27T23:00,2023,Thane Mumbra,19.1906,73.0229,0.0,25.1,94.0,3.8
2023-09-28T00:00,2023,Thane Mumbra,19.1906,73.0229,0.0,25.3,93.0,1.3
2023-09-28T01:00,2023,Thane Mumbra,19.1906,73.0229,0.0,24.1,98.0,4.3
2023-09-28T02:00,2023,Thane Mumbra,19.1906,73.0229,0.0,23.9,98.0,4.8
2023-09-28T03:00,2023,Thane Mumbra,19.1906,73.0229,0.0,23.8,99.0,4.7
2023-09-28T04:00,2023,Thane Mumbra,19.1906,73.0229,0.0,24.3,98.0,4.3
2023-09-28T05:00,2023,Thane Mumbra,19.1906,73.0229,0.0,24.6,95.0,9.3
2023-09-28T06:00,2023,Thane Mumbra,19.1906,73.0229,0.2,24.8,95.0,4.8
2023-09-28T07:00,2023,Thane Mumbra,19.1906,73.0229,0.0,25.4,94.0,5.5
2023-09-28T08:00,2023,Thane Mumbra,19.1906,73.0229,0.0,26.3,92.0,0.0
2023-09-28T09:00,2023,Thane Mumbra,19.1906,73.0229,0.0,27.9,85.0,4.4
2023-09-28T10:00,2023,Thane Mumbra,19.1906,73.0229,0.0,30.1,77.0,10.5
2023-09-28T11:00,2023,Thane Mumbra,19.1906,73.0229,0.1,30.8,76.0,9.3
2023-09-28T12:00,2023,Thane Mumbra,19.1906,73.0229,0.5,31.8,71.0,5.3
2023-09-28T13:00,2023,Thane Mumbra,19.1906,73.0229,2.0,30.9,76.0,7.1
2023-09-28T14:00,2023,Thane Mumbra,19.1906,73.0229,5.3,27.9,86.0,14.7
2023-09-28T15:00,2023,Thane Mumbra,19.1906,73.0229,0.3,27.6,87.0,6.5
2023-09-28T16:00,2023,Thane Mumbra,19.1906,73.0229,0.6,27.3,88.0,4.6
2023-09-28T17:00,2023,Thane Mumbra,19.1906,73.0229,0.6,28.2,89.0,2.4
2023-09-28T18:00,2023,Thane Mumbra,19.1906,73.0229,0.0,27.1,96.0,4.0
2023-09-28T19:00,2023,Thane Mumbra,19.1906,73.0229,0.0,27.4,93.0,1.8
2023-09-28T20:00,2023,Thane Mumbra,19.1906,73.0229,0.0,26.5,97.0,3.7
2023-09-28T21:00,2023,Thane Mumbra,19.1906,73.0229,0.0,26.5,97.0,4.0
2023-09-28T22:00,2023,Thane Mumbra,19.1906,73.0229,0.0,26.3,97.0,3.8
2023-09-28T23:00,2023,Thane Mumbra,19.1906,73.0229,0.0,26.2,98.0,3.8
2023-09-29T00:00,2023,Thane Mumbra,19.1906,73.0229,0.0,25.7,99.0,4.0
2023-09-29T01:00,2023,Thane Mumbra,19.1906,73.0229,0.0,25.6,99.0,3.8
2023-09-29T02:00,2023,Thane Mumbra,19.1906,73.0229,0.0,25.3,99.0,4.1
2023-09-29T03:00,2023,Thane Mumbra,19.1906,73.0229,0.0,25.2,98.0,4.1
2023-09-29T04:00,2023,Thane Mumbra,19.1906,73.0229,0.0,24.8,99.0,3.7
2023-09-29T05:00,2023,Thane Mumbra,19.1906,73.0229,0.0,26.0,100.0,2.8
2023-09-29T06:00,2023,Thane Mumbra,19.1906,73.0229,0.0,26.2,99.0,4.4
2023-09-29T07:00,2023,Thane Mumbra,19.1906,73.0229,0.0,26.4,99.0,7.0
2023-09-29T08:00,2023,Thane Mumbra,19.1906,73.0229,0.0,27.4,94.0,7.6
2023-09-29T09:00,2023,Thane Mumbra,19.1906,73.0229,0.0,29.1,86.0,7.0
2023-09-29T10:00,2023,Thane Mumbra,19.1906,73.0229,0.0,30.3,83.0,4.6
2023-09-29T11:00,2023,Thane Mumbra,19.1906,73.0229,0.8,31.5,76.0,4.0
2023-09-29T12:00,2023,Thane Mumbra,19.1906,73.0229,0.4,31.9,71.0,8.5
2023-09-29T13:00,2023,Thane Mumbra,19.1906,73.0229,5.3,30.5,74.0,14.8
2023-09-29T14:00,2023,Thane Mumbra,19.1906,73.0229,5.6,28.8,82.0,7.4
2023-09-29T15:00,2023,Thane Mumbra,19.1906,73.0229,0.1,29.1,81.0,6.2
2023-09-29T16:00,2023,Thane Mumbra,19.1906,73.0229,0.0,29.4,80.0,3.4
2023-09-29T17:00,2023,Thane Mumbra,19.1906,73.0229,0.0,28.2,88.0,6.8
2023-09-29T18:00,2023,Thane Mumbra,19.1906,73.0229,0.6,27.3,93.0,5.6
2023-09-29T19:00,2023,Thane Mumbra,19.1906,73.0229,0.1,26.8,93.0,5.9
2023-09-29T20:00,2023,Thane Mumbra,19.1906,73.0229,0.1,26.4,95.0,6.7
2023-09-29T21:00,2023,Thane Mumbra,19.1906,73.0229,0.0,26.0,97.0,4.4
2023-09-29T22:00,2023,Thane Mumbra,19.1906,73.0229,0.0,25.8,98.0,2.2
2023-09-29T23:00,2023,Thane Mumbra,19.1906,73.0229,0.0,25.3,99.0,3.4
2023-09-30T00:00,2023,Thane Mumbra,19.1906,73.0229,0.0,25.1,99.0,3.9
2023-09-30T01:00,2023,Thane Mumbra,19.1906,73.0229,0.0,24.8,99.0,4.7
2023-09-30T02:00,2023,Thane Mumbra,19.1906,73.0229,0.0,25.5,99.0,0.4
2023-09-30T03:00,2023,Thane Mumbra,19.1906,73.0229,0.0,25.2,100.0,1.3
2023-09-30T04:00,2023,Thane Mumbra,19.1906,73.0229,0.0,24.7,100.0,3.2
2023-09-30T05:00,2023,Thane Mumbra,19.1906,73.0229,0.0,25.6,100.0,6.1
2023-09-30T06:00,2023,Thane Mumbra,19.1906,73.0229,0.0,25.8,98.0,6.1
2023-09-30T07:00,2023,Thane Mumbra,19.1906,73.0229,0.0,26.5,96.0,8.9
2023-09-30T08:00,2023,Thane Mumbra,19.1906,73.0229,0.0,27.8,92.0,6.6
2023-09-30T09:00,2023,Thane Mumbra,19.1906,73.0229,0.0,29.4,84.0,8.1
2023-09-30T10:00,2023,Thane Mumbra,19.1906,73.0229,0.0,30.9,76.0,9.5
2023-09-30T11:00,2023,Thane Mumbra,19.1906,73.0229,0.0,32.3,70.0,8.0
2023-09-30T12:00,2023,Thane Mumbra,19.1906,73.0229,0.1,32.7,69.0,8.3
2023-09-30T13:00,2023,Thane Mumbra,19.1906,73.0229,0.2,33.1,68.0,8.6
2023-09-30T14:00,2023,Thane Mumbra,19.1906,73.0229,1.5,31.6,72.0,8.1
2023-09-30T15:00,2023,Thane Mumbra,19.1906,73.0229,11.9,28.0,86.0,7.2
2023-09-30T16:00,2023,Thane Mumbra,19.1906,73.0229,0.4,27.7,89.0,3.7
2023-09-30T17:00,2023,Thane Mumbra,19.1906,73.0229,0.0,29.5,88.0,1.5
2023-09-30T18:00,2023,Thane Mumbra,19.1906,73.0229,0.1,27.9,95.0,5.1
2023-09-30T19:00,2023,Thane Mumbra,19.1906,73.0229,0.0,27.3,96.0,4.2
2023-09-30T20:00,2023,Thane Mumbra,19.1906,73.0229,0.0,27.1,96.0,2.3
2023-09-30T21:00,2023,Thane Mumbra,19.1906,73.0229,0.0,27.1,95.0,3.8
2023-09-30T22:00,2023,Thane Mumbra,19.1906,73.0229,0.0,27.2,95.0,2.4
2023-09-30T23:00,2023,Thane Mumbra,19.1906,73.0229,0.0,26.8,98.0,2.2
2024-06-01T00:00,2024,Thane Mumbra,19.1906,73.0229,0.0,28.6,91.0,4.7
2024-06-01T01:00,2024,Thane Mumbra,19.1906,73.0229,0.0,28.3,93.0,4.7
2024-06-01T02:00,2024,Thane Mumbra,19.1906,73.0229,0.0,28.0,94.0,4.0
2024-06-01T03:00,2024,Thane Mumbra,19.1906,73.0229,0.0,27.8,94.0,2.7
2024-06-01T04:00,2024,Thane Mumbra,19.1906,73.0229,0.0,27.6,95.0,2.2
2024-06-01T05:00,2024,Thane Mumbra,19.1906,73.0229,0.0,27.6,95.0,3.3
2024-06-01T06:00,2024,Thane Mumbra,19.1906,73.0229,0.0,29.0,84.0,1.8
2024-06-01T07:00,2024,Thane Mumbra,19.1906,73.0229,0.0,30.8,73.0,2.3
2024-06-01T08:00,2024,Thane Mumbra,19.1906,73.0229,0.1,32.8,61.0,5.4
2024-06-01T09:00,2024,Thane Mumbra,19.1906,73.0229,0.0,34.7,51.0,6.6
2024-06-01T10:00,2024,Thane Mumbra,19.1906,73.0229,0.0,36.3,44.0,9.1
2024-06-01T11:00,2024,Thane Mumbra,19.1906,73.0229,0.0,37.2,41.0,12.0
2024-06-01T12:00,2024,Thane Mumbra,19.1906,73.0229,0.0,37.1,42.0,14.4
2024-06-01T13:00,2024,Thane Mumbra,19.1906,73.0229,0.0,37.1,42.0,15.8
2024-06-01T14:00,2024,Thane Mumbra,19.1906,73.0229,0.0,36.7,43.0,16.6
2024-06-01T15:00,2024,Thane Mumbra,19.1906,73.0229,0.0,35.9,47.0,16.7
2024-06-01T16:00,2024,Thane Mumbra,19.1906,73.0229,0.0,35.0,50.0,16.5
2024-06-01T17:00,2024,Thane Mumbra,19.1906,73.0229,0.0,33.9,53.0,15.0
2024-06-01T18:00,2024,Thane Mumbra,19.1906,73.0229,0.0,32.4,66.0,15.2
2024-06-01T19:00,2024,Thane Mumbra,19.1906,73.0229,0.0,31.1,73.0,13.6
2024-06-01T20:00,2024,Thane Mumbra,19.1906,73.0229,0.0,30.7,75.0,13.1
2024-06-01T21:00,2024,Thane Mumbra,19.1906,73.0229,0.1,30.1,80.0,11.1
2024-06-01T22:00,2024,Thane Mumbra,19.1906,73.0229,0.1,29.4,84.0,8.9
2024-06-01T23:00,2024,Thane Mumbra,19.1906,73.0229,0.4,29.0,86.0,8.4
2024-06-02T00:00,2024,Thane Mumbra,19.1906,73.0229,0.4,28.7,88.0,6.0
2024-06-02T01:00,2024,Thane Mumbra,19.1906,73.0229,0.1,28.5,92.0,4.9
2024-06-02T02:00,2024,Thane Mumbra,19.1906,73.0229,0.0,28.0,94.0,3.4
2024-06-02T03:00,2024,Thane Mumbra,19.1906,73.0229,0.0,27.9,93.0,3.1
2024-06-02T04:00,2024,Thane Mumbra,19.1906,73.0229,0.0,27.6,92.0,4.3
2024-06-02T05:00,2024,Thane Mumbra,19.1906,73.0229,0.0,27.2,93.0,4.3
2024-06-02T06:00,2024,Thane Mumbra,19.1906,73.0229,0.1,29.3,86.0,7.6
2024-06-02T07:00,2024,Thane Mumbra,19.1906,73.0229,0.1,30.0,80.0,7.7
2024-06-02T08:00,2024,Thane Mumbra,19.1906,73.0229,0.1,31.9,70.0,6.9
2024-06-02T09:00,2024,Thane Mumbra,19.1906,73.0229,0.0,34.2,54.0,8.0
2024-06-02T10:00,2024,Thane Mumbra,19.1906,73.0229,0.0,36.2,45.0,11.6
2024-06-02T11:00,2024,Thane Mumbra,19.1906,73.0229,0.0,36.9,41.0,14.1
2024-06-02T12:00,2024,Thane Mumbra,19.1906,73.0229,0.0,37.2,41.0,15.1
2024-06-02T13:00,2024,Thane Mumbra,19.1906,73.0229,0.0,37.3,39.0,14.8
2024-06-02T14:00,2024,Thane Mumbra,19.1906,73.0229,0.0,37.1,40.0,16.3
2024-06-02T15:00,2024,Thane Mumbra,19.1906,73.0229,0.0,36.4,43.0,17.2
2024-06-02T16:00,2024,Thane Mumbra,19.1906,73.0229,0.0,35.3,47.0,15.9
2024-06-02T17:00,2024,Thane Mumbra,19.1906,73.0229,0.0,33.9,54.0,15.2
2024-06-02T18:00,2024,Thane Mumbra,19.1906,73.0229,0.0,33.3,50.0,14.0
2024-06-02T19:00,2024,Thane Mumbra,19.1906,73.0229,0.0,31.5,63.0,13.2
2024-06-02T20:00,2024,Thane Mumbra,19.1906,73.0229,0.0,30.9,68.0,8.3
2024-06-02T21:00,2024,Thane Mumbra,19.1906,73.0229,0.0,30.5,70.0,5.1
2024-06-02T22:00,2024,Thane Mumbra,19.1906,73.0229,0.0,30.1,73.0,3.4
2024-06-02T23:00,2024,Thane Mumbra,19.1906,73.0229,0.0,29.6,76.0,2.7
2024-06-03T00:00,2024,Thane Mumbra,19.1906,73.0229,0.0,29.3,78.0,3.7
2024-06-03T01:00,2024,Thane Mumbra,19.1906,73.0229,0.0,29.0,80.0,4.2
2024-06-03T02:00,2024,Thane Mumbra,19.1906,73.0229,0.0,28.6,84.0,3.2
2024-06-03T03:00,2024,Thane Mumbra,19.1906,73.0229,0.0,28.3,86.0,4.0
2024-06-03T04:00,2024,Thane Mumbra,19.1906,73.0229,0.0,28.2,87.0,3.1
2024-06-03T05:00,2024,Thane Mumbra,19.1906,73.0229,0.0,28.2,87.0,2.3
2024-06-03T06:00,2024,Thane Mumbra,19.1906,73.0229,0.0,30.4,75.0,1.9
2024-06-03T07:00,2024,Thane Mumbra,19.1906,73.0229,0.1,31.6,70.0,3.7
2024-06-03T08:00,2024,Thane Mumbra,19.1906,73.0229,0.1,32.7,64.0,4.7
2024-06-03T09:00,2024,Thane Mumbra,19.1906,73.0229,0.1,34.4,57.0,4.9
2024-06-03T10:00,2024,Thane Mumbra,19.1906,73.0229,0.0,36.1,50.0,7.9
2024-06-03T11:00,2024,Thane Mumbra,19.1906,73.0229,0.0,37.4,46.0,13.8
2024-06-03T12:00,2024,Thane Mumbra,19.1906,73.0229,2.9,33.1,62.0,11.8
2024-06-03T13:00,2024,Thane Mumbra,19.1906,73.0229,0.1,35.4,54.0,11.3
2024-06-03T14:00,2024,Thane Mumbra,19.1906,73.0229,0.0,36.3,48.0,12.4
2024-06-03T15:00,2024,Thane Mumbra,19.1906,73.0229,0.2,35.3,50.0,13.8
2024-06-03T16:00,2024,Thane Mumbra,19.1906,73.0229,0.1,34.6,53.0,12.9
2024-06-03T17:00,2024,Thane Mumbra,19.1906,73.0229,0.0,34.2,54.0,12.1
2024-06-03T18:00,2024,Thane Mumbra,19.1906,73.0229,0.0,33.0,56.0,14.1
2024-06-03T19:00,2024,Thane Mumbra,19.1906,73.0229,0.0,31.7,63.0,11.5
2024-06-03T20:00,2024,Thane Mumbra,19.1906,73.0229,0.0,31.1,68.0,8.0
2024-06-03T21:00,2024,Thane Mumbra,19.1906,73.0229,0.0,30.8,71.0,4.4
2024-06-03T22:00,2024,Thane Mumbra,19.1906,73.0229,0.0,30.4,73.0,3.3
2024-06-03T23:00,2024,Thane Mumbra,19.1906,73.0229,0.0,30.0,75.0,2.9
2024-06-04T00:00,2024,Thane Mumbra,19.1906,73.0229,0.0,29.7,77.0,2.5
2024-06-04T01:00,2024,Thane Mumbra,19.1906,73.0229,0.0,29.4,80.0,3.6
2024-06-04T02:00,2024,Thane Mumbra,19.1906,73.0229,0.0,29.2,81.0,3.2
2024-06-04T03:00,2024,Thane Mumbra,19.1906,73.0229,0.0,29.1,81.0,1.3
2024-06-04T04:00,2024,Thane Mumbra,19.1906,73.0229,0.0,28.6,84.0,1.1
2024-06-04T05:00,2024,Thane Mumbra,19.1906,73.0229,0.0,28.4,85.0,2.2
2024-06-04T06:00,2024,Thane Mumbra,19.1906,73.0229,0.1,27.2,90.0,3.3
2024-06-04T07:00,2024,Thane Mumbra,19.1906,73.0229,0.0,27.8,87.0,6.8
2024-06-04T08:00,2024,Thane Mumbra,19.1906,73.0229,0.0,29.4,79.0,4.8
2024-06-04T09:00,2024,Thane Mumbra,19.1906,73.0229,0.0,31.6,69.0,2.0
2024-06-04T10:00,2024,Thane Mumbra,19.1906,73.0229,0.2,33.0,63.0,8.2
2024-06-04T11:00,2024,Thane Mumbra,19.1906,73.0229,0.1,34.4,58.0,9.7
2024-06-04T12:00,2024,Thane Mumbra,19.1906,73.0229,0.1,35.5,51.0,12.0
2024-06-04T13:00,2024,Thane Mumbra,19.1906,73.0229,0.4,33.9,55.0,11.3
2024-06-04T14:00,2024,Thane Mumbra,19.1906,73.0229,0.8,31.7,64.0,15.1
2024-06-04T15:00,2024,Thane Mumbra,19.1906,73.0229,0.9,32.4,64.0,8.7
2024-06-04T16:00,2024,Thane Mumbra,19.1906,73.0229,0.0,33.4,60.0,11.4
2024-06-04T17:00,2024,Thane Mumbra,19.1906,73.0229,0.0,32.7,61.0,12.1
2024-06-04T18:00,2024,Thane Mumbra,19.1906,73.0229,1.3,29.8,77.0,10.9
2024-06-04T19:00,2024,Thane Mumbra,19.1906,73.0229,0.1,28.0,89.0,15.8
2024-06-04T20:00,2024,Thane Mumbra,19.1906,73.0229,0.0,27.7,88.0,13.3
2024-06-04T21:00,2024,Thane Mumbra,19.1906,73.0229,0.0,27.7,87.0,10.5
2024-06-04T22:00,2024,Thane Mumbra,19.1906,73.0229,0.0,27.4,88.0,9.4
2024-06-04T23:00,2024,Thane Mumbra,19.1906,73.0229,0.0,27.5,88.0,7.1
2024-06-05T00:00,2024,Thane Mumbra,19.1906,73.0229,0.0,27.5,88.0,5.2
2024-06-05T01:00,2024,Thane Mumbra,19.1906,73.0229,0.0,27.5,88.0,4.7
2024-06-05T02:00,2024,Thane Mumbra,19.1906,73.0229,0.1,27.3,89.0,4.0
2024-06-05T03:00,2024,Thane Mumbra,19.1906,73.0229,0.0,27.5,88.0,5.4
2024-06-05T04:00,2024,Thane Mumbra,19.1906,73.0229,0.0,27.3,90.0,4.1
2024-06-05T05:00,2024,Thane Mumbra,19.1906,73.0229,0.0,27.1,91.0,3.7
2024-06-05T06:00,2024,Thane Mumbra,19.1906,73.0229,0.0,26.6,90.0,10.6
2024-06-05T07:00,2024,Thane Mumbra,19.1906,73.0229,0.0,27.0,82.0,9.1
2024-06-05T08:00,2024,Thane Mumbra,19.1906,73.0229,0.0,28.6,75.0,4.1
2024-06-05T09:00,2024,Thane Mumbra,19.1906,73.0229,0.0,30.9,70.0,5.9
2024-06-05T10:00,2024,Thane Mumbra,19.1906,73.0229,0.1,32.4,64.0,6.1
2024-06-05T11:00,2024,Thane Mumbra,19.1906,73.0229,0.2,33.4,60.0,8.3
2024-06-05T12:00,2024,Thane Mumbra,19.1906,73.0229,0.0,34.4,58.0,8.6
2024-06-05T13:00,2024,Thane Mumbra,19.1906,73.0229,0.0,35.4,55.0,8.4
2024-06-05T14:00,2024,Thane Mumbra,19.1906,73.0229,0.5,33.3,59.0,12.8
2024-06-05T15:00,2024,Thane Mumbra,19.1906,73.0229,0.5,33.6,60.0,11.8
2024-06-05T16:00,2024,Thane Mumbra,19.1906,73.0229,0.3,32.4,62.0,14.7
2024-06-05T17:00,2024,Thane Mumbra,19.1906,73.0229,0.2,32.0,65.0,9.7
2024-06-05T18:00,2024,Thane Mumbra,19.1906,73.0229,0.3,29.9,81.0,13.8
2024-06-05T19:00,2024,Thane Mumbra,19.1906,73.0229,0.3,26.5,91.0,18.4
2024-06-05T20:00,2024,Thane Mumbra,19.1906,73.0229,0.1,27.2,88.0,8.8
2024-06-05T21:00,2024,Thane Mumbra,19.1906,73.0229,0.0,27.3,91.0,8.6
2024-06-05T22:00,2024,Thane Mumbra,19.1906,73.0229,0.0,27.1,92.0,7.3
2024-06-05T23:00,2024,Thane Mumbra,19.1906,73.0229,0.0,27.1,92.0,6.5
2024-06-06T00:00,2024,Thane Mumbra,19.1906,73.0229,0.0,27.1,90.0,5.4
2024-06-06T01:00,2024,Thane Mumbra,19.1906,73.0229,0.0,26.9,92.0,3.3
2024-06-06T02:00,2024,Thane Mumbra,19.1906,73.0229,0.0,27.2,90.0,2.6
2024-06-06T03:00,2024,Thane Mumbra,19.1906,73.0229,0.0,27.0,93.0,1.6
2024-06-06T04:00,2024,Thane Mumbra,19.1906,73.0229,0.0,27.0,92.0,3.8
2024-06-06T05:00,2024,Thane Mumbra,19.1906,73.0229,0.3,26.9,92.0,3.0
2024-06-06T06:00,2024,Thane Mumbra,19.1906,73.0229,1.2,26.1,97.0,9.0
2024-06-06T07:00,2024,Thane Mumbra,19.1906,73.0229,0.2,26.1,91.0,7.6
2024-06-06T08:00,2024,Thane Mumbra,19.1906,73.0229,0.0,26.6,87.0,4.3
2024-06-06T09:00,2024,Thane Mumbra,19.1906,73.0229,0.0,28.6,78.0,2.2
2024-06-06T10:00,2024,Thane Mumbra,19.1906,73.0229,0.0,31.4,68.0,1.3
2024-06-06T11:00,2024,Thane Mumbra,19.1906,73.0229,0.0,33.2,62.0,2.0
2024-06-06T12:00,2024,Thane Mumbra,19.1906,73.0229,0.0,34.7,57.0,1.3
2024-06-06T13:00,2024,Thane Mumbra,19.1906,73.0229,0.0,35.9,53.0,3.3
2024-06-06T14:00,2024,Thane Mumbra,19.1906,73.0229,0.3,35.0,56.0,11.3
2024-06-06T15:00,2024,Thane Mumbra,19.1906,73.0229,0.9,33.3,62.0,11.9
2024-06-06T16:00,2024,Thane Mumbra,19.1906,73.0229,1.0,33.2,61.0,13.3
2024-06-06T17:00,2024,Thane Mumbra,19.1906,73.0229,0.6,31.8,69.0,11.8
2024-06-06T18:00,2024,Thane Mumbra,19.1906,73.0229,0.0,31.1,70.0,11.0
2024-06-06T19:00,2024,Thane Mumbra,19.1906,73.0229,0.0,30.2,76.0,8.8
2024-06-06T20:00,2024,Thane Mumbra,19.1906,73.0229,0.0,29.5,81.0,4.8
2024-06-06T21:00,2024,Thane Mumbra,19.1906,73.0229,0.0,29.0,85.0,3.1
2024-06-06T22:00,2024,Thane Mumbra,19.1906,73.0229,0.0,28.7,87.0,4.7
2024-06-06T23:00,2024,Thane Mumbra,19.1906,73.0229,0.0,28.4,88.0,3.6
2024-06-07T00:00,2024,Thane Mumbra,19.1906,73.0229,0.0,28.1,91.0,3.8
2024-06-07T01:00,2024,Thane Mumbra,19.1906,73.0229,0.0,27.9,92.0,4.8
2024-06-07T02:00,2024,Thane Mumbra,19.1906,73.0229,0.0,27.9,90.0,4.2
2024-06-07T03:00,2024,Thane Mumbra,19.1906,73.0229,0.0,27.8,90.0,5.4
2024-06-07T04:00,2024,Thane Mumbra,19.1906,73.0229,0.0,27.5,91.0,3.4
2024-06-07T05:00,2024,Thane Mumbra,19.1906,73.0229,0.0,27.5,91.0,3.2
2024-06-07T06:00,2024,Thane Mumbra,19.1906,73.0229,0.1,28.6,85.0,4.6
2024-06-07T07:00,2024,Thane Mumbra,19.1906,73.0229,0.0,28.9,85.0,5.7
2024-06-07T08:00,2024,Thane Mumbra,19.1906,73.0229,0.3,29.9,80.0,6.2
2024-06-07T09:00,2024,Thane Mumbra,19.1906,73.0229,0.1,31.5,72.0,6.5
2024-06-07T10:00,2024,Thane Mumbra,19.1906,73.0229,0.0,33.0,63.0,3.5
2024-06-07T11:00,2024,Thane Mumbra,19.1906,73.0229,0.0,34.4,57.0,3.1
2024-06-07T12:00,2024,Thane Mumbra,19.1906,73.0229,0.0,35.3,51.0,6.3
2024-06-07T13:00,2024,Thane Mumbra,19.1906,73.0229,0.0,34.9,52.0,9.1
2024-06-07T14:00,2024,Thane Mumbra,19.1906,73.0229,0.0,34.2,55.0,12.8
2024-06-07T15:00,2024,Thane Mumbra,19.1906,73.0229,0.0,33.0,60.0,15.5
2024-06-07T16:00,2024,Thane Mumbra,19.1906,73.0229,0.0,32.9,61.0,16.1
2024-06-07T17:00,2024,Thane Mumbra,19.1906,73.0229,0.0,32.0,64.0,14.1
2024-06-07T18:00,2024,Thane Mumbra,19.1906,73.0229,0.0,31.1,66.0,11.4
2024-06-07T19:00,2024,Thane Mumbra,19.1906,73.0229,0.0,30.1,72.0,8.0
2024-06-07T20:00,2024,Thane Mumbra,19.1906,73.0229,0.0,29.8,75.0,9.1
2024-06-07T21:00,2024,Thane Mumbra,19.1906,73.0229,0.0,29.2,80.0,3.7
2024-06-07T22:00,2024,Thane Mumbra,19.1906,73.0229,0.0,28.7,82.0,8.0
2024-06-07T23:00,2024,Thane Mumbra,19.1906,73.0229,0.1,27.7,87.0,7.6
2024-06-08T00:00,2024,Thane Mumbra,19.1906,73.0229,0.0,27.1,89.0,10.7
2024-06-08T01:00,2024,Thane Mumbra,19.1906,73.0229,0.0,27.0,89.0,9.1
2024-06-08T02:00,2024,Thane Mumbra,19.1906,73.0229,0.0,26.7,89.0,7.6
2024-06-08T03:00,2024,Thane Mumbra,19.1906,73.0229,0.0,26.5,90.0,6.8
2024-06-08T04:00,2024,Thane Mumbra,19.1906,73.0229,0.0,26.3,90.0,2.3
2024-06-08T05:00,2024,Thane Mumbra,19.1906,73.0229,0.0,26.1,91.0,4.2
2024-06-08T06:00,2024,Thane Mumbra,19.1906,73.0229,1.8,27.7,90.0,3.3
2024-06-08T07:00,2024,Thane Mumbra,19.1906,73.0229,0.2,27.4,83.0,13.1
2024-06-08T08:00,2024,Thane Mumbra,19.1906,73.0229,0.1,27.4,82.0,5.7
2024-06-08T09:00,2024,Thane Mumbra,19.1906,73.0229,0.1,29.9,73.0,7.8
2024-06-08T10:00,2024,Thane Mumbra,19.1906,73.0229,0.0,31.5,63.0,9.7
2024-06-08T11:00,2024,Thane Mumbra,19.1906,73.0229,0.0,32.8,56.0,10.2
2024-06-08T12:00,2024,Thane Mumbra,19.1906,73.0229,0.0,34.0,52.0,12.0
2024-06-08T13:00,2024,Thane Mumbra,19.1906,73.0229,0.0,34.5,48.0,11.4
2024-06-08T14:00,2024,Thane Mumbra,19.1906,73.0229,0.0,34.3,48.0,9.5
2024-06-08T15:00,2024,Thane Mumbra,19.1906,73.0229,0.0,34.8,48.0,10.3
2024-06-08T16:00,2024,Thane Mumbra,19.1906,73.0229,0.0,34.1,50.0,12.9
2024-06-08T17:00,2024,Thane Mumbra,19.1906,73.0229,0.0,32.7,52.0,14.4
2024-06-08T18:00,2024,Thane Mumbra,19.1906,73.0229,0.0,31.4,63.0,15.2
2024-06-08T19:00,2024,Thane Mumbra,19.1906,73.0229,0.0,30.2,73.0,12.6
2024-06-08T20:00,2024,Thane Mumbra,19.1906,73.0229,0.0,29.9,75.0,11.2
2024-06-08T21:00,2024,Thane Mumbra,19.1906,73.0229,0.0,29.8,75.0,5.4
2024-06-08T22:00,2024,Thane Mumbra,19.1906,73.0229,0.0,29.6,77.0,6.1
2024-06-08T23:00,2024,Thane Mumbra,19.1906,73.0229,0.0,29.6,78.0,5.5
2024-06-09T00:00,2024,Thane Mumbra,19.1906,73.0229,0.0,29.5,77.0,7.0
2024-06-09T01:00,2024,Thane Mumbra,19.1906,73.0229,0.0,29.2,78.0,6.0
2024-06-09T02:00,2024,Thane Mumbra,19.1906,73.0229,0.0,28.9,80.0,5.9
2024-06-09T03:00,2024,Thane Mumbra,19.1906,73.0229,0.0,28.6,81.0,5.4
2024-06-09T04:00,2024,Thane Mumbra,19.1906,73.0229,0.0,28.6,82.0,2.9
2024-06-09T05:00,2024,Thane Mumbra,19.1906,73.0229,0.0,28.3,84.0,4.6
2024-06-09T06:00,2024,Thane Mumbra,19.1906,73.0229,4.3,25.2,98.0,5.7
2024-06-09T07:00,2024,Thane Mumbra,19.1906,73.0229,5.4,25.5,96.0,2.8
2024-06-09T08:00,2024,Thane Mumbra,19.1906,73.0229,1.4,25.8,96.0,3.2
2024-06-09T09:00,2024,Thane Mumbra,19.1906,73.0229,0.2,27.0,88.0,2.5
2024-06-09T10:00,2024,Thane Mumbra,19.1906,73.0229,0.2,28.9,78.0,5.5
2024-06-09T11:00,2024,Thane Mumbra,19.1906,73.0229,0.1,31.2,67.0,7.9
2024-06-09T12:00,2024,Thane Mumbra,19.1906,73.0229,0.0,31.6,63.0,8.7
2024-06-09T13:00,2024,Thane Mumbra,19.1906,73.0229,0.0,31.3,66.0,9.2
2024-06-09T14:00,2024,Thane Mumbra,19.1906,73.0229,0.1,32.2,63.0,7.1
2024-06-09T15:00,2024,Thane Mumbra,19.1906,73.0229,0.0,31.9,64.0,11.8
2024-06-09T16:00,2024,Thane Mumbra,19.1906,73.0229,0.0,30.4,72.0,14.1
2024-06-09T17:00,2024,Thane Mumbra,19.1906,73.0229,1.6,29.9,74.0,11.2
2024-06-09T18:00,2024,Thane Mumbra,19.1906,73.0229,0.1,28.4,85.0,12.0
2024-06-09T19:00,2024,Thane Mumbra,19.1906,73.0229,0.0,27.0,87.0,10.4
2024-06-09T20:00,2024,Thane Mumbra,19.1906,73.0229,0.0,26.8,87.0,7.0
2024-06-09T21:00,2024,Thane Mumbra,19.1906,73.0229,0.0,26.8,89.0,7.6
2024-06-09T22:00,2024,Thane Mumbra,19.1906,73.0229,0.0,26.9,90.0,8.7
2024-06-09T23:00,2024,Thane Mumbra,19.1906,73.0229,0.0,27.3,90.0,4.4
2024-06-10T00:00,2024,Thane Mumbra,19.1906,73.0229,1.5,27.2,89.0,1.6
2024-06-10T01:00,2024,Thane Mumbra,19.1906,73.0229,7.2,26.2,93.0,4.8
2024-06-10T02:00,2024,Thane Mumbra,19.1906,73.0229,1.5,26.2,92.0,1.8
2024-06-10T03:00,2024,Thane Mumbra,19.1906,73.0229,1.0,25.8,95.0,4.0
2024-06-10T04:00,2024,Thane Mumbra,19.1906,73.0229,0.4,25.8,96.0,2.7
2024-06-10T05:00,2024,Thane Mumbra,19.1906,73.0229,0.2,25.9,95.0,1.6
2024-06-10T06:00,2024,Thane Mumbra,19.1906,73.0229,3.8,24.9,96.0,6.3
2024-06-10T07:00,2024,Thane Mumbra,19.1906,73.0229,1.5,25.3,95.0,4.1
2024-06-10T08:00,2024,Thane Mumbra,19.1906,73.0229,0.4,25.9,94.0,2.8
2024-06-10T09:00,2024,Thane Mumbra,19.1906,73.0229,0.5,27.2,85.0,3.3
2024-06-10T10:00,2024,Thane Mumbra,19.1906,73.0229,0.3,27.8,83.0,0.7
2024-06-10T11:00,2024,Thane Mumbra,19.1906,73.0229,0.3,28.3,82.0,3.1
2024-06-10T12:00,2024,Thane Mumbra,19.1906,73.0229,0.3,28.3,82.0,8.2
2024-06-10T13:00,2024,Thane Mumbra,19.1906,73.0229,0.2,29.0,79.0,7.7
2024-06-10T14:00,2024,Thane Mumbra,19.1906,73.0229,0.0,30.2,72.0,7.4
2024-06-10T15:00,2024,Thane Mumbra,19.1906,73.0229,0.0,29.8,73.0,8.8
2024-06-10T16:00,2024,Thane Mumbra,19.1906,73.0229,0.2,29.4,74.0,8.7
2024-06-10T17:00,2024,Thane Mumbra,19.1906,73.0229,0.2,28.9,78.0,9.7
2024-06-10T18:00,2024,Thane Mumbra,19.1906,73.0229,0.8,27.0,90.0,5.4
2024-06-10T19:00,2024,Thane Mumbra,19.1906,73.0229,0.6,26.3,95.0,7.5
2024-06-10T20:00,2024,Thane Mumbra,19.1906,73.0229,0.2,26.0,95.0,5.6
2024-06-10T21:00,2024,Thane Mumbra,19.1906,73.0229,0.4,25.8,96.0,6.2
2024-06-10T22:00,2024,Thane Mumbra,19.1906,73.0229,0.3,25.7,96.0,6.0
2024-06-10T23:00,2024,Thane Mumbra,19.1906,73.0229,0.5,25.6,96.0,4.9
2024-06-11T00:00,2024,Thane Mumbra,19.1906,73.0229,0.4,25.5,96.0,5.1
2024-06-11T01:00,2024,Thane Mumbra,19.1906,73.0229,0.2,25.5,96.0,7.2
2024-06-11T02:00,2024,Thane Mumbra,19.1906,73.0229,0.2,25.4,96.0,7.9
2024-06-11T03:00,2024,Thane Mumbra,19.1906,73.0229,0.2,25.5,95.0,8.0
2024-06-11T04:00,2024,Thane Mumbra,19.1906,73.0229,0.1,25.6,94.0,8.8
2024-06-11T05:00,2024,Thane Mumbra,19.1906,73.0229,0.1,25.6,95.0,6.3
2024-06-11T06:00,2024,Thane Mumbra,19.1906,73.0229,4.5,25.1,96.0,6.5
2024-06-11T07:00,2024,Thane Mumbra,19.1906,73.0229,0.4,25.6,94.0,2.9
2024-06-11T08:00,2024,Thane Mumbra,19.1906,73.0229,1.8,26.1,93.0,5.2
2024-06-11T09:00,2024,Thane Mumbra,19.1906,73.0229,0.1,27.0,87.0,0.8
2024-06-11T10:00,2024,Thane Mumbra,19.1906,73.0229,0.2,29.4,79.0,5.4
2024-06-11T11:00,2024,Thane Mumbra,19.1906,73.0229,0.2,30.9,71.0,8.5
2024-06-11T12:00,2024,Thane Mumbra,19.1906,73.0229,0.2,30.0,75.0,10.1
2024-06-11T13:00,2024,Thane Mumbra,19.1906,73.0229,0.2,30.6,74.0,9.4
2024-06-11T14:00,2024,Thane Mumbra,19.1906,73.0229,0.2,31.2,71.0,10.6
2024-06-11T15:00,2024,Thane Mumbra,19.1906,73.0229,0.3,30.7,70.0,11.8
2024-06-11T16:00,2024,Thane Mumbra,19.1906,73.0229,1.1,29.7,74.0,12.2
2024-06-11T17:00,2024,Thane Mumbra,19.1906,73.0229,0.7,27.8,82.0,9.5
2024-06-11T18:00,2024,Thane Mumbra,19.1906,73.0229,0.1,27.1,90.0,3.3
2024-06-11T19:00,2024,Thane Mumbra,19.1906,73.0229,0.0,26.6,94.0,7.2
2024-06-11T20:00,2024,Thane Mumbra,19.1906,73.0229,0.1,25.9,96.0,10.6
2024-06-11T21:00,2024,Thane Mumbra,19.1906,73.0229,0.0,25.6,94.0,10.8
2024-06-11T22:00,2024,Thane Mumbra,19.1906,73.0229,0.0,25.3,95.0,11.9
2024-06-11T23:00,2024,Thane Mumbra,19.1906,73.0229,0.0,25.2,96.0,11.2
2024-06-12T00:00,2024,Thane Mumbra,19.1906,73.0229,0.0,25.2,95.0,11.9
2024-06-12T01:00,2024,Thane Mumbra,19.1906,73.0229,0.0,25.2,95.0,11.5
2024-06-12T02:00,2024,Thane Mumbra,19.1906,73.0229,0.0,25.2,93.0,11.2
2024-06-12T03:00,2024,Thane Mumbra,19.1906,73.0229,0.0,25.2,93.0,9.3
2024-06-12T04:00,2024,Thane Mumbra,19.1906,73.0229,0.1,25.5,92.0,7.9
2024-06-12T05:00,2024,Thane Mumbra,19.1906,73.0229,0.0,25.5,92.0,8.3
2024-06-12T06:00,2024,Thane Mumbra,19.1906,73.0229,4.7,25.6,96.0,3.5
2024-06-12T07:00,2024,Thane Mumbra,19.1906,73.0229,4.9,25.5,96.0,5.4
2024-06-12T08:00,2024,Thane Mumbra,19.1906,73.0229,2.2,25.2,94.0,1.8
2024-06-12T09:00,2024,Thane Mumbra,19.1906,73.0229,1.7,26.1,93.0,1.9
2024-06-12T10:00,2024,Thane Mumbra,19.1906,73.0229,0.9,26.8,91.0,8.5
2024-06-12T11:00,2024,Thane Mumbra,19.1906,73.0229,0.7,28.8,84.0,10.8
2024-06-12T12:00,2024,Thane Mumbra,19.1906,73.0229,0.4,30.2,78.0,12.0
2024-06-12T13:00,2024,Thane Mumbra,19.1906,73.0229,0.1,30.6,73.0,13.0
2024-06-12T14:00,2024,Thane Mumbra,19.1906,73.0229,0.1,30.9,71.0,13.8
2024-06-12T15:00,2024,Thane Mumbra,19.1906,73.0229,0.3,29.7,74.0,13.5
2024-06-12T16:00,2024,Thane Mumbra,19.1906,73.0229,0.2,29.8,75.0,12.0
2024-06-12T17:00,2024,Thane Mumbra,19.1906,73.0229,0.4,29.3,76.0,10.9
2024-06-12T18:00,2024,Thane Mumbra,19.1906,73.0229,0.3,29.5,76.0,10.1
2024-06-12T19:00,2024,Thane Mumbra,19.1906,73.0229,0.0,28.5,83.0,7.1
2024-06-12T20:00,2024,Thane Mumbra,19.1906,73.0229,0.0,27.9,86.0,10.7
2024-06-12T21:00,2024,Thane Mumbra,19.1906,73.0229,0.0,27.6,87.0,9.4
2024-06-12T22:00,2024,Thane Mumbra,19.1906,73.0229,0.0,26.9,90.0,9.1
2024-06-12T23:00,2024,Thane Mumbra,19.1906,73.0229,0.0,26.7,91.0,8.4
2024-06-13T00:00,2024,Thane Mumbra,19.1906,73.0229,0.0,26.4,92.0,10.4
2024-06-13T01:00,2024,Thane Mumbra,19.1906,73.0229,0.0,26.0,92.0,12.0
2024-06-13T02:00,2024,Thane Mumbra,19.1906,73.0229,0.0,25.7,91.0,10.7
2024-06-13T03:00,2024,Thane Mumbra,19.1906,73.0229,0.0,25.8,91.0,10.1
2024-06-13T04:00,2024,Thane Mumbra,19.1906,73.0229,0.0,25.8,91.0,9.2
2024-06-13T05:00,2024,Thane Mumbra,19.1906,73.0229,0.0,25.7,92.0,9.6
2024-06-13T06:00,2024,Thane Mumbra,19.1906,73.0229,0.2,26.4,89.0,10.9
2024-06-13T07:00,2024,Thane Mumbra,19.1906,73.0229,0.1,27.1,87.0,9.2
2024-06-13T08:00,2024,Thane Mumbra,19.1906,73.0229,0.1,28.0,83.0,8.2
2024-06-13T09:00,2024,Thane Mumbra,19.1906,73.0229,0.1,29.3,78.0,10.1
2024-06-13T10:00,2024,Thane Mumbra,19.1906,73.0229,3.6,27.3,86.0,13.7
2024-06-13T11:00,2024,Thane Mumbra,19.1906,73.0229,0.1,29.4,78.0,11.7
2024-06-13T12:00,2024,Thane Mumbra,19.1906,73.0229,0.1,30.1,75.0,11.2
2024-06-13T13:00,2024,Thane Mumbra,19.1906,73.0229,0.1,30.8,71.0,10.0
2024-06-13T14:00,2024,Thane Mumbra,19.1906,73.0229,0.1,31.4,68.0,12.5
2024-06-13T15:00,2024,Thane Mumbra,19.1906,73.0229,0.4,29.9,73.0,13.2
2024-06-13T16:00,2024,Thane Mumbra,19.1906,73.0229,1.5,28.9,80.0,15.2
2024-06-13T17:00,2024,Thane Mumbra,19.1906,73.0229,0.7,28.6,80.0,13.6
2024-06-13T18:00,2024,Thane Mumbra,19.1906,73.0229,3.0,27.2,88.0,11.5
2024-06-13T19:00,2024,Thane Mumbra,19.1906,73.0229,0.2,26.8,90.0,10.9
2024-06-13T20:00,2024,Thane Mumbra,19.1906,73.0229,0.1,26.7,91.0,8.6
2024-06-13T21:00,2024,Thane Mumbra,19.1906,73.0229,0.1,26.4,92.0,10.6
2024-06-13T22:00,2024,Thane Mumbra,19.1906,73.0229,0.3,25.7,95.0,10.6
2024-06-13T23:00,2024,Thane Mumbra,19.1906,73.0229,3.0,25.3,95.0,9.7
2024-06-14T00:00,2024,Thane Mumbra,19.1906,73.0229,1.3,24.9,96.0,12.3
2024-06-14T01:00,2024,Thane Mumbra,19.1906,73.0229,0.1,24.7,96.0,10.9
2024-06-14T02:00,2024,Thane Mumbra,19.1906,73.0229,0.0,24.8,95.0,11.2
2024-06-14T03:00,2024,Thane Mumbra,19.1906,73.0229,0.0,24.8,94.0,9.6
2024-06-14T04:00,2024,Thane Mumbra,19.1906,73.0229,0.0,24.8,94.0,10.1
2024-06-14T05:00,2024,Thane Mumbra,19.1906,73.0229,0.0,25.0,93.0,10.2
2024-06-14T06:00,2024,Thane Mumbra,19.1906,73.0229,0.1,25.8,91.0,7.3
2024-06-14T07:00,2024,Thane Mumbra,19.1906,73.0229,0.0,26.4,88.0,9.7
2024-06-14T08:00,2024,Thane Mumbra,19.1906,73.0229,0.1,27.2,85.0,13.3
2024-06-14T09:00,2024,Thane Mumbra,19.1906,73.0229,0.2,28.4,80.0,13.7
2024-06-14T10:00,2024,Thane Mumbra,19.1906,73.0229,0.1,29.9,73.0,15.6
2024-06-14T11:00,2024,Thane Mumbra,19.1906,73.0229,0.7,26.8,85.0,11.4
2024-06-14T12:00,2024,Thane Mumbra,19.1906,73.0229,0.4,29.2,77.0,11.0
2024-06-14T13:00,2024,Thane Mumbra,19.1906,73.0229,0.1,30.8,72.0,12.8
2024-06-14T14:00,2024,Thane Mumbra,19.1906,73.0229,1.6,27.4,83.0,19.1
2024-06-14T15:00,2024,Thane Mumbra,19.1906,73.0229,0.2,28.5,78.0,16.9
2024-06-14T16:00,2024,Thane Mumbra,19.1906,73.0229,0.3,29.0,76.0,18.2
2024-06-14T17:00,2024,Thane Mumbra,19.1906,73.0229,0.1,28.6,77.0,14.9
2024-06-14T18:00,2024,Thane Mumbra,19.1906,73.0229,0.2,28.4,78.0,11.8
2024-06-14T19:00,2024,Thane Mumbra,19.1906,73.0229,0.1,27.3,83.0,8.9
2024-06-14T20:00,2024,Thane Mumbra,19.1906,73.0229,0.5,25.5,93.0,9.4
2024-06-14T21:00,2024,Thane Mumbra,19.1906,73.0229,0.3,25.6,93.0,6.2
2024-06-14T22:00,2024,Thane Mumbra,19.1906,73.0229,0.2,25.6,94.0,8.9
2024-06-14T23:00,2024,Thane Mumbra,19.1906,73.0229,0.1,25.3,93.0,10.1
2024-06-15T00:00,2024,Thane Mumbra,19.1906,73.0229,0.0,25.2,93.0,9.9
2024-06-15T01:00,2024,Thane Mumbra,19.1906,73.0229,0.0,25.4,93.0,10.1
2024-06-15T02:00,2024,Thane Mumbra,19.1906,73.0229,0.0,25.3,94.0,9.8
2024-06-15T03:00,2024,Thane Mumbra,19.1906,73.0229,0.0,25.1,94.0,9.5
2024-06-15T04:00,2024,Thane Mumbra,19.1906,73.0229,0.0,25.1,94.0,9.5
2024-06-15T05:00,2024,Thane Mumbra,19.1906,73.0229,0.0,25.0,94.0,9.7
2024-06-15T06:00,2024,Thane Mumbra,19.1906,73.0229,0.0,25.8,90.0,11.6
2024-06-15T07:00,2024,Thane Mumbra,19.1906,73.0229,0.0,26.8,85.0,12.6
2024-06-15T08:00,2024,Thane Mumbra,19.1906,73.0229,0.0,28.0,80.0,15.5
2024-06-15T09:00,2024,Thane Mumbra,19.1906,73.0229,0.1,29.0,77.0,14.4
2024-06-15T10:00,2024,Thane Mumbra,19.1906,73.0229,0.0,29.6,75.0,12.8
2024-06-15T11:00,2024,Thane Mumbra,19.1906,73.0229,0.2,30.1,73.0,15.1
2024-06-15T12:00,2024,Thane Mumbra,19.1906,73.0229,0.1,29.4,78.0,14.5
2024-06-15T13:00,2024,Thane Mumbra,19.1906,73.0229,0.4,30.4,70.0,15.6
2024-06-15T14:00,2024,Thane Mumbra,19.1906,73.0229,2.9,29.7,77.0,17.1
2024-06-15T15:00,2024,Thane Mumbra,19.1906,73.0229,0.2,29.9,75.0,18.6
2024-06-15T16:00,2024,Thane Mumbra,19.1906,73.0229,0.0,29.9,74.0,17.4
2024-06-15T17:00,2024,Thane Mumbra,19.1906,73.0229,0.1,29.5,75.0,16.2
2024-06-15T18:00,2024,Thane Mumbra,19.1906,73.0229,0.0,29.2,75.0,12.0
2024-06-15T19:00,2024,Thane Mumbra,19.1906,73.0229,0.0,28.3,80.0,9.7
2024-06-15T20:00,2024,Thane Mumbra,19.1906,73.0229,0.0,26.6,85.0,15.2
2024-06-15T21:00,2024,Thane Mumbra,19.1906,73.0229,0.0,26.3,87.0,10.3
2024-06-15T22:00,2024,Thane Mumbra,19.1906,73.0229,0.1,26.5,89.0,9.1
2024-06-15T23:00,2024,Thane Mumbra,19.1906,73.0229,0.0,26.5,90.0,8.6
2024-06-16T00:00,2024,Thane Mumbra,19.1906,73.0229,0.0,26.2,91.0,9.0
2024-06-16T01:00,2024,Thane Mumbra,19.1906,73.0229,0.0,25.8,91.0,8.3
2024-06-16T02:00,2024,Thane Mumbra,19.1906,73.0229,0.0,25.7,91.0,9.0
2024-06-16T03:00,2024,Thane Mumbra,19.1906,73.0229,0.0,25.6,91.0,8.3
2024-06-16T04:00,2024,Thane Mumbra,19.1906,73.0229,0.0,25.5,91.0,8.4
2024-06-16T05:00,2024,Thane Mumbra,19.1906,73.0229,0.0,25.5,91.0,7.6
2024-06-16T06:00,2024,Thane Mumbra,19.1906,73.0229,0.0,26.1,88.0,5.0
2024-06-16T07:00,2024,Thane Mumbra,19.1906,73.0229,0.0,27.1,84.0,7.2
2024-06-16T08:00,2024,Thane Mumbra,19.1906,73.0229,0.0,28.2,81.0,7.7
2024-06-16T09:00,2024,Thane Mumbra,19.1906,73.0229,0.2,29.2,77.0,7.0
2024-06-16T10:00,2024,Thane Mumbra,19.1906,73.0229,0.0,30.5,74.0,8.8
2024-06-16T11:00,2024,Thane Mumbra,19.1906,73.0229,0.0,31.9,69.0,8.4
2024-06-16T12:00,2024,Thane Mumbra,19.1906,73.0229,0.0,32.5,66.0,9.4
2024-06-16T13:00,2024,Thane Mumbra,19.1906,73.0229,0.0,32.3,65.0,9.5
2024-06-16T14:00,2024,Thane Mumbra,19.1906,73.0229,0.0,31.8,67.0,10.6
2024-06-16T15:00,2024,Thane Mumbra,19.1906,73.0229,0.3,31.2,71.0,12.3
2024-06-16T16:00,2024,Thane Mumbra,19.1906,73.0229,1.3,30.6,71.0,11.2
2024-06-16T17:00,2024,Thane Mumbra,19.1906,73.0229,0.2,29.6,75.0,11.8
2024-06-16T18:00,2024,Thane Mumbra,19.1906,73.0229,0.0,29.7,73.0,10.0
2024-06-16T19:00,2024,Thane Mumbra,19.1906,73.0229,0.0,28.8,78.0,5.4
2024-06-16T20:00,2024,Thane Mumbra,19.1906,73.0229,0.0,28.3,82.0,4.7
2024-06-16T21:00,2024,Thane Mumbra,19.1906,73.0229,0.0,27.9,84.0,4.4
2024-06-16T22:00,2024,Thane Mumbra,19.1906,73.0229,0.0,27.6,86.0,6.6
2024-06-16T23:00,2024,Thane Mumbra,19.1906,73.0229,0.0,27.4,86.0,8.4
2024-06-17T00:00,2024,Thane Mumbra,19.1906,73.0229,0.0,27.2,88.0,8.3
2024-06-17T01:00,2024,Thane Mumbra,19.1906,73.0229,0.0,27.0,89.0,8.4
2024-06-17T02:00,2024,Thane Mumbra,19.1906,73.0229,0.0,26.8,89.0,9.1
2024-06-17T03:00,2024,Thane Mumbra,19.1906,73.0229,0.0,26.6,89.0,9.1
2024-06-17T04:00,2024,Thane Mumbra,19.1906,73.0229,0.0,26.5,90.0,8.6
2024-06-17T05:00,2024,Thane Mumbra,19.1906,73.0229,0.0,26.3,90.0,8.3
2024-06-17T06:00,2024,Thane Mumbra,19.1906,73.0229,0.0,26.8,89.0,6.5
2024-06-17T07:00,2024,Thane Mumbra,19.1906,73.0229,0.0,27.6,85.0,9.0
2024-06-17T08:00,2024,Thane Mumbra,19.1906,73.0229,0.0,28.7,81.0,9.8
2024-06-17T09:00,2024,Thane Mumbra,19.1906,73.0229,0.1,29.8,75.0,9.5
2024-06-17T10:00,2024,Thane Mumbra,19.1906,73.0229,0.2,30.4,73.0,10.2
2024-06-17T11:00,2024,Thane Mumbra,19.1906,73.0229,0.1,31.2,71.0,11.6
2024-06-17T12:00,2024,Thane Mumbra,19.1906,73.0229,0.1,31.7,70.0,12.5
2024-06-17T13:00,2024,Thane Mumbra,19.1906,73.0229,0.0,32.6,67.0,13.3
2024-06-17T14:00,2024,Thane Mumbra,19.1906,73.0229,0.7,31.2,69.0,14.6
2024-06-17T15:00,2024,Thane Mumbra,19.1906,73.0229,1.2,30.4,75.0,14.2
2024-06-17T16:00,2024,Thane Mumbra,19.1906,73.0229,1.7,28.6,81.0,14.3
2024-06-17T17:00,2024,Thane Mumbra,19.1906,73.0229,0.1,28.5,83.0,12.2
2024-06-17T18:00,2024,Thane Mumbra,19.1906,73.0229,0.5,27.7,88.0,8.0
2024-06-17T19:00,2024,Thane Mumbra,19.1906,73.0229,0.3,27.4,90.0,7.1
2024-06-17T20:00,2024,Thane Mumbra,19.1906,73.0229,2.4,26.7,93.0,7.6
2024-06-17T21:00,2024,Thane Mumbra,19.1906,73.0229,0.2,26.6,93.0,8.9
2024-06-17T22:00,2024,Thane Mumbra,19.1906,73.0229,0.0,26.3,93.0,8.5
2024-06-17T23:00,2024,Thane Mumbra,19.1906,73.0229,0.0,26.0,94.0,10.5
2024-06-18T00:00,2024,Thane Mumbra,19.1906,73.0229,0.0,25.8,93.0,9.8
2024-06-18T01:00,2024,Thane Mumbra,19.1906,73.0229,0.0,25.7,93.0,10.5
2024-06-18T02:00,2024,Thane Mumbra,19.1906,73.0229,0.0,25.7,94.0,10.8
2024-06-18T03:00,2024,Thane Mumbra,19.1906,73.0229,0.0,25.8,94.0,9.6
2024-06-18T04:00,2024,Thane Mumbra,19.1906,73.0229,0.0,25.9,93.0,10.2
2024-06-18T05:00,2024,Thane Mumbra,19.1906,73.0229,0.0,25.9,94.0,10.8
2024-06-18T06:00,2024,Thane Mumbra,19.1906,73.0229,0.0,26.4,90.0,10.3
2024-06-18T07:00,2024,Thane Mumbra,19.1906,73.0229,0.1,27.0,88.0,12.7
2024-06-18T08:00,2024,Thane Mumbra,19.1906,73.0229,0.2,27.7,85.0,15.8
2024-06-18T09:00,2024,Thane Mumbra,19.1906,73.0229,0.2,29.2,81.0,15.4
2024-06-18T10:00,2024,Thane Mumbra,19.1906,73.0229,0.1,30.4,74.0,18.0
2024-06-18T11:00,2024,Thane Mumbra,19.1906,73.0229,0.0,31.1,70.0,18.5
2024-06-18T12:00,2024,Thane Mumbra,19.1906,73.0229,3.2,28.1,82.0,18.9
2024-06-18T13:00,2024,Thane Mumbra,19.1906,73.0229,0.4,28.5,81.0,15.8
2024-06-18T14:00,2024,Thane Mumbra,19.1906,73.0229,1.4,29.3,78.0,19.7
2024-06-18T15:00,2024,Thane Mumbra,19.1906,73.0229,3.5,28.4,82.0,15.8
2024-06-18T16:00,2024,Thane Mumbra,19.1906,73.0229,0.3,28.6,81.0,14.4
2024-06-18T17:00,2024,Thane Mumbra,19.1906,73.0229,1.6,26.1,91.0,11.0
2024-06-18T18:00,2024,Thane Mumbra,19.1906,73.0229,2.9,26.8,92.0,10.2
2024-06-18T19:00,2024,Thane Mumbra,19.1906,73.0229,1.7,26.6,92.0,11.0
2024-06-18T20:00,2024,Thane Mumbra,19.1906,73.0229,1.3,26.2,95.0,11.9
2024-06-18T21:00,2024,Thane Mumbra,19.1906,73.0229,3.3,25.7,96.0,9.4
2024-06-18T22:00,2024,Thane Mumbra,19.1906,73.0229,2.3,25.9,95.0,8.6
2024-06-18T23:00,2024,Thane Mumbra,19.1906,73.0229,0.4,25.9,95.0,10.2
2024-06-19T00:00,2024,Thane Mumbra,19.1906,73.0229,0.4,25.7,95.0,9.8
2024-06-19T01:00,2024,Thane Mumbra,19.1906,73.0229,0.4,25.6,96.0,9.1
2024-06-19T02:00,2024,Thane Mumbra,19.1906,73.0229,0.3,25.5,96.0,8.7
2024-06-19T03:00,2024,Thane Mumbra,19.1906,73.0229,0.3,25.5,96.0,10.8
2024-06-19T04:00,2024,Thane Mumbra,19.1906,73.0229,0.2,25.6,96.0,11.2
2024-06-19T05:00,2024,Thane Mumbra,19.1906,73.0229,0.4,25.7,95.0,11.2
2024-06-19T06:00,2024,Thane Mumbra,19.1906,73.0229,2.3,24.9,96.0,9.4
2024-06-19T07:00,2024,Thane Mumbra,19.1906,73.0229,1.3,25.0,95.0,10.1
2024-06-19T08:00,2024,Thane Mumbra,19.1906,73.0229,2.2,25.5,94.0,12.3
2024-06-19T09:00,2024,Thane Mumbra,19.1906,73.0229,3.9,25.8,95.0,13.1
2024-06-19T10:00,2024,Thane Mumbra,19.1906,73.0229,1.5,26.5,92.0,11.6
2024-06-19T11:00,2024,Thane Mumbra,19.1906,73.0229,0.7,27.6,88.0,14.1
2024-06-19T12:00,2024,Thane Mumbra,19.1906,73.0229,0.3,28.5,82.0,15.0
2024-06-19T13:00,2024,Thane Mumbra,19.1906,73.0229,0.2,29.2,79.0,17.1
2024-06-19T14:00,2024,Thane Mumbra,19.1906,73.0229,5.7,27.9,83.0,18.4
2024-06-19T15:00,2024,Thane Mumbra,19.1906,73.0229,1.5,28.1,83.0,18.4
2024-06-19T16:00,2024,Thane Mumbra,19.1906,73.0229,0.7,26.8,88.0,12.6
2024-06-19T17:00,2024,Thane Mumbra,19.1906,73.0229,1.3,27.9,87.0,12.8
2024-06-19T18:00,2024,Thane Mumbra,19.1906,73.0229,0.1,28.6,78.0,10.4
2024-06-19T19:00,2024,Thane Mumbra,19.1906,73.0229,0.0,28.2,78.0,8.9
2024-06-19T20:00,2024,Thane Mumbra,19.1906,73.0229,0.0,27.9,77.0,6.9
2024-06-19T21:00,2024,Thane Mumbra,19.1906,73.0229,0.0,27.9,77.0,9.7
2024-06-19T22:00,2024,Thane Mumbra,19.1906,73.0229,0.2,27.3,82.0,7.6
2024-06-19T23:00,2024,Thane Mumbra,19.1906,73.0229,0.4,26.6,88.0,11.2
2024-06-20T00:00,2024,Thane Mumbra,19.1906,73.0229,2.1,25.7,95.0,9.8
2024-06-20T01:00,2024,Thane Mumbra,19.1906,73.0229,2.5,25.7,95.0,8.2
2024-06-20T02:00,2024,Thane Mumbra,19.1906,73.0229,6.0,25.3,97.0,7.5
2024-06-20T03:00,2024,Thane Mumbra,19.1906,73.0229,2.1,25.2,97.0,10.2
2024-06-20T04:00,2024,Thane Mumbra,19.1906,73.0229,6.4,25.3,96.0,10.8
2024-06-20T05:00,2024,Thane Mumbra,19.1906,73.0229,0.6,25.2,96.0,11.7
2024-06-20T06:00,2024,Thane Mumbra,19.1906,73.0229,10.4,26.3,95.0,14.5
2024-06-20T07:00,2024,Thane Mumbra,19.1906,73.0229,2.3,26.5,94.0,15.3
2024-06-20T08:00,2024,Thane Mumbra,19.1906,73.0229,1.6,26.6,93.0,15.5
2024-06-20T09:00,2024,Thane Mumbra,19.1906,73.0229,1.6,27.2,90.0,17.0
2024-06-20T10:00,2024,Thane Mumbra,19.1906,73.0229,2.3,26.2,92.0,15.5
2024-06-20T11:00,2024,Thane Mumbra,19.1906,73.0229,1.7,26.6,93.0,16.3
2024-06-20T12:00,2024,Thane Mumbra,19.1906,73.0229,0.6,27.6,86.0,17.1
2024-06-20T13:00,2024,Thane Mumbra,19.1906,73.0229,0.7,28.1,83.0,16.4
2024-06-20T14:00,2024,Thane Mumbra,19.1906,73.0229,0.2,28.5,81.0,16.9
2024-06-20T15:00,2024,Thane Mumbra,19.1906,73.0229,0.1,28.9,79.0,17.8
2024-06-20T16:00,2024,Thane Mumbra,19.1906,73.0229,0.1,28.4,81.0,18.4
2024-06-20T17:00,2024,Thane Mumbra,19.1906,73.0229,0.1,28.4,81.0,17.5
2024-06-20T18:00,2024,Thane Mumbra,19.1906,73.0229,0.1,26.8,92.0,12.3
2024-06-20T19:00,2024,Thane Mumbra,19.1906,73.0229,0.1,26.2,94.0,12.4
2024-06-20T20:00,2024,Thane Mumbra,19.1906,73.0229,0.0,26.0,95.0,12.2
2024-06-20T21:00,2024,Thane Mumbra,19.1906,73.0229,0.0,25.8,94.0,13.3
2024-06-20T22:00,2024,Thane Mumbra,19.1906,73.0229,0.2,26.1,93.0,12.9
2024-06-20T23:00,2024,Thane Mumbra,19.1906,73.0229,0.4,26.0,94.0,12.3
2024-06-21T00:00,2024,Thane Mumbra,19.1906,73.0229,0.2,25.9,95.0,12.3
2024-06-21T01:00,2024,Thane Mumbra,19.1906,73.0229,0.2,25.7,96.0,10.1
2024-06-21T02:00,2024,Thane Mumbra,19.1906,73.0229,0.2,26.0,94.0,11.2
2024-06-21T03:00,2024,Thane Mumbra,19.1906,73.0229,0.3,25.6,96.0,14.0
2024-06-21T04:00,2024,Thane Mumbra,19.1906,73.0229,0.5,25.4,95.0,16.3
2024-06-21T05:00,2024,Thane Mumbra,19.1906,73.0229,0.5,24.3,96.0,10.2
2024-06-21T06:00,2024,Thane Mumbra,19.1906,73.0229,0.3,26.6,92.0,8.3
2024-06-21T07:00,2024,Thane Mumbra,19.1906,73.0229,0.4,27.4,90.0,11.8
2024-06-21T08:00,2024,Thane Mumbra,19.1906,73.0229,0.4,27.3,88.0,12.2
2024-06-21T09:00,2024,Thane Mumbra,19.1906,73.0229,0.1,28.8,81.0,15.9
2024-06-21T10:00,2024,Thane Mumbra,19.1906,73.0229,0.2,29.2,79.0,18.4
2024-06-21T11:00,2024,Thane Mumbra,19.1906,73.0229,0.3,30.2,77.0,15.5
2024-06-21T12:00,2024,Thane Mumbra,19.1906,73.0229,0.6,30.3,73.0,18.5
2024-06-21T13:00,2024,Thane Mumbra,19.1906,73.0229,0.3,30.9,76.0,15.0
2024-06-21T14:00,2024,Thane Mumbra,19.1906,73.0229,0.2,31.9,70.0,16.8
2024-06-21T15:00,2024,Thane Mumbra,19.1906,73.0229,0.1,31.5,69.0,18.7
2024-06-21T16:00,2024,Thane Mumbra,19.1906,73.0229,0.2,30.7,73.0,18.2
2024-06-21T17:00,2024,Thane Mumbra,19.1906,73.0229,0.3,29.2,80.0,18.0
2024-06-21T18:00,2024,Thane Mumbra,19.1906,73.0229,0.7,27.0,89.0,12.0
2024-06-21T19:00,2024,Thane Mumbra,19.1906,73.0229,0.2,26.4,91.0,7.7
2024-06-21T20:00,2024,Thane Mumbra,19.1906,73.0229,0.8,26.2,92.0,5.8
2024-06-21T21:00,2024,Thane Mumbra,19.1906,73.0229,0.6,25.9,96.0,9.1
2024-06-21T22:00,2024,Thane Mumbra,19.1906,73.0229,0.1,25.9,94.0,10.9
2024-06-21T23:00,2024,Thane Mumbra,19.1906,73.0229,0.0,25.6,93.0,10.2
2024-06-22T00:00,2024,Thane Mumbra,19.1906,73.0229,0.2,25.3,95.0,10.9
2024-06-22T01:00,2024,Thane Mumbra,19.1906,73.0229,0.2,25.1,96.0,13.7
2024-06-22T02:00,2024,Thane Mumbra,19.1906,73.0229,0.2,24.9,96.0,13.1
2024-06-22T03:00,2024,Thane Mumbra,19.1906,73.0229,0.1,24.9,94.0,14.6
2024-06-22T04:00,2024,Thane Mumbra,19.1906,73.0229,0.2,24.4,96.0,11.2
2024-06-22T05:00,2024,Thane Mumbra,19.1906,73.0229,0.1,24.4,94.0,12.8
2024-06-22T06:00,2024,Thane Mumbra,19.1906,73.0229,0.0,25.1,91.0,9.7
2024-06-22T07:00,2024,Thane Mumbra,19.1906,73.0229,0.1,25.7,89.0,11.2
2024-06-22T08:00,2024,Thane Mumbra,19.1906,73.0229,0.2,26.6,86.0,12.6
2024-06-22T09:00,2024,Thane Mumbra,19.1906,73.0229,0.2,28.4,80.0,12.2
2024-06-22T10:00,2024,Thane Mumbra,19.1906,73.0229,0.2,28.5,79.0,10.9
2024-06-22T11:00,2024,Thane Mumbra,19.1906,73.0229,0.4,29.4,77.0,9.7
2024-06-22T12:00,2024,Thane Mumbra,19.1906,73.0229,0.3,30.9,70.0,11.0
2024-06-22T13:00,2024,Thane Mumbra,19.1906,73.0229,0.2,31.5,69.0,9.3
2024-06-22T14:00,2024,Thane Mumbra,19.1906,73.0229,0.1,31.8,71.0,11.5
2024-06-22T15:00,2024,Thane Mumbra,19.1906,73.0229,0.7,30.5,74.0,13.3
2024-06-22T16:00,2024,Thane Mumbra,19.1906,73.0229,0.2,30.3,74.0,16.0
2024-06-22T17:00,2024,Thane Mumbra,19.1906,73.0229,0.1,29.8,76.0,15.3
2024-06-22T18:00,2024,Thane Mumbra,19.1906,73.0229,1.3,26.1,95.0,6.0
2024-06-22T19:00,2024,Thane Mumbra,19.1906,73.0229,0.2,26.4,94.0,6.6
2024-06-22T20:00,2024,Thane Mumbra,19.1906,73.0229,0.0,26.4,94.0,11.9
2024-06-22T21:00,2024,Thane Mumbra,19.1906,73.0229,0.0,26.1,93.0,10.9
2024-06-22T22:00,2024,Thane Mumbra,19.1906,73.0229,0.0,25.9,92.0,11.2
2024-06-22T23:00,2024,Thane Mumbra,19.1906,73.0229,0.0,25.9,92.0,10.5
2024-06-23T00:00,2024,Thane Mumbra,19.1906,73.0229,0.1,25.9,93.0,9.0
2024-06-23T01:00,2024,Thane Mumbra,19.1906,73.0229,0.1,25.8,92.0,9.5
2024-06-23T02:00,2024,Thane Mumbra,19.1906,73.0229,0.1,25.7,92.0,8.7
2024-06-23T03:00,2024,Thane Mumbra,19.1906,73.0229,0.1,25.7,93.0,10.1
2024-06-23T04:00,2024,Thane Mumbra,19.1906,73.0229,0.1,25.7,93.0,8.6
2024-06-23T05:00,2024,Thane Mumbra,19.1906,73.0229,0.1,25.8,94.0,9.5
2024-06-23T06:00,2024,Thane Mumbra,19.1906,73.0229,0.1,25.6,93.0,5.8
2024-06-23T07:00,2024,Thane Mumbra,19.1906,73.0229,0.9,26.2,91.0,5.1
2024-06-23T08:00,2024,Thane Mumbra,19.1906,73.0229,0.0,27.0,86.0,7.9
2024-06-23T09:00,2024,Thane Mumbra,19.1906,73.0229,0.1,28.6,81.0,6.2
2024-06-23T10:00,2024,Thane Mumbra,19.1906,73.0229,0.1,28.7,81.0,4.6
2024-06-23T11:00,2024,Thane Mumbra,19.1906,73.0229,0.1,29.5,78.0,6.2
2024-06-23T12:00,2024,Thane Mumbra,19.1906,73.0229,0.0,30.8,75.0,10.6
2024-06-23T13:00,2024,Thane Mumbra,19.1906,73.0229,0.0,31.0,73.0,11.7
2024-06-23T14:00,2024,Thane Mumbra,19.1906,73.0229,0.0,30.2,76.0,13.6
2024-06-23T15:00,2024,Thane Mumbra,19.1906,73.0229,2.0,29.5,78.0,12.3
2024-06-23T16:00,2024,Thane Mumbra,19.1906,73.0229,5.8,28.7,80.0,10.5
2024-06-23T17:00,2024,Thane Mumbra,19.1906,73.0229,0.8,27.7,86.0,9.5
2024-06-23T18:00,2024,Thane Mumbra,19.1906,73.0229,0.0,28.4,79.0,12.6
2024-06-23T19:00,2024,Thane Mumbra,19.1906,73.0229,0.0,27.8,84.0,9.2
2024-06-23T20:00,2024,Thane Mumbra,19.1906,73.0229,0.6,27.5,88.0,8.3
2024-06-23T21:00,2024,Thane Mumbra,19.1906,73.0229,0.3,27.2,90.0,10.4
2024-06-23T22:00,2024,Thane Mumbra,19.1906,73.0229,0.2,26.7,91.0,12.4
2024-06-23T23:00,2024,Thane Mumbra,19.1906,73.0229,0.0,26.4,93.0,12.0
2024-06-24T00:00,2024,Thane Mumbra,19.1906,73.0229,1.8,26.1,94.0,8.8
2024-06-24T01:00,2024,Thane Mumbra,19.1906,73.0229,0.2,25.9,95.0,8.3
2024-06-24T02:00,2024,Thane Mumbra,19.1906,73.0229,0.9,25.6,96.0,7.3
2024-06-24T03:00,2024,Thane Mumbra,19.1906,73.0229,0.1,25.5,97.0,5.8
2024-06-24T04:00,2024,Thane Mumbra,19.1906,73.0229,0.1,25.5,97.0,6.8
2024-06-24T05:00,2024,Thane Mumbra,19.1906,73.0229,0.0,25.6,96.0,6.7
2024-06-24T06:00,2024,Thane Mumbra,19.1906,73.0229,0.9,26.0,95.0,4.4
2024-06-24T07:00,2024,Thane Mumbra,19.1906,73.0229,0.5,26.5,91.0,4.5
2024-06-24T08:00,2024,Thane Mumbra,19.1906,73.0229,0.1,27.1,89.0,6.3
2024-06-24T09:00,2024,Thane Mumbra,19.1906,73.0229,0.2,28.9,81.0,8.5
2024-06-24T10:00,2024,Thane Mumbra,19.1906,73.0229,0.3,29.6,76.0,7.3
2024-06-24T11:00,2024,Thane Mumbra,19.1906,73.0229,0.1,30.3,75.0,9.0
2024-06-24T12:00,2024,Thane Mumbra,19.1906,73.0229,0.1,30.7,74.0,12.0
2024-06-24T13:00,2024,Thane Mumbra,19.1906,73.0229,3.7,28.6,84.0,12.0
2024-06-24T14:00,2024,Thane Mumbra,19.1906,73.0229,0.2,30.2,78.0,13.4
2024-06-24T15:00,2024,Thane Mumbra,19.1906,73.0229,0.1,30.2,76.0,13.6
2024-06-24T16:00,2024,Thane Mumbra,19.1906,73.0229,0.2,29.7,78.0,14.0
2024-06-24T17:00,2024,Thane Mumbra,19.1906,73.0229,0.8,29.1,79.0,12.5
2024-06-24T18:00,2024,Thane Mumbra,19.1906,73.0229,0.1,28.3,84.0,10.3
2024-06-24T19:00,2024,Thane Mumbra,19.1906,73.0229,0.1,27.8,86.0,7.2
2024-06-24T20:00,2024,Thane Mumbra,19.1906,73.0229,0.0,27.4,88.0,6.1
2024-06-24T21:00,2024,Thane Mumbra,19.1906,73.0229,0.3,27.3,89.0,8.8
2024-06-24T22:00,2024,Thane Mumbra,19.1906,73.0229,0.1,27.2,90.0,8.4
2024-06-24T23:00,2024,Thane Mumbra,19.1906,73.0229,0.1,26.9,92.0,9.5
2024-06-25T00:00,2024,Thane Mumbra,19.1906,73.0229,0.1,26.6,92.0,10.1
2024-06-25T01:00,2024,Thane Mumbra,19.1906,73.0229,0.1,26.4,93.0,10.5
2024-06-25T02:00,2024,Thane Mumbra,19.1906,73.0229,0.0,26.2,93.0,9.4
2024-06-25T03:00,2024,Thane Mumbra,19.1906,73.0229,0.0,26.1,93.0,8.6
2024-06-25T04:00,2024,Thane Mumbra,19.1906,73.0229,0.0,26.0,94.0,9.4
2024-06-25T05:00,2024,Thane Mumbra,19.1906,73.0229,0.0,25.9,94.0,7.5
2024-06-25T06:00,2024,Thane Mumbra,19.1906,73.0229,0.1,26.9,87.0,10.5
2024-06-25T07:00,2024,Thane Mumbra,19.1906,73.0229,0.0,27.3,86.0,13.0
2024-06-25T08:00,2024,Thane Mumbra,19.1906,73.0229,0.0,28.7,81.0,13.2
2024-06-25T09:00,2024,Thane Mumbra,19.1906,73.0229,0.1,29.9,76.0,15.3
2024-06-25T10:00,2024,Thane Mumbra,19.1906,73.0229,0.2,30.3,74.0,16.2
2024-06-25T11:00,2024,Thane Mumbra,19.1906,73.0229,0.1,31.4,71.0,15.6
2024-06-25T12:00,2024,Thane Mumbra,19.1906,73.0229,0.2,31.9,70.0,18.2
2024-06-25T13:00,2024,Thane Mumbra,19.1906,73.0229,6.6,30.3,75.0,19.5
2024-06-25T14:00,2024,Thane Mumbra,19.1906,73.0229,1.1,28.8,80.0,20.6
2024-06-25T15:00,2024,Thane Mumbra,19.1906,73.0229,0.7,29.0,82.0,22.0
2024-06-25T16:00,2024,Thane Mumbra,19.1906,73.0229,0.2,29.6,78.0,24.0
2024-06-25T17:00,2024,Thane Mumbra,19.1906,73.0229,0.3,29.2,80.0,23.5
2024-06-25T18:00,2024,Thane Mumbra,19.1906,73.0229,0.0,29.9,75.0,19.4
2024-06-25T19:00,2024,Thane Mumbra,19.1906,73.0229,0.0,28.4,81.0,18.7
2024-06-25T20:00,2024,Thane Mumbra,19.1906,73.0229,0.0,27.9,83.0,16.3
2024-06-25T21:00,2024,Thane Mumbra,19.1906,73.0229,0.1,27.5,87.0,13.8
2024-06-25T22:00,2024,Thane Mumbra,19.1906,73.0229,0.1,27.3,88.0,12.8
2024-06-25T23:00,2024,Thane Mumbra,19.1906,73.0229,0.0,27.1,89.0,14.1
2024-06-26T00:00,2024,Thane Mumbra,19.1906,73.0229,0.1,27.0,90.0,15.9
2024-06-26T01:00,2024,Thane Mumbra,19.1906,73.0229,0.3,27.0,91.0,15.1
2024-06-26T02:00,2024,Thane Mumbra,19.1906,73.0229,0.6,26.7,93.0,13.0
2024-06-26T03:00,2024,Thane Mumbra,19.1906,73.0229,1.9,26.8,94.0,13.2
2024-06-26T04:00,2024,Thane Mumbra,19.1906,73.0229,1.2,27.0,93.0,12.5
2024-06-26T05:00,2024,Thane Mumbra,19.1906,73.0229,0.2,27.0,90.0,15.9
2024-06-26T06:00,2024,Thane Mumbra,19.1906,73.0229,1.1,26.4,96.0,14.1
2024-06-26T07:00,2024,Thane Mumbra,19.1906,73.0229,0.3,26.8,93.0,13.3
2024-06-26T08:00,2024,Thane Mumbra,19.1906,73.0229,0.1,27.5,90.0,17.0
2024-06-26T09:00,2024,Thane Mumbra,19.1906,73.0229,0.1,29.1,81.0,22.0
2024-06-26T10:00,2024,Thane Mumbra,19.1906,73.0229,0.1,30.7,75.0,22.4
2024-06-26T11:00,2024,Thane Mumbra,19.1906,73.0229,1.1,30.1,79.0,23.9
2024-06-26T12:00,2024,Thane Mumbra,19.1906,73.0229,1.0,29.6,82.0,23.1
2024-06-26T13:00,2024,Thane Mumbra,19.1906,73.0229,0.5,30.1,79.0,27.6
2024-06-26T14:00,2024,Thane Mumbra,19.1906,73.0229,1.7,29.7,81.0,23.8
2024-06-26T15:00,2024,Thane Mumbra,19.1906,73.0229,6.3,28.9,84.0,23.3
2024-06-26T16:00,2024,Thane Mumbra,19.1906,73.0229,0.9,28.8,82.0,22.7
2024-06-26T17:00,2024,Thane Mumbra,19.1906,73.0229,0.2,28.6,85.0,17.1
2024-06-26T18:00,2024,Thane Mumbra,19.1906,73.0229,1.8,26.7,93.0,16.9
2024-06-26T19:00,2024,Thane Mumbra,19.1906,73.0229,0.7,26.8,92.0,14.0
2024-06-26T20:00,2024,Thane Mumbra,19.1906,73.0229,0.2,27.2,91.0,16.4
2024-06-26T21:00,2024,Thane Mumbra,19.1906,73.0229,1.6,26.8,92.0,15.3
2024-06-26T22:00,2024,Thane Mumbra,19.1906,73.0229,1.2,26.7,93.0,17.5
2024-06-26T23:00,2024,Thane Mumbra,19.1906,73.0229,0.5,26.5,93.0,19.6
2024-06-27T00:00,2024,Thane Mumbra,19.1906,73.0229,0.4,26.7,93.0,15.7
2024-06-27T01:00,2024,Thane Mumbra,19.1906,73.0229,0.1,26.7,92.0,16.4
2024-06-27T02:00,2024,Thane Mumbra,19.1906,73.0229,0.4,26.8,92.0,15.6
2024-06-27T03:00,2024,Thane Mumbra,19.1906,73.0229,0.7,26.6,93.0,15.3
2024-06-27T04:00,2024,Thane Mumbra,19.1906,73.0229,0.6,26.6,93.0,16.4
2024-06-27T05:00,2024,Thane Mumbra,19.1906,73.0229,0.8,26.7,93.0,14.7
2024-06-27T06:00,2024,Thane Mumbra,19.1906,73.0229,2.5,25.5,96.0,14.5
2024-06-27T07:00,2024,Thane Mumbra,19.1906,73.0229,9.5,25.7,95.0,15.5
2024-06-27T08:00,2024,Thane Mumbra,19.1906,73.0229,7.2,26.2,94.0,16.3
2024-06-27T09:00,2024,Thane Mumbra,19.1906,73.0229,3.0,27.3,93.0,17.5
2024-06-27T10:00,2024,Thane Mumbra,19.1906,73.0229,2.4,27.0,94.0,16.6
2024-06-27T11:00,2024,Thane Mumbra,19.1906,73.0229,1.7,27.6,88.0,22.1
2024-06-27T12:00,2024,Thane Mumbra,19.1906,73.0229,0.7,28.6,84.0,21.3
2024-06-27T13:00,2024,Thane Mumbra,19.1906,73.0229,3.6,28.8,84.0,19.7
2024-06-27T14:00,2024,Thane Mumbra,19.1906,73.0229,2.3,27.8,85.0,24.2
2024-06-27T15:00,2024,Thane Mumbra,19.1906,73.0229,1.5,27.9,84.0,25.9
2024-06-27T16:00,2024,Thane Mumbra,19.1906,73.0229,2.5,28.4,83.0,23.3
2024-06-27T17:00,2024,Thane Mumbra,19.1906,73.0229,2.6,27.7,87.0,21.1
2024-06-27T18:00,2024,Thane Mumbra,19.1906,73.0229,4.9,26.7,93.0,17.9
2024-06-27T19:00,2024,Thane Mumbra,19.1906,73.0229,4.0,26.4,93.0,18.5
2024-06-27T20:00,2024,Thane Mumbra,19.1906,73.0229,1.8,26.4,93.0,20.0
2024-06-27T21:00,2024,Thane Mumbra,19.1906,73.0229,0.9,26.1,92.0,17.9
2024-06-27T22:00,2024,Thane Mumbra,19.1906,73.0229,0.7,26.0,94.0,15.5
2024-06-27T23:00,2024,Thane Mumbra,19.1906,73.0229,1.2,26.0,94.0,18.2
2024-06-28T00:00,2024,Thane Mumbra,19.1906,73.0229,1.4,25.9,94.0,18.5
2024-06-28T01:00,2024,Thane Mumbra,19.1906,73.0229,1.2,26.1,93.0,18.0
2024-06-28T02:00,2024,Thane Mumbra,19.1906,73.0229,1.7,26.0,93.0,18.3
2024-06-28T03:00,2024,Thane Mumbra,19.1906,73.0229,2.3,25.8,94.0,20.1
2024-06-28T04:00,2024,Thane Mumbra,19.1906,73.0229,2.5,26.1,93.0,19.1
2024-06-28T05:00,2024,Thane Mumbra,19.1906,73.0229,2.7,26.1,92.0,19.0
2024-06-28T06:00,2024,Thane Mumbra,19.1906,73.0229,7.7,26.2,92.0,21.4
2024-06-28T07:00,2024,Thane Mumbra,19.1906,73.0229,2.5,26.2,93.0,17.7
2024-06-28T08:00,2024,Thane Mumbra,19.1906,73.0229,0.8,26.4,92.0,20.4
2024-06-28T09:00,2024,Thane Mumbra,19.1906,73.0229,0.6,26.7,91.0,18.9
2024-06-28T10:00,2024,Thane Mumbra,19.1906,73.0229,0.7,27.2,90.0,21.1
2024-06-28T11:00,2024,Thane Mumbra,19.1906,73.0229,0.4,27.8,88.0,20.7
2024-06-28T12:00,2024,Thane Mumbra,19.1906,73.0229,0.4,28.1,85.0,20.2
2024-06-28T13:00,2024,Thane Mumbra,19.1906,73.0229,0.3,28.6,83.0,19.6
2024-06-28T14:00,2024,Thane Mumbra,19.1906,73.0229,1.7,28.3,87.0,20.3
2024-06-28T15:00,2024,Thane Mumbra,19.1906,73.0229,0.9,27.4,89.0,20.0
2024-06-28T16:00,2024,Thane Mumbra,19.1906,73.0229,0.6,27.4,88.0,18.5
2024-06-28T17:00,2024,Thane Mumbra,19.1906,73.0229,0.9,27.5,88.0,18.0
2024-06-28T18:00,2024,Thane Mumbra,19.1906,73.0229,0.2,26.9,88.0,18.7
2024-06-28T19:00,2024,Thane Mumbra,19.1906,73.0229,0.3,26.4,90.0,18.3
2024-06-28T20:00,2024,Thane Mumbra,19.1906,73.0229,0.4,25.7,93.0,15.5
2024-06-28T21:00,2024,Thane Mumbra,19.1906,73.0229,1.4,25.4,95.0,13.7
2024-06-28T22:00,2024,Thane Mumbra,19.1906,73.0229,0.5,25.3,96.0,15.8
2024-06-28T23:00,2024,Thane Mumbra,19.1906,73.0229,0.3,25.1,96.0,13.3
2024-06-29T00:00,2024,Thane Mumbra,19.1906,73.0229,1.0,25.2,96.0,11.5
2024-06-29T01:00,2024,Thane Mumbra,19.1906,73.0229,1.2,25.2,96.0,15.2
2024-06-29T02:00,2024,Thane Mumbra,19.1906,73.0229,0.4,25.1,95.0,14.2
2024-06-29T03:00,2024,Thane Mumbra,19.1906,73.0229,0.6,25.0,96.0,13.1
2024-06-29T04:00,2024,Thane Mumbra,19.1906,73.0229,0.6,25.1,96.0,11.9
2024-06-29T05:00,2024,Thane Mumbra,19.1906,73.0229,1.1,25.4,94.0,15.5
2024-06-29T06:00,2024,Thane Mumbra,19.1906,73.0229,0.4,25.6,97.0,14.1
2024-06-29T07:00,2024,Thane Mumbra,19.1906,73.0229,0.4,26.3,95.0,16.6
2024-06-29T08:00,2024,Thane Mumbra,19.1906,73.0229,0.4,26.8,91.0,17.7
2024-06-29T09:00,2024,Thane Mumbra,19.1906,73.0229,0.7,28.0,87.0,16.6
2024-06-29T10:00,2024,Thane Mumbra,19.1906,73.0229,0.7,27.8,84.0,18.4
2024-06-29T11:00,2024,Thane Mumbra,19.1906,73.0229,0.3,29.9,78.0,22.2
2024-06-29T12:00,2024,Thane Mumbra,19.1906,73.0229,0.7,29.4,79.0,22.7
2024-06-29T13:00,2024,Thane Mumbra,19.1906,73.0229,0.1,29.9,78.0,24.1
2024-06-29T14:00,2024,Thane Mumbra,19.1906,73.0229,1.4,29.1,81.0,23.4
2024-06-29T15:00,2024,Thane Mumbra,19.1906,73.0229,0.6,28.4,82.0,26.9
2024-06-29T16:00,2024,Thane Mumbra,19.1906,73.0229,0.7,28.2,84.0,22.7
2024-06-29T17:00,2024,Thane Mumbra,19.1906,73.0229,0.5,27.6,87.0,16.3
2024-06-29T18:00,2024,Thane Mumbra,19.1906,73.0229,0.2,27.8,85.0,15.8
2024-06-29T19:00,2024,Thane Mumbra,19.1906,73.0229,0.2,27.0,88.0,16.0
2024-06-29T20:00,2024,Thane Mumbra,19.1906,73.0229,0.3,26.4,91.0,13.4
2024-06-29T21:00,2024,Thane Mumbra,19.1906,73.0229,0.3,26.3,91.0,15.2
2024-06-29T22:00,2024,Thane Mumbra,19.1906,73.0229,0.3,25.8,93.0,11.7
2024-06-29T23:00,2024,Thane Mumbra,19.1906,73.0229,0.6,25.9,94.0,13.8
2024-06-30T00:00,2024,Thane Mumbra,19.1906,73.0229,0.5,25.5,96.0,12.4
2024-06-30T01:00,2024,Thane Mumbra,19.1906,73.0229,0.4,25.6,95.0,13.6
2024-06-30T02:00,2024,Thane Mumbra,19.1906,73.0229,0.8,25.8,94.0,11.9
2024-06-30T03:00,2024,Thane Mumbra,19.1906,73.0229,1.3,25.6,95.0,13.7
2024-06-30T04:00,2024,Thane Mumbra,19.1906,73.0229,0.6,25.6,95.0,14.8
2024-06-30T05:00,2024,Thane Mumbra,19.1906,73.0229,0.5,25.4,95.0,14.2
2024-06-30T06:00,2024,Thane Mumbra,19.1906,73.0229,0.3,26.3,94.0,10.6
2024-06-30T07:00,2024,Thane Mumbra,19.1906,73.0229,0.3,27.1,92.0,15.2
2024-06-30T08:00,2024,Thane Mumbra,19.1906,73.0229,4.0,27.8,87.0,17.6
2024-06-30T09:00,2024,Thane Mumbra,19.1906,73.0229,3.0,27.4,90.0,18.8
2024-06-30T10:00,2024,Thane Mumbra,19.1906,73.0229,3.1,27.3,90.0,17.5
2024-06-30T11:00,2024,Thane Mumbra,19.1906,73.0229,0.4,27.9,89.0,16.9
2024-06-30T12:00,2024,Thane Mumbra,19.1906,73.0229,0.2,29.7,81.0,18.9
2024-06-30T13:00,2024,Thane Mumbra,19.1906,73.0229,3.9,28.5,87.0,18.4
2024-06-30T14:00,2024,Thane Mumbra,19.1906,73.0229,1.3,27.6,87.0,19.1
2024-06-30T15:00,2024,Thane Mumbra,19.1906,73.0229,0.3,27.7,86.0,16.6
2024-06-30T16:00,2024,Thane Mumbra,19.1906,73.0229,0.0,28.3,86.0,14.7
2024-06-30T17:00,2024,Thane Mumbra,19.1906,73.0229,0.0,29.2,83.0,16.2
2024-06-30T18:00,2024,Thane Mumbra,19.1906,73.0229,0.1,27.8,84.0,18.0
2024-06-30T19:00,2024,Thane Mumbra,19.1906,73.0229,0.7,27.0,86.0,15.4
2024-06-30T20:00,2024,Thane Mumbra,19.1906,73.0229,0.7,26.2,91.0,20.1
2024-06-30T21:00,2024,Thane Mumbra,19.1906,73.0229,0.5,26.2,91.0,16.1
2024-06-30T22:00,2024,Thane Mumbra,19.1906,73.0229,0.2,26.3,91.0,17.1
2024-06-30T23:00,2024,Thane Mumbra,19.1906,73.0229,0.3,26.6,90.0,18.4
2024-07-01T00:00,2024,Thane Mumbra,19.1906,73.0229,0.5,26.2,90.0,16.7
2024-07-01T01:00,2024,Thane Mumbra,19.1906,73.0229,0.8,25.7,92.0,16.6
2024-07-01T02:00,2024,Thane Mumbra,19.1906,73.0229,0.1,26.8,88.0,20.0
2024-07-01T03:00,2024,Thane Mumbra,19.1906,73.0229,0.5,26.2,90.0,19.1
2024-07-01T04:00,2024,Thane Mumbra,19.1906,73.0229,0.1,26.6,90.0,18.0
2024-07-01T05:00,2024,Thane Mumbra,19.1906,73.0229,0.2,26.7,89.0,17.4
2024-07-01T06:00,2024,Thane Mumbra,19.1906,73.0229,0.1,27.5,83.0,17.9
2024-07-01T07:00,2024,Thane Mumbra,19.1906,73.0229,0.1,27.8,84.0,20.0
2024-07-01T08:00,2024,Thane Mumbra,19.1906,73.0229,0.5,28.0,86.0,23.8
2024-07-01T09:00,2024,Thane Mumbra,19.1906,73.0229,0.5,28.7,82.0,24.5
2024-07-01T10:00,2024,Thane Mumbra,19.1906,73.0229,0.2,29.6,78.0,24.8
2024-07-01T11:00,2024,Thane Mumbra,19.1906,73.0229,0.0,31.4,69.0,30.0
2024-07-01T12:00,2024,Thane Mumbra,19.1906,73.0229,0.1,30.5,72.0,31.4
2024-07-01T13:00,2024,Thane Mumbra,19.1906,73.0229,0.2,30.4,73.0,29.1
2024-07-01T14:00,2024,Thane Mumbra,19.1906,73.0229,1.7,28.6,79.0,28.3
2024-07-01T15:00,2024,Thane Mumbra,19.1906,73.0229,1.3,27.8,86.0,21.0
2024-07-01T16:00,2024,Thane Mumbra,19.1906,73.0229,0.1,27.1,87.0,21.7
2024-07-01T17:00,2024,Thane Mumbra,19.1906,73.0229,0.4,27.8,83.0,26.5
2024-07-01T18:00,2024,Thane Mumbra,19.1906,73.0229,0.2,27.3,86.0,22.8
2024-07-01T19:00,2024,Thane Mumbra,19.1906,73.0229,0.5,25.4,93.0,20.0
2024-07-01T20:00,2024,Thane Mumbra,19.1906,73.0229,2.6,26.0,93.0,19.2
2024-07-01T21:00,2024,Thane Mumbra,19.1906,73.0229,1.0,25.9,92.0,22.1
2024-07-01T22:00,2024,Thane Mumbra,19.1906,73.0229,0.4,26.5,90.0,23.8
2024-07-01T23:00,2024,Thane Mumbra,19.1906,73.0229,0.5,26.6,89.0,22.2
2024-07-02T00:00,2024,Thane Mumbra,19.1906,73.0229,0.0,27.2,88.0,19.1
2024-07-02T01:00,2024,Thane Mumbra,19.1906,73.0229,0.1,27.0,86.0,19.9
2024-07-02T02:00,2024,Thane Mumbra,19.1906,73.0229,0.9,26.7,85.0,21.1
2024-07-02T03:00,2024,Thane Mumbra,19.1906,73.0229,0.6,26.6,89.0,15.9
2024-07-02T04:00,2024,Thane Mumbra,19.1906,73.0229,0.4,26.5,87.0,15.8
2024-07-02T05:00,2024,Thane Mumbra,19.1906,73.0229,1.7,25.3,94.0,12.9
2024-07-02T06:00,2024,Thane Mumbra,19.1906,73.0229,1.0,25.9,90.0,19.6
2024-07-02T07:00,2024,Thane Mumbra,19.1906,73.0229,0.4,26.7,90.0,19.8
2024-07-02T08:00,2024,Thane Mumbra,19.1906,73.0229,0.4,27.4,88.0,22.8
2024-07-02T09:00,2024,Thane Mumbra,19.1906,73.0229,0.3,28.3,86.0,18.6
2024-07-02T10:00,2024,Thane Mumbra,19.1906,73.0229,0.1,28.5,81.0,18.6
2024-07-02T11:00,2024,Thane Mumbra,19.1906,73.0229,0.5,29.1,81.0,21.8
2024-07-02T12:00,2024,Thane Mumbra,19.1906,73.0229,0.4,30.8,76.0,22.0
2024-07-02T13:00,2024,Thane Mumbra,19.1906,73.0229,0.0,31.2,73.0,24.4
2024-07-02T14:00,2024,Thane Mumbra,19.1906,73.0229,0.1,30.5,74.0,24.7
2024-07-02T15:00,2024,Thane Mumbra,19.1906,73.0229,0.1,29.9,77.0,20.3
2024-07-02T16:00,2024,Thane Mumbra,19.1906,73.0229,0.1,29.6,79.0,23.8
2024-07-02T17:00,2024,Thane Mumbra,19.1906,73.0229,0.4,29.5,82.0,21.7
2024-07-02T18:00,2024,Thane Mumbra,19.1906,73.0229,0.0,29.9,80.0,20.4
2024-07-02T19:00,2024,Thane Mumbra,19.1906,73.0229,0.1,28.7,85.0,19.2
2024-07-02T20:00,2024,Thane Mumbra,19.1906,73.0229,0.1,28.7,84.0,17.4
2024-07-02T21:00,2024,Thane Mumbra,19.1906,73.0229,0.2,27.7,89.0,17.2
2024-07-02T22:00,2024,Thane Mumbra,19.1906,73.0229,0.1,25.9,88.0,17.2
2024-07-02T23:00,2024,Thane Mumbra,19.1906,73.0229,0.0,25.9,88.0,14.6
2024-07-03T00:00,2024,Thane Mumbra,19.1906,73.0229,0.1,26.3,89.0,15.5
2024-07-03T01:00,2024,Thane Mumbra,19.1906,73.0229,0.1,26.4,89.0,13.3
2024-07-03T02:00,2024,Thane Mumbra,19.1906,73.0229,0.7,25.9,90.0,13.7
2024-07-03T03:00,2024,Thane Mumbra,19.1906,73.0229,0.5,26.0,91.0,13.7
2024-07-03T04:00,2024,Thane Mumbra,19.1906,73.0229,0.1,26.3,93.0,11.5
2024-07-03T05:00,2024,Thane Mumbra,19.1906,73.0229,0.5,26.1,88.0,12.2
2024-07-03T06:00,2024,Thane Mumbra,19.1906,73.0229,1.1,25.7,94.0,13.8
2024-07-03T07:00,2024,Thane Mumbra,19.1906,73.0229,0.2,26.2,94.0,12.6
2024-07-03T08:00,2024,Thane Mumbra,19.1906,73.0229,0.7,26.9,93.0,14.7
2024-07-03T09:00,2024,Thane Mumbra,19.1906,73.0229,0.4,28.2,89.0,18.5
2024-07-03T10:00,2024,Thane Mumbra,19.1906,73.0229,0.2,28.6,86.0,19.2
2024-07-03T11:00,2024,Thane Mumbra,19.1906,73.0229,0.2,29.8,79.0,19.4
2024-07-03T12:00,2024,Thane Mumbra,19.1906,73.0229,0.2,29.3,81.0,22.4
2024-07-03T13:00,2024,Thane Mumbra,19.1906,73.0229,0.1,29.4,80.0,21.5
2024-07-03T14:00,2024,Thane Mumbra,19.1906,73.0229,0.4,29.0,82.0,22.9
2024-07-03T15:00,2024,Thane Mumbra,19.1906,73.0229,0.1,29.4,81.0,23.8
2024-07-03T16:00,2024,Thane Mumbra,19.1906,73.0229,0.7,29.1,84.0,19.5
2024-07-03T17:00,2024,Thane Mumbra,19.1906,73.0229,0.1,29.2,83.0,18.9
2024-07-03T18:00,2024,Thane Mumbra,19.1906,73.0229,1.2,26.1,94.0,19.9
2024-07-03T19:00,2024,Thane Mumbra,19.1906,73.0229,4.1,25.9,94.0,10.7
2024-07-03T20:00,2024,Thane Mumbra,19.1906,73.0229,0.3,27.3,89.0,17.9
2024-07-03T21:00,2024,Thane Mumbra,19.1906,73.0229,0.2,27.3,90.0,16.3
2024-07-03T22:00,2024,Thane Mumbra,19.1906,73.0229,0.5,27.1,91.0,15.5
2024-07-03T23:00,2024,Thane Mumbra,19.1906,73.0229,0.1,27.0,90.0,16.0
2024-07-04T00:00,2024,Thane Mumbra,19.1906,73.0229,0.6,26.3,91.0,13.8
2024-07-04T01:00,2024,Thane Mumbra,19.1906,73.0229,0.4,26.6,89.0,13.0
2024-07-04T02:00,2024,Thane Mumbra,19.1906,73.0229,0.5,26.7,88.0,12.6
2024-07-04T03:00,2024,Thane Mumbra,19.1906,73.0229,0.4,25.7,93.0,14.5
2024-07-04T04:00,2024,Thane Mumbra,19.1906,73.0229,0.3,26.0,92.0,13.0
2024-07-04T05:00,2024,Thane Mumbra,19.1906,73.0229,0.4,26.2,90.0,14.5
2024-07-04T06:00,2024,Thane Mumbra,19.1906,73.0229,0.0,27.1,90.0,14.3
2024-07-04T07:00,2024,Thane Mumbra,19.1906,73.0229,0.1,27.5,87.0,12.9
2024-07-04T08:00,2024,Thane Mumbra,19.1906,73.0229,0.7,27.4,86.0,16.3
2024-07-04T09:00,2024,Thane Mumbra,19.1906,73.0229,0.5,27.8,87.0,14.8
2024-07-04T10:00,2024,Thane Mumbra,19.1906,73.0229,0.1,28.5,83.0,16.6
2024-07-04T11:00,2024,Thane Mumbra,19.1906,73.0229,0.6,28.6,83.0,15.8
2024-07-04T12:00,2024,Thane Mumbra,19.1906,73.0229,0.3,27.7,86.0,17.1
2024-07-04T13:00,2024,Thane Mumbra,19.1906,73.0229,0.2,28.3,84.0,20.0
2024-07-04T14:00,2024,Thane Mumbra,19.1906,73.0229,0.4,27.8,84.0,17.6
2024-07-04T15:00,2024,Thane Mumbra,19.1906,73.0229,0.7,27.3,87.0,14.5
2024-07-04T16:00,2024,Thane Mumbra,19.1906,73.0229,0.9,27.8,87.0,16.3
2024-07-04T17:00,2024,Thane Mumbra,19.1906,73.0229,0.7,27.1,88.0,17.2
2024-07-04T18:00,2024,Thane Mumbra,19.1906,73.0229,0.5,27.4,89.0,14.1
2024-07-04T19:00,2024,Thane Mumbra,19.1906,73.0229,0.2,26.4,93.0,13.2
2024-07-04T20:00,2024,Thane Mumbra,19.1906,73.0229,0.2,26.3,93.0,10.9
2024-07-04T21:00,2024,Thane Mumbra,19.1906,73.0229,0.2,26.2,94.0,14.4
2024-07-04T22:00,2024,Thane Mumbra,19.1906,73.0229,0.3,26.2,94.0,13.7
2024-07-04T23:00,2024,Thane Mumbra,19.1906,73.0229,0.8,25.9,95.0,10.7
2024-07-05T00:00,2024,Thane Mumbra,19.1906,73.0229,0.2,26.0,94.0,14.8
2024-07-05T01:00,2024,Thane Mumbra,19.1906,73.0229,0.3,26.0,94.0,13.4
2024-07-05T02:00,2024,Thane Mumbra,19.1906,73.0229,0.5,25.6,95.0,14.8
2024-07-05T03:00,2024,Thane Mumbra,19.1906,73.0229,0.6,25.7,94.0,14.5
2024-07-05T04:00,2024,Thane Mumbra,19.1906,73.0229,0.8,25.8,94.0,15.6
2024-07-05T05:00,2024,Thane Mumbra,19.1906,73.0229,0.7,25.7,94.0,16.6
2024-07-05T06:00,2024,Thane Mumbra,19.1906,73.0229,0.1,26.8,87.0,13.0
2024-07-05T07:00,2024,Thane Mumbra,19.1906,73.0229,0.1,27.1,88.0,13.8
2024-07-05T08:00,2024,Thane Mumbra,19.1906,73.0229,0.1,28.0,85.0,15.1
2024-07-05T09:00,2024,Thane Mumbra,19.1906,73.0229,0.5,28.1,86.0,14.2
2024-07-05T10:00,2024,Thane Mumbra,19.1906,73.0229,0.1,29.1,81.0,14.0
2024-07-05T11:00,2024,Thane Mumbra,19.1906,73.0229,1.3,27.8,85.0,15.1
2024-07-05T12:00,2024,Thane Mumbra,19.1906,73.0229,0.0,28.9,80.0,17.2
2024-07-05T13:00,2024,Thane Mumbra,19.1906,73.0229,1.7,27.7,83.0,17.8
2024-07-05T14:00,2024,Thane Mumbra,19.1906,73.0229,0.7,27.1,86.0,19.8
2024-07-05T15:00,2024,Thane Mumbra,19.1906,73.0229,3.2,27.0,88.0,20.5
2024-07-05T16:00,2024,Thane Mumbra,19.1906,73.0229,1.1,26.5,90.0,13.2
2024-07-05T17:00,2024,Thane Mumbra,19.1906,73.0229,0.7,27.1,87.0,15.8
2024-07-05T18:00,2024,Thane Mumbra,19.1906,73.0229,0.1,27.3,88.0,13.4
2024-07-05T19:00,2024,Thane Mumbra,19.1906,73.0229,0.2,26.6,90.0,12.6
2024-07-05T20:00,2024,Thane Mumbra,19.1906,73.0229,0.4,26.3,89.0,14.0
2024-07-05T21:00,2024,Thane Mumbra,19.1906,73.0229,0.8,25.5,94.0,15.4
2024-07-05T22:00,2024,Thane Mumbra,19.1906,73.0229,1.3,25.0,96.0,13.6
2024-07-05T23:00,2024,Thane Mumbra,19.1906,73.0229,1.0,25.1,96.0,14.6
2024-07-06T00:00,2024,Thane Mumbra,19.1906,73.0229,0.7,25.5,94.0,16.1
2024-07-06T01:00,2024,Thane Mumbra,19.1906,73.0229,0.9,25.5,95.0,16.1
2024-07-06T02:00,2024,Thane Mumbra,19.1906,73.0229,0.4,25.8,92.0,17.3
2024-07-06T03:00,2024,Thane Mumbra,19.1906,73.0229,1.1,25.9,94.0,14.9
2024-07-06T04:00,2024,Thane Mumbra,19.1906,73.0229,1.9,25.5,94.0,15.0
2024-07-06T05:00,2024,Thane Mumbra,19.1906,73.0229,8.6,24.6,96.0,14.5
2024-07-06T06:00,2024,Thane Mumbra,19.1906,73.0229,1.4,26.5,91.0,17.8
2024-07-06T07:00,2024,Thane Mumbra,19.1906,73.0229,0.6,27.2,92.0,17.1
2024-07-06T08:00,2024,Thane Mumbra,19.1906,73.0229,0.9,27.1,89.0,19.1
2024-07-06T09:00,2024,Thane Mumbra,19.1906,73.0229,1.0,26.8,91.0,17.1
2024-07-06T10:00,2024,Thane Mumbra,19.1906,73.0229,0.5,27.7,87.0,19.1
2024-07-06T11:00,2024,Thane Mumbra,19.1906,73.0229,1.6,28.1,85.0,18.7
2024-07-06T12:00,2024,Thane Mumbra,19.1906,73.0229,0.1,29.3,78.0,19.8
2024-07-06T13:00,2024,Thane Mumbra,19.1906,73.0229,0.4,28.1,83.0,17.1
2024-07-06T14:00,2024,Thane Mumbra,19.1906,73.0229,0.0,29.5,77.0,21.0
2024-07-06T15:00,2024,Thane Mumbra,19.1906,73.0229,0.2,29.4,77.0,21.2
2024-07-06T16:00,2024,Thane Mumbra,19.1906,73.0229,0.0,29.4,78.0,20.9
2024-07-06T17:00,2024,Thane Mumbra,19.1906,73.0229,0.1,29.2,78.0,17.2
2024-07-06T18:00,2024,Thane Mumbra,19.1906,73.0229,0.0,27.8,86.0,14.6
2024-07-06T19:00,2024,Thane Mumbra,19.1906,73.0229,0.2,26.7,88.0,11.4
2024-07-06T20:00,2024,Thane Mumbra,19.1906,73.0229,0.6,26.3,92.0,9.7
2024-07-06T21:00,2024,Thane Mumbra,19.1906,73.0229,0.7,26.0,93.0,11.6
2024-07-06T22:00,2024,Thane Mumbra,19.1906,73.0229,1.1,25.6,94.0,13.6
2024-07-06T23:00,2024,Thane Mumbra,19.1906,73.0229,0.7,25.3,96.0,10.0
2024-07-07T00:00,2024,Thane Mumbra,19.1906,73.0229,0.4,25.1,96.0,12.6
2024-07-07T01:00,2024,Thane Mumbra,19.1906,73.0229,0.9,25.0,97.0,11.8
2024-07-07T02:00,2024,Thane Mumbra,19.1906,73.0229,0.9,24.8,96.0,13.7
2024-07-07T03:00,2024,Thane Mumbra,19.1906,73.0229,0.5,24.6,97.0,13.3
2024-07-07T04:00,2024,Thane Mumbra,19.1906,73.0229,1.7,24.0,99.0,14.5
2024-07-07T05:00,2024,Thane Mumbra,19.1906,73.0229,0.8,24.9,96.0,13.0
2024-07-07T06:00,2024,Thane Mumbra,19.1906,73.0229,1.3,26.5,93.0,12.7
2024-07-07T07:00,2024,Thane Mumbra,19.1906,73.0229,0.8,26.5,93.0,11.0
2024-07-07T08:00,2024,Thane Mumbra,19.1906,73.0229,0.4,26.9,91.0,11.2
2024-07-07T09:00,2024,Thane Mumbra,19.1906,73.0229,0.5,27.4,91.0,9.9
2024-07-07T10:00,2024,Thane Mumbra,19.1906,73.0229,0.6,26.9,91.0,15.9
2024-07-07T11:00,2024,Thane Mumbra,19.1906,73.0229,0.6,27.7,90.0,9.7
2024-07-07T12:00,2024,Thane Mumbra,19.1906,73.0229,0.4,28.5,85.0,10.2
2024-07-07T13:00,2024,Thane Mumbra,19.1906,73.0229,0.1,28.3,88.0,13.2
2024-07-07T14:00,2024,Thane Mumbra,19.1906,73.0229,0.5,28.8,85.0,13.3
2024-07-07T15:00,2024,Thane Mumbra,19.1906,73.0229,0.3,28.6,86.0,10.9
2024-07-07T16:00,2024,Thane Mumbra,19.1906,73.0229,0.2,28.4,85.0,12.7
2024-07-07T17:00,2024,Thane Mumbra,19.1906,73.0229,0.5,27.4,87.0,12.8
2024-07-07T18:00,2024,Thane Mumbra,19.1906,73.0229,0.4,27.0,92.0,8.3
2024-07-07T19:00,2024,Thane Mumbra,19.1906,73.0229,0.6,26.0,95.0,14.8
2024-07-07T20:00,2024,Thane Mumbra,19.1906,73.0229,0.2,25.4,94.0,12.0
2024-07-07T21:00,2024,Thane Mumbra,19.1906,73.0229,0.1,25.4,95.0,12.6
2024-07-07T22:00,2024,Thane Mumbra,19.1906,73.0229,0.1,25.2,95.0,11.9
2024-07-07T23:00,2024,Thane Mumbra,19.1906,73.0229,0.0,25.2,95.0,11.6
2024-07-08T00:00,2024,Thane Mumbra,19.1906,73.0229,0.0,25.0,95.0,11.4
2024-07-08T01:00,2024,Thane Mumbra,19.1906,73.0229,0.2,24.9,96.0,10.8
2024-07-08T02:00,2024,Thane Mumbra,19.1906,73.0229,0.1,25.0,95.0,11.5
2024-07-08T03:00,2024,Thane Mumbra,19.1906,73.0229,0.3,24.9,96.0,11.5
2024-07-08T04:00,2024,Thane Mumbra,19.1906,73.0229,0.4,25.0,96.0,11.5
2024-07-08T05:00,2024,Thane Mumbra,19.1906,73.0229,0.1,25.2,95.0,12.8
2024-07-08T06:00,2024,Thane Mumbra,19.1906,73.0229,0.1,24.3,96.0,13.7
2024-07-08T07:00,2024,Thane Mumbra,19.1906,73.0229,0.2,25.1,94.0,11.6
2024-07-08T08:00,2024,Thane Mumbra,19.1906,73.0229,0.1,26.2,90.0,13.0
2024-07-08T09:00,2024,Thane Mumbra,19.1906,73.0229,0.2,26.6,89.0,10.8
2024-07-08T10:00,2024,Thane Mumbra,19.1906,73.0229,0.1,28.1,85.0,9.1
2024-07-08T11:00,2024,Thane Mumbra,19.1906,73.0229,0.3,28.5,83.0,8.9
2024-07-08T12:00,2024,Thane Mumbra,19.1906,73.0229,0.5,29.6,78.0,11.1
2024-07-08T13:00,2024,Thane Mumbra,19.1906,73.0229,4.9,29.0,80.0,11.7
2024-07-08T14:00,2024,Thane Mumbra,19.1906,73.0229,0.9,27.8,85.0,9.5
2024-07-08T15:00,2024,Thane Mumbra,19.1906,73.0229,0.2,28.6,83.0,11.2
2024-07-08T16:00,2024,Thane Mumbra,19.1906,73.0229,0.2,28.5,80.0,11.7
2024-07-08T17:00,2024,Thane Mumbra,19.1906,73.0229,0.5,27.5,87.0,10.5
2024-07-08T18:00,2024,Thane Mumbra,19.1906,73.0229,3.1,25.7,93.0,2.8
2024-07-08T19:00,2024,Thane Mumbra,19.1906,73.0229,1.1,25.5,95.0,5.1
2024-07-08T20:00,2024,Thane Mumbra,19.1906,73.0229,0.9,25.3,96.0,5.6
2024-07-08T21:00,2024,Thane Mumbra,19.1906,73.0229,2.1,25.3,96.0,3.7
2024-07-08T22:00,2024,Thane Mumbra,19.1906,73.0229,2.1,25.2,97.0,4.6
2024-07-08T23:00,2024,Thane Mumbra,19.1906,73.0229,1.6,25.2,98.0,5.4
2024-07-09T00:00,2024,Thane Mumbra,19.1906,73.0229,1.4,25.2,97.0,7.2
2024-07-09T01:00,2024,Thane Mumbra,19.1906,73.0229,0.6,25.1,96.0,7.9
2024-07-09T02:00,2024,Thane Mumbra,19.1906,73.0229,1.3,25.0,96.0,7.3
2024-07-09T03:00,2024,Thane Mumbra,19.1906,73.0229,2.5,24.7,97.0,6.7
2024-07-09T04:00,2024,Thane Mumbra,19.1906,73.0229,2.2,24.7,97.0,6.3
2024-07-09T05:00,2024,Thane Mumbra,19.1906,73.0229,0.8,24.5,97.0,8.9
2024-07-09T06:00,2024,Thane Mumbra,19.1906,73.0229,1.3,24.6,96.0,9.7
2024-07-09T07:00,2024,Thane Mumbra,19.1906,73.0229,1.0,24.5,96.0,8.9
2024-07-09T08:00,2024,Thane Mumbra,19.1906,73.0229,3.2,24.8,94.0,8.2
2024-07-09T09:00,2024,Thane Mumbra,19.1906,73.0229,4.4,25.0,94.0,9.2
2024-07-09T10:00,2024,Thane Mumbra,19.1906,73.0229,4.3,25.4,94.0,10.0
2024-07-09T11:00,2024,Thane Mumbra,19.1906,73.0229,6.9,25.9,92.0,13.1
2024-07-09T12:00,2024,Thane Mumbra,19.1906,73.0229,16.6,26.2,92.0,11.9
2024-07-09T13:00,2024,Thane Mumbra,19.1906,73.0229,19.4,26.1,93.0,14.0
2024-07-09T14:00,2024,Thane Mumbra,19.1906,73.0229,14.6,26.5,91.0,10.8
2024-07-09T15:00,2024,Thane Mumbra,19.1906,73.0229,3.2,26.4,93.0,13.0
2024-07-09T16:00,2024,Thane Mumbra,19.1906,73.0229,0.4,27.0,89.0,12.6
2024-07-09T17:00,2024,Thane Mumbra,19.1906,73.0229,0.2,27.0,89.0,12.0
2024-07-09T18:00,2024,Thane Mumbra,19.1906,73.0229,4.2,25.8,94.0,12.0
2024-07-09T19:00,2024,Thane Mumbra,19.1906,73.0229,3.9,25.4,95.0,12.1
2024-07-09T20:00,2024,Thane Mumbra,19.1906,73.0229,2.7,25.8,93.0,11.4
2024-07-09T21:00,2024,Thane Mumbra,19.1906,73.0229,0.1,26.3,90.0,13.5
2024-07-09T22:00,2024,Thane Mumbra,19.1906,73.0229,0.0,25.8,91.0,12.8
2024-07-09T23:00,2024,Thane Mumbra,19.1906,73.0229,1.7,24.9,94.0,10.2
2024-07-10T00:00,2024,Thane Mumbra,19.1906,73.0229,0.2,25.1,96.0,11.4
2024-07-10T01:00,2024,Thane Mumbra,19.1906,73.0229,0.2,25.1,95.0,11.0
2024-07-10T02:00,2024,Thane Mumbra,19.1906,73.0229,0.1,24.8,96.0,9.4
2024-07-10T03:00,2024,Thane Mumbra,19.1906,73.0229,0.1,24.9,96.0,11.4
2024-07-10T04:00,2024,Thane Mumbra,19.1906,73.0229,0.0,25.2,94.0,12.0
2024-07-10T05:00,2024,Thane Mumbra,19.1906,73.0229,0.2,24.8,96.0,12.3
2024-07-10T06:00,2024,Thane Mumbra,19.1906,73.0229,0.2,24.5,96.0,13.2
2024-07-10T07:00,2024,Thane Mumbra,19.1906,73.0229,0.3,25.2,94.0,13.7
2024-07-10T08:00,2024,Thane Mumbra,19.1906,73.0229,0.2,26.3,89.0,17.0
2024-07-10T09:00,2024,Thane Mumbra,19.1906,73.0229,0.4,27.1,87.0,14.8
2024-07-10T10:00,2024,Thane Mumbra,19.1906,73.0229,0.3,27.3,86.0,15.3
2024-07-10T11:00,2024,Thane Mumbra,19.1906,73.0229,0.2,27.8,83.0,15.5
2024-07-10T12:00,2024,Thane Mumbra,19.1906,73.0229,0.1,28.7,80.0,16.3
2024-07-10T13:00,2024,Thane Mumbra,19.1906,73.0229,0.1,29.3,78.0,18.2
2024-07-10T14:00,2024,Thane Mumbra,19.1906,73.0229,0.0,29.8,75.0,19.9
2024-07-10T15:00,2024,Thane Mumbra,19.1906,73.0229,0.3,28.4,80.0,19.1
2024-07-10T16:00,2024,Thane Mumbra,19.1906,73.0229,0.1,28.7,79.0,18.3
2024-07-10T17:00,2024,Thane Mumbra,19.1906,73.0229,1.6,28.1,84.0,15.8
2024-07-10T18:00,2024,Thane Mumbra,19.1906,73.0229,0.1,27.3,84.0,12.7
2024-07-10T19:00,2024,Thane Mumbra,19.1906,73.0229,0.5,26.3,89.0,11.4
2024-07-10T20:00,2024,Thane Mumbra,19.1906,73.0229,5.4,25.3,95.0,9.0
2024-07-10T21:00,2024,Thane Mumbra,19.1906,73.0229,7.7,25.2,95.0,9.2
2024-07-10T22:00,2024,Thane Mumbra,19.1906,73.0229,0.5,25.2,96.0,8.9
2024-07-10T23:00,2024,Thane Mumbra,19.1906,73.0229,0.1,24.9,97.0,11.6
2024-07-11T00:00,2024,Thane Mumbra,19.1906,73.0229,0.0,24.5,95.0,12.3
2024-07-11T01:00,2024,Thane Mumbra,19.1906,73.0229,0.1,24.3,96.0,14.4
2024-07-11T02:00,2024,Thane Mumbra,19.1906,73.0229,0.3,24.2,96.0,14.5
2024-07-11T03:00,2024,Thane Mumbra,19.1906,73.0229,0.5,24.6,96.0,13.0
2024-07-11T04:00,2024,Thane Mumbra,19.1906,73.0229,0.2,24.8,96.0,10.9
2024-07-11T05:00,2024,Thane Mumbra,19.1906,73.0229,0.3,24.8,96.0,9.4
2024-07-11T06:00,2024,Thane Mumbra,19.1906,73.0229,1.5,23.9,94.0,13.0
2024-07-11T07:00,2024,Thane Mumbra,19.1906,73.0229,5.8,23.7,95.0,14.2
2024-07-11T08:00,2024,Thane Mumbra,19.1906,73.0229,1.5,24.4,95.0,13.4
2024-07-11T09:00,2024,Thane Mumbra,19.1906,73.0229,0.7,26.1,90.0,15.6
2024-07-11T10:00,2024,Thane Mumbra,19.1906,73.0229,1.2,26.5,91.0,14.1
2024-07-11T11:00,2024,Thane Mumbra,19.1906,73.0229,0.2,27.3,88.0,11.3
2024-07-11T12:00,2024,Thane Mumbra,19.1906,73.0229,0.3,29.1,79.0,14.3
2024-07-11T13:00,2024,Thane Mumbra,19.1906,73.0229,1.7,28.0,81.0,17.3
2024-07-11T14:00,2024,Thane Mumbra,19.1906,73.0229,1.1,27.4,85.0,16.5
2024-07-11T15:00,2024,Thane Mumbra,19.1906,73.0229,1.5,26.5,91.0,15.1
2024-07-11T16:00,2024,Thane Mumbra,19.1906,73.0229,0.6,26.8,90.0,12.9
2024-07-11T17:00,2024,Thane Mumbra,19.1906,73.0229,1.2,26.6,88.0,17.1
2024-07-11T18:00,2024,Thane Mumbra,19.1906,73.0229,2.2,26.2,93.0,12.6
2024-07-11T19:00,2024,Thane Mumbra,19.1906,73.0229,3.5,25.6,94.0,12.6
2024-07-11T20:00,2024,Thane Mumbra,19.1906,73.0229,1.2,25.5,94.0,8.7
2024-07-11T21:00,2024,Thane Mumbra,19.1906,73.0229,0.3,25.6,95.0,6.6
2024-07-11T22:00,2024,Thane Mumbra,19.1906,73.0229,0.2,25.7,96.0,8.3
2024-07-11T23:00,2024,Thane Mumbra,19.1906,73.0229,0.0,25.9,94.0,9.3
2024-07-12T00:00,2024,Thane Mumbra,19.1906,73.0229,0.0,25.9,94.0,8.9
2024-07-12T01:00,2024,Thane Mumbra,19.1906,73.0229,0.5,25.8,94.0,7.5
2024-07-12T02:00,2024,Thane Mumbra,19.1906,73.0229,0.9,25.3,96.0,9.4
2024-07-12T03:00,2024,Thane Mumbra,19.1906,73.0229,0.7,25.3,95.0,7.6
2024-07-12T04:00,2024,Thane Mumbra,19.1906,73.0229,0.4,25.1,96.0,9.9
2024-07-12T05:00,2024,Thane Mumbra,19.1906,73.0229,0.9,24.9,97.0,9.2
2024-07-12T06:00,2024,Thane Mumbra,19.1906,73.0229,0.7,25.3,94.0,7.1
2024-07-12T07:00,2024,Thane Mumbra,19.1906,73.0229,4.1,25.4,95.0,7.7
2024-07-12T08:00,2024,Thane Mumbra,19.1906,73.0229,3.3,25.8,93.0,7.1
2024-07-12T09:00,2024,Thane Mumbra,19.1906,73.0229,1.9,26.4,91.0,10.7
2024-07-12T10:00,2024,Thane Mumbra,19.1906,73.0229,3.9,25.8,92.0,11.8
2024-07-12T11:00,2024,Thane Mumbra,19.1906,73.0229,4.7,25.8,95.0,9.2
2024-07-12T12:00,2024,Thane Mumbra,19.1906,73.0229,2.5,26.4,92.0,11.8
2024-07-12T13:00,2024,Thane Mumbra,19.1906,73.0229,0.9,26.8,92.0,15.9
2024-07-12T14:00,2024,Thane Mumbra,19.1906,73.0229,0.6,26.5,89.0,20.1
2024-07-12T15:00,2024,Thane Mumbra,19.1906,73.0229,2.6,25.6,92.0,14.3
2024-07-12T16:00,2024,Thane Mumbra,19.1906,73.0229,2.2,26.5,91.0,16.6
2024-07-12T17:00,2024,Thane Mumbra,19.1906,73.0229,1.0,26.5,90.0,14.5
2024-07-12T18:00,2024,Thane Mumbra,19.1906,73.0229,1.1,25.8,93.0,10.9
2024-07-12T19:00,2024,Thane Mumbra,19.1906,73.0229,1.3,25.3,95.0,12.2
2024-07-12T20:00,2024,Thane Mumbra,19.1906,73.0229,5.1,25.1,95.0,10.7
2024-07-12T21:00,2024,Thane Mumbra,19.1906,73.0229,1.0,25.7,95.0,9.6
2024-07-12T22:00,2024,Thane Mumbra,19.1906,73.0229,2.8,25.8,94.0,11.8
2024-07-12T23:00,2024,Thane Mumbra,19.1906,73.0229,1.5,25.7,95.0,12.2
2024-07-13T00:00,2024,Thane Mumbra,19.1906,73.0229,2.1,25.3,95.0,14.6
2024-07-13T01:00,2024,Thane Mumbra,19.1906,73.0229,2.7,25.1,96.0,13.8
2024-07-13T02:00,2024,Thane Mumbra,19.1906,73.0229,2.9,25.1,95.0,15.6
2024-07-13T03:00,2024,Thane Mumbra,19.1906,73.0229,3.2,25.1,95.0,13.0
2024-07-13T04:00,2024,Thane Mumbra,19.1906,73.0229,1.5,24.7,96.0,14.9
2024-07-13T05:00,2024,Thane Mumbra,19.1906,73.0229,6.0,24.6,96.0,7.2
2024-07-13T06:00,2024,Thane Mumbra,19.1906,73.0229,2.8,25.4,93.0,8.9
2024-07-13T07:00,2024,Thane Mumbra,19.1906,73.0229,2.1,25.7,93.0,11.2
2024-07-13T08:00,2024,Thane Mumbra,19.1906,73.0229,3.1,26.0,93.0,15.3
2024-07-13T09:00,2024,Thane Mumbra,19.1906,73.0229,2.2,26.1,93.0,13.7
2024-07-13T10:00,2024,Thane Mumbra,19.1906,73.0229,5.7,26.0,91.0,16.5
2024-07-13T11:00,2024,Thane Mumbra,19.1906,73.0229,1.2,26.3,93.0,16.1
2024-07-13T12:00,2024,Thane Mumbra,19.1906,73.0229,3.0,26.3,92.0,19.9
2024-07-13T13:00,2024,Thane Mumbra,19.1906,73.0229,1.4,26.1,93.0,19.7
2024-07-13T14:00,2024,Thane Mumbra,19.1906,73.0229,0.8,27.0,83.0,21.9
2024-07-13T15:00,2024,Thane Mumbra,19.1906,73.0229,2.3,26.6,90.0,19.0
2024-07-13T16:00,2024,Thane Mumbra,19.1906,73.0229,1.3,26.6,90.0,14.2
2024-07-13T17:00,2024,Thane Mumbra,19.1906,73.0229,0.3,26.0,93.0,14.4
2024-07-13T18:00,2024,Thane Mumbra,19.1906,73.0229,5.2,26.2,92.0,19.1
2024-07-13T19:00,2024,Thane Mumbra,19.1906,73.0229,3.9,25.6,93.0,17.2
2024-07-13T20:00,2024,Thane Mumbra,19.1906,73.0229,4.5,25.2,93.0,12.6
2024-07-13T21:00,2024,Thane Mumbra,19.1906,73.0229,3.3,25.3,94.0,10.4
2024-07-13T22:00,2024,Thane Mumbra,19.1906,73.0229,2.9,25.3,94.0,9.5
2024-07-13T23:00,2024,Thane Mumbra,19.1906,73.0229,2.1,25.5,94.0,12.8
2024-07-14T00:00,2024,Thane Mumbra,19.1906,73.0229,2.5,25.0,95.0,13.2
2024-07-14T01:00,2024,Thane Mumbra,19.1906,73.0229,1.9,24.8,95.0,9.3
2024-07-14T02:00,2024,Thane Mumbra,19.1906,73.0229,2.1,25.0,94.0,5.8
2024-07-14T03:00,2024,Thane Mumbra,19.1906,73.0229,1.3,24.8,96.0,9.4
2024-07-14T04:00,2024,Thane Mumbra,19.1906,73.0229,1.2,24.4,97.0,9.3
2024-07-14T05:00,2024,Thane Mumbra,19.1906,73.0229,1.6,24.3,97.0,8.9
2024-07-14T06:00,2024,Thane Mumbra,19.1906,73.0229,2.3,26.2,92.0,16.6
2024-07-14T07:00,2024,Thane Mumbra,19.1906,73.0229,1.6,25.7,94.0,11.6
2024-07-14T08:00,2024,Thane Mumbra,19.1906,73.0229,5.2,24.9,96.0,4.7
2024-07-14T09:00,2024,Thane Mumbra,19.1906,73.0229,4.2,24.7,95.0,6.3
2024-07-14T10:00,2024,Thane Mumbra,19.1906,73.0229,3.1,24.7,96.0,8.4
2024-07-14T11:00,2024,Thane Mumbra,19.1906,73.0229,2.5,25.1,95.0,6.3
2024-07-14T12:00,2024,Thane Mumbra,19.1906,73.0229,2.7,26.0,92.0,7.4
2024-07-14T13:00,2024,Thane Mumbra,19.1906,73.0229,1.3,25.3,95.0,8.2
2024-07-14T14:00,2024,Thane Mumbra,19.1906,73.0229,2.1,25.5,94.0,9.0
2024-07-14T15:00,2024,Thane Mumbra,19.1906,73.0229,1.2,26.2,90.0,11.2
2024-07-14T16:00,2024,Thane Mumbra,19.1906,73.0229,0.1,26.0,92.0,10.0
2024-07-14T17:00,2024,Thane Mumbra,19.1906,73.0229,0.5,25.4,94.0,13.0
2024-07-14T18:00,2024,Thane Mumbra,19.1906,73.0229,1.4,25.9,95.0,4.2
2024-07-14T19:00,2024,Thane Mumbra,19.1906,73.0229,2.0,25.6,96.0,4.7
2024-07-14T20:00,2024,Thane Mumbra,19.1906,73.0229,1.1,25.4,97.0,7.6
2024-07-14T21:00,2024,Thane Mumbra,19.1906,73.0229,0.4,25.4,97.0,8.7
2024-07-14T22:00,2024,Thane Mumbra,19.1906,73.0229,0.9,25.7,95.0,11.5
2024-07-14T23:00,2024,Thane Mumbra,19.1906,73.0229,0.3,24.2,96.0,15.8
2024-07-15T00:00,2024,Thane Mumbra,19.1906,73.0229,0.3,24.5,93.0,11.8
2024-07-15T01:00,2024,Thane Mumbra,19.1906,73.0229,0.0,24.7,94.0,8.5
2024-07-15T02:00,2024,Thane Mumbra,19.1906,73.0229,0.1,24.7,95.0,10.9
2024-07-15T03:00,2024,Thane Mumbra,19.1906,73.0229,0.1,24.6,96.0,7.0
2024-07-15T04:00,2024,Thane Mumbra,19.1906,73.0229,0.1,24.5,97.0,7.6
2024-07-15T05:00,2024,Thane Mumbra,19.1906,73.0229,0.7,24.8,96.0,7.4
2024-07-15T06:00,2024,Thane Mumbra,19.1906,73.0229,0.0,25.1,96.0,5.2
2024-07-15T07:00,2024,Thane Mumbra,19.1906,73.0229,0.0,25.4,95.0,4.3
2024-07-15T08:00,2024,Thane Mumbra,19.1906,73.0229,0.1,26.3,91.0,3.1
2024-07-15T09:00,2024,Thane Mumbra,19.1906,73.0229,0.2,27.0,89.0,6.0
2024-07-15T10:00,2024,Thane Mumbra,19.1906,73.0229,0.0,27.6,86.0,6.8
2024-07-15T11:00,2024,Thane Mumbra,19.1906,73.0229,0.0,28.8,81.0,6.5
2024-07-15T12:00,2024,Thane Mumbra,19.1906,73.0229,0.0,29.6,76.0,10.0
2024-07-15T13:00,2024,Thane Mumbra,19.1906,73.0229,0.9,28.5,79.0,13.4
2024-07-15T14:00,2024,Thane Mumbra,19.1906,73.0229,0.5,28.7,80.0,11.3
2024-07-15T15:00,2024,Thane Mumbra,19.1906,73.0229,0.3,28.6,80.0,11.6
2024-07-15T16:00,2024,Thane Mumbra,19.1906,73.0229,0.3,28.2,81.0,12.5
2024-07-15T17:00,2024,Thane Mumbra,19.1906,73.0229,0.1,27.8,82.0,12.4
2024-07-15T18:00,2024,Thane Mumbra,19.1906,73.0229,0.9,25.8,93.0,7.1
2024-07-15T19:00,2024,Thane Mumbra,19.1906,73.0229,1.2,25.6,94.0,4.6
2024-07-15T20:00,2024,Thane Mumbra,19.1906,73.0229,2.1,25.3,96.0,6.5
2024-07-15T21:00,2024,Thane Mumbra,19.1906,73.0229,2.1,25.3,95.0,6.2
2024-07-15T22:00,2024,Thane Mumbra,19.1906,73.0229,1.8,25.2,96.0,8.2
2024-07-15T23:00,2024,Thane Mumbra,19.1906,73.0229,0.8,25.2,97.0,10.5
2024-07-16T00:00,2024,Thane Mumbra,19.1906,73.0229,0.1,25.1,96.0,10.1
2024-07-16T01:00,2024,Thane Mumbra,19.1906,73.0229,0.1,25.2,96.0,9.4
2024-07-16T02:00,2024,Thane Mumbra,19.1906,73.0229,0.1,25.2,96.0,9.3
2024-07-16T03:00,2024,Thane Mumbra,19.1906,73.0229,0.2,25.4,95.0,9.5
2024-07-16T04:00,2024,Thane Mumbra,19.1906,73.0229,0.1,25.6,94.0,7.6
2024-07-16T05:00,2024,Thane Mumbra,19.1906,73.0229,0.1,25.5,95.0,8.7
2024-07-16T06:00,2024,Thane Mumbra,19.1906,73.0229,1.4,24.8,97.0,9.5
2024-07-16T07:00,2024,Thane Mumbra,19.1906,73.0229,1.5,25.0,95.0,8.2
2024-07-16T08:00,2024,Thane Mumbra,19.1906,73.0229,1.1,25.4,94.0,9.4
2024-07-16T09:00,2024,Thane Mumbra,19.1906,73.0229,0.8,26.1,91.0,8.0
2024-07-16T10:00,2024,Thane Mumbra,19.1906,73.0229,1.0,27.2,87.0,10.5
2024-07-16T11:00,2024,Thane Mumbra,19.1906,73.0229,0.2,27.9,85.0,12.0
2024-07-16T12:00,2024,Thane Mumbra,19.1906,73.0229,0.0,28.8,80.0,12.1
2024-07-16T13:00,2024,Thane Mumbra,19.1906,73.0229,0.1,30.3,75.0,14.7
2024-07-16T14:00,2024,Thane Mumbra,19.1906,73.0229,0.0,30.6,74.0,16.0
2024-07-16T15:00,2024,Thane Mumbra,19.1906,73.0229,0.0,29.7,78.0,18.4
2024-07-16T16:00,2024,Thane Mumbra,19.1906,73.0229,0.4,28.9,78.0,18.1
2024-07-16T17:00,2024,Thane Mumbra,19.1906,73.0229,0.2,28.1,83.0,17.1
2024-07-16T18:00,2024,Thane Mumbra,19.1906,73.0229,2.1,25.8,90.0,14.8
2024-07-16T19:00,2024,Thane Mumbra,19.1906,73.0229,2.3,25.3,94.0,11.7
2024-07-16T20:00,2024,Thane Mumbra,19.1906,73.0229,0.2,25.5,93.0,12.0
2024-07-16T21:00,2024,Thane Mumbra,19.1906,73.0229,0.4,25.6,94.0,11.1
2024-07-16T22:00,2024,Thane Mumbra,19.1906,73.0229,0.1,25.9,92.0,12.4
2024-07-16T23:00,2024,Thane Mumbra,19.1906,73.0229,0.1,26.0,91.0,12.5
2024-07-17T00:00,2024,Thane Mumbra,19.1906,73.0229,0.1,26.0,91.0,14.5
2024-07-17T01:00,2024,Thane Mumbra,19.1906,73.0229,0.3,25.8,94.0,11.2
2024-07-17T02:00,2024,Thane Mumbra,19.1906,73.0229,0.5,25.7,93.0,12.3
2024-07-17T03:00,2024,Thane Mumbra,19.1906,73.0229,0.2,25.7,94.0,14.5
2024-07-17T04:00,2024,Thane Mumbra,19.1906,73.0229,0.3,25.7,92.0,11.6
2024-07-17T05:00,2024,Thane Mumbra,19.1906,73.0229,0.5,25.6,93.0,11.4
2024-07-17T06:00,2024,Thane Mumbra,19.1906,73.0229,0.2,24.9,94.0,12.2
2024-07-17T07:00,2024,Thane Mumbra,19.1906,73.0229,0.3,25.2,94.0,10.5
2024-07-17T08:00,2024,Thane Mumbra,19.1906,73.0229,0.5,25.9,92.0,10.9
2024-07-17T09:00,2024,Thane Mumbra,19.1906,73.0229,0.3,26.9,90.0,11.9
2024-07-17T10:00,2024,Thane Mumbra,19.1906,73.0229,3.3,27.0,87.0,15.3
2024-07-17T11:00,2024,Thane Mumbra,19.1906,73.0229,1.3,27.8,86.0,13.5
2024-07-17T12:00,2024,Thane Mumbra,19.1906,73.0229,5.0,26.5,91.0,17.3
2024-07-17T13:00,2024,Thane Mumbra,19.1906,73.0229,0.4,27.9,86.0,15.1
2024-07-17T14:00,2024,Thane Mumbra,19.1906,73.0229,10.2,27.6,87.0,18.9
2024-07-17T15:00,2024,Thane Mumbra,19.1906,73.0229,2.6,26.2,94.0,17.1
2024-07-17T16:00,2024,Thane Mumbra,19.1906,73.0229,0.6,26.4,94.0,17.8
2024-07-17T17:00,2024,Thane Mumbra,19.1906,73.0229,3.7,26.3,92.0,18.3
2024-07-17T18:00,2024,Thane Mumbra,19.1906,73.0229,1.1,26.3,93.0,11.5
2024-07-17T19:00,2024,Thane Mumbra,19.1906,73.0229,1.0,25.9,94.0,10.5
2024-07-17T20:00,2024,Thane Mumbra,19.1906,73.0229,0.9,25.9,94.0,10.9
2024-07-17T21:00,2024,Thane Mumbra,19.1906,73.0229,1.2,25.5,95.0,12.8
2024-07-17T22:00,2024,Thane Mumbra,19.1906,73.0229,4.0,25.6,94.0,10.5
2024-07-17T23:00,2024,Thane Mumbra,19.1906,73.0229,0.2,25.8,93.0,14.0
2024-07-18T00:00,2024,Thane Mumbra,19.1906,73.0229,0.7,25.8,93.0,13.8
2024-07-18T01:00,2024,Thane Mumbra,19.1906,73.0229,0.3,25.7,93.0,13.8
2024-07-18T02:00,2024,Thane Mumbra,19.1906,73.0229,0.2,25.7,94.0,14.5
2024-07-18T03:00,2024,Thane Mumbra,19.1906,73.0229,1.1,25.6,93.0,13.0
2024-07-18T04:00,2024,Thane Mumbra,19.1906,73.0229,0.8,25.6,94.0,13.9
2024-07-18T05:00,2024,Thane Mumbra,19.1906,73.0229,1.3,25.5,95.0,12.9
2024-07-18T06:00,2024,Thane Mumbra,19.1906,73.0229,9.8,25.2,96.0,8.3
2024-07-18T07:00,2024,Thane Mumbra,19.1906,73.0229,9.0,25.6,95.0,9.5
2024-07-18T08:00,2024,Thane Mumbra,19.1906,73.0229,5.7,25.9,94.0,12.1
2024-07-18T09:00,2024,Thane Mumbra,19.1906,73.0229,2.8,26.2,94.0,12.6
2024-07-18T10:00,2024,Thane Mumbra,19.1906,73.0229,1.0,26.5,93.0,16.3
2024-07-18T11:00,2024,Thane Mumbra,19.1906,73.0229,1.3,26.6,88.0,19.4
2024-07-18T12:00,2024,Thane Mumbra,19.1906,73.0229,1.3,28.0,86.0,18.7
2024-07-18T13:00,2024,Thane Mumbra,19.1906,73.0229,5.5,27.0,92.0,17.1
2024-07-18T14:00,2024,Thane Mumbra,19.1906,73.0229,0.9,26.7,91.0,19.4
2024-07-18T15:00,2024,Thane Mumbra,19.1906,73.0229,0.2,28.1,85.0,19.1
2024-07-18T16:00,2024,Thane Mumbra,19.1906,73.0229,0.4,27.2,85.0,20.4
2024-07-18T17:00,2024,Thane Mumbra,19.1906,73.0229,1.0,26.3,91.0,17.8
2024-07-18T18:00,2024,Thane Mumbra,19.1906,73.0229,5.8,25.8,95.0,11.6
2024-07-18T19:00,2024,Thane Mumbra,19.1906,73.0229,2.2,26.0,93.0,15.3
2024-07-18T20:00,2024,Thane Mumbra,19.1906,73.0229,1.5,25.7,93.0,16.6
2024-07-18T21:00,2024,Thane Mumbra,19.1906,73.0229,0.9,25.3,94.0,14.1
2024-07-18T22:00,2024,Thane Mumbra,19.1906,73.0229,0.6,25.7,93.0,9.2
2024-07-18T23:00,2024,Thane Mumbra,19.1906,73.0229,0.9,25.6,94.0,14.6
2024-07-19T00:00,2024,Thane Mumbra,19.1906,73.0229,1.2,25.5,94.0,16.0
2024-07-19T01:00,2024,Thane Mumbra,19.1906,73.0229,1.7,25.5,94.0,12.5
2024-07-19T02:00,2024,Thane Mumbra,19.1906,73.0229,0.5,25.5,93.0,16.2
2024-07-19T03:00,2024,Thane Mumbra,19.1906,73.0229,0.6,25.5,94.0,13.3
2024-07-19T04:00,2024,Thane Mumbra,19.1906,73.0229,0.2,26.0,91.0,13.5
2024-07-19T05:00,2024,Thane Mumbra,19.1906,73.0229,1.1,25.4,94.0,14.5
2024-07-19T06:00,2024,Thane Mumbra,19.1906,73.0229,9.5,26.1,93.0,10.7
2024-07-19T07:00,2024,Thane Mumbra,19.1906,73.0229,7.9,26.0,93.0,15.5
2024-07-19T08:00,2024,Thane Mumbra,19.1906,73.0229,2.8,25.9,92.0,17.1
2024-07-19T09:00,2024,Thane Mumbra,19.1906,73.0229,1.9,25.9,93.0,17.1
2024-07-19T10:00,2024,Thane Mumbra,19.1906,73.0229,0.8,26.9,90.0,18.9
2024-07-19T11:00,2024,Thane Mumbra,19.1906,73.0229,2.5,26.5,91.0,18.4
2024-07-19T12:00,2024,Thane Mumbra,19.1906,73.0229,0.9,26.6,88.0,17.9
2024-07-19T13:00,2024,Thane Mumbra,19.1906,73.0229,0.5,27.2,88.0,21.0
2024-07-19T14:00,2024,Thane Mumbra,19.1906,73.0229,2.8,26.6,92.0,19.4
2024-07-19T15:00,2024,Thane Mumbra,19.1906,73.0229,1.5,26.7,91.0,17.7
2024-07-19T16:00,2024,Thane Mumbra,19.1906,73.0229,1.4,26.9,87.0,19.6
2024-07-19T17:00,2024,Thane Mumbra,19.1906,73.0229,0.5,26.3,89.0,20.7
2024-07-19T18:00,2024,Thane Mumbra,19.1906,73.0229,3.0,25.5,94.0,17.0
2024-07-19T19:00,2024,Thane Mumbra,19.1906,73.0229,3.0,25.4,95.0,17.6
2024-07-19T20:00,2024,Thane Mumbra,19.1906,73.0229,4.9,25.4,95.0,14.7
2024-07-19T21:00,2024,Thane Mumbra,19.1906,73.0229,4.6,25.7,95.0,13.8
2024-07-19T22:00,2024,Thane Mumbra,19.1906,73.0229,2.4,25.8,95.0,10.1
2024-07-19T23:00,2024,Thane Mumbra,19.1906,73.0229,0.7,25.8,94.0,10.0
2024-07-20T00:00,2024,Thane Mumbra,19.1906,73.0229,0.2,25.8,94.0,9.4
2024-07-20T01:00,2024,Thane Mumbra,19.1906,73.0229,0.2,25.8,94.0,10.5
2024-07-20T02:00,2024,Thane Mumbra,19.1906,73.0229,0.6,25.8,94.0,11.7
2024-07-20T03:00,2024,Thane Mumbra,19.1906,73.0229,0.3,25.8,93.0,12.7
2024-07-20T04:00,2024,Thane Mumbra,19.1906,73.0229,0.3,25.9,93.0,11.7
2024-07-20T05:00,2024,Thane Mumbra,19.1906,73.0229,0.9,25.7,93.0,12.9
2024-07-20T06:00,2024,Thane Mumbra,19.1906,73.0229,8.5,25.9,95.0,17.9
2024-07-20T07:00,2024,Thane Mumbra,19.1906,73.0229,13.4,25.8,93.0,18.9
2024-07-20T08:00,2024,Thane Mumbra,19.1906,73.0229,10.3,25.9,93.0,20.9
2024-07-20T09:00,2024,Thane Mumbra,19.1906,73.0229,8.1,25.9,93.0,19.9
2024-07-20T10:00,2024,Thane Mumbra,19.1906,73.0229,7.6,26.1,93.0,18.3
2024-07-20T11:00,2024,Thane Mumbra,19.1906,73.0229,8.4,26.0,94.0,20.1
2024-07-20T12:00,2024,Thane Mumbra,19.1906,73.0229,3.0,26.1,94.0,20.6
2024-07-20T13:00,2024,Thane Mumbra,19.1906,73.0229,1.0,27.1,89.0,18.9
2024-07-20T14:00,2024,Thane Mumbra,19.1906,73.0229,0.6,26.9,90.0,20.7
2024-07-20T15:00,2024,Thane Mumbra,19.1906,73.0229,0.3,27.7,85.0,23.2
2024-07-20T16:00,2024,Thane Mumbra,19.1906,73.0229,0.5,27.7,85.0,19.1
2024-07-20T17:00,2024,Thane Mumbra,19.1906,73.0229,1.4,27.3,86.0,18.6
2024-07-20T18:00,2024,Thane Mumbra,19.1906,73.0229,1.5,25.7,92.0,14.5
2024-07-20T19:00,2024,Thane Mumbra,19.1906,73.0229,1.9,25.6,93.0,14.8
2024-07-20T20:00,2024,Thane Mumbra,19.1906,73.0229,3.5,25.6,93.0,15.2
2024-07-20T21:00,2024,Thane Mumbra,19.1906,73.0229,2.6,25.5,93.0,17.6
2024-07-20T22:00,2024,Thane Mumbra,19.1906,73.0229,1.9,25.6,93.0,17.0
2024-07-20T23:00,2024,Thane Mumbra,19.1906,73.0229,1.5,25.7,93.0,17.2
2024-07-21T00:00,2024,Thane Mumbra,19.1906,73.0229,0.9,25.6,92.0,18.3
2024-07-21T01:00,2024,Thane Mumbra,19.1906,73.0229,0.4,25.6,93.0,16.1
2024-07-21T02:00,2024,Thane Mumbra,19.1906,73.0229,0.6,25.7,92.0,18.1
2024-07-21T03:00,2024,Thane Mumbra,19.1906,73.0229,0.3,25.7,93.0,16.0
2024-07-21T04:00,2024,Thane Mumbra,19.1906,73.0229,0.3,25.6,93.0,15.5
2024-07-21T05:00,2024,Thane Mumbra,19.1906,73.0229,0.5,25.8,92.0,14.8
2024-07-21T06:00,2024,Thane Mumbra,19.1906,73.0229,1.4,25.9,92.0,14.2
2024-07-21T07:00,2024,Thane Mumbra,19.1906,73.0229,1.1,26.0,93.0,13.5
2024-07-21T08:00,2024,Thane Mumbra,19.1906,73.0229,0.6,26.4,93.0,13.6
2024-07-21T09:00,2024,Thane Mumbra,19.1906,73.0229,1.1,27.1,88.0,18.6
2024-07-21T10:00,2024,Thane Mumbra,19.1906,73.0229,3.1,27.2,88.0,19.6
2024-07-21T11:00,2024,Thane Mumbra,19.1906,73.0229,0.4,27.5,88.0,17.6
2024-07-21T12:00,2024,Thane Mumbra,19.1906,73.0229,1.8,27.2,89.0,21.6
2024-07-21T13:00,2024,Thane Mumbra,19.1906,73.0229,2.0,27.8,87.0,20.2
2024-07-21T14:00,2024,Thane Mumbra,19.1906,73.0229,5.1,27.3,91.0,21.6
2024-07-21T15:00,2024,Thane Mumbra,19.1906,73.0229,4.0,26.9,93.0,18.4
2024-07-21T16:00,2024,Thane Mumbra,19.1906,73.0229,3.1,26.4,92.0,18.9
2024-07-21T17:00,2024,Thane Mumbra,19.1906,73.0229,1.6,26.1,92.0,16.0
2024-07-21T18:00,2024,Thane Mumbra,19.1906,73.0229,0.3,26.1,91.0,16.3
2024-07-21T19:00,2024,Thane Mumbra,19.1906,73.0229,0.3,25.8,93.0,14.3
2024-07-21T20:00,2024,Thane Mumbra,19.1906,73.0229,0.2,26.0,91.0,13.8
2024-07-21T21:00,2024,Thane Mumbra,19.1906,73.0229,0.2,26.1,90.0,14.1
2024-07-21T22:00,2024,Thane Mumbra,19.1906,73.0229,0.5,25.5,93.0,15.1
2024-07-21T23:00,2024,Thane Mumbra,19.1906,73.0229,0.3,25.7,92.0,15.3
2024-07-22T00:00,2024,Thane Mumbra,19.1906,73.0229,0.3,25.5,93.0,14.6
2024-07-22T01:00,2024,Thane Mumbra,19.1906,73.0229,0.6,25.4,93.0,15.1
2024-07-22T02:00,2024,Thane Mumbra,19.1906,73.0229,0.6,25.4,93.0,16.5
2024-07-22T03:00,2024,Thane Mumbra,19.1906,73.0229,0.5,25.4,93.0,17.1
2024-07-22T04:00,2024,Thane Mumbra,19.1906,73.0229,0.8,25.3,93.0,17.4
2024-07-22T05:00,2024,Thane Mumbra,19.1906,73.0229,0.6,25.5,93.0,14.6
2024-07-22T06:00,2024,Thane Mumbra,19.1906,73.0229,2.7,25.9,93.0,18.0
2024-07-22T07:00,2024,Thane Mumbra,19.1906,73.0229,3.2,25.9,93.0,16.3
2024-07-22T08:00,2024,Thane Mumbra,19.1906,73.0229,3.8,25.9,95.0,13.9
2024-07-22T09:00,2024,Thane Mumbra,19.1906,73.0229,2.3,26.1,93.0,16.4
2024-07-22T10:00,2024,Thane Mumbra,19.1906,73.0229,1.0,26.4,93.0,16.8
2024-07-22T11:00,2024,Thane Mumbra,19.1906,73.0229,1.0,26.6,93.0,19.9
2024-07-22T12:00,2024,Thane Mumbra,19.1906,73.0229,1.5,26.4,92.0,20.5
2024-07-22T13:00,2024,Thane Mumbra,19.1906,73.0229,0.8,25.9,93.0,20.4
2024-07-22T14:00,2024,Thane Mumbra,19.1906,73.0229,0.9,25.8,93.0,20.1
2024-07-22T15:00,2024,Thane Mumbra,19.1906,73.0229,1.4,26.2,92.0,19.9
2024-07-22T16:00,2024,Thane Mumbra,19.1906,73.0229,1.6,26.3,92.0,21.0
2024-07-22T17:00,2024,Thane Mumbra,19.1906,73.0229,1.2,26.0,93.0,20.4
2024-07-22T18:00,2024,Thane Mumbra,19.1906,73.0229,3.2,26.0,93.0,16.9
2024-07-22T19:00,2024,Thane Mumbra,19.1906,73.0229,1.8,26.0,93.0,17.6
2024-07-22T20:00,2024,Thane Mumbra,19.1906,73.0229,1.5,26.2,92.0,17.8
2024-07-22T21:00,2024,Thane Mumbra,19.1906,73.0229,1.0,25.8,93.0,18.1
2024-07-22T22:00,2024,Thane Mumbra,19.1906,73.0229,1.3,25.8,93.0,15.8
2024-07-22T23:00,2024,Thane Mumbra,19.1906,73.0229,0.7,25.7,93.0,17.6
2024-07-23T00:00,2024,Thane Mumbra,19.1906,73.0229,1.5,26.0,91.0,19.7
2024-07-23T01:00,2024,Thane Mumbra,19.1906,73.0229,1.5,25.7,92.0,20.7
2024-07-23T02:00,2024,Thane Mumbra,19.1906,73.0229,2.0,25.5,93.0,20.5
2024-07-23T03:00,2024,Thane Mumbra,19.1906,73.0229,1.2,25.5,93.0,21.5
2024-07-23T04:00,2024,Thane Mumbra,19.1906,73.0229,0.3,25.8,92.0,17.6
2024-07-23T05:00,2024,Thane Mumbra,19.1906,73.0229,0.5,25.7,92.0,18.4
2024-07-23T06:00,2024,Thane Mumbra,19.1906,73.0229,1.4,25.8,92.0,15.8
2024-07-23T07:00,2024,Thane Mumbra,19.1906,73.0229,0.9,25.9,91.0,15.9
2024-07-23T08:00,2024,Thane Mumbra,19.1906,73.0229,1.2,25.9,92.0,17.4
2024-07-23T09:00,2024,Thane Mumbra,19.1906,73.0229,0.9,26.1,92.0,15.3
2024-07-23T10:00,2024,Thane Mumbra,19.1906,73.0229,2.3,26.0,94.0,17.8
2024-07-23T11:00,2024,Thane Mumbra,19.1906,73.0229,1.7,26.0,93.0,17.7
2024-07-23T12:00,2024,Thane Mumbra,19.1906,73.0229,1.8,25.8,92.0,19.7
2024-07-23T13:00,2024,Thane Mumbra,19.1906,73.0229,1.9,26.3,93.0,20.2
2024-07-23T14:00,2024,Thane Mumbra,19.1906,73.0229,1.4,26.4,92.0,20.9
2024-07-23T15:00,2024,Thane Mumbra,19.1906,73.0229,1.8,26.3,92.0,24.7
2024-07-23T16:00,2024,Thane Mumbra,19.1906,73.0229,2.6,26.1,93.0,22.5
2024-07-23T17:00,2024,Thane Mumbra,19.1906,73.0229,1.1,25.8,92.0,21.8
2024-07-23T18:00,2024,Thane Mumbra,19.1906,73.0229,1.9,26.0,91.0,19.6
2024-07-23T19:00,2024,Thane Mumbra,19.1906,73.0229,1.7,25.8,91.0,21.7
2024-07-23T20:00,2024,Thane Mumbra,19.1906,73.0229,1.8,25.6,92.0,19.0
2024-07-23T21:00,2024,Thane Mumbra,19.1906,73.0229,1.1,25.7,92.0,17.2
2024-07-23T22:00,2024,Thane Mumbra,19.1906,73.0229,1.5,25.6,93.0,18.8
2024-07-23T23:00,2024,Thane Mumbra,19.1906,73.0229,1.5,25.5,92.0,15.8
2024-07-24T00:00,2024,Thane Mumbra,19.1906,73.0229,0.9,25.1,94.0,17.1
2024-07-24T01:00,2024,Thane Mumbra,19.1906,73.0229,1.1,25.5,92.0,20.1
2024-07-24T02:00,2024,Thane Mumbra,19.1906,73.0229,0.8,25.4,92.0,20.6
2024-07-24T03:00,2024,Thane Mumbra,19.1906,73.0229,1.0,25.3,93.0,20.6
2024-07-24T04:00,2024,Thane Mumbra,19.1906,73.0229,1.0,25.6,92.0,16.4
2024-07-24T05:00,2024,Thane Mumbra,19.1906,73.0229,2.1,25.4,93.0,19.7
2024-07-24T06:00,2024,Thane Mumbra,19.1906,73.0229,2.1,25.4,93.0,18.4
2024-07-24T07:00,2024,Thane Mumbra,19.1906,73.0229,2.5,25.5,93.0,16.6
2024-07-24T08:00,2024,Thane Mumbra,19.1906,73.0229,4.7,25.5,94.0,17.2
2024-07-24T09:00,2024,Thane Mumbra,19.1906,73.0229,4.5,25.8,93.0,20.5
2024-07-24T10:00,2024,Thane Mumbra,19.1906,73.0229,2.2,26.0,93.0,18.2
2024-07-24T11:00,2024,Thane Mumbra,19.1906,73.0229,1.9,25.9,92.0,22.5
2024-07-24T12:00,2024,Thane Mumbra,19.1906,73.0229,0.6,26.7,91.0,21.6
2024-07-24T13:00,2024,Thane Mumbra,19.1906,73.0229,0.8,26.9,90.0,22.2
2024-07-24T14:00,2024,Thane Mumbra,19.1906,73.0229,1.9,26.9,90.0,20.9
2024-07-24T15:00,2024,Thane Mumbra,19.1906,73.0229,1.7,26.6,92.0,22.7
2024-07-24T16:00,2024,Thane Mumbra,19.1906,73.0229,1.6,26.2,91.0,20.3
2024-07-24T17:00,2024,Thane Mumbra,19.1906,73.0229,0.9,26.1,91.0,20.4
2024-07-24T18:00,2024,Thane Mumbra,19.1906,73.0229,0.5,26.0,90.0,19.7
2024-07-24T19:00,2024,Thane Mumbra,19.1906,73.0229,1.7,25.9,91.0,21.3
2024-07-24T20:00,2024,Thane Mumbra,19.1906,73.0229,0.6,26.1,91.0,20.7
2024-07-24T21:00,2024,Thane Mumbra,19.1906,73.0229,1.2,25.9,91.0,19.5
2024-07-24T22:00,2024,Thane Mumbra,19.1906,73.0229,1.7,25.8,92.0,22.1
2024-07-24T23:00,2024,Thane Mumbra,19.1906,73.0229,0.5,26.0,93.0,22.4
2024-07-25T00:00,2024,Thane Mumbra,19.1906,73.0229,2.3,25.6,93.0,21.9
2024-07-25T01:00,2024,Thane Mumbra,19.1906,73.0229,1.2,25.4,93.0,22.3
2024-07-25T02:00,2024,Thane Mumbra,19.1906,73.0229,0.5,25.8,93.0,17.4
2024-07-25T03:00,2024,Thane Mumbra,19.1906,73.0229,3.2,25.4,94.0,20.2
2024-07-25T04:00,2024,Thane Mumbra,19.1906,73.0229,2.4,25.4,94.0,20.5
2024-07-25T05:00,2024,Thane Mumbra,19.1906,73.0229,2.2,25.5,93.0,19.0
2024-07-25T06:00,2024,Thane Mumbra,19.1906,73.0229,4.4,25.7,93.0,16.6
2024-07-25T07:00,2024,Thane Mumbra,19.1906,73.0229,6.0,25.7,94.0,21.9
2024-07-25T08:00,2024,Thane Mumbra,19.1906,73.0229,4.9,25.7,93.0,20.3
2024-07-25T09:00,2024,Thane Mumbra,19.1906,73.0229,3.2,25.6,94.0,18.6
2024-07-25T10:00,2024,Thane Mumbra,19.1906,73.0229,3.3,25.6,93.0,17.2
2024-07-25T11:00,2024,Thane Mumbra,19.1906,73.0229,3.4,25.6,92.0,17.7
2024-07-25T12:00,2024,Thane Mumbra,19.1906,73.0229,2.4,26.2,91.0,19.5
2024-07-25T13:00,2024,Thane Mumbra,19.1906,73.0229,1.6,26.3,90.0,18.2
2024-07-25T14:00,2024,Thane Mumbra,19.1906,73.0229,1.2,25.9,90.0,20.5
2024-07-25T15:00,2024,Thane Mumbra,19.1906,73.0229,1.4,26.9,88.0,17.4
2024-07-25T16:00,2024,Thane Mumbra,19.1906,73.0229,0.7,26.7,89.0,19.1
2024-07-25T17:00,2024,Thane Mumbra,19.1906,73.0229,0.5,26.7,87.0,20.0
2024-07-25T18:00,2024,Thane Mumbra,19.1906,73.0229,5.0,25.5,89.0,16.9
2024-07-25T19:00,2024,Thane Mumbra,19.1906,73.0229,2.1,25.8,88.0,16.4
2024-07-25T20:00,2024,Thane Mumbra,19.1906,73.0229,1.3,25.8,89.0,15.1
2024-07-25T21:00,2024,Thane Mumbra,19.1906,73.0229,1.1,25.8,90.0,16.3
2024-07-25T22:00,2024,Thane Mumbra,19.1906,73.0229,0.6,25.9,91.0,16.4
2024-07-25T23:00,2024,Thane Mumbra,19.1906,73.0229,0.6,25.5,93.0,17.1
2024-07-26T00:00,2024,Thane Mumbra,19.1906,73.0229,1.9,25.1,94.0,16.3
2024-07-26T01:00,2024,Thane Mumbra,19.1906,73.0229,1.6,25.6,91.0,12.7
2024-07-26T02:00,2024,Thane Mumbra,19.1906,73.0229,2.9,24.8,93.0,6.0
2024-07-26T03:00,2024,Thane Mumbra,19.1906,73.0229,3.2,24.0,94.0,9.7
2024-07-26T04:00,2024,Thane Mumbra,19.1906,73.0229,0.5,24.8,92.0,9.7
2024-07-26T05:00,2024,Thane Mumbra,19.1906,73.0229,0.7,25.4,89.0,12.2
2024-07-26T06:00,2024,Thane Mumbra,19.1906,73.0229,2.2,25.4,94.0,15.3
2024-07-26T07:00,2024,Thane Mumbra,19.1906,73.0229,1.7,25.4,93.0,17.5
2024-07-26T08:00,2024,Thane Mumbra,19.1906,73.0229,3.1,25.0,92.0,17.1
2024-07-26T09:00,2024,Thane Mumbra,19.1906,73.0229,1.6,25.1,94.0,13.1
2024-07-26T10:00,2024,Thane Mumbra,19.1906,73.0229,0.8,25.9,93.0,12.2
2024-07-26T11:00,2024,Thane Mumbra,19.1906,73.0229,2.7,24.8,93.0,12.9
2024-07-26T12:00,2024,Thane Mumbra,19.1906,73.0229,0.4,26.7,88.0,7.9
2024-07-26T13:00,2024,Thane Mumbra,19.1906,73.0229,0.0,28.2,87.0,12.5
2024-07-26T14:00,2024,Thane Mumbra,19.1906,73.0229,0.2,28.8,79.0,17.3
2024-07-26T15:00,2024,Thane Mumbra,19.1906,73.0229,0.2,28.8,81.0,20.1
2024-07-26T16:00,2024,Thane Mumbra,19.1906,73.0229,0.2,28.6,82.0,21.8
2024-07-26T17:00,2024,Thane Mumbra,19.1906,73.0229,0.3,28.0,86.0,23.4
2024-07-26T18:00,2024,Thane Mumbra,19.1906,73.0229,0.4,26.2,91.0,17.6
2024-07-26T19:00,2024,Thane Mumbra,19.1906,73.0229,0.4,25.9,90.0,18.4
2024-07-26T20:00,2024,Thane Mumbra,19.1906,73.0229,0.2,26.5,88.0,17.7
2024-07-26T21:00,2024,Thane Mumbra,19.1906,73.0229,0.0,26.5,89.0,18.5
2024-07-26T22:00,2024,Thane Mumbra,19.1906,73.0229,0.0,26.7,86.0,17.9
2024-07-26T23:00,2024,Thane Mumbra,19.1906,73.0229,0.1,26.6,85.0,18.5
2024-07-27T00:00,2024,Thane Mumbra,19.1906,73.0229,0.1,26.4,87.0,18.9
2024-07-27T01:00,2024,Thane Mumbra,19.1906,73.0229,0.1,26.6,86.0,17.7
2024-07-27T02:00,2024,Thane Mumbra,19.1906,73.0229,0.2,26.4,87.0,18.0
2024-07-27T03:00,2024,Thane Mumbra,19.1906,73.0229,0.2,26.1,88.0,17.3
2024-07-27T04:00,2024,Thane Mumbra,19.1906,73.0229,0.3,26.1,90.0,15.1
2024-07-27T05:00,2024,Thane Mumbra,19.1906,73.0229,0.7,25.5,88.0,14.5
2024-07-27T06:00,2024,Thane Mumbra,19.1906,73.0229,1.0,26.0,92.0,18.3
2024-07-27T07:00,2024,Thane Mumbra,19.1906,73.0229,0.5,26.0,90.0,18.4
2024-07-27T08:00,2024,Thane Mumbra,19.1906,73.0229,0.2,26.7,87.0,17.9
2024-07-27T09:00,2024,Thane Mumbra,19.1906,73.0229,0.3,27.6,85.0,18.5
2024-07-27T10:00,2024,Thane Mumbra,19.1906,73.0229,0.6,27.3,86.0,18.9
2024-07-27T11:00,2024,Thane Mumbra,19.1906,73.0229,0.1,28.2,81.0,23.7
2024-07-27T12:00,2024,Thane Mumbra,19.1906,73.0229,0.2,27.7,83.0,20.9
2024-07-27T13:00,2024,Thane Mumbra,19.1906,73.0229,0.0,29.1,76.0,23.6
2024-07-27T14:00,2024,Thane Mumbra,19.1906,73.0229,0.1,28.8,77.0,23.1
2024-07-27T15:00,2024,Thane Mumbra,19.1906,73.0229,0.0,29.1,76.0,22.9
2024-07-27T16:00,2024,Thane Mumbra,19.1906,73.0229,0.1,28.5,77.0,24.0
2024-07-27T17:00,2024,Thane Mumbra,19.1906,73.0229,0.1,28.2,78.0,22.0
2024-07-27T18:00,2024,Thane Mumbra,19.1906,73.0229,0.4,26.2,92.0,13.2
2024-07-27T19:00,2024,Thane Mumbra,19.1906,73.0229,0.3,25.8,92.0,12.6
2024-07-27T20:00,2024,Thane Mumbra,19.1906,73.0229,0.3,25.8,91.0,12.0
2024-07-27T21:00,2024,Thane Mumbra,19.1906,73.0229,0.2,25.5,93.0,11.1
2024-07-27T22:00,2024,Thane Mumbra,19.1906,73.0229,0.4,25.5,93.0,13.2
2024-07-27T23:00,2024,Thane Mumbra,19.1906,73.0229,0.3,25.5,91.0,11.8
2024-07-28T00:00,2024,Thane Mumbra,19.1906,73.0229,0.3,25.6,92.0,13.2
2024-07-28T01:00,2024,Thane Mumbra,19.1906,73.0229,0.2,25.9,89.0,11.8
2024-07-28T02:00,2024,Thane Mumbra,19.1906,73.0229,0.0,25.8,91.0,14.4
2024-07-28T03:00,2024,Thane Mumbra,19.1906,73.0229,0.2,26.0,90.0,12.6
2024-07-28T04:00,2024,Thane Mumbra,19.1906,73.0229,0.6,25.8,92.0,15.8
2024-07-28T05:00,2024,Thane Mumbra,19.1906,73.0229,0.7,25.7,93.0,13.0
2024-07-28T06:00,2024,Thane Mumbra,19.1906,73.0229,0.1,26.2,91.0,11.4
2024-07-28T07:00,2024,Thane Mumbra,19.1906,73.0229,0.5,26.5,90.0,13.4
2024-07-28T08:00,2024,Thane Mumbra,19.1906,73.0229,0.0,27.7,88.0,17.1
2024-07-28T09:00,2024,Thane Mumbra,19.1906,73.0229,0.0,28.7,83.0,18.7
2024-07-28T10:00,2024,Thane Mumbra,19.1906,73.0229,0.0,29.6,78.0,20.9
2024-07-28T11:00,2024,Thane Mumbra,19.1906,73.0229,0.1,28.7,76.0,19.6
2024-07-28T12:00,2024,Thane Mumbra,19.1906,73.0229,0.5,27.4,84.0,15.0
2024-07-28T13:00,2024,Thane Mumbra,19.1906,73.0229,1.9,26.3,88.0,17.9
2024-07-28T14:00,2024,Thane Mumbra,19.1906,73.0229,1.6,27.0,88.0,18.0
2024-07-28T15:00,2024,Thane Mumbra,19.1906,73.0229,1.0,26.8,88.0,16.1
2024-07-28T16:00,2024,Thane Mumbra,19.1906,73.0229,0.7,26.2,93.0,16.5
2024-07-28T17:00,2024,Thane Mumbra,19.1906,73.0229,1.2,26.2,93.0,9.2
2024-07-28T18:00,2024,Thane Mumbra,19.1906,73.0229,0.4,25.9,95.0,11.5
2024-07-28T19:00,2024,Thane Mumbra,19.1906,73.0229,2.3,25.8,95.0,8.6
2024-07-28T20:00,2024,Thane Mumbra,19.1906,73.0229,1.4,25.4,94.0,7.7
2024-07-28T21:00,2024,Thane Mumbra,19.1906,73.0229,0.7,25.5,94.0,8.7
2024-07-28T22:00,2024,Thane Mumbra,19.1906,73.0229,0.4,25.5,94.0,12.1
2024-07-28T23:00,2024,Thane Mumbra,19.1906,73.0229,0.4,25.8,93.0,12.2
2024-07-29T00:00,2024,Thane Mumbra,19.1906,73.0229,0.5,25.8,93.0,13.4
2024-07-29T01:00,2024,Thane Mumbra,19.1906,73.0229,0.9,25.9,93.0,12.1
2024-07-29T02:00,2024,Thane Mumbra,19.1906,73.0229,1.4,25.2,94.0,11.8
2024-07-29T03:00,2024,Thane Mumbra,19.1906,73.0229,1.7,25.4,92.0,12.1
2024-07-29T04:00,2024,Thane Mumbra,19.1906,73.0229,2.4,25.4,92.0,13.6
2024-07-29T05:00,2024,Thane Mumbra,19.1906,73.0229,2.4,25.4,93.0,14.6
2024-07-29T06:00,2024,Thane Mumbra,19.1906,73.0229,5.0,25.0,94.0,11.8
2024-07-29T07:00,2024,Thane Mumbra,19.1906,73.0229,3.8,25.7,93.0,12.4
2024-07-29T08:00,2024,Thane Mumbra,19.1906,73.0229,1.8,25.9,93.0,15.2
2024-07-29T09:00,2024,Thane Mumbra,19.1906,73.0229,1.4,25.9,94.0,14.4
2024-07-29T10:00,2024,Thane Mumbra,19.1906,73.0229,1.3,25.8,94.0,13.2
2024-07-29T11:00,2024,Thane Mumbra,19.1906,73.0229,1.1,26.2,93.0,18.5
2024-07-29T12:00,2024,Thane Mumbra,19.1906,73.0229,0.3,27.8,86.0,15.4
2024-07-29T13:00,2024,Thane Mumbra,19.1906,73.0229,1.4,26.6,89.0,17.6
2024-07-29T14:00,2024,Thane Mumbra,19.1906,73.0229,0.8,27.1,86.0,19.0
2024-07-29T15:00,2024,Thane Mumbra,19.1906,73.0229,1.2,26.5,90.0,18.5
2024-07-29T16:00,2024,Thane Mumbra,19.1906,73.0229,0.2,27.3,89.0,15.3
2024-07-29T17:00,2024,Thane Mumbra,19.1906,73.0229,0.4,26.6,87.0,17.1
2024-07-29T18:00,2024,Thane Mumbra,19.1906,73.0229,0.8,25.9,94.0,10.6
2024-07-29T19:00,2024,Thane Mumbra,19.1906,73.0229,0.6,25.7,95.0,9.5
2024-07-29T20:00,2024,Thane Mumbra,19.1906,73.0229,0.7,25.3,94.0,10.0
2024-07-29T21:00,2024,Thane Mumbra,19.1906,73.0229,0.4,25.2,95.0,11.1
2024-07-29T22:00,2024,Thane Mumbra,19.1906,73.0229,0.4,25.2,96.0,10.2
2024-07-29T23:00,2024,Thane Mumbra,19.1906,73.0229,0.2,25.6,93.0,10.5
2024-07-30T00:00,2024,Thane Mumbra,19.1906,73.0229,0.9,25.2,94.0,13.0
2024-07-30T01:00,2024,Thane Mumbra,19.1906,73.0229,0.6,24.8,95.0,8.2
2024-07-30T02:00,2024,Thane Mumbra,19.1906,73.0229,0.4,25.0,96.0,7.2
2024-07-30T03:00,2024,Thane Mumbra,19.1906,73.0229,0.6,25.1,94.0,10.0
2024-07-30T04:00,2024,Thane Mumbra,19.1906,73.0229,0.8,25.2,94.0,11.0
2024-07-30T05:00,2024,Thane Mumbra,19.1906,73.0229,0.5,25.3,93.0,12.8
2024-07-30T06:00,2024,Thane Mumbra,19.1906,73.0229,0.2,26.1,93.0,11.2
2024-07-30T07:00,2024,Thane Mumbra,19.1906,73.0229,0.5,26.5,91.0,13.8
2024-07-30T08:00,2024,Thane Mumbra,19.1906,73.0229,0.8,26.7,90.0,14.8
2024-07-30T09:00,2024,Thane Mumbra,19.1906,73.0229,0.2,27.9,85.0,13.8
2024-07-30T10:00,2024,Thane Mumbra,19.1906,73.0229,4.9,27.1,87.0,17.5
2024-07-30T11:00,2024,Thane Mumbra,19.1906,73.0229,0.5,27.4,88.0,13.8
2024-07-30T12:00,2024,Thane Mumbra,19.1906,73.0229,0.3,29.1,79.0,19.7
2024-07-30T13:00,2024,Thane Mumbra,19.1906,73.0229,3.3,27.4,87.0,15.6
2024-07-30T14:00,2024,Thane Mumbra,19.1906,73.0229,0.2,28.8,81.0,17.5
2024-07-30T15:00,2024,Thane Mumbra,19.1906,73.0229,0.5,27.8,85.0,18.0
2024-07-30T16:00,2024,Thane Mumbra,19.1906,73.0229,0.2,27.6,85.0,19.1
2024-07-30T17:00,2024,Thane Mumbra,19.1906,73.0229,0.4,27.6,84.0,16.4
2024-07-30T18:00,2024,Thane Mumbra,19.1906,73.0229,0.5,26.3,95.0,13.8
2024-07-30T19:00,2024,Thane Mumbra,19.1906,73.0229,0.2,25.8,92.0,13.0
2024-07-30T20:00,2024,Thane Mumbra,19.1906,73.0229,0.0,25.9,92.0,11.0
2024-07-30T21:00,2024,Thane Mumbra,19.1906,73.0229,0.2,25.9,91.0,12.5
2024-07-30T22:00,2024,Thane Mumbra,19.1906,73.0229,0.1,25.6,94.0,10.2
2024-07-30T23:00,2024,Thane Mumbra,19.1906,73.0229,0.1,25.6,93.0,10.0
2024-07-31T00:00,2024,Thane Mumbra,19.1906,73.0229,0.1,25.6,94.0,9.0
2024-07-31T01:00,2024,Thane Mumbra,19.1906,73.0229,0.6,25.0,96.0,11.2
2024-07-31T02:00,2024,Thane Mumbra,19.1906,73.0229,2.0,24.7,96.0,9.3
2024-07-31T03:00,2024,Thane Mumbra,19.1906,73.0229,0.7,24.7,95.0,11.4
2024-07-31T04:00,2024,Thane Mumbra,19.1906,73.0229,4.0,24.5,96.0,6.2
2024-07-31T05:00,2024,Thane Mumbra,19.1906,73.0229,0.8,24.3,97.0,6.9
2024-07-31T06:00,2024,Thane Mumbra,19.1906,73.0229,10.8,25.6,94.0,9.7
2024-07-31T07:00,2024,Thane Mumbra,19.1906,73.0229,3.8,25.7,94.0,12.0
2024-07-31T08:00,2024,Thane Mumbra,19.1906,73.0229,0.5,26.4,93.0,14.3
2024-07-31T09:00,2024,Thane Mumbra,19.1906,73.0229,0.8,26.8,90.0,14.5
2024-07-31T10:00,2024,Thane Mumbra,19.1906,73.0229,0.5,27.7,87.0,9.8
2024-07-31T11:00,2024,Thane Mumbra,19.1906,73.0229,0.1,29.3,78.0,15.8
2024-07-31T12:00,2024,Thane Mumbra,19.1906,73.0229,0.1,29.0,77.0,15.9
2024-07-31T13:00,2024,Thane Mumbra,19.1906,73.0229,0.6,27.9,82.0,16.3
2024-07-31T14:00,2024,Thane Mumbra,19.1906,73.0229,0.1,28.7,81.0,16.2
2024-07-31T15:00,2024,Thane Mumbra,19.1906,73.0229,0.5,28.8,74.0,18.5
2024-07-31T16:00,2024,Thane Mumbra,19.1906,73.0229,0.3,28.1,85.0,17.2
2024-07-31T17:00,2024,Thane Mumbra,19.1906,73.0229,0.4,27.6,82.0,16.3
2024-07-31T18:00,2024,Thane Mumbra,19.1906,73.0229,0.1,27.1,85.0,11.6
2024-07-31T19:00,2024,Thane Mumbra,19.1906,73.0229,0.0,26.5,89.0,10.3
2024-07-31T20:00,2024,Thane Mumbra,19.1906,73.0229,0.1,26.3,89.0,9.7
2024-07-31T21:00,2024,Thane Mumbra,19.1906,73.0229,0.1,26.0,91.0,10.2
2024-07-31T22:00,2024,Thane Mumbra,19.1906,73.0229,0.0,25.9,91.0,8.5
2024-07-31T23:00,2024,Thane Mumbra,19.1906,73.0229,0.3,25.7,93.0,9.3
2024-08-01T00:00,2024,Thane Mumbra,19.1906,73.0229,0.2,25.6,93.0,10.8
2024-08-01T01:00,2024,Thane Mumbra,19.1906,73.0229,1.1,25.1,95.0,7.3
2024-08-01T02:00,2024,Thane Mumbra,19.1906,73.0229,0.8,24.8,96.0,8.8
2024-08-01T03:00,2024,Thane Mumbra,19.1906,73.0229,2.7,24.8,95.0,8.7
2024-08-01T04:00,2024,Thane Mumbra,19.1906,73.0229,2.4,24.7,96.0,14.0
2024-08-01T05:00,2024,Thane Mumbra,19.1906,73.0229,3.7,24.7,95.0,8.7
2024-08-01T06:00,2024,Thane Mumbra,19.1906,73.0229,0.4,25.7,93.0,11.8
2024-08-01T07:00,2024,Thane Mumbra,19.1906,73.0229,0.2,26.5,91.0,10.6
2024-08-01T08:00,2024,Thane Mumbra,19.1906,73.0229,2.1,27.0,88.0,16.4
2024-08-01T09:00,2024,Thane Mumbra,19.1906,73.0229,0.2,27.2,90.0,16.5
2024-08-01T10:00,2024,Thane Mumbra,19.1906,73.0229,0.2,28.5,82.0,17.1
2024-08-01T11:00,2024,Thane Mumbra,19.1906,73.0229,0.6,28.5,83.0,16.2
2024-08-01T12:00,2024,Thane Mumbra,19.1906,73.0229,0.0,29.4,77.0,20.6
2024-08-01T13:00,2024,Thane Mumbra,19.1906,73.0229,0.3,29.3,75.0,20.5
2024-08-01T14:00,2024,Thane Mumbra,19.1906,73.0229,0.6,29.2,79.0,20.1
2024-08-01T15:00,2024,Thane Mumbra,19.1906,73.0229,1.1,28.2,81.0,19.5
2024-08-01T16:00,2024,Thane Mumbra,19.1906,73.0229,0.4,27.8,81.0,19.2
2024-08-01T17:00,2024,Thane Mumbra,19.1906,73.0229,0.1,27.8,83.0,18.1
2024-08-01T18:00,2024,Thane Mumbra,19.1906,73.0229,0.0,27.7,80.0,13.0
2024-08-01T19:00,2024,Thane Mumbra,19.1906,73.0229,0.3,26.6,84.0,12.2
2024-08-01T20:00,2024,Thane Mumbra,19.1906,73.0229,0.7,25.3,93.0,10.0
2024-08-01T21:00,2024,Thane Mumbra,19.1906,73.0229,0.5,25.5,93.0,11.4
2024-08-01T22:00,2024,Thane Mumbra,19.1906,73.0229,0.4,26.1,90.0,15.3
2024-08-01T23:00,2024,Thane Mumbra,19.1906,73.0229,0.4,25.7,91.0,15.8
2024-08-02T00:00,2024,Thane Mumbra,19.1906,73.0229,0.3,25.9,89.0,15.8
2024-08-02T01:00,2024,Thane Mumbra,19.1906,73.0229,0.5,25.5,92.0,14.1
2024-08-02T02:00,2024,Thane Mumbra,19.1906,73.0229,1.0,25.5,91.0,14.3
2024-08-02T03:00,2024,Thane Mumbra,19.1906,73.0229,0.7,25.5,92.0,13.8
2024-08-02T04:00,2024,Thane Mumbra,19.1906,73.0229,0.4,25.6,90.0,14.5
2024-08-02T05:00,2024,Thane Mumbra,19.1906,73.0229,0.5,25.1,91.0,13.8
2024-08-02T06:00,2024,Thane Mumbra,19.1906,73.0229,1.6,24.8,94.0,14.9
2024-08-02T07:00,2024,Thane Mumbra,19.1906,73.0229,2.6,25.9,89.0,10.9
2024-08-02T08:00,2024,Thane Mumbra,19.1906,73.0229,0.5,25.9,91.0,16.0
2024-08-02T09:00,2024,Thane Mumbra,19.1906,73.0229,0.6,26.5,87.0,18.6
2024-08-02T10:00,2024,Thane Mumbra,19.1906,73.0229,0.4,27.1,88.0,15.6
2024-08-02T11:00,2024,Thane Mumbra,19.1906,73.0229,0.3,27.9,80.0,22.4
2024-08-02T12:00,2024,Thane Mumbra,19.1906,73.0229,1.4,27.8,86.0,17.4
2024-08-02T13:00,2024,Thane Mumbra,19.1906,73.0229,0.2,28.3,82.0,20.5
2024-08-02T14:00,2024,Thane Mumbra,19.1906,73.0229,0.6,28.1,82.0,20.4
2024-08-02T15:00,2024,Thane Mumbra,19.1906,73.0229,0.8,28.0,83.0,20.0
2024-08-02T16:00,2024,Thane Mumbra,19.1906,73.0229,0.5,26.9,84.0,22.2
2024-08-02T17:00,2024,Thane Mumbra,19.1906,73.0229,0.7,26.1,89.0,17.4
2024-08-02T18:00,2024,Thane Mumbra,19.1906,73.0229,10.7,24.7,94.0,13.6
2024-08-02T19:00,2024,Thane Mumbra,19.1906,73.0229,1.2,25.0,93.0,16.1
2024-08-02T20:00,2024,Thane Mumbra,19.1906,73.0229,0.2,25.6,93.0,15.4
2024-08-02T21:00,2024,Thane Mumbra,19.1906,73.0229,1.8,24.5,94.0,16.1
2024-08-02T22:00,2024,Thane Mumbra,19.1906,73.0229,0.3,25.5,91.0,16.1
2024-08-02T23:00,2024,Thane Mumbra,19.1906,73.0229,0.4,25.6,91.0,15.9
2024-08-03T00:00,2024,Thane Mumbra,19.1906,73.0229,0.8,25.6,92.0,16.1
2024-08-03T01:00,2024,Thane Mumbra,19.1906,73.0229,0.5,25.4,91.0,18.4
2024-08-03T02:00,2024,Thane Mumbra,19.1906,73.0229,0.4,25.3,91.0,17.4
2024-08-03T03:00,2024,Thane Mumbra,19.1906,73.0229,0.7,24.7,93.0,18.1
2024-08-03T04:00,2024,Thane Mumbra,19.1906,73.0229,0.5,25.3,91.0,17.0
2024-08-03T05:00,2024,Thane Mumbra,19.1906,73.0229,0.6,25.1,91.0,13.8
2024-08-03T06:00,2024,Thane Mumbra,19.1906,73.0229,0.6,25.7,91.0,16.3
2024-08-03T07:00,2024,Thane Mumbra,19.1906,73.0229,0.7,25.5,92.0,18.9
2024-08-03T08:00,2024,Thane Mumbra,19.1906,73.0229,0.1,26.0,89.0,20.9
2024-08-03T09:00,2024,Thane Mumbra,19.1906,73.0229,0.6,26.3,89.0,19.6
2024-08-03T10:00,2024,Thane Mumbra,19.1906,73.0229,0.8,26.2,90.0,19.8
2024-08-03T11:00,2024,Thane Mumbra,19.1906,73.0229,0.5,27.3,82.0,24.1
2024-08-03T12:00,2024,Thane Mumbra,19.1906,73.0229,0.6,27.7,82.0,21.1
2024-08-03T13:00,2024,Thane Mumbra,19.1906,73.0229,1.5,27.7,85.0,21.4
2024-08-03T14:00,2024,Thane Mumbra,19.1906,73.0229,1.7,26.8,87.0,24.0
2024-08-03T15:00,2024,Thane Mumbra,19.1906,73.0229,0.5,27.7,84.0,19.3
2024-08-03T16:00,2024,Thane Mumbra,19.1906,73.0229,4.8,26.8,88.0,20.3
2024-08-03T17:00,2024,Thane Mumbra,19.1906,73.0229,0.6,26.3,89.0,18.7
2024-08-03T18:00,2024,Thane Mumbra,19.1906,73.0229,1.0,25.8,91.0,18.4
2024-08-03T19:00,2024,Thane Mumbra,19.1906,73.0229,1.6,25.6,91.0,14.3
2024-08-03T20:00,2024,Thane Mumbra,19.1906,73.0229,1.0,25.4,91.0,13.6
2024-08-03T21:00,2024,Thane Mumbra,19.1906,73.0229,1.0,25.6,91.0,13.9
2024-08-03T22:00,2024,Thane Mumbra,19.1906,73.0229,0.5,25.6,90.0,14.8
2024-08-03T23:00,2024,Thane Mumbra,19.1906,73.0229,0.4,25.6,90.0,15.6
2024-08-04T00:00,2024,Thane Mumbra,19.1906,73.0229,1.2,25.3,92.0,16.3
2024-08-04T01:00,2024,Thane Mumbra,19.1906,73.0229,0.7,25.3,91.0,15.7
2024-08-04T02:00,2024,Thane Mumbra,19.1906,73.0229,0.4,25.3,92.0,15.6
2024-08-04T03:00,2024,Thane Mumbra,19.1906,73.0229,0.5,25.2,92.0,14.0
2024-08-04T04:00,2024,Thane Mumbra,19.1906,73.0229,0.8,25.3,92.0,15.2
2024-08-04T05:00,2024,Thane Mumbra,19.1906,73.0229,0.6,25.3,91.0,16.4
2024-08-04T06:00,2024,Thane Mumbra,19.1906,73.0229,10.8,25.5,91.0,17.3
2024-08-04T07:00,2024,Thane Mumbra,19.1906,73.0229,9.8,25.7,91.0,15.2
2024-08-04T08:00,2024,Thane Mumbra,19.1906,73.0229,4.1,26.0,91.0,14.0
2024-08-04T09:00,2024,Thane Mumbra,19.1906,73.0229,1.5,26.0,92.0,16.2
2024-08-04T10:00,2024,Thane Mumbra,19.1906,73.0229,2.0,26.3,91.0,16.1
2024-08-04T11:00,2024,Thane Mumbra,19.1906,73.0229,0.6,26.6,91.0,17.4
2024-08-04T12:00,2024,Thane Mumbra,19.1906,73.0229,0.6,27.8,84.0,20.3
2024-08-04T13:00,2024,Thane Mumbra,19.1906,73.0229,2.9,27.0,86.0,21.3
2024-08-04T14:00,2024,Thane Mumbra,19.1906,73.0229,1.1,27.0,89.0,17.1
2024-08-04T15:00,2024,Thane Mumbra,19.1906,73.0229,0.4,27.1,86.0,18.8
2024-08-04T16:00,2024,Thane Mumbra,19.1906,73.0229,1.2,26.2,91.0,15.3
2024-08-04T17:00,2024,Thane Mumbra,19.1906,73.0229,0.7,26.1,92.0,15.8
2024-08-04T18:00,2024,Thane Mumbra,19.1906,73.0229,0.6,25.5,92.0,17.2
2024-08-04T19:00,2024,Thane Mumbra,19.1906,73.0229,1.0,25.4,92.0,14.5
2024-08-04T20:00,2024,Thane Mumbra,19.1906,73.0229,1.0,25.6,91.0,16.1
2024-08-04T21:00,2024,Thane Mumbra,19.1906,73.0229,0.5,25.6,92.0,15.8
2024-08-04T22:00,2024,Thane Mumbra,19.1906,73.0229,0.5,25.4,93.0,15.6
2024-08-04T23:00,2024,Thane Mumbra,19.1906,73.0229,0.5,25.5,91.0,14.8
2024-08-05T00:00,2024,Thane Mumbra,19.1906,73.0229,0.2,25.6,91.0,15.5
2024-08-05T01:00,2024,Thane Mumbra,19.1906,73.0229,0.2,25.4,91.0,15.5
2024-08-05T02:00,2024,Thane Mumbra,19.1906,73.0229,0.5,25.2,92.0,13.6
2024-08-05T03:00,2024,Thane Mumbra,19.1906,73.0229,0.2,25.2,93.0,14.9
2024-08-05T04:00,2024,Thane Mumbra,19.1906,73.0229,0.4,25.3,92.0,14.2
2024-08-05T05:00,2024,Thane Mumbra,19.1906,73.0229,0.5,25.3,91.0,13.5
2024-08-05T06:00,2024,Thane Mumbra,19.1906,73.0229,0.4,26.1,87.0,15.6
2024-08-05T07:00,2024,Thane Mumbra,19.1906,73.0229,0.5,26.2,89.0,16.7
2024-08-05T08:00,2024,Thane Mumbra,19.1906,73.0229,0.2,27.1,86.0,17.1
2024-08-05T09:00,2024,Thane Mumbra,19.1906,73.0229,0.3,27.7,83.0,17.4
2024-08-05T10:00,2024,Thane Mumbra,19.1906,73.0229,0.0,28.8,78.0,19.1
2024-08-05T11:00,2024,Thane Mumbra,19.1906,73.0229,0.4,28.2,80.0,19.1
2024-08-05T12:00,2024,Thane Mumbra,19.1906,73.0229,0.2,28.5,80.0,18.1
2024-08-05T13:00,2024,Thane Mumbra,19.1906,73.0229,0.1,29.9,73.0,21.8
2024-08-05T14:00,2024,Thane Mumbra,19.1906,73.0229,0.9,28.6,80.0,20.6
2024-08-05T15:00,2024,Thane Mumbra,19.1906,73.0229,0.2,28.5,76.0,22.2
2024-08-05T16:00,2024,Thane Mumbra,19.1906,73.0229,0.1,28.0,83.0,18.0
2024-08-05T17:00,2024,Thane Mumbra,19.1906,73.0229,0.1,27.6,82.0,16.4
2024-08-05T18:00,2024,Thane Mumbra,19.1906,73.0229,3.4,25.9,91.0,14.3
2024-08-05T19:00,2024,Thane Mumbra,19.1906,73.0229,0.7,25.7,94.0,11.7
2024-08-05T20:00,2024,Thane Mumbra,19.1906,73.0229,0.2,25.8,92.0,11.7
2024-08-05T21:00,2024,Thane Mumbra,19.1906,73.0229,0.1,25.8,91.0,12.9
2024-08-05T22:00,2024,Thane Mumbra,19.1906,73.0229,0.4,25.6,94.0,12.0
2024-08-05T23:00,2024,Thane Mumbra,19.1906,73.0229,0.2,25.6,93.0,12.3
2024-08-06T00:00,2024,Thane Mumbra,19.1906,73.0229,0.4,25.4,93.0,13.9
2024-08-06T01:00,2024,Thane Mumbra,19.1906,73.0229,0.1,25.6,91.0,13.8
2024-08-06T02:00,2024,Thane Mumbra,19.1906,73.0229,0.7,25.1,94.0,12.8
2024-08-06T03:00,2024,Thane Mumbra,19.1906,73.0229,0.4,25.3,94.0,13.8
2024-08-06T04:00,2024,Thane Mumbra,19.1906,73.0229,0.3,25.4,91.0,12.8
2024-08-06T05:00,2024,Thane Mumbra,19.1906,73.0229,0.2,25.0,92.0,10.3
2024-08-06T06:00,2024,Thane Mumbra,19.1906,73.0229,0.0,25.3,92.0,10.3
2024-08-06T07:00,2024,Thane Mumbra,19.1906,73.0229,0.0,26.4,88.0,11.2
2024-08-06T08:00,2024,Thane Mumbra,19.1906,73.0229,0.0,27.3,84.0,12.5
2024-08-06T09:00,2024,Thane Mumbra,19.1906,73.0229,0.2,28.1,78.0,15.4
2024-08-06T10:00,2024,Thane Mumbra,19.1906,73.0229,0.5,28.3,79.0,12.5
2024-08-06T11:00,2024,Thane Mumbra,19.1906,73.0229,0.8,28.4,79.0,15.3
2024-08-06T12:00,2024,Thane Mumbra,19.1906,73.0229,0.0,29.4,75.0,17.7
2024-08-06T13:00,2024,Thane Mumbra,19.1906,73.0229,0.5,28.3,79.0,17.8
2024-08-06T14:00,2024,Thane Mumbra,19.1906,73.0229,0.0,29.7,75.0,17.4
2024-08-06T15:00,2024,Thane Mumbra,19.1906,73.0229,0.6,28.1,80.0,18.1
2024-08-06T16:00,2024,Thane Mumbra,19.1906,73.0229,0.1,28.1,81.0,16.8
2024-08-06T17:00,2024,Thane Mumbra,19.1906,73.0229,0.1,27.9,81.0,15.8
2024-08-06T18:00,2024,Thane Mumbra,19.1906,73.0229,0.2,26.5,89.0,12.8
2024-08-06T19:00,2024,Thane Mumbra,19.1906,73.0229,0.1,26.3,89.0,10.1
2024-08-06T20:00,2024,Thane Mumbra,19.1906,73.0229,0.0,26.1,90.0,9.7
2024-08-06T21:00,2024,Thane Mumbra,19.1906,73.0229,0.0,25.9,91.0,8.1
2024-08-06T22:00,2024,Thane Mumbra,19.1906,73.0229,0.0,26.0,90.0,9.5
2024-08-06T23:00,2024,Thane Mumbra,19.1906,73.0229,0.1,25.8,90.0,9.4
2024-08-07T00:00,2024,Thane Mumbra,19.1906,73.0229,0.2,25.6,91.0,7.1
2024-08-07T01:00,2024,Thane Mumbra,19.1906,73.0229,0.1,25.5,92.0,9.7
2024-08-07T02:00,2024,Thane Mumbra,19.1906,73.0229,0.2,25.3,93.0,10.2
2024-08-07T03:00,2024,Thane Mumbra,19.1906,73.0229,0.2,25.4,92.0,9.7
2024-08-07T04:00,2024,Thane Mumbra,19.1906,73.0229,0.1,25.3,93.0,7.9
2024-08-07T05:00,2024,Thane Mumbra,19.1906,73.0229,0.4,25.2,94.0,10.1
2024-08-07T06:00,2024,Thane Mumbra,19.1906,73.0229,0.5,25.5,91.0,9.5
2024-08-07T07:00,2024,Thane Mumbra,19.1906,73.0229,0.1,26.3,90.0,9.3
2024-08-07T08:00,2024,Thane Mumbra,19.1906,73.0229,1.8,26.6,86.0,12.4
2024-08-07T09:00,2024,Thane Mumbra,19.1906,73.0229,0.1,27.5,84.0,11.9
2024-08-07T10:00,2024,Thane Mumbra,19.1906,73.0229,0.1,28.4,79.0,13.6
2024-08-07T11:00,2024,Thane Mumbra,19.1906,73.0229,0.1,28.9,75.0,16.1
2024-08-07T12:00,2024,Thane Mumbra,19.1906,73.0229,0.4,29.2,74.0,17.4
2024-08-07T13:00,2024,Thane Mumbra,19.1906,73.0229,0.4,29.6,78.0,16.2
2024-08-07T14:00,2024,Thane Mumbra,19.1906,73.0229,0.0,29.5,76.0,16.6
2024-08-07T15:00,2024,Thane Mumbra,19.1906,73.0229,0.0,29.5,75.0,17.5
2024-08-07T16:00,2024,Thane Mumbra,19.1906,73.0229,0.1,28.6,79.0,16.7
2024-08-07T17:00,2024,Thane Mumbra,19.1906,73.0229,0.1,28.1,79.0,16.4
2024-08-07T18:00,2024,Thane Mumbra,19.1906,73.0229,0.1,27.6,81.0,12.3
2024-08-07T19:00,2024,Thane Mumbra,19.1906,73.0229,0.1,26.4,85.0,9.9
2024-08-07T20:00,2024,Thane Mumbra,19.1906,73.0229,0.1,26.0,88.0,7.1
2024-08-07T21:00,2024,Thane Mumbra,19.1906,73.0229,0.0,25.6,90.0,7.0
2024-08-07T22:00,2024,Thane Mumbra,19.1906,73.0229,0.1,25.3,91.0,7.1
2024-08-07T23:00,2024,Thane Mumbra,19.1906,73.0229,0.3,25.2,92.0,7.8
2024-08-08T00:00,2024,Thane Mumbra,19.1906,73.0229,0.0,25.3,92.0,9.0
2024-08-08T01:00,2024,Thane Mumbra,19.1906,73.0229,0.1,25.4,91.0,8.7
2024-08-08T02:00,2024,Thane Mumbra,19.1906,73.0229,0.2,25.1,92.0,7.4
2024-08-08T03:00,2024,Thane Mumbra,19.1906,73.0229,0.1,25.1,92.0,7.3
2024-08-08T04:00,2024,Thane Mumbra,19.1906,73.0229,0.0,24.9,94.0,6.4
2024-08-08T05:00,2024,Thane Mumbra,19.1906,73.0229,0.1,24.8,95.0,5.4
2024-08-08T06:00,2024,Thane Mumbra,19.1906,73.0229,0.3,25.2,93.0,8.4
2024-08-08T07:00,2024,Thane Mumbra,19.1906,73.0229,0.0,26.1,91.0,8.8
2024-08-08T08:00,2024,Thane Mumbra,19.1906,73.0229,0.4,26.5,85.0,14.5
2024-08-08T09:00,2024,Thane Mumbra,19.1906,73.0229,0.1,27.5,83.0,10.8
2024-08-08T10:00,2024,Thane Mumbra,19.1906,73.0229,0.1,28.5,79.0,12.8
2024-08-08T11:00,2024,Thane Mumbra,19.1906,73.0229,0.6,27.2,82.0,15.4
2024-08-08T12:00,2024,Thane Mumbra,19.1906,73.0229,0.1,28.6,80.0,12.5
2024-08-08T13:00,2024,Thane Mumbra,19.1906,73.0229,0.2,29.5,73.0,15.9
2024-08-08T14:00,2024,Thane Mumbra,19.1906,73.0229,0.4,28.8,74.0,14.6
2024-08-08T15:00,2024,Thane Mumbra,19.1906,73.0229,0.7,28.9,76.0,15.2
2024-08-08T16:00,2024,Thane Mumbra,19.1906,73.0229,0.6,28.0,76.0,15.9
2024-08-08T17:00,2024,Thane Mumbra,19.1906,73.0229,0.1,27.3,82.0,12.8
2024-08-08T18:00,2024,Thane Mumbra,19.1906,73.0229,0.1,26.8,82.0,8.8
2024-08-08T19:00,2024,Thane Mumbra,19.1906,73.0229,0.1,26.0,87.0,3.7
2024-08-08T20:00,2024,Thane Mumbra,19.1906,73.0229,0.0,25.6,89.0,8.4
2024-08-08T21:00,2024,Thane Mumbra,19.1906,73.0229,0.0,25.4,90.0,8.0
2024-08-08T22:00,2024,Thane Mumbra,19.1906,73.0229,0.2,25.4,90.0,7.7
2024-08-08T23:00,2024,Thane Mumbra,19.1906,73.0229,0.2,25.3,91.0,7.6
2024-08-09T00:00,2024,Thane Mumbra,19.1906,73.0229,0.2,25.2,93.0,8.3
2024-08-09T01:00,2024,Thane Mumbra,19.1906,73.0229,0.2,24.9,94.0,7.6
2024-08-09T02:00,2024,Thane Mumbra,19.1906,73.0229,0.2,24.8,95.0,7.3
2024-08-09T03:00,2024,Thane Mumbra,19.1906,73.0229,0.7,24.9,95.0,6.4
2024-08-09T04:00,2024,Thane Mumbra,19.1906,73.0229,0.5,25.0,94.0,8.6
2024-08-09T05:00,2024,Thane Mumbra,19.1906,73.0229,0.3,24.6,96.0,9.2
2024-08-09T06:00,2024,Thane Mumbra,19.1906,73.0229,5.3,25.6,94.0,10.3
2024-08-09T07:00,2024,Thane Mumbra,19.1906,73.0229,2.8,25.8,93.0,10.9
2024-08-09T08:00,2024,Thane Mumbra,19.1906,73.0229,3.2,26.0,91.0,12.1
2024-08-09T09:00,2024,Thane Mumbra,19.1906,73.0229,1.0,26.0,92.0,11.6
2024-08-09T10:00,2024,Thane Mumbra,19.1906,73.0229,0.7,25.9,92.0,9.3
2024-08-09T11:00,2024,Thane Mumbra,19.1906,73.0229,1.2,25.6,89.0,13.3
2024-08-09T12:00,2024,Thane Mumbra,19.1906,73.0229,0.5,26.5,88.0,10.3
2024-08-09T13:00,2024,Thane Mumbra,19.1906,73.0229,0.3,26.7,85.0,8.3
2024-08-09T14:00,2024,Thane Mumbra,19.1906,73.0229,0.2,26.6,85.0,11.6
2024-08-09T15:00,2024,Thane Mumbra,19.1906,73.0229,0.2,26.8,84.0,9.3
2024-08-09T16:00,2024,Thane Mumbra,19.1906,73.0229,0.2,27.0,85.0,10.9
2024-08-09T17:00,2024,Thane Mumbra,19.1906,73.0229,0.5,26.8,86.0,11.2
2024-08-09T18:00,2024,Thane Mumbra,19.1906,73.0229,0.1,26.3,87.0,7.1
2024-08-09T19:00,2024,Thane Mumbra,19.1906,73.0229,0.2,25.8,90.0,6.0
2024-08-09T20:00,2024,Thane Mumbra,19.1906,73.0229,0.4,25.3,92.0,6.7
2024-08-09T21:00,2024,Thane Mumbra,19.1906,73.0229,0.2,25.2,93.0,6.1
2024-08-09T22:00,2024,Thane Mumbra,19.1906,73.0229,0.1,25.0,95.0,5.3
2024-08-09T23:00,2024,Thane Mumbra,19.1906,73.0229,0.1,25.1,95.0,6.4
2024-08-10T00:00,2024,Thane Mumbra,19.1906,73.0229,0.5,24.7,96.0,4.8
2024-08-10T01:00,2024,Thane Mumbra,19.1906,73.0229,0.6,24.4,94.0,4.6
2024-08-10T02:00,2024,Thane Mumbra,19.1906,73.0229,0.4,24.3,96.0,5.7
2024-08-10T03:00,2024,Thane Mumbra,19.1906,73.0229,0.3,24.5,96.0,6.6
2024-08-10T04:00,2024,Thane Mumbra,19.1906,73.0229,0.3,24.7,96.0,7.2
2024-08-10T05:00,2024,Thane Mumbra,19.1906,73.0229,0.3,24.3,97.0,9.4
2024-08-10T06:00,2024,Thane Mumbra,19.1906,73.0229,0.1,25.2,95.0,7.3
2024-08-10T07:00,2024,Thane Mumbra,19.1906,73.0229,0.1,25.6,94.0,8.0
2024-08-10T08:00,2024,Thane Mumbra,19.1906,73.0229,0.0,26.2,90.0,9.1
2024-08-10T09:00,2024,Thane Mumbra,19.1906,73.0229,0.1,26.8,88.0,6.9
2024-08-10T10:00,2024,Thane Mumbra,19.1906,73.0229,0.0,27.6,84.0,6.4
2024-08-10T11:00,2024,Thane Mumbra,19.1906,73.0229,0.0,29.0,77.0,9.0
2024-08-10T12:00,2024,Thane Mumbra,19.1906,73.0229,0.4,28.5,76.0,13.0
2024-08-10T13:00,2024,Thane Mumbra,19.1906,73.0229,0.5,28.5,77.0,16.3
2024-08-10T14:00,2024,Thane Mumbra,19.1906,73.0229,0.4,29.1,77.0,17.1
2024-08-10T15:00,2024,Thane Mumbra,19.1906,73.0229,2.4,27.2,83.0,15.1
2024-08-10T16:00,2024,Thane Mumbra,19.1906,73.0229,0.4,28.4,81.0,15.6
2024-08-10T17:00,2024,Thane Mumbra,19.1906,73.0229,0.1,27.8,80.0,15.5
2024-08-10T18:00,2024,Thane Mumbra,19.1906,73.0229,0.1,26.8,82.0,10.7
2024-08-10T19:00,2024,Thane Mumbra,19.1906,73.0229,0.0,26.2,84.0,8.0
2024-08-10T20:00,2024,Thane Mumbra,19.1906,73.0229,0.0,25.7,88.0,4.1
2024-08-10T21:00,2024,Thane Mumbra,19.1906,73.0229,0.0,25.8,88.0,3.8
2024-08-10T22:00,2024,Thane Mumbra,19.1906,73.0229,0.1,25.6,90.0,4.0
2024-08-10T23:00,2024,Thane Mumbra,19.1906,73.0229,0.0,25.4,91.0,4.3
2024-08-11T00:00,2024,Thane Mumbra,19.1906,73.0229,0.0,25.7,89.0,5.1
2024-08-11T01:00,2024,Thane Mumbra,19.1906,73.0229,0.1,25.5,90.0,5.1
2024-08-11T02:00,2024,Thane Mumbra,19.1906,73.0229,0.1,25.1,93.0,5.2
2024-08-11T03:00,2024,Thane Mumbra,19.1906,73.0229,0.1,25.1,93.0,6.6
2024-08-11T04:00,2024,Thane Mumbra,19.1906,73.0229,0.1,25.1,93.0,7.1
2024-08-11T05:00,2024,Thane Mumbra,19.1906,73.0229,0.0,25.0,94.0,6.5
2024-08-11T06:00,2024,Thane Mumbra,19.1906,73.0229,0.0,25.6,92.0,5.9
2024-08-11T07:00,2024,Thane Mumbra,19.1906,73.0229,0.0,26.2,90.0,10.4
2024-08-11T08:00,2024,Thane Mumbra,19.1906,73.0229,0.0,27.6,84.0,11.3
2024-08-11T09:00,2024,Thane Mumbra,19.1906,73.0229,0.1,28.4,80.0,13.7
2024-08-11T10:00,2024,Thane Mumbra,19.1906,73.0229,0.8,27.9,81.0,14.0
2024-08-11T11:00,2024,Thane Mumbra,19.1906,73.0229,0.0,29.4,74.0,16.8
2024-08-11T12:00,2024,Thane Mumbra,19.1906,73.0229,0.3,28.6,77.0,17.2
2024-08-11T13:00,2024,Thane Mumbra,19.1906,73.0229,0.1,29.7,74.0,15.9
2024-08-11T14:00,2024,Thane Mumbra,19.1906,73.0229,0.9,28.0,78.0,16.6
2024-08-11T15:00,2024,Thane Mumbra,19.1906,73.0229,0.1,28.8,77.0,16.6
2024-08-11T16:00,2024,Thane Mumbra,19.1906,73.0229,0.1,28.9,76.0,18.1
2024-08-11T17:00,2024,Thane Mumbra,19.1906,73.0229,0.3,28.2,76.0,15.7
2024-08-11T18:00,2024,Thane Mumbra,19.1906,73.0229,0.1,26.9,84.0,11.2
2024-08-11T19:00,2024,Thane Mumbra,19.1906,73.0229,0.1,26.7,84.0,8.2
2024-08-11T20:00,2024,Thane Mumbra,19.1906,73.0229,0.0,26.1,86.0,7.1
2024-08-11T21:00,2024,Thane Mumbra,19.1906,73.0229,0.0,25.8,88.0,4.6
2024-08-11T22:00,2024,Thane Mumbra,19.1906,73.0229,0.0,25.7,89.0,5.0
2024-08-11T23:00,2024,Thane Mumbra,19.1906,73.0229,0.0,25.5,90.0,4.8
2024-08-12T00:00,2024,Thane Mumbra,19.1906,73.0229,0.1,25.4,90.0,5.7
2024-08-12T01:00,2024,Thane Mumbra,19.1906,73.0229,0.1,25.5,91.0,7.5
2024-08-12T02:00,2024,Thane Mumbra,19.1906,73.0229,0.2,25.2,94.0,7.3
2024-08-12T03:00,2024,Thane Mumbra,19.1906,73.0229,0.1,25.1,93.0,7.2
2024-08-12T04:00,2024,Thane Mumbra,19.1906,73.0229,0.2,25.1,93.0,6.9
2024-08-12T05:00,2024,Thane Mumbra,19.1906,73.0229,0.2,24.9,94.0,7.8
2024-08-12T06:00,2024,Thane Mumbra,19.1906,73.0229,0.1,25.7,91.0,8.3
2024-08-12T07:00,2024,Thane Mumbra,19.1906,73.0229,0.1,26.1,90.0,11.8
2024-08-12T08:00,2024,Thane Mumbra,19.1906,73.0229,0.1,27.3,86.0,10.5
2024-08-12T09:00,2024,Thane Mumbra,19.1906,73.0229,0.1,27.7,83.0,11.8
2024-08-12T10:00,2024,Thane Mumbra,19.1906,73.0229,0.0,28.1,80.0,13.0
2024-08-12T11:00,2024,Thane Mumbra,19.1906,73.0229,1.4,27.9,77.0,15.5
2024-08-12T12:00,2024,Thane Mumbra,19.1906,73.0229,0.9,28.7,80.0,13.5
2024-08-12T13:00,2024,Thane Mumbra,19.1906,73.0229,0.1,29.8,74.0,17.0
2024-08-12T14:00,2024,Thane Mumbra,19.1906,73.0229,0.2,29.2,76.0,17.3
2024-08-12T15:00,2024,Thane Mumbra,19.1906,73.0229,0.2,29.1,76.0,17.7
2024-08-12T16:00,2024,Thane Mumbra,19.1906,73.0229,0.1,28.9,78.0,16.7
2024-08-12T17:00,2024,Thane Mumbra,19.1906,73.0229,0.2,28.3,78.0,15.9
2024-08-12T18:00,2024,Thane Mumbra,19.1906,73.0229,0.2,27.3,82.0,9.5
2024-08-12T19:00,2024,Thane Mumbra,19.1906,73.0229,0.0,26.4,87.0,5.0
2024-08-12T20:00,2024,Thane Mumbra,19.1906,73.0229,0.0,25.7,92.0,4.9
2024-08-12T21:00,2024,Thane Mumbra,19.1906,73.0229,0.0,25.3,94.0,5.0
2024-08-12T22:00,2024,Thane Mumbra,19.1906,73.0229,0.0,25.2,94.0,4.1
2024-08-12T23:00,2024,Thane Mumbra,19.1906,73.0229,0.0,25.3,93.0,4.1
2024-08-13T00:00,2024,Thane Mumbra,19.1906,73.0229,0.0,24.9,94.0,4.0
2024-08-13T01:00,2024,Thane Mumbra,19.1906,73.0229,0.1,24.8,95.0,5.5
2024-08-13T02:00,2024,Thane Mumbra,19.1906,73.0229,0.1,24.7,96.0,5.7
2024-08-13T03:00,2024,Thane Mumbra,19.1906,73.0229,0.0,24.8,95.0,5.8
2024-08-13T04:00,2024,Thane Mumbra,19.1906,73.0229,0.2,24.5,95.0,5.9
2024-08-13T05:00,2024,Thane Mumbra,19.1906,73.0229,0.1,24.4,96.0,7.2
2024-08-13T06:00,2024,Thane Mumbra,19.1906,73.0229,0.1,25.3,94.0,7.5
2024-08-13T07:00,2024,Thane Mumbra,19.1906,73.0229,0.2,25.6,91.0,7.5
2024-08-13T08:00,2024,Thane Mumbra,19.1906,73.0229,0.4,26.2,86.0,7.9
2024-08-13T09:00,2024,Thane Mumbra,19.1906,73.0229,0.6,26.9,84.0,7.3
2024-08-13T10:00,2024,Thane Mumbra,19.1906,73.0229,0.3,27.8,82.0,8.1
2024-08-13T11:00,2024,Thane Mumbra,19.1906,73.0229,0.2,28.5,79.0,10.0
2024-08-13T12:00,2024,Thane Mumbra,19.1906,73.0229,0.2,28.9,77.0,10.0
2024-08-13T13:00,2024,Thane Mumbra,19.1906,73.0229,0.2,29.5,74.0,11.9
2024-08-13T14:00,2024,Thane Mumbra,19.1906,73.0229,0.3,29.7,73.0,14.3
2024-08-13T15:00,2024,Thane Mumbra,19.1906,73.0229,0.3,29.4,74.0,14.2
2024-08-13T16:00,2024,Thane Mumbra,19.1906,73.0229,0.3,29.3,75.0,14.4
2024-08-13T17:00,2024,Thane Mumbra,19.1906,73.0229,0.2,28.6,78.0,14.0
2024-08-13T18:00,2024,Thane Mumbra,19.1906,73.0229,0.0,27.6,82.0,10.9
2024-08-13T19:00,2024,Thane Mumbra,19.1906,73.0229,0.0,26.8,86.0,6.6
2024-08-13T20:00,2024,Thane Mumbra,19.1906,73.0229,0.0,26.1,92.0,4.4
2024-08-13T21:00,2024,Thane Mumbra,19.1906,73.0229,0.0,26.0,92.0,2.2
2024-08-13T22:00,2024,Thane Mumbra,19.1906,73.0229,0.0,25.7,91.0,2.2
2024-08-13T23:00,2024,Thane Mumbra,19.1906,73.0229,0.0,25.9,91.0,3.3
2024-08-14T00:00,2024,Thane Mumbra,19.1906,73.0229,0.3,25.6,92.0,4.3
2024-08-14T01:00,2024,Thane Mumbra,19.1906,73.0229,0.1,25.6,93.0,3.3
2024-08-14T02:00,2024,Thane Mumbra,19.1906,73.0229,0.0,25.5,94.0,2.5
2024-08-14T03:00,2024,Thane Mumbra,19.1906,73.0229,0.0,25.4,95.0,1.9
2024-08-14T04:00,2024,Thane Mumbra,19.1906,73.0229,0.2,25.3,91.0,2.4
2024-08-14T05:00,2024,Thane Mumbra,19.1906,73.0229,0.1,25.2,92.0,3.9
2024-08-14T06:00,2024,Thane Mumbra,19.1906,73.0229,0.0,25.2,95.0,2.6
2024-08-14T07:00,2024,Thane Mumbra,19.1906,73.0229,0.0,26.0,90.0,3.1
2024-08-14T08:00,2024,Thane Mumbra,19.1906,73.0229,0.0,26.8,87.0,2.4
2024-08-14T09:00,2024,Thane Mumbra,19.1906,73.0229,0.0,27.6,83.0,1.6
2024-08-14T10:00,2024,Thane Mumbra,19.1906,73.0229,0.0,28.9,79.0,3.0
2024-08-14T11:00,2024,Thane Mumbra,19.1906,73.0229,0.0,29.8,75.0,6.5
2024-08-14T12:00,2024,Thane Mumbra,19.1906,73.0229,0.1,30.5,71.0,8.6
2024-08-14T13:00,2024,Thane Mumbra,19.1906,73.0229,0.4,30.0,69.0,11.9
2024-08-14T14:00,2024,Thane Mumbra,19.1906,73.0229,0.4,29.4,74.0,14.2
2024-08-14T15:00,2024,Thane Mumbra,19.1906,73.0229,0.3,29.5,75.0,15.1
2024-08-14T16:00,2024,Thane Mumbra,19.1906,73.0229,0.0,29.2,75.0,13.9
2024-08-14T17:00,2024,Thane Mumbra,19.1906,73.0229,0.0,28.7,76.0,13.9
2024-08-14T18:00,2024,Thane Mumbra,19.1906,73.0229,0.0,27.7,79.0,10.3
2024-08-14T19:00,2024,Thane Mumbra,19.1906,73.0229,0.0,26.9,83.0,5.9
2024-08-14T20:00,2024,Thane Mumbra,19.1906,73.0229,0.0,26.2,90.0,3.9
2024-08-14T21:00,2024,Thane Mumbra,19.1906,73.0229,0.0,26.6,84.0,2.2
2024-08-14T22:00,2024,Thane Mumbra,19.1906,73.0229,0.0,26.1,89.0,1.8
2024-08-14T23:00,2024,Thane Mumbra,19.1906,73.0229,0.0,25.6,92.0,1.0
2024-08-15T00:00,2024,Thane Mumbra,19.1906,73.0229,0.0,25.3,92.0,1.5
2024-08-15T01:00,2024,Thane Mumbra,19.1906,73.0229,0.0,25.0,93.0,1.8
2024-08-15T02:00,2024,Thane Mumbra,19.1906,73.0229,0.0,24.7,96.0,2.1
2024-08-15T03:00,2024,Thane Mumbra,19.1906,73.0229,0.0,24.5,96.0,2.4
2024-08-15T04:00,2024,Thane Mumbra,19.1906,73.0229,0.1,24.5,97.0,3.6
2024-08-15T05:00,2024,Thane Mumbra,19.1906,73.0229,0.1,24.9,94.0,2.0
2024-08-15T06:00,2024,Thane Mumbra,19.1906,73.0229,0.0,25.7,91.0,1.1
2024-08-15T07:00,2024,Thane Mumbra,19.1906,73.0229,0.0,26.2,90.0,0.7
2024-08-15T08:00,2024,Thane Mumbra,19.1906,73.0229,0.1,27.4,84.0,2.1
2024-08-15T09:00,2024,Thane Mumbra,19.1906,73.0229,0.1,28.5,78.0,2.0
2024-08-15T10:00,2024,Thane Mumbra,19.1906,73.0229,0.1,29.5,74.0,3.3
2024-08-15T11:00,2024,Thane Mumbra,19.1906,73.0229,0.4,29.5,75.0,8.0
2024-08-15T12:00,2024,Thane Mumbra,19.1906,73.0229,0.1,29.8,74.0,10.5
2024-08-15T13:00,2024,Thane Mumbra,19.1906,73.0229,0.0,30.8,68.0,12.4
2024-08-15T14:00,2024,Thane Mumbra,19.1906,73.0229,0.1,30.5,69.0,14.6
2024-08-15T15:00,2024,Thane Mumbra,19.1906,73.0229,0.1,29.9,71.0,16.7
2024-08-15T16:00,2024,Thane Mumbra,19.1906,73.0229,0.0,29.4,73.0,15.3
2024-08-15T17:00,2024,Thane Mumbra,19.1906,73.0229,0.0,28.8,76.0,12.3
2024-08-15T18:00,2024,Thane Mumbra,19.1906,73.0229,0.0,28.1,79.0,7.9
2024-08-15T19:00,2024,Thane Mumbra,19.1906,73.0229,0.0,27.1,86.0,3.7
2024-08-15T20:00,2024,Thane Mumbra,19.1906,73.0229,0.0,26.6,89.0,3.6
2024-08-15T21:00,2024,Thane Mumbra,19.1906,73.0229,0.0,26.1,92.0,3.6
2024-08-15T22:00,2024,Thane Mumbra,19.1906,73.0229,0.0,26.2,90.0,1.8
2024-08-15T23:00,2024,Thane Mumbra,19.1906,73.0229,0.0,26.1,90.0,1.9
2024-08-16T00:00,2024,Thane Mumbra,19.1906,73.0229,0.0,26.1,89.0,2.5
2024-08-16T01:00,2024,Thane Mumbra,19.1906,73.0229,0.0,25.9,89.0,1.3
2024-08-16T02:00,2024,Thane Mumbra,19.1906,73.0229,0.1,25.1,94.0,1.4
2024-08-16T03:00,2024,Thane Mumbra,19.1906,73.0229,0.1,24.9,95.0,3.4
2024-08-16T04:00,2024,Thane Mumbra,19.1906,73.0229,0.0,24.6,96.0,4.1
2024-08-16T05:00,2024,Thane Mumbra,19.1906,73.0229,0.0,24.5,96.0,4.0
2024-08-16T06:00,2024,Thane Mumbra,19.1906,73.0229,0.0,25.7,93.0,3.3
2024-08-16T07:00,2024,Thane Mumbra,19.1906,73.0229,0.0,26.4,90.0,4.5
2024-08-16T08:00,2024,Thane Mumbra,19.1906,73.0229,0.3,27.3,86.0,6.4
2024-08-16T09:00,2024,Thane Mumbra,19.1906,73.0229,0.1,28.3,83.0,5.8
2024-08-16T10:00,2024,Thane Mumbra,19.1906,73.0229,0.0,29.4,77.0,6.9
2024-08-16T11:00,2024,Thane Mumbra,19.1906,73.0229,0.1,30.1,75.0,8.5
2024-08-16T12:00,2024,Thane Mumbra,19.1906,73.0229,0.2,30.4,73.0,10.9
2024-08-16T13:00,2024,Thane Mumbra,19.1906,73.0229,0.3,30.5,71.0,11.6
2024-08-16T14:00,2024,Thane Mumbra,19.1906,73.0229,0.3,30.6,70.0,13.8
2024-08-16T15:00,2024,Thane Mumbra,19.1906,73.0229,0.1,30.2,71.0,15.1
2024-08-16T16:00,2024,Thane Mumbra,19.1906,73.0229,0.0,29.8,72.0,14.1
2024-08-16T17:00,2024,Thane Mumbra,19.1906,73.0229,0.0,29.1,77.0,12.2
2024-08-16T18:00,2024,Thane Mumbra,19.1906,73.0229,0.0,28.0,80.0,9.0
2024-08-16T19:00,2024,Thane Mumbra,19.1906,73.0229,0.0,27.2,84.0,5.1
2024-08-16T20:00,2024,Thane Mumbra,19.1906,73.0229,0.0,26.4,91.0,4.3
2024-08-16T21:00,2024,Thane Mumbra,19.1906,73.0229,0.0,26.3,91.0,3.7
2024-08-16T22:00,2024,Thane Mumbra,19.1906,73.0229,0.0,26.2,91.0,3.3
2024-08-16T23:00,2024,Thane Mumbra,19.1906,73.0229,0.0,26.0,92.0,2.5
2024-08-17T00:00,2024,Thane Mumbra,19.1906,73.0229,0.0,25.7,93.0,2.1
2024-08-17T01:00,2024,Thane Mumbra,19.1906,73.0229,0.0,25.6,93.0,2.8
2024-08-17T02:00,2024,Thane Mumbra,19.1906,73.0229,0.0,25.3,95.0,2.6
2024-08-17T03:00,2024,Thane Mumbra,19.1906,73.0229,0.1,25.6,93.0,2.6
2024-08-17T04:00,2024,Thane Mumbra,19.1906,73.0229,0.1,25.3,95.0,2.6
2024-08-17T05:00,2024,Thane Mumbra,19.1906,73.0229,0.0,24.9,97.0,3.1
2024-08-17T06:00,2024,Thane Mumbra,19.1906,73.0229,0.0,25.5,94.0,3.2
2024-08-17T07:00,2024,Thane Mumbra,19.1906,73.0229,0.0,26.3,90.0,2.1
2024-08-17T08:00,2024,Thane Mumbra,19.1906,73.0229,0.0,27.4,85.0,0.7
2024-08-17T09:00,2024,Thane Mumbra,19.1906,73.0229,0.0,28.7,81.0,1.5
2024-08-17T10:00,2024,Thane Mumbra,19.1906,73.0229,0.3,29.7,76.0,4.1
2024-08-17T11:00,2024,Thane Mumbra,19.1906,73.0229,0.3,30.2,74.0,6.5
2024-08-17T12:00,2024,Thane Mumbra,19.1906,73.0229,0.2,30.6,74.0,7.3
2024-08-17T13:00,2024,Thane Mumbra,19.1906,73.0229,0.0,31.4,72.0,8.6
2024-08-17T14:00,2024,Thane Mumbra,19.1906,73.0229,0.1,30.6,73.0,9.2
2024-08-17T15:00,2024,Thane Mumbra,19.1906,73.0229,0.1,29.8,75.0,11.0
2024-08-17T16:00,2024,Thane Mumbra,19.1906,73.0229,0.1,29.6,75.0,9.3
2024-08-17T17:00,2024,Thane Mumbra,19.1906,73.0229,0.1,29.0,77.0,8.8
2024-08-17T18:00,2024,Thane Mumbra,19.1906,73.0229,0.0,28.4,80.0,9.8
2024-08-17T19:00,2024,Thane Mumbra,19.1906,73.0229,0.0,27.5,83.0,6.6
2024-08-17T20:00,2024,Thane Mumbra,19.1906,73.0229,0.0,26.9,88.0,3.3
2024-08-17T21:00,2024,Thane Mumbra,19.1906,73.0229,0.0,26.5,90.0,2.6
2024-08-17T22:00,2024,Thane Mumbra,19.1906,73.0229,0.0,26.6,90.0,1.8
2024-08-17T23:00,2024,Thane Mumbra,19.1906,73.0229,0.0,26.8,86.0,1.1
2024-08-18T00:00,2024,Thane Mumbra,19.1906,73.0229,0.0,26.6,87.0,1.4
2024-08-18T01:00,2024,Thane Mumbra,19.1906,73.0229,0.0,26.0,94.0,3.1
2024-08-18T02:00,2024,Thane Mumbra,19.1906,73.0229,0.0,26.0,93.0,2.4
2024-08-18T03:00,2024,Thane Mumbra,19.1906,73.0229,0.0,25.3,97.0,3.1
2024-08-18T04:00,2024,Thane Mumbra,19.1906,73.0229,0.0,25.0,99.0,4.4
2024-08-18T05:00,2024,Thane Mumbra,19.1906,73.0229,0.0,25.0,98.0,4.2
2024-08-18T06:00,2024,Thane Mumbra,19.1906,73.0229,0.0,26.2,93.0,2.7
2024-08-18T07:00,2024,Thane Mumbra,19.1906,73.0229,0.0,26.9,90.0,4.3
2024-08-18T08:00,2024,Thane Mumbra,19.1906,73.0229,0.0,28.0,84.0,4.6
2024-08-18T09:00,2024,Thane Mumbra,19.1906,73.0229,0.0,29.2,77.0,5.2
2024-08-18T10:00,2024,Thane Mumbra,19.1906,73.0229,0.2,30.2,75.0,2.9
2024-08-18T11:00,2024,Thane Mumbra,19.1906,73.0229,0.0,30.6,73.0,2.7
2024-08-18T12:00,2024,Thane Mumbra,19.1906,73.0229,0.0,30.6,72.0,2.7
2024-08-18T13:00,2024,Thane Mumbra,19.1906,73.0229,0.4,30.3,73.0,6.9
2024-08-18T14:00,2024,Thane Mumbra,19.1906,73.0229,0.9,29.0,78.0,12.1
2024-08-18T15:00,2024,Thane Mumbra,19.1906,73.0229,0.4,28.6,84.0,9.8
2024-08-18T16:00,2024,Thane Mumbra,19.1906,73.0229,0.5,28.4,82.0,8.2
2024-08-18T17:00,2024,Thane Mumbra,19.1906,73.0229,0.1,28.1,85.0,5.6
2024-08-18T18:00,2024,Thane Mumbra,19.1906,73.0229,0.0,29.1,83.0,4.7
2024-08-18T19:00,2024,Thane Mumbra,19.1906,73.0229,0.0,28.1,87.0,3.3
2024-08-18T20:00,2024,Thane Mumbra,19.1906,73.0229,0.0,27.8,87.0,4.8
2024-08-18T21:00,2024,Thane Mumbra,19.1906,73.0229,0.0,27.4,89.0,4.1
2024-08-18T22:00,2024,Thane Mumbra,19.1906,73.0229,0.0,27.1,91.0,3.2
2024-08-18T23:00,2024,Thane Mumbra,19.1906,73.0229,0.0,26.8,93.0,3.7
2024-08-19T00:00,2024,Thane Mumbra,19.1906,73.0229,0.0,26.5,94.0,4.3
2024-08-19T01:00,2024,Thane Mumbra,19.1906,73.0229,0.0,26.2,96.0,3.4
2024-08-19T02:00,2024,Thane Mumbra,19.1906,73.0229,0.0,26.3,95.0,4.2
2024-08-19T03:00,2024,Thane Mumbra,19.1906,73.0229,2.0,26.0,95.0,4.3
2024-08-19T04:00,2024,Thane Mumbra,19.1906,73.0229,0.4,25.9,97.0,1.4
2024-08-19T05:00,2024,Thane Mumbra,19.1906,73.0229,0.7,25.5,97.0,4.9
2024-08-19T06:00,2024,Thane Mumbra,19.1906,73.0229,1.5,25.9,95.0,3.3
2024-08-19T07:00,2024,Thane Mumbra,19.1906,73.0229,0.3,25.8,96.0,3.3
2024-08-19T08:00,2024,Thane Mumbra,19.1906,73.0229,1.2,26.3,95.0,1.0
2024-08-19T09:00,2024,Thane Mumbra,19.1906,73.0229,0.9,26.8,92.0,5.0
2024-08-19T10:00,2024,Thane Mumbra,19.1906,73.0229,0.4,28.1,86.0,5.4
2024-08-19T11:00,2024,Thane Mumbra,19.1906,73.0229,0.3,29.0,85.0,4.2
2024-08-19T12:00,2024,Thane Mumbra,19.1906,73.0229,0.4,29.6,83.0,6.4
2024-08-19T13:00,2024,Thane Mumbra,19.1906,73.0229,0.3,29.8,81.0,7.7
2024-08-19T14:00,2024,Thane Mumbra,19.1906,73.0229,0.1,29.7,79.0,9.2
2024-08-19T15:00,2024,Thane Mumbra,19.1906,73.0229,0.1,30.4,75.0,10.2
2024-08-19T16:00,2024,Thane Mumbra,19.1906,73.0229,0.3,29.5,79.0,11.6
2024-08-19T17:00,2024,Thane Mumbra,19.1906,73.0229,0.1,28.8,79.0,8.0
2024-08-19T18:00,2024,Thane Mumbra,19.1906,73.0229,0.2,27.7,92.0,5.4
2024-08-19T19:00,2024,Thane Mumbra,19.1906,73.0229,3.4,26.4,97.0,5.7
2024-08-19T20:00,2024,Thane Mumbra,19.1906,73.0229,2.5,25.8,98.0,0.4
2024-08-19T21:00,2024,Thane Mumbra,19.1906,73.0229,5.2,25.4,99.0,5.9
2024-08-19T22:00,2024,Thane Mumbra,19.1906,73.0229,0.5,25.4,98.0,4.2
2024-08-19T23:00,2024,Thane Mumbra,19.1906,73.0229,4.5,25.0,99.0,3.6
2024-08-20T00:00,2024,Thane Mumbra,19.1906,73.0229,0.4,25.2,98.0,0.0
2024-08-20T01:00,2024,Thane Mumbra,19.1906,73.0229,1.1,25.4,97.0,2.4
2024-08-20T02:00,2024,Thane Mumbra,19.1906,73.0229,0.3,25.5,97.0,3.1
2024-08-20T03:00,2024,Thane Mumbra,19.1906,73.0229,0.0,25.4,98.0,2.3
2024-08-20T04:00,2024,Thane Mumbra,19.1906,73.0229,0.0,25.2,99.0,2.0
2024-08-20T05:00,2024,Thane Mumbra,19.1906,73.0229,1.4,25.1,98.0,1.8
2024-08-20T06:00,2024,Thane Mumbra,19.1906,73.0229,0.8,25.4,98.0,2.2
2024-08-20T07:00,2024,Thane Mumbra,19.1906,73.0229,0.6,25.7,97.0,2.6
2024-08-20T08:00,2024,Thane Mumbra,19.1906,73.0229,0.8,25.9,93.0,5.1
2024-08-20T09:00,2024,Thane Mumbra,19.1906,73.0229,11.3,25.6,92.0,2.8
2024-08-20T10:00,2024,Thane Mumbra,19.1906,73.0229,2.7,25.4,90.0,6.2
2024-08-20T11:00,2024,Thane Mumbra,19.1906,73.0229,1.5,25.9,89.0,2.6
2024-08-20T12:00,2024,Thane Mumbra,19.1906,73.0229,0.1,26.7,85.0,5.5
2024-08-20T13:00,2024,Thane Mumbra,19.1906,73.0229,0.1,29.2,75.0,4.3
2024-08-20T14:00,2024,Thane Mumbra,19.1906,73.0229,0.0,29.9,75.0,7.5
2024-08-20T15:00,2024,Thane Mumbra,19.1906,73.0229,0.2,30.1,77.0,10.6
2024-08-20T16:00,2024,Thane Mumbra,19.1906,73.0229,0.1,29.3,79.0,8.2
2024-08-20T17:00,2024,Thane Mumbra,19.1906,73.0229,0.3,28.3,83.0,6.1
2024-08-20T18:00,2024,Thane Mumbra,19.1906,73.0229,0.1,27.9,85.0,5.5
2024-08-20T19:00,2024,Thane Mumbra,19.1906,73.0229,0.1,27.3,88.0,3.6
2024-08-20T20:00,2024,Thane Mumbra,19.1906,73.0229,0.1,26.6,93.0,3.7
2024-08-20T21:00,2024,Thane Mumbra,19.1906,73.0229,0.0,26.5,95.0,2.0
2024-08-20T22:00,2024,Thane Mumbra,19.1906,73.0229,0.1,26.6,91.0,1.5
2024-08-20T23:00,2024,Thane Mumbra,19.1906,73.0229,0.0,26.2,96.0,2.1
2024-08-21T00:00,2024,Thane Mumbra,19.1906,73.0229,0.0,26.0,97.0,1.8
2024-08-21T01:00,2024,Thane Mumbra,19.1906,73.0229,0.0,25.7,99.0,1.8
2024-08-21T02:00,2024,Thane Mumbra,19.1906,73.0229,0.0,25.5,99.0,1.9
2024-08-21T03:00,2024,Thane Mumbra,19.1906,73.0229,0.0,25.3,99.0,2.4
2024-08-21T04:00,2024,Thane Mumbra,19.1906,73.0229,0.0,25.5,97.0,2.2
2024-08-21T05:00,2024,Thane Mumbra,19.1906,73.0229,0.0,25.0,98.0,3.7
2024-08-21T06:00,2024,Thane Mumbra,19.1906,73.0229,0.0,25.4,97.0,2.6
2024-08-21T07:00,2024,Thane Mumbra,19.1906,73.0229,0.0,26.1,95.0,2.9
2024-08-21T08:00,2024,Thane Mumbra,19.1906,73.0229,0.0,27.3,89.0,6.5
2024-08-21T09:00,2024,Thane Mumbra,19.1906,73.0229,0.0,28.5,82.0,7.0
2024-08-21T10:00,2024,Thane Mumbra,19.1906,73.0229,0.0,29.9,77.0,6.4
2024-08-21T11:00,2024,Thane Mumbra,19.1906,73.0229,0.0,30.8,74.0,5.1
2024-08-21T12:00,2024,Thane Mumbra,19.1906,73.0229,0.1,31.2,72.0,2.6
2024-08-21T13:00,2024,Thane Mumbra,19.1906,73.0229,0.0,31.5,71.0,5.4
2024-08-21T14:00,2024,Thane Mumbra,19.1906,73.0229,0.8,29.8,78.0,11.6
2024-08-21T15:00,2024,Thane Mumbra,19.1906,73.0229,0.1,30.4,75.0,11.0
2024-08-21T16:00,2024,Thane Mumbra,19.1906,73.0229,0.2,30.1,74.0,12.1
2024-08-21T17:00,2024,Thane Mumbra,19.1906,73.0229,0.4,29.7,72.0,12.8
2024-08-21T18:00,2024,Thane Mumbra,19.1906,73.0229,0.0,28.7,85.0,5.4
2024-08-21T19:00,2024,Thane Mumbra,19.1906,73.0229,0.0,27.5,92.0,4.3
2024-08-21T20:00,2024,Thane Mumbra,19.1906,73.0229,0.0,27.3,93.0,3.8
2024-08-21T21:00,2024,Thane Mumbra,19.1906,73.0229,0.0,27.0,95.0,3.6
2024-08-21T22:00,2024,Thane Mumbra,19.1906,73.0229,0.0,26.5,96.0,4.7
2024-08-21T23:00,2024,Thane Mumbra,19.1906,73.0229,0.0,26.0,97.0,5.3
2024-08-22T00:00,2024,Thane Mumbra,19.1906,73.0229,0.0,26.1,97.0,4.8
2024-08-22T01:00,2024,Thane Mumbra,19.1906,73.0229,0.0,25.9,96.0,7.6
2024-08-22T02:00,2024,Thane Mumbra,19.1906,73.0229,0.0,25.8,95.0,8.2
2024-08-22T03:00,2024,Thane Mumbra,19.1906,73.0229,0.0,25.8,93.0,5.9
2024-08-22T04:00,2024,Thane Mumbra,19.1906,73.0229,0.1,25.4,94.0,4.0
2024-08-22T05:00,2024,Thane Mumbra,19.1906,73.0229,0.1,25.6,93.0,2.5
2024-08-22T06:00,2024,Thane Mumbra,19.1906,73.0229,0.1,26.0,95.0,1.3
2024-08-22T07:00,2024,Thane Mumbra,19.1906,73.0229,0.0,26.7,92.0,1.1
2024-08-22T08:00,2024,Thane Mumbra,19.1906,73.0229,0.0,27.9,87.0,4.8
2024-08-22T09:00,2024,Thane Mumbra,19.1906,73.0229,0.1,29.0,82.0,8.9
2024-08-22T10:00,2024,Thane Mumbra,19.1906,73.0229,0.0,30.1,75.0,9.4
2024-08-22T11:00,2024,Thane Mumbra,19.1906,73.0229,0.1,30.6,73.0,9.7
2024-08-22T12:00,2024,Thane Mumbra,19.1906,73.0229,0.2,31.1,73.0,10.4
2024-08-22T13:00,2024,Thane Mumbra,19.1906,73.0229,0.1,31.3,71.0,12.3
2024-08-22T14:00,2024,Thane Mumbra,19.1906,73.0229,0.3,30.4,72.0,12.0
2024-08-22T15:00,2024,Thane Mumbra,19.1906,73.0229,0.0,29.4,75.0,11.6
2024-08-22T16:00,2024,Thane Mumbra,19.1906,73.0229,0.0,29.4,75.0,10.6
2024-08-22T17:00,2024,Thane Mumbra,19.1906,73.0229,0.1,29.0,78.0,10.3
2024-08-22T18:00,2024,Thane Mumbra,19.1906,73.0229,0.1,27.8,86.0,9.8
2024-08-22T19:00,2024,Thane Mumbra,19.1906,73.0229,0.2,27.5,87.0,7.1
2024-08-22T20:00,2024,Thane Mumbra,19.1906,73.0229,0.2,27.3,89.0,5.8
2024-08-22T21:00,2024,Thane Mumbra,19.1906,73.0229,0.3,27.3,89.0,7.4
2024-08-22T22:00,2024,Thane Mumbra,19.1906,73.0229,0.2,27.0,90.0,8.0
2024-08-22T23:00,2024,Thane Mumbra,19.1906,73.0229,2.8,26.3,95.0,7.9
2024-08-23T00:00,2024,Thane Mumbra,19.1906,73.0229,1.8,26.2,94.0,7.2
2024-08-23T01:00,2024,Thane Mumbra,19.1906,73.0229,0.5,26.2,94.0,6.0
2024-08-23T02:00,2024,Thane Mumbra,19.1906,73.0229,0.8,26.1,92.0,9.8
2024-08-23T03:00,2024,Thane Mumbra,19.1906,73.0229,0.1,25.8,91.0,7.0
2024-08-23T04:00,2024,Thane Mumbra,19.1906,73.0229,0.1,25.9,91.0,10.0
2024-08-23T05:00,2024,Thane Mumbra,19.1906,73.0229,0.1,26.1,90.0,12.2
2024-08-23T06:00,2024,Thane Mumbra,19.1906,73.0229,0.2,26.3,90.0,10.9
2024-08-23T07:00,2024,Thane Mumbra,19.1906,73.0229,0.3,25.9,92.0,11.2
2024-08-23T08:00,2024,Thane Mumbra,19.1906,73.0229,0.2,26.7,88.0,11.9
2024-08-23T09:00,2024,Thane Mumbra,19.1906,73.0229,0.7,27.7,85.0,10.5
2024-08-23T10:00,2024,Thane Mumbra,19.1906,73.0229,0.1,28.4,81.0,13.4
2024-08-23T11:00,2024,Thane Mumbra,19.1906,73.0229,0.2,28.9,80.0,13.3
2024-08-23T12:00,2024,Thane Mumbra,19.1906,73.0229,0.3,29.0,80.0,13.0
2024-08-23T13:00,2024,Thane Mumbra,19.1906,73.0229,7.5,28.8,79.0,12.8
2024-08-23T14:00,2024,Thane Mumbra,19.1906,73.0229,0.1,27.3,89.0,10.7
2024-08-23T15:00,2024,Thane Mumbra,19.1906,73.0229,0.4,27.8,86.0,13.0
2024-08-23T16:00,2024,Thane Mumbra,19.1906,73.0229,1.3,27.4,90.0,13.6
2024-08-23T17:00,2024,Thane Mumbra,19.1906,73.0229,1.5,27.1,91.0,10.0
2024-08-23T18:00,2024,Thane Mumbra,19.1906,73.0229,2.1,26.9,92.0,6.2
2024-08-23T19:00,2024,Thane Mumbra,19.1906,73.0229,0.6,26.5,96.0,3.8
2024-08-23T20:00,2024,Thane Mumbra,19.1906,73.0229,0.5,26.2,97.0,3.9
2024-08-23T21:00,2024,Thane Mumbra,19.1906,73.0229,1.6,25.8,98.0,5.6
2024-08-23T22:00,2024,Thane Mumbra,19.1906,73.0229,2.9,25.7,98.0,2.3
2024-08-23T23:00,2024,Thane Mumbra,19.1906,73.0229,0.5,25.6,98.0,5.9
2024-08-24T00:00,2024,Thane Mumbra,19.1906,73.0229,0.5,25.4,98.0,7.2
2024-08-24T01:00,2024,Thane Mumbra,19.1906,73.0229,0.7,25.3,98.0,8.8
2024-08-24T02:00,2024,Thane Mumbra,19.1906,73.0229,0.5,25.0,99.0,8.1
2024-08-24T03:00,2024,Thane Mumbra,19.1906,73.0229,2.0,24.8,98.0,5.1
2024-08-24T04:00,2024,Thane Mumbra,19.1906,73.0229,1.4,24.8,97.0,6.9
2024-08-24T05:00,2024,Thane Mumbra,19.1906,73.0229,3.0,24.7,98.0,3.1
2024-08-24T06:00,2024,Thane Mumbra,19.1906,73.0229,4.6,24.8,99.0,5.5
2024-08-24T07:00,2024,Thane Mumbra,19.1906,73.0229,3.1,24.7,99.0,6.6
2024-08-24T08:00,2024,Thane Mumbra,19.1906,73.0229,2.0,25.6,95.0,5.9
2024-08-24T09:00,2024,Thane Mumbra,19.1906,73.0229,2.3,25.6,94.0,8.0
2024-08-24T10:00,2024,Thane Mumbra,19.1906,73.0229,3.3,25.5,94.0,8.6
2024-08-24T11:00,2024,Thane Mumbra,19.1906,73.0229,2.5,25.6,93.0,10.6
2024-08-24T12:00,2024,Thane Mumbra,19.1906,73.0229,4.0,26.0,91.0,8.7
2024-08-24T13:00,2024,Thane Mumbra,19.1906,73.0229,1.4,26.2,93.0,12.6
2024-08-24T14:00,2024,Thane Mumbra,19.1906,73.0229,2.6,26.1,90.0,16.3
2024-08-24T15:00,2024,Thane Mumbra,19.1906,73.0229,1.9,25.7,93.0,10.1
2024-08-24T16:00,2024,Thane Mumbra,19.1906,73.0229,1.2,26.3,91.0,11.1
2024-08-24T17:00,2024,Thane Mumbra,19.1906,73.0229,1.2,25.6,93.0,12.5
2024-08-24T18:00,2024,Thane Mumbra,19.1906,73.0229,3.4,25.3,93.0,15.5
2024-08-24T19:00,2024,Thane Mumbra,19.1906,73.0229,2.0,25.2,93.0,11.6
2024-08-24T20:00,2024,Thane Mumbra,19.1906,73.0229,3.2,24.6,95.0,10.8
2024-08-24T21:00,2024,Thane Mumbra,19.1906,73.0229,2.6,25.0,94.0,9.2
2024-08-24T22:00,2024,Thane Mumbra,19.1906,73.0229,1.7,25.1,94.0,12.5
2024-08-24T23:00,2024,Thane Mumbra,19.1906,73.0229,1.9,24.9,94.0,11.7
2024-08-25T00:00,2024,Thane Mumbra,19.1906,73.0229,1.5,24.7,94.0,14.8
2024-08-25T01:00,2024,Thane Mumbra,19.1906,73.0229,1.1,24.7,92.0,10.9
2024-08-25T02:00,2024,Thane Mumbra,19.1906,73.0229,2.0,24.9,94.0,12.8
2024-08-25T03:00,2024,Thane Mumbra,19.1906,73.0229,1.4,24.5,93.0,16.1
2024-08-25T04:00,2024,Thane Mumbra,19.1906,73.0229,3.1,24.2,94.0,12.5
2024-08-25T05:00,2024,Thane Mumbra,19.1906,73.0229,2.5,24.3,95.0,12.6
2024-08-25T06:00,2024,Thane Mumbra,19.1906,73.0229,2.6,25.3,93.0,14.4
2024-08-25T07:00,2024,Thane Mumbra,19.1906,73.0229,2.6,25.1,93.0,15.8
2024-08-25T08:00,2024,Thane Mumbra,19.1906,73.0229,2.8,25.1,93.0,17.0
2024-08-25T09:00,2024,Thane Mumbra,19.1906,73.0229,3.0,25.3,93.0,12.6
2024-08-25T10:00,2024,Thane Mumbra,19.1906,73.0229,1.4,25.3,93.0,11.0
2024-08-25T11:00,2024,Thane Mumbra,19.1906,73.0229,1.9,24.9,91.0,17.4
2024-08-25T12:00,2024,Thane Mumbra,19.1906,73.0229,0.4,26.5,89.0,15.3
2024-08-25T13:00,2024,Thane Mumbra,19.1906,73.0229,0.5,26.9,85.0,16.5
2024-08-25T14:00,2024,Thane Mumbra,19.1906,73.0229,0.9,26.0,87.0,17.7
2024-08-25T15:00,2024,Thane Mumbra,19.1906,73.0229,0.3,27.0,81.0,18.9
2024-08-25T16:00,2024,Thane Mumbra,19.1906,73.0229,1.2,25.4,91.0,15.6
2024-08-25T17:00,2024,Thane Mumbra,19.1906,73.0229,0.2,26.0,89.0,14.8
2024-08-25T18:00,2024,Thane Mumbra,19.1906,73.0229,3.0,25.1,94.0,13.3
2024-08-25T19:00,2024,Thane Mumbra,19.1906,73.0229,0.2,26.1,90.0,13.1
2024-08-25T20:00,2024,Thane Mumbra,19.1906,73.0229,0.1,25.2,92.0,11.7
2024-08-25T21:00,2024,Thane Mumbra,19.1906,73.0229,0.3,25.1,93.0,11.2
2024-08-25T22:00,2024,Thane Mumbra,19.1906,73.0229,0.6,25.1,94.0,14.0
2024-08-25T23:00,2024,Thane Mumbra,19.1906,73.0229,2.6,24.7,91.0,13.4
2024-08-26T00:00,2024,Thane Mumbra,19.1906,73.0229,1.1,25.0,92.0,11.9
2024-08-26T01:00,2024,Thane Mumbra,19.1906,73.0229,0.1,25.8,90.0,12.2
2024-08-26T02:00,2024,Thane Mumbra,19.1906,73.0229,0.4,25.4,91.0,14.3
2024-08-26T03:00,2024,Thane Mumbra,19.1906,73.0229,0.4,25.8,90.0,17.1
2024-08-26T04:00,2024,Thane Mumbra,19.1906,73.0229,0.2,25.8,91.0,15.6
2024-08-26T05:00,2024,Thane Mumbra,19.1906,73.0229,0.3,25.9,91.0,17.1
2024-08-26T06:00,2024,Thane Mumbra,19.1906,73.0229,0.5,25.5,88.0,15.8
2024-08-26T07:00,2024,Thane Mumbra,19.1906,73.0229,0.9,25.9,90.0,17.4
2024-08-26T08:00,2024,Thane Mumbra,19.1906,73.0229,1.3,25.1,92.0,16.8
2024-08-26T09:00,2024,Thane Mumbra,19.1906,73.0229,2.7,25.0,93.0,17.6
2024-08-26T10:00,2024,Thane Mumbra,19.1906,73.0229,1.4,25.3,94.0,18.1
2024-08-26T11:00,2024,Thane Mumbra,19.1906,73.0229,1.4,25.8,91.0,19.3
2024-08-26T12:00,2024,Thane Mumbra,19.1906,73.0229,1.0,25.6,93.0,19.6
2024-08-26T13:00,2024,Thane Mumbra,19.1906,73.0229,1.3,26.3,91.0,18.8
2024-08-26T14:00,2024,Thane Mumbra,19.1906,73.0229,0.8,26.9,88.0,22.9
2024-08-26T15:00,2024,Thane Mumbra,19.1906,73.0229,0.5,26.1,90.0,16.4
2024-08-26T16:00,2024,Thane Mumbra,19.1906,73.0229,0.2,26.0,88.0,21.2
2024-08-26T17:00,2024,Thane Mumbra,19.1906,73.0229,0.2,26.0,90.0,18.5
2024-08-26T18:00,2024,Thane Mumbra,19.1906,73.0229,0.8,25.9,90.0,15.0
2024-08-26T19:00,2024,Thane Mumbra,19.1906,73.0229,0.2,25.8,90.0,13.2
2024-08-26T20:00,2024,Thane Mumbra,19.1906,73.0229,0.6,25.4,91.0,15.3
2024-08-26T21:00,2024,Thane Mumbra,19.1906,73.0229,1.3,24.1,94.0,13.4
2024-08-26T22:00,2024,Thane Mumbra,19.1906,73.0229,0.5,24.2,94.0,14.3
2024-08-26T23:00,2024,Thane Mumbra,19.1906,73.0229,1.3,24.0,96.0,15.8
2024-08-27T00:00,2024,Thane Mumbra,19.1906,73.0229,6.4,23.7,94.0,10.8
2024-08-27T01:00,2024,Thane Mumbra,19.1906,73.0229,1.4,23.6,96.0,16.1
2024-08-27T02:00,2024,Thane Mumbra,19.1906,73.0229,2.8,24.3,94.0,19.8
2024-08-27T03:00,2024,Thane Mumbra,19.1906,73.0229,0.9,24.3,96.0,17.7
2024-08-27T04:00,2024,Thane Mumbra,19.1906,73.0229,0.4,24.6,93.0,17.9
2024-08-27T05:00,2024,Thane Mumbra,19.1906,73.0229,0.7,24.6,92.0,17.2
2024-08-27T06:00,2024,Thane Mumbra,19.1906,73.0229,0.5,25.1,94.0,17.6
2024-08-27T07:00,2024,Thane Mumbra,19.1906,73.0229,0.2,25.4,92.0,18.6
2024-08-27T08:00,2024,Thane Mumbra,19.1906,73.0229,0.4,26.2,85.0,20.8
2024-08-27T09:00,2024,Thane Mumbra,19.1906,73.0229,0.5,26.4,85.0,25.8
2024-08-27T10:00,2024,Thane Mumbra,19.1906,73.0229,0.5,27.6,83.0,21.7
2024-08-27T11:00,2024,Thane Mumbra,19.1906,73.0229,0.6,27.5,84.0,22.1
2024-08-27T12:00,2024,Thane Mumbra,19.1906,73.0229,0.6,28.1,80.0,25.2
2024-08-27T13:00,2024,Thane Mumbra,19.1906,73.0229,0.6,27.2,81.0,27.3
2024-08-27T14:00,2024,Thane Mumbra,19.1906,73.0229,0.5,28.0,79.0,25.7
2024-08-27T15:00,2024,Thane Mumbra,19.1906,73.0229,0.6,26.7,85.0,24.0
2024-08-27T16:00,2024,Thane Mumbra,19.1906,73.0229,0.5,26.5,87.0,20.4
2024-08-27T17:00,2024,Thane Mumbra,19.1906,73.0229,1.5,25.0,93.0,18.1
2024-08-27T18:00,2024,Thane Mumbra,19.1906,73.0229,0.7,25.2,93.0,16.3
2024-08-27T19:00,2024,Thane Mumbra,19.1906,73.0229,0.7,24.8,93.0,17.9
2024-08-27T20:00,2024,Thane Mumbra,19.1906,73.0229,0.8,24.2,96.0,17.2
2024-08-27T21:00,2024,Thane Mumbra,19.1906,73.0229,0.7,24.7,94.0,16.9
2024-08-27T22:00,2024,Thane Mumbra,19.1906,73.0229,0.5,23.8,95.0,17.0
2024-08-27T23:00,2024,Thane Mumbra,19.1906,73.0229,0.3,24.0,95.0,15.8
2024-08-28T00:00,2024,Thane Mumbra,19.1906,73.0229,0.5,24.2,95.0,18.1
2024-08-28T01:00,2024,Thane Mumbra,19.1906,73.0229,0.8,24.1,96.0,18.1
2024-08-28T02:00,2024,Thane Mumbra,19.1906,73.0229,1.0,24.3,95.0,18.8
2024-08-28T03:00,2024,Thane Mumbra,19.1906,73.0229,0.7,24.4,94.0,18.3
2024-08-28T04:00,2024,Thane Mumbra,19.1906,73.0229,0.7,24.2,95.0,16.9
2024-08-28T05:00,2024,Thane Mumbra,19.1906,73.0229,0.8,24.6,93.0,16.6
2024-08-28T06:00,2024,Thane Mumbra,19.1906,73.0229,0.6,25.8,90.0,18.9
2024-08-28T07:00,2024,Thane Mumbra,19.1906,73.0229,2.1,25.1,93.0,20.0
2024-08-28T08:00,2024,Thane Mumbra,19.1906,73.0229,2.0,25.7,91.0,21.8
2024-08-28T09:00,2024,Thane Mumbra,19.1906,73.0229,0.8,27.4,87.0,20.9
2024-08-28T10:00,2024,Thane Mumbra,19.1906,73.0229,1.6,26.1,89.0,23.7
2024-08-28T11:00,2024,Thane Mumbra,19.1906,73.0229,0.2,28.1,83.0,20.7
2024-08-28T12:00,2024,Thane Mumbra,19.1906,73.0229,0.9,29.3,77.0,24.2
2024-08-28T13:00,2024,Thane Mumbra,19.1906,73.0229,0.4,28.8,75.0,28.3
2024-08-28T14:00,2024,Thane Mumbra,19.1906,73.0229,0.5,28.6,73.0,27.7
2024-08-28T15:00,2024,Thane Mumbra,19.1906,73.0229,0.5,28.5,79.0,24.0
2024-08-28T16:00,2024,Thane Mumbra,19.1906,73.0229,0.1,27.6,78.0,24.9
2024-08-28T17:00,2024,Thane Mumbra,19.1906,73.0229,0.1,27.9,81.0,21.5
2024-08-28T18:00,2024,Thane Mumbra,19.1906,73.0229,0.1,26.4,83.0,16.0
2024-08-28T19:00,2024,Thane Mumbra,19.1906,73.0229,0.2,26.5,84.0,15.9
2024-08-28T20:00,2024,Thane Mumbra,19.1906,73.0229,0.9,24.9,93.0,16.0
2024-08-28T21:00,2024,Thane Mumbra,19.1906,73.0229,1.5,24.4,95.0,13.0
2024-08-28T22:00,2024,Thane Mumbra,19.1906,73.0229,0.6,25.2,93.0,15.0
2024-08-28T23:00,2024,Thane Mumbra,19.1906,73.0229,1.0,25.2,94.0,12.4
2024-08-29T00:00,2024,Thane Mumbra,19.1906,73.0229,0.5,24.8,94.0,15.8
2024-08-29T01:00,2024,Thane Mumbra,19.1906,73.0229,0.4,25.0,93.0,13.3
2024-08-29T02:00,2024,Thane Mumbra,19.1906,73.0229,0.2,25.2,94.0,12.4
2024-08-29T03:00,2024,Thane Mumbra,19.1906,73.0229,0.1,25.5,91.0,14.3
2024-08-29T04:00,2024,Thane Mumbra,19.1906,73.0229,0.3,25.3,91.0,15.0
2024-08-29T05:00,2024,Thane Mumbra,19.1906,73.0229,0.3,25.6,90.0,15.0
2024-08-29T06:00,2024,Thane Mumbra,19.1906,73.0229,0.8,25.6,93.0,14.0
2024-08-29T07:00,2024,Thane Mumbra,19.1906,73.0229,0.4,26.2,90.0,15.4
2024-08-29T08:00,2024,Thane Mumbra,19.1906,73.0229,0.2,26.9,86.0,18.2
2024-08-29T09:00,2024,Thane Mumbra,19.1906,73.0229,0.3,27.4,85.0,16.0
2024-08-29T10:00,2024,Thane Mumbra,19.1906,73.0229,0.5,28.1,82.0,19.4
2024-08-29T11:00,2024,Thane Mumbra,19.1906,73.0229,0.2,28.8,77.0,21.1
2024-08-29T12:00,2024,Thane Mumbra,19.1906,73.0229,0.6,28.5,79.0,23.5
2024-08-29T13:00,2024,Thane Mumbra,19.1906,73.0229,0.5,28.5,77.0,23.5
2024-08-29T14:00,2024,Thane Mumbra,19.1906,73.0229,0.5,28.3,78.0,21.7
2024-08-29T15:00,2024,Thane Mumbra,19.1906,73.0229,0.7,28.5,80.0,18.0
2024-08-29T16:00,2024,Thane Mumbra,19.1906,73.0229,1.2,27.8,81.0,20.2
2024-08-29T17:00,2024,Thane Mumbra,19.1906,73.0229,0.2,27.7,87.0,16.3
2024-08-29T18:00,2024,Thane Mumbra,19.1906,73.0229,0.3,26.6,87.0,13.2
2024-08-29T19:00,2024,Thane Mumbra,19.1906,73.0229,0.8,25.5,91.0,12.4
2024-08-29T20:00,2024,Thane Mumbra,19.1906,73.0229,0.2,25.2,94.0,11.6
2024-08-29T21:00,2024,Thane Mumbra,19.1906,73.0229,1.0,25.4,93.0,10.5
2024-08-29T22:00,2024,Thane Mumbra,19.1906,73.0229,1.5,25.3,94.0,6.8
2024-08-29T23:00,2024,Thane Mumbra,19.1906,73.0229,0.5,25.2,95.0,13.0
2024-08-30T00:00,2024,Thane Mumbra,19.1906,73.0229,0.3,25.2,94.0,13.5
2024-08-30T01:00,2024,Thane Mumbra,19.1906,73.0229,0.5,24.5,96.0,9.7
2024-08-30T02:00,2024,Thane Mumbra,19.1906,73.0229,0.4,24.8,95.0,13.1
2024-08-30T03:00,2024,Thane Mumbra,19.1906,73.0229,0.1,24.2,96.0,13.8
2024-08-30T04:00,2024,Thane Mumbra,19.1906,73.0229,0.1,24.1,95.0,12.1
2024-08-30T05:00,2024,Thane Mumbra,19.1906,73.0229,0.1,24.3,95.0,11.3
2024-08-30T06:00,2024,Thane Mumbra,19.1906,73.0229,0.3,25.2,94.0,11.4
2024-08-30T07:00,2024,Thane Mumbra,19.1906,73.0229,0.3,25.7,93.0,11.9
2024-08-30T08:00,2024,Thane Mumbra,19.1906,73.0229,0.2,26.6,89.0,15.3
2024-08-30T09:00,2024,Thane Mumbra,19.1906,73.0229,0.1,27.5,85.0,14.8
2024-08-30T10:00,2024,Thane Mumbra,19.1906,73.0229,0.1,27.9,82.0,16.1
2024-08-30T11:00,2024,Thane Mumbra,19.1906,73.0229,0.1,28.8,78.0,17.6
2024-08-30T12:00,2024,Thane Mumbra,19.1906,73.0229,0.6,29.0,79.0,15.3
2024-08-30T13:00,2024,Thane Mumbra,19.1906,73.0229,0.4,28.5,80.0,15.3
2024-08-30T14:00,2024,Thane Mumbra,19.1906,73.0229,0.1,29.2,75.0,16.5
2024-08-30T15:00,2024,Thane Mumbra,19.1906,73.0229,0.2,28.3,81.0,16.9
2024-08-30T16:00,2024,Thane Mumbra,19.1906,73.0229,0.1,28.7,78.0,15.6
2024-08-30T17:00,2024,Thane Mumbra,19.1906,73.0229,0.8,27.9,81.0,14.3
2024-08-30T18:00,2024,Thane Mumbra,19.1906,73.0229,0.0,27.5,81.0,10.2
2024-08-30T19:00,2024,Thane Mumbra,19.1906,73.0229,0.0,26.8,83.0,8.4
2024-08-30T20:00,2024,Thane Mumbra,19.1906,73.0229,0.0,26.3,86.0,7.5
2024-08-30T21:00,2024,Thane Mumbra,19.1906,73.0229,0.0,25.9,88.0,7.2
2024-08-30T22:00,2024,Thane Mumbra,19.1906,73.0229,0.0,25.8,89.0,7.9
2024-08-30T23:00,2024,Thane Mumbra,19.1906,73.0229,0.0,25.6,90.0,7.8
2024-08-31T00:00,2024,Thane Mumbra,19.1906,73.0229,0.1,25.5,91.0,8.0
2024-08-31T01:00,2024,Thane Mumbra,19.1906,73.0229,0.1,25.5,92.0,8.3
2024-08-31T02:00,2024,Thane Mumbra,19.1906,73.0229,0.1,25.4,92.0,8.6
2024-08-31T03:00,2024,Thane Mumbra,19.1906,73.0229,0.1,25.3,93.0,9.1
2024-08-31T04:00,2024,Thane Mumbra,19.1906,73.0229,0.1,25.1,94.0,8.6
2024-08-31T05:00,2024,Thane Mumbra,19.1906,73.0229,0.1,24.9,94.0,8.5
2024-08-31T06:00,2024,Thane Mumbra,19.1906,73.0229,0.1,25.1,94.0,5.8
2024-08-31T07:00,2024,Thane Mumbra,19.1906,73.0229,0.1,25.4,94.0,5.5
2024-08-31T08:00,2024,Thane Mumbra,19.1906,73.0229,0.2,26.6,88.0,4.7
2024-08-31T09:00,2024,Thane Mumbra,19.1906,73.0229,0.0,28.0,82.0,8.0
2024-08-31T10:00,2024,Thane Mumbra,19.1906,73.0229,1.0,26.5,86.0,7.7
2024-08-31T11:00,2024,Thane Mumbra,19.1906,73.0229,0.1,28.4,81.0,5.4
2024-08-31T12:00,2024,Thane Mumbra,19.1906,73.0229,0.0,29.8,73.0,5.1
2024-08-31T13:00,2024,Thane Mumbra,19.1906,73.0229,0.5,29.3,73.0,6.6
2024-08-31T14:00,2024,Thane Mumbra,19.1906,73.0229,0.2,28.7,76.0,8.2
2024-08-31T15:00,2024,Thane Mumbra,19.1906,73.0229,0.7,28.4,78.0,10.6
2024-08-31T16:00,2024,Thane Mumbra,19.1906,73.0229,0.4,28.2,78.0,10.3
2024-08-31T17:00,2024,Thane Mumbra,19.1906,73.0229,0.3,27.9,81.0,9.7
2024-08-31T18:00,2024,Thane Mumbra,19.1906,73.0229,0.0,27.7,82.0,7.6
2024-08-31T19:00,2024,Thane Mumbra,19.1906,73.0229,0.0,26.3,89.0,4.7
2024-08-31T20:00,2024,Thane Mumbra,19.1906,73.0229,0.0,25.8,91.0,4.1
2024-08-31T21:00,2024,Thane Mumbra,19.1906,73.0229,0.0,25.7,91.0,4.5
2024-08-31T22:00,2024,Thane Mumbra,19.1906,73.0229,0.0,26.2,88.0,2.9
2024-08-31T23:00,2024,Thane Mumbra,19.1906,73.0229,0.0,25.2,94.0,2.3
2024-09-01T00:00,2024,Thane Mumbra,19.1906,73.0229,0.0,25.5,91.0,3.3
2024-09-01T01:00,2024,Thane Mumbra,19.1906,73.0229,0.0,25.6,91.0,2.4
2024-09-01T02:00,2024,Thane Mumbra,19.1906,73.0229,0.1,24.6,96.0,3.2
2024-09-01T03:00,2024,Thane Mumbra,19.1906,73.0229,0.1,25.4,90.0,1.6
2024-09-01T04:00,2024,Thane Mumbra,19.1906,73.0229,0.0,25.0,96.0,3.2
2024-09-01T05:00,2024,Thane Mumbra,19.1906,73.0229,0.0,24.8,94.0,1.1
2024-09-01T06:00,2024,Thane Mumbra,19.1906,73.0229,0.3,25.1,94.0,3.0
2024-09-01T07:00,2024,Thane Mumbra,19.1906,73.0229,0.0,25.6,92.0,3.1
2024-09-01T08:00,2024,Thane Mumbra,19.1906,73.0229,0.1,26.4,88.0,3.2
2024-09-01T09:00,2024,Thane Mumbra,19.1906,73.0229,0.1,27.3,83.0,5.8
2024-09-01T10:00,2024,Thane Mumbra,19.1906,73.0229,0.0,27.7,82.0,4.5
2024-09-01T11:00,2024,Thane Mumbra,19.1906,73.0229,0.0,28.2,79.0,6.9
2024-09-01T12:00,2024,Thane Mumbra,19.1906,73.0229,0.3,27.5,80.0,8.8
2024-09-01T13:00,2024,Thane Mumbra,19.1906,73.0229,0.1,27.6,81.0,9.4
2024-09-01T14:00,2024,Thane Mumbra,19.1906,73.0229,0.1,27.9,80.0,10.4
2024-09-01T15:00,2024,Thane Mumbra,19.1906,73.0229,0.0,28.1,81.0,11.2
2024-09-01T16:00,2024,Thane Mumbra,19.1906,73.0229,0.0,27.9,81.0,11.2
2024-09-01T17:00,2024,Thane Mumbra,19.1906,73.0229,0.0,27.6,81.0,10.1
2024-09-01T18:00,2024,Thane Mumbra,19.1906,73.0229,0.0,27.0,87.0,4.7
2024-09-01T19:00,2024,Thane Mumbra,19.1906,73.0229,0.0,26.2,91.0,3.2
2024-09-01T20:00,2024,Thane Mumbra,19.1906,73.0229,0.0,25.9,93.0,3.7
2024-09-01T21:00,2024,Thane Mumbra,19.1906,73.0229,0.0,25.6,94.0,4.9
2024-09-01T22:00,2024,Thane Mumbra,19.1906,73.0229,0.0,25.5,94.0,5.4
2024-09-01T23:00,2024,Thane Mumbra,19.1906,73.0229,0.0,25.5,94.0,5.1
2024-09-02T00:00,2024,Thane Mumbra,19.1906,73.0229,0.0,25.1,95.0,5.4
2024-09-02T01:00,2024,Thane Mumbra,19.1906,73.0229,0.1,25.5,94.0,4.3
2024-09-02T02:00,2024,Thane Mumbra,19.1906,73.0229,0.3,25.0,96.0,4.3
2024-09-02T03:00,2024,Thane Mumbra,19.1906,73.0229,0.0,25.0,95.0,4.7
2024-09-02T04:00,2024,Thane Mumbra,19.1906,73.0229,0.0,25.2,94.0,4.0
2024-09-02T05:00,2024,Thane Mumbra,19.1906,73.0229,0.2,25.1,94.0,4.0
2024-09-02T06:00,2024,Thane Mumbra,19.1906,73.0229,1.1,25.3,94.0,4.7
2024-09-02T07:00,2024,Thane Mumbra,19.1906,73.0229,1.4,25.5,94.0,1.3
2024-09-02T08:00,2024,Thane Mumbra,19.1906,73.0229,0.6,26.7,87.0,9.8
2024-09-02T09:00,2024,Thane Mumbra,19.1906,73.0229,0.4,26.9,87.0,10.8
2024-09-02T10:00,2024,Thane Mumbra,19.1906,73.0229,0.9,26.3,87.0,9.3
2024-09-02T11:00,2024,Thane Mumbra,19.1906,73.0229,0.9,26.6,88.0,9.7
2024-09-02T12:00,2024,Thane Mumbra,19.1906,73.0229,1.1,26.3,91.0,9.7
2024-09-02T13:00,2024,Thane Mumbra,19.1906,73.0229,1.3,26.4,89.0,13.6
2024-09-02T14:00,2024,Thane Mumbra,19.1906,73.0229,0.8,27.1,82.0,16.2
2024-09-02T15:00,2024,Thane Mumbra,19.1906,73.0229,1.4,26.3,91.0,13.2
2024-09-02T16:00,2024,Thane Mumbra,19.1906,73.0229,1.9,26.0,91.0,10.9
2024-09-02T17:00,2024,Thane Mumbra,19.1906,73.0229,2.5,25.4,94.0,7.7
2024-09-02T18:00,2024,Thane Mumbra,19.1906,73.0229,3.6,25.5,94.0,8.3
2024-09-02T19:00,2024,Thane Mumbra,19.1906,73.0229,2.6,25.1,95.0,9.2
2024-09-02T20:00,2024,Thane Mumbra,19.1906,73.0229,3.0,25.1,95.0,3.1
2024-09-02T21:00,2024,Thane Mumbra,19.1906,73.0229,2.0,25.1,94.0,3.7
2024-09-02T22:00,2024,Thane Mumbra,19.1906,73.0229,0.7,25.0,95.0,2.4
2024-09-02T23:00,2024,Thane Mumbra,19.1906,73.0229,0.1,24.5,97.0,7.0
2024-09-03T00:00,2024,Thane Mumbra,19.1906,73.0229,0.2,24.4,96.0,5.2
2024-09-03T01:00,2024,Thane Mumbra,19.1906,73.0229,0.3,24.5,96.0,4.3
2024-09-03T02:00,2024,Thane Mumbra,19.1906,73.0229,0.4,24.4,97.0,2.3
2024-09-03T03:00,2024,Thane Mumbra,19.1906,73.0229,5.5,24.5,96.0,7.4
2024-09-03T04:00,2024,Thane Mumbra,19.1906,73.0229,1.3,24.5,96.0,4.2
2024-09-03T05:00,2024,Thane Mumbra,19.1906,73.0229,0.6,24.1,97.0,5.1
2024-09-03T06:00,2024,Thane Mumbra,19.1906,73.0229,3.2,24.7,95.0,8.6
2024-09-03T07:00,2024,Thane Mumbra,19.1906,73.0229,1.2,25.0,93.0,5.2
2024-09-03T08:00,2024,Thane Mumbra,19.1906,73.0229,0.5,25.6,91.0,5.5
2024-09-03T09:00,2024,Thane Mumbra,19.1906,73.0229,0.8,25.4,91.0,7.4
2024-09-03T10:00,2024,Thane Mumbra,19.1906,73.0229,0.4,26.4,87.0,5.0
2024-09-03T11:00,2024,Thane Mumbra,19.1906,73.0229,0.2,26.7,87.0,9.8
2024-09-03T12:00,2024,Thane Mumbra,19.1906,73.0229,0.1,27.6,83.0,9.1
2024-09-03T13:00,2024,Thane Mumbra,19.1906,73.0229,0.0,27.4,83.0,9.8
2024-09-03T14:00,2024,Thane Mumbra,19.1906,73.0229,0.1,28.2,79.0,13.8
2024-09-03T15:00,2024,Thane Mumbra,19.1906,73.0229,0.1,26.9,84.0,14.4
2024-09-03T16:00,2024,Thane Mumbra,19.1906,73.0229,0.1,26.7,85.0,14.0
2024-09-03T17:00,2024,Thane Mumbra,19.1906,73.0229,0.1,26.6,85.0,13.1
2024-09-03T18:00,2024,Thane Mumbra,19.1906,73.0229,0.7,25.9,91.0,6.3
2024-09-03T19:00,2024,Thane Mumbra,19.1906,73.0229,0.1,25.9,92.0,7.7
2024-09-03T20:00,2024,Thane Mumbra,19.1906,73.0229,0.2,25.5,92.0,6.0
2024-09-03T21:00,2024,Thane Mumbra,19.1906,73.0229,0.1,25.2,95.0,6.0
2024-09-03T22:00,2024,Thane Mumbra,19.1906,73.0229,0.3,25.3,94.0,7.0
2024-09-03T23:00,2024,Thane Mumbra,19.1906,73.0229,0.3,25.0,96.0,4.8
2024-09-04T00:00,2024,Thane Mumbra,19.1906,73.0229,0.1,25.0,95.0,4.4
2024-09-04T01:00,2024,Thane Mumbra,19.1906,73.0229,0.3,25.0,94.0,7.4
2024-09-04T02:00,2024,Thane Mumbra,19.1906,73.0229,0.4,25.1,94.0,9.7
2024-09-04T03:00,2024,Thane Mumbra,19.1906,73.0229,0.3,25.0,94.0,6.7
2024-09-04T04:00,2024,Thane Mumbra,19.1906,73.0229,0.2,25.0,94.0,6.4
2024-09-04T05:00,2024,Thane Mumbra,19.1906,73.0229,0.9,24.7,94.0,6.6
2024-09-04T06:00,2024,Thane Mumbra,19.1906,73.0229,0.0,25.6,93.0,8.9
2024-09-04T07:00,2024,Thane Mumbra,19.1906,73.0229,0.4,25.9,88.0,11.6
2024-09-04T08:00,2024,Thane Mumbra,19.1906,73.0229,0.2,26.2,89.0,10.5
2024-09-04T09:00,2024,Thane Mumbra,19.1906,73.0229,0.0,27.2,85.0,10.5
2024-09-04T10:00,2024,Thane Mumbra,19.1906,73.0229,0.1,28.7,79.0,15.8
2024-09-04T11:00,2024,Thane Mumbra,19.1906,73.0229,0.2,28.3,78.0,16.1
2024-09-04T12:00,2024,Thane Mumbra,19.1906,73.0229,0.5,27.5,80.0,15.4
2024-09-04T13:00,2024,Thane Mumbra,19.1906,73.0229,0.0,28.7,80.0,13.2
2024-09-04T14:00,2024,Thane Mumbra,19.1906,73.0229,1.3,27.9,81.0,14.0
2024-09-04T15:00,2024,Thane Mumbra,19.1906,73.0229,0.4,27.7,79.0,17.3
2024-09-04T16:00,2024,Thane Mumbra,19.1906,73.0229,0.1,27.0,84.0,18.9
2024-09-04T17:00,2024,Thane Mumbra,19.1906,73.0229,0.7,25.6,90.0,13.0
2024-09-04T18:00,2024,Thane Mumbra,19.1906,73.0229,0.4,26.7,87.0,6.6
2024-09-04T19:00,2024,Thane Mumbra,19.1906,73.0229,0.1,25.9,90.0,8.7
2024-09-04T20:00,2024,Thane Mumbra,19.1906,73.0229,0.2,25.6,91.0,8.7
2024-09-04T21:00,2024,Thane Mumbra,19.1906,73.0229,0.1,25.1,94.0,8.0
2024-09-04T22:00,2024,Thane Mumbra,19.1906,73.0229,0.4,24.6,95.0,6.4
2024-09-04T23:00,2024,Thane Mumbra,19.1906,73.0229,0.8,24.5,97.0,7.8
2024-09-05T00:00,2024,Thane Mumbra,19.1906,73.0229,0.3,24.4,97.0,8.2
2024-09-05T01:00,2024,Thane Mumbra,19.1906,73.0229,0.4,24.6,96.0,8.4
2024-09-05T02:00,2024,Thane Mumbra,19.1906,73.0229,0.4,25.0,94.0,8.8
2024-09-05T03:00,2024,Thane Mumbra,19.1906,73.0229,0.3,25.2,93.0,9.6
2024-09-05T04:00,2024,Thane Mumbra,19.1906,73.0229,0.3,25.2,94.0,9.2
2024-09-05T05:00,2024,Thane Mumbra,19.1906,73.0229,0.3,25.1,94.0,9.6
2024-09-05T06:00,2024,Thane Mumbra,19.1906,73.0229,0.4,25.5,93.0,9.1
2024-09-05T07:00,2024,Thane Mumbra,19.1906,73.0229,0.3,25.8,92.0,9.3
2024-09-05T08:00,2024,Thane Mumbra,19.1906,73.0229,0.2,26.8,88.0,12.4
2024-09-05T09:00,2024,Thane Mumbra,19.1906,73.0229,1.2,27.3,86.0,13.6
2024-09-05T10:00,2024,Thane Mumbra,19.1906,73.0229,0.2,27.9,82.0,14.2
2024-09-05T11:00,2024,Thane Mumbra,19.1906,73.0229,1.1,27.8,86.0,12.5
2024-09-05T12:00,2024,Thane Mumbra,19.1906,73.0229,0.2,29.0,77.0,17.8
2024-09-05T13:00,2024,Thane Mumbra,19.1906,73.0229,1.3,28.2,83.0,13.1
2024-09-05T14:00,2024,Thane Mumbra,19.1906,73.0229,0.1,28.9,77.0,17.4
2024-09-05T15:00,2024,Thane Mumbra,19.1906,73.0229,0.6,26.9,85.0,19.5
2024-09-05T16:00,2024,Thane Mumbra,19.1906,73.0229,0.2,27.2,82.0,16.7
2024-09-05T17:00,2024,Thane Mumbra,19.1906,73.0229,0.3,26.8,85.0,14.3
2024-09-05T18:00,2024,Thane Mumbra,19.1906,73.0229,1.1,25.6,93.0,14.9
2024-09-05T19:00,2024,Thane Mumbra,19.1906,73.0229,0.5,25.3,95.0,11.8
2024-09-05T20:00,2024,Thane Mumbra,19.1906,73.0229,0.4,25.6,94.0,9.2
2024-09-05T21:00,2024,Thane Mumbra,19.1906,73.0229,1.6,25.4,94.0,8.9
2024-09-05T22:00,2024,Thane Mumbra,19.1906,73.0229,1.4,25.3,94.0,9.4
2024-09-05T23:00,2024,Thane Mumbra,19.1906,73.0229,2.3,25.2,94.0,7.6
2024-09-06T00:00,2024,Thane Mumbra,19.1906,73.0229,1.4,24.8,96.0,9.4
2024-09-06T01:00,2024,Thane Mumbra,19.1906,73.0229,1.3,24.5,96.0,7.5
2024-09-06T02:00,2024,Thane Mumbra,19.1906,73.0229,0.8,24.8,94.0,8.0
2024-09-06T03:00,2024,Thane Mumbra,19.1906,73.0229,0.7,24.8,95.0,8.9
2024-09-06T04:00,2024,Thane Mumbra,19.1906,73.0229,0.4,25.0,94.0,7.9
2024-09-06T05:00,2024,Thane Mumbra,19.1906,73.0229,0.4,25.0,94.0,7.4
2024-09-06T06:00,2024,Thane Mumbra,19.1906,73.0229,0.8,25.1,95.0,7.7
2024-09-06T07:00,2024,Thane Mumbra,19.1906,73.0229,0.4,25.8,92.0,7.7
2024-09-06T08:00,2024,Thane Mumbra,19.1906,73.0229,0.4,26.1,90.0,11.8
2024-09-06T09:00,2024,Thane Mumbra,19.1906,73.0229,0.1,27.8,84.0,7.4
2024-09-06T10:00,2024,Thane Mumbra,19.1906,73.0229,1.4,26.6,87.0,14.1
2024-09-06T11:00,2024,Thane Mumbra,19.1906,73.0229,0.4,26.8,87.0,10.2
2024-09-06T12:00,2024,Thane Mumbra,19.1906,73.0229,0.1,28.7,80.0,13.8
2024-09-06T13:00,2024,Thane Mumbra,19.1906,73.0229,2.1,27.8,85.0,13.2
2024-09-06T14:00,2024,Thane Mumbra,19.1906,73.0229,0.3,29.0,75.0,17.6
2024-09-06T15:00,2024,Thane Mumbra,19.1906,73.0229,1.3,27.5,80.0,17.8
2024-09-06T16:00,2024,Thane Mumbra,19.1906,73.0229,1.2,27.1,81.0,17.3
2024-09-06T17:00,2024,Thane Mumbra,19.1906,73.0229,0.8,26.8,86.0,12.5
2024-09-06T18:00,2024,Thane Mumbra,19.1906,73.0229,0.1,26.4,88.0,11.9
2024-09-06T19:00,2024,Thane Mumbra,19.1906,73.0229,0.0,26.0,90.0,6.1
2024-09-06T20:00,2024,Thane Mumbra,19.1906,73.0229,0.1,25.2,94.0,4.1
2024-09-06T21:00,2024,Thane Mumbra,19.1906,73.0229,0.0,24.9,95.0,4.7
2024-09-06T22:00,2024,Thane Mumbra,19.1906,73.0229,0.1,24.9,94.0,4.9
2024-09-06T23:00,2024,Thane Mumbra,19.1906,73.0229,0.1,24.7,95.0,5.2
2024-09-07T00:00,2024,Thane Mumbra,19.1906,73.0229,0.1,24.2,96.0,3.9
2024-09-07T01:00,2024,Thane Mumbra,19.1906,73.0229,0.2,24.5,95.0,4.4
2024-09-07T02:00,2024,Thane Mumbra,19.1906,73.0229,0.1,24.5,96.0,5.2
2024-09-07T03:00,2024,Thane Mumbra,19.1906,73.0229,0.1,24.5,96.0,4.0
2024-09-07T04:00,2024,Thane Mumbra,19.1906,73.0229,0.2,24.7,95.0,3.7
2024-09-07T05:00,2024,Thane Mumbra,19.1906,73.0229,0.2,24.7,95.0,6.0
2024-09-07T06:00,2024,Thane Mumbra,19.1906,73.0229,0.1,25.1,93.0,3.5
2024-09-07T07:00,2024,Thane Mumbra,19.1906,73.0229,0.2,25.6,92.0,4.3
2024-09-07T08:00,2024,Thane Mumbra,19.1906,73.0229,0.1,26.5,88.0,5.7
2024-09-07T09:00,2024,Thane Mumbra,19.1906,73.0229,0.2,27.4,83.0,6.9
2024-09-07T10:00,2024,Thane Mumbra,19.1906,73.0229,0.4,27.8,83.0,11.1
2024-09-07T11:00,2024,Thane Mumbra,19.1906,73.0229,0.7,27.3,84.0,9.5
2024-09-07T12:00,2024,Thane Mumbra,19.1906,73.0229,0.0,29.1,78.0,12.8
2024-09-07T13:00,2024,Thane Mumbra,19.1906,73.0229,0.1,29.2,75.0,14.3
2024-09-07T14:00,2024,Thane Mumbra,19.1906,73.0229,1.3,27.9,80.0,13.8
2024-09-07T15:00,2024,Thane Mumbra,19.1906,73.0229,0.1,28.5,79.0,13.8
2024-09-07T16:00,2024,Thane Mumbra,19.1906,73.0229,0.9,27.2,81.0,12.9
2024-09-07T17:00,2024,Thane Mumbra,19.1906,73.0229,0.2,26.8,84.0,10.9
2024-09-07T18:00,2024,Thane Mumbra,19.1906,73.0229,0.2,26.8,85.0,8.9
2024-09-07T19:00,2024,Thane Mumbra,19.1906,73.0229,0.5,25.8,91.0,7.9
2024-09-07T20:00,2024,Thane Mumbra,19.1906,73.0229,0.1,25.7,91.0,7.9
2024-09-07T21:00,2024,Thane Mumbra,19.1906,73.0229,0.1,25.4,92.0,9.4
2024-09-07T22:00,2024,Thane Mumbra,19.1906,73.0229,0.2,25.1,93.0,8.0
2024-09-07T23:00,2024,Thane Mumbra,19.1906,73.0229,0.2,24.4,96.0,9.0
2024-09-08T00:00,2024,Thane Mumbra,19.1906,73.0229,0.4,24.3,96.0,8.6
2024-09-08T01:00,2024,Thane Mumbra,19.1906,73.0229,0.1,24.5,96.0,10.4
2024-09-08T02:00,2024,Thane Mumbra,19.1906,73.0229,0.1,24.3,96.0,8.7
2024-09-08T03:00,2024,Thane Mumbra,19.1906,73.0229,0.1,24.1,95.0,6.8
2024-09-08T04:00,2024,Thane Mumbra,19.1906,73.0229,0.1,24.3,95.0,8.3
2024-09-08T05:00,2024,Thane Mumbra,19.1906,73.0229,0.1,24.4,96.0,6.5
2024-09-08T06:00,2024,Thane Mumbra,19.1906,73.0229,0.1,24.7,94.0,7.3
2024-09-08T07:00,2024,Thane Mumbra,19.1906,73.0229,0.1,25.4,93.0,7.2
2024-09-08T08:00,2024,Thane Mumbra,19.1906,73.0229,0.2,26.3,87.0,9.4
2024-09-08T09:00,2024,Thane Mumbra,19.1906,73.0229,0.1,27.1,84.0,8.1
2024-09-08T10:00,2024,Thane Mumbra,19.1906,73.0229,0.0,27.8,80.0,8.7
2024-09-08T11:00,2024,Thane Mumbra,19.1906,73.0229,0.1,29.2,75.0,9.7
2024-09-08T12:00,2024,Thane Mumbra,19.1906,73.0229,0.3,28.6,75.0,12.2
2024-09-08T13:00,2024,Thane Mumbra,19.1906,73.0229,0.6,29.2,77.0,11.2
2024-09-08T14:00,2024,Thane Mumbra,19.1906,73.0229,0.1,30.1,71.0,13.6
2024-09-08T15:00,2024,Thane Mumbra,19.1906,73.0229,0.1,28.6,76.0,13.1
2024-09-08T16:00,2024,Thane Mumbra,19.1906,73.0229,0.2,28.1,78.0,12.8
2024-09-08T17:00,2024,Thane Mumbra,19.1906,73.0229,0.0,27.6,82.0,13.0
2024-09-08T18:00,2024,Thane Mumbra,19.1906,73.0229,0.0,27.1,84.0,8.2
2024-09-08T19:00,2024,Thane Mumbra,19.1906,73.0229,0.0,26.4,87.0,6.7
2024-09-08T20:00,2024,Thane Mumbra,19.1906,73.0229,0.0,25.7,90.0,5.8
2024-09-08T21:00,2024,Thane Mumbra,19.1906,73.0229,0.0,25.4,91.0,6.6
2024-09-08T22:00,2024,Thane Mumbra,19.1906,73.0229,0.0,25.2,92.0,5.4
2024-09-08T23:00,2024,Thane Mumbra,19.1906,73.0229,0.0,25.0,93.0,8.4
2024-09-09T00:00,2024,Thane Mumbra,19.1906,73.0229,0.0,24.9,94.0,7.3
2024-09-09T01:00,2024,Thane Mumbra,19.1906,73.0229,0.0,24.6,95.0,7.6
2024-09-09T02:00,2024,Thane Mumbra,19.1906,73.0229,0.0,24.6,95.0,6.2
2024-09-09T03:00,2024,Thane Mumbra,19.1906,73.0229,0.1,24.7,94.0,4.8
2024-09-09T04:00,2024,Thane Mumbra,19.1906,73.0229,0.1,24.7,94.0,5.7
2024-09-09T05:00,2024,Thane Mumbra,19.1906,73.0229,0.0,24.7,94.0,4.9
2024-09-09T06:00,2024,Thane Mumbra,19.1906,73.0229,0.1,25.0,95.0,2.2
2024-09-09T07:00,2024,Thane Mumbra,19.1906,73.0229,0.0,25.5,92.0,4.2
2024-09-09T08:00,2024,Thane Mumbra,19.1906,73.0229,0.0,26.4,88.0,4.1
2024-09-09T09:00,2024,Thane Mumbra,19.1906,73.0229,0.0,27.7,82.0,5.1
2024-09-09T10:00,2024,Thane Mumbra,19.1906,73.0229,0.2,27.9,80.0,4.6
2024-09-09T11:00,2024,Thane Mumbra,19.1906,73.0229,0.3,28.7,77.0,9.0
2024-09-09T12:00,2024,Thane Mumbra,19.1906,73.0229,0.1,29.1,76.0,9.5
2024-09-09T13:00,2024,Thane Mumbra,19.1906,73.0229,0.0,29.9,73.0,12.2
2024-09-09T14:00,2024,Thane Mumbra,19.1906,73.0229,0.1,29.3,76.0,14.2
2024-09-09T15:00,2024,Thane Mumbra,19.1906,73.0229,0.1,28.7,74.0,14.3
2024-09-09T16:00,2024,Thane Mumbra,19.1906,73.0229,0.2,28.7,73.0,15.7
2024-09-09T17:00,2024,Thane Mumbra,19.1906,73.0229,0.4,27.7,78.0,12.9
2024-09-09T18:00,2024,Thane Mumbra,19.1906,73.0229,0.0,27.4,82.0,9.3
2024-09-09T19:00,2024,Thane Mumbra,19.1906,73.0229,0.0,26.4,87.0,6.0
2024-09-09T20:00,2024,Thane Mumbra,19.1906,73.0229,0.0,25.8,89.0,8.6
2024-09-09T21:00,2024,Thane Mumbra,19.1906,73.0229,0.0,25.4,91.0,10.1
2024-09-09T22:00,2024,Thane Mumbra,19.1906,73.0229,0.0,24.9,93.0,9.8
2024-09-09T23:00,2024,Thane Mumbra,19.1906,73.0229,0.0,24.8,92.0,9.8
2024-09-10T00:00,2024,Thane Mumbra,19.1906,73.0229,0.0,24.8,92.0,8.6
2024-09-10T01:00,2024,Thane Mumbra,19.1906,73.0229,0.0,25.2,91.0,7.8
2024-09-10T02:00,2024,Thane Mumbra,19.1906,73.0229,0.0,24.8,93.0,6.2
2024-09-10T03:00,2024,Thane Mumbra,19.1906,73.0229,0.0,24.7,94.0,5.4
2024-09-10T04:00,2024,Thane Mumbra,19.1906,73.0229,0.0,24.7,94.0,6.5
2024-09-10T05:00,2024,Thane Mumbra,19.1906,73.0229,0.0,24.9,93.0,6.9
2024-09-10T06:00,2024,Thane Mumbra,19.1906,73.0229,0.0,25.1,93.0,4.7
2024-09-10T07:00,2024,Thane Mumbra,19.1906,73.0229,0.1,25.5,92.0,5.4
2024-09-10T08:00,2024,Thane Mumbra,19.1906,73.0229,0.0,26.3,90.0,6.4
2024-09-10T09:00,2024,Thane Mumbra,19.1906,73.0229,0.1,27.2,86.0,6.1
2024-09-10T10:00,2024,Thane Mumbra,19.1906,73.0229,0.1,27.6,84.0,7.7
2024-09-10T11:00,2024,Thane Mumbra,19.1906,73.0229,0.1,28.3,81.0,8.3
2024-09-10T12:00,2024,Thane Mumbra,19.1906,73.0229,0.1,28.5,79.0,10.7
2024-09-10T13:00,2024,Thane Mumbra,19.1906,73.0229,0.1,28.7,76.0,13.4
2024-09-10T14:00,2024,Thane Mumbra,19.1906,73.0229,3.5,27.9,82.0,14.0
2024-09-10T15:00,2024,Thane Mumbra,19.1906,73.0229,0.2,28.0,81.0,13.1
2024-09-10T16:00,2024,Thane Mumbra,19.1906,73.0229,1.1,27.8,81.0,13.9
2024-09-10T17:00,2024,Thane Mumbra,19.1906,73.0229,0.0,27.5,84.0,12.7
2024-09-10T18:00,2024,Thane Mumbra,19.1906,73.0229,0.1,26.6,88.0,7.0
2024-09-10T19:00,2024,Thane Mumbra,19.1906,73.0229,0.1,26.2,91.0,8.0
2024-09-10T20:00,2024,Thane Mumbra,19.1906,73.0229,0.0,26.2,91.0,8.4
2024-09-10T21:00,2024,Thane Mumbra,19.1906,73.0229,0.2,25.6,91.0,11.1
2024-09-10T22:00,2024,Thane Mumbra,19.1906,73.0229,0.0,25.2,93.0,9.3
2024-09-10T23:00,2024,Thane Mumbra,19.1906,73.0229,0.0,25.1,92.0,6.2
2024-09-11T00:00,2024,Thane Mumbra,19.1906,73.0229,0.3,24.9,93.0,10.2
2024-09-11T01:00,2024,Thane Mumbra,19.1906,73.0229,0.1,24.8,93.0,9.0
2024-09-11T02:00,2024,Thane Mumbra,19.1906,73.0229,0.0,24.4,95.0,7.2
2024-09-11T03:00,2024,Thane Mumbra,19.1906,73.0229,0.1,24.3,95.0,6.8
2024-09-11T04:00,2024,Thane Mumbra,19.1906,73.0229,0.1,24.5,95.0,6.5
2024-09-11T05:00,2024,Thane Mumbra,19.1906,73.0229,0.0,24.5,94.0,9.0
2024-09-11T06:00,2024,Thane Mumbra,19.1906,73.0229,0.0,24.6,94.0,6.8
2024-09-11T07:00,2024,Thane Mumbra,19.1906,73.0229,0.1,24.8,93.0,10.8
2024-09-11T08:00,2024,Thane Mumbra,19.1906,73.0229,0.1,25.3,90.0,11.9
2024-09-11T09:00,2024,Thane Mumbra,19.1906,73.0229,0.1,26.8,86.0,11.1
2024-09-11T10:00,2024,Thane Mumbra,19.1906,73.0229,0.1,27.8,80.0,12.9
2024-09-11T11:00,2024,Thane Mumbra,19.1906,73.0229,0.1,28.0,79.0,13.5
2024-09-11T12:00,2024,Thane Mumbra,19.1906,73.0229,0.6,28.6,74.0,14.8
2024-09-11T13:00,2024,Thane Mumbra,19.1906,73.0229,1.0,28.2,78.0,15.6
2024-09-11T14:00,2024,Thane Mumbra,19.1906,73.0229,0.0,28.7,78.0,16.0
2024-09-11T15:00,2024,Thane Mumbra,19.1906,73.0229,0.1,28.5,78.0,16.8
2024-09-11T16:00,2024,Thane Mumbra,19.1906,73.0229,0.0,27.8,79.0,16.0
2024-09-11T17:00,2024,Thane Mumbra,19.1906,73.0229,0.1,27.3,81.0,15.9
2024-09-11T18:00,2024,Thane Mumbra,19.1906,73.0229,0.1,26.4,86.0,11.0
2024-09-11T19:00,2024,Thane Mumbra,19.1906,73.0229,0.0,25.9,89.0,10.5
2024-09-11T20:00,2024,Thane Mumbra,19.1906,73.0229,0.0,25.6,90.0,6.6
2024-09-11T21:00,2024,Thane Mumbra,19.1906,73.0229,0.0,25.6,90.0,8.7
2024-09-11T22:00,2024,Thane Mumbra,19.1906,73.0229,0.2,24.9,93.0,9.8
2024-09-11T23:00,2024,Thane Mumbra,19.1906,73.0229,0.4,24.7,93.0,7.0
2024-09-12T00:00,2024,Thane Mumbra,19.1906,73.0229,0.1,24.9,92.0,11.3
2024-09-12T01:00,2024,Thane Mumbra,19.1906,73.0229,0.1,24.7,94.0,9.9
2024-09-12T02:00,2024,Thane Mumbra,19.1906,73.0229,0.1,24.6,93.0,9.0
2024-09-12T03:00,2024,Thane Mumbra,19.1906,73.0229,0.2,24.4,94.0,10.4
2024-09-12T04:00,2024,Thane Mumbra,19.1906,73.0229,0.2,24.6,94.0,10.3
2024-09-12T05:00,2024,Thane Mumbra,19.1906,73.0229,0.3,24.4,94.0,10.3
2024-09-12T06:00,2024,Thane Mumbra,19.1906,73.0229,1.1,25.2,92.0,8.4
2024-09-12T07:00,2024,Thane Mumbra,19.1906,73.0229,1.0,24.9,95.0,13.6
2024-09-12T08:00,2024,Thane Mumbra,19.1906,73.0229,0.7,25.9,90.0,11.6
2024-09-12T09:00,2024,Thane Mumbra,19.1906,73.0229,0.3,26.9,84.0,14.4
2024-09-12T10:00,2024,Thane Mumbra,19.1906,73.0229,0.7,27.0,85.0,13.5
2024-09-12T11:00,2024,Thane Mumbra,19.1906,73.0229,0.3,28.6,79.0,17.2
2024-09-12T12:00,2024,Thane Mumbra,19.1906,73.0229,0.1,29.1,75.0,17.5
2024-09-12T13:00,2024,Thane Mumbra,19.1906,73.0229,0.1,28.5,74.0,17.5
2024-09-12T14:00,2024,Thane Mumbra,19.1906,73.0229,1.0,28.3,77.0,17.6
2024-09-12T15:00,2024,Thane Mumbra,19.1906,73.0229,0.6,28.2,80.0,16.2
2024-09-12T16:00,2024,Thane Mumbra,19.1906,73.0229,0.5,27.5,80.0,16.9
2024-09-12T17:00,2024,Thane Mumbra,19.1906,73.0229,0.1,27.2,81.0,14.2
2024-09-12T18:00,2024,Thane Mumbra,19.1906,73.0229,0.0,26.6,83.0,9.3
2024-09-12T19:00,2024,Thane Mumbra,19.1906,73.0229,0.0,25.5,89.0,6.4
2024-09-12T20:00,2024,Thane Mumbra,19.1906,73.0229,0.2,25.1,91.0,4.9
2024-09-12T21:00,2024,Thane Mumbra,19.1906,73.0229,0.4,24.9,91.0,5.8
2024-09-12T22:00,2024,Thane Mumbra,19.1906,73.0229,0.3,24.2,94.0,7.3
2024-09-12T23:00,2024,Thane Mumbra,19.1906,73.0229,0.1,24.3,95.0,8.0
2024-09-13T00:00,2024,Thane Mumbra,19.1906,73.0229,0.1,24.2,96.0,10.3
2024-09-13T01:00,2024,Thane Mumbra,19.1906,73.0229,0.1,24.2,95.0,10.5
2024-09-13T02:00,2024,Thane Mumbra,19.1906,73.0229,0.1,23.8,96.0,9.0
2024-09-13T03:00,2024,Thane Mumbra,19.1906,73.0229,0.0,23.7,96.0,10.1
2024-09-13T04:00,2024,Thane Mumbra,19.1906,73.0229,0.1,23.7,96.0,12.3
2024-09-13T05:00,2024,Thane Mumbra,19.1906,73.0229,0.0,23.7,95.0,10.5
2024-09-13T06:00,2024,Thane Mumbra,19.1906,73.0229,0.2,23.9,94.0,7.9
2024-09-13T07:00,2024,Thane Mumbra,19.1906,73.0229,0.2,24.7,92.0,12.4
2024-09-13T08:00,2024,Thane Mumbra,19.1906,73.0229,0.2,25.5,88.0,10.6
2024-09-13T09:00,2024,Thane Mumbra,19.1906,73.0229,0.2,25.9,86.0,12.7
2024-09-13T10:00,2024,Thane Mumbra,19.1906,73.0229,0.6,26.9,82.0,10.0
2024-09-13T11:00,2024,Thane Mumbra,19.1906,73.0229,0.2,27.5,79.0,14.6
2024-09-13T12:00,2024,Thane Mumbra,19.1906,73.0229,0.5,27.5,81.0,12.4
2024-09-13T13:00,2024,Thane Mumbra,19.1906,73.0229,0.1,28.8,76.0,14.1
2024-09-13T14:00,2024,Thane Mumbra,19.1906,73.0229,0.1,28.6,75.0,15.0
2024-09-13T15:00,2024,Thane Mumbra,19.1906,73.0229,0.2,28.3,76.0,16.4
2024-09-13T16:00,2024,Thane Mumbra,19.1906,73.0229,0.2,28.3,75.0,17.1
2024-09-13T17:00,2024,Thane Mumbra,19.1906,73.0229,0.1,27.5,77.0,14.7
2024-09-13T18:00,2024,Thane Mumbra,19.1906,73.0229,0.0,26.8,80.0,7.5
2024-09-13T19:00,2024,Thane Mumbra,19.1906,73.0229,0.0,25.7,86.0,5.1
2024-09-13T20:00,2024,Thane Mumbra,19.1906,73.0229,0.0,25.2,87.0,5.3
2024-09-13T21:00,2024,Thane Mumbra,19.1906,73.0229,0.0,25.0,89.0,5.4
2024-09-13T22:00,2024,Thane Mumbra,19.1906,73.0229,0.0,24.6,91.0,6.3
2024-09-13T23:00,2024,Thane Mumbra,19.1906,73.0229,0.0,24.2,93.0,12.3
2024-09-14T00:00,2024,Thane Mumbra,19.1906,73.0229,0.1,23.9,94.0,10.5
2024-09-14T01:00,2024,Thane Mumbra,19.1906,73.0229,0.4,23.7,94.0,12.0
2024-09-14T02:00,2024,Thane Mumbra,19.1906,73.0229,0.2,23.6,94.0,11.5
2024-09-14T03:00,2024,Thane Mumbra,19.1906,73.0229,0.3,23.2,94.0,7.2
2024-09-14T04:00,2024,Thane Mumbra,19.1906,73.0229,0.1,23.3,96.0,9.7
2024-09-14T05:00,2024,Thane Mumbra,19.1906,73.0229,0.0,23.2,96.0,7.6
2024-09-14T06:00,2024,Thane Mumbra,19.1906,73.0229,0.6,23.6,94.0,8.8
2024-09-14T07:00,2024,Thane Mumbra,19.1906,73.0229,0.2,24.2,92.0,9.0
2024-09-14T08:00,2024,Thane Mumbra,19.1906,73.0229,0.8,24.5,89.0,13.0
2024-09-14T09:00,2024,Thane Mumbra,19.1906,73.0229,0.2,25.2,87.0,12.0
2024-09-14T10:00,2024,Thane Mumbra,19.1906,73.0229,0.1,26.8,81.0,15.1
2024-09-14T11:00,2024,Thane Mumbra,19.1906,73.0229,0.4,26.8,82.0,11.8
2024-09-14T12:00,2024,Thane Mumbra,19.1906,73.0229,1.1,26.5,83.0,12.5
2024-09-14T13:00,2024,Thane Mumbra,19.1906,73.0229,0.3,26.8,80.0,15.5
2024-09-14T14:00,2024,Thane Mumbra,19.1906,73.0229,0.4,26.7,83.0,13.3
2024-09-14T15:00,2024,Thane Mumbra,19.1906,73.0229,0.1,27.8,80.0,14.0
2024-09-14T16:00,2024,Thane Mumbra,19.1906,73.0229,0.1,27.2,80.0,14.0
2024-09-14T17:00,2024,Thane Mumbra,19.1906,73.0229,0.0,27.0,79.0,11.6
2024-09-14T18:00,2024,Thane Mumbra,19.1906,73.0229,0.4,25.1,87.0,12.3
2024-09-14T19:00,2024,Thane Mumbra,19.1906,73.0229,0.1,24.4,92.0,5.6
2024-09-14T20:00,2024,Thane Mumbra,19.1906,73.0229,0.7,23.7,95.0,3.4
2024-09-14T21:00,2024,Thane Mumbra,19.1906,73.0229,0.2,24.2,93.0,6.2
2024-09-14T22:00,2024,Thane Mumbra,19.1906,73.0229,0.0,23.8,95.0,7.9
2024-09-14T23:00,2024,Thane Mumbra,19.1906,73.0229,0.0,23.5,96.0,7.3
2024-09-15T00:00,2024,Thane Mumbra,19.1906,73.0229,0.1,23.4,96.0,8.0
2024-09-15T01:00,2024,Thane Mumbra,19.1906,73.0229,0.4,23.5,96.0,8.8
2024-09-15T02:00,2024,Thane Mumbra,19.1906,73.0229,0.2,23.3,97.0,8.6
2024-09-15T03:00,2024,Thane Mumbra,19.1906,73.0229,0.1,23.2,97.0,8.8
2024-09-15T04:00,2024,Thane Mumbra,19.1906,73.0229,0.0,23.1,97.0,7.7
2024-09-15T05:00,2024,Thane Mumbra,19.1906,73.0229,0.0,23.0,97.0,7.7
2024-09-15T06:00,2024,Thane Mumbra,19.1906,73.0229,0.4,23.5,96.0,8.0
2024-09-15T07:00,2024,Thane Mumbra,19.1906,73.0229,0.1,23.9,93.0,8.6
2024-09-15T08:00,2024,Thane Mumbra,19.1906,73.0229,0.1,24.3,91.0,11.9
2024-09-15T09:00,2024,Thane Mumbra,19.1906,73.0229,0.1,25.2,88.0,7.3
2024-09-15T10:00,2024,Thane Mumbra,19.1906,73.0229,0.1,26.4,80.0,8.0
2024-09-15T11:00,2024,Thane Mumbra,19.1906,73.0229,0.1,27.5,78.0,8.9
2024-09-15T12:00,2024,Thane Mumbra,19.1906,73.0229,0.0,28.4,75.0,10.7
2024-09-15T13:00,2024,Thane Mumbra,19.1906,73.0229,0.0,28.2,77.0,12.3
2024-09-15T14:00,2024,Thane Mumbra,19.1906,73.0229,0.0,28.4,76.0,12.1
2024-09-15T15:00,2024,Thane Mumbra,19.1906,73.0229,0.1,28.5,75.0,12.9
2024-09-15T16:00,2024,Thane Mumbra,19.1906,73.0229,0.3,28.0,76.0,12.9
2024-09-15T17:00,2024,Thane Mumbra,19.1906,73.0229,0.1,27.3,79.0,10.4
2024-09-15T18:00,2024,Thane Mumbra,19.1906,73.0229,0.1,26.3,85.0,4.6
2024-09-15T19:00,2024,Thane Mumbra,19.1906,73.0229,0.0,25.2,91.0,4.3
2024-09-15T20:00,2024,Thane Mumbra,19.1906,73.0229,0.0,24.5,94.0,4.7
2024-09-15T21:00,2024,Thane Mumbra,19.1906,73.0229,0.0,24.4,94.0,4.1
2024-09-15T22:00,2024,Thane Mumbra,19.1906,73.0229,0.0,24.3,95.0,5.9
2024-09-15T23:00,2024,Thane Mumbra,19.1906,73.0229,0.0,24.0,96.0,7.0
2024-09-16T00:00,2024,Thane Mumbra,19.1906,73.0229,0.0,23.6,96.0,7.2
2024-09-16T01:00,2024,Thane Mumbra,19.1906,73.0229,0.0,23.4,96.0,8.6
2024-09-16T02:00,2024,Thane Mumbra,19.1906,73.0229,0.0,23.5,95.0,8.0
2024-09-16T03:00,2024,Thane Mumbra,19.1906,73.0229,0.0,23.8,94.0,6.8
2024-09-16T04:00,2024,Thane Mumbra,19.1906,73.0229,0.0,23.8,94.0,7.2
2024-09-16T05:00,2024,Thane Mumbra,19.1906,73.0229,0.0,23.7,95.0,7.3
2024-09-16T06:00,2024,Thane Mumbra,19.1906,73.0229,0.0,24.2,95.0,4.6
2024-09-16T07:00,2024,Thane Mumbra,19.1906,73.0229,0.0,24.9,92.0,6.9
2024-09-16T08:00,2024,Thane Mumbra,19.1906,73.0229,0.1,25.8,88.0,8.4
2024-09-16T09:00,2024,Thane Mumbra,19.1906,73.0229,0.3,27.0,84.0,8.8
2024-09-16T10:00,2024,Thane Mumbra,19.1906,73.0229,0.0,28.2,80.0,7.9
2024-09-16T11:00,2024,Thane Mumbra,19.1906,73.0229,0.0,29.1,76.0,8.0
2024-09-16T12:00,2024,Thane Mumbra,19.1906,73.0229,0.0,29.6,74.0,8.4
2024-09-16T13:00,2024,Thane Mumbra,19.1906,73.0229,0.1,29.7,72.0,10.3
2024-09-16T14:00,2024,Thane Mumbra,19.1906,73.0229,0.0,29.2,73.0,11.2
2024-09-16T15:00,2024,Thane Mumbra,19.1906,73.0229,0.9,28.6,75.0,13.2
2024-09-16T16:00,2024,Thane Mumbra,19.1906,73.0229,0.6,28.6,74.0,12.8
2024-09-16T17:00,2024,Thane Mumbra,19.1906,73.0229,0.3,27.6,78.0,11.6
2024-09-16T18:00,2024,Thane Mumbra,19.1906,73.0229,0.0,26.9,82.0,7.6
2024-09-16T19:00,2024,Thane Mumbra,19.1906,73.0229,0.0,26.3,85.0,5.2
2024-09-16T20:00,2024,Thane Mumbra,19.1906,73.0229,0.0,26.2,84.0,2.6
2024-09-16T21:00,2024,Thane Mumbra,19.1906,73.0229,0.0,24.2,95.0,4.0
2024-09-16T22:00,2024,Thane Mumbra,19.1906,73.0229,0.2,23.5,96.0,8.0
2024-09-16T23:00,2024,Thane Mumbra,19.1906,73.0229,0.0,22.9,97.0,4.4
2024-09-17T00:00,2024,Thane Mumbra,19.1906,73.0229,0.0,23.2,96.0,2.2
2024-09-17T01:00,2024,Thane Mumbra,19.1906,73.0229,0.0,22.5,98.0,2.6
2024-09-17T02:00,2024,Thane Mumbra,19.1906,73.0229,0.0,22.2,99.0,2.6
2024-09-17T03:00,2024,Thane Mumbra,19.1906,73.0229,0.0,21.9,99.0,2.8
2024-09-17T04:00,2024,Thane Mumbra,19.1906,73.0229,0.0,21.8,100.0,2.8
2024-09-17T05:00,2024,Thane Mumbra,19.1906,73.0229,0.0,22.0,100.0,3.9
2024-09-17T06:00,2024,Thane Mumbra,19.1906,73.0229,0.0,23.2,99.0,6.3
2024-09-17T07:00,2024,Thane Mumbra,19.1906,73.0229,0.0,23.7,97.0,4.2
2024-09-17T08:00,2024,Thane Mumbra,19.1906,73.0229,0.0,25.4,87.0,3.4
2024-09-17T09:00,2024,Thane Mumbra,19.1906,73.0229,0.0,26.9,82.0,2.5
2024-09-17T10:00,2024,Thane Mumbra,19.1906,73.0229,0.0,28.0,78.0,3.1
2024-09-17T11:00,2024,Thane Mumbra,19.1906,73.0229,0.0,29.2,73.0,6.0
2024-09-17T12:00,2024,Thane Mumbra,19.1906,73.0229,0.1,29.9,70.0,8.0
2024-09-17T13:00,2024,Thane Mumbra,19.1906,73.0229,0.0,30.0,67.0,10.5
2024-09-17T14:00,2024,Thane Mumbra,19.1906,73.0229,0.0,29.8,68.0,12.9
2024-09-17T15:00,2024,Thane Mumbra,19.1906,73.0229,0.0,29.4,68.0,15.0
2024-09-17T16:00,2024,Thane Mumbra,19.1906,73.0229,0.0,28.6,71.0,13.7
2024-09-17T17:00,2024,Thane Mumbra,19.1906,73.0229,0.0,27.9,75.0,11.3
2024-09-17T18:00,2024,Thane Mumbra,19.1906,73.0229,0.0,26.7,81.0,5.6
2024-09-17T19:00,2024,Thane Mumbra,19.1906,73.0229,0.0,25.3,89.0,6.9
2024-09-17T20:00,2024,Thane Mumbra,19.1906,73.0229,0.0,25.3,88.0,3.1
2024-09-17T21:00,2024,Thane Mumbra,19.1906,73.0229,0.0,24.2,94.0,2.5
2024-09-17T22:00,2024,Thane Mumbra,19.1906,73.0229,0.0,23.9,95.0,1.4
2024-09-17T23:00,2024,Thane Mumbra,19.1906,73.0229,0.0,23.1,98.0,1.8
2024-09-18T00:00,2024,Thane Mumbra,19.1906,73.0229,0.0,22.9,99.0,3.3
2024-09-18T01:00,2024,Thane Mumbra,19.1906,73.0229,0.0,22.5,99.0,2.9
2024-09-18T02:00,2024,Thane Mumbra,19.1906,73.0229,0.0,22.5,99.0,2.5
2024-09-18T03:00,2024,Thane Mumbra,19.1906,73.0229,0.0,22.5,99.0,3.5
2024-09-18T04:00,2024,Thane Mumbra,19.1906,73.0229,0.0,22.5,99.0,3.1
2024-09-18T05:00,2024,Thane Mumbra,19.1906,73.0229,0.0,22.3,100.0,1.1
2024-09-18T06:00,2024,Thane Mumbra,19.1906,73.0229,0.0,22.8,98.0,2.3
2024-09-18T07:00,2024,Thane Mumbra,19.1906,73.0229,0.0,23.7,96.0,0.8
2024-09-18T08:00,2024,Thane Mumbra,19.1906,73.0229,0.0,25.8,88.0,1.1
2024-09-18T09:00,2024,Thane Mumbra,19.1906,73.0229,0.0,27.6,79.0,4.1
2024-09-18T10:00,2024,Thane Mumbra,19.1906,73.0229,0.1,28.7,72.0,3.9
2024-09-18T11:00,2024,Thane Mumbra,19.1906,73.0229,0.2,29.4,68.0,5.7
2024-09-18T12:00,2024,Thane Mumbra,19.1906,73.0229,0.1,29.6,69.0,6.6
2024-09-18T13:00,2024,Thane Mumbra,19.1906,73.0229,0.0,29.7,69.0,8.7
2024-09-18T14:00,2024,Thane Mumbra,19.1906,73.0229,0.0,29.9,67.0,10.3
2024-09-18T15:00,2024,Thane Mumbra,19.1906,73.0229,0.3,29.6,65.0,11.4
2024-09-18T16:00,2024,Thane Mumbra,19.1906,73.0229,0.5,28.8,70.0,11.2
2024-09-18T17:00,2024,Thane Mumbra,19.1906,73.0229,0.0,28.2,74.0,8.8
2024-09-18T18:00,2024,Thane Mumbra,19.1906,73.0229,0.0,27.0,81.0,5.1
2024-09-18T19:00,2024,Thane Mumbra,19.1906,73.0229,0.0,26.5,82.0,5.2
2024-09-18T20:00,2024,Thane Mumbra,19.1906,73.0229,0.0,26.4,82.0,4.1
2024-09-18T21:00,2024,Thane Mumbra,19.1906,73.0229,0.0,25.5,87.0,4.0
2024-09-18T22:00,2024,Thane Mumbra,19.1906,73.0229,0.0,24.6,92.0,3.3
2024-09-18T23:00,2024,Thane Mumbra,19.1906,73.0229,0.0,24.9,91.0,3.3
2024-09-19T00:00,2024,Thane Mumbra,19.1906,73.0229,0.0,24.4,94.0,4.0
2024-09-19T01:00,2024,Thane Mumbra,19.1906,73.0229,0.0,24.1,95.0,4.6
2024-09-19T02:00,2024,Thane Mumbra,19.1906,73.0229,0.0,23.6,96.0,5.1
2024-09-19T03:00,2024,Thane Mumbra,19.1906,73.0229,0.0,23.6,96.0,4.3
2024-09-19T04:00,2024,Thane Mumbra,19.1906,73.0229,0.0,24.0,93.0,3.9
2024-09-19T05:00,2024,Thane Mumbra,19.1906,73.0229,0.0,24.3,91.0,3.5
2024-09-19T06:00,2024,Thane Mumbra,19.1906,73.0229,0.0,24.2,94.0,3.9
2024-09-19T07:00,2024,Thane Mumbra,19.1906,73.0229,0.0,25.4,88.0,2.7
2024-09-19T08:00,2024,Thane Mumbra,19.1906,73.0229,0.0,26.7,84.0,3.6
2024-09-19T09:00,2024,Thane Mumbra,19.1906,73.0229,0.0,28.3,76.0,3.7
2024-09-19T10:00,2024,Thane Mumbra,19.1906,73.0229,0.1,29.1,72.0,3.3
2024-09-19T11:00,2024,Thane Mumbra,19.1906,73.0229,0.0,29.9,68.0,3.7
2024-09-19T12:00,2024,Thane Mumbra,19.1906,73.0229,0.0,30.3,66.0,6.6
2024-09-19T13:00,2024,Thane Mumbra,19.1906,73.0229,0.6,30.0,68.0,9.0
2024-09-19T14:00,2024,Thane Mumbra,19.1906,73.0229,1.5,29.1,73.0,9.3
2024-09-19T15:00,2024,Thane Mumbra,19.1906,73.0229,0.1,29.6,70.0,9.8
2024-09-19T16:00,2024,Thane Mumbra,19.1906,73.0229,0.0,29.2,70.0,11.9
2024-09-19T17:00,2024,Thane Mumbra,19.1906,73.0229,0.1,28.3,74.0,9.4
2024-09-19T18:00,2024,Thane Mumbra,19.1906,73.0229,0.1,26.8,81.0,5.6
2024-09-19T19:00,2024,Thane Mumbra,19.1906,73.0229,0.0,26.6,81.0,3.3
2024-09-19T20:00,2024,Thane Mumbra,19.1906,73.0229,0.0,26.4,83.0,1.5
2024-09-19T21:00,2024,Thane Mumbra,19.1906,73.0229,0.0,25.6,90.0,1.3
2024-09-19T22:00,2024,Thane Mumbra,19.1906,73.0229,0.0,24.9,93.0,2.2
2024-09-19T23:00,2024,Thane Mumbra,19.1906,73.0229,0.0,24.6,96.0,3.3
2024-09-20T00:00,2024,Thane Mumbra,19.1906,73.0229,0.0,24.3,96.0,3.6
2024-09-20T01:00,2024,Thane Mumbra,19.1906,73.0229,0.0,23.9,97.0,4.3
2024-09-20T02:00,2024,Thane Mumbra,19.1906,73.0229,0.0,23.8,97.0,3.8
2024-09-20T03:00,2024,Thane Mumbra,19.1906,73.0229,0.0,23.6,97.0,4.3
2024-09-20T04:00,2024,Thane Mumbra,19.1906,73.0229,0.0,24.2,94.0,3.4
2024-09-20T05:00,2024,Thane Mumbra,19.1906,73.0229,0.0,24.2,94.0,0.8
2024-09-20T06:00,2024,Thane Mumbra,19.1906,73.0229,0.3,24.1,93.0,8.0
2024-09-20T07:00,2024,Thane Mumbra,19.1906,73.0229,0.1,24.4,91.0,5.9
2024-09-20T08:00,2024,Thane Mumbra,19.1906,73.0229,0.0,25.7,87.0,6.3
2024-09-20T09:00,2024,Thane Mumbra,19.1906,73.0229,0.0,27.1,82.0,5.5
2024-09-20T10:00,2024,Thane Mumbra,19.1906,73.0229,0.2,28.3,78.0,6.6
2024-09-20T11:00,2024,Thane Mumbra,19.1906,73.0229,0.1,29.1,77.0,7.3
2024-09-20T12:00,2024,Thane Mumbra,19.1906,73.0229,0.1,28.9,76.0,7.9
2024-09-20T13:00,2024,Thane Mumbra,19.1906,73.0229,0.2,29.4,75.0,9.5
2024-09-20T14:00,2024,Thane Mumbra,19.1906,73.0229,2.2,27.9,81.0,9.1
2024-09-20T15:00,2024,Thane Mumbra,19.1906,73.0229,0.3,28.3,81.0,6.5
2024-09-20T16:00,2024,Thane Mumbra,19.1906,73.0229,2.6,26.9,86.0,8.0
2024-09-20T17:00,2024,Thane Mumbra,19.1906,73.0229,1.1,26.6,84.0,6.4
2024-09-20T18:00,2024,Thane Mumbra,19.1906,73.0229,0.1,27.4,84.0,2.8
2024-09-20T19:00,2024,Thane Mumbra,19.1906,73.0229,0.1,26.5,89.0,1.8
2024-09-20T20:00,2024,Thane Mumbra,19.1906,73.0229,0.0,25.6,94.0,1.8
2024-09-20T21:00,2024,Thane Mumbra,19.1906,73.0229,0.0,25.1,97.0,2.6
2024-09-20T22:00,2024,Thane Mumbra,19.1906,73.0229,0.0,24.9,97.0,3.3
2024-09-20T23:00,2024,Thane Mumbra,19.1906,73.0229,0.0,24.7,97.0,3.8
2024-09-21T00:00,2024,Thane Mumbra,19.1906,73.0229,0.0,24.7,95.0,4.4
2024-09-21T01:00,2024,Thane Mumbra,19.1906,73.0229,0.0,24.4,96.0,4.2
2024-09-21T02:00,2024,Thane Mumbra,19.1906,73.0229,0.0,24.6,95.0,3.1
2024-09-21T03:00,2024,Thane Mumbra,19.1906,73.0229,0.0,24.6,94.0,2.5
2024-09-21T04:00,2024,Thane Mumbra,19.1906,73.0229,0.5,23.9,94.0,6.3
2024-09-21T05:00,2024,Thane Mumbra,19.1906,73.0229,0.1,23.7,96.0,2.9
2024-09-21T06:00,2024,Thane Mumbra,19.1906,73.0229,0.0,24.4,98.0,3.0
2024-09-21T07:00,2024,Thane Mumbra,19.1906,73.0229,0.0,25.1,96.0,2.0
2024-09-21T08:00,2024,Thane Mumbra,19.1906,73.0229,0.0,26.7,90.0,1.1
2024-09-21T09:00,2024,Thane Mumbra,19.1906,73.0229,0.1,28.2,82.0,3.3
2024-09-21T10:00,2024,Thane Mumbra,19.1906,73.0229,0.0,29.2,77.0,5.9
2024-09-21T11:00,2024,Thane Mumbra,19.1906,73.0229,0.0,29.9,72.0,6.0
2024-09-21T12:00,2024,Thane Mumbra,19.1906,73.0229,0.0,30.7,67.0,7.2
2024-09-21T13:00,2024,Thane Mumbra,19.1906,73.0229,0.1,30.6,66.0,9.8
2024-09-21T14:00,2024,Thane Mumbra,19.1906,73.0229,0.3,30.1,66.0,9.8
2024-09-21T15:00,2024,Thane Mumbra,19.1906,73.0229,0.2,29.6,68.0,13.4
2024-09-21T16:00,2024,Thane Mumbra,19.1906,73.0229,0.2,28.8,72.0,13.4
2024-09-21T17:00,2024,Thane Mumbra,19.1906,73.0229,0.0,28.6,73.0,9.5
2024-09-21T18:00,2024,Thane Mumbra,19.1906,73.0229,0.0,27.6,77.0,5.7
2024-09-21T19:00,2024,Thane Mumbra,19.1906,73.0229,0.0,26.5,86.0,5.0
2024-09-21T20:00,2024,Thane Mumbra,19.1906,73.0229,0.0,26.2,88.0,5.5
2024-09-21T21:00,2024,Thane Mumbra,19.1906,73.0229,0.0,26.7,81.0,3.5
2024-09-21T22:00,2024,Thane Mumbra,19.1906,73.0229,0.0,26.2,84.0,3.3
2024-09-21T23:00,2024,Thane Mumbra,19.1906,73.0229,0.0,25.6,87.0,3.3
2024-09-22T00:00,2024,Thane Mumbra,19.1906,73.0229,0.0,24.9,92.0,4.0
2024-09-22T01:00,2024,Thane Mumbra,19.1906,73.0229,0.0,24.2,97.0,4.5
2024-09-22T02:00,2024,Thane Mumbra,19.1906,73.0229,0.0,24.4,96.0,3.9
2024-09-22T03:00,2024,Thane Mumbra,19.1906,73.0229,0.0,24.2,97.0,4.1
2024-09-22T04:00,2024,Thane Mumbra,19.1906,73.0229,0.0,24.0,97.0,4.0
2024-09-22T05:00,2024,Thane Mumbra,19.1906,73.0229,0.0,24.0,97.0,4.0
2024-09-22T06:00,2024,Thane Mumbra,19.1906,73.0229,0.0,24.5,95.0,2.5
2024-09-22T07:00,2024,Thane Mumbra,19.1906,73.0229,0.0,25.6,91.0,5.6
2024-09-22T08:00,2024,Thane Mumbra,19.1906,73.0229,0.0,27.4,84.0,4.6
2024-09-22T09:00,2024,Thane Mumbra,19.1906,73.0229,0.2,28.6,78.0,7.9
2024-09-22T10:00,2024,Thane Mumbra,19.1906,73.0229,0.0,29.5,74.0,8.0
2024-09-22T11:00,2024,Thane Mumbra,19.1906,73.0229,0.0,30.4,69.0,8.4
2024-09-22T12:00,2024,Thane Mumbra,19.1906,73.0229,0.0,30.3,68.0,7.4
2024-09-22T13:00,2024,Thane Mumbra,19.1906,73.0229,0.0,30.7,68.0,11.3
2024-09-22T14:00,2024,Thane Mumbra,19.1906,73.0229,0.3,29.1,75.0,12.2
2024-09-22T15:00,2024,Thane Mumbra,19.1906,73.0229,0.4,29.2,75.0,13.0
2024-09-22T16:00,2024,Thane Mumbra,19.1906,73.0229,0.1,29.1,73.0,13.0
2024-09-22T17:00,2024,Thane Mumbra,19.1906,73.0229,0.1,28.1,80.0,10.7
2024-09-22T18:00,2024,Thane Mumbra,19.1906,73.0229,0.0,27.8,80.0,8.0
2024-09-22T19:00,2024,Thane Mumbra,19.1906,73.0229,0.0,27.3,82.0,7.1
2024-09-22T20:00,2024,Thane Mumbra,19.1906,73.0229,0.0,26.7,86.0,4.5
2024-09-22T21:00,2024,Thane Mumbra,19.1906,73.0229,0.0,26.3,90.0,4.7
2024-09-22T22:00,2024,Thane Mumbra,19.1906,73.0229,0.0,25.9,92.0,5.2
2024-09-22T23:00,2024,Thane Mumbra,19.1906,73.0229,0.0,26.3,88.0,4.0
2024-09-23T00:00,2024,Thane Mumbra,19.1906,73.0229,0.0,25.6,93.0,4.0
2024-09-23T01:00,2024,Thane Mumbra,19.1906,73.0229,0.0,25.2,96.0,4.3
2024-09-23T02:00,2024,Thane Mumbra,19.1906,73.0229,0.0,25.7,93.0,2.4
2024-09-23T03:00,2024,Thane Mumbra,19.1906,73.0229,0.0,25.7,93.0,2.2
2024-09-23T04:00,2024,Thane Mumbra,19.1906,73.0229,0.0,25.1,96.0,2.3
2024-09-23T05:00,2024,Thane Mumbra,19.1906,73.0229,0.0,24.9,98.0,3.0
2024-09-23T06:00,2024,Thane Mumbra,19.1906,73.0229,0.0,25.3,97.0,5.4
2024-09-23T07:00,2024,Thane Mumbra,19.1906,73.0229,0.0,26.2,94.0,3.2
2024-09-23T08:00,2024,Thane Mumbra,19.1906,73.0229,0.0,27.5,88.0,2.4
2024-09-23T09:00,2024,Thane Mumbra,19.1906,73.0229,0.1,28.9,83.0,3.1
2024-09-23T10:00,2024,Thane Mumbra,19.1906,73.0229,0.1,30.2,75.0,5.7
2024-09-23T11:00,2024,Thane Mumbra,19.1906,73.0229,0.1,30.4,74.0,5.6
2024-09-23T12:00,2024,Thane Mumbra,19.1906,73.0229,2.8,27.2,87.0,11.8
2024-09-23T13:00,2024,Thane Mumbra,19.1906,73.0229,0.6,28.6,85.0,6.5
2024-09-23T14:00,2024,Thane Mumbra,19.1906,73.0229,0.2,29.3,79.0,9.4
2024-09-23T15:00,2024,Thane Mumbra,19.1906,73.0229,1.7,27.6,85.0,12.8
2024-09-23T16:00,2024,Thane Mumbra,19.1906,73.0229,0.1,28.0,86.0,8.4
2024-09-23T17:00,2024,Thane Mumbra,19.1906,73.0229,0.3,28.0,87.0,8.9
2024-09-23T18:00,2024,Thane Mumbra,19.1906,73.0229,0.3,27.1,90.0,6.5
2024-09-23T19:00,2024,Thane Mumbra,19.1906,73.0229,0.6,26.5,94.0,5.7
2024-09-23T20:00,2024,Thane Mumbra,19.1906,73.0229,0.1,26.2,95.0,5.2
2024-09-23T21:00,2024,Thane Mumbra,19.1906,73.0229,0.0,25.8,96.0,4.4
2024-09-23T22:00,2024,Thane Mumbra,19.1906,73.0229,0.0,25.3,98.0,2.6
2024-09-23T23:00,2024,Thane Mumbra,19.1906,73.0229,0.0,25.0,99.0,2.6
2024-09-24T00:00,2024,Thane Mumbra,19.1906,73.0229,0.0,24.7,99.0,3.1
2024-09-24T01:00,2024,Thane Mumbra,19.1906,73.0229,4.3,24.4,98.0,6.4
2024-09-24T02:00,2024,Thane Mumbra,19.1906,73.0229,1.2,24.5,97.0,2.9
2024-09-24T03:00,2024,Thane Mumbra,19.1906,73.0229,1.5,24.0,98.0,5.4
2024-09-24T04:00,2024,Thane Mumbra,19.1906,73.0229,5.2,23.9,99.0,6.4
2024-09-24T05:00,2024,Thane Mumbra,19.1906,73.0229,0.6,23.9,98.0,4.3
2024-09-24T06:00,2024,Thane Mumbra,19.1906,73.0229,0.4,24.4,96.0,1.8
2024-09-24T07:00,2024,Thane Mumbra,19.1906,73.0229,1.5,24.7,96.0,2.2
2024-09-24T08:00,2024,Thane Mumbra,19.1906,73.0229,2.1,25.7,93.0,5.2
2024-09-24T09:00,2024,Thane Mumbra,19.1906,73.0229,4.0,26.1,89.0,3.6
2024-09-24T10:00,2024,Thane Mumbra,19.1906,73.0229,0.1,26.6,86.0,7.6
2024-09-24T11:00,2024,Thane Mumbra,19.1906,73.0229,0.1,28.1,82.0,6.3
2024-09-24T12:00,2024,Thane Mumbra,19.1906,73.0229,0.1,28.7,79.0,7.6
2024-09-24T13:00,2024,Thane Mumbra,19.1906,73.0229,0.0,29.9,78.0,7.6
2024-09-24T14:00,2024,Thane Mumbra,19.1906,73.0229,0.0,30.4,76.0,10.5
2024-09-24T15:00,2024,Thane Mumbra,19.1906,73.0229,0.2,29.6,79.0,10.5
2024-09-24T16:00,2024,Thane Mumbra,19.1906,73.0229,2.9,28.6,81.0,15.3
2024-09-24T17:00,2024,Thane Mumbra,19.1906,73.0229,3.4,27.8,87.0,11.3
2024-09-24T18:00,2024,Thane Mumbra,19.1906,73.0229,1.9,26.4,92.0,6.3
2024-09-24T19:00,2024,Thane Mumbra,19.1906,73.0229,3.2,25.5,95.0,1.0
2024-09-24T20:00,2024,Thane Mumbra,19.1906,73.0229,1.3,25.4,96.0,1.5
2024-09-24T21:00,2024,Thane Mumbra,19.1906,73.0229,6.2,24.9,98.0,3.6
2024-09-24T22:00,2024,Thane Mumbra,19.1906,73.0229,0.1,25.1,97.0,3.1
2024-09-24T23:00,2024,Thane Mumbra,19.1906,73.0229,0.1,25.1,97.0,1.9
2024-09-25T00:00,2024,Thane Mumbra,19.1906,73.0229,0.1,25.1,97.0,1.9
2024-09-25T01:00,2024,Thane Mumbra,19.1906,73.0229,0.0,25.0,98.0,1.0
2024-09-25T02:00,2024,Thane Mumbra,19.1906,73.0229,1.6,24.7,98.0,2.0
2024-09-25T03:00,2024,Thane Mumbra,19.1906,73.0229,3.1,24.6,99.0,2.3
2024-09-25T04:00,2024,Thane Mumbra,19.1906,73.0229,6.2,24.4,99.0,3.8
2024-09-25T05:00,2024,Thane Mumbra,19.1906,73.0229,3.6,24.5,98.0,3.0
2024-09-25T06:00,2024,Thane Mumbra,19.1906,73.0229,0.3,25.7,95.0,3.9
2024-09-25T07:00,2024,Thane Mumbra,19.1906,73.0229,0.3,25.6,96.0,4.7
2024-09-25T08:00,2024,Thane Mumbra,19.1906,73.0229,0.2,26.3,93.0,2.9
2024-09-25T09:00,2024,Thane Mumbra,19.1906,73.0229,0.2,27.4,90.0,1.8
2024-09-25T10:00,2024,Thane Mumbra,19.1906,73.0229,0.5,28.1,86.0,5.0
2024-09-25T11:00,2024,Thane Mumbra,19.1906,73.0229,9.6,26.8,90.0,6.0
2024-09-25T12:00,2024,Thane Mumbra,19.1906,73.0229,2.2,27.2,89.0,5.8
2024-09-25T13:00,2024,Thane Mumbra,19.1906,73.0229,0.6,27.9,88.0,8.3
2024-09-25T14:00,2024,Thane Mumbra,19.1906,73.0229,3.4,27.4,88.0,13.7
2024-09-25T15:00,2024,Thane Mumbra,19.1906,73.0229,1.8,27.5,85.0,12.9
2024-09-25T16:00,2024,Thane Mumbra,19.1906,73.0229,1.2,26.2,92.0,11.4
2024-09-25T17:00,2024,Thane Mumbra,19.1906,73.0229,1.0,26.0,94.0,12.7
2024-09-25T18:00,2024,Thane Mumbra,19.1906,73.0229,1.1,25.9,95.0,5.2
2024-09-25T19:00,2024,Thane Mumbra,19.1906,73.0229,2.6,25.4,95.0,3.2
2024-09-25T20:00,2024,Thane Mumbra,19.1906,73.0229,2.0,25.3,96.0,2.3
2024-09-25T21:00,2024,Thane Mumbra,19.1906,73.0229,1.6,25.3,97.0,1.5
2024-09-25T22:00,2024,Thane Mumbra,19.1906,73.0229,1.4,25.2,97.0,2.4
2024-09-25T23:00,2024,Thane Mumbra,19.1906,73.0229,1.8,25.0,97.0,2.3
2024-09-26T00:00,2024,Thane Mumbra,19.1906,73.0229,1.8,24.8,97.0,3.9
2024-09-26T01:00,2024,Thane Mumbra,19.1906,73.0229,1.9,24.7,98.0,2.3
2024-09-26T02:00,2024,Thane Mumbra,19.1906,73.0229,1.7,24.6,98.0,2.7
2024-09-26T03:00,2024,Thane Mumbra,19.1906,73.0229,1.1,24.6,98.0,3.4
2024-09-26T04:00,2024,Thane Mumbra,19.1906,73.0229,1.0,24.5,99.0,1.6
2024-09-26T05:00,2024,Thane Mumbra,19.1906,73.0229,0.4,24.4,99.0,0.8
2024-09-26T06:00,2024,Thane Mumbra,19.1906,73.0229,0.4,24.3,98.0,1.9
2024-09-26T07:00,2024,Thane Mumbra,19.1906,73.0229,0.4,24.5,99.0,5.8
2024-09-26T08:00,2024,Thane Mumbra,19.1906,73.0229,0.3,25.5,94.0,3.7
2024-09-26T09:00,2024,Thane Mumbra,19.1906,73.0229,0.3,26.2,91.0,2.4
2024-09-26T10:00,2024,Thane Mumbra,19.1906,73.0229,0.8,26.5,90.0,4.5
2024-09-26T11:00,2024,Thane Mumbra,19.1906,73.0229,0.6,26.3,91.0,4.2
2024-09-26T12:00,2024,Thane Mumbra,19.1906,73.0229,0.3,26.6,90.0,7.7
2024-09-26T13:00,2024,Thane Mumbra,19.1906,73.0229,0.3,26.9,89.0,9.0
2024-09-26T14:00,2024,Thane Mumbra,19.1906,73.0229,0.4,27.3,88.0,8.5
2024-09-26T15:00,2024,Thane Mumbra,19.1906,73.0229,0.6,27.2,88.0,11.2
2024-09-26T16:00,2024,Thane Mumbra,19.1906,73.0229,0.5,26.7,90.0,13.2
2024-09-26T17:00,2024,Thane Mumbra,19.1906,73.0229,0.2,26.3,92.0,10.2
2024-09-26T18:00,2024,Thane Mumbra,19.1906,73.0229,1.7,25.7,94.0,10.0
2024-09-26T19:00,2024,Thane Mumbra,19.1906,73.0229,2.7,25.5,95.0,10.0
2024-09-26T20:00,2024,Thane Mumbra,19.1906,73.0229,3.0,25.3,95.0,8.4
2024-09-26T21:00,2024,Thane Mumbra,19.1906,73.0229,2.0,25.4,95.0,10.7
2024-09-26T22:00,2024,Thane Mumbra,19.1906,73.0229,1.1,25.5,93.0,12.2
2024-09-26T23:00,2024,Thane Mumbra,19.1906,73.0229,1.2,25.5,94.0,15.0
2024-09-27T00:00,2024,Thane Mumbra,19.1906,73.0229,0.6,25.6,93.0,15.9
2024-09-27T01:00,2024,Thane Mumbra,19.1906,73.0229,1.6,25.6,91.0,15.9
2024-09-27T02:00,2024,Thane Mumbra,19.1906,73.0229,0.6,25.6,92.0,16.5
2024-09-27T03:00,2024,Thane Mumbra,19.1906,73.0229,1.4,25.7,93.0,18.1
2024-09-27T04:00,2024,Thane Mumbra,19.1906,73.0229,1.2,25.5,93.0,17.2
2024-09-27T05:00,2024,Thane Mumbra,19.1906,73.0229,4.2,25.6,93.0,20.4
2024-09-27T06:00,2024,Thane Mumbra,19.1906,73.0229,1.2,25.3,93.0,17.9
2024-09-27T07:00,2024,Thane Mumbra,19.1906,73.0229,1.8,25.5,93.0,18.1
2024-09-27T08:00,2024,Thane Mumbra,19.1906,73.0229,1.8,25.7,92.0,19.7
2024-09-27T09:00,2024,Thane Mumbra,19.1906,73.0229,3.1,25.9,92.0,19.6
2024-09-27T10:00,2024,Thane Mumbra,19.1906,73.0229,4.2,25.9,92.0,18.9
2024-09-27T11:00,2024,Thane Mumbra,19.1906,73.0229,4.7,26.0,92.0,20.3
2024-09-27T12:00,2024,Thane Mumbra,19.1906,73.0229,5.4,26.0,93.0,20.9
2024-09-27T13:00,2024,Thane Mumbra,19.1906,73.0229,0.5,26.7,90.0,19.3
2024-09-27T14:00,2024,Thane Mumbra,19.1906,73.0229,1.5,26.8,90.0,20.2
2024-09-27T15:00,2024,Thane Mumbra,19.1906,73.0229,0.7,26.7,88.0,19.4
2024-09-27T16:00,2024,Thane Mumbra,19.1906,73.0229,0.3,26.7,85.0,19.0
2024-09-27T17:00,2024,Thane Mumbra,19.1906,73.0229,0.1,26.8,85.0,17.8
2024-09-27T18:00,2024,Thane Mumbra,19.1906,73.0229,7.2,25.3,93.0,15.1
2024-09-27T19:00,2024,Thane Mumbra,19.1906,73.0229,5.5,25.4,93.0,17.3
2024-09-27T20:00,2024,Thane Mumbra,19.1906,73.0229,0.6,25.5,93.0,15.1
2024-09-27T21:00,2024,Thane Mumbra,19.1906,73.0229,1.0,25.3,93.0,11.0
2024-09-27T22:00,2024,Thane Mumbra,19.1906,73.0229,0.6,25.5,92.0,13.3
2024-09-27T23:00,2024,Thane Mumbra,19.1906,73.0229,0.4,25.5,93.0,13.5
2024-09-28T00:00,2024,Thane Mumbra,19.1906,73.0229,0.5,25.6,93.0,11.0
2024-09-28T01:00,2024,Thane Mumbra,19.1906,73.0229,0.7,25.5,93.0,10.7
2024-09-28T02:00,2024,Thane Mumbra,19.1906,73.0229,0.2,25.5,90.0,9.2
2024-09-28T03:00,2024,Thane Mumbra,19.1906,73.0229,0.0,25.5,90.0,9.0
2024-09-28T04:00,2024,Thane Mumbra,19.1906,73.0229,0.0,25.4,89.0,10.6
2024-09-28T05:00,2024,Thane Mumbra,19.1906,73.0229,0.0,25.0,92.0,12.0
2024-09-28T06:00,2024,Thane Mumbra,19.1906,73.0229,0.1,24.7,95.0,5.0
2024-09-28T07:00,2024,Thane Mumbra,19.1906,73.0229,0.5,25.6,91.0,7.3
2024-09-28T08:00,2024,Thane Mumbra,19.1906,73.0229,0.2,26.3,88.0,11.6
2024-09-28T09:00,2024,Thane Mumbra,19.1906,73.0229,0.8,26.5,87.0,12.6
2024-09-28T10:00,2024,Thane Mumbra,19.1906,73.0229,0.1,27.4,84.0,11.5
2024-09-28T11:00,2024,Thane Mumbra,19.1906,73.0229,0.1,28.7,78.0,14.7
2024-09-28T12:00,2024,Thane Mumbra,19.1906,73.0229,0.2,28.5,78.0,15.6
2024-09-28T13:00,2024,Thane Mumbra,19.1906,73.0229,0.0,28.9,78.0,16.5
2024-09-28T14:00,2024,Thane Mumbra,19.1906,73.0229,0.8,27.9,81.0,16.0
2024-09-28T15:00,2024,Thane Mumbra,19.1906,73.0229,0.3,27.7,78.0,17.0
2024-09-28T16:00,2024,Thane Mumbra,19.1906,73.0229,0.3,27.7,80.0,15.0
2024-09-28T17:00,2024,Thane Mumbra,19.1906,73.0229,0.0,27.3,84.0,12.6
2024-09-28T18:00,2024,Thane Mumbra,19.1906,73.0229,0.3,25.9,90.0,4.0
2024-09-28T19:00,2024,Thane Mumbra,19.1906,73.0229,0.6,25.5,93.0,5.9
2024-09-28T20:00,2024,Thane Mumbra,19.1906,73.0229,0.1,25.4,93.0,5.9
2024-09-28T21:00,2024,Thane Mumbra,19.1906,73.0229,0.0,25.1,94.0,5.4
2024-09-28T22:00,2024,Thane Mumbra,19.1906,73.0229,0.0,24.8,96.0,4.7
2024-09-28T23:00,2024,Thane Mumbra,19.1906,73.0229,0.1,24.8,96.0,6.8
2024-09-29T00:00,2024,Thane Mumbra,19.1906,73.0229,0.1,24.8,96.0,7.4
2024-09-29T01:00,2024,Thane Mumbra,19.1906,73.0229,0.1,24.7,96.0,7.4
2024-09-29T02:00,2024,Thane Mumbra,19.1906,73.0229,0.0,24.4,97.0,7.6
2024-09-29T03:00,2024,Thane Mumbra,19.1906,73.0229,0.0,24.2,97.0,8.6
2024-09-29T04:00,2024,Thane Mumbra,19.1906,73.0229,0.0,24.2,97.0,9.3
2024-09-29T05:00,2024,Thane Mumbra,19.1906,73.0229,0.0,24.2,96.0,9.1
2024-09-29T06:00,2024,Thane Mumbra,19.1906,73.0229,0.0,24.5,95.0,11.9
2024-09-29T07:00,2024,Thane Mumbra,19.1906,73.0229,0.0,25.2,93.0,11.7
2024-09-29T08:00,2024,Thane Mumbra,19.1906,73.0229,0.1,26.1,89.0,13.1
2024-09-29T09:00,2024,Thane Mumbra,19.1906,73.0229,0.3,27.2,86.0,11.2
2024-09-29T10:00,2024,Thane Mumbra,19.1906,73.0229,0.1,28.5,82.0,11.4
2024-09-29T11:00,2024,Thane Mumbra,19.1906,73.0229,0.1,29.4,78.0,12.0
2024-09-29T12:00,2024,Thane Mumbra,19.1906,73.0229,0.8,28.1,79.0,15.0
2024-09-29T13:00,2024,Thane Mumbra,19.1906,73.0229,0.7,28.7,80.0,11.1
2024-09-29T14:00,2024,Thane Mumbra,19.1906,73.0229,0.3,29.1,77.0,13.1
2024-09-29T15:00,2024,Thane Mumbra,19.1906,73.0229,0.2,28.9,78.0,11.3
2024-09-29T16:00,2024,Thane Mumbra,19.1906,73.0229,0.1,28.1,82.0,10.4
2024-09-29T17:00,2024,Thane Mumbra,19.1906,73.0229,0.1,27.7,83.0,8.5
2024-09-29T18:00,2024,Thane Mumbra,19.1906,73.0229,0.0,27.1,85.0,5.4
2024-09-29T19:00,2024,Thane Mumbra,19.1906,73.0229,0.0,25.9,93.0,5.1
2024-09-29T20:00,2024,Thane Mumbra,19.1906,73.0229,0.0,25.7,93.0,3.5
2024-09-29T21:00,2024,Thane Mumbra,19.1906,73.0229,0.0,25.1,95.0,2.8
2024-09-29T22:00,2024,Thane Mumbra,19.1906,73.0229,0.0,24.8,97.0,3.2
2024-09-29T23:00,2024,Thane Mumbra,19.1906,73.0229,0.0,24.7,96.0,3.3
2024-09-30T00:00,2024,Thane Mumbra,19.1906,73.0229,0.0,24.9,95.0,2.0
2024-09-30T01:00,2024,Thane Mumbra,19.1906,73.0229,0.0,24.5,97.0,2.8
2024-09-30T02:00,2024,Thane Mumbra,19.1906,73.0229,0.0,24.0,100.0,2.2
2024-09-30T03:00,2024,Thane Mumbra,19.1906,73.0229,0.0,24.1,99.0,4.0
2024-09-30T04:00,2024,Thane Mumbra,19.1906,73.0229,0.0,24.2,99.0,3.6
2024-09-30T05:00,2024,Thane Mumbra,19.1906,73.0229,0.0,24.1,99.0,2.5
2024-09-30T06:00,2024,Thane Mumbra,19.1906,73.0229,0.0,24.2,99.0,2.2
2024-09-30T07:00,2024,Thane Mumbra,19.1906,73.0229,0.0,24.9,97.0,3.4
2024-09-30T08:00,2024,Thane Mumbra,19.1906,73.0229,0.0,26.8,89.0,4.0
2024-09-30T09:00,2024,Thane Mumbra,19.1906,73.0229,0.1,28.3,82.0,3.1
2024-09-30T10:00,2024,Thane Mumbra,19.1906,73.0229,0.3,29.3,76.0,1.9
2024-09-30T11:00,2024,Thane Mumbra,19.1906,73.0229,0.3,29.9,74.0,3.8
2024-09-30T12:00,2024,Thane Mumbra,19.1906,73.0229,0.3,30.5,72.0,5.5
2024-09-30T13:00,2024,Thane Mumbra,19.1906,73.0229,0.4,30.8,72.0,6.6
2024-09-30T14:00,2024,Thane Mumbra,19.1906,73.0229,0.3,30.7,72.0,8.5
2024-09-30T15:00,2024,Thane Mumbra,19.1906,73.0229,0.2,30.4,73.0,9.8
2024-09-30T16:00,2024,Thane Mumbra,19.1906,73.0229,0.3,29.7,75.0,10.4
2024-09-30T17:00,2024,Thane Mumbra,19.1906,73.0229,0.2,29.1,79.0,9.0
2024-09-30T18:00,2024,Thane Mumbra,19.1906,73.0229,0.0,28.0,85.0,10.2
2024-09-30T19:00,2024,Thane Mumbra,19.1906,73.0229,0.0,27.0,89.0,7.9
2024-09-30T20:00,2024,Thane Mumbra,19.1906,73.0229,0.0,26.3,93.0,4.8
2024-09-30T21:00,2024,Thane Mumbra,19.1906,73.0229,0.0,25.6,96.0,4.9
2024-09-30T22:00,2024,Thane Mumbra,19.1906,73.0229,0.0,25.3,96.0,6.0
2024-09-30T23:00,2024,Thane Mumbra,19.1906,73.0229,0.0,25.7,95.0,5.2
