timestamp,spot_id,sensor_id,measured_water_depth_cm,surface_water_velocity_mps,alarm_status,battery_health_pct
2024-07-01 00:00:00,WLS_HND_01,SENS_WLS_HND_01,0.0,0.0,Green - Normal,97
2024-07-01 00:00:00,WLS_GND_02,SENS_WLS_GND_02,0.0,0.0,Green - Normal,97
2024-07-01 00:00:00,WLS_MLN_03,SENS_WLS_MLN_03,0.0,0.0,Green - Normal,88
2024-07-01 00:00:00,WLS_AND_04,SENS_WLS_AND_04,0.0,0.0,Green - Normal,99
2024-07-01 00:00:00,WLS_KHR_05,SENS_WLS_KHR_05,0.0,0.0,Green - Normal,100
2024-07-01 00:00:00,WLS_KRL_06,SENS_WLS_KRL_06,0.0,0.0,Green - Normal,89
2024-07-01 00:00:00,WLS_SIO_07,SENS_WLS_SIO_07,0.0,0.0,Green - Normal,97
2024-07-01 00:00:00,WLS_DDR_08,SENS_WLS_DDR_08,0.0,0.0,Green - Normal,96
2024-07-01 00:00:00,WLS_CHM_09,SENS_WLS_CHM_09,0.0,0.0,Green - Normal,89
2024-07-01 00:00:00,WLS_MLD_10,SENS_WLS_MLD_10,0.0,0.0,Green - Normal,98
2024-07-01 00:00:00,WLS_DHS_11,SENS_WLS_DHS_11,0.0,0.0,Green - Normal,100
2024-07-01 00:00:00,WLS_CHN_12,SENS_WLS_CHN_12,0.0,0.0,Green - Normal,99
2024-07-01 00:00:00,WLS_WRL_13,SENS_WLS_WRL_13,0.0,0.0,Green - Normal,95
2024-07-01 00:00:00,WLS_BYC_14,SENS_WLS_BYC_14,0.0,0.0,Green - Normal,95
2024-07-01 00:00:00,WLS_MNK_15,SENS_WLS_MNK_15,0.0,0.0,Green - Normal,94
2024-07-01 01:00:00,WLS_HND_01,SENS_WLS_HND_01,0.0,0.0,Green - Normal,96
2024-07-01 01:00:00,WLS_GND_02,SENS_WLS_GND_02,0.0,0.0,Green - Normal,92
2024-07-01 01:00:00,WLS_MLN_03,SENS_WLS_MLN_03,0.0,0.0,Green - Normal,93
2024-07-01 01:00:00,WLS_AND_04,SENS_WLS_AND_04,0.0,0.0,Green - Normal,94
2024-07-01 01:00:00,WLS_KHR_05,SENS_WLS_KHR_05,0.0,0.0,Green - Normal,88
2024-07-01 01:00:00,WLS_KRL_06,SENS_WLS_KRL_06,0.0,0.0,Green - Normal,95
2024-07-01 01:00:00,WLS_SIO_07,SENS_WLS_SIO_07,0.0,0.0,Green - Normal,90
2024-07-01 01:00:00,WLS_DDR_08,SENS_WLS_DDR_08,0.0,0.0,Green - Normal,88
2024-07-01 01:00:00,WLS_CHM_09,SENS_WLS_CHM_09,0.0,0.0,Green - Normal,89
2024-07-01 01:00:00,WLS_MLD_10,SENS_WLS_MLD_10,0.0,0.0,Green - Normal,97
2024-07-01 01:00:00,WLS_DHS_11,SENS_WLS_DHS_11,0.0,0.0,Green - Normal,90
2024-07-01 01:00:00,WLS_CHN_12,SENS_WLS_CHN_12,0.0,0.0,Green - Normal,95
2024-07-01 01:00:00,WLS_WRL_13,SENS_WLS_WRL_13,0.0,0.0,Green - Normal,89
2024-07-01 01:00:00,WLS_BYC_14,SENS_WLS_BYC_14,0.0,0.0,Green - Normal,90
2024-07-01 01:00:00,WLS_MNK_15,SENS_WLS_MNK_15,0.0,0.0,Green - Normal,94
2024-07-01 02:00:00,WLS_HND_01,SENS_WLS_HND_01,0.0,0.0,Green - Normal,97
2024-07-01 02:00:00,WLS_GND_02,SENS_WLS_GND_02,0.0,0.0,Green - Normal,93
2024-07-01 02:00:00,WLS_MLN_03,SENS_WLS_MLN_03,0.0,0.0,Green - Normal,90
2024-07-01 02:00:00,WLS_AND_04,SENS_WLS_AND_04,0.0,0.0,Green - Normal,97
2024-07-01 02:00:00,WLS_KHR_05,SENS_WLS_KHR_05,0.0,0.0,Green - Normal,99
2024-07-01 02:00:00,WLS_KRL_06,SENS_WLS_KRL_06,0.0,0.0,Green - Normal,95
2024-07-01 02:00:00,WLS_SIO_07,SENS_WLS_SIO_07,0.0,0.0,Green - Normal,88
2024-07-01 02:00:00,WLS_DDR_08,SENS_WLS_DDR_08,0.0,0.0,Green - Normal,88
2024-07-01 02:00:00,WLS_CHM_09,SENS_WLS_CHM_09,0.0,0.0,Green - Normal,98
2024-07-01 02:00:00,WLS_MLD_10,SENS_WLS_MLD_10,0.0,0.0,Green - Normal,98
2024-07-01 02:00:00,WLS_DHS_11,SENS_WLS_DHS_11,0.0,0.0,Green - Normal,89
2024-07-01 02:00:00,WLS_CHN_12,SENS_WLS_CHN_12,0.0,0.0,Green - Normal,98
2024-07-01 02:00:00,WLS_WRL_13,SENS_WLS_WRL_13,0.0,0.0,Green - Normal,88
2024-07-01 02:00:00,WLS_BYC_14,SENS_WLS_BYC_14,0.0,0.0,Green - Normal,98
2024-07-01 02:00:00,WLS_MNK_15,SENS_WLS_MNK_15,0.0,0.0,Green - Normal,93
2024-07-01 03:00:00,WLS_HND_01,SENS_WLS_HND_01,0.0,0.0,Green - Normal,100
2024-07-01 03:00:00,WLS_GND_02,SENS_WLS_GND_02,0.0,0.0,Green - Normal,93
2024-07-01 03:00:00,WLS_MLN_03,SENS_WLS_MLN_03,0.0,0.0,Green - Normal,97
2024-07-01 03:00:00,WLS_AND_04,SENS_WLS_AND_04,0.0,0.0,Green - Normal,89
2024-07-01 03:00:00,WLS_KHR_05,SENS_WLS_KHR_05,0.0,0.0,Green - Normal,100
2024-07-01 03:00:00,WLS_KRL_06,SENS_WLS_KRL_06,0.0,0.0,Green - Normal,97
2024-07-01 03:00:00,WLS_SIO_07,SENS_WLS_SIO_07,0.0,0.0,Green - Normal,96
2024-07-01 03:00:00,WLS_DDR_08,SENS_WLS_DDR_08,0.0,0.0,Green - Normal,100
2024-07-01 03:00:00,WLS_CHM_09,SENS_WLS_CHM_09,0.0,0.0,Green - Normal,97
2024-07-01 03:00:00,WLS_MLD_10,SENS_WLS_MLD_10,0.0,0.0,Green - Normal,97
2024-07-01 03:00:00,WLS_DHS_11,SENS_WLS_DHS_11,0.0,0.0,Green - Normal,93
2024-07-01 03:00:00,WLS_CHN_12,SENS_WLS_CHN_12,0.0,0.0,Green - Normal,89
2024-07-01 03:00:00,WLS_WRL_13,SENS_WLS_WRL_13,0.0,0.0,Green - Normal,88
2024-07-01 03:00:00,WLS_BYC_14,SENS_WLS_BYC_14,0.0,0.0,Green - Normal,90
2024-07-01 03:00:00,WLS_MNK_15,SENS_WLS_MNK_15,0.0,0.0,Green - Normal,93
2024-07-01 04:00:00,WLS_HND_01,SENS_WLS_HND_01,0.0,0.0,Green - Normal,95
2024-07-01 04:00:00,WLS_GND_02,SENS_WLS_GND_02,0.0,0.0,Green - Normal,91
2024-07-01 04:00:00,WLS_MLN_03,SENS_WLS_MLN_03,0.0,0.0,Green - Normal,93
2024-07-01 04:00:00,WLS_AND_04,SENS_WLS_AND_04,0.0,0.0,Green - Normal,95
2024-07-01 04:00:00,WLS_KHR_05,SENS_WLS_KHR_05,0.0,0.0,Green - Normal,99
2024-07-01 04:00:00,WLS_KRL_06,SENS_WLS_KRL_06,0.0,0.0,Green - Normal,90
2024-07-01 04:00:00,WLS_SIO_07,SENS_WLS_SIO_07,0.0,0.0,Green - Normal,91
2024-07-01 04:00:00,WLS_DDR_08,SENS_WLS_DDR_08,0.0,0.0,Green - Normal,98
2024-07-01 04:00:00,WLS_CHM_09,SENS_WLS_CHM_09,0.0,0.0,Green - Normal,89
2024-07-01 04:00:00,WLS_MLD_10,SENS_WLS_MLD_10,0.0,0.0,Green - Normal,93
2024-07-01 04:00:00,WLS_DHS_11,SENS_WLS_DHS_11,0.0,0.0,Green - Normal,99
2024-07-01 04:00:00,WLS_CHN_12,SENS_WLS_CHN_12,0.0,0.0,Green - Normal,91
2024-07-01 04:00:00,WLS_WRL_13,SENS_WLS_WRL_13,0.0,0.0,Green - Normal,90
2024-07-01 04:00:00,WLS_BYC_14,SENS_WLS_BYC_14,0.0,0.0,Green - Normal,95
2024-07-01 04:00:00,WLS_MNK_15,SENS_WLS_MNK_15,0.0,0.0,Green - Normal,98
2024-07-01 05:00:00,WLS_HND_01,SENS_WLS_HND_01,0.0,0.0,Green - Normal,95
2024-07-01 05:00:00,WLS_GND_02,SENS_WLS_GND_02,0.0,0.0,Green - Normal,90
2024-07-01 05:00:00,WLS_MLN_03,SENS_WLS_MLN_03,0.0,0.0,Green - Normal,95
2024-07-01 05:00:00,WLS_AND_04,SENS_WLS_AND_04,0.0,0.0,Green - Normal,88
2024-07-01 05:00:00,WLS_KHR_05,SENS_WLS_KHR_05,0.0,0.0,Green - Normal,92
2024-07-01 05:00:00,WLS_KRL_06,SENS_WLS_KRL_06,0.0,0.0,Green - Normal,88
2024-07-01 05:00:00,WLS_SIO_07,SENS_WLS_SIO_07,0.0,0.0,Green - Normal,100
2024-07-01 05:00:00,WLS_DDR_08,SENS_WLS_DDR_08,0.0,0.0,Green - Normal,97
2024-07-01 05:00:00,WLS_CHM_09,SENS_WLS_CHM_09,0.0,0.0,Green - Normal,100
2024-07-01 05:00:00,WLS_MLD_10,SENS_WLS_MLD_10,0.0,0.0,Green - Normal,93
2024-07-01 05:00:00,WLS_DHS_11,SENS_WLS_DHS_11,0.0,0.0,Green - Normal,93
2024-07-01 05:00:00,WLS_CHN_12,SENS_WLS_CHN_12,0.0,0.0,Green - Normal,98
2024-07-01 05:00:00,WLS_WRL_13,SENS_WLS_WRL_13,0.0,0.0,Green - Normal,98
2024-07-01 05:00:00,WLS_BYC_14,SENS_WLS_BYC_14,0.0,0.0,Green - Normal,98
2024-07-01 05:00:00,WLS_MNK_15,SENS_WLS_MNK_15,0.0,0.0,Green - Normal,98
2024-07-01 06:00:00,WLS_HND_01,SENS_WLS_HND_01,0.0,0.0,Green - Normal,92
2024-07-01 06:00:00,WLS_GND_02,SENS_WLS_GND_02,0.0,0.0,Green - Normal,100
2024-07-01 06:00:00,WLS_MLN_03,SENS_WLS_MLN_03,0.0,0.0,Green - Normal,90
2024-07-01 06:00:00,WLS_AND_04,SENS_WLS_AND_04,0.0,0.0,Green - Normal,98
2024-07-01 06:00:00,WLS_KHR_05,SENS_WLS_KHR_05,0.0,0.0,Green - Normal,95
2024-07-01 06:00:00,WLS_KRL_06,SENS_WLS_KRL_06,0.0,0.0,Green - Normal,95
2024-07-01 06:00:00,WLS_SIO_07,SENS_WLS_SIO_07,0.0,0.0,Green - Normal,88
2024-07-01 06:00:00,WLS_DDR_08,SENS_WLS_DDR_08,0.0,0.0,Green - Normal,93
2024-07-01 06:00:00,WLS_CHM_09,SENS_WLS_CHM_09,0.0,0.0,Green - Normal,88
2024-07-01 06:00:00,WLS_MLD_10,SENS_WLS_MLD_10,0.0,0.0,Green - Normal,93
2024-07-01 06:00:00,WLS_DHS_11,SENS_WLS_DHS_11,0.0,0.0,Green - Normal,96
2024-07-01 06:00:00,WLS_CHN_12,SENS_WLS_CHN_12,0.0,0.0,Green - Normal,95
2024-07-01 06:00:00,WLS_WRL_13,SENS_WLS_WRL_13,0.0,0.0,Green - Normal,88
2024-07-01 06:00:00,WLS_BYC_14,SENS_WLS_BYC_14,0.0,0.0,Green - Normal,92
2024-07-01 06:00:00,WLS_MNK_15,SENS_WLS_MNK_15,0.0,0.0,Green - Normal,88
2024-07-01 07:00:00,WLS_HND_01,SENS_WLS_HND_01,0.0,0.0,Green - Normal,91
2024-07-01 07:00:00,WLS_GND_02,SENS_WLS_GND_02,0.0,0.0,Green - Normal,95
2024-07-01 07:00:00,WLS_MLN_03,SENS_WLS_MLN_03,0.0,0.0,Green - Normal,91
2024-07-01 07:00:00,WLS_AND_04,SENS_WLS_AND_04,0.0,0.0,Green - Normal,92
2024-07-01 07:00:00,WLS_KHR_05,SENS_WLS_KHR_05,0.0,0.0,Green - Normal,99
2024-07-01 07:00:00,WLS_KRL_06,SENS_WLS_KRL_06,0.0,0.0,Green - Normal,90
2024-07-01 07:00:00,WLS_SIO_07,SENS_WLS_SIO_07,0.0,0.0,Green - Normal,97
2024-07-01 07:00:00,WLS_DDR_08,SENS_WLS_DDR_08,0.0,0.0,Green - Normal,98
2024-07-01 07:00:00,WLS_CHM_09,SENS_WLS_CHM_09,0.0,0.0,Green - Normal,98
2024-07-01 07:00:00,WLS_MLD_10,SENS_WLS_MLD_10,0.0,0.0,Green - Normal,89
2024-07-01 07:00:00,WLS_DHS_11,SENS_WLS_DHS_11,0.0,0.0,Green - Normal,88
2024-07-01 07:00:00,WLS_CHN_12,SENS_WLS_CHN_12,0.0,0.0,Green - Normal,89
2024-07-01 07:00:00,WLS_WRL_13,SENS_WLS_WRL_13,0.0,0.0,Green - Normal,96
2024-07-01 07:00:00,WLS_BYC_14,SENS_WLS_BYC_14,0.0,0.0,Green - Normal,99
2024-07-01 07:00:00,WLS_MNK_15,SENS_WLS_MNK_15,0.0,0.0,Green - Normal,99
2024-07-01 08:00:00,WLS_HND_01,SENS_WLS_HND_01,0.0,0.0,Green - Normal,88
2024-07-01 08:00:00,WLS_GND_02,SENS_WLS_GND_02,0.0,0.0,Green - Normal,89
2024-07-01 08:00:00,WLS_MLN_03,SENS_WLS_MLN_03,0.0,0.0,Green - Normal,90
2024-07-01 08:00:00,WLS_AND_04,SENS_WLS_AND_04,0.0,0.0,Green - Normal,100
2024-07-01 08:00:00,WLS_KHR_05,SENS_WLS_KHR_05,0.0,0.0,Green - Normal,88
2024-07-01 08:00:00,WLS_KRL_06,SENS_WLS_KRL_06,0.0,0.0,Green - Normal,97
2024-07-01 08:00:00,WLS_SIO_07,SENS_WLS_SIO_07,0.0,0.0,Green - Normal,100
2024-07-01 08:00:00,WLS_DDR_08,SENS_WLS_DDR_08,0.0,0.0,Green - Normal,98
2024-07-01 08:00:00,WLS_CHM_09,SENS_WLS_CHM_09,0.0,0.0,Green - Normal,92
2024-07-01 08:00:00,WLS_MLD_10,SENS_WLS_MLD_10,0.0,0.0,Green - Normal,92
2024-07-01 08:00:00,WLS_DHS_11,SENS_WLS_DHS_11,0.0,0.0,Green - Normal,92
2024-07-01 08:00:00,WLS_CHN_12,SENS_WLS_CHN_12,0.0,0.0,Green - Normal,92
2024-07-01 08:00:00,WLS_WRL_13,SENS_WLS_WRL_13,0.0,0.0,Green - Normal,95
2024-07-01 08:00:00,WLS_BYC_14,SENS_WLS_BYC_14,0.0,0.0,Green - Normal,93
2024-07-01 08:00:00,WLS_MNK_15,SENS_WLS_MNK_15,0.0,0.0,Green - Normal,89
2024-07-01 09:00:00,WLS_HND_01,SENS_WLS_HND_01,0.0,0.0,Green - Normal,93
2024-07-01 09:00:00,WLS_GND_02,SENS_WLS_GND_02,0.0,0.0,Green - Normal,93
2024-07-01 09:00:00,WLS_MLN_03,SENS_WLS_MLN_03,0.0,0.0,Green - Normal,97
2024-07-01 09:00:00,WLS_AND_04,SENS_WLS_AND_04,0.0,0.0,Green - Normal,92
2024-07-01 09:00:00,WLS_KHR_05,SENS_WLS_KHR_05,0.0,0.0,Green - Normal,91
2024-07-01 09:00:00,WLS_KRL_06,SENS_WLS_KRL_06,0.0,0.0,Green - Normal,89
2024-07-01 09:00:00,WLS_SIO_07,SENS_WLS_SIO_07,0.0,0.0,Green - Normal,90
2024-07-01 09:00:00,WLS_DDR_08,SENS_WLS_DDR_08,0.0,0.0,Green - Normal,93
2024-07-01 09:00:00,WLS_CHM_09,SENS_WLS_CHM_09,0.0,0.0,Green - Normal,92
2024-07-01 09:00:00,WLS_MLD_10,SENS_WLS_MLD_10,0.0,0.0,Green - Normal,89
2024-07-01 09:00:00,WLS_DHS_11,SENS_WLS_DHS_11,0.0,0.0,Green - Normal,98
2024-07-01 09:00:00,WLS_CHN_12,SENS_WLS_CHN_12,0.0,0.0,Green - Normal,90
2024-07-01 09:00:00,WLS_WRL_13,SENS_WLS_WRL_13,0.0,0.0,Green - Normal,97
2024-07-01 09:00:00,WLS_BYC_14,SENS_WLS_BYC_14,0.0,0.0,Green - Normal,100
2024-07-01 09:00:00,WLS_MNK_15,SENS_WLS_MNK_15,0.0,0.0,Green - Normal,96
2024-07-01 10:00:00,WLS_HND_01,SENS_WLS_HND_01,0.0,0.0,Green - Normal,97
2024-07-01 10:00:00,WLS_GND_02,SENS_WLS_GND_02,0.0,0.0,Green - Normal,96
2024-07-01 10:00:00,WLS_MLN_03,SENS_WLS_MLN_03,0.0,0.0,Green - Normal,98
2024-07-01 10:00:00,WLS_AND_04,SENS_WLS_AND_04,0.0,0.0,Green - Normal,99
2024-07-01 10:00:00,WLS_KHR_05,SENS_WLS_KHR_05,0.0,0.0,Green - Normal,96
2024-07-01 10:00:00,WLS_KRL_06,SENS_WLS_KRL_06,0.0,0.0,Green - Normal,88
2024-07-01 10:00:00,WLS_SIO_07,SENS_WLS_SIO_07,0.0,0.0,Green - Normal,98
2024-07-01 10:00:00,WLS_DDR_08,SENS_WLS_DDR_08,0.0,0.0,Green - Normal,91
2024-07-01 10:00:00,WLS_CHM_09,SENS_WLS_CHM_09,0.0,0.0,Green - Normal,92
2024-07-01 10:00:00,WLS_MLD_10,SENS_WLS_MLD_10,0.0,0.0,Green - Normal,89
2024-07-01 10:00:00,WLS_DHS_11,SENS_WLS_DHS_11,0.0,0.0,Green - Normal,92
2024-07-01 10:00:00,WLS_CHN_12,SENS_WLS_CHN_12,0.0,0.0,Green - Normal,100
2024-07-01 10:00:00,WLS_WRL_13,SENS_WLS_WRL_13,0.0,0.0,Green - Normal,100
2024-07-01 10:00:00,WLS_BYC_14,SENS_WLS_BYC_14,0.0,0.0,Green - Normal,94
2024-07-01 10:00:00,WLS_MNK_15,SENS_WLS_MNK_15,0.0,0.0,Green - Normal,93
2024-07-01 11:00:00,WLS_HND_01,SENS_WLS_HND_01,0.0,0.0,Green - Normal,93
2024-07-01 11:00:00,WLS_GND_02,SENS_WLS_GND_02,0.0,0.0,Green - Normal,92
2024-07-01 11:00:00,WLS_MLN_03,SENS_WLS_MLN_03,0.0,0.0,Green - Normal,97
2024-07-01 11:00:00,WLS_AND_04,SENS_WLS_AND_04,0.0,0.0,Green - Normal,100
2024-07-01 11:00:00,WLS_KHR_05,SENS_WLS_KHR_05,0.0,0.0,Green - Normal,93
2024-07-01 11:00:00,WLS_KRL_06,SENS_WLS_KRL_06,0.0,0.0,Green - Normal,100
2024-07-01 11:00:00,WLS_SIO_07,SENS_WLS_SIO_07,0.0,0.0,Green - Normal,91
2024-07-01 11:00:00,WLS_DDR_08,SENS_WLS_DDR_08,0.0,0.0,Green - Normal,97
2024-07-01 11:00:00,WLS_CHM_09,SENS_WLS_CHM_09,0.0,0.0,Green - Normal,88
2024-07-01 11:00:00,WLS_MLD_10,SENS_WLS_MLD_10,0.0,0.0,Green - Normal,88
2024-07-01 11:00:00,WLS_DHS_11,SENS_WLS_DHS_11,0.0,0.0,Green - Normal,95
2024-07-01 11:00:00,WLS_CHN_12,SENS_WLS_CHN_12,0.0,0.0,Green - Normal,90
2024-07-01 11:00:00,WLS_WRL_13,SENS_WLS_WRL_13,0.0,0.0,Green - Normal,88
2024-07-01 11:00:00,WLS_BYC_14,SENS_WLS_BYC_14,0.0,0.0,Green - Normal,93
2024-07-01 11:00:00,WLS_MNK_15,SENS_WLS_MNK_15,0.0,0.0,Green - Normal,90
2024-07-01 12:00:00,WLS_HND_01,SENS_WLS_HND_01,0.0,0.0,Green - Normal,93
2024-07-01 12:00:00,WLS_GND_02,SENS_WLS_GND_02,0.0,0.0,Green - Normal,98
2024-07-01 12:00:00,WLS_MLN_03,SENS_WLS_MLN_03,0.0,0.0,Green - Normal,90
2024-07-01 12:00:00,WLS_AND_04,SENS_WLS_AND_04,0.0,0.0,Green - Normal,99
2024-07-01 12:00:00,WLS_KHR_05,SENS_WLS_KHR_05,0.0,0.0,Green - Normal,100
2024-07-01 12:00:00,WLS_KRL_06,SENS_WLS_KRL_06,0.0,0.0,Green - Normal,88
2024-07-01 12:00:00,WLS_SIO_07,SENS_WLS_SIO_07,0.0,0.0,Green - Normal,93
2024-07-01 12:00:00,WLS_DDR_08,SENS_WLS_DDR_08,0.0,0.0,Green - Normal,94
2024-07-01 12:00:00,WLS_CHM_09,SENS_WLS_CHM_09,0.0,0.0,Green - Normal,98
2024-07-01 12:00:00,WLS_MLD_10,SENS_WLS_MLD_10,0.0,0.0,Green - Normal,100
2024-07-01 12:00:00,WLS_DHS_11,SENS_WLS_DHS_11,0.0,0.0,Green - Normal,90
2024-07-01 12:00:00,WLS_CHN_12,SENS_WLS_CHN_12,0.0,0.0,Green - Normal,98
2024-07-01 12:00:00,WLS_WRL_13,SENS_WLS_WRL_13,0.0,0.0,Green - Normal,88
2024-07-01 12:00:00,WLS_BYC_14,SENS_WLS_BYC_14,0.0,0.0,Green - Normal,93
2024-07-01 12:00:00,WLS_MNK_15,SENS_WLS_MNK_15,0.0,0.0,Green - Normal,100
2024-07-01 13:00:00,WLS_HND_01,SENS_WLS_HND_01,25.5,0.5,Amber Alert - Waterlogging,96
2024-07-01 13:00:00,WLS_GND_02,SENS_WLS_GND_02,20.3,0.97,Amber Alert - Waterlogging,99
2024-07-01 13:00:00,WLS_MLN_03,SENS_WLS_MLN_03,31.1,1.39,Amber Alert - Waterlogging,93
2024-07-01 13:00:00,WLS_AND_04,SENS_WLS_AND_04,35.7,1.24,Amber Alert - Waterlogging,99
2024-07-01 13:00:00,WLS_KHR_05,SENS_WLS_KHR_05,31.0,1.37,Amber Alert - Waterlogging,88
2024-07-01 13:00:00,WLS_KRL_06,SENS_WLS_KRL_06,14.8,0.81,Green - Normal,89
2024-07-01 13:00:00,WLS_SIO_07,SENS_WLS_SIO_07,20.1,1.16,Amber Alert - Waterlogging,98
2024-07-01 13:00:00,WLS_DDR_08,SENS_WLS_DDR_08,16.0,0.3,Amber Alert - Waterlogging,91
2024-07-01 13:00:00,WLS_CHM_09,SENS_WLS_CHM_09,12.1,0.6,Green - Normal,88
2024-07-01 13:00:00,WLS_MLD_10,SENS_WLS_MLD_10,32.7,0.55,Amber Alert - Waterlogging,91
2024-07-01 13:00:00,WLS_DHS_11,SENS_WLS_DHS_11,22.5,0.3,Amber Alert - Waterlogging,89
2024-07-01 13:00:00,WLS_CHN_12,SENS_WLS_CHN_12,20.9,1.37,Amber Alert - Waterlogging,90
2024-07-01 13:00:00,WLS_WRL_13,SENS_WLS_WRL_13,6.9,0.5,Green - Normal,90
2024-07-01 13:00:00,WLS_BYC_14,SENS_WLS_BYC_14,13.5,0.48,Green - Normal,88
2024-07-01 13:00:00,WLS_MNK_15,SENS_WLS_MNK_15,21.4,0.48,Amber Alert - Waterlogging,90
2024-07-01 14:00:00,WLS_HND_01,SENS_WLS_HND_01,0.0,0.0,Green - Normal,99
2024-07-01 14:00:00,WLS_GND_02,SENS_WLS_GND_02,0.0,0.0,Green - Normal,97
2024-07-01 14:00:00,WLS_MLN_03,SENS_WLS_MLN_03,0.0,0.0,Green - Normal,94
2024-07-01 14:00:00,WLS_AND_04,SENS_WLS_AND_04,0.0,0.0,Green - Normal,93
2024-07-01 14:00:00,WLS_KHR_05,SENS_WLS_KHR_05,0.0,0.0,Green - Normal,95
2024-07-01 14:00:00,WLS_KRL_06,SENS_WLS_KRL_06,0.0,0.0,Green - Normal,100
2024-07-01 14:00:00,WLS_SIO_07,SENS_WLS_SIO_07,0.0,0.0,Green - Normal,94
2024-07-01 14:00:00,WLS_DDR_08,SENS_WLS_DDR_08,0.0,0.0,Green - Normal,96
2024-07-01 14:00:00,WLS_CHM_09,SENS_WLS_CHM_09,0.0,0.0,Green - Normal,98
2024-07-01 14:00:00,WLS_MLD_10,SENS_WLS_MLD_10,0.0,0.0,Green - Normal,97
2024-07-01 14:00:00,WLS_DHS_11,SENS_WLS_DHS_11,0.0,0.0,Green - Normal,89
2024-07-01 14:00:00,WLS_CHN_12,SENS_WLS_CHN_12,0.0,0.0,Green - Normal,98
2024-07-01 14:00:00,WLS_WRL_13,SENS_WLS_WRL_13,0.0,0.0,Green - Normal,99
2024-07-01 14:00:00,WLS_BYC_14,SENS_WLS_BYC_14,0.0,0.0,Green - Normal,98
2024-07-01 14:00:00,WLS_MNK_15,SENS_WLS_MNK_15,0.0,0.0,Green - Normal,99
2024-07-01 15:00:00,WLS_HND_01,SENS_WLS_HND_01,0.0,0.0,Green - Normal,99
2024-07-01 15:00:00,WLS_GND_02,SENS_WLS_GND_02,0.0,0.0,Green - Normal,100
2024-07-01 15:00:00,WLS_MLN_03,SENS_WLS_MLN_03,0.0,0.0,Green - Normal,97
2024-07-01 15:00:00,WLS_AND_04,SENS_WLS_AND_04,0.0,0.0,Green - Normal,92
2024-07-01 15:00:00,WLS_KHR_05,SENS_WLS_KHR_05,0.0,0.0,Green - Normal,97
2024-07-01 15:00:00,WLS_KRL_06,SENS_WLS_KRL_06,0.0,0.0,Green - Normal,89
2024-07-01 15:00:00,WLS_SIO_07,SENS_WLS_SIO_07,0.0,0.0,Green - Normal,92
2024-07-01 15:00:00,WLS_DDR_08,SENS_WLS_DDR_08,0.0,0.0,Green - Normal,99
2024-07-01 15:00:00,WLS_CHM_09,SENS_WLS_CHM_09,0.0,0.0,Green - Normal,95
2024-07-01 15:00:00,WLS_MLD_10,SENS_WLS_MLD_10,0.0,0.0,Green - Normal,100
2024-07-01 15:00:00,WLS_DHS_11,SENS_WLS_DHS_11,0.0,0.0,Green - Normal,90
2024-07-01 15:00:00,WLS_CHN_12,SENS_WLS_CHN_12,0.0,0.0,Green - Normal,91
2024-07-01 15:00:00,WLS_WRL_13,SENS_WLS_WRL_13,0.0,0.0,Green - Normal,89
2024-07-01 15:00:00,WLS_BYC_14,SENS_WLS_BYC_14,0.0,0.0,Green - Normal,92
2024-07-01 15:00:00,WLS_MNK_15,SENS_WLS_MNK_15,0.0,0.0,Green - Normal,95
2024-07-01 16:00:00,WLS_HND_01,SENS_WLS_HND_01,0.0,0.0,Green - Normal,98
2024-07-01 16:00:00,WLS_GND_02,SENS_WLS_GND_02,0.0,0.0,Green - Normal,99
2024-07-01 16:00:00,WLS_MLN_03,SENS_WLS_MLN_03,0.0,0.0,Green - Normal,89
2024-07-01 16:00:00,WLS_AND_04,SENS_WLS_AND_04,0.0,0.0,Green - Normal,98
2024-07-01 16:00:00,WLS_KHR_05,SENS_WLS_KHR_05,0.0,0.0,Green - Normal,95
2024-07-01 16:00:00,WLS_KRL_06,SENS_WLS_KRL_06,0.0,0.0,Green - Normal,99
2024-07-01 16:00:00,WLS_SIO_07,SENS_WLS_SIO_07,0.0,0.0,Green - Normal,88
2024-07-01 16:00:00,WLS_DDR_08,SENS_WLS_DDR_08,0.0,0.0,Green - Normal,89
2024-07-01 16:00:00,WLS_CHM_09,SENS_WLS_CHM_09,0.0,0.0,Green - Normal,94
2024-07-01 16:00:00,WLS_MLD_10,SENS_WLS_MLD_10,0.0,0.0,Green - Normal,98
2024-07-01 16:00:00,WLS_DHS_11,SENS_WLS_DHS_11,0.0,0.0,Green - Normal,96
2024-07-01 16:00:00,WLS_CHN_12,SENS_WLS_CHN_12,0.0,0.0,Green - Normal,97
2024-07-01 16:00:00,WLS_WRL_13,SENS_WLS_WRL_13,0.0,0.0,Green - Normal,91
2024-07-01 16:00:00,WLS_BYC_14,SENS_WLS_BYC_14,0.0,0.0,Green - Normal,100
2024-07-01 16:00:00,WLS_MNK_15,SENS_WLS_MNK_15,0.0,0.0,Green - Normal,94
2024-07-01 17:00:00,WLS_HND_01,SENS_WLS_HND_01,0.0,0.0,Green - Normal,90
2024-07-01 17:00:00,WLS_GND_02,SENS_WLS_GND_02,0.0,0.0,Green - Normal,96
2024-07-01 17:00:00,WLS_MLN_03,SENS_WLS_MLN_03,0.0,0.0,Green - Normal,91
2024-07-01 17:00:00,WLS_AND_04,SENS_WLS_AND_04,0.0,0.0,Green - Normal,92
2024-07-01 17:00:00,WLS_KHR_05,SENS_WLS_KHR_05,0.0,0.0,Green - Normal,94
2024-07-01 17:00:00,WLS_KRL_06,SENS_WLS_KRL_06,0.0,0.0,Green - Normal,92
2024-07-01 17:00:00,WLS_SIO_07,SENS_WLS_SIO_07,0.0,0.0,Green - Normal,100
2024-07-01 17:00:00,WLS_DDR_08,SENS_WLS_DDR_08,0.0,0.0,Green - Normal,96
2024-07-01 17:00:00,WLS_CHM_09,SENS_WLS_CHM_09,0.0,0.0,Green - Normal,90
2024-07-01 17:00:00,WLS_MLD_10,SENS_WLS_MLD_10,0.0,0.0,Green - Normal,92
2024-07-01 17:00:00,WLS_DHS_11,SENS_WLS_DHS_11,0.0,0.0,Green - Normal,89
2024-07-01 17:00:00,WLS_CHN_12,SENS_WLS_CHN_12,0.0,0.0,Green - Normal,100
2024-07-01 17:00:00,WLS_WRL_13,SENS_WLS_WRL_13,0.0,0.0,Green - Normal,97
2024-07-01 17:00:00,WLS_BYC_14,SENS_WLS_BYC_14,0.0,0.0,Green - Normal,92
2024-07-01 17:00:00,WLS_MNK_15,SENS_WLS_MNK_15,0.0,0.0,Green - Normal,94
2024-07-01 18:00:00,WLS_HND_01,SENS_WLS_HND_01,0.0,0.0,Green - Normal,91
2024-07-01 18:00:00,WLS_GND_02,SENS_WLS_GND_02,0.0,0.0,Green - Normal,99
2024-07-01 18:00:00,WLS_MLN_03,SENS_WLS_MLN_03,0.0,0.0,Green - Normal,92
2024-07-01 18:00:00,WLS_AND_04,SENS_WLS_AND_04,0.0,0.0,Green - Normal,96
2024-07-01 18:00:00,WLS_KHR_05,SENS_WLS_KHR_05,0.0,0.0,Green - Normal,89
2024-07-01 18:00:00,WLS_KRL_06,SENS_WLS_KRL_06,0.0,0.0,Green - Normal,100
2024-07-01 18:00:00,WLS_SIO_07,SENS_WLS_SIO_07,0.0,0.0,Green - Normal,92
2024-07-01 18:00:00,WLS_DDR_08,SENS_WLS_DDR_08,0.0,0.0,Green - Normal,95
2024-07-01 18:00:00,WLS_CHM_09,SENS_WLS_CHM_09,0.0,0.0,Green - Normal,96
2024-07-01 18:00:00,WLS_MLD_10,SENS_WLS_MLD_10,0.0,0.0,Green - Normal,93
2024-07-01 18:00:00,WLS_DHS_11,SENS_WLS_DHS_11,0.0,0.0,Green - Normal,91
2024-07-01 18:00:00,WLS_CHN_12,SENS_WLS_CHN_12,0.0,0.0,Green - Normal,98
2024-07-01 18:00:00,WLS_WRL_13,SENS_WLS_WRL_13,0.0,0.0,Green - Normal,91
2024-07-01 18:00:00,WLS_BYC_14,SENS_WLS_BYC_14,0.0,0.0,Green - Normal,92
2024-07-01 18:00:00,WLS_MNK_15,SENS_WLS_MNK_15,0.0,0.0,Green - Normal,97
2024-07-01 19:00:00,WLS_HND_01,SENS_WLS_HND_01,0.0,0.0,Green - Normal,99
2024-07-01 19:00:00,WLS_GND_02,SENS_WLS_GND_02,0.0,0.0,Green - Normal,91
2024-07-01 19:00:00,WLS_MLN_03,SENS_WLS_MLN_03,0.0,0.0,Green - Normal,88
2024-07-01 19:00:00,WLS_AND_04,SENS_WLS_AND_04,0.0,0.0,Green - Normal,98
2024-07-01 19:00:00,WLS_KHR_05,SENS_WLS_KHR_05,0.0,0.0,Green - Normal,96
2024-07-01 19:00:00,WLS_KRL_06,SENS_WLS_KRL_06,0.0,0.0,Green - Normal,91
2024-07-01 19:00:00,WLS_SIO_07,SENS_WLS_SIO_07,0.0,0.0,Green - Normal,96
2024-07-01 19:00:00,WLS_DDR_08,SENS_WLS_DDR_08,0.0,0.0,Green - Normal,97
2024-07-01 19:00:00,WLS_CHM_09,SENS_WLS_CHM_09,0.0,0.0,Green - Normal,99
2024-07-01 19:00:00,WLS_MLD_10,SENS_WLS_MLD_10,0.0,0.0,Green - Normal,89
2024-07-01 19:00:00,WLS_DHS_11,SENS_WLS_DHS_11,0.0,0.0,Green - Normal,95
2024-07-01 19:00:00,WLS_CHN_12,SENS_WLS_CHN_12,0.0,0.0,Green - Normal,99
2024-07-01 19:00:00,WLS_WRL_13,SENS_WLS_WRL_13,0.0,0.0,Green - Normal,93
2024-07-01 19:00:00,WLS_BYC_14,SENS_WLS_BYC_14,0.0,0.0,Green - Normal,92
2024-07-01 19:00:00,WLS_MNK_15,SENS_WLS_MNK_15,0.0,0.0,Green - Normal,95
2024-07-01 20:00:00,WLS_HND_01,SENS_WLS_HND_01,0.0,0.0,Green - Normal,89
2024-07-01 20:00:00,WLS_GND_02,SENS_WLS_GND_02,0.0,0.0,Green - Normal,97
2024-07-01 20:00:00,WLS_MLN_03,SENS_WLS_MLN_03,0.0,0.0,Green - Normal,94
2024-07-01 20:00:00,WLS_AND_04,SENS_WLS_AND_04,0.0,0.0,Green - Normal,90
2024-07-01 20:00:00,WLS_KHR_05,SENS_WLS_KHR_05,0.0,0.0,Green - Normal,91
2024-07-01 20:00:00,WLS_KRL_06,SENS_WLS_KRL_06,0.0,0.0,Green - Normal,98
2024-07-01 20:00:00,WLS_SIO_07,SENS_WLS_SIO_07,0.0,0.0,Green - Normal,93
2024-07-01 20:00:00,WLS_DDR_08,SENS_WLS_DDR_08,0.0,0.0,Green - Normal,100
2024-07-01 20:00:00,WLS_CHM_09,SENS_WLS_CHM_09,0.0,0.0,Green - Normal,91
2024-07-01 20:00:00,WLS_MLD_10,SENS_WLS_MLD_10,0.0,0.0,Green - Normal,93
2024-07-01 20:00:00,WLS_DHS_11,SENS_WLS_DHS_11,0.0,0.0,Green - Normal,95
2024-07-01 20:00:00,WLS_CHN_12,SENS_WLS_CHN_12,0.0,0.0,Green - Normal,93
2024-07-01 20:00:00,WLS_WRL_13,SENS_WLS_WRL_13,0.0,0.0,Green - Normal,91
2024-07-01 20:00:00,WLS_BYC_14,SENS_WLS_BYC_14,0.0,0.0,Green - Normal,100
2024-07-01 20:00:00,WLS_MNK_15,SENS_WLS_MNK_15,0.0,0.0,Green - Normal,88
2024-07-01 21:00:00,WLS_HND_01,SENS_WLS_HND_01,0.0,0.0,Green - Normal,88
2024-07-01 21:00:00,WLS_GND_02,SENS_WLS_GND_02,0.0,0.0,Green - Normal,89
2024-07-01 21:00:00,WLS_MLN_03,SENS_WLS_MLN_03,0.0,0.0,Green - Normal,98
2024-07-01 21:00:00,WLS_AND_04,SENS_WLS_AND_04,0.0,0.0,Green - Normal,90
2024-07-01 21:00:00,WLS_KHR_05,SENS_WLS_KHR_05,0.0,0.0,Green - Normal,96
2024-07-01 21:00:00,WLS_KRL_06,SENS_WLS_KRL_06,0.0,0.0,Green - Normal,97
2024-07-01 21:00:00,WLS_SIO_07,SENS_WLS_SIO_07,0.0,0.0,Green - Normal,94
2024-07-01 21:00:00,WLS_DDR_08,SENS_WLS_DDR_08,0.0,0.0,Green - Normal,95
2024-07-01 21:00:00,WLS_CHM_09,SENS_WLS_CHM_09,0.0,0.0,Green - Normal,91
2024-07-01 21:00:00,WLS_MLD_10,SENS_WLS_MLD_10,0.0,0.0,Green - Normal,91
2024-07-01 21:00:00,WLS_DHS_11,SENS_WLS_DHS_11,0.0,0.0,Green - Normal,100
2024-07-01 21:00:00,WLS_CHN_12,SENS_WLS_CHN_12,0.0,0.0,Green - Normal,92
2024-07-01 21:00:00,WLS_WRL_13,SENS_WLS_WRL_13,0.0,0.0,Green - Normal,97
2024-07-01 21:00:00,WLS_BYC_14,SENS_WLS_BYC_14,0.0,0.0,Green - Normal,93
2024-07-01 21:00:00,WLS_MNK_15,SENS_WLS_MNK_15,0.0,0.0,Green - Normal,92
2024-07-01 22:00:00,WLS_HND_01,SENS_WLS_HND_01,0.0,0.0,Green - Normal,95
2024-07-01 22:00:00,WLS_GND_02,SENS_WLS_GND_02,0.0,0.0,Green - Normal,88
2024-07-01 22:00:00,WLS_MLN_03,SENS_WLS_MLN_03,0.0,0.0,Green - Normal,93
2024-07-01 22:00:00,WLS_AND_04,SENS_WLS_AND_04,0.0,0.0,Green - Normal,98
2024-07-01 22:00:00,WLS_KHR_05,SENS_WLS_KHR_05,0.0,0.0,Green - Normal,97
2024-07-01 22:00:00,WLS_KRL_06,SENS_WLS_KRL_06,0.0,0.0,Green - Normal,91
2024-07-01 22:00:00,WLS_SIO_07,SENS_WLS_SIO_07,0.0,0.0,Green - Normal,91
2024-07-01 22:00:00,WLS_DDR_08,SENS_WLS_DDR_08,0.0,0.0,Green - Normal,94
2024-07-01 22:00:00,WLS_CHM_09,SENS_WLS_CHM_09,0.0,0.0,Green - Normal,91
2024-07-01 22:00:00,WLS_MLD_10,SENS_WLS_MLD_10,0.0,0.0,Green - Normal,96
2024-07-01 22:00:00,WLS_DHS_11,SENS_WLS_DHS_11,0.0,0.0,Green - Normal,98
2024-07-01 22:00:00,WLS_CHN_12,SENS_WLS_CHN_12,0.0,0.0,Green - Normal,93
2024-07-01 22:00:00,WLS_WRL_13,SENS_WLS_WRL_13,0.0,0.0,Green - Normal,97
2024-07-01 22:00:00,WLS_BYC_14,SENS_WLS_BYC_14,0.0,0.0,Green - Normal,97
2024-07-01 22:00:00,WLS_MNK_15,SENS_WLS_MNK_15,0.0,0.0,Green - Normal,90
2024-07-01 23:00:00,WLS_HND_01,SENS_WLS_HND_01,0.0,0.0,Green - Normal,100
2024-07-01 23:00:00,WLS_GND_02,SENS_WLS_GND_02,0.0,0.0,Green - Normal,100
2024-07-01 23:00:00,WLS_MLN_03,SENS_WLS_MLN_03,0.0,0.0,Green - Normal,99
2024-07-01 23:00:00,WLS_AND_04,SENS_WLS_AND_04,0.0,0.0,Green - Normal,89
2024-07-01 23:00:00,WLS_KHR_05,SENS_WLS_KHR_05,0.0,0.0,Green - Normal,100
2024-07-01 23:00:00,WLS_KRL_06,SENS_WLS_KRL_06,0.0,0.0,Green - Normal,95
2024-07-01 23:00:00,WLS_SIO_07,SENS_WLS_SIO_07,0.0,0.0,Green - Normal,89
2024-07-01 23:00:00,WLS_DDR_08,SENS_WLS_DDR_08,0.0,0.0,Green - Normal,91
2024-07-01 23:00:00,WLS_CHM_09,SENS_WLS_CHM_09,0.0,0.0,Green - Normal,88
2024-07-01 23:00:00,WLS_MLD_10,SENS_WLS_MLD_10,0.0,0.0,Green - Normal,91
2024-07-01 23:00:00,WLS_DHS_11,SENS_WLS_DHS_11,0.0,0.0,Green - Normal,88
2024-07-01 23:00:00,WLS_CHN_12,SENS_WLS_CHN_12,0.0,0.0,Green - Normal,92
2024-07-01 23:00:00,WLS_WRL_13,SENS_WLS_WRL_13,0.0,0.0,Green - Normal,96
2024-07-01 23:00:00,WLS_BYC_14,SENS_WLS_BYC_14,0.0,0.0,Green - Normal,92
2024-07-01 23:00:00,WLS_MNK_15,SENS_WLS_MNK_15,0.0,0.0,Green - Normal,98
2024-07-02 00:00:00,WLS_HND_01,SENS_WLS_HND_01,0.0,0.0,Green - Normal,96
2024-07-02 00:00:00,WLS_GND_02,SENS_WLS_GND_02,0.0,0.0,Green - Normal,93
2024-07-02 00:00:00,WLS_MLN_03,SENS_WLS_MLN_03,0.0,0.0,Green - Normal,98
2024-07-02 00:00:00,WLS_AND_04,SENS_WLS_AND_04,0.0,0.0,Green - Normal,99
2024-07-02 00:00:00,WLS_KHR_05,SENS_WLS_KHR_05,0.0,0.0,Green - Normal,93
2024-07-02 00:00:00,WLS_KRL_06,SENS_WLS_KRL_06,0.0,0.0,Green - Normal,100
2024-07-02 00:00:00,WLS_SIO_07,SENS_WLS_SIO_07,0.0,0.0,Green - Normal,99
2024-07-02 00:00:00,WLS_DDR_08,SENS_WLS_DDR_08,0.0,0.0,Green - Normal,100
2024-07-02 00:00:00,WLS_CHM_09,SENS_WLS_CHM_09,0.0,0.0,Green - Normal,99
2024-07-02 00:00:00,WLS_MLD_10,SENS_WLS_MLD_10,0.0,0.0,Green - Normal,99
2024-07-02 00:00:00,WLS_DHS_11,SENS_WLS_DHS_11,0.0,0.0,Green - Normal,89
2024-07-02 00:00:00,WLS_CHN_12,SENS_WLS_CHN_12,0.0,0.0,Green - Normal,89
2024-07-02 00:00:00,WLS_WRL_13,SENS_WLS_WRL_13,0.0,0.0,Green - Normal,93
2024-07-02 00:00:00,WLS_BYC_14,SENS_WLS_BYC_14,0.0,0.0,Green - Normal,88
2024-07-02 00:00:00,WLS_MNK_15,SENS_WLS_MNK_15,0.0,0.0,Green - Normal,92
2024-07-02 01:00:00,WLS_HND_01,SENS_WLS_HND_01,0.0,0.0,Green - Normal,97
2024-07-02 01:00:00,WLS_GND_02,SENS_WLS_GND_02,0.0,0.0,Green - Normal,98
2024-07-02 01:00:00,WLS_MLN_03,SENS_WLS_MLN_03,0.0,0.0,Green - Normal,100
2024-07-02 01:00:00,WLS_AND_04,SENS_WLS_AND_04,0.0,0.0,Green - Normal,95
2024-07-02 01:00:00,WLS_KHR_05,SENS_WLS_KHR_05,0.0,0.0,Green - Normal,97
2024-07-02 01:00:00,WLS_KRL_06,SENS_WLS_KRL_06,0.0,0.0,Green - Normal,98
2024-07-02 01:00:00,WLS_SIO_07,SENS_WLS_SIO_07,0.0,0.0,Green - Normal,100
2024-07-02 01:00:00,WLS_DDR_08,SENS_WLS_DDR_08,0.0,0.0,Green - Normal,89
2024-07-02 01:00:00,WLS_CHM_09,SENS_WLS_CHM_09,0.0,0.0,Green - Normal,88
2024-07-02 01:00:00,WLS_MLD_10,SENS_WLS_MLD_10,0.0,0.0,Green - Normal,97
2024-07-02 01:00:00,WLS_DHS_11,SENS_WLS_DHS_11,0.0,0.0,Green - Normal,97
2024-07-02 01:00:00,WLS_CHN_12,SENS_WLS_CHN_12,0.0,0.0,Green - Normal,100
2024-07-02 01:00:00,WLS_WRL_13,SENS_WLS_WRL_13,0.0,0.0,Green - Normal,94
2024-07-02 01:00:00,WLS_BYC_14,SENS_WLS_BYC_14,0.0,0.0,Green - Normal,98
2024-07-02 01:00:00,WLS_MNK_15,SENS_WLS_MNK_15,0.0,0.0,Green - Normal,93
2024-07-02 02:00:00,WLS_HND_01,SENS_WLS_HND_01,0.0,0.0,Green - Normal,93
2024-07-02 02:00:00,WLS_GND_02,SENS_WLS_GND_02,0.0,0.0,Green - Normal,88
2024-07-02 02:00:00,WLS_MLN_03,SENS_WLS_MLN_03,0.0,0.0,Green - Normal,92
2024-07-02 02:00:00,WLS_AND_04,SENS_WLS_AND_04,0.0,0.0,Green - Normal,98
2024-07-02 02:00:00,WLS_KHR_05,SENS_WLS_KHR_05,0.0,0.0,Green - Normal,94
2024-07-02 02:00:00,WLS_KRL_06,SENS_WLS_KRL_06,0.0,0.0,Green - Normal,93
2024-07-02 02:00:00,WLS_SIO_07,SENS_WLS_SIO_07,0.0,0.0,Green - Normal,94
2024-07-02 02:00:00,WLS_DDR_08,SENS_WLS_DDR_08,0.0,0.0,Green - Normal,89
2024-07-02 02:00:00,WLS_CHM_09,SENS_WLS_CHM_09,0.0,0.0,Green - Normal,100
2024-07-02 02:00:00,WLS_MLD_10,SENS_WLS_MLD_10,0.0,0.0,Green - Normal,99
2024-07-02 02:00:00,WLS_DHS_11,SENS_WLS_DHS_11,0.0,0.0,Green - Normal,92
2024-07-02 02:00:00,WLS_CHN_12,SENS_WLS_CHN_12,0.0,0.0,Green - Normal,93
2024-07-02 02:00:00,WLS_WRL_13,SENS_WLS_WRL_13,0.0,0.0,Green - Normal,95
2024-07-02 02:00:00,WLS_BYC_14,SENS_WLS_BYC_14,0.0,0.0,Green - Normal,97
2024-07-02 02:00:00,WLS_MNK_15,SENS_WLS_MNK_15,0.0,0.0,Green - Normal,99
2024-07-02 03:00:00,WLS_HND_01,SENS_WLS_HND_01,0.0,0.0,Green - Normal,97
2024-07-02 03:00:00,WLS_GND_02,SENS_WLS_GND_02,0.0,0.0,Green - Normal,94
2024-07-02 03:00:00,WLS_MLN_03,SENS_WLS_MLN_03,0.0,0.0,Green - Normal,91
2024-07-02 03:00:00,WLS_AND_04,SENS_WLS_AND_04,0.0,0.0,Green - Normal,89
2024-07-02 03:00:00,WLS_KHR_05,SENS_WLS_KHR_05,0.0,0.0,Green - Normal,92
2024-07-02 03:00:00,WLS_KRL_06,SENS_WLS_KRL_06,0.0,0.0,Green - Normal,92
2024-07-02 03:00:00,WLS_SIO_07,SENS_WLS_SIO_07,0.0,0.0,Green - Normal,98
2024-07-02 03:00:00,WLS_DDR_08,SENS_WLS_DDR_08,0.0,0.0,Green - Normal,91
2024-07-02 03:00:00,WLS_CHM_09,SENS_WLS_CHM_09,0.0,0.0,Green - Normal,95
2024-07-02 03:00:00,WLS_MLD_10,SENS_WLS_MLD_10,0.0,0.0,Green - Normal,94
2024-07-02 03:00:00,WLS_DHS_11,SENS_WLS_DHS_11,0.0,0.0,Green - Normal,94
2024-07-02 03:00:00,WLS_CHN_12,SENS_WLS_CHN_12,0.0,0.0,Green - Normal,99
2024-07-02 03:00:00,WLS_WRL_13,SENS_WLS_WRL_13,0.0,0.0,Green - Normal,91
2024-07-02 03:00:00,WLS_BYC_14,SENS_WLS_BYC_14,0.0,0.0,Green - Normal,98
2024-07-02 03:00:00,WLS_MNK_15,SENS_WLS_MNK_15,0.0,0.0,Green - Normal,96
2024-07-02 04:00:00,WLS_HND_01,SENS_WLS_HND_01,0.0,0.0,Green - Normal,98
2024-07-02 04:00:00,WLS_GND_02,SENS_WLS_GND_02,0.0,0.0,Green - Normal,98
2024-07-02 04:00:00,WLS_MLN_03,SENS_WLS_MLN_03,0.0,0.0,Green - Normal,91
2024-07-02 04:00:00,WLS_AND_04,SENS_WLS_AND_04,0.0,0.0,Green - Normal,96
2024-07-02 04:00:00,WLS_KHR_05,SENS_WLS_KHR_05,0.0,0.0,Green - Normal,93
2024-07-02 04:00:00,WLS_KRL_06,SENS_WLS_KRL_06,0.0,0.0,Green - Normal,98
2024-07-02 04:00:00,WLS_SIO_07,SENS_WLS_SIO_07,0.0,0.0,Green - Normal,88
2024-07-02 04:00:00,WLS_DDR_08,SENS_WLS_DDR_08,0.0,0.0,Green - Normal,95
2024-07-02 04:00:00,WLS_CHM_09,SENS_WLS_CHM_09,0.0,0.0,Green - Normal,99
2024-07-02 04:00:00,WLS_MLD_10,SENS_WLS_MLD_10,0.0,0.0,Green - Normal,100
2024-07-02 04:00:00,WLS_DHS_11,SENS_WLS_DHS_11,0.0,0.0,Green - Normal,90
2024-07-02 04:00:00,WLS_CHN_12,SENS_WLS_CHN_12,0.0,0.0,Green - Normal,90
2024-07-02 04:00:00,WLS_WRL_13,SENS_WLS_WRL_13,0.0,0.0,Green - Normal,93
2024-07-02 04:00:00,WLS_BYC_14,SENS_WLS_BYC_14,0.0,0.0,Green - Normal,100
2024-07-02 04:00:00,WLS_MNK_15,SENS_WLS_MNK_15,0.0,0.0,Green - Normal,94
2024-07-02 05:00:00,WLS_HND_01,SENS_WLS_HND_01,0.0,0.0,Green - Normal,92
2024-07-02 05:00:00,WLS_GND_02,SENS_WLS_GND_02,0.0,0.0,Green - Normal,92
2024-07-02 05:00:00,WLS_MLN_03,SENS_WLS_MLN_03,0.0,0.0,Green - Normal,99
2024-07-02 05:00:00,WLS_AND_04,SENS_WLS_AND_04,0.0,0.0,Green - Normal,94
2024-07-02 05:00:00,WLS_KHR_05,SENS_WLS_KHR_05,0.0,0.0,Green - Normal,89
2024-07-02 05:00:00,WLS_KRL_06,SENS_WLS_KRL_06,0.0,0.0,Green - Normal,89
2024-07-02 05:00:00,WLS_SIO_07,SENS_WLS_SIO_07,0.0,0.0,Green - Normal,95
2024-07-02 05:00:00,WLS_DDR_08,SENS_WLS_DDR_08,0.0,0.0,Green - Normal,93
2024-07-02 05:00:00,WLS_CHM_09,SENS_WLS_CHM_09,0.0,0.0,Green - Normal,91
2024-07-02 05:00:00,WLS_MLD_10,SENS_WLS_MLD_10,0.0,0.0,Green - Normal,92
2024-07-02 05:00:00,WLS_DHS_11,SENS_WLS_DHS_11,0.0,0.0,Green - Normal,97
2024-07-02 05:00:00,WLS_CHN_12,SENS_WLS_CHN_12,0.0,0.0,Green - Normal,97
2024-07-02 05:00:00,WLS_WRL_13,SENS_WLS_WRL_13,0.0,0.0,Green - Normal,93
2024-07-02 05:00:00,WLS_BYC_14,SENS_WLS_BYC_14,0.0,0.0,Green - Normal,94
2024-07-02 05:00:00,WLS_MNK_15,SENS_WLS_MNK_15,0.0,0.0,Green - Normal,99
2024-07-02 06:00:00,WLS_HND_01,SENS_WLS_HND_01,0.0,0.0,Green - Normal,99
2024-07-02 06:00:00,WLS_GND_02,SENS_WLS_GND_02,0.0,0.0,Green - Normal,93
2024-07-02 06:00:00,WLS_MLN_03,SENS_WLS_MLN_03,0.0,0.0,Green - Normal,90
2024-07-02 06:00:00,WLS_AND_04,SENS_WLS_AND_04,0.0,0.0,Green - Normal,95
2024-07-02 06:00:00,WLS_KHR_05,SENS_WLS_KHR_05,0.0,0.0,Green - Normal,96
2024-07-02 06:00:00,WLS_KRL_06,SENS_WLS_KRL_06,0.0,0.0,Green - Normal,100
2024-07-02 06:00:00,WLS_SIO_07,SENS_WLS_SIO_07,0.0,0.0,Green - Normal,98
2024-07-02 06:00:00,WLS_DDR_08,SENS_WLS_DDR_08,0.0,0.0,Green - Normal,94
2024-07-02 06:00:00,WLS_CHM_09,SENS_WLS_CHM_09,0.0,0.0,Green - Normal,100
2024-07-02 06:00:00,WLS_MLD_10,SENS_WLS_MLD_10,0.0,0.0,Green - Normal,98
2024-07-02 06:00:00,WLS_DHS_11,SENS_WLS_DHS_11,0.0,0.0,Green - Normal,93
2024-07-02 06:00:00,WLS_CHN_12,SENS_WLS_CHN_12,0.0,0.0,Green - Normal,96
2024-07-02 06:00:00,WLS_WRL_13,SENS_WLS_WRL_13,0.0,0.0,Green - Normal,94
2024-07-02 06:00:00,WLS_BYC_14,SENS_WLS_BYC_14,0.0,0.0,Green - Normal,100
2024-07-02 06:00:00,WLS_MNK_15,SENS_WLS_MNK_15,0.0,0.0,Green - Normal,93
2024-07-02 07:00:00,WLS_HND_01,SENS_WLS_HND_01,0.0,0.0,Green - Normal,93
2024-07-02 07:00:00,WLS_GND_02,SENS_WLS_GND_02,0.0,0.0,Green - Normal,88
2024-07-02 07:00:00,WLS_MLN_03,SENS_WLS_MLN_03,0.0,0.0,Green - Normal,89
2024-07-02 07:00:00,WLS_AND_04,SENS_WLS_AND_04,0.0,0.0,Green - Normal,89
2024-07-02 07:00:00,WLS_KHR_05,SENS_WLS_KHR_05,0.0,0.0,Green - Normal,98
2024-07-02 07:00:00,WLS_KRL_06,SENS_WLS_KRL_06,0.0,0.0,Green - Normal,92
2024-07-02 07:00:00,WLS_SIO_07,SENS_WLS_SIO_07,0.0,0.0,Green - Normal,91
2024-07-02 07:00:00,WLS_DDR_08,SENS_WLS_DDR_08,0.0,0.0,Green - Normal,100
2024-07-02 07:00:00,WLS_CHM_09,SENS_WLS_CHM_09,0.0,0.0,Green - Normal,90
2024-07-02 07:00:00,WLS_MLD_10,SENS_WLS_MLD_10,0.0,0.0,Green - Normal,99
2024-07-02 07:00:00,WLS_DHS_11,SENS_WLS_DHS_11,0.0,0.0,Green - Normal,95
2024-07-02 07:00:00,WLS_CHN_12,SENS_WLS_CHN_12,0.0,0.0,Green - Normal,88
2024-07-02 07:00:00,WLS_WRL_13,SENS_WLS_WRL_13,0.0,0.0,Green - Normal,97
2024-07-02 07:00:00,WLS_BYC_14,SENS_WLS_BYC_14,0.0,0.0,Green - Normal,97
2024-07-02 07:00:00,WLS_MNK_15,SENS_WLS_MNK_15,0.0,0.0,Green - Normal,100
2024-07-02 08:00:00,WLS_HND_01,SENS_WLS_HND_01,0.0,0.0,Green - Normal,96
2024-07-02 08:00:00,WLS_GND_02,SENS_WLS_GND_02,0.0,0.0,Green - Normal,88
2024-07-02 08:00:00,WLS_MLN_03,SENS_WLS_MLN_03,0.0,0.0,Green - Normal,93
2024-07-02 08:00:00,WLS_AND_04,SENS_WLS_AND_04,0.0,0.0,Green - Normal,97
2024-07-02 08:00:00,WLS_KHR_05,SENS_WLS_KHR_05,0.0,0.0,Green - Normal,89
2024-07-02 08:00:00,WLS_KRL_06,SENS_WLS_KRL_06,0.0,0.0,Green - Normal,92
2024-07-02 08:00:00,WLS_SIO_07,SENS_WLS_SIO_07,0.0,0.0,Green - Normal,89
2024-07-02 08:00:00,WLS_DDR_08,SENS_WLS_DDR_08,0.0,0.0,Green - Normal,98
2024-07-02 08:00:00,WLS_CHM_09,SENS_WLS_CHM_09,0.0,0.0,Green - Normal,94
2024-07-02 08:00:00,WLS_MLD_10,SENS_WLS_MLD_10,0.0,0.0,Green - Normal,98
2024-07-02 08:00:00,WLS_DHS_11,SENS_WLS_DHS_11,0.0,0.0,Green - Normal,92
2024-07-02 08:00:00,WLS_CHN_12,SENS_WLS_CHN_12,0.0,0.0,Green - Normal,98
2024-07-02 08:00:00,WLS_WRL_13,SENS_WLS_WRL_13,0.0,0.0,Green - Normal,96
2024-07-02 08:00:00,WLS_BYC_14,SENS_WLS_BYC_14,0.0,0.0,Green - Normal,100
2024-07-02 08:00:00,WLS_MNK_15,SENS_WLS_MNK_15,0.0,0.0,Green - Normal,92
2024-07-02 09:00:00,WLS_HND_01,SENS_WLS_HND_01,0.0,0.0,Green - Normal,91
2024-07-02 09:00:00,WLS_GND_02,SENS_WLS_GND_02,0.0,0.0,Green - Normal,97
2024-07-02 09:00:00,WLS_MLN_03,SENS_WLS_MLN_03,0.0,0.0,Green - Normal,92
2024-07-02 09:00:00,WLS_AND_04,SENS_WLS_AND_04,0.0,0.0,Green - Normal,93
2024-07-02 09:00:00,WLS_KHR_05,SENS_WLS_KHR_05,0.0,0.0,Green - Normal,89
2024-07-02 09:00:00,WLS_KRL_06,SENS_WLS_KRL_06,0.0,0.0,Green - Normal,91
2024-07-02 09:00:00,WLS_SIO_07,SENS_WLS_SIO_07,0.0,0.0,Green - Normal,100
2024-07-02 09:00:00,WLS_DDR_08,SENS_WLS_DDR_08,0.0,0.0,Green - Normal,90
2024-07-02 09:00:00,WLS_CHM_09,SENS_WLS_CHM_09,0.0,0.0,Green - Normal,95
2024-07-02 09:00:00,WLS_MLD_10,SENS_WLS_MLD_10,0.0,0.0,Green - Normal,95
2024-07-02 09:00:00,WLS_DHS_11,SENS_WLS_DHS_11,0.0,0.0,Green - Normal,88
2024-07-02 09:00:00,WLS_CHN_12,SENS_WLS_CHN_12,0.0,0.0,Green - Normal,95
2024-07-02 09:00:00,WLS_WRL_13,SENS_WLS_WRL_13,0.0,0.0,Green - Normal,98
2024-07-02 09:00:00,WLS_BYC_14,SENS_WLS_BYC_14,0.0,0.0,Green - Normal,91
2024-07-02 09:00:00,WLS_MNK_15,SENS_WLS_MNK_15,0.0,0.0,Green - Normal,91
2024-07-02 10:00:00,WLS_HND_01,SENS_WLS_HND_01,0.0,0.0,Green - Normal,98
2024-07-02 10:00:00,WLS_GND_02,SENS_WLS_GND_02,0.0,0.0,Green - Normal,95
2024-07-02 10:00:00,WLS_MLN_03,SENS_WLS_MLN_03,0.0,0.0,Green - Normal,88
2024-07-02 10:00:00,WLS_AND_04,SENS_WLS_AND_04,0.0,0.0,Green - Normal,93
2024-07-02 10:00:00,WLS_KHR_05,SENS_WLS_KHR_05,0.0,0.0,Green - Normal,89
2024-07-02 10:00:00,WLS_KRL_06,SENS_WLS_KRL_06,0.0,0.0,Green - Normal,93
2024-07-02 10:00:00,WLS_SIO_07,SENS_WLS_SIO_07,0.0,0.0,Green - Normal,89
2024-07-02 10:00:00,WLS_DDR_08,SENS_WLS_DDR_08,0.0,0.0,Green - Normal,88
2024-07-02 10:00:00,WLS_CHM_09,SENS_WLS_CHM_09,0.0,0.0,Green - Normal,91
2024-07-02 10:00:00,WLS_MLD_10,SENS_WLS_MLD_10,0.0,0.0,Green - Normal,92
2024-07-02 10:00:00,WLS_DHS_11,SENS_WLS_DHS_11,0.0,0.0,Green - Normal,97
2024-07-02 10:00:00,WLS_CHN_12,SENS_WLS_CHN_12,0.0,0.0,Green - Normal,99
2024-07-02 10:00:00,WLS_WRL_13,SENS_WLS_WRL_13,0.0,0.0,Green - Normal,89
2024-07-02 10:00:00,WLS_BYC_14,SENS_WLS_BYC_14,0.0,0.0,Green - Normal,91
2024-07-02 10:00:00,WLS_MNK_15,SENS_WLS_MNK_15,0.0,0.0,Green - Normal,95
2024-07-02 11:00:00,WLS_HND_01,SENS_WLS_HND_01,0.0,0.0,Green - Normal,89
2024-07-02 11:00:00,WLS_GND_02,SENS_WLS_GND_02,0.0,0.0,Green - Normal,89
2024-07-02 11:00:00,WLS_MLN_03,SENS_WLS_MLN_03,0.0,0.0,Green - Normal,92
2024-07-02 11:00:00,WLS_AND_04,SENS_WLS_AND_04,0.0,0.0,Green - Normal,97
2024-07-02 11:00:00,WLS_KHR_05,SENS_WLS_KHR_05,0.0,0.0,Green - Normal,88
2024-07-02 11:00:00,WLS_KRL_06,SENS_WLS_KRL_06,0.0,0.0,Green - Normal,88
2024-07-02 11:00:00,WLS_SIO_07,SENS_WLS_SIO_07,0.0,0.0,Green - Normal,95
2024-07-02 11:00:00,WLS_DDR_08,SENS_WLS_DDR_08,0.0,0.0,Green - Normal,94
2024-07-02 11:00:00,WLS_CHM_09,SENS_WLS_CHM_09,0.0,0.0,Green - Normal,90
2024-07-02 11:00:00,WLS_MLD_10,SENS_WLS_MLD_10,0.0,0.0,Green - Normal,100
2024-07-02 11:00:00,WLS_DHS_11,SENS_WLS_DHS_11,0.0,0.0,Green - Normal,100
2024-07-02 11:00:00,WLS_CHN_12,SENS_WLS_CHN_12,0.0,0.0,Green - Normal,88
2024-07-02 11:00:00,WLS_WRL_13,SENS_WLS_WRL_13,0.0,0.0,Green - Normal,89
2024-07-02 11:00:00,WLS_BYC_14,SENS_WLS_BYC_14,0.0,0.0,Green - Normal,93
2024-07-02 11:00:00,WLS_MNK_15,SENS_WLS_MNK_15,0.0,0.0,Green - Normal,91
2024-07-02 12:00:00,WLS_HND_01,SENS_WLS_HND_01,0.0,0.0,Green - Normal,99
2024-07-02 12:00:00,WLS_GND_02,SENS_WLS_GND_02,0.0,0.0,Green - Normal,91
2024-07-02 12:00:00,WLS_MLN_03,SENS_WLS_MLN_03,0.0,0.0,Green - Normal,94
2024-07-02 12:00:00,WLS_AND_04,SENS_WLS_AND_04,0.0,0.0,Green - Normal,93
2024-07-02 12:00:00,WLS_KHR_05,SENS_WLS_KHR_05,0.0,0.0,Green - Normal,95
2024-07-02 12:00:00,WLS_KRL_06,SENS_WLS_KRL_06,0.0,0.0,Green - Normal,95
2024-07-02 12:00:00,WLS_SIO_07,SENS_WLS_SIO_07,0.0,0.0,Green - Normal,92
2024-07-02 12:00:00,WLS_DDR_08,SENS_WLS_DDR_08,0.0,0.0,Green - Normal,92
2024-07-02 12:00:00,WLS_CHM_09,SENS_WLS_CHM_09,0.0,0.0,Green - Normal,98
2024-07-02 12:00:00,WLS_MLD_10,SENS_WLS_MLD_10,0.0,0.0,Green - Normal,91
2024-07-02 12:00:00,WLS_DHS_11,SENS_WLS_DHS_11,0.0,0.0,Green - Normal,90
2024-07-02 12:00:00,WLS_CHN_12,SENS_WLS_CHN_12,0.0,0.0,Green - Normal,89
2024-07-02 12:00:00,WLS_WRL_13,SENS_WLS_WRL_13,0.0,0.0,Green - Normal,92
2024-07-02 12:00:00,WLS_BYC_14,SENS_WLS_BYC_14,0.0,0.0,Green - Normal,88
2024-07-02 12:00:00,WLS_MNK_15,SENS_WLS_MNK_15,0.0,0.0,Green - Normal,90
2024-07-02 13:00:00,WLS_HND_01,SENS_WLS_HND_01,0.0,0.0,Green - Normal,88
2024-07-02 13:00:00,WLS_GND_02,SENS_WLS_GND_02,0.0,0.0,Green - Normal,91
2024-07-02 13:00:00,WLS_MLN_03,SENS_WLS_MLN_03,0.0,0.0,Green - Normal,89
2024-07-02 13:00:00,WLS_AND_04,SENS_WLS_AND_04,0.0,0.0,Green - Normal,93
2024-07-02 13:00:00,WLS_KHR_05,SENS_WLS_KHR_05,0.0,0.0,Green - Normal,95
2024-07-02 13:00:00,WLS_KRL_06,SENS_WLS_KRL_06,0.0,0.0,Green - Normal,99
2024-07-02 13:00:00,WLS_SIO_07,SENS_WLS_SIO_07,0.0,0.0,Green - Normal,93
2024-07-02 13:00:00,WLS_DDR_08,SENS_WLS_DDR_08,0.0,0.0,Green - Normal,98
2024-07-02 13:00:00,WLS_CHM_09,SENS_WLS_CHM_09,0.0,0.0,Green - Normal,92
2024-07-02 13:00:00,WLS_MLD_10,SENS_WLS_MLD_10,0.0,0.0,Green - Normal,91
2024-07-02 13:00:00,WLS_DHS_11,SENS_WLS_DHS_11,0.0,0.0,Green - Normal,97
2024-07-02 13:00:00,WLS_CHN_12,SENS_WLS_CHN_12,0.0,0.0,Green - Normal,100
2024-07-02 13:00:00,WLS_WRL_13,SENS_WLS_WRL_13,0.0,0.0,Green - Normal,100
2024-07-02 13:00:00,WLS_BYC_14,SENS_WLS_BYC_14,0.0,0.0,Green - Normal,88
2024-07-02 13:00:00,WLS_MNK_15,SENS_WLS_MNK_15,0.0,0.0,Green - Normal,88
2024-07-02 14:00:00,WLS_HND_01,SENS_WLS_HND_01,0.0,0.0,Green - Normal,96
2024-07-02 14:00:00,WLS_GND_02,SENS_WLS_GND_02,0.0,0.0,Green - Normal,89
2024-07-02 14:00:00,WLS_MLN_03,SENS_WLS_MLN_03,0.0,0.0,Green - Normal,93
2024-07-02 14:00:00,WLS_AND_04,SENS_WLS_AND_04,0.0,0.0,Green - Normal,97
2024-07-02 14:00:00,WLS_KHR_05,SENS_WLS_KHR_05,0.0,0.0,Green - Normal,89
2024-07-02 14:00:00,WLS_KRL_06,SENS_WLS_KRL_06,0.0,0.0,Green - Normal,93
2024-07-02 14:00:00,WLS_SIO_07,SENS_WLS_SIO_07,0.0,0.0,Green - Normal,99
2024-07-02 14:00:00,WLS_DDR_08,SENS_WLS_DDR_08,0.0,0.0,Green - Normal,94
2024-07-02 14:00:00,WLS_CHM_09,SENS_WLS_CHM_09,0.0,0.0,Green - Normal,97
2024-07-02 14:00:00,WLS_MLD_10,SENS_WLS_MLD_10,0.0,0.0,Green - Normal,90
2024-07-02 14:00:00,WLS_DHS_11,SENS_WLS_DHS_11,0.0,0.0,Green - Normal,100
2024-07-02 14:00:00,WLS_CHN_12,SENS_WLS_CHN_12,0.0,0.0,Green - Normal,96
2024-07-02 14:00:00,WLS_WRL_13,SENS_WLS_WRL_13,0.0,0.0,Green - Normal,93
2024-07-02 14:00:00,WLS_BYC_14,SENS_WLS_BYC_14,0.0,0.0,Green - Normal,100
2024-07-02 14:00:00,WLS_MNK_15,SENS_WLS_MNK_15,0.0,0.0,Green - Normal,89
2024-07-02 15:00:00,WLS_HND_01,SENS_WLS_HND_01,0.0,0.0,Green - Normal,95
2024-07-02 15:00:00,WLS_GND_02,SENS_WLS_GND_02,0.0,0.0,Green - Normal,93
2024-07-02 15:00:00,WLS_MLN_03,SENS_WLS_MLN_03,1.1,0.0,Green - Normal,93
2024-07-02 15:00:00,WLS_AND_04,SENS_WLS_AND_04,0.0,0.0,Green - Normal,90
2024-07-02 15:00:00,WLS_KHR_05,SENS_WLS_KHR_05,0.0,0.0,Green - Normal,99
2024-07-02 15:00:00,WLS_KRL_06,SENS_WLS_KRL_06,0.0,0.0,Green - Normal,96
2024-07-02 15:00:00,WLS_SIO_07,SENS_WLS_SIO_07,0.6,0.0,Green - Normal,94
2024-07-02 15:00:00,WLS_DDR_08,SENS_WLS_DDR_08,0.0,0.0,Green - Normal,100
2024-07-02 15:00:00,WLS_CHM_09,SENS_WLS_CHM_09,0.0,0.0,Green - Normal,88
2024-07-02 15:00:00,WLS_MLD_10,SENS_WLS_MLD_10,0.0,0.0,Green - Normal,88
2024-07-02 15:00:00,WLS_DHS_11,SENS_WLS_DHS_11,0.0,0.0,Green - Normal,99
2024-07-02 15:00:00,WLS_CHN_12,SENS_WLS_CHN_12,0.0,0.0,Green - Normal,89
2024-07-02 15:00:00,WLS_WRL_13,SENS_WLS_WRL_13,0.0,0.0,Green - Normal,95
2024-07-02 15:00:00,WLS_BYC_14,SENS_WLS_BYC_14,0.0,0.0,Green - Normal,88
2024-07-02 15:00:00,WLS_MNK_15,SENS_WLS_MNK_15,0.0,0.0,Green - Normal,94
2024-07-02 16:00:00,WLS_HND_01,SENS_WLS_HND_01,18.5,1.06,Amber Alert - Waterlogging,89
2024-07-02 16:00:00,WLS_GND_02,SENS_WLS_GND_02,13.5,0.72,Green - Normal,88
2024-07-02 16:00:00,WLS_MLN_03,SENS_WLS_MLN_03,31.3,0.68,Amber Alert - Waterlogging,97
2024-07-02 16:00:00,WLS_AND_04,SENS_WLS_AND_04,27.5,0.54,Amber Alert - Waterlogging,90
2024-07-02 16:00:00,WLS_KHR_05,SENS_WLS_KHR_05,23.0,1.1,Amber Alert - Waterlogging,98
2024-07-02 16:00:00,WLS_KRL_06,SENS_WLS_KRL_06,15.3,1.0,Amber Alert - Waterlogging,93
2024-07-02 16:00:00,WLS_SIO_07,SENS_WLS_SIO_07,19.9,0.37,Amber Alert - Waterlogging,99
2024-07-02 16:00:00,WLS_DDR_08,SENS_WLS_DDR_08,6.7,0.44,Green - Normal,88
2024-07-02 16:00:00,WLS_CHM_09,SENS_WLS_CHM_09,7.1,1.14,Green - Normal,100
2024-07-02 16:00:00,WLS_MLD_10,SENS_WLS_MLD_10,25.3,0.4,Amber Alert - Waterlogging,93
2024-07-02 16:00:00,WLS_DHS_11,SENS_WLS_DHS_11,27.4,0.58,Amber Alert - Waterlogging,95
2024-07-02 16:00:00,WLS_CHN_12,SENS_WLS_CHN_12,18.1,0.5,Amber Alert - Waterlogging,96
2024-07-02 16:00:00,WLS_WRL_13,SENS_WLS_WRL_13,3.5,0.0,Green - Normal,88
2024-07-02 16:00:00,WLS_BYC_14,SENS_WLS_BYC_14,15.5,0.6,Amber Alert - Waterlogging,99
2024-07-02 16:00:00,WLS_MNK_15,SENS_WLS_MNK_15,20.8,1.15,Amber Alert - Waterlogging,89
2024-07-02 17:00:00,WLS_HND_01,SENS_WLS_HND_01,9.2,1.06,Green - Normal,97
2024-07-02 17:00:00,WLS_GND_02,SENS_WLS_GND_02,8.0,0.75,Green - Normal,99
2024-07-02 17:00:00,WLS_MLN_03,SENS_WLS_MLN_03,16.4,0.26,Amber Alert - Waterlogging,89
2024-07-02 17:00:00,WLS_AND_04,SENS_WLS_AND_04,12.6,0.37,Green - Normal,100
2024-07-02 17:00:00,WLS_KHR_05,SENS_WLS_KHR_05,13.8,0.88,Green - Normal,91
2024-07-02 17:00:00,WLS_KRL_06,SENS_WLS_KRL_06,5.7,1.3,Green - Normal,100
2024-07-02 17:00:00,WLS_SIO_07,SENS_WLS_SIO_07,2.5,0.0,Green - Normal,100
2024-07-02 17:00:00,WLS_DDR_08,SENS_WLS_DDR_08,0.0,0.0,Green - Normal,100
2024-07-02 17:00:00,WLS_CHM_09,SENS_WLS_CHM_09,0.6,0.0,Green - Normal,100
2024-07-02 17:00:00,WLS_MLD_10,SENS_WLS_MLD_10,8.8,0.67,Green - Normal,99
2024-07-02 17:00:00,WLS_DHS_11,SENS_WLS_DHS_11,13.9,0.92,Green - Normal,89
2024-07-02 17:00:00,WLS_CHN_12,SENS_WLS_CHN_12,11.4,0.16,Green - Normal,93
2024-07-02 17:00:00,WLS_WRL_13,SENS_WLS_WRL_13,0.0,0.0,Green - Normal,99
2024-07-02 17:00:00,WLS_BYC_14,SENS_WLS_BYC_14,6.2,0.62,Green - Normal,88
2024-07-02 17:00:00,WLS_MNK_15,SENS_WLS_MNK_15,8.4,0.91,Green - Normal,99
2024-07-02 18:00:00,WLS_HND_01,SENS_WLS_HND_01,0.0,0.0,Green - Normal,89
2024-07-02 18:00:00,WLS_GND_02,SENS_WLS_GND_02,0.0,0.0,Green - Normal,90
2024-07-02 18:00:00,WLS_MLN_03,SENS_WLS_MLN_03,0.0,0.0,Green - Normal,91
2024-07-02 18:00:00,WLS_AND_04,SENS_WLS_AND_04,0.0,0.0,Green - Normal,89
2024-07-02 18:00:00,WLS_KHR_05,SENS_WLS_KHR_05,0.0,0.0,Green - Normal,97
2024-07-02 18:00:00,WLS_KRL_06,SENS_WLS_KRL_06,0.0,0.0,Green - Normal,97
2024-07-02 18:00:00,WLS_SIO_07,SENS_WLS_SIO_07,0.0,0.0,Green - Normal,92
2024-07-02 18:00:00,WLS_DDR_08,SENS_WLS_DDR_08,0.0,0.0,Green - Normal,95
2024-07-02 18:00:00,WLS_CHM_09,SENS_WLS_CHM_09,0.0,0.0,Green - Normal,96
2024-07-02 18:00:00,WLS_MLD_10,SENS_WLS_MLD_10,0.0,0.0,Green - Normal,97
2024-07-02 18:00:00,WLS_DHS_11,SENS_WLS_DHS_11,0.0,0.0,Green - Normal,96
2024-07-02 18:00:00,WLS_CHN_12,SENS_WLS_CHN_12,0.0,0.0,Green - Normal,100
2024-07-02 18:00:00,WLS_WRL_13,SENS_WLS_WRL_13,0.0,0.0,Green - Normal,93
2024-07-02 18:00:00,WLS_BYC_14,SENS_WLS_BYC_14,0.0,0.0,Green - Normal,94
2024-07-02 18:00:00,WLS_MNK_15,SENS_WLS_MNK_15,0.0,0.0,Green - Normal,88
2024-07-02 19:00:00,WLS_HND_01,SENS_WLS_HND_01,0.0,0.0,Green - Normal,92
2024-07-02 19:00:00,WLS_GND_02,SENS_WLS_GND_02,0.0,0.0,Green - Normal,91
2024-07-02 19:00:00,WLS_MLN_03,SENS_WLS_MLN_03,0.0,0.0,Green - Normal,89
2024-07-02 19:00:00,WLS_AND_04,SENS_WLS_AND_04,0.0,0.0,Green - Normal,92
2024-07-02 19:00:00,WLS_KHR_05,SENS_WLS_KHR_05,0.0,0.0,Green - Normal,100
2024-07-02 19:00:00,WLS_KRL_06,SENS_WLS_KRL_06,0.0,0.0,Green - Normal,94
2024-07-02 19:00:00,WLS_SIO_07,SENS_WLS_SIO_07,0.0,0.0,Green - Normal,89
2024-07-02 19:00:00,WLS_DDR_08,SENS_WLS_DDR_08,0.0,0.0,Green - Normal,90
2024-07-02 19:00:00,WLS_CHM_09,SENS_WLS_CHM_09,0.0,0.0,Green - Normal,97
2024-07-02 19:00:00,WLS_MLD_10,SENS_WLS_MLD_10,0.0,0.0,Green - Normal,95
2024-07-02 19:00:00,WLS_DHS_11,SENS_WLS_DHS_11,0.0,0.0,Green - Normal,90
2024-07-02 19:00:00,WLS_CHN_12,SENS_WLS_CHN_12,0.0,0.0,Green - Normal,92
2024-07-02 19:00:00,WLS_WRL_13,SENS_WLS_WRL_13,0.0,0.0,Green - Normal,99
2024-07-02 19:00:00,WLS_BYC_14,SENS_WLS_BYC_14,0.0,0.0,Green - Normal,91
2024-07-02 19:00:00,WLS_MNK_15,SENS_WLS_MNK_15,0.0,0.0,Green - Normal,89
2024-07-02 20:00:00,WLS_HND_01,SENS_WLS_HND_01,0.0,0.0,Green - Normal,94
2024-07-02 20:00:00,WLS_GND_02,SENS_WLS_GND_02,0.0,0.0,Green - Normal,98
2024-07-02 20:00:00,WLS_MLN_03,SENS_WLS_MLN_03,0.0,0.0,Green - Normal,89
2024-07-02 20:00:00,WLS_AND_04,SENS_WLS_AND_04,0.0,0.0,Green - Normal,92
2024-07-02 20:00:00,WLS_KHR_05,SENS_WLS_KHR_05,0.0,0.0,Green - Normal,98
2024-07-02 20:00:00,WLS_KRL_06,SENS_WLS_KRL_06,0.0,0.0,Green - Normal,99
2024-07-02 20:00:00,WLS_SIO_07,SENS_WLS_SIO_07,0.0,0.0,Green - Normal,99
2024-07-02 20:00:00,WLS_DDR_08,SENS_WLS_DDR_08,0.0,0.0,Green - Normal,88
2024-07-02 20:00:00,WLS_CHM_09,SENS_WLS_CHM_09,0.0,0.0,Green - Normal,100
2024-07-02 20:00:00,WLS_MLD_10,SENS_WLS_MLD_10,0.0,0.0,Green - Normal,97
2024-07-02 20:00:00,WLS_DHS_11,SENS_WLS_DHS_11,0.0,0.0,Green - Normal,93
2024-07-02 20:00:00,WLS_CHN_12,SENS_WLS_CHN_12,0.0,0.0,Green - Normal,91
2024-07-02 20:00:00,WLS_WRL_13,SENS_WLS_WRL_13,0.0,0.0,Green - Normal,88
2024-07-02 20:00:00,WLS_BYC_14,SENS_WLS_BYC_14,0.0,0.0,Green - Normal,96
2024-07-02 20:00:00,WLS_MNK_15,SENS_WLS_MNK_15,0.0,0.0,Green - Normal,100
2024-07-02 21:00:00,WLS_HND_01,SENS_WLS_HND_01,0.0,0.0,Green - Normal,94
2024-07-02 21:00:00,WLS_GND_02,SENS_WLS_GND_02,0.0,0.0,Green - Normal,100
2024-07-02 21:00:00,WLS_MLN_03,SENS_WLS_MLN_03,0.0,0.0,Green - Normal,90
2024-07-02 21:00:00,WLS_AND_04,SENS_WLS_AND_04,0.0,0.0,Green - Normal,98
2024-07-02 21:00:00,WLS_KHR_05,SENS_WLS_KHR_05,0.0,0.0,Green - Normal,89
2024-07-02 21:00:00,WLS_KRL_06,SENS_WLS_KRL_06,0.0,0.0,Green - Normal,88
2024-07-02 21:00:00,WLS_SIO_07,SENS_WLS_SIO_07,0.0,0.0,Green - Normal,100
2024-07-02 21:00:00,WLS_DDR_08,SENS_WLS_DDR_08,0.0,0.0,Green - Normal,99
2024-07-02 21:00:00,WLS_CHM_09,SENS_WLS_CHM_09,0.0,0.0,Green - Normal,96
2024-07-02 21:00:00,WLS_MLD_10,SENS_WLS_MLD_10,0.0,0.0,Green - Normal,89
2024-07-02 21:00:00,WLS_DHS_11,SENS_WLS_DHS_11,0.0,0.0,Green - Normal,95
2024-07-02 21:00:00,WLS_CHN_12,SENS_WLS_CHN_12,0.0,0.0,Green - Normal,98
2024-07-02 21:00:00,WLS_WRL_13,SENS_WLS_WRL_13,0.0,0.0,Green - Normal,88
2024-07-02 21:00:00,WLS_BYC_14,SENS_WLS_BYC_14,0.0,0.0,Green - Normal,100
2024-07-02 21:00:00,WLS_MNK_15,SENS_WLS_MNK_15,0.0,0.0,Green - Normal,89
2024-07-02 22:00:00,WLS_HND_01,SENS_WLS_HND_01,0.0,0.0,Green - Normal,88
2024-07-02 22:00:00,WLS_GND_02,SENS_WLS_GND_02,0.0,0.0,Green - Normal,94
2024-07-02 22:00:00,WLS_MLN_03,SENS_WLS_MLN_03,0.0,0.0,Green - Normal,99
2024-07-02 22:00:00,WLS_AND_04,SENS_WLS_AND_04,0.0,0.0,Green - Normal,88
2024-07-02 22:00:00,WLS_KHR_05,SENS_WLS_KHR_05,0.0,0.0,Green - Normal,93
2024-07-02 22:00:00,WLS_KRL_06,SENS_WLS_KRL_06,0.0,0.0,Green - Normal,92
2024-07-02 22:00:00,WLS_SIO_07,SENS_WLS_SIO_07,0.0,0.0,Green - Normal,96
2024-07-02 22:00:00,WLS_DDR_08,SENS_WLS_DDR_08,0.0,0.0,Green - Normal,90
2024-07-02 22:00:00,WLS_CHM_09,SENS_WLS_CHM_09,0.0,0.0,Green - Normal,88
2024-07-02 22:00:00,WLS_MLD_10,SENS_WLS_MLD_10,0.0,0.0,Green - Normal,97
2024-07-02 22:00:00,WLS_DHS_11,SENS_WLS_DHS_11,0.0,0.0,Green - Normal,91
2024-07-02 22:00:00,WLS_CHN_12,SENS_WLS_CHN_12,0.0,0.0,Green - Normal,89
2024-07-02 22:00:00,WLS_WRL_13,SENS_WLS_WRL_13,0.0,0.0,Green - Normal,89
2024-07-02 22:00:00,WLS_BYC_14,SENS_WLS_BYC_14,0.0,0.0,Green - Normal,96
2024-07-02 22:00:00,WLS_MNK_15,SENS_WLS_MNK_15,0.0,0.0,Green - Normal,93
2024-07-02 23:00:00,WLS_HND_01,SENS_WLS_HND_01,0.0,0.0,Green - Normal,93
2024-07-02 23:00:00,WLS_GND_02,SENS_WLS_GND_02,0.0,0.0,Green - Normal,100
2024-07-02 23:00:00,WLS_MLN_03,SENS_WLS_MLN_03,0.0,0.0,Green - Normal,88
2024-07-02 23:00:00,WLS_AND_04,SENS_WLS_AND_04,0.0,0.0,Green - Normal,93
2024-07-02 23:00:00,WLS_KHR_05,SENS_WLS_KHR_05,0.0,0.0,Green - Normal,92
2024-07-02 23:00:00,WLS_KRL_06,SENS_WLS_KRL_06,0.0,0.0,Green - Normal,91
2024-07-02 23:00:00,WLS_SIO_07,SENS_WLS_SIO_07,0.0,0.0,Green - Normal,88
2024-07-02 23:00:00,WLS_DDR_08,SENS_WLS_DDR_08,0.0,0.0,Green - Normal,91
2024-07-02 23:00:00,WLS_CHM_09,SENS_WLS_CHM_09,0.0,0.0,Green - Normal,90
2024-07-02 23:00:00,WLS_MLD_10,SENS_WLS_MLD_10,0.0,0.0,Green - Normal,100
2024-07-02 23:00:00,WLS_DHS_11,SENS_WLS_DHS_11,0.0,0.0,Green - Normal,94
2024-07-02 23:00:00,WLS_CHN_12,SENS_WLS_CHN_12,0.0,0.0,Green - Normal,93
2024-07-02 23:00:00,WLS_WRL_13,SENS_WLS_WRL_13,0.0,0.0,Green - Normal,99
2024-07-02 23:00:00,WLS_BYC_14,SENS_WLS_BYC_14,0.0,0.0,Green - Normal,97
2024-07-02 23:00:00,WLS_MNK_15,SENS_WLS_MNK_15,0.0,0.0,Green - Normal,97
2024-07-03 00:00:00,WLS_HND_01,SENS_WLS_HND_01,0.0,0.0,Green - Normal,97
2024-07-03 00:00:00,WLS_GND_02,SENS_WLS_GND_02,0.0,0.0,Green - Normal,88
2024-07-03 00:00:00,WLS_MLN_03,SENS_WLS_MLN_03,0.0,0.0,Green - Normal,90
2024-07-03 00:00:00,WLS_AND_04,SENS_WLS_AND_04,0.0,0.0,Green - Normal,99
2024-07-03 00:00:00,WLS_KHR_05,SENS_WLS_KHR_05,0.0,0.0,Green - Normal,98
2024-07-03 00:00:00,WLS_KRL_06,SENS_WLS_KRL_06,0.0,0.0,Green - Normal,98
2024-07-03 00:00:00,WLS_SIO_07,SENS_WLS_SIO_07,0.0,0.0,Green - Normal,95
2024-07-03 00:00:00,WLS_DDR_08,SENS_WLS_DDR_08,0.0,0.0,Green - Normal,93
2024-07-03 00:00:00,WLS_CHM_09,SENS_WLS_CHM_09,0.0,0.0,Green - Normal,97
2024-07-03 00:00:00,WLS_MLD_10,SENS_WLS_MLD_10,0.0,0.0,Green - Normal,96
2024-07-03 00:00:00,WLS_DHS_11,SENS_WLS_DHS_11,0.0,0.0,Green - Normal,98
2024-07-03 00:00:00,WLS_CHN_12,SENS_WLS_CHN_12,0.0,0.0,Green - Normal,97
2024-07-03 00:00:00,WLS_WRL_13,SENS_WLS_WRL_13,0.0,0.0,Green - Normal,95
2024-07-03 00:00:00,WLS_BYC_14,SENS_WLS_BYC_14,0.0,0.0,Green - Normal,91
2024-07-03 00:00:00,WLS_MNK_15,SENS_WLS_MNK_15,0.0,0.0,Green - Normal,96
2024-07-03 01:00:00,WLS_HND_01,SENS_WLS_HND_01,0.0,0.0,Green - Normal,93
2024-07-03 01:00:00,WLS_GND_02,SENS_WLS_GND_02,0.0,0.0,Green - Normal,97
2024-07-03 01:00:00,WLS_MLN_03,SENS_WLS_MLN_03,0.0,0.0,Green - Normal,100
2024-07-03 01:00:00,WLS_AND_04,SENS_WLS_AND_04,0.0,0.0,Green - Normal,92
2024-07-03 01:00:00,WLS_KHR_05,SENS_WLS_KHR_05,0.0,0.0,Green - Normal,98
2024-07-03 01:00:00,WLS_KRL_06,SENS_WLS_KRL_06,0.0,0.0,Green - Normal,95
2024-07-03 01:00:00,WLS_SIO_07,SENS_WLS_SIO_07,0.0,0.0,Green - Normal,93
2024-07-03 01:00:00,WLS_DDR_08,SENS_WLS_DDR_08,0.0,0.0,Green - Normal,96
2024-07-03 01:00:00,WLS_CHM_09,SENS_WLS_CHM_09,0.0,0.0,Green - Normal,91
2024-07-03 01:00:00,WLS_MLD_10,SENS_WLS_MLD_10,0.0,0.0,Green - Normal,96
2024-07-03 01:00:00,WLS_DHS_11,SENS_WLS_DHS_11,0.0,0.0,Green - Normal,100
2024-07-03 01:00:00,WLS_CHN_12,SENS_WLS_CHN_12,0.0,0.0,Green - Normal,94
2024-07-03 01:00:00,WLS_WRL_13,SENS_WLS_WRL_13,0.0,0.0,Green - Normal,90
2024-07-03 01:00:00,WLS_BYC_14,SENS_WLS_BYC_14,0.0,0.0,Green - Normal,93
2024-07-03 01:00:00,WLS_MNK_15,SENS_WLS_MNK_15,0.0,0.0,Green - Normal,97
2024-07-03 02:00:00,WLS_HND_01,SENS_WLS_HND_01,0.0,0.0,Green - Normal,94
2024-07-03 02:00:00,WLS_GND_02,SENS_WLS_GND_02,0.0,0.0,Green - Normal,99
2024-07-03 02:00:00,WLS_MLN_03,SENS_WLS_MLN_03,0.0,0.0,Green - Normal,89
2024-07-03 02:00:00,WLS_AND_04,SENS_WLS_AND_04,0.0,0.0,Green - Normal,96
2024-07-03 02:00:00,WLS_KHR_05,SENS_WLS_KHR_05,0.0,0.0,Green - Normal,88
2024-07-03 02:00:00,WLS_KRL_06,SENS_WLS_KRL_06,0.0,0.0,Green - Normal,93
2024-07-03 02:00:00,WLS_SIO_07,SENS_WLS_SIO_07,0.0,0.0,Green - Normal,96
2024-07-03 02:00:00,WLS_DDR_08,SENS_WLS_DDR_08,0.0,0.0,Green - Normal,88
2024-07-03 02:00:00,WLS_CHM_09,SENS_WLS_CHM_09,0.0,0.0,Green - Normal,88
2024-07-03 02:00:00,WLS_MLD_10,SENS_WLS_MLD_10,0.0,0.0,Green - Normal,92
2024-07-03 02:00:00,WLS_DHS_11,SENS_WLS_DHS_11,0.0,0.0,Green - Normal,95
2024-07-03 02:00:00,WLS_CHN_12,SENS_WLS_CHN_12,0.0,0.0,Green - Normal,91
2024-07-03 02:00:00,WLS_WRL_13,SENS_WLS_WRL_13,0.0,0.0,Green - Normal,88
2024-07-03 02:00:00,WLS_BYC_14,SENS_WLS_BYC_14,0.0,0.0,Green - Normal,94
2024-07-03 02:00:00,WLS_MNK_15,SENS_WLS_MNK_15,0.0,0.0,Green - Normal,95
2024-07-03 03:00:00,WLS_HND_01,SENS_WLS_HND_01,5.3,0.5,Green - Normal,97
2024-07-03 03:00:00,WLS_GND_02,SENS_WLS_GND_02,2.8,0.0,Green - Normal,93
2024-07-03 03:00:00,WLS_MLN_03,SENS_WLS_MLN_03,12.4,1.13,Green - Normal,100
2024-07-03 03:00:00,WLS_AND_04,SENS_WLS_AND_04,6.4,0.55,Green - Normal,97
2024-07-03 03:00:00,WLS_KHR_05,SENS_WLS_KHR_05,9.8,0.59,Green - Normal,88
2024-07-03 03:00:00,WLS_KRL_06,SENS_WLS_KRL_06,0.0,0.0,Green - Normal,99
2024-07-03 03:00:00,WLS_SIO_07,SENS_WLS_SIO_07,3.9,0.0,Green - Normal,96
2024-07-03 03:00:00,WLS_DDR_08,SENS_WLS_DDR_08,0.0,0.0,Green - Normal,92
2024-07-03 03:00:00,WLS_CHM_09,SENS_WLS_CHM_09,0.0,0.0,Green - Normal,99
2024-07-03 03:00:00,WLS_MLD_10,SENS_WLS_MLD_10,4.0,0.0,Green - Normal,93
2024-07-03 03:00:00,WLS_DHS_11,SENS_WLS_DHS_11,8.1,0.9,Green - Normal,94
2024-07-03 03:00:00,WLS_CHN_12,SENS_WLS_CHN_12,0.0,0.0,Green - Normal,94
2024-07-03 03:00:00,WLS_WRL_13,SENS_WLS_WRL_13,0.0,0.0,Green - Normal,100
2024-07-03 03:00:00,WLS_BYC_14,SENS_WLS_BYC_14,2.1,0.0,Green - Normal,98
2024-07-03 03:00:00,WLS_MNK_15,SENS_WLS_MNK_15,7.0,0.93,Green - Normal,95
2024-07-03 04:00:00,WLS_HND_01,SENS_WLS_HND_01,0.0,0.0,Green - Normal,89
2024-07-03 04:00:00,WLS_GND_02,SENS_WLS_GND_02,0.0,0.0,Green - Normal,95
2024-07-03 04:00:00,WLS_MLN_03,SENS_WLS_MLN_03,0.0,0.0,Green - Normal,100
2024-07-03 04:00:00,WLS_AND_04,SENS_WLS_AND_04,0.0,0.0,Green - Normal,93
2024-07-03 04:00:00,WLS_KHR_05,SENS_WLS_KHR_05,0.0,0.0,Green - Normal,99
2024-07-03 04:00:00,WLS_KRL_06,SENS_WLS_KRL_06,0.0,0.0,Green - Normal,93
2024-07-03 04:00:00,WLS_SIO_07,SENS_WLS_SIO_07,0.0,0.0,Green - Normal,98
2024-07-03 04:00:00,WLS_DDR_08,SENS_WLS_DDR_08,0.0,0.0,Green - Normal,90
2024-07-03 04:00:00,WLS_CHM_09,SENS_WLS_CHM_09,0.0,0.0,Green - Normal,93
2024-07-03 04:00:00,WLS_MLD_10,SENS_WLS_MLD_10,0.0,0.0,Green - Normal,91
2024-07-03 04:00:00,WLS_DHS_11,SENS_WLS_DHS_11,0.0,0.0,Green - Normal,88
2024-07-03 04:00:00,WLS_CHN_12,SENS_WLS_CHN_12,0.0,0.0,Green - Normal,99
2024-07-03 04:00:00,WLS_WRL_13,SENS_WLS_WRL_13,0.0,0.0,Green - Normal,100
2024-07-03 04:00:00,WLS_BYC_14,SENS_WLS_BYC_14,0.0,0.0,Green - Normal,99
2024-07-03 04:00:00,WLS_MNK_15,SENS_WLS_MNK_15,0.0,0.0,Green - Normal,91
2024-07-03 05:00:00,WLS_HND_01,SENS_WLS_HND_01,0.0,0.0,Green - Normal,97
2024-07-03 05:00:00,WLS_GND_02,SENS_WLS_GND_02,0.0,0.0,Green - Normal,92
2024-07-03 05:00:00,WLS_MLN_03,SENS_WLS_MLN_03,0.0,0.0,Green - Normal,96
2024-07-03 05:00:00,WLS_AND_04,SENS_WLS_AND_04,0.0,0.0,Green - Normal,89
2024-07-03 05:00:00,WLS_KHR_05,SENS_WLS_KHR_05,0.0,0.0,Green - Normal,90
2024-07-03 05:00:00,WLS_KRL_06,SENS_WLS_KRL_06,0.0,0.0,Green - Normal,100
2024-07-03 05:00:00,WLS_SIO_07,SENS_WLS_SIO_07,0.0,0.0,Green - Normal,94
2024-07-03 05:00:00,WLS_DDR_08,SENS_WLS_DDR_08,0.0,0.0,Green - Normal,95
2024-07-03 05:00:00,WLS_CHM_09,SENS_WLS_CHM_09,0.0,0.0,Green - Normal,99
2024-07-03 05:00:00,WLS_MLD_10,SENS_WLS_MLD_10,0.0,0.0,Green - Normal,92
2024-07-03 05:00:00,WLS_DHS_11,SENS_WLS_DHS_11,0.0,0.0,Green - Normal,88
2024-07-03 05:00:00,WLS_CHN_12,SENS_WLS_CHN_12,0.0,0.0,Green - Normal,90
2024-07-03 05:00:00,WLS_WRL_13,SENS_WLS_WRL_13,0.0,0.0,Green - Normal,99
2024-07-03 05:00:00,WLS_BYC_14,SENS_WLS_BYC_14,0.0,0.0,Green - Normal,92
2024-07-03 05:00:00,WLS_MNK_15,SENS_WLS_MNK_15,0.0,0.0,Green - Normal,100
2024-07-03 06:00:00,WLS_HND_01,SENS_WLS_HND_01,0.0,0.0,Green - Normal,97
2024-07-03 06:00:00,WLS_GND_02,SENS_WLS_GND_02,0.0,0.0,Green - Normal,96
2024-07-03 06:00:00,WLS_MLN_03,SENS_WLS_MLN_03,0.0,0.0,Green - Normal,97
2024-07-03 06:00:00,WLS_AND_04,SENS_WLS_AND_04,0.0,0.0,Green - Normal,95
2024-07-03 06:00:00,WLS_KHR_05,SENS_WLS_KHR_05,0.0,0.0,Green - Normal,90
2024-07-03 06:00:00,WLS_KRL_06,SENS_WLS_KRL_06,0.0,0.0,Green - Normal,100
2024-07-03 06:00:00,WLS_SIO_07,SENS_WLS_SIO_07,0.0,0.0,Green - Normal,93
2024-07-03 06:00:00,WLS_DDR_08,SENS_WLS_DDR_08,0.0,0.0,Green - Normal,96
2024-07-03 06:00:00,WLS_CHM_09,SENS_WLS_CHM_09,0.0,0.0,Green - Normal,100
2024-07-03 06:00:00,WLS_MLD_10,SENS_WLS_MLD_10,0.0,0.0,Green - Normal,88
2024-07-03 06:00:00,WLS_DHS_11,SENS_WLS_DHS_11,0.0,0.0,Green - Normal,93
2024-07-03 06:00:00,WLS_CHN_12,SENS_WLS_CHN_12,0.0,0.0,Green - Normal,99
2024-07-03 06:00:00,WLS_WRL_13,SENS_WLS_WRL_13,0.0,0.0,Green - Normal,91
2024-07-03 06:00:00,WLS_BYC_14,SENS_WLS_BYC_14,0.0,0.0,Green - Normal,99
2024-07-03 06:00:00,WLS_MNK_15,SENS_WLS_MNK_15,0.0,0.0,Green - Normal,97
2024-07-03 07:00:00,WLS_HND_01,SENS_WLS_HND_01,0.0,0.0,Green - Normal,89
2024-07-03 07:00:00,WLS_GND_02,SENS_WLS_GND_02,0.0,0.0,Green - Normal,88
2024-07-03 07:00:00,WLS_MLN_03,SENS_WLS_MLN_03,0.0,0.0,Green - Normal,91
2024-07-03 07:00:00,WLS_AND_04,SENS_WLS_AND_04,0.0,0.0,Green - Normal,90
2024-07-03 07:00:00,WLS_KHR_05,SENS_WLS_KHR_05,0.0,0.0,Green - Normal,88
2024-07-03 07:00:00,WLS_KRL_06,SENS_WLS_KRL_06,0.0,0.0,Green - Normal,89
2024-07-03 07:00:00,WLS_SIO_07,SENS_WLS_SIO_07,0.0,0.0,Green - Normal,92
2024-07-03 07:00:00,WLS_DDR_08,SENS_WLS_DDR_08,0.0,0.0,Green - Normal,92
2024-07-03 07:00:00,WLS_CHM_09,SENS_WLS_CHM_09,0.0,0.0,Green - Normal,96
2024-07-03 07:00:00,WLS_MLD_10,SENS_WLS_MLD_10,0.0,0.0,Green - Normal,93
2024-07-03 07:00:00,WLS_DHS_11,SENS_WLS_DHS_11,0.0,0.0,Green - Normal,99
2024-07-03 07:00:00,WLS_CHN_12,SENS_WLS_CHN_12,0.0,0.0,Green - Normal,92
2024-07-03 07:00:00,WLS_WRL_13,SENS_WLS_WRL_13,0.0,0.0,Green - Normal,97
2024-07-03 07:00:00,WLS_BYC_14,SENS_WLS_BYC_14,0.0,0.0,Green - Normal,91
2024-07-03 07:00:00,WLS_MNK_15,SENS_WLS_MNK_15,0.0,0.0,Green - Normal,93
2024-07-03 08:00:00,WLS_HND_01,SENS_WLS_HND_01,0.0,0.0,Green - Normal,94
2024-07-03 08:00:00,WLS_GND_02,SENS_WLS_GND_02,0.0,0.0,Green - Normal,90
2024-07-03 08:00:00,WLS_MLN_03,SENS_WLS_MLN_03,0.0,0.0,Green - Normal,94
2024-07-03 08:00:00,WLS_AND_04,SENS_WLS_AND_04,0.0,0.0,Green - Normal,89
2024-07-03 08:00:00,WLS_KHR_05,SENS_WLS_KHR_05,0.0,0.0,Green - Normal,96
2024-07-03 08:00:00,WLS_KRL_06,SENS_WLS_KRL_06,0.0,0.0,Green - Normal,99
2024-07-03 08:00:00,WLS_SIO_07,SENS_WLS_SIO_07,0.0,0.0,Green - Normal,88
2024-07-03 08:00:00,WLS_DDR_08,SENS_WLS_DDR_08,0.0,0.0,Green - Normal,89
2024-07-03 08:00:00,WLS_CHM_09,SENS_WLS_CHM_09,0.0,0.0,Green - Normal,91
2024-07-03 08:00:00,WLS_MLD_10,SENS_WLS_MLD_10,0.0,0.0,Green - Normal,95
2024-07-03 08:00:00,WLS_DHS_11,SENS_WLS_DHS_11,0.0,0.0,Green - Normal,93
2024-07-03 08:00:00,WLS_CHN_12,SENS_WLS_CHN_12,0.0,0.0,Green - Normal,88
2024-07-03 08:00:00,WLS_WRL_13,SENS_WLS_WRL_13,0.0,0.0,Green - Normal,91
2024-07-03 08:00:00,WLS_BYC_14,SENS_WLS_BYC_14,0.0,0.0,Green - Normal,88
2024-07-03 08:00:00,WLS_MNK_15,SENS_WLS_MNK_15,0.0,0.0,Green - Normal,96
2024-07-03 09:00:00,WLS_HND_01,SENS_WLS_HND_01,0.0,0.0,Green - Normal,90
2024-07-03 09:00:00,WLS_GND_02,SENS_WLS_GND_02,0.0,0.0,Green - Normal,91
2024-07-03 09:00:00,WLS_MLN_03,SENS_WLS_MLN_03,0.0,0.0,Green - Normal,88
2024-07-03 09:00:00,WLS_AND_04,SENS_WLS_AND_04,2.0,0.0,Green - Normal,97
2024-07-03 09:00:00,WLS_KHR_05,SENS_WLS_KHR_05,1.2,0.0,Green - Normal,100
2024-07-03 09:00:00,WLS_KRL_06,SENS_WLS_KRL_06,0.0,0.0,Green - Normal,92
2024-07-03 09:00:00,WLS_SIO_07,SENS_WLS_SIO_07,0.0,0.0,Green - Normal,98
2024-07-03 09:00:00,WLS_DDR_08,SENS_WLS_DDR_08,0.0,0.0,Green - Normal,100
2024-07-03 09:00:00,WLS_CHM_09,SENS_WLS_CHM_09,0.0,0.0,Green - Normal,89
2024-07-03 09:00:00,WLS_MLD_10,SENS_WLS_MLD_10,2.0,0.0,Green - Normal,98
2024-07-03 09:00:00,WLS_DHS_11,SENS_WLS_DHS_11,0.0,0.0,Green - Normal,96
2024-07-03 09:00:00,WLS_CHN_12,SENS_WLS_CHN_12,0.0,0.0,Green - Normal,96
2024-07-03 09:00:00,WLS_WRL_13,SENS_WLS_WRL_13,0.0,0.0,Green - Normal,93
2024-07-03 09:00:00,WLS_BYC_14,SENS_WLS_BYC_14,0.0,0.0,Green - Normal,100
2024-07-03 09:00:00,WLS_MNK_15,SENS_WLS_MNK_15,0.0,0.0,Green - Normal,98
2024-07-03 10:00:00,WLS_HND_01,SENS_WLS_HND_01,0.0,0.0,Green - Normal,99
2024-07-03 10:00:00,WLS_GND_02,SENS_WLS_GND_02,0.0,0.0,Green - Normal,99
2024-07-03 10:00:00,WLS_MLN_03,SENS_WLS_MLN_03,0.0,0.0,Green - Normal,96
2024-07-03 10:00:00,WLS_AND_04,SENS_WLS_AND_04,0.0,0.0,Green - Normal,97
2024-07-03 10:00:00,WLS_KHR_05,SENS_WLS_KHR_05,0.0,0.0,Green - Normal,100
2024-07-03 10:00:00,WLS_KRL_06,SENS_WLS_KRL_06,0.0,0.0,Green - Normal,93
2024-07-03 10:00:00,WLS_SIO_07,SENS_WLS_SIO_07,0.0,0.0,Green - Normal,99
2024-07-03 10:00:00,WLS_DDR_08,SENS_WLS_DDR_08,0.0,0.0,Green - Normal,91
2024-07-03 10:00:00,WLS_CHM_09,SENS_WLS_CHM_09,0.0,0.0,Green - Normal,91
2024-07-03 10:00:00,WLS_MLD_10,SENS_WLS_MLD_10,0.0,0.0,Green - Normal,91
2024-07-03 10:00:00,WLS_DHS_11,SENS_WLS_DHS_11,0.0,0.0,Green - Normal,88
2024-07-03 10:00:00,WLS_CHN_12,SENS_WLS_CHN_12,0.0,0.0,Green - Normal,98
2024-07-03 10:00:00,WLS_WRL_13,SENS_WLS_WRL_13,0.0,0.0,Green - Normal,91
2024-07-03 10:00:00,WLS_BYC_14,SENS_WLS_BYC_14,0.0,0.0,Green - Normal,100
2024-07-03 10:00:00,WLS_MNK_15,SENS_WLS_MNK_15,0.0,0.0,Green - Normal,99
2024-07-03 11:00:00,WLS_HND_01,SENS_WLS_HND_01,42.8,0.96,Amber Alert - Waterlogging,88
2024-07-03 11:00:00,WLS_GND_02,SENS_WLS_GND_02,41.5,0.15,Amber Alert - Waterlogging,88
2024-07-03 11:00:00,WLS_MLN_03,SENS_WLS_MLN_03,60.1,0.65,Red Alert - Inundated,94
2024-07-03 11:00:00,WLS_AND_04,SENS_WLS_AND_04,64.1,0.51,Red Alert - Inundated,100
2024-07-03 11:00:00,WLS_KHR_05,SENS_WLS_KHR_05,55.6,0.44,Red Alert - Inundated,91
2024-07-03 11:00:00,WLS_KRL_06,SENS_WLS_KRL_06,29.5,0.59,Amber Alert - Waterlogging,100
2024-07-03 11:00:00,WLS_SIO_07,SENS_WLS_SIO_07,32.3,1.09,Amber Alert - Waterlogging,95
2024-07-03 11:00:00,WLS_DDR_08,SENS_WLS_DDR_08,20.4,0.41,Amber Alert - Waterlogging,97
2024-07-03 11:00:00,WLS_CHM_09,SENS_WLS_CHM_09,13.9,0.29,Green - Normal,98
2024-07-03 11:00:00,WLS_MLD_10,SENS_WLS_MLD_10,49.0,0.13,Red Alert - Inundated,89
2024-07-03 11:00:00,WLS_DHS_11,SENS_WLS_DHS_11,47.9,0.26,Red Alert - Inundated,88
2024-07-03 11:00:00,WLS_CHN_12,SENS_WLS_CHN_12,33.9,1.0,Amber Alert - Waterlogging,93
2024-07-03 11:00:00,WLS_WRL_13,SENS_WLS_WRL_13,15.2,1.3,Amber Alert - Waterlogging,88
2024-07-03 11:00:00,WLS_BYC_14,SENS_WLS_BYC_14,24.5,0.86,Amber Alert - Waterlogging,88
2024-07-03 11:00:00,WLS_MNK_15,SENS_WLS_MNK_15,42.2,0.56,Amber Alert - Waterlogging,90
2024-07-03 12:00:00,WLS_HND_01,SENS_WLS_HND_01,13.9,1.02,Green - Normal,99
2024-07-03 12:00:00,WLS_GND_02,SENS_WLS_GND_02,14.7,0.83,Green - Normal,92
2024-07-03 12:00:00,WLS_MLN_03,SENS_WLS_MLN_03,23.1,0.55,Amber Alert - Waterlogging,96
2024-07-03 12:00:00,WLS_AND_04,SENS_WLS_AND_04,18.7,0.87,Amber Alert - Waterlogging,98
2024-07-03 12:00:00,WLS_KHR_05,SENS_WLS_KHR_05,18.0,0.51,Amber Alert - Waterlogging,89
2024-07-03 12:00:00,WLS_KRL_06,SENS_WLS_KRL_06,12.8,1.33,Green - Normal,100
2024-07-03 12:00:00,WLS_SIO_07,SENS_WLS_SIO_07,8.8,0.59,Green - Normal,94
2024-07-03 12:00:00,WLS_DDR_08,SENS_WLS_DDR_08,6.7,0.27,Green - Normal,93
2024-07-03 12:00:00,WLS_CHM_09,SENS_WLS_CHM_09,3.6,0.0,Green - Normal,90
2024-07-03 12:00:00,WLS_MLD_10,SENS_WLS_MLD_10,13.2,0.86,Green - Normal,93
2024-07-03 12:00:00,WLS_DHS_11,SENS_WLS_DHS_11,10.4,0.28,Green - Normal,93
2024-07-03 12:00:00,WLS_CHN_12,SENS_WLS_CHN_12,14.5,1.08,Green - Normal,97
2024-07-03 12:00:00,WLS_WRL_13,SENS_WLS_WRL_13,0.0,0.0,Green - Normal,93
2024-07-03 12:00:00,WLS_BYC_14,SENS_WLS_BYC_14,11.7,0.74,Green - Normal,94
2024-07-03 12:00:00,WLS_MNK_15,SENS_WLS_MNK_15,8.3,0.8,Green - Normal,92
2024-07-03 13:00:00,WLS_HND_01,SENS_WLS_HND_01,0.0,0.0,Green - Normal,100
2024-07-03 13:00:00,WLS_GND_02,SENS_WLS_GND_02,0.0,0.0,Green - Normal,88
2024-07-03 13:00:00,WLS_MLN_03,SENS_WLS_MLN_03,0.0,0.0,Green - Normal,94
2024-07-03 13:00:00,WLS_AND_04,SENS_WLS_AND_04,0.0,0.0,Green - Normal,89
2024-07-03 13:00:00,WLS_KHR_05,SENS_WLS_KHR_05,0.0,0.0,Green - Normal,98
2024-07-03 13:00:00,WLS_KRL_06,SENS_WLS_KRL_06,0.0,0.0,Green - Normal,99
2024-07-03 13:00:00,WLS_SIO_07,SENS_WLS_SIO_07,0.0,0.0,Green - Normal,95
2024-07-03 13:00:00,WLS_DDR_08,SENS_WLS_DDR_08,0.0,0.0,Green - Normal,92
2024-07-03 13:00:00,WLS_CHM_09,SENS_WLS_CHM_09,0.0,0.0,Green - Normal,97
2024-07-03 13:00:00,WLS_MLD_10,SENS_WLS_MLD_10,0.0,0.0,Green - Normal,93
2024-07-03 13:00:00,WLS_DHS_11,SENS_WLS_DHS_11,0.0,0.0,Green - Normal,93
2024-07-03 13:00:00,WLS_CHN_12,SENS_WLS_CHN_12,0.0,0.0,Green - Normal,93
2024-07-03 13:00:00,WLS_WRL_13,SENS_WLS_WRL_13,0.0,0.0,Green - Normal,96
2024-07-03 13:00:00,WLS_BYC_14,SENS_WLS_BYC_14,0.0,0.0,Green - Normal,91
2024-07-03 13:00:00,WLS_MNK_15,SENS_WLS_MNK_15,0.0,0.0,Green - Normal,90
2024-07-03 14:00:00,WLS_HND_01,SENS_WLS_HND_01,0.0,0.0,Green - Normal,97
2024-07-03 14:00:00,WLS_GND_02,SENS_WLS_GND_02,0.0,0.0,Green - Normal,95
2024-07-03 14:00:00,WLS_MLN_03,SENS_WLS_MLN_03,0.0,0.0,Green - Normal,92
2024-07-03 14:00:00,WLS_AND_04,SENS_WLS_AND_04,0.0,0.0,Green - Normal,89
2024-07-03 14:00:00,WLS_KHR_05,SENS_WLS_KHR_05,0.0,0.0,Green - Normal,99
2024-07-03 14:00:00,WLS_KRL_06,SENS_WLS_KRL_06,0.0,0.0,Green - Normal,97
2024-07-03 14:00:00,WLS_SIO_07,SENS_WLS_SIO_07,0.0,0.0,Green - Normal,92
2024-07-03 14:00:00,WLS_DDR_08,SENS_WLS_DDR_08,0.0,0.0,Green - Normal,94
2024-07-03 14:00:00,WLS_CHM_09,SENS_WLS_CHM_09,0.0,0.0,Green - Normal,89
2024-07-03 14:00:00,WLS_MLD_10,SENS_WLS_MLD_10,0.0,0.0,Green - Normal,99
2024-07-03 14:00:00,WLS_DHS_11,SENS_WLS_DHS_11,0.0,0.0,Green - Normal,93
2024-07-03 14:00:00,WLS_CHN_12,SENS_WLS_CHN_12,0.0,0.0,Green - Normal,99
2024-07-03 14:00:00,WLS_WRL_13,SENS_WLS_WRL_13,0.0,0.0,Green - Normal,91
2024-07-03 14:00:00,WLS_BYC_14,SENS_WLS_BYC_14,0.0,0.0,Green - Normal,96
2024-07-03 14:00:00,WLS_MNK_15,SENS_WLS_MNK_15,0.0,0.0,Green - Normal,88
2024-07-03 15:00:00,WLS_HND_01,SENS_WLS_HND_01,0.0,0.0,Green - Normal,95
2024-07-03 15:00:00,WLS_GND_02,SENS_WLS_GND_02,0.0,0.0,Green - Normal,94
2024-07-03 15:00:00,WLS_MLN_03,SENS_WLS_MLN_03,0.0,0.0,Green - Normal,97
2024-07-03 15:00:00,WLS_AND_04,SENS_WLS_AND_04,0.0,0.0,Green - Normal,98
2024-07-03 15:00:00,WLS_KHR_05,SENS_WLS_KHR_05,0.0,0.0,Green - Normal,89
2024-07-03 15:00:00,WLS_KRL_06,SENS_WLS_KRL_06,0.0,0.0,Green - Normal,91
2024-07-03 15:00:00,WLS_SIO_07,SENS_WLS_SIO_07,0.0,0.0,Green - Normal,92
2024-07-03 15:00:00,WLS_DDR_08,SENS_WLS_DDR_08,0.0,0.0,Green - Normal,94
2024-07-03 15:00:00,WLS_CHM_09,SENS_WLS_CHM_09,0.0,0.0,Green - Normal,95
2024-07-03 15:00:00,WLS_MLD_10,SENS_WLS_MLD_10,0.0,0.0,Green - Normal,96
2024-07-03 15:00:00,WLS_DHS_11,SENS_WLS_DHS_11,0.0,0.0,Green - Normal,93
2024-07-03 15:00:00,WLS_CHN_12,SENS_WLS_CHN_12,0.0,0.0,Green - Normal,98
2024-07-03 15:00:00,WLS_WRL_13,SENS_WLS_WRL_13,0.0,0.0,Green - Normal,93
2024-07-03 15:00:00,WLS_BYC_14,SENS_WLS_BYC_14,0.0,0.0,Green - Normal,99
2024-07-03 15:00:00,WLS_MNK_15,SENS_WLS_MNK_15,0.0,0.0,Green - Normal,97
2024-07-03 16:00:00,WLS_HND_01,SENS_WLS_HND_01,0.0,0.0,Green - Normal,93
2024-07-03 16:00:00,WLS_GND_02,SENS_WLS_GND_02,0.0,0.0,Green - Normal,98
2024-07-03 16:00:00,WLS_MLN_03,SENS_WLS_MLN_03,0.0,0.0,Green - Normal,93
2024-07-03 16:00:00,WLS_AND_04,SENS_WLS_AND_04,0.0,0.0,Green - Normal,99
2024-07-03 16:00:00,WLS_KHR_05,SENS_WLS_KHR_05,0.0,0.0,Green - Normal,89
2024-07-03 16:00:00,WLS_KRL_06,SENS_WLS_KRL_06,0.0,0.0,Green - Normal,96
2024-07-03 16:00:00,WLS_SIO_07,SENS_WLS_SIO_07,0.0,0.0,Green - Normal,100
2024-07-03 16:00:00,WLS_DDR_08,SENS_WLS_DDR_08,0.0,0.0,Green - Normal,95
2024-07-03 16:00:00,WLS_CHM_09,SENS_WLS_CHM_09,0.0,0.0,Green - Normal,93
2024-07-03 16:00:00,WLS_MLD_10,SENS_WLS_MLD_10,0.0,0.0,Green - Normal,90
2024-07-03 16:00:00,WLS_DHS_11,SENS_WLS_DHS_11,0.0,0.0,Green - Normal,95
2024-07-03 16:00:00,WLS_CHN_12,SENS_WLS_CHN_12,0.0,0.0,Green - Normal,89
2024-07-03 16:00:00,WLS_WRL_13,SENS_WLS_WRL_13,0.0,0.0,Green - Normal,93
2024-07-03 16:00:00,WLS_BYC_14,SENS_WLS_BYC_14,0.0,0.0,Green - Normal,88
2024-07-03 16:00:00,WLS_MNK_15,SENS_WLS_MNK_15,0.0,0.0,Green - Normal,95
2024-07-03 17:00:00,WLS_HND_01,SENS_WLS_HND_01,0.0,0.0,Green - Normal,89
2024-07-03 17:00:00,WLS_GND_02,SENS_WLS_GND_02,0.0,0.0,Green - Normal,97
2024-07-03 17:00:00,WLS_MLN_03,SENS_WLS_MLN_03,0.0,0.0,Green - Normal,89
2024-07-03 17:00:00,WLS_AND_04,SENS_WLS_AND_04,0.0,0.0,Green - Normal,99
2024-07-03 17:00:00,WLS_KHR_05,SENS_WLS_KHR_05,0.0,0.0,Green - Normal,95
2024-07-03 17:00:00,WLS_KRL_06,SENS_WLS_KRL_06,0.0,0.0,Green - Normal,92
2024-07-03 17:00:00,WLS_SIO_07,SENS_WLS_SIO_07,0.0,0.0,Green - Normal,94
2024-07-03 17:00:00,WLS_DDR_08,SENS_WLS_DDR_08,0.0,0.0,Green - Normal,96
2024-07-03 17:00:00,WLS_CHM_09,SENS_WLS_CHM_09,0.0,0.0,Green - Normal,90
2024-07-03 17:00:00,WLS_MLD_10,SENS_WLS_MLD_10,0.0,0.0,Green - Normal,96
2024-07-03 17:00:00,WLS_DHS_11,SENS_WLS_DHS_11,0.0,0.0,Green - Normal,96
2024-07-03 17:00:00,WLS_CHN_12,SENS_WLS_CHN_12,0.0,0.0,Green - Normal,91
2024-07-03 17:00:00,WLS_WRL_13,SENS_WLS_WRL_13,0.0,0.0,Green - Normal,91
2024-07-03 17:00:00,WLS_BYC_14,SENS_WLS_BYC_14,0.0,0.0,Green - Normal,89
2024-07-03 17:00:00,WLS_MNK_15,SENS_WLS_MNK_15,0.0,0.0,Green - Normal,100
2024-07-03 18:00:00,WLS_HND_01,SENS_WLS_HND_01,1.4,0.0,Green - Normal,95
2024-07-03 18:00:00,WLS_GND_02,SENS_WLS_GND_02,4.2,0.0,Green - Normal,93
2024-07-03 18:00:00,WLS_MLN_03,SENS_WLS_MLN_03,0.0,0.0,Green - Normal,100
2024-07-03 18:00:00,WLS_AND_04,SENS_WLS_AND_04,2.8,0.0,Green - Normal,96
2024-07-03 18:00:00,WLS_KHR_05,SENS_WLS_KHR_05,7.1,0.21,Green - Normal,89
2024-07-03 18:00:00,WLS_KRL_06,SENS_WLS_KRL_06,0.0,0.0,Green - Normal,97
2024-07-03 18:00:00,WLS_SIO_07,SENS_WLS_SIO_07,0.0,0.0,Green - Normal,95
2024-07-03 18:00:00,WLS_DDR_08,SENS_WLS_DDR_08,0.0,0.0,Green - Normal,88
2024-07-03 18:00:00,WLS_CHM_09,SENS_WLS_CHM_09,0.0,0.0,Green - Normal,95
2024-07-03 18:00:00,WLS_MLD_10,SENS_WLS_MLD_10,0.0,0.0,Green - Normal,94
2024-07-03 18:00:00,WLS_DHS_11,SENS_WLS_DHS_11,3.7,0.0,Green - Normal,94
2024-07-03 18:00:00,WLS_CHN_12,SENS_WLS_CHN_12,0.0,0.0,Green - Normal,99
2024-07-03 18:00:00,WLS_WRL_13,SENS_WLS_WRL_13,0.0,0.0,Green - Normal,88
2024-07-03 18:00:00,WLS_BYC_14,SENS_WLS_BYC_14,2.4,0.0,Green - Normal,91
2024-07-03 18:00:00,WLS_MNK_15,SENS_WLS_MNK_15,0.0,0.0,Green - Normal,97
2024-07-03 19:00:00,WLS_HND_01,SENS_WLS_HND_01,0.0,0.0,Green - Normal,88
2024-07-03 19:00:00,WLS_GND_02,SENS_WLS_GND_02,0.0,0.0,Green - Normal,99
2024-07-03 19:00:00,WLS_MLN_03,SENS_WLS_MLN_03,0.0,0.0,Green - Normal,90
2024-07-03 19:00:00,WLS_AND_04,SENS_WLS_AND_04,0.0,0.0,Green - Normal,94
2024-07-03 19:00:00,WLS_KHR_05,SENS_WLS_KHR_05,0.0,0.0,Green - Normal,93
2024-07-03 19:00:00,WLS_KRL_06,SENS_WLS_KRL_06,0.0,0.0,Green - Normal,96
2024-07-03 19:00:00,WLS_SIO_07,SENS_WLS_SIO_07,0.0,0.0,Green - Normal,91
2024-07-03 19:00:00,WLS_DDR_08,SENS_WLS_DDR_08,0.0,0.0,Green - Normal,93
2024-07-03 19:00:00,WLS_CHM_09,SENS_WLS_CHM_09,0.0,0.0,Green - Normal,94
2024-07-03 19:00:00,WLS_MLD_10,SENS_WLS_MLD_10,0.0,0.0,Green - Normal,97
2024-07-03 19:00:00,WLS_DHS_11,SENS_WLS_DHS_11,0.0,0.0,Green - Normal,93
2024-07-03 19:00:00,WLS_CHN_12,SENS_WLS_CHN_12,0.0,0.0,Green - Normal,97
2024-07-03 19:00:00,WLS_WRL_13,SENS_WLS_WRL_13,0.0,0.0,Green - Normal,95
2024-07-03 19:00:00,WLS_BYC_14,SENS_WLS_BYC_14,0.0,0.0,Green - Normal,95
2024-07-03 19:00:00,WLS_MNK_15,SENS_WLS_MNK_15,0.0,0.0,Green - Normal,100
2024-07-03 20:00:00,WLS_HND_01,SENS_WLS_HND_01,0.0,0.0,Green - Normal,93
2024-07-03 20:00:00,WLS_GND_02,SENS_WLS_GND_02,0.0,0.0,Green - Normal,91
2024-07-03 20:00:00,WLS_MLN_03,SENS_WLS_MLN_03,0.0,0.0,Green - Normal,98
2024-07-03 20:00:00,WLS_AND_04,SENS_WLS_AND_04,0.0,0.0,Green - Normal,94
2024-07-03 20:00:00,WLS_KHR_05,SENS_WLS_KHR_05,0.0,0.0,Green - Normal,98
2024-07-03 20:00:00,WLS_KRL_06,SENS_WLS_KRL_06,0.0,0.0,Green - Normal,100
2024-07-03 20:00:00,WLS_SIO_07,SENS_WLS_SIO_07,0.0,0.0,Green - Normal,93
2024-07-03 20:00:00,WLS_DDR_08,SENS_WLS_DDR_08,0.0,0.0,Green - Normal,90
2024-07-03 20:00:00,WLS_CHM_09,SENS_WLS_CHM_09,0.0,0.0,Green - Normal,96
2024-07-03 20:00:00,WLS_MLD_10,SENS_WLS_MLD_10,0.0,0.0,Green - Normal,94
2024-07-03 20:00:00,WLS_DHS_11,SENS_WLS_DHS_11,0.0,0.0,Green - Normal,100
2024-07-03 20:00:00,WLS_CHN_12,SENS_WLS_CHN_12,0.0,0.0,Green - Normal,98
2024-07-03 20:00:00,WLS_WRL_13,SENS_WLS_WRL_13,0.0,0.0,Green - Normal,88
2024-07-03 20:00:00,WLS_BYC_14,SENS_WLS_BYC_14,0.0,0.0,Green - Normal,90
2024-07-03 20:00:00,WLS_MNK_15,SENS_WLS_MNK_15,0.0,0.0,Green - Normal,89
2024-07-03 21:00:00,WLS_HND_01,SENS_WLS_HND_01,0.0,0.0,Green - Normal,100
2024-07-03 21:00:00,WLS_GND_02,SENS_WLS_GND_02,0.0,0.0,Green - Normal,90
2024-07-03 21:00:00,WLS_MLN_03,SENS_WLS_MLN_03,0.0,0.0,Green - Normal,88
2024-07-03 21:00:00,WLS_AND_04,SENS_WLS_AND_04,0.0,0.0,Green - Normal,93
2024-07-03 21:00:00,WLS_KHR_05,SENS_WLS_KHR_05,0.0,0.0,Green - Normal,90
2024-07-03 21:00:00,WLS_KRL_06,SENS_WLS_KRL_06,0.0,0.0,Green - Normal,95
2024-07-03 21:00:00,WLS_SIO_07,SENS_WLS_SIO_07,0.0,0.0,Green - Normal,98
2024-07-03 21:00:00,WLS_DDR_08,SENS_WLS_DDR_08,0.0,0.0,Green - Normal,98
2024-07-03 21:00:00,WLS_CHM_09,SENS_WLS_CHM_09,0.0,0.0,Green - Normal,88
2024-07-03 21:00:00,WLS_MLD_10,SENS_WLS_MLD_10,0.0,0.0,Green - Normal,91
2024-07-03 21:00:00,WLS_DHS_11,SENS_WLS_DHS_11,0.0,0.0,Green - Normal,99
2024-07-03 21:00:00,WLS_CHN_12,SENS_WLS_CHN_12,0.0,0.0,Green - Normal,88
2024-07-03 21:00:00,WLS_WRL_13,SENS_WLS_WRL_13,0.0,0.0,Green - Normal,99
2024-07-03 21:00:00,WLS_BYC_14,SENS_WLS_BYC_14,0.0,0.0,Green - Normal,89
2024-07-03 21:00:00,WLS_MNK_15,SENS_WLS_MNK_15,0.0,0.0,Green - Normal,89
2024-07-03 22:00:00,WLS_HND_01,SENS_WLS_HND_01,0.0,0.0,Green - Normal,93
2024-07-03 22:00:00,WLS_GND_02,SENS_WLS_GND_02,0.0,0.0,Green - Normal,98
2024-07-03 22:00:00,WLS_MLN_03,SENS_WLS_MLN_03,0.0,0.0,Green - Normal,100
2024-07-03 22:00:00,WLS_AND_04,SENS_WLS_AND_04,0.0,0.0,Green - Normal,91
2024-07-03 22:00:00,WLS_KHR_05,SENS_WLS_KHR_05,0.0,0.0,Green - Normal,90
2024-07-03 22:00:00,WLS_KRL_06,SENS_WLS_KRL_06,0.0,0.0,Green - Normal,88
2024-07-03 22:00:00,WLS_SIO_07,SENS_WLS_SIO_07,0.0,0.0,Green - Normal,97
2024-07-03 22:00:00,WLS_DDR_08,SENS_WLS_DDR_08,0.0,0.0,Green - Normal,100
2024-07-03 22:00:00,WLS_CHM_09,SENS_WLS_CHM_09,0.0,0.0,Green - Normal,97
2024-07-03 22:00:00,WLS_MLD_10,SENS_WLS_MLD_10,0.0,0.0,Green - Normal,98
2024-07-03 22:00:00,WLS_DHS_11,SENS_WLS_DHS_11,0.0,0.0,Green - Normal,92
2024-07-03 22:00:00,WLS_CHN_12,SENS_WLS_CHN_12,0.0,0.0,Green - Normal,95
2024-07-03 22:00:00,WLS_WRL_13,SENS_WLS_WRL_13,0.0,0.0,Green - Normal,99
2024-07-03 22:00:00,WLS_BYC_14,SENS_WLS_BYC_14,0.0,0.0,Green - Normal,94
2024-07-03 22:00:00,WLS_MNK_15,SENS_WLS_MNK_15,0.0,0.0,Green - Normal,96
2024-07-03 23:00:00,WLS_HND_01,SENS_WLS_HND_01,0.0,0.0,Green - Normal,90
2024-07-03 23:00:00,WLS_GND_02,SENS_WLS_GND_02,0.0,0.0,Green - Normal,91
2024-07-03 23:00:00,WLS_MLN_03,SENS_WLS_MLN_03,0.0,0.0,Green - Normal,91
2024-07-03 23:00:00,WLS_AND_04,SENS_WLS_AND_04,0.0,0.0,Green - Normal,96
2024-07-03 23:00:00,WLS_KHR_05,SENS_WLS_KHR_05,0.0,0.0,Green - Normal,97
2024-07-03 23:00:00,WLS_KRL_06,SENS_WLS_KRL_06,0.0,0.0,Green - Normal,97
2024-07-03 23:00:00,WLS_SIO_07,SENS_WLS_SIO_07,0.0,0.0,Green - Normal,93
2024-07-03 23:00:00,WLS_DDR_08,SENS_WLS_DDR_08,0.0,0.0,Green - Normal,89
2024-07-03 23:00:00,WLS_CHM_09,SENS_WLS_CHM_09,0.0,0.0,Green - Normal,89
2024-07-03 23:00:00,WLS_MLD_10,SENS_WLS_MLD_10,0.0,0.0,Green - Normal,91
2024-07-03 23:00:00,WLS_DHS_11,SENS_WLS_DHS_11,0.0,0.0,Green - Normal,97
2024-07-03 23:00:00,WLS_CHN_12,SENS_WLS_CHN_12,0.0,0.0,Green - Normal,90
2024-07-03 23:00:00,WLS_WRL_13,SENS_WLS_WRL_13,0.0,0.0,Green - Normal,99
2024-07-03 23:00:00,WLS_BYC_14,SENS_WLS_BYC_14,0.0,0.0,Green - Normal,90
2024-07-03 23:00:00,WLS_MNK_15,SENS_WLS_MNK_15,0.0,0.0,Green - Normal,96
2024-07-04 00:00:00,WLS_HND_01,SENS_WLS_HND_01,0.0,0.0,Green - Normal,93
2024-07-04 00:00:00,WLS_GND_02,SENS_WLS_GND_02,0.0,0.0,Green - Normal,91
2024-07-04 00:00:00,WLS_MLN_03,SENS_WLS_MLN_03,0.0,0.0,Green - Normal,98
2024-07-04 00:00:00,WLS_AND_04,SENS_WLS_AND_04,0.0,0.0,Green - Normal,98
2024-07-04 00:00:00,WLS_KHR_05,SENS_WLS_KHR_05,0.0,0.0,Green - Normal,100
2024-07-04 00:00:00,WLS_KRL_06,SENS_WLS_KRL_06,0.0,0.0,Green - Normal,99
2024-07-04 00:00:00,WLS_SIO_07,SENS_WLS_SIO_07,0.0,0.0,Green - Normal,99
2024-07-04 00:00:00,WLS_DDR_08,SENS_WLS_DDR_08,0.0,0.0,Green - Normal,92
2024-07-04 00:00:00,WLS_CHM_09,SENS_WLS_CHM_09,0.0,0.0,Green - Normal,90
2024-07-04 00:00:00,WLS_MLD_10,SENS_WLS_MLD_10,0.0,0.0,Green - Normal,100
2024-07-04 00:00:00,WLS_DHS_11,SENS_WLS_DHS_11,0.0,0.0,Green - Normal,94
2024-07-04 00:00:00,WLS_CHN_12,SENS_WLS_CHN_12,0.0,0.0,Green - Normal,92
2024-07-04 00:00:00,WLS_WRL_13,SENS_WLS_WRL_13,0.0,0.0,Green - Normal,100
2024-07-04 00:00:00,WLS_BYC_14,SENS_WLS_BYC_14,0.0,0.0,Green - Normal,97
2024-07-04 00:00:00,WLS_MNK_15,SENS_WLS_MNK_15,0.0,0.0,Green - Normal,93
2024-07-04 01:00:00,WLS_HND_01,SENS_WLS_HND_01,22.6,0.25,Amber Alert - Waterlogging,94
2024-07-04 01:00:00,WLS_GND_02,SENS_WLS_GND_02,22.5,0.39,Amber Alert - Waterlogging,100
2024-07-04 01:00:00,WLS_MLN_03,SENS_WLS_MLN_03,35.8,0.91,Amber Alert - Waterlogging,88
2024-07-04 01:00:00,WLS_AND_04,SENS_WLS_AND_04,32.6,0.15,Amber Alert - Waterlogging,92
2024-07-04 01:00:00,WLS_KHR_05,SENS_WLS_KHR_05,23.9,1.02,Amber Alert - Waterlogging,98
2024-07-04 01:00:00,WLS_KRL_06,SENS_WLS_KRL_06,12.9,0.52,Green - Normal,97
2024-07-04 01:00:00,WLS_SIO_07,SENS_WLS_SIO_07,16.2,0.98,Amber Alert - Waterlogging,90
2024-07-04 01:00:00,WLS_DDR_08,SENS_WLS_DDR_08,11.1,1.19,Green - Normal,94
2024-07-04 01:00:00,WLS_CHM_09,SENS_WLS_CHM_09,2.1,0.0,Green - Normal,100
2024-07-04 01:00:00,WLS_MLD_10,SENS_WLS_MLD_10,22.1,0.63,Amber Alert - Waterlogging,94
2024-07-04 01:00:00,WLS_DHS_11,SENS_WLS_DHS_11,27.9,1.18,Amber Alert - Waterlogging,95
2024-07-04 01:00:00,WLS_CHN_12,SENS_WLS_CHN_12,23.0,0.46,Amber Alert - Waterlogging,99
2024-07-04 01:00:00,WLS_WRL_13,SENS_WLS_WRL_13,1.7,0.0,Green - Normal,96
2024-07-04 01:00:00,WLS_BYC_14,SENS_WLS_BYC_14,9.4,0.15,Green - Normal,100
2024-07-04 01:00:00,WLS_MNK_15,SENS_WLS_MNK_15,21.9,0.51,Amber Alert - Waterlogging,95
2024-07-04 02:00:00,WLS_HND_01,SENS_WLS_HND_01,0.0,0.0,Green - Normal,92
2024-07-04 02:00:00,WLS_GND_02,SENS_WLS_GND_02,0.0,0.0,Green - Normal,90
2024-07-04 02:00:00,WLS_MLN_03,SENS_WLS_MLN_03,0.0,0.0,Green - Normal,96
2024-07-04 02:00:00,WLS_AND_04,SENS_WLS_AND_04,0.0,0.0,Green - Normal,95
2024-07-04 02:00:00,WLS_KHR_05,SENS_WLS_KHR_05,0.0,0.0,Green - Normal,93
2024-07-04 02:00:00,WLS_KRL_06,SENS_WLS_KRL_06,0.0,0.0,Green - Normal,89
2024-07-04 02:00:00,WLS_SIO_07,SENS_WLS_SIO_07,0.0,0.0,Green - Normal,92
2024-07-04 02:00:00,WLS_DDR_08,SENS_WLS_DDR_08,0.0,0.0,Green - Normal,91
2024-07-04 02:00:00,WLS_CHM_09,SENS_WLS_CHM_09,0.0,0.0,Green - Normal,95
2024-07-04 02:00:00,WLS_MLD_10,SENS_WLS_MLD_10,0.0,0.0,Green - Normal,99
2024-07-04 02:00:00,WLS_DHS_11,SENS_WLS_DHS_11,0.0,0.0,Green - Normal,89
2024-07-04 02:00:00,WLS_CHN_12,SENS_WLS_CHN_12,0.0,0.0,Green - Normal,96
2024-07-04 02:00:00,WLS_WRL_13,SENS_WLS_WRL_13,0.0,0.0,Green - Normal,91
2024-07-04 02:00:00,WLS_BYC_14,SENS_WLS_BYC_14,0.0,0.0,Green - Normal,90
2024-07-04 02:00:00,WLS_MNK_15,SENS_WLS_MNK_15,0.0,0.0,Green - Normal,99
2024-07-04 03:00:00,WLS_HND_01,SENS_WLS_HND_01,0.0,0.0,Green - Normal,93
2024-07-04 03:00:00,WLS_GND_02,SENS_WLS_GND_02,0.0,0.0,Green - Normal,92
2024-07-04 03:00:00,WLS_MLN_03,SENS_WLS_MLN_03,0.0,0.0,Green - Normal,98
2024-07-04 03:00:00,WLS_AND_04,SENS_WLS_AND_04,0.0,0.0,Green - Normal,90
2024-07-04 03:00:00,WLS_KHR_05,SENS_WLS_KHR_05,0.0,0.0,Green - Normal,99
2024-07-04 03:00:00,WLS_KRL_06,SENS_WLS_KRL_06,0.0,0.0,Green - Normal,90
2024-07-04 03:00:00,WLS_SIO_07,SENS_WLS_SIO_07,0.0,0.0,Green - Normal,94
2024-07-04 03:00:00,WLS_DDR_08,SENS_WLS_DDR_08,0.0,0.0,Green - Normal,100
2024-07-04 03:00:00,WLS_CHM_09,SENS_WLS_CHM_09,0.0,0.0,Green - Normal,92
2024-07-04 03:00:00,WLS_MLD_10,SENS_WLS_MLD_10,0.0,0.0,Green - Normal,88
2024-07-04 03:00:00,WLS_DHS_11,SENS_WLS_DHS_11,0.0,0.0,Green - Normal,94
2024-07-04 03:00:00,WLS_CHN_12,SENS_WLS_CHN_12,0.0,0.0,Green - Normal,91
2024-07-04 03:00:00,WLS_WRL_13,SENS_WLS_WRL_13,0.0,0.0,Green - Normal,100
2024-07-04 03:00:00,WLS_BYC_14,SENS_WLS_BYC_14,0.0,0.0,Green - Normal,96
2024-07-04 03:00:00,WLS_MNK_15,SENS_WLS_MNK_15,0.0,0.0,Green - Normal,88
2024-07-04 04:00:00,WLS_HND_01,SENS_WLS_HND_01,0.0,0.0,Green - Normal,93
2024-07-04 04:00:00,WLS_GND_02,SENS_WLS_GND_02,0.0,0.0,Green - Normal,91
2024-07-04 04:00:00,WLS_MLN_03,SENS_WLS_MLN_03,0.0,0.0,Green - Normal,91
2024-07-04 04:00:00,WLS_AND_04,SENS_WLS_AND_04,0.0,0.0,Green - Normal,94
2024-07-04 04:00:00,WLS_KHR_05,SENS_WLS_KHR_05,0.0,0.0,Green - Normal,89
2024-07-04 04:00:00,WLS_KRL_06,SENS_WLS_KRL_06,0.0,0.0,Green - Normal,90
2024-07-04 04:00:00,WLS_SIO_07,SENS_WLS_SIO_07,0.0,0.0,Green - Normal,99
2024-07-04 04:00:00,WLS_DDR_08,SENS_WLS_DDR_08,0.0,0.0,Green - Normal,100
2024-07-04 04:00:00,WLS_CHM_09,SENS_WLS_CHM_09,0.0,0.0,Green - Normal,96
2024-07-04 04:00:00,WLS_MLD_10,SENS_WLS_MLD_10,0.0,0.0,Green - Normal,91
2024-07-04 04:00:00,WLS_DHS_11,SENS_WLS_DHS_11,0.0,0.0,Green - Normal,93
2024-07-04 04:00:00,WLS_CHN_12,SENS_WLS_CHN_12,0.0,0.0,Green - Normal,89
2024-07-04 04:00:00,WLS_WRL_13,SENS_WLS_WRL_13,0.0,0.0,Green - Normal,93
2024-07-04 04:00:00,WLS_BYC_14,SENS_WLS_BYC_14,0.0,0.0,Green - Normal,92
2024-07-04 04:00:00,WLS_MNK_15,SENS_WLS_MNK_15,0.0,0.0,Green - Normal,97
2024-07-04 05:00:00,WLS_HND_01,SENS_WLS_HND_01,0.0,0.0,Green - Normal,92
2024-07-04 05:00:00,WLS_GND_02,SENS_WLS_GND_02,0.0,0.0,Green - Normal,95
2024-07-04 05:00:00,WLS_MLN_03,SENS_WLS_MLN_03,0.0,0.0,Green - Normal,92
2024-07-04 05:00:00,WLS_AND_04,SENS_WLS_AND_04,0.0,0.0,Green - Normal,96
2024-07-04 05:00:00,WLS_KHR_05,SENS_WLS_KHR_05,0.0,0.0,Green - Normal,92
2024-07-04 05:00:00,WLS_KRL_06,SENS_WLS_KRL_06,0.0,0.0,Green - Normal,91
2024-07-04 05:00:00,WLS_SIO_07,SENS_WLS_SIO_07,0.0,0.0,Green - Normal,98
2024-07-04 05:00:00,WLS_DDR_08,SENS_WLS_DDR_08,0.0,0.0,Green - Normal,100
2024-07-04 05:00:00,WLS_CHM_09,SENS_WLS_CHM_09,0.0,0.0,Green - Normal,88
2024-07-04 05:00:00,WLS_MLD_10,SENS_WLS_MLD_10,0.0,0.0,Green - Normal,99
2024-07-04 05:00:00,WLS_DHS_11,SENS_WLS_DHS_11,0.0,0.0,Green - Normal,88
2024-07-04 05:00:00,WLS_CHN_12,SENS_WLS_CHN_12,0.0,0.0,Green - Normal,99
2024-07-04 05:00:00,WLS_WRL_13,SENS_WLS_WRL_13,0.0,0.0,Green - Normal,92
2024-07-04 05:00:00,WLS_BYC_14,SENS_WLS_BYC_14,0.0,0.0,Green - Normal,100
2024-07-04 05:00:00,WLS_MNK_15,SENS_WLS_MNK_15,0.0,0.0,Green - Normal,95
2024-07-04 06:00:00,WLS_HND_01,SENS_WLS_HND_01,0.0,0.0,Green - Normal,90
2024-07-04 06:00:00,WLS_GND_02,SENS_WLS_GND_02,5.2,1.13,Green - Normal,91
2024-07-04 06:00:00,WLS_MLN_03,SENS_WLS_MLN_03,9.6,0.68,Green - Normal,96
2024-07-04 06:00:00,WLS_AND_04,SENS_WLS_AND_04,5.3,0.1,Green - Normal,88
2024-07-04 06:00:00,WLS_KHR_05,SENS_WLS_KHR_05,3.4,0.0,Green - Normal,95
2024-07-04 06:00:00,WLS_KRL_06,SENS_WLS_KRL_06,0.0,0.0,Green - Normal,90
2024-07-04 06:00:00,WLS_SIO_07,SENS_WLS_SIO_07,0.0,0.0,Green - Normal,89
2024-07-04 06:00:00,WLS_DDR_08,SENS_WLS_DDR_08,0.0,0.0,Green - Normal,90
2024-07-04 06:00:00,WLS_CHM_09,SENS_WLS_CHM_09,0.0,0.0,Green - Normal,99
2024-07-04 06:00:00,WLS_MLD_10,SENS_WLS_MLD_10,7.4,0.17,Green - Normal,91
2024-07-04 06:00:00,WLS_DHS_11,SENS_WLS_DHS_11,8.2,0.99,Green - Normal,97
2024-07-04 06:00:00,WLS_CHN_12,SENS_WLS_CHN_12,0.0,0.0,Green - Normal,100
2024-07-04 06:00:00,WLS_WRL_13,SENS_WLS_WRL_13,0.0,0.0,Green - Normal,88
2024-07-04 06:00:00,WLS_BYC_14,SENS_WLS_BYC_14,1.7,0.0,Green - Normal,94
2024-07-04 06:00:00,WLS_MNK_15,SENS_WLS_MNK_15,8.9,1.31,Green - Normal,96
2024-07-04 07:00:00,WLS_HND_01,SENS_WLS_HND_01,0.0,0.0,Green - Normal,98
2024-07-04 07:00:00,WLS_GND_02,SENS_WLS_GND_02,0.0,0.0,Green - Normal,99
2024-07-04 07:00:00,WLS_MLN_03,SENS_WLS_MLN_03,0.0,0.0,Green - Normal,90
2024-07-04 07:00:00,WLS_AND_04,SENS_WLS_AND_04,0.0,0.0,Green - Normal,99
2024-07-04 07:00:00,WLS_KHR_05,SENS_WLS_KHR_05,0.0,0.0,Green - Normal,99
2024-07-04 07:00:00,WLS_KRL_06,SENS_WLS_KRL_06,0.0,0.0,Green - Normal,99
2024-07-04 07:00:00,WLS_SIO_07,SENS_WLS_SIO_07,0.0,0.0,Green - Normal,99
2024-07-04 07:00:00,WLS_DDR_08,SENS_WLS_DDR_08,0.0,0.0,Green - Normal,93
2024-07-04 07:00:00,WLS_CHM_09,SENS_WLS_CHM_09,0.0,0.0,Green - Normal,89
2024-07-04 07:00:00,WLS_MLD_10,SENS_WLS_MLD_10,0.0,0.0,Green - Normal,98
2024-07-04 07:00:00,WLS_DHS_11,SENS_WLS_DHS_11,0.0,0.0,Green - Normal,92
2024-07-04 07:00:00,WLS_CHN_12,SENS_WLS_CHN_12,0.0,0.0,Green - Normal,96
2024-07-04 07:00:00,WLS_WRL_13,SENS_WLS_WRL_13,0.0,0.0,Green - Normal,94
2024-07-04 07:00:00,WLS_BYC_14,SENS_WLS_BYC_14,0.0,0.0,Green - Normal,99
2024-07-04 07:00:00,WLS_MNK_15,SENS_WLS_MNK_15,0.0,0.0,Green - Normal,98
2024-07-04 08:00:00,WLS_HND_01,SENS_WLS_HND_01,0.0,0.0,Green - Normal,97
2024-07-04 08:00:00,WLS_GND_02,SENS_WLS_GND_02,0.0,0.0,Green - Normal,90
2024-07-04 08:00:00,WLS_MLN_03,SENS_WLS_MLN_03,0.0,0.0,Green - Normal,100
2024-07-04 08:00:00,WLS_AND_04,SENS_WLS_AND_04,0.0,0.0,Green - Normal,92
2024-07-04 08:00:00,WLS_KHR_05,SENS_WLS_KHR_05,0.0,0.0,Green - Normal,96
2024-07-04 08:00:00,WLS_KRL_06,SENS_WLS_KRL_06,0.0,0.0,Green - Normal,100
2024-07-04 08:00:00,WLS_SIO_07,SENS_WLS_SIO_07,0.0,0.0,Green - Normal,91
2024-07-04 08:00:00,WLS_DDR_08,SENS_WLS_DDR_08,0.0,0.0,Green - Normal,91
2024-07-04 08:00:00,WLS_CHM_09,SENS_WLS_CHM_09,0.0,0.0,Green - Normal,95
2024-07-04 08:00:00,WLS_MLD_10,SENS_WLS_MLD_10,0.0,0.0,Green - Normal,100
2024-07-04 08:00:00,WLS_DHS_11,SENS_WLS_DHS_11,0.0,0.0,Green - Normal,90
2024-07-04 08:00:00,WLS_CHN_12,SENS_WLS_CHN_12,0.0,0.0,Green - Normal,93
2024-07-04 08:00:00,WLS_WRL_13,SENS_WLS_WRL_13,0.0,0.0,Green - Normal,96
2024-07-04 08:00:00,WLS_BYC_14,SENS_WLS_BYC_14,0.0,0.0,Green - Normal,98
2024-07-04 08:00:00,WLS_MNK_15,SENS_WLS_MNK_15,0.0,0.0,Green - Normal,89
2024-07-04 09:00:00,WLS_HND_01,SENS_WLS_HND_01,0.0,0.0,Green - Normal,90
2024-07-04 09:00:00,WLS_GND_02,SENS_WLS_GND_02,0.0,0.0,Green - Normal,95
2024-07-04 09:00:00,WLS_MLN_03,SENS_WLS_MLN_03,0.0,0.0,Green - Normal,99
2024-07-04 09:00:00,WLS_AND_04,SENS_WLS_AND_04,0.0,0.0,Green - Normal,96
2024-07-04 09:00:00,WLS_KHR_05,SENS_WLS_KHR_05,0.0,0.0,Green - Normal,88
2024-07-04 09:00:00,WLS_KRL_06,SENS_WLS_KRL_06,0.0,0.0,Green - Normal,98
2024-07-04 09:00:00,WLS_SIO_07,SENS_WLS_SIO_07,0.0,0.0,Green - Normal,99
2024-07-04 09:00:00,WLS_DDR_08,SENS_WLS_DDR_08,0.0,0.0,Green - Normal,95
2024-07-04 09:00:00,WLS_CHM_09,SENS_WLS_CHM_09,0.0,0.0,Green - Normal,89
2024-07-04 09:00:00,WLS_MLD_10,SENS_WLS_MLD_10,0.0,0.0,Green - Normal,89
2024-07-04 09:00:00,WLS_DHS_11,SENS_WLS_DHS_11,0.0,0.0,Green - Normal,98
2024-07-04 09:00:00,WLS_CHN_12,SENS_WLS_CHN_12,0.0,0.0,Green - Normal,94
2024-07-04 09:00:00,WLS_WRL_13,SENS_WLS_WRL_13,0.0,0.0,Green - Normal,92
2024-07-04 09:00:00,WLS_BYC_14,SENS_WLS_BYC_14,0.0,0.0,Green - Normal,94
2024-07-04 09:00:00,WLS_MNK_15,SENS_WLS_MNK_15,0.0,0.0,Green - Normal,94
2024-07-04 10:00:00,WLS_HND_01,SENS_WLS_HND_01,0.0,0.0,Green - Normal,89
2024-07-04 10:00:00,WLS_GND_02,SENS_WLS_GND_02,0.1,0.0,Green - Normal,92
2024-07-04 10:00:00,WLS_MLN_03,SENS_WLS_MLN_03,1.6,0.0,Green - Normal,91
2024-07-04 10:00:00,WLS_AND_04,SENS_WLS_AND_04,0.5,0.0,Green - Normal,95
2024-07-04 10:00:00,WLS_KHR_05,SENS_WLS_KHR_05,0.0,0.0,Green - Normal,92
2024-07-04 10:00:00,WLS_KRL_06,SENS_WLS_KRL_06,0.0,0.0,Green - Normal,88
2024-07-04 10:00:00,WLS_SIO_07,SENS_WLS_SIO_07,0.0,0.0,Green - Normal,92
2024-07-04 10:00:00,WLS_DDR_08,SENS_WLS_DDR_08,0.0,0.0,Green - Normal,88
2024-07-04 10:00:00,WLS_CHM_09,SENS_WLS_CHM_09,0.0,0.0,Green - Normal,88
2024-07-04 10:00:00,WLS_MLD_10,SENS_WLS_MLD_10,0.0,0.0,Green - Normal,98
2024-07-04 10:00:00,WLS_DHS_11,SENS_WLS_DHS_11,0.0,0.0,Green - Normal,97
2024-07-04 10:00:00,WLS_CHN_12,SENS_WLS_CHN_12,0.0,0.0,Green - Normal,94
2024-07-04 10:00:00,WLS_WRL_13,SENS_WLS_WRL_13,0.0,0.0,Green - Normal,92
2024-07-04 10:00:00,WLS_BYC_14,SENS_WLS_BYC_14,0.0,0.0,Green - Normal,95
2024-07-04 10:00:00,WLS_MNK_15,SENS_WLS_MNK_15,0.0,0.0,Green - Normal,88
2024-07-04 11:00:00,WLS_HND_01,SENS_WLS_HND_01,0.0,0.0,Green - Normal,98
2024-07-04 11:00:00,WLS_GND_02,SENS_WLS_GND_02,0.0,0.0,Green - Normal,95
2024-07-04 11:00:00,WLS_MLN_03,SENS_WLS_MLN_03,0.0,0.0,Green - Normal,97
2024-07-04 11:00:00,WLS_AND_04,SENS_WLS_AND_04,0.0,0.0,Green - Normal,96
2024-07-04 11:00:00,WLS_KHR_05,SENS_WLS_KHR_05,0.0,0.0,Green - Normal,91
2024-07-04 11:00:00,WLS_KRL_06,SENS_WLS_KRL_06,0.0,0.0,Green - Normal,100
2024-07-04 11:00:00,WLS_SIO_07,SENS_WLS_SIO_07,0.0,0.0,Green - Normal,94
2024-07-04 11:00:00,WLS_DDR_08,SENS_WLS_DDR_08,0.0,0.0,Green - Normal,99
2024-07-04 11:00:00,WLS_CHM_09,SENS_WLS_CHM_09,0.0,0.0,Green - Normal,93
2024-07-04 11:00:00,WLS_MLD_10,SENS_WLS_MLD_10,0.0,0.0,Green - Normal,92
2024-07-04 11:00:00,WLS_DHS_11,SENS_WLS_DHS_11,0.0,0.0,Green - Normal,95
2024-07-04 11:00:00,WLS_CHN_12,SENS_WLS_CHN_12,0.0,0.0,Green - Normal,100
2024-07-04 11:00:00,WLS_WRL_13,SENS_WLS_WRL_13,0.0,0.0,Green - Normal,99
2024-07-04 11:00:00,WLS_BYC_14,SENS_WLS_BYC_14,0.0,0.0,Green - Normal,92
2024-07-04 11:00:00,WLS_MNK_15,SENS_WLS_MNK_15,0.0,0.0,Green - Normal,92
2024-07-04 12:00:00,WLS_HND_01,SENS_WLS_HND_01,0.0,0.0,Green - Normal,89
2024-07-04 12:00:00,WLS_GND_02,SENS_WLS_GND_02,0.0,0.0,Green - Normal,90
2024-07-04 12:00:00,WLS_MLN_03,SENS_WLS_MLN_03,0.0,0.0,Green - Normal,97
2024-07-04 12:00:00,WLS_AND_04,SENS_WLS_AND_04,0.0,0.0,Green - Normal,98
2024-07-04 12:00:00,WLS_KHR_05,SENS_WLS_KHR_05,0.0,0.0,Green - Normal,96
2024-07-04 12:00:00,WLS_KRL_06,SENS_WLS_KRL_06,0.0,0.0,Green - Normal,90
2024-07-04 12:00:00,WLS_SIO_07,SENS_WLS_SIO_07,0.0,0.0,Green - Normal,94
2024-07-04 12:00:00,WLS_DDR_08,SENS_WLS_DDR_08,0.0,0.0,Green - Normal,89
2024-07-04 12:00:00,WLS_CHM_09,SENS_WLS_CHM_09,0.0,0.0,Green - Normal,96
2024-07-04 12:00:00,WLS_MLD_10,SENS_WLS_MLD_10,0.0,0.0,Green - Normal,92
2024-07-04 12:00:00,WLS_DHS_11,SENS_WLS_DHS_11,0.0,0.0,Green - Normal,96
2024-07-04 12:00:00,WLS_CHN_12,SENS_WLS_CHN_12,0.0,0.0,Green - Normal,88
2024-07-04 12:00:00,WLS_WRL_13,SENS_WLS_WRL_13,0.0,0.0,Green - Normal,97
2024-07-04 12:00:00,WLS_BYC_14,SENS_WLS_BYC_14,0.0,0.0,Green - Normal,90
2024-07-04 12:00:00,WLS_MNK_15,SENS_WLS_MNK_15,0.0,0.0,Green - Normal,89
2024-07-04 13:00:00,WLS_HND_01,SENS_WLS_HND_01,0.0,0.0,Green - Normal,97
2024-07-04 13:00:00,WLS_GND_02,SENS_WLS_GND_02,0.0,0.0,Green - Normal,98
2024-07-04 13:00:00,WLS_MLN_03,SENS_WLS_MLN_03,0.0,0.0,Green - Normal,96
2024-07-04 13:00:00,WLS_AND_04,SENS_WLS_AND_04,0.0,0.0,Green - Normal,89
2024-07-04 13:00:00,WLS_KHR_05,SENS_WLS_KHR_05,0.0,0.0,Green - Normal,93
2024-07-04 13:00:00,WLS_KRL_06,SENS_WLS_KRL_06,0.0,0.0,Green - Normal,88
2024-07-04 13:00:00,WLS_SIO_07,SENS_WLS_SIO_07,0.0,0.0,Green - Normal,93
2024-07-04 13:00:00,WLS_DDR_08,SENS_WLS_DDR_08,0.0,0.0,Green - Normal,97
2024-07-04 13:00:00,WLS_CHM_09,SENS_WLS_CHM_09,0.0,0.0,Green - Normal,98
2024-07-04 13:00:00,WLS_MLD_10,SENS_WLS_MLD_10,0.0,0.0,Green - Normal,89
2024-07-04 13:00:00,WLS_DHS_11,SENS_WLS_DHS_11,0.0,0.0,Green - Normal,99
2024-07-04 13:00:00,WLS_CHN_12,SENS_WLS_CHN_12,0.0,0.0,Green - Normal,89
2024-07-04 13:00:00,WLS_WRL_13,SENS_WLS_WRL_13,0.0,0.0,Green - Normal,88
2024-07-04 13:00:00,WLS_BYC_14,SENS_WLS_BYC_14,0.0,0.0,Green - Normal,95
2024-07-04 13:00:00,WLS_MNK_15,SENS_WLS_MNK_15,0.0,0.0,Green - Normal,91
2024-07-04 14:00:00,WLS_HND_01,SENS_WLS_HND_01,0.0,0.0,Green - Normal,100
2024-07-04 14:00:00,WLS_GND_02,SENS_WLS_GND_02,0.0,0.0,Green - Normal,89
2024-07-04 14:00:00,WLS_MLN_03,SENS_WLS_MLN_03,0.0,0.0,Green - Normal,100
2024-07-04 14:00:00,WLS_AND_04,SENS_WLS_AND_04,0.0,0.0,Green - Normal,89
2024-07-04 14:00:00,WLS_KHR_05,SENS_WLS_KHR_05,0.0,0.0,Green - Normal,99
2024-07-04 14:00:00,WLS_KRL_06,SENS_WLS_KRL_06,0.0,0.0,Green - Normal,90
2024-07-04 14:00:00,WLS_SIO_07,SENS_WLS_SIO_07,0.0,0.0,Green - Normal,97
2024-07-04 14:00:00,WLS_DDR_08,SENS_WLS_DDR_08,0.0,0.0,Green - Normal,95
2024-07-04 14:00:00,WLS_CHM_09,SENS_WLS_CHM_09,0.0,0.0,Green - Normal,100
2024-07-04 14:00:00,WLS_MLD_10,SENS_WLS_MLD_10,0.0,0.0,Green - Normal,97
2024-07-04 14:00:00,WLS_DHS_11,SENS_WLS_DHS_11,0.0,0.0,Green - Normal,92
2024-07-04 14:00:00,WLS_CHN_12,SENS_WLS_CHN_12,0.0,0.0,Green - Normal,100
2024-07-04 14:00:00,WLS_WRL_13,SENS_WLS_WRL_13,0.0,0.0,Green - Normal,100
2024-07-04 14:00:00,WLS_BYC_14,SENS_WLS_BYC_14,0.0,0.0,Green - Normal,93
2024-07-04 14:00:00,WLS_MNK_15,SENS_WLS_MNK_15,0.0,0.0,Green - Normal,92
2024-07-04 15:00:00,WLS_HND_01,SENS_WLS_HND_01,0.0,0.0,Green - Normal,91
2024-07-04 15:00:00,WLS_GND_02,SENS_WLS_GND_02,0.0,0.0,Green - Normal,91
2024-07-04 15:00:00,WLS_MLN_03,SENS_WLS_MLN_03,0.0,0.0,Green - Normal,99
2024-07-04 15:00:00,WLS_AND_04,SENS_WLS_AND_04,0.0,0.0,Green - Normal,98
2024-07-04 15:00:00,WLS_KHR_05,SENS_WLS_KHR_05,0.0,0.0,Green - Normal,90
2024-07-04 15:00:00,WLS_KRL_06,SENS_WLS_KRL_06,0.0,0.0,Green - Normal,96
2024-07-04 15:00:00,WLS_SIO_07,SENS_WLS_SIO_07,0.0,0.0,Green - Normal,92
2024-07-04 15:00:00,WLS_DDR_08,SENS_WLS_DDR_08,0.0,0.0,Green - Normal,95
2024-07-04 15:00:00,WLS_CHM_09,SENS_WLS_CHM_09,0.0,0.0,Green - Normal,88
2024-07-04 15:00:00,WLS_MLD_10,SENS_WLS_MLD_10,0.0,0.0,Green - Normal,94
2024-07-04 15:00:00,WLS_DHS_11,SENS_WLS_DHS_11,0.0,0.0,Green - Normal,92
2024-07-04 15:00:00,WLS_CHN_12,SENS_WLS_CHN_12,0.0,0.0,Green - Normal,99
2024-07-04 15:00:00,WLS_WRL_13,SENS_WLS_WRL_13,0.0,0.0,Green - Normal,92
2024-07-04 15:00:00,WLS_BYC_14,SENS_WLS_BYC_14,0.0,0.0,Green - Normal,92
2024-07-04 15:00:00,WLS_MNK_15,SENS_WLS_MNK_15,0.0,0.0,Green - Normal,89
2024-07-04 16:00:00,WLS_HND_01,SENS_WLS_HND_01,36.2,0.31,Amber Alert - Waterlogging,89
2024-07-04 16:00:00,WLS_GND_02,SENS_WLS_GND_02,30.1,1.04,Amber Alert - Waterlogging,98
2024-07-04 16:00:00,WLS_MLN_03,SENS_WLS_MLN_03,45.9,0.3,Red Alert - Inundated,91
2024-07-04 16:00:00,WLS_AND_04,SENS_WLS_AND_04,50.5,0.32,Red Alert - Inundated,93
2024-07-04 16:00:00,WLS_KHR_05,SENS_WLS_KHR_05,39.7,1.01,Amber Alert - Waterlogging,96
2024-07-04 16:00:00,WLS_KRL_06,SENS_WLS_KRL_06,28.7,0.9,Amber Alert - Waterlogging,93
2024-07-04 16:00:00,WLS_SIO_07,SENS_WLS_SIO_07,23.0,0.35,Amber Alert - Waterlogging,97
2024-07-04 16:00:00,WLS_DDR_08,SENS_WLS_DDR_08,20.2,0.41,Amber Alert - Waterlogging,100
2024-07-04 16:00:00,WLS_CHM_09,SENS_WLS_CHM_09,16.5,1.02,Amber Alert - Waterlogging,95
2024-07-04 16:00:00,WLS_MLD_10,SENS_WLS_MLD_10,44.2,0.41,Amber Alert - Waterlogging,92
2024-07-04 16:00:00,WLS_DHS_11,SENS_WLS_DHS_11,35.5,0.14,Amber Alert - Waterlogging,92
2024-07-04 16:00:00,WLS_CHN_12,SENS_WLS_CHN_12,30.0,0.86,Amber Alert - Waterlogging,99
2024-07-04 16:00:00,WLS_WRL_13,SENS_WLS_WRL_13,7.3,0.96,Green - Normal,92
2024-07-04 16:00:00,WLS_BYC_14,SENS_WLS_BYC_14,19.5,1.11,Amber Alert - Waterlogging,91
2024-07-04 16:00:00,WLS_MNK_15,SENS_WLS_MNK_15,31.0,0.45,Amber Alert - Waterlogging,91
2024-07-04 17:00:00,WLS_HND_01,SENS_WLS_HND_01,0.0,0.0,Green - Normal,97
2024-07-04 17:00:00,WLS_GND_02,SENS_WLS_GND_02,0.0,0.0,Green - Normal,98
2024-07-04 17:00:00,WLS_MLN_03,SENS_WLS_MLN_03,0.0,0.0,Green - Normal,88
2024-07-04 17:00:00,WLS_AND_04,SENS_WLS_AND_04,0.0,0.0,Green - Normal,98
2024-07-04 17:00:00,WLS_KHR_05,SENS_WLS_KHR_05,0.0,0.0,Green - Normal,94
2024-07-04 17:00:00,WLS_KRL_06,SENS_WLS_KRL_06,0.0,0.0,Green - Normal,92
2024-07-04 17:00:00,WLS_SIO_07,SENS_WLS_SIO_07,0.0,0.0,Green - Normal,97
2024-07-04 17:00:00,WLS_DDR_08,SENS_WLS_DDR_08,0.0,0.0,Green - Normal,94
2024-07-04 17:00:00,WLS_CHM_09,SENS_WLS_CHM_09,0.0,0.0,Green - Normal,99
2024-07-04 17:00:00,WLS_MLD_10,SENS_WLS_MLD_10,0.0,0.0,Green - Normal,96
2024-07-04 17:00:00,WLS_DHS_11,SENS_WLS_DHS_11,0.0,0.0,Green - Normal,92
2024-07-04 17:00:00,WLS_CHN_12,SENS_WLS_CHN_12,0.0,0.0,Green - Normal,98
2024-07-04 17:00:00,WLS_WRL_13,SENS_WLS_WRL_13,0.0,0.0,Green - Normal,89
2024-07-04 17:00:00,WLS_BYC_14,SENS_WLS_BYC_14,0.0,0.0,Green - Normal,93
2024-07-04 17:00:00,WLS_MNK_15,SENS_WLS_MNK_15,0.0,0.0,Green - Normal,90
2024-07-04 18:00:00,WLS_HND_01,SENS_WLS_HND_01,0.0,0.0,Green - Normal,96
2024-07-04 18:00:00,WLS_GND_02,SENS_WLS_GND_02,0.0,0.0,Green - Normal,88
2024-07-04 18:00:00,WLS_MLN_03,SENS_WLS_MLN_03,0.0,0.0,Green - Normal,96
2024-07-04 18:00:00,WLS_AND_04,SENS_WLS_AND_04,0.0,0.0,Green - Normal,94
2024-07-04 18:00:00,WLS_KHR_05,SENS_WLS_KHR_05,0.0,0.0,Green - Normal,95
2024-07-04 18:00:00,WLS_KRL_06,SENS_WLS_KRL_06,0.0,0.0,Green - Normal,94
2024-07-04 18:00:00,WLS_SIO_07,SENS_WLS_SIO_07,0.0,0.0,Green - Normal,88
2024-07-04 18:00:00,WLS_DDR_08,SENS_WLS_DDR_08,0.0,0.0,Green - Normal,89
2024-07-04 18:00:00,WLS_CHM_09,SENS_WLS_CHM_09,0.0,0.0,Green - Normal,100
2024-07-04 18:00:00,WLS_MLD_10,SENS_WLS_MLD_10,0.0,0.0,Green - Normal,92
2024-07-04 18:00:00,WLS_DHS_11,SENS_WLS_DHS_11,0.0,0.0,Green - Normal,97
2024-07-04 18:00:00,WLS_CHN_12,SENS_WLS_CHN_12,0.0,0.0,Green - Normal,98
2024-07-04 18:00:00,WLS_WRL_13,SENS_WLS_WRL_13,0.0,0.0,Green - Normal,89
2024-07-04 18:00:00,WLS_BYC_14,SENS_WLS_BYC_14,0.0,0.0,Green - Normal,92
2024-07-04 18:00:00,WLS_MNK_15,SENS_WLS_MNK_15,0.0,0.0,Green - Normal,91
2024-07-04 19:00:00,WLS_HND_01,SENS_WLS_HND_01,0.0,0.0,Green - Normal,99
2024-07-04 19:00:00,WLS_GND_02,SENS_WLS_GND_02,0.0,0.0,Green - Normal,99
2024-07-04 19:00:00,WLS_MLN_03,SENS_WLS_MLN_03,0.0,0.0,Green - Normal,97
2024-07-04 19:00:00,WLS_AND_04,SENS_WLS_AND_04,0.0,0.0,Green - Normal,94
2024-07-04 19:00:00,WLS_KHR_05,SENS_WLS_KHR_05,0.0,0.0,Green - Normal,91
2024-07-04 19:00:00,WLS_KRL_06,SENS_WLS_KRL_06,0.0,0.0,Green - Normal,98
2024-07-04 19:00:00,WLS_SIO_07,SENS_WLS_SIO_07,0.0,0.0,Green - Normal,99
2024-07-04 19:00:00,WLS_DDR_08,SENS_WLS_DDR_08,0.0,0.0,Green - Normal,91
2024-07-04 19:00:00,WLS_CHM_09,SENS_WLS_CHM_09,0.0,0.0,Green - Normal,100
2024-07-04 19:00:00,WLS_MLD_10,SENS_WLS_MLD_10,0.0,0.0,Green - Normal,96
2024-07-04 19:00:00,WLS_DHS_11,SENS_WLS_DHS_11,0.0,0.0,Green - Normal,95
2024-07-04 19:00:00,WLS_CHN_12,SENS_WLS_CHN_12,0.0,0.0,Green - Normal,93
2024-07-04 19:00:00,WLS_WRL_13,SENS_WLS_WRL_13,0.0,0.0,Green - Normal,97
2024-07-04 19:00:00,WLS_BYC_14,SENS_WLS_BYC_14,0.0,0.0,Green - Normal,96
2024-07-04 19:00:00,WLS_MNK_15,SENS_WLS_MNK_15,0.0,0.0,Green - Normal,90
2024-07-04 20:00:00,WLS_HND_01,SENS_WLS_HND_01,0.0,0.0,Green - Normal,93
2024-07-04 20:00:00,WLS_GND_02,SENS_WLS_GND_02,0.0,0.0,Green - Normal,96
2024-07-04 20:00:00,WLS_MLN_03,SENS_WLS_MLN_03,0.0,0.0,Green - Normal,96
2024-07-04 20:00:00,WLS_AND_04,SENS_WLS_AND_04,0.0,0.0,Green - Normal,96
2024-07-04 20:00:00,WLS_KHR_05,SENS_WLS_KHR_05,0.0,0.0,Green - Normal,93
2024-07-04 20:00:00,WLS_KRL_06,SENS_WLS_KRL_06,0.0,0.0,Green - Normal,88
2024-07-04 20:00:00,WLS_SIO_07,SENS_WLS_SIO_07,0.0,0.0,Green - Normal,99
2024-07-04 20:00:00,WLS_DDR_08,SENS_WLS_DDR_08,0.0,0.0,Green - Normal,88
2024-07-04 20:00:00,WLS_CHM_09,SENS_WLS_CHM_09,0.0,0.0,Green - Normal,92
2024-07-04 20:00:00,WLS_MLD_10,SENS_WLS_MLD_10,0.0,0.0,Green - Normal,90
2024-07-04 20:00:00,WLS_DHS_11,SENS_WLS_DHS_11,0.0,0.0,Green - Normal,88
2024-07-04 20:00:00,WLS_CHN_12,SENS_WLS_CHN_12,0.0,0.0,Green - Normal,91
2024-07-04 20:00:00,WLS_WRL_13,SENS_WLS_WRL_13,0.0,0.0,Green - Normal,89
2024-07-04 20:00:00,WLS_BYC_14,SENS_WLS_BYC_14,0.0,0.0,Green - Normal,90
2024-07-04 20:00:00,WLS_MNK_15,SENS_WLS_MNK_15,0.0,0.0,Green - Normal,88
2024-07-04 21:00:00,WLS_HND_01,SENS_WLS_HND_01,0.0,0.0,Green - Normal,98
2024-07-04 21:00:00,WLS_GND_02,SENS_WLS_GND_02,0.0,0.0,Green - Normal,93
2024-07-04 21:00:00,WLS_MLN_03,SENS_WLS_MLN_03,0.0,0.0,Green - Normal,100
2024-07-04 21:00:00,WLS_AND_04,SENS_WLS_AND_04,0.0,0.0,Green - Normal,100
2024-07-04 21:00:00,WLS_KHR_05,SENS_WLS_KHR_05,0.0,0.0,Green - Normal,99
2024-07-04 21:00:00,WLS_KRL_06,SENS_WLS_KRL_06,0.0,0.0,Green - Normal,90
2024-07-04 21:00:00,WLS_SIO_07,SENS_WLS_SIO_07,0.0,0.0,Green - Normal,92
2024-07-04 21:00:00,WLS_DDR_08,SENS_WLS_DDR_08,0.0,0.0,Green - Normal,93
2024-07-04 21:00:00,WLS_CHM_09,SENS_WLS_CHM_09,0.0,0.0,Green - Normal,99
2024-07-04 21:00:00,WLS_MLD_10,SENS_WLS_MLD_10,0.0,0.0,Green - Normal,99
2024-07-04 21:00:00,WLS_DHS_11,SENS_WLS_DHS_11,0.0,0.0,Green - Normal,88
2024-07-04 21:00:00,WLS_CHN_12,SENS_WLS_CHN_12,0.0,0.0,Green - Normal,98
2024-07-04 21:00:00,WLS_WRL_13,SENS_WLS_WRL_13,0.0,0.0,Green - Normal,95
2024-07-04 21:00:00,WLS_BYC_14,SENS_WLS_BYC_14,0.0,0.0,Green - Normal,91
2024-07-04 21:00:00,WLS_MNK_15,SENS_WLS_MNK_15,0.0,0.0,Green - Normal,94
2024-07-04 22:00:00,WLS_HND_01,SENS_WLS_HND_01,0.0,0.0,Green - Normal,88
2024-07-04 22:00:00,WLS_GND_02,SENS_WLS_GND_02,0.0,0.0,Green - Normal,99
2024-07-04 22:00:00,WLS_MLN_03,SENS_WLS_MLN_03,0.0,0.0,Green - Normal,95
2024-07-04 22:00:00,WLS_AND_04,SENS_WLS_AND_04,0.0,0.0,Green - Normal,92
2024-07-04 22:00:00,WLS_KHR_05,SENS_WLS_KHR_05,0.0,0.0,Green - Normal,100
2024-07-04 22:00:00,WLS_KRL_06,SENS_WLS_KRL_06,0.0,0.0,Green - Normal,94
2024-07-04 22:00:00,WLS_SIO_07,SENS_WLS_SIO_07,0.0,0.0,Green - Normal,94
2024-07-04 22:00:00,WLS_DDR_08,SENS_WLS_DDR_08,0.0,0.0,Green - Normal,93
2024-07-04 22:00:00,WLS_CHM_09,SENS_WLS_CHM_09,0.0,0.0,Green - Normal,92
2024-07-04 22:00:00,WLS_MLD_10,SENS_WLS_MLD_10,0.0,0.0,Green - Normal,94
2024-07-04 22:00:00,WLS_DHS_11,SENS_WLS_DHS_11,0.0,0.0,Green - Normal,90
2024-07-04 22:00:00,WLS_CHN_12,SENS_WLS_CHN_12,0.0,0.0,Green - Normal,98
2024-07-04 22:00:00,WLS_WRL_13,SENS_WLS_WRL_13,0.0,0.0,Green - Normal,88
2024-07-04 22:00:00,WLS_BYC_14,SENS_WLS_BYC_14,0.0,0.0,Green - Normal,97
2024-07-04 22:00:00,WLS_MNK_15,SENS_WLS_MNK_15,0.0,0.0,Green - Normal,95
2024-07-04 23:00:00,WLS_HND_01,SENS_WLS_HND_01,0.0,0.0,Green - Normal,98
2024-07-04 23:00:00,WLS_GND_02,SENS_WLS_GND_02,0.0,0.0,Green - Normal,89
2024-07-04 23:00:00,WLS_MLN_03,SENS_WLS_MLN_03,0.0,0.0,Green - Normal,89
2024-07-04 23:00:00,WLS_AND_04,SENS_WLS_AND_04,0.0,0.0,Green - Normal,95
2024-07-04 23:00:00,WLS_KHR_05,SENS_WLS_KHR_05,0.0,0.0,Green - Normal,95
2024-07-04 23:00:00,WLS_KRL_06,SENS_WLS_KRL_06,0.0,0.0,Green - Normal,93
2024-07-04 23:00:00,WLS_SIO_07,SENS_WLS_SIO_07,0.0,0.0,Green - Normal,92
2024-07-04 23:00:00,WLS_DDR_08,SENS_WLS_DDR_08,0.0,0.0,Green - Normal,89
2024-07-04 23:00:00,WLS_CHM_09,SENS_WLS_CHM_09,0.0,0.0,Green - Normal,95
2024-07-04 23:00:00,WLS_MLD_10,SENS_WLS_MLD_10,0.0,0.0,Green - Normal,98
2024-07-04 23:00:00,WLS_DHS_11,SENS_WLS_DHS_11,0.0,0.0,Green - Normal,98
2024-07-04 23:00:00,WLS_CHN_12,SENS_WLS_CHN_12,0.0,0.0,Green - Normal,100
2024-07-04 23:00:00,WLS_WRL_13,SENS_WLS_WRL_13,0.0,0.0,Green - Normal,97
2024-07-04 23:00:00,WLS_BYC_14,SENS_WLS_BYC_14,0.0,0.0,Green - Normal,99
2024-07-04 23:00:00,WLS_MNK_15,SENS_WLS_MNK_15,0.0,0.0,Green - Normal,90
2024-07-05 00:00:00,WLS_HND_01,SENS_WLS_HND_01,0.0,0.0,Green - Normal,98
2024-07-05 00:00:00,WLS_GND_02,SENS_WLS_GND_02,0.0,0.0,Green - Normal,91
2024-07-05 00:00:00,WLS_MLN_03,SENS_WLS_MLN_03,0.0,0.0,Green - Normal,89
2024-07-05 00:00:00,WLS_AND_04,SENS_WLS_AND_04,0.0,0.0,Green - Normal,96
2024-07-05 00:00:00,WLS_KHR_05,SENS_WLS_KHR_05,0.0,0.0,Green - Normal,96
2024-07-05 00:00:00,WLS_KRL_06,SENS_WLS_KRL_06,0.0,0.0,Green - Normal,92
2024-07-05 00:00:00,WLS_SIO_07,SENS_WLS_SIO_07,0.0,0.0,Green - Normal,100
2024-07-05 00:00:00,WLS_DDR_08,SENS_WLS_DDR_08,0.0,0.0,Green - Normal,91
2024-07-05 00:00:00,WLS_CHM_09,SENS_WLS_CHM_09,0.0,0.0,Green - Normal,89
2024-07-05 00:00:00,WLS_MLD_10,SENS_WLS_MLD_10,0.0,0.0,Green - Normal,99
2024-07-05 00:00:00,WLS_DHS_11,SENS_WLS_DHS_11,0.0,0.0,Green - Normal,90
2024-07-05 00:00:00,WLS_CHN_12,SENS_WLS_CHN_12,0.0,0.0,Green - Normal,91
2024-07-05 00:00:00,WLS_WRL_13,SENS_WLS_WRL_13,0.0,0.0,Green - Normal,89
2024-07-05 00:00:00,WLS_BYC_14,SENS_WLS_BYC_14,0.0,0.0,Green - Normal,88
2024-07-05 00:00:00,WLS_MNK_15,SENS_WLS_MNK_15,0.0,0.0,Green - Normal,91
2024-07-05 01:00:00,WLS_HND_01,SENS_WLS_HND_01,0.0,0.0,Green - Normal,99
2024-07-05 01:00:00,WLS_GND_02,SENS_WLS_GND_02,0.0,0.0,Green - Normal,94
2024-07-05 01:00:00,WLS_MLN_03,SENS_WLS_MLN_03,0.2,0.0,Green - Normal,92
2024-07-05 01:00:00,WLS_AND_04,SENS_WLS_AND_04,1.3,0.0,Green - Normal,100
2024-07-05 01:00:00,WLS_KHR_05,SENS_WLS_KHR_05,0.0,0.0,Green - Normal,99
2024-07-05 01:00:00,WLS_KRL_06,SENS_WLS_KRL_06,0.0,0.0,Green - Normal,96
2024-07-05 01:00:00,WLS_SIO_07,SENS_WLS_SIO_07,0.0,0.0,Green - Normal,97
2024-07-05 01:00:00,WLS_DDR_08,SENS_WLS_DDR_08,0.0,0.0,Green - Normal,100
2024-07-05 01:00:00,WLS_CHM_09,SENS_WLS_CHM_09,0.0,0.0,Green - Normal,97
2024-07-05 01:00:00,WLS_MLD_10,SENS_WLS_MLD_10,0.0,0.0,Green - Normal,98
2024-07-05 01:00:00,WLS_DHS_11,SENS_WLS_DHS_11,0.0,0.0,Green - Normal,100
2024-07-05 01:00:00,WLS_CHN_12,SENS_WLS_CHN_12,0.0,0.0,Green - Normal,99
2024-07-05 01:00:00,WLS_WRL_13,SENS_WLS_WRL_13,0.0,0.0,Green - Normal,98
2024-07-05 01:00:00,WLS_BYC_14,SENS_WLS_BYC_14,0.0,0.0,Green - Normal,90
2024-07-05 01:00:00,WLS_MNK_15,SENS_WLS_MNK_15,0.0,0.0,Green - Normal,91
2024-07-05 02:00:00,WLS_HND_01,SENS_WLS_HND_01,0.0,0.0,Green - Normal,96
2024-07-05 02:00:00,WLS_GND_02,SENS_WLS_GND_02,0.0,0.0,Green - Normal,94
2024-07-05 02:00:00,WLS_MLN_03,SENS_WLS_MLN_03,0.0,0.0,Green - Normal,91
2024-07-05 02:00:00,WLS_AND_04,SENS_WLS_AND_04,0.0,0.0,Green - Normal,94
2024-07-05 02:00:00,WLS_KHR_05,SENS_WLS_KHR_05,0.0,0.0,Green - Normal,97
2024-07-05 02:00:00,WLS_KRL_06,SENS_WLS_KRL_06,0.0,0.0,Green - Normal,95
2024-07-05 02:00:00,WLS_SIO_07,SENS_WLS_SIO_07,0.0,0.0,Green - Normal,95
2024-07-05 02:00:00,WLS_DDR_08,SENS_WLS_DDR_08,0.0,0.0,Green - Normal,93
2024-07-05 02:00:00,WLS_CHM_09,SENS_WLS_CHM_09,0.0,0.0,Green - Normal,95
2024-07-05 02:00:00,WLS_MLD_10,SENS_WLS_MLD_10,0.0,0.0,Green - Normal,100
2024-07-05 02:00:00,WLS_DHS_11,SENS_WLS_DHS_11,0.0,0.0,Green - Normal,96
2024-07-05 02:00:00,WLS_CHN_12,SENS_WLS_CHN_12,0.0,0.0,Green - Normal,92
2024-07-05 02:00:00,WLS_WRL_13,SENS_WLS_WRL_13,0.0,0.0,Green - Normal,94
2024-07-05 02:00:00,WLS_BYC_14,SENS_WLS_BYC_14,0.0,0.0,Green - Normal,90
2024-07-05 02:00:00,WLS_MNK_15,SENS_WLS_MNK_15,0.0,0.0,Green - Normal,94
2024-07-05 03:00:00,WLS_HND_01,SENS_WLS_HND_01,0.0,0.0,Green - Normal,95
2024-07-05 03:00:00,WLS_GND_02,SENS_WLS_GND_02,0.0,0.0,Green - Normal,88
2024-07-05 03:00:00,WLS_MLN_03,SENS_WLS_MLN_03,0.0,0.0,Green - Normal,95
2024-07-05 03:00:00,WLS_AND_04,SENS_WLS_AND_04,0.0,0.0,Green - Normal,100
2024-07-05 03:00:00,WLS_KHR_05,SENS_WLS_KHR_05,0.0,0.0,Green - Normal,95
2024-07-05 03:00:00,WLS_KRL_06,SENS_WLS_KRL_06,0.0,0.0,Green - Normal,97
2024-07-05 03:00:00,WLS_SIO_07,SENS_WLS_SIO_07,0.0,0.0,Green - Normal,96
2024-07-05 03:00:00,WLS_DDR_08,SENS_WLS_DDR_08,0.0,0.0,Green - Normal,91
2024-07-05 03:00:00,WLS_CHM_09,SENS_WLS_CHM_09,0.0,0.0,Green - Normal,90
2024-07-05 03:00:00,WLS_MLD_10,SENS_WLS_MLD_10,0.0,0.0,Green - Normal,92
2024-07-05 03:00:00,WLS_DHS_11,SENS_WLS_DHS_11,0.0,0.0,Green - Normal,98
2024-07-05 03:00:00,WLS_CHN_12,SENS_WLS_CHN_12,0.0,0.0,Green - Normal,91
2024-07-05 03:00:00,WLS_WRL_13,SENS_WLS_WRL_13,0.0,0.0,Green - Normal,95
2024-07-05 03:00:00,WLS_BYC_14,SENS_WLS_BYC_14,0.0,0.0,Green - Normal,88
2024-07-05 03:00:00,WLS_MNK_15,SENS_WLS_MNK_15,0.0,0.0,Green - Normal,89
2024-07-05 04:00:00,WLS_HND_01,SENS_WLS_HND_01,0.0,0.0,Green - Normal,95
2024-07-05 04:00:00,WLS_GND_02,SENS_WLS_GND_02,4.9,0.0,Green - Normal,99
2024-07-05 04:00:00,WLS_MLN_03,SENS_WLS_MLN_03,11.2,0.99,Green - Normal,96
2024-07-05 04:00:00,WLS_AND_04,SENS_WLS_AND_04,3.8,0.0,Green - Normal,91
2024-07-05 04:00:00,WLS_KHR_05,SENS_WLS_KHR_05,4.2,0.0,Green - Normal,97
2024-07-05 04:00:00,WLS_KRL_06,SENS_WLS_KRL_06,2.7,0.0,Green - Normal,95
2024-07-05 04:00:00,WLS_SIO_07,SENS_WLS_SIO_07,0.9,0.0,Green - Normal,89
2024-07-05 04:00:00,WLS_DDR_08,SENS_WLS_DDR_08,0.0,0.0,Green - Normal,93
2024-07-05 04:00:00,WLS_CHM_09,SENS_WLS_CHM_09,1.6,0.0,Green - Normal,91
2024-07-05 04:00:00,WLS_MLD_10,SENS_WLS_MLD_10,2.7,0.0,Green - Normal,99
2024-07-05 04:00:00,WLS_DHS_11,SENS_WLS_DHS_11,8.5,0.34,Green - Normal,91
2024-07-05 04:00:00,WLS_CHN_12,SENS_WLS_CHN_12,0.6,0.0,Green - Normal,97
2024-07-05 04:00:00,WLS_WRL_13,SENS_WLS_WRL_13,0.0,0.0,Green - Normal,90
2024-07-05 04:00:00,WLS_BYC_14,SENS_WLS_BYC_14,0.8,0.0,Green - Normal,99
2024-07-05 04:00:00,WLS_MNK_15,SENS_WLS_MNK_15,4.4,0.0,Green - Normal,98
2024-07-05 05:00:00,WLS_HND_01,SENS_WLS_HND_01,0.0,0.0,Green - Normal,89
2024-07-05 05:00:00,WLS_GND_02,SENS_WLS_GND_02,0.0,0.0,Green - Normal,99
2024-07-05 05:00:00,WLS_MLN_03,SENS_WLS_MLN_03,0.0,0.0,Green - Normal,91
2024-07-05 05:00:00,WLS_AND_04,SENS_WLS_AND_04,0.0,0.0,Green - Normal,100
2024-07-05 05:00:00,WLS_KHR_05,SENS_WLS_KHR_05,0.0,0.0,Green - Normal,95
2024-07-05 05:00:00,WLS_KRL_06,SENS_WLS_KRL_06,0.0,0.0,Green - Normal,93
2024-07-05 05:00:00,WLS_SIO_07,SENS_WLS_SIO_07,0.0,0.0,Green - Normal,93
2024-07-05 05:00:00,WLS_DDR_08,SENS_WLS_DDR_08,0.0,0.0,Green - Normal,95
2024-07-05 05:00:00,WLS_CHM_09,SENS_WLS_CHM_09,0.0,0.0,Green - Normal,98
2024-07-05 05:00:00,WLS_MLD_10,SENS_WLS_MLD_10,0.0,0.0,Green - Normal,97
2024-07-05 05:00:00,WLS_DHS_11,SENS_WLS_DHS_11,0.0,0.0,Green - Normal,92
2024-07-05 05:00:00,WLS_CHN_12,SENS_WLS_CHN_12,0.0,0.0,Green - Normal,89
2024-07-05 05:00:00,WLS_WRL_13,SENS_WLS_WRL_13,0.0,0.0,Green - Normal,90
2024-07-05 05:00:00,WLS_BYC_14,SENS_WLS_BYC_14,0.0,0.0,Green - Normal,97
2024-07-05 05:00:00,WLS_MNK_15,SENS_WLS_MNK_15,0.0,0.0,Green - Normal,100
2024-07-05 06:00:00,WLS_HND_01,SENS_WLS_HND_01,0.0,0.0,Green - Normal,91
2024-07-05 06:00:00,WLS_GND_02,SENS_WLS_GND_02,0.0,0.0,Green - Normal,98
2024-07-05 06:00:00,WLS_MLN_03,SENS_WLS_MLN_03,0.0,0.0,Green - Normal,90
2024-07-05 06:00:00,WLS_AND_04,SENS_WLS_AND_04,0.0,0.0,Green - Normal,97
2024-07-05 06:00:00,WLS_KHR_05,SENS_WLS_KHR_05,0.0,0.0,Green - Normal,94
2024-07-05 06:00:00,WLS_KRL_06,SENS_WLS_KRL_06,0.0,0.0,Green - Normal,90
2024-07-05 06:00:00,WLS_SIO_07,SENS_WLS_SIO_07,0.0,0.0,Green - Normal,90
2024-07-05 06:00:00,WLS_DDR_08,SENS_WLS_DDR_08,0.0,0.0,Green - Normal,90
2024-07-05 06:00:00,WLS_CHM_09,SENS_WLS_CHM_09,0.0,0.0,Green - Normal,99
2024-07-05 06:00:00,WLS_MLD_10,SENS_WLS_MLD_10,0.0,0.0,Green - Normal,94
2024-07-05 06:00:00,WLS_DHS_11,SENS_WLS_DHS_11,0.0,0.0,Green - Normal,94
2024-07-05 06:00:00,WLS_CHN_12,SENS_WLS_CHN_12,0.0,0.0,Green - Normal,91
2024-07-05 06:00:00,WLS_WRL_13,SENS_WLS_WRL_13,0.0,0.0,Green - Normal,97
2024-07-05 06:00:00,WLS_BYC_14,SENS_WLS_BYC_14,0.0,0.0,Green - Normal,97
2024-07-05 06:00:00,WLS_MNK_15,SENS_WLS_MNK_15,0.0,0.0,Green - Normal,93
2024-07-05 07:00:00,WLS_HND_01,SENS_WLS_HND_01,0.0,0.0,Green - Normal,95
2024-07-05 07:00:00,WLS_GND_02,SENS_WLS_GND_02,0.0,0.0,Green - Normal,97
2024-07-05 07:00:00,WLS_MLN_03,SENS_WLS_MLN_03,0.0,0.0,Green - Normal,98
2024-07-05 07:00:00,WLS_AND_04,SENS_WLS_AND_04,0.0,0.0,Green - Normal,93
2024-07-05 07:00:00,WLS_KHR_05,SENS_WLS_KHR_05,0.0,0.0,Green - Normal,96
2024-07-05 07:00:00,WLS_KRL_06,SENS_WLS_KRL_06,0.0,0.0,Green - Normal,92
2024-07-05 07:00:00,WLS_SIO_07,SENS_WLS_SIO_07,0.0,0.0,Green - Normal,98
2024-07-05 07:00:00,WLS_DDR_08,SENS_WLS_DDR_08,0.0,0.0,Green - Normal,99
2024-07-05 07:00:00,WLS_CHM_09,SENS_WLS_CHM_09,0.0,0.0,Green - Normal,92
2024-07-05 07:00:00,WLS_MLD_10,SENS_WLS_MLD_10,0.0,0.0,Green - Normal,99
2024-07-05 07:00:00,WLS_DHS_11,SENS_WLS_DHS_11,0.0,0.0,Green - Normal,93
2024-07-05 07:00:00,WLS_CHN_12,SENS_WLS_CHN_12,0.0,0.0,Green - Normal,98
2024-07-05 07:00:00,WLS_WRL_13,SENS_WLS_WRL_13,0.0,0.0,Green - Normal,96
2024-07-05 07:00:00,WLS_BYC_14,SENS_WLS_BYC_14,0.0,0.0,Green - Normal,94
2024-07-05 07:00:00,WLS_MNK_15,SENS_WLS_MNK_15,0.0,0.0,Green - Normal,99
2024-07-05 08:00:00,WLS_HND_01,SENS_WLS_HND_01,0.0,0.0,Green - Normal,96
2024-07-05 08:00:00,WLS_GND_02,SENS_WLS_GND_02,0.0,0.0,Green - Normal,88
2024-07-05 08:00:00,WLS_MLN_03,SENS_WLS_MLN_03,0.0,0.0,Green - Normal,96
2024-07-05 08:00:00,WLS_AND_04,SENS_WLS_AND_04,0.0,0.0,Green - Normal,95
2024-07-05 08:00:00,WLS_KHR_05,SENS_WLS_KHR_05,0.0,0.0,Green - Normal,99
2024-07-05 08:00:00,WLS_KRL_06,SENS_WLS_KRL_06,0.0,0.0,Green - Normal,96
2024-07-05 08:00:00,WLS_SIO_07,SENS_WLS_SIO_07,0.0,0.0,Green - Normal,91
2024-07-05 08:00:00,WLS_DDR_08,SENS_WLS_DDR_08,0.0,0.0,Green - Normal,95
2024-07-05 08:00:00,WLS_CHM_09,SENS_WLS_CHM_09,0.0,0.0,Green - Normal,96
2024-07-05 08:00:00,WLS_MLD_10,SENS_WLS_MLD_10,0.0,0.0,Green - Normal,88
2024-07-05 08:00:00,WLS_DHS_11,SENS_WLS_DHS_11,0.0,0.0,Green - Normal,96
2024-07-05 08:00:00,WLS_CHN_12,SENS_WLS_CHN_12,0.0,0.0,Green - Normal,95
2024-07-05 08:00:00,WLS_WRL_13,SENS_WLS_WRL_13,0.0,0.0,Green - Normal,92
2024-07-05 08:00:00,WLS_BYC_14,SENS_WLS_BYC_14,0.0,0.0,Green - Normal,90
2024-07-05 08:00:00,WLS_MNK_15,SENS_WLS_MNK_15,0.0,0.0,Green - Normal,94
2024-07-05 09:00:00,WLS_HND_01,SENS_WLS_HND_01,0.0,0.0,Green - Normal,88
2024-07-05 09:00:00,WLS_GND_02,SENS_WLS_GND_02,0.0,0.0,Green - Normal,92
2024-07-05 09:00:00,WLS_MLN_03,SENS_WLS_MLN_03,0.0,0.0,Green - Normal,98
2024-07-05 09:00:00,WLS_AND_04,SENS_WLS_AND_04,0.0,0.0,Green - Normal,94
2024-07-05 09:00:00,WLS_KHR_05,SENS_WLS_KHR_05,0.0,0.0,Green - Normal,90
2024-07-05 09:00:00,WLS_KRL_06,SENS_WLS_KRL_06,0.0,0.0,Green - Normal,99
2024-07-05 09:00:00,WLS_SIO_07,SENS_WLS_SIO_07,0.0,0.0,Green - Normal,94
2024-07-05 09:00:00,WLS_DDR_08,SENS_WLS_DDR_08,0.0,0.0,Green - Normal,98
2024-07-05 09:00:00,WLS_CHM_09,SENS_WLS_CHM_09,0.0,0.0,Green - Normal,100
2024-07-05 09:00:00,WLS_MLD_10,SENS_WLS_MLD_10,0.0,0.0,Green - Normal,90
2024-07-05 09:00:00,WLS_DHS_11,SENS_WLS_DHS_11,0.0,0.0,Green - Normal,90
2024-07-05 09:00:00,WLS_CHN_12,SENS_WLS_CHN_12,0.0,0.0,Green - Normal,93
2024-07-05 09:00:00,WLS_WRL_13,SENS_WLS_WRL_13,0.0,0.0,Green - Normal,95
2024-07-05 09:00:00,WLS_BYC_14,SENS_WLS_BYC_14,0.0,0.0,Green - Normal,100
2024-07-05 09:00:00,WLS_MNK_15,SENS_WLS_MNK_15,0.0,0.0,Green - Normal,95
2024-07-05 10:00:00,WLS_HND_01,SENS_WLS_HND_01,0.0,0.0,Green - Normal,97
2024-07-05 10:00:00,WLS_GND_02,SENS_WLS_GND_02,0.0,0.0,Green - Normal,90
2024-07-05 10:00:00,WLS_MLN_03,SENS_WLS_MLN_03,0.0,0.0,Green - Normal,95
2024-07-05 10:00:00,WLS_AND_04,SENS_WLS_AND_04,0.0,0.0,Green - Normal,97
2024-07-05 10:00:00,WLS_KHR_05,SENS_WLS_KHR_05,0.0,0.0,Green - Normal,98
2024-07-05 10:00:00,WLS_KRL_06,SENS_WLS_KRL_06,0.0,0.0,Green - Normal,100
2024-07-05 10:00:00,WLS_SIO_07,SENS_WLS_SIO_07,0.0,0.0,Green - Normal,95
2024-07-05 10:00:00,WLS_DDR_08,SENS_WLS_DDR_08,0.0,0.0,Green - Normal,92
2024-07-05 10:00:00,WLS_CHM_09,SENS_WLS_CHM_09,0.0,0.0,Green - Normal,90
2024-07-05 10:00:00,WLS_MLD_10,SENS_WLS_MLD_10,0.0,0.0,Green - Normal,93
2024-07-05 10:00:00,WLS_DHS_11,SENS_WLS_DHS_11,0.0,0.0,Green - Normal,94
2024-07-05 10:00:00,WLS_CHN_12,SENS_WLS_CHN_12,0.0,0.0,Green - Normal,91
2024-07-05 10:00:00,WLS_WRL_13,SENS_WLS_WRL_13,0.0,0.0,Green - Normal,100
2024-07-05 10:00:00,WLS_BYC_14,SENS_WLS_BYC_14,0.0,0.0,Green - Normal,92
2024-07-05 10:00:00,WLS_MNK_15,SENS_WLS_MNK_15,0.0,0.0,Green - Normal,100
2024-07-05 11:00:00,WLS_HND_01,SENS_WLS_HND_01,0.0,0.0,Green - Normal,96
2024-07-05 11:00:00,WLS_GND_02,SENS_WLS_GND_02,0.0,0.0,Green - Normal,93
2024-07-05 11:00:00,WLS_MLN_03,SENS_WLS_MLN_03,0.0,0.0,Green - Normal,90
2024-07-05 11:00:00,WLS_AND_04,SENS_WLS_AND_04,0.0,0.0,Green - Normal,99
2024-07-05 11:00:00,WLS_KHR_05,SENS_WLS_KHR_05,0.0,0.0,Green - Normal,90
2024-07-05 11:00:00,WLS_KRL_06,SENS_WLS_KRL_06,0.0,0.0,Green - Normal,98
2024-07-05 11:00:00,WLS_SIO_07,SENS_WLS_SIO_07,0.0,0.0,Green - Normal,96
2024-07-05 11:00:00,WLS_DDR_08,SENS_WLS_DDR_08,0.0,0.0,Green - Normal,89
2024-07-05 11:00:00,WLS_CHM_09,SENS_WLS_CHM_09,0.0,0.0,Green - Normal,100
2024-07-05 11:00:00,WLS_MLD_10,SENS_WLS_MLD_10,0.0,0.0,Green - Normal,98
2024-07-05 11:00:00,WLS_DHS_11,SENS_WLS_DHS_11,0.0,0.0,Green - Normal,99
2024-07-05 11:00:00,WLS_CHN_12,SENS_WLS_CHN_12,0.0,0.0,Green - Normal,91
2024-07-05 11:00:00,WLS_WRL_13,SENS_WLS_WRL_13,0.0,0.0,Green - Normal,94
2024-07-05 11:00:00,WLS_BYC_14,SENS_WLS_BYC_14,0.0,0.0,Green - Normal,89
2024-07-05 11:00:00,WLS_MNK_15,SENS_WLS_MNK_15,0.0,0.0,Green - Normal,89
2024-07-05 12:00:00,WLS_HND_01,SENS_WLS_HND_01,0.0,0.0,Green - Normal,89
2024-07-05 12:00:00,WLS_GND_02,SENS_WLS_GND_02,0.0,0.0,Green - Normal,91
2024-07-05 12:00:00,WLS_MLN_03,SENS_WLS_MLN_03,0.0,0.0,Green - Normal,91
2024-07-05 12:00:00,WLS_AND_04,SENS_WLS_AND_04,0.0,0.0,Green - Normal,100
2024-07-05 12:00:00,WLS_KHR_05,SENS_WLS_KHR_05,0.0,0.0,Green - Normal,94
2024-07-05 12:00:00,WLS_KRL_06,SENS_WLS_KRL_06,0.0,0.0,Green - Normal,100
2024-07-05 12:00:00,WLS_SIO_07,SENS_WLS_SIO_07,0.0,0.0,Green - Normal,90
2024-07-05 12:00:00,WLS_DDR_08,SENS_WLS_DDR_08,0.0,0.0,Green - Normal,88
2024-07-05 12:00:00,WLS_CHM_09,SENS_WLS_CHM_09,0.0,0.0,Green - Normal,92
2024-07-05 12:00:00,WLS_MLD_10,SENS_WLS_MLD_10,0.0,0.0,Green - Normal,100
2024-07-05 12:00:00,WLS_DHS_11,SENS_WLS_DHS_11,0.0,0.0,Green - Normal,89
2024-07-05 12:00:00,WLS_CHN_12,SENS_WLS_CHN_12,0.0,0.0,Green - Normal,93
2024-07-05 12:00:00,WLS_WRL_13,SENS_WLS_WRL_13,0.0,0.0,Green - Normal,99
2024-07-05 12:00:00,WLS_BYC_14,SENS_WLS_BYC_14,0.0,0.0,Green - Normal,98
2024-07-05 12:00:00,WLS_MNK_15,SENS_WLS_MNK_15,0.0,0.0,Green - Normal,99
2024-07-05 13:00:00,WLS_HND_01,SENS_WLS_HND_01,0.0,0.0,Green - Normal,97
2024-07-05 13:00:00,WLS_GND_02,SENS_WLS_GND_02,0.0,0.0,Green - Normal,95
2024-07-05 13:00:00,WLS_MLN_03,SENS_WLS_MLN_03,0.0,0.0,Green - Normal,94
2024-07-05 13:00:00,WLS_AND_04,SENS_WLS_AND_04,0.0,0.0,Green - Normal,88
2024-07-05 13:00:00,WLS_KHR_05,SENS_WLS_KHR_05,0.0,0.0,Green - Normal,91
2024-07-05 13:00:00,WLS_KRL_06,SENS_WLS_KRL_06,0.0,0.0,Green - Normal,97
2024-07-05 13:00:00,WLS_SIO_07,SENS_WLS_SIO_07,0.0,0.0,Green - Normal,90
2024-07-05 13:00:00,WLS_DDR_08,SENS_WLS_DDR_08,0.0,0.0,Green - Normal,95
2024-07-05 13:00:00,WLS_CHM_09,SENS_WLS_CHM_09,0.0,0.0,Green - Normal,99
2024-07-05 13:00:00,WLS_MLD_10,SENS_WLS_MLD_10,0.0,0.0,Green - Normal,88
2024-07-05 13:00:00,WLS_DHS_11,SENS_WLS_DHS_11,0.0,0.0,Green - Normal,96
2024-07-05 13:00:00,WLS_CHN_12,SENS_WLS_CHN_12,0.0,0.0,Green - Normal,95
2024-07-05 13:00:00,WLS_WRL_13,SENS_WLS_WRL_13,0.0,0.0,Green - Normal,100
2024-07-05 13:00:00,WLS_BYC_14,SENS_WLS_BYC_14,0.0,0.0,Green - Normal,90
2024-07-05 13:00:00,WLS_MNK_15,SENS_WLS_MNK_15,0.0,0.0,Green - Normal,89
2024-07-05 14:00:00,WLS_HND_01,SENS_WLS_HND_01,0.0,0.0,Green - Normal,90
2024-07-05 14:00:00,WLS_GND_02,SENS_WLS_GND_02,0.0,0.0,Green - Normal,98
2024-07-05 14:00:00,WLS_MLN_03,SENS_WLS_MLN_03,0.0,0.0,Green - Normal,90
2024-07-05 14:00:00,WLS_AND_04,SENS_WLS_AND_04,0.0,0.0,Green - Normal,90
2024-07-05 14:00:00,WLS_KHR_05,SENS_WLS_KHR_05,0.0,0.0,Green - Normal,89
2024-07-05 14:00:00,WLS_KRL_06,SENS_WLS_KRL_06,0.0,0.0,Green - Normal,92
2024-07-05 14:00:00,WLS_SIO_07,SENS_WLS_SIO_07,0.0,0.0,Green - Normal,100
2024-07-05 14:00:00,WLS_DDR_08,SENS_WLS_DDR_08,0.0,0.0,Green - Normal,97
2024-07-05 14:00:00,WLS_CHM_09,SENS_WLS_CHM_09,0.0,0.0,Green - Normal,88
2024-07-05 14:00:00,WLS_MLD_10,SENS_WLS_MLD_10,0.0,0.0,Green - Normal,88
2024-07-05 14:00:00,WLS_DHS_11,SENS_WLS_DHS_11,0.0,0.0,Green - Normal,98
2024-07-05 14:00:00,WLS_CHN_12,SENS_WLS_CHN_12,0.0,0.0,Green - Normal,91
2024-07-05 14:00:00,WLS_WRL_13,SENS_WLS_WRL_13,0.0,0.0,Green - Normal,95
2024-07-05 14:00:00,WLS_BYC_14,SENS_WLS_BYC_14,0.0,0.0,Green - Normal,98
2024-07-05 14:00:00,WLS_MNK_15,SENS_WLS_MNK_15,0.0,0.0,Green - Normal,96
2024-07-05 15:00:00,WLS_HND_01,SENS_WLS_HND_01,0.0,0.0,Green - Normal,89
2024-07-05 15:00:00,WLS_GND_02,SENS_WLS_GND_02,0.0,0.0,Green - Normal,94
2024-07-05 15:00:00,WLS_MLN_03,SENS_WLS_MLN_03,0.0,0.0,Green - Normal,92
2024-07-05 15:00:00,WLS_AND_04,SENS_WLS_AND_04,0.0,0.0,Green - Normal,89
2024-07-05 15:00:00,WLS_KHR_05,SENS_WLS_KHR_05,0.0,0.0,Green - Normal,91
2024-07-05 15:00:00,WLS_KRL_06,SENS_WLS_KRL_06,0.0,0.0,Green - Normal,94
2024-07-05 15:00:00,WLS_SIO_07,SENS_WLS_SIO_07,0.0,0.0,Green - Normal,100
2024-07-05 15:00:00,WLS_DDR_08,SENS_WLS_DDR_08,0.0,0.0,Green - Normal,100
2024-07-05 15:00:00,WLS_CHM_09,SENS_WLS_CHM_09,0.0,0.0,Green - Normal,95
2024-07-05 15:00:00,WLS_MLD_10,SENS_WLS_MLD_10,0.0,0.0,Green - Normal,96
2024-07-05 15:00:00,WLS_DHS_11,SENS_WLS_DHS_11,0.0,0.0,Green - Normal,90
2024-07-05 15:00:00,WLS_CHN_12,SENS_WLS_CHN_12,0.0,0.0,Green - Normal,97
2024-07-05 15:00:00,WLS_WRL_13,SENS_WLS_WRL_13,0.0,0.0,Green - Normal,94
2024-07-05 15:00:00,WLS_BYC_14,SENS_WLS_BYC_14,0.0,0.0,Green - Normal,99
2024-07-05 15:00:00,WLS_MNK_15,SENS_WLS_MNK_15,0.0,0.0,Green - Normal,92
2024-07-05 16:00:00,WLS_HND_01,SENS_WLS_HND_01,0.0,0.0,Green - Normal,91
2024-07-05 16:00:00,WLS_GND_02,SENS_WLS_GND_02,0.0,0.0,Green - Normal,100
2024-07-05 16:00:00,WLS_MLN_03,SENS_WLS_MLN_03,0.0,0.0,Green - Normal,100
2024-07-05 16:00:00,WLS_AND_04,SENS_WLS_AND_04,0.0,0.0,Green - Normal,95
2024-07-05 16:00:00,WLS_KHR_05,SENS_WLS_KHR_05,0.0,0.0,Green - Normal,95
2024-07-05 16:00:00,WLS_KRL_06,SENS_WLS_KRL_06,0.0,0.0,Green - Normal,96
2024-07-05 16:00:00,WLS_SIO_07,SENS_WLS_SIO_07,0.0,0.0,Green - Normal,88
2024-07-05 16:00:00,WLS_DDR_08,SENS_WLS_DDR_08,0.0,0.0,Green - Normal,100
2024-07-05 16:00:00,WLS_CHM_09,SENS_WLS_CHM_09,0.0,0.0,Green - Normal,96
2024-07-05 16:00:00,WLS_MLD_10,SENS_WLS_MLD_10,0.0,0.0,Green - Normal,92
2024-07-05 16:00:00,WLS_DHS_11,SENS_WLS_DHS_11,0.0,0.0,Green - Normal,98
2024-07-05 16:00:00,WLS_CHN_12,SENS_WLS_CHN_12,0.0,0.0,Green - Normal,95
2024-07-05 16:00:00,WLS_WRL_13,SENS_WLS_WRL_13,0.0,0.0,Green - Normal,90
2024-07-05 16:00:00,WLS_BYC_14,SENS_WLS_BYC_14,0.0,0.0,Green - Normal,90
2024-07-05 16:00:00,WLS_MNK_15,SENS_WLS_MNK_15,0.0,0.0,Green - Normal,100
2024-07-05 17:00:00,WLS_HND_01,SENS_WLS_HND_01,0.0,0.0,Green - Normal,93
2024-07-05 17:00:00,WLS_GND_02,SENS_WLS_GND_02,0.0,0.0,Green - Normal,98
2024-07-05 17:00:00,WLS_MLN_03,SENS_WLS_MLN_03,0.0,0.0,Green - Normal,100
2024-07-05 17:00:00,WLS_AND_04,SENS_WLS_AND_04,0.0,0.0,Green - Normal,97
2024-07-05 17:00:00,WLS_KHR_05,SENS_WLS_KHR_05,0.0,0.0,Green - Normal,96
2024-07-05 17:00:00,WLS_KRL_06,SENS_WLS_KRL_06,0.0,0.0,Green - Normal,92
2024-07-05 17:00:00,WLS_SIO_07,SENS_WLS_SIO_07,0.0,0.0,Green - Normal,100
2024-07-05 17:00:00,WLS_DDR_08,SENS_WLS_DDR_08,0.0,0.0,Green - Normal,93
2024-07-05 17:00:00,WLS_CHM_09,SENS_WLS_CHM_09,0.0,0.0,Green - Normal,94
2024-07-05 17:00:00,WLS_MLD_10,SENS_WLS_MLD_10,0.0,0.0,Green - Normal,95
2024-07-05 17:00:00,WLS_DHS_11,SENS_WLS_DHS_11,0.0,0.0,Green - Normal,90
2024-07-05 17:00:00,WLS_CHN_12,SENS_WLS_CHN_12,0.0,0.0,Green - Normal,94
2024-07-05 17:00:00,WLS_WRL_13,SENS_WLS_WRL_13,0.0,0.0,Green - Normal,96
2024-07-05 17:00:00,WLS_BYC_14,SENS_WLS_BYC_14,0.0,0.0,Green - Normal,100
2024-07-05 17:00:00,WLS_MNK_15,SENS_WLS_MNK_15,0.0,0.0,Green - Normal,95
2024-07-05 18:00:00,WLS_HND_01,SENS_WLS_HND_01,4.7,0.0,Green - Normal,90
2024-07-05 18:00:00,WLS_GND_02,SENS_WLS_GND_02,1.7,0.0,Green - Normal,91
2024-07-05 18:00:00,WLS_MLN_03,SENS_WLS_MLN_03,8.8,0.4,Green - Normal,88
2024-07-05 18:00:00,WLS_AND_04,SENS_WLS_AND_04,2.2,0.0,Green - Normal,99
2024-07-05 18:00:00,WLS_KHR_05,SENS_WLS_KHR_05,7.8,0.66,Green - Normal,93
2024-07-05 18:00:00,WLS_KRL_06,SENS_WLS_KRL_06,0.0,0.0,Green - Normal,97
2024-07-05 18:00:00,WLS_SIO_07,SENS_WLS_SIO_07,0.0,0.0,Green - Normal,95
2024-07-05 18:00:00,WLS_DDR_08,SENS_WLS_DDR_08,0.0,0.0,Green - Normal,90
2024-07-05 18:00:00,WLS_CHM_09,SENS_WLS_CHM_09,0.0,0.0,Green - Normal,97
2024-07-05 18:00:00,WLS_MLD_10,SENS_WLS_MLD_10,4.0,0.0,Green - Normal,98
2024-07-05 18:00:00,WLS_DHS_11,SENS_WLS_DHS_11,4.4,0.0,Green - Normal,95
2024-07-05 18:00:00,WLS_CHN_12,SENS_WLS_CHN_12,1.5,0.0,Green - Normal,97
2024-07-05 18:00:00,WLS_WRL_13,SENS_WLS_WRL_13,0.2,0.0,Green - Normal,95
2024-07-05 18:00:00,WLS_BYC_14,SENS_WLS_BYC_14,0.0,0.0,Green - Normal,95
2024-07-05 18:00:00,WLS_MNK_15,SENS_WLS_MNK_15,0.1,0.0,Green - Normal,90
2024-07-05 19:00:00,WLS_HND_01,SENS_WLS_HND_01,0.0,0.0,Green - Normal,93
2024-07-05 19:00:00,WLS_GND_02,SENS_WLS_GND_02,0.0,0.0,Green - Normal,100
2024-07-05 19:00:00,WLS_MLN_03,SENS_WLS_MLN_03,0.0,0.0,Green - Normal,89
2024-07-05 19:00:00,WLS_AND_04,SENS_WLS_AND_04,0.0,0.0,Green - Normal,91
2024-07-05 19:00:00,WLS_KHR_05,SENS_WLS_KHR_05,0.0,0.0,Green - Normal,90
2024-07-05 19:00:00,WLS_KRL_06,SENS_WLS_KRL_06,0.0,0.0,Green - Normal,91
2024-07-05 19:00:00,WLS_SIO_07,SENS_WLS_SIO_07,0.0,0.0,Green - Normal,90
2024-07-05 19:00:00,WLS_DDR_08,SENS_WLS_DDR_08,0.0,0.0,Green - Normal,92
2024-07-05 19:00:00,WLS_CHM_09,SENS_WLS_CHM_09,0.0,0.0,Green - Normal,90
2024-07-05 19:00:00,WLS_MLD_10,SENS_WLS_MLD_10,0.0,0.0,Green - Normal,89
2024-07-05 19:00:00,WLS_DHS_11,SENS_WLS_DHS_11,0.0,0.0,Green - Normal,89
2024-07-05 19:00:00,WLS_CHN_12,SENS_WLS_CHN_12,0.0,0.0,Green - Normal,91
2024-07-05 19:00:00,WLS_WRL_13,SENS_WLS_WRL_13,0.0,0.0,Green - Normal,89
2024-07-05 19:00:00,WLS_BYC_14,SENS_WLS_BYC_14,0.0,0.0,Green - Normal,100
2024-07-05 19:00:00,WLS_MNK_15,SENS_WLS_MNK_15,0.0,0.0,Green - Normal,88
2024-07-05 20:00:00,WLS_HND_01,SENS_WLS_HND_01,0.0,0.0,Green - Normal,92
2024-07-05 20:00:00,WLS_GND_02,SENS_WLS_GND_02,0.0,0.0,Green - Normal,94
2024-07-05 20:00:00,WLS_MLN_03,SENS_WLS_MLN_03,0.0,0.0,Green - Normal,91
2024-07-05 20:00:00,WLS_AND_04,SENS_WLS_AND_04,0.0,0.0,Green - Normal,90
2024-07-05 20:00:00,WLS_KHR_05,SENS_WLS_KHR_05,0.0,0.0,Green - Normal,97
2024-07-05 20:00:00,WLS_KRL_06,SENS_WLS_KRL_06,0.0,0.0,Green - Normal,89
2024-07-05 20:00:00,WLS_SIO_07,SENS_WLS_SIO_07,0.0,0.0,Green - Normal,94
2024-07-05 20:00:00,WLS_DDR_08,SENS_WLS_DDR_08,0.0,0.0,Green - Normal,93
2024-07-05 20:00:00,WLS_CHM_09,SENS_WLS_CHM_09,0.0,0.0,Green - Normal,99
2024-07-05 20:00:00,WLS_MLD_10,SENS_WLS_MLD_10,1.3,0.0,Green - Normal,98
2024-07-05 20:00:00,WLS_DHS_11,SENS_WLS_DHS_11,0.0,0.0,Green - Normal,96
2024-07-05 20:00:00,WLS_CHN_12,SENS_WLS_CHN_12,0.0,0.0,Green - Normal,90
2024-07-05 20:00:00,WLS_WRL_13,SENS_WLS_WRL_13,0.0,0.0,Green - Normal,91
2024-07-05 20:00:00,WLS_BYC_14,SENS_WLS_BYC_14,0.0,0.0,Green - Normal,94
2024-07-05 20:00:00,WLS_MNK_15,SENS_WLS_MNK_15,0.4,0.0,Green - Normal,98
2024-07-05 21:00:00,WLS_HND_01,SENS_WLS_HND_01,0.0,0.0,Green - Normal,96
2024-07-05 21:00:00,WLS_GND_02,SENS_WLS_GND_02,0.0,0.0,Green - Normal,98
2024-07-05 21:00:00,WLS_MLN_03,SENS_WLS_MLN_03,0.0,0.0,Green - Normal,91
2024-07-05 21:00:00,WLS_AND_04,SENS_WLS_AND_04,0.0,0.0,Green - Normal,94
2024-07-05 21:00:00,WLS_KHR_05,SENS_WLS_KHR_05,0.0,0.0,Green - Normal,92
2024-07-05 21:00:00,WLS_KRL_06,SENS_WLS_KRL_06,0.0,0.0,Green - Normal,96
2024-07-05 21:00:00,WLS_SIO_07,SENS_WLS_SIO_07,0.0,0.0,Green - Normal,95
2024-07-05 21:00:00,WLS_DDR_08,SENS_WLS_DDR_08,0.0,0.0,Green - Normal,90
2024-07-05 21:00:00,WLS_CHM_09,SENS_WLS_CHM_09,0.0,0.0,Green - Normal,97
2024-07-05 21:00:00,WLS_MLD_10,SENS_WLS_MLD_10,0.0,0.0,Green - Normal,92
2024-07-05 21:00:00,WLS_DHS_11,SENS_WLS_DHS_11,0.0,0.0,Green - Normal,89
2024-07-05 21:00:00,WLS_CHN_12,SENS_WLS_CHN_12,0.0,0.0,Green - Normal,93
2024-07-05 21:00:00,WLS_WRL_13,SENS_WLS_WRL_13,0.0,0.0,Green - Normal,89
2024-07-05 21:00:00,WLS_BYC_14,SENS_WLS_BYC_14,0.0,0.0,Green - Normal,96
2024-07-05 21:00:00,WLS_MNK_15,SENS_WLS_MNK_15,0.0,0.0,Green - Normal,96
2024-07-05 22:00:00,WLS_HND_01,SENS_WLS_HND_01,3.9,0.0,Green - Normal,99
2024-07-05 22:00:00,WLS_GND_02,SENS_WLS_GND_02,2.2,0.0,Green - Normal,94
2024-07-05 22:00:00,WLS_MLN_03,SENS_WLS_MLN_03,5.0,0.0,Green - Normal,91
2024-07-05 22:00:00,WLS_AND_04,SENS_WLS_AND_04,7.0,0.88,Green - Normal,91
2024-07-05 22:00:00,WLS_KHR_05,SENS_WLS_KHR_05,5.2,1.23,Green - Normal,98
2024-07-05 22:00:00,WLS_KRL_06,SENS_WLS_KRL_06,0.0,0.0,Green - Normal,90
2024-07-05 22:00:00,WLS_SIO_07,SENS_WLS_SIO_07,0.0,0.0,Green - Normal,100
2024-07-05 22:00:00,WLS_DDR_08,SENS_WLS_DDR_08,0.0,0.0,Green - Normal,98
2024-07-05 22:00:00,WLS_CHM_09,SENS_WLS_CHM_09,0.0,0.0,Green - Normal,89
2024-07-05 22:00:00,WLS_MLD_10,SENS_WLS_MLD_10,1.7,0.0,Green - Normal,100
2024-07-05 22:00:00,WLS_DHS_11,SENS_WLS_DHS_11,6.9,1.12,Green - Normal,93
2024-07-05 22:00:00,WLS_CHN_12,SENS_WLS_CHN_12,6.7,1.09,Green - Normal,96
2024-07-05 22:00:00,WLS_WRL_13,SENS_WLS_WRL_13,0.0,0.0,Green - Normal,94
2024-07-05 22:00:00,WLS_BYC_14,SENS_WLS_BYC_14,0.0,0.0,Green - Normal,92
2024-07-05 22:00:00,WLS_MNK_15,SENS_WLS_MNK_15,0.8,0.0,Green - Normal,95
2024-07-05 23:00:00,WLS_HND_01,SENS_WLS_HND_01,0.0,0.0,Green - Normal,88
2024-07-05 23:00:00,WLS_GND_02,SENS_WLS_GND_02,0.0,0.0,Green - Normal,92
2024-07-05 23:00:00,WLS_MLN_03,SENS_WLS_MLN_03,0.0,0.0,Green - Normal,97
2024-07-05 23:00:00,WLS_AND_04,SENS_WLS_AND_04,0.0,0.0,Green - Normal,93
2024-07-05 23:00:00,WLS_KHR_05,SENS_WLS_KHR_05,0.0,0.0,Green - Normal,91
2024-07-05 23:00:00,WLS_KRL_06,SENS_WLS_KRL_06,0.0,0.0,Green - Normal,96
2024-07-05 23:00:00,WLS_SIO_07,SENS_WLS_SIO_07,0.0,0.0,Green - Normal,88
2024-07-05 23:00:00,WLS_DDR_08,SENS_WLS_DDR_08,0.0,0.0,Green - Normal,94
2024-07-05 23:00:00,WLS_CHM_09,SENS_WLS_CHM_09,0.0,0.0,Green - Normal,99
2024-07-05 23:00:00,WLS_MLD_10,SENS_WLS_MLD_10,0.0,0.0,Green - Normal,98
2024-07-05 23:00:00,WLS_DHS_11,SENS_WLS_DHS_11,0.0,0.0,Green - Normal,95
2024-07-05 23:00:00,WLS_CHN_12,SENS_WLS_CHN_12,0.0,0.0,Green - Normal,89
2024-07-05 23:00:00,WLS_WRL_13,SENS_WLS_WRL_13,0.0,0.0,Green - Normal,99
2024-07-05 23:00:00,WLS_BYC_14,SENS_WLS_BYC_14,0.0,0.0,Green - Normal,88
2024-07-05 23:00:00,WLS_MNK_15,SENS_WLS_MNK_15,0.0,0.0,Green - Normal,93
2024-07-06 00:00:00,WLS_HND_01,SENS_WLS_HND_01,0.0,0.0,Green - Normal,91
2024-07-06 00:00:00,WLS_GND_02,SENS_WLS_GND_02,0.0,0.0,Green - Normal,88
2024-07-06 00:00:00,WLS_MLN_03,SENS_WLS_MLN_03,0.0,0.0,Green - Normal,98
2024-07-06 00:00:00,WLS_AND_04,SENS_WLS_AND_04,0.0,0.0,Green - Normal,99
2024-07-06 00:00:00,WLS_KHR_05,SENS_WLS_KHR_05,0.0,0.0,Green - Normal,95
2024-07-06 00:00:00,WLS_KRL_06,SENS_WLS_KRL_06,0.0,0.0,Green - Normal,96
2024-07-06 00:00:00,WLS_SIO_07,SENS_WLS_SIO_07,0.0,0.0,Green - Normal,96
2024-07-06 00:00:00,WLS_DDR_08,SENS_WLS_DDR_08,0.0,0.0,Green - Normal,96
2024-07-06 00:00:00,WLS_CHM_09,SENS_WLS_CHM_09,0.0,0.0,Green - Normal,99
2024-07-06 00:00:00,WLS_MLD_10,SENS_WLS_MLD_10,0.0,0.0,Green - Normal,99
2024-07-06 00:00:00,WLS_DHS_11,SENS_WLS_DHS_11,0.0,0.0,Green - Normal,91
2024-07-06 00:00:00,WLS_CHN_12,SENS_WLS_CHN_12,0.0,0.0,Green - Normal,97
2024-07-06 00:00:00,WLS_WRL_13,SENS_WLS_WRL_13,0.0,0.0,Green - Normal,94
2024-07-06 00:00:00,WLS_BYC_14,SENS_WLS_BYC_14,0.0,0.0,Green - Normal,89
2024-07-06 00:00:00,WLS_MNK_15,SENS_WLS_MNK_15,0.0,0.0,Green - Normal,95
2024-07-06 01:00:00,WLS_HND_01,SENS_WLS_HND_01,0.0,0.0,Green - Normal,97
2024-07-06 01:00:00,WLS_GND_02,SENS_WLS_GND_02,0.0,0.0,Green - Normal,89
2024-07-06 01:00:00,WLS_MLN_03,SENS_WLS_MLN_03,0.0,0.0,Green - Normal,92
2024-07-06 01:00:00,WLS_AND_04,SENS_WLS_AND_04,0.0,0.0,Green - Normal,100
2024-07-06 01:00:00,WLS_KHR_05,SENS_WLS_KHR_05,0.0,0.0,Green - Normal,98
2024-07-06 01:00:00,WLS_KRL_06,SENS_WLS_KRL_06,0.0,0.0,Green - Normal,90
2024-07-06 01:00:00,WLS_SIO_07,SENS_WLS_SIO_07,0.0,0.0,Green - Normal,99
2024-07-06 01:00:00,WLS_DDR_08,SENS_WLS_DDR_08,0.0,0.0,Green - Normal,99
2024-07-06 01:00:00,WLS_CHM_09,SENS_WLS_CHM_09,0.0,0.0,Green - Normal,99
2024-07-06 01:00:00,WLS_MLD_10,SENS_WLS_MLD_10,0.0,0.0,Green - Normal,94
2024-07-06 01:00:00,WLS_DHS_11,SENS_WLS_DHS_11,0.0,0.0,Green - Normal,92
2024-07-06 01:00:00,WLS_CHN_12,SENS_WLS_CHN_12,0.0,0.0,Green - Normal,93
2024-07-06 01:00:00,WLS_WRL_13,SENS_WLS_WRL_13,0.0,0.0,Green - Normal,92
2024-07-06 01:00:00,WLS_BYC_14,SENS_WLS_BYC_14,0.0,0.0,Green - Normal,88
2024-07-06 01:00:00,WLS_MNK_15,SENS_WLS_MNK_15,0.0,0.0,Green - Normal,89
2024-07-06 02:00:00,WLS_HND_01,SENS_WLS_HND_01,0.0,0.0,Green - Normal,90
2024-07-06 02:00:00,WLS_GND_02,SENS_WLS_GND_02,0.0,0.0,Green - Normal,90
2024-07-06 02:00:00,WLS_MLN_03,SENS_WLS_MLN_03,0.0,0.0,Green - Normal,96
2024-07-06 02:00:00,WLS_AND_04,SENS_WLS_AND_04,0.0,0.0,Green - Normal,98
2024-07-06 02:00:00,WLS_KHR_05,SENS_WLS_KHR_05,0.0,0.0,Green - Normal,91
2024-07-06 02:00:00,WLS_KRL_06,SENS_WLS_KRL_06,0.0,0.0,Green - Normal,88
2024-07-06 02:00:00,WLS_SIO_07,SENS_WLS_SIO_07,0.0,0.0,Green - Normal,90
2024-07-06 02:00:00,WLS_DDR_08,SENS_WLS_DDR_08,0.0,0.0,Green - Normal,93
2024-07-06 02:00:00,WLS_CHM_09,SENS_WLS_CHM_09,0.0,0.0,Green - Normal,99
2024-07-06 02:00:00,WLS_MLD_10,SENS_WLS_MLD_10,0.0,0.0,Green - Normal,88
2024-07-06 02:00:00,WLS_DHS_11,SENS_WLS_DHS_11,0.0,0.0,Green - Normal,98
2024-07-06 02:00:00,WLS_CHN_12,SENS_WLS_CHN_12,0.0,0.0,Green - Normal,90
2024-07-06 02:00:00,WLS_WRL_13,SENS_WLS_WRL_13,0.0,0.0,Green - Normal,94
2024-07-06 02:00:00,WLS_BYC_14,SENS_WLS_BYC_14,0.0,0.0,Green - Normal,88
2024-07-06 02:00:00,WLS_MNK_15,SENS_WLS_MNK_15,0.0,0.0,Green - Normal,100
2024-07-06 03:00:00,WLS_HND_01,SENS_WLS_HND_01,0.0,0.0,Green - Normal,90
2024-07-06 03:00:00,WLS_GND_02,SENS_WLS_GND_02,0.0,0.0,Green - Normal,91
2024-07-06 03:00:00,WLS_MLN_03,SENS_WLS_MLN_03,0.0,0.0,Green - Normal,91
2024-07-06 03:00:00,WLS_AND_04,SENS_WLS_AND_04,0.0,0.0,Green - Normal,88
2024-07-06 03:00:00,WLS_KHR_05,SENS_WLS_KHR_05,0.0,0.0,Green - Normal,92
2024-07-06 03:00:00,WLS_KRL_06,SENS_WLS_KRL_06,0.0,0.0,Green - Normal,98
2024-07-06 03:00:00,WLS_SIO_07,SENS_WLS_SIO_07,0.0,0.0,Green - Normal,92
2024-07-06 03:00:00,WLS_DDR_08,SENS_WLS_DDR_08,0.0,0.0,Green - Normal,94
2024-07-06 03:00:00,WLS_CHM_09,SENS_WLS_CHM_09,0.0,0.0,Green - Normal,96
2024-07-06 03:00:00,WLS_MLD_10,SENS_WLS_MLD_10,0.0,0.0,Green - Normal,100
2024-07-06 03:00:00,WLS_DHS_11,SENS_WLS_DHS_11,0.0,0.0,Green - Normal,99
2024-07-06 03:00:00,WLS_CHN_12,SENS_WLS_CHN_12,0.0,0.0,Green - Normal,98
2024-07-06 03:00:00,WLS_WRL_13,SENS_WLS_WRL_13,0.0,0.0,Green - Normal,88
2024-07-06 03:00:00,WLS_BYC_14,SENS_WLS_BYC_14,0.0,0.0,Green - Normal,91
2024-07-06 03:00:00,WLS_MNK_15,SENS_WLS_MNK_15,0.0,0.0,Green - Normal,99
2024-07-06 04:00:00,WLS_HND_01,SENS_WLS_HND_01,0.0,0.0,Green - Normal,92
2024-07-06 04:00:00,WLS_GND_02,SENS_WLS_GND_02,0.0,0.0,Green - Normal,94
2024-07-06 04:00:00,WLS_MLN_03,SENS_WLS_MLN_03,1.8,0.0,Green - Normal,99
2024-07-06 04:00:00,WLS_AND_04,SENS_WLS_AND_04,0.0,0.0,Green - Normal,98
2024-07-06 04:00:00,WLS_KHR_05,SENS_WLS_KHR_05,0.0,0.0,Green - Normal,96
2024-07-06 04:00:00,WLS_KRL_06,SENS_WLS_KRL_06,1.2,0.0,Green - Normal,93
2024-07-06 04:00:00,WLS_SIO_07,SENS_WLS_SIO_07,0.0,0.0,Green - Normal,91
2024-07-06 04:00:00,WLS_DDR_08,SENS_WLS_DDR_08,0.0,0.0,Green - Normal,97
2024-07-06 04:00:00,WLS_CHM_09,SENS_WLS_CHM_09,0.0,0.0,Green - Normal,96
2024-07-06 04:00:00,WLS_MLD_10,SENS_WLS_MLD_10,4.8,0.0,Green - Normal,98
2024-07-06 04:00:00,WLS_DHS_11,SENS_WLS_DHS_11,0.0,0.0,Green - Normal,91
2024-07-06 04:00:00,WLS_CHN_12,SENS_WLS_CHN_12,0.0,0.0,Green - Normal,92
2024-07-06 04:00:00,WLS_WRL_13,SENS_WLS_WRL_13,0.0,0.0,Green - Normal,91
2024-07-06 04:00:00,WLS_BYC_14,SENS_WLS_BYC_14,0.9,0.0,Green - Normal,98
2024-07-06 04:00:00,WLS_MNK_15,SENS_WLS_MNK_15,0.6,0.0,Green - Normal,99
2024-07-06 05:00:00,WLS_HND_01,SENS_WLS_HND_01,0.0,0.0,Green - Normal,97
2024-07-06 05:00:00,WLS_GND_02,SENS_WLS_GND_02,0.2,0.0,Green - Normal,93
2024-07-06 05:00:00,WLS_MLN_03,SENS_WLS_MLN_03,13.2,0.85,Green - Normal,95
2024-07-06 05:00:00,WLS_AND_04,SENS_WLS_AND_04,6.5,0.76,Green - Normal,95
2024-07-06 05:00:00,WLS_KHR_05,SENS_WLS_KHR_05,8.3,0.69,Green - Normal,90
2024-07-06 05:00:00,WLS_KRL_06,SENS_WLS_KRL_06,2.4,0.0,Green - Normal,96
2024-07-06 05:00:00,WLS_SIO_07,SENS_WLS_SIO_07,5.3,0.13,Green - Normal,91
2024-07-06 05:00:00,WLS_DDR_08,SENS_WLS_DDR_08,0.0,0.0,Green - Normal,100
2024-07-06 05:00:00,WLS_CHM_09,SENS_WLS_CHM_09,0.0,0.0,Green - Normal,96
2024-07-06 05:00:00,WLS_MLD_10,SENS_WLS_MLD_10,9.1,0.23,Green - Normal,89
2024-07-06 05:00:00,WLS_DHS_11,SENS_WLS_DHS_11,10.2,1.21,Green - Normal,97
2024-07-06 05:00:00,WLS_CHN_12,SENS_WLS_CHN_12,0.0,0.0,Green - Normal,97
2024-07-06 05:00:00,WLS_WRL_13,SENS_WLS_WRL_13,0.0,0.0,Green - Normal,96
2024-07-06 05:00:00,WLS_BYC_14,SENS_WLS_BYC_14,3.1,0.0,Green - Normal,91
2024-07-06 05:00:00,WLS_MNK_15,SENS_WLS_MNK_15,6.6,1.1,Green - Normal,88
2024-07-06 06:00:00,WLS_HND_01,SENS_WLS_HND_01,0.0,0.0,Green - Normal,91
2024-07-06 06:00:00,WLS_GND_02,SENS_WLS_GND_02,0.0,0.0,Green - Normal,99
2024-07-06 06:00:00,WLS_MLN_03,SENS_WLS_MLN_03,0.0,0.0,Green - Normal,95
2024-07-06 06:00:00,WLS_AND_04,SENS_WLS_AND_04,0.0,0.0,Green - Normal,95
2024-07-06 06:00:00,WLS_KHR_05,SENS_WLS_KHR_05,0.0,0.0,Green - Normal,89
2024-07-06 06:00:00,WLS_KRL_06,SENS_WLS_KRL_06,0.0,0.0,Green - Normal,97
2024-07-06 06:00:00,WLS_SIO_07,SENS_WLS_SIO_07,0.0,0.0,Green - Normal,96
2024-07-06 06:00:00,WLS_DDR_08,SENS_WLS_DDR_08,0.0,0.0,Green - Normal,93
2024-07-06 06:00:00,WLS_CHM_09,SENS_WLS_CHM_09,0.0,0.0,Green - Normal,99
2024-07-06 06:00:00,WLS_MLD_10,SENS_WLS_MLD_10,0.0,0.0,Green - Normal,95
2024-07-06 06:00:00,WLS_DHS_11,SENS_WLS_DHS_11,0.0,0.0,Green - Normal,97
2024-07-06 06:00:00,WLS_CHN_12,SENS_WLS_CHN_12,0.0,0.0,Green - Normal,96
2024-07-06 06:00:00,WLS_WRL_13,SENS_WLS_WRL_13,0.0,0.0,Green - Normal,100
2024-07-06 06:00:00,WLS_BYC_14,SENS_WLS_BYC_14,0.0,0.0,Green - Normal,97
2024-07-06 06:00:00,WLS_MNK_15,SENS_WLS_MNK_15,0.0,0.0,Green - Normal,95
2024-07-06 07:00:00,WLS_HND_01,SENS_WLS_HND_01,0.0,0.0,Green - Normal,89
2024-07-06 07:00:00,WLS_GND_02,SENS_WLS_GND_02,0.0,0.0,Green - Normal,92
2024-07-06 07:00:00,WLS_MLN_03,SENS_WLS_MLN_03,0.0,0.0,Green - Normal,88
2024-07-06 07:00:00,WLS_AND_04,SENS_WLS_AND_04,0.0,0.0,Green - Normal,90
2024-07-06 07:00:00,WLS_KHR_05,SENS_WLS_KHR_05,0.0,0.0,Green - Normal,100
2024-07-06 07:00:00,WLS_KRL_06,SENS_WLS_KRL_06,0.0,0.0,Green - Normal,91
2024-07-06 07:00:00,WLS_SIO_07,SENS_WLS_SIO_07,0.0,0.0,Green - Normal,95
2024-07-06 07:00:00,WLS_DDR_08,SENS_WLS_DDR_08,0.0,0.0,Green - Normal,95
2024-07-06 07:00:00,WLS_CHM_09,SENS_WLS_CHM_09,0.0,0.0,Green - Normal,98
2024-07-06 07:00:00,WLS_MLD_10,SENS_WLS_MLD_10,0.0,0.0,Green - Normal,97
2024-07-06 07:00:00,WLS_DHS_11,SENS_WLS_DHS_11,0.0,0.0,Green - Normal,91
2024-07-06 07:00:00,WLS_CHN_12,SENS_WLS_CHN_12,0.0,0.0,Green - Normal,88
2024-07-06 07:00:00,WLS_WRL_13,SENS_WLS_WRL_13,0.0,0.0,Green - Normal,94
2024-07-06 07:00:00,WLS_BYC_14,SENS_WLS_BYC_14,0.0,0.0,Green - Normal,93
2024-07-06 07:00:00,WLS_MNK_15,SENS_WLS_MNK_15,0.0,0.0,Green - Normal,100
2024-07-06 08:00:00,WLS_HND_01,SENS_WLS_HND_01,7.0,1.31,Green - Normal,92
2024-07-06 08:00:00,WLS_GND_02,SENS_WLS_GND_02,2.8,0.0,Green - Normal,94
2024-07-06 08:00:00,WLS_MLN_03,SENS_WLS_MLN_03,14.6,0.79,Green - Normal,96
2024-07-06 08:00:00,WLS_AND_04,SENS_WLS_AND_04,14.0,0.26,Green - Normal,91
2024-07-06 08:00:00,WLS_KHR_05,SENS_WLS_KHR_05,6.0,0.94,Green - Normal,94
2024-07-06 08:00:00,WLS_KRL_06,SENS_WLS_KRL_06,7.0,0.72,Green - Normal,89
2024-07-06 08:00:00,WLS_SIO_07,SENS_WLS_SIO_07,2.9,0.0,Green - Normal,99
2024-07-06 08:00:00,WLS_DDR_08,SENS_WLS_DDR_08,0.0,0.0,Green - Normal,88
2024-07-06 08:00:00,WLS_CHM_09,SENS_WLS_CHM_09,0.0,0.0,Green - Normal,99
2024-07-06 08:00:00,WLS_MLD_10,SENS_WLS_MLD_10,2.8,0.0,Green - Normal,100
2024-07-06 08:00:00,WLS_DHS_11,SENS_WLS_DHS_11,4.7,0.0,Green - Normal,98
2024-07-06 08:00:00,WLS_CHN_12,SENS_WLS_CHN_12,0.6,0.0,Green - Normal,97
2024-07-06 08:00:00,WLS_WRL_13,SENS_WLS_WRL_13,0.0,0.0,Green - Normal,96
2024-07-06 08:00:00,WLS_BYC_14,SENS_WLS_BYC_14,0.0,0.0,Green - Normal,91
2024-07-06 08:00:00,WLS_MNK_15,SENS_WLS_MNK_15,7.5,1.38,Green - Normal,88
2024-07-06 09:00:00,WLS_HND_01,SENS_WLS_HND_01,0.0,0.0,Green - Normal,95
2024-07-06 09:00:00,WLS_GND_02,SENS_WLS_GND_02,0.0,0.0,Green - Normal,100
2024-07-06 09:00:00,WLS_MLN_03,SENS_WLS_MLN_03,0.0,0.0,Green - Normal,91
2024-07-06 09:00:00,WLS_AND_04,SENS_WLS_AND_04,0.0,0.0,Green - Normal,90
2024-07-06 09:00:00,WLS_KHR_05,SENS_WLS_KHR_05,0.0,0.0,Green - Normal,98
2024-07-06 09:00:00,WLS_KRL_06,SENS_WLS_KRL_06,0.0,0.0,Green - Normal,92
2024-07-06 09:00:00,WLS_SIO_07,SENS_WLS_SIO_07,0.0,0.0,Green - Normal,88
2024-07-06 09:00:00,WLS_DDR_08,SENS_WLS_DDR_08,0.0,0.0,Green - Normal,90
2024-07-06 09:00:00,WLS_CHM_09,SENS_WLS_CHM_09,0.0,0.0,Green - Normal,90
2024-07-06 09:00:00,WLS_MLD_10,SENS_WLS_MLD_10,0.0,0.0,Green - Normal,97
2024-07-06 09:00:00,WLS_DHS_11,SENS_WLS_DHS_11,0.0,0.0,Green - Normal,100
2024-07-06 09:00:00,WLS_CHN_12,SENS_WLS_CHN_12,0.0,0.0,Green - Normal,96
2024-07-06 09:00:00,WLS_WRL_13,SENS_WLS_WRL_13,0.0,0.0,Green - Normal,97
2024-07-06 09:00:00,WLS_BYC_14,SENS_WLS_BYC_14,0.0,0.0,Green - Normal,90
2024-07-06 09:00:00,WLS_MNK_15,SENS_WLS_MNK_15,0.0,0.0,Green - Normal,97
2024-07-06 10:00:00,WLS_HND_01,SENS_WLS_HND_01,0.0,0.0,Green - Normal,90
2024-07-06 10:00:00,WLS_GND_02,SENS_WLS_GND_02,0.0,0.0,Green - Normal,88
2024-07-06 10:00:00,WLS_MLN_03,SENS_WLS_MLN_03,0.0,0.0,Green - Normal,89
2024-07-06 10:00:00,WLS_AND_04,SENS_WLS_AND_04,0.0,0.0,Green - Normal,95
2024-07-06 10:00:00,WLS_KHR_05,SENS_WLS_KHR_05,0.0,0.0,Green - Normal,91
2024-07-06 10:00:00,WLS_KRL_06,SENS_WLS_KRL_06,0.0,0.0,Green - Normal,97
2024-07-06 10:00:00,WLS_SIO_07,SENS_WLS_SIO_07,0.0,0.0,Green - Normal,90
2024-07-06 10:00:00,WLS_DDR_08,SENS_WLS_DDR_08,0.0,0.0,Green - Normal,94
2024-07-06 10:00:00,WLS_CHM_09,SENS_WLS_CHM_09,0.0,0.0,Green - Normal,88
2024-07-06 10:00:00,WLS_MLD_10,SENS_WLS_MLD_10,0.0,0.0,Green - Normal,93
2024-07-06 10:00:00,WLS_DHS_11,SENS_WLS_DHS_11,0.0,0.0,Green - Normal,98
2024-07-06 10:00:00,WLS_CHN_12,SENS_WLS_CHN_12,0.0,0.0,Green - Normal,98
2024-07-06 10:00:00,WLS_WRL_13,SENS_WLS_WRL_13,0.0,0.0,Green - Normal,97
2024-07-06 10:00:00,WLS_BYC_14,SENS_WLS_BYC_14,0.0,0.0,Green - Normal,95
2024-07-06 10:00:00,WLS_MNK_15,SENS_WLS_MNK_15,0.0,0.0,Green - Normal,90
2024-07-06 11:00:00,WLS_HND_01,SENS_WLS_HND_01,0.0,0.0,Green - Normal,89
2024-07-06 11:00:00,WLS_GND_02,SENS_WLS_GND_02,0.0,0.0,Green - Normal,90
2024-07-06 11:00:00,WLS_MLN_03,SENS_WLS_MLN_03,0.0,0.0,Green - Normal,95
2024-07-06 11:00:00,WLS_AND_04,SENS_WLS_AND_04,0.0,0.0,Green - Normal,99
2024-07-06 11:00:00,WLS_KHR_05,SENS_WLS_KHR_05,0.0,0.0,Green - Normal,100
2024-07-06 11:00:00,WLS_KRL_06,SENS_WLS_KRL_06,0.0,0.0,Green - Normal,94
2024-07-06 11:00:00,WLS_SIO_07,SENS_WLS_SIO_07,0.0,0.0,Green - Normal,88
2024-07-06 11:00:00,WLS_DDR_08,SENS_WLS_DDR_08,0.0,0.0,Green - Normal,89
2024-07-06 11:00:00,WLS_CHM_09,SENS_WLS_CHM_09,0.0,0.0,Green - Normal,92
2024-07-06 11:00:00,WLS_MLD_10,SENS_WLS_MLD_10,0.0,0.0,Green - Normal,94
2024-07-06 11:00:00,WLS_DHS_11,SENS_WLS_DHS_11,0.0,0.0,Green - Normal,88
2024-07-06 11:00:00,WLS_CHN_12,SENS_WLS_CHN_12,0.0,0.0,Green - Normal,93
2024-07-06 11:00:00,WLS_WRL_13,SENS_WLS_WRL_13,0.0,0.0,Green - Normal,92
2024-07-06 11:00:00,WLS_BYC_14,SENS_WLS_BYC_14,0.0,0.0,Green - Normal,94
2024-07-06 11:00:00,WLS_MNK_15,SENS_WLS_MNK_15,0.0,0.0,Green - Normal,91
2024-07-06 12:00:00,WLS_HND_01,SENS_WLS_HND_01,0.0,0.0,Green - Normal,92
2024-07-06 12:00:00,WLS_GND_02,SENS_WLS_GND_02,0.0,0.0,Green - Normal,98
2024-07-06 12:00:00,WLS_MLN_03,SENS_WLS_MLN_03,0.0,0.0,Green - Normal,90
2024-07-06 12:00:00,WLS_AND_04,SENS_WLS_AND_04,0.0,0.0,Green - Normal,97
2024-07-06 12:00:00,WLS_KHR_05,SENS_WLS_KHR_05,0.0,0.0,Green - Normal,88
2024-07-06 12:00:00,WLS_KRL_06,SENS_WLS_KRL_06,0.0,0.0,Green - Normal,100
2024-07-06 12:00:00,WLS_SIO_07,SENS_WLS_SIO_07,0.0,0.0,Green - Normal,99
2024-07-06 12:00:00,WLS_DDR_08,SENS_WLS_DDR_08,0.0,0.0,Green - Normal,96
2024-07-06 12:00:00,WLS_CHM_09,SENS_WLS_CHM_09,0.0,0.0,Green - Normal,88
2024-07-06 12:00:00,WLS_MLD_10,SENS_WLS_MLD_10,0.0,0.0,Green - Normal,93
2024-07-06 12:00:00,WLS_DHS_11,SENS_WLS_DHS_11,0.0,0.0,Green - Normal,100
2024-07-06 12:00:00,WLS_CHN_12,SENS_WLS_CHN_12,0.0,0.0,Green - Normal,93
2024-07-06 12:00:00,WLS_WRL_13,SENS_WLS_WRL_13,0.0,0.0,Green - Normal,88
2024-07-06 12:00:00,WLS_BYC_14,SENS_WLS_BYC_14,0.0,0.0,Green - Normal,95
2024-07-06 12:00:00,WLS_MNK_15,SENS_WLS_MNK_15,0.0,0.0,Green - Normal,93
2024-07-06 13:00:00,WLS_HND_01,SENS_WLS_HND_01,0.0,0.0,Green - Normal,94
2024-07-06 13:00:00,WLS_GND_02,SENS_WLS_GND_02,0.0,0.0,Green - Normal,91
2024-07-06 13:00:00,WLS_MLN_03,SENS_WLS_MLN_03,0.0,0.0,Green - Normal,96
2024-07-06 13:00:00,WLS_AND_04,SENS_WLS_AND_04,0.0,0.0,Green - Normal,97
2024-07-06 13:00:00,WLS_KHR_05,SENS_WLS_KHR_05,0.0,0.0,Green - Normal,95
2024-07-06 13:00:00,WLS_KRL_06,SENS_WLS_KRL_06,0.0,0.0,Green - Normal,90
2024-07-06 13:00:00,WLS_SIO_07,SENS_WLS_SIO_07,0.0,0.0,Green - Normal,93
2024-07-06 13:00:00,WLS_DDR_08,SENS_WLS_DDR_08,0.0,0.0,Green - Normal,91
2024-07-06 13:00:00,WLS_CHM_09,SENS_WLS_CHM_09,0.0,0.0,Green - Normal,88
2024-07-06 13:00:00,WLS_MLD_10,SENS_WLS_MLD_10,0.0,0.0,Green - Normal,97
2024-07-06 13:00:00,WLS_DHS_11,SENS_WLS_DHS_11,0.0,0.0,Green - Normal,96
2024-07-06 13:00:00,WLS_CHN_12,SENS_WLS_CHN_12,0.0,0.0,Green - Normal,91
2024-07-06 13:00:00,WLS_WRL_13,SENS_WLS_WRL_13,0.0,0.0,Green - Normal,99
2024-07-06 13:00:00,WLS_BYC_14,SENS_WLS_BYC_14,0.0,0.0,Green - Normal,93
2024-07-06 13:00:00,WLS_MNK_15,SENS_WLS_MNK_15,0.0,0.0,Green - Normal,91
2024-07-06 14:00:00,WLS_HND_01,SENS_WLS_HND_01,0.0,0.0,Green - Normal,91
2024-07-06 14:00:00,WLS_GND_02,SENS_WLS_GND_02,0.0,0.0,Green - Normal,93
2024-07-06 14:00:00,WLS_MLN_03,SENS_WLS_MLN_03,0.0,0.0,Green - Normal,94
2024-07-06 14:00:00,WLS_AND_04,SENS_WLS_AND_04,0.0,0.0,Green - Normal,97
2024-07-06 14:00:00,WLS_KHR_05,SENS_WLS_KHR_05,0.0,0.0,Green - Normal,98
2024-07-06 14:00:00,WLS_KRL_06,SENS_WLS_KRL_06,0.0,0.0,Green - Normal,94
2024-07-06 14:00:00,WLS_SIO_07,SENS_WLS_SIO_07,0.0,0.0,Green - Normal,97
2024-07-06 14:00:00,WLS_DDR_08,SENS_WLS_DDR_08,0.0,0.0,Green - Normal,91
2024-07-06 14:00:00,WLS_CHM_09,SENS_WLS_CHM_09,0.0,0.0,Green - Normal,93
2024-07-06 14:00:00,WLS_MLD_10,SENS_WLS_MLD_10,0.0,0.0,Green - Normal,91
2024-07-06 14:00:00,WLS_DHS_11,SENS_WLS_DHS_11,0.0,0.0,Green - Normal,99
2024-07-06 14:00:00,WLS_CHN_12,SENS_WLS_CHN_12,0.0,0.0,Green - Normal,97
2024-07-06 14:00:00,WLS_WRL_13,SENS_WLS_WRL_13,0.0,0.0,Green - Normal,97
2024-07-06 14:00:00,WLS_BYC_14,SENS_WLS_BYC_14,0.0,0.0,Green - Normal,98
2024-07-06 14:00:00,WLS_MNK_15,SENS_WLS_MNK_15,0.0,0.0,Green - Normal,97
2024-07-06 15:00:00,WLS_HND_01,SENS_WLS_HND_01,16.3,0.48,Amber Alert - Waterlogging,97
2024-07-06 15:00:00,WLS_GND_02,SENS_WLS_GND_02,18.8,1.15,Amber Alert - Waterlogging,88
2024-07-06 15:00:00,WLS_MLN_03,SENS_WLS_MLN_03,27.8,0.6,Amber Alert - Waterlogging,99
2024-07-06 15:00:00,WLS_AND_04,SENS_WLS_AND_04,27.3,1.35,Amber Alert - Waterlogging,92
2024-07-06 15:00:00,WLS_KHR_05,SENS_WLS_KHR_05,24.9,1.0,Amber Alert - Waterlogging,94
2024-07-06 15:00:00,WLS_KRL_06,SENS_WLS_KRL_06,17.3,0.85,Amber Alert - Waterlogging,91
2024-07-06 15:00:00,WLS_SIO_07,SENS_WLS_SIO_07,10.7,0.76,Green - Normal,94
2024-07-06 15:00:00,WLS_DDR_08,SENS_WLS_DDR_08,8.5,1.06,Green - Normal,97
2024-07-06 15:00:00,WLS_CHM_09,SENS_WLS_CHM_09,2.6,0.0,Green - Normal,91
2024-07-06 15:00:00,WLS_MLD_10,SENS_WLS_MLD_10,22.6,0.58,Amber Alert - Waterlogging,91
2024-07-06 15:00:00,WLS_DHS_11,SENS_WLS_DHS_11,22.3,0.45,Amber Alert - Waterlogging,89
2024-07-06 15:00:00,WLS_CHN_12,SENS_WLS_CHN_12,14.1,1.31,Green - Normal,100
2024-07-06 15:00:00,WLS_WRL_13,SENS_WLS_WRL_13,1.2,0.0,Green - Normal,89
2024-07-06 15:00:00,WLS_BYC_14,SENS_WLS_BYC_14,15.6,0.42,Amber Alert - Waterlogging,93
2024-07-06 15:00:00,WLS_MNK_15,SENS_WLS_MNK_15,16.9,0.67,Amber Alert - Waterlogging,92
2024-07-06 16:00:00,WLS_HND_01,SENS_WLS_HND_01,0.0,0.0,Green - Normal,95
2024-07-06 16:00:00,WLS_GND_02,SENS_WLS_GND_02,0.0,0.0,Green - Normal,91
2024-07-06 16:00:00,WLS_MLN_03,SENS_WLS_MLN_03,0.0,0.0,Green - Normal,89
2024-07-06 16:00:00,WLS_AND_04,SENS_WLS_AND_04,0.0,0.0,Green - Normal,91
2024-07-06 16:00:00,WLS_KHR_05,SENS_WLS_KHR_05,0.0,0.0,Green - Normal,96
2024-07-06 16:00:00,WLS_KRL_06,SENS_WLS_KRL_06,0.0,0.0,Green - Normal,88
2024-07-06 16:00:00,WLS_SIO_07,SENS_WLS_SIO_07,0.0,0.0,Green - Normal,95
2024-07-06 16:00:00,WLS_DDR_08,SENS_WLS_DDR_08,0.0,0.0,Green - Normal,89
2024-07-06 16:00:00,WLS_CHM_09,SENS_WLS_CHM_09,0.0,0.0,Green - Normal,100
2024-07-06 16:00:00,WLS_MLD_10,SENS_WLS_MLD_10,0.0,0.0,Green - Normal,94
2024-07-06 16:00:00,WLS_DHS_11,SENS_WLS_DHS_11,0.0,0.0,Green - Normal,96
2024-07-06 16:00:00,WLS_CHN_12,SENS_WLS_CHN_12,0.0,0.0,Green - Normal,94
2024-07-06 16:00:00,WLS_WRL_13,SENS_WLS_WRL_13,0.0,0.0,Green - Normal,88
2024-07-06 16:00:00,WLS_BYC_14,SENS_WLS_BYC_14,0.0,0.0,Green - Normal,94
2024-07-06 16:00:00,WLS_MNK_15,SENS_WLS_MNK_15,0.0,0.0,Green - Normal,95
2024-07-06 17:00:00,WLS_HND_01,SENS_WLS_HND_01,0.0,0.0,Green - Normal,95
2024-07-06 17:00:00,WLS_GND_02,SENS_WLS_GND_02,0.0,0.0,Green - Normal,95
2024-07-06 17:00:00,WLS_MLN_03,SENS_WLS_MLN_03,0.0,0.0,Green - Normal,98
2024-07-06 17:00:00,WLS_AND_04,SENS_WLS_AND_04,0.0,0.0,Green - Normal,97
2024-07-06 17:00:00,WLS_KHR_05,SENS_WLS_KHR_05,0.0,0.0,Green - Normal,94
2024-07-06 17:00:00,WLS_KRL_06,SENS_WLS_KRL_06,0.0,0.0,Green - Normal,97
2024-07-06 17:00:00,WLS_SIO_07,SENS_WLS_SIO_07,0.0,0.0,Green - Normal,93
2024-07-06 17:00:00,WLS_DDR_08,SENS_WLS_DDR_08,0.0,0.0,Green - Normal,92
2024-07-06 17:00:00,WLS_CHM_09,SENS_WLS_CHM_09,0.0,0.0,Green - Normal,93
2024-07-06 17:00:00,WLS_MLD_10,SENS_WLS_MLD_10,0.0,0.0,Green - Normal,97
2024-07-06 17:00:00,WLS_DHS_11,SENS_WLS_DHS_11,0.0,0.0,Green - Normal,92
2024-07-06 17:00:00,WLS_CHN_12,SENS_WLS_CHN_12,0.0,0.0,Green - Normal,90
2024-07-06 17:00:00,WLS_WRL_13,SENS_WLS_WRL_13,0.0,0.0,Green - Normal,93
2024-07-06 17:00:00,WLS_BYC_14,SENS_WLS_BYC_14,0.0,0.0,Green - Normal,96
2024-07-06 17:00:00,WLS_MNK_15,SENS_WLS_MNK_15,0.0,0.0,Green - Normal,88
2024-07-06 18:00:00,WLS_HND_01,SENS_WLS_HND_01,0.0,0.0,Green - Normal,92
2024-07-06 18:00:00,WLS_GND_02,SENS_WLS_GND_02,0.0,0.0,Green - Normal,99
2024-07-06 18:00:00,WLS_MLN_03,SENS_WLS_MLN_03,0.0,0.0,Green - Normal,99
2024-07-06 18:00:00,WLS_AND_04,SENS_WLS_AND_04,0.0,0.0,Green - Normal,95
2024-07-06 18:00:00,WLS_KHR_05,SENS_WLS_KHR_05,0.0,0.0,Green - Normal,88
2024-07-06 18:00:00,WLS_KRL_06,SENS_WLS_KRL_06,0.0,0.0,Green - Normal,96
2024-07-06 18:00:00,WLS_SIO_07,SENS_WLS_SIO_07,0.0,0.0,Green - Normal,89
2024-07-06 18:00:00,WLS_DDR_08,SENS_WLS_DDR_08,0.0,0.0,Green - Normal,93
2024-07-06 18:00:00,WLS_CHM_09,SENS_WLS_CHM_09,0.0,0.0,Green - Normal,96
2024-07-06 18:00:00,WLS_MLD_10,SENS_WLS_MLD_10,0.0,0.0,Green - Normal,95
2024-07-06 18:00:00,WLS_DHS_11,SENS_WLS_DHS_11,0.0,0.0,Green - Normal,97
2024-07-06 18:00:00,WLS_CHN_12,SENS_WLS_CHN_12,0.0,0.0,Green - Normal,91
2024-07-06 18:00:00,WLS_WRL_13,SENS_WLS_WRL_13,0.0,0.0,Green - Normal,89
2024-07-06 18:00:00,WLS_BYC_14,SENS_WLS_BYC_14,0.0,0.0,Green - Normal,90
2024-07-06 18:00:00,WLS_MNK_15,SENS_WLS_MNK_15,0.0,0.0,Green - Normal,98
2024-07-06 19:00:00,WLS_HND_01,SENS_WLS_HND_01,0.0,0.0,Green - Normal,88
2024-07-06 19:00:00,WLS_GND_02,SENS_WLS_GND_02,0.0,0.0,Green - Normal,88
2024-07-06 19:00:00,WLS_MLN_03,SENS_WLS_MLN_03,0.0,0.0,Green - Normal,100
2024-07-06 19:00:00,WLS_AND_04,SENS_WLS_AND_04,0.0,0.0,Green - Normal,88
2024-07-06 19:00:00,WLS_KHR_05,SENS_WLS_KHR_05,0.0,0.0,Green - Normal,100
2024-07-06 19:00:00,WLS_KRL_06,SENS_WLS_KRL_06,0.0,0.0,Green - Normal,99
2024-07-06 19:00:00,WLS_SIO_07,SENS_WLS_SIO_07,0.0,0.0,Green - Normal,88
2024-07-06 19:00:00,WLS_DDR_08,SENS_WLS_DDR_08,0.0,0.0,Green - Normal,97
2024-07-06 19:00:00,WLS_CHM_09,SENS_WLS_CHM_09,0.0,0.0,Green - Normal,99
2024-07-06 19:00:00,WLS_MLD_10,SENS_WLS_MLD_10,0.0,0.0,Green - Normal,98
2024-07-06 19:00:00,WLS_DHS_11,SENS_WLS_DHS_11,0.0,0.0,Green - Normal,91
2024-07-06 19:00:00,WLS_CHN_12,SENS_WLS_CHN_12,0.0,0.0,Green - Normal,91
2024-07-06 19:00:00,WLS_WRL_13,SENS_WLS_WRL_13,0.0,0.0,Green - Normal,90
2024-07-06 19:00:00,WLS_BYC_14,SENS_WLS_BYC_14,0.0,0.0,Green - Normal,99
2024-07-06 19:00:00,WLS_MNK_15,SENS_WLS_MNK_15,0.0,0.0,Green - Normal,96
2024-07-06 20:00:00,WLS_HND_01,SENS_WLS_HND_01,0.0,0.0,Green - Normal,97
2024-07-06 20:00:00,WLS_GND_02,SENS_WLS_GND_02,0.0,0.0,Green - Normal,92
2024-07-06 20:00:00,WLS_MLN_03,SENS_WLS_MLN_03,0.0,0.0,Green - Normal,96
2024-07-06 20:00:00,WLS_AND_04,SENS_WLS_AND_04,0.0,0.0,Green - Normal,96
2024-07-06 20:00:00,WLS_KHR_05,SENS_WLS_KHR_05,0.0,0.0,Green - Normal,97
2024-07-06 20:00:00,WLS_KRL_06,SENS_WLS_KRL_06,0.0,0.0,Green - Normal,90
2024-07-06 20:00:00,WLS_SIO_07,SENS_WLS_SIO_07,0.0,0.0,Green - Normal,95
2024-07-06 20:00:00,WLS_DDR_08,SENS_WLS_DDR_08,0.0,0.0,Green - Normal,96
2024-07-06 20:00:00,WLS_CHM_09,SENS_WLS_CHM_09,0.0,0.0,Green - Normal,89
2024-07-06 20:00:00,WLS_MLD_10,SENS_WLS_MLD_10,0.0,0.0,Green - Normal,90
2024-07-06 20:00:00,WLS_DHS_11,SENS_WLS_DHS_11,0.0,0.0,Green - Normal,88
2024-07-06 20:00:00,WLS_CHN_12,SENS_WLS_CHN_12,0.0,0.0,Green - Normal,96
2024-07-06 20:00:00,WLS_WRL_13,SENS_WLS_WRL_13,0.0,0.0,Green - Normal,91
2024-07-06 20:00:00,WLS_BYC_14,SENS_WLS_BYC_14,0.0,0.0,Green - Normal,93
2024-07-06 20:00:00,WLS_MNK_15,SENS_WLS_MNK_15,0.0,0.0,Green - Normal,97
2024-07-06 21:00:00,WLS_HND_01,SENS_WLS_HND_01,0.0,0.0,Green - Normal,88
2024-07-06 21:00:00,WLS_GND_02,SENS_WLS_GND_02,0.0,0.0,Green - Normal,100
2024-07-06 21:00:00,WLS_MLN_03,SENS_WLS_MLN_03,0.0,0.0,Green - Normal,99
2024-07-06 21:00:00,WLS_AND_04,SENS_WLS_AND_04,0.0,0.0,Green - Normal,92
2024-07-06 21:00:00,WLS_KHR_05,SENS_WLS_KHR_05,0.0,0.0,Green - Normal,91
2024-07-06 21:00:00,WLS_KRL_06,SENS_WLS_KRL_06,0.0,0.0,Green - Normal,100
2024-07-06 21:00:00,WLS_SIO_07,SENS_WLS_SIO_07,0.0,0.0,Green - Normal,88
2024-07-06 21:00:00,WLS_DDR_08,SENS_WLS_DDR_08,0.0,0.0,Green - Normal,94
2024-07-06 21:00:00,WLS_CHM_09,SENS_WLS_CHM_09,0.0,0.0,Green - Normal,100
2024-07-06 21:00:00,WLS_MLD_10,SENS_WLS_MLD_10,0.0,0.0,Green - Normal,97
2024-07-06 21:00:00,WLS_DHS_11,SENS_WLS_DHS_11,0.0,0.0,Green - Normal,93
2024-07-06 21:00:00,WLS_CHN_12,SENS_WLS_CHN_12,0.0,0.0,Green - Normal,95
2024-07-06 21:00:00,WLS_WRL_13,SENS_WLS_WRL_13,0.0,0.0,Green - Normal,90
2024-07-06 21:00:00,WLS_BYC_14,SENS_WLS_BYC_14,0.0,0.0,Green - Normal,94
2024-07-06 21:00:00,WLS_MNK_15,SENS_WLS_MNK_15,0.0,0.0,Green - Normal,99
2024-07-06 22:00:00,WLS_HND_01,SENS_WLS_HND_01,9.6,0.69,Green - Normal,88
2024-07-06 22:00:00,WLS_GND_02,SENS_WLS_GND_02,8.6,1.05,Green - Normal,90
2024-07-06 22:00:00,WLS_MLN_03,SENS_WLS_MLN_03,17.6,1.16,Amber Alert - Waterlogging,99
2024-07-06 22:00:00,WLS_AND_04,SENS_WLS_AND_04,19.2,0.77,Amber Alert - Waterlogging,96
2024-07-06 22:00:00,WLS_KHR_05,SENS_WLS_KHR_05,17.3,0.62,Amber Alert - Waterlogging,88
2024-07-06 22:00:00,WLS_KRL_06,SENS_WLS_KRL_06,6.2,0.23,Green - Normal,90
2024-07-06 22:00:00,WLS_SIO_07,SENS_WLS_SIO_07,5.2,0.36,Green - Normal,98
2024-07-06 22:00:00,WLS_DDR_08,SENS_WLS_DDR_08,4.4,0.0,Green - Normal,93
2024-07-06 22:00:00,WLS_CHM_09,SENS_WLS_CHM_09,4.0,0.0,Green - Normal,99
2024-07-06 22:00:00,WLS_MLD_10,SENS_WLS_MLD_10,16.1,0.56,Amber Alert - Waterlogging,89
2024-07-06 22:00:00,WLS_DHS_11,SENS_WLS_DHS_11,8.9,1.18,Green - Normal,88
2024-07-06 22:00:00,WLS_CHN_12,SENS_WLS_CHN_12,3.1,0.0,Green - Normal,88
2024-07-06 22:00:00,WLS_WRL_13,SENS_WLS_WRL_13,0.0,0.0,Green - Normal,91
2024-07-06 22:00:00,WLS_BYC_14,SENS_WLS_BYC_14,4.0,0.0,Green - Normal,89
2024-07-06 22:00:00,WLS_MNK_15,SENS_WLS_MNK_15,11.0,0.92,Green - Normal,93
2024-07-06 23:00:00,WLS_HND_01,SENS_WLS_HND_01,0.5,0.0,Green - Normal,91
2024-07-06 23:00:00,WLS_GND_02,SENS_WLS_GND_02,4.8,0.0,Green - Normal,92
2024-07-06 23:00:00,WLS_MLN_03,SENS_WLS_MLN_03,5.2,0.28,Green - Normal,89
2024-07-06 23:00:00,WLS_AND_04,SENS_WLS_AND_04,6.7,0.8,Green - Normal,95
2024-07-06 23:00:00,WLS_KHR_05,SENS_WLS_KHR_05,6.1,0.77,Green - Normal,92
2024-07-06 23:00:00,WLS_KRL_06,SENS_WLS_KRL_06,1.1,0.0,Green - Normal,94
2024-07-06 23:00:00,WLS_SIO_07,SENS_WLS_SIO_07,0.0,0.0,Green - Normal,97
2024-07-06 23:00:00,WLS_DDR_08,SENS_WLS_DDR_08,3.6,0.0,Green - Normal,96
2024-07-06 23:00:00,WLS_CHM_09,SENS_WLS_CHM_09,1.1,0.0,Green - Normal,89
2024-07-06 23:00:00,WLS_MLD_10,SENS_WLS_MLD_10,3.2,0.0,Green - Normal,100
2024-07-06 23:00:00,WLS_DHS_11,SENS_WLS_DHS_11,6.7,1.2,Green - Normal,98
2024-07-06 23:00:00,WLS_CHN_12,SENS_WLS_CHN_12,5.8,0.87,Green - Normal,88
2024-07-06 23:00:00,WLS_WRL_13,SENS_WLS_WRL_13,0.0,0.0,Green - Normal,89
2024-07-06 23:00:00,WLS_BYC_14,SENS_WLS_BYC_14,0.7,0.0,Green - Normal,95
2024-07-06 23:00:00,WLS_MNK_15,SENS_WLS_MNK_15,4.8,0.0,Green - Normal,95
2024-07-07 00:00:00,WLS_HND_01,SENS_WLS_HND_01,0.0,0.0,Green - Normal,92
2024-07-07 00:00:00,WLS_GND_02,SENS_WLS_GND_02,0.0,0.0,Green - Normal,89
2024-07-07 00:00:00,WLS_MLN_03,SENS_WLS_MLN_03,0.0,0.0,Green - Normal,98
2024-07-07 00:00:00,WLS_AND_04,SENS_WLS_AND_04,0.0,0.0,Green - Normal,93
2024-07-07 00:00:00,WLS_KHR_05,SENS_WLS_KHR_05,0.0,0.0,Green - Normal,93
2024-07-07 00:00:00,WLS_KRL_06,SENS_WLS_KRL_06,0.0,0.0,Green - Normal,89
2024-07-07 00:00:00,WLS_SIO_07,SENS_WLS_SIO_07,0.0,0.0,Green - Normal,88
2024-07-07 00:00:00,WLS_DDR_08,SENS_WLS_DDR_08,0.0,0.0,Green - Normal,89
2024-07-07 00:00:00,WLS_CHM_09,SENS_WLS_CHM_09,0.0,0.0,Green - Normal,100
2024-07-07 00:00:00,WLS_MLD_10,SENS_WLS_MLD_10,0.0,0.0,Green - Normal,88
2024-07-07 00:00:00,WLS_DHS_11,SENS_WLS_DHS_11,0.0,0.0,Green - Normal,96
2024-07-07 00:00:00,WLS_CHN_12,SENS_WLS_CHN_12,0.0,0.0,Green - Normal,92
2024-07-07 00:00:00,WLS_WRL_13,SENS_WLS_WRL_13,0.0,0.0,Green - Normal,97
2024-07-07 00:00:00,WLS_BYC_14,SENS_WLS_BYC_14,0.0,0.0,Green - Normal,98
2024-07-07 00:00:00,WLS_MNK_15,SENS_WLS_MNK_15,0.0,0.0,Green - Normal,94
2024-07-07 01:00:00,WLS_HND_01,SENS_WLS_HND_01,0.0,0.0,Green - Normal,100
2024-07-07 01:00:00,WLS_GND_02,SENS_WLS_GND_02,0.0,0.0,Green - Normal,98
2024-07-07 01:00:00,WLS_MLN_03,SENS_WLS_MLN_03,0.2,0.0,Green - Normal,100
2024-07-07 01:00:00,WLS_AND_04,SENS_WLS_AND_04,0.5,0.0,Green - Normal,94
2024-07-07 01:00:00,WLS_KHR_05,SENS_WLS_KHR_05,1.1,0.0,Green - Normal,92
2024-07-07 01:00:00,WLS_KRL_06,SENS_WLS_KRL_06,0.0,0.0,Green - Normal,100
2024-07-07 01:00:00,WLS_SIO_07,SENS_WLS_SIO_07,0.0,0.0,Green - Normal,93
2024-07-07 01:00:00,WLS_DDR_08,SENS_WLS_DDR_08,0.0,0.0,Green - Normal,99
2024-07-07 01:00:00,WLS_CHM_09,SENS_WLS_CHM_09,0.0,0.0,Green - Normal,91
2024-07-07 01:00:00,WLS_MLD_10,SENS_WLS_MLD_10,0.0,0.0,Green - Normal,93
2024-07-07 01:00:00,WLS_DHS_11,SENS_WLS_DHS_11,0.0,0.0,Green - Normal,90
2024-07-07 01:00:00,WLS_CHN_12,SENS_WLS_CHN_12,0.0,0.0,Green - Normal,89
2024-07-07 01:00:00,WLS_WRL_13,SENS_WLS_WRL_13,0.0,0.0,Green - Normal,99
2024-07-07 01:00:00,WLS_BYC_14,SENS_WLS_BYC_14,0.0,0.0,Green - Normal,91
2024-07-07 01:00:00,WLS_MNK_15,SENS_WLS_MNK_15,0.0,0.0,Green - Normal,93
2024-07-07 02:00:00,WLS_HND_01,SENS_WLS_HND_01,0.0,0.0,Green - Normal,100
2024-07-07 02:00:00,WLS_GND_02,SENS_WLS_GND_02,0.0,0.0,Green - Normal,95
2024-07-07 02:00:00,WLS_MLN_03,SENS_WLS_MLN_03,0.0,0.0,Green - Normal,90
2024-07-07 02:00:00,WLS_AND_04,SENS_WLS_AND_04,0.0,0.0,Green - Normal,89
2024-07-07 02:00:00,WLS_KHR_05,SENS_WLS_KHR_05,0.0,0.0,Green - Normal,91
2024-07-07 02:00:00,WLS_KRL_06,SENS_WLS_KRL_06,0.0,0.0,Green - Normal,97
2024-07-07 02:00:00,WLS_SIO_07,SENS_WLS_SIO_07,0.0,0.0,Green - Normal,91
2024-07-07 02:00:00,WLS_DDR_08,SENS_WLS_DDR_08,0.0,0.0,Green - Normal,91
2024-07-07 02:00:00,WLS_CHM_09,SENS_WLS_CHM_09,0.0,0.0,Green - Normal,96
2024-07-07 02:00:00,WLS_MLD_10,SENS_WLS_MLD_10,0.0,0.0,Green - Normal,99
2024-07-07 02:00:00,WLS_DHS_11,SENS_WLS_DHS_11,0.0,0.0,Green - Normal,98
2024-07-07 02:00:00,WLS_CHN_12,SENS_WLS_CHN_12,0.0,0.0,Green - Normal,93
2024-07-07 02:00:00,WLS_WRL_13,SENS_WLS_WRL_13,0.0,0.0,Green - Normal,100
2024-07-07 02:00:00,WLS_BYC_14,SENS_WLS_BYC_14,0.0,0.0,Green - Normal,90
2024-07-07 02:00:00,WLS_MNK_15,SENS_WLS_MNK_15,0.0,0.0,Green - Normal,90
2024-07-07 03:00:00,WLS_HND_01,SENS_WLS_HND_01,0.0,0.0,Green - Normal,90
2024-07-07 03:00:00,WLS_GND_02,SENS_WLS_GND_02,0.0,0.0,Green - Normal,98
2024-07-07 03:00:00,WLS_MLN_03,SENS_WLS_MLN_03,0.0,0.0,Green - Normal,95
2024-07-07 03:00:00,WLS_AND_04,SENS_WLS_AND_04,0.0,0.0,Green - Normal,100
2024-07-07 03:00:00,WLS_KHR_05,SENS_WLS_KHR_05,0.0,0.0,Green - Normal,100
2024-07-07 03:00:00,WLS_KRL_06,SENS_WLS_KRL_06,0.0,0.0,Green - Normal,89
2024-07-07 03:00:00,WLS_SIO_07,SENS_WLS_SIO_07,0.0,0.0,Green - Normal,98
2024-07-07 03:00:00,WLS_DDR_08,SENS_WLS_DDR_08,0.0,0.0,Green - Normal,100
2024-07-07 03:00:00,WLS_CHM_09,SENS_WLS_CHM_09,0.0,0.0,Green - Normal,95
2024-07-07 03:00:00,WLS_MLD_10,SENS_WLS_MLD_10,0.0,0.0,Green - Normal,92
2024-07-07 03:00:00,WLS_DHS_11,SENS_WLS_DHS_11,0.0,0.0,Green - Normal,95
2024-07-07 03:00:00,WLS_CHN_12,SENS_WLS_CHN_12,0.0,0.0,Green - Normal,90
2024-07-07 03:00:00,WLS_WRL_13,SENS_WLS_WRL_13,0.0,0.0,Green - Normal,91
2024-07-07 03:00:00,WLS_BYC_14,SENS_WLS_BYC_14,0.0,0.0,Green - Normal,90
2024-07-07 03:00:00,WLS_MNK_15,SENS_WLS_MNK_15,0.0,0.0,Green - Normal,93
2024-07-07 04:00:00,WLS_HND_01,SENS_WLS_HND_01,0.0,0.0,Green - Normal,94
2024-07-07 04:00:00,WLS_GND_02,SENS_WLS_GND_02,0.0,0.0,Green - Normal,99
2024-07-07 04:00:00,WLS_MLN_03,SENS_WLS_MLN_03,0.0,0.0,Green - Normal,93
2024-07-07 04:00:00,WLS_AND_04,SENS_WLS_AND_04,0.0,0.0,Green - Normal,91
2024-07-07 04:00:00,WLS_KHR_05,SENS_WLS_KHR_05,0.0,0.0,Green - Normal,91
2024-07-07 04:00:00,WLS_KRL_06,SENS_WLS_KRL_06,0.0,0.0,Green - Normal,89
2024-07-07 04:00:00,WLS_SIO_07,SENS_WLS_SIO_07,0.0,0.0,Green - Normal,95
2024-07-07 04:00:00,WLS_DDR_08,SENS_WLS_DDR_08,0.0,0.0,Green - Normal,99
2024-07-07 04:00:00,WLS_CHM_09,SENS_WLS_CHM_09,0.0,0.0,Green - Normal,88
2024-07-07 04:00:00,WLS_MLD_10,SENS_WLS_MLD_10,0.0,0.0,Green - Normal,96
2024-07-07 04:00:00,WLS_DHS_11,SENS_WLS_DHS_11,0.0,0.0,Green - Normal,93
2024-07-07 04:00:00,WLS_CHN_12,SENS_WLS_CHN_12,0.0,0.0,Green - Normal,96
2024-07-07 04:00:00,WLS_WRL_13,SENS_WLS_WRL_13,0.0,0.0,Green - Normal,98
2024-07-07 04:00:00,WLS_BYC_14,SENS_WLS_BYC_14,0.0,0.0,Green - Normal,100
2024-07-07 04:00:00,WLS_MNK_15,SENS_WLS_MNK_15,0.0,0.0,Green - Normal,99
2024-07-07 05:00:00,WLS_HND_01,SENS_WLS_HND_01,0.0,0.0,Green - Normal,94
2024-07-07 05:00:00,WLS_GND_02,SENS_WLS_GND_02,0.0,0.0,Green - Normal,96
2024-07-07 05:00:00,WLS_MLN_03,SENS_WLS_MLN_03,0.0,0.0,Green - Normal,89
2024-07-07 05:00:00,WLS_AND_04,SENS_WLS_AND_04,0.0,0.0,Green - Normal,92
2024-07-07 05:00:00,WLS_KHR_05,SENS_WLS_KHR_05,0.0,0.0,Green - Normal,95
2024-07-07 05:00:00,WLS_KRL_06,SENS_WLS_KRL_06,0.0,0.0,Green - Normal,95
2024-07-07 05:00:00,WLS_SIO_07,SENS_WLS_SIO_07,0.0,0.0,Green - Normal,88
2024-07-07 05:00:00,WLS_DDR_08,SENS_WLS_DDR_08,0.0,0.0,Green - Normal,94
2024-07-07 05:00:00,WLS_CHM_09,SENS_WLS_CHM_09,0.0,0.0,Green - Normal,100
2024-07-07 05:00:00,WLS_MLD_10,SENS_WLS_MLD_10,0.0,0.0,Green - Normal,88
2024-07-07 05:00:00,WLS_DHS_11,SENS_WLS_DHS_11,0.0,0.0,Green - Normal,88
2024-07-07 05:00:00,WLS_CHN_12,SENS_WLS_CHN_12,0.0,0.0,Green - Normal,90
2024-07-07 05:00:00,WLS_WRL_13,SENS_WLS_WRL_13,0.0,0.0,Green - Normal,94
2024-07-07 05:00:00,WLS_BYC_14,SENS_WLS_BYC_14,0.0,0.0,Green - Normal,97
2024-07-07 05:00:00,WLS_MNK_15,SENS_WLS_MNK_15,0.0,0.0,Green - Normal,88
2024-07-07 06:00:00,WLS_HND_01,SENS_WLS_HND_01,0.0,0.0,Green - Normal,100
2024-07-07 06:00:00,WLS_GND_02,SENS_WLS_GND_02,0.0,0.0,Green - Normal,100
2024-07-07 06:00:00,WLS_MLN_03,SENS_WLS_MLN_03,0.0,0.0,Green - Normal,88
2024-07-07 06:00:00,WLS_AND_04,SENS_WLS_AND_04,0.0,0.0,Green - Normal,91
2024-07-07 06:00:00,WLS_KHR_05,SENS_WLS_KHR_05,0.0,0.0,Green - Normal,88
2024-07-07 06:00:00,WLS_KRL_06,SENS_WLS_KRL_06,0.0,0.0,Green - Normal,92
2024-07-07 06:00:00,WLS_SIO_07,SENS_WLS_SIO_07,0.0,0.0,Green - Normal,94
2024-07-07 06:00:00,WLS_DDR_08,SENS_WLS_DDR_08,0.0,0.0,Green - Normal,89
2024-07-07 06:00:00,WLS_CHM_09,SENS_WLS_CHM_09,0.0,0.0,Green - Normal,94
2024-07-07 06:00:00,WLS_MLD_10,SENS_WLS_MLD_10,0.0,0.0,Green - Normal,94
2024-07-07 06:00:00,WLS_DHS_11,SENS_WLS_DHS_11,0.0,0.0,Green - Normal,93
2024-07-07 06:00:00,WLS_CHN_12,SENS_WLS_CHN_12,0.0,0.0,Green - Normal,95
2024-07-07 06:00:00,WLS_WRL_13,SENS_WLS_WRL_13,0.0,0.0,Green - Normal,96
2024-07-07 06:00:00,WLS_BYC_14,SENS_WLS_BYC_14,0.0,0.0,Green - Normal,88
2024-07-07 06:00:00,WLS_MNK_15,SENS_WLS_MNK_15,0.0,0.0,Green - Normal,97
2024-07-07 07:00:00,WLS_HND_01,SENS_WLS_HND_01,0.0,0.0,Green - Normal,99
2024-07-07 07:00:00,WLS_GND_02,SENS_WLS_GND_02,0.0,0.0,Green - Normal,88
2024-07-07 07:00:00,WLS_MLN_03,SENS_WLS_MLN_03,0.0,0.0,Green - Normal,88
2024-07-07 07:00:00,WLS_AND_04,SENS_WLS_AND_04,0.0,0.0,Green - Normal,89
2024-07-07 07:00:00,WLS_KHR_05,SENS_WLS_KHR_05,0.0,0.0,Green - Normal,94
2024-07-07 07:00:00,WLS_KRL_06,SENS_WLS_KRL_06,0.0,0.0,Green - Normal,95
2024-07-07 07:00:00,WLS_SIO_07,SENS_WLS_SIO_07,0.0,0.0,Green - Normal,89
2024-07-07 07:00:00,WLS_DDR_08,SENS_WLS_DDR_08,0.0,0.0,Green - Normal,95
2024-07-07 07:00:00,WLS_CHM_09,SENS_WLS_CHM_09,0.0,0.0,Green - Normal,98
2024-07-07 07:00:00,WLS_MLD_10,SENS_WLS_MLD_10,0.0,0.0,Green - Normal,88
2024-07-07 07:00:00,WLS_DHS_11,SENS_WLS_DHS_11,0.0,0.0,Green - Normal,88
2024-07-07 07:00:00,WLS_CHN_12,SENS_WLS_CHN_12,0.0,0.0,Green - Normal,94
2024-07-07 07:00:00,WLS_WRL_13,SENS_WLS_WRL_13,0.0,0.0,Green - Normal,95
2024-07-07 07:00:00,WLS_BYC_14,SENS_WLS_BYC_14,0.0,0.0,Green - Normal,89
2024-07-07 07:00:00,WLS_MNK_15,SENS_WLS_MNK_15,0.0,0.0,Green - Normal,96
2024-07-07 08:00:00,WLS_HND_01,SENS_WLS_HND_01,0.0,0.0,Green - Normal,93
2024-07-07 08:00:00,WLS_GND_02,SENS_WLS_GND_02,0.0,0.0,Green - Normal,89
2024-07-07 08:00:00,WLS_MLN_03,SENS_WLS_MLN_03,0.0,0.0,Green - Normal,88
2024-07-07 08:00:00,WLS_AND_04,SENS_WLS_AND_04,0.0,0.0,Green - Normal,96
2024-07-07 08:00:00,WLS_KHR_05,SENS_WLS_KHR_05,0.0,0.0,Green - Normal,93
2024-07-07 08:00:00,WLS_KRL_06,SENS_WLS_KRL_06,0.0,0.0,Green - Normal,95
2024-07-07 08:00:00,WLS_SIO_07,SENS_WLS_SIO_07,0.0,0.0,Green - Normal,96
2024-07-07 08:00:00,WLS_DDR_08,SENS_WLS_DDR_08,0.0,0.0,Green - Normal,97
2024-07-07 08:00:00,WLS_CHM_09,SENS_WLS_CHM_09,0.0,0.0,Green - Normal,95
2024-07-07 08:00:00,WLS_MLD_10,SENS_WLS_MLD_10,0.0,0.0,Green - Normal,88
2024-07-07 08:00:00,WLS_DHS_11,SENS_WLS_DHS_11,0.0,0.0,Green - Normal,91
2024-07-07 08:00:00,WLS_CHN_12,SENS_WLS_CHN_12,0.0,0.0,Green - Normal,93
2024-07-07 08:00:00,WLS_WRL_13,SENS_WLS_WRL_13,0.0,0.0,Green - Normal,96
2024-07-07 08:00:00,WLS_BYC_14,SENS_WLS_BYC_14,0.0,0.0,Green - Normal,89
2024-07-07 08:00:00,WLS_MNK_15,SENS_WLS_MNK_15,0.0,0.0,Green - Normal,92
2024-07-07 09:00:00,WLS_HND_01,SENS_WLS_HND_01,0.0,0.0,Green - Normal,89
2024-07-07 09:00:00,WLS_GND_02,SENS_WLS_GND_02,0.0,0.0,Green - Normal,90
2024-07-07 09:00:00,WLS_MLN_03,SENS_WLS_MLN_03,0.0,0.0,Green - Normal,96
2024-07-07 09:00:00,WLS_AND_04,SENS_WLS_AND_04,0.0,0.0,Green - Normal,90
2024-07-07 09:00:00,WLS_KHR_05,SENS_WLS_KHR_05,0.0,0.0,Green - Normal,96
2024-07-07 09:00:00,WLS_KRL_06,SENS_WLS_KRL_06,0.0,0.0,Green - Normal,95
2024-07-07 09:00:00,WLS_SIO_07,SENS_WLS_SIO_07,0.0,0.0,Green - Normal,94
2024-07-07 09:00:00,WLS_DDR_08,SENS_WLS_DDR_08,0.0,0.0,Green - Normal,88
2024-07-07 09:00:00,WLS_CHM_09,SENS_WLS_CHM_09,0.0,0.0,Green - Normal,100
2024-07-07 09:00:00,WLS_MLD_10,SENS_WLS_MLD_10,0.0,0.0,Green - Normal,97
2024-07-07 09:00:00,WLS_DHS_11,SENS_WLS_DHS_11,0.0,0.0,Green - Normal,98
2024-07-07 09:00:00,WLS_CHN_12,SENS_WLS_CHN_12,0.0,0.0,Green - Normal,93
2024-07-07 09:00:00,WLS_WRL_13,SENS_WLS_WRL_13,0.0,0.0,Green - Normal,97
2024-07-07 09:00:00,WLS_BYC_14,SENS_WLS_BYC_14,0.0,0.0,Green - Normal,91
2024-07-07 09:00:00,WLS_MNK_15,SENS_WLS_MNK_15,0.0,0.0,Green - Normal,90
2024-07-07 10:00:00,WLS_HND_01,SENS_WLS_HND_01,0.0,0.0,Green - Normal,99
2024-07-07 10:00:00,WLS_GND_02,SENS_WLS_GND_02,0.0,0.0,Green - Normal,93
2024-07-07 10:00:00,WLS_MLN_03,SENS_WLS_MLN_03,0.0,0.0,Green - Normal,88
2024-07-07 10:00:00,WLS_AND_04,SENS_WLS_AND_04,0.0,0.0,Green - Normal,90
2024-07-07 10:00:00,WLS_KHR_05,SENS_WLS_KHR_05,0.0,0.0,Green - Normal,93
2024-07-07 10:00:00,WLS_KRL_06,SENS_WLS_KRL_06,0.0,0.0,Green - Normal,100
2024-07-07 10:00:00,WLS_SIO_07,SENS_WLS_SIO_07,0.0,0.0,Green - Normal,97
2024-07-07 10:00:00,WLS_DDR_08,SENS_WLS_DDR_08,0.0,0.0,Green - Normal,100
2024-07-07 10:00:00,WLS_CHM_09,SENS_WLS_CHM_09,0.0,0.0,Green - Normal,100
2024-07-07 10:00:00,WLS_MLD_10,SENS_WLS_MLD_10,0.0,0.0,Green - Normal,91
2024-07-07 10:00:00,WLS_DHS_11,SENS_WLS_DHS_11,0.0,0.0,Green - Normal,96
2024-07-07 10:00:00,WLS_CHN_12,SENS_WLS_CHN_12,0.0,0.0,Green - Normal,91
2024-07-07 10:00:00,WLS_WRL_13,SENS_WLS_WRL_13,0.0,0.0,Green - Normal,96
2024-07-07 10:00:00,WLS_BYC_14,SENS_WLS_BYC_14,0.0,0.0,Green - Normal,100
2024-07-07 10:00:00,WLS_MNK_15,SENS_WLS_MNK_15,0.0,0.0,Green - Normal,96
2024-07-07 11:00:00,WLS_HND_01,SENS_WLS_HND_01,0.0,0.0,Green - Normal,92
2024-07-07 11:00:00,WLS_GND_02,SENS_WLS_GND_02,0.0,0.0,Green - Normal,99
2024-07-07 11:00:00,WLS_MLN_03,SENS_WLS_MLN_03,0.0,0.0,Green - Normal,95
2024-07-07 11:00:00,WLS_AND_04,SENS_WLS_AND_04,0.0,0.0,Green - Normal,89
2024-07-07 11:00:00,WLS_KHR_05,SENS_WLS_KHR_05,0.0,0.0,Green - Normal,100
2024-07-07 11:00:00,WLS_KRL_06,SENS_WLS_KRL_06,0.0,0.0,Green - Normal,97
2024-07-07 11:00:00,WLS_SIO_07,SENS_WLS_SIO_07,0.0,0.0,Green - Normal,100
2024-07-07 11:00:00,WLS_DDR_08,SENS_WLS_DDR_08,0.0,0.0,Green - Normal,99
2024-07-07 11:00:00,WLS_CHM_09,SENS_WLS_CHM_09,0.0,0.0,Green - Normal,90
2024-07-07 11:00:00,WLS_MLD_10,SENS_WLS_MLD_10,0.0,0.0,Green - Normal,92
2024-07-07 11:00:00,WLS_DHS_11,SENS_WLS_DHS_11,0.0,0.0,Green - Normal,89
2024-07-07 11:00:00,WLS_CHN_12,SENS_WLS_CHN_12,0.0,0.0,Green - Normal,98
2024-07-07 11:00:00,WLS_WRL_13,SENS_WLS_WRL_13,0.0,0.0,Green - Normal,92
2024-07-07 11:00:00,WLS_BYC_14,SENS_WLS_BYC_14,0.0,0.0,Green - Normal,94
2024-07-07 11:00:00,WLS_MNK_15,SENS_WLS_MNK_15,0.0,0.0,Green - Normal,88
2024-07-07 12:00:00,WLS_HND_01,SENS_WLS_HND_01,0.0,0.0,Green - Normal,99
2024-07-07 12:00:00,WLS_GND_02,SENS_WLS_GND_02,0.0,0.0,Green - Normal,92
2024-07-07 12:00:00,WLS_MLN_03,SENS_WLS_MLN_03,0.0,0.0,Green - Normal,91
2024-07-07 12:00:00,WLS_AND_04,SENS_WLS_AND_04,0.0,0.0,Green - Normal,99
2024-07-07 12:00:00,WLS_KHR_05,SENS_WLS_KHR_05,0.0,0.0,Green - Normal,94
2024-07-07 12:00:00,WLS_KRL_06,SENS_WLS_KRL_06,0.0,0.0,Green - Normal,99
2024-07-07 12:00:00,WLS_SIO_07,SENS_WLS_SIO_07,0.0,0.0,Green - Normal,88
2024-07-07 12:00:00,WLS_DDR_08,SENS_WLS_DDR_08,0.0,0.0,Green - Normal,91
2024-07-07 12:00:00,WLS_CHM_09,SENS_WLS_CHM_09,0.0,0.0,Green - Normal,96
2024-07-07 12:00:00,WLS_MLD_10,SENS_WLS_MLD_10,0.0,0.0,Green - Normal,98
2024-07-07 12:00:00,WLS_DHS_11,SENS_WLS_DHS_11,0.0,0.0,Green - Normal,100
2024-07-07 12:00:00,WLS_CHN_12,SENS_WLS_CHN_12,0.0,0.0,Green - Normal,91
2024-07-07 12:00:00,WLS_WRL_13,SENS_WLS_WRL_13,0.0,0.0,Green - Normal,89
2024-07-07 12:00:00,WLS_BYC_14,SENS_WLS_BYC_14,0.0,0.0,Green - Normal,91
2024-07-07 12:00:00,WLS_MNK_15,SENS_WLS_MNK_15,0.0,0.0,Green - Normal,99
2024-07-07 13:00:00,WLS_HND_01,SENS_WLS_HND_01,0.0,0.0,Green - Normal,95
2024-07-07 13:00:00,WLS_GND_02,SENS_WLS_GND_02,0.0,0.0,Green - Normal,96
2024-07-07 13:00:00,WLS_MLN_03,SENS_WLS_MLN_03,0.0,0.0,Green - Normal,100
2024-07-07 13:00:00,WLS_AND_04,SENS_WLS_AND_04,0.0,0.0,Green - Normal,89
2024-07-07 13:00:00,WLS_KHR_05,SENS_WLS_KHR_05,0.0,0.0,Green - Normal,98
2024-07-07 13:00:00,WLS_KRL_06,SENS_WLS_KRL_06,0.0,0.0,Green - Normal,93
2024-07-07 13:00:00,WLS_SIO_07,SENS_WLS_SIO_07,0.0,0.0,Green - Normal,89
2024-07-07 13:00:00,WLS_DDR_08,SENS_WLS_DDR_08,0.0,0.0,Green - Normal,94
2024-07-07 13:00:00,WLS_CHM_09,SENS_WLS_CHM_09,0.0,0.0,Green - Normal,94
2024-07-07 13:00:00,WLS_MLD_10,SENS_WLS_MLD_10,0.0,0.0,Green - Normal,99
2024-07-07 13:00:00,WLS_DHS_11,SENS_WLS_DHS_11,0.0,0.0,Green - Normal,96
2024-07-07 13:00:00,WLS_CHN_12,SENS_WLS_CHN_12,0.0,0.0,Green - Normal,89
2024-07-07 13:00:00,WLS_WRL_13,SENS_WLS_WRL_13,0.0,0.0,Green - Normal,91
2024-07-07 13:00:00,WLS_BYC_14,SENS_WLS_BYC_14,0.0,0.0,Green - Normal,93
2024-07-07 13:00:00,WLS_MNK_15,SENS_WLS_MNK_15,0.0,0.0,Green - Normal,91
2024-07-07 14:00:00,WLS_HND_01,SENS_WLS_HND_01,0.0,0.0,Green - Normal,98
2024-07-07 14:00:00,WLS_GND_02,SENS_WLS_GND_02,0.0,0.0,Green - Normal,88
2024-07-07 14:00:00,WLS_MLN_03,SENS_WLS_MLN_03,0.0,0.0,Green - Normal,99
2024-07-07 14:00:00,WLS_AND_04,SENS_WLS_AND_04,0.0,0.0,Green - Normal,93
2024-07-07 14:00:00,WLS_KHR_05,SENS_WLS_KHR_05,0.0,0.0,Green - Normal,93
2024-07-07 14:00:00,WLS_KRL_06,SENS_WLS_KRL_06,0.0,0.0,Green - Normal,90
2024-07-07 14:00:00,WLS_SIO_07,SENS_WLS_SIO_07,0.0,0.0,Green - Normal,98
2024-07-07 14:00:00,WLS_DDR_08,SENS_WLS_DDR_08,0.0,0.0,Green - Normal,98
2024-07-07 14:00:00,WLS_CHM_09,SENS_WLS_CHM_09,0.0,0.0,Green - Normal,90
2024-07-07 14:00:00,WLS_MLD_10,SENS_WLS_MLD_10,0.0,0.0,Green - Normal,88
2024-07-07 14:00:00,WLS_DHS_11,SENS_WLS_DHS_11,0.0,0.0,Green - Normal,98
2024-07-07 14:00:00,WLS_CHN_12,SENS_WLS_CHN_12,0.0,0.0,Green - Normal,89
2024-07-07 14:00:00,WLS_WRL_13,SENS_WLS_WRL_13,0.0,0.0,Green - Normal,89
2024-07-07 14:00:00,WLS_BYC_14,SENS_WLS_BYC_14,0.0,0.0,Green - Normal,90
2024-07-07 14:00:00,WLS_MNK_15,SENS_WLS_MNK_15,0.0,0.0,Green - Normal,100
2024-07-07 15:00:00,WLS_HND_01,SENS_WLS_HND_01,0.0,0.0,Green - Normal,89
2024-07-07 15:00:00,WLS_GND_02,SENS_WLS_GND_02,0.0,0.0,Green - Normal,91
2024-07-07 15:00:00,WLS_MLN_03,SENS_WLS_MLN_03,0.0,0.0,Green - Normal,90
2024-07-07 15:00:00,WLS_AND_04,SENS_WLS_AND_04,0.0,0.0,Green - Normal,99
2024-07-07 15:00:00,WLS_KHR_05,SENS_WLS_KHR_05,0.0,0.0,Green - Normal,97
2024-07-07 15:00:00,WLS_KRL_06,SENS_WLS_KRL_06,0.0,0.0,Green - Normal,91
2024-07-07 15:00:00,WLS_SIO_07,SENS_WLS_SIO_07,0.0,0.0,Green - Normal,95
2024-07-07 15:00:00,WLS_DDR_08,SENS_WLS_DDR_08,0.0,0.0,Green - Normal,97
2024-07-07 15:00:00,WLS_CHM_09,SENS_WLS_CHM_09,0.0,0.0,Green - Normal,95
2024-07-07 15:00:00,WLS_MLD_10,SENS_WLS_MLD_10,0.0,0.0,Green - Normal,94
2024-07-07 15:00:00,WLS_DHS_11,SENS_WLS_DHS_11,0.0,0.0,Green - Normal,96
2024-07-07 15:00:00,WLS_CHN_12,SENS_WLS_CHN_12,0.0,0.0,Green - Normal,94
2024-07-07 15:00:00,WLS_WRL_13,SENS_WLS_WRL_13,0.0,0.0,Green - Normal,88
2024-07-07 15:00:00,WLS_BYC_14,SENS_WLS_BYC_14,0.0,0.0,Green - Normal,97
2024-07-07 15:00:00,WLS_MNK_15,SENS_WLS_MNK_15,0.0,0.0,Green - Normal,93
2024-07-07 16:00:00,WLS_HND_01,SENS_WLS_HND_01,0.0,0.0,Green - Normal,98
2024-07-07 16:00:00,WLS_GND_02,SENS_WLS_GND_02,0.0,0.0,Green - Normal,99
2024-07-07 16:00:00,WLS_MLN_03,SENS_WLS_MLN_03,0.0,0.0,Green - Normal,98
2024-07-07 16:00:00,WLS_AND_04,SENS_WLS_AND_04,0.0,0.0,Green - Normal,93
2024-07-07 16:00:00,WLS_KHR_05,SENS_WLS_KHR_05,0.0,0.0,Green - Normal,89
2024-07-07 16:00:00,WLS_KRL_06,SENS_WLS_KRL_06,0.0,0.0,Green - Normal,100
2024-07-07 16:00:00,WLS_SIO_07,SENS_WLS_SIO_07,0.0,0.0,Green - Normal,95
2024-07-07 16:00:00,WLS_DDR_08,SENS_WLS_DDR_08,0.0,0.0,Green - Normal,92
2024-07-07 16:00:00,WLS_CHM_09,SENS_WLS_CHM_09,0.0,0.0,Green - Normal,97
2024-07-07 16:00:00,WLS_MLD_10,SENS_WLS_MLD_10,0.0,0.0,Green - Normal,94
2024-07-07 16:00:00,WLS_DHS_11,SENS_WLS_DHS_11,0.0,0.0,Green - Normal,96
2024-07-07 16:00:00,WLS_CHN_12,SENS_WLS_CHN_12,0.0,0.0,Green - Normal,92
2024-07-07 16:00:00,WLS_WRL_13,SENS_WLS_WRL_13,0.0,0.0,Green - Normal,100
2024-07-07 16:00:00,WLS_BYC_14,SENS_WLS_BYC_14,0.0,0.0,Green - Normal,97
2024-07-07 16:00:00,WLS_MNK_15,SENS_WLS_MNK_15,0.0,0.0,Green - Normal,98
2024-07-07 17:00:00,WLS_HND_01,SENS_WLS_HND_01,0.0,0.0,Green - Normal,95
2024-07-07 17:00:00,WLS_GND_02,SENS_WLS_GND_02,0.0,0.0,Green - Normal,91
2024-07-07 17:00:00,WLS_MLN_03,SENS_WLS_MLN_03,0.0,0.0,Green - Normal,93
2024-07-07 17:00:00,WLS_AND_04,SENS_WLS_AND_04,0.0,0.0,Green - Normal,92
2024-07-07 17:00:00,WLS_KHR_05,SENS_WLS_KHR_05,0.0,0.0,Green - Normal,95
2024-07-07 17:00:00,WLS_KRL_06,SENS_WLS_KRL_06,0.0,0.0,Green - Normal,91
2024-07-07 17:00:00,WLS_SIO_07,SENS_WLS_SIO_07,0.0,0.0,Green - Normal,92
2024-07-07 17:00:00,WLS_DDR_08,SENS_WLS_DDR_08,0.0,0.0,Green - Normal,91
2024-07-07 17:00:00,WLS_CHM_09,SENS_WLS_CHM_09,0.0,0.0,Green - Normal,100
2024-07-07 17:00:00,WLS_MLD_10,SENS_WLS_MLD_10,0.0,0.0,Green - Normal,90
2024-07-07 17:00:00,WLS_DHS_11,SENS_WLS_DHS_11,0.0,0.0,Green - Normal,97
2024-07-07 17:00:00,WLS_CHN_12,SENS_WLS_CHN_12,0.0,0.0,Green - Normal,92
2024-07-07 17:00:00,WLS_WRL_13,SENS_WLS_WRL_13,0.0,0.0,Green - Normal,95
2024-07-07 17:00:00,WLS_BYC_14,SENS_WLS_BYC_14,0.0,0.0,Green - Normal,99
2024-07-07 17:00:00,WLS_MNK_15,SENS_WLS_MNK_15,0.0,0.0,Green - Normal,91
2024-07-07 18:00:00,WLS_HND_01,SENS_WLS_HND_01,0.0,0.0,Green - Normal,91
2024-07-07 18:00:00,WLS_GND_02,SENS_WLS_GND_02,0.0,0.0,Green - Normal,93
2024-07-07 18:00:00,WLS_MLN_03,SENS_WLS_MLN_03,0.0,0.0,Green - Normal,91
2024-07-07 18:00:00,WLS_AND_04,SENS_WLS_AND_04,0.0,0.0,Green - Normal,100
2024-07-07 18:00:00,WLS_KHR_05,SENS_WLS_KHR_05,0.0,0.0,Green - Normal,92
2024-07-07 18:00:00,WLS_KRL_06,SENS_WLS_KRL_06,0.0,0.0,Green - Normal,88
2024-07-07 18:00:00,WLS_SIO_07,SENS_WLS_SIO_07,0.0,0.0,Green - Normal,88
2024-07-07 18:00:00,WLS_DDR_08,SENS_WLS_DDR_08,0.0,0.0,Green - Normal,97
2024-07-07 18:00:00,WLS_CHM_09,SENS_WLS_CHM_09,0.0,0.0,Green - Normal,90
2024-07-07 18:00:00,WLS_MLD_10,SENS_WLS_MLD_10,0.0,0.0,Green - Normal,100
2024-07-07 18:00:00,WLS_DHS_11,SENS_WLS_DHS_11,0.0,0.0,Green - Normal,95
2024-07-07 18:00:00,WLS_CHN_12,SENS_WLS_CHN_12,0.0,0.0,Green - Normal,91
2024-07-07 18:00:00,WLS_WRL_13,SENS_WLS_WRL_13,0.0,0.0,Green - Normal,93
2024-07-07 18:00:00,WLS_BYC_14,SENS_WLS_BYC_14,0.0,0.0,Green - Normal,97
2024-07-07 18:00:00,WLS_MNK_15,SENS_WLS_MNK_15,0.0,0.0,Green - Normal,99
2024-07-07 19:00:00,WLS_HND_01,SENS_WLS_HND_01,0.0,0.0,Green - Normal,96
2024-07-07 19:00:00,WLS_GND_02,SENS_WLS_GND_02,0.0,0.0,Green - Normal,92
2024-07-07 19:00:00,WLS_MLN_03,SENS_WLS_MLN_03,0.0,0.0,Green - Normal,94
2024-07-07 19:00:00,WLS_AND_04,SENS_WLS_AND_04,0.0,0.0,Green - Normal,90
2024-07-07 19:00:00,WLS_KHR_05,SENS_WLS_KHR_05,0.0,0.0,Green - Normal,92
2024-07-07 19:00:00,WLS_KRL_06,SENS_WLS_KRL_06,0.0,0.0,Green - Normal,99
2024-07-07 19:00:00,WLS_SIO_07,SENS_WLS_SIO_07,0.0,0.0,Green - Normal,92
2024-07-07 19:00:00,WLS_DDR_08,SENS_WLS_DDR_08,0.0,0.0,Green - Normal,96
2024-07-07 19:00:00,WLS_CHM_09,SENS_WLS_CHM_09,0.0,0.0,Green - Normal,88
2024-07-07 19:00:00,WLS_MLD_10,SENS_WLS_MLD_10,0.0,0.0,Green - Normal,91
2024-07-07 19:00:00,WLS_DHS_11,SENS_WLS_DHS_11,0.0,0.0,Green - Normal,93
2024-07-07 19:00:00,WLS_CHN_12,SENS_WLS_CHN_12,0.0,0.0,Green - Normal,96
2024-07-07 19:00:00,WLS_WRL_13,SENS_WLS_WRL_13,0.0,0.0,Green - Normal,88
2024-07-07 19:00:00,WLS_BYC_14,SENS_WLS_BYC_14,0.0,0.0,Green - Normal,99
2024-07-07 19:00:00,WLS_MNK_15,SENS_WLS_MNK_15,0.0,0.0,Green - Normal,88
2024-07-07 20:00:00,WLS_HND_01,SENS_WLS_HND_01,2.5,0.0,Green - Normal,92
2024-07-07 20:00:00,WLS_GND_02,SENS_WLS_GND_02,7.0,0.92,Green - Normal,88
2024-07-07 20:00:00,WLS_MLN_03,SENS_WLS_MLN_03,17.6,0.43,Amber Alert - Waterlogging,97
2024-07-07 20:00:00,WLS_AND_04,SENS_WLS_AND_04,12.6,0.88,Green - Normal,96
2024-07-07 20:00:00,WLS_KHR_05,SENS_WLS_KHR_05,9.9,1.01,Green - Normal,90
2024-07-07 20:00:00,WLS_KRL_06,SENS_WLS_KRL_06,7.4,0.28,Green - Normal,96
2024-07-07 20:00:00,WLS_SIO_07,SENS_WLS_SIO_07,2.7,0.0,Green - Normal,90
2024-07-07 20:00:00,WLS_DDR_08,SENS_WLS_DDR_08,0.0,0.0,Green - Normal,88
2024-07-07 20:00:00,WLS_CHM_09,SENS_WLS_CHM_09,0.2,0.0,Green - Normal,93
2024-07-07 20:00:00,WLS_MLD_10,SENS_WLS_MLD_10,14.3,0.66,Green - Normal,94
2024-07-07 20:00:00,WLS_DHS_11,SENS_WLS_DHS_11,11.2,0.37,Green - Normal,93
2024-07-07 20:00:00,WLS_CHN_12,SENS_WLS_CHN_12,9.3,0.94,Green - Normal,99
2024-07-07 20:00:00,WLS_WRL_13,SENS_WLS_WRL_13,0.0,0.0,Green - Normal,99
2024-07-07 20:00:00,WLS_BYC_14,SENS_WLS_BYC_14,2.8,0.0,Green - Normal,96
2024-07-07 20:00:00,WLS_MNK_15,SENS_WLS_MNK_15,5.5,0.17,Green - Normal,99
2024-07-07 21:00:00,WLS_HND_01,SENS_WLS_HND_01,0.0,0.0,Green - Normal,97
2024-07-07 21:00:00,WLS_GND_02,SENS_WLS_GND_02,0.0,0.0,Green - Normal,94
2024-07-07 21:00:00,WLS_MLN_03,SENS_WLS_MLN_03,0.0,0.0,Green - Normal,93
2024-07-07 21:00:00,WLS_AND_04,SENS_WLS_AND_04,0.0,0.0,Green - Normal,98
2024-07-07 21:00:00,WLS_KHR_05,SENS_WLS_KHR_05,0.0,0.0,Green - Normal,99
2024-07-07 21:00:00,WLS_KRL_06,SENS_WLS_KRL_06,0.0,0.0,Green - Normal,94
2024-07-07 21:00:00,WLS_SIO_07,SENS_WLS_SIO_07,0.0,0.0,Green - Normal,93
2024-07-07 21:00:00,WLS_DDR_08,SENS_WLS_DDR_08,0.0,0.0,Green - Normal,94
2024-07-07 21:00:00,WLS_CHM_09,SENS_WLS_CHM_09,0.0,0.0,Green - Normal,98
2024-07-07 21:00:00,WLS_MLD_10,SENS_WLS_MLD_10,0.0,0.0,Green - Normal,94
2024-07-07 21:00:00,WLS_DHS_11,SENS_WLS_DHS_11,0.0,0.0,Green - Normal,88
2024-07-07 21:00:00,WLS_CHN_12,SENS_WLS_CHN_12,0.0,0.0,Green - Normal,91
2024-07-07 21:00:00,WLS_WRL_13,SENS_WLS_WRL_13,0.0,0.0,Green - Normal,91
2024-07-07 21:00:00,WLS_BYC_14,SENS_WLS_BYC_14,0.0,0.0,Green - Normal,95
2024-07-07 21:00:00,WLS_MNK_15,SENS_WLS_MNK_15,0.0,0.0,Green - Normal,100
2024-07-07 22:00:00,WLS_HND_01,SENS_WLS_HND_01,0.0,0.0,Green - Normal,99
2024-07-07 22:00:00,WLS_GND_02,SENS_WLS_GND_02,0.0,0.0,Green - Normal,90
2024-07-07 22:00:00,WLS_MLN_03,SENS_WLS_MLN_03,0.0,0.0,Green - Normal,100
2024-07-07 22:00:00,WLS_AND_04,SENS_WLS_AND_04,0.0,0.0,Green - Normal,92
2024-07-07 22:00:00,WLS_KHR_05,SENS_WLS_KHR_05,0.0,0.0,Green - Normal,95
2024-07-07 22:00:00,WLS_KRL_06,SENS_WLS_KRL_06,0.0,0.0,Green - Normal,98
2024-07-07 22:00:00,WLS_SIO_07,SENS_WLS_SIO_07,0.0,0.0,Green - Normal,90
2024-07-07 22:00:00,WLS_DDR_08,SENS_WLS_DDR_08,0.0,0.0,Green - Normal,91
2024-07-07 22:00:00,WLS_CHM_09,SENS_WLS_CHM_09,0.0,0.0,Green - Normal,98
2024-07-07 22:00:00,WLS_MLD_10,SENS_WLS_MLD_10,0.0,0.0,Green - Normal,93
2024-07-07 22:00:00,WLS_DHS_11,SENS_WLS_DHS_11,0.0,0.0,Green - Normal,88
2024-07-07 22:00:00,WLS_CHN_12,SENS_WLS_CHN_12,0.0,0.0,Green - Normal,98
2024-07-07 22:00:00,WLS_WRL_13,SENS_WLS_WRL_13,0.0,0.0,Green - Normal,93
2024-07-07 22:00:00,WLS_BYC_14,SENS_WLS_BYC_14,0.0,0.0,Green - Normal,89
2024-07-07 22:00:00,WLS_MNK_15,SENS_WLS_MNK_15,0.0,0.0,Green - Normal,92
2024-07-07 23:00:00,WLS_HND_01,SENS_WLS_HND_01,0.0,0.0,Green - Normal,93
2024-07-07 23:00:00,WLS_GND_02,SENS_WLS_GND_02,0.0,0.0,Green - Normal,96
2024-07-07 23:00:00,WLS_MLN_03,SENS_WLS_MLN_03,0.0,0.0,Green - Normal,98
2024-07-07 23:00:00,WLS_AND_04,SENS_WLS_AND_04,0.0,0.0,Green - Normal,90
2024-07-07 23:00:00,WLS_KHR_05,SENS_WLS_KHR_05,0.0,0.0,Green - Normal,90
2024-07-07 23:00:00,WLS_KRL_06,SENS_WLS_KRL_06,0.0,0.0,Green - Normal,90
2024-07-07 23:00:00,WLS_SIO_07,SENS_WLS_SIO_07,0.0,0.0,Green - Normal,92
2024-07-07 23:00:00,WLS_DDR_08,SENS_WLS_DDR_08,0.0,0.0,Green - Normal,89
2024-07-07 23:00:00,WLS_CHM_09,SENS_WLS_CHM_09,0.0,0.0,Green - Normal,98
2024-07-07 23:00:00,WLS_MLD_10,SENS_WLS_MLD_10,0.0,0.0,Green - Normal,95
2024-07-07 23:00:00,WLS_DHS_11,SENS_WLS_DHS_11,0.0,0.0,Green - Normal,96
2024-07-07 23:00:00,WLS_CHN_12,SENS_WLS_CHN_12,0.0,0.0,Green - Normal,93
2024-07-07 23:00:00,WLS_WRL_13,SENS_WLS_WRL_13,0.0,0.0,Green - Normal,89
2024-07-07 23:00:00,WLS_BYC_14,SENS_WLS_BYC_14,0.0,0.0,Green - Normal,96
2024-07-07 23:00:00,WLS_MNK_15,SENS_WLS_MNK_15,0.0,0.0,Green - Normal,91
2024-07-08 00:00:00,WLS_HND_01,SENS_WLS_HND_01,154.1,0.12,Red Alert - Inundated,92
2024-07-08 00:00:00,WLS_GND_02,SENS_WLS_GND_02,148.3,1.2,Red Alert - Inundated,88
2024-07-08 00:00:00,WLS_MLN_03,SENS_WLS_MLN_03,217.7,0.88,Red Alert - Inundated,98
2024-07-08 00:00:00,WLS_AND_04,SENS_WLS_AND_04,229.2,1.16,Red Alert - Inundated,100
2024-07-08 00:00:00,WLS_KHR_05,SENS_WLS_KHR_05,199.4,0.46,Red Alert - Inundated,96
2024-07-08 00:00:00,WLS_KRL_06,SENS_WLS_KRL_06,131.4,0.31,Red Alert - Inundated,95
2024-07-08 00:00:00,WLS_SIO_07,SENS_WLS_SIO_07,144.1,1.13,Red Alert - Inundated,94
2024-07-08 00:00:00,WLS_DDR_08,SENS_WLS_DDR_08,98.5,1.26,Red Alert - Inundated,91
2024-07-08 00:00:00,WLS_CHM_09,SENS_WLS_CHM_09,79.1,1.09,Red Alert - Inundated,93
2024-07-08 00:00:00,WLS_MLD_10,SENS_WLS_MLD_10,185.6,0.78,Red Alert - Inundated,91
2024-07-08 00:00:00,WLS_DHS_11,SENS_WLS_DHS_11,181.7,0.64,Red Alert - Inundated,91
2024-07-08 00:00:00,WLS_CHN_12,SENS_WLS_CHN_12,149.2,1.28,Red Alert - Inundated,96
2024-07-08 00:00:00,WLS_WRL_13,SENS_WLS_WRL_13,67.7,0.62,Red Alert - Inundated,90
2024-07-08 00:00:00,WLS_BYC_14,SENS_WLS_BYC_14,118.6,0.16,Red Alert - Inundated,98
2024-07-08 00:00:00,WLS_MNK_15,SENS_WLS_MNK_15,173.6,0.23,Red Alert - Inundated,89
2024-07-08 01:00:00,WLS_HND_01,SENS_WLS_HND_01,150.1,0.42,Red Alert - Inundated,100
2024-07-08 01:00:00,WLS_GND_02,SENS_WLS_GND_02,146.9,0.99,Red Alert - Inundated,97
2024-07-08 01:00:00,WLS_MLN_03,SENS_WLS_MLN_03,208.4,0.7,Red Alert - Inundated,97
2024-07-08 01:00:00,WLS_AND_04,SENS_WLS_AND_04,224.2,0.44,Red Alert - Inundated,93
2024-07-08 01:00:00,WLS_KHR_05,SENS_WLS_KHR_05,187.7,0.53,Red Alert - Inundated,100
2024-07-08 01:00:00,WLS_KRL_06,SENS_WLS_KRL_06,120.0,0.62,Red Alert - Inundated,94
2024-07-08 01:00:00,WLS_SIO_07,SENS_WLS_SIO_07,131.4,0.77,Red Alert - Inundated,90
2024-07-08 01:00:00,WLS_DDR_08,SENS_WLS_DDR_08,98.7,0.19,Red Alert - Inundated,97
2024-07-08 01:00:00,WLS_CHM_09,SENS_WLS_CHM_09,80.8,1.02,Red Alert - Inundated,98
2024-07-08 01:00:00,WLS_MLD_10,SENS_WLS_MLD_10,181.1,0.23,Red Alert - Inundated,92
2024-07-08 01:00:00,WLS_DHS_11,SENS_WLS_DHS_11,177.1,0.26,Red Alert - Inundated,88
2024-07-08 01:00:00,WLS_CHN_12,SENS_WLS_CHN_12,144.5,0.93,Red Alert - Inundated,98
2024-07-08 01:00:00,WLS_WRL_13,SENS_WLS_WRL_13,69.9,1.3,Red Alert - Inundated,99
2024-07-08 01:00:00,WLS_BYC_14,SENS_WLS_BYC_14,111.0,0.41,Red Alert - Inundated,95
2024-07-08 01:00:00,WLS_MNK_15,SENS_WLS_MNK_15,163.0,0.23,Red Alert - Inundated,95
2024-07-08 02:00:00,WLS_HND_01,SENS_WLS_HND_01,177.9,0.11,Red Alert - Inundated,95
2024-07-08 02:00:00,WLS_GND_02,SENS_WLS_GND_02,161.6,1.12,Red Alert - Inundated,97
2024-07-08 02:00:00,WLS_MLN_03,SENS_WLS_MLN_03,236.0,1.22,Red Alert - Inundated,90
2024-07-08 02:00:00,WLS_AND_04,SENS_WLS_AND_04,252.7,0.76,Red Alert - Inundated,94
2024-07-08 02:00:00,WLS_KHR_05,SENS_WLS_KHR_05,212.4,1.12,Red Alert - Inundated,95
2024-07-08 02:00:00,WLS_KRL_06,SENS_WLS_KRL_06,145.9,0.84,Red Alert - Inundated,88
2024-07-08 02:00:00,WLS_SIO_07,SENS_WLS_SIO_07,149.7,1.2,Red Alert - Inundated,92
2024-07-08 02:00:00,WLS_DDR_08,SENS_WLS_DDR_08,110.0,0.14,Red Alert - Inundated,91
2024-07-08 02:00:00,WLS_CHM_09,SENS_WLS_CHM_09,91.3,1.36,Red Alert - Inundated,98
2024-07-08 02:00:00,WLS_MLD_10,SENS_WLS_MLD_10,208.4,1.37,Red Alert - Inundated,90
2024-07-08 02:00:00,WLS_DHS_11,SENS_WLS_DHS_11,199.3,1.16,Red Alert - Inundated,88
2024-07-08 02:00:00,WLS_CHN_12,SENS_WLS_CHN_12,160.4,0.88,Red Alert - Inundated,88
2024-07-08 02:00:00,WLS_WRL_13,SENS_WLS_WRL_13,73.4,0.58,Red Alert - Inundated,97
2024-07-08 02:00:00,WLS_BYC_14,SENS_WLS_BYC_14,132.4,0.55,Red Alert - Inundated,99
2024-07-08 02:00:00,WLS_MNK_15,SENS_WLS_MNK_15,187.9,1.22,Red Alert - Inundated,92
2024-07-08 03:00:00,WLS_HND_01,SENS_WLS_HND_01,92.3,0.78,Red Alert - Inundated,94
2024-07-08 03:00:00,WLS_GND_02,SENS_WLS_GND_02,82.5,0.34,Red Alert - Inundated,93
2024-07-08 03:00:00,WLS_MLN_03,SENS_WLS_MLN_03,122.9,0.79,Red Alert - Inundated,92
2024-07-08 03:00:00,WLS_AND_04,SENS_WLS_AND_04,129.5,0.42,Red Alert - Inundated,92
2024-07-08 03:00:00,WLS_KHR_05,SENS_WLS_KHR_05,109.3,0.69,Red Alert - Inundated,98
2024-07-08 03:00:00,WLS_KRL_06,SENS_WLS_KRL_06,70.8,1.23,Red Alert - Inundated,99
2024-07-08 03:00:00,WLS_SIO_07,SENS_WLS_SIO_07,80.8,1.36,Red Alert - Inundated,91
2024-07-08 03:00:00,WLS_DDR_08,SENS_WLS_DDR_08,55.6,0.11,Red Alert - Inundated,88
2024-07-08 03:00:00,WLS_CHM_09,SENS_WLS_CHM_09,41.8,1.33,Amber Alert - Waterlogging,89
2024-07-08 03:00:00,WLS_MLD_10,SENS_WLS_MLD_10,107.0,0.61,Red Alert - Inundated,98
2024-07-08 03:00:00,WLS_DHS_11,SENS_WLS_DHS_11,98.3,0.68,Red Alert - Inundated,97
2024-07-08 03:00:00,WLS_CHN_12,SENS_WLS_CHN_12,86.2,0.82,Red Alert - Inundated,95
2024-07-08 03:00:00,WLS_WRL_13,SENS_WLS_WRL_13,36.6,1.15,Amber Alert - Waterlogging,97
2024-07-08 03:00:00,WLS_BYC_14,SENS_WLS_BYC_14,66.5,0.11,Red Alert - Inundated,98
2024-07-08 03:00:00,WLS_MNK_15,SENS_WLS_MNK_15,95.2,0.69,Red Alert - Inundated,92
2024-07-08 04:00:00,WLS_HND_01,SENS_WLS_HND_01,77.8,1.27,Red Alert - Inundated,91
2024-07-08 04:00:00,WLS_GND_02,SENS_WLS_GND_02,70.6,1.15,Red Alert - Inundated,94
2024-07-08 04:00:00,WLS_MLN_03,SENS_WLS_MLN_03,99.9,0.4,Red Alert - Inundated,91
2024-07-08 04:00:00,WLS_AND_04,SENS_WLS_AND_04,110.6,0.46,Red Alert - Inundated,96
2024-07-08 04:00:00,WLS_KHR_05,SENS_WLS_KHR_05,88.5,1.08,Red Alert - Inundated,95
2024-07-08 04:00:00,WLS_KRL_06,SENS_WLS_KRL_06,61.0,0.98,Red Alert - Inundated,93
2024-07-08 04:00:00,WLS_SIO_07,SENS_WLS_SIO_07,66.5,0.8,Red Alert - Inundated,95
2024-07-08 04:00:00,WLS_DDR_08,SENS_WLS_DDR_08,46.1,0.58,Red Alert - Inundated,89
2024-07-08 04:00:00,WLS_CHM_09,SENS_WLS_CHM_09,38.7,1.22,Amber Alert - Waterlogging,100
2024-07-08 04:00:00,WLS_MLD_10,SENS_WLS_MLD_10,88.0,0.74,Red Alert - Inundated,92
2024-07-08 04:00:00,WLS_DHS_11,SENS_WLS_DHS_11,84.8,0.98,Red Alert - Inundated,100
2024-07-08 04:00:00,WLS_CHN_12,SENS_WLS_CHN_12,66.8,0.94,Red Alert - Inundated,90
2024-07-08 04:00:00,WLS_WRL_13,SENS_WLS_WRL_13,30.5,0.46,Amber Alert - Waterlogging,93
2024-07-08 04:00:00,WLS_BYC_14,SENS_WLS_BYC_14,56.7,0.16,Red Alert - Inundated,97
2024-07-08 04:00:00,WLS_MNK_15,SENS_WLS_MNK_15,73.9,0.6,Red Alert - Inundated,90
2024-07-08 05:00:00,WLS_HND_01,SENS_WLS_HND_01,143.8,1.02,Red Alert - Inundated,89
2024-07-08 05:00:00,WLS_GND_02,SENS_WLS_GND_02,130.6,0.98,Red Alert - Inundated,94
2024-07-08 05:00:00,WLS_MLN_03,SENS_WLS_MLN_03,192.1,0.47,Red Alert - Inundated,97
2024-07-08 05:00:00,WLS_AND_04,SENS_WLS_AND_04,201.6,1.16,Red Alert - Inundated,98
2024-07-08 05:00:00,WLS_KHR_05,SENS_WLS_KHR_05,179.3,0.94,Red Alert - Inundated,92
2024-07-08 05:00:00,WLS_KRL_06,SENS_WLS_KRL_06,114.9,0.96,Red Alert - Inundated,93
2024-07-08 05:00:00,WLS_SIO_07,SENS_WLS_SIO_07,120.4,1.29,Red Alert - Inundated,99
2024-07-08 05:00:00,WLS_DDR_08,SENS_WLS_DDR_08,90.0,0.77,Red Alert - Inundated,93
2024-07-08 05:00:00,WLS_CHM_09,SENS_WLS_CHM_09,73.6,0.79,Red Alert - Inundated,90
2024-07-08 05:00:00,WLS_MLD_10,SENS_WLS_MLD_10,171.7,0.44,Red Alert - Inundated,97
2024-07-08 05:00:00,WLS_DHS_11,SENS_WLS_DHS_11,162.5,0.63,Red Alert - Inundated,95
2024-07-08 05:00:00,WLS_CHN_12,SENS_WLS_CHN_12,135.7,1.26,Red Alert - Inundated,99
2024-07-08 05:00:00,WLS_WRL_13,SENS_WLS_WRL_13,61.7,0.25,Red Alert - Inundated,98
2024-07-08 05:00:00,WLS_BYC_14,SENS_WLS_BYC_14,102.8,0.69,Red Alert - Inundated,89
2024-07-08 05:00:00,WLS_MNK_15,SENS_WLS_MNK_15,148.0,0.57,Red Alert - Inundated,93
2024-07-08 06:00:00,WLS_HND_01,SENS_WLS_HND_01,88.3,1.31,Red Alert - Inundated,97
2024-07-08 06:00:00,WLS_GND_02,SENS_WLS_GND_02,82.8,0.37,Red Alert - Inundated,90
2024-07-08 06:00:00,WLS_MLN_03,SENS_WLS_MLN_03,124.2,0.48,Red Alert - Inundated,96
2024-07-08 06:00:00,WLS_AND_04,SENS_WLS_AND_04,128.6,0.42,Red Alert - Inundated,97
2024-07-08 06:00:00,WLS_KHR_05,SENS_WLS_KHR_05,115.9,0.27,Red Alert - Inundated,97
2024-07-08 06:00:00,WLS_KRL_06,SENS_WLS_KRL_06,74.5,0.4,Red Alert - Inundated,90
2024-07-08 06:00:00,WLS_SIO_07,SENS_WLS_SIO_07,83.2,1.21,Red Alert - Inundated,100
2024-07-08 06:00:00,WLS_DDR_08,SENS_WLS_DDR_08,59.1,0.76,Red Alert - Inundated,89
2024-07-08 06:00:00,WLS_CHM_09,SENS_WLS_CHM_09,38.4,0.19,Amber Alert - Waterlogging,90
2024-07-08 06:00:00,WLS_MLD_10,SENS_WLS_MLD_10,110.5,1.34,Red Alert - Inundated,97
2024-07-08 06:00:00,WLS_DHS_11,SENS_WLS_DHS_11,97.4,0.37,Red Alert - Inundated,99
2024-07-08 06:00:00,WLS_CHN_12,SENS_WLS_CHN_12,82.2,0.27,Red Alert - Inundated,95
2024-07-08 06:00:00,WLS_WRL_13,SENS_WLS_WRL_13,35.4,1.35,Amber Alert - Waterlogging,97
2024-07-08 06:00:00,WLS_BYC_14,SENS_WLS_BYC_14,64.6,0.92,Red Alert - Inundated,93
2024-07-08 06:00:00,WLS_MNK_15,SENS_WLS_MNK_15,93.8,1.14,Red Alert - Inundated,90
2024-07-08 07:00:00,WLS_HND_01,SENS_WLS_HND_01,179.3,0.6,Red Alert - Inundated,91
2024-07-08 07:00:00,WLS_GND_02,SENS_WLS_GND_02,163.3,1.03,Red Alert - Inundated,89
2024-07-08 07:00:00,WLS_MLN_03,SENS_WLS_MLN_03,244.0,1.11,Red Alert - Inundated,100
2024-07-08 07:00:00,WLS_AND_04,SENS_WLS_AND_04,253.3,1.39,Red Alert - Inundated,97
2024-07-08 07:00:00,WLS_KHR_05,SENS_WLS_KHR_05,221.0,0.2,Red Alert - Inundated,90
2024-07-08 07:00:00,WLS_KRL_06,SENS_WLS_KRL_06,148.3,1.24,Red Alert - Inundated,92
2024-07-08 07:00:00,WLS_SIO_07,SENS_WLS_SIO_07,153.1,0.15,Red Alert - Inundated,97
2024-07-08 07:00:00,WLS_DDR_08,SENS_WLS_DDR_08,112.8,1.12,Red Alert - Inundated,93
2024-07-08 07:00:00,WLS_CHM_09,SENS_WLS_CHM_09,86.7,0.18,Red Alert - Inundated,96
2024-07-08 07:00:00,WLS_MLD_10,SENS_WLS_MLD_10,210.8,0.21,Red Alert - Inundated,91
2024-07-08 07:00:00,WLS_DHS_11,SENS_WLS_DHS_11,201.5,1.07,Red Alert - Inundated,88
2024-07-08 07:00:00,WLS_CHN_12,SENS_WLS_CHN_12,162.5,1.29,Red Alert - Inundated,91
2024-07-08 07:00:00,WLS_WRL_13,SENS_WLS_WRL_13,72.8,0.17,Red Alert - Inundated,93
2024-07-08 07:00:00,WLS_BYC_14,SENS_WLS_BYC_14,132.5,0.59,Red Alert - Inundated,95
2024-07-08 07:00:00,WLS_MNK_15,SENS_WLS_MNK_15,183.0,1.04,Red Alert - Inundated,98
2024-07-08 08:00:00,WLS_HND_01,SENS_WLS_HND_01,77.0,1.16,Red Alert - Inundated,91
2024-07-08 08:00:00,WLS_GND_02,SENS_WLS_GND_02,69.9,0.17,Red Alert - Inundated,93
2024-07-08 08:00:00,WLS_MLN_03,SENS_WLS_MLN_03,108.8,0.27,Red Alert - Inundated,96
2024-07-08 08:00:00,WLS_AND_04,SENS_WLS_AND_04,115.9,0.4,Red Alert - Inundated,97
2024-07-08 08:00:00,WLS_KHR_05,SENS_WLS_KHR_05,97.1,1.23,Red Alert - Inundated,96
2024-07-08 08:00:00,WLS_KRL_06,SENS_WLS_KRL_06,58.4,0.21,Red Alert - Inundated,100
2024-07-08 08:00:00,WLS_SIO_07,SENS_WLS_SIO_07,71.2,0.43,Red Alert - Inundated,95
2024-07-08 08:00:00,WLS_DDR_08,SENS_WLS_DDR_08,46.6,1.29,Red Alert - Inundated,94
2024-07-08 08:00:00,WLS_CHM_09,SENS_WLS_CHM_09,35.8,0.13,Amber Alert - Waterlogging,91
2024-07-08 08:00:00,WLS_MLD_10,SENS_WLS_MLD_10,98.4,0.84,Red Alert - Inundated,96
2024-07-08 08:00:00,WLS_DHS_11,SENS_WLS_DHS_11,93.3,0.13,Red Alert - Inundated,88
2024-07-08 08:00:00,WLS_CHN_12,SENS_WLS_CHN_12,75.6,1.38,Red Alert - Inundated,99
2024-07-08 08:00:00,WLS_WRL_13,SENS_WLS_WRL_13,28.0,1.16,Amber Alert - Waterlogging,89
2024-07-08 08:00:00,WLS_BYC_14,SENS_WLS_BYC_14,54.6,1.06,Red Alert - Inundated,91
2024-07-08 08:00:00,WLS_MNK_15,SENS_WLS_MNK_15,85.7,1.15,Red Alert - Inundated,89
2024-07-08 09:00:00,WLS_HND_01,SENS_WLS_HND_01,177.9,1.38,Red Alert - Inundated,97
2024-07-08 09:00:00,WLS_GND_02,SENS_WLS_GND_02,166.2,1.08,Red Alert - Inundated,91
2024-07-08 09:00:00,WLS_MLN_03,SENS_WLS_MLN_03,236.8,0.39,Red Alert - Inundated,88
2024-07-08 09:00:00,WLS_AND_04,SENS_WLS_AND_04,255.0,1.08,Red Alert - Inundated,98
2024-07-08 09:00:00,WLS_KHR_05,SENS_WLS_KHR_05,216.3,0.45,Red Alert - Inundated,100
2024-07-08 09:00:00,WLS_KRL_06,SENS_WLS_KRL_06,140.1,0.52,Red Alert - Inundated,89
2024-07-08 09:00:00,WLS_SIO_07,SENS_WLS_SIO_07,152.9,1.11,Red Alert - Inundated,89
2024-07-08 09:00:00,WLS_DDR_08,SENS_WLS_DDR_08,111.3,0.33,Red Alert - Inundated,100
2024-07-08 09:00:00,WLS_CHM_09,SENS_WLS_CHM_09,88.2,1.37,Red Alert - Inundated,99
2024-07-08 09:00:00,WLS_MLD_10,SENS_WLS_MLD_10,205.7,0.18,Red Alert - Inundated,89
2024-07-08 09:00:00,WLS_DHS_11,SENS_WLS_DHS_11,195.1,0.86,Red Alert - Inundated,100
2024-07-08 09:00:00,WLS_CHN_12,SENS_WLS_CHN_12,162.4,1.15,Red Alert - Inundated,93
2024-07-08 09:00:00,WLS_WRL_13,SENS_WLS_WRL_13,73.7,0.64,Red Alert - Inundated,90
2024-07-08 09:00:00,WLS_BYC_14,SENS_WLS_BYC_14,134.9,0.69,Red Alert - Inundated,89
2024-07-08 09:00:00,WLS_MNK_15,SENS_WLS_MNK_15,187.6,0.55,Red Alert - Inundated,100
2024-07-08 10:00:00,WLS_HND_01,SENS_WLS_HND_01,123.7,0.68,Red Alert - Inundated,97
2024-07-08 10:00:00,WLS_GND_02,SENS_WLS_GND_02,122.0,0.93,Red Alert - Inundated,96
2024-07-08 10:00:00,WLS_MLN_03,SENS_WLS_MLN_03,172.3,0.47,Red Alert - Inundated,98
2024-07-08 10:00:00,WLS_AND_04,SENS_WLS_AND_04,187.7,0.57,Red Alert - Inundated,90
2024-07-08 10:00:00,WLS_KHR_05,SENS_WLS_KHR_05,163.9,1.09,Red Alert - Inundated,95
2024-07-08 10:00:00,WLS_KRL_06,SENS_WLS_KRL_06,98.9,0.2,Red Alert - Inundated,92
2024-07-08 10:00:00,WLS_SIO_07,SENS_WLS_SIO_07,114.8,0.7,Red Alert - Inundated,96
2024-07-08 10:00:00,WLS_DDR_08,SENS_WLS_DDR_08,83.7,0.43,Red Alert - Inundated,100
2024-07-08 10:00:00,WLS_CHM_09,SENS_WLS_CHM_09,66.1,1.35,Red Alert - Inundated,99
2024-07-08 10:00:00,WLS_MLD_10,SENS_WLS_MLD_10,150.7,0.68,Red Alert - Inundated,89
2024-07-08 10:00:00,WLS_DHS_11,SENS_WLS_DHS_11,140.7,0.45,Red Alert - Inundated,96
2024-07-08 10:00:00,WLS_CHN_12,SENS_WLS_CHN_12,121.0,0.23,Red Alert - Inundated,95
2024-07-08 10:00:00,WLS_WRL_13,SENS_WLS_WRL_13,54.1,1.23,Red Alert - Inundated,90
2024-07-08 10:00:00,WLS_BYC_14,SENS_WLS_BYC_14,95.1,0.3,Red Alert - Inundated,96
2024-07-08 10:00:00,WLS_MNK_15,SENS_WLS_MNK_15,133.1,0.79,Red Alert - Inundated,90
2024-07-08 11:00:00,WLS_HND_01,SENS_WLS_HND_01,77.8,0.87,Red Alert - Inundated,98
2024-07-08 11:00:00,WLS_GND_02,SENS_WLS_GND_02,76.9,0.43,Red Alert - Inundated,94
2024-07-08 11:00:00,WLS_MLN_03,SENS_WLS_MLN_03,111.7,1.24,Red Alert - Inundated,88
2024-07-08 11:00:00,WLS_AND_04,SENS_WLS_AND_04,112.8,1.38,Red Alert - Inundated,92
2024-07-08 11:00:00,WLS_KHR_05,SENS_WLS_KHR_05,99.7,0.59,Red Alert - Inundated,90
2024-07-08 11:00:00,WLS_KRL_06,SENS_WLS_KRL_06,63.3,1.14,Red Alert - Inundated,88
2024-07-08 11:00:00,WLS_SIO_07,SENS_WLS_SIO_07,67.9,0.88,Red Alert - Inundated,89
2024-07-08 11:00:00,WLS_DDR_08,SENS_WLS_DDR_08,49.5,0.82,Red Alert - Inundated,95
2024-07-08 11:00:00,WLS_CHM_09,SENS_WLS_CHM_09,39.7,0.35,Amber Alert - Waterlogging,94
2024-07-08 11:00:00,WLS_MLD_10,SENS_WLS_MLD_10,93.0,0.22,Red Alert - Inundated,90
2024-07-08 11:00:00,WLS_DHS_11,SENS_WLS_DHS_11,88.1,0.54,Red Alert - Inundated,98
2024-07-08 11:00:00,WLS_CHN_12,SENS_WLS_CHN_12,68.6,0.42,Red Alert - Inundated,94
2024-07-08 11:00:00,WLS_WRL_13,SENS_WLS_WRL_13,31.0,0.51,Amber Alert - Waterlogging,92
2024-07-08 11:00:00,WLS_BYC_14,SENS_WLS_BYC_14,53.1,0.12,Red Alert - Inundated,100
2024-07-08 11:00:00,WLS_MNK_15,SENS_WLS_MNK_15,85.2,0.27,Red Alert - Inundated,90
2024-07-08 12:00:00,WLS_HND_01,SENS_WLS_HND_01,131.4,0.55,Red Alert - Inundated,96
2024-07-08 12:00:00,WLS_GND_02,SENS_WLS_GND_02,117.6,0.82,Red Alert - Inundated,88
2024-07-08 12:00:00,WLS_MLN_03,SENS_WLS_MLN_03,175.0,1.32,Red Alert - Inundated,91
2024-07-08 12:00:00,WLS_AND_04,SENS_WLS_AND_04,188.5,0.85,Red Alert - Inundated,94
2024-07-08 12:00:00,WLS_KHR_05,SENS_WLS_KHR_05,164.0,1.0,Red Alert - Inundated,91
2024-07-08 12:00:00,WLS_KRL_06,SENS_WLS_KRL_06,99.6,0.95,Red Alert - Inundated,95
2024-07-08 12:00:00,WLS_SIO_07,SENS_WLS_SIO_07,109.8,0.29,Red Alert - Inundated,100
2024-07-08 12:00:00,WLS_DDR_08,SENS_WLS_DDR_08,79.3,1.26,Red Alert - Inundated,89
2024-07-08 12:00:00,WLS_CHM_09,SENS_WLS_CHM_09,67.1,0.19,Red Alert - Inundated,88
2024-07-08 12:00:00,WLS_MLD_10,SENS_WLS_MLD_10,150.1,0.47,Red Alert - Inundated,96
2024-07-08 12:00:00,WLS_DHS_11,SENS_WLS_DHS_11,139.9,0.16,Red Alert - Inundated,95
2024-07-08 12:00:00,WLS_CHN_12,SENS_WLS_CHN_12,123.1,0.72,Red Alert - Inundated,92
2024-07-08 12:00:00,WLS_WRL_13,SENS_WLS_WRL_13,59.3,0.38,Red Alert - Inundated,98
2024-07-08 12:00:00,WLS_BYC_14,SENS_WLS_BYC_14,96.4,0.3,Red Alert - Inundated,88
2024-07-08 12:00:00,WLS_MNK_15,SENS_WLS_MNK_15,132.6,1.28,Red Alert - Inundated,92
2024-07-08 13:00:00,WLS_HND_01,SENS_WLS_HND_01,156.4,1.25,Red Alert - Inundated,88
2024-07-08 13:00:00,WLS_GND_02,SENS_WLS_GND_02,145.8,0.49,Red Alert - Inundated,100
2024-07-08 13:00:00,WLS_MLN_03,SENS_WLS_MLN_03,214.4,0.73,Red Alert - Inundated,90
2024-07-08 13:00:00,WLS_AND_04,SENS_WLS_AND_04,217.2,1.34,Red Alert - Inundated,96
2024-07-08 13:00:00,WLS_KHR_05,SENS_WLS_KHR_05,190.0,1.22,Red Alert - Inundated,88
2024-07-08 13:00:00,WLS_KRL_06,SENS_WLS_KRL_06,121.4,1.11,Red Alert - Inundated,95
2024-07-08 13:00:00,WLS_SIO_07,SENS_WLS_SIO_07,138.3,0.78,Red Alert - Inundated,100
2024-07-08 13:00:00,WLS_DDR_08,SENS_WLS_DDR_08,91.1,1.13,Red Alert - Inundated,90
2024-07-08 13:00:00,WLS_CHM_09,SENS_WLS_CHM_09,78.5,0.73,Red Alert - Inundated,95
2024-07-08 13:00:00,WLS_MLD_10,SENS_WLS_MLD_10,184.4,0.99,Red Alert - Inundated,98
2024-07-08 13:00:00,WLS_DHS_11,SENS_WLS_DHS_11,173.4,1.18,Red Alert - Inundated,99
2024-07-08 13:00:00,WLS_CHN_12,SENS_WLS_CHN_12,139.4,0.94,Red Alert - Inundated,100
2024-07-08 13:00:00,WLS_WRL_13,SENS_WLS_WRL_13,63.5,0.43,Red Alert - Inundated,95
2024-07-08 13:00:00,WLS_BYC_14,SENS_WLS_BYC_14,111.9,0.51,Red Alert - Inundated,93
2024-07-08 13:00:00,WLS_MNK_15,SENS_WLS_MNK_15,165.3,0.8,Red Alert - Inundated,92
2024-07-08 14:00:00,WLS_HND_01,SENS_WLS_HND_01,108.9,0.87,Red Alert - Inundated,97
2024-07-08 14:00:00,WLS_GND_02,SENS_WLS_GND_02,106.2,0.37,Red Alert - Inundated,89
2024-07-08 14:00:00,WLS_MLN_03,SENS_WLS_MLN_03,146.1,0.87,Red Alert - Inundated,89
2024-07-08 14:00:00,WLS_AND_04,SENS_WLS_AND_04,160.6,0.83,Red Alert - Inundated,93
2024-07-08 14:00:00,WLS_KHR_05,SENS_WLS_KHR_05,132.3,1.26,Red Alert - Inundated,96
2024-07-08 14:00:00,WLS_KRL_06,SENS_WLS_KRL_06,91.5,0.12,Red Alert - Inundated,90
2024-07-08 14:00:00,WLS_SIO_07,SENS_WLS_SIO_07,95.7,0.57,Red Alert - Inundated,96
2024-07-08 14:00:00,WLS_DDR_08,SENS_WLS_DDR_08,69.2,0.36,Red Alert - Inundated,99
2024-07-08 14:00:00,WLS_CHM_09,SENS_WLS_CHM_09,50.5,0.43,Red Alert - Inundated,97
2024-07-08 14:00:00,WLS_MLD_10,SENS_WLS_MLD_10,131.2,0.42,Red Alert - Inundated,91
2024-07-08 14:00:00,WLS_DHS_11,SENS_WLS_DHS_11,126.0,0.29,Red Alert - Inundated,92
2024-07-08 14:00:00,WLS_CHN_12,SENS_WLS_CHN_12,102.0,1.11,Red Alert - Inundated,97
2024-07-08 14:00:00,WLS_WRL_13,SENS_WLS_WRL_13,49.7,1.02,Red Alert - Inundated,95
2024-07-08 14:00:00,WLS_BYC_14,SENS_WLS_BYC_14,79.8,0.52,Red Alert - Inundated,91
2024-07-08 14:00:00,WLS_MNK_15,SENS_WLS_MNK_15,117.0,0.82,Red Alert - Inundated,97
2024-07-08 15:00:00,WLS_HND_01,SENS_WLS_HND_01,111.9,1.12,Red Alert - Inundated,100
2024-07-08 15:00:00,WLS_GND_02,SENS_WLS_GND_02,102.0,0.13,Red Alert - Inundated,96
2024-07-08 15:00:00,WLS_MLN_03,SENS_WLS_MLN_03,157.0,0.93,Red Alert - Inundated,92
2024-07-08 15:00:00,WLS_AND_04,SENS_WLS_AND_04,162.3,0.23,Red Alert - Inundated,100
2024-07-08 15:00:00,WLS_KHR_05,SENS_WLS_KHR_05,145.0,1.34,Red Alert - Inundated,91
2024-07-08 15:00:00,WLS_KRL_06,SENS_WLS_KRL_06,94.8,0.93,Red Alert - Inundated,98
2024-07-08 15:00:00,WLS_SIO_07,SENS_WLS_SIO_07,103.2,0.54,Red Alert - Inundated,94
2024-07-08 15:00:00,WLS_DDR_08,SENS_WLS_DDR_08,72.2,0.76,Red Alert - Inundated,91
2024-07-08 15:00:00,WLS_CHM_09,SENS_WLS_CHM_09,52.9,1.34,Red Alert - Inundated,90
2024-07-08 15:00:00,WLS_MLD_10,SENS_WLS_MLD_10,136.3,1.0,Red Alert - Inundated,99
2024-07-08 15:00:00,WLS_DHS_11,SENS_WLS_DHS_11,126.2,0.23,Red Alert - Inundated,99
2024-07-08 15:00:00,WLS_CHN_12,SENS_WLS_CHN_12,110.8,1.09,Red Alert - Inundated,89
2024-07-08 15:00:00,WLS_WRL_13,SENS_WLS_WRL_13,45.1,1.03,Red Alert - Inundated,100
2024-07-08 15:00:00,WLS_BYC_14,SENS_WLS_BYC_14,83.4,1.18,Red Alert - Inundated,97
2024-07-08 15:00:00,WLS_MNK_15,SENS_WLS_MNK_15,123.9,0.43,Red Alert - Inundated,91
2024-07-08 16:00:00,WLS_HND_01,SENS_WLS_HND_01,139.5,1.0,Red Alert - Inundated,98
2024-07-08 16:00:00,WLS_GND_02,SENS_WLS_GND_02,133.7,0.34,Red Alert - Inundated,88
2024-07-08 16:00:00,WLS_MLN_03,SENS_WLS_MLN_03,201.1,0.18,Red Alert - Inundated,88
2024-07-08 16:00:00,WLS_AND_04,SENS_WLS_AND_04,201.2,0.9,Red Alert - Inundated,98
2024-07-08 16:00:00,WLS_KHR_05,SENS_WLS_KHR_05,181.9,0.6,Red Alert - Inundated,94
2024-07-08 16:00:00,WLS_KRL_06,SENS_WLS_KRL_06,112.0,1.25,Red Alert - Inundated,98
2024-07-08 16:00:00,WLS_SIO_07,SENS_WLS_SIO_07,128.3,0.28,Red Alert - Inundated,90
2024-07-08 16:00:00,WLS_DDR_08,SENS_WLS_DDR_08,85.8,1.33,Red Alert - Inundated,97
2024-07-08 16:00:00,WLS_CHM_09,SENS_WLS_CHM_09,69.6,1.35,Red Alert - Inundated,93
2024-07-08 16:00:00,WLS_MLD_10,SENS_WLS_MLD_10,168.7,0.84,Red Alert - Inundated,94
2024-07-08 16:00:00,WLS_DHS_11,SENS_WLS_DHS_11,159.1,1.07,Red Alert - Inundated,96
2024-07-08 16:00:00,WLS_CHN_12,SENS_WLS_CHN_12,129.9,0.13,Red Alert - Inundated,91
2024-07-08 16:00:00,WLS_WRL_13,SENS_WLS_WRL_13,61.6,0.39,Red Alert - Inundated,94
2024-07-08 16:00:00,WLS_BYC_14,SENS_WLS_BYC_14,108.5,0.31,Red Alert - Inundated,95
2024-07-08 16:00:00,WLS_MNK_15,SENS_WLS_MNK_15,147.2,1.13,Red Alert - Inundated,94
2024-07-08 17:00:00,WLS_HND_01,SENS_WLS_HND_01,120.4,0.79,Red Alert - Inundated,88
2024-07-08 17:00:00,WLS_GND_02,SENS_WLS_GND_02,114.8,0.49,Red Alert - Inundated,92
2024-07-08 17:00:00,WLS_MLN_03,SENS_WLS_MLN_03,159.7,1.33,Red Alert - Inundated,93
2024-07-08 17:00:00,WLS_AND_04,SENS_WLS_AND_04,168.6,0.24,Red Alert - Inundated,96
2024-07-08 17:00:00,WLS_KHR_05,SENS_WLS_KHR_05,149.1,1.25,Red Alert - Inundated,89
2024-07-08 17:00:00,WLS_KRL_06,SENS_WLS_KRL_06,97.4,0.61,Red Alert - Inundated,91
2024-07-08 17:00:00,WLS_SIO_07,SENS_WLS_SIO_07,100.3,0.4,Red Alert - Inundated,91
2024-07-08 17:00:00,WLS_DDR_08,SENS_WLS_DDR_08,69.7,0.2,Red Alert - Inundated,97
2024-07-08 17:00:00,WLS_CHM_09,SENS_WLS_CHM_09,56.8,1.0,Red Alert - Inundated,96
2024-07-08 17:00:00,WLS_MLD_10,SENS_WLS_MLD_10,136.0,1.09,Red Alert - Inundated,93
2024-07-08 17:00:00,WLS_DHS_11,SENS_WLS_DHS_11,134.2,0.77,Red Alert - Inundated,97
2024-07-08 17:00:00,WLS_CHN_12,SENS_WLS_CHN_12,108.1,0.12,Red Alert - Inundated,97
2024-07-08 17:00:00,WLS_WRL_13,SENS_WLS_WRL_13,47.2,1.23,Red Alert - Inundated,92
2024-07-08 17:00:00,WLS_BYC_14,SENS_WLS_BYC_14,86.8,0.48,Red Alert - Inundated,92
2024-07-08 17:00:00,WLS_MNK_15,SENS_WLS_MNK_15,122.2,1.01,Red Alert - Inundated,90
2024-07-08 18:00:00,WLS_HND_01,SENS_WLS_HND_01,159.3,0.39,Red Alert - Inundated,100
2024-07-08 18:00:00,WLS_GND_02,SENS_WLS_GND_02,152.5,0.25,Red Alert - Inundated,98
2024-07-08 18:00:00,WLS_MLN_03,SENS_WLS_MLN_03,225.4,1.16,Red Alert - Inundated,100
2024-07-08 18:00:00,WLS_AND_04,SENS_WLS_AND_04,234.5,1.25,Red Alert - Inundated,100
2024-07-08 18:00:00,WLS_KHR_05,SENS_WLS_KHR_05,202.1,1.12,Red Alert - Inundated,93
2024-07-08 18:00:00,WLS_KRL_06,SENS_WLS_KRL_06,129.0,1.03,Red Alert - Inundated,90
2024-07-08 18:00:00,WLS_SIO_07,SENS_WLS_SIO_07,142.0,0.46,Red Alert - Inundated,88
2024-07-08 18:00:00,WLS_DDR_08,SENS_WLS_DDR_08,97.9,0.5,Red Alert - Inundated,93
2024-07-08 18:00:00,WLS_CHM_09,SENS_WLS_CHM_09,80.4,0.28,Red Alert - Inundated,89
2024-07-08 18:00:00,WLS_MLD_10,SENS_WLS_MLD_10,189.2,0.2,Red Alert - Inundated,98
2024-07-08 18:00:00,WLS_DHS_11,SENS_WLS_DHS_11,181.6,1.04,Red Alert - Inundated,97
2024-07-08 18:00:00,WLS_CHN_12,SENS_WLS_CHN_12,148.1,0.11,Red Alert - Inundated,94
2024-07-08 18:00:00,WLS_WRL_13,SENS_WLS_WRL_13,72.5,0.36,Red Alert - Inundated,90
2024-07-08 18:00:00,WLS_BYC_14,SENS_WLS_BYC_14,121.6,0.72,Red Alert - Inundated,94
2024-07-08 18:00:00,WLS_MNK_15,SENS_WLS_MNK_15,174.5,0.88,Red Alert - Inundated,92
2024-07-08 19:00:00,WLS_HND_01,SENS_WLS_HND_01,92.1,0.11,Red Alert - Inundated,93
2024-07-08 19:00:00,WLS_GND_02,SENS_WLS_GND_02,81.6,0.51,Red Alert - Inundated,100
2024-07-08 19:00:00,WLS_MLN_03,SENS_WLS_MLN_03,125.7,1.11,Red Alert - Inundated,95
2024-07-08 19:00:00,WLS_AND_04,SENS_WLS_AND_04,128.3,1.33,Red Alert - Inundated,90
2024-07-08 19:00:00,WLS_KHR_05,SENS_WLS_KHR_05,108.2,0.88,Red Alert - Inundated,100
2024-07-08 19:00:00,WLS_KRL_06,SENS_WLS_KRL_06,74.0,1.14,Red Alert - Inundated,97
2024-07-08 19:00:00,WLS_SIO_07,SENS_WLS_SIO_07,75.4,1.02,Red Alert - Inundated,91
2024-07-08 19:00:00,WLS_DDR_08,SENS_WLS_DDR_08,50.1,0.49,Red Alert - Inundated,92
2024-07-08 19:00:00,WLS_CHM_09,SENS_WLS_CHM_09,45.7,1.19,Red Alert - Inundated,89
2024-07-08 19:00:00,WLS_MLD_10,SENS_WLS_MLD_10,106.1,0.75,Red Alert - Inundated,94
2024-07-08 19:00:00,WLS_DHS_11,SENS_WLS_DHS_11,101.1,0.94,Red Alert - Inundated,89
2024-07-08 19:00:00,WLS_CHN_12,SENS_WLS_CHN_12,86.0,0.33,Red Alert - Inundated,89
2024-07-08 19:00:00,WLS_WRL_13,SENS_WLS_WRL_13,37.2,0.89,Amber Alert - Waterlogging,91
2024-07-08 19:00:00,WLS_BYC_14,SENS_WLS_BYC_14,61.5,0.96,Red Alert - Inundated,99
2024-07-08 19:00:00,WLS_MNK_15,SENS_WLS_MNK_15,90.1,1.25,Red Alert - Inundated,98
2024-07-08 20:00:00,WLS_HND_01,SENS_WLS_HND_01,176.8,0.21,Red Alert - Inundated,100
2024-07-08 20:00:00,WLS_GND_02,SENS_WLS_GND_02,162.7,0.76,Red Alert - Inundated,91
2024-07-08 20:00:00,WLS_MLN_03,SENS_WLS_MLN_03,236.8,0.33,Red Alert - Inundated,97
2024-07-08 20:00:00,WLS_AND_04,SENS_WLS_AND_04,250.6,0.25,Red Alert - Inundated,100
2024-07-08 20:00:00,WLS_KHR_05,SENS_WLS_KHR_05,216.7,0.78,Red Alert - Inundated,97
2024-07-08 20:00:00,WLS_KRL_06,SENS_WLS_KRL_06,142.7,0.24,Red Alert - Inundated,89
2024-07-08 20:00:00,WLS_SIO_07,SENS_WLS_SIO_07,148.4,0.65,Red Alert - Inundated,91
2024-07-08 20:00:00,WLS_DDR_08,SENS_WLS_DDR_08,105.0,1.37,Red Alert - Inundated,92
2024-07-08 20:00:00,WLS_CHM_09,SENS_WLS_CHM_09,90.2,0.79,Red Alert - Inundated,99
2024-07-08 20:00:00,WLS_MLD_10,SENS_WLS_MLD_10,212.6,0.38,Red Alert - Inundated,88
2024-07-08 20:00:00,WLS_DHS_11,SENS_WLS_DHS_11,194.9,0.56,Red Alert - Inundated,94
2024-07-08 20:00:00,WLS_CHN_12,SENS_WLS_CHN_12,159.6,0.69,Red Alert - Inundated,97
2024-07-08 20:00:00,WLS_WRL_13,SENS_WLS_WRL_13,74.6,1.01,Red Alert - Inundated,93
2024-07-08 20:00:00,WLS_BYC_14,SENS_WLS_BYC_14,128.2,0.15,Red Alert - Inundated,100
2024-07-08 20:00:00,WLS_MNK_15,SENS_WLS_MNK_15,184.3,1.1,Red Alert - Inundated,89
2024-07-08 21:00:00,WLS_HND_01,SENS_WLS_HND_01,70.4,1.14,Red Alert - Inundated,95
2024-07-08 21:00:00,WLS_GND_02,SENS_WLS_GND_02,71.4,0.24,Red Alert - Inundated,93
2024-07-08 21:00:00,WLS_MLN_03,SENS_WLS_MLN_03,101.9,0.89,Red Alert - Inundated,93
2024-07-08 21:00:00,WLS_AND_04,SENS_WLS_AND_04,110.8,0.51,Red Alert - Inundated,89
2024-07-08 21:00:00,WLS_KHR_05,SENS_WLS_KHR_05,89.1,0.78,Red Alert - Inundated,97
2024-07-08 21:00:00,WLS_KRL_06,SENS_WLS_KRL_06,61.7,0.86,Red Alert - Inundated,100
2024-07-08 21:00:00,WLS_SIO_07,SENS_WLS_SIO_07,60.9,0.6,Red Alert - Inundated,88
2024-07-08 21:00:00,WLS_DDR_08,SENS_WLS_DDR_08,43.5,0.34,Amber Alert - Waterlogging,95
2024-07-08 21:00:00,WLS_CHM_09,SENS_WLS_CHM_09,32.6,0.91,Amber Alert - Waterlogging,93
2024-07-08 21:00:00,WLS_MLD_10,SENS_WLS_MLD_10,85.2,0.21,Red Alert - Inundated,94
2024-07-08 21:00:00,WLS_DHS_11,SENS_WLS_DHS_11,81.8,0.91,Red Alert - Inundated,91
2024-07-08 21:00:00,WLS_CHN_12,SENS_WLS_CHN_12,70.8,1.3,Red Alert - Inundated,96
2024-07-08 21:00:00,WLS_WRL_13,SENS_WLS_WRL_13,25.4,0.72,Amber Alert - Waterlogging,94
2024-07-08 21:00:00,WLS_BYC_14,SENS_WLS_BYC_14,51.8,0.46,Red Alert - Inundated,93
2024-07-08 21:00:00,WLS_MNK_15,SENS_WLS_MNK_15,72.6,0.32,Red Alert - Inundated,98
2024-07-08 22:00:00,WLS_HND_01,SENS_WLS_HND_01,145.9,1.35,Red Alert - Inundated,96
2024-07-08 22:00:00,WLS_GND_02,SENS_WLS_GND_02,138.8,0.34,Red Alert - Inundated,92
2024-07-08 22:00:00,WLS_MLN_03,SENS_WLS_MLN_03,202.4,0.86,Red Alert - Inundated,91
2024-07-08 22:00:00,WLS_AND_04,SENS_WLS_AND_04,211.4,0.94,Red Alert - Inundated,90
2024-07-08 22:00:00,WLS_KHR_05,SENS_WLS_KHR_05,191.9,0.61,Red Alert - Inundated,91
2024-07-08 22:00:00,WLS_KRL_06,SENS_WLS_KRL_06,123.9,0.2,Red Alert - Inundated,100
2024-07-08 22:00:00,WLS_SIO_07,SENS_WLS_SIO_07,133.6,1.29,Red Alert - Inundated,91
2024-07-08 22:00:00,WLS_DDR_08,SENS_WLS_DDR_08,91.5,0.39,Red Alert - Inundated,96
2024-07-08 22:00:00,WLS_CHM_09,SENS_WLS_CHM_09,70.2,0.15,Red Alert - Inundated,98
2024-07-08 22:00:00,WLS_MLD_10,SENS_WLS_MLD_10,180.4,1.13,Red Alert - Inundated,95
2024-07-08 22:00:00,WLS_DHS_11,SENS_WLS_DHS_11,174.2,0.89,Red Alert - Inundated,88
2024-07-08 22:00:00,WLS_CHN_12,SENS_WLS_CHN_12,136.6,0.49,Red Alert - Inundated,97
2024-07-08 22:00:00,WLS_WRL_13,SENS_WLS_WRL_13,62.7,1.24,Red Alert - Inundated,95
2024-07-08 22:00:00,WLS_BYC_14,SENS_WLS_BYC_14,110.3,1.15,Red Alert - Inundated,90
2024-07-08 22:00:00,WLS_MNK_15,SENS_WLS_MNK_15,163.7,0.3,Red Alert - Inundated,100
2024-07-08 23:00:00,WLS_HND_01,SENS_WLS_HND_01,172.3,0.24,Red Alert - Inundated,100
2024-07-08 23:00:00,WLS_GND_02,SENS_WLS_GND_02,161.4,1.31,Red Alert - Inundated,97
2024-07-08 23:00:00,WLS_MLN_03,SENS_WLS_MLN_03,243.4,0.57,Red Alert - Inundated,98
2024-07-08 23:00:00,WLS_AND_04,SENS_WLS_AND_04,246.8,0.96,Red Alert - Inundated,89
2024-07-08 23:00:00,WLS_KHR_05,SENS_WLS_KHR_05,220.5,0.27,Red Alert - Inundated,97
2024-07-08 23:00:00,WLS_KRL_06,SENS_WLS_KRL_06,141.2,1.34,Red Alert - Inundated,99
2024-07-08 23:00:00,WLS_SIO_07,SENS_WLS_SIO_07,157.1,1.24,Red Alert - Inundated,93
2024-07-08 23:00:00,WLS_DDR_08,SENS_WLS_DDR_08,113.5,0.83,Red Alert - Inundated,94
2024-07-08 23:00:00,WLS_CHM_09,SENS_WLS_CHM_09,88.8,0.4,Red Alert - Inundated,99
2024-07-08 23:00:00,WLS_MLD_10,SENS_WLS_MLD_10,209.8,0.45,Red Alert - Inundated,94
2024-07-08 23:00:00,WLS_DHS_11,SENS_WLS_DHS_11,196.6,0.38,Red Alert - Inundated,95
2024-07-08 23:00:00,WLS_CHN_12,SENS_WLS_CHN_12,158.7,0.93,Red Alert - Inundated,93
2024-07-08 23:00:00,WLS_WRL_13,SENS_WLS_WRL_13,76.4,0.84,Red Alert - Inundated,89
2024-07-08 23:00:00,WLS_BYC_14,SENS_WLS_BYC_14,134.4,1.33,Red Alert - Inundated,100
2024-07-08 23:00:00,WLS_MNK_15,SENS_WLS_MNK_15,182.6,0.82,Red Alert - Inundated,88
2024-07-09 00:00:00,WLS_HND_01,SENS_WLS_HND_01,176.3,0.9,Red Alert - Inundated,90
2024-07-09 00:00:00,WLS_GND_02,SENS_WLS_GND_02,168.4,1.32,Red Alert - Inundated,95
2024-07-09 00:00:00,WLS_MLN_03,SENS_WLS_MLN_03,243.3,1.25,Red Alert - Inundated,88
2024-07-09 00:00:00,WLS_AND_04,SENS_WLS_AND_04,251.4,0.59,Red Alert - Inundated,91
2024-07-09 00:00:00,WLS_KHR_05,SENS_WLS_KHR_05,220.1,0.82,Red Alert - Inundated,91
2024-07-09 00:00:00,WLS_KRL_06,SENS_WLS_KRL_06,140.7,0.44,Red Alert - Inundated,94
2024-07-09 00:00:00,WLS_SIO_07,SENS_WLS_SIO_07,150.9,0.33,Red Alert - Inundated,96
2024-07-09 00:00:00,WLS_DDR_08,SENS_WLS_DDR_08,106.0,1.3,Red Alert - Inundated,99
2024-07-09 00:00:00,WLS_CHM_09,SENS_WLS_CHM_09,87.7,0.91,Red Alert - Inundated,91
2024-07-09 00:00:00,WLS_MLD_10,SENS_WLS_MLD_10,205.2,0.55,Red Alert - Inundated,98
2024-07-09 00:00:00,WLS_DHS_11,SENS_WLS_DHS_11,200.3,1.37,Red Alert - Inundated,100
2024-07-09 00:00:00,WLS_CHN_12,SENS_WLS_CHN_12,164.6,1.29,Red Alert - Inundated,96
2024-07-09 00:00:00,WLS_WRL_13,SENS_WLS_WRL_13,78.2,1.16,Red Alert - Inundated,94
2024-07-09 00:00:00,WLS_BYC_14,SENS_WLS_BYC_14,127.5,1.03,Red Alert - Inundated,96
2024-07-09 00:00:00,WLS_MNK_15,SENS_WLS_MNK_15,188.4,0.69,Red Alert - Inundated,92
2024-07-09 01:00:00,WLS_HND_01,SENS_WLS_HND_01,134.4,0.31,Red Alert - Inundated,90
2024-07-09 01:00:00,WLS_GND_02,SENS_WLS_GND_02,127.3,0.14,Red Alert - Inundated,96
2024-07-09 01:00:00,WLS_MLN_03,SENS_WLS_MLN_03,180.3,0.35,Red Alert - Inundated,88
2024-07-09 01:00:00,WLS_AND_04,SENS_WLS_AND_04,195.4,0.92,Red Alert - Inundated,89
2024-07-09 01:00:00,WLS_KHR_05,SENS_WLS_KHR_05,169.4,1.11,Red Alert - Inundated,97
2024-07-09 01:00:00,WLS_KRL_06,SENS_WLS_KRL_06,111.2,0.83,Red Alert - Inundated,89
2024-07-09 01:00:00,WLS_SIO_07,SENS_WLS_SIO_07,120.2,0.28,Red Alert - Inundated,94
2024-07-09 01:00:00,WLS_DDR_08,SENS_WLS_DDR_08,81.5,1.0,Red Alert - Inundated,98
2024-07-09 01:00:00,WLS_CHM_09,SENS_WLS_CHM_09,61.4,0.13,Red Alert - Inundated,94
2024-07-09 01:00:00,WLS_MLD_10,SENS_WLS_MLD_10,162.6,0.17,Red Alert - Inundated,96
2024-07-09 01:00:00,WLS_DHS_11,SENS_WLS_DHS_11,145.3,0.77,Red Alert - Inundated,89
2024-07-09 01:00:00,WLS_CHN_12,SENS_WLS_CHN_12,125.7,1.32,Red Alert - Inundated,100
2024-07-09 01:00:00,WLS_WRL_13,SENS_WLS_WRL_13,61.0,0.61,Red Alert - Inundated,88
2024-07-09 01:00:00,WLS_BYC_14,SENS_WLS_BYC_14,100.8,0.62,Red Alert - Inundated,93
2024-07-09 01:00:00,WLS_MNK_15,SENS_WLS_MNK_15,141.5,0.99,Red Alert - Inundated,95
2024-07-09 02:00:00,WLS_HND_01,SENS_WLS_HND_01,81.0,0.26,Red Alert - Inundated,88
2024-07-09 02:00:00,WLS_GND_02,SENS_WLS_GND_02,81.1,0.91,Red Alert - Inundated,92
2024-07-09 02:00:00,WLS_MLN_03,SENS_WLS_MLN_03,120.1,0.58,Red Alert - Inundated,90
2024-07-09 02:00:00,WLS_AND_04,SENS_WLS_AND_04,123.9,0.53,Red Alert - Inundated,91
2024-07-09 02:00:00,WLS_KHR_05,SENS_WLS_KHR_05,105.2,1.39,Red Alert - Inundated,95
2024-07-09 02:00:00,WLS_KRL_06,SENS_WLS_KRL_06,71.5,0.32,Red Alert - Inundated,92
2024-07-09 02:00:00,WLS_SIO_07,SENS_WLS_SIO_07,78.5,0.66,Red Alert - Inundated,91
2024-07-09 02:00:00,WLS_DDR_08,SENS_WLS_DDR_08,49.7,0.15,Red Alert - Inundated,96
2024-07-09 02:00:00,WLS_CHM_09,SENS_WLS_CHM_09,37.3,0.72,Amber Alert - Waterlogging,95
2024-07-09 02:00:00,WLS_MLD_10,SENS_WLS_MLD_10,99.6,0.37,Red Alert - Inundated,89
2024-07-09 02:00:00,WLS_DHS_11,SENS_WLS_DHS_11,95.6,1.06,Red Alert - Inundated,99
2024-07-09 02:00:00,WLS_CHN_12,SENS_WLS_CHN_12,76.2,0.56,Red Alert - Inundated,99
2024-07-09 02:00:00,WLS_WRL_13,SENS_WLS_WRL_13,39.2,1.25,Amber Alert - Waterlogging,90
2024-07-09 02:00:00,WLS_BYC_14,SENS_WLS_BYC_14,57.6,1.0,Red Alert - Inundated,88
2024-07-09 02:00:00,WLS_MNK_15,SENS_WLS_MNK_15,85.6,0.81,Red Alert - Inundated,90
2024-07-09 03:00:00,WLS_HND_01,SENS_WLS_HND_01,130.1,0.8,Red Alert - Inundated,95
2024-07-09 03:00:00,WLS_GND_02,SENS_WLS_GND_02,125.1,0.82,Red Alert - Inundated,100
2024-07-09 03:00:00,WLS_MLN_03,SENS_WLS_MLN_03,181.1,0.63,Red Alert - Inundated,92
2024-07-09 03:00:00,WLS_AND_04,SENS_WLS_AND_04,191.2,1.26,Red Alert - Inundated,93
2024-07-09 03:00:00,WLS_KHR_05,SENS_WLS_KHR_05,158.6,0.35,Red Alert - Inundated,89
2024-07-09 03:00:00,WLS_KRL_06,SENS_WLS_KRL_06,100.2,1.0,Red Alert - Inundated,91
2024-07-09 03:00:00,WLS_SIO_07,SENS_WLS_SIO_07,117.6,1.17,Red Alert - Inundated,98
2024-07-09 03:00:00,WLS_DDR_08,SENS_WLS_DDR_08,81.1,0.48,Red Alert - Inundated,99
2024-07-09 03:00:00,WLS_CHM_09,SENS_WLS_CHM_09,61.5,0.78,Red Alert - Inundated,96
2024-07-09 03:00:00,WLS_MLD_10,SENS_WLS_MLD_10,153.7,0.87,Red Alert - Inundated,97
2024-07-09 03:00:00,WLS_DHS_11,SENS_WLS_DHS_11,147.0,1.19,Red Alert - Inundated,99
2024-07-09 03:00:00,WLS_CHN_12,SENS_WLS_CHN_12,117.1,0.34,Red Alert - Inundated,93
2024-07-09 03:00:00,WLS_WRL_13,SENS_WLS_WRL_13,50.6,1.33,Red Alert - Inundated,90
2024-07-09 03:00:00,WLS_BYC_14,SENS_WLS_BYC_14,100.1,0.42,Red Alert - Inundated,97
2024-07-09 03:00:00,WLS_MNK_15,SENS_WLS_MNK_15,134.4,1.1,Red Alert - Inundated,97
2024-07-09 04:00:00,WLS_HND_01,SENS_WLS_HND_01,71.7,0.83,Red Alert - Inundated,98
2024-07-09 04:00:00,WLS_GND_02,SENS_WLS_GND_02,64.7,0.55,Red Alert - Inundated,97
2024-07-09 04:00:00,WLS_MLN_03,SENS_WLS_MLN_03,94.4,0.94,Red Alert - Inundated,94
2024-07-09 04:00:00,WLS_AND_04,SENS_WLS_AND_04,99.8,0.92,Red Alert - Inundated,90
2024-07-09 04:00:00,WLS_KHR_05,SENS_WLS_KHR_05,90.3,0.66,Red Alert - Inundated,93
2024-07-09 04:00:00,WLS_KRL_06,SENS_WLS_KRL_06,53.2,1.25,Red Alert - Inundated,90
2024-07-09 04:00:00,WLS_SIO_07,SENS_WLS_SIO_07,63.2,1.17,Red Alert - Inundated,98
2024-07-09 04:00:00,WLS_DDR_08,SENS_WLS_DDR_08,39.4,0.98,Amber Alert - Waterlogging,99
2024-07-09 04:00:00,WLS_CHM_09,SENS_WLS_CHM_09,31.3,0.27,Amber Alert - Waterlogging,92
2024-07-09 04:00:00,WLS_MLD_10,SENS_WLS_MLD_10,82.0,0.37,Red Alert - Inundated,92
2024-07-09 04:00:00,WLS_DHS_11,SENS_WLS_DHS_11,74.5,1.06,Red Alert - Inundated,91
2024-07-09 04:00:00,WLS_CHN_12,SENS_WLS_CHN_12,65.2,1.02,Red Alert - Inundated,100
2024-07-09 04:00:00,WLS_WRL_13,SENS_WLS_WRL_13,25.2,1.03,Amber Alert - Waterlogging,97
2024-07-09 04:00:00,WLS_BYC_14,SENS_WLS_BYC_14,52.0,0.81,Red Alert - Inundated,94
2024-07-09 04:00:00,WLS_MNK_15,SENS_WLS_MNK_15,76.3,0.74,Red Alert - Inundated,90
2024-07-09 05:00:00,WLS_HND_01,SENS_WLS_HND_01,154.1,1.39,Red Alert - Inundated,89
2024-07-09 05:00:00,WLS_GND_02,SENS_WLS_GND_02,151.1,0.34,Red Alert - Inundated,98
2024-07-09 05:00:00,WLS_MLN_03,SENS_WLS_MLN_03,216.4,1.11,Red Alert - Inundated,99
2024-07-09 05:00:00,WLS_AND_04,SENS_WLS_AND_04,228.0,1.39,Red Alert - Inundated,98
2024-07-09 05:00:00,WLS_KHR_05,SENS_WLS_KHR_05,193.7,1.22,Red Alert - Inundated,92
2024-07-09 05:00:00,WLS_KRL_06,SENS_WLS_KRL_06,128.8,0.93,Red Alert - Inundated,93
2024-07-09 05:00:00,WLS_SIO_07,SENS_WLS_SIO_07,142.1,0.3,Red Alert - Inundated,89
2024-07-09 05:00:00,WLS_DDR_08,SENS_WLS_DDR_08,99.0,1.25,Red Alert - Inundated,99
2024-07-09 05:00:00,WLS_CHM_09,SENS_WLS_CHM_09,81.2,0.23,Red Alert - Inundated,88
2024-07-09 05:00:00,WLS_MLD_10,SENS_WLS_MLD_10,185.2,0.44,Red Alert - Inundated,91
2024-07-09 05:00:00,WLS_DHS_11,SENS_WLS_DHS_11,174.5,1.0,Red Alert - Inundated,96
2024-07-09 05:00:00,WLS_CHN_12,SENS_WLS_CHN_12,149.3,1.34,Red Alert - Inundated,96
2024-07-09 05:00:00,WLS_WRL_13,SENS_WLS_WRL_13,69.1,1.02,Red Alert - Inundated,90
2024-07-09 05:00:00,WLS_BYC_14,SENS_WLS_BYC_14,117.5,0.11,Red Alert - Inundated,97
2024-07-09 05:00:00,WLS_MNK_15,SENS_WLS_MNK_15,164.4,0.15,Red Alert - Inundated,98
2024-07-09 06:00:00,WLS_HND_01,SENS_WLS_HND_01,114.7,0.93,Red Alert - Inundated,98
2024-07-09 06:00:00,WLS_GND_02,SENS_WLS_GND_02,106.0,1.0,Red Alert - Inundated,96
2024-07-09 06:00:00,WLS_MLN_03,SENS_WLS_MLN_03,159.7,0.71,Red Alert - Inundated,93
2024-07-09 06:00:00,WLS_AND_04,SENS_WLS_AND_04,160.4,0.7,Red Alert - Inundated,100
2024-07-09 06:00:00,WLS_KHR_05,SENS_WLS_KHR_05,140.0,1.17,Red Alert - Inundated,95
2024-07-09 06:00:00,WLS_KRL_06,SENS_WLS_KRL_06,97.2,0.91,Red Alert - Inundated,99
2024-07-09 06:00:00,WLS_SIO_07,SENS_WLS_SIO_07,96.0,0.68,Red Alert - Inundated,94
2024-07-09 06:00:00,WLS_DDR_08,SENS_WLS_DDR_08,74.6,0.27,Red Alert - Inundated,88
2024-07-09 06:00:00,WLS_CHM_09,SENS_WLS_CHM_09,51.3,0.69,Red Alert - Inundated,89
2024-07-09 06:00:00,WLS_MLD_10,SENS_WLS_MLD_10,139.4,1.15,Red Alert - Inundated,95
2024-07-09 06:00:00,WLS_DHS_11,SENS_WLS_DHS_11,126.8,0.75,Red Alert - Inundated,89
2024-07-09 06:00:00,WLS_CHN_12,SENS_WLS_CHN_12,104.6,0.17,Red Alert - Inundated,94
2024-07-09 06:00:00,WLS_WRL_13,SENS_WLS_WRL_13,50.4,0.15,Red Alert - Inundated,96
2024-07-09 06:00:00,WLS_BYC_14,SENS_WLS_BYC_14,86.1,1.29,Red Alert - Inundated,90
2024-07-09 06:00:00,WLS_MNK_15,SENS_WLS_MNK_15,121.3,1.26,Red Alert - Inundated,95
2024-07-09 07:00:00,WLS_HND_01,SENS_WLS_HND_01,169.1,0.87,Red Alert - Inundated,93
2024-07-09 07:00:00,WLS_GND_02,SENS_WLS_GND_02,154.2,1.37,Red Alert - Inundated,100
2024-07-09 07:00:00,WLS_MLN_03,SENS_WLS_MLN_03,232.4,1.11,Red Alert - Inundated,93
2024-07-09 07:00:00,WLS_AND_04,SENS_WLS_AND_04,239.5,0.61,Red Alert - Inundated,88
2024-07-09 07:00:00,WLS_KHR_05,SENS_WLS_KHR_05,206.7,0.33,Red Alert - Inundated,99
2024-07-09 07:00:00,WLS_KRL_06,SENS_WLS_KRL_06,137.5,1.19,Red Alert - Inundated,91
2024-07-09 07:00:00,WLS_SIO_07,SENS_WLS_SIO_07,152.4,1.24,Red Alert - Inundated,91
2024-07-09 07:00:00,WLS_DDR_08,SENS_WLS_DDR_08,107.5,1.29,Red Alert - Inundated,96
2024-07-09 07:00:00,WLS_CHM_09,SENS_WLS_CHM_09,85.5,1.29,Red Alert - Inundated,92
2024-07-09 07:00:00,WLS_MLD_10,SENS_WLS_MLD_10,204.3,1.05,Red Alert - Inundated,98
2024-07-09 07:00:00,WLS_DHS_11,SENS_WLS_DHS_11,191.6,0.45,Red Alert - Inundated,95
2024-07-09 07:00:00,WLS_CHN_12,SENS_WLS_CHN_12,161.7,0.12,Red Alert - Inundated,90
2024-07-09 07:00:00,WLS_WRL_13,SENS_WLS_WRL_13,69.4,1.25,Red Alert - Inundated,91
2024-07-09 07:00:00,WLS_BYC_14,SENS_WLS_BYC_14,131.8,0.3,Red Alert - Inundated,100
2024-07-09 07:00:00,WLS_MNK_15,SENS_WLS_MNK_15,175.4,0.37,Red Alert - Inundated,97
2024-07-09 08:00:00,WLS_HND_01,SENS_WLS_HND_01,160.0,0.4,Red Alert - Inundated,95
2024-07-09 08:00:00,WLS_GND_02,SENS_WLS_GND_02,146.9,1.33,Red Alert - Inundated,99
2024-07-09 08:00:00,WLS_MLN_03,SENS_WLS_MLN_03,214.1,0.45,Red Alert - Inundated,100
2024-07-09 08:00:00,WLS_AND_04,SENS_WLS_AND_04,226.0,1.12,Red Alert - Inundated,89
2024-07-09 08:00:00,WLS_KHR_05,SENS_WLS_KHR_05,197.1,1.07,Red Alert - Inundated,96
2024-07-09 08:00:00,WLS_KRL_06,SENS_WLS_KRL_06,128.9,0.68,Red Alert - Inundated,99
2024-07-09 08:00:00,WLS_SIO_07,SENS_WLS_SIO_07,139.6,0.13,Red Alert - Inundated,95
2024-07-09 08:00:00,WLS_DDR_08,SENS_WLS_DDR_08,99.8,1.25,Red Alert - Inundated,97
2024-07-09 08:00:00,WLS_CHM_09,SENS_WLS_CHM_09,77.3,0.67,Red Alert - Inundated,94
2024-07-09 08:00:00,WLS_MLD_10,SENS_WLS_MLD_10,189.5,0.12,Red Alert - Inundated,99
2024-07-09 08:00:00,WLS_DHS_11,SENS_WLS_DHS_11,172.7,0.96,Red Alert - Inundated,91
2024-07-09 08:00:00,WLS_CHN_12,SENS_WLS_CHN_12,143.1,1.22,Red Alert - Inundated,93
2024-07-09 08:00:00,WLS_WRL_13,SENS_WLS_WRL_13,73.4,1.22,Red Alert - Inundated,97
2024-07-09 08:00:00,WLS_BYC_14,SENS_WLS_BYC_14,119.8,0.81,Red Alert - Inundated,92
2024-07-09 08:00:00,WLS_MNK_15,SENS_WLS_MNK_15,168.4,0.3,Red Alert - Inundated,92
2024-07-09 09:00:00,WLS_HND_01,SENS_WLS_HND_01,166.5,1.22,Red Alert - Inundated,95
2024-07-09 09:00:00,WLS_GND_02,SENS_WLS_GND_02,155.9,1.06,Red Alert - Inundated,90
2024-07-09 09:00:00,WLS_MLN_03,SENS_WLS_MLN_03,220.0,1.21,Red Alert - Inundated,92
2024-07-09 09:00:00,WLS_AND_04,SENS_WLS_AND_04,238.5,0.29,Red Alert - Inundated,90
2024-07-09 09:00:00,WLS_KHR_05,SENS_WLS_KHR_05,207.1,0.48,Red Alert - Inundated,98
2024-07-09 09:00:00,WLS_KRL_06,SENS_WLS_KRL_06,128.4,1.01,Red Alert - Inundated,88
2024-07-09 09:00:00,WLS_SIO_07,SENS_WLS_SIO_07,139.4,1.2,Red Alert - Inundated,91
2024-07-09 09:00:00,WLS_DDR_08,SENS_WLS_DDR_08,101.9,0.9,Red Alert - Inundated,100
2024-07-09 09:00:00,WLS_CHM_09,SENS_WLS_CHM_09,83.9,1.24,Red Alert - Inundated,97
2024-07-09 09:00:00,WLS_MLD_10,SENS_WLS_MLD_10,197.3,0.89,Red Alert - Inundated,95
2024-07-09 09:00:00,WLS_DHS_11,SENS_WLS_DHS_11,179.9,0.97,Red Alert - Inundated,97
2024-07-09 09:00:00,WLS_CHN_12,SENS_WLS_CHN_12,150.2,0.99,Red Alert - Inundated,90
2024-07-09 09:00:00,WLS_WRL_13,SENS_WLS_WRL_13,76.4,0.13,Red Alert - Inundated,91
2024-07-09 09:00:00,WLS_BYC_14,SENS_WLS_BYC_14,126.8,0.22,Red Alert - Inundated,96
2024-07-09 09:00:00,WLS_MNK_15,SENS_WLS_MNK_15,174.5,0.26,Red Alert - Inundated,90
2024-07-09 10:00:00,WLS_HND_01,SENS_WLS_HND_01,137.2,1.05,Red Alert - Inundated,98
2024-07-09 10:00:00,WLS_GND_02,SENS_WLS_GND_02,126.0,0.62,Red Alert - Inundated,92
2024-07-09 10:00:00,WLS_MLN_03,SENS_WLS_MLN_03,180.4,0.3,Red Alert - Inundated,95
2024-07-09 10:00:00,WLS_AND_04,SENS_WLS_AND_04,196.7,0.91,Red Alert - Inundated,91
2024-07-09 10:00:00,WLS_KHR_05,SENS_WLS_KHR_05,167.7,1.14,Red Alert - Inundated,97
2024-07-09 10:00:00,WLS_KRL_06,SENS_WLS_KRL_06,104.5,1.24,Red Alert - Inundated,89
2024-07-09 10:00:00,WLS_SIO_07,SENS_WLS_SIO_07,115.7,1.1,Red Alert - Inundated,90
2024-07-09 10:00:00,WLS_DDR_08,SENS_WLS_DDR_08,79.8,0.3,Red Alert - Inundated,89
2024-07-09 10:00:00,WLS_CHM_09,SENS_WLS_CHM_09,64.0,1.04,Red Alert - Inundated,96
2024-07-09 10:00:00,WLS_MLD_10,SENS_WLS_MLD_10,157.2,1.15,Red Alert - Inundated,95
2024-07-09 10:00:00,WLS_DHS_11,SENS_WLS_DHS_11,153.0,0.28,Red Alert - Inundated,100
2024-07-09 10:00:00,WLS_CHN_12,SENS_WLS_CHN_12,125.7,0.47,Red Alert - Inundated,92
2024-07-09 10:00:00,WLS_WRL_13,SENS_WLS_WRL_13,58.4,1.19,Red Alert - Inundated,95
2024-07-09 10:00:00,WLS_BYC_14,SENS_WLS_BYC_14,104.0,0.98,Red Alert - Inundated,89
2024-07-09 10:00:00,WLS_MNK_15,SENS_WLS_MNK_15,142.6,0.44,Red Alert - Inundated,99
2024-07-09 11:00:00,WLS_HND_01,SENS_WLS_HND_01,170.5,0.54,Red Alert - Inundated,89
2024-07-09 11:00:00,WLS_GND_02,SENS_WLS_GND_02,159.8,0.54,Red Alert - Inundated,96
2024-07-09 11:00:00,WLS_MLN_03,SENS_WLS_MLN_03,229.2,0.8,Red Alert - Inundated,99
2024-07-09 11:00:00,WLS_AND_04,SENS_WLS_AND_04,244.2,0.12,Red Alert - Inundated,94
2024-07-09 11:00:00,WLS_KHR_05,SENS_WLS_KHR_05,213.2,1.11,Red Alert - Inundated,91
2024-07-09 11:00:00,WLS_KRL_06,SENS_WLS_KRL_06,140.0,0.69,Red Alert - Inundated,91
2024-07-09 11:00:00,WLS_SIO_07,SENS_WLS_SIO_07,145.5,0.83,Red Alert - Inundated,89
2024-07-09 11:00:00,WLS_DDR_08,SENS_WLS_DDR_08,105.2,0.72,Red Alert - Inundated,92
2024-07-09 11:00:00,WLS_CHM_09,SENS_WLS_CHM_09,81.2,0.35,Red Alert - Inundated,95
2024-07-09 11:00:00,WLS_MLD_10,SENS_WLS_MLD_10,196.6,0.5,Red Alert - Inundated,96
2024-07-09 11:00:00,WLS_DHS_11,SENS_WLS_DHS_11,185.7,0.92,Red Alert - Inundated,97
2024-07-09 11:00:00,WLS_CHN_12,SENS_WLS_CHN_12,158.6,0.49,Red Alert - Inundated,92
2024-07-09 11:00:00,WLS_WRL_13,SENS_WLS_WRL_13,75.9,0.16,Red Alert - Inundated,100
2024-07-09 11:00:00,WLS_BYC_14,SENS_WLS_BYC_14,126.6,0.42,Red Alert - Inundated,93
2024-07-09 11:00:00,WLS_MNK_15,SENS_WLS_MNK_15,178.0,0.38,Red Alert - Inundated,92
2024-07-09 12:00:00,WLS_HND_01,SENS_WLS_HND_01,82.1,0.99,Red Alert - Inundated,97
2024-07-09 12:00:00,WLS_GND_02,SENS_WLS_GND_02,75.8,1.3,Red Alert - Inundated,92
2024-07-09 12:00:00,WLS_MLN_03,SENS_WLS_MLN_03,108.3,0.88,Red Alert - Inundated,88
2024-07-09 12:00:00,WLS_AND_04,SENS_WLS_AND_04,123.0,1.25,Red Alert - Inundated,95
2024-07-09 12:00:00,WLS_KHR_05,SENS_WLS_KHR_05,97.7,0.98,Red Alert - Inundated,99
2024-07-09 12:00:00,WLS_KRL_06,SENS_WLS_KRL_06,65.1,0.59,Red Alert - Inundated,93
2024-07-09 12:00:00,WLS_SIO_07,SENS_WLS_SIO_07,71.5,0.63,Red Alert - Inundated,97
2024-07-09 12:00:00,WLS_DDR_08,SENS_WLS_DDR_08,48.5,1.2,Red Alert - Inundated,100
2024-07-09 12:00:00,WLS_CHM_09,SENS_WLS_CHM_09,39.5,0.53,Amber Alert - Waterlogging,98
2024-07-09 12:00:00,WLS_MLD_10,SENS_WLS_MLD_10,100.5,0.14,Red Alert - Inundated,96
2024-07-09 12:00:00,WLS_DHS_11,SENS_WLS_DHS_11,93.0,1.15,Red Alert - Inundated,100
2024-07-09 12:00:00,WLS_CHN_12,SENS_WLS_CHN_12,76.0,0.52,Red Alert - Inundated,91
2024-07-09 12:00:00,WLS_WRL_13,SENS_WLS_WRL_13,35.9,1.27,Amber Alert - Waterlogging,94
2024-07-09 12:00:00,WLS_BYC_14,SENS_WLS_BYC_14,60.4,1.32,Red Alert - Inundated,97
2024-07-09 12:00:00,WLS_MNK_15,SENS_WLS_MNK_15,81.8,0.7,Red Alert - Inundated,91
2024-07-09 13:00:00,WLS_HND_01,SENS_WLS_HND_01,156.4,0.29,Red Alert - Inundated,97
2024-07-09 13:00:00,WLS_GND_02,SENS_WLS_GND_02,142.7,0.3,Red Alert - Inundated,95
2024-07-09 13:00:00,WLS_MLN_03,SENS_WLS_MLN_03,216.6,0.3,Red Alert - Inundated,92
2024-07-09 13:00:00,WLS_AND_04,SENS_WLS_AND_04,229.5,0.33,Red Alert - Inundated,90
2024-07-09 13:00:00,WLS_KHR_05,SENS_WLS_KHR_05,195.4,0.58,Red Alert - Inundated,90
2024-07-09 13:00:00,WLS_KRL_06,SENS_WLS_KRL_06,127.2,0.3,Red Alert - Inundated,98
2024-07-09 13:00:00,WLS_SIO_07,SENS_WLS_SIO_07,140.9,1.05,Red Alert - Inundated,99
2024-07-09 13:00:00,WLS_DDR_08,SENS_WLS_DDR_08,96.7,0.89,Red Alert - Inundated,96
2024-07-09 13:00:00,WLS_CHM_09,SENS_WLS_CHM_09,81.8,0.55,Red Alert - Inundated,99
2024-07-09 13:00:00,WLS_MLD_10,SENS_WLS_MLD_10,186.1,1.14,Red Alert - Inundated,97
2024-07-09 13:00:00,WLS_DHS_11,SENS_WLS_DHS_11,173.2,1.02,Red Alert - Inundated,92
2024-07-09 13:00:00,WLS_CHN_12,SENS_WLS_CHN_12,145.5,0.34,Red Alert - Inundated,92
2024-07-09 13:00:00,WLS_WRL_13,SENS_WLS_WRL_13,66.2,0.44,Red Alert - Inundated,97
2024-07-09 13:00:00,WLS_BYC_14,SENS_WLS_BYC_14,114.5,0.93,Red Alert - Inundated,91
2024-07-09 13:00:00,WLS_MNK_15,SENS_WLS_MNK_15,163.4,0.19,Red Alert - Inundated,91
2024-07-09 14:00:00,WLS_HND_01,SENS_WLS_HND_01,183.8,1.3,Red Alert - Inundated,96
2024-07-09 14:00:00,WLS_GND_02,SENS_WLS_GND_02,172.5,0.34,Red Alert - Inundated,94
2024-07-09 14:00:00,WLS_MLN_03,SENS_WLS_MLN_03,252.9,0.36,Red Alert - Inundated,94
2024-07-09 14:00:00,WLS_AND_04,SENS_WLS_AND_04,261.5,0.58,Red Alert - Inundated,89
2024-07-09 14:00:00,WLS_KHR_05,SENS_WLS_KHR_05,227.3,1.25,Red Alert - Inundated,92
2024-07-09 14:00:00,WLS_KRL_06,SENS_WLS_KRL_06,153.3,0.21,Red Alert - Inundated,99
2024-07-09 14:00:00,WLS_SIO_07,SENS_WLS_SIO_07,166.7,1.3,Red Alert - Inundated,96
2024-07-09 14:00:00,WLS_DDR_08,SENS_WLS_DDR_08,115.5,0.35,Red Alert - Inundated,99
2024-07-09 14:00:00,WLS_CHM_09,SENS_WLS_CHM_09,92.5,0.14,Red Alert - Inundated,94
2024-07-09 14:00:00,WLS_MLD_10,SENS_WLS_MLD_10,216.6,0.83,Red Alert - Inundated,100
2024-07-09 14:00:00,WLS_DHS_11,SENS_WLS_DHS_11,209.6,0.45,Red Alert - Inundated,93
2024-07-09 14:00:00,WLS_CHN_12,SENS_WLS_CHN_12,176.5,0.66,Red Alert - Inundated,96
2024-07-09 14:00:00,WLS_WRL_13,SENS_WLS_WRL_13,80.2,1.03,Red Alert - Inundated,91
2024-07-09 14:00:00,WLS_BYC_14,SENS_WLS_BYC_14,144.3,0.89,Red Alert - Inundated,99
2024-07-09 14:00:00,WLS_MNK_15,SENS_WLS_MNK_15,194.7,0.78,Red Alert - Inundated,99
2024-07-09 15:00:00,WLS_HND_01,SENS_WLS_HND_01,143.6,1.0,Red Alert - Inundated,94
2024-07-09 15:00:00,WLS_GND_02,SENS_WLS_GND_02,140.5,0.36,Red Alert - Inundated,95
2024-07-09 15:00:00,WLS_MLN_03,SENS_WLS_MLN_03,207.8,1.13,Red Alert - Inundated,94
2024-07-09 15:00:00,WLS_AND_04,SENS_WLS_AND_04,208.8,0.3,Red Alert - Inundated,90
2024-07-09 15:00:00,WLS_KHR_05,SENS_WLS_KHR_05,187.2,0.58,Red Alert - Inundated,95
2024-07-09 15:00:00,WLS_KRL_06,SENS_WLS_KRL_06,117.4,0.36,Red Alert - Inundated,88
2024-07-09 15:00:00,WLS_SIO_07,SENS_WLS_SIO_07,126.5,1.29,Red Alert - Inundated,90
2024-07-09 15:00:00,WLS_DDR_08,SENS_WLS_DDR_08,94.5,0.34,Red Alert - Inundated,88
2024-07-09 15:00:00,WLS_CHM_09,SENS_WLS_CHM_09,68.6,1.12,Red Alert - Inundated,89
2024-07-09 15:00:00,WLS_MLD_10,SENS_WLS_MLD_10,179.9,0.75,Red Alert - Inundated,100
2024-07-09 15:00:00,WLS_DHS_11,SENS_WLS_DHS_11,162.1,1.01,Red Alert - Inundated,100
2024-07-09 15:00:00,WLS_CHN_12,SENS_WLS_CHN_12,134.0,1.25,Red Alert - Inundated,96
2024-07-09 15:00:00,WLS_WRL_13,SENS_WLS_WRL_13,68.3,0.46,Red Alert - Inundated,91
2024-07-09 15:00:00,WLS_BYC_14,SENS_WLS_BYC_14,107.8,0.14,Red Alert - Inundated,99
2024-07-09 15:00:00,WLS_MNK_15,SENS_WLS_MNK_15,153.5,0.42,Red Alert - Inundated,97
2024-07-09 16:00:00,WLS_HND_01,SENS_WLS_HND_01,94.5,0.58,Red Alert - Inundated,88
2024-07-09 16:00:00,WLS_GND_02,SENS_WLS_GND_02,95.3,0.95,Red Alert - Inundated,100
2024-07-09 16:00:00,WLS_MLN_03,SENS_WLS_MLN_03,140.2,0.25,Red Alert - Inundated,100
2024-07-09 16:00:00,WLS_AND_04,SENS_WLS_AND_04,139.3,0.4,Red Alert - Inundated,88
2024-07-09 16:00:00,WLS_KHR_05,SENS_WLS_KHR_05,125.7,0.92,Red Alert - Inundated,99
2024-07-09 16:00:00,WLS_KRL_06,SENS_WLS_KRL_06,78.4,1.13,Red Alert - Inundated,89
2024-07-09 16:00:00,WLS_SIO_07,SENS_WLS_SIO_07,82.6,1.21,Red Alert - Inundated,91
2024-07-09 16:00:00,WLS_DDR_08,SENS_WLS_DDR_08,54.8,0.52,Red Alert - Inundated,88
2024-07-09 16:00:00,WLS_CHM_09,SENS_WLS_CHM_09,43.8,1.33,Amber Alert - Waterlogging,95
2024-07-09 16:00:00,WLS_MLD_10,SENS_WLS_MLD_10,115.5,0.11,Red Alert - Inundated,93
2024-07-09 16:00:00,WLS_DHS_11,SENS_WLS_DHS_11,109.8,0.55,Red Alert - Inundated,90
2024-07-09 16:00:00,WLS_CHN_12,SENS_WLS_CHN_12,91.0,0.33,Red Alert - Inundated,88
2024-07-09 16:00:00,WLS_WRL_13,SENS_WLS_WRL_13,43.8,0.29,Amber Alert - Waterlogging,91
2024-07-09 16:00:00,WLS_BYC_14,SENS_WLS_BYC_14,76.4,0.34,Red Alert - Inundated,95
2024-07-09 16:00:00,WLS_MNK_15,SENS_WLS_MNK_15,103.6,1.19,Red Alert - Inundated,90
2024-07-09 17:00:00,WLS_HND_01,SENS_WLS_HND_01,180.7,0.59,Red Alert - Inundated,92
2024-07-09 17:00:00,WLS_GND_02,SENS_WLS_GND_02,169.2,0.47,Red Alert - Inundated,91
2024-07-09 17:00:00,WLS_MLN_03,SENS_WLS_MLN_03,243.6,1.14,Red Alert - Inundated,100
2024-07-09 17:00:00,WLS_AND_04,SENS_WLS_AND_04,257.7,1.14,Red Alert - Inundated,100
2024-07-09 17:00:00,WLS_KHR_05,SENS_WLS_KHR_05,217.9,1.15,Red Alert - Inundated,98
2024-07-09 17:00:00,WLS_KRL_06,SENS_WLS_KRL_06,142.3,0.18,Red Alert - Inundated,94
2024-07-09 17:00:00,WLS_SIO_07,SENS_WLS_SIO_07,160.9,0.96,Red Alert - Inundated,92
2024-07-09 17:00:00,WLS_DDR_08,SENS_WLS_DDR_08,110.1,0.16,Red Alert - Inundated,98
2024-07-09 17:00:00,WLS_CHM_09,SENS_WLS_CHM_09,91.0,1.03,Red Alert - Inundated,89
2024-07-09 17:00:00,WLS_MLD_10,SENS_WLS_MLD_10,213.6,0.5,Red Alert - Inundated,93
2024-07-09 17:00:00,WLS_DHS_11,SENS_WLS_DHS_11,200.7,0.74,Red Alert - Inundated,97
2024-07-09 17:00:00,WLS_CHN_12,SENS_WLS_CHN_12,172.0,0.67,Red Alert - Inundated,100
2024-07-09 17:00:00,WLS_WRL_13,SENS_WLS_WRL_13,78.7,0.94,Red Alert - Inundated,96
2024-07-09 17:00:00,WLS_BYC_14,SENS_WLS_BYC_14,136.8,0.98,Red Alert - Inundated,92
2024-07-09 17:00:00,WLS_MNK_15,SENS_WLS_MNK_15,191.7,1.35,Red Alert - Inundated,97
2024-07-09 18:00:00,WLS_HND_01,SENS_WLS_HND_01,91.1,0.86,Red Alert - Inundated,94
2024-07-09 18:00:00,WLS_GND_02,SENS_WLS_GND_02,84.3,0.95,Red Alert - Inundated,92
2024-07-09 18:00:00,WLS_MLN_03,SENS_WLS_MLN_03,124.0,1.19,Red Alert - Inundated,100
2024-07-09 18:00:00,WLS_AND_04,SENS_WLS_AND_04,128.2,0.24,Red Alert - Inundated,100
2024-07-09 18:00:00,WLS_KHR_05,SENS_WLS_KHR_05,111.3,1.35,Red Alert - Inundated,98
2024-07-09 18:00:00,WLS_KRL_06,SENS_WLS_KRL_06,74.9,0.14,Red Alert - Inundated,99
2024-07-09 18:00:00,WLS_SIO_07,SENS_WLS_SIO_07,81.2,1.08,Red Alert - Inundated,97
2024-07-09 18:00:00,WLS_DDR_08,SENS_WLS_DDR_08,59.0,0.67,Red Alert - Inundated,96
2024-07-09 18:00:00,WLS_CHM_09,SENS_WLS_CHM_09,38.5,0.89,Amber Alert - Waterlogging,90
2024-07-09 18:00:00,WLS_MLD_10,SENS_WLS_MLD_10,105.9,1.33,Red Alert - Inundated,92
2024-07-09 18:00:00,WLS_DHS_11,SENS_WLS_DHS_11,100.4,0.21,Red Alert - Inundated,91
2024-07-09 18:00:00,WLS_CHN_12,SENS_WLS_CHN_12,81.1,0.38,Red Alert - Inundated,89
2024-07-09 18:00:00,WLS_WRL_13,SENS_WLS_WRL_13,37.3,1.04,Amber Alert - Waterlogging,96
2024-07-09 18:00:00,WLS_BYC_14,SENS_WLS_BYC_14,67.5,0.3,Red Alert - Inundated,98
2024-07-09 18:00:00,WLS_MNK_15,SENS_WLS_MNK_15,97.9,0.18,Red Alert - Inundated,91
2024-07-09 19:00:00,WLS_HND_01,SENS_WLS_HND_01,114.3,0.18,Red Alert - Inundated,93
2024-07-09 19:00:00,WLS_GND_02,SENS_WLS_GND_02,103.7,0.84,Red Alert - Inundated,96
2024-07-09 19:00:00,WLS_MLN_03,SENS_WLS_MLN_03,155.9,0.38,Red Alert - Inundated,95
2024-07-09 19:00:00,WLS_AND_04,SENS_WLS_AND_04,162.8,0.56,Red Alert - Inundated,92
2024-07-09 19:00:00,WLS_KHR_05,SENS_WLS_KHR_05,140.3,1.32,Red Alert - Inundated,91
2024-07-09 19:00:00,WLS_KRL_06,SENS_WLS_KRL_06,92.9,0.62,Red Alert - Inundated,91
2024-07-09 19:00:00,WLS_SIO_07,SENS_WLS_SIO_07,93.5,0.72,Red Alert - Inundated,97
2024-07-09 19:00:00,WLS_DDR_08,SENS_WLS_DDR_08,72.1,0.13,Red Alert - Inundated,100
2024-07-09 19:00:00,WLS_CHM_09,SENS_WLS_CHM_09,50.6,1.2,Red Alert - Inundated,93
2024-07-09 19:00:00,WLS_MLD_10,SENS_WLS_MLD_10,136.8,0.94,Red Alert - Inundated,89
2024-07-09 19:00:00,WLS_DHS_11,SENS_WLS_DHS_11,128.6,0.44,Red Alert - Inundated,94
2024-07-09 19:00:00,WLS_CHN_12,SENS_WLS_CHN_12,103.2,0.75,Red Alert - Inundated,92
2024-07-09 19:00:00,WLS_WRL_13,SENS_WLS_WRL_13,43.9,1.27,Amber Alert - Waterlogging,99
2024-07-09 19:00:00,WLS_BYC_14,SENS_WLS_BYC_14,83.0,0.81,Red Alert - Inundated,89
2024-07-09 19:00:00,WLS_MNK_15,SENS_WLS_MNK_15,121.4,1.01,Red Alert - Inundated,88
2024-07-09 20:00:00,WLS_HND_01,SENS_WLS_HND_01,111.0,0.3,Red Alert - Inundated,91
2024-07-09 20:00:00,WLS_GND_02,SENS_WLS_GND_02,100.2,0.54,Red Alert - Inundated,89
2024-07-09 20:00:00,WLS_MLN_03,SENS_WLS_MLN_03,151.6,0.87,Red Alert - Inundated,89
2024-07-09 20:00:00,WLS_AND_04,SENS_WLS_AND_04,155.7,1.23,Red Alert - Inundated,92
2024-07-09 20:00:00,WLS_KHR_05,SENS_WLS_KHR_05,137.1,0.66,Red Alert - Inundated,99
2024-07-09 20:00:00,WLS_KRL_06,SENS_WLS_KRL_06,88.0,1.18,Red Alert - Inundated,90
2024-07-09 20:00:00,WLS_SIO_07,SENS_WLS_SIO_07,98.2,0.53,Red Alert - Inundated,90
2024-07-09 20:00:00,WLS_DDR_08,SENS_WLS_DDR_08,61.4,0.25,Red Alert - Inundated,92
2024-07-09 20:00:00,WLS_CHM_09,SENS_WLS_CHM_09,55.4,1.06,Red Alert - Inundated,89
2024-07-09 20:00:00,WLS_MLD_10,SENS_WLS_MLD_10,124.3,0.31,Red Alert - Inundated,96
2024-07-09 20:00:00,WLS_DHS_11,SENS_WLS_DHS_11,125.0,0.21,Red Alert - Inundated,95
2024-07-09 20:00:00,WLS_CHN_12,SENS_WLS_CHN_12,96.5,0.13,Red Alert - Inundated,100
2024-07-09 20:00:00,WLS_WRL_13,SENS_WLS_WRL_13,46.8,0.5,Red Alert - Inundated,97
2024-07-09 20:00:00,WLS_BYC_14,SENS_WLS_BYC_14,82.6,0.67,Red Alert - Inundated,89
2024-07-09 20:00:00,WLS_MNK_15,SENS_WLS_MNK_15,116.2,0.14,Red Alert - Inundated,97
2024-07-09 21:00:00,WLS_HND_01,SENS_WLS_HND_01,85.8,1.33,Red Alert - Inundated,95
2024-07-09 21:00:00,WLS_GND_02,SENS_WLS_GND_02,74.1,0.56,Red Alert - Inundated,92
2024-07-09 21:00:00,WLS_MLN_03,SENS_WLS_MLN_03,118.8,1.08,Red Alert - Inundated,100
2024-07-09 21:00:00,WLS_AND_04,SENS_WLS_AND_04,119.1,1.09,Red Alert - Inundated,88
2024-07-09 21:00:00,WLS_KHR_05,SENS_WLS_KHR_05,104.4,0.13,Red Alert - Inundated,97
2024-07-09 21:00:00,WLS_KRL_06,SENS_WLS_KRL_06,65.0,0.36,Red Alert - Inundated,98
2024-07-09 21:00:00,WLS_SIO_07,SENS_WLS_SIO_07,69.6,0.36,Red Alert - Inundated,93
2024-07-09 21:00:00,WLS_DDR_08,SENS_WLS_DDR_08,47.1,0.73,Red Alert - Inundated,100
2024-07-09 21:00:00,WLS_CHM_09,SENS_WLS_CHM_09,41.7,0.91,Amber Alert - Waterlogging,90
2024-07-09 21:00:00,WLS_MLD_10,SENS_WLS_MLD_10,97.7,1.27,Red Alert - Inundated,93
2024-07-09 21:00:00,WLS_DHS_11,SENS_WLS_DHS_11,93.4,0.75,Red Alert - Inundated,97
2024-07-09 21:00:00,WLS_CHN_12,SENS_WLS_CHN_12,76.2,0.55,Red Alert - Inundated,97
2024-07-09 21:00:00,WLS_WRL_13,SENS_WLS_WRL_13,29.8,0.26,Amber Alert - Waterlogging,100
2024-07-09 21:00:00,WLS_BYC_14,SENS_WLS_BYC_14,56.7,0.85,Red Alert - Inundated,92
2024-07-09 21:00:00,WLS_MNK_15,SENS_WLS_MNK_15,87.6,0.89,Red Alert - Inundated,91
2024-07-09 22:00:00,WLS_HND_01,SENS_WLS_HND_01,70.4,0.82,Red Alert - Inundated,100
2024-07-09 22:00:00,WLS_GND_02,SENS_WLS_GND_02,64.2,1.19,Red Alert - Inundated,92
2024-07-09 22:00:00,WLS_MLN_03,SENS_WLS_MLN_03,94.9,0.33,Red Alert - Inundated,88
2024-07-09 22:00:00,WLS_AND_04,SENS_WLS_AND_04,102.5,0.24,Red Alert - Inundated,94
2024-07-09 22:00:00,WLS_KHR_05,SENS_WLS_KHR_05,90.3,0.17,Red Alert - Inundated,94
2024-07-09 22:00:00,WLS_KRL_06,SENS_WLS_KRL_06,54.5,1.38,Red Alert - Inundated,94
2024-07-09 22:00:00,WLS_SIO_07,SENS_WLS_SIO_07,62.5,0.55,Red Alert - Inundated,91
2024-07-09 22:00:00,WLS_DDR_08,SENS_WLS_DDR_08,41.8,1.08,Amber Alert - Waterlogging,96
2024-07-09 22:00:00,WLS_CHM_09,SENS_WLS_CHM_09,27.2,0.19,Amber Alert - Waterlogging,89
2024-07-09 22:00:00,WLS_MLD_10,SENS_WLS_MLD_10,85.8,1.35,Red Alert - Inundated,100
2024-07-09 22:00:00,WLS_DHS_11,SENS_WLS_DHS_11,81.1,0.22,Red Alert - Inundated,94
2024-07-09 22:00:00,WLS_CHN_12,SENS_WLS_CHN_12,67.9,1.37,Red Alert - Inundated,95
2024-07-09 22:00:00,WLS_WRL_13,SENS_WLS_WRL_13,30.3,0.13,Amber Alert - Waterlogging,100
2024-07-09 22:00:00,WLS_BYC_14,SENS_WLS_BYC_14,50.6,1.1,Red Alert - Inundated,99
2024-07-09 22:00:00,WLS_MNK_15,SENS_WLS_MNK_15,71.5,1.21,Red Alert - Inundated,89
2024-07-09 23:00:00,WLS_HND_01,SENS_WLS_HND_01,122.0,1.29,Red Alert - Inundated,90
2024-07-09 23:00:00,WLS_GND_02,SENS_WLS_GND_02,105.7,0.59,Red Alert - Inundated,93
2024-07-09 23:00:00,WLS_MLN_03,SENS_WLS_MLN_03,164.1,0.36,Red Alert - Inundated,93
2024-07-09 23:00:00,WLS_AND_04,SENS_WLS_AND_04,166.1,0.77,Red Alert - Inundated,89
2024-07-09 23:00:00,WLS_KHR_05,SENS_WLS_KHR_05,152.3,0.39,Red Alert - Inundated,93
2024-07-09 23:00:00,WLS_KRL_06,SENS_WLS_KRL_06,97.1,0.35,Red Alert - Inundated,88
2024-07-09 23:00:00,WLS_SIO_07,SENS_WLS_SIO_07,105.8,0.42,Red Alert - Inundated,90
2024-07-09 23:00:00,WLS_DDR_08,SENS_WLS_DDR_08,75.4,1.05,Red Alert - Inundated,100
2024-07-09 23:00:00,WLS_CHM_09,SENS_WLS_CHM_09,53.9,0.57,Red Alert - Inundated,92
2024-07-09 23:00:00,WLS_MLD_10,SENS_WLS_MLD_10,139.3,0.12,Red Alert - Inundated,100
2024-07-09 23:00:00,WLS_DHS_11,SENS_WLS_DHS_11,136.3,0.65,Red Alert - Inundated,96
2024-07-09 23:00:00,WLS_CHN_12,SENS_WLS_CHN_12,110.1,1.07,Red Alert - Inundated,99
2024-07-09 23:00:00,WLS_WRL_13,SENS_WLS_WRL_13,48.8,0.67,Red Alert - Inundated,97
2024-07-09 23:00:00,WLS_BYC_14,SENS_WLS_BYC_14,87.2,0.75,Red Alert - Inundated,89
2024-07-09 23:00:00,WLS_MNK_15,SENS_WLS_MNK_15,125.4,0.19,Red Alert - Inundated,89
2024-07-10 00:00:00,WLS_HND_01,SENS_WLS_HND_01,1.5,0.0,Green - Normal,88
2024-07-10 00:00:00,WLS_GND_02,SENS_WLS_GND_02,0.0,0.0,Green - Normal,93
2024-07-10 00:00:00,WLS_MLN_03,SENS_WLS_MLN_03,5.2,0.16,Green - Normal,89
2024-07-10 00:00:00,WLS_AND_04,SENS_WLS_AND_04,6.0,0.95,Green - Normal,88
2024-07-10 00:00:00,WLS_KHR_05,SENS_WLS_KHR_05,0.0,0.0,Green - Normal,88
2024-07-10 00:00:00,WLS_KRL_06,SENS_WLS_KRL_06,1.4,0.0,Green - Normal,92
2024-07-10 00:00:00,WLS_SIO_07,SENS_WLS_SIO_07,0.0,0.0,Green - Normal,99
2024-07-10 00:00:00,WLS_DDR_08,SENS_WLS_DDR_08,0.0,0.0,Green - Normal,95
2024-07-10 00:00:00,WLS_CHM_09,SENS_WLS_CHM_09,0.0,0.0,Green - Normal,93
2024-07-10 00:00:00,WLS_MLD_10,SENS_WLS_MLD_10,1.5,0.0,Green - Normal,96
2024-07-10 00:00:00,WLS_DHS_11,SENS_WLS_DHS_11,2.6,0.0,Green - Normal,96
2024-07-10 00:00:00,WLS_CHN_12,SENS_WLS_CHN_12,0.0,0.0,Green - Normal,94
2024-07-10 00:00:00,WLS_WRL_13,SENS_WLS_WRL_13,0.0,0.0,Green - Normal,94
2024-07-10 00:00:00,WLS_BYC_14,SENS_WLS_BYC_14,0.0,0.0,Green - Normal,90
2024-07-10 00:00:00,WLS_MNK_15,SENS_WLS_MNK_15,0.0,0.0,Green - Normal,88
2024-07-10 01:00:00,WLS_HND_01,SENS_WLS_HND_01,0.0,0.0,Green - Normal,95
2024-07-10 01:00:00,WLS_GND_02,SENS_WLS_GND_02,0.0,0.0,Green - Normal,92
2024-07-10 01:00:00,WLS_MLN_03,SENS_WLS_MLN_03,0.0,0.0,Green - Normal,88
2024-07-10 01:00:00,WLS_AND_04,SENS_WLS_AND_04,0.0,0.0,Green - Normal,90
2024-07-10 01:00:00,WLS_KHR_05,SENS_WLS_KHR_05,0.0,0.0,Green - Normal,94
2024-07-10 01:00:00,WLS_KRL_06,SENS_WLS_KRL_06,0.0,0.0,Green - Normal,95
2024-07-10 01:00:00,WLS_SIO_07,SENS_WLS_SIO_07,0.0,0.0,Green - Normal,99
2024-07-10 01:00:00,WLS_DDR_08,SENS_WLS_DDR_08,0.0,0.0,Green - Normal,95
2024-07-10 01:00:00,WLS_CHM_09,SENS_WLS_CHM_09,0.0,0.0,Green - Normal,90
2024-07-10 01:00:00,WLS_MLD_10,SENS_WLS_MLD_10,0.0,0.0,Green - Normal,89
2024-07-10 01:00:00,WLS_DHS_11,SENS_WLS_DHS_11,0.0,0.0,Green - Normal,99
2024-07-10 01:00:00,WLS_CHN_12,SENS_WLS_CHN_12,0.0,0.0,Green - Normal,90
2024-07-10 01:00:00,WLS_WRL_13,SENS_WLS_WRL_13,0.0,0.0,Green - Normal,89
2024-07-10 01:00:00,WLS_BYC_14,SENS_WLS_BYC_14,0.0,0.0,Green - Normal,95
2024-07-10 01:00:00,WLS_MNK_15,SENS_WLS_MNK_15,0.0,0.0,Green - Normal,99
2024-07-10 02:00:00,WLS_HND_01,SENS_WLS_HND_01,0.3,0.0,Green - Normal,100
2024-07-10 02:00:00,WLS_GND_02,SENS_WLS_GND_02,0.3,0.0,Green - Normal,98
2024-07-10 02:00:00,WLS_MLN_03,SENS_WLS_MLN_03,1.4,0.0,Green - Normal,92
2024-07-10 02:00:00,WLS_AND_04,SENS_WLS_AND_04,4.2,0.0,Green - Normal,94
2024-07-10 02:00:00,WLS_KHR_05,SENS_WLS_KHR_05,5.8,1.11,Green - Normal,94
2024-07-10 02:00:00,WLS_KRL_06,SENS_WLS_KRL_06,1.8,0.0,Green - Normal,93
2024-07-10 02:00:00,WLS_SIO_07,SENS_WLS_SIO_07,0.0,0.0,Green - Normal,94
2024-07-10 02:00:00,WLS_DDR_08,SENS_WLS_DDR_08,0.0,0.0,Green - Normal,92
2024-07-10 02:00:00,WLS_CHM_09,SENS_WLS_CHM_09,0.0,0.0,Green - Normal,97
2024-07-10 02:00:00,WLS_MLD_10,SENS_WLS_MLD_10,0.0,0.0,Green - Normal,90
2024-07-10 02:00:00,WLS_DHS_11,SENS_WLS_DHS_11,3.8,0.0,Green - Normal,97
2024-07-10 02:00:00,WLS_CHN_12,SENS_WLS_CHN_12,2.5,0.0,Green - Normal,89
2024-07-10 02:00:00,WLS_WRL_13,SENS_WLS_WRL_13,0.0,0.0,Green - Normal,92
2024-07-10 02:00:00,WLS_BYC_14,SENS_WLS_BYC_14,1.7,0.0,Green - Normal,96
2024-07-10 02:00:00,WLS_MNK_15,SENS_WLS_MNK_15,0.0,0.0,Green - Normal,100
2024-07-10 03:00:00,WLS_HND_01,SENS_WLS_HND_01,0.0,0.0,Green - Normal,90
2024-07-10 03:00:00,WLS_GND_02,SENS_WLS_GND_02,0.0,0.0,Green - Normal,98
2024-07-10 03:00:00,WLS_MLN_03,SENS_WLS_MLN_03,0.0,0.0,Green - Normal,89
2024-07-10 03:00:00,WLS_AND_04,SENS_WLS_AND_04,0.0,0.0,Green - Normal,100
2024-07-10 03:00:00,WLS_KHR_05,SENS_WLS_KHR_05,0.0,0.0,Green - Normal,90
2024-07-10 03:00:00,WLS_KRL_06,SENS_WLS_KRL_06,0.0,0.0,Green - Normal,88
2024-07-10 03:00:00,WLS_SIO_07,SENS_WLS_SIO_07,0.0,0.0,Green - Normal,95
2024-07-10 03:00:00,WLS_DDR_08,SENS_WLS_DDR_08,0.0,0.0,Green - Normal,100
2024-07-10 03:00:00,WLS_CHM_09,SENS_WLS_CHM_09,0.0,0.0,Green - Normal,94
2024-07-10 03:00:00,WLS_MLD_10,SENS_WLS_MLD_10,0.0,0.0,Green - Normal,97
2024-07-10 03:00:00,WLS_DHS_11,SENS_WLS_DHS_11,0.0,0.0,Green - Normal,100
2024-07-10 03:00:00,WLS_CHN_12,SENS_WLS_CHN_12,0.0,0.0,Green - Normal,94
2024-07-10 03:00:00,WLS_WRL_13,SENS_WLS_WRL_13,0.0,0.0,Green - Normal,96
2024-07-10 03:00:00,WLS_BYC_14,SENS_WLS_BYC_14,0.0,0.0,Green - Normal,95
2024-07-10 03:00:00,WLS_MNK_15,SENS_WLS_MNK_15,0.0,0.0,Green - Normal,94
2024-07-10 04:00:00,WLS_HND_01,SENS_WLS_HND_01,0.0,0.0,Green - Normal,89
2024-07-10 04:00:00,WLS_GND_02,SENS_WLS_GND_02,0.0,0.0,Green - Normal,97
2024-07-10 04:00:00,WLS_MLN_03,SENS_WLS_MLN_03,0.0,0.0,Green - Normal,99
2024-07-10 04:00:00,WLS_AND_04,SENS_WLS_AND_04,0.0,0.0,Green - Normal,97
2024-07-10 04:00:00,WLS_KHR_05,SENS_WLS_KHR_05,0.0,0.0,Green - Normal,88
2024-07-10 04:00:00,WLS_KRL_06,SENS_WLS_KRL_06,0.0,0.0,Green - Normal,90
2024-07-10 04:00:00,WLS_SIO_07,SENS_WLS_SIO_07,0.0,0.0,Green - Normal,88
2024-07-10 04:00:00,WLS_DDR_08,SENS_WLS_DDR_08,0.0,0.0,Green - Normal,91
2024-07-10 04:00:00,WLS_CHM_09,SENS_WLS_CHM_09,0.0,0.0,Green - Normal,93
2024-07-10 04:00:00,WLS_MLD_10,SENS_WLS_MLD_10,0.0,0.0,Green - Normal,96
2024-07-10 04:00:00,WLS_DHS_11,SENS_WLS_DHS_11,0.0,0.0,Green - Normal,92
2024-07-10 04:00:00,WLS_CHN_12,SENS_WLS_CHN_12,0.0,0.0,Green - Normal,99
2024-07-10 04:00:00,WLS_WRL_13,SENS_WLS_WRL_13,0.0,0.0,Green - Normal,91
2024-07-10 04:00:00,WLS_BYC_14,SENS_WLS_BYC_14,0.0,0.0,Green - Normal,100
2024-07-10 04:00:00,WLS_MNK_15,SENS_WLS_MNK_15,0.0,0.0,Green - Normal,93
2024-07-10 05:00:00,WLS_HND_01,SENS_WLS_HND_01,0.0,0.0,Green - Normal,91
2024-07-10 05:00:00,WLS_GND_02,SENS_WLS_GND_02,0.0,0.0,Green - Normal,94
2024-07-10 05:00:00,WLS_MLN_03,SENS_WLS_MLN_03,0.0,0.0,Green - Normal,94
2024-07-10 05:00:00,WLS_AND_04,SENS_WLS_AND_04,0.0,0.0,Green - Normal,90
2024-07-10 05:00:00,WLS_KHR_05,SENS_WLS_KHR_05,0.0,0.0,Green - Normal,97
2024-07-10 05:00:00,WLS_KRL_06,SENS_WLS_KRL_06,0.0,0.0,Green - Normal,90
2024-07-10 05:00:00,WLS_SIO_07,SENS_WLS_SIO_07,0.0,0.0,Green - Normal,98
2024-07-10 05:00:00,WLS_DDR_08,SENS_WLS_DDR_08,0.0,0.0,Green - Normal,95
2024-07-10 05:00:00,WLS_CHM_09,SENS_WLS_CHM_09,0.0,0.0,Green - Normal,89
2024-07-10 05:00:00,WLS_MLD_10,SENS_WLS_MLD_10,0.0,0.0,Green - Normal,97
2024-07-10 05:00:00,WLS_DHS_11,SENS_WLS_DHS_11,0.0,0.0,Green - Normal,92
2024-07-10 05:00:00,WLS_CHN_12,SENS_WLS_CHN_12,0.0,0.0,Green - Normal,91
2024-07-10 05:00:00,WLS_WRL_13,SENS_WLS_WRL_13,0.0,0.0,Green - Normal,90
2024-07-10 05:00:00,WLS_BYC_14,SENS_WLS_BYC_14,0.0,0.0,Green - Normal,94
2024-07-10 05:00:00,WLS_MNK_15,SENS_WLS_MNK_15,0.0,0.0,Green - Normal,91
2024-07-10 06:00:00,WLS_HND_01,SENS_WLS_HND_01,0.0,0.0,Green - Normal,93
2024-07-10 06:00:00,WLS_GND_02,SENS_WLS_GND_02,0.0,0.0,Green - Normal,96
2024-07-10 06:00:00,WLS_MLN_03,SENS_WLS_MLN_03,0.0,0.0,Green - Normal,100
2024-07-10 06:00:00,WLS_AND_04,SENS_WLS_AND_04,0.0,0.0,Green - Normal,92
2024-07-10 06:00:00,WLS_KHR_05,SENS_WLS_KHR_05,0.0,0.0,Green - Normal,88
2024-07-10 06:00:00,WLS_KRL_06,SENS_WLS_KRL_06,0.0,0.0,Green - Normal,97
2024-07-10 06:00:00,WLS_SIO_07,SENS_WLS_SIO_07,0.0,0.0,Green - Normal,90
2024-07-10 06:00:00,WLS_DDR_08,SENS_WLS_DDR_08,0.0,0.0,Green - Normal,91
2024-07-10 06:00:00,WLS_CHM_09,SENS_WLS_CHM_09,0.0,0.0,Green - Normal,96
2024-07-10 06:00:00,WLS_MLD_10,SENS_WLS_MLD_10,0.0,0.0,Green - Normal,91
2024-07-10 06:00:00,WLS_DHS_11,SENS_WLS_DHS_11,0.0,0.0,Green - Normal,90
2024-07-10 06:00:00,WLS_CHN_12,SENS_WLS_CHN_12,0.0,0.0,Green - Normal,92
2024-07-10 06:00:00,WLS_WRL_13,SENS_WLS_WRL_13,0.0,0.0,Green - Normal,94
2024-07-10 06:00:00,WLS_BYC_14,SENS_WLS_BYC_14,0.0,0.0,Green - Normal,92
2024-07-10 06:00:00,WLS_MNK_15,SENS_WLS_MNK_15,0.0,0.0,Green - Normal,97
2024-07-10 07:00:00,WLS_HND_01,SENS_WLS_HND_01,0.0,0.0,Green - Normal,95
2024-07-10 07:00:00,WLS_GND_02,SENS_WLS_GND_02,0.0,0.0,Green - Normal,100
2024-07-10 07:00:00,WLS_MLN_03,SENS_WLS_MLN_03,0.0,0.0,Green - Normal,96
2024-07-10 07:00:00,WLS_AND_04,SENS_WLS_AND_04,0.0,0.0,Green - Normal,94
2024-07-10 07:00:00,WLS_KHR_05,SENS_WLS_KHR_05,0.0,0.0,Green - Normal,93
2024-07-10 07:00:00,WLS_KRL_06,SENS_WLS_KRL_06,0.0,0.0,Green - Normal,93
2024-07-10 07:00:00,WLS_SIO_07,SENS_WLS_SIO_07,0.0,0.0,Green - Normal,89
2024-07-10 07:00:00,WLS_DDR_08,SENS_WLS_DDR_08,0.0,0.0,Green - Normal,89
2024-07-10 07:00:00,WLS_CHM_09,SENS_WLS_CHM_09,0.0,0.0,Green - Normal,92
2024-07-10 07:00:00,WLS_MLD_10,SENS_WLS_MLD_10,0.0,0.0,Green - Normal,96
2024-07-10 07:00:00,WLS_DHS_11,SENS_WLS_DHS_11,0.0,0.0,Green - Normal,96
2024-07-10 07:00:00,WLS_CHN_12,SENS_WLS_CHN_12,0.0,0.0,Green - Normal,93
2024-07-10 07:00:00,WLS_WRL_13,SENS_WLS_WRL_13,0.0,0.0,Green - Normal,96
2024-07-10 07:00:00,WLS_BYC_14,SENS_WLS_BYC_14,0.0,0.0,Green - Normal,91
2024-07-10 07:00:00,WLS_MNK_15,SENS_WLS_MNK_15,0.0,0.0,Green - Normal,95
2024-07-10 08:00:00,WLS_HND_01,SENS_WLS_HND_01,24.2,0.13,Amber Alert - Waterlogging,90
2024-07-10 08:00:00,WLS_GND_02,SENS_WLS_GND_02,23.0,0.12,Amber Alert - Waterlogging,89
2024-07-10 08:00:00,WLS_MLN_03,SENS_WLS_MLN_03,29.7,0.61,Amber Alert - Waterlogging,94
2024-07-10 08:00:00,WLS_AND_04,SENS_WLS_AND_04,29.2,0.98,Amber Alert - Waterlogging,97
2024-07-10 08:00:00,WLS_KHR_05,SENS_WLS_KHR_05,26.0,1.18,Amber Alert - Waterlogging,90
2024-07-10 08:00:00,WLS_KRL_06,SENS_WLS_KRL_06,16.5,0.65,Amber Alert - Waterlogging,93
2024-07-10 08:00:00,WLS_SIO_07,SENS_WLS_SIO_07,13.6,0.25,Green - Normal,99
2024-07-10 08:00:00,WLS_DDR_08,SENS_WLS_DDR_08,14.2,0.47,Green - Normal,90
2024-07-10 08:00:00,WLS_CHM_09,SENS_WLS_CHM_09,3.5,0.0,Green - Normal,89
2024-07-10 08:00:00,WLS_MLD_10,SENS_WLS_MLD_10,30.2,0.88,Amber Alert - Waterlogging,91
2024-07-10 08:00:00,WLS_DHS_11,SENS_WLS_DHS_11,20.3,0.38,Amber Alert - Waterlogging,98
2024-07-10 08:00:00,WLS_CHN_12,SENS_WLS_CHN_12,18.5,0.81,Amber Alert - Waterlogging,96
2024-07-10 08:00:00,WLS_WRL_13,SENS_WLS_WRL_13,2.2,0.0,Green - Normal,89
2024-07-10 08:00:00,WLS_BYC_14,SENS_WLS_BYC_14,10.4,1.24,Green - Normal,91
2024-07-10 08:00:00,WLS_MNK_15,SENS_WLS_MNK_15,20.6,1.31,Amber Alert - Waterlogging,89
2024-07-10 09:00:00,WLS_HND_01,SENS_WLS_HND_01,0.0,0.0,Green - Normal,96
2024-07-10 09:00:00,WLS_GND_02,SENS_WLS_GND_02,0.0,0.0,Green - Normal,93
2024-07-10 09:00:00,WLS_MLN_03,SENS_WLS_MLN_03,0.0,0.0,Green - Normal,94
2024-07-10 09:00:00,WLS_AND_04,SENS_WLS_AND_04,0.0,0.0,Green - Normal,96
2024-07-10 09:00:00,WLS_KHR_05,SENS_WLS_KHR_05,0.0,0.0,Green - Normal,99
2024-07-10 09:00:00,WLS_KRL_06,SENS_WLS_KRL_06,0.0,0.0,Green - Normal,100
2024-07-10 09:00:00,WLS_SIO_07,SENS_WLS_SIO_07,0.0,0.0,Green - Normal,98
2024-07-10 09:00:00,WLS_DDR_08,SENS_WLS_DDR_08,0.0,0.0,Green - Normal,99
2024-07-10 09:00:00,WLS_CHM_09,SENS_WLS_CHM_09,0.0,0.0,Green - Normal,97
2024-07-10 09:00:00,WLS_MLD_10,SENS_WLS_MLD_10,0.0,0.0,Green - Normal,93
2024-07-10 09:00:00,WLS_DHS_11,SENS_WLS_DHS_11,0.0,0.0,Green - Normal,100
2024-07-10 09:00:00,WLS_CHN_12,SENS_WLS_CHN_12,0.0,0.0,Green - Normal,93
2024-07-10 09:00:00,WLS_WRL_13,SENS_WLS_WRL_13,0.0,0.0,Green - Normal,96
2024-07-10 09:00:00,WLS_BYC_14,SENS_WLS_BYC_14,0.0,0.0,Green - Normal,94
2024-07-10 09:00:00,WLS_MNK_15,SENS_WLS_MNK_15,0.0,0.0,Green - Normal,92
2024-07-10 10:00:00,WLS_HND_01,SENS_WLS_HND_01,0.0,0.0,Green - Normal,100
2024-07-10 10:00:00,WLS_GND_02,SENS_WLS_GND_02,0.0,0.0,Green - Normal,92
2024-07-10 10:00:00,WLS_MLN_03,SENS_WLS_MLN_03,0.0,0.0,Green - Normal,94
2024-07-10 10:00:00,WLS_AND_04,SENS_WLS_AND_04,0.0,0.0,Green - Normal,100
2024-07-10 10:00:00,WLS_KHR_05,SENS_WLS_KHR_05,0.0,0.0,Green - Normal,98
2024-07-10 10:00:00,WLS_KRL_06,SENS_WLS_KRL_06,0.0,0.0,Green - Normal,98
2024-07-10 10:00:00,WLS_SIO_07,SENS_WLS_SIO_07,0.0,0.0,Green - Normal,95
2024-07-10 10:00:00,WLS_DDR_08,SENS_WLS_DDR_08,0.0,0.0,Green - Normal,89
2024-07-10 10:00:00,WLS_CHM_09,SENS_WLS_CHM_09,0.0,0.0,Green - Normal,93
2024-07-10 10:00:00,WLS_MLD_10,SENS_WLS_MLD_10,0.0,0.0,Green - Normal,95
2024-07-10 10:00:00,WLS_DHS_11,SENS_WLS_DHS_11,0.0,0.0,Green - Normal,94
2024-07-10 10:00:00,WLS_CHN_12,SENS_WLS_CHN_12,0.0,0.0,Green - Normal,94
2024-07-10 10:00:00,WLS_WRL_13,SENS_WLS_WRL_13,0.0,0.0,Green - Normal,88
2024-07-10 10:00:00,WLS_BYC_14,SENS_WLS_BYC_14,0.0,0.0,Green - Normal,98
2024-07-10 10:00:00,WLS_MNK_15,SENS_WLS_MNK_15,0.0,0.0,Green - Normal,93
2024-07-10 11:00:00,WLS_HND_01,SENS_WLS_HND_01,0.0,0.0,Green - Normal,100
2024-07-10 11:00:00,WLS_GND_02,SENS_WLS_GND_02,0.0,0.0,Green - Normal,89
2024-07-10 11:00:00,WLS_MLN_03,SENS_WLS_MLN_03,0.0,0.0,Green - Normal,91
2024-07-10 11:00:00,WLS_AND_04,SENS_WLS_AND_04,0.0,0.0,Green - Normal,92
2024-07-10 11:00:00,WLS_KHR_05,SENS_WLS_KHR_05,0.0,0.0,Green - Normal,98
2024-07-10 11:00:00,WLS_KRL_06,SENS_WLS_KRL_06,0.0,0.0,Green - Normal,91
2024-07-10 11:00:00,WLS_SIO_07,SENS_WLS_SIO_07,0.0,0.0,Green - Normal,89
2024-07-10 11:00:00,WLS_DDR_08,SENS_WLS_DDR_08,0.0,0.0,Green - Normal,92
2024-07-10 11:00:00,WLS_CHM_09,SENS_WLS_CHM_09,0.0,0.0,Green - Normal,88
2024-07-10 11:00:00,WLS_MLD_10,SENS_WLS_MLD_10,0.0,0.0,Green - Normal,93
2024-07-10 11:00:00,WLS_DHS_11,SENS_WLS_DHS_11,0.0,0.0,Green - Normal,92
2024-07-10 11:00:00,WLS_CHN_12,SENS_WLS_CHN_12,0.0,0.0,Green - Normal,96
2024-07-10 11:00:00,WLS_WRL_13,SENS_WLS_WRL_13,0.0,0.0,Green - Normal,99
2024-07-10 11:00:00,WLS_BYC_14,SENS_WLS_BYC_14,0.0,0.0,Green - Normal,91
2024-07-10 11:00:00,WLS_MNK_15,SENS_WLS_MNK_15,0.0,0.0,Green - Normal,98
2024-07-10 12:00:00,WLS_HND_01,SENS_WLS_HND_01,0.0,0.0,Green - Normal,91
2024-07-10 12:00:00,WLS_GND_02,SENS_WLS_GND_02,0.0,0.0,Green - Normal,93
2024-07-10 12:00:00,WLS_MLN_03,SENS_WLS_MLN_03,0.0,0.0,Green - Normal,92
2024-07-10 12:00:00,WLS_AND_04,SENS_WLS_AND_04,0.0,0.0,Green - Normal,89
2024-07-10 12:00:00,WLS_KHR_05,SENS_WLS_KHR_05,0.0,0.0,Green - Normal,92
2024-07-10 12:00:00,WLS_KRL_06,SENS_WLS_KRL_06,0.0,0.0,Green - Normal,93
2024-07-10 12:00:00,WLS_SIO_07,SENS_WLS_SIO_07,0.0,0.0,Green - Normal,100
2024-07-10 12:00:00,WLS_DDR_08,SENS_WLS_DDR_08,0.0,0.0,Green - Normal,97
2024-07-10 12:00:00,WLS_CHM_09,SENS_WLS_CHM_09,0.0,0.0,Green - Normal,97
2024-07-10 12:00:00,WLS_MLD_10,SENS_WLS_MLD_10,0.0,0.0,Green - Normal,94
2024-07-10 12:00:00,WLS_DHS_11,SENS_WLS_DHS_11,0.0,0.0,Green - Normal,89
2024-07-10 12:00:00,WLS_CHN_12,SENS_WLS_CHN_12,0.0,0.0,Green - Normal,97
2024-07-10 12:00:00,WLS_WRL_13,SENS_WLS_WRL_13,0.0,0.0,Green - Normal,90
2024-07-10 12:00:00,WLS_BYC_14,SENS_WLS_BYC_14,0.0,0.0,Green - Normal,88
2024-07-10 12:00:00,WLS_MNK_15,SENS_WLS_MNK_15,0.0,0.0,Green - Normal,88
2024-07-10 13:00:00,WLS_HND_01,SENS_WLS_HND_01,0.0,0.0,Green - Normal,94
2024-07-10 13:00:00,WLS_GND_02,SENS_WLS_GND_02,0.0,0.0,Green - Normal,100
2024-07-10 13:00:00,WLS_MLN_03,SENS_WLS_MLN_03,0.0,0.0,Green - Normal,97
2024-07-10 13:00:00,WLS_AND_04,SENS_WLS_AND_04,0.0,0.0,Green - Normal,100
2024-07-10 13:00:00,WLS_KHR_05,SENS_WLS_KHR_05,0.0,0.0,Green - Normal,91
2024-07-10 13:00:00,WLS_KRL_06,SENS_WLS_KRL_06,0.0,0.0,Green - Normal,89
2024-07-10 13:00:00,WLS_SIO_07,SENS_WLS_SIO_07,0.0,0.0,Green - Normal,97
2024-07-10 13:00:00,WLS_DDR_08,SENS_WLS_DDR_08,0.0,0.0,Green - Normal,90
2024-07-10 13:00:00,WLS_CHM_09,SENS_WLS_CHM_09,0.0,0.0,Green - Normal,99
2024-07-10 13:00:00,WLS_MLD_10,SENS_WLS_MLD_10,0.0,0.0,Green - Normal,92
2024-07-10 13:00:00,WLS_DHS_11,SENS_WLS_DHS_11,0.0,0.0,Green - Normal,90
2024-07-10 13:00:00,WLS_CHN_12,SENS_WLS_CHN_12,0.0,0.0,Green - Normal,96
2024-07-10 13:00:00,WLS_WRL_13,SENS_WLS_WRL_13,0.0,0.0,Green - Normal,95
2024-07-10 13:00:00,WLS_BYC_14,SENS_WLS_BYC_14,0.0,0.0,Green - Normal,93
2024-07-10 13:00:00,WLS_MNK_15,SENS_WLS_MNK_15,0.0,0.0,Green - Normal,97
2024-07-10 14:00:00,WLS_HND_01,SENS_WLS_HND_01,0.0,0.0,Green - Normal,88
2024-07-10 14:00:00,WLS_GND_02,SENS_WLS_GND_02,0.0,0.0,Green - Normal,90
2024-07-10 14:00:00,WLS_MLN_03,SENS_WLS_MLN_03,0.0,0.0,Green - Normal,95
2024-07-10 14:00:00,WLS_AND_04,SENS_WLS_AND_04,0.0,0.0,Green - Normal,94
2024-07-10 14:00:00,WLS_KHR_05,SENS_WLS_KHR_05,0.0,0.0,Green - Normal,95
2024-07-10 14:00:00,WLS_KRL_06,SENS_WLS_KRL_06,0.0,0.0,Green - Normal,92
2024-07-10 14:00:00,WLS_SIO_07,SENS_WLS_SIO_07,0.0,0.0,Green - Normal,92
2024-07-10 14:00:00,WLS_DDR_08,SENS_WLS_DDR_08,0.0,0.0,Green - Normal,98
2024-07-10 14:00:00,WLS_CHM_09,SENS_WLS_CHM_09,0.0,0.0,Green - Normal,97
2024-07-10 14:00:00,WLS_MLD_10,SENS_WLS_MLD_10,0.0,0.0,Green - Normal,100
2024-07-10 14:00:00,WLS_DHS_11,SENS_WLS_DHS_11,0.0,0.0,Green - Normal,93
2024-07-10 14:00:00,WLS_CHN_12,SENS_WLS_CHN_12,0.0,0.0,Green - Normal,91
2024-07-10 14:00:00,WLS_WRL_13,SENS_WLS_WRL_13,0.0,0.0,Green - Normal,95
2024-07-10 14:00:00,WLS_BYC_14,SENS_WLS_BYC_14,0.0,0.0,Green - Normal,98
2024-07-10 14:00:00,WLS_MNK_15,SENS_WLS_MNK_15,0.0,0.0,Green - Normal,88
2024-07-10 15:00:00,WLS_HND_01,SENS_WLS_HND_01,0.0,0.0,Green - Normal,100
2024-07-10 15:00:00,WLS_GND_02,SENS_WLS_GND_02,0.0,0.0,Green - Normal,97
2024-07-10 15:00:00,WLS_MLN_03,SENS_WLS_MLN_03,0.0,0.0,Green - Normal,95
2024-07-10 15:00:00,WLS_AND_04,SENS_WLS_AND_04,0.0,0.0,Green - Normal,96
2024-07-10 15:00:00,WLS_KHR_05,SENS_WLS_KHR_05,0.0,0.0,Green - Normal,99
2024-07-10 15:00:00,WLS_KRL_06,SENS_WLS_KRL_06,0.0,0.0,Green - Normal,96
2024-07-10 15:00:00,WLS_SIO_07,SENS_WLS_SIO_07,0.0,0.0,Green - Normal,88
2024-07-10 15:00:00,WLS_DDR_08,SENS_WLS_DDR_08,0.0,0.0,Green - Normal,95
2024-07-10 15:00:00,WLS_CHM_09,SENS_WLS_CHM_09,0.0,0.0,Green - Normal,90
2024-07-10 15:00:00,WLS_MLD_10,SENS_WLS_MLD_10,0.0,0.0,Green - Normal,92
2024-07-10 15:00:00,WLS_DHS_11,SENS_WLS_DHS_11,0.0,0.0,Green - Normal,99
2024-07-10 15:00:00,WLS_CHN_12,SENS_WLS_CHN_12,0.0,0.0,Green - Normal,91
2024-07-10 15:00:00,WLS_WRL_13,SENS_WLS_WRL_13,0.0,0.0,Green - Normal,90
2024-07-10 15:00:00,WLS_BYC_14,SENS_WLS_BYC_14,0.0,0.0,Green - Normal,90
2024-07-10 15:00:00,WLS_MNK_15,SENS_WLS_MNK_15,0.0,0.0,Green - Normal,89
2024-07-10 16:00:00,WLS_HND_01,SENS_WLS_HND_01,0.0,0.0,Green - Normal,95
2024-07-10 16:00:00,WLS_GND_02,SENS_WLS_GND_02,0.0,0.0,Green - Normal,96
2024-07-10 16:00:00,WLS_MLN_03,SENS_WLS_MLN_03,0.0,0.0,Green - Normal,97
2024-07-10 16:00:00,WLS_AND_04,SENS_WLS_AND_04,0.0,0.0,Green - Normal,98
2024-07-10 16:00:00,WLS_KHR_05,SENS_WLS_KHR_05,0.0,0.0,Green - Normal,94
2024-07-10 16:00:00,WLS_KRL_06,SENS_WLS_KRL_06,0.0,0.0,Green - Normal,89
2024-07-10 16:00:00,WLS_SIO_07,SENS_WLS_SIO_07,0.0,0.0,Green - Normal,90
2024-07-10 16:00:00,WLS_DDR_08,SENS_WLS_DDR_08,0.0,0.0,Green - Normal,100
2024-07-10 16:00:00,WLS_CHM_09,SENS_WLS_CHM_09,0.0,0.0,Green - Normal,88
2024-07-10 16:00:00,WLS_MLD_10,SENS_WLS_MLD_10,0.0,0.0,Green - Normal,88
2024-07-10 16:00:00,WLS_DHS_11,SENS_WLS_DHS_11,0.0,0.0,Green - Normal,88
2024-07-10 16:00:00,WLS_CHN_12,SENS_WLS_CHN_12,0.0,0.0,Green - Normal,96
2024-07-10 16:00:00,WLS_WRL_13,SENS_WLS_WRL_13,0.0,0.0,Green - Normal,100
2024-07-10 16:00:00,WLS_BYC_14,SENS_WLS_BYC_14,0.0,0.0,Green - Normal,97
2024-07-10 16:00:00,WLS_MNK_15,SENS_WLS_MNK_15,0.0,0.0,Green - Normal,98
2024-07-10 17:00:00,WLS_HND_01,SENS_WLS_HND_01,0.0,0.0,Green - Normal,100
2024-07-10 17:00:00,WLS_GND_02,SENS_WLS_GND_02,0.0,0.0,Green - Normal,93
2024-07-10 17:00:00,WLS_MLN_03,SENS_WLS_MLN_03,0.0,0.0,Green - Normal,97
2024-07-10 17:00:00,WLS_AND_04,SENS_WLS_AND_04,0.0,0.0,Green - Normal,91
2024-07-10 17:00:00,WLS_KHR_05,SENS_WLS_KHR_05,0.0,0.0,Green - Normal,96
2024-07-10 17:00:00,WLS_KRL_06,SENS_WLS_KRL_06,0.0,0.0,Green - Normal,94
2024-07-10 17:00:00,WLS_SIO_07,SENS_WLS_SIO_07,0.0,0.0,Green - Normal,91
2024-07-10 17:00:00,WLS_DDR_08,SENS_WLS_DDR_08,0.0,0.0,Green - Normal,93
2024-07-10 17:00:00,WLS_CHM_09,SENS_WLS_CHM_09,0.0,0.0,Green - Normal,98
2024-07-10 17:00:00,WLS_MLD_10,SENS_WLS_MLD_10,0.0,0.0,Green - Normal,92
2024-07-10 17:00:00,WLS_DHS_11,SENS_WLS_DHS_11,0.0,0.0,Green - Normal,93
2024-07-10 17:00:00,WLS_CHN_12,SENS_WLS_CHN_12,0.0,0.0,Green - Normal,96
2024-07-10 17:00:00,WLS_WRL_13,SENS_WLS_WRL_13,0.0,0.0,Green - Normal,93
2024-07-10 17:00:00,WLS_BYC_14,SENS_WLS_BYC_14,0.0,0.0,Green - Normal,88
2024-07-10 17:00:00,WLS_MNK_15,SENS_WLS_MNK_15,0.0,0.0,Green - Normal,90
2024-07-10 18:00:00,WLS_HND_01,SENS_WLS_HND_01,0.0,0.0,Green - Normal,99
2024-07-10 18:00:00,WLS_GND_02,SENS_WLS_GND_02,0.0,0.0,Green - Normal,97
2024-07-10 18:00:00,WLS_MLN_03,SENS_WLS_MLN_03,0.0,0.0,Green - Normal,89
2024-07-10 18:00:00,WLS_AND_04,SENS_WLS_AND_04,0.0,0.0,Green - Normal,90
2024-07-10 18:00:00,WLS_KHR_05,SENS_WLS_KHR_05,0.0,0.0,Green - Normal,95
2024-07-10 18:00:00,WLS_KRL_06,SENS_WLS_KRL_06,0.0,0.0,Green - Normal,95
2024-07-10 18:00:00,WLS_SIO_07,SENS_WLS_SIO_07,0.0,0.0,Green - Normal,94
2024-07-10 18:00:00,WLS_DDR_08,SENS_WLS_DDR_08,0.0,0.0,Green - Normal,92
2024-07-10 18:00:00,WLS_CHM_09,SENS_WLS_CHM_09,0.0,0.0,Green - Normal,99
2024-07-10 18:00:00,WLS_MLD_10,SENS_WLS_MLD_10,0.0,0.0,Green - Normal,99
2024-07-10 18:00:00,WLS_DHS_11,SENS_WLS_DHS_11,0.0,0.0,Green - Normal,95
2024-07-10 18:00:00,WLS_CHN_12,SENS_WLS_CHN_12,0.0,0.0,Green - Normal,91
2024-07-10 18:00:00,WLS_WRL_13,SENS_WLS_WRL_13,0.0,0.0,Green - Normal,96
2024-07-10 18:00:00,WLS_BYC_14,SENS_WLS_BYC_14,0.0,0.0,Green - Normal,93
2024-07-10 18:00:00,WLS_MNK_15,SENS_WLS_MNK_15,0.0,0.0,Green - Normal,90
2024-07-10 19:00:00,WLS_HND_01,SENS_WLS_HND_01,0.0,0.0,Green - Normal,94
2024-07-10 19:00:00,WLS_GND_02,SENS_WLS_GND_02,0.0,0.0,Green - Normal,89
2024-07-10 19:00:00,WLS_MLN_03,SENS_WLS_MLN_03,0.0,0.0,Green - Normal,94
2024-07-10 19:00:00,WLS_AND_04,SENS_WLS_AND_04,0.0,0.0,Green - Normal,97
2024-07-10 19:00:00,WLS_KHR_05,SENS_WLS_KHR_05,0.0,0.0,Green - Normal,97
2024-07-10 19:00:00,WLS_KRL_06,SENS_WLS_KRL_06,0.0,0.0,Green - Normal,91
2024-07-10 19:00:00,WLS_SIO_07,SENS_WLS_SIO_07,0.0,0.0,Green - Normal,92
2024-07-10 19:00:00,WLS_DDR_08,SENS_WLS_DDR_08,0.0,0.0,Green - Normal,88
2024-07-10 19:00:00,WLS_CHM_09,SENS_WLS_CHM_09,0.0,0.0,Green - Normal,96
2024-07-10 19:00:00,WLS_MLD_10,SENS_WLS_MLD_10,0.0,0.0,Green - Normal,94
2024-07-10 19:00:00,WLS_DHS_11,SENS_WLS_DHS_11,0.0,0.0,Green - Normal,97
2024-07-10 19:00:00,WLS_CHN_12,SENS_WLS_CHN_12,0.0,0.0,Green - Normal,94
2024-07-10 19:00:00,WLS_WRL_13,SENS_WLS_WRL_13,0.0,0.0,Green - Normal,89
2024-07-10 19:00:00,WLS_BYC_14,SENS_WLS_BYC_14,0.0,0.0,Green - Normal,100
2024-07-10 19:00:00,WLS_MNK_15,SENS_WLS_MNK_15,0.0,0.0,Green - Normal,100
2024-07-10 20:00:00,WLS_HND_01,SENS_WLS_HND_01,0.0,0.0,Green - Normal,92
2024-07-10 20:00:00,WLS_GND_02,SENS_WLS_GND_02,0.0,0.0,Green - Normal,90
2024-07-10 20:00:00,WLS_MLN_03,SENS_WLS_MLN_03,0.0,0.0,Green - Normal,98
2024-07-10 20:00:00,WLS_AND_04,SENS_WLS_AND_04,0.0,0.0,Green - Normal,95
2024-07-10 20:00:00,WLS_KHR_05,SENS_WLS_KHR_05,0.0,0.0,Green - Normal,99
2024-07-10 20:00:00,WLS_KRL_06,SENS_WLS_KRL_06,0.0,0.0,Green - Normal,97
2024-07-10 20:00:00,WLS_SIO_07,SENS_WLS_SIO_07,0.0,0.0,Green - Normal,92
2024-07-10 20:00:00,WLS_DDR_08,SENS_WLS_DDR_08,0.0,0.0,Green - Normal,94
2024-07-10 20:00:00,WLS_CHM_09,SENS_WLS_CHM_09,0.0,0.0,Green - Normal,91
2024-07-10 20:00:00,WLS_MLD_10,SENS_WLS_MLD_10,0.0,0.0,Green - Normal,92
2024-07-10 20:00:00,WLS_DHS_11,SENS_WLS_DHS_11,0.0,0.0,Green - Normal,90
2024-07-10 20:00:00,WLS_CHN_12,SENS_WLS_CHN_12,0.0,0.0,Green - Normal,97
2024-07-10 20:00:00,WLS_WRL_13,SENS_WLS_WRL_13,0.0,0.0,Green - Normal,95
2024-07-10 20:00:00,WLS_BYC_14,SENS_WLS_BYC_14,0.0,0.0,Green - Normal,91
2024-07-10 20:00:00,WLS_MNK_15,SENS_WLS_MNK_15,0.0,0.0,Green - Normal,91
2024-07-10 21:00:00,WLS_HND_01,SENS_WLS_HND_01,0.0,0.0,Green - Normal,90
2024-07-10 21:00:00,WLS_GND_02,SENS_WLS_GND_02,0.0,0.0,Green - Normal,93
2024-07-10 21:00:00,WLS_MLN_03,SENS_WLS_MLN_03,0.0,0.0,Green - Normal,95
2024-07-10 21:00:00,WLS_AND_04,SENS_WLS_AND_04,0.0,0.0,Green - Normal,99
2024-07-10 21:00:00,WLS_KHR_05,SENS_WLS_KHR_05,0.0,0.0,Green - Normal,94
2024-07-10 21:00:00,WLS_KRL_06,SENS_WLS_KRL_06,0.0,0.0,Green - Normal,95
2024-07-10 21:00:00,WLS_SIO_07,SENS_WLS_SIO_07,0.0,0.0,Green - Normal,97
2024-07-10 21:00:00,WLS_DDR_08,SENS_WLS_DDR_08,0.0,0.0,Green - Normal,92
2024-07-10 21:00:00,WLS_CHM_09,SENS_WLS_CHM_09,0.0,0.0,Green - Normal,94
2024-07-10 21:00:00,WLS_MLD_10,SENS_WLS_MLD_10,0.0,0.0,Green - Normal,99
2024-07-10 21:00:00,WLS_DHS_11,SENS_WLS_DHS_11,0.0,0.0,Green - Normal,96
2024-07-10 21:00:00,WLS_CHN_12,SENS_WLS_CHN_12,0.0,0.0,Green - Normal,90
2024-07-10 21:00:00,WLS_WRL_13,SENS_WLS_WRL_13,0.0,0.0,Green - Normal,89
2024-07-10 21:00:00,WLS_BYC_14,SENS_WLS_BYC_14,0.0,0.0,Green - Normal,91
2024-07-10 21:00:00,WLS_MNK_15,SENS_WLS_MNK_15,0.0,0.0,Green - Normal,88
2024-07-10 22:00:00,WLS_HND_01,SENS_WLS_HND_01,0.0,0.0,Green - Normal,88
2024-07-10 22:00:00,WLS_GND_02,SENS_WLS_GND_02,0.0,0.0,Green - Normal,88
2024-07-10 22:00:00,WLS_MLN_03,SENS_WLS_MLN_03,0.0,0.0,Green - Normal,88
2024-07-10 22:00:00,WLS_AND_04,SENS_WLS_AND_04,0.0,0.0,Green - Normal,95
2024-07-10 22:00:00,WLS_KHR_05,SENS_WLS_KHR_05,0.0,0.0,Green - Normal,92
2024-07-10 22:00:00,WLS_KRL_06,SENS_WLS_KRL_06,0.0,0.0,Green - Normal,89
2024-07-10 22:00:00,WLS_SIO_07,SENS_WLS_SIO_07,0.0,0.0,Green - Normal,94
2024-07-10 22:00:00,WLS_DDR_08,SENS_WLS_DDR_08,0.0,0.0,Green - Normal,88
2024-07-10 22:00:00,WLS_CHM_09,SENS_WLS_CHM_09,0.0,0.0,Green - Normal,94
2024-07-10 22:00:00,WLS_MLD_10,SENS_WLS_MLD_10,0.0,0.0,Green - Normal,88
2024-07-10 22:00:00,WLS_DHS_11,SENS_WLS_DHS_11,0.0,0.0,Green - Normal,98
2024-07-10 22:00:00,WLS_CHN_12,SENS_WLS_CHN_12,0.0,0.0,Green - Normal,92
2024-07-10 22:00:00,WLS_WRL_13,SENS_WLS_WRL_13,0.0,0.0,Green - Normal,93
2024-07-10 22:00:00,WLS_BYC_14,SENS_WLS_BYC_14,0.0,0.0,Green - Normal,94
2024-07-10 22:00:00,WLS_MNK_15,SENS_WLS_MNK_15,0.0,0.0,Green - Normal,90
2024-07-10 23:00:00,WLS_HND_01,SENS_WLS_HND_01,0.0,0.0,Green - Normal,98
2024-07-10 23:00:00,WLS_GND_02,SENS_WLS_GND_02,0.0,0.0,Green - Normal,96
2024-07-10 23:00:00,WLS_MLN_03,SENS_WLS_MLN_03,0.0,0.0,Green - Normal,95
2024-07-10 23:00:00,WLS_AND_04,SENS_WLS_AND_04,0.0,0.0,Green - Normal,93
2024-07-10 23:00:00,WLS_KHR_05,SENS_WLS_KHR_05,0.0,0.0,Green - Normal,93
2024-07-10 23:00:00,WLS_KRL_06,SENS_WLS_KRL_06,0.0,0.0,Green - Normal,96
2024-07-10 23:00:00,WLS_SIO_07,SENS_WLS_SIO_07,0.0,0.0,Green - Normal,91
2024-07-10 23:00:00,WLS_DDR_08,SENS_WLS_DDR_08,0.0,0.0,Green - Normal,94
2024-07-10 23:00:00,WLS_CHM_09,SENS_WLS_CHM_09,0.0,0.0,Green - Normal,90
2024-07-10 23:00:00,WLS_MLD_10,SENS_WLS_MLD_10,0.0,0.0,Green - Normal,100
2024-07-10 23:00:00,WLS_DHS_11,SENS_WLS_DHS_11,0.0,0.0,Green - Normal,100
2024-07-10 23:00:00,WLS_CHN_12,SENS_WLS_CHN_12,0.0,0.0,Green - Normal,97
2024-07-10 23:00:00,WLS_WRL_13,SENS_WLS_WRL_13,0.0,0.0,Green - Normal,92
2024-07-10 23:00:00,WLS_BYC_14,SENS_WLS_BYC_14,0.0,0.0,Green - Normal,90
2024-07-10 23:00:00,WLS_MNK_15,SENS_WLS_MNK_15,0.0,0.0,Green - Normal,98
2024-07-11 00:00:00,WLS_HND_01,SENS_WLS_HND_01,0.0,0.0,Green - Normal,99
2024-07-11 00:00:00,WLS_GND_02,SENS_WLS_GND_02,0.0,0.0,Green - Normal,89
2024-07-11 00:00:00,WLS_MLN_03,SENS_WLS_MLN_03,0.0,0.0,Green - Normal,100
2024-07-11 00:00:00,WLS_AND_04,SENS_WLS_AND_04,0.0,0.0,Green - Normal,97
2024-07-11 00:00:00,WLS_KHR_05,SENS_WLS_KHR_05,0.0,0.0,Green - Normal,88
2024-07-11 00:00:00,WLS_KRL_06,SENS_WLS_KRL_06,0.0,0.0,Green - Normal,94
2024-07-11 00:00:00,WLS_SIO_07,SENS_WLS_SIO_07,0.0,0.0,Green - Normal,99
2024-07-11 00:00:00,WLS_DDR_08,SENS_WLS_DDR_08,0.0,0.0,Green - Normal,96
2024-07-11 00:00:00,WLS_CHM_09,SENS_WLS_CHM_09,0.0,0.0,Green - Normal,88
2024-07-11 00:00:00,WLS_MLD_10,SENS_WLS_MLD_10,0.0,0.0,Green - Normal,98
2024-07-11 00:00:00,WLS_DHS_11,SENS_WLS_DHS_11,0.0,0.0,Green - Normal,91
2024-07-11 00:00:00,WLS_CHN_12,SENS_WLS_CHN_12,0.0,0.0,Green - Normal,95
2024-07-11 00:00:00,WLS_WRL_13,SENS_WLS_WRL_13,0.0,0.0,Green - Normal,90
2024-07-11 00:00:00,WLS_BYC_14,SENS_WLS_BYC_14,0.0,0.0,Green - Normal,93
2024-07-11 00:00:00,WLS_MNK_15,SENS_WLS_MNK_15,0.0,0.0,Green - Normal,91
2024-07-11 01:00:00,WLS_HND_01,SENS_WLS_HND_01,0.0,0.0,Green - Normal,96
2024-07-11 01:00:00,WLS_GND_02,SENS_WLS_GND_02,0.0,0.0,Green - Normal,98
2024-07-11 01:00:00,WLS_MLN_03,SENS_WLS_MLN_03,0.0,0.0,Green - Normal,94
2024-07-11 01:00:00,WLS_AND_04,SENS_WLS_AND_04,0.0,0.0,Green - Normal,88
2024-07-11 01:00:00,WLS_KHR_05,SENS_WLS_KHR_05,0.0,0.0,Green - Normal,93
2024-07-11 01:00:00,WLS_KRL_06,SENS_WLS_KRL_06,0.0,0.0,Green - Normal,94
2024-07-11 01:00:00,WLS_SIO_07,SENS_WLS_SIO_07,0.0,0.0,Green - Normal,99
2024-07-11 01:00:00,WLS_DDR_08,SENS_WLS_DDR_08,0.0,0.0,Green - Normal,94
2024-07-11 01:00:00,WLS_CHM_09,SENS_WLS_CHM_09,0.0,0.0,Green - Normal,98
2024-07-11 01:00:00,WLS_MLD_10,SENS_WLS_MLD_10,0.0,0.0,Green - Normal,97
2024-07-11 01:00:00,WLS_DHS_11,SENS_WLS_DHS_11,0.0,0.0,Green - Normal,94
2024-07-11 01:00:00,WLS_CHN_12,SENS_WLS_CHN_12,0.0,0.0,Green - Normal,90
2024-07-11 01:00:00,WLS_WRL_13,SENS_WLS_WRL_13,0.0,0.0,Green - Normal,99
2024-07-11 01:00:00,WLS_BYC_14,SENS_WLS_BYC_14,0.0,0.0,Green - Normal,92
2024-07-11 01:00:00,WLS_MNK_15,SENS_WLS_MNK_15,0.0,0.0,Green - Normal,90
2024-07-11 02:00:00,WLS_HND_01,SENS_WLS_HND_01,0.0,0.0,Green - Normal,94
2024-07-11 02:00:00,WLS_GND_02,SENS_WLS_GND_02,0.0,0.0,Green - Normal,100
2024-07-11 02:00:00,WLS_MLN_03,SENS_WLS_MLN_03,0.0,0.0,Green - Normal,100
2024-07-11 02:00:00,WLS_AND_04,SENS_WLS_AND_04,0.0,0.0,Green - Normal,96
2024-07-11 02:00:00,WLS_KHR_05,SENS_WLS_KHR_05,0.0,0.0,Green - Normal,100
2024-07-11 02:00:00,WLS_KRL_06,SENS_WLS_KRL_06,0.0,0.0,Green - Normal,88
2024-07-11 02:00:00,WLS_SIO_07,SENS_WLS_SIO_07,0.0,0.0,Green - Normal,100
2024-07-11 02:00:00,WLS_DDR_08,SENS_WLS_DDR_08,0.0,0.0,Green - Normal,92
2024-07-11 02:00:00,WLS_CHM_09,SENS_WLS_CHM_09,0.0,0.0,Green - Normal,91
2024-07-11 02:00:00,WLS_MLD_10,SENS_WLS_MLD_10,0.0,0.0,Green - Normal,95
2024-07-11 02:00:00,WLS_DHS_11,SENS_WLS_DHS_11,0.0,0.0,Green - Normal,99
2024-07-11 02:00:00,WLS_CHN_12,SENS_WLS_CHN_12,0.0,0.0,Green - Normal,94
2024-07-11 02:00:00,WLS_WRL_13,SENS_WLS_WRL_13,0.0,0.0,Green - Normal,94
2024-07-11 02:00:00,WLS_BYC_14,SENS_WLS_BYC_14,0.0,0.0,Green - Normal,94
2024-07-11 02:00:00,WLS_MNK_15,SENS_WLS_MNK_15,0.0,0.0,Green - Normal,95
2024-07-11 03:00:00,WLS_HND_01,SENS_WLS_HND_01,0.0,0.0,Green - Normal,100
2024-07-11 03:00:00,WLS_GND_02,SENS_WLS_GND_02,0.0,0.0,Green - Normal,93
2024-07-11 03:00:00,WLS_MLN_03,SENS_WLS_MLN_03,0.0,0.0,Green - Normal,100
2024-07-11 03:00:00,WLS_AND_04,SENS_WLS_AND_04,0.0,0.0,Green - Normal,89
2024-07-11 03:00:00,WLS_KHR_05,SENS_WLS_KHR_05,0.0,0.0,Green - Normal,97
2024-07-11 03:00:00,WLS_KRL_06,SENS_WLS_KRL_06,0.0,0.0,Green - Normal,100
2024-07-11 03:00:00,WLS_SIO_07,SENS_WLS_SIO_07,0.0,0.0,Green - Normal,91
2024-07-11 03:00:00,WLS_DDR_08,SENS_WLS_DDR_08,0.0,0.0,Green - Normal,97
2024-07-11 03:00:00,WLS_CHM_09,SENS_WLS_CHM_09,0.0,0.0,Green - Normal,98
2024-07-11 03:00:00,WLS_MLD_10,SENS_WLS_MLD_10,0.0,0.0,Green - Normal,94
2024-07-11 03:00:00,WLS_DHS_11,SENS_WLS_DHS_11,0.0,0.0,Green - Normal,90
2024-07-11 03:00:00,WLS_CHN_12,SENS_WLS_CHN_12,0.0,0.0,Green - Normal,99
2024-07-11 03:00:00,WLS_WRL_13,SENS_WLS_WRL_13,0.0,0.0,Green - Normal,99
2024-07-11 03:00:00,WLS_BYC_14,SENS_WLS_BYC_14,0.0,0.0,Green - Normal,97
2024-07-11 03:00:00,WLS_MNK_15,SENS_WLS_MNK_15,0.0,0.0,Green - Normal,100
2024-07-11 04:00:00,WLS_HND_01,SENS_WLS_HND_01,0.0,0.0,Green - Normal,90
2024-07-11 04:00:00,WLS_GND_02,SENS_WLS_GND_02,0.0,0.0,Green - Normal,88
2024-07-11 04:00:00,WLS_MLN_03,SENS_WLS_MLN_03,0.0,0.0,Green - Normal,97
2024-07-11 04:00:00,WLS_AND_04,SENS_WLS_AND_04,0.0,0.0,Green - Normal,98
2024-07-11 04:00:00,WLS_KHR_05,SENS_WLS_KHR_05,0.0,0.0,Green - Normal,99
2024-07-11 04:00:00,WLS_KRL_06,SENS_WLS_KRL_06,0.0,0.0,Green - Normal,89
2024-07-11 04:00:00,WLS_SIO_07,SENS_WLS_SIO_07,0.0,0.0,Green - Normal,89
2024-07-11 04:00:00,WLS_DDR_08,SENS_WLS_DDR_08,0.0,0.0,Green - Normal,100
2024-07-11 04:00:00,WLS_CHM_09,SENS_WLS_CHM_09,0.0,0.0,Green - Normal,97
2024-07-11 04:00:00,WLS_MLD_10,SENS_WLS_MLD_10,0.0,0.0,Green - Normal,98
2024-07-11 04:00:00,WLS_DHS_11,SENS_WLS_DHS_11,0.0,0.0,Green - Normal,100
2024-07-11 04:00:00,WLS_CHN_12,SENS_WLS_CHN_12,0.0,0.0,Green - Normal,97
2024-07-11 04:00:00,WLS_WRL_13,SENS_WLS_WRL_13,0.0,0.0,Green - Normal,96
2024-07-11 04:00:00,WLS_BYC_14,SENS_WLS_BYC_14,0.0,0.0,Green - Normal,95
2024-07-11 04:00:00,WLS_MNK_15,SENS_WLS_MNK_15,0.0,0.0,Green - Normal,91
2024-07-11 05:00:00,WLS_HND_01,SENS_WLS_HND_01,0.0,0.0,Green - Normal,88
2024-07-11 05:00:00,WLS_GND_02,SENS_WLS_GND_02,0.0,0.0,Green - Normal,92
2024-07-11 05:00:00,WLS_MLN_03,SENS_WLS_MLN_03,0.0,0.0,Green - Normal,94
2024-07-11 05:00:00,WLS_AND_04,SENS_WLS_AND_04,0.0,0.0,Green - Normal,99
2024-07-11 05:00:00,WLS_KHR_05,SENS_WLS_KHR_05,0.0,0.0,Green - Normal,93
2024-07-11 05:00:00,WLS_KRL_06,SENS_WLS_KRL_06,0.0,0.0,Green - Normal,99
2024-07-11 05:00:00,WLS_SIO_07,SENS_WLS_SIO_07,0.0,0.0,Green - Normal,96
2024-07-11 05:00:00,WLS_DDR_08,SENS_WLS_DDR_08,0.0,0.0,Green - Normal,99
2024-07-11 05:00:00,WLS_CHM_09,SENS_WLS_CHM_09,0.0,0.0,Green - Normal,93
2024-07-11 05:00:00,WLS_MLD_10,SENS_WLS_MLD_10,0.0,0.0,Green - Normal,93
2024-07-11 05:00:00,WLS_DHS_11,SENS_WLS_DHS_11,0.0,0.0,Green - Normal,96
2024-07-11 05:00:00,WLS_CHN_12,SENS_WLS_CHN_12,0.0,0.0,Green - Normal,94
2024-07-11 05:00:00,WLS_WRL_13,SENS_WLS_WRL_13,0.0,0.0,Green - Normal,88
2024-07-11 05:00:00,WLS_BYC_14,SENS_WLS_BYC_14,0.0,0.0,Green - Normal,91
2024-07-11 05:00:00,WLS_MNK_15,SENS_WLS_MNK_15,0.0,0.0,Green - Normal,97
2024-07-11 06:00:00,WLS_HND_01,SENS_WLS_HND_01,0.0,0.0,Green - Normal,91
2024-07-11 06:00:00,WLS_GND_02,SENS_WLS_GND_02,0.0,0.0,Green - Normal,89
2024-07-11 06:00:00,WLS_MLN_03,SENS_WLS_MLN_03,0.0,0.0,Green - Normal,99
2024-07-11 06:00:00,WLS_AND_04,SENS_WLS_AND_04,0.0,0.0,Green - Normal,90
2024-07-11 06:00:00,WLS_KHR_05,SENS_WLS_KHR_05,0.0,0.0,Green - Normal,88
2024-07-11 06:00:00,WLS_KRL_06,SENS_WLS_KRL_06,0.0,0.0,Green - Normal,96
2024-07-11 06:00:00,WLS_SIO_07,SENS_WLS_SIO_07,0.0,0.0,Green - Normal,100
2024-07-11 06:00:00,WLS_DDR_08,SENS_WLS_DDR_08,0.0,0.0,Green - Normal,97
2024-07-11 06:00:00,WLS_CHM_09,SENS_WLS_CHM_09,0.0,0.0,Green - Normal,98
2024-07-11 06:00:00,WLS_MLD_10,SENS_WLS_MLD_10,0.0,0.0,Green - Normal,90
2024-07-11 06:00:00,WLS_DHS_11,SENS_WLS_DHS_11,0.0,0.0,Green - Normal,92
2024-07-11 06:00:00,WLS_CHN_12,SENS_WLS_CHN_12,0.0,0.0,Green - Normal,93
2024-07-11 06:00:00,WLS_WRL_13,SENS_WLS_WRL_13,0.0,0.0,Green - Normal,92
2024-07-11 06:00:00,WLS_BYC_14,SENS_WLS_BYC_14,0.0,0.0,Green - Normal,95
2024-07-11 06:00:00,WLS_MNK_15,SENS_WLS_MNK_15,0.0,0.0,Green - Normal,97
2024-07-11 07:00:00,WLS_HND_01,SENS_WLS_HND_01,0.0,0.0,Green - Normal,89
2024-07-11 07:00:00,WLS_GND_02,SENS_WLS_GND_02,0.0,0.0,Green - Normal,88
2024-07-11 07:00:00,WLS_MLN_03,SENS_WLS_MLN_03,0.0,0.0,Green - Normal,100
2024-07-11 07:00:00,WLS_AND_04,SENS_WLS_AND_04,0.0,0.0,Green - Normal,89
2024-07-11 07:00:00,WLS_KHR_05,SENS_WLS_KHR_05,0.0,0.0,Green - Normal,90
2024-07-11 07:00:00,WLS_KRL_06,SENS_WLS_KRL_06,0.0,0.0,Green - Normal,95
2024-07-11 07:00:00,WLS_SIO_07,SENS_WLS_SIO_07,0.0,0.0,Green - Normal,89
2024-07-11 07:00:00,WLS_DDR_08,SENS_WLS_DDR_08,0.0,0.0,Green - Normal,93
2024-07-11 07:00:00,WLS_CHM_09,SENS_WLS_CHM_09,0.0,0.0,Green - Normal,96
2024-07-11 07:00:00,WLS_MLD_10,SENS_WLS_MLD_10,0.0,0.0,Green - Normal,90
2024-07-11 07:00:00,WLS_DHS_11,SENS_WLS_DHS_11,0.0,0.0,Green - Normal,97
2024-07-11 07:00:00,WLS_CHN_12,SENS_WLS_CHN_12,0.0,0.0,Green - Normal,99
2024-07-11 07:00:00,WLS_WRL_13,SENS_WLS_WRL_13,0.0,0.0,Green - Normal,96
2024-07-11 07:00:00,WLS_BYC_14,SENS_WLS_BYC_14,0.0,0.0,Green - Normal,91
2024-07-11 07:00:00,WLS_MNK_15,SENS_WLS_MNK_15,0.0,0.0,Green - Normal,92
2024-07-11 08:00:00,WLS_HND_01,SENS_WLS_HND_01,0.0,0.0,Green - Normal,92
2024-07-11 08:00:00,WLS_GND_02,SENS_WLS_GND_02,0.0,0.0,Green - Normal,93
2024-07-11 08:00:00,WLS_MLN_03,SENS_WLS_MLN_03,0.0,0.0,Green - Normal,96
2024-07-11 08:00:00,WLS_AND_04,SENS_WLS_AND_04,0.0,0.0,Green - Normal,95
2024-07-11 08:00:00,WLS_KHR_05,SENS_WLS_KHR_05,0.0,0.0,Green - Normal,89
2024-07-11 08:00:00,WLS_KRL_06,SENS_WLS_KRL_06,0.0,0.0,Green - Normal,94
2024-07-11 08:00:00,WLS_SIO_07,SENS_WLS_SIO_07,0.0,0.0,Green - Normal,94
2024-07-11 08:00:00,WLS_DDR_08,SENS_WLS_DDR_08,0.0,0.0,Green - Normal,95
2024-07-11 08:00:00,WLS_CHM_09,SENS_WLS_CHM_09,0.0,0.0,Green - Normal,88
2024-07-11 08:00:00,WLS_MLD_10,SENS_WLS_MLD_10,0.0,0.0,Green - Normal,95
2024-07-11 08:00:00,WLS_DHS_11,SENS_WLS_DHS_11,0.0,0.0,Green - Normal,94
2024-07-11 08:00:00,WLS_CHN_12,SENS_WLS_CHN_12,0.0,0.0,Green - Normal,99
2024-07-11 08:00:00,WLS_WRL_13,SENS_WLS_WRL_13,0.0,0.0,Green - Normal,98
2024-07-11 08:00:00,WLS_BYC_14,SENS_WLS_BYC_14,0.0,0.0,Green - Normal,91
2024-07-11 08:00:00,WLS_MNK_15,SENS_WLS_MNK_15,0.0,0.0,Green - Normal,97
2024-07-11 09:00:00,WLS_HND_01,SENS_WLS_HND_01,0.0,0.0,Green - Normal,91
2024-07-11 09:00:00,WLS_GND_02,SENS_WLS_GND_02,0.0,0.0,Green - Normal,94
2024-07-11 09:00:00,WLS_MLN_03,SENS_WLS_MLN_03,0.0,0.0,Green - Normal,94
2024-07-11 09:00:00,WLS_AND_04,SENS_WLS_AND_04,0.0,0.0,Green - Normal,100
2024-07-11 09:00:00,WLS_KHR_05,SENS_WLS_KHR_05,0.0,0.0,Green - Normal,89
2024-07-11 09:00:00,WLS_KRL_06,SENS_WLS_KRL_06,0.0,0.0,Green - Normal,93
2024-07-11 09:00:00,WLS_SIO_07,SENS_WLS_SIO_07,0.0,0.0,Green - Normal,88
2024-07-11 09:00:00,WLS_DDR_08,SENS_WLS_DDR_08,0.0,0.0,Green - Normal,93
2024-07-11 09:00:00,WLS_CHM_09,SENS_WLS_CHM_09,0.0,0.0,Green - Normal,94
2024-07-11 09:00:00,WLS_MLD_10,SENS_WLS_MLD_10,0.0,0.0,Green - Normal,92
2024-07-11 09:00:00,WLS_DHS_11,SENS_WLS_DHS_11,0.0,0.0,Green - Normal,96
2024-07-11 09:00:00,WLS_CHN_12,SENS_WLS_CHN_12,0.0,0.0,Green - Normal,89
2024-07-11 09:00:00,WLS_WRL_13,SENS_WLS_WRL_13,0.0,0.0,Green - Normal,96
2024-07-11 09:00:00,WLS_BYC_14,SENS_WLS_BYC_14,0.0,0.0,Green - Normal,90
2024-07-11 09:00:00,WLS_MNK_15,SENS_WLS_MNK_15,0.0,0.0,Green - Normal,94
2024-07-11 10:00:00,WLS_HND_01,SENS_WLS_HND_01,0.0,0.0,Green - Normal,96
2024-07-11 10:00:00,WLS_GND_02,SENS_WLS_GND_02,0.0,0.0,Green - Normal,92
2024-07-11 10:00:00,WLS_MLN_03,SENS_WLS_MLN_03,0.0,0.0,Green - Normal,90
2024-07-11 10:00:00,WLS_AND_04,SENS_WLS_AND_04,0.0,0.0,Green - Normal,95
2024-07-11 10:00:00,WLS_KHR_05,SENS_WLS_KHR_05,0.0,0.0,Green - Normal,88
2024-07-11 10:00:00,WLS_KRL_06,SENS_WLS_KRL_06,0.0,0.0,Green - Normal,98
2024-07-11 10:00:00,WLS_SIO_07,SENS_WLS_SIO_07,0.0,0.0,Green - Normal,90
2024-07-11 10:00:00,WLS_DDR_08,SENS_WLS_DDR_08,0.0,0.0,Green - Normal,93
2024-07-11 10:00:00,WLS_CHM_09,SENS_WLS_CHM_09,0.0,0.0,Green - Normal,98
2024-07-11 10:00:00,WLS_MLD_10,SENS_WLS_MLD_10,0.0,0.0,Green - Normal,94
2024-07-11 10:00:00,WLS_DHS_11,SENS_WLS_DHS_11,0.0,0.0,Green - Normal,96
2024-07-11 10:00:00,WLS_CHN_12,SENS_WLS_CHN_12,0.0,0.0,Green - Normal,88
2024-07-11 10:00:00,WLS_WRL_13,SENS_WLS_WRL_13,0.0,0.0,Green - Normal,97
2024-07-11 10:00:00,WLS_BYC_14,SENS_WLS_BYC_14,0.0,0.0,Green - Normal,99
2024-07-11 10:00:00,WLS_MNK_15,SENS_WLS_MNK_15,0.0,0.0,Green - Normal,95
2024-07-11 11:00:00,WLS_HND_01,SENS_WLS_HND_01,0.0,0.0,Green - Normal,91
2024-07-11 11:00:00,WLS_GND_02,SENS_WLS_GND_02,0.0,0.0,Green - Normal,95
2024-07-11 11:00:00,WLS_MLN_03,SENS_WLS_MLN_03,0.0,0.0,Green - Normal,92
2024-07-11 11:00:00,WLS_AND_04,SENS_WLS_AND_04,0.0,0.0,Green - Normal,95
2024-07-11 11:00:00,WLS_KHR_05,SENS_WLS_KHR_05,0.0,0.0,Green - Normal,91
2024-07-11 11:00:00,WLS_KRL_06,SENS_WLS_KRL_06,0.0,0.0,Green - Normal,92
2024-07-11 11:00:00,WLS_SIO_07,SENS_WLS_SIO_07,0.0,0.0,Green - Normal,91
2024-07-11 11:00:00,WLS_DDR_08,SENS_WLS_DDR_08,0.0,0.0,Green - Normal,92
2024-07-11 11:00:00,WLS_CHM_09,SENS_WLS_CHM_09,0.0,0.0,Green - Normal,89
2024-07-11 11:00:00,WLS_MLD_10,SENS_WLS_MLD_10,0.0,0.0,Green - Normal,95
2024-07-11 11:00:00,WLS_DHS_11,SENS_WLS_DHS_11,0.0,0.0,Green - Normal,97
2024-07-11 11:00:00,WLS_CHN_12,SENS_WLS_CHN_12,0.0,0.0,Green - Normal,89
2024-07-11 11:00:00,WLS_WRL_13,SENS_WLS_WRL_13,0.0,0.0,Green - Normal,93
2024-07-11 11:00:00,WLS_BYC_14,SENS_WLS_BYC_14,0.0,0.0,Green - Normal,88
2024-07-11 11:00:00,WLS_MNK_15,SENS_WLS_MNK_15,0.0,0.0,Green - Normal,99
2024-07-11 12:00:00,WLS_HND_01,SENS_WLS_HND_01,0.0,0.0,Green - Normal,98
2024-07-11 12:00:00,WLS_GND_02,SENS_WLS_GND_02,0.0,0.0,Green - Normal,98
2024-07-11 12:00:00,WLS_MLN_03,SENS_WLS_MLN_03,0.0,0.0,Green - Normal,97
2024-07-11 12:00:00,WLS_AND_04,SENS_WLS_AND_04,0.0,0.0,Green - Normal,89
2024-07-11 12:00:00,WLS_KHR_05,SENS_WLS_KHR_05,0.0,0.0,Green - Normal,90
2024-07-11 12:00:00,WLS_KRL_06,SENS_WLS_KRL_06,0.0,0.0,Green - Normal,88
2024-07-11 12:00:00,WLS_SIO_07,SENS_WLS_SIO_07,0.0,0.0,Green - Normal,88
2024-07-11 12:00:00,WLS_DDR_08,SENS_WLS_DDR_08,0.0,0.0,Green - Normal,99
2024-07-11 12:00:00,WLS_CHM_09,SENS_WLS_CHM_09,0.0,0.0,Green - Normal,99
2024-07-11 12:00:00,WLS_MLD_10,SENS_WLS_MLD_10,0.0,0.0,Green - Normal,92
2024-07-11 12:00:00,WLS_DHS_11,SENS_WLS_DHS_11,0.0,0.0,Green - Normal,92
2024-07-11 12:00:00,WLS_CHN_12,SENS_WLS_CHN_12,0.0,0.0,Green - Normal,97
2024-07-11 12:00:00,WLS_WRL_13,SENS_WLS_WRL_13,0.0,0.0,Green - Normal,96
2024-07-11 12:00:00,WLS_BYC_14,SENS_WLS_BYC_14,0.0,0.0,Green - Normal,98
2024-07-11 12:00:00,WLS_MNK_15,SENS_WLS_MNK_15,0.0,0.0,Green - Normal,93
2024-07-11 13:00:00,WLS_HND_01,SENS_WLS_HND_01,0.0,0.0,Green - Normal,96
2024-07-11 13:00:00,WLS_GND_02,SENS_WLS_GND_02,0.0,0.0,Green - Normal,90
2024-07-11 13:00:00,WLS_MLN_03,SENS_WLS_MLN_03,0.0,0.0,Green - Normal,99
2024-07-11 13:00:00,WLS_AND_04,SENS_WLS_AND_04,1.7,0.0,Green - Normal,95
2024-07-11 13:00:00,WLS_KHR_05,SENS_WLS_KHR_05,0.0,0.0,Green - Normal,91
2024-07-11 13:00:00,WLS_KRL_06,SENS_WLS_KRL_06,0.0,0.0,Green - Normal,88
2024-07-11 13:00:00,WLS_SIO_07,SENS_WLS_SIO_07,0.0,0.0,Green - Normal,93
2024-07-11 13:00:00,WLS_DDR_08,SENS_WLS_DDR_08,0.0,0.0,Green - Normal,95
2024-07-11 13:00:00,WLS_CHM_09,SENS_WLS_CHM_09,0.0,0.0,Green - Normal,93
2024-07-11 13:00:00,WLS_MLD_10,SENS_WLS_MLD_10,0.0,0.0,Green - Normal,89
2024-07-11 13:00:00,WLS_DHS_11,SENS_WLS_DHS_11,0.0,0.0,Green - Normal,90
2024-07-11 13:00:00,WLS_CHN_12,SENS_WLS_CHN_12,0.0,0.0,Green - Normal,88
2024-07-11 13:00:00,WLS_WRL_13,SENS_WLS_WRL_13,0.0,0.0,Green - Normal,100
2024-07-11 13:00:00,WLS_BYC_14,SENS_WLS_BYC_14,0.0,0.0,Green - Normal,97
2024-07-11 13:00:00,WLS_MNK_15,SENS_WLS_MNK_15,0.0,0.0,Green - Normal,92
2024-07-11 14:00:00,WLS_HND_01,SENS_WLS_HND_01,0.0,0.0,Green - Normal,99
2024-07-11 14:00:00,WLS_GND_02,SENS_WLS_GND_02,0.0,0.0,Green - Normal,95
2024-07-11 14:00:00,WLS_MLN_03,SENS_WLS_MLN_03,0.0,0.0,Green - Normal,88
2024-07-11 14:00:00,WLS_AND_04,SENS_WLS_AND_04,0.0,0.0,Green - Normal,96
2024-07-11 14:00:00,WLS_KHR_05,SENS_WLS_KHR_05,0.0,0.0,Green - Normal,99
2024-07-11 14:00:00,WLS_KRL_06,SENS_WLS_KRL_06,0.0,0.0,Green - Normal,97
2024-07-11 14:00:00,WLS_SIO_07,SENS_WLS_SIO_07,0.0,0.0,Green - Normal,93
2024-07-11 14:00:00,WLS_DDR_08,SENS_WLS_DDR_08,0.0,0.0,Green - Normal,97
2024-07-11 14:00:00,WLS_CHM_09,SENS_WLS_CHM_09,0.0,0.0,Green - Normal,88
2024-07-11 14:00:00,WLS_MLD_10,SENS_WLS_MLD_10,0.0,0.0,Green - Normal,89
2024-07-11 14:00:00,WLS_DHS_11,SENS_WLS_DHS_11,0.0,0.0,Green - Normal,91
2024-07-11 14:00:00,WLS_CHN_12,SENS_WLS_CHN_12,0.0,0.0,Green - Normal,90
2024-07-11 14:00:00,WLS_WRL_13,SENS_WLS_WRL_13,0.0,0.0,Green - Normal,93
2024-07-11 14:00:00,WLS_BYC_14,SENS_WLS_BYC_14,0.0,0.0,Green - Normal,99
2024-07-11 14:00:00,WLS_MNK_15,SENS_WLS_MNK_15,0.0,0.0,Green - Normal,91
2024-07-11 15:00:00,WLS_HND_01,SENS_WLS_HND_01,0.0,0.0,Green - Normal,97
2024-07-11 15:00:00,WLS_GND_02,SENS_WLS_GND_02,0.0,0.0,Green - Normal,93
2024-07-11 15:00:00,WLS_MLN_03,SENS_WLS_MLN_03,0.0,0.0,Green - Normal,97
2024-07-11 15:00:00,WLS_AND_04,SENS_WLS_AND_04,0.0,0.0,Green - Normal,91
2024-07-11 15:00:00,WLS_KHR_05,SENS_WLS_KHR_05,0.0,0.0,Green - Normal,94
2024-07-11 15:00:00,WLS_KRL_06,SENS_WLS_KRL_06,0.0,0.0,Green - Normal,94
2024-07-11 15:00:00,WLS_SIO_07,SENS_WLS_SIO_07,0.0,0.0,Green - Normal,94
2024-07-11 15:00:00,WLS_DDR_08,SENS_WLS_DDR_08,0.0,0.0,Green - Normal,100
2024-07-11 15:00:00,WLS_CHM_09,SENS_WLS_CHM_09,0.0,0.0,Green - Normal,91
2024-07-11 15:00:00,WLS_MLD_10,SENS_WLS_MLD_10,0.0,0.0,Green - Normal,90
2024-07-11 15:00:00,WLS_DHS_11,SENS_WLS_DHS_11,0.0,0.0,Green - Normal,92
2024-07-11 15:00:00,WLS_CHN_12,SENS_WLS_CHN_12,0.0,0.0,Green - Normal,94
2024-07-11 15:00:00,WLS_WRL_13,SENS_WLS_WRL_13,0.0,0.0,Green - Normal,97
2024-07-11 15:00:00,WLS_BYC_14,SENS_WLS_BYC_14,0.0,0.0,Green - Normal,93
2024-07-11 15:00:00,WLS_MNK_15,SENS_WLS_MNK_15,0.0,0.0,Green - Normal,95
2024-07-11 16:00:00,WLS_HND_01,SENS_WLS_HND_01,0.0,0.0,Green - Normal,96
2024-07-11 16:00:00,WLS_GND_02,SENS_WLS_GND_02,0.0,0.0,Green - Normal,96
2024-07-11 16:00:00,WLS_MLN_03,SENS_WLS_MLN_03,0.0,0.0,Green - Normal,98
2024-07-11 16:00:00,WLS_AND_04,SENS_WLS_AND_04,0.0,0.0,Green - Normal,99
2024-07-11 16:00:00,WLS_KHR_05,SENS_WLS_KHR_05,0.0,0.0,Green - Normal,92
2024-07-11 16:00:00,WLS_KRL_06,SENS_WLS_KRL_06,0.0,0.0,Green - Normal,92
2024-07-11 16:00:00,WLS_SIO_07,SENS_WLS_SIO_07,0.0,0.0,Green - Normal,95
2024-07-11 16:00:00,WLS_DDR_08,SENS_WLS_DDR_08,0.0,0.0,Green - Normal,96
2024-07-11 16:00:00,WLS_CHM_09,SENS_WLS_CHM_09,0.0,0.0,Green - Normal,90
2024-07-11 16:00:00,WLS_MLD_10,SENS_WLS_MLD_10,0.0,0.0,Green - Normal,90
2024-07-11 16:00:00,WLS_DHS_11,SENS_WLS_DHS_11,0.0,0.0,Green - Normal,89
2024-07-11 16:00:00,WLS_CHN_12,SENS_WLS_CHN_12,0.0,0.0,Green - Normal,89
2024-07-11 16:00:00,WLS_WRL_13,SENS_WLS_WRL_13,0.0,0.0,Green - Normal,99
2024-07-11 16:00:00,WLS_BYC_14,SENS_WLS_BYC_14,0.0,0.0,Green - Normal,100
2024-07-11 16:00:00,WLS_MNK_15,SENS_WLS_MNK_15,0.0,0.0,Green - Normal,99
2024-07-11 17:00:00,WLS_HND_01,SENS_WLS_HND_01,0.0,0.0,Green - Normal,95
2024-07-11 17:00:00,WLS_GND_02,SENS_WLS_GND_02,0.0,0.0,Green - Normal,100
2024-07-11 17:00:00,WLS_MLN_03,SENS_WLS_MLN_03,0.0,0.0,Green - Normal,91
2024-07-11 17:00:00,WLS_AND_04,SENS_WLS_AND_04,0.0,0.0,Green - Normal,91
2024-07-11 17:00:00,WLS_KHR_05,SENS_WLS_KHR_05,0.0,0.0,Green - Normal,94
2024-07-11 17:00:00,WLS_KRL_06,SENS_WLS_KRL_06,0.0,0.0,Green - Normal,97
2024-07-11 17:00:00,WLS_SIO_07,SENS_WLS_SIO_07,0.0,0.0,Green - Normal,99
2024-07-11 17:00:00,WLS_DDR_08,SENS_WLS_DDR_08,0.0,0.0,Green - Normal,93
2024-07-11 17:00:00,WLS_CHM_09,SENS_WLS_CHM_09,0.0,0.0,Green - Normal,88
2024-07-11 17:00:00,WLS_MLD_10,SENS_WLS_MLD_10,0.0,0.0,Green - Normal,99
2024-07-11 17:00:00,WLS_DHS_11,SENS_WLS_DHS_11,0.0,0.0,Green - Normal,90
2024-07-11 17:00:00,WLS_CHN_12,SENS_WLS_CHN_12,0.0,0.0,Green - Normal,92
2024-07-11 17:00:00,WLS_WRL_13,SENS_WLS_WRL_13,0.0,0.0,Green - Normal,92
2024-07-11 17:00:00,WLS_BYC_14,SENS_WLS_BYC_14,0.0,0.0,Green - Normal,89
2024-07-11 17:00:00,WLS_MNK_15,SENS_WLS_MNK_15,0.0,0.0,Green - Normal,98
2024-07-11 18:00:00,WLS_HND_01,SENS_WLS_HND_01,0.0,0.0,Green - Normal,89
2024-07-11 18:00:00,WLS_GND_02,SENS_WLS_GND_02,0.0,0.0,Green - Normal,92
2024-07-11 18:00:00,WLS_MLN_03,SENS_WLS_MLN_03,0.0,0.0,Green - Normal,88
2024-07-11 18:00:00,WLS_AND_04,SENS_WLS_AND_04,0.0,0.0,Green - Normal,91
2024-07-11 18:00:00,WLS_KHR_05,SENS_WLS_KHR_05,0.0,0.0,Green - Normal,95
2024-07-11 18:00:00,WLS_KRL_06,SENS_WLS_KRL_06,0.0,0.0,Green - Normal,94
2024-07-11 18:00:00,WLS_SIO_07,SENS_WLS_SIO_07,0.0,0.0,Green - Normal,98
2024-07-11 18:00:00,WLS_DDR_08,SENS_WLS_DDR_08,0.0,0.0,Green - Normal,96
2024-07-11 18:00:00,WLS_CHM_09,SENS_WLS_CHM_09,0.0,0.0,Green - Normal,99
2024-07-11 18:00:00,WLS_MLD_10,SENS_WLS_MLD_10,0.0,0.0,Green - Normal,99
2024-07-11 18:00:00,WLS_DHS_11,SENS_WLS_DHS_11,0.0,0.0,Green - Normal,94
2024-07-11 18:00:00,WLS_CHN_12,SENS_WLS_CHN_12,0.0,0.0,Green - Normal,96
2024-07-11 18:00:00,WLS_WRL_13,SENS_WLS_WRL_13,0.0,0.0,Green - Normal,99
2024-07-11 18:00:00,WLS_BYC_14,SENS_WLS_BYC_14,0.0,0.0,Green - Normal,96
2024-07-11 18:00:00,WLS_MNK_15,SENS_WLS_MNK_15,0.0,0.0,Green - Normal,100
2024-07-11 19:00:00,WLS_HND_01,SENS_WLS_HND_01,0.0,0.0,Green - Normal,88
2024-07-11 19:00:00,WLS_GND_02,SENS_WLS_GND_02,0.0,0.0,Green - Normal,97
2024-07-11 19:00:00,WLS_MLN_03,SENS_WLS_MLN_03,0.0,0.0,Green - Normal,96
2024-07-11 19:00:00,WLS_AND_04,SENS_WLS_AND_04,0.0,0.0,Green - Normal,97
2024-07-11 19:00:00,WLS_KHR_05,SENS_WLS_KHR_05,0.0,0.0,Green - Normal,89
2024-07-11 19:00:00,WLS_KRL_06,SENS_WLS_KRL_06,0.0,0.0,Green - Normal,93
2024-07-11 19:00:00,WLS_SIO_07,SENS_WLS_SIO_07,0.0,0.0,Green - Normal,99
2024-07-11 19:00:00,WLS_DDR_08,SENS_WLS_DDR_08,0.0,0.0,Green - Normal,90
2024-07-11 19:00:00,WLS_CHM_09,SENS_WLS_CHM_09,0.0,0.0,Green - Normal,93
2024-07-11 19:00:00,WLS_MLD_10,SENS_WLS_MLD_10,0.0,0.0,Green - Normal,95
2024-07-11 19:00:00,WLS_DHS_11,SENS_WLS_DHS_11,0.0,0.0,Green - Normal,97
2024-07-11 19:00:00,WLS_CHN_12,SENS_WLS_CHN_12,0.0,0.0,Green - Normal,88
2024-07-11 19:00:00,WLS_WRL_13,SENS_WLS_WRL_13,0.0,0.0,Green - Normal,94
2024-07-11 19:00:00,WLS_BYC_14,SENS_WLS_BYC_14,0.0,0.0,Green - Normal,95
2024-07-11 19:00:00,WLS_MNK_15,SENS_WLS_MNK_15,0.0,0.0,Green - Normal,92
2024-07-11 20:00:00,WLS_HND_01,SENS_WLS_HND_01,0.0,0.0,Green - Normal,97
2024-07-11 20:00:00,WLS_GND_02,SENS_WLS_GND_02,0.0,0.0,Green - Normal,95
2024-07-11 20:00:00,WLS_MLN_03,SENS_WLS_MLN_03,0.0,0.0,Green - Normal,95
2024-07-11 20:00:00,WLS_AND_04,SENS_WLS_AND_04,0.0,0.0,Green - Normal,99
2024-07-11 20:00:00,WLS_KHR_05,SENS_WLS_KHR_05,0.0,0.0,Green - Normal,92
2024-07-11 20:00:00,WLS_KRL_06,SENS_WLS_KRL_06,0.0,0.0,Green - Normal,97
2024-07-11 20:00:00,WLS_SIO_07,SENS_WLS_SIO_07,0.0,0.0,Green - Normal,94
2024-07-11 20:00:00,WLS_DDR_08,SENS_WLS_DDR_08,0.0,0.0,Green - Normal,89
2024-07-11 20:00:00,WLS_CHM_09,SENS_WLS_CHM_09,0.0,0.0,Green - Normal,96
2024-07-11 20:00:00,WLS_MLD_10,SENS_WLS_MLD_10,0.0,0.0,Green - Normal,96
2024-07-11 20:00:00,WLS_DHS_11,SENS_WLS_DHS_11,0.0,0.0,Green - Normal,88
2024-07-11 20:00:00,WLS_CHN_12,SENS_WLS_CHN_12,0.0,0.0,Green - Normal,89
2024-07-11 20:00:00,WLS_WRL_13,SENS_WLS_WRL_13,0.0,0.0,Green - Normal,95
2024-07-11 20:00:00,WLS_BYC_14,SENS_WLS_BYC_14,0.0,0.0,Green - Normal,100
2024-07-11 20:00:00,WLS_MNK_15,SENS_WLS_MNK_15,0.0,0.0,Green - Normal,88
2024-07-11 21:00:00,WLS_HND_01,SENS_WLS_HND_01,0.0,0.0,Green - Normal,89
2024-07-11 21:00:00,WLS_GND_02,SENS_WLS_GND_02,0.0,0.0,Green - Normal,91
2024-07-11 21:00:00,WLS_MLN_03,SENS_WLS_MLN_03,0.0,0.0,Green - Normal,94
2024-07-11 21:00:00,WLS_AND_04,SENS_WLS_AND_04,0.0,0.0,Green - Normal,98
2024-07-11 21:00:00,WLS_KHR_05,SENS_WLS_KHR_05,0.0,0.0,Green - Normal,90
2024-07-11 21:00:00,WLS_KRL_06,SENS_WLS_KRL_06,0.0,0.0,Green - Normal,88
2024-07-11 21:00:00,WLS_SIO_07,SENS_WLS_SIO_07,0.0,0.0,Green - Normal,92
2024-07-11 21:00:00,WLS_DDR_08,SENS_WLS_DDR_08,0.0,0.0,Green - Normal,95
2024-07-11 21:00:00,WLS_CHM_09,SENS_WLS_CHM_09,0.0,0.0,Green - Normal,90
2024-07-11 21:00:00,WLS_MLD_10,SENS_WLS_MLD_10,0.0,0.0,Green - Normal,95
2024-07-11 21:00:00,WLS_DHS_11,SENS_WLS_DHS_11,0.0,0.0,Green - Normal,89
2024-07-11 21:00:00,WLS_CHN_12,SENS_WLS_CHN_12,0.0,0.0,Green - Normal,95
2024-07-11 21:00:00,WLS_WRL_13,SENS_WLS_WRL_13,0.0,0.0,Green - Normal,96
2024-07-11 21:00:00,WLS_BYC_14,SENS_WLS_BYC_14,0.0,0.0,Green - Normal,93
2024-07-11 21:00:00,WLS_MNK_15,SENS_WLS_MNK_15,0.0,0.0,Green - Normal,96
2024-07-11 22:00:00,WLS_HND_01,SENS_WLS_HND_01,4.2,0.0,Green - Normal,98
2024-07-11 22:00:00,WLS_GND_02,SENS_WLS_GND_02,2.3,0.0,Green - Normal,97
2024-07-11 22:00:00,WLS_MLN_03,SENS_WLS_MLN_03,5.5,0.14,Green - Normal,100
2024-07-11 22:00:00,WLS_AND_04,SENS_WLS_AND_04,1.4,0.0,Green - Normal,96
2024-07-11 22:00:00,WLS_KHR_05,SENS_WLS_KHR_05,0.2,0.0,Green - Normal,93
2024-07-11 22:00:00,WLS_KRL_06,SENS_WLS_KRL_06,2.6,0.0,Green - Normal,95
2024-07-11 22:00:00,WLS_SIO_07,SENS_WLS_SIO_07,1.0,0.0,Green - Normal,100
2024-07-11 22:00:00,WLS_DDR_08,SENS_WLS_DDR_08,0.0,0.0,Green - Normal,94
2024-07-11 22:00:00,WLS_CHM_09,SENS_WLS_CHM_09,0.0,0.0,Green - Normal,98
2024-07-11 22:00:00,WLS_MLD_10,SENS_WLS_MLD_10,4.5,0.0,Green - Normal,94
2024-07-11 22:00:00,WLS_DHS_11,SENS_WLS_DHS_11,4.1,0.0,Green - Normal,97
2024-07-11 22:00:00,WLS_CHN_12,SENS_WLS_CHN_12,0.5,0.0,Green - Normal,91
2024-07-11 22:00:00,WLS_WRL_13,SENS_WLS_WRL_13,0.0,0.0,Green - Normal,90
2024-07-11 22:00:00,WLS_BYC_14,SENS_WLS_BYC_14,0.0,0.0,Green - Normal,97
2024-07-11 22:00:00,WLS_MNK_15,SENS_WLS_MNK_15,2.5,0.0,Green - Normal,93
2024-07-11 23:00:00,WLS_HND_01,SENS_WLS_HND_01,0.6,0.0,Green - Normal,99
2024-07-11 23:00:00,WLS_GND_02,SENS_WLS_GND_02,0.0,0.0,Green - Normal,91
2024-07-11 23:00:00,WLS_MLN_03,SENS_WLS_MLN_03,0.0,0.0,Green - Normal,96
2024-07-11 23:00:00,WLS_AND_04,SENS_WLS_AND_04,1.4,0.0,Green - Normal,94
2024-07-11 23:00:00,WLS_KHR_05,SENS_WLS_KHR_05,3.2,0.0,Green - Normal,99
2024-07-11 23:00:00,WLS_KRL_06,SENS_WLS_KRL_06,0.0,0.0,Green - Normal,93
2024-07-11 23:00:00,WLS_SIO_07,SENS_WLS_SIO_07,0.0,0.0,Green - Normal,88
2024-07-11 23:00:00,WLS_DDR_08,SENS_WLS_DDR_08,0.0,0.0,Green - Normal,88
2024-07-11 23:00:00,WLS_CHM_09,SENS_WLS_CHM_09,0.0,0.0,Green - Normal,94
2024-07-11 23:00:00,WLS_MLD_10,SENS_WLS_MLD_10,2.6,0.0,Green - Normal,94
2024-07-11 23:00:00,WLS_DHS_11,SENS_WLS_DHS_11,0.0,0.0,Green - Normal,98
2024-07-11 23:00:00,WLS_CHN_12,SENS_WLS_CHN_12,0.0,0.0,Green - Normal,99
2024-07-11 23:00:00,WLS_WRL_13,SENS_WLS_WRL_13,0.0,0.0,Green - Normal,99
2024-07-11 23:00:00,WLS_BYC_14,SENS_WLS_BYC_14,0.0,0.0,Green - Normal,99
2024-07-11 23:00:00,WLS_MNK_15,SENS_WLS_MNK_15,0.0,0.0,Green - Normal,97
2024-07-12 00:00:00,WLS_HND_01,SENS_WLS_HND_01,0.0,0.0,Green - Normal,90
2024-07-12 00:00:00,WLS_GND_02,SENS_WLS_GND_02,0.0,0.0,Green - Normal,99
2024-07-12 00:00:00,WLS_MLN_03,SENS_WLS_MLN_03,0.0,0.0,Green - Normal,98
2024-07-12 00:00:00,WLS_AND_04,SENS_WLS_AND_04,0.0,0.0,Green - Normal,100
2024-07-12 00:00:00,WLS_KHR_05,SENS_WLS_KHR_05,0.0,0.0,Green - Normal,89
2024-07-12 00:00:00,WLS_KRL_06,SENS_WLS_KRL_06,0.0,0.0,Green - Normal,93
2024-07-12 00:00:00,WLS_SIO_07,SENS_WLS_SIO_07,0.0,0.0,Green - Normal,88
2024-07-12 00:00:00,WLS_DDR_08,SENS_WLS_DDR_08,0.0,0.0,Green - Normal,90
2024-07-12 00:00:00,WLS_CHM_09,SENS_WLS_CHM_09,0.0,0.0,Green - Normal,90
2024-07-12 00:00:00,WLS_MLD_10,SENS_WLS_MLD_10,0.0,0.0,Green - Normal,96
2024-07-12 00:00:00,WLS_DHS_11,SENS_WLS_DHS_11,0.0,0.0,Green - Normal,91
2024-07-12 00:00:00,WLS_CHN_12,SENS_WLS_CHN_12,0.0,0.0,Green - Normal,95
2024-07-12 00:00:00,WLS_WRL_13,SENS_WLS_WRL_13,0.0,0.0,Green - Normal,92
2024-07-12 00:00:00,WLS_BYC_14,SENS_WLS_BYC_14,0.0,0.0,Green - Normal,91
2024-07-12 00:00:00,WLS_MNK_15,SENS_WLS_MNK_15,0.0,0.0,Green - Normal,96
2024-07-12 01:00:00,WLS_HND_01,SENS_WLS_HND_01,0.0,0.0,Green - Normal,91
2024-07-12 01:00:00,WLS_GND_02,SENS_WLS_GND_02,0.0,0.0,Green - Normal,97
2024-07-12 01:00:00,WLS_MLN_03,SENS_WLS_MLN_03,0.0,0.0,Green - Normal,92
2024-07-12 01:00:00,WLS_AND_04,SENS_WLS_AND_04,0.0,0.0,Green - Normal,95
2024-07-12 01:00:00,WLS_KHR_05,SENS_WLS_KHR_05,0.0,0.0,Green - Normal,94
2024-07-12 01:00:00,WLS_KRL_06,SENS_WLS_KRL_06,0.0,0.0,Green - Normal,98
2024-07-12 01:00:00,WLS_SIO_07,SENS_WLS_SIO_07,0.0,0.0,Green - Normal,94
2024-07-12 01:00:00,WLS_DDR_08,SENS_WLS_DDR_08,0.0,0.0,Green - Normal,91
2024-07-12 01:00:00,WLS_CHM_09,SENS_WLS_CHM_09,0.0,0.0,Green - Normal,93
2024-07-12 01:00:00,WLS_MLD_10,SENS_WLS_MLD_10,0.0,0.0,Green - Normal,90
2024-07-12 01:00:00,WLS_DHS_11,SENS_WLS_DHS_11,0.0,0.0,Green - Normal,92
2024-07-12 01:00:00,WLS_CHN_12,SENS_WLS_CHN_12,0.0,0.0,Green - Normal,100
2024-07-12 01:00:00,WLS_WRL_13,SENS_WLS_WRL_13,0.0,0.0,Green - Normal,93
2024-07-12 01:00:00,WLS_BYC_14,SENS_WLS_BYC_14,0.0,0.0,Green - Normal,98
2024-07-12 01:00:00,WLS_MNK_15,SENS_WLS_MNK_15,0.0,0.0,Green - Normal,95
2024-07-12 02:00:00,WLS_HND_01,SENS_WLS_HND_01,17.3,0.15,Amber Alert - Waterlogging,92
2024-07-12 02:00:00,WLS_GND_02,SENS_WLS_GND_02,11.3,1.13,Green - Normal,91
2024-07-12 02:00:00,WLS_MLN_03,SENS_WLS_MLN_03,22.3,1.22,Amber Alert - Waterlogging,95
2024-07-12 02:00:00,WLS_AND_04,SENS_WLS_AND_04,28.6,0.86,Amber Alert - Waterlogging,94
2024-07-12 02:00:00,WLS_KHR_05,SENS_WLS_KHR_05,23.0,0.92,Amber Alert - Waterlogging,100
2024-07-12 02:00:00,WLS_KRL_06,SENS_WLS_KRL_06,16.6,1.09,Amber Alert - Waterlogging,93
2024-07-12 02:00:00,WLS_SIO_07,SENS_WLS_SIO_07,8.7,0.92,Green - Normal,89
2024-07-12 02:00:00,WLS_DDR_08,SENS_WLS_DDR_08,3.2,0.0,Green - Normal,88
2024-07-12 02:00:00,WLS_CHM_09,SENS_WLS_CHM_09,0.0,0.0,Green - Normal,94
2024-07-12 02:00:00,WLS_MLD_10,SENS_WLS_MLD_10,18.6,0.37,Amber Alert - Waterlogging,99
2024-07-12 02:00:00,WLS_DHS_11,SENS_WLS_DHS_11,21.0,0.37,Amber Alert - Waterlogging,100
2024-07-12 02:00:00,WLS_CHN_12,SENS_WLS_CHN_12,11.5,0.59,Green - Normal,91
2024-07-12 02:00:00,WLS_WRL_13,SENS_WLS_WRL_13,5.2,0.98,Green - Normal,92
2024-07-12 02:00:00,WLS_BYC_14,SENS_WLS_BYC_14,9.1,1.04,Green - Normal,92
2024-07-12 02:00:00,WLS_MNK_15,SENS_WLS_MNK_15,17.1,0.41,Amber Alert - Waterlogging,94
2024-07-12 03:00:00,WLS_HND_01,SENS_WLS_HND_01,0.0,0.0,Green - Normal,99
2024-07-12 03:00:00,WLS_GND_02,SENS_WLS_GND_02,0.0,0.0,Green - Normal,90
2024-07-12 03:00:00,WLS_MLN_03,SENS_WLS_MLN_03,0.0,0.0,Green - Normal,96
2024-07-12 03:00:00,WLS_AND_04,SENS_WLS_AND_04,0.0,0.0,Green - Normal,92
2024-07-12 03:00:00,WLS_KHR_05,SENS_WLS_KHR_05,0.0,0.0,Green - Normal,94
2024-07-12 03:00:00,WLS_KRL_06,SENS_WLS_KRL_06,0.0,0.0,Green - Normal,88
2024-07-12 03:00:00,WLS_SIO_07,SENS_WLS_SIO_07,0.0,0.0,Green - Normal,99
2024-07-12 03:00:00,WLS_DDR_08,SENS_WLS_DDR_08,0.0,0.0,Green - Normal,100
2024-07-12 03:00:00,WLS_CHM_09,SENS_WLS_CHM_09,0.0,0.0,Green - Normal,89
2024-07-12 03:00:00,WLS_MLD_10,SENS_WLS_MLD_10,0.0,0.0,Green - Normal,95
2024-07-12 03:00:00,WLS_DHS_11,SENS_WLS_DHS_11,0.0,0.0,Green - Normal,94
2024-07-12 03:00:00,WLS_CHN_12,SENS_WLS_CHN_12,0.0,0.0,Green - Normal,96
2024-07-12 03:00:00,WLS_WRL_13,SENS_WLS_WRL_13,0.0,0.0,Green - Normal,96
2024-07-12 03:00:00,WLS_BYC_14,SENS_WLS_BYC_14,0.0,0.0,Green - Normal,96
2024-07-12 03:00:00,WLS_MNK_15,SENS_WLS_MNK_15,0.0,0.0,Green - Normal,91
2024-07-12 04:00:00,WLS_HND_01,SENS_WLS_HND_01,0.0,0.0,Green - Normal,89
2024-07-12 04:00:00,WLS_GND_02,SENS_WLS_GND_02,0.0,0.0,Green - Normal,90
2024-07-12 04:00:00,WLS_MLN_03,SENS_WLS_MLN_03,0.0,0.0,Green - Normal,92
2024-07-12 04:00:00,WLS_AND_04,SENS_WLS_AND_04,0.0,0.0,Green - Normal,92
2024-07-12 04:00:00,WLS_KHR_05,SENS_WLS_KHR_05,0.0,0.0,Green - Normal,100
2024-07-12 04:00:00,WLS_KRL_06,SENS_WLS_KRL_06,0.0,0.0,Green - Normal,100
2024-07-12 04:00:00,WLS_SIO_07,SENS_WLS_SIO_07,0.0,0.0,Green - Normal,91
2024-07-12 04:00:00,WLS_DDR_08,SENS_WLS_DDR_08,0.0,0.0,Green - Normal,90
2024-07-12 04:00:00,WLS_CHM_09,SENS_WLS_CHM_09,0.0,0.0,Green - Normal,94
2024-07-12 04:00:00,WLS_MLD_10,SENS_WLS_MLD_10,0.0,0.0,Green - Normal,95
2024-07-12 04:00:00,WLS_DHS_11,SENS_WLS_DHS_11,0.0,0.0,Green - Normal,96
2024-07-12 04:00:00,WLS_CHN_12,SENS_WLS_CHN_12,0.0,0.0,Green - Normal,98
2024-07-12 04:00:00,WLS_WRL_13,SENS_WLS_WRL_13,0.0,0.0,Green - Normal,95
2024-07-12 04:00:00,WLS_BYC_14,SENS_WLS_BYC_14,0.0,0.0,Green - Normal,90
2024-07-12 04:00:00,WLS_MNK_15,SENS_WLS_MNK_15,0.0,0.0,Green - Normal,91
2024-07-12 05:00:00,WLS_HND_01,SENS_WLS_HND_01,0.0,0.0,Green - Normal,96
2024-07-12 05:00:00,WLS_GND_02,SENS_WLS_GND_02,0.0,0.0,Green - Normal,94
2024-07-12 05:00:00,WLS_MLN_03,SENS_WLS_MLN_03,0.0,0.0,Green - Normal,91
2024-07-12 05:00:00,WLS_AND_04,SENS_WLS_AND_04,1.4,0.0,Green - Normal,97
2024-07-12 05:00:00,WLS_KHR_05,SENS_WLS_KHR_05,0.0,0.0,Green - Normal,94
2024-07-12 05:00:00,WLS_KRL_06,SENS_WLS_KRL_06,0.0,0.0,Green - Normal,91
2024-07-12 05:00:00,WLS_SIO_07,SENS_WLS_SIO_07,0.0,0.0,Green - Normal,89
2024-07-12 05:00:00,WLS_DDR_08,SENS_WLS_DDR_08,0.0,0.0,Green - Normal,91
2024-07-12 05:00:00,WLS_CHM_09,SENS_WLS_CHM_09,0.0,0.0,Green - Normal,91
2024-07-12 05:00:00,WLS_MLD_10,SENS_WLS_MLD_10,0.0,0.0,Green - Normal,90
2024-07-12 05:00:00,WLS_DHS_11,SENS_WLS_DHS_11,0.0,0.0,Green - Normal,88
2024-07-12 05:00:00,WLS_CHN_12,SENS_WLS_CHN_12,0.0,0.0,Green - Normal,95
2024-07-12 05:00:00,WLS_WRL_13,SENS_WLS_WRL_13,0.0,0.0,Green - Normal,100
2024-07-12 05:00:00,WLS_BYC_14,SENS_WLS_BYC_14,0.0,0.0,Green - Normal,97
2024-07-12 05:00:00,WLS_MNK_15,SENS_WLS_MNK_15,0.0,0.0,Green - Normal,95
2024-07-12 06:00:00,WLS_HND_01,SENS_WLS_HND_01,0.0,0.0,Green - Normal,88
2024-07-12 06:00:00,WLS_GND_02,SENS_WLS_GND_02,0.0,0.0,Green - Normal,88
2024-07-12 06:00:00,WLS_MLN_03,SENS_WLS_MLN_03,0.0,0.0,Green - Normal,90
2024-07-12 06:00:00,WLS_AND_04,SENS_WLS_AND_04,2.1,0.0,Green - Normal,98
2024-07-12 06:00:00,WLS_KHR_05,SENS_WLS_KHR_05,0.0,0.0,Green - Normal,99
2024-07-12 06:00:00,WLS_KRL_06,SENS_WLS_KRL_06,0.0,0.0,Green - Normal,89
2024-07-12 06:00:00,WLS_SIO_07,SENS_WLS_SIO_07,0.0,0.0,Green - Normal,97
2024-07-12 06:00:00,WLS_DDR_08,SENS_WLS_DDR_08,0.0,0.0,Green - Normal,92
2024-07-12 06:00:00,WLS_CHM_09,SENS_WLS_CHM_09,0.0,0.0,Green - Normal,98
2024-07-12 06:00:00,WLS_MLD_10,SENS_WLS_MLD_10,1.5,0.0,Green - Normal,99
2024-07-12 06:00:00,WLS_DHS_11,SENS_WLS_DHS_11,0.0,0.0,Green - Normal,97
2024-07-12 06:00:00,WLS_CHN_12,SENS_WLS_CHN_12,0.0,0.0,Green - Normal,98
2024-07-12 06:00:00,WLS_WRL_13,SENS_WLS_WRL_13,0.0,0.0,Green - Normal,93
2024-07-12 06:00:00,WLS_BYC_14,SENS_WLS_BYC_14,0.0,0.0,Green - Normal,88
2024-07-12 06:00:00,WLS_MNK_15,SENS_WLS_MNK_15,0.0,0.0,Green - Normal,100
2024-07-12 07:00:00,WLS_HND_01,SENS_WLS_HND_01,0.0,0.0,Green - Normal,91
2024-07-12 07:00:00,WLS_GND_02,SENS_WLS_GND_02,0.0,0.0,Green - Normal,92
2024-07-12 07:00:00,WLS_MLN_03,SENS_WLS_MLN_03,0.0,0.0,Green - Normal,90
2024-07-12 07:00:00,WLS_AND_04,SENS_WLS_AND_04,0.0,0.0,Green - Normal,100
2024-07-12 07:00:00,WLS_KHR_05,SENS_WLS_KHR_05,0.0,0.0,Green - Normal,99
2024-07-12 07:00:00,WLS_KRL_06,SENS_WLS_KRL_06,0.0,0.0,Green - Normal,98
2024-07-12 07:00:00,WLS_SIO_07,SENS_WLS_SIO_07,0.0,0.0,Green - Normal,95
2024-07-12 07:00:00,WLS_DDR_08,SENS_WLS_DDR_08,0.0,0.0,Green - Normal,92
2024-07-12 07:00:00,WLS_CHM_09,SENS_WLS_CHM_09,0.0,0.0,Green - Normal,96
2024-07-12 07:00:00,WLS_MLD_10,SENS_WLS_MLD_10,0.0,0.0,Green - Normal,94
2024-07-12 07:00:00,WLS_DHS_11,SENS_WLS_DHS_11,0.0,0.0,Green - Normal,93
2024-07-12 07:00:00,WLS_CHN_12,SENS_WLS_CHN_12,0.0,0.0,Green - Normal,93
2024-07-12 07:00:00,WLS_WRL_13,SENS_WLS_WRL_13,0.0,0.0,Green - Normal,100
2024-07-12 07:00:00,WLS_BYC_14,SENS_WLS_BYC_14,0.0,0.0,Green - Normal,91
2024-07-12 07:00:00,WLS_MNK_15,SENS_WLS_MNK_15,0.0,0.0,Green - Normal,100
2024-07-12 08:00:00,WLS_HND_01,SENS_WLS_HND_01,0.0,0.0,Green - Normal,90
2024-07-12 08:00:00,WLS_GND_02,SENS_WLS_GND_02,0.0,0.0,Green - Normal,95
2024-07-12 08:00:00,WLS_MLN_03,SENS_WLS_MLN_03,0.0,0.0,Green - Normal,96
2024-07-12 08:00:00,WLS_AND_04,SENS_WLS_AND_04,0.0,0.0,Green - Normal,90
2024-07-12 08:00:00,WLS_KHR_05,SENS_WLS_KHR_05,0.0,0.0,Green - Normal,92
2024-07-12 08:00:00,WLS_KRL_06,SENS_WLS_KRL_06,0.0,0.0,Green - Normal,98
2024-07-12 08:00:00,WLS_SIO_07,SENS_WLS_SIO_07,0.0,0.0,Green - Normal,93
2024-07-12 08:00:00,WLS_DDR_08,SENS_WLS_DDR_08,0.0,0.0,Green - Normal,100
2024-07-12 08:00:00,WLS_CHM_09,SENS_WLS_CHM_09,0.0,0.0,Green - Normal,90
2024-07-12 08:00:00,WLS_MLD_10,SENS_WLS_MLD_10,0.0,0.0,Green - Normal,99
2024-07-12 08:00:00,WLS_DHS_11,SENS_WLS_DHS_11,0.0,0.0,Green - Normal,89
2024-07-12 08:00:00,WLS_CHN_12,SENS_WLS_CHN_12,0.0,0.0,Green - Normal,100
2024-07-12 08:00:00,WLS_WRL_13,SENS_WLS_WRL_13,0.0,0.0,Green - Normal,97
2024-07-12 08:00:00,WLS_BYC_14,SENS_WLS_BYC_14,0.0,0.0,Green - Normal,89
2024-07-12 08:00:00,WLS_MNK_15,SENS_WLS_MNK_15,0.0,0.0,Green - Normal,89
2024-07-12 09:00:00,WLS_HND_01,SENS_WLS_HND_01,0.0,0.0,Green - Normal,92
2024-07-12 09:00:00,WLS_GND_02,SENS_WLS_GND_02,0.0,0.0,Green - Normal,92
2024-07-12 09:00:00,WLS_MLN_03,SENS_WLS_MLN_03,0.0,0.0,Green - Normal,97
2024-07-12 09:00:00,WLS_AND_04,SENS_WLS_AND_04,0.0,0.0,Green - Normal,91
2024-07-12 09:00:00,WLS_KHR_05,SENS_WLS_KHR_05,0.0,0.0,Green - Normal,93
2024-07-12 09:00:00,WLS_KRL_06,SENS_WLS_KRL_06,0.0,0.0,Green - Normal,89
2024-07-12 09:00:00,WLS_SIO_07,SENS_WLS_SIO_07,0.0,0.0,Green - Normal,98
2024-07-12 09:00:00,WLS_DDR_08,SENS_WLS_DDR_08,0.0,0.0,Green - Normal,91
2024-07-12 09:00:00,WLS_CHM_09,SENS_WLS_CHM_09,0.0,0.0,Green - Normal,90
2024-07-12 09:00:00,WLS_MLD_10,SENS_WLS_MLD_10,0.0,0.0,Green - Normal,90
2024-07-12 09:00:00,WLS_DHS_11,SENS_WLS_DHS_11,0.0,0.0,Green - Normal,98
2024-07-12 09:00:00,WLS_CHN_12,SENS_WLS_CHN_12,0.0,0.0,Green - Normal,95
2024-07-12 09:00:00,WLS_WRL_13,SENS_WLS_WRL_13,0.0,0.0,Green - Normal,98
2024-07-12 09:00:00,WLS_BYC_14,SENS_WLS_BYC_14,0.0,0.0,Green - Normal,96
2024-07-12 09:00:00,WLS_MNK_15,SENS_WLS_MNK_15,0.0,0.0,Green - Normal,96
2024-07-12 10:00:00,WLS_HND_01,SENS_WLS_HND_01,1.2,0.0,Green - Normal,98
2024-07-12 10:00:00,WLS_GND_02,SENS_WLS_GND_02,4.6,0.0,Green - Normal,98
2024-07-12 10:00:00,WLS_MLN_03,SENS_WLS_MLN_03,5.4,1.39,Green - Normal,91
2024-07-12 10:00:00,WLS_AND_04,SENS_WLS_AND_04,2.4,0.0,Green - Normal,95
2024-07-12 10:00:00,WLS_KHR_05,SENS_WLS_KHR_05,4.6,0.0,Green - Normal,94
2024-07-12 10:00:00,WLS_KRL_06,SENS_WLS_KRL_06,0.0,0.0,Green - Normal,94
2024-07-12 10:00:00,WLS_SIO_07,SENS_WLS_SIO_07,0.0,0.0,Green - Normal,99
2024-07-12 10:00:00,WLS_DDR_08,SENS_WLS_DDR_08,2.5,0.0,Green - Normal,98
2024-07-12 10:00:00,WLS_CHM_09,SENS_WLS_CHM_09,0.7,0.0,Green - Normal,93
2024-07-12 10:00:00,WLS_MLD_10,SENS_WLS_MLD_10,3.6,0.0,Green - Normal,97
2024-07-12 10:00:00,WLS_DHS_11,SENS_WLS_DHS_11,8.1,0.65,Green - Normal,94
2024-07-12 10:00:00,WLS_CHN_12,SENS_WLS_CHN_12,3.7,0.0,Green - Normal,95
2024-07-12 10:00:00,WLS_WRL_13,SENS_WLS_WRL_13,0.0,0.0,Green - Normal,93
2024-07-12 10:00:00,WLS_BYC_14,SENS_WLS_BYC_14,1.9,0.0,Green - Normal,99
2024-07-12 10:00:00,WLS_MNK_15,SENS_WLS_MNK_15,5.2,1.32,Green - Normal,88
2024-07-12 11:00:00,WLS_HND_01,SENS_WLS_HND_01,34.2,0.96,Amber Alert - Waterlogging,96
2024-07-12 11:00:00,WLS_GND_02,SENS_WLS_GND_02,31.1,0.21,Amber Alert - Waterlogging,93
2024-07-12 11:00:00,WLS_MLN_03,SENS_WLS_MLN_03,55.1,1.07,Red Alert - Inundated,97
2024-07-12 11:00:00,WLS_AND_04,SENS_WLS_AND_04,58.0,0.13,Red Alert - Inundated,98
2024-07-12 11:00:00,WLS_KHR_05,SENS_WLS_KHR_05,47.7,0.35,Red Alert - Inundated,95
2024-07-12 11:00:00,WLS_KRL_06,SENS_WLS_KRL_06,32.8,0.74,Amber Alert - Waterlogging,93
2024-07-12 11:00:00,WLS_SIO_07,SENS_WLS_SIO_07,26.6,0.14,Amber Alert - Waterlogging,92
2024-07-12 11:00:00,WLS_DDR_08,SENS_WLS_DDR_08,20.3,0.16,Amber Alert - Waterlogging,96
2024-07-12 11:00:00,WLS_CHM_09,SENS_WLS_CHM_09,13.9,0.76,Green - Normal,97
2024-07-12 11:00:00,WLS_MLD_10,SENS_WLS_MLD_10,41.2,0.52,Amber Alert - Waterlogging,92
2024-07-12 11:00:00,WLS_DHS_11,SENS_WLS_DHS_11,37.1,0.73,Amber Alert - Waterlogging,100
2024-07-12 11:00:00,WLS_CHN_12,SENS_WLS_CHN_12,37.7,0.79,Amber Alert - Waterlogging,97
2024-07-12 11:00:00,WLS_WRL_13,SENS_WLS_WRL_13,7.7,0.43,Green - Normal,93
2024-07-12 11:00:00,WLS_BYC_14,SENS_WLS_BYC_14,26.0,1.39,Amber Alert - Waterlogging,88
2024-07-12 11:00:00,WLS_MNK_15,SENS_WLS_MNK_15,34.8,0.26,Amber Alert - Waterlogging,94
2024-07-12 12:00:00,WLS_HND_01,SENS_WLS_HND_01,0.0,0.0,Green - Normal,97
2024-07-12 12:00:00,WLS_GND_02,SENS_WLS_GND_02,0.0,0.0,Green - Normal,97
2024-07-12 12:00:00,WLS_MLN_03,SENS_WLS_MLN_03,0.0,0.0,Green - Normal,95
2024-07-12 12:00:00,WLS_AND_04,SENS_WLS_AND_04,0.0,0.0,Green - Normal,89
2024-07-12 12:00:00,WLS_KHR_05,SENS_WLS_KHR_05,0.0,0.0,Green - Normal,89
2024-07-12 12:00:00,WLS_KRL_06,SENS_WLS_KRL_06,0.0,0.0,Green - Normal,92
2024-07-12 12:00:00,WLS_SIO_07,SENS_WLS_SIO_07,0.0,0.0,Green - Normal,89
2024-07-12 12:00:00,WLS_DDR_08,SENS_WLS_DDR_08,0.0,0.0,Green - Normal,95
2024-07-12 12:00:00,WLS_CHM_09,SENS_WLS_CHM_09,0.0,0.0,Green - Normal,99
2024-07-12 12:00:00,WLS_MLD_10,SENS_WLS_MLD_10,0.0,0.0,Green - Normal,100
2024-07-12 12:00:00,WLS_DHS_11,SENS_WLS_DHS_11,0.0,0.0,Green - Normal,99
2024-07-12 12:00:00,WLS_CHN_12,SENS_WLS_CHN_12,0.0,0.0,Green - Normal,94
2024-07-12 12:00:00,WLS_WRL_13,SENS_WLS_WRL_13,0.0,0.0,Green - Normal,88
2024-07-12 12:00:00,WLS_BYC_14,SENS_WLS_BYC_14,0.0,0.0,Green - Normal,91
2024-07-12 12:00:00,WLS_MNK_15,SENS_WLS_MNK_15,0.0,0.0,Green - Normal,93
2024-07-12 13:00:00,WLS_HND_01,SENS_WLS_HND_01,0.0,0.0,Green - Normal,97
2024-07-12 13:00:00,WLS_GND_02,SENS_WLS_GND_02,0.0,0.0,Green - Normal,90
2024-07-12 13:00:00,WLS_MLN_03,SENS_WLS_MLN_03,0.0,0.0,Green - Normal,94
2024-07-12 13:00:00,WLS_AND_04,SENS_WLS_AND_04,0.0,0.0,Green - Normal,93
2024-07-12 13:00:00,WLS_KHR_05,SENS_WLS_KHR_05,0.0,0.0,Green - Normal,88
2024-07-12 13:00:00,WLS_KRL_06,SENS_WLS_KRL_06,0.0,0.0,Green - Normal,96
2024-07-12 13:00:00,WLS_SIO_07,SENS_WLS_SIO_07,0.0,0.0,Green - Normal,98
2024-07-12 13:00:00,WLS_DDR_08,SENS_WLS_DDR_08,0.0,0.0,Green - Normal,98
2024-07-12 13:00:00,WLS_CHM_09,SENS_WLS_CHM_09,0.0,0.0,Green - Normal,100
2024-07-12 13:00:00,WLS_MLD_10,SENS_WLS_MLD_10,0.0,0.0,Green - Normal,98
2024-07-12 13:00:00,WLS_DHS_11,SENS_WLS_DHS_11,0.0,0.0,Green - Normal,91
2024-07-12 13:00:00,WLS_CHN_12,SENS_WLS_CHN_12,0.0,0.0,Green - Normal,93
2024-07-12 13:00:00,WLS_WRL_13,SENS_WLS_WRL_13,0.0,0.0,Green - Normal,95
2024-07-12 13:00:00,WLS_BYC_14,SENS_WLS_BYC_14,0.0,0.0,Green - Normal,97
2024-07-12 13:00:00,WLS_MNK_15,SENS_WLS_MNK_15,0.0,0.0,Green - Normal,92
2024-07-12 14:00:00,WLS_HND_01,SENS_WLS_HND_01,0.0,0.0,Green - Normal,90
2024-07-12 14:00:00,WLS_GND_02,SENS_WLS_GND_02,0.0,0.0,Green - Normal,94
2024-07-12 14:00:00,WLS_MLN_03,SENS_WLS_MLN_03,0.0,0.0,Green - Normal,94
2024-07-12 14:00:00,WLS_AND_04,SENS_WLS_AND_04,0.0,0.0,Green - Normal,95
2024-07-12 14:00:00,WLS_KHR_05,SENS_WLS_KHR_05,0.0,0.0,Green - Normal,100
2024-07-12 14:00:00,WLS_KRL_06,SENS_WLS_KRL_06,0.0,0.0,Green - Normal,93
2024-07-12 14:00:00,WLS_SIO_07,SENS_WLS_SIO_07,0.0,0.0,Green - Normal,91
2024-07-12 14:00:00,WLS_DDR_08,SENS_WLS_DDR_08,0.0,0.0,Green - Normal,97
2024-07-12 14:00:00,WLS_CHM_09,SENS_WLS_CHM_09,0.0,0.0,Green - Normal,97
2024-07-12 14:00:00,WLS_MLD_10,SENS_WLS_MLD_10,0.0,0.0,Green - Normal,95
2024-07-12 14:00:00,WLS_DHS_11,SENS_WLS_DHS_11,0.0,0.0,Green - Normal,94
2024-07-12 14:00:00,WLS_CHN_12,SENS_WLS_CHN_12,0.0,0.0,Green - Normal,94
2024-07-12 14:00:00,WLS_WRL_13,SENS_WLS_WRL_13,0.0,0.0,Green - Normal,88
2024-07-12 14:00:00,WLS_BYC_14,SENS_WLS_BYC_14,0.0,0.0,Green - Normal,93
2024-07-12 14:00:00,WLS_MNK_15,SENS_WLS_MNK_15,0.0,0.0,Green - Normal,91
2024-07-12 15:00:00,WLS_HND_01,SENS_WLS_HND_01,0.0,0.0,Green - Normal,95
2024-07-12 15:00:00,WLS_GND_02,SENS_WLS_GND_02,0.0,0.0,Green - Normal,98
2024-07-12 15:00:00,WLS_MLN_03,SENS_WLS_MLN_03,0.0,0.0,Green - Normal,89
2024-07-12 15:00:00,WLS_AND_04,SENS_WLS_AND_04,0.0,0.0,Green - Normal,97
2024-07-12 15:00:00,WLS_KHR_05,SENS_WLS_KHR_05,0.0,0.0,Green - Normal,91
2024-07-12 15:00:00,WLS_KRL_06,SENS_WLS_KRL_06,0.0,0.0,Green - Normal,94
2024-07-12 15:00:00,WLS_SIO_07,SENS_WLS_SIO_07,0.0,0.0,Green - Normal,93
2024-07-12 15:00:00,WLS_DDR_08,SENS_WLS_DDR_08,0.0,0.0,Green - Normal,91
2024-07-12 15:00:00,WLS_CHM_09,SENS_WLS_CHM_09,0.0,0.0,Green - Normal,91
2024-07-12 15:00:00,WLS_MLD_10,SENS_WLS_MLD_10,0.0,0.0,Green - Normal,88
2024-07-12 15:00:00,WLS_DHS_11,SENS_WLS_DHS_11,0.0,0.0,Green - Normal,96
2024-07-12 15:00:00,WLS_CHN_12,SENS_WLS_CHN_12,0.0,0.0,Green - Normal,90
2024-07-12 15:00:00,WLS_WRL_13,SENS_WLS_WRL_13,0.0,0.0,Green - Normal,96
2024-07-12 15:00:00,WLS_BYC_14,SENS_WLS_BYC_14,0.0,0.0,Green - Normal,99
2024-07-12 15:00:00,WLS_MNK_15,SENS_WLS_MNK_15,0.0,0.0,Green - Normal,97
2024-07-12 16:00:00,WLS_HND_01,SENS_WLS_HND_01,0.0,0.0,Green - Normal,89
2024-07-12 16:00:00,WLS_GND_02,SENS_WLS_GND_02,0.0,0.0,Green - Normal,93
2024-07-12 16:00:00,WLS_MLN_03,SENS_WLS_MLN_03,0.0,0.0,Green - Normal,93
2024-07-12 16:00:00,WLS_AND_04,SENS_WLS_AND_04,0.0,0.0,Green - Normal,98
2024-07-12 16:00:00,WLS_KHR_05,SENS_WLS_KHR_05,0.0,0.0,Green - Normal,91
2024-07-12 16:00:00,WLS_KRL_06,SENS_WLS_KRL_06,0.0,0.0,Green - Normal,100
2024-07-12 16:00:00,WLS_SIO_07,SENS_WLS_SIO_07,0.0,0.0,Green - Normal,92
2024-07-12 16:00:00,WLS_DDR_08,SENS_WLS_DDR_08,0.0,0.0,Green - Normal,100
2024-07-12 16:00:00,WLS_CHM_09,SENS_WLS_CHM_09,0.0,0.0,Green - Normal,93
2024-07-12 16:00:00,WLS_MLD_10,SENS_WLS_MLD_10,0.0,0.0,Green - Normal,94
2024-07-12 16:00:00,WLS_DHS_11,SENS_WLS_DHS_11,0.0,0.0,Green - Normal,88
2024-07-12 16:00:00,WLS_CHN_12,SENS_WLS_CHN_12,0.0,0.0,Green - Normal,95
2024-07-12 16:00:00,WLS_WRL_13,SENS_WLS_WRL_13,0.0,0.0,Green - Normal,88
2024-07-12 16:00:00,WLS_BYC_14,SENS_WLS_BYC_14,0.0,0.0,Green - Normal,92
2024-07-12 16:00:00,WLS_MNK_15,SENS_WLS_MNK_15,0.0,0.0,Green - Normal,96
2024-07-12 17:00:00,WLS_HND_01,SENS_WLS_HND_01,0.0,0.0,Green - Normal,94
2024-07-12 17:00:00,WLS_GND_02,SENS_WLS_GND_02,0.0,0.0,Green - Normal,88
2024-07-12 17:00:00,WLS_MLN_03,SENS_WLS_MLN_03,0.0,0.0,Green - Normal,99
2024-07-12 17:00:00,WLS_AND_04,SENS_WLS_AND_04,0.0,0.0,Green - Normal,93
2024-07-12 17:00:00,WLS_KHR_05,SENS_WLS_KHR_05,0.0,0.0,Green - Normal,94
2024-07-12 17:00:00,WLS_KRL_06,SENS_WLS_KRL_06,0.0,0.0,Green - Normal,91
2024-07-12 17:00:00,WLS_SIO_07,SENS_WLS_SIO_07,0.0,0.0,Green - Normal,92
2024-07-12 17:00:00,WLS_DDR_08,SENS_WLS_DDR_08,0.0,0.0,Green - Normal,100
2024-07-12 17:00:00,WLS_CHM_09,SENS_WLS_CHM_09,0.0,0.0,Green - Normal,89
2024-07-12 17:00:00,WLS_MLD_10,SENS_WLS_MLD_10,0.0,0.0,Green - Normal,91
2024-07-12 17:00:00,WLS_DHS_11,SENS_WLS_DHS_11,0.0,0.0,Green - Normal,98
2024-07-12 17:00:00,WLS_CHN_12,SENS_WLS_CHN_12,0.0,0.0,Green - Normal,97
2024-07-12 17:00:00,WLS_WRL_13,SENS_WLS_WRL_13,0.0,0.0,Green - Normal,99
2024-07-12 17:00:00,WLS_BYC_14,SENS_WLS_BYC_14,0.0,0.0,Green - Normal,88
2024-07-12 17:00:00,WLS_MNK_15,SENS_WLS_MNK_15,0.0,0.0,Green - Normal,100
2024-07-12 18:00:00,WLS_HND_01,SENS_WLS_HND_01,1.2,0.0,Green - Normal,93
2024-07-12 18:00:00,WLS_GND_02,SENS_WLS_GND_02,0.0,0.0,Green - Normal,93
2024-07-12 18:00:00,WLS_MLN_03,SENS_WLS_MLN_03,6.2,0.63,Green - Normal,96
2024-07-12 18:00:00,WLS_AND_04,SENS_WLS_AND_04,7.8,0.79,Green - Normal,90
2024-07-12 18:00:00,WLS_KHR_05,SENS_WLS_KHR_05,7.9,1.34,Green - Normal,94
2024-07-12 18:00:00,WLS_KRL_06,SENS_WLS_KRL_06,0.0,0.0,Green - Normal,95
2024-07-12 18:00:00,WLS_SIO_07,SENS_WLS_SIO_07,5.9,0.24,Green - Normal,89
2024-07-12 18:00:00,WLS_DDR_08,SENS_WLS_DDR_08,1.2,0.0,Green - Normal,91
2024-07-12 18:00:00,WLS_CHM_09,SENS_WLS_CHM_09,0.0,0.0,Green - Normal,93
2024-07-12 18:00:00,WLS_MLD_10,SENS_WLS_MLD_10,9.8,1.04,Green - Normal,90
2024-07-12 18:00:00,WLS_DHS_11,SENS_WLS_DHS_11,7.8,1.13,Green - Normal,91
2024-07-12 18:00:00,WLS_CHN_12,SENS_WLS_CHN_12,2.6,0.0,Green - Normal,95
2024-07-12 18:00:00,WLS_WRL_13,SENS_WLS_WRL_13,0.0,0.0,Green - Normal,92
2024-07-12 18:00:00,WLS_BYC_14,SENS_WLS_BYC_14,5.1,0.72,Green - Normal,95
2024-07-12 18:00:00,WLS_MNK_15,SENS_WLS_MNK_15,1.6,0.0,Green - Normal,97
2024-07-12 19:00:00,WLS_HND_01,SENS_WLS_HND_01,0.0,0.0,Green - Normal,89
2024-07-12 19:00:00,WLS_GND_02,SENS_WLS_GND_02,0.0,0.0,Green - Normal,94
2024-07-12 19:00:00,WLS_MLN_03,SENS_WLS_MLN_03,0.0,0.0,Green - Normal,90
2024-07-12 19:00:00,WLS_AND_04,SENS_WLS_AND_04,0.0,0.0,Green - Normal,89
2024-07-12 19:00:00,WLS_KHR_05,SENS_WLS_KHR_05,0.0,0.0,Green - Normal,88
2024-07-12 19:00:00,WLS_KRL_06,SENS_WLS_KRL_06,0.0,0.0,Green - Normal,90
2024-07-12 19:00:00,WLS_SIO_07,SENS_WLS_SIO_07,0.0,0.0,Green - Normal,88
2024-07-12 19:00:00,WLS_DDR_08,SENS_WLS_DDR_08,0.0,0.0,Green - Normal,91
2024-07-12 19:00:00,WLS_CHM_09,SENS_WLS_CHM_09,0.0,0.0,Green - Normal,92
2024-07-12 19:00:00,WLS_MLD_10,SENS_WLS_MLD_10,0.0,0.0,Green - Normal,98
2024-07-12 19:00:00,WLS_DHS_11,SENS_WLS_DHS_11,0.0,0.0,Green - Normal,97
2024-07-12 19:00:00,WLS_CHN_12,SENS_WLS_CHN_12,0.0,0.0,Green - Normal,98
2024-07-12 19:00:00,WLS_WRL_13,SENS_WLS_WRL_13,0.0,0.0,Green - Normal,97
2024-07-12 19:00:00,WLS_BYC_14,SENS_WLS_BYC_14,0.0,0.0,Green - Normal,94
2024-07-12 19:00:00,WLS_MNK_15,SENS_WLS_MNK_15,0.0,0.0,Green - Normal,96
2024-07-12 20:00:00,WLS_HND_01,SENS_WLS_HND_01,0.0,0.0,Green - Normal,96
2024-07-12 20:00:00,WLS_GND_02,SENS_WLS_GND_02,0.0,0.0,Green - Normal,99
2024-07-12 20:00:00,WLS_MLN_03,SENS_WLS_MLN_03,0.0,0.0,Green - Normal,89
2024-07-12 20:00:00,WLS_AND_04,SENS_WLS_AND_04,0.0,0.0,Green - Normal,89
2024-07-12 20:00:00,WLS_KHR_05,SENS_WLS_KHR_05,0.0,0.0,Green - Normal,88
2024-07-12 20:00:00,WLS_KRL_06,SENS_WLS_KRL_06,0.0,0.0,Green - Normal,93
2024-07-12 20:00:00,WLS_SIO_07,SENS_WLS_SIO_07,0.0,0.0,Green - Normal,94
2024-07-12 20:00:00,WLS_DDR_08,SENS_WLS_DDR_08,0.0,0.0,Green - Normal,99
2024-07-12 20:00:00,WLS_CHM_09,SENS_WLS_CHM_09,0.0,0.0,Green - Normal,88
2024-07-12 20:00:00,WLS_MLD_10,SENS_WLS_MLD_10,0.0,0.0,Green - Normal,92
2024-07-12 20:00:00,WLS_DHS_11,SENS_WLS_DHS_11,0.0,0.0,Green - Normal,98
2024-07-12 20:00:00,WLS_CHN_12,SENS_WLS_CHN_12,0.0,0.0,Green - Normal,99
2024-07-12 20:00:00,WLS_WRL_13,SENS_WLS_WRL_13,0.0,0.0,Green - Normal,100
2024-07-12 20:00:00,WLS_BYC_14,SENS_WLS_BYC_14,0.0,0.0,Green - Normal,89
2024-07-12 20:00:00,WLS_MNK_15,SENS_WLS_MNK_15,0.0,0.0,Green - Normal,95
2024-07-12 21:00:00,WLS_HND_01,SENS_WLS_HND_01,0.0,0.0,Green - Normal,90
2024-07-12 21:00:00,WLS_GND_02,SENS_WLS_GND_02,0.0,0.0,Green - Normal,88
2024-07-12 21:00:00,WLS_MLN_03,SENS_WLS_MLN_03,0.0,0.0,Green - Normal,90
2024-07-12 21:00:00,WLS_AND_04,SENS_WLS_AND_04,0.0,0.0,Green - Normal,100
2024-07-12 21:00:00,WLS_KHR_05,SENS_WLS_KHR_05,0.0,0.0,Green - Normal,93
2024-07-12 21:00:00,WLS_KRL_06,SENS_WLS_KRL_06,0.0,0.0,Green - Normal,89
2024-07-12 21:00:00,WLS_SIO_07,SENS_WLS_SIO_07,0.0,0.0,Green - Normal,88
2024-07-12 21:00:00,WLS_DDR_08,SENS_WLS_DDR_08,0.0,0.0,Green - Normal,93
2024-07-12 21:00:00,WLS_CHM_09,SENS_WLS_CHM_09,0.0,0.0,Green - Normal,96
2024-07-12 21:00:00,WLS_MLD_10,SENS_WLS_MLD_10,0.0,0.0,Green - Normal,97
2024-07-12 21:00:00,WLS_DHS_11,SENS_WLS_DHS_11,0.0,0.0,Green - Normal,100
2024-07-12 21:00:00,WLS_CHN_12,SENS_WLS_CHN_12,0.0,0.0,Green - Normal,98
2024-07-12 21:00:00,WLS_WRL_13,SENS_WLS_WRL_13,0.0,0.0,Green - Normal,97
2024-07-12 21:00:00,WLS_BYC_14,SENS_WLS_BYC_14,0.0,0.0,Green - Normal,99
2024-07-12 21:00:00,WLS_MNK_15,SENS_WLS_MNK_15,0.0,0.0,Green - Normal,97
2024-07-12 22:00:00,WLS_HND_01,SENS_WLS_HND_01,0.0,0.0,Green - Normal,90
2024-07-12 22:00:00,WLS_GND_02,SENS_WLS_GND_02,0.0,0.0,Green - Normal,100
2024-07-12 22:00:00,WLS_MLN_03,SENS_WLS_MLN_03,0.0,0.0,Green - Normal,92
2024-07-12 22:00:00,WLS_AND_04,SENS_WLS_AND_04,0.0,0.0,Green - Normal,95
2024-07-12 22:00:00,WLS_KHR_05,SENS_WLS_KHR_05,0.0,0.0,Green - Normal,96
2024-07-12 22:00:00,WLS_KRL_06,SENS_WLS_KRL_06,0.0,0.0,Green - Normal,100
2024-07-12 22:00:00,WLS_SIO_07,SENS_WLS_SIO_07,0.0,0.0,Green - Normal,90
2024-07-12 22:00:00,WLS_DDR_08,SENS_WLS_DDR_08,0.0,0.0,Green - Normal,96
2024-07-12 22:00:00,WLS_CHM_09,SENS_WLS_CHM_09,0.0,0.0,Green - Normal,98
2024-07-12 22:00:00,WLS_MLD_10,SENS_WLS_MLD_10,0.0,0.0,Green - Normal,96
2024-07-12 22:00:00,WLS_DHS_11,SENS_WLS_DHS_11,0.0,0.0,Green - Normal,92
2024-07-12 22:00:00,WLS_CHN_12,SENS_WLS_CHN_12,0.0,0.0,Green - Normal,89
2024-07-12 22:00:00,WLS_WRL_13,SENS_WLS_WRL_13,0.0,0.0,Green - Normal,96
2024-07-12 22:00:00,WLS_BYC_14,SENS_WLS_BYC_14,0.0,0.0,Green - Normal,94
2024-07-12 22:00:00,WLS_MNK_15,SENS_WLS_MNK_15,0.0,0.0,Green - Normal,95
2024-07-12 23:00:00,WLS_HND_01,SENS_WLS_HND_01,0.0,0.0,Green - Normal,91
2024-07-12 23:00:00,WLS_GND_02,SENS_WLS_GND_02,0.0,0.0,Green - Normal,98
2024-07-12 23:00:00,WLS_MLN_03,SENS_WLS_MLN_03,0.0,0.0,Green - Normal,97
2024-07-12 23:00:00,WLS_AND_04,SENS_WLS_AND_04,0.0,0.0,Green - Normal,96
2024-07-12 23:00:00,WLS_KHR_05,SENS_WLS_KHR_05,0.0,0.0,Green - Normal,90
2024-07-12 23:00:00,WLS_KRL_06,SENS_WLS_KRL_06,0.0,0.0,Green - Normal,96
2024-07-12 23:00:00,WLS_SIO_07,SENS_WLS_SIO_07,0.0,0.0,Green - Normal,88
2024-07-12 23:00:00,WLS_DDR_08,SENS_WLS_DDR_08,0.0,0.0,Green - Normal,93
2024-07-12 23:00:00,WLS_CHM_09,SENS_WLS_CHM_09,0.0,0.0,Green - Normal,92
2024-07-12 23:00:00,WLS_MLD_10,SENS_WLS_MLD_10,0.0,0.0,Green - Normal,95
2024-07-12 23:00:00,WLS_DHS_11,SENS_WLS_DHS_11,0.0,0.0,Green - Normal,89
2024-07-12 23:00:00,WLS_CHN_12,SENS_WLS_CHN_12,0.0,0.0,Green - Normal,99
2024-07-12 23:00:00,WLS_WRL_13,SENS_WLS_WRL_13,0.0,0.0,Green - Normal,96
2024-07-12 23:00:00,WLS_BYC_14,SENS_WLS_BYC_14,0.0,0.0,Green - Normal,90
2024-07-12 23:00:00,WLS_MNK_15,SENS_WLS_MNK_15,0.0,0.0,Green - Normal,98
2024-07-13 00:00:00,WLS_HND_01,SENS_WLS_HND_01,3.9,0.0,Green - Normal,93
2024-07-13 00:00:00,WLS_GND_02,SENS_WLS_GND_02,0.0,0.0,Green - Normal,97
2024-07-13 00:00:00,WLS_MLN_03,SENS_WLS_MLN_03,0.0,0.0,Green - Normal,89
2024-07-13 00:00:00,WLS_AND_04,SENS_WLS_AND_04,6.9,1.3,Green - Normal,98
2024-07-13 00:00:00,WLS_KHR_05,SENS_WLS_KHR_05,0.0,0.0,Green - Normal,93
2024-07-13 00:00:00,WLS_KRL_06,SENS_WLS_KRL_06,0.0,0.0,Green - Normal,95
2024-07-13 00:00:00,WLS_SIO_07,SENS_WLS_SIO_07,1.6,0.0,Green - Normal,89
2024-07-13 00:00:00,WLS_DDR_08,SENS_WLS_DDR_08,0.0,0.0,Green - Normal,97
2024-07-13 00:00:00,WLS_CHM_09,SENS_WLS_CHM_09,0.0,0.0,Green - Normal,99
2024-07-13 00:00:00,WLS_MLD_10,SENS_WLS_MLD_10,3.1,0.0,Green - Normal,91
2024-07-13 00:00:00,WLS_DHS_11,SENS_WLS_DHS_11,0.0,0.0,Green - Normal,90
2024-07-13 00:00:00,WLS_CHN_12,SENS_WLS_CHN_12,0.5,0.0,Green - Normal,100
2024-07-13 00:00:00,WLS_WRL_13,SENS_WLS_WRL_13,0.0,0.0,Green - Normal,100
2024-07-13 00:00:00,WLS_BYC_14,SENS_WLS_BYC_14,0.0,0.0,Green - Normal,97
2024-07-13 00:00:00,WLS_MNK_15,SENS_WLS_MNK_15,4.2,0.0,Green - Normal,97
2024-07-13 01:00:00,WLS_HND_01,SENS_WLS_HND_01,0.0,0.0,Green - Normal,93
2024-07-13 01:00:00,WLS_GND_02,SENS_WLS_GND_02,0.0,0.0,Green - Normal,89
2024-07-13 01:00:00,WLS_MLN_03,SENS_WLS_MLN_03,0.0,0.0,Green - Normal,94
2024-07-13 01:00:00,WLS_AND_04,SENS_WLS_AND_04,0.0,0.0,Green - Normal,89
2024-07-13 01:00:00,WLS_KHR_05,SENS_WLS_KHR_05,0.0,0.0,Green - Normal,93
2024-07-13 01:00:00,WLS_KRL_06,SENS_WLS_KRL_06,0.0,0.0,Green - Normal,93
2024-07-13 01:00:00,WLS_SIO_07,SENS_WLS_SIO_07,0.0,0.0,Green - Normal,91
2024-07-13 01:00:00,WLS_DDR_08,SENS_WLS_DDR_08,0.0,0.0,Green - Normal,92
2024-07-13 01:00:00,WLS_CHM_09,SENS_WLS_CHM_09,0.0,0.0,Green - Normal,91
2024-07-13 01:00:00,WLS_MLD_10,SENS_WLS_MLD_10,0.0,0.0,Green - Normal,95
2024-07-13 01:00:00,WLS_DHS_11,SENS_WLS_DHS_11,0.0,0.0,Green - Normal,91
2024-07-13 01:00:00,WLS_CHN_12,SENS_WLS_CHN_12,0.0,0.0,Green - Normal,99
2024-07-13 01:00:00,WLS_WRL_13,SENS_WLS_WRL_13,0.0,0.0,Green - Normal,95
2024-07-13 01:00:00,WLS_BYC_14,SENS_WLS_BYC_14,0.0,0.0,Green - Normal,90
2024-07-13 01:00:00,WLS_MNK_15,SENS_WLS_MNK_15,0.0,0.0,Green - Normal,97
2024-07-13 02:00:00,WLS_HND_01,SENS_WLS_HND_01,0.0,0.0,Green - Normal,94
2024-07-13 02:00:00,WLS_GND_02,SENS_WLS_GND_02,0.0,0.0,Green - Normal,91
2024-07-13 02:00:00,WLS_MLN_03,SENS_WLS_MLN_03,0.0,0.0,Green - Normal,91
2024-07-13 02:00:00,WLS_AND_04,SENS_WLS_AND_04,0.0,0.0,Green - Normal,89
2024-07-13 02:00:00,WLS_KHR_05,SENS_WLS_KHR_05,0.0,0.0,Green - Normal,90
2024-07-13 02:00:00,WLS_KRL_06,SENS_WLS_KRL_06,0.0,0.0,Green - Normal,95
2024-07-13 02:00:00,WLS_SIO_07,SENS_WLS_SIO_07,0.0,0.0,Green - Normal,88
2024-07-13 02:00:00,WLS_DDR_08,SENS_WLS_DDR_08,0.0,0.0,Green - Normal,97
2024-07-13 02:00:00,WLS_CHM_09,SENS_WLS_CHM_09,0.0,0.0,Green - Normal,94
2024-07-13 02:00:00,WLS_MLD_10,SENS_WLS_MLD_10,0.0,0.0,Green - Normal,88
2024-07-13 02:00:00,WLS_DHS_11,SENS_WLS_DHS_11,0.0,0.0,Green - Normal,93
2024-07-13 02:00:00,WLS_CHN_12,SENS_WLS_CHN_12,0.0,0.0,Green - Normal,92
2024-07-13 02:00:00,WLS_WRL_13,SENS_WLS_WRL_13,0.0,0.0,Green - Normal,90
2024-07-13 02:00:00,WLS_BYC_14,SENS_WLS_BYC_14,0.0,0.0,Green - Normal,95
2024-07-13 02:00:00,WLS_MNK_15,SENS_WLS_MNK_15,0.0,0.0,Green - Normal,100
2024-07-13 03:00:00,WLS_HND_01,SENS_WLS_HND_01,20.8,0.14,Amber Alert - Waterlogging,92
2024-07-13 03:00:00,WLS_GND_02,SENS_WLS_GND_02,19.2,0.32,Amber Alert - Waterlogging,93
2024-07-13 03:00:00,WLS_MLN_03,SENS_WLS_MLN_03,26.3,0.97,Amber Alert - Waterlogging,93
2024-07-13 03:00:00,WLS_AND_04,SENS_WLS_AND_04,33.9,0.53,Amber Alert - Waterlogging,94
2024-07-13 03:00:00,WLS_KHR_05,SENS_WLS_KHR_05,30.3,0.54,Amber Alert - Waterlogging,90
2024-07-13 03:00:00,WLS_KRL_06,SENS_WLS_KRL_06,11.4,0.43,Green - Normal,92
2024-07-13 03:00:00,WLS_SIO_07,SENS_WLS_SIO_07,12.8,0.1,Green - Normal,91
2024-07-13 03:00:00,WLS_DDR_08,SENS_WLS_DDR_08,5.0,0.0,Green - Normal,93
2024-07-13 03:00:00,WLS_CHM_09,SENS_WLS_CHM_09,6.9,0.4,Green - Normal,95
2024-07-13 03:00:00,WLS_MLD_10,SENS_WLS_MLD_10,26.2,0.4,Amber Alert - Waterlogging,91
2024-07-13 03:00:00,WLS_DHS_11,SENS_WLS_DHS_11,24.5,1.25,Amber Alert - Waterlogging,96
2024-07-13 03:00:00,WLS_CHN_12,SENS_WLS_CHN_12,21.4,1.36,Amber Alert - Waterlogging,89
2024-07-13 03:00:00,WLS_WRL_13,SENS_WLS_WRL_13,4.2,0.0,Green - Normal,91
2024-07-13 03:00:00,WLS_BYC_14,SENS_WLS_BYC_14,15.1,0.68,Amber Alert - Waterlogging,94
2024-07-13 03:00:00,WLS_MNK_15,SENS_WLS_MNK_15,19.8,0.57,Amber Alert - Waterlogging,93
2024-07-13 04:00:00,WLS_HND_01,SENS_WLS_HND_01,0.0,0.0,Green - Normal,88
2024-07-13 04:00:00,WLS_GND_02,SENS_WLS_GND_02,0.0,0.0,Green - Normal,91
2024-07-13 04:00:00,WLS_MLN_03,SENS_WLS_MLN_03,0.0,0.0,Green - Normal,97
2024-07-13 04:00:00,WLS_AND_04,SENS_WLS_AND_04,0.0,0.0,Green - Normal,91
2024-07-13 04:00:00,WLS_KHR_05,SENS_WLS_KHR_05,0.0,0.0,Green - Normal,91
2024-07-13 04:00:00,WLS_KRL_06,SENS_WLS_KRL_06,0.0,0.0,Green - Normal,95
2024-07-13 04:00:00,WLS_SIO_07,SENS_WLS_SIO_07,0.0,0.0,Green - Normal,89
2024-07-13 04:00:00,WLS_DDR_08,SENS_WLS_DDR_08,0.0,0.0,Green - Normal,90
2024-07-13 04:00:00,WLS_CHM_09,SENS_WLS_CHM_09,0.0,0.0,Green - Normal,100
2024-07-13 04:00:00,WLS_MLD_10,SENS_WLS_MLD_10,0.0,0.0,Green - Normal,92
2024-07-13 04:00:00,WLS_DHS_11,SENS_WLS_DHS_11,0.0,0.0,Green - Normal,98
2024-07-13 04:00:00,WLS_CHN_12,SENS_WLS_CHN_12,0.0,0.0,Green - Normal,99
2024-07-13 04:00:00,WLS_WRL_13,SENS_WLS_WRL_13,0.0,0.0,Green - Normal,89
2024-07-13 04:00:00,WLS_BYC_14,SENS_WLS_BYC_14,0.0,0.0,Green - Normal,96
2024-07-13 04:00:00,WLS_MNK_15,SENS_WLS_MNK_15,0.0,0.0,Green - Normal,99
2024-07-13 05:00:00,WLS_HND_01,SENS_WLS_HND_01,0.0,0.0,Green - Normal,95
2024-07-13 05:00:00,WLS_GND_02,SENS_WLS_GND_02,0.0,0.0,Green - Normal,90
2024-07-13 05:00:00,WLS_MLN_03,SENS_WLS_MLN_03,0.0,0.0,Green - Normal,88
2024-07-13 05:00:00,WLS_AND_04,SENS_WLS_AND_04,0.0,0.0,Green - Normal,96
2024-07-13 05:00:00,WLS_KHR_05,SENS_WLS_KHR_05,0.0,0.0,Green - Normal,96
2024-07-13 05:00:00,WLS_KRL_06,SENS_WLS_KRL_06,0.0,0.0,Green - Normal,94
2024-07-13 05:00:00,WLS_SIO_07,SENS_WLS_SIO_07,0.0,0.0,Green - Normal,95
2024-07-13 05:00:00,WLS_DDR_08,SENS_WLS_DDR_08,0.0,0.0,Green - Normal,96
2024-07-13 05:00:00,WLS_CHM_09,SENS_WLS_CHM_09,0.0,0.0,Green - Normal,91
2024-07-13 05:00:00,WLS_MLD_10,SENS_WLS_MLD_10,0.0,0.0,Green - Normal,96
2024-07-13 05:00:00,WLS_DHS_11,SENS_WLS_DHS_11,0.0,0.0,Green - Normal,90
2024-07-13 05:00:00,WLS_CHN_12,SENS_WLS_CHN_12,0.0,0.0,Green - Normal,90
2024-07-13 05:00:00,WLS_WRL_13,SENS_WLS_WRL_13,0.0,0.0,Green - Normal,97
2024-07-13 05:00:00,WLS_BYC_14,SENS_WLS_BYC_14,0.0,0.0,Green - Normal,88
2024-07-13 05:00:00,WLS_MNK_15,SENS_WLS_MNK_15,0.0,0.0,Green - Normal,89
2024-07-13 06:00:00,WLS_HND_01,SENS_WLS_HND_01,0.0,0.0,Green - Normal,98
2024-07-13 06:00:00,WLS_GND_02,SENS_WLS_GND_02,0.0,0.0,Green - Normal,97
2024-07-13 06:00:00,WLS_MLN_03,SENS_WLS_MLN_03,0.0,0.0,Green - Normal,94
2024-07-13 06:00:00,WLS_AND_04,SENS_WLS_AND_04,0.0,0.0,Green - Normal,93
2024-07-13 06:00:00,WLS_KHR_05,SENS_WLS_KHR_05,0.0,0.0,Green - Normal,100
2024-07-13 06:00:00,WLS_KRL_06,SENS_WLS_KRL_06,0.0,0.0,Green - Normal,94
2024-07-13 06:00:00,WLS_SIO_07,SENS_WLS_SIO_07,0.0,0.0,Green - Normal,88
2024-07-13 06:00:00,WLS_DDR_08,SENS_WLS_DDR_08,0.0,0.0,Green - Normal,100
2024-07-13 06:00:00,WLS_CHM_09,SENS_WLS_CHM_09,0.0,0.0,Green - Normal,94
2024-07-13 06:00:00,WLS_MLD_10,SENS_WLS_MLD_10,0.0,0.0,Green - Normal,97
2024-07-13 06:00:00,WLS_DHS_11,SENS_WLS_DHS_11,0.0,0.0,Green - Normal,88
2024-07-13 06:00:00,WLS_CHN_12,SENS_WLS_CHN_12,0.0,0.0,Green - Normal,89
2024-07-13 06:00:00,WLS_WRL_13,SENS_WLS_WRL_13,0.0,0.0,Green - Normal,91
2024-07-13 06:00:00,WLS_BYC_14,SENS_WLS_BYC_14,0.0,0.0,Green - Normal,88
2024-07-13 06:00:00,WLS_MNK_15,SENS_WLS_MNK_15,0.0,0.0,Green - Normal,100
2024-07-13 07:00:00,WLS_HND_01,SENS_WLS_HND_01,0.5,0.0,Green - Normal,90
2024-07-13 07:00:00,WLS_GND_02,SENS_WLS_GND_02,0.0,0.0,Green - Normal,89
2024-07-13 07:00:00,WLS_MLN_03,SENS_WLS_MLN_03,4.7,0.0,Green - Normal,96
2024-07-13 07:00:00,WLS_AND_04,SENS_WLS_AND_04,0.0,0.0,Green - Normal,88
2024-07-13 07:00:00,WLS_KHR_05,SENS_WLS_KHR_05,0.0,0.0,Green - Normal,90
2024-07-13 07:00:00,WLS_KRL_06,SENS_WLS_KRL_06,0.0,0.0,Green - Normal,90
2024-07-13 07:00:00,WLS_SIO_07,SENS_WLS_SIO_07,0.0,0.0,Green - Normal,95
2024-07-13 07:00:00,WLS_DDR_08,SENS_WLS_DDR_08,0.0,0.0,Green - Normal,89
2024-07-13 07:00:00,WLS_CHM_09,SENS_WLS_CHM_09,0.0,0.0,Green - Normal,97
2024-07-13 07:00:00,WLS_MLD_10,SENS_WLS_MLD_10,0.0,0.0,Green - Normal,91
2024-07-13 07:00:00,WLS_DHS_11,SENS_WLS_DHS_11,2.4,0.0,Green - Normal,92
2024-07-13 07:00:00,WLS_CHN_12,SENS_WLS_CHN_12,0.0,0.0,Green - Normal,98
2024-07-13 07:00:00,WLS_WRL_13,SENS_WLS_WRL_13,0.0,0.0,Green - Normal,100
2024-07-13 07:00:00,WLS_BYC_14,SENS_WLS_BYC_14,0.0,0.0,Green - Normal,88
2024-07-13 07:00:00,WLS_MNK_15,SENS_WLS_MNK_15,1.6,0.0,Green - Normal,90
2024-07-13 08:00:00,WLS_HND_01,SENS_WLS_HND_01,0.0,0.0,Green - Normal,99
2024-07-13 08:00:00,WLS_GND_02,SENS_WLS_GND_02,0.0,0.0,Green - Normal,100
2024-07-13 08:00:00,WLS_MLN_03,SENS_WLS_MLN_03,0.0,0.0,Green - Normal,99
2024-07-13 08:00:00,WLS_AND_04,SENS_WLS_AND_04,0.0,0.0,Green - Normal,88
2024-07-13 08:00:00,WLS_KHR_05,SENS_WLS_KHR_05,0.0,0.0,Green - Normal,91
2024-07-13 08:00:00,WLS_KRL_06,SENS_WLS_KRL_06,0.0,0.0,Green - Normal,94
2024-07-13 08:00:00,WLS_SIO_07,SENS_WLS_SIO_07,0.0,0.0,Green - Normal,94
2024-07-13 08:00:00,WLS_DDR_08,SENS_WLS_DDR_08,0.0,0.0,Green - Normal,91
2024-07-13 08:00:00,WLS_CHM_09,SENS_WLS_CHM_09,0.0,0.0,Green - Normal,91
2024-07-13 08:00:00,WLS_MLD_10,SENS_WLS_MLD_10,0.0,0.0,Green - Normal,97
2024-07-13 08:00:00,WLS_DHS_11,SENS_WLS_DHS_11,0.0,0.0,Green - Normal,94
2024-07-13 08:00:00,WLS_CHN_12,SENS_WLS_CHN_12,0.0,0.0,Green - Normal,97
2024-07-13 08:00:00,WLS_WRL_13,SENS_WLS_WRL_13,0.0,0.0,Green - Normal,94
2024-07-13 08:00:00,WLS_BYC_14,SENS_WLS_BYC_14,0.0,0.0,Green - Normal,94
2024-07-13 08:00:00,WLS_MNK_15,SENS_WLS_MNK_15,0.0,0.0,Green - Normal,92
2024-07-13 09:00:00,WLS_HND_01,SENS_WLS_HND_01,0.0,0.0,Green - Normal,89
2024-07-13 09:00:00,WLS_GND_02,SENS_WLS_GND_02,0.0,0.0,Green - Normal,95
2024-07-13 09:00:00,WLS_MLN_03,SENS_WLS_MLN_03,0.0,0.0,Green - Normal,100
2024-07-13 09:00:00,WLS_AND_04,SENS_WLS_AND_04,0.0,0.0,Green - Normal,98
2024-07-13 09:00:00,WLS_KHR_05,SENS_WLS_KHR_05,0.0,0.0,Green - Normal,98
2024-07-13 09:00:00,WLS_KRL_06,SENS_WLS_KRL_06,0.0,0.0,Green - Normal,90
2024-07-13 09:00:00,WLS_SIO_07,SENS_WLS_SIO_07,0.0,0.0,Green - Normal,95
2024-07-13 09:00:00,WLS_DDR_08,SENS_WLS_DDR_08,0.0,0.0,Green - Normal,96
2024-07-13 09:00:00,WLS_CHM_09,SENS_WLS_CHM_09,0.0,0.0,Green - Normal,88
2024-07-13 09:00:00,WLS_MLD_10,SENS_WLS_MLD_10,0.0,0.0,Green - Normal,90
2024-07-13 09:00:00,WLS_DHS_11,SENS_WLS_DHS_11,0.0,0.0,Green - Normal,92
2024-07-13 09:00:00,WLS_CHN_12,SENS_WLS_CHN_12,0.0,0.0,Green - Normal,98
2024-07-13 09:00:00,WLS_WRL_13,SENS_WLS_WRL_13,0.0,0.0,Green - Normal,96
2024-07-13 09:00:00,WLS_BYC_14,SENS_WLS_BYC_14,0.0,0.0,Green - Normal,94
2024-07-13 09:00:00,WLS_MNK_15,SENS_WLS_MNK_15,0.0,0.0,Green - Normal,89
2024-07-13 10:00:00,WLS_HND_01,SENS_WLS_HND_01,0.0,0.0,Green - Normal,95
2024-07-13 10:00:00,WLS_GND_02,SENS_WLS_GND_02,0.0,0.0,Green - Normal,88
2024-07-13 10:00:00,WLS_MLN_03,SENS_WLS_MLN_03,0.0,0.0,Green - Normal,93
2024-07-13 10:00:00,WLS_AND_04,SENS_WLS_AND_04,0.0,0.0,Green - Normal,100
2024-07-13 10:00:00,WLS_KHR_05,SENS_WLS_KHR_05,0.0,0.0,Green - Normal,89
2024-07-13 10:00:00,WLS_KRL_06,SENS_WLS_KRL_06,0.0,0.0,Green - Normal,99
2024-07-13 10:00:00,WLS_SIO_07,SENS_WLS_SIO_07,0.0,0.0,Green - Normal,89
2024-07-13 10:00:00,WLS_DDR_08,SENS_WLS_DDR_08,0.0,0.0,Green - Normal,96
2024-07-13 10:00:00,WLS_CHM_09,SENS_WLS_CHM_09,0.0,0.0,Green - Normal,95
2024-07-13 10:00:00,WLS_MLD_10,SENS_WLS_MLD_10,0.0,0.0,Green - Normal,99
2024-07-13 10:00:00,WLS_DHS_11,SENS_WLS_DHS_11,0.0,0.0,Green - Normal,96
2024-07-13 10:00:00,WLS_CHN_12,SENS_WLS_CHN_12,0.0,0.0,Green - Normal,91
2024-07-13 10:00:00,WLS_WRL_13,SENS_WLS_WRL_13,0.0,0.0,Green - Normal,95
2024-07-13 10:00:00,WLS_BYC_14,SENS_WLS_BYC_14,0.0,0.0,Green - Normal,97
2024-07-13 10:00:00,WLS_MNK_15,SENS_WLS_MNK_15,0.0,0.0,Green - Normal,100
2024-07-13 11:00:00,WLS_HND_01,SENS_WLS_HND_01,0.0,0.0,Green - Normal,99
2024-07-13 11:00:00,WLS_GND_02,SENS_WLS_GND_02,0.0,0.0,Green - Normal,99
2024-07-13 11:00:00,WLS_MLN_03,SENS_WLS_MLN_03,0.0,0.0,Green - Normal,96
2024-07-13 11:00:00,WLS_AND_04,SENS_WLS_AND_04,0.0,0.0,Green - Normal,91
2024-07-13 11:00:00,WLS_KHR_05,SENS_WLS_KHR_05,0.0,0.0,Green - Normal,90
2024-07-13 11:00:00,WLS_KRL_06,SENS_WLS_KRL_06,0.0,0.0,Green - Normal,91
2024-07-13 11:00:00,WLS_SIO_07,SENS_WLS_SIO_07,0.0,0.0,Green - Normal,97
2024-07-13 11:00:00,WLS_DDR_08,SENS_WLS_DDR_08,0.0,0.0,Green - Normal,93
2024-07-13 11:00:00,WLS_CHM_09,SENS_WLS_CHM_09,0.0,0.0,Green - Normal,100
2024-07-13 11:00:00,WLS_MLD_10,SENS_WLS_MLD_10,0.0,0.0,Green - Normal,95
2024-07-13 11:00:00,WLS_DHS_11,SENS_WLS_DHS_11,0.0,0.0,Green - Normal,95
2024-07-13 11:00:00,WLS_CHN_12,SENS_WLS_CHN_12,0.0,0.0,Green - Normal,90
2024-07-13 11:00:00,WLS_WRL_13,SENS_WLS_WRL_13,0.0,0.0,Green - Normal,92
2024-07-13 11:00:00,WLS_BYC_14,SENS_WLS_BYC_14,0.0,0.0,Green - Normal,99
2024-07-13 11:00:00,WLS_MNK_15,SENS_WLS_MNK_15,0.0,0.0,Green - Normal,89
2024-07-13 12:00:00,WLS_HND_01,SENS_WLS_HND_01,3.2,0.0,Green - Normal,95
2024-07-13 12:00:00,WLS_GND_02,SENS_WLS_GND_02,2.7,0.0,Green - Normal,92
2024-07-13 12:00:00,WLS_MLN_03,SENS_WLS_MLN_03,0.2,0.0,Green - Normal,100
2024-07-13 12:00:00,WLS_AND_04,SENS_WLS_AND_04,4.0,0.0,Green - Normal,98
2024-07-13 12:00:00,WLS_KHR_05,SENS_WLS_KHR_05,1.6,0.0,Green - Normal,98
2024-07-13 12:00:00,WLS_KRL_06,SENS_WLS_KRL_06,0.0,0.0,Green - Normal,91
2024-07-13 12:00:00,WLS_SIO_07,SENS_WLS_SIO_07,0.0,0.0,Green - Normal,91
2024-07-13 12:00:00,WLS_DDR_08,SENS_WLS_DDR_08,0.0,0.0,Green - Normal,96
2024-07-13 12:00:00,WLS_CHM_09,SENS_WLS_CHM_09,0.0,0.0,Green - Normal,98
2024-07-13 12:00:00,WLS_MLD_10,SENS_WLS_MLD_10,4.0,0.0,Green - Normal,88
2024-07-13 12:00:00,WLS_DHS_11,SENS_WLS_DHS_11,0.5,0.0,Green - Normal,88
2024-07-13 12:00:00,WLS_CHN_12,SENS_WLS_CHN_12,0.0,0.0,Green - Normal,90
2024-07-13 12:00:00,WLS_WRL_13,SENS_WLS_WRL_13,0.0,0.0,Green - Normal,98
2024-07-13 12:00:00,WLS_BYC_14,SENS_WLS_BYC_14,0.0,0.0,Green - Normal,98
2024-07-13 12:00:00,WLS_MNK_15,SENS_WLS_MNK_15,2.7,0.0,Green - Normal,97
2024-07-13 13:00:00,WLS_HND_01,SENS_WLS_HND_01,0.0,0.0,Green - Normal,94
2024-07-13 13:00:00,WLS_GND_02,SENS_WLS_GND_02,0.0,0.0,Green - Normal,96
2024-07-13 13:00:00,WLS_MLN_03,SENS_WLS_MLN_03,0.0,0.0,Green - Normal,93
2024-07-13 13:00:00,WLS_AND_04,SENS_WLS_AND_04,0.0,0.0,Green - Normal,94
2024-07-13 13:00:00,WLS_KHR_05,SENS_WLS_KHR_05,0.0,0.0,Green - Normal,89
2024-07-13 13:00:00,WLS_KRL_06,SENS_WLS_KRL_06,0.0,0.0,Green - Normal,98
2024-07-13 13:00:00,WLS_SIO_07,SENS_WLS_SIO_07,0.0,0.0,Green - Normal,91
2024-07-13 13:00:00,WLS_DDR_08,SENS_WLS_DDR_08,0.0,0.0,Green - Normal,93
2024-07-13 13:00:00,WLS_CHM_09,SENS_WLS_CHM_09,0.0,0.0,Green - Normal,93
2024-07-13 13:00:00,WLS_MLD_10,SENS_WLS_MLD_10,0.0,0.0,Green - Normal,98
2024-07-13 13:00:00,WLS_DHS_11,SENS_WLS_DHS_11,0.0,0.0,Green - Normal,89
2024-07-13 13:00:00,WLS_CHN_12,SENS_WLS_CHN_12,0.0,0.0,Green - Normal,91
2024-07-13 13:00:00,WLS_WRL_13,SENS_WLS_WRL_13,0.0,0.0,Green - Normal,98
2024-07-13 13:00:00,WLS_BYC_14,SENS_WLS_BYC_14,0.0,0.0,Green - Normal,89
2024-07-13 13:00:00,WLS_MNK_15,SENS_WLS_MNK_15,0.0,0.0,Green - Normal,93
2024-07-13 14:00:00,WLS_HND_01,SENS_WLS_HND_01,0.0,0.0,Green - Normal,88
2024-07-13 14:00:00,WLS_GND_02,SENS_WLS_GND_02,0.0,0.0,Green - Normal,96
2024-07-13 14:00:00,WLS_MLN_03,SENS_WLS_MLN_03,0.0,0.0,Green - Normal,96
2024-07-13 14:00:00,WLS_AND_04,SENS_WLS_AND_04,0.0,0.0,Green - Normal,94
2024-07-13 14:00:00,WLS_KHR_05,SENS_WLS_KHR_05,0.0,0.0,Green - Normal,90
2024-07-13 14:00:00,WLS_KRL_06,SENS_WLS_KRL_06,0.0,0.0,Green - Normal,91
2024-07-13 14:00:00,WLS_SIO_07,SENS_WLS_SIO_07,0.0,0.0,Green - Normal,91
2024-07-13 14:00:00,WLS_DDR_08,SENS_WLS_DDR_08,0.0,0.0,Green - Normal,99
2024-07-13 14:00:00,WLS_CHM_09,SENS_WLS_CHM_09,0.0,0.0,Green - Normal,97
2024-07-13 14:00:00,WLS_MLD_10,SENS_WLS_MLD_10,0.0,0.0,Green - Normal,100
2024-07-13 14:00:00,WLS_DHS_11,SENS_WLS_DHS_11,0.0,0.0,Green - Normal,100
2024-07-13 14:00:00,WLS_CHN_12,SENS_WLS_CHN_12,0.0,0.0,Green - Normal,97
2024-07-13 14:00:00,WLS_WRL_13,SENS_WLS_WRL_13,0.0,0.0,Green - Normal,100
2024-07-13 14:00:00,WLS_BYC_14,SENS_WLS_BYC_14,0.0,0.0,Green - Normal,96
2024-07-13 14:00:00,WLS_MNK_15,SENS_WLS_MNK_15,0.0,0.0,Green - Normal,97
2024-07-13 15:00:00,WLS_HND_01,SENS_WLS_HND_01,0.0,0.0,Green - Normal,91
2024-07-13 15:00:00,WLS_GND_02,SENS_WLS_GND_02,0.0,0.0,Green - Normal,100
2024-07-13 15:00:00,WLS_MLN_03,SENS_WLS_MLN_03,0.0,0.0,Green - Normal,95
2024-07-13 15:00:00,WLS_AND_04,SENS_WLS_AND_04,0.0,0.0,Green - Normal,99
2024-07-13 15:00:00,WLS_KHR_05,SENS_WLS_KHR_05,0.0,0.0,Green - Normal,100
2024-07-13 15:00:00,WLS_KRL_06,SENS_WLS_KRL_06,0.0,0.0,Green - Normal,100
2024-07-13 15:00:00,WLS_SIO_07,SENS_WLS_SIO_07,0.0,0.0,Green - Normal,93
2024-07-13 15:00:00,WLS_DDR_08,SENS_WLS_DDR_08,0.0,0.0,Green - Normal,91
2024-07-13 15:00:00,WLS_CHM_09,SENS_WLS_CHM_09,0.0,0.0,Green - Normal,100
2024-07-13 15:00:00,WLS_MLD_10,SENS_WLS_MLD_10,0.0,0.0,Green - Normal,100
2024-07-13 15:00:00,WLS_DHS_11,SENS_WLS_DHS_11,0.0,0.0,Green - Normal,94
2024-07-13 15:00:00,WLS_CHN_12,SENS_WLS_CHN_12,0.0,0.0,Green - Normal,93
2024-07-13 15:00:00,WLS_WRL_13,SENS_WLS_WRL_13,0.0,0.0,Green - Normal,88
2024-07-13 15:00:00,WLS_BYC_14,SENS_WLS_BYC_14,0.0,0.0,Green - Normal,91
2024-07-13 15:00:00,WLS_MNK_15,SENS_WLS_MNK_15,0.0,0.0,Green - Normal,94
2024-07-13 16:00:00,WLS_HND_01,SENS_WLS_HND_01,0.0,0.0,Green - Normal,95
2024-07-13 16:00:00,WLS_GND_02,SENS_WLS_GND_02,0.0,0.0,Green - Normal,90
2024-07-13 16:00:00,WLS_MLN_03,SENS_WLS_MLN_03,0.0,0.0,Green - Normal,89
2024-07-13 16:00:00,WLS_AND_04,SENS_WLS_AND_04,0.0,0.0,Green - Normal,100
2024-07-13 16:00:00,WLS_KHR_05,SENS_WLS_KHR_05,0.0,0.0,Green - Normal,92
2024-07-13 16:00:00,WLS_KRL_06,SENS_WLS_KRL_06,0.0,0.0,Green - Normal,89
2024-07-13 16:00:00,WLS_SIO_07,SENS_WLS_SIO_07,0.0,0.0,Green - Normal,99
2024-07-13 16:00:00,WLS_DDR_08,SENS_WLS_DDR_08,0.0,0.0,Green - Normal,91
2024-07-13 16:00:00,WLS_CHM_09,SENS_WLS_CHM_09,0.0,0.0,Green - Normal,96
2024-07-13 16:00:00,WLS_MLD_10,SENS_WLS_MLD_10,0.0,0.0,Green - Normal,90
2024-07-13 16:00:00,WLS_DHS_11,SENS_WLS_DHS_11,0.0,0.0,Green - Normal,99
2024-07-13 16:00:00,WLS_CHN_12,SENS_WLS_CHN_12,0.0,0.0,Green - Normal,88
2024-07-13 16:00:00,WLS_WRL_13,SENS_WLS_WRL_13,0.0,0.0,Green - Normal,97
2024-07-13 16:00:00,WLS_BYC_14,SENS_WLS_BYC_14,0.0,0.0,Green - Normal,96
2024-07-13 16:00:00,WLS_MNK_15,SENS_WLS_MNK_15,0.0,0.0,Green - Normal,88
2024-07-13 17:00:00,WLS_HND_01,SENS_WLS_HND_01,0.0,0.0,Green - Normal,93
2024-07-13 17:00:00,WLS_GND_02,SENS_WLS_GND_02,0.0,0.0,Green - Normal,92
2024-07-13 17:00:00,WLS_MLN_03,SENS_WLS_MLN_03,0.0,0.0,Green - Normal,93
2024-07-13 17:00:00,WLS_AND_04,SENS_WLS_AND_04,0.0,0.0,Green - Normal,88
2024-07-13 17:00:00,WLS_KHR_05,SENS_WLS_KHR_05,0.0,0.0,Green - Normal,90
2024-07-13 17:00:00,WLS_KRL_06,SENS_WLS_KRL_06,0.0,0.0,Green - Normal,91
2024-07-13 17:00:00,WLS_SIO_07,SENS_WLS_SIO_07,0.0,0.0,Green - Normal,90
2024-07-13 17:00:00,WLS_DDR_08,SENS_WLS_DDR_08,0.0,0.0,Green - Normal,97
2024-07-13 17:00:00,WLS_CHM_09,SENS_WLS_CHM_09,0.0,0.0,Green - Normal,92
2024-07-13 17:00:00,WLS_MLD_10,SENS_WLS_MLD_10,0.0,0.0,Green - Normal,95
2024-07-13 17:00:00,WLS_DHS_11,SENS_WLS_DHS_11,0.0,0.0,Green - Normal,93
2024-07-13 17:00:00,WLS_CHN_12,SENS_WLS_CHN_12,0.0,0.0,Green - Normal,95
2024-07-13 17:00:00,WLS_WRL_13,SENS_WLS_WRL_13,0.0,0.0,Green - Normal,97
2024-07-13 17:00:00,WLS_BYC_14,SENS_WLS_BYC_14,0.0,0.0,Green - Normal,92
2024-07-13 17:00:00,WLS_MNK_15,SENS_WLS_MNK_15,0.0,0.0,Green - Normal,93
2024-07-13 18:00:00,WLS_HND_01,SENS_WLS_HND_01,0.0,0.0,Green - Normal,94
2024-07-13 18:00:00,WLS_GND_02,SENS_WLS_GND_02,0.0,0.0,Green - Normal,93
2024-07-13 18:00:00,WLS_MLN_03,SENS_WLS_MLN_03,0.0,0.0,Green - Normal,90
2024-07-13 18:00:00,WLS_AND_04,SENS_WLS_AND_04,0.0,0.0,Green - Normal,89
2024-07-13 18:00:00,WLS_KHR_05,SENS_WLS_KHR_05,0.0,0.0,Green - Normal,95
2024-07-13 18:00:00,WLS_KRL_06,SENS_WLS_KRL_06,0.0,0.0,Green - Normal,93
2024-07-13 18:00:00,WLS_SIO_07,SENS_WLS_SIO_07,0.0,0.0,Green - Normal,89
2024-07-13 18:00:00,WLS_DDR_08,SENS_WLS_DDR_08,0.0,0.0,Green - Normal,95
2024-07-13 18:00:00,WLS_CHM_09,SENS_WLS_CHM_09,0.0,0.0,Green - Normal,97
2024-07-13 18:00:00,WLS_MLD_10,SENS_WLS_MLD_10,0.0,0.0,Green - Normal,91
2024-07-13 18:00:00,WLS_DHS_11,SENS_WLS_DHS_11,0.0,0.0,Green - Normal,93
2024-07-13 18:00:00,WLS_CHN_12,SENS_WLS_CHN_12,0.0,0.0,Green - Normal,88
2024-07-13 18:00:00,WLS_WRL_13,SENS_WLS_WRL_13,0.0,0.0,Green - Normal,94
2024-07-13 18:00:00,WLS_BYC_14,SENS_WLS_BYC_14,0.0,0.0,Green - Normal,97
2024-07-13 18:00:00,WLS_MNK_15,SENS_WLS_MNK_15,0.0,0.0,Green - Normal,90
2024-07-13 19:00:00,WLS_HND_01,SENS_WLS_HND_01,0.0,0.0,Green - Normal,100
2024-07-13 19:00:00,WLS_GND_02,SENS_WLS_GND_02,0.0,0.0,Green - Normal,100
2024-07-13 19:00:00,WLS_MLN_03,SENS_WLS_MLN_03,0.0,0.0,Green - Normal,89
2024-07-13 19:00:00,WLS_AND_04,SENS_WLS_AND_04,0.0,0.0,Green - Normal,90
2024-07-13 19:00:00,WLS_KHR_05,SENS_WLS_KHR_05,0.0,0.0,Green - Normal,89
2024-07-13 19:00:00,WLS_KRL_06,SENS_WLS_KRL_06,0.0,0.0,Green - Normal,89
2024-07-13 19:00:00,WLS_SIO_07,SENS_WLS_SIO_07,0.0,0.0,Green - Normal,88
2024-07-13 19:00:00,WLS_DDR_08,SENS_WLS_DDR_08,0.0,0.0,Green - Normal,96
2024-07-13 19:00:00,WLS_CHM_09,SENS_WLS_CHM_09,0.0,0.0,Green - Normal,98
2024-07-13 19:00:00,WLS_MLD_10,SENS_WLS_MLD_10,0.0,0.0,Green - Normal,90
2024-07-13 19:00:00,WLS_DHS_11,SENS_WLS_DHS_11,0.0,0.0,Green - Normal,91
2024-07-13 19:00:00,WLS_CHN_12,SENS_WLS_CHN_12,0.0,0.0,Green - Normal,99
2024-07-13 19:00:00,WLS_WRL_13,SENS_WLS_WRL_13,0.0,0.0,Green - Normal,100
2024-07-13 19:00:00,WLS_BYC_14,SENS_WLS_BYC_14,0.0,0.0,Green - Normal,91
2024-07-13 19:00:00,WLS_MNK_15,SENS_WLS_MNK_15,0.0,0.0,Green - Normal,93
2024-07-13 20:00:00,WLS_HND_01,SENS_WLS_HND_01,4.9,0.0,Green - Normal,95
2024-07-13 20:00:00,WLS_GND_02,SENS_WLS_GND_02,2.8,0.0,Green - Normal,95
2024-07-13 20:00:00,WLS_MLN_03,SENS_WLS_MLN_03,2.6,0.0,Green - Normal,92
2024-07-13 20:00:00,WLS_AND_04,SENS_WLS_AND_04,7.2,0.88,Green - Normal,89
2024-07-13 20:00:00,WLS_KHR_05,SENS_WLS_KHR_05,0.0,0.0,Green - Normal,88
2024-07-13 20:00:00,WLS_KRL_06,SENS_WLS_KRL_06,0.0,0.0,Green - Normal,100
2024-07-13 20:00:00,WLS_SIO_07,SENS_WLS_SIO_07,0.0,0.0,Green - Normal,88
2024-07-13 20:00:00,WLS_DDR_08,SENS_WLS_DDR_08,1.3,0.0,Green - Normal,96
2024-07-13 20:00:00,WLS_CHM_09,SENS_WLS_CHM_09,0.0,0.0,Green - Normal,100
2024-07-13 20:00:00,WLS_MLD_10,SENS_WLS_MLD_10,4.2,0.0,Green - Normal,98
2024-07-13 20:00:00,WLS_DHS_11,SENS_WLS_DHS_11,5.0,0.0,Green - Normal,92
2024-07-13 20:00:00,WLS_CHN_12,SENS_WLS_CHN_12,0.0,0.0,Green - Normal,97
2024-07-13 20:00:00,WLS_WRL_13,SENS_WLS_WRL_13,0.0,0.0,Green - Normal,91
2024-07-13 20:00:00,WLS_BYC_14,SENS_WLS_BYC_14,0.0,0.0,Green - Normal,96
2024-07-13 20:00:00,WLS_MNK_15,SENS_WLS_MNK_15,0.0,0.0,Green - Normal,92
2024-07-13 21:00:00,WLS_HND_01,SENS_WLS_HND_01,0.0,0.0,Green - Normal,98
2024-07-13 21:00:00,WLS_GND_02,SENS_WLS_GND_02,0.0,0.0,Green - Normal,96
2024-07-13 21:00:00,WLS_MLN_03,SENS_WLS_MLN_03,0.0,0.0,Green - Normal,99
2024-07-13 21:00:00,WLS_AND_04,SENS_WLS_AND_04,0.0,0.0,Green - Normal,90
2024-07-13 21:00:00,WLS_KHR_05,SENS_WLS_KHR_05,0.0,0.0,Green - Normal,95
2024-07-13 21:00:00,WLS_KRL_06,SENS_WLS_KRL_06,0.0,0.0,Green - Normal,95
2024-07-13 21:00:00,WLS_SIO_07,SENS_WLS_SIO_07,0.0,0.0,Green - Normal,92
2024-07-13 21:00:00,WLS_DDR_08,SENS_WLS_DDR_08,0.0,0.0,Green - Normal,100
2024-07-13 21:00:00,WLS_CHM_09,SENS_WLS_CHM_09,0.0,0.0,Green - Normal,91
2024-07-13 21:00:00,WLS_MLD_10,SENS_WLS_MLD_10,0.0,0.0,Green - Normal,95
2024-07-13 21:00:00,WLS_DHS_11,SENS_WLS_DHS_11,0.0,0.0,Green - Normal,93
2024-07-13 21:00:00,WLS_CHN_12,SENS_WLS_CHN_12,0.0,0.0,Green - Normal,88
2024-07-13 21:00:00,WLS_WRL_13,SENS_WLS_WRL_13,0.0,0.0,Green - Normal,100
2024-07-13 21:00:00,WLS_BYC_14,SENS_WLS_BYC_14,0.0,0.0,Green - Normal,98
2024-07-13 21:00:00,WLS_MNK_15,SENS_WLS_MNK_15,0.0,0.0,Green - Normal,90
2024-07-13 22:00:00,WLS_HND_01,SENS_WLS_HND_01,0.0,0.0,Green - Normal,93
2024-07-13 22:00:00,WLS_GND_02,SENS_WLS_GND_02,0.0,0.0,Green - Normal,91
2024-07-13 22:00:00,WLS_MLN_03,SENS_WLS_MLN_03,0.0,0.0,Green - Normal,89
2024-07-13 22:00:00,WLS_AND_04,SENS_WLS_AND_04,0.0,0.0,Green - Normal,91
2024-07-13 22:00:00,WLS_KHR_05,SENS_WLS_KHR_05,0.0,0.0,Green - Normal,95
2024-07-13 22:00:00,WLS_KRL_06,SENS_WLS_KRL_06,0.0,0.0,Green - Normal,90
2024-07-13 22:00:00,WLS_SIO_07,SENS_WLS_SIO_07,0.0,0.0,Green - Normal,89
2024-07-13 22:00:00,WLS_DDR_08,SENS_WLS_DDR_08,0.0,0.0,Green - Normal,90
2024-07-13 22:00:00,WLS_CHM_09,SENS_WLS_CHM_09,0.0,0.0,Green - Normal,88
2024-07-13 22:00:00,WLS_MLD_10,SENS_WLS_MLD_10,0.0,0.0,Green - Normal,100
2024-07-13 22:00:00,WLS_DHS_11,SENS_WLS_DHS_11,0.0,0.0,Green - Normal,99
2024-07-13 22:00:00,WLS_CHN_12,SENS_WLS_CHN_12,0.0,0.0,Green - Normal,89
2024-07-13 22:00:00,WLS_WRL_13,SENS_WLS_WRL_13,0.0,0.0,Green - Normal,93
2024-07-13 22:00:00,WLS_BYC_14,SENS_WLS_BYC_14,0.0,0.0,Green - Normal,93
2024-07-13 22:00:00,WLS_MNK_15,SENS_WLS_MNK_15,0.0,0.0,Green - Normal,100
2024-07-13 23:00:00,WLS_HND_01,SENS_WLS_HND_01,0.0,0.0,Green - Normal,92
2024-07-13 23:00:00,WLS_GND_02,SENS_WLS_GND_02,0.0,0.0,Green - Normal,98
2024-07-13 23:00:00,WLS_MLN_03,SENS_WLS_MLN_03,0.0,0.0,Green - Normal,94
2024-07-13 23:00:00,WLS_AND_04,SENS_WLS_AND_04,0.0,0.0,Green - Normal,98
2024-07-13 23:00:00,WLS_KHR_05,SENS_WLS_KHR_05,0.0,0.0,Green - Normal,91
2024-07-13 23:00:00,WLS_KRL_06,SENS_WLS_KRL_06,0.0,0.0,Green - Normal,88
2024-07-13 23:00:00,WLS_SIO_07,SENS_WLS_SIO_07,0.0,0.0,Green - Normal,89
2024-07-13 23:00:00,WLS_DDR_08,SENS_WLS_DDR_08,0.0,0.0,Green - Normal,89
2024-07-13 23:00:00,WLS_CHM_09,SENS_WLS_CHM_09,0.0,0.0,Green - Normal,94
2024-07-13 23:00:00,WLS_MLD_10,SENS_WLS_MLD_10,0.0,0.0,Green - Normal,100
2024-07-13 23:00:00,WLS_DHS_11,SENS_WLS_DHS_11,0.0,0.0,Green - Normal,97
2024-07-13 23:00:00,WLS_CHN_12,SENS_WLS_CHN_12,0.0,0.0,Green - Normal,92
2024-07-13 23:00:00,WLS_WRL_13,SENS_WLS_WRL_13,0.0,0.0,Green - Normal,89
2024-07-13 23:00:00,WLS_BYC_14,SENS_WLS_BYC_14,0.0,0.0,Green - Normal,99
2024-07-13 23:00:00,WLS_MNK_15,SENS_WLS_MNK_15,0.0,0.0,Green - Normal,90
2024-07-14 00:00:00,WLS_HND_01,SENS_WLS_HND_01,0.0,0.0,Green - Normal,94
2024-07-14 00:00:00,WLS_GND_02,SENS_WLS_GND_02,0.0,0.0,Green - Normal,100
2024-07-14 00:00:00,WLS_MLN_03,SENS_WLS_MLN_03,0.0,0.0,Green - Normal,97
2024-07-14 00:00:00,WLS_AND_04,SENS_WLS_AND_04,0.0,0.0,Green - Normal,98
2024-07-14 00:00:00,WLS_KHR_05,SENS_WLS_KHR_05,0.0,0.0,Green - Normal,100
2024-07-14 00:00:00,WLS_KRL_06,SENS_WLS_KRL_06,0.0,0.0,Green - Normal,99
2024-07-14 00:00:00,WLS_SIO_07,SENS_WLS_SIO_07,0.0,0.0,Green - Normal,93
2024-07-14 00:00:00,WLS_DDR_08,SENS_WLS_DDR_08,0.0,0.0,Green - Normal,100
2024-07-14 00:00:00,WLS_CHM_09,SENS_WLS_CHM_09,0.0,0.0,Green - Normal,98
2024-07-14 00:00:00,WLS_MLD_10,SENS_WLS_MLD_10,0.0,0.0,Green - Normal,91
2024-07-14 00:00:00,WLS_DHS_11,SENS_WLS_DHS_11,0.0,0.0,Green - Normal,92
2024-07-14 00:00:00,WLS_CHN_12,SENS_WLS_CHN_12,0.0,0.0,Green - Normal,99
2024-07-14 00:00:00,WLS_WRL_13,SENS_WLS_WRL_13,0.0,0.0,Green - Normal,98
2024-07-14 00:00:00,WLS_BYC_14,SENS_WLS_BYC_14,0.0,0.0,Green - Normal,99
2024-07-14 00:00:00,WLS_MNK_15,SENS_WLS_MNK_15,0.0,0.0,Green - Normal,98
2024-07-14 01:00:00,WLS_HND_01,SENS_WLS_HND_01,0.0,0.0,Green - Normal,98
2024-07-14 01:00:00,WLS_GND_02,SENS_WLS_GND_02,0.0,0.0,Green - Normal,93
2024-07-14 01:00:00,WLS_MLN_03,SENS_WLS_MLN_03,0.0,0.0,Green - Normal,88
2024-07-14 01:00:00,WLS_AND_04,SENS_WLS_AND_04,0.0,0.0,Green - Normal,89
2024-07-14 01:00:00,WLS_KHR_05,SENS_WLS_KHR_05,0.0,0.0,Green - Normal,93
2024-07-14 01:00:00,WLS_KRL_06,SENS_WLS_KRL_06,0.0,0.0,Green - Normal,90
2024-07-14 01:00:00,WLS_SIO_07,SENS_WLS_SIO_07,0.0,0.0,Green - Normal,92
2024-07-14 01:00:00,WLS_DDR_08,SENS_WLS_DDR_08,0.0,0.0,Green - Normal,96
2024-07-14 01:00:00,WLS_CHM_09,SENS_WLS_CHM_09,0.0,0.0,Green - Normal,90
2024-07-14 01:00:00,WLS_MLD_10,SENS_WLS_MLD_10,0.0,0.0,Green - Normal,96
2024-07-14 01:00:00,WLS_DHS_11,SENS_WLS_DHS_11,0.0,0.0,Green - Normal,92
2024-07-14 01:00:00,WLS_CHN_12,SENS_WLS_CHN_12,0.0,0.0,Green - Normal,97
2024-07-14 01:00:00,WLS_WRL_13,SENS_WLS_WRL_13,0.0,0.0,Green - Normal,96
2024-07-14 01:00:00,WLS_BYC_14,SENS_WLS_BYC_14,0.0,0.0,Green - Normal,90
2024-07-14 01:00:00,WLS_MNK_15,SENS_WLS_MNK_15,0.0,0.0,Green - Normal,98
2024-07-14 02:00:00,WLS_HND_01,SENS_WLS_HND_01,0.0,0.0,Green - Normal,90
2024-07-14 02:00:00,WLS_GND_02,SENS_WLS_GND_02,0.0,0.0,Green - Normal,89
2024-07-14 02:00:00,WLS_MLN_03,SENS_WLS_MLN_03,0.0,0.0,Green - Normal,97
2024-07-14 02:00:00,WLS_AND_04,SENS_WLS_AND_04,0.0,0.0,Green - Normal,100
2024-07-14 02:00:00,WLS_KHR_05,SENS_WLS_KHR_05,0.0,0.0,Green - Normal,93
2024-07-14 02:00:00,WLS_KRL_06,SENS_WLS_KRL_06,0.0,0.0,Green - Normal,92
2024-07-14 02:00:00,WLS_SIO_07,SENS_WLS_SIO_07,0.0,0.0,Green - Normal,100
2024-07-14 02:00:00,WLS_DDR_08,SENS_WLS_DDR_08,0.0,0.0,Green - Normal,99
2024-07-14 02:00:00,WLS_CHM_09,SENS_WLS_CHM_09,0.0,0.0,Green - Normal,89
2024-07-14 02:00:00,WLS_MLD_10,SENS_WLS_MLD_10,0.0,0.0,Green - Normal,98
2024-07-14 02:00:00,WLS_DHS_11,SENS_WLS_DHS_11,0.0,0.0,Green - Normal,98
2024-07-14 02:00:00,WLS_CHN_12,SENS_WLS_CHN_12,0.0,0.0,Green - Normal,96
2024-07-14 02:00:00,WLS_WRL_13,SENS_WLS_WRL_13,0.0,0.0,Green - Normal,90
2024-07-14 02:00:00,WLS_BYC_14,SENS_WLS_BYC_14,0.0,0.0,Green - Normal,89
2024-07-14 02:00:00,WLS_MNK_15,SENS_WLS_MNK_15,0.0,0.0,Green - Normal,94
2024-07-14 03:00:00,WLS_HND_01,SENS_WLS_HND_01,0.0,0.0,Green - Normal,100
2024-07-14 03:00:00,WLS_GND_02,SENS_WLS_GND_02,0.0,0.0,Green - Normal,100
2024-07-14 03:00:00,WLS_MLN_03,SENS_WLS_MLN_03,0.0,0.0,Green - Normal,98
2024-07-14 03:00:00,WLS_AND_04,SENS_WLS_AND_04,0.0,0.0,Green - Normal,90
2024-07-14 03:00:00,WLS_KHR_05,SENS_WLS_KHR_05,0.0,0.0,Green - Normal,89
2024-07-14 03:00:00,WLS_KRL_06,SENS_WLS_KRL_06,0.0,0.0,Green - Normal,94
2024-07-14 03:00:00,WLS_SIO_07,SENS_WLS_SIO_07,0.0,0.0,Green - Normal,99
2024-07-14 03:00:00,WLS_DDR_08,SENS_WLS_DDR_08,0.0,0.0,Green - Normal,92
2024-07-14 03:00:00,WLS_CHM_09,SENS_WLS_CHM_09,0.0,0.0,Green - Normal,100
2024-07-14 03:00:00,WLS_MLD_10,SENS_WLS_MLD_10,0.0,0.0,Green - Normal,89
2024-07-14 03:00:00,WLS_DHS_11,SENS_WLS_DHS_11,0.0,0.0,Green - Normal,88
2024-07-14 03:00:00,WLS_CHN_12,SENS_WLS_CHN_12,0.0,0.0,Green - Normal,96
2024-07-14 03:00:00,WLS_WRL_13,SENS_WLS_WRL_13,0.0,0.0,Green - Normal,88
2024-07-14 03:00:00,WLS_BYC_14,SENS_WLS_BYC_14,0.0,0.0,Green - Normal,97
2024-07-14 03:00:00,WLS_MNK_15,SENS_WLS_MNK_15,0.0,0.0,Green - Normal,93
2024-07-14 04:00:00,WLS_HND_01,SENS_WLS_HND_01,0.0,0.0,Green - Normal,97
2024-07-14 04:00:00,WLS_GND_02,SENS_WLS_GND_02,0.0,0.0,Green - Normal,91
2024-07-14 04:00:00,WLS_MLN_03,SENS_WLS_MLN_03,0.0,0.0,Green - Normal,97
2024-07-14 04:00:00,WLS_AND_04,SENS_WLS_AND_04,0.0,0.0,Green - Normal,98
2024-07-14 04:00:00,WLS_KHR_05,SENS_WLS_KHR_05,0.0,0.0,Green - Normal,88
2024-07-14 04:00:00,WLS_KRL_06,SENS_WLS_KRL_06,0.0,0.0,Green - Normal,97
2024-07-14 04:00:00,WLS_SIO_07,SENS_WLS_SIO_07,0.0,0.0,Green - Normal,89
2024-07-14 04:00:00,WLS_DDR_08,SENS_WLS_DDR_08,0.0,0.0,Green - Normal,88
2024-07-14 04:00:00,WLS_CHM_09,SENS_WLS_CHM_09,0.0,0.0,Green - Normal,92
2024-07-14 04:00:00,WLS_MLD_10,SENS_WLS_MLD_10,0.0,0.0,Green - Normal,100
2024-07-14 04:00:00,WLS_DHS_11,SENS_WLS_DHS_11,0.0,0.0,Green - Normal,91
2024-07-14 04:00:00,WLS_CHN_12,SENS_WLS_CHN_12,0.0,0.0,Green - Normal,98
2024-07-14 04:00:00,WLS_WRL_13,SENS_WLS_WRL_13,0.0,0.0,Green - Normal,95
2024-07-14 04:00:00,WLS_BYC_14,SENS_WLS_BYC_14,0.0,0.0,Green - Normal,94
2024-07-14 04:00:00,WLS_MNK_15,SENS_WLS_MNK_15,0.0,0.0,Green - Normal,95
2024-07-14 05:00:00,WLS_HND_01,SENS_WLS_HND_01,0.0,0.0,Green - Normal,93
2024-07-14 05:00:00,WLS_GND_02,SENS_WLS_GND_02,0.0,0.0,Green - Normal,96
2024-07-14 05:00:00,WLS_MLN_03,SENS_WLS_MLN_03,0.0,0.0,Green - Normal,96
2024-07-14 05:00:00,WLS_AND_04,SENS_WLS_AND_04,0.0,0.0,Green - Normal,98
2024-07-14 05:00:00,WLS_KHR_05,SENS_WLS_KHR_05,0.0,0.0,Green - Normal,92
2024-07-14 05:00:00,WLS_KRL_06,SENS_WLS_KRL_06,0.0,0.0,Green - Normal,93
2024-07-14 05:00:00,WLS_SIO_07,SENS_WLS_SIO_07,0.0,0.0,Green - Normal,88
2024-07-14 05:00:00,WLS_DDR_08,SENS_WLS_DDR_08,0.0,0.0,Green - Normal,93
2024-07-14 05:00:00,WLS_CHM_09,SENS_WLS_CHM_09,0.0,0.0,Green - Normal,89
2024-07-14 05:00:00,WLS_MLD_10,SENS_WLS_MLD_10,0.0,0.0,Green - Normal,92
2024-07-14 05:00:00,WLS_DHS_11,SENS_WLS_DHS_11,0.0,0.0,Green - Normal,91
2024-07-14 05:00:00,WLS_CHN_12,SENS_WLS_CHN_12,0.0,0.0,Green - Normal,99
2024-07-14 05:00:00,WLS_WRL_13,SENS_WLS_WRL_13,0.0,0.0,Green - Normal,88
2024-07-14 05:00:00,WLS_BYC_14,SENS_WLS_BYC_14,0.0,0.0,Green - Normal,90
2024-07-14 05:00:00,WLS_MNK_15,SENS_WLS_MNK_15,0.0,0.0,Green - Normal,99
2024-07-14 06:00:00,WLS_HND_01,SENS_WLS_HND_01,0.0,0.0,Green - Normal,99
2024-07-14 06:00:00,WLS_GND_02,SENS_WLS_GND_02,0.0,0.0,Green - Normal,89
2024-07-14 06:00:00,WLS_MLN_03,SENS_WLS_MLN_03,0.0,0.0,Green - Normal,98
2024-07-14 06:00:00,WLS_AND_04,SENS_WLS_AND_04,0.0,0.0,Green - Normal,95
2024-07-14 06:00:00,WLS_KHR_05,SENS_WLS_KHR_05,0.0,0.0,Green - Normal,94
2024-07-14 06:00:00,WLS_KRL_06,SENS_WLS_KRL_06,0.0,0.0,Green - Normal,94
2024-07-14 06:00:00,WLS_SIO_07,SENS_WLS_SIO_07,0.0,0.0,Green - Normal,100
2024-07-14 06:00:00,WLS_DDR_08,SENS_WLS_DDR_08,0.0,0.0,Green - Normal,100
2024-07-14 06:00:00,WLS_CHM_09,SENS_WLS_CHM_09,0.0,0.0,Green - Normal,97
2024-07-14 06:00:00,WLS_MLD_10,SENS_WLS_MLD_10,0.0,0.0,Green - Normal,92
2024-07-14 06:00:00,WLS_DHS_11,SENS_WLS_DHS_11,0.0,0.0,Green - Normal,97
2024-07-14 06:00:00,WLS_CHN_12,SENS_WLS_CHN_12,0.0,0.0,Green - Normal,94
2024-07-14 06:00:00,WLS_WRL_13,SENS_WLS_WRL_13,0.0,0.0,Green - Normal,96
2024-07-14 06:00:00,WLS_BYC_14,SENS_WLS_BYC_14,0.0,0.0,Green - Normal,94
2024-07-14 06:00:00,WLS_MNK_15,SENS_WLS_MNK_15,0.0,0.0,Green - Normal,88
2024-07-14 07:00:00,WLS_HND_01,SENS_WLS_HND_01,0.0,0.0,Green - Normal,91
2024-07-14 07:00:00,WLS_GND_02,SENS_WLS_GND_02,0.0,0.0,Green - Normal,93
2024-07-14 07:00:00,WLS_MLN_03,SENS_WLS_MLN_03,0.0,0.0,Green - Normal,100
2024-07-14 07:00:00,WLS_AND_04,SENS_WLS_AND_04,0.0,0.0,Green - Normal,88
2024-07-14 07:00:00,WLS_KHR_05,SENS_WLS_KHR_05,0.0,0.0,Green - Normal,92
2024-07-14 07:00:00,WLS_KRL_06,SENS_WLS_KRL_06,0.0,0.0,Green - Normal,98
2024-07-14 07:00:00,WLS_SIO_07,SENS_WLS_SIO_07,0.0,0.0,Green - Normal,94
2024-07-14 07:00:00,WLS_DDR_08,SENS_WLS_DDR_08,0.0,0.0,Green - Normal,100
2024-07-14 07:00:00,WLS_CHM_09,SENS_WLS_CHM_09,0.0,0.0,Green - Normal,92
2024-07-14 07:00:00,WLS_MLD_10,SENS_WLS_MLD_10,0.0,0.0,Green - Normal,91
2024-07-14 07:00:00,WLS_DHS_11,SENS_WLS_DHS_11,0.0,0.0,Green - Normal,88
2024-07-14 07:00:00,WLS_CHN_12,SENS_WLS_CHN_12,0.0,0.0,Green - Normal,96
2024-07-14 07:00:00,WLS_WRL_13,SENS_WLS_WRL_13,0.0,0.0,Green - Normal,89
2024-07-14 07:00:00,WLS_BYC_14,SENS_WLS_BYC_14,0.0,0.0,Green - Normal,90
2024-07-14 07:00:00,WLS_MNK_15,SENS_WLS_MNK_15,0.0,0.0,Green - Normal,96
2024-07-14 08:00:00,WLS_HND_01,SENS_WLS_HND_01,0.0,0.0,Green - Normal,99
2024-07-14 08:00:00,WLS_GND_02,SENS_WLS_GND_02,0.0,0.0,Green - Normal,90
2024-07-14 08:00:00,WLS_MLN_03,SENS_WLS_MLN_03,0.0,0.0,Green - Normal,94
2024-07-14 08:00:00,WLS_AND_04,SENS_WLS_AND_04,0.0,0.0,Green - Normal,96
2024-07-14 08:00:00,WLS_KHR_05,SENS_WLS_KHR_05,0.0,0.0,Green - Normal,99
2024-07-14 08:00:00,WLS_KRL_06,SENS_WLS_KRL_06,0.0,0.0,Green - Normal,95
2024-07-14 08:00:00,WLS_SIO_07,SENS_WLS_SIO_07,0.0,0.0,Green - Normal,100
2024-07-14 08:00:00,WLS_DDR_08,SENS_WLS_DDR_08,0.0,0.0,Green - Normal,100
2024-07-14 08:00:00,WLS_CHM_09,SENS_WLS_CHM_09,0.0,0.0,Green - Normal,89
2024-07-14 08:00:00,WLS_MLD_10,SENS_WLS_MLD_10,0.0,0.0,Green - Normal,99
2024-07-14 08:00:00,WLS_DHS_11,SENS_WLS_DHS_11,0.0,0.0,Green - Normal,99
2024-07-14 08:00:00,WLS_CHN_12,SENS_WLS_CHN_12,0.0,0.0,Green - Normal,99
2024-07-14 08:00:00,WLS_WRL_13,SENS_WLS_WRL_13,0.0,0.0,Green - Normal,92
2024-07-14 08:00:00,WLS_BYC_14,SENS_WLS_BYC_14,0.0,0.0,Green - Normal,89
2024-07-14 08:00:00,WLS_MNK_15,SENS_WLS_MNK_15,0.0,0.0,Green - Normal,99
2024-07-14 09:00:00,WLS_HND_01,SENS_WLS_HND_01,0.0,0.0,Green - Normal,98
2024-07-14 09:00:00,WLS_GND_02,SENS_WLS_GND_02,0.0,0.0,Green - Normal,91
2024-07-14 09:00:00,WLS_MLN_03,SENS_WLS_MLN_03,0.0,0.0,Green - Normal,95
2024-07-14 09:00:00,WLS_AND_04,SENS_WLS_AND_04,0.0,0.0,Green - Normal,98
2024-07-14 09:00:00,WLS_KHR_05,SENS_WLS_KHR_05,0.0,0.0,Green - Normal,91
2024-07-14 09:00:00,WLS_KRL_06,SENS_WLS_KRL_06,0.0,0.0,Green - Normal,92
2024-07-14 09:00:00,WLS_SIO_07,SENS_WLS_SIO_07,0.0,0.0,Green - Normal,93
2024-07-14 09:00:00,WLS_DDR_08,SENS_WLS_DDR_08,0.0,0.0,Green - Normal,89
2024-07-14 09:00:00,WLS_CHM_09,SENS_WLS_CHM_09,0.0,0.0,Green - Normal,97
2024-07-14 09:00:00,WLS_MLD_10,SENS_WLS_MLD_10,0.0,0.0,Green - Normal,99
2024-07-14 09:00:00,WLS_DHS_11,SENS_WLS_DHS_11,0.0,0.0,Green - Normal,90
2024-07-14 09:00:00,WLS_CHN_12,SENS_WLS_CHN_12,0.0,0.0,Green - Normal,100
2024-07-14 09:00:00,WLS_WRL_13,SENS_WLS_WRL_13,0.0,0.0,Green - Normal,91
2024-07-14 09:00:00,WLS_BYC_14,SENS_WLS_BYC_14,0.0,0.0,Green - Normal,90
2024-07-14 09:00:00,WLS_MNK_15,SENS_WLS_MNK_15,0.0,0.0,Green - Normal,96
2024-07-14 10:00:00,WLS_HND_01,SENS_WLS_HND_01,0.0,0.0,Green - Normal,91
2024-07-14 10:00:00,WLS_GND_02,SENS_WLS_GND_02,0.0,0.0,Green - Normal,94
2024-07-14 10:00:00,WLS_MLN_03,SENS_WLS_MLN_03,0.0,0.0,Green - Normal,88
2024-07-14 10:00:00,WLS_AND_04,SENS_WLS_AND_04,0.0,0.0,Green - Normal,93
2024-07-14 10:00:00,WLS_KHR_05,SENS_WLS_KHR_05,0.0,0.0,Green - Normal,95
2024-07-14 10:00:00,WLS_KRL_06,SENS_WLS_KRL_06,0.0,0.0,Green - Normal,88
2024-07-14 10:00:00,WLS_SIO_07,SENS_WLS_SIO_07,0.0,0.0,Green - Normal,90
2024-07-14 10:00:00,WLS_DDR_08,SENS_WLS_DDR_08,0.0,0.0,Green - Normal,94
2024-07-14 10:00:00,WLS_CHM_09,SENS_WLS_CHM_09,0.0,0.0,Green - Normal,98
2024-07-14 10:00:00,WLS_MLD_10,SENS_WLS_MLD_10,0.0,0.0,Green - Normal,100
2024-07-14 10:00:00,WLS_DHS_11,SENS_WLS_DHS_11,0.0,0.0,Green - Normal,89
2024-07-14 10:00:00,WLS_CHN_12,SENS_WLS_CHN_12,0.0,0.0,Green - Normal,94
2024-07-14 10:00:00,WLS_WRL_13,SENS_WLS_WRL_13,0.0,0.0,Green - Normal,94
2024-07-14 10:00:00,WLS_BYC_14,SENS_WLS_BYC_14,0.0,0.0,Green - Normal,92
2024-07-14 10:00:00,WLS_MNK_15,SENS_WLS_MNK_15,0.0,0.0,Green - Normal,88
2024-07-14 11:00:00,WLS_HND_01,SENS_WLS_HND_01,0.0,0.0,Green - Normal,88
2024-07-14 11:00:00,WLS_GND_02,SENS_WLS_GND_02,0.0,0.0,Green - Normal,97
2024-07-14 11:00:00,WLS_MLN_03,SENS_WLS_MLN_03,0.0,0.0,Green - Normal,98
2024-07-14 11:00:00,WLS_AND_04,SENS_WLS_AND_04,0.0,0.0,Green - Normal,92
2024-07-14 11:00:00,WLS_KHR_05,SENS_WLS_KHR_05,0.0,0.0,Green - Normal,93
2024-07-14 11:00:00,WLS_KRL_06,SENS_WLS_KRL_06,0.0,0.0,Green - Normal,89
2024-07-14 11:00:00,WLS_SIO_07,SENS_WLS_SIO_07,0.0,0.0,Green - Normal,98
2024-07-14 11:00:00,WLS_DDR_08,SENS_WLS_DDR_08,0.0,0.0,Green - Normal,99
2024-07-14 11:00:00,WLS_CHM_09,SENS_WLS_CHM_09,0.0,0.0,Green - Normal,89
2024-07-14 11:00:00,WLS_MLD_10,SENS_WLS_MLD_10,0.0,0.0,Green - Normal,100
2024-07-14 11:00:00,WLS_DHS_11,SENS_WLS_DHS_11,0.0,0.0,Green - Normal,92
2024-07-14 11:00:00,WLS_CHN_12,SENS_WLS_CHN_12,0.0,0.0,Green - Normal,99
2024-07-14 11:00:00,WLS_WRL_13,SENS_WLS_WRL_13,0.0,0.0,Green - Normal,93
2024-07-14 11:00:00,WLS_BYC_14,SENS_WLS_BYC_14,0.0,0.0,Green - Normal,89
2024-07-14 11:00:00,WLS_MNK_15,SENS_WLS_MNK_15,0.0,0.0,Green - Normal,94
2024-07-14 12:00:00,WLS_HND_01,SENS_WLS_HND_01,0.0,0.0,Green - Normal,88
2024-07-14 12:00:00,WLS_GND_02,SENS_WLS_GND_02,0.0,0.0,Green - Normal,90
2024-07-14 12:00:00,WLS_MLN_03,SENS_WLS_MLN_03,0.0,0.0,Green - Normal,97
2024-07-14 12:00:00,WLS_AND_04,SENS_WLS_AND_04,0.0,0.0,Green - Normal,93
2024-07-14 12:00:00,WLS_KHR_05,SENS_WLS_KHR_05,0.0,0.0,Green - Normal,97
2024-07-14 12:00:00,WLS_KRL_06,SENS_WLS_KRL_06,0.0,0.0,Green - Normal,100
2024-07-14 12:00:00,WLS_SIO_07,SENS_WLS_SIO_07,0.0,0.0,Green - Normal,100
2024-07-14 12:00:00,WLS_DDR_08,SENS_WLS_DDR_08,0.0,0.0,Green - Normal,89
2024-07-14 12:00:00,WLS_CHM_09,SENS_WLS_CHM_09,0.0,0.0,Green - Normal,88
2024-07-14 12:00:00,WLS_MLD_10,SENS_WLS_MLD_10,0.0,0.0,Green - Normal,92
2024-07-14 12:00:00,WLS_DHS_11,SENS_WLS_DHS_11,0.0,0.0,Green - Normal,98
2024-07-14 12:00:00,WLS_CHN_12,SENS_WLS_CHN_12,0.0,0.0,Green - Normal,93
2024-07-14 12:00:00,WLS_WRL_13,SENS_WLS_WRL_13,0.0,0.0,Green - Normal,100
2024-07-14 12:00:00,WLS_BYC_14,SENS_WLS_BYC_14,0.0,0.0,Green - Normal,95
2024-07-14 12:00:00,WLS_MNK_15,SENS_WLS_MNK_15,0.0,0.0,Green - Normal,92
2024-07-14 13:00:00,WLS_HND_01,SENS_WLS_HND_01,0.0,0.0,Green - Normal,94
2024-07-14 13:00:00,WLS_GND_02,SENS_WLS_GND_02,0.0,0.0,Green - Normal,90
2024-07-14 13:00:00,WLS_MLN_03,SENS_WLS_MLN_03,0.0,0.0,Green - Normal,99
2024-07-14 13:00:00,WLS_AND_04,SENS_WLS_AND_04,0.0,0.0,Green - Normal,100
2024-07-14 13:00:00,WLS_KHR_05,SENS_WLS_KHR_05,0.0,0.0,Green - Normal,99
2024-07-14 13:00:00,WLS_KRL_06,SENS_WLS_KRL_06,0.0,0.0,Green - Normal,91
2024-07-14 13:00:00,WLS_SIO_07,SENS_WLS_SIO_07,0.0,0.0,Green - Normal,88
2024-07-14 13:00:00,WLS_DDR_08,SENS_WLS_DDR_08,0.0,0.0,Green - Normal,98
2024-07-14 13:00:00,WLS_CHM_09,SENS_WLS_CHM_09,0.0,0.0,Green - Normal,96
2024-07-14 13:00:00,WLS_MLD_10,SENS_WLS_MLD_10,0.0,0.0,Green - Normal,89
2024-07-14 13:00:00,WLS_DHS_11,SENS_WLS_DHS_11,0.0,0.0,Green - Normal,98
2024-07-14 13:00:00,WLS_CHN_12,SENS_WLS_CHN_12,0.0,0.0,Green - Normal,92
2024-07-14 13:00:00,WLS_WRL_13,SENS_WLS_WRL_13,0.0,0.0,Green - Normal,94
2024-07-14 13:00:00,WLS_BYC_14,SENS_WLS_BYC_14,0.0,0.0,Green - Normal,99
2024-07-14 13:00:00,WLS_MNK_15,SENS_WLS_MNK_15,0.0,0.0,Green - Normal,91
2024-07-14 14:00:00,WLS_HND_01,SENS_WLS_HND_01,0.0,0.0,Green - Normal,99
2024-07-14 14:00:00,WLS_GND_02,SENS_WLS_GND_02,0.0,0.0,Green - Normal,97
2024-07-14 14:00:00,WLS_MLN_03,SENS_WLS_MLN_03,0.0,0.0,Green - Normal,98
2024-07-14 14:00:00,WLS_AND_04,SENS_WLS_AND_04,0.0,0.0,Green - Normal,94
2024-07-14 14:00:00,WLS_KHR_05,SENS_WLS_KHR_05,0.0,0.0,Green - Normal,88
2024-07-14 14:00:00,WLS_KRL_06,SENS_WLS_KRL_06,0.0,0.0,Green - Normal,95
2024-07-14 14:00:00,WLS_SIO_07,SENS_WLS_SIO_07,0.0,0.0,Green - Normal,90
2024-07-14 14:00:00,WLS_DDR_08,SENS_WLS_DDR_08,0.0,0.0,Green - Normal,91
2024-07-14 14:00:00,WLS_CHM_09,SENS_WLS_CHM_09,0.0,0.0,Green - Normal,91
2024-07-14 14:00:00,WLS_MLD_10,SENS_WLS_MLD_10,0.0,0.0,Green - Normal,99
2024-07-14 14:00:00,WLS_DHS_11,SENS_WLS_DHS_11,0.0,0.0,Green - Normal,93
2024-07-14 14:00:00,WLS_CHN_12,SENS_WLS_CHN_12,0.0,0.0,Green - Normal,91
2024-07-14 14:00:00,WLS_WRL_13,SENS_WLS_WRL_13,0.0,0.0,Green - Normal,94
2024-07-14 14:00:00,WLS_BYC_14,SENS_WLS_BYC_14,0.0,0.0,Green - Normal,97
2024-07-14 14:00:00,WLS_MNK_15,SENS_WLS_MNK_15,0.0,0.0,Green - Normal,88
2024-07-14 15:00:00,WLS_HND_01,SENS_WLS_HND_01,0.0,0.0,Green - Normal,90
2024-07-14 15:00:00,WLS_GND_02,SENS_WLS_GND_02,0.0,0.0,Green - Normal,100
2024-07-14 15:00:00,WLS_MLN_03,SENS_WLS_MLN_03,0.0,0.0,Green - Normal,93
2024-07-14 15:00:00,WLS_AND_04,SENS_WLS_AND_04,0.0,0.0,Green - Normal,92
2024-07-14 15:00:00,WLS_KHR_05,SENS_WLS_KHR_05,0.0,0.0,Green - Normal,93
2024-07-14 15:00:00,WLS_KRL_06,SENS_WLS_KRL_06,0.0,0.0,Green - Normal,96
2024-07-14 15:00:00,WLS_SIO_07,SENS_WLS_SIO_07,0.0,0.0,Green - Normal,99
2024-07-14 15:00:00,WLS_DDR_08,SENS_WLS_DDR_08,0.0,0.0,Green - Normal,95
2024-07-14 15:00:00,WLS_CHM_09,SENS_WLS_CHM_09,0.0,0.0,Green - Normal,91
2024-07-14 15:00:00,WLS_MLD_10,SENS_WLS_MLD_10,0.0,0.0,Green - Normal,95
2024-07-14 15:00:00,WLS_DHS_11,SENS_WLS_DHS_11,0.0,0.0,Green - Normal,93
2024-07-14 15:00:00,WLS_CHN_12,SENS_WLS_CHN_12,0.0,0.0,Green - Normal,89
2024-07-14 15:00:00,WLS_WRL_13,SENS_WLS_WRL_13,0.0,0.0,Green - Normal,89
2024-07-14 15:00:00,WLS_BYC_14,SENS_WLS_BYC_14,0.0,0.0,Green - Normal,99
2024-07-14 15:00:00,WLS_MNK_15,SENS_WLS_MNK_15,0.0,0.0,Green - Normal,92
2024-07-14 16:00:00,WLS_HND_01,SENS_WLS_HND_01,0.0,0.0,Green - Normal,100
2024-07-14 16:00:00,WLS_GND_02,SENS_WLS_GND_02,0.0,0.0,Green - Normal,97
2024-07-14 16:00:00,WLS_MLN_03,SENS_WLS_MLN_03,0.0,0.0,Green - Normal,88
2024-07-14 16:00:00,WLS_AND_04,SENS_WLS_AND_04,0.0,0.0,Green - Normal,100
2024-07-14 16:00:00,WLS_KHR_05,SENS_WLS_KHR_05,0.0,0.0,Green - Normal,98
2024-07-14 16:00:00,WLS_KRL_06,SENS_WLS_KRL_06,0.0,0.0,Green - Normal,94
2024-07-14 16:00:00,WLS_SIO_07,SENS_WLS_SIO_07,0.0,0.0,Green - Normal,91
2024-07-14 16:00:00,WLS_DDR_08,SENS_WLS_DDR_08,0.0,0.0,Green - Normal,88
2024-07-14 16:00:00,WLS_CHM_09,SENS_WLS_CHM_09,0.0,0.0,Green - Normal,92
2024-07-14 16:00:00,WLS_MLD_10,SENS_WLS_MLD_10,0.0,0.0,Green - Normal,93
2024-07-14 16:00:00,WLS_DHS_11,SENS_WLS_DHS_11,0.0,0.0,Green - Normal,88
2024-07-14 16:00:00,WLS_CHN_12,SENS_WLS_CHN_12,0.0,0.0,Green - Normal,94
2024-07-14 16:00:00,WLS_WRL_13,SENS_WLS_WRL_13,0.0,0.0,Green - Normal,92
2024-07-14 16:00:00,WLS_BYC_14,SENS_WLS_BYC_14,0.0,0.0,Green - Normal,93
2024-07-14 16:00:00,WLS_MNK_15,SENS_WLS_MNK_15,0.0,0.0,Green - Normal,89
2024-07-14 17:00:00,WLS_HND_01,SENS_WLS_HND_01,0.0,0.0,Green - Normal,89
2024-07-14 17:00:00,WLS_GND_02,SENS_WLS_GND_02,0.0,0.0,Green - Normal,96
2024-07-14 17:00:00,WLS_MLN_03,SENS_WLS_MLN_03,0.0,0.0,Green - Normal,96
2024-07-14 17:00:00,WLS_AND_04,SENS_WLS_AND_04,2.2,0.0,Green - Normal,94
2024-07-14 17:00:00,WLS_KHR_05,SENS_WLS_KHR_05,0.0,0.0,Green - Normal,95
2024-07-14 17:00:00,WLS_KRL_06,SENS_WLS_KRL_06,0.0,0.0,Green - Normal,91
2024-07-14 17:00:00,WLS_SIO_07,SENS_WLS_SIO_07,0.0,0.0,Green - Normal,91
2024-07-14 17:00:00,WLS_DDR_08,SENS_WLS_DDR_08,0.0,0.0,Green - Normal,94
2024-07-14 17:00:00,WLS_CHM_09,SENS_WLS_CHM_09,0.0,0.0,Green - Normal,96
2024-07-14 17:00:00,WLS_MLD_10,SENS_WLS_MLD_10,0.0,0.0,Green - Normal,100
2024-07-14 17:00:00,WLS_DHS_11,SENS_WLS_DHS_11,0.0,0.0,Green - Normal,94
2024-07-14 17:00:00,WLS_CHN_12,SENS_WLS_CHN_12,0.0,0.0,Green - Normal,92
2024-07-14 17:00:00,WLS_WRL_13,SENS_WLS_WRL_13,0.0,0.0,Green - Normal,90
2024-07-14 17:00:00,WLS_BYC_14,SENS_WLS_BYC_14,0.0,0.0,Green - Normal,97
2024-07-14 17:00:00,WLS_MNK_15,SENS_WLS_MNK_15,0.5,0.0,Green - Normal,95
2024-07-14 18:00:00,WLS_HND_01,SENS_WLS_HND_01,0.0,0.0,Green - Normal,89
2024-07-14 18:00:00,WLS_GND_02,SENS_WLS_GND_02,0.0,0.0,Green - Normal,94
2024-07-14 18:00:00,WLS_MLN_03,SENS_WLS_MLN_03,0.0,0.0,Green - Normal,90
2024-07-14 18:00:00,WLS_AND_04,SENS_WLS_AND_04,0.0,0.0,Green - Normal,95
2024-07-14 18:00:00,WLS_KHR_05,SENS_WLS_KHR_05,0.0,0.0,Green - Normal,99
2024-07-14 18:00:00,WLS_KRL_06,SENS_WLS_KRL_06,0.0,0.0,Green - Normal,93
2024-07-14 18:00:00,WLS_SIO_07,SENS_WLS_SIO_07,0.0,0.0,Green - Normal,88
2024-07-14 18:00:00,WLS_DDR_08,SENS_WLS_DDR_08,0.0,0.0,Green - Normal,95
2024-07-14 18:00:00,WLS_CHM_09,SENS_WLS_CHM_09,0.0,0.0,Green - Normal,96
2024-07-14 18:00:00,WLS_MLD_10,SENS_WLS_MLD_10,0.0,0.0,Green - Normal,96
2024-07-14 18:00:00,WLS_DHS_11,SENS_WLS_DHS_11,0.0,0.0,Green - Normal,94
2024-07-14 18:00:00,WLS_CHN_12,SENS_WLS_CHN_12,0.0,0.0,Green - Normal,89
2024-07-14 18:00:00,WLS_WRL_13,SENS_WLS_WRL_13,0.0,0.0,Green - Normal,88
2024-07-14 18:00:00,WLS_BYC_14,SENS_WLS_BYC_14,0.0,0.0,Green - Normal,89
2024-07-14 18:00:00,WLS_MNK_15,SENS_WLS_MNK_15,0.0,0.0,Green - Normal,95
2024-07-14 19:00:00,WLS_HND_01,SENS_WLS_HND_01,0.0,0.0,Green - Normal,88
2024-07-14 19:00:00,WLS_GND_02,SENS_WLS_GND_02,0.0,0.0,Green - Normal,94
2024-07-14 19:00:00,WLS_MLN_03,SENS_WLS_MLN_03,0.0,0.0,Green - Normal,95
2024-07-14 19:00:00,WLS_AND_04,SENS_WLS_AND_04,0.0,0.0,Green - Normal,92
2024-07-14 19:00:00,WLS_KHR_05,SENS_WLS_KHR_05,0.0,0.0,Green - Normal,90
2024-07-14 19:00:00,WLS_KRL_06,SENS_WLS_KRL_06,0.0,0.0,Green - Normal,89
2024-07-14 19:00:00,WLS_SIO_07,SENS_WLS_SIO_07,0.0,0.0,Green - Normal,96
2024-07-14 19:00:00,WLS_DDR_08,SENS_WLS_DDR_08,0.0,0.0,Green - Normal,92
2024-07-14 19:00:00,WLS_CHM_09,SENS_WLS_CHM_09,0.0,0.0,Green - Normal,98
2024-07-14 19:00:00,WLS_MLD_10,SENS_WLS_MLD_10,0.0,0.0,Green - Normal,89
2024-07-14 19:00:00,WLS_DHS_11,SENS_WLS_DHS_11,0.0,0.0,Green - Normal,95
2024-07-14 19:00:00,WLS_CHN_12,SENS_WLS_CHN_12,0.0,0.0,Green - Normal,97
2024-07-14 19:00:00,WLS_WRL_13,SENS_WLS_WRL_13,0.0,0.0,Green - Normal,91
2024-07-14 19:00:00,WLS_BYC_14,SENS_WLS_BYC_14,0.0,0.0,Green - Normal,89
2024-07-14 19:00:00,WLS_MNK_15,SENS_WLS_MNK_15,0.0,0.0,Green - Normal,99
2024-07-14 20:00:00,WLS_HND_01,SENS_WLS_HND_01,0.0,0.0,Green - Normal,95
2024-07-14 20:00:00,WLS_GND_02,SENS_WLS_GND_02,0.0,0.0,Green - Normal,99
2024-07-14 20:00:00,WLS_MLN_03,SENS_WLS_MLN_03,6.6,0.32,Green - Normal,90
2024-07-14 20:00:00,WLS_AND_04,SENS_WLS_AND_04,4.2,0.0,Green - Normal,100
2024-07-14 20:00:00,WLS_KHR_05,SENS_WLS_KHR_05,0.0,0.0,Green - Normal,97
2024-07-14 20:00:00,WLS_KRL_06,SENS_WLS_KRL_06,0.0,0.0,Green - Normal,100
2024-07-14 20:00:00,WLS_SIO_07,SENS_WLS_SIO_07,0.0,0.0,Green - Normal,89
2024-07-14 20:00:00,WLS_DDR_08,SENS_WLS_DDR_08,0.0,0.0,Green - Normal,93
2024-07-14 20:00:00,WLS_CHM_09,SENS_WLS_CHM_09,0.0,0.0,Green - Normal,88
2024-07-14 20:00:00,WLS_MLD_10,SENS_WLS_MLD_10,0.0,0.0,Green - Normal,99
2024-07-14 20:00:00,WLS_DHS_11,SENS_WLS_DHS_11,4.6,0.0,Green - Normal,97
2024-07-14 20:00:00,WLS_CHN_12,SENS_WLS_CHN_12,1.5,0.0,Green - Normal,96
2024-07-14 20:00:00,WLS_WRL_13,SENS_WLS_WRL_13,0.0,0.0,Green - Normal,89
2024-07-14 20:00:00,WLS_BYC_14,SENS_WLS_BYC_14,0.8,0.0,Green - Normal,91
2024-07-14 20:00:00,WLS_MNK_15,SENS_WLS_MNK_15,0.0,0.0,Green - Normal,94
2024-07-14 21:00:00,WLS_HND_01,SENS_WLS_HND_01,0.0,0.0,Green - Normal,93
2024-07-14 21:00:00,WLS_GND_02,SENS_WLS_GND_02,0.0,0.0,Green - Normal,98
2024-07-14 21:00:00,WLS_MLN_03,SENS_WLS_MLN_03,0.0,0.0,Green - Normal,99
2024-07-14 21:00:00,WLS_AND_04,SENS_WLS_AND_04,0.0,0.0,Green - Normal,90
2024-07-14 21:00:00,WLS_KHR_05,SENS_WLS_KHR_05,0.0,0.0,Green - Normal,89
2024-07-14 21:00:00,WLS_KRL_06,SENS_WLS_KRL_06,0.0,0.0,Green - Normal,97
2024-07-14 21:00:00,WLS_SIO_07,SENS_WLS_SIO_07,0.0,0.0,Green - Normal,94
2024-07-14 21:00:00,WLS_DDR_08,SENS_WLS_DDR_08,0.0,0.0,Green - Normal,88
2024-07-14 21:00:00,WLS_CHM_09,SENS_WLS_CHM_09,0.0,0.0,Green - Normal,93
2024-07-14 21:00:00,WLS_MLD_10,SENS_WLS_MLD_10,0.0,0.0,Green - Normal,97
2024-07-14 21:00:00,WLS_DHS_11,SENS_WLS_DHS_11,0.0,0.0,Green - Normal,98
2024-07-14 21:00:00,WLS_CHN_12,SENS_WLS_CHN_12,0.0,0.0,Green - Normal,94
2024-07-14 21:00:00,WLS_WRL_13,SENS_WLS_WRL_13,0.0,0.0,Green - Normal,99
2024-07-14 21:00:00,WLS_BYC_14,SENS_WLS_BYC_14,0.0,0.0,Green - Normal,88
2024-07-14 21:00:00,WLS_MNK_15,SENS_WLS_MNK_15,0.0,0.0,Green - Normal,92
2024-07-14 22:00:00,WLS_HND_01,SENS_WLS_HND_01,0.0,0.0,Green - Normal,98
2024-07-14 22:00:00,WLS_GND_02,SENS_WLS_GND_02,0.0,0.0,Green - Normal,92
2024-07-14 22:00:00,WLS_MLN_03,SENS_WLS_MLN_03,0.0,0.0,Green - Normal,88
2024-07-14 22:00:00,WLS_AND_04,SENS_WLS_AND_04,0.0,0.0,Green - Normal,91
2024-07-14 22:00:00,WLS_KHR_05,SENS_WLS_KHR_05,0.0,0.0,Green - Normal,97
2024-07-14 22:00:00,WLS_KRL_06,SENS_WLS_KRL_06,0.0,0.0,Green - Normal,92
2024-07-14 22:00:00,WLS_SIO_07,SENS_WLS_SIO_07,0.0,0.0,Green - Normal,92
2024-07-14 22:00:00,WLS_DDR_08,SENS_WLS_DDR_08,0.0,0.0,Green - Normal,94
2024-07-14 22:00:00,WLS_CHM_09,SENS_WLS_CHM_09,0.0,0.0,Green - Normal,100
2024-07-14 22:00:00,WLS_MLD_10,SENS_WLS_MLD_10,0.0,0.0,Green - Normal,93
2024-07-14 22:00:00,WLS_DHS_11,SENS_WLS_DHS_11,0.0,0.0,Green - Normal,100
2024-07-14 22:00:00,WLS_CHN_12,SENS_WLS_CHN_12,0.0,0.0,Green - Normal,88
2024-07-14 22:00:00,WLS_WRL_13,SENS_WLS_WRL_13,0.0,0.0,Green - Normal,93
2024-07-14 22:00:00,WLS_BYC_14,SENS_WLS_BYC_14,0.0,0.0,Green - Normal,100
2024-07-14 22:00:00,WLS_MNK_15,SENS_WLS_MNK_15,0.0,0.0,Green - Normal,98
2024-07-14 23:00:00,WLS_HND_01,SENS_WLS_HND_01,0.0,0.0,Green - Normal,91
2024-07-14 23:00:00,WLS_GND_02,SENS_WLS_GND_02,0.0,0.0,Green - Normal,94
2024-07-14 23:00:00,WLS_MLN_03,SENS_WLS_MLN_03,0.0,0.0,Green - Normal,94
2024-07-14 23:00:00,WLS_AND_04,SENS_WLS_AND_04,0.0,0.0,Green - Normal,98
2024-07-14 23:00:00,WLS_KHR_05,SENS_WLS_KHR_05,0.0,0.0,Green - Normal,88
2024-07-14 23:00:00,WLS_KRL_06,SENS_WLS_KRL_06,0.0,0.0,Green - Normal,100
2024-07-14 23:00:00,WLS_SIO_07,SENS_WLS_SIO_07,0.0,0.0,Green - Normal,98
2024-07-14 23:00:00,WLS_DDR_08,SENS_WLS_DDR_08,0.0,0.0,Green - Normal,89
2024-07-14 23:00:00,WLS_CHM_09,SENS_WLS_CHM_09,0.0,0.0,Green - Normal,90
2024-07-14 23:00:00,WLS_MLD_10,SENS_WLS_MLD_10,0.0,0.0,Green - Normal,92
2024-07-14 23:00:00,WLS_DHS_11,SENS_WLS_DHS_11,0.0,0.0,Green - Normal,99
2024-07-14 23:00:00,WLS_CHN_12,SENS_WLS_CHN_12,0.0,0.0,Green - Normal,98
2024-07-14 23:00:00,WLS_WRL_13,SENS_WLS_WRL_13,0.0,0.0,Green - Normal,98
2024-07-14 23:00:00,WLS_BYC_14,SENS_WLS_BYC_14,0.0,0.0,Green - Normal,92
2024-07-14 23:00:00,WLS_MNK_15,SENS_WLS_MNK_15,0.0,0.0,Green - Normal,92
2024-07-15 00:00:00,WLS_HND_01,SENS_WLS_HND_01,0.9,0.0,Green - Normal,98
2024-07-15 00:00:00,WLS_GND_02,SENS_WLS_GND_02,0.0,0.0,Green - Normal,100
2024-07-15 00:00:00,WLS_MLN_03,SENS_WLS_MLN_03,5.8,0.46,Green - Normal,100
2024-07-15 00:00:00,WLS_AND_04,SENS_WLS_AND_04,4.4,0.0,Green - Normal,100
2024-07-15 00:00:00,WLS_KHR_05,SENS_WLS_KHR_05,5.2,1.3,Green - Normal,90
2024-07-15 00:00:00,WLS_KRL_06,SENS_WLS_KRL_06,0.0,0.0,Green - Normal,91
2024-07-15 00:00:00,WLS_SIO_07,SENS_WLS_SIO_07,0.0,0.0,Green - Normal,89
2024-07-15 00:00:00,WLS_DDR_08,SENS_WLS_DDR_08,0.0,0.0,Green - Normal,92
2024-07-15 00:00:00,WLS_CHM_09,SENS_WLS_CHM_09,0.0,0.0,Green - Normal,100
2024-07-15 00:00:00,WLS_MLD_10,SENS_WLS_MLD_10,0.0,0.0,Green - Normal,93
2024-07-15 00:00:00,WLS_DHS_11,SENS_WLS_DHS_11,0.0,0.0,Green - Normal,93
2024-07-15 00:00:00,WLS_CHN_12,SENS_WLS_CHN_12,0.1,0.0,Green - Normal,89
2024-07-15 00:00:00,WLS_WRL_13,SENS_WLS_WRL_13,0.0,0.0,Green - Normal,96
2024-07-15 00:00:00,WLS_BYC_14,SENS_WLS_BYC_14,0.0,0.0,Green - Normal,89
2024-07-15 00:00:00,WLS_MNK_15,SENS_WLS_MNK_15,0.0,0.0,Green - Normal,93
2024-07-15 01:00:00,WLS_HND_01,SENS_WLS_HND_01,0.0,0.0,Green - Normal,90
2024-07-15 01:00:00,WLS_GND_02,SENS_WLS_GND_02,0.0,0.0,Green - Normal,95
2024-07-15 01:00:00,WLS_MLN_03,SENS_WLS_MLN_03,0.0,0.0,Green - Normal,91
2024-07-15 01:00:00,WLS_AND_04,SENS_WLS_AND_04,0.0,0.0,Green - Normal,100
2024-07-15 01:00:00,WLS_KHR_05,SENS_WLS_KHR_05,0.0,0.0,Green - Normal,97
2024-07-15 01:00:00,WLS_KRL_06,SENS_WLS_KRL_06,0.0,0.0,Green - Normal,99
2024-07-15 01:00:00,WLS_SIO_07,SENS_WLS_SIO_07,0.0,0.0,Green - Normal,98
2024-07-15 01:00:00,WLS_DDR_08,SENS_WLS_DDR_08,0.0,0.0,Green - Normal,91
2024-07-15 01:00:00,WLS_CHM_09,SENS_WLS_CHM_09,0.0,0.0,Green - Normal,92
2024-07-15 01:00:00,WLS_MLD_10,SENS_WLS_MLD_10,0.0,0.0,Green - Normal,97
2024-07-15 01:00:00,WLS_DHS_11,SENS_WLS_DHS_11,0.0,0.0,Green - Normal,100
2024-07-15 01:00:00,WLS_CHN_12,SENS_WLS_CHN_12,0.0,0.0,Green - Normal,100
2024-07-15 01:00:00,WLS_WRL_13,SENS_WLS_WRL_13,0.0,0.0,Green - Normal,89
2024-07-15 01:00:00,WLS_BYC_14,SENS_WLS_BYC_14,0.0,0.0,Green - Normal,89
2024-07-15 01:00:00,WLS_MNK_15,SENS_WLS_MNK_15,0.0,0.0,Green - Normal,94
2024-07-15 02:00:00,WLS_HND_01,SENS_WLS_HND_01,0.0,0.0,Green - Normal,95
2024-07-15 02:00:00,WLS_GND_02,SENS_WLS_GND_02,0.0,0.0,Green - Normal,93
2024-07-15 02:00:00,WLS_MLN_03,SENS_WLS_MLN_03,0.0,0.0,Green - Normal,92
2024-07-15 02:00:00,WLS_AND_04,SENS_WLS_AND_04,0.0,0.0,Green - Normal,92
2024-07-15 02:00:00,WLS_KHR_05,SENS_WLS_KHR_05,0.0,0.0,Green - Normal,90
2024-07-15 02:00:00,WLS_KRL_06,SENS_WLS_KRL_06,0.0,0.0,Green - Normal,89
2024-07-15 02:00:00,WLS_SIO_07,SENS_WLS_SIO_07,0.0,0.0,Green - Normal,96
2024-07-15 02:00:00,WLS_DDR_08,SENS_WLS_DDR_08,0.0,0.0,Green - Normal,91
2024-07-15 02:00:00,WLS_CHM_09,SENS_WLS_CHM_09,0.0,0.0,Green - Normal,95
2024-07-15 02:00:00,WLS_MLD_10,SENS_WLS_MLD_10,0.0,0.0,Green - Normal,91
2024-07-15 02:00:00,WLS_DHS_11,SENS_WLS_DHS_11,0.0,0.0,Green - Normal,95
2024-07-15 02:00:00,WLS_CHN_12,SENS_WLS_CHN_12,0.0,0.0,Green - Normal,91
2024-07-15 02:00:00,WLS_WRL_13,SENS_WLS_WRL_13,0.0,0.0,Green - Normal,94
2024-07-15 02:00:00,WLS_BYC_14,SENS_WLS_BYC_14,0.0,0.0,Green - Normal,99
2024-07-15 02:00:00,WLS_MNK_15,SENS_WLS_MNK_15,0.0,0.0,Green - Normal,92
2024-07-15 03:00:00,WLS_HND_01,SENS_WLS_HND_01,0.0,0.0,Green - Normal,100
2024-07-15 03:00:00,WLS_GND_02,SENS_WLS_GND_02,0.0,0.0,Green - Normal,96
2024-07-15 03:00:00,WLS_MLN_03,SENS_WLS_MLN_03,0.0,0.0,Green - Normal,93
2024-07-15 03:00:00,WLS_AND_04,SENS_WLS_AND_04,0.0,0.0,Green - Normal,99
2024-07-15 03:00:00,WLS_KHR_05,SENS_WLS_KHR_05,0.0,0.0,Green - Normal,92
2024-07-15 03:00:00,WLS_KRL_06,SENS_WLS_KRL_06,0.0,0.0,Green - Normal,89
2024-07-15 03:00:00,WLS_SIO_07,SENS_WLS_SIO_07,0.0,0.0,Green - Normal,93
2024-07-15 03:00:00,WLS_DDR_08,SENS_WLS_DDR_08,0.0,0.0,Green - Normal,100
2024-07-15 03:00:00,WLS_CHM_09,SENS_WLS_CHM_09,0.0,0.0,Green - Normal,91
2024-07-15 03:00:00,WLS_MLD_10,SENS_WLS_MLD_10,0.0,0.0,Green - Normal,89
2024-07-15 03:00:00,WLS_DHS_11,SENS_WLS_DHS_11,0.0,0.0,Green - Normal,96
2024-07-15 03:00:00,WLS_CHN_12,SENS_WLS_CHN_12,0.0,0.0,Green - Normal,90
2024-07-15 03:00:00,WLS_WRL_13,SENS_WLS_WRL_13,0.0,0.0,Green - Normal,100
2024-07-15 03:00:00,WLS_BYC_14,SENS_WLS_BYC_14,0.0,0.0,Green - Normal,94
2024-07-15 03:00:00,WLS_MNK_15,SENS_WLS_MNK_15,0.0,0.0,Green - Normal,99
2024-07-15 04:00:00,WLS_HND_01,SENS_WLS_HND_01,0.0,0.0,Green - Normal,93
2024-07-15 04:00:00,WLS_GND_02,SENS_WLS_GND_02,0.0,0.0,Green - Normal,100
2024-07-15 04:00:00,WLS_MLN_03,SENS_WLS_MLN_03,0.0,0.0,Green - Normal,96
2024-07-15 04:00:00,WLS_AND_04,SENS_WLS_AND_04,0.0,0.0,Green - Normal,95
2024-07-15 04:00:00,WLS_KHR_05,SENS_WLS_KHR_05,0.0,0.0,Green - Normal,92
2024-07-15 04:00:00,WLS_KRL_06,SENS_WLS_KRL_06,0.0,0.0,Green - Normal,93
2024-07-15 04:00:00,WLS_SIO_07,SENS_WLS_SIO_07,0.0,0.0,Green - Normal,89
2024-07-15 04:00:00,WLS_DDR_08,SENS_WLS_DDR_08,0.0,0.0,Green - Normal,93
2024-07-15 04:00:00,WLS_CHM_09,SENS_WLS_CHM_09,0.0,0.0,Green - Normal,93
2024-07-15 04:00:00,WLS_MLD_10,SENS_WLS_MLD_10,0.0,0.0,Green - Normal,91
2024-07-15 04:00:00,WLS_DHS_11,SENS_WLS_DHS_11,0.0,0.0,Green - Normal,98
2024-07-15 04:00:00,WLS_CHN_12,SENS_WLS_CHN_12,0.0,0.0,Green - Normal,96
2024-07-15 04:00:00,WLS_WRL_13,SENS_WLS_WRL_13,0.0,0.0,Green - Normal,95
2024-07-15 04:00:00,WLS_BYC_14,SENS_WLS_BYC_14,0.0,0.0,Green - Normal,97
2024-07-15 04:00:00,WLS_MNK_15,SENS_WLS_MNK_15,0.0,0.0,Green - Normal,91
2024-07-15 05:00:00,WLS_HND_01,SENS_WLS_HND_01,0.0,0.0,Green - Normal,91
2024-07-15 05:00:00,WLS_GND_02,SENS_WLS_GND_02,0.0,0.0,Green - Normal,100
2024-07-15 05:00:00,WLS_MLN_03,SENS_WLS_MLN_03,0.0,0.0,Green - Normal,91
2024-07-15 05:00:00,WLS_AND_04,SENS_WLS_AND_04,0.0,0.0,Green - Normal,88
2024-07-15 05:00:00,WLS_KHR_05,SENS_WLS_KHR_05,0.0,0.0,Green - Normal,91
2024-07-15 05:00:00,WLS_KRL_06,SENS_WLS_KRL_06,0.0,0.0,Green - Normal,93
2024-07-15 05:00:00,WLS_SIO_07,SENS_WLS_SIO_07,0.0,0.0,Green - Normal,95
2024-07-15 05:00:00,WLS_DDR_08,SENS_WLS_DDR_08,0.0,0.0,Green - Normal,95
2024-07-15 05:00:00,WLS_CHM_09,SENS_WLS_CHM_09,0.0,0.0,Green - Normal,98
2024-07-15 05:00:00,WLS_MLD_10,SENS_WLS_MLD_10,0.0,0.0,Green - Normal,89
2024-07-15 05:00:00,WLS_DHS_11,SENS_WLS_DHS_11,0.0,0.0,Green - Normal,95
2024-07-15 05:00:00,WLS_CHN_12,SENS_WLS_CHN_12,0.0,0.0,Green - Normal,89
2024-07-15 05:00:00,WLS_WRL_13,SENS_WLS_WRL_13,0.0,0.0,Green - Normal,91
2024-07-15 05:00:00,WLS_BYC_14,SENS_WLS_BYC_14,0.0,0.0,Green - Normal,97
2024-07-15 05:00:00,WLS_MNK_15,SENS_WLS_MNK_15,0.0,0.0,Green - Normal,96
2024-07-15 06:00:00,WLS_HND_01,SENS_WLS_HND_01,0.0,0.0,Green - Normal,98
2024-07-15 06:00:00,WLS_GND_02,SENS_WLS_GND_02,0.0,0.0,Green - Normal,88
2024-07-15 06:00:00,WLS_MLN_03,SENS_WLS_MLN_03,0.0,0.0,Green - Normal,90
2024-07-15 06:00:00,WLS_AND_04,SENS_WLS_AND_04,2.9,0.0,Green - Normal,93
2024-07-15 06:00:00,WLS_KHR_05,SENS_WLS_KHR_05,0.0,0.0,Green - Normal,94
2024-07-15 06:00:00,WLS_KRL_06,SENS_WLS_KRL_06,0.0,0.0,Green - Normal,97
2024-07-15 06:00:00,WLS_SIO_07,SENS_WLS_SIO_07,0.0,0.0,Green - Normal,97
2024-07-15 06:00:00,WLS_DDR_08,SENS_WLS_DDR_08,0.0,0.0,Green - Normal,99
2024-07-15 06:00:00,WLS_CHM_09,SENS_WLS_CHM_09,0.0,0.0,Green - Normal,89
2024-07-15 06:00:00,WLS_MLD_10,SENS_WLS_MLD_10,0.0,0.0,Green - Normal,89
2024-07-15 06:00:00,WLS_DHS_11,SENS_WLS_DHS_11,0.0,0.0,Green - Normal,93
2024-07-15 06:00:00,WLS_CHN_12,SENS_WLS_CHN_12,0.0,0.0,Green - Normal,91
2024-07-15 06:00:00,WLS_WRL_13,SENS_WLS_WRL_13,0.0,0.0,Green - Normal,88
2024-07-15 06:00:00,WLS_BYC_14,SENS_WLS_BYC_14,0.0,0.0,Green - Normal,95
2024-07-15 06:00:00,WLS_MNK_15,SENS_WLS_MNK_15,0.0,0.0,Green - Normal,92
2024-07-15 07:00:00,WLS_HND_01,SENS_WLS_HND_01,0.0,0.0,Green - Normal,94
2024-07-15 07:00:00,WLS_GND_02,SENS_WLS_GND_02,0.0,0.0,Green - Normal,97
2024-07-15 07:00:00,WLS_MLN_03,SENS_WLS_MLN_03,0.0,0.0,Green - Normal,91
2024-07-15 07:00:00,WLS_AND_04,SENS_WLS_AND_04,0.0,0.0,Green - Normal,89
2024-07-15 07:00:00,WLS_KHR_05,SENS_WLS_KHR_05,0.0,0.0,Green - Normal,99
2024-07-15 07:00:00,WLS_KRL_06,SENS_WLS_KRL_06,0.0,0.0,Green - Normal,95
2024-07-15 07:00:00,WLS_SIO_07,SENS_WLS_SIO_07,0.0,0.0,Green - Normal,91
2024-07-15 07:00:00,WLS_DDR_08,SENS_WLS_DDR_08,0.0,0.0,Green - Normal,99
2024-07-15 07:00:00,WLS_CHM_09,SENS_WLS_CHM_09,0.0,0.0,Green - Normal,91
2024-07-15 07:00:00,WLS_MLD_10,SENS_WLS_MLD_10,0.0,0.0,Green - Normal,93
2024-07-15 07:00:00,WLS_DHS_11,SENS_WLS_DHS_11,0.0,0.0,Green - Normal,99
2024-07-15 07:00:00,WLS_CHN_12,SENS_WLS_CHN_12,0.0,0.0,Green - Normal,98
2024-07-15 07:00:00,WLS_WRL_13,SENS_WLS_WRL_13,0.0,0.0,Green - Normal,92
2024-07-15 07:00:00,WLS_BYC_14,SENS_WLS_BYC_14,0.0,0.0,Green - Normal,96
2024-07-15 07:00:00,WLS_MNK_15,SENS_WLS_MNK_15,0.0,0.0,Green - Normal,89
2024-07-15 08:00:00,WLS_HND_01,SENS_WLS_HND_01,0.0,0.0,Green - Normal,98
2024-07-15 08:00:00,WLS_GND_02,SENS_WLS_GND_02,0.0,0.0,Green - Normal,94
2024-07-15 08:00:00,WLS_MLN_03,SENS_WLS_MLN_03,0.0,0.0,Green - Normal,89
2024-07-15 08:00:00,WLS_AND_04,SENS_WLS_AND_04,0.0,0.0,Green - Normal,93
2024-07-15 08:00:00,WLS_KHR_05,SENS_WLS_KHR_05,0.0,0.0,Green - Normal,96
2024-07-15 08:00:00,WLS_KRL_06,SENS_WLS_KRL_06,0.0,0.0,Green - Normal,95
2024-07-15 08:00:00,WLS_SIO_07,SENS_WLS_SIO_07,0.0,0.0,Green - Normal,89
2024-07-15 08:00:00,WLS_DDR_08,SENS_WLS_DDR_08,0.0,0.0,Green - Normal,98
2024-07-15 08:00:00,WLS_CHM_09,SENS_WLS_CHM_09,0.0,0.0,Green - Normal,89
2024-07-15 08:00:00,WLS_MLD_10,SENS_WLS_MLD_10,0.0,0.0,Green - Normal,93
2024-07-15 08:00:00,WLS_DHS_11,SENS_WLS_DHS_11,0.0,0.0,Green - Normal,97
2024-07-15 08:00:00,WLS_CHN_12,SENS_WLS_CHN_12,0.0,0.0,Green - Normal,96
2024-07-15 08:00:00,WLS_WRL_13,SENS_WLS_WRL_13,0.0,0.0,Green - Normal,90
2024-07-15 08:00:00,WLS_BYC_14,SENS_WLS_BYC_14,0.0,0.0,Green - Normal,90
2024-07-15 08:00:00,WLS_MNK_15,SENS_WLS_MNK_15,0.0,0.0,Green - Normal,92
2024-07-15 09:00:00,WLS_HND_01,SENS_WLS_HND_01,0.0,0.0,Green - Normal,88
2024-07-15 09:00:00,WLS_GND_02,SENS_WLS_GND_02,0.0,0.0,Green - Normal,97
2024-07-15 09:00:00,WLS_MLN_03,SENS_WLS_MLN_03,0.0,0.0,Green - Normal,96
2024-07-15 09:00:00,WLS_AND_04,SENS_WLS_AND_04,0.0,0.0,Green - Normal,92
2024-07-15 09:00:00,WLS_KHR_05,SENS_WLS_KHR_05,0.0,0.0,Green - Normal,90
2024-07-15 09:00:00,WLS_KRL_06,SENS_WLS_KRL_06,0.0,0.0,Green - Normal,89
2024-07-15 09:00:00,WLS_SIO_07,SENS_WLS_SIO_07,0.0,0.0,Green - Normal,94
2024-07-15 09:00:00,WLS_DDR_08,SENS_WLS_DDR_08,0.0,0.0,Green - Normal,91
2024-07-15 09:00:00,WLS_CHM_09,SENS_WLS_CHM_09,0.0,0.0,Green - Normal,99
2024-07-15 09:00:00,WLS_MLD_10,SENS_WLS_MLD_10,0.0,0.0,Green - Normal,94
2024-07-15 09:00:00,WLS_DHS_11,SENS_WLS_DHS_11,0.0,0.0,Green - Normal,97
2024-07-15 09:00:00,WLS_CHN_12,SENS_WLS_CHN_12,0.0,0.0,Green - Normal,96
2024-07-15 09:00:00,WLS_WRL_13,SENS_WLS_WRL_13,0.0,0.0,Green - Normal,96
2024-07-15 09:00:00,WLS_BYC_14,SENS_WLS_BYC_14,0.0,0.0,Green - Normal,95
2024-07-15 09:00:00,WLS_MNK_15,SENS_WLS_MNK_15,0.0,0.0,Green - Normal,89
2024-07-15 10:00:00,WLS_HND_01,SENS_WLS_HND_01,0.0,0.0,Green - Normal,95
2024-07-15 10:00:00,WLS_GND_02,SENS_WLS_GND_02,0.0,0.0,Green - Normal,94
2024-07-15 10:00:00,WLS_MLN_03,SENS_WLS_MLN_03,0.0,0.0,Green - Normal,90
2024-07-15 10:00:00,WLS_AND_04,SENS_WLS_AND_04,0.0,0.0,Green - Normal,89
2024-07-15 10:00:00,WLS_KHR_05,SENS_WLS_KHR_05,0.0,0.0,Green - Normal,96
2024-07-15 10:00:00,WLS_KRL_06,SENS_WLS_KRL_06,0.0,0.0,Green - Normal,99
2024-07-15 10:00:00,WLS_SIO_07,SENS_WLS_SIO_07,0.0,0.0,Green - Normal,93
2024-07-15 10:00:00,WLS_DDR_08,SENS_WLS_DDR_08,0.0,0.0,Green - Normal,99
2024-07-15 10:00:00,WLS_CHM_09,SENS_WLS_CHM_09,0.0,0.0,Green - Normal,97
2024-07-15 10:00:00,WLS_MLD_10,SENS_WLS_MLD_10,0.0,0.0,Green - Normal,89
2024-07-15 10:00:00,WLS_DHS_11,SENS_WLS_DHS_11,0.0,0.0,Green - Normal,93
2024-07-15 10:00:00,WLS_CHN_12,SENS_WLS_CHN_12,0.0,0.0,Green - Normal,90
2024-07-15 10:00:00,WLS_WRL_13,SENS_WLS_WRL_13,0.0,0.0,Green - Normal,91
2024-07-15 10:00:00,WLS_BYC_14,SENS_WLS_BYC_14,0.0,0.0,Green - Normal,88
2024-07-15 10:00:00,WLS_MNK_15,SENS_WLS_MNK_15,0.0,0.0,Green - Normal,92
2024-07-15 11:00:00,WLS_HND_01,SENS_WLS_HND_01,0.0,0.0,Green - Normal,93
2024-07-15 11:00:00,WLS_GND_02,SENS_WLS_GND_02,0.0,0.0,Green - Normal,89
2024-07-15 11:00:00,WLS_MLN_03,SENS_WLS_MLN_03,0.0,0.0,Green - Normal,99
2024-07-15 11:00:00,WLS_AND_04,SENS_WLS_AND_04,0.0,0.0,Green - Normal,94
2024-07-15 11:00:00,WLS_KHR_05,SENS_WLS_KHR_05,0.0,0.0,Green - Normal,97
2024-07-15 11:00:00,WLS_KRL_06,SENS_WLS_KRL_06,0.0,0.0,Green - Normal,89
2024-07-15 11:00:00,WLS_SIO_07,SENS_WLS_SIO_07,0.0,0.0,Green - Normal,95
2024-07-15 11:00:00,WLS_DDR_08,SENS_WLS_DDR_08,0.0,0.0,Green - Normal,97
2024-07-15 11:00:00,WLS_CHM_09,SENS_WLS_CHM_09,0.0,0.0,Green - Normal,91
2024-07-15 11:00:00,WLS_MLD_10,SENS_WLS_MLD_10,0.0,0.0,Green - Normal,91
2024-07-15 11:00:00,WLS_DHS_11,SENS_WLS_DHS_11,0.0,0.0,Green - Normal,100
2024-07-15 11:00:00,WLS_CHN_12,SENS_WLS_CHN_12,0.0,0.0,Green - Normal,95
2024-07-15 11:00:00,WLS_WRL_13,SENS_WLS_WRL_13,0.0,0.0,Green - Normal,99
2024-07-15 11:00:00,WLS_BYC_14,SENS_WLS_BYC_14,0.0,0.0,Green - Normal,88
2024-07-15 11:00:00,WLS_MNK_15,SENS_WLS_MNK_15,0.0,0.0,Green - Normal,91
2024-07-15 12:00:00,WLS_HND_01,SENS_WLS_HND_01,0.0,0.0,Green - Normal,93
2024-07-15 12:00:00,WLS_GND_02,SENS_WLS_GND_02,0.0,0.0,Green - Normal,92
2024-07-15 12:00:00,WLS_MLN_03,SENS_WLS_MLN_03,0.0,0.0,Green - Normal,93
2024-07-15 12:00:00,WLS_AND_04,SENS_WLS_AND_04,0.0,0.0,Green - Normal,94
2024-07-15 12:00:00,WLS_KHR_05,SENS_WLS_KHR_05,0.0,0.0,Green - Normal,94
2024-07-15 12:00:00,WLS_KRL_06,SENS_WLS_KRL_06,0.0,0.0,Green - Normal,95
2024-07-15 12:00:00,WLS_SIO_07,SENS_WLS_SIO_07,0.0,0.0,Green - Normal,93
2024-07-15 12:00:00,WLS_DDR_08,SENS_WLS_DDR_08,0.0,0.0,Green - Normal,93
2024-07-15 12:00:00,WLS_CHM_09,SENS_WLS_CHM_09,0.0,0.0,Green - Normal,98
2024-07-15 12:00:00,WLS_MLD_10,SENS_WLS_MLD_10,0.0,0.0,Green - Normal,98
2024-07-15 12:00:00,WLS_DHS_11,SENS_WLS_DHS_11,0.0,0.0,Green - Normal,95
2024-07-15 12:00:00,WLS_CHN_12,SENS_WLS_CHN_12,0.0,0.0,Green - Normal,92
2024-07-15 12:00:00,WLS_WRL_13,SENS_WLS_WRL_13,0.0,0.0,Green - Normal,93
2024-07-15 12:00:00,WLS_BYC_14,SENS_WLS_BYC_14,0.0,0.0,Green - Normal,94
2024-07-15 12:00:00,WLS_MNK_15,SENS_WLS_MNK_15,0.0,0.0,Green - Normal,96
2024-07-15 13:00:00,WLS_HND_01,SENS_WLS_HND_01,0.0,0.0,Green - Normal,97
2024-07-15 13:00:00,WLS_GND_02,SENS_WLS_GND_02,0.0,0.0,Green - Normal,99
2024-07-15 13:00:00,WLS_MLN_03,SENS_WLS_MLN_03,0.0,0.0,Green - Normal,95
2024-07-15 13:00:00,WLS_AND_04,SENS_WLS_AND_04,0.0,0.0,Green - Normal,94
2024-07-15 13:00:00,WLS_KHR_05,SENS_WLS_KHR_05,0.0,0.0,Green - Normal,92
2024-07-15 13:00:00,WLS_KRL_06,SENS_WLS_KRL_06,0.0,0.0,Green - Normal,88
2024-07-15 13:00:00,WLS_SIO_07,SENS_WLS_SIO_07,0.0,0.0,Green - Normal,96
2024-07-15 13:00:00,WLS_DDR_08,SENS_WLS_DDR_08,0.0,0.0,Green - Normal,90
2024-07-15 13:00:00,WLS_CHM_09,SENS_WLS_CHM_09,0.0,0.0,Green - Normal,98
2024-07-15 13:00:00,WLS_MLD_10,SENS_WLS_MLD_10,0.0,0.0,Green - Normal,90
2024-07-15 13:00:00,WLS_DHS_11,SENS_WLS_DHS_11,0.0,0.0,Green - Normal,93
2024-07-15 13:00:00,WLS_CHN_12,SENS_WLS_CHN_12,0.0,0.0,Green - Normal,99
2024-07-15 13:00:00,WLS_WRL_13,SENS_WLS_WRL_13,0.0,0.0,Green - Normal,88
2024-07-15 13:00:00,WLS_BYC_14,SENS_WLS_BYC_14,0.0,0.0,Green - Normal,94
2024-07-15 13:00:00,WLS_MNK_15,SENS_WLS_MNK_15,0.0,0.0,Green - Normal,92
2024-07-15 14:00:00,WLS_HND_01,SENS_WLS_HND_01,0.0,0.0,Green - Normal,88
2024-07-15 14:00:00,WLS_GND_02,SENS_WLS_GND_02,0.0,0.0,Green - Normal,91
2024-07-15 14:00:00,WLS_MLN_03,SENS_WLS_MLN_03,0.0,0.0,Green - Normal,100
2024-07-15 14:00:00,WLS_AND_04,SENS_WLS_AND_04,0.0,0.0,Green - Normal,95
2024-07-15 14:00:00,WLS_KHR_05,SENS_WLS_KHR_05,0.0,0.0,Green - Normal,99
2024-07-15 14:00:00,WLS_KRL_06,SENS_WLS_KRL_06,0.0,0.0,Green - Normal,93
2024-07-15 14:00:00,WLS_SIO_07,SENS_WLS_SIO_07,0.0,0.0,Green - Normal,98
2024-07-15 14:00:00,WLS_DDR_08,SENS_WLS_DDR_08,0.0,0.0,Green - Normal,99
2024-07-15 14:00:00,WLS_CHM_09,SENS_WLS_CHM_09,0.0,0.0,Green - Normal,91
2024-07-15 14:00:00,WLS_MLD_10,SENS_WLS_MLD_10,0.0,0.0,Green - Normal,97
2024-07-15 14:00:00,WLS_DHS_11,SENS_WLS_DHS_11,0.0,0.0,Green - Normal,91
2024-07-15 14:00:00,WLS_CHN_12,SENS_WLS_CHN_12,0.0,0.0,Green - Normal,97
2024-07-15 14:00:00,WLS_WRL_13,SENS_WLS_WRL_13,0.0,0.0,Green - Normal,96
2024-07-15 14:00:00,WLS_BYC_14,SENS_WLS_BYC_14,0.0,0.0,Green - Normal,88
2024-07-15 14:00:00,WLS_MNK_15,SENS_WLS_MNK_15,0.0,0.0,Green - Normal,89
2024-07-15 15:00:00,WLS_HND_01,SENS_WLS_HND_01,0.0,0.0,Green - Normal,90
2024-07-15 15:00:00,WLS_GND_02,SENS_WLS_GND_02,0.0,0.0,Green - Normal,100
2024-07-15 15:00:00,WLS_MLN_03,SENS_WLS_MLN_03,0.0,0.0,Green - Normal,88
2024-07-15 15:00:00,WLS_AND_04,SENS_WLS_AND_04,0.0,0.0,Green - Normal,88
2024-07-15 15:00:00,WLS_KHR_05,SENS_WLS_KHR_05,0.0,0.0,Green - Normal,97
2024-07-15 15:00:00,WLS_KRL_06,SENS_WLS_KRL_06,0.0,0.0,Green - Normal,100
2024-07-15 15:00:00,WLS_SIO_07,SENS_WLS_SIO_07,0.0,0.0,Green - Normal,91
2024-07-15 15:00:00,WLS_DDR_08,SENS_WLS_DDR_08,0.0,0.0,Green - Normal,98
2024-07-15 15:00:00,WLS_CHM_09,SENS_WLS_CHM_09,0.0,0.0,Green - Normal,89
2024-07-15 15:00:00,WLS_MLD_10,SENS_WLS_MLD_10,0.0,0.0,Green - Normal,100
2024-07-15 15:00:00,WLS_DHS_11,SENS_WLS_DHS_11,0.0,0.0,Green - Normal,100
2024-07-15 15:00:00,WLS_CHN_12,SENS_WLS_CHN_12,0.0,0.0,Green - Normal,98
2024-07-15 15:00:00,WLS_WRL_13,SENS_WLS_WRL_13,0.0,0.0,Green - Normal,93
2024-07-15 15:00:00,WLS_BYC_14,SENS_WLS_BYC_14,0.0,0.0,Green - Normal,91
2024-07-15 15:00:00,WLS_MNK_15,SENS_WLS_MNK_15,0.0,0.0,Green - Normal,100
2024-07-15 16:00:00,WLS_HND_01,SENS_WLS_HND_01,0.0,0.0,Green - Normal,88
2024-07-15 16:00:00,WLS_GND_02,SENS_WLS_GND_02,0.0,0.0,Green - Normal,99
2024-07-15 16:00:00,WLS_MLN_03,SENS_WLS_MLN_03,0.0,0.0,Green - Normal,100
2024-07-15 16:00:00,WLS_AND_04,SENS_WLS_AND_04,0.0,0.0,Green - Normal,100
2024-07-15 16:00:00,WLS_KHR_05,SENS_WLS_KHR_05,0.0,0.0,Green - Normal,96
2024-07-15 16:00:00,WLS_KRL_06,SENS_WLS_KRL_06,0.0,0.0,Green - Normal,93
2024-07-15 16:00:00,WLS_SIO_07,SENS_WLS_SIO_07,0.0,0.0,Green - Normal,96
2024-07-15 16:00:00,WLS_DDR_08,SENS_WLS_DDR_08,0.0,0.0,Green - Normal,89
2024-07-15 16:00:00,WLS_CHM_09,SENS_WLS_CHM_09,0.0,0.0,Green - Normal,91
2024-07-15 16:00:00,WLS_MLD_10,SENS_WLS_MLD_10,0.0,0.0,Green - Normal,95
2024-07-15 16:00:00,WLS_DHS_11,SENS_WLS_DHS_11,0.0,0.0,Green - Normal,88
2024-07-15 16:00:00,WLS_CHN_12,SENS_WLS_CHN_12,0.0,0.0,Green - Normal,88
2024-07-15 16:00:00,WLS_WRL_13,SENS_WLS_WRL_13,0.0,0.0,Green - Normal,95
2024-07-15 16:00:00,WLS_BYC_14,SENS_WLS_BYC_14,0.0,0.0,Green - Normal,90
2024-07-15 16:00:00,WLS_MNK_15,SENS_WLS_MNK_15,0.0,0.0,Green - Normal,89
2024-07-15 17:00:00,WLS_HND_01,SENS_WLS_HND_01,0.0,0.0,Green - Normal,93
2024-07-15 17:00:00,WLS_GND_02,SENS_WLS_GND_02,0.0,0.0,Green - Normal,89
2024-07-15 17:00:00,WLS_MLN_03,SENS_WLS_MLN_03,0.0,0.0,Green - Normal,99
2024-07-15 17:00:00,WLS_AND_04,SENS_WLS_AND_04,0.0,0.0,Green - Normal,92
2024-07-15 17:00:00,WLS_KHR_05,SENS_WLS_KHR_05,0.0,0.0,Green - Normal,88
2024-07-15 17:00:00,WLS_KRL_06,SENS_WLS_KRL_06,0.0,0.0,Green - Normal,96
2024-07-15 17:00:00,WLS_SIO_07,SENS_WLS_SIO_07,0.0,0.0,Green - Normal,91
2024-07-15 17:00:00,WLS_DDR_08,SENS_WLS_DDR_08,0.0,0.0,Green - Normal,98
2024-07-15 17:00:00,WLS_CHM_09,SENS_WLS_CHM_09,0.0,0.0,Green - Normal,92
2024-07-15 17:00:00,WLS_MLD_10,SENS_WLS_MLD_10,0.0,0.0,Green - Normal,99
2024-07-15 17:00:00,WLS_DHS_11,SENS_WLS_DHS_11,0.0,0.0,Green - Normal,95
2024-07-15 17:00:00,WLS_CHN_12,SENS_WLS_CHN_12,0.0,0.0,Green - Normal,89
2024-07-15 17:00:00,WLS_WRL_13,SENS_WLS_WRL_13,0.0,0.0,Green - Normal,89
2024-07-15 17:00:00,WLS_BYC_14,SENS_WLS_BYC_14,0.0,0.0,Green - Normal,95
2024-07-15 17:00:00,WLS_MNK_15,SENS_WLS_MNK_15,0.0,0.0,Green - Normal,93
2024-07-15 18:00:00,WLS_HND_01,SENS_WLS_HND_01,0.0,0.0,Green - Normal,97
2024-07-15 18:00:00,WLS_GND_02,SENS_WLS_GND_02,0.0,0.0,Green - Normal,89
2024-07-15 18:00:00,WLS_MLN_03,SENS_WLS_MLN_03,0.0,0.0,Green - Normal,96
2024-07-15 18:00:00,WLS_AND_04,SENS_WLS_AND_04,0.0,0.0,Green - Normal,90
2024-07-15 18:00:00,WLS_KHR_05,SENS_WLS_KHR_05,0.0,0.0,Green - Normal,94
2024-07-15 18:00:00,WLS_KRL_06,SENS_WLS_KRL_06,0.0,0.0,Green - Normal,96
2024-07-15 18:00:00,WLS_SIO_07,SENS_WLS_SIO_07,0.0,0.0,Green - Normal,91
2024-07-15 18:00:00,WLS_DDR_08,SENS_WLS_DDR_08,0.0,0.0,Green - Normal,88
2024-07-15 18:00:00,WLS_CHM_09,SENS_WLS_CHM_09,0.0,0.0,Green - Normal,98
2024-07-15 18:00:00,WLS_MLD_10,SENS_WLS_MLD_10,0.0,0.0,Green - Normal,98
2024-07-15 18:00:00,WLS_DHS_11,SENS_WLS_DHS_11,0.0,0.0,Green - Normal,90
2024-07-15 18:00:00,WLS_CHN_12,SENS_WLS_CHN_12,0.0,0.0,Green - Normal,97
2024-07-15 18:00:00,WLS_WRL_13,SENS_WLS_WRL_13,0.0,0.0,Green - Normal,91
2024-07-15 18:00:00,WLS_BYC_14,SENS_WLS_BYC_14,0.0,0.0,Green - Normal,93
2024-07-15 18:00:00,WLS_MNK_15,SENS_WLS_MNK_15,0.0,0.0,Green - Normal,93
2024-07-15 19:00:00,WLS_HND_01,SENS_WLS_HND_01,0.0,0.0,Green - Normal,91
2024-07-15 19:00:00,WLS_GND_02,SENS_WLS_GND_02,0.0,0.0,Green - Normal,92
2024-07-15 19:00:00,WLS_MLN_03,SENS_WLS_MLN_03,0.0,0.0,Green - Normal,99
2024-07-15 19:00:00,WLS_AND_04,SENS_WLS_AND_04,0.0,0.0,Green - Normal,91
2024-07-15 19:00:00,WLS_KHR_05,SENS_WLS_KHR_05,0.0,0.0,Green - Normal,93
2024-07-15 19:00:00,WLS_KRL_06,SENS_WLS_KRL_06,0.0,0.0,Green - Normal,89
2024-07-15 19:00:00,WLS_SIO_07,SENS_WLS_SIO_07,0.0,0.0,Green - Normal,91
2024-07-15 19:00:00,WLS_DDR_08,SENS_WLS_DDR_08,0.0,0.0,Green - Normal,94
2024-07-15 19:00:00,WLS_CHM_09,SENS_WLS_CHM_09,0.0,0.0,Green - Normal,91
2024-07-15 19:00:00,WLS_MLD_10,SENS_WLS_MLD_10,0.0,0.0,Green - Normal,99
2024-07-15 19:00:00,WLS_DHS_11,SENS_WLS_DHS_11,0.0,0.0,Green - Normal,100
2024-07-15 19:00:00,WLS_CHN_12,SENS_WLS_CHN_12,0.0,0.0,Green - Normal,98
2024-07-15 19:00:00,WLS_WRL_13,SENS_WLS_WRL_13,0.0,0.0,Green - Normal,95
2024-07-15 19:00:00,WLS_BYC_14,SENS_WLS_BYC_14,0.0,0.0,Green - Normal,91
2024-07-15 19:00:00,WLS_MNK_15,SENS_WLS_MNK_15,0.0,0.0,Green - Normal,97
2024-07-15 20:00:00,WLS_HND_01,SENS_WLS_HND_01,0.0,0.0,Green - Normal,95
2024-07-15 20:00:00,WLS_GND_02,SENS_WLS_GND_02,0.0,0.0,Green - Normal,90
2024-07-15 20:00:00,WLS_MLN_03,SENS_WLS_MLN_03,0.0,0.0,Green - Normal,97
2024-07-15 20:00:00,WLS_AND_04,SENS_WLS_AND_04,0.0,0.0,Green - Normal,99
2024-07-15 20:00:00,WLS_KHR_05,SENS_WLS_KHR_05,0.0,0.0,Green - Normal,100
2024-07-15 20:00:00,WLS_KRL_06,SENS_WLS_KRL_06,0.0,0.0,Green - Normal,95
2024-07-15 20:00:00,WLS_SIO_07,SENS_WLS_SIO_07,0.0,0.0,Green - Normal,94
2024-07-15 20:00:00,WLS_DDR_08,SENS_WLS_DDR_08,0.0,0.0,Green - Normal,96
2024-07-15 20:00:00,WLS_CHM_09,SENS_WLS_CHM_09,0.0,0.0,Green - Normal,90
2024-07-15 20:00:00,WLS_MLD_10,SENS_WLS_MLD_10,0.0,0.0,Green - Normal,96
2024-07-15 20:00:00,WLS_DHS_11,SENS_WLS_DHS_11,0.0,0.0,Green - Normal,97
2024-07-15 20:00:00,WLS_CHN_12,SENS_WLS_CHN_12,0.0,0.0,Green - Normal,91
2024-07-15 20:00:00,WLS_WRL_13,SENS_WLS_WRL_13,0.0,0.0,Green - Normal,99
2024-07-15 20:00:00,WLS_BYC_14,SENS_WLS_BYC_14,0.0,0.0,Green - Normal,98
2024-07-15 20:00:00,WLS_MNK_15,SENS_WLS_MNK_15,0.0,0.0,Green - Normal,100
2024-07-15 21:00:00,WLS_HND_01,SENS_WLS_HND_01,0.0,0.0,Green - Normal,99
2024-07-15 21:00:00,WLS_GND_02,SENS_WLS_GND_02,0.0,0.0,Green - Normal,91
2024-07-15 21:00:00,WLS_MLN_03,SENS_WLS_MLN_03,0.0,0.0,Green - Normal,89
2024-07-15 21:00:00,WLS_AND_04,SENS_WLS_AND_04,0.0,0.0,Green - Normal,98
2024-07-15 21:00:00,WLS_KHR_05,SENS_WLS_KHR_05,0.0,0.0,Green - Normal,92
2024-07-15 21:00:00,WLS_KRL_06,SENS_WLS_KRL_06,0.0,0.0,Green - Normal,92
2024-07-15 21:00:00,WLS_SIO_07,SENS_WLS_SIO_07,0.0,0.0,Green - Normal,98
2024-07-15 21:00:00,WLS_DDR_08,SENS_WLS_DDR_08,0.0,0.0,Green - Normal,99
2024-07-15 21:00:00,WLS_CHM_09,SENS_WLS_CHM_09,0.0,0.0,Green - Normal,95
2024-07-15 21:00:00,WLS_MLD_10,SENS_WLS_MLD_10,0.0,0.0,Green - Normal,95
2024-07-15 21:00:00,WLS_DHS_11,SENS_WLS_DHS_11,0.0,0.0,Green - Normal,90
2024-07-15 21:00:00,WLS_CHN_12,SENS_WLS_CHN_12,0.0,0.0,Green - Normal,93
2024-07-15 21:00:00,WLS_WRL_13,SENS_WLS_WRL_13,0.0,0.0,Green - Normal,100
2024-07-15 21:00:00,WLS_BYC_14,SENS_WLS_BYC_14,0.0,0.0,Green - Normal,88
2024-07-15 21:00:00,WLS_MNK_15,SENS_WLS_MNK_15,0.0,0.0,Green - Normal,90
2024-07-15 22:00:00,WLS_HND_01,SENS_WLS_HND_01,0.0,0.0,Green - Normal,88
2024-07-15 22:00:00,WLS_GND_02,SENS_WLS_GND_02,0.0,0.0,Green - Normal,88
2024-07-15 22:00:00,WLS_MLN_03,SENS_WLS_MLN_03,0.0,0.0,Green - Normal,94
2024-07-15 22:00:00,WLS_AND_04,SENS_WLS_AND_04,0.0,0.0,Green - Normal,99
2024-07-15 22:00:00,WLS_KHR_05,SENS_WLS_KHR_05,0.0,0.0,Green - Normal,90
2024-07-15 22:00:00,WLS_KRL_06,SENS_WLS_KRL_06,0.0,0.0,Green - Normal,90
2024-07-15 22:00:00,WLS_SIO_07,SENS_WLS_SIO_07,0.0,0.0,Green - Normal,95
2024-07-15 22:00:00,WLS_DDR_08,SENS_WLS_DDR_08,0.0,0.0,Green - Normal,92
2024-07-15 22:00:00,WLS_CHM_09,SENS_WLS_CHM_09,0.0,0.0,Green - Normal,97
2024-07-15 22:00:00,WLS_MLD_10,SENS_WLS_MLD_10,0.0,0.0,Green - Normal,98
2024-07-15 22:00:00,WLS_DHS_11,SENS_WLS_DHS_11,0.0,0.0,Green - Normal,97
2024-07-15 22:00:00,WLS_CHN_12,SENS_WLS_CHN_12,0.0,0.0,Green - Normal,89
2024-07-15 22:00:00,WLS_WRL_13,SENS_WLS_WRL_13,0.0,0.0,Green - Normal,89
2024-07-15 22:00:00,WLS_BYC_14,SENS_WLS_BYC_14,0.0,0.0,Green - Normal,98
2024-07-15 22:00:00,WLS_MNK_15,SENS_WLS_MNK_15,0.0,0.0,Green - Normal,89
2024-07-15 23:00:00,WLS_HND_01,SENS_WLS_HND_01,0.0,0.0,Green - Normal,91
2024-07-15 23:00:00,WLS_GND_02,SENS_WLS_GND_02,0.0,0.0,Green - Normal,96
2024-07-15 23:00:00,WLS_MLN_03,SENS_WLS_MLN_03,0.0,0.0,Green - Normal,96
2024-07-15 23:00:00,WLS_AND_04,SENS_WLS_AND_04,0.0,0.0,Green - Normal,96
2024-07-15 23:00:00,WLS_KHR_05,SENS_WLS_KHR_05,0.0,0.0,Green - Normal,90
2024-07-15 23:00:00,WLS_KRL_06,SENS_WLS_KRL_06,0.0,0.0,Green - Normal,97
2024-07-15 23:00:00,WLS_SIO_07,SENS_WLS_SIO_07,0.0,0.0,Green - Normal,94
2024-07-15 23:00:00,WLS_DDR_08,SENS_WLS_DDR_08,0.0,0.0,Green - Normal,97
2024-07-15 23:00:00,WLS_CHM_09,SENS_WLS_CHM_09,0.0,0.0,Green - Normal,100
2024-07-15 23:00:00,WLS_MLD_10,SENS_WLS_MLD_10,0.0,0.0,Green - Normal,90
2024-07-15 23:00:00,WLS_DHS_11,SENS_WLS_DHS_11,0.0,0.0,Green - Normal,91
2024-07-15 23:00:00,WLS_CHN_12,SENS_WLS_CHN_12,0.0,0.0,Green - Normal,95
2024-07-15 23:00:00,WLS_WRL_13,SENS_WLS_WRL_13,0.0,0.0,Green - Normal,97
2024-07-15 23:00:00,WLS_BYC_14,SENS_WLS_BYC_14,0.0,0.0,Green - Normal,97
2024-07-15 23:00:00,WLS_MNK_15,SENS_WLS_MNK_15,0.0,0.0,Green - Normal,98
2024-07-16 00:00:00,WLS_HND_01,SENS_WLS_HND_01,0.0,0.0,Green - Normal,92
2024-07-16 00:00:00,WLS_GND_02,SENS_WLS_GND_02,0.0,0.0,Green - Normal,95
2024-07-16 00:00:00,WLS_MLN_03,SENS_WLS_MLN_03,0.0,0.0,Green - Normal,89
2024-07-16 00:00:00,WLS_AND_04,SENS_WLS_AND_04,0.0,0.0,Green - Normal,95
2024-07-16 00:00:00,WLS_KHR_05,SENS_WLS_KHR_05,0.0,0.0,Green - Normal,91
2024-07-16 00:00:00,WLS_KRL_06,SENS_WLS_KRL_06,0.0,0.0,Green - Normal,100
2024-07-16 00:00:00,WLS_SIO_07,SENS_WLS_SIO_07,0.0,0.0,Green - Normal,94
2024-07-16 00:00:00,WLS_DDR_08,SENS_WLS_DDR_08,0.0,0.0,Green - Normal,89
2024-07-16 00:00:00,WLS_CHM_09,SENS_WLS_CHM_09,0.0,0.0,Green - Normal,92
2024-07-16 00:00:00,WLS_MLD_10,SENS_WLS_MLD_10,0.0,0.0,Green - Normal,100
2024-07-16 00:00:00,WLS_DHS_11,SENS_WLS_DHS_11,0.0,0.0,Green - Normal,99
2024-07-16 00:00:00,WLS_CHN_12,SENS_WLS_CHN_12,0.0,0.0,Green - Normal,89
2024-07-16 00:00:00,WLS_WRL_13,SENS_WLS_WRL_13,0.0,0.0,Green - Normal,97
2024-07-16 00:00:00,WLS_BYC_14,SENS_WLS_BYC_14,0.0,0.0,Green - Normal,100
2024-07-16 00:00:00,WLS_MNK_15,SENS_WLS_MNK_15,0.0,0.0,Green - Normal,95
2024-07-16 01:00:00,WLS_HND_01,SENS_WLS_HND_01,5.8,0.67,Green - Normal,96
2024-07-16 01:00:00,WLS_GND_02,SENS_WLS_GND_02,5.3,1.27,Green - Normal,94
2024-07-16 01:00:00,WLS_MLN_03,SENS_WLS_MLN_03,3.3,0.0,Green - Normal,90
2024-07-16 01:00:00,WLS_AND_04,SENS_WLS_AND_04,2.0,0.0,Green - Normal,95
2024-07-16 01:00:00,WLS_KHR_05,SENS_WLS_KHR_05,9.1,1.32,Green - Normal,95
2024-07-16 01:00:00,WLS_KRL_06,SENS_WLS_KRL_06,1.9,0.0,Green - Normal,89
2024-07-16 01:00:00,WLS_SIO_07,SENS_WLS_SIO_07,5.2,0.86,Green - Normal,96
2024-07-16 01:00:00,WLS_DDR_08,SENS_WLS_DDR_08,0.0,0.0,Green - Normal,89
2024-07-16 01:00:00,WLS_CHM_09,SENS_WLS_CHM_09,0.0,0.0,Green - Normal,98
2024-07-16 01:00:00,WLS_MLD_10,SENS_WLS_MLD_10,8.8,0.11,Green - Normal,93
2024-07-16 01:00:00,WLS_DHS_11,SENS_WLS_DHS_11,2.5,0.0,Green - Normal,93
2024-07-16 01:00:00,WLS_CHN_12,SENS_WLS_CHN_12,0.0,0.0,Green - Normal,90
2024-07-16 01:00:00,WLS_WRL_13,SENS_WLS_WRL_13,0.0,0.0,Green - Normal,90
2024-07-16 01:00:00,WLS_BYC_14,SENS_WLS_BYC_14,0.0,0.0,Green - Normal,92
2024-07-16 01:00:00,WLS_MNK_15,SENS_WLS_MNK_15,6.2,0.22,Green - Normal,89
2024-07-16 02:00:00,WLS_HND_01,SENS_WLS_HND_01,0.0,0.0,Green - Normal,96
2024-07-16 02:00:00,WLS_GND_02,SENS_WLS_GND_02,0.0,0.0,Green - Normal,100
2024-07-16 02:00:00,WLS_MLN_03,SENS_WLS_MLN_03,0.0,0.0,Green - Normal,96
2024-07-16 02:00:00,WLS_AND_04,SENS_WLS_AND_04,0.0,0.0,Green - Normal,96
2024-07-16 02:00:00,WLS_KHR_05,SENS_WLS_KHR_05,0.0,0.0,Green - Normal,88
2024-07-16 02:00:00,WLS_KRL_06,SENS_WLS_KRL_06,0.0,0.0,Green - Normal,90
2024-07-16 02:00:00,WLS_SIO_07,SENS_WLS_SIO_07,0.0,0.0,Green - Normal,92
2024-07-16 02:00:00,WLS_DDR_08,SENS_WLS_DDR_08,0.0,0.0,Green - Normal,91
2024-07-16 02:00:00,WLS_CHM_09,SENS_WLS_CHM_09,0.0,0.0,Green - Normal,90
2024-07-16 02:00:00,WLS_MLD_10,SENS_WLS_MLD_10,0.0,0.0,Green - Normal,95
2024-07-16 02:00:00,WLS_DHS_11,SENS_WLS_DHS_11,0.0,0.0,Green - Normal,93
2024-07-16 02:00:00,WLS_CHN_12,SENS_WLS_CHN_12,0.0,0.0,Green - Normal,93
2024-07-16 02:00:00,WLS_WRL_13,SENS_WLS_WRL_13,0.0,0.0,Green - Normal,94
2024-07-16 02:00:00,WLS_BYC_14,SENS_WLS_BYC_14,0.0,0.0,Green - Normal,88
2024-07-16 02:00:00,WLS_MNK_15,SENS_WLS_MNK_15,0.0,0.0,Green - Normal,89
2024-07-16 03:00:00,WLS_HND_01,SENS_WLS_HND_01,60.1,0.52,Red Alert - Inundated,95
2024-07-16 03:00:00,WLS_GND_02,SENS_WLS_GND_02,51.8,0.65,Red Alert - Inundated,96
2024-07-16 03:00:00,WLS_MLN_03,SENS_WLS_MLN_03,86.9,0.65,Red Alert - Inundated,94
2024-07-16 03:00:00,WLS_AND_04,SENS_WLS_AND_04,85.4,0.77,Red Alert - Inundated,98
2024-07-16 03:00:00,WLS_KHR_05,SENS_WLS_KHR_05,81.8,0.24,Red Alert - Inundated,92
2024-07-16 03:00:00,WLS_KRL_06,SENS_WLS_KRL_06,47.7,1.15,Red Alert - Inundated,94
2024-07-16 03:00:00,WLS_SIO_07,SENS_WLS_SIO_07,52.6,0.69,Red Alert - Inundated,95
2024-07-16 03:00:00,WLS_DDR_08,SENS_WLS_DDR_08,34.3,0.81,Amber Alert - Waterlogging,92
2024-07-16 03:00:00,WLS_CHM_09,SENS_WLS_CHM_09,23.5,1.3,Amber Alert - Waterlogging,93
2024-07-16 03:00:00,WLS_MLD_10,SENS_WLS_MLD_10,75.2,0.69,Red Alert - Inundated,92
2024-07-16 03:00:00,WLS_DHS_11,SENS_WLS_DHS_11,70.0,1.13,Red Alert - Inundated,92
2024-07-16 03:00:00,WLS_CHN_12,SENS_WLS_CHN_12,53.1,0.34,Red Alert - Inundated,93
2024-07-16 03:00:00,WLS_WRL_13,SENS_WLS_WRL_13,22.6,1.38,Amber Alert - Waterlogging,91
2024-07-16 03:00:00,WLS_BYC_14,SENS_WLS_BYC_14,45.4,0.27,Red Alert - Inundated,94
2024-07-16 03:00:00,WLS_MNK_15,SENS_WLS_MNK_15,64.0,0.53,Red Alert - Inundated,97
2024-07-16 04:00:00,WLS_HND_01,SENS_WLS_HND_01,0.0,0.0,Green - Normal,91
2024-07-16 04:00:00,WLS_GND_02,SENS_WLS_GND_02,0.0,0.0,Green - Normal,93
2024-07-16 04:00:00,WLS_MLN_03,SENS_WLS_MLN_03,1.5,0.0,Green - Normal,90
2024-07-16 04:00:00,WLS_AND_04,SENS_WLS_AND_04,0.0,0.0,Green - Normal,96
2024-07-16 04:00:00,WLS_KHR_05,SENS_WLS_KHR_05,0.0,0.0,Green - Normal,99
2024-07-16 04:00:00,WLS_KRL_06,SENS_WLS_KRL_06,0.0,0.0,Green - Normal,89
2024-07-16 04:00:00,WLS_SIO_07,SENS_WLS_SIO_07,0.0,0.0,Green - Normal,93
2024-07-16 04:00:00,WLS_DDR_08,SENS_WLS_DDR_08,0.0,0.0,Green - Normal,98
2024-07-16 04:00:00,WLS_CHM_09,SENS_WLS_CHM_09,0.0,0.0,Green - Normal,91
2024-07-16 04:00:00,WLS_MLD_10,SENS_WLS_MLD_10,0.0,0.0,Green - Normal,99
2024-07-16 04:00:00,WLS_DHS_11,SENS_WLS_DHS_11,0.5,0.0,Green - Normal,97
2024-07-16 04:00:00,WLS_CHN_12,SENS_WLS_CHN_12,0.0,0.0,Green - Normal,100
2024-07-16 04:00:00,WLS_WRL_13,SENS_WLS_WRL_13,0.0,0.0,Green - Normal,96
2024-07-16 04:00:00,WLS_BYC_14,SENS_WLS_BYC_14,0.0,0.0,Green - Normal,90
2024-07-16 04:00:00,WLS_MNK_15,SENS_WLS_MNK_15,0.9,0.0,Green - Normal,93
2024-07-16 05:00:00,WLS_HND_01,SENS_WLS_HND_01,0.0,0.0,Green - Normal,99
2024-07-16 05:00:00,WLS_GND_02,SENS_WLS_GND_02,0.0,0.0,Green - Normal,99
2024-07-16 05:00:00,WLS_MLN_03,SENS_WLS_MLN_03,0.0,0.0,Green - Normal,88
2024-07-16 05:00:00,WLS_AND_04,SENS_WLS_AND_04,0.0,0.0,Green - Normal,89
2024-07-16 05:00:00,WLS_KHR_05,SENS_WLS_KHR_05,0.0,0.0,Green - Normal,100
2024-07-16 05:00:00,WLS_KRL_06,SENS_WLS_KRL_06,0.0,0.0,Green - Normal,93
2024-07-16 05:00:00,WLS_SIO_07,SENS_WLS_SIO_07,0.0,0.0,Green - Normal,97
2024-07-16 05:00:00,WLS_DDR_08,SENS_WLS_DDR_08,0.0,0.0,Green - Normal,99
2024-07-16 05:00:00,WLS_CHM_09,SENS_WLS_CHM_09,0.0,0.0,Green - Normal,100
2024-07-16 05:00:00,WLS_MLD_10,SENS_WLS_MLD_10,0.0,0.0,Green - Normal,91
2024-07-16 05:00:00,WLS_DHS_11,SENS_WLS_DHS_11,0.0,0.0,Green - Normal,94
2024-07-16 05:00:00,WLS_CHN_12,SENS_WLS_CHN_12,0.0,0.0,Green - Normal,92
2024-07-16 05:00:00,WLS_WRL_13,SENS_WLS_WRL_13,0.0,0.0,Green - Normal,93
2024-07-16 05:00:00,WLS_BYC_14,SENS_WLS_BYC_14,0.0,0.0,Green - Normal,91
2024-07-16 05:00:00,WLS_MNK_15,SENS_WLS_MNK_15,0.0,0.0,Green - Normal,99
2024-07-16 06:00:00,WLS_HND_01,SENS_WLS_HND_01,0.0,0.0,Green - Normal,99
2024-07-16 06:00:00,WLS_GND_02,SENS_WLS_GND_02,0.0,0.0,Green - Normal,97
2024-07-16 06:00:00,WLS_MLN_03,SENS_WLS_MLN_03,0.0,0.0,Green - Normal,95
2024-07-16 06:00:00,WLS_AND_04,SENS_WLS_AND_04,0.0,0.0,Green - Normal,96
2024-07-16 06:00:00,WLS_KHR_05,SENS_WLS_KHR_05,0.0,0.0,Green - Normal,90
2024-07-16 06:00:00,WLS_KRL_06,SENS_WLS_KRL_06,0.0,0.0,Green - Normal,92
2024-07-16 06:00:00,WLS_SIO_07,SENS_WLS_SIO_07,0.0,0.0,Green - Normal,100
2024-07-16 06:00:00,WLS_DDR_08,SENS_WLS_DDR_08,0.0,0.0,Green - Normal,99
2024-07-16 06:00:00,WLS_CHM_09,SENS_WLS_CHM_09,0.0,0.0,Green - Normal,98
2024-07-16 06:00:00,WLS_MLD_10,SENS_WLS_MLD_10,0.0,0.0,Green - Normal,91
2024-07-16 06:00:00,WLS_DHS_11,SENS_WLS_DHS_11,0.0,0.0,Green - Normal,90
2024-07-16 06:00:00,WLS_CHN_12,SENS_WLS_CHN_12,0.0,0.0,Green - Normal,92
2024-07-16 06:00:00,WLS_WRL_13,SENS_WLS_WRL_13,0.0,0.0,Green - Normal,93
2024-07-16 06:00:00,WLS_BYC_14,SENS_WLS_BYC_14,0.0,0.0,Green - Normal,88
2024-07-16 06:00:00,WLS_MNK_15,SENS_WLS_MNK_15,0.0,0.0,Green - Normal,95
2024-07-16 07:00:00,WLS_HND_01,SENS_WLS_HND_01,0.0,0.0,Green - Normal,93
2024-07-16 07:00:00,WLS_GND_02,SENS_WLS_GND_02,0.0,0.0,Green - Normal,92
2024-07-16 07:00:00,WLS_MLN_03,SENS_WLS_MLN_03,0.1,0.0,Green - Normal,88
2024-07-16 07:00:00,WLS_AND_04,SENS_WLS_AND_04,0.0,0.0,Green - Normal,89
2024-07-16 07:00:00,WLS_KHR_05,SENS_WLS_KHR_05,0.0,0.0,Green - Normal,88
2024-07-16 07:00:00,WLS_KRL_06,SENS_WLS_KRL_06,0.0,0.0,Green - Normal,95
2024-07-16 07:00:00,WLS_SIO_07,SENS_WLS_SIO_07,0.0,0.0,Green - Normal,90
2024-07-16 07:00:00,WLS_DDR_08,SENS_WLS_DDR_08,0.0,0.0,Green - Normal,93
2024-07-16 07:00:00,WLS_CHM_09,SENS_WLS_CHM_09,0.0,0.0,Green - Normal,97
2024-07-16 07:00:00,WLS_MLD_10,SENS_WLS_MLD_10,0.0,0.0,Green - Normal,93
2024-07-16 07:00:00,WLS_DHS_11,SENS_WLS_DHS_11,0.0,0.0,Green - Normal,98
2024-07-16 07:00:00,WLS_CHN_12,SENS_WLS_CHN_12,0.0,0.0,Green - Normal,100
2024-07-16 07:00:00,WLS_WRL_13,SENS_WLS_WRL_13,0.0,0.0,Green - Normal,92
2024-07-16 07:00:00,WLS_BYC_14,SENS_WLS_BYC_14,0.0,0.0,Green - Normal,90
2024-07-16 07:00:00,WLS_MNK_15,SENS_WLS_MNK_15,0.0,0.0,Green - Normal,91
2024-07-16 08:00:00,WLS_HND_01,SENS_WLS_HND_01,0.0,0.0,Green - Normal,95
2024-07-16 08:00:00,WLS_GND_02,SENS_WLS_GND_02,0.0,0.0,Green - Normal,94
2024-07-16 08:00:00,WLS_MLN_03,SENS_WLS_MLN_03,0.0,0.0,Green - Normal,89
2024-07-16 08:00:00,WLS_AND_04,SENS_WLS_AND_04,0.0,0.0,Green - Normal,95
2024-07-16 08:00:00,WLS_KHR_05,SENS_WLS_KHR_05,0.0,0.0,Green - Normal,94
2024-07-16 08:00:00,WLS_KRL_06,SENS_WLS_KRL_06,0.0,0.0,Green - Normal,96
2024-07-16 08:00:00,WLS_SIO_07,SENS_WLS_SIO_07,0.0,0.0,Green - Normal,94
2024-07-16 08:00:00,WLS_DDR_08,SENS_WLS_DDR_08,0.0,0.0,Green - Normal,95
2024-07-16 08:00:00,WLS_CHM_09,SENS_WLS_CHM_09,0.0,0.0,Green - Normal,88
2024-07-16 08:00:00,WLS_MLD_10,SENS_WLS_MLD_10,0.0,0.0,Green - Normal,99
2024-07-16 08:00:00,WLS_DHS_11,SENS_WLS_DHS_11,0.0,0.0,Green - Normal,93
2024-07-16 08:00:00,WLS_CHN_12,SENS_WLS_CHN_12,0.0,0.0,Green - Normal,91
2024-07-16 08:00:00,WLS_WRL_13,SENS_WLS_WRL_13,0.0,0.0,Green - Normal,96
2024-07-16 08:00:00,WLS_BYC_14,SENS_WLS_BYC_14,0.0,0.0,Green - Normal,97
2024-07-16 08:00:00,WLS_MNK_15,SENS_WLS_MNK_15,0.0,0.0,Green - Normal,95
2024-07-16 09:00:00,WLS_HND_01,SENS_WLS_HND_01,0.0,0.0,Green - Normal,91
2024-07-16 09:00:00,WLS_GND_02,SENS_WLS_GND_02,0.0,0.0,Green - Normal,89
2024-07-16 09:00:00,WLS_MLN_03,SENS_WLS_MLN_03,0.0,0.0,Green - Normal,93
2024-07-16 09:00:00,WLS_AND_04,SENS_WLS_AND_04,0.0,0.0,Green - Normal,96
2024-07-16 09:00:00,WLS_KHR_05,SENS_WLS_KHR_05,0.0,0.0,Green - Normal,97
2024-07-16 09:00:00,WLS_KRL_06,SENS_WLS_KRL_06,0.0,0.0,Green - Normal,91
2024-07-16 09:00:00,WLS_SIO_07,SENS_WLS_SIO_07,0.0,0.0,Green - Normal,92
2024-07-16 09:00:00,WLS_DDR_08,SENS_WLS_DDR_08,0.0,0.0,Green - Normal,90
2024-07-16 09:00:00,WLS_CHM_09,SENS_WLS_CHM_09,0.0,0.0,Green - Normal,100
2024-07-16 09:00:00,WLS_MLD_10,SENS_WLS_MLD_10,0.0,0.0,Green - Normal,99
2024-07-16 09:00:00,WLS_DHS_11,SENS_WLS_DHS_11,0.0,0.0,Green - Normal,90
2024-07-16 09:00:00,WLS_CHN_12,SENS_WLS_CHN_12,0.0,0.0,Green - Normal,94
2024-07-16 09:00:00,WLS_WRL_13,SENS_WLS_WRL_13,0.0,0.0,Green - Normal,92
2024-07-16 09:00:00,WLS_BYC_14,SENS_WLS_BYC_14,0.0,0.0,Green - Normal,95
2024-07-16 09:00:00,WLS_MNK_15,SENS_WLS_MNK_15,0.0,0.0,Green - Normal,95
2024-07-16 10:00:00,WLS_HND_01,SENS_WLS_HND_01,0.0,0.0,Green - Normal,95
2024-07-16 10:00:00,WLS_GND_02,SENS_WLS_GND_02,0.0,0.0,Green - Normal,91
2024-07-16 10:00:00,WLS_MLN_03,SENS_WLS_MLN_03,0.0,0.0,Green - Normal,88
2024-07-16 10:00:00,WLS_AND_04,SENS_WLS_AND_04,0.0,0.0,Green - Normal,88
2024-07-16 10:00:00,WLS_KHR_05,SENS_WLS_KHR_05,0.0,0.0,Green - Normal,97
2024-07-16 10:00:00,WLS_KRL_06,SENS_WLS_KRL_06,0.0,0.0,Green - Normal,89
2024-07-16 10:00:00,WLS_SIO_07,SENS_WLS_SIO_07,0.0,0.0,Green - Normal,96
2024-07-16 10:00:00,WLS_DDR_08,SENS_WLS_DDR_08,0.0,0.0,Green - Normal,90
2024-07-16 10:00:00,WLS_CHM_09,SENS_WLS_CHM_09,0.0,0.0,Green - Normal,95
2024-07-16 10:00:00,WLS_MLD_10,SENS_WLS_MLD_10,0.0,0.0,Green - Normal,89
2024-07-16 10:00:00,WLS_DHS_11,SENS_WLS_DHS_11,0.0,0.0,Green - Normal,94
2024-07-16 10:00:00,WLS_CHN_12,SENS_WLS_CHN_12,0.0,0.0,Green - Normal,90
2024-07-16 10:00:00,WLS_WRL_13,SENS_WLS_WRL_13,0.0,0.0,Green - Normal,100
2024-07-16 10:00:00,WLS_BYC_14,SENS_WLS_BYC_14,0.0,0.0,Green - Normal,97
2024-07-16 10:00:00,WLS_MNK_15,SENS_WLS_MNK_15,0.0,0.0,Green - Normal,96
2024-07-16 11:00:00,WLS_HND_01,SENS_WLS_HND_01,0.0,0.0,Green - Normal,98
2024-07-16 11:00:00,WLS_GND_02,SENS_WLS_GND_02,0.0,0.0,Green - Normal,97
2024-07-16 11:00:00,WLS_MLN_03,SENS_WLS_MLN_03,0.0,0.0,Green - Normal,90
2024-07-16 11:00:00,WLS_AND_04,SENS_WLS_AND_04,0.0,0.0,Green - Normal,100
2024-07-16 11:00:00,WLS_KHR_05,SENS_WLS_KHR_05,0.0,0.0,Green - Normal,88
2024-07-16 11:00:00,WLS_KRL_06,SENS_WLS_KRL_06,0.0,0.0,Green - Normal,96
2024-07-16 11:00:00,WLS_SIO_07,SENS_WLS_SIO_07,0.0,0.0,Green - Normal,100
2024-07-16 11:00:00,WLS_DDR_08,SENS_WLS_DDR_08,0.0,0.0,Green - Normal,97
2024-07-16 11:00:00,WLS_CHM_09,SENS_WLS_CHM_09,0.0,0.0,Green - Normal,97
2024-07-16 11:00:00,WLS_MLD_10,SENS_WLS_MLD_10,0.0,0.0,Green - Normal,92
2024-07-16 11:00:00,WLS_DHS_11,SENS_WLS_DHS_11,0.0,0.0,Green - Normal,97
2024-07-16 11:00:00,WLS_CHN_12,SENS_WLS_CHN_12,0.0,0.0,Green - Normal,99
2024-07-16 11:00:00,WLS_WRL_13,SENS_WLS_WRL_13,0.0,0.0,Green - Normal,91
2024-07-16 11:00:00,WLS_BYC_14,SENS_WLS_BYC_14,0.0,0.0,Green - Normal,92
2024-07-16 11:00:00,WLS_MNK_15,SENS_WLS_MNK_15,0.0,0.0,Green - Normal,88
2024-07-16 12:00:00,WLS_HND_01,SENS_WLS_HND_01,0.0,0.0,Green - Normal,99
2024-07-16 12:00:00,WLS_GND_02,SENS_WLS_GND_02,0.0,0.0,Green - Normal,94
2024-07-16 12:00:00,WLS_MLN_03,SENS_WLS_MLN_03,0.0,0.0,Green - Normal,96
2024-07-16 12:00:00,WLS_AND_04,SENS_WLS_AND_04,0.0,0.0,Green - Normal,95
2024-07-16 12:00:00,WLS_KHR_05,SENS_WLS_KHR_05,0.0,0.0,Green - Normal,100
2024-07-16 12:00:00,WLS_KRL_06,SENS_WLS_KRL_06,0.0,0.0,Green - Normal,93
2024-07-16 12:00:00,WLS_SIO_07,SENS_WLS_SIO_07,0.0,0.0,Green - Normal,96
2024-07-16 12:00:00,WLS_DDR_08,SENS_WLS_DDR_08,0.0,0.0,Green - Normal,95
2024-07-16 12:00:00,WLS_CHM_09,SENS_WLS_CHM_09,0.0,0.0,Green - Normal,97
2024-07-16 12:00:00,WLS_MLD_10,SENS_WLS_MLD_10,0.0,0.0,Green - Normal,96
2024-07-16 12:00:00,WLS_DHS_11,SENS_WLS_DHS_11,0.0,0.0,Green - Normal,92
2024-07-16 12:00:00,WLS_CHN_12,SENS_WLS_CHN_12,0.0,0.0,Green - Normal,92
2024-07-16 12:00:00,WLS_WRL_13,SENS_WLS_WRL_13,0.0,0.0,Green - Normal,89
2024-07-16 12:00:00,WLS_BYC_14,SENS_WLS_BYC_14,0.0,0.0,Green - Normal,90
2024-07-16 12:00:00,WLS_MNK_15,SENS_WLS_MNK_15,0.0,0.0,Green - Normal,97
2024-07-16 13:00:00,WLS_HND_01,SENS_WLS_HND_01,0.0,0.0,Green - Normal,89
2024-07-16 13:00:00,WLS_GND_02,SENS_WLS_GND_02,0.0,0.0,Green - Normal,98
2024-07-16 13:00:00,WLS_MLN_03,SENS_WLS_MLN_03,0.0,0.0,Green - Normal,89
2024-07-16 13:00:00,WLS_AND_04,SENS_WLS_AND_04,0.0,0.0,Green - Normal,93
2024-07-16 13:00:00,WLS_KHR_05,SENS_WLS_KHR_05,0.0,0.0,Green - Normal,95
2024-07-16 13:00:00,WLS_KRL_06,SENS_WLS_KRL_06,0.0,0.0,Green - Normal,89
2024-07-16 13:00:00,WLS_SIO_07,SENS_WLS_SIO_07,0.0,0.0,Green - Normal,89
2024-07-16 13:00:00,WLS_DDR_08,SENS_WLS_DDR_08,0.0,0.0,Green - Normal,98
2024-07-16 13:00:00,WLS_CHM_09,SENS_WLS_CHM_09,0.0,0.0,Green - Normal,99
2024-07-16 13:00:00,WLS_MLD_10,SENS_WLS_MLD_10,0.0,0.0,Green - Normal,94
2024-07-16 13:00:00,WLS_DHS_11,SENS_WLS_DHS_11,0.0,0.0,Green - Normal,92
2024-07-16 13:00:00,WLS_CHN_12,SENS_WLS_CHN_12,0.0,0.0,Green - Normal,95
2024-07-16 13:00:00,WLS_WRL_13,SENS_WLS_WRL_13,0.0,0.0,Green - Normal,96
2024-07-16 13:00:00,WLS_BYC_14,SENS_WLS_BYC_14,0.0,0.0,Green - Normal,94
2024-07-16 13:00:00,WLS_MNK_15,SENS_WLS_MNK_15,0.0,0.0,Green - Normal,97
2024-07-16 14:00:00,WLS_HND_01,SENS_WLS_HND_01,5.0,0.0,Green - Normal,89
2024-07-16 14:00:00,WLS_GND_02,SENS_WLS_GND_02,3.9,0.0,Green - Normal,88
2024-07-16 14:00:00,WLS_MLN_03,SENS_WLS_MLN_03,9.2,0.74,Green - Normal,97
2024-07-16 14:00:00,WLS_AND_04,SENS_WLS_AND_04,7.0,0.75,Green - Normal,99
2024-07-16 14:00:00,WLS_KHR_05,SENS_WLS_KHR_05,0.0,0.0,Green - Normal,94
2024-07-16 14:00:00,WLS_KRL_06,SENS_WLS_KRL_06,0.0,0.0,Green - Normal,97
2024-07-16 14:00:00,WLS_SIO_07,SENS_WLS_SIO_07,0.0,0.0,Green - Normal,95
2024-07-16 14:00:00,WLS_DDR_08,SENS_WLS_DDR_08,0.0,0.0,Green - Normal,93
2024-07-16 14:00:00,WLS_CHM_09,SENS_WLS_CHM_09,0.0,0.0,Green - Normal,88
2024-07-16 14:00:00,WLS_MLD_10,SENS_WLS_MLD_10,1.9,0.0,Green - Normal,97
2024-07-16 14:00:00,WLS_DHS_11,SENS_WLS_DHS_11,0.8,0.0,Green - Normal,97
2024-07-16 14:00:00,WLS_CHN_12,SENS_WLS_CHN_12,1.2,0.0,Green - Normal,100
2024-07-16 14:00:00,WLS_WRL_13,SENS_WLS_WRL_13,0.0,0.0,Green - Normal,93
2024-07-16 14:00:00,WLS_BYC_14,SENS_WLS_BYC_14,2.7,0.0,Green - Normal,96
2024-07-16 14:00:00,WLS_MNK_15,SENS_WLS_MNK_15,1.1,0.0,Green - Normal,97
2024-07-16 15:00:00,WLS_HND_01,SENS_WLS_HND_01,0.0,0.0,Green - Normal,90
2024-07-16 15:00:00,WLS_GND_02,SENS_WLS_GND_02,0.0,0.0,Green - Normal,88
2024-07-16 15:00:00,WLS_MLN_03,SENS_WLS_MLN_03,0.0,0.0,Green - Normal,97
2024-07-16 15:00:00,WLS_AND_04,SENS_WLS_AND_04,0.0,0.0,Green - Normal,95
2024-07-16 15:00:00,WLS_KHR_05,SENS_WLS_KHR_05,0.0,0.0,Green - Normal,92
2024-07-16 15:00:00,WLS_KRL_06,SENS_WLS_KRL_06,0.0,0.0,Green - Normal,92
2024-07-16 15:00:00,WLS_SIO_07,SENS_WLS_SIO_07,0.0,0.0,Green - Normal,97
2024-07-16 15:00:00,WLS_DDR_08,SENS_WLS_DDR_08,0.0,0.0,Green - Normal,93
2024-07-16 15:00:00,WLS_CHM_09,SENS_WLS_CHM_09,0.0,0.0,Green - Normal,91
2024-07-16 15:00:00,WLS_MLD_10,SENS_WLS_MLD_10,0.0,0.0,Green - Normal,89
2024-07-16 15:00:00,WLS_DHS_11,SENS_WLS_DHS_11,0.0,0.0,Green - Normal,91
2024-07-16 15:00:00,WLS_CHN_12,SENS_WLS_CHN_12,0.0,0.0,Green - Normal,91
2024-07-16 15:00:00,WLS_WRL_13,SENS_WLS_WRL_13,0.0,0.0,Green - Normal,99
2024-07-16 15:00:00,WLS_BYC_14,SENS_WLS_BYC_14,0.0,0.0,Green - Normal,88
2024-07-16 15:00:00,WLS_MNK_15,SENS_WLS_MNK_15,0.0,0.0,Green - Normal,94
2024-07-16 16:00:00,WLS_HND_01,SENS_WLS_HND_01,0.0,0.0,Green - Normal,95
2024-07-16 16:00:00,WLS_GND_02,SENS_WLS_GND_02,0.0,0.0,Green - Normal,98
2024-07-16 16:00:00,WLS_MLN_03,SENS_WLS_MLN_03,0.0,0.0,Green - Normal,90
2024-07-16 16:00:00,WLS_AND_04,SENS_WLS_AND_04,0.0,0.0,Green - Normal,98
2024-07-16 16:00:00,WLS_KHR_05,SENS_WLS_KHR_05,0.0,0.0,Green - Normal,96
2024-07-16 16:00:00,WLS_KRL_06,SENS_WLS_KRL_06,0.0,0.0,Green - Normal,97
2024-07-16 16:00:00,WLS_SIO_07,SENS_WLS_SIO_07,0.0,0.0,Green - Normal,93
2024-07-16 16:00:00,WLS_DDR_08,SENS_WLS_DDR_08,0.0,0.0,Green - Normal,88
2024-07-16 16:00:00,WLS_CHM_09,SENS_WLS_CHM_09,0.0,0.0,Green - Normal,98
2024-07-16 16:00:00,WLS_MLD_10,SENS_WLS_MLD_10,0.0,0.0,Green - Normal,94
2024-07-16 16:00:00,WLS_DHS_11,SENS_WLS_DHS_11,0.0,0.0,Green - Normal,90
2024-07-16 16:00:00,WLS_CHN_12,SENS_WLS_CHN_12,0.0,0.0,Green - Normal,98
2024-07-16 16:00:00,WLS_WRL_13,SENS_WLS_WRL_13,0.0,0.0,Green - Normal,89
2024-07-16 16:00:00,WLS_BYC_14,SENS_WLS_BYC_14,0.0,0.0,Green - Normal,93
2024-07-16 16:00:00,WLS_MNK_15,SENS_WLS_MNK_15,0.0,0.0,Green - Normal,98
2024-07-16 17:00:00,WLS_HND_01,SENS_WLS_HND_01,0.0,0.0,Green - Normal,96
2024-07-16 17:00:00,WLS_GND_02,SENS_WLS_GND_02,0.0,0.0,Green - Normal,90
2024-07-16 17:00:00,WLS_MLN_03,SENS_WLS_MLN_03,0.0,0.0,Green - Normal,93
2024-07-16 17:00:00,WLS_AND_04,SENS_WLS_AND_04,0.0,0.0,Green - Normal,97
2024-07-16 17:00:00,WLS_KHR_05,SENS_WLS_KHR_05,0.0,0.0,Green - Normal,94
2024-07-16 17:00:00,WLS_KRL_06,SENS_WLS_KRL_06,0.0,0.0,Green - Normal,100
2024-07-16 17:00:00,WLS_SIO_07,SENS_WLS_SIO_07,0.0,0.0,Green - Normal,92
2024-07-16 17:00:00,WLS_DDR_08,SENS_WLS_DDR_08,0.0,0.0,Green - Normal,97
2024-07-16 17:00:00,WLS_CHM_09,SENS_WLS_CHM_09,0.0,0.0,Green - Normal,94
2024-07-16 17:00:00,WLS_MLD_10,SENS_WLS_MLD_10,0.0,0.0,Green - Normal,91
2024-07-16 17:00:00,WLS_DHS_11,SENS_WLS_DHS_11,0.0,0.0,Green - Normal,92
2024-07-16 17:00:00,WLS_CHN_12,SENS_WLS_CHN_12,0.0,0.0,Green - Normal,99
2024-07-16 17:00:00,WLS_WRL_13,SENS_WLS_WRL_13,0.0,0.0,Green - Normal,97
2024-07-16 17:00:00,WLS_BYC_14,SENS_WLS_BYC_14,0.0,0.0,Green - Normal,98
2024-07-16 17:00:00,WLS_MNK_15,SENS_WLS_MNK_15,0.0,0.0,Green - Normal,93
2024-07-16 18:00:00,WLS_HND_01,SENS_WLS_HND_01,0.0,0.0,Green - Normal,91
2024-07-16 18:00:00,WLS_GND_02,SENS_WLS_GND_02,0.0,0.0,Green - Normal,90
2024-07-16 18:00:00,WLS_MLN_03,SENS_WLS_MLN_03,0.0,0.0,Green - Normal,94
2024-07-16 18:00:00,WLS_AND_04,SENS_WLS_AND_04,0.0,0.0,Green - Normal,95
2024-07-16 18:00:00,WLS_KHR_05,SENS_WLS_KHR_05,0.0,0.0,Green - Normal,96
2024-07-16 18:00:00,WLS_KRL_06,SENS_WLS_KRL_06,0.0,0.0,Green - Normal,90
2024-07-16 18:00:00,WLS_SIO_07,SENS_WLS_SIO_07,0.0,0.0,Green - Normal,93
2024-07-16 18:00:00,WLS_DDR_08,SENS_WLS_DDR_08,0.0,0.0,Green - Normal,99
2024-07-16 18:00:00,WLS_CHM_09,SENS_WLS_CHM_09,0.0,0.0,Green - Normal,94
2024-07-16 18:00:00,WLS_MLD_10,SENS_WLS_MLD_10,0.0,0.0,Green - Normal,88
2024-07-16 18:00:00,WLS_DHS_11,SENS_WLS_DHS_11,0.0,0.0,Green - Normal,94
2024-07-16 18:00:00,WLS_CHN_12,SENS_WLS_CHN_12,0.0,0.0,Green - Normal,99
2024-07-16 18:00:00,WLS_WRL_13,SENS_WLS_WRL_13,0.0,0.0,Green - Normal,89
2024-07-16 18:00:00,WLS_BYC_14,SENS_WLS_BYC_14,0.0,0.0,Green - Normal,90
2024-07-16 18:00:00,WLS_MNK_15,SENS_WLS_MNK_15,0.0,0.0,Green - Normal,100
2024-07-16 19:00:00,WLS_HND_01,SENS_WLS_HND_01,0.0,0.0,Green - Normal,93
2024-07-16 19:00:00,WLS_GND_02,SENS_WLS_GND_02,0.0,0.0,Green - Normal,96
2024-07-16 19:00:00,WLS_MLN_03,SENS_WLS_MLN_03,1.4,0.0,Green - Normal,95
2024-07-16 19:00:00,WLS_AND_04,SENS_WLS_AND_04,0.3,0.0,Green - Normal,90
2024-07-16 19:00:00,WLS_KHR_05,SENS_WLS_KHR_05,0.0,0.0,Green - Normal,94
2024-07-16 19:00:00,WLS_KRL_06,SENS_WLS_KRL_06,0.0,0.0,Green - Normal,93
2024-07-16 19:00:00,WLS_SIO_07,SENS_WLS_SIO_07,0.0,0.0,Green - Normal,91
2024-07-16 19:00:00,WLS_DDR_08,SENS_WLS_DDR_08,0.0,0.0,Green - Normal,89
2024-07-16 19:00:00,WLS_CHM_09,SENS_WLS_CHM_09,0.0,0.0,Green - Normal,89
2024-07-16 19:00:00,WLS_MLD_10,SENS_WLS_MLD_10,0.0,0.0,Green - Normal,99
2024-07-16 19:00:00,WLS_DHS_11,SENS_WLS_DHS_11,0.0,0.0,Green - Normal,100
2024-07-16 19:00:00,WLS_CHN_12,SENS_WLS_CHN_12,0.0,0.0,Green - Normal,90
2024-07-16 19:00:00,WLS_WRL_13,SENS_WLS_WRL_13,0.0,0.0,Green - Normal,99
2024-07-16 19:00:00,WLS_BYC_14,SENS_WLS_BYC_14,0.0,0.0,Green - Normal,93
2024-07-16 19:00:00,WLS_MNK_15,SENS_WLS_MNK_15,0.0,0.0,Green - Normal,94
2024-07-16 20:00:00,WLS_HND_01,SENS_WLS_HND_01,0.0,0.0,Green - Normal,95
2024-07-16 20:00:00,WLS_GND_02,SENS_WLS_GND_02,0.0,0.0,Green - Normal,100
2024-07-16 20:00:00,WLS_MLN_03,SENS_WLS_MLN_03,0.0,0.0,Green - Normal,88
2024-07-16 20:00:00,WLS_AND_04,SENS_WLS_AND_04,0.0,0.0,Green - Normal,98
2024-07-16 20:00:00,WLS_KHR_05,SENS_WLS_KHR_05,0.0,0.0,Green - Normal,94
2024-07-16 20:00:00,WLS_KRL_06,SENS_WLS_KRL_06,0.0,0.0,Green - Normal,100
2024-07-16 20:00:00,WLS_SIO_07,SENS_WLS_SIO_07,0.0,0.0,Green - Normal,97
2024-07-16 20:00:00,WLS_DDR_08,SENS_WLS_DDR_08,0.0,0.0,Green - Normal,98
2024-07-16 20:00:00,WLS_CHM_09,SENS_WLS_CHM_09,0.0,0.0,Green - Normal,100
2024-07-16 20:00:00,WLS_MLD_10,SENS_WLS_MLD_10,0.0,0.0,Green - Normal,100
2024-07-16 20:00:00,WLS_DHS_11,SENS_WLS_DHS_11,0.0,0.0,Green - Normal,93
2024-07-16 20:00:00,WLS_CHN_12,SENS_WLS_CHN_12,0.0,0.0,Green - Normal,88
2024-07-16 20:00:00,WLS_WRL_13,SENS_WLS_WRL_13,0.0,0.0,Green - Normal,100
2024-07-16 20:00:00,WLS_BYC_14,SENS_WLS_BYC_14,0.0,0.0,Green - Normal,91
2024-07-16 20:00:00,WLS_MNK_15,SENS_WLS_MNK_15,0.0,0.0,Green - Normal,92
2024-07-16 21:00:00,WLS_HND_01,SENS_WLS_HND_01,0.0,0.0,Green - Normal,99
2024-07-16 21:00:00,WLS_GND_02,SENS_WLS_GND_02,0.0,0.0,Green - Normal,100
2024-07-16 21:00:00,WLS_MLN_03,SENS_WLS_MLN_03,4.4,0.0,Green - Normal,97
2024-07-16 21:00:00,WLS_AND_04,SENS_WLS_AND_04,5.1,0.78,Green - Normal,99
2024-07-16 21:00:00,WLS_KHR_05,SENS_WLS_KHR_05,4.1,0.0,Green - Normal,97
2024-07-16 21:00:00,WLS_KRL_06,SENS_WLS_KRL_06,0.0,0.0,Green - Normal,95
2024-07-16 21:00:00,WLS_SIO_07,SENS_WLS_SIO_07,0.0,0.0,Green - Normal,99
2024-07-16 21:00:00,WLS_DDR_08,SENS_WLS_DDR_08,0.9,0.0,Green - Normal,96
2024-07-16 21:00:00,WLS_CHM_09,SENS_WLS_CHM_09,0.0,0.0,Green - Normal,90
2024-07-16 21:00:00,WLS_MLD_10,SENS_WLS_MLD_10,2.4,0.0,Green - Normal,97
2024-07-16 21:00:00,WLS_DHS_11,SENS_WLS_DHS_11,0.2,0.0,Green - Normal,91
2024-07-16 21:00:00,WLS_CHN_12,SENS_WLS_CHN_12,0.0,0.0,Green - Normal,88
2024-07-16 21:00:00,WLS_WRL_13,SENS_WLS_WRL_13,0.0,0.0,Green - Normal,100
2024-07-16 21:00:00,WLS_BYC_14,SENS_WLS_BYC_14,1.9,0.0,Green - Normal,100
2024-07-16 21:00:00,WLS_MNK_15,SENS_WLS_MNK_15,5.3,1.26,Green - Normal,90
2024-07-16 22:00:00,WLS_HND_01,SENS_WLS_HND_01,0.0,0.0,Green - Normal,92
2024-07-16 22:00:00,WLS_GND_02,SENS_WLS_GND_02,0.0,0.0,Green - Normal,98
2024-07-16 22:00:00,WLS_MLN_03,SENS_WLS_MLN_03,0.0,0.0,Green - Normal,88
2024-07-16 22:00:00,WLS_AND_04,SENS_WLS_AND_04,0.0,0.0,Green - Normal,89
2024-07-16 22:00:00,WLS_KHR_05,SENS_WLS_KHR_05,0.9,0.0,Green - Normal,98
2024-07-16 22:00:00,WLS_KRL_06,SENS_WLS_KRL_06,0.0,0.0,Green - Normal,89
2024-07-16 22:00:00,WLS_SIO_07,SENS_WLS_SIO_07,0.0,0.0,Green - Normal,90
2024-07-16 22:00:00,WLS_DDR_08,SENS_WLS_DDR_08,0.0,0.0,Green - Normal,98
2024-07-16 22:00:00,WLS_CHM_09,SENS_WLS_CHM_09,0.0,0.0,Green - Normal,88
2024-07-16 22:00:00,WLS_MLD_10,SENS_WLS_MLD_10,0.0,0.0,Green - Normal,100
2024-07-16 22:00:00,WLS_DHS_11,SENS_WLS_DHS_11,1.1,0.0,Green - Normal,97
2024-07-16 22:00:00,WLS_CHN_12,SENS_WLS_CHN_12,0.0,0.0,Green - Normal,88
2024-07-16 22:00:00,WLS_WRL_13,SENS_WLS_WRL_13,0.0,0.0,Green - Normal,91
2024-07-16 22:00:00,WLS_BYC_14,SENS_WLS_BYC_14,0.0,0.0,Green - Normal,100
2024-07-16 22:00:00,WLS_MNK_15,SENS_WLS_MNK_15,0.0,0.0,Green - Normal,95
2024-07-16 23:00:00,WLS_HND_01,SENS_WLS_HND_01,0.0,0.0,Green - Normal,97
2024-07-16 23:00:00,WLS_GND_02,SENS_WLS_GND_02,0.0,0.0,Green - Normal,92
2024-07-16 23:00:00,WLS_MLN_03,SENS_WLS_MLN_03,0.0,0.0,Green - Normal,93
2024-07-16 23:00:00,WLS_AND_04,SENS_WLS_AND_04,0.0,0.0,Green - Normal,95
2024-07-16 23:00:00,WLS_KHR_05,SENS_WLS_KHR_05,0.0,0.0,Green - Normal,100
2024-07-16 23:00:00,WLS_KRL_06,SENS_WLS_KRL_06,0.0,0.0,Green - Normal,97
2024-07-16 23:00:00,WLS_SIO_07,SENS_WLS_SIO_07,0.0,0.0,Green - Normal,89
2024-07-16 23:00:00,WLS_DDR_08,SENS_WLS_DDR_08,0.0,0.0,Green - Normal,98
2024-07-16 23:00:00,WLS_CHM_09,SENS_WLS_CHM_09,0.0,0.0,Green - Normal,96
2024-07-16 23:00:00,WLS_MLD_10,SENS_WLS_MLD_10,0.0,0.0,Green - Normal,100
2024-07-16 23:00:00,WLS_DHS_11,SENS_WLS_DHS_11,0.0,0.0,Green - Normal,99
2024-07-16 23:00:00,WLS_CHN_12,SENS_WLS_CHN_12,0.0,0.0,Green - Normal,97
2024-07-16 23:00:00,WLS_WRL_13,SENS_WLS_WRL_13,0.0,0.0,Green - Normal,90
2024-07-16 23:00:00,WLS_BYC_14,SENS_WLS_BYC_14,0.0,0.0,Green - Normal,92
2024-07-16 23:00:00,WLS_MNK_15,SENS_WLS_MNK_15,0.0,0.0,Green - Normal,98
2024-07-17 00:00:00,WLS_HND_01,SENS_WLS_HND_01,0.0,0.0,Green - Normal,100
2024-07-17 00:00:00,WLS_GND_02,SENS_WLS_GND_02,0.0,0.0,Green - Normal,91
2024-07-17 00:00:00,WLS_MLN_03,SENS_WLS_MLN_03,0.0,0.0,Green - Normal,97
2024-07-17 00:00:00,WLS_AND_04,SENS_WLS_AND_04,0.0,0.0,Green - Normal,98
2024-07-17 00:00:00,WLS_KHR_05,SENS_WLS_KHR_05,0.0,0.0,Green - Normal,99
2024-07-17 00:00:00,WLS_KRL_06,SENS_WLS_KRL_06,0.0,0.0,Green - Normal,93
2024-07-17 00:00:00,WLS_SIO_07,SENS_WLS_SIO_07,0.0,0.0,Green - Normal,98
2024-07-17 00:00:00,WLS_DDR_08,SENS_WLS_DDR_08,0.0,0.0,Green - Normal,96
2024-07-17 00:00:00,WLS_CHM_09,SENS_WLS_CHM_09,0.0,0.0,Green - Normal,93
2024-07-17 00:00:00,WLS_MLD_10,SENS_WLS_MLD_10,0.0,0.0,Green - Normal,92
2024-07-17 00:00:00,WLS_DHS_11,SENS_WLS_DHS_11,0.0,0.0,Green - Normal,96
2024-07-17 00:00:00,WLS_CHN_12,SENS_WLS_CHN_12,0.0,0.0,Green - Normal,95
2024-07-17 00:00:00,WLS_WRL_13,SENS_WLS_WRL_13,0.0,0.0,Green - Normal,93
2024-07-17 00:00:00,WLS_BYC_14,SENS_WLS_BYC_14,0.0,0.0,Green - Normal,96
2024-07-17 00:00:00,WLS_MNK_15,SENS_WLS_MNK_15,0.0,0.0,Green - Normal,94
2024-07-17 01:00:00,WLS_HND_01,SENS_WLS_HND_01,0.0,0.0,Green - Normal,94
2024-07-17 01:00:00,WLS_GND_02,SENS_WLS_GND_02,0.0,0.0,Green - Normal,98
2024-07-17 01:00:00,WLS_MLN_03,SENS_WLS_MLN_03,0.0,0.0,Green - Normal,94
2024-07-17 01:00:00,WLS_AND_04,SENS_WLS_AND_04,0.0,0.0,Green - Normal,100
2024-07-17 01:00:00,WLS_KHR_05,SENS_WLS_KHR_05,0.0,0.0,Green - Normal,92
2024-07-17 01:00:00,WLS_KRL_06,SENS_WLS_KRL_06,0.0,0.0,Green - Normal,95
2024-07-17 01:00:00,WLS_SIO_07,SENS_WLS_SIO_07,0.0,0.0,Green - Normal,89
2024-07-17 01:00:00,WLS_DDR_08,SENS_WLS_DDR_08,0.0,0.0,Green - Normal,98
2024-07-17 01:00:00,WLS_CHM_09,SENS_WLS_CHM_09,0.0,0.0,Green - Normal,92
2024-07-17 01:00:00,WLS_MLD_10,SENS_WLS_MLD_10,0.0,0.0,Green - Normal,88
2024-07-17 01:00:00,WLS_DHS_11,SENS_WLS_DHS_11,0.0,0.0,Green - Normal,99
2024-07-17 01:00:00,WLS_CHN_12,SENS_WLS_CHN_12,0.0,0.0,Green - Normal,94
2024-07-17 01:00:00,WLS_WRL_13,SENS_WLS_WRL_13,0.0,0.0,Green - Normal,93
2024-07-17 01:00:00,WLS_BYC_14,SENS_WLS_BYC_14,0.0,0.0,Green - Normal,99
2024-07-17 01:00:00,WLS_MNK_15,SENS_WLS_MNK_15,0.0,0.0,Green - Normal,94
2024-07-17 02:00:00,WLS_HND_01,SENS_WLS_HND_01,0.0,0.0,Green - Normal,94
2024-07-17 02:00:00,WLS_GND_02,SENS_WLS_GND_02,0.0,0.0,Green - Normal,93
2024-07-17 02:00:00,WLS_MLN_03,SENS_WLS_MLN_03,0.0,0.0,Green - Normal,97
2024-07-17 02:00:00,WLS_AND_04,SENS_WLS_AND_04,0.0,0.0,Green - Normal,95
2024-07-17 02:00:00,WLS_KHR_05,SENS_WLS_KHR_05,0.0,0.0,Green - Normal,92
2024-07-17 02:00:00,WLS_KRL_06,SENS_WLS_KRL_06,0.0,0.0,Green - Normal,94
2024-07-17 02:00:00,WLS_SIO_07,SENS_WLS_SIO_07,0.0,0.0,Green - Normal,96
2024-07-17 02:00:00,WLS_DDR_08,SENS_WLS_DDR_08,0.0,0.0,Green - Normal,92
2024-07-17 02:00:00,WLS_CHM_09,SENS_WLS_CHM_09,0.0,0.0,Green - Normal,92
2024-07-17 02:00:00,WLS_MLD_10,SENS_WLS_MLD_10,0.0,0.0,Green - Normal,94
2024-07-17 02:00:00,WLS_DHS_11,SENS_WLS_DHS_11,0.0,0.0,Green - Normal,100
2024-07-17 02:00:00,WLS_CHN_12,SENS_WLS_CHN_12,0.0,0.0,Green - Normal,99
2024-07-17 02:00:00,WLS_WRL_13,SENS_WLS_WRL_13,0.0,0.0,Green - Normal,88
2024-07-17 02:00:00,WLS_BYC_14,SENS_WLS_BYC_14,0.0,0.0,Green - Normal,100
2024-07-17 02:00:00,WLS_MNK_15,SENS_WLS_MNK_15,0.0,0.0,Green - Normal,97
2024-07-17 03:00:00,WLS_HND_01,SENS_WLS_HND_01,0.0,0.0,Green - Normal,94
2024-07-17 03:00:00,WLS_GND_02,SENS_WLS_GND_02,0.0,0.0,Green - Normal,100
2024-07-17 03:00:00,WLS_MLN_03,SENS_WLS_MLN_03,0.0,0.0,Green - Normal,98
2024-07-17 03:00:00,WLS_AND_04,SENS_WLS_AND_04,0.0,0.0,Green - Normal,95
2024-07-17 03:00:00,WLS_KHR_05,SENS_WLS_KHR_05,0.0,0.0,Green - Normal,90
2024-07-17 03:00:00,WLS_KRL_06,SENS_WLS_KRL_06,0.0,0.0,Green - Normal,93
2024-07-17 03:00:00,WLS_SIO_07,SENS_WLS_SIO_07,0.0,0.0,Green - Normal,95
2024-07-17 03:00:00,WLS_DDR_08,SENS_WLS_DDR_08,0.0,0.0,Green - Normal,99
2024-07-17 03:00:00,WLS_CHM_09,SENS_WLS_CHM_09,0.0,0.0,Green - Normal,99
2024-07-17 03:00:00,WLS_MLD_10,SENS_WLS_MLD_10,0.0,0.0,Green - Normal,90
2024-07-17 03:00:00,WLS_DHS_11,SENS_WLS_DHS_11,0.0,0.0,Green - Normal,95
2024-07-17 03:00:00,WLS_CHN_12,SENS_WLS_CHN_12,0.0,0.0,Green - Normal,88
2024-07-17 03:00:00,WLS_WRL_13,SENS_WLS_WRL_13,0.0,0.0,Green - Normal,90
2024-07-17 03:00:00,WLS_BYC_14,SENS_WLS_BYC_14,0.0,0.0,Green - Normal,95
2024-07-17 03:00:00,WLS_MNK_15,SENS_WLS_MNK_15,0.0,0.0,Green - Normal,92
2024-07-17 04:00:00,WLS_HND_01,SENS_WLS_HND_01,0.0,0.0,Green - Normal,91
2024-07-17 04:00:00,WLS_GND_02,SENS_WLS_GND_02,0.0,0.0,Green - Normal,91
2024-07-17 04:00:00,WLS_MLN_03,SENS_WLS_MLN_03,0.0,0.0,Green - Normal,95
2024-07-17 04:00:00,WLS_AND_04,SENS_WLS_AND_04,0.0,0.0,Green - Normal,97
2024-07-17 04:00:00,WLS_KHR_05,SENS_WLS_KHR_05,0.0,0.0,Green - Normal,89
2024-07-17 04:00:00,WLS_KRL_06,SENS_WLS_KRL_06,0.0,0.0,Green - Normal,98
2024-07-17 04:00:00,WLS_SIO_07,SENS_WLS_SIO_07,0.0,0.0,Green - Normal,99
2024-07-17 04:00:00,WLS_DDR_08,SENS_WLS_DDR_08,0.0,0.0,Green - Normal,97
2024-07-17 04:00:00,WLS_CHM_09,SENS_WLS_CHM_09,0.0,0.0,Green - Normal,93
2024-07-17 04:00:00,WLS_MLD_10,SENS_WLS_MLD_10,0.0,0.0,Green - Normal,100
2024-07-17 04:00:00,WLS_DHS_11,SENS_WLS_DHS_11,0.0,0.0,Green - Normal,100
2024-07-17 04:00:00,WLS_CHN_12,SENS_WLS_CHN_12,0.0,0.0,Green - Normal,100
2024-07-17 04:00:00,WLS_WRL_13,SENS_WLS_WRL_13,0.0,0.0,Green - Normal,99
2024-07-17 04:00:00,WLS_BYC_14,SENS_WLS_BYC_14,0.0,0.0,Green - Normal,99
2024-07-17 04:00:00,WLS_MNK_15,SENS_WLS_MNK_15,0.0,0.0,Green - Normal,97
2024-07-17 05:00:00,WLS_HND_01,SENS_WLS_HND_01,0.0,0.0,Green - Normal,92
2024-07-17 05:00:00,WLS_GND_02,SENS_WLS_GND_02,0.0,0.0,Green - Normal,88
2024-07-17 05:00:00,WLS_MLN_03,SENS_WLS_MLN_03,0.0,0.0,Green - Normal,93
2024-07-17 05:00:00,WLS_AND_04,SENS_WLS_AND_04,0.0,0.0,Green - Normal,92
2024-07-17 05:00:00,WLS_KHR_05,SENS_WLS_KHR_05,0.0,0.0,Green - Normal,99
2024-07-17 05:00:00,WLS_KRL_06,SENS_WLS_KRL_06,0.0,0.0,Green - Normal,96
2024-07-17 05:00:00,WLS_SIO_07,SENS_WLS_SIO_07,0.0,0.0,Green - Normal,92
2024-07-17 05:00:00,WLS_DDR_08,SENS_WLS_DDR_08,0.0,0.0,Green - Normal,97
2024-07-17 05:00:00,WLS_CHM_09,SENS_WLS_CHM_09,0.0,0.0,Green - Normal,90
2024-07-17 05:00:00,WLS_MLD_10,SENS_WLS_MLD_10,0.0,0.0,Green - Normal,89
2024-07-17 05:00:00,WLS_DHS_11,SENS_WLS_DHS_11,0.0,0.0,Green - Normal,98
2024-07-17 05:00:00,WLS_CHN_12,SENS_WLS_CHN_12,0.0,0.0,Green - Normal,88
2024-07-17 05:00:00,WLS_WRL_13,SENS_WLS_WRL_13,0.0,0.0,Green - Normal,88
2024-07-17 05:00:00,WLS_BYC_14,SENS_WLS_BYC_14,0.0,0.0,Green - Normal,98
2024-07-17 05:00:00,WLS_MNK_15,SENS_WLS_MNK_15,0.0,0.0,Green - Normal,96
2024-07-17 06:00:00,WLS_HND_01,SENS_WLS_HND_01,0.0,0.0,Green - Normal,89
2024-07-17 06:00:00,WLS_GND_02,SENS_WLS_GND_02,0.0,0.0,Green - Normal,88
2024-07-17 06:00:00,WLS_MLN_03,SENS_WLS_MLN_03,0.0,0.0,Green - Normal,96
2024-07-17 06:00:00,WLS_AND_04,SENS_WLS_AND_04,0.0,0.0,Green - Normal,88
2024-07-17 06:00:00,WLS_KHR_05,SENS_WLS_KHR_05,0.0,0.0,Green - Normal,93
2024-07-17 06:00:00,WLS_KRL_06,SENS_WLS_KRL_06,0.0,0.0,Green - Normal,100
2024-07-17 06:00:00,WLS_SIO_07,SENS_WLS_SIO_07,0.0,0.0,Green - Normal,93
2024-07-17 06:00:00,WLS_DDR_08,SENS_WLS_DDR_08,0.0,0.0,Green - Normal,89
2024-07-17 06:00:00,WLS_CHM_09,SENS_WLS_CHM_09,0.0,0.0,Green - Normal,90
2024-07-17 06:00:00,WLS_MLD_10,SENS_WLS_MLD_10,0.0,0.0,Green - Normal,99
2024-07-17 06:00:00,WLS_DHS_11,SENS_WLS_DHS_11,0.0,0.0,Green - Normal,94
2024-07-17 06:00:00,WLS_CHN_12,SENS_WLS_CHN_12,0.0,0.0,Green - Normal,91
2024-07-17 06:00:00,WLS_WRL_13,SENS_WLS_WRL_13,0.0,0.0,Green - Normal,100
2024-07-17 06:00:00,WLS_BYC_14,SENS_WLS_BYC_14,0.0,0.0,Green - Normal,100
2024-07-17 06:00:00,WLS_MNK_15,SENS_WLS_MNK_15,0.0,0.0,Green - Normal,95
2024-07-17 07:00:00,WLS_HND_01,SENS_WLS_HND_01,0.0,0.0,Green - Normal,92
2024-07-17 07:00:00,WLS_GND_02,SENS_WLS_GND_02,0.0,0.0,Green - Normal,96
2024-07-17 07:00:00,WLS_MLN_03,SENS_WLS_MLN_03,0.0,0.0,Green - Normal,91
2024-07-17 07:00:00,WLS_AND_04,SENS_WLS_AND_04,0.0,0.0,Green - Normal,98
2024-07-17 07:00:00,WLS_KHR_05,SENS_WLS_KHR_05,0.0,0.0,Green - Normal,94
2024-07-17 07:00:00,WLS_KRL_06,SENS_WLS_KRL_06,0.0,0.0,Green - Normal,91
2024-07-17 07:00:00,WLS_SIO_07,SENS_WLS_SIO_07,0.0,0.0,Green - Normal,96
2024-07-17 07:00:00,WLS_DDR_08,SENS_WLS_DDR_08,0.0,0.0,Green - Normal,96
2024-07-17 07:00:00,WLS_CHM_09,SENS_WLS_CHM_09,0.0,0.0,Green - Normal,91
2024-07-17 07:00:00,WLS_MLD_10,SENS_WLS_MLD_10,0.0,0.0,Green - Normal,98
2024-07-17 07:00:00,WLS_DHS_11,SENS_WLS_DHS_11,0.0,0.0,Green - Normal,99
2024-07-17 07:00:00,WLS_CHN_12,SENS_WLS_CHN_12,0.0,0.0,Green - Normal,91
2024-07-17 07:00:00,WLS_WRL_13,SENS_WLS_WRL_13,0.0,0.0,Green - Normal,92
2024-07-17 07:00:00,WLS_BYC_14,SENS_WLS_BYC_14,0.0,0.0,Green - Normal,92
2024-07-17 07:00:00,WLS_MNK_15,SENS_WLS_MNK_15,0.0,0.0,Green - Normal,91
2024-07-17 08:00:00,WLS_HND_01,SENS_WLS_HND_01,0.0,0.0,Green - Normal,89
2024-07-17 08:00:00,WLS_GND_02,SENS_WLS_GND_02,0.0,0.0,Green - Normal,92
2024-07-17 08:00:00,WLS_MLN_03,SENS_WLS_MLN_03,0.0,0.0,Green - Normal,100
2024-07-17 08:00:00,WLS_AND_04,SENS_WLS_AND_04,0.0,0.0,Green - Normal,91
2024-07-17 08:00:00,WLS_KHR_05,SENS_WLS_KHR_05,0.0,0.0,Green - Normal,91
2024-07-17 08:00:00,WLS_KRL_06,SENS_WLS_KRL_06,0.0,0.0,Green - Normal,99
2024-07-17 08:00:00,WLS_SIO_07,SENS_WLS_SIO_07,0.0,0.0,Green - Normal,98
2024-07-17 08:00:00,WLS_DDR_08,SENS_WLS_DDR_08,0.0,0.0,Green - Normal,99
2024-07-17 08:00:00,WLS_CHM_09,SENS_WLS_CHM_09,0.0,0.0,Green - Normal,93
2024-07-17 08:00:00,WLS_MLD_10,SENS_WLS_MLD_10,0.0,0.0,Green - Normal,91
2024-07-17 08:00:00,WLS_DHS_11,SENS_WLS_DHS_11,0.0,0.0,Green - Normal,96
2024-07-17 08:00:00,WLS_CHN_12,SENS_WLS_CHN_12,0.0,0.0,Green - Normal,88
2024-07-17 08:00:00,WLS_WRL_13,SENS_WLS_WRL_13,0.0,0.0,Green - Normal,97
2024-07-17 08:00:00,WLS_BYC_14,SENS_WLS_BYC_14,0.0,0.0,Green - Normal,98
2024-07-17 08:00:00,WLS_MNK_15,SENS_WLS_MNK_15,0.0,0.0,Green - Normal,100
2024-07-17 09:00:00,WLS_HND_01,SENS_WLS_HND_01,0.0,0.0,Green - Normal,93
2024-07-17 09:00:00,WLS_GND_02,SENS_WLS_GND_02,0.0,0.0,Green - Normal,99
2024-07-17 09:00:00,WLS_MLN_03,SENS_WLS_MLN_03,0.0,0.0,Green - Normal,92
2024-07-17 09:00:00,WLS_AND_04,SENS_WLS_AND_04,0.0,0.0,Green - Normal,100
2024-07-17 09:00:00,WLS_KHR_05,SENS_WLS_KHR_05,0.0,0.0,Green - Normal,96
2024-07-17 09:00:00,WLS_KRL_06,SENS_WLS_KRL_06,0.0,0.0,Green - Normal,98
2024-07-17 09:00:00,WLS_SIO_07,SENS_WLS_SIO_07,0.0,0.0,Green - Normal,91
2024-07-17 09:00:00,WLS_DDR_08,SENS_WLS_DDR_08,0.0,0.0,Green - Normal,92
2024-07-17 09:00:00,WLS_CHM_09,SENS_WLS_CHM_09,0.0,0.0,Green - Normal,98
2024-07-17 09:00:00,WLS_MLD_10,SENS_WLS_MLD_10,0.0,0.0,Green - Normal,96
2024-07-17 09:00:00,WLS_DHS_11,SENS_WLS_DHS_11,0.0,0.0,Green - Normal,89
2024-07-17 09:00:00,WLS_CHN_12,SENS_WLS_CHN_12,0.0,0.0,Green - Normal,93
2024-07-17 09:00:00,WLS_WRL_13,SENS_WLS_WRL_13,0.0,0.0,Green - Normal,98
2024-07-17 09:00:00,WLS_BYC_14,SENS_WLS_BYC_14,0.0,0.0,Green - Normal,96
2024-07-17 09:00:00,WLS_MNK_15,SENS_WLS_MNK_15,0.0,0.0,Green - Normal,97
2024-07-17 10:00:00,WLS_HND_01,SENS_WLS_HND_01,0.0,0.0,Green - Normal,95
2024-07-17 10:00:00,WLS_GND_02,SENS_WLS_GND_02,0.0,0.0,Green - Normal,91
2024-07-17 10:00:00,WLS_MLN_03,SENS_WLS_MLN_03,0.0,0.0,Green - Normal,89
2024-07-17 10:00:00,WLS_AND_04,SENS_WLS_AND_04,0.0,0.0,Green - Normal,100
2024-07-17 10:00:00,WLS_KHR_05,SENS_WLS_KHR_05,0.0,0.0,Green - Normal,88
2024-07-17 10:00:00,WLS_KRL_06,SENS_WLS_KRL_06,0.0,0.0,Green - Normal,100
2024-07-17 10:00:00,WLS_SIO_07,SENS_WLS_SIO_07,0.0,0.0,Green - Normal,94
2024-07-17 10:00:00,WLS_DDR_08,SENS_WLS_DDR_08,0.0,0.0,Green - Normal,98
2024-07-17 10:00:00,WLS_CHM_09,SENS_WLS_CHM_09,0.0,0.0,Green - Normal,93
2024-07-17 10:00:00,WLS_MLD_10,SENS_WLS_MLD_10,0.0,0.0,Green - Normal,93
2024-07-17 10:00:00,WLS_DHS_11,SENS_WLS_DHS_11,0.0,0.0,Green - Normal,89
2024-07-17 10:00:00,WLS_CHN_12,SENS_WLS_CHN_12,0.0,0.0,Green - Normal,100
2024-07-17 10:00:00,WLS_WRL_13,SENS_WLS_WRL_13,0.0,0.0,Green - Normal,97
2024-07-17 10:00:00,WLS_BYC_14,SENS_WLS_BYC_14,0.0,0.0,Green - Normal,96
2024-07-17 10:00:00,WLS_MNK_15,SENS_WLS_MNK_15,0.0,0.0,Green - Normal,93
2024-07-17 11:00:00,WLS_HND_01,SENS_WLS_HND_01,0.0,0.0,Green - Normal,96
2024-07-17 11:00:00,WLS_GND_02,SENS_WLS_GND_02,0.0,0.0,Green - Normal,88
2024-07-17 11:00:00,WLS_MLN_03,SENS_WLS_MLN_03,0.0,0.0,Green - Normal,95
2024-07-17 11:00:00,WLS_AND_04,SENS_WLS_AND_04,0.0,0.0,Green - Normal,100
2024-07-17 11:00:00,WLS_KHR_05,SENS_WLS_KHR_05,0.0,0.0,Green - Normal,94
2024-07-17 11:00:00,WLS_KRL_06,SENS_WLS_KRL_06,0.0,0.0,Green - Normal,91
2024-07-17 11:00:00,WLS_SIO_07,SENS_WLS_SIO_07,0.0,0.0,Green - Normal,96
2024-07-17 11:00:00,WLS_DDR_08,SENS_WLS_DDR_08,0.0,0.0,Green - Normal,94
2024-07-17 11:00:00,WLS_CHM_09,SENS_WLS_CHM_09,0.0,0.0,Green - Normal,95
2024-07-17 11:00:00,WLS_MLD_10,SENS_WLS_MLD_10,0.0,0.0,Green - Normal,97
2024-07-17 11:00:00,WLS_DHS_11,SENS_WLS_DHS_11,0.0,0.0,Green - Normal,99
2024-07-17 11:00:00,WLS_CHN_12,SENS_WLS_CHN_12,0.0,0.0,Green - Normal,98
2024-07-17 11:00:00,WLS_WRL_13,SENS_WLS_WRL_13,0.0,0.0,Green - Normal,99
2024-07-17 11:00:00,WLS_BYC_14,SENS_WLS_BYC_14,0.0,0.0,Green - Normal,94
2024-07-17 11:00:00,WLS_MNK_15,SENS_WLS_MNK_15,0.0,0.0,Green - Normal,95
2024-07-17 12:00:00,WLS_HND_01,SENS_WLS_HND_01,0.8,0.0,Green - Normal,96
2024-07-17 12:00:00,WLS_GND_02,SENS_WLS_GND_02,3.1,0.0,Green - Normal,92
2024-07-17 12:00:00,WLS_MLN_03,SENS_WLS_MLN_03,13.3,0.89,Green - Normal,97
2024-07-17 12:00:00,WLS_AND_04,SENS_WLS_AND_04,10.2,1.11,Green - Normal,89
2024-07-17 12:00:00,WLS_KHR_05,SENS_WLS_KHR_05,7.6,0.76,Green - Normal,100
2024-07-17 12:00:00,WLS_KRL_06,SENS_WLS_KRL_06,0.0,0.0,Green - Normal,95
2024-07-17 12:00:00,WLS_SIO_07,SENS_WLS_SIO_07,6.7,0.41,Green - Normal,99
2024-07-17 12:00:00,WLS_DDR_08,SENS_WLS_DDR_08,0.0,0.0,Green - Normal,94
2024-07-17 12:00:00,WLS_CHM_09,SENS_WLS_CHM_09,2.3,0.0,Green - Normal,96
2024-07-17 12:00:00,WLS_MLD_10,SENS_WLS_MLD_10,2.5,0.0,Green - Normal,98
2024-07-17 12:00:00,WLS_DHS_11,SENS_WLS_DHS_11,8.1,0.3,Green - Normal,89
2024-07-17 12:00:00,WLS_CHN_12,SENS_WLS_CHN_12,5.7,0.73,Green - Normal,95
2024-07-17 12:00:00,WLS_WRL_13,SENS_WLS_WRL_13,0.0,0.0,Green - Normal,89
2024-07-17 12:00:00,WLS_BYC_14,SENS_WLS_BYC_14,0.0,0.0,Green - Normal,91
2024-07-17 12:00:00,WLS_MNK_15,SENS_WLS_MNK_15,8.7,0.78,Green - Normal,99
2024-07-17 13:00:00,WLS_HND_01,SENS_WLS_HND_01,0.0,0.0,Green - Normal,88
2024-07-17 13:00:00,WLS_GND_02,SENS_WLS_GND_02,0.0,0.0,Green - Normal,92
2024-07-17 13:00:00,WLS_MLN_03,SENS_WLS_MLN_03,0.0,0.0,Green - Normal,88
2024-07-17 13:00:00,WLS_AND_04,SENS_WLS_AND_04,0.0,0.0,Green - Normal,100
2024-07-17 13:00:00,WLS_KHR_05,SENS_WLS_KHR_05,0.0,0.0,Green - Normal,92
2024-07-17 13:00:00,WLS_KRL_06,SENS_WLS_KRL_06,0.0,0.0,Green - Normal,96
2024-07-17 13:00:00,WLS_SIO_07,SENS_WLS_SIO_07,0.0,0.0,Green - Normal,95
2024-07-17 13:00:00,WLS_DDR_08,SENS_WLS_DDR_08,0.0,0.0,Green - Normal,95
2024-07-17 13:00:00,WLS_CHM_09,SENS_WLS_CHM_09,0.0,0.0,Green - Normal,89
2024-07-17 13:00:00,WLS_MLD_10,SENS_WLS_MLD_10,0.0,0.0,Green - Normal,96
2024-07-17 13:00:00,WLS_DHS_11,SENS_WLS_DHS_11,0.0,0.0,Green - Normal,98
2024-07-17 13:00:00,WLS_CHN_12,SENS_WLS_CHN_12,0.0,0.0,Green - Normal,99
2024-07-17 13:00:00,WLS_WRL_13,SENS_WLS_WRL_13,0.0,0.0,Green - Normal,92
2024-07-17 13:00:00,WLS_BYC_14,SENS_WLS_BYC_14,0.0,0.0,Green - Normal,95
2024-07-17 13:00:00,WLS_MNK_15,SENS_WLS_MNK_15,0.0,0.0,Green - Normal,98
2024-07-17 14:00:00,WLS_HND_01,SENS_WLS_HND_01,0.0,0.0,Green - Normal,92
2024-07-17 14:00:00,WLS_GND_02,SENS_WLS_GND_02,0.0,0.0,Green - Normal,88
2024-07-17 14:00:00,WLS_MLN_03,SENS_WLS_MLN_03,0.0,0.0,Green - Normal,93
2024-07-17 14:00:00,WLS_AND_04,SENS_WLS_AND_04,0.0,0.0,Green - Normal,93
2024-07-17 14:00:00,WLS_KHR_05,SENS_WLS_KHR_05,0.0,0.0,Green - Normal,92
2024-07-17 14:00:00,WLS_KRL_06,SENS_WLS_KRL_06,0.0,0.0,Green - Normal,94
2024-07-17 14:00:00,WLS_SIO_07,SENS_WLS_SIO_07,0.0,0.0,Green - Normal,96
2024-07-17 14:00:00,WLS_DDR_08,SENS_WLS_DDR_08,0.0,0.0,Green - Normal,94
2024-07-17 14:00:00,WLS_CHM_09,SENS_WLS_CHM_09,0.0,0.0,Green - Normal,92
2024-07-17 14:00:00,WLS_MLD_10,SENS_WLS_MLD_10,0.0,0.0,Green - Normal,90
2024-07-17 14:00:00,WLS_DHS_11,SENS_WLS_DHS_11,0.0,0.0,Green - Normal,97
2024-07-17 14:00:00,WLS_CHN_12,SENS_WLS_CHN_12,0.0,0.0,Green - Normal,93
2024-07-17 14:00:00,WLS_WRL_13,SENS_WLS_WRL_13,0.0,0.0,Green - Normal,88
2024-07-17 14:00:00,WLS_BYC_14,SENS_WLS_BYC_14,0.0,0.0,Green - Normal,93
2024-07-17 14:00:00,WLS_MNK_15,SENS_WLS_MNK_15,0.0,0.0,Green - Normal,91
2024-07-17 15:00:00,WLS_HND_01,SENS_WLS_HND_01,0.0,0.0,Green - Normal,88
2024-07-17 15:00:00,WLS_GND_02,SENS_WLS_GND_02,0.0,0.0,Green - Normal,94
2024-07-17 15:00:00,WLS_MLN_03,SENS_WLS_MLN_03,0.0,0.0,Green - Normal,99
2024-07-17 15:00:00,WLS_AND_04,SENS_WLS_AND_04,0.0,0.0,Green - Normal,89
2024-07-17 15:00:00,WLS_KHR_05,SENS_WLS_KHR_05,0.0,0.0,Green - Normal,92
2024-07-17 15:00:00,WLS_KRL_06,SENS_WLS_KRL_06,0.0,0.0,Green - Normal,90
2024-07-17 15:00:00,WLS_SIO_07,SENS_WLS_SIO_07,0.0,0.0,Green - Normal,99
2024-07-17 15:00:00,WLS_DDR_08,SENS_WLS_DDR_08,0.0,0.0,Green - Normal,90
2024-07-17 15:00:00,WLS_CHM_09,SENS_WLS_CHM_09,0.0,0.0,Green - Normal,99
2024-07-17 15:00:00,WLS_MLD_10,SENS_WLS_MLD_10,0.0,0.0,Green - Normal,89
2024-07-17 15:00:00,WLS_DHS_11,SENS_WLS_DHS_11,0.0,0.0,Green - Normal,95
2024-07-17 15:00:00,WLS_CHN_12,SENS_WLS_CHN_12,0.0,0.0,Green - Normal,94
2024-07-17 15:00:00,WLS_WRL_13,SENS_WLS_WRL_13,0.0,0.0,Green - Normal,91
2024-07-17 15:00:00,WLS_BYC_14,SENS_WLS_BYC_14,0.0,0.0,Green - Normal,94
2024-07-17 15:00:00,WLS_MNK_15,SENS_WLS_MNK_15,0.0,0.0,Green - Normal,93
2024-07-17 16:00:00,WLS_HND_01,SENS_WLS_HND_01,0.0,0.0,Green - Normal,93
2024-07-17 16:00:00,WLS_GND_02,SENS_WLS_GND_02,0.0,0.0,Green - Normal,99
2024-07-17 16:00:00,WLS_MLN_03,SENS_WLS_MLN_03,0.0,0.0,Green - Normal,88
2024-07-17 16:00:00,WLS_AND_04,SENS_WLS_AND_04,0.0,0.0,Green - Normal,96
2024-07-17 16:00:00,WLS_KHR_05,SENS_WLS_KHR_05,0.0,0.0,Green - Normal,91
2024-07-17 16:00:00,WLS_KRL_06,SENS_WLS_KRL_06,0.0,0.0,Green - Normal,100
2024-07-17 16:00:00,WLS_SIO_07,SENS_WLS_SIO_07,0.0,0.0,Green - Normal,94
2024-07-17 16:00:00,WLS_DDR_08,SENS_WLS_DDR_08,0.0,0.0,Green - Normal,96
2024-07-17 16:00:00,WLS_CHM_09,SENS_WLS_CHM_09,0.0,0.0,Green - Normal,94
2024-07-17 16:00:00,WLS_MLD_10,SENS_WLS_MLD_10,0.0,0.0,Green - Normal,96
2024-07-17 16:00:00,WLS_DHS_11,SENS_WLS_DHS_11,0.0,0.0,Green - Normal,100
2024-07-17 16:00:00,WLS_CHN_12,SENS_WLS_CHN_12,0.0,0.0,Green - Normal,96
2024-07-17 16:00:00,WLS_WRL_13,SENS_WLS_WRL_13,0.0,0.0,Green - Normal,92
2024-07-17 16:00:00,WLS_BYC_14,SENS_WLS_BYC_14,0.0,0.0,Green - Normal,91
2024-07-17 16:00:00,WLS_MNK_15,SENS_WLS_MNK_15,0.0,0.0,Green - Normal,99
2024-07-17 17:00:00,WLS_HND_01,SENS_WLS_HND_01,0.0,0.0,Green - Normal,93
2024-07-17 17:00:00,WLS_GND_02,SENS_WLS_GND_02,0.0,0.0,Green - Normal,97
2024-07-17 17:00:00,WLS_MLN_03,SENS_WLS_MLN_03,0.0,0.0,Green - Normal,99
2024-07-17 17:00:00,WLS_AND_04,SENS_WLS_AND_04,0.0,0.0,Green - Normal,92
2024-07-17 17:00:00,WLS_KHR_05,SENS_WLS_KHR_05,0.0,0.0,Green - Normal,99
2024-07-17 17:00:00,WLS_KRL_06,SENS_WLS_KRL_06,0.0,0.0,Green - Normal,92
2024-07-17 17:00:00,WLS_SIO_07,SENS_WLS_SIO_07,0.0,0.0,Green - Normal,92
2024-07-17 17:00:00,WLS_DDR_08,SENS_WLS_DDR_08,0.0,0.0,Green - Normal,91
2024-07-17 17:00:00,WLS_CHM_09,SENS_WLS_CHM_09,0.0,0.0,Green - Normal,93
2024-07-17 17:00:00,WLS_MLD_10,SENS_WLS_MLD_10,0.0,0.0,Green - Normal,91
2024-07-17 17:00:00,WLS_DHS_11,SENS_WLS_DHS_11,0.0,0.0,Green - Normal,95
2024-07-17 17:00:00,WLS_CHN_12,SENS_WLS_CHN_12,0.0,0.0,Green - Normal,94
2024-07-17 17:00:00,WLS_WRL_13,SENS_WLS_WRL_13,0.0,0.0,Green - Normal,93
2024-07-17 17:00:00,WLS_BYC_14,SENS_WLS_BYC_14,0.0,0.0,Green - Normal,98
2024-07-17 17:00:00,WLS_MNK_15,SENS_WLS_MNK_15,0.0,0.0,Green - Normal,92
2024-07-17 18:00:00,WLS_HND_01,SENS_WLS_HND_01,0.0,0.0,Green - Normal,98
2024-07-17 18:00:00,WLS_GND_02,SENS_WLS_GND_02,0.0,0.0,Green - Normal,98
2024-07-17 18:00:00,WLS_MLN_03,SENS_WLS_MLN_03,0.0,0.0,Green - Normal,94
2024-07-17 18:00:00,WLS_AND_04,SENS_WLS_AND_04,0.0,0.0,Green - Normal,96
2024-07-17 18:00:00,WLS_KHR_05,SENS_WLS_KHR_05,0.0,0.0,Green - Normal,97
2024-07-17 18:00:00,WLS_KRL_06,SENS_WLS_KRL_06,0.0,0.0,Green - Normal,96
2024-07-17 18:00:00,WLS_SIO_07,SENS_WLS_SIO_07,0.0,0.0,Green - Normal,91
2024-07-17 18:00:00,WLS_DDR_08,SENS_WLS_DDR_08,0.0,0.0,Green - Normal,98
2024-07-17 18:00:00,WLS_CHM_09,SENS_WLS_CHM_09,0.0,0.0,Green - Normal,88
2024-07-17 18:00:00,WLS_MLD_10,SENS_WLS_MLD_10,0.0,0.0,Green - Normal,90
2024-07-17 18:00:00,WLS_DHS_11,SENS_WLS_DHS_11,0.0,0.0,Green - Normal,91
2024-07-17 18:00:00,WLS_CHN_12,SENS_WLS_CHN_12,0.0,0.0,Green - Normal,100
2024-07-17 18:00:00,WLS_WRL_13,SENS_WLS_WRL_13,0.0,0.0,Green - Normal,90
2024-07-17 18:00:00,WLS_BYC_14,SENS_WLS_BYC_14,0.0,0.0,Green - Normal,98
2024-07-17 18:00:00,WLS_MNK_15,SENS_WLS_MNK_15,0.0,0.0,Green - Normal,89
2024-07-17 19:00:00,WLS_HND_01,SENS_WLS_HND_01,0.0,0.0,Green - Normal,99
2024-07-17 19:00:00,WLS_GND_02,SENS_WLS_GND_02,0.0,0.0,Green - Normal,100
2024-07-17 19:00:00,WLS_MLN_03,SENS_WLS_MLN_03,0.0,0.0,Green - Normal,98
2024-07-17 19:00:00,WLS_AND_04,SENS_WLS_AND_04,0.0,0.0,Green - Normal,96
2024-07-17 19:00:00,WLS_KHR_05,SENS_WLS_KHR_05,0.0,0.0,Green - Normal,96
2024-07-17 19:00:00,WLS_KRL_06,SENS_WLS_KRL_06,0.0,0.0,Green - Normal,90
2024-07-17 19:00:00,WLS_SIO_07,SENS_WLS_SIO_07,0.0,0.0,Green - Normal,91
2024-07-17 19:00:00,WLS_DDR_08,SENS_WLS_DDR_08,0.0,0.0,Green - Normal,95
2024-07-17 19:00:00,WLS_CHM_09,SENS_WLS_CHM_09,0.0,0.0,Green - Normal,95
2024-07-17 19:00:00,WLS_MLD_10,SENS_WLS_MLD_10,0.0,0.0,Green - Normal,97
2024-07-17 19:00:00,WLS_DHS_11,SENS_WLS_DHS_11,0.0,0.0,Green - Normal,96
2024-07-17 19:00:00,WLS_CHN_12,SENS_WLS_CHN_12,0.0,0.0,Green - Normal,88
2024-07-17 19:00:00,WLS_WRL_13,SENS_WLS_WRL_13,0.0,0.0,Green - Normal,88
2024-07-17 19:00:00,WLS_BYC_14,SENS_WLS_BYC_14,0.0,0.0,Green - Normal,95
2024-07-17 19:00:00,WLS_MNK_15,SENS_WLS_MNK_15,0.0,0.0,Green - Normal,91
2024-07-17 20:00:00,WLS_HND_01,SENS_WLS_HND_01,0.0,0.0,Green - Normal,100
2024-07-17 20:00:00,WLS_GND_02,SENS_WLS_GND_02,0.0,0.0,Green - Normal,88
2024-07-17 20:00:00,WLS_MLN_03,SENS_WLS_MLN_03,0.0,0.0,Green - Normal,96
2024-07-17 20:00:00,WLS_AND_04,SENS_WLS_AND_04,0.0,0.0,Green - Normal,96
2024-07-17 20:00:00,WLS_KHR_05,SENS_WLS_KHR_05,0.0,0.0,Green - Normal,99
2024-07-17 20:00:00,WLS_KRL_06,SENS_WLS_KRL_06,0.0,0.0,Green - Normal,93
2024-07-17 20:00:00,WLS_SIO_07,SENS_WLS_SIO_07,0.0,0.0,Green - Normal,90
2024-07-17 20:00:00,WLS_DDR_08,SENS_WLS_DDR_08,0.0,0.0,Green - Normal,92
2024-07-17 20:00:00,WLS_CHM_09,SENS_WLS_CHM_09,0.0,0.0,Green - Normal,99
2024-07-17 20:00:00,WLS_MLD_10,SENS_WLS_MLD_10,0.0,0.0,Green - Normal,88
2024-07-17 20:00:00,WLS_DHS_11,SENS_WLS_DHS_11,0.0,0.0,Green - Normal,95
2024-07-17 20:00:00,WLS_CHN_12,SENS_WLS_CHN_12,0.0,0.0,Green - Normal,88
2024-07-17 20:00:00,WLS_WRL_13,SENS_WLS_WRL_13,0.0,0.0,Green - Normal,98
2024-07-17 20:00:00,WLS_BYC_14,SENS_WLS_BYC_14,0.0,0.0,Green - Normal,88
2024-07-17 20:00:00,WLS_MNK_15,SENS_WLS_MNK_15,0.0,0.0,Green - Normal,96
2024-07-17 21:00:00,WLS_HND_01,SENS_WLS_HND_01,0.0,0.0,Green - Normal,99
2024-07-17 21:00:00,WLS_GND_02,SENS_WLS_GND_02,0.0,0.0,Green - Normal,98
2024-07-17 21:00:00,WLS_MLN_03,SENS_WLS_MLN_03,0.0,0.0,Green - Normal,90
2024-07-17 21:00:00,WLS_AND_04,SENS_WLS_AND_04,0.0,0.0,Green - Normal,95
2024-07-17 21:00:00,WLS_KHR_05,SENS_WLS_KHR_05,0.0,0.0,Green - Normal,100
2024-07-17 21:00:00,WLS_KRL_06,SENS_WLS_KRL_06,0.0,0.0,Green - Normal,88
2024-07-17 21:00:00,WLS_SIO_07,SENS_WLS_SIO_07,0.0,0.0,Green - Normal,98
2024-07-17 21:00:00,WLS_DDR_08,SENS_WLS_DDR_08,0.0,0.0,Green - Normal,94
2024-07-17 21:00:00,WLS_CHM_09,SENS_WLS_CHM_09,0.0,0.0,Green - Normal,92
2024-07-17 21:00:00,WLS_MLD_10,SENS_WLS_MLD_10,0.0,0.0,Green - Normal,95
2024-07-17 21:00:00,WLS_DHS_11,SENS_WLS_DHS_11,0.0,0.0,Green - Normal,97
2024-07-17 21:00:00,WLS_CHN_12,SENS_WLS_CHN_12,0.0,0.0,Green - Normal,91
2024-07-17 21:00:00,WLS_WRL_13,SENS_WLS_WRL_13,0.0,0.0,Green - Normal,98
2024-07-17 21:00:00,WLS_BYC_14,SENS_WLS_BYC_14,0.0,0.0,Green - Normal,94
2024-07-17 21:00:00,WLS_MNK_15,SENS_WLS_MNK_15,0.0,0.0,Green - Normal,96
2024-07-17 22:00:00,WLS_HND_01,SENS_WLS_HND_01,0.0,0.0,Green - Normal,92
2024-07-17 22:00:00,WLS_GND_02,SENS_WLS_GND_02,0.0,0.0,Green - Normal,95
2024-07-17 22:00:00,WLS_MLN_03,SENS_WLS_MLN_03,0.0,0.0,Green - Normal,98
2024-07-17 22:00:00,WLS_AND_04,SENS_WLS_AND_04,0.0,0.0,Green - Normal,91
2024-07-17 22:00:00,WLS_KHR_05,SENS_WLS_KHR_05,0.0,0.0,Green - Normal,96
2024-07-17 22:00:00,WLS_KRL_06,SENS_WLS_KRL_06,0.0,0.0,Green - Normal,91
2024-07-17 22:00:00,WLS_SIO_07,SENS_WLS_SIO_07,0.0,0.0,Green - Normal,89
2024-07-17 22:00:00,WLS_DDR_08,SENS_WLS_DDR_08,0.0,0.0,Green - Normal,89
2024-07-17 22:00:00,WLS_CHM_09,SENS_WLS_CHM_09,0.0,0.0,Green - Normal,91
2024-07-17 22:00:00,WLS_MLD_10,SENS_WLS_MLD_10,0.0,0.0,Green - Normal,94
2024-07-17 22:00:00,WLS_DHS_11,SENS_WLS_DHS_11,0.0,0.0,Green - Normal,90
2024-07-17 22:00:00,WLS_CHN_12,SENS_WLS_CHN_12,0.0,0.0,Green - Normal,92
2024-07-17 22:00:00,WLS_WRL_13,SENS_WLS_WRL_13,0.0,0.0,Green - Normal,96
2024-07-17 22:00:00,WLS_BYC_14,SENS_WLS_BYC_14,0.0,0.0,Green - Normal,93
2024-07-17 22:00:00,WLS_MNK_15,SENS_WLS_MNK_15,0.0,0.0,Green - Normal,94
2024-07-17 23:00:00,WLS_HND_01,SENS_WLS_HND_01,0.0,0.0,Green - Normal,88
2024-07-17 23:00:00,WLS_GND_02,SENS_WLS_GND_02,0.0,0.0,Green - Normal,97
2024-07-17 23:00:00,WLS_MLN_03,SENS_WLS_MLN_03,0.0,0.0,Green - Normal,100
2024-07-17 23:00:00,WLS_AND_04,SENS_WLS_AND_04,0.0,0.0,Green - Normal,97
2024-07-17 23:00:00,WLS_KHR_05,SENS_WLS_KHR_05,0.0,0.0,Green - Normal,92
2024-07-17 23:00:00,WLS_KRL_06,SENS_WLS_KRL_06,0.0,0.0,Green - Normal,97
2024-07-17 23:00:00,WLS_SIO_07,SENS_WLS_SIO_07,0.0,0.0,Green - Normal,98
2024-07-17 23:00:00,WLS_DDR_08,SENS_WLS_DDR_08,0.0,0.0,Green - Normal,93
2024-07-17 23:00:00,WLS_CHM_09,SENS_WLS_CHM_09,0.0,0.0,Green - Normal,96
2024-07-17 23:00:00,WLS_MLD_10,SENS_WLS_MLD_10,0.0,0.0,Green - Normal,88
2024-07-17 23:00:00,WLS_DHS_11,SENS_WLS_DHS_11,0.0,0.0,Green - Normal,98
2024-07-17 23:00:00,WLS_CHN_12,SENS_WLS_CHN_12,0.0,0.0,Green - Normal,95
2024-07-17 23:00:00,WLS_WRL_13,SENS_WLS_WRL_13,0.0,0.0,Green - Normal,95
2024-07-17 23:00:00,WLS_BYC_14,SENS_WLS_BYC_14,0.0,0.0,Green - Normal,90
2024-07-17 23:00:00,WLS_MNK_15,SENS_WLS_MNK_15,0.0,0.0,Green - Normal,97
2024-07-18 00:00:00,WLS_HND_01,SENS_WLS_HND_01,0.0,0.0,Green - Normal,97
2024-07-18 00:00:00,WLS_GND_02,SENS_WLS_GND_02,0.0,0.0,Green - Normal,93
2024-07-18 00:00:00,WLS_MLN_03,SENS_WLS_MLN_03,0.0,0.0,Green - Normal,95
2024-07-18 00:00:00,WLS_AND_04,SENS_WLS_AND_04,0.0,0.0,Green - Normal,91
2024-07-18 00:00:00,WLS_KHR_05,SENS_WLS_KHR_05,0.0,0.0,Green - Normal,93
2024-07-18 00:00:00,WLS_KRL_06,SENS_WLS_KRL_06,0.0,0.0,Green - Normal,97
2024-07-18 00:00:00,WLS_SIO_07,SENS_WLS_SIO_07,0.0,0.0,Green - Normal,93
2024-07-18 00:00:00,WLS_DDR_08,SENS_WLS_DDR_08,0.0,0.0,Green - Normal,92
2024-07-18 00:00:00,WLS_CHM_09,SENS_WLS_CHM_09,0.0,0.0,Green - Normal,93
2024-07-18 00:00:00,WLS_MLD_10,SENS_WLS_MLD_10,0.0,0.0,Green - Normal,98
2024-07-18 00:00:00,WLS_DHS_11,SENS_WLS_DHS_11,0.0,0.0,Green - Normal,94
2024-07-18 00:00:00,WLS_CHN_12,SENS_WLS_CHN_12,0.0,0.0,Green - Normal,93
2024-07-18 00:00:00,WLS_WRL_13,SENS_WLS_WRL_13,0.0,0.0,Green - Normal,94
2024-07-18 00:00:00,WLS_BYC_14,SENS_WLS_BYC_14,0.0,0.0,Green - Normal,89
2024-07-18 00:00:00,WLS_MNK_15,SENS_WLS_MNK_15,0.0,0.0,Green - Normal,97
2024-07-18 01:00:00,WLS_HND_01,SENS_WLS_HND_01,0.0,0.0,Green - Normal,88
2024-07-18 01:00:00,WLS_GND_02,SENS_WLS_GND_02,0.0,0.0,Green - Normal,95
2024-07-18 01:00:00,WLS_MLN_03,SENS_WLS_MLN_03,0.0,0.0,Green - Normal,94
2024-07-18 01:00:00,WLS_AND_04,SENS_WLS_AND_04,0.0,0.0,Green - Normal,92
2024-07-18 01:00:00,WLS_KHR_05,SENS_WLS_KHR_05,0.0,0.0,Green - Normal,91
2024-07-18 01:00:00,WLS_KRL_06,SENS_WLS_KRL_06,0.0,0.0,Green - Normal,96
2024-07-18 01:00:00,WLS_SIO_07,SENS_WLS_SIO_07,0.0,0.0,Green - Normal,90
2024-07-18 01:00:00,WLS_DDR_08,SENS_WLS_DDR_08,0.0,0.0,Green - Normal,92
2024-07-18 01:00:00,WLS_CHM_09,SENS_WLS_CHM_09,0.0,0.0,Green - Normal,100
2024-07-18 01:00:00,WLS_MLD_10,SENS_WLS_MLD_10,0.0,0.0,Green - Normal,96
2024-07-18 01:00:00,WLS_DHS_11,SENS_WLS_DHS_11,0.0,0.0,Green - Normal,90
2024-07-18 01:00:00,WLS_CHN_12,SENS_WLS_CHN_12,0.0,0.0,Green - Normal,88
2024-07-18 01:00:00,WLS_WRL_13,SENS_WLS_WRL_13,0.0,0.0,Green - Normal,94
2024-07-18 01:00:00,WLS_BYC_14,SENS_WLS_BYC_14,0.0,0.0,Green - Normal,94
2024-07-18 01:00:00,WLS_MNK_15,SENS_WLS_MNK_15,0.0,0.0,Green - Normal,89
2024-07-18 02:00:00,WLS_HND_01,SENS_WLS_HND_01,36.0,0.26,Amber Alert - Waterlogging,95
2024-07-18 02:00:00,WLS_GND_02,SENS_WLS_GND_02,36.2,0.68,Amber Alert - Waterlogging,89
2024-07-18 02:00:00,WLS_MLN_03,SENS_WLS_MLN_03,50.1,0.33,Red Alert - Inundated,88
2024-07-18 02:00:00,WLS_AND_04,SENS_WLS_AND_04,61.5,0.47,Red Alert - Inundated,88
2024-07-18 02:00:00,WLS_KHR_05,SENS_WLS_KHR_05,49.9,0.38,Red Alert - Inundated,97
2024-07-18 02:00:00,WLS_KRL_06,SENS_WLS_KRL_06,27.7,0.14,Amber Alert - Waterlogging,96
2024-07-18 02:00:00,WLS_SIO_07,SENS_WLS_SIO_07,28.0,0.4,Amber Alert - Waterlogging,97
2024-07-18 02:00:00,WLS_DDR_08,SENS_WLS_DDR_08,16.3,0.93,Amber Alert - Waterlogging,90
2024-07-18 02:00:00,WLS_CHM_09,SENS_WLS_CHM_09,12.4,0.25,Green - Normal,100
2024-07-18 02:00:00,WLS_MLD_10,SENS_WLS_MLD_10,44.3,0.4,Amber Alert - Waterlogging,94
2024-07-18 02:00:00,WLS_DHS_11,SENS_WLS_DHS_11,45.7,0.98,Red Alert - Inundated,94
2024-07-18 02:00:00,WLS_CHN_12,SENS_WLS_CHN_12,34.6,0.98,Amber Alert - Waterlogging,98
2024-07-18 02:00:00,WLS_WRL_13,SENS_WLS_WRL_13,9.1,0.16,Green - Normal,95
2024-07-18 02:00:00,WLS_BYC_14,SENS_WLS_BYC_14,25.8,0.72,Amber Alert - Waterlogging,92
2024-07-18 02:00:00,WLS_MNK_15,SENS_WLS_MNK_15,36.9,0.45,Amber Alert - Waterlogging,92
2024-07-18 03:00:00,WLS_HND_01,SENS_WLS_HND_01,0.0,0.0,Green - Normal,99
2024-07-18 03:00:00,WLS_GND_02,SENS_WLS_GND_02,0.0,0.0,Green - Normal,94
2024-07-18 03:00:00,WLS_MLN_03,SENS_WLS_MLN_03,0.0,0.0,Green - Normal,91
2024-07-18 03:00:00,WLS_AND_04,SENS_WLS_AND_04,0.0,0.0,Green - Normal,95
2024-07-18 03:00:00,WLS_KHR_05,SENS_WLS_KHR_05,0.0,0.0,Green - Normal,93
2024-07-18 03:00:00,WLS_KRL_06,SENS_WLS_KRL_06,0.0,0.0,Green - Normal,100
2024-07-18 03:00:00,WLS_SIO_07,SENS_WLS_SIO_07,0.0,0.0,Green - Normal,92
2024-07-18 03:00:00,WLS_DDR_08,SENS_WLS_DDR_08,0.0,0.0,Green - Normal,92
2024-07-18 03:00:00,WLS_CHM_09,SENS_WLS_CHM_09,0.0,0.0,Green - Normal,92
2024-07-18 03:00:00,WLS_MLD_10,SENS_WLS_MLD_10,0.0,0.0,Green - Normal,88
2024-07-18 03:00:00,WLS_DHS_11,SENS_WLS_DHS_11,0.0,0.0,Green - Normal,97
2024-07-18 03:00:00,WLS_CHN_12,SENS_WLS_CHN_12,0.0,0.0,Green - Normal,92
2024-07-18 03:00:00,WLS_WRL_13,SENS_WLS_WRL_13,0.0,0.0,Green - Normal,99
2024-07-18 03:00:00,WLS_BYC_14,SENS_WLS_BYC_14,0.0,0.0,Green - Normal,92
2024-07-18 03:00:00,WLS_MNK_15,SENS_WLS_MNK_15,0.0,0.0,Green - Normal,93
2024-07-18 04:00:00,WLS_HND_01,SENS_WLS_HND_01,0.0,0.0,Green - Normal,97
2024-07-18 04:00:00,WLS_GND_02,SENS_WLS_GND_02,0.0,0.0,Green - Normal,93
2024-07-18 04:00:00,WLS_MLN_03,SENS_WLS_MLN_03,0.0,0.0,Green - Normal,98
2024-07-18 04:00:00,WLS_AND_04,SENS_WLS_AND_04,0.0,0.0,Green - Normal,99
2024-07-18 04:00:00,WLS_KHR_05,SENS_WLS_KHR_05,0.0,0.0,Green - Normal,91
2024-07-18 04:00:00,WLS_KRL_06,SENS_WLS_KRL_06,0.0,0.0,Green - Normal,94
2024-07-18 04:00:00,WLS_SIO_07,SENS_WLS_SIO_07,0.0,0.0,Green - Normal,92
2024-07-18 04:00:00,WLS_DDR_08,SENS_WLS_DDR_08,0.0,0.0,Green - Normal,95
2024-07-18 04:00:00,WLS_CHM_09,SENS_WLS_CHM_09,0.0,0.0,Green - Normal,93
2024-07-18 04:00:00,WLS_MLD_10,SENS_WLS_MLD_10,0.0,0.0,Green - Normal,93
2024-07-18 04:00:00,WLS_DHS_11,SENS_WLS_DHS_11,0.0,0.0,Green - Normal,97
2024-07-18 04:00:00,WLS_CHN_12,SENS_WLS_CHN_12,0.0,0.0,Green - Normal,94
2024-07-18 04:00:00,WLS_WRL_13,SENS_WLS_WRL_13,0.0,0.0,Green - Normal,91
2024-07-18 04:00:00,WLS_BYC_14,SENS_WLS_BYC_14,0.0,0.0,Green - Normal,93
2024-07-18 04:00:00,WLS_MNK_15,SENS_WLS_MNK_15,0.0,0.0,Green - Normal,88
2024-07-18 05:00:00,WLS_HND_01,SENS_WLS_HND_01,0.0,0.0,Green - Normal,94
2024-07-18 05:00:00,WLS_GND_02,SENS_WLS_GND_02,0.0,0.0,Green - Normal,88
2024-07-18 05:00:00,WLS_MLN_03,SENS_WLS_MLN_03,0.0,0.0,Green - Normal,94
2024-07-18 05:00:00,WLS_AND_04,SENS_WLS_AND_04,3.4,0.0,Green - Normal,92
2024-07-18 05:00:00,WLS_KHR_05,SENS_WLS_KHR_05,0.4,0.0,Green - Normal,92
2024-07-18 05:00:00,WLS_KRL_06,SENS_WLS_KRL_06,0.0,0.0,Green - Normal,98
2024-07-18 05:00:00,WLS_SIO_07,SENS_WLS_SIO_07,0.0,0.0,Green - Normal,90
2024-07-18 05:00:00,WLS_DDR_08,SENS_WLS_DDR_08,0.0,0.0,Green - Normal,96
2024-07-18 05:00:00,WLS_CHM_09,SENS_WLS_CHM_09,0.0,0.0,Green - Normal,95
2024-07-18 05:00:00,WLS_MLD_10,SENS_WLS_MLD_10,0.2,0.0,Green - Normal,95
2024-07-18 05:00:00,WLS_DHS_11,SENS_WLS_DHS_11,0.0,0.0,Green - Normal,90
2024-07-18 05:00:00,WLS_CHN_12,SENS_WLS_CHN_12,0.0,0.0,Green - Normal,99
2024-07-18 05:00:00,WLS_WRL_13,SENS_WLS_WRL_13,0.0,0.0,Green - Normal,89
2024-07-18 05:00:00,WLS_BYC_14,SENS_WLS_BYC_14,0.0,0.0,Green - Normal,97
2024-07-18 05:00:00,WLS_MNK_15,SENS_WLS_MNK_15,0.0,0.0,Green - Normal,95
2024-07-18 06:00:00,WLS_HND_01,SENS_WLS_HND_01,0.0,0.0,Green - Normal,95
2024-07-18 06:00:00,WLS_GND_02,SENS_WLS_GND_02,0.0,0.0,Green - Normal,100
2024-07-18 06:00:00,WLS_MLN_03,SENS_WLS_MLN_03,0.0,0.0,Green - Normal,98
2024-07-18 06:00:00,WLS_AND_04,SENS_WLS_AND_04,0.0,0.0,Green - Normal,98
2024-07-18 06:00:00,WLS_KHR_05,SENS_WLS_KHR_05,0.0,0.0,Green - Normal,97
2024-07-18 06:00:00,WLS_KRL_06,SENS_WLS_KRL_06,0.0,0.0,Green - Normal,95
2024-07-18 06:00:00,WLS_SIO_07,SENS_WLS_SIO_07,0.0,0.0,Green - Normal,93
2024-07-18 06:00:00,WLS_DDR_08,SENS_WLS_DDR_08,0.0,0.0,Green - Normal,89
2024-07-18 06:00:00,WLS_CHM_09,SENS_WLS_CHM_09,0.0,0.0,Green - Normal,97
2024-07-18 06:00:00,WLS_MLD_10,SENS_WLS_MLD_10,0.0,0.0,Green - Normal,95
2024-07-18 06:00:00,WLS_DHS_11,SENS_WLS_DHS_11,0.0,0.0,Green - Normal,93
2024-07-18 06:00:00,WLS_CHN_12,SENS_WLS_CHN_12,0.0,0.0,Green - Normal,94
2024-07-18 06:00:00,WLS_WRL_13,SENS_WLS_WRL_13,0.0,0.0,Green - Normal,99
2024-07-18 06:00:00,WLS_BYC_14,SENS_WLS_BYC_14,0.0,0.0,Green - Normal,95
2024-07-18 06:00:00,WLS_MNK_15,SENS_WLS_MNK_15,0.0,0.0,Green - Normal,92
2024-07-18 07:00:00,WLS_HND_01,SENS_WLS_HND_01,0.0,0.0,Green - Normal,99
2024-07-18 07:00:00,WLS_GND_02,SENS_WLS_GND_02,4.1,0.0,Green - Normal,94
2024-07-18 07:00:00,WLS_MLN_03,SENS_WLS_MLN_03,7.4,0.91,Green - Normal,95
2024-07-18 07:00:00,WLS_AND_04,SENS_WLS_AND_04,12.2,1.3,Green - Normal,91
2024-07-18 07:00:00,WLS_KHR_05,SENS_WLS_KHR_05,5.1,0.45,Green - Normal,94
2024-07-18 07:00:00,WLS_KRL_06,SENS_WLS_KRL_06,2.6,0.0,Green - Normal,94
2024-07-18 07:00:00,WLS_SIO_07,SENS_WLS_SIO_07,0.0,0.0,Green - Normal,90
2024-07-18 07:00:00,WLS_DDR_08,SENS_WLS_DDR_08,0.0,0.0,Green - Normal,88
2024-07-18 07:00:00,WLS_CHM_09,SENS_WLS_CHM_09,0.0,0.0,Green - Normal,91
2024-07-18 07:00:00,WLS_MLD_10,SENS_WLS_MLD_10,4.0,0.0,Green - Normal,91
2024-07-18 07:00:00,WLS_DHS_11,SENS_WLS_DHS_11,8.8,0.37,Green - Normal,92
2024-07-18 07:00:00,WLS_CHN_12,SENS_WLS_CHN_12,4.3,0.0,Green - Normal,97
2024-07-18 07:00:00,WLS_WRL_13,SENS_WLS_WRL_13,0.0,0.0,Green - Normal,97
2024-07-18 07:00:00,WLS_BYC_14,SENS_WLS_BYC_14,0.0,0.0,Green - Normal,88
2024-07-18 07:00:00,WLS_MNK_15,SENS_WLS_MNK_15,0.0,0.0,Green - Normal,91
2024-07-18 08:00:00,WLS_HND_01,SENS_WLS_HND_01,0.0,0.0,Green - Normal,94
2024-07-18 08:00:00,WLS_GND_02,SENS_WLS_GND_02,0.0,0.0,Green - Normal,92
2024-07-18 08:00:00,WLS_MLN_03,SENS_WLS_MLN_03,0.0,0.0,Green - Normal,95
2024-07-18 08:00:00,WLS_AND_04,SENS_WLS_AND_04,0.0,0.0,Green - Normal,99
2024-07-18 08:00:00,WLS_KHR_05,SENS_WLS_KHR_05,0.0,0.0,Green - Normal,96
2024-07-18 08:00:00,WLS_KRL_06,SENS_WLS_KRL_06,0.0,0.0,Green - Normal,91
2024-07-18 08:00:00,WLS_SIO_07,SENS_WLS_SIO_07,0.0,0.0,Green - Normal,90
2024-07-18 08:00:00,WLS_DDR_08,SENS_WLS_DDR_08,0.0,0.0,Green - Normal,96
2024-07-18 08:00:00,WLS_CHM_09,SENS_WLS_CHM_09,0.0,0.0,Green - Normal,89
2024-07-18 08:00:00,WLS_MLD_10,SENS_WLS_MLD_10,0.0,0.0,Green - Normal,91
2024-07-18 08:00:00,WLS_DHS_11,SENS_WLS_DHS_11,0.0,0.0,Green - Normal,96
2024-07-18 08:00:00,WLS_CHN_12,SENS_WLS_CHN_12,0.0,0.0,Green - Normal,94
2024-07-18 08:00:00,WLS_WRL_13,SENS_WLS_WRL_13,0.0,0.0,Green - Normal,88
2024-07-18 08:00:00,WLS_BYC_14,SENS_WLS_BYC_14,0.0,0.0,Green - Normal,91
2024-07-18 08:00:00,WLS_MNK_15,SENS_WLS_MNK_15,0.0,0.0,Green - Normal,97
2024-07-18 09:00:00,WLS_HND_01,SENS_WLS_HND_01,0.0,0.0,Green - Normal,90
2024-07-18 09:00:00,WLS_GND_02,SENS_WLS_GND_02,0.0,0.0,Green - Normal,97
2024-07-18 09:00:00,WLS_MLN_03,SENS_WLS_MLN_03,0.0,0.0,Green - Normal,94
2024-07-18 09:00:00,WLS_AND_04,SENS_WLS_AND_04,0.0,0.0,Green - Normal,90
2024-07-18 09:00:00,WLS_KHR_05,SENS_WLS_KHR_05,0.0,0.0,Green - Normal,97
2024-07-18 09:00:00,WLS_KRL_06,SENS_WLS_KRL_06,0.0,0.0,Green - Normal,89
2024-07-18 09:00:00,WLS_SIO_07,SENS_WLS_SIO_07,0.0,0.0,Green - Normal,97
2024-07-18 09:00:00,WLS_DDR_08,SENS_WLS_DDR_08,0.0,0.0,Green - Normal,93
2024-07-18 09:00:00,WLS_CHM_09,SENS_WLS_CHM_09,0.0,0.0,Green - Normal,93
2024-07-18 09:00:00,WLS_MLD_10,SENS_WLS_MLD_10,0.0,0.0,Green - Normal,88
2024-07-18 09:00:00,WLS_DHS_11,SENS_WLS_DHS_11,0.0,0.0,Green - Normal,95
2024-07-18 09:00:00,WLS_CHN_12,SENS_WLS_CHN_12,0.0,0.0,Green - Normal,98
2024-07-18 09:00:00,WLS_WRL_13,SENS_WLS_WRL_13,0.0,0.0,Green - Normal,100
2024-07-18 09:00:00,WLS_BYC_14,SENS_WLS_BYC_14,0.0,0.0,Green - Normal,97
2024-07-18 09:00:00,WLS_MNK_15,SENS_WLS_MNK_15,0.0,0.0,Green - Normal,97
2024-07-18 10:00:00,WLS_HND_01,SENS_WLS_HND_01,0.0,0.0,Green - Normal,93
2024-07-18 10:00:00,WLS_GND_02,SENS_WLS_GND_02,0.0,0.0,Green - Normal,88
2024-07-18 10:00:00,WLS_MLN_03,SENS_WLS_MLN_03,0.0,0.0,Green - Normal,88
2024-07-18 10:00:00,WLS_AND_04,SENS_WLS_AND_04,0.0,0.0,Green - Normal,99
2024-07-18 10:00:00,WLS_KHR_05,SENS_WLS_KHR_05,0.0,0.0,Green - Normal,89
2024-07-18 10:00:00,WLS_KRL_06,SENS_WLS_KRL_06,0.0,0.0,Green - Normal,92
2024-07-18 10:00:00,WLS_SIO_07,SENS_WLS_SIO_07,0.0,0.0,Green - Normal,90
2024-07-18 10:00:00,WLS_DDR_08,SENS_WLS_DDR_08,0.0,0.0,Green - Normal,97
2024-07-18 10:00:00,WLS_CHM_09,SENS_WLS_CHM_09,0.0,0.0,Green - Normal,89
2024-07-18 10:00:00,WLS_MLD_10,SENS_WLS_MLD_10,0.0,0.0,Green - Normal,97
2024-07-18 10:00:00,WLS_DHS_11,SENS_WLS_DHS_11,0.0,0.0,Green - Normal,97
2024-07-18 10:00:00,WLS_CHN_12,SENS_WLS_CHN_12,0.0,0.0,Green - Normal,99
2024-07-18 10:00:00,WLS_WRL_13,SENS_WLS_WRL_13,0.0,0.0,Green - Normal,92
2024-07-18 10:00:00,WLS_BYC_14,SENS_WLS_BYC_14,0.0,0.0,Green - Normal,96
2024-07-18 10:00:00,WLS_MNK_15,SENS_WLS_MNK_15,0.0,0.0,Green - Normal,91
2024-07-18 11:00:00,WLS_HND_01,SENS_WLS_HND_01,4.2,0.0,Green - Normal,91
2024-07-18 11:00:00,WLS_GND_02,SENS_WLS_GND_02,3.9,0.0,Green - Normal,90
2024-07-18 11:00:00,WLS_MLN_03,SENS_WLS_MLN_03,9.2,1.14,Green - Normal,96
2024-07-18 11:00:00,WLS_AND_04,SENS_WLS_AND_04,14.5,0.51,Green - Normal,94
2024-07-18 11:00:00,WLS_KHR_05,SENS_WLS_KHR_05,10.0,0.53,Green - Normal,90
2024-07-18 11:00:00,WLS_KRL_06,SENS_WLS_KRL_06,7.3,0.19,Green - Normal,96
2024-07-18 11:00:00,WLS_SIO_07,SENS_WLS_SIO_07,0.5,0.0,Green - Normal,90
2024-07-18 11:00:00,WLS_DDR_08,SENS_WLS_DDR_08,2.8,0.0,Green - Normal,97
2024-07-18 11:00:00,WLS_CHM_09,SENS_WLS_CHM_09,1.3,0.0,Green - Normal,89
2024-07-18 11:00:00,WLS_MLD_10,SENS_WLS_MLD_10,11.7,0.44,Green - Normal,90
2024-07-18 11:00:00,WLS_DHS_11,SENS_WLS_DHS_11,7.9,0.65,Green - Normal,97
2024-07-18 11:00:00,WLS_CHN_12,SENS_WLS_CHN_12,9.3,0.93,Green - Normal,97
2024-07-18 11:00:00,WLS_WRL_13,SENS_WLS_WRL_13,0.0,0.0,Green - Normal,100
2024-07-18 11:00:00,WLS_BYC_14,SENS_WLS_BYC_14,2.0,0.0,Green - Normal,100
2024-07-18 11:00:00,WLS_MNK_15,SENS_WLS_MNK_15,4.2,0.0,Green - Normal,90
2024-07-18 12:00:00,WLS_HND_01,SENS_WLS_HND_01,0.0,0.0,Green - Normal,97
2024-07-18 12:00:00,WLS_GND_02,SENS_WLS_GND_02,0.0,0.0,Green - Normal,99
2024-07-18 12:00:00,WLS_MLN_03,SENS_WLS_MLN_03,0.0,0.0,Green - Normal,93
2024-07-18 12:00:00,WLS_AND_04,SENS_WLS_AND_04,0.0,0.0,Green - Normal,96
2024-07-18 12:00:00,WLS_KHR_05,SENS_WLS_KHR_05,0.0,0.0,Green - Normal,92
2024-07-18 12:00:00,WLS_KRL_06,SENS_WLS_KRL_06,0.0,0.0,Green - Normal,95
2024-07-18 12:00:00,WLS_SIO_07,SENS_WLS_SIO_07,0.0,0.0,Green - Normal,98
2024-07-18 12:00:00,WLS_DDR_08,SENS_WLS_DDR_08,0.0,0.0,Green - Normal,98
2024-07-18 12:00:00,WLS_CHM_09,SENS_WLS_CHM_09,0.0,0.0,Green - Normal,100
2024-07-18 12:00:00,WLS_MLD_10,SENS_WLS_MLD_10,0.0,0.0,Green - Normal,99
2024-07-18 12:00:00,WLS_DHS_11,SENS_WLS_DHS_11,0.0,0.0,Green - Normal,94
2024-07-18 12:00:00,WLS_CHN_12,SENS_WLS_CHN_12,0.0,0.0,Green - Normal,94
2024-07-18 12:00:00,WLS_WRL_13,SENS_WLS_WRL_13,0.0,0.0,Green - Normal,96
2024-07-18 12:00:00,WLS_BYC_14,SENS_WLS_BYC_14,0.0,0.0,Green - Normal,93
2024-07-18 12:00:00,WLS_MNK_15,SENS_WLS_MNK_15,0.0,0.0,Green - Normal,92
2024-07-18 13:00:00,WLS_HND_01,SENS_WLS_HND_01,0.0,0.0,Green - Normal,93
2024-07-18 13:00:00,WLS_GND_02,SENS_WLS_GND_02,0.0,0.0,Green - Normal,93
2024-07-18 13:00:00,WLS_MLN_03,SENS_WLS_MLN_03,0.0,0.0,Green - Normal,97
2024-07-18 13:00:00,WLS_AND_04,SENS_WLS_AND_04,0.0,0.0,Green - Normal,95
2024-07-18 13:00:00,WLS_KHR_05,SENS_WLS_KHR_05,0.0,0.0,Green - Normal,97
2024-07-18 13:00:00,WLS_KRL_06,SENS_WLS_KRL_06,0.0,0.0,Green - Normal,92
2024-07-18 13:00:00,WLS_SIO_07,SENS_WLS_SIO_07,0.0,0.0,Green - Normal,96
2024-07-18 13:00:00,WLS_DDR_08,SENS_WLS_DDR_08,0.0,0.0,Green - Normal,100
2024-07-18 13:00:00,WLS_CHM_09,SENS_WLS_CHM_09,0.0,0.0,Green - Normal,96
2024-07-18 13:00:00,WLS_MLD_10,SENS_WLS_MLD_10,0.0,0.0,Green - Normal,90
2024-07-18 13:00:00,WLS_DHS_11,SENS_WLS_DHS_11,0.0,0.0,Green - Normal,100
2024-07-18 13:00:00,WLS_CHN_12,SENS_WLS_CHN_12,0.0,0.0,Green - Normal,95
2024-07-18 13:00:00,WLS_WRL_13,SENS_WLS_WRL_13,0.0,0.0,Green - Normal,92
2024-07-18 13:00:00,WLS_BYC_14,SENS_WLS_BYC_14,0.0,0.0,Green - Normal,97
2024-07-18 13:00:00,WLS_MNK_15,SENS_WLS_MNK_15,0.0,0.0,Green - Normal,92
2024-07-18 14:00:00,WLS_HND_01,SENS_WLS_HND_01,0.0,0.0,Green - Normal,95
2024-07-18 14:00:00,WLS_GND_02,SENS_WLS_GND_02,0.0,0.0,Green - Normal,99
2024-07-18 14:00:00,WLS_MLN_03,SENS_WLS_MLN_03,0.0,0.0,Green - Normal,90
2024-07-18 14:00:00,WLS_AND_04,SENS_WLS_AND_04,0.0,0.0,Green - Normal,91
2024-07-18 14:00:00,WLS_KHR_05,SENS_WLS_KHR_05,0.0,0.0,Green - Normal,95
2024-07-18 14:00:00,WLS_KRL_06,SENS_WLS_KRL_06,0.0,0.0,Green - Normal,91
2024-07-18 14:00:00,WLS_SIO_07,SENS_WLS_SIO_07,0.0,0.0,Green - Normal,93
2024-07-18 14:00:00,WLS_DDR_08,SENS_WLS_DDR_08,0.0,0.0,Green - Normal,95
2024-07-18 14:00:00,WLS_CHM_09,SENS_WLS_CHM_09,0.0,0.0,Green - Normal,100
2024-07-18 14:00:00,WLS_MLD_10,SENS_WLS_MLD_10,0.0,0.0,Green - Normal,99
2024-07-18 14:00:00,WLS_DHS_11,SENS_WLS_DHS_11,0.0,0.0,Green - Normal,99
2024-07-18 14:00:00,WLS_CHN_12,SENS_WLS_CHN_12,0.0,0.0,Green - Normal,100
2024-07-18 14:00:00,WLS_WRL_13,SENS_WLS_WRL_13,0.0,0.0,Green - Normal,97
2024-07-18 14:00:00,WLS_BYC_14,SENS_WLS_BYC_14,0.0,0.0,Green - Normal,92
2024-07-18 14:00:00,WLS_MNK_15,SENS_WLS_MNK_15,0.0,0.0,Green - Normal,100
2024-07-18 15:00:00,WLS_HND_01,SENS_WLS_HND_01,0.0,0.0,Green - Normal,94
2024-07-18 15:00:00,WLS_GND_02,SENS_WLS_GND_02,0.0,0.0,Green - Normal,96
2024-07-18 15:00:00,WLS_MLN_03,SENS_WLS_MLN_03,0.0,0.0,Green - Normal,94
2024-07-18 15:00:00,WLS_AND_04,SENS_WLS_AND_04,0.0,0.0,Green - Normal,94
2024-07-18 15:00:00,WLS_KHR_05,SENS_WLS_KHR_05,0.0,0.0,Green - Normal,98
2024-07-18 15:00:00,WLS_KRL_06,SENS_WLS_KRL_06,0.0,0.0,Green - Normal,97
2024-07-18 15:00:00,WLS_SIO_07,SENS_WLS_SIO_07,0.0,0.0,Green - Normal,100
2024-07-18 15:00:00,WLS_DDR_08,SENS_WLS_DDR_08,0.0,0.0,Green - Normal,93
2024-07-18 15:00:00,WLS_CHM_09,SENS_WLS_CHM_09,0.0,0.0,Green - Normal,93
2024-07-18 15:00:00,WLS_MLD_10,SENS_WLS_MLD_10,0.0,0.0,Green - Normal,96
2024-07-18 15:00:00,WLS_DHS_11,SENS_WLS_DHS_11,0.0,0.0,Green - Normal,88
2024-07-18 15:00:00,WLS_CHN_12,SENS_WLS_CHN_12,0.0,0.0,Green - Normal,100
2024-07-18 15:00:00,WLS_WRL_13,SENS_WLS_WRL_13,0.0,0.0,Green - Normal,90
2024-07-18 15:00:00,WLS_BYC_14,SENS_WLS_BYC_14,0.0,0.0,Green - Normal,95
2024-07-18 15:00:00,WLS_MNK_15,SENS_WLS_MNK_15,0.0,0.0,Green - Normal,99
2024-07-18 16:00:00,WLS_HND_01,SENS_WLS_HND_01,0.0,0.0,Green - Normal,94
2024-07-18 16:00:00,WLS_GND_02,SENS_WLS_GND_02,0.0,0.0,Green - Normal,96
2024-07-18 16:00:00,WLS_MLN_03,SENS_WLS_MLN_03,0.0,0.0,Green - Normal,95
2024-07-18 16:00:00,WLS_AND_04,SENS_WLS_AND_04,0.0,0.0,Green - Normal,96
2024-07-18 16:00:00,WLS_KHR_05,SENS_WLS_KHR_05,0.0,0.0,Green - Normal,91
2024-07-18 16:00:00,WLS_KRL_06,SENS_WLS_KRL_06,0.0,0.0,Green - Normal,88
2024-07-18 16:00:00,WLS_SIO_07,SENS_WLS_SIO_07,0.0,0.0,Green - Normal,100
2024-07-18 16:00:00,WLS_DDR_08,SENS_WLS_DDR_08,0.0,0.0,Green - Normal,91
2024-07-18 16:00:00,WLS_CHM_09,SENS_WLS_CHM_09,0.0,0.0,Green - Normal,100
2024-07-18 16:00:00,WLS_MLD_10,SENS_WLS_MLD_10,0.0,0.0,Green - Normal,97
2024-07-18 16:00:00,WLS_DHS_11,SENS_WLS_DHS_11,0.0,0.0,Green - Normal,88
2024-07-18 16:00:00,WLS_CHN_12,SENS_WLS_CHN_12,0.0,0.0,Green - Normal,100
2024-07-18 16:00:00,WLS_WRL_13,SENS_WLS_WRL_13,0.0,0.0,Green - Normal,93
2024-07-18 16:00:00,WLS_BYC_14,SENS_WLS_BYC_14,0.0,0.0,Green - Normal,95
2024-07-18 16:00:00,WLS_MNK_15,SENS_WLS_MNK_15,0.0,0.0,Green - Normal,89
2024-07-18 17:00:00,WLS_HND_01,SENS_WLS_HND_01,0.0,0.0,Green - Normal,92
2024-07-18 17:00:00,WLS_GND_02,SENS_WLS_GND_02,0.0,0.0,Green - Normal,89
2024-07-18 17:00:00,WLS_MLN_03,SENS_WLS_MLN_03,0.0,0.0,Green - Normal,94
2024-07-18 17:00:00,WLS_AND_04,SENS_WLS_AND_04,0.0,0.0,Green - Normal,93
2024-07-18 17:00:00,WLS_KHR_05,SENS_WLS_KHR_05,0.0,0.0,Green - Normal,91
2024-07-18 17:00:00,WLS_KRL_06,SENS_WLS_KRL_06,0.0,0.0,Green - Normal,91
2024-07-18 17:00:00,WLS_SIO_07,SENS_WLS_SIO_07,0.0,0.0,Green - Normal,95
2024-07-18 17:00:00,WLS_DDR_08,SENS_WLS_DDR_08,0.0,0.0,Green - Normal,93
2024-07-18 17:00:00,WLS_CHM_09,SENS_WLS_CHM_09,0.0,0.0,Green - Normal,88
2024-07-18 17:00:00,WLS_MLD_10,SENS_WLS_MLD_10,0.0,0.0,Green - Normal,92
2024-07-18 17:00:00,WLS_DHS_11,SENS_WLS_DHS_11,0.0,0.0,Green - Normal,88
2024-07-18 17:00:00,WLS_CHN_12,SENS_WLS_CHN_12,0.0,0.0,Green - Normal,99
2024-07-18 17:00:00,WLS_WRL_13,SENS_WLS_WRL_13,0.0,0.0,Green - Normal,94
2024-07-18 17:00:00,WLS_BYC_14,SENS_WLS_BYC_14,0.0,0.0,Green - Normal,100
2024-07-18 17:00:00,WLS_MNK_15,SENS_WLS_MNK_15,0.0,0.0,Green - Normal,97
2024-07-18 18:00:00,WLS_HND_01,SENS_WLS_HND_01,0.0,0.0,Green - Normal,96
2024-07-18 18:00:00,WLS_GND_02,SENS_WLS_GND_02,0.0,0.0,Green - Normal,92
2024-07-18 18:00:00,WLS_MLN_03,SENS_WLS_MLN_03,0.0,0.0,Green - Normal,92
2024-07-18 18:00:00,WLS_AND_04,SENS_WLS_AND_04,0.0,0.0,Green - Normal,93
2024-07-18 18:00:00,WLS_KHR_05,SENS_WLS_KHR_05,0.0,0.0,Green - Normal,91
2024-07-18 18:00:00,WLS_KRL_06,SENS_WLS_KRL_06,0.0,0.0,Green - Normal,95
2024-07-18 18:00:00,WLS_SIO_07,SENS_WLS_SIO_07,0.0,0.0,Green - Normal,97
2024-07-18 18:00:00,WLS_DDR_08,SENS_WLS_DDR_08,0.0,0.0,Green - Normal,100
2024-07-18 18:00:00,WLS_CHM_09,SENS_WLS_CHM_09,0.0,0.0,Green - Normal,89
2024-07-18 18:00:00,WLS_MLD_10,SENS_WLS_MLD_10,0.0,0.0,Green - Normal,94
2024-07-18 18:00:00,WLS_DHS_11,SENS_WLS_DHS_11,0.0,0.0,Green - Normal,91
2024-07-18 18:00:00,WLS_CHN_12,SENS_WLS_CHN_12,0.0,0.0,Green - Normal,92
2024-07-18 18:00:00,WLS_WRL_13,SENS_WLS_WRL_13,0.0,0.0,Green - Normal,94
2024-07-18 18:00:00,WLS_BYC_14,SENS_WLS_BYC_14,0.0,0.0,Green - Normal,97
2024-07-18 18:00:00,WLS_MNK_15,SENS_WLS_MNK_15,0.0,0.0,Green - Normal,90
2024-07-18 19:00:00,WLS_HND_01,SENS_WLS_HND_01,0.0,0.0,Green - Normal,90
2024-07-18 19:00:00,WLS_GND_02,SENS_WLS_GND_02,0.0,0.0,Green - Normal,97
2024-07-18 19:00:00,WLS_MLN_03,SENS_WLS_MLN_03,0.0,0.0,Green - Normal,90
2024-07-18 19:00:00,WLS_AND_04,SENS_WLS_AND_04,0.0,0.0,Green - Normal,89
2024-07-18 19:00:00,WLS_KHR_05,SENS_WLS_KHR_05,0.0,0.0,Green - Normal,89
2024-07-18 19:00:00,WLS_KRL_06,SENS_WLS_KRL_06,0.0,0.0,Green - Normal,100
2024-07-18 19:00:00,WLS_SIO_07,SENS_WLS_SIO_07,0.0,0.0,Green - Normal,97
2024-07-18 19:00:00,WLS_DDR_08,SENS_WLS_DDR_08,0.0,0.0,Green - Normal,92
2024-07-18 19:00:00,WLS_CHM_09,SENS_WLS_CHM_09,0.0,0.0,Green - Normal,97
2024-07-18 19:00:00,WLS_MLD_10,SENS_WLS_MLD_10,0.0,0.0,Green - Normal,98
2024-07-18 19:00:00,WLS_DHS_11,SENS_WLS_DHS_11,0.0,0.0,Green - Normal,99
2024-07-18 19:00:00,WLS_CHN_12,SENS_WLS_CHN_12,0.0,0.0,Green - Normal,93
2024-07-18 19:00:00,WLS_WRL_13,SENS_WLS_WRL_13,0.0,0.0,Green - Normal,93
2024-07-18 19:00:00,WLS_BYC_14,SENS_WLS_BYC_14,0.0,0.0,Green - Normal,94
2024-07-18 19:00:00,WLS_MNK_15,SENS_WLS_MNK_15,0.0,0.0,Green - Normal,90
2024-07-18 20:00:00,WLS_HND_01,SENS_WLS_HND_01,0.0,0.0,Green - Normal,88
2024-07-18 20:00:00,WLS_GND_02,SENS_WLS_GND_02,0.0,0.0,Green - Normal,91
2024-07-18 20:00:00,WLS_MLN_03,SENS_WLS_MLN_03,0.0,0.0,Green - Normal,95
2024-07-18 20:00:00,WLS_AND_04,SENS_WLS_AND_04,0.0,0.0,Green - Normal,99
2024-07-18 20:00:00,WLS_KHR_05,SENS_WLS_KHR_05,0.0,0.0,Green - Normal,94
2024-07-18 20:00:00,WLS_KRL_06,SENS_WLS_KRL_06,0.0,0.0,Green - Normal,97
2024-07-18 20:00:00,WLS_SIO_07,SENS_WLS_SIO_07,0.0,0.0,Green - Normal,97
2024-07-18 20:00:00,WLS_DDR_08,SENS_WLS_DDR_08,0.0,0.0,Green - Normal,96
2024-07-18 20:00:00,WLS_CHM_09,SENS_WLS_CHM_09,0.0,0.0,Green - Normal,98
2024-07-18 20:00:00,WLS_MLD_10,SENS_WLS_MLD_10,0.0,0.0,Green - Normal,97
2024-07-18 20:00:00,WLS_DHS_11,SENS_WLS_DHS_11,0.0,0.0,Green - Normal,89
2024-07-18 20:00:00,WLS_CHN_12,SENS_WLS_CHN_12,0.0,0.0,Green - Normal,98
2024-07-18 20:00:00,WLS_WRL_13,SENS_WLS_WRL_13,0.0,0.0,Green - Normal,97
2024-07-18 20:00:00,WLS_BYC_14,SENS_WLS_BYC_14,0.0,0.0,Green - Normal,99
2024-07-18 20:00:00,WLS_MNK_15,SENS_WLS_MNK_15,0.0,0.0,Green - Normal,93
2024-07-18 21:00:00,WLS_HND_01,SENS_WLS_HND_01,0.0,0.0,Green - Normal,97
2024-07-18 21:00:00,WLS_GND_02,SENS_WLS_GND_02,0.0,0.0,Green - Normal,94
2024-07-18 21:00:00,WLS_MLN_03,SENS_WLS_MLN_03,0.0,0.0,Green - Normal,93
2024-07-18 21:00:00,WLS_AND_04,SENS_WLS_AND_04,0.0,0.0,Green - Normal,89
2024-07-18 21:00:00,WLS_KHR_05,SENS_WLS_KHR_05,0.0,0.0,Green - Normal,93
2024-07-18 21:00:00,WLS_KRL_06,SENS_WLS_KRL_06,0.0,0.0,Green - Normal,91
2024-07-18 21:00:00,WLS_SIO_07,SENS_WLS_SIO_07,0.0,0.0,Green - Normal,99
2024-07-18 21:00:00,WLS_DDR_08,SENS_WLS_DDR_08,0.0,0.0,Green - Normal,94
2024-07-18 21:00:00,WLS_CHM_09,SENS_WLS_CHM_09,0.0,0.0,Green - Normal,88
2024-07-18 21:00:00,WLS_MLD_10,SENS_WLS_MLD_10,0.0,0.0,Green - Normal,91
2024-07-18 21:00:00,WLS_DHS_11,SENS_WLS_DHS_11,0.0,0.0,Green - Normal,99
2024-07-18 21:00:00,WLS_CHN_12,SENS_WLS_CHN_12,0.0,0.0,Green - Normal,100
2024-07-18 21:00:00,WLS_WRL_13,SENS_WLS_WRL_13,0.0,0.0,Green - Normal,97
2024-07-18 21:00:00,WLS_BYC_14,SENS_WLS_BYC_14,0.0,0.0,Green - Normal,100
2024-07-18 21:00:00,WLS_MNK_15,SENS_WLS_MNK_15,0.0,0.0,Green - Normal,97
2024-07-18 22:00:00,WLS_HND_01,SENS_WLS_HND_01,0.0,0.0,Green - Normal,93
2024-07-18 22:00:00,WLS_GND_02,SENS_WLS_GND_02,0.0,0.0,Green - Normal,93
2024-07-18 22:00:00,WLS_MLN_03,SENS_WLS_MLN_03,0.0,0.0,Green - Normal,92
2024-07-18 22:00:00,WLS_AND_04,SENS_WLS_AND_04,0.0,0.0,Green - Normal,100
2024-07-18 22:00:00,WLS_KHR_05,SENS_WLS_KHR_05,0.0,0.0,Green - Normal,98
2024-07-18 22:00:00,WLS_KRL_06,SENS_WLS_KRL_06,0.0,0.0,Green - Normal,89
2024-07-18 22:00:00,WLS_SIO_07,SENS_WLS_SIO_07,0.0,0.0,Green - Normal,97
2024-07-18 22:00:00,WLS_DDR_08,SENS_WLS_DDR_08,0.0,0.0,Green - Normal,96
2024-07-18 22:00:00,WLS_CHM_09,SENS_WLS_CHM_09,0.0,0.0,Green - Normal,89
2024-07-18 22:00:00,WLS_MLD_10,SENS_WLS_MLD_10,0.0,0.0,Green - Normal,88
2024-07-18 22:00:00,WLS_DHS_11,SENS_WLS_DHS_11,0.0,0.0,Green - Normal,98
2024-07-18 22:00:00,WLS_CHN_12,SENS_WLS_CHN_12,0.0,0.0,Green - Normal,89
2024-07-18 22:00:00,WLS_WRL_13,SENS_WLS_WRL_13,0.0,0.0,Green - Normal,88
2024-07-18 22:00:00,WLS_BYC_14,SENS_WLS_BYC_14,0.0,0.0,Green - Normal,96
2024-07-18 22:00:00,WLS_MNK_15,SENS_WLS_MNK_15,0.0,0.0,Green - Normal,88
2024-07-18 23:00:00,WLS_HND_01,SENS_WLS_HND_01,0.0,0.0,Green - Normal,94
2024-07-18 23:00:00,WLS_GND_02,SENS_WLS_GND_02,0.0,0.0,Green - Normal,91
2024-07-18 23:00:00,WLS_MLN_03,SENS_WLS_MLN_03,0.0,0.0,Green - Normal,88
2024-07-18 23:00:00,WLS_AND_04,SENS_WLS_AND_04,0.0,0.0,Green - Normal,92
2024-07-18 23:00:00,WLS_KHR_05,SENS_WLS_KHR_05,0.0,0.0,Green - Normal,99
2024-07-18 23:00:00,WLS_KRL_06,SENS_WLS_KRL_06,0.0,0.0,Green - Normal,97
2024-07-18 23:00:00,WLS_SIO_07,SENS_WLS_SIO_07,0.0,0.0,Green - Normal,100
2024-07-18 23:00:00,WLS_DDR_08,SENS_WLS_DDR_08,0.0,0.0,Green - Normal,97
2024-07-18 23:00:00,WLS_CHM_09,SENS_WLS_CHM_09,0.0,0.0,Green - Normal,89
2024-07-18 23:00:00,WLS_MLD_10,SENS_WLS_MLD_10,0.0,0.0,Green - Normal,90
2024-07-18 23:00:00,WLS_DHS_11,SENS_WLS_DHS_11,0.0,0.0,Green - Normal,99
2024-07-18 23:00:00,WLS_CHN_12,SENS_WLS_CHN_12,0.0,0.0,Green - Normal,90
2024-07-18 23:00:00,WLS_WRL_13,SENS_WLS_WRL_13,0.0,0.0,Green - Normal,99
2024-07-18 23:00:00,WLS_BYC_14,SENS_WLS_BYC_14,0.0,0.0,Green - Normal,96
2024-07-18 23:00:00,WLS_MNK_15,SENS_WLS_MNK_15,0.0,0.0,Green - Normal,92
2024-07-19 00:00:00,WLS_HND_01,SENS_WLS_HND_01,0.0,0.0,Green - Normal,98
2024-07-19 00:00:00,WLS_GND_02,SENS_WLS_GND_02,0.0,0.0,Green - Normal,92
2024-07-19 00:00:00,WLS_MLN_03,SENS_WLS_MLN_03,0.0,0.0,Green - Normal,93
2024-07-19 00:00:00,WLS_AND_04,SENS_WLS_AND_04,0.0,0.0,Green - Normal,97
2024-07-19 00:00:00,WLS_KHR_05,SENS_WLS_KHR_05,0.0,0.0,Green - Normal,95
2024-07-19 00:00:00,WLS_KRL_06,SENS_WLS_KRL_06,0.0,0.0,Green - Normal,88
2024-07-19 00:00:00,WLS_SIO_07,SENS_WLS_SIO_07,0.0,0.0,Green - Normal,94
2024-07-19 00:00:00,WLS_DDR_08,SENS_WLS_DDR_08,0.0,0.0,Green - Normal,91
2024-07-19 00:00:00,WLS_CHM_09,SENS_WLS_CHM_09,0.0,0.0,Green - Normal,91
2024-07-19 00:00:00,WLS_MLD_10,SENS_WLS_MLD_10,0.0,0.0,Green - Normal,93
2024-07-19 00:00:00,WLS_DHS_11,SENS_WLS_DHS_11,0.0,0.0,Green - Normal,95
2024-07-19 00:00:00,WLS_CHN_12,SENS_WLS_CHN_12,0.0,0.0,Green - Normal,91
2024-07-19 00:00:00,WLS_WRL_13,SENS_WLS_WRL_13,0.0,0.0,Green - Normal,97
2024-07-19 00:00:00,WLS_BYC_14,SENS_WLS_BYC_14,0.0,0.0,Green - Normal,90
2024-07-19 00:00:00,WLS_MNK_15,SENS_WLS_MNK_15,0.0,0.0,Green - Normal,99
2024-07-19 01:00:00,WLS_HND_01,SENS_WLS_HND_01,0.0,0.0,Green - Normal,97
2024-07-19 01:00:00,WLS_GND_02,SENS_WLS_GND_02,0.0,0.0,Green - Normal,93
2024-07-19 01:00:00,WLS_MLN_03,SENS_WLS_MLN_03,0.0,0.0,Green - Normal,90
2024-07-19 01:00:00,WLS_AND_04,SENS_WLS_AND_04,0.7,0.0,Green - Normal,93
2024-07-19 01:00:00,WLS_KHR_05,SENS_WLS_KHR_05,0.0,0.0,Green - Normal,97
2024-07-19 01:00:00,WLS_KRL_06,SENS_WLS_KRL_06,0.0,0.0,Green - Normal,90
2024-07-19 01:00:00,WLS_SIO_07,SENS_WLS_SIO_07,0.0,0.0,Green - Normal,96
2024-07-19 01:00:00,WLS_DDR_08,SENS_WLS_DDR_08,0.0,0.0,Green - Normal,94
2024-07-19 01:00:00,WLS_CHM_09,SENS_WLS_CHM_09,0.0,0.0,Green - Normal,91
2024-07-19 01:00:00,WLS_MLD_10,SENS_WLS_MLD_10,0.0,0.0,Green - Normal,100
2024-07-19 01:00:00,WLS_DHS_11,SENS_WLS_DHS_11,0.0,0.0,Green - Normal,99
2024-07-19 01:00:00,WLS_CHN_12,SENS_WLS_CHN_12,0.0,0.0,Green - Normal,95
2024-07-19 01:00:00,WLS_WRL_13,SENS_WLS_WRL_13,0.0,0.0,Green - Normal,90
2024-07-19 01:00:00,WLS_BYC_14,SENS_WLS_BYC_14,0.0,0.0,Green - Normal,96
2024-07-19 01:00:00,WLS_MNK_15,SENS_WLS_MNK_15,0.0,0.0,Green - Normal,97
2024-07-19 02:00:00,WLS_HND_01,SENS_WLS_HND_01,0.0,0.0,Green - Normal,89
2024-07-19 02:00:00,WLS_GND_02,SENS_WLS_GND_02,0.0,0.0,Green - Normal,92
2024-07-19 02:00:00,WLS_MLN_03,SENS_WLS_MLN_03,0.0,0.0,Green - Normal,92
2024-07-19 02:00:00,WLS_AND_04,SENS_WLS_AND_04,0.0,0.0,Green - Normal,94
2024-07-19 02:00:00,WLS_KHR_05,SENS_WLS_KHR_05,0.0,0.0,Green - Normal,90
2024-07-19 02:00:00,WLS_KRL_06,SENS_WLS_KRL_06,0.0,0.0,Green - Normal,100
2024-07-19 02:00:00,WLS_SIO_07,SENS_WLS_SIO_07,0.0,0.0,Green - Normal,95
2024-07-19 02:00:00,WLS_DDR_08,SENS_WLS_DDR_08,0.0,0.0,Green - Normal,93
2024-07-19 02:00:00,WLS_CHM_09,SENS_WLS_CHM_09,0.0,0.0,Green - Normal,93
2024-07-19 02:00:00,WLS_MLD_10,SENS_WLS_MLD_10,0.0,0.0,Green - Normal,94
2024-07-19 02:00:00,WLS_DHS_11,SENS_WLS_DHS_11,0.0,0.0,Green - Normal,97
2024-07-19 02:00:00,WLS_CHN_12,SENS_WLS_CHN_12,0.0,0.0,Green - Normal,95
2024-07-19 02:00:00,WLS_WRL_13,SENS_WLS_WRL_13,0.0,0.0,Green - Normal,92
2024-07-19 02:00:00,WLS_BYC_14,SENS_WLS_BYC_14,0.0,0.0,Green - Normal,95
2024-07-19 02:00:00,WLS_MNK_15,SENS_WLS_MNK_15,0.0,0.0,Green - Normal,98
2024-07-19 03:00:00,WLS_HND_01,SENS_WLS_HND_01,0.0,0.0,Green - Normal,95
2024-07-19 03:00:00,WLS_GND_02,SENS_WLS_GND_02,0.0,0.0,Green - Normal,97
2024-07-19 03:00:00,WLS_MLN_03,SENS_WLS_MLN_03,0.0,0.0,Green - Normal,90
2024-07-19 03:00:00,WLS_AND_04,SENS_WLS_AND_04,0.0,0.0,Green - Normal,96
2024-07-19 03:00:00,WLS_KHR_05,SENS_WLS_KHR_05,0.0,0.0,Green - Normal,96
2024-07-19 03:00:00,WLS_KRL_06,SENS_WLS_KRL_06,0.0,0.0,Green - Normal,89
2024-07-19 03:00:00,WLS_SIO_07,SENS_WLS_SIO_07,0.0,0.0,Green - Normal,91
2024-07-19 03:00:00,WLS_DDR_08,SENS_WLS_DDR_08,0.0,0.0,Green - Normal,91
2024-07-19 03:00:00,WLS_CHM_09,SENS_WLS_CHM_09,0.0,0.0,Green - Normal,99
2024-07-19 03:00:00,WLS_MLD_10,SENS_WLS_MLD_10,0.0,0.0,Green - Normal,96
2024-07-19 03:00:00,WLS_DHS_11,SENS_WLS_DHS_11,0.0,0.0,Green - Normal,97
2024-07-19 03:00:00,WLS_CHN_12,SENS_WLS_CHN_12,0.0,0.0,Green - Normal,90
2024-07-19 03:00:00,WLS_WRL_13,SENS_WLS_WRL_13,0.0,0.0,Green - Normal,97
2024-07-19 03:00:00,WLS_BYC_14,SENS_WLS_BYC_14,0.0,0.0,Green - Normal,89
2024-07-19 03:00:00,WLS_MNK_15,SENS_WLS_MNK_15,0.0,0.0,Green - Normal,95
2024-07-19 04:00:00,WLS_HND_01,SENS_WLS_HND_01,0.0,0.0,Green - Normal,95
2024-07-19 04:00:00,WLS_GND_02,SENS_WLS_GND_02,0.0,0.0,Green - Normal,91
2024-07-19 04:00:00,WLS_MLN_03,SENS_WLS_MLN_03,0.2,0.0,Green - Normal,99
2024-07-19 04:00:00,WLS_AND_04,SENS_WLS_AND_04,0.0,0.0,Green - Normal,94
2024-07-19 04:00:00,WLS_KHR_05,SENS_WLS_KHR_05,0.1,0.0,Green - Normal,96
2024-07-19 04:00:00,WLS_KRL_06,SENS_WLS_KRL_06,0.0,0.0,Green - Normal,92
2024-07-19 04:00:00,WLS_SIO_07,SENS_WLS_SIO_07,0.0,0.0,Green - Normal,88
2024-07-19 04:00:00,WLS_DDR_08,SENS_WLS_DDR_08,0.0,0.0,Green - Normal,88
2024-07-19 04:00:00,WLS_CHM_09,SENS_WLS_CHM_09,0.0,0.0,Green - Normal,100
2024-07-19 04:00:00,WLS_MLD_10,SENS_WLS_MLD_10,0.0,0.0,Green - Normal,89
2024-07-19 04:00:00,WLS_DHS_11,SENS_WLS_DHS_11,0.0,0.0,Green - Normal,100
2024-07-19 04:00:00,WLS_CHN_12,SENS_WLS_CHN_12,0.0,0.0,Green - Normal,100
2024-07-19 04:00:00,WLS_WRL_13,SENS_WLS_WRL_13,0.0,0.0,Green - Normal,89
2024-07-19 04:00:00,WLS_BYC_14,SENS_WLS_BYC_14,0.0,0.0,Green - Normal,89
2024-07-19 04:00:00,WLS_MNK_15,SENS_WLS_MNK_15,0.0,0.0,Green - Normal,92
2024-07-19 05:00:00,WLS_HND_01,SENS_WLS_HND_01,0.0,0.0,Green - Normal,88
2024-07-19 05:00:00,WLS_GND_02,SENS_WLS_GND_02,0.0,0.0,Green - Normal,90
2024-07-19 05:00:00,WLS_MLN_03,SENS_WLS_MLN_03,0.0,0.0,Green - Normal,96
2024-07-19 05:00:00,WLS_AND_04,SENS_WLS_AND_04,0.0,0.0,Green - Normal,99
2024-07-19 05:00:00,WLS_KHR_05,SENS_WLS_KHR_05,0.0,0.0,Green - Normal,98
2024-07-19 05:00:00,WLS_KRL_06,SENS_WLS_KRL_06,0.0,0.0,Green - Normal,93
2024-07-19 05:00:00,WLS_SIO_07,SENS_WLS_SIO_07,0.0,0.0,Green - Normal,98
2024-07-19 05:00:00,WLS_DDR_08,SENS_WLS_DDR_08,0.0,0.0,Green - Normal,94
2024-07-19 05:00:00,WLS_CHM_09,SENS_WLS_CHM_09,0.0,0.0,Green - Normal,95
2024-07-19 05:00:00,WLS_MLD_10,SENS_WLS_MLD_10,0.0,0.0,Green - Normal,88
2024-07-19 05:00:00,WLS_DHS_11,SENS_WLS_DHS_11,0.0,0.0,Green - Normal,100
2024-07-19 05:00:00,WLS_CHN_12,SENS_WLS_CHN_12,0.0,0.0,Green - Normal,91
2024-07-19 05:00:00,WLS_WRL_13,SENS_WLS_WRL_13,0.0,0.0,Green - Normal,97
2024-07-19 05:00:00,WLS_BYC_14,SENS_WLS_BYC_14,0.0,0.0,Green - Normal,92
2024-07-19 05:00:00,WLS_MNK_15,SENS_WLS_MNK_15,0.0,0.0,Green - Normal,95
2024-07-19 06:00:00,WLS_HND_01,SENS_WLS_HND_01,8.7,0.41,Green - Normal,88
2024-07-19 06:00:00,WLS_GND_02,SENS_WLS_GND_02,6.5,0.17,Green - Normal,89
2024-07-19 06:00:00,WLS_MLN_03,SENS_WLS_MLN_03,10.2,1.19,Green - Normal,89
2024-07-19 06:00:00,WLS_AND_04,SENS_WLS_AND_04,12.7,0.95,Green - Normal,92
2024-07-19 06:00:00,WLS_KHR_05,SENS_WLS_KHR_05,8.0,0.23,Green - Normal,95
2024-07-19 06:00:00,WLS_KRL_06,SENS_WLS_KRL_06,1.2,0.0,Green - Normal,90
2024-07-19 06:00:00,WLS_SIO_07,SENS_WLS_SIO_07,5.7,0.49,Green - Normal,88
2024-07-19 06:00:00,WLS_DDR_08,SENS_WLS_DDR_08,0.3,0.0,Green - Normal,90
2024-07-19 06:00:00,WLS_CHM_09,SENS_WLS_CHM_09,0.2,0.0,Green - Normal,91
2024-07-19 06:00:00,WLS_MLD_10,SENS_WLS_MLD_10,3.7,0.0,Green - Normal,99
2024-07-19 06:00:00,WLS_DHS_11,SENS_WLS_DHS_11,6.0,1.17,Green - Normal,90
2024-07-19 06:00:00,WLS_CHN_12,SENS_WLS_CHN_12,3.8,0.0,Green - Normal,91
2024-07-19 06:00:00,WLS_WRL_13,SENS_WLS_WRL_13,0.0,0.0,Green - Normal,93
2024-07-19 06:00:00,WLS_BYC_14,SENS_WLS_BYC_14,6.1,0.21,Green - Normal,89
2024-07-19 06:00:00,WLS_MNK_15,SENS_WLS_MNK_15,5.4,0.36,Green - Normal,92
2024-07-19 07:00:00,WLS_HND_01,SENS_WLS_HND_01,0.0,0.0,Green - Normal,95
2024-07-19 07:00:00,WLS_GND_02,SENS_WLS_GND_02,0.0,0.0,Green - Normal,96
2024-07-19 07:00:00,WLS_MLN_03,SENS_WLS_MLN_03,0.0,0.0,Green - Normal,98
2024-07-19 07:00:00,WLS_AND_04,SENS_WLS_AND_04,0.0,0.0,Green - Normal,90
2024-07-19 07:00:00,WLS_KHR_05,SENS_WLS_KHR_05,0.0,0.0,Green - Normal,94
2024-07-19 07:00:00,WLS_KRL_06,SENS_WLS_KRL_06,0.0,0.0,Green - Normal,89
2024-07-19 07:00:00,WLS_SIO_07,SENS_WLS_SIO_07,0.0,0.0,Green - Normal,98
2024-07-19 07:00:00,WLS_DDR_08,SENS_WLS_DDR_08,0.0,0.0,Green - Normal,100
2024-07-19 07:00:00,WLS_CHM_09,SENS_WLS_CHM_09,0.0,0.0,Green - Normal,98
2024-07-19 07:00:00,WLS_MLD_10,SENS_WLS_MLD_10,0.0,0.0,Green - Normal,99
2024-07-19 07:00:00,WLS_DHS_11,SENS_WLS_DHS_11,0.0,0.0,Green - Normal,97
2024-07-19 07:00:00,WLS_CHN_12,SENS_WLS_CHN_12,0.0,0.0,Green - Normal,91
2024-07-19 07:00:00,WLS_WRL_13,SENS_WLS_WRL_13,0.0,0.0,Green - Normal,99
2024-07-19 07:00:00,WLS_BYC_14,SENS_WLS_BYC_14,0.0,0.0,Green - Normal,92
2024-07-19 07:00:00,WLS_MNK_15,SENS_WLS_MNK_15,0.0,0.0,Green - Normal,93
2024-07-19 08:00:00,WLS_HND_01,SENS_WLS_HND_01,0.0,0.0,Green - Normal,89
2024-07-19 08:00:00,WLS_GND_02,SENS_WLS_GND_02,0.0,0.0,Green - Normal,88
2024-07-19 08:00:00,WLS_MLN_03,SENS_WLS_MLN_03,0.0,0.0,Green - Normal,95
2024-07-19 08:00:00,WLS_AND_04,SENS_WLS_AND_04,0.0,0.0,Green - Normal,92
2024-07-19 08:00:00,WLS_KHR_05,SENS_WLS_KHR_05,0.0,0.0,Green - Normal,92
2024-07-19 08:00:00,WLS_KRL_06,SENS_WLS_KRL_06,0.0,0.0,Green - Normal,99
2024-07-19 08:00:00,WLS_SIO_07,SENS_WLS_SIO_07,0.0,0.0,Green - Normal,96
2024-07-19 08:00:00,WLS_DDR_08,SENS_WLS_DDR_08,0.0,0.0,Green - Normal,95
2024-07-19 08:00:00,WLS_CHM_09,SENS_WLS_CHM_09,0.0,0.0,Green - Normal,98
2024-07-19 08:00:00,WLS_MLD_10,SENS_WLS_MLD_10,0.0,0.0,Green - Normal,88
2024-07-19 08:00:00,WLS_DHS_11,SENS_WLS_DHS_11,0.0,0.0,Green - Normal,96
2024-07-19 08:00:00,WLS_CHN_12,SENS_WLS_CHN_12,0.0,0.0,Green - Normal,88
2024-07-19 08:00:00,WLS_WRL_13,SENS_WLS_WRL_13,0.0,0.0,Green - Normal,92
2024-07-19 08:00:00,WLS_BYC_14,SENS_WLS_BYC_14,0.0,0.0,Green - Normal,98
2024-07-19 08:00:00,WLS_MNK_15,SENS_WLS_MNK_15,0.0,0.0,Green - Normal,91
2024-07-19 09:00:00,WLS_HND_01,SENS_WLS_HND_01,0.0,0.0,Green - Normal,91
2024-07-19 09:00:00,WLS_GND_02,SENS_WLS_GND_02,0.0,0.0,Green - Normal,99
2024-07-19 09:00:00,WLS_MLN_03,SENS_WLS_MLN_03,0.0,0.0,Green - Normal,89
2024-07-19 09:00:00,WLS_AND_04,SENS_WLS_AND_04,0.0,0.0,Green - Normal,89
2024-07-19 09:00:00,WLS_KHR_05,SENS_WLS_KHR_05,0.0,0.0,Green - Normal,96
2024-07-19 09:00:00,WLS_KRL_06,SENS_WLS_KRL_06,0.0,0.0,Green - Normal,93
2024-07-19 09:00:00,WLS_SIO_07,SENS_WLS_SIO_07,0.0,0.0,Green - Normal,96
2024-07-19 09:00:00,WLS_DDR_08,SENS_WLS_DDR_08,0.0,0.0,Green - Normal,88
2024-07-19 09:00:00,WLS_CHM_09,SENS_WLS_CHM_09,0.0,0.0,Green - Normal,97
2024-07-19 09:00:00,WLS_MLD_10,SENS_WLS_MLD_10,0.0,0.0,Green - Normal,88
2024-07-19 09:00:00,WLS_DHS_11,SENS_WLS_DHS_11,0.0,0.0,Green - Normal,91
2024-07-19 09:00:00,WLS_CHN_12,SENS_WLS_CHN_12,0.0,0.0,Green - Normal,92
2024-07-19 09:00:00,WLS_WRL_13,SENS_WLS_WRL_13,0.0,0.0,Green - Normal,99
2024-07-19 09:00:00,WLS_BYC_14,SENS_WLS_BYC_14,0.0,0.0,Green - Normal,88
2024-07-19 09:00:00,WLS_MNK_15,SENS_WLS_MNK_15,0.0,0.0,Green - Normal,93
2024-07-19 10:00:00,WLS_HND_01,SENS_WLS_HND_01,0.0,0.0,Green - Normal,94
2024-07-19 10:00:00,WLS_GND_02,SENS_WLS_GND_02,0.0,0.0,Green - Normal,99
2024-07-19 10:00:00,WLS_MLN_03,SENS_WLS_MLN_03,0.0,0.0,Green - Normal,89
2024-07-19 10:00:00,WLS_AND_04,SENS_WLS_AND_04,0.0,0.0,Green - Normal,99
2024-07-19 10:00:00,WLS_KHR_05,SENS_WLS_KHR_05,0.0,0.0,Green - Normal,100
2024-07-19 10:00:00,WLS_KRL_06,SENS_WLS_KRL_06,0.0,0.0,Green - Normal,100
2024-07-19 10:00:00,WLS_SIO_07,SENS_WLS_SIO_07,0.0,0.0,Green - Normal,90
2024-07-19 10:00:00,WLS_DDR_08,SENS_WLS_DDR_08,0.0,0.0,Green - Normal,92
2024-07-19 10:00:00,WLS_CHM_09,SENS_WLS_CHM_09,0.0,0.0,Green - Normal,91
2024-07-19 10:00:00,WLS_MLD_10,SENS_WLS_MLD_10,0.0,0.0,Green - Normal,90
2024-07-19 10:00:00,WLS_DHS_11,SENS_WLS_DHS_11,0.0,0.0,Green - Normal,90
2024-07-19 10:00:00,WLS_CHN_12,SENS_WLS_CHN_12,0.0,0.0,Green - Normal,91
2024-07-19 10:00:00,WLS_WRL_13,SENS_WLS_WRL_13,0.0,0.0,Green - Normal,89
2024-07-19 10:00:00,WLS_BYC_14,SENS_WLS_BYC_14,0.0,0.0,Green - Normal,92
2024-07-19 10:00:00,WLS_MNK_15,SENS_WLS_MNK_15,0.0,0.0,Green - Normal,95
2024-07-19 11:00:00,WLS_HND_01,SENS_WLS_HND_01,0.0,0.0,Green - Normal,97
2024-07-19 11:00:00,WLS_GND_02,SENS_WLS_GND_02,0.0,0.0,Green - Normal,94
2024-07-19 11:00:00,WLS_MLN_03,SENS_WLS_MLN_03,0.0,0.0,Green - Normal,90
2024-07-19 11:00:00,WLS_AND_04,SENS_WLS_AND_04,0.0,0.0,Green - Normal,90
2024-07-19 11:00:00,WLS_KHR_05,SENS_WLS_KHR_05,0.0,0.0,Green - Normal,96
2024-07-19 11:00:00,WLS_KRL_06,SENS_WLS_KRL_06,0.0,0.0,Green - Normal,92
2024-07-19 11:00:00,WLS_SIO_07,SENS_WLS_SIO_07,0.0,0.0,Green - Normal,88
2024-07-19 11:00:00,WLS_DDR_08,SENS_WLS_DDR_08,0.0,0.0,Green - Normal,90
2024-07-19 11:00:00,WLS_CHM_09,SENS_WLS_CHM_09,0.0,0.0,Green - Normal,91
2024-07-19 11:00:00,WLS_MLD_10,SENS_WLS_MLD_10,0.0,0.0,Green - Normal,97
2024-07-19 11:00:00,WLS_DHS_11,SENS_WLS_DHS_11,0.0,0.0,Green - Normal,93
2024-07-19 11:00:00,WLS_CHN_12,SENS_WLS_CHN_12,0.0,0.0,Green - Normal,99
2024-07-19 11:00:00,WLS_WRL_13,SENS_WLS_WRL_13,0.0,0.0,Green - Normal,100
2024-07-19 11:00:00,WLS_BYC_14,SENS_WLS_BYC_14,0.0,0.0,Green - Normal,98
2024-07-19 11:00:00,WLS_MNK_15,SENS_WLS_MNK_15,0.0,0.0,Green - Normal,89
2024-07-19 12:00:00,WLS_HND_01,SENS_WLS_HND_01,0.0,0.0,Green - Normal,94
2024-07-19 12:00:00,WLS_GND_02,SENS_WLS_GND_02,0.0,0.0,Green - Normal,99
2024-07-19 12:00:00,WLS_MLN_03,SENS_WLS_MLN_03,0.0,0.0,Green - Normal,89
2024-07-19 12:00:00,WLS_AND_04,SENS_WLS_AND_04,0.0,0.0,Green - Normal,97
2024-07-19 12:00:00,WLS_KHR_05,SENS_WLS_KHR_05,0.0,0.0,Green - Normal,89
2024-07-19 12:00:00,WLS_KRL_06,SENS_WLS_KRL_06,0.0,0.0,Green - Normal,90
2024-07-19 12:00:00,WLS_SIO_07,SENS_WLS_SIO_07,0.0,0.0,Green - Normal,93
2024-07-19 12:00:00,WLS_DDR_08,SENS_WLS_DDR_08,0.0,0.0,Green - Normal,96
2024-07-19 12:00:00,WLS_CHM_09,SENS_WLS_CHM_09,0.0,0.0,Green - Normal,90
2024-07-19 12:00:00,WLS_MLD_10,SENS_WLS_MLD_10,0.0,0.0,Green - Normal,88
2024-07-19 12:00:00,WLS_DHS_11,SENS_WLS_DHS_11,0.0,0.0,Green - Normal,100
2024-07-19 12:00:00,WLS_CHN_12,SENS_WLS_CHN_12,0.0,0.0,Green - Normal,95
2024-07-19 12:00:00,WLS_WRL_13,SENS_WLS_WRL_13,0.0,0.0,Green - Normal,100
2024-07-19 12:00:00,WLS_BYC_14,SENS_WLS_BYC_14,0.0,0.0,Green - Normal,95
2024-07-19 12:00:00,WLS_MNK_15,SENS_WLS_MNK_15,0.0,0.0,Green - Normal,93
2024-07-19 13:00:00,WLS_HND_01,SENS_WLS_HND_01,0.0,0.0,Green - Normal,97
2024-07-19 13:00:00,WLS_GND_02,SENS_WLS_GND_02,0.0,0.0,Green - Normal,98
2024-07-19 13:00:00,WLS_MLN_03,SENS_WLS_MLN_03,0.0,0.0,Green - Normal,100
2024-07-19 13:00:00,WLS_AND_04,SENS_WLS_AND_04,0.0,0.0,Green - Normal,100
2024-07-19 13:00:00,WLS_KHR_05,SENS_WLS_KHR_05,0.0,0.0,Green - Normal,96
2024-07-19 13:00:00,WLS_KRL_06,SENS_WLS_KRL_06,0.0,0.0,Green - Normal,92
2024-07-19 13:00:00,WLS_SIO_07,SENS_WLS_SIO_07,0.0,0.0,Green - Normal,90
2024-07-19 13:00:00,WLS_DDR_08,SENS_WLS_DDR_08,0.0,0.0,Green - Normal,94
2024-07-19 13:00:00,WLS_CHM_09,SENS_WLS_CHM_09,0.0,0.0,Green - Normal,94
2024-07-19 13:00:00,WLS_MLD_10,SENS_WLS_MLD_10,0.0,0.0,Green - Normal,99
2024-07-19 13:00:00,WLS_DHS_11,SENS_WLS_DHS_11,0.0,0.0,Green - Normal,92
2024-07-19 13:00:00,WLS_CHN_12,SENS_WLS_CHN_12,0.0,0.0,Green - Normal,90
2024-07-19 13:00:00,WLS_WRL_13,SENS_WLS_WRL_13,0.0,0.0,Green - Normal,94
2024-07-19 13:00:00,WLS_BYC_14,SENS_WLS_BYC_14,0.0,0.0,Green - Normal,98
2024-07-19 13:00:00,WLS_MNK_15,SENS_WLS_MNK_15,0.0,0.0,Green - Normal,98
2024-07-19 14:00:00,WLS_HND_01,SENS_WLS_HND_01,0.0,0.0,Green - Normal,92
2024-07-19 14:00:00,WLS_GND_02,SENS_WLS_GND_02,0.0,0.0,Green - Normal,92
2024-07-19 14:00:00,WLS_MLN_03,SENS_WLS_MLN_03,0.0,0.0,Green - Normal,97
2024-07-19 14:00:00,WLS_AND_04,SENS_WLS_AND_04,0.0,0.0,Green - Normal,89
2024-07-19 14:00:00,WLS_KHR_05,SENS_WLS_KHR_05,0.0,0.0,Green - Normal,99
2024-07-19 14:00:00,WLS_KRL_06,SENS_WLS_KRL_06,0.0,0.0,Green - Normal,100
2024-07-19 14:00:00,WLS_SIO_07,SENS_WLS_SIO_07,0.0,0.0,Green - Normal,100
2024-07-19 14:00:00,WLS_DDR_08,SENS_WLS_DDR_08,0.0,0.0,Green - Normal,91
2024-07-19 14:00:00,WLS_CHM_09,SENS_WLS_CHM_09,0.0,0.0,Green - Normal,94
2024-07-19 14:00:00,WLS_MLD_10,SENS_WLS_MLD_10,0.0,0.0,Green - Normal,92
2024-07-19 14:00:00,WLS_DHS_11,SENS_WLS_DHS_11,0.0,0.0,Green - Normal,88
2024-07-19 14:00:00,WLS_CHN_12,SENS_WLS_CHN_12,0.0,0.0,Green - Normal,93
2024-07-19 14:00:00,WLS_WRL_13,SENS_WLS_WRL_13,0.0,0.0,Green - Normal,93
2024-07-19 14:00:00,WLS_BYC_14,SENS_WLS_BYC_14,0.0,0.0,Green - Normal,98
2024-07-19 14:00:00,WLS_MNK_15,SENS_WLS_MNK_15,0.0,0.0,Green - Normal,100
2024-07-19 15:00:00,WLS_HND_01,SENS_WLS_HND_01,0.0,0.0,Green - Normal,99
2024-07-19 15:00:00,WLS_GND_02,SENS_WLS_GND_02,0.0,0.0,Green - Normal,98
2024-07-19 15:00:00,WLS_MLN_03,SENS_WLS_MLN_03,0.0,0.0,Green - Normal,94
2024-07-19 15:00:00,WLS_AND_04,SENS_WLS_AND_04,0.0,0.0,Green - Normal,89
2024-07-19 15:00:00,WLS_KHR_05,SENS_WLS_KHR_05,0.0,0.0,Green - Normal,91
2024-07-19 15:00:00,WLS_KRL_06,SENS_WLS_KRL_06,0.0,0.0,Green - Normal,99
2024-07-19 15:00:00,WLS_SIO_07,SENS_WLS_SIO_07,0.0,0.0,Green - Normal,90
2024-07-19 15:00:00,WLS_DDR_08,SENS_WLS_DDR_08,0.0,0.0,Green - Normal,90
2024-07-19 15:00:00,WLS_CHM_09,SENS_WLS_CHM_09,0.0,0.0,Green - Normal,88
2024-07-19 15:00:00,WLS_MLD_10,SENS_WLS_MLD_10,0.0,0.0,Green - Normal,93
2024-07-19 15:00:00,WLS_DHS_11,SENS_WLS_DHS_11,0.0,0.0,Green - Normal,88
2024-07-19 15:00:00,WLS_CHN_12,SENS_WLS_CHN_12,0.0,0.0,Green - Normal,93
2024-07-19 15:00:00,WLS_WRL_13,SENS_WLS_WRL_13,0.0,0.0,Green - Normal,96
2024-07-19 15:00:00,WLS_BYC_14,SENS_WLS_BYC_14,0.0,0.0,Green - Normal,88
2024-07-19 15:00:00,WLS_MNK_15,SENS_WLS_MNK_15,0.0,0.0,Green - Normal,88
2024-07-19 16:00:00,WLS_HND_01,SENS_WLS_HND_01,0.0,0.0,Green - Normal,90
2024-07-19 16:00:00,WLS_GND_02,SENS_WLS_GND_02,0.0,0.0,Green - Normal,88
2024-07-19 16:00:00,WLS_MLN_03,SENS_WLS_MLN_03,0.0,0.0,Green - Normal,97
2024-07-19 16:00:00,WLS_AND_04,SENS_WLS_AND_04,0.0,0.0,Green - Normal,91
2024-07-19 16:00:00,WLS_KHR_05,SENS_WLS_KHR_05,0.0,0.0,Green - Normal,88
2024-07-19 16:00:00,WLS_KRL_06,SENS_WLS_KRL_06,0.0,0.0,Green - Normal,98
2024-07-19 16:00:00,WLS_SIO_07,SENS_WLS_SIO_07,0.0,0.0,Green - Normal,91
2024-07-19 16:00:00,WLS_DDR_08,SENS_WLS_DDR_08,0.0,0.0,Green - Normal,100
2024-07-19 16:00:00,WLS_CHM_09,SENS_WLS_CHM_09,0.0,0.0,Green - Normal,100
2024-07-19 16:00:00,WLS_MLD_10,SENS_WLS_MLD_10,0.0,0.0,Green - Normal,98
2024-07-19 16:00:00,WLS_DHS_11,SENS_WLS_DHS_11,0.0,0.0,Green - Normal,96
2024-07-19 16:00:00,WLS_CHN_12,SENS_WLS_CHN_12,0.0,0.0,Green - Normal,89
2024-07-19 16:00:00,WLS_WRL_13,SENS_WLS_WRL_13,0.0,0.0,Green - Normal,95
2024-07-19 16:00:00,WLS_BYC_14,SENS_WLS_BYC_14,0.0,0.0,Green - Normal,94
2024-07-19 16:00:00,WLS_MNK_15,SENS_WLS_MNK_15,0.0,0.0,Green - Normal,91
2024-07-19 17:00:00,WLS_HND_01,SENS_WLS_HND_01,0.0,0.0,Green - Normal,96
2024-07-19 17:00:00,WLS_GND_02,SENS_WLS_GND_02,0.0,0.0,Green - Normal,99
2024-07-19 17:00:00,WLS_MLN_03,SENS_WLS_MLN_03,0.0,0.0,Green - Normal,96
2024-07-19 17:00:00,WLS_AND_04,SENS_WLS_AND_04,0.0,0.0,Green - Normal,95
2024-07-19 17:00:00,WLS_KHR_05,SENS_WLS_KHR_05,0.0,0.0,Green - Normal,90
2024-07-19 17:00:00,WLS_KRL_06,SENS_WLS_KRL_06,0.0,0.0,Green - Normal,90
2024-07-19 17:00:00,WLS_SIO_07,SENS_WLS_SIO_07,0.0,0.0,Green - Normal,93
2024-07-19 17:00:00,WLS_DDR_08,SENS_WLS_DDR_08,0.0,0.0,Green - Normal,99
2024-07-19 17:00:00,WLS_CHM_09,SENS_WLS_CHM_09,0.0,0.0,Green - Normal,94
2024-07-19 17:00:00,WLS_MLD_10,SENS_WLS_MLD_10,0.0,0.0,Green - Normal,95
2024-07-19 17:00:00,WLS_DHS_11,SENS_WLS_DHS_11,0.0,0.0,Green - Normal,96
2024-07-19 17:00:00,WLS_CHN_12,SENS_WLS_CHN_12,0.0,0.0,Green - Normal,92
2024-07-19 17:00:00,WLS_WRL_13,SENS_WLS_WRL_13,0.0,0.0,Green - Normal,94
2024-07-19 17:00:00,WLS_BYC_14,SENS_WLS_BYC_14,0.0,0.0,Green - Normal,93
2024-07-19 17:00:00,WLS_MNK_15,SENS_WLS_MNK_15,0.0,0.0,Green - Normal,95
2024-07-19 18:00:00,WLS_HND_01,SENS_WLS_HND_01,0.0,0.0,Green - Normal,96
2024-07-19 18:00:00,WLS_GND_02,SENS_WLS_GND_02,0.0,0.0,Green - Normal,95
2024-07-19 18:00:00,WLS_MLN_03,SENS_WLS_MLN_03,0.0,0.0,Green - Normal,92
2024-07-19 18:00:00,WLS_AND_04,SENS_WLS_AND_04,0.0,0.0,Green - Normal,89
2024-07-19 18:00:00,WLS_KHR_05,SENS_WLS_KHR_05,0.0,0.0,Green - Normal,98
2024-07-19 18:00:00,WLS_KRL_06,SENS_WLS_KRL_06,0.0,0.0,Green - Normal,91
2024-07-19 18:00:00,WLS_SIO_07,SENS_WLS_SIO_07,0.0,0.0,Green - Normal,91
2024-07-19 18:00:00,WLS_DDR_08,SENS_WLS_DDR_08,0.0,0.0,Green - Normal,88
2024-07-19 18:00:00,WLS_CHM_09,SENS_WLS_CHM_09,0.0,0.0,Green - Normal,97
2024-07-19 18:00:00,WLS_MLD_10,SENS_WLS_MLD_10,0.0,0.0,Green - Normal,91
2024-07-19 18:00:00,WLS_DHS_11,SENS_WLS_DHS_11,0.0,0.0,Green - Normal,98
2024-07-19 18:00:00,WLS_CHN_12,SENS_WLS_CHN_12,0.0,0.0,Green - Normal,90
2024-07-19 18:00:00,WLS_WRL_13,SENS_WLS_WRL_13,0.0,0.0,Green - Normal,88
2024-07-19 18:00:00,WLS_BYC_14,SENS_WLS_BYC_14,0.0,0.0,Green - Normal,97
2024-07-19 18:00:00,WLS_MNK_15,SENS_WLS_MNK_15,0.0,0.0,Green - Normal,91
2024-07-19 19:00:00,WLS_HND_01,SENS_WLS_HND_01,0.0,0.0,Green - Normal,96
2024-07-19 19:00:00,WLS_GND_02,SENS_WLS_GND_02,0.0,0.0,Green - Normal,93
2024-07-19 19:00:00,WLS_MLN_03,SENS_WLS_MLN_03,0.0,0.0,Green - Normal,96
2024-07-19 19:00:00,WLS_AND_04,SENS_WLS_AND_04,0.0,0.0,Green - Normal,100
2024-07-19 19:00:00,WLS_KHR_05,SENS_WLS_KHR_05,0.0,0.0,Green - Normal,99
2024-07-19 19:00:00,WLS_KRL_06,SENS_WLS_KRL_06,0.0,0.0,Green - Normal,93
2024-07-19 19:00:00,WLS_SIO_07,SENS_WLS_SIO_07,0.0,0.0,Green - Normal,90
2024-07-19 19:00:00,WLS_DDR_08,SENS_WLS_DDR_08,0.0,0.0,Green - Normal,100
2024-07-19 19:00:00,WLS_CHM_09,SENS_WLS_CHM_09,0.0,0.0,Green - Normal,93
2024-07-19 19:00:00,WLS_MLD_10,SENS_WLS_MLD_10,0.0,0.0,Green - Normal,91
2024-07-19 19:00:00,WLS_DHS_11,SENS_WLS_DHS_11,0.0,0.0,Green - Normal,100
2024-07-19 19:00:00,WLS_CHN_12,SENS_WLS_CHN_12,0.0,0.0,Green - Normal,89
2024-07-19 19:00:00,WLS_WRL_13,SENS_WLS_WRL_13,0.0,0.0,Green - Normal,99
2024-07-19 19:00:00,WLS_BYC_14,SENS_WLS_BYC_14,0.0,0.0,Green - Normal,97
2024-07-19 19:00:00,WLS_MNK_15,SENS_WLS_MNK_15,0.0,0.0,Green - Normal,98
2024-07-19 20:00:00,WLS_HND_01,SENS_WLS_HND_01,0.0,0.0,Green - Normal,90
2024-07-19 20:00:00,WLS_GND_02,SENS_WLS_GND_02,0.0,0.0,Green - Normal,88
2024-07-19 20:00:00,WLS_MLN_03,SENS_WLS_MLN_03,0.0,0.0,Green - Normal,91
2024-07-19 20:00:00,WLS_AND_04,SENS_WLS_AND_04,0.0,0.0,Green - Normal,89
2024-07-19 20:00:00,WLS_KHR_05,SENS_WLS_KHR_05,0.0,0.0,Green - Normal,89
2024-07-19 20:00:00,WLS_KRL_06,SENS_WLS_KRL_06,0.0,0.0,Green - Normal,89
2024-07-19 20:00:00,WLS_SIO_07,SENS_WLS_SIO_07,0.0,0.0,Green - Normal,94
2024-07-19 20:00:00,WLS_DDR_08,SENS_WLS_DDR_08,0.0,0.0,Green - Normal,95
2024-07-19 20:00:00,WLS_CHM_09,SENS_WLS_CHM_09,0.0,0.0,Green - Normal,93
2024-07-19 20:00:00,WLS_MLD_10,SENS_WLS_MLD_10,0.0,0.0,Green - Normal,100
2024-07-19 20:00:00,WLS_DHS_11,SENS_WLS_DHS_11,0.0,0.0,Green - Normal,92
2024-07-19 20:00:00,WLS_CHN_12,SENS_WLS_CHN_12,0.0,0.0,Green - Normal,100
2024-07-19 20:00:00,WLS_WRL_13,SENS_WLS_WRL_13,0.0,0.0,Green - Normal,89
2024-07-19 20:00:00,WLS_BYC_14,SENS_WLS_BYC_14,0.0,0.0,Green - Normal,99
2024-07-19 20:00:00,WLS_MNK_15,SENS_WLS_MNK_15,0.0,0.0,Green - Normal,88
2024-07-19 21:00:00,WLS_HND_01,SENS_WLS_HND_01,0.0,0.0,Green - Normal,98
2024-07-19 21:00:00,WLS_GND_02,SENS_WLS_GND_02,0.0,0.0,Green - Normal,90
2024-07-19 21:00:00,WLS_MLN_03,SENS_WLS_MLN_03,0.0,0.0,Green - Normal,93
2024-07-19 21:00:00,WLS_AND_04,SENS_WLS_AND_04,0.0,0.0,Green - Normal,99
2024-07-19 21:00:00,WLS_KHR_05,SENS_WLS_KHR_05,0.0,0.0,Green - Normal,88
2024-07-19 21:00:00,WLS_KRL_06,SENS_WLS_KRL_06,0.0,0.0,Green - Normal,96
2024-07-19 21:00:00,WLS_SIO_07,SENS_WLS_SIO_07,0.0,0.0,Green - Normal,96
2024-07-19 21:00:00,WLS_DDR_08,SENS_WLS_DDR_08,0.0,0.0,Green - Normal,98
2024-07-19 21:00:00,WLS_CHM_09,SENS_WLS_CHM_09,0.0,0.0,Green - Normal,93
2024-07-19 21:00:00,WLS_MLD_10,SENS_WLS_MLD_10,0.0,0.0,Green - Normal,96
2024-07-19 21:00:00,WLS_DHS_11,SENS_WLS_DHS_11,0.0,0.0,Green - Normal,100
2024-07-19 21:00:00,WLS_CHN_12,SENS_WLS_CHN_12,0.0,0.0,Green - Normal,99
2024-07-19 21:00:00,WLS_WRL_13,SENS_WLS_WRL_13,0.0,0.0,Green - Normal,92
2024-07-19 21:00:00,WLS_BYC_14,SENS_WLS_BYC_14,0.0,0.0,Green - Normal,98
2024-07-19 21:00:00,WLS_MNK_15,SENS_WLS_MNK_15,0.0,0.0,Green - Normal,97
2024-07-19 22:00:00,WLS_HND_01,SENS_WLS_HND_01,0.0,0.0,Green - Normal,98
2024-07-19 22:00:00,WLS_GND_02,SENS_WLS_GND_02,0.0,0.0,Green - Normal,96
2024-07-19 22:00:00,WLS_MLN_03,SENS_WLS_MLN_03,0.0,0.0,Green - Normal,93
2024-07-19 22:00:00,WLS_AND_04,SENS_WLS_AND_04,0.0,0.0,Green - Normal,98
2024-07-19 22:00:00,WLS_KHR_05,SENS_WLS_KHR_05,0.0,0.0,Green - Normal,95
2024-07-19 22:00:00,WLS_KRL_06,SENS_WLS_KRL_06,0.0,0.0,Green - Normal,100
2024-07-19 22:00:00,WLS_SIO_07,SENS_WLS_SIO_07,0.0,0.0,Green - Normal,96
2024-07-19 22:00:00,WLS_DDR_08,SENS_WLS_DDR_08,0.0,0.0,Green - Normal,100
2024-07-19 22:00:00,WLS_CHM_09,SENS_WLS_CHM_09,0.0,0.0,Green - Normal,95
2024-07-19 22:00:00,WLS_MLD_10,SENS_WLS_MLD_10,0.0,0.0,Green - Normal,98
2024-07-19 22:00:00,WLS_DHS_11,SENS_WLS_DHS_11,0.0,0.0,Green - Normal,91
2024-07-19 22:00:00,WLS_CHN_12,SENS_WLS_CHN_12,0.0,0.0,Green - Normal,95
2024-07-19 22:00:00,WLS_WRL_13,SENS_WLS_WRL_13,0.0,0.0,Green - Normal,91
2024-07-19 22:00:00,WLS_BYC_14,SENS_WLS_BYC_14,0.0,0.0,Green - Normal,94
2024-07-19 22:00:00,WLS_MNK_15,SENS_WLS_MNK_15,0.0,0.0,Green - Normal,96
2024-07-19 23:00:00,WLS_HND_01,SENS_WLS_HND_01,0.0,0.0,Green - Normal,92
2024-07-19 23:00:00,WLS_GND_02,SENS_WLS_GND_02,0.0,0.0,Green - Normal,93
2024-07-19 23:00:00,WLS_MLN_03,SENS_WLS_MLN_03,0.0,0.0,Green - Normal,97
2024-07-19 23:00:00,WLS_AND_04,SENS_WLS_AND_04,0.0,0.0,Green - Normal,100
2024-07-19 23:00:00,WLS_KHR_05,SENS_WLS_KHR_05,0.0,0.0,Green - Normal,99
2024-07-19 23:00:00,WLS_KRL_06,SENS_WLS_KRL_06,0.0,0.0,Green - Normal,95
2024-07-19 23:00:00,WLS_SIO_07,SENS_WLS_SIO_07,0.0,0.0,Green - Normal,100
2024-07-19 23:00:00,WLS_DDR_08,SENS_WLS_DDR_08,0.0,0.0,Green - Normal,90
2024-07-19 23:00:00,WLS_CHM_09,SENS_WLS_CHM_09,0.0,0.0,Green - Normal,92
2024-07-19 23:00:00,WLS_MLD_10,SENS_WLS_MLD_10,0.0,0.0,Green - Normal,91
2024-07-19 23:00:00,WLS_DHS_11,SENS_WLS_DHS_11,0.0,0.0,Green - Normal,92
2024-07-19 23:00:00,WLS_CHN_12,SENS_WLS_CHN_12,0.0,0.0,Green - Normal,88
2024-07-19 23:00:00,WLS_WRL_13,SENS_WLS_WRL_13,0.0,0.0,Green - Normal,99
2024-07-19 23:00:00,WLS_BYC_14,SENS_WLS_BYC_14,0.0,0.0,Green - Normal,98
2024-07-19 23:00:00,WLS_MNK_15,SENS_WLS_MNK_15,0.0,0.0,Green - Normal,92
2024-07-20 00:00:00,WLS_HND_01,SENS_WLS_HND_01,0.0,0.0,Green - Normal,93
2024-07-20 00:00:00,WLS_GND_02,SENS_WLS_GND_02,0.0,0.0,Green - Normal,88
2024-07-20 00:00:00,WLS_MLN_03,SENS_WLS_MLN_03,0.0,0.0,Green - Normal,99
2024-07-20 00:00:00,WLS_AND_04,SENS_WLS_AND_04,0.0,0.0,Green - Normal,97
2024-07-20 00:00:00,WLS_KHR_05,SENS_WLS_KHR_05,0.0,0.0,Green - Normal,94
2024-07-20 00:00:00,WLS_KRL_06,SENS_WLS_KRL_06,0.0,0.0,Green - Normal,89
2024-07-20 00:00:00,WLS_SIO_07,SENS_WLS_SIO_07,0.0,0.0,Green - Normal,96
2024-07-20 00:00:00,WLS_DDR_08,SENS_WLS_DDR_08,0.0,0.0,Green - Normal,92
2024-07-20 00:00:00,WLS_CHM_09,SENS_WLS_CHM_09,0.0,0.0,Green - Normal,98
2024-07-20 00:00:00,WLS_MLD_10,SENS_WLS_MLD_10,0.0,0.0,Green - Normal,93
2024-07-20 00:00:00,WLS_DHS_11,SENS_WLS_DHS_11,0.0,0.0,Green - Normal,99
2024-07-20 00:00:00,WLS_CHN_12,SENS_WLS_CHN_12,0.0,0.0,Green - Normal,88
2024-07-20 00:00:00,WLS_WRL_13,SENS_WLS_WRL_13,0.0,0.0,Green - Normal,90
2024-07-20 00:00:00,WLS_BYC_14,SENS_WLS_BYC_14,0.0,0.0,Green - Normal,91
2024-07-20 00:00:00,WLS_MNK_15,SENS_WLS_MNK_15,0.0,0.0,Green - Normal,92
2024-07-20 01:00:00,WLS_HND_01,SENS_WLS_HND_01,0.0,0.0,Green - Normal,97
2024-07-20 01:00:00,WLS_GND_02,SENS_WLS_GND_02,0.0,0.0,Green - Normal,92
2024-07-20 01:00:00,WLS_MLN_03,SENS_WLS_MLN_03,0.0,0.0,Green - Normal,91
2024-07-20 01:00:00,WLS_AND_04,SENS_WLS_AND_04,0.0,0.0,Green - Normal,91
2024-07-20 01:00:00,WLS_KHR_05,SENS_WLS_KHR_05,0.0,0.0,Green - Normal,100
2024-07-20 01:00:00,WLS_KRL_06,SENS_WLS_KRL_06,0.0,0.0,Green - Normal,94
2024-07-20 01:00:00,WLS_SIO_07,SENS_WLS_SIO_07,0.0,0.0,Green - Normal,91
2024-07-20 01:00:00,WLS_DDR_08,SENS_WLS_DDR_08,0.0,0.0,Green - Normal,100
2024-07-20 01:00:00,WLS_CHM_09,SENS_WLS_CHM_09,0.0,0.0,Green - Normal,94
2024-07-20 01:00:00,WLS_MLD_10,SENS_WLS_MLD_10,0.0,0.0,Green - Normal,99
2024-07-20 01:00:00,WLS_DHS_11,SENS_WLS_DHS_11,0.0,0.0,Green - Normal,100
2024-07-20 01:00:00,WLS_CHN_12,SENS_WLS_CHN_12,0.0,0.0,Green - Normal,93
2024-07-20 01:00:00,WLS_WRL_13,SENS_WLS_WRL_13,0.0,0.0,Green - Normal,96
2024-07-20 01:00:00,WLS_BYC_14,SENS_WLS_BYC_14,0.0,0.0,Green - Normal,97
2024-07-20 01:00:00,WLS_MNK_15,SENS_WLS_MNK_15,0.0,0.0,Green - Normal,97
2024-07-20 02:00:00,WLS_HND_01,SENS_WLS_HND_01,0.0,0.0,Green - Normal,92
2024-07-20 02:00:00,WLS_GND_02,SENS_WLS_GND_02,0.0,0.0,Green - Normal,88
2024-07-20 02:00:00,WLS_MLN_03,SENS_WLS_MLN_03,0.0,0.0,Green - Normal,93
2024-07-20 02:00:00,WLS_AND_04,SENS_WLS_AND_04,0.0,0.0,Green - Normal,93
2024-07-20 02:00:00,WLS_KHR_05,SENS_WLS_KHR_05,0.0,0.0,Green - Normal,92
2024-07-20 02:00:00,WLS_KRL_06,SENS_WLS_KRL_06,0.0,0.0,Green - Normal,89
2024-07-20 02:00:00,WLS_SIO_07,SENS_WLS_SIO_07,0.0,0.0,Green - Normal,94
2024-07-20 02:00:00,WLS_DDR_08,SENS_WLS_DDR_08,0.0,0.0,Green - Normal,95
2024-07-20 02:00:00,WLS_CHM_09,SENS_WLS_CHM_09,0.0,0.0,Green - Normal,89
2024-07-20 02:00:00,WLS_MLD_10,SENS_WLS_MLD_10,0.0,0.0,Green - Normal,96
2024-07-20 02:00:00,WLS_DHS_11,SENS_WLS_DHS_11,0.0,0.0,Green - Normal,99
2024-07-20 02:00:00,WLS_CHN_12,SENS_WLS_CHN_12,0.0,0.0,Green - Normal,90
2024-07-20 02:00:00,WLS_WRL_13,SENS_WLS_WRL_13,0.0,0.0,Green - Normal,96
2024-07-20 02:00:00,WLS_BYC_14,SENS_WLS_BYC_14,0.0,0.0,Green - Normal,100
2024-07-20 02:00:00,WLS_MNK_15,SENS_WLS_MNK_15,0.0,0.0,Green - Normal,93
2024-07-20 03:00:00,WLS_HND_01,SENS_WLS_HND_01,0.0,0.0,Green - Normal,92
2024-07-20 03:00:00,WLS_GND_02,SENS_WLS_GND_02,0.0,0.0,Green - Normal,96
2024-07-20 03:00:00,WLS_MLN_03,SENS_WLS_MLN_03,0.0,0.0,Green - Normal,100
2024-07-20 03:00:00,WLS_AND_04,SENS_WLS_AND_04,0.0,0.0,Green - Normal,89
2024-07-20 03:00:00,WLS_KHR_05,SENS_WLS_KHR_05,0.0,0.0,Green - Normal,97
2024-07-20 03:00:00,WLS_KRL_06,SENS_WLS_KRL_06,0.0,0.0,Green - Normal,91
2024-07-20 03:00:00,WLS_SIO_07,SENS_WLS_SIO_07,0.0,0.0,Green - Normal,90
2024-07-20 03:00:00,WLS_DDR_08,SENS_WLS_DDR_08,0.0,0.0,Green - Normal,98
2024-07-20 03:00:00,WLS_CHM_09,SENS_WLS_CHM_09,0.0,0.0,Green - Normal,91
2024-07-20 03:00:00,WLS_MLD_10,SENS_WLS_MLD_10,0.0,0.0,Green - Normal,93
2024-07-20 03:00:00,WLS_DHS_11,SENS_WLS_DHS_11,0.0,0.0,Green - Normal,93
2024-07-20 03:00:00,WLS_CHN_12,SENS_WLS_CHN_12,0.0,0.0,Green - Normal,93
2024-07-20 03:00:00,WLS_WRL_13,SENS_WLS_WRL_13,0.0,0.0,Green - Normal,89
2024-07-20 03:00:00,WLS_BYC_14,SENS_WLS_BYC_14,0.0,0.0,Green - Normal,93
2024-07-20 03:00:00,WLS_MNK_15,SENS_WLS_MNK_15,0.0,0.0,Green - Normal,91
2024-07-20 04:00:00,WLS_HND_01,SENS_WLS_HND_01,0.0,0.0,Green - Normal,98
2024-07-20 04:00:00,WLS_GND_02,SENS_WLS_GND_02,0.0,0.0,Green - Normal,100
2024-07-20 04:00:00,WLS_MLN_03,SENS_WLS_MLN_03,0.0,0.0,Green - Normal,93
2024-07-20 04:00:00,WLS_AND_04,SENS_WLS_AND_04,0.0,0.0,Green - Normal,94
2024-07-20 04:00:00,WLS_KHR_05,SENS_WLS_KHR_05,0.0,0.0,Green - Normal,93
2024-07-20 04:00:00,WLS_KRL_06,SENS_WLS_KRL_06,0.0,0.0,Green - Normal,100
2024-07-20 04:00:00,WLS_SIO_07,SENS_WLS_SIO_07,0.0,0.0,Green - Normal,92
2024-07-20 04:00:00,WLS_DDR_08,SENS_WLS_DDR_08,0.0,0.0,Green - Normal,95
2024-07-20 04:00:00,WLS_CHM_09,SENS_WLS_CHM_09,0.0,0.0,Green - Normal,99
2024-07-20 04:00:00,WLS_MLD_10,SENS_WLS_MLD_10,0.0,0.0,Green - Normal,93
2024-07-20 04:00:00,WLS_DHS_11,SENS_WLS_DHS_11,0.0,0.0,Green - Normal,88
2024-07-20 04:00:00,WLS_CHN_12,SENS_WLS_CHN_12,0.0,0.0,Green - Normal,92
2024-07-20 04:00:00,WLS_WRL_13,SENS_WLS_WRL_13,0.0,0.0,Green - Normal,96
2024-07-20 04:00:00,WLS_BYC_14,SENS_WLS_BYC_14,0.0,0.0,Green - Normal,99
2024-07-20 04:00:00,WLS_MNK_15,SENS_WLS_MNK_15,0.0,0.0,Green - Normal,89
2024-07-20 05:00:00,WLS_HND_01,SENS_WLS_HND_01,0.0,0.0,Green - Normal,89
2024-07-20 05:00:00,WLS_GND_02,SENS_WLS_GND_02,0.0,0.0,Green - Normal,92
2024-07-20 05:00:00,WLS_MLN_03,SENS_WLS_MLN_03,0.0,0.0,Green - Normal,95
2024-07-20 05:00:00,WLS_AND_04,SENS_WLS_AND_04,0.0,0.0,Green - Normal,94
2024-07-20 05:00:00,WLS_KHR_05,SENS_WLS_KHR_05,0.0,0.0,Green - Normal,100
2024-07-20 05:00:00,WLS_KRL_06,SENS_WLS_KRL_06,0.0,0.0,Green - Normal,92
2024-07-20 05:00:00,WLS_SIO_07,SENS_WLS_SIO_07,0.0,0.0,Green - Normal,92
2024-07-20 05:00:00,WLS_DDR_08,SENS_WLS_DDR_08,0.0,0.0,Green - Normal,89
2024-07-20 05:00:00,WLS_CHM_09,SENS_WLS_CHM_09,0.0,0.0,Green - Normal,89
2024-07-20 05:00:00,WLS_MLD_10,SENS_WLS_MLD_10,0.0,0.0,Green - Normal,93
2024-07-20 05:00:00,WLS_DHS_11,SENS_WLS_DHS_11,0.0,0.0,Green - Normal,92
2024-07-20 05:00:00,WLS_CHN_12,SENS_WLS_CHN_12,0.0,0.0,Green - Normal,90
2024-07-20 05:00:00,WLS_WRL_13,SENS_WLS_WRL_13,0.0,0.0,Green - Normal,97
2024-07-20 05:00:00,WLS_BYC_14,SENS_WLS_BYC_14,0.0,0.0,Green - Normal,97
2024-07-20 05:00:00,WLS_MNK_15,SENS_WLS_MNK_15,0.0,0.0,Green - Normal,94
2024-07-20 06:00:00,WLS_HND_01,SENS_WLS_HND_01,0.0,0.0,Green - Normal,98
2024-07-20 06:00:00,WLS_GND_02,SENS_WLS_GND_02,0.0,0.0,Green - Normal,96
2024-07-20 06:00:00,WLS_MLN_03,SENS_WLS_MLN_03,0.0,0.0,Green - Normal,98
2024-07-20 06:00:00,WLS_AND_04,SENS_WLS_AND_04,0.0,0.0,Green - Normal,99
2024-07-20 06:00:00,WLS_KHR_05,SENS_WLS_KHR_05,0.0,0.0,Green - Normal,94
2024-07-20 06:00:00,WLS_KRL_06,SENS_WLS_KRL_06,0.0,0.0,Green - Normal,89
2024-07-20 06:00:00,WLS_SIO_07,SENS_WLS_SIO_07,0.0,0.0,Green - Normal,100
2024-07-20 06:00:00,WLS_DDR_08,SENS_WLS_DDR_08,0.0,0.0,Green - Normal,96
2024-07-20 06:00:00,WLS_CHM_09,SENS_WLS_CHM_09,0.0,0.0,Green - Normal,93
2024-07-20 06:00:00,WLS_MLD_10,SENS_WLS_MLD_10,0.0,0.0,Green - Normal,95
2024-07-20 06:00:00,WLS_DHS_11,SENS_WLS_DHS_11,0.0,0.0,Green - Normal,96
2024-07-20 06:00:00,WLS_CHN_12,SENS_WLS_CHN_12,0.0,0.0,Green - Normal,88
2024-07-20 06:00:00,WLS_WRL_13,SENS_WLS_WRL_13,0.0,0.0,Green - Normal,99
2024-07-20 06:00:00,WLS_BYC_14,SENS_WLS_BYC_14,0.0,0.0,Green - Normal,94
2024-07-20 06:00:00,WLS_MNK_15,SENS_WLS_MNK_15,0.0,0.0,Green - Normal,94
2024-07-20 07:00:00,WLS_HND_01,SENS_WLS_HND_01,0.0,0.0,Green - Normal,88
2024-07-20 07:00:00,WLS_GND_02,SENS_WLS_GND_02,0.0,0.0,Green - Normal,96
2024-07-20 07:00:00,WLS_MLN_03,SENS_WLS_MLN_03,0.0,0.0,Green - Normal,92
2024-07-20 07:00:00,WLS_AND_04,SENS_WLS_AND_04,0.0,0.0,Green - Normal,88
2024-07-20 07:00:00,WLS_KHR_05,SENS_WLS_KHR_05,0.0,0.0,Green - Normal,98
2024-07-20 07:00:00,WLS_KRL_06,SENS_WLS_KRL_06,0.0,0.0,Green - Normal,94
2024-07-20 07:00:00,WLS_SIO_07,SENS_WLS_SIO_07,0.0,0.0,Green - Normal,95
2024-07-20 07:00:00,WLS_DDR_08,SENS_WLS_DDR_08,0.0,0.0,Green - Normal,93
2024-07-20 07:00:00,WLS_CHM_09,SENS_WLS_CHM_09,0.0,0.0,Green - Normal,100
2024-07-20 07:00:00,WLS_MLD_10,SENS_WLS_MLD_10,0.0,0.0,Green - Normal,89
2024-07-20 07:00:00,WLS_DHS_11,SENS_WLS_DHS_11,0.0,0.0,Green - Normal,94
2024-07-20 07:00:00,WLS_CHN_12,SENS_WLS_CHN_12,0.0,0.0,Green - Normal,95
2024-07-20 07:00:00,WLS_WRL_13,SENS_WLS_WRL_13,0.0,0.0,Green - Normal,100
2024-07-20 07:00:00,WLS_BYC_14,SENS_WLS_BYC_14,0.0,0.0,Green - Normal,95
2024-07-20 07:00:00,WLS_MNK_15,SENS_WLS_MNK_15,0.0,0.0,Green - Normal,93
2024-07-20 08:00:00,WLS_HND_01,SENS_WLS_HND_01,0.0,0.0,Green - Normal,100
2024-07-20 08:00:00,WLS_GND_02,SENS_WLS_GND_02,0.0,0.0,Green - Normal,98
2024-07-20 08:00:00,WLS_MLN_03,SENS_WLS_MLN_03,0.0,0.0,Green - Normal,94
2024-07-20 08:00:00,WLS_AND_04,SENS_WLS_AND_04,0.0,0.0,Green - Normal,88
2024-07-20 08:00:00,WLS_KHR_05,SENS_WLS_KHR_05,0.0,0.0,Green - Normal,88
2024-07-20 08:00:00,WLS_KRL_06,SENS_WLS_KRL_06,0.0,0.0,Green - Normal,91
2024-07-20 08:00:00,WLS_SIO_07,SENS_WLS_SIO_07,0.0,0.0,Green - Normal,98
2024-07-20 08:00:00,WLS_DDR_08,SENS_WLS_DDR_08,0.0,0.0,Green - Normal,91
2024-07-20 08:00:00,WLS_CHM_09,SENS_WLS_CHM_09,0.0,0.0,Green - Normal,88
2024-07-20 08:00:00,WLS_MLD_10,SENS_WLS_MLD_10,0.0,0.0,Green - Normal,92
2024-07-20 08:00:00,WLS_DHS_11,SENS_WLS_DHS_11,0.0,0.0,Green - Normal,97
2024-07-20 08:00:00,WLS_CHN_12,SENS_WLS_CHN_12,0.0,0.0,Green - Normal,88
2024-07-20 08:00:00,WLS_WRL_13,SENS_WLS_WRL_13,0.0,0.0,Green - Normal,100
2024-07-20 08:00:00,WLS_BYC_14,SENS_WLS_BYC_14,0.0,0.0,Green - Normal,90
2024-07-20 08:00:00,WLS_MNK_15,SENS_WLS_MNK_15,0.0,0.0,Green - Normal,96
2024-07-20 09:00:00,WLS_HND_01,SENS_WLS_HND_01,0.0,0.0,Green - Normal,89
2024-07-20 09:00:00,WLS_GND_02,SENS_WLS_GND_02,0.0,0.0,Green - Normal,97
2024-07-20 09:00:00,WLS_MLN_03,SENS_WLS_MLN_03,0.0,0.0,Green - Normal,99
2024-07-20 09:00:00,WLS_AND_04,SENS_WLS_AND_04,0.0,0.0,Green - Normal,96
2024-07-20 09:00:00,WLS_KHR_05,SENS_WLS_KHR_05,0.0,0.0,Green - Normal,100
2024-07-20 09:00:00,WLS_KRL_06,SENS_WLS_KRL_06,0.0,0.0,Green - Normal,98
2024-07-20 09:00:00,WLS_SIO_07,SENS_WLS_SIO_07,0.0,0.0,Green - Normal,95
2024-07-20 09:00:00,WLS_DDR_08,SENS_WLS_DDR_08,0.0,0.0,Green - Normal,91
2024-07-20 09:00:00,WLS_CHM_09,SENS_WLS_CHM_09,0.0,0.0,Green - Normal,95
2024-07-20 09:00:00,WLS_MLD_10,SENS_WLS_MLD_10,0.0,0.0,Green - Normal,97
2024-07-20 09:00:00,WLS_DHS_11,SENS_WLS_DHS_11,0.0,0.0,Green - Normal,99
2024-07-20 09:00:00,WLS_CHN_12,SENS_WLS_CHN_12,0.0,0.0,Green - Normal,92
2024-07-20 09:00:00,WLS_WRL_13,SENS_WLS_WRL_13,0.0,0.0,Green - Normal,89
2024-07-20 09:00:00,WLS_BYC_14,SENS_WLS_BYC_14,0.0,0.0,Green - Normal,98
2024-07-20 09:00:00,WLS_MNK_15,SENS_WLS_MNK_15,0.0,0.0,Green - Normal,97
2024-07-20 10:00:00,WLS_HND_01,SENS_WLS_HND_01,0.0,0.0,Green - Normal,92
2024-07-20 10:00:00,WLS_GND_02,SENS_WLS_GND_02,0.0,0.0,Green - Normal,99
2024-07-20 10:00:00,WLS_MLN_03,SENS_WLS_MLN_03,0.0,0.0,Green - Normal,93
2024-07-20 10:00:00,WLS_AND_04,SENS_WLS_AND_04,0.0,0.0,Green - Normal,97
2024-07-20 10:00:00,WLS_KHR_05,SENS_WLS_KHR_05,0.0,0.0,Green - Normal,100
2024-07-20 10:00:00,WLS_KRL_06,SENS_WLS_KRL_06,0.0,0.0,Green - Normal,94
2024-07-20 10:00:00,WLS_SIO_07,SENS_WLS_SIO_07,0.0,0.0,Green - Normal,99
2024-07-20 10:00:00,WLS_DDR_08,SENS_WLS_DDR_08,0.0,0.0,Green - Normal,98
2024-07-20 10:00:00,WLS_CHM_09,SENS_WLS_CHM_09,0.0,0.0,Green - Normal,94
2024-07-20 10:00:00,WLS_MLD_10,SENS_WLS_MLD_10,0.0,0.0,Green - Normal,88
2024-07-20 10:00:00,WLS_DHS_11,SENS_WLS_DHS_11,0.0,0.0,Green - Normal,93
2024-07-20 10:00:00,WLS_CHN_12,SENS_WLS_CHN_12,0.0,0.0,Green - Normal,95
2024-07-20 10:00:00,WLS_WRL_13,SENS_WLS_WRL_13,0.0,0.0,Green - Normal,97
2024-07-20 10:00:00,WLS_BYC_14,SENS_WLS_BYC_14,0.0,0.0,Green - Normal,92
2024-07-20 10:00:00,WLS_MNK_15,SENS_WLS_MNK_15,0.0,0.0,Green - Normal,100
2024-07-20 11:00:00,WLS_HND_01,SENS_WLS_HND_01,3.3,0.0,Green - Normal,88
2024-07-20 11:00:00,WLS_GND_02,SENS_WLS_GND_02,1.3,0.0,Green - Normal,98
2024-07-20 11:00:00,WLS_MLN_03,SENS_WLS_MLN_03,5.1,0.97,Green - Normal,89
2024-07-20 11:00:00,WLS_AND_04,SENS_WLS_AND_04,8.5,0.19,Green - Normal,88
2024-07-20 11:00:00,WLS_KHR_05,SENS_WLS_KHR_05,0.0,0.0,Green - Normal,91
2024-07-20 11:00:00,WLS_KRL_06,SENS_WLS_KRL_06,3.2,0.0,Green - Normal,95
2024-07-20 11:00:00,WLS_SIO_07,SENS_WLS_SIO_07,0.0,0.0,Green - Normal,93
2024-07-20 11:00:00,WLS_DDR_08,SENS_WLS_DDR_08,1.6,0.0,Green - Normal,88
2024-07-20 11:00:00,WLS_CHM_09,SENS_WLS_CHM_09,0.0,0.0,Green - Normal,94
2024-07-20 11:00:00,WLS_MLD_10,SENS_WLS_MLD_10,7.7,0.52,Green - Normal,99
2024-07-20 11:00:00,WLS_DHS_11,SENS_WLS_DHS_11,0.0,0.0,Green - Normal,96
2024-07-20 11:00:00,WLS_CHN_12,SENS_WLS_CHN_12,1.2,0.0,Green - Normal,88
2024-07-20 11:00:00,WLS_WRL_13,SENS_WLS_WRL_13,0.0,0.0,Green - Normal,98
2024-07-20 11:00:00,WLS_BYC_14,SENS_WLS_BYC_14,2.6,0.0,Green - Normal,95
2024-07-20 11:00:00,WLS_MNK_15,SENS_WLS_MNK_15,1.3,0.0,Green - Normal,98
2024-07-20 12:00:00,WLS_HND_01,SENS_WLS_HND_01,0.0,0.0,Green - Normal,100
2024-07-20 12:00:00,WLS_GND_02,SENS_WLS_GND_02,0.0,0.0,Green - Normal,97
2024-07-20 12:00:00,WLS_MLN_03,SENS_WLS_MLN_03,0.0,0.0,Green - Normal,96
2024-07-20 12:00:00,WLS_AND_04,SENS_WLS_AND_04,0.0,0.0,Green - Normal,94
2024-07-20 12:00:00,WLS_KHR_05,SENS_WLS_KHR_05,0.0,0.0,Green - Normal,88
2024-07-20 12:00:00,WLS_KRL_06,SENS_WLS_KRL_06,0.0,0.0,Green - Normal,90
2024-07-20 12:00:00,WLS_SIO_07,SENS_WLS_SIO_07,0.0,0.0,Green - Normal,96
2024-07-20 12:00:00,WLS_DDR_08,SENS_WLS_DDR_08,0.0,0.0,Green - Normal,89
2024-07-20 12:00:00,WLS_CHM_09,SENS_WLS_CHM_09,0.0,0.0,Green - Normal,92
2024-07-20 12:00:00,WLS_MLD_10,SENS_WLS_MLD_10,0.0,0.0,Green - Normal,96
2024-07-20 12:00:00,WLS_DHS_11,SENS_WLS_DHS_11,0.0,0.0,Green - Normal,93
2024-07-20 12:00:00,WLS_CHN_12,SENS_WLS_CHN_12,0.0,0.0,Green - Normal,97
2024-07-20 12:00:00,WLS_WRL_13,SENS_WLS_WRL_13,0.0,0.0,Green - Normal,95
2024-07-20 12:00:00,WLS_BYC_14,SENS_WLS_BYC_14,0.0,0.0,Green - Normal,96
2024-07-20 12:00:00,WLS_MNK_15,SENS_WLS_MNK_15,0.0,0.0,Green - Normal,92
2024-07-20 13:00:00,WLS_HND_01,SENS_WLS_HND_01,0.0,0.0,Green - Normal,90
2024-07-20 13:00:00,WLS_GND_02,SENS_WLS_GND_02,0.0,0.0,Green - Normal,96
2024-07-20 13:00:00,WLS_MLN_03,SENS_WLS_MLN_03,0.0,0.0,Green - Normal,96
2024-07-20 13:00:00,WLS_AND_04,SENS_WLS_AND_04,0.0,0.0,Green - Normal,90
2024-07-20 13:00:00,WLS_KHR_05,SENS_WLS_KHR_05,0.0,0.0,Green - Normal,91
2024-07-20 13:00:00,WLS_KRL_06,SENS_WLS_KRL_06,0.0,0.0,Green - Normal,93
2024-07-20 13:00:00,WLS_SIO_07,SENS_WLS_SIO_07,0.0,0.0,Green - Normal,100
2024-07-20 13:00:00,WLS_DDR_08,SENS_WLS_DDR_08,0.0,0.0,Green - Normal,96
2024-07-20 13:00:00,WLS_CHM_09,SENS_WLS_CHM_09,0.0,0.0,Green - Normal,100
2024-07-20 13:00:00,WLS_MLD_10,SENS_WLS_MLD_10,0.0,0.0,Green - Normal,99
2024-07-20 13:00:00,WLS_DHS_11,SENS_WLS_DHS_11,0.0,0.0,Green - Normal,90
2024-07-20 13:00:00,WLS_CHN_12,SENS_WLS_CHN_12,0.0,0.0,Green - Normal,94
2024-07-20 13:00:00,WLS_WRL_13,SENS_WLS_WRL_13,0.0,0.0,Green - Normal,96
2024-07-20 13:00:00,WLS_BYC_14,SENS_WLS_BYC_14,0.0,0.0,Green - Normal,88
2024-07-20 13:00:00,WLS_MNK_15,SENS_WLS_MNK_15,0.0,0.0,Green - Normal,90
2024-07-20 14:00:00,WLS_HND_01,SENS_WLS_HND_01,0.0,0.0,Green - Normal,96
2024-07-20 14:00:00,WLS_GND_02,SENS_WLS_GND_02,0.0,0.0,Green - Normal,100
2024-07-20 14:00:00,WLS_MLN_03,SENS_WLS_MLN_03,0.0,0.0,Green - Normal,91
2024-07-20 14:00:00,WLS_AND_04,SENS_WLS_AND_04,0.0,0.0,Green - Normal,92
2024-07-20 14:00:00,WLS_KHR_05,SENS_WLS_KHR_05,0.0,0.0,Green - Normal,98
2024-07-20 14:00:00,WLS_KRL_06,SENS_WLS_KRL_06,0.0,0.0,Green - Normal,97
2024-07-20 14:00:00,WLS_SIO_07,SENS_WLS_SIO_07,0.0,0.0,Green - Normal,100
2024-07-20 14:00:00,WLS_DDR_08,SENS_WLS_DDR_08,0.0,0.0,Green - Normal,88
2024-07-20 14:00:00,WLS_CHM_09,SENS_WLS_CHM_09,0.0,0.0,Green - Normal,88
2024-07-20 14:00:00,WLS_MLD_10,SENS_WLS_MLD_10,0.0,0.0,Green - Normal,90
2024-07-20 14:00:00,WLS_DHS_11,SENS_WLS_DHS_11,0.0,0.0,Green - Normal,90
2024-07-20 14:00:00,WLS_CHN_12,SENS_WLS_CHN_12,0.0,0.0,Green - Normal,97
2024-07-20 14:00:00,WLS_WRL_13,SENS_WLS_WRL_13,0.0,0.0,Green - Normal,93
2024-07-20 14:00:00,WLS_BYC_14,SENS_WLS_BYC_14,0.0,0.0,Green - Normal,93
2024-07-20 14:00:00,WLS_MNK_15,SENS_WLS_MNK_15,0.0,0.0,Green - Normal,100
2024-07-20 15:00:00,WLS_HND_01,SENS_WLS_HND_01,0.0,0.0,Green - Normal,98
2024-07-20 15:00:00,WLS_GND_02,SENS_WLS_GND_02,0.0,0.0,Green - Normal,98
2024-07-20 15:00:00,WLS_MLN_03,SENS_WLS_MLN_03,0.0,0.0,Green - Normal,97
2024-07-20 15:00:00,WLS_AND_04,SENS_WLS_AND_04,0.0,0.0,Green - Normal,100
2024-07-20 15:00:00,WLS_KHR_05,SENS_WLS_KHR_05,0.0,0.0,Green - Normal,89
2024-07-20 15:00:00,WLS_KRL_06,SENS_WLS_KRL_06,0.0,0.0,Green - Normal,95
2024-07-20 15:00:00,WLS_SIO_07,SENS_WLS_SIO_07,0.0,0.0,Green - Normal,90
2024-07-20 15:00:00,WLS_DDR_08,SENS_WLS_DDR_08,0.0,0.0,Green - Normal,93
2024-07-20 15:00:00,WLS_CHM_09,SENS_WLS_CHM_09,0.0,0.0,Green - Normal,88
2024-07-20 15:00:00,WLS_MLD_10,SENS_WLS_MLD_10,0.0,0.0,Green - Normal,92
2024-07-20 15:00:00,WLS_DHS_11,SENS_WLS_DHS_11,0.0,0.0,Green - Normal,90
2024-07-20 15:00:00,WLS_CHN_12,SENS_WLS_CHN_12,0.0,0.0,Green - Normal,91
2024-07-20 15:00:00,WLS_WRL_13,SENS_WLS_WRL_13,0.0,0.0,Green - Normal,90
2024-07-20 15:00:00,WLS_BYC_14,SENS_WLS_BYC_14,0.0,0.0,Green - Normal,88
2024-07-20 15:00:00,WLS_MNK_15,SENS_WLS_MNK_15,0.0,0.0,Green - Normal,90
2024-07-20 16:00:00,WLS_HND_01,SENS_WLS_HND_01,0.0,0.0,Green - Normal,98
2024-07-20 16:00:00,WLS_GND_02,SENS_WLS_GND_02,0.0,0.0,Green - Normal,100
2024-07-20 16:00:00,WLS_MLN_03,SENS_WLS_MLN_03,0.0,0.0,Green - Normal,89
2024-07-20 16:00:00,WLS_AND_04,SENS_WLS_AND_04,0.0,0.0,Green - Normal,91
2024-07-20 16:00:00,WLS_KHR_05,SENS_WLS_KHR_05,0.0,0.0,Green - Normal,93
2024-07-20 16:00:00,WLS_KRL_06,SENS_WLS_KRL_06,0.0,0.0,Green - Normal,92
2024-07-20 16:00:00,WLS_SIO_07,SENS_WLS_SIO_07,0.0,0.0,Green - Normal,93
2024-07-20 16:00:00,WLS_DDR_08,SENS_WLS_DDR_08,0.0,0.0,Green - Normal,92
2024-07-20 16:00:00,WLS_CHM_09,SENS_WLS_CHM_09,0.0,0.0,Green - Normal,96
2024-07-20 16:00:00,WLS_MLD_10,SENS_WLS_MLD_10,0.0,0.0,Green - Normal,95
2024-07-20 16:00:00,WLS_DHS_11,SENS_WLS_DHS_11,0.0,0.0,Green - Normal,98
2024-07-20 16:00:00,WLS_CHN_12,SENS_WLS_CHN_12,0.0,0.0,Green - Normal,89
2024-07-20 16:00:00,WLS_WRL_13,SENS_WLS_WRL_13,0.0,0.0,Green - Normal,93
2024-07-20 16:00:00,WLS_BYC_14,SENS_WLS_BYC_14,0.0,0.0,Green - Normal,93
2024-07-20 16:00:00,WLS_MNK_15,SENS_WLS_MNK_15,0.0,0.0,Green - Normal,89
2024-07-20 17:00:00,WLS_HND_01,SENS_WLS_HND_01,0.0,0.0,Green - Normal,99
2024-07-20 17:00:00,WLS_GND_02,SENS_WLS_GND_02,0.0,0.0,Green - Normal,98
2024-07-20 17:00:00,WLS_MLN_03,SENS_WLS_MLN_03,0.0,0.0,Green - Normal,88
2024-07-20 17:00:00,WLS_AND_04,SENS_WLS_AND_04,0.0,0.0,Green - Normal,94
2024-07-20 17:00:00,WLS_KHR_05,SENS_WLS_KHR_05,0.0,0.0,Green - Normal,99
2024-07-20 17:00:00,WLS_KRL_06,SENS_WLS_KRL_06,0.0,0.0,Green - Normal,88
2024-07-20 17:00:00,WLS_SIO_07,SENS_WLS_SIO_07,0.0,0.0,Green - Normal,88
2024-07-20 17:00:00,WLS_DDR_08,SENS_WLS_DDR_08,0.0,0.0,Green - Normal,88
2024-07-20 17:00:00,WLS_CHM_09,SENS_WLS_CHM_09,0.0,0.0,Green - Normal,89
2024-07-20 17:00:00,WLS_MLD_10,SENS_WLS_MLD_10,0.0,0.0,Green - Normal,99
2024-07-20 17:00:00,WLS_DHS_11,SENS_WLS_DHS_11,0.0,0.0,Green - Normal,89
2024-07-20 17:00:00,WLS_CHN_12,SENS_WLS_CHN_12,0.0,0.0,Green - Normal,94
2024-07-20 17:00:00,WLS_WRL_13,SENS_WLS_WRL_13,0.0,0.0,Green - Normal,89
2024-07-20 17:00:00,WLS_BYC_14,SENS_WLS_BYC_14,0.0,0.0,Green - Normal,91
2024-07-20 17:00:00,WLS_MNK_15,SENS_WLS_MNK_15,0.0,0.0,Green - Normal,91
2024-07-20 18:00:00,WLS_HND_01,SENS_WLS_HND_01,0.0,0.0,Green - Normal,91
2024-07-20 18:00:00,WLS_GND_02,SENS_WLS_GND_02,0.0,0.0,Green - Normal,90
2024-07-20 18:00:00,WLS_MLN_03,SENS_WLS_MLN_03,0.0,0.0,Green - Normal,100
2024-07-20 18:00:00,WLS_AND_04,SENS_WLS_AND_04,0.0,0.0,Green - Normal,98
2024-07-20 18:00:00,WLS_KHR_05,SENS_WLS_KHR_05,0.0,0.0,Green - Normal,93
2024-07-20 18:00:00,WLS_KRL_06,SENS_WLS_KRL_06,0.0,0.0,Green - Normal,90
2024-07-20 18:00:00,WLS_SIO_07,SENS_WLS_SIO_07,0.0,0.0,Green - Normal,96
2024-07-20 18:00:00,WLS_DDR_08,SENS_WLS_DDR_08,0.0,0.0,Green - Normal,97
2024-07-20 18:00:00,WLS_CHM_09,SENS_WLS_CHM_09,0.0,0.0,Green - Normal,90
2024-07-20 18:00:00,WLS_MLD_10,SENS_WLS_MLD_10,0.0,0.0,Green - Normal,90
2024-07-20 18:00:00,WLS_DHS_11,SENS_WLS_DHS_11,0.0,0.0,Green - Normal,99
2024-07-20 18:00:00,WLS_CHN_12,SENS_WLS_CHN_12,0.0,0.0,Green - Normal,93
2024-07-20 18:00:00,WLS_WRL_13,SENS_WLS_WRL_13,0.0,0.0,Green - Normal,98
2024-07-20 18:00:00,WLS_BYC_14,SENS_WLS_BYC_14,0.0,0.0,Green - Normal,94
2024-07-20 18:00:00,WLS_MNK_15,SENS_WLS_MNK_15,0.0,0.0,Green - Normal,98
2024-07-20 19:00:00,WLS_HND_01,SENS_WLS_HND_01,0.0,0.0,Green - Normal,88
2024-07-20 19:00:00,WLS_GND_02,SENS_WLS_GND_02,0.0,0.0,Green - Normal,93
2024-07-20 19:00:00,WLS_MLN_03,SENS_WLS_MLN_03,0.0,0.0,Green - Normal,94
2024-07-20 19:00:00,WLS_AND_04,SENS_WLS_AND_04,0.0,0.0,Green - Normal,100
2024-07-20 19:00:00,WLS_KHR_05,SENS_WLS_KHR_05,0.0,0.0,Green - Normal,100
2024-07-20 19:00:00,WLS_KRL_06,SENS_WLS_KRL_06,0.0,0.0,Green - Normal,99
2024-07-20 19:00:00,WLS_SIO_07,SENS_WLS_SIO_07,0.0,0.0,Green - Normal,99
2024-07-20 19:00:00,WLS_DDR_08,SENS_WLS_DDR_08,0.0,0.0,Green - Normal,98
2024-07-20 19:00:00,WLS_CHM_09,SENS_WLS_CHM_09,0.0,0.0,Green - Normal,89
2024-07-20 19:00:00,WLS_MLD_10,SENS_WLS_MLD_10,0.0,0.0,Green - Normal,92
2024-07-20 19:00:00,WLS_DHS_11,SENS_WLS_DHS_11,0.0,0.0,Green - Normal,99
2024-07-20 19:00:00,WLS_CHN_12,SENS_WLS_CHN_12,0.0,0.0,Green - Normal,92
2024-07-20 19:00:00,WLS_WRL_13,SENS_WLS_WRL_13,0.0,0.0,Green - Normal,93
2024-07-20 19:00:00,WLS_BYC_14,SENS_WLS_BYC_14,0.0,0.0,Green - Normal,96
2024-07-20 19:00:00,WLS_MNK_15,SENS_WLS_MNK_15,0.0,0.0,Green - Normal,92
2024-07-20 20:00:00,WLS_HND_01,SENS_WLS_HND_01,0.0,0.0,Green - Normal,98
2024-07-20 20:00:00,WLS_GND_02,SENS_WLS_GND_02,0.0,0.0,Green - Normal,100
2024-07-20 20:00:00,WLS_MLN_03,SENS_WLS_MLN_03,3.1,0.0,Green - Normal,100
2024-07-20 20:00:00,WLS_AND_04,SENS_WLS_AND_04,0.0,0.0,Green - Normal,98
2024-07-20 20:00:00,WLS_KHR_05,SENS_WLS_KHR_05,1.2,0.0,Green - Normal,88
2024-07-20 20:00:00,WLS_KRL_06,SENS_WLS_KRL_06,0.0,0.0,Green - Normal,91
2024-07-20 20:00:00,WLS_SIO_07,SENS_WLS_SIO_07,0.0,0.0,Green - Normal,94
2024-07-20 20:00:00,WLS_DDR_08,SENS_WLS_DDR_08,0.0,0.0,Green - Normal,89
2024-07-20 20:00:00,WLS_CHM_09,SENS_WLS_CHM_09,0.0,0.0,Green - Normal,99
2024-07-20 20:00:00,WLS_MLD_10,SENS_WLS_MLD_10,0.0,0.0,Green - Normal,100
2024-07-20 20:00:00,WLS_DHS_11,SENS_WLS_DHS_11,0.0,0.0,Green - Normal,93
2024-07-20 20:00:00,WLS_CHN_12,SENS_WLS_CHN_12,0.4,0.0,Green - Normal,90
2024-07-20 20:00:00,WLS_WRL_13,SENS_WLS_WRL_13,0.0,0.0,Green - Normal,96
2024-07-20 20:00:00,WLS_BYC_14,SENS_WLS_BYC_14,0.0,0.0,Green - Normal,98
2024-07-20 20:00:00,WLS_MNK_15,SENS_WLS_MNK_15,1.4,0.0,Green - Normal,92
2024-07-20 21:00:00,WLS_HND_01,SENS_WLS_HND_01,2.6,0.0,Green - Normal,92
2024-07-20 21:00:00,WLS_GND_02,SENS_WLS_GND_02,0.0,0.0,Green - Normal,88
2024-07-20 21:00:00,WLS_MLN_03,SENS_WLS_MLN_03,0.0,0.0,Green - Normal,93
2024-07-20 21:00:00,WLS_AND_04,SENS_WLS_AND_04,7.1,0.42,Green - Normal,98
2024-07-20 21:00:00,WLS_KHR_05,SENS_WLS_KHR_05,1.6,0.0,Green - Normal,100
2024-07-20 21:00:00,WLS_KRL_06,SENS_WLS_KRL_06,0.0,0.0,Green - Normal,94
2024-07-20 21:00:00,WLS_SIO_07,SENS_WLS_SIO_07,0.1,0.0,Green - Normal,88
2024-07-20 21:00:00,WLS_DDR_08,SENS_WLS_DDR_08,0.0,0.0,Green - Normal,94
2024-07-20 21:00:00,WLS_CHM_09,SENS_WLS_CHM_09,0.0,0.0,Green - Normal,100
2024-07-20 21:00:00,WLS_MLD_10,SENS_WLS_MLD_10,4.6,0.0,Green - Normal,89
2024-07-20 21:00:00,WLS_DHS_11,SENS_WLS_DHS_11,0.8,0.0,Green - Normal,88
2024-07-20 21:00:00,WLS_CHN_12,SENS_WLS_CHN_12,0.0,0.0,Green - Normal,89
2024-07-20 21:00:00,WLS_WRL_13,SENS_WLS_WRL_13,0.0,0.0,Green - Normal,90
2024-07-20 21:00:00,WLS_BYC_14,SENS_WLS_BYC_14,0.0,0.0,Green - Normal,95
2024-07-20 21:00:00,WLS_MNK_15,SENS_WLS_MNK_15,0.0,0.0,Green - Normal,99
2024-07-20 22:00:00,WLS_HND_01,SENS_WLS_HND_01,0.0,0.0,Green - Normal,94
2024-07-20 22:00:00,WLS_GND_02,SENS_WLS_GND_02,0.0,0.0,Green - Normal,95
2024-07-20 22:00:00,WLS_MLN_03,SENS_WLS_MLN_03,0.0,0.0,Green - Normal,95
2024-07-20 22:00:00,WLS_AND_04,SENS_WLS_AND_04,0.6,0.0,Green - Normal,96
2024-07-20 22:00:00,WLS_KHR_05,SENS_WLS_KHR_05,0.0,0.0,Green - Normal,92
2024-07-20 22:00:00,WLS_KRL_06,SENS_WLS_KRL_06,0.0,0.0,Green - Normal,100
2024-07-20 22:00:00,WLS_SIO_07,SENS_WLS_SIO_07,0.0,0.0,Green - Normal,98
2024-07-20 22:00:00,WLS_DDR_08,SENS_WLS_DDR_08,0.0,0.0,Green - Normal,94
2024-07-20 22:00:00,WLS_CHM_09,SENS_WLS_CHM_09,0.0,0.0,Green - Normal,93
2024-07-20 22:00:00,WLS_MLD_10,SENS_WLS_MLD_10,0.4,0.0,Green - Normal,94
2024-07-20 22:00:00,WLS_DHS_11,SENS_WLS_DHS_11,0.0,0.0,Green - Normal,99
2024-07-20 22:00:00,WLS_CHN_12,SENS_WLS_CHN_12,0.0,0.0,Green - Normal,88
2024-07-20 22:00:00,WLS_WRL_13,SENS_WLS_WRL_13,0.0,0.0,Green - Normal,91
2024-07-20 22:00:00,WLS_BYC_14,SENS_WLS_BYC_14,0.0,0.0,Green - Normal,94
2024-07-20 22:00:00,WLS_MNK_15,SENS_WLS_MNK_15,0.0,0.0,Green - Normal,91
2024-07-20 23:00:00,WLS_HND_01,SENS_WLS_HND_01,0.0,0.0,Green - Normal,95
2024-07-20 23:00:00,WLS_GND_02,SENS_WLS_GND_02,0.0,0.0,Green - Normal,90
2024-07-20 23:00:00,WLS_MLN_03,SENS_WLS_MLN_03,0.0,0.0,Green - Normal,99
2024-07-20 23:00:00,WLS_AND_04,SENS_WLS_AND_04,0.0,0.0,Green - Normal,94
2024-07-20 23:00:00,WLS_KHR_05,SENS_WLS_KHR_05,0.0,0.0,Green - Normal,98
2024-07-20 23:00:00,WLS_KRL_06,SENS_WLS_KRL_06,0.0,0.0,Green - Normal,94
2024-07-20 23:00:00,WLS_SIO_07,SENS_WLS_SIO_07,0.0,0.0,Green - Normal,90
2024-07-20 23:00:00,WLS_DDR_08,SENS_WLS_DDR_08,0.0,0.0,Green - Normal,100
2024-07-20 23:00:00,WLS_CHM_09,SENS_WLS_CHM_09,0.0,0.0,Green - Normal,92
2024-07-20 23:00:00,WLS_MLD_10,SENS_WLS_MLD_10,0.0,0.0,Green - Normal,96
2024-07-20 23:00:00,WLS_DHS_11,SENS_WLS_DHS_11,0.0,0.0,Green - Normal,96
2024-07-20 23:00:00,WLS_CHN_12,SENS_WLS_CHN_12,0.0,0.0,Green - Normal,93
2024-07-20 23:00:00,WLS_WRL_13,SENS_WLS_WRL_13,0.0,0.0,Green - Normal,98
2024-07-20 23:00:00,WLS_BYC_14,SENS_WLS_BYC_14,0.0,0.0,Green - Normal,92
2024-07-20 23:00:00,WLS_MNK_15,SENS_WLS_MNK_15,0.0,0.0,Green - Normal,92
2024-07-21 00:00:00,WLS_HND_01,SENS_WLS_HND_01,145.2,0.64,Red Alert - Inundated,95
2024-07-21 00:00:00,WLS_GND_02,SENS_WLS_GND_02,134.1,1.32,Red Alert - Inundated,88
2024-07-21 00:00:00,WLS_MLN_03,SENS_WLS_MLN_03,196.9,1.22,Red Alert - Inundated,96
2024-07-21 00:00:00,WLS_AND_04,SENS_WLS_AND_04,209.4,0.13,Red Alert - Inundated,93
2024-07-21 00:00:00,WLS_KHR_05,SENS_WLS_KHR_05,178.2,0.85,Red Alert - Inundated,98
2024-07-21 00:00:00,WLS_KRL_06,SENS_WLS_KRL_06,120.2,0.63,Red Alert - Inundated,88
2024-07-21 00:00:00,WLS_SIO_07,SENS_WLS_SIO_07,130.4,0.14,Red Alert - Inundated,93
2024-07-21 00:00:00,WLS_DDR_08,SENS_WLS_DDR_08,92.1,0.11,Red Alert - Inundated,93
2024-07-21 00:00:00,WLS_CHM_09,SENS_WLS_CHM_09,72.8,1.12,Red Alert - Inundated,89
2024-07-21 00:00:00,WLS_MLD_10,SENS_WLS_MLD_10,175.8,0.68,Red Alert - Inundated,96
2024-07-21 00:00:00,WLS_DHS_11,SENS_WLS_DHS_11,158.3,0.73,Red Alert - Inundated,97
2024-07-21 00:00:00,WLS_CHN_12,SENS_WLS_CHN_12,134.2,0.61,Red Alert - Inundated,100
2024-07-21 00:00:00,WLS_WRL_13,SENS_WLS_WRL_13,64.4,0.17,Red Alert - Inundated,92
2024-07-21 00:00:00,WLS_BYC_14,SENS_WLS_BYC_14,108.9,0.3,Red Alert - Inundated,96
2024-07-21 00:00:00,WLS_MNK_15,SENS_WLS_MNK_15,155.8,1.39,Red Alert - Inundated,99
2024-07-21 01:00:00,WLS_HND_01,SENS_WLS_HND_01,158.2,0.33,Red Alert - Inundated,100
2024-07-21 01:00:00,WLS_GND_02,SENS_WLS_GND_02,142.0,1.08,Red Alert - Inundated,88
2024-07-21 01:00:00,WLS_MLN_03,SENS_WLS_MLN_03,215.0,0.22,Red Alert - Inundated,100
2024-07-21 01:00:00,WLS_AND_04,SENS_WLS_AND_04,219.5,0.14,Red Alert - Inundated,100
2024-07-21 01:00:00,WLS_KHR_05,SENS_WLS_KHR_05,192.0,0.82,Red Alert - Inundated,91
2024-07-21 01:00:00,WLS_KRL_06,SENS_WLS_KRL_06,123.4,1.06,Red Alert - Inundated,92
2024-07-21 01:00:00,WLS_SIO_07,SENS_WLS_SIO_07,138.4,0.18,Red Alert - Inundated,92
2024-07-21 01:00:00,WLS_DDR_08,SENS_WLS_DDR_08,99.1,0.32,Red Alert - Inundated,97
2024-07-21 01:00:00,WLS_CHM_09,SENS_WLS_CHM_09,81.7,1.11,Red Alert - Inundated,96
2024-07-21 01:00:00,WLS_MLD_10,SENS_WLS_MLD_10,183.8,1.11,Red Alert - Inundated,90
2024-07-21 01:00:00,WLS_DHS_11,SENS_WLS_DHS_11,176.2,1.29,Red Alert - Inundated,89
2024-07-21 01:00:00,WLS_CHN_12,SENS_WLS_CHN_12,150.0,0.95,Red Alert - Inundated,91
2024-07-21 01:00:00,WLS_WRL_13,SENS_WLS_WRL_13,71.8,1.3,Red Alert - Inundated,100
2024-07-21 01:00:00,WLS_BYC_14,SENS_WLS_BYC_14,116.1,1.37,Red Alert - Inundated,89
2024-07-21 01:00:00,WLS_MNK_15,SENS_WLS_MNK_15,162.7,0.43,Red Alert - Inundated,90
2024-07-21 02:00:00,WLS_HND_01,SENS_WLS_HND_01,155.3,1.29,Red Alert - Inundated,96
2024-07-21 02:00:00,WLS_GND_02,SENS_WLS_GND_02,152.3,1.37,Red Alert - Inundated,89
2024-07-21 02:00:00,WLS_MLN_03,SENS_WLS_MLN_03,215.9,0.72,Red Alert - Inundated,100
2024-07-21 02:00:00,WLS_AND_04,SENS_WLS_AND_04,224.6,0.73,Red Alert - Inundated,95
2024-07-21 02:00:00,WLS_KHR_05,SENS_WLS_KHR_05,203.0,0.7,Red Alert - Inundated,92
2024-07-21 02:00:00,WLS_KRL_06,SENS_WLS_KRL_06,134.3,0.74,Red Alert - Inundated,95
2024-07-21 02:00:00,WLS_SIO_07,SENS_WLS_SIO_07,141.3,0.19,Red Alert - Inundated,88
2024-07-21 02:00:00,WLS_DDR_08,SENS_WLS_DDR_08,99.7,1.07,Red Alert - Inundated,96
2024-07-21 02:00:00,WLS_CHM_09,SENS_WLS_CHM_09,78.6,1.18,Red Alert - Inundated,94
2024-07-21 02:00:00,WLS_MLD_10,SENS_WLS_MLD_10,187.3,0.48,Red Alert - Inundated,94
2024-07-21 02:00:00,WLS_DHS_11,SENS_WLS_DHS_11,182.1,0.85,Red Alert - Inundated,88
2024-07-21 02:00:00,WLS_CHN_12,SENS_WLS_CHN_12,152.8,1.07,Red Alert - Inundated,100
2024-07-21 02:00:00,WLS_WRL_13,SENS_WLS_WRL_13,65.2,1.13,Red Alert - Inundated,93
2024-07-21 02:00:00,WLS_BYC_14,SENS_WLS_BYC_14,124.5,0.65,Red Alert - Inundated,97
2024-07-21 02:00:00,WLS_MNK_15,SENS_WLS_MNK_15,172.9,0.21,Red Alert - Inundated,95
2024-07-21 03:00:00,WLS_HND_01,SENS_WLS_HND_01,98.2,1.33,Red Alert - Inundated,91
2024-07-21 03:00:00,WLS_GND_02,SENS_WLS_GND_02,90.3,0.35,Red Alert - Inundated,90
2024-07-21 03:00:00,WLS_MLN_03,SENS_WLS_MLN_03,137.8,0.87,Red Alert - Inundated,93
2024-07-21 03:00:00,WLS_AND_04,SENS_WLS_AND_04,145.2,0.65,Red Alert - Inundated,89
2024-07-21 03:00:00,WLS_KHR_05,SENS_WLS_KHR_05,131.4,0.73,Red Alert - Inundated,94
2024-07-21 03:00:00,WLS_KRL_06,SENS_WLS_KRL_06,80.1,1.18,Red Alert - Inundated,95
2024-07-21 03:00:00,WLS_SIO_07,SENS_WLS_SIO_07,85.1,0.34,Red Alert - Inundated,94
2024-07-21 03:00:00,WLS_DDR_08,SENS_WLS_DDR_08,65.6,0.65,Red Alert - Inundated,99
2024-07-21 03:00:00,WLS_CHM_09,SENS_WLS_CHM_09,52.2,0.44,Red Alert - Inundated,89
2024-07-21 03:00:00,WLS_MLD_10,SENS_WLS_MLD_10,119.6,0.36,Red Alert - Inundated,92
2024-07-21 03:00:00,WLS_DHS_11,SENS_WLS_DHS_11,118.8,0.4,Red Alert - Inundated,97
2024-07-21 03:00:00,WLS_CHN_12,SENS_WLS_CHN_12,95.3,0.3,Red Alert - Inundated,99
2024-07-21 03:00:00,WLS_WRL_13,SENS_WLS_WRL_13,37.3,0.57,Amber Alert - Waterlogging,99
2024-07-21 03:00:00,WLS_BYC_14,SENS_WLS_BYC_14,71.3,1.04,Red Alert - Inundated,93
2024-07-21 03:00:00,WLS_MNK_15,SENS_WLS_MNK_15,107.6,0.66,Red Alert - Inundated,92
2024-07-21 04:00:00,WLS_HND_01,SENS_WLS_HND_01,93.1,1.34,Red Alert - Inundated,88
2024-07-21 04:00:00,WLS_GND_02,SENS_WLS_GND_02,86.1,0.47,Red Alert - Inundated,99
2024-07-21 04:00:00,WLS_MLN_03,SENS_WLS_MLN_03,133.6,1.39,Red Alert - Inundated,96
2024-07-21 04:00:00,WLS_AND_04,SENS_WLS_AND_04,141.9,0.57,Red Alert - Inundated,91
2024-07-21 04:00:00,WLS_KHR_05,SENS_WLS_KHR_05,121.5,1.28,Red Alert - Inundated,95
2024-07-21 04:00:00,WLS_KRL_06,SENS_WLS_KRL_06,80.3,0.96,Red Alert - Inundated,95
2024-07-21 04:00:00,WLS_SIO_07,SENS_WLS_SIO_07,79.9,0.13,Red Alert - Inundated,100
2024-07-21 04:00:00,WLS_DDR_08,SENS_WLS_DDR_08,56.8,1.25,Red Alert - Inundated,88
2024-07-21 04:00:00,WLS_CHM_09,SENS_WLS_CHM_09,49.7,0.29,Red Alert - Inundated,96
2024-07-21 04:00:00,WLS_MLD_10,SENS_WLS_MLD_10,117.8,0.47,Red Alert - Inundated,98
2024-07-21 04:00:00,WLS_DHS_11,SENS_WLS_DHS_11,104.6,0.49,Red Alert - Inundated,90
2024-07-21 04:00:00,WLS_CHN_12,SENS_WLS_CHN_12,93.7,0.15,Red Alert - Inundated,88
2024-07-21 04:00:00,WLS_WRL_13,SENS_WLS_WRL_13,43.4,0.31,Amber Alert - Waterlogging,99
2024-07-21 04:00:00,WLS_BYC_14,SENS_WLS_BYC_14,69.5,0.36,Red Alert - Inundated,93
2024-07-21 04:00:00,WLS_MNK_15,SENS_WLS_MNK_15,99.4,0.77,Red Alert - Inundated,99
2024-07-21 05:00:00,WLS_HND_01,SENS_WLS_HND_01,162.9,0.48,Red Alert - Inundated,93
2024-07-21 05:00:00,WLS_GND_02,SENS_WLS_GND_02,153.3,0.32,Red Alert - Inundated,96
2024-07-21 05:00:00,WLS_MLN_03,SENS_WLS_MLN_03,222.6,0.56,Red Alert - Inundated,88
2024-07-21 05:00:00,WLS_AND_04,SENS_WLS_AND_04,231.7,0.61,Red Alert - Inundated,100
2024-07-21 05:00:00,WLS_KHR_05,SENS_WLS_KHR_05,198.6,0.67,Red Alert - Inundated,92
2024-07-21 05:00:00,WLS_KRL_06,SENS_WLS_KRL_06,133.9,0.57,Red Alert - Inundated,91
2024-07-21 05:00:00,WLS_SIO_07,SENS_WLS_SIO_07,141.2,1.01,Red Alert - Inundated,93
2024-07-21 05:00:00,WLS_DDR_08,SENS_WLS_DDR_08,98.2,1.16,Red Alert - Inundated,91
2024-07-21 05:00:00,WLS_CHM_09,SENS_WLS_CHM_09,77.3,0.35,Red Alert - Inundated,88
2024-07-21 05:00:00,WLS_MLD_10,SENS_WLS_MLD_10,189.0,0.46,Red Alert - Inundated,95
2024-07-21 05:00:00,WLS_DHS_11,SENS_WLS_DHS_11,179.4,0.92,Red Alert - Inundated,97
2024-07-21 05:00:00,WLS_CHN_12,SENS_WLS_CHN_12,156.6,0.8,Red Alert - Inundated,97
2024-07-21 05:00:00,WLS_WRL_13,SENS_WLS_WRL_13,66.4,1.27,Red Alert - Inundated,99
2024-07-21 05:00:00,WLS_BYC_14,SENS_WLS_BYC_14,118.7,0.67,Red Alert - Inundated,88
2024-07-21 05:00:00,WLS_MNK_15,SENS_WLS_MNK_15,174.6,0.32,Red Alert - Inundated,92
2024-07-21 06:00:00,WLS_HND_01,SENS_WLS_HND_01,142.6,1.36,Red Alert - Inundated,90
2024-07-21 06:00:00,WLS_GND_02,SENS_WLS_GND_02,136.4,1.39,Red Alert - Inundated,100
2024-07-21 06:00:00,WLS_MLN_03,SENS_WLS_MLN_03,194.9,1.16,Red Alert - Inundated,94
2024-07-21 06:00:00,WLS_AND_04,SENS_WLS_AND_04,205.7,0.47,Red Alert - Inundated,94
2024-07-21 06:00:00,WLS_KHR_05,SENS_WLS_KHR_05,174.6,0.77,Red Alert - Inundated,89
2024-07-21 06:00:00,WLS_KRL_06,SENS_WLS_KRL_06,118.6,0.18,Red Alert - Inundated,89
2024-07-21 06:00:00,WLS_SIO_07,SENS_WLS_SIO_07,127.2,0.53,Red Alert - Inundated,97
2024-07-21 06:00:00,WLS_DDR_08,SENS_WLS_DDR_08,93.3,1.1,Red Alert - Inundated,99
2024-07-21 06:00:00,WLS_CHM_09,SENS_WLS_CHM_09,74.6,1.26,Red Alert - Inundated,96
2024-07-21 06:00:00,WLS_MLD_10,SENS_WLS_MLD_10,167.4,0.66,Red Alert - Inundated,99
2024-07-21 06:00:00,WLS_DHS_11,SENS_WLS_DHS_11,163.0,0.85,Red Alert - Inundated,92
2024-07-21 06:00:00,WLS_CHN_12,SENS_WLS_CHN_12,130.5,0.9,Red Alert - Inundated,100
2024-07-21 06:00:00,WLS_WRL_13,SENS_WLS_WRL_13,61.3,0.11,Red Alert - Inundated,91
2024-07-21 06:00:00,WLS_BYC_14,SENS_WLS_BYC_14,104.2,0.12,Red Alert - Inundated,96
2024-07-21 06:00:00,WLS_MNK_15,SENS_WLS_MNK_15,151.7,1.09,Red Alert - Inundated,91
2024-07-21 07:00:00,WLS_HND_01,SENS_WLS_HND_01,92.3,0.61,Red Alert - Inundated,95
2024-07-21 07:00:00,WLS_GND_02,SENS_WLS_GND_02,87.0,0.69,Red Alert - Inundated,92
2024-07-21 07:00:00,WLS_MLN_03,SENS_WLS_MLN_03,127.9,0.6,Red Alert - Inundated,91
2024-07-21 07:00:00,WLS_AND_04,SENS_WLS_AND_04,136.5,0.38,Red Alert - Inundated,88
2024-07-21 07:00:00,WLS_KHR_05,SENS_WLS_KHR_05,112.3,0.56,Red Alert - Inundated,96
2024-07-21 07:00:00,WLS_KRL_06,SENS_WLS_KRL_06,72.9,0.92,Red Alert - Inundated,89
2024-07-21 07:00:00,WLS_SIO_07,SENS_WLS_SIO_07,84.7,1.2,Red Alert - Inundated,99
2024-07-21 07:00:00,WLS_DDR_08,SENS_WLS_DDR_08,57.5,0.97,Red Alert - Inundated,89
2024-07-21 07:00:00,WLS_CHM_09,SENS_WLS_CHM_09,40.9,1.03,Amber Alert - Waterlogging,96
2024-07-21 07:00:00,WLS_MLD_10,SENS_WLS_MLD_10,105.2,0.75,Red Alert - Inundated,98
2024-07-21 07:00:00,WLS_DHS_11,SENS_WLS_DHS_11,106.6,1.31,Red Alert - Inundated,98
2024-07-21 07:00:00,WLS_CHN_12,SENS_WLS_CHN_12,88.7,0.94,Red Alert - Inundated,96
2024-07-21 07:00:00,WLS_WRL_13,SENS_WLS_WRL_13,42.9,1.19,Amber Alert - Waterlogging,97
2024-07-21 07:00:00,WLS_BYC_14,SENS_WLS_BYC_14,65.0,0.97,Red Alert - Inundated,93
2024-07-21 07:00:00,WLS_MNK_15,SENS_WLS_MNK_15,94.9,0.24,Red Alert - Inundated,94
2024-07-21 08:00:00,WLS_HND_01,SENS_WLS_HND_01,134.2,1.14,Red Alert - Inundated,97
2024-07-21 08:00:00,WLS_GND_02,SENS_WLS_GND_02,124.7,0.13,Red Alert - Inundated,100
2024-07-21 08:00:00,WLS_MLN_03,SENS_WLS_MLN_03,185.2,0.14,Red Alert - Inundated,97
2024-07-21 08:00:00,WLS_AND_04,SENS_WLS_AND_04,189.5,0.2,Red Alert - Inundated,94
2024-07-21 08:00:00,WLS_KHR_05,SENS_WLS_KHR_05,167.8,0.5,Red Alert - Inundated,89
2024-07-21 08:00:00,WLS_KRL_06,SENS_WLS_KRL_06,103.4,0.61,Red Alert - Inundated,99
2024-07-21 08:00:00,WLS_SIO_07,SENS_WLS_SIO_07,116.3,0.31,Red Alert - Inundated,98
2024-07-21 08:00:00,WLS_DDR_08,SENS_WLS_DDR_08,78.9,0.59,Red Alert - Inundated,97
2024-07-21 08:00:00,WLS_CHM_09,SENS_WLS_CHM_09,66.1,0.59,Red Alert - Inundated,93
2024-07-21 08:00:00,WLS_MLD_10,SENS_WLS_MLD_10,155.0,1.38,Red Alert - Inundated,98
2024-07-21 08:00:00,WLS_DHS_11,SENS_WLS_DHS_11,151.4,0.45,Red Alert - Inundated,91
2024-07-21 08:00:00,WLS_CHN_12,SENS_WLS_CHN_12,127.1,1.32,Red Alert - Inundated,90
2024-07-21 08:00:00,WLS_WRL_13,SENS_WLS_WRL_13,52.1,0.84,Red Alert - Inundated,93
2024-07-21 08:00:00,WLS_BYC_14,SENS_WLS_BYC_14,99.7,0.88,Red Alert - Inundated,95
2024-07-21 08:00:00,WLS_MNK_15,SENS_WLS_MNK_15,144.4,1.14,Red Alert - Inundated,96
2024-07-21 09:00:00,WLS_HND_01,SENS_WLS_HND_01,124.7,0.11,Red Alert - Inundated,98
2024-07-21 09:00:00,WLS_GND_02,SENS_WLS_GND_02,111.5,0.66,Red Alert - Inundated,95
2024-07-21 09:00:00,WLS_MLN_03,SENS_WLS_MLN_03,173.2,0.97,Red Alert - Inundated,100
2024-07-21 09:00:00,WLS_AND_04,SENS_WLS_AND_04,178.0,0.33,Red Alert - Inundated,93
2024-07-21 09:00:00,WLS_KHR_05,SENS_WLS_KHR_05,154.4,0.28,Red Alert - Inundated,89
2024-07-21 09:00:00,WLS_KRL_06,SENS_WLS_KRL_06,103.7,0.97,Red Alert - Inundated,90
2024-07-21 09:00:00,WLS_SIO_07,SENS_WLS_SIO_07,106.8,0.64,Red Alert - Inundated,96
2024-07-21 09:00:00,WLS_DDR_08,SENS_WLS_DDR_08,79.7,0.81,Red Alert - Inundated,94
2024-07-21 09:00:00,WLS_CHM_09,SENS_WLS_CHM_09,59.6,0.52,Red Alert - Inundated,91
2024-07-21 09:00:00,WLS_MLD_10,SENS_WLS_MLD_10,151.9,1.03,Red Alert - Inundated,94
2024-07-21 09:00:00,WLS_DHS_11,SENS_WLS_DHS_11,135.0,1.13,Red Alert - Inundated,99
2024-07-21 09:00:00,WLS_CHN_12,SENS_WLS_CHN_12,119.0,1.33,Red Alert - Inundated,100
2024-07-21 09:00:00,WLS_WRL_13,SENS_WLS_WRL_13,49.9,0.25,Red Alert - Inundated,98
2024-07-21 09:00:00,WLS_BYC_14,SENS_WLS_BYC_14,89.6,0.12,Red Alert - Inundated,89
2024-07-21 09:00:00,WLS_MNK_15,SENS_WLS_MNK_15,131.7,0.25,Red Alert - Inundated,92
2024-07-21 10:00:00,WLS_HND_01,SENS_WLS_HND_01,69.8,0.28,Red Alert - Inundated,93
2024-07-21 10:00:00,WLS_GND_02,SENS_WLS_GND_02,71.0,0.22,Red Alert - Inundated,95
2024-07-21 10:00:00,WLS_MLN_03,SENS_WLS_MLN_03,95.8,1.27,Red Alert - Inundated,94
2024-07-21 10:00:00,WLS_AND_04,SENS_WLS_AND_04,106.3,0.49,Red Alert - Inundated,88
2024-07-21 10:00:00,WLS_KHR_05,SENS_WLS_KHR_05,87.2,0.8,Red Alert - Inundated,100
2024-07-21 10:00:00,WLS_KRL_06,SENS_WLS_KRL_06,52.8,0.26,Red Alert - Inundated,88
2024-07-21 10:00:00,WLS_SIO_07,SENS_WLS_SIO_07,58.7,0.21,Red Alert - Inundated,95
2024-07-21 10:00:00,WLS_DDR_08,SENS_WLS_DDR_08,44.2,0.65,Amber Alert - Waterlogging,89
2024-07-21 10:00:00,WLS_CHM_09,SENS_WLS_CHM_09,31.7,0.72,Amber Alert - Waterlogging,94
2024-07-21 10:00:00,WLS_MLD_10,SENS_WLS_MLD_10,88.9,0.76,Red Alert - Inundated,100
2024-07-21 10:00:00,WLS_DHS_11,SENS_WLS_DHS_11,81.8,0.54,Red Alert - Inundated,93
2024-07-21 10:00:00,WLS_CHN_12,SENS_WLS_CHN_12,67.0,1.04,Red Alert - Inundated,89
2024-07-21 10:00:00,WLS_WRL_13,SENS_WLS_WRL_13,24.5,0.12,Amber Alert - Waterlogging,100
2024-07-21 10:00:00,WLS_BYC_14,SENS_WLS_BYC_14,55.3,0.22,Red Alert - Inundated,90
2024-07-21 10:00:00,WLS_MNK_15,SENS_WLS_MNK_15,80.5,0.32,Red Alert - Inundated,97
2024-07-21 11:00:00,WLS_HND_01,SENS_WLS_HND_01,130.8,1.12,Red Alert - Inundated,90
2024-07-21 11:00:00,WLS_GND_02,SENS_WLS_GND_02,122.0,1.16,Red Alert - Inundated,100
2024-07-21 11:00:00,WLS_MLN_03,SENS_WLS_MLN_03,180.7,0.69,Red Alert - Inundated,99
2024-07-21 11:00:00,WLS_AND_04,SENS_WLS_AND_04,188.7,0.24,Red Alert - Inundated,90
2024-07-21 11:00:00,WLS_KHR_05,SENS_WLS_KHR_05,168.8,0.6,Red Alert - Inundated,91
2024-07-21 11:00:00,WLS_KRL_06,SENS_WLS_KRL_06,110.3,1.19,Red Alert - Inundated,100
2024-07-21 11:00:00,WLS_SIO_07,SENS_WLS_SIO_07,118.4,0.69,Red Alert - Inundated,96
2024-07-21 11:00:00,WLS_DDR_08,SENS_WLS_DDR_08,79.7,0.92,Red Alert - Inundated,96
2024-07-21 11:00:00,WLS_CHM_09,SENS_WLS_CHM_09,64.9,1.39,Red Alert - Inundated,98
2024-07-21 11:00:00,WLS_MLD_10,SENS_WLS_MLD_10,158.0,0.8,Red Alert - Inundated,88
2024-07-21 11:00:00,WLS_DHS_11,SENS_WLS_DHS_11,154.1,0.19,Red Alert - Inundated,93
2024-07-21 11:00:00,WLS_CHN_12,SENS_WLS_CHN_12,121.8,0.25,Red Alert - Inundated,93
2024-07-21 11:00:00,WLS_WRL_13,SENS_WLS_WRL_13,53.4,0.81,Red Alert - Inundated,100
2024-07-21 11:00:00,WLS_BYC_14,SENS_WLS_BYC_14,103.4,0.81,Red Alert - Inundated,92
2024-07-21 11:00:00,WLS_MNK_15,SENS_WLS_MNK_15,139.2,1.19,Red Alert - Inundated,93
2024-07-21 12:00:00,WLS_HND_01,SENS_WLS_HND_01,171.1,0.82,Red Alert - Inundated,95
2024-07-21 12:00:00,WLS_GND_02,SENS_WLS_GND_02,167.1,1.3,Red Alert - Inundated,89
2024-07-21 12:00:00,WLS_MLN_03,SENS_WLS_MLN_03,243.3,0.88,Red Alert - Inundated,96
2024-07-21 12:00:00,WLS_AND_04,SENS_WLS_AND_04,248.2,1.25,Red Alert - Inundated,97
2024-07-21 12:00:00,WLS_KHR_05,SENS_WLS_KHR_05,222.5,1.06,Red Alert - Inundated,95
2024-07-21 12:00:00,WLS_KRL_06,SENS_WLS_KRL_06,139.8,0.95,Red Alert - Inundated,92
2024-07-21 12:00:00,WLS_SIO_07,SENS_WLS_SIO_07,154.8,1.4,Red Alert - Inundated,94
2024-07-21 12:00:00,WLS_DDR_08,SENS_WLS_DDR_08,112.3,1.25,Red Alert - Inundated,93
2024-07-21 12:00:00,WLS_CHM_09,SENS_WLS_CHM_09,83.2,0.46,Red Alert - Inundated,89
2024-07-21 12:00:00,WLS_MLD_10,SENS_WLS_MLD_10,210.2,1.07,Red Alert - Inundated,91
2024-07-21 12:00:00,WLS_DHS_11,SENS_WLS_DHS_11,194.2,1.39,Red Alert - Inundated,100
2024-07-21 12:00:00,WLS_CHN_12,SENS_WLS_CHN_12,166.7,1.11,Red Alert - Inundated,100
2024-07-21 12:00:00,WLS_WRL_13,SENS_WLS_WRL_13,76.8,1.33,Red Alert - Inundated,99
2024-07-21 12:00:00,WLS_BYC_14,SENS_WLS_BYC_14,132.8,0.19,Red Alert - Inundated,92
2024-07-21 12:00:00,WLS_MNK_15,SENS_WLS_MNK_15,186.5,0.14,Red Alert - Inundated,97
2024-07-21 13:00:00,WLS_HND_01,SENS_WLS_HND_01,111.6,0.9,Red Alert - Inundated,96
2024-07-21 13:00:00,WLS_GND_02,SENS_WLS_GND_02,101.7,0.7,Red Alert - Inundated,100
2024-07-21 13:00:00,WLS_MLN_03,SENS_WLS_MLN_03,144.7,1.3,Red Alert - Inundated,97
2024-07-21 13:00:00,WLS_AND_04,SENS_WLS_AND_04,159.1,0.78,Red Alert - Inundated,98
2024-07-21 13:00:00,WLS_KHR_05,SENS_WLS_KHR_05,134.7,1.26,Red Alert - Inundated,96
2024-07-21 13:00:00,WLS_KRL_06,SENS_WLS_KRL_06,82.3,0.21,Red Alert - Inundated,97
2024-07-21 13:00:00,WLS_SIO_07,SENS_WLS_SIO_07,88.9,0.89,Red Alert - Inundated,94
2024-07-21 13:00:00,WLS_DDR_08,SENS_WLS_DDR_08,63.7,1.22,Red Alert - Inundated,95
2024-07-21 13:00:00,WLS_CHM_09,SENS_WLS_CHM_09,47.3,0.99,Red Alert - Inundated,91
2024-07-21 13:00:00,WLS_MLD_10,SENS_WLS_MLD_10,123.9,0.78,Red Alert - Inundated,96
2024-07-21 13:00:00,WLS_DHS_11,SENS_WLS_DHS_11,118.9,0.79,Red Alert - Inundated,95
2024-07-21 13:00:00,WLS_CHN_12,SENS_WLS_CHN_12,102.7,0.77,Red Alert - Inundated,93
2024-07-21 13:00:00,WLS_WRL_13,SENS_WLS_WRL_13,41.4,0.33,Amber Alert - Waterlogging,100
2024-07-21 13:00:00,WLS_BYC_14,SENS_WLS_BYC_14,84.6,0.41,Red Alert - Inundated,92
2024-07-21 13:00:00,WLS_MNK_15,SENS_WLS_MNK_15,116.9,1.06,Red Alert - Inundated,95
2024-07-21 14:00:00,WLS_HND_01,SENS_WLS_HND_01,151.3,0.19,Red Alert - Inundated,97
2024-07-21 14:00:00,WLS_GND_02,SENS_WLS_GND_02,146.3,0.48,Red Alert - Inundated,92
2024-07-21 14:00:00,WLS_MLN_03,SENS_WLS_MLN_03,207.3,0.92,Red Alert - Inundated,99
2024-07-21 14:00:00,WLS_AND_04,SENS_WLS_AND_04,218.0,0.56,Red Alert - Inundated,95
2024-07-21 14:00:00,WLS_KHR_05,SENS_WLS_KHR_05,193.2,0.61,Red Alert - Inundated,90
2024-07-21 14:00:00,WLS_KRL_06,SENS_WLS_KRL_06,124.4,0.96,Red Alert - Inundated,91
2024-07-21 14:00:00,WLS_SIO_07,SENS_WLS_SIO_07,133.2,0.14,Red Alert - Inundated,95
2024-07-21 14:00:00,WLS_DDR_08,SENS_WLS_DDR_08,89.7,0.55,Red Alert - Inundated,90
2024-07-21 14:00:00,WLS_CHM_09,SENS_WLS_CHM_09,71.6,1.34,Red Alert - Inundated,88
2024-07-21 14:00:00,WLS_MLD_10,SENS_WLS_MLD_10,180.2,0.66,Red Alert - Inundated,95
2024-07-21 14:00:00,WLS_DHS_11,SENS_WLS_DHS_11,170.7,0.3,Red Alert - Inundated,95
2024-07-21 14:00:00,WLS_CHN_12,SENS_WLS_CHN_12,139.2,0.8,Red Alert - Inundated,96
2024-07-21 14:00:00,WLS_WRL_13,SENS_WLS_WRL_13,68.1,0.58,Red Alert - Inundated,91
2024-07-21 14:00:00,WLS_BYC_14,SENS_WLS_BYC_14,116.7,0.27,Red Alert - Inundated,99
2024-07-21 14:00:00,WLS_MNK_15,SENS_WLS_MNK_15,159.3,0.96,Red Alert - Inundated,94
2024-07-21 15:00:00,WLS_HND_01,SENS_WLS_HND_01,94.3,0.58,Red Alert - Inundated,95
2024-07-21 15:00:00,WLS_GND_02,SENS_WLS_GND_02,82.6,0.69,Red Alert - Inundated,97
2024-07-21 15:00:00,WLS_MLN_03,SENS_WLS_MLN_03,124.5,0.3,Red Alert - Inundated,99
2024-07-21 15:00:00,WLS_AND_04,SENS_WLS_AND_04,135.7,0.16,Red Alert - Inundated,91
2024-07-21 15:00:00,WLS_KHR_05,SENS_WLS_KHR_05,113.0,1.37,Red Alert - Inundated,88
2024-07-21 15:00:00,WLS_KRL_06,SENS_WLS_KRL_06,74.6,1.15,Red Alert - Inundated,92
2024-07-21 15:00:00,WLS_SIO_07,SENS_WLS_SIO_07,74.0,1.38,Red Alert - Inundated,97
2024-07-21 15:00:00,WLS_DDR_08,SENS_WLS_DDR_08,58.1,1.11,Red Alert - Inundated,92
2024-07-21 15:00:00,WLS_CHM_09,SENS_WLS_CHM_09,40.7,0.86,Amber Alert - Waterlogging,96
2024-07-21 15:00:00,WLS_MLD_10,SENS_WLS_MLD_10,102.9,0.57,Red Alert - Inundated,89
2024-07-21 15:00:00,WLS_DHS_11,SENS_WLS_DHS_11,104.3,0.27,Red Alert - Inundated,91
2024-07-21 15:00:00,WLS_CHN_12,SENS_WLS_CHN_12,80.8,1.21,Red Alert - Inundated,98
2024-07-21 15:00:00,WLS_WRL_13,SENS_WLS_WRL_13,35.5,0.24,Amber Alert - Waterlogging,89
2024-07-21 15:00:00,WLS_BYC_14,SENS_WLS_BYC_14,70.8,0.61,Red Alert - Inundated,99
2024-07-21 15:00:00,WLS_MNK_15,SENS_WLS_MNK_15,94.3,0.64,Red Alert - Inundated,94
2024-07-21 16:00:00,WLS_HND_01,SENS_WLS_HND_01,167.2,1.32,Red Alert - Inundated,91
2024-07-21 16:00:00,WLS_GND_02,SENS_WLS_GND_02,155.4,0.18,Red Alert - Inundated,98
2024-07-21 16:00:00,WLS_MLN_03,SENS_WLS_MLN_03,238.4,1.4,Red Alert - Inundated,93
2024-07-21 16:00:00,WLS_AND_04,SENS_WLS_AND_04,249.4,0.49,Red Alert - Inundated,91
2024-07-21 16:00:00,WLS_KHR_05,SENS_WLS_KHR_05,212.6,0.81,Red Alert - Inundated,99
2024-07-21 16:00:00,WLS_KRL_06,SENS_WLS_KRL_06,137.3,0.75,Red Alert - Inundated,100
2024-07-21 16:00:00,WLS_SIO_07,SENS_WLS_SIO_07,146.1,0.21,Red Alert - Inundated,100
2024-07-21 16:00:00,WLS_DDR_08,SENS_WLS_DDR_08,105.3,0.66,Red Alert - Inundated,90
2024-07-21 16:00:00,WLS_CHM_09,SENS_WLS_CHM_09,89.9,1.06,Red Alert - Inundated,91
2024-07-21 16:00:00,WLS_MLD_10,SENS_WLS_MLD_10,205.8,0.45,Red Alert - Inundated,91
2024-07-21 16:00:00,WLS_DHS_11,SENS_WLS_DHS_11,195.2,1.36,Red Alert - Inundated,94
2024-07-21 16:00:00,WLS_CHN_12,SENS_WLS_CHN_12,161.1,0.83,Red Alert - Inundated,94
2024-07-21 16:00:00,WLS_WRL_13,SENS_WLS_WRL_13,71.6,0.17,Red Alert - Inundated,89
2024-07-21 16:00:00,WLS_BYC_14,SENS_WLS_BYC_14,129.6,0.34,Red Alert - Inundated,98
2024-07-21 16:00:00,WLS_MNK_15,SENS_WLS_MNK_15,178.7,0.69,Red Alert - Inundated,92
2024-07-21 17:00:00,WLS_HND_01,SENS_WLS_HND_01,167.5,0.19,Red Alert - Inundated,98
2024-07-21 17:00:00,WLS_GND_02,SENS_WLS_GND_02,157.7,0.44,Red Alert - Inundated,94
2024-07-21 17:00:00,WLS_MLN_03,SENS_WLS_MLN_03,231.3,0.88,Red Alert - Inundated,98
2024-07-21 17:00:00,WLS_AND_04,SENS_WLS_AND_04,250.4,1.07,Red Alert - Inundated,93
2024-07-21 17:00:00,WLS_KHR_05,SENS_WLS_KHR_05,209.9,0.78,Red Alert - Inundated,90
2024-07-21 17:00:00,WLS_KRL_06,SENS_WLS_KRL_06,138.6,0.26,Red Alert - Inundated,98
2024-07-21 17:00:00,WLS_SIO_07,SENS_WLS_SIO_07,146.5,1.38,Red Alert - Inundated,93
2024-07-21 17:00:00,WLS_DDR_08,SENS_WLS_DDR_08,104.0,1.07,Red Alert - Inundated,89
2024-07-21 17:00:00,WLS_CHM_09,SENS_WLS_CHM_09,87.0,1.13,Red Alert - Inundated,93
2024-07-21 17:00:00,WLS_MLD_10,SENS_WLS_MLD_10,205.3,0.78,Red Alert - Inundated,95
2024-07-21 17:00:00,WLS_DHS_11,SENS_WLS_DHS_11,195.4,0.57,Red Alert - Inundated,98
2024-07-21 17:00:00,WLS_CHN_12,SENS_WLS_CHN_12,158.2,1.06,Red Alert - Inundated,90
2024-07-21 17:00:00,WLS_WRL_13,SENS_WLS_WRL_13,74.0,0.22,Red Alert - Inundated,98
2024-07-21 17:00:00,WLS_BYC_14,SENS_WLS_BYC_14,133.9,1.06,Red Alert - Inundated,98
2024-07-21 17:00:00,WLS_MNK_15,SENS_WLS_MNK_15,185.7,1.26,Red Alert - Inundated,90
2024-07-21 18:00:00,WLS_HND_01,SENS_WLS_HND_01,177.3,0.88,Red Alert - Inundated,100
2024-07-21 18:00:00,WLS_GND_02,SENS_WLS_GND_02,162.0,0.33,Red Alert - Inundated,89
2024-07-21 18:00:00,WLS_MLN_03,SENS_WLS_MLN_03,241.3,0.43,Red Alert - Inundated,98
2024-07-21 18:00:00,WLS_AND_04,SENS_WLS_AND_04,249.5,0.84,Red Alert - Inundated,94
2024-07-21 18:00:00,WLS_KHR_05,SENS_WLS_KHR_05,219.7,0.78,Red Alert - Inundated,97
2024-07-21 18:00:00,WLS_KRL_06,SENS_WLS_KRL_06,138.8,1.28,Red Alert - Inundated,94
2024-07-21 18:00:00,WLS_SIO_07,SENS_WLS_SIO_07,147.4,1.29,Red Alert - Inundated,100
2024-07-21 18:00:00,WLS_DDR_08,SENS_WLS_DDR_08,108.9,1.36,Red Alert - Inundated,98
2024-07-21 18:00:00,WLS_CHM_09,SENS_WLS_CHM_09,83.4,0.44,Red Alert - Inundated,88
2024-07-21 18:00:00,WLS_MLD_10,SENS_WLS_MLD_10,207.5,0.1,Red Alert - Inundated,94
2024-07-21 18:00:00,WLS_DHS_11,SENS_WLS_DHS_11,194.0,1.1,Red Alert - Inundated,91
2024-07-21 18:00:00,WLS_CHN_12,SENS_WLS_CHN_12,162.9,1.22,Red Alert - Inundated,94
2024-07-21 18:00:00,WLS_WRL_13,SENS_WLS_WRL_13,72.2,1.14,Red Alert - Inundated,97
2024-07-21 18:00:00,WLS_BYC_14,SENS_WLS_BYC_14,134.5,0.7,Red Alert - Inundated,99
2024-07-21 18:00:00,WLS_MNK_15,SENS_WLS_MNK_15,186.7,0.14,Red Alert - Inundated,97
2024-07-21 19:00:00,WLS_HND_01,SENS_WLS_HND_01,79.9,1.28,Red Alert - Inundated,93
2024-07-21 19:00:00,WLS_GND_02,SENS_WLS_GND_02,70.4,0.92,Red Alert - Inundated,88
2024-07-21 19:00:00,WLS_MLN_03,SENS_WLS_MLN_03,112.0,0.7,Red Alert - Inundated,89
2024-07-21 19:00:00,WLS_AND_04,SENS_WLS_AND_04,117.8,1.11,Red Alert - Inundated,92
2024-07-21 19:00:00,WLS_KHR_05,SENS_WLS_KHR_05,100.0,0.59,Red Alert - Inundated,92
2024-07-21 19:00:00,WLS_KRL_06,SENS_WLS_KRL_06,64.1,0.24,Red Alert - Inundated,98
2024-07-21 19:00:00,WLS_SIO_07,SENS_WLS_SIO_07,67.4,0.83,Red Alert - Inundated,95
2024-07-21 19:00:00,WLS_DDR_08,SENS_WLS_DDR_08,43.5,1.25,Amber Alert - Waterlogging,98
2024-07-21 19:00:00,WLS_CHM_09,SENS_WLS_CHM_09,34.6,1.22,Amber Alert - Waterlogging,89
2024-07-21 19:00:00,WLS_MLD_10,SENS_WLS_MLD_10,100.7,0.56,Red Alert - Inundated,97
2024-07-21 19:00:00,WLS_DHS_11,SENS_WLS_DHS_11,93.6,0.38,Red Alert - Inundated,95
2024-07-21 19:00:00,WLS_CHN_12,SENS_WLS_CHN_12,73.5,1.16,Red Alert - Inundated,95
2024-07-21 19:00:00,WLS_WRL_13,SENS_WLS_WRL_13,36.4,0.85,Amber Alert - Waterlogging,89
2024-07-21 19:00:00,WLS_BYC_14,SENS_WLS_BYC_14,56.2,0.29,Red Alert - Inundated,96
2024-07-21 19:00:00,WLS_MNK_15,SENS_WLS_MNK_15,85.5,1.35,Red Alert - Inundated,90
2024-07-21 20:00:00,WLS_HND_01,SENS_WLS_HND_01,106.5,0.7,Red Alert - Inundated,92
2024-07-21 20:00:00,WLS_GND_02,SENS_WLS_GND_02,96.9,0.72,Red Alert - Inundated,93
2024-07-21 20:00:00,WLS_MLN_03,SENS_WLS_MLN_03,154.3,0.96,Red Alert - Inundated,97
2024-07-21 20:00:00,WLS_AND_04,SENS_WLS_AND_04,155.7,0.82,Red Alert - Inundated,96
2024-07-21 20:00:00,WLS_KHR_05,SENS_WLS_KHR_05,135.6,0.37,Red Alert - Inundated,96
2024-07-21 20:00:00,WLS_KRL_06,SENS_WLS_KRL_06,88.7,0.32,Red Alert - Inundated,98
2024-07-21 20:00:00,WLS_SIO_07,SENS_WLS_SIO_07,93.0,1.37,Red Alert - Inundated,98
2024-07-21 20:00:00,WLS_DDR_08,SENS_WLS_DDR_08,66.5,0.32,Red Alert - Inundated,95
2024-07-21 20:00:00,WLS_CHM_09,SENS_WLS_CHM_09,54.7,0.5,Red Alert - Inundated,96
2024-07-21 20:00:00,WLS_MLD_10,SENS_WLS_MLD_10,128.0,1.29,Red Alert - Inundated,88
2024-07-21 20:00:00,WLS_DHS_11,SENS_WLS_DHS_11,117.5,0.17,Red Alert - Inundated,92
2024-07-21 20:00:00,WLS_CHN_12,SENS_WLS_CHN_12,99.5,0.67,Red Alert - Inundated,98
2024-07-21 20:00:00,WLS_WRL_13,SENS_WLS_WRL_13,45.2,0.3,Red Alert - Inundated,88
2024-07-21 20:00:00,WLS_BYC_14,SENS_WLS_BYC_14,81.6,1.33,Red Alert - Inundated,98
2024-07-21 20:00:00,WLS_MNK_15,SENS_WLS_MNK_15,116.9,0.25,Red Alert - Inundated,90
2024-07-21 21:00:00,WLS_HND_01,SENS_WLS_HND_01,89.8,0.97,Red Alert - Inundated,93
2024-07-21 21:00:00,WLS_GND_02,SENS_WLS_GND_02,81.2,0.39,Red Alert - Inundated,91
2024-07-21 21:00:00,WLS_MLN_03,SENS_WLS_MLN_03,120.8,0.16,Red Alert - Inundated,96
2024-07-21 21:00:00,WLS_AND_04,SENS_WLS_AND_04,130.3,0.87,Red Alert - Inundated,100
2024-07-21 21:00:00,WLS_KHR_05,SENS_WLS_KHR_05,111.6,0.77,Red Alert - Inundated,89
2024-07-21 21:00:00,WLS_KRL_06,SENS_WLS_KRL_06,72.5,0.98,Red Alert - Inundated,100
2024-07-21 21:00:00,WLS_SIO_07,SENS_WLS_SIO_07,78.3,0.51,Red Alert - Inundated,92
2024-07-21 21:00:00,WLS_DDR_08,SENS_WLS_DDR_08,49.3,1.33,Red Alert - Inundated,96
2024-07-21 21:00:00,WLS_CHM_09,SENS_WLS_CHM_09,41.9,0.34,Amber Alert - Waterlogging,100
2024-07-21 21:00:00,WLS_MLD_10,SENS_WLS_MLD_10,107.7,1.23,Red Alert - Inundated,92
2024-07-21 21:00:00,WLS_DHS_11,SENS_WLS_DHS_11,97.0,0.61,Red Alert - Inundated,99
2024-07-21 21:00:00,WLS_CHN_12,SENS_WLS_CHN_12,82.0,0.27,Red Alert - Inundated,90
2024-07-21 21:00:00,WLS_WRL_13,SENS_WLS_WRL_13,32.1,0.92,Amber Alert - Waterlogging,96
2024-07-21 21:00:00,WLS_BYC_14,SENS_WLS_BYC_14,63.3,0.39,Red Alert - Inundated,99
2024-07-21 21:00:00,WLS_MNK_15,SENS_WLS_MNK_15,94.1,1.31,Red Alert - Inundated,99
2024-07-21 22:00:00,WLS_HND_01,SENS_WLS_HND_01,156.4,0.92,Red Alert - Inundated,91
2024-07-21 22:00:00,WLS_GND_02,SENS_WLS_GND_02,147.5,1.33,Red Alert - Inundated,93
2024-07-21 22:00:00,WLS_MLN_03,SENS_WLS_MLN_03,212.4,0.75,Red Alert - Inundated,89
2024-07-21 22:00:00,WLS_AND_04,SENS_WLS_AND_04,224.5,0.79,Red Alert - Inundated,96
2024-07-21 22:00:00,WLS_KHR_05,SENS_WLS_KHR_05,199.6,1.1,Red Alert - Inundated,94
2024-07-21 22:00:00,WLS_KRL_06,SENS_WLS_KRL_06,124.4,1.06,Red Alert - Inundated,99
2024-07-21 22:00:00,WLS_SIO_07,SENS_WLS_SIO_07,139.3,0.68,Red Alert - Inundated,89
2024-07-21 22:00:00,WLS_DDR_08,SENS_WLS_DDR_08,97.8,0.77,Red Alert - Inundated,93
2024-07-21 22:00:00,WLS_CHM_09,SENS_WLS_CHM_09,77.9,0.22,Red Alert - Inundated,93
2024-07-21 22:00:00,WLS_MLD_10,SENS_WLS_MLD_10,185.9,1.01,Red Alert - Inundated,91
2024-07-21 22:00:00,WLS_DHS_11,SENS_WLS_DHS_11,174.4,0.2,Red Alert - Inundated,96
2024-07-21 22:00:00,WLS_CHN_12,SENS_WLS_CHN_12,151.1,0.88,Red Alert - Inundated,97
2024-07-21 22:00:00,WLS_WRL_13,SENS_WLS_WRL_13,67.4,0.84,Red Alert - Inundated,98
2024-07-21 22:00:00,WLS_BYC_14,SENS_WLS_BYC_14,121.1,0.57,Red Alert - Inundated,94
2024-07-21 22:00:00,WLS_MNK_15,SENS_WLS_MNK_15,165.3,1.03,Red Alert - Inundated,97
2024-07-21 23:00:00,WLS_HND_01,SENS_WLS_HND_01,101.2,0.81,Red Alert - Inundated,89
2024-07-21 23:00:00,WLS_GND_02,SENS_WLS_GND_02,98.1,0.65,Red Alert - Inundated,88
2024-07-21 23:00:00,WLS_MLN_03,SENS_WLS_MLN_03,142.6,1.23,Red Alert - Inundated,98
2024-07-21 23:00:00,WLS_AND_04,SENS_WLS_AND_04,145.4,1.37,Red Alert - Inundated,94
2024-07-21 23:00:00,WLS_KHR_05,SENS_WLS_KHR_05,132.0,1.34,Red Alert - Inundated,91
2024-07-21 23:00:00,WLS_KRL_06,SENS_WLS_KRL_06,84.1,0.66,Red Alert - Inundated,97
2024-07-21 23:00:00,WLS_SIO_07,SENS_WLS_SIO_07,89.5,1.25,Red Alert - Inundated,90
2024-07-21 23:00:00,WLS_DDR_08,SENS_WLS_DDR_08,60.0,0.6,Red Alert - Inundated,98
2024-07-21 23:00:00,WLS_CHM_09,SENS_WLS_CHM_09,54.2,1.02,Red Alert - Inundated,94
2024-07-21 23:00:00,WLS_MLD_10,SENS_WLS_MLD_10,119.7,0.53,Red Alert - Inundated,97
2024-07-21 23:00:00,WLS_DHS_11,SENS_WLS_DHS_11,119.7,0.35,Red Alert - Inundated,94
2024-07-21 23:00:00,WLS_CHN_12,SENS_WLS_CHN_12,94.5,0.23,Red Alert - Inundated,92
2024-07-21 23:00:00,WLS_WRL_13,SENS_WLS_WRL_13,42.2,0.52,Amber Alert - Waterlogging,98
2024-07-21 23:00:00,WLS_BYC_14,SENS_WLS_BYC_14,73.2,1.27,Red Alert - Inundated,93
2024-07-21 23:00:00,WLS_MNK_15,SENS_WLS_MNK_15,113.3,1.39,Red Alert - Inundated,90
2024-07-22 00:00:00,WLS_HND_01,SENS_WLS_HND_01,0.0,0.0,Green - Normal,97
2024-07-22 00:00:00,WLS_GND_02,SENS_WLS_GND_02,0.0,0.0,Green - Normal,92
2024-07-22 00:00:00,WLS_MLN_03,SENS_WLS_MLN_03,0.0,0.0,Green - Normal,100
2024-07-22 00:00:00,WLS_AND_04,SENS_WLS_AND_04,0.0,0.0,Green - Normal,92
2024-07-22 00:00:00,WLS_KHR_05,SENS_WLS_KHR_05,0.0,0.0,Green - Normal,88
2024-07-22 00:00:00,WLS_KRL_06,SENS_WLS_KRL_06,0.0,0.0,Green - Normal,92
2024-07-22 00:00:00,WLS_SIO_07,SENS_WLS_SIO_07,0.0,0.0,Green - Normal,100
2024-07-22 00:00:00,WLS_DDR_08,SENS_WLS_DDR_08,0.0,0.0,Green - Normal,91
2024-07-22 00:00:00,WLS_CHM_09,SENS_WLS_CHM_09,0.0,0.0,Green - Normal,97
2024-07-22 00:00:00,WLS_MLD_10,SENS_WLS_MLD_10,0.0,0.0,Green - Normal,91
2024-07-22 00:00:00,WLS_DHS_11,SENS_WLS_DHS_11,0.0,0.0,Green - Normal,89
2024-07-22 00:00:00,WLS_CHN_12,SENS_WLS_CHN_12,0.0,0.0,Green - Normal,91
2024-07-22 00:00:00,WLS_WRL_13,SENS_WLS_WRL_13,0.0,0.0,Green - Normal,93
2024-07-22 00:00:00,WLS_BYC_14,SENS_WLS_BYC_14,0.0,0.0,Green - Normal,95
2024-07-22 00:00:00,WLS_MNK_15,SENS_WLS_MNK_15,0.0,0.0,Green - Normal,89
2024-07-22 01:00:00,WLS_HND_01,SENS_WLS_HND_01,0.0,0.0,Green - Normal,100
2024-07-22 01:00:00,WLS_GND_02,SENS_WLS_GND_02,0.0,0.0,Green - Normal,90
2024-07-22 01:00:00,WLS_MLN_03,SENS_WLS_MLN_03,0.0,0.0,Green - Normal,93
2024-07-22 01:00:00,WLS_AND_04,SENS_WLS_AND_04,0.0,0.0,Green - Normal,98
2024-07-22 01:00:00,WLS_KHR_05,SENS_WLS_KHR_05,0.0,0.0,Green - Normal,93
2024-07-22 01:00:00,WLS_KRL_06,SENS_WLS_KRL_06,0.0,0.0,Green - Normal,92
2024-07-22 01:00:00,WLS_SIO_07,SENS_WLS_SIO_07,0.0,0.0,Green - Normal,88
2024-07-22 01:00:00,WLS_DDR_08,SENS_WLS_DDR_08,0.0,0.0,Green - Normal,92
2024-07-22 01:00:00,WLS_CHM_09,SENS_WLS_CHM_09,0.0,0.0,Green - Normal,90
2024-07-22 01:00:00,WLS_MLD_10,SENS_WLS_MLD_10,0.0,0.0,Green - Normal,97
2024-07-22 01:00:00,WLS_DHS_11,SENS_WLS_DHS_11,0.0,0.0,Green - Normal,94
2024-07-22 01:00:00,WLS_CHN_12,SENS_WLS_CHN_12,0.0,0.0,Green - Normal,89
2024-07-22 01:00:00,WLS_WRL_13,SENS_WLS_WRL_13,0.0,0.0,Green - Normal,91
2024-07-22 01:00:00,WLS_BYC_14,SENS_WLS_BYC_14,0.0,0.0,Green - Normal,92
2024-07-22 01:00:00,WLS_MNK_15,SENS_WLS_MNK_15,0.0,0.0,Green - Normal,90
2024-07-22 02:00:00,WLS_HND_01,SENS_WLS_HND_01,0.0,0.0,Green - Normal,90
2024-07-22 02:00:00,WLS_GND_02,SENS_WLS_GND_02,0.0,0.0,Green - Normal,93
2024-07-22 02:00:00,WLS_MLN_03,SENS_WLS_MLN_03,0.0,0.0,Green - Normal,96
2024-07-22 02:00:00,WLS_AND_04,SENS_WLS_AND_04,0.0,0.0,Green - Normal,89
2024-07-22 02:00:00,WLS_KHR_05,SENS_WLS_KHR_05,0.0,0.0,Green - Normal,98
2024-07-22 02:00:00,WLS_KRL_06,SENS_WLS_KRL_06,0.0,0.0,Green - Normal,94
2024-07-22 02:00:00,WLS_SIO_07,SENS_WLS_SIO_07,0.0,0.0,Green - Normal,94
2024-07-22 02:00:00,WLS_DDR_08,SENS_WLS_DDR_08,0.0,0.0,Green - Normal,96
2024-07-22 02:00:00,WLS_CHM_09,SENS_WLS_CHM_09,0.0,0.0,Green - Normal,92
2024-07-22 02:00:00,WLS_MLD_10,SENS_WLS_MLD_10,0.0,0.0,Green - Normal,99
2024-07-22 02:00:00,WLS_DHS_11,SENS_WLS_DHS_11,0.0,0.0,Green - Normal,93
2024-07-22 02:00:00,WLS_CHN_12,SENS_WLS_CHN_12,0.0,0.0,Green - Normal,91
2024-07-22 02:00:00,WLS_WRL_13,SENS_WLS_WRL_13,0.0,0.0,Green - Normal,89
2024-07-22 02:00:00,WLS_BYC_14,SENS_WLS_BYC_14,0.0,0.0,Green - Normal,90
2024-07-22 02:00:00,WLS_MNK_15,SENS_WLS_MNK_15,0.0,0.0,Green - Normal,89
2024-07-22 03:00:00,WLS_HND_01,SENS_WLS_HND_01,0.0,0.0,Green - Normal,91
2024-07-22 03:00:00,WLS_GND_02,SENS_WLS_GND_02,0.0,0.0,Green - Normal,92
2024-07-22 03:00:00,WLS_MLN_03,SENS_WLS_MLN_03,0.0,0.0,Green - Normal,92
2024-07-22 03:00:00,WLS_AND_04,SENS_WLS_AND_04,0.0,0.0,Green - Normal,88
2024-07-22 03:00:00,WLS_KHR_05,SENS_WLS_KHR_05,0.0,0.0,Green - Normal,96
2024-07-22 03:00:00,WLS_KRL_06,SENS_WLS_KRL_06,0.0,0.0,Green - Normal,91
2024-07-22 03:00:00,WLS_SIO_07,SENS_WLS_SIO_07,0.0,0.0,Green - Normal,91
2024-07-22 03:00:00,WLS_DDR_08,SENS_WLS_DDR_08,0.0,0.0,Green - Normal,92
2024-07-22 03:00:00,WLS_CHM_09,SENS_WLS_CHM_09,0.0,0.0,Green - Normal,93
2024-07-22 03:00:00,WLS_MLD_10,SENS_WLS_MLD_10,0.0,0.0,Green - Normal,94
2024-07-22 03:00:00,WLS_DHS_11,SENS_WLS_DHS_11,0.0,0.0,Green - Normal,92
2024-07-22 03:00:00,WLS_CHN_12,SENS_WLS_CHN_12,0.0,0.0,Green - Normal,99
2024-07-22 03:00:00,WLS_WRL_13,SENS_WLS_WRL_13,0.0,0.0,Green - Normal,98
2024-07-22 03:00:00,WLS_BYC_14,SENS_WLS_BYC_14,0.0,0.0,Green - Normal,97
2024-07-22 03:00:00,WLS_MNK_15,SENS_WLS_MNK_15,0.0,0.0,Green - Normal,99
2024-07-22 04:00:00,WLS_HND_01,SENS_WLS_HND_01,0.0,0.0,Green - Normal,92
2024-07-22 04:00:00,WLS_GND_02,SENS_WLS_GND_02,0.0,0.0,Green - Normal,98
2024-07-22 04:00:00,WLS_MLN_03,SENS_WLS_MLN_03,0.0,0.0,Green - Normal,89
2024-07-22 04:00:00,WLS_AND_04,SENS_WLS_AND_04,0.0,0.0,Green - Normal,96
2024-07-22 04:00:00,WLS_KHR_05,SENS_WLS_KHR_05,0.0,0.0,Green - Normal,89
2024-07-22 04:00:00,WLS_KRL_06,SENS_WLS_KRL_06,0.0,0.0,Green - Normal,97
2024-07-22 04:00:00,WLS_SIO_07,SENS_WLS_SIO_07,0.0,0.0,Green - Normal,94
2024-07-22 04:00:00,WLS_DDR_08,SENS_WLS_DDR_08,0.0,0.0,Green - Normal,97
2024-07-22 04:00:00,WLS_CHM_09,SENS_WLS_CHM_09,0.0,0.0,Green - Normal,91
2024-07-22 04:00:00,WLS_MLD_10,SENS_WLS_MLD_10,0.0,0.0,Green - Normal,99
2024-07-22 04:00:00,WLS_DHS_11,SENS_WLS_DHS_11,0.0,0.0,Green - Normal,92
2024-07-22 04:00:00,WLS_CHN_12,SENS_WLS_CHN_12,0.0,0.0,Green - Normal,95
2024-07-22 04:00:00,WLS_WRL_13,SENS_WLS_WRL_13,0.0,0.0,Green - Normal,93
2024-07-22 04:00:00,WLS_BYC_14,SENS_WLS_BYC_14,0.0,0.0,Green - Normal,93
2024-07-22 04:00:00,WLS_MNK_15,SENS_WLS_MNK_15,0.0,0.0,Green - Normal,95
2024-07-22 05:00:00,WLS_HND_01,SENS_WLS_HND_01,0.0,0.0,Green - Normal,99
2024-07-22 05:00:00,WLS_GND_02,SENS_WLS_GND_02,0.0,0.0,Green - Normal,99
2024-07-22 05:00:00,WLS_MLN_03,SENS_WLS_MLN_03,0.0,0.0,Green - Normal,94
2024-07-22 05:00:00,WLS_AND_04,SENS_WLS_AND_04,0.0,0.0,Green - Normal,96
2024-07-22 05:00:00,WLS_KHR_05,SENS_WLS_KHR_05,0.0,0.0,Green - Normal,89
2024-07-22 05:00:00,WLS_KRL_06,SENS_WLS_KRL_06,0.0,0.0,Green - Normal,100
2024-07-22 05:00:00,WLS_SIO_07,SENS_WLS_SIO_07,0.0,0.0,Green - Normal,88
2024-07-22 05:00:00,WLS_DDR_08,SENS_WLS_DDR_08,0.0,0.0,Green - Normal,98
2024-07-22 05:00:00,WLS_CHM_09,SENS_WLS_CHM_09,0.0,0.0,Green - Normal,94
2024-07-22 05:00:00,WLS_MLD_10,SENS_WLS_MLD_10,0.0,0.0,Green - Normal,88
2024-07-22 05:00:00,WLS_DHS_11,SENS_WLS_DHS_11,0.0,0.0,Green - Normal,100
2024-07-22 05:00:00,WLS_CHN_12,SENS_WLS_CHN_12,0.0,0.0,Green - Normal,93
2024-07-22 05:00:00,WLS_WRL_13,SENS_WLS_WRL_13,0.0,0.0,Green - Normal,89
2024-07-22 05:00:00,WLS_BYC_14,SENS_WLS_BYC_14,0.0,0.0,Green - Normal,97
2024-07-22 05:00:00,WLS_MNK_15,SENS_WLS_MNK_15,0.0,0.0,Green - Normal,93
2024-07-22 06:00:00,WLS_HND_01,SENS_WLS_HND_01,0.0,0.0,Green - Normal,97
2024-07-22 06:00:00,WLS_GND_02,SENS_WLS_GND_02,0.0,0.0,Green - Normal,88
2024-07-22 06:00:00,WLS_MLN_03,SENS_WLS_MLN_03,0.0,0.0,Green - Normal,98
2024-07-22 06:00:00,WLS_AND_04,SENS_WLS_AND_04,0.0,0.0,Green - Normal,95
2024-07-22 06:00:00,WLS_KHR_05,SENS_WLS_KHR_05,0.0,0.0,Green - Normal,97
2024-07-22 06:00:00,WLS_KRL_06,SENS_WLS_KRL_06,0.0,0.0,Green - Normal,99
2024-07-22 06:00:00,WLS_SIO_07,SENS_WLS_SIO_07,0.0,0.0,Green - Normal,92
2024-07-22 06:00:00,WLS_DDR_08,SENS_WLS_DDR_08,0.0,0.0,Green - Normal,97
2024-07-22 06:00:00,WLS_CHM_09,SENS_WLS_CHM_09,0.0,0.0,Green - Normal,90
2024-07-22 06:00:00,WLS_MLD_10,SENS_WLS_MLD_10,0.0,0.0,Green - Normal,100
2024-07-22 06:00:00,WLS_DHS_11,SENS_WLS_DHS_11,0.0,0.0,Green - Normal,91
2024-07-22 06:00:00,WLS_CHN_12,SENS_WLS_CHN_12,0.0,0.0,Green - Normal,96
2024-07-22 06:00:00,WLS_WRL_13,SENS_WLS_WRL_13,0.0,0.0,Green - Normal,88
2024-07-22 06:00:00,WLS_BYC_14,SENS_WLS_BYC_14,0.0,0.0,Green - Normal,100
2024-07-22 06:00:00,WLS_MNK_15,SENS_WLS_MNK_15,0.0,0.0,Green - Normal,90
2024-07-22 07:00:00,WLS_HND_01,SENS_WLS_HND_01,0.0,0.0,Green - Normal,97
2024-07-22 07:00:00,WLS_GND_02,SENS_WLS_GND_02,0.0,0.0,Green - Normal,92
2024-07-22 07:00:00,WLS_MLN_03,SENS_WLS_MLN_03,0.0,0.0,Green - Normal,100
2024-07-22 07:00:00,WLS_AND_04,SENS_WLS_AND_04,0.0,0.0,Green - Normal,94
2024-07-22 07:00:00,WLS_KHR_05,SENS_WLS_KHR_05,0.0,0.0,Green - Normal,98
2024-07-22 07:00:00,WLS_KRL_06,SENS_WLS_KRL_06,0.0,0.0,Green - Normal,92
2024-07-22 07:00:00,WLS_SIO_07,SENS_WLS_SIO_07,0.0,0.0,Green - Normal,97
2024-07-22 07:00:00,WLS_DDR_08,SENS_WLS_DDR_08,0.0,0.0,Green - Normal,95
2024-07-22 07:00:00,WLS_CHM_09,SENS_WLS_CHM_09,0.0,0.0,Green - Normal,91
2024-07-22 07:00:00,WLS_MLD_10,SENS_WLS_MLD_10,0.0,0.0,Green - Normal,96
2024-07-22 07:00:00,WLS_DHS_11,SENS_WLS_DHS_11,0.0,0.0,Green - Normal,97
2024-07-22 07:00:00,WLS_CHN_12,SENS_WLS_CHN_12,0.0,0.0,Green - Normal,95
2024-07-22 07:00:00,WLS_WRL_13,SENS_WLS_WRL_13,0.0,0.0,Green - Normal,88
2024-07-22 07:00:00,WLS_BYC_14,SENS_WLS_BYC_14,0.0,0.0,Green - Normal,93
2024-07-22 07:00:00,WLS_MNK_15,SENS_WLS_MNK_15,0.0,0.0,Green - Normal,96
2024-07-22 08:00:00,WLS_HND_01,SENS_WLS_HND_01,0.0,0.0,Green - Normal,100
2024-07-22 08:00:00,WLS_GND_02,SENS_WLS_GND_02,0.0,0.0,Green - Normal,98
2024-07-22 08:00:00,WLS_MLN_03,SENS_WLS_MLN_03,0.0,0.0,Green - Normal,88
2024-07-22 08:00:00,WLS_AND_04,SENS_WLS_AND_04,0.0,0.0,Green - Normal,93
2024-07-22 08:00:00,WLS_KHR_05,SENS_WLS_KHR_05,0.0,0.0,Green - Normal,97
2024-07-22 08:00:00,WLS_KRL_06,SENS_WLS_KRL_06,0.0,0.0,Green - Normal,94
2024-07-22 08:00:00,WLS_SIO_07,SENS_WLS_SIO_07,0.0,0.0,Green - Normal,93
2024-07-22 08:00:00,WLS_DDR_08,SENS_WLS_DDR_08,0.0,0.0,Green - Normal,94
2024-07-22 08:00:00,WLS_CHM_09,SENS_WLS_CHM_09,0.0,0.0,Green - Normal,98
2024-07-22 08:00:00,WLS_MLD_10,SENS_WLS_MLD_10,0.0,0.0,Green - Normal,98
2024-07-22 08:00:00,WLS_DHS_11,SENS_WLS_DHS_11,0.0,0.0,Green - Normal,100
2024-07-22 08:00:00,WLS_CHN_12,SENS_WLS_CHN_12,0.0,0.0,Green - Normal,92
2024-07-22 08:00:00,WLS_WRL_13,SENS_WLS_WRL_13,0.0,0.0,Green - Normal,94
2024-07-22 08:00:00,WLS_BYC_14,SENS_WLS_BYC_14,0.0,0.0,Green - Normal,96
2024-07-22 08:00:00,WLS_MNK_15,SENS_WLS_MNK_15,0.0,0.0,Green - Normal,90
2024-07-22 09:00:00,WLS_HND_01,SENS_WLS_HND_01,0.0,0.0,Green - Normal,98
2024-07-22 09:00:00,WLS_GND_02,SENS_WLS_GND_02,0.0,0.0,Green - Normal,94
2024-07-22 09:00:00,WLS_MLN_03,SENS_WLS_MLN_03,0.0,0.0,Green - Normal,99
2024-07-22 09:00:00,WLS_AND_04,SENS_WLS_AND_04,0.0,0.0,Green - Normal,100
2024-07-22 09:00:00,WLS_KHR_05,SENS_WLS_KHR_05,0.0,0.0,Green - Normal,98
2024-07-22 09:00:00,WLS_KRL_06,SENS_WLS_KRL_06,0.0,0.0,Green - Normal,100
2024-07-22 09:00:00,WLS_SIO_07,SENS_WLS_SIO_07,0.0,0.0,Green - Normal,97
2024-07-22 09:00:00,WLS_DDR_08,SENS_WLS_DDR_08,0.0,0.0,Green - Normal,90
2024-07-22 09:00:00,WLS_CHM_09,SENS_WLS_CHM_09,0.0,0.0,Green - Normal,90
2024-07-22 09:00:00,WLS_MLD_10,SENS_WLS_MLD_10,0.0,0.0,Green - Normal,98
2024-07-22 09:00:00,WLS_DHS_11,SENS_WLS_DHS_11,0.0,0.0,Green - Normal,92
2024-07-22 09:00:00,WLS_CHN_12,SENS_WLS_CHN_12,0.0,0.0,Green - Normal,93
2024-07-22 09:00:00,WLS_WRL_13,SENS_WLS_WRL_13,0.0,0.0,Green - Normal,92
2024-07-22 09:00:00,WLS_BYC_14,SENS_WLS_BYC_14,0.0,0.0,Green - Normal,98
2024-07-22 09:00:00,WLS_MNK_15,SENS_WLS_MNK_15,0.0,0.0,Green - Normal,96
2024-07-22 10:00:00,WLS_HND_01,SENS_WLS_HND_01,0.0,0.0,Green - Normal,100
2024-07-22 10:00:00,WLS_GND_02,SENS_WLS_GND_02,0.0,0.0,Green - Normal,95
2024-07-22 10:00:00,WLS_MLN_03,SENS_WLS_MLN_03,0.0,0.0,Green - Normal,93
2024-07-22 10:00:00,WLS_AND_04,SENS_WLS_AND_04,0.0,0.0,Green - Normal,99
2024-07-22 10:00:00,WLS_KHR_05,SENS_WLS_KHR_05,0.0,0.0,Green - Normal,90
2024-07-22 10:00:00,WLS_KRL_06,SENS_WLS_KRL_06,0.0,0.0,Green - Normal,92
2024-07-22 10:00:00,WLS_SIO_07,SENS_WLS_SIO_07,0.0,0.0,Green - Normal,98
2024-07-22 10:00:00,WLS_DDR_08,SENS_WLS_DDR_08,0.0,0.0,Green - Normal,93
2024-07-22 10:00:00,WLS_CHM_09,SENS_WLS_CHM_09,0.0,0.0,Green - Normal,100
2024-07-22 10:00:00,WLS_MLD_10,SENS_WLS_MLD_10,0.0,0.0,Green - Normal,100
2024-07-22 10:00:00,WLS_DHS_11,SENS_WLS_DHS_11,0.0,0.0,Green - Normal,88
2024-07-22 10:00:00,WLS_CHN_12,SENS_WLS_CHN_12,0.0,0.0,Green - Normal,100
2024-07-22 10:00:00,WLS_WRL_13,SENS_WLS_WRL_13,0.0,0.0,Green - Normal,95
2024-07-22 10:00:00,WLS_BYC_14,SENS_WLS_BYC_14,0.0,0.0,Green - Normal,95
2024-07-22 10:00:00,WLS_MNK_15,SENS_WLS_MNK_15,0.0,0.0,Green - Normal,93
2024-07-22 11:00:00,WLS_HND_01,SENS_WLS_HND_01,0.0,0.0,Green - Normal,99
2024-07-22 11:00:00,WLS_GND_02,SENS_WLS_GND_02,0.0,0.0,Green - Normal,100
2024-07-22 11:00:00,WLS_MLN_03,SENS_WLS_MLN_03,0.0,0.0,Green - Normal,89
2024-07-22 11:00:00,WLS_AND_04,SENS_WLS_AND_04,0.0,0.0,Green - Normal,92
2024-07-22 11:00:00,WLS_KHR_05,SENS_WLS_KHR_05,0.0,0.0,Green - Normal,93
2024-07-22 11:00:00,WLS_KRL_06,SENS_WLS_KRL_06,0.0,0.0,Green - Normal,97
2024-07-22 11:00:00,WLS_SIO_07,SENS_WLS_SIO_07,0.0,0.0,Green - Normal,90
2024-07-22 11:00:00,WLS_DDR_08,SENS_WLS_DDR_08,0.0,0.0,Green - Normal,93
2024-07-22 11:00:00,WLS_CHM_09,SENS_WLS_CHM_09,0.0,0.0,Green - Normal,94
2024-07-22 11:00:00,WLS_MLD_10,SENS_WLS_MLD_10,0.0,0.0,Green - Normal,95
2024-07-22 11:00:00,WLS_DHS_11,SENS_WLS_DHS_11,0.0,0.0,Green - Normal,91
2024-07-22 11:00:00,WLS_CHN_12,SENS_WLS_CHN_12,0.0,0.0,Green - Normal,96
2024-07-22 11:00:00,WLS_WRL_13,SENS_WLS_WRL_13,0.0,0.0,Green - Normal,92
2024-07-22 11:00:00,WLS_BYC_14,SENS_WLS_BYC_14,0.0,0.0,Green - Normal,99
2024-07-22 11:00:00,WLS_MNK_15,SENS_WLS_MNK_15,0.0,0.0,Green - Normal,88
2024-07-22 12:00:00,WLS_HND_01,SENS_WLS_HND_01,0.0,0.0,Green - Normal,95
2024-07-22 12:00:00,WLS_GND_02,SENS_WLS_GND_02,0.0,0.0,Green - Normal,90
2024-07-22 12:00:00,WLS_MLN_03,SENS_WLS_MLN_03,0.0,0.0,Green - Normal,88
2024-07-22 12:00:00,WLS_AND_04,SENS_WLS_AND_04,0.0,0.0,Green - Normal,93
2024-07-22 12:00:00,WLS_KHR_05,SENS_WLS_KHR_05,0.0,0.0,Green - Normal,89
2024-07-22 12:00:00,WLS_KRL_06,SENS_WLS_KRL_06,0.0,0.0,Green - Normal,91
2024-07-22 12:00:00,WLS_SIO_07,SENS_WLS_SIO_07,0.0,0.0,Green - Normal,100
2024-07-22 12:00:00,WLS_DDR_08,SENS_WLS_DDR_08,0.0,0.0,Green - Normal,94
2024-07-22 12:00:00,WLS_CHM_09,SENS_WLS_CHM_09,0.0,0.0,Green - Normal,93
2024-07-22 12:00:00,WLS_MLD_10,SENS_WLS_MLD_10,0.0,0.0,Green - Normal,99
2024-07-22 12:00:00,WLS_DHS_11,SENS_WLS_DHS_11,0.0,0.0,Green - Normal,88
2024-07-22 12:00:00,WLS_CHN_12,SENS_WLS_CHN_12,0.0,0.0,Green - Normal,94
2024-07-22 12:00:00,WLS_WRL_13,SENS_WLS_WRL_13,0.0,0.0,Green - Normal,88
2024-07-22 12:00:00,WLS_BYC_14,SENS_WLS_BYC_14,0.0,0.0,Green - Normal,92
2024-07-22 12:00:00,WLS_MNK_15,SENS_WLS_MNK_15,0.0,0.0,Green - Normal,90
2024-07-22 13:00:00,WLS_HND_01,SENS_WLS_HND_01,0.0,0.0,Green - Normal,90
2024-07-22 13:00:00,WLS_GND_02,SENS_WLS_GND_02,0.0,0.0,Green - Normal,88
2024-07-22 13:00:00,WLS_MLN_03,SENS_WLS_MLN_03,0.0,0.0,Green - Normal,95
2024-07-22 13:00:00,WLS_AND_04,SENS_WLS_AND_04,0.0,0.0,Green - Normal,98
2024-07-22 13:00:00,WLS_KHR_05,SENS_WLS_KHR_05,0.0,0.0,Green - Normal,100
2024-07-22 13:00:00,WLS_KRL_06,SENS_WLS_KRL_06,0.0,0.0,Green - Normal,93
2024-07-22 13:00:00,WLS_SIO_07,SENS_WLS_SIO_07,0.0,0.0,Green - Normal,89
2024-07-22 13:00:00,WLS_DDR_08,SENS_WLS_DDR_08,0.0,0.0,Green - Normal,100
2024-07-22 13:00:00,WLS_CHM_09,SENS_WLS_CHM_09,0.0,0.0,Green - Normal,92
2024-07-22 13:00:00,WLS_MLD_10,SENS_WLS_MLD_10,0.0,0.0,Green - Normal,88
2024-07-22 13:00:00,WLS_DHS_11,SENS_WLS_DHS_11,0.0,0.0,Green - Normal,89
2024-07-22 13:00:00,WLS_CHN_12,SENS_WLS_CHN_12,0.0,0.0,Green - Normal,94
2024-07-22 13:00:00,WLS_WRL_13,SENS_WLS_WRL_13,0.0,0.0,Green - Normal,95
2024-07-22 13:00:00,WLS_BYC_14,SENS_WLS_BYC_14,0.0,0.0,Green - Normal,97
2024-07-22 13:00:00,WLS_MNK_15,SENS_WLS_MNK_15,0.0,0.0,Green - Normal,90
2024-07-22 14:00:00,WLS_HND_01,SENS_WLS_HND_01,0.0,0.0,Green - Normal,90
2024-07-22 14:00:00,WLS_GND_02,SENS_WLS_GND_02,0.0,0.0,Green - Normal,96
2024-07-22 14:00:00,WLS_MLN_03,SENS_WLS_MLN_03,0.0,0.0,Green - Normal,95
2024-07-22 14:00:00,WLS_AND_04,SENS_WLS_AND_04,0.0,0.0,Green - Normal,90
2024-07-22 14:00:00,WLS_KHR_05,SENS_WLS_KHR_05,0.0,0.0,Green - Normal,91
2024-07-22 14:00:00,WLS_KRL_06,SENS_WLS_KRL_06,0.0,0.0,Green - Normal,94
2024-07-22 14:00:00,WLS_SIO_07,SENS_WLS_SIO_07,0.0,0.0,Green - Normal,98
2024-07-22 14:00:00,WLS_DDR_08,SENS_WLS_DDR_08,0.0,0.0,Green - Normal,97
2024-07-22 14:00:00,WLS_CHM_09,SENS_WLS_CHM_09,0.0,0.0,Green - Normal,98
2024-07-22 14:00:00,WLS_MLD_10,SENS_WLS_MLD_10,0.0,0.0,Green - Normal,97
2024-07-22 14:00:00,WLS_DHS_11,SENS_WLS_DHS_11,0.0,0.0,Green - Normal,94
2024-07-22 14:00:00,WLS_CHN_12,SENS_WLS_CHN_12,0.0,0.0,Green - Normal,91
2024-07-22 14:00:00,WLS_WRL_13,SENS_WLS_WRL_13,0.0,0.0,Green - Normal,93
2024-07-22 14:00:00,WLS_BYC_14,SENS_WLS_BYC_14,0.0,0.0,Green - Normal,97
2024-07-22 14:00:00,WLS_MNK_15,SENS_WLS_MNK_15,0.0,0.0,Green - Normal,93
2024-07-22 15:00:00,WLS_HND_01,SENS_WLS_HND_01,0.0,0.0,Green - Normal,97
2024-07-22 15:00:00,WLS_GND_02,SENS_WLS_GND_02,0.0,0.0,Green - Normal,97
2024-07-22 15:00:00,WLS_MLN_03,SENS_WLS_MLN_03,0.0,0.0,Green - Normal,92
2024-07-22 15:00:00,WLS_AND_04,SENS_WLS_AND_04,0.0,0.0,Green - Normal,95
2024-07-22 15:00:00,WLS_KHR_05,SENS_WLS_KHR_05,0.0,0.0,Green - Normal,97
2024-07-22 15:00:00,WLS_KRL_06,SENS_WLS_KRL_06,0.0,0.0,Green - Normal,98
2024-07-22 15:00:00,WLS_SIO_07,SENS_WLS_SIO_07,0.0,0.0,Green - Normal,90
2024-07-22 15:00:00,WLS_DDR_08,SENS_WLS_DDR_08,0.0,0.0,Green - Normal,91
2024-07-22 15:00:00,WLS_CHM_09,SENS_WLS_CHM_09,0.0,0.0,Green - Normal,92
2024-07-22 15:00:00,WLS_MLD_10,SENS_WLS_MLD_10,0.0,0.0,Green - Normal,95
2024-07-22 15:00:00,WLS_DHS_11,SENS_WLS_DHS_11,0.0,0.0,Green - Normal,89
2024-07-22 15:00:00,WLS_CHN_12,SENS_WLS_CHN_12,0.0,0.0,Green - Normal,89
2024-07-22 15:00:00,WLS_WRL_13,SENS_WLS_WRL_13,0.0,0.0,Green - Normal,97
2024-07-22 15:00:00,WLS_BYC_14,SENS_WLS_BYC_14,0.0,0.0,Green - Normal,94
2024-07-22 15:00:00,WLS_MNK_15,SENS_WLS_MNK_15,0.0,0.0,Green - Normal,95
2024-07-22 16:00:00,WLS_HND_01,SENS_WLS_HND_01,0.0,0.0,Green - Normal,92
2024-07-22 16:00:00,WLS_GND_02,SENS_WLS_GND_02,0.0,0.0,Green - Normal,92
2024-07-22 16:00:00,WLS_MLN_03,SENS_WLS_MLN_03,0.0,0.0,Green - Normal,99
2024-07-22 16:00:00,WLS_AND_04,SENS_WLS_AND_04,0.0,0.0,Green - Normal,89
2024-07-22 16:00:00,WLS_KHR_05,SENS_WLS_KHR_05,0.0,0.0,Green - Normal,97
2024-07-22 16:00:00,WLS_KRL_06,SENS_WLS_KRL_06,0.0,0.0,Green - Normal,92
2024-07-22 16:00:00,WLS_SIO_07,SENS_WLS_SIO_07,0.0,0.0,Green - Normal,95
2024-07-22 16:00:00,WLS_DDR_08,SENS_WLS_DDR_08,0.0,0.0,Green - Normal,94
2024-07-22 16:00:00,WLS_CHM_09,SENS_WLS_CHM_09,0.0,0.0,Green - Normal,88
2024-07-22 16:00:00,WLS_MLD_10,SENS_WLS_MLD_10,0.0,0.0,Green - Normal,98
2024-07-22 16:00:00,WLS_DHS_11,SENS_WLS_DHS_11,0.0,0.0,Green - Normal,90
2024-07-22 16:00:00,WLS_CHN_12,SENS_WLS_CHN_12,0.0,0.0,Green - Normal,100
2024-07-22 16:00:00,WLS_WRL_13,SENS_WLS_WRL_13,0.0,0.0,Green - Normal,96
2024-07-22 16:00:00,WLS_BYC_14,SENS_WLS_BYC_14,0.0,0.0,Green - Normal,90
2024-07-22 16:00:00,WLS_MNK_15,SENS_WLS_MNK_15,0.0,0.0,Green - Normal,95
2024-07-22 17:00:00,WLS_HND_01,SENS_WLS_HND_01,0.0,0.0,Green - Normal,99
2024-07-22 17:00:00,WLS_GND_02,SENS_WLS_GND_02,0.0,0.0,Green - Normal,98
2024-07-22 17:00:00,WLS_MLN_03,SENS_WLS_MLN_03,0.0,0.0,Green - Normal,99
2024-07-22 17:00:00,WLS_AND_04,SENS_WLS_AND_04,0.0,0.0,Green - Normal,95
2024-07-22 17:00:00,WLS_KHR_05,SENS_WLS_KHR_05,0.0,0.0,Green - Normal,94
2024-07-22 17:00:00,WLS_KRL_06,SENS_WLS_KRL_06,0.0,0.0,Green - Normal,92
2024-07-22 17:00:00,WLS_SIO_07,SENS_WLS_SIO_07,0.0,0.0,Green - Normal,97
2024-07-22 17:00:00,WLS_DDR_08,SENS_WLS_DDR_08,0.0,0.0,Green - Normal,97
2024-07-22 17:00:00,WLS_CHM_09,SENS_WLS_CHM_09,0.0,0.0,Green - Normal,95
2024-07-22 17:00:00,WLS_MLD_10,SENS_WLS_MLD_10,0.0,0.0,Green - Normal,89
2024-07-22 17:00:00,WLS_DHS_11,SENS_WLS_DHS_11,0.0,0.0,Green - Normal,98
2024-07-22 17:00:00,WLS_CHN_12,SENS_WLS_CHN_12,0.0,0.0,Green - Normal,92
2024-07-22 17:00:00,WLS_WRL_13,SENS_WLS_WRL_13,0.0,0.0,Green - Normal,90
2024-07-22 17:00:00,WLS_BYC_14,SENS_WLS_BYC_14,0.0,0.0,Green - Normal,89
2024-07-22 17:00:00,WLS_MNK_15,SENS_WLS_MNK_15,0.0,0.0,Green - Normal,95
2024-07-22 18:00:00,WLS_HND_01,SENS_WLS_HND_01,0.0,0.0,Green - Normal,100
2024-07-22 18:00:00,WLS_GND_02,SENS_WLS_GND_02,0.0,0.0,Green - Normal,100
2024-07-22 18:00:00,WLS_MLN_03,SENS_WLS_MLN_03,0.0,0.0,Green - Normal,92
2024-07-22 18:00:00,WLS_AND_04,SENS_WLS_AND_04,0.0,0.0,Green - Normal,91
2024-07-22 18:00:00,WLS_KHR_05,SENS_WLS_KHR_05,0.0,0.0,Green - Normal,91
2024-07-22 18:00:00,WLS_KRL_06,SENS_WLS_KRL_06,0.0,0.0,Green - Normal,96
2024-07-22 18:00:00,WLS_SIO_07,SENS_WLS_SIO_07,0.0,0.0,Green - Normal,91
2024-07-22 18:00:00,WLS_DDR_08,SENS_WLS_DDR_08,0.0,0.0,Green - Normal,100
2024-07-22 18:00:00,WLS_CHM_09,SENS_WLS_CHM_09,0.0,0.0,Green - Normal,94
2024-07-22 18:00:00,WLS_MLD_10,SENS_WLS_MLD_10,0.0,0.0,Green - Normal,94
2024-07-22 18:00:00,WLS_DHS_11,SENS_WLS_DHS_11,0.0,0.0,Green - Normal,89
2024-07-22 18:00:00,WLS_CHN_12,SENS_WLS_CHN_12,0.0,0.0,Green - Normal,98
2024-07-22 18:00:00,WLS_WRL_13,SENS_WLS_WRL_13,0.0,0.0,Green - Normal,93
2024-07-22 18:00:00,WLS_BYC_14,SENS_WLS_BYC_14,0.0,0.0,Green - Normal,88
2024-07-22 18:00:00,WLS_MNK_15,SENS_WLS_MNK_15,0.0,0.0,Green - Normal,91
2024-07-22 19:00:00,WLS_HND_01,SENS_WLS_HND_01,0.0,0.0,Green - Normal,99
2024-07-22 19:00:00,WLS_GND_02,SENS_WLS_GND_02,0.0,0.0,Green - Normal,99
2024-07-22 19:00:00,WLS_MLN_03,SENS_WLS_MLN_03,0.0,0.0,Green - Normal,93
2024-07-22 19:00:00,WLS_AND_04,SENS_WLS_AND_04,0.0,0.0,Green - Normal,93
2024-07-22 19:00:00,WLS_KHR_05,SENS_WLS_KHR_05,0.0,0.0,Green - Normal,100
2024-07-22 19:00:00,WLS_KRL_06,SENS_WLS_KRL_06,0.0,0.0,Green - Normal,90
2024-07-22 19:00:00,WLS_SIO_07,SENS_WLS_SIO_07,0.0,0.0,Green - Normal,96
2024-07-22 19:00:00,WLS_DDR_08,SENS_WLS_DDR_08,0.0,0.0,Green - Normal,100
2024-07-22 19:00:00,WLS_CHM_09,SENS_WLS_CHM_09,0.0,0.0,Green - Normal,93
2024-07-22 19:00:00,WLS_MLD_10,SENS_WLS_MLD_10,0.0,0.0,Green - Normal,93
2024-07-22 19:00:00,WLS_DHS_11,SENS_WLS_DHS_11,0.0,0.0,Green - Normal,89
2024-07-22 19:00:00,WLS_CHN_12,SENS_WLS_CHN_12,0.0,0.0,Green - Normal,91
2024-07-22 19:00:00,WLS_WRL_13,SENS_WLS_WRL_13,0.0,0.0,Green - Normal,100
2024-07-22 19:00:00,WLS_BYC_14,SENS_WLS_BYC_14,0.0,0.0,Green - Normal,90
2024-07-22 19:00:00,WLS_MNK_15,SENS_WLS_MNK_15,0.0,0.0,Green - Normal,90
2024-07-22 20:00:00,WLS_HND_01,SENS_WLS_HND_01,29.4,0.69,Amber Alert - Waterlogging,97
2024-07-22 20:00:00,WLS_GND_02,SENS_WLS_GND_02,27.5,0.41,Amber Alert - Waterlogging,89
2024-07-22 20:00:00,WLS_MLN_03,SENS_WLS_MLN_03,44.2,1.3,Amber Alert - Waterlogging,91
2024-07-22 20:00:00,WLS_AND_04,SENS_WLS_AND_04,49.1,1.27,Red Alert - Inundated,94
2024-07-22 20:00:00,WLS_KHR_05,SENS_WLS_KHR_05,43.8,1.16,Amber Alert - Waterlogging,91
2024-07-22 20:00:00,WLS_KRL_06,SENS_WLS_KRL_06,19.5,0.33,Amber Alert - Waterlogging,93
2024-07-22 20:00:00,WLS_SIO_07,SENS_WLS_SIO_07,21.7,0.21,Amber Alert - Waterlogging,93
2024-07-22 20:00:00,WLS_DDR_08,SENS_WLS_DDR_08,14.3,1.29,Green - Normal,89
2024-07-22 20:00:00,WLS_CHM_09,SENS_WLS_CHM_09,11.1,0.99,Green - Normal,94
2024-07-22 20:00:00,WLS_MLD_10,SENS_WLS_MLD_10,35.8,1.2,Amber Alert - Waterlogging,96
2024-07-22 20:00:00,WLS_DHS_11,SENS_WLS_DHS_11,30.5,0.77,Amber Alert - Waterlogging,93
2024-07-22 20:00:00,WLS_CHN_12,SENS_WLS_CHN_12,26.0,1.39,Amber Alert - Waterlogging,92
2024-07-22 20:00:00,WLS_WRL_13,SENS_WLS_WRL_13,12.2,1.16,Green - Normal,91
2024-07-22 20:00:00,WLS_BYC_14,SENS_WLS_BYC_14,19.1,0.18,Amber Alert - Waterlogging,100
2024-07-22 20:00:00,WLS_MNK_15,SENS_WLS_MNK_15,34.5,0.83,Amber Alert - Waterlogging,97
2024-07-22 21:00:00,WLS_HND_01,SENS_WLS_HND_01,8.4,0.92,Green - Normal,89
2024-07-22 21:00:00,WLS_GND_02,SENS_WLS_GND_02,7.0,0.32,Green - Normal,95
2024-07-22 21:00:00,WLS_MLN_03,SENS_WLS_MLN_03,18.2,0.38,Amber Alert - Waterlogging,93
2024-07-22 21:00:00,WLS_AND_04,SENS_WLS_AND_04,9.9,1.27,Green - Normal,90
2024-07-22 21:00:00,WLS_KHR_05,SENS_WLS_KHR_05,12.3,0.99,Green - Normal,96
2024-07-22 21:00:00,WLS_KRL_06,SENS_WLS_KRL_06,8.2,1.33,Green - Normal,94
2024-07-22 21:00:00,WLS_SIO_07,SENS_WLS_SIO_07,6.4,0.94,Green - Normal,94
2024-07-22 21:00:00,WLS_DDR_08,SENS_WLS_DDR_08,2.5,0.0,Green - Normal,95
2024-07-22 21:00:00,WLS_CHM_09,SENS_WLS_CHM_09,0.0,0.0,Green - Normal,88
2024-07-22 21:00:00,WLS_MLD_10,SENS_WLS_MLD_10,7.3,1.04,Green - Normal,97
2024-07-22 21:00:00,WLS_DHS_11,SENS_WLS_DHS_11,14.5,1.12,Green - Normal,99
2024-07-22 21:00:00,WLS_CHN_12,SENS_WLS_CHN_12,8.7,0.68,Green - Normal,94
2024-07-22 21:00:00,WLS_WRL_13,SENS_WLS_WRL_13,0.0,0.0,Green - Normal,90
2024-07-22 21:00:00,WLS_BYC_14,SENS_WLS_BYC_14,1.1,0.0,Green - Normal,96
2024-07-22 21:00:00,WLS_MNK_15,SENS_WLS_MNK_15,10.8,0.12,Green - Normal,100
2024-07-22 22:00:00,WLS_HND_01,SENS_WLS_HND_01,0.0,0.0,Green - Normal,99
2024-07-22 22:00:00,WLS_GND_02,SENS_WLS_GND_02,0.0,0.0,Green - Normal,95
2024-07-22 22:00:00,WLS_MLN_03,SENS_WLS_MLN_03,0.0,0.0,Green - Normal,97
2024-07-22 22:00:00,WLS_AND_04,SENS_WLS_AND_04,0.0,0.0,Green - Normal,91
2024-07-22 22:00:00,WLS_KHR_05,SENS_WLS_KHR_05,0.0,0.0,Green - Normal,88
2024-07-22 22:00:00,WLS_KRL_06,SENS_WLS_KRL_06,0.0,0.0,Green - Normal,91
2024-07-22 22:00:00,WLS_SIO_07,SENS_WLS_SIO_07,0.0,0.0,Green - Normal,99
2024-07-22 22:00:00,WLS_DDR_08,SENS_WLS_DDR_08,0.0,0.0,Green - Normal,91
2024-07-22 22:00:00,WLS_CHM_09,SENS_WLS_CHM_09,0.0,0.0,Green - Normal,100
2024-07-22 22:00:00,WLS_MLD_10,SENS_WLS_MLD_10,0.0,0.0,Green - Normal,89
2024-07-22 22:00:00,WLS_DHS_11,SENS_WLS_DHS_11,0.0,0.0,Green - Normal,90
2024-07-22 22:00:00,WLS_CHN_12,SENS_WLS_CHN_12,0.0,0.0,Green - Normal,91
2024-07-22 22:00:00,WLS_WRL_13,SENS_WLS_WRL_13,0.0,0.0,Green - Normal,90
2024-07-22 22:00:00,WLS_BYC_14,SENS_WLS_BYC_14,0.0,0.0,Green - Normal,100
2024-07-22 22:00:00,WLS_MNK_15,SENS_WLS_MNK_15,0.0,0.0,Green - Normal,88
2024-07-22 23:00:00,WLS_HND_01,SENS_WLS_HND_01,0.0,0.0,Green - Normal,98
2024-07-22 23:00:00,WLS_GND_02,SENS_WLS_GND_02,0.0,0.0,Green - Normal,98
2024-07-22 23:00:00,WLS_MLN_03,SENS_WLS_MLN_03,0.0,0.0,Green - Normal,89
2024-07-22 23:00:00,WLS_AND_04,SENS_WLS_AND_04,0.0,0.0,Green - Normal,100
2024-07-22 23:00:00,WLS_KHR_05,SENS_WLS_KHR_05,0.0,0.0,Green - Normal,100
2024-07-22 23:00:00,WLS_KRL_06,SENS_WLS_KRL_06,0.0,0.0,Green - Normal,98
2024-07-22 23:00:00,WLS_SIO_07,SENS_WLS_SIO_07,0.0,0.0,Green - Normal,98
2024-07-22 23:00:00,WLS_DDR_08,SENS_WLS_DDR_08,0.0,0.0,Green - Normal,91
2024-07-22 23:00:00,WLS_CHM_09,SENS_WLS_CHM_09,0.0,0.0,Green - Normal,91
2024-07-22 23:00:00,WLS_MLD_10,SENS_WLS_MLD_10,0.0,0.0,Green - Normal,94
2024-07-22 23:00:00,WLS_DHS_11,SENS_WLS_DHS_11,0.0,0.0,Green - Normal,98
2024-07-22 23:00:00,WLS_CHN_12,SENS_WLS_CHN_12,0.0,0.0,Green - Normal,94
2024-07-22 23:00:00,WLS_WRL_13,SENS_WLS_WRL_13,0.0,0.0,Green - Normal,89
2024-07-22 23:00:00,WLS_BYC_14,SENS_WLS_BYC_14,0.0,0.0,Green - Normal,89
2024-07-22 23:00:00,WLS_MNK_15,SENS_WLS_MNK_15,0.0,0.0,Green - Normal,92
2024-07-23 00:00:00,WLS_HND_01,SENS_WLS_HND_01,0.0,0.0,Green - Normal,97
2024-07-23 00:00:00,WLS_GND_02,SENS_WLS_GND_02,0.0,0.0,Green - Normal,99
2024-07-23 00:00:00,WLS_MLN_03,SENS_WLS_MLN_03,0.0,0.0,Green - Normal,90
2024-07-23 00:00:00,WLS_AND_04,SENS_WLS_AND_04,0.0,0.0,Green - Normal,89
2024-07-23 00:00:00,WLS_KHR_05,SENS_WLS_KHR_05,0.0,0.0,Green - Normal,100
2024-07-23 00:00:00,WLS_KRL_06,SENS_WLS_KRL_06,0.0,0.0,Green - Normal,89
2024-07-23 00:00:00,WLS_SIO_07,SENS_WLS_SIO_07,0.0,0.0,Green - Normal,100
2024-07-23 00:00:00,WLS_DDR_08,SENS_WLS_DDR_08,0.0,0.0,Green - Normal,91
2024-07-23 00:00:00,WLS_CHM_09,SENS_WLS_CHM_09,0.0,0.0,Green - Normal,91
2024-07-23 00:00:00,WLS_MLD_10,SENS_WLS_MLD_10,0.0,0.0,Green - Normal,91
2024-07-23 00:00:00,WLS_DHS_11,SENS_WLS_DHS_11,0.0,0.0,Green - Normal,92
2024-07-23 00:00:00,WLS_CHN_12,SENS_WLS_CHN_12,0.0,0.0,Green - Normal,89
2024-07-23 00:00:00,WLS_WRL_13,SENS_WLS_WRL_13,0.0,0.0,Green - Normal,91
2024-07-23 00:00:00,WLS_BYC_14,SENS_WLS_BYC_14,0.0,0.0,Green - Normal,100
2024-07-23 00:00:00,WLS_MNK_15,SENS_WLS_MNK_15,0.0,0.0,Green - Normal,96
2024-07-23 01:00:00,WLS_HND_01,SENS_WLS_HND_01,0.0,0.0,Green - Normal,99
2024-07-23 01:00:00,WLS_GND_02,SENS_WLS_GND_02,0.0,0.0,Green - Normal,95
2024-07-23 01:00:00,WLS_MLN_03,SENS_WLS_MLN_03,0.0,0.0,Green - Normal,96
2024-07-23 01:00:00,WLS_AND_04,SENS_WLS_AND_04,0.0,0.0,Green - Normal,90
2024-07-23 01:00:00,WLS_KHR_05,SENS_WLS_KHR_05,0.0,0.0,Green - Normal,99
2024-07-23 01:00:00,WLS_KRL_06,SENS_WLS_KRL_06,0.0,0.0,Green - Normal,92
2024-07-23 01:00:00,WLS_SIO_07,SENS_WLS_SIO_07,0.0,0.0,Green - Normal,91
2024-07-23 01:00:00,WLS_DDR_08,SENS_WLS_DDR_08,0.0,0.0,Green - Normal,94
2024-07-23 01:00:00,WLS_CHM_09,SENS_WLS_CHM_09,0.0,0.0,Green - Normal,100
2024-07-23 01:00:00,WLS_MLD_10,SENS_WLS_MLD_10,0.0,0.0,Green - Normal,95
2024-07-23 01:00:00,WLS_DHS_11,SENS_WLS_DHS_11,0.0,0.0,Green - Normal,99
2024-07-23 01:00:00,WLS_CHN_12,SENS_WLS_CHN_12,0.0,0.0,Green - Normal,88
2024-07-23 01:00:00,WLS_WRL_13,SENS_WLS_WRL_13,0.0,0.0,Green - Normal,99
2024-07-23 01:00:00,WLS_BYC_14,SENS_WLS_BYC_14,0.0,0.0,Green - Normal,88
2024-07-23 01:00:00,WLS_MNK_15,SENS_WLS_MNK_15,0.0,0.0,Green - Normal,92
2024-07-23 02:00:00,WLS_HND_01,SENS_WLS_HND_01,0.0,0.0,Green - Normal,95
2024-07-23 02:00:00,WLS_GND_02,SENS_WLS_GND_02,0.0,0.0,Green - Normal,92
2024-07-23 02:00:00,WLS_MLN_03,SENS_WLS_MLN_03,0.0,0.0,Green - Normal,88
2024-07-23 02:00:00,WLS_AND_04,SENS_WLS_AND_04,0.0,0.0,Green - Normal,90
2024-07-23 02:00:00,WLS_KHR_05,SENS_WLS_KHR_05,0.0,0.0,Green - Normal,96
2024-07-23 02:00:00,WLS_KRL_06,SENS_WLS_KRL_06,0.0,0.0,Green - Normal,97
2024-07-23 02:00:00,WLS_SIO_07,SENS_WLS_SIO_07,0.0,0.0,Green - Normal,99
2024-07-23 02:00:00,WLS_DDR_08,SENS_WLS_DDR_08,0.0,0.0,Green - Normal,88
2024-07-23 02:00:00,WLS_CHM_09,SENS_WLS_CHM_09,0.0,0.0,Green - Normal,90
2024-07-23 02:00:00,WLS_MLD_10,SENS_WLS_MLD_10,0.0,0.0,Green - Normal,92
2024-07-23 02:00:00,WLS_DHS_11,SENS_WLS_DHS_11,0.0,0.0,Green - Normal,100
2024-07-23 02:00:00,WLS_CHN_12,SENS_WLS_CHN_12,0.0,0.0,Green - Normal,92
2024-07-23 02:00:00,WLS_WRL_13,SENS_WLS_WRL_13,0.0,0.0,Green - Normal,89
2024-07-23 02:00:00,WLS_BYC_14,SENS_WLS_BYC_14,0.0,0.0,Green - Normal,92
2024-07-23 02:00:00,WLS_MNK_15,SENS_WLS_MNK_15,0.0,0.0,Green - Normal,92
2024-07-23 03:00:00,WLS_HND_01,SENS_WLS_HND_01,0.0,0.0,Green - Normal,95
2024-07-23 03:00:00,WLS_GND_02,SENS_WLS_GND_02,0.0,0.0,Green - Normal,96
2024-07-23 03:00:00,WLS_MLN_03,SENS_WLS_MLN_03,0.0,0.0,Green - Normal,92
2024-07-23 03:00:00,WLS_AND_04,SENS_WLS_AND_04,0.0,0.0,Green - Normal,99
2024-07-23 03:00:00,WLS_KHR_05,SENS_WLS_KHR_05,0.0,0.0,Green - Normal,89
2024-07-23 03:00:00,WLS_KRL_06,SENS_WLS_KRL_06,0.0,0.0,Green - Normal,92
2024-07-23 03:00:00,WLS_SIO_07,SENS_WLS_SIO_07,0.0,0.0,Green - Normal,94
2024-07-23 03:00:00,WLS_DDR_08,SENS_WLS_DDR_08,0.0,0.0,Green - Normal,96
2024-07-23 03:00:00,WLS_CHM_09,SENS_WLS_CHM_09,0.0,0.0,Green - Normal,95
2024-07-23 03:00:00,WLS_MLD_10,SENS_WLS_MLD_10,0.0,0.0,Green - Normal,91
2024-07-23 03:00:00,WLS_DHS_11,SENS_WLS_DHS_11,0.0,0.0,Green - Normal,97
2024-07-23 03:00:00,WLS_CHN_12,SENS_WLS_CHN_12,0.0,0.0,Green - Normal,97
2024-07-23 03:00:00,WLS_WRL_13,SENS_WLS_WRL_13,0.0,0.0,Green - Normal,90
2024-07-23 03:00:00,WLS_BYC_14,SENS_WLS_BYC_14,0.0,0.0,Green - Normal,90
2024-07-23 03:00:00,WLS_MNK_15,SENS_WLS_MNK_15,0.0,0.0,Green - Normal,100
2024-07-23 04:00:00,WLS_HND_01,SENS_WLS_HND_01,0.0,0.0,Green - Normal,89
2024-07-23 04:00:00,WLS_GND_02,SENS_WLS_GND_02,0.0,0.0,Green - Normal,95
2024-07-23 04:00:00,WLS_MLN_03,SENS_WLS_MLN_03,0.0,0.0,Green - Normal,91
2024-07-23 04:00:00,WLS_AND_04,SENS_WLS_AND_04,0.0,0.0,Green - Normal,92
2024-07-23 04:00:00,WLS_KHR_05,SENS_WLS_KHR_05,0.0,0.0,Green - Normal,98
2024-07-23 04:00:00,WLS_KRL_06,SENS_WLS_KRL_06,0.0,0.0,Green - Normal,88
2024-07-23 04:00:00,WLS_SIO_07,SENS_WLS_SIO_07,0.0,0.0,Green - Normal,95
2024-07-23 04:00:00,WLS_DDR_08,SENS_WLS_DDR_08,0.0,0.0,Green - Normal,95
2024-07-23 04:00:00,WLS_CHM_09,SENS_WLS_CHM_09,0.0,0.0,Green - Normal,89
2024-07-23 04:00:00,WLS_MLD_10,SENS_WLS_MLD_10,0.0,0.0,Green - Normal,93
2024-07-23 04:00:00,WLS_DHS_11,SENS_WLS_DHS_11,0.0,0.0,Green - Normal,95
2024-07-23 04:00:00,WLS_CHN_12,SENS_WLS_CHN_12,0.0,0.0,Green - Normal,98
2024-07-23 04:00:00,WLS_WRL_13,SENS_WLS_WRL_13,0.0,0.0,Green - Normal,96
2024-07-23 04:00:00,WLS_BYC_14,SENS_WLS_BYC_14,0.0,0.0,Green - Normal,96
2024-07-23 04:00:00,WLS_MNK_15,SENS_WLS_MNK_15,0.0,0.0,Green - Normal,96
2024-07-23 05:00:00,WLS_HND_01,SENS_WLS_HND_01,0.0,0.0,Green - Normal,93
2024-07-23 05:00:00,WLS_GND_02,SENS_WLS_GND_02,0.0,0.0,Green - Normal,92
2024-07-23 05:00:00,WLS_MLN_03,SENS_WLS_MLN_03,0.0,0.0,Green - Normal,99
2024-07-23 05:00:00,WLS_AND_04,SENS_WLS_AND_04,0.0,0.0,Green - Normal,96
2024-07-23 05:00:00,WLS_KHR_05,SENS_WLS_KHR_05,0.0,0.0,Green - Normal,88
2024-07-23 05:00:00,WLS_KRL_06,SENS_WLS_KRL_06,0.0,0.0,Green - Normal,96
2024-07-23 05:00:00,WLS_SIO_07,SENS_WLS_SIO_07,0.0,0.0,Green - Normal,88
2024-07-23 05:00:00,WLS_DDR_08,SENS_WLS_DDR_08,0.0,0.0,Green - Normal,98
2024-07-23 05:00:00,WLS_CHM_09,SENS_WLS_CHM_09,0.0,0.0,Green - Normal,91
2024-07-23 05:00:00,WLS_MLD_10,SENS_WLS_MLD_10,0.0,0.0,Green - Normal,95
2024-07-23 05:00:00,WLS_DHS_11,SENS_WLS_DHS_11,0.0,0.0,Green - Normal,90
2024-07-23 05:00:00,WLS_CHN_12,SENS_WLS_CHN_12,0.0,0.0,Green - Normal,94
2024-07-23 05:00:00,WLS_WRL_13,SENS_WLS_WRL_13,0.0,0.0,Green - Normal,90
2024-07-23 05:00:00,WLS_BYC_14,SENS_WLS_BYC_14,0.0,0.0,Green - Normal,93
2024-07-23 05:00:00,WLS_MNK_15,SENS_WLS_MNK_15,0.0,0.0,Green - Normal,91
2024-07-23 06:00:00,WLS_HND_01,SENS_WLS_HND_01,0.0,0.0,Green - Normal,96
2024-07-23 06:00:00,WLS_GND_02,SENS_WLS_GND_02,0.0,0.0,Green - Normal,89
2024-07-23 06:00:00,WLS_MLN_03,SENS_WLS_MLN_03,0.0,0.0,Green - Normal,90
2024-07-23 06:00:00,WLS_AND_04,SENS_WLS_AND_04,0.0,0.0,Green - Normal,100
2024-07-23 06:00:00,WLS_KHR_05,SENS_WLS_KHR_05,0.0,0.0,Green - Normal,98
2024-07-23 06:00:00,WLS_KRL_06,SENS_WLS_KRL_06,0.0,0.0,Green - Normal,97
2024-07-23 06:00:00,WLS_SIO_07,SENS_WLS_SIO_07,0.0,0.0,Green - Normal,93
2024-07-23 06:00:00,WLS_DDR_08,SENS_WLS_DDR_08,0.0,0.0,Green - Normal,100
2024-07-23 06:00:00,WLS_CHM_09,SENS_WLS_CHM_09,0.0,0.0,Green - Normal,99
2024-07-23 06:00:00,WLS_MLD_10,SENS_WLS_MLD_10,0.0,0.0,Green - Normal,90
2024-07-23 06:00:00,WLS_DHS_11,SENS_WLS_DHS_11,0.0,0.0,Green - Normal,90
2024-07-23 06:00:00,WLS_CHN_12,SENS_WLS_CHN_12,0.0,0.0,Green - Normal,94
2024-07-23 06:00:00,WLS_WRL_13,SENS_WLS_WRL_13,0.0,0.0,Green - Normal,99
2024-07-23 06:00:00,WLS_BYC_14,SENS_WLS_BYC_14,0.0,0.0,Green - Normal,99
2024-07-23 06:00:00,WLS_MNK_15,SENS_WLS_MNK_15,0.0,0.0,Green - Normal,99
2024-07-23 07:00:00,WLS_HND_01,SENS_WLS_HND_01,0.0,0.0,Green - Normal,98
2024-07-23 07:00:00,WLS_GND_02,SENS_WLS_GND_02,0.0,0.0,Green - Normal,93
2024-07-23 07:00:00,WLS_MLN_03,SENS_WLS_MLN_03,0.0,0.0,Green - Normal,99
2024-07-23 07:00:00,WLS_AND_04,SENS_WLS_AND_04,0.0,0.0,Green - Normal,90
2024-07-23 07:00:00,WLS_KHR_05,SENS_WLS_KHR_05,0.0,0.0,Green - Normal,95
2024-07-23 07:00:00,WLS_KRL_06,SENS_WLS_KRL_06,0.0,0.0,Green - Normal,88
2024-07-23 07:00:00,WLS_SIO_07,SENS_WLS_SIO_07,0.0,0.0,Green - Normal,96
2024-07-23 07:00:00,WLS_DDR_08,SENS_WLS_DDR_08,0.0,0.0,Green - Normal,91
2024-07-23 07:00:00,WLS_CHM_09,SENS_WLS_CHM_09,0.0,0.0,Green - Normal,100
2024-07-23 07:00:00,WLS_MLD_10,SENS_WLS_MLD_10,0.0,0.0,Green - Normal,93
2024-07-23 07:00:00,WLS_DHS_11,SENS_WLS_DHS_11,0.0,0.0,Green - Normal,98
2024-07-23 07:00:00,WLS_CHN_12,SENS_WLS_CHN_12,0.0,0.0,Green - Normal,89
2024-07-23 07:00:00,WLS_WRL_13,SENS_WLS_WRL_13,0.0,0.0,Green - Normal,92
2024-07-23 07:00:00,WLS_BYC_14,SENS_WLS_BYC_14,0.0,0.0,Green - Normal,100
2024-07-23 07:00:00,WLS_MNK_15,SENS_WLS_MNK_15,0.0,0.0,Green - Normal,99
2024-07-23 08:00:00,WLS_HND_01,SENS_WLS_HND_01,0.0,0.0,Green - Normal,92
2024-07-23 08:00:00,WLS_GND_02,SENS_WLS_GND_02,0.0,0.0,Green - Normal,90
2024-07-23 08:00:00,WLS_MLN_03,SENS_WLS_MLN_03,0.0,0.0,Green - Normal,94
2024-07-23 08:00:00,WLS_AND_04,SENS_WLS_AND_04,0.0,0.0,Green - Normal,95
2024-07-23 08:00:00,WLS_KHR_05,SENS_WLS_KHR_05,0.0,0.0,Green - Normal,92
2024-07-23 08:00:00,WLS_KRL_06,SENS_WLS_KRL_06,0.0,0.0,Green - Normal,99
2024-07-23 08:00:00,WLS_SIO_07,SENS_WLS_SIO_07,0.0,0.0,Green - Normal,95
2024-07-23 08:00:00,WLS_DDR_08,SENS_WLS_DDR_08,0.0,0.0,Green - Normal,98
2024-07-23 08:00:00,WLS_CHM_09,SENS_WLS_CHM_09,0.0,0.0,Green - Normal,92
2024-07-23 08:00:00,WLS_MLD_10,SENS_WLS_MLD_10,0.0,0.0,Green - Normal,95
2024-07-23 08:00:00,WLS_DHS_11,SENS_WLS_DHS_11,0.0,0.0,Green - Normal,100
2024-07-23 08:00:00,WLS_CHN_12,SENS_WLS_CHN_12,0.0,0.0,Green - Normal,96
2024-07-23 08:00:00,WLS_WRL_13,SENS_WLS_WRL_13,0.0,0.0,Green - Normal,94
2024-07-23 08:00:00,WLS_BYC_14,SENS_WLS_BYC_14,0.0,0.0,Green - Normal,99
2024-07-23 08:00:00,WLS_MNK_15,SENS_WLS_MNK_15,0.0,0.0,Green - Normal,88
2024-07-23 09:00:00,WLS_HND_01,SENS_WLS_HND_01,11.0,0.95,Green - Normal,90
2024-07-23 09:00:00,WLS_GND_02,SENS_WLS_GND_02,6.6,1.11,Green - Normal,98
2024-07-23 09:00:00,WLS_MLN_03,SENS_WLS_MLN_03,16.8,0.6,Amber Alert - Waterlogging,90
2024-07-23 09:00:00,WLS_AND_04,SENS_WLS_AND_04,16.2,0.49,Amber Alert - Waterlogging,91
2024-07-23 09:00:00,WLS_KHR_05,SENS_WLS_KHR_05,9.8,0.77,Green - Normal,91
2024-07-23 09:00:00,WLS_KRL_06,SENS_WLS_KRL_06,4.8,0.0,Green - Normal,100
2024-07-23 09:00:00,WLS_SIO_07,SENS_WLS_SIO_07,2.6,0.0,Green - Normal,91
2024-07-23 09:00:00,WLS_DDR_08,SENS_WLS_DDR_08,0.0,0.0,Green - Normal,94
2024-07-23 09:00:00,WLS_CHM_09,SENS_WLS_CHM_09,0.0,0.0,Green - Normal,91
2024-07-23 09:00:00,WLS_MLD_10,SENS_WLS_MLD_10,11.0,1.05,Green - Normal,91
2024-07-23 09:00:00,WLS_DHS_11,SENS_WLS_DHS_11,8.5,0.12,Green - Normal,90
2024-07-23 09:00:00,WLS_CHN_12,SENS_WLS_CHN_12,5.3,1.08,Green - Normal,100
2024-07-23 09:00:00,WLS_WRL_13,SENS_WLS_WRL_13,0.0,0.0,Green - Normal,89
2024-07-23 09:00:00,WLS_BYC_14,SENS_WLS_BYC_14,4.7,0.0,Green - Normal,99
2024-07-23 09:00:00,WLS_MNK_15,SENS_WLS_MNK_15,13.4,0.28,Green - Normal,94
2024-07-23 10:00:00,WLS_HND_01,SENS_WLS_HND_01,0.0,0.0,Green - Normal,91
2024-07-23 10:00:00,WLS_GND_02,SENS_WLS_GND_02,0.0,0.0,Green - Normal,96
2024-07-23 10:00:00,WLS_MLN_03,SENS_WLS_MLN_03,0.0,0.0,Green - Normal,96
2024-07-23 10:00:00,WLS_AND_04,SENS_WLS_AND_04,0.0,0.0,Green - Normal,91
2024-07-23 10:00:00,WLS_KHR_05,SENS_WLS_KHR_05,0.0,0.0,Green - Normal,96
2024-07-23 10:00:00,WLS_KRL_06,SENS_WLS_KRL_06,0.0,0.0,Green - Normal,94
2024-07-23 10:00:00,WLS_SIO_07,SENS_WLS_SIO_07,0.0,0.0,Green - Normal,96
2024-07-23 10:00:00,WLS_DDR_08,SENS_WLS_DDR_08,0.0,0.0,Green - Normal,93
2024-07-23 10:00:00,WLS_CHM_09,SENS_WLS_CHM_09,0.0,0.0,Green - Normal,100
2024-07-23 10:00:00,WLS_MLD_10,SENS_WLS_MLD_10,0.0,0.0,Green - Normal,97
2024-07-23 10:00:00,WLS_DHS_11,SENS_WLS_DHS_11,0.0,0.0,Green - Normal,89
2024-07-23 10:00:00,WLS_CHN_12,SENS_WLS_CHN_12,0.0,0.0,Green - Normal,99
2024-07-23 10:00:00,WLS_WRL_13,SENS_WLS_WRL_13,0.0,0.0,Green - Normal,89
2024-07-23 10:00:00,WLS_BYC_14,SENS_WLS_BYC_14,0.0,0.0,Green - Normal,96
2024-07-23 10:00:00,WLS_MNK_15,SENS_WLS_MNK_15,0.0,0.0,Green - Normal,88
2024-07-23 11:00:00,WLS_HND_01,SENS_WLS_HND_01,0.0,0.0,Green - Normal,90
2024-07-23 11:00:00,WLS_GND_02,SENS_WLS_GND_02,0.0,0.0,Green - Normal,94
2024-07-23 11:00:00,WLS_MLN_03,SENS_WLS_MLN_03,0.0,0.0,Green - Normal,96
2024-07-23 11:00:00,WLS_AND_04,SENS_WLS_AND_04,1.1,0.0,Green - Normal,94
2024-07-23 11:00:00,WLS_KHR_05,SENS_WLS_KHR_05,0.0,0.0,Green - Normal,89
2024-07-23 11:00:00,WLS_KRL_06,SENS_WLS_KRL_06,0.0,0.0,Green - Normal,89
2024-07-23 11:00:00,WLS_SIO_07,SENS_WLS_SIO_07,0.0,0.0,Green - Normal,92
2024-07-23 11:00:00,WLS_DDR_08,SENS_WLS_DDR_08,0.0,0.0,Green - Normal,94
2024-07-23 11:00:00,WLS_CHM_09,SENS_WLS_CHM_09,0.0,0.0,Green - Normal,88
2024-07-23 11:00:00,WLS_MLD_10,SENS_WLS_MLD_10,2.7,0.0,Green - Normal,97
2024-07-23 11:00:00,WLS_DHS_11,SENS_WLS_DHS_11,0.0,0.0,Green - Normal,92
2024-07-23 11:00:00,WLS_CHN_12,SENS_WLS_CHN_12,0.0,0.0,Green - Normal,91
2024-07-23 11:00:00,WLS_WRL_13,SENS_WLS_WRL_13,0.0,0.0,Green - Normal,98
2024-07-23 11:00:00,WLS_BYC_14,SENS_WLS_BYC_14,0.0,0.0,Green - Normal,94
2024-07-23 11:00:00,WLS_MNK_15,SENS_WLS_MNK_15,0.7,0.0,Green - Normal,96
2024-07-23 12:00:00,WLS_HND_01,SENS_WLS_HND_01,2.3,0.0,Green - Normal,96
2024-07-23 12:00:00,WLS_GND_02,SENS_WLS_GND_02,5.2,1.09,Green - Normal,93
2024-07-23 12:00:00,WLS_MLN_03,SENS_WLS_MLN_03,12.4,0.63,Green - Normal,97
2024-07-23 12:00:00,WLS_AND_04,SENS_WLS_AND_04,10.3,0.59,Green - Normal,95
2024-07-23 12:00:00,WLS_KHR_05,SENS_WLS_KHR_05,2.6,0.0,Green - Normal,88
2024-07-23 12:00:00,WLS_KRL_06,SENS_WLS_KRL_06,3.9,0.0,Green - Normal,98
2024-07-23 12:00:00,WLS_SIO_07,SENS_WLS_SIO_07,5.6,1.32,Green - Normal,89
2024-07-23 12:00:00,WLS_DDR_08,SENS_WLS_DDR_08,0.0,0.0,Green - Normal,89
2024-07-23 12:00:00,WLS_CHM_09,SENS_WLS_CHM_09,0.0,0.0,Green - Normal,96
2024-07-23 12:00:00,WLS_MLD_10,SENS_WLS_MLD_10,7.3,1.18,Green - Normal,96
2024-07-23 12:00:00,WLS_DHS_11,SENS_WLS_DHS_11,8.7,1.3,Green - Normal,90
2024-07-23 12:00:00,WLS_CHN_12,SENS_WLS_CHN_12,6.4,0.2,Green - Normal,90
2024-07-23 12:00:00,WLS_WRL_13,SENS_WLS_WRL_13,0.0,0.0,Green - Normal,95
2024-07-23 12:00:00,WLS_BYC_14,SENS_WLS_BYC_14,4.2,0.0,Green - Normal,99
2024-07-23 12:00:00,WLS_MNK_15,SENS_WLS_MNK_15,0.0,0.0,Green - Normal,94
2024-07-23 13:00:00,WLS_HND_01,SENS_WLS_HND_01,0.0,0.0,Green - Normal,88
2024-07-23 13:00:00,WLS_GND_02,SENS_WLS_GND_02,0.0,0.0,Green - Normal,88
2024-07-23 13:00:00,WLS_MLN_03,SENS_WLS_MLN_03,0.0,0.0,Green - Normal,99
2024-07-23 13:00:00,WLS_AND_04,SENS_WLS_AND_04,0.0,0.0,Green - Normal,96
2024-07-23 13:00:00,WLS_KHR_05,SENS_WLS_KHR_05,0.0,0.0,Green - Normal,92
2024-07-23 13:00:00,WLS_KRL_06,SENS_WLS_KRL_06,0.0,0.0,Green - Normal,99
2024-07-23 13:00:00,WLS_SIO_07,SENS_WLS_SIO_07,0.0,0.0,Green - Normal,91
2024-07-23 13:00:00,WLS_DDR_08,SENS_WLS_DDR_08,0.0,0.0,Green - Normal,99
2024-07-23 13:00:00,WLS_CHM_09,SENS_WLS_CHM_09,0.0,0.0,Green - Normal,99
2024-07-23 13:00:00,WLS_MLD_10,SENS_WLS_MLD_10,0.0,0.0,Green - Normal,93
2024-07-23 13:00:00,WLS_DHS_11,SENS_WLS_DHS_11,0.0,0.0,Green - Normal,95
2024-07-23 13:00:00,WLS_CHN_12,SENS_WLS_CHN_12,0.0,0.0,Green - Normal,95
2024-07-23 13:00:00,WLS_WRL_13,SENS_WLS_WRL_13,0.0,0.0,Green - Normal,100
2024-07-23 13:00:00,WLS_BYC_14,SENS_WLS_BYC_14,0.0,0.0,Green - Normal,88
2024-07-23 13:00:00,WLS_MNK_15,SENS_WLS_MNK_15,0.0,0.0,Green - Normal,97
2024-07-23 14:00:00,WLS_HND_01,SENS_WLS_HND_01,0.0,0.0,Green - Normal,94
2024-07-23 14:00:00,WLS_GND_02,SENS_WLS_GND_02,0.0,0.0,Green - Normal,100
2024-07-23 14:00:00,WLS_MLN_03,SENS_WLS_MLN_03,0.0,0.0,Green - Normal,92
2024-07-23 14:00:00,WLS_AND_04,SENS_WLS_AND_04,0.0,0.0,Green - Normal,99
2024-07-23 14:00:00,WLS_KHR_05,SENS_WLS_KHR_05,0.0,0.0,Green - Normal,93
2024-07-23 14:00:00,WLS_KRL_06,SENS_WLS_KRL_06,0.0,0.0,Green - Normal,98
2024-07-23 14:00:00,WLS_SIO_07,SENS_WLS_SIO_07,0.0,0.0,Green - Normal,92
2024-07-23 14:00:00,WLS_DDR_08,SENS_WLS_DDR_08,0.0,0.0,Green - Normal,91
2024-07-23 14:00:00,WLS_CHM_09,SENS_WLS_CHM_09,0.0,0.0,Green - Normal,94
2024-07-23 14:00:00,WLS_MLD_10,SENS_WLS_MLD_10,0.0,0.0,Green - Normal,93
2024-07-23 14:00:00,WLS_DHS_11,SENS_WLS_DHS_11,0.0,0.0,Green - Normal,91
2024-07-23 14:00:00,WLS_CHN_12,SENS_WLS_CHN_12,0.0,0.0,Green - Normal,89
2024-07-23 14:00:00,WLS_WRL_13,SENS_WLS_WRL_13,0.0,0.0,Green - Normal,92
2024-07-23 14:00:00,WLS_BYC_14,SENS_WLS_BYC_14,0.0,0.0,Green - Normal,89
2024-07-23 14:00:00,WLS_MNK_15,SENS_WLS_MNK_15,0.0,0.0,Green - Normal,95
2024-07-23 15:00:00,WLS_HND_01,SENS_WLS_HND_01,0.0,0.0,Green - Normal,90
2024-07-23 15:00:00,WLS_GND_02,SENS_WLS_GND_02,0.0,0.0,Green - Normal,88
2024-07-23 15:00:00,WLS_MLN_03,SENS_WLS_MLN_03,0.0,0.0,Green - Normal,96
2024-07-23 15:00:00,WLS_AND_04,SENS_WLS_AND_04,0.0,0.0,Green - Normal,97
2024-07-23 15:00:00,WLS_KHR_05,SENS_WLS_KHR_05,0.0,0.0,Green - Normal,90
2024-07-23 15:00:00,WLS_KRL_06,SENS_WLS_KRL_06,0.0,0.0,Green - Normal,91
2024-07-23 15:00:00,WLS_SIO_07,SENS_WLS_SIO_07,0.0,0.0,Green - Normal,100
2024-07-23 15:00:00,WLS_DDR_08,SENS_WLS_DDR_08,0.0,0.0,Green - Normal,99
2024-07-23 15:00:00,WLS_CHM_09,SENS_WLS_CHM_09,0.0,0.0,Green - Normal,98
2024-07-23 15:00:00,WLS_MLD_10,SENS_WLS_MLD_10,0.0,0.0,Green - Normal,99
2024-07-23 15:00:00,WLS_DHS_11,SENS_WLS_DHS_11,0.0,0.0,Green - Normal,100
2024-07-23 15:00:00,WLS_CHN_12,SENS_WLS_CHN_12,0.0,0.0,Green - Normal,99
2024-07-23 15:00:00,WLS_WRL_13,SENS_WLS_WRL_13,0.0,0.0,Green - Normal,99
2024-07-23 15:00:00,WLS_BYC_14,SENS_WLS_BYC_14,0.0,0.0,Green - Normal,92
2024-07-23 15:00:00,WLS_MNK_15,SENS_WLS_MNK_15,0.0,0.0,Green - Normal,90
2024-07-23 16:00:00,WLS_HND_01,SENS_WLS_HND_01,0.0,0.0,Green - Normal,93
2024-07-23 16:00:00,WLS_GND_02,SENS_WLS_GND_02,0.0,0.0,Green - Normal,97
2024-07-23 16:00:00,WLS_MLN_03,SENS_WLS_MLN_03,0.0,0.0,Green - Normal,99
2024-07-23 16:00:00,WLS_AND_04,SENS_WLS_AND_04,0.0,0.0,Green - Normal,96
2024-07-23 16:00:00,WLS_KHR_05,SENS_WLS_KHR_05,0.0,0.0,Green - Normal,89
2024-07-23 16:00:00,WLS_KRL_06,SENS_WLS_KRL_06,0.0,0.0,Green - Normal,88
2024-07-23 16:00:00,WLS_SIO_07,SENS_WLS_SIO_07,0.0,0.0,Green - Normal,97
2024-07-23 16:00:00,WLS_DDR_08,SENS_WLS_DDR_08,0.0,0.0,Green - Normal,97
2024-07-23 16:00:00,WLS_CHM_09,SENS_WLS_CHM_09,0.0,0.0,Green - Normal,93
2024-07-23 16:00:00,WLS_MLD_10,SENS_WLS_MLD_10,0.0,0.0,Green - Normal,92
2024-07-23 16:00:00,WLS_DHS_11,SENS_WLS_DHS_11,0.0,0.0,Green - Normal,92
2024-07-23 16:00:00,WLS_CHN_12,SENS_WLS_CHN_12,0.0,0.0,Green - Normal,91
2024-07-23 16:00:00,WLS_WRL_13,SENS_WLS_WRL_13,0.0,0.0,Green - Normal,99
2024-07-23 16:00:00,WLS_BYC_14,SENS_WLS_BYC_14,0.0,0.0,Green - Normal,100
2024-07-23 16:00:00,WLS_MNK_15,SENS_WLS_MNK_15,0.0,0.0,Green - Normal,98
2024-07-23 17:00:00,WLS_HND_01,SENS_WLS_HND_01,0.0,0.0,Green - Normal,96
2024-07-23 17:00:00,WLS_GND_02,SENS_WLS_GND_02,0.0,0.0,Green - Normal,94
2024-07-23 17:00:00,WLS_MLN_03,SENS_WLS_MLN_03,0.0,0.0,Green - Normal,88
2024-07-23 17:00:00,WLS_AND_04,SENS_WLS_AND_04,0.0,0.0,Green - Normal,98
2024-07-23 17:00:00,WLS_KHR_05,SENS_WLS_KHR_05,0.0,0.0,Green - Normal,95
2024-07-23 17:00:00,WLS_KRL_06,SENS_WLS_KRL_06,0.0,0.0,Green - Normal,98
2024-07-23 17:00:00,WLS_SIO_07,SENS_WLS_SIO_07,0.0,0.0,Green - Normal,100
2024-07-23 17:00:00,WLS_DDR_08,SENS_WLS_DDR_08,0.0,0.0,Green - Normal,100
2024-07-23 17:00:00,WLS_CHM_09,SENS_WLS_CHM_09,0.0,0.0,Green - Normal,99
2024-07-23 17:00:00,WLS_MLD_10,SENS_WLS_MLD_10,0.0,0.0,Green - Normal,97
2024-07-23 17:00:00,WLS_DHS_11,SENS_WLS_DHS_11,0.0,0.0,Green - Normal,90
2024-07-23 17:00:00,WLS_CHN_12,SENS_WLS_CHN_12,0.0,0.0,Green - Normal,88
2024-07-23 17:00:00,WLS_WRL_13,SENS_WLS_WRL_13,0.0,0.0,Green - Normal,99
2024-07-23 17:00:00,WLS_BYC_14,SENS_WLS_BYC_14,0.0,0.0,Green - Normal,99
2024-07-23 17:00:00,WLS_MNK_15,SENS_WLS_MNK_15,0.0,0.0,Green - Normal,100
2024-07-23 18:00:00,WLS_HND_01,SENS_WLS_HND_01,7.2,0.39,Green - Normal,91
2024-07-23 18:00:00,WLS_GND_02,SENS_WLS_GND_02,8.3,1.06,Green - Normal,89
2024-07-23 18:00:00,WLS_MLN_03,SENS_WLS_MLN_03,21.6,1.24,Amber Alert - Waterlogging,92
2024-07-23 18:00:00,WLS_AND_04,SENS_WLS_AND_04,14.7,0.62,Green - Normal,95
2024-07-23 18:00:00,WLS_KHR_05,SENS_WLS_KHR_05,10.1,0.3,Green - Normal,88
2024-07-23 18:00:00,WLS_KRL_06,SENS_WLS_KRL_06,8.3,0.86,Green - Normal,89
2024-07-23 18:00:00,WLS_SIO_07,SENS_WLS_SIO_07,8.8,0.22,Green - Normal,89
2024-07-23 18:00:00,WLS_DDR_08,SENS_WLS_DDR_08,4.8,0.0,Green - Normal,89
2024-07-23 18:00:00,WLS_CHM_09,SENS_WLS_CHM_09,0.0,0.0,Green - Normal,97
2024-07-23 18:00:00,WLS_MLD_10,SENS_WLS_MLD_10,11.4,1.26,Green - Normal,90
2024-07-23 18:00:00,WLS_DHS_11,SENS_WLS_DHS_11,15.7,1.13,Amber Alert - Waterlogging,91
2024-07-23 18:00:00,WLS_CHN_12,SENS_WLS_CHN_12,8.6,0.2,Green - Normal,93
2024-07-23 18:00:00,WLS_WRL_13,SENS_WLS_WRL_13,0.0,0.0,Green - Normal,93
2024-07-23 18:00:00,WLS_BYC_14,SENS_WLS_BYC_14,5.8,1.04,Green - Normal,92
2024-07-23 18:00:00,WLS_MNK_15,SENS_WLS_MNK_15,15.0,0.54,Green - Normal,95
2024-07-23 19:00:00,WLS_HND_01,SENS_WLS_HND_01,0.0,0.0,Green - Normal,92
2024-07-23 19:00:00,WLS_GND_02,SENS_WLS_GND_02,0.0,0.0,Green - Normal,96
2024-07-23 19:00:00,WLS_MLN_03,SENS_WLS_MLN_03,0.0,0.0,Green - Normal,88
2024-07-23 19:00:00,WLS_AND_04,SENS_WLS_AND_04,0.0,0.0,Green - Normal,95
2024-07-23 19:00:00,WLS_KHR_05,SENS_WLS_KHR_05,0.0,0.0,Green - Normal,88
2024-07-23 19:00:00,WLS_KRL_06,SENS_WLS_KRL_06,0.0,0.0,Green - Normal,100
2024-07-23 19:00:00,WLS_SIO_07,SENS_WLS_SIO_07,0.0,0.0,Green - Normal,89
2024-07-23 19:00:00,WLS_DDR_08,SENS_WLS_DDR_08,0.0,0.0,Green - Normal,89
2024-07-23 19:00:00,WLS_CHM_09,SENS_WLS_CHM_09,0.0,0.0,Green - Normal,97
2024-07-23 19:00:00,WLS_MLD_10,SENS_WLS_MLD_10,0.0,0.0,Green - Normal,93
2024-07-23 19:00:00,WLS_DHS_11,SENS_WLS_DHS_11,0.0,0.0,Green - Normal,94
2024-07-23 19:00:00,WLS_CHN_12,SENS_WLS_CHN_12,0.0,0.0,Green - Normal,100
2024-07-23 19:00:00,WLS_WRL_13,SENS_WLS_WRL_13,0.0,0.0,Green - Normal,91
2024-07-23 19:00:00,WLS_BYC_14,SENS_WLS_BYC_14,0.0,0.0,Green - Normal,99
2024-07-23 19:00:00,WLS_MNK_15,SENS_WLS_MNK_15,0.0,0.0,Green - Normal,88
2024-07-23 20:00:00,WLS_HND_01,SENS_WLS_HND_01,0.0,0.0,Green - Normal,93
2024-07-23 20:00:00,WLS_GND_02,SENS_WLS_GND_02,0.0,0.0,Green - Normal,96
2024-07-23 20:00:00,WLS_MLN_03,SENS_WLS_MLN_03,0.0,0.0,Green - Normal,93
2024-07-23 20:00:00,WLS_AND_04,SENS_WLS_AND_04,0.0,0.0,Green - Normal,96
2024-07-23 20:00:00,WLS_KHR_05,SENS_WLS_KHR_05,0.0,0.0,Green - Normal,89
2024-07-23 20:00:00,WLS_KRL_06,SENS_WLS_KRL_06,0.0,0.0,Green - Normal,93
2024-07-23 20:00:00,WLS_SIO_07,SENS_WLS_SIO_07,0.0,0.0,Green - Normal,98
2024-07-23 20:00:00,WLS_DDR_08,SENS_WLS_DDR_08,0.0,0.0,Green - Normal,96
2024-07-23 20:00:00,WLS_CHM_09,SENS_WLS_CHM_09,0.0,0.0,Green - Normal,95
2024-07-23 20:00:00,WLS_MLD_10,SENS_WLS_MLD_10,0.0,0.0,Green - Normal,99
2024-07-23 20:00:00,WLS_DHS_11,SENS_WLS_DHS_11,0.0,0.0,Green - Normal,97
2024-07-23 20:00:00,WLS_CHN_12,SENS_WLS_CHN_12,0.0,0.0,Green - Normal,96
2024-07-23 20:00:00,WLS_WRL_13,SENS_WLS_WRL_13,0.0,0.0,Green - Normal,94
2024-07-23 20:00:00,WLS_BYC_14,SENS_WLS_BYC_14,0.0,0.0,Green - Normal,96
2024-07-23 20:00:00,WLS_MNK_15,SENS_WLS_MNK_15,0.0,0.0,Green - Normal,88
2024-07-23 21:00:00,WLS_HND_01,SENS_WLS_HND_01,0.0,0.0,Green - Normal,91
2024-07-23 21:00:00,WLS_GND_02,SENS_WLS_GND_02,0.0,0.0,Green - Normal,89
2024-07-23 21:00:00,WLS_MLN_03,SENS_WLS_MLN_03,0.0,0.0,Green - Normal,92
2024-07-23 21:00:00,WLS_AND_04,SENS_WLS_AND_04,0.0,0.0,Green - Normal,98
2024-07-23 21:00:00,WLS_KHR_05,SENS_WLS_KHR_05,0.0,0.0,Green - Normal,98
2024-07-23 21:00:00,WLS_KRL_06,SENS_WLS_KRL_06,0.0,0.0,Green - Normal,97
2024-07-23 21:00:00,WLS_SIO_07,SENS_WLS_SIO_07,0.0,0.0,Green - Normal,93
2024-07-23 21:00:00,WLS_DDR_08,SENS_WLS_DDR_08,0.0,0.0,Green - Normal,90
2024-07-23 21:00:00,WLS_CHM_09,SENS_WLS_CHM_09,0.0,0.0,Green - Normal,95
2024-07-23 21:00:00,WLS_MLD_10,SENS_WLS_MLD_10,0.0,0.0,Green - Normal,96
2024-07-23 21:00:00,WLS_DHS_11,SENS_WLS_DHS_11,0.0,0.0,Green - Normal,97
2024-07-23 21:00:00,WLS_CHN_12,SENS_WLS_CHN_12,0.0,0.0,Green - Normal,93
2024-07-23 21:00:00,WLS_WRL_13,SENS_WLS_WRL_13,0.0,0.0,Green - Normal,93
2024-07-23 21:00:00,WLS_BYC_14,SENS_WLS_BYC_14,0.0,0.0,Green - Normal,90
2024-07-23 21:00:00,WLS_MNK_15,SENS_WLS_MNK_15,0.0,0.0,Green - Normal,88
2024-07-23 22:00:00,WLS_HND_01,SENS_WLS_HND_01,0.0,0.0,Green - Normal,90
2024-07-23 22:00:00,WLS_GND_02,SENS_WLS_GND_02,0.0,0.0,Green - Normal,96
2024-07-23 22:00:00,WLS_MLN_03,SENS_WLS_MLN_03,0.0,0.0,Green - Normal,95
2024-07-23 22:00:00,WLS_AND_04,SENS_WLS_AND_04,0.0,0.0,Green - Normal,93
2024-07-23 22:00:00,WLS_KHR_05,SENS_WLS_KHR_05,0.0,0.0,Green - Normal,100
2024-07-23 22:00:00,WLS_KRL_06,SENS_WLS_KRL_06,0.0,0.0,Green - Normal,99
2024-07-23 22:00:00,WLS_SIO_07,SENS_WLS_SIO_07,0.0,0.0,Green - Normal,95
2024-07-23 22:00:00,WLS_DDR_08,SENS_WLS_DDR_08,0.0,0.0,Green - Normal,100
2024-07-23 22:00:00,WLS_CHM_09,SENS_WLS_CHM_09,0.0,0.0,Green - Normal,96
2024-07-23 22:00:00,WLS_MLD_10,SENS_WLS_MLD_10,0.0,0.0,Green - Normal,95
2024-07-23 22:00:00,WLS_DHS_11,SENS_WLS_DHS_11,0.0,0.0,Green - Normal,88
2024-07-23 22:00:00,WLS_CHN_12,SENS_WLS_CHN_12,0.0,0.0,Green - Normal,93
2024-07-23 22:00:00,WLS_WRL_13,SENS_WLS_WRL_13,0.0,0.0,Green - Normal,96
2024-07-23 22:00:00,WLS_BYC_14,SENS_WLS_BYC_14,0.0,0.0,Green - Normal,94
2024-07-23 22:00:00,WLS_MNK_15,SENS_WLS_MNK_15,0.0,0.0,Green - Normal,93
2024-07-23 23:00:00,WLS_HND_01,SENS_WLS_HND_01,0.0,0.0,Green - Normal,94
2024-07-23 23:00:00,WLS_GND_02,SENS_WLS_GND_02,0.0,0.0,Green - Normal,88
2024-07-23 23:00:00,WLS_MLN_03,SENS_WLS_MLN_03,0.0,0.0,Green - Normal,88
2024-07-23 23:00:00,WLS_AND_04,SENS_WLS_AND_04,0.0,0.0,Green - Normal,100
2024-07-23 23:00:00,WLS_KHR_05,SENS_WLS_KHR_05,0.0,0.0,Green - Normal,89
2024-07-23 23:00:00,WLS_KRL_06,SENS_WLS_KRL_06,0.0,0.0,Green - Normal,90
2024-07-23 23:00:00,WLS_SIO_07,SENS_WLS_SIO_07,0.0,0.0,Green - Normal,90
2024-07-23 23:00:00,WLS_DDR_08,SENS_WLS_DDR_08,0.0,0.0,Green - Normal,94
2024-07-23 23:00:00,WLS_CHM_09,SENS_WLS_CHM_09,0.0,0.0,Green - Normal,100
2024-07-23 23:00:00,WLS_MLD_10,SENS_WLS_MLD_10,0.0,0.0,Green - Normal,93
2024-07-23 23:00:00,WLS_DHS_11,SENS_WLS_DHS_11,0.0,0.0,Green - Normal,100
2024-07-23 23:00:00,WLS_CHN_12,SENS_WLS_CHN_12,0.0,0.0,Green - Normal,98
2024-07-23 23:00:00,WLS_WRL_13,SENS_WLS_WRL_13,0.0,0.0,Green - Normal,94
2024-07-23 23:00:00,WLS_BYC_14,SENS_WLS_BYC_14,0.0,0.0,Green - Normal,91
2024-07-23 23:00:00,WLS_MNK_15,SENS_WLS_MNK_15,0.0,0.0,Green - Normal,93
2024-07-24 00:00:00,WLS_HND_01,SENS_WLS_HND_01,184.3,1.14,Red Alert - Inundated,99
2024-07-24 00:00:00,WLS_GND_02,SENS_WLS_GND_02,167.0,1.03,Red Alert - Inundated,100
2024-07-24 00:00:00,WLS_MLN_03,SENS_WLS_MLN_03,245.3,1.1,Red Alert - Inundated,96
2024-07-24 00:00:00,WLS_AND_04,SENS_WLS_AND_04,258.2,0.97,Red Alert - Inundated,92
2024-07-24 00:00:00,WLS_KHR_05,SENS_WLS_KHR_05,221.1,0.58,Red Alert - Inundated,96
2024-07-24 00:00:00,WLS_KRL_06,SENS_WLS_KRL_06,143.2,0.52,Red Alert - Inundated,92
2024-07-24 00:00:00,WLS_SIO_07,SENS_WLS_SIO_07,154.5,0.55,Red Alert - Inundated,92
2024-07-24 00:00:00,WLS_DDR_08,SENS_WLS_DDR_08,117.2,0.63,Red Alert - Inundated,99
2024-07-24 00:00:00,WLS_CHM_09,SENS_WLS_CHM_09,94.9,1.19,Red Alert - Inundated,95
2024-07-24 00:00:00,WLS_MLD_10,SENS_WLS_MLD_10,216.9,1.12,Red Alert - Inundated,89
2024-07-24 00:00:00,WLS_DHS_11,SENS_WLS_DHS_11,204.1,0.75,Red Alert - Inundated,100
2024-07-24 00:00:00,WLS_CHN_12,SENS_WLS_CHN_12,168.6,1.03,Red Alert - Inundated,91
2024-07-24 00:00:00,WLS_WRL_13,SENS_WLS_WRL_13,77.0,0.12,Red Alert - Inundated,93
2024-07-24 00:00:00,WLS_BYC_14,SENS_WLS_BYC_14,133.3,0.42,Red Alert - Inundated,97
2024-07-24 00:00:00,WLS_MNK_15,SENS_WLS_MNK_15,189.9,0.11,Red Alert - Inundated,100
2024-07-24 01:00:00,WLS_HND_01,SENS_WLS_HND_01,71.2,0.19,Red Alert - Inundated,89
2024-07-24 01:00:00,WLS_GND_02,SENS_WLS_GND_02,69.0,0.26,Red Alert - Inundated,93
2024-07-24 01:00:00,WLS_MLN_03,SENS_WLS_MLN_03,94.1,0.17,Red Alert - Inundated,100
2024-07-24 01:00:00,WLS_AND_04,SENS_WLS_AND_04,102.3,0.31,Red Alert - Inundated,91
2024-07-24 01:00:00,WLS_KHR_05,SENS_WLS_KHR_05,85.4,0.21,Red Alert - Inundated,96
2024-07-24 01:00:00,WLS_KRL_06,SENS_WLS_KRL_06,57.1,0.29,Red Alert - Inundated,93
2024-07-24 01:00:00,WLS_SIO_07,SENS_WLS_SIO_07,55.6,1.29,Red Alert - Inundated,96
2024-07-24 01:00:00,WLS_DDR_08,SENS_WLS_DDR_08,37.4,0.39,Amber Alert - Waterlogging,90
2024-07-24 01:00:00,WLS_CHM_09,SENS_WLS_CHM_09,27.0,1.17,Amber Alert - Waterlogging,92
2024-07-24 01:00:00,WLS_MLD_10,SENS_WLS_MLD_10,81.0,0.22,Red Alert - Inundated,95
2024-07-24 01:00:00,WLS_DHS_11,SENS_WLS_DHS_11,76.9,0.77,Red Alert - Inundated,89
2024-07-24 01:00:00,WLS_CHN_12,SENS_WLS_CHN_12,65.4,0.14,Red Alert - Inundated,98
2024-07-24 01:00:00,WLS_WRL_13,SENS_WLS_WRL_13,28.0,0.8,Amber Alert - Waterlogging,98
2024-07-24 01:00:00,WLS_BYC_14,SENS_WLS_BYC_14,52.3,0.84,Red Alert - Inundated,92
2024-07-24 01:00:00,WLS_MNK_15,SENS_WLS_MNK_15,70.8,0.65,Red Alert - Inundated,93
2024-07-24 02:00:00,WLS_HND_01,SENS_WLS_HND_01,163.2,0.9,Red Alert - Inundated,100
2024-07-24 02:00:00,WLS_GND_02,SENS_WLS_GND_02,144.6,1.11,Red Alert - Inundated,100
2024-07-24 02:00:00,WLS_MLN_03,SENS_WLS_MLN_03,224.0,1.35,Red Alert - Inundated,91
2024-07-24 02:00:00,WLS_AND_04,SENS_WLS_AND_04,228.6,0.54,Red Alert - Inundated,92
2024-07-24 02:00:00,WLS_KHR_05,SENS_WLS_KHR_05,204.2,1.36,Red Alert - Inundated,94
2024-07-24 02:00:00,WLS_KRL_06,SENS_WLS_KRL_06,124.9,0.75,Red Alert - Inundated,100
2024-07-24 02:00:00,WLS_SIO_07,SENS_WLS_SIO_07,136.5,0.14,Red Alert - Inundated,95
2024-07-24 02:00:00,WLS_DDR_08,SENS_WLS_DDR_08,95.7,1.03,Red Alert - Inundated,98
2024-07-24 02:00:00,WLS_CHM_09,SENS_WLS_CHM_09,78.3,0.67,Red Alert - Inundated,99
2024-07-24 02:00:00,WLS_MLD_10,SENS_WLS_MLD_10,186.8,0.19,Red Alert - Inundated,96
2024-07-24 02:00:00,WLS_DHS_11,SENS_WLS_DHS_11,178.5,0.2,Red Alert - Inundated,97
2024-07-24 02:00:00,WLS_CHN_12,SENS_WLS_CHN_12,153.7,0.98,Red Alert - Inundated,89
2024-07-24 02:00:00,WLS_WRL_13,SENS_WLS_WRL_13,69.1,1.27,Red Alert - Inundated,88
2024-07-24 02:00:00,WLS_BYC_14,SENS_WLS_BYC_14,117.1,1.38,Red Alert - Inundated,93
2024-07-24 02:00:00,WLS_MNK_15,SENS_WLS_MNK_15,169.9,1.22,Red Alert - Inundated,100
2024-07-24 03:00:00,WLS_HND_01,SENS_WLS_HND_01,176.0,0.17,Red Alert - Inundated,93
2024-07-24 03:00:00,WLS_GND_02,SENS_WLS_GND_02,157.1,0.29,Red Alert - Inundated,88
2024-07-24 03:00:00,WLS_MLN_03,SENS_WLS_MLN_03,233.8,0.93,Red Alert - Inundated,95
2024-07-24 03:00:00,WLS_AND_04,SENS_WLS_AND_04,248.0,1.12,Red Alert - Inundated,90
2024-07-24 03:00:00,WLS_KHR_05,SENS_WLS_KHR_05,212.4,1.06,Red Alert - Inundated,96
2024-07-24 03:00:00,WLS_KRL_06,SENS_WLS_KRL_06,137.1,0.28,Red Alert - Inundated,99
2024-07-24 03:00:00,WLS_SIO_07,SENS_WLS_SIO_07,148.9,0.25,Red Alert - Inundated,91
2024-07-24 03:00:00,WLS_DDR_08,SENS_WLS_DDR_08,109.9,1.01,Red Alert - Inundated,88
2024-07-24 03:00:00,WLS_CHM_09,SENS_WLS_CHM_09,83.1,0.84,Red Alert - Inundated,98
2024-07-24 03:00:00,WLS_MLD_10,SENS_WLS_MLD_10,204.3,1.31,Red Alert - Inundated,88
2024-07-24 03:00:00,WLS_DHS_11,SENS_WLS_DHS_11,189.8,0.52,Red Alert - Inundated,90
2024-07-24 03:00:00,WLS_CHN_12,SENS_WLS_CHN_12,164.8,0.69,Red Alert - Inundated,95
2024-07-24 03:00:00,WLS_WRL_13,SENS_WLS_WRL_13,79.4,1.09,Red Alert - Inundated,92
2024-07-24 03:00:00,WLS_BYC_14,SENS_WLS_BYC_14,125.6,0.21,Red Alert - Inundated,100
2024-07-24 03:00:00,WLS_MNK_15,SENS_WLS_MNK_15,184.7,0.92,Red Alert - Inundated,92
2024-07-24 04:00:00,WLS_HND_01,SENS_WLS_HND_01,89.2,0.13,Red Alert - Inundated,91
2024-07-24 04:00:00,WLS_GND_02,SENS_WLS_GND_02,87.8,1.29,Red Alert - Inundated,88
2024-07-24 04:00:00,WLS_MLN_03,SENS_WLS_MLN_03,123.5,0.12,Red Alert - Inundated,97
2024-07-24 04:00:00,WLS_AND_04,SENS_WLS_AND_04,128.2,0.88,Red Alert - Inundated,99
2024-07-24 04:00:00,WLS_KHR_05,SENS_WLS_KHR_05,117.2,1.29,Red Alert - Inundated,90
2024-07-24 04:00:00,WLS_KRL_06,SENS_WLS_KRL_06,76.1,1.24,Red Alert - Inundated,92
2024-07-24 04:00:00,WLS_SIO_07,SENS_WLS_SIO_07,79.5,0.85,Red Alert - Inundated,90
2024-07-24 04:00:00,WLS_DDR_08,SENS_WLS_DDR_08,49.7,0.21,Red Alert - Inundated,94
2024-07-24 04:00:00,WLS_CHM_09,SENS_WLS_CHM_09,41.3,0.93,Amber Alert - Waterlogging,100
2024-07-24 04:00:00,WLS_MLD_10,SENS_WLS_MLD_10,108.1,1.2,Red Alert - Inundated,99
2024-07-24 04:00:00,WLS_DHS_11,SENS_WLS_DHS_11,101.2,0.87,Red Alert - Inundated,90
2024-07-24 04:00:00,WLS_CHN_12,SENS_WLS_CHN_12,86.5,0.9,Red Alert - Inundated,92
2024-07-24 04:00:00,WLS_WRL_13,SENS_WLS_WRL_13,37.9,1.12,Amber Alert - Waterlogging,92
2024-07-24 04:00:00,WLS_BYC_14,SENS_WLS_BYC_14,68.2,1.4,Red Alert - Inundated,88
2024-07-24 04:00:00,WLS_MNK_15,SENS_WLS_MNK_15,97.8,0.19,Red Alert - Inundated,96
2024-07-24 05:00:00,WLS_HND_01,SENS_WLS_HND_01,101.7,0.9,Red Alert - Inundated,96
2024-07-24 05:00:00,WLS_GND_02,SENS_WLS_GND_02,90.1,0.79,Red Alert - Inundated,95
2024-07-24 05:00:00,WLS_MLN_03,SENS_WLS_MLN_03,143.7,0.37,Red Alert - Inundated,98
2024-07-24 05:00:00,WLS_AND_04,SENS_WLS_AND_04,147.9,1.31,Red Alert - Inundated,91
2024-07-24 05:00:00,WLS_KHR_05,SENS_WLS_KHR_05,127.3,0.97,Red Alert - Inundated,91
2024-07-24 05:00:00,WLS_KRL_06,SENS_WLS_KRL_06,84.6,0.49,Red Alert - Inundated,100
2024-07-24 05:00:00,WLS_SIO_07,SENS_WLS_SIO_07,88.5,1.22,Red Alert - Inundated,90
2024-07-24 05:00:00,WLS_DDR_08,SENS_WLS_DDR_08,59.5,0.92,Red Alert - Inundated,100
2024-07-24 05:00:00,WLS_CHM_09,SENS_WLS_CHM_09,46.7,0.5,Red Alert - Inundated,97
2024-07-24 05:00:00,WLS_MLD_10,SENS_WLS_MLD_10,123.0,0.7,Red Alert - Inundated,100
2024-07-24 05:00:00,WLS_DHS_11,SENS_WLS_DHS_11,116.4,1.31,Red Alert - Inundated,95
2024-07-24 05:00:00,WLS_CHN_12,SENS_WLS_CHN_12,89.9,1.29,Red Alert - Inundated,88
2024-07-24 05:00:00,WLS_WRL_13,SENS_WLS_WRL_13,37.0,1.23,Amber Alert - Waterlogging,88
2024-07-24 05:00:00,WLS_BYC_14,SENS_WLS_BYC_14,76.8,0.65,Red Alert - Inundated,93
2024-07-24 05:00:00,WLS_MNK_15,SENS_WLS_MNK_15,105.6,0.48,Red Alert - Inundated,100
2024-07-24 06:00:00,WLS_HND_01,SENS_WLS_HND_01,97.2,0.32,Red Alert - Inundated,92
2024-07-24 06:00:00,WLS_GND_02,SENS_WLS_GND_02,89.5,0.65,Red Alert - Inundated,89
2024-07-24 06:00:00,WLS_MLN_03,SENS_WLS_MLN_03,129.3,0.87,Red Alert - Inundated,89
2024-07-24 06:00:00,WLS_AND_04,SENS_WLS_AND_04,134.4,0.26,Red Alert - Inundated,89
2024-07-24 06:00:00,WLS_KHR_05,SENS_WLS_KHR_05,118.4,0.72,Red Alert - Inundated,99
2024-07-24 06:00:00,WLS_KRL_06,SENS_WLS_KRL_06,80.8,0.28,Red Alert - Inundated,89
2024-07-24 06:00:00,WLS_SIO_07,SENS_WLS_SIO_07,87.9,0.49,Red Alert - Inundated,94
2024-07-24 06:00:00,WLS_DDR_08,SENS_WLS_DDR_08,55.2,0.75,Red Alert - Inundated,90
2024-07-24 06:00:00,WLS_CHM_09,SENS_WLS_CHM_09,49.8,0.25,Red Alert - Inundated,100
2024-07-24 06:00:00,WLS_MLD_10,SENS_WLS_MLD_10,115.2,1.18,Red Alert - Inundated,98
2024-07-24 06:00:00,WLS_DHS_11,SENS_WLS_DHS_11,104.4,0.59,Red Alert - Inundated,99
2024-07-24 06:00:00,WLS_CHN_12,SENS_WLS_CHN_12,89.4,0.83,Red Alert - Inundated,90
2024-07-24 06:00:00,WLS_WRL_13,SENS_WLS_WRL_13,38.5,0.89,Amber Alert - Waterlogging,89
2024-07-24 06:00:00,WLS_BYC_14,SENS_WLS_BYC_14,68.7,0.23,Red Alert - Inundated,98
2024-07-24 06:00:00,WLS_MNK_15,SENS_WLS_MNK_15,104.0,0.15,Red Alert - Inundated,94
2024-07-24 07:00:00,WLS_HND_01,SENS_WLS_HND_01,184.8,1.39,Red Alert - Inundated,95
2024-07-24 07:00:00,WLS_GND_02,SENS_WLS_GND_02,174.7,1.3,Red Alert - Inundated,99
2024-07-24 07:00:00,WLS_MLN_03,SENS_WLS_MLN_03,254.6,0.14,Red Alert - Inundated,96
2024-07-24 07:00:00,WLS_AND_04,SENS_WLS_AND_04,272.9,1.19,Red Alert - Inundated,93
2024-07-24 07:00:00,WLS_KHR_05,SENS_WLS_KHR_05,230.9,1.04,Red Alert - Inundated,90
2024-07-24 07:00:00,WLS_KRL_06,SENS_WLS_KRL_06,150.7,0.55,Red Alert - Inundated,97
2024-07-24 07:00:00,WLS_SIO_07,SENS_WLS_SIO_07,165.0,0.36,Red Alert - Inundated,96
2024-07-24 07:00:00,WLS_DDR_08,SENS_WLS_DDR_08,122.1,1.13,Red Alert - Inundated,89
2024-07-24 07:00:00,WLS_CHM_09,SENS_WLS_CHM_09,91.9,0.6,Red Alert - Inundated,97
2024-07-24 07:00:00,WLS_MLD_10,SENS_WLS_MLD_10,228.4,1.15,Red Alert - Inundated,100
2024-07-24 07:00:00,WLS_DHS_11,SENS_WLS_DHS_11,211.5,0.6,Red Alert - Inundated,94
2024-07-24 07:00:00,WLS_CHN_12,SENS_WLS_CHN_12,173.6,1.09,Red Alert - Inundated,96
2024-07-24 07:00:00,WLS_WRL_13,SENS_WLS_WRL_13,85.9,0.4,Red Alert - Inundated,100
2024-07-24 07:00:00,WLS_BYC_14,SENS_WLS_BYC_14,144.0,0.76,Red Alert - Inundated,88
2024-07-24 07:00:00,WLS_MNK_15,SENS_WLS_MNK_15,196.9,0.73,Red Alert - Inundated,88
2024-07-24 08:00:00,WLS_HND_01,SENS_WLS_HND_01,153.2,0.58,Red Alert - Inundated,91
2024-07-24 08:00:00,WLS_GND_02,SENS_WLS_GND_02,137.0,0.61,Red Alert - Inundated,99
2024-07-24 08:00:00,WLS_MLN_03,SENS_WLS_MLN_03,204.1,1.25,Red Alert - Inundated,98
2024-07-24 08:00:00,WLS_AND_04,SENS_WLS_AND_04,217.1,0.65,Red Alert - Inundated,95
2024-07-24 08:00:00,WLS_KHR_05,SENS_WLS_KHR_05,183.6,1.12,Red Alert - Inundated,96
2024-07-24 08:00:00,WLS_KRL_06,SENS_WLS_KRL_06,124.8,0.13,Red Alert - Inundated,89
2024-07-24 08:00:00,WLS_SIO_07,SENS_WLS_SIO_07,129.6,0.4,Red Alert - Inundated,90
2024-07-24 08:00:00,WLS_DDR_08,SENS_WLS_DDR_08,90.6,0.76,Red Alert - Inundated,97
2024-07-24 08:00:00,WLS_CHM_09,SENS_WLS_CHM_09,71.5,0.92,Red Alert - Inundated,92
2024-07-24 08:00:00,WLS_MLD_10,SENS_WLS_MLD_10,178.2,0.85,Red Alert - Inundated,91
2024-07-24 08:00:00,WLS_DHS_11,SENS_WLS_DHS_11,172.6,0.66,Red Alert - Inundated,90
2024-07-24 08:00:00,WLS_CHN_12,SENS_WLS_CHN_12,136.8,0.52,Red Alert - Inundated,90
2024-07-24 08:00:00,WLS_WRL_13,SENS_WLS_WRL_13,64.1,0.51,Red Alert - Inundated,94
2024-07-24 08:00:00,WLS_BYC_14,SENS_WLS_BYC_14,110.6,0.56,Red Alert - Inundated,98
2024-07-24 08:00:00,WLS_MNK_15,SENS_WLS_MNK_15,162.8,0.28,Red Alert - Inundated,94
2024-07-24 09:00:00,WLS_HND_01,SENS_WLS_HND_01,70.1,0.7,Red Alert - Inundated,90
2024-07-24 09:00:00,WLS_GND_02,SENS_WLS_GND_02,65.2,1.36,Red Alert - Inundated,97
2024-07-24 09:00:00,WLS_MLN_03,SENS_WLS_MLN_03,103.6,0.95,Red Alert - Inundated,99
2024-07-24 09:00:00,WLS_AND_04,SENS_WLS_AND_04,109.0,1.22,Red Alert - Inundated,100
2024-07-24 09:00:00,WLS_KHR_05,SENS_WLS_KHR_05,94.1,0.32,Red Alert - Inundated,93
2024-07-24 09:00:00,WLS_KRL_06,SENS_WLS_KRL_06,60.1,0.86,Red Alert - Inundated,97
2024-07-24 09:00:00,WLS_SIO_07,SENS_WLS_SIO_07,65.9,0.48,Red Alert - Inundated,89
2024-07-24 09:00:00,WLS_DDR_08,SENS_WLS_DDR_08,44.9,0.24,Amber Alert - Waterlogging,97
2024-07-24 09:00:00,WLS_CHM_09,SENS_WLS_CHM_09,36.1,1.33,Amber Alert - Waterlogging,88
2024-07-24 09:00:00,WLS_MLD_10,SENS_WLS_MLD_10,87.9,0.5,Red Alert - Inundated,98
2024-07-24 09:00:00,WLS_DHS_11,SENS_WLS_DHS_11,87.8,1.06,Red Alert - Inundated,92
2024-07-24 09:00:00,WLS_CHN_12,SENS_WLS_CHN_12,69.7,0.27,Red Alert - Inundated,99
2024-07-24 09:00:00,WLS_WRL_13,SENS_WLS_WRL_13,33.9,0.26,Amber Alert - Waterlogging,91
2024-07-24 09:00:00,WLS_BYC_14,SENS_WLS_BYC_14,59.8,0.79,Red Alert - Inundated,97
2024-07-24 09:00:00,WLS_MNK_15,SENS_WLS_MNK_15,75.5,0.48,Red Alert - Inundated,96
2024-07-24 10:00:00,WLS_HND_01,SENS_WLS_HND_01,165.1,0.28,Red Alert - Inundated,99
2024-07-24 10:00:00,WLS_GND_02,SENS_WLS_GND_02,150.1,1.3,Red Alert - Inundated,88
2024-07-24 10:00:00,WLS_MLN_03,SENS_WLS_MLN_03,230.1,1.05,Red Alert - Inundated,93
2024-07-24 10:00:00,WLS_AND_04,SENS_WLS_AND_04,235.1,0.33,Red Alert - Inundated,95
2024-07-24 10:00:00,WLS_KHR_05,SENS_WLS_KHR_05,209.1,0.59,Red Alert - Inundated,100
2024-07-24 10:00:00,WLS_KRL_06,SENS_WLS_KRL_06,132.5,0.28,Red Alert - Inundated,91
2024-07-24 10:00:00,WLS_SIO_07,SENS_WLS_SIO_07,143.0,0.79,Red Alert - Inundated,89
2024-07-24 10:00:00,WLS_DDR_08,SENS_WLS_DDR_08,99.4,0.79,Red Alert - Inundated,100
2024-07-24 10:00:00,WLS_CHM_09,SENS_WLS_CHM_09,84.9,0.87,Red Alert - Inundated,94
2024-07-24 10:00:00,WLS_MLD_10,SENS_WLS_MLD_10,199.4,0.54,Red Alert - Inundated,91
2024-07-24 10:00:00,WLS_DHS_11,SENS_WLS_DHS_11,181.7,0.85,Red Alert - Inundated,99
2024-07-24 10:00:00,WLS_CHN_12,SENS_WLS_CHN_12,149.9,0.24,Red Alert - Inundated,94
2024-07-24 10:00:00,WLS_WRL_13,SENS_WLS_WRL_13,73.7,0.68,Red Alert - Inundated,88
2024-07-24 10:00:00,WLS_BYC_14,SENS_WLS_BYC_14,128.4,0.24,Red Alert - Inundated,88
2024-07-24 10:00:00,WLS_MNK_15,SENS_WLS_MNK_15,177.9,0.14,Red Alert - Inundated,90
2024-07-24 11:00:00,WLS_HND_01,SENS_WLS_HND_01,178.8,1.24,Red Alert - Inundated,93
2024-07-24 11:00:00,WLS_GND_02,SENS_WLS_GND_02,167.1,1.21,Red Alert - Inundated,89
2024-07-24 11:00:00,WLS_MLN_03,SENS_WLS_MLN_03,253.3,0.53,Red Alert - Inundated,97
2024-07-24 11:00:00,WLS_AND_04,SENS_WLS_AND_04,263.6,0.69,Red Alert - Inundated,88
2024-07-24 11:00:00,WLS_KHR_05,SENS_WLS_KHR_05,225.9,0.52,Red Alert - Inundated,91
2024-07-24 11:00:00,WLS_KRL_06,SENS_WLS_KRL_06,150.7,1.19,Red Alert - Inundated,96
2024-07-24 11:00:00,WLS_SIO_07,SENS_WLS_SIO_07,158.9,0.43,Red Alert - Inundated,93
2024-07-24 11:00:00,WLS_DDR_08,SENS_WLS_DDR_08,111.9,0.33,Red Alert - Inundated,90
2024-07-24 11:00:00,WLS_CHM_09,SENS_WLS_CHM_09,93.7,0.44,Red Alert - Inundated,99
2024-07-24 11:00:00,WLS_MLD_10,SENS_WLS_MLD_10,218.9,1.23,Red Alert - Inundated,89
2024-07-24 11:00:00,WLS_DHS_11,SENS_WLS_DHS_11,207.6,0.94,Red Alert - Inundated,99
2024-07-24 11:00:00,WLS_CHN_12,SENS_WLS_CHN_12,171.0,1.11,Red Alert - Inundated,89
2024-07-24 11:00:00,WLS_WRL_13,SENS_WLS_WRL_13,84.1,1.06,Red Alert - Inundated,88
2024-07-24 11:00:00,WLS_BYC_14,SENS_WLS_BYC_14,135.3,1.36,Red Alert - Inundated,98
2024-07-24 11:00:00,WLS_MNK_15,SENS_WLS_MNK_15,194.5,0.37,Red Alert - Inundated,92
2024-07-24 12:00:00,WLS_HND_01,SENS_WLS_HND_01,125.9,0.11,Red Alert - Inundated,100
2024-07-24 12:00:00,WLS_GND_02,SENS_WLS_GND_02,115.4,0.9,Red Alert - Inundated,100
2024-07-24 12:00:00,WLS_MLN_03,SENS_WLS_MLN_03,175.6,1.08,Red Alert - Inundated,93
2024-07-24 12:00:00,WLS_AND_04,SENS_WLS_AND_04,181.1,0.36,Red Alert - Inundated,92
2024-07-24 12:00:00,WLS_KHR_05,SENS_WLS_KHR_05,159.6,0.78,Red Alert - Inundated,95
2024-07-24 12:00:00,WLS_KRL_06,SENS_WLS_KRL_06,100.1,0.55,Red Alert - Inundated,96
2024-07-24 12:00:00,WLS_SIO_07,SENS_WLS_SIO_07,111.8,0.53,Red Alert - Inundated,95
2024-07-24 12:00:00,WLS_DDR_08,SENS_WLS_DDR_08,80.9,0.46,Red Alert - Inundated,94
2024-07-24 12:00:00,WLS_CHM_09,SENS_WLS_CHM_09,57.8,0.76,Red Alert - Inundated,97
2024-07-24 12:00:00,WLS_MLD_10,SENS_WLS_MLD_10,144.8,1.35,Red Alert - Inundated,100
2024-07-24 12:00:00,WLS_DHS_11,SENS_WLS_DHS_11,137.6,0.85,Red Alert - Inundated,97
2024-07-24 12:00:00,WLS_CHN_12,SENS_WLS_CHN_12,111.2,0.27,Red Alert - Inundated,100
2024-07-24 12:00:00,WLS_WRL_13,SENS_WLS_WRL_13,53.3,0.43,Red Alert - Inundated,88
2024-07-24 12:00:00,WLS_BYC_14,SENS_WLS_BYC_14,96.0,0.21,Red Alert - Inundated,90
2024-07-24 12:00:00,WLS_MNK_15,SENS_WLS_MNK_15,131.5,0.96,Red Alert - Inundated,100
2024-07-24 13:00:00,WLS_HND_01,SENS_WLS_HND_01,155.5,0.87,Red Alert - Inundated,98
2024-07-24 13:00:00,WLS_GND_02,SENS_WLS_GND_02,142.7,0.71,Red Alert - Inundated,99
2024-07-24 13:00:00,WLS_MLN_03,SENS_WLS_MLN_03,210.2,1.33,Red Alert - Inundated,93
2024-07-24 13:00:00,WLS_AND_04,SENS_WLS_AND_04,224.2,0.63,Red Alert - Inundated,98
2024-07-24 13:00:00,WLS_KHR_05,SENS_WLS_KHR_05,196.4,1.25,Red Alert - Inundated,90
2024-07-24 13:00:00,WLS_KRL_06,SENS_WLS_KRL_06,123.8,1.33,Red Alert - Inundated,97
2024-07-24 13:00:00,WLS_SIO_07,SENS_WLS_SIO_07,138.0,0.26,Red Alert - Inundated,89
2024-07-24 13:00:00,WLS_DDR_08,SENS_WLS_DDR_08,94.3,0.59,Red Alert - Inundated,96
2024-07-24 13:00:00,WLS_CHM_09,SENS_WLS_CHM_09,74.8,0.57,Red Alert - Inundated,99
2024-07-24 13:00:00,WLS_MLD_10,SENS_WLS_MLD_10,179.8,0.56,Red Alert - Inundated,99
2024-07-24 13:00:00,WLS_DHS_11,SENS_WLS_DHS_11,177.9,1.03,Red Alert - Inundated,94
2024-07-24 13:00:00,WLS_CHN_12,SENS_WLS_CHN_12,149.0,0.82,Red Alert - Inundated,90
2024-07-24 13:00:00,WLS_WRL_13,SENS_WLS_WRL_13,68.1,1.14,Red Alert - Inundated,95
2024-07-24 13:00:00,WLS_BYC_14,SENS_WLS_BYC_14,116.8,0.86,Red Alert - Inundated,99
2024-07-24 13:00:00,WLS_MNK_15,SENS_WLS_MNK_15,158.8,1.19,Red Alert - Inundated,96
2024-07-24 14:00:00,WLS_HND_01,SENS_WLS_HND_01,175.1,0.98,Red Alert - Inundated,90
2024-07-24 14:00:00,WLS_GND_02,SENS_WLS_GND_02,163.5,0.19,Red Alert - Inundated,96
2024-07-24 14:00:00,WLS_MLN_03,SENS_WLS_MLN_03,238.1,1.33,Red Alert - Inundated,92
2024-07-24 14:00:00,WLS_AND_04,SENS_WLS_AND_04,249.4,0.48,Red Alert - Inundated,90
2024-07-24 14:00:00,WLS_KHR_05,SENS_WLS_KHR_05,209.5,0.79,Red Alert - Inundated,97
2024-07-24 14:00:00,WLS_KRL_06,SENS_WLS_KRL_06,134.6,1.3,Red Alert - Inundated,99
2024-07-24 14:00:00,WLS_SIO_07,SENS_WLS_SIO_07,150.5,0.66,Red Alert - Inundated,98
2024-07-24 14:00:00,WLS_DDR_08,SENS_WLS_DDR_08,109.0,0.56,Red Alert - Inundated,89
2024-07-24 14:00:00,WLS_CHM_09,SENS_WLS_CHM_09,88.1,0.11,Red Alert - Inundated,90
2024-07-24 14:00:00,WLS_MLD_10,SENS_WLS_MLD_10,204.1,1.17,Red Alert - Inundated,97
2024-07-24 14:00:00,WLS_DHS_11,SENS_WLS_DHS_11,196.5,0.91,Red Alert - Inundated,98
2024-07-24 14:00:00,WLS_CHN_12,SENS_WLS_CHN_12,163.6,0.87,Red Alert - Inundated,88
2024-07-24 14:00:00,WLS_WRL_13,SENS_WLS_WRL_13,74.9,0.96,Red Alert - Inundated,91
2024-07-24 14:00:00,WLS_BYC_14,SENS_WLS_BYC_14,126.0,0.93,Red Alert - Inundated,91
2024-07-24 14:00:00,WLS_MNK_15,SENS_WLS_MNK_15,179.7,1.02,Red Alert - Inundated,95
2024-07-24 15:00:00,WLS_HND_01,SENS_WLS_HND_01,110.9,0.31,Red Alert - Inundated,90
2024-07-24 15:00:00,WLS_GND_02,SENS_WLS_GND_02,97.3,1.37,Red Alert - Inundated,94
2024-07-24 15:00:00,WLS_MLN_03,SENS_WLS_MLN_03,153.3,1.32,Red Alert - Inundated,88
2024-07-24 15:00:00,WLS_AND_04,SENS_WLS_AND_04,155.9,1.25,Red Alert - Inundated,96
2024-07-24 15:00:00,WLS_KHR_05,SENS_WLS_KHR_05,135.0,0.15,Red Alert - Inundated,91
2024-07-24 15:00:00,WLS_KRL_06,SENS_WLS_KRL_06,84.9,1.03,Red Alert - Inundated,93
2024-07-24 15:00:00,WLS_SIO_07,SENS_WLS_SIO_07,97.3,1.32,Red Alert - Inundated,96
2024-07-24 15:00:00,WLS_DDR_08,SENS_WLS_DDR_08,64.8,1.04,Red Alert - Inundated,93
2024-07-24 15:00:00,WLS_CHM_09,SENS_WLS_CHM_09,55.1,0.91,Red Alert - Inundated,98
2024-07-24 15:00:00,WLS_MLD_10,SENS_WLS_MLD_10,124.7,0.48,Red Alert - Inundated,89
2024-07-24 15:00:00,WLS_DHS_11,SENS_WLS_DHS_11,119.4,1.4,Red Alert - Inundated,95
2024-07-24 15:00:00,WLS_CHN_12,SENS_WLS_CHN_12,100.7,1.31,Red Alert - Inundated,95
2024-07-24 15:00:00,WLS_WRL_13,SENS_WLS_WRL_13,44.0,0.16,Amber Alert - Waterlogging,95
2024-07-24 15:00:00,WLS_BYC_14,SENS_WLS_BYC_14,78.4,0.6,Red Alert - Inundated,98
2024-07-24 15:00:00,WLS_MNK_15,SENS_WLS_MNK_15,118.9,1.32,Red Alert - Inundated,94
2024-07-24 16:00:00,WLS_HND_01,SENS_WLS_HND_01,195.1,1.05,Red Alert - Inundated,89
2024-07-24 16:00:00,WLS_GND_02,SENS_WLS_GND_02,183.8,0.69,Red Alert - Inundated,94
2024-07-24 16:00:00,WLS_MLN_03,SENS_WLS_MLN_03,272.8,0.11,Red Alert - Inundated,93
2024-07-24 16:00:00,WLS_AND_04,SENS_WLS_AND_04,287.0,0.25,Red Alert - Inundated,88
2024-07-24 16:00:00,WLS_KHR_05,SENS_WLS_KHR_05,249.1,0.27,Red Alert - Inundated,92
2024-07-24 16:00:00,WLS_KRL_06,SENS_WLS_KRL_06,163.3,0.15,Red Alert - Inundated,95
2024-07-24 16:00:00,WLS_SIO_07,SENS_WLS_SIO_07,176.4,0.27,Red Alert - Inundated,88
2024-07-24 16:00:00,WLS_DDR_08,SENS_WLS_DDR_08,121.9,1.21,Red Alert - Inundated,96
2024-07-24 16:00:00,WLS_CHM_09,SENS_WLS_CHM_09,102.6,0.98,Red Alert - Inundated,90
2024-07-24 16:00:00,WLS_MLD_10,SENS_WLS_MLD_10,239.4,1.04,Red Alert - Inundated,95
2024-07-24 16:00:00,WLS_DHS_11,SENS_WLS_DHS_11,228.0,0.28,Red Alert - Inundated,98
2024-07-24 16:00:00,WLS_CHN_12,SENS_WLS_CHN_12,190.5,1.09,Red Alert - Inundated,97
2024-07-24 16:00:00,WLS_WRL_13,SENS_WLS_WRL_13,84.3,0.49,Red Alert - Inundated,95
2024-07-24 16:00:00,WLS_BYC_14,SENS_WLS_BYC_14,151.9,1.01,Red Alert - Inundated,94
2024-07-24 16:00:00,WLS_MNK_15,SENS_WLS_MNK_15,210.8,0.47,Red Alert - Inundated,99
2024-07-24 17:00:00,WLS_HND_01,SENS_WLS_HND_01,73.5,0.95,Red Alert - Inundated,94
2024-07-24 17:00:00,WLS_GND_02,SENS_WLS_GND_02,62.5,1.14,Red Alert - Inundated,95
2024-07-24 17:00:00,WLS_MLN_03,SENS_WLS_MLN_03,97.0,1.37,Red Alert - Inundated,89
2024-07-24 17:00:00,WLS_AND_04,SENS_WLS_AND_04,98.3,1.36,Red Alert - Inundated,97
2024-07-24 17:00:00,WLS_KHR_05,SENS_WLS_KHR_05,83.9,0.46,Red Alert - Inundated,98
2024-07-24 17:00:00,WLS_KRL_06,SENS_WLS_KRL_06,54.8,0.26,Red Alert - Inundated,92
2024-07-24 17:00:00,WLS_SIO_07,SENS_WLS_SIO_07,56.3,0.39,Red Alert - Inundated,90
2024-07-24 17:00:00,WLS_DDR_08,SENS_WLS_DDR_08,36.9,0.34,Amber Alert - Waterlogging,97
2024-07-24 17:00:00,WLS_CHM_09,SENS_WLS_CHM_09,27.3,0.77,Amber Alert - Waterlogging,94
2024-07-24 17:00:00,WLS_MLD_10,SENS_WLS_MLD_10,85.7,0.72,Red Alert - Inundated,93
2024-07-24 17:00:00,WLS_DHS_11,SENS_WLS_DHS_11,73.6,0.69,Red Alert - Inundated,94
2024-07-24 17:00:00,WLS_CHN_12,SENS_WLS_CHN_12,61.2,0.37,Red Alert - Inundated,94
2024-07-24 17:00:00,WLS_WRL_13,SENS_WLS_WRL_13,23.0,0.9,Amber Alert - Waterlogging,98
2024-07-24 17:00:00,WLS_BYC_14,SENS_WLS_BYC_14,46.0,1.0,Red Alert - Inundated,88
2024-07-24 17:00:00,WLS_MNK_15,SENS_WLS_MNK_15,69.7,0.99,Red Alert - Inundated,88
2024-07-24 18:00:00,WLS_HND_01,SENS_WLS_HND_01,127.0,0.16,Red Alert - Inundated,100
2024-07-24 18:00:00,WLS_GND_02,SENS_WLS_GND_02,116.0,0.93,Red Alert - Inundated,98
2024-07-24 18:00:00,WLS_MLN_03,SENS_WLS_MLN_03,177.2,1.18,Red Alert - Inundated,100
2024-07-24 18:00:00,WLS_AND_04,SENS_WLS_AND_04,176.4,0.44,Red Alert - Inundated,98
2024-07-24 18:00:00,WLS_KHR_05,SENS_WLS_KHR_05,155.5,1.18,Red Alert - Inundated,89
2024-07-24 18:00:00,WLS_KRL_06,SENS_WLS_KRL_06,106.2,1.3,Red Alert - Inundated,92
2024-07-24 18:00:00,WLS_SIO_07,SENS_WLS_SIO_07,112.8,0.14,Red Alert - Inundated,98
2024-07-24 18:00:00,WLS_DDR_08,SENS_WLS_DDR_08,81.2,0.1,Red Alert - Inundated,100
2024-07-24 18:00:00,WLS_CHM_09,SENS_WLS_CHM_09,64.4,0.54,Red Alert - Inundated,96
2024-07-24 18:00:00,WLS_MLD_10,SENS_WLS_MLD_10,146.9,0.29,Red Alert - Inundated,95
2024-07-24 18:00:00,WLS_DHS_11,SENS_WLS_DHS_11,137.1,0.64,Red Alert - Inundated,91
2024-07-24 18:00:00,WLS_CHN_12,SENS_WLS_CHN_12,118.7,0.95,Red Alert - Inundated,89
2024-07-24 18:00:00,WLS_WRL_13,SENS_WLS_WRL_13,53.1,0.15,Red Alert - Inundated,93
2024-07-24 18:00:00,WLS_BYC_14,SENS_WLS_BYC_14,92.6,0.51,Red Alert - Inundated,95
2024-07-24 18:00:00,WLS_MNK_15,SENS_WLS_MNK_15,136.8,0.41,Red Alert - Inundated,89
2024-07-24 19:00:00,WLS_HND_01,SENS_WLS_HND_01,138.3,0.84,Red Alert - Inundated,100
2024-07-24 19:00:00,WLS_GND_02,SENS_WLS_GND_02,137.4,0.25,Red Alert - Inundated,95
2024-07-24 19:00:00,WLS_MLN_03,SENS_WLS_MLN_03,197.1,0.62,Red Alert - Inundated,91
2024-07-24 19:00:00,WLS_AND_04,SENS_WLS_AND_04,203.9,0.64,Red Alert - Inundated,89
2024-07-24 19:00:00,WLS_KHR_05,SENS_WLS_KHR_05,178.0,1.3,Red Alert - Inundated,98
2024-07-24 19:00:00,WLS_KRL_06,SENS_WLS_KRL_06,118.1,0.33,Red Alert - Inundated,93
2024-07-24 19:00:00,WLS_SIO_07,SENS_WLS_SIO_07,121.4,1.08,Red Alert - Inundated,90
2024-07-24 19:00:00,WLS_DDR_08,SENS_WLS_DDR_08,92.9,1.1,Red Alert - Inundated,98
2024-07-24 19:00:00,WLS_CHM_09,SENS_WLS_CHM_09,72.7,0.62,Red Alert - Inundated,93
2024-07-24 19:00:00,WLS_MLD_10,SENS_WLS_MLD_10,168.1,1.17,Red Alert - Inundated,100
2024-07-24 19:00:00,WLS_DHS_11,SENS_WLS_DHS_11,161.2,0.24,Red Alert - Inundated,93
2024-07-24 19:00:00,WLS_CHN_12,SENS_WLS_CHN_12,129.7,0.31,Red Alert - Inundated,98
2024-07-24 19:00:00,WLS_WRL_13,SENS_WLS_WRL_13,60.2,1.2,Red Alert - Inundated,98
2024-07-24 19:00:00,WLS_BYC_14,SENS_WLS_BYC_14,105.0,1.11,Red Alert - Inundated,98
2024-07-24 19:00:00,WLS_MNK_15,SENS_WLS_MNK_15,147.4,0.12,Red Alert - Inundated,94
2024-07-24 20:00:00,WLS_HND_01,SENS_WLS_HND_01,168.9,0.58,Red Alert - Inundated,94
2024-07-24 20:00:00,WLS_GND_02,SENS_WLS_GND_02,165.1,1.21,Red Alert - Inundated,95
2024-07-24 20:00:00,WLS_MLN_03,SENS_WLS_MLN_03,237.9,1.24,Red Alert - Inundated,99
2024-07-24 20:00:00,WLS_AND_04,SENS_WLS_AND_04,245.3,0.3,Red Alert - Inundated,98
2024-07-24 20:00:00,WLS_KHR_05,SENS_WLS_KHR_05,212.3,0.99,Red Alert - Inundated,93
2024-07-24 20:00:00,WLS_KRL_06,SENS_WLS_KRL_06,139.6,1.11,Red Alert - Inundated,99
2024-07-24 20:00:00,WLS_SIO_07,SENS_WLS_SIO_07,146.7,0.72,Red Alert - Inundated,90
2024-07-24 20:00:00,WLS_DDR_08,SENS_WLS_DDR_08,110.9,0.67,Red Alert - Inundated,95
2024-07-24 20:00:00,WLS_CHM_09,SENS_WLS_CHM_09,89.9,0.91,Red Alert - Inundated,98
2024-07-24 20:00:00,WLS_MLD_10,SENS_WLS_MLD_10,200.5,0.58,Red Alert - Inundated,99
2024-07-24 20:00:00,WLS_DHS_11,SENS_WLS_DHS_11,196.1,0.74,Red Alert - Inundated,93
2024-07-24 20:00:00,WLS_CHN_12,SENS_WLS_CHN_12,158.8,0.81,Red Alert - Inundated,96
2024-07-24 20:00:00,WLS_WRL_13,SENS_WLS_WRL_13,76.6,0.19,Red Alert - Inundated,100
2024-07-24 20:00:00,WLS_BYC_14,SENS_WLS_BYC_14,130.0,0.21,Red Alert - Inundated,91
2024-07-24 20:00:00,WLS_MNK_15,SENS_WLS_MNK_15,178.3,0.43,Red Alert - Inundated,97
2024-07-24 21:00:00,WLS_HND_01,SENS_WLS_HND_01,76.1,0.28,Red Alert - Inundated,96
2024-07-24 21:00:00,WLS_GND_02,SENS_WLS_GND_02,72.0,0.46,Red Alert - Inundated,90
2024-07-24 21:00:00,WLS_MLN_03,SENS_WLS_MLN_03,111.6,0.42,Red Alert - Inundated,93
2024-07-24 21:00:00,WLS_AND_04,SENS_WLS_AND_04,114.9,1.06,Red Alert - Inundated,88
2024-07-24 21:00:00,WLS_KHR_05,SENS_WLS_KHR_05,103.8,1.14,Red Alert - Inundated,92
2024-07-24 21:00:00,WLS_KRL_06,SENS_WLS_KRL_06,68.6,0.17,Red Alert - Inundated,96
2024-07-24 21:00:00,WLS_SIO_07,SENS_WLS_SIO_07,70.4,1.0,Red Alert - Inundated,99
2024-07-24 21:00:00,WLS_DDR_08,SENS_WLS_DDR_08,53.5,1.27,Red Alert - Inundated,92
2024-07-24 21:00:00,WLS_CHM_09,SENS_WLS_CHM_09,40.9,1.05,Amber Alert - Waterlogging,91
2024-07-24 21:00:00,WLS_MLD_10,SENS_WLS_MLD_10,100.3,0.16,Red Alert - Inundated,88
2024-07-24 21:00:00,WLS_DHS_11,SENS_WLS_DHS_11,92.5,0.91,Red Alert - Inundated,98
2024-07-24 21:00:00,WLS_CHN_12,SENS_WLS_CHN_12,76.9,0.71,Red Alert - Inundated,99
2024-07-24 21:00:00,WLS_WRL_13,SENS_WLS_WRL_13,28.2,1.16,Amber Alert - Waterlogging,94
2024-07-24 21:00:00,WLS_BYC_14,SENS_WLS_BYC_14,56.5,1.1,Red Alert - Inundated,94
2024-07-24 21:00:00,WLS_MNK_15,SENS_WLS_MNK_15,81.5,0.31,Red Alert - Inundated,99
2024-07-24 22:00:00,WLS_HND_01,SENS_WLS_HND_01,164.9,1.2,Red Alert - Inundated,100
2024-07-24 22:00:00,WLS_GND_02,SENS_WLS_GND_02,155.7,0.75,Red Alert - Inundated,89
2024-07-24 22:00:00,WLS_MLN_03,SENS_WLS_MLN_03,230.2,0.81,Red Alert - Inundated,98
2024-07-24 22:00:00,WLS_AND_04,SENS_WLS_AND_04,242.6,0.67,Red Alert - Inundated,89
2024-07-24 22:00:00,WLS_KHR_05,SENS_WLS_KHR_05,213.3,0.1,Red Alert - Inundated,91
2024-07-24 22:00:00,WLS_KRL_06,SENS_WLS_KRL_06,135.4,1.16,Red Alert - Inundated,89
2024-07-24 22:00:00,WLS_SIO_07,SENS_WLS_SIO_07,145.8,1.09,Red Alert - Inundated,88
2024-07-24 22:00:00,WLS_DDR_08,SENS_WLS_DDR_08,107.9,1.2,Red Alert - Inundated,100
2024-07-24 22:00:00,WLS_CHM_09,SENS_WLS_CHM_09,87.0,0.39,Red Alert - Inundated,98
2024-07-24 22:00:00,WLS_MLD_10,SENS_WLS_MLD_10,197.3,0.27,Red Alert - Inundated,90
2024-07-24 22:00:00,WLS_DHS_11,SENS_WLS_DHS_11,190.5,0.77,Red Alert - Inundated,92
2024-07-24 22:00:00,WLS_CHN_12,SENS_WLS_CHN_12,157.4,1.35,Red Alert - Inundated,98
2024-07-24 22:00:00,WLS_WRL_13,SENS_WLS_WRL_13,75.5,0.93,Red Alert - Inundated,96
2024-07-24 22:00:00,WLS_BYC_14,SENS_WLS_BYC_14,124.9,0.82,Red Alert - Inundated,94
2024-07-24 22:00:00,WLS_MNK_15,SENS_WLS_MNK_15,182.4,0.65,Red Alert - Inundated,98
2024-07-24 23:00:00,WLS_HND_01,SENS_WLS_HND_01,168.8,0.7,Red Alert - Inundated,94
2024-07-24 23:00:00,WLS_GND_02,SENS_WLS_GND_02,159.3,0.81,Red Alert - Inundated,96
2024-07-24 23:00:00,WLS_MLN_03,SENS_WLS_MLN_03,229.5,1.37,Red Alert - Inundated,95
2024-07-24 23:00:00,WLS_AND_04,SENS_WLS_AND_04,238.8,1.35,Red Alert - Inundated,90
2024-07-24 23:00:00,WLS_KHR_05,SENS_WLS_KHR_05,206.1,0.64,Red Alert - Inundated,97
2024-07-24 23:00:00,WLS_KRL_06,SENS_WLS_KRL_06,136.0,1.06,Red Alert - Inundated,94
2024-07-24 23:00:00,WLS_SIO_07,SENS_WLS_SIO_07,148.5,0.16,Red Alert - Inundated,97
2024-07-24 23:00:00,WLS_DDR_08,SENS_WLS_DDR_08,101.2,1.31,Red Alert - Inundated,99
2024-07-24 23:00:00,WLS_CHM_09,SENS_WLS_CHM_09,86.8,0.44,Red Alert - Inundated,88
2024-07-24 23:00:00,WLS_MLD_10,SENS_WLS_MLD_10,195.7,0.18,Red Alert - Inundated,88
2024-07-24 23:00:00,WLS_DHS_11,SENS_WLS_DHS_11,182.1,1.22,Red Alert - Inundated,90
2024-07-24 23:00:00,WLS_CHN_12,SENS_WLS_CHN_12,158.1,1.36,Red Alert - Inundated,99
2024-07-24 23:00:00,WLS_WRL_13,SENS_WLS_WRL_13,67.8,0.16,Red Alert - Inundated,95
2024-07-24 23:00:00,WLS_BYC_14,SENS_WLS_BYC_14,123.0,0.14,Red Alert - Inundated,91
2024-07-24 23:00:00,WLS_MNK_15,SENS_WLS_MNK_15,170.4,0.51,Red Alert - Inundated,99
2024-07-25 00:00:00,WLS_HND_01,SENS_WLS_HND_01,69.4,0.41,Red Alert - Inundated,89
2024-07-25 00:00:00,WLS_GND_02,SENS_WLS_GND_02,68.2,0.67,Red Alert - Inundated,100
2024-07-25 00:00:00,WLS_MLN_03,SENS_WLS_MLN_03,96.0,1.06,Red Alert - Inundated,98
2024-07-25 00:00:00,WLS_AND_04,SENS_WLS_AND_04,96.8,0.6,Red Alert - Inundated,93
2024-07-25 00:00:00,WLS_KHR_05,SENS_WLS_KHR_05,83.8,1.15,Red Alert - Inundated,98
2024-07-25 00:00:00,WLS_KRL_06,SENS_WLS_KRL_06,55.8,0.86,Red Alert - Inundated,89
2024-07-25 00:00:00,WLS_SIO_07,SENS_WLS_SIO_07,54.6,0.38,Red Alert - Inundated,91
2024-07-25 00:00:00,WLS_DDR_08,SENS_WLS_DDR_08,36.4,0.58,Amber Alert - Waterlogging,98
2024-07-25 00:00:00,WLS_CHM_09,SENS_WLS_CHM_09,30.1,0.77,Amber Alert - Waterlogging,97
2024-07-25 00:00:00,WLS_MLD_10,SENS_WLS_MLD_10,87.4,0.75,Red Alert - Inundated,96
2024-07-25 00:00:00,WLS_DHS_11,SENS_WLS_DHS_11,79.0,0.34,Red Alert - Inundated,99
2024-07-25 00:00:00,WLS_CHN_12,SENS_WLS_CHN_12,64.2,0.83,Red Alert - Inundated,99
2024-07-25 00:00:00,WLS_WRL_13,SENS_WLS_WRL_13,25.8,0.59,Amber Alert - Waterlogging,94
2024-07-25 00:00:00,WLS_BYC_14,SENS_WLS_BYC_14,49.0,1.06,Red Alert - Inundated,88
2024-07-25 00:00:00,WLS_MNK_15,SENS_WLS_MNK_15,75.6,0.39,Red Alert - Inundated,95
2024-07-25 01:00:00,WLS_HND_01,SENS_WLS_HND_01,71.2,0.31,Red Alert - Inundated,91
2024-07-25 01:00:00,WLS_GND_02,SENS_WLS_GND_02,63.1,1.17,Red Alert - Inundated,100
2024-07-25 01:00:00,WLS_MLN_03,SENS_WLS_MLN_03,97.9,0.39,Red Alert - Inundated,94
2024-07-25 01:00:00,WLS_AND_04,SENS_WLS_AND_04,104.0,0.99,Red Alert - Inundated,98
2024-07-25 01:00:00,WLS_KHR_05,SENS_WLS_KHR_05,85.8,1.22,Red Alert - Inundated,98
2024-07-25 01:00:00,WLS_KRL_06,SENS_WLS_KRL_06,52.2,0.38,Red Alert - Inundated,96
2024-07-25 01:00:00,WLS_SIO_07,SENS_WLS_SIO_07,65.1,0.56,Red Alert - Inundated,91
2024-07-25 01:00:00,WLS_DDR_08,SENS_WLS_DDR_08,38.2,0.94,Amber Alert - Waterlogging,89
2024-07-25 01:00:00,WLS_CHM_09,SENS_WLS_CHM_09,34.2,0.98,Amber Alert - Waterlogging,92
2024-07-25 01:00:00,WLS_MLD_10,SENS_WLS_MLD_10,81.6,0.5,Red Alert - Inundated,94
2024-07-25 01:00:00,WLS_DHS_11,SENS_WLS_DHS_11,77.5,0.37,Red Alert - Inundated,98
2024-07-25 01:00:00,WLS_CHN_12,SENS_WLS_CHN_12,63.7,1.05,Red Alert - Inundated,94
2024-07-25 01:00:00,WLS_WRL_13,SENS_WLS_WRL_13,29.7,1.36,Amber Alert - Waterlogging,89
2024-07-25 01:00:00,WLS_BYC_14,SENS_WLS_BYC_14,52.9,0.72,Red Alert - Inundated,95
2024-07-25 01:00:00,WLS_MNK_15,SENS_WLS_MNK_15,73.5,1.33,Red Alert - Inundated,91
2024-07-25 02:00:00,WLS_HND_01,SENS_WLS_HND_01,170.4,1.2,Red Alert - Inundated,94
2024-07-25 02:00:00,WLS_GND_02,SENS_WLS_GND_02,154.8,1.19,Red Alert - Inundated,99
2024-07-25 02:00:00,WLS_MLN_03,SENS_WLS_MLN_03,231.7,0.18,Red Alert - Inundated,92
2024-07-25 02:00:00,WLS_AND_04,SENS_WLS_AND_04,240.5,0.36,Red Alert - Inundated,92
2024-07-25 02:00:00,WLS_KHR_05,SENS_WLS_KHR_05,210.0,0.18,Red Alert - Inundated,91
2024-07-25 02:00:00,WLS_KRL_06,SENS_WLS_KRL_06,134.0,0.52,Red Alert - Inundated,100
2024-07-25 02:00:00,WLS_SIO_07,SENS_WLS_SIO_07,149.5,0.59,Red Alert - Inundated,89
2024-07-25 02:00:00,WLS_DDR_08,SENS_WLS_DDR_08,108.9,1.34,Red Alert - Inundated,90
2024-07-25 02:00:00,WLS_CHM_09,SENS_WLS_CHM_09,86.8,0.51,Red Alert - Inundated,88
2024-07-25 02:00:00,WLS_MLD_10,SENS_WLS_MLD_10,202.2,0.39,Red Alert - Inundated,95
2024-07-25 02:00:00,WLS_DHS_11,SENS_WLS_DHS_11,185.3,0.54,Red Alert - Inundated,91
2024-07-25 02:00:00,WLS_CHN_12,SENS_WLS_CHN_12,158.8,0.81,Red Alert - Inundated,97
2024-07-25 02:00:00,WLS_WRL_13,SENS_WLS_WRL_13,70.8,0.19,Red Alert - Inundated,89
2024-07-25 02:00:00,WLS_BYC_14,SENS_WLS_BYC_14,122.6,0.18,Red Alert - Inundated,90
2024-07-25 02:00:00,WLS_MNK_15,SENS_WLS_MNK_15,180.0,0.67,Red Alert - Inundated,88
2024-07-25 03:00:00,WLS_HND_01,SENS_WLS_HND_01,160.8,0.77,Red Alert - Inundated,90
2024-07-25 03:00:00,WLS_GND_02,SENS_WLS_GND_02,153.3,0.4,Red Alert - Inundated,97
2024-07-25 03:00:00,WLS_MLN_03,SENS_WLS_MLN_03,222.5,1.03,Red Alert - Inundated,95
2024-07-25 03:00:00,WLS_AND_04,SENS_WLS_AND_04,230.9,1.27,Red Alert - Inundated,92
2024-07-25 03:00:00,WLS_KHR_05,SENS_WLS_KHR_05,204.4,0.57,Red Alert - Inundated,89
2024-07-25 03:00:00,WLS_KRL_06,SENS_WLS_KRL_06,134.3,0.82,Red Alert - Inundated,90
2024-07-25 03:00:00,WLS_SIO_07,SENS_WLS_SIO_07,137.8,0.37,Red Alert - Inundated,93
2024-07-25 03:00:00,WLS_DDR_08,SENS_WLS_DDR_08,98.7,0.55,Red Alert - Inundated,89
2024-07-25 03:00:00,WLS_CHM_09,SENS_WLS_CHM_09,78.3,0.77,Red Alert - Inundated,90
2024-07-25 03:00:00,WLS_MLD_10,SENS_WLS_MLD_10,189.6,1.16,Red Alert - Inundated,93
2024-07-25 03:00:00,WLS_DHS_11,SENS_WLS_DHS_11,188.3,0.59,Red Alert - Inundated,98
2024-07-25 03:00:00,WLS_CHN_12,SENS_WLS_CHN_12,157.5,0.52,Red Alert - Inundated,94
2024-07-25 03:00:00,WLS_WRL_13,SENS_WLS_WRL_13,69.0,1.18,Red Alert - Inundated,93
2024-07-25 03:00:00,WLS_BYC_14,SENS_WLS_BYC_14,126.9,1.19,Red Alert - Inundated,95
2024-07-25 03:00:00,WLS_MNK_15,SENS_WLS_MNK_15,169.5,0.88,Red Alert - Inundated,95
2024-07-25 04:00:00,WLS_HND_01,SENS_WLS_HND_01,148.4,0.9,Red Alert - Inundated,90
2024-07-25 04:00:00,WLS_GND_02,SENS_WLS_GND_02,133.3,0.32,Red Alert - Inundated,92
2024-07-25 04:00:00,WLS_MLN_03,SENS_WLS_MLN_03,195.4,0.5,Red Alert - Inundated,91
2024-07-25 04:00:00,WLS_AND_04,SENS_WLS_AND_04,210.3,0.29,Red Alert - Inundated,97
2024-07-25 04:00:00,WLS_KHR_05,SENS_WLS_KHR_05,179.8,0.39,Red Alert - Inundated,89
2024-07-25 04:00:00,WLS_KRL_06,SENS_WLS_KRL_06,120.5,0.97,Red Alert - Inundated,95
2024-07-25 04:00:00,WLS_SIO_07,SENS_WLS_SIO_07,121.2,1.35,Red Alert - Inundated,92
2024-07-25 04:00:00,WLS_DDR_08,SENS_WLS_DDR_08,91.1,0.46,Red Alert - Inundated,88
2024-07-25 04:00:00,WLS_CHM_09,SENS_WLS_CHM_09,68.9,0.52,Red Alert - Inundated,100
2024-07-25 04:00:00,WLS_MLD_10,SENS_WLS_MLD_10,173.4,0.75,Red Alert - Inundated,95
2024-07-25 04:00:00,WLS_DHS_11,SENS_WLS_DHS_11,160.5,0.85,Red Alert - Inundated,90
2024-07-25 04:00:00,WLS_CHN_12,SENS_WLS_CHN_12,135.9,0.9,Red Alert - Inundated,99
2024-07-25 04:00:00,WLS_WRL_13,SENS_WLS_WRL_13,61.7,0.15,Red Alert - Inundated,88
2024-07-25 04:00:00,WLS_BYC_14,SENS_WLS_BYC_14,111.9,0.72,Red Alert - Inundated,93
2024-07-25 04:00:00,WLS_MNK_15,SENS_WLS_MNK_15,155.0,1.27,Red Alert - Inundated,88
2024-07-25 05:00:00,WLS_HND_01,SENS_WLS_HND_01,122.6,0.9,Red Alert - Inundated,100
2024-07-25 05:00:00,WLS_GND_02,SENS_WLS_GND_02,109.8,0.5,Red Alert - Inundated,88
2024-07-25 05:00:00,WLS_MLN_03,SENS_WLS_MLN_03,167.2,1.11,Red Alert - Inundated,95
2024-07-25 05:00:00,WLS_AND_04,SENS_WLS_AND_04,173.9,0.79,Red Alert - Inundated,92
2024-07-25 05:00:00,WLS_KHR_05,SENS_WLS_KHR_05,153.4,1.18,Red Alert - Inundated,91
2024-07-25 05:00:00,WLS_KRL_06,SENS_WLS_KRL_06,102.0,0.96,Red Alert - Inundated,93
2024-07-25 05:00:00,WLS_SIO_07,SENS_WLS_SIO_07,110.1,0.48,Red Alert - Inundated,95
2024-07-25 05:00:00,WLS_DDR_08,SENS_WLS_DDR_08,70.6,0.11,Red Alert - Inundated,97
2024-07-25 05:00:00,WLS_CHM_09,SENS_WLS_CHM_09,62.6,0.26,Red Alert - Inundated,92
2024-07-25 05:00:00,WLS_MLD_10,SENS_WLS_MLD_10,145.9,0.59,Red Alert - Inundated,94
2024-07-25 05:00:00,WLS_DHS_11,SENS_WLS_DHS_11,135.9,1.21,Red Alert - Inundated,98
2024-07-25 05:00:00,WLS_CHN_12,SENS_WLS_CHN_12,108.6,1.16,Red Alert - Inundated,95
2024-07-25 05:00:00,WLS_WRL_13,SENS_WLS_WRL_13,53.1,0.75,Red Alert - Inundated,93
2024-07-25 05:00:00,WLS_BYC_14,SENS_WLS_BYC_14,93.4,0.21,Red Alert - Inundated,88
2024-07-25 05:00:00,WLS_MNK_15,SENS_WLS_MNK_15,125.1,1.06,Red Alert - Inundated,99
2024-07-25 06:00:00,WLS_HND_01,SENS_WLS_HND_01,162.5,0.42,Red Alert - Inundated,99
2024-07-25 06:00:00,WLS_GND_02,SENS_WLS_GND_02,155.1,0.68,Red Alert - Inundated,94
2024-07-25 06:00:00,WLS_MLN_03,SENS_WLS_MLN_03,219.5,0.99,Red Alert - Inundated,88
2024-07-25 06:00:00,WLS_AND_04,SENS_WLS_AND_04,237.2,1.18,Red Alert - Inundated,98
2024-07-25 06:00:00,WLS_KHR_05,SENS_WLS_KHR_05,205.6,0.67,Red Alert - Inundated,99
2024-07-25 06:00:00,WLS_KRL_06,SENS_WLS_KRL_06,132.4,1.01,Red Alert - Inundated,89
2024-07-25 06:00:00,WLS_SIO_07,SENS_WLS_SIO_07,142.6,0.79,Red Alert - Inundated,92
2024-07-25 06:00:00,WLS_DDR_08,SENS_WLS_DDR_08,100.0,0.67,Red Alert - Inundated,96
2024-07-25 06:00:00,WLS_CHM_09,SENS_WLS_CHM_09,84.8,0.35,Red Alert - Inundated,98
2024-07-25 06:00:00,WLS_MLD_10,SENS_WLS_MLD_10,191.7,0.56,Red Alert - Inundated,92
2024-07-25 06:00:00,WLS_DHS_11,SENS_WLS_DHS_11,181.2,1.36,Red Alert - Inundated,91
2024-07-25 06:00:00,WLS_CHN_12,SENS_WLS_CHN_12,152.6,1.32,Red Alert - Inundated,95
2024-07-25 06:00:00,WLS_WRL_13,SENS_WLS_WRL_13,69.9,0.47,Red Alert - Inundated,90
2024-07-25 06:00:00,WLS_BYC_14,SENS_WLS_BYC_14,124.6,1.03,Red Alert - Inundated,97
2024-07-25 06:00:00,WLS_MNK_15,SENS_WLS_MNK_15,175.0,1.38,Red Alert - Inundated,98
2024-07-25 07:00:00,WLS_HND_01,SENS_WLS_HND_01,122.9,1.34,Red Alert - Inundated,92
2024-07-25 07:00:00,WLS_GND_02,SENS_WLS_GND_02,116.0,0.58,Red Alert - Inundated,89
2024-07-25 07:00:00,WLS_MLN_03,SENS_WLS_MLN_03,162.5,0.54,Red Alert - Inundated,94
2024-07-25 07:00:00,WLS_AND_04,SENS_WLS_AND_04,170.4,0.84,Red Alert - Inundated,90
2024-07-25 07:00:00,WLS_KHR_05,SENS_WLS_KHR_05,147.0,0.48,Red Alert - Inundated,96
2024-07-25 07:00:00,WLS_KRL_06,SENS_WLS_KRL_06,96.9,0.69,Red Alert - Inundated,93
2024-07-25 07:00:00,WLS_SIO_07,SENS_WLS_SIO_07,101.3,0.83,Red Alert - Inundated,91
2024-07-25 07:00:00,WLS_DDR_08,SENS_WLS_DDR_08,79.3,1.06,Red Alert - Inundated,92
2024-07-25 07:00:00,WLS_CHM_09,SENS_WLS_CHM_09,55.4,1.33,Red Alert - Inundated,100
2024-07-25 07:00:00,WLS_MLD_10,SENS_WLS_MLD_10,139.9,1.31,Red Alert - Inundated,99
2024-07-25 07:00:00,WLS_DHS_11,SENS_WLS_DHS_11,132.7,0.85,Red Alert - Inundated,99
2024-07-25 07:00:00,WLS_CHN_12,SENS_WLS_CHN_12,110.1,0.38,Red Alert - Inundated,96
2024-07-25 07:00:00,WLS_WRL_13,SENS_WLS_WRL_13,50.2,1.31,Red Alert - Inundated,99
2024-07-25 07:00:00,WLS_BYC_14,SENS_WLS_BYC_14,90.6,1.02,Red Alert - Inundated,92
2024-07-25 07:00:00,WLS_MNK_15,SENS_WLS_MNK_15,130.6,0.86,Red Alert - Inundated,94
2024-07-25 08:00:00,WLS_HND_01,SENS_WLS_HND_01,185.2,0.55,Red Alert - Inundated,96
2024-07-25 08:00:00,WLS_GND_02,SENS_WLS_GND_02,174.8,1.3,Red Alert - Inundated,93
2024-07-25 08:00:00,WLS_MLN_03,SENS_WLS_MLN_03,249.3,0.68,Red Alert - Inundated,92
2024-07-25 08:00:00,WLS_AND_04,SENS_WLS_AND_04,259.5,1.17,Red Alert - Inundated,93
2024-07-25 08:00:00,WLS_KHR_05,SENS_WLS_KHR_05,224.1,0.95,Red Alert - Inundated,90
2024-07-25 08:00:00,WLS_KRL_06,SENS_WLS_KRL_06,145.1,0.87,Red Alert - Inundated,95
2024-07-25 08:00:00,WLS_SIO_07,SENS_WLS_SIO_07,161.0,1.3,Red Alert - Inundated,90
2024-07-25 08:00:00,WLS_DDR_08,SENS_WLS_DDR_08,116.3,0.45,Red Alert - Inundated,95
2024-07-25 08:00:00,WLS_CHM_09,SENS_WLS_CHM_09,96.3,0.27,Red Alert - Inundated,88
2024-07-25 08:00:00,WLS_MLD_10,SENS_WLS_MLD_10,219.0,1.22,Red Alert - Inundated,88
2024-07-25 08:00:00,WLS_DHS_11,SENS_WLS_DHS_11,201.7,0.5,Red Alert - Inundated,94
2024-07-25 08:00:00,WLS_CHN_12,SENS_WLS_CHN_12,171.8,1.09,Red Alert - Inundated,99
2024-07-25 08:00:00,WLS_WRL_13,SENS_WLS_WRL_13,76.6,0.18,Red Alert - Inundated,99
2024-07-25 08:00:00,WLS_BYC_14,SENS_WLS_BYC_14,137.7,0.19,Red Alert - Inundated,91
2024-07-25 08:00:00,WLS_MNK_15,SENS_WLS_MNK_15,193.5,0.68,Red Alert - Inundated,89
2024-07-25 09:00:00,WLS_HND_01,SENS_WLS_HND_01,188.7,0.48,Red Alert - Inundated,90
2024-07-25 09:00:00,WLS_GND_02,SENS_WLS_GND_02,179.1,1.21,Red Alert - Inundated,90
2024-07-25 09:00:00,WLS_MLN_03,SENS_WLS_MLN_03,255.4,0.65,Red Alert - Inundated,94
2024-07-25 09:00:00,WLS_AND_04,SENS_WLS_AND_04,267.0,1.14,Red Alert - Inundated,90
2024-07-25 09:00:00,WLS_KHR_05,SENS_WLS_KHR_05,235.4,1.01,Red Alert - Inundated,96
2024-07-25 09:00:00,WLS_KRL_06,SENS_WLS_KRL_06,154.2,0.98,Red Alert - Inundated,95
2024-07-25 09:00:00,WLS_SIO_07,SENS_WLS_SIO_07,166.6,0.54,Red Alert - Inundated,89
2024-07-25 09:00:00,WLS_DDR_08,SENS_WLS_DDR_08,121.1,1.31,Red Alert - Inundated,88
2024-07-25 09:00:00,WLS_CHM_09,SENS_WLS_CHM_09,99.0,1.39,Red Alert - Inundated,91
2024-07-25 09:00:00,WLS_MLD_10,SENS_WLS_MLD_10,220.3,0.56,Red Alert - Inundated,93
2024-07-25 09:00:00,WLS_DHS_11,SENS_WLS_DHS_11,215.4,1.24,Red Alert - Inundated,93
2024-07-25 09:00:00,WLS_CHN_12,SENS_WLS_CHN_12,176.3,0.24,Red Alert - Inundated,92
2024-07-25 09:00:00,WLS_WRL_13,SENS_WLS_WRL_13,85.6,1.02,Red Alert - Inundated,99
2024-07-25 09:00:00,WLS_BYC_14,SENS_WLS_BYC_14,145.0,0.26,Red Alert - Inundated,89
2024-07-25 09:00:00,WLS_MNK_15,SENS_WLS_MNK_15,200.8,1.37,Red Alert - Inundated,89
2024-07-25 10:00:00,WLS_HND_01,SENS_WLS_HND_01,99.0,1.12,Red Alert - Inundated,99
2024-07-25 10:00:00,WLS_GND_02,SENS_WLS_GND_02,89.7,0.55,Red Alert - Inundated,99
2024-07-25 10:00:00,WLS_MLN_03,SENS_WLS_MLN_03,133.1,0.57,Red Alert - Inundated,88
2024-07-25 10:00:00,WLS_AND_04,SENS_WLS_AND_04,137.9,0.32,Red Alert - Inundated,92
2024-07-25 10:00:00,WLS_KHR_05,SENS_WLS_KHR_05,123.1,1.3,Red Alert - Inundated,99
2024-07-25 10:00:00,WLS_KRL_06,SENS_WLS_KRL_06,72.6,0.68,Red Alert - Inundated,96
2024-07-25 10:00:00,WLS_SIO_07,SENS_WLS_SIO_07,85.7,0.19,Red Alert - Inundated,91
2024-07-25 10:00:00,WLS_DDR_08,SENS_WLS_DDR_08,62.3,0.86,Red Alert - Inundated,88
2024-07-25 10:00:00,WLS_CHM_09,SENS_WLS_CHM_09,41.3,0.66,Amber Alert - Waterlogging,91
2024-07-25 10:00:00,WLS_MLD_10,SENS_WLS_MLD_10,114.8,0.91,Red Alert - Inundated,89
2024-07-25 10:00:00,WLS_DHS_11,SENS_WLS_DHS_11,106.1,1.05,Red Alert - Inundated,89
2024-07-25 10:00:00,WLS_CHN_12,SENS_WLS_CHN_12,86.2,1.15,Red Alert - Inundated,92
2024-07-25 10:00:00,WLS_WRL_13,SENS_WLS_WRL_13,41.4,1.19,Amber Alert - Waterlogging,88
2024-07-25 10:00:00,WLS_BYC_14,SENS_WLS_BYC_14,68.9,0.18,Red Alert - Inundated,89
2024-07-25 10:00:00,WLS_MNK_15,SENS_WLS_MNK_15,99.4,0.64,Red Alert - Inundated,88
2024-07-25 11:00:00,WLS_HND_01,SENS_WLS_HND_01,78.1,0.97,Red Alert - Inundated,94
2024-07-25 11:00:00,WLS_GND_02,SENS_WLS_GND_02,74.1,0.96,Red Alert - Inundated,90
2024-07-25 11:00:00,WLS_MLN_03,SENS_WLS_MLN_03,106.0,0.97,Red Alert - Inundated,88
2024-07-25 11:00:00,WLS_AND_04,SENS_WLS_AND_04,113.6,1.29,Red Alert - Inundated,97
2024-07-25 11:00:00,WLS_KHR_05,SENS_WLS_KHR_05,97.2,0.13,Red Alert - Inundated,89
2024-07-25 11:00:00,WLS_KRL_06,SENS_WLS_KRL_06,61.5,0.77,Red Alert - Inundated,95
2024-07-25 11:00:00,WLS_SIO_07,SENS_WLS_SIO_07,63.4,0.8,Red Alert - Inundated,89
2024-07-25 11:00:00,WLS_DDR_08,SENS_WLS_DDR_08,41.1,0.58,Amber Alert - Waterlogging,94
2024-07-25 11:00:00,WLS_CHM_09,SENS_WLS_CHM_09,31.1,0.69,Amber Alert - Waterlogging,92
2024-07-25 11:00:00,WLS_MLD_10,SENS_WLS_MLD_10,86.0,1.1,Red Alert - Inundated,100
2024-07-25 11:00:00,WLS_DHS_11,SENS_WLS_DHS_11,89.0,0.34,Red Alert - Inundated,91
2024-07-25 11:00:00,WLS_CHN_12,SENS_WLS_CHN_12,71.6,0.54,Red Alert - Inundated,99
2024-07-25 11:00:00,WLS_WRL_13,SENS_WLS_WRL_13,31.9,0.95,Amber Alert - Waterlogging,96
2024-07-25 11:00:00,WLS_BYC_14,SENS_WLS_BYC_14,52.9,0.66,Red Alert - Inundated,88
2024-07-25 11:00:00,WLS_MNK_15,SENS_WLS_MNK_15,81.0,0.75,Red Alert - Inundated,92
2024-07-25 12:00:00,WLS_HND_01,SENS_WLS_HND_01,150.0,0.9,Red Alert - Inundated,99
2024-07-25 12:00:00,WLS_GND_02,SENS_WLS_GND_02,135.6,0.29,Red Alert - Inundated,92
2024-07-25 12:00:00,WLS_MLN_03,SENS_WLS_MLN_03,203.2,1.01,Red Alert - Inundated,96
2024-07-25 12:00:00,WLS_AND_04,SENS_WLS_AND_04,209.4,1.24,Red Alert - Inundated,100
2024-07-25 12:00:00,WLS_KHR_05,SENS_WLS_KHR_05,187.7,0.9,Red Alert - Inundated,95
2024-07-25 12:00:00,WLS_KRL_06,SENS_WLS_KRL_06,115.1,1.19,Red Alert - Inundated,88
2024-07-25 12:00:00,WLS_SIO_07,SENS_WLS_SIO_07,131.4,1.04,Red Alert - Inundated,97
2024-07-25 12:00:00,WLS_DDR_08,SENS_WLS_DDR_08,93.5,0.13,Red Alert - Inundated,92
2024-07-25 12:00:00,WLS_CHM_09,SENS_WLS_CHM_09,74.0,0.74,Red Alert - Inundated,96
2024-07-25 12:00:00,WLS_MLD_10,SENS_WLS_MLD_10,174.4,0.19,Red Alert - Inundated,94
2024-07-25 12:00:00,WLS_DHS_11,SENS_WLS_DHS_11,163.6,0.28,Red Alert - Inundated,95
2024-07-25 12:00:00,WLS_CHN_12,SENS_WLS_CHN_12,136.0,0.72,Red Alert - Inundated,88
2024-07-25 12:00:00,WLS_WRL_13,SENS_WLS_WRL_13,64.1,0.87,Red Alert - Inundated,97
2024-07-25 12:00:00,WLS_BYC_14,SENS_WLS_BYC_14,108.1,0.47,Red Alert - Inundated,95
2024-07-25 12:00:00,WLS_MNK_15,SENS_WLS_MNK_15,152.2,0.75,Red Alert - Inundated,89
2024-07-25 13:00:00,WLS_HND_01,SENS_WLS_HND_01,97.9,1.28,Red Alert - Inundated,92
2024-07-25 13:00:00,WLS_GND_02,SENS_WLS_GND_02,91.3,1.14,Red Alert - Inundated,93
2024-07-25 13:00:00,WLS_MLN_03,SENS_WLS_MLN_03,129.0,0.98,Red Alert - Inundated,90
2024-07-25 13:00:00,WLS_AND_04,SENS_WLS_AND_04,134.0,1.29,Red Alert - Inundated,94
2024-07-25 13:00:00,WLS_KHR_05,SENS_WLS_KHR_05,120.8,1.34,Red Alert - Inundated,88
2024-07-25 13:00:00,WLS_KRL_06,SENS_WLS_KRL_06,73.5,0.52,Red Alert - Inundated,100
2024-07-25 13:00:00,WLS_SIO_07,SENS_WLS_SIO_07,80.8,0.78,Red Alert - Inundated,89
2024-07-25 13:00:00,WLS_DDR_08,SENS_WLS_DDR_08,54.7,0.24,Red Alert - Inundated,98
2024-07-25 13:00:00,WLS_CHM_09,SENS_WLS_CHM_09,45.4,0.94,Red Alert - Inundated,99
2024-07-25 13:00:00,WLS_MLD_10,SENS_WLS_MLD_10,109.1,0.18,Red Alert - Inundated,96
2024-07-25 13:00:00,WLS_DHS_11,SENS_WLS_DHS_11,105.2,0.8,Red Alert - Inundated,100
2024-07-25 13:00:00,WLS_CHN_12,SENS_WLS_CHN_12,88.1,0.97,Red Alert - Inundated,98
2024-07-25 13:00:00,WLS_WRL_13,SENS_WLS_WRL_13,35.9,0.35,Amber Alert - Waterlogging,88
2024-07-25 13:00:00,WLS_BYC_14,SENS_WLS_BYC_14,69.2,0.23,Red Alert - Inundated,98
2024-07-25 13:00:00,WLS_MNK_15,SENS_WLS_MNK_15,103.1,0.45,Red Alert - Inundated,97
2024-07-25 14:00:00,WLS_HND_01,SENS_WLS_HND_01,116.8,0.96,Red Alert - Inundated,96
2024-07-25 14:00:00,WLS_GND_02,SENS_WLS_GND_02,108.4,1.11,Red Alert - Inundated,91
2024-07-25 14:00:00,WLS_MLN_03,SENS_WLS_MLN_03,158.8,0.15,Red Alert - Inundated,88
2024-07-25 14:00:00,WLS_AND_04,SENS_WLS_AND_04,170.1,1.18,Red Alert - Inundated,90
2024-07-25 14:00:00,WLS_KHR_05,SENS_WLS_KHR_05,149.3,0.27,Red Alert - Inundated,98
2024-07-25 14:00:00,WLS_KRL_06,SENS_WLS_KRL_06,95.7,0.91,Red Alert - Inundated,99
2024-07-25 14:00:00,WLS_SIO_07,SENS_WLS_SIO_07,99.1,1.24,Red Alert - Inundated,95
2024-07-25 14:00:00,WLS_DDR_08,SENS_WLS_DDR_08,68.3,0.94,Red Alert - Inundated,97
2024-07-25 14:00:00,WLS_CHM_09,SENS_WLS_CHM_09,59.9,0.3,Red Alert - Inundated,92
2024-07-25 14:00:00,WLS_MLD_10,SENS_WLS_MLD_10,138.1,1.01,Red Alert - Inundated,98
2024-07-25 14:00:00,WLS_DHS_11,SENS_WLS_DHS_11,133.7,0.43,Red Alert - Inundated,95
2024-07-25 14:00:00,WLS_CHN_12,SENS_WLS_CHN_12,109.6,0.97,Red Alert - Inundated,91
2024-07-25 14:00:00,WLS_WRL_13,SENS_WLS_WRL_13,46.5,0.79,Red Alert - Inundated,89
2024-07-25 14:00:00,WLS_BYC_14,SENS_WLS_BYC_14,86.1,0.46,Red Alert - Inundated,92
2024-07-25 14:00:00,WLS_MNK_15,SENS_WLS_MNK_15,129.3,0.89,Red Alert - Inundated,94
2024-07-25 15:00:00,WLS_HND_01,SENS_WLS_HND_01,116.7,0.26,Red Alert - Inundated,88
2024-07-25 15:00:00,WLS_GND_02,SENS_WLS_GND_02,101.3,0.7,Red Alert - Inundated,88
2024-07-25 15:00:00,WLS_MLN_03,SENS_WLS_MLN_03,157.4,1.02,Red Alert - Inundated,90
2024-07-25 15:00:00,WLS_AND_04,SENS_WLS_AND_04,158.5,0.16,Red Alert - Inundated,99
2024-07-25 15:00:00,WLS_KHR_05,SENS_WLS_KHR_05,140.6,0.88,Red Alert - Inundated,92
2024-07-25 15:00:00,WLS_KRL_06,SENS_WLS_KRL_06,87.2,0.92,Red Alert - Inundated,89
2024-07-25 15:00:00,WLS_SIO_07,SENS_WLS_SIO_07,100.2,1.33,Red Alert - Inundated,98
2024-07-25 15:00:00,WLS_DDR_08,SENS_WLS_DDR_08,68.0,0.51,Red Alert - Inundated,91
2024-07-25 15:00:00,WLS_CHM_09,SENS_WLS_CHM_09,57.9,0.67,Red Alert - Inundated,99
2024-07-25 15:00:00,WLS_MLD_10,SENS_WLS_MLD_10,133.3,0.63,Red Alert - Inundated,93
2024-07-25 15:00:00,WLS_DHS_11,SENS_WLS_DHS_11,128.2,1.12,Red Alert - Inundated,98
2024-07-25 15:00:00,WLS_CHN_12,SENS_WLS_CHN_12,106.1,0.36,Red Alert - Inundated,96
2024-07-25 15:00:00,WLS_WRL_13,SENS_WLS_WRL_13,45.6,0.93,Red Alert - Inundated,95
2024-07-25 15:00:00,WLS_BYC_14,SENS_WLS_BYC_14,86.3,1.03,Red Alert - Inundated,90
2024-07-25 15:00:00,WLS_MNK_15,SENS_WLS_MNK_15,118.9,1.19,Red Alert - Inundated,99
2024-07-25 16:00:00,WLS_HND_01,SENS_WLS_HND_01,137.7,0.75,Red Alert - Inundated,90
2024-07-25 16:00:00,WLS_GND_02,SENS_WLS_GND_02,122.0,1.21,Red Alert - Inundated,91
2024-07-25 16:00:00,WLS_MLN_03,SENS_WLS_MLN_03,183.4,1.08,Red Alert - Inundated,93
2024-07-25 16:00:00,WLS_AND_04,SENS_WLS_AND_04,199.0,1.07,Red Alert - Inundated,90
2024-07-25 16:00:00,WLS_KHR_05,SENS_WLS_KHR_05,169.2,0.53,Red Alert - Inundated,100
2024-07-25 16:00:00,WLS_KRL_06,SENS_WLS_KRL_06,105.4,0.36,Red Alert - Inundated,94
2024-07-25 16:00:00,WLS_SIO_07,SENS_WLS_SIO_07,118.7,1.25,Red Alert - Inundated,100
2024-07-25 16:00:00,WLS_DDR_08,SENS_WLS_DDR_08,82.4,1.16,Red Alert - Inundated,100
2024-07-25 16:00:00,WLS_CHM_09,SENS_WLS_CHM_09,71.6,0.39,Red Alert - Inundated,98
2024-07-25 16:00:00,WLS_MLD_10,SENS_WLS_MLD_10,160.4,1.35,Red Alert - Inundated,92
2024-07-25 16:00:00,WLS_DHS_11,SENS_WLS_DHS_11,152.1,1.0,Red Alert - Inundated,98
2024-07-25 16:00:00,WLS_CHN_12,SENS_WLS_CHN_12,127.4,1.22,Red Alert - Inundated,89
2024-07-25 16:00:00,WLS_WRL_13,SENS_WLS_WRL_13,58.5,1.39,Red Alert - Inundated,89
2024-07-25 16:00:00,WLS_BYC_14,SENS_WLS_BYC_14,106.0,0.51,Red Alert - Inundated,94
2024-07-25 16:00:00,WLS_MNK_15,SENS_WLS_MNK_15,146.3,0.54,Red Alert - Inundated,100
2024-07-25 17:00:00,WLS_HND_01,SENS_WLS_HND_01,81.0,1.13,Red Alert - Inundated,100
2024-07-25 17:00:00,WLS_GND_02,SENS_WLS_GND_02,75.6,1.19,Red Alert - Inundated,94
2024-07-25 17:00:00,WLS_MLN_03,SENS_WLS_MLN_03,108.0,0.63,Red Alert - Inundated,91
2024-07-25 17:00:00,WLS_AND_04,SENS_WLS_AND_04,115.7,0.91,Red Alert - Inundated,88
2024-07-25 17:00:00,WLS_KHR_05,SENS_WLS_KHR_05,100.4,1.06,Red Alert - Inundated,96
2024-07-25 17:00:00,WLS_KRL_06,SENS_WLS_KRL_06,58.6,0.13,Red Alert - Inundated,98
2024-07-25 17:00:00,WLS_SIO_07,SENS_WLS_SIO_07,70.9,0.57,Red Alert - Inundated,99
2024-07-25 17:00:00,WLS_DDR_08,SENS_WLS_DDR_08,42.3,1.02,Amber Alert - Waterlogging,93
2024-07-25 17:00:00,WLS_CHM_09,SENS_WLS_CHM_09,33.4,1.07,Amber Alert - Waterlogging,88
2024-07-25 17:00:00,WLS_MLD_10,SENS_WLS_MLD_10,93.9,1.18,Red Alert - Inundated,97
2024-07-25 17:00:00,WLS_DHS_11,SENS_WLS_DHS_11,84.9,0.32,Red Alert - Inundated,93
2024-07-25 17:00:00,WLS_CHN_12,SENS_WLS_CHN_12,76.1,0.61,Red Alert - Inundated,95
2024-07-25 17:00:00,WLS_WRL_13,SENS_WLS_WRL_13,31.8,0.14,Amber Alert - Waterlogging,98
2024-07-25 17:00:00,WLS_BYC_14,SENS_WLS_BYC_14,61.4,0.14,Red Alert - Inundated,88
2024-07-25 17:00:00,WLS_MNK_15,SENS_WLS_MNK_15,84.0,0.27,Red Alert - Inundated,90
2024-07-25 18:00:00,WLS_HND_01,SENS_WLS_HND_01,120.4,0.15,Red Alert - Inundated,98
2024-07-25 18:00:00,WLS_GND_02,SENS_WLS_GND_02,112.3,1.32,Red Alert - Inundated,98
2024-07-25 18:00:00,WLS_MLN_03,SENS_WLS_MLN_03,164.8,0.81,Red Alert - Inundated,95
2024-07-25 18:00:00,WLS_AND_04,SENS_WLS_AND_04,170.2,0.48,Red Alert - Inundated,93
2024-07-25 18:00:00,WLS_KHR_05,SENS_WLS_KHR_05,144.1,0.62,Red Alert - Inundated,99
2024-07-25 18:00:00,WLS_KRL_06,SENS_WLS_KRL_06,98.0,0.38,Red Alert - Inundated,96
2024-07-25 18:00:00,WLS_SIO_07,SENS_WLS_SIO_07,107.0,0.89,Red Alert - Inundated,88
2024-07-25 18:00:00,WLS_DDR_08,SENS_WLS_DDR_08,67.6,0.37,Red Alert - Inundated,95
2024-07-25 18:00:00,WLS_CHM_09,SENS_WLS_CHM_09,56.3,0.48,Red Alert - Inundated,88
2024-07-25 18:00:00,WLS_MLD_10,SENS_WLS_MLD_10,141.7,0.7,Red Alert - Inundated,100
2024-07-25 18:00:00,WLS_DHS_11,SENS_WLS_DHS_11,131.8,0.84,Red Alert - Inundated,92
2024-07-25 18:00:00,WLS_CHN_12,SENS_WLS_CHN_12,106.5,0.58,Red Alert - Inundated,99
2024-07-25 18:00:00,WLS_WRL_13,SENS_WLS_WRL_13,49.5,0.1,Red Alert - Inundated,90
2024-07-25 18:00:00,WLS_BYC_14,SENS_WLS_BYC_14,83.4,0.54,Red Alert - Inundated,98
2024-07-25 18:00:00,WLS_MNK_15,SENS_WLS_MNK_15,129.0,0.26,Red Alert - Inundated,94
2024-07-25 19:00:00,WLS_HND_01,SENS_WLS_HND_01,157.7,0.14,Red Alert - Inundated,93
2024-07-25 19:00:00,WLS_GND_02,SENS_WLS_GND_02,147.3,0.23,Red Alert - Inundated,100
2024-07-25 19:00:00,WLS_MLN_03,SENS_WLS_MLN_03,221.0,1.3,Red Alert - Inundated,92
2024-07-25 19:00:00,WLS_AND_04,SENS_WLS_AND_04,233.7,1.16,Red Alert - Inundated,91
2024-07-25 19:00:00,WLS_KHR_05,SENS_WLS_KHR_05,199.8,0.45,Red Alert - Inundated,93
2024-07-25 19:00:00,WLS_KRL_06,SENS_WLS_KRL_06,134.9,0.41,Red Alert - Inundated,91
2024-07-25 19:00:00,WLS_SIO_07,SENS_WLS_SIO_07,142.8,1.38,Red Alert - Inundated,93
2024-07-25 19:00:00,WLS_DDR_08,SENS_WLS_DDR_08,97.2,0.16,Red Alert - Inundated,100
2024-07-25 19:00:00,WLS_CHM_09,SENS_WLS_CHM_09,78.3,1.12,Red Alert - Inundated,97
2024-07-25 19:00:00,WLS_MLD_10,SENS_WLS_MLD_10,195.8,0.36,Red Alert - Inundated,98
2024-07-25 19:00:00,WLS_DHS_11,SENS_WLS_DHS_11,183.4,0.49,Red Alert - Inundated,93
2024-07-25 19:00:00,WLS_CHN_12,SENS_WLS_CHN_12,151.2,0.83,Red Alert - Inundated,90
2024-07-25 19:00:00,WLS_WRL_13,SENS_WLS_WRL_13,71.9,1.0,Red Alert - Inundated,99
2024-07-25 19:00:00,WLS_BYC_14,SENS_WLS_BYC_14,126.4,1.1,Red Alert - Inundated,91
2024-07-25 19:00:00,WLS_MNK_15,SENS_WLS_MNK_15,176.9,0.67,Red Alert - Inundated,100
2024-07-25 20:00:00,WLS_HND_01,SENS_WLS_HND_01,180.8,0.57,Red Alert - Inundated,91
2024-07-25 20:00:00,WLS_GND_02,SENS_WLS_GND_02,170.8,0.54,Red Alert - Inundated,92
2024-07-25 20:00:00,WLS_MLN_03,SENS_WLS_MLN_03,247.9,1.05,Red Alert - Inundated,95
2024-07-25 20:00:00,WLS_AND_04,SENS_WLS_AND_04,263.4,0.4,Red Alert - Inundated,89
2024-07-25 20:00:00,WLS_KHR_05,SENS_WLS_KHR_05,232.2,0.31,Red Alert - Inundated,94
2024-07-25 20:00:00,WLS_KRL_06,SENS_WLS_KRL_06,146.9,1.15,Red Alert - Inundated,100
2024-07-25 20:00:00,WLS_SIO_07,SENS_WLS_SIO_07,159.4,1.18,Red Alert - Inundated,89
2024-07-25 20:00:00,WLS_DDR_08,SENS_WLS_DDR_08,110.5,0.86,Red Alert - Inundated,95
2024-07-25 20:00:00,WLS_CHM_09,SENS_WLS_CHM_09,92.9,0.19,Red Alert - Inundated,97
2024-07-25 20:00:00,WLS_MLD_10,SENS_WLS_MLD_10,218.3,0.24,Red Alert - Inundated,91
2024-07-25 20:00:00,WLS_DHS_11,SENS_WLS_DHS_11,200.8,0.51,Red Alert - Inundated,95
2024-07-25 20:00:00,WLS_CHN_12,SENS_WLS_CHN_12,168.0,0.63,Red Alert - Inundated,93
2024-07-25 20:00:00,WLS_WRL_13,SENS_WLS_WRL_13,79.1,1.34,Red Alert - Inundated,92
2024-07-25 20:00:00,WLS_BYC_14,SENS_WLS_BYC_14,134.1,0.61,Red Alert - Inundated,100
2024-07-25 20:00:00,WLS_MNK_15,SENS_WLS_MNK_15,191.7,0.32,Red Alert - Inundated,94
2024-07-25 21:00:00,WLS_HND_01,SENS_WLS_HND_01,97.3,0.78,Red Alert - Inundated,96
2024-07-25 21:00:00,WLS_GND_02,SENS_WLS_GND_02,88.3,0.45,Red Alert - Inundated,89
2024-07-25 21:00:00,WLS_MLN_03,SENS_WLS_MLN_03,128.3,0.65,Red Alert - Inundated,97
2024-07-25 21:00:00,WLS_AND_04,SENS_WLS_AND_04,134.1,1.04,Red Alert - Inundated,95
2024-07-25 21:00:00,WLS_KHR_05,SENS_WLS_KHR_05,118.8,0.87,Red Alert - Inundated,95
2024-07-25 21:00:00,WLS_KRL_06,SENS_WLS_KRL_06,75.4,1.11,Red Alert - Inundated,91
2024-07-25 21:00:00,WLS_SIO_07,SENS_WLS_SIO_07,80.3,1.15,Red Alert - Inundated,91
2024-07-25 21:00:00,WLS_DDR_08,SENS_WLS_DDR_08,58.0,1.09,Red Alert - Inundated,89
2024-07-25 21:00:00,WLS_CHM_09,SENS_WLS_CHM_09,39.6,1.16,Amber Alert - Waterlogging,96
2024-07-25 21:00:00,WLS_MLD_10,SENS_WLS_MLD_10,111.0,0.89,Red Alert - Inundated,95
2024-07-25 21:00:00,WLS_DHS_11,SENS_WLS_DHS_11,108.3,0.93,Red Alert - Inundated,89
2024-07-25 21:00:00,WLS_CHN_12,SENS_WLS_CHN_12,89.1,1.01,Red Alert - Inundated,99
2024-07-25 21:00:00,WLS_WRL_13,SENS_WLS_WRL_13,40.6,0.69,Amber Alert - Waterlogging,88
2024-07-25 21:00:00,WLS_BYC_14,SENS_WLS_BYC_14,66.6,0.33,Red Alert - Inundated,88
2024-07-25 21:00:00,WLS_MNK_15,SENS_WLS_MNK_15,100.7,1.15,Red Alert - Inundated,93
2024-07-25 22:00:00,WLS_HND_01,SENS_WLS_HND_01,87.0,0.24,Red Alert - Inundated,91
2024-07-25 22:00:00,WLS_GND_02,SENS_WLS_GND_02,81.6,0.96,Red Alert - Inundated,90
2024-07-25 22:00:00,WLS_MLN_03,SENS_WLS_MLN_03,114.7,1.15,Red Alert - Inundated,96
2024-07-25 22:00:00,WLS_AND_04,SENS_WLS_AND_04,125.5,1.25,Red Alert - Inundated,97
2024-07-25 22:00:00,WLS_KHR_05,SENS_WLS_KHR_05,107.9,1.27,Red Alert - Inundated,88
2024-07-25 22:00:00,WLS_KRL_06,SENS_WLS_KRL_06,68.0,0.75,Red Alert - Inundated,90
2024-07-25 22:00:00,WLS_SIO_07,SENS_WLS_SIO_07,74.6,1.37,Red Alert - Inundated,99
2024-07-25 22:00:00,WLS_DDR_08,SENS_WLS_DDR_08,51.2,0.65,Red Alert - Inundated,98
2024-07-25 22:00:00,WLS_CHM_09,SENS_WLS_CHM_09,41.6,1.05,Amber Alert - Waterlogging,99
2024-07-25 22:00:00,WLS_MLD_10,SENS_WLS_MLD_10,99.0,1.04,Red Alert - Inundated,88
2024-07-25 22:00:00,WLS_DHS_11,SENS_WLS_DHS_11,96.3,0.7,Red Alert - Inundated,91
2024-07-25 22:00:00,WLS_CHN_12,SENS_WLS_CHN_12,82.8,0.38,Red Alert - Inundated,91
2024-07-25 22:00:00,WLS_WRL_13,SENS_WLS_WRL_13,37.3,0.31,Amber Alert - Waterlogging,94
2024-07-25 22:00:00,WLS_BYC_14,SENS_WLS_BYC_14,64.3,0.32,Red Alert - Inundated,90
2024-07-25 22:00:00,WLS_MNK_15,SENS_WLS_MNK_15,92.0,1.28,Red Alert - Inundated,97
2024-07-25 23:00:00,WLS_HND_01,SENS_WLS_HND_01,134.3,1.19,Red Alert - Inundated,96
2024-07-25 23:00:00,WLS_GND_02,SENS_WLS_GND_02,124.2,0.7,Red Alert - Inundated,94
2024-07-25 23:00:00,WLS_MLN_03,SENS_WLS_MLN_03,186.3,1.1,Red Alert - Inundated,95
2024-07-25 23:00:00,WLS_AND_04,SENS_WLS_AND_04,192.9,0.58,Red Alert - Inundated,97
2024-07-25 23:00:00,WLS_KHR_05,SENS_WLS_KHR_05,169.8,1.24,Red Alert - Inundated,89
2024-07-25 23:00:00,WLS_KRL_06,SENS_WLS_KRL_06,104.1,0.36,Red Alert - Inundated,97
2024-07-25 23:00:00,WLS_SIO_07,SENS_WLS_SIO_07,112.3,0.38,Red Alert - Inundated,91
2024-07-25 23:00:00,WLS_DDR_08,SENS_WLS_DDR_08,77.6,0.16,Red Alert - Inundated,92
2024-07-25 23:00:00,WLS_CHM_09,SENS_WLS_CHM_09,60.7,0.86,Red Alert - Inundated,89
2024-07-25 23:00:00,WLS_MLD_10,SENS_WLS_MLD_10,154.3,0.78,Red Alert - Inundated,96
2024-07-25 23:00:00,WLS_DHS_11,SENS_WLS_DHS_11,151.3,1.11,Red Alert - Inundated,97
2024-07-25 23:00:00,WLS_CHN_12,SENS_WLS_CHN_12,128.2,0.57,Red Alert - Inundated,94
2024-07-25 23:00:00,WLS_WRL_13,SENS_WLS_WRL_13,54.4,0.22,Red Alert - Inundated,98
2024-07-25 23:00:00,WLS_BYC_14,SENS_WLS_BYC_14,101.8,1.05,Red Alert - Inundated,93
2024-07-25 23:00:00,WLS_MNK_15,SENS_WLS_MNK_15,142.0,0.52,Red Alert - Inundated,91
2024-07-26 00:00:00,WLS_HND_01,SENS_WLS_HND_01,0.0,0.0,Green - Normal,94
2024-07-26 00:00:00,WLS_GND_02,SENS_WLS_GND_02,0.0,0.0,Green - Normal,99
2024-07-26 00:00:00,WLS_MLN_03,SENS_WLS_MLN_03,0.0,0.0,Green - Normal,95
2024-07-26 00:00:00,WLS_AND_04,SENS_WLS_AND_04,0.0,0.0,Green - Normal,97
2024-07-26 00:00:00,WLS_KHR_05,SENS_WLS_KHR_05,0.0,0.0,Green - Normal,98
2024-07-26 00:00:00,WLS_KRL_06,SENS_WLS_KRL_06,0.0,0.0,Green - Normal,89
2024-07-26 00:00:00,WLS_SIO_07,SENS_WLS_SIO_07,0.0,0.0,Green - Normal,93
2024-07-26 00:00:00,WLS_DDR_08,SENS_WLS_DDR_08,0.0,0.0,Green - Normal,97
2024-07-26 00:00:00,WLS_CHM_09,SENS_WLS_CHM_09,0.0,0.0,Green - Normal,91
2024-07-26 00:00:00,WLS_MLD_10,SENS_WLS_MLD_10,0.0,0.0,Green - Normal,95
2024-07-26 00:00:00,WLS_DHS_11,SENS_WLS_DHS_11,0.0,0.0,Green - Normal,89
2024-07-26 00:00:00,WLS_CHN_12,SENS_WLS_CHN_12,0.0,0.0,Green - Normal,96
2024-07-26 00:00:00,WLS_WRL_13,SENS_WLS_WRL_13,0.0,0.0,Green - Normal,97
2024-07-26 00:00:00,WLS_BYC_14,SENS_WLS_BYC_14,0.0,0.0,Green - Normal,95
2024-07-26 00:00:00,WLS_MNK_15,SENS_WLS_MNK_15,0.0,0.0,Green - Normal,93
2024-07-26 01:00:00,WLS_HND_01,SENS_WLS_HND_01,0.0,0.0,Green - Normal,92
2024-07-26 01:00:00,WLS_GND_02,SENS_WLS_GND_02,0.0,0.0,Green - Normal,99
2024-07-26 01:00:00,WLS_MLN_03,SENS_WLS_MLN_03,0.0,0.0,Green - Normal,93
2024-07-26 01:00:00,WLS_AND_04,SENS_WLS_AND_04,0.0,0.0,Green - Normal,100
2024-07-26 01:00:00,WLS_KHR_05,SENS_WLS_KHR_05,0.0,0.0,Green - Normal,95
2024-07-26 01:00:00,WLS_KRL_06,SENS_WLS_KRL_06,0.0,0.0,Green - Normal,98
2024-07-26 01:00:00,WLS_SIO_07,SENS_WLS_SIO_07,0.0,0.0,Green - Normal,95
2024-07-26 01:00:00,WLS_DDR_08,SENS_WLS_DDR_08,0.0,0.0,Green - Normal,98
2024-07-26 01:00:00,WLS_CHM_09,SENS_WLS_CHM_09,0.0,0.0,Green - Normal,90
2024-07-26 01:00:00,WLS_MLD_10,SENS_WLS_MLD_10,0.0,0.0,Green - Normal,95
2024-07-26 01:00:00,WLS_DHS_11,SENS_WLS_DHS_11,0.0,0.0,Green - Normal,99
2024-07-26 01:00:00,WLS_CHN_12,SENS_WLS_CHN_12,0.0,0.0,Green - Normal,96
2024-07-26 01:00:00,WLS_WRL_13,SENS_WLS_WRL_13,0.0,0.0,Green - Normal,93
2024-07-26 01:00:00,WLS_BYC_14,SENS_WLS_BYC_14,0.0,0.0,Green - Normal,94
2024-07-26 01:00:00,WLS_MNK_15,SENS_WLS_MNK_15,0.0,0.0,Green - Normal,90
2024-07-26 02:00:00,WLS_HND_01,SENS_WLS_HND_01,0.0,0.0,Green - Normal,100
2024-07-26 02:00:00,WLS_GND_02,SENS_WLS_GND_02,0.0,0.0,Green - Normal,89
2024-07-26 02:00:00,WLS_MLN_03,SENS_WLS_MLN_03,0.0,0.0,Green - Normal,98
2024-07-26 02:00:00,WLS_AND_04,SENS_WLS_AND_04,0.0,0.0,Green - Normal,98
2024-07-26 02:00:00,WLS_KHR_05,SENS_WLS_KHR_05,0.0,0.0,Green - Normal,88
2024-07-26 02:00:00,WLS_KRL_06,SENS_WLS_KRL_06,0.0,0.0,Green - Normal,100
2024-07-26 02:00:00,WLS_SIO_07,SENS_WLS_SIO_07,0.0,0.0,Green - Normal,95
2024-07-26 02:00:00,WLS_DDR_08,SENS_WLS_DDR_08,0.0,0.0,Green - Normal,99
2024-07-26 02:00:00,WLS_CHM_09,SENS_WLS_CHM_09,0.0,0.0,Green - Normal,95
2024-07-26 02:00:00,WLS_MLD_10,SENS_WLS_MLD_10,0.0,0.0,Green - Normal,89
2024-07-26 02:00:00,WLS_DHS_11,SENS_WLS_DHS_11,0.0,0.0,Green - Normal,98
2024-07-26 02:00:00,WLS_CHN_12,SENS_WLS_CHN_12,0.0,0.0,Green - Normal,94
2024-07-26 02:00:00,WLS_WRL_13,SENS_WLS_WRL_13,0.0,0.0,Green - Normal,91
2024-07-26 02:00:00,WLS_BYC_14,SENS_WLS_BYC_14,0.0,0.0,Green - Normal,99
2024-07-26 02:00:00,WLS_MNK_15,SENS_WLS_MNK_15,0.0,0.0,Green - Normal,91
2024-07-26 03:00:00,WLS_HND_01,SENS_WLS_HND_01,0.0,0.0,Green - Normal,88
2024-07-26 03:00:00,WLS_GND_02,SENS_WLS_GND_02,0.0,0.0,Green - Normal,97
2024-07-26 03:00:00,WLS_MLN_03,SENS_WLS_MLN_03,0.0,0.0,Green - Normal,93
2024-07-26 03:00:00,WLS_AND_04,SENS_WLS_AND_04,0.0,0.0,Green - Normal,97
2024-07-26 03:00:00,WLS_KHR_05,SENS_WLS_KHR_05,0.0,0.0,Green - Normal,95
2024-07-26 03:00:00,WLS_KRL_06,SENS_WLS_KRL_06,0.0,0.0,Green - Normal,94
2024-07-26 03:00:00,WLS_SIO_07,SENS_WLS_SIO_07,0.0,0.0,Green - Normal,98
2024-07-26 03:00:00,WLS_DDR_08,SENS_WLS_DDR_08,0.0,0.0,Green - Normal,88
2024-07-26 03:00:00,WLS_CHM_09,SENS_WLS_CHM_09,0.0,0.0,Green - Normal,88
2024-07-26 03:00:00,WLS_MLD_10,SENS_WLS_MLD_10,0.0,0.0,Green - Normal,95
2024-07-26 03:00:00,WLS_DHS_11,SENS_WLS_DHS_11,0.0,0.0,Green - Normal,99
2024-07-26 03:00:00,WLS_CHN_12,SENS_WLS_CHN_12,0.0,0.0,Green - Normal,91
2024-07-26 03:00:00,WLS_WRL_13,SENS_WLS_WRL_13,0.0,0.0,Green - Normal,93
2024-07-26 03:00:00,WLS_BYC_14,SENS_WLS_BYC_14,0.0,0.0,Green - Normal,93
2024-07-26 03:00:00,WLS_MNK_15,SENS_WLS_MNK_15,0.0,0.0,Green - Normal,96
2024-07-26 04:00:00,WLS_HND_01,SENS_WLS_HND_01,0.0,0.0,Green - Normal,89
2024-07-26 04:00:00,WLS_GND_02,SENS_WLS_GND_02,0.0,0.0,Green - Normal,88
2024-07-26 04:00:00,WLS_MLN_03,SENS_WLS_MLN_03,0.0,0.0,Green - Normal,97
2024-07-26 04:00:00,WLS_AND_04,SENS_WLS_AND_04,0.0,0.0,Green - Normal,90
2024-07-26 04:00:00,WLS_KHR_05,SENS_WLS_KHR_05,0.0,0.0,Green - Normal,91
2024-07-26 04:00:00,WLS_KRL_06,SENS_WLS_KRL_06,0.0,0.0,Green - Normal,93
2024-07-26 04:00:00,WLS_SIO_07,SENS_WLS_SIO_07,0.0,0.0,Green - Normal,89
2024-07-26 04:00:00,WLS_DDR_08,SENS_WLS_DDR_08,0.0,0.0,Green - Normal,89
2024-07-26 04:00:00,WLS_CHM_09,SENS_WLS_CHM_09,0.0,0.0,Green - Normal,91
2024-07-26 04:00:00,WLS_MLD_10,SENS_WLS_MLD_10,0.0,0.0,Green - Normal,97
2024-07-26 04:00:00,WLS_DHS_11,SENS_WLS_DHS_11,0.0,0.0,Green - Normal,94
2024-07-26 04:00:00,WLS_CHN_12,SENS_WLS_CHN_12,0.0,0.0,Green - Normal,90
2024-07-26 04:00:00,WLS_WRL_13,SENS_WLS_WRL_13,0.0,0.0,Green - Normal,98
2024-07-26 04:00:00,WLS_BYC_14,SENS_WLS_BYC_14,0.0,0.0,Green - Normal,93
2024-07-26 04:00:00,WLS_MNK_15,SENS_WLS_MNK_15,0.0,0.0,Green - Normal,92
2024-07-26 05:00:00,WLS_HND_01,SENS_WLS_HND_01,0.0,0.0,Green - Normal,96
2024-07-26 05:00:00,WLS_GND_02,SENS_WLS_GND_02,0.0,0.0,Green - Normal,96
2024-07-26 05:00:00,WLS_MLN_03,SENS_WLS_MLN_03,0.0,0.0,Green - Normal,91
2024-07-26 05:00:00,WLS_AND_04,SENS_WLS_AND_04,0.0,0.0,Green - Normal,91
2024-07-26 05:00:00,WLS_KHR_05,SENS_WLS_KHR_05,0.0,0.0,Green - Normal,93
2024-07-26 05:00:00,WLS_KRL_06,SENS_WLS_KRL_06,0.0,0.0,Green - Normal,88
2024-07-26 05:00:00,WLS_SIO_07,SENS_WLS_SIO_07,0.0,0.0,Green - Normal,98
2024-07-26 05:00:00,WLS_DDR_08,SENS_WLS_DDR_08,0.0,0.0,Green - Normal,90
2024-07-26 05:00:00,WLS_CHM_09,SENS_WLS_CHM_09,0.0,0.0,Green - Normal,99
2024-07-26 05:00:00,WLS_MLD_10,SENS_WLS_MLD_10,0.0,0.0,Green - Normal,99
2024-07-26 05:00:00,WLS_DHS_11,SENS_WLS_DHS_11,0.0,0.0,Green - Normal,92
2024-07-26 05:00:00,WLS_CHN_12,SENS_WLS_CHN_12,0.0,0.0,Green - Normal,90
2024-07-26 05:00:00,WLS_WRL_13,SENS_WLS_WRL_13,0.0,0.0,Green - Normal,99
2024-07-26 05:00:00,WLS_BYC_14,SENS_WLS_BYC_14,0.0,0.0,Green - Normal,95
2024-07-26 05:00:00,WLS_MNK_15,SENS_WLS_MNK_15,0.0,0.0,Green - Normal,94
2024-07-26 06:00:00,WLS_HND_01,SENS_WLS_HND_01,0.0,0.0,Green - Normal,97
2024-07-26 06:00:00,WLS_GND_02,SENS_WLS_GND_02,0.0,0.0,Green - Normal,100
2024-07-26 06:00:00,WLS_MLN_03,SENS_WLS_MLN_03,0.0,0.0,Green - Normal,97
2024-07-26 06:00:00,WLS_AND_04,SENS_WLS_AND_04,0.0,0.0,Green - Normal,89
2024-07-26 06:00:00,WLS_KHR_05,SENS_WLS_KHR_05,0.0,0.0,Green - Normal,94
2024-07-26 06:00:00,WLS_KRL_06,SENS_WLS_KRL_06,0.0,0.0,Green - Normal,95
2024-07-26 06:00:00,WLS_SIO_07,SENS_WLS_SIO_07,0.0,0.0,Green - Normal,99
2024-07-26 06:00:00,WLS_DDR_08,SENS_WLS_DDR_08,0.0,0.0,Green - Normal,90
2024-07-26 06:00:00,WLS_CHM_09,SENS_WLS_CHM_09,0.0,0.0,Green - Normal,99
2024-07-26 06:00:00,WLS_MLD_10,SENS_WLS_MLD_10,0.0,0.0,Green - Normal,90
2024-07-26 06:00:00,WLS_DHS_11,SENS_WLS_DHS_11,0.0,0.0,Green - Normal,88
2024-07-26 06:00:00,WLS_CHN_12,SENS_WLS_CHN_12,0.0,0.0,Green - Normal,98
2024-07-26 06:00:00,WLS_WRL_13,SENS_WLS_WRL_13,0.0,0.0,Green - Normal,89
2024-07-26 06:00:00,WLS_BYC_14,SENS_WLS_BYC_14,0.0,0.0,Green - Normal,100
2024-07-26 06:00:00,WLS_MNK_15,SENS_WLS_MNK_15,0.0,0.0,Green - Normal,95
2024-07-26 07:00:00,WLS_HND_01,SENS_WLS_HND_01,0.0,0.0,Green - Normal,88
2024-07-26 07:00:00,WLS_GND_02,SENS_WLS_GND_02,0.0,0.0,Green - Normal,99
2024-07-26 07:00:00,WLS_MLN_03,SENS_WLS_MLN_03,0.0,0.0,Green - Normal,88
2024-07-26 07:00:00,WLS_AND_04,SENS_WLS_AND_04,0.0,0.0,Green - Normal,96
2024-07-26 07:00:00,WLS_KHR_05,SENS_WLS_KHR_05,0.0,0.0,Green - Normal,100
2024-07-26 07:00:00,WLS_KRL_06,SENS_WLS_KRL_06,0.0,0.0,Green - Normal,96
2024-07-26 07:00:00,WLS_SIO_07,SENS_WLS_SIO_07,0.0,0.0,Green - Normal,94
2024-07-26 07:00:00,WLS_DDR_08,SENS_WLS_DDR_08,0.0,0.0,Green - Normal,100
2024-07-26 07:00:00,WLS_CHM_09,SENS_WLS_CHM_09,0.0,0.0,Green - Normal,89
2024-07-26 07:00:00,WLS_MLD_10,SENS_WLS_MLD_10,0.0,0.0,Green - Normal,96
2024-07-26 07:00:00,WLS_DHS_11,SENS_WLS_DHS_11,0.0,0.0,Green - Normal,99
2024-07-26 07:00:00,WLS_CHN_12,SENS_WLS_CHN_12,0.0,0.0,Green - Normal,97
2024-07-26 07:00:00,WLS_WRL_13,SENS_WLS_WRL_13,0.0,0.0,Green - Normal,89
2024-07-26 07:00:00,WLS_BYC_14,SENS_WLS_BYC_14,0.0,0.0,Green - Normal,96
2024-07-26 07:00:00,WLS_MNK_15,SENS_WLS_MNK_15,0.0,0.0,Green - Normal,95
2024-07-26 08:00:00,WLS_HND_01,SENS_WLS_HND_01,0.0,0.0,Green - Normal,98
2024-07-26 08:00:00,WLS_GND_02,SENS_WLS_GND_02,0.0,0.0,Green - Normal,99
2024-07-26 08:00:00,WLS_MLN_03,SENS_WLS_MLN_03,0.0,0.0,Green - Normal,96
2024-07-26 08:00:00,WLS_AND_04,SENS_WLS_AND_04,0.0,0.0,Green - Normal,89
2024-07-26 08:00:00,WLS_KHR_05,SENS_WLS_KHR_05,0.0,0.0,Green - Normal,88
2024-07-26 08:00:00,WLS_KRL_06,SENS_WLS_KRL_06,0.0,0.0,Green - Normal,91
2024-07-26 08:00:00,WLS_SIO_07,SENS_WLS_SIO_07,0.0,0.0,Green - Normal,96
2024-07-26 08:00:00,WLS_DDR_08,SENS_WLS_DDR_08,0.0,0.0,Green - Normal,98
2024-07-26 08:00:00,WLS_CHM_09,SENS_WLS_CHM_09,0.0,0.0,Green - Normal,90
2024-07-26 08:00:00,WLS_MLD_10,SENS_WLS_MLD_10,0.0,0.0,Green - Normal,92
2024-07-26 08:00:00,WLS_DHS_11,SENS_WLS_DHS_11,0.0,0.0,Green - Normal,97
2024-07-26 08:00:00,WLS_CHN_12,SENS_WLS_CHN_12,0.0,0.0,Green - Normal,92
2024-07-26 08:00:00,WLS_WRL_13,SENS_WLS_WRL_13,0.0,0.0,Green - Normal,96
2024-07-26 08:00:00,WLS_BYC_14,SENS_WLS_BYC_14,0.0,0.0,Green - Normal,91
2024-07-26 08:00:00,WLS_MNK_15,SENS_WLS_MNK_15,0.0,0.0,Green - Normal,91
2024-07-26 09:00:00,WLS_HND_01,SENS_WLS_HND_01,0.0,0.0,Green - Normal,95
2024-07-26 09:00:00,WLS_GND_02,SENS_WLS_GND_02,0.0,0.0,Green - Normal,90
2024-07-26 09:00:00,WLS_MLN_03,SENS_WLS_MLN_03,0.0,0.0,Green - Normal,98
2024-07-26 09:00:00,WLS_AND_04,SENS_WLS_AND_04,0.0,0.0,Green - Normal,95
2024-07-26 09:00:00,WLS_KHR_05,SENS_WLS_KHR_05,0.0,0.0,Green - Normal,93
2024-07-26 09:00:00,WLS_KRL_06,SENS_WLS_KRL_06,0.0,0.0,Green - Normal,99
2024-07-26 09:00:00,WLS_SIO_07,SENS_WLS_SIO_07,0.0,0.0,Green - Normal,88
2024-07-26 09:00:00,WLS_DDR_08,SENS_WLS_DDR_08,0.0,0.0,Green - Normal,88
2024-07-26 09:00:00,WLS_CHM_09,SENS_WLS_CHM_09,0.0,0.0,Green - Normal,88
2024-07-26 09:00:00,WLS_MLD_10,SENS_WLS_MLD_10,0.0,0.0,Green - Normal,99
2024-07-26 09:00:00,WLS_DHS_11,SENS_WLS_DHS_11,0.0,0.0,Green - Normal,92
2024-07-26 09:00:00,WLS_CHN_12,SENS_WLS_CHN_12,0.0,0.0,Green - Normal,99
2024-07-26 09:00:00,WLS_WRL_13,SENS_WLS_WRL_13,0.0,0.0,Green - Normal,99
2024-07-26 09:00:00,WLS_BYC_14,SENS_WLS_BYC_14,0.0,0.0,Green - Normal,88
2024-07-26 09:00:00,WLS_MNK_15,SENS_WLS_MNK_15,0.0,0.0,Green - Normal,88
2024-07-26 10:00:00,WLS_HND_01,SENS_WLS_HND_01,0.0,0.0,Green - Normal,92
2024-07-26 10:00:00,WLS_GND_02,SENS_WLS_GND_02,0.0,0.0,Green - Normal,90
2024-07-26 10:00:00,WLS_MLN_03,SENS_WLS_MLN_03,0.0,0.0,Green - Normal,91
2024-07-26 10:00:00,WLS_AND_04,SENS_WLS_AND_04,0.0,0.0,Green - Normal,91
2024-07-26 10:00:00,WLS_KHR_05,SENS_WLS_KHR_05,0.0,0.0,Green - Normal,95
2024-07-26 10:00:00,WLS_KRL_06,SENS_WLS_KRL_06,0.0,0.0,Green - Normal,90
2024-07-26 10:00:00,WLS_SIO_07,SENS_WLS_SIO_07,0.0,0.0,Green - Normal,96
2024-07-26 10:00:00,WLS_DDR_08,SENS_WLS_DDR_08,0.0,0.0,Green - Normal,94
2024-07-26 10:00:00,WLS_CHM_09,SENS_WLS_CHM_09,0.0,0.0,Green - Normal,98
2024-07-26 10:00:00,WLS_MLD_10,SENS_WLS_MLD_10,0.0,0.0,Green - Normal,94
2024-07-26 10:00:00,WLS_DHS_11,SENS_WLS_DHS_11,0.0,0.0,Green - Normal,93
2024-07-26 10:00:00,WLS_CHN_12,SENS_WLS_CHN_12,0.0,0.0,Green - Normal,92
2024-07-26 10:00:00,WLS_WRL_13,SENS_WLS_WRL_13,0.0,0.0,Green - Normal,94
2024-07-26 10:00:00,WLS_BYC_14,SENS_WLS_BYC_14,0.0,0.0,Green - Normal,100
2024-07-26 10:00:00,WLS_MNK_15,SENS_WLS_MNK_15,0.0,0.0,Green - Normal,99
2024-07-26 11:00:00,WLS_HND_01,SENS_WLS_HND_01,0.0,0.0,Green - Normal,98
2024-07-26 11:00:00,WLS_GND_02,SENS_WLS_GND_02,0.0,0.0,Green - Normal,92
2024-07-26 11:00:00,WLS_MLN_03,SENS_WLS_MLN_03,0.0,0.0,Green - Normal,91
2024-07-26 11:00:00,WLS_AND_04,SENS_WLS_AND_04,0.0,0.0,Green - Normal,98
2024-07-26 11:00:00,WLS_KHR_05,SENS_WLS_KHR_05,0.0,0.0,Green - Normal,94
2024-07-26 11:00:00,WLS_KRL_06,SENS_WLS_KRL_06,0.0,0.0,Green - Normal,91
2024-07-26 11:00:00,WLS_SIO_07,SENS_WLS_SIO_07,0.0,0.0,Green - Normal,91
2024-07-26 11:00:00,WLS_DDR_08,SENS_WLS_DDR_08,0.0,0.0,Green - Normal,93
2024-07-26 11:00:00,WLS_CHM_09,SENS_WLS_CHM_09,0.0,0.0,Green - Normal,89
2024-07-26 11:00:00,WLS_MLD_10,SENS_WLS_MLD_10,0.0,0.0,Green - Normal,97
2024-07-26 11:00:00,WLS_DHS_11,SENS_WLS_DHS_11,0.0,0.0,Green - Normal,93
2024-07-26 11:00:00,WLS_CHN_12,SENS_WLS_CHN_12,0.0,0.0,Green - Normal,100
2024-07-26 11:00:00,WLS_WRL_13,SENS_WLS_WRL_13,0.0,0.0,Green - Normal,93
2024-07-26 11:00:00,WLS_BYC_14,SENS_WLS_BYC_14,0.0,0.0,Green - Normal,89
2024-07-26 11:00:00,WLS_MNK_15,SENS_WLS_MNK_15,0.0,0.0,Green - Normal,90
2024-07-26 12:00:00,WLS_HND_01,SENS_WLS_HND_01,0.0,0.0,Green - Normal,96
2024-07-26 12:00:00,WLS_GND_02,SENS_WLS_GND_02,0.0,0.0,Green - Normal,94
2024-07-26 12:00:00,WLS_MLN_03,SENS_WLS_MLN_03,0.0,0.0,Green - Normal,94
2024-07-26 12:00:00,WLS_AND_04,SENS_WLS_AND_04,0.0,0.0,Green - Normal,91
2024-07-26 12:00:00,WLS_KHR_05,SENS_WLS_KHR_05,0.0,0.0,Green - Normal,94
2024-07-26 12:00:00,WLS_KRL_06,SENS_WLS_KRL_06,0.0,0.0,Green - Normal,89
2024-07-26 12:00:00,WLS_SIO_07,SENS_WLS_SIO_07,0.0,0.0,Green - Normal,94
2024-07-26 12:00:00,WLS_DDR_08,SENS_WLS_DDR_08,0.0,0.0,Green - Normal,95
2024-07-26 12:00:00,WLS_CHM_09,SENS_WLS_CHM_09,0.0,0.0,Green - Normal,90
2024-07-26 12:00:00,WLS_MLD_10,SENS_WLS_MLD_10,0.0,0.0,Green - Normal,100
2024-07-26 12:00:00,WLS_DHS_11,SENS_WLS_DHS_11,0.0,0.0,Green - Normal,92
2024-07-26 12:00:00,WLS_CHN_12,SENS_WLS_CHN_12,0.0,0.0,Green - Normal,89
2024-07-26 12:00:00,WLS_WRL_13,SENS_WLS_WRL_13,0.0,0.0,Green - Normal,88
2024-07-26 12:00:00,WLS_BYC_14,SENS_WLS_BYC_14,0.0,0.0,Green - Normal,91
2024-07-26 12:00:00,WLS_MNK_15,SENS_WLS_MNK_15,0.0,0.0,Green - Normal,98
2024-07-26 13:00:00,WLS_HND_01,SENS_WLS_HND_01,0.0,0.0,Green - Normal,100
2024-07-26 13:00:00,WLS_GND_02,SENS_WLS_GND_02,0.0,0.0,Green - Normal,89
2024-07-26 13:00:00,WLS_MLN_03,SENS_WLS_MLN_03,0.0,0.0,Green - Normal,97
2024-07-26 13:00:00,WLS_AND_04,SENS_WLS_AND_04,0.0,0.0,Green - Normal,98
2024-07-26 13:00:00,WLS_KHR_05,SENS_WLS_KHR_05,0.0,0.0,Green - Normal,99
2024-07-26 13:00:00,WLS_KRL_06,SENS_WLS_KRL_06,0.0,0.0,Green - Normal,99
2024-07-26 13:00:00,WLS_SIO_07,SENS_WLS_SIO_07,0.0,0.0,Green - Normal,90
2024-07-26 13:00:00,WLS_DDR_08,SENS_WLS_DDR_08,0.0,0.0,Green - Normal,89
2024-07-26 13:00:00,WLS_CHM_09,SENS_WLS_CHM_09,0.0,0.0,Green - Normal,95
2024-07-26 13:00:00,WLS_MLD_10,SENS_WLS_MLD_10,0.0,0.0,Green - Normal,90
2024-07-26 13:00:00,WLS_DHS_11,SENS_WLS_DHS_11,0.0,0.0,Green - Normal,95
2024-07-26 13:00:00,WLS_CHN_12,SENS_WLS_CHN_12,0.0,0.0,Green - Normal,90
2024-07-26 13:00:00,WLS_WRL_13,SENS_WLS_WRL_13,0.0,0.0,Green - Normal,88
2024-07-26 13:00:00,WLS_BYC_14,SENS_WLS_BYC_14,0.0,0.0,Green - Normal,96
2024-07-26 13:00:00,WLS_MNK_15,SENS_WLS_MNK_15,0.0,0.0,Green - Normal,97
2024-07-26 14:00:00,WLS_HND_01,SENS_WLS_HND_01,0.0,0.0,Green - Normal,94
2024-07-26 14:00:00,WLS_GND_02,SENS_WLS_GND_02,0.0,0.0,Green - Normal,94
2024-07-26 14:00:00,WLS_MLN_03,SENS_WLS_MLN_03,0.0,0.0,Green - Normal,98
2024-07-26 14:00:00,WLS_AND_04,SENS_WLS_AND_04,0.0,0.0,Green - Normal,92
2024-07-26 14:00:00,WLS_KHR_05,SENS_WLS_KHR_05,0.0,0.0,Green - Normal,90
2024-07-26 14:00:00,WLS_KRL_06,SENS_WLS_KRL_06,0.0,0.0,Green - Normal,92
2024-07-26 14:00:00,WLS_SIO_07,SENS_WLS_SIO_07,0.0,0.0,Green - Normal,100
2024-07-26 14:00:00,WLS_DDR_08,SENS_WLS_DDR_08,0.0,0.0,Green - Normal,98
2024-07-26 14:00:00,WLS_CHM_09,SENS_WLS_CHM_09,0.0,0.0,Green - Normal,98
2024-07-26 14:00:00,WLS_MLD_10,SENS_WLS_MLD_10,0.0,0.0,Green - Normal,90
2024-07-26 14:00:00,WLS_DHS_11,SENS_WLS_DHS_11,0.0,0.0,Green - Normal,93
2024-07-26 14:00:00,WLS_CHN_12,SENS_WLS_CHN_12,0.0,0.0,Green - Normal,92
2024-07-26 14:00:00,WLS_WRL_13,SENS_WLS_WRL_13,0.0,0.0,Green - Normal,98
2024-07-26 14:00:00,WLS_BYC_14,SENS_WLS_BYC_14,0.0,0.0,Green - Normal,98
2024-07-26 14:00:00,WLS_MNK_15,SENS_WLS_MNK_15,0.0,0.0,Green - Normal,92
2024-07-26 15:00:00,WLS_HND_01,SENS_WLS_HND_01,0.0,0.0,Green - Normal,92
2024-07-26 15:00:00,WLS_GND_02,SENS_WLS_GND_02,0.0,0.0,Green - Normal,99
2024-07-26 15:00:00,WLS_MLN_03,SENS_WLS_MLN_03,0.0,0.0,Green - Normal,97
2024-07-26 15:00:00,WLS_AND_04,SENS_WLS_AND_04,0.0,0.0,Green - Normal,92
2024-07-26 15:00:00,WLS_KHR_05,SENS_WLS_KHR_05,0.0,0.0,Green - Normal,93
2024-07-26 15:00:00,WLS_KRL_06,SENS_WLS_KRL_06,0.0,0.0,Green - Normal,95
2024-07-26 15:00:00,WLS_SIO_07,SENS_WLS_SIO_07,0.0,0.0,Green - Normal,95
2024-07-26 15:00:00,WLS_DDR_08,SENS_WLS_DDR_08,0.0,0.0,Green - Normal,96
2024-07-26 15:00:00,WLS_CHM_09,SENS_WLS_CHM_09,0.0,0.0,Green - Normal,88
2024-07-26 15:00:00,WLS_MLD_10,SENS_WLS_MLD_10,0.0,0.0,Green - Normal,90
2024-07-26 15:00:00,WLS_DHS_11,SENS_WLS_DHS_11,0.0,0.0,Green - Normal,100
2024-07-26 15:00:00,WLS_CHN_12,SENS_WLS_CHN_12,0.0,0.0,Green - Normal,92
2024-07-26 15:00:00,WLS_WRL_13,SENS_WLS_WRL_13,0.0,0.0,Green - Normal,94
2024-07-26 15:00:00,WLS_BYC_14,SENS_WLS_BYC_14,0.0,0.0,Green - Normal,96
2024-07-26 15:00:00,WLS_MNK_15,SENS_WLS_MNK_15,0.0,0.0,Green - Normal,99
2024-07-26 16:00:00,WLS_HND_01,SENS_WLS_HND_01,17.5,0.98,Amber Alert - Waterlogging,97
2024-07-26 16:00:00,WLS_GND_02,SENS_WLS_GND_02,16.6,0.21,Amber Alert - Waterlogging,95
2024-07-26 16:00:00,WLS_MLN_03,SENS_WLS_MLN_03,30.8,0.32,Amber Alert - Waterlogging,95
2024-07-26 16:00:00,WLS_AND_04,SENS_WLS_AND_04,33.1,0.74,Amber Alert - Waterlogging,90
2024-07-26 16:00:00,WLS_KHR_05,SENS_WLS_KHR_05,27.5,0.3,Amber Alert - Waterlogging,93
2024-07-26 16:00:00,WLS_KRL_06,SENS_WLS_KRL_06,12.7,0.28,Green - Normal,95
2024-07-26 16:00:00,WLS_SIO_07,SENS_WLS_SIO_07,12.9,0.74,Green - Normal,89
2024-07-26 16:00:00,WLS_DDR_08,SENS_WLS_DDR_08,9.4,0.89,Green - Normal,89
2024-07-26 16:00:00,WLS_CHM_09,SENS_WLS_CHM_09,1.0,0.0,Green - Normal,90
2024-07-26 16:00:00,WLS_MLD_10,SENS_WLS_MLD_10,26.6,1.35,Amber Alert - Waterlogging,92
2024-07-26 16:00:00,WLS_DHS_11,SENS_WLS_DHS_11,26.4,0.36,Amber Alert - Waterlogging,97
2024-07-26 16:00:00,WLS_CHN_12,SENS_WLS_CHN_12,14.4,0.66,Green - Normal,99
2024-07-26 16:00:00,WLS_WRL_13,SENS_WLS_WRL_13,3.1,0.0,Green - Normal,100
2024-07-26 16:00:00,WLS_BYC_14,SENS_WLS_BYC_14,13.3,0.57,Green - Normal,96
2024-07-26 16:00:00,WLS_MNK_15,SENS_WLS_MNK_15,16.2,0.53,Amber Alert - Waterlogging,93
2024-07-26 17:00:00,WLS_HND_01,SENS_WLS_HND_01,0.0,0.0,Green - Normal,88
2024-07-26 17:00:00,WLS_GND_02,SENS_WLS_GND_02,0.0,0.0,Green - Normal,100
2024-07-26 17:00:00,WLS_MLN_03,SENS_WLS_MLN_03,0.0,0.0,Green - Normal,95
2024-07-26 17:00:00,WLS_AND_04,SENS_WLS_AND_04,0.0,0.0,Green - Normal,92
2024-07-26 17:00:00,WLS_KHR_05,SENS_WLS_KHR_05,0.0,0.0,Green - Normal,97
2024-07-26 17:00:00,WLS_KRL_06,SENS_WLS_KRL_06,0.0,0.0,Green - Normal,100
2024-07-26 17:00:00,WLS_SIO_07,SENS_WLS_SIO_07,0.0,0.0,Green - Normal,93
2024-07-26 17:00:00,WLS_DDR_08,SENS_WLS_DDR_08,0.0,0.0,Green - Normal,96
2024-07-26 17:00:00,WLS_CHM_09,SENS_WLS_CHM_09,0.0,0.0,Green - Normal,89
2024-07-26 17:00:00,WLS_MLD_10,SENS_WLS_MLD_10,0.0,0.0,Green - Normal,96
2024-07-26 17:00:00,WLS_DHS_11,SENS_WLS_DHS_11,0.0,0.0,Green - Normal,99
2024-07-26 17:00:00,WLS_CHN_12,SENS_WLS_CHN_12,0.0,0.0,Green - Normal,97
2024-07-26 17:00:00,WLS_WRL_13,SENS_WLS_WRL_13,0.0,0.0,Green - Normal,92
2024-07-26 17:00:00,WLS_BYC_14,SENS_WLS_BYC_14,0.0,0.0,Green - Normal,95
2024-07-26 17:00:00,WLS_MNK_15,SENS_WLS_MNK_15,0.0,0.0,Green - Normal,90
2024-07-26 18:00:00,WLS_HND_01,SENS_WLS_HND_01,0.0,0.0,Green - Normal,91
2024-07-26 18:00:00,WLS_GND_02,SENS_WLS_GND_02,0.0,0.0,Green - Normal,91
2024-07-26 18:00:00,WLS_MLN_03,SENS_WLS_MLN_03,0.0,0.0,Green - Normal,92
2024-07-26 18:00:00,WLS_AND_04,SENS_WLS_AND_04,0.0,0.0,Green - Normal,88
2024-07-26 18:00:00,WLS_KHR_05,SENS_WLS_KHR_05,0.0,0.0,Green - Normal,91
2024-07-26 18:00:00,WLS_KRL_06,SENS_WLS_KRL_06,0.0,0.0,Green - Normal,95
2024-07-26 18:00:00,WLS_SIO_07,SENS_WLS_SIO_07,0.0,0.0,Green - Normal,100
2024-07-26 18:00:00,WLS_DDR_08,SENS_WLS_DDR_08,0.0,0.0,Green - Normal,89
2024-07-26 18:00:00,WLS_CHM_09,SENS_WLS_CHM_09,0.0,0.0,Green - Normal,91
2024-07-26 18:00:00,WLS_MLD_10,SENS_WLS_MLD_10,0.0,0.0,Green - Normal,98
2024-07-26 18:00:00,WLS_DHS_11,SENS_WLS_DHS_11,0.0,0.0,Green - Normal,100
2024-07-26 18:00:00,WLS_CHN_12,SENS_WLS_CHN_12,0.0,0.0,Green - Normal,90
2024-07-26 18:00:00,WLS_WRL_13,SENS_WLS_WRL_13,0.0,0.0,Green - Normal,89
2024-07-26 18:00:00,WLS_BYC_14,SENS_WLS_BYC_14,0.0,0.0,Green - Normal,90
2024-07-26 18:00:00,WLS_MNK_15,SENS_WLS_MNK_15,0.0,0.0,Green - Normal,96
2024-07-26 19:00:00,WLS_HND_01,SENS_WLS_HND_01,0.0,0.0,Green - Normal,96
2024-07-26 19:00:00,WLS_GND_02,SENS_WLS_GND_02,0.0,0.0,Green - Normal,92
2024-07-26 19:00:00,WLS_MLN_03,SENS_WLS_MLN_03,0.0,0.0,Green - Normal,92
2024-07-26 19:00:00,WLS_AND_04,SENS_WLS_AND_04,0.0,0.0,Green - Normal,88
2024-07-26 19:00:00,WLS_KHR_05,SENS_WLS_KHR_05,0.0,0.0,Green - Normal,94
2024-07-26 19:00:00,WLS_KRL_06,SENS_WLS_KRL_06,0.0,0.0,Green - Normal,94
2024-07-26 19:00:00,WLS_SIO_07,SENS_WLS_SIO_07,0.0,0.0,Green - Normal,99
2024-07-26 19:00:00,WLS_DDR_08,SENS_WLS_DDR_08,0.0,0.0,Green - Normal,93
2024-07-26 19:00:00,WLS_CHM_09,SENS_WLS_CHM_09,0.0,0.0,Green - Normal,97
2024-07-26 19:00:00,WLS_MLD_10,SENS_WLS_MLD_10,0.0,0.0,Green - Normal,89
2024-07-26 19:00:00,WLS_DHS_11,SENS_WLS_DHS_11,0.0,0.0,Green - Normal,99
2024-07-26 19:00:00,WLS_CHN_12,SENS_WLS_CHN_12,0.0,0.0,Green - Normal,90
2024-07-26 19:00:00,WLS_WRL_13,SENS_WLS_WRL_13,0.0,0.0,Green - Normal,96
2024-07-26 19:00:00,WLS_BYC_14,SENS_WLS_BYC_14,0.0,0.0,Green - Normal,99
2024-07-26 19:00:00,WLS_MNK_15,SENS_WLS_MNK_15,0.0,0.0,Green - Normal,99
2024-07-26 20:00:00,WLS_HND_01,SENS_WLS_HND_01,0.0,0.0,Green - Normal,93
2024-07-26 20:00:00,WLS_GND_02,SENS_WLS_GND_02,0.0,0.0,Green - Normal,97
2024-07-26 20:00:00,WLS_MLN_03,SENS_WLS_MLN_03,0.0,0.0,Green - Normal,89
2024-07-26 20:00:00,WLS_AND_04,SENS_WLS_AND_04,0.0,0.0,Green - Normal,92
2024-07-26 20:00:00,WLS_KHR_05,SENS_WLS_KHR_05,0.0,0.0,Green - Normal,98
2024-07-26 20:00:00,WLS_KRL_06,SENS_WLS_KRL_06,0.0,0.0,Green - Normal,92
2024-07-26 20:00:00,WLS_SIO_07,SENS_WLS_SIO_07,0.0,0.0,Green - Normal,96
2024-07-26 20:00:00,WLS_DDR_08,SENS_WLS_DDR_08,0.0,0.0,Green - Normal,92
2024-07-26 20:00:00,WLS_CHM_09,SENS_WLS_CHM_09,0.0,0.0,Green - Normal,95
2024-07-26 20:00:00,WLS_MLD_10,SENS_WLS_MLD_10,0.0,0.0,Green - Normal,93
2024-07-26 20:00:00,WLS_DHS_11,SENS_WLS_DHS_11,0.0,0.0,Green - Normal,95
2024-07-26 20:00:00,WLS_CHN_12,SENS_WLS_CHN_12,0.0,0.0,Green - Normal,92
2024-07-26 20:00:00,WLS_WRL_13,SENS_WLS_WRL_13,0.0,0.0,Green - Normal,97
2024-07-26 20:00:00,WLS_BYC_14,SENS_WLS_BYC_14,0.0,0.0,Green - Normal,93
2024-07-26 20:00:00,WLS_MNK_15,SENS_WLS_MNK_15,0.0,0.0,Green - Normal,88
2024-07-26 21:00:00,WLS_HND_01,SENS_WLS_HND_01,0.0,0.0,Green - Normal,89
2024-07-26 21:00:00,WLS_GND_02,SENS_WLS_GND_02,0.0,0.0,Green - Normal,91
2024-07-26 21:00:00,WLS_MLN_03,SENS_WLS_MLN_03,0.0,0.0,Green - Normal,88
2024-07-26 21:00:00,WLS_AND_04,SENS_WLS_AND_04,0.0,0.0,Green - Normal,94
2024-07-26 21:00:00,WLS_KHR_05,SENS_WLS_KHR_05,0.0,0.0,Green - Normal,90
2024-07-26 21:00:00,WLS_KRL_06,SENS_WLS_KRL_06,0.0,0.0,Green - Normal,91
2024-07-26 21:00:00,WLS_SIO_07,SENS_WLS_SIO_07,0.0,0.0,Green - Normal,97
2024-07-26 21:00:00,WLS_DDR_08,SENS_WLS_DDR_08,0.0,0.0,Green - Normal,99
2024-07-26 21:00:00,WLS_CHM_09,SENS_WLS_CHM_09,0.0,0.0,Green - Normal,91
2024-07-26 21:00:00,WLS_MLD_10,SENS_WLS_MLD_10,0.0,0.0,Green - Normal,93
2024-07-26 21:00:00,WLS_DHS_11,SENS_WLS_DHS_11,0.0,0.0,Green - Normal,93
2024-07-26 21:00:00,WLS_CHN_12,SENS_WLS_CHN_12,0.0,0.0,Green - Normal,97
2024-07-26 21:00:00,WLS_WRL_13,SENS_WLS_WRL_13,0.0,0.0,Green - Normal,95
2024-07-26 21:00:00,WLS_BYC_14,SENS_WLS_BYC_14,0.0,0.0,Green - Normal,98
2024-07-26 21:00:00,WLS_MNK_15,SENS_WLS_MNK_15,0.0,0.0,Green - Normal,95
2024-07-26 22:00:00,WLS_HND_01,SENS_WLS_HND_01,0.0,0.0,Green - Normal,100
2024-07-26 22:00:00,WLS_GND_02,SENS_WLS_GND_02,0.0,0.0,Green - Normal,100
2024-07-26 22:00:00,WLS_MLN_03,SENS_WLS_MLN_03,0.0,0.0,Green - Normal,89
2024-07-26 22:00:00,WLS_AND_04,SENS_WLS_AND_04,0.0,0.0,Green - Normal,89
2024-07-26 22:00:00,WLS_KHR_05,SENS_WLS_KHR_05,0.0,0.0,Green - Normal,96
2024-07-26 22:00:00,WLS_KRL_06,SENS_WLS_KRL_06,0.0,0.0,Green - Normal,93
2024-07-26 22:00:00,WLS_SIO_07,SENS_WLS_SIO_07,0.0,0.0,Green - Normal,92
2024-07-26 22:00:00,WLS_DDR_08,SENS_WLS_DDR_08,0.0,0.0,Green - Normal,88
2024-07-26 22:00:00,WLS_CHM_09,SENS_WLS_CHM_09,0.0,0.0,Green - Normal,100
2024-07-26 22:00:00,WLS_MLD_10,SENS_WLS_MLD_10,0.0,0.0,Green - Normal,89
2024-07-26 22:00:00,WLS_DHS_11,SENS_WLS_DHS_11,0.0,0.0,Green - Normal,96
2024-07-26 22:00:00,WLS_CHN_12,SENS_WLS_CHN_12,0.0,0.0,Green - Normal,98
2024-07-26 22:00:00,WLS_WRL_13,SENS_WLS_WRL_13,0.0,0.0,Green - Normal,97
2024-07-26 22:00:00,WLS_BYC_14,SENS_WLS_BYC_14,0.0,0.0,Green - Normal,100
2024-07-26 22:00:00,WLS_MNK_15,SENS_WLS_MNK_15,0.0,0.0,Green - Normal,98
2024-07-26 23:00:00,WLS_HND_01,SENS_WLS_HND_01,0.0,0.0,Green - Normal,94
2024-07-26 23:00:00,WLS_GND_02,SENS_WLS_GND_02,0.0,0.0,Green - Normal,94
2024-07-26 23:00:00,WLS_MLN_03,SENS_WLS_MLN_03,0.0,0.0,Green - Normal,97
2024-07-26 23:00:00,WLS_AND_04,SENS_WLS_AND_04,0.0,0.0,Green - Normal,98
2024-07-26 23:00:00,WLS_KHR_05,SENS_WLS_KHR_05,0.0,0.0,Green - Normal,88
2024-07-26 23:00:00,WLS_KRL_06,SENS_WLS_KRL_06,0.0,0.0,Green - Normal,89
2024-07-26 23:00:00,WLS_SIO_07,SENS_WLS_SIO_07,0.0,0.0,Green - Normal,92
2024-07-26 23:00:00,WLS_DDR_08,SENS_WLS_DDR_08,0.0,0.0,Green - Normal,97
2024-07-26 23:00:00,WLS_CHM_09,SENS_WLS_CHM_09,0.0,0.0,Green - Normal,89
2024-07-26 23:00:00,WLS_MLD_10,SENS_WLS_MLD_10,0.0,0.0,Green - Normal,95
2024-07-26 23:00:00,WLS_DHS_11,SENS_WLS_DHS_11,0.0,0.0,Green - Normal,99
2024-07-26 23:00:00,WLS_CHN_12,SENS_WLS_CHN_12,0.0,0.0,Green - Normal,89
2024-07-26 23:00:00,WLS_WRL_13,SENS_WLS_WRL_13,0.0,0.0,Green - Normal,96
2024-07-26 23:00:00,WLS_BYC_14,SENS_WLS_BYC_14,0.0,0.0,Green - Normal,96
2024-07-26 23:00:00,WLS_MNK_15,SENS_WLS_MNK_15,0.0,0.0,Green - Normal,94
2024-07-27 00:00:00,WLS_HND_01,SENS_WLS_HND_01,0.0,0.0,Green - Normal,99
2024-07-27 00:00:00,WLS_GND_02,SENS_WLS_GND_02,0.0,0.0,Green - Normal,94
2024-07-27 00:00:00,WLS_MLN_03,SENS_WLS_MLN_03,0.0,0.0,Green - Normal,99
2024-07-27 00:00:00,WLS_AND_04,SENS_WLS_AND_04,0.0,0.0,Green - Normal,91
2024-07-27 00:00:00,WLS_KHR_05,SENS_WLS_KHR_05,0.0,0.0,Green - Normal,96
2024-07-27 00:00:00,WLS_KRL_06,SENS_WLS_KRL_06,0.0,0.0,Green - Normal,97
2024-07-27 00:00:00,WLS_SIO_07,SENS_WLS_SIO_07,0.0,0.0,Green - Normal,91
2024-07-27 00:00:00,WLS_DDR_08,SENS_WLS_DDR_08,0.0,0.0,Green - Normal,92
2024-07-27 00:00:00,WLS_CHM_09,SENS_WLS_CHM_09,0.0,0.0,Green - Normal,89
2024-07-27 00:00:00,WLS_MLD_10,SENS_WLS_MLD_10,0.0,0.0,Green - Normal,94
2024-07-27 00:00:00,WLS_DHS_11,SENS_WLS_DHS_11,0.0,0.0,Green - Normal,88
2024-07-27 00:00:00,WLS_CHN_12,SENS_WLS_CHN_12,0.0,0.0,Green - Normal,99
2024-07-27 00:00:00,WLS_WRL_13,SENS_WLS_WRL_13,0.0,0.0,Green - Normal,89
2024-07-27 00:00:00,WLS_BYC_14,SENS_WLS_BYC_14,0.0,0.0,Green - Normal,99
2024-07-27 00:00:00,WLS_MNK_15,SENS_WLS_MNK_15,0.0,0.0,Green - Normal,92
2024-07-27 01:00:00,WLS_HND_01,SENS_WLS_HND_01,0.0,0.0,Green - Normal,100
2024-07-27 01:00:00,WLS_GND_02,SENS_WLS_GND_02,0.0,0.0,Green - Normal,92
2024-07-27 01:00:00,WLS_MLN_03,SENS_WLS_MLN_03,0.0,0.0,Green - Normal,99
2024-07-27 01:00:00,WLS_AND_04,SENS_WLS_AND_04,0.0,0.0,Green - Normal,99
2024-07-27 01:00:00,WLS_KHR_05,SENS_WLS_KHR_05,0.0,0.0,Green - Normal,92
2024-07-27 01:00:00,WLS_KRL_06,SENS_WLS_KRL_06,0.0,0.0,Green - Normal,95
2024-07-27 01:00:00,WLS_SIO_07,SENS_WLS_SIO_07,0.0,0.0,Green - Normal,95
2024-07-27 01:00:00,WLS_DDR_08,SENS_WLS_DDR_08,0.0,0.0,Green - Normal,96
2024-07-27 01:00:00,WLS_CHM_09,SENS_WLS_CHM_09,0.0,0.0,Green - Normal,100
2024-07-27 01:00:00,WLS_MLD_10,SENS_WLS_MLD_10,0.0,0.0,Green - Normal,96
2024-07-27 01:00:00,WLS_DHS_11,SENS_WLS_DHS_11,0.0,0.0,Green - Normal,99
2024-07-27 01:00:00,WLS_CHN_12,SENS_WLS_CHN_12,0.0,0.0,Green - Normal,96
2024-07-27 01:00:00,WLS_WRL_13,SENS_WLS_WRL_13,0.0,0.0,Green - Normal,98
2024-07-27 01:00:00,WLS_BYC_14,SENS_WLS_BYC_14,0.0,0.0,Green - Normal,94
2024-07-27 01:00:00,WLS_MNK_15,SENS_WLS_MNK_15,0.0,0.0,Green - Normal,99
2024-07-27 02:00:00,WLS_HND_01,SENS_WLS_HND_01,0.0,0.0,Green - Normal,98
2024-07-27 02:00:00,WLS_GND_02,SENS_WLS_GND_02,0.0,0.0,Green - Normal,90
2024-07-27 02:00:00,WLS_MLN_03,SENS_WLS_MLN_03,0.0,0.0,Green - Normal,99
2024-07-27 02:00:00,WLS_AND_04,SENS_WLS_AND_04,0.0,0.0,Green - Normal,88
2024-07-27 02:00:00,WLS_KHR_05,SENS_WLS_KHR_05,0.0,0.0,Green - Normal,98
2024-07-27 02:00:00,WLS_KRL_06,SENS_WLS_KRL_06,0.0,0.0,Green - Normal,92
2024-07-27 02:00:00,WLS_SIO_07,SENS_WLS_SIO_07,0.0,0.0,Green - Normal,91
2024-07-27 02:00:00,WLS_DDR_08,SENS_WLS_DDR_08,0.0,0.0,Green - Normal,95
2024-07-27 02:00:00,WLS_CHM_09,SENS_WLS_CHM_09,0.0,0.0,Green - Normal,97
2024-07-27 02:00:00,WLS_MLD_10,SENS_WLS_MLD_10,0.0,0.0,Green - Normal,94
2024-07-27 02:00:00,WLS_DHS_11,SENS_WLS_DHS_11,0.0,0.0,Green - Normal,90
2024-07-27 02:00:00,WLS_CHN_12,SENS_WLS_CHN_12,0.0,0.0,Green - Normal,89
2024-07-27 02:00:00,WLS_WRL_13,SENS_WLS_WRL_13,0.0,0.0,Green - Normal,98
2024-07-27 02:00:00,WLS_BYC_14,SENS_WLS_BYC_14,0.0,0.0,Green - Normal,89
2024-07-27 02:00:00,WLS_MNK_15,SENS_WLS_MNK_15,0.0,0.0,Green - Normal,93
2024-07-27 03:00:00,WLS_HND_01,SENS_WLS_HND_01,0.0,0.0,Green - Normal,88
2024-07-27 03:00:00,WLS_GND_02,SENS_WLS_GND_02,0.0,0.0,Green - Normal,97
2024-07-27 03:00:00,WLS_MLN_03,SENS_WLS_MLN_03,0.0,0.0,Green - Normal,91
2024-07-27 03:00:00,WLS_AND_04,SENS_WLS_AND_04,0.0,0.0,Green - Normal,89
2024-07-27 03:00:00,WLS_KHR_05,SENS_WLS_KHR_05,0.0,0.0,Green - Normal,89
2024-07-27 03:00:00,WLS_KRL_06,SENS_WLS_KRL_06,0.0,0.0,Green - Normal,90
2024-07-27 03:00:00,WLS_SIO_07,SENS_WLS_SIO_07,0.0,0.0,Green - Normal,100
2024-07-27 03:00:00,WLS_DDR_08,SENS_WLS_DDR_08,0.0,0.0,Green - Normal,95
2024-07-27 03:00:00,WLS_CHM_09,SENS_WLS_CHM_09,0.0,0.0,Green - Normal,98
2024-07-27 03:00:00,WLS_MLD_10,SENS_WLS_MLD_10,0.0,0.0,Green - Normal,94
2024-07-27 03:00:00,WLS_DHS_11,SENS_WLS_DHS_11,0.0,0.0,Green - Normal,97
2024-07-27 03:00:00,WLS_CHN_12,SENS_WLS_CHN_12,0.0,0.0,Green - Normal,99
2024-07-27 03:00:00,WLS_WRL_13,SENS_WLS_WRL_13,0.0,0.0,Green - Normal,89
2024-07-27 03:00:00,WLS_BYC_14,SENS_WLS_BYC_14,0.0,0.0,Green - Normal,92
2024-07-27 03:00:00,WLS_MNK_15,SENS_WLS_MNK_15,0.0,0.0,Green - Normal,95
2024-07-27 04:00:00,WLS_HND_01,SENS_WLS_HND_01,0.0,0.0,Green - Normal,92
2024-07-27 04:00:00,WLS_GND_02,SENS_WLS_GND_02,0.0,0.0,Green - Normal,93
2024-07-27 04:00:00,WLS_MLN_03,SENS_WLS_MLN_03,0.0,0.0,Green - Normal,99
2024-07-27 04:00:00,WLS_AND_04,SENS_WLS_AND_04,0.0,0.0,Green - Normal,98
2024-07-27 04:00:00,WLS_KHR_05,SENS_WLS_KHR_05,0.0,0.0,Green - Normal,92
2024-07-27 04:00:00,WLS_KRL_06,SENS_WLS_KRL_06,0.0,0.0,Green - Normal,92
2024-07-27 04:00:00,WLS_SIO_07,SENS_WLS_SIO_07,0.0,0.0,Green - Normal,99
2024-07-27 04:00:00,WLS_DDR_08,SENS_WLS_DDR_08,0.0,0.0,Green - Normal,88
2024-07-27 04:00:00,WLS_CHM_09,SENS_WLS_CHM_09,0.0,0.0,Green - Normal,91
2024-07-27 04:00:00,WLS_MLD_10,SENS_WLS_MLD_10,0.0,0.0,Green - Normal,99
2024-07-27 04:00:00,WLS_DHS_11,SENS_WLS_DHS_11,0.0,0.0,Green - Normal,88
2024-07-27 04:00:00,WLS_CHN_12,SENS_WLS_CHN_12,0.0,0.0,Green - Normal,98
2024-07-27 04:00:00,WLS_WRL_13,SENS_WLS_WRL_13,0.0,0.0,Green - Normal,90
2024-07-27 04:00:00,WLS_BYC_14,SENS_WLS_BYC_14,0.0,0.0,Green - Normal,92
2024-07-27 04:00:00,WLS_MNK_15,SENS_WLS_MNK_15,0.0,0.0,Green - Normal,97
2024-07-27 05:00:00,WLS_HND_01,SENS_WLS_HND_01,0.0,0.0,Green - Normal,92
2024-07-27 05:00:00,WLS_GND_02,SENS_WLS_GND_02,0.0,0.0,Green - Normal,98
2024-07-27 05:00:00,WLS_MLN_03,SENS_WLS_MLN_03,0.0,0.0,Green - Normal,93
2024-07-27 05:00:00,WLS_AND_04,SENS_WLS_AND_04,0.0,0.0,Green - Normal,94
2024-07-27 05:00:00,WLS_KHR_05,SENS_WLS_KHR_05,0.0,0.0,Green - Normal,100
2024-07-27 05:00:00,WLS_KRL_06,SENS_WLS_KRL_06,0.0,0.0,Green - Normal,92
2024-07-27 05:00:00,WLS_SIO_07,SENS_WLS_SIO_07,0.0,0.0,Green - Normal,93
2024-07-27 05:00:00,WLS_DDR_08,SENS_WLS_DDR_08,0.0,0.0,Green - Normal,93
2024-07-27 05:00:00,WLS_CHM_09,SENS_WLS_CHM_09,0.0,0.0,Green - Normal,91
2024-07-27 05:00:00,WLS_MLD_10,SENS_WLS_MLD_10,0.0,0.0,Green - Normal,94
2024-07-27 05:00:00,WLS_DHS_11,SENS_WLS_DHS_11,0.0,0.0,Green - Normal,98
2024-07-27 05:00:00,WLS_CHN_12,SENS_WLS_CHN_12,0.0,0.0,Green - Normal,89
2024-07-27 05:00:00,WLS_WRL_13,SENS_WLS_WRL_13,0.0,0.0,Green - Normal,88
2024-07-27 05:00:00,WLS_BYC_14,SENS_WLS_BYC_14,0.0,0.0,Green - Normal,92
2024-07-27 05:00:00,WLS_MNK_15,SENS_WLS_MNK_15,0.0,0.0,Green - Normal,94
2024-07-27 06:00:00,WLS_HND_01,SENS_WLS_HND_01,0.0,0.0,Green - Normal,97
2024-07-27 06:00:00,WLS_GND_02,SENS_WLS_GND_02,0.0,0.0,Green - Normal,98
2024-07-27 06:00:00,WLS_MLN_03,SENS_WLS_MLN_03,0.0,0.0,Green - Normal,93
2024-07-27 06:00:00,WLS_AND_04,SENS_WLS_AND_04,0.0,0.0,Green - Normal,89
2024-07-27 06:00:00,WLS_KHR_05,SENS_WLS_KHR_05,0.0,0.0,Green - Normal,89
2024-07-27 06:00:00,WLS_KRL_06,SENS_WLS_KRL_06,0.0,0.0,Green - Normal,92
2024-07-27 06:00:00,WLS_SIO_07,SENS_WLS_SIO_07,0.0,0.0,Green - Normal,95
2024-07-27 06:00:00,WLS_DDR_08,SENS_WLS_DDR_08,0.0,0.0,Green - Normal,90
2024-07-27 06:00:00,WLS_CHM_09,SENS_WLS_CHM_09,0.0,0.0,Green - Normal,89
2024-07-27 06:00:00,WLS_MLD_10,SENS_WLS_MLD_10,0.0,0.0,Green - Normal,96
2024-07-27 06:00:00,WLS_DHS_11,SENS_WLS_DHS_11,0.0,0.0,Green - Normal,95
2024-07-27 06:00:00,WLS_CHN_12,SENS_WLS_CHN_12,0.0,0.0,Green - Normal,96
2024-07-27 06:00:00,WLS_WRL_13,SENS_WLS_WRL_13,0.0,0.0,Green - Normal,96
2024-07-27 06:00:00,WLS_BYC_14,SENS_WLS_BYC_14,0.0,0.0,Green - Normal,89
2024-07-27 06:00:00,WLS_MNK_15,SENS_WLS_MNK_15,0.0,0.0,Green - Normal,95
2024-07-27 07:00:00,WLS_HND_01,SENS_WLS_HND_01,9.9,1.08,Green - Normal,94
2024-07-27 07:00:00,WLS_GND_02,SENS_WLS_GND_02,12.6,0.46,Green - Normal,89
2024-07-27 07:00:00,WLS_MLN_03,SENS_WLS_MLN_03,17.1,1.28,Amber Alert - Waterlogging,90
2024-07-27 07:00:00,WLS_AND_04,SENS_WLS_AND_04,23.3,0.59,Amber Alert - Waterlogging,88
2024-07-27 07:00:00,WLS_KHR_05,SENS_WLS_KHR_05,13.3,1.17,Green - Normal,94
2024-07-27 07:00:00,WLS_KRL_06,SENS_WLS_KRL_06,9.1,0.42,Green - Normal,93
2024-07-27 07:00:00,WLS_SIO_07,SENS_WLS_SIO_07,4.4,0.0,Green - Normal,99
2024-07-27 07:00:00,WLS_DDR_08,SENS_WLS_DDR_08,3.2,0.0,Green - Normal,92
2024-07-27 07:00:00,WLS_CHM_09,SENS_WLS_CHM_09,2.8,0.0,Green - Normal,89
2024-07-27 07:00:00,WLS_MLD_10,SENS_WLS_MLD_10,9.2,1.14,Green - Normal,90
2024-07-27 07:00:00,WLS_DHS_11,SENS_WLS_DHS_11,17.1,1.16,Amber Alert - Waterlogging,100
2024-07-27 07:00:00,WLS_CHN_12,SENS_WLS_CHN_12,9.3,0.94,Green - Normal,99
2024-07-27 07:00:00,WLS_WRL_13,SENS_WLS_WRL_13,0.0,0.0,Green - Normal,96
2024-07-27 07:00:00,WLS_BYC_14,SENS_WLS_BYC_14,5.4,0.81,Green - Normal,98
2024-07-27 07:00:00,WLS_MNK_15,SENS_WLS_MNK_15,12.7,1.11,Green - Normal,93
2024-07-27 08:00:00,WLS_HND_01,SENS_WLS_HND_01,0.0,0.0,Green - Normal,93
2024-07-27 08:00:00,WLS_GND_02,SENS_WLS_GND_02,0.0,0.0,Green - Normal,91
2024-07-27 08:00:00,WLS_MLN_03,SENS_WLS_MLN_03,0.0,0.0,Green - Normal,100
2024-07-27 08:00:00,WLS_AND_04,SENS_WLS_AND_04,0.0,0.0,Green - Normal,96
2024-07-27 08:00:00,WLS_KHR_05,SENS_WLS_KHR_05,0.0,0.0,Green - Normal,88
2024-07-27 08:00:00,WLS_KRL_06,SENS_WLS_KRL_06,0.0,0.0,Green - Normal,99
2024-07-27 08:00:00,WLS_SIO_07,SENS_WLS_SIO_07,0.0,0.0,Green - Normal,90
2024-07-27 08:00:00,WLS_DDR_08,SENS_WLS_DDR_08,0.0,0.0,Green - Normal,89
2024-07-27 08:00:00,WLS_CHM_09,SENS_WLS_CHM_09,0.0,0.0,Green - Normal,89
2024-07-27 08:00:00,WLS_MLD_10,SENS_WLS_MLD_10,0.0,0.0,Green - Normal,93
2024-07-27 08:00:00,WLS_DHS_11,SENS_WLS_DHS_11,0.0,0.0,Green - Normal,88
2024-07-27 08:00:00,WLS_CHN_12,SENS_WLS_CHN_12,0.0,0.0,Green - Normal,96
2024-07-27 08:00:00,WLS_WRL_13,SENS_WLS_WRL_13,0.0,0.0,Green - Normal,99
2024-07-27 08:00:00,WLS_BYC_14,SENS_WLS_BYC_14,0.0,0.0,Green - Normal,100
2024-07-27 08:00:00,WLS_MNK_15,SENS_WLS_MNK_15,0.0,0.0,Green - Normal,99
2024-07-27 09:00:00,WLS_HND_01,SENS_WLS_HND_01,0.0,0.0,Green - Normal,90
2024-07-27 09:00:00,WLS_GND_02,SENS_WLS_GND_02,0.0,0.0,Green - Normal,91
2024-07-27 09:00:00,WLS_MLN_03,SENS_WLS_MLN_03,0.0,0.0,Green - Normal,94
2024-07-27 09:00:00,WLS_AND_04,SENS_WLS_AND_04,0.0,0.0,Green - Normal,92
2024-07-27 09:00:00,WLS_KHR_05,SENS_WLS_KHR_05,0.0,0.0,Green - Normal,92
2024-07-27 09:00:00,WLS_KRL_06,SENS_WLS_KRL_06,0.0,0.0,Green - Normal,97
2024-07-27 09:00:00,WLS_SIO_07,SENS_WLS_SIO_07,0.0,0.0,Green - Normal,95
2024-07-27 09:00:00,WLS_DDR_08,SENS_WLS_DDR_08,0.0,0.0,Green - Normal,94
2024-07-27 09:00:00,WLS_CHM_09,SENS_WLS_CHM_09,0.0,0.0,Green - Normal,99
2024-07-27 09:00:00,WLS_MLD_10,SENS_WLS_MLD_10,0.0,0.0,Green - Normal,100
2024-07-27 09:00:00,WLS_DHS_11,SENS_WLS_DHS_11,0.0,0.0,Green - Normal,89
2024-07-27 09:00:00,WLS_CHN_12,SENS_WLS_CHN_12,0.0,0.0,Green - Normal,94
2024-07-27 09:00:00,WLS_WRL_13,SENS_WLS_WRL_13,0.0,0.0,Green - Normal,91
2024-07-27 09:00:00,WLS_BYC_14,SENS_WLS_BYC_14,0.0,0.0,Green - Normal,88
2024-07-27 09:00:00,WLS_MNK_15,SENS_WLS_MNK_15,0.0,0.0,Green - Normal,88
2024-07-27 10:00:00,WLS_HND_01,SENS_WLS_HND_01,0.0,0.0,Green - Normal,94
2024-07-27 10:00:00,WLS_GND_02,SENS_WLS_GND_02,0.0,0.0,Green - Normal,98
2024-07-27 10:00:00,WLS_MLN_03,SENS_WLS_MLN_03,0.0,0.0,Green - Normal,94
2024-07-27 10:00:00,WLS_AND_04,SENS_WLS_AND_04,0.0,0.0,Green - Normal,92
2024-07-27 10:00:00,WLS_KHR_05,SENS_WLS_KHR_05,0.0,0.0,Green - Normal,100
2024-07-27 10:00:00,WLS_KRL_06,SENS_WLS_KRL_06,0.0,0.0,Green - Normal,89
2024-07-27 10:00:00,WLS_SIO_07,SENS_WLS_SIO_07,0.0,0.0,Green - Normal,97
2024-07-27 10:00:00,WLS_DDR_08,SENS_WLS_DDR_08,0.0,0.0,Green - Normal,99
2024-07-27 10:00:00,WLS_CHM_09,SENS_WLS_CHM_09,0.0,0.0,Green - Normal,92
2024-07-27 10:00:00,WLS_MLD_10,SENS_WLS_MLD_10,0.0,0.0,Green - Normal,98
2024-07-27 10:00:00,WLS_DHS_11,SENS_WLS_DHS_11,0.0,0.0,Green - Normal,98
2024-07-27 10:00:00,WLS_CHN_12,SENS_WLS_CHN_12,0.0,0.0,Green - Normal,94
2024-07-27 10:00:00,WLS_WRL_13,SENS_WLS_WRL_13,0.0,0.0,Green - Normal,99
2024-07-27 10:00:00,WLS_BYC_14,SENS_WLS_BYC_14,0.0,0.0,Green - Normal,93
2024-07-27 10:00:00,WLS_MNK_15,SENS_WLS_MNK_15,0.0,0.0,Green - Normal,97
2024-07-27 11:00:00,WLS_HND_01,SENS_WLS_HND_01,0.0,0.0,Green - Normal,97
2024-07-27 11:00:00,WLS_GND_02,SENS_WLS_GND_02,0.0,0.0,Green - Normal,99
2024-07-27 11:00:00,WLS_MLN_03,SENS_WLS_MLN_03,0.0,0.0,Green - Normal,90
2024-07-27 11:00:00,WLS_AND_04,SENS_WLS_AND_04,0.0,0.0,Green - Normal,88
2024-07-27 11:00:00,WLS_KHR_05,SENS_WLS_KHR_05,0.0,0.0,Green - Normal,88
2024-07-27 11:00:00,WLS_KRL_06,SENS_WLS_KRL_06,0.0,0.0,Green - Normal,98
2024-07-27 11:00:00,WLS_SIO_07,SENS_WLS_SIO_07,0.0,0.0,Green - Normal,95
2024-07-27 11:00:00,WLS_DDR_08,SENS_WLS_DDR_08,0.0,0.0,Green - Normal,95
2024-07-27 11:00:00,WLS_CHM_09,SENS_WLS_CHM_09,0.0,0.0,Green - Normal,91
2024-07-27 11:00:00,WLS_MLD_10,SENS_WLS_MLD_10,0.0,0.0,Green - Normal,95
2024-07-27 11:00:00,WLS_DHS_11,SENS_WLS_DHS_11,0.0,0.0,Green - Normal,100
2024-07-27 11:00:00,WLS_CHN_12,SENS_WLS_CHN_12,0.0,0.0,Green - Normal,100
2024-07-27 11:00:00,WLS_WRL_13,SENS_WLS_WRL_13,0.0,0.0,Green - Normal,97
2024-07-27 11:00:00,WLS_BYC_14,SENS_WLS_BYC_14,0.0,0.0,Green - Normal,89
2024-07-27 11:00:00,WLS_MNK_15,SENS_WLS_MNK_15,0.0,0.0,Green - Normal,93
2024-07-27 12:00:00,WLS_HND_01,SENS_WLS_HND_01,0.0,0.0,Green - Normal,99
2024-07-27 12:00:00,WLS_GND_02,SENS_WLS_GND_02,0.0,0.0,Green - Normal,95
2024-07-27 12:00:00,WLS_MLN_03,SENS_WLS_MLN_03,0.0,0.0,Green - Normal,98
2024-07-27 12:00:00,WLS_AND_04,SENS_WLS_AND_04,0.0,0.0,Green - Normal,91
2024-07-27 12:00:00,WLS_KHR_05,SENS_WLS_KHR_05,0.0,0.0,Green - Normal,88
2024-07-27 12:00:00,WLS_KRL_06,SENS_WLS_KRL_06,0.0,0.0,Green - Normal,93
2024-07-27 12:00:00,WLS_SIO_07,SENS_WLS_SIO_07,0.0,0.0,Green - Normal,89
2024-07-27 12:00:00,WLS_DDR_08,SENS_WLS_DDR_08,0.0,0.0,Green - Normal,89
2024-07-27 12:00:00,WLS_CHM_09,SENS_WLS_CHM_09,0.0,0.0,Green - Normal,88
2024-07-27 12:00:00,WLS_MLD_10,SENS_WLS_MLD_10,0.0,0.0,Green - Normal,95
2024-07-27 12:00:00,WLS_DHS_11,SENS_WLS_DHS_11,0.0,0.0,Green - Normal,88
2024-07-27 12:00:00,WLS_CHN_12,SENS_WLS_CHN_12,0.0,0.0,Green - Normal,96
2024-07-27 12:00:00,WLS_WRL_13,SENS_WLS_WRL_13,0.0,0.0,Green - Normal,98
2024-07-27 12:00:00,WLS_BYC_14,SENS_WLS_BYC_14,0.0,0.0,Green - Normal,100
2024-07-27 12:00:00,WLS_MNK_15,SENS_WLS_MNK_15,0.0,0.0,Green - Normal,91
2024-07-27 13:00:00,WLS_HND_01,SENS_WLS_HND_01,0.0,0.0,Green - Normal,97
2024-07-27 13:00:00,WLS_GND_02,SENS_WLS_GND_02,0.0,0.0,Green - Normal,93
2024-07-27 13:00:00,WLS_MLN_03,SENS_WLS_MLN_03,0.0,0.0,Green - Normal,88
2024-07-27 13:00:00,WLS_AND_04,SENS_WLS_AND_04,0.0,0.0,Green - Normal,92
2024-07-27 13:00:00,WLS_KHR_05,SENS_WLS_KHR_05,0.0,0.0,Green - Normal,97
2024-07-27 13:00:00,WLS_KRL_06,SENS_WLS_KRL_06,0.0,0.0,Green - Normal,95
2024-07-27 13:00:00,WLS_SIO_07,SENS_WLS_SIO_07,0.0,0.0,Green - Normal,92
2024-07-27 13:00:00,WLS_DDR_08,SENS_WLS_DDR_08,0.0,0.0,Green - Normal,92
2024-07-27 13:00:00,WLS_CHM_09,SENS_WLS_CHM_09,0.0,0.0,Green - Normal,92
2024-07-27 13:00:00,WLS_MLD_10,SENS_WLS_MLD_10,0.0,0.0,Green - Normal,95
2024-07-27 13:00:00,WLS_DHS_11,SENS_WLS_DHS_11,0.0,0.0,Green - Normal,100
2024-07-27 13:00:00,WLS_CHN_12,SENS_WLS_CHN_12,0.0,0.0,Green - Normal,100
2024-07-27 13:00:00,WLS_WRL_13,SENS_WLS_WRL_13,0.0,0.0,Green - Normal,88
2024-07-27 13:00:00,WLS_BYC_14,SENS_WLS_BYC_14,0.0,0.0,Green - Normal,90
2024-07-27 13:00:00,WLS_MNK_15,SENS_WLS_MNK_15,0.0,0.0,Green - Normal,98
2024-07-27 14:00:00,WLS_HND_01,SENS_WLS_HND_01,0.0,0.0,Green - Normal,92
2024-07-27 14:00:00,WLS_GND_02,SENS_WLS_GND_02,0.0,0.0,Green - Normal,88
2024-07-27 14:00:00,WLS_MLN_03,SENS_WLS_MLN_03,0.0,0.0,Green - Normal,89
2024-07-27 14:00:00,WLS_AND_04,SENS_WLS_AND_04,0.0,0.0,Green - Normal,94
2024-07-27 14:00:00,WLS_KHR_05,SENS_WLS_KHR_05,0.0,0.0,Green - Normal,97
2024-07-27 14:00:00,WLS_KRL_06,SENS_WLS_KRL_06,0.0,0.0,Green - Normal,90
2024-07-27 14:00:00,WLS_SIO_07,SENS_WLS_SIO_07,0.0,0.0,Green - Normal,94
2024-07-27 14:00:00,WLS_DDR_08,SENS_WLS_DDR_08,0.0,0.0,Green - Normal,92
2024-07-27 14:00:00,WLS_CHM_09,SENS_WLS_CHM_09,0.0,0.0,Green - Normal,92
2024-07-27 14:00:00,WLS_MLD_10,SENS_WLS_MLD_10,0.0,0.0,Green - Normal,100
2024-07-27 14:00:00,WLS_DHS_11,SENS_WLS_DHS_11,0.0,0.0,Green - Normal,89
2024-07-27 14:00:00,WLS_CHN_12,SENS_WLS_CHN_12,0.0,0.0,Green - Normal,98
2024-07-27 14:00:00,WLS_WRL_13,SENS_WLS_WRL_13,0.0,0.0,Green - Normal,94
2024-07-27 14:00:00,WLS_BYC_14,SENS_WLS_BYC_14,0.0,0.0,Green - Normal,99
2024-07-27 14:00:00,WLS_MNK_15,SENS_WLS_MNK_15,0.0,0.0,Green - Normal,94
2024-07-27 15:00:00,WLS_HND_01,SENS_WLS_HND_01,0.0,0.0,Green - Normal,98
2024-07-27 15:00:00,WLS_GND_02,SENS_WLS_GND_02,0.0,0.0,Green - Normal,89
2024-07-27 15:00:00,WLS_MLN_03,SENS_WLS_MLN_03,0.0,0.0,Green - Normal,88
2024-07-27 15:00:00,WLS_AND_04,SENS_WLS_AND_04,0.0,0.0,Green - Normal,96
2024-07-27 15:00:00,WLS_KHR_05,SENS_WLS_KHR_05,0.0,0.0,Green - Normal,98
2024-07-27 15:00:00,WLS_KRL_06,SENS_WLS_KRL_06,0.0,0.0,Green - Normal,96
2024-07-27 15:00:00,WLS_SIO_07,SENS_WLS_SIO_07,0.0,0.0,Green - Normal,97
2024-07-27 15:00:00,WLS_DDR_08,SENS_WLS_DDR_08,0.0,0.0,Green - Normal,93
2024-07-27 15:00:00,WLS_CHM_09,SENS_WLS_CHM_09,0.0,0.0,Green - Normal,100
2024-07-27 15:00:00,WLS_MLD_10,SENS_WLS_MLD_10,0.0,0.0,Green - Normal,98
2024-07-27 15:00:00,WLS_DHS_11,SENS_WLS_DHS_11,0.0,0.0,Green - Normal,93
2024-07-27 15:00:00,WLS_CHN_12,SENS_WLS_CHN_12,0.0,0.0,Green - Normal,96
2024-07-27 15:00:00,WLS_WRL_13,SENS_WLS_WRL_13,0.0,0.0,Green - Normal,100
2024-07-27 15:00:00,WLS_BYC_14,SENS_WLS_BYC_14,0.0,0.0,Green - Normal,94
2024-07-27 15:00:00,WLS_MNK_15,SENS_WLS_MNK_15,0.0,0.0,Green - Normal,90
2024-07-27 16:00:00,WLS_HND_01,SENS_WLS_HND_01,0.0,0.0,Green - Normal,98
2024-07-27 16:00:00,WLS_GND_02,SENS_WLS_GND_02,0.0,0.0,Green - Normal,99
2024-07-27 16:00:00,WLS_MLN_03,SENS_WLS_MLN_03,0.0,0.0,Green - Normal,89
2024-07-27 16:00:00,WLS_AND_04,SENS_WLS_AND_04,0.0,0.0,Green - Normal,99
2024-07-27 16:00:00,WLS_KHR_05,SENS_WLS_KHR_05,0.0,0.0,Green - Normal,99
2024-07-27 16:00:00,WLS_KRL_06,SENS_WLS_KRL_06,0.0,0.0,Green - Normal,97
2024-07-27 16:00:00,WLS_SIO_07,SENS_WLS_SIO_07,0.0,0.0,Green - Normal,98
2024-07-27 16:00:00,WLS_DDR_08,SENS_WLS_DDR_08,0.0,0.0,Green - Normal,88
2024-07-27 16:00:00,WLS_CHM_09,SENS_WLS_CHM_09,0.0,0.0,Green - Normal,99
2024-07-27 16:00:00,WLS_MLD_10,SENS_WLS_MLD_10,0.0,0.0,Green - Normal,92
2024-07-27 16:00:00,WLS_DHS_11,SENS_WLS_DHS_11,0.0,0.0,Green - Normal,94
2024-07-27 16:00:00,WLS_CHN_12,SENS_WLS_CHN_12,0.0,0.0,Green - Normal,95
2024-07-27 16:00:00,WLS_WRL_13,SENS_WLS_WRL_13,0.0,0.0,Green - Normal,95
2024-07-27 16:00:00,WLS_BYC_14,SENS_WLS_BYC_14,0.0,0.0,Green - Normal,93
2024-07-27 16:00:00,WLS_MNK_15,SENS_WLS_MNK_15,0.0,0.0,Green - Normal,98
2024-07-27 17:00:00,WLS_HND_01,SENS_WLS_HND_01,0.0,0.0,Green - Normal,92
2024-07-27 17:00:00,WLS_GND_02,SENS_WLS_GND_02,0.0,0.0,Green - Normal,95
2024-07-27 17:00:00,WLS_MLN_03,SENS_WLS_MLN_03,0.0,0.0,Green - Normal,94
2024-07-27 17:00:00,WLS_AND_04,SENS_WLS_AND_04,0.0,0.0,Green - Normal,99
2024-07-27 17:00:00,WLS_KHR_05,SENS_WLS_KHR_05,0.0,0.0,Green - Normal,90
2024-07-27 17:00:00,WLS_KRL_06,SENS_WLS_KRL_06,0.0,0.0,Green - Normal,91
2024-07-27 17:00:00,WLS_SIO_07,SENS_WLS_SIO_07,0.0,0.0,Green - Normal,93
2024-07-27 17:00:00,WLS_DDR_08,SENS_WLS_DDR_08,0.0,0.0,Green - Normal,94
2024-07-27 17:00:00,WLS_CHM_09,SENS_WLS_CHM_09,0.0,0.0,Green - Normal,93
2024-07-27 17:00:00,WLS_MLD_10,SENS_WLS_MLD_10,0.0,0.0,Green - Normal,96
2024-07-27 17:00:00,WLS_DHS_11,SENS_WLS_DHS_11,0.0,0.0,Green - Normal,97
2024-07-27 17:00:00,WLS_CHN_12,SENS_WLS_CHN_12,0.0,0.0,Green - Normal,89
2024-07-27 17:00:00,WLS_WRL_13,SENS_WLS_WRL_13,0.0,0.0,Green - Normal,93
2024-07-27 17:00:00,WLS_BYC_14,SENS_WLS_BYC_14,0.0,0.0,Green - Normal,99
2024-07-27 17:00:00,WLS_MNK_15,SENS_WLS_MNK_15,0.0,0.0,Green - Normal,99
2024-07-27 18:00:00,WLS_HND_01,SENS_WLS_HND_01,0.0,0.0,Green - Normal,100
2024-07-27 18:00:00,WLS_GND_02,SENS_WLS_GND_02,0.0,0.0,Green - Normal,93
2024-07-27 18:00:00,WLS_MLN_03,SENS_WLS_MLN_03,0.0,0.0,Green - Normal,99
2024-07-27 18:00:00,WLS_AND_04,SENS_WLS_AND_04,0.0,0.0,Green - Normal,89
2024-07-27 18:00:00,WLS_KHR_05,SENS_WLS_KHR_05,0.0,0.0,Green - Normal,89
2024-07-27 18:00:00,WLS_KRL_06,SENS_WLS_KRL_06,0.0,0.0,Green - Normal,90
2024-07-27 18:00:00,WLS_SIO_07,SENS_WLS_SIO_07,0.0,0.0,Green - Normal,90
2024-07-27 18:00:00,WLS_DDR_08,SENS_WLS_DDR_08,0.0,0.0,Green - Normal,93
2024-07-27 18:00:00,WLS_CHM_09,SENS_WLS_CHM_09,0.0,0.0,Green - Normal,89
2024-07-27 18:00:00,WLS_MLD_10,SENS_WLS_MLD_10,0.0,0.0,Green - Normal,100
2024-07-27 18:00:00,WLS_DHS_11,SENS_WLS_DHS_11,0.0,0.0,Green - Normal,92
2024-07-27 18:00:00,WLS_CHN_12,SENS_WLS_CHN_12,0.0,0.0,Green - Normal,96
2024-07-27 18:00:00,WLS_WRL_13,SENS_WLS_WRL_13,0.0,0.0,Green - Normal,95
2024-07-27 18:00:00,WLS_BYC_14,SENS_WLS_BYC_14,0.0,0.0,Green - Normal,89
2024-07-27 18:00:00,WLS_MNK_15,SENS_WLS_MNK_15,0.0,0.0,Green - Normal,97
2024-07-27 19:00:00,WLS_HND_01,SENS_WLS_HND_01,0.0,0.0,Green - Normal,98
2024-07-27 19:00:00,WLS_GND_02,SENS_WLS_GND_02,0.0,0.0,Green - Normal,88
2024-07-27 19:00:00,WLS_MLN_03,SENS_WLS_MLN_03,0.0,0.0,Green - Normal,99
2024-07-27 19:00:00,WLS_AND_04,SENS_WLS_AND_04,0.0,0.0,Green - Normal,91
2024-07-27 19:00:00,WLS_KHR_05,SENS_WLS_KHR_05,0.0,0.0,Green - Normal,91
2024-07-27 19:00:00,WLS_KRL_06,SENS_WLS_KRL_06,0.0,0.0,Green - Normal,96
2024-07-27 19:00:00,WLS_SIO_07,SENS_WLS_SIO_07,0.0,0.0,Green - Normal,99
2024-07-27 19:00:00,WLS_DDR_08,SENS_WLS_DDR_08,0.0,0.0,Green - Normal,99
2024-07-27 19:00:00,WLS_CHM_09,SENS_WLS_CHM_09,0.0,0.0,Green - Normal,93
2024-07-27 19:00:00,WLS_MLD_10,SENS_WLS_MLD_10,0.0,0.0,Green - Normal,93
2024-07-27 19:00:00,WLS_DHS_11,SENS_WLS_DHS_11,0.0,0.0,Green - Normal,92
2024-07-27 19:00:00,WLS_CHN_12,SENS_WLS_CHN_12,0.0,0.0,Green - Normal,99
2024-07-27 19:00:00,WLS_WRL_13,SENS_WLS_WRL_13,0.0,0.0,Green - Normal,97
2024-07-27 19:00:00,WLS_BYC_14,SENS_WLS_BYC_14,0.0,0.0,Green - Normal,96
2024-07-27 19:00:00,WLS_MNK_15,SENS_WLS_MNK_15,0.0,0.0,Green - Normal,97
2024-07-27 20:00:00,WLS_HND_01,SENS_WLS_HND_01,0.0,0.0,Green - Normal,95
2024-07-27 20:00:00,WLS_GND_02,SENS_WLS_GND_02,0.0,0.0,Green - Normal,90
2024-07-27 20:00:00,WLS_MLN_03,SENS_WLS_MLN_03,0.0,0.0,Green - Normal,91
2024-07-27 20:00:00,WLS_AND_04,SENS_WLS_AND_04,0.0,0.0,Green - Normal,95
2024-07-27 20:00:00,WLS_KHR_05,SENS_WLS_KHR_05,0.0,0.0,Green - Normal,89
2024-07-27 20:00:00,WLS_KRL_06,SENS_WLS_KRL_06,0.0,0.0,Green - Normal,92
2024-07-27 20:00:00,WLS_SIO_07,SENS_WLS_SIO_07,0.0,0.0,Green - Normal,92
2024-07-27 20:00:00,WLS_DDR_08,SENS_WLS_DDR_08,0.0,0.0,Green - Normal,98
2024-07-27 20:00:00,WLS_CHM_09,SENS_WLS_CHM_09,0.0,0.0,Green - Normal,98
2024-07-27 20:00:00,WLS_MLD_10,SENS_WLS_MLD_10,0.0,0.0,Green - Normal,94
2024-07-27 20:00:00,WLS_DHS_11,SENS_WLS_DHS_11,0.0,0.0,Green - Normal,92
2024-07-27 20:00:00,WLS_CHN_12,SENS_WLS_CHN_12,0.0,0.0,Green - Normal,99
2024-07-27 20:00:00,WLS_WRL_13,SENS_WLS_WRL_13,0.0,0.0,Green - Normal,97
2024-07-27 20:00:00,WLS_BYC_14,SENS_WLS_BYC_14,0.0,0.0,Green - Normal,97
2024-07-27 20:00:00,WLS_MNK_15,SENS_WLS_MNK_15,0.0,0.0,Green - Normal,97
2024-07-27 21:00:00,WLS_HND_01,SENS_WLS_HND_01,0.0,0.0,Green - Normal,90
2024-07-27 21:00:00,WLS_GND_02,SENS_WLS_GND_02,0.0,0.0,Green - Normal,92
2024-07-27 21:00:00,WLS_MLN_03,SENS_WLS_MLN_03,0.0,0.0,Green - Normal,96
2024-07-27 21:00:00,WLS_AND_04,SENS_WLS_AND_04,0.0,0.0,Green - Normal,93
2024-07-27 21:00:00,WLS_KHR_05,SENS_WLS_KHR_05,0.0,0.0,Green - Normal,91
2024-07-27 21:00:00,WLS_KRL_06,SENS_WLS_KRL_06,0.0,0.0,Green - Normal,92
2024-07-27 21:00:00,WLS_SIO_07,SENS_WLS_SIO_07,0.0,0.0,Green - Normal,88
2024-07-27 21:00:00,WLS_DDR_08,SENS_WLS_DDR_08,0.0,0.0,Green - Normal,89
2024-07-27 21:00:00,WLS_CHM_09,SENS_WLS_CHM_09,0.0,0.0,Green - Normal,100
2024-07-27 21:00:00,WLS_MLD_10,SENS_WLS_MLD_10,0.0,0.0,Green - Normal,95
2024-07-27 21:00:00,WLS_DHS_11,SENS_WLS_DHS_11,0.0,0.0,Green - Normal,93
2024-07-27 21:00:00,WLS_CHN_12,SENS_WLS_CHN_12,0.0,0.0,Green - Normal,92
2024-07-27 21:00:00,WLS_WRL_13,SENS_WLS_WRL_13,0.0,0.0,Green - Normal,94
2024-07-27 21:00:00,WLS_BYC_14,SENS_WLS_BYC_14,0.0,0.0,Green - Normal,99
2024-07-27 21:00:00,WLS_MNK_15,SENS_WLS_MNK_15,0.0,0.0,Green - Normal,91
2024-07-27 22:00:00,WLS_HND_01,SENS_WLS_HND_01,0.0,0.0,Green - Normal,97
2024-07-27 22:00:00,WLS_GND_02,SENS_WLS_GND_02,0.0,0.0,Green - Normal,98
2024-07-27 22:00:00,WLS_MLN_03,SENS_WLS_MLN_03,0.0,0.0,Green - Normal,97
2024-07-27 22:00:00,WLS_AND_04,SENS_WLS_AND_04,0.0,0.0,Green - Normal,96
2024-07-27 22:00:00,WLS_KHR_05,SENS_WLS_KHR_05,0.0,0.0,Green - Normal,92
2024-07-27 22:00:00,WLS_KRL_06,SENS_WLS_KRL_06,0.0,0.0,Green - Normal,94
2024-07-27 22:00:00,WLS_SIO_07,SENS_WLS_SIO_07,0.0,0.0,Green - Normal,91
2024-07-27 22:00:00,WLS_DDR_08,SENS_WLS_DDR_08,0.0,0.0,Green - Normal,93
2024-07-27 22:00:00,WLS_CHM_09,SENS_WLS_CHM_09,0.0,0.0,Green - Normal,99
2024-07-27 22:00:00,WLS_MLD_10,SENS_WLS_MLD_10,0.0,0.0,Green - Normal,89
2024-07-27 22:00:00,WLS_DHS_11,SENS_WLS_DHS_11,0.0,0.0,Green - Normal,100
2024-07-27 22:00:00,WLS_CHN_12,SENS_WLS_CHN_12,0.0,0.0,Green - Normal,93
2024-07-27 22:00:00,WLS_WRL_13,SENS_WLS_WRL_13,0.0,0.0,Green - Normal,96
2024-07-27 22:00:00,WLS_BYC_14,SENS_WLS_BYC_14,0.0,0.0,Green - Normal,88
2024-07-27 22:00:00,WLS_MNK_15,SENS_WLS_MNK_15,0.0,0.0,Green - Normal,89
2024-07-27 23:00:00,WLS_HND_01,SENS_WLS_HND_01,0.0,0.0,Green - Normal,88
2024-07-27 23:00:00,WLS_GND_02,SENS_WLS_GND_02,0.0,0.0,Green - Normal,97
2024-07-27 23:00:00,WLS_MLN_03,SENS_WLS_MLN_03,0.0,0.0,Green - Normal,92
2024-07-27 23:00:00,WLS_AND_04,SENS_WLS_AND_04,0.0,0.0,Green - Normal,93
2024-07-27 23:00:00,WLS_KHR_05,SENS_WLS_KHR_05,0.0,0.0,Green - Normal,95
2024-07-27 23:00:00,WLS_KRL_06,SENS_WLS_KRL_06,0.0,0.0,Green - Normal,95
2024-07-27 23:00:00,WLS_SIO_07,SENS_WLS_SIO_07,0.0,0.0,Green - Normal,99
2024-07-27 23:00:00,WLS_DDR_08,SENS_WLS_DDR_08,0.0,0.0,Green - Normal,97
2024-07-27 23:00:00,WLS_CHM_09,SENS_WLS_CHM_09,0.0,0.0,Green - Normal,88
2024-07-27 23:00:00,WLS_MLD_10,SENS_WLS_MLD_10,0.0,0.0,Green - Normal,95
2024-07-27 23:00:00,WLS_DHS_11,SENS_WLS_DHS_11,0.0,0.0,Green - Normal,96
2024-07-27 23:00:00,WLS_CHN_12,SENS_WLS_CHN_12,0.0,0.0,Green - Normal,92
2024-07-27 23:00:00,WLS_WRL_13,SENS_WLS_WRL_13,0.0,0.0,Green - Normal,88
2024-07-27 23:00:00,WLS_BYC_14,SENS_WLS_BYC_14,0.0,0.0,Green - Normal,99
2024-07-27 23:00:00,WLS_MNK_15,SENS_WLS_MNK_15,0.0,0.0,Green - Normal,95
2024-07-28 00:00:00,WLS_HND_01,SENS_WLS_HND_01,0.0,0.0,Green - Normal,89
2024-07-28 00:00:00,WLS_GND_02,SENS_WLS_GND_02,0.0,0.0,Green - Normal,97
2024-07-28 00:00:00,WLS_MLN_03,SENS_WLS_MLN_03,0.0,0.0,Green - Normal,93
2024-07-28 00:00:00,WLS_AND_04,SENS_WLS_AND_04,0.0,0.0,Green - Normal,100
2024-07-28 00:00:00,WLS_KHR_05,SENS_WLS_KHR_05,0.0,0.0,Green - Normal,89
2024-07-28 00:00:00,WLS_KRL_06,SENS_WLS_KRL_06,0.0,0.0,Green - Normal,93
2024-07-28 00:00:00,WLS_SIO_07,SENS_WLS_SIO_07,0.0,0.0,Green - Normal,94
2024-07-28 00:00:00,WLS_DDR_08,SENS_WLS_DDR_08,0.0,0.0,Green - Normal,91
2024-07-28 00:00:00,WLS_CHM_09,SENS_WLS_CHM_09,0.0,0.0,Green - Normal,100
2024-07-28 00:00:00,WLS_MLD_10,SENS_WLS_MLD_10,0.0,0.0,Green - Normal,97
2024-07-28 00:00:00,WLS_DHS_11,SENS_WLS_DHS_11,0.0,0.0,Green - Normal,99
2024-07-28 00:00:00,WLS_CHN_12,SENS_WLS_CHN_12,0.0,0.0,Green - Normal,97
2024-07-28 00:00:00,WLS_WRL_13,SENS_WLS_WRL_13,0.0,0.0,Green - Normal,96
2024-07-28 00:00:00,WLS_BYC_14,SENS_WLS_BYC_14,0.0,0.0,Green - Normal,97
2024-07-28 00:00:00,WLS_MNK_15,SENS_WLS_MNK_15,0.0,0.0,Green - Normal,94
2024-07-28 01:00:00,WLS_HND_01,SENS_WLS_HND_01,0.0,0.0,Green - Normal,100
2024-07-28 01:00:00,WLS_GND_02,SENS_WLS_GND_02,0.0,0.0,Green - Normal,99
2024-07-28 01:00:00,WLS_MLN_03,SENS_WLS_MLN_03,0.0,0.0,Green - Normal,100
2024-07-28 01:00:00,WLS_AND_04,SENS_WLS_AND_04,0.0,0.0,Green - Normal,96
2024-07-28 01:00:00,WLS_KHR_05,SENS_WLS_KHR_05,0.0,0.0,Green - Normal,98
2024-07-28 01:00:00,WLS_KRL_06,SENS_WLS_KRL_06,0.0,0.0,Green - Normal,95
2024-07-28 01:00:00,WLS_SIO_07,SENS_WLS_SIO_07,0.0,0.0,Green - Normal,90
2024-07-28 01:00:00,WLS_DDR_08,SENS_WLS_DDR_08,0.0,0.0,Green - Normal,91
2024-07-28 01:00:00,WLS_CHM_09,SENS_WLS_CHM_09,0.0,0.0,Green - Normal,98
2024-07-28 01:00:00,WLS_MLD_10,SENS_WLS_MLD_10,0.0,0.0,Green - Normal,95
2024-07-28 01:00:00,WLS_DHS_11,SENS_WLS_DHS_11,0.0,0.0,Green - Normal,98
2024-07-28 01:00:00,WLS_CHN_12,SENS_WLS_CHN_12,0.0,0.0,Green - Normal,100
2024-07-28 01:00:00,WLS_WRL_13,SENS_WLS_WRL_13,0.0,0.0,Green - Normal,89
2024-07-28 01:00:00,WLS_BYC_14,SENS_WLS_BYC_14,0.0,0.0,Green - Normal,96
2024-07-28 01:00:00,WLS_MNK_15,SENS_WLS_MNK_15,0.0,0.0,Green - Normal,93
2024-07-28 02:00:00,WLS_HND_01,SENS_WLS_HND_01,0.0,0.0,Green - Normal,93
2024-07-28 02:00:00,WLS_GND_02,SENS_WLS_GND_02,0.0,0.0,Green - Normal,94
2024-07-28 02:00:00,WLS_MLN_03,SENS_WLS_MLN_03,0.0,0.0,Green - Normal,88
2024-07-28 02:00:00,WLS_AND_04,SENS_WLS_AND_04,0.0,0.0,Green - Normal,98
2024-07-28 02:00:00,WLS_KHR_05,SENS_WLS_KHR_05,0.0,0.0,Green - Normal,88
2024-07-28 02:00:00,WLS_KRL_06,SENS_WLS_KRL_06,0.0,0.0,Green - Normal,91
2024-07-28 02:00:00,WLS_SIO_07,SENS_WLS_SIO_07,0.0,0.0,Green - Normal,92
2024-07-28 02:00:00,WLS_DDR_08,SENS_WLS_DDR_08,0.0,0.0,Green - Normal,99
2024-07-28 02:00:00,WLS_CHM_09,SENS_WLS_CHM_09,0.0,0.0,Green - Normal,91
2024-07-28 02:00:00,WLS_MLD_10,SENS_WLS_MLD_10,0.0,0.0,Green - Normal,88
2024-07-28 02:00:00,WLS_DHS_11,SENS_WLS_DHS_11,0.0,0.0,Green - Normal,90
2024-07-28 02:00:00,WLS_CHN_12,SENS_WLS_CHN_12,0.0,0.0,Green - Normal,91
2024-07-28 02:00:00,WLS_WRL_13,SENS_WLS_WRL_13,0.0,0.0,Green - Normal,99
2024-07-28 02:00:00,WLS_BYC_14,SENS_WLS_BYC_14,0.0,0.0,Green - Normal,96
2024-07-28 02:00:00,WLS_MNK_15,SENS_WLS_MNK_15,0.0,0.0,Green - Normal,88
2024-07-28 03:00:00,WLS_HND_01,SENS_WLS_HND_01,0.0,0.0,Green - Normal,93
2024-07-28 03:00:00,WLS_GND_02,SENS_WLS_GND_02,0.0,0.0,Green - Normal,96
2024-07-28 03:00:00,WLS_MLN_03,SENS_WLS_MLN_03,0.0,0.0,Green - Normal,91
2024-07-28 03:00:00,WLS_AND_04,SENS_WLS_AND_04,0.0,0.0,Green - Normal,96
2024-07-28 03:00:00,WLS_KHR_05,SENS_WLS_KHR_05,0.0,0.0,Green - Normal,93
2024-07-28 03:00:00,WLS_KRL_06,SENS_WLS_KRL_06,0.0,0.0,Green - Normal,92
2024-07-28 03:00:00,WLS_SIO_07,SENS_WLS_SIO_07,0.0,0.0,Green - Normal,96
2024-07-28 03:00:00,WLS_DDR_08,SENS_WLS_DDR_08,0.0,0.0,Green - Normal,98
2024-07-28 03:00:00,WLS_CHM_09,SENS_WLS_CHM_09,0.0,0.0,Green - Normal,91
2024-07-28 03:00:00,WLS_MLD_10,SENS_WLS_MLD_10,0.0,0.0,Green - Normal,90
2024-07-28 03:00:00,WLS_DHS_11,SENS_WLS_DHS_11,0.0,0.0,Green - Normal,89
2024-07-28 03:00:00,WLS_CHN_12,SENS_WLS_CHN_12,0.0,0.0,Green - Normal,91
2024-07-28 03:00:00,WLS_WRL_13,SENS_WLS_WRL_13,0.0,0.0,Green - Normal,88
2024-07-28 03:00:00,WLS_BYC_14,SENS_WLS_BYC_14,0.0,0.0,Green - Normal,91
2024-07-28 03:00:00,WLS_MNK_15,SENS_WLS_MNK_15,0.0,0.0,Green - Normal,99
2024-07-28 04:00:00,WLS_HND_01,SENS_WLS_HND_01,0.0,0.0,Green - Normal,88
2024-07-28 04:00:00,WLS_GND_02,SENS_WLS_GND_02,0.0,0.0,Green - Normal,98
2024-07-28 04:00:00,WLS_MLN_03,SENS_WLS_MLN_03,0.0,0.0,Green - Normal,99
2024-07-28 04:00:00,WLS_AND_04,SENS_WLS_AND_04,0.0,0.0,Green - Normal,95
2024-07-28 04:00:00,WLS_KHR_05,SENS_WLS_KHR_05,0.0,0.0,Green - Normal,89
2024-07-28 04:00:00,WLS_KRL_06,SENS_WLS_KRL_06,0.0,0.0,Green - Normal,89
2024-07-28 04:00:00,WLS_SIO_07,SENS_WLS_SIO_07,0.0,0.0,Green - Normal,98
2024-07-28 04:00:00,WLS_DDR_08,SENS_WLS_DDR_08,0.0,0.0,Green - Normal,92
2024-07-28 04:00:00,WLS_CHM_09,SENS_WLS_CHM_09,0.0,0.0,Green - Normal,100
2024-07-28 04:00:00,WLS_MLD_10,SENS_WLS_MLD_10,0.0,0.0,Green - Normal,100
2024-07-28 04:00:00,WLS_DHS_11,SENS_WLS_DHS_11,0.0,0.0,Green - Normal,92
2024-07-28 04:00:00,WLS_CHN_12,SENS_WLS_CHN_12,0.0,0.0,Green - Normal,90
2024-07-28 04:00:00,WLS_WRL_13,SENS_WLS_WRL_13,0.0,0.0,Green - Normal,94
2024-07-28 04:00:00,WLS_BYC_14,SENS_WLS_BYC_14,0.0,0.0,Green - Normal,92
2024-07-28 04:00:00,WLS_MNK_15,SENS_WLS_MNK_15,0.0,0.0,Green - Normal,90
2024-07-28 05:00:00,WLS_HND_01,SENS_WLS_HND_01,0.0,0.0,Green - Normal,90
2024-07-28 05:00:00,WLS_GND_02,SENS_WLS_GND_02,0.0,0.0,Green - Normal,98
2024-07-28 05:00:00,WLS_MLN_03,SENS_WLS_MLN_03,0.0,0.0,Green - Normal,99
2024-07-28 05:00:00,WLS_AND_04,SENS_WLS_AND_04,0.0,0.0,Green - Normal,97
2024-07-28 05:00:00,WLS_KHR_05,SENS_WLS_KHR_05,0.0,0.0,Green - Normal,92
2024-07-28 05:00:00,WLS_KRL_06,SENS_WLS_KRL_06,0.0,0.0,Green - Normal,89
2024-07-28 05:00:00,WLS_SIO_07,SENS_WLS_SIO_07,0.0,0.0,Green - Normal,91
2024-07-28 05:00:00,WLS_DDR_08,SENS_WLS_DDR_08,0.0,0.0,Green - Normal,90
2024-07-28 05:00:00,WLS_CHM_09,SENS_WLS_CHM_09,0.0,0.0,Green - Normal,89
2024-07-28 05:00:00,WLS_MLD_10,SENS_WLS_MLD_10,0.0,0.0,Green - Normal,94
2024-07-28 05:00:00,WLS_DHS_11,SENS_WLS_DHS_11,0.0,0.0,Green - Normal,89
2024-07-28 05:00:00,WLS_CHN_12,SENS_WLS_CHN_12,0.0,0.0,Green - Normal,99
2024-07-28 05:00:00,WLS_WRL_13,SENS_WLS_WRL_13,0.0,0.0,Green - Normal,93
2024-07-28 05:00:00,WLS_BYC_14,SENS_WLS_BYC_14,0.0,0.0,Green - Normal,100
2024-07-28 05:00:00,WLS_MNK_15,SENS_WLS_MNK_15,0.0,0.0,Green - Normal,96
2024-07-28 06:00:00,WLS_HND_01,SENS_WLS_HND_01,0.0,0.0,Green - Normal,98
2024-07-28 06:00:00,WLS_GND_02,SENS_WLS_GND_02,0.0,0.0,Green - Normal,95
2024-07-28 06:00:00,WLS_MLN_03,SENS_WLS_MLN_03,0.0,0.0,Green - Normal,94
2024-07-28 06:00:00,WLS_AND_04,SENS_WLS_AND_04,0.0,0.0,Green - Normal,89
2024-07-28 06:00:00,WLS_KHR_05,SENS_WLS_KHR_05,0.0,0.0,Green - Normal,91
2024-07-28 06:00:00,WLS_KRL_06,SENS_WLS_KRL_06,0.0,0.0,Green - Normal,92
2024-07-28 06:00:00,WLS_SIO_07,SENS_WLS_SIO_07,0.0,0.0,Green - Normal,98
2024-07-28 06:00:00,WLS_DDR_08,SENS_WLS_DDR_08,0.0,0.0,Green - Normal,88
2024-07-28 06:00:00,WLS_CHM_09,SENS_WLS_CHM_09,0.0,0.0,Green - Normal,88
2024-07-28 06:00:00,WLS_MLD_10,SENS_WLS_MLD_10,0.0,0.0,Green - Normal,97
2024-07-28 06:00:00,WLS_DHS_11,SENS_WLS_DHS_11,0.0,0.0,Green - Normal,95
2024-07-28 06:00:00,WLS_CHN_12,SENS_WLS_CHN_12,0.0,0.0,Green - Normal,94
2024-07-28 06:00:00,WLS_WRL_13,SENS_WLS_WRL_13,0.0,0.0,Green - Normal,96
2024-07-28 06:00:00,WLS_BYC_14,SENS_WLS_BYC_14,0.0,0.0,Green - Normal,99
2024-07-28 06:00:00,WLS_MNK_15,SENS_WLS_MNK_15,0.0,0.0,Green - Normal,91
2024-07-28 07:00:00,WLS_HND_01,SENS_WLS_HND_01,0.0,0.0,Green - Normal,98
2024-07-28 07:00:00,WLS_GND_02,SENS_WLS_GND_02,0.0,0.0,Green - Normal,91
2024-07-28 07:00:00,WLS_MLN_03,SENS_WLS_MLN_03,0.0,0.0,Green - Normal,89
2024-07-28 07:00:00,WLS_AND_04,SENS_WLS_AND_04,0.0,0.0,Green - Normal,90
2024-07-28 07:00:00,WLS_KHR_05,SENS_WLS_KHR_05,0.0,0.0,Green - Normal,90
2024-07-28 07:00:00,WLS_KRL_06,SENS_WLS_KRL_06,0.0,0.0,Green - Normal,98
2024-07-28 07:00:00,WLS_SIO_07,SENS_WLS_SIO_07,0.0,0.0,Green - Normal,92
2024-07-28 07:00:00,WLS_DDR_08,SENS_WLS_DDR_08,0.0,0.0,Green - Normal,88
2024-07-28 07:00:00,WLS_CHM_09,SENS_WLS_CHM_09,0.0,0.0,Green - Normal,92
2024-07-28 07:00:00,WLS_MLD_10,SENS_WLS_MLD_10,0.0,0.0,Green - Normal,96
2024-07-28 07:00:00,WLS_DHS_11,SENS_WLS_DHS_11,0.0,0.0,Green - Normal,98
2024-07-28 07:00:00,WLS_CHN_12,SENS_WLS_CHN_12,0.0,0.0,Green - Normal,91
2024-07-28 07:00:00,WLS_WRL_13,SENS_WLS_WRL_13,0.0,0.0,Green - Normal,89
2024-07-28 07:00:00,WLS_BYC_14,SENS_WLS_BYC_14,0.0,0.0,Green - Normal,97
2024-07-28 07:00:00,WLS_MNK_15,SENS_WLS_MNK_15,0.0,0.0,Green - Normal,95
2024-07-28 08:00:00,WLS_HND_01,SENS_WLS_HND_01,0.0,0.0,Green - Normal,98
2024-07-28 08:00:00,WLS_GND_02,SENS_WLS_GND_02,0.0,0.0,Green - Normal,100
2024-07-28 08:00:00,WLS_MLN_03,SENS_WLS_MLN_03,0.0,0.0,Green - Normal,94
2024-07-28 08:00:00,WLS_AND_04,SENS_WLS_AND_04,0.0,0.0,Green - Normal,97
2024-07-28 08:00:00,WLS_KHR_05,SENS_WLS_KHR_05,0.0,0.0,Green - Normal,98
2024-07-28 08:00:00,WLS_KRL_06,SENS_WLS_KRL_06,0.0,0.0,Green - Normal,89
2024-07-28 08:00:00,WLS_SIO_07,SENS_WLS_SIO_07,0.0,0.0,Green - Normal,91
2024-07-28 08:00:00,WLS_DDR_08,SENS_WLS_DDR_08,0.0,0.0,Green - Normal,90
2024-07-28 08:00:00,WLS_CHM_09,SENS_WLS_CHM_09,0.0,0.0,Green - Normal,91
2024-07-28 08:00:00,WLS_MLD_10,SENS_WLS_MLD_10,0.0,0.0,Green - Normal,88
2024-07-28 08:00:00,WLS_DHS_11,SENS_WLS_DHS_11,0.0,0.0,Green - Normal,91
2024-07-28 08:00:00,WLS_CHN_12,SENS_WLS_CHN_12,0.0,0.0,Green - Normal,96
2024-07-28 08:00:00,WLS_WRL_13,SENS_WLS_WRL_13,0.0,0.0,Green - Normal,95
2024-07-28 08:00:00,WLS_BYC_14,SENS_WLS_BYC_14,0.0,0.0,Green - Normal,90
2024-07-28 08:00:00,WLS_MNK_15,SENS_WLS_MNK_15,0.0,0.0,Green - Normal,89
2024-07-28 09:00:00,WLS_HND_01,SENS_WLS_HND_01,0.0,0.0,Green - Normal,97
2024-07-28 09:00:00,WLS_GND_02,SENS_WLS_GND_02,0.0,0.0,Green - Normal,88
2024-07-28 09:00:00,WLS_MLN_03,SENS_WLS_MLN_03,0.0,0.0,Green - Normal,92
2024-07-28 09:00:00,WLS_AND_04,SENS_WLS_AND_04,0.0,0.0,Green - Normal,90
2024-07-28 09:00:00,WLS_KHR_05,SENS_WLS_KHR_05,0.0,0.0,Green - Normal,93
2024-07-28 09:00:00,WLS_KRL_06,SENS_WLS_KRL_06,0.0,0.0,Green - Normal,88
2024-07-28 09:00:00,WLS_SIO_07,SENS_WLS_SIO_07,0.0,0.0,Green - Normal,100
2024-07-28 09:00:00,WLS_DDR_08,SENS_WLS_DDR_08,0.0,0.0,Green - Normal,99
2024-07-28 09:00:00,WLS_CHM_09,SENS_WLS_CHM_09,0.0,0.0,Green - Normal,100
2024-07-28 09:00:00,WLS_MLD_10,SENS_WLS_MLD_10,0.0,0.0,Green - Normal,88
2024-07-28 09:00:00,WLS_DHS_11,SENS_WLS_DHS_11,0.0,0.0,Green - Normal,92
2024-07-28 09:00:00,WLS_CHN_12,SENS_WLS_CHN_12,0.0,0.0,Green - Normal,94
2024-07-28 09:00:00,WLS_WRL_13,SENS_WLS_WRL_13,0.0,0.0,Green - Normal,99
2024-07-28 09:00:00,WLS_BYC_14,SENS_WLS_BYC_14,0.0,0.0,Green - Normal,88
2024-07-28 09:00:00,WLS_MNK_15,SENS_WLS_MNK_15,0.0,0.0,Green - Normal,92
2024-07-28 10:00:00,WLS_HND_01,SENS_WLS_HND_01,0.0,0.0,Green - Normal,96
2024-07-28 10:00:00,WLS_GND_02,SENS_WLS_GND_02,0.0,0.0,Green - Normal,88
2024-07-28 10:00:00,WLS_MLN_03,SENS_WLS_MLN_03,0.0,0.0,Green - Normal,90
2024-07-28 10:00:00,WLS_AND_04,SENS_WLS_AND_04,0.0,0.0,Green - Normal,92
2024-07-28 10:00:00,WLS_KHR_05,SENS_WLS_KHR_05,0.0,0.0,Green - Normal,98
2024-07-28 10:00:00,WLS_KRL_06,SENS_WLS_KRL_06,0.0,0.0,Green - Normal,88
2024-07-28 10:00:00,WLS_SIO_07,SENS_WLS_SIO_07,0.0,0.0,Green - Normal,89
2024-07-28 10:00:00,WLS_DDR_08,SENS_WLS_DDR_08,0.0,0.0,Green - Normal,100
2024-07-28 10:00:00,WLS_CHM_09,SENS_WLS_CHM_09,0.0,0.0,Green - Normal,100
2024-07-28 10:00:00,WLS_MLD_10,SENS_WLS_MLD_10,0.0,0.0,Green - Normal,89
2024-07-28 10:00:00,WLS_DHS_11,SENS_WLS_DHS_11,0.0,0.0,Green - Normal,95
2024-07-28 10:00:00,WLS_CHN_12,SENS_WLS_CHN_12,0.0,0.0,Green - Normal,94
2024-07-28 10:00:00,WLS_WRL_13,SENS_WLS_WRL_13,0.0,0.0,Green - Normal,96
2024-07-28 10:00:00,WLS_BYC_14,SENS_WLS_BYC_14,0.0,0.0,Green - Normal,97
2024-07-28 10:00:00,WLS_MNK_15,SENS_WLS_MNK_15,0.0,0.0,Green - Normal,100
2024-07-28 11:00:00,WLS_HND_01,SENS_WLS_HND_01,0.0,0.0,Green - Normal,98
2024-07-28 11:00:00,WLS_GND_02,SENS_WLS_GND_02,0.0,0.0,Green - Normal,89
2024-07-28 11:00:00,WLS_MLN_03,SENS_WLS_MLN_03,0.0,0.0,Green - Normal,91
2024-07-28 11:00:00,WLS_AND_04,SENS_WLS_AND_04,0.0,0.0,Green - Normal,93
2024-07-28 11:00:00,WLS_KHR_05,SENS_WLS_KHR_05,0.0,0.0,Green - Normal,98
2024-07-28 11:00:00,WLS_KRL_06,SENS_WLS_KRL_06,0.0,0.0,Green - Normal,89
2024-07-28 11:00:00,WLS_SIO_07,SENS_WLS_SIO_07,0.0,0.0,Green - Normal,95
2024-07-28 11:00:00,WLS_DDR_08,SENS_WLS_DDR_08,0.0,0.0,Green - Normal,89
2024-07-28 11:00:00,WLS_CHM_09,SENS_WLS_CHM_09,0.0,0.0,Green - Normal,89
2024-07-28 11:00:00,WLS_MLD_10,SENS_WLS_MLD_10,0.0,0.0,Green - Normal,89
2024-07-28 11:00:00,WLS_DHS_11,SENS_WLS_DHS_11,0.0,0.0,Green - Normal,98
2024-07-28 11:00:00,WLS_CHN_12,SENS_WLS_CHN_12,0.0,0.0,Green - Normal,91
2024-07-28 11:00:00,WLS_WRL_13,SENS_WLS_WRL_13,0.0,0.0,Green - Normal,90
2024-07-28 11:00:00,WLS_BYC_14,SENS_WLS_BYC_14,0.0,0.0,Green - Normal,89
2024-07-28 11:00:00,WLS_MNK_15,SENS_WLS_MNK_15,0.0,0.0,Green - Normal,99
2024-07-28 12:00:00,WLS_HND_01,SENS_WLS_HND_01,0.0,0.0,Green - Normal,89
2024-07-28 12:00:00,WLS_GND_02,SENS_WLS_GND_02,0.0,0.0,Green - Normal,98
2024-07-28 12:00:00,WLS_MLN_03,SENS_WLS_MLN_03,0.0,0.0,Green - Normal,98
2024-07-28 12:00:00,WLS_AND_04,SENS_WLS_AND_04,0.0,0.0,Green - Normal,94
2024-07-28 12:00:00,WLS_KHR_05,SENS_WLS_KHR_05,0.0,0.0,Green - Normal,96
2024-07-28 12:00:00,WLS_KRL_06,SENS_WLS_KRL_06,0.0,0.0,Green - Normal,89
2024-07-28 12:00:00,WLS_SIO_07,SENS_WLS_SIO_07,0.0,0.0,Green - Normal,90
2024-07-28 12:00:00,WLS_DDR_08,SENS_WLS_DDR_08,0.0,0.0,Green - Normal,91
2024-07-28 12:00:00,WLS_CHM_09,SENS_WLS_CHM_09,0.0,0.0,Green - Normal,88
2024-07-28 12:00:00,WLS_MLD_10,SENS_WLS_MLD_10,0.0,0.0,Green - Normal,93
2024-07-28 12:00:00,WLS_DHS_11,SENS_WLS_DHS_11,0.0,0.0,Green - Normal,96
2024-07-28 12:00:00,WLS_CHN_12,SENS_WLS_CHN_12,0.0,0.0,Green - Normal,99
2024-07-28 12:00:00,WLS_WRL_13,SENS_WLS_WRL_13,0.0,0.0,Green - Normal,91
2024-07-28 12:00:00,WLS_BYC_14,SENS_WLS_BYC_14,0.0,0.0,Green - Normal,96
2024-07-28 12:00:00,WLS_MNK_15,SENS_WLS_MNK_15,0.0,0.0,Green - Normal,96
2024-07-28 13:00:00,WLS_HND_01,SENS_WLS_HND_01,0.0,0.0,Green - Normal,96
2024-07-28 13:00:00,WLS_GND_02,SENS_WLS_GND_02,0.0,0.0,Green - Normal,93
2024-07-28 13:00:00,WLS_MLN_03,SENS_WLS_MLN_03,0.0,0.0,Green - Normal,94
2024-07-28 13:00:00,WLS_AND_04,SENS_WLS_AND_04,0.0,0.0,Green - Normal,94
2024-07-28 13:00:00,WLS_KHR_05,SENS_WLS_KHR_05,0.0,0.0,Green - Normal,95
2024-07-28 13:00:00,WLS_KRL_06,SENS_WLS_KRL_06,0.0,0.0,Green - Normal,88
2024-07-28 13:00:00,WLS_SIO_07,SENS_WLS_SIO_07,0.0,0.0,Green - Normal,93
2024-07-28 13:00:00,WLS_DDR_08,SENS_WLS_DDR_08,0.0,0.0,Green - Normal,96
2024-07-28 13:00:00,WLS_CHM_09,SENS_WLS_CHM_09,0.0,0.0,Green - Normal,95
2024-07-28 13:00:00,WLS_MLD_10,SENS_WLS_MLD_10,0.0,0.0,Green - Normal,94
2024-07-28 13:00:00,WLS_DHS_11,SENS_WLS_DHS_11,0.0,0.0,Green - Normal,94
2024-07-28 13:00:00,WLS_CHN_12,SENS_WLS_CHN_12,0.0,0.0,Green - Normal,91
2024-07-28 13:00:00,WLS_WRL_13,SENS_WLS_WRL_13,0.0,0.0,Green - Normal,89
2024-07-28 13:00:00,WLS_BYC_14,SENS_WLS_BYC_14,0.0,0.0,Green - Normal,91
2024-07-28 13:00:00,WLS_MNK_15,SENS_WLS_MNK_15,0.0,0.0,Green - Normal,97
2024-07-28 14:00:00,WLS_HND_01,SENS_WLS_HND_01,0.0,0.0,Green - Normal,96
2024-07-28 14:00:00,WLS_GND_02,SENS_WLS_GND_02,0.0,0.0,Green - Normal,92
2024-07-28 14:00:00,WLS_MLN_03,SENS_WLS_MLN_03,0.0,0.0,Green - Normal,92
2024-07-28 14:00:00,WLS_AND_04,SENS_WLS_AND_04,0.0,0.0,Green - Normal,100
2024-07-28 14:00:00,WLS_KHR_05,SENS_WLS_KHR_05,0.0,0.0,Green - Normal,91
2024-07-28 14:00:00,WLS_KRL_06,SENS_WLS_KRL_06,0.0,0.0,Green - Normal,92
2024-07-28 14:00:00,WLS_SIO_07,SENS_WLS_SIO_07,0.0,0.0,Green - Normal,88
2024-07-28 14:00:00,WLS_DDR_08,SENS_WLS_DDR_08,0.0,0.0,Green - Normal,99
2024-07-28 14:00:00,WLS_CHM_09,SENS_WLS_CHM_09,0.0,0.0,Green - Normal,88
2024-07-28 14:00:00,WLS_MLD_10,SENS_WLS_MLD_10,0.0,0.0,Green - Normal,91
2024-07-28 14:00:00,WLS_DHS_11,SENS_WLS_DHS_11,0.0,0.0,Green - Normal,93
2024-07-28 14:00:00,WLS_CHN_12,SENS_WLS_CHN_12,0.0,0.0,Green - Normal,91
2024-07-28 14:00:00,WLS_WRL_13,SENS_WLS_WRL_13,0.0,0.0,Green - Normal,90
2024-07-28 14:00:00,WLS_BYC_14,SENS_WLS_BYC_14,0.0,0.0,Green - Normal,100
2024-07-28 14:00:00,WLS_MNK_15,SENS_WLS_MNK_15,0.0,0.0,Green - Normal,95
2024-07-28 15:00:00,WLS_HND_01,SENS_WLS_HND_01,0.0,0.0,Green - Normal,93
2024-07-28 15:00:00,WLS_GND_02,SENS_WLS_GND_02,0.0,0.0,Green - Normal,91
2024-07-28 15:00:00,WLS_MLN_03,SENS_WLS_MLN_03,0.0,0.0,Green - Normal,94
2024-07-28 15:00:00,WLS_AND_04,SENS_WLS_AND_04,0.0,0.0,Green - Normal,89
2024-07-28 15:00:00,WLS_KHR_05,SENS_WLS_KHR_05,0.0,0.0,Green - Normal,97
2024-07-28 15:00:00,WLS_KRL_06,SENS_WLS_KRL_06,0.0,0.0,Green - Normal,97
2024-07-28 15:00:00,WLS_SIO_07,SENS_WLS_SIO_07,0.0,0.0,Green - Normal,100
2024-07-28 15:00:00,WLS_DDR_08,SENS_WLS_DDR_08,0.0,0.0,Green - Normal,98
2024-07-28 15:00:00,WLS_CHM_09,SENS_WLS_CHM_09,0.0,0.0,Green - Normal,91
2024-07-28 15:00:00,WLS_MLD_10,SENS_WLS_MLD_10,0.0,0.0,Green - Normal,98
2024-07-28 15:00:00,WLS_DHS_11,SENS_WLS_DHS_11,0.0,0.0,Green - Normal,94
2024-07-28 15:00:00,WLS_CHN_12,SENS_WLS_CHN_12,0.0,0.0,Green - Normal,92
2024-07-28 15:00:00,WLS_WRL_13,SENS_WLS_WRL_13,0.0,0.0,Green - Normal,99
2024-07-28 15:00:00,WLS_BYC_14,SENS_WLS_BYC_14,0.0,0.0,Green - Normal,90
2024-07-28 15:00:00,WLS_MNK_15,SENS_WLS_MNK_15,0.0,0.0,Green - Normal,92
2024-07-28 16:00:00,WLS_HND_01,SENS_WLS_HND_01,8.5,1.07,Green - Normal,95
2024-07-28 16:00:00,WLS_GND_02,SENS_WLS_GND_02,6.2,1.08,Green - Normal,89
2024-07-28 16:00:00,WLS_MLN_03,SENS_WLS_MLN_03,18.4,1.38,Amber Alert - Waterlogging,90
2024-07-28 16:00:00,WLS_AND_04,SENS_WLS_AND_04,16.7,1.38,Amber Alert - Waterlogging,98
2024-07-28 16:00:00,WLS_KHR_05,SENS_WLS_KHR_05,12.5,0.49,Green - Normal,89
2024-07-28 16:00:00,WLS_KRL_06,SENS_WLS_KRL_06,11.7,0.43,Green - Normal,91
2024-07-28 16:00:00,WLS_SIO_07,SENS_WLS_SIO_07,7.2,0.5,Green - Normal,92
2024-07-28 16:00:00,WLS_DDR_08,SENS_WLS_DDR_08,1.5,0.0,Green - Normal,95
2024-07-28 16:00:00,WLS_CHM_09,SENS_WLS_CHM_09,2.1,0.0,Green - Normal,94
2024-07-28 16:00:00,WLS_MLD_10,SENS_WLS_MLD_10,14.3,0.78,Green - Normal,88
2024-07-28 16:00:00,WLS_DHS_11,SENS_WLS_DHS_11,17.6,1.39,Amber Alert - Waterlogging,96
2024-07-28 16:00:00,WLS_CHN_12,SENS_WLS_CHN_12,5.1,0.54,Green - Normal,88
2024-07-28 16:00:00,WLS_WRL_13,SENS_WLS_WRL_13,0.0,0.0,Green - Normal,99
2024-07-28 16:00:00,WLS_BYC_14,SENS_WLS_BYC_14,6.4,1.19,Green - Normal,88
2024-07-28 16:00:00,WLS_MNK_15,SENS_WLS_MNK_15,12.7,0.83,Green - Normal,89
2024-07-28 17:00:00,WLS_HND_01,SENS_WLS_HND_01,0.0,0.0,Green - Normal,89
2024-07-28 17:00:00,WLS_GND_02,SENS_WLS_GND_02,0.0,0.0,Green - Normal,99
2024-07-28 17:00:00,WLS_MLN_03,SENS_WLS_MLN_03,0.0,0.0,Green - Normal,88
2024-07-28 17:00:00,WLS_AND_04,SENS_WLS_AND_04,0.0,0.0,Green - Normal,95
2024-07-28 17:00:00,WLS_KHR_05,SENS_WLS_KHR_05,0.0,0.0,Green - Normal,97
2024-07-28 17:00:00,WLS_KRL_06,SENS_WLS_KRL_06,0.0,0.0,Green - Normal,94
2024-07-28 17:00:00,WLS_SIO_07,SENS_WLS_SIO_07,0.0,0.0,Green - Normal,88
2024-07-28 17:00:00,WLS_DDR_08,SENS_WLS_DDR_08,0.0,0.0,Green - Normal,99
2024-07-28 17:00:00,WLS_CHM_09,SENS_WLS_CHM_09,0.0,0.0,Green - Normal,91
2024-07-28 17:00:00,WLS_MLD_10,SENS_WLS_MLD_10,0.0,0.0,Green - Normal,91
2024-07-28 17:00:00,WLS_DHS_11,SENS_WLS_DHS_11,0.0,0.0,Green - Normal,93
2024-07-28 17:00:00,WLS_CHN_12,SENS_WLS_CHN_12,0.0,0.0,Green - Normal,98
2024-07-28 17:00:00,WLS_WRL_13,SENS_WLS_WRL_13,0.0,0.0,Green - Normal,90
2024-07-28 17:00:00,WLS_BYC_14,SENS_WLS_BYC_14,0.0,0.0,Green - Normal,99
2024-07-28 17:00:00,WLS_MNK_15,SENS_WLS_MNK_15,0.0,0.0,Green - Normal,88
2024-07-28 18:00:00,WLS_HND_01,SENS_WLS_HND_01,0.0,0.0,Green - Normal,97
2024-07-28 18:00:00,WLS_GND_02,SENS_WLS_GND_02,0.0,0.0,Green - Normal,88
2024-07-28 18:00:00,WLS_MLN_03,SENS_WLS_MLN_03,0.0,0.0,Green - Normal,97
2024-07-28 18:00:00,WLS_AND_04,SENS_WLS_AND_04,0.0,0.0,Green - Normal,88
2024-07-28 18:00:00,WLS_KHR_05,SENS_WLS_KHR_05,0.0,0.0,Green - Normal,88
2024-07-28 18:00:00,WLS_KRL_06,SENS_WLS_KRL_06,0.0,0.0,Green - Normal,99
2024-07-28 18:00:00,WLS_SIO_07,SENS_WLS_SIO_07,0.0,0.0,Green - Normal,93
2024-07-28 18:00:00,WLS_DDR_08,SENS_WLS_DDR_08,0.0,0.0,Green - Normal,93
2024-07-28 18:00:00,WLS_CHM_09,SENS_WLS_CHM_09,0.0,0.0,Green - Normal,96
2024-07-28 18:00:00,WLS_MLD_10,SENS_WLS_MLD_10,0.0,0.0,Green - Normal,90
2024-07-28 18:00:00,WLS_DHS_11,SENS_WLS_DHS_11,0.0,0.0,Green - Normal,91
2024-07-28 18:00:00,WLS_CHN_12,SENS_WLS_CHN_12,0.0,0.0,Green - Normal,98
2024-07-28 18:00:00,WLS_WRL_13,SENS_WLS_WRL_13,0.0,0.0,Green - Normal,92
2024-07-28 18:00:00,WLS_BYC_14,SENS_WLS_BYC_14,0.0,0.0,Green - Normal,92
2024-07-28 18:00:00,WLS_MNK_15,SENS_WLS_MNK_15,0.0,0.0,Green - Normal,97
2024-07-28 19:00:00,WLS_HND_01,SENS_WLS_HND_01,0.0,0.0,Green - Normal,90
2024-07-28 19:00:00,WLS_GND_02,SENS_WLS_GND_02,0.0,0.0,Green - Normal,93
2024-07-28 19:00:00,WLS_MLN_03,SENS_WLS_MLN_03,0.0,0.0,Green - Normal,93
2024-07-28 19:00:00,WLS_AND_04,SENS_WLS_AND_04,0.0,0.0,Green - Normal,92
2024-07-28 19:00:00,WLS_KHR_05,SENS_WLS_KHR_05,0.0,0.0,Green - Normal,98
2024-07-28 19:00:00,WLS_KRL_06,SENS_WLS_KRL_06,0.0,0.0,Green - Normal,90
2024-07-28 19:00:00,WLS_SIO_07,SENS_WLS_SIO_07,0.0,0.0,Green - Normal,92
2024-07-28 19:00:00,WLS_DDR_08,SENS_WLS_DDR_08,0.0,0.0,Green - Normal,97
2024-07-28 19:00:00,WLS_CHM_09,SENS_WLS_CHM_09,0.0,0.0,Green - Normal,95
2024-07-28 19:00:00,WLS_MLD_10,SENS_WLS_MLD_10,0.0,0.0,Green - Normal,94
2024-07-28 19:00:00,WLS_DHS_11,SENS_WLS_DHS_11,0.0,0.0,Green - Normal,99
2024-07-28 19:00:00,WLS_CHN_12,SENS_WLS_CHN_12,0.0,0.0,Green - Normal,98
2024-07-28 19:00:00,WLS_WRL_13,SENS_WLS_WRL_13,0.0,0.0,Green - Normal,95
2024-07-28 19:00:00,WLS_BYC_14,SENS_WLS_BYC_14,0.0,0.0,Green - Normal,98
2024-07-28 19:00:00,WLS_MNK_15,SENS_WLS_MNK_15,0.0,0.0,Green - Normal,100
2024-07-28 20:00:00,WLS_HND_01,SENS_WLS_HND_01,0.0,0.0,Green - Normal,92
2024-07-28 20:00:00,WLS_GND_02,SENS_WLS_GND_02,0.0,0.0,Green - Normal,93
2024-07-28 20:00:00,WLS_MLN_03,SENS_WLS_MLN_03,0.0,0.0,Green - Normal,89
2024-07-28 20:00:00,WLS_AND_04,SENS_WLS_AND_04,0.0,0.0,Green - Normal,91
2024-07-28 20:00:00,WLS_KHR_05,SENS_WLS_KHR_05,0.0,0.0,Green - Normal,88
2024-07-28 20:00:00,WLS_KRL_06,SENS_WLS_KRL_06,0.0,0.0,Green - Normal,96
2024-07-28 20:00:00,WLS_SIO_07,SENS_WLS_SIO_07,0.0,0.0,Green - Normal,93
2024-07-28 20:00:00,WLS_DDR_08,SENS_WLS_DDR_08,0.0,0.0,Green - Normal,90
2024-07-28 20:00:00,WLS_CHM_09,SENS_WLS_CHM_09,0.0,0.0,Green - Normal,97
2024-07-28 20:00:00,WLS_MLD_10,SENS_WLS_MLD_10,0.0,0.0,Green - Normal,97
2024-07-28 20:00:00,WLS_DHS_11,SENS_WLS_DHS_11,0.0,0.0,Green - Normal,95
2024-07-28 20:00:00,WLS_CHN_12,SENS_WLS_CHN_12,0.0,0.0,Green - Normal,89
2024-07-28 20:00:00,WLS_WRL_13,SENS_WLS_WRL_13,0.0,0.0,Green - Normal,91
2024-07-28 20:00:00,WLS_BYC_14,SENS_WLS_BYC_14,0.0,0.0,Green - Normal,92
2024-07-28 20:00:00,WLS_MNK_15,SENS_WLS_MNK_15,0.0,0.0,Green - Normal,94
2024-07-28 21:00:00,WLS_HND_01,SENS_WLS_HND_01,0.0,0.0,Green - Normal,88
2024-07-28 21:00:00,WLS_GND_02,SENS_WLS_GND_02,0.0,0.0,Green - Normal,94
2024-07-28 21:00:00,WLS_MLN_03,SENS_WLS_MLN_03,0.0,0.0,Green - Normal,92
2024-07-28 21:00:00,WLS_AND_04,SENS_WLS_AND_04,0.0,0.0,Green - Normal,88
2024-07-28 21:00:00,WLS_KHR_05,SENS_WLS_KHR_05,0.0,0.0,Green - Normal,89
2024-07-28 21:00:00,WLS_KRL_06,SENS_WLS_KRL_06,0.0,0.0,Green - Normal,100
2024-07-28 21:00:00,WLS_SIO_07,SENS_WLS_SIO_07,0.0,0.0,Green - Normal,93
2024-07-28 21:00:00,WLS_DDR_08,SENS_WLS_DDR_08,0.0,0.0,Green - Normal,92
2024-07-28 21:00:00,WLS_CHM_09,SENS_WLS_CHM_09,0.0,0.0,Green - Normal,99
2024-07-28 21:00:00,WLS_MLD_10,SENS_WLS_MLD_10,0.0,0.0,Green - Normal,98
2024-07-28 21:00:00,WLS_DHS_11,SENS_WLS_DHS_11,0.0,0.0,Green - Normal,88
2024-07-28 21:00:00,WLS_CHN_12,SENS_WLS_CHN_12,0.0,0.0,Green - Normal,96
2024-07-28 21:00:00,WLS_WRL_13,SENS_WLS_WRL_13,0.0,0.0,Green - Normal,91
2024-07-28 21:00:00,WLS_BYC_14,SENS_WLS_BYC_14,0.0,0.0,Green - Normal,90
2024-07-28 21:00:00,WLS_MNK_15,SENS_WLS_MNK_15,0.0,0.0,Green - Normal,96
2024-07-28 22:00:00,WLS_HND_01,SENS_WLS_HND_01,0.0,0.0,Green - Normal,95
2024-07-28 22:00:00,WLS_GND_02,SENS_WLS_GND_02,0.0,0.0,Green - Normal,97
2024-07-28 22:00:00,WLS_MLN_03,SENS_WLS_MLN_03,0.0,0.0,Green - Normal,99
2024-07-28 22:00:00,WLS_AND_04,SENS_WLS_AND_04,0.0,0.0,Green - Normal,99
2024-07-28 22:00:00,WLS_KHR_05,SENS_WLS_KHR_05,0.0,0.0,Green - Normal,96
2024-07-28 22:00:00,WLS_KRL_06,SENS_WLS_KRL_06,0.0,0.0,Green - Normal,90
2024-07-28 22:00:00,WLS_SIO_07,SENS_WLS_SIO_07,0.0,0.0,Green - Normal,93
2024-07-28 22:00:00,WLS_DDR_08,SENS_WLS_DDR_08,0.0,0.0,Green - Normal,100
2024-07-28 22:00:00,WLS_CHM_09,SENS_WLS_CHM_09,0.0,0.0,Green - Normal,98
2024-07-28 22:00:00,WLS_MLD_10,SENS_WLS_MLD_10,0.0,0.0,Green - Normal,93
2024-07-28 22:00:00,WLS_DHS_11,SENS_WLS_DHS_11,0.0,0.0,Green - Normal,94
2024-07-28 22:00:00,WLS_CHN_12,SENS_WLS_CHN_12,0.0,0.0,Green - Normal,98
2024-07-28 22:00:00,WLS_WRL_13,SENS_WLS_WRL_13,0.0,0.0,Green - Normal,89
2024-07-28 22:00:00,WLS_BYC_14,SENS_WLS_BYC_14,0.0,0.0,Green - Normal,91
2024-07-28 22:00:00,WLS_MNK_15,SENS_WLS_MNK_15,0.0,0.0,Green - Normal,99
2024-07-28 23:00:00,WLS_HND_01,SENS_WLS_HND_01,0.0,0.0,Green - Normal,90
2024-07-28 23:00:00,WLS_GND_02,SENS_WLS_GND_02,0.0,0.0,Green - Normal,88
2024-07-28 23:00:00,WLS_MLN_03,SENS_WLS_MLN_03,0.0,0.0,Green - Normal,99
2024-07-28 23:00:00,WLS_AND_04,SENS_WLS_AND_04,0.0,0.0,Green - Normal,89
2024-07-28 23:00:00,WLS_KHR_05,SENS_WLS_KHR_05,0.0,0.0,Green - Normal,99
2024-07-28 23:00:00,WLS_KRL_06,SENS_WLS_KRL_06,0.0,0.0,Green - Normal,99
2024-07-28 23:00:00,WLS_SIO_07,SENS_WLS_SIO_07,0.0,0.0,Green - Normal,97
2024-07-28 23:00:00,WLS_DDR_08,SENS_WLS_DDR_08,0.0,0.0,Green - Normal,96
2024-07-28 23:00:00,WLS_CHM_09,SENS_WLS_CHM_09,0.0,0.0,Green - Normal,100
2024-07-28 23:00:00,WLS_MLD_10,SENS_WLS_MLD_10,0.0,0.0,Green - Normal,93
2024-07-28 23:00:00,WLS_DHS_11,SENS_WLS_DHS_11,0.0,0.0,Green - Normal,91
2024-07-28 23:00:00,WLS_CHN_12,SENS_WLS_CHN_12,0.0,0.0,Green - Normal,88
2024-07-28 23:00:00,WLS_WRL_13,SENS_WLS_WRL_13,0.0,0.0,Green - Normal,94
2024-07-28 23:00:00,WLS_BYC_14,SENS_WLS_BYC_14,0.0,0.0,Green - Normal,100
2024-07-28 23:00:00,WLS_MNK_15,SENS_WLS_MNK_15,0.0,0.0,Green - Normal,96
2024-07-29 00:00:00,WLS_HND_01,SENS_WLS_HND_01,0.0,0.0,Green - Normal,90
2024-07-29 00:00:00,WLS_GND_02,SENS_WLS_GND_02,0.0,0.0,Green - Normal,93
2024-07-29 00:00:00,WLS_MLN_03,SENS_WLS_MLN_03,0.0,0.0,Green - Normal,99
2024-07-29 00:00:00,WLS_AND_04,SENS_WLS_AND_04,0.0,0.0,Green - Normal,97
2024-07-29 00:00:00,WLS_KHR_05,SENS_WLS_KHR_05,0.0,0.0,Green - Normal,99
2024-07-29 00:00:00,WLS_KRL_06,SENS_WLS_KRL_06,0.0,0.0,Green - Normal,96
2024-07-29 00:00:00,WLS_SIO_07,SENS_WLS_SIO_07,0.0,0.0,Green - Normal,93
2024-07-29 00:00:00,WLS_DDR_08,SENS_WLS_DDR_08,0.0,0.0,Green - Normal,93
2024-07-29 00:00:00,WLS_CHM_09,SENS_WLS_CHM_09,0.0,0.0,Green - Normal,94
2024-07-29 00:00:00,WLS_MLD_10,SENS_WLS_MLD_10,0.0,0.0,Green - Normal,100
2024-07-29 00:00:00,WLS_DHS_11,SENS_WLS_DHS_11,0.0,0.0,Green - Normal,94
2024-07-29 00:00:00,WLS_CHN_12,SENS_WLS_CHN_12,0.0,0.0,Green - Normal,91
2024-07-29 00:00:00,WLS_WRL_13,SENS_WLS_WRL_13,0.0,0.0,Green - Normal,97
2024-07-29 00:00:00,WLS_BYC_14,SENS_WLS_BYC_14,0.0,0.0,Green - Normal,88
2024-07-29 00:00:00,WLS_MNK_15,SENS_WLS_MNK_15,0.0,0.0,Green - Normal,92
2024-07-29 01:00:00,WLS_HND_01,SENS_WLS_HND_01,0.0,0.0,Green - Normal,98
2024-07-29 01:00:00,WLS_GND_02,SENS_WLS_GND_02,0.0,0.0,Green - Normal,90
2024-07-29 01:00:00,WLS_MLN_03,SENS_WLS_MLN_03,0.0,0.0,Green - Normal,94
2024-07-29 01:00:00,WLS_AND_04,SENS_WLS_AND_04,0.0,0.0,Green - Normal,98
2024-07-29 01:00:00,WLS_KHR_05,SENS_WLS_KHR_05,0.0,0.0,Green - Normal,96
2024-07-29 01:00:00,WLS_KRL_06,SENS_WLS_KRL_06,0.0,0.0,Green - Normal,94
2024-07-29 01:00:00,WLS_SIO_07,SENS_WLS_SIO_07,0.0,0.0,Green - Normal,90
2024-07-29 01:00:00,WLS_DDR_08,SENS_WLS_DDR_08,0.0,0.0,Green - Normal,95
2024-07-29 01:00:00,WLS_CHM_09,SENS_WLS_CHM_09,0.0,0.0,Green - Normal,96
2024-07-29 01:00:00,WLS_MLD_10,SENS_WLS_MLD_10,0.0,0.0,Green - Normal,92
2024-07-29 01:00:00,WLS_DHS_11,SENS_WLS_DHS_11,0.0,0.0,Green - Normal,98
2024-07-29 01:00:00,WLS_CHN_12,SENS_WLS_CHN_12,0.0,0.0,Green - Normal,92
2024-07-29 01:00:00,WLS_WRL_13,SENS_WLS_WRL_13,0.0,0.0,Green - Normal,90
2024-07-29 01:00:00,WLS_BYC_14,SENS_WLS_BYC_14,0.0,0.0,Green - Normal,93
2024-07-29 01:00:00,WLS_MNK_15,SENS_WLS_MNK_15,0.0,0.0,Green - Normal,100
2024-07-29 02:00:00,WLS_HND_01,SENS_WLS_HND_01,0.0,0.0,Green - Normal,91
2024-07-29 02:00:00,WLS_GND_02,SENS_WLS_GND_02,0.0,0.0,Green - Normal,96
2024-07-29 02:00:00,WLS_MLN_03,SENS_WLS_MLN_03,0.0,0.0,Green - Normal,99
2024-07-29 02:00:00,WLS_AND_04,SENS_WLS_AND_04,0.0,0.0,Green - Normal,98
2024-07-29 02:00:00,WLS_KHR_05,SENS_WLS_KHR_05,0.0,0.0,Green - Normal,90
2024-07-29 02:00:00,WLS_KRL_06,SENS_WLS_KRL_06,0.0,0.0,Green - Normal,94
2024-07-29 02:00:00,WLS_SIO_07,SENS_WLS_SIO_07,0.0,0.0,Green - Normal,93
2024-07-29 02:00:00,WLS_DDR_08,SENS_WLS_DDR_08,0.0,0.0,Green - Normal,97
2024-07-29 02:00:00,WLS_CHM_09,SENS_WLS_CHM_09,0.0,0.0,Green - Normal,98
2024-07-29 02:00:00,WLS_MLD_10,SENS_WLS_MLD_10,0.0,0.0,Green - Normal,99
2024-07-29 02:00:00,WLS_DHS_11,SENS_WLS_DHS_11,0.0,0.0,Green - Normal,100
2024-07-29 02:00:00,WLS_CHN_12,SENS_WLS_CHN_12,0.0,0.0,Green - Normal,93
2024-07-29 02:00:00,WLS_WRL_13,SENS_WLS_WRL_13,0.0,0.0,Green - Normal,93
2024-07-29 02:00:00,WLS_BYC_14,SENS_WLS_BYC_14,0.0,0.0,Green - Normal,98
2024-07-29 02:00:00,WLS_MNK_15,SENS_WLS_MNK_15,0.0,0.0,Green - Normal,99
2024-07-29 03:00:00,WLS_HND_01,SENS_WLS_HND_01,9.3,0.34,Green - Normal,89
2024-07-29 03:00:00,WLS_GND_02,SENS_WLS_GND_02,1.7,0.0,Green - Normal,100
2024-07-29 03:00:00,WLS_MLN_03,SENS_WLS_MLN_03,17.2,0.34,Amber Alert - Waterlogging,90
2024-07-29 03:00:00,WLS_AND_04,SENS_WLS_AND_04,18.4,1.27,Amber Alert - Waterlogging,100
2024-07-29 03:00:00,WLS_KHR_05,SENS_WLS_KHR_05,12.8,0.16,Green - Normal,97
2024-07-29 03:00:00,WLS_KRL_06,SENS_WLS_KRL_06,1.9,0.0,Green - Normal,97
2024-07-29 03:00:00,WLS_SIO_07,SENS_WLS_SIO_07,6.1,0.63,Green - Normal,91
2024-07-29 03:00:00,WLS_DDR_08,SENS_WLS_DDR_08,6.3,1.35,Green - Normal,89
2024-07-29 03:00:00,WLS_CHM_09,SENS_WLS_CHM_09,4.1,0.0,Green - Normal,93
2024-07-29 03:00:00,WLS_MLD_10,SENS_WLS_MLD_10,10.6,0.61,Green - Normal,97
2024-07-29 03:00:00,WLS_DHS_11,SENS_WLS_DHS_11,9.4,0.53,Green - Normal,95
2024-07-29 03:00:00,WLS_CHN_12,SENS_WLS_CHN_12,5.5,0.64,Green - Normal,90
2024-07-29 03:00:00,WLS_WRL_13,SENS_WLS_WRL_13,0.0,0.0,Green - Normal,93
2024-07-29 03:00:00,WLS_BYC_14,SENS_WLS_BYC_14,6.2,0.33,Green - Normal,92
2024-07-29 03:00:00,WLS_MNK_15,SENS_WLS_MNK_15,5.9,0.76,Green - Normal,90
2024-07-29 04:00:00,WLS_HND_01,SENS_WLS_HND_01,0.0,0.0,Green - Normal,91
2024-07-29 04:00:00,WLS_GND_02,SENS_WLS_GND_02,0.0,0.0,Green - Normal,88
2024-07-29 04:00:00,WLS_MLN_03,SENS_WLS_MLN_03,0.0,0.0,Green - Normal,90
2024-07-29 04:00:00,WLS_AND_04,SENS_WLS_AND_04,0.0,0.0,Green - Normal,100
2024-07-29 04:00:00,WLS_KHR_05,SENS_WLS_KHR_05,0.0,0.0,Green - Normal,98
2024-07-29 04:00:00,WLS_KRL_06,SENS_WLS_KRL_06,0.0,0.0,Green - Normal,90
2024-07-29 04:00:00,WLS_SIO_07,SENS_WLS_SIO_07,0.0,0.0,Green - Normal,90
2024-07-29 04:00:00,WLS_DDR_08,SENS_WLS_DDR_08,0.0,0.0,Green - Normal,91
2024-07-29 04:00:00,WLS_CHM_09,SENS_WLS_CHM_09,0.0,0.0,Green - Normal,91
2024-07-29 04:00:00,WLS_MLD_10,SENS_WLS_MLD_10,0.0,0.0,Green - Normal,89
2024-07-29 04:00:00,WLS_DHS_11,SENS_WLS_DHS_11,0.0,0.0,Green - Normal,97
2024-07-29 04:00:00,WLS_CHN_12,SENS_WLS_CHN_12,0.0,0.0,Green - Normal,98
2024-07-29 04:00:00,WLS_WRL_13,SENS_WLS_WRL_13,0.0,0.0,Green - Normal,96
2024-07-29 04:00:00,WLS_BYC_14,SENS_WLS_BYC_14,0.0,0.0,Green - Normal,89
2024-07-29 04:00:00,WLS_MNK_15,SENS_WLS_MNK_15,0.0,0.0,Green - Normal,92
2024-07-29 05:00:00,WLS_HND_01,SENS_WLS_HND_01,0.0,0.0,Green - Normal,90
2024-07-29 05:00:00,WLS_GND_02,SENS_WLS_GND_02,0.0,0.0,Green - Normal,97
2024-07-29 05:00:00,WLS_MLN_03,SENS_WLS_MLN_03,0.0,0.0,Green - Normal,100
2024-07-29 05:00:00,WLS_AND_04,SENS_WLS_AND_04,0.0,0.0,Green - Normal,97
2024-07-29 05:00:00,WLS_KHR_05,SENS_WLS_KHR_05,0.0,0.0,Green - Normal,97
2024-07-29 05:00:00,WLS_KRL_06,SENS_WLS_KRL_06,0.0,0.0,Green - Normal,89
2024-07-29 05:00:00,WLS_SIO_07,SENS_WLS_SIO_07,0.0,0.0,Green - Normal,98
2024-07-29 05:00:00,WLS_DDR_08,SENS_WLS_DDR_08,0.0,0.0,Green - Normal,89
2024-07-29 05:00:00,WLS_CHM_09,SENS_WLS_CHM_09,0.0,0.0,Green - Normal,100
2024-07-29 05:00:00,WLS_MLD_10,SENS_WLS_MLD_10,0.0,0.0,Green - Normal,88
2024-07-29 05:00:00,WLS_DHS_11,SENS_WLS_DHS_11,0.0,0.0,Green - Normal,98
2024-07-29 05:00:00,WLS_CHN_12,SENS_WLS_CHN_12,0.0,0.0,Green - Normal,99
2024-07-29 05:00:00,WLS_WRL_13,SENS_WLS_WRL_13,0.0,0.0,Green - Normal,92
2024-07-29 05:00:00,WLS_BYC_14,SENS_WLS_BYC_14,0.0,0.0,Green - Normal,88
2024-07-29 05:00:00,WLS_MNK_15,SENS_WLS_MNK_15,0.0,0.0,Green - Normal,98
2024-07-29 06:00:00,WLS_HND_01,SENS_WLS_HND_01,13.8,0.6,Green - Normal,90
2024-07-29 06:00:00,WLS_GND_02,SENS_WLS_GND_02,3.9,0.0,Green - Normal,94
2024-07-29 06:00:00,WLS_MLN_03,SENS_WLS_MLN_03,20.3,0.7,Amber Alert - Waterlogging,100
2024-07-29 06:00:00,WLS_AND_04,SENS_WLS_AND_04,16.8,1.22,Amber Alert - Waterlogging,90
2024-07-29 06:00:00,WLS_KHR_05,SENS_WLS_KHR_05,16.9,0.99,Amber Alert - Waterlogging,93
2024-07-29 06:00:00,WLS_KRL_06,SENS_WLS_KRL_06,10.4,0.47,Green - Normal,88
2024-07-29 06:00:00,WLS_SIO_07,SENS_WLS_SIO_07,9.5,0.66,Green - Normal,96
2024-07-29 06:00:00,WLS_DDR_08,SENS_WLS_DDR_08,0.7,0.0,Green - Normal,99
2024-07-29 06:00:00,WLS_CHM_09,SENS_WLS_CHM_09,3.8,0.0,Green - Normal,96
2024-07-29 06:00:00,WLS_MLD_10,SENS_WLS_MLD_10,15.0,1.2,Green - Normal,100
2024-07-29 06:00:00,WLS_DHS_11,SENS_WLS_DHS_11,16.8,0.78,Amber Alert - Waterlogging,93
2024-07-29 06:00:00,WLS_CHN_12,SENS_WLS_CHN_12,13.6,0.79,Green - Normal,94
2024-07-29 06:00:00,WLS_WRL_13,SENS_WLS_WRL_13,1.5,0.0,Green - Normal,94
2024-07-29 06:00:00,WLS_BYC_14,SENS_WLS_BYC_14,3.9,0.0,Green - Normal,97
2024-07-29 06:00:00,WLS_MNK_15,SENS_WLS_MNK_15,14.5,0.24,Green - Normal,90
2024-07-29 07:00:00,WLS_HND_01,SENS_WLS_HND_01,0.0,0.0,Green - Normal,89
2024-07-29 07:00:00,WLS_GND_02,SENS_WLS_GND_02,0.0,0.0,Green - Normal,90
2024-07-29 07:00:00,WLS_MLN_03,SENS_WLS_MLN_03,0.0,0.0,Green - Normal,98
2024-07-29 07:00:00,WLS_AND_04,SENS_WLS_AND_04,0.0,0.0,Green - Normal,88
2024-07-29 07:00:00,WLS_KHR_05,SENS_WLS_KHR_05,0.0,0.0,Green - Normal,88
2024-07-29 07:00:00,WLS_KRL_06,SENS_WLS_KRL_06,0.0,0.0,Green - Normal,94
2024-07-29 07:00:00,WLS_SIO_07,SENS_WLS_SIO_07,0.0,0.0,Green - Normal,97
2024-07-29 07:00:00,WLS_DDR_08,SENS_WLS_DDR_08,0.0,0.0,Green - Normal,90
2024-07-29 07:00:00,WLS_CHM_09,SENS_WLS_CHM_09,0.0,0.0,Green - Normal,94
2024-07-29 07:00:00,WLS_MLD_10,SENS_WLS_MLD_10,0.0,0.0,Green - Normal,88
2024-07-29 07:00:00,WLS_DHS_11,SENS_WLS_DHS_11,0.0,0.0,Green - Normal,96
2024-07-29 07:00:00,WLS_CHN_12,SENS_WLS_CHN_12,0.0,0.0,Green - Normal,100
2024-07-29 07:00:00,WLS_WRL_13,SENS_WLS_WRL_13,0.0,0.0,Green - Normal,99
2024-07-29 07:00:00,WLS_BYC_14,SENS_WLS_BYC_14,0.0,0.0,Green - Normal,92
2024-07-29 07:00:00,WLS_MNK_15,SENS_WLS_MNK_15,0.0,0.0,Green - Normal,98
2024-07-29 08:00:00,WLS_HND_01,SENS_WLS_HND_01,0.0,0.0,Green - Normal,98
2024-07-29 08:00:00,WLS_GND_02,SENS_WLS_GND_02,0.0,0.0,Green - Normal,98
2024-07-29 08:00:00,WLS_MLN_03,SENS_WLS_MLN_03,0.0,0.0,Green - Normal,100
2024-07-29 08:00:00,WLS_AND_04,SENS_WLS_AND_04,0.0,0.0,Green - Normal,99
2024-07-29 08:00:00,WLS_KHR_05,SENS_WLS_KHR_05,0.0,0.0,Green - Normal,94
2024-07-29 08:00:00,WLS_KRL_06,SENS_WLS_KRL_06,0.0,0.0,Green - Normal,95
2024-07-29 08:00:00,WLS_SIO_07,SENS_WLS_SIO_07,0.0,0.0,Green - Normal,92
2024-07-29 08:00:00,WLS_DDR_08,SENS_WLS_DDR_08,0.0,0.0,Green - Normal,98
2024-07-29 08:00:00,WLS_CHM_09,SENS_WLS_CHM_09,0.0,0.0,Green - Normal,96
2024-07-29 08:00:00,WLS_MLD_10,SENS_WLS_MLD_10,0.0,0.0,Green - Normal,90
2024-07-29 08:00:00,WLS_DHS_11,SENS_WLS_DHS_11,0.0,0.0,Green - Normal,91
2024-07-29 08:00:00,WLS_CHN_12,SENS_WLS_CHN_12,0.0,0.0,Green - Normal,99
2024-07-29 08:00:00,WLS_WRL_13,SENS_WLS_WRL_13,0.0,0.0,Green - Normal,93
2024-07-29 08:00:00,WLS_BYC_14,SENS_WLS_BYC_14,0.0,0.0,Green - Normal,94
2024-07-29 08:00:00,WLS_MNK_15,SENS_WLS_MNK_15,0.0,0.0,Green - Normal,90
2024-07-29 09:00:00,WLS_HND_01,SENS_WLS_HND_01,0.0,0.0,Green - Normal,99
2024-07-29 09:00:00,WLS_GND_02,SENS_WLS_GND_02,0.0,0.0,Green - Normal,99
2024-07-29 09:00:00,WLS_MLN_03,SENS_WLS_MLN_03,0.0,0.0,Green - Normal,100
2024-07-29 09:00:00,WLS_AND_04,SENS_WLS_AND_04,0.0,0.0,Green - Normal,100
2024-07-29 09:00:00,WLS_KHR_05,SENS_WLS_KHR_05,0.0,0.0,Green - Normal,98
2024-07-29 09:00:00,WLS_KRL_06,SENS_WLS_KRL_06,0.0,0.0,Green - Normal,88
2024-07-29 09:00:00,WLS_SIO_07,SENS_WLS_SIO_07,0.0,0.0,Green - Normal,89
2024-07-29 09:00:00,WLS_DDR_08,SENS_WLS_DDR_08,0.0,0.0,Green - Normal,94
2024-07-29 09:00:00,WLS_CHM_09,SENS_WLS_CHM_09,0.0,0.0,Green - Normal,88
2024-07-29 09:00:00,WLS_MLD_10,SENS_WLS_MLD_10,0.0,0.0,Green - Normal,91
2024-07-29 09:00:00,WLS_DHS_11,SENS_WLS_DHS_11,0.0,0.0,Green - Normal,88
2024-07-29 09:00:00,WLS_CHN_12,SENS_WLS_CHN_12,0.0,0.0,Green - Normal,90
2024-07-29 09:00:00,WLS_WRL_13,SENS_WLS_WRL_13,0.0,0.0,Green - Normal,98
2024-07-29 09:00:00,WLS_BYC_14,SENS_WLS_BYC_14,0.0,0.0,Green - Normal,91
2024-07-29 09:00:00,WLS_MNK_15,SENS_WLS_MNK_15,0.0,0.0,Green - Normal,90
2024-07-29 10:00:00,WLS_HND_01,SENS_WLS_HND_01,0.0,0.0,Green - Normal,99
2024-07-29 10:00:00,WLS_GND_02,SENS_WLS_GND_02,0.0,0.0,Green - Normal,97
2024-07-29 10:00:00,WLS_MLN_03,SENS_WLS_MLN_03,0.0,0.0,Green - Normal,89
2024-07-29 10:00:00,WLS_AND_04,SENS_WLS_AND_04,0.0,0.0,Green - Normal,95
2024-07-29 10:00:00,WLS_KHR_05,SENS_WLS_KHR_05,0.0,0.0,Green - Normal,95
2024-07-29 10:00:00,WLS_KRL_06,SENS_WLS_KRL_06,0.0,0.0,Green - Normal,95
2024-07-29 10:00:00,WLS_SIO_07,SENS_WLS_SIO_07,0.0,0.0,Green - Normal,96
2024-07-29 10:00:00,WLS_DDR_08,SENS_WLS_DDR_08,0.0,0.0,Green - Normal,94
2024-07-29 10:00:00,WLS_CHM_09,SENS_WLS_CHM_09,0.0,0.0,Green - Normal,94
2024-07-29 10:00:00,WLS_MLD_10,SENS_WLS_MLD_10,0.0,0.0,Green - Normal,90
2024-07-29 10:00:00,WLS_DHS_11,SENS_WLS_DHS_11,0.0,0.0,Green - Normal,97
2024-07-29 10:00:00,WLS_CHN_12,SENS_WLS_CHN_12,0.0,0.0,Green - Normal,99
2024-07-29 10:00:00,WLS_WRL_13,SENS_WLS_WRL_13,0.0,0.0,Green - Normal,90
2024-07-29 10:00:00,WLS_BYC_14,SENS_WLS_BYC_14,0.0,0.0,Green - Normal,94
2024-07-29 10:00:00,WLS_MNK_15,SENS_WLS_MNK_15,0.0,0.0,Green - Normal,97
2024-07-29 11:00:00,WLS_HND_01,SENS_WLS_HND_01,11.9,1.24,Green - Normal,89
2024-07-29 11:00:00,WLS_GND_02,SENS_WLS_GND_02,7.7,0.36,Green - Normal,88
2024-07-29 11:00:00,WLS_MLN_03,SENS_WLS_MLN_03,20.8,1.2,Amber Alert - Waterlogging,98
2024-07-29 11:00:00,WLS_AND_04,SENS_WLS_AND_04,19.8,1.36,Amber Alert - Waterlogging,97
2024-07-29 11:00:00,WLS_KHR_05,SENS_WLS_KHR_05,10.9,1.03,Green - Normal,97
2024-07-29 11:00:00,WLS_KRL_06,SENS_WLS_KRL_06,1.8,0.0,Green - Normal,90
2024-07-29 11:00:00,WLS_SIO_07,SENS_WLS_SIO_07,3.3,0.0,Green - Normal,88
2024-07-29 11:00:00,WLS_DDR_08,SENS_WLS_DDR_08,0.0,0.0,Green - Normal,93
2024-07-29 11:00:00,WLS_CHM_09,SENS_WLS_CHM_09,1.3,0.0,Green - Normal,95
2024-07-29 11:00:00,WLS_MLD_10,SENS_WLS_MLD_10,16.1,1.31,Amber Alert - Waterlogging,94
2024-07-29 11:00:00,WLS_DHS_11,SENS_WLS_DHS_11,9.0,0.31,Green - Normal,90
2024-07-29 11:00:00,WLS_CHN_12,SENS_WLS_CHN_12,7.3,1.17,Green - Normal,100
2024-07-29 11:00:00,WLS_WRL_13,SENS_WLS_WRL_13,1.5,0.0,Green - Normal,89
2024-07-29 11:00:00,WLS_BYC_14,SENS_WLS_BYC_14,3.7,0.0,Green - Normal,89
2024-07-29 11:00:00,WLS_MNK_15,SENS_WLS_MNK_15,7.3,0.69,Green - Normal,94
2024-07-29 12:00:00,WLS_HND_01,SENS_WLS_HND_01,0.0,0.0,Green - Normal,91
2024-07-29 12:00:00,WLS_GND_02,SENS_WLS_GND_02,0.0,0.0,Green - Normal,99
2024-07-29 12:00:00,WLS_MLN_03,SENS_WLS_MLN_03,3.4,0.0,Green - Normal,89
2024-07-29 12:00:00,WLS_AND_04,SENS_WLS_AND_04,1.3,0.0,Green - Normal,88
2024-07-29 12:00:00,WLS_KHR_05,SENS_WLS_KHR_05,0.0,0.0,Green - Normal,93
2024-07-29 12:00:00,WLS_KRL_06,SENS_WLS_KRL_06,0.0,0.0,Green - Normal,89
2024-07-29 12:00:00,WLS_SIO_07,SENS_WLS_SIO_07,0.0,0.0,Green - Normal,97
2024-07-29 12:00:00,WLS_DDR_08,SENS_WLS_DDR_08,0.0,0.0,Green - Normal,99
2024-07-29 12:00:00,WLS_CHM_09,SENS_WLS_CHM_09,0.0,0.0,Green - Normal,96
2024-07-29 12:00:00,WLS_MLD_10,SENS_WLS_MLD_10,0.2,0.0,Green - Normal,94
2024-07-29 12:00:00,WLS_DHS_11,SENS_WLS_DHS_11,0.0,0.0,Green - Normal,92
2024-07-29 12:00:00,WLS_CHN_12,SENS_WLS_CHN_12,0.0,0.0,Green - Normal,97
2024-07-29 12:00:00,WLS_WRL_13,SENS_WLS_WRL_13,0.0,0.0,Green - Normal,95
2024-07-29 12:00:00,WLS_BYC_14,SENS_WLS_BYC_14,0.0,0.0,Green - Normal,98
2024-07-29 12:00:00,WLS_MNK_15,SENS_WLS_MNK_15,0.2,0.0,Green - Normal,97
2024-07-29 13:00:00,WLS_HND_01,SENS_WLS_HND_01,28.0,0.81,Amber Alert - Waterlogging,88
2024-07-29 13:00:00,WLS_GND_02,SENS_WLS_GND_02,27.9,0.87,Amber Alert - Waterlogging,93
2024-07-29 13:00:00,WLS_MLN_03,SENS_WLS_MLN_03,35.1,0.81,Amber Alert - Waterlogging,93
2024-07-29 13:00:00,WLS_AND_04,SENS_WLS_AND_04,45.4,0.54,Red Alert - Inundated,93
2024-07-29 13:00:00,WLS_KHR_05,SENS_WLS_KHR_05,32.0,1.28,Amber Alert - Waterlogging,92
2024-07-29 13:00:00,WLS_KRL_06,SENS_WLS_KRL_06,18.5,0.26,Amber Alert - Waterlogging,95
2024-07-29 13:00:00,WLS_SIO_07,SENS_WLS_SIO_07,24.2,0.79,Amber Alert - Waterlogging,91
2024-07-29 13:00:00,WLS_DDR_08,SENS_WLS_DDR_08,11.2,0.36,Green - Normal,94
2024-07-29 13:00:00,WLS_CHM_09,SENS_WLS_CHM_09,5.3,0.63,Green - Normal,97
2024-07-29 13:00:00,WLS_MLD_10,SENS_WLS_MLD_10,36.0,1.08,Amber Alert - Waterlogging,99
2024-07-29 13:00:00,WLS_DHS_11,SENS_WLS_DHS_11,27.3,1.26,Amber Alert - Waterlogging,98
2024-07-29 13:00:00,WLS_CHN_12,SENS_WLS_CHN_12,25.8,1.06,Amber Alert - Waterlogging,95
2024-07-29 13:00:00,WLS_WRL_13,SENS_WLS_WRL_13,6.5,0.33,Green - Normal,96
2024-07-29 13:00:00,WLS_BYC_14,SENS_WLS_BYC_14,19.6,1.18,Amber Alert - Waterlogging,95
2024-07-29 13:00:00,WLS_MNK_15,SENS_WLS_MNK_15,31.5,1.36,Amber Alert - Waterlogging,96
2024-07-29 14:00:00,WLS_HND_01,SENS_WLS_HND_01,0.7,0.0,Green - Normal,96
2024-07-29 14:00:00,WLS_GND_02,SENS_WLS_GND_02,0.2,0.0,Green - Normal,98
2024-07-29 14:00:00,WLS_MLN_03,SENS_WLS_MLN_03,8.8,1.16,Green - Normal,91
2024-07-29 14:00:00,WLS_AND_04,SENS_WLS_AND_04,2.4,0.0,Green - Normal,89
2024-07-29 14:00:00,WLS_KHR_05,SENS_WLS_KHR_05,7.7,1.35,Green - Normal,92
2024-07-29 14:00:00,WLS_KRL_06,SENS_WLS_KRL_06,0.0,0.0,Green - Normal,99
2024-07-29 14:00:00,WLS_SIO_07,SENS_WLS_SIO_07,0.0,0.0,Green - Normal,94
2024-07-29 14:00:00,WLS_DDR_08,SENS_WLS_DDR_08,0.0,0.0,Green - Normal,93
2024-07-29 14:00:00,WLS_CHM_09,SENS_WLS_CHM_09,0.0,0.0,Green - Normal,97
2024-07-29 14:00:00,WLS_MLD_10,SENS_WLS_MLD_10,0.0,0.0,Green - Normal,97
2024-07-29 14:00:00,WLS_DHS_11,SENS_WLS_DHS_11,1.1,0.0,Green - Normal,98
2024-07-29 14:00:00,WLS_CHN_12,SENS_WLS_CHN_12,0.0,0.0,Green - Normal,97
2024-07-29 14:00:00,WLS_WRL_13,SENS_WLS_WRL_13,0.0,0.0,Green - Normal,99
2024-07-29 14:00:00,WLS_BYC_14,SENS_WLS_BYC_14,2.8,0.0,Green - Normal,95
2024-07-29 14:00:00,WLS_MNK_15,SENS_WLS_MNK_15,4.4,0.0,Green - Normal,90
2024-07-29 15:00:00,WLS_HND_01,SENS_WLS_HND_01,0.0,0.0,Green - Normal,93
2024-07-29 15:00:00,WLS_GND_02,SENS_WLS_GND_02,0.0,0.0,Green - Normal,94
2024-07-29 15:00:00,WLS_MLN_03,SENS_WLS_MLN_03,0.0,0.0,Green - Normal,98
2024-07-29 15:00:00,WLS_AND_04,SENS_WLS_AND_04,0.0,0.0,Green - Normal,88
2024-07-29 15:00:00,WLS_KHR_05,SENS_WLS_KHR_05,0.0,0.0,Green - Normal,98
2024-07-29 15:00:00,WLS_KRL_06,SENS_WLS_KRL_06,0.0,0.0,Green - Normal,99
2024-07-29 15:00:00,WLS_SIO_07,SENS_WLS_SIO_07,0.0,0.0,Green - Normal,100
2024-07-29 15:00:00,WLS_DDR_08,SENS_WLS_DDR_08,0.0,0.0,Green - Normal,92
2024-07-29 15:00:00,WLS_CHM_09,SENS_WLS_CHM_09,0.0,0.0,Green - Normal,98
2024-07-29 15:00:00,WLS_MLD_10,SENS_WLS_MLD_10,0.0,0.0,Green - Normal,95
2024-07-29 15:00:00,WLS_DHS_11,SENS_WLS_DHS_11,0.0,0.0,Green - Normal,90
2024-07-29 15:00:00,WLS_CHN_12,SENS_WLS_CHN_12,0.0,0.0,Green - Normal,97
2024-07-29 15:00:00,WLS_WRL_13,SENS_WLS_WRL_13,0.0,0.0,Green - Normal,92
2024-07-29 15:00:00,WLS_BYC_14,SENS_WLS_BYC_14,0.0,0.0,Green - Normal,93
2024-07-29 15:00:00,WLS_MNK_15,SENS_WLS_MNK_15,0.0,0.0,Green - Normal,100
2024-07-29 16:00:00,WLS_HND_01,SENS_WLS_HND_01,0.0,0.0,Green - Normal,96
2024-07-29 16:00:00,WLS_GND_02,SENS_WLS_GND_02,0.0,0.0,Green - Normal,88
2024-07-29 16:00:00,WLS_MLN_03,SENS_WLS_MLN_03,0.0,0.0,Green - Normal,94
2024-07-29 16:00:00,WLS_AND_04,SENS_WLS_AND_04,0.0,0.0,Green - Normal,91
2024-07-29 16:00:00,WLS_KHR_05,SENS_WLS_KHR_05,0.0,0.0,Green - Normal,95
2024-07-29 16:00:00,WLS_KRL_06,SENS_WLS_KRL_06,0.0,0.0,Green - Normal,88
2024-07-29 16:00:00,WLS_SIO_07,SENS_WLS_SIO_07,0.0,0.0,Green - Normal,92
2024-07-29 16:00:00,WLS_DDR_08,SENS_WLS_DDR_08,0.0,0.0,Green - Normal,96
2024-07-29 16:00:00,WLS_CHM_09,SENS_WLS_CHM_09,0.0,0.0,Green - Normal,98
2024-07-29 16:00:00,WLS_MLD_10,SENS_WLS_MLD_10,0.0,0.0,Green - Normal,88
2024-07-29 16:00:00,WLS_DHS_11,SENS_WLS_DHS_11,0.0,0.0,Green - Normal,88
2024-07-29 16:00:00,WLS_CHN_12,SENS_WLS_CHN_12,0.0,0.0,Green - Normal,100
2024-07-29 16:00:00,WLS_WRL_13,SENS_WLS_WRL_13,0.0,0.0,Green - Normal,94
2024-07-29 16:00:00,WLS_BYC_14,SENS_WLS_BYC_14,0.0,0.0,Green - Normal,91
2024-07-29 16:00:00,WLS_MNK_15,SENS_WLS_MNK_15,0.0,0.0,Green - Normal,92
2024-07-29 17:00:00,WLS_HND_01,SENS_WLS_HND_01,0.0,0.0,Green - Normal,90
2024-07-29 17:00:00,WLS_GND_02,SENS_WLS_GND_02,0.0,0.0,Green - Normal,97
2024-07-29 17:00:00,WLS_MLN_03,SENS_WLS_MLN_03,0.0,0.0,Green - Normal,97
2024-07-29 17:00:00,WLS_AND_04,SENS_WLS_AND_04,0.0,0.0,Green - Normal,92
2024-07-29 17:00:00,WLS_KHR_05,SENS_WLS_KHR_05,0.0,0.0,Green - Normal,91
2024-07-29 17:00:00,WLS_KRL_06,SENS_WLS_KRL_06,0.0,0.0,Green - Normal,93
2024-07-29 17:00:00,WLS_SIO_07,SENS_WLS_SIO_07,0.0,0.0,Green - Normal,93
2024-07-29 17:00:00,WLS_DDR_08,SENS_WLS_DDR_08,0.0,0.0,Green - Normal,94
2024-07-29 17:00:00,WLS_CHM_09,SENS_WLS_CHM_09,0.0,0.0,Green - Normal,88
2024-07-29 17:00:00,WLS_MLD_10,SENS_WLS_MLD_10,0.0,0.0,Green - Normal,100
2024-07-29 17:00:00,WLS_DHS_11,SENS_WLS_DHS_11,0.0,0.0,Green - Normal,98
2024-07-29 17:00:00,WLS_CHN_12,SENS_WLS_CHN_12,0.0,0.0,Green - Normal,95
2024-07-29 17:00:00,WLS_WRL_13,SENS_WLS_WRL_13,0.0,0.0,Green - Normal,97
2024-07-29 17:00:00,WLS_BYC_14,SENS_WLS_BYC_14,0.0,0.0,Green - Normal,98
2024-07-29 17:00:00,WLS_MNK_15,SENS_WLS_MNK_15,0.0,0.0,Green - Normal,88
2024-07-29 18:00:00,WLS_HND_01,SENS_WLS_HND_01,0.0,0.0,Green - Normal,89
2024-07-29 18:00:00,WLS_GND_02,SENS_WLS_GND_02,0.0,0.0,Green - Normal,92
2024-07-29 18:00:00,WLS_MLN_03,SENS_WLS_MLN_03,0.0,0.0,Green - Normal,96
2024-07-29 18:00:00,WLS_AND_04,SENS_WLS_AND_04,0.0,0.0,Green - Normal,94
2024-07-29 18:00:00,WLS_KHR_05,SENS_WLS_KHR_05,0.0,0.0,Green - Normal,96
2024-07-29 18:00:00,WLS_KRL_06,SENS_WLS_KRL_06,0.0,0.0,Green - Normal,92
2024-07-29 18:00:00,WLS_SIO_07,SENS_WLS_SIO_07,0.0,0.0,Green - Normal,93
2024-07-29 18:00:00,WLS_DDR_08,SENS_WLS_DDR_08,0.0,0.0,Green - Normal,89
2024-07-29 18:00:00,WLS_CHM_09,SENS_WLS_CHM_09,0.0,0.0,Green - Normal,88
2024-07-29 18:00:00,WLS_MLD_10,SENS_WLS_MLD_10,0.0,0.0,Green - Normal,94
2024-07-29 18:00:00,WLS_DHS_11,SENS_WLS_DHS_11,0.0,0.0,Green - Normal,96
2024-07-29 18:00:00,WLS_CHN_12,SENS_WLS_CHN_12,0.0,0.0,Green - Normal,89
2024-07-29 18:00:00,WLS_WRL_13,SENS_WLS_WRL_13,0.0,0.0,Green - Normal,98
2024-07-29 18:00:00,WLS_BYC_14,SENS_WLS_BYC_14,0.0,0.0,Green - Normal,92
2024-07-29 18:00:00,WLS_MNK_15,SENS_WLS_MNK_15,0.0,0.0,Green - Normal,91
2024-07-29 19:00:00,WLS_HND_01,SENS_WLS_HND_01,0.5,0.0,Green - Normal,91
2024-07-29 19:00:00,WLS_GND_02,SENS_WLS_GND_02,0.0,0.0,Green - Normal,91
2024-07-29 19:00:00,WLS_MLN_03,SENS_WLS_MLN_03,2.8,0.0,Green - Normal,92
2024-07-29 19:00:00,WLS_AND_04,SENS_WLS_AND_04,3.0,0.0,Green - Normal,98
2024-07-29 19:00:00,WLS_KHR_05,SENS_WLS_KHR_05,3.2,0.0,Green - Normal,93
2024-07-29 19:00:00,WLS_KRL_06,SENS_WLS_KRL_06,0.0,0.0,Green - Normal,95
2024-07-29 19:00:00,WLS_SIO_07,SENS_WLS_SIO_07,1.1,0.0,Green - Normal,95
2024-07-29 19:00:00,WLS_DDR_08,SENS_WLS_DDR_08,0.0,0.0,Green - Normal,97
2024-07-29 19:00:00,WLS_CHM_09,SENS_WLS_CHM_09,0.0,0.0,Green - Normal,92
2024-07-29 19:00:00,WLS_MLD_10,SENS_WLS_MLD_10,6.8,1.35,Green - Normal,93
2024-07-29 19:00:00,WLS_DHS_11,SENS_WLS_DHS_11,0.0,0.0,Green - Normal,97
2024-07-29 19:00:00,WLS_CHN_12,SENS_WLS_CHN_12,0.0,0.0,Green - Normal,92
2024-07-29 19:00:00,WLS_WRL_13,SENS_WLS_WRL_13,0.0,0.0,Green - Normal,90
2024-07-29 19:00:00,WLS_BYC_14,SENS_WLS_BYC_14,0.0,0.0,Green - Normal,99
2024-07-29 19:00:00,WLS_MNK_15,SENS_WLS_MNK_15,2.7,0.0,Green - Normal,96
2024-07-29 20:00:00,WLS_HND_01,SENS_WLS_HND_01,0.0,0.0,Green - Normal,90
2024-07-29 20:00:00,WLS_GND_02,SENS_WLS_GND_02,0.0,0.0,Green - Normal,96
2024-07-29 20:00:00,WLS_MLN_03,SENS_WLS_MLN_03,0.0,0.0,Green - Normal,99
2024-07-29 20:00:00,WLS_AND_04,SENS_WLS_AND_04,0.0,0.0,Green - Normal,98
2024-07-29 20:00:00,WLS_KHR_05,SENS_WLS_KHR_05,0.0,0.0,Green - Normal,95
2024-07-29 20:00:00,WLS_KRL_06,SENS_WLS_KRL_06,0.0,0.0,Green - Normal,90
2024-07-29 20:00:00,WLS_SIO_07,SENS_WLS_SIO_07,0.0,0.0,Green - Normal,94
2024-07-29 20:00:00,WLS_DDR_08,SENS_WLS_DDR_08,0.0,0.0,Green - Normal,100
2024-07-29 20:00:00,WLS_CHM_09,SENS_WLS_CHM_09,0.0,0.0,Green - Normal,99
2024-07-29 20:00:00,WLS_MLD_10,SENS_WLS_MLD_10,0.0,0.0,Green - Normal,90
2024-07-29 20:00:00,WLS_DHS_11,SENS_WLS_DHS_11,0.0,0.0,Green - Normal,99
2024-07-29 20:00:00,WLS_CHN_12,SENS_WLS_CHN_12,0.0,0.0,Green - Normal,96
2024-07-29 20:00:00,WLS_WRL_13,SENS_WLS_WRL_13,0.0,0.0,Green - Normal,99
2024-07-29 20:00:00,WLS_BYC_14,SENS_WLS_BYC_14,0.0,0.0,Green - Normal,95
2024-07-29 20:00:00,WLS_MNK_15,SENS_WLS_MNK_15,0.0,0.0,Green - Normal,98
2024-07-29 21:00:00,WLS_HND_01,SENS_WLS_HND_01,0.0,0.0,Green - Normal,100
2024-07-29 21:00:00,WLS_GND_02,SENS_WLS_GND_02,0.0,0.0,Green - Normal,99
2024-07-29 21:00:00,WLS_MLN_03,SENS_WLS_MLN_03,0.0,0.0,Green - Normal,99
2024-07-29 21:00:00,WLS_AND_04,SENS_WLS_AND_04,0.0,0.0,Green - Normal,97
2024-07-29 21:00:00,WLS_KHR_05,SENS_WLS_KHR_05,0.0,0.0,Green - Normal,100
2024-07-29 21:00:00,WLS_KRL_06,SENS_WLS_KRL_06,0.0,0.0,Green - Normal,94
2024-07-29 21:00:00,WLS_SIO_07,SENS_WLS_SIO_07,0.0,0.0,Green - Normal,95
2024-07-29 21:00:00,WLS_DDR_08,SENS_WLS_DDR_08,0.0,0.0,Green - Normal,98
2024-07-29 21:00:00,WLS_CHM_09,SENS_WLS_CHM_09,0.0,0.0,Green - Normal,95
2024-07-29 21:00:00,WLS_MLD_10,SENS_WLS_MLD_10,0.0,0.0,Green - Normal,92
2024-07-29 21:00:00,WLS_DHS_11,SENS_WLS_DHS_11,0.0,0.0,Green - Normal,90
2024-07-29 21:00:00,WLS_CHN_12,SENS_WLS_CHN_12,0.0,0.0,Green - Normal,88
2024-07-29 21:00:00,WLS_WRL_13,SENS_WLS_WRL_13,0.0,0.0,Green - Normal,95
2024-07-29 21:00:00,WLS_BYC_14,SENS_WLS_BYC_14,0.0,0.0,Green - Normal,98
2024-07-29 21:00:00,WLS_MNK_15,SENS_WLS_MNK_15,0.0,0.0,Green - Normal,100
2024-07-29 22:00:00,WLS_HND_01,SENS_WLS_HND_01,9.0,1.11,Green - Normal,100
2024-07-29 22:00:00,WLS_GND_02,SENS_WLS_GND_02,8.2,0.54,Green - Normal,95
2024-07-29 22:00:00,WLS_MLN_03,SENS_WLS_MLN_03,14.2,0.15,Green - Normal,88
2024-07-29 22:00:00,WLS_AND_04,SENS_WLS_AND_04,15.3,0.3,Amber Alert - Waterlogging,92
2024-07-29 22:00:00,WLS_KHR_05,SENS_WLS_KHR_05,8.1,0.31,Green - Normal,92
2024-07-29 22:00:00,WLS_KRL_06,SENS_WLS_KRL_06,0.0,0.0,Green - Normal,93
2024-07-29 22:00:00,WLS_SIO_07,SENS_WLS_SIO_07,7.4,0.74,Green - Normal,99
2024-07-29 22:00:00,WLS_DDR_08,SENS_WLS_DDR_08,4.5,0.0,Green - Normal,91
2024-07-29 22:00:00,WLS_CHM_09,SENS_WLS_CHM_09,0.0,0.0,Green - Normal,89
2024-07-29 22:00:00,WLS_MLD_10,SENS_WLS_MLD_10,15.1,0.16,Amber Alert - Waterlogging,99
2024-07-29 22:00:00,WLS_DHS_11,SENS_WLS_DHS_11,5.6,0.76,Green - Normal,98
2024-07-29 22:00:00,WLS_CHN_12,SENS_WLS_CHN_12,4.8,0.0,Green - Normal,98
2024-07-29 22:00:00,WLS_WRL_13,SENS_WLS_WRL_13,0.0,0.0,Green - Normal,88
2024-07-29 22:00:00,WLS_BYC_14,SENS_WLS_BYC_14,4.1,0.0,Green - Normal,88
2024-07-29 22:00:00,WLS_MNK_15,SENS_WLS_MNK_15,10.5,1.37,Green - Normal,91
2024-07-29 23:00:00,WLS_HND_01,SENS_WLS_HND_01,0.0,0.0,Green - Normal,97
2024-07-29 23:00:00,WLS_GND_02,SENS_WLS_GND_02,0.0,0.0,Green - Normal,97
2024-07-29 23:00:00,WLS_MLN_03,SENS_WLS_MLN_03,0.0,0.0,Green - Normal,89
2024-07-29 23:00:00,WLS_AND_04,SENS_WLS_AND_04,0.0,0.0,Green - Normal,99
2024-07-29 23:00:00,WLS_KHR_05,SENS_WLS_KHR_05,0.0,0.0,Green - Normal,97
2024-07-29 23:00:00,WLS_KRL_06,SENS_WLS_KRL_06,0.0,0.0,Green - Normal,92
2024-07-29 23:00:00,WLS_SIO_07,SENS_WLS_SIO_07,0.0,0.0,Green - Normal,100
2024-07-29 23:00:00,WLS_DDR_08,SENS_WLS_DDR_08,0.0,0.0,Green - Normal,94
2024-07-29 23:00:00,WLS_CHM_09,SENS_WLS_CHM_09,0.0,0.0,Green - Normal,98
2024-07-29 23:00:00,WLS_MLD_10,SENS_WLS_MLD_10,0.0,0.0,Green - Normal,96
2024-07-29 23:00:00,WLS_DHS_11,SENS_WLS_DHS_11,0.0,0.0,Green - Normal,92
2024-07-29 23:00:00,WLS_CHN_12,SENS_WLS_CHN_12,0.0,0.0,Green - Normal,99
2024-07-29 23:00:00,WLS_WRL_13,SENS_WLS_WRL_13,0.0,0.0,Green - Normal,95
2024-07-29 23:00:00,WLS_BYC_14,SENS_WLS_BYC_14,0.0,0.0,Green - Normal,92
2024-07-29 23:00:00,WLS_MNK_15,SENS_WLS_MNK_15,0.0,0.0,Green - Normal,95
2024-07-30 00:00:00,WLS_HND_01,SENS_WLS_HND_01,0.0,0.0,Green - Normal,96
2024-07-30 00:00:00,WLS_GND_02,SENS_WLS_GND_02,0.0,0.0,Green - Normal,95
2024-07-30 00:00:00,WLS_MLN_03,SENS_WLS_MLN_03,0.0,0.0,Green - Normal,94
2024-07-30 00:00:00,WLS_AND_04,SENS_WLS_AND_04,0.0,0.0,Green - Normal,88
2024-07-30 00:00:00,WLS_KHR_05,SENS_WLS_KHR_05,0.0,0.0,Green - Normal,97
2024-07-30 00:00:00,WLS_KRL_06,SENS_WLS_KRL_06,0.0,0.0,Green - Normal,95
2024-07-30 00:00:00,WLS_SIO_07,SENS_WLS_SIO_07,0.0,0.0,Green - Normal,100
2024-07-30 00:00:00,WLS_DDR_08,SENS_WLS_DDR_08,0.0,0.0,Green - Normal,100
2024-07-30 00:00:00,WLS_CHM_09,SENS_WLS_CHM_09,0.0,0.0,Green - Normal,90
2024-07-30 00:00:00,WLS_MLD_10,SENS_WLS_MLD_10,0.0,0.0,Green - Normal,98
2024-07-30 00:00:00,WLS_DHS_11,SENS_WLS_DHS_11,0.0,0.0,Green - Normal,98
2024-07-30 00:00:00,WLS_CHN_12,SENS_WLS_CHN_12,0.0,0.0,Green - Normal,91
2024-07-30 00:00:00,WLS_WRL_13,SENS_WLS_WRL_13,0.0,0.0,Green - Normal,90
2024-07-30 00:00:00,WLS_BYC_14,SENS_WLS_BYC_14,0.0,0.0,Green - Normal,89
2024-07-30 00:00:00,WLS_MNK_15,SENS_WLS_MNK_15,0.0,0.0,Green - Normal,88
2024-07-30 01:00:00,WLS_HND_01,SENS_WLS_HND_01,0.0,0.0,Green - Normal,97
2024-07-30 01:00:00,WLS_GND_02,SENS_WLS_GND_02,0.0,0.0,Green - Normal,98
2024-07-30 01:00:00,WLS_MLN_03,SENS_WLS_MLN_03,0.0,0.0,Green - Normal,99
2024-07-30 01:00:00,WLS_AND_04,SENS_WLS_AND_04,1.7,0.0,Green - Normal,90
2024-07-30 01:00:00,WLS_KHR_05,SENS_WLS_KHR_05,1.3,0.0,Green - Normal,93
2024-07-30 01:00:00,WLS_KRL_06,SENS_WLS_KRL_06,0.0,0.0,Green - Normal,96
2024-07-30 01:00:00,WLS_SIO_07,SENS_WLS_SIO_07,0.0,0.0,Green - Normal,93
2024-07-30 01:00:00,WLS_DDR_08,SENS_WLS_DDR_08,0.0,0.0,Green - Normal,94
2024-07-30 01:00:00,WLS_CHM_09,SENS_WLS_CHM_09,0.0,0.0,Green - Normal,98
2024-07-30 01:00:00,WLS_MLD_10,SENS_WLS_MLD_10,0.0,0.0,Green - Normal,88
2024-07-30 01:00:00,WLS_DHS_11,SENS_WLS_DHS_11,0.0,0.0,Green - Normal,100
2024-07-30 01:00:00,WLS_CHN_12,SENS_WLS_CHN_12,0.0,0.0,Green - Normal,89
2024-07-30 01:00:00,WLS_WRL_13,SENS_WLS_WRL_13,0.0,0.0,Green - Normal,99
2024-07-30 01:00:00,WLS_BYC_14,SENS_WLS_BYC_14,0.0,0.0,Green - Normal,98
2024-07-30 01:00:00,WLS_MNK_15,SENS_WLS_MNK_15,0.0,0.0,Green - Normal,97
2024-07-30 02:00:00,WLS_HND_01,SENS_WLS_HND_01,0.0,0.0,Green - Normal,88
2024-07-30 02:00:00,WLS_GND_02,SENS_WLS_GND_02,0.0,0.0,Green - Normal,90
2024-07-30 02:00:00,WLS_MLN_03,SENS_WLS_MLN_03,0.0,0.0,Green - Normal,89
2024-07-30 02:00:00,WLS_AND_04,SENS_WLS_AND_04,0.0,0.0,Green - Normal,96
2024-07-30 02:00:00,WLS_KHR_05,SENS_WLS_KHR_05,0.0,0.0,Green - Normal,92
2024-07-30 02:00:00,WLS_KRL_06,SENS_WLS_KRL_06,0.0,0.0,Green - Normal,91
2024-07-30 02:00:00,WLS_SIO_07,SENS_WLS_SIO_07,0.0,0.0,Green - Normal,88
2024-07-30 02:00:00,WLS_DDR_08,SENS_WLS_DDR_08,0.0,0.0,Green - Normal,91
2024-07-30 02:00:00,WLS_CHM_09,SENS_WLS_CHM_09,0.0,0.0,Green - Normal,94
2024-07-30 02:00:00,WLS_MLD_10,SENS_WLS_MLD_10,0.0,0.0,Green - Normal,99
2024-07-30 02:00:00,WLS_DHS_11,SENS_WLS_DHS_11,0.0,0.0,Green - Normal,93
2024-07-30 02:00:00,WLS_CHN_12,SENS_WLS_CHN_12,0.0,0.0,Green - Normal,98
2024-07-30 02:00:00,WLS_WRL_13,SENS_WLS_WRL_13,0.0,0.0,Green - Normal,97
2024-07-30 02:00:00,WLS_BYC_14,SENS_WLS_BYC_14,0.0,0.0,Green - Normal,88
2024-07-30 02:00:00,WLS_MNK_15,SENS_WLS_MNK_15,0.0,0.0,Green - Normal,91
2024-07-30 03:00:00,WLS_HND_01,SENS_WLS_HND_01,0.0,0.0,Green - Normal,95
2024-07-30 03:00:00,WLS_GND_02,SENS_WLS_GND_02,0.0,0.0,Green - Normal,90
2024-07-30 03:00:00,WLS_MLN_03,SENS_WLS_MLN_03,0.0,0.0,Green - Normal,99
2024-07-30 03:00:00,WLS_AND_04,SENS_WLS_AND_04,0.0,0.0,Green - Normal,92
2024-07-30 03:00:00,WLS_KHR_05,SENS_WLS_KHR_05,0.0,0.0,Green - Normal,96
2024-07-30 03:00:00,WLS_KRL_06,SENS_WLS_KRL_06,0.0,0.0,Green - Normal,93
2024-07-30 03:00:00,WLS_SIO_07,SENS_WLS_SIO_07,0.0,0.0,Green - Normal,98
2024-07-30 03:00:00,WLS_DDR_08,SENS_WLS_DDR_08,0.0,0.0,Green - Normal,94
2024-07-30 03:00:00,WLS_CHM_09,SENS_WLS_CHM_09,0.0,0.0,Green - Normal,94
2024-07-30 03:00:00,WLS_MLD_10,SENS_WLS_MLD_10,0.0,0.0,Green - Normal,92
2024-07-30 03:00:00,WLS_DHS_11,SENS_WLS_DHS_11,0.0,0.0,Green - Normal,88
2024-07-30 03:00:00,WLS_CHN_12,SENS_WLS_CHN_12,0.0,0.0,Green - Normal,98
2024-07-30 03:00:00,WLS_WRL_13,SENS_WLS_WRL_13,0.0,0.0,Green - Normal,88
2024-07-30 03:00:00,WLS_BYC_14,SENS_WLS_BYC_14,0.0,0.0,Green - Normal,100
2024-07-30 03:00:00,WLS_MNK_15,SENS_WLS_MNK_15,0.0,0.0,Green - Normal,98
2024-07-30 04:00:00,WLS_HND_01,SENS_WLS_HND_01,0.0,0.0,Green - Normal,88
2024-07-30 04:00:00,WLS_GND_02,SENS_WLS_GND_02,0.0,0.0,Green - Normal,98
2024-07-30 04:00:00,WLS_MLN_03,SENS_WLS_MLN_03,0.0,0.0,Green - Normal,96
2024-07-30 04:00:00,WLS_AND_04,SENS_WLS_AND_04,0.0,0.0,Green - Normal,97
2024-07-30 04:00:00,WLS_KHR_05,SENS_WLS_KHR_05,0.0,0.0,Green - Normal,98
2024-07-30 04:00:00,WLS_KRL_06,SENS_WLS_KRL_06,0.0,0.0,Green - Normal,94
2024-07-30 04:00:00,WLS_SIO_07,SENS_WLS_SIO_07,0.0,0.0,Green - Normal,95
2024-07-30 04:00:00,WLS_DDR_08,SENS_WLS_DDR_08,0.0,0.0,Green - Normal,100
2024-07-30 04:00:00,WLS_CHM_09,SENS_WLS_CHM_09,0.0,0.0,Green - Normal,97
2024-07-30 04:00:00,WLS_MLD_10,SENS_WLS_MLD_10,0.0,0.0,Green - Normal,98
2024-07-30 04:00:00,WLS_DHS_11,SENS_WLS_DHS_11,0.0,0.0,Green - Normal,100
2024-07-30 04:00:00,WLS_CHN_12,SENS_WLS_CHN_12,0.0,0.0,Green - Normal,91
2024-07-30 04:00:00,WLS_WRL_13,SENS_WLS_WRL_13,0.0,0.0,Green - Normal,88
2024-07-30 04:00:00,WLS_BYC_14,SENS_WLS_BYC_14,0.0,0.0,Green - Normal,88
2024-07-30 04:00:00,WLS_MNK_15,SENS_WLS_MNK_15,0.0,0.0,Green - Normal,96
2024-07-30 05:00:00,WLS_HND_01,SENS_WLS_HND_01,0.0,0.0,Green - Normal,90
2024-07-30 05:00:00,WLS_GND_02,SENS_WLS_GND_02,0.0,0.0,Green - Normal,92
2024-07-30 05:00:00,WLS_MLN_03,SENS_WLS_MLN_03,0.0,0.0,Green - Normal,90
2024-07-30 05:00:00,WLS_AND_04,SENS_WLS_AND_04,0.0,0.0,Green - Normal,92
2024-07-30 05:00:00,WLS_KHR_05,SENS_WLS_KHR_05,0.0,0.0,Green - Normal,96
2024-07-30 05:00:00,WLS_KRL_06,SENS_WLS_KRL_06,0.0,0.0,Green - Normal,97
2024-07-30 05:00:00,WLS_SIO_07,SENS_WLS_SIO_07,0.0,0.0,Green - Normal,99
2024-07-30 05:00:00,WLS_DDR_08,SENS_WLS_DDR_08,0.0,0.0,Green - Normal,93
2024-07-30 05:00:00,WLS_CHM_09,SENS_WLS_CHM_09,0.0,0.0,Green - Normal,89
2024-07-30 05:00:00,WLS_MLD_10,SENS_WLS_MLD_10,0.0,0.0,Green - Normal,90
2024-07-30 05:00:00,WLS_DHS_11,SENS_WLS_DHS_11,0.0,0.0,Green - Normal,89
2024-07-30 05:00:00,WLS_CHN_12,SENS_WLS_CHN_12,0.0,0.0,Green - Normal,99
2024-07-30 05:00:00,WLS_WRL_13,SENS_WLS_WRL_13,0.0,0.0,Green - Normal,98
2024-07-30 05:00:00,WLS_BYC_14,SENS_WLS_BYC_14,0.0,0.0,Green - Normal,97
2024-07-30 05:00:00,WLS_MNK_15,SENS_WLS_MNK_15,0.0,0.0,Green - Normal,90
2024-07-30 06:00:00,WLS_HND_01,SENS_WLS_HND_01,2.4,0.0,Green - Normal,97
2024-07-30 06:00:00,WLS_GND_02,SENS_WLS_GND_02,0.0,0.0,Green - Normal,90
2024-07-30 06:00:00,WLS_MLN_03,SENS_WLS_MLN_03,9.1,1.24,Green - Normal,96
2024-07-30 06:00:00,WLS_AND_04,SENS_WLS_AND_04,2.4,0.0,Green - Normal,98
2024-07-30 06:00:00,WLS_KHR_05,SENS_WLS_KHR_05,3.0,0.0,Green - Normal,88
2024-07-30 06:00:00,WLS_KRL_06,SENS_WLS_KRL_06,0.0,0.0,Green - Normal,89
2024-07-30 06:00:00,WLS_SIO_07,SENS_WLS_SIO_07,0.0,0.0,Green - Normal,90
2024-07-30 06:00:00,WLS_DDR_08,SENS_WLS_DDR_08,0.0,0.0,Green - Normal,92
2024-07-30 06:00:00,WLS_CHM_09,SENS_WLS_CHM_09,0.0,0.0,Green - Normal,98
2024-07-30 06:00:00,WLS_MLD_10,SENS_WLS_MLD_10,7.2,0.68,Green - Normal,90
2024-07-30 06:00:00,WLS_DHS_11,SENS_WLS_DHS_11,5.5,0.7,Green - Normal,94
2024-07-30 06:00:00,WLS_CHN_12,SENS_WLS_CHN_12,0.0,0.0,Green - Normal,95
2024-07-30 06:00:00,WLS_WRL_13,SENS_WLS_WRL_13,0.0,0.0,Green - Normal,95
2024-07-30 06:00:00,WLS_BYC_14,SENS_WLS_BYC_14,3.0,0.0,Green - Normal,91
2024-07-30 06:00:00,WLS_MNK_15,SENS_WLS_MNK_15,0.0,0.0,Green - Normal,93
2024-07-30 07:00:00,WLS_HND_01,SENS_WLS_HND_01,0.0,0.0,Green - Normal,96
2024-07-30 07:00:00,WLS_GND_02,SENS_WLS_GND_02,0.0,0.0,Green - Normal,95
2024-07-30 07:00:00,WLS_MLN_03,SENS_WLS_MLN_03,0.0,0.0,Green - Normal,98
2024-07-30 07:00:00,WLS_AND_04,SENS_WLS_AND_04,0.0,0.0,Green - Normal,95
2024-07-30 07:00:00,WLS_KHR_05,SENS_WLS_KHR_05,0.0,0.0,Green - Normal,99
2024-07-30 07:00:00,WLS_KRL_06,SENS_WLS_KRL_06,0.0,0.0,Green - Normal,91
2024-07-30 07:00:00,WLS_SIO_07,SENS_WLS_SIO_07,0.0,0.0,Green - Normal,94
2024-07-30 07:00:00,WLS_DDR_08,SENS_WLS_DDR_08,0.0,0.0,Green - Normal,90
2024-07-30 07:00:00,WLS_CHM_09,SENS_WLS_CHM_09,0.0,0.0,Green - Normal,89
2024-07-30 07:00:00,WLS_MLD_10,SENS_WLS_MLD_10,0.0,0.0,Green - Normal,88
2024-07-30 07:00:00,WLS_DHS_11,SENS_WLS_DHS_11,0.0,0.0,Green - Normal,93
2024-07-30 07:00:00,WLS_CHN_12,SENS_WLS_CHN_12,0.0,0.0,Green - Normal,89
2024-07-30 07:00:00,WLS_WRL_13,SENS_WLS_WRL_13,0.0,0.0,Green - Normal,88
2024-07-30 07:00:00,WLS_BYC_14,SENS_WLS_BYC_14,0.0,0.0,Green - Normal,98
2024-07-30 07:00:00,WLS_MNK_15,SENS_WLS_MNK_15,0.0,0.0,Green - Normal,97
2024-07-30 08:00:00,WLS_HND_01,SENS_WLS_HND_01,0.0,0.0,Green - Normal,88
2024-07-30 08:00:00,WLS_GND_02,SENS_WLS_GND_02,0.0,0.0,Green - Normal,88
2024-07-30 08:00:00,WLS_MLN_03,SENS_WLS_MLN_03,0.0,0.0,Green - Normal,94
2024-07-30 08:00:00,WLS_AND_04,SENS_WLS_AND_04,0.0,0.0,Green - Normal,88
2024-07-30 08:00:00,WLS_KHR_05,SENS_WLS_KHR_05,0.0,0.0,Green - Normal,93
2024-07-30 08:00:00,WLS_KRL_06,SENS_WLS_KRL_06,0.0,0.0,Green - Normal,100
2024-07-30 08:00:00,WLS_SIO_07,SENS_WLS_SIO_07,0.0,0.0,Green - Normal,88
2024-07-30 08:00:00,WLS_DDR_08,SENS_WLS_DDR_08,0.0,0.0,Green - Normal,96
2024-07-30 08:00:00,WLS_CHM_09,SENS_WLS_CHM_09,0.0,0.0,Green - Normal,98
2024-07-30 08:00:00,WLS_MLD_10,SENS_WLS_MLD_10,0.0,0.0,Green - Normal,91
2024-07-30 08:00:00,WLS_DHS_11,SENS_WLS_DHS_11,0.0,0.0,Green - Normal,98
2024-07-30 08:00:00,WLS_CHN_12,SENS_WLS_CHN_12,0.0,0.0,Green - Normal,99
2024-07-30 08:00:00,WLS_WRL_13,SENS_WLS_WRL_13,0.0,0.0,Green - Normal,93
2024-07-30 08:00:00,WLS_BYC_14,SENS_WLS_BYC_14,0.0,0.0,Green - Normal,94
2024-07-30 08:00:00,WLS_MNK_15,SENS_WLS_MNK_15,0.0,0.0,Green - Normal,97
2024-07-30 09:00:00,WLS_HND_01,SENS_WLS_HND_01,0.0,0.0,Green - Normal,99
2024-07-30 09:00:00,WLS_GND_02,SENS_WLS_GND_02,0.0,0.0,Green - Normal,94
2024-07-30 09:00:00,WLS_MLN_03,SENS_WLS_MLN_03,0.0,0.0,Green - Normal,92
2024-07-30 09:00:00,WLS_AND_04,SENS_WLS_AND_04,0.0,0.0,Green - Normal,92
2024-07-30 09:00:00,WLS_KHR_05,SENS_WLS_KHR_05,0.0,0.0,Green - Normal,99
2024-07-30 09:00:00,WLS_KRL_06,SENS_WLS_KRL_06,0.0,0.0,Green - Normal,96
2024-07-30 09:00:00,WLS_SIO_07,SENS_WLS_SIO_07,0.0,0.0,Green - Normal,93
2024-07-30 09:00:00,WLS_DDR_08,SENS_WLS_DDR_08,0.0,0.0,Green - Normal,91
2024-07-30 09:00:00,WLS_CHM_09,SENS_WLS_CHM_09,0.0,0.0,Green - Normal,96
2024-07-30 09:00:00,WLS_MLD_10,SENS_WLS_MLD_10,0.0,0.0,Green - Normal,97
2024-07-30 09:00:00,WLS_DHS_11,SENS_WLS_DHS_11,0.0,0.0,Green - Normal,95
2024-07-30 09:00:00,WLS_CHN_12,SENS_WLS_CHN_12,0.0,0.0,Green - Normal,88
2024-07-30 09:00:00,WLS_WRL_13,SENS_WLS_WRL_13,0.0,0.0,Green - Normal,90
2024-07-30 09:00:00,WLS_BYC_14,SENS_WLS_BYC_14,0.0,0.0,Green - Normal,100
2024-07-30 09:00:00,WLS_MNK_15,SENS_WLS_MNK_15,0.0,0.0,Green - Normal,100
2024-07-30 10:00:00,WLS_HND_01,SENS_WLS_HND_01,38.5,0.86,Amber Alert - Waterlogging,89
2024-07-30 10:00:00,WLS_GND_02,SENS_WLS_GND_02,29.8,0.57,Amber Alert - Waterlogging,93
2024-07-30 10:00:00,WLS_MLN_03,SENS_WLS_MLN_03,50.2,1.33,Red Alert - Inundated,96
2024-07-30 10:00:00,WLS_AND_04,SENS_WLS_AND_04,51.3,1.22,Red Alert - Inundated,90
2024-07-30 10:00:00,WLS_KHR_05,SENS_WLS_KHR_05,50.7,0.35,Red Alert - Inundated,92
2024-07-30 10:00:00,WLS_KRL_06,SENS_WLS_KRL_06,29.4,1.18,Amber Alert - Waterlogging,93
2024-07-30 10:00:00,WLS_SIO_07,SENS_WLS_SIO_07,28.9,0.67,Amber Alert - Waterlogging,92
2024-07-30 10:00:00,WLS_DDR_08,SENS_WLS_DDR_08,20.9,0.92,Amber Alert - Waterlogging,90
2024-07-30 10:00:00,WLS_CHM_09,SENS_WLS_CHM_09,18.4,1.19,Amber Alert - Waterlogging,97
2024-07-30 10:00:00,WLS_MLD_10,SENS_WLS_MLD_10,47.0,0.38,Red Alert - Inundated,94
2024-07-30 10:00:00,WLS_DHS_11,SENS_WLS_DHS_11,36.7,0.25,Amber Alert - Waterlogging,93
2024-07-30 10:00:00,WLS_CHN_12,SENS_WLS_CHN_12,32.4,0.17,Amber Alert - Waterlogging,89
2024-07-30 10:00:00,WLS_WRL_13,SENS_WLS_WRL_13,6.8,0.95,Green - Normal,98
2024-07-30 10:00:00,WLS_BYC_14,SENS_WLS_BYC_14,26.5,1.38,Amber Alert - Waterlogging,92
2024-07-30 10:00:00,WLS_MNK_15,SENS_WLS_MNK_15,41.7,0.95,Amber Alert - Waterlogging,88
2024-07-30 11:00:00,WLS_HND_01,SENS_WLS_HND_01,0.0,0.0,Green - Normal,92
2024-07-30 11:00:00,WLS_GND_02,SENS_WLS_GND_02,0.0,0.0,Green - Normal,98
2024-07-30 11:00:00,WLS_MLN_03,SENS_WLS_MLN_03,0.0,0.0,Green - Normal,97
2024-07-30 11:00:00,WLS_AND_04,SENS_WLS_AND_04,0.0,0.0,Green - Normal,93
2024-07-30 11:00:00,WLS_KHR_05,SENS_WLS_KHR_05,0.0,0.0,Green - Normal,100
2024-07-30 11:00:00,WLS_KRL_06,SENS_WLS_KRL_06,0.0,0.0,Green - Normal,100
2024-07-30 11:00:00,WLS_SIO_07,SENS_WLS_SIO_07,0.0,0.0,Green - Normal,94
2024-07-30 11:00:00,WLS_DDR_08,SENS_WLS_DDR_08,0.0,0.0,Green - Normal,98
2024-07-30 11:00:00,WLS_CHM_09,SENS_WLS_CHM_09,0.0,0.0,Green - Normal,98
2024-07-30 11:00:00,WLS_MLD_10,SENS_WLS_MLD_10,0.0,0.0,Green - Normal,88
2024-07-30 11:00:00,WLS_DHS_11,SENS_WLS_DHS_11,0.0,0.0,Green - Normal,98
2024-07-30 11:00:00,WLS_CHN_12,SENS_WLS_CHN_12,0.0,0.0,Green - Normal,99
2024-07-30 11:00:00,WLS_WRL_13,SENS_WLS_WRL_13,0.0,0.0,Green - Normal,100
2024-07-30 11:00:00,WLS_BYC_14,SENS_WLS_BYC_14,0.0,0.0,Green - Normal,93
2024-07-30 11:00:00,WLS_MNK_15,SENS_WLS_MNK_15,0.0,0.0,Green - Normal,95
2024-07-30 12:00:00,WLS_HND_01,SENS_WLS_HND_01,0.0,0.0,Green - Normal,92
2024-07-30 12:00:00,WLS_GND_02,SENS_WLS_GND_02,0.0,0.0,Green - Normal,94
2024-07-30 12:00:00,WLS_MLN_03,SENS_WLS_MLN_03,0.0,0.0,Green - Normal,90
2024-07-30 12:00:00,WLS_AND_04,SENS_WLS_AND_04,0.0,0.0,Green - Normal,93
2024-07-30 12:00:00,WLS_KHR_05,SENS_WLS_KHR_05,0.0,0.0,Green - Normal,93
2024-07-30 12:00:00,WLS_KRL_06,SENS_WLS_KRL_06,0.0,0.0,Green - Normal,100
2024-07-30 12:00:00,WLS_SIO_07,SENS_WLS_SIO_07,0.0,0.0,Green - Normal,94
2024-07-30 12:00:00,WLS_DDR_08,SENS_WLS_DDR_08,0.0,0.0,Green - Normal,88
2024-07-30 12:00:00,WLS_CHM_09,SENS_WLS_CHM_09,0.0,0.0,Green - Normal,96
2024-07-30 12:00:00,WLS_MLD_10,SENS_WLS_MLD_10,0.0,0.0,Green - Normal,91
2024-07-30 12:00:00,WLS_DHS_11,SENS_WLS_DHS_11,0.0,0.0,Green - Normal,89
2024-07-30 12:00:00,WLS_CHN_12,SENS_WLS_CHN_12,0.0,0.0,Green - Normal,88
2024-07-30 12:00:00,WLS_WRL_13,SENS_WLS_WRL_13,0.0,0.0,Green - Normal,99
2024-07-30 12:00:00,WLS_BYC_14,SENS_WLS_BYC_14,0.0,0.0,Green - Normal,100
2024-07-30 12:00:00,WLS_MNK_15,SENS_WLS_MNK_15,0.0,0.0,Green - Normal,99
2024-07-30 13:00:00,WLS_HND_01,SENS_WLS_HND_01,0.0,0.0,Green - Normal,88
2024-07-30 13:00:00,WLS_GND_02,SENS_WLS_GND_02,0.0,0.0,Green - Normal,90
2024-07-30 13:00:00,WLS_MLN_03,SENS_WLS_MLN_03,0.0,0.0,Green - Normal,99
2024-07-30 13:00:00,WLS_AND_04,SENS_WLS_AND_04,0.0,0.0,Green - Normal,96
2024-07-30 13:00:00,WLS_KHR_05,SENS_WLS_KHR_05,0.0,0.0,Green - Normal,95
2024-07-30 13:00:00,WLS_KRL_06,SENS_WLS_KRL_06,0.0,0.0,Green - Normal,91
2024-07-30 13:00:00,WLS_SIO_07,SENS_WLS_SIO_07,0.0,0.0,Green - Normal,89
2024-07-30 13:00:00,WLS_DDR_08,SENS_WLS_DDR_08,0.0,0.0,Green - Normal,92
2024-07-30 13:00:00,WLS_CHM_09,SENS_WLS_CHM_09,0.0,0.0,Green - Normal,92
2024-07-30 13:00:00,WLS_MLD_10,SENS_WLS_MLD_10,0.0,0.0,Green - Normal,94
2024-07-30 13:00:00,WLS_DHS_11,SENS_WLS_DHS_11,0.0,0.0,Green - Normal,97
2024-07-30 13:00:00,WLS_CHN_12,SENS_WLS_CHN_12,0.0,0.0,Green - Normal,96
2024-07-30 13:00:00,WLS_WRL_13,SENS_WLS_WRL_13,0.0,0.0,Green - Normal,96
2024-07-30 13:00:00,WLS_BYC_14,SENS_WLS_BYC_14,0.0,0.0,Green - Normal,99
2024-07-30 13:00:00,WLS_MNK_15,SENS_WLS_MNK_15,0.0,0.0,Green - Normal,98
2024-07-30 14:00:00,WLS_HND_01,SENS_WLS_HND_01,0.0,0.0,Green - Normal,99
2024-07-30 14:00:00,WLS_GND_02,SENS_WLS_GND_02,0.0,0.0,Green - Normal,100
2024-07-30 14:00:00,WLS_MLN_03,SENS_WLS_MLN_03,0.0,0.0,Green - Normal,94
2024-07-30 14:00:00,WLS_AND_04,SENS_WLS_AND_04,0.0,0.0,Green - Normal,97
2024-07-30 14:00:00,WLS_KHR_05,SENS_WLS_KHR_05,0.0,0.0,Green - Normal,92
2024-07-30 14:00:00,WLS_KRL_06,SENS_WLS_KRL_06,0.0,0.0,Green - Normal,100
2024-07-30 14:00:00,WLS_SIO_07,SENS_WLS_SIO_07,0.0,0.0,Green - Normal,99
2024-07-30 14:00:00,WLS_DDR_08,SENS_WLS_DDR_08,0.0,0.0,Green - Normal,90
2024-07-30 14:00:00,WLS_CHM_09,SENS_WLS_CHM_09,0.0,0.0,Green - Normal,97
2024-07-30 14:00:00,WLS_MLD_10,SENS_WLS_MLD_10,0.0,0.0,Green - Normal,94
2024-07-30 14:00:00,WLS_DHS_11,SENS_WLS_DHS_11,0.0,0.0,Green - Normal,94
2024-07-30 14:00:00,WLS_CHN_12,SENS_WLS_CHN_12,0.0,0.0,Green - Normal,96
2024-07-30 14:00:00,WLS_WRL_13,SENS_WLS_WRL_13,0.0,0.0,Green - Normal,100
2024-07-30 14:00:00,WLS_BYC_14,SENS_WLS_BYC_14,0.0,0.0,Green - Normal,92
2024-07-30 14:00:00,WLS_MNK_15,SENS_WLS_MNK_15,0.0,0.0,Green - Normal,93
2024-07-30 15:00:00,WLS_HND_01,SENS_WLS_HND_01,0.0,0.0,Green - Normal,93
2024-07-30 15:00:00,WLS_GND_02,SENS_WLS_GND_02,0.0,0.0,Green - Normal,95
2024-07-30 15:00:00,WLS_MLN_03,SENS_WLS_MLN_03,0.0,0.0,Green - Normal,95
2024-07-30 15:00:00,WLS_AND_04,SENS_WLS_AND_04,0.0,0.0,Green - Normal,96
2024-07-30 15:00:00,WLS_KHR_05,SENS_WLS_KHR_05,0.0,0.0,Green - Normal,98
2024-07-30 15:00:00,WLS_KRL_06,SENS_WLS_KRL_06,0.0,0.0,Green - Normal,91
2024-07-30 15:00:00,WLS_SIO_07,SENS_WLS_SIO_07,0.0,0.0,Green - Normal,94
2024-07-30 15:00:00,WLS_DDR_08,SENS_WLS_DDR_08,0.0,0.0,Green - Normal,98
2024-07-30 15:00:00,WLS_CHM_09,SENS_WLS_CHM_09,0.0,0.0,Green - Normal,93
2024-07-30 15:00:00,WLS_MLD_10,SENS_WLS_MLD_10,0.0,0.0,Green - Normal,91
2024-07-30 15:00:00,WLS_DHS_11,SENS_WLS_DHS_11,0.0,0.0,Green - Normal,96
2024-07-30 15:00:00,WLS_CHN_12,SENS_WLS_CHN_12,0.0,0.0,Green - Normal,88
2024-07-30 15:00:00,WLS_WRL_13,SENS_WLS_WRL_13,0.0,0.0,Green - Normal,96
2024-07-30 15:00:00,WLS_BYC_14,SENS_WLS_BYC_14,0.0,0.0,Green - Normal,89
2024-07-30 15:00:00,WLS_MNK_15,SENS_WLS_MNK_15,0.0,0.0,Green - Normal,100
2024-07-30 16:00:00,WLS_HND_01,SENS_WLS_HND_01,0.0,0.0,Green - Normal,94
2024-07-30 16:00:00,WLS_GND_02,SENS_WLS_GND_02,0.0,0.0,Green - Normal,89
2024-07-30 16:00:00,WLS_MLN_03,SENS_WLS_MLN_03,0.0,0.0,Green - Normal,98
2024-07-30 16:00:00,WLS_AND_04,SENS_WLS_AND_04,0.0,0.0,Green - Normal,90
2024-07-30 16:00:00,WLS_KHR_05,SENS_WLS_KHR_05,0.0,0.0,Green - Normal,93
2024-07-30 16:00:00,WLS_KRL_06,SENS_WLS_KRL_06,0.0,0.0,Green - Normal,95
2024-07-30 16:00:00,WLS_SIO_07,SENS_WLS_SIO_07,0.0,0.0,Green - Normal,88
2024-07-30 16:00:00,WLS_DDR_08,SENS_WLS_DDR_08,0.0,0.0,Green - Normal,92
2024-07-30 16:00:00,WLS_CHM_09,SENS_WLS_CHM_09,0.0,0.0,Green - Normal,100
2024-07-30 16:00:00,WLS_MLD_10,SENS_WLS_MLD_10,0.0,0.0,Green - Normal,99
2024-07-30 16:00:00,WLS_DHS_11,SENS_WLS_DHS_11,0.0,0.0,Green - Normal,95
2024-07-30 16:00:00,WLS_CHN_12,SENS_WLS_CHN_12,0.0,0.0,Green - Normal,91
2024-07-30 16:00:00,WLS_WRL_13,SENS_WLS_WRL_13,0.0,0.0,Green - Normal,90
2024-07-30 16:00:00,WLS_BYC_14,SENS_WLS_BYC_14,0.0,0.0,Green - Normal,92
2024-07-30 16:00:00,WLS_MNK_15,SENS_WLS_MNK_15,0.0,0.0,Green - Normal,100
2024-07-30 17:00:00,WLS_HND_01,SENS_WLS_HND_01,0.0,0.0,Green - Normal,93
2024-07-30 17:00:00,WLS_GND_02,SENS_WLS_GND_02,0.0,0.0,Green - Normal,89
2024-07-30 17:00:00,WLS_MLN_03,SENS_WLS_MLN_03,0.0,0.0,Green - Normal,88
2024-07-30 17:00:00,WLS_AND_04,SENS_WLS_AND_04,0.0,0.0,Green - Normal,98
2024-07-30 17:00:00,WLS_KHR_05,SENS_WLS_KHR_05,0.0,0.0,Green - Normal,99
2024-07-30 17:00:00,WLS_KRL_06,SENS_WLS_KRL_06,0.0,0.0,Green - Normal,96
2024-07-30 17:00:00,WLS_SIO_07,SENS_WLS_SIO_07,0.0,0.0,Green - Normal,89
2024-07-30 17:00:00,WLS_DDR_08,SENS_WLS_DDR_08,0.0,0.0,Green - Normal,100
2024-07-30 17:00:00,WLS_CHM_09,SENS_WLS_CHM_09,0.0,0.0,Green - Normal,90
2024-07-30 17:00:00,WLS_MLD_10,SENS_WLS_MLD_10,0.0,0.0,Green - Normal,94
2024-07-30 17:00:00,WLS_DHS_11,SENS_WLS_DHS_11,0.0,0.0,Green - Normal,96
2024-07-30 17:00:00,WLS_CHN_12,SENS_WLS_CHN_12,0.0,0.0,Green - Normal,90
2024-07-30 17:00:00,WLS_WRL_13,SENS_WLS_WRL_13,0.0,0.0,Green - Normal,100
2024-07-30 17:00:00,WLS_BYC_14,SENS_WLS_BYC_14,0.0,0.0,Green - Normal,96
2024-07-30 17:00:00,WLS_MNK_15,SENS_WLS_MNK_15,0.0,0.0,Green - Normal,98
2024-07-30 18:00:00,WLS_HND_01,SENS_WLS_HND_01,0.0,0.0,Green - Normal,99
2024-07-30 18:00:00,WLS_GND_02,SENS_WLS_GND_02,0.0,0.0,Green - Normal,96
2024-07-30 18:00:00,WLS_MLN_03,SENS_WLS_MLN_03,0.0,0.0,Green - Normal,94
2024-07-30 18:00:00,WLS_AND_04,SENS_WLS_AND_04,0.0,0.0,Green - Normal,89
2024-07-30 18:00:00,WLS_KHR_05,SENS_WLS_KHR_05,0.0,0.0,Green - Normal,99
2024-07-30 18:00:00,WLS_KRL_06,SENS_WLS_KRL_06,0.0,0.0,Green - Normal,94
2024-07-30 18:00:00,WLS_SIO_07,SENS_WLS_SIO_07,0.0,0.0,Green - Normal,99
2024-07-30 18:00:00,WLS_DDR_08,SENS_WLS_DDR_08,0.0,0.0,Green - Normal,93
2024-07-30 18:00:00,WLS_CHM_09,SENS_WLS_CHM_09,0.0,0.0,Green - Normal,100
2024-07-30 18:00:00,WLS_MLD_10,SENS_WLS_MLD_10,0.0,0.0,Green - Normal,99
2024-07-30 18:00:00,WLS_DHS_11,SENS_WLS_DHS_11,0.0,0.0,Green - Normal,100
2024-07-30 18:00:00,WLS_CHN_12,SENS_WLS_CHN_12,0.0,0.0,Green - Normal,92
2024-07-30 18:00:00,WLS_WRL_13,SENS_WLS_WRL_13,0.0,0.0,Green - Normal,95
2024-07-30 18:00:00,WLS_BYC_14,SENS_WLS_BYC_14,0.0,0.0,Green - Normal,100
2024-07-30 18:00:00,WLS_MNK_15,SENS_WLS_MNK_15,0.0,0.0,Green - Normal,98
2024-07-30 19:00:00,WLS_HND_01,SENS_WLS_HND_01,0.0,0.0,Green - Normal,92
2024-07-30 19:00:00,WLS_GND_02,SENS_WLS_GND_02,0.0,0.0,Green - Normal,90
2024-07-30 19:00:00,WLS_MLN_03,SENS_WLS_MLN_03,0.0,0.0,Green - Normal,89
2024-07-30 19:00:00,WLS_AND_04,SENS_WLS_AND_04,0.0,0.0,Green - Normal,99
2024-07-30 19:00:00,WLS_KHR_05,SENS_WLS_KHR_05,0.0,0.0,Green - Normal,90
2024-07-30 19:00:00,WLS_KRL_06,SENS_WLS_KRL_06,0.0,0.0,Green - Normal,97
2024-07-30 19:00:00,WLS_SIO_07,SENS_WLS_SIO_07,0.0,0.0,Green - Normal,93
2024-07-30 19:00:00,WLS_DDR_08,SENS_WLS_DDR_08,0.0,0.0,Green - Normal,95
2024-07-30 19:00:00,WLS_CHM_09,SENS_WLS_CHM_09,0.0,0.0,Green - Normal,100
2024-07-30 19:00:00,WLS_MLD_10,SENS_WLS_MLD_10,0.0,0.0,Green - Normal,93
2024-07-30 19:00:00,WLS_DHS_11,SENS_WLS_DHS_11,0.0,0.0,Green - Normal,89
2024-07-30 19:00:00,WLS_CHN_12,SENS_WLS_CHN_12,0.0,0.0,Green - Normal,88
2024-07-30 19:00:00,WLS_WRL_13,SENS_WLS_WRL_13,0.0,0.0,Green - Normal,91
2024-07-30 19:00:00,WLS_BYC_14,SENS_WLS_BYC_14,0.0,0.0,Green - Normal,95
2024-07-30 19:00:00,WLS_MNK_15,SENS_WLS_MNK_15,0.0,0.0,Green - Normal,100
2024-07-30 20:00:00,WLS_HND_01,SENS_WLS_HND_01,6.6,0.44,Green - Normal,96
2024-07-30 20:00:00,WLS_GND_02,SENS_WLS_GND_02,0.9,0.0,Green - Normal,92
2024-07-30 20:00:00,WLS_MLN_03,SENS_WLS_MLN_03,8.4,0.31,Green - Normal,98
2024-07-30 20:00:00,WLS_AND_04,SENS_WLS_AND_04,14.6,0.46,Green - Normal,97
2024-07-30 20:00:00,WLS_KHR_05,SENS_WLS_KHR_05,13.9,0.9,Green - Normal,98
2024-07-30 20:00:00,WLS_KRL_06,SENS_WLS_KRL_06,0.0,0.0,Green - Normal,98
2024-07-30 20:00:00,WLS_SIO_07,SENS_WLS_SIO_07,2.5,0.0,Green - Normal,97
2024-07-30 20:00:00,WLS_DDR_08,SENS_WLS_DDR_08,0.0,0.0,Green - Normal,98
2024-07-30 20:00:00,WLS_CHM_09,SENS_WLS_CHM_09,0.0,0.0,Green - Normal,90
2024-07-30 20:00:00,WLS_MLD_10,SENS_WLS_MLD_10,11.4,0.45,Green - Normal,93
2024-07-30 20:00:00,WLS_DHS_11,SENS_WLS_DHS_11,12.1,1.01,Green - Normal,94
2024-07-30 20:00:00,WLS_CHN_12,SENS_WLS_CHN_12,6.9,0.82,Green - Normal,90
2024-07-30 20:00:00,WLS_WRL_13,SENS_WLS_WRL_13,0.0,0.0,Green - Normal,97
2024-07-30 20:00:00,WLS_BYC_14,SENS_WLS_BYC_14,3.0,0.0,Green - Normal,94
2024-07-30 20:00:00,WLS_MNK_15,SENS_WLS_MNK_15,2.5,0.0,Green - Normal,95
2024-07-30 21:00:00,WLS_HND_01,SENS_WLS_HND_01,0.0,0.0,Green - Normal,96
2024-07-30 21:00:00,WLS_GND_02,SENS_WLS_GND_02,0.0,0.0,Green - Normal,96
2024-07-30 21:00:00,WLS_MLN_03,SENS_WLS_MLN_03,0.0,0.0,Green - Normal,100
2024-07-30 21:00:00,WLS_AND_04,SENS_WLS_AND_04,0.0,0.0,Green - Normal,97
2024-07-30 21:00:00,WLS_KHR_05,SENS_WLS_KHR_05,0.0,0.0,Green - Normal,90
2024-07-30 21:00:00,WLS_KRL_06,SENS_WLS_KRL_06,0.0,0.0,Green - Normal,90
2024-07-30 21:00:00,WLS_SIO_07,SENS_WLS_SIO_07,0.0,0.0,Green - Normal,91
2024-07-30 21:00:00,WLS_DDR_08,SENS_WLS_DDR_08,0.0,0.0,Green - Normal,98
2024-07-30 21:00:00,WLS_CHM_09,SENS_WLS_CHM_09,0.0,0.0,Green - Normal,88
2024-07-30 21:00:00,WLS_MLD_10,SENS_WLS_MLD_10,0.0,0.0,Green - Normal,92
2024-07-30 21:00:00,WLS_DHS_11,SENS_WLS_DHS_11,0.0,0.0,Green - Normal,99
2024-07-30 21:00:00,WLS_CHN_12,SENS_WLS_CHN_12,0.0,0.0,Green - Normal,91
2024-07-30 21:00:00,WLS_WRL_13,SENS_WLS_WRL_13,0.0,0.0,Green - Normal,97
2024-07-30 21:00:00,WLS_BYC_14,SENS_WLS_BYC_14,0.0,0.0,Green - Normal,93
2024-07-30 21:00:00,WLS_MNK_15,SENS_WLS_MNK_15,0.0,0.0,Green - Normal,91
2024-07-30 22:00:00,WLS_HND_01,SENS_WLS_HND_01,0.0,0.0,Green - Normal,88
2024-07-30 22:00:00,WLS_GND_02,SENS_WLS_GND_02,0.0,0.0,Green - Normal,91
2024-07-30 22:00:00,WLS_MLN_03,SENS_WLS_MLN_03,0.0,0.0,Green - Normal,99
2024-07-30 22:00:00,WLS_AND_04,SENS_WLS_AND_04,0.0,0.0,Green - Normal,99
2024-07-30 22:00:00,WLS_KHR_05,SENS_WLS_KHR_05,0.0,0.0,Green - Normal,92
2024-07-30 22:00:00,WLS_KRL_06,SENS_WLS_KRL_06,0.0,0.0,Green - Normal,88
2024-07-30 22:00:00,WLS_SIO_07,SENS_WLS_SIO_07,0.0,0.0,Green - Normal,90
2024-07-30 22:00:00,WLS_DDR_08,SENS_WLS_DDR_08,0.0,0.0,Green - Normal,95
2024-07-30 22:00:00,WLS_CHM_09,SENS_WLS_CHM_09,0.0,0.0,Green - Normal,90
2024-07-30 22:00:00,WLS_MLD_10,SENS_WLS_MLD_10,0.0,0.0,Green - Normal,91
2024-07-30 22:00:00,WLS_DHS_11,SENS_WLS_DHS_11,0.0,0.0,Green - Normal,92
2024-07-30 22:00:00,WLS_CHN_12,SENS_WLS_CHN_12,0.0,0.0,Green - Normal,100
2024-07-30 22:00:00,WLS_WRL_13,SENS_WLS_WRL_13,0.0,0.0,Green - Normal,88
2024-07-30 22:00:00,WLS_BYC_14,SENS_WLS_BYC_14,0.0,0.0,Green - Normal,94
2024-07-30 22:00:00,WLS_MNK_15,SENS_WLS_MNK_15,0.0,0.0,Green - Normal,92
2024-07-30 23:00:00,WLS_HND_01,SENS_WLS_HND_01,0.0,0.0,Green - Normal,100
2024-07-30 23:00:00,WLS_GND_02,SENS_WLS_GND_02,0.0,0.0,Green - Normal,93
2024-07-30 23:00:00,WLS_MLN_03,SENS_WLS_MLN_03,0.0,0.0,Green - Normal,97
2024-07-30 23:00:00,WLS_AND_04,SENS_WLS_AND_04,0.0,0.0,Green - Normal,99
2024-07-30 23:00:00,WLS_KHR_05,SENS_WLS_KHR_05,0.0,0.0,Green - Normal,88
2024-07-30 23:00:00,WLS_KRL_06,SENS_WLS_KRL_06,0.0,0.0,Green - Normal,97
2024-07-30 23:00:00,WLS_SIO_07,SENS_WLS_SIO_07,0.0,0.0,Green - Normal,89
2024-07-30 23:00:00,WLS_DDR_08,SENS_WLS_DDR_08,0.0,0.0,Green - Normal,92
2024-07-30 23:00:00,WLS_CHM_09,SENS_WLS_CHM_09,0.0,0.0,Green - Normal,90
2024-07-30 23:00:00,WLS_MLD_10,SENS_WLS_MLD_10,0.0,0.0,Green - Normal,95
2024-07-30 23:00:00,WLS_DHS_11,SENS_WLS_DHS_11,0.0,0.0,Green - Normal,100
2024-07-30 23:00:00,WLS_CHN_12,SENS_WLS_CHN_12,0.0,0.0,Green - Normal,99
2024-07-30 23:00:00,WLS_WRL_13,SENS_WLS_WRL_13,0.0,0.0,Green - Normal,92
2024-07-30 23:00:00,WLS_BYC_14,SENS_WLS_BYC_14,0.0,0.0,Green - Normal,90
2024-07-30 23:00:00,WLS_MNK_15,SENS_WLS_MNK_15,0.0,0.0,Green - Normal,91
2024-07-31 00:00:00,WLS_HND_01,SENS_WLS_HND_01,0.0,0.0,Green - Normal,88
2024-07-31 00:00:00,WLS_GND_02,SENS_WLS_GND_02,0.0,0.0,Green - Normal,93
2024-07-31 00:00:00,WLS_MLN_03,SENS_WLS_MLN_03,0.0,0.0,Green - Normal,89
2024-07-31 00:00:00,WLS_AND_04,SENS_WLS_AND_04,0.0,0.0,Green - Normal,98
2024-07-31 00:00:00,WLS_KHR_05,SENS_WLS_KHR_05,0.0,0.0,Green - Normal,92
2024-07-31 00:00:00,WLS_KRL_06,SENS_WLS_KRL_06,0.0,0.0,Green - Normal,90
2024-07-31 00:00:00,WLS_SIO_07,SENS_WLS_SIO_07,0.0,0.0,Green - Normal,96
2024-07-31 00:00:00,WLS_DDR_08,SENS_WLS_DDR_08,0.0,0.0,Green - Normal,95
2024-07-31 00:00:00,WLS_CHM_09,SENS_WLS_CHM_09,0.0,0.0,Green - Normal,90
2024-07-31 00:00:00,WLS_MLD_10,SENS_WLS_MLD_10,0.0,0.0,Green - Normal,92
2024-07-31 00:00:00,WLS_DHS_11,SENS_WLS_DHS_11,0.0,0.0,Green - Normal,95
2024-07-31 00:00:00,WLS_CHN_12,SENS_WLS_CHN_12,0.0,0.0,Green - Normal,99
2024-07-31 00:00:00,WLS_WRL_13,SENS_WLS_WRL_13,0.0,0.0,Green - Normal,93
2024-07-31 00:00:00,WLS_BYC_14,SENS_WLS_BYC_14,0.0,0.0,Green - Normal,96
2024-07-31 00:00:00,WLS_MNK_15,SENS_WLS_MNK_15,0.0,0.0,Green - Normal,91
