pothole_id,road_id,road_name,ward,latitude,longitude,depth_cm,surface_area_sqm,severity_level,pavement_surface_type,primary_failure_cause,reported_by,report_date,status,repair_material_used,repair_completion_date,repair_contractor_id
PTH_2024_00001,RD_WEH_01,Western Express Highway (Bandra to Santacruz),H/E,19.06657,72.84739,15.9,3.44,Critical,Asphalt Over CC Base,Utility Trench Reinstatement Failure (MGL/MTNL/Adani),BMC Road Engineer Survey,2024-08-03,Inspected - Work Order Issued,Pending,,CONTR_BMC_108
PTH_2024_00002,RD_WEH_01,Western Express Highway (Bandra to Santacruz),H/E,19.07216,72.84521,12.6,2.67,Critical,Asphalt Over CC Base,Waterlogging & Bitumen Stripping,Citizen (MyBMC App),2024-09-14,Resolved / Repaired,Rapid Hardening Concrete,2024-09-17,CONTR_BMC_123
PTH_2024_00003,RD_WEH_01,Western Express Highway (Bandra to Santacruz),H/E,19.07538,72.8443,17.1,3.28,Critical,Asphalt Over CC Base,Sub-grade Moisture Saturation,Citizen (MyBMC App),2024-07-28,Resolved / Repaired,Hot Mix Bituminous Concrete,2024-08-02,CONTR_BMC_110
PTH_2024_00004,RD_WEH_01,Western Express Highway (Bandra to Santacruz),H/E,19.07801,72.85032,10.6,3.09,Critical,Asphalt Over CC Base,Waterlogging & Bitumen Stripping,Traffic Police Notification,2024-07-15,Resolved / Repaired,Mastic Asphalt,2024-07-21,CONTR_BMC_124
PTH_2024_00005,RD_WEH_01,Western Express Highway (Bandra to Santacruz),H/E,19.08501,72.8462,8.4,0.49,High,Asphalt Over CC Base,Heavy Axle Commercial Vehicle Load,Citizen (MyBMC App),2024-07-03,Resolved / Repaired,Mastic Asphalt,2024-07-05,CONTR_BMC_108
PTH_2024_00006,RD_WEH_01,Western Express Highway (Bandra to Santacruz),H/E,19.06809,72.84687,15.5,3.12,Critical,Asphalt Over CC Base,Heavy Axle Commercial Vehicle Load,Traffic Police Notification,2024-08-18,Resolved / Repaired,Rapid Hardening Concrete,2024-08-22,CONTR_BMC_123
PTH_2024_00007,RD_WEH_01,Western Express Highway (Bandra to Santacruz),H/E,19.07732,72.84799,13.0,2.59,Critical,Asphalt Over CC Base,Asphalt Aging & Pavement Fatigue,Citizen (MyBMC App),2024-09-21,Inspected - Work Order Issued,Pending,,CONTR_BMC_117
PTH_2024_00008,RD_WEH_01,Western Express Highway (Bandra to Santacruz),H/E,19.08609,72.8493,6.1,2.88,Critical,Asphalt Over CC Base,Utility Trench Reinstatement Failure (MGL/MTNL/Adani),Traffic Police Notification,2024-06-20,In-Progress,Pending,,CONTR_BMC_122
PTH_2024_00009,RD_WEH_01,Western Express Highway (Bandra to Santacruz),H/E,19.07332,72.84416,18.0,2.56,Critical,Asphalt Over CC Base,Sub-grade Moisture Saturation,Citizen (MyBMC App),2024-06-22,Resolved / Repaired,Mastic Asphalt,2024-06-23,CONTR_BMC_108
PTH_2024_00010,RD_WEH_01,Western Express Highway (Bandra to Santacruz),H/E,19.06443,72.85009,10.4,2.41,Critical,Asphalt Over CC Base,Sub-grade Moisture Saturation,BMC Road Engineer Survey,2024-09-05,Resolved / Repaired,Mastic Asphalt,2024-09-08,CONTR_BMC_118
PTH_2024_00011,RD_WEH_01,Western Express Highway (Bandra to Santacruz),H/E,19.0692,72.84421,15.6,2.03,Critical,Asphalt Over CC Base,Utility Trench Reinstatement Failure (MGL/MTNL/Adani),Traffic Police Notification,2024-09-27,Inspected - Work Order Issued,Pending,,CONTR_BMC_107
PTH_2024_00012,RD_WEH_01,Western Express Highway (Bandra to Santacruz),H/E,19.07544,72.84747,9.9,3.33,Critical,Asphalt Over CC Base,Asphalt Aging & Pavement Fatigue,AI Camera / Patrol Vehicle,2024-06-24,In-Progress,Pending,,CONTR_BMC_118
PTH_2024_00013,RD_WEH_01,Western Express Highway (Bandra to Santacruz),H/E,19.06385,72.84971,11.0,2.12,Critical,Asphalt Over CC Base,Utility Trench Reinstatement Failure (MGL/MTNL/Adani),Traffic Police Notification,2024-08-22,Resolved / Repaired,Cold Mix Polymer Asphalt,2024-08-23,CONTR_BMC_119
PTH_2024_00014,RD_WEH_01,Western Express Highway (Bandra to Santacruz),H/E,19.06959,72.84277,7.0,0.89,Moderate,Asphalt Over CC Base,Sub-grade Moisture Saturation,AI Camera / Patrol Vehicle,2024-06-19,Resolved / Repaired,Hot Mix Bituminous Concrete,2024-06-24,CONTR_BMC_122
PTH_2024_00015,RD_WEH_01,Western Express Highway (Bandra to Santacruz),H/E,19.06237,72.8444,15.5,2.44,Critical,Asphalt Over CC Base,Waterlogging & Bitumen Stripping,AI Camera / Patrol Vehicle,2024-09-07,In-Progress,Pending,,CONTR_BMC_115
PTH_2024_00016,RD_WEH_01,Western Express Highway (Bandra to Santacruz),H/E,19.08348,72.8476,4.2,1.37,Moderate,Asphalt Over CC Base,Utility Trench Reinstatement Failure (MGL/MTNL/Adani),BMC Road Engineer Survey,2024-08-27,Resolved / Repaired,Cold Mix Polymer Asphalt,2024-08-28,CONTR_BMC_102
PTH_2024_00017,RD_WEH_01,Western Express Highway (Bandra to Santacruz),H/E,19.06444,72.8459,5.6,2.1,Critical,Asphalt Over CC Base,Waterlogging & Bitumen Stripping,Citizen (MyBMC App),2024-07-03,Citizen Reported,Pending,,CONTR_BMC_106
PTH_2024_00018,RD_WEH_01,Western Express Highway (Bandra to Santacruz),H/E,19.06358,72.84781,9.6,1.33,High,Asphalt Over CC Base,Asphalt Aging & Pavement Fatigue,Citizen (MyBMC App),2024-07-23,Resolved / Repaired,Cold Mix Polymer Asphalt,2024-07-26,CONTR_BMC_118
PTH_2024_00019,RD_WEH_01,Western Express Highway (Bandra to Santacruz),H/E,19.0812,72.84284,9.0,2.24,Critical,Asphalt Over CC Base,Utility Trench Reinstatement Failure (MGL/MTNL/Adani),BMC Road Engineer Survey,2024-06-22,Resolved / Repaired,Mastic Asphalt,2024-06-23,CONTR_BMC_113
PTH_2024_00020,RD_WEH_01,Western Express Highway (Bandra to Santacruz),H/E,19.06915,72.84468,14.7,2.29,Critical,Asphalt Over CC Base,Asphalt Aging & Pavement Fatigue,AI Camera / Patrol Vehicle,2024-08-07,Inspected - Work Order Issued,Pending,,CONTR_BMC_125
PTH_2024_00021,RD_WEH_01,Western Express Highway (Bandra to Santacruz),H/E,19.07216,72.84786,7.9,0.31,High,Asphalt Over CC Base,Sub-grade Moisture Saturation,Traffic Police Notification,2024-09-01,Resolved / Repaired,Rapid Hardening Concrete,2024-09-04,CONTR_BMC_111
PTH_2024_00022,RD_WEH_01,Western Express Highway (Bandra to Santacruz),H/E,19.06412,72.84539,5.6,3.0,Critical,Asphalt Over CC Base,Utility Trench Reinstatement Failure (MGL/MTNL/Adani),Traffic Police Notification,2024-07-25,Inspected - Work Order Issued,Pending,,CONTR_BMC_105
PTH_2024_00023,RD_WEH_01,Western Express Highway (Bandra to Santacruz),H/E,19.06328,72.84526,14.8,0.91,Critical,Asphalt Over CC Base,Sub-grade Moisture Saturation,Traffic Police Notification,2024-07-07,Resolved / Repaired,Rapid Hardening Concrete,2024-07-10,CONTR_BMC_117
PTH_2024_00024,RD_WEH_01,Western Express Highway (Bandra to Santacruz),H/E,19.07464,72.84447,5.0,1.45,Moderate,Asphalt Over CC Base,Heavy Axle Commercial Vehicle Load,Citizen (MyBMC App),2024-08-13,Resolved / Repaired,Rapid Hardening Concrete,2024-08-16,CONTR_BMC_118
PTH_2024_00025,RD_WEH_01,Western Express Highway (Bandra to Santacruz),H/E,19.0712,72.84803,4.8,1.9,Moderate,Asphalt Over CC Base,Waterlogging & Bitumen Stripping,Traffic Police Notification,2024-06-16,Resolved / Repaired,Rapid Hardening Concrete,2024-06-19,CONTR_BMC_125
PTH_2024_00026,RD_WEH_01,Western Express Highway (Bandra to Santacruz),H/E,19.08418,72.84467,5.8,2.37,Critical,Asphalt Over CC Base,Waterlogging & Bitumen Stripping,AI Camera / Patrol Vehicle,2024-09-25,Resolved / Repaired,Rapid Hardening Concrete,2024-09-26,CONTR_BMC_116
PTH_2024_00027,RD_WEH_02,Western Express Highway (Santacruz to Andheri Flyover),K/E,19.10001,72.85339,11.3,2.89,Critical,Mastic Asphalt,Utility Trench Reinstatement Failure (MGL/MTNL/Adani),BMC Road Engineer Survey,2024-09-22,Resolved / Repaired,Hot Mix Bituminous Concrete,2024-09-25,CONTR_BMC_121
PTH_2024_00028,RD_WEH_02,Western Express Highway (Santacruz to Andheri Flyover),K/E,19.1058,72.85752,9.3,2.95,Critical,Mastic Asphalt,Utility Trench Reinstatement Failure (MGL/MTNL/Adani),Citizen (MyBMC App),2024-09-07,Resolved / Repaired,Mastic Asphalt,2024-09-09,CONTR_BMC_101
PTH_2024_00029,RD_WEH_02,Western Express Highway (Santacruz to Andheri Flyover),K/E,19.11146,72.85707,17.0,1.55,Critical,Mastic Asphalt,Utility Trench Reinstatement Failure (MGL/MTNL/Adani),BMC Road Engineer Survey,2024-08-18,Citizen Reported,Pending,,CONTR_BMC_121
PTH_2024_00030,RD_WEH_02,Western Express Highway (Santacruz to Andheri Flyover),K/E,19.09802,72.85708,13.0,1.44,Critical,Mastic Asphalt,Heavy Axle Commercial Vehicle Load,BMC Road Engineer Survey,2024-09-02,In-Progress,Pending,,CONTR_BMC_102
PTH_2024_00031,RD_WEH_02,Western Express Highway (Santacruz to Andheri Flyover),K/E,19.09289,72.8524,10.0,3.25,Critical,Mastic Asphalt,Waterlogging & Bitumen Stripping,Traffic Police Notification,2024-08-22,Resolved / Repaired,Hot Mix Bituminous Concrete,2024-08-23,CONTR_BMC_120
PTH_2024_00032,RD_WEH_02,Western Express Highway (Santacruz to Andheri Flyover),K/E,19.10122,72.85348,8.8,2.2,Critical,Mastic Asphalt,Waterlogging & Bitumen Stripping,AI Camera / Patrol Vehicle,2024-07-24,In-Progress,Pending,,CONTR_BMC_123
PTH_2024_00033,RD_WEH_02,Western Express Highway (Santacruz to Andheri Flyover),K/E,19.08977,72.85732,10.5,3.2,Critical,Mastic Asphalt,Asphalt Aging & Pavement Fatigue,Traffic Police Notification,2024-07-04,Resolved / Repaired,Cold Mix Polymer Asphalt,2024-07-05,CONTR_BMC_111
PTH_2024_00034,RD_WEH_02,Western Express Highway (Santacruz to Andheri Flyover),K/E,19.11406,72.85566,4.1,3.38,Critical,Mastic Asphalt,Sub-grade Moisture Saturation,Citizen (MyBMC App),2024-06-16,Resolved / Repaired,Mastic Asphalt,2024-06-21,CONTR_BMC_113
PTH_2024_00035,RD_WEH_02,Western Express Highway (Santacruz to Andheri Flyover),K/E,19.10919,72.85636,10.3,1.87,High,Mastic Asphalt,Heavy Axle Commercial Vehicle Load,Traffic Police Notification,2024-06-21,Resolved / Repaired,Mastic Asphalt,2024-06-27,CONTR_BMC_121
PTH_2024_00036,RD_WEH_02,Western Express Highway (Santacruz to Andheri Flyover),K/E,19.10403,72.85564,15.5,2.16,Critical,Mastic Asphalt,Utility Trench Reinstatement Failure (MGL/MTNL/Adani),Traffic Police Notification,2024-07-19,In-Progress,Pending,,CONTR_BMC_120
PTH_2024_00037,RD_WEH_02,Western Express Highway (Santacruz to Andheri Flyover),K/E,19.09201,72.8567,4.6,2.84,Critical,Mastic Asphalt,Asphalt Aging & Pavement Fatigue,AI Camera / Patrol Vehicle,2024-08-15,Resolved / Repaired,Hot Mix Bituminous Concrete,2024-08-16,CONTR_BMC_108
PTH_2024_00038,RD_WEH_02,Western Express Highway (Santacruz to Andheri Flyover),K/E,19.11598,72.85516,16.6,1.57,Critical,Mastic Asphalt,Sub-grade Moisture Saturation,AI Camera / Patrol Vehicle,2024-08-25,In-Progress,Pending,,CONTR_BMC_107
PTH_2024_00039,RD_WEH_02,Western Express Highway (Santacruz to Andheri Flyover),K/E,19.1116,72.85468,14.7,2.99,Critical,Mastic Asphalt,Utility Trench Reinstatement Failure (MGL/MTNL/Adani),AI Camera / Patrol Vehicle,2024-09-04,Resolved / Repaired,Rapid Hardening Concrete,2024-09-07,CONTR_BMC_118
PTH_2024_00040,RD_WEH_02,Western Express Highway (Santacruz to Andheri Flyover),K/E,19.10001,72.85698,5.8,0.81,Moderate,Mastic Asphalt,Utility Trench Reinstatement Failure (MGL/MTNL/Adani),Citizen (MyBMC App),2024-08-09,Resolved / Repaired,Hot Mix Bituminous Concrete,2024-08-11,CONTR_BMC_117
PTH_2024_00041,RD_WEH_02,Western Express Highway (Santacruz to Andheri Flyover),K/E,19.11418,72.85508,7.6,3.12,Critical,Mastic Asphalt,Utility Trench Reinstatement Failure (MGL/MTNL/Adani),BMC Road Engineer Survey,2024-09-14,Resolved / Repaired,Cold Mix Polymer Asphalt,2024-09-18,CONTR_BMC_116
PTH_2024_00042,RD_WEH_02,Western Express Highway (Santacruz to Andheri Flyover),K/E,19.10107,72.85676,14.2,1.04,Critical,Mastic Asphalt,Heavy Axle Commercial Vehicle Load,BMC Road Engineer Survey,2024-09-28,Resolved / Repaired,Rapid Hardening Concrete,2024-10-02,CONTR_BMC_111
PTH_2024_00043,RD_WEH_02,Western Express Highway (Santacruz to Andheri Flyover),K/E,19.0957,72.85449,16.2,1.35,Critical,Mastic Asphalt,Utility Trench Reinstatement Failure (MGL/MTNL/Adani),Citizen (MyBMC App),2024-08-12,Citizen Reported,Pending,,CONTR_BMC_125
PTH_2024_00044,RD_WEH_02,Western Express Highway (Santacruz to Andheri Flyover),K/E,19.1041,72.85669,5.3,2.93,Critical,Mastic Asphalt,Heavy Axle Commercial Vehicle Load,Citizen (MyBMC App),2024-09-02,Resolved / Repaired,Cold Mix Polymer Asphalt,2024-09-05,CONTR_BMC_110
PTH_2024_00045,RD_WEH_02,Western Express Highway (Santacruz to Andheri Flyover),K/E,19.09459,72.85362,6.5,1.52,Moderate,Mastic Asphalt,Waterlogging & Bitumen Stripping,BMC Road Engineer Survey,2024-06-17,Resolved / Repaired,Hot Mix Bituminous Concrete,2024-06-20,CONTR_BMC_102
PTH_2024_00046,RD_WEH_02,Western Express Highway (Santacruz to Andheri Flyover),K/E,19.10029,72.85533,15.3,1.83,Critical,Mastic Asphalt,Utility Trench Reinstatement Failure (MGL/MTNL/Adani),Traffic Police Notification,2024-06-05,Inspected - Work Order Issued,Pending,,CONTR_BMC_113
PTH_2024_00047,RD_WEH_02,Western Express Highway (Santacruz to Andheri Flyover),K/E,19.11467,72.85562,5.1,0.65,Moderate,Mastic Asphalt,Sub-grade Moisture Saturation,Citizen (MyBMC App),2024-08-23,Resolved / Repaired,Cold Mix Polymer Asphalt,2024-08-24,CONTR_BMC_116
PTH_2024_00048,RD_WEH_02,Western Express Highway (Santacruz to Andheri Flyover),K/E,19.10726,72.85503,6.8,3.19,Critical,Mastic Asphalt,Asphalt Aging & Pavement Fatigue,Citizen (MyBMC App),2024-06-13,Resolved / Repaired,Mastic Asphalt,2024-06-16,CONTR_BMC_124
PTH_2024_00049,RD_WEH_02,Western Express Highway (Santacruz to Andheri Flyover),K/E,19.10016,72.85637,9.3,1.65,High,Mastic Asphalt,Sub-grade Moisture Saturation,AI Camera / Patrol Vehicle,2024-08-28,In-Progress,Pending,,CONTR_BMC_103
PTH_2024_00050,RD_WEH_02,Western Express Highway (Santacruz to Andheri Flyover),K/E,19.10785,72.85241,17.0,0.53,Critical,Mastic Asphalt,Heavy Axle Commercial Vehicle Load,Citizen (MyBMC App),2024-06-10,In-Progress,Pending,,CONTR_BMC_105
PTH_2024_00051,RD_WEH_02,Western Express Highway (Santacruz to Andheri Flyover),K/E,19.11826,72.85252,11.2,1.97,High,Mastic Asphalt,Asphalt Aging & Pavement Fatigue,AI Camera / Patrol Vehicle,2024-08-15,Inspected - Work Order Issued,Pending,,CONTR_BMC_114
PTH_2024_00052,RD_WEH_02,Western Express Highway (Santacruz to Andheri Flyover),K/E,19.10166,72.85344,6.5,1.37,Moderate,Mastic Asphalt,Asphalt Aging & Pavement Fatigue,BMC Road Engineer Survey,2024-09-26,Resolved / Repaired,Cold Mix Polymer Asphalt,2024-09-29,CONTR_BMC_115
PTH_2024_00053,RD_WEH_02,Western Express Highway (Santacruz to Andheri Flyover),K/E,19.09881,72.85287,12.5,1.77,Critical,Mastic Asphalt,Heavy Axle Commercial Vehicle Load,AI Camera / Patrol Vehicle,2024-09-23,Inspected - Work Order Issued,Pending,,CONTR_BMC_118
PTH_2024_00054,RD_WEH_02,Western Express Highway (Santacruz to Andheri Flyover),K/E,19.11221,72.8547,18.0,1.33,Critical,Mastic Asphalt,Heavy Axle Commercial Vehicle Load,AI Camera / Patrol Vehicle,2024-07-06,Inspected - Work Order Issued,Pending,,CONTR_BMC_117
PTH_2024_00055,RD_WEH_03,Western Express Highway (Andheri to Goregaon Hub),P/S,19.13763,72.85821,4.3,0.91,Moderate,Mastic Asphalt,Utility Trench Reinstatement Failure (MGL/MTNL/Adani),Citizen (MyBMC App),2024-09-05,In-Progress,Pending,,CONTR_BMC_118
PTH_2024_00056,RD_WEH_03,Western Express Highway (Andheri to Goregaon Hub),P/S,19.13592,72.85959,10.3,1.34,High,Mastic Asphalt,Utility Trench Reinstatement Failure (MGL/MTNL/Adani),Citizen (MyBMC App),2024-09-05,Citizen Reported,Pending,,CONTR_BMC_106
PTH_2024_00057,RD_WEH_03,Western Express Highway (Andheri to Goregaon Hub),P/S,19.14493,72.85956,11.9,1.1,High,Mastic Asphalt,Utility Trench Reinstatement Failure (MGL/MTNL/Adani),Citizen (MyBMC App),2024-07-10,In-Progress,Pending,,CONTR_BMC_116
PTH_2024_00058,RD_WEH_03,Western Express Highway (Andheri to Goregaon Hub),P/S,19.15175,72.85968,13.6,1.36,Critical,Mastic Asphalt,Asphalt Aging & Pavement Fatigue,BMC Road Engineer Survey,2024-09-08,In-Progress,Pending,,CONTR_BMC_113
PTH_2024_00059,RD_WEH_03,Western Express Highway (Andheri to Goregaon Hub),P/S,19.15103,72.85955,9.6,2.04,Critical,Mastic Asphalt,Sub-grade Moisture Saturation,Traffic Police Notification,2024-08-03,Resolved / Repaired,Mastic Asphalt,2024-08-09,CONTR_BMC_117
PTH_2024_00060,RD_WEH_03,Western Express Highway (Andheri to Goregaon Hub),P/S,19.12772,72.85876,9.9,3.18,Critical,Mastic Asphalt,Utility Trench Reinstatement Failure (MGL/MTNL/Adani),AI Camera / Patrol Vehicle,2024-06-16,Resolved / Repaired,Cold Mix Polymer Asphalt,2024-06-18,CONTR_BMC_106
PTH_2024_00061,RD_WEH_03,Western Express Highway (Andheri to Goregaon Hub),P/S,19.15579,72.85972,10.1,1.29,High,Mastic Asphalt,Heavy Axle Commercial Vehicle Load,AI Camera / Patrol Vehicle,2024-08-06,Inspected - Work Order Issued,Pending,,CONTR_BMC_121
PTH_2024_00062,RD_WEH_03,Western Express Highway (Andheri to Goregaon Hub),P/S,19.13984,72.85922,11.7,1.05,High,Mastic Asphalt,Heavy Axle Commercial Vehicle Load,AI Camera / Patrol Vehicle,2024-09-10,Resolved / Repaired,Hot Mix Bituminous Concrete,2024-09-13,CONTR_BMC_110
PTH_2024_00063,RD_WEH_03,Western Express Highway (Andheri to Goregaon Hub),P/S,19.12617,72.85819,7.5,1.35,High,Mastic Asphalt,Asphalt Aging & Pavement Fatigue,Citizen (MyBMC App),2024-06-26,Resolved / Repaired,Cold Mix Polymer Asphalt,2024-06-27,CONTR_BMC_114
PTH_2024_00064,RD_WEH_03,Western Express Highway (Andheri to Goregaon Hub),P/S,19.15412,72.85858,16.1,2.86,Critical,Mastic Asphalt,Sub-grade Moisture Saturation,Traffic Police Notification,2024-09-20,Resolved / Repaired,Hot Mix Bituminous Concrete,2024-09-24,CONTR_BMC_102
PTH_2024_00065,RD_WEH_03,Western Express Highway (Andheri to Goregaon Hub),P/S,19.14134,72.85816,14.8,2.45,Critical,Mastic Asphalt,Waterlogging & Bitumen Stripping,BMC Road Engineer Survey,2024-08-04,In-Progress,Pending,,CONTR_BMC_103
PTH_2024_00066,RD_WEH_03,Western Express Highway (Andheri to Goregaon Hub),P/S,19.13102,72.85893,17.2,2.53,Critical,Mastic Asphalt,Utility Trench Reinstatement Failure (MGL/MTNL/Adani),Citizen (MyBMC App),2024-09-28,In-Progress,Pending,,CONTR_BMC_110
PTH_2024_00067,RD_WEH_03,Western Express Highway (Andheri to Goregaon Hub),P/S,19.14848,72.85902,16.9,2.66,Critical,Mastic Asphalt,Sub-grade Moisture Saturation,AI Camera / Patrol Vehicle,2024-09-21,Resolved / Repaired,Hot Mix Bituminous Concrete,2024-09-24,CONTR_BMC_115
PTH_2024_00068,RD_WEH_03,Western Express Highway (Andheri to Goregaon Hub),P/S,19.15842,72.85938,13.6,1.05,Critical,Mastic Asphalt,Waterlogging & Bitumen Stripping,BMC Road Engineer Survey,2024-08-26,Resolved / Repaired,Rapid Hardening Concrete,2024-08-30,CONTR_BMC_103
PTH_2024_00069,RD_WEH_03,Western Express Highway (Andheri to Goregaon Hub),P/S,19.15711,72.85811,9.1,0.73,High,Mastic Asphalt,Waterlogging & Bitumen Stripping,Citizen (MyBMC App),2024-09-17,Resolved / Repaired,Rapid Hardening Concrete,2024-09-23,CONTR_BMC_111
PTH_2024_00070,RD_WEH_04,Western Express Highway (Goregaon to Borivali National Park),R/C,19.19749,72.86028,4.3,0.78,Moderate,Cement Concrete,Utility Trench Reinstatement Failure (MGL/MTNL/Adani),Traffic Police Notification,2024-06-02,In-Progress,Pending,,CONTR_BMC_122
PTH_2024_00071,RD_WEH_04,Western Express Highway (Goregaon to Borivali National Park),R/C,19.19923,72.86222,3.5,2.25,Critical,Cement Concrete,Sub-grade Moisture Saturation,Citizen (MyBMC App),2024-07-26,In-Progress,Pending,,CONTR_BMC_120
PTH_2024_00072,RD_WEH_05,Western Express Highway (Borivali to Dahisar Toll Naka),R/N,19.23087,72.86725,3.6,0.5,Moderate,Cement Concrete,Heavy Axle Commercial Vehicle Load,AI Camera / Patrol Vehicle,2024-07-09,In-Progress,Pending,,CONTR_BMC_122
PTH_2024_00073,RD_WEH_05,Western Express Highway (Borivali to Dahisar Toll Naka),R/N,19.22777,72.86601,4.1,1.54,Moderate,Cement Concrete,Waterlogging & Bitumen Stripping,Citizen (MyBMC App),2024-08-08,Resolved / Repaired,Hot Mix Bituminous Concrete,2024-08-11,CONTR_BMC_118
PTH_2024_00074,RD_SVR_01,Swami Vivekanand (SV) Road (Bandra Lucky Jn to Khar),H/W,19.06454,72.83631,8.5,3.2,Critical,Bituminous Asphalt,Heavy Axle Commercial Vehicle Load,Traffic Police Notification,2024-07-23,In-Progress,Pending,,CONTR_BMC_115
PTH_2024_00075,RD_SVR_01,Swami Vivekanand (SV) Road (Bandra Lucky Jn to Khar),H/W,19.06359,72.83609,5.8,3.4,Critical,Bituminous Asphalt,Asphalt Aging & Pavement Fatigue,Citizen (MyBMC App),2024-08-17,Resolved / Repaired,Cold Mix Polymer Asphalt,2024-08-19,CONTR_BMC_124
PTH_2024_00076,RD_SVR_01,Swami Vivekanand (SV) Road (Bandra Lucky Jn to Khar),H/W,19.05935,72.83673,4.6,0.84,Moderate,Bituminous Asphalt,Asphalt Aging & Pavement Fatigue,AI Camera / Patrol Vehicle,2024-07-23,In-Progress,Pending,,CONTR_BMC_111
PTH_2024_00077,RD_SVR_01,Swami Vivekanand (SV) Road (Bandra Lucky Jn to Khar),H/W,19.06708,72.83632,12.6,1.93,Critical,Bituminous Asphalt,Asphalt Aging & Pavement Fatigue,BMC Road Engineer Survey,2024-09-18,Citizen Reported,Pending,,CONTR_BMC_115
PTH_2024_00078,RD_SVR_01,Swami Vivekanand (SV) Road (Bandra Lucky Jn to Khar),H/W,19.06256,72.8365,7.8,0.7,High,Bituminous Asphalt,Utility Trench Reinstatement Failure (MGL/MTNL/Adani),Citizen (MyBMC App),2024-09-18,Resolved / Repaired,Rapid Hardening Concrete,2024-09-23,CONTR_BMC_103
PTH_2024_00079,RD_SVR_01,Swami Vivekanand (SV) Road (Bandra Lucky Jn to Khar),H/W,19.0735,72.8366,8.3,2.02,Critical,Bituminous Asphalt,Waterlogging & Bitumen Stripping,BMC Road Engineer Survey,2024-09-08,Resolved / Repaired,Cold Mix Polymer Asphalt,2024-09-13,CONTR_BMC_107
PTH_2024_00080,RD_SVR_01,Swami Vivekanand (SV) Road (Bandra Lucky Jn to Khar),H/W,19.06781,72.83635,4.9,2.54,Critical,Bituminous Asphalt,Asphalt Aging & Pavement Fatigue,Traffic Police Notification,2024-07-07,Resolved / Repaired,Hot Mix Bituminous Concrete,2024-07-12,CONTR_BMC_114
PTH_2024_00081,RD_SVR_01,Swami Vivekanand (SV) Road (Bandra Lucky Jn to Khar),H/W,19.05846,72.83637,7.8,0.51,High,Bituminous Asphalt,Sub-grade Moisture Saturation,Traffic Police Notification,2024-09-10,Resolved / Repaired,Cold Mix Polymer Asphalt,2024-09-11,CONTR_BMC_117
PTH_2024_00082,RD_SVR_01,Swami Vivekanand (SV) Road (Bandra Lucky Jn to Khar),H/W,19.06859,72.83651,6.4,0.35,Moderate,Bituminous Asphalt,Waterlogging & Bitumen Stripping,AI Camera / Patrol Vehicle,2024-06-20,Resolved / Repaired,Mastic Asphalt,2024-06-24,CONTR_BMC_114
PTH_2024_00083,RD_SVR_01,Swami Vivekanand (SV) Road (Bandra Lucky Jn to Khar),H/W,19.06035,72.83609,14.4,0.64,Critical,Bituminous Asphalt,Sub-grade Moisture Saturation,AI Camera / Patrol Vehicle,2024-06-28,Resolved / Repaired,Hot Mix Bituminous Concrete,2024-07-01,CONTR_BMC_108
PTH_2024_00084,RD_SVR_01,Swami Vivekanand (SV) Road (Bandra Lucky Jn to Khar),H/W,19.05664,72.8369,15.2,0.34,Critical,Bituminous Asphalt,Asphalt Aging & Pavement Fatigue,Citizen (MyBMC App),2024-06-09,In-Progress,Pending,,CONTR_BMC_122
PTH_2024_00085,RD_SVR_01,Swami Vivekanand (SV) Road (Bandra Lucky Jn to Khar),H/W,19.05974,72.83638,6.5,1.96,Moderate,Bituminous Asphalt,Asphalt Aging & Pavement Fatigue,AI Camera / Patrol Vehicle,2024-08-14,Resolved / Repaired,Cold Mix Polymer Asphalt,2024-08-20,CONTR_BMC_120
PTH_2024_00086,RD_SVR_01,Swami Vivekanand (SV) Road (Bandra Lucky Jn to Khar),H/W,19.06325,72.83673,11.6,0.46,High,Bituminous Asphalt,Sub-grade Moisture Saturation,BMC Road Engineer Survey,2024-08-15,Inspected - Work Order Issued,Pending,,CONTR_BMC_109
PTH_2024_00087,RD_SVR_01,Swami Vivekanand (SV) Road (Bandra Lucky Jn to Khar),H/W,19.06056,72.83642,16.2,2.68,Critical,Bituminous Asphalt,Sub-grade Moisture Saturation,Citizen (MyBMC App),2024-06-03,Resolved / Repaired,Mastic Asphalt,2024-06-05,CONTR_BMC_116
PTH_2024_00088,RD_SVR_01,Swami Vivekanand (SV) Road (Bandra Lucky Jn to Khar),H/W,19.06161,72.83693,14.2,0.68,Critical,Bituminous Asphalt,Asphalt Aging & Pavement Fatigue,AI Camera / Patrol Vehicle,2024-07-18,Resolved / Repaired,Hot Mix Bituminous Concrete,2024-07-22,CONTR_BMC_122
PTH_2024_00089,RD_SVR_01,Swami Vivekanand (SV) Road (Bandra Lucky Jn to Khar),H/W,19.05808,72.83664,15.1,1.52,Critical,Bituminous Asphalt,Sub-grade Moisture Saturation,AI Camera / Patrol Vehicle,2024-06-04,Resolved / Repaired,Mastic Asphalt,2024-06-06,CONTR_BMC_118
PTH_2024_00090,RD_SVR_01,Swami Vivekanand (SV) Road (Bandra Lucky Jn to Khar),H/W,19.06777,72.83674,8.2,1.74,High,Bituminous Asphalt,Heavy Axle Commercial Vehicle Load,Citizen (MyBMC App),2024-06-05,Resolved / Repaired,Rapid Hardening Concrete,2024-06-07,CONTR_BMC_124
PTH_2024_00091,RD_SVR_01,Swami Vivekanand (SV) Road (Bandra Lucky Jn to Khar),H/W,19.05692,72.83649,17.0,3.47,Critical,Bituminous Asphalt,Sub-grade Moisture Saturation,AI Camera / Patrol Vehicle,2024-09-07,In-Progress,Pending,,CONTR_BMC_116
PTH_2024_00092,RD_SVR_01,Swami Vivekanand (SV) Road (Bandra Lucky Jn to Khar),H/W,19.07352,72.83664,9.6,3.47,Critical,Bituminous Asphalt,Sub-grade Moisture Saturation,Citizen (MyBMC App),2024-07-07,Inspected - Work Order Issued,Pending,,CONTR_BMC_112
PTH_2024_00093,RD_SVR_01,Swami Vivekanand (SV) Road (Bandra Lucky Jn to Khar),H/W,19.05968,72.83652,4.9,0.6,Moderate,Bituminous Asphalt,Sub-grade Moisture Saturation,Traffic Police Notification,2024-06-04,In-Progress,Pending,,CONTR_BMC_123
PTH_2024_00094,RD_SVR_01,Swami Vivekanand (SV) Road (Bandra Lucky Jn to Khar),H/W,19.05647,72.83685,10.4,2.52,Critical,Bituminous Asphalt,Sub-grade Moisture Saturation,Citizen (MyBMC App),2024-07-17,Resolved / Repaired,Cold Mix Polymer Asphalt,2024-07-20,CONTR_BMC_123
PTH_2024_00095,RD_SVR_01,Swami Vivekanand (SV) Road (Bandra Lucky Jn to Khar),H/W,19.06459,72.83679,13.4,2.81,Critical,Bituminous Asphalt,Utility Trench Reinstatement Failure (MGL/MTNL/Adani),AI Camera / Patrol Vehicle,2024-09-25,Resolved / Repaired,Mastic Asphalt,2024-09-30,CONTR_BMC_124
PTH_2024_00096,RD_SVR_01,Swami Vivekanand (SV) Road (Bandra Lucky Jn to Khar),H/W,19.07385,72.8361,17.4,2.59,Critical,Bituminous Asphalt,Asphalt Aging & Pavement Fatigue,BMC Road Engineer Survey,2024-07-26,Resolved / Repaired,Mastic Asphalt,2024-07-31,CONTR_BMC_121
PTH_2024_00097,RD_SVR_01,Swami Vivekanand (SV) Road (Bandra Lucky Jn to Khar),H/W,19.0568,72.83652,6.4,1.4,Moderate,Bituminous Asphalt,Asphalt Aging & Pavement Fatigue,AI Camera / Patrol Vehicle,2024-07-27,Resolved / Repaired,Mastic Asphalt,2024-07-28,CONTR_BMC_110
PTH_2024_00098,RD_SVR_01,Swami Vivekanand (SV) Road (Bandra Lucky Jn to Khar),H/W,19.07375,72.83622,13.2,0.77,Critical,Bituminous Asphalt,Asphalt Aging & Pavement Fatigue,BMC Road Engineer Survey,2024-06-24,Resolved / Repaired,Cold Mix Polymer Asphalt,2024-06-26,CONTR_BMC_108
PTH_2024_00099,RD_SVR_02,SV Road (Santacruz Milan Subway Approach),H/W,19.08978,72.83795,15.4,3.47,Critical,Bituminous Asphalt,Asphalt Aging & Pavement Fatigue,Citizen (MyBMC App),2024-09-07,Resolved / Repaired,Cold Mix Polymer Asphalt,2024-09-13,CONTR_BMC_113
PTH_2024_00100,RD_SVR_02,SV Road (Santacruz Milan Subway Approach),H/W,19.08937,72.8376,4.9,2.59,Critical,Bituminous Asphalt,Waterlogging & Bitumen Stripping,BMC Road Engineer Survey,2024-09-09,In-Progress,Pending,,CONTR_BMC_119
PTH_2024_00101,RD_SVR_02,SV Road (Santacruz Milan Subway Approach),H/W,19.07988,72.83739,6.5,2.76,Critical,Bituminous Asphalt,Heavy Axle Commercial Vehicle Load,BMC Road Engineer Survey,2024-09-17,Resolved / Repaired,Rapid Hardening Concrete,2024-09-19,CONTR_BMC_121
PTH_2024_00102,RD_SVR_02,SV Road (Santacruz Milan Subway Approach),H/W,19.08731,72.83776,14.4,0.38,Critical,Bituminous Asphalt,Waterlogging & Bitumen Stripping,AI Camera / Patrol Vehicle,2024-09-28,Resolved / Repaired,Mastic Asphalt,2024-09-29,CONTR_BMC_104
PTH_2024_00103,RD_SVR_02,SV Road (Santacruz Milan Subway Approach),H/W,19.08814,72.83728,13.4,1.82,Critical,Bituminous Asphalt,Asphalt Aging & Pavement Fatigue,BMC Road Engineer Survey,2024-09-04,Resolved / Repaired,Cold Mix Polymer Asphalt,2024-09-07,CONTR_BMC_108
PTH_2024_00104,RD_SVR_02,SV Road (Santacruz Milan Subway Approach),H/W,19.08864,72.83791,16.5,1.21,Critical,Bituminous Asphalt,Sub-grade Moisture Saturation,BMC Road Engineer Survey,2024-08-08,In-Progress,Pending,,CONTR_BMC_117
PTH_2024_00105,RD_SVR_02,SV Road (Santacruz Milan Subway Approach),H/W,19.08711,72.83724,9.7,0.86,High,Bituminous Asphalt,Utility Trench Reinstatement Failure (MGL/MTNL/Adani),BMC Road Engineer Survey,2024-09-25,Resolved / Repaired,Rapid Hardening Concrete,2024-09-30,CONTR_BMC_110
PTH_2024_00106,RD_SVR_02,SV Road (Santacruz Milan Subway Approach),H/W,19.0824,72.83744,5.3,1.61,Moderate,Bituminous Asphalt,Heavy Axle Commercial Vehicle Load,Traffic Police Notification,2024-09-16,Inspected - Work Order Issued,Pending,,CONTR_BMC_104
PTH_2024_00107,RD_SVR_02,SV Road (Santacruz Milan Subway Approach),H/W,19.09008,72.83715,10.8,1.26,High,Bituminous Asphalt,Heavy Axle Commercial Vehicle Load,Traffic Police Notification,2024-06-15,Resolved / Repaired,Cold Mix Polymer Asphalt,2024-06-21,CONTR_BMC_105
PTH_2024_00108,RD_SVR_03,SV Road (Vile Parle to Andheri Station West),K/W,19.10715,72.83817,8.6,2.9,Critical,Mastic Asphalt,Sub-grade Moisture Saturation,AI Camera / Patrol Vehicle,2024-07-06,Resolved / Repaired,Cold Mix Polymer Asphalt,2024-07-12,CONTR_BMC_117
PTH_2024_00109,RD_SVR_03,SV Road (Vile Parle to Andheri Station West),K/W,19.11676,72.83899,6.2,2.61,Critical,Mastic Asphalt,Heavy Axle Commercial Vehicle Load,Citizen (MyBMC App),2024-06-15,Resolved / Repaired,Cold Mix Polymer Asphalt,2024-06-19,CONTR_BMC_115
PTH_2024_00110,RD_SVR_03,SV Road (Vile Parle to Andheri Station West),K/W,19.09952,72.8391,5.6,1.33,Moderate,Mastic Asphalt,Sub-grade Moisture Saturation,Traffic Police Notification,2024-06-26,Resolved / Repaired,Cold Mix Polymer Asphalt,2024-06-28,CONTR_BMC_124
PTH_2024_00111,RD_SVR_03,SV Road (Vile Parle to Andheri Station West),K/W,19.11494,72.83984,15.0,0.38,Critical,Mastic Asphalt,Waterlogging & Bitumen Stripping,AI Camera / Patrol Vehicle,2024-08-27,Inspected - Work Order Issued,Pending,,CONTR_BMC_120
PTH_2024_00112,RD_SVR_03,SV Road (Vile Parle to Andheri Station West),K/W,19.10734,72.83827,9.9,2.34,Critical,Mastic Asphalt,Sub-grade Moisture Saturation,AI Camera / Patrol Vehicle,2024-09-03,Citizen Reported,Pending,,CONTR_BMC_120
PTH_2024_00113,RD_SVR_03,SV Road (Vile Parle to Andheri Station West),K/W,19.10235,72.83923,16.2,3.5,Critical,Mastic Asphalt,Sub-grade Moisture Saturation,Traffic Police Notification,2024-09-11,Citizen Reported,Pending,,CONTR_BMC_117
PTH_2024_00114,RD_SVR_03,SV Road (Vile Parle to Andheri Station West),K/W,19.09971,72.83987,9.6,3.12,Critical,Mastic Asphalt,Utility Trench Reinstatement Failure (MGL/MTNL/Adani),Traffic Police Notification,2024-06-09,Resolved / Repaired,Hot Mix Bituminous Concrete,2024-06-15,CONTR_BMC_121
PTH_2024_00115,RD_SVR_03,SV Road (Vile Parle to Andheri Station West),K/W,19.09957,72.83839,4.4,0.37,Moderate,Mastic Asphalt,Asphalt Aging & Pavement Fatigue,BMC Road Engineer Survey,2024-06-25,Resolved / Repaired,Rapid Hardening Concrete,2024-06-27,CONTR_BMC_108
PTH_2024_00116,RD_SVR_03,SV Road (Vile Parle to Andheri Station West),K/W,19.09394,72.83868,6.2,1.99,Moderate,Mastic Asphalt,Heavy Axle Commercial Vehicle Load,BMC Road Engineer Survey,2024-07-08,Resolved / Repaired,Rapid Hardening Concrete,2024-07-11,CONTR_BMC_112
PTH_2024_00117,RD_SVR_03,SV Road (Vile Parle to Andheri Station West),K/W,19.10178,72.83848,11.7,3.28,Critical,Mastic Asphalt,Heavy Axle Commercial Vehicle Load,BMC Road Engineer Survey,2024-08-23,Resolved / Repaired,Rapid Hardening Concrete,2024-08-26,CONTR_BMC_115
PTH_2024_00118,RD_SVR_03,SV Road (Vile Parle to Andheri Station West),K/W,19.11417,72.83945,14.5,1.94,Critical,Mastic Asphalt,Sub-grade Moisture Saturation,Traffic Police Notification,2024-09-04,Resolved / Repaired,Cold Mix Polymer Asphalt,2024-09-10,CONTR_BMC_109
PTH_2024_00119,RD_SVR_03,SV Road (Vile Parle to Andheri Station West),K/W,19.11406,72.83862,16.7,2.9,Critical,Mastic Asphalt,Waterlogging & Bitumen Stripping,AI Camera / Patrol Vehicle,2024-08-14,Resolved / Repaired,Mastic Asphalt,2024-08-19,CONTR_BMC_108
PTH_2024_00120,RD_SVR_03,SV Road (Vile Parle to Andheri Station West),K/W,19.10619,72.83916,12.1,2.69,Critical,Mastic Asphalt,Sub-grade Moisture Saturation,Traffic Police Notification,2024-07-24,In-Progress,Pending,,CONTR_BMC_120
PTH_2024_00121,RD_SVR_03,SV Road (Vile Parle to Andheri Station West),K/W,19.11056,72.83952,14.5,2.5,Critical,Mastic Asphalt,Sub-grade Moisture Saturation,BMC Road Engineer Survey,2024-08-22,Resolved / Repaired,Cold Mix Polymer Asphalt,2024-08-27,CONTR_BMC_124
PTH_2024_00122,RD_SVR_03,SV Road (Vile Parle to Andheri Station West),K/W,19.10887,72.83838,16.9,1.59,Critical,Mastic Asphalt,Waterlogging & Bitumen Stripping,AI Camera / Patrol Vehicle,2024-06-18,Resolved / Repaired,Cold Mix Polymer Asphalt,2024-06-20,CONTR_BMC_116
PTH_2024_00123,RD_SVR_03,SV Road (Vile Parle to Andheri Station West),K/W,19.09887,72.83845,8.3,0.45,High,Mastic Asphalt,Waterlogging & Bitumen Stripping,AI Camera / Patrol Vehicle,2024-08-12,In-Progress,Pending,,CONTR_BMC_125
PTH_2024_00124,RD_SVR_03,SV Road (Vile Parle to Andheri Station West),K/W,19.11032,72.83916,16.6,2.33,Critical,Mastic Asphalt,Utility Trench Reinstatement Failure (MGL/MTNL/Adani),BMC Road Engineer Survey,2024-07-20,Resolved / Repaired,Cold Mix Polymer Asphalt,2024-07-24,CONTR_BMC_114
PTH_2024_00125,RD_SVR_04,SV Road (Andheri Subway Section to Jogeshwari),K/W,19.134,72.84056,16.6,1.55,Critical,Bituminous Asphalt,Utility Trench Reinstatement Failure (MGL/MTNL/Adani),Citizen (MyBMC App),2024-07-28,Inspected - Work Order Issued,Pending,,CONTR_BMC_125
PTH_2024_00126,RD_SVR_04,SV Road (Andheri Subway Section to Jogeshwari),K/W,19.13499,72.84072,17.0,3.48,Critical,Bituminous Asphalt,Heavy Axle Commercial Vehicle Load,AI Camera / Patrol Vehicle,2024-09-16,Resolved / Repaired,Mastic Asphalt,2024-09-20,CONTR_BMC_125
PTH_2024_00127,RD_SVR_04,SV Road (Andheri Subway Section to Jogeshwari),K/W,19.12235,72.84138,7.9,1.64,High,Bituminous Asphalt,Sub-grade Moisture Saturation,Traffic Police Notification,2024-07-20,In-Progress,Pending,,CONTR_BMC_103
PTH_2024_00128,RD_SVR_04,SV Road (Andheri Subway Section to Jogeshwari),K/W,19.14343,72.84033,6.2,3.3,Critical,Bituminous Asphalt,Asphalt Aging & Pavement Fatigue,Traffic Police Notification,2024-07-20,Resolved / Repaired,Rapid Hardening Concrete,2024-07-26,CONTR_BMC_111
PTH_2024_00129,RD_SVR_04,SV Road (Andheri Subway Section to Jogeshwari),K/W,19.13274,72.84177,15.2,1.7,Critical,Bituminous Asphalt,Heavy Axle Commercial Vehicle Load,Traffic Police Notification,2024-07-25,Resolved / Repaired,Hot Mix Bituminous Concrete,2024-07-29,CONTR_BMC_117
PTH_2024_00130,RD_SVR_04,SV Road (Andheri Subway Section to Jogeshwari),K/W,19.12239,72.84143,11.0,2.31,Critical,Bituminous Asphalt,Utility Trench Reinstatement Failure (MGL/MTNL/Adani),AI Camera / Patrol Vehicle,2024-07-26,Resolved / Repaired,Cold Mix Polymer Asphalt,2024-07-27,CONTR_BMC_117
PTH_2024_00131,RD_SVR_04,SV Road (Andheri Subway Section to Jogeshwari),K/W,19.14247,72.8405,15.9,1.35,Critical,Bituminous Asphalt,Sub-grade Moisture Saturation,Traffic Police Notification,2024-07-02,Resolved / Repaired,Mastic Asphalt,2024-07-07,CONTR_BMC_118
PTH_2024_00132,RD_SVR_04,SV Road (Andheri Subway Section to Jogeshwari),K/W,19.12541,72.84054,15.8,2.74,Critical,Bituminous Asphalt,Waterlogging & Bitumen Stripping,Traffic Police Notification,2024-09-27,Resolved / Repaired,Rapid Hardening Concrete,2024-09-30,CONTR_BMC_101
PTH_2024_00133,RD_SVR_04,SV Road (Andheri Subway Section to Jogeshwari),K/W,19.13754,72.8414,16.3,0.43,Critical,Bituminous Asphalt,Sub-grade Moisture Saturation,BMC Road Engineer Survey,2024-09-02,Resolved / Repaired,Mastic Asphalt,2024-09-03,CONTR_BMC_106
PTH_2024_00134,RD_SVR_04,SV Road (Andheri Subway Section to Jogeshwari),K/W,19.13891,72.84167,4.1,2.79,Critical,Bituminous Asphalt,Asphalt Aging & Pavement Fatigue,Traffic Police Notification,2024-09-23,Resolved / Repaired,Mastic Asphalt,2024-09-29,CONTR_BMC_105
PTH_2024_00135,RD_SVR_04,SV Road (Andheri Subway Section to Jogeshwari),K/W,19.14169,72.84151,8.7,0.87,High,Bituminous Asphalt,Asphalt Aging & Pavement Fatigue,AI Camera / Patrol Vehicle,2024-07-11,Resolved / Repaired,Cold Mix Polymer Asphalt,2024-07-15,CONTR_BMC_109
PTH_2024_00136,RD_SVR_04,SV Road (Andheri Subway Section to Jogeshwari),K/W,19.1396,72.84074,10.5,0.73,High,Bituminous Asphalt,Heavy Axle Commercial Vehicle Load,AI Camera / Patrol Vehicle,2024-08-14,Resolved / Repaired,Mastic Asphalt,2024-08-17,CONTR_BMC_117
PTH_2024_00137,RD_SVR_04,SV Road (Andheri Subway Section to Jogeshwari),K/W,19.13851,72.84133,12.4,1.22,Critical,Bituminous Asphalt,Asphalt Aging & Pavement Fatigue,AI Camera / Patrol Vehicle,2024-08-11,Resolved / Repaired,Cold Mix Polymer Asphalt,2024-08-14,CONTR_BMC_121
PTH_2024_00138,RD_SVR_04,SV Road (Andheri Subway Section to Jogeshwari),K/W,19.13759,72.84059,12.9,2.53,Critical,Bituminous Asphalt,Heavy Axle Commercial Vehicle Load,Traffic Police Notification,2024-08-04,Resolved / Repaired,Cold Mix Polymer Asphalt,2024-08-09,CONTR_BMC_106
PTH_2024_00139,RD_SVR_04,SV Road (Andheri Subway Section to Jogeshwari),K/W,19.13456,72.8403,5.6,2.79,Critical,Bituminous Asphalt,Utility Trench Reinstatement Failure (MGL/MTNL/Adani),Citizen (MyBMC App),2024-09-12,In-Progress,Pending,,CONTR_BMC_107
PTH_2024_00140,RD_SVR_04,SV Road (Andheri Subway Section to Jogeshwari),K/W,19.12327,72.84091,4.2,3.09,Critical,Bituminous Asphalt,Sub-grade Moisture Saturation,BMC Road Engineer Survey,2024-08-09,Inspected - Work Order Issued,Pending,,CONTR_BMC_111
PTH_2024_00141,RD_SVR_04,SV Road (Andheri Subway Section to Jogeshwari),K/W,19.13287,72.84101,14.3,1.12,Critical,Bituminous Asphalt,Heavy Axle Commercial Vehicle Load,Traffic Police Notification,2024-09-25,Resolved / Repaired,Cold Mix Polymer Asphalt,2024-09-30,CONTR_BMC_103
PTH_2024_00142,RD_SVR_05,SV Road (Goregaon to Malad Subway Jn),P/N,19.17008,72.8441,4.2,3.08,Critical,Bituminous Asphalt,Heavy Axle Commercial Vehicle Load,BMC Road Engineer Survey,2024-06-03,Resolved / Repaired,Rapid Hardening Concrete,2024-06-09,CONTR_BMC_124
PTH_2024_00143,RD_SVR_05,SV Road (Goregaon to Malad Subway Jn),P/N,19.14956,72.84429,14.8,0.74,Critical,Bituminous Asphalt,Heavy Axle Commercial Vehicle Load,Traffic Police Notification,2024-09-06,Inspected - Work Order Issued,Pending,,CONTR_BMC_102
PTH_2024_00144,RD_SVR_05,SV Road (Goregaon to Malad Subway Jn),P/N,19.17951,72.84227,6.0,3.31,Critical,Bituminous Asphalt,Sub-grade Moisture Saturation,Traffic Police Notification,2024-07-18,Resolved / Repaired,Hot Mix Bituminous Concrete,2024-07-22,CONTR_BMC_116
PTH_2024_00145,RD_SVR_05,SV Road (Goregaon to Malad Subway Jn),P/N,19.16279,72.84321,13.7,1.05,Critical,Bituminous Asphalt,Waterlogging & Bitumen Stripping,AI Camera / Patrol Vehicle,2024-07-24,Resolved / Repaired,Cold Mix Polymer Asphalt,2024-07-27,CONTR_BMC_102
PTH_2024_00146,RD_SVR_05,SV Road (Goregaon to Malad Subway Jn),P/N,19.15735,72.84294,12.6,0.42,Critical,Bituminous Asphalt,Asphalt Aging & Pavement Fatigue,Traffic Police Notification,2024-07-27,Resolved / Repaired,Mastic Asphalt,2024-08-01,CONTR_BMC_115
PTH_2024_00147,RD_SVR_05,SV Road (Goregaon to Malad Subway Jn),P/N,19.16902,72.84373,12.7,3.03,Critical,Bituminous Asphalt,Asphalt Aging & Pavement Fatigue,Traffic Police Notification,2024-06-25,Resolved / Repaired,Mastic Asphalt,2024-06-26,CONTR_BMC_120
PTH_2024_00148,RD_SVR_05,SV Road (Goregaon to Malad Subway Jn),P/N,19.17122,72.84463,14.1,1.51,Critical,Bituminous Asphalt,Heavy Axle Commercial Vehicle Load,Citizen (MyBMC App),2024-08-05,Inspected - Work Order Issued,Pending,,CONTR_BMC_107
PTH_2024_00149,RD_SVR_05,SV Road (Goregaon to Malad Subway Jn),P/N,19.15882,72.84304,13.8,2.98,Critical,Bituminous Asphalt,Asphalt Aging & Pavement Fatigue,AI Camera / Patrol Vehicle,2024-06-23,In-Progress,Pending,,CONTR_BMC_116
PTH_2024_00150,RD_SVR_05,SV Road (Goregaon to Malad Subway Jn),P/N,19.15055,72.8438,7.3,1.85,High,Bituminous Asphalt,Heavy Axle Commercial Vehicle Load,Traffic Police Notification,2024-08-12,In-Progress,Pending,,CONTR_BMC_108
PTH_2024_00151,RD_SVR_05,SV Road (Goregaon to Malad Subway Jn),P/N,19.17757,72.84423,12.7,1.23,Critical,Bituminous Asphalt,Utility Trench Reinstatement Failure (MGL/MTNL/Adani),AI Camera / Patrol Vehicle,2024-09-18,Resolved / Repaired,Mastic Asphalt,2024-09-20,CONTR_BMC_125
PTH_2024_00152,RD_SVR_05,SV Road (Goregaon to Malad Subway Jn),P/N,19.18163,72.84415,6.9,0.97,Moderate,Bituminous Asphalt,Waterlogging & Bitumen Stripping,BMC Road Engineer Survey,2024-07-02,Citizen Reported,Pending,,CONTR_BMC_112
PTH_2024_00153,RD_SVR_05,SV Road (Goregaon to Malad Subway Jn),P/N,19.16314,72.8442,12.3,3.04,Critical,Bituminous Asphalt,Waterlogging & Bitumen Stripping,Traffic Police Notification,2024-09-28,Resolved / Repaired,Cold Mix Polymer Asphalt,2024-10-02,CONTR_BMC_105
PTH_2024_00154,RD_SVR_05,SV Road (Goregaon to Malad Subway Jn),P/N,19.16403,72.84296,15.2,1.96,Critical,Bituminous Asphalt,Heavy Axle Commercial Vehicle Load,BMC Road Engineer Survey,2024-07-19,Resolved / Repaired,Cold Mix Polymer Asphalt,2024-07-25,CONTR_BMC_110
PTH_2024_00155,RD_SVR_05,SV Road (Goregaon to Malad Subway Jn),P/N,19.18154,72.8448,15.5,0.91,Critical,Bituminous Asphalt,Utility Trench Reinstatement Failure (MGL/MTNL/Adani),BMC Road Engineer Survey,2024-09-25,Resolved / Repaired,Cold Mix Polymer Asphalt,2024-09-29,CONTR_BMC_121
PTH_2024_00156,RD_SVR_05,SV Road (Goregaon to Malad Subway Jn),P/N,19.15191,72.84316,14.7,0.8,Critical,Bituminous Asphalt,Sub-grade Moisture Saturation,Citizen (MyBMC App),2024-09-21,Inspected - Work Order Issued,Pending,,CONTR_BMC_106
PTH_2024_00157,RD_SVR_05,SV Road (Goregaon to Malad Subway Jn),P/N,19.15818,72.84482,16.7,2.35,Critical,Bituminous Asphalt,Asphalt Aging & Pavement Fatigue,Traffic Police Notification,2024-09-05,Resolved / Repaired,Rapid Hardening Concrete,2024-09-11,CONTR_BMC_115
PTH_2024_00158,RD_SVR_05,SV Road (Goregaon to Malad Subway Jn),P/N,19.17226,72.84363,6.4,1.12,Moderate,Bituminous Asphalt,Asphalt Aging & Pavement Fatigue,AI Camera / Patrol Vehicle,2024-09-08,Citizen Reported,Pending,,CONTR_BMC_121
PTH_2024_00159,RD_SVR_06,SV Road (Kandivali to Borivali Station West),R/C,19.19354,72.84701,3.8,2.22,Critical,Cement Concrete,Utility Trench Reinstatement Failure (MGL/MTNL/Adani),Citizen (MyBMC App),2024-09-22,In-Progress,Pending,,CONTR_BMC_112
PTH_2024_00160,RD_SVR_06,SV Road (Kandivali to Borivali Station West),R/C,19.20158,72.85009,5.8,2.94,Critical,Cement Concrete,Heavy Axle Commercial Vehicle Load,Traffic Police Notification,2024-09-18,Citizen Reported,Pending,,CONTR_BMC_123
PTH_2024_00161,RD_LNK_01,New Link Road (Bandra West to Khar Danda),H/W,19.07792,72.82872,3.8,1.6,Moderate,Cement Concrete,Sub-grade Moisture Saturation,BMC Road Engineer Survey,2024-09-16,Resolved / Repaired,Mastic Asphalt,2024-09-22,CONTR_BMC_121
PTH_2024_00162,RD_LNK_01,New Link Road (Bandra West to Khar Danda),H/W,19.07189,72.82854,3.2,0.43,Moderate,Cement Concrete,Waterlogging & Bitumen Stripping,Traffic Police Notification,2024-07-20,In-Progress,Pending,,CONTR_BMC_104
PTH_2024_00163,RD_LNK_02,New Link Road (Juhu Circle to Andheri Infinity Mall),K/W,19.11207,72.82932,4.2,3.22,Critical,Cement Concrete,Waterlogging & Bitumen Stripping,Citizen (MyBMC App),2024-06-05,Resolved / Repaired,Rapid Hardening Concrete,2024-06-09,CONTR_BMC_119
PTH_2024_00164,RD_LNK_02,New Link Road (Juhu Circle to Andheri Infinity Mall),K/W,19.11318,72.83082,3.9,2.64,Critical,Cement Concrete,Utility Trench Reinstatement Failure (MGL/MTNL/Adani),Traffic Police Notification,2024-08-15,Resolved / Repaired,Hot Mix Bituminous Concrete,2024-08-20,CONTR_BMC_109
PTH_2024_00165,RD_LNK_02,New Link Road (Juhu Circle to Andheri Infinity Mall),K/W,19.08674,72.83043,3.2,1.61,Moderate,Cement Concrete,Asphalt Aging & Pavement Fatigue,AI Camera / Patrol Vehicle,2024-07-17,Inspected - Work Order Issued,Pending,,CONTR_BMC_102
PTH_2024_00166,RD_LNK_03,New Link Road (Oshiwara to Goregaon West / Bangur Nagar),P/S,19.14949,72.8325,3.0,1.08,Moderate,Cement Concrete,Waterlogging & Bitumen Stripping,Citizen (MyBMC App),2024-08-22,Citizen Reported,Pending,,CONTR_BMC_105
PTH_2024_00167,RD_LNK_03,New Link Road (Oshiwara to Goregaon West / Bangur Nagar),P/S,19.14167,72.83272,5.0,0.52,Moderate,Cement Concrete,Heavy Axle Commercial Vehicle Load,AI Camera / Patrol Vehicle,2024-09-17,Citizen Reported,Pending,,CONTR_BMC_108
PTH_2024_00168,RD_LNK_03,New Link Road (Oshiwara to Goregaon West / Bangur Nagar),P/S,19.1434,72.83235,2.7,2.49,Critical,Cement Concrete,Sub-grade Moisture Saturation,Traffic Police Notification,2024-07-14,Resolved / Repaired,Hot Mix Bituminous Concrete,2024-07-17,CONTR_BMC_123
PTH_2024_00169,RD_LNK_04,New Link Road (Malad Inorbit to Mith Chowki),P/N,19.18452,72.83376,3.5,2.82,Critical,Cement Concrete,Sub-grade Moisture Saturation,BMC Road Engineer Survey,2024-08-01,Resolved / Repaired,Cold Mix Polymer Asphalt,2024-08-05,CONTR_BMC_124
PTH_2024_00170,RD_LNK_04,New Link Road (Malad Inorbit to Mith Chowki),P/N,19.17014,72.83394,3.2,2.14,Critical,Cement Concrete,Asphalt Aging & Pavement Fatigue,AI Camera / Patrol Vehicle,2024-07-17,Resolved / Repaired,Cold Mix Polymer Asphalt,2024-07-18,CONTR_BMC_108
PTH_2024_00171,RD_LNK_05,New Link Road (Kandivali to Dahisar Link Road Extension),R/N,19.21418,72.83652,4.4,2.14,Critical,Cement Concrete,Sub-grade Moisture Saturation,BMC Road Engineer Survey,2024-07-13,Resolved / Repaired,Hot Mix Bituminous Concrete,2024-07-17,CONTR_BMC_103
PTH_2024_00172,RD_LNK_05,New Link Road (Kandivali to Dahisar Link Road Extension),R/N,19.23964,72.84114,3.8,0.82,Moderate,Cement Concrete,Waterlogging & Bitumen Stripping,Traffic Police Notification,2024-09-11,Resolved / Repaired,Mastic Asphalt,2024-09-12,CONTR_BMC_121
PTH_2024_00173,RD_EEH_01,Eastern Express Highway (Sion Circle to Priyadarshini Park),F/N,19.04961,72.87482,12.9,1.84,Critical,Asphalt Over CC Base,Waterlogging & Bitumen Stripping,AI Camera / Patrol Vehicle,2024-08-26,Citizen Reported,Pending,,CONTR_BMC_101
PTH_2024_00174,RD_EEH_01,Eastern Express Highway (Sion Circle to Priyadarshini Park),F/N,19.05089,72.87218,17.4,1.98,Critical,Asphalt Over CC Base,Waterlogging & Bitumen Stripping,AI Camera / Patrol Vehicle,2024-06-06,Resolved / Repaired,Mastic Asphalt,2024-06-12,CONTR_BMC_108
PTH_2024_00175,RD_EEH_01,Eastern Express Highway (Sion Circle to Priyadarshini Park),F/N,19.05768,72.87702,17.0,1.27,Critical,Asphalt Over CC Base,Sub-grade Moisture Saturation,AI Camera / Patrol Vehicle,2024-07-07,Resolved / Repaired,Cold Mix Polymer Asphalt,2024-07-13,CONTR_BMC_116
PTH_2024_00176,RD_EEH_01,Eastern Express Highway (Sion Circle to Priyadarshini Park),F/N,19.05861,72.87711,12.7,3.0,Critical,Asphalt Over CC Base,Sub-grade Moisture Saturation,Traffic Police Notification,2024-07-17,In-Progress,Pending,,CONTR_BMC_105
PTH_2024_00177,RD_EEH_01,Eastern Express Highway (Sion Circle to Priyadarshini Park),F/N,19.05117,72.87625,10.6,0.48,High,Asphalt Over CC Base,Heavy Axle Commercial Vehicle Load,Traffic Police Notification,2024-07-14,Inspected - Work Order Issued,Pending,,CONTR_BMC_113
PTH_2024_00178,RD_EEH_01,Eastern Express Highway (Sion Circle to Priyadarshini Park),F/N,19.05363,72.86777,13.8,2.65,Critical,Asphalt Over CC Base,Utility Trench Reinstatement Failure (MGL/MTNL/Adani),BMC Road Engineer Survey,2024-08-02,Resolved / Repaired,Mastic Asphalt,2024-08-05,CONTR_BMC_116
PTH_2024_00179,RD_EEH_01,Eastern Express Highway (Sion Circle to Priyadarshini Park),F/N,19.05722,72.87737,8.5,2.09,Critical,Asphalt Over CC Base,Asphalt Aging & Pavement Fatigue,Citizen (MyBMC App),2024-06-04,Resolved / Repaired,Rapid Hardening Concrete,2024-06-05,CONTR_BMC_111
PTH_2024_00180,RD_EEH_01,Eastern Express Highway (Sion Circle to Priyadarshini Park),F/N,19.05861,72.86316,5.7,0.84,Moderate,Asphalt Over CC Base,Waterlogging & Bitumen Stripping,AI Camera / Patrol Vehicle,2024-07-25,In-Progress,Pending,,CONTR_BMC_115
PTH_2024_00181,RD_EEH_01,Eastern Express Highway (Sion Circle to Priyadarshini Park),F/N,19.06006,72.86846,8.0,3.26,Critical,Asphalt Over CC Base,Waterlogging & Bitumen Stripping,Citizen (MyBMC App),2024-06-24,Resolved / Repaired,Mastic Asphalt,2024-06-25,CONTR_BMC_120
PTH_2024_00182,RD_EEH_01,Eastern Express Highway (Sion Circle to Priyadarshini Park),F/N,19.04379,72.87654,12.7,1.92,Critical,Asphalt Over CC Base,Sub-grade Moisture Saturation,Traffic Police Notification,2024-08-21,Resolved / Repaired,Mastic Asphalt,2024-08-24,CONTR_BMC_104
PTH_2024_00183,RD_EEH_01,Eastern Express Highway (Sion Circle to Priyadarshini Park),F/N,19.04409,72.86626,6.4,1.58,Moderate,Asphalt Over CC Base,Asphalt Aging & Pavement Fatigue,AI Camera / Patrol Vehicle,2024-07-02,Resolved / Repaired,Rapid Hardening Concrete,2024-07-06,CONTR_BMC_103
PTH_2024_00184,RD_EEH_01,Eastern Express Highway (Sion Circle to Priyadarshini Park),F/N,19.04455,72.87249,16.2,2.22,Critical,Asphalt Over CC Base,Asphalt Aging & Pavement Fatigue,Traffic Police Notification,2024-06-01,Inspected - Work Order Issued,Pending,,CONTR_BMC_109
PTH_2024_00185,RD_EEH_01,Eastern Express Highway (Sion Circle to Priyadarshini Park),F/N,19.04343,72.87163,9.0,1.75,High,Asphalt Over CC Base,Waterlogging & Bitumen Stripping,Citizen (MyBMC App),2024-09-14,Resolved / Repaired,Rapid Hardening Concrete,2024-09-18,CONTR_BMC_111
PTH_2024_00186,RD_EEH_01,Eastern Express Highway (Sion Circle to Priyadarshini Park),F/N,19.05884,72.8701,10.3,2.24,Critical,Asphalt Over CC Base,Sub-grade Moisture Saturation,Citizen (MyBMC App),2024-06-26,Inspected - Work Order Issued,Pending,,CONTR_BMC_111
PTH_2024_00187,RD_EEH_01,Eastern Express Highway (Sion Circle to Priyadarshini Park),F/N,19.05338,72.87178,13.8,2.9,Critical,Asphalt Over CC Base,Heavy Axle Commercial Vehicle Load,Traffic Police Notification,2024-08-18,Inspected - Work Order Issued,Pending,,CONTR_BMC_117
PTH_2024_00188,RD_EEH_01,Eastern Express Highway (Sion Circle to Priyadarshini Park),F/N,19.05287,72.87295,6.9,1.36,Moderate,Asphalt Over CC Base,Sub-grade Moisture Saturation,BMC Road Engineer Survey,2024-07-28,Resolved / Repaired,Cold Mix Polymer Asphalt,2024-07-29,CONTR_BMC_124
PTH_2024_00189,RD_EEH_02,Eastern Express Highway (Kurla Amar Mahal to Ghatkopar),L,19.07485,72.89168,15.0,2.72,Critical,Mastic Asphalt,Asphalt Aging & Pavement Fatigue,AI Camera / Patrol Vehicle,2024-08-08,Resolved / Repaired,Hot Mix Bituminous Concrete,2024-08-13,CONTR_BMC_104
PTH_2024_00190,RD_EEH_02,Eastern Express Highway (Kurla Amar Mahal to Ghatkopar),L,19.06554,72.88832,17.3,2.23,Critical,Mastic Asphalt,Heavy Axle Commercial Vehicle Load,Citizen (MyBMC App),2024-06-13,Resolved / Repaired,Cold Mix Polymer Asphalt,2024-06-16,CONTR_BMC_101
PTH_2024_00191,RD_EEH_02,Eastern Express Highway (Kurla Amar Mahal to Ghatkopar),L,19.08883,72.90112,13.7,2.21,Critical,Mastic Asphalt,Utility Trench Reinstatement Failure (MGL/MTNL/Adani),Citizen (MyBMC App),2024-09-14,Inspected - Work Order Issued,Pending,,CONTR_BMC_101
PTH_2024_00192,RD_EEH_02,Eastern Express Highway (Kurla Amar Mahal to Ghatkopar),L,19.06695,72.8971,7.7,2.37,Critical,Mastic Asphalt,Utility Trench Reinstatement Failure (MGL/MTNL/Adani),AI Camera / Patrol Vehicle,2024-09-27,Resolved / Repaired,Mastic Asphalt,2024-09-28,CONTR_BMC_110
PTH_2024_00193,RD_EEH_02,Eastern Express Highway (Kurla Amar Mahal to Ghatkopar),L,19.09219,72.88251,17.5,0.65,Critical,Mastic Asphalt,Sub-grade Moisture Saturation,Citizen (MyBMC App),2024-06-04,Resolved / Repaired,Mastic Asphalt,2024-06-05,CONTR_BMC_106
PTH_2024_00194,RD_EEH_02,Eastern Express Highway (Kurla Amar Mahal to Ghatkopar),L,19.07229,72.88985,5.5,3.34,Critical,Mastic Asphalt,Heavy Axle Commercial Vehicle Load,Traffic Police Notification,2024-06-16,In-Progress,Pending,,CONTR_BMC_121
PTH_2024_00195,RD_EEH_02,Eastern Express Highway (Kurla Amar Mahal to Ghatkopar),L,19.09091,72.89177,4.7,2.1,Critical,Mastic Asphalt,Asphalt Aging & Pavement Fatigue,Citizen (MyBMC App),2024-09-05,Resolved / Repaired,Cold Mix Polymer Asphalt,2024-09-11,CONTR_BMC_119
PTH_2024_00196,RD_EEH_02,Eastern Express Highway (Kurla Amar Mahal to Ghatkopar),L,19.09217,72.90186,15.7,1.49,Critical,Mastic Asphalt,Asphalt Aging & Pavement Fatigue,Traffic Police Notification,2024-09-14,Resolved / Repaired,Rapid Hardening Concrete,2024-09-15,CONTR_BMC_104
PTH_2024_00197,RD_EEH_02,Eastern Express Highway (Kurla Amar Mahal to Ghatkopar),L,19.08281,72.88553,16.0,2.85,Critical,Mastic Asphalt,Waterlogging & Bitumen Stripping,Citizen (MyBMC App),2024-06-18,Citizen Reported,Pending,,CONTR_BMC_105
PTH_2024_00198,RD_EEH_02,Eastern Express Highway (Kurla Amar Mahal to Ghatkopar),L,19.08036,72.88765,17.4,0.73,Critical,Mastic Asphalt,Sub-grade Moisture Saturation,BMC Road Engineer Survey,2024-07-15,In-Progress,Pending,,CONTR_BMC_102
PTH_2024_00199,RD_EEH_02,Eastern Express Highway (Kurla Amar Mahal to Ghatkopar),L,19.08698,72.89539,8.0,1.52,High,Mastic Asphalt,Sub-grade Moisture Saturation,BMC Road Engineer Survey,2024-09-03,Resolved / Repaired,Hot Mix Bituminous Concrete,2024-09-09,CONTR_BMC_104
PTH_2024_00200,RD_EEH_02,Eastern Express Highway (Kurla Amar Mahal to Ghatkopar),L,19.07665,72.89078,13.5,2.24,Critical,Mastic Asphalt,Asphalt Aging & Pavement Fatigue,BMC Road Engineer Survey,2024-09-04,Resolved / Repaired,Hot Mix Bituminous Concrete,2024-09-09,CONTR_BMC_117
PTH_2024_00201,RD_EEH_02,Eastern Express Highway (Kurla Amar Mahal to Ghatkopar),L,19.0922,72.88853,8.8,2.48,Critical,Mastic Asphalt,Utility Trench Reinstatement Failure (MGL/MTNL/Adani),AI Camera / Patrol Vehicle,2024-08-15,In-Progress,Pending,,CONTR_BMC_119
PTH_2024_00202,RD_EEH_02,Eastern Express Highway (Kurla Amar Mahal to Ghatkopar),L,19.06385,72.88207,13.5,3.16,Critical,Mastic Asphalt,Sub-grade Moisture Saturation,AI Camera / Patrol Vehicle,2024-06-20,In-Progress,Pending,,CONTR_BMC_103
PTH_2024_00203,RD_EEH_02,Eastern Express Highway (Kurla Amar Mahal to Ghatkopar),L,19.08798,72.89206,12.9,0.64,Critical,Mastic Asphalt,Waterlogging & Bitumen Stripping,AI Camera / Patrol Vehicle,2024-06-24,Resolved / Repaired,Hot Mix Bituminous Concrete,2024-06-28,CONTR_BMC_106
PTH_2024_00204,RD_EEH_02,Eastern Express Highway (Kurla Amar Mahal to Ghatkopar),L,19.06581,72.90163,16.5,1.36,Critical,Mastic Asphalt,Utility Trench Reinstatement Failure (MGL/MTNL/Adani),Traffic Police Notification,2024-06-13,Citizen Reported,Pending,,CONTR_BMC_123
PTH_2024_00205,RD_EEH_02,Eastern Express Highway (Kurla Amar Mahal to Ghatkopar),L,19.06676,72.90126,16.1,2.07,Critical,Mastic Asphalt,Asphalt Aging & Pavement Fatigue,BMC Road Engineer Survey,2024-09-08,Resolved / Repaired,Hot Mix Bituminous Concrete,2024-09-13,CONTR_BMC_115
PTH_2024_00206,RD_EEH_02,Eastern Express Highway (Kurla Amar Mahal to Ghatkopar),L,19.07801,72.88679,14.6,2.11,Critical,Mastic Asphalt,Heavy Axle Commercial Vehicle Load,AI Camera / Patrol Vehicle,2024-09-10,Inspected - Work Order Issued,Pending,,CONTR_BMC_124
PTH_2024_00207,RD_EEH_02,Eastern Express Highway (Kurla Amar Mahal to Ghatkopar),L,19.07532,72.89011,5.1,2.96,Critical,Mastic Asphalt,Waterlogging & Bitumen Stripping,AI Camera / Patrol Vehicle,2024-09-07,Resolved / Repaired,Cold Mix Polymer Asphalt,2024-09-09,CONTR_BMC_114
PTH_2024_00208,RD_EEH_02,Eastern Express Highway (Kurla Amar Mahal to Ghatkopar),L,19.06684,72.88958,17.2,2.74,Critical,Mastic Asphalt,Utility Trench Reinstatement Failure (MGL/MTNL/Adani),Traffic Police Notification,2024-07-19,Resolved / Repaired,Mastic Asphalt,2024-07-24,CONTR_BMC_102
PTH_2024_00209,RD_EEH_02,Eastern Express Highway (Kurla Amar Mahal to Ghatkopar),L,19.08905,72.89307,17.7,2.76,Critical,Mastic Asphalt,Heavy Axle Commercial Vehicle Load,Traffic Police Notification,2024-08-01,Resolved / Repaired,Rapid Hardening Concrete,2024-08-03,CONTR_BMC_112
PTH_2024_00210,RD_EEH_02,Eastern Express Highway (Kurla Amar Mahal to Ghatkopar),L,19.09025,72.89254,9.8,2.41,Critical,Mastic Asphalt,Sub-grade Moisture Saturation,AI Camera / Patrol Vehicle,2024-06-18,Resolved / Repaired,Cold Mix Polymer Asphalt,2024-06-19,CONTR_BMC_108
PTH_2024_00211,RD_EEH_02,Eastern Express Highway (Kurla Amar Mahal to Ghatkopar),L,19.06743,72.89618,9.2,0.93,High,Mastic Asphalt,Waterlogging & Bitumen Stripping,Traffic Police Notification,2024-06-03,Resolved / Repaired,Hot Mix Bituminous Concrete,2024-06-09,CONTR_BMC_119
PTH_2024_00212,RD_EEH_02,Eastern Express Highway (Kurla Amar Mahal to Ghatkopar),L,19.09311,72.88436,6.7,2.42,Critical,Mastic Asphalt,Waterlogging & Bitumen Stripping,BMC Road Engineer Survey,2024-09-14,In-Progress,Pending,,CONTR_BMC_109
PTH_2024_00213,RD_EEH_02,Eastern Express Highway (Kurla Amar Mahal to Ghatkopar),L,19.07569,72.88656,6.0,3.46,Critical,Mastic Asphalt,Utility Trench Reinstatement Failure (MGL/MTNL/Adani),AI Camera / Patrol Vehicle,2024-09-24,Resolved / Repaired,Hot Mix Bituminous Concrete,2024-09-26,CONTR_BMC_114
PTH_2024_00214,RD_EEH_02,Eastern Express Highway (Kurla Amar Mahal to Ghatkopar),L,19.08708,72.89016,9.0,3.1,Critical,Mastic Asphalt,Sub-grade Moisture Saturation,Citizen (MyBMC App),2024-07-11,Resolved / Repaired,Cold Mix Polymer Asphalt,2024-07-12,CONTR_BMC_107
PTH_2024_00215,RD_EEH_03,Eastern Express Highway (Ghatkopar to Vikhroli / Godrej),N,19.11141,72.92064,5.6,0.62,Moderate,Cement Concrete,Utility Trench Reinstatement Failure (MGL/MTNL/Adani),BMC Road Engineer Survey,2024-06-24,Resolved / Repaired,Mastic Asphalt,2024-06-26,CONTR_BMC_114
PTH_2024_00216,RD_EEH_03,Eastern Express Highway (Ghatkopar to Vikhroli / Godrej),N,19.11558,72.92048,4.7,1.21,Moderate,Cement Concrete,Waterlogging & Bitumen Stripping,AI Camera / Patrol Vehicle,2024-08-02,Resolved / Repaired,Mastic Asphalt,2024-08-03,CONTR_BMC_123
PTH_2024_00217,RD_EEH_03,Eastern Express Highway (Ghatkopar to Vikhroli / Godrej),N,19.10913,72.91261,4.4,2.28,Critical,Cement Concrete,Utility Trench Reinstatement Failure (MGL/MTNL/Adani),BMC Road Engineer Survey,2024-09-08,In-Progress,Pending,,CONTR_BMC_106
PTH_2024_00218,RD_EEH_04,Eastern Express Highway (Vikhroli to Bhandup / Mulund Toll),T,19.15975,72.94204,4.7,2.78,Critical,Cement Concrete,Asphalt Aging & Pavement Fatigue,AI Camera / Patrol Vehicle,2024-07-11,In-Progress,Pending,,CONTR_BMC_105
PTH_2024_00219,RD_LBS_01,Lal Bahadur Shastri (LBS) Marg (Sion to Kurla Kamani),L,19.06192,72.88062,16.1,1.27,Critical,Bituminous Asphalt,Sub-grade Moisture Saturation,Traffic Police Notification,2024-07-05,Resolved / Repaired,Mastic Asphalt,2024-07-08,CONTR_BMC_102
PTH_2024_00220,RD_LBS_01,Lal Bahadur Shastri (LBS) Marg (Sion to Kurla Kamani),L,19.05035,72.88018,7.2,3.19,Critical,Bituminous Asphalt,Utility Trench Reinstatement Failure (MGL/MTNL/Adani),BMC Road Engineer Survey,2024-08-23,In-Progress,Pending,,CONTR_BMC_124
PTH_2024_00221,RD_LBS_01,Lal Bahadur Shastri (LBS) Marg (Sion to Kurla Kamani),L,19.06825,72.86925,10.9,2.69,Critical,Bituminous Asphalt,Waterlogging & Bitumen Stripping,AI Camera / Patrol Vehicle,2024-09-23,Resolved / Repaired,Cold Mix Polymer Asphalt,2024-09-27,CONTR_BMC_119
PTH_2024_00222,RD_LBS_01,Lal Bahadur Shastri (LBS) Marg (Sion to Kurla Kamani),L,19.04841,72.87702,4.9,2.98,Critical,Bituminous Asphalt,Utility Trench Reinstatement Failure (MGL/MTNL/Adani),AI Camera / Patrol Vehicle,2024-06-15,Resolved / Repaired,Rapid Hardening Concrete,2024-06-19,CONTR_BMC_104
PTH_2024_00223,RD_LBS_01,Lal Bahadur Shastri (LBS) Marg (Sion to Kurla Kamani),L,19.06401,72.87662,16.1,1.71,Critical,Bituminous Asphalt,Waterlogging & Bitumen Stripping,Citizen (MyBMC App),2024-06-07,In-Progress,Pending,,CONTR_BMC_125
PTH_2024_00224,RD_LBS_01,Lal Bahadur Shastri (LBS) Marg (Sion to Kurla Kamani),L,19.05161,72.87637,14.0,0.7,Critical,Bituminous Asphalt,Waterlogging & Bitumen Stripping,Traffic Police Notification,2024-08-27,Resolved / Repaired,Cold Mix Polymer Asphalt,2024-09-01,CONTR_BMC_114
PTH_2024_00225,RD_LBS_01,Lal Bahadur Shastri (LBS) Marg (Sion to Kurla Kamani),L,19.05438,72.87884,11.0,0.72,High,Bituminous Asphalt,Waterlogging & Bitumen Stripping,Citizen (MyBMC App),2024-07-07,Resolved / Repaired,Mastic Asphalt,2024-07-11,CONTR_BMC_122
PTH_2024_00226,RD_LBS_01,Lal Bahadur Shastri (LBS) Marg (Sion to Kurla Kamani),L,19.05233,72.87632,10.3,0.6,High,Bituminous Asphalt,Heavy Axle Commercial Vehicle Load,BMC Road Engineer Survey,2024-09-10,Resolved / Repaired,Hot Mix Bituminous Concrete,2024-09-12,CONTR_BMC_117
PTH_2024_00227,RD_LBS_01,Lal Bahadur Shastri (LBS) Marg (Sion to Kurla Kamani),L,19.06937,72.87628,13.0,2.96,Critical,Bituminous Asphalt,Utility Trench Reinstatement Failure (MGL/MTNL/Adani),Citizen (MyBMC App),2024-06-14,Resolved / Repaired,Cold Mix Polymer Asphalt,2024-06-19,CONTR_BMC_107
PTH_2024_00228,RD_LBS_01,Lal Bahadur Shastri (LBS) Marg (Sion to Kurla Kamani),L,19.06506,72.87638,10.5,3.3,Critical,Bituminous Asphalt,Sub-grade Moisture Saturation,AI Camera / Patrol Vehicle,2024-07-22,Resolved / Repaired,Hot Mix Bituminous Concrete,2024-07-26,CONTR_BMC_121
PTH_2024_00229,RD_LBS_01,Lal Bahadur Shastri (LBS) Marg (Sion to Kurla Kamani),L,19.05681,72.87745,14.8,2.67,Critical,Bituminous Asphalt,Sub-grade Moisture Saturation,BMC Road Engineer Survey,2024-08-04,Resolved / Repaired,Hot Mix Bituminous Concrete,2024-08-05,CONTR_BMC_114
PTH_2024_00230,RD_LBS_01,Lal Bahadur Shastri (LBS) Marg (Sion to Kurla Kamani),L,19.04976,72.88232,4.5,3.34,Critical,Bituminous Asphalt,Sub-grade Moisture Saturation,BMC Road Engineer Survey,2024-06-11,Resolved / Repaired,Hot Mix Bituminous Concrete,2024-06-12,CONTR_BMC_122
PTH_2024_00231,RD_LBS_02,LBS Marg (Kurla to Ghatkopar Gandhi Nagar),N,19.09684,72.89,12.2,1.7,Critical,Bituminous Asphalt,Asphalt Aging & Pavement Fatigue,Citizen (MyBMC App),2024-09-01,Resolved / Repaired,Cold Mix Polymer Asphalt,2024-09-07,CONTR_BMC_109
PTH_2024_00232,RD_LBS_02,LBS Marg (Kurla to Ghatkopar Gandhi Nagar),N,19.09743,72.89076,9.5,2.98,Critical,Bituminous Asphalt,Asphalt Aging & Pavement Fatigue,Traffic Police Notification,2024-06-27,Inspected - Work Order Issued,Pending,,CONTR_BMC_113
PTH_2024_00233,RD_LBS_02,LBS Marg (Kurla to Ghatkopar Gandhi Nagar),N,19.1001,72.9018,8.6,2.39,Critical,Bituminous Asphalt,Waterlogging & Bitumen Stripping,Traffic Police Notification,2024-07-12,Resolved / Repaired,Cold Mix Polymer Asphalt,2024-07-18,CONTR_BMC_112
PTH_2024_00234,RD_LBS_02,LBS Marg (Kurla to Ghatkopar Gandhi Nagar),N,19.10025,72.90714,13.1,1.62,Critical,Bituminous Asphalt,Waterlogging & Bitumen Stripping,Traffic Police Notification,2024-09-15,Resolved / Repaired,Mastic Asphalt,2024-09-19,CONTR_BMC_123
PTH_2024_00235,RD_LBS_02,LBS Marg (Kurla to Ghatkopar Gandhi Nagar),N,19.09833,72.89975,15.4,1.64,Critical,Bituminous Asphalt,Heavy Axle Commercial Vehicle Load,Traffic Police Notification,2024-06-25,In-Progress,Pending,,CONTR_BMC_116
PTH_2024_00236,RD_LBS_02,LBS Marg (Kurla to Ghatkopar Gandhi Nagar),N,19.0795,72.90733,4.8,1.41,Moderate,Bituminous Asphalt,Heavy Axle Commercial Vehicle Load,AI Camera / Patrol Vehicle,2024-07-20,Resolved / Repaired,Cold Mix Polymer Asphalt,2024-07-25,CONTR_BMC_110
PTH_2024_00237,RD_LBS_02,LBS Marg (Kurla to Ghatkopar Gandhi Nagar),N,19.09488,72.89146,14.5,1.87,Critical,Bituminous Asphalt,Heavy Axle Commercial Vehicle Load,AI Camera / Patrol Vehicle,2024-07-12,Resolved / Repaired,Cold Mix Polymer Asphalt,2024-07-15,CONTR_BMC_113
PTH_2024_00238,RD_LBS_02,LBS Marg (Kurla to Ghatkopar Gandhi Nagar),N,19.08217,72.90156,13.7,3.4,Critical,Bituminous Asphalt,Asphalt Aging & Pavement Fatigue,BMC Road Engineer Survey,2024-07-16,Resolved / Repaired,Hot Mix Bituminous Concrete,2024-07-19,CONTR_BMC_115
PTH_2024_00239,RD_LBS_02,LBS Marg (Kurla to Ghatkopar Gandhi Nagar),N,19.09271,72.90094,4.3,2.56,Critical,Bituminous Asphalt,Asphalt Aging & Pavement Fatigue,Citizen (MyBMC App),2024-07-11,Resolved / Repaired,Cold Mix Polymer Asphalt,2024-07-16,CONTR_BMC_121
PTH_2024_00240,RD_LBS_02,LBS Marg (Kurla to Ghatkopar Gandhi Nagar),N,19.09251,72.89211,11.4,1.33,High,Bituminous Asphalt,Heavy Axle Commercial Vehicle Load,Citizen (MyBMC App),2024-07-21,Inspected - Work Order Issued,Pending,,CONTR_BMC_121
PTH_2024_00241,RD_LBS_02,LBS Marg (Kurla to Ghatkopar Gandhi Nagar),N,19.08847,72.88923,15.1,1.36,Critical,Bituminous Asphalt,Waterlogging & Bitumen Stripping,Citizen (MyBMC App),2024-08-27,Resolved / Repaired,Rapid Hardening Concrete,2024-08-30,CONTR_BMC_122
PTH_2024_00242,RD_LBS_02,LBS Marg (Kurla to Ghatkopar Gandhi Nagar),N,19.10196,72.89593,16.6,1.77,Critical,Bituminous Asphalt,Asphalt Aging & Pavement Fatigue,AI Camera / Patrol Vehicle,2024-07-20,Citizen Reported,Pending,,CONTR_BMC_119
PTH_2024_00243,RD_LBS_02,LBS Marg (Kurla to Ghatkopar Gandhi Nagar),N,19.09122,72.8876,16.0,1.92,Critical,Bituminous Asphalt,Utility Trench Reinstatement Failure (MGL/MTNL/Adani),AI Camera / Patrol Vehicle,2024-07-11,Resolved / Repaired,Cold Mix Polymer Asphalt,2024-07-15,CONTR_BMC_105
PTH_2024_00244,RD_LBS_02,LBS Marg (Kurla to Ghatkopar Gandhi Nagar),N,19.08889,72.90534,14.0,2.36,Critical,Bituminous Asphalt,Sub-grade Moisture Saturation,BMC Road Engineer Survey,2024-06-09,Inspected - Work Order Issued,Pending,,CONTR_BMC_120
PTH_2024_00245,RD_LBS_02,LBS Marg (Kurla to Ghatkopar Gandhi Nagar),N,19.07417,72.90706,7.1,3.37,Critical,Bituminous Asphalt,Utility Trench Reinstatement Failure (MGL/MTNL/Adani),BMC Road Engineer Survey,2024-09-16,Inspected - Work Order Issued,Pending,,CONTR_BMC_104
PTH_2024_00246,RD_LBS_02,LBS Marg (Kurla to Ghatkopar Gandhi Nagar),N,19.09024,72.9016,10.2,2.64,Critical,Bituminous Asphalt,Asphalt Aging & Pavement Fatigue,Citizen (MyBMC App),2024-07-07,Resolved / Repaired,Hot Mix Bituminous Concrete,2024-07-11,CONTR_BMC_112
PTH_2024_00247,RD_LBS_02,LBS Marg (Kurla to Ghatkopar Gandhi Nagar),N,19.07839,72.90575,16.7,2.12,Critical,Bituminous Asphalt,Utility Trench Reinstatement Failure (MGL/MTNL/Adani),AI Camera / Patrol Vehicle,2024-09-04,In-Progress,Pending,,CONTR_BMC_117
PTH_2024_00248,RD_LBS_02,LBS Marg (Kurla to Ghatkopar Gandhi Nagar),N,19.0858,72.88813,17.0,3.49,Critical,Bituminous Asphalt,Sub-grade Moisture Saturation,BMC Road Engineer Survey,2024-07-17,Resolved / Repaired,Rapid Hardening Concrete,2024-07-21,CONTR_BMC_114
PTH_2024_00249,RD_LBS_02,LBS Marg (Kurla to Ghatkopar Gandhi Nagar),N,19.08233,72.89527,17.7,1.49,Critical,Bituminous Asphalt,Heavy Axle Commercial Vehicle Load,Traffic Police Notification,2024-08-25,Citizen Reported,Pending,,CONTR_BMC_120
PTH_2024_00250,RD_LBS_02,LBS Marg (Kurla to Ghatkopar Gandhi Nagar),N,19.09444,72.89287,16.6,2.34,Critical,Bituminous Asphalt,Utility Trench Reinstatement Failure (MGL/MTNL/Adani),Citizen (MyBMC App),2024-06-04,Resolved / Repaired,Rapid Hardening Concrete,2024-06-10,CONTR_BMC_107
PTH_2024_00251,RD_LBS_02,LBS Marg (Kurla to Ghatkopar Gandhi Nagar),N,19.07846,72.90327,12.5,1.42,Critical,Bituminous Asphalt,Asphalt Aging & Pavement Fatigue,Traffic Police Notification,2024-08-05,Resolved / Repaired,Mastic Asphalt,2024-08-11,CONTR_BMC_104
PTH_2024_00252,RD_LBS_03,LBS Marg (Ghatkopar to Vikhroli / Kanjurmarg),S,19.12898,72.92879,4.5,0.64,Moderate,Cement Concrete,Heavy Axle Commercial Vehicle Load,Citizen (MyBMC App),2024-06-19,Resolved / Repaired,Hot Mix Bituminous Concrete,2024-06-22,CONTR_BMC_103
PTH_2024_00253,RD_LBS_03,LBS Marg (Ghatkopar to Vikhroli / Kanjurmarg),S,19.11435,72.92402,5.2,1.39,Moderate,Cement Concrete,Asphalt Aging & Pavement Fatigue,BMC Road Engineer Survey,2024-07-18,Resolved / Repaired,Cold Mix Polymer Asphalt,2024-07-24,CONTR_BMC_122
PTH_2024_00254,RD_LBS_03,LBS Marg (Ghatkopar to Vikhroli / Kanjurmarg),S,19.12513,72.91829,2.8,1.89,Moderate,Cement Concrete,Asphalt Aging & Pavement Fatigue,AI Camera / Patrol Vehicle,2024-06-17,Resolved / Repaired,Hot Mix Bituminous Concrete,2024-06-18,CONTR_BMC_123
PTH_2024_00255,RD_LBS_04,LBS Marg (Bhandup to Mulund Check Naka),T,19.16522,72.93408,4.7,2.39,Critical,Cement Concrete,Utility Trench Reinstatement Failure (MGL/MTNL/Adani),BMC Road Engineer Survey,2024-09-12,Resolved / Repaired,Rapid Hardening Concrete,2024-09-15,CONTR_BMC_103
PTH_2024_00256,RD_JVL_01,Jogeshwari-Vikhroli Link Road (JVLR - WEH to Powai),K/E,19.129,72.86841,10.5,2.3,Critical,Mastic Asphalt,Heavy Axle Commercial Vehicle Load,Citizen (MyBMC App),2024-07-15,In-Progress,Pending,,CONTR_BMC_125
PTH_2024_00257,RD_JVL_01,Jogeshwari-Vikhroli Link Road (JVLR - WEH to Powai),K/E,19.1283,72.88398,16.9,1.88,Critical,Mastic Asphalt,Asphalt Aging & Pavement Fatigue,AI Camera / Patrol Vehicle,2024-06-20,Citizen Reported,Pending,,CONTR_BMC_115
PTH_2024_00258,RD_JVL_01,Jogeshwari-Vikhroli Link Road (JVLR - WEH to Powai),K/E,19.12989,72.86023,17.6,3.12,Critical,Mastic Asphalt,Utility Trench Reinstatement Failure (MGL/MTNL/Adani),BMC Road Engineer Survey,2024-06-26,Resolved / Repaired,Hot Mix Bituminous Concrete,2024-06-30,CONTR_BMC_119
PTH_2024_00259,RD_JVL_01,Jogeshwari-Vikhroli Link Road (JVLR - WEH to Powai),K/E,19.13136,72.88091,16.9,1.08,Critical,Mastic Asphalt,Asphalt Aging & Pavement Fatigue,AI Camera / Patrol Vehicle,2024-06-01,Resolved / Repaired,Rapid Hardening Concrete,2024-06-07,CONTR_BMC_123
PTH_2024_00260,RD_JVL_01,Jogeshwari-Vikhroli Link Road (JVLR - WEH to Powai),K/E,19.12659,72.88778,13.9,1.28,Critical,Mastic Asphalt,Sub-grade Moisture Saturation,Citizen (MyBMC App),2024-08-11,Resolved / Repaired,Hot Mix Bituminous Concrete,2024-08-17,CONTR_BMC_105
PTH_2024_00261,RD_JVL_01,Jogeshwari-Vikhroli Link Road (JVLR - WEH to Powai),K/E,19.13096,72.88373,17.0,2.47,Critical,Mastic Asphalt,Utility Trench Reinstatement Failure (MGL/MTNL/Adani),Traffic Police Notification,2024-09-12,Resolved / Repaired,Rapid Hardening Concrete,2024-09-18,CONTR_BMC_111
PTH_2024_00262,RD_JVL_01,Jogeshwari-Vikhroli Link Road (JVLR - WEH to Powai),K/E,19.13057,72.89221,9.5,2.95,Critical,Mastic Asphalt,Sub-grade Moisture Saturation,BMC Road Engineer Survey,2024-07-25,Resolved / Repaired,Mastic Asphalt,2024-07-27,CONTR_BMC_107
PTH_2024_00263,RD_JVL_01,Jogeshwari-Vikhroli Link Road (JVLR - WEH to Powai),K/E,19.13097,72.85935,8.3,3.38,Critical,Mastic Asphalt,Utility Trench Reinstatement Failure (MGL/MTNL/Adani),Traffic Police Notification,2024-07-01,In-Progress,Pending,,CONTR_BMC_111
PTH_2024_00264,RD_JVL_01,Jogeshwari-Vikhroli Link Road (JVLR - WEH to Powai),K/E,19.12845,72.86443,12.3,3.01,Critical,Mastic Asphalt,Waterlogging & Bitumen Stripping,AI Camera / Patrol Vehicle,2024-06-08,Resolved / Repaired,Cold Mix Polymer Asphalt,2024-06-13,CONTR_BMC_118
PTH_2024_00265,RD_JVL_01,Jogeshwari-Vikhroli Link Road (JVLR - WEH to Powai),K/E,19.12954,72.87881,7.0,2.24,Critical,Mastic Asphalt,Waterlogging & Bitumen Stripping,AI Camera / Patrol Vehicle,2024-07-03,Resolved / Repaired,Hot Mix Bituminous Concrete,2024-07-04,CONTR_BMC_113
PTH_2024_00266,RD_JVL_02,JVLR (Powai Lake to EEH Kanjurmarg Jn),S,19.12872,72.91738,5.9,2.6,Critical,Cement Concrete,Heavy Axle Commercial Vehicle Load,AI Camera / Patrol Vehicle,2024-07-02,Resolved / Repaired,Mastic Asphalt,2024-07-04,CONTR_BMC_112
PTH_2024_00267,RD_SCL_01,Santacruz-Chembur Link Road (SCLR - Kurla to Amar Mahal),L,19.06859,72.88431,4.5,1.04,Moderate,Cement Concrete,Asphalt Aging & Pavement Fatigue,Citizen (MyBMC App),2024-09-11,In-Progress,Pending,,CONTR_BMC_101
PTH_2024_00268,RD_SCL_02,BKC Connector & Extension Road,H/E,19.05116,72.87172,4.7,3.43,Critical,Cement Concrete,Utility Trench Reinstatement Failure (MGL/MTNL/Adani),Traffic Police Notification,2024-06-11,In-Progress,Pending,,CONTR_BMC_110
PTH_2024_00269,RD_SCL_02,BKC Connector & Extension Road,H/E,19.05091,72.87045,3.9,0.84,Moderate,Cement Concrete,Sub-grade Moisture Saturation,Citizen (MyBMC App),2024-07-24,Resolved / Repaired,Cold Mix Polymer Asphalt,2024-07-27,CONTR_BMC_114
PTH_2024_00270,RD_SCL_02,BKC Connector & Extension Road,H/E,19.05352,72.87778,4.2,1.92,Moderate,Cement Concrete,Utility Trench Reinstatement Failure (MGL/MTNL/Adani),AI Camera / Patrol Vehicle,2024-06-23,Inspected - Work Order Issued,Pending,,CONTR_BMC_115
PTH_2024_00271,RD_AMB_01,Dr. Babasaheb Ambedkar Road (Byculla to Dadar TT),F/S,18.99034,72.83672,4.3,1.23,Moderate,Cement Concrete,Waterlogging & Bitumen Stripping,Traffic Police Notification,2024-07-18,Resolved / Repaired,Rapid Hardening Concrete,2024-07-24,CONTR_BMC_109
PTH_2024_00272,RD_AMB_01,Dr. Babasaheb Ambedkar Road (Byculla to Dadar TT),F/S,19.01127,72.83765,4.5,0.64,Moderate,Cement Concrete,Asphalt Aging & Pavement Fatigue,AI Camera / Patrol Vehicle,2024-07-04,Resolved / Repaired,Mastic Asphalt,2024-07-06,CONTR_BMC_122
PTH_2024_00273,RD_AMB_02,Dr Ambedkar Road (Dadar TT to Sion Circle / Gandhi Market),F/N,19.03118,72.85724,15.6,1.85,Critical,Bituminous Asphalt Over CC,Sub-grade Moisture Saturation,BMC Road Engineer Survey,2024-09-02,Citizen Reported,Pending,,CONTR_BMC_113
PTH_2024_00274,RD_AMB_02,Dr Ambedkar Road (Dadar TT to Sion Circle / Gandhi Market),F/N,19.02936,72.8495,13.8,2.02,Critical,Bituminous Asphalt Over CC,Sub-grade Moisture Saturation,Citizen (MyBMC App),2024-08-14,In-Progress,Pending,,CONTR_BMC_110
PTH_2024_00275,RD_AMB_02,Dr Ambedkar Road (Dadar TT to Sion Circle / Gandhi Market),F/N,19.02649,72.85076,9.5,2.58,Critical,Bituminous Asphalt Over CC,Waterlogging & Bitumen Stripping,Traffic Police Notification,2024-08-15,In-Progress,Pending,,CONTR_BMC_120
PTH_2024_00276,RD_AMB_02,Dr Ambedkar Road (Dadar TT to Sion Circle / Gandhi Market),F/N,19.02312,72.84764,4.2,1.06,Moderate,Bituminous Asphalt Over CC,Utility Trench Reinstatement Failure (MGL/MTNL/Adani),BMC Road Engineer Survey,2024-08-27,Resolved / Repaired,Hot Mix Bituminous Concrete,2024-08-30,CONTR_BMC_116
PTH_2024_00277,RD_AMB_02,Dr Ambedkar Road (Dadar TT to Sion Circle / Gandhi Market),F/N,19.0257,72.84986,15.3,0.41,Critical,Bituminous Asphalt Over CC,Utility Trench Reinstatement Failure (MGL/MTNL/Adani),BMC Road Engineer Survey,2024-07-22,Resolved / Repaired,Mastic Asphalt,2024-07-28,CONTR_BMC_104
PTH_2024_00278,RD_AMB_02,Dr Ambedkar Road (Dadar TT to Sion Circle / Gandhi Market),F/N,19.02143,72.8499,5.5,1.8,Moderate,Bituminous Asphalt Over CC,Heavy Axle Commercial Vehicle Load,BMC Road Engineer Survey,2024-06-15,Resolved / Repaired,Mastic Asphalt,2024-06-16,CONTR_BMC_115
PTH_2024_00279,RD_AMB_02,Dr Ambedkar Road (Dadar TT to Sion Circle / Gandhi Market),F/N,19.02727,72.85236,8.2,2.98,Critical,Bituminous Asphalt Over CC,Waterlogging & Bitumen Stripping,Citizen (MyBMC App),2024-09-18,Resolved / Repaired,Hot Mix Bituminous Concrete,2024-09-20,CONTR_BMC_115
PTH_2024_00280,RD_AMB_02,Dr Ambedkar Road (Dadar TT to Sion Circle / Gandhi Market),F/N,19.02192,72.85959,8.6,2.89,Critical,Bituminous Asphalt Over CC,Sub-grade Moisture Saturation,Citizen (MyBMC App),2024-09-26,Resolved / Repaired,Hot Mix Bituminous Concrete,2024-09-29,CONTR_BMC_114
PTH_2024_00281,RD_SNB_01,Senapati Bapat Marg (Mahalakshmi to Dadar West),G/S,18.99205,72.83672,3.3,1.28,Moderate,Cement Concrete,Heavy Axle Commercial Vehicle Load,BMC Road Engineer Survey,2024-09-27,Resolved / Repaired,Cold Mix Polymer Asphalt,2024-10-03,CONTR_BMC_112
PTH_2024_00282,RD_SNB_01,Senapati Bapat Marg (Mahalakshmi to Dadar West),G/S,18.99785,72.82825,3.9,3.06,Critical,Cement Concrete,Asphalt Aging & Pavement Fatigue,Traffic Police Notification,2024-07-24,In-Progress,Pending,,CONTR_BMC_118
PTH_2024_00283,RD_SNB_01,Senapati Bapat Marg (Mahalakshmi to Dadar West),G/S,19.00722,72.83275,4.7,3.49,Critical,Cement Concrete,Sub-grade Moisture Saturation,BMC Road Engineer Survey,2024-07-20,Resolved / Repaired,Cold Mix Polymer Asphalt,2024-07-25,CONTR_BMC_123
PTH_2024_00284,RD_MDR_01,Marine Drive / Netaji Subhash Chandra Bose Road,A,18.94376,72.81653,3.9,1.91,Moderate,Cement Concrete,Utility Trench Reinstatement Failure (MGL/MTNL/Adani),Traffic Police Notification,2024-06-01,Resolved / Repaired,Mastic Asphalt,2024-06-05,CONTR_BMC_113
PTH_2024_00285,RD_MDR_01,Marine Drive / Netaji Subhash Chandra Bose Road,A,18.9425,72.82165,4.8,0.58,Moderate,Cement Concrete,Utility Trench Reinstatement Failure (MGL/MTNL/Adani),Citizen (MyBMC App),2024-08-27,Resolved / Repaired,Cold Mix Polymer Asphalt,2024-08-30,CONTR_BMC_109
PTH_2024_00286,RD_MDR_01,Marine Drive / Netaji Subhash Chandra Bose Road,A,18.94861,72.81643,3.6,2.68,Critical,Cement Concrete,Sub-grade Moisture Saturation,Traffic Police Notification,2024-06-27,Inspected - Work Order Issued,Pending,,CONTR_BMC_105
PTH_2024_00287,RD_EFR_01,Eastern Freeway (Orange Gate to Chembur Panjrapol),M/W,19.03478,72.85963,17.5,3.02,Critical,Mastic Asphalt,Asphalt Aging & Pavement Fatigue,AI Camera / Patrol Vehicle,2024-09-07,Resolved / Repaired,Mastic Asphalt,2024-09-13,CONTR_BMC_125
PTH_2024_00288,RD_EFR_01,Eastern Freeway (Orange Gate to Chembur Panjrapol),M/W,18.95949,72.86996,7.6,2.55,Critical,Mastic Asphalt,Sub-grade Moisture Saturation,BMC Road Engineer Survey,2024-08-09,In-Progress,Pending,,CONTR_BMC_121
PTH_2024_00289,RD_EFR_01,Eastern Freeway (Orange Gate to Chembur Panjrapol),M/W,19.03095,72.87692,4.2,2.8,Critical,Mastic Asphalt,Utility Trench Reinstatement Failure (MGL/MTNL/Adani),BMC Road Engineer Survey,2024-07-17,Resolved / Repaired,Rapid Hardening Concrete,2024-07-23,CONTR_BMC_125
PTH_2024_00290,RD_EFR_01,Eastern Freeway (Orange Gate to Chembur Panjrapol),M/W,19.03322,72.87237,5.5,1.26,Moderate,Mastic Asphalt,Asphalt Aging & Pavement Fatigue,BMC Road Engineer Survey,2024-08-16,Citizen Reported,Pending,,CONTR_BMC_105
PTH_2024_00291,RD_EFR_01,Eastern Freeway (Orange Gate to Chembur Panjrapol),M/W,18.97466,72.88313,5.3,0.96,Moderate,Mastic Asphalt,Waterlogging & Bitumen Stripping,Traffic Police Notification,2024-06-22,In-Progress,Pending,,CONTR_BMC_121
PTH_2024_00292,RD_EFR_01,Eastern Freeway (Orange Gate to Chembur Panjrapol),M/W,19.00808,72.85219,12.8,1.7,Critical,Mastic Asphalt,Asphalt Aging & Pavement Fatigue,BMC Road Engineer Survey,2024-07-11,Resolved / Repaired,Mastic Asphalt,2024-07-14,CONTR_BMC_121
PTH_2024_00293,RD_EFR_01,Eastern Freeway (Orange Gate to Chembur Panjrapol),M/W,18.96605,72.88039,15.9,2.92,Critical,Mastic Asphalt,Waterlogging & Bitumen Stripping,Citizen (MyBMC App),2024-06-28,Inspected - Work Order Issued,Pending,,CONTR_BMC_118
PTH_2024_00294,RD_EFR_01,Eastern Freeway (Orange Gate to Chembur Panjrapol),M/W,19.00282,72.89016,11.1,2.59,Critical,Mastic Asphalt,Waterlogging & Bitumen Stripping,BMC Road Engineer Survey,2024-07-14,Resolved / Repaired,Rapid Hardening Concrete,2024-07-18,CONTR_BMC_103
PTH_2024_00295,RD_CST_01,Mumbai Coastal Road (Princess Street Flyover to Worli),D,18.9644,72.8151,4.7,2.93,Critical,Cement Concrete,Utility Trench Reinstatement Failure (MGL/MTNL/Adani),BMC Road Engineer Survey,2024-09-28,Citizen Reported,Pending,,CONTR_BMC_106
PTH_2024_00296,RD_LOC_001,B Ward Sector 1 Connector Road,B,18.96292,72.84467,5.7,3.04,Critical,Cement Concrete,Utility Trench Reinstatement Failure (MGL/MTNL/Adani),AI Camera / Patrol Vehicle,2024-08-23,Resolved / Repaired,Rapid Hardening Concrete,2024-08-28,CONTR_BMC_115
PTH_2024_00297,RD_LOC_001,B Ward Sector 1 Connector Road,B,18.96354,72.84333,2.9,1.12,Moderate,Cement Concrete,Waterlogging & Bitumen Stripping,Traffic Police Notification,2024-07-03,Resolved / Repaired,Mastic Asphalt,2024-07-05,CONTR_BMC_109
PTH_2024_00298,RD_LOC_001,B Ward Sector 1 Connector Road,B,18.96395,72.8429,4.5,3.4,Critical,Cement Concrete,Utility Trench Reinstatement Failure (MGL/MTNL/Adani),BMC Road Engineer Survey,2024-06-20,Inspected - Work Order Issued,Pending,,CONTR_BMC_119
PTH_2024_00299,RD_LOC_002,H/E Ward Sector 2 Connector Road,H/E,19.07511,72.84263,12.1,3.48,Critical,Bituminous Asphalt,Asphalt Aging & Pavement Fatigue,AI Camera / Patrol Vehicle,2024-09-05,In-Progress,Pending,,CONTR_BMC_113
PTH_2024_00300,RD_LOC_002,H/E Ward Sector 2 Connector Road,H/E,19.07544,72.84738,4.4,3.05,Critical,Bituminous Asphalt,Utility Trench Reinstatement Failure (MGL/MTNL/Adani),AI Camera / Patrol Vehicle,2024-09-25,Resolved / Repaired,Rapid Hardening Concrete,2024-09-27,CONTR_BMC_115
PTH_2024_00301,RD_LOC_002,H/E Ward Sector 2 Connector Road,H/E,19.07648,72.84926,13.4,2.89,Critical,Bituminous Asphalt,Sub-grade Moisture Saturation,Traffic Police Notification,2024-07-02,Citizen Reported,Pending,,CONTR_BMC_119
PTH_2024_00302,RD_LOC_002,H/E Ward Sector 2 Connector Road,H/E,19.07731,72.84651,17.7,1.04,Critical,Bituminous Asphalt,Heavy Axle Commercial Vehicle Load,Traffic Police Notification,2024-09-17,Resolved / Repaired,Rapid Hardening Concrete,2024-09-22,CONTR_BMC_110
PTH_2024_00303,RD_LOC_002,H/E Ward Sector 2 Connector Road,H/E,19.07545,72.84833,9.3,2.21,Critical,Bituminous Asphalt,Waterlogging & Bitumen Stripping,Citizen (MyBMC App),2024-06-19,Resolved / Repaired,Cold Mix Polymer Asphalt,2024-06-25,CONTR_BMC_120
PTH_2024_00304,RD_LOC_002,H/E Ward Sector 2 Connector Road,H/E,19.07277,72.84899,14.3,3.49,Critical,Bituminous Asphalt,Waterlogging & Bitumen Stripping,BMC Road Engineer Survey,2024-07-05,Resolved / Repaired,Cold Mix Polymer Asphalt,2024-07-06,CONTR_BMC_119
PTH_2024_00305,RD_LOC_002,H/E Ward Sector 2 Connector Road,H/E,19.07306,72.84786,12.8,2.78,Critical,Bituminous Asphalt,Asphalt Aging & Pavement Fatigue,Citizen (MyBMC App),2024-06-16,Inspected - Work Order Issued,Pending,,CONTR_BMC_110
PTH_2024_00306,RD_LOC_002,H/E Ward Sector 2 Connector Road,H/E,19.06966,72.84963,15.3,2.65,Critical,Bituminous Asphalt,Waterlogging & Bitumen Stripping,Citizen (MyBMC App),2024-06-24,Resolved / Repaired,Rapid Hardening Concrete,2024-06-25,CONTR_BMC_124
PTH_2024_00307,RD_LOC_002,H/E Ward Sector 2 Connector Road,H/E,19.06885,72.84569,5.5,1.27,Moderate,Bituminous Asphalt,Heavy Axle Commercial Vehicle Load,Traffic Police Notification,2024-06-05,Resolved / Repaired,Mastic Asphalt,2024-06-10,CONTR_BMC_115
PTH_2024_00308,RD_LOC_002,H/E Ward Sector 2 Connector Road,H/E,19.07209,72.84493,16.1,3.32,Critical,Bituminous Asphalt,Asphalt Aging & Pavement Fatigue,AI Camera / Patrol Vehicle,2024-09-13,Resolved / Repaired,Rapid Hardening Concrete,2024-09-16,CONTR_BMC_115
PTH_2024_00309,RD_LOC_003,S Ward Sector 3 Connector Road,S,19.15319,72.94255,5.7,2.18,Critical,Cement Concrete,Asphalt Aging & Pavement Fatigue,Traffic Police Notification,2024-07-15,Resolved / Repaired,Hot Mix Bituminous Concrete,2024-07-21,CONTR_BMC_108
PTH_2024_00310,RD_LOC_003,S Ward Sector 3 Connector Road,S,19.15271,72.94254,4.4,1.08,Moderate,Cement Concrete,Asphalt Aging & Pavement Fatigue,BMC Road Engineer Survey,2024-07-20,Inspected - Work Order Issued,Pending,,CONTR_BMC_101
PTH_2024_00311,RD_LOC_003,S Ward Sector 3 Connector Road,S,19.15323,72.94622,5.3,0.56,Moderate,Cement Concrete,Waterlogging & Bitumen Stripping,Citizen (MyBMC App),2024-07-01,Citizen Reported,Pending,,CONTR_BMC_108
PTH_2024_00312,RD_LOC_004,K/E Ward Sector 4 Connector Road,K/E,19.11126,72.88562,5.2,2.45,Critical,Bituminous Asphalt,Heavy Axle Commercial Vehicle Load,AI Camera / Patrol Vehicle,2024-06-05,Inspected - Work Order Issued,Pending,,CONTR_BMC_116
PTH_2024_00313,RD_LOC_004,K/E Ward Sector 4 Connector Road,K/E,19.11003,72.88812,5.4,2.19,Critical,Bituminous Asphalt,Heavy Axle Commercial Vehicle Load,AI Camera / Patrol Vehicle,2024-09-05,Resolved / Repaired,Rapid Hardening Concrete,2024-09-08,CONTR_BMC_118
PTH_2024_00314,RD_LOC_004,K/E Ward Sector 4 Connector Road,K/E,19.10664,72.88699,7.1,1.72,High,Bituminous Asphalt,Heavy Axle Commercial Vehicle Load,Citizen (MyBMC App),2024-07-12,Resolved / Repaired,Cold Mix Polymer Asphalt,2024-07-18,CONTR_BMC_120
PTH_2024_00315,RD_LOC_004,K/E Ward Sector 4 Connector Road,K/E,19.10637,72.88039,17.1,2.36,Critical,Bituminous Asphalt,Waterlogging & Bitumen Stripping,BMC Road Engineer Survey,2024-09-26,Citizen Reported,Pending,,CONTR_BMC_119
PTH_2024_00316,RD_LOC_004,K/E Ward Sector 4 Connector Road,K/E,19.10852,72.8824,6.4,1.57,Moderate,Bituminous Asphalt,Asphalt Aging & Pavement Fatigue,AI Camera / Patrol Vehicle,2024-08-27,Inspected - Work Order Issued,Pending,,CONTR_BMC_107
PTH_2024_00317,RD_LOC_004,K/E Ward Sector 4 Connector Road,K/E,19.10902,72.88221,8.7,1.55,High,Bituminous Asphalt,Sub-grade Moisture Saturation,Citizen (MyBMC App),2024-06-03,Resolved / Repaired,Rapid Hardening Concrete,2024-06-04,CONTR_BMC_101
PTH_2024_00318,RD_LOC_004,K/E Ward Sector 4 Connector Road,K/E,19.11093,72.88029,9.7,1.74,High,Bituminous Asphalt,Heavy Axle Commercial Vehicle Load,Traffic Police Notification,2024-08-02,Resolved / Repaired,Rapid Hardening Concrete,2024-08-07,CONTR_BMC_117
PTH_2024_00319,RD_LOC_004,K/E Ward Sector 4 Connector Road,K/E,19.11002,72.88487,7.9,1.41,High,Bituminous Asphalt,Waterlogging & Bitumen Stripping,AI Camera / Patrol Vehicle,2024-09-23,Inspected - Work Order Issued,Pending,,CONTR_BMC_114
PTH_2024_00320,RD_LOC_005,C Ward Sector 5 Connector Road,C,18.93219,72.80762,2.6,1.04,Moderate,Cement Concrete,Utility Trench Reinstatement Failure (MGL/MTNL/Adani),BMC Road Engineer Survey,2024-09-05,Resolved / Repaired,Cold Mix Polymer Asphalt,2024-09-08,CONTR_BMC_121
PTH_2024_00321,RD_LOC_006,R/S Ward Sector 6 Connector Road,R/S,19.19105,72.86547,9.2,1.97,High,Bituminous Asphalt,Asphalt Aging & Pavement Fatigue,Citizen (MyBMC App),2024-09-15,In-Progress,Pending,,CONTR_BMC_111
PTH_2024_00322,RD_LOC_006,R/S Ward Sector 6 Connector Road,R/S,19.19626,72.86582,7.7,2.47,Critical,Bituminous Asphalt,Heavy Axle Commercial Vehicle Load,Traffic Police Notification,2024-08-23,Resolved / Repaired,Hot Mix Bituminous Concrete,2024-08-28,CONTR_BMC_106
PTH_2024_00323,RD_LOC_006,R/S Ward Sector 6 Connector Road,R/S,19.19355,72.86572,16.5,1.36,Critical,Bituminous Asphalt,Utility Trench Reinstatement Failure (MGL/MTNL/Adani),AI Camera / Patrol Vehicle,2024-07-17,Resolved / Repaired,Hot Mix Bituminous Concrete,2024-07-18,CONTR_BMC_113
PTH_2024_00324,RD_LOC_006,R/S Ward Sector 6 Connector Road,R/S,19.1879,72.8655,9.0,2.37,Critical,Bituminous Asphalt,Waterlogging & Bitumen Stripping,Citizen (MyBMC App),2024-09-22,In-Progress,Pending,,CONTR_BMC_109
PTH_2024_00325,RD_LOC_006,R/S Ward Sector 6 Connector Road,R/S,19.1966,72.86574,10.7,2.19,Critical,Bituminous Asphalt,Waterlogging & Bitumen Stripping,Citizen (MyBMC App),2024-08-23,Resolved / Repaired,Mastic Asphalt,2024-08-24,CONTR_BMC_102
PTH_2024_00326,RD_LOC_006,R/S Ward Sector 6 Connector Road,R/S,19.19415,72.86561,8.2,2.9,Critical,Bituminous Asphalt,Utility Trench Reinstatement Failure (MGL/MTNL/Adani),BMC Road Engineer Survey,2024-06-16,Resolved / Repaired,Hot Mix Bituminous Concrete,2024-06-18,CONTR_BMC_108
PTH_2024_00327,RD_LOC_006,R/S Ward Sector 6 Connector Road,R/S,19.1921,72.86561,14.8,2.78,Critical,Bituminous Asphalt,Heavy Axle Commercial Vehicle Load,AI Camera / Patrol Vehicle,2024-09-06,Inspected - Work Order Issued,Pending,,CONTR_BMC_110
PTH_2024_00328,RD_LOC_006,R/S Ward Sector 6 Connector Road,R/S,19.18861,72.86583,10.3,2.37,Critical,Bituminous Asphalt,Heavy Axle Commercial Vehicle Load,Citizen (MyBMC App),2024-08-24,Resolved / Repaired,Mastic Asphalt,2024-08-26,CONTR_BMC_123
PTH_2024_00329,RD_LOC_006,R/S Ward Sector 6 Connector Road,R/S,19.18717,72.8659,13.5,0.87,Critical,Bituminous Asphalt,Waterlogging & Bitumen Stripping,Citizen (MyBMC App),2024-06-12,Resolved / Repaired,Cold Mix Polymer Asphalt,2024-06-16,CONTR_BMC_102
PTH_2024_00330,RD_LOC_006,R/S Ward Sector 6 Connector Road,R/S,19.19229,72.86576,14.6,1.78,Critical,Bituminous Asphalt,Utility Trench Reinstatement Failure (MGL/MTNL/Adani),AI Camera / Patrol Vehicle,2024-08-14,Resolved / Repaired,Mastic Asphalt,2024-08-15,CONTR_BMC_118
PTH_2024_00331,RD_LOC_007,N Ward Sector 7 Connector Road,N,19.08209,72.91012,15.9,3.13,Critical,Bituminous Asphalt,Asphalt Aging & Pavement Fatigue,Traffic Police Notification,2024-08-04,Resolved / Repaired,Cold Mix Polymer Asphalt,2024-08-08,CONTR_BMC_122
PTH_2024_00332,RD_LOC_007,N Ward Sector 7 Connector Road,N,19.0803,72.91164,17.3,0.93,Critical,Bituminous Asphalt,Sub-grade Moisture Saturation,BMC Road Engineer Survey,2024-07-27,Resolved / Repaired,Hot Mix Bituminous Concrete,2024-08-02,CONTR_BMC_114
PTH_2024_00333,RD_LOC_007,N Ward Sector 7 Connector Road,N,19.07933,72.90808,12.2,2.04,Critical,Bituminous Asphalt,Sub-grade Moisture Saturation,AI Camera / Patrol Vehicle,2024-06-27,Resolved / Repaired,Cold Mix Polymer Asphalt,2024-07-03,CONTR_BMC_118
PTH_2024_00334,RD_LOC_007,N Ward Sector 7 Connector Road,N,19.07434,72.91377,7.0,1.49,Moderate,Bituminous Asphalt,Utility Trench Reinstatement Failure (MGL/MTNL/Adani),Citizen (MyBMC App),2024-09-08,Resolved / Repaired,Mastic Asphalt,2024-09-13,CONTR_BMC_103
PTH_2024_00335,RD_LOC_007,N Ward Sector 7 Connector Road,N,19.08319,72.91061,9.2,1.82,High,Bituminous Asphalt,Sub-grade Moisture Saturation,Traffic Police Notification,2024-07-22,Resolved / Repaired,Rapid Hardening Concrete,2024-07-25,CONTR_BMC_122
PTH_2024_00336,RD_LOC_007,N Ward Sector 7 Connector Road,N,19.08486,72.90932,4.5,1.78,Moderate,Bituminous Asphalt,Utility Trench Reinstatement Failure (MGL/MTNL/Adani),AI Camera / Patrol Vehicle,2024-07-19,Resolved / Repaired,Mastic Asphalt,2024-07-22,CONTR_BMC_112
PTH_2024_00337,RD_LOC_007,N Ward Sector 7 Connector Road,N,19.08408,72.91391,7.4,3.05,Critical,Bituminous Asphalt,Utility Trench Reinstatement Failure (MGL/MTNL/Adani),Traffic Police Notification,2024-06-12,Resolved / Repaired,Rapid Hardening Concrete,2024-06-15,CONTR_BMC_111
PTH_2024_00338,RD_LOC_007,N Ward Sector 7 Connector Road,N,19.07562,72.90851,14.2,0.64,Critical,Bituminous Asphalt,Utility Trench Reinstatement Failure (MGL/MTNL/Adani),BMC Road Engineer Survey,2024-09-05,Inspected - Work Order Issued,Pending,,CONTR_BMC_117
PTH_2024_00339,RD_LOC_007,N Ward Sector 7 Connector Road,N,19.07728,72.90878,5.0,2.74,Critical,Bituminous Asphalt,Utility Trench Reinstatement Failure (MGL/MTNL/Adani),Traffic Police Notification,2024-06-10,Resolved / Repaired,Hot Mix Bituminous Concrete,2024-06-13,CONTR_BMC_124
PTH_2024_00340,RD_LOC_007,N Ward Sector 7 Connector Road,N,19.08137,72.90819,7.6,3.47,Critical,Bituminous Asphalt,Asphalt Aging & Pavement Fatigue,Traffic Police Notification,2024-07-11,In-Progress,Pending,,CONTR_BMC_105
PTH_2024_00341,RD_LOC_007,N Ward Sector 7 Connector Road,N,19.08101,72.91019,12.9,1.79,Critical,Bituminous Asphalt,Waterlogging & Bitumen Stripping,Traffic Police Notification,2024-09-24,Citizen Reported,Pending,,CONTR_BMC_110
PTH_2024_00342,RD_LOC_007,N Ward Sector 7 Connector Road,N,19.07656,72.91295,11.5,3.0,Critical,Bituminous Asphalt,Heavy Axle Commercial Vehicle Load,Citizen (MyBMC App),2024-08-18,Resolved / Repaired,Rapid Hardening Concrete,2024-08-22,CONTR_BMC_105
PTH_2024_00343,RD_LOC_007,N Ward Sector 7 Connector Road,N,19.07714,72.91105,8.2,2.47,Critical,Bituminous Asphalt,Sub-grade Moisture Saturation,BMC Road Engineer Survey,2024-08-08,Inspected - Work Order Issued,Pending,,CONTR_BMC_125
PTH_2024_00344,RD_LOC_007,N Ward Sector 7 Connector Road,N,19.0783,72.91159,8.5,3.28,Critical,Bituminous Asphalt,Heavy Axle Commercial Vehicle Load,Citizen (MyBMC App),2024-08-12,In-Progress,Pending,,CONTR_BMC_120
PTH_2024_00345,RD_LOC_007,N Ward Sector 7 Connector Road,N,19.07954,72.91276,14.0,1.71,Critical,Bituminous Asphalt,Utility Trench Reinstatement Failure (MGL/MTNL/Adani),Citizen (MyBMC App),2024-06-26,Resolved / Repaired,Cold Mix Polymer Asphalt,2024-06-28,CONTR_BMC_108
PTH_2024_00346,RD_LOC_007,N Ward Sector 7 Connector Road,N,19.07588,72.91284,11.0,2.67,Critical,Bituminous Asphalt,Utility Trench Reinstatement Failure (MGL/MTNL/Adani),BMC Road Engineer Survey,2024-08-08,Resolved / Repaired,Cold Mix Polymer Asphalt,2024-08-10,CONTR_BMC_122
PTH_2024_00347,RD_LOC_008,R/N Ward Sector 8 Connector Road,R/N,19.26974,72.86823,4.1,2.65,Critical,Cement Concrete,Asphalt Aging & Pavement Fatigue,Traffic Police Notification,2024-09-06,Inspected - Work Order Issued,Pending,,CONTR_BMC_104
PTH_2024_00348,RD_LOC_008,R/N Ward Sector 8 Connector Road,R/N,19.27234,72.86423,2.9,1.56,Moderate,Cement Concrete,Waterlogging & Bitumen Stripping,AI Camera / Patrol Vehicle,2024-08-22,Inspected - Work Order Issued,Pending,,CONTR_BMC_108
PTH_2024_00349,RD_LOC_009,F/S Ward Sector 9 Connector Road,F/S,18.99893,72.84229,11.2,2.43,Critical,Bituminous Asphalt,Utility Trench Reinstatement Failure (MGL/MTNL/Adani),BMC Road Engineer Survey,2024-08-12,Resolved / Repaired,Rapid Hardening Concrete,2024-08-15,CONTR_BMC_102
PTH_2024_00350,RD_LOC_009,F/S Ward Sector 9 Connector Road,F/S,18.9995,72.84083,17.5,2.83,Critical,Bituminous Asphalt,Waterlogging & Bitumen Stripping,Citizen (MyBMC App),2024-09-15,Inspected - Work Order Issued,Pending,,CONTR_BMC_111
PTH_2024_00351,RD_LOC_009,F/S Ward Sector 9 Connector Road,F/S,19.00059,72.84137,14.0,1.09,Critical,Bituminous Asphalt,Waterlogging & Bitumen Stripping,Citizen (MyBMC App),2024-09-18,Citizen Reported,Pending,,CONTR_BMC_107
PTH_2024_00352,RD_LOC_009,F/S Ward Sector 9 Connector Road,F/S,18.99895,72.84012,13.6,0.5,Critical,Bituminous Asphalt,Sub-grade Moisture Saturation,Traffic Police Notification,2024-09-21,Inspected - Work Order Issued,Pending,,CONTR_BMC_107
PTH_2024_00353,RD_LOC_009,F/S Ward Sector 9 Connector Road,F/S,19.0003,72.84177,10.1,0.87,High,Bituminous Asphalt,Utility Trench Reinstatement Failure (MGL/MTNL/Adani),AI Camera / Patrol Vehicle,2024-08-10,Citizen Reported,Pending,,CONTR_BMC_119
PTH_2024_00354,RD_LOC_009,F/S Ward Sector 9 Connector Road,F/S,19.00098,72.84186,16.4,0.66,Critical,Bituminous Asphalt,Waterlogging & Bitumen Stripping,BMC Road Engineer Survey,2024-08-21,Resolved / Repaired,Rapid Hardening Concrete,2024-08-25,CONTR_BMC_116
PTH_2024_00355,RD_LOC_009,F/S Ward Sector 9 Connector Road,F/S,19.00086,72.8423,16.1,1.09,Critical,Bituminous Asphalt,Sub-grade Moisture Saturation,Citizen (MyBMC App),2024-06-16,Resolved / Repaired,Mastic Asphalt,2024-06-19,CONTR_BMC_110
PTH_2024_00356,RD_LOC_009,F/S Ward Sector 9 Connector Road,F/S,19.00031,72.8397,14.6,1.94,Critical,Bituminous Asphalt,Waterlogging & Bitumen Stripping,BMC Road Engineer Survey,2024-07-12,Resolved / Repaired,Hot Mix Bituminous Concrete,2024-07-18,CONTR_BMC_101
PTH_2024_00357,RD_LOC_009,F/S Ward Sector 9 Connector Road,F/S,18.99888,72.84253,9.1,3.31,Critical,Bituminous Asphalt,Utility Trench Reinstatement Failure (MGL/MTNL/Adani),AI Camera / Patrol Vehicle,2024-07-14,Resolved / Repaired,Hot Mix Bituminous Concrete,2024-07-19,CONTR_BMC_108
PTH_2024_00358,RD_LOC_009,F/S Ward Sector 9 Connector Road,F/S,18.99879,72.84129,10.8,2.45,Critical,Bituminous Asphalt,Sub-grade Moisture Saturation,Traffic Police Notification,2024-08-20,Citizen Reported,Pending,,CONTR_BMC_122
PTH_2024_00359,RD_LOC_010,S Ward Sector 10 Connector Road,S,19.12573,72.92293,8.5,2.43,Critical,Bituminous Asphalt,Sub-grade Moisture Saturation,Traffic Police Notification,2024-07-22,Resolved / Repaired,Rapid Hardening Concrete,2024-07-28,CONTR_BMC_123
PTH_2024_00360,RD_LOC_010,S Ward Sector 10 Connector Road,S,19.12539,72.92262,17.4,0.56,Critical,Bituminous Asphalt,Waterlogging & Bitumen Stripping,BMC Road Engineer Survey,2024-07-15,Resolved / Repaired,Hot Mix Bituminous Concrete,2024-07-21,CONTR_BMC_108
PTH_2024_00361,RD_LOC_010,S Ward Sector 10 Connector Road,S,19.12734,72.92094,13.5,1.98,Critical,Bituminous Asphalt,Waterlogging & Bitumen Stripping,BMC Road Engineer Survey,2024-08-20,Resolved / Repaired,Rapid Hardening Concrete,2024-08-25,CONTR_BMC_113
PTH_2024_00362,RD_LOC_010,S Ward Sector 10 Connector Road,S,19.12416,72.92303,6.8,2.12,Critical,Bituminous Asphalt,Utility Trench Reinstatement Failure (MGL/MTNL/Adani),Citizen (MyBMC App),2024-07-08,Resolved / Repaired,Mastic Asphalt,2024-07-12,CONTR_BMC_105
PTH_2024_00363,RD_LOC_010,S Ward Sector 10 Connector Road,S,19.1257,72.92526,11.7,2.68,Critical,Bituminous Asphalt,Utility Trench Reinstatement Failure (MGL/MTNL/Adani),AI Camera / Patrol Vehicle,2024-09-20,Resolved / Repaired,Hot Mix Bituminous Concrete,2024-09-25,CONTR_BMC_119
PTH_2024_00364,RD_LOC_010,S Ward Sector 10 Connector Road,S,19.12429,72.92521,6.2,3.19,Critical,Bituminous Asphalt,Utility Trench Reinstatement Failure (MGL/MTNL/Adani),AI Camera / Patrol Vehicle,2024-09-03,Inspected - Work Order Issued,Pending,,CONTR_BMC_120
PTH_2024_00365,RD_LOC_010,S Ward Sector 10 Connector Road,S,19.12639,72.91932,11.9,1.75,High,Bituminous Asphalt,Heavy Axle Commercial Vehicle Load,BMC Road Engineer Survey,2024-06-02,Resolved / Repaired,Mastic Asphalt,2024-06-04,CONTR_BMC_101
PTH_2024_00366,RD_LOC_010,S Ward Sector 10 Connector Road,S,19.12693,72.92377,10.2,3.21,Critical,Bituminous Asphalt,Heavy Axle Commercial Vehicle Load,Citizen (MyBMC App),2024-06-01,Inspected - Work Order Issued,Pending,,CONTR_BMC_105
PTH_2024_00367,RD_LOC_010,S Ward Sector 10 Connector Road,S,19.12532,72.92094,8.8,2.14,Critical,Bituminous Asphalt,Utility Trench Reinstatement Failure (MGL/MTNL/Adani),AI Camera / Patrol Vehicle,2024-09-10,In-Progress,Pending,,CONTR_BMC_117
PTH_2024_00368,RD_LOC_010,S Ward Sector 10 Connector Road,S,19.12718,72.92133,6.6,2.3,Critical,Bituminous Asphalt,Utility Trench Reinstatement Failure (MGL/MTNL/Adani),Traffic Police Notification,2024-07-11,Resolved / Repaired,Hot Mix Bituminous Concrete,2024-07-16,CONTR_BMC_117
PTH_2024_00369,RD_LOC_010,S Ward Sector 10 Connector Road,S,19.1255,72.924,13.0,1.96,Critical,Bituminous Asphalt,Waterlogging & Bitumen Stripping,BMC Road Engineer Survey,2024-09-08,In-Progress,Pending,,CONTR_BMC_124
PTH_2024_00370,RD_LOC_010,S Ward Sector 10 Connector Road,S,19.12708,72.92222,16.7,2.43,Critical,Bituminous Asphalt,Sub-grade Moisture Saturation,BMC Road Engineer Survey,2024-06-25,In-Progress,Pending,,CONTR_BMC_111
PTH_2024_00371,RD_LOC_010,S Ward Sector 10 Connector Road,S,19.12442,72.92302,11.9,1.8,High,Bituminous Asphalt,Utility Trench Reinstatement Failure (MGL/MTNL/Adani),BMC Road Engineer Survey,2024-06-10,Resolved / Repaired,Hot Mix Bituminous Concrete,2024-06-14,CONTR_BMC_113
PTH_2024_00372,RD_LOC_010,S Ward Sector 10 Connector Road,S,19.12449,72.91956,11.7,1.73,High,Bituminous Asphalt,Sub-grade Moisture Saturation,Traffic Police Notification,2024-09-25,Resolved / Repaired,Rapid Hardening Concrete,2024-09-28,CONTR_BMC_112
PTH_2024_00373,RD_LOC_010,S Ward Sector 10 Connector Road,S,19.12446,72.92446,11.7,1.76,High,Bituminous Asphalt,Waterlogging & Bitumen Stripping,Citizen (MyBMC App),2024-07-20,Resolved / Repaired,Mastic Asphalt,2024-07-21,CONTR_BMC_122
PTH_2024_00374,RD_LOC_010,S Ward Sector 10 Connector Road,S,19.12525,72.9195,4.6,0.33,Moderate,Bituminous Asphalt,Asphalt Aging & Pavement Fatigue,AI Camera / Patrol Vehicle,2024-08-20,Inspected - Work Order Issued,Pending,,CONTR_BMC_118
PTH_2024_00375,RD_LOC_010,S Ward Sector 10 Connector Road,S,19.12437,72.9246,10.7,1.52,High,Bituminous Asphalt,Asphalt Aging & Pavement Fatigue,Citizen (MyBMC App),2024-08-01,Resolved / Repaired,Rapid Hardening Concrete,2024-08-02,CONTR_BMC_120
PTH_2024_00376,RD_LOC_010,S Ward Sector 10 Connector Road,S,19.12621,72.92514,10.2,2.57,Critical,Bituminous Asphalt,Asphalt Aging & Pavement Fatigue,Traffic Police Notification,2024-07-28,Inspected - Work Order Issued,Pending,,CONTR_BMC_106
PTH_2024_00377,RD_LOC_010,S Ward Sector 10 Connector Road,S,19.12483,72.92511,17.5,0.87,Critical,Bituminous Asphalt,Asphalt Aging & Pavement Fatigue,AI Camera / Patrol Vehicle,2024-07-03,Resolved / Repaired,Hot Mix Bituminous Concrete,2024-07-07,CONTR_BMC_104
PTH_2024_00378,RD_LOC_010,S Ward Sector 10 Connector Road,S,19.1239,72.92188,8.4,0.79,High,Bituminous Asphalt,Asphalt Aging & Pavement Fatigue,Citizen (MyBMC App),2024-08-21,In-Progress,Pending,,CONTR_BMC_124
PTH_2024_00379,RD_LOC_010,S Ward Sector 10 Connector Road,S,19.12539,72.92369,16.7,2.65,Critical,Bituminous Asphalt,Sub-grade Moisture Saturation,Traffic Police Notification,2024-08-15,Resolved / Repaired,Cold Mix Polymer Asphalt,2024-08-19,CONTR_BMC_101
PTH_2024_00380,RD_LOC_011,F/S Ward Sector 11 Connector Road,F/S,19.0005,72.83451,7.3,1.46,High,Mastic Asphalt,Utility Trench Reinstatement Failure (MGL/MTNL/Adani),Traffic Police Notification,2024-09-25,Resolved / Repaired,Rapid Hardening Concrete,2024-09-28,CONTR_BMC_107
PTH_2024_00381,RD_LOC_011,F/S Ward Sector 11 Connector Road,F/S,19.00038,72.83508,7.4,0.46,High,Mastic Asphalt,Asphalt Aging & Pavement Fatigue,AI Camera / Patrol Vehicle,2024-08-25,Resolved / Repaired,Mastic Asphalt,2024-08-29,CONTR_BMC_113
PTH_2024_00382,RD_LOC_011,F/S Ward Sector 11 Connector Road,F/S,19.00033,72.83413,16.0,1.95,Critical,Mastic Asphalt,Asphalt Aging & Pavement Fatigue,Citizen (MyBMC App),2024-06-12,Resolved / Repaired,Mastic Asphalt,2024-06-16,CONTR_BMC_114
PTH_2024_00383,RD_LOC_011,F/S Ward Sector 11 Connector Road,F/S,19.00023,72.83402,5.0,2.92,Critical,Mastic Asphalt,Waterlogging & Bitumen Stripping,Citizen (MyBMC App),2024-07-25,Resolved / Repaired,Cold Mix Polymer Asphalt,2024-07-28,CONTR_BMC_124
PTH_2024_00384,RD_LOC_011,F/S Ward Sector 11 Connector Road,F/S,19.00051,72.83448,12.8,0.96,Critical,Mastic Asphalt,Waterlogging & Bitumen Stripping,BMC Road Engineer Survey,2024-06-06,In-Progress,Pending,,CONTR_BMC_117
PTH_2024_00385,RD_LOC_011,F/S Ward Sector 11 Connector Road,F/S,19.00039,72.83468,7.4,1.16,High,Mastic Asphalt,Asphalt Aging & Pavement Fatigue,AI Camera / Patrol Vehicle,2024-08-28,In-Progress,Pending,,CONTR_BMC_106
PTH_2024_00386,RD_LOC_011,F/S Ward Sector 11 Connector Road,F/S,19.00032,72.83487,8.0,1.6,High,Mastic Asphalt,Utility Trench Reinstatement Failure (MGL/MTNL/Adani),AI Camera / Patrol Vehicle,2024-09-02,Resolved / Repaired,Rapid Hardening Concrete,2024-09-04,CONTR_BMC_121
PTH_2024_00387,RD_LOC_011,F/S Ward Sector 11 Connector Road,F/S,19.00042,72.83484,13.7,2.86,Critical,Mastic Asphalt,Sub-grade Moisture Saturation,Citizen (MyBMC App),2024-07-04,In-Progress,Pending,,CONTR_BMC_125
PTH_2024_00388,RD_LOC_011,F/S Ward Sector 11 Connector Road,F/S,19.00047,72.83466,8.0,2.99,Critical,Mastic Asphalt,Heavy Axle Commercial Vehicle Load,Traffic Police Notification,2024-09-01,Resolved / Repaired,Rapid Hardening Concrete,2024-09-06,CONTR_BMC_108
PTH_2024_00389,RD_LOC_011,F/S Ward Sector 11 Connector Road,F/S,19.00045,72.83501,16.5,3.05,Critical,Mastic Asphalt,Sub-grade Moisture Saturation,Citizen (MyBMC App),2024-08-12,Resolved / Repaired,Mastic Asphalt,2024-08-14,CONTR_BMC_103
PTH_2024_00390,RD_LOC_011,F/S Ward Sector 11 Connector Road,F/S,19.00026,72.83477,13.6,3.29,Critical,Mastic Asphalt,Sub-grade Moisture Saturation,Citizen (MyBMC App),2024-08-28,Inspected - Work Order Issued,Pending,,CONTR_BMC_125
PTH_2024_00391,RD_LOC_011,F/S Ward Sector 11 Connector Road,F/S,19.00049,72.83306,11.1,2.08,Critical,Mastic Asphalt,Asphalt Aging & Pavement Fatigue,Citizen (MyBMC App),2024-09-11,Citizen Reported,Pending,,CONTR_BMC_110
PTH_2024_00392,RD_LOC_011,F/S Ward Sector 11 Connector Road,F/S,19.0004,72.83507,9.7,1.25,High,Mastic Asphalt,Asphalt Aging & Pavement Fatigue,AI Camera / Patrol Vehicle,2024-07-20,Resolved / Repaired,Rapid Hardening Concrete,2024-07-22,CONTR_BMC_102
PTH_2024_00393,RD_LOC_011,F/S Ward Sector 11 Connector Road,F/S,19.00037,72.83379,17.4,1.01,Critical,Mastic Asphalt,Utility Trench Reinstatement Failure (MGL/MTNL/Adani),Traffic Police Notification,2024-08-18,In-Progress,Pending,,CONTR_BMC_121
PTH_2024_00394,RD_LOC_011,F/S Ward Sector 11 Connector Road,F/S,19.00052,72.83441,10.6,2.55,Critical,Mastic Asphalt,Heavy Axle Commercial Vehicle Load,BMC Road Engineer Survey,2024-09-07,Resolved / Repaired,Mastic Asphalt,2024-09-11,CONTR_BMC_122
PTH_2024_00395,RD_LOC_011,F/S Ward Sector 11 Connector Road,F/S,19.00045,72.8338,8.0,0.84,High,Mastic Asphalt,Waterlogging & Bitumen Stripping,Citizen (MyBMC App),2024-08-15,Resolved / Repaired,Mastic Asphalt,2024-08-19,CONTR_BMC_125
PTH_2024_00396,RD_LOC_011,F/S Ward Sector 11 Connector Road,F/S,19.00038,72.8341,16.6,0.67,Critical,Mastic Asphalt,Heavy Axle Commercial Vehicle Load,Traffic Police Notification,2024-06-28,In-Progress,Pending,,CONTR_BMC_117
PTH_2024_00397,RD_LOC_011,F/S Ward Sector 11 Connector Road,F/S,19.00046,72.83307,5.6,1.61,Moderate,Mastic Asphalt,Asphalt Aging & Pavement Fatigue,BMC Road Engineer Survey,2024-09-22,Resolved / Repaired,Rapid Hardening Concrete,2024-09-26,CONTR_BMC_103
PTH_2024_00398,RD_LOC_011,F/S Ward Sector 11 Connector Road,F/S,19.00039,72.83416,8.0,0.34,High,Mastic Asphalt,Waterlogging & Bitumen Stripping,Traffic Police Notification,2024-06-18,Resolved / Repaired,Rapid Hardening Concrete,2024-06-22,CONTR_BMC_120
PTH_2024_00399,RD_LOC_011,F/S Ward Sector 11 Connector Road,F/S,19.0003,72.83508,11.2,0.33,High,Mastic Asphalt,Asphalt Aging & Pavement Fatigue,Citizen (MyBMC App),2024-08-08,In-Progress,Pending,,CONTR_BMC_125
PTH_2024_00400,RD_LOC_011,F/S Ward Sector 11 Connector Road,F/S,19.00052,72.83382,16.6,0.47,Critical,Mastic Asphalt,Heavy Axle Commercial Vehicle Load,Citizen (MyBMC App),2024-08-12,Citizen Reported,Pending,,CONTR_BMC_117
PTH_2024_00401,RD_LOC_012,R/S Ward Sector 12 Connector Road,R/S,19.19622,72.87869,10.6,0.87,High,Mastic Asphalt,Sub-grade Moisture Saturation,BMC Road Engineer Survey,2024-09-05,Resolved / Repaired,Cold Mix Polymer Asphalt,2024-09-10,CONTR_BMC_113
PTH_2024_00402,RD_LOC_012,R/S Ward Sector 12 Connector Road,R/S,19.19913,72.88019,10.2,2.66,Critical,Mastic Asphalt,Waterlogging & Bitumen Stripping,AI Camera / Patrol Vehicle,2024-07-24,Resolved / Repaired,Cold Mix Polymer Asphalt,2024-07-26,CONTR_BMC_119
PTH_2024_00403,RD_LOC_012,R/S Ward Sector 12 Connector Road,R/S,19.19926,72.87686,15.4,2.88,Critical,Mastic Asphalt,Heavy Axle Commercial Vehicle Load,AI Camera / Patrol Vehicle,2024-09-26,Inspected - Work Order Issued,Pending,,CONTR_BMC_125
PTH_2024_00404,RD_LOC_012,R/S Ward Sector 12 Connector Road,R/S,19.20077,72.87646,11.7,3.43,Critical,Mastic Asphalt,Utility Trench Reinstatement Failure (MGL/MTNL/Adani),Citizen (MyBMC App),2024-07-24,In-Progress,Pending,,CONTR_BMC_108
PTH_2024_00405,RD_LOC_012,R/S Ward Sector 12 Connector Road,R/S,19.19911,72.87671,14.1,2.46,Critical,Mastic Asphalt,Asphalt Aging & Pavement Fatigue,AI Camera / Patrol Vehicle,2024-09-07,Resolved / Repaired,Cold Mix Polymer Asphalt,2024-09-09,CONTR_BMC_124
PTH_2024_00406,RD_LOC_012,R/S Ward Sector 12 Connector Road,R/S,19.19591,72.87662,17.2,2.3,Critical,Mastic Asphalt,Heavy Axle Commercial Vehicle Load,BMC Road Engineer Survey,2024-06-19,In-Progress,Pending,,CONTR_BMC_117
PTH_2024_00407,RD_LOC_012,R/S Ward Sector 12 Connector Road,R/S,19.19827,72.87739,8.9,2.28,Critical,Mastic Asphalt,Sub-grade Moisture Saturation,Citizen (MyBMC App),2024-08-10,Resolved / Repaired,Mastic Asphalt,2024-08-14,CONTR_BMC_114
PTH_2024_00408,RD_LOC_012,R/S Ward Sector 12 Connector Road,R/S,19.20022,72.88067,11.3,0.59,High,Mastic Asphalt,Waterlogging & Bitumen Stripping,Citizen (MyBMC App),2024-06-01,Resolved / Repaired,Rapid Hardening Concrete,2024-06-07,CONTR_BMC_112
PTH_2024_00409,RD_LOC_012,R/S Ward Sector 12 Connector Road,R/S,19.19465,72.87889,16.5,1.07,Critical,Mastic Asphalt,Sub-grade Moisture Saturation,Citizen (MyBMC App),2024-06-16,Resolved / Repaired,Mastic Asphalt,2024-06-17,CONTR_BMC_108
PTH_2024_00410,RD_LOC_012,R/S Ward Sector 12 Connector Road,R/S,19.19636,72.87702,5.6,1.5,Moderate,Mastic Asphalt,Asphalt Aging & Pavement Fatigue,BMC Road Engineer Survey,2024-08-21,Resolved / Repaired,Rapid Hardening Concrete,2024-08-23,CONTR_BMC_109
PTH_2024_00411,RD_LOC_012,R/S Ward Sector 12 Connector Road,R/S,19.20031,72.87978,13.8,0.74,Critical,Mastic Asphalt,Waterlogging & Bitumen Stripping,BMC Road Engineer Survey,2024-08-24,Inspected - Work Order Issued,Pending,,CONTR_BMC_124
PTH_2024_00412,RD_LOC_012,R/S Ward Sector 12 Connector Road,R/S,19.19719,72.87912,8.8,2.57,Critical,Mastic Asphalt,Waterlogging & Bitumen Stripping,Traffic Police Notification,2024-07-25,Resolved / Repaired,Hot Mix Bituminous Concrete,2024-07-28,CONTR_BMC_113
PTH_2024_00413,RD_LOC_012,R/S Ward Sector 12 Connector Road,R/S,19.19614,72.87719,13.0,0.96,Critical,Mastic Asphalt,Asphalt Aging & Pavement Fatigue,Traffic Police Notification,2024-07-11,Resolved / Repaired,Mastic Asphalt,2024-07-15,CONTR_BMC_118
PTH_2024_00414,RD_LOC_013,T Ward Sector 13 Connector Road,T,19.17775,72.97198,4.6,2.76,Critical,Mastic Asphalt,Utility Trench Reinstatement Failure (MGL/MTNL/Adani),Citizen (MyBMC App),2024-07-24,Resolved / Repaired,Cold Mix Polymer Asphalt,2024-07-29,CONTR_BMC_107
PTH_2024_00415,RD_LOC_013,T Ward Sector 13 Connector Road,T,19.17042,72.9696,4.2,3.28,Critical,Mastic Asphalt,Waterlogging & Bitumen Stripping,Traffic Police Notification,2024-07-18,Resolved / Repaired,Mastic Asphalt,2024-07-21,CONTR_BMC_101
PTH_2024_00416,RD_LOC_013,T Ward Sector 13 Connector Road,T,19.17344,72.96657,5.3,0.6,Moderate,Mastic Asphalt,Heavy Axle Commercial Vehicle Load,Traffic Police Notification,2024-08-11,Resolved / Repaired,Hot Mix Bituminous Concrete,2024-08-12,CONTR_BMC_106
PTH_2024_00417,RD_LOC_013,T Ward Sector 13 Connector Road,T,19.17419,72.97097,17.7,0.92,Critical,Mastic Asphalt,Heavy Axle Commercial Vehicle Load,Citizen (MyBMC App),2024-07-12,Resolved / Repaired,Rapid Hardening Concrete,2024-07-14,CONTR_BMC_109
PTH_2024_00418,RD_LOC_013,T Ward Sector 13 Connector Road,T,19.17162,72.9684,14.5,3.17,Critical,Mastic Asphalt,Heavy Axle Commercial Vehicle Load,AI Camera / Patrol Vehicle,2024-06-12,Inspected - Work Order Issued,Pending,,CONTR_BMC_117
PTH_2024_00419,RD_LOC_013,T Ward Sector 13 Connector Road,T,19.1756,72.97085,11.9,2.48,Critical,Mastic Asphalt,Asphalt Aging & Pavement Fatigue,Traffic Police Notification,2024-08-20,Inspected - Work Order Issued,Pending,,CONTR_BMC_113
PTH_2024_00420,RD_LOC_013,T Ward Sector 13 Connector Road,T,19.17446,72.97079,15.1,1.97,Critical,Mastic Asphalt,Heavy Axle Commercial Vehicle Load,Citizen (MyBMC App),2024-06-14,Resolved / Repaired,Hot Mix Bituminous Concrete,2024-06-16,CONTR_BMC_106
PTH_2024_00421,RD_LOC_013,T Ward Sector 13 Connector Road,T,19.17136,72.9711,12.2,2.34,Critical,Mastic Asphalt,Sub-grade Moisture Saturation,Traffic Police Notification,2024-06-23,Inspected - Work Order Issued,Pending,,CONTR_BMC_109
PTH_2024_00422,RD_LOC_013,T Ward Sector 13 Connector Road,T,19.16739,72.9698,6.1,1.2,Moderate,Mastic Asphalt,Utility Trench Reinstatement Failure (MGL/MTNL/Adani),AI Camera / Patrol Vehicle,2024-08-28,Resolved / Repaired,Rapid Hardening Concrete,2024-09-02,CONTR_BMC_112
PTH_2024_00423,RD_LOC_013,T Ward Sector 13 Connector Road,T,19.17086,72.96783,13.8,2.87,Critical,Mastic Asphalt,Asphalt Aging & Pavement Fatigue,Traffic Police Notification,2024-07-21,In-Progress,Pending,,CONTR_BMC_101
PTH_2024_00424,RD_LOC_013,T Ward Sector 13 Connector Road,T,19.16973,72.96667,11.4,1.83,High,Mastic Asphalt,Asphalt Aging & Pavement Fatigue,Citizen (MyBMC App),2024-06-16,In-Progress,Pending,,CONTR_BMC_117
PTH_2024_00425,RD_LOC_013,T Ward Sector 13 Connector Road,T,19.16834,72.96985,11.8,1.01,High,Mastic Asphalt,Asphalt Aging & Pavement Fatigue,AI Camera / Patrol Vehicle,2024-08-25,Resolved / Repaired,Rapid Hardening Concrete,2024-08-29,CONTR_BMC_122
PTH_2024_00426,RD_LOC_014,R/S Ward Sector 14 Connector Road,R/S,19.22588,72.87923,11.3,2.27,Critical,Bituminous Asphalt,Asphalt Aging & Pavement Fatigue,AI Camera / Patrol Vehicle,2024-07-04,In-Progress,Pending,,CONTR_BMC_125
PTH_2024_00427,RD_LOC_014,R/S Ward Sector 14 Connector Road,R/S,19.22363,72.88373,16.7,3.13,Critical,Bituminous Asphalt,Asphalt Aging & Pavement Fatigue,BMC Road Engineer Survey,2024-09-02,Resolved / Repaired,Rapid Hardening Concrete,2024-09-06,CONTR_BMC_119
PTH_2024_00428,RD_LOC_014,R/S Ward Sector 14 Connector Road,R/S,19.22692,72.88209,7.2,1.32,High,Bituminous Asphalt,Asphalt Aging & Pavement Fatigue,AI Camera / Patrol Vehicle,2024-07-09,Resolved / Repaired,Mastic Asphalt,2024-07-11,CONTR_BMC_109
PTH_2024_00429,RD_LOC_014,R/S Ward Sector 14 Connector Road,R/S,19.22716,72.88061,8.7,0.83,High,Bituminous Asphalt,Sub-grade Moisture Saturation,Citizen (MyBMC App),2024-06-17,Resolved / Repaired,Hot Mix Bituminous Concrete,2024-06-20,CONTR_BMC_102
PTH_2024_00430,RD_LOC_014,R/S Ward Sector 14 Connector Road,R/S,19.23032,72.88049,9.5,0.96,High,Bituminous Asphalt,Heavy Axle Commercial Vehicle Load,BMC Road Engineer Survey,2024-06-03,In-Progress,Pending,,CONTR_BMC_118
PTH_2024_00431,RD_LOC_014,R/S Ward Sector 14 Connector Road,R/S,19.22993,72.8827,6.7,2.06,Critical,Bituminous Asphalt,Utility Trench Reinstatement Failure (MGL/MTNL/Adani),Traffic Police Notification,2024-08-26,Resolved / Repaired,Hot Mix Bituminous Concrete,2024-08-31,CONTR_BMC_124
PTH_2024_00432,RD_LOC_014,R/S Ward Sector 14 Connector Road,R/S,19.23146,72.87864,14.2,3.3,Critical,Bituminous Asphalt,Asphalt Aging & Pavement Fatigue,AI Camera / Patrol Vehicle,2024-07-03,Resolved / Repaired,Cold Mix Polymer Asphalt,2024-07-06,CONTR_BMC_103
PTH_2024_00433,RD_LOC_014,R/S Ward Sector 14 Connector Road,R/S,19.22975,72.88141,4.1,0.36,Moderate,Bituminous Asphalt,Waterlogging & Bitumen Stripping,AI Camera / Patrol Vehicle,2024-06-04,Inspected - Work Order Issued,Pending,,CONTR_BMC_116
PTH_2024_00434,RD_LOC_014,R/S Ward Sector 14 Connector Road,R/S,19.23001,72.87997,10.8,2.08,Critical,Bituminous Asphalt,Waterlogging & Bitumen Stripping,Citizen (MyBMC App),2024-06-12,Resolved / Repaired,Mastic Asphalt,2024-06-14,CONTR_BMC_110
PTH_2024_00435,RD_LOC_014,R/S Ward Sector 14 Connector Road,R/S,19.23038,72.88232,10.7,3.38,Critical,Bituminous Asphalt,Sub-grade Moisture Saturation,AI Camera / Patrol Vehicle,2024-08-11,Citizen Reported,Pending,,CONTR_BMC_119
PTH_2024_00436,RD_LOC_014,R/S Ward Sector 14 Connector Road,R/S,19.23202,72.88375,7.9,2.55,Critical,Bituminous Asphalt,Waterlogging & Bitumen Stripping,AI Camera / Patrol Vehicle,2024-09-11,Resolved / Repaired,Mastic Asphalt,2024-09-15,CONTR_BMC_101
PTH_2024_00437,RD_LOC_014,R/S Ward Sector 14 Connector Road,R/S,19.22624,72.88291,8.4,0.97,High,Bituminous Asphalt,Heavy Axle Commercial Vehicle Load,Citizen (MyBMC App),2024-08-01,In-Progress,Pending,,CONTR_BMC_104
PTH_2024_00438,RD_LOC_014,R/S Ward Sector 14 Connector Road,R/S,19.23223,72.8816,14.6,0.5,Critical,Bituminous Asphalt,Sub-grade Moisture Saturation,Traffic Police Notification,2024-08-21,Resolved / Repaired,Hot Mix Bituminous Concrete,2024-08-22,CONTR_BMC_103
PTH_2024_00439,RD_LOC_014,R/S Ward Sector 14 Connector Road,R/S,19.22585,72.88305,4.4,3.39,Critical,Bituminous Asphalt,Asphalt Aging & Pavement Fatigue,Traffic Police Notification,2024-07-04,Resolved / Repaired,Mastic Asphalt,2024-07-06,CONTR_BMC_120
PTH_2024_00440,RD_LOC_014,R/S Ward Sector 14 Connector Road,R/S,19.22722,72.88086,10.6,0.57,High,Bituminous Asphalt,Utility Trench Reinstatement Failure (MGL/MTNL/Adani),Citizen (MyBMC App),2024-07-23,Resolved / Repaired,Rapid Hardening Concrete,2024-07-29,CONTR_BMC_109
PTH_2024_00441,RD_LOC_014,R/S Ward Sector 14 Connector Road,R/S,19.2292,72.88113,6.8,2.53,Critical,Bituminous Asphalt,Sub-grade Moisture Saturation,Citizen (MyBMC App),2024-08-26,Resolved / Repaired,Hot Mix Bituminous Concrete,2024-08-28,CONTR_BMC_123
PTH_2024_00442,RD_LOC_015,M/E Ward Sector 15 Connector Road,M/E,19.04792,72.92056,5.0,1.73,Moderate,Cement Concrete,Waterlogging & Bitumen Stripping,BMC Road Engineer Survey,2024-09-24,Inspected - Work Order Issued,Pending,,CONTR_BMC_121
PTH_2024_00443,RD_LOC_015,M/E Ward Sector 15 Connector Road,M/E,19.04843,72.91006,5.6,3.12,Critical,Cement Concrete,Asphalt Aging & Pavement Fatigue,AI Camera / Patrol Vehicle,2024-07-24,In-Progress,Pending,,CONTR_BMC_104
PTH_2024_00444,RD_LOC_016,K/E Ward Sector 16 Connector Road,K/E,19.11282,72.85903,11.3,1.33,High,Bituminous Asphalt,Utility Trench Reinstatement Failure (MGL/MTNL/Adani),Citizen (MyBMC App),2024-09-01,Resolved / Repaired,Mastic Asphalt,2024-09-04,CONTR_BMC_121
PTH_2024_00445,RD_LOC_016,K/E Ward Sector 16 Connector Road,K/E,19.10297,72.8599,5.3,1.1,Moderate,Bituminous Asphalt,Sub-grade Moisture Saturation,AI Camera / Patrol Vehicle,2024-09-05,In-Progress,Pending,,CONTR_BMC_110
PTH_2024_00446,RD_LOC_016,K/E Ward Sector 16 Connector Road,K/E,19.1099,72.8586,13.5,2.09,Critical,Bituminous Asphalt,Waterlogging & Bitumen Stripping,AI Camera / Patrol Vehicle,2024-09-08,Resolved / Repaired,Rapid Hardening Concrete,2024-09-11,CONTR_BMC_106
PTH_2024_00447,RD_LOC_016,K/E Ward Sector 16 Connector Road,K/E,19.10341,72.85961,13.8,1.13,Critical,Bituminous Asphalt,Heavy Axle Commercial Vehicle Load,AI Camera / Patrol Vehicle,2024-07-28,In-Progress,Pending,,CONTR_BMC_113
PTH_2024_00448,RD_LOC_016,K/E Ward Sector 16 Connector Road,K/E,19.11237,72.86128,16.8,2.36,Critical,Bituminous Asphalt,Sub-grade Moisture Saturation,BMC Road Engineer Survey,2024-07-19,Resolved / Repaired,Mastic Asphalt,2024-07-22,CONTR_BMC_114
PTH_2024_00449,RD_LOC_016,K/E Ward Sector 16 Connector Road,K/E,19.11241,72.86182,14.3,3.38,Critical,Bituminous Asphalt,Sub-grade Moisture Saturation,AI Camera / Patrol Vehicle,2024-06-20,Resolved / Repaired,Cold Mix Polymer Asphalt,2024-06-25,CONTR_BMC_110
PTH_2024_00450,RD_LOC_016,K/E Ward Sector 16 Connector Road,K/E,19.11301,72.85668,11.1,0.31,High,Bituminous Asphalt,Heavy Axle Commercial Vehicle Load,AI Camera / Patrol Vehicle,2024-06-07,Resolved / Repaired,Hot Mix Bituminous Concrete,2024-06-09,CONTR_BMC_119
PTH_2024_00451,RD_LOC_016,K/E Ward Sector 16 Connector Road,K/E,19.10935,72.86039,11.4,2.04,Critical,Bituminous Asphalt,Utility Trench Reinstatement Failure (MGL/MTNL/Adani),Citizen (MyBMC App),2024-07-01,In-Progress,Pending,,CONTR_BMC_112
PTH_2024_00452,RD_LOC_016,K/E Ward Sector 16 Connector Road,K/E,19.10438,72.86164,17.9,2.69,Critical,Bituminous Asphalt,Sub-grade Moisture Saturation,AI Camera / Patrol Vehicle,2024-07-05,In-Progress,Pending,,CONTR_BMC_102
PTH_2024_00453,RD_LOC_016,K/E Ward Sector 16 Connector Road,K/E,19.10729,72.85695,9.2,3.02,Critical,Bituminous Asphalt,Sub-grade Moisture Saturation,Citizen (MyBMC App),2024-08-06,In-Progress,Pending,,CONTR_BMC_105
PTH_2024_00454,RD_LOC_016,K/E Ward Sector 16 Connector Road,K/E,19.11229,72.85665,12.6,1.94,Critical,Bituminous Asphalt,Utility Trench Reinstatement Failure (MGL/MTNL/Adani),BMC Road Engineer Survey,2024-09-18,Resolved / Repaired,Hot Mix Bituminous Concrete,2024-09-23,CONTR_BMC_125
PTH_2024_00455,RD_LOC_016,K/E Ward Sector 16 Connector Road,K/E,19.11267,72.85661,10.8,2.38,Critical,Bituminous Asphalt,Waterlogging & Bitumen Stripping,AI Camera / Patrol Vehicle,2024-08-23,Inspected - Work Order Issued,Pending,,CONTR_BMC_120
PTH_2024_00456,RD_LOC_016,K/E Ward Sector 16 Connector Road,K/E,19.10468,72.85711,9.8,2.8,Critical,Bituminous Asphalt,Heavy Axle Commercial Vehicle Load,Citizen (MyBMC App),2024-06-15,Resolved / Repaired,Hot Mix Bituminous Concrete,2024-06-19,CONTR_BMC_119
PTH_2024_00457,RD_LOC_016,K/E Ward Sector 16 Connector Road,K/E,19.11184,72.86137,4.6,3.14,Critical,Bituminous Asphalt,Utility Trench Reinstatement Failure (MGL/MTNL/Adani),Traffic Police Notification,2024-06-12,Citizen Reported,Pending,,CONTR_BMC_108
PTH_2024_00458,RD_LOC_016,K/E Ward Sector 16 Connector Road,K/E,19.10589,72.85875,13.0,2.15,Critical,Bituminous Asphalt,Waterlogging & Bitumen Stripping,Traffic Police Notification,2024-07-10,Resolved / Repaired,Mastic Asphalt,2024-07-13,CONTR_BMC_123
PTH_2024_00459,RD_LOC_016,K/E Ward Sector 16 Connector Road,K/E,19.11304,72.85742,13.0,0.39,Critical,Bituminous Asphalt,Sub-grade Moisture Saturation,AI Camera / Patrol Vehicle,2024-08-16,Resolved / Repaired,Mastic Asphalt,2024-08-19,CONTR_BMC_102
PTH_2024_00460,RD_LOC_016,K/E Ward Sector 16 Connector Road,K/E,19.10862,72.85904,15.6,1.21,Critical,Bituminous Asphalt,Utility Trench Reinstatement Failure (MGL/MTNL/Adani),AI Camera / Patrol Vehicle,2024-08-17,Inspected - Work Order Issued,Pending,,CONTR_BMC_106
PTH_2024_00461,RD_LOC_016,K/E Ward Sector 16 Connector Road,K/E,19.11235,72.85744,13.3,1.8,Critical,Bituminous Asphalt,Heavy Axle Commercial Vehicle Load,AI Camera / Patrol Vehicle,2024-09-01,In-Progress,Pending,,CONTR_BMC_116
PTH_2024_00462,RD_LOC_017,H/W Ward Sector 17 Connector Road,H/W,19.06239,72.82496,8.1,0.3,High,Bituminous Asphalt,Sub-grade Moisture Saturation,Citizen (MyBMC App),2024-08-18,Resolved / Repaired,Mastic Asphalt,2024-08-22,CONTR_BMC_124
PTH_2024_00463,RD_LOC_017,H/W Ward Sector 17 Connector Road,H/W,19.05616,72.82845,5.6,1.76,Moderate,Bituminous Asphalt,Heavy Axle Commercial Vehicle Load,AI Camera / Patrol Vehicle,2024-09-20,Citizen Reported,Pending,,CONTR_BMC_105
PTH_2024_00464,RD_LOC_017,H/W Ward Sector 17 Connector Road,H/W,19.05637,72.82871,14.7,2.04,Critical,Bituminous Asphalt,Utility Trench Reinstatement Failure (MGL/MTNL/Adani),Traffic Police Notification,2024-07-24,Resolved / Repaired,Cold Mix Polymer Asphalt,2024-07-26,CONTR_BMC_104
PTH_2024_00465,RD_LOC_017,H/W Ward Sector 17 Connector Road,H/W,19.05596,72.82391,15.2,3.09,Critical,Bituminous Asphalt,Heavy Axle Commercial Vehicle Load,Citizen (MyBMC App),2024-06-04,In-Progress,Pending,,CONTR_BMC_121
PTH_2024_00466,RD_LOC_017,H/W Ward Sector 17 Connector Road,H/W,19.05892,72.82244,6.6,0.5,Moderate,Bituminous Asphalt,Asphalt Aging & Pavement Fatigue,Citizen (MyBMC App),2024-09-02,In-Progress,Pending,,CONTR_BMC_112
PTH_2024_00467,RD_LOC_017,H/W Ward Sector 17 Connector Road,H/W,19.06298,72.82653,14.2,3.37,Critical,Bituminous Asphalt,Asphalt Aging & Pavement Fatigue,Traffic Police Notification,2024-07-26,Resolved / Repaired,Rapid Hardening Concrete,2024-07-30,CONTR_BMC_104
PTH_2024_00468,RD_LOC_017,H/W Ward Sector 17 Connector Road,H/W,19.05594,72.82195,14.9,0.5,Critical,Bituminous Asphalt,Heavy Axle Commercial Vehicle Load,BMC Road Engineer Survey,2024-09-06,Resolved / Repaired,Cold Mix Polymer Asphalt,2024-09-09,CONTR_BMC_121
PTH_2024_00469,RD_LOC_017,H/W Ward Sector 17 Connector Road,H/W,19.06222,72.82354,6.6,1.78,Moderate,Bituminous Asphalt,Asphalt Aging & Pavement Fatigue,Citizen (MyBMC App),2024-07-19,Resolved / Repaired,Hot Mix Bituminous Concrete,2024-07-21,CONTR_BMC_107
PTH_2024_00470,RD_LOC_017,H/W Ward Sector 17 Connector Road,H/W,19.05885,72.82651,7.5,1.43,High,Bituminous Asphalt,Heavy Axle Commercial Vehicle Load,BMC Road Engineer Survey,2024-08-03,Inspected - Work Order Issued,Pending,,CONTR_BMC_103
PTH_2024_00471,RD_LOC_017,H/W Ward Sector 17 Connector Road,H/W,19.06277,72.82503,10.5,1.39,High,Bituminous Asphalt,Heavy Axle Commercial Vehicle Load,Traffic Police Notification,2024-06-04,Resolved / Repaired,Cold Mix Polymer Asphalt,2024-06-09,CONTR_BMC_114
PTH_2024_00472,RD_LOC_017,H/W Ward Sector 17 Connector Road,H/W,19.06182,72.82333,5.8,0.42,Moderate,Bituminous Asphalt,Utility Trench Reinstatement Failure (MGL/MTNL/Adani),BMC Road Engineer Survey,2024-08-01,Resolved / Repaired,Rapid Hardening Concrete,2024-08-02,CONTR_BMC_121
PTH_2024_00473,RD_LOC_017,H/W Ward Sector 17 Connector Road,H/W,19.05639,72.82808,16.8,1.15,Critical,Bituminous Asphalt,Utility Trench Reinstatement Failure (MGL/MTNL/Adani),BMC Road Engineer Survey,2024-07-24,Citizen Reported,Pending,,CONTR_BMC_123
PTH_2024_00474,RD_LOC_017,H/W Ward Sector 17 Connector Road,H/W,19.06003,72.82606,14.9,1.82,Critical,Bituminous Asphalt,Heavy Axle Commercial Vehicle Load,AI Camera / Patrol Vehicle,2024-06-22,Resolved / Repaired,Cold Mix Polymer Asphalt,2024-06-25,CONTR_BMC_104
PTH_2024_00475,RD_LOC_017,H/W Ward Sector 17 Connector Road,H/W,19.05731,72.82212,16.1,2.51,Critical,Bituminous Asphalt,Heavy Axle Commercial Vehicle Load,BMC Road Engineer Survey,2024-08-04,In-Progress,Pending,,CONTR_BMC_124
PTH_2024_00476,RD_LOC_017,H/W Ward Sector 17 Connector Road,H/W,19.05987,72.82406,15.4,2.43,Critical,Bituminous Asphalt,Sub-grade Moisture Saturation,Traffic Police Notification,2024-06-25,Citizen Reported,Pending,,CONTR_BMC_121
PTH_2024_00477,RD_LOC_017,H/W Ward Sector 17 Connector Road,H/W,19.06146,72.8229,11.2,1.49,High,Bituminous Asphalt,Sub-grade Moisture Saturation,AI Camera / Patrol Vehicle,2024-07-03,Inspected - Work Order Issued,Pending,,CONTR_BMC_103
PTH_2024_00478,RD_LOC_017,H/W Ward Sector 17 Connector Road,H/W,19.06018,72.822,8.2,2.71,Critical,Bituminous Asphalt,Sub-grade Moisture Saturation,Traffic Police Notification,2024-08-15,Resolved / Repaired,Rapid Hardening Concrete,2024-08-18,CONTR_BMC_114
PTH_2024_00479,RD_LOC_017,H/W Ward Sector 17 Connector Road,H/W,19.06261,72.82471,4.8,3.35,Critical,Bituminous Asphalt,Sub-grade Moisture Saturation,AI Camera / Patrol Vehicle,2024-09-19,Resolved / Repaired,Hot Mix Bituminous Concrete,2024-09-22,CONTR_BMC_101
PTH_2024_00480,RD_LOC_017,H/W Ward Sector 17 Connector Road,H/W,19.06108,72.82181,15.2,0.43,Critical,Bituminous Asphalt,Sub-grade Moisture Saturation,AI Camera / Patrol Vehicle,2024-09-05,Inspected - Work Order Issued,Pending,,CONTR_BMC_114
PTH_2024_00481,RD_LOC_017,H/W Ward Sector 17 Connector Road,H/W,19.05639,72.8227,5.6,2.73,Critical,Bituminous Asphalt,Heavy Axle Commercial Vehicle Load,Citizen (MyBMC App),2024-06-08,Resolved / Repaired,Mastic Asphalt,2024-06-09,CONTR_BMC_123
PTH_2024_00482,RD_LOC_017,H/W Ward Sector 17 Connector Road,H/W,19.05939,72.82545,13.6,2.1,Critical,Bituminous Asphalt,Asphalt Aging & Pavement Fatigue,Citizen (MyBMC App),2024-08-27,Resolved / Repaired,Hot Mix Bituminous Concrete,2024-08-28,CONTR_BMC_112
PTH_2024_00483,RD_LOC_017,H/W Ward Sector 17 Connector Road,H/W,19.06319,72.82301,11.9,2.27,Critical,Bituminous Asphalt,Asphalt Aging & Pavement Fatigue,AI Camera / Patrol Vehicle,2024-09-14,Resolved / Repaired,Rapid Hardening Concrete,2024-09-20,CONTR_BMC_112
PTH_2024_00484,RD_LOC_017,H/W Ward Sector 17 Connector Road,H/W,19.06267,72.82707,6.0,0.83,Moderate,Bituminous Asphalt,Utility Trench Reinstatement Failure (MGL/MTNL/Adani),BMC Road Engineer Survey,2024-08-18,Inspected - Work Order Issued,Pending,,CONTR_BMC_113
PTH_2024_00485,RD_LOC_017,H/W Ward Sector 17 Connector Road,H/W,19.06276,72.824,4.5,2.13,Critical,Bituminous Asphalt,Waterlogging & Bitumen Stripping,AI Camera / Patrol Vehicle,2024-09-06,Resolved / Repaired,Hot Mix Bituminous Concrete,2024-09-09,CONTR_BMC_109
PTH_2024_00486,RD_LOC_017,H/W Ward Sector 17 Connector Road,H/W,19.05963,72.82589,13.3,3.44,Critical,Bituminous Asphalt,Sub-grade Moisture Saturation,AI Camera / Patrol Vehicle,2024-08-06,In-Progress,Pending,,CONTR_BMC_110
PTH_2024_00487,RD_LOC_017,H/W Ward Sector 17 Connector Road,H/W,19.06287,72.82412,7.9,3.36,Critical,Bituminous Asphalt,Utility Trench Reinstatement Failure (MGL/MTNL/Adani),BMC Road Engineer Survey,2024-08-21,In-Progress,Pending,,CONTR_BMC_117
PTH_2024_00488,RD_LOC_018,T Ward Sector 18 Connector Road,T,19.17891,72.96743,14.0,3.39,Critical,Bituminous Asphalt,Sub-grade Moisture Saturation,Traffic Police Notification,2024-09-01,Resolved / Repaired,Hot Mix Bituminous Concrete,2024-09-04,CONTR_BMC_101
PTH_2024_00489,RD_LOC_018,T Ward Sector 18 Connector Road,T,19.17927,72.96154,5.2,1.76,Moderate,Bituminous Asphalt,Heavy Axle Commercial Vehicle Load,Traffic Police Notification,2024-08-20,Resolved / Repaired,Hot Mix Bituminous Concrete,2024-08-23,CONTR_BMC_106
PTH_2024_00490,RD_LOC_018,T Ward Sector 18 Connector Road,T,19.1784,72.96279,4.5,0.64,Moderate,Bituminous Asphalt,Sub-grade Moisture Saturation,AI Camera / Patrol Vehicle,2024-06-12,Resolved / Repaired,Hot Mix Bituminous Concrete,2024-06-13,CONTR_BMC_123
PTH_2024_00491,RD_LOC_018,T Ward Sector 18 Connector Road,T,19.18554,72.96536,14.3,3.23,Critical,Bituminous Asphalt,Heavy Axle Commercial Vehicle Load,Traffic Police Notification,2024-07-15,Resolved / Repaired,Rapid Hardening Concrete,2024-07-19,CONTR_BMC_123
PTH_2024_00492,RD_LOC_018,T Ward Sector 18 Connector Road,T,19.17744,72.96706,14.7,3.31,Critical,Bituminous Asphalt,Utility Trench Reinstatement Failure (MGL/MTNL/Adani),Citizen (MyBMC App),2024-06-14,Resolved / Repaired,Mastic Asphalt,2024-06-20,CONTR_BMC_121
PTH_2024_00493,RD_LOC_018,T Ward Sector 18 Connector Road,T,19.18286,72.9632,12.0,1.91,High,Bituminous Asphalt,Utility Trench Reinstatement Failure (MGL/MTNL/Adani),AI Camera / Patrol Vehicle,2024-09-17,In-Progress,Pending,,CONTR_BMC_102
PTH_2024_00494,RD_LOC_018,T Ward Sector 18 Connector Road,T,19.18635,72.96779,6.1,2.98,Critical,Bituminous Asphalt,Heavy Axle Commercial Vehicle Load,BMC Road Engineer Survey,2024-09-26,Resolved / Repaired,Rapid Hardening Concrete,2024-09-30,CONTR_BMC_111
PTH_2024_00495,RD_LOC_018,T Ward Sector 18 Connector Road,T,19.18566,72.96635,10.7,2.19,Critical,Bituminous Asphalt,Waterlogging & Bitumen Stripping,Traffic Police Notification,2024-06-08,Resolved / Repaired,Mastic Asphalt,2024-06-11,CONTR_BMC_124
PTH_2024_00496,RD_LOC_018,T Ward Sector 18 Connector Road,T,19.18391,72.96817,8.1,1.62,High,Bituminous Asphalt,Waterlogging & Bitumen Stripping,Citizen (MyBMC App),2024-09-01,Resolved / Repaired,Hot Mix Bituminous Concrete,2024-09-07,CONTR_BMC_108
PTH_2024_00497,RD_LOC_018,T Ward Sector 18 Connector Road,T,19.17952,72.96614,14.5,1.69,Critical,Bituminous Asphalt,Waterlogging & Bitumen Stripping,Traffic Police Notification,2024-06-14,Inspected - Work Order Issued,Pending,,CONTR_BMC_108
PTH_2024_00498,RD_LOC_018,T Ward Sector 18 Connector Road,T,19.18017,72.9643,9.1,3.21,Critical,Bituminous Asphalt,Asphalt Aging & Pavement Fatigue,Citizen (MyBMC App),2024-09-19,Resolved / Repaired,Cold Mix Polymer Asphalt,2024-09-22,CONTR_BMC_113
PTH_2024_00499,RD_LOC_018,T Ward Sector 18 Connector Road,T,19.18101,72.96402,12.5,2.99,Critical,Bituminous Asphalt,Waterlogging & Bitumen Stripping,AI Camera / Patrol Vehicle,2024-09-19,Resolved / Repaired,Rapid Hardening Concrete,2024-09-23,CONTR_BMC_123
PTH_2024_00500,RD_LOC_018,T Ward Sector 18 Connector Road,T,19.18095,72.96429,8.7,2.7,Critical,Bituminous Asphalt,Asphalt Aging & Pavement Fatigue,BMC Road Engineer Survey,2024-08-14,Resolved / Repaired,Rapid Hardening Concrete,2024-08-15,CONTR_BMC_103
PTH_2024_00501,RD_LOC_018,T Ward Sector 18 Connector Road,T,19.18543,72.96528,17.8,2.61,Critical,Bituminous Asphalt,Waterlogging & Bitumen Stripping,AI Camera / Patrol Vehicle,2024-09-03,Resolved / Repaired,Cold Mix Polymer Asphalt,2024-09-09,CONTR_BMC_108
PTH_2024_00502,RD_LOC_018,T Ward Sector 18 Connector Road,T,19.186,72.96458,16.9,2.82,Critical,Bituminous Asphalt,Sub-grade Moisture Saturation,Citizen (MyBMC App),2024-09-16,Resolved / Repaired,Cold Mix Polymer Asphalt,2024-09-18,CONTR_BMC_114
PTH_2024_00503,RD_LOC_018,T Ward Sector 18 Connector Road,T,19.18501,72.96622,12.4,3.18,Critical,Bituminous Asphalt,Utility Trench Reinstatement Failure (MGL/MTNL/Adani),AI Camera / Patrol Vehicle,2024-07-04,Resolved / Repaired,Cold Mix Polymer Asphalt,2024-07-07,CONTR_BMC_110
PTH_2024_00504,RD_LOC_018,T Ward Sector 18 Connector Road,T,19.18053,72.96216,11.8,0.4,High,Bituminous Asphalt,Asphalt Aging & Pavement Fatigue,BMC Road Engineer Survey,2024-07-09,Inspected - Work Order Issued,Pending,,CONTR_BMC_106
PTH_2024_00505,RD_LOC_019,D Ward Sector 19 Connector Road,D,18.98,72.8223,3.1,3.1,Critical,Cement Concrete,Asphalt Aging & Pavement Fatigue,AI Camera / Patrol Vehicle,2024-06-11,In-Progress,Pending,,CONTR_BMC_109
PTH_2024_00506,RD_LOC_020,D Ward Sector 20 Connector Road,D,18.96789,72.8024,7.7,0.53,High,Mastic Asphalt,Heavy Axle Commercial Vehicle Load,Citizen (MyBMC App),2024-06-13,Resolved / Repaired,Mastic Asphalt,2024-06-19,CONTR_BMC_107
PTH_2024_00507,RD_LOC_020,D Ward Sector 20 Connector Road,D,18.96708,72.79895,5.6,0.89,Moderate,Mastic Asphalt,Sub-grade Moisture Saturation,Citizen (MyBMC App),2024-09-05,Resolved / Repaired,Hot Mix Bituminous Concrete,2024-09-07,CONTR_BMC_110
PTH_2024_00508,RD_LOC_020,D Ward Sector 20 Connector Road,D,18.96078,72.80416,16.4,3.46,Critical,Mastic Asphalt,Heavy Axle Commercial Vehicle Load,Traffic Police Notification,2024-08-26,Resolved / Repaired,Mastic Asphalt,2024-09-01,CONTR_BMC_104
PTH_2024_00509,RD_LOC_020,D Ward Sector 20 Connector Road,D,18.9597,72.80474,11.1,2.03,Critical,Mastic Asphalt,Waterlogging & Bitumen Stripping,Traffic Police Notification,2024-07-23,Inspected - Work Order Issued,Pending,,CONTR_BMC_104
PTH_2024_00510,RD_LOC_020,D Ward Sector 20 Connector Road,D,18.96752,72.80317,7.4,3.09,Critical,Mastic Asphalt,Heavy Axle Commercial Vehicle Load,BMC Road Engineer Survey,2024-09-24,Resolved / Repaired,Cold Mix Polymer Asphalt,2024-09-28,CONTR_BMC_117
PTH_2024_00511,RD_LOC_020,D Ward Sector 20 Connector Road,D,18.96657,72.80327,14.1,2.3,Critical,Mastic Asphalt,Asphalt Aging & Pavement Fatigue,Citizen (MyBMC App),2024-08-17,Resolved / Repaired,Cold Mix Polymer Asphalt,2024-08-19,CONTR_BMC_117
PTH_2024_00512,RD_LOC_020,D Ward Sector 20 Connector Road,D,18.96006,72.80408,8.6,0.5,High,Mastic Asphalt,Heavy Axle Commercial Vehicle Load,BMC Road Engineer Survey,2024-07-12,Resolved / Repaired,Rapid Hardening Concrete,2024-07-14,CONTR_BMC_108
PTH_2024_00513,RD_LOC_020,D Ward Sector 20 Connector Road,D,18.9674,72.8022,14.6,2.92,Critical,Mastic Asphalt,Asphalt Aging & Pavement Fatigue,BMC Road Engineer Survey,2024-07-02,Resolved / Repaired,Rapid Hardening Concrete,2024-07-07,CONTR_BMC_103
PTH_2024_00514,RD_LOC_020,D Ward Sector 20 Connector Road,D,18.96477,72.80288,7.6,2.62,Critical,Mastic Asphalt,Sub-grade Moisture Saturation,AI Camera / Patrol Vehicle,2024-06-02,In-Progress,Pending,,CONTR_BMC_112
PTH_2024_00515,RD_LOC_020,D Ward Sector 20 Connector Road,D,18.96276,72.8044,5.0,3.04,Critical,Mastic Asphalt,Utility Trench Reinstatement Failure (MGL/MTNL/Adani),Traffic Police Notification,2024-08-24,Resolved / Repaired,Mastic Asphalt,2024-08-26,CONTR_BMC_125
PTH_2024_00516,RD_LOC_020,D Ward Sector 20 Connector Road,D,18.96325,72.80133,5.3,1.37,Moderate,Mastic Asphalt,Waterlogging & Bitumen Stripping,BMC Road Engineer Survey,2024-06-26,Resolved / Repaired,Hot Mix Bituminous Concrete,2024-06-30,CONTR_BMC_119
PTH_2024_00517,RD_LOC_020,D Ward Sector 20 Connector Road,D,18.96693,72.80268,11.3,2.26,Critical,Mastic Asphalt,Heavy Axle Commercial Vehicle Load,Traffic Police Notification,2024-09-09,Resolved / Repaired,Cold Mix Polymer Asphalt,2024-09-10,CONTR_BMC_117
PTH_2024_00518,RD_LOC_020,D Ward Sector 20 Connector Road,D,18.96181,72.80066,5.8,0.93,Moderate,Mastic Asphalt,Waterlogging & Bitumen Stripping,AI Camera / Patrol Vehicle,2024-08-05,Resolved / Repaired,Mastic Asphalt,2024-08-07,CONTR_BMC_111
PTH_2024_00519,RD_LOC_020,D Ward Sector 20 Connector Road,D,18.96622,72.80467,15.6,1.47,Critical,Mastic Asphalt,Waterlogging & Bitumen Stripping,AI Camera / Patrol Vehicle,2024-07-28,Resolved / Repaired,Hot Mix Bituminous Concrete,2024-07-30,CONTR_BMC_119
PTH_2024_00520,RD_LOC_020,D Ward Sector 20 Connector Road,D,18.96517,72.80413,7.5,1.59,High,Mastic Asphalt,Sub-grade Moisture Saturation,BMC Road Engineer Survey,2024-09-28,Resolved / Repaired,Mastic Asphalt,2024-10-04,CONTR_BMC_104
PTH_2024_00521,RD_LOC_020,D Ward Sector 20 Connector Road,D,18.96149,72.80477,12.1,1.11,Critical,Mastic Asphalt,Asphalt Aging & Pavement Fatigue,Traffic Police Notification,2024-06-16,Citizen Reported,Pending,,CONTR_BMC_119
PTH_2024_00522,RD_LOC_020,D Ward Sector 20 Connector Road,D,18.96741,72.80229,14.9,2.49,Critical,Mastic Asphalt,Heavy Axle Commercial Vehicle Load,Traffic Police Notification,2024-08-11,Resolved / Repaired,Hot Mix Bituminous Concrete,2024-08-13,CONTR_BMC_119
PTH_2024_00523,RD_LOC_020,D Ward Sector 20 Connector Road,D,18.96398,72.80431,6.3,0.98,Moderate,Mastic Asphalt,Waterlogging & Bitumen Stripping,BMC Road Engineer Survey,2024-09-01,In-Progress,Pending,,CONTR_BMC_114
PTH_2024_00524,RD_LOC_020,D Ward Sector 20 Connector Road,D,18.96236,72.80512,6.1,2.58,Critical,Mastic Asphalt,Waterlogging & Bitumen Stripping,BMC Road Engineer Survey,2024-06-12,Resolved / Repaired,Hot Mix Bituminous Concrete,2024-06-18,CONTR_BMC_105
PTH_2024_00525,RD_LOC_020,D Ward Sector 20 Connector Road,D,18.96998,72.80348,14.7,1.53,Critical,Mastic Asphalt,Sub-grade Moisture Saturation,AI Camera / Patrol Vehicle,2024-09-28,Resolved / Repaired,Cold Mix Polymer Asphalt,2024-10-02,CONTR_BMC_106
PTH_2024_00526,RD_LOC_020,D Ward Sector 20 Connector Road,D,18.96332,72.79898,5.1,2.66,Critical,Mastic Asphalt,Sub-grade Moisture Saturation,BMC Road Engineer Survey,2024-06-23,Inspected - Work Order Issued,Pending,,CONTR_BMC_125
PTH_2024_00527,RD_LOC_020,D Ward Sector 20 Connector Road,D,18.95999,72.80207,16.5,2.2,Critical,Mastic Asphalt,Asphalt Aging & Pavement Fatigue,AI Camera / Patrol Vehicle,2024-09-03,Resolved / Repaired,Hot Mix Bituminous Concrete,2024-09-04,CONTR_BMC_111
PTH_2024_00528,RD_LOC_021,F/N Ward Sector 21 Connector Road,F/N,19.01615,72.87157,12.3,2.04,Critical,Bituminous Asphalt,Waterlogging & Bitumen Stripping,BMC Road Engineer Survey,2024-06-13,In-Progress,Pending,,CONTR_BMC_123
PTH_2024_00529,RD_LOC_021,F/N Ward Sector 21 Connector Road,F/N,19.01969,72.87452,6.5,2.94,Critical,Bituminous Asphalt,Asphalt Aging & Pavement Fatigue,Traffic Police Notification,2024-08-08,Resolved / Repaired,Hot Mix Bituminous Concrete,2024-08-14,CONTR_BMC_106
PTH_2024_00530,RD_LOC_021,F/N Ward Sector 21 Connector Road,F/N,19.01645,72.87297,15.9,1.26,Critical,Bituminous Asphalt,Asphalt Aging & Pavement Fatigue,Traffic Police Notification,2024-09-11,Inspected - Work Order Issued,Pending,,CONTR_BMC_122
PTH_2024_00531,RD_LOC_021,F/N Ward Sector 21 Connector Road,F/N,19.01593,72.86668,11.5,2.8,Critical,Bituminous Asphalt,Utility Trench Reinstatement Failure (MGL/MTNL/Adani),Citizen (MyBMC App),2024-09-15,Resolved / Repaired,Cold Mix Polymer Asphalt,2024-09-18,CONTR_BMC_112
PTH_2024_00532,RD_LOC_021,F/N Ward Sector 21 Connector Road,F/N,19.01736,72.87554,15.9,1.28,Critical,Bituminous Asphalt,Utility Trench Reinstatement Failure (MGL/MTNL/Adani),AI Camera / Patrol Vehicle,2024-08-14,Inspected - Work Order Issued,Pending,,CONTR_BMC_118
PTH_2024_00533,RD_LOC_021,F/N Ward Sector 21 Connector Road,F/N,19.01847,72.86742,9.2,1.09,High,Bituminous Asphalt,Utility Trench Reinstatement Failure (MGL/MTNL/Adani),BMC Road Engineer Survey,2024-08-10,Citizen Reported,Pending,,CONTR_BMC_114
PTH_2024_00534,RD_LOC_021,F/N Ward Sector 21 Connector Road,F/N,19.02161,72.87192,7.9,1.43,High,Bituminous Asphalt,Utility Trench Reinstatement Failure (MGL/MTNL/Adani),BMC Road Engineer Survey,2024-08-17,Resolved / Repaired,Hot Mix Bituminous Concrete,2024-08-22,CONTR_BMC_123
PTH_2024_00535,RD_LOC_021,F/N Ward Sector 21 Connector Road,F/N,19.01684,72.8667,6.3,3.43,Critical,Bituminous Asphalt,Utility Trench Reinstatement Failure (MGL/MTNL/Adani),Citizen (MyBMC App),2024-06-15,Resolved / Repaired,Mastic Asphalt,2024-06-20,CONTR_BMC_114
PTH_2024_00536,RD_LOC_021,F/N Ward Sector 21 Connector Road,F/N,19.0218,72.87134,8.2,1.1,High,Bituminous Asphalt,Heavy Axle Commercial Vehicle Load,BMC Road Engineer Survey,2024-06-08,Citizen Reported,Pending,,CONTR_BMC_105
PTH_2024_00537,RD_LOC_021,F/N Ward Sector 21 Connector Road,F/N,19.01911,72.86589,14.0,2.36,Critical,Bituminous Asphalt,Heavy Axle Commercial Vehicle Load,BMC Road Engineer Survey,2024-09-06,Resolved / Repaired,Mastic Asphalt,2024-09-11,CONTR_BMC_119
PTH_2024_00538,RD_LOC_021,F/N Ward Sector 21 Connector Road,F/N,19.01666,72.87386,8.6,1.07,High,Bituminous Asphalt,Waterlogging & Bitumen Stripping,Traffic Police Notification,2024-08-25,In-Progress,Pending,,CONTR_BMC_113
PTH_2024_00539,RD_LOC_021,F/N Ward Sector 21 Connector Road,F/N,19.01525,72.87548,6.7,1.21,Moderate,Bituminous Asphalt,Heavy Axle Commercial Vehicle Load,Citizen (MyBMC App),2024-09-15,Resolved / Repaired,Mastic Asphalt,2024-09-20,CONTR_BMC_102
PTH_2024_00540,RD_LOC_021,F/N Ward Sector 21 Connector Road,F/N,19.0163,72.87645,9.4,2.77,Critical,Bituminous Asphalt,Waterlogging & Bitumen Stripping,Traffic Police Notification,2024-08-17,Resolved / Repaired,Hot Mix Bituminous Concrete,2024-08-18,CONTR_BMC_117
PTH_2024_00541,RD_LOC_021,F/N Ward Sector 21 Connector Road,F/N,19.01813,72.87144,11.5,0.96,High,Bituminous Asphalt,Asphalt Aging & Pavement Fatigue,Traffic Police Notification,2024-06-03,Resolved / Repaired,Hot Mix Bituminous Concrete,2024-06-05,CONTR_BMC_121
PTH_2024_00542,RD_LOC_021,F/N Ward Sector 21 Connector Road,F/N,19.01478,72.87665,11.4,0.52,High,Bituminous Asphalt,Utility Trench Reinstatement Failure (MGL/MTNL/Adani),Traffic Police Notification,2024-09-23,In-Progress,Pending,,CONTR_BMC_107
PTH_2024_00543,RD_LOC_021,F/N Ward Sector 21 Connector Road,F/N,19.0177,72.86835,4.2,3.04,Critical,Bituminous Asphalt,Waterlogging & Bitumen Stripping,AI Camera / Patrol Vehicle,2024-07-10,Resolved / Repaired,Cold Mix Polymer Asphalt,2024-07-12,CONTR_BMC_106
PTH_2024_00544,RD_LOC_021,F/N Ward Sector 21 Connector Road,F/N,19.01984,72.86891,7.7,1.58,High,Bituminous Asphalt,Waterlogging & Bitumen Stripping,Citizen (MyBMC App),2024-07-21,Citizen Reported,Pending,,CONTR_BMC_112
PTH_2024_00545,RD_LOC_021,F/N Ward Sector 21 Connector Road,F/N,19.01943,72.87251,10.1,3.08,Critical,Bituminous Asphalt,Heavy Axle Commercial Vehicle Load,Traffic Police Notification,2024-06-10,Resolved / Repaired,Hot Mix Bituminous Concrete,2024-06-11,CONTR_BMC_104
PTH_2024_00546,RD_LOC_021,F/N Ward Sector 21 Connector Road,F/N,19.01818,72.86785,13.2,2.97,Critical,Bituminous Asphalt,Asphalt Aging & Pavement Fatigue,Traffic Police Notification,2024-09-18,Resolved / Repaired,Rapid Hardening Concrete,2024-09-19,CONTR_BMC_109
PTH_2024_00547,RD_LOC_021,F/N Ward Sector 21 Connector Road,F/N,19.01505,72.87283,16.7,1.53,Critical,Bituminous Asphalt,Utility Trench Reinstatement Failure (MGL/MTNL/Adani),Traffic Police Notification,2024-08-22,In-Progress,Pending,,CONTR_BMC_125
PTH_2024_00548,RD_LOC_021,F/N Ward Sector 21 Connector Road,F/N,19.02225,72.86546,16.9,1.27,Critical,Bituminous Asphalt,Sub-grade Moisture Saturation,BMC Road Engineer Survey,2024-06-27,Resolved / Repaired,Hot Mix Bituminous Concrete,2024-06-30,CONTR_BMC_108
PTH_2024_00549,RD_LOC_021,F/N Ward Sector 21 Connector Road,F/N,19.01895,72.87004,10.7,3.35,Critical,Bituminous Asphalt,Waterlogging & Bitumen Stripping,BMC Road Engineer Survey,2024-09-13,Inspected - Work Order Issued,Pending,,CONTR_BMC_111
PTH_2024_00550,RD_LOC_021,F/N Ward Sector 21 Connector Road,F/N,19.02157,72.87009,4.6,0.82,Moderate,Bituminous Asphalt,Asphalt Aging & Pavement Fatigue,Citizen (MyBMC App),2024-06-02,Inspected - Work Order Issued,Pending,,CONTR_BMC_124
PTH_2024_00551,RD_LOC_021,F/N Ward Sector 21 Connector Road,F/N,19.01644,72.86578,17.0,1.58,Critical,Bituminous Asphalt,Sub-grade Moisture Saturation,Citizen (MyBMC App),2024-08-17,Resolved / Repaired,Mastic Asphalt,2024-08-19,CONTR_BMC_116
PTH_2024_00552,RD_LOC_021,F/N Ward Sector 21 Connector Road,F/N,19.01668,72.86634,12.6,2.9,Critical,Bituminous Asphalt,Utility Trench Reinstatement Failure (MGL/MTNL/Adani),Citizen (MyBMC App),2024-08-18,Inspected - Work Order Issued,Pending,,CONTR_BMC_106
PTH_2024_00553,RD_LOC_021,F/N Ward Sector 21 Connector Road,F/N,19.02236,72.86917,12.0,2.76,Critical,Bituminous Asphalt,Asphalt Aging & Pavement Fatigue,AI Camera / Patrol Vehicle,2024-07-01,Resolved / Repaired,Hot Mix Bituminous Concrete,2024-07-07,CONTR_BMC_122
PTH_2024_00554,RD_LOC_021,F/N Ward Sector 21 Connector Road,F/N,19.0173,72.87181,13.1,2.52,Critical,Bituminous Asphalt,Asphalt Aging & Pavement Fatigue,AI Camera / Patrol Vehicle,2024-08-02,Inspected - Work Order Issued,Pending,,CONTR_BMC_117
PTH_2024_00555,RD_LOC_022,D Ward Sector 22 Connector Road,D,18.97175,72.80363,12.4,1.48,Critical,Bituminous Asphalt,Utility Trench Reinstatement Failure (MGL/MTNL/Adani),Traffic Police Notification,2024-07-11,Inspected - Work Order Issued,Pending,,CONTR_BMC_119
PTH_2024_00556,RD_LOC_022,D Ward Sector 22 Connector Road,D,18.96594,72.80235,11.4,1.68,High,Bituminous Asphalt,Asphalt Aging & Pavement Fatigue,BMC Road Engineer Survey,2024-06-24,Resolved / Repaired,Rapid Hardening Concrete,2024-06-27,CONTR_BMC_125
PTH_2024_00557,RD_LOC_022,D Ward Sector 22 Connector Road,D,18.96728,72.80334,17.1,2.31,Critical,Bituminous Asphalt,Waterlogging & Bitumen Stripping,BMC Road Engineer Survey,2024-07-16,In-Progress,Pending,,CONTR_BMC_116
PTH_2024_00558,RD_LOC_022,D Ward Sector 22 Connector Road,D,18.97101,72.80267,14.3,1.43,Critical,Bituminous Asphalt,Waterlogging & Bitumen Stripping,Traffic Police Notification,2024-08-04,Resolved / Repaired,Cold Mix Polymer Asphalt,2024-08-05,CONTR_BMC_114
PTH_2024_00559,RD_LOC_022,D Ward Sector 22 Connector Road,D,18.96429,72.80245,8.7,3.17,Critical,Bituminous Asphalt,Waterlogging & Bitumen Stripping,Citizen (MyBMC App),2024-09-12,Resolved / Repaired,Hot Mix Bituminous Concrete,2024-09-18,CONTR_BMC_114
PTH_2024_00560,RD_LOC_022,D Ward Sector 22 Connector Road,D,18.96721,72.80265,11.8,1.66,High,Bituminous Asphalt,Sub-grade Moisture Saturation,Traffic Police Notification,2024-07-10,Citizen Reported,Pending,,CONTR_BMC_119
PTH_2024_00561,RD_LOC_022,D Ward Sector 22 Connector Road,D,18.97085,72.80299,4.4,2.42,Critical,Bituminous Asphalt,Waterlogging & Bitumen Stripping,AI Camera / Patrol Vehicle,2024-08-20,Resolved / Repaired,Mastic Asphalt,2024-08-26,CONTR_BMC_113
PTH_2024_00562,RD_LOC_022,D Ward Sector 22 Connector Road,D,18.96977,72.80359,5.3,0.35,Moderate,Bituminous Asphalt,Waterlogging & Bitumen Stripping,Citizen (MyBMC App),2024-08-25,Resolved / Repaired,Mastic Asphalt,2024-08-29,CONTR_BMC_102
PTH_2024_00563,RD_LOC_022,D Ward Sector 22 Connector Road,D,18.96578,72.80265,5.2,1.16,Moderate,Bituminous Asphalt,Asphalt Aging & Pavement Fatigue,Traffic Police Notification,2024-06-08,Inspected - Work Order Issued,Pending,,CONTR_BMC_118
PTH_2024_00564,RD_LOC_022,D Ward Sector 22 Connector Road,D,18.97182,72.80389,17.6,2.35,Critical,Bituminous Asphalt,Heavy Axle Commercial Vehicle Load,Citizen (MyBMC App),2024-09-09,In-Progress,Pending,,CONTR_BMC_119
PTH_2024_00565,RD_LOC_022,D Ward Sector 22 Connector Road,D,18.96444,72.80281,5.0,0.33,Moderate,Bituminous Asphalt,Asphalt Aging & Pavement Fatigue,BMC Road Engineer Survey,2024-06-01,Citizen Reported,Pending,,CONTR_BMC_123
PTH_2024_00566,RD_LOC_022,D Ward Sector 22 Connector Road,D,18.96526,72.80387,9.3,3.41,Critical,Bituminous Asphalt,Utility Trench Reinstatement Failure (MGL/MTNL/Adani),AI Camera / Patrol Vehicle,2024-08-28,In-Progress,Pending,,CONTR_BMC_104
PTH_2024_00567,RD_LOC_022,D Ward Sector 22 Connector Road,D,18.96621,72.80383,11.0,1.39,High,Bituminous Asphalt,Utility Trench Reinstatement Failure (MGL/MTNL/Adani),Traffic Police Notification,2024-08-07,Resolved / Repaired,Mastic Asphalt,2024-08-12,CONTR_BMC_113
PTH_2024_00568,RD_LOC_022,D Ward Sector 22 Connector Road,D,18.97087,72.80346,16.1,3.34,Critical,Bituminous Asphalt,Asphalt Aging & Pavement Fatigue,BMC Road Engineer Survey,2024-09-17,Resolved / Repaired,Mastic Asphalt,2024-09-23,CONTR_BMC_114
PTH_2024_00569,RD_LOC_022,D Ward Sector 22 Connector Road,D,18.97191,72.80271,17.2,1.4,Critical,Bituminous Asphalt,Heavy Axle Commercial Vehicle Load,Citizen (MyBMC App),2024-07-13,Citizen Reported,Pending,,CONTR_BMC_112
PTH_2024_00570,RD_LOC_022,D Ward Sector 22 Connector Road,D,18.96876,72.80396,10.8,2.76,Critical,Bituminous Asphalt,Utility Trench Reinstatement Failure (MGL/MTNL/Adani),Traffic Police Notification,2024-08-28,Resolved / Repaired,Mastic Asphalt,2024-09-02,CONTR_BMC_111
PTH_2024_00571,RD_LOC_022,D Ward Sector 22 Connector Road,D,18.96671,72.80236,15.7,0.79,Critical,Bituminous Asphalt,Utility Trench Reinstatement Failure (MGL/MTNL/Adani),BMC Road Engineer Survey,2024-07-10,Resolved / Repaired,Rapid Hardening Concrete,2024-07-12,CONTR_BMC_113
PTH_2024_00572,RD_LOC_022,D Ward Sector 22 Connector Road,D,18.96431,72.80279,15.4,2.03,Critical,Bituminous Asphalt,Utility Trench Reinstatement Failure (MGL/MTNL/Adani),Citizen (MyBMC App),2024-07-08,In-Progress,Pending,,CONTR_BMC_121
PTH_2024_00573,RD_LOC_022,D Ward Sector 22 Connector Road,D,18.9718,72.80233,12.5,2.46,Critical,Bituminous Asphalt,Waterlogging & Bitumen Stripping,Citizen (MyBMC App),2024-09-09,In-Progress,Pending,,CONTR_BMC_118
PTH_2024_00574,RD_LOC_022,D Ward Sector 22 Connector Road,D,18.96779,72.8028,14.7,3.22,Critical,Bituminous Asphalt,Sub-grade Moisture Saturation,Traffic Police Notification,2024-07-09,Citizen Reported,Pending,,CONTR_BMC_103
PTH_2024_00575,RD_LOC_022,D Ward Sector 22 Connector Road,D,18.96485,72.80194,14.7,0.43,Critical,Bituminous Asphalt,Sub-grade Moisture Saturation,BMC Road Engineer Survey,2024-07-19,Resolved / Repaired,Mastic Asphalt,2024-07-20,CONTR_BMC_119
PTH_2024_00576,RD_LOC_022,D Ward Sector 22 Connector Road,D,18.96947,72.8032,15.9,1.74,Critical,Bituminous Asphalt,Utility Trench Reinstatement Failure (MGL/MTNL/Adani),AI Camera / Patrol Vehicle,2024-06-19,Resolved / Repaired,Mastic Asphalt,2024-06-24,CONTR_BMC_115
PTH_2024_00577,RD_LOC_022,D Ward Sector 22 Connector Road,D,18.96595,72.80267,13.7,0.77,Critical,Bituminous Asphalt,Sub-grade Moisture Saturation,AI Camera / Patrol Vehicle,2024-07-09,Citizen Reported,Pending,,CONTR_BMC_103
PTH_2024_00578,RD_LOC_023,M/E Ward Sector 23 Connector Road,M/E,19.02976,72.92447,10.5,1.97,High,Bituminous Asphalt,Sub-grade Moisture Saturation,AI Camera / Patrol Vehicle,2024-06-17,In-Progress,Pending,,CONTR_BMC_115
PTH_2024_00579,RD_LOC_023,M/E Ward Sector 23 Connector Road,M/E,19.03055,72.92688,10.4,1.67,High,Bituminous Asphalt,Heavy Axle Commercial Vehicle Load,BMC Road Engineer Survey,2024-09-13,In-Progress,Pending,,CONTR_BMC_103
PTH_2024_00580,RD_LOC_023,M/E Ward Sector 23 Connector Road,M/E,19.03018,72.92802,11.2,3.39,Critical,Bituminous Asphalt,Waterlogging & Bitumen Stripping,BMC Road Engineer Survey,2024-09-11,Citizen Reported,Pending,,CONTR_BMC_116
PTH_2024_00581,RD_LOC_023,M/E Ward Sector 23 Connector Road,M/E,19.02897,72.92907,18.0,2.47,Critical,Bituminous Asphalt,Heavy Axle Commercial Vehicle Load,BMC Road Engineer Survey,2024-08-05,Resolved / Repaired,Cold Mix Polymer Asphalt,2024-08-07,CONTR_BMC_123
PTH_2024_00582,RD_LOC_023,M/E Ward Sector 23 Connector Road,M/E,19.02922,72.93034,17.9,3.47,Critical,Bituminous Asphalt,Heavy Axle Commercial Vehicle Load,Citizen (MyBMC App),2024-06-08,Resolved / Repaired,Mastic Asphalt,2024-06-09,CONTR_BMC_114
PTH_2024_00583,RD_LOC_023,M/E Ward Sector 23 Connector Road,M/E,19.03009,72.92565,10.2,1.88,High,Bituminous Asphalt,Utility Trench Reinstatement Failure (MGL/MTNL/Adani),Citizen (MyBMC App),2024-07-16,Resolved / Repaired,Hot Mix Bituminous Concrete,2024-07-17,CONTR_BMC_123
PTH_2024_00584,RD_LOC_023,M/E Ward Sector 23 Connector Road,M/E,19.03004,72.9275,13.5,1.94,Critical,Bituminous Asphalt,Heavy Axle Commercial Vehicle Load,BMC Road Engineer Survey,2024-07-15,In-Progress,Pending,,CONTR_BMC_118
PTH_2024_00585,RD_LOC_023,M/E Ward Sector 23 Connector Road,M/E,19.02905,72.92755,16.6,1.62,Critical,Bituminous Asphalt,Utility Trench Reinstatement Failure (MGL/MTNL/Adani),BMC Road Engineer Survey,2024-08-03,In-Progress,Pending,,CONTR_BMC_116
PTH_2024_00586,RD_LOC_023,M/E Ward Sector 23 Connector Road,M/E,19.0301,72.92638,5.4,2.34,Critical,Bituminous Asphalt,Sub-grade Moisture Saturation,Traffic Police Notification,2024-09-15,Resolved / Repaired,Rapid Hardening Concrete,2024-09-21,CONTR_BMC_121
PTH_2024_00587,RD_LOC_023,M/E Ward Sector 23 Connector Road,M/E,19.03036,72.9296,11.3,1.05,High,Bituminous Asphalt,Heavy Axle Commercial Vehicle Load,BMC Road Engineer Survey,2024-08-12,Citizen Reported,Pending,,CONTR_BMC_107
PTH_2024_00588,RD_LOC_023,M/E Ward Sector 23 Connector Road,M/E,19.03062,72.9291,6.9,3.2,Critical,Bituminous Asphalt,Waterlogging & Bitumen Stripping,BMC Road Engineer Survey,2024-09-14,Resolved / Repaired,Rapid Hardening Concrete,2024-09-15,CONTR_BMC_112
PTH_2024_00589,RD_LOC_024,R/C Ward Sector 24 Connector Road,R/C,19.24046,72.86499,5.0,1.56,Moderate,Cement Concrete,Utility Trench Reinstatement Failure (MGL/MTNL/Adani),AI Camera / Patrol Vehicle,2024-07-01,Resolved / Repaired,Cold Mix Polymer Asphalt,2024-07-02,CONTR_BMC_120
PTH_2024_00590,RD_LOC_024,R/C Ward Sector 24 Connector Road,R/C,19.24246,72.86747,4.3,3.07,Critical,Cement Concrete,Sub-grade Moisture Saturation,BMC Road Engineer Survey,2024-07-06,Resolved / Repaired,Rapid Hardening Concrete,2024-07-10,CONTR_BMC_117
PTH_2024_00591,RD_LOC_024,R/C Ward Sector 24 Connector Road,R/C,19.24364,72.86506,4.2,2.28,Critical,Cement Concrete,Utility Trench Reinstatement Failure (MGL/MTNL/Adani),BMC Road Engineer Survey,2024-09-04,Resolved / Repaired,Mastic Asphalt,2024-09-09,CONTR_BMC_114
PTH_2024_00592,RD_LOC_025,F/S Ward Sector 25 Connector Road,F/S,19.01135,72.82367,3.1,3.27,Critical,Cement Concrete,Waterlogging & Bitumen Stripping,Citizen (MyBMC App),2024-09-27,Resolved / Repaired,Mastic Asphalt,2024-10-01,CONTR_BMC_115
PTH_2024_00593,RD_LOC_026,T Ward Sector 26 Connector Road,T,19.18512,72.93877,4.1,1.12,Moderate,Mastic Asphalt,Sub-grade Moisture Saturation,AI Camera / Patrol Vehicle,2024-06-15,Resolved / Repaired,Cold Mix Polymer Asphalt,2024-06-16,CONTR_BMC_115
PTH_2024_00594,RD_LOC_026,T Ward Sector 26 Connector Road,T,19.18923,72.94209,17.5,2.5,Critical,Mastic Asphalt,Waterlogging & Bitumen Stripping,Citizen (MyBMC App),2024-07-15,Resolved / Repaired,Cold Mix Polymer Asphalt,2024-07-21,CONTR_BMC_113
PTH_2024_00595,RD_LOC_026,T Ward Sector 26 Connector Road,T,19.18438,72.94783,10.9,0.96,High,Mastic Asphalt,Sub-grade Moisture Saturation,BMC Road Engineer Survey,2024-06-25,In-Progress,Pending,,CONTR_BMC_121
PTH_2024_00596,RD_LOC_026,T Ward Sector 26 Connector Road,T,19.18437,72.94737,10.9,0.39,High,Mastic Asphalt,Waterlogging & Bitumen Stripping,BMC Road Engineer Survey,2024-06-08,Citizen Reported,Pending,,CONTR_BMC_105
PTH_2024_00597,RD_LOC_026,T Ward Sector 26 Connector Road,T,19.18343,72.9414,18.0,2.41,Critical,Mastic Asphalt,Asphalt Aging & Pavement Fatigue,Traffic Police Notification,2024-09-10,Resolved / Repaired,Mastic Asphalt,2024-09-13,CONTR_BMC_124
PTH_2024_00598,RD_LOC_026,T Ward Sector 26 Connector Road,T,19.18702,72.94329,6.8,0.6,Moderate,Mastic Asphalt,Heavy Axle Commercial Vehicle Load,BMC Road Engineer Survey,2024-09-01,In-Progress,Pending,,CONTR_BMC_115
PTH_2024_00599,RD_LOC_026,T Ward Sector 26 Connector Road,T,19.18968,72.94385,6.6,0.88,Moderate,Mastic Asphalt,Asphalt Aging & Pavement Fatigue,Traffic Police Notification,2024-06-09,Resolved / Repaired,Cold Mix Polymer Asphalt,2024-06-11,CONTR_BMC_121
PTH_2024_00600,RD_LOC_026,T Ward Sector 26 Connector Road,T,19.18447,72.94233,12.6,1.82,Critical,Mastic Asphalt,Asphalt Aging & Pavement Fatigue,BMC Road Engineer Survey,2024-08-13,Resolved / Repaired,Hot Mix Bituminous Concrete,2024-08-18,CONTR_BMC_106
PTH_2024_00601,RD_LOC_026,T Ward Sector 26 Connector Road,T,19.18198,72.94664,10.4,2.26,Critical,Mastic Asphalt,Waterlogging & Bitumen Stripping,Citizen (MyBMC App),2024-07-20,Resolved / Repaired,Hot Mix Bituminous Concrete,2024-07-25,CONTR_BMC_105
PTH_2024_00602,RD_LOC_026,T Ward Sector 26 Connector Road,T,19.19065,72.944,14.1,2.56,Critical,Mastic Asphalt,Utility Trench Reinstatement Failure (MGL/MTNL/Adani),Citizen (MyBMC App),2024-07-11,Resolved / Repaired,Rapid Hardening Concrete,2024-07-15,CONTR_BMC_118
PTH_2024_00603,RD_LOC_026,T Ward Sector 26 Connector Road,T,19.1878,72.94424,12.7,2.65,Critical,Mastic Asphalt,Heavy Axle Commercial Vehicle Load,Citizen (MyBMC App),2024-08-06,Resolved / Repaired,Mastic Asphalt,2024-08-09,CONTR_BMC_121
PTH_2024_00604,RD_LOC_026,T Ward Sector 26 Connector Road,T,19.19127,72.9462,6.9,0.59,Moderate,Mastic Asphalt,Asphalt Aging & Pavement Fatigue,Citizen (MyBMC App),2024-06-08,In-Progress,Pending,,CONTR_BMC_121
PTH_2024_00605,RD_LOC_026,T Ward Sector 26 Connector Road,T,19.1844,72.93927,17.7,1.75,Critical,Mastic Asphalt,Waterlogging & Bitumen Stripping,BMC Road Engineer Survey,2024-08-04,Resolved / Repaired,Rapid Hardening Concrete,2024-08-07,CONTR_BMC_101
PTH_2024_00606,RD_LOC_026,T Ward Sector 26 Connector Road,T,19.1817,72.93962,14.2,1.88,Critical,Mastic Asphalt,Utility Trench Reinstatement Failure (MGL/MTNL/Adani),AI Camera / Patrol Vehicle,2024-07-17,Resolved / Repaired,Rapid Hardening Concrete,2024-07-20,CONTR_BMC_102
PTH_2024_00607,RD_LOC_026,T Ward Sector 26 Connector Road,T,19.18955,72.94308,16.4,1.82,Critical,Mastic Asphalt,Asphalt Aging & Pavement Fatigue,AI Camera / Patrol Vehicle,2024-06-09,Resolved / Repaired,Cold Mix Polymer Asphalt,2024-06-12,CONTR_BMC_115
PTH_2024_00608,RD_LOC_026,T Ward Sector 26 Connector Road,T,19.19209,72.94119,16.7,0.32,Critical,Mastic Asphalt,Asphalt Aging & Pavement Fatigue,BMC Road Engineer Survey,2024-08-15,Resolved / Repaired,Cold Mix Polymer Asphalt,2024-08-20,CONTR_BMC_118
PTH_2024_00609,RD_LOC_026,T Ward Sector 26 Connector Road,T,19.18221,72.94257,6.8,1.28,Moderate,Mastic Asphalt,Asphalt Aging & Pavement Fatigue,Traffic Police Notification,2024-07-18,Citizen Reported,Pending,,CONTR_BMC_118
PTH_2024_00610,RD_LOC_026,T Ward Sector 26 Connector Road,T,19.18325,72.94148,17.1,2.78,Critical,Mastic Asphalt,Sub-grade Moisture Saturation,Traffic Police Notification,2024-08-02,Citizen Reported,Pending,,CONTR_BMC_121
PTH_2024_00611,RD_LOC_026,T Ward Sector 26 Connector Road,T,19.18329,72.94531,14.1,1.19,Critical,Mastic Asphalt,Heavy Axle Commercial Vehicle Load,Citizen (MyBMC App),2024-06-03,Resolved / Repaired,Rapid Hardening Concrete,2024-06-08,CONTR_BMC_114
PTH_2024_00612,RD_LOC_027,S Ward Sector 27 Connector Road,S,19.13035,72.92292,5.9,0.95,Moderate,Bituminous Asphalt,Sub-grade Moisture Saturation,Traffic Police Notification,2024-07-26,Resolved / Repaired,Mastic Asphalt,2024-07-28,CONTR_BMC_121
PTH_2024_00613,RD_LOC_027,S Ward Sector 27 Connector Road,S,19.13166,72.92286,18.0,2.96,Critical,Bituminous Asphalt,Waterlogging & Bitumen Stripping,Traffic Police Notification,2024-06-12,Inspected - Work Order Issued,Pending,,CONTR_BMC_102
PTH_2024_00614,RD_LOC_027,S Ward Sector 27 Connector Road,S,19.12823,72.92471,7.6,1.71,High,Bituminous Asphalt,Utility Trench Reinstatement Failure (MGL/MTNL/Adani),BMC Road Engineer Survey,2024-06-25,Resolved / Repaired,Cold Mix Polymer Asphalt,2024-06-26,CONTR_BMC_112
PTH_2024_00615,RD_LOC_027,S Ward Sector 27 Connector Road,S,19.13423,72.92233,4.2,0.43,Moderate,Bituminous Asphalt,Asphalt Aging & Pavement Fatigue,Citizen (MyBMC App),2024-08-06,Resolved / Repaired,Hot Mix Bituminous Concrete,2024-08-08,CONTR_BMC_125
PTH_2024_00616,RD_LOC_027,S Ward Sector 27 Connector Road,S,19.1365,72.92557,17.4,2.43,Critical,Bituminous Asphalt,Sub-grade Moisture Saturation,AI Camera / Patrol Vehicle,2024-07-03,In-Progress,Pending,,CONTR_BMC_122
PTH_2024_00617,RD_LOC_027,S Ward Sector 27 Connector Road,S,19.13397,72.92564,11.8,0.37,High,Bituminous Asphalt,Utility Trench Reinstatement Failure (MGL/MTNL/Adani),Traffic Police Notification,2024-09-08,In-Progress,Pending,,CONTR_BMC_103
PTH_2024_00618,RD_LOC_027,S Ward Sector 27 Connector Road,S,19.12891,72.92422,10.0,2.56,Critical,Bituminous Asphalt,Waterlogging & Bitumen Stripping,BMC Road Engineer Survey,2024-06-12,Resolved / Repaired,Hot Mix Bituminous Concrete,2024-06-16,CONTR_BMC_111
PTH_2024_00619,RD_LOC_027,S Ward Sector 27 Connector Road,S,19.13008,72.92383,8.2,1.6,High,Bituminous Asphalt,Utility Trench Reinstatement Failure (MGL/MTNL/Adani),BMC Road Engineer Survey,2024-08-15,Resolved / Repaired,Hot Mix Bituminous Concrete,2024-08-16,CONTR_BMC_120
PTH_2024_00620,RD_LOC_027,S Ward Sector 27 Connector Road,S,19.12857,72.92372,16.1,2.78,Critical,Bituminous Asphalt,Utility Trench Reinstatement Failure (MGL/MTNL/Adani),Traffic Police Notification,2024-07-21,Inspected - Work Order Issued,Pending,,CONTR_BMC_105
PTH_2024_00621,RD_LOC_027,S Ward Sector 27 Connector Road,S,19.12898,72.92349,16.8,0.67,Critical,Bituminous Asphalt,Utility Trench Reinstatement Failure (MGL/MTNL/Adani),BMC Road Engineer Survey,2024-09-27,Resolved / Repaired,Mastic Asphalt,2024-10-02,CONTR_BMC_123
PTH_2024_00622,RD_LOC_027,S Ward Sector 27 Connector Road,S,19.13363,72.92479,16.9,3.37,Critical,Bituminous Asphalt,Waterlogging & Bitumen Stripping,Traffic Police Notification,2024-09-17,Inspected - Work Order Issued,Pending,,CONTR_BMC_105
PTH_2024_00623,RD_LOC_027,S Ward Sector 27 Connector Road,S,19.13108,72.92237,9.3,2.38,Critical,Bituminous Asphalt,Waterlogging & Bitumen Stripping,Traffic Police Notification,2024-07-24,Resolved / Repaired,Cold Mix Polymer Asphalt,2024-07-29,CONTR_BMC_109
PTH_2024_00624,RD_LOC_027,S Ward Sector 27 Connector Road,S,19.13558,72.92321,10.3,1.64,High,Bituminous Asphalt,Asphalt Aging & Pavement Fatigue,Citizen (MyBMC App),2024-06-14,Resolved / Repaired,Cold Mix Polymer Asphalt,2024-06-20,CONTR_BMC_101
PTH_2024_00625,RD_LOC_027,S Ward Sector 27 Connector Road,S,19.13482,72.92525,9.8,0.46,High,Bituminous Asphalt,Sub-grade Moisture Saturation,AI Camera / Patrol Vehicle,2024-06-22,Resolved / Repaired,Mastic Asphalt,2024-06-27,CONTR_BMC_119
PTH_2024_00626,RD_LOC_027,S Ward Sector 27 Connector Road,S,19.13203,72.92214,15.7,2.14,Critical,Bituminous Asphalt,Waterlogging & Bitumen Stripping,Traffic Police Notification,2024-06-13,In-Progress,Pending,,CONTR_BMC_104
PTH_2024_00627,RD_LOC_027,S Ward Sector 27 Connector Road,S,19.13257,72.92388,11.7,0.95,High,Bituminous Asphalt,Asphalt Aging & Pavement Fatigue,Traffic Police Notification,2024-09-24,Resolved / Repaired,Rapid Hardening Concrete,2024-09-30,CONTR_BMC_102
PTH_2024_00628,RD_LOC_028,F/N Ward Sector 28 Connector Road,F/N,19.01599,72.848,2.5,2.42,Critical,Cement Concrete,Heavy Axle Commercial Vehicle Load,Traffic Police Notification,2024-09-14,In-Progress,Pending,,CONTR_BMC_118
PTH_2024_00629,RD_LOC_028,F/N Ward Sector 28 Connector Road,F/N,19.01542,72.85637,2.5,2.56,Critical,Cement Concrete,Waterlogging & Bitumen Stripping,BMC Road Engineer Survey,2024-09-09,Resolved / Repaired,Cold Mix Polymer Asphalt,2024-09-11,CONTR_BMC_109
PTH_2024_00630,RD_LOC_029,G/S Ward Sector 29 Connector Road,G/S,19.01355,72.82082,5.5,3.46,Critical,Cement Concrete,Waterlogging & Bitumen Stripping,Traffic Police Notification,2024-06-12,Resolved / Repaired,Mastic Asphalt,2024-06-18,CONTR_BMC_123
PTH_2024_00631,RD_LOC_029,G/S Ward Sector 29 Connector Road,G/S,19.01256,72.8214,2.6,1.28,Moderate,Cement Concrete,Heavy Axle Commercial Vehicle Load,Citizen (MyBMC App),2024-08-20,Resolved / Repaired,Hot Mix Bituminous Concrete,2024-08-24,CONTR_BMC_125
PTH_2024_00632,RD_LOC_029,G/S Ward Sector 29 Connector Road,G/S,19.0127,72.82007,5.0,1.27,Moderate,Cement Concrete,Waterlogging & Bitumen Stripping,AI Camera / Patrol Vehicle,2024-08-09,Resolved / Repaired,Cold Mix Polymer Asphalt,2024-08-14,CONTR_BMC_122
PTH_2024_00633,RD_LOC_030,A Ward Sector 30 Connector Road,A,18.92943,72.8274,4.4,0.86,Moderate,Cement Concrete,Utility Trench Reinstatement Failure (MGL/MTNL/Adani),AI Camera / Patrol Vehicle,2024-09-05,Resolved / Repaired,Rapid Hardening Concrete,2024-09-06,CONTR_BMC_102
PTH_2024_00634,RD_LOC_031,F/S Ward Sector 31 Connector Road,F/S,18.98404,72.83282,14.3,2.5,Critical,Mastic Asphalt,Waterlogging & Bitumen Stripping,Traffic Police Notification,2024-09-27,Inspected - Work Order Issued,Pending,,CONTR_BMC_117
PTH_2024_00635,RD_LOC_031,F/S Ward Sector 31 Connector Road,F/S,18.98578,72.83254,7.6,1.37,High,Mastic Asphalt,Asphalt Aging & Pavement Fatigue,AI Camera / Patrol Vehicle,2024-08-16,Resolved / Repaired,Mastic Asphalt,2024-08-21,CONTR_BMC_105
PTH_2024_00636,RD_LOC_031,F/S Ward Sector 31 Connector Road,F/S,18.98537,72.83451,16.0,1.61,Critical,Mastic Asphalt,Sub-grade Moisture Saturation,BMC Road Engineer Survey,2024-06-27,Resolved / Repaired,Mastic Asphalt,2024-07-03,CONTR_BMC_119
PTH_2024_00637,RD_LOC_031,F/S Ward Sector 31 Connector Road,F/S,18.9821,72.8372,8.6,1.2,High,Mastic Asphalt,Waterlogging & Bitumen Stripping,Citizen (MyBMC App),2024-06-18,In-Progress,Pending,,CONTR_BMC_120
PTH_2024_00638,RD_LOC_031,F/S Ward Sector 31 Connector Road,F/S,18.98535,72.83902,4.9,1.06,Moderate,Mastic Asphalt,Waterlogging & Bitumen Stripping,Citizen (MyBMC App),2024-08-18,Inspected - Work Order Issued,Pending,,CONTR_BMC_111
PTH_2024_00639,RD_LOC_031,F/S Ward Sector 31 Connector Road,F/S,18.98287,72.83801,11.2,0.42,High,Mastic Asphalt,Asphalt Aging & Pavement Fatigue,AI Camera / Patrol Vehicle,2024-07-04,Resolved / Repaired,Hot Mix Bituminous Concrete,2024-07-10,CONTR_BMC_108
PTH_2024_00640,RD_LOC_031,F/S Ward Sector 31 Connector Road,F/S,18.98557,72.83949,4.5,1.02,Moderate,Mastic Asphalt,Sub-grade Moisture Saturation,BMC Road Engineer Survey,2024-09-17,Resolved / Repaired,Cold Mix Polymer Asphalt,2024-09-22,CONTR_BMC_117
PTH_2024_00641,RD_LOC_031,F/S Ward Sector 31 Connector Road,F/S,18.98274,72.84182,17.5,1.95,Critical,Mastic Asphalt,Heavy Axle Commercial Vehicle Load,BMC Road Engineer Survey,2024-08-17,Resolved / Repaired,Hot Mix Bituminous Concrete,2024-08-22,CONTR_BMC_109
PTH_2024_00642,RD_LOC_031,F/S Ward Sector 31 Connector Road,F/S,18.98228,72.84251,11.0,2.19,Critical,Mastic Asphalt,Heavy Axle Commercial Vehicle Load,AI Camera / Patrol Vehicle,2024-07-15,Inspected - Work Order Issued,Pending,,CONTR_BMC_121
PTH_2024_00643,RD_LOC_031,F/S Ward Sector 31 Connector Road,F/S,18.98484,72.83213,10.7,2.01,Critical,Mastic Asphalt,Sub-grade Moisture Saturation,AI Camera / Patrol Vehicle,2024-06-20,Resolved / Repaired,Cold Mix Polymer Asphalt,2024-06-25,CONTR_BMC_108
PTH_2024_00644,RD_LOC_031,F/S Ward Sector 31 Connector Road,F/S,18.98371,72.83448,12.6,1.46,Critical,Mastic Asphalt,Sub-grade Moisture Saturation,Citizen (MyBMC App),2024-06-20,In-Progress,Pending,,CONTR_BMC_117
PTH_2024_00645,RD_LOC_031,F/S Ward Sector 31 Connector Road,F/S,18.9836,72.83419,15.7,1.1,Critical,Mastic Asphalt,Sub-grade Moisture Saturation,Citizen (MyBMC App),2024-06-28,Resolved / Repaired,Rapid Hardening Concrete,2024-07-02,CONTR_BMC_112
PTH_2024_00646,RD_LOC_031,F/S Ward Sector 31 Connector Road,F/S,18.98397,72.84092,17.9,0.72,Critical,Mastic Asphalt,Utility Trench Reinstatement Failure (MGL/MTNL/Adani),Traffic Police Notification,2024-07-05,Resolved / Repaired,Cold Mix Polymer Asphalt,2024-07-11,CONTR_BMC_117
PTH_2024_00647,RD_LOC_031,F/S Ward Sector 31 Connector Road,F/S,18.98277,72.83266,5.4,2.63,Critical,Mastic Asphalt,Heavy Axle Commercial Vehicle Load,AI Camera / Patrol Vehicle,2024-06-01,In-Progress,Pending,,CONTR_BMC_102
PTH_2024_00648,RD_LOC_031,F/S Ward Sector 31 Connector Road,F/S,18.98382,72.8396,5.1,1.72,Moderate,Mastic Asphalt,Heavy Axle Commercial Vehicle Load,BMC Road Engineer Survey,2024-09-06,In-Progress,Pending,,CONTR_BMC_119
PTH_2024_00649,RD_LOC_031,F/S Ward Sector 31 Connector Road,F/S,18.98321,72.84048,14.6,0.58,Critical,Mastic Asphalt,Sub-grade Moisture Saturation,Citizen (MyBMC App),2024-07-22,In-Progress,Pending,,CONTR_BMC_104
PTH_2024_00650,RD_LOC_031,F/S Ward Sector 31 Connector Road,F/S,18.98533,72.83144,8.5,1.41,High,Mastic Asphalt,Waterlogging & Bitumen Stripping,Citizen (MyBMC App),2024-07-14,In-Progress,Pending,,CONTR_BMC_108
PTH_2024_00651,RD_LOC_031,F/S Ward Sector 31 Connector Road,F/S,18.98574,72.83335,12.6,2.93,Critical,Mastic Asphalt,Heavy Axle Commercial Vehicle Load,AI Camera / Patrol Vehicle,2024-08-11,Resolved / Repaired,Cold Mix Polymer Asphalt,2024-08-15,CONTR_BMC_123
PTH_2024_00652,RD_LOC_031,F/S Ward Sector 31 Connector Road,F/S,18.98426,72.83334,11.6,2.75,Critical,Mastic Asphalt,Sub-grade Moisture Saturation,AI Camera / Patrol Vehicle,2024-07-12,Inspected - Work Order Issued,Pending,,CONTR_BMC_113
PTH_2024_00653,RD_LOC_031,F/S Ward Sector 31 Connector Road,F/S,18.98221,72.83142,6.5,3.45,Critical,Mastic Asphalt,Sub-grade Moisture Saturation,AI Camera / Patrol Vehicle,2024-08-09,Resolved / Repaired,Hot Mix Bituminous Concrete,2024-08-14,CONTR_BMC_109
PTH_2024_00654,RD_LOC_031,F/S Ward Sector 31 Connector Road,F/S,18.98565,72.83193,14.1,1.54,Critical,Mastic Asphalt,Asphalt Aging & Pavement Fatigue,Citizen (MyBMC App),2024-08-17,Inspected - Work Order Issued,Pending,,CONTR_BMC_104
PTH_2024_00655,RD_LOC_031,F/S Ward Sector 31 Connector Road,F/S,18.98369,72.83317,17.6,0.44,Critical,Mastic Asphalt,Waterlogging & Bitumen Stripping,Traffic Police Notification,2024-08-13,In-Progress,Pending,,CONTR_BMC_124
PTH_2024_00656,RD_LOC_032,M/E Ward Sector 32 Connector Road,M/E,19.02712,72.90674,15.4,2.05,Critical,Bituminous Asphalt,Utility Trench Reinstatement Failure (MGL/MTNL/Adani),AI Camera / Patrol Vehicle,2024-08-18,Resolved / Repaired,Hot Mix Bituminous Concrete,2024-08-19,CONTR_BMC_113
PTH_2024_00657,RD_LOC_032,M/E Ward Sector 32 Connector Road,M/E,19.02495,72.90676,7.6,2.52,Critical,Bituminous Asphalt,Sub-grade Moisture Saturation,AI Camera / Patrol Vehicle,2024-08-04,Resolved / Repaired,Rapid Hardening Concrete,2024-08-05,CONTR_BMC_119
PTH_2024_00658,RD_LOC_032,M/E Ward Sector 32 Connector Road,M/E,19.02695,72.9067,5.5,3.27,Critical,Bituminous Asphalt,Sub-grade Moisture Saturation,BMC Road Engineer Survey,2024-09-04,Resolved / Repaired,Hot Mix Bituminous Concrete,2024-09-06,CONTR_BMC_114
PTH_2024_00659,RD_LOC_032,M/E Ward Sector 32 Connector Road,M/E,19.03192,72.90715,6.1,0.36,Moderate,Bituminous Asphalt,Asphalt Aging & Pavement Fatigue,Traffic Police Notification,2024-07-12,Resolved / Repaired,Cold Mix Polymer Asphalt,2024-07-14,CONTR_BMC_106
PTH_2024_00660,RD_LOC_032,M/E Ward Sector 32 Connector Road,M/E,19.02672,72.90701,12.1,2.98,Critical,Bituminous Asphalt,Asphalt Aging & Pavement Fatigue,BMC Road Engineer Survey,2024-06-21,Resolved / Repaired,Mastic Asphalt,2024-06-26,CONTR_BMC_104
PTH_2024_00661,RD_LOC_032,M/E Ward Sector 32 Connector Road,M/E,19.02635,72.90728,6.3,1.62,Moderate,Bituminous Asphalt,Utility Trench Reinstatement Failure (MGL/MTNL/Adani),BMC Road Engineer Survey,2024-08-11,Resolved / Repaired,Hot Mix Bituminous Concrete,2024-08-14,CONTR_BMC_105
PTH_2024_00662,RD_LOC_032,M/E Ward Sector 32 Connector Road,M/E,19.02988,72.90727,4.8,2.73,Critical,Bituminous Asphalt,Utility Trench Reinstatement Failure (MGL/MTNL/Adani),BMC Road Engineer Survey,2024-09-03,Inspected - Work Order Issued,Pending,,CONTR_BMC_111
PTH_2024_00663,RD_LOC_032,M/E Ward Sector 32 Connector Road,M/E,19.02542,72.90703,14.0,3.3,Critical,Bituminous Asphalt,Asphalt Aging & Pavement Fatigue,AI Camera / Patrol Vehicle,2024-08-25,Inspected - Work Order Issued,Pending,,CONTR_BMC_123
PTH_2024_00664,RD_LOC_032,M/E Ward Sector 32 Connector Road,M/E,19.02774,72.90739,8.5,2.6,Critical,Bituminous Asphalt,Utility Trench Reinstatement Failure (MGL/MTNL/Adani),AI Camera / Patrol Vehicle,2024-06-22,In-Progress,Pending,,CONTR_BMC_115
PTH_2024_00665,RD_LOC_032,M/E Ward Sector 32 Connector Road,M/E,19.02749,72.90681,9.2,0.95,High,Bituminous Asphalt,Asphalt Aging & Pavement Fatigue,BMC Road Engineer Survey,2024-08-02,In-Progress,Pending,,CONTR_BMC_117
PTH_2024_00666,RD_LOC_032,M/E Ward Sector 32 Connector Road,M/E,19.02471,72.90721,8.3,1.19,High,Bituminous Asphalt,Waterlogging & Bitumen Stripping,Citizen (MyBMC App),2024-07-14,In-Progress,Pending,,CONTR_BMC_121
PTH_2024_00667,RD_LOC_033,R/N Ward Sector 33 Connector Road,R/N,19.2723,72.87019,8.1,1.9,High,Bituminous Asphalt,Sub-grade Moisture Saturation,AI Camera / Patrol Vehicle,2024-08-16,Resolved / Repaired,Mastic Asphalt,2024-08-19,CONTR_BMC_120
PTH_2024_00668,RD_LOC_033,R/N Ward Sector 33 Connector Road,R/N,19.2724,72.87045,15.7,3.32,Critical,Bituminous Asphalt,Asphalt Aging & Pavement Fatigue,Citizen (MyBMC App),2024-09-16,Resolved / Repaired,Rapid Hardening Concrete,2024-09-20,CONTR_BMC_113
PTH_2024_00669,RD_LOC_033,R/N Ward Sector 33 Connector Road,R/N,19.27228,72.87237,14.5,1.46,Critical,Bituminous Asphalt,Heavy Axle Commercial Vehicle Load,AI Camera / Patrol Vehicle,2024-07-08,Inspected - Work Order Issued,Pending,,CONTR_BMC_115
PTH_2024_00670,RD_LOC_033,R/N Ward Sector 33 Connector Road,R/N,19.27244,72.87028,14.1,1.72,Critical,Bituminous Asphalt,Sub-grade Moisture Saturation,Citizen (MyBMC App),2024-06-24,Resolved / Repaired,Rapid Hardening Concrete,2024-06-25,CONTR_BMC_124
PTH_2024_00671,RD_LOC_033,R/N Ward Sector 33 Connector Road,R/N,19.27215,72.87048,10.4,1.4,High,Bituminous Asphalt,Waterlogging & Bitumen Stripping,BMC Road Engineer Survey,2024-09-08,Resolved / Repaired,Mastic Asphalt,2024-09-14,CONTR_BMC_124
PTH_2024_00672,RD_LOC_033,R/N Ward Sector 33 Connector Road,R/N,19.27257,72.87451,17.5,1.17,Critical,Bituminous Asphalt,Utility Trench Reinstatement Failure (MGL/MTNL/Adani),Citizen (MyBMC App),2024-06-06,Resolved / Repaired,Cold Mix Polymer Asphalt,2024-06-08,CONTR_BMC_106
PTH_2024_00673,RD_LOC_033,R/N Ward Sector 33 Connector Road,R/N,19.2722,72.87031,12.6,1.41,Critical,Bituminous Asphalt,Heavy Axle Commercial Vehicle Load,Citizen (MyBMC App),2024-07-23,Resolved / Repaired,Cold Mix Polymer Asphalt,2024-07-27,CONTR_BMC_111
PTH_2024_00674,RD_LOC_033,R/N Ward Sector 33 Connector Road,R/N,19.27255,72.8728,8.6,3.48,Critical,Bituminous Asphalt,Asphalt Aging & Pavement Fatigue,AI Camera / Patrol Vehicle,2024-08-25,Resolved / Repaired,Hot Mix Bituminous Concrete,2024-08-27,CONTR_BMC_109
PTH_2024_00675,RD_LOC_033,R/N Ward Sector 33 Connector Road,R/N,19.27223,72.87135,14.4,1.85,Critical,Bituminous Asphalt,Asphalt Aging & Pavement Fatigue,Traffic Police Notification,2024-09-04,Citizen Reported,Pending,,CONTR_BMC_120
PTH_2024_00676,RD_LOC_033,R/N Ward Sector 33 Connector Road,R/N,19.27226,72.86962,16.1,0.88,Critical,Bituminous Asphalt,Heavy Axle Commercial Vehicle Load,AI Camera / Patrol Vehicle,2024-06-07,Citizen Reported,Pending,,CONTR_BMC_120
PTH_2024_00677,RD_LOC_033,R/N Ward Sector 33 Connector Road,R/N,19.27263,72.87379,10.9,3.23,Critical,Bituminous Asphalt,Heavy Axle Commercial Vehicle Load,AI Camera / Patrol Vehicle,2024-08-10,Resolved / Repaired,Rapid Hardening Concrete,2024-08-15,CONTR_BMC_111
PTH_2024_00678,RD_LOC_033,R/N Ward Sector 33 Connector Road,R/N,19.27205,72.86958,12.6,0.97,Critical,Bituminous Asphalt,Waterlogging & Bitumen Stripping,BMC Road Engineer Survey,2024-09-27,Resolved / Repaired,Hot Mix Bituminous Concrete,2024-10-02,CONTR_BMC_118
PTH_2024_00679,RD_LOC_033,R/N Ward Sector 33 Connector Road,R/N,19.27203,72.8725,11.0,2.26,Critical,Bituminous Asphalt,Utility Trench Reinstatement Failure (MGL/MTNL/Adani),BMC Road Engineer Survey,2024-08-19,Resolved / Repaired,Hot Mix Bituminous Concrete,2024-08-24,CONTR_BMC_104
PTH_2024_00680,RD_LOC_033,R/N Ward Sector 33 Connector Road,R/N,19.27211,72.87266,13.1,2.19,Critical,Bituminous Asphalt,Sub-grade Moisture Saturation,BMC Road Engineer Survey,2024-07-20,Inspected - Work Order Issued,Pending,,CONTR_BMC_107
PTH_2024_00681,RD_LOC_033,R/N Ward Sector 33 Connector Road,R/N,19.27251,72.86957,9.2,0.78,High,Bituminous Asphalt,Heavy Axle Commercial Vehicle Load,Citizen (MyBMC App),2024-09-14,Resolved / Repaired,Mastic Asphalt,2024-09-16,CONTR_BMC_123
PTH_2024_00682,RD_LOC_033,R/N Ward Sector 33 Connector Road,R/N,19.27219,72.87092,8.7,1.82,High,Bituminous Asphalt,Asphalt Aging & Pavement Fatigue,Traffic Police Notification,2024-07-08,Resolved / Repaired,Hot Mix Bituminous Concrete,2024-07-13,CONTR_BMC_116
PTH_2024_00683,RD_LOC_033,R/N Ward Sector 33 Connector Road,R/N,19.27235,72.86837,12.5,1.44,Critical,Bituminous Asphalt,Utility Trench Reinstatement Failure (MGL/MTNL/Adani),AI Camera / Patrol Vehicle,2024-08-16,Resolved / Repaired,Hot Mix Bituminous Concrete,2024-08-20,CONTR_BMC_116
PTH_2024_00684,RD_LOC_033,R/N Ward Sector 33 Connector Road,R/N,19.27248,72.86995,8.1,1.04,High,Bituminous Asphalt,Waterlogging & Bitumen Stripping,BMC Road Engineer Survey,2024-07-08,Inspected - Work Order Issued,Pending,,CONTR_BMC_122
PTH_2024_00685,RD_LOC_033,R/N Ward Sector 33 Connector Road,R/N,19.27206,72.87255,13.9,2.26,Critical,Bituminous Asphalt,Sub-grade Moisture Saturation,BMC Road Engineer Survey,2024-08-04,In-Progress,Pending,,CONTR_BMC_122
PTH_2024_00686,RD_LOC_033,R/N Ward Sector 33 Connector Road,R/N,19.27202,72.86908,12.6,2.92,Critical,Bituminous Asphalt,Heavy Axle Commercial Vehicle Load,BMC Road Engineer Survey,2024-09-24,Resolved / Repaired,Mastic Asphalt,2024-09-28,CONTR_BMC_107
PTH_2024_00687,RD_LOC_033,R/N Ward Sector 33 Connector Road,R/N,19.27205,72.8725,10.5,2.38,Critical,Bituminous Asphalt,Heavy Axle Commercial Vehicle Load,Traffic Police Notification,2024-08-04,Resolved / Repaired,Rapid Hardening Concrete,2024-08-10,CONTR_BMC_121
PTH_2024_00688,RD_LOC_033,R/N Ward Sector 33 Connector Road,R/N,19.27247,72.87143,16.3,3.18,Critical,Bituminous Asphalt,Heavy Axle Commercial Vehicle Load,AI Camera / Patrol Vehicle,2024-08-17,Resolved / Repaired,Mastic Asphalt,2024-08-23,CONTR_BMC_124
PTH_2024_00689,RD_LOC_033,R/N Ward Sector 33 Connector Road,R/N,19.2722,72.87057,14.2,2.12,Critical,Bituminous Asphalt,Asphalt Aging & Pavement Fatigue,Traffic Police Notification,2024-06-03,Resolved / Repaired,Cold Mix Polymer Asphalt,2024-06-05,CONTR_BMC_115
PTH_2024_00690,RD_LOC_033,R/N Ward Sector 33 Connector Road,R/N,19.2725,72.87438,9.0,1.51,High,Bituminous Asphalt,Asphalt Aging & Pavement Fatigue,Citizen (MyBMC App),2024-09-23,Resolved / Repaired,Hot Mix Bituminous Concrete,2024-09-25,CONTR_BMC_117
PTH_2024_00691,RD_LOC_033,R/N Ward Sector 33 Connector Road,R/N,19.27212,72.87009,12.9,0.57,Critical,Bituminous Asphalt,Waterlogging & Bitumen Stripping,Traffic Police Notification,2024-09-24,Inspected - Work Order Issued,Pending,,CONTR_BMC_111
PTH_2024_00692,RD_LOC_033,R/N Ward Sector 33 Connector Road,R/N,19.27224,72.87472,8.0,0.46,High,Bituminous Asphalt,Waterlogging & Bitumen Stripping,Citizen (MyBMC App),2024-06-24,Resolved / Repaired,Hot Mix Bituminous Concrete,2024-06-26,CONTR_BMC_102
PTH_2024_00693,RD_LOC_033,R/N Ward Sector 33 Connector Road,R/N,19.27262,72.86754,4.5,1.8,Moderate,Bituminous Asphalt,Heavy Axle Commercial Vehicle Load,BMC Road Engineer Survey,2024-09-16,Resolved / Repaired,Cold Mix Polymer Asphalt,2024-09-17,CONTR_BMC_111
PTH_2024_00694,RD_LOC_033,R/N Ward Sector 33 Connector Road,R/N,19.27227,72.86863,4.1,3.35,Critical,Bituminous Asphalt,Utility Trench Reinstatement Failure (MGL/MTNL/Adani),AI Camera / Patrol Vehicle,2024-08-12,Resolved / Repaired,Hot Mix Bituminous Concrete,2024-08-18,CONTR_BMC_124
PTH_2024_00695,RD_LOC_034,K/W Ward Sector 34 Connector Road,K/W,19.13974,72.81171,3.9,3.47,Critical,Cement Concrete,Utility Trench Reinstatement Failure (MGL/MTNL/Adani),BMC Road Engineer Survey,2024-06-16,Resolved / Repaired,Mastic Asphalt,2024-06-22,CONTR_BMC_109
PTH_2024_00696,RD_LOC_034,K/W Ward Sector 34 Connector Road,K/W,19.14433,72.80957,4.3,0.56,Moderate,Cement Concrete,Heavy Axle Commercial Vehicle Load,BMC Road Engineer Survey,2024-06-16,Resolved / Repaired,Hot Mix Bituminous Concrete,2024-06-21,CONTR_BMC_107
PTH_2024_00697,RD_LOC_035,F/N Ward Sector 35 Connector Road,F/N,19.04235,72.84907,4.2,2.97,Critical,Cement Concrete,Heavy Axle Commercial Vehicle Load,Traffic Police Notification,2024-06-07,Inspected - Work Order Issued,Pending,,CONTR_BMC_120
PTH_2024_00698,RD_LOC_036,H/W Ward Sector 36 Connector Road,H/W,19.06789,72.82595,4.6,2.54,Critical,Cement Concrete,Utility Trench Reinstatement Failure (MGL/MTNL/Adani),BMC Road Engineer Survey,2024-09-06,Resolved / Repaired,Hot Mix Bituminous Concrete,2024-09-10,CONTR_BMC_118
PTH_2024_00699,RD_LOC_037,L Ward Sector 37 Connector Road,L,19.08216,72.88475,10.9,2.49,Critical,Mastic Asphalt,Utility Trench Reinstatement Failure (MGL/MTNL/Adani),AI Camera / Patrol Vehicle,2024-09-11,Citizen Reported,Pending,,CONTR_BMC_101
PTH_2024_00700,RD_LOC_037,L Ward Sector 37 Connector Road,L,19.08174,72.88461,7.5,3.04,Critical,Mastic Asphalt,Waterlogging & Bitumen Stripping,Traffic Police Notification,2024-08-28,Inspected - Work Order Issued,Pending,,CONTR_BMC_117
PTH_2024_00701,RD_LOC_037,L Ward Sector 37 Connector Road,L,19.08169,72.88852,11.9,0.77,High,Mastic Asphalt,Utility Trench Reinstatement Failure (MGL/MTNL/Adani),Citizen (MyBMC App),2024-06-03,Resolved / Repaired,Mastic Asphalt,2024-06-08,CONTR_BMC_116
PTH_2024_00702,RD_LOC_037,L Ward Sector 37 Connector Road,L,19.08134,72.8879,13.3,2.5,Critical,Mastic Asphalt,Heavy Axle Commercial Vehicle Load,BMC Road Engineer Survey,2024-06-24,Resolved / Repaired,Rapid Hardening Concrete,2024-06-26,CONTR_BMC_114
PTH_2024_00703,RD_LOC_037,L Ward Sector 37 Connector Road,L,19.08204,72.88441,9.6,2.2,Critical,Mastic Asphalt,Sub-grade Moisture Saturation,Citizen (MyBMC App),2024-09-28,Citizen Reported,Pending,,CONTR_BMC_111
PTH_2024_00704,RD_LOC_037,L Ward Sector 37 Connector Road,L,19.08181,72.88669,6.3,0.63,Moderate,Mastic Asphalt,Waterlogging & Bitumen Stripping,AI Camera / Patrol Vehicle,2024-08-04,Inspected - Work Order Issued,Pending,,CONTR_BMC_109
PTH_2024_00705,RD_LOC_037,L Ward Sector 37 Connector Road,L,19.08133,72.88461,4.3,2.19,Critical,Mastic Asphalt,Heavy Axle Commercial Vehicle Load,AI Camera / Patrol Vehicle,2024-08-22,Resolved / Repaired,Cold Mix Polymer Asphalt,2024-08-25,CONTR_BMC_118
PTH_2024_00706,RD_LOC_037,L Ward Sector 37 Connector Road,L,19.08199,72.88503,13.3,2.64,Critical,Mastic Asphalt,Utility Trench Reinstatement Failure (MGL/MTNL/Adani),Citizen (MyBMC App),2024-06-18,Resolved / Repaired,Mastic Asphalt,2024-06-21,CONTR_BMC_108
PTH_2024_00707,RD_LOC_037,L Ward Sector 37 Connector Road,L,19.08195,72.88761,5.1,1.2,Moderate,Mastic Asphalt,Heavy Axle Commercial Vehicle Load,BMC Road Engineer Survey,2024-09-02,Resolved / Repaired,Cold Mix Polymer Asphalt,2024-09-07,CONTR_BMC_114
PTH_2024_00708,RD_LOC_037,L Ward Sector 37 Connector Road,L,19.08117,72.88719,8.4,3.04,Critical,Mastic Asphalt,Sub-grade Moisture Saturation,Traffic Police Notification,2024-06-10,Resolved / Repaired,Mastic Asphalt,2024-06-15,CONTR_BMC_124
PTH_2024_00709,RD_LOC_037,L Ward Sector 37 Connector Road,L,19.08228,72.8881,10.9,1.31,High,Mastic Asphalt,Waterlogging & Bitumen Stripping,Citizen (MyBMC App),2024-09-06,Resolved / Repaired,Rapid Hardening Concrete,2024-09-08,CONTR_BMC_120
PTH_2024_00710,RD_LOC_037,L Ward Sector 37 Connector Road,L,19.08164,72.88754,16.4,0.66,Critical,Mastic Asphalt,Waterlogging & Bitumen Stripping,BMC Road Engineer Survey,2024-06-04,In-Progress,Pending,,CONTR_BMC_102
PTH_2024_00711,RD_LOC_037,L Ward Sector 37 Connector Road,L,19.08207,72.88736,12.9,3.36,Critical,Mastic Asphalt,Waterlogging & Bitumen Stripping,Citizen (MyBMC App),2024-07-28,Resolved / Repaired,Mastic Asphalt,2024-07-30,CONTR_BMC_101
PTH_2024_00712,RD_LOC_037,L Ward Sector 37 Connector Road,L,19.08171,72.88832,9.4,2.44,Critical,Mastic Asphalt,Heavy Axle Commercial Vehicle Load,AI Camera / Patrol Vehicle,2024-07-02,Resolved / Repaired,Cold Mix Polymer Asphalt,2024-07-06,CONTR_BMC_108
PTH_2024_00713,RD_LOC_037,L Ward Sector 37 Connector Road,L,19.08106,72.88698,15.2,0.95,Critical,Mastic Asphalt,Heavy Axle Commercial Vehicle Load,Traffic Police Notification,2024-08-09,Resolved / Repaired,Hot Mix Bituminous Concrete,2024-08-10,CONTR_BMC_124
PTH_2024_00714,RD_LOC_037,L Ward Sector 37 Connector Road,L,19.08144,72.8883,7.5,0.54,High,Mastic Asphalt,Asphalt Aging & Pavement Fatigue,Traffic Police Notification,2024-09-10,Resolved / Repaired,Mastic Asphalt,2024-09-15,CONTR_BMC_103
PTH_2024_00715,RD_LOC_037,L Ward Sector 37 Connector Road,L,19.08203,72.88759,17.7,1.98,Critical,Mastic Asphalt,Heavy Axle Commercial Vehicle Load,Traffic Police Notification,2024-07-02,Resolved / Repaired,Hot Mix Bituminous Concrete,2024-07-05,CONTR_BMC_125
PTH_2024_00716,RD_LOC_037,L Ward Sector 37 Connector Road,L,19.0813,72.88772,12.6,1.12,Critical,Mastic Asphalt,Waterlogging & Bitumen Stripping,Traffic Police Notification,2024-07-26,Resolved / Repaired,Rapid Hardening Concrete,2024-07-28,CONTR_BMC_111
PTH_2024_00717,RD_LOC_037,L Ward Sector 37 Connector Road,L,19.08114,72.8864,8.0,1.76,High,Mastic Asphalt,Heavy Axle Commercial Vehicle Load,BMC Road Engineer Survey,2024-09-09,Resolved / Repaired,Mastic Asphalt,2024-09-15,CONTR_BMC_110
PTH_2024_00718,RD_LOC_037,L Ward Sector 37 Connector Road,L,19.08112,72.8849,9.2,0.58,High,Mastic Asphalt,Heavy Axle Commercial Vehicle Load,Traffic Police Notification,2024-08-13,Resolved / Repaired,Rapid Hardening Concrete,2024-08-14,CONTR_BMC_114
PTH_2024_00719,RD_LOC_037,L Ward Sector 37 Connector Road,L,19.08166,72.88637,9.2,2.56,Critical,Mastic Asphalt,Waterlogging & Bitumen Stripping,BMC Road Engineer Survey,2024-09-16,Resolved / Repaired,Cold Mix Polymer Asphalt,2024-09-17,CONTR_BMC_105
PTH_2024_00720,RD_LOC_037,L Ward Sector 37 Connector Road,L,19.08182,72.8862,6.3,1.55,Moderate,Mastic Asphalt,Waterlogging & Bitumen Stripping,AI Camera / Patrol Vehicle,2024-08-10,Resolved / Repaired,Rapid Hardening Concrete,2024-08-12,CONTR_BMC_114
PTH_2024_00721,RD_LOC_037,L Ward Sector 37 Connector Road,L,19.08187,72.88586,13.8,1.34,Critical,Mastic Asphalt,Asphalt Aging & Pavement Fatigue,Traffic Police Notification,2024-08-26,Citizen Reported,Pending,,CONTR_BMC_107
PTH_2024_00722,RD_LOC_037,L Ward Sector 37 Connector Road,L,19.08172,72.88515,7.4,3.07,Critical,Mastic Asphalt,Sub-grade Moisture Saturation,Citizen (MyBMC App),2024-08-17,In-Progress,Pending,,CONTR_BMC_104
PTH_2024_00723,RD_LOC_037,L Ward Sector 37 Connector Road,L,19.08222,72.88823,12.5,0.35,Critical,Mastic Asphalt,Heavy Axle Commercial Vehicle Load,BMC Road Engineer Survey,2024-06-13,Resolved / Repaired,Hot Mix Bituminous Concrete,2024-06-17,CONTR_BMC_101
PTH_2024_00724,RD_LOC_037,L Ward Sector 37 Connector Road,L,19.08139,72.885,11.0,1.51,High,Mastic Asphalt,Heavy Axle Commercial Vehicle Load,Citizen (MyBMC App),2024-07-01,Resolved / Repaired,Cold Mix Polymer Asphalt,2024-07-06,CONTR_BMC_116
PTH_2024_00725,RD_LOC_037,L Ward Sector 37 Connector Road,L,19.08246,72.8864,12.0,2.41,Critical,Mastic Asphalt,Asphalt Aging & Pavement Fatigue,BMC Road Engineer Survey,2024-07-11,Inspected - Work Order Issued,Pending,,CONTR_BMC_120
PTH_2024_00726,RD_LOC_038,G/S Ward Sector 38 Connector Road,G/S,19.00276,72.79592,10.8,1.79,High,Bituminous Asphalt,Asphalt Aging & Pavement Fatigue,AI Camera / Patrol Vehicle,2024-08-17,Resolved / Repaired,Hot Mix Bituminous Concrete,2024-08-21,CONTR_BMC_104
PTH_2024_00727,RD_LOC_038,G/S Ward Sector 38 Connector Road,G/S,19.00293,72.7952,4.7,2.33,Critical,Bituminous Asphalt,Sub-grade Moisture Saturation,Traffic Police Notification,2024-09-20,Resolved / Repaired,Hot Mix Bituminous Concrete,2024-09-22,CONTR_BMC_124
PTH_2024_00728,RD_LOC_038,G/S Ward Sector 38 Connector Road,G/S,19.00445,72.79491,10.2,1.79,High,Bituminous Asphalt,Heavy Axle Commercial Vehicle Load,Traffic Police Notification,2024-08-23,Resolved / Repaired,Hot Mix Bituminous Concrete,2024-08-28,CONTR_BMC_107
PTH_2024_00729,RD_LOC_038,G/S Ward Sector 38 Connector Road,G/S,18.9973,72.7954,15.3,1.15,Critical,Bituminous Asphalt,Utility Trench Reinstatement Failure (MGL/MTNL/Adani),Citizen (MyBMC App),2024-08-06,Citizen Reported,Pending,,CONTR_BMC_106
PTH_2024_00730,RD_LOC_038,G/S Ward Sector 38 Connector Road,G/S,18.99708,72.79462,13.2,0.84,Critical,Bituminous Asphalt,Utility Trench Reinstatement Failure (MGL/MTNL/Adani),Traffic Police Notification,2024-07-25,Resolved / Repaired,Hot Mix Bituminous Concrete,2024-07-29,CONTR_BMC_103
PTH_2024_00731,RD_LOC_038,G/S Ward Sector 38 Connector Road,G/S,18.9982,72.80066,12.6,1.66,Critical,Bituminous Asphalt,Waterlogging & Bitumen Stripping,Traffic Police Notification,2024-07-16,Resolved / Repaired,Hot Mix Bituminous Concrete,2024-07-18,CONTR_BMC_109
PTH_2024_00732,RD_LOC_038,G/S Ward Sector 38 Connector Road,G/S,18.99677,72.7981,7.1,2.78,Critical,Bituminous Asphalt,Sub-grade Moisture Saturation,AI Camera / Patrol Vehicle,2024-09-04,Inspected - Work Order Issued,Pending,,CONTR_BMC_122
PTH_2024_00733,RD_LOC_038,G/S Ward Sector 38 Connector Road,G/S,18.99716,72.80233,16.7,0.65,Critical,Bituminous Asphalt,Heavy Axle Commercial Vehicle Load,BMC Road Engineer Survey,2024-07-17,Inspected - Work Order Issued,Pending,,CONTR_BMC_121
PTH_2024_00734,RD_LOC_038,G/S Ward Sector 38 Connector Road,G/S,18.99939,72.7992,5.1,0.92,Moderate,Bituminous Asphalt,Waterlogging & Bitumen Stripping,Citizen (MyBMC App),2024-09-25,Resolved / Repaired,Hot Mix Bituminous Concrete,2024-09-26,CONTR_BMC_116
PTH_2024_00735,RD_LOC_038,G/S Ward Sector 38 Connector Road,G/S,18.99996,72.79654,15.5,0.62,Critical,Bituminous Asphalt,Asphalt Aging & Pavement Fatigue,Traffic Police Notification,2024-08-25,Resolved / Repaired,Mastic Asphalt,2024-08-27,CONTR_BMC_106
PTH_2024_00736,RD_LOC_038,G/S Ward Sector 38 Connector Road,G/S,18.99645,72.79516,15.4,0.81,Critical,Bituminous Asphalt,Sub-grade Moisture Saturation,Traffic Police Notification,2024-08-14,Resolved / Repaired,Hot Mix Bituminous Concrete,2024-08-15,CONTR_BMC_108
PTH_2024_00737,RD_LOC_038,G/S Ward Sector 38 Connector Road,G/S,19.00093,72.79958,6.4,2.43,Critical,Bituminous Asphalt,Utility Trench Reinstatement Failure (MGL/MTNL/Adani),Citizen (MyBMC App),2024-08-12,Resolved / Repaired,Rapid Hardening Concrete,2024-08-13,CONTR_BMC_122
PTH_2024_00738,RD_LOC_038,G/S Ward Sector 38 Connector Road,G/S,19.00028,72.79626,16.3,1.54,Critical,Bituminous Asphalt,Heavy Axle Commercial Vehicle Load,BMC Road Engineer Survey,2024-09-16,Resolved / Repaired,Mastic Asphalt,2024-09-17,CONTR_BMC_102
PTH_2024_00739,RD_LOC_038,G/S Ward Sector 38 Connector Road,G/S,18.99809,72.79723,13.8,0.68,Critical,Bituminous Asphalt,Asphalt Aging & Pavement Fatigue,Traffic Police Notification,2024-07-05,Resolved / Repaired,Rapid Hardening Concrete,2024-07-11,CONTR_BMC_104
PTH_2024_00740,RD_LOC_038,G/S Ward Sector 38 Connector Road,G/S,18.99556,72.79611,11.8,2.16,Critical,Bituminous Asphalt,Heavy Axle Commercial Vehicle Load,Traffic Police Notification,2024-07-20,Resolved / Repaired,Mastic Asphalt,2024-07-24,CONTR_BMC_106
PTH_2024_00741,RD_LOC_038,G/S Ward Sector 38 Connector Road,G/S,19.00107,72.80187,17.5,2.83,Critical,Bituminous Asphalt,Asphalt Aging & Pavement Fatigue,BMC Road Engineer Survey,2024-07-11,In-Progress,Pending,,CONTR_BMC_106
PTH_2024_00742,RD_LOC_038,G/S Ward Sector 38 Connector Road,G/S,18.9998,72.7955,16.9,2.53,Critical,Bituminous Asphalt,Utility Trench Reinstatement Failure (MGL/MTNL/Adani),AI Camera / Patrol Vehicle,2024-06-14,Resolved / Repaired,Rapid Hardening Concrete,2024-06-15,CONTR_BMC_112
PTH_2024_00743,RD_LOC_038,G/S Ward Sector 38 Connector Road,G/S,19.00184,72.79851,7.1,0.46,High,Bituminous Asphalt,Sub-grade Moisture Saturation,AI Camera / Patrol Vehicle,2024-09-24,Resolved / Repaired,Rapid Hardening Concrete,2024-09-30,CONTR_BMC_108
PTH_2024_00744,RD_LOC_038,G/S Ward Sector 38 Connector Road,G/S,19.00262,72.80231,9.7,1.89,High,Bituminous Asphalt,Waterlogging & Bitumen Stripping,Traffic Police Notification,2024-09-02,In-Progress,Pending,,CONTR_BMC_119
PTH_2024_00745,RD_LOC_038,G/S Ward Sector 38 Connector Road,G/S,18.99781,72.7994,12.0,2.23,Critical,Bituminous Asphalt,Utility Trench Reinstatement Failure (MGL/MTNL/Adani),Citizen (MyBMC App),2024-09-28,Resolved / Repaired,Cold Mix Polymer Asphalt,2024-10-03,CONTR_BMC_104
PTH_2024_00746,RD_LOC_038,G/S Ward Sector 38 Connector Road,G/S,18.99944,72.79633,10.7,1.45,High,Bituminous Asphalt,Asphalt Aging & Pavement Fatigue,Traffic Police Notification,2024-07-04,Inspected - Work Order Issued,Pending,,CONTR_BMC_119
PTH_2024_00747,RD_LOC_038,G/S Ward Sector 38 Connector Road,G/S,18.99608,72.79839,6.6,1.93,Moderate,Bituminous Asphalt,Waterlogging & Bitumen Stripping,Citizen (MyBMC App),2024-06-27,Resolved / Repaired,Rapid Hardening Concrete,2024-06-29,CONTR_BMC_124
PTH_2024_00748,RD_LOC_038,G/S Ward Sector 38 Connector Road,G/S,19.00401,72.79716,12.4,0.88,Critical,Bituminous Asphalt,Heavy Axle Commercial Vehicle Load,AI Camera / Patrol Vehicle,2024-08-21,Resolved / Repaired,Hot Mix Bituminous Concrete,2024-08-25,CONTR_BMC_105
PTH_2024_00749,RD_LOC_038,G/S Ward Sector 38 Connector Road,G/S,18.99701,72.80123,9.6,0.45,High,Bituminous Asphalt,Sub-grade Moisture Saturation,Traffic Police Notification,2024-08-19,Resolved / Repaired,Cold Mix Polymer Asphalt,2024-08-21,CONTR_BMC_110
PTH_2024_00750,RD_LOC_039,R/S Ward Sector 39 Connector Road,R/S,19.20547,72.85186,15.1,2.88,Critical,Mastic Asphalt,Asphalt Aging & Pavement Fatigue,AI Camera / Patrol Vehicle,2024-07-20,Resolved / Repaired,Hot Mix Bituminous Concrete,2024-07-26,CONTR_BMC_117
PTH_2024_00751,RD_LOC_039,R/S Ward Sector 39 Connector Road,R/S,19.20667,72.85459,4.4,0.81,Moderate,Mastic Asphalt,Utility Trench Reinstatement Failure (MGL/MTNL/Adani),AI Camera / Patrol Vehicle,2024-07-27,Resolved / Repaired,Cold Mix Polymer Asphalt,2024-07-29,CONTR_BMC_118
PTH_2024_00752,RD_LOC_039,R/S Ward Sector 39 Connector Road,R/S,19.20383,72.84976,16.6,1.97,Critical,Mastic Asphalt,Waterlogging & Bitumen Stripping,AI Camera / Patrol Vehicle,2024-08-25,Resolved / Repaired,Hot Mix Bituminous Concrete,2024-08-31,CONTR_BMC_101
PTH_2024_00753,RD_LOC_039,R/S Ward Sector 39 Connector Road,R/S,19.20851,72.84941,4.4,0.78,Moderate,Mastic Asphalt,Sub-grade Moisture Saturation,Traffic Police Notification,2024-07-26,Resolved / Repaired,Mastic Asphalt,2024-07-31,CONTR_BMC_120
PTH_2024_00754,RD_LOC_039,R/S Ward Sector 39 Connector Road,R/S,19.20856,72.85619,6.7,1.65,Moderate,Mastic Asphalt,Utility Trench Reinstatement Failure (MGL/MTNL/Adani),Citizen (MyBMC App),2024-08-26,Resolved / Repaired,Rapid Hardening Concrete,2024-08-30,CONTR_BMC_120
PTH_2024_00755,RD_LOC_039,R/S Ward Sector 39 Connector Road,R/S,19.20762,72.84852,14.1,3.1,Critical,Mastic Asphalt,Heavy Axle Commercial Vehicle Load,BMC Road Engineer Survey,2024-06-07,Resolved / Repaired,Cold Mix Polymer Asphalt,2024-06-13,CONTR_BMC_114
PTH_2024_00756,RD_LOC_039,R/S Ward Sector 39 Connector Road,R/S,19.20568,72.85796,12.4,0.85,Critical,Mastic Asphalt,Waterlogging & Bitumen Stripping,AI Camera / Patrol Vehicle,2024-09-06,Resolved / Repaired,Rapid Hardening Concrete,2024-09-10,CONTR_BMC_104
PTH_2024_00757,RD_LOC_039,R/S Ward Sector 39 Connector Road,R/S,19.20376,72.84954,13.5,0.82,Critical,Mastic Asphalt,Asphalt Aging & Pavement Fatigue,BMC Road Engineer Survey,2024-06-17,Resolved / Repaired,Rapid Hardening Concrete,2024-06-19,CONTR_BMC_107
PTH_2024_00758,RD_LOC_039,R/S Ward Sector 39 Connector Road,R/S,19.20786,72.855,8.7,2.49,Critical,Mastic Asphalt,Utility Trench Reinstatement Failure (MGL/MTNL/Adani),BMC Road Engineer Survey,2024-09-19,Resolved / Repaired,Cold Mix Polymer Asphalt,2024-09-25,CONTR_BMC_114
PTH_2024_00759,RD_LOC_039,R/S Ward Sector 39 Connector Road,R/S,19.20974,72.8552,6.9,0.44,Moderate,Mastic Asphalt,Sub-grade Moisture Saturation,Citizen (MyBMC App),2024-09-02,Resolved / Repaired,Rapid Hardening Concrete,2024-09-08,CONTR_BMC_112
PTH_2024_00760,RD_LOC_039,R/S Ward Sector 39 Connector Road,R/S,19.20757,72.85214,9.5,2.92,Critical,Mastic Asphalt,Sub-grade Moisture Saturation,BMC Road Engineer Survey,2024-08-28,In-Progress,Pending,,CONTR_BMC_101
PTH_2024_00761,RD_LOC_039,R/S Ward Sector 39 Connector Road,R/S,19.20704,72.85181,16.8,1.38,Critical,Mastic Asphalt,Sub-grade Moisture Saturation,Citizen (MyBMC App),2024-08-23,Resolved / Repaired,Hot Mix Bituminous Concrete,2024-08-24,CONTR_BMC_111
PTH_2024_00762,RD_LOC_039,R/S Ward Sector 39 Connector Road,R/S,19.20903,72.85366,15.3,0.38,Critical,Mastic Asphalt,Heavy Axle Commercial Vehicle Load,AI Camera / Patrol Vehicle,2024-09-26,Resolved / Repaired,Cold Mix Polymer Asphalt,2024-09-28,CONTR_BMC_122
PTH_2024_00763,RD_LOC_039,R/S Ward Sector 39 Connector Road,R/S,19.2084,72.85813,10.9,1.56,High,Mastic Asphalt,Waterlogging & Bitumen Stripping,Traffic Police Notification,2024-08-24,Resolved / Repaired,Hot Mix Bituminous Concrete,2024-08-30,CONTR_BMC_118
PTH_2024_00764,RD_LOC_039,R/S Ward Sector 39 Connector Road,R/S,19.20704,72.85648,6.2,2.28,Critical,Mastic Asphalt,Sub-grade Moisture Saturation,Traffic Police Notification,2024-06-25,Resolved / Repaired,Mastic Asphalt,2024-07-01,CONTR_BMC_114
PTH_2024_00765,RD_LOC_039,R/S Ward Sector 39 Connector Road,R/S,19.20319,72.85081,4.8,2.87,Critical,Mastic Asphalt,Waterlogging & Bitumen Stripping,AI Camera / Patrol Vehicle,2024-07-20,Resolved / Repaired,Cold Mix Polymer Asphalt,2024-07-24,CONTR_BMC_117
PTH_2024_00766,RD_LOC_039,R/S Ward Sector 39 Connector Road,R/S,19.20882,72.85459,11.1,0.62,High,Mastic Asphalt,Utility Trench Reinstatement Failure (MGL/MTNL/Adani),Citizen (MyBMC App),2024-06-17,Resolved / Repaired,Mastic Asphalt,2024-06-22,CONTR_BMC_116
PTH_2024_00767,RD_LOC_039,R/S Ward Sector 39 Connector Road,R/S,19.2054,72.85023,16.8,0.44,Critical,Mastic Asphalt,Asphalt Aging & Pavement Fatigue,Traffic Police Notification,2024-09-22,Inspected - Work Order Issued,Pending,,CONTR_BMC_115
PTH_2024_00768,RD_LOC_039,R/S Ward Sector 39 Connector Road,R/S,19.20572,72.85566,17.8,0.94,Critical,Mastic Asphalt,Sub-grade Moisture Saturation,AI Camera / Patrol Vehicle,2024-07-27,Resolved / Repaired,Rapid Hardening Concrete,2024-08-01,CONTR_BMC_107
PTH_2024_00769,RD_LOC_039,R/S Ward Sector 39 Connector Road,R/S,19.2043,72.85022,15.1,1.66,Critical,Mastic Asphalt,Waterlogging & Bitumen Stripping,Traffic Police Notification,2024-07-06,In-Progress,Pending,,CONTR_BMC_124
PTH_2024_00770,RD_LOC_039,R/S Ward Sector 39 Connector Road,R/S,19.20772,72.85187,17.5,2.64,Critical,Mastic Asphalt,Utility Trench Reinstatement Failure (MGL/MTNL/Adani),BMC Road Engineer Survey,2024-07-24,Resolved / Repaired,Cold Mix Polymer Asphalt,2024-07-30,CONTR_BMC_102
PTH_2024_00771,RD_LOC_039,R/S Ward Sector 39 Connector Road,R/S,19.20565,72.84909,8.1,1.59,High,Mastic Asphalt,Sub-grade Moisture Saturation,AI Camera / Patrol Vehicle,2024-06-19,In-Progress,Pending,,CONTR_BMC_116
PTH_2024_00772,RD_LOC_039,R/S Ward Sector 39 Connector Road,R/S,19.20873,72.84974,13.6,1.84,Critical,Mastic Asphalt,Heavy Axle Commercial Vehicle Load,AI Camera / Patrol Vehicle,2024-09-23,Resolved / Repaired,Cold Mix Polymer Asphalt,2024-09-25,CONTR_BMC_125
PTH_2024_00773,RD_LOC_040,L Ward Sector 40 Connector Road,L,19.04876,72.89044,17.7,0.9,Critical,Mastic Asphalt,Heavy Axle Commercial Vehicle Load,Citizen (MyBMC App),2024-07-17,Resolved / Repaired,Rapid Hardening Concrete,2024-07-23,CONTR_BMC_107
PTH_2024_00774,RD_LOC_040,L Ward Sector 40 Connector Road,L,19.04838,72.8919,8.8,3.44,Critical,Mastic Asphalt,Asphalt Aging & Pavement Fatigue,Traffic Police Notification,2024-07-13,In-Progress,Pending,,CONTR_BMC_119
PTH_2024_00775,RD_LOC_040,L Ward Sector 40 Connector Road,L,19.04826,72.88995,10.9,0.39,High,Mastic Asphalt,Utility Trench Reinstatement Failure (MGL/MTNL/Adani),AI Camera / Patrol Vehicle,2024-06-14,In-Progress,Pending,,CONTR_BMC_110
PTH_2024_00776,RD_LOC_040,L Ward Sector 40 Connector Road,L,19.04836,72.89306,12.9,0.87,Critical,Mastic Asphalt,Utility Trench Reinstatement Failure (MGL/MTNL/Adani),Traffic Police Notification,2024-07-14,Citizen Reported,Pending,,CONTR_BMC_103
PTH_2024_00777,RD_LOC_040,L Ward Sector 40 Connector Road,L,19.04769,72.8947,17.9,1.87,Critical,Mastic Asphalt,Asphalt Aging & Pavement Fatigue,Citizen (MyBMC App),2024-07-20,Resolved / Repaired,Hot Mix Bituminous Concrete,2024-07-24,CONTR_BMC_106
PTH_2024_00778,RD_LOC_040,L Ward Sector 40 Connector Road,L,19.04829,72.89327,16.2,1.43,Critical,Mastic Asphalt,Sub-grade Moisture Saturation,AI Camera / Patrol Vehicle,2024-09-04,Resolved / Repaired,Rapid Hardening Concrete,2024-09-07,CONTR_BMC_124
PTH_2024_00779,RD_LOC_040,L Ward Sector 40 Connector Road,L,19.04736,72.89105,14.5,0.98,Critical,Mastic Asphalt,Asphalt Aging & Pavement Fatigue,AI Camera / Patrol Vehicle,2024-06-07,Inspected - Work Order Issued,Pending,,CONTR_BMC_118
PTH_2024_00780,RD_LOC_040,L Ward Sector 40 Connector Road,L,19.04835,72.89283,16.4,1.31,Critical,Mastic Asphalt,Heavy Axle Commercial Vehicle Load,Traffic Police Notification,2024-07-19,In-Progress,Pending,,CONTR_BMC_109
PTH_2024_00781,RD_LOC_040,L Ward Sector 40 Connector Road,L,19.04905,72.89346,17.1,3.37,Critical,Mastic Asphalt,Asphalt Aging & Pavement Fatigue,Citizen (MyBMC App),2024-06-15,Resolved / Repaired,Hot Mix Bituminous Concrete,2024-06-18,CONTR_BMC_121
PTH_2024_00782,RD_LOC_041,T Ward Sector 41 Connector Road,T,19.15376,72.97444,4.3,1.45,Moderate,Cement Concrete,Utility Trench Reinstatement Failure (MGL/MTNL/Adani),BMC Road Engineer Survey,2024-06-23,Resolved / Repaired,Cold Mix Polymer Asphalt,2024-06-29,CONTR_BMC_121
PTH_2024_00783,RD_LOC_042,R/N Ward Sector 42 Connector Road,R/N,19.24244,72.83897,12.3,0.33,Critical,Mastic Asphalt,Sub-grade Moisture Saturation,BMC Road Engineer Survey,2024-09-07,In-Progress,Pending,,CONTR_BMC_116
PTH_2024_00784,RD_LOC_042,R/N Ward Sector 42 Connector Road,R/N,19.24151,72.83673,7.4,1.51,High,Mastic Asphalt,Sub-grade Moisture Saturation,Traffic Police Notification,2024-06-10,Resolved / Repaired,Cold Mix Polymer Asphalt,2024-06-11,CONTR_BMC_102
PTH_2024_00785,RD_LOC_042,R/N Ward Sector 42 Connector Road,R/N,19.24209,72.83908,10.6,0.56,High,Mastic Asphalt,Heavy Axle Commercial Vehicle Load,AI Camera / Patrol Vehicle,2024-08-10,In-Progress,Pending,,CONTR_BMC_122
PTH_2024_00786,RD_LOC_042,R/N Ward Sector 42 Connector Road,R/N,19.24258,72.83783,16.5,1.76,Critical,Mastic Asphalt,Asphalt Aging & Pavement Fatigue,BMC Road Engineer Survey,2024-07-23,In-Progress,Pending,,CONTR_BMC_111
PTH_2024_00787,RD_LOC_042,R/N Ward Sector 42 Connector Road,R/N,19.24215,72.83984,13.3,1.55,Critical,Mastic Asphalt,Waterlogging & Bitumen Stripping,Citizen (MyBMC App),2024-07-03,In-Progress,Pending,,CONTR_BMC_103
PTH_2024_00788,RD_LOC_042,R/N Ward Sector 42 Connector Road,R/N,19.24237,72.83724,16.7,1.01,Critical,Mastic Asphalt,Utility Trench Reinstatement Failure (MGL/MTNL/Adani),Traffic Police Notification,2024-08-06,Resolved / Repaired,Mastic Asphalt,2024-08-07,CONTR_BMC_110
PTH_2024_00789,RD_LOC_042,R/N Ward Sector 42 Connector Road,R/N,19.24216,72.83747,8.5,1.78,High,Mastic Asphalt,Waterlogging & Bitumen Stripping,Traffic Police Notification,2024-09-19,Resolved / Repaired,Rapid Hardening Concrete,2024-09-22,CONTR_BMC_122
PTH_2024_00790,RD_LOC_042,R/N Ward Sector 42 Connector Road,R/N,19.24251,72.84,16.2,2.8,Critical,Mastic Asphalt,Asphalt Aging & Pavement Fatigue,AI Camera / Patrol Vehicle,2024-06-09,Inspected - Work Order Issued,Pending,,CONTR_BMC_121
PTH_2024_00791,RD_LOC_042,R/N Ward Sector 42 Connector Road,R/N,19.24204,72.83794,11.0,2.39,Critical,Mastic Asphalt,Asphalt Aging & Pavement Fatigue,AI Camera / Patrol Vehicle,2024-08-09,Resolved / Repaired,Hot Mix Bituminous Concrete,2024-08-13,CONTR_BMC_103
PTH_2024_00792,RD_LOC_042,R/N Ward Sector 42 Connector Road,R/N,19.24204,72.83896,4.7,1.45,Moderate,Mastic Asphalt,Asphalt Aging & Pavement Fatigue,Citizen (MyBMC App),2024-07-14,In-Progress,Pending,,CONTR_BMC_112
PTH_2024_00793,RD_LOC_042,R/N Ward Sector 42 Connector Road,R/N,19.2426,72.83983,15.1,2.46,Critical,Mastic Asphalt,Waterlogging & Bitumen Stripping,AI Camera / Patrol Vehicle,2024-08-28,In-Progress,Pending,,CONTR_BMC_115
PTH_2024_00794,RD_LOC_042,R/N Ward Sector 42 Connector Road,R/N,19.2421,72.83781,16.0,3.45,Critical,Mastic Asphalt,Asphalt Aging & Pavement Fatigue,AI Camera / Patrol Vehicle,2024-09-07,Inspected - Work Order Issued,Pending,,CONTR_BMC_102
PTH_2024_00795,RD_LOC_042,R/N Ward Sector 42 Connector Road,R/N,19.24216,72.83925,6.9,2.67,Critical,Mastic Asphalt,Waterlogging & Bitumen Stripping,Traffic Police Notification,2024-07-07,Inspected - Work Order Issued,Pending,,CONTR_BMC_118
PTH_2024_00796,RD_LOC_042,R/N Ward Sector 42 Connector Road,R/N,19.24256,72.83795,5.2,1.55,Moderate,Mastic Asphalt,Heavy Axle Commercial Vehicle Load,BMC Road Engineer Survey,2024-09-19,In-Progress,Pending,,CONTR_BMC_120
PTH_2024_00797,RD_LOC_042,R/N Ward Sector 42 Connector Road,R/N,19.24261,72.8374,15.6,2.35,Critical,Mastic Asphalt,Waterlogging & Bitumen Stripping,AI Camera / Patrol Vehicle,2024-09-28,In-Progress,Pending,,CONTR_BMC_116
PTH_2024_00798,RD_LOC_042,R/N Ward Sector 42 Connector Road,R/N,19.2416,72.83884,13.8,1.53,Critical,Mastic Asphalt,Sub-grade Moisture Saturation,Citizen (MyBMC App),2024-09-10,Resolved / Repaired,Rapid Hardening Concrete,2024-09-13,CONTR_BMC_102
PTH_2024_00799,RD_LOC_042,R/N Ward Sector 42 Connector Road,R/N,19.24144,72.83773,10.7,2.5,Critical,Mastic Asphalt,Asphalt Aging & Pavement Fatigue,BMC Road Engineer Survey,2024-06-01,In-Progress,Pending,,CONTR_BMC_115
PTH_2024_00800,RD_LOC_043,P/N Ward Sector 43 Connector Road,P/N,19.18053,72.82329,5.0,3.09,Critical,Cement Concrete,Waterlogging & Bitumen Stripping,Traffic Police Notification,2024-08-05,Resolved / Repaired,Rapid Hardening Concrete,2024-08-10,CONTR_BMC_101
PTH_2024_00801,RD_LOC_043,P/N Ward Sector 43 Connector Road,P/N,19.16909,72.82299,3.8,3.37,Critical,Cement Concrete,Waterlogging & Bitumen Stripping,Traffic Police Notification,2024-06-01,Resolved / Repaired,Hot Mix Bituminous Concrete,2024-06-05,CONTR_BMC_116
PTH_2024_00802,RD_LOC_043,P/N Ward Sector 43 Connector Road,P/N,19.17486,72.82408,5.6,1.52,Moderate,Cement Concrete,Waterlogging & Bitumen Stripping,Citizen (MyBMC App),2024-06-21,Citizen Reported,Pending,,CONTR_BMC_121
PTH_2024_00803,RD_LOC_044,P/N Ward Sector 44 Connector Road,P/N,19.18103,72.82169,17.2,0.92,Critical,Bituminous Asphalt,Sub-grade Moisture Saturation,Traffic Police Notification,2024-06-11,Resolved / Repaired,Cold Mix Polymer Asphalt,2024-06-14,CONTR_BMC_114
PTH_2024_00804,RD_LOC_044,P/N Ward Sector 44 Connector Road,P/N,19.18558,72.82168,9.9,2.27,Critical,Bituminous Asphalt,Heavy Axle Commercial Vehicle Load,Traffic Police Notification,2024-09-02,Inspected - Work Order Issued,Pending,,CONTR_BMC_113
PTH_2024_00805,RD_LOC_044,P/N Ward Sector 44 Connector Road,P/N,19.18357,72.8217,12.1,1.4,Critical,Bituminous Asphalt,Sub-grade Moisture Saturation,BMC Road Engineer Survey,2024-07-23,Inspected - Work Order Issued,Pending,,CONTR_BMC_124
PTH_2024_00806,RD_LOC_044,P/N Ward Sector 44 Connector Road,P/N,19.18154,72.82168,10.6,3.0,Critical,Bituminous Asphalt,Sub-grade Moisture Saturation,Citizen (MyBMC App),2024-08-11,In-Progress,Pending,,CONTR_BMC_110
PTH_2024_00807,RD_LOC_044,P/N Ward Sector 44 Connector Road,P/N,19.18558,72.8217,10.3,2.87,Critical,Bituminous Asphalt,Sub-grade Moisture Saturation,AI Camera / Patrol Vehicle,2024-07-16,Resolved / Repaired,Rapid Hardening Concrete,2024-07-17,CONTR_BMC_107
PTH_2024_00808,RD_LOC_044,P/N Ward Sector 44 Connector Road,P/N,19.18138,72.82169,10.9,2.32,Critical,Bituminous Asphalt,Asphalt Aging & Pavement Fatigue,AI Camera / Patrol Vehicle,2024-09-22,Inspected - Work Order Issued,Pending,,CONTR_BMC_107
PTH_2024_00809,RD_LOC_044,P/N Ward Sector 44 Connector Road,P/N,19.18558,72.82169,15.8,1.96,Critical,Bituminous Asphalt,Heavy Axle Commercial Vehicle Load,Citizen (MyBMC App),2024-08-24,Resolved / Repaired,Mastic Asphalt,2024-08-27,CONTR_BMC_112
PTH_2024_00810,RD_LOC_044,P/N Ward Sector 44 Connector Road,P/N,19.18043,72.82169,15.2,3.41,Critical,Bituminous Asphalt,Asphalt Aging & Pavement Fatigue,Citizen (MyBMC App),2024-07-17,Resolved / Repaired,Mastic Asphalt,2024-07-22,CONTR_BMC_112
PTH_2024_00811,RD_LOC_044,P/N Ward Sector 44 Connector Road,P/N,19.18207,72.82169,14.6,2.82,Critical,Bituminous Asphalt,Utility Trench Reinstatement Failure (MGL/MTNL/Adani),BMC Road Engineer Survey,2024-08-26,Resolved / Repaired,Hot Mix Bituminous Concrete,2024-09-01,CONTR_BMC_116
PTH_2024_00812,RD_LOC_044,P/N Ward Sector 44 Connector Road,P/N,19.18168,72.82168,16.9,1.82,Critical,Bituminous Asphalt,Asphalt Aging & Pavement Fatigue,Citizen (MyBMC App),2024-08-28,Citizen Reported,Pending,,CONTR_BMC_104
PTH_2024_00813,RD_LOC_044,P/N Ward Sector 44 Connector Road,P/N,19.18231,72.82169,10.7,0.74,High,Bituminous Asphalt,Sub-grade Moisture Saturation,Citizen (MyBMC App),2024-06-24,Inspected - Work Order Issued,Pending,,CONTR_BMC_121
PTH_2024_00814,RD_LOC_044,P/N Ward Sector 44 Connector Road,P/N,19.18141,72.82168,15.7,2.9,Critical,Bituminous Asphalt,Waterlogging & Bitumen Stripping,Citizen (MyBMC App),2024-06-05,Resolved / Repaired,Cold Mix Polymer Asphalt,2024-06-11,CONTR_BMC_121
PTH_2024_00815,RD_LOC_044,P/N Ward Sector 44 Connector Road,P/N,19.18665,72.82168,5.1,1.56,Moderate,Bituminous Asphalt,Sub-grade Moisture Saturation,Citizen (MyBMC App),2024-08-12,Resolved / Repaired,Mastic Asphalt,2024-08-17,CONTR_BMC_115
PTH_2024_00816,RD_LOC_044,P/N Ward Sector 44 Connector Road,P/N,19.18415,72.8217,13.5,1.08,Critical,Bituminous Asphalt,Waterlogging & Bitumen Stripping,Citizen (MyBMC App),2024-07-05,Resolved / Repaired,Hot Mix Bituminous Concrete,2024-07-11,CONTR_BMC_122
PTH_2024_00817,RD_LOC_044,P/N Ward Sector 44 Connector Road,P/N,19.18675,72.82168,12.6,1.1,Critical,Bituminous Asphalt,Waterlogging & Bitumen Stripping,Traffic Police Notification,2024-08-23,Inspected - Work Order Issued,Pending,,CONTR_BMC_116
PTH_2024_00818,RD_LOC_044,P/N Ward Sector 44 Connector Road,P/N,19.18272,72.82169,7.1,1.9,High,Bituminous Asphalt,Utility Trench Reinstatement Failure (MGL/MTNL/Adani),BMC Road Engineer Survey,2024-09-19,Resolved / Repaired,Cold Mix Polymer Asphalt,2024-09-25,CONTR_BMC_125
PTH_2024_00819,RD_LOC_044,P/N Ward Sector 44 Connector Road,P/N,19.18345,72.82168,15.3,1.17,Critical,Bituminous Asphalt,Utility Trench Reinstatement Failure (MGL/MTNL/Adani),Traffic Police Notification,2024-07-27,Resolved / Repaired,Cold Mix Polymer Asphalt,2024-08-01,CONTR_BMC_110
PTH_2024_00820,RD_LOC_044,P/N Ward Sector 44 Connector Road,P/N,19.18469,72.8217,16.6,1.92,Critical,Bituminous Asphalt,Waterlogging & Bitumen Stripping,Citizen (MyBMC App),2024-09-07,Resolved / Repaired,Rapid Hardening Concrete,2024-09-08,CONTR_BMC_108
PTH_2024_00821,RD_LOC_044,P/N Ward Sector 44 Connector Road,P/N,19.18546,72.8217,15.9,0.57,Critical,Bituminous Asphalt,Waterlogging & Bitumen Stripping,BMC Road Engineer Survey,2024-06-19,Citizen Reported,Pending,,CONTR_BMC_116
PTH_2024_00822,RD_LOC_044,P/N Ward Sector 44 Connector Road,P/N,19.1838,72.82168,13.6,3.17,Critical,Bituminous Asphalt,Asphalt Aging & Pavement Fatigue,BMC Road Engineer Survey,2024-09-02,Resolved / Repaired,Rapid Hardening Concrete,2024-09-08,CONTR_BMC_112
PTH_2024_00823,RD_LOC_044,P/N Ward Sector 44 Connector Road,P/N,19.18589,72.8217,8.1,0.54,High,Bituminous Asphalt,Heavy Axle Commercial Vehicle Load,AI Camera / Patrol Vehicle,2024-08-11,In-Progress,Pending,,CONTR_BMC_103
PTH_2024_00824,RD_LOC_044,P/N Ward Sector 44 Connector Road,P/N,19.18482,72.82169,7.6,1.25,High,Bituminous Asphalt,Heavy Axle Commercial Vehicle Load,AI Camera / Patrol Vehicle,2024-06-18,Resolved / Repaired,Cold Mix Polymer Asphalt,2024-06-20,CONTR_BMC_112
PTH_2024_00825,RD_LOC_044,P/N Ward Sector 44 Connector Road,P/N,19.18095,72.82168,10.4,0.84,High,Bituminous Asphalt,Sub-grade Moisture Saturation,BMC Road Engineer Survey,2024-09-11,Resolved / Repaired,Mastic Asphalt,2024-09-13,CONTR_BMC_118
PTH_2024_00826,RD_LOC_044,P/N Ward Sector 44 Connector Road,P/N,19.18211,72.82168,17.6,2.72,Critical,Bituminous Asphalt,Utility Trench Reinstatement Failure (MGL/MTNL/Adani),BMC Road Engineer Survey,2024-06-07,Resolved / Repaired,Hot Mix Bituminous Concrete,2024-06-09,CONTR_BMC_123
PTH_2024_00827,RD_LOC_045,A Ward Sector 45 Connector Road,A,18.91854,72.823,17.6,1.09,Critical,Bituminous Asphalt,Asphalt Aging & Pavement Fatigue,Traffic Police Notification,2024-09-28,Resolved / Repaired,Hot Mix Bituminous Concrete,2024-10-01,CONTR_BMC_121
PTH_2024_00828,RD_LOC_045,A Ward Sector 45 Connector Road,A,18.91612,72.82302,12.3,1.09,Critical,Bituminous Asphalt,Waterlogging & Bitumen Stripping,Citizen (MyBMC App),2024-07-12,In-Progress,Pending,,CONTR_BMC_116
PTH_2024_00829,RD_LOC_045,A Ward Sector 45 Connector Road,A,18.91733,72.82241,4.5,1.47,Moderate,Bituminous Asphalt,Heavy Axle Commercial Vehicle Load,BMC Road Engineer Survey,2024-08-02,Resolved / Repaired,Cold Mix Polymer Asphalt,2024-08-08,CONTR_BMC_121
PTH_2024_00830,RD_LOC_045,A Ward Sector 45 Connector Road,A,18.91669,72.82253,14.6,1.78,Critical,Bituminous Asphalt,Asphalt Aging & Pavement Fatigue,Citizen (MyBMC App),2024-06-28,Citizen Reported,Pending,,CONTR_BMC_104
PTH_2024_00831,RD_LOC_045,A Ward Sector 45 Connector Road,A,18.91708,72.82237,17.8,1.62,Critical,Bituminous Asphalt,Asphalt Aging & Pavement Fatigue,BMC Road Engineer Survey,2024-08-02,In-Progress,Pending,,CONTR_BMC_120
PTH_2024_00832,RD_LOC_045,A Ward Sector 45 Connector Road,A,18.91689,72.82228,17.2,2.33,Critical,Bituminous Asphalt,Heavy Axle Commercial Vehicle Load,Citizen (MyBMC App),2024-09-17,Resolved / Repaired,Hot Mix Bituminous Concrete,2024-09-18,CONTR_BMC_118
PTH_2024_00833,RD_LOC_045,A Ward Sector 45 Connector Road,A,18.91657,72.82299,8.2,2.74,Critical,Bituminous Asphalt,Heavy Axle Commercial Vehicle Load,Citizen (MyBMC App),2024-06-13,Resolved / Repaired,Mastic Asphalt,2024-06-15,CONTR_BMC_117
PTH_2024_00834,RD_LOC_045,A Ward Sector 45 Connector Road,A,18.91768,72.82263,5.3,2.76,Critical,Bituminous Asphalt,Sub-grade Moisture Saturation,AI Camera / Patrol Vehicle,2024-07-15,Resolved / Repaired,Rapid Hardening Concrete,2024-07-16,CONTR_BMC_114
PTH_2024_00835,RD_LOC_045,A Ward Sector 45 Connector Road,A,18.91621,72.82243,16.2,3.16,Critical,Bituminous Asphalt,Utility Trench Reinstatement Failure (MGL/MTNL/Adani),Citizen (MyBMC App),2024-06-04,Resolved / Repaired,Rapid Hardening Concrete,2024-06-10,CONTR_BMC_123
PTH_2024_00836,RD_LOC_045,A Ward Sector 45 Connector Road,A,18.91778,72.8226,13.8,2.86,Critical,Bituminous Asphalt,Waterlogging & Bitumen Stripping,Traffic Police Notification,2024-09-06,Resolved / Repaired,Mastic Asphalt,2024-09-08,CONTR_BMC_124
PTH_2024_00837,RD_LOC_045,A Ward Sector 45 Connector Road,A,18.91859,72.82241,11.8,2.14,Critical,Bituminous Asphalt,Heavy Axle Commercial Vehicle Load,Traffic Police Notification,2024-06-11,In-Progress,Pending,,CONTR_BMC_121
PTH_2024_00838,RD_LOC_045,A Ward Sector 45 Connector Road,A,18.91703,72.82226,14.2,0.91,Critical,Bituminous Asphalt,Sub-grade Moisture Saturation,AI Camera / Patrol Vehicle,2024-08-17,Resolved / Repaired,Mastic Asphalt,2024-08-19,CONTR_BMC_124
PTH_2024_00839,RD_LOC_045,A Ward Sector 45 Connector Road,A,18.91865,72.82257,7.6,0.35,High,Bituminous Asphalt,Asphalt Aging & Pavement Fatigue,AI Camera / Patrol Vehicle,2024-06-19,Inspected - Work Order Issued,Pending,,CONTR_BMC_114
PTH_2024_00840,RD_LOC_045,A Ward Sector 45 Connector Road,A,18.91645,72.82278,11.9,1.1,High,Bituminous Asphalt,Waterlogging & Bitumen Stripping,Traffic Police Notification,2024-09-13,Resolved / Repaired,Hot Mix Bituminous Concrete,2024-09-15,CONTR_BMC_112
PTH_2024_00841,RD_LOC_045,A Ward Sector 45 Connector Road,A,18.91744,72.82221,17.5,0.63,Critical,Bituminous Asphalt,Asphalt Aging & Pavement Fatigue,BMC Road Engineer Survey,2024-07-20,Resolved / Repaired,Hot Mix Bituminous Concrete,2024-07-24,CONTR_BMC_117
PTH_2024_00842,RD_LOC_045,A Ward Sector 45 Connector Road,A,18.91656,72.82258,15.2,2.13,Critical,Bituminous Asphalt,Utility Trench Reinstatement Failure (MGL/MTNL/Adani),Traffic Police Notification,2024-06-18,Resolved / Repaired,Cold Mix Polymer Asphalt,2024-06-19,CONTR_BMC_125
PTH_2024_00843,RD_LOC_045,A Ward Sector 45 Connector Road,A,18.91682,72.82253,14.8,2.82,Critical,Bituminous Asphalt,Asphalt Aging & Pavement Fatigue,AI Camera / Patrol Vehicle,2024-06-17,In-Progress,Pending,,CONTR_BMC_107
PTH_2024_00844,RD_LOC_045,A Ward Sector 45 Connector Road,A,18.91852,72.82235,9.4,3.39,Critical,Bituminous Asphalt,Asphalt Aging & Pavement Fatigue,BMC Road Engineer Survey,2024-06-22,Resolved / Repaired,Mastic Asphalt,2024-06-28,CONTR_BMC_124
PTH_2024_00845,RD_LOC_045,A Ward Sector 45 Connector Road,A,18.91856,72.82273,15.8,2.15,Critical,Bituminous Asphalt,Utility Trench Reinstatement Failure (MGL/MTNL/Adani),AI Camera / Patrol Vehicle,2024-07-16,Resolved / Repaired,Rapid Hardening Concrete,2024-07-19,CONTR_BMC_118
PTH_2024_00846,RD_LOC_046,M/W Ward Sector 46 Connector Road,M/W,19.04973,72.90745,7.3,2.26,Critical,Mastic Asphalt,Sub-grade Moisture Saturation,Citizen (MyBMC App),2024-07-09,Inspected - Work Order Issued,Pending,,CONTR_BMC_124
PTH_2024_00847,RD_LOC_046,M/W Ward Sector 46 Connector Road,M/W,19.04904,72.90793,13.5,0.42,Critical,Mastic Asphalt,Asphalt Aging & Pavement Fatigue,BMC Road Engineer Survey,2024-09-15,Resolved / Repaired,Mastic Asphalt,2024-09-17,CONTR_BMC_107
PTH_2024_00848,RD_LOC_046,M/W Ward Sector 46 Connector Road,M/W,19.05051,72.90785,10.4,1.44,High,Mastic Asphalt,Waterlogging & Bitumen Stripping,Traffic Police Notification,2024-06-27,In-Progress,Pending,,CONTR_BMC_109
PTH_2024_00849,RD_LOC_046,M/W Ward Sector 46 Connector Road,M/W,19.05198,72.90841,11.3,1.64,High,Mastic Asphalt,Heavy Axle Commercial Vehicle Load,Traffic Police Notification,2024-07-18,Citizen Reported,Pending,,CONTR_BMC_106
PTH_2024_00850,RD_LOC_046,M/W Ward Sector 46 Connector Road,M/W,19.05098,72.90792,11.0,2.55,Critical,Mastic Asphalt,Sub-grade Moisture Saturation,Citizen (MyBMC App),2024-06-13,Resolved / Repaired,Mastic Asphalt,2024-06-18,CONTR_BMC_111
PTH_2024_00851,RD_LOC_046,M/W Ward Sector 46 Connector Road,M/W,19.053,72.90735,11.4,2.98,Critical,Mastic Asphalt,Sub-grade Moisture Saturation,BMC Road Engineer Survey,2024-06-05,Resolved / Repaired,Rapid Hardening Concrete,2024-06-09,CONTR_BMC_115
PTH_2024_00852,RD_LOC_046,M/W Ward Sector 46 Connector Road,M/W,19.04929,72.9083,16.8,0.33,Critical,Mastic Asphalt,Asphalt Aging & Pavement Fatigue,AI Camera / Patrol Vehicle,2024-09-23,Resolved / Repaired,Cold Mix Polymer Asphalt,2024-09-24,CONTR_BMC_105
PTH_2024_00853,RD_LOC_046,M/W Ward Sector 46 Connector Road,M/W,19.0503,72.90792,12.1,0.98,Critical,Mastic Asphalt,Asphalt Aging & Pavement Fatigue,Citizen (MyBMC App),2024-06-18,Resolved / Repaired,Rapid Hardening Concrete,2024-06-20,CONTR_BMC_121
PTH_2024_00854,RD_LOC_046,M/W Ward Sector 46 Connector Road,M/W,19.05146,72.90734,14.5,0.49,Critical,Mastic Asphalt,Asphalt Aging & Pavement Fatigue,AI Camera / Patrol Vehicle,2024-08-18,Resolved / Repaired,Cold Mix Polymer Asphalt,2024-08-21,CONTR_BMC_113
PTH_2024_00855,RD_LOC_046,M/W Ward Sector 46 Connector Road,M/W,19.04841,72.90747,8.8,0.47,High,Mastic Asphalt,Waterlogging & Bitumen Stripping,BMC Road Engineer Survey,2024-08-28,Inspected - Work Order Issued,Pending,,CONTR_BMC_116
PTH_2024_00856,RD_LOC_046,M/W Ward Sector 46 Connector Road,M/W,19.04949,72.90767,8.0,2.6,Critical,Mastic Asphalt,Sub-grade Moisture Saturation,Citizen (MyBMC App),2024-06-23,Resolved / Repaired,Mastic Asphalt,2024-06-25,CONTR_BMC_125
PTH_2024_00857,RD_LOC_046,M/W Ward Sector 46 Connector Road,M/W,19.04991,72.90748,14.9,2.52,Critical,Mastic Asphalt,Waterlogging & Bitumen Stripping,Traffic Police Notification,2024-09-17,Resolved / Repaired,Mastic Asphalt,2024-09-19,CONTR_BMC_110
PTH_2024_00858,RD_LOC_046,M/W Ward Sector 46 Connector Road,M/W,19.05089,72.90772,17.0,0.83,Critical,Mastic Asphalt,Sub-grade Moisture Saturation,AI Camera / Patrol Vehicle,2024-09-01,Resolved / Repaired,Mastic Asphalt,2024-09-02,CONTR_BMC_104
PTH_2024_00859,RD_LOC_046,M/W Ward Sector 46 Connector Road,M/W,19.04862,72.90765,9.0,2.25,Critical,Mastic Asphalt,Heavy Axle Commercial Vehicle Load,Traffic Police Notification,2024-09-27,Resolved / Repaired,Cold Mix Polymer Asphalt,2024-09-29,CONTR_BMC_114
PTH_2024_00860,RD_LOC_046,M/W Ward Sector 46 Connector Road,M/W,19.05257,72.90746,12.1,2.08,Critical,Mastic Asphalt,Utility Trench Reinstatement Failure (MGL/MTNL/Adani),Traffic Police Notification,2024-06-24,Resolved / Repaired,Cold Mix Polymer Asphalt,2024-06-25,CONTR_BMC_114
PTH_2024_00861,RD_LOC_047,G/N Ward Sector 47 Connector Road,G/N,19.03281,72.85677,12.9,2.87,Critical,Mastic Asphalt,Utility Trench Reinstatement Failure (MGL/MTNL/Adani),AI Camera / Patrol Vehicle,2024-06-01,Resolved / Repaired,Cold Mix Polymer Asphalt,2024-06-05,CONTR_BMC_102
PTH_2024_00862,RD_LOC_047,G/N Ward Sector 47 Connector Road,G/N,19.03498,72.85815,6.5,0.66,Moderate,Mastic Asphalt,Heavy Axle Commercial Vehicle Load,BMC Road Engineer Survey,2024-08-20,In-Progress,Pending,,CONTR_BMC_122
PTH_2024_00863,RD_LOC_047,G/N Ward Sector 47 Connector Road,G/N,19.03883,72.85382,5.1,2.67,Critical,Mastic Asphalt,Utility Trench Reinstatement Failure (MGL/MTNL/Adani),Traffic Police Notification,2024-06-05,Resolved / Repaired,Hot Mix Bituminous Concrete,2024-06-08,CONTR_BMC_124
PTH_2024_00864,RD_LOC_047,G/N Ward Sector 47 Connector Road,G/N,19.0315,72.85655,15.3,0.31,Critical,Mastic Asphalt,Utility Trench Reinstatement Failure (MGL/MTNL/Adani),Citizen (MyBMC App),2024-08-05,Resolved / Repaired,Hot Mix Bituminous Concrete,2024-08-11,CONTR_BMC_108
PTH_2024_00865,RD_LOC_047,G/N Ward Sector 47 Connector Road,G/N,19.03777,72.85285,11.5,1.76,High,Mastic Asphalt,Asphalt Aging & Pavement Fatigue,Traffic Police Notification,2024-06-11,Resolved / Repaired,Mastic Asphalt,2024-06-17,CONTR_BMC_123
PTH_2024_00866,RD_LOC_047,G/N Ward Sector 47 Connector Road,G/N,19.03618,72.85372,15.0,2.77,Critical,Mastic Asphalt,Sub-grade Moisture Saturation,Citizen (MyBMC App),2024-08-07,In-Progress,Pending,,CONTR_BMC_119
PTH_2024_00867,RD_LOC_047,G/N Ward Sector 47 Connector Road,G/N,19.03456,72.85037,13.7,0.44,Critical,Mastic Asphalt,Waterlogging & Bitumen Stripping,BMC Road Engineer Survey,2024-06-25,Resolved / Repaired,Mastic Asphalt,2024-07-01,CONTR_BMC_119
PTH_2024_00868,RD_LOC_047,G/N Ward Sector 47 Connector Road,G/N,19.03427,72.85313,14.7,1.11,Critical,Mastic Asphalt,Waterlogging & Bitumen Stripping,AI Camera / Patrol Vehicle,2024-08-24,Resolved / Repaired,Hot Mix Bituminous Concrete,2024-08-27,CONTR_BMC_108
PTH_2024_00869,RD_LOC_047,G/N Ward Sector 47 Connector Road,G/N,19.03669,72.85556,4.2,0.63,Moderate,Mastic Asphalt,Asphalt Aging & Pavement Fatigue,BMC Road Engineer Survey,2024-09-27,In-Progress,Pending,,CONTR_BMC_109
PTH_2024_00870,RD_LOC_047,G/N Ward Sector 47 Connector Road,G/N,19.03707,72.85361,5.1,2.09,Critical,Mastic Asphalt,Utility Trench Reinstatement Failure (MGL/MTNL/Adani),AI Camera / Patrol Vehicle,2024-08-20,Resolved / Repaired,Hot Mix Bituminous Concrete,2024-08-22,CONTR_BMC_110
PTH_2024_00871,RD_LOC_047,G/N Ward Sector 47 Connector Road,G/N,19.03216,72.85423,13.4,1.03,Critical,Mastic Asphalt,Asphalt Aging & Pavement Fatigue,BMC Road Engineer Survey,2024-06-14,In-Progress,Pending,,CONTR_BMC_107
PTH_2024_00872,RD_LOC_047,G/N Ward Sector 47 Connector Road,G/N,19.03281,72.84899,4.2,1.99,Moderate,Mastic Asphalt,Asphalt Aging & Pavement Fatigue,Traffic Police Notification,2024-08-07,Resolved / Repaired,Hot Mix Bituminous Concrete,2024-08-13,CONTR_BMC_121
PTH_2024_00873,RD_LOC_047,G/N Ward Sector 47 Connector Road,G/N,19.03239,72.85587,6.8,0.41,Moderate,Mastic Asphalt,Utility Trench Reinstatement Failure (MGL/MTNL/Adani),Citizen (MyBMC App),2024-07-22,Inspected - Work Order Issued,Pending,,CONTR_BMC_106
PTH_2024_00874,RD_LOC_047,G/N Ward Sector 47 Connector Road,G/N,19.03049,72.84894,4.0,0.45,Moderate,Mastic Asphalt,Sub-grade Moisture Saturation,AI Camera / Patrol Vehicle,2024-07-13,Citizen Reported,Pending,,CONTR_BMC_110
PTH_2024_00875,RD_LOC_047,G/N Ward Sector 47 Connector Road,G/N,19.03772,72.8487,14.0,1.2,Critical,Mastic Asphalt,Utility Trench Reinstatement Failure (MGL/MTNL/Adani),Traffic Police Notification,2024-09-07,In-Progress,Pending,,CONTR_BMC_110
PTH_2024_00876,RD_LOC_047,G/N Ward Sector 47 Connector Road,G/N,19.03416,72.85786,11.8,3.06,Critical,Mastic Asphalt,Heavy Axle Commercial Vehicle Load,Citizen (MyBMC App),2024-06-08,Resolved / Repaired,Cold Mix Polymer Asphalt,2024-06-12,CONTR_BMC_125
PTH_2024_00877,RD_LOC_047,G/N Ward Sector 47 Connector Road,G/N,19.03591,72.84774,15.9,1.63,Critical,Mastic Asphalt,Utility Trench Reinstatement Failure (MGL/MTNL/Adani),Citizen (MyBMC App),2024-09-18,Resolved / Repaired,Cold Mix Polymer Asphalt,2024-09-24,CONTR_BMC_110
PTH_2024_00878,RD_LOC_047,G/N Ward Sector 47 Connector Road,G/N,19.03445,72.85312,17.5,2.27,Critical,Mastic Asphalt,Utility Trench Reinstatement Failure (MGL/MTNL/Adani),BMC Road Engineer Survey,2024-06-16,Resolved / Repaired,Mastic Asphalt,2024-06-20,CONTR_BMC_113
PTH_2024_00879,RD_LOC_048,C Ward Sector 48 Connector Road,C,18.94632,72.81433,8.4,2.0,High,Bituminous Asphalt,Sub-grade Moisture Saturation,Citizen (MyBMC App),2024-08-01,Inspected - Work Order Issued,Pending,,CONTR_BMC_117
PTH_2024_00880,RD_LOC_048,C Ward Sector 48 Connector Road,C,18.94624,72.80585,17.4,1.1,Critical,Bituminous Asphalt,Sub-grade Moisture Saturation,AI Camera / Patrol Vehicle,2024-08-01,Resolved / Repaired,Rapid Hardening Concrete,2024-08-04,CONTR_BMC_121
PTH_2024_00881,RD_LOC_048,C Ward Sector 48 Connector Road,C,18.94657,72.80943,11.0,2.97,Critical,Bituminous Asphalt,Heavy Axle Commercial Vehicle Load,BMC Road Engineer Survey,2024-06-09,Resolved / Repaired,Rapid Hardening Concrete,2024-06-10,CONTR_BMC_112
PTH_2024_00882,RD_LOC_048,C Ward Sector 48 Connector Road,C,18.94526,72.80636,13.4,3.43,Critical,Bituminous Asphalt,Sub-grade Moisture Saturation,BMC Road Engineer Survey,2024-07-16,Inspected - Work Order Issued,Pending,,CONTR_BMC_123
PTH_2024_00883,RD_LOC_048,C Ward Sector 48 Connector Road,C,18.94569,72.80556,17.6,2.21,Critical,Bituminous Asphalt,Utility Trench Reinstatement Failure (MGL/MTNL/Adani),Citizen (MyBMC App),2024-07-05,Resolved / Repaired,Cold Mix Polymer Asphalt,2024-07-10,CONTR_BMC_109
PTH_2024_00884,RD_LOC_048,C Ward Sector 48 Connector Road,C,18.9471,72.81633,9.3,0.78,High,Bituminous Asphalt,Heavy Axle Commercial Vehicle Load,BMC Road Engineer Survey,2024-07-18,Resolved / Repaired,Rapid Hardening Concrete,2024-07-22,CONTR_BMC_110
PTH_2024_00885,RD_LOC_048,C Ward Sector 48 Connector Road,C,18.94782,72.81452,6.2,2.8,Critical,Bituminous Asphalt,Asphalt Aging & Pavement Fatigue,Citizen (MyBMC App),2024-08-04,Resolved / Repaired,Rapid Hardening Concrete,2024-08-09,CONTR_BMC_109
PTH_2024_00886,RD_LOC_048,C Ward Sector 48 Connector Road,C,18.94548,72.8064,14.1,1.32,Critical,Bituminous Asphalt,Asphalt Aging & Pavement Fatigue,BMC Road Engineer Survey,2024-07-16,Resolved / Repaired,Rapid Hardening Concrete,2024-07-18,CONTR_BMC_122
PTH_2024_00887,RD_LOC_048,C Ward Sector 48 Connector Road,C,18.94568,72.81041,8.1,0.82,High,Bituminous Asphalt,Waterlogging & Bitumen Stripping,Traffic Police Notification,2024-07-26,In-Progress,Pending,,CONTR_BMC_120
PTH_2024_00888,RD_LOC_048,C Ward Sector 48 Connector Road,C,18.94601,72.81546,4.7,1.67,Moderate,Bituminous Asphalt,Sub-grade Moisture Saturation,AI Camera / Patrol Vehicle,2024-07-02,Resolved / Repaired,Cold Mix Polymer Asphalt,2024-07-06,CONTR_BMC_118
PTH_2024_00889,RD_LOC_048,C Ward Sector 48 Connector Road,C,18.94728,72.80933,13.4,2.22,Critical,Bituminous Asphalt,Waterlogging & Bitumen Stripping,Citizen (MyBMC App),2024-08-03,Resolved / Repaired,Mastic Asphalt,2024-08-08,CONTR_BMC_104
PTH_2024_00890,RD_LOC_048,C Ward Sector 48 Connector Road,C,18.94751,72.80783,12.9,2.53,Critical,Bituminous Asphalt,Utility Trench Reinstatement Failure (MGL/MTNL/Adani),BMC Road Engineer Survey,2024-07-17,Resolved / Repaired,Cold Mix Polymer Asphalt,2024-07-23,CONTR_BMC_116
PTH_2024_00891,RD_LOC_048,C Ward Sector 48 Connector Road,C,18.94696,72.814,16.1,1.6,Critical,Bituminous Asphalt,Asphalt Aging & Pavement Fatigue,Citizen (MyBMC App),2024-09-22,Resolved / Repaired,Hot Mix Bituminous Concrete,2024-09-23,CONTR_BMC_109
PTH_2024_00892,RD_LOC_048,C Ward Sector 48 Connector Road,C,18.94517,72.81444,8.2,2.96,Critical,Bituminous Asphalt,Sub-grade Moisture Saturation,BMC Road Engineer Survey,2024-06-05,Resolved / Repaired,Cold Mix Polymer Asphalt,2024-06-06,CONTR_BMC_103
PTH_2024_00893,RD_LOC_048,C Ward Sector 48 Connector Road,C,18.94631,72.80611,11.0,2.77,Critical,Bituminous Asphalt,Waterlogging & Bitumen Stripping,AI Camera / Patrol Vehicle,2024-07-15,Resolved / Repaired,Rapid Hardening Concrete,2024-07-16,CONTR_BMC_114
PTH_2024_00894,RD_LOC_048,C Ward Sector 48 Connector Road,C,18.94499,72.8149,12.1,0.54,Critical,Bituminous Asphalt,Utility Trench Reinstatement Failure (MGL/MTNL/Adani),BMC Road Engineer Survey,2024-06-07,Resolved / Repaired,Hot Mix Bituminous Concrete,2024-06-08,CONTR_BMC_102
PTH_2024_00895,RD_LOC_048,C Ward Sector 48 Connector Road,C,18.94709,72.81161,17.6,0.46,Critical,Bituminous Asphalt,Utility Trench Reinstatement Failure (MGL/MTNL/Adani),Traffic Police Notification,2024-07-07,Resolved / Repaired,Hot Mix Bituminous Concrete,2024-07-08,CONTR_BMC_107
PTH_2024_00896,RD_LOC_048,C Ward Sector 48 Connector Road,C,18.94604,72.81566,16.1,2.35,Critical,Bituminous Asphalt,Heavy Axle Commercial Vehicle Load,Traffic Police Notification,2024-09-20,Resolved / Repaired,Mastic Asphalt,2024-09-22,CONTR_BMC_121
PTH_2024_00897,RD_LOC_048,C Ward Sector 48 Connector Road,C,18.94636,72.81575,11.7,0.32,High,Bituminous Asphalt,Asphalt Aging & Pavement Fatigue,AI Camera / Patrol Vehicle,2024-09-13,In-Progress,Pending,,CONTR_BMC_101
PTH_2024_00898,RD_LOC_048,C Ward Sector 48 Connector Road,C,18.94674,72.80813,15.6,3.25,Critical,Bituminous Asphalt,Heavy Axle Commercial Vehicle Load,BMC Road Engineer Survey,2024-07-26,Inspected - Work Order Issued,Pending,,CONTR_BMC_101
PTH_2024_00899,RD_LOC_048,C Ward Sector 48 Connector Road,C,18.94522,72.81268,11.9,0.49,High,Bituminous Asphalt,Heavy Axle Commercial Vehicle Load,Citizen (MyBMC App),2024-08-27,Resolved / Repaired,Mastic Asphalt,2024-08-28,CONTR_BMC_120
PTH_2024_00900,RD_LOC_048,C Ward Sector 48 Connector Road,C,18.94662,72.80759,10.7,2.84,Critical,Bituminous Asphalt,Waterlogging & Bitumen Stripping,BMC Road Engineer Survey,2024-07-27,In-Progress,Pending,,CONTR_BMC_112
PTH_2024_00901,RD_LOC_048,C Ward Sector 48 Connector Road,C,18.94611,72.8109,9.6,1.57,High,Bituminous Asphalt,Heavy Axle Commercial Vehicle Load,AI Camera / Patrol Vehicle,2024-09-13,Resolved / Repaired,Rapid Hardening Concrete,2024-09-16,CONTR_BMC_118
PTH_2024_00902,RD_LOC_048,C Ward Sector 48 Connector Road,C,18.94597,72.81209,16.5,2.59,Critical,Bituminous Asphalt,Heavy Axle Commercial Vehicle Load,Traffic Police Notification,2024-07-16,In-Progress,Pending,,CONTR_BMC_107
PTH_2024_00903,RD_LOC_049,S Ward Sector 49 Connector Road,S,19.14639,72.91005,3.9,3.05,Critical,Cement Concrete,Utility Trench Reinstatement Failure (MGL/MTNL/Adani),AI Camera / Patrol Vehicle,2024-08-06,Citizen Reported,Pending,,CONTR_BMC_104
PTH_2024_00904,RD_LOC_050,M/W Ward Sector 50 Connector Road,M/W,19.04199,72.87507,3.1,0.95,Moderate,Cement Concrete,Heavy Axle Commercial Vehicle Load,AI Camera / Patrol Vehicle,2024-06-20,In-Progress,Pending,,CONTR_BMC_105
PTH_2024_00905,RD_LOC_050,M/W Ward Sector 50 Connector Road,M/W,19.04247,72.87464,5.0,3.39,Critical,Cement Concrete,Utility Trench Reinstatement Failure (MGL/MTNL/Adani),AI Camera / Patrol Vehicle,2024-06-17,In-Progress,Pending,,CONTR_BMC_125
PTH_2024_00906,RD_LOC_050,M/W Ward Sector 50 Connector Road,M/W,19.04236,72.87253,3.6,2.78,Critical,Cement Concrete,Utility Trench Reinstatement Failure (MGL/MTNL/Adani),BMC Road Engineer Survey,2024-07-06,Resolved / Repaired,Cold Mix Polymer Asphalt,2024-07-07,CONTR_BMC_114
PTH_2024_00907,RD_LOC_051,R/S Ward Sector 51 Connector Road,R/S,19.19756,72.86963,14.0,0.62,Critical,Bituminous Asphalt,Heavy Axle Commercial Vehicle Load,AI Camera / Patrol Vehicle,2024-06-12,In-Progress,Pending,,CONTR_BMC_120
PTH_2024_00908,RD_LOC_051,R/S Ward Sector 51 Connector Road,R/S,19.19954,72.87871,13.9,2.43,Critical,Bituminous Asphalt,Heavy Axle Commercial Vehicle Load,AI Camera / Patrol Vehicle,2024-07-04,Resolved / Repaired,Cold Mix Polymer Asphalt,2024-07-05,CONTR_BMC_114
PTH_2024_00909,RD_LOC_051,R/S Ward Sector 51 Connector Road,R/S,19.20178,72.86905,13.0,0.7,Critical,Bituminous Asphalt,Sub-grade Moisture Saturation,Traffic Police Notification,2024-08-24,Inspected - Work Order Issued,Pending,,CONTR_BMC_115
PTH_2024_00910,RD_LOC_051,R/S Ward Sector 51 Connector Road,R/S,19.19804,72.87134,8.1,1.97,High,Bituminous Asphalt,Asphalt Aging & Pavement Fatigue,BMC Road Engineer Survey,2024-09-14,Resolved / Repaired,Rapid Hardening Concrete,2024-09-19,CONTR_BMC_124
PTH_2024_00911,RD_LOC_051,R/S Ward Sector 51 Connector Road,R/S,19.20021,72.87295,13.1,2.67,Critical,Bituminous Asphalt,Waterlogging & Bitumen Stripping,AI Camera / Patrol Vehicle,2024-06-28,In-Progress,Pending,,CONTR_BMC_106
PTH_2024_00912,RD_LOC_051,R/S Ward Sector 51 Connector Road,R/S,19.19711,72.88011,13.1,2.0,Critical,Bituminous Asphalt,Sub-grade Moisture Saturation,Citizen (MyBMC App),2024-09-12,Resolved / Repaired,Rapid Hardening Concrete,2024-09-17,CONTR_BMC_117
PTH_2024_00913,RD_LOC_051,R/S Ward Sector 51 Connector Road,R/S,19.20248,72.87137,13.8,3.27,Critical,Bituminous Asphalt,Heavy Axle Commercial Vehicle Load,Traffic Police Notification,2024-08-22,Resolved / Repaired,Cold Mix Polymer Asphalt,2024-08-23,CONTR_BMC_116
PTH_2024_00914,RD_LOC_051,R/S Ward Sector 51 Connector Road,R/S,19.20072,72.87203,8.7,1.81,High,Bituminous Asphalt,Utility Trench Reinstatement Failure (MGL/MTNL/Adani),Citizen (MyBMC App),2024-08-05,In-Progress,Pending,,CONTR_BMC_121
PTH_2024_00915,RD_LOC_051,R/S Ward Sector 51 Connector Road,R/S,19.19976,72.87812,5.7,1.15,Moderate,Bituminous Asphalt,Asphalt Aging & Pavement Fatigue,Citizen (MyBMC App),2024-06-01,In-Progress,Pending,,CONTR_BMC_113
PTH_2024_00916,RD_LOC_051,R/S Ward Sector 51 Connector Road,R/S,19.20249,72.87129,4.0,0.62,Moderate,Bituminous Asphalt,Utility Trench Reinstatement Failure (MGL/MTNL/Adani),BMC Road Engineer Survey,2024-07-17,Inspected - Work Order Issued,Pending,,CONTR_BMC_113
PTH_2024_00917,RD_LOC_051,R/S Ward Sector 51 Connector Road,R/S,19.20154,72.87331,14.8,1.0,Critical,Bituminous Asphalt,Utility Trench Reinstatement Failure (MGL/MTNL/Adani),AI Camera / Patrol Vehicle,2024-06-08,Inspected - Work Order Issued,Pending,,CONTR_BMC_110
PTH_2024_00918,RD_LOC_051,R/S Ward Sector 51 Connector Road,R/S,19.19883,72.8803,17.5,2.88,Critical,Bituminous Asphalt,Asphalt Aging & Pavement Fatigue,Citizen (MyBMC App),2024-06-16,Resolved / Repaired,Hot Mix Bituminous Concrete,2024-06-21,CONTR_BMC_101
PTH_2024_00919,RD_LOC_051,R/S Ward Sector 51 Connector Road,R/S,19.20027,72.87744,9.9,1.81,High,Bituminous Asphalt,Heavy Axle Commercial Vehicle Load,Citizen (MyBMC App),2024-06-07,Citizen Reported,Pending,,CONTR_BMC_103
PTH_2024_00920,RD_LOC_051,R/S Ward Sector 51 Connector Road,R/S,19.19855,72.87506,8.3,1.02,High,Bituminous Asphalt,Asphalt Aging & Pavement Fatigue,BMC Road Engineer Survey,2024-08-09,In-Progress,Pending,,CONTR_BMC_104
PTH_2024_00921,RD_LOC_051,R/S Ward Sector 51 Connector Road,R/S,19.20134,72.87035,9.6,0.45,High,Bituminous Asphalt,Waterlogging & Bitumen Stripping,Citizen (MyBMC App),2024-07-21,Inspected - Work Order Issued,Pending,,CONTR_BMC_106
PTH_2024_00922,RD_LOC_051,R/S Ward Sector 51 Connector Road,R/S,19.20055,72.88119,15.2,1.05,Critical,Bituminous Asphalt,Asphalt Aging & Pavement Fatigue,Citizen (MyBMC App),2024-06-19,In-Progress,Pending,,CONTR_BMC_114
PTH_2024_00923,RD_LOC_051,R/S Ward Sector 51 Connector Road,R/S,19.20248,72.88158,12.3,0.53,Critical,Bituminous Asphalt,Sub-grade Moisture Saturation,AI Camera / Patrol Vehicle,2024-09-14,Citizen Reported,Pending,,CONTR_BMC_118
PTH_2024_00924,RD_LOC_052,E Ward Sector 52 Connector Road,E,18.98633,72.82894,5.4,3.36,Critical,Mastic Asphalt,Waterlogging & Bitumen Stripping,Traffic Police Notification,2024-08-09,Resolved / Repaired,Hot Mix Bituminous Concrete,2024-08-10,CONTR_BMC_102
PTH_2024_00925,RD_LOC_052,E Ward Sector 52 Connector Road,E,18.98431,72.82748,9.5,1.6,High,Mastic Asphalt,Sub-grade Moisture Saturation,BMC Road Engineer Survey,2024-07-12,Resolved / Repaired,Mastic Asphalt,2024-07-17,CONTR_BMC_109
PTH_2024_00926,RD_LOC_052,E Ward Sector 52 Connector Road,E,18.98625,72.82737,13.4,2.76,Critical,Mastic Asphalt,Sub-grade Moisture Saturation,Traffic Police Notification,2024-08-13,Resolved / Repaired,Mastic Asphalt,2024-08-14,CONTR_BMC_117
PTH_2024_00927,RD_LOC_052,E Ward Sector 52 Connector Road,E,18.98192,72.83081,5.7,2.54,Critical,Mastic Asphalt,Asphalt Aging & Pavement Fatigue,Citizen (MyBMC App),2024-08-06,Resolved / Repaired,Hot Mix Bituminous Concrete,2024-08-09,CONTR_BMC_115
PTH_2024_00928,RD_LOC_052,E Ward Sector 52 Connector Road,E,18.98337,72.83007,4.8,0.74,Moderate,Mastic Asphalt,Asphalt Aging & Pavement Fatigue,Citizen (MyBMC App),2024-07-06,Inspected - Work Order Issued,Pending,,CONTR_BMC_109
PTH_2024_00929,RD_LOC_052,E Ward Sector 52 Connector Road,E,18.98185,72.82884,14.9,0.73,Critical,Mastic Asphalt,Heavy Axle Commercial Vehicle Load,Traffic Police Notification,2024-06-14,In-Progress,Pending,,CONTR_BMC_104
PTH_2024_00930,RD_LOC_052,E Ward Sector 52 Connector Road,E,18.98667,72.82922,15.9,1.14,Critical,Mastic Asphalt,Waterlogging & Bitumen Stripping,Traffic Police Notification,2024-07-24,Citizen Reported,Pending,,CONTR_BMC_120
PTH_2024_00931,RD_LOC_052,E Ward Sector 52 Connector Road,E,18.98299,72.82774,11.1,2.53,Critical,Mastic Asphalt,Heavy Axle Commercial Vehicle Load,AI Camera / Patrol Vehicle,2024-06-28,Resolved / Repaired,Rapid Hardening Concrete,2024-06-29,CONTR_BMC_102
PTH_2024_00932,RD_LOC_052,E Ward Sector 52 Connector Road,E,18.98405,72.83099,12.1,2.5,Critical,Mastic Asphalt,Waterlogging & Bitumen Stripping,BMC Road Engineer Survey,2024-06-21,Resolved / Repaired,Mastic Asphalt,2024-06-27,CONTR_BMC_112
PTH_2024_00933,RD_LOC_052,E Ward Sector 52 Connector Road,E,18.98139,72.82981,11.2,0.9,High,Mastic Asphalt,Waterlogging & Bitumen Stripping,BMC Road Engineer Survey,2024-09-18,In-Progress,Pending,,CONTR_BMC_106
PTH_2024_00934,RD_LOC_052,E Ward Sector 52 Connector Road,E,18.98452,72.82779,7.3,1.13,High,Mastic Asphalt,Heavy Axle Commercial Vehicle Load,BMC Road Engineer Survey,2024-08-21,Resolved / Repaired,Cold Mix Polymer Asphalt,2024-08-25,CONTR_BMC_107
PTH_2024_00935,RD_LOC_052,E Ward Sector 52 Connector Road,E,18.98645,72.82897,16.9,1.37,Critical,Mastic Asphalt,Utility Trench Reinstatement Failure (MGL/MTNL/Adani),Traffic Police Notification,2024-07-25,Resolved / Repaired,Rapid Hardening Concrete,2024-07-27,CONTR_BMC_115
PTH_2024_00936,RD_LOC_052,E Ward Sector 52 Connector Road,E,18.98491,72.82787,4.3,1.22,Moderate,Mastic Asphalt,Asphalt Aging & Pavement Fatigue,AI Camera / Patrol Vehicle,2024-07-23,Resolved / Repaired,Rapid Hardening Concrete,2024-07-25,CONTR_BMC_114
PTH_2024_00937,RD_LOC_052,E Ward Sector 52 Connector Road,E,18.98664,72.83092,11.1,3.18,Critical,Mastic Asphalt,Heavy Axle Commercial Vehicle Load,BMC Road Engineer Survey,2024-06-16,Resolved / Repaired,Hot Mix Bituminous Concrete,2024-06-18,CONTR_BMC_106
PTH_2024_00938,RD_LOC_052,E Ward Sector 52 Connector Road,E,18.98166,72.82926,13.9,3.16,Critical,Mastic Asphalt,Asphalt Aging & Pavement Fatigue,Traffic Police Notification,2024-06-18,In-Progress,Pending,,CONTR_BMC_106
PTH_2024_00939,RD_LOC_052,E Ward Sector 52 Connector Road,E,18.98655,72.8297,7.4,1.98,High,Mastic Asphalt,Sub-grade Moisture Saturation,BMC Road Engineer Survey,2024-06-12,In-Progress,Pending,,CONTR_BMC_106
PTH_2024_00940,RD_LOC_052,E Ward Sector 52 Connector Road,E,18.98394,72.83092,8.5,1.67,High,Mastic Asphalt,Waterlogging & Bitumen Stripping,Citizen (MyBMC App),2024-09-18,In-Progress,Pending,,CONTR_BMC_105
PTH_2024_00941,RD_LOC_052,E Ward Sector 52 Connector Road,E,18.98417,72.83076,14.1,1.94,Critical,Mastic Asphalt,Heavy Axle Commercial Vehicle Load,Traffic Police Notification,2024-09-26,Inspected - Work Order Issued,Pending,,CONTR_BMC_103
PTH_2024_00942,RD_LOC_053,P/N Ward Sector 53 Connector Road,P/N,19.16359,72.82743,5.8,2.36,Critical,Cement Concrete,Utility Trench Reinstatement Failure (MGL/MTNL/Adani),BMC Road Engineer Survey,2024-08-15,Resolved / Repaired,Rapid Hardening Concrete,2024-08-17,CONTR_BMC_119
PTH_2024_00943,RD_LOC_053,P/N Ward Sector 53 Connector Road,P/N,19.16507,72.82125,4.8,3.38,Critical,Cement Concrete,Heavy Axle Commercial Vehicle Load,Citizen (MyBMC App),2024-09-22,Resolved / Repaired,Mastic Asphalt,2024-09-24,CONTR_BMC_125
PTH_2024_00944,RD_LOC_054,K/E Ward Sector 54 Connector Road,K/E,19.12052,72.88128,15.3,1.42,Critical,Bituminous Asphalt,Waterlogging & Bitumen Stripping,AI Camera / Patrol Vehicle,2024-08-09,Resolved / Repaired,Rapid Hardening Concrete,2024-08-11,CONTR_BMC_117
PTH_2024_00945,RD_LOC_054,K/E Ward Sector 54 Connector Road,K/E,19.11682,72.88184,8.1,2.35,Critical,Bituminous Asphalt,Utility Trench Reinstatement Failure (MGL/MTNL/Adani),Citizen (MyBMC App),2024-09-21,Resolved / Repaired,Cold Mix Polymer Asphalt,2024-09-27,CONTR_BMC_108
PTH_2024_00946,RD_LOC_054,K/E Ward Sector 54 Connector Road,K/E,19.11794,72.88116,14.4,2.99,Critical,Bituminous Asphalt,Sub-grade Moisture Saturation,Citizen (MyBMC App),2024-06-20,Resolved / Repaired,Cold Mix Polymer Asphalt,2024-06-21,CONTR_BMC_125
PTH_2024_00947,RD_LOC_054,K/E Ward Sector 54 Connector Road,K/E,19.12393,72.88068,10.3,1.88,High,Bituminous Asphalt,Waterlogging & Bitumen Stripping,Traffic Police Notification,2024-07-15,Inspected - Work Order Issued,Pending,,CONTR_BMC_110
PTH_2024_00948,RD_LOC_054,K/E Ward Sector 54 Connector Road,K/E,19.12028,72.88076,14.6,2.98,Critical,Bituminous Asphalt,Waterlogging & Bitumen Stripping,AI Camera / Patrol Vehicle,2024-09-03,In-Progress,Pending,,CONTR_BMC_107
PTH_2024_00949,RD_LOC_054,K/E Ward Sector 54 Connector Road,K/E,19.11619,72.88159,7.7,2.34,Critical,Bituminous Asphalt,Asphalt Aging & Pavement Fatigue,BMC Road Engineer Survey,2024-09-26,Resolved / Repaired,Cold Mix Polymer Asphalt,2024-10-02,CONTR_BMC_112
PTH_2024_00950,RD_LOC_054,K/E Ward Sector 54 Connector Road,K/E,19.11879,72.87932,11.3,2.03,Critical,Bituminous Asphalt,Utility Trench Reinstatement Failure (MGL/MTNL/Adani),AI Camera / Patrol Vehicle,2024-08-08,Resolved / Repaired,Hot Mix Bituminous Concrete,2024-08-13,CONTR_BMC_113
PTH_2024_00951,RD_LOC_054,K/E Ward Sector 54 Connector Road,K/E,19.12671,72.88147,11.0,1.2,High,Bituminous Asphalt,Sub-grade Moisture Saturation,BMC Road Engineer Survey,2024-06-13,Resolved / Repaired,Cold Mix Polymer Asphalt,2024-06-17,CONTR_BMC_111
PTH_2024_00952,RD_LOC_054,K/E Ward Sector 54 Connector Road,K/E,19.11804,72.88134,6.2,2.46,Critical,Bituminous Asphalt,Waterlogging & Bitumen Stripping,AI Camera / Patrol Vehicle,2024-06-24,In-Progress,Pending,,CONTR_BMC_112
PTH_2024_00953,RD_LOC_054,K/E Ward Sector 54 Connector Road,K/E,19.12573,72.8816,5.1,1.07,Moderate,Bituminous Asphalt,Waterlogging & Bitumen Stripping,AI Camera / Patrol Vehicle,2024-09-12,In-Progress,Pending,,CONTR_BMC_124
PTH_2024_00954,RD_LOC_054,K/E Ward Sector 54 Connector Road,K/E,19.11783,72.87957,10.1,1.68,High,Bituminous Asphalt,Asphalt Aging & Pavement Fatigue,Citizen (MyBMC App),2024-07-25,Resolved / Repaired,Hot Mix Bituminous Concrete,2024-07-31,CONTR_BMC_108
PTH_2024_00955,RD_LOC_054,K/E Ward Sector 54 Connector Road,K/E,19.11703,72.8807,15.2,2.5,Critical,Bituminous Asphalt,Waterlogging & Bitumen Stripping,Traffic Police Notification,2024-07-22,Resolved / Repaired,Mastic Asphalt,2024-07-24,CONTR_BMC_121
PTH_2024_00956,RD_LOC_054,K/E Ward Sector 54 Connector Road,K/E,19.12634,72.88009,11.2,2.52,Critical,Bituminous Asphalt,Waterlogging & Bitumen Stripping,AI Camera / Patrol Vehicle,2024-09-28,Resolved / Repaired,Rapid Hardening Concrete,2024-09-30,CONTR_BMC_102
PTH_2024_00957,RD_LOC_054,K/E Ward Sector 54 Connector Road,K/E,19.11751,72.87945,12.0,2.78,Critical,Bituminous Asphalt,Heavy Axle Commercial Vehicle Load,AI Camera / Patrol Vehicle,2024-08-22,Resolved / Repaired,Rapid Hardening Concrete,2024-08-27,CONTR_BMC_104
PTH_2024_00958,RD_LOC_054,K/E Ward Sector 54 Connector Road,K/E,19.11989,72.88011,8.4,1.35,High,Bituminous Asphalt,Heavy Axle Commercial Vehicle Load,Traffic Police Notification,2024-09-04,Citizen Reported,Pending,,CONTR_BMC_101
PTH_2024_00959,RD_LOC_054,K/E Ward Sector 54 Connector Road,K/E,19.11625,72.8793,7.9,3.03,Critical,Bituminous Asphalt,Utility Trench Reinstatement Failure (MGL/MTNL/Adani),BMC Road Engineer Survey,2024-09-08,Citizen Reported,Pending,,CONTR_BMC_104
PTH_2024_00960,RD_LOC_054,K/E Ward Sector 54 Connector Road,K/E,19.12234,72.88053,6.9,1.45,Moderate,Bituminous Asphalt,Sub-grade Moisture Saturation,AI Camera / Patrol Vehicle,2024-08-16,Resolved / Repaired,Cold Mix Polymer Asphalt,2024-08-20,CONTR_BMC_106
PTH_2024_00961,RD_LOC_054,K/E Ward Sector 54 Connector Road,K/E,19.12372,72.88184,12.7,2.91,Critical,Bituminous Asphalt,Heavy Axle Commercial Vehicle Load,BMC Road Engineer Survey,2024-08-20,Resolved / Repaired,Hot Mix Bituminous Concrete,2024-08-23,CONTR_BMC_124
PTH_2024_00962,RD_LOC_054,K/E Ward Sector 54 Connector Road,K/E,19.12183,72.8812,15.7,0.71,Critical,Bituminous Asphalt,Utility Trench Reinstatement Failure (MGL/MTNL/Adani),Citizen (MyBMC App),2024-07-01,Resolved / Repaired,Mastic Asphalt,2024-07-07,CONTR_BMC_117
PTH_2024_00963,RD_LOC_054,K/E Ward Sector 54 Connector Road,K/E,19.12224,72.87927,10.1,1.95,High,Bituminous Asphalt,Asphalt Aging & Pavement Fatigue,BMC Road Engineer Survey,2024-06-14,Resolved / Repaired,Cold Mix Polymer Asphalt,2024-06-16,CONTR_BMC_115
PTH_2024_00964,RD_LOC_054,K/E Ward Sector 54 Connector Road,K/E,19.11553,72.87975,13.4,3.29,Critical,Bituminous Asphalt,Waterlogging & Bitumen Stripping,Traffic Police Notification,2024-06-08,Resolved / Repaired,Rapid Hardening Concrete,2024-06-11,CONTR_BMC_104
PTH_2024_00965,RD_LOC_054,K/E Ward Sector 54 Connector Road,K/E,19.11961,72.88045,10.5,1.71,High,Bituminous Asphalt,Utility Trench Reinstatement Failure (MGL/MTNL/Adani),Citizen (MyBMC App),2024-06-18,Resolved / Repaired,Cold Mix Polymer Asphalt,2024-06-20,CONTR_BMC_121
PTH_2024_00966,RD_LOC_054,K/E Ward Sector 54 Connector Road,K/E,19.11985,72.88051,16.1,3.08,Critical,Bituminous Asphalt,Utility Trench Reinstatement Failure (MGL/MTNL/Adani),AI Camera / Patrol Vehicle,2024-06-22,Citizen Reported,Pending,,CONTR_BMC_117
PTH_2024_00967,RD_LOC_054,K/E Ward Sector 54 Connector Road,K/E,19.12648,72.88194,4.0,3.38,Critical,Bituminous Asphalt,Utility Trench Reinstatement Failure (MGL/MTNL/Adani),BMC Road Engineer Survey,2024-09-12,Resolved / Repaired,Rapid Hardening Concrete,2024-09-16,CONTR_BMC_108
PTH_2024_00968,RD_LOC_054,K/E Ward Sector 54 Connector Road,K/E,19.12151,72.88081,8.7,1.53,High,Bituminous Asphalt,Heavy Axle Commercial Vehicle Load,Traffic Police Notification,2024-08-13,Resolved / Repaired,Hot Mix Bituminous Concrete,2024-08-15,CONTR_BMC_124
PTH_2024_00969,RD_LOC_054,K/E Ward Sector 54 Connector Road,K/E,19.12337,72.87941,13.3,2.8,Critical,Bituminous Asphalt,Utility Trench Reinstatement Failure (MGL/MTNL/Adani),Citizen (MyBMC App),2024-08-06,Resolved / Repaired,Cold Mix Polymer Asphalt,2024-08-08,CONTR_BMC_106
PTH_2024_00970,RD_LOC_054,K/E Ward Sector 54 Connector Road,K/E,19.11604,72.87986,14.4,1.75,Critical,Bituminous Asphalt,Waterlogging & Bitumen Stripping,Traffic Police Notification,2024-09-13,Resolved / Repaired,Mastic Asphalt,2024-09-16,CONTR_BMC_120
PTH_2024_00971,RD_LOC_054,K/E Ward Sector 54 Connector Road,K/E,19.12129,72.88109,8.2,1.24,High,Bituminous Asphalt,Waterlogging & Bitumen Stripping,Traffic Police Notification,2024-07-09,Inspected - Work Order Issued,Pending,,CONTR_BMC_111
PTH_2024_00972,RD_LOC_055,E Ward Sector 55 Connector Road,E,18.9557,72.84788,7.6,3.25,Critical,Bituminous Asphalt,Heavy Axle Commercial Vehicle Load,BMC Road Engineer Survey,2024-09-13,Resolved / Repaired,Rapid Hardening Concrete,2024-09-19,CONTR_BMC_115
PTH_2024_00973,RD_LOC_055,E Ward Sector 55 Connector Road,E,18.95528,72.8503,5.0,2.62,Critical,Bituminous Asphalt,Heavy Axle Commercial Vehicle Load,Traffic Police Notification,2024-09-13,Resolved / Repaired,Cold Mix Polymer Asphalt,2024-09-16,CONTR_BMC_119
PTH_2024_00974,RD_LOC_055,E Ward Sector 55 Connector Road,E,18.95524,72.84793,17.0,3.2,Critical,Bituminous Asphalt,Asphalt Aging & Pavement Fatigue,Traffic Police Notification,2024-06-07,Resolved / Repaired,Rapid Hardening Concrete,2024-06-12,CONTR_BMC_104
PTH_2024_00975,RD_LOC_055,E Ward Sector 55 Connector Road,E,18.95494,72.8508,12.8,3.01,Critical,Bituminous Asphalt,Asphalt Aging & Pavement Fatigue,AI Camera / Patrol Vehicle,2024-08-05,Resolved / Repaired,Cold Mix Polymer Asphalt,2024-08-06,CONTR_BMC_106
PTH_2024_00976,RD_LOC_055,E Ward Sector 55 Connector Road,E,18.95524,72.85,15.7,1.66,Critical,Bituminous Asphalt,Sub-grade Moisture Saturation,Citizen (MyBMC App),2024-07-22,Citizen Reported,Pending,,CONTR_BMC_123
PTH_2024_00977,RD_LOC_055,E Ward Sector 55 Connector Road,E,18.95316,72.84743,7.8,1.07,High,Bituminous Asphalt,Waterlogging & Bitumen Stripping,AI Camera / Patrol Vehicle,2024-06-13,Resolved / Repaired,Rapid Hardening Concrete,2024-06-19,CONTR_BMC_118
PTH_2024_00978,RD_LOC_055,E Ward Sector 55 Connector Road,E,18.95378,72.84781,6.3,3.38,Critical,Bituminous Asphalt,Utility Trench Reinstatement Failure (MGL/MTNL/Adani),BMC Road Engineer Survey,2024-08-28,In-Progress,Pending,,CONTR_BMC_105
PTH_2024_00979,RD_LOC_055,E Ward Sector 55 Connector Road,E,18.95704,72.8487,8.0,2.08,Critical,Bituminous Asphalt,Waterlogging & Bitumen Stripping,AI Camera / Patrol Vehicle,2024-07-01,Resolved / Repaired,Hot Mix Bituminous Concrete,2024-07-06,CONTR_BMC_108
PTH_2024_00980,RD_LOC_056,T Ward Sector 56 Connector Road,T,19.19155,72.9506,4.7,3.18,Critical,Cement Concrete,Asphalt Aging & Pavement Fatigue,Traffic Police Notification,2024-07-07,Resolved / Repaired,Mastic Asphalt,2024-07-11,CONTR_BMC_103
PTH_2024_00981,RD_LOC_057,K/E Ward Sector 57 Connector Road,K/E,19.12978,72.86564,12.1,3.16,Critical,Bituminous Asphalt,Waterlogging & Bitumen Stripping,Traffic Police Notification,2024-07-06,Citizen Reported,Pending,,CONTR_BMC_122
PTH_2024_00982,RD_LOC_057,K/E Ward Sector 57 Connector Road,K/E,19.12971,72.86457,17.5,0.48,Critical,Bituminous Asphalt,Utility Trench Reinstatement Failure (MGL/MTNL/Adani),Traffic Police Notification,2024-06-02,In-Progress,Pending,,CONTR_BMC_113
PTH_2024_00983,RD_LOC_057,K/E Ward Sector 57 Connector Road,K/E,19.12971,72.85604,14.5,2.33,Critical,Bituminous Asphalt,Asphalt Aging & Pavement Fatigue,BMC Road Engineer Survey,2024-06-12,In-Progress,Pending,,CONTR_BMC_111
PTH_2024_00984,RD_LOC_057,K/E Ward Sector 57 Connector Road,K/E,19.12972,72.85485,5.0,3.37,Critical,Bituminous Asphalt,Waterlogging & Bitumen Stripping,BMC Road Engineer Survey,2024-06-27,Resolved / Repaired,Cold Mix Polymer Asphalt,2024-07-03,CONTR_BMC_125
PTH_2024_00985,RD_LOC_057,K/E Ward Sector 57 Connector Road,K/E,19.12976,72.85475,10.9,1.49,High,Bituminous Asphalt,Waterlogging & Bitumen Stripping,AI Camera / Patrol Vehicle,2024-08-23,Resolved / Repaired,Cold Mix Polymer Asphalt,2024-08-25,CONTR_BMC_112
PTH_2024_00986,RD_LOC_057,K/E Ward Sector 57 Connector Road,K/E,19.12971,72.86656,9.8,1.43,High,Bituminous Asphalt,Sub-grade Moisture Saturation,Traffic Police Notification,2024-09-28,In-Progress,Pending,,CONTR_BMC_118
PTH_2024_00987,RD_LOC_057,K/E Ward Sector 57 Connector Road,K/E,19.12976,72.86549,17.7,0.81,Critical,Bituminous Asphalt,Utility Trench Reinstatement Failure (MGL/MTNL/Adani),Citizen (MyBMC App),2024-09-18,Resolved / Repaired,Cold Mix Polymer Asphalt,2024-09-22,CONTR_BMC_110
PTH_2024_00988,RD_LOC_057,K/E Ward Sector 57 Connector Road,K/E,19.1297,72.85831,13.8,3.23,Critical,Bituminous Asphalt,Sub-grade Moisture Saturation,BMC Road Engineer Survey,2024-09-19,Inspected - Work Order Issued,Pending,,CONTR_BMC_120
PTH_2024_00989,RD_LOC_057,K/E Ward Sector 57 Connector Road,K/E,19.12977,72.86631,10.6,3.08,Critical,Bituminous Asphalt,Utility Trench Reinstatement Failure (MGL/MTNL/Adani),AI Camera / Patrol Vehicle,2024-08-15,Resolved / Repaired,Mastic Asphalt,2024-08-17,CONTR_BMC_102
PTH_2024_00990,RD_LOC_058,S Ward Sector 58 Connector Road,S,19.16035,72.93347,17.2,3.17,Critical,Bituminous Asphalt,Utility Trench Reinstatement Failure (MGL/MTNL/Adani),AI Camera / Patrol Vehicle,2024-07-15,Inspected - Work Order Issued,Pending,,CONTR_BMC_106
PTH_2024_00991,RD_LOC_058,S Ward Sector 58 Connector Road,S,19.16072,72.93216,10.2,1.55,High,Bituminous Asphalt,Utility Trench Reinstatement Failure (MGL/MTNL/Adani),Traffic Police Notification,2024-08-28,Resolved / Repaired,Hot Mix Bituminous Concrete,2024-08-29,CONTR_BMC_119
PTH_2024_00992,RD_LOC_058,S Ward Sector 58 Connector Road,S,19.16168,72.93319,8.7,0.37,High,Bituminous Asphalt,Heavy Axle Commercial Vehicle Load,BMC Road Engineer Survey,2024-07-16,Resolved / Repaired,Hot Mix Bituminous Concrete,2024-07-19,CONTR_BMC_106
PTH_2024_00993,RD_LOC_058,S Ward Sector 58 Connector Road,S,19.15811,72.93241,4.6,2.83,Critical,Bituminous Asphalt,Heavy Axle Commercial Vehicle Load,Traffic Police Notification,2024-06-01,Resolved / Repaired,Mastic Asphalt,2024-06-07,CONTR_BMC_106
PTH_2024_00994,RD_LOC_058,S Ward Sector 58 Connector Road,S,19.1604,72.93129,9.7,2.8,Critical,Bituminous Asphalt,Utility Trench Reinstatement Failure (MGL/MTNL/Adani),Citizen (MyBMC App),2024-06-10,Resolved / Repaired,Hot Mix Bituminous Concrete,2024-06-16,CONTR_BMC_105
PTH_2024_00995,RD_LOC_058,S Ward Sector 58 Connector Road,S,19.16004,72.92746,12.1,2.47,Critical,Bituminous Asphalt,Asphalt Aging & Pavement Fatigue,Citizen (MyBMC App),2024-06-07,Resolved / Repaired,Hot Mix Bituminous Concrete,2024-06-12,CONTR_BMC_106
PTH_2024_00996,RD_LOC_058,S Ward Sector 58 Connector Road,S,19.15874,72.92814,7.0,1.09,Moderate,Bituminous Asphalt,Heavy Axle Commercial Vehicle Load,Traffic Police Notification,2024-06-15,In-Progress,Pending,,CONTR_BMC_111
PTH_2024_00997,RD_LOC_058,S Ward Sector 58 Connector Road,S,19.15821,72.92888,11.7,1.86,High,Bituminous Asphalt,Asphalt Aging & Pavement Fatigue,Traffic Police Notification,2024-06-24,Resolved / Repaired,Rapid Hardening Concrete,2024-06-26,CONTR_BMC_106
PTH_2024_00998,RD_LOC_058,S Ward Sector 58 Connector Road,S,19.15837,72.92883,11.2,2.0,High,Bituminous Asphalt,Heavy Axle Commercial Vehicle Load,AI Camera / Patrol Vehicle,2024-08-11,Resolved / Repaired,Cold Mix Polymer Asphalt,2024-08-13,CONTR_BMC_117
PTH_2024_00999,RD_LOC_058,S Ward Sector 58 Connector Road,S,19.15772,72.92716,6.0,3.29,Critical,Bituminous Asphalt,Sub-grade Moisture Saturation,Citizen (MyBMC App),2024-09-26,In-Progress,Pending,,CONTR_BMC_111
PTH_2024_01000,RD_LOC_058,S Ward Sector 58 Connector Road,S,19.16032,72.93182,9.6,1.95,High,Bituminous Asphalt,Utility Trench Reinstatement Failure (MGL/MTNL/Adani),Citizen (MyBMC App),2024-06-01,Inspected - Work Order Issued,Pending,,CONTR_BMC_118
PTH_2024_01001,RD_LOC_058,S Ward Sector 58 Connector Road,S,19.15875,72.93146,11.4,1.49,High,Bituminous Asphalt,Sub-grade Moisture Saturation,Citizen (MyBMC App),2024-06-21,Inspected - Work Order Issued,Pending,,CONTR_BMC_120
PTH_2024_01002,RD_LOC_058,S Ward Sector 58 Connector Road,S,19.15789,72.92676,7.9,2.6,Critical,Bituminous Asphalt,Heavy Axle Commercial Vehicle Load,Traffic Police Notification,2024-06-28,Resolved / Repaired,Hot Mix Bituminous Concrete,2024-07-01,CONTR_BMC_107
PTH_2024_01003,RD_LOC_058,S Ward Sector 58 Connector Road,S,19.16073,72.93054,4.0,3.41,Critical,Bituminous Asphalt,Utility Trench Reinstatement Failure (MGL/MTNL/Adani),Traffic Police Notification,2024-09-21,Resolved / Repaired,Cold Mix Polymer Asphalt,2024-09-22,CONTR_BMC_111
PTH_2024_01004,RD_LOC_058,S Ward Sector 58 Connector Road,S,19.15812,72.92666,11.6,1.69,High,Bituminous Asphalt,Heavy Axle Commercial Vehicle Load,AI Camera / Patrol Vehicle,2024-06-14,Resolved / Repaired,Mastic Asphalt,2024-06-19,CONTR_BMC_121
PTH_2024_01005,RD_LOC_058,S Ward Sector 58 Connector Road,S,19.15948,72.93222,13.9,1.88,Critical,Bituminous Asphalt,Waterlogging & Bitumen Stripping,Citizen (MyBMC App),2024-09-26,Resolved / Repaired,Hot Mix Bituminous Concrete,2024-09-29,CONTR_BMC_121
PTH_2024_01006,RD_LOC_058,S Ward Sector 58 Connector Road,S,19.15885,72.92949,16.6,1.09,Critical,Bituminous Asphalt,Asphalt Aging & Pavement Fatigue,Traffic Police Notification,2024-07-26,In-Progress,Pending,,CONTR_BMC_122
PTH_2024_01007,RD_LOC_058,S Ward Sector 58 Connector Road,S,19.15968,72.92952,9.3,2.62,Critical,Bituminous Asphalt,Sub-grade Moisture Saturation,Citizen (MyBMC App),2024-09-21,In-Progress,Pending,,CONTR_BMC_102
PTH_2024_01008,RD_LOC_058,S Ward Sector 58 Connector Road,S,19.15761,72.92858,5.9,0.81,Moderate,Bituminous Asphalt,Asphalt Aging & Pavement Fatigue,BMC Road Engineer Survey,2024-06-15,In-Progress,Pending,,CONTR_BMC_105
PTH_2024_01009,RD_LOC_058,S Ward Sector 58 Connector Road,S,19.15833,72.93048,4.6,0.3,Moderate,Bituminous Asphalt,Asphalt Aging & Pavement Fatigue,BMC Road Engineer Survey,2024-06-19,Citizen Reported,Pending,,CONTR_BMC_103
PTH_2024_01010,RD_LOC_058,S Ward Sector 58 Connector Road,S,19.16151,72.93228,14.7,0.74,Critical,Bituminous Asphalt,Waterlogging & Bitumen Stripping,Traffic Police Notification,2024-07-04,Resolved / Repaired,Rapid Hardening Concrete,2024-07-07,CONTR_BMC_104
PTH_2024_01011,RD_LOC_059,B Ward Sector 59 Connector Road,B,18.97045,72.84285,3.2,2.58,Critical,Cement Concrete,Utility Trench Reinstatement Failure (MGL/MTNL/Adani),AI Camera / Patrol Vehicle,2024-08-27,Resolved / Repaired,Hot Mix Bituminous Concrete,2024-08-28,CONTR_BMC_123
PTH_2024_01012,RD_LOC_059,B Ward Sector 59 Connector Road,B,18.96973,72.84252,5.1,3.29,Critical,Cement Concrete,Heavy Axle Commercial Vehicle Load,AI Camera / Patrol Vehicle,2024-09-22,Resolved / Repaired,Hot Mix Bituminous Concrete,2024-09-27,CONTR_BMC_121
PTH_2024_01013,RD_LOC_060,H/E Ward Sector 60 Connector Road,H/E,19.07211,72.85527,8.0,2.22,Critical,Bituminous Asphalt,Heavy Axle Commercial Vehicle Load,BMC Road Engineer Survey,2024-08-22,Resolved / Repaired,Cold Mix Polymer Asphalt,2024-08-23,CONTR_BMC_122
PTH_2024_01014,RD_LOC_060,H/E Ward Sector 60 Connector Road,H/E,19.06987,72.85215,16.5,2.03,Critical,Bituminous Asphalt,Waterlogging & Bitumen Stripping,Traffic Police Notification,2024-09-07,Resolved / Repaired,Mastic Asphalt,2024-09-11,CONTR_BMC_123
PTH_2024_01015,RD_LOC_060,H/E Ward Sector 60 Connector Road,H/E,19.0731,72.85273,17.9,2.89,Critical,Bituminous Asphalt,Sub-grade Moisture Saturation,AI Camera / Patrol Vehicle,2024-09-16,Citizen Reported,Pending,,CONTR_BMC_109
PTH_2024_01016,RD_LOC_060,H/E Ward Sector 60 Connector Road,H/E,19.07001,72.85127,10.3,1.16,High,Bituminous Asphalt,Waterlogging & Bitumen Stripping,Citizen (MyBMC App),2024-07-01,Resolved / Repaired,Mastic Asphalt,2024-07-07,CONTR_BMC_105
PTH_2024_01017,RD_LOC_060,H/E Ward Sector 60 Connector Road,H/E,19.07248,72.85632,6.0,2.02,Critical,Bituminous Asphalt,Waterlogging & Bitumen Stripping,Citizen (MyBMC App),2024-08-04,Citizen Reported,Pending,,CONTR_BMC_103
PTH_2024_01018,RD_LOC_060,H/E Ward Sector 60 Connector Road,H/E,19.07154,72.85493,17.2,3.21,Critical,Bituminous Asphalt,Waterlogging & Bitumen Stripping,AI Camera / Patrol Vehicle,2024-09-03,Citizen Reported,Pending,,CONTR_BMC_101
PTH_2024_01019,RD_LOC_060,H/E Ward Sector 60 Connector Road,H/E,19.07227,72.85535,8.3,1.43,High,Bituminous Asphalt,Asphalt Aging & Pavement Fatigue,AI Camera / Patrol Vehicle,2024-08-11,Resolved / Repaired,Cold Mix Polymer Asphalt,2024-08-15,CONTR_BMC_112
PTH_2024_01020,RD_LOC_060,H/E Ward Sector 60 Connector Road,H/E,19.0732,72.85288,17.5,2.91,Critical,Bituminous Asphalt,Sub-grade Moisture Saturation,Citizen (MyBMC App),2024-09-10,Resolved / Repaired,Mastic Asphalt,2024-09-12,CONTR_BMC_124
PTH_2024_01021,RD_LOC_060,H/E Ward Sector 60 Connector Road,H/E,19.07142,72.85706,5.8,0.38,Moderate,Bituminous Asphalt,Asphalt Aging & Pavement Fatigue,Citizen (MyBMC App),2024-09-20,Resolved / Repaired,Rapid Hardening Concrete,2024-09-26,CONTR_BMC_125
PTH_2024_01022,RD_LOC_060,H/E Ward Sector 60 Connector Road,H/E,19.0729,72.85237,6.3,2.84,Critical,Bituminous Asphalt,Waterlogging & Bitumen Stripping,AI Camera / Patrol Vehicle,2024-06-28,Resolved / Repaired,Cold Mix Polymer Asphalt,2024-07-02,CONTR_BMC_113
PTH_2024_01023,RD_LOC_060,H/E Ward Sector 60 Connector Road,H/E,19.07252,72.85656,11.1,0.45,High,Bituminous Asphalt,Sub-grade Moisture Saturation,BMC Road Engineer Survey,2024-06-12,Resolved / Repaired,Rapid Hardening Concrete,2024-06-17,CONTR_BMC_101
PTH_2024_01024,RD_LOC_060,H/E Ward Sector 60 Connector Road,H/E,19.0728,72.85504,11.4,2.08,Critical,Bituminous Asphalt,Asphalt Aging & Pavement Fatigue,Citizen (MyBMC App),2024-06-12,Resolved / Repaired,Cold Mix Polymer Asphalt,2024-06-13,CONTR_BMC_118
PTH_2024_01025,RD_LOC_060,H/E Ward Sector 60 Connector Road,H/E,19.07045,72.85634,7.1,2.27,Critical,Bituminous Asphalt,Heavy Axle Commercial Vehicle Load,Citizen (MyBMC App),2024-08-26,Inspected - Work Order Issued,Pending,,CONTR_BMC_107
PTH_2024_01026,RD_LOC_060,H/E Ward Sector 60 Connector Road,H/E,19.07131,72.85112,5.2,1.54,Moderate,Bituminous Asphalt,Waterlogging & Bitumen Stripping,BMC Road Engineer Survey,2024-09-15,Citizen Reported,Pending,,CONTR_BMC_110
PTH_2024_01027,RD_LOC_060,H/E Ward Sector 60 Connector Road,H/E,19.06995,72.85581,15.5,1.07,Critical,Bituminous Asphalt,Heavy Axle Commercial Vehicle Load,BMC Road Engineer Survey,2024-06-07,In-Progress,Pending,,CONTR_BMC_107
PTH_2024_01028,RD_LOC_060,H/E Ward Sector 60 Connector Road,H/E,19.07186,72.85108,6.4,1.93,Moderate,Bituminous Asphalt,Heavy Axle Commercial Vehicle Load,AI Camera / Patrol Vehicle,2024-07-23,In-Progress,Pending,,CONTR_BMC_103
PTH_2024_01029,RD_LOC_060,H/E Ward Sector 60 Connector Road,H/E,19.07218,72.85157,12.9,2.99,Critical,Bituminous Asphalt,Utility Trench Reinstatement Failure (MGL/MTNL/Adani),Citizen (MyBMC App),2024-09-06,In-Progress,Pending,,CONTR_BMC_115
PTH_2024_01030,RD_LOC_060,H/E Ward Sector 60 Connector Road,H/E,19.07037,72.85161,16.5,2.62,Critical,Bituminous Asphalt,Waterlogging & Bitumen Stripping,Citizen (MyBMC App),2024-08-05,Resolved / Repaired,Rapid Hardening Concrete,2024-08-09,CONTR_BMC_114
PTH_2024_01031,RD_LOC_060,H/E Ward Sector 60 Connector Road,H/E,19.07103,72.85224,17.1,1.95,Critical,Bituminous Asphalt,Asphalt Aging & Pavement Fatigue,AI Camera / Patrol Vehicle,2024-08-02,Resolved / Repaired,Cold Mix Polymer Asphalt,2024-08-04,CONTR_BMC_104
PTH_2024_01032,RD_LOC_060,H/E Ward Sector 60 Connector Road,H/E,19.07119,72.85593,17.2,1.47,Critical,Bituminous Asphalt,Sub-grade Moisture Saturation,AI Camera / Patrol Vehicle,2024-08-03,Resolved / Repaired,Cold Mix Polymer Asphalt,2024-08-09,CONTR_BMC_105
PTH_2024_01033,RD_LOC_060,H/E Ward Sector 60 Connector Road,H/E,19.07244,72.85496,5.1,3.21,Critical,Bituminous Asphalt,Asphalt Aging & Pavement Fatigue,Citizen (MyBMC App),2024-07-12,Citizen Reported,Pending,,CONTR_BMC_125
PTH_2024_01034,RD_LOC_060,H/E Ward Sector 60 Connector Road,H/E,19.07093,72.85359,17.7,2.35,Critical,Bituminous Asphalt,Utility Trench Reinstatement Failure (MGL/MTNL/Adani),AI Camera / Patrol Vehicle,2024-08-10,Resolved / Repaired,Cold Mix Polymer Asphalt,2024-08-14,CONTR_BMC_110
PTH_2024_01035,RD_LOC_060,H/E Ward Sector 60 Connector Road,H/E,19.07279,72.85172,16.1,3.13,Critical,Bituminous Asphalt,Waterlogging & Bitumen Stripping,Traffic Police Notification,2024-09-21,Citizen Reported,Pending,,CONTR_BMC_111
PTH_2024_01036,RD_LOC_060,H/E Ward Sector 60 Connector Road,H/E,19.07031,72.85297,14.9,3.09,Critical,Bituminous Asphalt,Utility Trench Reinstatement Failure (MGL/MTNL/Adani),AI Camera / Patrol Vehicle,2024-07-03,Resolved / Repaired,Hot Mix Bituminous Concrete,2024-07-06,CONTR_BMC_122
PTH_2024_01037,RD_LOC_060,H/E Ward Sector 60 Connector Road,H/E,19.07127,72.85095,16.6,0.31,Critical,Bituminous Asphalt,Asphalt Aging & Pavement Fatigue,Traffic Police Notification,2024-09-12,Resolved / Repaired,Mastic Asphalt,2024-09-15,CONTR_BMC_117
PTH_2024_01038,RD_LOC_060,H/E Ward Sector 60 Connector Road,H/E,19.07229,72.8542,12.0,2.41,Critical,Bituminous Asphalt,Sub-grade Moisture Saturation,Traffic Police Notification,2024-08-11,Resolved / Repaired,Mastic Asphalt,2024-08-12,CONTR_BMC_107
PTH_2024_01039,RD_LOC_060,H/E Ward Sector 60 Connector Road,H/E,19.07177,72.85078,5.6,1.85,Moderate,Bituminous Asphalt,Sub-grade Moisture Saturation,Citizen (MyBMC App),2024-08-06,Inspected - Work Order Issued,Pending,,CONTR_BMC_103
PTH_2024_01040,RD_LOC_060,H/E Ward Sector 60 Connector Road,H/E,19.07077,72.8512,8.2,2.96,Critical,Bituminous Asphalt,Asphalt Aging & Pavement Fatigue,AI Camera / Patrol Vehicle,2024-08-18,In-Progress,Pending,,CONTR_BMC_125
PTH_2024_01041,RD_LOC_061,S Ward Sector 61 Connector Road,S,19.14706,72.92619,11.5,0.67,High,Bituminous Asphalt,Heavy Axle Commercial Vehicle Load,Traffic Police Notification,2024-07-03,In-Progress,Pending,,CONTR_BMC_123
PTH_2024_01042,RD_LOC_061,S Ward Sector 61 Connector Road,S,19.14658,72.92656,14.7,0.7,Critical,Bituminous Asphalt,Sub-grade Moisture Saturation,Citizen (MyBMC App),2024-08-11,In-Progress,Pending,,CONTR_BMC_122
PTH_2024_01043,RD_LOC_061,S Ward Sector 61 Connector Road,S,19.14804,72.92593,9.0,3.19,Critical,Bituminous Asphalt,Heavy Axle Commercial Vehicle Load,BMC Road Engineer Survey,2024-09-22,Resolved / Repaired,Hot Mix Bituminous Concrete,2024-09-28,CONTR_BMC_106
PTH_2024_01044,RD_LOC_061,S Ward Sector 61 Connector Road,S,19.14714,72.92682,13.4,0.5,Critical,Bituminous Asphalt,Utility Trench Reinstatement Failure (MGL/MTNL/Adani),Traffic Police Notification,2024-06-07,Resolved / Repaired,Rapid Hardening Concrete,2024-06-13,CONTR_BMC_117
PTH_2024_01045,RD_LOC_061,S Ward Sector 61 Connector Road,S,19.14737,72.92689,16.1,3.45,Critical,Bituminous Asphalt,Utility Trench Reinstatement Failure (MGL/MTNL/Adani),BMC Road Engineer Survey,2024-09-19,Resolved / Repaired,Hot Mix Bituminous Concrete,2024-09-23,CONTR_BMC_124
PTH_2024_01046,RD_LOC_061,S Ward Sector 61 Connector Road,S,19.14667,72.92656,4.4,0.47,Moderate,Bituminous Asphalt,Asphalt Aging & Pavement Fatigue,AI Camera / Patrol Vehicle,2024-07-13,Resolved / Repaired,Rapid Hardening Concrete,2024-07-18,CONTR_BMC_104
PTH_2024_01047,RD_LOC_061,S Ward Sector 61 Connector Road,S,19.14755,72.92584,7.8,0.63,High,Bituminous Asphalt,Asphalt Aging & Pavement Fatigue,Citizen (MyBMC App),2024-06-04,Resolved / Repaired,Cold Mix Polymer Asphalt,2024-06-08,CONTR_BMC_124
PTH_2024_01048,RD_LOC_061,S Ward Sector 61 Connector Road,S,19.1478,72.9275,9.2,0.85,High,Bituminous Asphalt,Asphalt Aging & Pavement Fatigue,BMC Road Engineer Survey,2024-09-16,Resolved / Repaired,Rapid Hardening Concrete,2024-09-19,CONTR_BMC_111
PTH_2024_01049,RD_LOC_061,S Ward Sector 61 Connector Road,S,19.14604,72.92614,17.7,1.61,Critical,Bituminous Asphalt,Sub-grade Moisture Saturation,Citizen (MyBMC App),2024-07-03,Resolved / Repaired,Hot Mix Bituminous Concrete,2024-07-08,CONTR_BMC_124
PTH_2024_01050,RD_LOC_061,S Ward Sector 61 Connector Road,S,19.14616,72.92567,9.6,3.03,Critical,Bituminous Asphalt,Waterlogging & Bitumen Stripping,Traffic Police Notification,2024-07-24,Resolved / Repaired,Mastic Asphalt,2024-07-28,CONTR_BMC_110
PTH_2024_01051,RD_LOC_061,S Ward Sector 61 Connector Road,S,19.1478,72.92672,11.7,1.16,High,Bituminous Asphalt,Heavy Axle Commercial Vehicle Load,AI Camera / Patrol Vehicle,2024-08-07,Resolved / Repaired,Mastic Asphalt,2024-08-10,CONTR_BMC_119
PTH_2024_01052,RD_LOC_061,S Ward Sector 61 Connector Road,S,19.14748,72.92755,11.6,3.41,Critical,Bituminous Asphalt,Sub-grade Moisture Saturation,BMC Road Engineer Survey,2024-07-22,Resolved / Repaired,Rapid Hardening Concrete,2024-07-27,CONTR_BMC_116
PTH_2024_01053,RD_LOC_061,S Ward Sector 61 Connector Road,S,19.14709,72.92789,9.3,1.19,High,Bituminous Asphalt,Utility Trench Reinstatement Failure (MGL/MTNL/Adani),Citizen (MyBMC App),2024-06-19,Inspected - Work Order Issued,Pending,,CONTR_BMC_122
PTH_2024_01054,RD_LOC_061,S Ward Sector 61 Connector Road,S,19.14606,72.92735,13.1,1.86,Critical,Bituminous Asphalt,Asphalt Aging & Pavement Fatigue,Traffic Police Notification,2024-06-25,Resolved / Repaired,Rapid Hardening Concrete,2024-07-01,CONTR_BMC_119
PTH_2024_01055,RD_LOC_061,S Ward Sector 61 Connector Road,S,19.14587,72.92739,13.7,0.51,Critical,Bituminous Asphalt,Utility Trench Reinstatement Failure (MGL/MTNL/Adani),Traffic Police Notification,2024-07-21,Resolved / Repaired,Cold Mix Polymer Asphalt,2024-07-25,CONTR_BMC_106
PTH_2024_01056,RD_LOC_061,S Ward Sector 61 Connector Road,S,19.14633,72.92706,17.7,2.61,Critical,Bituminous Asphalt,Utility Trench Reinstatement Failure (MGL/MTNL/Adani),Traffic Police Notification,2024-07-06,Resolved / Repaired,Cold Mix Polymer Asphalt,2024-07-08,CONTR_BMC_108
PTH_2024_01057,RD_LOC_061,S Ward Sector 61 Connector Road,S,19.14588,72.92553,17.9,3.15,Critical,Bituminous Asphalt,Utility Trench Reinstatement Failure (MGL/MTNL/Adani),AI Camera / Patrol Vehicle,2024-09-06,Resolved / Repaired,Mastic Asphalt,2024-09-10,CONTR_BMC_113
PTH_2024_01058,RD_LOC_061,S Ward Sector 61 Connector Road,S,19.14606,72.92614,9.1,2.37,Critical,Bituminous Asphalt,Heavy Axle Commercial Vehicle Load,Traffic Police Notification,2024-08-05,In-Progress,Pending,,CONTR_BMC_113
PTH_2024_01059,RD_LOC_061,S Ward Sector 61 Connector Road,S,19.14638,72.9265,17.8,1.94,Critical,Bituminous Asphalt,Asphalt Aging & Pavement Fatigue,BMC Road Engineer Survey,2024-07-09,Inspected - Work Order Issued,Pending,,CONTR_BMC_110
PTH_2024_01060,RD_LOC_061,S Ward Sector 61 Connector Road,S,19.14631,72.92539,6.8,1.27,Moderate,Bituminous Asphalt,Sub-grade Moisture Saturation,Citizen (MyBMC App),2024-07-19,Resolved / Repaired,Rapid Hardening Concrete,2024-07-25,CONTR_BMC_109
PTH_2024_01061,RD_LOC_062,E Ward Sector 62 Connector Road,E,18.97932,72.83142,15.0,0.42,Critical,Mastic Asphalt,Heavy Axle Commercial Vehicle Load,Traffic Police Notification,2024-08-04,Inspected - Work Order Issued,Pending,,CONTR_BMC_122
PTH_2024_01062,RD_LOC_062,E Ward Sector 62 Connector Road,E,18.98314,72.83452,14.3,2.04,Critical,Mastic Asphalt,Waterlogging & Bitumen Stripping,AI Camera / Patrol Vehicle,2024-08-05,Inspected - Work Order Issued,Pending,,CONTR_BMC_123
PTH_2024_01063,RD_LOC_062,E Ward Sector 62 Connector Road,E,18.98098,72.83543,5.8,0.85,Moderate,Mastic Asphalt,Asphalt Aging & Pavement Fatigue,BMC Road Engineer Survey,2024-07-25,Resolved / Repaired,Hot Mix Bituminous Concrete,2024-07-28,CONTR_BMC_109
PTH_2024_01064,RD_LOC_062,E Ward Sector 62 Connector Road,E,18.97907,72.83165,17.2,1.11,Critical,Mastic Asphalt,Asphalt Aging & Pavement Fatigue,Traffic Police Notification,2024-08-16,Resolved / Repaired,Cold Mix Polymer Asphalt,2024-08-21,CONTR_BMC_124
PTH_2024_01065,RD_LOC_062,E Ward Sector 62 Connector Road,E,18.97914,72.83421,15.1,3.2,Critical,Mastic Asphalt,Utility Trench Reinstatement Failure (MGL/MTNL/Adani),Citizen (MyBMC App),2024-06-07,In-Progress,Pending,,CONTR_BMC_110
PTH_2024_01066,RD_LOC_062,E Ward Sector 62 Connector Road,E,18.97952,72.83854,15.8,1.03,Critical,Mastic Asphalt,Asphalt Aging & Pavement Fatigue,BMC Road Engineer Survey,2024-07-13,Citizen Reported,Pending,,CONTR_BMC_104
PTH_2024_01067,RD_LOC_062,E Ward Sector 62 Connector Road,E,18.97939,72.84102,9.5,2.02,Critical,Mastic Asphalt,Utility Trench Reinstatement Failure (MGL/MTNL/Adani),AI Camera / Patrol Vehicle,2024-09-01,Resolved / Repaired,Hot Mix Bituminous Concrete,2024-09-07,CONTR_BMC_116
PTH_2024_01068,RD_LOC_062,E Ward Sector 62 Connector Road,E,18.98527,72.83246,9.0,1.92,High,Mastic Asphalt,Asphalt Aging & Pavement Fatigue,BMC Road Engineer Survey,2024-06-22,Resolved / Repaired,Mastic Asphalt,2024-06-28,CONTR_BMC_106
PTH_2024_01069,RD_LOC_062,E Ward Sector 62 Connector Road,E,18.98079,72.83929,15.0,2.48,Critical,Mastic Asphalt,Utility Trench Reinstatement Failure (MGL/MTNL/Adani),BMC Road Engineer Survey,2024-07-28,In-Progress,Pending,,CONTR_BMC_106
PTH_2024_01070,RD_LOC_062,E Ward Sector 62 Connector Road,E,18.98595,72.83816,10.7,3.31,Critical,Mastic Asphalt,Waterlogging & Bitumen Stripping,AI Camera / Patrol Vehicle,2024-06-19,Inspected - Work Order Issued,Pending,,CONTR_BMC_121
PTH_2024_01071,RD_LOC_063,R/N Ward Sector 63 Connector Road,R/N,19.25057,72.87711,12.1,1.75,Critical,Bituminous Asphalt,Waterlogging & Bitumen Stripping,BMC Road Engineer Survey,2024-08-01,In-Progress,Pending,,CONTR_BMC_125
PTH_2024_01072,RD_LOC_063,R/N Ward Sector 63 Connector Road,R/N,19.24955,72.87398,15.9,1.42,Critical,Bituminous Asphalt,Sub-grade Moisture Saturation,Traffic Police Notification,2024-09-07,Resolved / Repaired,Mastic Asphalt,2024-09-12,CONTR_BMC_108
PTH_2024_01073,RD_LOC_063,R/N Ward Sector 63 Connector Road,R/N,19.24886,72.87403,16.0,1.0,Critical,Bituminous Asphalt,Asphalt Aging & Pavement Fatigue,Traffic Police Notification,2024-08-20,Resolved / Repaired,Hot Mix Bituminous Concrete,2024-08-22,CONTR_BMC_116
PTH_2024_01074,RD_LOC_063,R/N Ward Sector 63 Connector Road,R/N,19.24974,72.87988,5.9,2.01,Critical,Bituminous Asphalt,Heavy Axle Commercial Vehicle Load,AI Camera / Patrol Vehicle,2024-07-25,Resolved / Repaired,Rapid Hardening Concrete,2024-07-27,CONTR_BMC_104
PTH_2024_01075,RD_LOC_063,R/N Ward Sector 63 Connector Road,R/N,19.25054,72.88031,16.2,2.63,Critical,Bituminous Asphalt,Heavy Axle Commercial Vehicle Load,AI Camera / Patrol Vehicle,2024-09-16,Resolved / Repaired,Mastic Asphalt,2024-09-20,CONTR_BMC_107
PTH_2024_01076,RD_LOC_063,R/N Ward Sector 63 Connector Road,R/N,19.24851,72.87816,9.5,1.45,High,Bituminous Asphalt,Heavy Axle Commercial Vehicle Load,BMC Road Engineer Survey,2024-09-18,Resolved / Repaired,Rapid Hardening Concrete,2024-09-22,CONTR_BMC_110
PTH_2024_01077,RD_LOC_063,R/N Ward Sector 63 Connector Road,R/N,19.24887,72.87443,15.6,3.29,Critical,Bituminous Asphalt,Sub-grade Moisture Saturation,AI Camera / Patrol Vehicle,2024-06-13,Inspected - Work Order Issued,Pending,,CONTR_BMC_124
PTH_2024_01078,RD_LOC_063,R/N Ward Sector 63 Connector Road,R/N,19.25135,72.87917,15.8,2.11,Critical,Bituminous Asphalt,Asphalt Aging & Pavement Fatigue,Citizen (MyBMC App),2024-06-07,Citizen Reported,Pending,,CONTR_BMC_112
PTH_2024_01079,RD_LOC_063,R/N Ward Sector 63 Connector Road,R/N,19.25014,72.87734,8.0,2.54,Critical,Bituminous Asphalt,Sub-grade Moisture Saturation,Traffic Police Notification,2024-08-26,Resolved / Repaired,Cold Mix Polymer Asphalt,2024-08-30,CONTR_BMC_107
PTH_2024_01080,RD_LOC_063,R/N Ward Sector 63 Connector Road,R/N,19.24657,72.87951,13.4,0.35,Critical,Bituminous Asphalt,Heavy Axle Commercial Vehicle Load,Traffic Police Notification,2024-09-11,Resolved / Repaired,Rapid Hardening Concrete,2024-09-12,CONTR_BMC_115
PTH_2024_01081,RD_LOC_063,R/N Ward Sector 63 Connector Road,R/N,19.24909,72.88099,13.3,2.33,Critical,Bituminous Asphalt,Utility Trench Reinstatement Failure (MGL/MTNL/Adani),AI Camera / Patrol Vehicle,2024-09-26,Resolved / Repaired,Rapid Hardening Concrete,2024-09-28,CONTR_BMC_115
PTH_2024_01082,RD_LOC_063,R/N Ward Sector 63 Connector Road,R/N,19.24674,72.8788,6.3,1.74,Moderate,Bituminous Asphalt,Asphalt Aging & Pavement Fatigue,Citizen (MyBMC App),2024-07-08,In-Progress,Pending,,CONTR_BMC_123
PTH_2024_01083,RD_LOC_063,R/N Ward Sector 63 Connector Road,R/N,19.24837,72.88089,16.4,2.95,Critical,Bituminous Asphalt,Heavy Axle Commercial Vehicle Load,BMC Road Engineer Survey,2024-07-20,Citizen Reported,Pending,,CONTR_BMC_125
PTH_2024_01084,RD_LOC_063,R/N Ward Sector 63 Connector Road,R/N,19.24704,72.88198,8.5,1.11,High,Bituminous Asphalt,Asphalt Aging & Pavement Fatigue,Citizen (MyBMC App),2024-07-28,Resolved / Repaired,Mastic Asphalt,2024-07-29,CONTR_BMC_119
PTH_2024_01085,RD_LOC_063,R/N Ward Sector 63 Connector Road,R/N,19.24803,72.88212,15.4,1.06,Critical,Bituminous Asphalt,Heavy Axle Commercial Vehicle Load,Citizen (MyBMC App),2024-06-22,Resolved / Repaired,Rapid Hardening Concrete,2024-06-28,CONTR_BMC_121
PTH_2024_01086,RD_LOC_063,R/N Ward Sector 63 Connector Road,R/N,19.24654,72.87675,10.5,2.44,Critical,Bituminous Asphalt,Utility Trench Reinstatement Failure (MGL/MTNL/Adani),BMC Road Engineer Survey,2024-07-08,Citizen Reported,Pending,,CONTR_BMC_108
PTH_2024_01087,RD_LOC_063,R/N Ward Sector 63 Connector Road,R/N,19.24655,72.87546,6.9,1.51,Moderate,Bituminous Asphalt,Waterlogging & Bitumen Stripping,Traffic Police Notification,2024-09-01,Resolved / Repaired,Mastic Asphalt,2024-09-04,CONTR_BMC_120
PTH_2024_01088,RD_LOC_063,R/N Ward Sector 63 Connector Road,R/N,19.25046,72.87739,17.3,2.48,Critical,Bituminous Asphalt,Asphalt Aging & Pavement Fatigue,BMC Road Engineer Survey,2024-07-05,Resolved / Repaired,Mastic Asphalt,2024-07-06,CONTR_BMC_117
PTH_2024_01089,RD_LOC_063,R/N Ward Sector 63 Connector Road,R/N,19.24936,72.87587,11.0,2.52,Critical,Bituminous Asphalt,Asphalt Aging & Pavement Fatigue,Citizen (MyBMC App),2024-09-19,Resolved / Repaired,Rapid Hardening Concrete,2024-09-21,CONTR_BMC_108
PTH_2024_01090,RD_LOC_063,R/N Ward Sector 63 Connector Road,R/N,19.24916,72.8777,15.8,0.95,Critical,Bituminous Asphalt,Waterlogging & Bitumen Stripping,Traffic Police Notification,2024-09-28,In-Progress,Pending,,CONTR_BMC_120
PTH_2024_01091,RD_LOC_064,C Ward Sector 64 Connector Road,C,18.94324,72.80686,12.3,1.88,Critical,Mastic Asphalt,Sub-grade Moisture Saturation,BMC Road Engineer Survey,2024-08-22,In-Progress,Pending,,CONTR_BMC_107
PTH_2024_01092,RD_LOC_064,C Ward Sector 64 Connector Road,C,18.94378,72.81032,7.9,1.79,High,Mastic Asphalt,Sub-grade Moisture Saturation,Citizen (MyBMC App),2024-06-07,Resolved / Repaired,Hot Mix Bituminous Concrete,2024-06-11,CONTR_BMC_102
PTH_2024_01093,RD_LOC_064,C Ward Sector 64 Connector Road,C,18.94272,72.81298,9.5,0.69,High,Mastic Asphalt,Waterlogging & Bitumen Stripping,AI Camera / Patrol Vehicle,2024-08-02,In-Progress,Pending,,CONTR_BMC_116
PTH_2024_01094,RD_LOC_064,C Ward Sector 64 Connector Road,C,18.94369,72.81276,10.4,1.49,High,Mastic Asphalt,Sub-grade Moisture Saturation,AI Camera / Patrol Vehicle,2024-07-19,Resolved / Repaired,Mastic Asphalt,2024-07-21,CONTR_BMC_105
PTH_2024_01095,RD_LOC_064,C Ward Sector 64 Connector Road,C,18.94274,72.81102,16.3,2.1,Critical,Mastic Asphalt,Asphalt Aging & Pavement Fatigue,Traffic Police Notification,2024-09-28,Inspected - Work Order Issued,Pending,,CONTR_BMC_114
PTH_2024_01096,RD_LOC_064,C Ward Sector 64 Connector Road,C,18.94395,72.80692,4.9,2.77,Critical,Mastic Asphalt,Sub-grade Moisture Saturation,AI Camera / Patrol Vehicle,2024-06-13,Resolved / Repaired,Hot Mix Bituminous Concrete,2024-06-14,CONTR_BMC_114
PTH_2024_01097,RD_LOC_064,C Ward Sector 64 Connector Road,C,18.94273,72.80972,4.4,1.35,Moderate,Mastic Asphalt,Heavy Axle Commercial Vehicle Load,Traffic Police Notification,2024-09-10,Resolved / Repaired,Rapid Hardening Concrete,2024-09-13,CONTR_BMC_119
PTH_2024_01098,RD_LOC_064,C Ward Sector 64 Connector Road,C,18.94385,72.8052,15.8,2.02,Critical,Mastic Asphalt,Waterlogging & Bitumen Stripping,Traffic Police Notification,2024-08-27,Resolved / Repaired,Mastic Asphalt,2024-08-30,CONTR_BMC_112
PTH_2024_01099,RD_LOC_064,C Ward Sector 64 Connector Road,C,18.944,72.80514,17.3,2.33,Critical,Mastic Asphalt,Waterlogging & Bitumen Stripping,AI Camera / Patrol Vehicle,2024-09-15,Resolved / Repaired,Cold Mix Polymer Asphalt,2024-09-18,CONTR_BMC_108
PTH_2024_01100,RD_LOC_064,C Ward Sector 64 Connector Road,C,18.94322,72.80451,7.0,0.3,Moderate,Mastic Asphalt,Sub-grade Moisture Saturation,AI Camera / Patrol Vehicle,2024-07-01,Resolved / Repaired,Mastic Asphalt,2024-07-04,CONTR_BMC_114
PTH_2024_01101,RD_LOC_064,C Ward Sector 64 Connector Road,C,18.944,72.80819,4.6,1.66,Moderate,Mastic Asphalt,Heavy Axle Commercial Vehicle Load,BMC Road Engineer Survey,2024-06-15,Resolved / Repaired,Cold Mix Polymer Asphalt,2024-06-19,CONTR_BMC_103
PTH_2024_01102,RD_LOC_064,C Ward Sector 64 Connector Road,C,18.94373,72.80726,11.9,1.99,High,Mastic Asphalt,Heavy Axle Commercial Vehicle Load,BMC Road Engineer Survey,2024-07-20,Resolved / Repaired,Rapid Hardening Concrete,2024-07-21,CONTR_BMC_118
PTH_2024_01103,RD_LOC_064,C Ward Sector 64 Connector Road,C,18.9435,72.81398,7.6,0.57,High,Mastic Asphalt,Heavy Axle Commercial Vehicle Load,AI Camera / Patrol Vehicle,2024-09-05,In-Progress,Pending,,CONTR_BMC_112
PTH_2024_01104,RD_LOC_064,C Ward Sector 64 Connector Road,C,18.94298,72.81346,8.0,0.83,High,Mastic Asphalt,Sub-grade Moisture Saturation,AI Camera / Patrol Vehicle,2024-09-14,Resolved / Repaired,Hot Mix Bituminous Concrete,2024-09-17,CONTR_BMC_120
PTH_2024_01105,RD_LOC_064,C Ward Sector 64 Connector Road,C,18.94277,72.804,13.6,0.68,Critical,Mastic Asphalt,Asphalt Aging & Pavement Fatigue,Traffic Police Notification,2024-09-04,In-Progress,Pending,,CONTR_BMC_108
PTH_2024_01106,RD_LOC_064,C Ward Sector 64 Connector Road,C,18.94358,72.80825,8.2,2.31,Critical,Mastic Asphalt,Heavy Axle Commercial Vehicle Load,Traffic Police Notification,2024-07-19,Resolved / Repaired,Hot Mix Bituminous Concrete,2024-07-22,CONTR_BMC_123
PTH_2024_01107,RD_LOC_064,C Ward Sector 64 Connector Road,C,18.94383,72.8094,11.4,2.9,Critical,Mastic Asphalt,Waterlogging & Bitumen Stripping,Traffic Police Notification,2024-09-16,Resolved / Repaired,Hot Mix Bituminous Concrete,2024-09-19,CONTR_BMC_106
PTH_2024_01108,RD_LOC_064,C Ward Sector 64 Connector Road,C,18.94303,72.80639,6.4,3.3,Critical,Mastic Asphalt,Sub-grade Moisture Saturation,Traffic Police Notification,2024-08-07,Resolved / Repaired,Mastic Asphalt,2024-08-12,CONTR_BMC_102
PTH_2024_01109,RD_LOC_064,C Ward Sector 64 Connector Road,C,18.94289,72.81277,7.9,3.42,Critical,Mastic Asphalt,Heavy Axle Commercial Vehicle Load,BMC Road Engineer Survey,2024-06-19,Inspected - Work Order Issued,Pending,,CONTR_BMC_103
PTH_2024_01110,RD_LOC_064,C Ward Sector 64 Connector Road,C,18.94364,72.8116,16.1,3.44,Critical,Mastic Asphalt,Utility Trench Reinstatement Failure (MGL/MTNL/Adani),AI Camera / Patrol Vehicle,2024-06-22,In-Progress,Pending,,CONTR_BMC_122
PTH_2024_01111,RD_LOC_064,C Ward Sector 64 Connector Road,C,18.94296,72.80948,17.5,2.4,Critical,Mastic Asphalt,Waterlogging & Bitumen Stripping,BMC Road Engineer Survey,2024-06-10,Resolved / Repaired,Rapid Hardening Concrete,2024-06-13,CONTR_BMC_114
PTH_2024_01112,RD_LOC_064,C Ward Sector 64 Connector Road,C,18.94318,72.80474,5.0,1.35,Moderate,Mastic Asphalt,Asphalt Aging & Pavement Fatigue,AI Camera / Patrol Vehicle,2024-09-21,Resolved / Repaired,Cold Mix Polymer Asphalt,2024-09-26,CONTR_BMC_120
PTH_2024_01113,RD_LOC_064,C Ward Sector 64 Connector Road,C,18.94407,72.81349,5.0,2.17,Critical,Mastic Asphalt,Waterlogging & Bitumen Stripping,BMC Road Engineer Survey,2024-08-23,Resolved / Repaired,Cold Mix Polymer Asphalt,2024-08-27,CONTR_BMC_116
PTH_2024_01114,RD_LOC_064,C Ward Sector 64 Connector Road,C,18.94396,72.81046,12.3,2.86,Critical,Mastic Asphalt,Heavy Axle Commercial Vehicle Load,AI Camera / Patrol Vehicle,2024-06-19,In-Progress,Pending,,CONTR_BMC_119
PTH_2024_01115,RD_LOC_065,A Ward Sector 65 Connector Road,A,18.90973,72.81459,6.2,2.66,Critical,Mastic Asphalt,Sub-grade Moisture Saturation,Traffic Police Notification,2024-08-02,In-Progress,Pending,,CONTR_BMC_124
PTH_2024_01116,RD_LOC_065,A Ward Sector 65 Connector Road,A,18.90998,72.81293,14.2,1.1,Critical,Mastic Asphalt,Waterlogging & Bitumen Stripping,Traffic Police Notification,2024-08-09,In-Progress,Pending,,CONTR_BMC_113
PTH_2024_01117,RD_LOC_065,A Ward Sector 65 Connector Road,A,18.90969,72.81031,16.4,0.39,Critical,Mastic Asphalt,Waterlogging & Bitumen Stripping,Citizen (MyBMC App),2024-09-06,Resolved / Repaired,Hot Mix Bituminous Concrete,2024-09-09,CONTR_BMC_115
PTH_2024_01118,RD_LOC_065,A Ward Sector 65 Connector Road,A,18.90677,72.81123,13.9,1.35,Critical,Mastic Asphalt,Heavy Axle Commercial Vehicle Load,Citizen (MyBMC App),2024-07-06,Resolved / Repaired,Mastic Asphalt,2024-07-07,CONTR_BMC_114
PTH_2024_01119,RD_LOC_065,A Ward Sector 65 Connector Road,A,18.90645,72.811,9.0,3.04,Critical,Mastic Asphalt,Waterlogging & Bitumen Stripping,AI Camera / Patrol Vehicle,2024-09-12,Resolved / Repaired,Mastic Asphalt,2024-09-14,CONTR_BMC_112
PTH_2024_01120,RD_LOC_065,A Ward Sector 65 Connector Road,A,18.90789,72.81274,15.6,1.6,Critical,Mastic Asphalt,Sub-grade Moisture Saturation,Citizen (MyBMC App),2024-09-20,Resolved / Repaired,Rapid Hardening Concrete,2024-09-21,CONTR_BMC_117
PTH_2024_01121,RD_LOC_065,A Ward Sector 65 Connector Road,A,18.90644,72.81404,5.5,2.44,Critical,Mastic Asphalt,Asphalt Aging & Pavement Fatigue,Citizen (MyBMC App),2024-09-28,Resolved / Repaired,Mastic Asphalt,2024-10-03,CONTR_BMC_119
PTH_2024_01122,RD_LOC_065,A Ward Sector 65 Connector Road,A,18.90896,72.81043,12.5,0.42,Critical,Mastic Asphalt,Asphalt Aging & Pavement Fatigue,Citizen (MyBMC App),2024-06-17,Resolved / Repaired,Rapid Hardening Concrete,2024-06-23,CONTR_BMC_116
PTH_2024_01123,RD_LOC_065,A Ward Sector 65 Connector Road,A,18.90961,72.81133,14.2,2.03,Critical,Mastic Asphalt,Sub-grade Moisture Saturation,Traffic Police Notification,2024-08-20,Resolved / Repaired,Cold Mix Polymer Asphalt,2024-08-21,CONTR_BMC_125
PTH_2024_01124,RD_LOC_065,A Ward Sector 65 Connector Road,A,18.90679,72.81419,8.8,2.48,Critical,Mastic Asphalt,Utility Trench Reinstatement Failure (MGL/MTNL/Adani),AI Camera / Patrol Vehicle,2024-08-08,Resolved / Repaired,Rapid Hardening Concrete,2024-08-14,CONTR_BMC_106
PTH_2024_01125,RD_LOC_066,K/W Ward Sector 66 Connector Road,K/W,19.13912,72.8552,4.5,3.44,Critical,Bituminous Asphalt,Heavy Axle Commercial Vehicle Load,BMC Road Engineer Survey,2024-07-23,Resolved / Repaired,Mastic Asphalt,2024-07-24,CONTR_BMC_121
PTH_2024_01126,RD_LOC_066,K/W Ward Sector 66 Connector Road,K/W,19.13851,72.85152,15.7,0.92,Critical,Bituminous Asphalt,Sub-grade Moisture Saturation,BMC Road Engineer Survey,2024-06-28,Resolved / Repaired,Rapid Hardening Concrete,2024-06-29,CONTR_BMC_101
PTH_2024_01127,RD_LOC_066,K/W Ward Sector 66 Connector Road,K/W,19.13852,72.85034,10.8,0.31,High,Bituminous Asphalt,Heavy Axle Commercial Vehicle Load,AI Camera / Patrol Vehicle,2024-08-02,Resolved / Repaired,Rapid Hardening Concrete,2024-08-08,CONTR_BMC_122
PTH_2024_01128,RD_LOC_066,K/W Ward Sector 66 Connector Road,K/W,19.13818,72.84927,8.7,1.64,High,Bituminous Asphalt,Waterlogging & Bitumen Stripping,Citizen (MyBMC App),2024-06-18,Resolved / Repaired,Mastic Asphalt,2024-06-21,CONTR_BMC_101
PTH_2024_01129,RD_LOC_066,K/W Ward Sector 66 Connector Road,K/W,19.13866,72.85301,15.2,1.08,Critical,Bituminous Asphalt,Heavy Axle Commercial Vehicle Load,Citizen (MyBMC App),2024-06-08,Resolved / Repaired,Cold Mix Polymer Asphalt,2024-06-09,CONTR_BMC_113
PTH_2024_01130,RD_LOC_066,K/W Ward Sector 66 Connector Road,K/W,19.13823,72.84657,12.9,2.86,Critical,Bituminous Asphalt,Waterlogging & Bitumen Stripping,AI Camera / Patrol Vehicle,2024-07-21,Resolved / Repaired,Rapid Hardening Concrete,2024-07-25,CONTR_BMC_107
PTH_2024_01131,RD_LOC_066,K/W Ward Sector 66 Connector Road,K/W,19.13903,72.85036,7.2,2.85,Critical,Bituminous Asphalt,Utility Trench Reinstatement Failure (MGL/MTNL/Adani),Citizen (MyBMC App),2024-06-15,Inspected - Work Order Issued,Pending,,CONTR_BMC_124
PTH_2024_01132,RD_LOC_066,K/W Ward Sector 66 Connector Road,K/W,19.1388,72.84933,4.7,1.58,Moderate,Bituminous Asphalt,Sub-grade Moisture Saturation,Citizen (MyBMC App),2024-09-25,Resolved / Repaired,Hot Mix Bituminous Concrete,2024-09-27,CONTR_BMC_122
PTH_2024_01133,RD_LOC_066,K/W Ward Sector 66 Connector Road,K/W,19.13819,72.85051,6.6,1.17,Moderate,Bituminous Asphalt,Asphalt Aging & Pavement Fatigue,Citizen (MyBMC App),2024-06-14,Resolved / Repaired,Hot Mix Bituminous Concrete,2024-06-17,CONTR_BMC_121
PTH_2024_01134,RD_LOC_066,K/W Ward Sector 66 Connector Road,K/W,19.13887,72.85492,8.4,2.59,Critical,Bituminous Asphalt,Asphalt Aging & Pavement Fatigue,AI Camera / Patrol Vehicle,2024-07-15,Resolved / Repaired,Mastic Asphalt,2024-07-20,CONTR_BMC_107
PTH_2024_01135,RD_LOC_066,K/W Ward Sector 66 Connector Road,K/W,19.13834,72.85082,4.5,2.35,Critical,Bituminous Asphalt,Utility Trench Reinstatement Failure (MGL/MTNL/Adani),Traffic Police Notification,2024-06-25,Resolved / Repaired,Cold Mix Polymer Asphalt,2024-06-28,CONTR_BMC_101
PTH_2024_01136,RD_LOC_066,K/W Ward Sector 66 Connector Road,K/W,19.13879,72.84521,11.3,1.66,High,Bituminous Asphalt,Utility Trench Reinstatement Failure (MGL/MTNL/Adani),BMC Road Engineer Survey,2024-07-03,In-Progress,Pending,,CONTR_BMC_122
PTH_2024_01137,RD_LOC_066,K/W Ward Sector 66 Connector Road,K/W,19.13885,72.84415,4.8,2.35,Critical,Bituminous Asphalt,Asphalt Aging & Pavement Fatigue,BMC Road Engineer Survey,2024-08-01,Resolved / Repaired,Rapid Hardening Concrete,2024-08-05,CONTR_BMC_121
PTH_2024_01138,RD_LOC_066,K/W Ward Sector 66 Connector Road,K/W,19.13824,72.8445,5.2,0.91,Moderate,Bituminous Asphalt,Utility Trench Reinstatement Failure (MGL/MTNL/Adani),Traffic Police Notification,2024-09-26,Resolved / Repaired,Hot Mix Bituminous Concrete,2024-10-01,CONTR_BMC_109
PTH_2024_01139,RD_LOC_066,K/W Ward Sector 66 Connector Road,K/W,19.13875,72.8498,12.6,1.11,Critical,Bituminous Asphalt,Utility Trench Reinstatement Failure (MGL/MTNL/Adani),BMC Road Engineer Survey,2024-08-02,Inspected - Work Order Issued,Pending,,CONTR_BMC_111
PTH_2024_01140,RD_LOC_066,K/W Ward Sector 66 Connector Road,K/W,19.13828,72.84753,10.9,0.68,High,Bituminous Asphalt,Asphalt Aging & Pavement Fatigue,BMC Road Engineer Survey,2024-07-27,Resolved / Repaired,Rapid Hardening Concrete,2024-07-31,CONTR_BMC_111
PTH_2024_01141,RD_LOC_066,K/W Ward Sector 66 Connector Road,K/W,19.13829,72.85373,10.6,0.9,High,Bituminous Asphalt,Utility Trench Reinstatement Failure (MGL/MTNL/Adani),Citizen (MyBMC App),2024-09-19,Resolved / Repaired,Mastic Asphalt,2024-09-21,CONTR_BMC_108
PTH_2024_01142,RD_LOC_066,K/W Ward Sector 66 Connector Road,K/W,19.13852,72.85546,15.5,0.55,Critical,Bituminous Asphalt,Waterlogging & Bitumen Stripping,BMC Road Engineer Survey,2024-06-10,Resolved / Repaired,Hot Mix Bituminous Concrete,2024-06-14,CONTR_BMC_119
PTH_2024_01143,RD_LOC_066,K/W Ward Sector 66 Connector Road,K/W,19.13883,72.84427,8.8,1.09,High,Bituminous Asphalt,Heavy Axle Commercial Vehicle Load,BMC Road Engineer Survey,2024-07-07,Resolved / Repaired,Mastic Asphalt,2024-07-10,CONTR_BMC_112
PTH_2024_01144,RD_LOC_066,K/W Ward Sector 66 Connector Road,K/W,19.1391,72.84597,16.4,0.35,Critical,Bituminous Asphalt,Heavy Axle Commercial Vehicle Load,Citizen (MyBMC App),2024-08-23,In-Progress,Pending,,CONTR_BMC_118
PTH_2024_01145,RD_LOC_066,K/W Ward Sector 66 Connector Road,K/W,19.13825,72.85093,9.2,1.31,High,Bituminous Asphalt,Heavy Axle Commercial Vehicle Load,AI Camera / Patrol Vehicle,2024-08-08,Resolved / Repaired,Cold Mix Polymer Asphalt,2024-08-09,CONTR_BMC_119
PTH_2024_01146,RD_LOC_066,K/W Ward Sector 66 Connector Road,K/W,19.13834,72.84862,11.1,2.31,Critical,Bituminous Asphalt,Asphalt Aging & Pavement Fatigue,Traffic Police Notification,2024-08-20,Inspected - Work Order Issued,Pending,,CONTR_BMC_104
PTH_2024_01147,RD_LOC_066,K/W Ward Sector 66 Connector Road,K/W,19.13834,72.84547,14.4,3.27,Critical,Bituminous Asphalt,Utility Trench Reinstatement Failure (MGL/MTNL/Adani),Citizen (MyBMC App),2024-08-18,Inspected - Work Order Issued,Pending,,CONTR_BMC_113
PTH_2024_01148,RD_LOC_067,K/W Ward Sector 67 Connector Road,K/W,19.12735,72.83411,6.3,0.81,Moderate,Mastic Asphalt,Utility Trench Reinstatement Failure (MGL/MTNL/Adani),Traffic Police Notification,2024-09-02,Resolved / Repaired,Cold Mix Polymer Asphalt,2024-09-03,CONTR_BMC_108
PTH_2024_01149,RD_LOC_067,K/W Ward Sector 67 Connector Road,K/W,19.12803,72.8352,8.4,2.32,Critical,Mastic Asphalt,Sub-grade Moisture Saturation,Citizen (MyBMC App),2024-09-16,Resolved / Repaired,Hot Mix Bituminous Concrete,2024-09-20,CONTR_BMC_101
PTH_2024_01150,RD_LOC_067,K/W Ward Sector 67 Connector Road,K/W,19.12604,72.83384,6.7,2.19,Critical,Mastic Asphalt,Sub-grade Moisture Saturation,AI Camera / Patrol Vehicle,2024-09-18,Resolved / Repaired,Cold Mix Polymer Asphalt,2024-09-22,CONTR_BMC_109
PTH_2024_01151,RD_LOC_067,K/W Ward Sector 67 Connector Road,K/W,19.12782,72.83293,17.0,3.31,Critical,Mastic Asphalt,Waterlogging & Bitumen Stripping,AI Camera / Patrol Vehicle,2024-07-18,Resolved / Repaired,Hot Mix Bituminous Concrete,2024-07-22,CONTR_BMC_103
PTH_2024_01152,RD_LOC_067,K/W Ward Sector 67 Connector Road,K/W,19.12751,72.83454,15.0,1.99,Critical,Mastic Asphalt,Waterlogging & Bitumen Stripping,Traffic Police Notification,2024-08-18,Resolved / Repaired,Rapid Hardening Concrete,2024-08-23,CONTR_BMC_119
PTH_2024_01153,RD_LOC_067,K/W Ward Sector 67 Connector Road,K/W,19.12644,72.83535,6.7,2.2,Critical,Mastic Asphalt,Waterlogging & Bitumen Stripping,Citizen (MyBMC App),2024-07-11,Resolved / Repaired,Hot Mix Bituminous Concrete,2024-07-17,CONTR_BMC_102
PTH_2024_01154,RD_LOC_067,K/W Ward Sector 67 Connector Road,K/W,19.12908,72.83373,5.8,2.39,Critical,Mastic Asphalt,Sub-grade Moisture Saturation,Traffic Police Notification,2024-09-22,Resolved / Repaired,Hot Mix Bituminous Concrete,2024-09-25,CONTR_BMC_113
PTH_2024_01155,RD_LOC_067,K/W Ward Sector 67 Connector Road,K/W,19.12901,72.83431,12.1,0.61,Critical,Mastic Asphalt,Waterlogging & Bitumen Stripping,Traffic Police Notification,2024-06-20,In-Progress,Pending,,CONTR_BMC_116
PTH_2024_01156,RD_LOC_067,K/W Ward Sector 67 Connector Road,K/W,19.12901,72.83362,6.5,1.83,Moderate,Mastic Asphalt,Waterlogging & Bitumen Stripping,BMC Road Engineer Survey,2024-07-09,In-Progress,Pending,,CONTR_BMC_101
PTH_2024_01157,RD_LOC_067,K/W Ward Sector 67 Connector Road,K/W,19.12862,72.83265,7.1,2.06,Critical,Mastic Asphalt,Utility Trench Reinstatement Failure (MGL/MTNL/Adani),BMC Road Engineer Survey,2024-08-04,Resolved / Repaired,Hot Mix Bituminous Concrete,2024-08-07,CONTR_BMC_105
PTH_2024_01158,RD_LOC_067,K/W Ward Sector 67 Connector Road,K/W,19.12911,72.83268,13.2,0.68,Critical,Mastic Asphalt,Utility Trench Reinstatement Failure (MGL/MTNL/Adani),Traffic Police Notification,2024-09-14,Resolved / Repaired,Hot Mix Bituminous Concrete,2024-09-17,CONTR_BMC_123
PTH_2024_01159,RD_LOC_067,K/W Ward Sector 67 Connector Road,K/W,19.12894,72.83415,12.0,1.72,High,Mastic Asphalt,Heavy Axle Commercial Vehicle Load,Traffic Police Notification,2024-06-26,Inspected - Work Order Issued,Pending,,CONTR_BMC_125
PTH_2024_01160,RD_LOC_067,K/W Ward Sector 67 Connector Road,K/W,19.12792,72.83355,15.2,0.94,Critical,Mastic Asphalt,Utility Trench Reinstatement Failure (MGL/MTNL/Adani),AI Camera / Patrol Vehicle,2024-06-01,Resolved / Repaired,Cold Mix Polymer Asphalt,2024-06-04,CONTR_BMC_115
PTH_2024_01161,RD_LOC_067,K/W Ward Sector 67 Connector Road,K/W,19.12608,72.83426,6.4,2.01,Critical,Mastic Asphalt,Utility Trench Reinstatement Failure (MGL/MTNL/Adani),AI Camera / Patrol Vehicle,2024-09-23,Resolved / Repaired,Cold Mix Polymer Asphalt,2024-09-26,CONTR_BMC_118
PTH_2024_01162,RD_LOC_067,K/W Ward Sector 67 Connector Road,K/W,19.12705,72.83371,5.3,1.63,Moderate,Mastic Asphalt,Asphalt Aging & Pavement Fatigue,BMC Road Engineer Survey,2024-09-21,Resolved / Repaired,Mastic Asphalt,2024-09-22,CONTR_BMC_101
PTH_2024_01163,RD_LOC_067,K/W Ward Sector 67 Connector Road,K/W,19.12627,72.83319,10.9,2.55,Critical,Mastic Asphalt,Sub-grade Moisture Saturation,BMC Road Engineer Survey,2024-07-26,Resolved / Repaired,Cold Mix Polymer Asphalt,2024-08-01,CONTR_BMC_121
PTH_2024_01164,RD_LOC_067,K/W Ward Sector 67 Connector Road,K/W,19.12644,72.83368,12.7,0.74,Critical,Mastic Asphalt,Sub-grade Moisture Saturation,Traffic Police Notification,2024-06-23,Resolved / Repaired,Hot Mix Bituminous Concrete,2024-06-25,CONTR_BMC_112
PTH_2024_01165,RD_LOC_067,K/W Ward Sector 67 Connector Road,K/W,19.12583,72.8351,12.1,3.1,Critical,Mastic Asphalt,Waterlogging & Bitumen Stripping,AI Camera / Patrol Vehicle,2024-08-20,Resolved / Repaired,Cold Mix Polymer Asphalt,2024-08-26,CONTR_BMC_109
PTH_2024_01166,RD_LOC_067,K/W Ward Sector 67 Connector Road,K/W,19.12668,72.83409,14.1,0.78,Critical,Mastic Asphalt,Utility Trench Reinstatement Failure (MGL/MTNL/Adani),AI Camera / Patrol Vehicle,2024-07-25,Inspected - Work Order Issued,Pending,,CONTR_BMC_119
PTH_2024_01167,RD_LOC_067,K/W Ward Sector 67 Connector Road,K/W,19.12793,72.83267,13.3,1.08,Critical,Mastic Asphalt,Utility Trench Reinstatement Failure (MGL/MTNL/Adani),BMC Road Engineer Survey,2024-08-10,Resolved / Repaired,Rapid Hardening Concrete,2024-08-11,CONTR_BMC_103
PTH_2024_01168,RD_LOC_067,K/W Ward Sector 67 Connector Road,K/W,19.12608,72.83377,17.6,0.66,Critical,Mastic Asphalt,Asphalt Aging & Pavement Fatigue,AI Camera / Patrol Vehicle,2024-09-11,Inspected - Work Order Issued,Pending,,CONTR_BMC_103
PTH_2024_01169,RD_LOC_067,K/W Ward Sector 67 Connector Road,K/W,19.12652,72.83375,5.6,0.38,Moderate,Mastic Asphalt,Utility Trench Reinstatement Failure (MGL/MTNL/Adani),Traffic Police Notification,2024-06-13,Resolved / Repaired,Mastic Asphalt,2024-06-16,CONTR_BMC_104
PTH_2024_01170,RD_LOC_068,F/N Ward Sector 68 Connector Road,F/N,19.03525,72.85814,5.7,1.53,Moderate,Cement Concrete,Heavy Axle Commercial Vehicle Load,Citizen (MyBMC App),2024-09-06,Resolved / Repaired,Rapid Hardening Concrete,2024-09-11,CONTR_BMC_124
PTH_2024_01171,RD_LOC_068,F/N Ward Sector 68 Connector Road,F/N,19.03262,72.85032,2.7,3.13,Critical,Cement Concrete,Asphalt Aging & Pavement Fatigue,BMC Road Engineer Survey,2024-06-06,In-Progress,Pending,,CONTR_BMC_103
PTH_2024_01172,RD_LOC_068,F/N Ward Sector 68 Connector Road,F/N,19.03005,72.85297,3.0,2.57,Critical,Cement Concrete,Utility Trench Reinstatement Failure (MGL/MTNL/Adani),Traffic Police Notification,2024-08-21,Resolved / Repaired,Mastic Asphalt,2024-08-23,CONTR_BMC_110
PTH_2024_01173,RD_LOC_069,D Ward Sector 69 Connector Road,D,18.9738,72.8004,16.8,1.85,Critical,Bituminous Asphalt,Asphalt Aging & Pavement Fatigue,AI Camera / Patrol Vehicle,2024-09-05,In-Progress,Pending,,CONTR_BMC_110
PTH_2024_01174,RD_LOC_069,D Ward Sector 69 Connector Road,D,18.97404,72.8009,9.8,1.94,High,Bituminous Asphalt,Heavy Axle Commercial Vehicle Load,Traffic Police Notification,2024-07-12,Inspected - Work Order Issued,Pending,,CONTR_BMC_108
PTH_2024_01175,RD_LOC_069,D Ward Sector 69 Connector Road,D,18.97376,72.80068,15.6,1.18,Critical,Bituminous Asphalt,Sub-grade Moisture Saturation,Traffic Police Notification,2024-07-02,Resolved / Repaired,Hot Mix Bituminous Concrete,2024-07-07,CONTR_BMC_116
PTH_2024_01176,RD_LOC_069,D Ward Sector 69 Connector Road,D,18.97421,72.80138,7.2,1.27,High,Bituminous Asphalt,Waterlogging & Bitumen Stripping,AI Camera / Patrol Vehicle,2024-06-04,Resolved / Repaired,Hot Mix Bituminous Concrete,2024-06-06,CONTR_BMC_117
PTH_2024_01177,RD_LOC_069,D Ward Sector 69 Connector Road,D,18.97479,72.80036,8.0,2.82,Critical,Bituminous Asphalt,Sub-grade Moisture Saturation,Citizen (MyBMC App),2024-08-11,Resolved / Repaired,Cold Mix Polymer Asphalt,2024-08-17,CONTR_BMC_112
PTH_2024_01178,RD_LOC_069,D Ward Sector 69 Connector Road,D,18.97463,72.80114,11.9,1.2,High,Bituminous Asphalt,Heavy Axle Commercial Vehicle Load,BMC Road Engineer Survey,2024-06-04,Resolved / Repaired,Cold Mix Polymer Asphalt,2024-06-09,CONTR_BMC_103
PTH_2024_01179,RD_LOC_069,D Ward Sector 69 Connector Road,D,18.97429,72.80116,6.7,0.77,Moderate,Bituminous Asphalt,Asphalt Aging & Pavement Fatigue,Traffic Police Notification,2024-06-28,Resolved / Repaired,Rapid Hardening Concrete,2024-06-29,CONTR_BMC_105
PTH_2024_01180,RD_LOC_069,D Ward Sector 69 Connector Road,D,18.97464,72.80103,13.0,3.1,Critical,Bituminous Asphalt,Utility Trench Reinstatement Failure (MGL/MTNL/Adani),AI Camera / Patrol Vehicle,2024-07-05,In-Progress,Pending,,CONTR_BMC_103
PTH_2024_01181,RD_LOC_070,S Ward Sector 70 Connector Road,S,19.15804,72.9482,3.4,0.91,Moderate,Cement Concrete,Utility Trench Reinstatement Failure (MGL/MTNL/Adani),Traffic Police Notification,2024-07-09,Resolved / Repaired,Mastic Asphalt,2024-07-14,CONTR_BMC_113
PTH_2024_01182,RD_LOC_070,S Ward Sector 70 Connector Road,S,19.1583,72.9475,4.1,1.18,Moderate,Cement Concrete,Heavy Axle Commercial Vehicle Load,BMC Road Engineer Survey,2024-08-15,In-Progress,Pending,,CONTR_BMC_115
PTH_2024_01183,RD_LOC_070,S Ward Sector 70 Connector Road,S,19.16121,72.94826,4.6,0.51,Moderate,Cement Concrete,Waterlogging & Bitumen Stripping,AI Camera / Patrol Vehicle,2024-08-26,Resolved / Repaired,Hot Mix Bituminous Concrete,2024-09-01,CONTR_BMC_101
PTH_2024_01184,RD_LOC_071,M/E Ward Sector 71 Connector Road,M/E,19.05291,72.90709,10.0,1.05,High,Bituminous Asphalt,Sub-grade Moisture Saturation,BMC Road Engineer Survey,2024-09-28,Citizen Reported,Pending,,CONTR_BMC_104
PTH_2024_01185,RD_LOC_071,M/E Ward Sector 71 Connector Road,M/E,19.05132,72.90166,6.5,2.85,Critical,Bituminous Asphalt,Sub-grade Moisture Saturation,AI Camera / Patrol Vehicle,2024-09-18,Inspected - Work Order Issued,Pending,,CONTR_BMC_109
PTH_2024_01186,RD_LOC_071,M/E Ward Sector 71 Connector Road,M/E,19.05362,72.90139,8.7,0.65,High,Bituminous Asphalt,Heavy Axle Commercial Vehicle Load,Traffic Police Notification,2024-08-22,Resolved / Repaired,Hot Mix Bituminous Concrete,2024-08-27,CONTR_BMC_103
PTH_2024_01187,RD_LOC_071,M/E Ward Sector 71 Connector Road,M/E,19.05362,72.90406,15.1,1.4,Critical,Bituminous Asphalt,Utility Trench Reinstatement Failure (MGL/MTNL/Adani),Traffic Police Notification,2024-09-17,Resolved / Repaired,Rapid Hardening Concrete,2024-09-21,CONTR_BMC_108
PTH_2024_01188,RD_LOC_071,M/E Ward Sector 71 Connector Road,M/E,19.05076,72.90396,5.1,2.4,Critical,Bituminous Asphalt,Sub-grade Moisture Saturation,Citizen (MyBMC App),2024-09-26,Citizen Reported,Pending,,CONTR_BMC_120
PTH_2024_01189,RD_LOC_071,M/E Ward Sector 71 Connector Road,M/E,19.05481,72.90691,4.8,3.45,Critical,Bituminous Asphalt,Asphalt Aging & Pavement Fatigue,AI Camera / Patrol Vehicle,2024-09-22,Resolved / Repaired,Mastic Asphalt,2024-09-24,CONTR_BMC_123
PTH_2024_01190,RD_LOC_071,M/E Ward Sector 71 Connector Road,M/E,19.05383,72.90359,15.0,2.73,Critical,Bituminous Asphalt,Utility Trench Reinstatement Failure (MGL/MTNL/Adani),Traffic Police Notification,2024-09-07,Resolved / Repaired,Mastic Asphalt,2024-09-10,CONTR_BMC_122
PTH_2024_01191,RD_LOC_071,M/E Ward Sector 71 Connector Road,M/E,19.0534,72.90454,16.9,1.58,Critical,Bituminous Asphalt,Utility Trench Reinstatement Failure (MGL/MTNL/Adani),AI Camera / Patrol Vehicle,2024-09-24,Resolved / Repaired,Rapid Hardening Concrete,2024-09-25,CONTR_BMC_124
PTH_2024_01192,RD_LOC_071,M/E Ward Sector 71 Connector Road,M/E,19.05364,72.90527,15.4,1.58,Critical,Bituminous Asphalt,Utility Trench Reinstatement Failure (MGL/MTNL/Adani),Citizen (MyBMC App),2024-09-05,Inspected - Work Order Issued,Pending,,CONTR_BMC_110
PTH_2024_01193,RD_LOC_071,M/E Ward Sector 71 Connector Road,M/E,19.05149,72.90263,12.8,1.4,Critical,Bituminous Asphalt,Heavy Axle Commercial Vehicle Load,Traffic Police Notification,2024-09-05,Inspected - Work Order Issued,Pending,,CONTR_BMC_123
PTH_2024_01194,RD_LOC_071,M/E Ward Sector 71 Connector Road,M/E,19.05161,72.90063,15.9,0.8,Critical,Bituminous Asphalt,Waterlogging & Bitumen Stripping,Traffic Police Notification,2024-09-21,Resolved / Repaired,Rapid Hardening Concrete,2024-09-27,CONTR_BMC_118
PTH_2024_01195,RD_LOC_071,M/E Ward Sector 71 Connector Road,M/E,19.05267,72.90042,16.5,2.54,Critical,Bituminous Asphalt,Heavy Axle Commercial Vehicle Load,Traffic Police Notification,2024-08-14,Resolved / Repaired,Rapid Hardening Concrete,2024-08-20,CONTR_BMC_112
PTH_2024_01196,RD_LOC_071,M/E Ward Sector 71 Connector Road,M/E,19.0516,72.90061,11.0,1.33,High,Bituminous Asphalt,Asphalt Aging & Pavement Fatigue,BMC Road Engineer Survey,2024-07-21,Resolved / Repaired,Mastic Asphalt,2024-07-24,CONTR_BMC_125
PTH_2024_01197,RD_LOC_071,M/E Ward Sector 71 Connector Road,M/E,19.05132,72.90664,9.1,0.46,High,Bituminous Asphalt,Waterlogging & Bitumen Stripping,Traffic Police Notification,2024-09-08,Resolved / Repaired,Rapid Hardening Concrete,2024-09-11,CONTR_BMC_118
PTH_2024_01198,RD_LOC_071,M/E Ward Sector 71 Connector Road,M/E,19.05229,72.90192,11.1,2.95,Critical,Bituminous Asphalt,Utility Trench Reinstatement Failure (MGL/MTNL/Adani),Traffic Police Notification,2024-07-07,Resolved / Repaired,Mastic Asphalt,2024-07-12,CONTR_BMC_107
PTH_2024_01199,RD_LOC_071,M/E Ward Sector 71 Connector Road,M/E,19.04959,72.90094,17.1,1.44,Critical,Bituminous Asphalt,Asphalt Aging & Pavement Fatigue,AI Camera / Patrol Vehicle,2024-09-02,Resolved / Repaired,Hot Mix Bituminous Concrete,2024-09-08,CONTR_BMC_101
PTH_2024_01200,RD_LOC_071,M/E Ward Sector 71 Connector Road,M/E,19.05314,72.90365,9.9,3.07,Critical,Bituminous Asphalt,Heavy Axle Commercial Vehicle Load,AI Camera / Patrol Vehicle,2024-06-08,Resolved / Repaired,Cold Mix Polymer Asphalt,2024-06-10,CONTR_BMC_104
PTH_2024_01201,RD_LOC_071,M/E Ward Sector 71 Connector Road,M/E,19.05245,72.90241,8.7,1.42,High,Bituminous Asphalt,Asphalt Aging & Pavement Fatigue,BMC Road Engineer Survey,2024-08-08,Resolved / Repaired,Mastic Asphalt,2024-08-13,CONTR_BMC_121
PTH_2024_01202,RD_LOC_071,M/E Ward Sector 71 Connector Road,M/E,19.05217,72.90409,10.9,1.23,High,Bituminous Asphalt,Waterlogging & Bitumen Stripping,AI Camera / Patrol Vehicle,2024-06-06,Resolved / Repaired,Rapid Hardening Concrete,2024-06-07,CONTR_BMC_107
PTH_2024_01203,RD_LOC_071,M/E Ward Sector 71 Connector Road,M/E,19.05109,72.90638,17.7,3.41,Critical,Bituminous Asphalt,Utility Trench Reinstatement Failure (MGL/MTNL/Adani),Traffic Police Notification,2024-08-04,Resolved / Repaired,Mastic Asphalt,2024-08-10,CONTR_BMC_104
PTH_2024_01204,RD_LOC_071,M/E Ward Sector 71 Connector Road,M/E,19.0504,72.90144,15.9,3.41,Critical,Bituminous Asphalt,Asphalt Aging & Pavement Fatigue,Traffic Police Notification,2024-07-27,Resolved / Repaired,Rapid Hardening Concrete,2024-07-28,CONTR_BMC_116
PTH_2024_01205,RD_LOC_071,M/E Ward Sector 71 Connector Road,M/E,19.05319,72.90627,14.3,0.68,Critical,Bituminous Asphalt,Heavy Axle Commercial Vehicle Load,BMC Road Engineer Survey,2024-09-02,Resolved / Repaired,Mastic Asphalt,2024-09-08,CONTR_BMC_125
PTH_2024_01206,RD_LOC_071,M/E Ward Sector 71 Connector Road,M/E,19.05462,72.90537,13.7,2.95,Critical,Bituminous Asphalt,Asphalt Aging & Pavement Fatigue,Traffic Police Notification,2024-09-14,Resolved / Repaired,Cold Mix Polymer Asphalt,2024-09-18,CONTR_BMC_122
PTH_2024_01207,RD_LOC_071,M/E Ward Sector 71 Connector Road,M/E,19.04955,72.90242,14.1,2.32,Critical,Bituminous Asphalt,Waterlogging & Bitumen Stripping,AI Camera / Patrol Vehicle,2024-07-15,Resolved / Repaired,Cold Mix Polymer Asphalt,2024-07-16,CONTR_BMC_101
PTH_2024_01208,RD_LOC_071,M/E Ward Sector 71 Connector Road,M/E,19.05009,72.90677,8.7,3.38,Critical,Bituminous Asphalt,Sub-grade Moisture Saturation,Citizen (MyBMC App),2024-09-05,Inspected - Work Order Issued,Pending,,CONTR_BMC_124
PTH_2024_01209,RD_LOC_071,M/E Ward Sector 71 Connector Road,M/E,19.05019,72.90626,5.6,1.77,Moderate,Bituminous Asphalt,Waterlogging & Bitumen Stripping,Traffic Police Notification,2024-06-19,Inspected - Work Order Issued,Pending,,CONTR_BMC_101
PTH_2024_01210,RD_LOC_071,M/E Ward Sector 71 Connector Road,M/E,19.05251,72.90674,15.4,1.46,Critical,Bituminous Asphalt,Sub-grade Moisture Saturation,Traffic Police Notification,2024-07-18,Resolved / Repaired,Hot Mix Bituminous Concrete,2024-07-21,CONTR_BMC_111
PTH_2024_01211,RD_LOC_071,M/E Ward Sector 71 Connector Road,M/E,19.05123,72.90146,10.6,1.54,High,Bituminous Asphalt,Sub-grade Moisture Saturation,Citizen (MyBMC App),2024-06-23,Resolved / Repaired,Rapid Hardening Concrete,2024-06-24,CONTR_BMC_103
PTH_2024_01212,RD_LOC_072,N Ward Sector 72 Connector Road,N,19.08984,72.89935,10.8,2.79,Critical,Mastic Asphalt,Waterlogging & Bitumen Stripping,Citizen (MyBMC App),2024-07-03,Citizen Reported,Pending,,CONTR_BMC_124
PTH_2024_01213,RD_LOC_072,N Ward Sector 72 Connector Road,N,19.09344,72.89834,17.3,1.21,Critical,Mastic Asphalt,Utility Trench Reinstatement Failure (MGL/MTNL/Adani),BMC Road Engineer Survey,2024-06-18,Resolved / Repaired,Cold Mix Polymer Asphalt,2024-06-21,CONTR_BMC_120
PTH_2024_01214,RD_LOC_072,N Ward Sector 72 Connector Road,N,19.09239,72.89874,15.8,3.24,Critical,Mastic Asphalt,Asphalt Aging & Pavement Fatigue,BMC Road Engineer Survey,2024-06-03,Resolved / Repaired,Cold Mix Polymer Asphalt,2024-06-05,CONTR_BMC_108
PTH_2024_01215,RD_LOC_072,N Ward Sector 72 Connector Road,N,19.08998,72.89768,15.6,0.8,Critical,Mastic Asphalt,Waterlogging & Bitumen Stripping,BMC Road Engineer Survey,2024-06-21,Resolved / Repaired,Rapid Hardening Concrete,2024-06-26,CONTR_BMC_105
PTH_2024_01216,RD_LOC_072,N Ward Sector 72 Connector Road,N,19.09294,72.8981,8.1,2.18,Critical,Mastic Asphalt,Asphalt Aging & Pavement Fatigue,AI Camera / Patrol Vehicle,2024-09-22,Resolved / Repaired,Hot Mix Bituminous Concrete,2024-09-26,CONTR_BMC_122
PTH_2024_01217,RD_LOC_072,N Ward Sector 72 Connector Road,N,19.09157,72.89898,14.6,3.46,Critical,Mastic Asphalt,Utility Trench Reinstatement Failure (MGL/MTNL/Adani),Citizen (MyBMC App),2024-08-22,Resolved / Repaired,Hot Mix Bituminous Concrete,2024-08-26,CONTR_BMC_118
PTH_2024_01218,RD_LOC_072,N Ward Sector 72 Connector Road,N,19.09027,72.89861,10.6,2.4,Critical,Mastic Asphalt,Waterlogging & Bitumen Stripping,BMC Road Engineer Survey,2024-07-02,Resolved / Repaired,Rapid Hardening Concrete,2024-07-08,CONTR_BMC_101
PTH_2024_01219,RD_LOC_072,N Ward Sector 72 Connector Road,N,19.09186,72.89889,14.2,1.84,Critical,Mastic Asphalt,Waterlogging & Bitumen Stripping,Traffic Police Notification,2024-07-07,Resolved / Repaired,Mastic Asphalt,2024-07-09,CONTR_BMC_112
PTH_2024_01220,RD_LOC_072,N Ward Sector 72 Connector Road,N,19.09008,72.89805,17.7,0.79,Critical,Mastic Asphalt,Heavy Axle Commercial Vehicle Load,Traffic Police Notification,2024-09-24,Resolved / Repaired,Rapid Hardening Concrete,2024-09-25,CONTR_BMC_121
PTH_2024_01221,RD_LOC_073,H/W Ward Sector 73 Connector Road,H/W,19.07668,72.83698,12.3,0.56,Critical,Mastic Asphalt,Utility Trench Reinstatement Failure (MGL/MTNL/Adani),Citizen (MyBMC App),2024-07-02,In-Progress,Pending,,CONTR_BMC_115
PTH_2024_01222,RD_LOC_073,H/W Ward Sector 73 Connector Road,H/W,19.07906,72.83619,15.7,2.61,Critical,Mastic Asphalt,Sub-grade Moisture Saturation,AI Camera / Patrol Vehicle,2024-06-14,Resolved / Repaired,Hot Mix Bituminous Concrete,2024-06-15,CONTR_BMC_119
PTH_2024_01223,RD_LOC_073,H/W Ward Sector 73 Connector Road,H/W,19.0774,72.83243,4.5,2.75,Critical,Mastic Asphalt,Heavy Axle Commercial Vehicle Load,BMC Road Engineer Survey,2024-07-27,Inspected - Work Order Issued,Pending,,CONTR_BMC_123
PTH_2024_01224,RD_LOC_073,H/W Ward Sector 73 Connector Road,H/W,19.07509,72.83517,17.4,0.8,Critical,Mastic Asphalt,Sub-grade Moisture Saturation,AI Camera / Patrol Vehicle,2024-07-01,Resolved / Repaired,Cold Mix Polymer Asphalt,2024-07-06,CONTR_BMC_125
PTH_2024_01225,RD_LOC_073,H/W Ward Sector 73 Connector Road,H/W,19.07899,72.8367,7.8,2.54,Critical,Mastic Asphalt,Heavy Axle Commercial Vehicle Load,BMC Road Engineer Survey,2024-08-10,Resolved / Repaired,Mastic Asphalt,2024-08-12,CONTR_BMC_112
PTH_2024_01226,RD_LOC_073,H/W Ward Sector 73 Connector Road,H/W,19.07781,72.8381,7.1,2.51,Critical,Mastic Asphalt,Waterlogging & Bitumen Stripping,AI Camera / Patrol Vehicle,2024-09-19,Inspected - Work Order Issued,Pending,,CONTR_BMC_112
PTH_2024_01227,RD_LOC_073,H/W Ward Sector 73 Connector Road,H/W,19.07674,72.83469,9.7,3.38,Critical,Mastic Asphalt,Heavy Axle Commercial Vehicle Load,Citizen (MyBMC App),2024-06-28,In-Progress,Pending,,CONTR_BMC_103
PTH_2024_01228,RD_LOC_073,H/W Ward Sector 73 Connector Road,H/W,19.07531,72.83614,16.9,2.46,Critical,Mastic Asphalt,Heavy Axle Commercial Vehicle Load,AI Camera / Patrol Vehicle,2024-07-12,Resolved / Repaired,Mastic Asphalt,2024-07-14,CONTR_BMC_108
PTH_2024_01229,RD_LOC_074,R/N Ward Sector 74 Connector Road,R/N,19.25542,72.84916,4.2,1.76,Moderate,Cement Concrete,Waterlogging & Bitumen Stripping,Citizen (MyBMC App),2024-06-02,Resolved / Repaired,Cold Mix Polymer Asphalt,2024-06-07,CONTR_BMC_118
PTH_2024_01230,RD_LOC_075,R/S Ward Sector 75 Connector Road,R/S,19.22495,72.8591,14.6,3.26,Critical,Bituminous Asphalt,Heavy Axle Commercial Vehicle Load,Citizen (MyBMC App),2024-07-03,Resolved / Repaired,Cold Mix Polymer Asphalt,2024-07-04,CONTR_BMC_101
PTH_2024_01231,RD_LOC_075,R/S Ward Sector 75 Connector Road,R/S,19.2229,72.86437,10.5,2.55,Critical,Bituminous Asphalt,Waterlogging & Bitumen Stripping,Citizen (MyBMC App),2024-06-24,Resolved / Repaired,Mastic Asphalt,2024-06-29,CONTR_BMC_110
PTH_2024_01232,RD_LOC_075,R/S Ward Sector 75 Connector Road,R/S,19.23244,72.86486,14.9,1.52,Critical,Bituminous Asphalt,Sub-grade Moisture Saturation,BMC Road Engineer Survey,2024-06-23,Resolved / Repaired,Mastic Asphalt,2024-06-29,CONTR_BMC_109
PTH_2024_01233,RD_LOC_075,R/S Ward Sector 75 Connector Road,R/S,19.22608,72.86503,13.1,3.13,Critical,Bituminous Asphalt,Utility Trench Reinstatement Failure (MGL/MTNL/Adani),Traffic Police Notification,2024-06-15,Resolved / Repaired,Rapid Hardening Concrete,2024-06-17,CONTR_BMC_105
PTH_2024_01234,RD_LOC_075,R/S Ward Sector 75 Connector Road,R/S,19.22734,72.86256,15.4,3.1,Critical,Bituminous Asphalt,Heavy Axle Commercial Vehicle Load,Citizen (MyBMC App),2024-06-15,Citizen Reported,Pending,,CONTR_BMC_114
PTH_2024_01235,RD_LOC_075,R/S Ward Sector 75 Connector Road,R/S,19.22994,72.85769,8.1,3.36,Critical,Bituminous Asphalt,Sub-grade Moisture Saturation,AI Camera / Patrol Vehicle,2024-06-07,Resolved / Repaired,Cold Mix Polymer Asphalt,2024-06-12,CONTR_BMC_114
PTH_2024_01236,RD_LOC_075,R/S Ward Sector 75 Connector Road,R/S,19.22832,72.86314,14.4,1.03,Critical,Bituminous Asphalt,Heavy Axle Commercial Vehicle Load,BMC Road Engineer Survey,2024-09-16,Resolved / Repaired,Rapid Hardening Concrete,2024-09-22,CONTR_BMC_110
PTH_2024_01237,RD_LOC_075,R/S Ward Sector 75 Connector Road,R/S,19.2253,72.85805,4.8,2.24,Critical,Bituminous Asphalt,Asphalt Aging & Pavement Fatigue,Citizen (MyBMC App),2024-06-20,Inspected - Work Order Issued,Pending,,CONTR_BMC_107
PTH_2024_01238,RD_LOC_075,R/S Ward Sector 75 Connector Road,R/S,19.223,72.86236,9.3,1.69,High,Bituminous Asphalt,Waterlogging & Bitumen Stripping,AI Camera / Patrol Vehicle,2024-09-19,Resolved / Repaired,Hot Mix Bituminous Concrete,2024-09-23,CONTR_BMC_111
PTH_2024_01239,RD_LOC_075,R/S Ward Sector 75 Connector Road,R/S,19.22468,72.85787,7.1,2.7,Critical,Bituminous Asphalt,Sub-grade Moisture Saturation,AI Camera / Patrol Vehicle,2024-09-04,Inspected - Work Order Issued,Pending,,CONTR_BMC_114
PTH_2024_01240,RD_LOC_075,R/S Ward Sector 75 Connector Road,R/S,19.22536,72.86162,17.6,2.99,Critical,Bituminous Asphalt,Sub-grade Moisture Saturation,Citizen (MyBMC App),2024-07-07,Inspected - Work Order Issued,Pending,,CONTR_BMC_119
PTH_2024_01241,RD_LOC_075,R/S Ward Sector 75 Connector Road,R/S,19.2285,72.86407,9.4,2.18,Critical,Bituminous Asphalt,Sub-grade Moisture Saturation,AI Camera / Patrol Vehicle,2024-08-20,Resolved / Repaired,Rapid Hardening Concrete,2024-08-23,CONTR_BMC_113
PTH_2024_01242,RD_LOC_075,R/S Ward Sector 75 Connector Road,R/S,19.22892,72.86136,10.2,2.57,Critical,Bituminous Asphalt,Heavy Axle Commercial Vehicle Load,BMC Road Engineer Survey,2024-06-27,Resolved / Repaired,Mastic Asphalt,2024-07-02,CONTR_BMC_104
PTH_2024_01243,RD_LOC_075,R/S Ward Sector 75 Connector Road,R/S,19.2295,72.85662,13.5,2.8,Critical,Bituminous Asphalt,Heavy Axle Commercial Vehicle Load,AI Camera / Patrol Vehicle,2024-06-01,Resolved / Repaired,Hot Mix Bituminous Concrete,2024-06-03,CONTR_BMC_104
PTH_2024_01244,RD_LOC_075,R/S Ward Sector 75 Connector Road,R/S,19.22242,72.86065,17.6,3.41,Critical,Bituminous Asphalt,Utility Trench Reinstatement Failure (MGL/MTNL/Adani),Citizen (MyBMC App),2024-08-28,Resolved / Repaired,Rapid Hardening Concrete,2024-08-31,CONTR_BMC_102
PTH_2024_01245,RD_LOC_075,R/S Ward Sector 75 Connector Road,R/S,19.22621,72.85745,9.2,2.85,Critical,Bituminous Asphalt,Waterlogging & Bitumen Stripping,Traffic Police Notification,2024-07-28,Resolved / Repaired,Rapid Hardening Concrete,2024-07-29,CONTR_BMC_102
PTH_2024_01246,RD_LOC_075,R/S Ward Sector 75 Connector Road,R/S,19.2267,72.85807,16.0,0.77,Critical,Bituminous Asphalt,Sub-grade Moisture Saturation,AI Camera / Patrol Vehicle,2024-09-23,Citizen Reported,Pending,,CONTR_BMC_117
PTH_2024_01247,RD_LOC_075,R/S Ward Sector 75 Connector Road,R/S,19.23062,72.86147,6.6,2.67,Critical,Bituminous Asphalt,Waterlogging & Bitumen Stripping,Traffic Police Notification,2024-06-26,Resolved / Repaired,Hot Mix Bituminous Concrete,2024-07-02,CONTR_BMC_108
PTH_2024_01248,RD_LOC_075,R/S Ward Sector 75 Connector Road,R/S,19.22971,72.86403,13.8,1.66,Critical,Bituminous Asphalt,Sub-grade Moisture Saturation,Citizen (MyBMC App),2024-09-01,Resolved / Repaired,Rapid Hardening Concrete,2024-09-03,CONTR_BMC_110
PTH_2024_01249,RD_LOC_075,R/S Ward Sector 75 Connector Road,R/S,19.22624,72.86071,5.3,2.27,Critical,Bituminous Asphalt,Asphalt Aging & Pavement Fatigue,BMC Road Engineer Survey,2024-06-20,Resolved / Repaired,Rapid Hardening Concrete,2024-06-22,CONTR_BMC_123
PTH_2024_01250,RD_LOC_075,R/S Ward Sector 75 Connector Road,R/S,19.22214,72.86303,16.6,2.57,Critical,Bituminous Asphalt,Heavy Axle Commercial Vehicle Load,BMC Road Engineer Survey,2024-06-25,Resolved / Repaired,Mastic Asphalt,2024-07-01,CONTR_BMC_111
PTH_2024_01251,RD_LOC_075,R/S Ward Sector 75 Connector Road,R/S,19.23375,72.86198,16.3,2.57,Critical,Bituminous Asphalt,Sub-grade Moisture Saturation,AI Camera / Patrol Vehicle,2024-07-16,In-Progress,Pending,,CONTR_BMC_117
PTH_2024_01252,RD_LOC_075,R/S Ward Sector 75 Connector Road,R/S,19.229,72.86165,6.9,3.4,Critical,Bituminous Asphalt,Heavy Axle Commercial Vehicle Load,Traffic Police Notification,2024-07-06,Resolved / Repaired,Hot Mix Bituminous Concrete,2024-07-12,CONTR_BMC_109
PTH_2024_01253,RD_LOC_075,R/S Ward Sector 75 Connector Road,R/S,19.22693,72.865,11.8,2.44,Critical,Bituminous Asphalt,Asphalt Aging & Pavement Fatigue,BMC Road Engineer Survey,2024-09-19,Resolved / Repaired,Hot Mix Bituminous Concrete,2024-09-23,CONTR_BMC_110
PTH_2024_01254,RD_LOC_076,B Ward Sector 76 Connector Road,B,18.95586,72.83928,5.1,0.46,Moderate,Mastic Asphalt,Utility Trench Reinstatement Failure (MGL/MTNL/Adani),Traffic Police Notification,2024-06-01,Citizen Reported,Pending,,CONTR_BMC_101
PTH_2024_01255,RD_LOC_076,B Ward Sector 76 Connector Road,B,18.95851,72.83842,11.8,0.5,High,Mastic Asphalt,Heavy Axle Commercial Vehicle Load,Traffic Police Notification,2024-07-05,Citizen Reported,Pending,,CONTR_BMC_109
PTH_2024_01256,RD_LOC_076,B Ward Sector 76 Connector Road,B,18.95806,72.83191,15.3,1.52,Critical,Mastic Asphalt,Waterlogging & Bitumen Stripping,AI Camera / Patrol Vehicle,2024-09-03,Resolved / Repaired,Mastic Asphalt,2024-09-07,CONTR_BMC_104
PTH_2024_01257,RD_LOC_076,B Ward Sector 76 Connector Road,B,18.95676,72.83496,8.0,2.22,Critical,Mastic Asphalt,Sub-grade Moisture Saturation,Citizen (MyBMC App),2024-09-26,Resolved / Repaired,Rapid Hardening Concrete,2024-09-29,CONTR_BMC_124
PTH_2024_01258,RD_LOC_076,B Ward Sector 76 Connector Road,B,18.95791,72.83288,7.2,1.24,High,Mastic Asphalt,Heavy Axle Commercial Vehicle Load,BMC Road Engineer Survey,2024-09-19,Inspected - Work Order Issued,Pending,,CONTR_BMC_124
PTH_2024_01259,RD_LOC_076,B Ward Sector 76 Connector Road,B,18.95561,72.83605,13.2,2.1,Critical,Mastic Asphalt,Waterlogging & Bitumen Stripping,Traffic Police Notification,2024-09-22,In-Progress,Pending,,CONTR_BMC_106
PTH_2024_01260,RD_LOC_076,B Ward Sector 76 Connector Road,B,18.95594,72.83222,11.2,1.89,High,Mastic Asphalt,Waterlogging & Bitumen Stripping,AI Camera / Patrol Vehicle,2024-09-03,Resolved / Repaired,Rapid Hardening Concrete,2024-09-04,CONTR_BMC_118
PTH_2024_01261,RD_LOC_076,B Ward Sector 76 Connector Road,B,18.95476,72.83503,17.0,1.2,Critical,Mastic Asphalt,Sub-grade Moisture Saturation,Traffic Police Notification,2024-07-21,Resolved / Repaired,Cold Mix Polymer Asphalt,2024-07-27,CONTR_BMC_102
PTH_2024_01262,RD_LOC_076,B Ward Sector 76 Connector Road,B,18.95866,72.83243,9.7,1.17,High,Mastic Asphalt,Asphalt Aging & Pavement Fatigue,Traffic Police Notification,2024-06-24,Resolved / Repaired,Rapid Hardening Concrete,2024-06-27,CONTR_BMC_123
PTH_2024_01263,RD_LOC_076,B Ward Sector 76 Connector Road,B,18.95453,72.83533,5.4,3.08,Critical,Mastic Asphalt,Heavy Axle Commercial Vehicle Load,Traffic Police Notification,2024-07-02,In-Progress,Pending,,CONTR_BMC_125
PTH_2024_01264,RD_LOC_076,B Ward Sector 76 Connector Road,B,18.95889,72.83367,5.2,1.5,Moderate,Mastic Asphalt,Sub-grade Moisture Saturation,BMC Road Engineer Survey,2024-06-26,In-Progress,Pending,,CONTR_BMC_101
PTH_2024_01265,RD_LOC_076,B Ward Sector 76 Connector Road,B,18.95675,72.83672,13.8,3.25,Critical,Mastic Asphalt,Sub-grade Moisture Saturation,Citizen (MyBMC App),2024-08-15,Resolved / Repaired,Cold Mix Polymer Asphalt,2024-08-19,CONTR_BMC_120
PTH_2024_01266,RD_LOC_076,B Ward Sector 76 Connector Road,B,18.95655,72.82999,5.5,2.62,Critical,Mastic Asphalt,Asphalt Aging & Pavement Fatigue,BMC Road Engineer Survey,2024-07-06,Resolved / Repaired,Mastic Asphalt,2024-07-10,CONTR_BMC_123
PTH_2024_01267,RD_LOC_077,N Ward Sector 77 Connector Road,N,19.07263,72.89508,4.7,3.4,Critical,Cement Concrete,Heavy Axle Commercial Vehicle Load,AI Camera / Patrol Vehicle,2024-06-13,Resolved / Repaired,Mastic Asphalt,2024-06-17,CONTR_BMC_101
PTH_2024_01268,RD_LOC_078,M/E Ward Sector 78 Connector Road,M/E,19.04437,72.93874,3.4,3.08,Critical,Cement Concrete,Sub-grade Moisture Saturation,Citizen (MyBMC App),2024-06-06,Resolved / Repaired,Hot Mix Bituminous Concrete,2024-06-07,CONTR_BMC_107
PTH_2024_01269,RD_LOC_079,P/N Ward Sector 79 Connector Road,P/N,19.18521,72.83052,4.2,0.6,Moderate,Cement Concrete,Sub-grade Moisture Saturation,BMC Road Engineer Survey,2024-08-08,Resolved / Repaired,Rapid Hardening Concrete,2024-08-12,CONTR_BMC_102
PTH_2024_01270,RD_LOC_079,P/N Ward Sector 79 Connector Road,P/N,19.18237,72.83626,3.5,1.75,Moderate,Cement Concrete,Asphalt Aging & Pavement Fatigue,BMC Road Engineer Survey,2024-07-20,Resolved / Repaired,Rapid Hardening Concrete,2024-07-23,CONTR_BMC_101
PTH_2024_01271,RD_LOC_079,P/N Ward Sector 79 Connector Road,P/N,19.1875,72.83314,4.1,0.92,Moderate,Cement Concrete,Waterlogging & Bitumen Stripping,AI Camera / Patrol Vehicle,2024-06-20,Resolved / Repaired,Cold Mix Polymer Asphalt,2024-06-21,CONTR_BMC_109
PTH_2024_01272,RD_LOC_080,N Ward Sector 80 Connector Road,N,19.07757,72.90821,4.3,2.19,Critical,Cement Concrete,Utility Trench Reinstatement Failure (MGL/MTNL/Adani),Citizen (MyBMC App),2024-06-18,Citizen Reported,Pending,,CONTR_BMC_113
PTH_2024_01273,RD_LOC_081,C Ward Sector 81 Connector Road,C,18.94317,72.83347,15.1,2.84,Critical,Mastic Asphalt,Asphalt Aging & Pavement Fatigue,BMC Road Engineer Survey,2024-09-19,Resolved / Repaired,Mastic Asphalt,2024-09-22,CONTR_BMC_115
PTH_2024_01274,RD_LOC_081,C Ward Sector 81 Connector Road,C,18.94264,72.83678,14.0,2.03,Critical,Mastic Asphalt,Utility Trench Reinstatement Failure (MGL/MTNL/Adani),Traffic Police Notification,2024-07-27,In-Progress,Pending,,CONTR_BMC_106
PTH_2024_01275,RD_LOC_081,C Ward Sector 81 Connector Road,C,18.94621,72.83558,5.1,2.95,Critical,Mastic Asphalt,Utility Trench Reinstatement Failure (MGL/MTNL/Adani),Traffic Police Notification,2024-07-19,In-Progress,Pending,,CONTR_BMC_118
PTH_2024_01276,RD_LOC_081,C Ward Sector 81 Connector Road,C,18.94221,72.83188,4.0,1.58,Moderate,Mastic Asphalt,Utility Trench Reinstatement Failure (MGL/MTNL/Adani),AI Camera / Patrol Vehicle,2024-08-18,In-Progress,Pending,,CONTR_BMC_106
PTH_2024_01277,RD_LOC_081,C Ward Sector 81 Connector Road,C,18.94662,72.83199,13.4,0.84,Critical,Mastic Asphalt,Utility Trench Reinstatement Failure (MGL/MTNL/Adani),Traffic Police Notification,2024-08-14,Inspected - Work Order Issued,Pending,,CONTR_BMC_110
PTH_2024_01278,RD_LOC_081,C Ward Sector 81 Connector Road,C,18.94977,72.83766,9.3,1.68,High,Mastic Asphalt,Waterlogging & Bitumen Stripping,Traffic Police Notification,2024-09-03,Resolved / Repaired,Cold Mix Polymer Asphalt,2024-09-08,CONTR_BMC_109
PTH_2024_01279,RD_LOC_081,C Ward Sector 81 Connector Road,C,18.94358,72.83764,14.7,3.3,Critical,Mastic Asphalt,Asphalt Aging & Pavement Fatigue,BMC Road Engineer Survey,2024-07-10,Inspected - Work Order Issued,Pending,,CONTR_BMC_123
PTH_2024_01280,RD_LOC_081,C Ward Sector 81 Connector Road,C,18.94121,72.83728,15.9,2.1,Critical,Mastic Asphalt,Sub-grade Moisture Saturation,BMC Road Engineer Survey,2024-09-03,Resolved / Repaired,Mastic Asphalt,2024-09-07,CONTR_BMC_124
PTH_2024_01281,RD_LOC_081,C Ward Sector 81 Connector Road,C,18.9477,72.83155,8.4,3.05,Critical,Mastic Asphalt,Asphalt Aging & Pavement Fatigue,BMC Road Engineer Survey,2024-09-16,Resolved / Repaired,Cold Mix Polymer Asphalt,2024-09-22,CONTR_BMC_110
PTH_2024_01282,RD_LOC_081,C Ward Sector 81 Connector Road,C,18.94125,72.82826,6.8,1.12,Moderate,Mastic Asphalt,Sub-grade Moisture Saturation,Citizen (MyBMC App),2024-07-12,Resolved / Repaired,Hot Mix Bituminous Concrete,2024-07-13,CONTR_BMC_106
PTH_2024_01283,RD_LOC_081,C Ward Sector 81 Connector Road,C,18.95238,72.83151,9.5,1.53,High,Mastic Asphalt,Utility Trench Reinstatement Failure (MGL/MTNL/Adani),BMC Road Engineer Survey,2024-09-19,Resolved / Repaired,Hot Mix Bituminous Concrete,2024-09-24,CONTR_BMC_117
PTH_2024_01284,RD_LOC_081,C Ward Sector 81 Connector Road,C,18.9511,72.8344,9.9,2.52,Critical,Mastic Asphalt,Waterlogging & Bitumen Stripping,Traffic Police Notification,2024-07-27,In-Progress,Pending,,CONTR_BMC_119
PTH_2024_01285,RD_LOC_081,C Ward Sector 81 Connector Road,C,18.94511,72.82864,16.9,3.25,Critical,Mastic Asphalt,Waterlogging & Bitumen Stripping,Traffic Police Notification,2024-08-26,Resolved / Repaired,Mastic Asphalt,2024-08-27,CONTR_BMC_110
PTH_2024_01286,RD_LOC_081,C Ward Sector 81 Connector Road,C,18.94617,72.83563,15.0,1.34,Critical,Mastic Asphalt,Heavy Axle Commercial Vehicle Load,AI Camera / Patrol Vehicle,2024-09-01,Resolved / Repaired,Cold Mix Polymer Asphalt,2024-09-04,CONTR_BMC_117
PTH_2024_01287,RD_LOC_081,C Ward Sector 81 Connector Road,C,18.94716,72.83029,9.8,0.8,High,Mastic Asphalt,Utility Trench Reinstatement Failure (MGL/MTNL/Adani),AI Camera / Patrol Vehicle,2024-06-06,Resolved / Repaired,Rapid Hardening Concrete,2024-06-10,CONTR_BMC_120
PTH_2024_01288,RD_LOC_081,C Ward Sector 81 Connector Road,C,18.94674,72.83673,17.9,1.65,Critical,Mastic Asphalt,Waterlogging & Bitumen Stripping,AI Camera / Patrol Vehicle,2024-08-02,In-Progress,Pending,,CONTR_BMC_118
PTH_2024_01289,RD_LOC_081,C Ward Sector 81 Connector Road,C,18.95164,72.83404,5.6,3.46,Critical,Mastic Asphalt,Heavy Axle Commercial Vehicle Load,Citizen (MyBMC App),2024-08-21,Resolved / Repaired,Cold Mix Polymer Asphalt,2024-08-27,CONTR_BMC_119
PTH_2024_01290,RD_LOC_081,C Ward Sector 81 Connector Road,C,18.95129,72.83262,4.6,2.82,Critical,Mastic Asphalt,Utility Trench Reinstatement Failure (MGL/MTNL/Adani),Traffic Police Notification,2024-07-15,Resolved / Repaired,Cold Mix Polymer Asphalt,2024-07-18,CONTR_BMC_108
PTH_2024_01291,RD_LOC_081,C Ward Sector 81 Connector Road,C,18.94411,72.83047,10.5,1.25,High,Mastic Asphalt,Waterlogging & Bitumen Stripping,BMC Road Engineer Survey,2024-09-19,Resolved / Repaired,Cold Mix Polymer Asphalt,2024-09-23,CONTR_BMC_112
PTH_2024_01292,RD_LOC_081,C Ward Sector 81 Connector Road,C,18.94392,72.82906,8.6,2.42,Critical,Mastic Asphalt,Sub-grade Moisture Saturation,Citizen (MyBMC App),2024-09-27,Resolved / Repaired,Rapid Hardening Concrete,2024-09-29,CONTR_BMC_121
PTH_2024_01293,RD_LOC_081,C Ward Sector 81 Connector Road,C,18.95054,72.83087,12.7,2.6,Critical,Mastic Asphalt,Asphalt Aging & Pavement Fatigue,Citizen (MyBMC App),2024-06-04,Resolved / Repaired,Rapid Hardening Concrete,2024-06-07,CONTR_BMC_109
PTH_2024_01294,RD_LOC_081,C Ward Sector 81 Connector Road,C,18.94772,72.83061,8.0,2.26,Critical,Mastic Asphalt,Sub-grade Moisture Saturation,AI Camera / Patrol Vehicle,2024-09-05,In-Progress,Pending,,CONTR_BMC_125
PTH_2024_01295,RD_LOC_081,C Ward Sector 81 Connector Road,C,18.95261,72.83403,12.3,1.84,Critical,Mastic Asphalt,Asphalt Aging & Pavement Fatigue,Citizen (MyBMC App),2024-09-21,Resolved / Repaired,Rapid Hardening Concrete,2024-09-26,CONTR_BMC_110
PTH_2024_01296,RD_LOC_081,C Ward Sector 81 Connector Road,C,18.94387,72.83859,13.9,2.22,Critical,Mastic Asphalt,Waterlogging & Bitumen Stripping,Citizen (MyBMC App),2024-08-08,Resolved / Repaired,Mastic Asphalt,2024-08-14,CONTR_BMC_104
PTH_2024_01297,RD_LOC_081,C Ward Sector 81 Connector Road,C,18.94861,72.82848,14.8,2.56,Critical,Mastic Asphalt,Heavy Axle Commercial Vehicle Load,BMC Road Engineer Survey,2024-08-26,Inspected - Work Order Issued,Pending,,CONTR_BMC_123
PTH_2024_01298,RD_LOC_082,C Ward Sector 82 Connector Road,C,18.93143,72.80724,9.1,2.12,Critical,Bituminous Asphalt,Heavy Axle Commercial Vehicle Load,Citizen (MyBMC App),2024-08-18,Resolved / Repaired,Mastic Asphalt,2024-08-21,CONTR_BMC_124
PTH_2024_01299,RD_LOC_082,C Ward Sector 82 Connector Road,C,18.93225,72.81232,8.9,0.91,High,Bituminous Asphalt,Asphalt Aging & Pavement Fatigue,Traffic Police Notification,2024-09-17,Resolved / Repaired,Hot Mix Bituminous Concrete,2024-09-19,CONTR_BMC_104
PTH_2024_01300,RD_LOC_082,C Ward Sector 82 Connector Road,C,18.93165,72.81128,16.0,2.97,Critical,Bituminous Asphalt,Utility Trench Reinstatement Failure (MGL/MTNL/Adani),AI Camera / Patrol Vehicle,2024-08-19,Resolved / Repaired,Rapid Hardening Concrete,2024-08-24,CONTR_BMC_111
PTH_2024_01301,RD_LOC_082,C Ward Sector 82 Connector Road,C,18.93203,72.8069,14.2,3.41,Critical,Bituminous Asphalt,Heavy Axle Commercial Vehicle Load,Citizen (MyBMC App),2024-06-03,Inspected - Work Order Issued,Pending,,CONTR_BMC_121
PTH_2024_01302,RD_LOC_082,C Ward Sector 82 Connector Road,C,18.93238,72.81037,12.5,2.7,Critical,Bituminous Asphalt,Utility Trench Reinstatement Failure (MGL/MTNL/Adani),BMC Road Engineer Survey,2024-09-06,Resolved / Repaired,Hot Mix Bituminous Concrete,2024-09-11,CONTR_BMC_116
PTH_2024_01303,RD_LOC_082,C Ward Sector 82 Connector Road,C,18.93457,72.80944,6.9,3.44,Critical,Bituminous Asphalt,Waterlogging & Bitumen Stripping,BMC Road Engineer Survey,2024-08-22,Resolved / Repaired,Rapid Hardening Concrete,2024-08-23,CONTR_BMC_118
PTH_2024_01304,RD_LOC_082,C Ward Sector 82 Connector Road,C,18.93433,72.81101,16.6,2.61,Critical,Bituminous Asphalt,Waterlogging & Bitumen Stripping,Citizen (MyBMC App),2024-07-23,Resolved / Repaired,Hot Mix Bituminous Concrete,2024-07-27,CONTR_BMC_120
PTH_2024_01305,RD_LOC_082,C Ward Sector 82 Connector Road,C,18.93103,72.80612,8.5,2.5,Critical,Bituminous Asphalt,Sub-grade Moisture Saturation,Citizen (MyBMC App),2024-08-23,Inspected - Work Order Issued,Pending,,CONTR_BMC_104
PTH_2024_01306,RD_LOC_083,R/C Ward Sector 83 Connector Road,R/C,19.20041,72.84898,17.7,2.81,Critical,Mastic Asphalt,Asphalt Aging & Pavement Fatigue,Traffic Police Notification,2024-07-26,Resolved / Repaired,Cold Mix Polymer Asphalt,2024-07-27,CONTR_BMC_120
PTH_2024_01307,RD_LOC_083,R/C Ward Sector 83 Connector Road,R/C,19.19905,72.84716,4.1,0.63,Moderate,Mastic Asphalt,Waterlogging & Bitumen Stripping,Traffic Police Notification,2024-08-04,Resolved / Repaired,Rapid Hardening Concrete,2024-08-07,CONTR_BMC_125
PTH_2024_01308,RD_LOC_083,R/C Ward Sector 83 Connector Road,R/C,19.19894,72.8478,8.4,2.47,Critical,Mastic Asphalt,Heavy Axle Commercial Vehicle Load,BMC Road Engineer Survey,2024-08-28,Inspected - Work Order Issued,Pending,,CONTR_BMC_111
PTH_2024_01309,RD_LOC_083,R/C Ward Sector 83 Connector Road,R/C,19.20359,72.84341,5.6,3.45,Critical,Mastic Asphalt,Utility Trench Reinstatement Failure (MGL/MTNL/Adani),Traffic Police Notification,2024-06-06,Resolved / Repaired,Hot Mix Bituminous Concrete,2024-06-08,CONTR_BMC_115
PTH_2024_01310,RD_LOC_083,R/C Ward Sector 83 Connector Road,R/C,19.20676,72.84423,15.1,1.43,Critical,Mastic Asphalt,Asphalt Aging & Pavement Fatigue,AI Camera / Patrol Vehicle,2024-06-19,Resolved / Repaired,Hot Mix Bituminous Concrete,2024-06-21,CONTR_BMC_115
PTH_2024_01311,RD_LOC_083,R/C Ward Sector 83 Connector Road,R/C,19.20912,72.84517,10.2,0.47,High,Mastic Asphalt,Heavy Axle Commercial Vehicle Load,AI Camera / Patrol Vehicle,2024-07-22,Resolved / Repaired,Mastic Asphalt,2024-07-23,CONTR_BMC_119
PTH_2024_01312,RD_LOC_083,R/C Ward Sector 83 Connector Road,R/C,19.20911,72.85208,5.4,3.38,Critical,Mastic Asphalt,Sub-grade Moisture Saturation,AI Camera / Patrol Vehicle,2024-09-25,Resolved / Repaired,Rapid Hardening Concrete,2024-09-27,CONTR_BMC_110
PTH_2024_01313,RD_LOC_083,R/C Ward Sector 83 Connector Road,R/C,19.20806,72.85068,8.2,0.49,High,Mastic Asphalt,Sub-grade Moisture Saturation,AI Camera / Patrol Vehicle,2024-07-10,In-Progress,Pending,,CONTR_BMC_117
PTH_2024_01314,RD_LOC_083,R/C Ward Sector 83 Connector Road,R/C,19.20342,72.84881,14.8,0.51,Critical,Mastic Asphalt,Heavy Axle Commercial Vehicle Load,AI Camera / Patrol Vehicle,2024-07-18,Resolved / Repaired,Hot Mix Bituminous Concrete,2024-07-19,CONTR_BMC_101
PTH_2024_01315,RD_LOC_083,R/C Ward Sector 83 Connector Road,R/C,19.20314,72.84312,12.1,0.42,Critical,Mastic Asphalt,Heavy Axle Commercial Vehicle Load,BMC Road Engineer Survey,2024-07-08,Citizen Reported,Pending,,CONTR_BMC_110
PTH_2024_01316,RD_LOC_083,R/C Ward Sector 83 Connector Road,R/C,19.20458,72.84649,7.7,2.38,Critical,Mastic Asphalt,Utility Trench Reinstatement Failure (MGL/MTNL/Adani),Citizen (MyBMC App),2024-08-11,Inspected - Work Order Issued,Pending,,CONTR_BMC_114
PTH_2024_01317,RD_LOC_083,R/C Ward Sector 83 Connector Road,R/C,19.20159,72.84838,8.7,3.27,Critical,Mastic Asphalt,Asphalt Aging & Pavement Fatigue,Citizen (MyBMC App),2024-09-02,In-Progress,Pending,,CONTR_BMC_124
PTH_2024_01318,RD_LOC_083,R/C Ward Sector 83 Connector Road,R/C,19.2057,72.84538,13.0,1.88,Critical,Mastic Asphalt,Asphalt Aging & Pavement Fatigue,Traffic Police Notification,2024-06-19,Resolved / Repaired,Mastic Asphalt,2024-06-22,CONTR_BMC_108
PTH_2024_01319,RD_LOC_083,R/C Ward Sector 83 Connector Road,R/C,19.20258,72.84912,7.7,2.86,Critical,Mastic Asphalt,Waterlogging & Bitumen Stripping,AI Camera / Patrol Vehicle,2024-07-09,Citizen Reported,Pending,,CONTR_BMC_103
PTH_2024_01320,RD_LOC_083,R/C Ward Sector 83 Connector Road,R/C,19.19846,72.84636,12.5,2.43,Critical,Mastic Asphalt,Utility Trench Reinstatement Failure (MGL/MTNL/Adani),Traffic Police Notification,2024-09-13,In-Progress,Pending,,CONTR_BMC_116
PTH_2024_01321,RD_LOC_083,R/C Ward Sector 83 Connector Road,R/C,19.20921,72.84207,11.6,2.85,Critical,Mastic Asphalt,Waterlogging & Bitumen Stripping,BMC Road Engineer Survey,2024-06-05,Resolved / Repaired,Mastic Asphalt,2024-06-09,CONTR_BMC_107
PTH_2024_01322,RD_LOC_083,R/C Ward Sector 83 Connector Road,R/C,19.20207,72.84893,14.6,2.8,Critical,Mastic Asphalt,Utility Trench Reinstatement Failure (MGL/MTNL/Adani),Traffic Police Notification,2024-07-24,Resolved / Repaired,Cold Mix Polymer Asphalt,2024-07-28,CONTR_BMC_125
PTH_2024_01323,RD_LOC_083,R/C Ward Sector 83 Connector Road,R/C,19.20334,72.84711,6.5,2.66,Critical,Mastic Asphalt,Waterlogging & Bitumen Stripping,AI Camera / Patrol Vehicle,2024-08-24,Resolved / Repaired,Mastic Asphalt,2024-08-30,CONTR_BMC_103
PTH_2024_01324,RD_LOC_083,R/C Ward Sector 83 Connector Road,R/C,19.20348,72.84608,6.1,2.4,Critical,Mastic Asphalt,Asphalt Aging & Pavement Fatigue,BMC Road Engineer Survey,2024-07-08,Resolved / Repaired,Cold Mix Polymer Asphalt,2024-07-10,CONTR_BMC_110
PTH_2024_01325,RD_LOC_083,R/C Ward Sector 83 Connector Road,R/C,19.19846,72.84369,17.4,3.22,Critical,Mastic Asphalt,Utility Trench Reinstatement Failure (MGL/MTNL/Adani),AI Camera / Patrol Vehicle,2024-06-02,Inspected - Work Order Issued,Pending,,CONTR_BMC_123
PTH_2024_01326,RD_LOC_083,R/C Ward Sector 83 Connector Road,R/C,19.20848,72.84704,5.6,3.03,Critical,Mastic Asphalt,Waterlogging & Bitumen Stripping,BMC Road Engineer Survey,2024-07-15,Resolved / Repaired,Hot Mix Bituminous Concrete,2024-07-21,CONTR_BMC_113
PTH_2024_01327,RD_LOC_083,R/C Ward Sector 83 Connector Road,R/C,19.20956,72.85169,8.3,0.56,High,Mastic Asphalt,Sub-grade Moisture Saturation,AI Camera / Patrol Vehicle,2024-07-27,Resolved / Repaired,Mastic Asphalt,2024-07-29,CONTR_BMC_114
PTH_2024_01328,RD_LOC_083,R/C Ward Sector 83 Connector Road,R/C,19.20598,72.84222,13.5,0.56,Critical,Mastic Asphalt,Waterlogging & Bitumen Stripping,AI Camera / Patrol Vehicle,2024-08-01,Resolved / Repaired,Rapid Hardening Concrete,2024-08-07,CONTR_BMC_108
PTH_2024_01329,RD_LOC_083,R/C Ward Sector 83 Connector Road,R/C,19.205,72.84589,10.2,1.66,High,Mastic Asphalt,Heavy Axle Commercial Vehicle Load,Traffic Police Notification,2024-09-10,Resolved / Repaired,Rapid Hardening Concrete,2024-09-13,CONTR_BMC_110
PTH_2024_01330,RD_LOC_083,R/C Ward Sector 83 Connector Road,R/C,19.20189,72.84783,5.7,0.5,Moderate,Mastic Asphalt,Asphalt Aging & Pavement Fatigue,Traffic Police Notification,2024-06-13,In-Progress,Pending,,CONTR_BMC_115
PTH_2024_01331,RD_LOC_083,R/C Ward Sector 83 Connector Road,R/C,19.20169,72.85104,5.4,2.79,Critical,Mastic Asphalt,Sub-grade Moisture Saturation,AI Camera / Patrol Vehicle,2024-09-16,Resolved / Repaired,Mastic Asphalt,2024-09-20,CONTR_BMC_121
PTH_2024_01332,RD_LOC_083,R/C Ward Sector 83 Connector Road,R/C,19.2038,72.8428,8.3,3.36,Critical,Mastic Asphalt,Utility Trench Reinstatement Failure (MGL/MTNL/Adani),Citizen (MyBMC App),2024-09-26,In-Progress,Pending,,CONTR_BMC_123
PTH_2024_01333,RD_LOC_084,P/N Ward Sector 84 Connector Road,P/N,19.18684,72.85246,14.3,1.67,Critical,Bituminous Asphalt,Utility Trench Reinstatement Failure (MGL/MTNL/Adani),AI Camera / Patrol Vehicle,2024-07-14,Inspected - Work Order Issued,Pending,,CONTR_BMC_112
PTH_2024_01334,RD_LOC_084,P/N Ward Sector 84 Connector Road,P/N,19.18777,72.85295,9.1,2.42,Critical,Bituminous Asphalt,Utility Trench Reinstatement Failure (MGL/MTNL/Adani),AI Camera / Patrol Vehicle,2024-08-14,Resolved / Repaired,Cold Mix Polymer Asphalt,2024-08-18,CONTR_BMC_110
PTH_2024_01335,RD_LOC_084,P/N Ward Sector 84 Connector Road,P/N,19.1891,72.85274,7.6,0.46,High,Bituminous Asphalt,Heavy Axle Commercial Vehicle Load,AI Camera / Patrol Vehicle,2024-06-16,Inspected - Work Order Issued,Pending,,CONTR_BMC_122
PTH_2024_01336,RD_LOC_084,P/N Ward Sector 84 Connector Road,P/N,19.18231,72.85225,7.9,0.61,High,Bituminous Asphalt,Waterlogging & Bitumen Stripping,AI Camera / Patrol Vehicle,2024-06-25,Resolved / Repaired,Mastic Asphalt,2024-06-29,CONTR_BMC_114
PTH_2024_01337,RD_LOC_084,P/N Ward Sector 84 Connector Road,P/N,19.18597,72.85279,14.9,3.04,Critical,Bituminous Asphalt,Sub-grade Moisture Saturation,Traffic Police Notification,2024-06-18,Inspected - Work Order Issued,Pending,,CONTR_BMC_112
PTH_2024_01338,RD_LOC_084,P/N Ward Sector 84 Connector Road,P/N,19.18309,72.85223,5.8,1.95,Moderate,Bituminous Asphalt,Heavy Axle Commercial Vehicle Load,BMC Road Engineer Survey,2024-06-09,Resolved / Repaired,Hot Mix Bituminous Concrete,2024-06-15,CONTR_BMC_105
PTH_2024_01339,RD_LOC_084,P/N Ward Sector 84 Connector Road,P/N,19.18559,72.85266,14.7,2.86,Critical,Bituminous Asphalt,Sub-grade Moisture Saturation,Citizen (MyBMC App),2024-06-28,Resolved / Repaired,Hot Mix Bituminous Concrete,2024-07-04,CONTR_BMC_116
PTH_2024_01340,RD_LOC_084,P/N Ward Sector 84 Connector Road,P/N,19.18038,72.85229,13.0,0.82,Critical,Bituminous Asphalt,Asphalt Aging & Pavement Fatigue,Citizen (MyBMC App),2024-06-07,Inspected - Work Order Issued,Pending,,CONTR_BMC_106
PTH_2024_01341,RD_LOC_084,P/N Ward Sector 84 Connector Road,P/N,19.18612,72.85227,15.0,2.96,Critical,Bituminous Asphalt,Utility Trench Reinstatement Failure (MGL/MTNL/Adani),BMC Road Engineer Survey,2024-06-21,Resolved / Repaired,Rapid Hardening Concrete,2024-06-26,CONTR_BMC_114
PTH_2024_01342,RD_LOC_084,P/N Ward Sector 84 Connector Road,P/N,19.18072,72.85198,17.3,1.18,Critical,Bituminous Asphalt,Utility Trench Reinstatement Failure (MGL/MTNL/Adani),Traffic Police Notification,2024-06-13,Resolved / Repaired,Hot Mix Bituminous Concrete,2024-06-16,CONTR_BMC_124
PTH_2024_01343,RD_LOC_084,P/N Ward Sector 84 Connector Road,P/N,19.18012,72.85273,5.6,1.13,Moderate,Bituminous Asphalt,Utility Trench Reinstatement Failure (MGL/MTNL/Adani),AI Camera / Patrol Vehicle,2024-07-27,Resolved / Repaired,Rapid Hardening Concrete,2024-07-30,CONTR_BMC_106
PTH_2024_01344,RD_LOC_084,P/N Ward Sector 84 Connector Road,P/N,19.18453,72.85196,6.0,0.64,Moderate,Bituminous Asphalt,Waterlogging & Bitumen Stripping,AI Camera / Patrol Vehicle,2024-06-04,Citizen Reported,Pending,,CONTR_BMC_125
PTH_2024_01345,RD_LOC_084,P/N Ward Sector 84 Connector Road,P/N,19.18055,72.85249,9.7,2.52,Critical,Bituminous Asphalt,Asphalt Aging & Pavement Fatigue,AI Camera / Patrol Vehicle,2024-08-10,Resolved / Repaired,Rapid Hardening Concrete,2024-08-15,CONTR_BMC_105
PTH_2024_01346,RD_LOC_084,P/N Ward Sector 84 Connector Road,P/N,19.1834,72.85236,7.9,1.64,High,Bituminous Asphalt,Sub-grade Moisture Saturation,AI Camera / Patrol Vehicle,2024-09-28,Resolved / Repaired,Hot Mix Bituminous Concrete,2024-10-02,CONTR_BMC_114
PTH_2024_01347,RD_LOC_084,P/N Ward Sector 84 Connector Road,P/N,19.17929,72.85241,16.4,1.74,Critical,Bituminous Asphalt,Heavy Axle Commercial Vehicle Load,AI Camera / Patrol Vehicle,2024-08-08,Resolved / Repaired,Hot Mix Bituminous Concrete,2024-08-11,CONTR_BMC_123
PTH_2024_01348,RD_LOC_084,P/N Ward Sector 84 Connector Road,P/N,19.1863,72.85284,16.6,1.86,Critical,Bituminous Asphalt,Waterlogging & Bitumen Stripping,Citizen (MyBMC App),2024-09-06,Inspected - Work Order Issued,Pending,,CONTR_BMC_107
PTH_2024_01349,RD_LOC_084,P/N Ward Sector 84 Connector Road,P/N,19.18687,72.85199,9.2,3.46,Critical,Bituminous Asphalt,Utility Trench Reinstatement Failure (MGL/MTNL/Adani),Traffic Police Notification,2024-09-08,Inspected - Work Order Issued,Pending,,CONTR_BMC_119
PTH_2024_01350,RD_LOC_084,P/N Ward Sector 84 Connector Road,P/N,19.18499,72.85217,5.4,1.18,Moderate,Bituminous Asphalt,Asphalt Aging & Pavement Fatigue,BMC Road Engineer Survey,2024-07-19,In-Progress,Pending,,CONTR_BMC_103
PTH_2024_01351,RD_LOC_084,P/N Ward Sector 84 Connector Road,P/N,19.18031,72.85279,14.1,1.64,Critical,Bituminous Asphalt,Waterlogging & Bitumen Stripping,BMC Road Engineer Survey,2024-07-10,Resolved / Repaired,Cold Mix Polymer Asphalt,2024-07-15,CONTR_BMC_106
PTH_2024_01352,RD_LOC_084,P/N Ward Sector 84 Connector Road,P/N,19.18118,72.8528,15.7,2.41,Critical,Bituminous Asphalt,Heavy Axle Commercial Vehicle Load,Traffic Police Notification,2024-06-21,Inspected - Work Order Issued,Pending,,CONTR_BMC_113
PTH_2024_01353,RD_LOC_084,P/N Ward Sector 84 Connector Road,P/N,19.18242,72.85296,14.5,2.35,Critical,Bituminous Asphalt,Asphalt Aging & Pavement Fatigue,Traffic Police Notification,2024-08-04,Resolved / Repaired,Mastic Asphalt,2024-08-08,CONTR_BMC_105
PTH_2024_01354,RD_LOC_084,P/N Ward Sector 84 Connector Road,P/N,19.18114,72.85232,10.4,2.25,Critical,Bituminous Asphalt,Sub-grade Moisture Saturation,Citizen (MyBMC App),2024-08-07,Resolved / Repaired,Mastic Asphalt,2024-08-10,CONTR_BMC_122
PTH_2024_01355,RD_LOC_084,P/N Ward Sector 84 Connector Road,P/N,19.18161,72.85239,7.0,1.43,Moderate,Bituminous Asphalt,Sub-grade Moisture Saturation,Citizen (MyBMC App),2024-07-01,Resolved / Repaired,Mastic Asphalt,2024-07-02,CONTR_BMC_119
PTH_2024_01356,RD_LOC_084,P/N Ward Sector 84 Connector Road,P/N,19.18495,72.85218,9.0,0.84,High,Bituminous Asphalt,Sub-grade Moisture Saturation,BMC Road Engineer Survey,2024-07-01,Resolved / Repaired,Mastic Asphalt,2024-07-06,CONTR_BMC_106
PTH_2024_01357,RD_LOC_084,P/N Ward Sector 84 Connector Road,P/N,19.18166,72.85281,15.6,3.02,Critical,Bituminous Asphalt,Utility Trench Reinstatement Failure (MGL/MTNL/Adani),Traffic Police Notification,2024-07-02,Resolved / Repaired,Rapid Hardening Concrete,2024-07-08,CONTR_BMC_117
PTH_2024_01358,RD_LOC_085,P/N Ward Sector 85 Connector Road,P/N,19.17087,72.8354,13.4,2.22,Critical,Bituminous Asphalt,Utility Trench Reinstatement Failure (MGL/MTNL/Adani),Traffic Police Notification,2024-08-26,Resolved / Repaired,Rapid Hardening Concrete,2024-08-28,CONTR_BMC_120
PTH_2024_01359,RD_LOC_085,P/N Ward Sector 85 Connector Road,P/N,19.16809,72.83369,4.7,0.7,Moderate,Bituminous Asphalt,Sub-grade Moisture Saturation,AI Camera / Patrol Vehicle,2024-08-06,Resolved / Repaired,Mastic Asphalt,2024-08-12,CONTR_BMC_112
PTH_2024_01360,RD_LOC_085,P/N Ward Sector 85 Connector Road,P/N,19.1686,72.83592,6.8,2.81,Critical,Bituminous Asphalt,Sub-grade Moisture Saturation,BMC Road Engineer Survey,2024-08-24,Resolved / Repaired,Cold Mix Polymer Asphalt,2024-08-30,CONTR_BMC_105
PTH_2024_01361,RD_LOC_085,P/N Ward Sector 85 Connector Road,P/N,19.17089,72.83344,8.6,1.74,High,Bituminous Asphalt,Utility Trench Reinstatement Failure (MGL/MTNL/Adani),AI Camera / Patrol Vehicle,2024-07-16,Resolved / Repaired,Hot Mix Bituminous Concrete,2024-07-18,CONTR_BMC_107
PTH_2024_01362,RD_LOC_085,P/N Ward Sector 85 Connector Road,P/N,19.17094,72.8329,8.6,2.05,Critical,Bituminous Asphalt,Sub-grade Moisture Saturation,Citizen (MyBMC App),2024-08-25,Resolved / Repaired,Rapid Hardening Concrete,2024-08-27,CONTR_BMC_118
PTH_2024_01363,RD_LOC_085,P/N Ward Sector 85 Connector Road,P/N,19.17031,72.83408,16.7,2.01,Critical,Bituminous Asphalt,Heavy Axle Commercial Vehicle Load,Traffic Police Notification,2024-08-25,Resolved / Repaired,Rapid Hardening Concrete,2024-08-30,CONTR_BMC_101
PTH_2024_01364,RD_LOC_085,P/N Ward Sector 85 Connector Road,P/N,19.16776,72.83581,7.3,1.11,High,Bituminous Asphalt,Heavy Axle Commercial Vehicle Load,Traffic Police Notification,2024-07-12,Resolved / Repaired,Rapid Hardening Concrete,2024-07-18,CONTR_BMC_121
PTH_2024_01365,RD_LOC_085,P/N Ward Sector 85 Connector Road,P/N,19.16913,72.83352,10.7,2.28,Critical,Bituminous Asphalt,Utility Trench Reinstatement Failure (MGL/MTNL/Adani),Traffic Police Notification,2024-09-10,Resolved / Repaired,Cold Mix Polymer Asphalt,2024-09-12,CONTR_BMC_102
PTH_2024_01366,RD_LOC_085,P/N Ward Sector 85 Connector Road,P/N,19.17161,72.83279,17.3,1.82,Critical,Bituminous Asphalt,Utility Trench Reinstatement Failure (MGL/MTNL/Adani),Citizen (MyBMC App),2024-07-13,Resolved / Repaired,Cold Mix Polymer Asphalt,2024-07-15,CONTR_BMC_122
PTH_2024_01367,RD_LOC_085,P/N Ward Sector 85 Connector Road,P/N,19.17114,72.83336,4.2,1.73,Moderate,Bituminous Asphalt,Asphalt Aging & Pavement Fatigue,Citizen (MyBMC App),2024-08-11,In-Progress,Pending,,CONTR_BMC_102
PTH_2024_01368,RD_LOC_085,P/N Ward Sector 85 Connector Road,P/N,19.16991,72.83373,6.7,2.88,Critical,Bituminous Asphalt,Utility Trench Reinstatement Failure (MGL/MTNL/Adani),BMC Road Engineer Survey,2024-08-23,Citizen Reported,Pending,,CONTR_BMC_106
PTH_2024_01369,RD_LOC_085,P/N Ward Sector 85 Connector Road,P/N,19.17293,72.83501,15.7,2.52,Critical,Bituminous Asphalt,Asphalt Aging & Pavement Fatigue,Traffic Police Notification,2024-09-08,Resolved / Repaired,Rapid Hardening Concrete,2024-09-11,CONTR_BMC_101
PTH_2024_01370,RD_LOC_085,P/N Ward Sector 85 Connector Road,P/N,19.17189,72.83379,17.1,1.35,Critical,Bituminous Asphalt,Utility Trench Reinstatement Failure (MGL/MTNL/Adani),BMC Road Engineer Survey,2024-06-01,Resolved / Repaired,Mastic Asphalt,2024-06-06,CONTR_BMC_105
PTH_2024_01371,RD_LOC_085,P/N Ward Sector 85 Connector Road,P/N,19.17149,72.83587,6.2,0.88,Moderate,Bituminous Asphalt,Sub-grade Moisture Saturation,Citizen (MyBMC App),2024-07-03,Inspected - Work Order Issued,Pending,,CONTR_BMC_109
PTH_2024_01372,RD_LOC_085,P/N Ward Sector 85 Connector Road,P/N,19.16826,72.83528,7.8,2.62,Critical,Bituminous Asphalt,Utility Trench Reinstatement Failure (MGL/MTNL/Adani),AI Camera / Patrol Vehicle,2024-09-16,Resolved / Repaired,Cold Mix Polymer Asphalt,2024-09-18,CONTR_BMC_102
