timestamp,road_id,road_name,ward,current_speed_kmh,baseline_speed_kmh,congestion_index,estimated_delay_mins,water_accumulation_depth_cm,traffic_disruption_status
2024-07-05 00:00:00,RD_WEH_01,Western Express Highway (Bandra to Santacruz),H/E,50.3,55.0,0.1,0,0.0,Free Flow / Moderate
2024-07-05 00:00:00,RD_WEH_02,Western Express Highway (Santacruz to Andheri Flyover),K/E,48.3,55.0,0.12,0,0.0,Free Flow / Moderate
2024-07-05 00:00:00,RD_WEH_03,Western Express Highway (Andheri to Goregaon Hub),P/S,48.3,55.0,0.12,0,0.0,Free Flow / Moderate
2024-07-05 00:00:00,RD_WEH_04,Western Express Highway (Goregaon to Borivali National Park),R/C,48.6,55.0,0.12,0,0.0,Free Flow / Moderate
2024-07-05 00:00:00,RD_WEH_05,Western Express Highway (Borivali to Dahisar Toll Naka),R/N,49.8,55.0,0.1,0,0.0,Free Flow / Moderate
2024-07-05 00:00:00,RD_SVR_01,Swami Vivekanand (SV) Road (Bandra Lucky Jn to Khar),H/W,30.4,35.0,0.13,0,0.0,Free Flow / Moderate
2024-07-05 00:00:00,RD_SVR_02,SV Road (Santacruz Milan Subway Approach),H/W,29.8,35.0,0.15,0,0.0,Free Flow / Moderate
2024-07-05 00:00:00,RD_SVR_03,SV Road (Vile Parle to Andheri Station West),K/W,32.9,35.0,0.1,0,0.0,Free Flow / Moderate
2024-07-05 00:00:00,RD_SVR_04,SV Road (Andheri Subway Section to Jogeshwari),K/W,33.0,35.0,0.1,0,0.0,Free Flow / Moderate
2024-07-05 00:00:00,RD_SVR_05,SV Road (Goregaon to Malad Subway Jn),P/N,30.1,35.0,0.14,1,0.0,Free Flow / Moderate
2024-07-05 00:00:00,RD_SVR_06,SV Road (Kandivali to Borivali Station West),R/C,33.5,35.0,0.1,0,0.0,Free Flow / Moderate
2024-07-05 00:00:00,RD_LNK_01,New Link Road (Bandra West to Khar Danda),H/W,32.4,35.0,0.1,0,0.0,Free Flow / Moderate
2024-07-05 00:00:00,RD_LNK_02,New Link Road (Juhu Circle to Andheri Infinity Mall),K/W,33.0,35.0,0.1,0,0.0,Free Flow / Moderate
2024-07-05 00:00:00,RD_LNK_03,New Link Road (Oshiwara to Goregaon West / Bangur Nagar),P/S,30.1,35.0,0.14,1,0.0,Free Flow / Moderate
2024-07-05 00:00:00,RD_LNK_04,New Link Road (Malad Inorbit to Mith Chowki),P/N,32.2,35.0,0.1,0,0.0,Free Flow / Moderate
2024-07-05 00:00:00,RD_LNK_05,New Link Road (Kandivali to Dahisar Link Road Extension),R/N,31.5,35.0,0.1,1,0.0,Free Flow / Moderate
2024-07-05 00:00:00,RD_EEH_01,Eastern Express Highway (Sion Circle to Priyadarshini Park),F/N,48.0,55.0,0.13,0,0.0,Free Flow / Moderate
2024-07-05 00:00:00,RD_EEH_02,Eastern Express Highway (Kurla Amar Mahal to Ghatkopar),L,47.6,55.0,0.13,0,0.0,Free Flow / Moderate
2024-07-05 00:00:00,RD_EEH_03,Eastern Express Highway (Ghatkopar to Vikhroli / Godrej),N,49.4,55.0,0.1,0,0.0,Free Flow / Moderate
2024-07-05 00:00:00,RD_EEH_04,Eastern Express Highway (Vikhroli to Bhandup / Mulund Toll),T,48.7,55.0,0.11,0,0.0,Free Flow / Moderate
2024-07-05 00:00:00,RD_LBS_01,Lal Bahadur Shastri (LBS) Marg (Sion to Kurla Kamani),L,29.7,35.0,0.15,1,0.0,Free Flow / Moderate
2024-07-05 00:00:00,RD_LBS_02,LBS Marg (Kurla to Ghatkopar Gandhi Nagar),N,31.8,35.0,0.1,0,0.0,Free Flow / Moderate
2024-07-05 00:00:00,RD_LBS_03,LBS Marg (Ghatkopar to Vikhroli / Kanjurmarg),S,30.3,35.0,0.13,1,0.0,Free Flow / Moderate
2024-07-05 00:00:00,RD_LBS_04,LBS Marg (Bhandup to Mulund Check Naka),T,30.3,35.0,0.13,1,0.0,Free Flow / Moderate
2024-07-05 00:00:00,RD_JVL_01,Jogeshwari-Vikhroli Link Road (JVLR - WEH to Powai),K/E,30.6,35.0,0.13,1,0.0,Free Flow / Moderate
2024-07-05 01:00:00,RD_WEH_01,Western Express Highway (Bandra to Santacruz),H/E,47.7,55.0,0.13,0,0.0,Free Flow / Moderate
2024-07-05 01:00:00,RD_WEH_02,Western Express Highway (Santacruz to Andheri Flyover),K/E,48.4,55.0,0.12,0,0.0,Free Flow / Moderate
2024-07-05 01:00:00,RD_WEH_03,Western Express Highway (Andheri to Goregaon Hub),P/S,49.0,55.0,0.11,0,0.0,Free Flow / Moderate
2024-07-05 01:00:00,RD_WEH_04,Western Express Highway (Goregaon to Borivali National Park),R/C,49.0,55.0,0.11,0,0.0,Free Flow / Moderate
2024-07-05 01:00:00,RD_WEH_05,Western Express Highway (Borivali to Dahisar Toll Naka),R/N,48.1,55.0,0.13,0,0.0,Free Flow / Moderate
2024-07-05 01:00:00,RD_SVR_01,Swami Vivekanand (SV) Road (Bandra Lucky Jn to Khar),H/W,32.9,35.0,0.1,0,0.0,Free Flow / Moderate
2024-07-05 01:00:00,RD_SVR_02,SV Road (Santacruz Milan Subway Approach),H/W,32.2,35.0,0.1,0,0.0,Free Flow / Moderate
2024-07-05 01:00:00,RD_SVR_03,SV Road (Vile Parle to Andheri Station West),K/W,33.1,35.0,0.1,0,0.0,Free Flow / Moderate
2024-07-05 01:00:00,RD_SVR_04,SV Road (Andheri Subway Section to Jogeshwari),K/W,32.0,35.0,0.1,0,0.0,Free Flow / Moderate
2024-07-05 01:00:00,RD_SVR_05,SV Road (Goregaon to Malad Subway Jn),P/N,33.2,35.0,0.1,0,0.0,Free Flow / Moderate
2024-07-05 01:00:00,RD_SVR_06,SV Road (Kandivali to Borivali Station West),R/C,31.2,35.0,0.11,0,0.0,Free Flow / Moderate
2024-07-05 01:00:00,RD_LNK_01,New Link Road (Bandra West to Khar Danda),H/W,29.6,35.0,0.15,0,0.0,Free Flow / Moderate
2024-07-05 01:00:00,RD_LNK_02,New Link Road (Juhu Circle to Andheri Infinity Mall),K/W,29.7,35.0,0.15,1,0.0,Free Flow / Moderate
2024-07-05 01:00:00,RD_LNK_03,New Link Road (Oshiwara to Goregaon West / Bangur Nagar),P/S,31.1,35.0,0.11,0,0.0,Free Flow / Moderate
2024-07-05 01:00:00,RD_LNK_04,New Link Road (Malad Inorbit to Mith Chowki),P/N,31.3,35.0,0.11,0,0.0,Free Flow / Moderate
2024-07-05 01:00:00,RD_LNK_05,New Link Road (Kandivali to Dahisar Link Road Extension),R/N,29.9,35.0,0.15,1,0.0,Free Flow / Moderate
2024-07-05 01:00:00,RD_EEH_01,Eastern Express Highway (Sion Circle to Priyadarshini Park),F/N,49.6,55.0,0.1,0,0.0,Free Flow / Moderate
2024-07-05 01:00:00,RD_EEH_02,Eastern Express Highway (Kurla Amar Mahal to Ghatkopar),L,49.8,55.0,0.1,0,0.0,Free Flow / Moderate
2024-07-05 01:00:00,RD_EEH_03,Eastern Express Highway (Ghatkopar to Vikhroli / Godrej),N,50.0,55.0,0.1,0,0.0,Free Flow / Moderate
2024-07-05 01:00:00,RD_EEH_04,Eastern Express Highway (Vikhroli to Bhandup / Mulund Toll),T,48.6,55.0,0.12,0,0.0,Free Flow / Moderate
2024-07-05 01:00:00,RD_LBS_01,Lal Bahadur Shastri (LBS) Marg (Sion to Kurla Kamani),L,32.9,35.0,0.1,0,0.0,Free Flow / Moderate
2024-07-05 01:00:00,RD_LBS_02,LBS Marg (Kurla to Ghatkopar Gandhi Nagar),N,31.8,35.0,0.1,0,0.0,Free Flow / Moderate
2024-07-05 01:00:00,RD_LBS_03,LBS Marg (Ghatkopar to Vikhroli / Kanjurmarg),S,33.2,35.0,0.1,0,0.0,Free Flow / Moderate
2024-07-05 01:00:00,RD_LBS_04,LBS Marg (Bhandup to Mulund Check Naka),T,33.2,35.0,0.1,0,0.0,Free Flow / Moderate
2024-07-05 01:00:00,RD_JVL_01,Jogeshwari-Vikhroli Link Road (JVLR - WEH to Powai),K/E,33.3,35.0,0.1,0,0.0,Free Flow / Moderate
2024-07-05 02:00:00,RD_WEH_01,Western Express Highway (Bandra to Santacruz),H/E,47.7,55.0,0.13,0,0.0,Free Flow / Moderate
2024-07-05 02:00:00,RD_WEH_02,Western Express Highway (Santacruz to Andheri Flyover),K/E,48.6,55.0,0.12,0,0.0,Free Flow / Moderate
2024-07-05 02:00:00,RD_WEH_03,Western Express Highway (Andheri to Goregaon Hub),P/S,49.8,55.0,0.1,0,0.0,Free Flow / Moderate
2024-07-05 02:00:00,RD_WEH_04,Western Express Highway (Goregaon to Borivali National Park),R/C,48.6,55.0,0.12,0,0.0,Free Flow / Moderate
2024-07-05 02:00:00,RD_WEH_05,Western Express Highway (Borivali to Dahisar Toll Naka),R/N,47.9,55.0,0.13,0,0.0,Free Flow / Moderate
2024-07-05 02:00:00,RD_SVR_01,Swami Vivekanand (SV) Road (Bandra Lucky Jn to Khar),H/W,30.9,35.0,0.12,0,0.0,Free Flow / Moderate
2024-07-05 02:00:00,RD_SVR_02,SV Road (Santacruz Milan Subway Approach),H/W,29.7,35.0,0.15,0,0.0,Free Flow / Moderate
2024-07-05 02:00:00,RD_SVR_03,SV Road (Vile Parle to Andheri Station West),K/W,29.9,35.0,0.15,1,0.0,Free Flow / Moderate
2024-07-05 02:00:00,RD_SVR_04,SV Road (Andheri Subway Section to Jogeshwari),K/W,30.3,35.0,0.13,0,0.0,Free Flow / Moderate
2024-07-05 02:00:00,RD_SVR_05,SV Road (Goregaon to Malad Subway Jn),P/N,32.0,35.0,0.1,0,0.0,Free Flow / Moderate
2024-07-05 02:00:00,RD_SVR_06,SV Road (Kandivali to Borivali Station West),R/C,31.1,35.0,0.11,0,0.0,Free Flow / Moderate
2024-07-05 02:00:00,RD_LNK_01,New Link Road (Bandra West to Khar Danda),H/W,29.8,35.0,0.15,0,0.0,Free Flow / Moderate
2024-07-05 02:00:00,RD_LNK_02,New Link Road (Juhu Circle to Andheri Infinity Mall),K/W,33.2,35.0,0.1,0,0.0,Free Flow / Moderate
2024-07-05 02:00:00,RD_LNK_03,New Link Road (Oshiwara to Goregaon West / Bangur Nagar),P/S,32.8,35.0,0.1,0,0.0,Free Flow / Moderate
2024-07-05 02:00:00,RD_LNK_04,New Link Road (Malad Inorbit to Mith Chowki),P/N,29.9,35.0,0.15,0,0.0,Free Flow / Moderate
2024-07-05 02:00:00,RD_LNK_05,New Link Road (Kandivali to Dahisar Link Road Extension),R/N,30.6,35.0,0.13,1,0.0,Free Flow / Moderate
2024-07-05 02:00:00,RD_EEH_01,Eastern Express Highway (Sion Circle to Priyadarshini Park),F/N,48.7,55.0,0.11,0,0.0,Free Flow / Moderate
2024-07-05 02:00:00,RD_EEH_02,Eastern Express Highway (Kurla Amar Mahal to Ghatkopar),L,48.6,55.0,0.12,0,0.0,Free Flow / Moderate
2024-07-05 02:00:00,RD_EEH_03,Eastern Express Highway (Ghatkopar to Vikhroli / Godrej),N,50.6,55.0,0.1,0,0.0,Free Flow / Moderate
2024-07-05 02:00:00,RD_EEH_04,Eastern Express Highway (Vikhroli to Bhandup / Mulund Toll),T,49.7,55.0,0.1,0,0.0,Free Flow / Moderate
2024-07-05 02:00:00,RD_LBS_01,Lal Bahadur Shastri (LBS) Marg (Sion to Kurla Kamani),L,32.3,35.0,0.1,0,0.0,Free Flow / Moderate
2024-07-05 02:00:00,RD_LBS_02,LBS Marg (Kurla to Ghatkopar Gandhi Nagar),N,32.0,35.0,0.1,0,0.0,Free Flow / Moderate
2024-07-05 02:00:00,RD_LBS_03,LBS Marg (Ghatkopar to Vikhroli / Kanjurmarg),S,31.2,35.0,0.11,0,0.0,Free Flow / Moderate
2024-07-05 02:00:00,RD_LBS_04,LBS Marg (Bhandup to Mulund Check Naka),T,30.1,35.0,0.14,1,0.0,Free Flow / Moderate
2024-07-05 02:00:00,RD_JVL_01,Jogeshwari-Vikhroli Link Road (JVLR - WEH to Powai),K/E,33.0,35.0,0.1,0,0.0,Free Flow / Moderate
2024-07-05 03:00:00,RD_WEH_01,Western Express Highway (Bandra to Santacruz),H/E,50.8,55.0,0.1,0,0.0,Free Flow / Moderate
2024-07-05 03:00:00,RD_WEH_02,Western Express Highway (Santacruz to Andheri Flyover),K/E,50.6,55.0,0.1,0,0.0,Free Flow / Moderate
2024-07-05 03:00:00,RD_WEH_03,Western Express Highway (Andheri to Goregaon Hub),P/S,50.5,55.0,0.1,0,0.0,Free Flow / Moderate
2024-07-05 03:00:00,RD_WEH_04,Western Express Highway (Goregaon to Borivali National Park),R/C,50.8,55.0,0.1,0,0.0,Free Flow / Moderate
2024-07-05 03:00:00,RD_WEH_05,Western Express Highway (Borivali to Dahisar Toll Naka),R/N,47.7,55.0,0.13,0,0.0,Free Flow / Moderate
2024-07-05 03:00:00,RD_SVR_01,Swami Vivekanand (SV) Road (Bandra Lucky Jn to Khar),H/W,30.1,35.0,0.14,0,0.0,Free Flow / Moderate
2024-07-05 03:00:00,RD_SVR_02,SV Road (Santacruz Milan Subway Approach),H/W,32.5,35.0,0.1,0,0.0,Free Flow / Moderate
2024-07-05 03:00:00,RD_SVR_03,SV Road (Vile Parle to Andheri Station West),K/W,30.0,35.0,0.14,0,0.0,Free Flow / Moderate
2024-07-05 03:00:00,RD_SVR_04,SV Road (Andheri Subway Section to Jogeshwari),K/W,32.3,35.0,0.1,0,0.0,Free Flow / Moderate
2024-07-05 03:00:00,RD_SVR_05,SV Road (Goregaon to Malad Subway Jn),P/N,31.9,35.0,0.1,0,0.0,Free Flow / Moderate
2024-07-05 03:00:00,RD_SVR_06,SV Road (Kandivali to Borivali Station West),R/C,32.6,35.0,0.1,0,0.0,Free Flow / Moderate
2024-07-05 03:00:00,RD_LNK_01,New Link Road (Bandra West to Khar Danda),H/W,32.1,35.0,0.1,0,0.0,Free Flow / Moderate
2024-07-05 03:00:00,RD_LNK_02,New Link Road (Juhu Circle to Andheri Infinity Mall),K/W,29.6,35.0,0.15,1,0.0,Free Flow / Moderate
2024-07-05 03:00:00,RD_LNK_03,New Link Road (Oshiwara to Goregaon West / Bangur Nagar),P/S,32.3,35.0,0.1,0,0.0,Free Flow / Moderate
2024-07-05 03:00:00,RD_LNK_04,New Link Road (Malad Inorbit to Mith Chowki),P/N,33.2,35.0,0.1,0,0.0,Free Flow / Moderate
2024-07-05 03:00:00,RD_LNK_05,New Link Road (Kandivali to Dahisar Link Road Extension),R/N,32.6,35.0,0.1,0,0.0,Free Flow / Moderate
2024-07-05 03:00:00,RD_EEH_01,Eastern Express Highway (Sion Circle to Priyadarshini Park),F/N,48.8,55.0,0.11,0,0.0,Free Flow / Moderate
2024-07-05 03:00:00,RD_EEH_02,Eastern Express Highway (Kurla Amar Mahal to Ghatkopar),L,48.8,55.0,0.11,0,0.0,Free Flow / Moderate
2024-07-05 03:00:00,RD_EEH_03,Eastern Express Highway (Ghatkopar to Vikhroli / Godrej),N,50.0,55.0,0.1,0,0.0,Free Flow / Moderate
2024-07-05 03:00:00,RD_EEH_04,Eastern Express Highway (Vikhroli to Bhandup / Mulund Toll),T,51.5,55.0,0.1,0,0.0,Free Flow / Moderate
2024-07-05 03:00:00,RD_LBS_01,Lal Bahadur Shastri (LBS) Marg (Sion to Kurla Kamani),L,31.8,35.0,0.1,0,0.0,Free Flow / Moderate
2024-07-05 03:00:00,RD_LBS_02,LBS Marg (Kurla to Ghatkopar Gandhi Nagar),N,32.1,35.0,0.1,0,0.0,Free Flow / Moderate
2024-07-05 03:00:00,RD_LBS_03,LBS Marg (Ghatkopar to Vikhroli / Kanjurmarg),S,33.0,35.0,0.1,0,0.0,Free Flow / Moderate
2024-07-05 03:00:00,RD_LBS_04,LBS Marg (Bhandup to Mulund Check Naka),T,33.3,35.0,0.1,0,0.0,Free Flow / Moderate
2024-07-05 03:00:00,RD_JVL_01,Jogeshwari-Vikhroli Link Road (JVLR - WEH to Powai),K/E,33.3,35.0,0.1,0,0.0,Free Flow / Moderate
2024-07-05 04:00:00,RD_WEH_01,Western Express Highway (Bandra to Santacruz),H/E,48.1,55.0,0.13,0,0.0,Free Flow / Moderate
2024-07-05 04:00:00,RD_WEH_02,Western Express Highway (Santacruz to Andheri Flyover),K/E,49.3,55.0,0.1,0,0.0,Free Flow / Moderate
2024-07-05 04:00:00,RD_WEH_03,Western Express Highway (Andheri to Goregaon Hub),P/S,50.1,55.0,0.1,0,0.0,Free Flow / Moderate
2024-07-05 04:00:00,RD_WEH_04,Western Express Highway (Goregaon to Borivali National Park),R/C,51.5,55.0,0.1,0,0.0,Free Flow / Moderate
2024-07-05 04:00:00,RD_WEH_05,Western Express Highway (Borivali to Dahisar Toll Naka),R/N,49.9,55.0,0.1,0,0.0,Free Flow / Moderate
2024-07-05 04:00:00,RD_SVR_01,Swami Vivekanand (SV) Road (Bandra Lucky Jn to Khar),H/W,30.4,35.0,0.13,0,0.0,Free Flow / Moderate
2024-07-05 04:00:00,RD_SVR_02,SV Road (Santacruz Milan Subway Approach),H/W,32.3,35.0,0.1,0,0.0,Free Flow / Moderate
2024-07-05 04:00:00,RD_SVR_03,SV Road (Vile Parle to Andheri Station West),K/W,32.2,35.0,0.1,0,0.0,Free Flow / Moderate
2024-07-05 04:00:00,RD_SVR_04,SV Road (Andheri Subway Section to Jogeshwari),K/W,29.8,35.0,0.15,0,0.0,Free Flow / Moderate
2024-07-05 04:00:00,RD_SVR_05,SV Road (Goregaon to Malad Subway Jn),P/N,32.9,35.0,0.1,0,0.0,Free Flow / Moderate
2024-07-05 04:00:00,RD_SVR_06,SV Road (Kandivali to Borivali Station West),R/C,32.8,35.0,0.1,0,0.0,Free Flow / Moderate
2024-07-05 04:00:00,RD_LNK_01,New Link Road (Bandra West to Khar Danda),H/W,32.2,35.0,0.1,0,0.0,Free Flow / Moderate
2024-07-05 04:00:00,RD_LNK_02,New Link Road (Juhu Circle to Andheri Infinity Mall),K/W,32.6,35.0,0.1,0,0.0,Free Flow / Moderate
2024-07-05 04:00:00,RD_LNK_03,New Link Road (Oshiwara to Goregaon West / Bangur Nagar),P/S,30.7,35.0,0.12,0,0.0,Free Flow / Moderate
2024-07-05 04:00:00,RD_LNK_04,New Link Road (Malad Inorbit to Mith Chowki),P/N,31.0,35.0,0.11,0,0.0,Free Flow / Moderate
2024-07-05 04:00:00,RD_LNK_05,New Link Road (Kandivali to Dahisar Link Road Extension),R/N,30.7,35.0,0.12,1,0.0,Free Flow / Moderate
2024-07-05 04:00:00,RD_EEH_01,Eastern Express Highway (Sion Circle to Priyadarshini Park),F/N,49.6,55.0,0.1,0,0.0,Free Flow / Moderate
2024-07-05 04:00:00,RD_EEH_02,Eastern Express Highway (Kurla Amar Mahal to Ghatkopar),L,51.3,55.0,0.1,0,0.0,Free Flow / Moderate
2024-07-05 04:00:00,RD_EEH_03,Eastern Express Highway (Ghatkopar to Vikhroli / Godrej),N,50.6,55.0,0.1,0,0.0,Free Flow / Moderate
2024-07-05 04:00:00,RD_EEH_04,Eastern Express Highway (Vikhroli to Bhandup / Mulund Toll),T,48.4,55.0,0.12,1,0.0,Free Flow / Moderate
2024-07-05 04:00:00,RD_LBS_01,Lal Bahadur Shastri (LBS) Marg (Sion to Kurla Kamani),L,32.2,35.0,0.1,0,0.0,Free Flow / Moderate
2024-07-05 04:00:00,RD_LBS_02,LBS Marg (Kurla to Ghatkopar Gandhi Nagar),N,32.2,35.0,0.1,0,0.0,Free Flow / Moderate
2024-07-05 04:00:00,RD_LBS_03,LBS Marg (Ghatkopar to Vikhroli / Kanjurmarg),S,30.7,35.0,0.12,1,0.0,Free Flow / Moderate
2024-07-05 04:00:00,RD_LBS_04,LBS Marg (Bhandup to Mulund Check Naka),T,31.5,35.0,0.1,0,0.0,Free Flow / Moderate
2024-07-05 04:00:00,RD_JVL_01,Jogeshwari-Vikhroli Link Road (JVLR - WEH to Powai),K/E,29.6,35.0,0.15,1,0.0,Free Flow / Moderate
2024-07-05 05:00:00,RD_WEH_01,Western Express Highway (Bandra to Santacruz),H/E,47.6,55.0,0.13,0,0.0,Free Flow / Moderate
2024-07-05 05:00:00,RD_WEH_02,Western Express Highway (Santacruz to Andheri Flyover),K/E,49.0,55.0,0.11,0,0.0,Free Flow / Moderate
2024-07-05 05:00:00,RD_WEH_03,Western Express Highway (Andheri to Goregaon Hub),P/S,51.4,55.0,0.1,0,0.0,Free Flow / Moderate
2024-07-05 05:00:00,RD_WEH_04,Western Express Highway (Goregaon to Borivali National Park),R/C,51.0,55.0,0.1,0,0.0,Free Flow / Moderate
2024-07-05 05:00:00,RD_WEH_05,Western Express Highway (Borivali to Dahisar Toll Naka),R/N,51.3,55.0,0.1,0,0.0,Free Flow / Moderate
2024-07-05 05:00:00,RD_SVR_01,Swami Vivekanand (SV) Road (Bandra Lucky Jn to Khar),H/W,31.9,35.0,0.1,0,0.0,Free Flow / Moderate
2024-07-05 05:00:00,RD_SVR_02,SV Road (Santacruz Milan Subway Approach),H/W,31.7,35.0,0.1,0,0.0,Free Flow / Moderate
2024-07-05 05:00:00,RD_SVR_03,SV Road (Vile Parle to Andheri Station West),K/W,30.1,35.0,0.14,0,0.0,Free Flow / Moderate
2024-07-05 05:00:00,RD_SVR_04,SV Road (Andheri Subway Section to Jogeshwari),K/W,32.3,35.0,0.1,0,0.0,Free Flow / Moderate
2024-07-05 05:00:00,RD_SVR_05,SV Road (Goregaon to Malad Subway Jn),P/N,30.7,35.0,0.12,1,0.0,Free Flow / Moderate
2024-07-05 05:00:00,RD_SVR_06,SV Road (Kandivali to Borivali Station West),R/C,30.9,35.0,0.12,1,0.0,Free Flow / Moderate
2024-07-05 05:00:00,RD_LNK_01,New Link Road (Bandra West to Khar Danda),H/W,31.6,35.0,0.1,0,0.0,Free Flow / Moderate
2024-07-05 05:00:00,RD_LNK_02,New Link Road (Juhu Circle to Andheri Infinity Mall),K/W,31.1,35.0,0.11,0,0.0,Free Flow / Moderate
2024-07-05 05:00:00,RD_LNK_03,New Link Road (Oshiwara to Goregaon West / Bangur Nagar),P/S,32.4,35.0,0.1,0,0.0,Free Flow / Moderate
2024-07-05 05:00:00,RD_LNK_04,New Link Road (Malad Inorbit to Mith Chowki),P/N,30.0,35.0,0.14,0,0.0,Free Flow / Moderate
2024-07-05 05:00:00,RD_LNK_05,New Link Road (Kandivali to Dahisar Link Road Extension),R/N,30.3,35.0,0.13,1,0.0,Free Flow / Moderate
2024-07-05 05:00:00,RD_EEH_01,Eastern Express Highway (Sion Circle to Priyadarshini Park),F/N,50.9,55.0,0.1,0,0.0,Free Flow / Moderate
2024-07-05 05:00:00,RD_EEH_02,Eastern Express Highway (Kurla Amar Mahal to Ghatkopar),L,51.4,55.0,0.1,0,0.0,Free Flow / Moderate
2024-07-05 05:00:00,RD_EEH_03,Eastern Express Highway (Ghatkopar to Vikhroli / Godrej),N,47.9,55.0,0.13,0,0.0,Free Flow / Moderate
2024-07-05 05:00:00,RD_EEH_04,Eastern Express Highway (Vikhroli to Bhandup / Mulund Toll),T,51.2,55.0,0.1,0,0.0,Free Flow / Moderate
2024-07-05 05:00:00,RD_LBS_01,Lal Bahadur Shastri (LBS) Marg (Sion to Kurla Kamani),L,32.7,35.0,0.1,0,0.0,Free Flow / Moderate
2024-07-05 05:00:00,RD_LBS_02,LBS Marg (Kurla to Ghatkopar Gandhi Nagar),N,31.4,35.0,0.1,0,0.0,Free Flow / Moderate
2024-07-05 05:00:00,RD_LBS_03,LBS Marg (Ghatkopar to Vikhroli / Kanjurmarg),S,29.5,35.0,0.16,1,0.0,Free Flow / Moderate
2024-07-05 05:00:00,RD_LBS_04,LBS Marg (Bhandup to Mulund Check Naka),T,30.5,35.0,0.13,1,0.0,Free Flow / Moderate
2024-07-05 05:00:00,RD_JVL_01,Jogeshwari-Vikhroli Link Road (JVLR - WEH to Powai),K/E,33.1,35.0,0.1,0,0.0,Free Flow / Moderate
2024-07-05 06:00:00,RD_WEH_01,Western Express Highway (Bandra to Santacruz),H/E,49.9,55.0,0.1,0,0.0,Free Flow / Moderate
2024-07-05 06:00:00,RD_WEH_02,Western Express Highway (Santacruz to Andheri Flyover),K/E,48.0,55.0,0.13,0,0.0,Free Flow / Moderate
2024-07-05 06:00:00,RD_WEH_03,Western Express Highway (Andheri to Goregaon Hub),P/S,50.9,55.0,0.1,0,0.0,Free Flow / Moderate
2024-07-05 06:00:00,RD_WEH_04,Western Express Highway (Goregaon to Borivali National Park),R/C,49.2,55.0,0.11,0,0.0,Free Flow / Moderate
2024-07-05 06:00:00,RD_WEH_05,Western Express Highway (Borivali to Dahisar Toll Naka),R/N,48.6,55.0,0.12,0,0.0,Free Flow / Moderate
2024-07-05 06:00:00,RD_SVR_01,Swami Vivekanand (SV) Road (Bandra Lucky Jn to Khar),H/W,31.7,35.0,0.1,0,0.0,Free Flow / Moderate
2024-07-05 06:00:00,RD_SVR_02,SV Road (Santacruz Milan Subway Approach),H/W,29.7,35.0,0.15,0,0.0,Free Flow / Moderate
2024-07-05 06:00:00,RD_SVR_03,SV Road (Vile Parle to Andheri Station West),K/W,33.4,35.0,0.1,0,0.0,Free Flow / Moderate
2024-07-05 06:00:00,RD_SVR_04,SV Road (Andheri Subway Section to Jogeshwari),K/W,32.3,35.0,0.1,0,0.0,Free Flow / Moderate
2024-07-05 06:00:00,RD_SVR_05,SV Road (Goregaon to Malad Subway Jn),P/N,31.7,35.0,0.1,0,0.0,Free Flow / Moderate
2024-07-05 06:00:00,RD_SVR_06,SV Road (Kandivali to Borivali Station West),R/C,30.6,35.0,0.13,1,0.0,Free Flow / Moderate
2024-07-05 06:00:00,RD_LNK_01,New Link Road (Bandra West to Khar Danda),H/W,32.0,35.0,0.1,0,0.0,Free Flow / Moderate
2024-07-05 06:00:00,RD_LNK_02,New Link Road (Juhu Circle to Andheri Infinity Mall),K/W,30.5,35.0,0.13,1,0.0,Free Flow / Moderate
2024-07-05 06:00:00,RD_LNK_03,New Link Road (Oshiwara to Goregaon West / Bangur Nagar),P/S,30.4,35.0,0.13,0,0.0,Free Flow / Moderate
2024-07-05 06:00:00,RD_LNK_04,New Link Road (Malad Inorbit to Mith Chowki),P/N,30.1,35.0,0.14,0,0.0,Free Flow / Moderate
2024-07-05 06:00:00,RD_LNK_05,New Link Road (Kandivali to Dahisar Link Road Extension),R/N,29.9,35.0,0.15,1,0.0,Free Flow / Moderate
2024-07-05 06:00:00,RD_EEH_01,Eastern Express Highway (Sion Circle to Priyadarshini Park),F/N,49.0,55.0,0.11,0,0.0,Free Flow / Moderate
2024-07-05 06:00:00,RD_EEH_02,Eastern Express Highway (Kurla Amar Mahal to Ghatkopar),L,49.3,55.0,0.1,0,0.0,Free Flow / Moderate
2024-07-05 06:00:00,RD_EEH_03,Eastern Express Highway (Ghatkopar to Vikhroli / Godrej),N,50.4,55.0,0.1,0,0.0,Free Flow / Moderate
2024-07-05 06:00:00,RD_EEH_04,Eastern Express Highway (Vikhroli to Bhandup / Mulund Toll),T,48.4,55.0,0.12,1,0.0,Free Flow / Moderate
2024-07-05 06:00:00,RD_LBS_01,Lal Bahadur Shastri (LBS) Marg (Sion to Kurla Kamani),L,33.1,35.0,0.1,0,0.0,Free Flow / Moderate
2024-07-05 06:00:00,RD_LBS_02,LBS Marg (Kurla to Ghatkopar Gandhi Nagar),N,30.3,35.0,0.13,1,0.0,Free Flow / Moderate
2024-07-05 06:00:00,RD_LBS_03,LBS Marg (Ghatkopar to Vikhroli / Kanjurmarg),S,29.9,35.0,0.15,1,0.0,Free Flow / Moderate
2024-07-05 06:00:00,RD_LBS_04,LBS Marg (Bhandup to Mulund Check Naka),T,32.8,35.0,0.1,0,0.0,Free Flow / Moderate
2024-07-05 06:00:00,RD_JVL_01,Jogeshwari-Vikhroli Link Road (JVLR - WEH to Powai),K/E,29.5,35.0,0.16,1,0.0,Free Flow / Moderate
2024-07-05 07:00:00,RD_WEH_01,Western Express Highway (Bandra to Santacruz),H/E,48.4,55.0,0.12,0,0.0,Free Flow / Moderate
2024-07-05 07:00:00,RD_WEH_02,Western Express Highway (Santacruz to Andheri Flyover),K/E,48.3,55.0,0.12,0,0.0,Free Flow / Moderate
2024-07-05 07:00:00,RD_WEH_03,Western Express Highway (Andheri to Goregaon Hub),P/S,48.3,55.0,0.12,0,0.0,Free Flow / Moderate
2024-07-05 07:00:00,RD_WEH_04,Western Express Highway (Goregaon to Borivali National Park),R/C,47.7,55.0,0.13,1,0.0,Free Flow / Moderate
2024-07-05 07:00:00,RD_WEH_05,Western Express Highway (Borivali to Dahisar Toll Naka),R/N,49.9,55.0,0.1,0,0.0,Free Flow / Moderate
2024-07-05 07:00:00,RD_SVR_01,Swami Vivekanand (SV) Road (Bandra Lucky Jn to Khar),H/W,32.8,35.0,0.1,0,0.0,Free Flow / Moderate
2024-07-05 07:00:00,RD_SVR_02,SV Road (Santacruz Milan Subway Approach),H/W,30.1,35.0,0.14,0,0.0,Free Flow / Moderate
2024-07-05 07:00:00,RD_SVR_03,SV Road (Vile Parle to Andheri Station West),K/W,30.7,35.0,0.12,0,0.0,Free Flow / Moderate
2024-07-05 07:00:00,RD_SVR_04,SV Road (Andheri Subway Section to Jogeshwari),K/W,30.0,35.0,0.14,0,0.0,Free Flow / Moderate
2024-07-05 07:00:00,RD_SVR_05,SV Road (Goregaon to Malad Subway Jn),P/N,30.4,35.0,0.13,1,0.0,Free Flow / Moderate
2024-07-05 07:00:00,RD_SVR_06,SV Road (Kandivali to Borivali Station West),R/C,32.9,35.0,0.1,0,0.0,Free Flow / Moderate
2024-07-05 07:00:00,RD_LNK_01,New Link Road (Bandra West to Khar Danda),H/W,31.1,35.0,0.11,0,0.0,Free Flow / Moderate
2024-07-05 07:00:00,RD_LNK_02,New Link Road (Juhu Circle to Andheri Infinity Mall),K/W,31.8,35.0,0.1,0,0.0,Free Flow / Moderate
2024-07-05 07:00:00,RD_LNK_03,New Link Road (Oshiwara to Goregaon West / Bangur Nagar),P/S,33.5,35.0,0.1,0,0.0,Free Flow / Moderate
2024-07-05 07:00:00,RD_LNK_04,New Link Road (Malad Inorbit to Mith Chowki),P/N,31.0,35.0,0.11,0,0.0,Free Flow / Moderate
2024-07-05 07:00:00,RD_LNK_05,New Link Road (Kandivali to Dahisar Link Road Extension),R/N,30.2,35.0,0.14,1,0.0,Free Flow / Moderate
2024-07-05 07:00:00,RD_EEH_01,Eastern Express Highway (Sion Circle to Priyadarshini Park),F/N,49.6,55.0,0.1,0,0.0,Free Flow / Moderate
2024-07-05 07:00:00,RD_EEH_02,Eastern Express Highway (Kurla Amar Mahal to Ghatkopar),L,48.7,55.0,0.11,0,0.0,Free Flow / Moderate
2024-07-05 07:00:00,RD_EEH_03,Eastern Express Highway (Ghatkopar to Vikhroli / Godrej),N,51.2,55.0,0.1,0,0.0,Free Flow / Moderate
2024-07-05 07:00:00,RD_EEH_04,Eastern Express Highway (Vikhroli to Bhandup / Mulund Toll),T,48.4,55.0,0.12,1,0.0,Free Flow / Moderate
2024-07-05 07:00:00,RD_LBS_01,Lal Bahadur Shastri (LBS) Marg (Sion to Kurla Kamani),L,31.2,35.0,0.11,0,0.0,Free Flow / Moderate
2024-07-05 07:00:00,RD_LBS_02,LBS Marg (Kurla to Ghatkopar Gandhi Nagar),N,32.6,35.0,0.1,0,0.0,Free Flow / Moderate
2024-07-05 07:00:00,RD_LBS_03,LBS Marg (Ghatkopar to Vikhroli / Kanjurmarg),S,30.7,35.0,0.12,1,0.0,Free Flow / Moderate
2024-07-05 07:00:00,RD_LBS_04,LBS Marg (Bhandup to Mulund Check Naka),T,30.2,35.0,0.14,1,0.0,Free Flow / Moderate
2024-07-05 07:00:00,RD_JVL_01,Jogeshwari-Vikhroli Link Road (JVLR - WEH to Powai),K/E,32.3,35.0,0.1,0,0.0,Free Flow / Moderate
2024-07-05 08:00:00,RD_WEH_01,Western Express Highway (Bandra to Santacruz),H/E,29.7,55.0,0.46,4,0.0,Free Flow / Moderate
2024-07-05 08:00:00,RD_WEH_02,Western Express Highway (Santacruz to Andheri Flyover),K/E,30.2,55.0,0.45,4,0.0,Free Flow / Moderate
2024-07-05 08:00:00,RD_WEH_03,Western Express Highway (Andheri to Goregaon Hub),P/S,29.2,55.0,0.47,4,0.0,Free Flow / Moderate
2024-07-05 08:00:00,RD_WEH_04,Western Express Highway (Goregaon to Borivali National Park),R/C,31.3,55.0,0.43,5,0.0,Free Flow / Moderate
2024-07-05 08:00:00,RD_WEH_05,Western Express Highway (Borivali to Dahisar Toll Naka),R/N,28.7,55.0,0.48,3,0.0,Free Flow / Moderate
2024-07-05 08:00:00,RD_SVR_01,Swami Vivekanand (SV) Road (Bandra Lucky Jn to Khar),H/W,17.3,35.0,0.51,5,0.0,Congested
2024-07-05 08:00:00,RD_SVR_02,SV Road (Santacruz Milan Subway Approach),H/W,19.3,35.0,0.45,2,0.0,Free Flow / Moderate
2024-07-05 08:00:00,RD_SVR_03,SV Road (Vile Parle to Andheri Station West),K/W,20.2,35.0,0.42,4,0.0,Free Flow / Moderate
2024-07-05 08:00:00,RD_SVR_04,SV Road (Andheri Subway Section to Jogeshwari),K/W,18.6,35.0,0.47,4,0.0,Free Flow / Moderate
2024-07-05 08:00:00,RD_SVR_05,SV Road (Goregaon to Malad Subway Jn),P/N,21.0,35.0,0.4,4,0.0,Free Flow / Moderate
2024-07-05 08:00:00,RD_SVR_06,SV Road (Kandivali to Borivali Station West),R/C,17.9,35.0,0.49,7,0.0,Congested
2024-07-05 08:00:00,RD_LNK_01,New Link Road (Bandra West to Khar Danda),H/W,17.9,35.0,0.49,4,0.0,Congested
2024-07-05 08:00:00,RD_LNK_02,New Link Road (Juhu Circle to Andheri Infinity Mall),K/W,18.2,35.0,0.48,6,0.0,Free Flow / Moderate
2024-07-05 08:00:00,RD_LNK_03,New Link Road (Oshiwara to Goregaon West / Bangur Nagar),P/S,19.0,35.0,0.46,5,0.0,Free Flow / Moderate
2024-07-05 08:00:00,RD_LNK_04,New Link Road (Malad Inorbit to Mith Chowki),P/N,17.8,35.0,0.49,5,0.0,Congested
2024-07-05 08:00:00,RD_LNK_05,New Link Road (Kandivali to Dahisar Link Road Extension),R/N,18.5,35.0,0.47,8,0.0,Free Flow / Moderate
2024-07-05 08:00:00,RD_EEH_01,Eastern Express Highway (Sion Circle to Priyadarshini Park),F/N,29.3,55.0,0.47,3,0.0,Free Flow / Moderate
2024-07-05 08:00:00,RD_EEH_02,Eastern Express Highway (Kurla Amar Mahal to Ghatkopar),L,31.1,55.0,0.43,3,0.0,Free Flow / Moderate
2024-07-05 08:00:00,RD_EEH_03,Eastern Express Highway (Ghatkopar to Vikhroli / Godrej),N,31.4,55.0,0.43,3,0.0,Free Flow / Moderate
2024-07-05 08:00:00,RD_EEH_04,Eastern Express Highway (Vikhroli to Bhandup / Mulund Toll),T,31.0,55.0,0.44,5,0.0,Free Flow / Moderate
2024-07-05 08:00:00,RD_LBS_01,Lal Bahadur Shastri (LBS) Marg (Sion to Kurla Kamani),L,17.6,35.0,0.5,6,0.0,Congested
2024-07-05 08:00:00,RD_LBS_02,LBS Marg (Kurla to Ghatkopar Gandhi Nagar),N,17.9,35.0,0.49,6,0.0,Congested
2024-07-05 08:00:00,RD_LBS_03,LBS Marg (Ghatkopar to Vikhroli / Kanjurmarg),S,20.3,35.0,0.42,5,0.0,Free Flow / Moderate
2024-07-05 08:00:00,RD_LBS_04,LBS Marg (Bhandup to Mulund Check Naka),T,20.2,35.0,0.42,6,0.0,Free Flow / Moderate
2024-07-05 08:00:00,RD_JVL_01,Jogeshwari-Vikhroli Link Road (JVLR - WEH to Powai),K/E,20.0,35.0,0.43,6,0.0,Free Flow / Moderate
2024-07-05 09:00:00,RD_WEH_01,Western Express Highway (Bandra to Santacruz),H/E,29.8,55.0,0.46,4,0.0,Free Flow / Moderate
2024-07-05 09:00:00,RD_WEH_02,Western Express Highway (Santacruz to Andheri Flyover),K/E,31.2,55.0,0.43,4,0.0,Free Flow / Moderate
2024-07-05 09:00:00,RD_WEH_03,Western Express Highway (Andheri to Goregaon Hub),P/S,31.2,55.0,0.43,3,0.0,Free Flow / Moderate
2024-07-05 09:00:00,RD_WEH_04,Western Express Highway (Goregaon to Borivali National Park),R/C,31.1,55.0,0.43,5,0.0,Free Flow / Moderate
2024-07-05 09:00:00,RD_WEH_05,Western Express Highway (Borivali to Dahisar Toll Naka),R/N,30.6,55.0,0.44,3,0.0,Free Flow / Moderate
2024-07-05 09:00:00,RD_SVR_01,Swami Vivekanand (SV) Road (Bandra Lucky Jn to Khar),H/W,21.2,35.0,0.39,3,0.0,Free Flow / Moderate
2024-07-05 09:00:00,RD_SVR_02,SV Road (Santacruz Milan Subway Approach),H/W,19.6,35.0,0.44,2,0.0,Free Flow / Moderate
2024-07-05 09:00:00,RD_SVR_03,SV Road (Vile Parle to Andheri Station West),K/W,18.2,35.0,0.48,5,0.0,Free Flow / Moderate
2024-07-05 09:00:00,RD_SVR_04,SV Road (Andheri Subway Section to Jogeshwari),K/W,21.1,35.0,0.4,3,0.0,Free Flow / Moderate
2024-07-05 09:00:00,RD_SVR_05,SV Road (Goregaon to Malad Subway Jn),P/N,20.6,35.0,0.41,5,0.0,Free Flow / Moderate
2024-07-05 09:00:00,RD_SVR_06,SV Road (Kandivali to Borivali Station West),R/C,20.9,35.0,0.4,5,0.0,Free Flow / Moderate
2024-07-05 09:00:00,RD_LNK_01,New Link Road (Bandra West to Khar Danda),H/W,17.6,35.0,0.5,4,0.0,Congested
2024-07-05 09:00:00,RD_LNK_02,New Link Road (Juhu Circle to Andheri Infinity Mall),K/W,18.0,35.0,0.49,6,0.0,Free Flow / Moderate
2024-07-05 09:00:00,RD_LNK_03,New Link Road (Oshiwara to Goregaon West / Bangur Nagar),P/S,20.4,35.0,0.42,4,0.0,Free Flow / Moderate
2024-07-05 09:00:00,RD_LNK_04,New Link Road (Malad Inorbit to Mith Chowki),P/N,21.2,35.0,0.39,3,0.0,Free Flow / Moderate
2024-07-05 09:00:00,RD_LNK_05,New Link Road (Kandivali to Dahisar Link Road Extension),R/N,21.2,35.0,0.39,6,0.0,Free Flow / Moderate
2024-07-05 09:00:00,RD_EEH_01,Eastern Express Highway (Sion Circle to Priyadarshini Park),F/N,30.6,55.0,0.44,3,0.0,Free Flow / Moderate
2024-07-05 09:00:00,RD_EEH_02,Eastern Express Highway (Kurla Amar Mahal to Ghatkopar),L,29.2,55.0,0.47,4,0.0,Free Flow / Moderate
2024-07-05 09:00:00,RD_EEH_03,Eastern Express Highway (Ghatkopar to Vikhroli / Godrej),N,30.9,55.0,0.44,3,0.0,Free Flow / Moderate
2024-07-05 09:00:00,RD_EEH_04,Eastern Express Highway (Vikhroli to Bhandup / Mulund Toll),T,30.2,55.0,0.45,6,0.0,Free Flow / Moderate
2024-07-05 09:00:00,RD_LBS_01,Lal Bahadur Shastri (LBS) Marg (Sion to Kurla Kamani),L,20.4,35.0,0.42,4,0.0,Free Flow / Moderate
2024-07-05 09:00:00,RD_LBS_02,LBS Marg (Kurla to Ghatkopar Gandhi Nagar),N,19.4,35.0,0.45,5,0.0,Free Flow / Moderate
2024-07-05 09:00:00,RD_LBS_03,LBS Marg (Ghatkopar to Vikhroli / Kanjurmarg),S,18.8,35.0,0.46,6,0.0,Free Flow / Moderate
2024-07-05 09:00:00,RD_LBS_04,LBS Marg (Bhandup to Mulund Check Naka),T,20.4,35.0,0.42,5,0.0,Free Flow / Moderate
2024-07-05 09:00:00,RD_JVL_01,Jogeshwari-Vikhroli Link Road (JVLR - WEH to Powai),K/E,20.3,35.0,0.42,6,0.0,Free Flow / Moderate
2024-07-05 10:00:00,RD_WEH_01,Western Express Highway (Bandra to Santacruz),H/E,30.3,55.0,0.45,4,0.0,Free Flow / Moderate
2024-07-05 10:00:00,RD_WEH_02,Western Express Highway (Santacruz to Andheri Flyover),K/E,32.0,55.0,0.42,4,0.0,Free Flow / Moderate
2024-07-05 10:00:00,RD_WEH_03,Western Express Highway (Andheri to Goregaon Hub),P/S,31.6,55.0,0.43,3,0.0,Free Flow / Moderate
2024-07-05 10:00:00,RD_WEH_04,Western Express Highway (Goregaon to Borivali National Park),R/C,31.0,55.0,0.44,5,0.0,Free Flow / Moderate
2024-07-05 10:00:00,RD_WEH_05,Western Express Highway (Borivali to Dahisar Toll Naka),R/N,30.3,55.0,0.45,3,0.0,Free Flow / Moderate
2024-07-05 10:00:00,RD_SVR_01,Swami Vivekanand (SV) Road (Bandra Lucky Jn to Khar),H/W,20.3,35.0,0.42,3,0.0,Free Flow / Moderate
2024-07-05 10:00:00,RD_SVR_02,SV Road (Santacruz Milan Subway Approach),H/W,18.6,35.0,0.47,3,0.0,Free Flow / Moderate
2024-07-05 10:00:00,RD_SVR_03,SV Road (Vile Parle to Andheri Station West),K/W,20.5,35.0,0.41,4,0.0,Free Flow / Moderate
2024-07-05 10:00:00,RD_SVR_04,SV Road (Andheri Subway Section to Jogeshwari),K/W,19.9,35.0,0.43,3,0.0,Free Flow / Moderate
2024-07-05 10:00:00,RD_SVR_05,SV Road (Goregaon to Malad Subway Jn),P/N,18.9,35.0,0.46,6,0.0,Free Flow / Moderate
2024-07-05 10:00:00,RD_SVR_06,SV Road (Kandivali to Borivali Station West),R/C,20.9,35.0,0.4,5,0.0,Free Flow / Moderate
2024-07-05 10:00:00,RD_LNK_01,New Link Road (Bandra West to Khar Danda),H/W,19.0,35.0,0.46,4,0.0,Free Flow / Moderate
2024-07-05 10:00:00,RD_LNK_02,New Link Road (Juhu Circle to Andheri Infinity Mall),K/W,20.1,35.0,0.43,5,0.0,Free Flow / Moderate
2024-07-05 10:00:00,RD_LNK_03,New Link Road (Oshiwara to Goregaon West / Bangur Nagar),P/S,20.9,35.0,0.4,4,0.0,Free Flow / Moderate
2024-07-05 10:00:00,RD_LNK_04,New Link Road (Malad Inorbit to Mith Chowki),P/N,19.2,35.0,0.45,4,0.0,Free Flow / Moderate
2024-07-05 10:00:00,RD_LNK_05,New Link Road (Kandivali to Dahisar Link Road Extension),R/N,18.4,35.0,0.47,8,0.0,Free Flow / Moderate
2024-07-05 10:00:00,RD_EEH_01,Eastern Express Highway (Sion Circle to Priyadarshini Park),F/N,31.8,55.0,0.42,3,0.0,Free Flow / Moderate
2024-07-05 10:00:00,RD_EEH_02,Eastern Express Highway (Kurla Amar Mahal to Ghatkopar),L,29.9,55.0,0.46,4,0.0,Free Flow / Moderate
2024-07-05 10:00:00,RD_EEH_03,Eastern Express Highway (Ghatkopar to Vikhroli / Godrej),N,28.4,55.0,0.48,4,0.0,Free Flow / Moderate
2024-07-05 10:00:00,RD_EEH_04,Eastern Express Highway (Vikhroli to Bhandup / Mulund Toll),T,29.0,55.0,0.47,6,0.0,Free Flow / Moderate
2024-07-05 10:00:00,RD_LBS_01,Lal Bahadur Shastri (LBS) Marg (Sion to Kurla Kamani),L,17.3,35.0,0.51,6,0.0,Congested
2024-07-05 10:00:00,RD_LBS_02,LBS Marg (Kurla to Ghatkopar Gandhi Nagar),N,20.0,35.0,0.43,5,0.0,Free Flow / Moderate
2024-07-05 10:00:00,RD_LBS_03,LBS Marg (Ghatkopar to Vikhroli / Kanjurmarg),S,19.4,35.0,0.45,6,0.0,Free Flow / Moderate
2024-07-05 10:00:00,RD_LBS_04,LBS Marg (Bhandup to Mulund Check Naka),T,21.2,35.0,0.39,5,0.0,Free Flow / Moderate
2024-07-05 10:00:00,RD_JVL_01,Jogeshwari-Vikhroli Link Road (JVLR - WEH to Powai),K/E,19.0,35.0,0.46,7,0.0,Free Flow / Moderate
2024-07-05 11:00:00,RD_WEH_01,Western Express Highway (Bandra to Santacruz),H/E,28.6,55.0,0.48,4,0.0,Free Flow / Moderate
2024-07-05 11:00:00,RD_WEH_02,Western Express Highway (Santacruz to Andheri Flyover),K/E,29.6,55.0,0.46,4,0.0,Free Flow / Moderate
2024-07-05 11:00:00,RD_WEH_03,Western Express Highway (Andheri to Goregaon Hub),P/S,29.7,55.0,0.46,4,0.0,Free Flow / Moderate
2024-07-05 11:00:00,RD_WEH_04,Western Express Highway (Goregaon to Borivali National Park),R/C,29.3,55.0,0.47,6,0.0,Free Flow / Moderate
2024-07-05 11:00:00,RD_WEH_05,Western Express Highway (Borivali to Dahisar Toll Naka),R/N,30.9,55.0,0.44,3,0.0,Free Flow / Moderate
2024-07-05 11:00:00,RD_SVR_01,Swami Vivekanand (SV) Road (Bandra Lucky Jn to Khar),H/W,19.2,35.0,0.45,4,0.0,Free Flow / Moderate
2024-07-05 11:00:00,RD_SVR_02,SV Road (Santacruz Milan Subway Approach),H/W,20.7,35.0,0.41,2,0.0,Free Flow / Moderate
2024-07-05 11:00:00,RD_SVR_03,SV Road (Vile Parle to Andheri Station West),K/W,17.8,35.0,0.49,5,0.0,Congested
2024-07-05 11:00:00,RD_SVR_04,SV Road (Andheri Subway Section to Jogeshwari),K/W,18.9,35.0,0.46,4,0.0,Free Flow / Moderate
2024-07-05 11:00:00,RD_SVR_05,SV Road (Goregaon to Malad Subway Jn),P/N,19.7,35.0,0.44,5,0.0,Free Flow / Moderate
2024-07-05 11:00:00,RD_SVR_06,SV Road (Kandivali to Borivali Station West),R/C,20.6,35.0,0.41,5,0.0,Free Flow / Moderate
2024-07-05 11:00:00,RD_LNK_01,New Link Road (Bandra West to Khar Danda),H/W,20.3,35.0,0.42,3,0.0,Free Flow / Moderate
2024-07-05 11:00:00,RD_LNK_02,New Link Road (Juhu Circle to Andheri Infinity Mall),K/W,18.6,35.0,0.47,6,0.0,Free Flow / Moderate
2024-07-05 11:00:00,RD_LNK_03,New Link Road (Oshiwara to Goregaon West / Bangur Nagar),P/S,19.6,35.0,0.44,4,0.0,Free Flow / Moderate
2024-07-05 11:00:00,RD_LNK_04,New Link Road (Malad Inorbit to Mith Chowki),P/N,19.1,35.0,0.45,4,0.0,Free Flow / Moderate
2024-07-05 11:00:00,RD_LNK_05,New Link Road (Kandivali to Dahisar Link Road Extension),R/N,20.0,35.0,0.43,7,0.0,Free Flow / Moderate
2024-07-05 11:00:00,RD_EEH_01,Eastern Express Highway (Sion Circle to Priyadarshini Park),F/N,28.8,55.0,0.48,3,0.0,Free Flow / Moderate
2024-07-05 11:00:00,RD_EEH_02,Eastern Express Highway (Kurla Amar Mahal to Ghatkopar),L,28.4,55.0,0.48,4,0.0,Free Flow / Moderate
2024-07-05 11:00:00,RD_EEH_03,Eastern Express Highway (Ghatkopar to Vikhroli / Godrej),N,31.0,55.0,0.44,3,0.0,Free Flow / Moderate
2024-07-05 11:00:00,RD_EEH_04,Eastern Express Highway (Vikhroli to Bhandup / Mulund Toll),T,29.9,55.0,0.46,6,0.0,Free Flow / Moderate
2024-07-05 11:00:00,RD_LBS_01,Lal Bahadur Shastri (LBS) Marg (Sion to Kurla Kamani),L,18.1,35.0,0.48,6,0.0,Free Flow / Moderate
2024-07-05 11:00:00,RD_LBS_02,LBS Marg (Kurla to Ghatkopar Gandhi Nagar),N,17.7,35.0,0.49,6,0.0,Congested
2024-07-05 11:00:00,RD_LBS_03,LBS Marg (Ghatkopar to Vikhroli / Kanjurmarg),S,18.7,35.0,0.47,6,0.0,Free Flow / Moderate
2024-07-05 11:00:00,RD_LBS_04,LBS Marg (Bhandup to Mulund Check Naka),T,18.3,35.0,0.48,7,0.0,Free Flow / Moderate
2024-07-05 11:00:00,RD_JVL_01,Jogeshwari-Vikhroli Link Road (JVLR - WEH to Powai),K/E,17.6,35.0,0.5,9,0.0,Congested
2024-07-05 12:00:00,RD_WEH_01,Western Express Highway (Bandra to Santacruz),H/E,51.3,55.0,0.1,0,0.0,Free Flow / Moderate
2024-07-05 12:00:00,RD_WEH_02,Western Express Highway (Santacruz to Andheri Flyover),K/E,51.4,55.0,0.1,0,0.0,Free Flow / Moderate
2024-07-05 12:00:00,RD_WEH_03,Western Express Highway (Andheri to Goregaon Hub),P/S,49.5,55.0,0.1,0,0.0,Free Flow / Moderate
2024-07-05 12:00:00,RD_WEH_04,Western Express Highway (Goregaon to Borivali National Park),R/C,47.7,55.0,0.13,1,0.0,Free Flow / Moderate
2024-07-05 12:00:00,RD_WEH_05,Western Express Highway (Borivali to Dahisar Toll Naka),R/N,49.4,55.0,0.1,0,0.0,Free Flow / Moderate
2024-07-05 12:00:00,RD_SVR_01,Swami Vivekanand (SV) Road (Bandra Lucky Jn to Khar),H/W,29.8,35.0,0.15,0,0.0,Free Flow / Moderate
2024-07-05 12:00:00,RD_SVR_02,SV Road (Santacruz Milan Subway Approach),H/W,30.6,35.0,0.13,0,0.0,Free Flow / Moderate
2024-07-05 12:00:00,RD_SVR_03,SV Road (Vile Parle to Andheri Station West),K/W,32.1,35.0,0.1,0,0.0,Free Flow / Moderate
2024-07-05 12:00:00,RD_SVR_04,SV Road (Andheri Subway Section to Jogeshwari),K/W,32.6,35.0,0.1,0,0.0,Free Flow / Moderate
2024-07-05 12:00:00,RD_SVR_05,SV Road (Goregaon to Malad Subway Jn),P/N,31.8,35.0,0.1,0,0.0,Free Flow / Moderate
2024-07-05 12:00:00,RD_SVR_06,SV Road (Kandivali to Borivali Station West),R/C,33.3,35.0,0.1,0,0.0,Free Flow / Moderate
2024-07-05 12:00:00,RD_LNK_01,New Link Road (Bandra West to Khar Danda),H/W,31.7,35.0,0.1,0,0.0,Free Flow / Moderate
2024-07-05 12:00:00,RD_LNK_02,New Link Road (Juhu Circle to Andheri Infinity Mall),K/W,30.5,35.0,0.13,1,0.0,Free Flow / Moderate
2024-07-05 12:00:00,RD_LNK_03,New Link Road (Oshiwara to Goregaon West / Bangur Nagar),P/S,29.9,35.0,0.15,1,0.0,Free Flow / Moderate
2024-07-05 12:00:00,RD_LNK_04,New Link Road (Malad Inorbit to Mith Chowki),P/N,31.9,35.0,0.1,0,0.0,Free Flow / Moderate
2024-07-05 12:00:00,RD_LNK_05,New Link Road (Kandivali to Dahisar Link Road Extension),R/N,32.3,35.0,0.1,0,0.0,Free Flow / Moderate
2024-07-05 12:00:00,RD_EEH_01,Eastern Express Highway (Sion Circle to Priyadarshini Park),F/N,47.6,55.0,0.13,0,0.0,Free Flow / Moderate
2024-07-05 12:00:00,RD_EEH_02,Eastern Express Highway (Kurla Amar Mahal to Ghatkopar),L,49.0,55.0,0.11,0,0.0,Free Flow / Moderate
2024-07-05 12:00:00,RD_EEH_03,Eastern Express Highway (Ghatkopar to Vikhroli / Godrej),N,49.7,55.0,0.1,0,0.0,Free Flow / Moderate
2024-07-05 12:00:00,RD_EEH_04,Eastern Express Highway (Vikhroli to Bhandup / Mulund Toll),T,50.7,55.0,0.1,0,0.0,Free Flow / Moderate
2024-07-05 12:00:00,RD_LBS_01,Lal Bahadur Shastri (LBS) Marg (Sion to Kurla Kamani),L,32.0,35.0,0.1,0,0.0,Free Flow / Moderate
2024-07-05 12:00:00,RD_LBS_02,LBS Marg (Kurla to Ghatkopar Gandhi Nagar),N,31.2,35.0,0.11,0,0.0,Free Flow / Moderate
2024-07-05 12:00:00,RD_LBS_03,LBS Marg (Ghatkopar to Vikhroli / Kanjurmarg),S,29.7,35.0,0.15,1,0.0,Free Flow / Moderate
2024-07-05 12:00:00,RD_LBS_04,LBS Marg (Bhandup to Mulund Check Naka),T,32.3,35.0,0.1,0,0.0,Free Flow / Moderate
2024-07-05 12:00:00,RD_JVL_01,Jogeshwari-Vikhroli Link Road (JVLR - WEH to Powai),K/E,31.7,35.0,0.1,0,0.0,Free Flow / Moderate
2024-07-05 13:00:00,RD_WEH_01,Western Express Highway (Bandra to Santacruz),H/E,50.9,55.0,0.1,0,0.0,Free Flow / Moderate
2024-07-05 13:00:00,RD_WEH_02,Western Express Highway (Santacruz to Andheri Flyover),K/E,50.7,55.0,0.1,0,0.0,Free Flow / Moderate
2024-07-05 13:00:00,RD_WEH_03,Western Express Highway (Andheri to Goregaon Hub),P/S,48.0,55.0,0.13,0,0.0,Free Flow / Moderate
2024-07-05 13:00:00,RD_WEH_04,Western Express Highway (Goregaon to Borivali National Park),R/C,50.5,55.0,0.1,0,0.0,Free Flow / Moderate
2024-07-05 13:00:00,RD_WEH_05,Western Express Highway (Borivali to Dahisar Toll Naka),R/N,49.6,55.0,0.1,0,0.0,Free Flow / Moderate
2024-07-05 13:00:00,RD_SVR_01,Swami Vivekanand (SV) Road (Bandra Lucky Jn to Khar),H/W,31.9,35.0,0.1,0,0.0,Free Flow / Moderate
2024-07-05 13:00:00,RD_SVR_02,SV Road (Santacruz Milan Subway Approach),H/W,29.6,35.0,0.15,0,0.0,Free Flow / Moderate
2024-07-05 13:00:00,RD_SVR_03,SV Road (Vile Parle to Andheri Station West),K/W,32.8,35.0,0.1,0,0.0,Free Flow / Moderate
2024-07-05 13:00:00,RD_SVR_04,SV Road (Andheri Subway Section to Jogeshwari),K/W,32.6,35.0,0.1,0,0.0,Free Flow / Moderate
2024-07-05 13:00:00,RD_SVR_05,SV Road (Goregaon to Malad Subway Jn),P/N,32.6,35.0,0.1,0,0.0,Free Flow / Moderate
2024-07-05 13:00:00,RD_SVR_06,SV Road (Kandivali to Borivali Station West),R/C,30.0,35.0,0.14,1,0.0,Free Flow / Moderate
2024-07-05 13:00:00,RD_LNK_01,New Link Road (Bandra West to Khar Danda),H/W,31.4,35.0,0.1,0,0.0,Free Flow / Moderate
2024-07-05 13:00:00,RD_LNK_02,New Link Road (Juhu Circle to Andheri Infinity Mall),K/W,30.4,35.0,0.13,1,0.0,Free Flow / Moderate
2024-07-05 13:00:00,RD_LNK_03,New Link Road (Oshiwara to Goregaon West / Bangur Nagar),P/S,29.6,35.0,0.15,1,0.0,Free Flow / Moderate
2024-07-05 13:00:00,RD_LNK_04,New Link Road (Malad Inorbit to Mith Chowki),P/N,29.7,35.0,0.15,0,0.0,Free Flow / Moderate
2024-07-05 13:00:00,RD_LNK_05,New Link Road (Kandivali to Dahisar Link Road Extension),R/N,31.2,35.0,0.11,1,0.0,Free Flow / Moderate
2024-07-05 13:00:00,RD_EEH_01,Eastern Express Highway (Sion Circle to Priyadarshini Park),F/N,49.0,55.0,0.11,0,0.0,Free Flow / Moderate
2024-07-05 13:00:00,RD_EEH_02,Eastern Express Highway (Kurla Amar Mahal to Ghatkopar),L,48.6,55.0,0.12,0,0.0,Free Flow / Moderate
2024-07-05 13:00:00,RD_EEH_03,Eastern Express Highway (Ghatkopar to Vikhroli / Godrej),N,51.1,55.0,0.1,0,0.0,Free Flow / Moderate
2024-07-05 13:00:00,RD_EEH_04,Eastern Express Highway (Vikhroli to Bhandup / Mulund Toll),T,48.2,55.0,0.12,1,0.0,Free Flow / Moderate
2024-07-05 13:00:00,RD_LBS_01,Lal Bahadur Shastri (LBS) Marg (Sion to Kurla Kamani),L,31.4,35.0,0.1,0,0.0,Free Flow / Moderate
2024-07-05 13:00:00,RD_LBS_02,LBS Marg (Kurla to Ghatkopar Gandhi Nagar),N,29.7,35.0,0.15,1,0.0,Free Flow / Moderate
2024-07-05 13:00:00,RD_LBS_03,LBS Marg (Ghatkopar to Vikhroli / Kanjurmarg),S,29.8,35.0,0.15,1,0.0,Free Flow / Moderate
2024-07-05 13:00:00,RD_LBS_04,LBS Marg (Bhandup to Mulund Check Naka),T,29.6,35.0,0.15,1,0.0,Free Flow / Moderate
2024-07-05 13:00:00,RD_JVL_01,Jogeshwari-Vikhroli Link Road (JVLR - WEH to Powai),K/E,30.5,35.0,0.13,1,0.0,Free Flow / Moderate
2024-07-05 14:00:00,RD_WEH_01,Western Express Highway (Bandra to Santacruz),H/E,49.5,55.0,0.1,0,0.0,Free Flow / Moderate
2024-07-05 14:00:00,RD_WEH_02,Western Express Highway (Santacruz to Andheri Flyover),K/E,49.4,55.0,0.1,0,0.0,Free Flow / Moderate
2024-07-05 14:00:00,RD_WEH_03,Western Express Highway (Andheri to Goregaon Hub),P/S,47.9,55.0,0.13,0,0.0,Free Flow / Moderate
2024-07-05 14:00:00,RD_WEH_04,Western Express Highway (Goregaon to Borivali National Park),R/C,48.1,55.0,0.13,1,0.0,Free Flow / Moderate
2024-07-05 14:00:00,RD_WEH_05,Western Express Highway (Borivali to Dahisar Toll Naka),R/N,50.3,55.0,0.1,0,0.0,Free Flow / Moderate
2024-07-05 14:00:00,RD_SVR_01,Swami Vivekanand (SV) Road (Bandra Lucky Jn to Khar),H/W,31.2,35.0,0.11,0,0.0,Free Flow / Moderate
2024-07-05 14:00:00,RD_SVR_02,SV Road (Santacruz Milan Subway Approach),H/W,29.7,35.0,0.15,0,0.0,Free Flow / Moderate
2024-07-05 14:00:00,RD_SVR_03,SV Road (Vile Parle to Andheri Station West),K/W,29.7,35.0,0.15,1,0.0,Free Flow / Moderate
2024-07-05 14:00:00,RD_SVR_04,SV Road (Andheri Subway Section to Jogeshwari),K/W,32.2,35.0,0.1,0,0.0,Free Flow / Moderate
2024-07-05 14:00:00,RD_SVR_05,SV Road (Goregaon to Malad Subway Jn),P/N,30.0,35.0,0.14,1,0.0,Free Flow / Moderate
2024-07-05 14:00:00,RD_SVR_06,SV Road (Kandivali to Borivali Station West),R/C,30.2,35.0,0.14,1,0.0,Free Flow / Moderate
2024-07-05 14:00:00,RD_LNK_01,New Link Road (Bandra West to Khar Danda),H/W,30.5,35.0,0.13,0,0.0,Free Flow / Moderate
2024-07-05 14:00:00,RD_LNK_02,New Link Road (Juhu Circle to Andheri Infinity Mall),K/W,31.8,35.0,0.1,0,0.0,Free Flow / Moderate
2024-07-05 14:00:00,RD_LNK_03,New Link Road (Oshiwara to Goregaon West / Bangur Nagar),P/S,33.0,35.0,0.1,0,0.0,Free Flow / Moderate
2024-07-05 14:00:00,RD_LNK_04,New Link Road (Malad Inorbit to Mith Chowki),P/N,29.7,35.0,0.15,0,0.0,Free Flow / Moderate
2024-07-05 14:00:00,RD_LNK_05,New Link Road (Kandivali to Dahisar Link Road Extension),R/N,33.4,35.0,0.1,0,0.0,Free Flow / Moderate
2024-07-05 14:00:00,RD_EEH_01,Eastern Express Highway (Sion Circle to Priyadarshini Park),F/N,50.7,55.0,0.1,0,0.0,Free Flow / Moderate
2024-07-05 14:00:00,RD_EEH_02,Eastern Express Highway (Kurla Amar Mahal to Ghatkopar),L,49.5,55.0,0.1,0,0.0,Free Flow / Moderate
2024-07-05 14:00:00,RD_EEH_03,Eastern Express Highway (Ghatkopar to Vikhroli / Godrej),N,49.4,55.0,0.1,0,0.0,Free Flow / Moderate
2024-07-05 14:00:00,RD_EEH_04,Eastern Express Highway (Vikhroli to Bhandup / Mulund Toll),T,50.5,55.0,0.1,0,0.0,Free Flow / Moderate
2024-07-05 14:00:00,RD_LBS_01,Lal Bahadur Shastri (LBS) Marg (Sion to Kurla Kamani),L,30.2,35.0,0.14,1,0.0,Free Flow / Moderate
2024-07-05 14:00:00,RD_LBS_02,LBS Marg (Kurla to Ghatkopar Gandhi Nagar),N,30.1,35.0,0.14,1,0.0,Free Flow / Moderate
2024-07-05 14:00:00,RD_LBS_03,LBS Marg (Ghatkopar to Vikhroli / Kanjurmarg),S,29.9,35.0,0.15,1,0.0,Free Flow / Moderate
2024-07-05 14:00:00,RD_LBS_04,LBS Marg (Bhandup to Mulund Check Naka),T,33.1,35.0,0.1,0,0.0,Free Flow / Moderate
2024-07-05 14:00:00,RD_JVL_01,Jogeshwari-Vikhroli Link Road (JVLR - WEH to Powai),K/E,33.1,35.0,0.1,0,0.0,Free Flow / Moderate
2024-07-05 15:00:00,RD_WEH_01,Western Express Highway (Bandra to Santacruz),H/E,48.7,55.0,0.11,0,0.0,Free Flow / Moderate
2024-07-05 15:00:00,RD_WEH_02,Western Express Highway (Santacruz to Andheri Flyover),K/E,48.1,55.0,0.13,0,0.0,Free Flow / Moderate
2024-07-05 15:00:00,RD_WEH_03,Western Express Highway (Andheri to Goregaon Hub),P/S,47.5,55.0,0.14,0,0.0,Free Flow / Moderate
2024-07-05 15:00:00,RD_WEH_04,Western Express Highway (Goregaon to Borivali National Park),R/C,47.9,55.0,0.13,1,0.0,Free Flow / Moderate
2024-07-05 15:00:00,RD_WEH_05,Western Express Highway (Borivali to Dahisar Toll Naka),R/N,49.4,55.0,0.1,0,0.0,Free Flow / Moderate
2024-07-05 15:00:00,RD_SVR_01,Swami Vivekanand (SV) Road (Bandra Lucky Jn to Khar),H/W,29.6,35.0,0.15,1,0.0,Free Flow / Moderate
2024-07-05 15:00:00,RD_SVR_02,SV Road (Santacruz Milan Subway Approach),H/W,32.0,35.0,0.1,0,0.0,Free Flow / Moderate
2024-07-05 15:00:00,RD_SVR_03,SV Road (Vile Parle to Andheri Station West),K/W,33.0,35.0,0.1,0,0.0,Free Flow / Moderate
2024-07-05 15:00:00,RD_SVR_04,SV Road (Andheri Subway Section to Jogeshwari),K/W,32.5,35.0,0.1,0,0.0,Free Flow / Moderate
2024-07-05 15:00:00,RD_SVR_05,SV Road (Goregaon to Malad Subway Jn),P/N,32.7,35.0,0.1,0,0.0,Free Flow / Moderate
2024-07-05 15:00:00,RD_SVR_06,SV Road (Kandivali to Borivali Station West),R/C,30.6,35.0,0.13,1,0.0,Free Flow / Moderate
2024-07-05 15:00:00,RD_LNK_01,New Link Road (Bandra West to Khar Danda),H/W,30.6,35.0,0.13,0,0.0,Free Flow / Moderate
2024-07-05 15:00:00,RD_LNK_02,New Link Road (Juhu Circle to Andheri Infinity Mall),K/W,31.7,35.0,0.1,0,0.0,Free Flow / Moderate
2024-07-05 15:00:00,RD_LNK_03,New Link Road (Oshiwara to Goregaon West / Bangur Nagar),P/S,30.1,35.0,0.14,1,0.0,Free Flow / Moderate
2024-07-05 15:00:00,RD_LNK_04,New Link Road (Malad Inorbit to Mith Chowki),P/N,31.5,35.0,0.1,0,0.0,Free Flow / Moderate
2024-07-05 15:00:00,RD_LNK_05,New Link Road (Kandivali to Dahisar Link Road Extension),R/N,30.4,35.0,0.13,1,0.0,Free Flow / Moderate
2024-07-05 15:00:00,RD_EEH_01,Eastern Express Highway (Sion Circle to Priyadarshini Park),F/N,48.9,55.0,0.11,0,0.0,Free Flow / Moderate
2024-07-05 15:00:00,RD_EEH_02,Eastern Express Highway (Kurla Amar Mahal to Ghatkopar),L,47.5,55.0,0.14,0,0.0,Free Flow / Moderate
2024-07-05 15:00:00,RD_EEH_03,Eastern Express Highway (Ghatkopar to Vikhroli / Godrej),N,51.3,55.0,0.1,0,0.0,Free Flow / Moderate
2024-07-05 15:00:00,RD_EEH_04,Eastern Express Highway (Vikhroli to Bhandup / Mulund Toll),T,51.0,55.0,0.1,0,0.0,Free Flow / Moderate
2024-07-05 15:00:00,RD_LBS_01,Lal Bahadur Shastri (LBS) Marg (Sion to Kurla Kamani),L,30.7,35.0,0.12,0,0.0,Free Flow / Moderate
2024-07-05 15:00:00,RD_LBS_02,LBS Marg (Kurla to Ghatkopar Gandhi Nagar),N,29.6,35.0,0.15,1,0.0,Free Flow / Moderate
2024-07-05 15:00:00,RD_LBS_03,LBS Marg (Ghatkopar to Vikhroli / Kanjurmarg),S,33.0,35.0,0.1,0,0.0,Free Flow / Moderate
2024-07-05 15:00:00,RD_LBS_04,LBS Marg (Bhandup to Mulund Check Naka),T,30.1,35.0,0.14,1,0.0,Free Flow / Moderate
2024-07-05 15:00:00,RD_JVL_01,Jogeshwari-Vikhroli Link Road (JVLR - WEH to Powai),K/E,30.7,35.0,0.12,1,0.0,Free Flow / Moderate
2024-07-05 16:00:00,RD_WEH_01,Western Express Highway (Bandra to Santacruz),H/E,48.0,55.0,0.13,0,0.0,Free Flow / Moderate
2024-07-05 16:00:00,RD_WEH_02,Western Express Highway (Santacruz to Andheri Flyover),K/E,50.6,55.0,0.1,0,0.0,Free Flow / Moderate
2024-07-05 16:00:00,RD_WEH_03,Western Express Highway (Andheri to Goregaon Hub),P/S,51.5,55.0,0.1,0,0.0,Free Flow / Moderate
2024-07-05 16:00:00,RD_WEH_04,Western Express Highway (Goregaon to Borivali National Park),R/C,48.9,55.0,0.11,0,0.0,Free Flow / Moderate
2024-07-05 16:00:00,RD_WEH_05,Western Express Highway (Borivali to Dahisar Toll Naka),R/N,50.2,55.0,0.1,0,0.0,Free Flow / Moderate
2024-07-05 16:00:00,RD_SVR_01,Swami Vivekanand (SV) Road (Bandra Lucky Jn to Khar),H/W,31.5,35.0,0.1,0,0.0,Free Flow / Moderate
2024-07-05 16:00:00,RD_SVR_02,SV Road (Santacruz Milan Subway Approach),H/W,32.1,35.0,0.1,0,0.0,Free Flow / Moderate
2024-07-05 16:00:00,RD_SVR_03,SV Road (Vile Parle to Andheri Station West),K/W,33.1,35.0,0.1,0,0.0,Free Flow / Moderate
2024-07-05 16:00:00,RD_SVR_04,SV Road (Andheri Subway Section to Jogeshwari),K/W,32.7,35.0,0.1,0,0.0,Free Flow / Moderate
2024-07-05 16:00:00,RD_SVR_05,SV Road (Goregaon to Malad Subway Jn),P/N,31.1,35.0,0.11,0,0.0,Free Flow / Moderate
2024-07-05 16:00:00,RD_SVR_06,SV Road (Kandivali to Borivali Station West),R/C,32.7,35.0,0.1,0,0.0,Free Flow / Moderate
2024-07-05 16:00:00,RD_LNK_01,New Link Road (Bandra West to Khar Danda),H/W,32.4,35.0,0.1,0,0.0,Free Flow / Moderate
2024-07-05 16:00:00,RD_LNK_02,New Link Road (Juhu Circle to Andheri Infinity Mall),K/W,31.0,35.0,0.11,0,0.0,Free Flow / Moderate
2024-07-05 16:00:00,RD_LNK_03,New Link Road (Oshiwara to Goregaon West / Bangur Nagar),P/S,30.8,35.0,0.12,0,0.0,Free Flow / Moderate
2024-07-05 16:00:00,RD_LNK_04,New Link Road (Malad Inorbit to Mith Chowki),P/N,32.8,35.0,0.1,0,0.0,Free Flow / Moderate
2024-07-05 16:00:00,RD_LNK_05,New Link Road (Kandivali to Dahisar Link Road Extension),R/N,30.8,35.0,0.12,1,0.0,Free Flow / Moderate
2024-07-05 16:00:00,RD_EEH_01,Eastern Express Highway (Sion Circle to Priyadarshini Park),F/N,50.3,55.0,0.1,0,0.0,Free Flow / Moderate
2024-07-05 16:00:00,RD_EEH_02,Eastern Express Highway (Kurla Amar Mahal to Ghatkopar),L,47.6,55.0,0.13,0,0.0,Free Flow / Moderate
2024-07-05 16:00:00,RD_EEH_03,Eastern Express Highway (Ghatkopar to Vikhroli / Godrej),N,49.4,55.0,0.1,0,0.0,Free Flow / Moderate
2024-07-05 16:00:00,RD_EEH_04,Eastern Express Highway (Vikhroli to Bhandup / Mulund Toll),T,50.9,55.0,0.1,0,0.0,Free Flow / Moderate
2024-07-05 16:00:00,RD_LBS_01,Lal Bahadur Shastri (LBS) Marg (Sion to Kurla Kamani),L,31.4,35.0,0.1,0,0.0,Free Flow / Moderate
2024-07-05 16:00:00,RD_LBS_02,LBS Marg (Kurla to Ghatkopar Gandhi Nagar),N,32.9,35.0,0.1,0,0.0,Free Flow / Moderate
2024-07-05 16:00:00,RD_LBS_03,LBS Marg (Ghatkopar to Vikhroli / Kanjurmarg),S,33.3,35.0,0.1,0,0.0,Free Flow / Moderate
2024-07-05 16:00:00,RD_LBS_04,LBS Marg (Bhandup to Mulund Check Naka),T,31.4,35.0,0.1,0,0.0,Free Flow / Moderate
2024-07-05 16:00:00,RD_JVL_01,Jogeshwari-Vikhroli Link Road (JVLR - WEH to Powai),K/E,31.8,35.0,0.1,0,0.0,Free Flow / Moderate
2024-07-05 17:00:00,RD_WEH_01,Western Express Highway (Bandra to Santacruz),H/E,31.4,55.0,0.43,3,0.0,Free Flow / Moderate
2024-07-05 17:00:00,RD_WEH_02,Western Express Highway (Santacruz to Andheri Flyover),K/E,30.1,55.0,0.45,4,0.0,Free Flow / Moderate
2024-07-05 17:00:00,RD_WEH_03,Western Express Highway (Andheri to Goregaon Hub),P/S,31.8,55.0,0.42,3,0.0,Free Flow / Moderate
2024-07-05 17:00:00,RD_WEH_04,Western Express Highway (Goregaon to Borivali National Park),R/C,28.8,55.0,0.48,6,0.0,Free Flow / Moderate
2024-07-05 17:00:00,RD_WEH_05,Western Express Highway (Borivali to Dahisar Toll Naka),R/N,32.2,55.0,0.41,3,0.0,Free Flow / Moderate
2024-07-05 17:00:00,RD_SVR_01,Swami Vivekanand (SV) Road (Bandra Lucky Jn to Khar),H/W,20.1,35.0,0.43,4,0.0,Free Flow / Moderate
2024-07-05 17:00:00,RD_SVR_02,SV Road (Santacruz Milan Subway Approach),H/W,20.8,35.0,0.41,2,0.0,Free Flow / Moderate
2024-07-05 17:00:00,RD_SVR_03,SV Road (Vile Parle to Andheri Station West),K/W,17.3,35.0,0.51,6,0.0,Congested
2024-07-05 17:00:00,RD_SVR_04,SV Road (Andheri Subway Section to Jogeshwari),K/W,19.1,35.0,0.45,4,0.0,Free Flow / Moderate
2024-07-05 17:00:00,RD_SVR_05,SV Road (Goregaon to Malad Subway Jn),P/N,17.7,35.0,0.49,7,0.0,Congested
2024-07-05 17:00:00,RD_SVR_06,SV Road (Kandivali to Borivali Station West),R/C,18.2,35.0,0.48,7,0.0,Free Flow / Moderate
2024-07-05 17:00:00,RD_LNK_01,New Link Road (Bandra West to Khar Danda),H/W,20.1,35.0,0.43,3,0.0,Free Flow / Moderate
2024-07-05 17:00:00,RD_LNK_02,New Link Road (Juhu Circle to Andheri Infinity Mall),K/W,19.0,35.0,0.46,5,0.0,Free Flow / Moderate
2024-07-05 17:00:00,RD_LNK_03,New Link Road (Oshiwara to Goregaon West / Bangur Nagar),P/S,17.6,35.0,0.5,6,0.0,Congested
2024-07-05 17:00:00,RD_LNK_04,New Link Road (Malad Inorbit to Mith Chowki),P/N,18.7,35.0,0.47,4,0.0,Free Flow / Moderate
2024-07-05 17:00:00,RD_LNK_05,New Link Road (Kandivali to Dahisar Link Road Extension),R/N,18.0,35.0,0.49,9,0.0,Free Flow / Moderate
2024-07-05 17:00:00,RD_EEH_01,Eastern Express Highway (Sion Circle to Priyadarshini Park),F/N,30.5,55.0,0.45,3,0.0,Free Flow / Moderate
2024-07-05 17:00:00,RD_EEH_02,Eastern Express Highway (Kurla Amar Mahal to Ghatkopar),L,31.4,55.0,0.43,3,0.0,Free Flow / Moderate
2024-07-05 17:00:00,RD_EEH_03,Eastern Express Highway (Ghatkopar to Vikhroli / Godrej),N,31.8,55.0,0.42,3,0.0,Free Flow / Moderate
2024-07-05 17:00:00,RD_EEH_04,Eastern Express Highway (Vikhroli to Bhandup / Mulund Toll),T,29.7,55.0,0.46,6,0.0,Free Flow / Moderate
2024-07-05 17:00:00,RD_LBS_01,Lal Bahadur Shastri (LBS) Marg (Sion to Kurla Kamani),L,20.2,35.0,0.42,4,0.0,Free Flow / Moderate
2024-07-05 17:00:00,RD_LBS_02,LBS Marg (Kurla to Ghatkopar Gandhi Nagar),N,19.6,35.0,0.44,5,0.0,Free Flow / Moderate
2024-07-05 17:00:00,RD_LBS_03,LBS Marg (Ghatkopar to Vikhroli / Kanjurmarg),S,19.5,35.0,0.44,6,0.0,Free Flow / Moderate
2024-07-05 17:00:00,RD_LBS_04,LBS Marg (Bhandup to Mulund Check Naka),T,20.0,35.0,0.43,6,0.0,Free Flow / Moderate
2024-07-05 17:00:00,RD_JVL_01,Jogeshwari-Vikhroli Link Road (JVLR - WEH to Powai),K/E,19.0,35.0,0.46,7,0.0,Free Flow / Moderate
2024-07-05 18:00:00,RD_WEH_01,Western Express Highway (Bandra to Santacruz),H/E,28.5,55.0,0.48,4,0.0,Free Flow / Moderate
2024-07-05 18:00:00,RD_WEH_02,Western Express Highway (Santacruz to Andheri Flyover),K/E,32.2,55.0,0.41,4,0.0,Free Flow / Moderate
2024-07-05 18:00:00,RD_WEH_03,Western Express Highway (Andheri to Goregaon Hub),P/S,28.8,55.0,0.48,4,0.0,Free Flow / Moderate
2024-07-05 18:00:00,RD_WEH_04,Western Express Highway (Goregaon to Borivali National Park),R/C,29.4,55.0,0.47,6,0.0,Free Flow / Moderate
2024-07-05 18:00:00,RD_WEH_05,Western Express Highway (Borivali to Dahisar Toll Naka),R/N,28.6,55.0,0.48,4,0.0,Free Flow / Moderate
2024-07-05 18:00:00,RD_SVR_01,Swami Vivekanand (SV) Road (Bandra Lucky Jn to Khar),H/W,17.5,35.0,0.5,5,0.0,Congested
2024-07-05 18:00:00,RD_SVR_02,SV Road (Santacruz Milan Subway Approach),H/W,18.3,35.0,0.48,3,0.0,Free Flow / Moderate
2024-07-05 18:00:00,RD_SVR_03,SV Road (Vile Parle to Andheri Station West),K/W,18.1,35.0,0.48,5,0.0,Free Flow / Moderate
2024-07-05 18:00:00,RD_SVR_04,SV Road (Andheri Subway Section to Jogeshwari),K/W,17.8,35.0,0.49,4,0.0,Congested
2024-07-05 18:00:00,RD_SVR_05,SV Road (Goregaon to Malad Subway Jn),P/N,20.2,35.0,0.42,5,0.0,Free Flow / Moderate
2024-07-05 18:00:00,RD_SVR_06,SV Road (Kandivali to Borivali Station West),R/C,18.4,35.0,0.47,7,0.0,Free Flow / Moderate
2024-07-05 18:00:00,RD_LNK_01,New Link Road (Bandra West to Khar Danda),H/W,17.5,35.0,0.5,4,0.0,Congested
2024-07-05 18:00:00,RD_LNK_02,New Link Road (Juhu Circle to Andheri Infinity Mall),K/W,19.7,35.0,0.44,5,0.0,Free Flow / Moderate
2024-07-05 18:00:00,RD_LNK_03,New Link Road (Oshiwara to Goregaon West / Bangur Nagar),P/S,17.5,35.0,0.5,6,0.0,Congested
2024-07-05 18:00:00,RD_LNK_04,New Link Road (Malad Inorbit to Mith Chowki),P/N,20.8,35.0,0.41,3,0.0,Free Flow / Moderate
2024-07-05 18:00:00,RD_LNK_05,New Link Road (Kandivali to Dahisar Link Road Extension),R/N,19.9,35.0,0.43,7,0.0,Free Flow / Moderate
2024-07-05 18:00:00,RD_EEH_01,Eastern Express Highway (Sion Circle to Priyadarshini Park),F/N,31.3,55.0,0.43,3,0.0,Free Flow / Moderate
2024-07-05 18:00:00,RD_EEH_02,Eastern Express Highway (Kurla Amar Mahal to Ghatkopar),L,30.6,55.0,0.44,3,0.0,Free Flow / Moderate
2024-07-05 18:00:00,RD_EEH_03,Eastern Express Highway (Ghatkopar to Vikhroli / Godrej),N,29.0,55.0,0.47,4,0.0,Free Flow / Moderate
2024-07-05 18:00:00,RD_EEH_04,Eastern Express Highway (Vikhroli to Bhandup / Mulund Toll),T,30.9,55.0,0.44,5,0.0,Free Flow / Moderate
2024-07-05 18:00:00,RD_LBS_01,Lal Bahadur Shastri (LBS) Marg (Sion to Kurla Kamani),L,19.5,35.0,0.44,5,0.0,Free Flow / Moderate
2024-07-05 18:00:00,RD_LBS_02,LBS Marg (Kurla to Ghatkopar Gandhi Nagar),N,18.1,35.0,0.48,6,0.0,Free Flow / Moderate
2024-07-05 18:00:00,RD_LBS_03,LBS Marg (Ghatkopar to Vikhroli / Kanjurmarg),S,19.3,35.0,0.45,6,0.0,Free Flow / Moderate
2024-07-05 18:00:00,RD_LBS_04,LBS Marg (Bhandup to Mulund Check Naka),T,21.1,35.0,0.4,5,0.0,Free Flow / Moderate
2024-07-05 18:00:00,RD_JVL_01,Jogeshwari-Vikhroli Link Road (JVLR - WEH to Powai),K/E,20.5,35.0,0.41,6,0.0,Free Flow / Moderate
2024-07-05 19:00:00,RD_WEH_01,Western Express Highway (Bandra to Santacruz),H/E,31.6,55.0,0.43,3,0.0,Free Flow / Moderate
2024-07-05 19:00:00,RD_WEH_02,Western Express Highway (Santacruz to Andheri Flyover),K/E,29.6,55.0,0.46,4,0.0,Free Flow / Moderate
2024-07-05 19:00:00,RD_WEH_03,Western Express Highway (Andheri to Goregaon Hub),P/S,29.8,55.0,0.46,4,0.0,Free Flow / Moderate
2024-07-05 19:00:00,RD_WEH_04,Western Express Highway (Goregaon to Borivali National Park),R/C,29.7,55.0,0.46,6,0.0,Free Flow / Moderate
2024-07-05 19:00:00,RD_WEH_05,Western Express Highway (Borivali to Dahisar Toll Naka),R/N,30.7,55.0,0.44,3,0.0,Free Flow / Moderate
2024-07-05 19:00:00,RD_SVR_01,Swami Vivekanand (SV) Road (Bandra Lucky Jn to Khar),H/W,19.1,35.0,0.45,4,0.0,Free Flow / Moderate
2024-07-05 19:00:00,RD_SVR_02,SV Road (Santacruz Milan Subway Approach),H/W,19.6,35.0,0.44,2,0.0,Free Flow / Moderate
2024-07-05 19:00:00,RD_SVR_03,SV Road (Vile Parle to Andheri Station West),K/W,18.4,35.0,0.47,5,0.0,Free Flow / Moderate
2024-07-05 19:00:00,RD_SVR_04,SV Road (Andheri Subway Section to Jogeshwari),K/W,17.6,35.0,0.5,5,0.0,Congested
2024-07-05 19:00:00,RD_SVR_05,SV Road (Goregaon to Malad Subway Jn),P/N,19.0,35.0,0.46,6,0.0,Free Flow / Moderate
2024-07-05 19:00:00,RD_SVR_06,SV Road (Kandivali to Borivali Station West),R/C,17.9,35.0,0.49,7,0.0,Congested
2024-07-05 19:00:00,RD_LNK_01,New Link Road (Bandra West to Khar Danda),H/W,19.8,35.0,0.43,3,0.0,Free Flow / Moderate
2024-07-05 19:00:00,RD_LNK_02,New Link Road (Juhu Circle to Andheri Infinity Mall),K/W,19.3,35.0,0.45,5,0.0,Free Flow / Moderate
2024-07-05 19:00:00,RD_LNK_03,New Link Road (Oshiwara to Goregaon West / Bangur Nagar),P/S,20.7,35.0,0.41,4,0.0,Free Flow / Moderate
2024-07-05 19:00:00,RD_LNK_04,New Link Road (Malad Inorbit to Mith Chowki),P/N,19.9,35.0,0.43,4,0.0,Free Flow / Moderate
2024-07-05 19:00:00,RD_LNK_05,New Link Road (Kandivali to Dahisar Link Road Extension),R/N,17.4,35.0,0.5,10,0.0,Congested
2024-07-05 19:00:00,RD_EEH_01,Eastern Express Highway (Sion Circle to Priyadarshini Park),F/N,31.0,55.0,0.44,3,0.0,Free Flow / Moderate
2024-07-05 19:00:00,RD_EEH_02,Eastern Express Highway (Kurla Amar Mahal to Ghatkopar),L,31.4,55.0,0.43,3,0.0,Free Flow / Moderate
2024-07-05 19:00:00,RD_EEH_03,Eastern Express Highway (Ghatkopar to Vikhroli / Godrej),N,29.7,55.0,0.46,3,0.0,Free Flow / Moderate
2024-07-05 19:00:00,RD_EEH_04,Eastern Express Highway (Vikhroli to Bhandup / Mulund Toll),T,28.8,55.0,0.48,6,0.0,Free Flow / Moderate
2024-07-05 19:00:00,RD_LBS_01,Lal Bahadur Shastri (LBS) Marg (Sion to Kurla Kamani),L,20.9,35.0,0.4,4,0.0,Free Flow / Moderate
2024-07-05 19:00:00,RD_LBS_02,LBS Marg (Kurla to Ghatkopar Gandhi Nagar),N,18.4,35.0,0.47,6,0.0,Free Flow / Moderate
2024-07-05 19:00:00,RD_LBS_03,LBS Marg (Ghatkopar to Vikhroli / Kanjurmarg),S,17.9,35.0,0.49,7,0.0,Congested
2024-07-05 19:00:00,RD_LBS_04,LBS Marg (Bhandup to Mulund Check Naka),T,18.4,35.0,0.47,7,0.0,Free Flow / Moderate
2024-07-05 19:00:00,RD_JVL_01,Jogeshwari-Vikhroli Link Road (JVLR - WEH to Powai),K/E,17.4,35.0,0.5,9,0.0,Congested
2024-07-05 20:00:00,RD_WEH_01,Western Express Highway (Bandra to Santacruz),H/E,28.4,55.0,0.48,4,0.0,Free Flow / Moderate
2024-07-05 20:00:00,RD_WEH_02,Western Express Highway (Santacruz to Andheri Flyover),K/E,30.4,55.0,0.45,4,0.0,Free Flow / Moderate
2024-07-05 20:00:00,RD_WEH_03,Western Express Highway (Andheri to Goregaon Hub),P/S,29.6,55.0,0.46,4,0.0,Free Flow / Moderate
2024-07-05 20:00:00,RD_WEH_04,Western Express Highway (Goregaon to Borivali National Park),R/C,30.0,55.0,0.45,5,0.0,Free Flow / Moderate
2024-07-05 20:00:00,RD_WEH_05,Western Express Highway (Borivali to Dahisar Toll Naka),R/N,31.3,55.0,0.43,3,0.0,Free Flow / Moderate
2024-07-05 20:00:00,RD_SVR_01,Swami Vivekanand (SV) Road (Bandra Lucky Jn to Khar),H/W,19.9,35.0,0.43,4,0.0,Free Flow / Moderate
2024-07-05 20:00:00,RD_SVR_02,SV Road (Santacruz Milan Subway Approach),H/W,20.2,35.0,0.42,2,0.0,Free Flow / Moderate
2024-07-05 20:00:00,RD_SVR_03,SV Road (Vile Parle to Andheri Station West),K/W,19.9,35.0,0.43,4,0.0,Free Flow / Moderate
2024-07-05 20:00:00,RD_SVR_04,SV Road (Andheri Subway Section to Jogeshwari),K/W,20.7,35.0,0.41,3,0.0,Free Flow / Moderate
2024-07-05 20:00:00,RD_SVR_05,SV Road (Goregaon to Malad Subway Jn),P/N,18.6,35.0,0.47,6,0.0,Free Flow / Moderate
2024-07-05 20:00:00,RD_SVR_06,SV Road (Kandivali to Borivali Station West),R/C,20.4,35.0,0.42,5,0.0,Free Flow / Moderate
2024-07-05 20:00:00,RD_LNK_01,New Link Road (Bandra West to Khar Danda),H/W,17.5,35.0,0.5,4,0.0,Congested
2024-07-05 20:00:00,RD_LNK_02,New Link Road (Juhu Circle to Andheri Infinity Mall),K/W,18.4,35.0,0.47,6,0.0,Free Flow / Moderate
2024-07-05 20:00:00,RD_LNK_03,New Link Road (Oshiwara to Goregaon West / Bangur Nagar),P/S,21.0,35.0,0.4,4,0.0,Free Flow / Moderate
2024-07-05 20:00:00,RD_LNK_04,New Link Road (Malad Inorbit to Mith Chowki),P/N,20.7,35.0,0.41,3,0.0,Free Flow / Moderate
2024-07-05 20:00:00,RD_LNK_05,New Link Road (Kandivali to Dahisar Link Road Extension),R/N,18.4,35.0,0.47,8,0.0,Free Flow / Moderate
2024-07-05 20:00:00,RD_EEH_01,Eastern Express Highway (Sion Circle to Priyadarshini Park),F/N,31.8,55.0,0.42,3,0.0,Free Flow / Moderate
2024-07-05 20:00:00,RD_EEH_02,Eastern Express Highway (Kurla Amar Mahal to Ghatkopar),L,31.5,55.0,0.43,3,0.0,Free Flow / Moderate
2024-07-05 20:00:00,RD_EEH_03,Eastern Express Highway (Ghatkopar to Vikhroli / Godrej),N,31.3,55.0,0.43,3,0.0,Free Flow / Moderate
2024-07-05 20:00:00,RD_EEH_04,Eastern Express Highway (Vikhroli to Bhandup / Mulund Toll),T,30.1,55.0,0.45,6,0.0,Free Flow / Moderate
2024-07-05 20:00:00,RD_LBS_01,Lal Bahadur Shastri (LBS) Marg (Sion to Kurla Kamani),L,18.8,35.0,0.46,5,0.0,Free Flow / Moderate
2024-07-05 20:00:00,RD_LBS_02,LBS Marg (Kurla to Ghatkopar Gandhi Nagar),N,20.9,35.0,0.4,4,0.0,Free Flow / Moderate
2024-07-05 20:00:00,RD_LBS_03,LBS Marg (Ghatkopar to Vikhroli / Kanjurmarg),S,20.7,35.0,0.41,5,0.0,Free Flow / Moderate
2024-07-05 20:00:00,RD_LBS_04,LBS Marg (Bhandup to Mulund Check Naka),T,20.7,35.0,0.41,5,0.0,Free Flow / Moderate
2024-07-05 20:00:00,RD_JVL_01,Jogeshwari-Vikhroli Link Road (JVLR - WEH to Powai),K/E,21.2,35.0,0.39,6,0.0,Free Flow / Moderate
2024-07-05 21:00:00,RD_WEH_01,Western Express Highway (Bandra to Santacruz),H/E,28.7,55.0,0.48,4,0.0,Free Flow / Moderate
2024-07-05 21:00:00,RD_WEH_02,Western Express Highway (Santacruz to Andheri Flyover),K/E,32.0,55.0,0.42,4,0.0,Free Flow / Moderate
2024-07-05 21:00:00,RD_WEH_03,Western Express Highway (Andheri to Goregaon Hub),P/S,31.1,55.0,0.43,4,0.0,Free Flow / Moderate
2024-07-05 21:00:00,RD_WEH_04,Western Express Highway (Goregaon to Borivali National Park),R/C,29.7,55.0,0.46,6,0.0,Free Flow / Moderate
2024-07-05 21:00:00,RD_WEH_05,Western Express Highway (Borivali to Dahisar Toll Naka),R/N,30.6,55.0,0.44,3,0.0,Free Flow / Moderate
2024-07-05 21:00:00,RD_SVR_01,Swami Vivekanand (SV) Road (Bandra Lucky Jn to Khar),H/W,18.5,35.0,0.47,4,0.0,Free Flow / Moderate
2024-07-05 21:00:00,RD_SVR_02,SV Road (Santacruz Milan Subway Approach),H/W,18.5,35.0,0.47,3,0.0,Free Flow / Moderate
2024-07-05 21:00:00,RD_SVR_03,SV Road (Vile Parle to Andheri Station West),K/W,17.6,35.0,0.5,5,0.0,Congested
2024-07-05 21:00:00,RD_SVR_04,SV Road (Andheri Subway Section to Jogeshwari),K/W,19.6,35.0,0.44,4,0.0,Free Flow / Moderate
2024-07-05 21:00:00,RD_SVR_05,SV Road (Goregaon to Malad Subway Jn),P/N,19.4,35.0,0.45,5,0.0,Free Flow / Moderate
2024-07-05 21:00:00,RD_SVR_06,SV Road (Kandivali to Borivali Station West),R/C,19.0,35.0,0.46,6,0.0,Free Flow / Moderate
2024-07-05 21:00:00,RD_LNK_01,New Link Road (Bandra West to Khar Danda),H/W,18.0,35.0,0.49,4,0.0,Free Flow / Moderate
2024-07-05 21:00:00,RD_LNK_02,New Link Road (Juhu Circle to Andheri Infinity Mall),K/W,19.6,35.0,0.44,5,0.0,Free Flow / Moderate
2024-07-05 21:00:00,RD_LNK_03,New Link Road (Oshiwara to Goregaon West / Bangur Nagar),P/S,18.2,35.0,0.48,5,0.0,Free Flow / Moderate
2024-07-05 21:00:00,RD_LNK_04,New Link Road (Malad Inorbit to Mith Chowki),P/N,20.8,35.0,0.41,3,0.0,Free Flow / Moderate
2024-07-05 21:00:00,RD_LNK_05,New Link Road (Kandivali to Dahisar Link Road Extension),R/N,20.7,35.0,0.41,6,0.0,Free Flow / Moderate
2024-07-05 21:00:00,RD_EEH_01,Eastern Express Highway (Sion Circle to Priyadarshini Park),F/N,32.2,55.0,0.41,2,0.0,Free Flow / Moderate
2024-07-05 21:00:00,RD_EEH_02,Eastern Express Highway (Kurla Amar Mahal to Ghatkopar),L,28.8,55.0,0.48,4,0.0,Free Flow / Moderate
2024-07-05 21:00:00,RD_EEH_03,Eastern Express Highway (Ghatkopar to Vikhroli / Godrej),N,31.0,55.0,0.44,3,0.0,Free Flow / Moderate
2024-07-05 21:00:00,RD_EEH_04,Eastern Express Highway (Vikhroli to Bhandup / Mulund Toll),T,30.1,55.0,0.45,6,0.0,Free Flow / Moderate
2024-07-05 21:00:00,RD_LBS_01,Lal Bahadur Shastri (LBS) Marg (Sion to Kurla Kamani),L,18.7,35.0,0.47,5,0.0,Free Flow / Moderate
2024-07-05 21:00:00,RD_LBS_02,LBS Marg (Kurla to Ghatkopar Gandhi Nagar),N,19.6,35.0,0.44,5,0.0,Free Flow / Moderate
2024-07-05 21:00:00,RD_LBS_03,LBS Marg (Ghatkopar to Vikhroli / Kanjurmarg),S,21.0,35.0,0.4,5,0.0,Free Flow / Moderate
2024-07-05 21:00:00,RD_LBS_04,LBS Marg (Bhandup to Mulund Check Naka),T,18.3,35.0,0.48,7,0.0,Free Flow / Moderate
2024-07-05 21:00:00,RD_JVL_01,Jogeshwari-Vikhroli Link Road (JVLR - WEH to Powai),K/E,19.5,35.0,0.44,7,0.0,Free Flow / Moderate
2024-07-05 22:00:00,RD_WEH_01,Western Express Highway (Bandra to Santacruz),H/E,50.6,55.0,0.1,0,0.0,Free Flow / Moderate
2024-07-05 22:00:00,RD_WEH_02,Western Express Highway (Santacruz to Andheri Flyover),K/E,49.6,55.0,0.1,0,0.0,Free Flow / Moderate
2024-07-05 22:00:00,RD_WEH_03,Western Express Highway (Andheri to Goregaon Hub),P/S,50.9,55.0,0.1,0,0.0,Free Flow / Moderate
2024-07-05 22:00:00,RD_WEH_04,Western Express Highway (Goregaon to Borivali National Park),R/C,50.8,55.0,0.1,0,0.0,Free Flow / Moderate
2024-07-05 22:00:00,RD_WEH_05,Western Express Highway (Borivali to Dahisar Toll Naka),R/N,49.6,55.0,0.1,0,0.0,Free Flow / Moderate
2024-07-05 22:00:00,RD_SVR_01,Swami Vivekanand (SV) Road (Bandra Lucky Jn to Khar),H/W,30.0,35.0,0.14,0,0.0,Free Flow / Moderate
2024-07-05 22:00:00,RD_SVR_02,SV Road (Santacruz Milan Subway Approach),H/W,30.5,35.0,0.13,0,0.0,Free Flow / Moderate
2024-07-05 22:00:00,RD_SVR_03,SV Road (Vile Parle to Andheri Station West),K/W,30.3,35.0,0.13,0,0.0,Free Flow / Moderate
2024-07-05 22:00:00,RD_SVR_04,SV Road (Andheri Subway Section to Jogeshwari),K/W,30.5,35.0,0.13,0,0.0,Free Flow / Moderate
2024-07-05 22:00:00,RD_SVR_05,SV Road (Goregaon to Malad Subway Jn),P/N,30.8,35.0,0.12,0,0.0,Free Flow / Moderate
2024-07-05 22:00:00,RD_SVR_06,SV Road (Kandivali to Borivali Station West),R/C,32.5,35.0,0.1,0,0.0,Free Flow / Moderate
2024-07-05 22:00:00,RD_LNK_01,New Link Road (Bandra West to Khar Danda),H/W,31.7,35.0,0.1,0,0.0,Free Flow / Moderate
2024-07-05 22:00:00,RD_LNK_02,New Link Road (Juhu Circle to Andheri Infinity Mall),K/W,32.6,35.0,0.1,0,0.0,Free Flow / Moderate
2024-07-05 22:00:00,RD_LNK_03,New Link Road (Oshiwara to Goregaon West / Bangur Nagar),P/S,30.4,35.0,0.13,0,0.0,Free Flow / Moderate
2024-07-05 22:00:00,RD_LNK_04,New Link Road (Malad Inorbit to Mith Chowki),P/N,30.4,35.0,0.13,0,0.0,Free Flow / Moderate
2024-07-05 22:00:00,RD_LNK_05,New Link Road (Kandivali to Dahisar Link Road Extension),R/N,31.5,35.0,0.1,1,0.0,Free Flow / Moderate
2024-07-05 22:00:00,RD_EEH_01,Eastern Express Highway (Sion Circle to Priyadarshini Park),F/N,50.0,55.0,0.1,0,0.0,Free Flow / Moderate
2024-07-05 22:00:00,RD_EEH_02,Eastern Express Highway (Kurla Amar Mahal to Ghatkopar),L,51.5,55.0,0.1,0,0.0,Free Flow / Moderate
2024-07-05 22:00:00,RD_EEH_03,Eastern Express Highway (Ghatkopar to Vikhroli / Godrej),N,48.9,55.0,0.11,0,0.0,Free Flow / Moderate
2024-07-05 22:00:00,RD_EEH_04,Eastern Express Highway (Vikhroli to Bhandup / Mulund Toll),T,48.1,55.0,0.13,1,0.0,Free Flow / Moderate
2024-07-05 22:00:00,RD_LBS_01,Lal Bahadur Shastri (LBS) Marg (Sion to Kurla Kamani),L,30.5,35.0,0.13,0,0.0,Free Flow / Moderate
2024-07-05 22:00:00,RD_LBS_02,LBS Marg (Kurla to Ghatkopar Gandhi Nagar),N,29.6,35.0,0.15,1,0.0,Free Flow / Moderate
2024-07-05 22:00:00,RD_LBS_03,LBS Marg (Ghatkopar to Vikhroli / Kanjurmarg),S,31.9,35.0,0.1,0,0.0,Free Flow / Moderate
2024-07-05 22:00:00,RD_LBS_04,LBS Marg (Bhandup to Mulund Check Naka),T,30.4,35.0,0.13,1,0.0,Free Flow / Moderate
2024-07-05 22:00:00,RD_JVL_01,Jogeshwari-Vikhroli Link Road (JVLR - WEH to Powai),K/E,29.7,35.0,0.15,1,0.0,Free Flow / Moderate
2024-07-05 23:00:00,RD_WEH_01,Western Express Highway (Bandra to Santacruz),H/E,48.2,55.0,0.12,0,0.0,Free Flow / Moderate
2024-07-05 23:00:00,RD_WEH_02,Western Express Highway (Santacruz to Andheri Flyover),K/E,48.2,55.0,0.12,0,0.0,Free Flow / Moderate
2024-07-05 23:00:00,RD_WEH_03,Western Express Highway (Andheri to Goregaon Hub),P/S,50.5,55.0,0.1,0,0.0,Free Flow / Moderate
2024-07-05 23:00:00,RD_WEH_04,Western Express Highway (Goregaon to Borivali National Park),R/C,50.1,55.0,0.1,0,0.0,Free Flow / Moderate
2024-07-05 23:00:00,RD_WEH_05,Western Express Highway (Borivali to Dahisar Toll Naka),R/N,50.4,55.0,0.1,0,0.0,Free Flow / Moderate
2024-07-05 23:00:00,RD_SVR_01,Swami Vivekanand (SV) Road (Bandra Lucky Jn to Khar),H/W,31.1,35.0,0.11,0,0.0,Free Flow / Moderate
2024-07-05 23:00:00,RD_SVR_02,SV Road (Santacruz Milan Subway Approach),H/W,32.8,35.0,0.1,0,0.0,Free Flow / Moderate
2024-07-05 23:00:00,RD_SVR_03,SV Road (Vile Parle to Andheri Station West),K/W,32.2,35.0,0.1,0,0.0,Free Flow / Moderate
2024-07-05 23:00:00,RD_SVR_04,SV Road (Andheri Subway Section to Jogeshwari),K/W,31.0,35.0,0.11,0,0.0,Free Flow / Moderate
2024-07-05 23:00:00,RD_SVR_05,SV Road (Goregaon to Malad Subway Jn),P/N,30.5,35.0,0.13,1,0.0,Free Flow / Moderate
2024-07-05 23:00:00,RD_SVR_06,SV Road (Kandivali to Borivali Station West),R/C,29.7,35.0,0.15,1,0.0,Free Flow / Moderate
2024-07-05 23:00:00,RD_LNK_01,New Link Road (Bandra West to Khar Danda),H/W,33.1,35.0,0.1,0,0.0,Free Flow / Moderate
2024-07-05 23:00:00,RD_LNK_02,New Link Road (Juhu Circle to Andheri Infinity Mall),K/W,33.1,35.0,0.1,0,0.0,Free Flow / Moderate
2024-07-05 23:00:00,RD_LNK_03,New Link Road (Oshiwara to Goregaon West / Bangur Nagar),P/S,33.4,35.0,0.1,0,0.0,Free Flow / Moderate
2024-07-05 23:00:00,RD_LNK_04,New Link Road (Malad Inorbit to Mith Chowki),P/N,30.9,35.0,0.12,0,0.0,Free Flow / Moderate
2024-07-05 23:00:00,RD_LNK_05,New Link Road (Kandivali to Dahisar Link Road Extension),R/N,31.3,35.0,0.11,1,0.0,Free Flow / Moderate
2024-07-05 23:00:00,RD_EEH_01,Eastern Express Highway (Sion Circle to Priyadarshini Park),F/N,48.8,55.0,0.11,0,0.0,Free Flow / Moderate
2024-07-05 23:00:00,RD_EEH_02,Eastern Express Highway (Kurla Amar Mahal to Ghatkopar),L,50.5,55.0,0.1,0,0.0,Free Flow / Moderate
2024-07-05 23:00:00,RD_EEH_03,Eastern Express Highway (Ghatkopar to Vikhroli / Godrej),N,50.9,55.0,0.1,0,0.0,Free Flow / Moderate
2024-07-05 23:00:00,RD_EEH_04,Eastern Express Highway (Vikhroli to Bhandup / Mulund Toll),T,48.6,55.0,0.12,0,0.0,Free Flow / Moderate
2024-07-05 23:00:00,RD_LBS_01,Lal Bahadur Shastri (LBS) Marg (Sion to Kurla Kamani),L,31.4,35.0,0.1,0,0.0,Free Flow / Moderate
2024-07-05 23:00:00,RD_LBS_02,LBS Marg (Kurla to Ghatkopar Gandhi Nagar),N,32.7,35.0,0.1,0,0.0,Free Flow / Moderate
2024-07-05 23:00:00,RD_LBS_03,LBS Marg (Ghatkopar to Vikhroli / Kanjurmarg),S,31.9,35.0,0.1,0,0.0,Free Flow / Moderate
2024-07-05 23:00:00,RD_LBS_04,LBS Marg (Bhandup to Mulund Check Naka),T,31.7,35.0,0.1,0,0.0,Free Flow / Moderate
2024-07-05 23:00:00,RD_JVL_01,Jogeshwari-Vikhroli Link Road (JVLR - WEH to Powai),K/E,32.7,35.0,0.1,0,0.0,Free Flow / Moderate
2024-07-06 00:00:00,RD_WEH_01,Western Express Highway (Bandra to Santacruz),H/E,49.9,55.0,0.1,0,0.0,Free Flow / Moderate
2024-07-06 00:00:00,RD_WEH_02,Western Express Highway (Santacruz to Andheri Flyover),K/E,49.1,55.0,0.11,0,0.0,Free Flow / Moderate
2024-07-06 00:00:00,RD_WEH_03,Western Express Highway (Andheri to Goregaon Hub),P/S,50.4,55.0,0.1,0,0.0,Free Flow / Moderate
2024-07-06 00:00:00,RD_WEH_04,Western Express Highway (Goregaon to Borivali National Park),R/C,51.3,55.0,0.1,0,0.0,Free Flow / Moderate
2024-07-06 00:00:00,RD_WEH_05,Western Express Highway (Borivali to Dahisar Toll Naka),R/N,48.1,55.0,0.13,0,0.0,Free Flow / Moderate
2024-07-06 00:00:00,RD_SVR_01,Swami Vivekanand (SV) Road (Bandra Lucky Jn to Khar),H/W,31.6,35.0,0.1,0,0.0,Free Flow / Moderate
2024-07-06 00:00:00,RD_SVR_02,SV Road (Santacruz Milan Subway Approach),H/W,29.7,35.0,0.15,0,0.0,Free Flow / Moderate
2024-07-06 00:00:00,RD_SVR_03,SV Road (Vile Parle to Andheri Station West),K/W,29.8,35.0,0.15,1,0.0,Free Flow / Moderate
2024-07-06 00:00:00,RD_SVR_04,SV Road (Andheri Subway Section to Jogeshwari),K/W,30.8,35.0,0.12,0,0.0,Free Flow / Moderate
2024-07-06 00:00:00,RD_SVR_05,SV Road (Goregaon to Malad Subway Jn),P/N,32.0,35.0,0.1,0,0.0,Free Flow / Moderate
2024-07-06 00:00:00,RD_SVR_06,SV Road (Kandivali to Borivali Station West),R/C,32.7,35.0,0.1,0,0.0,Free Flow / Moderate
2024-07-06 00:00:00,RD_LNK_01,New Link Road (Bandra West to Khar Danda),H/W,32.7,35.0,0.1,0,0.0,Free Flow / Moderate
2024-07-06 00:00:00,RD_LNK_02,New Link Road (Juhu Circle to Andheri Infinity Mall),K/W,32.3,35.0,0.1,0,0.0,Free Flow / Moderate
2024-07-06 00:00:00,RD_LNK_03,New Link Road (Oshiwara to Goregaon West / Bangur Nagar),P/S,30.4,35.0,0.13,0,0.0,Free Flow / Moderate
2024-07-06 00:00:00,RD_LNK_04,New Link Road (Malad Inorbit to Mith Chowki),P/N,31.7,35.0,0.1,0,0.0,Free Flow / Moderate
2024-07-06 00:00:00,RD_LNK_05,New Link Road (Kandivali to Dahisar Link Road Extension),R/N,31.2,35.0,0.11,1,0.0,Free Flow / Moderate
2024-07-06 00:00:00,RD_EEH_01,Eastern Express Highway (Sion Circle to Priyadarshini Park),F/N,49.3,55.0,0.1,0,0.0,Free Flow / Moderate
2024-07-06 00:00:00,RD_EEH_02,Eastern Express Highway (Kurla Amar Mahal to Ghatkopar),L,49.2,55.0,0.11,0,0.0,Free Flow / Moderate
2024-07-06 00:00:00,RD_EEH_03,Eastern Express Highway (Ghatkopar to Vikhroli / Godrej),N,49.5,55.0,0.1,0,0.0,Free Flow / Moderate
2024-07-06 00:00:00,RD_EEH_04,Eastern Express Highway (Vikhroli to Bhandup / Mulund Toll),T,49.8,55.0,0.1,0,0.0,Free Flow / Moderate
2024-07-06 00:00:00,RD_LBS_01,Lal Bahadur Shastri (LBS) Marg (Sion to Kurla Kamani),L,31.8,35.0,0.1,0,0.0,Free Flow / Moderate
2024-07-06 00:00:00,RD_LBS_02,LBS Marg (Kurla to Ghatkopar Gandhi Nagar),N,31.3,35.0,0.11,0,0.0,Free Flow / Moderate
2024-07-06 00:00:00,RD_LBS_03,LBS Marg (Ghatkopar to Vikhroli / Kanjurmarg),S,31.7,35.0,0.1,0,0.0,Free Flow / Moderate
2024-07-06 00:00:00,RD_LBS_04,LBS Marg (Bhandup to Mulund Check Naka),T,31.8,35.0,0.1,0,0.0,Free Flow / Moderate
2024-07-06 00:00:00,RD_JVL_01,Jogeshwari-Vikhroli Link Road (JVLR - WEH to Powai),K/E,31.7,35.0,0.1,0,0.0,Free Flow / Moderate
2024-07-06 01:00:00,RD_WEH_01,Western Express Highway (Bandra to Santacruz),H/E,48.4,55.0,0.12,0,0.0,Free Flow / Moderate
2024-07-06 01:00:00,RD_WEH_02,Western Express Highway (Santacruz to Andheri Flyover),K/E,49.1,55.0,0.11,0,0.0,Free Flow / Moderate
2024-07-06 01:00:00,RD_WEH_03,Western Express Highway (Andheri to Goregaon Hub),P/S,50.0,55.0,0.1,0,0.0,Free Flow / Moderate
2024-07-06 01:00:00,RD_WEH_04,Western Express Highway (Goregaon to Borivali National Park),R/C,49.5,55.0,0.1,0,0.0,Free Flow / Moderate
2024-07-06 01:00:00,RD_WEH_05,Western Express Highway (Borivali to Dahisar Toll Naka),R/N,51.2,55.0,0.1,0,0.0,Free Flow / Moderate
2024-07-06 01:00:00,RD_SVR_01,Swami Vivekanand (SV) Road (Bandra Lucky Jn to Khar),H/W,32.6,35.0,0.1,0,0.0,Free Flow / Moderate
2024-07-06 01:00:00,RD_SVR_02,SV Road (Santacruz Milan Subway Approach),H/W,30.4,35.0,0.13,0,0.0,Free Flow / Moderate
2024-07-06 01:00:00,RD_SVR_03,SV Road (Vile Parle to Andheri Station West),K/W,31.3,35.0,0.11,0,0.0,Free Flow / Moderate
2024-07-06 01:00:00,RD_SVR_04,SV Road (Andheri Subway Section to Jogeshwari),K/W,30.7,35.0,0.12,0,0.0,Free Flow / Moderate
2024-07-06 01:00:00,RD_SVR_05,SV Road (Goregaon to Malad Subway Jn),P/N,29.9,35.0,0.15,1,0.0,Free Flow / Moderate
2024-07-06 01:00:00,RD_SVR_06,SV Road (Kandivali to Borivali Station West),R/C,31.5,35.0,0.1,0,0.0,Free Flow / Moderate
2024-07-06 01:00:00,RD_LNK_01,New Link Road (Bandra West to Khar Danda),H/W,30.0,35.0,0.14,0,0.0,Free Flow / Moderate
2024-07-06 01:00:00,RD_LNK_02,New Link Road (Juhu Circle to Andheri Infinity Mall),K/W,32.3,35.0,0.1,0,0.0,Free Flow / Moderate
2024-07-06 01:00:00,RD_LNK_03,New Link Road (Oshiwara to Goregaon West / Bangur Nagar),P/S,32.9,35.0,0.1,0,0.0,Free Flow / Moderate
2024-07-06 01:00:00,RD_LNK_04,New Link Road (Malad Inorbit to Mith Chowki),P/N,32.3,35.0,0.1,0,0.0,Free Flow / Moderate
2024-07-06 01:00:00,RD_LNK_05,New Link Road (Kandivali to Dahisar Link Road Extension),R/N,32.7,35.0,0.1,0,0.0,Free Flow / Moderate
2024-07-06 01:00:00,RD_EEH_01,Eastern Express Highway (Sion Circle to Priyadarshini Park),F/N,50.0,55.0,0.1,0,0.0,Free Flow / Moderate
2024-07-06 01:00:00,RD_EEH_02,Eastern Express Highway (Kurla Amar Mahal to Ghatkopar),L,51.3,55.0,0.1,0,0.0,Free Flow / Moderate
2024-07-06 01:00:00,RD_EEH_03,Eastern Express Highway (Ghatkopar to Vikhroli / Godrej),N,48.2,55.0,0.12,0,0.0,Free Flow / Moderate
2024-07-06 01:00:00,RD_EEH_04,Eastern Express Highway (Vikhroli to Bhandup / Mulund Toll),T,47.9,55.0,0.13,1,0.0,Free Flow / Moderate
2024-07-06 01:00:00,RD_LBS_01,Lal Bahadur Shastri (LBS) Marg (Sion to Kurla Kamani),L,29.8,35.0,0.15,1,0.0,Free Flow / Moderate
2024-07-06 01:00:00,RD_LBS_02,LBS Marg (Kurla to Ghatkopar Gandhi Nagar),N,30.4,35.0,0.13,1,0.0,Free Flow / Moderate
2024-07-06 01:00:00,RD_LBS_03,LBS Marg (Ghatkopar to Vikhroli / Kanjurmarg),S,32.0,35.0,0.1,0,0.0,Free Flow / Moderate
2024-07-06 01:00:00,RD_LBS_04,LBS Marg (Bhandup to Mulund Check Naka),T,29.9,35.0,0.15,1,0.0,Free Flow / Moderate
2024-07-06 01:00:00,RD_JVL_01,Jogeshwari-Vikhroli Link Road (JVLR - WEH to Powai),K/E,33.0,35.0,0.1,0,0.0,Free Flow / Moderate
2024-07-06 02:00:00,RD_WEH_01,Western Express Highway (Bandra to Santacruz),H/E,51.4,55.0,0.1,0,0.0,Free Flow / Moderate
2024-07-06 02:00:00,RD_WEH_02,Western Express Highway (Santacruz to Andheri Flyover),K/E,48.3,55.0,0.12,0,0.0,Free Flow / Moderate
2024-07-06 02:00:00,RD_WEH_03,Western Express Highway (Andheri to Goregaon Hub),P/S,49.5,55.0,0.1,0,0.0,Free Flow / Moderate
2024-07-06 02:00:00,RD_WEH_04,Western Express Highway (Goregaon to Borivali National Park),R/C,51.4,55.0,0.1,0,0.0,Free Flow / Moderate
2024-07-06 02:00:00,RD_WEH_05,Western Express Highway (Borivali to Dahisar Toll Naka),R/N,50.0,55.0,0.1,0,0.0,Free Flow / Moderate
2024-07-06 02:00:00,RD_SVR_01,Swami Vivekanand (SV) Road (Bandra Lucky Jn to Khar),H/W,31.9,35.0,0.1,0,0.0,Free Flow / Moderate
2024-07-06 02:00:00,RD_SVR_02,SV Road (Santacruz Milan Subway Approach),H/W,32.3,35.0,0.1,0,0.0,Free Flow / Moderate
2024-07-06 02:00:00,RD_SVR_03,SV Road (Vile Parle to Andheri Station West),K/W,31.0,35.0,0.11,0,0.0,Free Flow / Moderate
2024-07-06 02:00:00,RD_SVR_04,SV Road (Andheri Subway Section to Jogeshwari),K/W,29.8,35.0,0.15,0,0.0,Free Flow / Moderate
2024-07-06 02:00:00,RD_SVR_05,SV Road (Goregaon to Malad Subway Jn),P/N,31.3,35.0,0.11,0,0.0,Free Flow / Moderate
2024-07-06 02:00:00,RD_SVR_06,SV Road (Kandivali to Borivali Station West),R/C,33.3,35.0,0.1,0,0.0,Free Flow / Moderate
2024-07-06 02:00:00,RD_LNK_01,New Link Road (Bandra West to Khar Danda),H/W,30.9,35.0,0.12,0,0.0,Free Flow / Moderate
2024-07-06 02:00:00,RD_LNK_02,New Link Road (Juhu Circle to Andheri Infinity Mall),K/W,29.7,35.0,0.15,1,0.0,Free Flow / Moderate
2024-07-06 02:00:00,RD_LNK_03,New Link Road (Oshiwara to Goregaon West / Bangur Nagar),P/S,32.9,35.0,0.1,0,0.0,Free Flow / Moderate
2024-07-06 02:00:00,RD_LNK_04,New Link Road (Malad Inorbit to Mith Chowki),P/N,33.4,35.0,0.1,0,0.0,Free Flow / Moderate
2024-07-06 02:00:00,RD_LNK_05,New Link Road (Kandivali to Dahisar Link Road Extension),R/N,31.5,35.0,0.1,1,0.0,Free Flow / Moderate
2024-07-06 02:00:00,RD_EEH_01,Eastern Express Highway (Sion Circle to Priyadarshini Park),F/N,51.0,55.0,0.1,0,0.0,Free Flow / Moderate
2024-07-06 02:00:00,RD_EEH_02,Eastern Express Highway (Kurla Amar Mahal to Ghatkopar),L,48.1,55.0,0.13,0,0.0,Free Flow / Moderate
2024-07-06 02:00:00,RD_EEH_03,Eastern Express Highway (Ghatkopar to Vikhroli / Godrej),N,51.3,55.0,0.1,0,0.0,Free Flow / Moderate
2024-07-06 02:00:00,RD_EEH_04,Eastern Express Highway (Vikhroli to Bhandup / Mulund Toll),T,49.1,55.0,0.11,0,0.0,Free Flow / Moderate
2024-07-06 02:00:00,RD_LBS_01,Lal Bahadur Shastri (LBS) Marg (Sion to Kurla Kamani),L,31.8,35.0,0.1,0,0.0,Free Flow / Moderate
2024-07-06 02:00:00,RD_LBS_02,LBS Marg (Kurla to Ghatkopar Gandhi Nagar),N,29.5,35.0,0.16,1,0.0,Free Flow / Moderate
2024-07-06 02:00:00,RD_LBS_03,LBS Marg (Ghatkopar to Vikhroli / Kanjurmarg),S,32.9,35.0,0.1,0,0.0,Free Flow / Moderate
2024-07-06 02:00:00,RD_LBS_04,LBS Marg (Bhandup to Mulund Check Naka),T,33.5,35.0,0.1,0,0.0,Free Flow / Moderate
2024-07-06 02:00:00,RD_JVL_01,Jogeshwari-Vikhroli Link Road (JVLR - WEH to Powai),K/E,31.6,35.0,0.1,0,0.0,Free Flow / Moderate
2024-07-06 03:00:00,RD_WEH_01,Western Express Highway (Bandra to Santacruz),H/E,51.3,55.0,0.1,0,0.0,Free Flow / Moderate
2024-07-06 03:00:00,RD_WEH_02,Western Express Highway (Santacruz to Andheri Flyover),K/E,48.0,55.0,0.13,0,0.0,Free Flow / Moderate
2024-07-06 03:00:00,RD_WEH_03,Western Express Highway (Andheri to Goregaon Hub),P/S,48.2,55.0,0.12,0,0.0,Free Flow / Moderate
2024-07-06 03:00:00,RD_WEH_04,Western Express Highway (Goregaon to Borivali National Park),R/C,49.2,55.0,0.11,0,0.0,Free Flow / Moderate
2024-07-06 03:00:00,RD_WEH_05,Western Express Highway (Borivali to Dahisar Toll Naka),R/N,49.2,55.0,0.11,0,0.0,Free Flow / Moderate
2024-07-06 03:00:00,RD_SVR_01,Swami Vivekanand (SV) Road (Bandra Lucky Jn to Khar),H/W,32.9,35.0,0.1,0,0.0,Free Flow / Moderate
2024-07-06 03:00:00,RD_SVR_02,SV Road (Santacruz Milan Subway Approach),H/W,31.7,35.0,0.1,0,0.0,Free Flow / Moderate
2024-07-06 03:00:00,RD_SVR_03,SV Road (Vile Parle to Andheri Station West),K/W,31.6,35.0,0.1,0,0.0,Free Flow / Moderate
2024-07-06 03:00:00,RD_SVR_04,SV Road (Andheri Subway Section to Jogeshwari),K/W,31.1,35.0,0.11,0,0.0,Free Flow / Moderate
2024-07-06 03:00:00,RD_SVR_05,SV Road (Goregaon to Malad Subway Jn),P/N,33.2,35.0,0.1,0,0.0,Free Flow / Moderate
2024-07-06 03:00:00,RD_SVR_06,SV Road (Kandivali to Borivali Station West),R/C,30.8,35.0,0.12,1,0.0,Free Flow / Moderate
2024-07-06 03:00:00,RD_LNK_01,New Link Road (Bandra West to Khar Danda),H/W,31.2,35.0,0.11,0,0.0,Free Flow / Moderate
2024-07-06 03:00:00,RD_LNK_02,New Link Road (Juhu Circle to Andheri Infinity Mall),K/W,29.8,35.0,0.15,1,0.0,Free Flow / Moderate
2024-07-06 03:00:00,RD_LNK_03,New Link Road (Oshiwara to Goregaon West / Bangur Nagar),P/S,33.5,35.0,0.1,0,0.0,Free Flow / Moderate
2024-07-06 03:00:00,RD_LNK_04,New Link Road (Malad Inorbit to Mith Chowki),P/N,29.9,35.0,0.15,0,0.0,Free Flow / Moderate
2024-07-06 03:00:00,RD_LNK_05,New Link Road (Kandivali to Dahisar Link Road Extension),R/N,31.8,35.0,0.1,1,0.0,Free Flow / Moderate
2024-07-06 03:00:00,RD_EEH_01,Eastern Express Highway (Sion Circle to Priyadarshini Park),F/N,50.2,55.0,0.1,0,0.0,Free Flow / Moderate
2024-07-06 03:00:00,RD_EEH_02,Eastern Express Highway (Kurla Amar Mahal to Ghatkopar),L,48.2,55.0,0.12,0,0.0,Free Flow / Moderate
2024-07-06 03:00:00,RD_EEH_03,Eastern Express Highway (Ghatkopar to Vikhroli / Godrej),N,49.4,55.0,0.1,0,0.0,Free Flow / Moderate
2024-07-06 03:00:00,RD_EEH_04,Eastern Express Highway (Vikhroli to Bhandup / Mulund Toll),T,49.6,55.0,0.1,0,0.0,Free Flow / Moderate
2024-07-06 03:00:00,RD_LBS_01,Lal Bahadur Shastri (LBS) Marg (Sion to Kurla Kamani),L,31.5,35.0,0.1,0,0.0,Free Flow / Moderate
2024-07-06 03:00:00,RD_LBS_02,LBS Marg (Kurla to Ghatkopar Gandhi Nagar),N,32.8,35.0,0.1,0,0.0,Free Flow / Moderate
2024-07-06 03:00:00,RD_LBS_03,LBS Marg (Ghatkopar to Vikhroli / Kanjurmarg),S,30.4,35.0,0.13,1,0.0,Free Flow / Moderate
2024-07-06 03:00:00,RD_LBS_04,LBS Marg (Bhandup to Mulund Check Naka),T,32.8,35.0,0.1,0,0.0,Free Flow / Moderate
2024-07-06 03:00:00,RD_JVL_01,Jogeshwari-Vikhroli Link Road (JVLR - WEH to Powai),K/E,30.0,35.0,0.14,1,0.0,Free Flow / Moderate
2024-07-06 04:00:00,RD_WEH_01,Western Express Highway (Bandra to Santacruz),H/E,48.8,55.0,0.11,0,0.0,Free Flow / Moderate
2024-07-06 04:00:00,RD_WEH_02,Western Express Highway (Santacruz to Andheri Flyover),K/E,51.3,55.0,0.1,0,0.0,Free Flow / Moderate
2024-07-06 04:00:00,RD_WEH_03,Western Express Highway (Andheri to Goregaon Hub),P/S,49.1,55.0,0.11,0,0.0,Free Flow / Moderate
2024-07-06 04:00:00,RD_WEH_04,Western Express Highway (Goregaon to Borivali National Park),R/C,50.2,55.0,0.1,0,0.0,Free Flow / Moderate
2024-07-06 04:00:00,RD_WEH_05,Western Express Highway (Borivali to Dahisar Toll Naka),R/N,48.8,55.0,0.11,0,0.0,Free Flow / Moderate
2024-07-06 04:00:00,RD_SVR_01,Swami Vivekanand (SV) Road (Bandra Lucky Jn to Khar),H/W,32.1,35.0,0.1,0,0.0,Free Flow / Moderate
2024-07-06 04:00:00,RD_SVR_02,SV Road (Santacruz Milan Subway Approach),H/W,33.2,35.0,0.1,0,0.0,Free Flow / Moderate
2024-07-06 04:00:00,RD_SVR_03,SV Road (Vile Parle to Andheri Station West),K/W,31.5,35.0,0.1,0,0.0,Free Flow / Moderate
2024-07-06 04:00:00,RD_SVR_04,SV Road (Andheri Subway Section to Jogeshwari),K/W,31.2,35.0,0.11,0,0.0,Free Flow / Moderate
2024-07-06 04:00:00,RD_SVR_05,SV Road (Goregaon to Malad Subway Jn),P/N,29.8,35.0,0.15,1,0.0,Free Flow / Moderate
2024-07-06 04:00:00,RD_SVR_06,SV Road (Kandivali to Borivali Station West),R/C,31.4,35.0,0.1,0,0.0,Free Flow / Moderate
2024-07-06 04:00:00,RD_LNK_01,New Link Road (Bandra West to Khar Danda),H/W,31.5,35.0,0.1,0,0.0,Free Flow / Moderate
2024-07-06 04:00:00,RD_LNK_02,New Link Road (Juhu Circle to Andheri Infinity Mall),K/W,30.0,35.0,0.14,1,0.0,Free Flow / Moderate
2024-07-06 04:00:00,RD_LNK_03,New Link Road (Oshiwara to Goregaon West / Bangur Nagar),P/S,30.0,35.0,0.14,1,0.0,Free Flow / Moderate
2024-07-06 04:00:00,RD_LNK_04,New Link Road (Malad Inorbit to Mith Chowki),P/N,31.7,35.0,0.1,0,0.0,Free Flow / Moderate
2024-07-06 04:00:00,RD_LNK_05,New Link Road (Kandivali to Dahisar Link Road Extension),R/N,33.0,35.0,0.1,0,0.0,Free Flow / Moderate
2024-07-06 04:00:00,RD_EEH_01,Eastern Express Highway (Sion Circle to Priyadarshini Park),F/N,48.6,55.0,0.12,0,0.0,Free Flow / Moderate
2024-07-06 04:00:00,RD_EEH_02,Eastern Express Highway (Kurla Amar Mahal to Ghatkopar),L,51.4,55.0,0.1,0,0.0,Free Flow / Moderate
2024-07-06 04:00:00,RD_EEH_03,Eastern Express Highway (Ghatkopar to Vikhroli / Godrej),N,51.4,55.0,0.1,0,0.0,Free Flow / Moderate
2024-07-06 04:00:00,RD_EEH_04,Eastern Express Highway (Vikhroli to Bhandup / Mulund Toll),T,48.6,55.0,0.12,0,0.0,Free Flow / Moderate
2024-07-06 04:00:00,RD_LBS_01,Lal Bahadur Shastri (LBS) Marg (Sion to Kurla Kamani),L,30.5,35.0,0.13,0,0.0,Free Flow / Moderate
2024-07-06 04:00:00,RD_LBS_02,LBS Marg (Kurla to Ghatkopar Gandhi Nagar),N,30.8,35.0,0.12,0,0.0,Free Flow / Moderate
2024-07-06 04:00:00,RD_LBS_03,LBS Marg (Ghatkopar to Vikhroli / Kanjurmarg),S,31.2,35.0,0.11,0,0.0,Free Flow / Moderate
2024-07-06 04:00:00,RD_LBS_04,LBS Marg (Bhandup to Mulund Check Naka),T,32.6,35.0,0.1,0,0.0,Free Flow / Moderate
2024-07-06 04:00:00,RD_JVL_01,Jogeshwari-Vikhroli Link Road (JVLR - WEH to Powai),K/E,31.3,35.0,0.11,1,0.0,Free Flow / Moderate
2024-07-06 05:00:00,RD_WEH_01,Western Express Highway (Bandra to Santacruz),H/E,48.1,55.0,0.13,0,0.0,Free Flow / Moderate
2024-07-06 05:00:00,RD_WEH_02,Western Express Highway (Santacruz to Andheri Flyover),K/E,51.4,55.0,0.1,0,0.0,Free Flow / Moderate
2024-07-06 05:00:00,RD_WEH_03,Western Express Highway (Andheri to Goregaon Hub),P/S,50.9,55.0,0.1,0,0.0,Free Flow / Moderate
2024-07-06 05:00:00,RD_WEH_04,Western Express Highway (Goregaon to Borivali National Park),R/C,49.1,55.0,0.11,0,0.0,Free Flow / Moderate
2024-07-06 05:00:00,RD_WEH_05,Western Express Highway (Borivali to Dahisar Toll Naka),R/N,50.4,55.0,0.1,0,0.0,Free Flow / Moderate
2024-07-06 05:00:00,RD_SVR_01,Swami Vivekanand (SV) Road (Bandra Lucky Jn to Khar),H/W,32.2,35.0,0.1,0,0.0,Free Flow / Moderate
2024-07-06 05:00:00,RD_SVR_02,SV Road (Santacruz Milan Subway Approach),H/W,33.0,35.0,0.1,0,0.0,Free Flow / Moderate
2024-07-06 05:00:00,RD_SVR_03,SV Road (Vile Parle to Andheri Station West),K/W,30.8,35.0,0.12,0,0.0,Free Flow / Moderate
2024-07-06 05:00:00,RD_SVR_04,SV Road (Andheri Subway Section to Jogeshwari),K/W,31.2,35.0,0.11,0,0.0,Free Flow / Moderate
2024-07-06 05:00:00,RD_SVR_05,SV Road (Goregaon to Malad Subway Jn),P/N,29.6,35.0,0.15,1,0.0,Free Flow / Moderate
2024-07-06 05:00:00,RD_SVR_06,SV Road (Kandivali to Borivali Station West),R/C,30.9,35.0,0.12,1,0.0,Free Flow / Moderate
2024-07-06 05:00:00,RD_LNK_01,New Link Road (Bandra West to Khar Danda),H/W,31.9,35.0,0.1,0,0.0,Free Flow / Moderate
2024-07-06 05:00:00,RD_LNK_02,New Link Road (Juhu Circle to Andheri Infinity Mall),K/W,31.9,35.0,0.1,0,0.0,Free Flow / Moderate
2024-07-06 05:00:00,RD_LNK_03,New Link Road (Oshiwara to Goregaon West / Bangur Nagar),P/S,32.0,35.0,0.1,0,0.0,Free Flow / Moderate
2024-07-06 05:00:00,RD_LNK_04,New Link Road (Malad Inorbit to Mith Chowki),P/N,29.7,35.0,0.15,0,0.0,Free Flow / Moderate
2024-07-06 05:00:00,RD_LNK_05,New Link Road (Kandivali to Dahisar Link Road Extension),R/N,31.6,35.0,0.1,1,0.0,Free Flow / Moderate
2024-07-06 05:00:00,RD_EEH_01,Eastern Express Highway (Sion Circle to Priyadarshini Park),F/N,51.0,55.0,0.1,0,0.0,Free Flow / Moderate
2024-07-06 05:00:00,RD_EEH_02,Eastern Express Highway (Kurla Amar Mahal to Ghatkopar),L,47.8,55.0,0.13,0,0.0,Free Flow / Moderate
2024-07-06 05:00:00,RD_EEH_03,Eastern Express Highway (Ghatkopar to Vikhroli / Godrej),N,48.0,55.0,0.13,0,0.0,Free Flow / Moderate
2024-07-06 05:00:00,RD_EEH_04,Eastern Express Highway (Vikhroli to Bhandup / Mulund Toll),T,49.0,55.0,0.11,0,0.0,Free Flow / Moderate
2024-07-06 05:00:00,RD_LBS_01,Lal Bahadur Shastri (LBS) Marg (Sion to Kurla Kamani),L,30.1,35.0,0.14,1,0.0,Free Flow / Moderate
2024-07-06 05:00:00,RD_LBS_02,LBS Marg (Kurla to Ghatkopar Gandhi Nagar),N,30.5,35.0,0.13,1,0.0,Free Flow / Moderate
2024-07-06 05:00:00,RD_LBS_03,LBS Marg (Ghatkopar to Vikhroli / Kanjurmarg),S,29.6,35.0,0.15,1,0.0,Free Flow / Moderate
2024-07-06 05:00:00,RD_LBS_04,LBS Marg (Bhandup to Mulund Check Naka),T,32.0,35.0,0.1,0,0.0,Free Flow / Moderate
2024-07-06 05:00:00,RD_JVL_01,Jogeshwari-Vikhroli Link Road (JVLR - WEH to Powai),K/E,32.1,35.0,0.1,0,0.0,Free Flow / Moderate
2024-07-06 06:00:00,RD_WEH_01,Western Express Highway (Bandra to Santacruz),H/E,48.1,55.0,0.13,0,0.0,Free Flow / Moderate
2024-07-06 06:00:00,RD_WEH_02,Western Express Highway (Santacruz to Andheri Flyover),K/E,48.9,55.0,0.11,0,0.0,Free Flow / Moderate
2024-07-06 06:00:00,RD_WEH_03,Western Express Highway (Andheri to Goregaon Hub),P/S,51.5,55.0,0.1,0,0.0,Free Flow / Moderate
2024-07-06 06:00:00,RD_WEH_04,Western Express Highway (Goregaon to Borivali National Park),R/C,50.0,55.0,0.1,0,0.0,Free Flow / Moderate
2024-07-06 06:00:00,RD_WEH_05,Western Express Highway (Borivali to Dahisar Toll Naka),R/N,51.5,55.0,0.1,0,0.0,Free Flow / Moderate
2024-07-06 06:00:00,RD_SVR_01,Swami Vivekanand (SV) Road (Bandra Lucky Jn to Khar),H/W,32.1,35.0,0.1,0,0.0,Free Flow / Moderate
2024-07-06 06:00:00,RD_SVR_02,SV Road (Santacruz Milan Subway Approach),H/W,31.5,35.0,0.1,0,0.0,Free Flow / Moderate
2024-07-06 06:00:00,RD_SVR_03,SV Road (Vile Parle to Andheri Station West),K/W,31.4,35.0,0.1,0,0.0,Free Flow / Moderate
2024-07-06 06:00:00,RD_SVR_04,SV Road (Andheri Subway Section to Jogeshwari),K/W,32.6,35.0,0.1,0,0.0,Free Flow / Moderate
2024-07-06 06:00:00,RD_SVR_05,SV Road (Goregaon to Malad Subway Jn),P/N,32.0,35.0,0.1,0,0.0,Free Flow / Moderate
2024-07-06 06:00:00,RD_SVR_06,SV Road (Kandivali to Borivali Station West),R/C,32.1,35.0,0.1,0,0.0,Free Flow / Moderate
2024-07-06 06:00:00,RD_LNK_01,New Link Road (Bandra West to Khar Danda),H/W,29.8,35.0,0.15,0,0.0,Free Flow / Moderate
2024-07-06 06:00:00,RD_LNK_02,New Link Road (Juhu Circle to Andheri Infinity Mall),K/W,31.1,35.0,0.11,0,0.0,Free Flow / Moderate
2024-07-06 06:00:00,RD_LNK_03,New Link Road (Oshiwara to Goregaon West / Bangur Nagar),P/S,31.5,35.0,0.1,0,0.0,Free Flow / Moderate
2024-07-06 06:00:00,RD_LNK_04,New Link Road (Malad Inorbit to Mith Chowki),P/N,30.4,35.0,0.13,0,0.0,Free Flow / Moderate
2024-07-06 06:00:00,RD_LNK_05,New Link Road (Kandivali to Dahisar Link Road Extension),R/N,32.1,35.0,0.1,0,0.0,Free Flow / Moderate
2024-07-06 06:00:00,RD_EEH_01,Eastern Express Highway (Sion Circle to Priyadarshini Park),F/N,48.6,55.0,0.12,0,0.0,Free Flow / Moderate
2024-07-06 06:00:00,RD_EEH_02,Eastern Express Highway (Kurla Amar Mahal to Ghatkopar),L,48.6,55.0,0.12,0,0.0,Free Flow / Moderate
2024-07-06 06:00:00,RD_EEH_03,Eastern Express Highway (Ghatkopar to Vikhroli / Godrej),N,48.7,55.0,0.11,0,0.0,Free Flow / Moderate
2024-07-06 06:00:00,RD_EEH_04,Eastern Express Highway (Vikhroli to Bhandup / Mulund Toll),T,49.7,55.0,0.1,0,0.0,Free Flow / Moderate
2024-07-06 06:00:00,RD_LBS_01,Lal Bahadur Shastri (LBS) Marg (Sion to Kurla Kamani),L,29.7,35.0,0.15,1,0.0,Free Flow / Moderate
2024-07-06 06:00:00,RD_LBS_02,LBS Marg (Kurla to Ghatkopar Gandhi Nagar),N,32.9,35.0,0.1,0,0.0,Free Flow / Moderate
2024-07-06 06:00:00,RD_LBS_03,LBS Marg (Ghatkopar to Vikhroli / Kanjurmarg),S,32.2,35.0,0.1,0,0.0,Free Flow / Moderate
2024-07-06 06:00:00,RD_LBS_04,LBS Marg (Bhandup to Mulund Check Naka),T,31.7,35.0,0.1,0,0.0,Free Flow / Moderate
2024-07-06 06:00:00,RD_JVL_01,Jogeshwari-Vikhroli Link Road (JVLR - WEH to Powai),K/E,32.1,35.0,0.1,0,0.0,Free Flow / Moderate
2024-07-06 07:00:00,RD_WEH_01,Western Express Highway (Bandra to Santacruz),H/E,49.1,55.0,0.11,0,0.0,Free Flow / Moderate
2024-07-06 07:00:00,RD_WEH_02,Western Express Highway (Santacruz to Andheri Flyover),K/E,48.1,55.0,0.13,0,0.0,Free Flow / Moderate
2024-07-06 07:00:00,RD_WEH_03,Western Express Highway (Andheri to Goregaon Hub),P/S,49.0,55.0,0.11,0,0.0,Free Flow / Moderate
2024-07-06 07:00:00,RD_WEH_04,Western Express Highway (Goregaon to Borivali National Park),R/C,50.3,55.0,0.1,0,0.0,Free Flow / Moderate
2024-07-06 07:00:00,RD_WEH_05,Western Express Highway (Borivali to Dahisar Toll Naka),R/N,50.0,55.0,0.1,0,0.0,Free Flow / Moderate
2024-07-06 07:00:00,RD_SVR_01,Swami Vivekanand (SV) Road (Bandra Lucky Jn to Khar),H/W,32.3,35.0,0.1,0,0.0,Free Flow / Moderate
2024-07-06 07:00:00,RD_SVR_02,SV Road (Santacruz Milan Subway Approach),H/W,30.9,35.0,0.12,0,0.0,Free Flow / Moderate
2024-07-06 07:00:00,RD_SVR_03,SV Road (Vile Parle to Andheri Station West),K/W,33.5,35.0,0.1,0,0.0,Free Flow / Moderate
2024-07-06 07:00:00,RD_SVR_04,SV Road (Andheri Subway Section to Jogeshwari),K/W,29.7,35.0,0.15,0,0.0,Free Flow / Moderate
2024-07-06 07:00:00,RD_SVR_05,SV Road (Goregaon to Malad Subway Jn),P/N,30.1,35.0,0.14,1,0.0,Free Flow / Moderate
2024-07-06 07:00:00,RD_SVR_06,SV Road (Kandivali to Borivali Station West),R/C,32.6,35.0,0.1,0,0.0,Free Flow / Moderate
2024-07-06 07:00:00,RD_LNK_01,New Link Road (Bandra West to Khar Danda),H/W,31.0,35.0,0.11,0,0.0,Free Flow / Moderate
2024-07-06 07:00:00,RD_LNK_02,New Link Road (Juhu Circle to Andheri Infinity Mall),K/W,31.0,35.0,0.11,0,0.0,Free Flow / Moderate
2024-07-06 07:00:00,RD_LNK_03,New Link Road (Oshiwara to Goregaon West / Bangur Nagar),P/S,32.4,35.0,0.1,0,0.0,Free Flow / Moderate
2024-07-06 07:00:00,RD_LNK_04,New Link Road (Malad Inorbit to Mith Chowki),P/N,31.4,35.0,0.1,0,0.0,Free Flow / Moderate
2024-07-06 07:00:00,RD_LNK_05,New Link Road (Kandivali to Dahisar Link Road Extension),R/N,30.1,35.0,0.14,1,0.0,Free Flow / Moderate
2024-07-06 07:00:00,RD_EEH_01,Eastern Express Highway (Sion Circle to Priyadarshini Park),F/N,48.1,55.0,0.13,0,0.0,Free Flow / Moderate
2024-07-06 07:00:00,RD_EEH_02,Eastern Express Highway (Kurla Amar Mahal to Ghatkopar),L,50.0,55.0,0.1,0,0.0,Free Flow / Moderate
2024-07-06 07:00:00,RD_EEH_03,Eastern Express Highway (Ghatkopar to Vikhroli / Godrej),N,47.9,55.0,0.13,0,0.0,Free Flow / Moderate
2024-07-06 07:00:00,RD_EEH_04,Eastern Express Highway (Vikhroli to Bhandup / Mulund Toll),T,49.5,55.0,0.1,0,0.0,Free Flow / Moderate
2024-07-06 07:00:00,RD_LBS_01,Lal Bahadur Shastri (LBS) Marg (Sion to Kurla Kamani),L,30.7,35.0,0.12,0,0.0,Free Flow / Moderate
2024-07-06 07:00:00,RD_LBS_02,LBS Marg (Kurla to Ghatkopar Gandhi Nagar),N,30.8,35.0,0.12,0,0.0,Free Flow / Moderate
2024-07-06 07:00:00,RD_LBS_03,LBS Marg (Ghatkopar to Vikhroli / Kanjurmarg),S,32.5,35.0,0.1,0,0.0,Free Flow / Moderate
2024-07-06 07:00:00,RD_LBS_04,LBS Marg (Bhandup to Mulund Check Naka),T,30.9,35.0,0.12,1,0.0,Free Flow / Moderate
2024-07-06 07:00:00,RD_JVL_01,Jogeshwari-Vikhroli Link Road (JVLR - WEH to Powai),K/E,30.0,35.0,0.14,1,0.0,Free Flow / Moderate
2024-07-06 08:00:00,RD_WEH_01,Western Express Highway (Bandra to Santacruz),H/E,30.0,55.0,0.45,4,0.0,Free Flow / Moderate
2024-07-06 08:00:00,RD_WEH_02,Western Express Highway (Santacruz to Andheri Flyover),K/E,32.1,55.0,0.42,4,0.0,Free Flow / Moderate
2024-07-06 08:00:00,RD_WEH_03,Western Express Highway (Andheri to Goregaon Hub),P/S,29.3,55.0,0.47,4,0.0,Free Flow / Moderate
2024-07-06 08:00:00,RD_WEH_04,Western Express Highway (Goregaon to Borivali National Park),R/C,30.3,55.0,0.45,5,0.0,Free Flow / Moderate
2024-07-06 08:00:00,RD_WEH_05,Western Express Highway (Borivali to Dahisar Toll Naka),R/N,31.5,55.0,0.43,3,0.0,Free Flow / Moderate
2024-07-06 08:00:00,RD_SVR_01,Swami Vivekanand (SV) Road (Bandra Lucky Jn to Khar),H/W,19.7,35.0,0.44,4,0.0,Free Flow / Moderate
2024-07-06 08:00:00,RD_SVR_02,SV Road (Santacruz Milan Subway Approach),H/W,19.1,35.0,0.45,2,0.0,Free Flow / Moderate
2024-07-06 08:00:00,RD_SVR_03,SV Road (Vile Parle to Andheri Station West),K/W,20.1,35.0,0.43,4,0.0,Free Flow / Moderate
2024-07-06 08:00:00,RD_SVR_04,SV Road (Andheri Subway Section to Jogeshwari),K/W,18.4,35.0,0.47,4,0.0,Free Flow / Moderate
2024-07-06 08:00:00,RD_SVR_05,SV Road (Goregaon to Malad Subway Jn),P/N,20.5,35.0,0.41,5,0.0,Free Flow / Moderate
2024-07-06 08:00:00,RD_SVR_06,SV Road (Kandivali to Borivali Station West),R/C,19.3,35.0,0.45,6,0.0,Free Flow / Moderate
2024-07-06 08:00:00,RD_LNK_01,New Link Road (Bandra West to Khar Danda),H/W,21.2,35.0,0.39,3,0.0,Free Flow / Moderate
2024-07-06 08:00:00,RD_LNK_02,New Link Road (Juhu Circle to Andheri Infinity Mall),K/W,18.4,35.0,0.47,6,0.0,Free Flow / Moderate
2024-07-06 08:00:00,RD_LNK_03,New Link Road (Oshiwara to Goregaon West / Bangur Nagar),P/S,18.1,35.0,0.48,5,0.0,Free Flow / Moderate
2024-07-06 08:00:00,RD_LNK_04,New Link Road (Malad Inorbit to Mith Chowki),P/N,20.9,35.0,0.4,3,0.0,Free Flow / Moderate
2024-07-06 08:00:00,RD_LNK_05,New Link Road (Kandivali to Dahisar Link Road Extension),R/N,20.0,35.0,0.43,7,0.0,Free Flow / Moderate
2024-07-06 08:00:00,RD_EEH_01,Eastern Express Highway (Sion Circle to Priyadarshini Park),F/N,32.2,55.0,0.41,2,0.0,Free Flow / Moderate
2024-07-06 08:00:00,RD_EEH_02,Eastern Express Highway (Kurla Amar Mahal to Ghatkopar),L,29.0,55.0,0.47,4,0.0,Free Flow / Moderate
2024-07-06 08:00:00,RD_EEH_03,Eastern Express Highway (Ghatkopar to Vikhroli / Godrej),N,29.0,55.0,0.47,4,0.0,Free Flow / Moderate
2024-07-06 08:00:00,RD_EEH_04,Eastern Express Highway (Vikhroli to Bhandup / Mulund Toll),T,31.5,55.0,0.43,5,0.0,Free Flow / Moderate
2024-07-06 08:00:00,RD_LBS_01,Lal Bahadur Shastri (LBS) Marg (Sion to Kurla Kamani),L,18.0,35.0,0.49,6,0.0,Free Flow / Moderate
2024-07-06 08:00:00,RD_LBS_02,LBS Marg (Kurla to Ghatkopar Gandhi Nagar),N,20.7,35.0,0.41,4,0.0,Free Flow / Moderate
2024-07-06 08:00:00,RD_LBS_03,LBS Marg (Ghatkopar to Vikhroli / Kanjurmarg),S,17.4,35.0,0.5,7,0.0,Congested
2024-07-06 08:00:00,RD_LBS_04,LBS Marg (Bhandup to Mulund Check Naka),T,19.6,35.0,0.44,6,0.0,Free Flow / Moderate
2024-07-06 08:00:00,RD_JVL_01,Jogeshwari-Vikhroli Link Road (JVLR - WEH to Powai),K/E,17.9,35.0,0.49,8,0.0,Congested
2024-07-06 09:00:00,RD_WEH_01,Western Express Highway (Bandra to Santacruz),H/E,30.9,55.0,0.44,3,0.0,Free Flow / Moderate
2024-07-06 09:00:00,RD_WEH_02,Western Express Highway (Santacruz to Andheri Flyover),K/E,30.6,55.0,0.44,4,0.0,Free Flow / Moderate
2024-07-06 09:00:00,RD_WEH_03,Western Express Highway (Andheri to Goregaon Hub),P/S,30.4,55.0,0.45,4,0.0,Free Flow / Moderate
2024-07-06 09:00:00,RD_WEH_04,Western Express Highway (Goregaon to Borivali National Park),R/C,29.6,55.0,0.46,6,0.0,Free Flow / Moderate
2024-07-06 09:00:00,RD_WEH_05,Western Express Highway (Borivali to Dahisar Toll Naka),R/N,31.4,55.0,0.43,3,0.0,Free Flow / Moderate
2024-07-06 09:00:00,RD_SVR_01,Swami Vivekanand (SV) Road (Bandra Lucky Jn to Khar),H/W,18.0,35.0,0.49,5,0.0,Free Flow / Moderate
2024-07-06 09:00:00,RD_SVR_02,SV Road (Santacruz Milan Subway Approach),H/W,20.0,35.0,0.43,2,0.0,Free Flow / Moderate
2024-07-06 09:00:00,RD_SVR_03,SV Road (Vile Parle to Andheri Station West),K/W,20.4,35.0,0.42,4,0.0,Free Flow / Moderate
2024-07-06 09:00:00,RD_SVR_04,SV Road (Andheri Subway Section to Jogeshwari),K/W,20.5,35.0,0.41,3,0.0,Free Flow / Moderate
2024-07-06 09:00:00,RD_SVR_05,SV Road (Goregaon to Malad Subway Jn),P/N,18.3,35.0,0.48,6,0.0,Free Flow / Moderate
2024-07-06 09:00:00,RD_SVR_06,SV Road (Kandivali to Borivali Station West),R/C,17.5,35.0,0.5,7,0.0,Congested
2024-07-06 09:00:00,RD_LNK_01,New Link Road (Bandra West to Khar Danda),H/W,20.0,35.0,0.43,3,0.0,Free Flow / Moderate
2024-07-06 09:00:00,RD_LNK_02,New Link Road (Juhu Circle to Andheri Infinity Mall),K/W,19.3,35.0,0.45,5,0.0,Free Flow / Moderate
2024-07-06 09:00:00,RD_LNK_03,New Link Road (Oshiwara to Goregaon West / Bangur Nagar),P/S,19.6,35.0,0.44,4,0.0,Free Flow / Moderate
2024-07-06 09:00:00,RD_LNK_04,New Link Road (Malad Inorbit to Mith Chowki),P/N,18.5,35.0,0.47,4,0.0,Free Flow / Moderate
2024-07-06 09:00:00,RD_LNK_05,New Link Road (Kandivali to Dahisar Link Road Extension),R/N,18.7,35.0,0.47,8,0.0,Free Flow / Moderate
2024-07-06 09:00:00,RD_EEH_01,Eastern Express Highway (Sion Circle to Priyadarshini Park),F/N,29.4,55.0,0.47,3,0.0,Free Flow / Moderate
2024-07-06 09:00:00,RD_EEH_02,Eastern Express Highway (Kurla Amar Mahal to Ghatkopar),L,28.6,55.0,0.48,4,0.0,Free Flow / Moderate
2024-07-06 09:00:00,RD_EEH_03,Eastern Express Highway (Ghatkopar to Vikhroli / Godrej),N,29.0,55.0,0.47,4,0.0,Free Flow / Moderate
2024-07-06 09:00:00,RD_EEH_04,Eastern Express Highway (Vikhroli to Bhandup / Mulund Toll),T,30.7,55.0,0.44,5,0.0,Free Flow / Moderate
2024-07-06 09:00:00,RD_LBS_01,Lal Bahadur Shastri (LBS) Marg (Sion to Kurla Kamani),L,20.2,35.0,0.42,4,0.0,Free Flow / Moderate
2024-07-06 09:00:00,RD_LBS_02,LBS Marg (Kurla to Ghatkopar Gandhi Nagar),N,18.3,35.0,0.48,6,0.0,Free Flow / Moderate
2024-07-06 09:00:00,RD_LBS_03,LBS Marg (Ghatkopar to Vikhroli / Kanjurmarg),S,18.3,35.0,0.48,7,0.0,Free Flow / Moderate
2024-07-06 09:00:00,RD_LBS_04,LBS Marg (Bhandup to Mulund Check Naka),T,19.7,35.0,0.44,6,0.0,Free Flow / Moderate
2024-07-06 09:00:00,RD_JVL_01,Jogeshwari-Vikhroli Link Road (JVLR - WEH to Powai),K/E,19.3,35.0,0.45,7,0.0,Free Flow / Moderate
2024-07-06 10:00:00,RD_WEH_01,Western Express Highway (Bandra to Santacruz),H/E,31.8,55.0,0.42,3,0.0,Free Flow / Moderate
2024-07-06 10:00:00,RD_WEH_02,Western Express Highway (Santacruz to Andheri Flyover),K/E,32.1,55.0,0.42,4,0.0,Free Flow / Moderate
2024-07-06 10:00:00,RD_WEH_03,Western Express Highway (Andheri to Goregaon Hub),P/S,29.5,55.0,0.46,4,0.0,Free Flow / Moderate
2024-07-06 10:00:00,RD_WEH_04,Western Express Highway (Goregaon to Borivali National Park),R/C,31.4,55.0,0.43,5,0.0,Free Flow / Moderate
2024-07-06 10:00:00,RD_WEH_05,Western Express Highway (Borivali to Dahisar Toll Naka),R/N,30.1,55.0,0.45,3,0.0,Free Flow / Moderate
2024-07-06 10:00:00,RD_SVR_01,Swami Vivekanand (SV) Road (Bandra Lucky Jn to Khar),H/W,18.1,35.0,0.48,5,0.0,Free Flow / Moderate
2024-07-06 10:00:00,RD_SVR_02,SV Road (Santacruz Milan Subway Approach),H/W,21.0,35.0,0.4,2,0.0,Free Flow / Moderate
2024-07-06 10:00:00,RD_SVR_03,SV Road (Vile Parle to Andheri Station West),K/W,19.0,35.0,0.46,5,0.0,Free Flow / Moderate
2024-07-06 10:00:00,RD_SVR_04,SV Road (Andheri Subway Section to Jogeshwari),K/W,19.7,35.0,0.44,3,0.0,Free Flow / Moderate
2024-07-06 10:00:00,RD_SVR_05,SV Road (Goregaon to Malad Subway Jn),P/N,20.0,35.0,0.43,5,0.0,Free Flow / Moderate
2024-07-06 10:00:00,RD_SVR_06,SV Road (Kandivali to Borivali Station West),R/C,20.2,35.0,0.42,5,0.0,Free Flow / Moderate
2024-07-06 10:00:00,RD_LNK_01,New Link Road (Bandra West to Khar Danda),H/W,19.0,35.0,0.46,4,0.0,Free Flow / Moderate
2024-07-06 10:00:00,RD_LNK_02,New Link Road (Juhu Circle to Andheri Infinity Mall),K/W,19.3,35.0,0.45,5,0.0,Free Flow / Moderate
2024-07-06 10:00:00,RD_LNK_03,New Link Road (Oshiwara to Goregaon West / Bangur Nagar),P/S,20.0,35.0,0.43,4,0.0,Free Flow / Moderate
2024-07-06 10:00:00,RD_LNK_04,New Link Road (Malad Inorbit to Mith Chowki),P/N,20.1,35.0,0.43,4,0.0,Free Flow / Moderate
2024-07-06 10:00:00,RD_LNK_05,New Link Road (Kandivali to Dahisar Link Road Extension),R/N,20.3,35.0,0.42,7,0.0,Free Flow / Moderate
2024-07-06 10:00:00,RD_EEH_01,Eastern Express Highway (Sion Circle to Priyadarshini Park),F/N,31.5,55.0,0.43,3,0.0,Free Flow / Moderate
2024-07-06 10:00:00,RD_EEH_02,Eastern Express Highway (Kurla Amar Mahal to Ghatkopar),L,29.2,55.0,0.47,4,0.0,Free Flow / Moderate
2024-07-06 10:00:00,RD_EEH_03,Eastern Express Highway (Ghatkopar to Vikhroli / Godrej),N,31.0,55.0,0.44,3,0.0,Free Flow / Moderate
2024-07-06 10:00:00,RD_EEH_04,Eastern Express Highway (Vikhroli to Bhandup / Mulund Toll),T,29.9,55.0,0.46,6,0.0,Free Flow / Moderate
2024-07-06 10:00:00,RD_LBS_01,Lal Bahadur Shastri (LBS) Marg (Sion to Kurla Kamani),L,20.6,35.0,0.41,4,0.0,Free Flow / Moderate
2024-07-06 10:00:00,RD_LBS_02,LBS Marg (Kurla to Ghatkopar Gandhi Nagar),N,19.9,35.0,0.43,5,0.0,Free Flow / Moderate
2024-07-06 10:00:00,RD_LBS_03,LBS Marg (Ghatkopar to Vikhroli / Kanjurmarg),S,20.4,35.0,0.42,5,0.0,Free Flow / Moderate
2024-07-06 10:00:00,RD_LBS_04,LBS Marg (Bhandup to Mulund Check Naka),T,19.4,35.0,0.45,6,0.0,Free Flow / Moderate
2024-07-06 10:00:00,RD_JVL_01,Jogeshwari-Vikhroli Link Road (JVLR - WEH to Powai),K/E,19.4,35.0,0.45,7,0.0,Free Flow / Moderate
2024-07-06 11:00:00,RD_WEH_01,Western Express Highway (Bandra to Santacruz),H/E,31.6,55.0,0.43,3,0.0,Free Flow / Moderate
2024-07-06 11:00:00,RD_WEH_02,Western Express Highway (Santacruz to Andheri Flyover),K/E,32.1,55.0,0.42,4,0.0,Free Flow / Moderate
2024-07-06 11:00:00,RD_WEH_03,Western Express Highway (Andheri to Goregaon Hub),P/S,29.9,55.0,0.46,4,0.0,Free Flow / Moderate
2024-07-06 11:00:00,RD_WEH_04,Western Express Highway (Goregaon to Borivali National Park),R/C,29.6,55.0,0.46,6,0.0,Free Flow / Moderate
2024-07-06 11:00:00,RD_WEH_05,Western Express Highway (Borivali to Dahisar Toll Naka),R/N,30.4,55.0,0.45,3,0.0,Free Flow / Moderate
2024-07-06 11:00:00,RD_SVR_01,Swami Vivekanand (SV) Road (Bandra Lucky Jn to Khar),H/W,18.3,35.0,0.48,5,0.0,Free Flow / Moderate
2024-07-06 11:00:00,RD_SVR_02,SV Road (Santacruz Milan Subway Approach),H/W,19.8,35.0,0.43,2,0.0,Free Flow / Moderate
2024-07-06 11:00:00,RD_SVR_03,SV Road (Vile Parle to Andheri Station West),K/W,17.4,35.0,0.5,6,0.0,Congested
2024-07-06 11:00:00,RD_SVR_04,SV Road (Andheri Subway Section to Jogeshwari),K/W,21.0,35.0,0.4,3,0.0,Free Flow / Moderate
2024-07-06 11:00:00,RD_SVR_05,SV Road (Goregaon to Malad Subway Jn),P/N,18.9,35.0,0.46,6,0.0,Free Flow / Moderate
2024-07-06 11:00:00,RD_SVR_06,SV Road (Kandivali to Borivali Station West),R/C,20.3,35.0,0.42,5,0.0,Free Flow / Moderate
2024-07-06 11:00:00,RD_LNK_01,New Link Road (Bandra West to Khar Danda),H/W,18.0,35.0,0.49,4,0.0,Free Flow / Moderate
2024-07-06 11:00:00,RD_LNK_02,New Link Road (Juhu Circle to Andheri Infinity Mall),K/W,18.2,35.0,0.48,6,0.0,Free Flow / Moderate
2024-07-06 11:00:00,RD_LNK_03,New Link Road (Oshiwara to Goregaon West / Bangur Nagar),P/S,17.6,35.0,0.5,6,0.0,Congested
2024-07-06 11:00:00,RD_LNK_04,New Link Road (Malad Inorbit to Mith Chowki),P/N,18.7,35.0,0.47,4,0.0,Free Flow / Moderate
2024-07-06 11:00:00,RD_LNK_05,New Link Road (Kandivali to Dahisar Link Road Extension),R/N,19.2,35.0,0.45,8,0.0,Free Flow / Moderate
2024-07-06 11:00:00,RD_EEH_01,Eastern Express Highway (Sion Circle to Priyadarshini Park),F/N,28.9,55.0,0.47,3,0.0,Free Flow / Moderate
2024-07-06 11:00:00,RD_EEH_02,Eastern Express Highway (Kurla Amar Mahal to Ghatkopar),L,28.7,55.0,0.48,4,0.0,Free Flow / Moderate
2024-07-06 11:00:00,RD_EEH_03,Eastern Express Highway (Ghatkopar to Vikhroli / Godrej),N,30.1,55.0,0.45,3,0.0,Free Flow / Moderate
2024-07-06 11:00:00,RD_EEH_04,Eastern Express Highway (Vikhroli to Bhandup / Mulund Toll),T,29.9,55.0,0.46,6,0.0,Free Flow / Moderate
2024-07-06 11:00:00,RD_LBS_01,Lal Bahadur Shastri (LBS) Marg (Sion to Kurla Kamani),L,17.4,35.0,0.5,6,0.0,Congested
2024-07-06 11:00:00,RD_LBS_02,LBS Marg (Kurla to Ghatkopar Gandhi Nagar),N,20.8,35.0,0.41,4,0.0,Free Flow / Moderate
2024-07-06 11:00:00,RD_LBS_03,LBS Marg (Ghatkopar to Vikhroli / Kanjurmarg),S,20.4,35.0,0.42,5,0.0,Free Flow / Moderate
2024-07-06 11:00:00,RD_LBS_04,LBS Marg (Bhandup to Mulund Check Naka),T,18.5,35.0,0.47,7,0.0,Free Flow / Moderate
2024-07-06 11:00:00,RD_JVL_01,Jogeshwari-Vikhroli Link Road (JVLR - WEH to Powai),K/E,18.6,35.0,0.47,8,0.0,Free Flow / Moderate
2024-07-06 12:00:00,RD_WEH_01,Western Express Highway (Bandra to Santacruz),H/E,50.9,55.0,0.1,0,0.0,Free Flow / Moderate
2024-07-06 12:00:00,RD_WEH_02,Western Express Highway (Santacruz to Andheri Flyover),K/E,51.2,55.0,0.1,0,0.0,Free Flow / Moderate
2024-07-06 12:00:00,RD_WEH_03,Western Express Highway (Andheri to Goregaon Hub),P/S,51.5,55.0,0.1,0,0.0,Free Flow / Moderate
2024-07-06 12:00:00,RD_WEH_04,Western Express Highway (Goregaon to Borivali National Park),R/C,48.4,55.0,0.12,0,0.0,Free Flow / Moderate
2024-07-06 12:00:00,RD_WEH_05,Western Express Highway (Borivali to Dahisar Toll Naka),R/N,48.4,55.0,0.12,0,0.0,Free Flow / Moderate
2024-07-06 12:00:00,RD_SVR_01,Swami Vivekanand (SV) Road (Bandra Lucky Jn to Khar),H/W,31.6,35.0,0.1,0,0.0,Free Flow / Moderate
2024-07-06 12:00:00,RD_SVR_02,SV Road (Santacruz Milan Subway Approach),H/W,32.0,35.0,0.1,0,0.0,Free Flow / Moderate
2024-07-06 12:00:00,RD_SVR_03,SV Road (Vile Parle to Andheri Station West),K/W,32.4,35.0,0.1,0,0.0,Free Flow / Moderate
2024-07-06 12:00:00,RD_SVR_04,SV Road (Andheri Subway Section to Jogeshwari),K/W,29.7,35.0,0.15,0,0.0,Free Flow / Moderate
2024-07-06 12:00:00,RD_SVR_05,SV Road (Goregaon to Malad Subway Jn),P/N,30.8,35.0,0.12,0,0.0,Free Flow / Moderate
2024-07-06 12:00:00,RD_SVR_06,SV Road (Kandivali to Borivali Station West),R/C,31.9,35.0,0.1,0,0.0,Free Flow / Moderate
2024-07-06 12:00:00,RD_LNK_01,New Link Road (Bandra West to Khar Danda),H/W,30.4,35.0,0.13,0,0.0,Free Flow / Moderate
2024-07-06 12:00:00,RD_LNK_02,New Link Road (Juhu Circle to Andheri Infinity Mall),K/W,30.0,35.0,0.14,1,0.0,Free Flow / Moderate
2024-07-06 12:00:00,RD_LNK_03,New Link Road (Oshiwara to Goregaon West / Bangur Nagar),P/S,30.1,35.0,0.14,1,0.0,Free Flow / Moderate
2024-07-06 12:00:00,RD_LNK_04,New Link Road (Malad Inorbit to Mith Chowki),P/N,32.4,35.0,0.1,0,0.0,Free Flow / Moderate
2024-07-06 12:00:00,RD_LNK_05,New Link Road (Kandivali to Dahisar Link Road Extension),R/N,30.6,35.0,0.13,1,0.0,Free Flow / Moderate
2024-07-06 12:00:00,RD_EEH_01,Eastern Express Highway (Sion Circle to Priyadarshini Park),F/N,48.0,55.0,0.13,0,0.0,Free Flow / Moderate
2024-07-06 12:00:00,RD_EEH_02,Eastern Express Highway (Kurla Amar Mahal to Ghatkopar),L,49.3,55.0,0.1,0,0.0,Free Flow / Moderate
2024-07-06 12:00:00,RD_EEH_03,Eastern Express Highway (Ghatkopar to Vikhroli / Godrej),N,50.5,55.0,0.1,0,0.0,Free Flow / Moderate
2024-07-06 12:00:00,RD_EEH_04,Eastern Express Highway (Vikhroli to Bhandup / Mulund Toll),T,49.9,55.0,0.1,0,0.0,Free Flow / Moderate
2024-07-06 12:00:00,RD_LBS_01,Lal Bahadur Shastri (LBS) Marg (Sion to Kurla Kamani),L,30.2,35.0,0.14,1,0.0,Free Flow / Moderate
2024-07-06 12:00:00,RD_LBS_02,LBS Marg (Kurla to Ghatkopar Gandhi Nagar),N,31.5,35.0,0.1,0,0.0,Free Flow / Moderate
2024-07-06 12:00:00,RD_LBS_03,LBS Marg (Ghatkopar to Vikhroli / Kanjurmarg),S,30.6,35.0,0.13,1,0.0,Free Flow / Moderate
2024-07-06 12:00:00,RD_LBS_04,LBS Marg (Bhandup to Mulund Check Naka),T,29.6,35.0,0.15,1,0.0,Free Flow / Moderate
2024-07-06 12:00:00,RD_JVL_01,Jogeshwari-Vikhroli Link Road (JVLR - WEH to Powai),K/E,33.1,35.0,0.1,0,0.0,Free Flow / Moderate
2024-07-06 13:00:00,RD_WEH_01,Western Express Highway (Bandra to Santacruz),H/E,48.4,55.0,0.12,0,0.0,Free Flow / Moderate
2024-07-06 13:00:00,RD_WEH_02,Western Express Highway (Santacruz to Andheri Flyover),K/E,49.9,55.0,0.1,0,0.0,Free Flow / Moderate
2024-07-06 13:00:00,RD_WEH_03,Western Express Highway (Andheri to Goregaon Hub),P/S,50.2,55.0,0.1,0,0.0,Free Flow / Moderate
2024-07-06 13:00:00,RD_WEH_04,Western Express Highway (Goregaon to Borivali National Park),R/C,50.1,55.0,0.1,0,0.0,Free Flow / Moderate
2024-07-06 13:00:00,RD_WEH_05,Western Express Highway (Borivali to Dahisar Toll Naka),R/N,48.9,55.0,0.11,0,0.0,Free Flow / Moderate
2024-07-06 13:00:00,RD_SVR_01,Swami Vivekanand (SV) Road (Bandra Lucky Jn to Khar),H/W,30.6,35.0,0.13,0,0.0,Free Flow / Moderate
2024-07-06 13:00:00,RD_SVR_02,SV Road (Santacruz Milan Subway Approach),H/W,32.7,35.0,0.1,0,0.0,Free Flow / Moderate
2024-07-06 13:00:00,RD_SVR_03,SV Road (Vile Parle to Andheri Station West),K/W,32.6,35.0,0.1,0,0.0,Free Flow / Moderate
2024-07-06 13:00:00,RD_SVR_04,SV Road (Andheri Subway Section to Jogeshwari),K/W,31.0,35.0,0.11,0,0.0,Free Flow / Moderate
2024-07-06 13:00:00,RD_SVR_05,SV Road (Goregaon to Malad Subway Jn),P/N,33.1,35.0,0.1,0,0.0,Free Flow / Moderate
2024-07-06 13:00:00,RD_SVR_06,SV Road (Kandivali to Borivali Station West),R/C,29.5,35.0,0.16,1,0.0,Free Flow / Moderate
2024-07-06 13:00:00,RD_LNK_01,New Link Road (Bandra West to Khar Danda),H/W,32.8,35.0,0.1,0,0.0,Free Flow / Moderate
2024-07-06 13:00:00,RD_LNK_02,New Link Road (Juhu Circle to Andheri Infinity Mall),K/W,30.0,35.0,0.14,1,0.0,Free Flow / Moderate
2024-07-06 13:00:00,RD_LNK_03,New Link Road (Oshiwara to Goregaon West / Bangur Nagar),P/S,33.3,35.0,0.1,0,0.0,Free Flow / Moderate
2024-07-06 13:00:00,RD_LNK_04,New Link Road (Malad Inorbit to Mith Chowki),P/N,32.5,35.0,0.1,0,0.0,Free Flow / Moderate
2024-07-06 13:00:00,RD_LNK_05,New Link Road (Kandivali to Dahisar Link Road Extension),R/N,30.5,35.0,0.13,1,0.0,Free Flow / Moderate
2024-07-06 13:00:00,RD_EEH_01,Eastern Express Highway (Sion Circle to Priyadarshini Park),F/N,47.5,55.0,0.14,0,0.0,Free Flow / Moderate
2024-07-06 13:00:00,RD_EEH_02,Eastern Express Highway (Kurla Amar Mahal to Ghatkopar),L,48.8,55.0,0.11,0,0.0,Free Flow / Moderate
2024-07-06 13:00:00,RD_EEH_03,Eastern Express Highway (Ghatkopar to Vikhroli / Godrej),N,48.0,55.0,0.13,0,0.0,Free Flow / Moderate
2024-07-06 13:00:00,RD_EEH_04,Eastern Express Highway (Vikhroli to Bhandup / Mulund Toll),T,50.2,55.0,0.1,0,0.0,Free Flow / Moderate
2024-07-06 13:00:00,RD_LBS_01,Lal Bahadur Shastri (LBS) Marg (Sion to Kurla Kamani),L,30.7,35.0,0.12,0,0.0,Free Flow / Moderate
2024-07-06 13:00:00,RD_LBS_02,LBS Marg (Kurla to Ghatkopar Gandhi Nagar),N,33.2,35.0,0.1,0,0.0,Free Flow / Moderate
2024-07-06 13:00:00,RD_LBS_03,LBS Marg (Ghatkopar to Vikhroli / Kanjurmarg),S,32.9,35.0,0.1,0,0.0,Free Flow / Moderate
2024-07-06 13:00:00,RD_LBS_04,LBS Marg (Bhandup to Mulund Check Naka),T,29.5,35.0,0.16,1,0.0,Free Flow / Moderate
2024-07-06 13:00:00,RD_JVL_01,Jogeshwari-Vikhroli Link Road (JVLR - WEH to Powai),K/E,31.5,35.0,0.1,1,0.0,Free Flow / Moderate
2024-07-06 14:00:00,RD_WEH_01,Western Express Highway (Bandra to Santacruz),H/E,48.9,55.0,0.11,0,0.0,Free Flow / Moderate
2024-07-06 14:00:00,RD_WEH_02,Western Express Highway (Santacruz to Andheri Flyover),K/E,48.4,55.0,0.12,0,0.0,Free Flow / Moderate
2024-07-06 14:00:00,RD_WEH_03,Western Express Highway (Andheri to Goregaon Hub),P/S,48.2,55.0,0.12,0,0.0,Free Flow / Moderate
2024-07-06 14:00:00,RD_WEH_04,Western Express Highway (Goregaon to Borivali National Park),R/C,47.9,55.0,0.13,1,0.0,Free Flow / Moderate
2024-07-06 14:00:00,RD_WEH_05,Western Express Highway (Borivali to Dahisar Toll Naka),R/N,50.1,55.0,0.1,0,0.0,Free Flow / Moderate
2024-07-06 14:00:00,RD_SVR_01,Swami Vivekanand (SV) Road (Bandra Lucky Jn to Khar),H/W,31.4,35.0,0.1,0,0.0,Free Flow / Moderate
2024-07-06 14:00:00,RD_SVR_02,SV Road (Santacruz Milan Subway Approach),H/W,29.5,35.0,0.16,0,0.0,Free Flow / Moderate
2024-07-06 14:00:00,RD_SVR_03,SV Road (Vile Parle to Andheri Station West),K/W,30.2,35.0,0.14,0,0.0,Free Flow / Moderate
2024-07-06 14:00:00,RD_SVR_04,SV Road (Andheri Subway Section to Jogeshwari),K/W,32.1,35.0,0.1,0,0.0,Free Flow / Moderate
2024-07-06 14:00:00,RD_SVR_05,SV Road (Goregaon to Malad Subway Jn),P/N,31.4,35.0,0.1,0,0.0,Free Flow / Moderate
2024-07-06 14:00:00,RD_SVR_06,SV Road (Kandivali to Borivali Station West),R/C,32.0,35.0,0.1,0,0.0,Free Flow / Moderate
2024-07-06 14:00:00,RD_LNK_01,New Link Road (Bandra West to Khar Danda),H/W,30.7,35.0,0.12,0,0.0,Free Flow / Moderate
2024-07-06 14:00:00,RD_LNK_02,New Link Road (Juhu Circle to Andheri Infinity Mall),K/W,31.9,35.0,0.1,0,0.0,Free Flow / Moderate
2024-07-06 14:00:00,RD_LNK_03,New Link Road (Oshiwara to Goregaon West / Bangur Nagar),P/S,33.2,35.0,0.1,0,0.0,Free Flow / Moderate
2024-07-06 14:00:00,RD_LNK_04,New Link Road (Malad Inorbit to Mith Chowki),P/N,31.6,35.0,0.1,0,0.0,Free Flow / Moderate
2024-07-06 14:00:00,RD_LNK_05,New Link Road (Kandivali to Dahisar Link Road Extension),R/N,32.9,35.0,0.1,0,0.0,Free Flow / Moderate
2024-07-06 14:00:00,RD_EEH_01,Eastern Express Highway (Sion Circle to Priyadarshini Park),F/N,48.9,55.0,0.11,0,0.0,Free Flow / Moderate
2024-07-06 14:00:00,RD_EEH_02,Eastern Express Highway (Kurla Amar Mahal to Ghatkopar),L,50.0,55.0,0.1,0,0.0,Free Flow / Moderate
2024-07-06 14:00:00,RD_EEH_03,Eastern Express Highway (Ghatkopar to Vikhroli / Godrej),N,48.1,55.0,0.13,0,0.0,Free Flow / Moderate
2024-07-06 14:00:00,RD_EEH_04,Eastern Express Highway (Vikhroli to Bhandup / Mulund Toll),T,47.6,55.0,0.13,1,0.0,Free Flow / Moderate
2024-07-06 14:00:00,RD_LBS_01,Lal Bahadur Shastri (LBS) Marg (Sion to Kurla Kamani),L,33.0,35.0,0.1,0,0.0,Free Flow / Moderate
2024-07-06 14:00:00,RD_LBS_02,LBS Marg (Kurla to Ghatkopar Gandhi Nagar),N,30.5,35.0,0.13,1,0.0,Free Flow / Moderate
2024-07-06 14:00:00,RD_LBS_03,LBS Marg (Ghatkopar to Vikhroli / Kanjurmarg),S,33.2,35.0,0.1,0,0.0,Free Flow / Moderate
2024-07-06 14:00:00,RD_LBS_04,LBS Marg (Bhandup to Mulund Check Naka),T,30.8,35.0,0.12,1,0.0,Free Flow / Moderate
2024-07-06 14:00:00,RD_JVL_01,Jogeshwari-Vikhroli Link Road (JVLR - WEH to Powai),K/E,30.3,35.0,0.13,1,0.0,Free Flow / Moderate
2024-07-06 15:00:00,RD_WEH_01,Western Express Highway (Bandra to Santacruz),H/E,50.1,55.0,0.1,0,0.0,Free Flow / Moderate
2024-07-06 15:00:00,RD_WEH_02,Western Express Highway (Santacruz to Andheri Flyover),K/E,50.4,55.0,0.1,0,0.0,Free Flow / Moderate
2024-07-06 15:00:00,RD_WEH_03,Western Express Highway (Andheri to Goregaon Hub),P/S,49.6,55.0,0.1,0,0.0,Free Flow / Moderate
2024-07-06 15:00:00,RD_WEH_04,Western Express Highway (Goregaon to Borivali National Park),R/C,51.1,55.0,0.1,0,0.0,Free Flow / Moderate
2024-07-06 15:00:00,RD_WEH_05,Western Express Highway (Borivali to Dahisar Toll Naka),R/N,51.1,55.0,0.1,0,0.0,Free Flow / Moderate
2024-07-06 15:00:00,RD_SVR_01,Swami Vivekanand (SV) Road (Bandra Lucky Jn to Khar),H/W,30.8,35.0,0.12,0,0.0,Free Flow / Moderate
2024-07-06 15:00:00,RD_SVR_02,SV Road (Santacruz Milan Subway Approach),H/W,32.6,35.0,0.1,0,0.0,Free Flow / Moderate
2024-07-06 15:00:00,RD_SVR_03,SV Road (Vile Parle to Andheri Station West),K/W,31.7,35.0,0.1,0,0.0,Free Flow / Moderate
2024-07-06 15:00:00,RD_SVR_04,SV Road (Andheri Subway Section to Jogeshwari),K/W,32.3,35.0,0.1,0,0.0,Free Flow / Moderate
2024-07-06 15:00:00,RD_SVR_05,SV Road (Goregaon to Malad Subway Jn),P/N,29.8,35.0,0.15,1,0.0,Free Flow / Moderate
2024-07-06 15:00:00,RD_SVR_06,SV Road (Kandivali to Borivali Station West),R/C,33.0,35.0,0.1,0,0.0,Free Flow / Moderate
2024-07-06 15:00:00,RD_LNK_01,New Link Road (Bandra West to Khar Danda),H/W,30.3,35.0,0.13,0,0.0,Free Flow / Moderate
2024-07-06 15:00:00,RD_LNK_02,New Link Road (Juhu Circle to Andheri Infinity Mall),K/W,30.4,35.0,0.13,1,0.0,Free Flow / Moderate
2024-07-06 15:00:00,RD_LNK_03,New Link Road (Oshiwara to Goregaon West / Bangur Nagar),P/S,32.4,35.0,0.1,0,0.0,Free Flow / Moderate
2024-07-06 15:00:00,RD_LNK_04,New Link Road (Malad Inorbit to Mith Chowki),P/N,31.1,35.0,0.11,0,0.0,Free Flow / Moderate
2024-07-06 15:00:00,RD_LNK_05,New Link Road (Kandivali to Dahisar Link Road Extension),R/N,33.1,35.0,0.1,0,0.0,Free Flow / Moderate
2024-07-06 15:00:00,RD_EEH_01,Eastern Express Highway (Sion Circle to Priyadarshini Park),F/N,49.7,55.0,0.1,0,0.0,Free Flow / Moderate
2024-07-06 15:00:00,RD_EEH_02,Eastern Express Highway (Kurla Amar Mahal to Ghatkopar),L,50.5,55.0,0.1,0,0.0,Free Flow / Moderate
2024-07-06 15:00:00,RD_EEH_03,Eastern Express Highway (Ghatkopar to Vikhroli / Godrej),N,49.1,55.0,0.11,0,0.0,Free Flow / Moderate
2024-07-06 15:00:00,RD_EEH_04,Eastern Express Highway (Vikhroli to Bhandup / Mulund Toll),T,48.3,55.0,0.12,1,0.0,Free Flow / Moderate
2024-07-06 15:00:00,RD_LBS_01,Lal Bahadur Shastri (LBS) Marg (Sion to Kurla Kamani),L,29.9,35.0,0.15,1,0.0,Free Flow / Moderate
2024-07-06 15:00:00,RD_LBS_02,LBS Marg (Kurla to Ghatkopar Gandhi Nagar),N,30.4,35.0,0.13,1,0.0,Free Flow / Moderate
2024-07-06 15:00:00,RD_LBS_03,LBS Marg (Ghatkopar to Vikhroli / Kanjurmarg),S,32.2,35.0,0.1,0,0.0,Free Flow / Moderate
2024-07-06 15:00:00,RD_LBS_04,LBS Marg (Bhandup to Mulund Check Naka),T,31.5,35.0,0.1,0,0.0,Free Flow / Moderate
2024-07-06 15:00:00,RD_JVL_01,Jogeshwari-Vikhroli Link Road (JVLR - WEH to Powai),K/E,31.8,35.0,0.1,0,0.0,Free Flow / Moderate
2024-07-06 16:00:00,RD_WEH_01,Western Express Highway (Bandra to Santacruz),H/E,48.7,55.0,0.11,0,0.0,Free Flow / Moderate
2024-07-06 16:00:00,RD_WEH_02,Western Express Highway (Santacruz to Andheri Flyover),K/E,49.0,55.0,0.11,0,0.0,Free Flow / Moderate
2024-07-06 16:00:00,RD_WEH_03,Western Express Highway (Andheri to Goregaon Hub),P/S,51.3,55.0,0.1,0,0.0,Free Flow / Moderate
2024-07-06 16:00:00,RD_WEH_04,Western Express Highway (Goregaon to Borivali National Park),R/C,49.6,55.0,0.1,0,0.0,Free Flow / Moderate
2024-07-06 16:00:00,RD_WEH_05,Western Express Highway (Borivali to Dahisar Toll Naka),R/N,50.0,55.0,0.1,0,0.0,Free Flow / Moderate
2024-07-06 16:00:00,RD_SVR_01,Swami Vivekanand (SV) Road (Bandra Lucky Jn to Khar),H/W,31.1,35.0,0.11,0,0.0,Free Flow / Moderate
2024-07-06 16:00:00,RD_SVR_02,SV Road (Santacruz Milan Subway Approach),H/W,30.7,35.0,0.12,0,0.0,Free Flow / Moderate
2024-07-06 16:00:00,RD_SVR_03,SV Road (Vile Parle to Andheri Station West),K/W,31.9,35.0,0.1,0,0.0,Free Flow / Moderate
2024-07-06 16:00:00,RD_SVR_04,SV Road (Andheri Subway Section to Jogeshwari),K/W,31.5,35.0,0.1,0,0.0,Free Flow / Moderate
2024-07-06 16:00:00,RD_SVR_05,SV Road (Goregaon to Malad Subway Jn),P/N,30.8,35.0,0.12,0,0.0,Free Flow / Moderate
2024-07-06 16:00:00,RD_SVR_06,SV Road (Kandivali to Borivali Station West),R/C,31.0,35.0,0.11,1,0.0,Free Flow / Moderate
2024-07-06 16:00:00,RD_LNK_01,New Link Road (Bandra West to Khar Danda),H/W,32.2,35.0,0.1,0,0.0,Free Flow / Moderate
2024-07-06 16:00:00,RD_LNK_02,New Link Road (Juhu Circle to Andheri Infinity Mall),K/W,32.0,35.0,0.1,0,0.0,Free Flow / Moderate
2024-07-06 16:00:00,RD_LNK_03,New Link Road (Oshiwara to Goregaon West / Bangur Nagar),P/S,30.9,35.0,0.12,0,0.0,Free Flow / Moderate
2024-07-06 16:00:00,RD_LNK_04,New Link Road (Malad Inorbit to Mith Chowki),P/N,30.3,35.0,0.13,0,0.0,Free Flow / Moderate
2024-07-06 16:00:00,RD_LNK_05,New Link Road (Kandivali to Dahisar Link Road Extension),R/N,30.7,35.0,0.12,1,0.0,Free Flow / Moderate
2024-07-06 16:00:00,RD_EEH_01,Eastern Express Highway (Sion Circle to Priyadarshini Park),F/N,50.4,55.0,0.1,0,0.0,Free Flow / Moderate
2024-07-06 16:00:00,RD_EEH_02,Eastern Express Highway (Kurla Amar Mahal to Ghatkopar),L,48.6,55.0,0.12,0,0.0,Free Flow / Moderate
2024-07-06 16:00:00,RD_EEH_03,Eastern Express Highway (Ghatkopar to Vikhroli / Godrej),N,49.5,55.0,0.1,0,0.0,Free Flow / Moderate
2024-07-06 16:00:00,RD_EEH_04,Eastern Express Highway (Vikhroli to Bhandup / Mulund Toll),T,50.5,55.0,0.1,0,0.0,Free Flow / Moderate
2024-07-06 16:00:00,RD_LBS_01,Lal Bahadur Shastri (LBS) Marg (Sion to Kurla Kamani),L,32.6,35.0,0.1,0,0.0,Free Flow / Moderate
2024-07-06 16:00:00,RD_LBS_02,LBS Marg (Kurla to Ghatkopar Gandhi Nagar),N,32.4,35.0,0.1,0,0.0,Free Flow / Moderate
2024-07-06 16:00:00,RD_LBS_03,LBS Marg (Ghatkopar to Vikhroli / Kanjurmarg),S,29.5,35.0,0.16,1,0.0,Free Flow / Moderate
2024-07-06 16:00:00,RD_LBS_04,LBS Marg (Bhandup to Mulund Check Naka),T,32.6,35.0,0.1,0,0.0,Free Flow / Moderate
2024-07-06 16:00:00,RD_JVL_01,Jogeshwari-Vikhroli Link Road (JVLR - WEH to Powai),K/E,31.9,35.0,0.1,0,0.0,Free Flow / Moderate
2024-07-06 17:00:00,RD_WEH_01,Western Express Highway (Bandra to Santacruz),H/E,30.0,55.0,0.45,4,0.0,Free Flow / Moderate
2024-07-06 17:00:00,RD_WEH_02,Western Express Highway (Santacruz to Andheri Flyover),K/E,31.0,55.0,0.44,4,0.0,Free Flow / Moderate
2024-07-06 17:00:00,RD_WEH_03,Western Express Highway (Andheri to Goregaon Hub),P/S,31.3,55.0,0.43,3,0.0,Free Flow / Moderate
2024-07-06 17:00:00,RD_WEH_04,Western Express Highway (Goregaon to Borivali National Park),R/C,29.2,55.0,0.47,6,0.0,Free Flow / Moderate
2024-07-06 17:00:00,RD_WEH_05,Western Express Highway (Borivali to Dahisar Toll Naka),R/N,30.8,55.0,0.44,3,0.0,Free Flow / Moderate
2024-07-06 17:00:00,RD_SVR_01,Swami Vivekanand (SV) Road (Bandra Lucky Jn to Khar),H/W,20.4,35.0,0.42,3,0.0,Free Flow / Moderate
2024-07-06 17:00:00,RD_SVR_02,SV Road (Santacruz Milan Subway Approach),H/W,18.7,35.0,0.47,3,0.0,Free Flow / Moderate
2024-07-06 17:00:00,RD_SVR_03,SV Road (Vile Parle to Andheri Station West),K/W,19.2,35.0,0.45,4,0.0,Free Flow / Moderate
2024-07-06 17:00:00,RD_SVR_04,SV Road (Andheri Subway Section to Jogeshwari),K/W,18.0,35.0,0.49,4,0.0,Free Flow / Moderate
2024-07-06 17:00:00,RD_SVR_05,SV Road (Goregaon to Malad Subway Jn),P/N,20.9,35.0,0.4,4,0.0,Free Flow / Moderate
2024-07-06 17:00:00,RD_SVR_06,SV Road (Kandivali to Borivali Station West),R/C,19.2,35.0,0.45,6,0.0,Free Flow / Moderate
2024-07-06 17:00:00,RD_LNK_01,New Link Road (Bandra West to Khar Danda),H/W,19.9,35.0,0.43,3,0.0,Free Flow / Moderate
2024-07-06 17:00:00,RD_LNK_02,New Link Road (Juhu Circle to Andheri Infinity Mall),K/W,20.6,35.0,0.41,4,0.0,Free Flow / Moderate
2024-07-06 17:00:00,RD_LNK_03,New Link Road (Oshiwara to Goregaon West / Bangur Nagar),P/S,21.1,35.0,0.4,4,0.0,Free Flow / Moderate
2024-07-06 17:00:00,RD_LNK_04,New Link Road (Malad Inorbit to Mith Chowki),P/N,18.4,35.0,0.47,4,0.0,Free Flow / Moderate
2024-07-06 17:00:00,RD_LNK_05,New Link Road (Kandivali to Dahisar Link Road Extension),R/N,20.8,35.0,0.41,6,0.0,Free Flow / Moderate
2024-07-06 17:00:00,RD_EEH_01,Eastern Express Highway (Sion Circle to Priyadarshini Park),F/N,30.5,55.0,0.45,3,0.0,Free Flow / Moderate
2024-07-06 17:00:00,RD_EEH_02,Eastern Express Highway (Kurla Amar Mahal to Ghatkopar),L,31.7,55.0,0.42,3,0.0,Free Flow / Moderate
2024-07-06 17:00:00,RD_EEH_03,Eastern Express Highway (Ghatkopar to Vikhroli / Godrej),N,29.0,55.0,0.47,4,0.0,Free Flow / Moderate
2024-07-06 17:00:00,RD_EEH_04,Eastern Express Highway (Vikhroli to Bhandup / Mulund Toll),T,29.2,55.0,0.47,6,0.0,Free Flow / Moderate
2024-07-06 17:00:00,RD_LBS_01,Lal Bahadur Shastri (LBS) Marg (Sion to Kurla Kamani),L,20.4,35.0,0.42,4,0.0,Free Flow / Moderate
2024-07-06 17:00:00,RD_LBS_02,LBS Marg (Kurla to Ghatkopar Gandhi Nagar),N,18.9,35.0,0.46,5,0.0,Free Flow / Moderate
2024-07-06 17:00:00,RD_LBS_03,LBS Marg (Ghatkopar to Vikhroli / Kanjurmarg),S,20.5,35.0,0.41,5,0.0,Free Flow / Moderate
2024-07-06 17:00:00,RD_LBS_04,LBS Marg (Bhandup to Mulund Check Naka),T,21.0,35.0,0.4,5,0.0,Free Flow / Moderate
2024-07-06 17:00:00,RD_JVL_01,Jogeshwari-Vikhroli Link Road (JVLR - WEH to Powai),K/E,17.4,35.0,0.5,9,0.0,Congested
2024-07-06 18:00:00,RD_WEH_01,Western Express Highway (Bandra to Santacruz),H/E,31.6,55.0,0.43,3,0.0,Free Flow / Moderate
2024-07-06 18:00:00,RD_WEH_02,Western Express Highway (Santacruz to Andheri Flyover),K/E,30.4,55.0,0.45,4,0.0,Free Flow / Moderate
2024-07-06 18:00:00,RD_WEH_03,Western Express Highway (Andheri to Goregaon Hub),P/S,29.8,55.0,0.46,4,0.0,Free Flow / Moderate
2024-07-06 18:00:00,RD_WEH_04,Western Express Highway (Goregaon to Borivali National Park),R/C,28.3,55.0,0.49,6,0.0,Free Flow / Moderate
2024-07-06 18:00:00,RD_WEH_05,Western Express Highway (Borivali to Dahisar Toll Naka),R/N,32.0,55.0,0.42,3,0.0,Free Flow / Moderate
2024-07-06 18:00:00,RD_SVR_01,Swami Vivekanand (SV) Road (Bandra Lucky Jn to Khar),H/W,18.3,35.0,0.48,5,0.0,Free Flow / Moderate
2024-07-06 18:00:00,RD_SVR_02,SV Road (Santacruz Milan Subway Approach),H/W,20.8,35.0,0.41,2,0.0,Free Flow / Moderate
2024-07-06 18:00:00,RD_SVR_03,SV Road (Vile Parle to Andheri Station West),K/W,20.8,35.0,0.41,4,0.0,Free Flow / Moderate
2024-07-06 18:00:00,RD_SVR_04,SV Road (Andheri Subway Section to Jogeshwari),K/W,18.9,35.0,0.46,4,0.0,Free Flow / Moderate
2024-07-06 18:00:00,RD_SVR_05,SV Road (Goregaon to Malad Subway Jn),P/N,17.8,35.0,0.49,6,0.0,Congested
2024-07-06 18:00:00,RD_SVR_06,SV Road (Kandivali to Borivali Station West),R/C,19.8,35.0,0.43,6,0.0,Free Flow / Moderate
2024-07-06 18:00:00,RD_LNK_01,New Link Road (Bandra West to Khar Danda),H/W,20.7,35.0,0.41,3,0.0,Free Flow / Moderate
2024-07-06 18:00:00,RD_LNK_02,New Link Road (Juhu Circle to Andheri Infinity Mall),K/W,20.3,35.0,0.42,5,0.0,Free Flow / Moderate
2024-07-06 18:00:00,RD_LNK_03,New Link Road (Oshiwara to Goregaon West / Bangur Nagar),P/S,19.7,35.0,0.44,4,0.0,Free Flow / Moderate
2024-07-06 18:00:00,RD_LNK_04,New Link Road (Malad Inorbit to Mith Chowki),P/N,19.4,35.0,0.45,4,0.0,Free Flow / Moderate
2024-07-06 18:00:00,RD_LNK_05,New Link Road (Kandivali to Dahisar Link Road Extension),R/N,19.1,35.0,0.45,8,0.0,Free Flow / Moderate
2024-07-06 18:00:00,RD_EEH_01,Eastern Express Highway (Sion Circle to Priyadarshini Park),F/N,29.5,55.0,0.46,3,0.0,Free Flow / Moderate
2024-07-06 18:00:00,RD_EEH_02,Eastern Express Highway (Kurla Amar Mahal to Ghatkopar),L,29.9,55.0,0.46,4,0.0,Free Flow / Moderate
2024-07-06 18:00:00,RD_EEH_03,Eastern Express Highway (Ghatkopar to Vikhroli / Godrej),N,30.3,55.0,0.45,3,0.0,Free Flow / Moderate
2024-07-06 18:00:00,RD_EEH_04,Eastern Express Highway (Vikhroli to Bhandup / Mulund Toll),T,29.9,55.0,0.46,6,0.0,Free Flow / Moderate
2024-07-06 18:00:00,RD_LBS_01,Lal Bahadur Shastri (LBS) Marg (Sion to Kurla Kamani),L,18.0,35.0,0.49,6,0.0,Free Flow / Moderate
2024-07-06 18:00:00,RD_LBS_02,LBS Marg (Kurla to Ghatkopar Gandhi Nagar),N,21.0,35.0,0.4,4,0.0,Free Flow / Moderate
2024-07-06 18:00:00,RD_LBS_03,LBS Marg (Ghatkopar to Vikhroli / Kanjurmarg),S,19.1,35.0,0.45,6,0.0,Free Flow / Moderate
2024-07-06 18:00:00,RD_LBS_04,LBS Marg (Bhandup to Mulund Check Naka),T,20.5,35.0,0.41,5,0.0,Free Flow / Moderate
2024-07-06 18:00:00,RD_JVL_01,Jogeshwari-Vikhroli Link Road (JVLR - WEH to Powai),K/E,20.8,35.0,0.41,6,0.0,Free Flow / Moderate
2024-07-06 19:00:00,RD_WEH_01,Western Express Highway (Bandra to Santacruz),H/E,30.3,55.0,0.45,4,0.0,Free Flow / Moderate
2024-07-06 19:00:00,RD_WEH_02,Western Express Highway (Santacruz to Andheri Flyover),K/E,31.1,55.0,0.43,4,0.0,Free Flow / Moderate
2024-07-06 19:00:00,RD_WEH_03,Western Express Highway (Andheri to Goregaon Hub),P/S,32.0,55.0,0.42,3,0.0,Free Flow / Moderate
2024-07-06 19:00:00,RD_WEH_04,Western Express Highway (Goregaon to Borivali National Park),R/C,29.7,55.0,0.46,6,0.0,Free Flow / Moderate
2024-07-06 19:00:00,RD_WEH_05,Western Express Highway (Borivali to Dahisar Toll Naka),R/N,31.9,55.0,0.42,3,0.0,Free Flow / Moderate
2024-07-06 19:00:00,RD_SVR_01,Swami Vivekanand (SV) Road (Bandra Lucky Jn to Khar),H/W,20.6,35.0,0.41,3,0.0,Free Flow / Moderate
2024-07-06 19:00:00,RD_SVR_02,SV Road (Santacruz Milan Subway Approach),H/W,20.1,35.0,0.43,2,0.0,Free Flow / Moderate
2024-07-06 19:00:00,RD_SVR_03,SV Road (Vile Parle to Andheri Station West),K/W,17.7,35.0,0.49,5,0.0,Congested
2024-07-06 19:00:00,RD_SVR_04,SV Road (Andheri Subway Section to Jogeshwari),K/W,18.3,35.0,0.48,4,0.0,Free Flow / Moderate
2024-07-06 19:00:00,RD_SVR_05,SV Road (Goregaon to Malad Subway Jn),P/N,20.6,35.0,0.41,5,0.0,Free Flow / Moderate
2024-07-06 19:00:00,RD_SVR_06,SV Road (Kandivali to Borivali Station West),R/C,19.1,35.0,0.45,6,0.0,Free Flow / Moderate
2024-07-06 19:00:00,RD_LNK_01,New Link Road (Bandra West to Khar Danda),H/W,17.5,35.0,0.5,4,0.0,Congested
2024-07-06 19:00:00,RD_LNK_02,New Link Road (Juhu Circle to Andheri Infinity Mall),K/W,19.3,35.0,0.45,5,0.0,Free Flow / Moderate
2024-07-06 19:00:00,RD_LNK_03,New Link Road (Oshiwara to Goregaon West / Bangur Nagar),P/S,19.8,35.0,0.43,4,0.0,Free Flow / Moderate
2024-07-06 19:00:00,RD_LNK_04,New Link Road (Malad Inorbit to Mith Chowki),P/N,18.1,35.0,0.48,5,0.0,Free Flow / Moderate
2024-07-06 19:00:00,RD_LNK_05,New Link Road (Kandivali to Dahisar Link Road Extension),R/N,18.4,35.0,0.47,8,0.0,Free Flow / Moderate
2024-07-06 19:00:00,RD_EEH_01,Eastern Express Highway (Sion Circle to Priyadarshini Park),F/N,31.3,55.0,0.43,3,0.0,Free Flow / Moderate
2024-07-06 19:00:00,RD_EEH_02,Eastern Express Highway (Kurla Amar Mahal to Ghatkopar),L,28.4,55.0,0.48,4,0.0,Free Flow / Moderate
2024-07-06 19:00:00,RD_EEH_03,Eastern Express Highway (Ghatkopar to Vikhroli / Godrej),N,30.5,55.0,0.45,3,0.0,Free Flow / Moderate
2024-07-06 19:00:00,RD_EEH_04,Eastern Express Highway (Vikhroli to Bhandup / Mulund Toll),T,31.7,55.0,0.42,5,0.0,Free Flow / Moderate
2024-07-06 19:00:00,RD_LBS_01,Lal Bahadur Shastri (LBS) Marg (Sion to Kurla Kamani),L,19.6,35.0,0.44,5,0.0,Free Flow / Moderate
2024-07-06 19:00:00,RD_LBS_02,LBS Marg (Kurla to Ghatkopar Gandhi Nagar),N,20.7,35.0,0.41,4,0.0,Free Flow / Moderate
2024-07-06 19:00:00,RD_LBS_03,LBS Marg (Ghatkopar to Vikhroli / Kanjurmarg),S,19.2,35.0,0.45,6,0.0,Free Flow / Moderate
2024-07-06 19:00:00,RD_LBS_04,LBS Marg (Bhandup to Mulund Check Naka),T,18.1,35.0,0.48,7,0.0,Free Flow / Moderate
2024-07-06 19:00:00,RD_JVL_01,Jogeshwari-Vikhroli Link Road (JVLR - WEH to Powai),K/E,19.9,35.0,0.43,7,0.0,Free Flow / Moderate
2024-07-06 20:00:00,RD_WEH_01,Western Express Highway (Bandra to Santacruz),H/E,30.6,55.0,0.44,3,0.0,Free Flow / Moderate
2024-07-06 20:00:00,RD_WEH_02,Western Express Highway (Santacruz to Andheri Flyover),K/E,32.1,55.0,0.42,4,0.0,Free Flow / Moderate
2024-07-06 20:00:00,RD_WEH_03,Western Express Highway (Andheri to Goregaon Hub),P/S,31.5,55.0,0.43,3,0.0,Free Flow / Moderate
2024-07-06 20:00:00,RD_WEH_04,Western Express Highway (Goregaon to Borivali National Park),R/C,28.8,55.0,0.48,6,0.0,Free Flow / Moderate
2024-07-06 20:00:00,RD_WEH_05,Western Express Highway (Borivali to Dahisar Toll Naka),R/N,32.2,55.0,0.41,3,0.0,Free Flow / Moderate
2024-07-06 20:00:00,RD_SVR_01,Swami Vivekanand (SV) Road (Bandra Lucky Jn to Khar),H/W,20.1,35.0,0.43,4,0.0,Free Flow / Moderate
2024-07-06 20:00:00,RD_SVR_02,SV Road (Santacruz Milan Subway Approach),H/W,18.5,35.0,0.47,3,0.0,Free Flow / Moderate
2024-07-06 20:00:00,RD_SVR_03,SV Road (Vile Parle to Andheri Station West),K/W,20.2,35.0,0.42,4,0.0,Free Flow / Moderate
2024-07-06 20:00:00,RD_SVR_04,SV Road (Andheri Subway Section to Jogeshwari),K/W,17.7,35.0,0.49,5,0.0,Congested
2024-07-06 20:00:00,RD_SVR_05,SV Road (Goregaon to Malad Subway Jn),P/N,20.1,35.0,0.43,5,0.0,Free Flow / Moderate
2024-07-06 20:00:00,RD_SVR_06,SV Road (Kandivali to Borivali Station West),R/C,19.1,35.0,0.45,6,0.0,Free Flow / Moderate
2024-07-06 20:00:00,RD_LNK_01,New Link Road (Bandra West to Khar Danda),H/W,20.1,35.0,0.43,3,0.0,Free Flow / Moderate
2024-07-06 20:00:00,RD_LNK_02,New Link Road (Juhu Circle to Andheri Infinity Mall),K/W,21.0,35.0,0.4,4,0.0,Free Flow / Moderate
2024-07-06 20:00:00,RD_LNK_03,New Link Road (Oshiwara to Goregaon West / Bangur Nagar),P/S,20.1,35.0,0.43,4,0.0,Free Flow / Moderate
2024-07-06 20:00:00,RD_LNK_04,New Link Road (Malad Inorbit to Mith Chowki),P/N,17.6,35.0,0.5,5,0.0,Congested
2024-07-06 20:00:00,RD_LNK_05,New Link Road (Kandivali to Dahisar Link Road Extension),R/N,17.7,35.0,0.49,9,0.0,Congested
2024-07-06 20:00:00,RD_EEH_01,Eastern Express Highway (Sion Circle to Priyadarshini Park),F/N,30.5,55.0,0.45,3,0.0,Free Flow / Moderate
2024-07-06 20:00:00,RD_EEH_02,Eastern Express Highway (Kurla Amar Mahal to Ghatkopar),L,30.6,55.0,0.44,3,0.0,Free Flow / Moderate
2024-07-06 20:00:00,RD_EEH_03,Eastern Express Highway (Ghatkopar to Vikhroli / Godrej),N,31.4,55.0,0.43,3,0.0,Free Flow / Moderate
2024-07-06 20:00:00,RD_EEH_04,Eastern Express Highway (Vikhroli to Bhandup / Mulund Toll),T,28.5,55.0,0.48,6,0.0,Free Flow / Moderate
2024-07-06 20:00:00,RD_LBS_01,Lal Bahadur Shastri (LBS) Marg (Sion to Kurla Kamani),L,19.7,35.0,0.44,5,0.0,Free Flow / Moderate
2024-07-06 20:00:00,RD_LBS_02,LBS Marg (Kurla to Ghatkopar Gandhi Nagar),N,20.9,35.0,0.4,4,0.0,Free Flow / Moderate
2024-07-06 20:00:00,RD_LBS_03,LBS Marg (Ghatkopar to Vikhroli / Kanjurmarg),S,17.8,35.0,0.49,7,0.0,Congested
2024-07-06 20:00:00,RD_LBS_04,LBS Marg (Bhandup to Mulund Check Naka),T,18.3,35.0,0.48,7,0.0,Free Flow / Moderate
2024-07-06 20:00:00,RD_JVL_01,Jogeshwari-Vikhroli Link Road (JVLR - WEH to Powai),K/E,19.8,35.0,0.43,7,0.0,Free Flow / Moderate
2024-07-06 21:00:00,RD_WEH_01,Western Express Highway (Bandra to Santacruz),H/E,32.0,55.0,0.42,3,0.0,Free Flow / Moderate
2024-07-06 21:00:00,RD_WEH_02,Western Express Highway (Santacruz to Andheri Flyover),K/E,28.7,55.0,0.48,5,0.0,Free Flow / Moderate
2024-07-06 21:00:00,RD_WEH_03,Western Express Highway (Andheri to Goregaon Hub),P/S,30.0,55.0,0.45,4,0.0,Free Flow / Moderate
2024-07-06 21:00:00,RD_WEH_04,Western Express Highway (Goregaon to Borivali National Park),R/C,29.5,55.0,0.46,6,0.0,Free Flow / Moderate
2024-07-06 21:00:00,RD_WEH_05,Western Express Highway (Borivali to Dahisar Toll Naka),R/N,29.5,55.0,0.46,3,0.0,Free Flow / Moderate
2024-07-06 21:00:00,RD_SVR_01,Swami Vivekanand (SV) Road (Bandra Lucky Jn to Khar),H/W,17.5,35.0,0.5,5,0.0,Congested
2024-07-06 21:00:00,RD_SVR_02,SV Road (Santacruz Milan Subway Approach),H/W,18.8,35.0,0.46,3,0.0,Free Flow / Moderate
2024-07-06 21:00:00,RD_SVR_03,SV Road (Vile Parle to Andheri Station West),K/W,19.0,35.0,0.46,5,0.0,Free Flow / Moderate
2024-07-06 21:00:00,RD_SVR_04,SV Road (Andheri Subway Section to Jogeshwari),K/W,20.6,35.0,0.41,3,0.0,Free Flow / Moderate
2024-07-06 21:00:00,RD_SVR_05,SV Road (Goregaon to Malad Subway Jn),P/N,19.2,35.0,0.45,5,0.0,Free Flow / Moderate
2024-07-06 21:00:00,RD_SVR_06,SV Road (Kandivali to Borivali Station West),R/C,18.4,35.0,0.47,7,0.0,Free Flow / Moderate
2024-07-06 21:00:00,RD_LNK_01,New Link Road (Bandra West to Khar Danda),H/W,19.2,35.0,0.45,3,0.0,Free Flow / Moderate
2024-07-06 21:00:00,RD_LNK_02,New Link Road (Juhu Circle to Andheri Infinity Mall),K/W,19.9,35.0,0.43,5,0.0,Free Flow / Moderate
2024-07-06 21:00:00,RD_LNK_03,New Link Road (Oshiwara to Goregaon West / Bangur Nagar),P/S,20.0,35.0,0.43,4,0.0,Free Flow / Moderate
2024-07-06 21:00:00,RD_LNK_04,New Link Road (Malad Inorbit to Mith Chowki),P/N,19.0,35.0,0.46,4,0.0,Free Flow / Moderate
2024-07-06 21:00:00,RD_LNK_05,New Link Road (Kandivali to Dahisar Link Road Extension),R/N,18.0,35.0,0.49,9,0.0,Free Flow / Moderate
2024-07-06 21:00:00,RD_EEH_01,Eastern Express Highway (Sion Circle to Priyadarshini Park),F/N,28.3,55.0,0.49,3,0.0,Free Flow / Moderate
2024-07-06 21:00:00,RD_EEH_02,Eastern Express Highway (Kurla Amar Mahal to Ghatkopar),L,29.1,55.0,0.47,4,0.0,Free Flow / Moderate
2024-07-06 21:00:00,RD_EEH_03,Eastern Express Highway (Ghatkopar to Vikhroli / Godrej),N,31.2,55.0,0.43,3,0.0,Free Flow / Moderate
2024-07-06 21:00:00,RD_EEH_04,Eastern Express Highway (Vikhroli to Bhandup / Mulund Toll),T,28.9,55.0,0.47,6,0.0,Free Flow / Moderate
2024-07-06 21:00:00,RD_LBS_01,Lal Bahadur Shastri (LBS) Marg (Sion to Kurla Kamani),L,18.6,35.0,0.47,5,0.0,Free Flow / Moderate
2024-07-06 21:00:00,RD_LBS_02,LBS Marg (Kurla to Ghatkopar Gandhi Nagar),N,19.1,35.0,0.45,5,0.0,Free Flow / Moderate
2024-07-06 21:00:00,RD_LBS_03,LBS Marg (Ghatkopar to Vikhroli / Kanjurmarg),S,19.8,35.0,0.43,5,0.0,Free Flow / Moderate
2024-07-06 21:00:00,RD_LBS_04,LBS Marg (Bhandup to Mulund Check Naka),T,17.7,35.0,0.49,8,0.0,Congested
2024-07-06 21:00:00,RD_JVL_01,Jogeshwari-Vikhroli Link Road (JVLR - WEH to Powai),K/E,18.8,35.0,0.46,7,0.0,Free Flow / Moderate
2024-07-06 22:00:00,RD_WEH_01,Western Express Highway (Bandra to Santacruz),H/E,51.4,55.0,0.1,0,0.0,Free Flow / Moderate
2024-07-06 22:00:00,RD_WEH_02,Western Express Highway (Santacruz to Andheri Flyover),K/E,49.8,55.0,0.1,0,0.0,Free Flow / Moderate
2024-07-06 22:00:00,RD_WEH_03,Western Express Highway (Andheri to Goregaon Hub),P/S,50.3,55.0,0.1,0,0.0,Free Flow / Moderate
2024-07-06 22:00:00,RD_WEH_04,Western Express Highway (Goregaon to Borivali National Park),R/C,48.3,55.0,0.12,0,0.0,Free Flow / Moderate
2024-07-06 22:00:00,RD_WEH_05,Western Express Highway (Borivali to Dahisar Toll Naka),R/N,50.5,55.0,0.1,0,0.0,Free Flow / Moderate
2024-07-06 22:00:00,RD_SVR_01,Swami Vivekanand (SV) Road (Bandra Lucky Jn to Khar),H/W,32.4,35.0,0.1,0,0.0,Free Flow / Moderate
2024-07-06 22:00:00,RD_SVR_02,SV Road (Santacruz Milan Subway Approach),H/W,30.8,35.0,0.12,0,0.0,Free Flow / Moderate
2024-07-06 22:00:00,RD_SVR_03,SV Road (Vile Parle to Andheri Station West),K/W,31.5,35.0,0.1,0,0.0,Free Flow / Moderate
2024-07-06 22:00:00,RD_SVR_04,SV Road (Andheri Subway Section to Jogeshwari),K/W,33.4,35.0,0.1,0,0.0,Free Flow / Moderate
2024-07-06 22:00:00,RD_SVR_05,SV Road (Goregaon to Malad Subway Jn),P/N,30.9,35.0,0.12,0,0.0,Free Flow / Moderate
2024-07-06 22:00:00,RD_SVR_06,SV Road (Kandivali to Borivali Station West),R/C,32.4,35.0,0.1,0,0.0,Free Flow / Moderate
2024-07-06 22:00:00,RD_LNK_01,New Link Road (Bandra West to Khar Danda),H/W,33.5,35.0,0.1,0,0.0,Free Flow / Moderate
2024-07-06 22:00:00,RD_LNK_02,New Link Road (Juhu Circle to Andheri Infinity Mall),K/W,32.6,35.0,0.1,0,0.0,Free Flow / Moderate
2024-07-06 22:00:00,RD_LNK_03,New Link Road (Oshiwara to Goregaon West / Bangur Nagar),P/S,33.2,35.0,0.1,0,0.0,Free Flow / Moderate
2024-07-06 22:00:00,RD_LNK_04,New Link Road (Malad Inorbit to Mith Chowki),P/N,33.4,35.0,0.1,0,0.0,Free Flow / Moderate
2024-07-06 22:00:00,RD_LNK_05,New Link Road (Kandivali to Dahisar Link Road Extension),R/N,31.6,35.0,0.1,1,0.0,Free Flow / Moderate
2024-07-06 22:00:00,RD_EEH_01,Eastern Express Highway (Sion Circle to Priyadarshini Park),F/N,48.6,55.0,0.12,0,0.0,Free Flow / Moderate
2024-07-06 22:00:00,RD_EEH_02,Eastern Express Highway (Kurla Amar Mahal to Ghatkopar),L,47.9,55.0,0.13,0,0.0,Free Flow / Moderate
2024-07-06 22:00:00,RD_EEH_03,Eastern Express Highway (Ghatkopar to Vikhroli / Godrej),N,50.1,55.0,0.1,0,0.0,Free Flow / Moderate
2024-07-06 22:00:00,RD_EEH_04,Eastern Express Highway (Vikhroli to Bhandup / Mulund Toll),T,51.3,55.0,0.1,0,0.0,Free Flow / Moderate
2024-07-06 22:00:00,RD_LBS_01,Lal Bahadur Shastri (LBS) Marg (Sion to Kurla Kamani),L,31.6,35.0,0.1,0,0.0,Free Flow / Moderate
2024-07-06 22:00:00,RD_LBS_02,LBS Marg (Kurla to Ghatkopar Gandhi Nagar),N,32.4,35.0,0.1,0,0.0,Free Flow / Moderate
2024-07-06 22:00:00,RD_LBS_03,LBS Marg (Ghatkopar to Vikhroli / Kanjurmarg),S,32.7,35.0,0.1,0,0.0,Free Flow / Moderate
2024-07-06 22:00:00,RD_LBS_04,LBS Marg (Bhandup to Mulund Check Naka),T,32.4,35.0,0.1,0,0.0,Free Flow / Moderate
2024-07-06 22:00:00,RD_JVL_01,Jogeshwari-Vikhroli Link Road (JVLR - WEH to Powai),K/E,33.1,35.0,0.1,0,0.0,Free Flow / Moderate
2024-07-06 23:00:00,RD_WEH_01,Western Express Highway (Bandra to Santacruz),H/E,47.5,55.0,0.14,0,0.0,Free Flow / Moderate
2024-07-06 23:00:00,RD_WEH_02,Western Express Highway (Santacruz to Andheri Flyover),K/E,50.7,55.0,0.1,0,0.0,Free Flow / Moderate
2024-07-06 23:00:00,RD_WEH_03,Western Express Highway (Andheri to Goregaon Hub),P/S,49.9,55.0,0.1,0,0.0,Free Flow / Moderate
2024-07-06 23:00:00,RD_WEH_04,Western Express Highway (Goregaon to Borivali National Park),R/C,51.4,55.0,0.1,0,0.0,Free Flow / Moderate
2024-07-06 23:00:00,RD_WEH_05,Western Express Highway (Borivali to Dahisar Toll Naka),R/N,50.9,55.0,0.1,0,0.0,Free Flow / Moderate
2024-07-06 23:00:00,RD_SVR_01,Swami Vivekanand (SV) Road (Bandra Lucky Jn to Khar),H/W,30.3,35.0,0.13,0,0.0,Free Flow / Moderate
2024-07-06 23:00:00,RD_SVR_02,SV Road (Santacruz Milan Subway Approach),H/W,30.6,35.0,0.13,0,0.0,Free Flow / Moderate
2024-07-06 23:00:00,RD_SVR_03,SV Road (Vile Parle to Andheri Station West),K/W,30.7,35.0,0.12,0,0.0,Free Flow / Moderate
2024-07-06 23:00:00,RD_SVR_04,SV Road (Andheri Subway Section to Jogeshwari),K/W,30.8,35.0,0.12,0,0.0,Free Flow / Moderate
2024-07-06 23:00:00,RD_SVR_05,SV Road (Goregaon to Malad Subway Jn),P/N,32.4,35.0,0.1,0,0.0,Free Flow / Moderate
2024-07-06 23:00:00,RD_SVR_06,SV Road (Kandivali to Borivali Station West),R/C,31.8,35.0,0.1,0,0.0,Free Flow / Moderate
2024-07-06 23:00:00,RD_LNK_01,New Link Road (Bandra West to Khar Danda),H/W,32.2,35.0,0.1,0,0.0,Free Flow / Moderate
2024-07-06 23:00:00,RD_LNK_02,New Link Road (Juhu Circle to Andheri Infinity Mall),K/W,30.7,35.0,0.12,0,0.0,Free Flow / Moderate
2024-07-06 23:00:00,RD_LNK_03,New Link Road (Oshiwara to Goregaon West / Bangur Nagar),P/S,33.4,35.0,0.1,0,0.0,Free Flow / Moderate
2024-07-06 23:00:00,RD_LNK_04,New Link Road (Malad Inorbit to Mith Chowki),P/N,29.6,35.0,0.15,1,0.0,Free Flow / Moderate
2024-07-06 23:00:00,RD_LNK_05,New Link Road (Kandivali to Dahisar Link Road Extension),R/N,30.5,35.0,0.13,1,0.0,Free Flow / Moderate
2024-07-06 23:00:00,RD_EEH_01,Eastern Express Highway (Sion Circle to Priyadarshini Park),F/N,48.4,55.0,0.12,0,0.0,Free Flow / Moderate
2024-07-06 23:00:00,RD_EEH_02,Eastern Express Highway (Kurla Amar Mahal to Ghatkopar),L,49.2,55.0,0.11,0,0.0,Free Flow / Moderate
2024-07-06 23:00:00,RD_EEH_03,Eastern Express Highway (Ghatkopar to Vikhroli / Godrej),N,50.8,55.0,0.1,0,0.0,Free Flow / Moderate
2024-07-06 23:00:00,RD_EEH_04,Eastern Express Highway (Vikhroli to Bhandup / Mulund Toll),T,50.7,55.0,0.1,0,0.0,Free Flow / Moderate
2024-07-06 23:00:00,RD_LBS_01,Lal Bahadur Shastri (LBS) Marg (Sion to Kurla Kamani),L,30.5,35.0,0.13,0,0.0,Free Flow / Moderate
2024-07-06 23:00:00,RD_LBS_02,LBS Marg (Kurla to Ghatkopar Gandhi Nagar),N,30.5,35.0,0.13,1,0.0,Free Flow / Moderate
2024-07-06 23:00:00,RD_LBS_03,LBS Marg (Ghatkopar to Vikhroli / Kanjurmarg),S,29.8,35.0,0.15,1,0.0,Free Flow / Moderate
2024-07-06 23:00:00,RD_LBS_04,LBS Marg (Bhandup to Mulund Check Naka),T,31.8,35.0,0.1,0,0.0,Free Flow / Moderate
2024-07-06 23:00:00,RD_JVL_01,Jogeshwari-Vikhroli Link Road (JVLR - WEH to Powai),K/E,29.5,35.0,0.16,1,0.0,Free Flow / Moderate
2024-07-07 00:00:00,RD_WEH_01,Western Express Highway (Bandra to Santacruz),H/E,48.3,55.0,0.12,0,0.0,Free Flow / Moderate
2024-07-07 00:00:00,RD_WEH_02,Western Express Highway (Santacruz to Andheri Flyover),K/E,48.1,55.0,0.13,0,0.0,Free Flow / Moderate
2024-07-07 00:00:00,RD_WEH_03,Western Express Highway (Andheri to Goregaon Hub),P/S,49.4,55.0,0.1,0,0.0,Free Flow / Moderate
2024-07-07 00:00:00,RD_WEH_04,Western Express Highway (Goregaon to Borivali National Park),R/C,50.1,55.0,0.1,0,0.0,Free Flow / Moderate
2024-07-07 00:00:00,RD_WEH_05,Western Express Highway (Borivali to Dahisar Toll Naka),R/N,50.6,55.0,0.1,0,0.0,Free Flow / Moderate
2024-07-07 00:00:00,RD_SVR_01,Swami Vivekanand (SV) Road (Bandra Lucky Jn to Khar),H/W,31.7,35.0,0.1,0,0.0,Free Flow / Moderate
2024-07-07 00:00:00,RD_SVR_02,SV Road (Santacruz Milan Subway Approach),H/W,32.8,35.0,0.1,0,0.0,Free Flow / Moderate
2024-07-07 00:00:00,RD_SVR_03,SV Road (Vile Parle to Andheri Station West),K/W,30.3,35.0,0.13,0,0.0,Free Flow / Moderate
2024-07-07 00:00:00,RD_SVR_04,SV Road (Andheri Subway Section to Jogeshwari),K/W,33.0,35.0,0.1,0,0.0,Free Flow / Moderate
2024-07-07 00:00:00,RD_SVR_05,SV Road (Goregaon to Malad Subway Jn),P/N,32.7,35.0,0.1,0,0.0,Free Flow / Moderate
2024-07-07 00:00:00,RD_SVR_06,SV Road (Kandivali to Borivali Station West),R/C,30.4,35.0,0.13,1,0.0,Free Flow / Moderate
2024-07-07 00:00:00,RD_LNK_01,New Link Road (Bandra West to Khar Danda),H/W,32.7,35.0,0.1,0,0.0,Free Flow / Moderate
2024-07-07 00:00:00,RD_LNK_02,New Link Road (Juhu Circle to Andheri Infinity Mall),K/W,30.1,35.0,0.14,1,0.0,Free Flow / Moderate
2024-07-07 00:00:00,RD_LNK_03,New Link Road (Oshiwara to Goregaon West / Bangur Nagar),P/S,32.4,35.0,0.1,0,0.0,Free Flow / Moderate
2024-07-07 00:00:00,RD_LNK_04,New Link Road (Malad Inorbit to Mith Chowki),P/N,31.6,35.0,0.1,0,0.0,Free Flow / Moderate
2024-07-07 00:00:00,RD_LNK_05,New Link Road (Kandivali to Dahisar Link Road Extension),R/N,31.1,35.0,0.11,1,0.0,Free Flow / Moderate
2024-07-07 00:00:00,RD_EEH_01,Eastern Express Highway (Sion Circle to Priyadarshini Park),F/N,49.1,55.0,0.11,0,0.0,Free Flow / Moderate
2024-07-07 00:00:00,RD_EEH_02,Eastern Express Highway (Kurla Amar Mahal to Ghatkopar),L,49.4,55.0,0.1,0,0.0,Free Flow / Moderate
2024-07-07 00:00:00,RD_EEH_03,Eastern Express Highway (Ghatkopar to Vikhroli / Godrej),N,50.9,55.0,0.1,0,0.0,Free Flow / Moderate
2024-07-07 00:00:00,RD_EEH_04,Eastern Express Highway (Vikhroli to Bhandup / Mulund Toll),T,48.4,55.0,0.12,1,0.0,Free Flow / Moderate
2024-07-07 00:00:00,RD_LBS_01,Lal Bahadur Shastri (LBS) Marg (Sion to Kurla Kamani),L,30.1,35.0,0.14,1,0.0,Free Flow / Moderate
2024-07-07 00:00:00,RD_LBS_02,LBS Marg (Kurla to Ghatkopar Gandhi Nagar),N,32.5,35.0,0.1,0,0.0,Free Flow / Moderate
2024-07-07 00:00:00,RD_LBS_03,LBS Marg (Ghatkopar to Vikhroli / Kanjurmarg),S,30.7,35.0,0.12,1,0.0,Free Flow / Moderate
2024-07-07 00:00:00,RD_LBS_04,LBS Marg (Bhandup to Mulund Check Naka),T,30.9,35.0,0.12,1,0.0,Free Flow / Moderate
2024-07-07 00:00:00,RD_JVL_01,Jogeshwari-Vikhroli Link Road (JVLR - WEH to Powai),K/E,32.1,35.0,0.1,0,0.0,Free Flow / Moderate
2024-07-07 01:00:00,RD_WEH_01,Western Express Highway (Bandra to Santacruz),H/E,49.5,55.0,0.1,0,0.0,Free Flow / Moderate
2024-07-07 01:00:00,RD_WEH_02,Western Express Highway (Santacruz to Andheri Flyover),K/E,50.2,55.0,0.1,0,0.0,Free Flow / Moderate
2024-07-07 01:00:00,RD_WEH_03,Western Express Highway (Andheri to Goregaon Hub),P/S,48.6,55.0,0.12,0,0.0,Free Flow / Moderate
2024-07-07 01:00:00,RD_WEH_04,Western Express Highway (Goregaon to Borivali National Park),R/C,50.8,55.0,0.1,0,0.0,Free Flow / Moderate
2024-07-07 01:00:00,RD_WEH_05,Western Express Highway (Borivali to Dahisar Toll Naka),R/N,50.0,55.0,0.1,0,0.0,Free Flow / Moderate
2024-07-07 01:00:00,RD_SVR_01,Swami Vivekanand (SV) Road (Bandra Lucky Jn to Khar),H/W,33.4,35.0,0.1,0,0.0,Free Flow / Moderate
2024-07-07 01:00:00,RD_SVR_02,SV Road (Santacruz Milan Subway Approach),H/W,30.6,35.0,0.13,0,0.0,Free Flow / Moderate
2024-07-07 01:00:00,RD_SVR_03,SV Road (Vile Parle to Andheri Station West),K/W,31.0,35.0,0.11,0,0.0,Free Flow / Moderate
2024-07-07 01:00:00,RD_SVR_04,SV Road (Andheri Subway Section to Jogeshwari),K/W,31.6,35.0,0.1,0,0.0,Free Flow / Moderate
2024-07-07 01:00:00,RD_SVR_05,SV Road (Goregaon to Malad Subway Jn),P/N,31.2,35.0,0.11,0,0.0,Free Flow / Moderate
2024-07-07 01:00:00,RD_SVR_06,SV Road (Kandivali to Borivali Station West),R/C,30.3,35.0,0.13,1,0.0,Free Flow / Moderate
2024-07-07 01:00:00,RD_LNK_01,New Link Road (Bandra West to Khar Danda),H/W,31.1,35.0,0.11,0,0.0,Free Flow / Moderate
2024-07-07 01:00:00,RD_LNK_02,New Link Road (Juhu Circle to Andheri Infinity Mall),K/W,33.2,35.0,0.1,0,0.0,Free Flow / Moderate
2024-07-07 01:00:00,RD_LNK_03,New Link Road (Oshiwara to Goregaon West / Bangur Nagar),P/S,30.7,35.0,0.12,0,0.0,Free Flow / Moderate
2024-07-07 01:00:00,RD_LNK_04,New Link Road (Malad Inorbit to Mith Chowki),P/N,30.2,35.0,0.14,0,0.0,Free Flow / Moderate
2024-07-07 01:00:00,RD_LNK_05,New Link Road (Kandivali to Dahisar Link Road Extension),R/N,32.1,35.0,0.1,0,0.0,Free Flow / Moderate
2024-07-07 01:00:00,RD_EEH_01,Eastern Express Highway (Sion Circle to Priyadarshini Park),F/N,47.7,55.0,0.13,0,0.0,Free Flow / Moderate
2024-07-07 01:00:00,RD_EEH_02,Eastern Express Highway (Kurla Amar Mahal to Ghatkopar),L,50.9,55.0,0.1,0,0.0,Free Flow / Moderate
2024-07-07 01:00:00,RD_EEH_03,Eastern Express Highway (Ghatkopar to Vikhroli / Godrej),N,47.7,55.0,0.13,0,0.0,Free Flow / Moderate
2024-07-07 01:00:00,RD_EEH_04,Eastern Express Highway (Vikhroli to Bhandup / Mulund Toll),T,50.2,55.0,0.1,0,0.0,Free Flow / Moderate
2024-07-07 01:00:00,RD_LBS_01,Lal Bahadur Shastri (LBS) Marg (Sion to Kurla Kamani),L,33.0,35.0,0.1,0,0.0,Free Flow / Moderate
2024-07-07 01:00:00,RD_LBS_02,LBS Marg (Kurla to Ghatkopar Gandhi Nagar),N,29.9,35.0,0.15,1,0.0,Free Flow / Moderate
2024-07-07 01:00:00,RD_LBS_03,LBS Marg (Ghatkopar to Vikhroli / Kanjurmarg),S,32.3,35.0,0.1,0,0.0,Free Flow / Moderate
2024-07-07 01:00:00,RD_LBS_04,LBS Marg (Bhandup to Mulund Check Naka),T,31.3,35.0,0.11,0,0.0,Free Flow / Moderate
2024-07-07 01:00:00,RD_JVL_01,Jogeshwari-Vikhroli Link Road (JVLR - WEH to Powai),K/E,32.7,35.0,0.1,0,0.0,Free Flow / Moderate
2024-07-07 02:00:00,RD_WEH_01,Western Express Highway (Bandra to Santacruz),H/E,49.4,55.0,0.1,0,0.0,Free Flow / Moderate
2024-07-07 02:00:00,RD_WEH_02,Western Express Highway (Santacruz to Andheri Flyover),K/E,47.6,55.0,0.13,0,0.0,Free Flow / Moderate
2024-07-07 02:00:00,RD_WEH_03,Western Express Highway (Andheri to Goregaon Hub),P/S,48.9,55.0,0.11,0,0.0,Free Flow / Moderate
2024-07-07 02:00:00,RD_WEH_04,Western Express Highway (Goregaon to Borivali National Park),R/C,48.4,55.0,0.12,0,0.0,Free Flow / Moderate
2024-07-07 02:00:00,RD_WEH_05,Western Express Highway (Borivali to Dahisar Toll Naka),R/N,50.5,55.0,0.1,0,0.0,Free Flow / Moderate
2024-07-07 02:00:00,RD_SVR_01,Swami Vivekanand (SV) Road (Bandra Lucky Jn to Khar),H/W,30.7,35.0,0.12,0,0.0,Free Flow / Moderate
2024-07-07 02:00:00,RD_SVR_02,SV Road (Santacruz Milan Subway Approach),H/W,33.2,35.0,0.1,0,0.0,Free Flow / Moderate
2024-07-07 02:00:00,RD_SVR_03,SV Road (Vile Parle to Andheri Station West),K/W,29.6,35.0,0.15,1,0.0,Free Flow / Moderate
2024-07-07 02:00:00,RD_SVR_04,SV Road (Andheri Subway Section to Jogeshwari),K/W,32.2,35.0,0.1,0,0.0,Free Flow / Moderate
2024-07-07 02:00:00,RD_SVR_05,SV Road (Goregaon to Malad Subway Jn),P/N,30.7,35.0,0.12,1,0.0,Free Flow / Moderate
2024-07-07 02:00:00,RD_SVR_06,SV Road (Kandivali to Borivali Station West),R/C,31.6,35.0,0.1,0,0.0,Free Flow / Moderate
2024-07-07 02:00:00,RD_LNK_01,New Link Road (Bandra West to Khar Danda),H/W,30.4,35.0,0.13,0,0.0,Free Flow / Moderate
2024-07-07 02:00:00,RD_LNK_02,New Link Road (Juhu Circle to Andheri Infinity Mall),K/W,33.0,35.0,0.1,0,0.0,Free Flow / Moderate
2024-07-07 02:00:00,RD_LNK_03,New Link Road (Oshiwara to Goregaon West / Bangur Nagar),P/S,32.1,35.0,0.1,0,0.0,Free Flow / Moderate
2024-07-07 02:00:00,RD_LNK_04,New Link Road (Malad Inorbit to Mith Chowki),P/N,30.0,35.0,0.14,0,0.0,Free Flow / Moderate
2024-07-07 02:00:00,RD_LNK_05,New Link Road (Kandivali to Dahisar Link Road Extension),R/N,30.1,35.0,0.14,1,0.0,Free Flow / Moderate
2024-07-07 02:00:00,RD_EEH_01,Eastern Express Highway (Sion Circle to Priyadarshini Park),F/N,50.3,55.0,0.1,0,0.0,Free Flow / Moderate
2024-07-07 02:00:00,RD_EEH_02,Eastern Express Highway (Kurla Amar Mahal to Ghatkopar),L,50.5,55.0,0.1,0,0.0,Free Flow / Moderate
2024-07-07 02:00:00,RD_EEH_03,Eastern Express Highway (Ghatkopar to Vikhroli / Godrej),N,48.9,55.0,0.11,0,0.0,Free Flow / Moderate
2024-07-07 02:00:00,RD_EEH_04,Eastern Express Highway (Vikhroli to Bhandup / Mulund Toll),T,51.3,55.0,0.1,0,0.0,Free Flow / Moderate
2024-07-07 02:00:00,RD_LBS_01,Lal Bahadur Shastri (LBS) Marg (Sion to Kurla Kamani),L,30.5,35.0,0.13,0,0.0,Free Flow / Moderate
2024-07-07 02:00:00,RD_LBS_02,LBS Marg (Kurla to Ghatkopar Gandhi Nagar),N,31.7,35.0,0.1,0,0.0,Free Flow / Moderate
2024-07-07 02:00:00,RD_LBS_03,LBS Marg (Ghatkopar to Vikhroli / Kanjurmarg),S,32.8,35.0,0.1,0,0.0,Free Flow / Moderate
2024-07-07 02:00:00,RD_LBS_04,LBS Marg (Bhandup to Mulund Check Naka),T,29.6,35.0,0.15,1,0.0,Free Flow / Moderate
2024-07-07 02:00:00,RD_JVL_01,Jogeshwari-Vikhroli Link Road (JVLR - WEH to Powai),K/E,30.2,35.0,0.14,1,0.0,Free Flow / Moderate
2024-07-07 03:00:00,RD_WEH_01,Western Express Highway (Bandra to Santacruz),H/E,50.2,55.0,0.1,0,0.0,Free Flow / Moderate
2024-07-07 03:00:00,RD_WEH_02,Western Express Highway (Santacruz to Andheri Flyover),K/E,49.4,55.0,0.1,0,0.0,Free Flow / Moderate
2024-07-07 03:00:00,RD_WEH_03,Western Express Highway (Andheri to Goregaon Hub),P/S,49.2,55.0,0.11,0,0.0,Free Flow / Moderate
2024-07-07 03:00:00,RD_WEH_04,Western Express Highway (Goregaon to Borivali National Park),R/C,48.2,55.0,0.12,1,0.0,Free Flow / Moderate
2024-07-07 03:00:00,RD_WEH_05,Western Express Highway (Borivali to Dahisar Toll Naka),R/N,50.8,55.0,0.1,0,0.0,Free Flow / Moderate
2024-07-07 03:00:00,RD_SVR_01,Swami Vivekanand (SV) Road (Bandra Lucky Jn to Khar),H/W,30.3,35.0,0.13,0,0.0,Free Flow / Moderate
2024-07-07 03:00:00,RD_SVR_02,SV Road (Santacruz Milan Subway Approach),H/W,30.3,35.0,0.13,0,0.0,Free Flow / Moderate
2024-07-07 03:00:00,RD_SVR_03,SV Road (Vile Parle to Andheri Station West),K/W,29.7,35.0,0.15,1,0.0,Free Flow / Moderate
2024-07-07 03:00:00,RD_SVR_04,SV Road (Andheri Subway Section to Jogeshwari),K/W,32.6,35.0,0.1,0,0.0,Free Flow / Moderate
2024-07-07 03:00:00,RD_SVR_05,SV Road (Goregaon to Malad Subway Jn),P/N,31.6,35.0,0.1,0,0.0,Free Flow / Moderate
2024-07-07 03:00:00,RD_SVR_06,SV Road (Kandivali to Borivali Station West),R/C,33.0,35.0,0.1,0,0.0,Free Flow / Moderate
2024-07-07 03:00:00,RD_LNK_01,New Link Road (Bandra West to Khar Danda),H/W,32.0,35.0,0.1,0,0.0,Free Flow / Moderate
2024-07-07 03:00:00,RD_LNK_02,New Link Road (Juhu Circle to Andheri Infinity Mall),K/W,33.3,35.0,0.1,0,0.0,Free Flow / Moderate
2024-07-07 03:00:00,RD_LNK_03,New Link Road (Oshiwara to Goregaon West / Bangur Nagar),P/S,30.6,35.0,0.13,0,0.0,Free Flow / Moderate
2024-07-07 03:00:00,RD_LNK_04,New Link Road (Malad Inorbit to Mith Chowki),P/N,30.8,35.0,0.12,0,0.0,Free Flow / Moderate
2024-07-07 03:00:00,RD_LNK_05,New Link Road (Kandivali to Dahisar Link Road Extension),R/N,30.1,35.0,0.14,1,0.0,Free Flow / Moderate
2024-07-07 03:00:00,RD_EEH_01,Eastern Express Highway (Sion Circle to Priyadarshini Park),F/N,51.2,55.0,0.1,0,0.0,Free Flow / Moderate
2024-07-07 03:00:00,RD_EEH_02,Eastern Express Highway (Kurla Amar Mahal to Ghatkopar),L,48.2,55.0,0.12,0,0.0,Free Flow / Moderate
2024-07-07 03:00:00,RD_EEH_03,Eastern Express Highway (Ghatkopar to Vikhroli / Godrej),N,50.8,55.0,0.1,0,0.0,Free Flow / Moderate
2024-07-07 03:00:00,RD_EEH_04,Eastern Express Highway (Vikhroli to Bhandup / Mulund Toll),T,50.7,55.0,0.1,0,0.0,Free Flow / Moderate
2024-07-07 03:00:00,RD_LBS_01,Lal Bahadur Shastri (LBS) Marg (Sion to Kurla Kamani),L,32.4,35.0,0.1,0,0.0,Free Flow / Moderate
2024-07-07 03:00:00,RD_LBS_02,LBS Marg (Kurla to Ghatkopar Gandhi Nagar),N,29.7,35.0,0.15,1,0.0,Free Flow / Moderate
2024-07-07 03:00:00,RD_LBS_03,LBS Marg (Ghatkopar to Vikhroli / Kanjurmarg),S,31.6,35.0,0.1,0,0.0,Free Flow / Moderate
2024-07-07 03:00:00,RD_LBS_04,LBS Marg (Bhandup to Mulund Check Naka),T,30.0,35.0,0.14,1,0.0,Free Flow / Moderate
2024-07-07 03:00:00,RD_JVL_01,Jogeshwari-Vikhroli Link Road (JVLR - WEH to Powai),K/E,31.6,35.0,0.1,0,0.0,Free Flow / Moderate
2024-07-07 04:00:00,RD_WEH_01,Western Express Highway (Bandra to Santacruz),H/E,48.3,55.0,0.12,0,0.0,Free Flow / Moderate
2024-07-07 04:00:00,RD_WEH_02,Western Express Highway (Santacruz to Andheri Flyover),K/E,48.6,55.0,0.12,0,0.0,Free Flow / Moderate
2024-07-07 04:00:00,RD_WEH_03,Western Express Highway (Andheri to Goregaon Hub),P/S,51.2,55.0,0.1,0,0.0,Free Flow / Moderate
2024-07-07 04:00:00,RD_WEH_04,Western Express Highway (Goregaon to Borivali National Park),R/C,49.5,55.0,0.1,0,0.0,Free Flow / Moderate
2024-07-07 04:00:00,RD_WEH_05,Western Express Highway (Borivali to Dahisar Toll Naka),R/N,47.9,55.0,0.13,0,0.0,Free Flow / Moderate
2024-07-07 04:00:00,RD_SVR_01,Swami Vivekanand (SV) Road (Bandra Lucky Jn to Khar),H/W,30.6,35.0,0.13,0,0.0,Free Flow / Moderate
2024-07-07 04:00:00,RD_SVR_02,SV Road (Santacruz Milan Subway Approach),H/W,31.5,35.0,0.1,0,0.0,Free Flow / Moderate
2024-07-07 04:00:00,RD_SVR_03,SV Road (Vile Parle to Andheri Station West),K/W,33.1,35.0,0.1,0,0.0,Free Flow / Moderate
2024-07-07 04:00:00,RD_SVR_04,SV Road (Andheri Subway Section to Jogeshwari),K/W,29.6,35.0,0.15,0,0.0,Free Flow / Moderate
2024-07-07 04:00:00,RD_SVR_05,SV Road (Goregaon to Malad Subway Jn),P/N,30.6,35.0,0.13,1,0.0,Free Flow / Moderate
2024-07-07 04:00:00,RD_SVR_06,SV Road (Kandivali to Borivali Station West),R/C,30.1,35.0,0.14,1,0.0,Free Flow / Moderate
2024-07-07 04:00:00,RD_LNK_01,New Link Road (Bandra West to Khar Danda),H/W,31.3,35.0,0.11,0,0.0,Free Flow / Moderate
2024-07-07 04:00:00,RD_LNK_02,New Link Road (Juhu Circle to Andheri Infinity Mall),K/W,29.6,35.0,0.15,1,0.0,Free Flow / Moderate
2024-07-07 04:00:00,RD_LNK_03,New Link Road (Oshiwara to Goregaon West / Bangur Nagar),P/S,29.8,35.0,0.15,1,0.0,Free Flow / Moderate
2024-07-07 04:00:00,RD_LNK_04,New Link Road (Malad Inorbit to Mith Chowki),P/N,30.0,35.0,0.14,0,0.0,Free Flow / Moderate
2024-07-07 04:00:00,RD_LNK_05,New Link Road (Kandivali to Dahisar Link Road Extension),R/N,33.0,35.0,0.1,0,0.0,Free Flow / Moderate
2024-07-07 04:00:00,RD_EEH_01,Eastern Express Highway (Sion Circle to Priyadarshini Park),F/N,48.0,55.0,0.13,0,0.0,Free Flow / Moderate
2024-07-07 04:00:00,RD_EEH_02,Eastern Express Highway (Kurla Amar Mahal to Ghatkopar),L,51.3,55.0,0.1,0,0.0,Free Flow / Moderate
2024-07-07 04:00:00,RD_EEH_03,Eastern Express Highway (Ghatkopar to Vikhroli / Godrej),N,50.9,55.0,0.1,0,0.0,Free Flow / Moderate
2024-07-07 04:00:00,RD_EEH_04,Eastern Express Highway (Vikhroli to Bhandup / Mulund Toll),T,49.5,55.0,0.1,0,0.0,Free Flow / Moderate
2024-07-07 04:00:00,RD_LBS_01,Lal Bahadur Shastri (LBS) Marg (Sion to Kurla Kamani),L,30.3,35.0,0.13,1,0.0,Free Flow / Moderate
2024-07-07 04:00:00,RD_LBS_02,LBS Marg (Kurla to Ghatkopar Gandhi Nagar),N,31.0,35.0,0.11,0,0.0,Free Flow / Moderate
2024-07-07 04:00:00,RD_LBS_03,LBS Marg (Ghatkopar to Vikhroli / Kanjurmarg),S,30.9,35.0,0.12,1,0.0,Free Flow / Moderate
2024-07-07 04:00:00,RD_LBS_04,LBS Marg (Bhandup to Mulund Check Naka),T,31.6,35.0,0.1,0,0.0,Free Flow / Moderate
2024-07-07 04:00:00,RD_JVL_01,Jogeshwari-Vikhroli Link Road (JVLR - WEH to Powai),K/E,31.2,35.0,0.11,1,0.0,Free Flow / Moderate
2024-07-07 05:00:00,RD_WEH_01,Western Express Highway (Bandra to Santacruz),H/E,50.0,55.0,0.1,0,0.0,Free Flow / Moderate
2024-07-07 05:00:00,RD_WEH_02,Western Express Highway (Santacruz to Andheri Flyover),K/E,48.6,55.0,0.12,0,0.0,Free Flow / Moderate
2024-07-07 05:00:00,RD_WEH_03,Western Express Highway (Andheri to Goregaon Hub),P/S,48.3,55.0,0.12,0,0.0,Free Flow / Moderate
2024-07-07 05:00:00,RD_WEH_04,Western Express Highway (Goregaon to Borivali National Park),R/C,49.5,55.0,0.1,0,0.0,Free Flow / Moderate
2024-07-07 05:00:00,RD_WEH_05,Western Express Highway (Borivali to Dahisar Toll Naka),R/N,51.1,55.0,0.1,0,0.0,Free Flow / Moderate
2024-07-07 05:00:00,RD_SVR_01,Swami Vivekanand (SV) Road (Bandra Lucky Jn to Khar),H/W,29.8,35.0,0.15,0,0.0,Free Flow / Moderate
2024-07-07 05:00:00,RD_SVR_02,SV Road (Santacruz Milan Subway Approach),H/W,32.5,35.0,0.1,0,0.0,Free Flow / Moderate
2024-07-07 05:00:00,RD_SVR_03,SV Road (Vile Parle to Andheri Station West),K/W,33.3,35.0,0.1,0,0.0,Free Flow / Moderate
2024-07-07 05:00:00,RD_SVR_04,SV Road (Andheri Subway Section to Jogeshwari),K/W,32.5,35.0,0.1,0,0.0,Free Flow / Moderate
2024-07-07 05:00:00,RD_SVR_05,SV Road (Goregaon to Malad Subway Jn),P/N,31.4,35.0,0.1,0,0.0,Free Flow / Moderate
2024-07-07 05:00:00,RD_SVR_06,SV Road (Kandivali to Borivali Station West),R/C,32.3,35.0,0.1,0,0.0,Free Flow / Moderate
2024-07-07 05:00:00,RD_LNK_01,New Link Road (Bandra West to Khar Danda),H/W,29.5,35.0,0.16,0,0.0,Free Flow / Moderate
2024-07-07 05:00:00,RD_LNK_02,New Link Road (Juhu Circle to Andheri Infinity Mall),K/W,31.1,35.0,0.11,0,0.0,Free Flow / Moderate
2024-07-07 05:00:00,RD_LNK_03,New Link Road (Oshiwara to Goregaon West / Bangur Nagar),P/S,32.8,35.0,0.1,0,0.0,Free Flow / Moderate
2024-07-07 05:00:00,RD_LNK_04,New Link Road (Malad Inorbit to Mith Chowki),P/N,30.7,35.0,0.12,0,0.0,Free Flow / Moderate
2024-07-07 05:00:00,RD_LNK_05,New Link Road (Kandivali to Dahisar Link Road Extension),R/N,31.1,35.0,0.11,1,0.0,Free Flow / Moderate
2024-07-07 05:00:00,RD_EEH_01,Eastern Express Highway (Sion Circle to Priyadarshini Park),F/N,47.5,55.0,0.14,0,0.0,Free Flow / Moderate
2024-07-07 05:00:00,RD_EEH_02,Eastern Express Highway (Kurla Amar Mahal to Ghatkopar),L,51.3,55.0,0.1,0,0.0,Free Flow / Moderate
2024-07-07 05:00:00,RD_EEH_03,Eastern Express Highway (Ghatkopar to Vikhroli / Godrej),N,49.0,55.0,0.11,0,0.0,Free Flow / Moderate
2024-07-07 05:00:00,RD_EEH_04,Eastern Express Highway (Vikhroli to Bhandup / Mulund Toll),T,49.2,55.0,0.11,0,0.0,Free Flow / Moderate
2024-07-07 05:00:00,RD_LBS_01,Lal Bahadur Shastri (LBS) Marg (Sion to Kurla Kamani),L,31.1,35.0,0.11,0,0.0,Free Flow / Moderate
2024-07-07 05:00:00,RD_LBS_02,LBS Marg (Kurla to Ghatkopar Gandhi Nagar),N,31.6,35.0,0.1,0,0.0,Free Flow / Moderate
2024-07-07 05:00:00,RD_LBS_03,LBS Marg (Ghatkopar to Vikhroli / Kanjurmarg),S,30.2,35.0,0.14,1,0.0,Free Flow / Moderate
2024-07-07 05:00:00,RD_LBS_04,LBS Marg (Bhandup to Mulund Check Naka),T,32.6,35.0,0.1,0,0.0,Free Flow / Moderate
2024-07-07 05:00:00,RD_JVL_01,Jogeshwari-Vikhroli Link Road (JVLR - WEH to Powai),K/E,32.9,35.0,0.1,0,0.0,Free Flow / Moderate
2024-07-07 06:00:00,RD_WEH_01,Western Express Highway (Bandra to Santacruz),H/E,48.3,55.0,0.12,0,0.0,Free Flow / Moderate
2024-07-07 06:00:00,RD_WEH_02,Western Express Highway (Santacruz to Andheri Flyover),K/E,49.3,55.0,0.1,0,0.0,Free Flow / Moderate
2024-07-07 06:00:00,RD_WEH_03,Western Express Highway (Andheri to Goregaon Hub),P/S,50.8,55.0,0.1,0,0.0,Free Flow / Moderate
2024-07-07 06:00:00,RD_WEH_04,Western Express Highway (Goregaon to Borivali National Park),R/C,49.5,55.0,0.1,0,0.0,Free Flow / Moderate
2024-07-07 06:00:00,RD_WEH_05,Western Express Highway (Borivali to Dahisar Toll Naka),R/N,50.7,55.0,0.1,0,0.0,Free Flow / Moderate
2024-07-07 06:00:00,RD_SVR_01,Swami Vivekanand (SV) Road (Bandra Lucky Jn to Khar),H/W,29.6,35.0,0.15,1,0.0,Free Flow / Moderate
2024-07-07 06:00:00,RD_SVR_02,SV Road (Santacruz Milan Subway Approach),H/W,30.9,35.0,0.12,0,0.0,Free Flow / Moderate
2024-07-07 06:00:00,RD_SVR_03,SV Road (Vile Parle to Andheri Station West),K/W,31.5,35.0,0.1,0,0.0,Free Flow / Moderate
2024-07-07 06:00:00,RD_SVR_04,SV Road (Andheri Subway Section to Jogeshwari),K/W,30.7,35.0,0.12,0,0.0,Free Flow / Moderate
2024-07-07 06:00:00,RD_SVR_05,SV Road (Goregaon to Malad Subway Jn),P/N,32.5,35.0,0.1,0,0.0,Free Flow / Moderate
2024-07-07 06:00:00,RD_SVR_06,SV Road (Kandivali to Borivali Station West),R/C,30.4,35.0,0.13,1,0.0,Free Flow / Moderate
2024-07-07 06:00:00,RD_LNK_01,New Link Road (Bandra West to Khar Danda),H/W,32.3,35.0,0.1,0,0.0,Free Flow / Moderate
2024-07-07 06:00:00,RD_LNK_02,New Link Road (Juhu Circle to Andheri Infinity Mall),K/W,31.7,35.0,0.1,0,0.0,Free Flow / Moderate
2024-07-07 06:00:00,RD_LNK_03,New Link Road (Oshiwara to Goregaon West / Bangur Nagar),P/S,30.3,35.0,0.13,0,0.0,Free Flow / Moderate
2024-07-07 06:00:00,RD_LNK_04,New Link Road (Malad Inorbit to Mith Chowki),P/N,32.9,35.0,0.1,0,0.0,Free Flow / Moderate
2024-07-07 06:00:00,RD_LNK_05,New Link Road (Kandivali to Dahisar Link Road Extension),R/N,32.5,35.0,0.1,0,0.0,Free Flow / Moderate
2024-07-07 06:00:00,RD_EEH_01,Eastern Express Highway (Sion Circle to Priyadarshini Park),F/N,49.7,55.0,0.1,0,0.0,Free Flow / Moderate
2024-07-07 06:00:00,RD_EEH_02,Eastern Express Highway (Kurla Amar Mahal to Ghatkopar),L,47.5,55.0,0.14,0,0.0,Free Flow / Moderate
2024-07-07 06:00:00,RD_EEH_03,Eastern Express Highway (Ghatkopar to Vikhroli / Godrej),N,49.6,55.0,0.1,0,0.0,Free Flow / Moderate
2024-07-07 06:00:00,RD_EEH_04,Eastern Express Highway (Vikhroli to Bhandup / Mulund Toll),T,50.6,55.0,0.1,0,0.0,Free Flow / Moderate
2024-07-07 06:00:00,RD_LBS_01,Lal Bahadur Shastri (LBS) Marg (Sion to Kurla Kamani),L,30.8,35.0,0.12,0,0.0,Free Flow / Moderate
2024-07-07 06:00:00,RD_LBS_02,LBS Marg (Kurla to Ghatkopar Gandhi Nagar),N,30.0,35.0,0.14,1,0.0,Free Flow / Moderate
2024-07-07 06:00:00,RD_LBS_03,LBS Marg (Ghatkopar to Vikhroli / Kanjurmarg),S,32.1,35.0,0.1,0,0.0,Free Flow / Moderate
2024-07-07 06:00:00,RD_LBS_04,LBS Marg (Bhandup to Mulund Check Naka),T,31.8,35.0,0.1,0,0.0,Free Flow / Moderate
2024-07-07 06:00:00,RD_JVL_01,Jogeshwari-Vikhroli Link Road (JVLR - WEH to Powai),K/E,32.3,35.0,0.1,0,0.0,Free Flow / Moderate
2024-07-07 07:00:00,RD_WEH_01,Western Express Highway (Bandra to Santacruz),H/E,48.4,55.0,0.12,0,0.0,Free Flow / Moderate
2024-07-07 07:00:00,RD_WEH_02,Western Express Highway (Santacruz to Andheri Flyover),K/E,49.4,55.0,0.1,0,0.0,Free Flow / Moderate
2024-07-07 07:00:00,RD_WEH_03,Western Express Highway (Andheri to Goregaon Hub),P/S,49.3,55.0,0.1,0,0.0,Free Flow / Moderate
2024-07-07 07:00:00,RD_WEH_04,Western Express Highway (Goregaon to Borivali National Park),R/C,50.9,55.0,0.1,0,0.0,Free Flow / Moderate
2024-07-07 07:00:00,RD_WEH_05,Western Express Highway (Borivali to Dahisar Toll Naka),R/N,50.7,55.0,0.1,0,0.0,Free Flow / Moderate
2024-07-07 07:00:00,RD_SVR_01,Swami Vivekanand (SV) Road (Bandra Lucky Jn to Khar),H/W,32.9,35.0,0.1,0,0.0,Free Flow / Moderate
2024-07-07 07:00:00,RD_SVR_02,SV Road (Santacruz Milan Subway Approach),H/W,32.2,35.0,0.1,0,0.0,Free Flow / Moderate
2024-07-07 07:00:00,RD_SVR_03,SV Road (Vile Parle to Andheri Station West),K/W,29.5,35.0,0.16,1,0.0,Free Flow / Moderate
2024-07-07 07:00:00,RD_SVR_04,SV Road (Andheri Subway Section to Jogeshwari),K/W,32.9,35.0,0.1,0,0.0,Free Flow / Moderate
2024-07-07 07:00:00,RD_SVR_05,SV Road (Goregaon to Malad Subway Jn),P/N,32.6,35.0,0.1,0,0.0,Free Flow / Moderate
2024-07-07 07:00:00,RD_SVR_06,SV Road (Kandivali to Borivali Station West),R/C,30.7,35.0,0.12,1,0.0,Free Flow / Moderate
2024-07-07 07:00:00,RD_LNK_01,New Link Road (Bandra West to Khar Danda),H/W,30.0,35.0,0.14,0,0.0,Free Flow / Moderate
2024-07-07 07:00:00,RD_LNK_02,New Link Road (Juhu Circle to Andheri Infinity Mall),K/W,30.6,35.0,0.13,1,0.0,Free Flow / Moderate
2024-07-07 07:00:00,RD_LNK_03,New Link Road (Oshiwara to Goregaon West / Bangur Nagar),P/S,32.2,35.0,0.1,0,0.0,Free Flow / Moderate
2024-07-07 07:00:00,RD_LNK_04,New Link Road (Malad Inorbit to Mith Chowki),P/N,33.2,35.0,0.1,0,0.0,Free Flow / Moderate
2024-07-07 07:00:00,RD_LNK_05,New Link Road (Kandivali to Dahisar Link Road Extension),R/N,31.9,35.0,0.1,0,0.0,Free Flow / Moderate
2024-07-07 07:00:00,RD_EEH_01,Eastern Express Highway (Sion Circle to Priyadarshini Park),F/N,50.0,55.0,0.1,0,0.0,Free Flow / Moderate
2024-07-07 07:00:00,RD_EEH_02,Eastern Express Highway (Kurla Amar Mahal to Ghatkopar),L,49.4,55.0,0.1,0,0.0,Free Flow / Moderate
2024-07-07 07:00:00,RD_EEH_03,Eastern Express Highway (Ghatkopar to Vikhroli / Godrej),N,47.6,55.0,0.13,0,0.0,Free Flow / Moderate
2024-07-07 07:00:00,RD_EEH_04,Eastern Express Highway (Vikhroli to Bhandup / Mulund Toll),T,50.5,55.0,0.1,0,0.0,Free Flow / Moderate
2024-07-07 07:00:00,RD_LBS_01,Lal Bahadur Shastri (LBS) Marg (Sion to Kurla Kamani),L,31.5,35.0,0.1,0,0.0,Free Flow / Moderate
2024-07-07 07:00:00,RD_LBS_02,LBS Marg (Kurla to Ghatkopar Gandhi Nagar),N,33.1,35.0,0.1,0,0.0,Free Flow / Moderate
2024-07-07 07:00:00,RD_LBS_03,LBS Marg (Ghatkopar to Vikhroli / Kanjurmarg),S,31.4,35.0,0.1,0,0.0,Free Flow / Moderate
2024-07-07 07:00:00,RD_LBS_04,LBS Marg (Bhandup to Mulund Check Naka),T,32.2,35.0,0.1,0,0.0,Free Flow / Moderate
2024-07-07 07:00:00,RD_JVL_01,Jogeshwari-Vikhroli Link Road (JVLR - WEH to Powai),K/E,31.7,35.0,0.1,0,0.0,Free Flow / Moderate
2024-07-07 08:00:00,RD_WEH_01,Western Express Highway (Bandra to Santacruz),H/E,30.5,55.0,0.45,3,0.0,Free Flow / Moderate
2024-07-07 08:00:00,RD_WEH_02,Western Express Highway (Santacruz to Andheri Flyover),K/E,29.7,55.0,0.46,4,0.0,Free Flow / Moderate
2024-07-07 08:00:00,RD_WEH_03,Western Express Highway (Andheri to Goregaon Hub),P/S,31.8,55.0,0.42,3,0.0,Free Flow / Moderate
2024-07-07 08:00:00,RD_WEH_04,Western Express Highway (Goregaon to Borivali National Park),R/C,30.4,55.0,0.45,5,0.0,Free Flow / Moderate
2024-07-07 08:00:00,RD_WEH_05,Western Express Highway (Borivali to Dahisar Toll Naka),R/N,32.2,55.0,0.41,3,0.0,Free Flow / Moderate
2024-07-07 08:00:00,RD_SVR_01,Swami Vivekanand (SV) Road (Bandra Lucky Jn to Khar),H/W,20.2,35.0,0.42,4,0.0,Free Flow / Moderate
2024-07-07 08:00:00,RD_SVR_02,SV Road (Santacruz Milan Subway Approach),H/W,17.5,35.0,0.5,3,0.0,Congested
2024-07-07 08:00:00,RD_SVR_03,SV Road (Vile Parle to Andheri Station West),K/W,17.3,35.0,0.51,6,0.0,Congested
2024-07-07 08:00:00,RD_SVR_04,SV Road (Andheri Subway Section to Jogeshwari),K/W,17.4,35.0,0.5,5,0.0,Congested
2024-07-07 08:00:00,RD_SVR_05,SV Road (Goregaon to Malad Subway Jn),P/N,18.6,35.0,0.47,6,0.0,Free Flow / Moderate
2024-07-07 08:00:00,RD_SVR_06,SV Road (Kandivali to Borivali Station West),R/C,21.0,35.0,0.4,5,0.0,Free Flow / Moderate
2024-07-07 08:00:00,RD_LNK_01,New Link Road (Bandra West to Khar Danda),H/W,20.4,35.0,0.42,3,0.0,Free Flow / Moderate
2024-07-07 08:00:00,RD_LNK_02,New Link Road (Juhu Circle to Andheri Infinity Mall),K/W,19.2,35.0,0.45,5,0.0,Free Flow / Moderate
2024-07-07 08:00:00,RD_LNK_03,New Link Road (Oshiwara to Goregaon West / Bangur Nagar),P/S,20.5,35.0,0.41,4,0.0,Free Flow / Moderate
2024-07-07 08:00:00,RD_LNK_04,New Link Road (Malad Inorbit to Mith Chowki),P/N,19.1,35.0,0.45,4,0.0,Free Flow / Moderate
2024-07-07 08:00:00,RD_LNK_05,New Link Road (Kandivali to Dahisar Link Road Extension),R/N,20.0,35.0,0.43,7,0.0,Free Flow / Moderate
2024-07-07 08:00:00,RD_EEH_01,Eastern Express Highway (Sion Circle to Priyadarshini Park),F/N,30.1,55.0,0.45,3,0.0,Free Flow / Moderate
2024-07-07 08:00:00,RD_EEH_02,Eastern Express Highway (Kurla Amar Mahal to Ghatkopar),L,29.1,55.0,0.47,4,0.0,Free Flow / Moderate
2024-07-07 08:00:00,RD_EEH_03,Eastern Express Highway (Ghatkopar to Vikhroli / Godrej),N,29.6,55.0,0.46,3,0.0,Free Flow / Moderate
2024-07-07 08:00:00,RD_EEH_04,Eastern Express Highway (Vikhroli to Bhandup / Mulund Toll),T,30.7,55.0,0.44,5,0.0,Free Flow / Moderate
2024-07-07 08:00:00,RD_LBS_01,Lal Bahadur Shastri (LBS) Marg (Sion to Kurla Kamani),L,19.6,35.0,0.44,5,0.0,Free Flow / Moderate
2024-07-07 08:00:00,RD_LBS_02,LBS Marg (Kurla to Ghatkopar Gandhi Nagar),N,21.0,35.0,0.4,4,0.0,Free Flow / Moderate
2024-07-07 08:00:00,RD_LBS_03,LBS Marg (Ghatkopar to Vikhroli / Kanjurmarg),S,20.2,35.0,0.42,5,0.0,Free Flow / Moderate
2024-07-07 08:00:00,RD_LBS_04,LBS Marg (Bhandup to Mulund Check Naka),T,17.5,35.0,0.5,8,0.0,Congested
2024-07-07 08:00:00,RD_JVL_01,Jogeshwari-Vikhroli Link Road (JVLR - WEH to Powai),K/E,19.1,35.0,0.45,7,0.0,Free Flow / Moderate
2024-07-07 09:00:00,RD_WEH_01,Western Express Highway (Bandra to Santacruz),H/E,29.4,55.0,0.47,4,0.0,Free Flow / Moderate
2024-07-07 09:00:00,RD_WEH_02,Western Express Highway (Santacruz to Andheri Flyover),K/E,31.5,55.0,0.43,4,0.0,Free Flow / Moderate
2024-07-07 09:00:00,RD_WEH_03,Western Express Highway (Andheri to Goregaon Hub),P/S,29.8,55.0,0.46,4,0.0,Free Flow / Moderate
2024-07-07 09:00:00,RD_WEH_04,Western Express Highway (Goregaon to Borivali National Park),R/C,29.4,55.0,0.47,6,0.0,Free Flow / Moderate
2024-07-07 09:00:00,RD_WEH_05,Western Express Highway (Borivali to Dahisar Toll Naka),R/N,29.1,55.0,0.47,3,0.0,Free Flow / Moderate
2024-07-07 09:00:00,RD_SVR_01,Swami Vivekanand (SV) Road (Bandra Lucky Jn to Khar),H/W,19.1,35.0,0.45,4,0.0,Free Flow / Moderate
2024-07-07 09:00:00,RD_SVR_02,SV Road (Santacruz Milan Subway Approach),H/W,19.1,35.0,0.45,2,0.0,Free Flow / Moderate
2024-07-07 09:00:00,RD_SVR_03,SV Road (Vile Parle to Andheri Station West),K/W,18.1,35.0,0.48,5,0.0,Free Flow / Moderate
2024-07-07 09:00:00,RD_SVR_04,SV Road (Andheri Subway Section to Jogeshwari),K/W,19.4,35.0,0.45,4,0.0,Free Flow / Moderate
2024-07-07 09:00:00,RD_SVR_05,SV Road (Goregaon to Malad Subway Jn),P/N,19.2,35.0,0.45,5,0.0,Free Flow / Moderate
2024-07-07 09:00:00,RD_SVR_06,SV Road (Kandivali to Borivali Station West),R/C,20.0,35.0,0.43,5,0.0,Free Flow / Moderate
2024-07-07 09:00:00,RD_LNK_01,New Link Road (Bandra West to Khar Danda),H/W,17.4,35.0,0.5,4,0.0,Congested
2024-07-07 09:00:00,RD_LNK_02,New Link Road (Juhu Circle to Andheri Infinity Mall),K/W,20.2,35.0,0.42,5,0.0,Free Flow / Moderate
2024-07-07 09:00:00,RD_LNK_03,New Link Road (Oshiwara to Goregaon West / Bangur Nagar),P/S,17.3,35.0,0.51,6,0.0,Congested
2024-07-07 09:00:00,RD_LNK_04,New Link Road (Malad Inorbit to Mith Chowki),P/N,19.1,35.0,0.45,4,0.0,Free Flow / Moderate
2024-07-07 09:00:00,RD_LNK_05,New Link Road (Kandivali to Dahisar Link Road Extension),R/N,18.0,35.0,0.49,9,0.0,Free Flow / Moderate
2024-07-07 09:00:00,RD_EEH_01,Eastern Express Highway (Sion Circle to Priyadarshini Park),F/N,31.7,55.0,0.42,3,0.0,Free Flow / Moderate
2024-07-07 09:00:00,RD_EEH_02,Eastern Express Highway (Kurla Amar Mahal to Ghatkopar),L,29.6,55.0,0.46,4,0.0,Free Flow / Moderate
2024-07-07 09:00:00,RD_EEH_03,Eastern Express Highway (Ghatkopar to Vikhroli / Godrej),N,30.0,55.0,0.45,3,0.0,Free Flow / Moderate
2024-07-07 09:00:00,RD_EEH_04,Eastern Express Highway (Vikhroli to Bhandup / Mulund Toll),T,29.3,55.0,0.47,6,0.0,Free Flow / Moderate
2024-07-07 09:00:00,RD_LBS_01,Lal Bahadur Shastri (LBS) Marg (Sion to Kurla Kamani),L,17.3,35.0,0.51,6,0.0,Congested
2024-07-07 09:00:00,RD_LBS_02,LBS Marg (Kurla to Ghatkopar Gandhi Nagar),N,18.8,35.0,0.46,6,0.0,Free Flow / Moderate
2024-07-07 09:00:00,RD_LBS_03,LBS Marg (Ghatkopar to Vikhroli / Kanjurmarg),S,18.9,35.0,0.46,6,0.0,Free Flow / Moderate
2024-07-07 09:00:00,RD_LBS_04,LBS Marg (Bhandup to Mulund Check Naka),T,18.9,35.0,0.46,7,0.0,Free Flow / Moderate
2024-07-07 09:00:00,RD_JVL_01,Jogeshwari-Vikhroli Link Road (JVLR - WEH to Powai),K/E,20.4,35.0,0.42,6,0.0,Free Flow / Moderate
2024-07-07 10:00:00,RD_WEH_01,Western Express Highway (Bandra to Santacruz),H/E,28.8,55.0,0.48,4,0.0,Free Flow / Moderate
2024-07-07 10:00:00,RD_WEH_02,Western Express Highway (Santacruz to Andheri Flyover),K/E,31.2,55.0,0.43,4,0.0,Free Flow / Moderate
2024-07-07 10:00:00,RD_WEH_03,Western Express Highway (Andheri to Goregaon Hub),P/S,30.1,55.0,0.45,4,0.0,Free Flow / Moderate
2024-07-07 10:00:00,RD_WEH_04,Western Express Highway (Goregaon to Borivali National Park),R/C,30.1,55.0,0.45,5,0.0,Free Flow / Moderate
2024-07-07 10:00:00,RD_WEH_05,Western Express Highway (Borivali to Dahisar Toll Naka),R/N,30.3,55.0,0.45,3,0.0,Free Flow / Moderate
2024-07-07 10:00:00,RD_SVR_01,Swami Vivekanand (SV) Road (Bandra Lucky Jn to Khar),H/W,18.1,35.0,0.48,5,0.0,Free Flow / Moderate
2024-07-07 10:00:00,RD_SVR_02,SV Road (Santacruz Milan Subway Approach),H/W,18.2,35.0,0.48,3,0.0,Free Flow / Moderate
2024-07-07 10:00:00,RD_SVR_03,SV Road (Vile Parle to Andheri Station West),K/W,17.7,35.0,0.49,5,0.0,Congested
2024-07-07 10:00:00,RD_SVR_04,SV Road (Andheri Subway Section to Jogeshwari),K/W,17.3,35.0,0.51,5,0.0,Congested
2024-07-07 10:00:00,RD_SVR_05,SV Road (Goregaon to Malad Subway Jn),P/N,20.3,35.0,0.42,5,0.0,Free Flow / Moderate
2024-07-07 10:00:00,RD_SVR_06,SV Road (Kandivali to Borivali Station West),R/C,18.3,35.0,0.48,7,0.0,Free Flow / Moderate
2024-07-07 10:00:00,RD_LNK_01,New Link Road (Bandra West to Khar Danda),H/W,18.4,35.0,0.47,4,0.0,Free Flow / Moderate
2024-07-07 10:00:00,RD_LNK_02,New Link Road (Juhu Circle to Andheri Infinity Mall),K/W,21.2,35.0,0.39,4,0.0,Free Flow / Moderate
2024-07-07 10:00:00,RD_LNK_03,New Link Road (Oshiwara to Goregaon West / Bangur Nagar),P/S,20.8,35.0,0.41,4,0.0,Free Flow / Moderate
2024-07-07 10:00:00,RD_LNK_04,New Link Road (Malad Inorbit to Mith Chowki),P/N,18.5,35.0,0.47,4,0.0,Free Flow / Moderate
2024-07-07 10:00:00,RD_LNK_05,New Link Road (Kandivali to Dahisar Link Road Extension),R/N,17.6,35.0,0.5,9,0.0,Congested
2024-07-07 10:00:00,RD_EEH_01,Eastern Express Highway (Sion Circle to Priyadarshini Park),F/N,30.6,55.0,0.44,3,0.0,Free Flow / Moderate
2024-07-07 10:00:00,RD_EEH_02,Eastern Express Highway (Kurla Amar Mahal to Ghatkopar),L,32.0,55.0,0.42,3,0.0,Free Flow / Moderate
2024-07-07 10:00:00,RD_EEH_03,Eastern Express Highway (Ghatkopar to Vikhroli / Godrej),N,32.2,55.0,0.41,3,0.0,Free Flow / Moderate
2024-07-07 10:00:00,RD_EEH_04,Eastern Express Highway (Vikhroli to Bhandup / Mulund Toll),T,30.0,55.0,0.45,6,0.0,Free Flow / Moderate
2024-07-07 10:00:00,RD_LBS_01,Lal Bahadur Shastri (LBS) Marg (Sion to Kurla Kamani),L,20.0,35.0,0.43,5,0.0,Free Flow / Moderate
2024-07-07 10:00:00,RD_LBS_02,LBS Marg (Kurla to Ghatkopar Gandhi Nagar),N,18.1,35.0,0.48,6,0.0,Free Flow / Moderate
2024-07-07 10:00:00,RD_LBS_03,LBS Marg (Ghatkopar to Vikhroli / Kanjurmarg),S,18.2,35.0,0.48,7,0.0,Free Flow / Moderate
2024-07-07 10:00:00,RD_LBS_04,LBS Marg (Bhandup to Mulund Check Naka),T,18.1,35.0,0.48,7,0.0,Free Flow / Moderate
2024-07-07 10:00:00,RD_JVL_01,Jogeshwari-Vikhroli Link Road (JVLR - WEH to Powai),K/E,18.3,35.0,0.48,8,0.0,Free Flow / Moderate
2024-07-07 11:00:00,RD_WEH_01,Western Express Highway (Bandra to Santacruz),H/E,31.8,55.0,0.42,3,0.0,Free Flow / Moderate
2024-07-07 11:00:00,RD_WEH_02,Western Express Highway (Santacruz to Andheri Flyover),K/E,32.1,55.0,0.42,4,0.0,Free Flow / Moderate
2024-07-07 11:00:00,RD_WEH_03,Western Express Highway (Andheri to Goregaon Hub),P/S,31.0,55.0,0.44,4,0.0,Free Flow / Moderate
2024-07-07 11:00:00,RD_WEH_04,Western Express Highway (Goregaon to Borivali National Park),R/C,28.3,55.0,0.49,6,0.0,Free Flow / Moderate
2024-07-07 11:00:00,RD_WEH_05,Western Express Highway (Borivali to Dahisar Toll Naka),R/N,28.5,55.0,0.48,4,0.0,Free Flow / Moderate
2024-07-07 11:00:00,RD_SVR_01,Swami Vivekanand (SV) Road (Bandra Lucky Jn to Khar),H/W,19.5,35.0,0.44,4,0.0,Free Flow / Moderate
2024-07-07 11:00:00,RD_SVR_02,SV Road (Santacruz Milan Subway Approach),H/W,20.3,35.0,0.42,2,0.0,Free Flow / Moderate
2024-07-07 11:00:00,RD_SVR_03,SV Road (Vile Parle to Andheri Station West),K/W,21.0,35.0,0.4,3,0.0,Free Flow / Moderate
2024-07-07 11:00:00,RD_SVR_04,SV Road (Andheri Subway Section to Jogeshwari),K/W,20.3,35.0,0.42,3,0.0,Free Flow / Moderate
2024-07-07 11:00:00,RD_SVR_05,SV Road (Goregaon to Malad Subway Jn),P/N,17.7,35.0,0.49,7,0.0,Congested
2024-07-07 11:00:00,RD_SVR_06,SV Road (Kandivali to Borivali Station West),R/C,20.9,35.0,0.4,5,0.0,Free Flow / Moderate
2024-07-07 11:00:00,RD_LNK_01,New Link Road (Bandra West to Khar Danda),H/W,18.0,35.0,0.49,4,0.0,Free Flow / Moderate
2024-07-07 11:00:00,RD_LNK_02,New Link Road (Juhu Circle to Andheri Infinity Mall),K/W,19.5,35.0,0.44,5,0.0,Free Flow / Moderate
2024-07-07 11:00:00,RD_LNK_03,New Link Road (Oshiwara to Goregaon West / Bangur Nagar),P/S,20.6,35.0,0.41,4,0.0,Free Flow / Moderate
2024-07-07 11:00:00,RD_LNK_04,New Link Road (Malad Inorbit to Mith Chowki),P/N,19.2,35.0,0.45,4,0.0,Free Flow / Moderate
2024-07-07 11:00:00,RD_LNK_05,New Link Road (Kandivali to Dahisar Link Road Extension),R/N,17.8,35.0,0.49,9,0.0,Congested
2024-07-07 11:00:00,RD_EEH_01,Eastern Express Highway (Sion Circle to Priyadarshini Park),F/N,29.3,55.0,0.47,3,0.0,Free Flow / Moderate
2024-07-07 11:00:00,RD_EEH_02,Eastern Express Highway (Kurla Amar Mahal to Ghatkopar),L,30.3,55.0,0.45,4,0.0,Free Flow / Moderate
2024-07-07 11:00:00,RD_EEH_03,Eastern Express Highway (Ghatkopar to Vikhroli / Godrej),N,32.2,55.0,0.41,3,0.0,Free Flow / Moderate
2024-07-07 11:00:00,RD_EEH_04,Eastern Express Highway (Vikhroli to Bhandup / Mulund Toll),T,31.7,55.0,0.42,5,0.0,Free Flow / Moderate
2024-07-07 11:00:00,RD_LBS_01,Lal Bahadur Shastri (LBS) Marg (Sion to Kurla Kamani),L,18.7,35.0,0.47,5,0.0,Free Flow / Moderate
2024-07-07 11:00:00,RD_LBS_02,LBS Marg (Kurla to Ghatkopar Gandhi Nagar),N,20.2,35.0,0.42,5,0.0,Free Flow / Moderate
2024-07-07 11:00:00,RD_LBS_03,LBS Marg (Ghatkopar to Vikhroli / Kanjurmarg),S,18.2,35.0,0.48,7,0.0,Free Flow / Moderate
2024-07-07 11:00:00,RD_LBS_04,LBS Marg (Bhandup to Mulund Check Naka),T,17.7,35.0,0.49,8,0.0,Congested
2024-07-07 11:00:00,RD_JVL_01,Jogeshwari-Vikhroli Link Road (JVLR - WEH to Powai),K/E,19.1,35.0,0.45,7,0.0,Free Flow / Moderate
2024-07-07 12:00:00,RD_WEH_01,Western Express Highway (Bandra to Santacruz),H/E,23.2,55.0,0.58,6,25.6,Free Flow / Moderate
2024-07-07 12:00:00,RD_WEH_02,Western Express Highway (Santacruz to Andheri Flyover),K/E,24.0,55.0,0.56,7,19.3,Free Flow / Moderate
2024-07-07 12:00:00,RD_WEH_03,Western Express Highway (Andheri to Goregaon Hub),P/S,29.3,55.0,0.47,4,10.0,Free Flow / Moderate
2024-07-07 12:00:00,RD_WEH_04,Western Express Highway (Goregaon to Borivali National Park),R/C,34.0,55.0,0.38,4,7.9,Free Flow / Moderate
2024-07-07 12:00:00,RD_WEH_05,Western Express Highway (Borivali to Dahisar Toll Naka),R/N,20.8,55.0,0.62,7,22.1,Free Flow / Moderate
2024-07-07 12:00:00,RD_SVR_01,Swami Vivekanand (SV) Road (Bandra Lucky Jn to Khar),H/W,3.5,35.0,0.9,49,33.4,Severe Gridlock / Blocked
2024-07-07 12:00:00,RD_SVR_02,SV Road (Santacruz Milan Subway Approach),H/W,3.5,35.0,0.9,32,35.3,Severe Gridlock / Blocked
2024-07-07 12:00:00,RD_SVR_03,SV Road (Vile Parle to Andheri Station West),K/W,3.5,35.0,0.9,54,27.3,Severe Gridlock / Blocked
2024-07-07 12:00:00,RD_SVR_04,SV Road (Andheri Subway Section to Jogeshwari),K/W,3.5,35.0,0.9,46,40.8,Severe Gridlock / Blocked
2024-07-07 12:00:00,RD_SVR_05,SV Road (Goregaon to Malad Subway Jn),P/N,7.9,35.0,0.77,24,24.8,Severe Gridlock / Blocked
2024-07-07 12:00:00,RD_SVR_06,SV Road (Kandivali to Borivali Station West),R/C,11.9,35.0,0.66,15,16.0,Congested
2024-07-07 12:00:00,RD_LNK_01,New Link Road (Bandra West to Khar Danda),H/W,3.5,35.0,0.9,43,35.4,Severe Gridlock / Blocked
2024-07-07 12:00:00,RD_LNK_02,New Link Road (Juhu Circle to Andheri Infinity Mall),K/W,3.5,35.0,0.9,63,34.3,Severe Gridlock / Blocked
2024-07-07 12:00:00,RD_LNK_03,New Link Road (Oshiwara to Goregaon West / Bangur Nagar),P/S,3.5,35.0,0.9,55,32.0,Severe Gridlock / Blocked
2024-07-07 12:00:00,RD_LNK_04,New Link Road (Malad Inorbit to Mith Chowki),P/N,3.5,35.0,0.9,49,26.5,Severe Gridlock / Blocked
2024-07-07 12:00:00,RD_LNK_05,New Link Road (Kandivali to Dahisar Link Road Extension),R/N,3.5,35.0,0.9,89,19.6,Severe Gridlock / Blocked
2024-07-07 12:00:00,RD_EEH_01,Eastern Express Highway (Sion Circle to Priyadarshini Park),F/N,16.8,55.0,0.69,9,30.1,Congested
2024-07-07 12:00:00,RD_EEH_02,Eastern Express Highway (Kurla Amar Mahal to Ghatkopar),L,20.0,55.0,0.64,8,23.2,Free Flow / Moderate
2024-07-07 12:00:00,RD_EEH_03,Eastern Express Highway (Ghatkopar to Vikhroli / Godrej),N,33.0,55.0,0.4,3,11.9,Free Flow / Moderate
2024-07-07 12:00:00,RD_EEH_04,Eastern Express Highway (Vikhroli to Bhandup / Mulund Toll),T,39.5,55.0,0.28,2,3.7,Free Flow / Moderate
2024-07-07 12:00:00,RD_LBS_01,Lal Bahadur Shastri (LBS) Marg (Sion to Kurla Kamani),L,3.5,35.0,0.9,60,32.7,Severe Gridlock / Blocked
2024-07-07 12:00:00,RD_LBS_02,LBS Marg (Kurla to Ghatkopar Gandhi Nagar),N,4.6,35.0,0.87,46,21.6,Severe Gridlock / Blocked
2024-07-07 12:00:00,RD_LBS_03,LBS Marg (Ghatkopar to Vikhroli / Kanjurmarg),S,12.5,35.0,0.64,13,18.7,Congested
2024-07-07 12:00:00,RD_LBS_04,LBS Marg (Bhandup to Mulund Check Naka),T,19.1,35.0,0.45,6,0.2,Free Flow / Moderate
2024-07-07 12:00:00,RD_JVL_01,Jogeshwari-Vikhroli Link Road (JVLR - WEH to Powai),K/E,16.6,35.0,0.53,10,0.0,Congested
2024-07-07 13:00:00,RD_WEH_01,Western Express Highway (Bandra to Santacruz),H/E,26.4,55.0,0.52,5,15.3,Free Flow / Moderate
2024-07-07 13:00:00,RD_WEH_02,Western Express Highway (Santacruz to Andheri Flyover),K/E,32.7,55.0,0.41,3,10.6,Free Flow / Moderate
2024-07-07 13:00:00,RD_WEH_03,Western Express Highway (Andheri to Goregaon Hub),P/S,24.6,55.0,0.55,6,11.8,Free Flow / Moderate
2024-07-07 13:00:00,RD_WEH_04,Western Express Highway (Goregaon to Borivali National Park),R/C,40.5,55.0,0.26,2,3.8,Free Flow / Moderate
2024-07-07 13:00:00,RD_WEH_05,Western Express Highway (Borivali to Dahisar Toll Naka),R/N,13.7,55.0,0.75,13,28.6,Congested
2024-07-07 13:00:00,RD_SVR_01,Swami Vivekanand (SV) Road (Bandra Lucky Jn to Khar),H/W,3.5,35.0,0.9,49,26.9,Severe Gridlock / Blocked
2024-07-07 13:00:00,RD_SVR_02,SV Road (Santacruz Milan Subway Approach),H/W,3.5,35.0,0.9,32,39.1,Severe Gridlock / Blocked
2024-07-07 13:00:00,RD_SVR_03,SV Road (Vile Parle to Andheri Station West),K/W,3.5,35.0,0.9,54,35.2,Severe Gridlock / Blocked
2024-07-07 13:00:00,RD_SVR_04,SV Road (Andheri Subway Section to Jogeshwari),K/W,3.5,35.0,0.9,46,34.9,Severe Gridlock / Blocked
2024-07-07 13:00:00,RD_SVR_05,SV Road (Goregaon to Malad Subway Jn),P/N,3.5,35.0,0.9,64,29.1,Severe Gridlock / Blocked
2024-07-07 13:00:00,RD_SVR_06,SV Road (Kandivali to Borivali Station West),R/C,4.1,35.0,0.88,59,16.2,Severe Gridlock / Blocked
2024-07-07 13:00:00,RD_LNK_01,New Link Road (Bandra West to Khar Danda),H/W,4.2,35.0,0.88,35,27.9,Severe Gridlock / Blocked
2024-07-07 13:00:00,RD_LNK_02,New Link Road (Juhu Circle to Andheri Infinity Mall),K/W,3.5,35.0,0.9,63,26.5,Severe Gridlock / Blocked
2024-07-07 13:00:00,RD_LNK_03,New Link Road (Oshiwara to Goregaon West / Bangur Nagar),P/S,3.5,35.0,0.9,55,31.5,Severe Gridlock / Blocked
2024-07-07 13:00:00,RD_LNK_04,New Link Road (Malad Inorbit to Mith Chowki),P/N,3.5,35.0,0.9,49,32.1,Severe Gridlock / Blocked
2024-07-07 13:00:00,RD_LNK_05,New Link Road (Kandivali to Dahisar Link Road Extension),R/N,3.9,35.0,0.89,79,28.2,Severe Gridlock / Blocked
2024-07-07 13:00:00,RD_EEH_01,Eastern Express Highway (Sion Circle to Priyadarshini Park),F/N,19.1,55.0,0.65,7,31.6,Free Flow / Moderate
2024-07-07 13:00:00,RD_EEH_02,Eastern Express Highway (Kurla Amar Mahal to Ghatkopar),L,14.8,55.0,0.73,13,30.1,Congested
2024-07-07 13:00:00,RD_EEH_03,Eastern Express Highway (Ghatkopar to Vikhroli / Godrej),N,23.0,55.0,0.58,6,20.3,Free Flow / Moderate
2024-07-07 13:00:00,RD_EEH_04,Eastern Express Highway (Vikhroli to Bhandup / Mulund Toll),T,34.1,55.0,0.38,4,10.1,Free Flow / Moderate
2024-07-07 13:00:00,RD_LBS_01,Lal Bahadur Shastri (LBS) Marg (Sion to Kurla Kamani),L,3.5,35.0,0.9,60,34.5,Severe Gridlock / Blocked
2024-07-07 13:00:00,RD_LBS_02,LBS Marg (Kurla to Ghatkopar Gandhi Nagar),N,3.5,35.0,0.9,63,23.9,Severe Gridlock / Blocked
2024-07-07 13:00:00,RD_LBS_03,LBS Marg (Ghatkopar to Vikhroli / Kanjurmarg),S,6.2,35.0,0.82,35,12.9,Severe Gridlock / Blocked
2024-07-07 13:00:00,RD_LBS_04,LBS Marg (Bhandup to Mulund Check Naka),T,26.4,35.0,0.25,2,0.0,Free Flow / Moderate
2024-07-07 13:00:00,RD_JVL_01,Jogeshwari-Vikhroli Link Road (JVLR - WEH to Powai),K/E,19.2,35.0,0.45,7,0.0,Free Flow / Moderate
2024-07-07 14:00:00,RD_WEH_01,Western Express Highway (Bandra to Santacruz),H/E,25.2,55.0,0.54,5,17.8,Free Flow / Moderate
2024-07-07 14:00:00,RD_WEH_02,Western Express Highway (Santacruz to Andheri Flyover),K/E,30.7,55.0,0.44,4,7.2,Free Flow / Moderate
2024-07-07 14:00:00,RD_WEH_03,Western Express Highway (Andheri to Goregaon Hub),P/S,29.5,55.0,0.46,4,12.5,Free Flow / Moderate
2024-07-07 14:00:00,RD_WEH_04,Western Express Highway (Goregaon to Borivali National Park),R/C,38.2,55.0,0.31,3,5.8,Free Flow / Moderate
2024-07-07 14:00:00,RD_WEH_05,Western Express Highway (Borivali to Dahisar Toll Naka),R/N,20.3,55.0,0.63,7,27.8,Free Flow / Moderate
2024-07-07 14:00:00,RD_SVR_01,Swami Vivekanand (SV) Road (Bandra Lucky Jn to Khar),H/W,3.5,35.0,0.9,49,33.3,Severe Gridlock / Blocked
2024-07-07 14:00:00,RD_SVR_02,SV Road (Santacruz Milan Subway Approach),H/W,3.5,35.0,0.9,32,40.9,Severe Gridlock / Blocked
2024-07-07 14:00:00,RD_SVR_03,SV Road (Vile Parle to Andheri Station West),K/W,3.5,35.0,0.9,54,35.2,Severe Gridlock / Blocked
2024-07-07 14:00:00,RD_SVR_04,SV Road (Andheri Subway Section to Jogeshwari),K/W,3.5,35.0,0.9,46,33.1,Severe Gridlock / Blocked
2024-07-07 14:00:00,RD_SVR_05,SV Road (Goregaon to Malad Subway Jn),P/N,3.7,35.0,0.89,60,27.5,Severe Gridlock / Blocked
2024-07-07 14:00:00,RD_SVR_06,SV Road (Kandivali to Borivali Station West),R/C,8.9,35.0,0.75,23,14.7,Congested
2024-07-07 14:00:00,RD_LNK_01,New Link Road (Bandra West to Khar Danda),H/W,3.5,35.0,0.9,43,37.3,Severe Gridlock / Blocked
2024-07-07 14:00:00,RD_LNK_02,New Link Road (Juhu Circle to Andheri Infinity Mall),K/W,3.5,35.0,0.9,63,24.1,Severe Gridlock / Blocked
2024-07-07 14:00:00,RD_LNK_03,New Link Road (Oshiwara to Goregaon West / Bangur Nagar),P/S,3.5,35.0,0.9,55,31.5,Severe Gridlock / Blocked
2024-07-07 14:00:00,RD_LNK_04,New Link Road (Malad Inorbit to Mith Chowki),P/N,4.9,35.0,0.86,33,20.5,Severe Gridlock / Blocked
2024-07-07 14:00:00,RD_LNK_05,New Link Road (Kandivali to Dahisar Link Road Extension),R/N,3.7,35.0,0.89,84,30.8,Severe Gridlock / Blocked
2024-07-07 14:00:00,RD_EEH_01,Eastern Express Highway (Sion Circle to Priyadarshini Park),F/N,7.5,55.0,0.86,26,43.0,Severe Gridlock / Blocked
2024-07-07 14:00:00,RD_EEH_02,Eastern Express Highway (Kurla Amar Mahal to Ghatkopar),L,12.9,55.0,0.77,16,36.8,Congested
2024-07-07 14:00:00,RD_EEH_03,Eastern Express Highway (Ghatkopar to Vikhroli / Godrej),N,29.9,55.0,0.46,3,11.2,Free Flow / Moderate
2024-07-07 14:00:00,RD_EEH_04,Eastern Express Highway (Vikhroli to Bhandup / Mulund Toll),T,30.0,55.0,0.45,6,8.2,Free Flow / Moderate
2024-07-07 14:00:00,RD_LBS_01,Lal Bahadur Shastri (LBS) Marg (Sion to Kurla Kamani),L,3.5,35.0,0.9,60,38.1,Severe Gridlock / Blocked
2024-07-07 14:00:00,RD_LBS_02,LBS Marg (Kurla to Ghatkopar Gandhi Nagar),N,5.7,35.0,0.84,36,22.8,Severe Gridlock / Blocked
2024-07-07 14:00:00,RD_LBS_03,LBS Marg (Ghatkopar to Vikhroli / Kanjurmarg),S,7.0,35.0,0.8,30,22.7,Severe Gridlock / Blocked
2024-07-07 14:00:00,RD_LBS_04,LBS Marg (Bhandup to Mulund Check Naka),T,18.3,35.0,0.48,7,3.7,Free Flow / Moderate
2024-07-07 14:00:00,RD_JVL_01,Jogeshwari-Vikhroli Link Road (JVLR - WEH to Powai),K/E,19.2,35.0,0.45,7,0.0,Free Flow / Moderate
2024-07-07 15:00:00,RD_WEH_01,Western Express Highway (Bandra to Santacruz),H/E,27.1,55.0,0.51,5,17.8,Free Flow / Moderate
2024-07-07 15:00:00,RD_WEH_02,Western Express Highway (Santacruz to Andheri Flyover),K/E,32.4,55.0,0.41,3,8.5,Free Flow / Moderate
2024-07-07 15:00:00,RD_WEH_03,Western Express Highway (Andheri to Goregaon Hub),P/S,38.0,55.0,0.31,2,11.1,Free Flow / Moderate
2024-07-07 15:00:00,RD_WEH_04,Western Express Highway (Goregaon to Borivali National Park),R/C,33.0,55.0,0.4,4,5.1,Free Flow / Moderate
2024-07-07 15:00:00,RD_WEH_05,Western Express Highway (Borivali to Dahisar Toll Naka),R/N,27.1,55.0,0.51,4,18.5,Free Flow / Moderate
2024-07-07 15:00:00,RD_SVR_01,Swami Vivekanand (SV) Road (Bandra Lucky Jn to Khar),H/W,3.5,35.0,0.9,49,35.0,Severe Gridlock / Blocked
2024-07-07 15:00:00,RD_SVR_02,SV Road (Santacruz Milan Subway Approach),H/W,3.5,35.0,0.9,32,36.8,Severe Gridlock / Blocked
2024-07-07 15:00:00,RD_SVR_03,SV Road (Vile Parle to Andheri Station West),K/W,3.5,35.0,0.9,54,28.4,Severe Gridlock / Blocked
2024-07-07 15:00:00,RD_SVR_04,SV Road (Andheri Subway Section to Jogeshwari),K/W,3.5,35.0,0.9,46,36.4,Severe Gridlock / Blocked
2024-07-07 15:00:00,RD_SVR_05,SV Road (Goregaon to Malad Subway Jn),P/N,3.5,35.0,0.9,64,34.3,Severe Gridlock / Blocked
2024-07-07 15:00:00,RD_SVR_06,SV Road (Kandivali to Borivali Station West),R/C,3.9,35.0,0.89,62,23.4,Severe Gridlock / Blocked
2024-07-07 15:00:00,RD_LNK_01,New Link Road (Bandra West to Khar Danda),H/W,6.5,35.0,0.81,21,23.6,Severe Gridlock / Blocked
2024-07-07 15:00:00,RD_LNK_02,New Link Road (Juhu Circle to Andheri Infinity Mall),K/W,3.5,35.0,0.9,63,35.0,Severe Gridlock / Blocked
2024-07-07 15:00:00,RD_LNK_03,New Link Road (Oshiwara to Goregaon West / Bangur Nagar),P/S,4.6,35.0,0.87,40,28.8,Severe Gridlock / Blocked
2024-07-07 15:00:00,RD_LNK_04,New Link Road (Malad Inorbit to Mith Chowki),P/N,3.5,35.0,0.9,49,32.3,Severe Gridlock / Blocked
2024-07-07 15:00:00,RD_LNK_05,New Link Road (Kandivali to Dahisar Link Road Extension),R/N,3.5,35.0,0.9,89,31.5,Severe Gridlock / Blocked
2024-07-07 15:00:00,RD_EEH_01,Eastern Express Highway (Sion Circle to Priyadarshini Park),F/N,13.6,55.0,0.75,12,29.4,Congested
2024-07-07 15:00:00,RD_EEH_02,Eastern Express Highway (Kurla Amar Mahal to Ghatkopar),L,15.8,55.0,0.71,12,33.9,Congested
2024-07-07 15:00:00,RD_EEH_03,Eastern Express Highway (Ghatkopar to Vikhroli / Godrej),N,28.2,55.0,0.49,4,12.3,Free Flow / Moderate
2024-07-07 15:00:00,RD_EEH_04,Eastern Express Highway (Vikhroli to Bhandup / Mulund Toll),T,34.8,55.0,0.37,4,8.6,Free Flow / Moderate
2024-07-07 15:00:00,RD_LBS_01,Lal Bahadur Shastri (LBS) Marg (Sion to Kurla Kamani),L,3.5,35.0,0.9,60,31.1,Severe Gridlock / Blocked
2024-07-07 15:00:00,RD_LBS_02,LBS Marg (Kurla to Ghatkopar Gandhi Nagar),N,6.6,35.0,0.81,30,22.7,Severe Gridlock / Blocked
2024-07-07 15:00:00,RD_LBS_03,LBS Marg (Ghatkopar to Vikhroli / Kanjurmarg),S,4.9,35.0,0.86,47,15.3,Severe Gridlock / Blocked
2024-07-07 15:00:00,RD_LBS_04,LBS Marg (Bhandup to Mulund Check Naka),T,22.1,35.0,0.37,4,0.0,Free Flow / Moderate
2024-07-07 15:00:00,RD_JVL_01,Jogeshwari-Vikhroli Link Road (JVLR - WEH to Powai),K/E,21.3,35.0,0.39,5,0.0,Free Flow / Moderate
2024-07-07 16:00:00,RD_WEH_01,Western Express Highway (Bandra to Santacruz),H/E,20.3,55.0,0.63,8,28.7,Free Flow / Moderate
2024-07-07 16:00:00,RD_WEH_02,Western Express Highway (Santacruz to Andheri Flyover),K/E,20.2,55.0,0.63,9,19.5,Free Flow / Moderate
2024-07-07 16:00:00,RD_WEH_03,Western Express Highway (Andheri to Goregaon Hub),P/S,30.1,55.0,0.45,4,9.7,Free Flow / Moderate
2024-07-07 16:00:00,RD_WEH_04,Western Express Highway (Goregaon to Borivali National Park),R/C,30.5,55.0,0.45,5,6.7,Free Flow / Moderate
2024-07-07 16:00:00,RD_WEH_05,Western Express Highway (Borivali to Dahisar Toll Naka),R/N,26.4,55.0,0.52,4,17.4,Free Flow / Moderate
2024-07-07 16:00:00,RD_SVR_01,Swami Vivekanand (SV) Road (Bandra Lucky Jn to Khar),H/W,3.5,35.0,0.9,49,30.4,Severe Gridlock / Blocked
2024-07-07 16:00:00,RD_SVR_02,SV Road (Santacruz Milan Subway Approach),H/W,3.5,35.0,0.9,32,40.2,Severe Gridlock / Blocked
2024-07-07 16:00:00,RD_SVR_03,SV Road (Vile Parle to Andheri Station West),K/W,3.5,35.0,0.9,54,33.6,Severe Gridlock / Blocked
2024-07-07 16:00:00,RD_SVR_04,SV Road (Andheri Subway Section to Jogeshwari),K/W,3.5,35.0,0.9,46,38.5,Severe Gridlock / Blocked
2024-07-07 16:00:00,RD_SVR_05,SV Road (Goregaon to Malad Subway Jn),P/N,3.7,35.0,0.89,60,24.5,Severe Gridlock / Blocked
2024-07-07 16:00:00,RD_SVR_06,SV Road (Kandivali to Borivali Station West),R/C,4.8,35.0,0.86,49,26.1,Severe Gridlock / Blocked
2024-07-07 16:00:00,RD_LNK_01,New Link Road (Bandra West to Khar Danda),H/W,3.5,35.0,0.9,43,29.2,Severe Gridlock / Blocked
2024-07-07 16:00:00,RD_LNK_02,New Link Road (Juhu Circle to Andheri Infinity Mall),K/W,3.5,35.0,0.9,63,38.9,Severe Gridlock / Blocked
2024-07-07 16:00:00,RD_LNK_03,New Link Road (Oshiwara to Goregaon West / Bangur Nagar),P/S,3.5,35.0,0.9,55,25.3,Severe Gridlock / Blocked
2024-07-07 16:00:00,RD_LNK_04,New Link Road (Malad Inorbit to Mith Chowki),P/N,3.5,35.0,0.9,49,31.2,Severe Gridlock / Blocked
2024-07-07 16:00:00,RD_LNK_05,New Link Road (Kandivali to Dahisar Link Road Extension),R/N,7.5,35.0,0.79,36,21.6,Severe Gridlock / Blocked
2024-07-07 16:00:00,RD_EEH_01,Eastern Express Highway (Sion Circle to Priyadarshini Park),F/N,9.7,55.0,0.82,19,41.8,Congested
2024-07-07 16:00:00,RD_EEH_02,Eastern Express Highway (Kurla Amar Mahal to Ghatkopar),L,11.7,55.0,0.79,18,36.5,Congested
2024-07-07 16:00:00,RD_EEH_03,Eastern Express Highway (Ghatkopar to Vikhroli / Godrej),N,23.5,55.0,0.57,6,18.5,Free Flow / Moderate
2024-07-07 16:00:00,RD_EEH_04,Eastern Express Highway (Vikhroli to Bhandup / Mulund Toll),T,37.1,55.0,0.33,3,1.9,Free Flow / Moderate
2024-07-07 16:00:00,RD_LBS_01,Lal Bahadur Shastri (LBS) Marg (Sion to Kurla Kamani),L,3.5,35.0,0.9,60,39.7,Severe Gridlock / Blocked
2024-07-07 16:00:00,RD_LBS_02,LBS Marg (Kurla to Ghatkopar Gandhi Nagar),N,3.5,35.0,0.9,63,29.7,Severe Gridlock / Blocked
2024-07-07 16:00:00,RD_LBS_03,LBS Marg (Ghatkopar to Vikhroli / Kanjurmarg),S,4.0,35.0,0.89,59,22.0,Severe Gridlock / Blocked
2024-07-07 16:00:00,RD_LBS_04,LBS Marg (Bhandup to Mulund Check Naka),T,16.6,35.0,0.53,9,2.2,Congested
2024-07-07 16:00:00,RD_JVL_01,Jogeshwari-Vikhroli Link Road (JVLR - WEH to Powai),K/E,22.7,35.0,0.35,5,0.0,Free Flow / Moderate
2024-07-07 17:00:00,RD_WEH_01,Western Express Highway (Bandra to Santacruz),H/E,3.5,55.0,0.94,72,21.0,Severe Gridlock / Blocked
2024-07-07 17:00:00,RD_WEH_02,Western Express Highway (Santacruz to Andheri Flyover),K/E,7.1,55.0,0.87,38,19.1,Severe Gridlock / Blocked
2024-07-07 17:00:00,RD_WEH_03,Western Express Highway (Andheri to Goregaon Hub),P/S,16.8,55.0,0.69,11,11.4,Congested
2024-07-07 17:00:00,RD_WEH_04,Western Express Highway (Goregaon to Borivali National Park),R/C,14.9,55.0,0.73,19,11.1,Congested
2024-07-07 17:00:00,RD_WEH_05,Western Express Highway (Borivali to Dahisar Toll Naka),R/N,7.8,55.0,0.86,26,20.2,Severe Gridlock / Blocked
2024-07-07 17:00:00,RD_SVR_01,Swami Vivekanand (SV) Road (Bandra Lucky Jn to Khar),H/W,3.5,35.0,0.9,49,26.8,Severe Gridlock / Blocked
2024-07-07 17:00:00,RD_SVR_02,SV Road (Santacruz Milan Subway Approach),H/W,3.5,35.0,0.9,32,31.2,Severe Gridlock / Blocked
2024-07-07 17:00:00,RD_SVR_03,SV Road (Vile Parle to Andheri Station West),K/W,3.5,35.0,0.9,54,24.5,Severe Gridlock / Blocked
2024-07-07 17:00:00,RD_SVR_04,SV Road (Andheri Subway Section to Jogeshwari),K/W,3.5,35.0,0.9,46,37.4,Severe Gridlock / Blocked
2024-07-07 17:00:00,RD_SVR_05,SV Road (Goregaon to Malad Subway Jn),P/N,3.5,35.0,0.9,64,30.9,Severe Gridlock / Blocked
2024-07-07 17:00:00,RD_SVR_06,SV Road (Kandivali to Borivali Station West),R/C,3.5,35.0,0.9,70,12.6,Severe Gridlock / Blocked
2024-07-07 17:00:00,RD_LNK_01,New Link Road (Bandra West to Khar Danda),H/W,3.5,35.0,0.9,43,28.9,Severe Gridlock / Blocked
2024-07-07 17:00:00,RD_LNK_02,New Link Road (Juhu Circle to Andheri Infinity Mall),K/W,3.5,35.0,0.9,63,30.4,Severe Gridlock / Blocked
2024-07-07 17:00:00,RD_LNK_03,New Link Road (Oshiwara to Goregaon West / Bangur Nagar),P/S,3.5,35.0,0.9,55,24.7,Severe Gridlock / Blocked
2024-07-07 17:00:00,RD_LNK_04,New Link Road (Malad Inorbit to Mith Chowki),P/N,3.5,35.0,0.9,49,28.1,Severe Gridlock / Blocked
2024-07-07 17:00:00,RD_LNK_05,New Link Road (Kandivali to Dahisar Link Road Extension),R/N,3.5,35.0,0.9,89,18.2,Severe Gridlock / Blocked
2024-07-07 17:00:00,RD_EEH_01,Eastern Express Highway (Sion Circle to Priyadarshini Park),F/N,3.5,55.0,0.94,60,35.6,Severe Gridlock / Blocked
2024-07-07 17:00:00,RD_EEH_02,Eastern Express Highway (Kurla Amar Mahal to Ghatkopar),L,3.5,55.0,0.94,72,24.5,Severe Gridlock / Blocked
2024-07-07 17:00:00,RD_EEH_03,Eastern Express Highway (Ghatkopar to Vikhroli / Godrej),N,13.8,55.0,0.75,13,11.6,Congested
2024-07-07 17:00:00,RD_EEH_04,Eastern Express Highway (Vikhroli to Bhandup / Mulund Toll),T,11.5,55.0,0.79,28,5.5,Congested
2024-07-07 17:00:00,RD_LBS_01,Lal Bahadur Shastri (LBS) Marg (Sion to Kurla Kamani),L,3.5,35.0,0.9,60,32.6,Severe Gridlock / Blocked
2024-07-07 17:00:00,RD_LBS_02,LBS Marg (Kurla to Ghatkopar Gandhi Nagar),N,3.5,35.0,0.9,63,29.6,Severe Gridlock / Blocked
2024-07-07 17:00:00,RD_LBS_03,LBS Marg (Ghatkopar to Vikhroli / Kanjurmarg),S,3.5,35.0,0.9,69,19.1,Severe Gridlock / Blocked
2024-07-07 17:00:00,RD_LBS_04,LBS Marg (Bhandup to Mulund Check Naka),T,11.8,35.0,0.66,16,0.0,Congested
2024-07-07 17:00:00,RD_JVL_01,Jogeshwari-Vikhroli Link Road (JVLR - WEH to Powai),K/E,5.8,35.0,0.83,46,0.0,Severe Gridlock / Blocked
2024-07-07 18:00:00,RD_WEH_01,Western Express Highway (Bandra to Santacruz),H/E,3.5,55.0,0.94,72,24.2,Severe Gridlock / Blocked
2024-07-07 18:00:00,RD_WEH_02,Western Express Highway (Santacruz to Andheri Flyover),K/E,6.8,55.0,0.88,40,12.1,Severe Gridlock / Blocked
2024-07-07 18:00:00,RD_WEH_03,Western Express Highway (Andheri to Goregaon Hub),P/S,7.1,55.0,0.87,35,9.1,Severe Gridlock / Blocked
2024-07-07 18:00:00,RD_WEH_04,Western Express Highway (Goregaon to Borivali National Park),R/C,13.4,55.0,0.76,22,12.1,Congested
2024-07-07 18:00:00,RD_WEH_05,Western Express Highway (Borivali to Dahisar Toll Naka),R/N,3.5,55.0,0.94,64,20.2,Severe Gridlock / Blocked
2024-07-07 18:00:00,RD_SVR_01,Swami Vivekanand (SV) Road (Bandra Lucky Jn to Khar),H/W,3.5,35.0,0.9,49,32.1,Severe Gridlock / Blocked
2024-07-07 18:00:00,RD_SVR_02,SV Road (Santacruz Milan Subway Approach),H/W,3.5,35.0,0.9,32,41.0,Severe Gridlock / Blocked
2024-07-07 18:00:00,RD_SVR_03,SV Road (Vile Parle to Andheri Station West),K/W,3.5,35.0,0.9,54,30.5,Severe Gridlock / Blocked
2024-07-07 18:00:00,RD_SVR_04,SV Road (Andheri Subway Section to Jogeshwari),K/W,3.5,35.0,0.9,46,43.8,Severe Gridlock / Blocked
2024-07-07 18:00:00,RD_SVR_05,SV Road (Goregaon to Malad Subway Jn),P/N,3.5,35.0,0.9,64,37.8,Severe Gridlock / Blocked
2024-07-07 18:00:00,RD_SVR_06,SV Road (Kandivali to Borivali Station West),R/C,3.5,35.0,0.9,70,27.3,Severe Gridlock / Blocked
2024-07-07 18:00:00,RD_LNK_01,New Link Road (Bandra West to Khar Danda),H/W,3.5,35.0,0.9,43,28.7,Severe Gridlock / Blocked
2024-07-07 18:00:00,RD_LNK_02,New Link Road (Juhu Circle to Andheri Infinity Mall),K/W,3.5,35.0,0.9,63,34.2,Severe Gridlock / Blocked
2024-07-07 18:00:00,RD_LNK_03,New Link Road (Oshiwara to Goregaon West / Bangur Nagar),P/S,3.5,35.0,0.9,55,22.9,Severe Gridlock / Blocked
2024-07-07 18:00:00,RD_LNK_04,New Link Road (Malad Inorbit to Mith Chowki),P/N,3.5,35.0,0.9,49,29.8,Severe Gridlock / Blocked
2024-07-07 18:00:00,RD_LNK_05,New Link Road (Kandivali to Dahisar Link Road Extension),R/N,3.5,35.0,0.9,89,19.9,Severe Gridlock / Blocked
2024-07-07 18:00:00,RD_EEH_01,Eastern Express Highway (Sion Circle to Priyadarshini Park),F/N,3.5,55.0,0.94,60,40.7,Severe Gridlock / Blocked
2024-07-07 18:00:00,RD_EEH_02,Eastern Express Highway (Kurla Amar Mahal to Ghatkopar),L,3.5,55.0,0.94,72,25.2,Severe Gridlock / Blocked
2024-07-07 18:00:00,RD_EEH_03,Eastern Express Highway (Ghatkopar to Vikhroli / Godrej),N,11.4,55.0,0.79,17,13.7,Congested
2024-07-07 18:00:00,RD_EEH_04,Eastern Express Highway (Vikhroli to Bhandup / Mulund Toll),T,8.2,55.0,0.85,42,11.6,Congested
2024-07-07 18:00:00,RD_LBS_01,Lal Bahadur Shastri (LBS) Marg (Sion to Kurla Kamani),L,3.5,35.0,0.9,60,31.4,Severe Gridlock / Blocked
2024-07-07 18:00:00,RD_LBS_02,LBS Marg (Kurla to Ghatkopar Gandhi Nagar),N,3.5,35.0,0.9,63,30.2,Severe Gridlock / Blocked
2024-07-07 18:00:00,RD_LBS_03,LBS Marg (Ghatkopar to Vikhroli / Kanjurmarg),S,3.5,35.0,0.9,69,14.5,Severe Gridlock / Blocked
2024-07-07 18:00:00,RD_LBS_04,LBS Marg (Bhandup to Mulund Check Naka),T,6.3,35.0,0.82,37,0.9,Severe Gridlock / Blocked
2024-07-07 18:00:00,RD_JVL_01,Jogeshwari-Vikhroli Link Road (JVLR - WEH to Powai),K/E,14.2,35.0,0.59,13,0.0,Congested
2024-07-07 19:00:00,RD_WEH_01,Western Express Highway (Bandra to Santacruz),H/E,3.5,55.0,0.94,72,24.4,Severe Gridlock / Blocked
2024-07-07 19:00:00,RD_WEH_02,Western Express Highway (Santacruz to Andheri Flyover),K/E,12.3,55.0,0.78,19,10.5,Congested
2024-07-07 19:00:00,RD_WEH_03,Western Express Highway (Andheri to Goregaon Hub),P/S,15.5,55.0,0.72,13,5.9,Congested
2024-07-07 19:00:00,RD_WEH_04,Western Express Highway (Goregaon to Borivali National Park),R/C,24.7,55.0,0.55,8,0.0,Free Flow / Moderate
2024-07-07 19:00:00,RD_WEH_05,Western Express Highway (Borivali to Dahisar Toll Naka),R/N,11.1,55.0,0.8,17,16.4,Congested
2024-07-07 19:00:00,RD_SVR_01,Swami Vivekanand (SV) Road (Bandra Lucky Jn to Khar),H/W,3.5,35.0,0.9,49,26.8,Severe Gridlock / Blocked
2024-07-07 19:00:00,RD_SVR_02,SV Road (Santacruz Milan Subway Approach),H/W,3.5,35.0,0.9,32,30.8,Severe Gridlock / Blocked
2024-07-07 19:00:00,RD_SVR_03,SV Road (Vile Parle to Andheri Station West),K/W,3.5,35.0,0.9,54,38.9,Severe Gridlock / Blocked
2024-07-07 19:00:00,RD_SVR_04,SV Road (Andheri Subway Section to Jogeshwari),K/W,3.5,35.0,0.9,46,37.5,Severe Gridlock / Blocked
2024-07-07 19:00:00,RD_SVR_05,SV Road (Goregaon to Malad Subway Jn),P/N,3.5,35.0,0.9,64,27.1,Severe Gridlock / Blocked
2024-07-07 19:00:00,RD_SVR_06,SV Road (Kandivali to Borivali Station West),R/C,3.5,35.0,0.9,70,21.4,Severe Gridlock / Blocked
2024-07-07 19:00:00,RD_LNK_01,New Link Road (Bandra West to Khar Danda),H/W,3.5,35.0,0.9,43,34.7,Severe Gridlock / Blocked
2024-07-07 19:00:00,RD_LNK_02,New Link Road (Juhu Circle to Andheri Infinity Mall),K/W,3.5,35.0,0.9,63,28.0,Severe Gridlock / Blocked
2024-07-07 19:00:00,RD_LNK_03,New Link Road (Oshiwara to Goregaon West / Bangur Nagar),P/S,3.5,35.0,0.9,55,21.3,Severe Gridlock / Blocked
2024-07-07 19:00:00,RD_LNK_04,New Link Road (Malad Inorbit to Mith Chowki),P/N,3.5,35.0,0.9,49,25.6,Severe Gridlock / Blocked
2024-07-07 19:00:00,RD_LNK_05,New Link Road (Kandivali to Dahisar Link Road Extension),R/N,3.5,35.0,0.9,89,20.2,Severe Gridlock / Blocked
2024-07-07 19:00:00,RD_EEH_01,Eastern Express Highway (Sion Circle to Priyadarshini Park),F/N,3.5,55.0,0.94,60,31.8,Severe Gridlock / Blocked
2024-07-07 19:00:00,RD_EEH_02,Eastern Express Highway (Kurla Amar Mahal to Ghatkopar),L,3.5,55.0,0.94,72,25.8,Severe Gridlock / Blocked
2024-07-07 19:00:00,RD_EEH_03,Eastern Express Highway (Ghatkopar to Vikhroli / Godrej),N,6.5,55.0,0.88,34,12.4,Severe Gridlock / Blocked
2024-07-07 19:00:00,RD_EEH_04,Eastern Express Highway (Vikhroli to Bhandup / Mulund Toll),T,17.0,55.0,0.69,16,0.7,Congested
2024-07-07 19:00:00,RD_LBS_01,Lal Bahadur Shastri (LBS) Marg (Sion to Kurla Kamani),L,3.5,35.0,0.9,60,34.4,Severe Gridlock / Blocked
2024-07-07 19:00:00,RD_LBS_02,LBS Marg (Kurla to Ghatkopar Gandhi Nagar),N,3.5,35.0,0.9,63,34.9,Severe Gridlock / Blocked
2024-07-07 19:00:00,RD_LBS_03,LBS Marg (Ghatkopar to Vikhroli / Kanjurmarg),S,3.5,35.0,0.9,69,20.0,Severe Gridlock / Blocked
2024-07-07 19:00:00,RD_LBS_04,LBS Marg (Bhandup to Mulund Check Naka),T,6.8,35.0,0.81,34,0.0,Severe Gridlock / Blocked
2024-07-07 19:00:00,RD_JVL_01,Jogeshwari-Vikhroli Link Road (JVLR - WEH to Powai),K/E,11.5,35.0,0.67,18,0.0,Congested
2024-07-07 20:00:00,RD_WEH_01,Western Express Highway (Bandra to Santacruz),H/E,7.1,55.0,0.87,33,15.1,Severe Gridlock / Blocked
2024-07-07 20:00:00,RD_WEH_02,Western Express Highway (Santacruz to Andheri Flyover),K/E,9.7,55.0,0.82,26,9.7,Congested
2024-07-07 20:00:00,RD_WEH_03,Western Express Highway (Andheri to Goregaon Hub),P/S,11.1,55.0,0.8,20,13.5,Congested
2024-07-07 20:00:00,RD_WEH_04,Western Express Highway (Goregaon to Borivali National Park),R/C,20.6,55.0,0.63,11,5.7,Free Flow / Moderate
2024-07-07 20:00:00,RD_WEH_05,Western Express Highway (Borivali to Dahisar Toll Naka),R/N,10.1,55.0,0.82,19,17.5,Congested
2024-07-07 20:00:00,RD_SVR_01,Swami Vivekanand (SV) Road (Bandra Lucky Jn to Khar),H/W,3.5,35.0,0.9,49,33.9,Severe Gridlock / Blocked
2024-07-07 20:00:00,RD_SVR_02,SV Road (Santacruz Milan Subway Approach),H/W,3.5,35.0,0.9,32,40.3,Severe Gridlock / Blocked
2024-07-07 20:00:00,RD_SVR_03,SV Road (Vile Parle to Andheri Station West),K/W,3.5,35.0,0.9,54,35.2,Severe Gridlock / Blocked
2024-07-07 20:00:00,RD_SVR_04,SV Road (Andheri Subway Section to Jogeshwari),K/W,3.5,35.0,0.9,46,37.0,Severe Gridlock / Blocked
2024-07-07 20:00:00,RD_SVR_05,SV Road (Goregaon to Malad Subway Jn),P/N,3.5,35.0,0.9,64,35.8,Severe Gridlock / Blocked
2024-07-07 20:00:00,RD_SVR_06,SV Road (Kandivali to Borivali Station West),R/C,3.5,35.0,0.9,70,18.1,Severe Gridlock / Blocked
2024-07-07 20:00:00,RD_LNK_01,New Link Road (Bandra West to Khar Danda),H/W,3.5,35.0,0.9,43,31.5,Severe Gridlock / Blocked
2024-07-07 20:00:00,RD_LNK_02,New Link Road (Juhu Circle to Andheri Infinity Mall),K/W,3.5,35.0,0.9,63,26.9,Severe Gridlock / Blocked
2024-07-07 20:00:00,RD_LNK_03,New Link Road (Oshiwara to Goregaon West / Bangur Nagar),P/S,3.5,35.0,0.9,55,23.9,Severe Gridlock / Blocked
2024-07-07 20:00:00,RD_LNK_04,New Link Road (Malad Inorbit to Mith Chowki),P/N,3.5,35.0,0.9,49,26.9,Severe Gridlock / Blocked
2024-07-07 20:00:00,RD_LNK_05,New Link Road (Kandivali to Dahisar Link Road Extension),R/N,3.5,35.0,0.9,89,19.8,Severe Gridlock / Blocked
2024-07-07 20:00:00,RD_EEH_01,Eastern Express Highway (Sion Circle to Priyadarshini Park),F/N,3.5,55.0,0.94,60,36.7,Severe Gridlock / Blocked
2024-07-07 20:00:00,RD_EEH_02,Eastern Express Highway (Kurla Amar Mahal to Ghatkopar),L,3.5,55.0,0.94,72,30.0,Severe Gridlock / Blocked
2024-07-07 20:00:00,RD_EEH_03,Eastern Express Highway (Ghatkopar to Vikhroli / Godrej),N,3.5,55.0,0.94,67,20.8,Severe Gridlock / Blocked
2024-07-07 20:00:00,RD_EEH_04,Eastern Express Highway (Vikhroli to Bhandup / Mulund Toll),T,17.1,55.0,0.69,16,3.1,Congested
2024-07-07 20:00:00,RD_LBS_01,Lal Bahadur Shastri (LBS) Marg (Sion to Kurla Kamani),L,3.5,35.0,0.9,60,36.6,Severe Gridlock / Blocked
2024-07-07 20:00:00,RD_LBS_02,LBS Marg (Kurla to Ghatkopar Gandhi Nagar),N,3.5,35.0,0.9,63,24.7,Severe Gridlock / Blocked
2024-07-07 20:00:00,RD_LBS_03,LBS Marg (Ghatkopar to Vikhroli / Kanjurmarg),S,3.5,35.0,0.9,69,17.2,Severe Gridlock / Blocked
2024-07-07 20:00:00,RD_LBS_04,LBS Marg (Bhandup to Mulund Check Naka),T,12.4,35.0,0.65,14,0.0,Congested
2024-07-07 20:00:00,RD_JVL_01,Jogeshwari-Vikhroli Link Road (JVLR - WEH to Powai),K/E,5.6,35.0,0.84,48,0.0,Severe Gridlock / Blocked
2024-07-07 21:00:00,RD_WEH_01,Western Express Highway (Bandra to Santacruz),H/E,31.4,55.0,0.43,3,0.0,Free Flow / Moderate
2024-07-07 21:00:00,RD_WEH_02,Western Express Highway (Santacruz to Andheri Flyover),K/E,28.7,55.0,0.48,5,0.0,Free Flow / Moderate
2024-07-07 21:00:00,RD_WEH_03,Western Express Highway (Andheri to Goregaon Hub),P/S,28.8,55.0,0.48,4,0.0,Free Flow / Moderate
2024-07-07 21:00:00,RD_WEH_04,Western Express Highway (Goregaon to Borivali National Park),R/C,29.6,55.0,0.46,6,0.0,Free Flow / Moderate
2024-07-07 21:00:00,RD_WEH_05,Western Express Highway (Borivali to Dahisar Toll Naka),R/N,31.6,55.0,0.43,3,0.0,Free Flow / Moderate
2024-07-07 21:00:00,RD_SVR_01,Swami Vivekanand (SV) Road (Bandra Lucky Jn to Khar),H/W,17.3,35.0,0.51,5,0.0,Congested
2024-07-07 21:00:00,RD_SVR_02,SV Road (Santacruz Milan Subway Approach),H/W,17.4,35.0,0.5,3,0.0,Congested
2024-07-07 21:00:00,RD_SVR_03,SV Road (Vile Parle to Andheri Station West),K/W,17.6,35.0,0.5,5,0.0,Congested
2024-07-07 21:00:00,RD_SVR_04,SV Road (Andheri Subway Section to Jogeshwari),K/W,19.9,35.0,0.43,3,0.0,Free Flow / Moderate
2024-07-07 21:00:00,RD_SVR_05,SV Road (Goregaon to Malad Subway Jn),P/N,20.1,35.0,0.43,5,0.0,Free Flow / Moderate
2024-07-07 21:00:00,RD_SVR_06,SV Road (Kandivali to Borivali Station West),R/C,19.9,35.0,0.43,5,0.0,Free Flow / Moderate
2024-07-07 21:00:00,RD_LNK_01,New Link Road (Bandra West to Khar Danda),H/W,20.2,35.0,0.42,3,0.0,Free Flow / Moderate
2024-07-07 21:00:00,RD_LNK_02,New Link Road (Juhu Circle to Andheri Infinity Mall),K/W,18.2,35.0,0.48,6,0.0,Free Flow / Moderate
2024-07-07 21:00:00,RD_LNK_03,New Link Road (Oshiwara to Goregaon West / Bangur Nagar),P/S,17.6,35.0,0.5,6,0.0,Congested
2024-07-07 21:00:00,RD_LNK_04,New Link Road (Malad Inorbit to Mith Chowki),P/N,20.8,35.0,0.41,3,0.0,Free Flow / Moderate
2024-07-07 21:00:00,RD_LNK_05,New Link Road (Kandivali to Dahisar Link Road Extension),R/N,21.0,35.0,0.4,6,0.0,Free Flow / Moderate
2024-07-07 21:00:00,RD_EEH_01,Eastern Express Highway (Sion Circle to Priyadarshini Park),F/N,31.4,55.0,0.43,3,0.0,Free Flow / Moderate
2024-07-07 21:00:00,RD_EEH_02,Eastern Express Highway (Kurla Amar Mahal to Ghatkopar),L,28.6,55.0,0.48,4,0.0,Free Flow / Moderate
2024-07-07 21:00:00,RD_EEH_03,Eastern Express Highway (Ghatkopar to Vikhroli / Godrej),N,31.2,55.0,0.43,3,0.0,Free Flow / Moderate
2024-07-07 21:00:00,RD_EEH_04,Eastern Express Highway (Vikhroli to Bhandup / Mulund Toll),T,28.4,55.0,0.48,6,0.0,Free Flow / Moderate
2024-07-07 21:00:00,RD_LBS_01,Lal Bahadur Shastri (LBS) Marg (Sion to Kurla Kamani),L,19.1,35.0,0.45,5,0.0,Free Flow / Moderate
2024-07-07 21:00:00,RD_LBS_02,LBS Marg (Kurla to Ghatkopar Gandhi Nagar),N,21.2,35.0,0.39,4,0.0,Free Flow / Moderate
2024-07-07 21:00:00,RD_LBS_03,LBS Marg (Ghatkopar to Vikhroli / Kanjurmarg),S,18.7,35.0,0.47,6,0.0,Free Flow / Moderate
2024-07-07 21:00:00,RD_LBS_04,LBS Marg (Bhandup to Mulund Check Naka),T,18.5,35.0,0.47,7,0.0,Free Flow / Moderate
2024-07-07 21:00:00,RD_JVL_01,Jogeshwari-Vikhroli Link Road (JVLR - WEH to Powai),K/E,21.0,35.0,0.4,6,0.0,Free Flow / Moderate
2024-07-07 22:00:00,RD_WEH_01,Western Express Highway (Bandra to Santacruz),H/E,50.3,55.0,0.1,0,0.0,Free Flow / Moderate
2024-07-07 22:00:00,RD_WEH_02,Western Express Highway (Santacruz to Andheri Flyover),K/E,51.4,55.0,0.1,0,0.0,Free Flow / Moderate
2024-07-07 22:00:00,RD_WEH_03,Western Express Highway (Andheri to Goregaon Hub),P/S,47.7,55.0,0.13,0,0.0,Free Flow / Moderate
2024-07-07 22:00:00,RD_WEH_04,Western Express Highway (Goregaon to Borivali National Park),R/C,50.3,55.0,0.1,0,0.0,Free Flow / Moderate
2024-07-07 22:00:00,RD_WEH_05,Western Express Highway (Borivali to Dahisar Toll Naka),R/N,48.6,55.0,0.12,0,0.0,Free Flow / Moderate
2024-07-07 22:00:00,RD_SVR_01,Swami Vivekanand (SV) Road (Bandra Lucky Jn to Khar),H/W,31.6,35.0,0.1,0,0.0,Free Flow / Moderate
2024-07-07 22:00:00,RD_SVR_02,SV Road (Santacruz Milan Subway Approach),H/W,31.3,35.0,0.11,0,0.0,Free Flow / Moderate
2024-07-07 22:00:00,RD_SVR_03,SV Road (Vile Parle to Andheri Station West),K/W,30.2,35.0,0.14,0,0.0,Free Flow / Moderate
2024-07-07 22:00:00,RD_SVR_04,SV Road (Andheri Subway Section to Jogeshwari),K/W,32.5,35.0,0.1,0,0.0,Free Flow / Moderate
2024-07-07 22:00:00,RD_SVR_05,SV Road (Goregaon to Malad Subway Jn),P/N,32.5,35.0,0.1,0,0.0,Free Flow / Moderate
2024-07-07 22:00:00,RD_SVR_06,SV Road (Kandivali to Borivali Station West),R/C,32.0,35.0,0.1,0,0.0,Free Flow / Moderate
2024-07-07 22:00:00,RD_LNK_01,New Link Road (Bandra West to Khar Danda),H/W,30.7,35.0,0.12,0,0.0,Free Flow / Moderate
2024-07-07 22:00:00,RD_LNK_02,New Link Road (Juhu Circle to Andheri Infinity Mall),K/W,32.8,35.0,0.1,0,0.0,Free Flow / Moderate
2024-07-07 22:00:00,RD_LNK_03,New Link Road (Oshiwara to Goregaon West / Bangur Nagar),P/S,31.5,35.0,0.1,0,0.0,Free Flow / Moderate
2024-07-07 22:00:00,RD_LNK_04,New Link Road (Malad Inorbit to Mith Chowki),P/N,32.0,35.0,0.1,0,0.0,Free Flow / Moderate
2024-07-07 22:00:00,RD_LNK_05,New Link Road (Kandivali to Dahisar Link Road Extension),R/N,31.9,35.0,0.1,0,0.0,Free Flow / Moderate
2024-07-07 22:00:00,RD_EEH_01,Eastern Express Highway (Sion Circle to Priyadarshini Park),F/N,48.5,55.0,0.12,0,0.0,Free Flow / Moderate
2024-07-07 22:00:00,RD_EEH_02,Eastern Express Highway (Kurla Amar Mahal to Ghatkopar),L,50.7,55.0,0.1,0,0.0,Free Flow / Moderate
2024-07-07 22:00:00,RD_EEH_03,Eastern Express Highway (Ghatkopar to Vikhroli / Godrej),N,50.9,55.0,0.1,0,0.0,Free Flow / Moderate
2024-07-07 22:00:00,RD_EEH_04,Eastern Express Highway (Vikhroli to Bhandup / Mulund Toll),T,49.7,55.0,0.1,0,0.0,Free Flow / Moderate
2024-07-07 22:00:00,RD_LBS_01,Lal Bahadur Shastri (LBS) Marg (Sion to Kurla Kamani),L,30.1,35.0,0.14,1,0.0,Free Flow / Moderate
2024-07-07 22:00:00,RD_LBS_02,LBS Marg (Kurla to Ghatkopar Gandhi Nagar),N,33.4,35.0,0.1,0,0.0,Free Flow / Moderate
2024-07-07 22:00:00,RD_LBS_03,LBS Marg (Ghatkopar to Vikhroli / Kanjurmarg),S,29.9,35.0,0.15,1,0.0,Free Flow / Moderate
2024-07-07 22:00:00,RD_LBS_04,LBS Marg (Bhandup to Mulund Check Naka),T,32.5,35.0,0.1,0,0.0,Free Flow / Moderate
2024-07-07 22:00:00,RD_JVL_01,Jogeshwari-Vikhroli Link Road (JVLR - WEH to Powai),K/E,32.7,35.0,0.1,0,0.0,Free Flow / Moderate
2024-07-07 23:00:00,RD_WEH_01,Western Express Highway (Bandra to Santacruz),H/E,50.9,55.0,0.1,0,0.0,Free Flow / Moderate
2024-07-07 23:00:00,RD_WEH_02,Western Express Highway (Santacruz to Andheri Flyover),K/E,50.3,55.0,0.1,0,0.0,Free Flow / Moderate
2024-07-07 23:00:00,RD_WEH_03,Western Express Highway (Andheri to Goregaon Hub),P/S,50.7,55.0,0.1,0,0.0,Free Flow / Moderate
2024-07-07 23:00:00,RD_WEH_04,Western Express Highway (Goregaon to Borivali National Park),R/C,48.7,55.0,0.11,0,0.0,Free Flow / Moderate
2024-07-07 23:00:00,RD_WEH_05,Western Express Highway (Borivali to Dahisar Toll Naka),R/N,49.8,55.0,0.1,0,0.0,Free Flow / Moderate
2024-07-07 23:00:00,RD_SVR_01,Swami Vivekanand (SV) Road (Bandra Lucky Jn to Khar),H/W,30.6,35.0,0.13,0,0.0,Free Flow / Moderate
2024-07-07 23:00:00,RD_SVR_02,SV Road (Santacruz Milan Subway Approach),H/W,29.6,35.0,0.15,0,0.0,Free Flow / Moderate
2024-07-07 23:00:00,RD_SVR_03,SV Road (Vile Parle to Andheri Station West),K/W,30.0,35.0,0.14,0,0.0,Free Flow / Moderate
2024-07-07 23:00:00,RD_SVR_04,SV Road (Andheri Subway Section to Jogeshwari),K/W,31.1,35.0,0.11,0,0.0,Free Flow / Moderate
2024-07-07 23:00:00,RD_SVR_05,SV Road (Goregaon to Malad Subway Jn),P/N,33.0,35.0,0.1,0,0.0,Free Flow / Moderate
2024-07-07 23:00:00,RD_SVR_06,SV Road (Kandivali to Borivali Station West),R/C,29.5,35.0,0.16,1,0.0,Free Flow / Moderate
2024-07-07 23:00:00,RD_LNK_01,New Link Road (Bandra West to Khar Danda),H/W,33.1,35.0,0.1,0,0.0,Free Flow / Moderate
2024-07-07 23:00:00,RD_LNK_02,New Link Road (Juhu Circle to Andheri Infinity Mall),K/W,32.8,35.0,0.1,0,0.0,Free Flow / Moderate
2024-07-07 23:00:00,RD_LNK_03,New Link Road (Oshiwara to Goregaon West / Bangur Nagar),P/S,31.7,35.0,0.1,0,0.0,Free Flow / Moderate
2024-07-07 23:00:00,RD_LNK_04,New Link Road (Malad Inorbit to Mith Chowki),P/N,30.1,35.0,0.14,0,0.0,Free Flow / Moderate
2024-07-07 23:00:00,RD_LNK_05,New Link Road (Kandivali to Dahisar Link Road Extension),R/N,30.9,35.0,0.12,1,0.0,Free Flow / Moderate
2024-07-07 23:00:00,RD_EEH_01,Eastern Express Highway (Sion Circle to Priyadarshini Park),F/N,48.1,55.0,0.13,0,0.0,Free Flow / Moderate
2024-07-07 23:00:00,RD_EEH_02,Eastern Express Highway (Kurla Amar Mahal to Ghatkopar),L,50.0,55.0,0.1,0,0.0,Free Flow / Moderate
2024-07-07 23:00:00,RD_EEH_03,Eastern Express Highway (Ghatkopar to Vikhroli / Godrej),N,50.2,55.0,0.1,0,0.0,Free Flow / Moderate
2024-07-07 23:00:00,RD_EEH_04,Eastern Express Highway (Vikhroli to Bhandup / Mulund Toll),T,49.3,55.0,0.1,0,0.0,Free Flow / Moderate
2024-07-07 23:00:00,RD_LBS_01,Lal Bahadur Shastri (LBS) Marg (Sion to Kurla Kamani),L,32.0,35.0,0.1,0,0.0,Free Flow / Moderate
2024-07-07 23:00:00,RD_LBS_02,LBS Marg (Kurla to Ghatkopar Gandhi Nagar),N,32.9,35.0,0.1,0,0.0,Free Flow / Moderate
2024-07-07 23:00:00,RD_LBS_03,LBS Marg (Ghatkopar to Vikhroli / Kanjurmarg),S,31.8,35.0,0.1,0,0.0,Free Flow / Moderate
2024-07-07 23:00:00,RD_LBS_04,LBS Marg (Bhandup to Mulund Check Naka),T,30.9,35.0,0.12,1,0.0,Free Flow / Moderate
2024-07-07 23:00:00,RD_JVL_01,Jogeshwari-Vikhroli Link Road (JVLR - WEH to Powai),K/E,29.9,35.0,0.15,1,0.0,Free Flow / Moderate
2024-07-08 00:00:00,RD_WEH_01,Western Express Highway (Bandra to Santacruz),H/E,48.1,55.0,0.13,0,0.0,Free Flow / Moderate
2024-07-08 00:00:00,RD_WEH_02,Western Express Highway (Santacruz to Andheri Flyover),K/E,51.5,55.0,0.1,0,0.0,Free Flow / Moderate
2024-07-08 00:00:00,RD_WEH_03,Western Express Highway (Andheri to Goregaon Hub),P/S,48.3,55.0,0.12,0,0.0,Free Flow / Moderate
2024-07-08 00:00:00,RD_WEH_04,Western Express Highway (Goregaon to Borivali National Park),R/C,50.9,55.0,0.1,0,0.0,Free Flow / Moderate
2024-07-08 00:00:00,RD_WEH_05,Western Express Highway (Borivali to Dahisar Toll Naka),R/N,50.6,55.0,0.1,0,0.0,Free Flow / Moderate
2024-07-08 00:00:00,RD_SVR_01,Swami Vivekanand (SV) Road (Bandra Lucky Jn to Khar),H/W,30.2,35.0,0.14,0,0.0,Free Flow / Moderate
2024-07-08 00:00:00,RD_SVR_02,SV Road (Santacruz Milan Subway Approach),H/W,29.7,35.0,0.15,0,0.0,Free Flow / Moderate
2024-07-08 00:00:00,RD_SVR_03,SV Road (Vile Parle to Andheri Station West),K/W,31.4,35.0,0.1,0,0.0,Free Flow / Moderate
2024-07-08 00:00:00,RD_SVR_04,SV Road (Andheri Subway Section to Jogeshwari),K/W,32.2,35.0,0.1,0,0.0,Free Flow / Moderate
2024-07-08 00:00:00,RD_SVR_05,SV Road (Goregaon to Malad Subway Jn),P/N,31.5,35.0,0.1,0,0.0,Free Flow / Moderate
2024-07-08 00:00:00,RD_SVR_06,SV Road (Kandivali to Borivali Station West),R/C,32.3,35.0,0.1,0,0.0,Free Flow / Moderate
2024-07-08 00:00:00,RD_LNK_01,New Link Road (Bandra West to Khar Danda),H/W,30.4,35.0,0.13,0,0.0,Free Flow / Moderate
2024-07-08 00:00:00,RD_LNK_02,New Link Road (Juhu Circle to Andheri Infinity Mall),K/W,29.9,35.0,0.15,1,0.0,Free Flow / Moderate
2024-07-08 00:00:00,RD_LNK_03,New Link Road (Oshiwara to Goregaon West / Bangur Nagar),P/S,32.8,35.0,0.1,0,0.0,Free Flow / Moderate
2024-07-08 00:00:00,RD_LNK_04,New Link Road (Malad Inorbit to Mith Chowki),P/N,30.9,35.0,0.12,0,0.0,Free Flow / Moderate
2024-07-08 00:00:00,RD_LNK_05,New Link Road (Kandivali to Dahisar Link Road Extension),R/N,29.8,35.0,0.15,1,0.0,Free Flow / Moderate
2024-07-08 00:00:00,RD_EEH_01,Eastern Express Highway (Sion Circle to Priyadarshini Park),F/N,48.8,55.0,0.11,0,0.0,Free Flow / Moderate
2024-07-08 00:00:00,RD_EEH_02,Eastern Express Highway (Kurla Amar Mahal to Ghatkopar),L,50.4,55.0,0.1,0,0.0,Free Flow / Moderate
2024-07-08 00:00:00,RD_EEH_03,Eastern Express Highway (Ghatkopar to Vikhroli / Godrej),N,49.4,55.0,0.1,0,0.0,Free Flow / Moderate
2024-07-08 00:00:00,RD_EEH_04,Eastern Express Highway (Vikhroli to Bhandup / Mulund Toll),T,48.0,55.0,0.13,1,0.0,Free Flow / Moderate
2024-07-08 00:00:00,RD_LBS_01,Lal Bahadur Shastri (LBS) Marg (Sion to Kurla Kamani),L,29.6,35.0,0.15,1,0.0,Free Flow / Moderate
2024-07-08 00:00:00,RD_LBS_02,LBS Marg (Kurla to Ghatkopar Gandhi Nagar),N,31.6,35.0,0.1,0,0.0,Free Flow / Moderate
2024-07-08 00:00:00,RD_LBS_03,LBS Marg (Ghatkopar to Vikhroli / Kanjurmarg),S,29.7,35.0,0.15,1,0.0,Free Flow / Moderate
2024-07-08 00:00:00,RD_LBS_04,LBS Marg (Bhandup to Mulund Check Naka),T,32.8,35.0,0.1,0,0.0,Free Flow / Moderate
2024-07-08 00:00:00,RD_JVL_01,Jogeshwari-Vikhroli Link Road (JVLR - WEH to Powai),K/E,33.0,35.0,0.1,0,0.0,Free Flow / Moderate
2024-07-08 01:00:00,RD_WEH_01,Western Express Highway (Bandra to Santacruz),H/E,50.6,55.0,0.1,0,0.0,Free Flow / Moderate
2024-07-08 01:00:00,RD_WEH_02,Western Express Highway (Santacruz to Andheri Flyover),K/E,50.4,55.0,0.1,0,0.0,Free Flow / Moderate
2024-07-08 01:00:00,RD_WEH_03,Western Express Highway (Andheri to Goregaon Hub),P/S,47.6,55.0,0.13,0,0.0,Free Flow / Moderate
2024-07-08 01:00:00,RD_WEH_04,Western Express Highway (Goregaon to Borivali National Park),R/C,50.6,55.0,0.1,0,0.0,Free Flow / Moderate
2024-07-08 01:00:00,RD_WEH_05,Western Express Highway (Borivali to Dahisar Toll Naka),R/N,48.1,55.0,0.13,0,0.0,Free Flow / Moderate
2024-07-08 01:00:00,RD_SVR_01,Swami Vivekanand (SV) Road (Bandra Lucky Jn to Khar),H/W,31.2,35.0,0.11,0,0.0,Free Flow / Moderate
2024-07-08 01:00:00,RD_SVR_02,SV Road (Santacruz Milan Subway Approach),H/W,33.1,35.0,0.1,0,0.0,Free Flow / Moderate
2024-07-08 01:00:00,RD_SVR_03,SV Road (Vile Parle to Andheri Station West),K/W,30.4,35.0,0.13,0,0.0,Free Flow / Moderate
2024-07-08 01:00:00,RD_SVR_04,SV Road (Andheri Subway Section to Jogeshwari),K/W,33.1,35.0,0.1,0,0.0,Free Flow / Moderate
2024-07-08 01:00:00,RD_SVR_05,SV Road (Goregaon to Malad Subway Jn),P/N,31.0,35.0,0.11,0,0.0,Free Flow / Moderate
2024-07-08 01:00:00,RD_SVR_06,SV Road (Kandivali to Borivali Station West),R/C,33.2,35.0,0.1,0,0.0,Free Flow / Moderate
2024-07-08 01:00:00,RD_LNK_01,New Link Road (Bandra West to Khar Danda),H/W,32.8,35.0,0.1,0,0.0,Free Flow / Moderate
2024-07-08 01:00:00,RD_LNK_02,New Link Road (Juhu Circle to Andheri Infinity Mall),K/W,30.0,35.0,0.14,1,0.0,Free Flow / Moderate
2024-07-08 01:00:00,RD_LNK_03,New Link Road (Oshiwara to Goregaon West / Bangur Nagar),P/S,32.2,35.0,0.1,0,0.0,Free Flow / Moderate
2024-07-08 01:00:00,RD_LNK_04,New Link Road (Malad Inorbit to Mith Chowki),P/N,33.5,35.0,0.1,0,0.0,Free Flow / Moderate
2024-07-08 01:00:00,RD_LNK_05,New Link Road (Kandivali to Dahisar Link Road Extension),R/N,31.0,35.0,0.11,1,0.0,Free Flow / Moderate
2024-07-08 01:00:00,RD_EEH_01,Eastern Express Highway (Sion Circle to Priyadarshini Park),F/N,51.3,55.0,0.1,0,0.0,Free Flow / Moderate
2024-07-08 01:00:00,RD_EEH_02,Eastern Express Highway (Kurla Amar Mahal to Ghatkopar),L,50.0,55.0,0.1,0,0.0,Free Flow / Moderate
2024-07-08 01:00:00,RD_EEH_03,Eastern Express Highway (Ghatkopar to Vikhroli / Godrej),N,49.3,55.0,0.1,0,0.0,Free Flow / Moderate
2024-07-08 01:00:00,RD_EEH_04,Eastern Express Highway (Vikhroli to Bhandup / Mulund Toll),T,51.4,55.0,0.1,0,0.0,Free Flow / Moderate
2024-07-08 01:00:00,RD_LBS_01,Lal Bahadur Shastri (LBS) Marg (Sion to Kurla Kamani),L,33.0,35.0,0.1,0,0.0,Free Flow / Moderate
2024-07-08 01:00:00,RD_LBS_02,LBS Marg (Kurla to Ghatkopar Gandhi Nagar),N,29.7,35.0,0.15,1,0.0,Free Flow / Moderate
2024-07-08 01:00:00,RD_LBS_03,LBS Marg (Ghatkopar to Vikhroli / Kanjurmarg),S,31.2,35.0,0.11,0,0.0,Free Flow / Moderate
2024-07-08 01:00:00,RD_LBS_04,LBS Marg (Bhandup to Mulund Check Naka),T,29.6,35.0,0.15,1,0.0,Free Flow / Moderate
2024-07-08 01:00:00,RD_JVL_01,Jogeshwari-Vikhroli Link Road (JVLR - WEH to Powai),K/E,31.6,35.0,0.1,0,0.0,Free Flow / Moderate
2024-07-08 02:00:00,RD_WEH_01,Western Express Highway (Bandra to Santacruz),H/E,48.6,55.0,0.12,0,0.0,Free Flow / Moderate
2024-07-08 02:00:00,RD_WEH_02,Western Express Highway (Santacruz to Andheri Flyover),K/E,47.7,55.0,0.13,0,0.0,Free Flow / Moderate
2024-07-08 02:00:00,RD_WEH_03,Western Express Highway (Andheri to Goregaon Hub),P/S,48.9,55.0,0.11,0,0.0,Free Flow / Moderate
2024-07-08 02:00:00,RD_WEH_04,Western Express Highway (Goregaon to Borivali National Park),R/C,48.2,55.0,0.12,1,0.0,Free Flow / Moderate
2024-07-08 02:00:00,RD_WEH_05,Western Express Highway (Borivali to Dahisar Toll Naka),R/N,50.5,55.0,0.1,0,0.0,Free Flow / Moderate
2024-07-08 02:00:00,RD_SVR_01,Swami Vivekanand (SV) Road (Bandra Lucky Jn to Khar),H/W,31.8,35.0,0.1,0,0.0,Free Flow / Moderate
2024-07-08 02:00:00,RD_SVR_02,SV Road (Santacruz Milan Subway Approach),H/W,30.0,35.0,0.14,0,0.0,Free Flow / Moderate
2024-07-08 02:00:00,RD_SVR_03,SV Road (Vile Parle to Andheri Station West),K/W,32.5,35.0,0.1,0,0.0,Free Flow / Moderate
2024-07-08 02:00:00,RD_SVR_04,SV Road (Andheri Subway Section to Jogeshwari),K/W,33.1,35.0,0.1,0,0.0,Free Flow / Moderate
2024-07-08 02:00:00,RD_SVR_05,SV Road (Goregaon to Malad Subway Jn),P/N,30.1,35.0,0.14,1,0.0,Free Flow / Moderate
2024-07-08 02:00:00,RD_SVR_06,SV Road (Kandivali to Borivali Station West),R/C,31.8,35.0,0.1,0,0.0,Free Flow / Moderate
2024-07-08 02:00:00,RD_LNK_01,New Link Road (Bandra West to Khar Danda),H/W,31.1,35.0,0.11,0,0.0,Free Flow / Moderate
2024-07-08 02:00:00,RD_LNK_02,New Link Road (Juhu Circle to Andheri Infinity Mall),K/W,31.9,35.0,0.1,0,0.0,Free Flow / Moderate
2024-07-08 02:00:00,RD_LNK_03,New Link Road (Oshiwara to Goregaon West / Bangur Nagar),P/S,32.6,35.0,0.1,0,0.0,Free Flow / Moderate
2024-07-08 02:00:00,RD_LNK_04,New Link Road (Malad Inorbit to Mith Chowki),P/N,30.5,35.0,0.13,0,0.0,Free Flow / Moderate
2024-07-08 02:00:00,RD_LNK_05,New Link Road (Kandivali to Dahisar Link Road Extension),R/N,33.3,35.0,0.1,0,0.0,Free Flow / Moderate
2024-07-08 02:00:00,RD_EEH_01,Eastern Express Highway (Sion Circle to Priyadarshini Park),F/N,47.5,55.0,0.14,0,0.0,Free Flow / Moderate
2024-07-08 02:00:00,RD_EEH_02,Eastern Express Highway (Kurla Amar Mahal to Ghatkopar),L,49.0,55.0,0.11,0,0.0,Free Flow / Moderate
2024-07-08 02:00:00,RD_EEH_03,Eastern Express Highway (Ghatkopar to Vikhroli / Godrej),N,50.3,55.0,0.1,0,0.0,Free Flow / Moderate
2024-07-08 02:00:00,RD_EEH_04,Eastern Express Highway (Vikhroli to Bhandup / Mulund Toll),T,50.0,55.0,0.1,0,0.0,Free Flow / Moderate
2024-07-08 02:00:00,RD_LBS_01,Lal Bahadur Shastri (LBS) Marg (Sion to Kurla Kamani),L,30.6,35.0,0.13,0,0.0,Free Flow / Moderate
2024-07-08 02:00:00,RD_LBS_02,LBS Marg (Kurla to Ghatkopar Gandhi Nagar),N,33.0,35.0,0.1,0,0.0,Free Flow / Moderate
2024-07-08 02:00:00,RD_LBS_03,LBS Marg (Ghatkopar to Vikhroli / Kanjurmarg),S,33.4,35.0,0.1,0,0.0,Free Flow / Moderate
2024-07-08 02:00:00,RD_LBS_04,LBS Marg (Bhandup to Mulund Check Naka),T,32.5,35.0,0.1,0,0.0,Free Flow / Moderate
2024-07-08 02:00:00,RD_JVL_01,Jogeshwari-Vikhroli Link Road (JVLR - WEH to Powai),K/E,30.4,35.0,0.13,1,0.0,Free Flow / Moderate
2024-07-08 03:00:00,RD_WEH_01,Western Express Highway (Bandra to Santacruz),H/E,50.1,55.0,0.1,0,0.0,Free Flow / Moderate
2024-07-08 03:00:00,RD_WEH_02,Western Express Highway (Santacruz to Andheri Flyover),K/E,51.2,55.0,0.1,0,0.0,Free Flow / Moderate
2024-07-08 03:00:00,RD_WEH_03,Western Express Highway (Andheri to Goregaon Hub),P/S,47.6,55.0,0.13,0,0.0,Free Flow / Moderate
2024-07-08 03:00:00,RD_WEH_04,Western Express Highway (Goregaon to Borivali National Park),R/C,51.0,55.0,0.1,0,0.0,Free Flow / Moderate
2024-07-08 03:00:00,RD_WEH_05,Western Express Highway (Borivali to Dahisar Toll Naka),R/N,47.6,55.0,0.13,0,0.0,Free Flow / Moderate
2024-07-08 03:00:00,RD_SVR_01,Swami Vivekanand (SV) Road (Bandra Lucky Jn to Khar),H/W,33.4,35.0,0.1,0,0.0,Free Flow / Moderate
2024-07-08 03:00:00,RD_SVR_02,SV Road (Santacruz Milan Subway Approach),H/W,32.7,35.0,0.1,0,0.0,Free Flow / Moderate
2024-07-08 03:00:00,RD_SVR_03,SV Road (Vile Parle to Andheri Station West),K/W,32.5,35.0,0.1,0,0.0,Free Flow / Moderate
2024-07-08 03:00:00,RD_SVR_04,SV Road (Andheri Subway Section to Jogeshwari),K/W,30.3,35.0,0.13,0,0.0,Free Flow / Moderate
2024-07-08 03:00:00,RD_SVR_05,SV Road (Goregaon to Malad Subway Jn),P/N,30.8,35.0,0.12,0,0.0,Free Flow / Moderate
2024-07-08 03:00:00,RD_SVR_06,SV Road (Kandivali to Borivali Station West),R/C,30.1,35.0,0.14,1,0.0,Free Flow / Moderate
2024-07-08 03:00:00,RD_LNK_01,New Link Road (Bandra West to Khar Danda),H/W,33.5,35.0,0.1,0,0.0,Free Flow / Moderate
2024-07-08 03:00:00,RD_LNK_02,New Link Road (Juhu Circle to Andheri Infinity Mall),K/W,33.3,35.0,0.1,0,0.0,Free Flow / Moderate
2024-07-08 03:00:00,RD_LNK_03,New Link Road (Oshiwara to Goregaon West / Bangur Nagar),P/S,31.7,35.0,0.1,0,0.0,Free Flow / Moderate
2024-07-08 03:00:00,RD_LNK_04,New Link Road (Malad Inorbit to Mith Chowki),P/N,33.4,35.0,0.1,0,0.0,Free Flow / Moderate
2024-07-08 03:00:00,RD_LNK_05,New Link Road (Kandivali to Dahisar Link Road Extension),R/N,33.3,35.0,0.1,0,0.0,Free Flow / Moderate
2024-07-08 03:00:00,RD_EEH_01,Eastern Express Highway (Sion Circle to Priyadarshini Park),F/N,50.1,55.0,0.1,0,0.0,Free Flow / Moderate
2024-07-08 03:00:00,RD_EEH_02,Eastern Express Highway (Kurla Amar Mahal to Ghatkopar),L,48.7,55.0,0.11,0,0.0,Free Flow / Moderate
2024-07-08 03:00:00,RD_EEH_03,Eastern Express Highway (Ghatkopar to Vikhroli / Godrej),N,51.1,55.0,0.1,0,0.0,Free Flow / Moderate
2024-07-08 03:00:00,RD_EEH_04,Eastern Express Highway (Vikhroli to Bhandup / Mulund Toll),T,50.9,55.0,0.1,0,0.0,Free Flow / Moderate
2024-07-08 03:00:00,RD_LBS_01,Lal Bahadur Shastri (LBS) Marg (Sion to Kurla Kamani),L,32.4,35.0,0.1,0,0.0,Free Flow / Moderate
2024-07-08 03:00:00,RD_LBS_02,LBS Marg (Kurla to Ghatkopar Gandhi Nagar),N,31.1,35.0,0.11,0,0.0,Free Flow / Moderate
2024-07-08 03:00:00,RD_LBS_03,LBS Marg (Ghatkopar to Vikhroli / Kanjurmarg),S,30.0,35.0,0.14,1,0.0,Free Flow / Moderate
2024-07-08 03:00:00,RD_LBS_04,LBS Marg (Bhandup to Mulund Check Naka),T,30.9,35.0,0.12,1,0.0,Free Flow / Moderate
2024-07-08 03:00:00,RD_JVL_01,Jogeshwari-Vikhroli Link Road (JVLR - WEH to Powai),K/E,33.4,35.0,0.1,0,0.0,Free Flow / Moderate
2024-07-08 04:00:00,RD_WEH_01,Western Express Highway (Bandra to Santacruz),H/E,47.5,55.0,0.14,0,0.0,Free Flow / Moderate
2024-07-08 04:00:00,RD_WEH_02,Western Express Highway (Santacruz to Andheri Flyover),K/E,48.2,55.0,0.12,0,0.0,Free Flow / Moderate
2024-07-08 04:00:00,RD_WEH_03,Western Express Highway (Andheri to Goregaon Hub),P/S,51.1,55.0,0.1,0,0.0,Free Flow / Moderate
2024-07-08 04:00:00,RD_WEH_04,Western Express Highway (Goregaon to Borivali National Park),R/C,50.4,55.0,0.1,0,0.0,Free Flow / Moderate
2024-07-08 04:00:00,RD_WEH_05,Western Express Highway (Borivali to Dahisar Toll Naka),R/N,50.9,55.0,0.1,0,0.0,Free Flow / Moderate
2024-07-08 04:00:00,RD_SVR_01,Swami Vivekanand (SV) Road (Bandra Lucky Jn to Khar),H/W,32.5,35.0,0.1,0,0.0,Free Flow / Moderate
2024-07-08 04:00:00,RD_SVR_02,SV Road (Santacruz Milan Subway Approach),H/W,31.8,35.0,0.1,0,0.0,Free Flow / Moderate
2024-07-08 04:00:00,RD_SVR_03,SV Road (Vile Parle to Andheri Station West),K/W,32.8,35.0,0.1,0,0.0,Free Flow / Moderate
2024-07-08 04:00:00,RD_SVR_04,SV Road (Andheri Subway Section to Jogeshwari),K/W,30.5,35.0,0.13,0,0.0,Free Flow / Moderate
2024-07-08 04:00:00,RD_SVR_05,SV Road (Goregaon to Malad Subway Jn),P/N,32.9,35.0,0.1,0,0.0,Free Flow / Moderate
2024-07-08 04:00:00,RD_SVR_06,SV Road (Kandivali to Borivali Station West),R/C,31.1,35.0,0.11,0,0.0,Free Flow / Moderate
2024-07-08 04:00:00,RD_LNK_01,New Link Road (Bandra West to Khar Danda),H/W,32.5,35.0,0.1,0,0.0,Free Flow / Moderate
2024-07-08 04:00:00,RD_LNK_02,New Link Road (Juhu Circle to Andheri Infinity Mall),K/W,31.8,35.0,0.1,0,0.0,Free Flow / Moderate
2024-07-08 04:00:00,RD_LNK_03,New Link Road (Oshiwara to Goregaon West / Bangur Nagar),P/S,32.2,35.0,0.1,0,0.0,Free Flow / Moderate
2024-07-08 04:00:00,RD_LNK_04,New Link Road (Malad Inorbit to Mith Chowki),P/N,31.7,35.0,0.1,0,0.0,Free Flow / Moderate
2024-07-08 04:00:00,RD_LNK_05,New Link Road (Kandivali to Dahisar Link Road Extension),R/N,32.0,35.0,0.1,0,0.0,Free Flow / Moderate
2024-07-08 04:00:00,RD_EEH_01,Eastern Express Highway (Sion Circle to Priyadarshini Park),F/N,48.5,55.0,0.12,0,0.0,Free Flow / Moderate
2024-07-08 04:00:00,RD_EEH_02,Eastern Express Highway (Kurla Amar Mahal to Ghatkopar),L,48.2,55.0,0.12,0,0.0,Free Flow / Moderate
2024-07-08 04:00:00,RD_EEH_03,Eastern Express Highway (Ghatkopar to Vikhroli / Godrej),N,49.9,55.0,0.1,0,0.0,Free Flow / Moderate
2024-07-08 04:00:00,RD_EEH_04,Eastern Express Highway (Vikhroli to Bhandup / Mulund Toll),T,51.4,55.0,0.1,0,0.0,Free Flow / Moderate
2024-07-08 04:00:00,RD_LBS_01,Lal Bahadur Shastri (LBS) Marg (Sion to Kurla Kamani),L,30.6,35.0,0.13,0,0.0,Free Flow / Moderate
2024-07-08 04:00:00,RD_LBS_02,LBS Marg (Kurla to Ghatkopar Gandhi Nagar),N,32.9,35.0,0.1,0,0.0,Free Flow / Moderate
2024-07-08 04:00:00,RD_LBS_03,LBS Marg (Ghatkopar to Vikhroli / Kanjurmarg),S,31.9,35.0,0.1,0,0.0,Free Flow / Moderate
2024-07-08 04:00:00,RD_LBS_04,LBS Marg (Bhandup to Mulund Check Naka),T,29.8,35.0,0.15,1,0.0,Free Flow / Moderate
2024-07-08 04:00:00,RD_JVL_01,Jogeshwari-Vikhroli Link Road (JVLR - WEH to Powai),K/E,30.7,35.0,0.12,1,0.0,Free Flow / Moderate
2024-07-08 05:00:00,RD_WEH_01,Western Express Highway (Bandra to Santacruz),H/E,49.2,55.0,0.11,0,0.0,Free Flow / Moderate
2024-07-08 05:00:00,RD_WEH_02,Western Express Highway (Santacruz to Andheri Flyover),K/E,48.3,55.0,0.12,0,0.0,Free Flow / Moderate
2024-07-08 05:00:00,RD_WEH_03,Western Express Highway (Andheri to Goregaon Hub),P/S,51.3,55.0,0.1,0,0.0,Free Flow / Moderate
2024-07-08 05:00:00,RD_WEH_04,Western Express Highway (Goregaon to Borivali National Park),R/C,50.4,55.0,0.1,0,0.0,Free Flow / Moderate
2024-07-08 05:00:00,RD_WEH_05,Western Express Highway (Borivali to Dahisar Toll Naka),R/N,48.9,55.0,0.11,0,0.0,Free Flow / Moderate
2024-07-08 05:00:00,RD_SVR_01,Swami Vivekanand (SV) Road (Bandra Lucky Jn to Khar),H/W,32.3,35.0,0.1,0,0.0,Free Flow / Moderate
2024-07-08 05:00:00,RD_SVR_02,SV Road (Santacruz Milan Subway Approach),H/W,29.6,35.0,0.15,0,0.0,Free Flow / Moderate
2024-07-08 05:00:00,RD_SVR_03,SV Road (Vile Parle to Andheri Station West),K/W,30.3,35.0,0.13,0,0.0,Free Flow / Moderate
2024-07-08 05:00:00,RD_SVR_04,SV Road (Andheri Subway Section to Jogeshwari),K/W,30.3,35.0,0.13,0,0.0,Free Flow / Moderate
2024-07-08 05:00:00,RD_SVR_05,SV Road (Goregaon to Malad Subway Jn),P/N,31.8,35.0,0.1,0,0.0,Free Flow / Moderate
2024-07-08 05:00:00,RD_SVR_06,SV Road (Kandivali to Borivali Station West),R/C,30.4,35.0,0.13,1,0.0,Free Flow / Moderate
2024-07-08 05:00:00,RD_LNK_01,New Link Road (Bandra West to Khar Danda),H/W,31.6,35.0,0.1,0,0.0,Free Flow / Moderate
2024-07-08 05:00:00,RD_LNK_02,New Link Road (Juhu Circle to Andheri Infinity Mall),K/W,30.2,35.0,0.14,1,0.0,Free Flow / Moderate
2024-07-08 05:00:00,RD_LNK_03,New Link Road (Oshiwara to Goregaon West / Bangur Nagar),P/S,32.8,35.0,0.1,0,0.0,Free Flow / Moderate
2024-07-08 05:00:00,RD_LNK_04,New Link Road (Malad Inorbit to Mith Chowki),P/N,30.2,35.0,0.14,0,0.0,Free Flow / Moderate
2024-07-08 05:00:00,RD_LNK_05,New Link Road (Kandivali to Dahisar Link Road Extension),R/N,32.2,35.0,0.1,0,0.0,Free Flow / Moderate
2024-07-08 05:00:00,RD_EEH_01,Eastern Express Highway (Sion Circle to Priyadarshini Park),F/N,50.7,55.0,0.1,0,0.0,Free Flow / Moderate
2024-07-08 05:00:00,RD_EEH_02,Eastern Express Highway (Kurla Amar Mahal to Ghatkopar),L,51.2,55.0,0.1,0,0.0,Free Flow / Moderate
2024-07-08 05:00:00,RD_EEH_03,Eastern Express Highway (Ghatkopar to Vikhroli / Godrej),N,47.6,55.0,0.13,0,0.0,Free Flow / Moderate
2024-07-08 05:00:00,RD_EEH_04,Eastern Express Highway (Vikhroli to Bhandup / Mulund Toll),T,47.9,55.0,0.13,1,0.0,Free Flow / Moderate
2024-07-08 05:00:00,RD_LBS_01,Lal Bahadur Shastri (LBS) Marg (Sion to Kurla Kamani),L,31.0,35.0,0.11,0,0.0,Free Flow / Moderate
2024-07-08 05:00:00,RD_LBS_02,LBS Marg (Kurla to Ghatkopar Gandhi Nagar),N,33.1,35.0,0.1,0,0.0,Free Flow / Moderate
2024-07-08 05:00:00,RD_LBS_03,LBS Marg (Ghatkopar to Vikhroli / Kanjurmarg),S,31.0,35.0,0.11,0,0.0,Free Flow / Moderate
2024-07-08 05:00:00,RD_LBS_04,LBS Marg (Bhandup to Mulund Check Naka),T,32.4,35.0,0.1,0,0.0,Free Flow / Moderate
2024-07-08 05:00:00,RD_JVL_01,Jogeshwari-Vikhroli Link Road (JVLR - WEH to Powai),K/E,31.2,35.0,0.11,1,0.0,Free Flow / Moderate
2024-07-08 06:00:00,RD_WEH_01,Western Express Highway (Bandra to Santacruz),H/E,49.2,55.0,0.11,0,0.0,Free Flow / Moderate
2024-07-08 06:00:00,RD_WEH_02,Western Express Highway (Santacruz to Andheri Flyover),K/E,50.1,55.0,0.1,0,0.0,Free Flow / Moderate
2024-07-08 06:00:00,RD_WEH_03,Western Express Highway (Andheri to Goregaon Hub),P/S,49.9,55.0,0.1,0,0.0,Free Flow / Moderate
2024-07-08 06:00:00,RD_WEH_04,Western Express Highway (Goregaon to Borivali National Park),R/C,48.6,55.0,0.12,0,0.0,Free Flow / Moderate
2024-07-08 06:00:00,RD_WEH_05,Western Express Highway (Borivali to Dahisar Toll Naka),R/N,48.8,55.0,0.11,0,0.0,Free Flow / Moderate
2024-07-08 06:00:00,RD_SVR_01,Swami Vivekanand (SV) Road (Bandra Lucky Jn to Khar),H/W,31.9,35.0,0.1,0,0.0,Free Flow / Moderate
2024-07-08 06:00:00,RD_SVR_02,SV Road (Santacruz Milan Subway Approach),H/W,32.8,35.0,0.1,0,0.0,Free Flow / Moderate
2024-07-08 06:00:00,RD_SVR_03,SV Road (Vile Parle to Andheri Station West),K/W,29.6,35.0,0.15,1,0.0,Free Flow / Moderate
2024-07-08 06:00:00,RD_SVR_04,SV Road (Andheri Subway Section to Jogeshwari),K/W,31.9,35.0,0.1,0,0.0,Free Flow / Moderate
2024-07-08 06:00:00,RD_SVR_05,SV Road (Goregaon to Malad Subway Jn),P/N,29.6,35.0,0.15,1,0.0,Free Flow / Moderate
2024-07-08 06:00:00,RD_SVR_06,SV Road (Kandivali to Borivali Station West),R/C,31.0,35.0,0.11,1,0.0,Free Flow / Moderate
2024-07-08 06:00:00,RD_LNK_01,New Link Road (Bandra West to Khar Danda),H/W,31.2,35.0,0.11,0,0.0,Free Flow / Moderate
2024-07-08 06:00:00,RD_LNK_02,New Link Road (Juhu Circle to Andheri Infinity Mall),K/W,32.6,35.0,0.1,0,0.0,Free Flow / Moderate
2024-07-08 06:00:00,RD_LNK_03,New Link Road (Oshiwara to Goregaon West / Bangur Nagar),P/S,30.2,35.0,0.14,0,0.0,Free Flow / Moderate
2024-07-08 06:00:00,RD_LNK_04,New Link Road (Malad Inorbit to Mith Chowki),P/N,33.5,35.0,0.1,0,0.0,Free Flow / Moderate
2024-07-08 06:00:00,RD_LNK_05,New Link Road (Kandivali to Dahisar Link Road Extension),R/N,29.7,35.0,0.15,1,0.0,Free Flow / Moderate
2024-07-08 06:00:00,RD_EEH_01,Eastern Express Highway (Sion Circle to Priyadarshini Park),F/N,49.1,55.0,0.11,0,0.0,Free Flow / Moderate
2024-07-08 06:00:00,RD_EEH_02,Eastern Express Highway (Kurla Amar Mahal to Ghatkopar),L,50.0,55.0,0.1,0,0.0,Free Flow / Moderate
2024-07-08 06:00:00,RD_EEH_03,Eastern Express Highway (Ghatkopar to Vikhroli / Godrej),N,49.5,55.0,0.1,0,0.0,Free Flow / Moderate
2024-07-08 06:00:00,RD_EEH_04,Eastern Express Highway (Vikhroli to Bhandup / Mulund Toll),T,51.2,55.0,0.1,0,0.0,Free Flow / Moderate
2024-07-08 06:00:00,RD_LBS_01,Lal Bahadur Shastri (LBS) Marg (Sion to Kurla Kamani),L,30.6,35.0,0.13,0,0.0,Free Flow / Moderate
2024-07-08 06:00:00,RD_LBS_02,LBS Marg (Kurla to Ghatkopar Gandhi Nagar),N,29.9,35.0,0.15,1,0.0,Free Flow / Moderate
2024-07-08 06:00:00,RD_LBS_03,LBS Marg (Ghatkopar to Vikhroli / Kanjurmarg),S,31.1,35.0,0.11,0,0.0,Free Flow / Moderate
2024-07-08 06:00:00,RD_LBS_04,LBS Marg (Bhandup to Mulund Check Naka),T,31.4,35.0,0.1,0,0.0,Free Flow / Moderate
2024-07-08 06:00:00,RD_JVL_01,Jogeshwari-Vikhroli Link Road (JVLR - WEH to Powai),K/E,32.7,35.0,0.1,0,0.0,Free Flow / Moderate
2024-07-08 07:00:00,RD_WEH_01,Western Express Highway (Bandra to Santacruz),H/E,50.1,55.0,0.1,0,0.0,Free Flow / Moderate
2024-07-08 07:00:00,RD_WEH_02,Western Express Highway (Santacruz to Andheri Flyover),K/E,49.4,55.0,0.1,0,0.0,Free Flow / Moderate
2024-07-08 07:00:00,RD_WEH_03,Western Express Highway (Andheri to Goregaon Hub),P/S,50.4,55.0,0.1,0,0.0,Free Flow / Moderate
2024-07-08 07:00:00,RD_WEH_04,Western Express Highway (Goregaon to Borivali National Park),R/C,49.4,55.0,0.1,0,0.0,Free Flow / Moderate
2024-07-08 07:00:00,RD_WEH_05,Western Express Highway (Borivali to Dahisar Toll Naka),R/N,50.7,55.0,0.1,0,0.0,Free Flow / Moderate
2024-07-08 07:00:00,RD_SVR_01,Swami Vivekanand (SV) Road (Bandra Lucky Jn to Khar),H/W,29.6,35.0,0.15,1,0.0,Free Flow / Moderate
2024-07-08 07:00:00,RD_SVR_02,SV Road (Santacruz Milan Subway Approach),H/W,30.5,35.0,0.13,0,0.0,Free Flow / Moderate
2024-07-08 07:00:00,RD_SVR_03,SV Road (Vile Parle to Andheri Station West),K/W,32.0,35.0,0.1,0,0.0,Free Flow / Moderate
2024-07-08 07:00:00,RD_SVR_04,SV Road (Andheri Subway Section to Jogeshwari),K/W,31.0,35.0,0.11,0,0.0,Free Flow / Moderate
2024-07-08 07:00:00,RD_SVR_05,SV Road (Goregaon to Malad Subway Jn),P/N,29.8,35.0,0.15,1,0.0,Free Flow / Moderate
2024-07-08 07:00:00,RD_SVR_06,SV Road (Kandivali to Borivali Station West),R/C,29.8,35.0,0.15,1,0.0,Free Flow / Moderate
2024-07-08 07:00:00,RD_LNK_01,New Link Road (Bandra West to Khar Danda),H/W,30.5,35.0,0.13,0,0.0,Free Flow / Moderate
2024-07-08 07:00:00,RD_LNK_02,New Link Road (Juhu Circle to Andheri Infinity Mall),K/W,30.8,35.0,0.12,0,0.0,Free Flow / Moderate
2024-07-08 07:00:00,RD_LNK_03,New Link Road (Oshiwara to Goregaon West / Bangur Nagar),P/S,29.9,35.0,0.15,1,0.0,Free Flow / Moderate
2024-07-08 07:00:00,RD_LNK_04,New Link Road (Malad Inorbit to Mith Chowki),P/N,32.1,35.0,0.1,0,0.0,Free Flow / Moderate
2024-07-08 07:00:00,RD_LNK_05,New Link Road (Kandivali to Dahisar Link Road Extension),R/N,31.3,35.0,0.11,1,0.0,Free Flow / Moderate
2024-07-08 07:00:00,RD_EEH_01,Eastern Express Highway (Sion Circle to Priyadarshini Park),F/N,51.2,55.0,0.1,0,0.0,Free Flow / Moderate
2024-07-08 07:00:00,RD_EEH_02,Eastern Express Highway (Kurla Amar Mahal to Ghatkopar),L,51.0,55.0,0.1,0,0.0,Free Flow / Moderate
2024-07-08 07:00:00,RD_EEH_03,Eastern Express Highway (Ghatkopar to Vikhroli / Godrej),N,50.3,55.0,0.1,0,0.0,Free Flow / Moderate
2024-07-08 07:00:00,RD_EEH_04,Eastern Express Highway (Vikhroli to Bhandup / Mulund Toll),T,51.4,55.0,0.1,0,0.0,Free Flow / Moderate
2024-07-08 07:00:00,RD_LBS_01,Lal Bahadur Shastri (LBS) Marg (Sion to Kurla Kamani),L,32.7,35.0,0.1,0,0.0,Free Flow / Moderate
2024-07-08 07:00:00,RD_LBS_02,LBS Marg (Kurla to Ghatkopar Gandhi Nagar),N,32.8,35.0,0.1,0,0.0,Free Flow / Moderate
2024-07-08 07:00:00,RD_LBS_03,LBS Marg (Ghatkopar to Vikhroli / Kanjurmarg),S,31.9,35.0,0.1,0,0.0,Free Flow / Moderate
2024-07-08 07:00:00,RD_LBS_04,LBS Marg (Bhandup to Mulund Check Naka),T,31.7,35.0,0.1,0,0.0,Free Flow / Moderate
2024-07-08 07:00:00,RD_JVL_01,Jogeshwari-Vikhroli Link Road (JVLR - WEH to Powai),K/E,32.3,35.0,0.1,0,0.0,Free Flow / Moderate
2024-07-08 08:00:00,RD_WEH_01,Western Express Highway (Bandra to Santacruz),H/E,29.0,55.0,0.47,4,0.0,Free Flow / Moderate
2024-07-08 08:00:00,RD_WEH_02,Western Express Highway (Santacruz to Andheri Flyover),K/E,29.1,55.0,0.47,5,0.0,Free Flow / Moderate
2024-07-08 08:00:00,RD_WEH_03,Western Express Highway (Andheri to Goregaon Hub),P/S,28.9,55.0,0.47,4,0.0,Free Flow / Moderate
2024-07-08 08:00:00,RD_WEH_04,Western Express Highway (Goregaon to Borivali National Park),R/C,32.2,55.0,0.41,5,0.0,Free Flow / Moderate
2024-07-08 08:00:00,RD_WEH_05,Western Express Highway (Borivali to Dahisar Toll Naka),R/N,28.8,55.0,0.48,3,0.0,Free Flow / Moderate
2024-07-08 08:00:00,RD_SVR_01,Swami Vivekanand (SV) Road (Bandra Lucky Jn to Khar),H/W,17.7,35.0,0.49,5,0.0,Congested
2024-07-08 08:00:00,RD_SVR_02,SV Road (Santacruz Milan Subway Approach),H/W,19.9,35.0,0.43,2,0.0,Free Flow / Moderate
2024-07-08 08:00:00,RD_SVR_03,SV Road (Vile Parle to Andheri Station West),K/W,20.4,35.0,0.42,4,0.0,Free Flow / Moderate
2024-07-08 08:00:00,RD_SVR_04,SV Road (Andheri Subway Section to Jogeshwari),K/W,17.7,35.0,0.49,5,0.0,Congested
2024-07-08 08:00:00,RD_SVR_05,SV Road (Goregaon to Malad Subway Jn),P/N,17.6,35.0,0.5,7,0.0,Congested
2024-07-08 08:00:00,RD_SVR_06,SV Road (Kandivali to Borivali Station West),R/C,20.9,35.0,0.4,5,0.0,Free Flow / Moderate
2024-07-08 08:00:00,RD_LNK_01,New Link Road (Bandra West to Khar Danda),H/W,17.4,35.0,0.5,4,0.0,Congested
2024-07-08 08:00:00,RD_LNK_02,New Link Road (Juhu Circle to Andheri Infinity Mall),K/W,21.1,35.0,0.4,4,0.0,Free Flow / Moderate
2024-07-08 08:00:00,RD_LNK_03,New Link Road (Oshiwara to Goregaon West / Bangur Nagar),P/S,17.3,35.0,0.51,6,0.0,Congested
2024-07-08 08:00:00,RD_LNK_04,New Link Road (Malad Inorbit to Mith Chowki),P/N,20.1,35.0,0.43,4,0.0,Free Flow / Moderate
2024-07-08 08:00:00,RD_LNK_05,New Link Road (Kandivali to Dahisar Link Road Extension),R/N,19.4,35.0,0.45,7,0.0,Free Flow / Moderate
2024-07-08 08:00:00,RD_EEH_01,Eastern Express Highway (Sion Circle to Priyadarshini Park),F/N,30.7,55.0,0.44,3,0.0,Free Flow / Moderate
2024-07-08 08:00:00,RD_EEH_02,Eastern Express Highway (Kurla Amar Mahal to Ghatkopar),L,31.7,55.0,0.42,3,0.0,Free Flow / Moderate
2024-07-08 08:00:00,RD_EEH_03,Eastern Express Highway (Ghatkopar to Vikhroli / Godrej),N,32.1,55.0,0.42,3,0.0,Free Flow / Moderate
2024-07-08 08:00:00,RD_EEH_04,Eastern Express Highway (Vikhroli to Bhandup / Mulund Toll),T,30.8,55.0,0.44,5,0.0,Free Flow / Moderate
2024-07-08 08:00:00,RD_LBS_01,Lal Bahadur Shastri (LBS) Marg (Sion to Kurla Kamani),L,18.1,35.0,0.48,6,0.0,Free Flow / Moderate
2024-07-08 08:00:00,RD_LBS_02,LBS Marg (Kurla to Ghatkopar Gandhi Nagar),N,20.9,35.0,0.4,4,0.0,Free Flow / Moderate
2024-07-08 08:00:00,RD_LBS_03,LBS Marg (Ghatkopar to Vikhroli / Kanjurmarg),S,21.2,35.0,0.39,5,0.0,Free Flow / Moderate
2024-07-08 08:00:00,RD_LBS_04,LBS Marg (Bhandup to Mulund Check Naka),T,18.6,35.0,0.47,7,0.0,Free Flow / Moderate
2024-07-08 08:00:00,RD_JVL_01,Jogeshwari-Vikhroli Link Road (JVLR - WEH to Powai),K/E,17.5,35.0,0.5,9,0.0,Congested
2024-07-08 09:00:00,RD_WEH_01,Western Express Highway (Bandra to Santacruz),H/E,30.7,55.0,0.44,3,0.0,Free Flow / Moderate
2024-07-08 09:00:00,RD_WEH_02,Western Express Highway (Santacruz to Andheri Flyover),K/E,31.0,55.0,0.44,4,0.0,Free Flow / Moderate
2024-07-08 09:00:00,RD_WEH_03,Western Express Highway (Andheri to Goregaon Hub),P/S,30.2,55.0,0.45,4,0.0,Free Flow / Moderate
2024-07-08 09:00:00,RD_WEH_04,Western Express Highway (Goregaon to Borivali National Park),R/C,30.5,55.0,0.45,5,0.0,Free Flow / Moderate
2024-07-08 09:00:00,RD_WEH_05,Western Express Highway (Borivali to Dahisar Toll Naka),R/N,30.3,55.0,0.45,3,0.0,Free Flow / Moderate
2024-07-08 09:00:00,RD_SVR_01,Swami Vivekanand (SV) Road (Bandra Lucky Jn to Khar),H/W,18.8,35.0,0.46,4,0.0,Free Flow / Moderate
2024-07-08 09:00:00,RD_SVR_02,SV Road (Santacruz Milan Subway Approach),H/W,20.7,35.0,0.41,2,0.0,Free Flow / Moderate
2024-07-08 09:00:00,RD_SVR_03,SV Road (Vile Parle to Andheri Station West),K/W,20.6,35.0,0.41,4,0.0,Free Flow / Moderate
2024-07-08 09:00:00,RD_SVR_04,SV Road (Andheri Subway Section to Jogeshwari),K/W,18.2,35.0,0.48,4,0.0,Free Flow / Moderate
2024-07-08 09:00:00,RD_SVR_05,SV Road (Goregaon to Malad Subway Jn),P/N,17.5,35.0,0.5,7,0.0,Congested
2024-07-08 09:00:00,RD_SVR_06,SV Road (Kandivali to Borivali Station West),R/C,17.5,35.0,0.5,7,0.0,Congested
2024-07-08 09:00:00,RD_LNK_01,New Link Road (Bandra West to Khar Danda),H/W,19.4,35.0,0.45,3,0.0,Free Flow / Moderate
2024-07-08 09:00:00,RD_LNK_02,New Link Road (Juhu Circle to Andheri Infinity Mall),K/W,20.5,35.0,0.41,4,0.0,Free Flow / Moderate
2024-07-08 09:00:00,RD_LNK_03,New Link Road (Oshiwara to Goregaon West / Bangur Nagar),P/S,18.6,35.0,0.47,5,0.0,Free Flow / Moderate
2024-07-08 09:00:00,RD_LNK_04,New Link Road (Malad Inorbit to Mith Chowki),P/N,19.5,35.0,0.44,4,0.0,Free Flow / Moderate
2024-07-08 09:00:00,RD_LNK_05,New Link Road (Kandivali to Dahisar Link Road Extension),R/N,17.8,35.0,0.49,9,0.0,Congested
2024-07-08 09:00:00,RD_EEH_01,Eastern Express Highway (Sion Circle to Priyadarshini Park),F/N,30.5,55.0,0.45,3,0.0,Free Flow / Moderate
2024-07-08 09:00:00,RD_EEH_02,Eastern Express Highway (Kurla Amar Mahal to Ghatkopar),L,28.8,55.0,0.48,4,0.0,Free Flow / Moderate
2024-07-08 09:00:00,RD_EEH_03,Eastern Express Highway (Ghatkopar to Vikhroli / Godrej),N,31.7,55.0,0.42,3,0.0,Free Flow / Moderate
2024-07-08 09:00:00,RD_EEH_04,Eastern Express Highway (Vikhroli to Bhandup / Mulund Toll),T,29.5,55.0,0.46,6,0.0,Free Flow / Moderate
2024-07-08 09:00:00,RD_LBS_01,Lal Bahadur Shastri (LBS) Marg (Sion to Kurla Kamani),L,17.3,35.0,0.51,6,0.0,Congested
2024-07-08 09:00:00,RD_LBS_02,LBS Marg (Kurla to Ghatkopar Gandhi Nagar),N,19.2,35.0,0.45,5,0.0,Free Flow / Moderate
2024-07-08 09:00:00,RD_LBS_03,LBS Marg (Ghatkopar to Vikhroli / Kanjurmarg),S,17.9,35.0,0.49,7,0.0,Congested
2024-07-08 09:00:00,RD_LBS_04,LBS Marg (Bhandup to Mulund Check Naka),T,18.8,35.0,0.46,7,0.0,Free Flow / Moderate
2024-07-08 09:00:00,RD_JVL_01,Jogeshwari-Vikhroli Link Road (JVLR - WEH to Powai),K/E,17.8,35.0,0.49,8,0.0,Congested
2024-07-08 10:00:00,RD_WEH_01,Western Express Highway (Bandra to Santacruz),H/E,30.2,55.0,0.45,4,0.0,Free Flow / Moderate
2024-07-08 10:00:00,RD_WEH_02,Western Express Highway (Santacruz to Andheri Flyover),K/E,30.8,55.0,0.44,4,0.0,Free Flow / Moderate
2024-07-08 10:00:00,RD_WEH_03,Western Express Highway (Andheri to Goregaon Hub),P/S,29.1,55.0,0.47,4,0.0,Free Flow / Moderate
2024-07-08 10:00:00,RD_WEH_04,Western Express Highway (Goregaon to Borivali National Park),R/C,29.3,55.0,0.47,6,0.0,Free Flow / Moderate
2024-07-08 10:00:00,RD_WEH_05,Western Express Highway (Borivali to Dahisar Toll Naka),R/N,31.6,55.0,0.43,3,0.0,Free Flow / Moderate
2024-07-08 10:00:00,RD_SVR_01,Swami Vivekanand (SV) Road (Bandra Lucky Jn to Khar),H/W,20.1,35.0,0.43,4,0.0,Free Flow / Moderate
2024-07-08 10:00:00,RD_SVR_02,SV Road (Santacruz Milan Subway Approach),H/W,18.3,35.0,0.48,3,0.0,Free Flow / Moderate
2024-07-08 10:00:00,RD_SVR_03,SV Road (Vile Parle to Andheri Station West),K/W,18.9,35.0,0.46,5,0.0,Free Flow / Moderate
2024-07-08 10:00:00,RD_SVR_04,SV Road (Andheri Subway Section to Jogeshwari),K/W,18.9,35.0,0.46,4,0.0,Free Flow / Moderate
2024-07-08 10:00:00,RD_SVR_05,SV Road (Goregaon to Malad Subway Jn),P/N,18.1,35.0,0.48,6,0.0,Free Flow / Moderate
2024-07-08 10:00:00,RD_SVR_06,SV Road (Kandivali to Borivali Station West),R/C,19.3,35.0,0.45,6,0.0,Free Flow / Moderate
2024-07-08 10:00:00,RD_LNK_01,New Link Road (Bandra West to Khar Danda),H/W,19.3,35.0,0.45,3,0.0,Free Flow / Moderate
2024-07-08 10:00:00,RD_LNK_02,New Link Road (Juhu Circle to Andheri Infinity Mall),K/W,18.4,35.0,0.47,6,0.0,Free Flow / Moderate
2024-07-08 10:00:00,RD_LNK_03,New Link Road (Oshiwara to Goregaon West / Bangur Nagar),P/S,17.8,35.0,0.49,5,0.0,Congested
2024-07-08 10:00:00,RD_LNK_04,New Link Road (Malad Inorbit to Mith Chowki),P/N,19.3,35.0,0.45,4,0.0,Free Flow / Moderate
2024-07-08 10:00:00,RD_LNK_05,New Link Road (Kandivali to Dahisar Link Road Extension),R/N,20.9,35.0,0.4,6,0.0,Free Flow / Moderate
2024-07-08 10:00:00,RD_EEH_01,Eastern Express Highway (Sion Circle to Priyadarshini Park),F/N,29.2,55.0,0.47,3,0.0,Free Flow / Moderate
2024-07-08 10:00:00,RD_EEH_02,Eastern Express Highway (Kurla Amar Mahal to Ghatkopar),L,29.2,55.0,0.47,4,0.0,Free Flow / Moderate
2024-07-08 10:00:00,RD_EEH_03,Eastern Express Highway (Ghatkopar to Vikhroli / Godrej),N,28.3,55.0,0.49,4,0.0,Free Flow / Moderate
2024-07-08 10:00:00,RD_EEH_04,Eastern Express Highway (Vikhroli to Bhandup / Mulund Toll),T,31.6,55.0,0.43,5,0.0,Free Flow / Moderate
2024-07-08 10:00:00,RD_LBS_01,Lal Bahadur Shastri (LBS) Marg (Sion to Kurla Kamani),L,20.1,35.0,0.43,4,0.0,Free Flow / Moderate
2024-07-08 10:00:00,RD_LBS_02,LBS Marg (Kurla to Ghatkopar Gandhi Nagar),N,19.9,35.0,0.43,5,0.0,Free Flow / Moderate
2024-07-08 10:00:00,RD_LBS_03,LBS Marg (Ghatkopar to Vikhroli / Kanjurmarg),S,18.8,35.0,0.46,6,0.0,Free Flow / Moderate
2024-07-08 10:00:00,RD_LBS_04,LBS Marg (Bhandup to Mulund Check Naka),T,17.5,35.0,0.5,8,0.0,Congested
2024-07-08 10:00:00,RD_JVL_01,Jogeshwari-Vikhroli Link Road (JVLR - WEH to Powai),K/E,19.3,35.0,0.45,7,0.0,Free Flow / Moderate
2024-07-08 11:00:00,RD_WEH_01,Western Express Highway (Bandra to Santacruz),H/E,29.0,55.0,0.47,4,0.0,Free Flow / Moderate
2024-07-08 11:00:00,RD_WEH_02,Western Express Highway (Santacruz to Andheri Flyover),K/E,31.6,55.0,0.43,4,0.0,Free Flow / Moderate
2024-07-08 11:00:00,RD_WEH_03,Western Express Highway (Andheri to Goregaon Hub),P/S,31.3,55.0,0.43,3,0.0,Free Flow / Moderate
2024-07-08 11:00:00,RD_WEH_04,Western Express Highway (Goregaon to Borivali National Park),R/C,32.1,55.0,0.42,5,0.0,Free Flow / Moderate
2024-07-08 11:00:00,RD_WEH_05,Western Express Highway (Borivali to Dahisar Toll Naka),R/N,28.9,55.0,0.47,3,0.0,Free Flow / Moderate
2024-07-08 11:00:00,RD_SVR_01,Swami Vivekanand (SV) Road (Bandra Lucky Jn to Khar),H/W,20.5,35.0,0.41,3,0.0,Free Flow / Moderate
2024-07-08 11:00:00,RD_SVR_02,SV Road (Santacruz Milan Subway Approach),H/W,18.3,35.0,0.48,3,0.0,Free Flow / Moderate
2024-07-08 11:00:00,RD_SVR_03,SV Road (Vile Parle to Andheri Station West),K/W,20.4,35.0,0.42,4,0.0,Free Flow / Moderate
2024-07-08 11:00:00,RD_SVR_04,SV Road (Andheri Subway Section to Jogeshwari),K/W,20.9,35.0,0.4,3,0.0,Free Flow / Moderate
2024-07-08 11:00:00,RD_SVR_05,SV Road (Goregaon to Malad Subway Jn),P/N,18.4,35.0,0.47,6,0.0,Free Flow / Moderate
2024-07-08 11:00:00,RD_SVR_06,SV Road (Kandivali to Borivali Station West),R/C,18.7,35.0,0.47,6,0.0,Free Flow / Moderate
2024-07-08 11:00:00,RD_LNK_01,New Link Road (Bandra West to Khar Danda),H/W,20.3,35.0,0.42,3,0.0,Free Flow / Moderate
2024-07-08 11:00:00,RD_LNK_02,New Link Road (Juhu Circle to Andheri Infinity Mall),K/W,17.8,35.0,0.49,6,0.0,Congested
2024-07-08 11:00:00,RD_LNK_03,New Link Road (Oshiwara to Goregaon West / Bangur Nagar),P/S,21.0,35.0,0.4,4,0.0,Free Flow / Moderate
2024-07-08 11:00:00,RD_LNK_04,New Link Road (Malad Inorbit to Mith Chowki),P/N,19.5,35.0,0.44,4,0.0,Free Flow / Moderate
2024-07-08 11:00:00,RD_LNK_05,New Link Road (Kandivali to Dahisar Link Road Extension),R/N,18.9,35.0,0.46,8,0.0,Free Flow / Moderate
2024-07-08 11:00:00,RD_EEH_01,Eastern Express Highway (Sion Circle to Priyadarshini Park),F/N,29.3,55.0,0.47,3,0.0,Free Flow / Moderate
2024-07-08 11:00:00,RD_EEH_02,Eastern Express Highway (Kurla Amar Mahal to Ghatkopar),L,29.8,55.0,0.46,4,0.0,Free Flow / Moderate
2024-07-08 11:00:00,RD_EEH_03,Eastern Express Highway (Ghatkopar to Vikhroli / Godrej),N,30.6,55.0,0.44,3,0.0,Free Flow / Moderate
2024-07-08 11:00:00,RD_EEH_04,Eastern Express Highway (Vikhroli to Bhandup / Mulund Toll),T,30.4,55.0,0.45,6,0.0,Free Flow / Moderate
2024-07-08 11:00:00,RD_LBS_01,Lal Bahadur Shastri (LBS) Marg (Sion to Kurla Kamani),L,19.4,35.0,0.45,5,0.0,Free Flow / Moderate
2024-07-08 11:00:00,RD_LBS_02,LBS Marg (Kurla to Ghatkopar Gandhi Nagar),N,18.4,35.0,0.47,6,0.0,Free Flow / Moderate
2024-07-08 11:00:00,RD_LBS_03,LBS Marg (Ghatkopar to Vikhroli / Kanjurmarg),S,19.9,35.0,0.43,5,0.0,Free Flow / Moderate
2024-07-08 11:00:00,RD_LBS_04,LBS Marg (Bhandup to Mulund Check Naka),T,21.0,35.0,0.4,5,0.0,Free Flow / Moderate
2024-07-08 11:00:00,RD_JVL_01,Jogeshwari-Vikhroli Link Road (JVLR - WEH to Powai),K/E,20.5,35.0,0.41,6,0.0,Free Flow / Moderate
2024-07-08 12:00:00,RD_WEH_01,Western Express Highway (Bandra to Santacruz),H/E,31.2,55.0,0.43,3,17.9,Free Flow / Moderate
2024-07-08 12:00:00,RD_WEH_02,Western Express Highway (Santacruz to Andheri Flyover),K/E,28.1,55.0,0.49,5,10.7,Free Flow / Moderate
2024-07-08 12:00:00,RD_WEH_03,Western Express Highway (Andheri to Goregaon Hub),P/S,31.5,55.0,0.43,3,13.3,Free Flow / Moderate
2024-07-08 12:00:00,RD_WEH_04,Western Express Highway (Goregaon to Borivali National Park),R/C,30.7,55.0,0.44,5,4.6,Free Flow / Moderate
2024-07-08 12:00:00,RD_WEH_05,Western Express Highway (Borivali to Dahisar Toll Naka),R/N,14.4,55.0,0.74,12,29.8,Congested
2024-07-08 12:00:00,RD_SVR_01,Swami Vivekanand (SV) Road (Bandra Lucky Jn to Khar),H/W,3.5,35.0,0.9,49,26.6,Severe Gridlock / Blocked
2024-07-08 12:00:00,RD_SVR_02,SV Road (Santacruz Milan Subway Approach),H/W,3.5,35.0,0.9,32,41.8,Severe Gridlock / Blocked
2024-07-08 12:00:00,RD_SVR_03,SV Road (Vile Parle to Andheri Station West),K/W,3.5,35.0,0.9,54,39.1,Severe Gridlock / Blocked
2024-07-08 12:00:00,RD_SVR_04,SV Road (Andheri Subway Section to Jogeshwari),K/W,3.5,35.0,0.9,46,39.2,Severe Gridlock / Blocked
2024-07-08 12:00:00,RD_SVR_05,SV Road (Goregaon to Malad Subway Jn),P/N,3.5,35.0,0.9,64,25.4,Severe Gridlock / Blocked
2024-07-08 12:00:00,RD_SVR_06,SV Road (Kandivali to Borivali Station West),R/C,6.8,35.0,0.81,32,18.8,Severe Gridlock / Blocked
2024-07-08 12:00:00,RD_LNK_01,New Link Road (Bandra West to Khar Danda),H/W,3.5,35.0,0.9,43,30.0,Severe Gridlock / Blocked
2024-07-08 12:00:00,RD_LNK_02,New Link Road (Juhu Circle to Andheri Infinity Mall),K/W,3.5,35.0,0.9,63,26.1,Severe Gridlock / Blocked
2024-07-08 12:00:00,RD_LNK_03,New Link Road (Oshiwara to Goregaon West / Bangur Nagar),P/S,3.5,35.0,0.9,55,24.8,Severe Gridlock / Blocked
2024-07-08 12:00:00,RD_LNK_04,New Link Road (Malad Inorbit to Mith Chowki),P/N,3.5,35.0,0.9,49,31.4,Severe Gridlock / Blocked
2024-07-08 12:00:00,RD_LNK_05,New Link Road (Kandivali to Dahisar Link Road Extension),R/N,13.0,35.0,0.63,16,18.5,Congested
2024-07-08 12:00:00,RD_EEH_01,Eastern Express Highway (Sion Circle to Priyadarshini Park),F/N,10.5,55.0,0.81,17,37.7,Congested
2024-07-08 12:00:00,RD_EEH_02,Eastern Express Highway (Kurla Amar Mahal to Ghatkopar),L,25.9,55.0,0.53,5,23.9,Free Flow / Moderate
2024-07-08 12:00:00,RD_EEH_03,Eastern Express Highway (Ghatkopar to Vikhroli / Godrej),N,22.9,55.0,0.58,6,14.7,Free Flow / Moderate
2024-07-08 12:00:00,RD_EEH_04,Eastern Express Highway (Vikhroli to Bhandup / Mulund Toll),T,33.9,55.0,0.38,4,9.9,Free Flow / Moderate
2024-07-08 12:00:00,RD_LBS_01,Lal Bahadur Shastri (LBS) Marg (Sion to Kurla Kamani),L,3.5,35.0,0.9,60,37.9,Severe Gridlock / Blocked
2024-07-08 12:00:00,RD_LBS_02,LBS Marg (Kurla to Ghatkopar Gandhi Nagar),N,3.5,35.0,0.9,63,34.7,Severe Gridlock / Blocked
2024-07-08 12:00:00,RD_LBS_03,LBS Marg (Ghatkopar to Vikhroli / Kanjurmarg),S,11.9,35.0,0.66,14,14.8,Congested
2024-07-08 12:00:00,RD_LBS_04,LBS Marg (Bhandup to Mulund Check Naka),T,16.9,35.0,0.52,8,0.0,Congested
2024-07-08 12:00:00,RD_JVL_01,Jogeshwari-Vikhroli Link Road (JVLR - WEH to Powai),K/E,16.4,35.0,0.53,10,0.0,Congested
2024-07-08 13:00:00,RD_WEH_01,Western Express Highway (Bandra to Santacruz),H/E,17.7,55.0,0.68,10,25.2,Congested
2024-07-08 13:00:00,RD_WEH_02,Western Express Highway (Santacruz to Andheri Flyover),K/E,38.1,55.0,0.31,2,6.5,Free Flow / Moderate
2024-07-08 13:00:00,RD_WEH_03,Western Express Highway (Andheri to Goregaon Hub),P/S,33.8,55.0,0.39,3,3.0,Free Flow / Moderate
2024-07-08 13:00:00,RD_WEH_04,Western Express Highway (Goregaon to Borivali National Park),R/C,35.8,55.0,0.35,3,9.4,Free Flow / Moderate
2024-07-08 13:00:00,RD_WEH_05,Western Express Highway (Borivali to Dahisar Toll Naka),R/N,22.6,55.0,0.59,6,27.9,Free Flow / Moderate
2024-07-08 13:00:00,RD_SVR_01,Swami Vivekanand (SV) Road (Bandra Lucky Jn to Khar),H/W,3.5,35.0,0.9,49,26.2,Severe Gridlock / Blocked
2024-07-08 13:00:00,RD_SVR_02,SV Road (Santacruz Milan Subway Approach),H/W,3.7,35.0,0.89,30,31.8,Severe Gridlock / Blocked
2024-07-08 13:00:00,RD_SVR_03,SV Road (Vile Parle to Andheri Station West),K/W,3.5,35.0,0.9,54,27.8,Severe Gridlock / Blocked
2024-07-08 13:00:00,RD_SVR_04,SV Road (Andheri Subway Section to Jogeshwari),K/W,3.5,35.0,0.9,46,31.5,Severe Gridlock / Blocked
2024-07-08 13:00:00,RD_SVR_05,SV Road (Goregaon to Malad Subway Jn),P/N,3.5,35.0,0.9,64,31.3,Severe Gridlock / Blocked
2024-07-08 13:00:00,RD_SVR_06,SV Road (Kandivali to Borivali Station West),R/C,6.2,35.0,0.82,36,24.3,Severe Gridlock / Blocked
2024-07-08 13:00:00,RD_LNK_01,New Link Road (Bandra West to Khar Danda),H/W,3.5,35.0,0.9,43,28.4,Severe Gridlock / Blocked
2024-07-08 13:00:00,RD_LNK_02,New Link Road (Juhu Circle to Andheri Infinity Mall),K/W,3.5,35.0,0.9,63,31.9,Severe Gridlock / Blocked
2024-07-08 13:00:00,RD_LNK_03,New Link Road (Oshiwara to Goregaon West / Bangur Nagar),P/S,3.5,35.0,0.9,55,28.1,Severe Gridlock / Blocked
2024-07-08 13:00:00,RD_LNK_04,New Link Road (Malad Inorbit to Mith Chowki),P/N,3.5,35.0,0.9,49,23.1,Severe Gridlock / Blocked
2024-07-08 13:00:00,RD_LNK_05,New Link Road (Kandivali to Dahisar Link Road Extension),R/N,4.3,35.0,0.88,70,23.1,Severe Gridlock / Blocked
2024-07-08 13:00:00,RD_EEH_01,Eastern Express Highway (Sion Circle to Priyadarshini Park),F/N,9.9,55.0,0.82,18,40.3,Congested
2024-07-08 13:00:00,RD_EEH_02,Eastern Express Highway (Kurla Amar Mahal to Ghatkopar),L,13.0,55.0,0.76,15,35.9,Congested
2024-07-08 13:00:00,RD_EEH_03,Eastern Express Highway (Ghatkopar to Vikhroli / Godrej),N,25.3,55.0,0.54,5,14.9,Free Flow / Moderate
2024-07-08 13:00:00,RD_EEH_04,Eastern Express Highway (Vikhroli to Bhandup / Mulund Toll),T,33.8,55.0,0.39,4,11.3,Free Flow / Moderate
2024-07-08 13:00:00,RD_LBS_01,Lal Bahadur Shastri (LBS) Marg (Sion to Kurla Kamani),L,3.5,35.0,0.9,60,36.9,Severe Gridlock / Blocked
2024-07-08 13:00:00,RD_LBS_02,LBS Marg (Kurla to Ghatkopar Gandhi Nagar),N,3.5,35.0,0.9,63,25.4,Severe Gridlock / Blocked
2024-07-08 13:00:00,RD_LBS_03,LBS Marg (Ghatkopar to Vikhroli / Kanjurmarg),S,8.0,35.0,0.77,26,18.6,Congested
2024-07-08 13:00:00,RD_LBS_04,LBS Marg (Bhandup to Mulund Check Naka),T,15.6,35.0,0.55,10,4.1,Congested
2024-07-08 13:00:00,RD_JVL_01,Jogeshwari-Vikhroli Link Road (JVLR - WEH to Powai),K/E,18.3,35.0,0.48,8,0.0,Free Flow / Moderate
2024-07-08 14:00:00,RD_WEH_01,Western Express Highway (Bandra to Santacruz),H/E,29.7,55.0,0.46,4,14.2,Free Flow / Moderate
2024-07-08 14:00:00,RD_WEH_02,Western Express Highway (Santacruz to Andheri Flyover),K/E,24.8,55.0,0.55,6,17.0,Free Flow / Moderate
2024-07-08 14:00:00,RD_WEH_03,Western Express Highway (Andheri to Goregaon Hub),P/S,26.7,55.0,0.51,5,13.1,Free Flow / Moderate
2024-07-08 14:00:00,RD_WEH_04,Western Express Highway (Goregaon to Borivali National Park),R/C,29.9,55.0,0.46,5,13.6,Free Flow / Moderate
2024-07-08 14:00:00,RD_WEH_05,Western Express Highway (Borivali to Dahisar Toll Naka),R/N,28.2,55.0,0.49,4,18.1,Free Flow / Moderate
2024-07-08 14:00:00,RD_SVR_01,Swami Vivekanand (SV) Road (Bandra Lucky Jn to Khar),H/W,3.5,35.0,0.9,49,29.6,Severe Gridlock / Blocked
2024-07-08 14:00:00,RD_SVR_02,SV Road (Santacruz Milan Subway Approach),H/W,3.5,35.0,0.9,32,33.7,Severe Gridlock / Blocked
2024-07-08 14:00:00,RD_SVR_03,SV Road (Vile Parle to Andheri Station West),K/W,3.5,35.0,0.9,54,31.9,Severe Gridlock / Blocked
2024-07-08 14:00:00,RD_SVR_04,SV Road (Andheri Subway Section to Jogeshwari),K/W,3.5,35.0,0.9,46,38.2,Severe Gridlock / Blocked
2024-07-08 14:00:00,RD_SVR_05,SV Road (Goregaon to Malad Subway Jn),P/N,3.5,35.0,0.9,64,34.7,Severe Gridlock / Blocked
2024-07-08 14:00:00,RD_SVR_06,SV Road (Kandivali to Borivali Station West),R/C,3.5,35.0,0.9,70,18.4,Severe Gridlock / Blocked
2024-07-08 14:00:00,RD_LNK_01,New Link Road (Bandra West to Khar Danda),H/W,3.5,35.0,0.9,43,36.5,Severe Gridlock / Blocked
2024-07-08 14:00:00,RD_LNK_02,New Link Road (Juhu Circle to Andheri Infinity Mall),K/W,3.7,35.0,0.89,59,36.3,Severe Gridlock / Blocked
2024-07-08 14:00:00,RD_LNK_03,New Link Road (Oshiwara to Goregaon West / Bangur Nagar),P/S,6.5,35.0,0.81,27,26.3,Severe Gridlock / Blocked
2024-07-08 14:00:00,RD_LNK_04,New Link Road (Malad Inorbit to Mith Chowki),P/N,3.5,35.0,0.9,49,20.8,Severe Gridlock / Blocked
2024-07-08 14:00:00,RD_LNK_05,New Link Road (Kandivali to Dahisar Link Road Extension),R/N,4.2,35.0,0.88,72,20.4,Severe Gridlock / Blocked
2024-07-08 14:00:00,RD_EEH_01,Eastern Express Highway (Sion Circle to Priyadarshini Park),F/N,9.9,55.0,0.82,18,40.9,Congested
2024-07-08 14:00:00,RD_EEH_02,Eastern Express Highway (Kurla Amar Mahal to Ghatkopar),L,17.1,55.0,0.69,10,29.0,Congested
2024-07-08 14:00:00,RD_EEH_03,Eastern Express Highway (Ghatkopar to Vikhroli / Godrej),N,23.0,55.0,0.58,6,14.4,Free Flow / Moderate
2024-07-08 14:00:00,RD_EEH_04,Eastern Express Highway (Vikhroli to Bhandup / Mulund Toll),T,34.6,55.0,0.37,4,11.4,Free Flow / Moderate
2024-07-08 14:00:00,RD_LBS_01,Lal Bahadur Shastri (LBS) Marg (Sion to Kurla Kamani),L,3.5,35.0,0.9,60,29.9,Severe Gridlock / Blocked
2024-07-08 14:00:00,RD_LBS_02,LBS Marg (Kurla to Ghatkopar Gandhi Nagar),N,3.5,35.0,0.9,63,31.7,Severe Gridlock / Blocked
2024-07-08 14:00:00,RD_LBS_03,LBS Marg (Ghatkopar to Vikhroli / Kanjurmarg),S,8.3,35.0,0.76,24,18.8,Congested
2024-07-08 14:00:00,RD_LBS_04,LBS Marg (Bhandup to Mulund Check Naka),T,20.5,35.0,0.41,5,0.0,Free Flow / Moderate
2024-07-08 14:00:00,RD_JVL_01,Jogeshwari-Vikhroli Link Road (JVLR - WEH to Powai),K/E,19.6,35.0,0.44,7,0.0,Free Flow / Moderate
2024-07-08 15:00:00,RD_WEH_01,Western Express Highway (Bandra to Santacruz),H/E,13.5,55.0,0.75,15,28.8,Congested
2024-07-08 15:00:00,RD_WEH_02,Western Express Highway (Santacruz to Andheri Flyover),K/E,24.9,55.0,0.55,6,18.4,Free Flow / Moderate
2024-07-08 15:00:00,RD_WEH_03,Western Express Highway (Andheri to Goregaon Hub),P/S,31.8,55.0,0.42,3,16.4,Free Flow / Moderate
2024-07-08 15:00:00,RD_WEH_04,Western Express Highway (Goregaon to Borivali National Park),R/C,32.8,55.0,0.4,4,2.6,Free Flow / Moderate
2024-07-08 15:00:00,RD_WEH_05,Western Express Highway (Borivali to Dahisar Toll Naka),R/N,22.9,55.0,0.58,6,27.1,Free Flow / Moderate
2024-07-08 15:00:00,RD_SVR_01,Swami Vivekanand (SV) Road (Bandra Lucky Jn to Khar),H/W,3.5,35.0,0.9,49,27.5,Severe Gridlock / Blocked
2024-07-08 15:00:00,RD_SVR_02,SV Road (Santacruz Milan Subway Approach),H/W,3.5,35.0,0.9,32,35.0,Severe Gridlock / Blocked
2024-07-08 15:00:00,RD_SVR_03,SV Road (Vile Parle to Andheri Station West),K/W,3.5,35.0,0.9,54,31.8,Severe Gridlock / Blocked
2024-07-08 15:00:00,RD_SVR_04,SV Road (Andheri Subway Section to Jogeshwari),K/W,3.5,35.0,0.9,46,39.6,Severe Gridlock / Blocked
2024-07-08 15:00:00,RD_SVR_05,SV Road (Goregaon to Malad Subway Jn),P/N,3.5,35.0,0.9,64,30.2,Severe Gridlock / Blocked
2024-07-08 15:00:00,RD_SVR_06,SV Road (Kandivali to Borivali Station West),R/C,3.5,35.0,0.9,70,26.5,Severe Gridlock / Blocked
2024-07-08 15:00:00,RD_LNK_01,New Link Road (Bandra West to Khar Danda),H/W,3.5,35.0,0.9,43,33.5,Severe Gridlock / Blocked
2024-07-08 15:00:00,RD_LNK_02,New Link Road (Juhu Circle to Andheri Infinity Mall),K/W,4.4,35.0,0.87,48,26.9,Severe Gridlock / Blocked
2024-07-08 15:00:00,RD_LNK_03,New Link Road (Oshiwara to Goregaon West / Bangur Nagar),P/S,6.7,35.0,0.81,26,23.7,Severe Gridlock / Blocked
2024-07-08 15:00:00,RD_LNK_04,New Link Road (Malad Inorbit to Mith Chowki),P/N,3.5,35.0,0.9,49,34.0,Severe Gridlock / Blocked
2024-07-08 15:00:00,RD_LNK_05,New Link Road (Kandivali to Dahisar Link Road Extension),R/N,9.1,35.0,0.74,28,17.7,Congested
2024-07-08 15:00:00,RD_EEH_01,Eastern Express Highway (Sion Circle to Priyadarshini Park),F/N,7.9,55.0,0.86,24,42.2,Severe Gridlock / Blocked
2024-07-08 15:00:00,RD_EEH_02,Eastern Express Highway (Kurla Amar Mahal to Ghatkopar),L,19.6,55.0,0.64,8,28.5,Free Flow / Moderate
2024-07-08 15:00:00,RD_EEH_03,Eastern Express Highway (Ghatkopar to Vikhroli / Godrej),N,26.5,55.0,0.52,4,21.8,Free Flow / Moderate
2024-07-08 15:00:00,RD_EEH_04,Eastern Express Highway (Vikhroli to Bhandup / Mulund Toll),T,29.4,55.0,0.47,6,12.9,Free Flow / Moderate
2024-07-08 15:00:00,RD_LBS_01,Lal Bahadur Shastri (LBS) Marg (Sion to Kurla Kamani),L,3.5,35.0,0.9,60,35.3,Severe Gridlock / Blocked
2024-07-08 15:00:00,RD_LBS_02,LBS Marg (Kurla to Ghatkopar Gandhi Nagar),N,3.5,35.0,0.9,63,33.5,Severe Gridlock / Blocked
2024-07-08 15:00:00,RD_LBS_03,LBS Marg (Ghatkopar to Vikhroli / Kanjurmarg),S,9.1,35.0,0.74,21,14.7,Congested
2024-07-08 15:00:00,RD_LBS_04,LBS Marg (Bhandup to Mulund Check Naka),T,16.6,35.0,0.53,9,6.7,Congested
2024-07-08 15:00:00,RD_JVL_01,Jogeshwari-Vikhroli Link Road (JVLR - WEH to Powai),K/E,23.3,35.0,0.33,4,0.0,Free Flow / Moderate
2024-07-08 16:00:00,RD_WEH_01,Western Express Highway (Bandra to Santacruz),H/E,22.0,55.0,0.6,7,20.1,Free Flow / Moderate
2024-07-08 16:00:00,RD_WEH_02,Western Express Highway (Santacruz to Andheri Flyover),K/E,30.5,55.0,0.45,4,10.2,Free Flow / Moderate
2024-07-08 16:00:00,RD_WEH_03,Western Express Highway (Andheri to Goregaon Hub),P/S,32.3,55.0,0.41,3,13.3,Free Flow / Moderate
2024-07-08 16:00:00,RD_WEH_04,Western Express Highway (Goregaon to Borivali National Park),R/C,32.1,55.0,0.42,5,9.7,Free Flow / Moderate
2024-07-08 16:00:00,RD_WEH_05,Western Express Highway (Borivali to Dahisar Toll Naka),R/N,22.9,55.0,0.58,6,21.2,Free Flow / Moderate
2024-07-08 16:00:00,RD_SVR_01,Swami Vivekanand (SV) Road (Bandra Lucky Jn to Khar),H/W,3.5,35.0,0.9,49,31.1,Severe Gridlock / Blocked
2024-07-08 16:00:00,RD_SVR_02,SV Road (Santacruz Milan Subway Approach),H/W,3.6,35.0,0.9,31,29.6,Severe Gridlock / Blocked
2024-07-08 16:00:00,RD_SVR_03,SV Road (Vile Parle to Andheri Station West),K/W,3.5,35.0,0.9,54,27.4,Severe Gridlock / Blocked
2024-07-08 16:00:00,RD_SVR_04,SV Road (Andheri Subway Section to Jogeshwari),K/W,3.5,35.0,0.9,46,30.9,Severe Gridlock / Blocked
2024-07-08 16:00:00,RD_SVR_05,SV Road (Goregaon to Malad Subway Jn),P/N,4.9,35.0,0.86,44,28.2,Severe Gridlock / Blocked
2024-07-08 16:00:00,RD_SVR_06,SV Road (Kandivali to Borivali Station West),R/C,8.5,35.0,0.76,24,13.3,Congested
2024-07-08 16:00:00,RD_LNK_01,New Link Road (Bandra West to Khar Danda),H/W,3.5,35.0,0.9,43,29.6,Severe Gridlock / Blocked
2024-07-08 16:00:00,RD_LNK_02,New Link Road (Juhu Circle to Andheri Infinity Mall),K/W,3.6,35.0,0.9,61,27.4,Severe Gridlock / Blocked
2024-07-08 16:00:00,RD_LNK_03,New Link Road (Oshiwara to Goregaon West / Bangur Nagar),P/S,3.5,35.0,0.9,55,24.8,Severe Gridlock / Blocked
2024-07-08 16:00:00,RD_LNK_04,New Link Road (Malad Inorbit to Mith Chowki),P/N,3.5,35.0,0.9,49,30.5,Severe Gridlock / Blocked
2024-07-08 16:00:00,RD_LNK_05,New Link Road (Kandivali to Dahisar Link Road Extension),R/N,5.7,35.0,0.84,51,18.1,Severe Gridlock / Blocked
2024-07-08 16:00:00,RD_EEH_01,Eastern Express Highway (Sion Circle to Priyadarshini Park),F/N,6.9,55.0,0.87,28,35.9,Severe Gridlock / Blocked
2024-07-08 16:00:00,RD_EEH_02,Eastern Express Highway (Kurla Amar Mahal to Ghatkopar),L,18.9,55.0,0.66,9,29.3,Free Flow / Moderate
2024-07-08 16:00:00,RD_EEH_03,Eastern Express Highway (Ghatkopar to Vikhroli / Godrej),N,17.0,55.0,0.69,10,22.1,Congested
2024-07-08 16:00:00,RD_EEH_04,Eastern Express Highway (Vikhroli to Bhandup / Mulund Toll),T,27.7,55.0,0.5,7,13.7,Free Flow / Moderate
2024-07-08 16:00:00,RD_LBS_01,Lal Bahadur Shastri (LBS) Marg (Sion to Kurla Kamani),L,3.5,35.0,0.9,60,42.3,Severe Gridlock / Blocked
2024-07-08 16:00:00,RD_LBS_02,LBS Marg (Kurla to Ghatkopar Gandhi Nagar),N,3.5,35.0,0.9,63,21.6,Severe Gridlock / Blocked
2024-07-08 16:00:00,RD_LBS_03,LBS Marg (Ghatkopar to Vikhroli / Kanjurmarg),S,13.3,35.0,0.62,12,12.3,Congested
2024-07-08 16:00:00,RD_LBS_04,LBS Marg (Bhandup to Mulund Check Naka),T,24.2,35.0,0.31,3,0.0,Free Flow / Moderate
2024-07-08 16:00:00,RD_JVL_01,Jogeshwari-Vikhroli Link Road (JVLR - WEH to Powai),K/E,19.4,35.0,0.45,7,0.0,Free Flow / Moderate
2024-07-08 17:00:00,RD_WEH_01,Western Express Highway (Bandra to Santacruz),H/E,3.5,55.0,0.94,72,25.1,Severe Gridlock / Blocked
2024-07-08 17:00:00,RD_WEH_02,Western Express Highway (Santacruz to Andheri Flyover),K/E,3.5,55.0,0.94,83,18.1,Severe Gridlock / Blocked
2024-07-08 17:00:00,RD_WEH_03,Western Express Highway (Andheri to Goregaon Hub),P/S,5.8,55.0,0.89,44,16.2,Severe Gridlock / Blocked
2024-07-08 17:00:00,RD_WEH_04,Western Express Highway (Goregaon to Borivali National Park),R/C,13.5,55.0,0.75,21,10.1,Congested
2024-07-08 17:00:00,RD_WEH_05,Western Express Highway (Borivali to Dahisar Toll Naka),R/N,3.9,55.0,0.93,57,19.7,Severe Gridlock / Blocked
2024-07-08 17:00:00,RD_SVR_01,Swami Vivekanand (SV) Road (Bandra Lucky Jn to Khar),H/W,3.5,35.0,0.9,49,24.2,Severe Gridlock / Blocked
2024-07-08 17:00:00,RD_SVR_02,SV Road (Santacruz Milan Subway Approach),H/W,3.5,35.0,0.9,32,32.8,Severe Gridlock / Blocked
2024-07-08 17:00:00,RD_SVR_03,SV Road (Vile Parle to Andheri Station West),K/W,3.5,35.0,0.9,54,26.0,Severe Gridlock / Blocked
2024-07-08 17:00:00,RD_SVR_04,SV Road (Andheri Subway Section to Jogeshwari),K/W,3.5,35.0,0.9,46,44.3,Severe Gridlock / Blocked
2024-07-08 17:00:00,RD_SVR_05,SV Road (Goregaon to Malad Subway Jn),P/N,3.5,35.0,0.9,64,29.9,Severe Gridlock / Blocked
2024-07-08 17:00:00,RD_SVR_06,SV Road (Kandivali to Borivali Station West),R/C,3.5,35.0,0.9,70,21.0,Severe Gridlock / Blocked
2024-07-08 17:00:00,RD_LNK_01,New Link Road (Bandra West to Khar Danda),H/W,3.5,35.0,0.9,43,37.0,Severe Gridlock / Blocked
2024-07-08 17:00:00,RD_LNK_02,New Link Road (Juhu Circle to Andheri Infinity Mall),K/W,3.5,35.0,0.9,63,28.6,Severe Gridlock / Blocked
2024-07-08 17:00:00,RD_LNK_03,New Link Road (Oshiwara to Goregaon West / Bangur Nagar),P/S,3.5,35.0,0.9,55,30.2,Severe Gridlock / Blocked
2024-07-08 17:00:00,RD_LNK_04,New Link Road (Malad Inorbit to Mith Chowki),P/N,3.5,35.0,0.9,49,21.0,Severe Gridlock / Blocked
2024-07-08 17:00:00,RD_LNK_05,New Link Road (Kandivali to Dahisar Link Road Extension),R/N,3.5,35.0,0.9,89,27.9,Severe Gridlock / Blocked
2024-07-08 17:00:00,RD_EEH_01,Eastern Express Highway (Sion Circle to Priyadarshini Park),F/N,3.5,55.0,0.94,60,31.6,Severe Gridlock / Blocked
2024-07-08 17:00:00,RD_EEH_02,Eastern Express Highway (Kurla Amar Mahal to Ghatkopar),L,3.5,55.0,0.94,72,35.9,Severe Gridlock / Blocked
2024-07-08 17:00:00,RD_EEH_03,Eastern Express Highway (Ghatkopar to Vikhroli / Godrej),N,12.4,55.0,0.77,15,13.2,Congested
2024-07-08 17:00:00,RD_EEH_04,Eastern Express Highway (Vikhroli to Bhandup / Mulund Toll),T,17.0,55.0,0.69,16,13.1,Congested
2024-07-08 17:00:00,RD_LBS_01,Lal Bahadur Shastri (LBS) Marg (Sion to Kurla Kamani),L,3.5,35.0,0.9,60,37.1,Severe Gridlock / Blocked
2024-07-08 17:00:00,RD_LBS_02,LBS Marg (Kurla to Ghatkopar Gandhi Nagar),N,3.5,35.0,0.9,63,32.8,Severe Gridlock / Blocked
2024-07-08 17:00:00,RD_LBS_03,LBS Marg (Ghatkopar to Vikhroli / Kanjurmarg),S,3.5,35.0,0.9,69,18.0,Severe Gridlock / Blocked
2024-07-08 17:00:00,RD_LBS_04,LBS Marg (Bhandup to Mulund Check Naka),T,7.6,35.0,0.78,29,0.0,Severe Gridlock / Blocked
2024-07-08 17:00:00,RD_JVL_01,Jogeshwari-Vikhroli Link Road (JVLR - WEH to Powai),K/E,6.9,35.0,0.8,37,0.0,Severe Gridlock / Blocked
2024-07-08 18:00:00,RD_WEH_01,Western Express Highway (Bandra to Santacruz),H/E,3.5,55.0,0.94,72,28.9,Severe Gridlock / Blocked
2024-07-08 18:00:00,RD_WEH_02,Western Express Highway (Santacruz to Andheri Flyover),K/E,8.6,55.0,0.84,30,8.3,Congested
2024-07-08 18:00:00,RD_WEH_03,Western Express Highway (Andheri to Goregaon Hub),P/S,14.8,55.0,0.73,14,4.8,Congested
2024-07-08 18:00:00,RD_WEH_04,Western Express Highway (Goregaon to Borivali National Park),R/C,19.6,55.0,0.64,12,3.1,Free Flow / Moderate
2024-07-08 18:00:00,RD_WEH_05,Western Express Highway (Borivali to Dahisar Toll Naka),R/N,3.5,55.0,0.94,64,27.1,Severe Gridlock / Blocked
2024-07-08 18:00:00,RD_SVR_01,Swami Vivekanand (SV) Road (Bandra Lucky Jn to Khar),H/W,3.5,35.0,0.9,49,34.1,Severe Gridlock / Blocked
2024-07-08 18:00:00,RD_SVR_02,SV Road (Santacruz Milan Subway Approach),H/W,3.5,35.0,0.9,32,42.7,Severe Gridlock / Blocked
2024-07-08 18:00:00,RD_SVR_03,SV Road (Vile Parle to Andheri Station West),K/W,3.5,35.0,0.9,54,31.7,Severe Gridlock / Blocked
2024-07-08 18:00:00,RD_SVR_04,SV Road (Andheri Subway Section to Jogeshwari),K/W,3.5,35.0,0.9,46,34.3,Severe Gridlock / Blocked
2024-07-08 18:00:00,RD_SVR_05,SV Road (Goregaon to Malad Subway Jn),P/N,3.5,35.0,0.9,64,33.1,Severe Gridlock / Blocked
2024-07-08 18:00:00,RD_SVR_06,SV Road (Kandivali to Borivali Station West),R/C,3.5,35.0,0.9,70,15.9,Severe Gridlock / Blocked
2024-07-08 18:00:00,RD_LNK_01,New Link Road (Bandra West to Khar Danda),H/W,3.5,35.0,0.9,43,24.4,Severe Gridlock / Blocked
2024-07-08 18:00:00,RD_LNK_02,New Link Road (Juhu Circle to Andheri Infinity Mall),K/W,3.5,35.0,0.9,63,36.8,Severe Gridlock / Blocked
2024-07-08 18:00:00,RD_LNK_03,New Link Road (Oshiwara to Goregaon West / Bangur Nagar),P/S,3.5,35.0,0.9,55,28.0,Severe Gridlock / Blocked
2024-07-08 18:00:00,RD_LNK_04,New Link Road (Malad Inorbit to Mith Chowki),P/N,3.5,35.0,0.9,49,20.0,Severe Gridlock / Blocked
2024-07-08 18:00:00,RD_LNK_05,New Link Road (Kandivali to Dahisar Link Road Extension),R/N,3.5,35.0,0.9,89,23.8,Severe Gridlock / Blocked
2024-07-08 18:00:00,RD_EEH_01,Eastern Express Highway (Sion Circle to Priyadarshini Park),F/N,3.5,55.0,0.94,60,41.8,Severe Gridlock / Blocked
2024-07-08 18:00:00,RD_EEH_02,Eastern Express Highway (Kurla Amar Mahal to Ghatkopar),L,3.5,55.0,0.94,72,29.8,Severe Gridlock / Blocked
2024-07-08 18:00:00,RD_EEH_03,Eastern Express Highway (Ghatkopar to Vikhroli / Godrej),N,10.4,55.0,0.81,19,17.2,Congested
2024-07-08 18:00:00,RD_EEH_04,Eastern Express Highway (Vikhroli to Bhandup / Mulund Toll),T,13.0,55.0,0.76,23,14.0,Congested
2024-07-08 18:00:00,RD_LBS_01,Lal Bahadur Shastri (LBS) Marg (Sion to Kurla Kamani),L,3.5,35.0,0.9,60,32.0,Severe Gridlock / Blocked
2024-07-08 18:00:00,RD_LBS_02,LBS Marg (Kurla to Ghatkopar Gandhi Nagar),N,3.5,35.0,0.9,63,26.2,Severe Gridlock / Blocked
2024-07-08 18:00:00,RD_LBS_03,LBS Marg (Ghatkopar to Vikhroli / Kanjurmarg),S,3.5,35.0,0.9,69,17.7,Severe Gridlock / Blocked
2024-07-08 18:00:00,RD_LBS_04,LBS Marg (Bhandup to Mulund Check Naka),T,4.3,35.0,0.88,58,4.4,Severe Gridlock / Blocked
2024-07-08 18:00:00,RD_JVL_01,Jogeshwari-Vikhroli Link Road (JVLR - WEH to Powai),K/E,9.0,35.0,0.74,26,0.0,Congested
2024-07-08 19:00:00,RD_WEH_01,Western Express Highway (Bandra to Santacruz),H/E,5.4,55.0,0.9,45,21.0,Severe Gridlock / Blocked
2024-07-08 19:00:00,RD_WEH_02,Western Express Highway (Santacruz to Andheri Flyover),K/E,11.8,55.0,0.79,20,17.8,Congested
2024-07-08 19:00:00,RD_WEH_03,Western Express Highway (Andheri to Goregaon Hub),P/S,14.7,55.0,0.73,14,8.1,Congested
2024-07-08 19:00:00,RD_WEH_04,Western Express Highway (Goregaon to Borivali National Park),R/C,16.0,55.0,0.71,17,7.5,Congested
2024-07-08 19:00:00,RD_WEH_05,Western Express Highway (Borivali to Dahisar Toll Naka),R/N,3.5,55.0,0.94,64,26.0,Severe Gridlock / Blocked
2024-07-08 19:00:00,RD_SVR_01,Swami Vivekanand (SV) Road (Bandra Lucky Jn to Khar),H/W,3.5,35.0,0.9,49,34.4,Severe Gridlock / Blocked
2024-07-08 19:00:00,RD_SVR_02,SV Road (Santacruz Milan Subway Approach),H/W,3.5,35.0,0.9,32,40.2,Severe Gridlock / Blocked
2024-07-08 19:00:00,RD_SVR_03,SV Road (Vile Parle to Andheri Station West),K/W,3.5,35.0,0.9,54,29.6,Severe Gridlock / Blocked
2024-07-08 19:00:00,RD_SVR_04,SV Road (Andheri Subway Section to Jogeshwari),K/W,3.5,35.0,0.9,46,35.8,Severe Gridlock / Blocked
2024-07-08 19:00:00,RD_SVR_05,SV Road (Goregaon to Malad Subway Jn),P/N,3.5,35.0,0.9,64,26.4,Severe Gridlock / Blocked
2024-07-08 19:00:00,RD_SVR_06,SV Road (Kandivali to Borivali Station West),R/C,3.5,35.0,0.9,70,21.4,Severe Gridlock / Blocked
2024-07-08 19:00:00,RD_LNK_01,New Link Road (Bandra West to Khar Danda),H/W,3.5,35.0,0.9,43,32.8,Severe Gridlock / Blocked
2024-07-08 19:00:00,RD_LNK_02,New Link Road (Juhu Circle to Andheri Infinity Mall),K/W,3.5,35.0,0.9,63,34.5,Severe Gridlock / Blocked
2024-07-08 19:00:00,RD_LNK_03,New Link Road (Oshiwara to Goregaon West / Bangur Nagar),P/S,3.5,35.0,0.9,55,26.7,Severe Gridlock / Blocked
2024-07-08 19:00:00,RD_LNK_04,New Link Road (Malad Inorbit to Mith Chowki),P/N,3.5,35.0,0.9,49,22.2,Severe Gridlock / Blocked
2024-07-08 19:00:00,RD_LNK_05,New Link Road (Kandivali to Dahisar Link Road Extension),R/N,3.5,35.0,0.9,89,23.9,Severe Gridlock / Blocked
2024-07-08 19:00:00,RD_EEH_01,Eastern Express Highway (Sion Circle to Priyadarshini Park),F/N,3.5,55.0,0.94,60,29.9,Severe Gridlock / Blocked
2024-07-08 19:00:00,RD_EEH_02,Eastern Express Highway (Kurla Amar Mahal to Ghatkopar),L,4.8,55.0,0.91,51,23.6,Severe Gridlock / Blocked
2024-07-08 19:00:00,RD_EEH_03,Eastern Express Highway (Ghatkopar to Vikhroli / Godrej),N,6.7,55.0,0.88,33,20.6,Severe Gridlock / Blocked
2024-07-08 19:00:00,RD_EEH_04,Eastern Express Highway (Vikhroli to Bhandup / Mulund Toll),T,7.8,55.0,0.86,44,13.1,Severe Gridlock / Blocked
2024-07-08 19:00:00,RD_LBS_01,Lal Bahadur Shastri (LBS) Marg (Sion to Kurla Kamani),L,3.5,35.0,0.9,60,31.2,Severe Gridlock / Blocked
2024-07-08 19:00:00,RD_LBS_02,LBS Marg (Kurla to Ghatkopar Gandhi Nagar),N,3.5,35.0,0.9,63,25.9,Severe Gridlock / Blocked
2024-07-08 19:00:00,RD_LBS_03,LBS Marg (Ghatkopar to Vikhroli / Kanjurmarg),S,5.2,35.0,0.85,44,9.7,Severe Gridlock / Blocked
2024-07-08 19:00:00,RD_LBS_04,LBS Marg (Bhandup to Mulund Check Naka),T,11.0,35.0,0.69,17,0.0,Congested
2024-07-08 19:00:00,RD_JVL_01,Jogeshwari-Vikhroli Link Road (JVLR - WEH to Powai),K/E,7.5,35.0,0.79,33,0.0,Severe Gridlock / Blocked
2024-07-08 20:00:00,RD_WEH_01,Western Express Highway (Bandra to Santacruz),H/E,3.5,55.0,0.94,72,21.1,Severe Gridlock / Blocked
2024-07-08 20:00:00,RD_WEH_02,Western Express Highway (Santacruz to Andheri Flyover),K/E,12.4,55.0,0.77,19,12.6,Congested
2024-07-08 20:00:00,RD_WEH_03,Western Express Highway (Andheri to Goregaon Hub),P/S,13.8,55.0,0.75,15,7.9,Congested
2024-07-08 20:00:00,RD_WEH_04,Western Express Highway (Goregaon to Borivali National Park),R/C,12.0,55.0,0.78,25,6.5,Congested
2024-07-08 20:00:00,RD_WEH_05,Western Express Highway (Borivali to Dahisar Toll Naka),R/N,3.5,55.0,0.94,64,20.8,Severe Gridlock / Blocked
2024-07-08 20:00:00,RD_SVR_01,Swami Vivekanand (SV) Road (Bandra Lucky Jn to Khar),H/W,3.5,35.0,0.9,49,31.5,Severe Gridlock / Blocked
2024-07-08 20:00:00,RD_SVR_02,SV Road (Santacruz Milan Subway Approach),H/W,3.5,35.0,0.9,32,41.3,Severe Gridlock / Blocked
2024-07-08 20:00:00,RD_SVR_03,SV Road (Vile Parle to Andheri Station West),K/W,3.5,35.0,0.9,54,30.6,Severe Gridlock / Blocked
2024-07-08 20:00:00,RD_SVR_04,SV Road (Andheri Subway Section to Jogeshwari),K/W,3.5,35.0,0.9,46,36.3,Severe Gridlock / Blocked
2024-07-08 20:00:00,RD_SVR_05,SV Road (Goregaon to Malad Subway Jn),P/N,3.5,35.0,0.9,64,35.3,Severe Gridlock / Blocked
2024-07-08 20:00:00,RD_SVR_06,SV Road (Kandivali to Borivali Station West),R/C,3.5,35.0,0.9,70,15.1,Severe Gridlock / Blocked
2024-07-08 20:00:00,RD_LNK_01,New Link Road (Bandra West to Khar Danda),H/W,3.5,35.0,0.9,43,35.8,Severe Gridlock / Blocked
2024-07-08 20:00:00,RD_LNK_02,New Link Road (Juhu Circle to Andheri Infinity Mall),K/W,3.5,35.0,0.9,63,34.2,Severe Gridlock / Blocked
2024-07-08 20:00:00,RD_LNK_03,New Link Road (Oshiwara to Goregaon West / Bangur Nagar),P/S,3.5,35.0,0.9,55,32.7,Severe Gridlock / Blocked
2024-07-08 20:00:00,RD_LNK_04,New Link Road (Malad Inorbit to Mith Chowki),P/N,3.5,35.0,0.9,49,27.4,Severe Gridlock / Blocked
2024-07-08 20:00:00,RD_LNK_05,New Link Road (Kandivali to Dahisar Link Road Extension),R/N,3.5,35.0,0.9,89,26.7,Severe Gridlock / Blocked
2024-07-08 20:00:00,RD_EEH_01,Eastern Express Highway (Sion Circle to Priyadarshini Park),F/N,3.5,55.0,0.94,60,33.4,Severe Gridlock / Blocked
2024-07-08 20:00:00,RD_EEH_02,Eastern Express Highway (Kurla Amar Mahal to Ghatkopar),L,3.5,55.0,0.94,72,28.6,Severe Gridlock / Blocked
2024-07-08 20:00:00,RD_EEH_03,Eastern Express Highway (Ghatkopar to Vikhroli / Godrej),N,3.5,55.0,0.94,67,24.8,Severe Gridlock / Blocked
2024-07-08 20:00:00,RD_EEH_04,Eastern Express Highway (Vikhroli to Bhandup / Mulund Toll),T,14.7,55.0,0.73,20,0.5,Congested
2024-07-08 20:00:00,RD_LBS_01,Lal Bahadur Shastri (LBS) Marg (Sion to Kurla Kamani),L,3.5,35.0,0.9,60,43.0,Severe Gridlock / Blocked
2024-07-08 20:00:00,RD_LBS_02,LBS Marg (Kurla to Ghatkopar Gandhi Nagar),N,3.5,35.0,0.9,63,25.5,Severe Gridlock / Blocked
2024-07-08 20:00:00,RD_LBS_03,LBS Marg (Ghatkopar to Vikhroli / Kanjurmarg),S,3.5,35.0,0.9,69,20.7,Severe Gridlock / Blocked
2024-07-08 20:00:00,RD_LBS_04,LBS Marg (Bhandup to Mulund Check Naka),T,6.3,35.0,0.82,37,0.4,Severe Gridlock / Blocked
2024-07-08 20:00:00,RD_JVL_01,Jogeshwari-Vikhroli Link Road (JVLR - WEH to Powai),K/E,9.7,35.0,0.72,24,0.0,Congested
2024-07-08 21:00:00,RD_WEH_01,Western Express Highway (Bandra to Santacruz),H/E,30.0,55.0,0.45,4,0.0,Free Flow / Moderate
2024-07-08 21:00:00,RD_WEH_02,Western Express Highway (Santacruz to Andheri Flyover),K/E,29.5,55.0,0.46,4,0.0,Free Flow / Moderate
2024-07-08 21:00:00,RD_WEH_03,Western Express Highway (Andheri to Goregaon Hub),P/S,32.2,55.0,0.41,3,0.0,Free Flow / Moderate
2024-07-08 21:00:00,RD_WEH_04,Western Express Highway (Goregaon to Borivali National Park),R/C,29.2,55.0,0.47,6,0.0,Free Flow / Moderate
2024-07-08 21:00:00,RD_WEH_05,Western Express Highway (Borivali to Dahisar Toll Naka),R/N,28.7,55.0,0.48,3,0.0,Free Flow / Moderate
2024-07-08 21:00:00,RD_SVR_01,Swami Vivekanand (SV) Road (Bandra Lucky Jn to Khar),H/W,18.4,35.0,0.47,4,0.0,Free Flow / Moderate
2024-07-08 21:00:00,RD_SVR_02,SV Road (Santacruz Milan Subway Approach),H/W,20.4,35.0,0.42,2,0.0,Free Flow / Moderate
2024-07-08 21:00:00,RD_SVR_03,SV Road (Vile Parle to Andheri Station West),K/W,18.6,35.0,0.47,5,0.0,Free Flow / Moderate
2024-07-08 21:00:00,RD_SVR_04,SV Road (Andheri Subway Section to Jogeshwari),K/W,20.8,35.0,0.41,3,0.0,Free Flow / Moderate
2024-07-08 21:00:00,RD_SVR_05,SV Road (Goregaon to Malad Subway Jn),P/N,17.6,35.0,0.5,7,0.0,Congested
2024-07-08 21:00:00,RD_SVR_06,SV Road (Kandivali to Borivali Station West),R/C,20.7,35.0,0.41,5,0.0,Free Flow / Moderate
2024-07-08 21:00:00,RD_LNK_01,New Link Road (Bandra West to Khar Danda),H/W,19.2,35.0,0.45,3,0.0,Free Flow / Moderate
2024-07-08 21:00:00,RD_LNK_02,New Link Road (Juhu Circle to Andheri Infinity Mall),K/W,20.6,35.0,0.41,4,0.0,Free Flow / Moderate
2024-07-08 21:00:00,RD_LNK_03,New Link Road (Oshiwara to Goregaon West / Bangur Nagar),P/S,20.9,35.0,0.4,4,0.0,Free Flow / Moderate
2024-07-08 21:00:00,RD_LNK_04,New Link Road (Malad Inorbit to Mith Chowki),P/N,20.1,35.0,0.43,4,0.0,Free Flow / Moderate
2024-07-08 21:00:00,RD_LNK_05,New Link Road (Kandivali to Dahisar Link Road Extension),R/N,19.8,35.0,0.43,7,0.0,Free Flow / Moderate
2024-07-08 21:00:00,RD_EEH_01,Eastern Express Highway (Sion Circle to Priyadarshini Park),F/N,31.1,55.0,0.43,3,0.0,Free Flow / Moderate
2024-07-08 21:00:00,RD_EEH_02,Eastern Express Highway (Kurla Amar Mahal to Ghatkopar),L,28.5,55.0,0.48,4,0.0,Free Flow / Moderate
2024-07-08 21:00:00,RD_EEH_03,Eastern Express Highway (Ghatkopar to Vikhroli / Godrej),N,30.6,55.0,0.44,3,0.0,Free Flow / Moderate
2024-07-08 21:00:00,RD_EEH_04,Eastern Express Highway (Vikhroli to Bhandup / Mulund Toll),T,28.4,55.0,0.48,6,0.0,Free Flow / Moderate
2024-07-08 21:00:00,RD_LBS_01,Lal Bahadur Shastri (LBS) Marg (Sion to Kurla Kamani),L,20.9,35.0,0.4,4,0.0,Free Flow / Moderate
2024-07-08 21:00:00,RD_LBS_02,LBS Marg (Kurla to Ghatkopar Gandhi Nagar),N,19.3,35.0,0.45,5,0.0,Free Flow / Moderate
2024-07-08 21:00:00,RD_LBS_03,LBS Marg (Ghatkopar to Vikhroli / Kanjurmarg),S,19.7,35.0,0.44,5,0.0,Free Flow / Moderate
2024-07-08 21:00:00,RD_LBS_04,LBS Marg (Bhandup to Mulund Check Naka),T,21.1,35.0,0.4,5,0.0,Free Flow / Moderate
2024-07-08 21:00:00,RD_JVL_01,Jogeshwari-Vikhroli Link Road (JVLR - WEH to Powai),K/E,20.8,35.0,0.41,6,0.0,Free Flow / Moderate
2024-07-08 22:00:00,RD_WEH_01,Western Express Highway (Bandra to Santacruz),H/E,48.7,55.0,0.11,0,0.0,Free Flow / Moderate
2024-07-08 22:00:00,RD_WEH_02,Western Express Highway (Santacruz to Andheri Flyover),K/E,51.2,55.0,0.1,0,0.0,Free Flow / Moderate
2024-07-08 22:00:00,RD_WEH_03,Western Express Highway (Andheri to Goregaon Hub),P/S,49.9,55.0,0.1,0,0.0,Free Flow / Moderate
2024-07-08 22:00:00,RD_WEH_04,Western Express Highway (Goregaon to Borivali National Park),R/C,48.0,55.0,0.13,1,0.0,Free Flow / Moderate
2024-07-08 22:00:00,RD_WEH_05,Western Express Highway (Borivali to Dahisar Toll Naka),R/N,48.0,55.0,0.13,0,0.0,Free Flow / Moderate
2024-07-08 22:00:00,RD_SVR_01,Swami Vivekanand (SV) Road (Bandra Lucky Jn to Khar),H/W,31.7,35.0,0.1,0,0.0,Free Flow / Moderate
2024-07-08 22:00:00,RD_SVR_02,SV Road (Santacruz Milan Subway Approach),H/W,32.3,35.0,0.1,0,0.0,Free Flow / Moderate
2024-07-08 22:00:00,RD_SVR_03,SV Road (Vile Parle to Andheri Station West),K/W,31.2,35.0,0.11,0,0.0,Free Flow / Moderate
2024-07-08 22:00:00,RD_SVR_04,SV Road (Andheri Subway Section to Jogeshwari),K/W,30.5,35.0,0.13,0,0.0,Free Flow / Moderate
2024-07-08 22:00:00,RD_SVR_05,SV Road (Goregaon to Malad Subway Jn),P/N,32.5,35.0,0.1,0,0.0,Free Flow / Moderate
2024-07-08 22:00:00,RD_SVR_06,SV Road (Kandivali to Borivali Station West),R/C,32.0,35.0,0.1,0,0.0,Free Flow / Moderate
2024-07-08 22:00:00,RD_LNK_01,New Link Road (Bandra West to Khar Danda),H/W,30.5,35.0,0.13,0,0.0,Free Flow / Moderate
2024-07-08 22:00:00,RD_LNK_02,New Link Road (Juhu Circle to Andheri Infinity Mall),K/W,33.0,35.0,0.1,0,0.0,Free Flow / Moderate
2024-07-08 22:00:00,RD_LNK_03,New Link Road (Oshiwara to Goregaon West / Bangur Nagar),P/S,32.9,35.0,0.1,0,0.0,Free Flow / Moderate
2024-07-08 22:00:00,RD_LNK_04,New Link Road (Malad Inorbit to Mith Chowki),P/N,33.4,35.0,0.1,0,0.0,Free Flow / Moderate
2024-07-08 22:00:00,RD_LNK_05,New Link Road (Kandivali to Dahisar Link Road Extension),R/N,33.3,35.0,0.1,0,0.0,Free Flow / Moderate
2024-07-08 22:00:00,RD_EEH_01,Eastern Express Highway (Sion Circle to Priyadarshini Park),F/N,49.4,55.0,0.1,0,0.0,Free Flow / Moderate
2024-07-08 22:00:00,RD_EEH_02,Eastern Express Highway (Kurla Amar Mahal to Ghatkopar),L,47.8,55.0,0.13,0,0.0,Free Flow / Moderate
2024-07-08 22:00:00,RD_EEH_03,Eastern Express Highway (Ghatkopar to Vikhroli / Godrej),N,49.6,55.0,0.1,0,0.0,Free Flow / Moderate
2024-07-08 22:00:00,RD_EEH_04,Eastern Express Highway (Vikhroli to Bhandup / Mulund Toll),T,49.8,55.0,0.1,0,0.0,Free Flow / Moderate
2024-07-08 22:00:00,RD_LBS_01,Lal Bahadur Shastri (LBS) Marg (Sion to Kurla Kamani),L,30.7,35.0,0.12,0,0.0,Free Flow / Moderate
2024-07-08 22:00:00,RD_LBS_02,LBS Marg (Kurla to Ghatkopar Gandhi Nagar),N,32.1,35.0,0.1,0,0.0,Free Flow / Moderate
2024-07-08 22:00:00,RD_LBS_03,LBS Marg (Ghatkopar to Vikhroli / Kanjurmarg),S,30.5,35.0,0.13,1,0.0,Free Flow / Moderate
2024-07-08 22:00:00,RD_LBS_04,LBS Marg (Bhandup to Mulund Check Naka),T,31.0,35.0,0.11,1,0.0,Free Flow / Moderate
2024-07-08 22:00:00,RD_JVL_01,Jogeshwari-Vikhroli Link Road (JVLR - WEH to Powai),K/E,31.4,35.0,0.1,1,0.0,Free Flow / Moderate
2024-07-08 23:00:00,RD_WEH_01,Western Express Highway (Bandra to Santacruz),H/E,47.8,55.0,0.13,0,0.0,Free Flow / Moderate
2024-07-08 23:00:00,RD_WEH_02,Western Express Highway (Santacruz to Andheri Flyover),K/E,48.0,55.0,0.13,0,0.0,Free Flow / Moderate
2024-07-08 23:00:00,RD_WEH_03,Western Express Highway (Andheri to Goregaon Hub),P/S,50.1,55.0,0.1,0,0.0,Free Flow / Moderate
2024-07-08 23:00:00,RD_WEH_04,Western Express Highway (Goregaon to Borivali National Park),R/C,49.3,55.0,0.1,0,0.0,Free Flow / Moderate
2024-07-08 23:00:00,RD_WEH_05,Western Express Highway (Borivali to Dahisar Toll Naka),R/N,48.6,55.0,0.12,0,0.0,Free Flow / Moderate
2024-07-08 23:00:00,RD_SVR_01,Swami Vivekanand (SV) Road (Bandra Lucky Jn to Khar),H/W,32.2,35.0,0.1,0,0.0,Free Flow / Moderate
2024-07-08 23:00:00,RD_SVR_02,SV Road (Santacruz Milan Subway Approach),H/W,32.7,35.0,0.1,0,0.0,Free Flow / Moderate
2024-07-08 23:00:00,RD_SVR_03,SV Road (Vile Parle to Andheri Station West),K/W,31.9,35.0,0.1,0,0.0,Free Flow / Moderate
2024-07-08 23:00:00,RD_SVR_04,SV Road (Andheri Subway Section to Jogeshwari),K/W,32.1,35.0,0.1,0,0.0,Free Flow / Moderate
2024-07-08 23:00:00,RD_SVR_05,SV Road (Goregaon to Malad Subway Jn),P/N,30.1,35.0,0.14,1,0.0,Free Flow / Moderate
2024-07-08 23:00:00,RD_SVR_06,SV Road (Kandivali to Borivali Station West),R/C,30.2,35.0,0.14,1,0.0,Free Flow / Moderate
2024-07-08 23:00:00,RD_LNK_01,New Link Road (Bandra West to Khar Danda),H/W,31.8,35.0,0.1,0,0.0,Free Flow / Moderate
2024-07-08 23:00:00,RD_LNK_02,New Link Road (Juhu Circle to Andheri Infinity Mall),K/W,31.4,35.0,0.1,0,0.0,Free Flow / Moderate
2024-07-08 23:00:00,RD_LNK_03,New Link Road (Oshiwara to Goregaon West / Bangur Nagar),P/S,30.1,35.0,0.14,1,0.0,Free Flow / Moderate
2024-07-08 23:00:00,RD_LNK_04,New Link Road (Malad Inorbit to Mith Chowki),P/N,32.8,35.0,0.1,0,0.0,Free Flow / Moderate
2024-07-08 23:00:00,RD_LNK_05,New Link Road (Kandivali to Dahisar Link Road Extension),R/N,32.1,35.0,0.1,0,0.0,Free Flow / Moderate
2024-07-08 23:00:00,RD_EEH_01,Eastern Express Highway (Sion Circle to Priyadarshini Park),F/N,51.1,55.0,0.1,0,0.0,Free Flow / Moderate
2024-07-08 23:00:00,RD_EEH_02,Eastern Express Highway (Kurla Amar Mahal to Ghatkopar),L,48.4,55.0,0.12,0,0.0,Free Flow / Moderate
2024-07-08 23:00:00,RD_EEH_03,Eastern Express Highway (Ghatkopar to Vikhroli / Godrej),N,48.1,55.0,0.13,0,0.0,Free Flow / Moderate
2024-07-08 23:00:00,RD_EEH_04,Eastern Express Highway (Vikhroli to Bhandup / Mulund Toll),T,48.1,55.0,0.13,1,0.0,Free Flow / Moderate
2024-07-08 23:00:00,RD_LBS_01,Lal Bahadur Shastri (LBS) Marg (Sion to Kurla Kamani),L,33.2,35.0,0.1,0,0.0,Free Flow / Moderate
2024-07-08 23:00:00,RD_LBS_02,LBS Marg (Kurla to Ghatkopar Gandhi Nagar),N,33.3,35.0,0.1,0,0.0,Free Flow / Moderate
2024-07-08 23:00:00,RD_LBS_03,LBS Marg (Ghatkopar to Vikhroli / Kanjurmarg),S,31.2,35.0,0.11,0,0.0,Free Flow / Moderate
2024-07-08 23:00:00,RD_LBS_04,LBS Marg (Bhandup to Mulund Check Naka),T,30.6,35.0,0.13,1,0.0,Free Flow / Moderate
2024-07-08 23:00:00,RD_JVL_01,Jogeshwari-Vikhroli Link Road (JVLR - WEH to Powai),K/E,29.7,35.0,0.15,1,0.0,Free Flow / Moderate
2024-07-09 00:00:00,RD_WEH_01,Western Express Highway (Bandra to Santacruz),H/E,50.6,55.0,0.1,0,0.0,Free Flow / Moderate
2024-07-09 00:00:00,RD_WEH_02,Western Express Highway (Santacruz to Andheri Flyover),K/E,50.0,55.0,0.1,0,0.0,Free Flow / Moderate
2024-07-09 00:00:00,RD_WEH_03,Western Express Highway (Andheri to Goregaon Hub),P/S,51.2,55.0,0.1,0,0.0,Free Flow / Moderate
2024-07-09 00:00:00,RD_WEH_04,Western Express Highway (Goregaon to Borivali National Park),R/C,49.6,55.0,0.1,0,0.0,Free Flow / Moderate
2024-07-09 00:00:00,RD_WEH_05,Western Express Highway (Borivali to Dahisar Toll Naka),R/N,51.4,55.0,0.1,0,0.0,Free Flow / Moderate
2024-07-09 00:00:00,RD_SVR_01,Swami Vivekanand (SV) Road (Bandra Lucky Jn to Khar),H/W,32.6,35.0,0.1,0,0.0,Free Flow / Moderate
2024-07-09 00:00:00,RD_SVR_02,SV Road (Santacruz Milan Subway Approach),H/W,29.7,35.0,0.15,0,0.0,Free Flow / Moderate
2024-07-09 00:00:00,RD_SVR_03,SV Road (Vile Parle to Andheri Station West),K/W,31.9,35.0,0.1,0,0.0,Free Flow / Moderate
2024-07-09 00:00:00,RD_SVR_04,SV Road (Andheri Subway Section to Jogeshwari),K/W,33.3,35.0,0.1,0,0.0,Free Flow / Moderate
2024-07-09 00:00:00,RD_SVR_05,SV Road (Goregaon to Malad Subway Jn),P/N,30.9,35.0,0.12,0,0.0,Free Flow / Moderate
2024-07-09 00:00:00,RD_SVR_06,SV Road (Kandivali to Borivali Station West),R/C,29.6,35.0,0.15,1,0.0,Free Flow / Moderate
2024-07-09 00:00:00,RD_LNK_01,New Link Road (Bandra West to Khar Danda),H/W,33.0,35.0,0.1,0,0.0,Free Flow / Moderate
2024-07-09 00:00:00,RD_LNK_02,New Link Road (Juhu Circle to Andheri Infinity Mall),K/W,30.4,35.0,0.13,1,0.0,Free Flow / Moderate
2024-07-09 00:00:00,RD_LNK_03,New Link Road (Oshiwara to Goregaon West / Bangur Nagar),P/S,29.8,35.0,0.15,1,0.0,Free Flow / Moderate
2024-07-09 00:00:00,RD_LNK_04,New Link Road (Malad Inorbit to Mith Chowki),P/N,30.0,35.0,0.14,0,0.0,Free Flow / Moderate
2024-07-09 00:00:00,RD_LNK_05,New Link Road (Kandivali to Dahisar Link Road Extension),R/N,31.1,35.0,0.11,1,0.0,Free Flow / Moderate
2024-07-09 00:00:00,RD_EEH_01,Eastern Express Highway (Sion Circle to Priyadarshini Park),F/N,50.5,55.0,0.1,0,0.0,Free Flow / Moderate
2024-07-09 00:00:00,RD_EEH_02,Eastern Express Highway (Kurla Amar Mahal to Ghatkopar),L,50.8,55.0,0.1,0,0.0,Free Flow / Moderate
2024-07-09 00:00:00,RD_EEH_03,Eastern Express Highway (Ghatkopar to Vikhroli / Godrej),N,48.7,55.0,0.11,0,0.0,Free Flow / Moderate
2024-07-09 00:00:00,RD_EEH_04,Eastern Express Highway (Vikhroli to Bhandup / Mulund Toll),T,48.3,55.0,0.12,1,0.0,Free Flow / Moderate
2024-07-09 00:00:00,RD_LBS_01,Lal Bahadur Shastri (LBS) Marg (Sion to Kurla Kamani),L,30.7,35.0,0.12,0,0.0,Free Flow / Moderate
2024-07-09 00:00:00,RD_LBS_02,LBS Marg (Kurla to Ghatkopar Gandhi Nagar),N,30.2,35.0,0.14,1,0.0,Free Flow / Moderate
2024-07-09 00:00:00,RD_LBS_03,LBS Marg (Ghatkopar to Vikhroli / Kanjurmarg),S,32.8,35.0,0.1,0,0.0,Free Flow / Moderate
2024-07-09 00:00:00,RD_LBS_04,LBS Marg (Bhandup to Mulund Check Naka),T,32.9,35.0,0.1,0,0.0,Free Flow / Moderate
2024-07-09 00:00:00,RD_JVL_01,Jogeshwari-Vikhroli Link Road (JVLR - WEH to Powai),K/E,29.9,35.0,0.15,1,0.0,Free Flow / Moderate
2024-07-09 01:00:00,RD_WEH_01,Western Express Highway (Bandra to Santacruz),H/E,47.8,55.0,0.13,0,0.0,Free Flow / Moderate
2024-07-09 01:00:00,RD_WEH_02,Western Express Highway (Santacruz to Andheri Flyover),K/E,49.5,55.0,0.1,0,0.0,Free Flow / Moderate
2024-07-09 01:00:00,RD_WEH_03,Western Express Highway (Andheri to Goregaon Hub),P/S,48.8,55.0,0.11,0,0.0,Free Flow / Moderate
2024-07-09 01:00:00,RD_WEH_04,Western Express Highway (Goregaon to Borivali National Park),R/C,47.8,55.0,0.13,1,0.0,Free Flow / Moderate
2024-07-09 01:00:00,RD_WEH_05,Western Express Highway (Borivali to Dahisar Toll Naka),R/N,49.6,55.0,0.1,0,0.0,Free Flow / Moderate
2024-07-09 01:00:00,RD_SVR_01,Swami Vivekanand (SV) Road (Bandra Lucky Jn to Khar),H/W,33.1,35.0,0.1,0,0.0,Free Flow / Moderate
2024-07-09 01:00:00,RD_SVR_02,SV Road (Santacruz Milan Subway Approach),H/W,30.6,35.0,0.13,0,0.0,Free Flow / Moderate
2024-07-09 01:00:00,RD_SVR_03,SV Road (Vile Parle to Andheri Station West),K/W,31.9,35.0,0.1,0,0.0,Free Flow / Moderate
2024-07-09 01:00:00,RD_SVR_04,SV Road (Andheri Subway Section to Jogeshwari),K/W,32.6,35.0,0.1,0,0.0,Free Flow / Moderate
2024-07-09 01:00:00,RD_SVR_05,SV Road (Goregaon to Malad Subway Jn),P/N,31.2,35.0,0.11,0,0.0,Free Flow / Moderate
2024-07-09 01:00:00,RD_SVR_06,SV Road (Kandivali to Borivali Station West),R/C,32.5,35.0,0.1,0,0.0,Free Flow / Moderate
2024-07-09 01:00:00,RD_LNK_01,New Link Road (Bandra West to Khar Danda),H/W,32.7,35.0,0.1,0,0.0,Free Flow / Moderate
2024-07-09 01:00:00,RD_LNK_02,New Link Road (Juhu Circle to Andheri Infinity Mall),K/W,32.6,35.0,0.1,0,0.0,Free Flow / Moderate
2024-07-09 01:00:00,RD_LNK_03,New Link Road (Oshiwara to Goregaon West / Bangur Nagar),P/S,30.2,35.0,0.14,0,0.0,Free Flow / Moderate
2024-07-09 01:00:00,RD_LNK_04,New Link Road (Malad Inorbit to Mith Chowki),P/N,32.7,35.0,0.1,0,0.0,Free Flow / Moderate
2024-07-09 01:00:00,RD_LNK_05,New Link Road (Kandivali to Dahisar Link Road Extension),R/N,32.5,35.0,0.1,0,0.0,Free Flow / Moderate
2024-07-09 01:00:00,RD_EEH_01,Eastern Express Highway (Sion Circle to Priyadarshini Park),F/N,48.6,55.0,0.12,0,0.0,Free Flow / Moderate
2024-07-09 01:00:00,RD_EEH_02,Eastern Express Highway (Kurla Amar Mahal to Ghatkopar),L,49.7,55.0,0.1,0,0.0,Free Flow / Moderate
2024-07-09 01:00:00,RD_EEH_03,Eastern Express Highway (Ghatkopar to Vikhroli / Godrej),N,48.6,55.0,0.12,0,0.0,Free Flow / Moderate
2024-07-09 01:00:00,RD_EEH_04,Eastern Express Highway (Vikhroli to Bhandup / Mulund Toll),T,50.3,55.0,0.1,0,0.0,Free Flow / Moderate
2024-07-09 01:00:00,RD_LBS_01,Lal Bahadur Shastri (LBS) Marg (Sion to Kurla Kamani),L,33.1,35.0,0.1,0,0.0,Free Flow / Moderate
2024-07-09 01:00:00,RD_LBS_02,LBS Marg (Kurla to Ghatkopar Gandhi Nagar),N,31.1,35.0,0.11,0,0.0,Free Flow / Moderate
2024-07-09 01:00:00,RD_LBS_03,LBS Marg (Ghatkopar to Vikhroli / Kanjurmarg),S,31.2,35.0,0.11,0,0.0,Free Flow / Moderate
2024-07-09 01:00:00,RD_LBS_04,LBS Marg (Bhandup to Mulund Check Naka),T,31.3,35.0,0.11,0,0.0,Free Flow / Moderate
2024-07-09 01:00:00,RD_JVL_01,Jogeshwari-Vikhroli Link Road (JVLR - WEH to Powai),K/E,33.3,35.0,0.1,0,0.0,Free Flow / Moderate
2024-07-09 02:00:00,RD_WEH_01,Western Express Highway (Bandra to Santacruz),H/E,48.7,55.0,0.11,0,0.0,Free Flow / Moderate
2024-07-09 02:00:00,RD_WEH_02,Western Express Highway (Santacruz to Andheri Flyover),K/E,50.2,55.0,0.1,0,0.0,Free Flow / Moderate
2024-07-09 02:00:00,RD_WEH_03,Western Express Highway (Andheri to Goregaon Hub),P/S,49.0,55.0,0.11,0,0.0,Free Flow / Moderate
2024-07-09 02:00:00,RD_WEH_04,Western Express Highway (Goregaon to Borivali National Park),R/C,50.5,55.0,0.1,0,0.0,Free Flow / Moderate
2024-07-09 02:00:00,RD_WEH_05,Western Express Highway (Borivali to Dahisar Toll Naka),R/N,51.0,55.0,0.1,0,0.0,Free Flow / Moderate
2024-07-09 02:00:00,RD_SVR_01,Swami Vivekanand (SV) Road (Bandra Lucky Jn to Khar),H/W,31.8,35.0,0.1,0,0.0,Free Flow / Moderate
2024-07-09 02:00:00,RD_SVR_02,SV Road (Santacruz Milan Subway Approach),H/W,33.5,35.0,0.1,0,0.0,Free Flow / Moderate
2024-07-09 02:00:00,RD_SVR_03,SV Road (Vile Parle to Andheri Station West),K/W,33.2,35.0,0.1,0,0.0,Free Flow / Moderate
2024-07-09 02:00:00,RD_SVR_04,SV Road (Andheri Subway Section to Jogeshwari),K/W,31.4,35.0,0.1,0,0.0,Free Flow / Moderate
2024-07-09 02:00:00,RD_SVR_05,SV Road (Goregaon to Malad Subway Jn),P/N,33.3,35.0,0.1,0,0.0,Free Flow / Moderate
2024-07-09 02:00:00,RD_SVR_06,SV Road (Kandivali to Borivali Station West),R/C,31.9,35.0,0.1,0,0.0,Free Flow / Moderate
2024-07-09 02:00:00,RD_LNK_01,New Link Road (Bandra West to Khar Danda),H/W,32.4,35.0,0.1,0,0.0,Free Flow / Moderate
2024-07-09 02:00:00,RD_LNK_02,New Link Road (Juhu Circle to Andheri Infinity Mall),K/W,29.8,35.0,0.15,1,0.0,Free Flow / Moderate
2024-07-09 02:00:00,RD_LNK_03,New Link Road (Oshiwara to Goregaon West / Bangur Nagar),P/S,32.3,35.0,0.1,0,0.0,Free Flow / Moderate
2024-07-09 02:00:00,RD_LNK_04,New Link Road (Malad Inorbit to Mith Chowki),P/N,29.5,35.0,0.16,1,0.0,Free Flow / Moderate
2024-07-09 02:00:00,RD_LNK_05,New Link Road (Kandivali to Dahisar Link Road Extension),R/N,30.6,35.0,0.13,1,0.0,Free Flow / Moderate
2024-07-09 02:00:00,RD_EEH_01,Eastern Express Highway (Sion Circle to Priyadarshini Park),F/N,50.1,55.0,0.1,0,0.0,Free Flow / Moderate
2024-07-09 02:00:00,RD_EEH_02,Eastern Express Highway (Kurla Amar Mahal to Ghatkopar),L,48.6,55.0,0.12,0,0.0,Free Flow / Moderate
2024-07-09 02:00:00,RD_EEH_03,Eastern Express Highway (Ghatkopar to Vikhroli / Godrej),N,49.0,55.0,0.11,0,0.0,Free Flow / Moderate
2024-07-09 02:00:00,RD_EEH_04,Eastern Express Highway (Vikhroli to Bhandup / Mulund Toll),T,48.9,55.0,0.11,0,0.0,Free Flow / Moderate
2024-07-09 02:00:00,RD_LBS_01,Lal Bahadur Shastri (LBS) Marg (Sion to Kurla Kamani),L,30.4,35.0,0.13,1,0.0,Free Flow / Moderate
2024-07-09 02:00:00,RD_LBS_02,LBS Marg (Kurla to Ghatkopar Gandhi Nagar),N,29.9,35.0,0.15,1,0.0,Free Flow / Moderate
2024-07-09 02:00:00,RD_LBS_03,LBS Marg (Ghatkopar to Vikhroli / Kanjurmarg),S,30.0,35.0,0.14,1,0.0,Free Flow / Moderate
2024-07-09 02:00:00,RD_LBS_04,LBS Marg (Bhandup to Mulund Check Naka),T,29.9,35.0,0.15,1,0.0,Free Flow / Moderate
2024-07-09 02:00:00,RD_JVL_01,Jogeshwari-Vikhroli Link Road (JVLR - WEH to Powai),K/E,30.4,35.0,0.13,1,0.0,Free Flow / Moderate
2024-07-09 03:00:00,RD_WEH_01,Western Express Highway (Bandra to Santacruz),H/E,50.8,55.0,0.1,0,0.0,Free Flow / Moderate
2024-07-09 03:00:00,RD_WEH_02,Western Express Highway (Santacruz to Andheri Flyover),K/E,49.8,55.0,0.1,0,0.0,Free Flow / Moderate
2024-07-09 03:00:00,RD_WEH_03,Western Express Highway (Andheri to Goregaon Hub),P/S,47.5,55.0,0.14,0,0.0,Free Flow / Moderate
2024-07-09 03:00:00,RD_WEH_04,Western Express Highway (Goregaon to Borivali National Park),R/C,50.5,55.0,0.1,0,0.0,Free Flow / Moderate
2024-07-09 03:00:00,RD_WEH_05,Western Express Highway (Borivali to Dahisar Toll Naka),R/N,48.8,55.0,0.11,0,0.0,Free Flow / Moderate
2024-07-09 03:00:00,RD_SVR_01,Swami Vivekanand (SV) Road (Bandra Lucky Jn to Khar),H/W,31.1,35.0,0.11,0,0.0,Free Flow / Moderate
2024-07-09 03:00:00,RD_SVR_02,SV Road (Santacruz Milan Subway Approach),H/W,30.3,35.0,0.13,0,0.0,Free Flow / Moderate
2024-07-09 03:00:00,RD_SVR_03,SV Road (Vile Parle to Andheri Station West),K/W,29.7,35.0,0.15,1,0.0,Free Flow / Moderate
2024-07-09 03:00:00,RD_SVR_04,SV Road (Andheri Subway Section to Jogeshwari),K/W,33.2,35.0,0.1,0,0.0,Free Flow / Moderate
2024-07-09 03:00:00,RD_SVR_05,SV Road (Goregaon to Malad Subway Jn),P/N,33.1,35.0,0.1,0,0.0,Free Flow / Moderate
2024-07-09 03:00:00,RD_SVR_06,SV Road (Kandivali to Borivali Station West),R/C,33.0,35.0,0.1,0,0.0,Free Flow / Moderate
2024-07-09 03:00:00,RD_LNK_01,New Link Road (Bandra West to Khar Danda),H/W,30.0,35.0,0.14,0,0.0,Free Flow / Moderate
2024-07-09 03:00:00,RD_LNK_02,New Link Road (Juhu Circle to Andheri Infinity Mall),K/W,30.5,35.0,0.13,1,0.0,Free Flow / Moderate
2024-07-09 03:00:00,RD_LNK_03,New Link Road (Oshiwara to Goregaon West / Bangur Nagar),P/S,33.0,35.0,0.1,0,0.0,Free Flow / Moderate
2024-07-09 03:00:00,RD_LNK_04,New Link Road (Malad Inorbit to Mith Chowki),P/N,32.4,35.0,0.1,0,0.0,Free Flow / Moderate
2024-07-09 03:00:00,RD_LNK_05,New Link Road (Kandivali to Dahisar Link Road Extension),R/N,31.4,35.0,0.1,1,0.0,Free Flow / Moderate
2024-07-09 03:00:00,RD_EEH_01,Eastern Express Highway (Sion Circle to Priyadarshini Park),F/N,51.5,55.0,0.1,0,0.0,Free Flow / Moderate
2024-07-09 03:00:00,RD_EEH_02,Eastern Express Highway (Kurla Amar Mahal to Ghatkopar),L,48.1,55.0,0.13,0,0.0,Free Flow / Moderate
2024-07-09 03:00:00,RD_EEH_03,Eastern Express Highway (Ghatkopar to Vikhroli / Godrej),N,48.7,55.0,0.11,0,0.0,Free Flow / Moderate
2024-07-09 03:00:00,RD_EEH_04,Eastern Express Highway (Vikhroli to Bhandup / Mulund Toll),T,48.1,55.0,0.13,1,0.0,Free Flow / Moderate
2024-07-09 03:00:00,RD_LBS_01,Lal Bahadur Shastri (LBS) Marg (Sion to Kurla Kamani),L,31.4,35.0,0.1,0,0.0,Free Flow / Moderate
2024-07-09 03:00:00,RD_LBS_02,LBS Marg (Kurla to Ghatkopar Gandhi Nagar),N,30.1,35.0,0.14,1,0.0,Free Flow / Moderate
2024-07-09 03:00:00,RD_LBS_03,LBS Marg (Ghatkopar to Vikhroli / Kanjurmarg),S,32.0,35.0,0.1,0,0.0,Free Flow / Moderate
2024-07-09 03:00:00,RD_LBS_04,LBS Marg (Bhandup to Mulund Check Naka),T,31.4,35.0,0.1,0,0.0,Free Flow / Moderate
2024-07-09 03:00:00,RD_JVL_01,Jogeshwari-Vikhroli Link Road (JVLR - WEH to Powai),K/E,32.5,35.0,0.1,0,0.0,Free Flow / Moderate
2024-07-09 04:00:00,RD_WEH_01,Western Express Highway (Bandra to Santacruz),H/E,47.9,55.0,0.13,0,0.0,Free Flow / Moderate
2024-07-09 04:00:00,RD_WEH_02,Western Express Highway (Santacruz to Andheri Flyover),K/E,48.8,55.0,0.11,0,0.0,Free Flow / Moderate
2024-07-09 04:00:00,RD_WEH_03,Western Express Highway (Andheri to Goregaon Hub),P/S,49.5,55.0,0.1,0,0.0,Free Flow / Moderate
2024-07-09 04:00:00,RD_WEH_04,Western Express Highway (Goregaon to Borivali National Park),R/C,49.5,55.0,0.1,0,0.0,Free Flow / Moderate
2024-07-09 04:00:00,RD_WEH_05,Western Express Highway (Borivali to Dahisar Toll Naka),R/N,51.3,55.0,0.1,0,0.0,Free Flow / Moderate
2024-07-09 04:00:00,RD_SVR_01,Swami Vivekanand (SV) Road (Bandra Lucky Jn to Khar),H/W,32.5,35.0,0.1,0,0.0,Free Flow / Moderate
2024-07-09 04:00:00,RD_SVR_02,SV Road (Santacruz Milan Subway Approach),H/W,29.9,35.0,0.15,0,0.0,Free Flow / Moderate
2024-07-09 04:00:00,RD_SVR_03,SV Road (Vile Parle to Andheri Station West),K/W,30.7,35.0,0.12,0,0.0,Free Flow / Moderate
2024-07-09 04:00:00,RD_SVR_04,SV Road (Andheri Subway Section to Jogeshwari),K/W,30.6,35.0,0.13,0,0.0,Free Flow / Moderate
2024-07-09 04:00:00,RD_SVR_05,SV Road (Goregaon to Malad Subway Jn),P/N,32.1,35.0,0.1,0,0.0,Free Flow / Moderate
2024-07-09 04:00:00,RD_SVR_06,SV Road (Kandivali to Borivali Station West),R/C,30.7,35.0,0.12,1,0.0,Free Flow / Moderate
2024-07-09 04:00:00,RD_LNK_01,New Link Road (Bandra West to Khar Danda),H/W,32.0,35.0,0.1,0,0.0,Free Flow / Moderate
2024-07-09 04:00:00,RD_LNK_02,New Link Road (Juhu Circle to Andheri Infinity Mall),K/W,30.5,35.0,0.13,1,0.0,Free Flow / Moderate
2024-07-09 04:00:00,RD_LNK_03,New Link Road (Oshiwara to Goregaon West / Bangur Nagar),P/S,32.9,35.0,0.1,0,0.0,Free Flow / Moderate
2024-07-09 04:00:00,RD_LNK_04,New Link Road (Malad Inorbit to Mith Chowki),P/N,29.6,35.0,0.15,1,0.0,Free Flow / Moderate
2024-07-09 04:00:00,RD_LNK_05,New Link Road (Kandivali to Dahisar Link Road Extension),R/N,33.2,35.0,0.1,0,0.0,Free Flow / Moderate
2024-07-09 04:00:00,RD_EEH_01,Eastern Express Highway (Sion Circle to Priyadarshini Park),F/N,47.8,55.0,0.13,0,0.0,Free Flow / Moderate
2024-07-09 04:00:00,RD_EEH_02,Eastern Express Highway (Kurla Amar Mahal to Ghatkopar),L,50.6,55.0,0.1,0,0.0,Free Flow / Moderate
2024-07-09 04:00:00,RD_EEH_03,Eastern Express Highway (Ghatkopar to Vikhroli / Godrej),N,48.5,55.0,0.12,0,0.0,Free Flow / Moderate
2024-07-09 04:00:00,RD_EEH_04,Eastern Express Highway (Vikhroli to Bhandup / Mulund Toll),T,49.1,55.0,0.11,0,0.0,Free Flow / Moderate
2024-07-09 04:00:00,RD_LBS_01,Lal Bahadur Shastri (LBS) Marg (Sion to Kurla Kamani),L,30.4,35.0,0.13,1,0.0,Free Flow / Moderate
2024-07-09 04:00:00,RD_LBS_02,LBS Marg (Kurla to Ghatkopar Gandhi Nagar),N,29.8,35.0,0.15,1,0.0,Free Flow / Moderate
2024-07-09 04:00:00,RD_LBS_03,LBS Marg (Ghatkopar to Vikhroli / Kanjurmarg),S,30.3,35.0,0.13,1,0.0,Free Flow / Moderate
2024-07-09 04:00:00,RD_LBS_04,LBS Marg (Bhandup to Mulund Check Naka),T,32.8,35.0,0.1,0,0.0,Free Flow / Moderate
2024-07-09 04:00:00,RD_JVL_01,Jogeshwari-Vikhroli Link Road (JVLR - WEH to Powai),K/E,31.0,35.0,0.11,1,0.0,Free Flow / Moderate
2024-07-09 05:00:00,RD_WEH_01,Western Express Highway (Bandra to Santacruz),H/E,48.8,55.0,0.11,0,0.0,Free Flow / Moderate
2024-07-09 05:00:00,RD_WEH_02,Western Express Highway (Santacruz to Andheri Flyover),K/E,50.8,55.0,0.1,0,0.0,Free Flow / Moderate
2024-07-09 05:00:00,RD_WEH_03,Western Express Highway (Andheri to Goregaon Hub),P/S,51.1,55.0,0.1,0,0.0,Free Flow / Moderate
2024-07-09 05:00:00,RD_WEH_04,Western Express Highway (Goregaon to Borivali National Park),R/C,48.3,55.0,0.12,0,0.0,Free Flow / Moderate
2024-07-09 05:00:00,RD_WEH_05,Western Express Highway (Borivali to Dahisar Toll Naka),R/N,49.6,55.0,0.1,0,0.0,Free Flow / Moderate
2024-07-09 05:00:00,RD_SVR_01,Swami Vivekanand (SV) Road (Bandra Lucky Jn to Khar),H/W,31.0,35.0,0.11,0,0.0,Free Flow / Moderate
2024-07-09 05:00:00,RD_SVR_02,SV Road (Santacruz Milan Subway Approach),H/W,31.1,35.0,0.11,0,0.0,Free Flow / Moderate
2024-07-09 05:00:00,RD_SVR_03,SV Road (Vile Parle to Andheri Station West),K/W,32.0,35.0,0.1,0,0.0,Free Flow / Moderate
2024-07-09 05:00:00,RD_SVR_04,SV Road (Andheri Subway Section to Jogeshwari),K/W,30.6,35.0,0.13,0,0.0,Free Flow / Moderate
2024-07-09 05:00:00,RD_SVR_05,SV Road (Goregaon to Malad Subway Jn),P/N,33.3,35.0,0.1,0,0.0,Free Flow / Moderate
2024-07-09 05:00:00,RD_SVR_06,SV Road (Kandivali to Borivali Station West),R/C,31.0,35.0,0.11,1,0.0,Free Flow / Moderate
2024-07-09 05:00:00,RD_LNK_01,New Link Road (Bandra West to Khar Danda),H/W,30.3,35.0,0.13,0,0.0,Free Flow / Moderate
2024-07-09 05:00:00,RD_LNK_02,New Link Road (Juhu Circle to Andheri Infinity Mall),K/W,32.5,35.0,0.1,0,0.0,Free Flow / Moderate
2024-07-09 05:00:00,RD_LNK_03,New Link Road (Oshiwara to Goregaon West / Bangur Nagar),P/S,30.0,35.0,0.14,1,0.0,Free Flow / Moderate
2024-07-09 05:00:00,RD_LNK_04,New Link Road (Malad Inorbit to Mith Chowki),P/N,30.1,35.0,0.14,0,0.0,Free Flow / Moderate
2024-07-09 05:00:00,RD_LNK_05,New Link Road (Kandivali to Dahisar Link Road Extension),R/N,32.8,35.0,0.1,0,0.0,Free Flow / Moderate
2024-07-09 05:00:00,RD_EEH_01,Eastern Express Highway (Sion Circle to Priyadarshini Park),F/N,50.8,55.0,0.1,0,0.0,Free Flow / Moderate
2024-07-09 05:00:00,RD_EEH_02,Eastern Express Highway (Kurla Amar Mahal to Ghatkopar),L,48.1,55.0,0.13,0,0.0,Free Flow / Moderate
2024-07-09 05:00:00,RD_EEH_03,Eastern Express Highway (Ghatkopar to Vikhroli / Godrej),N,50.8,55.0,0.1,0,0.0,Free Flow / Moderate
2024-07-09 05:00:00,RD_EEH_04,Eastern Express Highway (Vikhroli to Bhandup / Mulund Toll),T,48.5,55.0,0.12,0,0.0,Free Flow / Moderate
2024-07-09 05:00:00,RD_LBS_01,Lal Bahadur Shastri (LBS) Marg (Sion to Kurla Kamani),L,33.0,35.0,0.1,0,0.0,Free Flow / Moderate
2024-07-09 05:00:00,RD_LBS_02,LBS Marg (Kurla to Ghatkopar Gandhi Nagar),N,31.0,35.0,0.11,0,0.0,Free Flow / Moderate
2024-07-09 05:00:00,RD_LBS_03,LBS Marg (Ghatkopar to Vikhroli / Kanjurmarg),S,32.5,35.0,0.1,0,0.0,Free Flow / Moderate
2024-07-09 05:00:00,RD_LBS_04,LBS Marg (Bhandup to Mulund Check Naka),T,29.6,35.0,0.15,1,0.0,Free Flow / Moderate
2024-07-09 05:00:00,RD_JVL_01,Jogeshwari-Vikhroli Link Road (JVLR - WEH to Powai),K/E,31.8,35.0,0.1,0,0.0,Free Flow / Moderate
2024-07-09 06:00:00,RD_WEH_01,Western Express Highway (Bandra to Santacruz),H/E,48.9,55.0,0.11,0,0.0,Free Flow / Moderate
2024-07-09 06:00:00,RD_WEH_02,Western Express Highway (Santacruz to Andheri Flyover),K/E,47.7,55.0,0.13,0,0.0,Free Flow / Moderate
2024-07-09 06:00:00,RD_WEH_03,Western Express Highway (Andheri to Goregaon Hub),P/S,50.3,55.0,0.1,0,0.0,Free Flow / Moderate
2024-07-09 06:00:00,RD_WEH_04,Western Express Highway (Goregaon to Borivali National Park),R/C,49.5,55.0,0.1,0,0.0,Free Flow / Moderate
2024-07-09 06:00:00,RD_WEH_05,Western Express Highway (Borivali to Dahisar Toll Naka),R/N,49.8,55.0,0.1,0,0.0,Free Flow / Moderate
2024-07-09 06:00:00,RD_SVR_01,Swami Vivekanand (SV) Road (Bandra Lucky Jn to Khar),H/W,33.3,35.0,0.1,0,0.0,Free Flow / Moderate
2024-07-09 06:00:00,RD_SVR_02,SV Road (Santacruz Milan Subway Approach),H/W,32.8,35.0,0.1,0,0.0,Free Flow / Moderate
2024-07-09 06:00:00,RD_SVR_03,SV Road (Vile Parle to Andheri Station West),K/W,32.7,35.0,0.1,0,0.0,Free Flow / Moderate
2024-07-09 06:00:00,RD_SVR_04,SV Road (Andheri Subway Section to Jogeshwari),K/W,29.5,35.0,0.16,0,0.0,Free Flow / Moderate
2024-07-09 06:00:00,RD_SVR_05,SV Road (Goregaon to Malad Subway Jn),P/N,32.4,35.0,0.1,0,0.0,Free Flow / Moderate
2024-07-09 06:00:00,RD_SVR_06,SV Road (Kandivali to Borivali Station West),R/C,32.7,35.0,0.1,0,0.0,Free Flow / Moderate
2024-07-09 06:00:00,RD_LNK_01,New Link Road (Bandra West to Khar Danda),H/W,31.3,35.0,0.11,0,0.0,Free Flow / Moderate
2024-07-09 06:00:00,RD_LNK_02,New Link Road (Juhu Circle to Andheri Infinity Mall),K/W,32.6,35.0,0.1,0,0.0,Free Flow / Moderate
2024-07-09 06:00:00,RD_LNK_03,New Link Road (Oshiwara to Goregaon West / Bangur Nagar),P/S,31.1,35.0,0.11,0,0.0,Free Flow / Moderate
2024-07-09 06:00:00,RD_LNK_04,New Link Road (Malad Inorbit to Mith Chowki),P/N,31.0,35.0,0.11,0,0.0,Free Flow / Moderate
2024-07-09 06:00:00,RD_LNK_05,New Link Road (Kandivali to Dahisar Link Road Extension),R/N,31.1,35.0,0.11,1,0.0,Free Flow / Moderate
2024-07-09 06:00:00,RD_EEH_01,Eastern Express Highway (Sion Circle to Priyadarshini Park),F/N,48.5,55.0,0.12,0,0.0,Free Flow / Moderate
2024-07-09 06:00:00,RD_EEH_02,Eastern Express Highway (Kurla Amar Mahal to Ghatkopar),L,51.1,55.0,0.1,0,0.0,Free Flow / Moderate
2024-07-09 06:00:00,RD_EEH_03,Eastern Express Highway (Ghatkopar to Vikhroli / Godrej),N,48.8,55.0,0.11,0,0.0,Free Flow / Moderate
2024-07-09 06:00:00,RD_EEH_04,Eastern Express Highway (Vikhroli to Bhandup / Mulund Toll),T,47.6,55.0,0.13,1,0.0,Free Flow / Moderate
2024-07-09 06:00:00,RD_LBS_01,Lal Bahadur Shastri (LBS) Marg (Sion to Kurla Kamani),L,32.8,35.0,0.1,0,0.0,Free Flow / Moderate
2024-07-09 06:00:00,RD_LBS_02,LBS Marg (Kurla to Ghatkopar Gandhi Nagar),N,30.6,35.0,0.13,1,0.0,Free Flow / Moderate
2024-07-09 06:00:00,RD_LBS_03,LBS Marg (Ghatkopar to Vikhroli / Kanjurmarg),S,30.5,35.0,0.13,1,0.0,Free Flow / Moderate
2024-07-09 06:00:00,RD_LBS_04,LBS Marg (Bhandup to Mulund Check Naka),T,33.1,35.0,0.1,0,0.0,Free Flow / Moderate
2024-07-09 06:00:00,RD_JVL_01,Jogeshwari-Vikhroli Link Road (JVLR - WEH to Powai),K/E,33.0,35.0,0.1,0,0.0,Free Flow / Moderate
2024-07-09 07:00:00,RD_WEH_01,Western Express Highway (Bandra to Santacruz),H/E,50.9,55.0,0.1,0,0.0,Free Flow / Moderate
2024-07-09 07:00:00,RD_WEH_02,Western Express Highway (Santacruz to Andheri Flyover),K/E,51.3,55.0,0.1,0,0.0,Free Flow / Moderate
2024-07-09 07:00:00,RD_WEH_03,Western Express Highway (Andheri to Goregaon Hub),P/S,51.1,55.0,0.1,0,0.0,Free Flow / Moderate
2024-07-09 07:00:00,RD_WEH_04,Western Express Highway (Goregaon to Borivali National Park),R/C,49.9,55.0,0.1,0,0.0,Free Flow / Moderate
2024-07-09 07:00:00,RD_WEH_05,Western Express Highway (Borivali to Dahisar Toll Naka),R/N,51.4,55.0,0.1,0,0.0,Free Flow / Moderate
2024-07-09 07:00:00,RD_SVR_01,Swami Vivekanand (SV) Road (Bandra Lucky Jn to Khar),H/W,30.2,35.0,0.14,0,0.0,Free Flow / Moderate
2024-07-09 07:00:00,RD_SVR_02,SV Road (Santacruz Milan Subway Approach),H/W,29.9,35.0,0.15,0,0.0,Free Flow / Moderate
2024-07-09 07:00:00,RD_SVR_03,SV Road (Vile Parle to Andheri Station West),K/W,30.9,35.0,0.12,0,0.0,Free Flow / Moderate
2024-07-09 07:00:00,RD_SVR_04,SV Road (Andheri Subway Section to Jogeshwari),K/W,30.4,35.0,0.13,0,0.0,Free Flow / Moderate
2024-07-09 07:00:00,RD_SVR_05,SV Road (Goregaon to Malad Subway Jn),P/N,33.4,35.0,0.1,0,0.0,Free Flow / Moderate
2024-07-09 07:00:00,RD_SVR_06,SV Road (Kandivali to Borivali Station West),R/C,31.4,35.0,0.1,0,0.0,Free Flow / Moderate
2024-07-09 07:00:00,RD_LNK_01,New Link Road (Bandra West to Khar Danda),H/W,29.8,35.0,0.15,0,0.0,Free Flow / Moderate
2024-07-09 07:00:00,RD_LNK_02,New Link Road (Juhu Circle to Andheri Infinity Mall),K/W,30.1,35.0,0.14,1,0.0,Free Flow / Moderate
2024-07-09 07:00:00,RD_LNK_03,New Link Road (Oshiwara to Goregaon West / Bangur Nagar),P/S,32.5,35.0,0.1,0,0.0,Free Flow / Moderate
2024-07-09 07:00:00,RD_LNK_04,New Link Road (Malad Inorbit to Mith Chowki),P/N,30.6,35.0,0.13,0,0.0,Free Flow / Moderate
2024-07-09 07:00:00,RD_LNK_05,New Link Road (Kandivali to Dahisar Link Road Extension),R/N,31.1,35.0,0.11,1,0.0,Free Flow / Moderate
2024-07-09 07:00:00,RD_EEH_01,Eastern Express Highway (Sion Circle to Priyadarshini Park),F/N,49.5,55.0,0.1,0,0.0,Free Flow / Moderate
2024-07-09 07:00:00,RD_EEH_02,Eastern Express Highway (Kurla Amar Mahal to Ghatkopar),L,51.4,55.0,0.1,0,0.0,Free Flow / Moderate
2024-07-09 07:00:00,RD_EEH_03,Eastern Express Highway (Ghatkopar to Vikhroli / Godrej),N,50.0,55.0,0.1,0,0.0,Free Flow / Moderate
2024-07-09 07:00:00,RD_EEH_04,Eastern Express Highway (Vikhroli to Bhandup / Mulund Toll),T,48.6,55.0,0.12,0,0.0,Free Flow / Moderate
2024-07-09 07:00:00,RD_LBS_01,Lal Bahadur Shastri (LBS) Marg (Sion to Kurla Kamani),L,30.4,35.0,0.13,1,0.0,Free Flow / Moderate
2024-07-09 07:00:00,RD_LBS_02,LBS Marg (Kurla to Ghatkopar Gandhi Nagar),N,33.0,35.0,0.1,0,0.0,Free Flow / Moderate
2024-07-09 07:00:00,RD_LBS_03,LBS Marg (Ghatkopar to Vikhroli / Kanjurmarg),S,32.6,35.0,0.1,0,0.0,Free Flow / Moderate
2024-07-09 07:00:00,RD_LBS_04,LBS Marg (Bhandup to Mulund Check Naka),T,30.1,35.0,0.14,1,0.0,Free Flow / Moderate
2024-07-09 07:00:00,RD_JVL_01,Jogeshwari-Vikhroli Link Road (JVLR - WEH to Powai),K/E,32.7,35.0,0.1,0,0.0,Free Flow / Moderate
2024-07-09 08:00:00,RD_WEH_01,Western Express Highway (Bandra to Santacruz),H/E,31.4,55.0,0.43,3,0.0,Free Flow / Moderate
2024-07-09 08:00:00,RD_WEH_02,Western Express Highway (Santacruz to Andheri Flyover),K/E,30.2,55.0,0.45,4,0.0,Free Flow / Moderate
2024-07-09 08:00:00,RD_WEH_03,Western Express Highway (Andheri to Goregaon Hub),P/S,28.7,55.0,0.48,4,0.0,Free Flow / Moderate
2024-07-09 08:00:00,RD_WEH_04,Western Express Highway (Goregaon to Borivali National Park),R/C,31.2,55.0,0.43,5,0.0,Free Flow / Moderate
2024-07-09 08:00:00,RD_WEH_05,Western Express Highway (Borivali to Dahisar Toll Naka),R/N,30.9,55.0,0.44,3,0.0,Free Flow / Moderate
2024-07-09 08:00:00,RD_SVR_01,Swami Vivekanand (SV) Road (Bandra Lucky Jn to Khar),H/W,17.6,35.0,0.5,5,0.0,Congested
2024-07-09 08:00:00,RD_SVR_02,SV Road (Santacruz Milan Subway Approach),H/W,17.7,35.0,0.49,3,0.0,Congested
2024-07-09 08:00:00,RD_SVR_03,SV Road (Vile Parle to Andheri Station West),K/W,17.3,35.0,0.51,6,0.0,Congested
2024-07-09 08:00:00,RD_SVR_04,SV Road (Andheri Subway Section to Jogeshwari),K/W,20.3,35.0,0.42,3,0.0,Free Flow / Moderate
2024-07-09 08:00:00,RD_SVR_05,SV Road (Goregaon to Malad Subway Jn),P/N,20.6,35.0,0.41,5,0.0,Free Flow / Moderate
2024-07-09 08:00:00,RD_SVR_06,SV Road (Kandivali to Borivali Station West),R/C,19.7,35.0,0.44,6,0.0,Free Flow / Moderate
2024-07-09 08:00:00,RD_LNK_01,New Link Road (Bandra West to Khar Danda),H/W,20.1,35.0,0.43,3,0.0,Free Flow / Moderate
2024-07-09 08:00:00,RD_LNK_02,New Link Road (Juhu Circle to Andheri Infinity Mall),K/W,19.1,35.0,0.45,5,0.0,Free Flow / Moderate
2024-07-09 08:00:00,RD_LNK_03,New Link Road (Oshiwara to Goregaon West / Bangur Nagar),P/S,20.1,35.0,0.43,4,0.0,Free Flow / Moderate
2024-07-09 08:00:00,RD_LNK_04,New Link Road (Malad Inorbit to Mith Chowki),P/N,20.5,35.0,0.41,3,0.0,Free Flow / Moderate
2024-07-09 08:00:00,RD_LNK_05,New Link Road (Kandivali to Dahisar Link Road Extension),R/N,19.8,35.0,0.43,7,0.0,Free Flow / Moderate
2024-07-09 08:00:00,RD_EEH_01,Eastern Express Highway (Sion Circle to Priyadarshini Park),F/N,31.6,55.0,0.43,3,0.0,Free Flow / Moderate
2024-07-09 08:00:00,RD_EEH_02,Eastern Express Highway (Kurla Amar Mahal to Ghatkopar),L,30.6,55.0,0.44,3,0.0,Free Flow / Moderate
2024-07-09 08:00:00,RD_EEH_03,Eastern Express Highway (Ghatkopar to Vikhroli / Godrej),N,29.8,55.0,0.46,3,0.0,Free Flow / Moderate
2024-07-09 08:00:00,RD_EEH_04,Eastern Express Highway (Vikhroli to Bhandup / Mulund Toll),T,30.8,55.0,0.44,5,0.0,Free Flow / Moderate
2024-07-09 08:00:00,RD_LBS_01,Lal Bahadur Shastri (LBS) Marg (Sion to Kurla Kamani),L,20.7,35.0,0.41,4,0.0,Free Flow / Moderate
2024-07-09 08:00:00,RD_LBS_02,LBS Marg (Kurla to Ghatkopar Gandhi Nagar),N,19.0,35.0,0.46,5,0.0,Free Flow / Moderate
2024-07-09 08:00:00,RD_LBS_03,LBS Marg (Ghatkopar to Vikhroli / Kanjurmarg),S,20.3,35.0,0.42,5,0.0,Free Flow / Moderate
2024-07-09 08:00:00,RD_LBS_04,LBS Marg (Bhandup to Mulund Check Naka),T,18.9,35.0,0.46,7,0.0,Free Flow / Moderate
2024-07-09 08:00:00,RD_JVL_01,Jogeshwari-Vikhroli Link Road (JVLR - WEH to Powai),K/E,19.2,35.0,0.45,7,0.0,Free Flow / Moderate
2024-07-09 09:00:00,RD_WEH_01,Western Express Highway (Bandra to Santacruz),H/E,29.3,55.0,0.47,4,0.0,Free Flow / Moderate
2024-07-09 09:00:00,RD_WEH_02,Western Express Highway (Santacruz to Andheri Flyover),K/E,29.2,55.0,0.47,5,0.0,Free Flow / Moderate
2024-07-09 09:00:00,RD_WEH_03,Western Express Highway (Andheri to Goregaon Hub),P/S,29.3,55.0,0.47,4,0.0,Free Flow / Moderate
2024-07-09 09:00:00,RD_WEH_04,Western Express Highway (Goregaon to Borivali National Park),R/C,29.4,55.0,0.47,6,0.0,Free Flow / Moderate
2024-07-09 09:00:00,RD_WEH_05,Western Express Highway (Borivali to Dahisar Toll Naka),R/N,30.5,55.0,0.45,3,0.0,Free Flow / Moderate
2024-07-09 09:00:00,RD_SVR_01,Swami Vivekanand (SV) Road (Bandra Lucky Jn to Khar),H/W,19.3,35.0,0.45,4,0.0,Free Flow / Moderate
2024-07-09 09:00:00,RD_SVR_02,SV Road (Santacruz Milan Subway Approach),H/W,19.7,35.0,0.44,2,0.0,Free Flow / Moderate
2024-07-09 09:00:00,RD_SVR_03,SV Road (Vile Parle to Andheri Station West),K/W,20.6,35.0,0.41,4,0.0,Free Flow / Moderate
2024-07-09 09:00:00,RD_SVR_04,SV Road (Andheri Subway Section to Jogeshwari),K/W,17.3,35.0,0.51,5,0.0,Congested
2024-07-09 09:00:00,RD_SVR_05,SV Road (Goregaon to Malad Subway Jn),P/N,20.7,35.0,0.41,4,0.0,Free Flow / Moderate
2024-07-09 09:00:00,RD_SVR_06,SV Road (Kandivali to Borivali Station West),R/C,20.2,35.0,0.42,5,0.0,Free Flow / Moderate
2024-07-09 09:00:00,RD_LNK_01,New Link Road (Bandra West to Khar Danda),H/W,18.5,35.0,0.47,4,0.0,Free Flow / Moderate
2024-07-09 09:00:00,RD_LNK_02,New Link Road (Juhu Circle to Andheri Infinity Mall),K/W,17.7,35.0,0.49,6,0.0,Congested
2024-07-09 09:00:00,RD_LNK_03,New Link Road (Oshiwara to Goregaon West / Bangur Nagar),P/S,17.6,35.0,0.5,6,0.0,Congested
2024-07-09 09:00:00,RD_LNK_04,New Link Road (Malad Inorbit to Mith Chowki),P/N,19.6,35.0,0.44,4,0.0,Free Flow / Moderate
2024-07-09 09:00:00,RD_LNK_05,New Link Road (Kandivali to Dahisar Link Road Extension),R/N,20.3,35.0,0.42,7,0.0,Free Flow / Moderate
2024-07-09 09:00:00,RD_EEH_01,Eastern Express Highway (Sion Circle to Priyadarshini Park),F/N,28.3,55.0,0.49,3,0.0,Free Flow / Moderate
2024-07-09 09:00:00,RD_EEH_02,Eastern Express Highway (Kurla Amar Mahal to Ghatkopar),L,29.6,55.0,0.46,4,0.0,Free Flow / Moderate
2024-07-09 09:00:00,RD_EEH_03,Eastern Express Highway (Ghatkopar to Vikhroli / Godrej),N,30.4,55.0,0.45,3,0.0,Free Flow / Moderate
2024-07-09 09:00:00,RD_EEH_04,Eastern Express Highway (Vikhroli to Bhandup / Mulund Toll),T,29.0,55.0,0.47,6,0.0,Free Flow / Moderate
2024-07-09 09:00:00,RD_LBS_01,Lal Bahadur Shastri (LBS) Marg (Sion to Kurla Kamani),L,17.6,35.0,0.5,6,0.0,Congested
2024-07-09 09:00:00,RD_LBS_02,LBS Marg (Kurla to Ghatkopar Gandhi Nagar),N,21.2,35.0,0.39,4,0.0,Free Flow / Moderate
2024-07-09 09:00:00,RD_LBS_03,LBS Marg (Ghatkopar to Vikhroli / Kanjurmarg),S,18.1,35.0,0.48,7,0.0,Free Flow / Moderate
2024-07-09 09:00:00,RD_LBS_04,LBS Marg (Bhandup to Mulund Check Naka),T,20.4,35.0,0.42,5,0.0,Free Flow / Moderate
2024-07-09 09:00:00,RD_JVL_01,Jogeshwari-Vikhroli Link Road (JVLR - WEH to Powai),K/E,18.4,35.0,0.47,8,0.0,Free Flow / Moderate
2024-07-09 10:00:00,RD_WEH_01,Western Express Highway (Bandra to Santacruz),H/E,31.9,55.0,0.42,3,0.0,Free Flow / Moderate
2024-07-09 10:00:00,RD_WEH_02,Western Express Highway (Santacruz to Andheri Flyover),K/E,29.0,55.0,0.47,5,0.0,Free Flow / Moderate
2024-07-09 10:00:00,RD_WEH_03,Western Express Highway (Andheri to Goregaon Hub),P/S,29.1,55.0,0.47,4,0.0,Free Flow / Moderate
2024-07-09 10:00:00,RD_WEH_04,Western Express Highway (Goregaon to Borivali National Park),R/C,30.2,55.0,0.45,5,0.0,Free Flow / Moderate
2024-07-09 10:00:00,RD_WEH_05,Western Express Highway (Borivali to Dahisar Toll Naka),R/N,30.5,55.0,0.45,3,0.0,Free Flow / Moderate
2024-07-09 10:00:00,RD_SVR_01,Swami Vivekanand (SV) Road (Bandra Lucky Jn to Khar),H/W,19.1,35.0,0.45,4,0.0,Free Flow / Moderate
2024-07-09 10:00:00,RD_SVR_02,SV Road (Santacruz Milan Subway Approach),H/W,17.5,35.0,0.5,3,0.0,Congested
2024-07-09 10:00:00,RD_SVR_03,SV Road (Vile Parle to Andheri Station West),K/W,19.0,35.0,0.46,5,0.0,Free Flow / Moderate
2024-07-09 10:00:00,RD_SVR_04,SV Road (Andheri Subway Section to Jogeshwari),K/W,18.6,35.0,0.47,4,0.0,Free Flow / Moderate
2024-07-09 10:00:00,RD_SVR_05,SV Road (Goregaon to Malad Subway Jn),P/N,18.5,35.0,0.47,6,0.0,Free Flow / Moderate
2024-07-09 10:00:00,RD_SVR_06,SV Road (Kandivali to Borivali Station West),R/C,19.9,35.0,0.43,5,0.0,Free Flow / Moderate
2024-07-09 10:00:00,RD_LNK_01,New Link Road (Bandra West to Khar Danda),H/W,19.7,35.0,0.44,3,0.0,Free Flow / Moderate
2024-07-09 10:00:00,RD_LNK_02,New Link Road (Juhu Circle to Andheri Infinity Mall),K/W,20.4,35.0,0.42,5,0.0,Free Flow / Moderate
2024-07-09 10:00:00,RD_LNK_03,New Link Road (Oshiwara to Goregaon West / Bangur Nagar),P/S,17.4,35.0,0.5,6,0.0,Congested
2024-07-09 10:00:00,RD_LNK_04,New Link Road (Malad Inorbit to Mith Chowki),P/N,18.1,35.0,0.48,5,0.0,Free Flow / Moderate
2024-07-09 10:00:00,RD_LNK_05,New Link Road (Kandivali to Dahisar Link Road Extension),R/N,20.9,35.0,0.4,6,0.0,Free Flow / Moderate
2024-07-09 10:00:00,RD_EEH_01,Eastern Express Highway (Sion Circle to Priyadarshini Park),F/N,28.7,55.0,0.48,3,0.0,Free Flow / Moderate
2024-07-09 10:00:00,RD_EEH_02,Eastern Express Highway (Kurla Amar Mahal to Ghatkopar),L,31.0,55.0,0.44,3,0.0,Free Flow / Moderate
2024-07-09 10:00:00,RD_EEH_03,Eastern Express Highway (Ghatkopar to Vikhroli / Godrej),N,30.8,55.0,0.44,3,0.0,Free Flow / Moderate
2024-07-09 10:00:00,RD_EEH_04,Eastern Express Highway (Vikhroli to Bhandup / Mulund Toll),T,29.4,55.0,0.47,6,0.0,Free Flow / Moderate
2024-07-09 10:00:00,RD_LBS_01,Lal Bahadur Shastri (LBS) Marg (Sion to Kurla Kamani),L,18.8,35.0,0.46,5,0.0,Free Flow / Moderate
2024-07-09 10:00:00,RD_LBS_02,LBS Marg (Kurla to Ghatkopar Gandhi Nagar),N,18.7,35.0,0.47,6,0.0,Free Flow / Moderate
2024-07-09 10:00:00,RD_LBS_03,LBS Marg (Ghatkopar to Vikhroli / Kanjurmarg),S,20.7,35.0,0.41,5,0.0,Free Flow / Moderate
2024-07-09 10:00:00,RD_LBS_04,LBS Marg (Bhandup to Mulund Check Naka),T,19.8,35.0,0.43,6,0.0,Free Flow / Moderate
2024-07-09 10:00:00,RD_JVL_01,Jogeshwari-Vikhroli Link Road (JVLR - WEH to Powai),K/E,17.4,35.0,0.5,9,0.0,Congested
2024-07-09 11:00:00,RD_WEH_01,Western Express Highway (Bandra to Santacruz),H/E,30.1,55.0,0.45,4,0.0,Free Flow / Moderate
2024-07-09 11:00:00,RD_WEH_02,Western Express Highway (Santacruz to Andheri Flyover),K/E,28.5,55.0,0.48,5,0.0,Free Flow / Moderate
2024-07-09 11:00:00,RD_WEH_03,Western Express Highway (Andheri to Goregaon Hub),P/S,30.1,55.0,0.45,4,0.0,Free Flow / Moderate
2024-07-09 11:00:00,RD_WEH_04,Western Express Highway (Goregaon to Borivali National Park),R/C,29.1,55.0,0.47,6,0.0,Free Flow / Moderate
2024-07-09 11:00:00,RD_WEH_05,Western Express Highway (Borivali to Dahisar Toll Naka),R/N,31.9,55.0,0.42,3,0.0,Free Flow / Moderate
2024-07-09 11:00:00,RD_SVR_01,Swami Vivekanand (SV) Road (Bandra Lucky Jn to Khar),H/W,17.9,35.0,0.49,5,0.0,Congested
2024-07-09 11:00:00,RD_SVR_02,SV Road (Santacruz Milan Subway Approach),H/W,19.3,35.0,0.45,2,0.0,Free Flow / Moderate
2024-07-09 11:00:00,RD_SVR_03,SV Road (Vile Parle to Andheri Station West),K/W,20.1,35.0,0.43,4,0.0,Free Flow / Moderate
2024-07-09 11:00:00,RD_SVR_04,SV Road (Andheri Subway Section to Jogeshwari),K/W,20.8,35.0,0.41,3,0.0,Free Flow / Moderate
2024-07-09 11:00:00,RD_SVR_05,SV Road (Goregaon to Malad Subway Jn),P/N,17.6,35.0,0.5,7,0.0,Congested
2024-07-09 11:00:00,RD_SVR_06,SV Road (Kandivali to Borivali Station West),R/C,18.4,35.0,0.47,7,0.0,Free Flow / Moderate
2024-07-09 11:00:00,RD_LNK_01,New Link Road (Bandra West to Khar Danda),H/W,18.6,35.0,0.47,4,0.0,Free Flow / Moderate
2024-07-09 11:00:00,RD_LNK_02,New Link Road (Juhu Circle to Andheri Infinity Mall),K/W,20.2,35.0,0.42,5,0.0,Free Flow / Moderate
2024-07-09 11:00:00,RD_LNK_03,New Link Road (Oshiwara to Goregaon West / Bangur Nagar),P/S,19.0,35.0,0.46,5,0.0,Free Flow / Moderate
2024-07-09 11:00:00,RD_LNK_04,New Link Road (Malad Inorbit to Mith Chowki),P/N,21.0,35.0,0.4,3,0.0,Free Flow / Moderate
2024-07-09 11:00:00,RD_LNK_05,New Link Road (Kandivali to Dahisar Link Road Extension),R/N,20.3,35.0,0.42,7,0.0,Free Flow / Moderate
2024-07-09 11:00:00,RD_EEH_01,Eastern Express Highway (Sion Circle to Priyadarshini Park),F/N,30.5,55.0,0.45,3,0.0,Free Flow / Moderate
2024-07-09 11:00:00,RD_EEH_02,Eastern Express Highway (Kurla Amar Mahal to Ghatkopar),L,29.9,55.0,0.46,4,0.0,Free Flow / Moderate
2024-07-09 11:00:00,RD_EEH_03,Eastern Express Highway (Ghatkopar to Vikhroli / Godrej),N,31.5,55.0,0.43,3,0.0,Free Flow / Moderate
2024-07-09 11:00:00,RD_EEH_04,Eastern Express Highway (Vikhroli to Bhandup / Mulund Toll),T,30.3,55.0,0.45,6,0.0,Free Flow / Moderate
2024-07-09 11:00:00,RD_LBS_01,Lal Bahadur Shastri (LBS) Marg (Sion to Kurla Kamani),L,19.0,35.0,0.46,5,0.0,Free Flow / Moderate
2024-07-09 11:00:00,RD_LBS_02,LBS Marg (Kurla to Ghatkopar Gandhi Nagar),N,17.7,35.0,0.49,6,0.0,Congested
2024-07-09 11:00:00,RD_LBS_03,LBS Marg (Ghatkopar to Vikhroli / Kanjurmarg),S,17.7,35.0,0.49,7,0.0,Congested
2024-07-09 11:00:00,RD_LBS_04,LBS Marg (Bhandup to Mulund Check Naka),T,17.8,35.0,0.49,7,0.0,Congested
2024-07-09 11:00:00,RD_JVL_01,Jogeshwari-Vikhroli Link Road (JVLR - WEH to Powai),K/E,19.5,35.0,0.44,7,0.0,Free Flow / Moderate
2024-07-09 12:00:00,RD_WEH_01,Western Express Highway (Bandra to Santacruz),H/E,25.8,55.0,0.53,5,18.8,Free Flow / Moderate
2024-07-09 12:00:00,RD_WEH_02,Western Express Highway (Santacruz to Andheri Flyover),K/E,30.5,55.0,0.45,4,14.4,Free Flow / Moderate
2024-07-09 12:00:00,RD_WEH_03,Western Express Highway (Andheri to Goregaon Hub),P/S,34.1,55.0,0.38,3,12.2,Free Flow / Moderate
2024-07-09 12:00:00,RD_WEH_04,Western Express Highway (Goregaon to Borivali National Park),R/C,32.1,55.0,0.42,5,10.8,Free Flow / Moderate
2024-07-09 12:00:00,RD_WEH_05,Western Express Highway (Borivali to Dahisar Toll Naka),R/N,15.2,55.0,0.72,11,27.6,Congested
2024-07-09 12:00:00,RD_SVR_01,Swami Vivekanand (SV) Road (Bandra Lucky Jn to Khar),H/W,3.5,35.0,0.9,49,26.9,Severe Gridlock / Blocked
2024-07-09 12:00:00,RD_SVR_02,SV Road (Santacruz Milan Subway Approach),H/W,3.5,35.0,0.9,32,31.1,Severe Gridlock / Blocked
2024-07-09 12:00:00,RD_SVR_03,SV Road (Vile Parle to Andheri Station West),K/W,3.5,35.0,0.9,54,37.0,Severe Gridlock / Blocked
2024-07-09 12:00:00,RD_SVR_04,SV Road (Andheri Subway Section to Jogeshwari),K/W,3.5,35.0,0.9,46,31.0,Severe Gridlock / Blocked
2024-07-09 12:00:00,RD_SVR_05,SV Road (Goregaon to Malad Subway Jn),P/N,3.5,35.0,0.9,64,34.3,Severe Gridlock / Blocked
2024-07-09 12:00:00,RD_SVR_06,SV Road (Kandivali to Borivali Station West),R/C,3.5,35.0,0.9,70,22.1,Severe Gridlock / Blocked
2024-07-09 12:00:00,RD_LNK_01,New Link Road (Bandra West to Khar Danda),H/W,3.5,35.0,0.9,43,26.9,Severe Gridlock / Blocked
2024-07-09 12:00:00,RD_LNK_02,New Link Road (Juhu Circle to Andheri Infinity Mall),K/W,3.5,35.0,0.9,63,32.8,Severe Gridlock / Blocked
2024-07-09 12:00:00,RD_LNK_03,New Link Road (Oshiwara to Goregaon West / Bangur Nagar),P/S,3.5,35.0,0.9,55,30.3,Severe Gridlock / Blocked
2024-07-09 12:00:00,RD_LNK_04,New Link Road (Malad Inorbit to Mith Chowki),P/N,4.6,35.0,0.87,36,23.7,Severe Gridlock / Blocked
2024-07-09 12:00:00,RD_LNK_05,New Link Road (Kandivali to Dahisar Link Road Extension),R/N,4.5,35.0,0.87,67,29.4,Severe Gridlock / Blocked
2024-07-09 12:00:00,RD_EEH_01,Eastern Express Highway (Sion Circle to Priyadarshini Park),F/N,8.0,55.0,0.85,24,41.0,Congested
2024-07-09 12:00:00,RD_EEH_02,Eastern Express Highway (Kurla Amar Mahal to Ghatkopar),L,19.0,55.0,0.65,9,23.8,Free Flow / Moderate
2024-07-09 12:00:00,RD_EEH_03,Eastern Express Highway (Ghatkopar to Vikhroli / Godrej),N,25.5,55.0,0.54,5,23.7,Free Flow / Moderate
2024-07-09 12:00:00,RD_EEH_04,Eastern Express Highway (Vikhroli to Bhandup / Mulund Toll),T,35.0,55.0,0.36,4,0.9,Free Flow / Moderate
2024-07-09 12:00:00,RD_LBS_01,Lal Bahadur Shastri (LBS) Marg (Sion to Kurla Kamani),L,3.5,35.0,0.9,60,32.5,Severe Gridlock / Blocked
2024-07-09 12:00:00,RD_LBS_02,LBS Marg (Kurla to Ghatkopar Gandhi Nagar),N,7.3,35.0,0.79,26,25.8,Severe Gridlock / Blocked
2024-07-09 12:00:00,RD_LBS_03,LBS Marg (Ghatkopar to Vikhroli / Kanjurmarg),S,15.1,35.0,0.57,10,17.5,Congested
2024-07-09 12:00:00,RD_LBS_04,LBS Marg (Bhandup to Mulund Check Naka),T,23.2,35.0,0.34,4,6.8,Free Flow / Moderate
2024-07-09 12:00:00,RD_JVL_01,Jogeshwari-Vikhroli Link Road (JVLR - WEH to Powai),K/E,27.5,35.0,0.21,2,0.0,Free Flow / Moderate
2024-07-09 13:00:00,RD_WEH_01,Western Express Highway (Bandra to Santacruz),H/E,18.0,55.0,0.67,10,22.7,Free Flow / Moderate
2024-07-09 13:00:00,RD_WEH_02,Western Express Highway (Santacruz to Andheri Flyover),K/E,32.4,55.0,0.41,3,9.1,Free Flow / Moderate
2024-07-09 13:00:00,RD_WEH_03,Western Express Highway (Andheri to Goregaon Hub),P/S,33.7,55.0,0.39,3,13.9,Free Flow / Moderate
2024-07-09 13:00:00,RD_WEH_04,Western Express Highway (Goregaon to Borivali National Park),R/C,37.3,55.0,0.32,3,6.7,Free Flow / Moderate
2024-07-09 13:00:00,RD_WEH_05,Western Express Highway (Borivali to Dahisar Toll Naka),R/N,21.1,55.0,0.62,7,21.7,Free Flow / Moderate
2024-07-09 13:00:00,RD_SVR_01,Swami Vivekanand (SV) Road (Bandra Lucky Jn to Khar),H/W,3.5,35.0,0.9,49,27.3,Severe Gridlock / Blocked
2024-07-09 13:00:00,RD_SVR_02,SV Road (Santacruz Milan Subway Approach),H/W,3.5,35.0,0.9,32,38.3,Severe Gridlock / Blocked
2024-07-09 13:00:00,RD_SVR_03,SV Road (Vile Parle to Andheri Station West),K/W,3.5,35.0,0.9,54,35.7,Severe Gridlock / Blocked
2024-07-09 13:00:00,RD_SVR_04,SV Road (Andheri Subway Section to Jogeshwari),K/W,3.5,35.0,0.9,46,37.6,Severe Gridlock / Blocked
2024-07-09 13:00:00,RD_SVR_05,SV Road (Goregaon to Malad Subway Jn),P/N,6.9,35.0,0.8,29,24.0,Severe Gridlock / Blocked
2024-07-09 13:00:00,RD_SVR_06,SV Road (Kandivali to Borivali Station West),R/C,7.9,35.0,0.77,27,22.2,Severe Gridlock / Blocked
2024-07-09 13:00:00,RD_LNK_01,New Link Road (Bandra West to Khar Danda),H/W,3.5,35.0,0.9,43,33.0,Severe Gridlock / Blocked
2024-07-09 13:00:00,RD_LNK_02,New Link Road (Juhu Circle to Andheri Infinity Mall),K/W,3.6,35.0,0.9,61,31.8,Severe Gridlock / Blocked
2024-07-09 13:00:00,RD_LNK_03,New Link Road (Oshiwara to Goregaon West / Bangur Nagar),P/S,4.0,35.0,0.89,47,26.7,Severe Gridlock / Blocked
2024-07-09 13:00:00,RD_LNK_04,New Link Road (Malad Inorbit to Mith Chowki),P/N,3.5,35.0,0.9,49,25.5,Severe Gridlock / Blocked
2024-07-09 13:00:00,RD_LNK_05,New Link Road (Kandivali to Dahisar Link Road Extension),R/N,4.4,35.0,0.87,69,24.6,Severe Gridlock / Blocked
2024-07-09 13:00:00,RD_EEH_01,Eastern Express Highway (Sion Circle to Priyadarshini Park),F/N,6.7,55.0,0.88,29,36.9,Severe Gridlock / Blocked
2024-07-09 13:00:00,RD_EEH_02,Eastern Express Highway (Kurla Amar Mahal to Ghatkopar),L,26.4,55.0,0.52,5,23.6,Free Flow / Moderate
2024-07-09 13:00:00,RD_EEH_03,Eastern Express Highway (Ghatkopar to Vikhroli / Godrej),N,29.1,55.0,0.47,4,12.1,Free Flow / Moderate
2024-07-09 13:00:00,RD_EEH_04,Eastern Express Highway (Vikhroli to Bhandup / Mulund Toll),T,31.3,55.0,0.43,5,9.6,Free Flow / Moderate
2024-07-09 13:00:00,RD_LBS_01,Lal Bahadur Shastri (LBS) Marg (Sion to Kurla Kamani),L,3.5,35.0,0.9,60,39.1,Severe Gridlock / Blocked
2024-07-09 13:00:00,RD_LBS_02,LBS Marg (Kurla to Ghatkopar Gandhi Nagar),N,3.5,35.0,0.9,63,29.7,Severe Gridlock / Blocked
2024-07-09 13:00:00,RD_LBS_03,LBS Marg (Ghatkopar to Vikhroli / Kanjurmarg),S,14.6,35.0,0.58,10,11.6,Congested
2024-07-09 13:00:00,RD_LBS_04,LBS Marg (Bhandup to Mulund Check Naka),T,25.0,35.0,0.29,3,0.8,Free Flow / Moderate
2024-07-09 13:00:00,RD_JVL_01,Jogeshwari-Vikhroli Link Road (JVLR - WEH to Powai),K/E,21.2,35.0,0.39,6,0.0,Free Flow / Moderate
2024-07-09 14:00:00,RD_WEH_01,Western Express Highway (Bandra to Santacruz),H/E,26.5,55.0,0.52,5,18.3,Free Flow / Moderate
2024-07-09 14:00:00,RD_WEH_02,Western Express Highway (Santacruz to Andheri Flyover),K/E,31.0,55.0,0.44,4,10.0,Free Flow / Moderate
2024-07-09 14:00:00,RD_WEH_03,Western Express Highway (Andheri to Goregaon Hub),P/S,34.9,55.0,0.37,3,13.1,Free Flow / Moderate
2024-07-09 14:00:00,RD_WEH_04,Western Express Highway (Goregaon to Borivali National Park),R/C,39.0,55.0,0.29,2,0.0,Free Flow / Moderate
2024-07-09 14:00:00,RD_WEH_05,Western Express Highway (Borivali to Dahisar Toll Naka),R/N,21.6,55.0,0.61,6,29.2,Free Flow / Moderate
2024-07-09 14:00:00,RD_SVR_01,Swami Vivekanand (SV) Road (Bandra Lucky Jn to Khar),H/W,5.7,35.0,0.84,28,25.3,Severe Gridlock / Blocked
2024-07-09 14:00:00,RD_SVR_02,SV Road (Santacruz Milan Subway Approach),H/W,3.5,35.0,0.9,32,33.1,Severe Gridlock / Blocked
2024-07-09 14:00:00,RD_SVR_03,SV Road (Vile Parle to Andheri Station West),K/W,3.5,35.0,0.9,54,30.5,Severe Gridlock / Blocked
2024-07-09 14:00:00,RD_SVR_04,SV Road (Andheri Subway Section to Jogeshwari),K/W,3.5,35.0,0.9,46,38.1,Severe Gridlock / Blocked
2024-07-09 14:00:00,RD_SVR_05,SV Road (Goregaon to Malad Subway Jn),P/N,3.5,35.0,0.9,64,30.0,Severe Gridlock / Blocked
2024-07-09 14:00:00,RD_SVR_06,SV Road (Kandivali to Borivali Station West),R/C,9.4,35.0,0.73,21,15.0,Congested
2024-07-09 14:00:00,RD_LNK_01,New Link Road (Bandra West to Khar Danda),H/W,3.5,35.0,0.9,43,35.2,Severe Gridlock / Blocked
2024-07-09 14:00:00,RD_LNK_02,New Link Road (Juhu Circle to Andheri Infinity Mall),K/W,3.6,35.0,0.9,61,38.8,Severe Gridlock / Blocked
2024-07-09 14:00:00,RD_LNK_03,New Link Road (Oshiwara to Goregaon West / Bangur Nagar),P/S,3.5,35.0,0.9,55,28.6,Severe Gridlock / Blocked
2024-07-09 14:00:00,RD_LNK_04,New Link Road (Malad Inorbit to Mith Chowki),P/N,3.5,35.0,0.9,49,23.7,Severe Gridlock / Blocked
2024-07-09 14:00:00,RD_LNK_05,New Link Road (Kandivali to Dahisar Link Road Extension),R/N,7.3,35.0,0.79,37,20.9,Severe Gridlock / Blocked
2024-07-09 14:00:00,RD_EEH_01,Eastern Express Highway (Sion Circle to Priyadarshini Park),F/N,19.7,55.0,0.64,7,29.4,Free Flow / Moderate
2024-07-09 14:00:00,RD_EEH_02,Eastern Express Highway (Kurla Amar Mahal to Ghatkopar),L,17.8,55.0,0.68,10,30.6,Congested
2024-07-09 14:00:00,RD_EEH_03,Eastern Express Highway (Ghatkopar to Vikhroli / Godrej),N,24.7,55.0,0.55,5,15.4,Free Flow / Moderate
2024-07-09 14:00:00,RD_EEH_04,Eastern Express Highway (Vikhroli to Bhandup / Mulund Toll),T,28.9,55.0,0.47,6,8.5,Free Flow / Moderate
2024-07-09 14:00:00,RD_LBS_01,Lal Bahadur Shastri (LBS) Marg (Sion to Kurla Kamani),L,3.5,35.0,0.9,60,40.5,Severe Gridlock / Blocked
2024-07-09 14:00:00,RD_LBS_02,LBS Marg (Kurla to Ghatkopar Gandhi Nagar),N,3.5,35.0,0.9,63,32.7,Severe Gridlock / Blocked
2024-07-09 14:00:00,RD_LBS_03,LBS Marg (Ghatkopar to Vikhroli / Kanjurmarg),S,3.5,35.0,0.9,69,22.9,Severe Gridlock / Blocked
2024-07-09 14:00:00,RD_LBS_04,LBS Marg (Bhandup to Mulund Check Naka),T,19.1,35.0,0.45,6,4.3,Free Flow / Moderate
2024-07-09 14:00:00,RD_JVL_01,Jogeshwari-Vikhroli Link Road (JVLR - WEH to Powai),K/E,21.8,35.0,0.38,5,0.0,Free Flow / Moderate
2024-07-09 15:00:00,RD_WEH_01,Western Express Highway (Bandra to Santacruz),H/E,32.0,55.0,0.42,3,14.5,Free Flow / Moderate
2024-07-09 15:00:00,RD_WEH_02,Western Express Highway (Santacruz to Andheri Flyover),K/E,31.2,55.0,0.43,4,10.5,Free Flow / Moderate
2024-07-09 15:00:00,RD_WEH_03,Western Express Highway (Andheri to Goregaon Hub),P/S,33.3,55.0,0.39,3,10.4,Free Flow / Moderate
2024-07-09 15:00:00,RD_WEH_04,Western Express Highway (Goregaon to Borivali National Park),R/C,30.6,55.0,0.44,5,12.1,Free Flow / Moderate
2024-07-09 15:00:00,RD_WEH_05,Western Express Highway (Borivali to Dahisar Toll Naka),R/N,20.8,55.0,0.62,7,20.2,Free Flow / Moderate
2024-07-09 15:00:00,RD_SVR_01,Swami Vivekanand (SV) Road (Bandra Lucky Jn to Khar),H/W,3.5,35.0,0.9,49,27.4,Severe Gridlock / Blocked
2024-07-09 15:00:00,RD_SVR_02,SV Road (Santacruz Milan Subway Approach),H/W,3.5,35.0,0.9,32,29.8,Severe Gridlock / Blocked
2024-07-09 15:00:00,RD_SVR_03,SV Road (Vile Parle to Andheri Station West),K/W,3.5,35.0,0.9,54,29.5,Severe Gridlock / Blocked
2024-07-09 15:00:00,RD_SVR_04,SV Road (Andheri Subway Section to Jogeshwari),K/W,3.5,35.0,0.9,46,32.7,Severe Gridlock / Blocked
2024-07-09 15:00:00,RD_SVR_05,SV Road (Goregaon to Malad Subway Jn),P/N,3.5,35.0,0.9,64,36.2,Severe Gridlock / Blocked
2024-07-09 15:00:00,RD_SVR_06,SV Road (Kandivali to Borivali Station West),R/C,10.8,35.0,0.69,17,15.9,Congested
2024-07-09 15:00:00,RD_LNK_01,New Link Road (Bandra West to Khar Danda),H/W,3.5,35.0,0.9,43,27.7,Severe Gridlock / Blocked
2024-07-09 15:00:00,RD_LNK_02,New Link Road (Juhu Circle to Andheri Infinity Mall),K/W,3.5,35.0,0.9,63,32.1,Severe Gridlock / Blocked
2024-07-09 15:00:00,RD_LNK_03,New Link Road (Oshiwara to Goregaon West / Bangur Nagar),P/S,3.5,35.0,0.9,55,28.2,Severe Gridlock / Blocked
2024-07-09 15:00:00,RD_LNK_04,New Link Road (Malad Inorbit to Mith Chowki),P/N,7.1,35.0,0.8,21,20.8,Severe Gridlock / Blocked
2024-07-09 15:00:00,RD_LNK_05,New Link Road (Kandivali to Dahisar Link Road Extension),R/N,9.4,35.0,0.73,27,21.8,Congested
2024-07-09 15:00:00,RD_EEH_01,Eastern Express Highway (Sion Circle to Priyadarshini Park),F/N,17.1,55.0,0.69,9,31.6,Congested
2024-07-09 15:00:00,RD_EEH_02,Eastern Express Highway (Kurla Amar Mahal to Ghatkopar),L,16.3,55.0,0.7,11,31.5,Congested
2024-07-09 15:00:00,RD_EEH_03,Eastern Express Highway (Ghatkopar to Vikhroli / Godrej),N,22.1,55.0,0.6,6,21.5,Free Flow / Moderate
2024-07-09 15:00:00,RD_EEH_04,Eastern Express Highway (Vikhroli to Bhandup / Mulund Toll),T,35.3,55.0,0.36,4,6.9,Free Flow / Moderate
2024-07-09 15:00:00,RD_LBS_01,Lal Bahadur Shastri (LBS) Marg (Sion to Kurla Kamani),L,3.5,35.0,0.9,60,33.6,Severe Gridlock / Blocked
2024-07-09 15:00:00,RD_LBS_02,LBS Marg (Kurla to Ghatkopar Gandhi Nagar),N,3.5,35.0,0.9,63,34.5,Severe Gridlock / Blocked
2024-07-09 15:00:00,RD_LBS_03,LBS Marg (Ghatkopar to Vikhroli / Kanjurmarg),S,4.9,35.0,0.86,47,23.5,Severe Gridlock / Blocked
2024-07-09 15:00:00,RD_LBS_04,LBS Marg (Bhandup to Mulund Check Naka),T,21.0,35.0,0.4,5,0.0,Free Flow / Moderate
2024-07-09 15:00:00,RD_JVL_01,Jogeshwari-Vikhroli Link Road (JVLR - WEH to Powai),K/E,17.4,35.0,0.5,9,0.0,Congested
2024-07-09 16:00:00,RD_WEH_01,Western Express Highway (Bandra to Santacruz),H/E,27.6,55.0,0.5,4,15.8,Free Flow / Moderate
2024-07-09 16:00:00,RD_WEH_02,Western Express Highway (Santacruz to Andheri Flyover),K/E,32.6,55.0,0.41,3,6.6,Free Flow / Moderate
2024-07-09 16:00:00,RD_WEH_03,Western Express Highway (Andheri to Goregaon Hub),P/S,34.0,55.0,0.38,3,3.5,Free Flow / Moderate
2024-07-09 16:00:00,RD_WEH_04,Western Express Highway (Goregaon to Borivali National Park),R/C,35.1,55.0,0.36,4,9.0,Free Flow / Moderate
2024-07-09 16:00:00,RD_WEH_05,Western Express Highway (Borivali to Dahisar Toll Naka),R/N,15.3,55.0,0.72,11,24.6,Congested
2024-07-09 16:00:00,RD_SVR_01,Swami Vivekanand (SV) Road (Bandra Lucky Jn to Khar),H/W,8.4,35.0,0.76,17,21.8,Congested
2024-07-09 16:00:00,RD_SVR_02,SV Road (Santacruz Milan Subway Approach),H/W,3.5,35.0,0.9,32,36.1,Severe Gridlock / Blocked
2024-07-09 16:00:00,RD_SVR_03,SV Road (Vile Parle to Andheri Station West),K/W,3.5,35.0,0.9,54,29.7,Severe Gridlock / Blocked
2024-07-09 16:00:00,RD_SVR_04,SV Road (Andheri Subway Section to Jogeshwari),K/W,3.5,35.0,0.9,46,38.6,Severe Gridlock / Blocked
2024-07-09 16:00:00,RD_SVR_05,SV Road (Goregaon to Malad Subway Jn),P/N,3.5,35.0,0.9,64,37.6,Severe Gridlock / Blocked
2024-07-09 16:00:00,RD_SVR_06,SV Road (Kandivali to Borivali Station West),R/C,3.5,35.0,0.9,70,23.5,Severe Gridlock / Blocked
2024-07-09 16:00:00,RD_LNK_01,New Link Road (Bandra West to Khar Danda),H/W,3.5,35.0,0.9,43,31.5,Severe Gridlock / Blocked
2024-07-09 16:00:00,RD_LNK_02,New Link Road (Juhu Circle to Andheri Infinity Mall),K/W,4.9,35.0,0.86,43,24.9,Severe Gridlock / Blocked
2024-07-09 16:00:00,RD_LNK_03,New Link Road (Oshiwara to Goregaon West / Bangur Nagar),P/S,3.5,35.0,0.9,55,34.4,Severe Gridlock / Blocked
2024-07-09 16:00:00,RD_LNK_04,New Link Road (Malad Inorbit to Mith Chowki),P/N,3.5,35.0,0.9,49,30.7,Severe Gridlock / Blocked
2024-07-09 16:00:00,RD_LNK_05,New Link Road (Kandivali to Dahisar Link Road Extension),R/N,3.5,35.0,0.9,89,30.3,Severe Gridlock / Blocked
2024-07-09 16:00:00,RD_EEH_01,Eastern Express Highway (Sion Circle to Priyadarshini Park),F/N,3.5,55.0,0.94,60,42.7,Severe Gridlock / Blocked
2024-07-09 16:00:00,RD_EEH_02,Eastern Express Highway (Kurla Amar Mahal to Ghatkopar),L,22.9,55.0,0.58,6,26.6,Free Flow / Moderate
2024-07-09 16:00:00,RD_EEH_03,Eastern Express Highway (Ghatkopar to Vikhroli / Godrej),N,23.8,55.0,0.57,6,19.3,Free Flow / Moderate
2024-07-09 16:00:00,RD_EEH_04,Eastern Express Highway (Vikhroli to Bhandup / Mulund Toll),T,41.1,55.0,0.25,2,4.3,Free Flow / Moderate
2024-07-09 16:00:00,RD_LBS_01,Lal Bahadur Shastri (LBS) Marg (Sion to Kurla Kamani),L,3.5,35.0,0.9,60,43.3,Severe Gridlock / Blocked
2024-07-09 16:00:00,RD_LBS_02,LBS Marg (Kurla to Ghatkopar Gandhi Nagar),N,3.5,35.0,0.9,63,31.6,Severe Gridlock / Blocked
2024-07-09 16:00:00,RD_LBS_03,LBS Marg (Ghatkopar to Vikhroli / Kanjurmarg),S,10.7,35.0,0.69,17,11.2,Congested
2024-07-09 16:00:00,RD_LBS_04,LBS Marg (Bhandup to Mulund Check Naka),T,17.4,35.0,0.5,8,6.9,Congested
2024-07-09 16:00:00,RD_JVL_01,Jogeshwari-Vikhroli Link Road (JVLR - WEH to Powai),K/E,22.0,35.0,0.37,5,0.0,Free Flow / Moderate
2024-07-09 17:00:00,RD_WEH_01,Western Express Highway (Bandra to Santacruz),H/E,7.0,55.0,0.87,33,22.0,Severe Gridlock / Blocked
2024-07-09 17:00:00,RD_WEH_02,Western Express Highway (Santacruz to Andheri Flyover),K/E,11.0,55.0,0.8,22,17.3,Congested
2024-07-09 17:00:00,RD_WEH_03,Western Express Highway (Andheri to Goregaon Hub),P/S,15.5,55.0,0.72,13,8.3,Congested
2024-07-09 17:00:00,RD_WEH_04,Western Express Highway (Goregaon to Borivali National Park),R/C,11.6,55.0,0.79,26,11.3,Congested
2024-07-09 17:00:00,RD_WEH_05,Western Express Highway (Borivali to Dahisar Toll Naka),R/N,3.5,55.0,0.94,64,26.4,Severe Gridlock / Blocked
2024-07-09 17:00:00,RD_SVR_01,Swami Vivekanand (SV) Road (Bandra Lucky Jn to Khar),H/W,3.5,35.0,0.9,49,26.8,Severe Gridlock / Blocked
2024-07-09 17:00:00,RD_SVR_02,SV Road (Santacruz Milan Subway Approach),H/W,3.5,35.0,0.9,32,33.0,Severe Gridlock / Blocked
2024-07-09 17:00:00,RD_SVR_03,SV Road (Vile Parle to Andheri Station West),K/W,3.5,35.0,0.9,54,31.5,Severe Gridlock / Blocked
2024-07-09 17:00:00,RD_SVR_04,SV Road (Andheri Subway Section to Jogeshwari),K/W,3.5,35.0,0.9,46,32.4,Severe Gridlock / Blocked
2024-07-09 17:00:00,RD_SVR_05,SV Road (Goregaon to Malad Subway Jn),P/N,3.5,35.0,0.9,64,35.5,Severe Gridlock / Blocked
2024-07-09 17:00:00,RD_SVR_06,SV Road (Kandivali to Borivali Station West),R/C,3.5,35.0,0.9,70,18.2,Severe Gridlock / Blocked
2024-07-09 17:00:00,RD_LNK_01,New Link Road (Bandra West to Khar Danda),H/W,3.5,35.0,0.9,43,27.8,Severe Gridlock / Blocked
2024-07-09 17:00:00,RD_LNK_02,New Link Road (Juhu Circle to Andheri Infinity Mall),K/W,3.5,35.0,0.9,63,32.5,Severe Gridlock / Blocked
2024-07-09 17:00:00,RD_LNK_03,New Link Road (Oshiwara to Goregaon West / Bangur Nagar),P/S,3.5,35.0,0.9,55,25.3,Severe Gridlock / Blocked
2024-07-09 17:00:00,RD_LNK_04,New Link Road (Malad Inorbit to Mith Chowki),P/N,3.5,35.0,0.9,49,33.2,Severe Gridlock / Blocked
2024-07-09 17:00:00,RD_LNK_05,New Link Road (Kandivali to Dahisar Link Road Extension),R/N,3.5,35.0,0.9,89,28.7,Severe Gridlock / Blocked
2024-07-09 17:00:00,RD_EEH_01,Eastern Express Highway (Sion Circle to Priyadarshini Park),F/N,3.5,55.0,0.94,60,40.7,Severe Gridlock / Blocked
2024-07-09 17:00:00,RD_EEH_02,Eastern Express Highway (Kurla Amar Mahal to Ghatkopar),L,3.5,55.0,0.94,72,30.0,Severe Gridlock / Blocked
2024-07-09 17:00:00,RD_EEH_03,Eastern Express Highway (Ghatkopar to Vikhroli / Godrej),N,15.9,55.0,0.71,11,12.1,Congested
2024-07-09 17:00:00,RD_EEH_04,Eastern Express Highway (Vikhroli to Bhandup / Mulund Toll),T,12.8,55.0,0.77,24,3.4,Congested
2024-07-09 17:00:00,RD_LBS_01,Lal Bahadur Shastri (LBS) Marg (Sion to Kurla Kamani),L,3.5,35.0,0.9,60,37.7,Severe Gridlock / Blocked
2024-07-09 17:00:00,RD_LBS_02,LBS Marg (Kurla to Ghatkopar Gandhi Nagar),N,3.5,35.0,0.9,63,33.8,Severe Gridlock / Blocked
2024-07-09 17:00:00,RD_LBS_03,LBS Marg (Ghatkopar to Vikhroli / Kanjurmarg),S,3.5,35.0,0.9,69,17.5,Severe Gridlock / Blocked
2024-07-09 17:00:00,RD_LBS_04,LBS Marg (Bhandup to Mulund Check Naka),T,7.0,35.0,0.8,32,4.2,Severe Gridlock / Blocked
2024-07-09 17:00:00,RD_JVL_01,Jogeshwari-Vikhroli Link Road (JVLR - WEH to Powai),K/E,8.0,35.0,0.77,31,0.0,Congested
2024-07-09 18:00:00,RD_WEH_01,Western Express Highway (Bandra to Santacruz),H/E,3.5,55.0,0.94,72,24.4,Severe Gridlock / Blocked
2024-07-09 18:00:00,RD_WEH_02,Western Express Highway (Santacruz to Andheri Flyover),K/E,15.6,55.0,0.72,14,8.6,Congested
2024-07-09 18:00:00,RD_WEH_03,Western Express Highway (Andheri to Goregaon Hub),P/S,20.1,55.0,0.63,9,3.9,Free Flow / Moderate
2024-07-09 18:00:00,RD_WEH_04,Western Express Highway (Goregaon to Borivali National Park),R/C,7.6,55.0,0.86,44,12.0,Severe Gridlock / Blocked
2024-07-09 18:00:00,RD_WEH_05,Western Express Highway (Borivali to Dahisar Toll Naka),R/N,3.8,55.0,0.93,58,20.5,Severe Gridlock / Blocked
2024-07-09 18:00:00,RD_SVR_01,Swami Vivekanand (SV) Road (Bandra Lucky Jn to Khar),H/W,3.5,35.0,0.9,49,31.8,Severe Gridlock / Blocked
2024-07-09 18:00:00,RD_SVR_02,SV Road (Santacruz Milan Subway Approach),H/W,3.5,35.0,0.9,32,29.8,Severe Gridlock / Blocked
2024-07-09 18:00:00,RD_SVR_03,SV Road (Vile Parle to Andheri Station West),K/W,3.5,35.0,0.9,54,36.8,Severe Gridlock / Blocked
2024-07-09 18:00:00,RD_SVR_04,SV Road (Andheri Subway Section to Jogeshwari),K/W,3.5,35.0,0.9,46,39.4,Severe Gridlock / Blocked
2024-07-09 18:00:00,RD_SVR_05,SV Road (Goregaon to Malad Subway Jn),P/N,3.5,35.0,0.9,64,27.3,Severe Gridlock / Blocked
2024-07-09 18:00:00,RD_SVR_06,SV Road (Kandivali to Borivali Station West),R/C,3.5,35.0,0.9,70,16.8,Severe Gridlock / Blocked
2024-07-09 18:00:00,RD_LNK_01,New Link Road (Bandra West to Khar Danda),H/W,3.5,35.0,0.9,43,31.4,Severe Gridlock / Blocked
2024-07-09 18:00:00,RD_LNK_02,New Link Road (Juhu Circle to Andheri Infinity Mall),K/W,3.5,35.0,0.9,63,24.4,Severe Gridlock / Blocked
2024-07-09 18:00:00,RD_LNK_03,New Link Road (Oshiwara to Goregaon West / Bangur Nagar),P/S,3.5,35.0,0.9,55,32.7,Severe Gridlock / Blocked
2024-07-09 18:00:00,RD_LNK_04,New Link Road (Malad Inorbit to Mith Chowki),P/N,3.5,35.0,0.9,49,21.4,Severe Gridlock / Blocked
2024-07-09 18:00:00,RD_LNK_05,New Link Road (Kandivali to Dahisar Link Road Extension),R/N,3.5,35.0,0.9,89,21.6,Severe Gridlock / Blocked
2024-07-09 18:00:00,RD_EEH_01,Eastern Express Highway (Sion Circle to Priyadarshini Park),F/N,3.5,55.0,0.94,60,31.3,Severe Gridlock / Blocked
2024-07-09 18:00:00,RD_EEH_02,Eastern Express Highway (Kurla Amar Mahal to Ghatkopar),L,3.5,55.0,0.94,72,32.6,Severe Gridlock / Blocked
2024-07-09 18:00:00,RD_EEH_03,Eastern Express Highway (Ghatkopar to Vikhroli / Godrej),N,8.3,55.0,0.85,25,22.8,Congested
2024-07-09 18:00:00,RD_EEH_04,Eastern Express Highway (Vikhroli to Bhandup / Mulund Toll),T,22.4,55.0,0.59,10,1.5,Free Flow / Moderate
2024-07-09 18:00:00,RD_LBS_01,Lal Bahadur Shastri (LBS) Marg (Sion to Kurla Kamani),L,3.5,35.0,0.9,60,33.6,Severe Gridlock / Blocked
2024-07-09 18:00:00,RD_LBS_02,LBS Marg (Kurla to Ghatkopar Gandhi Nagar),N,3.5,35.0,0.9,63,28.0,Severe Gridlock / Blocked
2024-07-09 18:00:00,RD_LBS_03,LBS Marg (Ghatkopar to Vikhroli / Kanjurmarg),S,3.5,35.0,0.9,69,20.1,Severe Gridlock / Blocked
2024-07-09 18:00:00,RD_LBS_04,LBS Marg (Bhandup to Mulund Check Naka),T,7.7,35.0,0.78,29,0.0,Severe Gridlock / Blocked
2024-07-09 18:00:00,RD_JVL_01,Jogeshwari-Vikhroli Link Road (JVLR - WEH to Powai),K/E,4.9,35.0,0.86,56,0.0,Severe Gridlock / Blocked
2024-07-09 19:00:00,RD_WEH_01,Western Express Highway (Bandra to Santacruz),H/E,3.5,55.0,0.94,72,19.8,Severe Gridlock / Blocked
2024-07-09 19:00:00,RD_WEH_02,Western Express Highway (Santacruz to Andheri Flyover),K/E,12.3,55.0,0.78,19,6.6,Congested
2024-07-09 19:00:00,RD_WEH_03,Western Express Highway (Andheri to Goregaon Hub),P/S,16.6,55.0,0.7,12,9.8,Congested
2024-07-09 19:00:00,RD_WEH_04,Western Express Highway (Goregaon to Borivali National Park),R/C,17.8,55.0,0.68,14,0.4,Congested
2024-07-09 19:00:00,RD_WEH_05,Western Express Highway (Borivali to Dahisar Toll Naka),R/N,3.8,55.0,0.93,58,25.3,Severe Gridlock / Blocked
2024-07-09 19:00:00,RD_SVR_01,Swami Vivekanand (SV) Road (Bandra Lucky Jn to Khar),H/W,3.5,35.0,0.9,49,24.0,Severe Gridlock / Blocked
2024-07-09 19:00:00,RD_SVR_02,SV Road (Santacruz Milan Subway Approach),H/W,3.5,35.0,0.9,32,30.5,Severe Gridlock / Blocked
2024-07-09 19:00:00,RD_SVR_03,SV Road (Vile Parle to Andheri Station West),K/W,3.5,35.0,0.9,54,33.4,Severe Gridlock / Blocked
2024-07-09 19:00:00,RD_SVR_04,SV Road (Andheri Subway Section to Jogeshwari),K/W,3.5,35.0,0.9,46,43.4,Severe Gridlock / Blocked
2024-07-09 19:00:00,RD_SVR_05,SV Road (Goregaon to Malad Subway Jn),P/N,3.5,35.0,0.9,64,36.7,Severe Gridlock / Blocked
2024-07-09 19:00:00,RD_SVR_06,SV Road (Kandivali to Borivali Station West),R/C,3.5,35.0,0.9,70,22.3,Severe Gridlock / Blocked
2024-07-09 19:00:00,RD_LNK_01,New Link Road (Bandra West to Khar Danda),H/W,3.5,35.0,0.9,43,22.8,Severe Gridlock / Blocked
2024-07-09 19:00:00,RD_LNK_02,New Link Road (Juhu Circle to Andheri Infinity Mall),K/W,3.5,35.0,0.9,63,36.2,Severe Gridlock / Blocked
2024-07-09 19:00:00,RD_LNK_03,New Link Road (Oshiwara to Goregaon West / Bangur Nagar),P/S,3.5,35.0,0.9,55,25.7,Severe Gridlock / Blocked
2024-07-09 19:00:00,RD_LNK_04,New Link Road (Malad Inorbit to Mith Chowki),P/N,3.5,35.0,0.9,49,22.6,Severe Gridlock / Blocked
2024-07-09 19:00:00,RD_LNK_05,New Link Road (Kandivali to Dahisar Link Road Extension),R/N,3.5,35.0,0.9,89,24.8,Severe Gridlock / Blocked
2024-07-09 19:00:00,RD_EEH_01,Eastern Express Highway (Sion Circle to Priyadarshini Park),F/N,3.5,55.0,0.94,60,33.2,Severe Gridlock / Blocked
2024-07-09 19:00:00,RD_EEH_02,Eastern Express Highway (Kurla Amar Mahal to Ghatkopar),L,3.5,55.0,0.94,72,36.9,Severe Gridlock / Blocked
2024-07-09 19:00:00,RD_EEH_03,Eastern Express Highway (Ghatkopar to Vikhroli / Godrej),N,3.5,55.0,0.94,67,22.2,Severe Gridlock / Blocked
2024-07-09 19:00:00,RD_EEH_04,Eastern Express Highway (Vikhroli to Bhandup / Mulund Toll),T,3.5,55.0,0.94,109,14.8,Severe Gridlock / Blocked
2024-07-09 19:00:00,RD_LBS_01,Lal Bahadur Shastri (LBS) Marg (Sion to Kurla Kamani),L,3.5,35.0,0.9,60,34.0,Severe Gridlock / Blocked
2024-07-09 19:00:00,RD_LBS_02,LBS Marg (Kurla to Ghatkopar Gandhi Nagar),N,3.5,35.0,0.9,63,24.0,Severe Gridlock / Blocked
2024-07-09 19:00:00,RD_LBS_03,LBS Marg (Ghatkopar to Vikhroli / Kanjurmarg),S,3.5,35.0,0.9,69,12.7,Severe Gridlock / Blocked
2024-07-09 19:00:00,RD_LBS_04,LBS Marg (Bhandup to Mulund Check Naka),T,10.8,35.0,0.69,18,3.3,Congested
2024-07-09 19:00:00,RD_JVL_01,Jogeshwari-Vikhroli Link Road (JVLR - WEH to Powai),K/E,4.9,35.0,0.86,56,0.0,Severe Gridlock / Blocked
2024-07-09 20:00:00,RD_WEH_01,Western Express Highway (Bandra to Santacruz),H/E,3.5,55.0,0.94,72,24.3,Severe Gridlock / Blocked
2024-07-09 20:00:00,RD_WEH_02,Western Express Highway (Santacruz to Andheri Flyover),K/E,15.9,55.0,0.71,13,7.0,Congested
2024-07-09 20:00:00,RD_WEH_03,Western Express Highway (Andheri to Goregaon Hub),P/S,11.8,55.0,0.79,19,12.5,Congested
2024-07-09 20:00:00,RD_WEH_04,Western Express Highway (Goregaon to Borivali National Park),R/C,7.9,55.0,0.86,42,11.3,Severe Gridlock / Blocked
2024-07-09 20:00:00,RD_WEH_05,Western Express Highway (Borivali to Dahisar Toll Naka),R/N,9.8,55.0,0.82,20,19.1,Congested
2024-07-09 20:00:00,RD_SVR_01,Swami Vivekanand (SV) Road (Bandra Lucky Jn to Khar),H/W,3.5,35.0,0.9,49,22.2,Severe Gridlock / Blocked
2024-07-09 20:00:00,RD_SVR_02,SV Road (Santacruz Milan Subway Approach),H/W,3.5,35.0,0.9,32,38.0,Severe Gridlock / Blocked
2024-07-09 20:00:00,RD_SVR_03,SV Road (Vile Parle to Andheri Station West),K/W,3.5,35.0,0.9,54,24.6,Severe Gridlock / Blocked
2024-07-09 20:00:00,RD_SVR_04,SV Road (Andheri Subway Section to Jogeshwari),K/W,3.5,35.0,0.9,46,32.3,Severe Gridlock / Blocked
2024-07-09 20:00:00,RD_SVR_05,SV Road (Goregaon to Malad Subway Jn),P/N,3.5,35.0,0.9,64,35.9,Severe Gridlock / Blocked
2024-07-09 20:00:00,RD_SVR_06,SV Road (Kandivali to Borivali Station West),R/C,3.5,35.0,0.9,70,17.9,Severe Gridlock / Blocked
2024-07-09 20:00:00,RD_LNK_01,New Link Road (Bandra West to Khar Danda),H/W,3.5,35.0,0.9,43,33.1,Severe Gridlock / Blocked
2024-07-09 20:00:00,RD_LNK_02,New Link Road (Juhu Circle to Andheri Infinity Mall),K/W,3.5,35.0,0.9,63,37.3,Severe Gridlock / Blocked
2024-07-09 20:00:00,RD_LNK_03,New Link Road (Oshiwara to Goregaon West / Bangur Nagar),P/S,3.5,35.0,0.9,55,22.0,Severe Gridlock / Blocked
2024-07-09 20:00:00,RD_LNK_04,New Link Road (Malad Inorbit to Mith Chowki),P/N,3.5,35.0,0.9,49,30.3,Severe Gridlock / Blocked
2024-07-09 20:00:00,RD_LNK_05,New Link Road (Kandivali to Dahisar Link Road Extension),R/N,3.5,35.0,0.9,89,21.2,Severe Gridlock / Blocked
2024-07-09 20:00:00,RD_EEH_01,Eastern Express Highway (Sion Circle to Priyadarshini Park),F/N,3.5,55.0,0.94,60,40.7,Severe Gridlock / Blocked
2024-07-09 20:00:00,RD_EEH_02,Eastern Express Highway (Kurla Amar Mahal to Ghatkopar),L,3.5,55.0,0.94,72,24.3,Severe Gridlock / Blocked
2024-07-09 20:00:00,RD_EEH_03,Eastern Express Highway (Ghatkopar to Vikhroli / Godrej),N,3.5,55.0,0.94,67,19.9,Severe Gridlock / Blocked
2024-07-09 20:00:00,RD_EEH_04,Eastern Express Highway (Vikhroli to Bhandup / Mulund Toll),T,11.2,55.0,0.8,29,6.4,Congested
2024-07-09 20:00:00,RD_LBS_01,Lal Bahadur Shastri (LBS) Marg (Sion to Kurla Kamani),L,3.5,35.0,0.9,60,33.3,Severe Gridlock / Blocked
2024-07-09 20:00:00,RD_LBS_02,LBS Marg (Kurla to Ghatkopar Gandhi Nagar),N,3.5,35.0,0.9,63,32.8,Severe Gridlock / Blocked
2024-07-09 20:00:00,RD_LBS_03,LBS Marg (Ghatkopar to Vikhroli / Kanjurmarg),S,3.5,35.0,0.9,69,23.8,Severe Gridlock / Blocked
2024-07-09 20:00:00,RD_LBS_04,LBS Marg (Bhandup to Mulund Check Naka),T,12.2,35.0,0.65,15,0.0,Congested
2024-07-09 20:00:00,RD_JVL_01,Jogeshwari-Vikhroli Link Road (JVLR - WEH to Powai),K/E,5.3,35.0,0.85,51,0.0,Severe Gridlock / Blocked
2024-07-09 21:00:00,RD_WEH_01,Western Express Highway (Bandra to Santacruz),H/E,31.8,55.0,0.42,3,0.0,Free Flow / Moderate
2024-07-09 21:00:00,RD_WEH_02,Western Express Highway (Santacruz to Andheri Flyover),K/E,29.4,55.0,0.47,4,0.0,Free Flow / Moderate
2024-07-09 21:00:00,RD_WEH_03,Western Express Highway (Andheri to Goregaon Hub),P/S,28.7,55.0,0.48,4,0.0,Free Flow / Moderate
2024-07-09 21:00:00,RD_WEH_04,Western Express Highway (Goregaon to Borivali National Park),R/C,31.7,55.0,0.42,5,0.0,Free Flow / Moderate
2024-07-09 21:00:00,RD_WEH_05,Western Express Highway (Borivali to Dahisar Toll Naka),R/N,30.3,55.0,0.45,3,0.0,Free Flow / Moderate
2024-07-09 21:00:00,RD_SVR_01,Swami Vivekanand (SV) Road (Bandra Lucky Jn to Khar),H/W,21.2,35.0,0.39,3,0.0,Free Flow / Moderate
2024-07-09 21:00:00,RD_SVR_02,SV Road (Santacruz Milan Subway Approach),H/W,20.8,35.0,0.41,2,0.0,Free Flow / Moderate
2024-07-09 21:00:00,RD_SVR_03,SV Road (Vile Parle to Andheri Station West),K/W,20.9,35.0,0.4,4,0.0,Free Flow / Moderate
2024-07-09 21:00:00,RD_SVR_04,SV Road (Andheri Subway Section to Jogeshwari),K/W,18.8,35.0,0.46,4,0.0,Free Flow / Moderate
2024-07-09 21:00:00,RD_SVR_05,SV Road (Goregaon to Malad Subway Jn),P/N,18.1,35.0,0.48,6,0.0,Free Flow / Moderate
2024-07-09 21:00:00,RD_SVR_06,SV Road (Kandivali to Borivali Station West),R/C,20.7,35.0,0.41,5,0.0,Free Flow / Moderate
2024-07-09 21:00:00,RD_LNK_01,New Link Road (Bandra West to Khar Danda),H/W,17.6,35.0,0.5,4,0.0,Congested
2024-07-09 21:00:00,RD_LNK_02,New Link Road (Juhu Circle to Andheri Infinity Mall),K/W,21.0,35.0,0.4,4,0.0,Free Flow / Moderate
2024-07-09 21:00:00,RD_LNK_03,New Link Road (Oshiwara to Goregaon West / Bangur Nagar),P/S,19.4,35.0,0.45,4,0.0,Free Flow / Moderate
2024-07-09 21:00:00,RD_LNK_04,New Link Road (Malad Inorbit to Mith Chowki),P/N,20.2,35.0,0.42,4,0.0,Free Flow / Moderate
2024-07-09 21:00:00,RD_LNK_05,New Link Road (Kandivali to Dahisar Link Road Extension),R/N,21.1,35.0,0.4,6,0.0,Free Flow / Moderate
2024-07-09 21:00:00,RD_EEH_01,Eastern Express Highway (Sion Circle to Priyadarshini Park),F/N,28.4,55.0,0.48,3,0.0,Free Flow / Moderate
2024-07-09 21:00:00,RD_EEH_02,Eastern Express Highway (Kurla Amar Mahal to Ghatkopar),L,28.8,55.0,0.48,4,0.0,Free Flow / Moderate
2024-07-09 21:00:00,RD_EEH_03,Eastern Express Highway (Ghatkopar to Vikhroli / Godrej),N,31.7,55.0,0.42,3,0.0,Free Flow / Moderate
2024-07-09 21:00:00,RD_EEH_04,Eastern Express Highway (Vikhroli to Bhandup / Mulund Toll),T,30.9,55.0,0.44,5,0.0,Free Flow / Moderate
2024-07-09 21:00:00,RD_LBS_01,Lal Bahadur Shastri (LBS) Marg (Sion to Kurla Kamani),L,20.8,35.0,0.41,4,0.0,Free Flow / Moderate
2024-07-09 21:00:00,RD_LBS_02,LBS Marg (Kurla to Ghatkopar Gandhi Nagar),N,21.2,35.0,0.39,4,0.0,Free Flow / Moderate
2024-07-09 21:00:00,RD_LBS_03,LBS Marg (Ghatkopar to Vikhroli / Kanjurmarg),S,18.8,35.0,0.46,6,0.0,Free Flow / Moderate
2024-07-09 21:00:00,RD_LBS_04,LBS Marg (Bhandup to Mulund Check Naka),T,18.3,35.0,0.48,7,0.0,Free Flow / Moderate
2024-07-09 21:00:00,RD_JVL_01,Jogeshwari-Vikhroli Link Road (JVLR - WEH to Powai),K/E,20.4,35.0,0.42,6,0.0,Free Flow / Moderate
2024-07-09 22:00:00,RD_WEH_01,Western Express Highway (Bandra to Santacruz),H/E,50.0,55.0,0.1,0,0.0,Free Flow / Moderate
2024-07-09 22:00:00,RD_WEH_02,Western Express Highway (Santacruz to Andheri Flyover),K/E,49.1,55.0,0.11,0,0.0,Free Flow / Moderate
2024-07-09 22:00:00,RD_WEH_03,Western Express Highway (Andheri to Goregaon Hub),P/S,51.1,55.0,0.1,0,0.0,Free Flow / Moderate
2024-07-09 22:00:00,RD_WEH_04,Western Express Highway (Goregaon to Borivali National Park),R/C,48.4,55.0,0.12,0,0.0,Free Flow / Moderate
2024-07-09 22:00:00,RD_WEH_05,Western Express Highway (Borivali to Dahisar Toll Naka),R/N,49.2,55.0,0.11,0,0.0,Free Flow / Moderate
2024-07-09 22:00:00,RD_SVR_01,Swami Vivekanand (SV) Road (Bandra Lucky Jn to Khar),H/W,32.6,35.0,0.1,0,0.0,Free Flow / Moderate
2024-07-09 22:00:00,RD_SVR_02,SV Road (Santacruz Milan Subway Approach),H/W,31.4,35.0,0.1,0,0.0,Free Flow / Moderate
2024-07-09 22:00:00,RD_SVR_03,SV Road (Vile Parle to Andheri Station West),K/W,32.8,35.0,0.1,0,0.0,Free Flow / Moderate
2024-07-09 22:00:00,RD_SVR_04,SV Road (Andheri Subway Section to Jogeshwari),K/W,33.3,35.0,0.1,0,0.0,Free Flow / Moderate
2024-07-09 22:00:00,RD_SVR_05,SV Road (Goregaon to Malad Subway Jn),P/N,29.8,35.0,0.15,1,0.0,Free Flow / Moderate
2024-07-09 22:00:00,RD_SVR_06,SV Road (Kandivali to Borivali Station West),R/C,32.2,35.0,0.1,0,0.0,Free Flow / Moderate
2024-07-09 22:00:00,RD_LNK_01,New Link Road (Bandra West to Khar Danda),H/W,31.3,35.0,0.11,0,0.0,Free Flow / Moderate
2024-07-09 22:00:00,RD_LNK_02,New Link Road (Juhu Circle to Andheri Infinity Mall),K/W,33.4,35.0,0.1,0,0.0,Free Flow / Moderate
2024-07-09 22:00:00,RD_LNK_03,New Link Road (Oshiwara to Goregaon West / Bangur Nagar),P/S,30.7,35.0,0.12,0,0.0,Free Flow / Moderate
2024-07-09 22:00:00,RD_LNK_04,New Link Road (Malad Inorbit to Mith Chowki),P/N,30.7,35.0,0.12,0,0.0,Free Flow / Moderate
2024-07-09 22:00:00,RD_LNK_05,New Link Road (Kandivali to Dahisar Link Road Extension),R/N,32.4,35.0,0.1,0,0.0,Free Flow / Moderate
2024-07-09 22:00:00,RD_EEH_01,Eastern Express Highway (Sion Circle to Priyadarshini Park),F/N,51.4,55.0,0.1,0,0.0,Free Flow / Moderate
2024-07-09 22:00:00,RD_EEH_02,Eastern Express Highway (Kurla Amar Mahal to Ghatkopar),L,48.1,55.0,0.13,0,0.0,Free Flow / Moderate
2024-07-09 22:00:00,RD_EEH_03,Eastern Express Highway (Ghatkopar to Vikhroli / Godrej),N,47.7,55.0,0.13,0,0.0,Free Flow / Moderate
2024-07-09 22:00:00,RD_EEH_04,Eastern Express Highway (Vikhroli to Bhandup / Mulund Toll),T,48.5,55.0,0.12,0,0.0,Free Flow / Moderate
2024-07-09 22:00:00,RD_LBS_01,Lal Bahadur Shastri (LBS) Marg (Sion to Kurla Kamani),L,30.3,35.0,0.13,1,0.0,Free Flow / Moderate
2024-07-09 22:00:00,RD_LBS_02,LBS Marg (Kurla to Ghatkopar Gandhi Nagar),N,32.9,35.0,0.1,0,0.0,Free Flow / Moderate
2024-07-09 22:00:00,RD_LBS_03,LBS Marg (Ghatkopar to Vikhroli / Kanjurmarg),S,31.4,35.0,0.1,0,0.0,Free Flow / Moderate
2024-07-09 22:00:00,RD_LBS_04,LBS Marg (Bhandup to Mulund Check Naka),T,31.4,35.0,0.1,0,0.0,Free Flow / Moderate
2024-07-09 22:00:00,RD_JVL_01,Jogeshwari-Vikhroli Link Road (JVLR - WEH to Powai),K/E,32.2,35.0,0.1,0,0.0,Free Flow / Moderate
2024-07-09 23:00:00,RD_WEH_01,Western Express Highway (Bandra to Santacruz),H/E,49.3,55.0,0.1,0,0.0,Free Flow / Moderate
2024-07-09 23:00:00,RD_WEH_02,Western Express Highway (Santacruz to Andheri Flyover),K/E,49.7,55.0,0.1,0,0.0,Free Flow / Moderate
2024-07-09 23:00:00,RD_WEH_03,Western Express Highway (Andheri to Goregaon Hub),P/S,49.4,55.0,0.1,0,0.0,Free Flow / Moderate
2024-07-09 23:00:00,RD_WEH_04,Western Express Highway (Goregaon to Borivali National Park),R/C,47.6,55.0,0.13,1,0.0,Free Flow / Moderate
2024-07-09 23:00:00,RD_WEH_05,Western Express Highway (Borivali to Dahisar Toll Naka),R/N,47.7,55.0,0.13,0,0.0,Free Flow / Moderate
2024-07-09 23:00:00,RD_SVR_01,Swami Vivekanand (SV) Road (Bandra Lucky Jn to Khar),H/W,31.1,35.0,0.11,0,0.0,Free Flow / Moderate
2024-07-09 23:00:00,RD_SVR_02,SV Road (Santacruz Milan Subway Approach),H/W,29.8,35.0,0.15,0,0.0,Free Flow / Moderate
2024-07-09 23:00:00,RD_SVR_03,SV Road (Vile Parle to Andheri Station West),K/W,33.1,35.0,0.1,0,0.0,Free Flow / Moderate
2024-07-09 23:00:00,RD_SVR_04,SV Road (Andheri Subway Section to Jogeshwari),K/W,31.2,35.0,0.11,0,0.0,Free Flow / Moderate
2024-07-09 23:00:00,RD_SVR_05,SV Road (Goregaon to Malad Subway Jn),P/N,30.4,35.0,0.13,1,0.0,Free Flow / Moderate
2024-07-09 23:00:00,RD_SVR_06,SV Road (Kandivali to Borivali Station West),R/C,31.5,35.0,0.1,0,0.0,Free Flow / Moderate
2024-07-09 23:00:00,RD_LNK_01,New Link Road (Bandra West to Khar Danda),H/W,31.8,35.0,0.1,0,0.0,Free Flow / Moderate
2024-07-09 23:00:00,RD_LNK_02,New Link Road (Juhu Circle to Andheri Infinity Mall),K/W,30.1,35.0,0.14,1,0.0,Free Flow / Moderate
2024-07-09 23:00:00,RD_LNK_03,New Link Road (Oshiwara to Goregaon West / Bangur Nagar),P/S,33.2,35.0,0.1,0,0.0,Free Flow / Moderate
2024-07-09 23:00:00,RD_LNK_04,New Link Road (Malad Inorbit to Mith Chowki),P/N,32.0,35.0,0.1,0,0.0,Free Flow / Moderate
2024-07-09 23:00:00,RD_LNK_05,New Link Road (Kandivali to Dahisar Link Road Extension),R/N,32.9,35.0,0.1,0,0.0,Free Flow / Moderate
2024-07-09 23:00:00,RD_EEH_01,Eastern Express Highway (Sion Circle to Priyadarshini Park),F/N,47.9,55.0,0.13,0,0.0,Free Flow / Moderate
2024-07-09 23:00:00,RD_EEH_02,Eastern Express Highway (Kurla Amar Mahal to Ghatkopar),L,49.8,55.0,0.1,0,0.0,Free Flow / Moderate
2024-07-09 23:00:00,RD_EEH_03,Eastern Express Highway (Ghatkopar to Vikhroli / Godrej),N,49.6,55.0,0.1,0,0.0,Free Flow / Moderate
2024-07-09 23:00:00,RD_EEH_04,Eastern Express Highway (Vikhroli to Bhandup / Mulund Toll),T,49.2,55.0,0.11,0,0.0,Free Flow / Moderate
2024-07-09 23:00:00,RD_LBS_01,Lal Bahadur Shastri (LBS) Marg (Sion to Kurla Kamani),L,33.1,35.0,0.1,0,0.0,Free Flow / Moderate
2024-07-09 23:00:00,RD_LBS_02,LBS Marg (Kurla to Ghatkopar Gandhi Nagar),N,30.0,35.0,0.14,1,0.0,Free Flow / Moderate
2024-07-09 23:00:00,RD_LBS_03,LBS Marg (Ghatkopar to Vikhroli / Kanjurmarg),S,32.2,35.0,0.1,0,0.0,Free Flow / Moderate
2024-07-09 23:00:00,RD_LBS_04,LBS Marg (Bhandup to Mulund Check Naka),T,33.1,35.0,0.1,0,0.0,Free Flow / Moderate
2024-07-09 23:00:00,RD_JVL_01,Jogeshwari-Vikhroli Link Road (JVLR - WEH to Powai),K/E,30.2,35.0,0.14,1,0.0,Free Flow / Moderate
2024-07-10 00:00:00,RD_WEH_01,Western Express Highway (Bandra to Santacruz),H/E,50.5,55.0,0.1,0,0.0,Free Flow / Moderate
2024-07-10 00:00:00,RD_WEH_02,Western Express Highway (Santacruz to Andheri Flyover),K/E,48.1,55.0,0.13,0,0.0,Free Flow / Moderate
2024-07-10 00:00:00,RD_WEH_03,Western Express Highway (Andheri to Goregaon Hub),P/S,48.9,55.0,0.11,0,0.0,Free Flow / Moderate
2024-07-10 00:00:00,RD_WEH_04,Western Express Highway (Goregaon to Borivali National Park),R/C,51.1,55.0,0.1,0,0.0,Free Flow / Moderate
2024-07-10 00:00:00,RD_WEH_05,Western Express Highway (Borivali to Dahisar Toll Naka),R/N,49.1,55.0,0.11,0,0.0,Free Flow / Moderate
2024-07-10 00:00:00,RD_SVR_01,Swami Vivekanand (SV) Road (Bandra Lucky Jn to Khar),H/W,30.0,35.0,0.14,0,0.0,Free Flow / Moderate
2024-07-10 00:00:00,RD_SVR_02,SV Road (Santacruz Milan Subway Approach),H/W,29.7,35.0,0.15,0,0.0,Free Flow / Moderate
2024-07-10 00:00:00,RD_SVR_03,SV Road (Vile Parle to Andheri Station West),K/W,32.9,35.0,0.1,0,0.0,Free Flow / Moderate
2024-07-10 00:00:00,RD_SVR_04,SV Road (Andheri Subway Section to Jogeshwari),K/W,29.6,35.0,0.15,0,0.0,Free Flow / Moderate
2024-07-10 00:00:00,RD_SVR_05,SV Road (Goregaon to Malad Subway Jn),P/N,32.1,35.0,0.1,0,0.0,Free Flow / Moderate
2024-07-10 00:00:00,RD_SVR_06,SV Road (Kandivali to Borivali Station West),R/C,31.8,35.0,0.1,0,0.0,Free Flow / Moderate
2024-07-10 00:00:00,RD_LNK_01,New Link Road (Bandra West to Khar Danda),H/W,29.6,35.0,0.15,0,0.0,Free Flow / Moderate
2024-07-10 00:00:00,RD_LNK_02,New Link Road (Juhu Circle to Andheri Infinity Mall),K/W,33.2,35.0,0.1,0,0.0,Free Flow / Moderate
2024-07-10 00:00:00,RD_LNK_03,New Link Road (Oshiwara to Goregaon West / Bangur Nagar),P/S,32.4,35.0,0.1,0,0.0,Free Flow / Moderate
2024-07-10 00:00:00,RD_LNK_04,New Link Road (Malad Inorbit to Mith Chowki),P/N,32.1,35.0,0.1,0,0.0,Free Flow / Moderate
2024-07-10 00:00:00,RD_LNK_05,New Link Road (Kandivali to Dahisar Link Road Extension),R/N,32.8,35.0,0.1,0,0.0,Free Flow / Moderate
2024-07-10 00:00:00,RD_EEH_01,Eastern Express Highway (Sion Circle to Priyadarshini Park),F/N,49.4,55.0,0.1,0,0.0,Free Flow / Moderate
2024-07-10 00:00:00,RD_EEH_02,Eastern Express Highway (Kurla Amar Mahal to Ghatkopar),L,49.8,55.0,0.1,0,0.0,Free Flow / Moderate
2024-07-10 00:00:00,RD_EEH_03,Eastern Express Highway (Ghatkopar to Vikhroli / Godrej),N,47.9,55.0,0.13,0,0.0,Free Flow / Moderate
2024-07-10 00:00:00,RD_EEH_04,Eastern Express Highway (Vikhroli to Bhandup / Mulund Toll),T,50.2,55.0,0.1,0,0.0,Free Flow / Moderate
2024-07-10 00:00:00,RD_LBS_01,Lal Bahadur Shastri (LBS) Marg (Sion to Kurla Kamani),L,30.2,35.0,0.14,1,0.0,Free Flow / Moderate
2024-07-10 00:00:00,RD_LBS_02,LBS Marg (Kurla to Ghatkopar Gandhi Nagar),N,31.2,35.0,0.11,0,0.0,Free Flow / Moderate
2024-07-10 00:00:00,RD_LBS_03,LBS Marg (Ghatkopar to Vikhroli / Kanjurmarg),S,33.0,35.0,0.1,0,0.0,Free Flow / Moderate
2024-07-10 00:00:00,RD_LBS_04,LBS Marg (Bhandup to Mulund Check Naka),T,30.4,35.0,0.13,1,0.0,Free Flow / Moderate
2024-07-10 00:00:00,RD_JVL_01,Jogeshwari-Vikhroli Link Road (JVLR - WEH to Powai),K/E,30.9,35.0,0.12,1,0.0,Free Flow / Moderate
2024-07-10 01:00:00,RD_WEH_01,Western Express Highway (Bandra to Santacruz),H/E,50.2,55.0,0.1,0,0.0,Free Flow / Moderate
2024-07-10 01:00:00,RD_WEH_02,Western Express Highway (Santacruz to Andheri Flyover),K/E,50.6,55.0,0.1,0,0.0,Free Flow / Moderate
2024-07-10 01:00:00,RD_WEH_03,Western Express Highway (Andheri to Goregaon Hub),P/S,49.8,55.0,0.1,0,0.0,Free Flow / Moderate
2024-07-10 01:00:00,RD_WEH_04,Western Express Highway (Goregaon to Borivali National Park),R/C,51.0,55.0,0.1,0,0.0,Free Flow / Moderate
2024-07-10 01:00:00,RD_WEH_05,Western Express Highway (Borivali to Dahisar Toll Naka),R/N,47.5,55.0,0.14,0,0.0,Free Flow / Moderate
2024-07-10 01:00:00,RD_SVR_01,Swami Vivekanand (SV) Road (Bandra Lucky Jn to Khar),H/W,33.2,35.0,0.1,0,0.0,Free Flow / Moderate
2024-07-10 01:00:00,RD_SVR_02,SV Road (Santacruz Milan Subway Approach),H/W,32.4,35.0,0.1,0,0.0,Free Flow / Moderate
2024-07-10 01:00:00,RD_SVR_03,SV Road (Vile Parle to Andheri Station West),K/W,31.7,35.0,0.1,0,0.0,Free Flow / Moderate
2024-07-10 01:00:00,RD_SVR_04,SV Road (Andheri Subway Section to Jogeshwari),K/W,32.5,35.0,0.1,0,0.0,Free Flow / Moderate
2024-07-10 01:00:00,RD_SVR_05,SV Road (Goregaon to Malad Subway Jn),P/N,31.6,35.0,0.1,0,0.0,Free Flow / Moderate
2024-07-10 01:00:00,RD_SVR_06,SV Road (Kandivali to Borivali Station West),R/C,31.0,35.0,0.11,1,0.0,Free Flow / Moderate
2024-07-10 01:00:00,RD_LNK_01,New Link Road (Bandra West to Khar Danda),H/W,31.2,35.0,0.11,0,0.0,Free Flow / Moderate
2024-07-10 01:00:00,RD_LNK_02,New Link Road (Juhu Circle to Andheri Infinity Mall),K/W,32.6,35.0,0.1,0,0.0,Free Flow / Moderate
2024-07-10 01:00:00,RD_LNK_03,New Link Road (Oshiwara to Goregaon West / Bangur Nagar),P/S,31.4,35.0,0.1,0,0.0,Free Flow / Moderate
2024-07-10 01:00:00,RD_LNK_04,New Link Road (Malad Inorbit to Mith Chowki),P/N,32.7,35.0,0.1,0,0.0,Free Flow / Moderate
2024-07-10 01:00:00,RD_LNK_05,New Link Road (Kandivali to Dahisar Link Road Extension),R/N,31.0,35.0,0.11,1,0.0,Free Flow / Moderate
2024-07-10 01:00:00,RD_EEH_01,Eastern Express Highway (Sion Circle to Priyadarshini Park),F/N,49.5,55.0,0.1,0,0.0,Free Flow / Moderate
2024-07-10 01:00:00,RD_EEH_02,Eastern Express Highway (Kurla Amar Mahal to Ghatkopar),L,51.4,55.0,0.1,0,0.0,Free Flow / Moderate
2024-07-10 01:00:00,RD_EEH_03,Eastern Express Highway (Ghatkopar to Vikhroli / Godrej),N,50.2,55.0,0.1,0,0.0,Free Flow / Moderate
2024-07-10 01:00:00,RD_EEH_04,Eastern Express Highway (Vikhroli to Bhandup / Mulund Toll),T,51.2,55.0,0.1,0,0.0,Free Flow / Moderate
2024-07-10 01:00:00,RD_LBS_01,Lal Bahadur Shastri (LBS) Marg (Sion to Kurla Kamani),L,33.3,35.0,0.1,0,0.0,Free Flow / Moderate
2024-07-10 01:00:00,RD_LBS_02,LBS Marg (Kurla to Ghatkopar Gandhi Nagar),N,33.0,35.0,0.1,0,0.0,Free Flow / Moderate
2024-07-10 01:00:00,RD_LBS_03,LBS Marg (Ghatkopar to Vikhroli / Kanjurmarg),S,29.6,35.0,0.15,1,0.0,Free Flow / Moderate
2024-07-10 01:00:00,RD_LBS_04,LBS Marg (Bhandup to Mulund Check Naka),T,30.5,35.0,0.13,1,0.0,Free Flow / Moderate
2024-07-10 01:00:00,RD_JVL_01,Jogeshwari-Vikhroli Link Road (JVLR - WEH to Powai),K/E,30.3,35.0,0.13,1,0.0,Free Flow / Moderate
2024-07-10 02:00:00,RD_WEH_01,Western Express Highway (Bandra to Santacruz),H/E,47.6,55.0,0.13,0,0.0,Free Flow / Moderate
2024-07-10 02:00:00,RD_WEH_02,Western Express Highway (Santacruz to Andheri Flyover),K/E,49.9,55.0,0.1,0,0.0,Free Flow / Moderate
2024-07-10 02:00:00,RD_WEH_03,Western Express Highway (Andheri to Goregaon Hub),P/S,49.9,55.0,0.1,0,0.0,Free Flow / Moderate
2024-07-10 02:00:00,RD_WEH_04,Western Express Highway (Goregaon to Borivali National Park),R/C,49.6,55.0,0.1,0,0.0,Free Flow / Moderate
2024-07-10 02:00:00,RD_WEH_05,Western Express Highway (Borivali to Dahisar Toll Naka),R/N,49.1,55.0,0.11,0,0.0,Free Flow / Moderate
2024-07-10 02:00:00,RD_SVR_01,Swami Vivekanand (SV) Road (Bandra Lucky Jn to Khar),H/W,32.1,35.0,0.1,0,0.0,Free Flow / Moderate
2024-07-10 02:00:00,RD_SVR_02,SV Road (Santacruz Milan Subway Approach),H/W,30.0,35.0,0.14,0,0.0,Free Flow / Moderate
2024-07-10 02:00:00,RD_SVR_03,SV Road (Vile Parle to Andheri Station West),K/W,30.9,35.0,0.12,0,0.0,Free Flow / Moderate
2024-07-10 02:00:00,RD_SVR_04,SV Road (Andheri Subway Section to Jogeshwari),K/W,32.6,35.0,0.1,0,0.0,Free Flow / Moderate
2024-07-10 02:00:00,RD_SVR_05,SV Road (Goregaon to Malad Subway Jn),P/N,30.8,35.0,0.12,0,0.0,Free Flow / Moderate
2024-07-10 02:00:00,RD_SVR_06,SV Road (Kandivali to Borivali Station West),R/C,31.5,35.0,0.1,0,0.0,Free Flow / Moderate
2024-07-10 02:00:00,RD_LNK_01,New Link Road (Bandra West to Khar Danda),H/W,31.4,35.0,0.1,0,0.0,Free Flow / Moderate
2024-07-10 02:00:00,RD_LNK_02,New Link Road (Juhu Circle to Andheri Infinity Mall),K/W,31.0,35.0,0.11,0,0.0,Free Flow / Moderate
2024-07-10 02:00:00,RD_LNK_03,New Link Road (Oshiwara to Goregaon West / Bangur Nagar),P/S,31.5,35.0,0.1,0,0.0,Free Flow / Moderate
2024-07-10 02:00:00,RD_LNK_04,New Link Road (Malad Inorbit to Mith Chowki),P/N,32.3,35.0,0.1,0,0.0,Free Flow / Moderate
2024-07-10 02:00:00,RD_LNK_05,New Link Road (Kandivali to Dahisar Link Road Extension),R/N,30.0,35.0,0.14,1,0.0,Free Flow / Moderate
2024-07-10 02:00:00,RD_EEH_01,Eastern Express Highway (Sion Circle to Priyadarshini Park),F/N,47.9,55.0,0.13,0,0.0,Free Flow / Moderate
2024-07-10 02:00:00,RD_EEH_02,Eastern Express Highway (Kurla Amar Mahal to Ghatkopar),L,51.3,55.0,0.1,0,0.0,Free Flow / Moderate
2024-07-10 02:00:00,RD_EEH_03,Eastern Express Highway (Ghatkopar to Vikhroli / Godrej),N,49.9,55.0,0.1,0,0.0,Free Flow / Moderate
2024-07-10 02:00:00,RD_EEH_04,Eastern Express Highway (Vikhroli to Bhandup / Mulund Toll),T,48.5,55.0,0.12,0,0.0,Free Flow / Moderate
2024-07-10 02:00:00,RD_LBS_01,Lal Bahadur Shastri (LBS) Marg (Sion to Kurla Kamani),L,30.8,35.0,0.12,0,0.0,Free Flow / Moderate
2024-07-10 02:00:00,RD_LBS_02,LBS Marg (Kurla to Ghatkopar Gandhi Nagar),N,29.8,35.0,0.15,1,0.0,Free Flow / Moderate
2024-07-10 02:00:00,RD_LBS_03,LBS Marg (Ghatkopar to Vikhroli / Kanjurmarg),S,32.7,35.0,0.1,0,0.0,Free Flow / Moderate
2024-07-10 02:00:00,RD_LBS_04,LBS Marg (Bhandup to Mulund Check Naka),T,32.1,35.0,0.1,0,0.0,Free Flow / Moderate
2024-07-10 02:00:00,RD_JVL_01,Jogeshwari-Vikhroli Link Road (JVLR - WEH to Powai),K/E,30.7,35.0,0.12,1,0.0,Free Flow / Moderate
2024-07-10 03:00:00,RD_WEH_01,Western Express Highway (Bandra to Santacruz),H/E,50.7,55.0,0.1,0,0.0,Free Flow / Moderate
2024-07-10 03:00:00,RD_WEH_02,Western Express Highway (Santacruz to Andheri Flyover),K/E,47.7,55.0,0.13,0,0.0,Free Flow / Moderate
2024-07-10 03:00:00,RD_WEH_03,Western Express Highway (Andheri to Goregaon Hub),P/S,50.2,55.0,0.1,0,0.0,Free Flow / Moderate
2024-07-10 03:00:00,RD_WEH_04,Western Express Highway (Goregaon to Borivali National Park),R/C,47.7,55.0,0.13,1,0.0,Free Flow / Moderate
2024-07-10 03:00:00,RD_WEH_05,Western Express Highway (Borivali to Dahisar Toll Naka),R/N,48.6,55.0,0.12,0,0.0,Free Flow / Moderate
2024-07-10 03:00:00,RD_SVR_01,Swami Vivekanand (SV) Road (Bandra Lucky Jn to Khar),H/W,32.7,35.0,0.1,0,0.0,Free Flow / Moderate
2024-07-10 03:00:00,RD_SVR_02,SV Road (Santacruz Milan Subway Approach),H/W,30.1,35.0,0.14,0,0.0,Free Flow / Moderate
2024-07-10 03:00:00,RD_SVR_03,SV Road (Vile Parle to Andheri Station West),K/W,31.9,35.0,0.1,0,0.0,Free Flow / Moderate
2024-07-10 03:00:00,RD_SVR_04,SV Road (Andheri Subway Section to Jogeshwari),K/W,31.4,35.0,0.1,0,0.0,Free Flow / Moderate
2024-07-10 03:00:00,RD_SVR_05,SV Road (Goregaon to Malad Subway Jn),P/N,32.6,35.0,0.1,0,0.0,Free Flow / Moderate
2024-07-10 03:00:00,RD_SVR_06,SV Road (Kandivali to Borivali Station West),R/C,31.4,35.0,0.1,0,0.0,Free Flow / Moderate
2024-07-10 03:00:00,RD_LNK_01,New Link Road (Bandra West to Khar Danda),H/W,30.3,35.0,0.13,0,0.0,Free Flow / Moderate
2024-07-10 03:00:00,RD_LNK_02,New Link Road (Juhu Circle to Andheri Infinity Mall),K/W,32.4,35.0,0.1,0,0.0,Free Flow / Moderate
2024-07-10 03:00:00,RD_LNK_03,New Link Road (Oshiwara to Goregaon West / Bangur Nagar),P/S,29.8,35.0,0.15,1,0.0,Free Flow / Moderate
2024-07-10 03:00:00,RD_LNK_04,New Link Road (Malad Inorbit to Mith Chowki),P/N,29.8,35.0,0.15,0,0.0,Free Flow / Moderate
2024-07-10 03:00:00,RD_LNK_05,New Link Road (Kandivali to Dahisar Link Road Extension),R/N,30.5,35.0,0.13,1,0.0,Free Flow / Moderate
2024-07-10 03:00:00,RD_EEH_01,Eastern Express Highway (Sion Circle to Priyadarshini Park),F/N,50.7,55.0,0.1,0,0.0,Free Flow / Moderate
2024-07-10 03:00:00,RD_EEH_02,Eastern Express Highway (Kurla Amar Mahal to Ghatkopar),L,49.0,55.0,0.11,0,0.0,Free Flow / Moderate
2024-07-10 03:00:00,RD_EEH_03,Eastern Express Highway (Ghatkopar to Vikhroli / Godrej),N,50.5,55.0,0.1,0,0.0,Free Flow / Moderate
2024-07-10 03:00:00,RD_EEH_04,Eastern Express Highway (Vikhroli to Bhandup / Mulund Toll),T,48.6,55.0,0.12,0,0.0,Free Flow / Moderate
2024-07-10 03:00:00,RD_LBS_01,Lal Bahadur Shastri (LBS) Marg (Sion to Kurla Kamani),L,33.0,35.0,0.1,0,0.0,Free Flow / Moderate
2024-07-10 03:00:00,RD_LBS_02,LBS Marg (Kurla to Ghatkopar Gandhi Nagar),N,32.5,35.0,0.1,0,0.0,Free Flow / Moderate
2024-07-10 03:00:00,RD_LBS_03,LBS Marg (Ghatkopar to Vikhroli / Kanjurmarg),S,30.1,35.0,0.14,1,0.0,Free Flow / Moderate
2024-07-10 03:00:00,RD_LBS_04,LBS Marg (Bhandup to Mulund Check Naka),T,31.7,35.0,0.1,0,0.0,Free Flow / Moderate
2024-07-10 03:00:00,RD_JVL_01,Jogeshwari-Vikhroli Link Road (JVLR - WEH to Powai),K/E,33.4,35.0,0.1,0,0.0,Free Flow / Moderate
2024-07-10 04:00:00,RD_WEH_01,Western Express Highway (Bandra to Santacruz),H/E,48.5,55.0,0.12,0,0.0,Free Flow / Moderate
2024-07-10 04:00:00,RD_WEH_02,Western Express Highway (Santacruz to Andheri Flyover),K/E,50.7,55.0,0.1,0,0.0,Free Flow / Moderate
2024-07-10 04:00:00,RD_WEH_03,Western Express Highway (Andheri to Goregaon Hub),P/S,48.2,55.0,0.12,0,0.0,Free Flow / Moderate
2024-07-10 04:00:00,RD_WEH_04,Western Express Highway (Goregaon to Borivali National Park),R/C,51.0,55.0,0.1,0,0.0,Free Flow / Moderate
2024-07-10 04:00:00,RD_WEH_05,Western Express Highway (Borivali to Dahisar Toll Naka),R/N,50.2,55.0,0.1,0,0.0,Free Flow / Moderate
2024-07-10 04:00:00,RD_SVR_01,Swami Vivekanand (SV) Road (Bandra Lucky Jn to Khar),H/W,31.8,35.0,0.1,0,0.0,Free Flow / Moderate
2024-07-10 04:00:00,RD_SVR_02,SV Road (Santacruz Milan Subway Approach),H/W,31.4,35.0,0.1,0,0.0,Free Flow / Moderate
2024-07-10 04:00:00,RD_SVR_03,SV Road (Vile Parle to Andheri Station West),K/W,32.2,35.0,0.1,0,0.0,Free Flow / Moderate
2024-07-10 04:00:00,RD_SVR_04,SV Road (Andheri Subway Section to Jogeshwari),K/W,29.8,35.0,0.15,0,0.0,Free Flow / Moderate
2024-07-10 04:00:00,RD_SVR_05,SV Road (Goregaon to Malad Subway Jn),P/N,32.4,35.0,0.1,0,0.0,Free Flow / Moderate
2024-07-10 04:00:00,RD_SVR_06,SV Road (Kandivali to Borivali Station West),R/C,31.5,35.0,0.1,0,0.0,Free Flow / Moderate
2024-07-10 04:00:00,RD_LNK_01,New Link Road (Bandra West to Khar Danda),H/W,29.6,35.0,0.15,0,0.0,Free Flow / Moderate
2024-07-10 04:00:00,RD_LNK_02,New Link Road (Juhu Circle to Andheri Infinity Mall),K/W,32.0,35.0,0.1,0,0.0,Free Flow / Moderate
2024-07-10 04:00:00,RD_LNK_03,New Link Road (Oshiwara to Goregaon West / Bangur Nagar),P/S,31.0,35.0,0.11,0,0.0,Free Flow / Moderate
2024-07-10 04:00:00,RD_LNK_04,New Link Road (Malad Inorbit to Mith Chowki),P/N,33.5,35.0,0.1,0,0.0,Free Flow / Moderate
2024-07-10 04:00:00,RD_LNK_05,New Link Road (Kandivali to Dahisar Link Road Extension),R/N,31.3,35.0,0.11,1,0.0,Free Flow / Moderate
2024-07-10 04:00:00,RD_EEH_01,Eastern Express Highway (Sion Circle to Priyadarshini Park),F/N,48.3,55.0,0.12,0,0.0,Free Flow / Moderate
2024-07-10 04:00:00,RD_EEH_02,Eastern Express Highway (Kurla Amar Mahal to Ghatkopar),L,48.0,55.0,0.13,0,0.0,Free Flow / Moderate
2024-07-10 04:00:00,RD_EEH_03,Eastern Express Highway (Ghatkopar to Vikhroli / Godrej),N,51.3,55.0,0.1,0,0.0,Free Flow / Moderate
2024-07-10 04:00:00,RD_EEH_04,Eastern Express Highway (Vikhroli to Bhandup / Mulund Toll),T,50.1,55.0,0.1,0,0.0,Free Flow / Moderate
2024-07-10 04:00:00,RD_LBS_01,Lal Bahadur Shastri (LBS) Marg (Sion to Kurla Kamani),L,30.7,35.0,0.12,0,0.0,Free Flow / Moderate
2024-07-10 04:00:00,RD_LBS_02,LBS Marg (Kurla to Ghatkopar Gandhi Nagar),N,31.6,35.0,0.1,0,0.0,Free Flow / Moderate
2024-07-10 04:00:00,RD_LBS_03,LBS Marg (Ghatkopar to Vikhroli / Kanjurmarg),S,30.7,35.0,0.12,1,0.0,Free Flow / Moderate
2024-07-10 04:00:00,RD_LBS_04,LBS Marg (Bhandup to Mulund Check Naka),T,31.1,35.0,0.11,1,0.0,Free Flow / Moderate
2024-07-10 04:00:00,RD_JVL_01,Jogeshwari-Vikhroli Link Road (JVLR - WEH to Powai),K/E,30.7,35.0,0.12,1,0.0,Free Flow / Moderate
2024-07-10 05:00:00,RD_WEH_01,Western Express Highway (Bandra to Santacruz),H/E,49.4,55.0,0.1,0,0.0,Free Flow / Moderate
2024-07-10 05:00:00,RD_WEH_02,Western Express Highway (Santacruz to Andheri Flyover),K/E,51.3,55.0,0.1,0,0.0,Free Flow / Moderate
2024-07-10 05:00:00,RD_WEH_03,Western Express Highway (Andheri to Goregaon Hub),P/S,48.2,55.0,0.12,0,0.0,Free Flow / Moderate
2024-07-10 05:00:00,RD_WEH_04,Western Express Highway (Goregaon to Borivali National Park),R/C,49.5,55.0,0.1,0,0.0,Free Flow / Moderate
2024-07-10 05:00:00,RD_WEH_05,Western Express Highway (Borivali to Dahisar Toll Naka),R/N,51.0,55.0,0.1,0,0.0,Free Flow / Moderate
2024-07-10 05:00:00,RD_SVR_01,Swami Vivekanand (SV) Road (Bandra Lucky Jn to Khar),H/W,30.3,35.0,0.13,0,0.0,Free Flow / Moderate
2024-07-10 05:00:00,RD_SVR_02,SV Road (Santacruz Milan Subway Approach),H/W,29.9,35.0,0.15,0,0.0,Free Flow / Moderate
2024-07-10 05:00:00,RD_SVR_03,SV Road (Vile Parle to Andheri Station West),K/W,29.5,35.0,0.16,1,0.0,Free Flow / Moderate
2024-07-10 05:00:00,RD_SVR_04,SV Road (Andheri Subway Section to Jogeshwari),K/W,30.1,35.0,0.14,0,0.0,Free Flow / Moderate
2024-07-10 05:00:00,RD_SVR_05,SV Road (Goregaon to Malad Subway Jn),P/N,31.1,35.0,0.11,0,0.0,Free Flow / Moderate
2024-07-10 05:00:00,RD_SVR_06,SV Road (Kandivali to Borivali Station West),R/C,32.7,35.0,0.1,0,0.0,Free Flow / Moderate
2024-07-10 05:00:00,RD_LNK_01,New Link Road (Bandra West to Khar Danda),H/W,31.7,35.0,0.1,0,0.0,Free Flow / Moderate
2024-07-10 05:00:00,RD_LNK_02,New Link Road (Juhu Circle to Andheri Infinity Mall),K/W,31.6,35.0,0.1,0,0.0,Free Flow / Moderate
2024-07-10 05:00:00,RD_LNK_03,New Link Road (Oshiwara to Goregaon West / Bangur Nagar),P/S,32.9,35.0,0.1,0,0.0,Free Flow / Moderate
2024-07-10 05:00:00,RD_LNK_04,New Link Road (Malad Inorbit to Mith Chowki),P/N,33.4,35.0,0.1,0,0.0,Free Flow / Moderate
2024-07-10 05:00:00,RD_LNK_05,New Link Road (Kandivali to Dahisar Link Road Extension),R/N,32.1,35.0,0.1,0,0.0,Free Flow / Moderate
2024-07-10 05:00:00,RD_EEH_01,Eastern Express Highway (Sion Circle to Priyadarshini Park),F/N,48.8,55.0,0.11,0,0.0,Free Flow / Moderate
2024-07-10 05:00:00,RD_EEH_02,Eastern Express Highway (Kurla Amar Mahal to Ghatkopar),L,48.3,55.0,0.12,0,0.0,Free Flow / Moderate
2024-07-10 05:00:00,RD_EEH_03,Eastern Express Highway (Ghatkopar to Vikhroli / Godrej),N,48.7,55.0,0.11,0,0.0,Free Flow / Moderate
2024-07-10 05:00:00,RD_EEH_04,Eastern Express Highway (Vikhroli to Bhandup / Mulund Toll),T,48.4,55.0,0.12,1,0.0,Free Flow / Moderate
2024-07-10 05:00:00,RD_LBS_01,Lal Bahadur Shastri (LBS) Marg (Sion to Kurla Kamani),L,31.1,35.0,0.11,0,0.0,Free Flow / Moderate
2024-07-10 05:00:00,RD_LBS_02,LBS Marg (Kurla to Ghatkopar Gandhi Nagar),N,33.4,35.0,0.1,0,0.0,Free Flow / Moderate
2024-07-10 05:00:00,RD_LBS_03,LBS Marg (Ghatkopar to Vikhroli / Kanjurmarg),S,32.1,35.0,0.1,0,0.0,Free Flow / Moderate
2024-07-10 05:00:00,RD_LBS_04,LBS Marg (Bhandup to Mulund Check Naka),T,30.8,35.0,0.12,1,0.0,Free Flow / Moderate
2024-07-10 05:00:00,RD_JVL_01,Jogeshwari-Vikhroli Link Road (JVLR - WEH to Powai),K/E,31.5,35.0,0.1,1,0.0,Free Flow / Moderate
2024-07-10 06:00:00,RD_WEH_01,Western Express Highway (Bandra to Santacruz),H/E,48.0,55.0,0.13,0,0.0,Free Flow / Moderate
2024-07-10 06:00:00,RD_WEH_02,Western Express Highway (Santacruz to Andheri Flyover),K/E,48.1,55.0,0.13,0,0.0,Free Flow / Moderate
2024-07-10 06:00:00,RD_WEH_03,Western Express Highway (Andheri to Goregaon Hub),P/S,50.5,55.0,0.1,0,0.0,Free Flow / Moderate
2024-07-10 06:00:00,RD_WEH_04,Western Express Highway (Goregaon to Borivali National Park),R/C,51.1,55.0,0.1,0,0.0,Free Flow / Moderate
2024-07-10 06:00:00,RD_WEH_05,Western Express Highway (Borivali to Dahisar Toll Naka),R/N,49.0,55.0,0.11,0,0.0,Free Flow / Moderate
2024-07-10 06:00:00,RD_SVR_01,Swami Vivekanand (SV) Road (Bandra Lucky Jn to Khar),H/W,31.3,35.0,0.11,0,0.0,Free Flow / Moderate
2024-07-10 06:00:00,RD_SVR_02,SV Road (Santacruz Milan Subway Approach),H/W,30.5,35.0,0.13,0,0.0,Free Flow / Moderate
2024-07-10 06:00:00,RD_SVR_03,SV Road (Vile Parle to Andheri Station West),K/W,31.9,35.0,0.1,0,0.0,Free Flow / Moderate
2024-07-10 06:00:00,RD_SVR_04,SV Road (Andheri Subway Section to Jogeshwari),K/W,32.7,35.0,0.1,0,0.0,Free Flow / Moderate
2024-07-10 06:00:00,RD_SVR_05,SV Road (Goregaon to Malad Subway Jn),P/N,31.4,35.0,0.1,0,0.0,Free Flow / Moderate
2024-07-10 06:00:00,RD_SVR_06,SV Road (Kandivali to Borivali Station West),R/C,33.1,35.0,0.1,0,0.0,Free Flow / Moderate
2024-07-10 06:00:00,RD_LNK_01,New Link Road (Bandra West to Khar Danda),H/W,30.9,35.0,0.12,0,0.0,Free Flow / Moderate
2024-07-10 06:00:00,RD_LNK_02,New Link Road (Juhu Circle to Andheri Infinity Mall),K/W,30.3,35.0,0.13,1,0.0,Free Flow / Moderate
2024-07-10 06:00:00,RD_LNK_03,New Link Road (Oshiwara to Goregaon West / Bangur Nagar),P/S,30.2,35.0,0.14,0,0.0,Free Flow / Moderate
2024-07-10 06:00:00,RD_LNK_04,New Link Road (Malad Inorbit to Mith Chowki),P/N,32.8,35.0,0.1,0,0.0,Free Flow / Moderate
2024-07-10 06:00:00,RD_LNK_05,New Link Road (Kandivali to Dahisar Link Road Extension),R/N,31.4,35.0,0.1,1,0.0,Free Flow / Moderate
2024-07-10 06:00:00,RD_EEH_01,Eastern Express Highway (Sion Circle to Priyadarshini Park),F/N,51.1,55.0,0.1,0,0.0,Free Flow / Moderate
2024-07-10 06:00:00,RD_EEH_02,Eastern Express Highway (Kurla Amar Mahal to Ghatkopar),L,49.1,55.0,0.11,0,0.0,Free Flow / Moderate
2024-07-10 06:00:00,RD_EEH_03,Eastern Express Highway (Ghatkopar to Vikhroli / Godrej),N,49.9,55.0,0.1,0,0.0,Free Flow / Moderate
2024-07-10 06:00:00,RD_EEH_04,Eastern Express Highway (Vikhroli to Bhandup / Mulund Toll),T,49.3,55.0,0.1,0,0.0,Free Flow / Moderate
2024-07-10 06:00:00,RD_LBS_01,Lal Bahadur Shastri (LBS) Marg (Sion to Kurla Kamani),L,32.6,35.0,0.1,0,0.0,Free Flow / Moderate
2024-07-10 06:00:00,RD_LBS_02,LBS Marg (Kurla to Ghatkopar Gandhi Nagar),N,30.5,35.0,0.13,1,0.0,Free Flow / Moderate
2024-07-10 06:00:00,RD_LBS_03,LBS Marg (Ghatkopar to Vikhroli / Kanjurmarg),S,33.1,35.0,0.1,0,0.0,Free Flow / Moderate
2024-07-10 06:00:00,RD_LBS_04,LBS Marg (Bhandup to Mulund Check Naka),T,31.8,35.0,0.1,0,0.0,Free Flow / Moderate
2024-07-10 06:00:00,RD_JVL_01,Jogeshwari-Vikhroli Link Road (JVLR - WEH to Powai),K/E,30.4,35.0,0.13,1,0.0,Free Flow / Moderate
2024-07-10 07:00:00,RD_WEH_01,Western Express Highway (Bandra to Santacruz),H/E,47.8,55.0,0.13,0,0.0,Free Flow / Moderate
2024-07-10 07:00:00,RD_WEH_02,Western Express Highway (Santacruz to Andheri Flyover),K/E,47.8,55.0,0.13,0,0.0,Free Flow / Moderate
2024-07-10 07:00:00,RD_WEH_03,Western Express Highway (Andheri to Goregaon Hub),P/S,48.2,55.0,0.12,0,0.0,Free Flow / Moderate
2024-07-10 07:00:00,RD_WEH_04,Western Express Highway (Goregaon to Borivali National Park),R/C,50.3,55.0,0.1,0,0.0,Free Flow / Moderate
2024-07-10 07:00:00,RD_WEH_05,Western Express Highway (Borivali to Dahisar Toll Naka),R/N,51.0,55.0,0.1,0,0.0,Free Flow / Moderate
2024-07-10 07:00:00,RD_SVR_01,Swami Vivekanand (SV) Road (Bandra Lucky Jn to Khar),H/W,31.3,35.0,0.11,0,0.0,Free Flow / Moderate
2024-07-10 07:00:00,RD_SVR_02,SV Road (Santacruz Milan Subway Approach),H/W,31.6,35.0,0.1,0,0.0,Free Flow / Moderate
2024-07-10 07:00:00,RD_SVR_03,SV Road (Vile Parle to Andheri Station West),K/W,29.5,35.0,0.16,1,0.0,Free Flow / Moderate
2024-07-10 07:00:00,RD_SVR_04,SV Road (Andheri Subway Section to Jogeshwari),K/W,29.7,35.0,0.15,0,0.0,Free Flow / Moderate
2024-07-10 07:00:00,RD_SVR_05,SV Road (Goregaon to Malad Subway Jn),P/N,33.4,35.0,0.1,0,0.0,Free Flow / Moderate
2024-07-10 07:00:00,RD_SVR_06,SV Road (Kandivali to Borivali Station West),R/C,33.4,35.0,0.1,0,0.0,Free Flow / Moderate
2024-07-10 07:00:00,RD_LNK_01,New Link Road (Bandra West to Khar Danda),H/W,31.7,35.0,0.1,0,0.0,Free Flow / Moderate
2024-07-10 07:00:00,RD_LNK_02,New Link Road (Juhu Circle to Andheri Infinity Mall),K/W,32.5,35.0,0.1,0,0.0,Free Flow / Moderate
2024-07-10 07:00:00,RD_LNK_03,New Link Road (Oshiwara to Goregaon West / Bangur Nagar),P/S,32.0,35.0,0.1,0,0.0,Free Flow / Moderate
2024-07-10 07:00:00,RD_LNK_04,New Link Road (Malad Inorbit to Mith Chowki),P/N,31.5,35.0,0.1,0,0.0,Free Flow / Moderate
2024-07-10 07:00:00,RD_LNK_05,New Link Road (Kandivali to Dahisar Link Road Extension),R/N,33.0,35.0,0.1,0,0.0,Free Flow / Moderate
2024-07-10 07:00:00,RD_EEH_01,Eastern Express Highway (Sion Circle to Priyadarshini Park),F/N,50.9,55.0,0.1,0,0.0,Free Flow / Moderate
2024-07-10 07:00:00,RD_EEH_02,Eastern Express Highway (Kurla Amar Mahal to Ghatkopar),L,48.1,55.0,0.13,0,0.0,Free Flow / Moderate
2024-07-10 07:00:00,RD_EEH_03,Eastern Express Highway (Ghatkopar to Vikhroli / Godrej),N,49.4,55.0,0.1,0,0.0,Free Flow / Moderate
2024-07-10 07:00:00,RD_EEH_04,Eastern Express Highway (Vikhroli to Bhandup / Mulund Toll),T,50.5,55.0,0.1,0,0.0,Free Flow / Moderate
2024-07-10 07:00:00,RD_LBS_01,Lal Bahadur Shastri (LBS) Marg (Sion to Kurla Kamani),L,31.9,35.0,0.1,0,0.0,Free Flow / Moderate
2024-07-10 07:00:00,RD_LBS_02,LBS Marg (Kurla to Ghatkopar Gandhi Nagar),N,30.8,35.0,0.12,0,0.0,Free Flow / Moderate
2024-07-10 07:00:00,RD_LBS_03,LBS Marg (Ghatkopar to Vikhroli / Kanjurmarg),S,30.2,35.0,0.14,1,0.0,Free Flow / Moderate
2024-07-10 07:00:00,RD_LBS_04,LBS Marg (Bhandup to Mulund Check Naka),T,33.0,35.0,0.1,0,0.0,Free Flow / Moderate
2024-07-10 07:00:00,RD_JVL_01,Jogeshwari-Vikhroli Link Road (JVLR - WEH to Powai),K/E,32.8,35.0,0.1,0,0.0,Free Flow / Moderate
2024-07-10 08:00:00,RD_WEH_01,Western Express Highway (Bandra to Santacruz),H/E,30.0,55.0,0.45,4,0.0,Free Flow / Moderate
2024-07-10 08:00:00,RD_WEH_02,Western Express Highway (Santacruz to Andheri Flyover),K/E,31.9,55.0,0.42,4,0.0,Free Flow / Moderate
2024-07-10 08:00:00,RD_WEH_03,Western Express Highway (Andheri to Goregaon Hub),P/S,31.3,55.0,0.43,3,0.0,Free Flow / Moderate
2024-07-10 08:00:00,RD_WEH_04,Western Express Highway (Goregaon to Borivali National Park),R/C,31.1,55.0,0.43,5,0.0,Free Flow / Moderate
2024-07-10 08:00:00,RD_WEH_05,Western Express Highway (Borivali to Dahisar Toll Naka),R/N,28.3,55.0,0.49,4,0.0,Free Flow / Moderate
2024-07-10 08:00:00,RD_SVR_01,Swami Vivekanand (SV) Road (Bandra Lucky Jn to Khar),H/W,19.7,35.0,0.44,4,0.0,Free Flow / Moderate
2024-07-10 08:00:00,RD_SVR_02,SV Road (Santacruz Milan Subway Approach),H/W,18.2,35.0,0.48,3,0.0,Free Flow / Moderate
2024-07-10 08:00:00,RD_SVR_03,SV Road (Vile Parle to Andheri Station West),K/W,17.5,35.0,0.5,6,0.0,Congested
2024-07-10 08:00:00,RD_SVR_04,SV Road (Andheri Subway Section to Jogeshwari),K/W,18.1,35.0,0.48,4,0.0,Free Flow / Moderate
2024-07-10 08:00:00,RD_SVR_05,SV Road (Goregaon to Malad Subway Jn),P/N,17.9,35.0,0.49,6,0.0,Congested
2024-07-10 08:00:00,RD_SVR_06,SV Road (Kandivali to Borivali Station West),R/C,20.3,35.0,0.42,5,0.0,Free Flow / Moderate
2024-07-10 08:00:00,RD_LNK_01,New Link Road (Bandra West to Khar Danda),H/W,19.1,35.0,0.45,3,0.0,Free Flow / Moderate
2024-07-10 08:00:00,RD_LNK_02,New Link Road (Juhu Circle to Andheri Infinity Mall),K/W,19.6,35.0,0.44,5,0.0,Free Flow / Moderate
2024-07-10 08:00:00,RD_LNK_03,New Link Road (Oshiwara to Goregaon West / Bangur Nagar),P/S,19.9,35.0,0.43,4,0.0,Free Flow / Moderate
2024-07-10 08:00:00,RD_LNK_04,New Link Road (Malad Inorbit to Mith Chowki),P/N,18.1,35.0,0.48,5,0.0,Free Flow / Moderate
2024-07-10 08:00:00,RD_LNK_05,New Link Road (Kandivali to Dahisar Link Road Extension),R/N,18.8,35.0,0.46,8,0.0,Free Flow / Moderate
2024-07-10 08:00:00,RD_EEH_01,Eastern Express Highway (Sion Circle to Priyadarshini Park),F/N,29.2,55.0,0.47,3,0.0,Free Flow / Moderate
2024-07-10 08:00:00,RD_EEH_02,Eastern Express Highway (Kurla Amar Mahal to Ghatkopar),L,31.9,55.0,0.42,3,0.0,Free Flow / Moderate
2024-07-10 08:00:00,RD_EEH_03,Eastern Express Highway (Ghatkopar to Vikhroli / Godrej),N,30.9,55.0,0.44,3,0.0,Free Flow / Moderate
2024-07-10 08:00:00,RD_EEH_04,Eastern Express Highway (Vikhroli to Bhandup / Mulund Toll),T,30.0,55.0,0.45,6,0.0,Free Flow / Moderate
2024-07-10 08:00:00,RD_LBS_01,Lal Bahadur Shastri (LBS) Marg (Sion to Kurla Kamani),L,20.4,35.0,0.42,4,0.0,Free Flow / Moderate
2024-07-10 08:00:00,RD_LBS_02,LBS Marg (Kurla to Ghatkopar Gandhi Nagar),N,19.1,35.0,0.45,5,0.0,Free Flow / Moderate
2024-07-10 08:00:00,RD_LBS_03,LBS Marg (Ghatkopar to Vikhroli / Kanjurmarg),S,18.7,35.0,0.47,6,0.0,Free Flow / Moderate
2024-07-10 08:00:00,RD_LBS_04,LBS Marg (Bhandup to Mulund Check Naka),T,18.0,35.0,0.49,7,0.0,Free Flow / Moderate
2024-07-10 08:00:00,RD_JVL_01,Jogeshwari-Vikhroli Link Road (JVLR - WEH to Powai),K/E,19.3,35.0,0.45,7,0.0,Free Flow / Moderate
2024-07-10 09:00:00,RD_WEH_01,Western Express Highway (Bandra to Santacruz),H/E,31.1,55.0,0.43,3,0.0,Free Flow / Moderate
2024-07-10 09:00:00,RD_WEH_02,Western Express Highway (Santacruz to Andheri Flyover),K/E,28.5,55.0,0.48,5,0.0,Free Flow / Moderate
2024-07-10 09:00:00,RD_WEH_03,Western Express Highway (Andheri to Goregaon Hub),P/S,28.5,55.0,0.48,4,0.0,Free Flow / Moderate
2024-07-10 09:00:00,RD_WEH_04,Western Express Highway (Goregaon to Borivali National Park),R/C,30.2,55.0,0.45,5,0.0,Free Flow / Moderate
2024-07-10 09:00:00,RD_WEH_05,Western Express Highway (Borivali to Dahisar Toll Naka),R/N,30.4,55.0,0.45,3,0.0,Free Flow / Moderate
2024-07-10 09:00:00,RD_SVR_01,Swami Vivekanand (SV) Road (Bandra Lucky Jn to Khar),H/W,20.9,35.0,0.4,3,0.0,Free Flow / Moderate
2024-07-10 09:00:00,RD_SVR_02,SV Road (Santacruz Milan Subway Approach),H/W,19.7,35.0,0.44,2,0.0,Free Flow / Moderate
2024-07-10 09:00:00,RD_SVR_03,SV Road (Vile Parle to Andheri Station West),K/W,17.9,35.0,0.49,5,0.0,Congested
2024-07-10 09:00:00,RD_SVR_04,SV Road (Andheri Subway Section to Jogeshwari),K/W,20.6,35.0,0.41,3,0.0,Free Flow / Moderate
2024-07-10 09:00:00,RD_SVR_05,SV Road (Goregaon to Malad Subway Jn),P/N,18.5,35.0,0.47,6,0.0,Free Flow / Moderate
2024-07-10 09:00:00,RD_SVR_06,SV Road (Kandivali to Borivali Station West),R/C,19.9,35.0,0.43,5,0.0,Free Flow / Moderate
2024-07-10 09:00:00,RD_LNK_01,New Link Road (Bandra West to Khar Danda),H/W,20.2,35.0,0.42,3,0.0,Free Flow / Moderate
2024-07-10 09:00:00,RD_LNK_02,New Link Road (Juhu Circle to Andheri Infinity Mall),K/W,17.6,35.0,0.5,6,0.0,Congested
2024-07-10 09:00:00,RD_LNK_03,New Link Road (Oshiwara to Goregaon West / Bangur Nagar),P/S,18.2,35.0,0.48,5,0.0,Free Flow / Moderate
2024-07-10 09:00:00,RD_LNK_04,New Link Road (Malad Inorbit to Mith Chowki),P/N,19.2,35.0,0.45,4,0.0,Free Flow / Moderate
2024-07-10 09:00:00,RD_LNK_05,New Link Road (Kandivali to Dahisar Link Road Extension),R/N,18.6,35.0,0.47,8,0.0,Free Flow / Moderate
2024-07-10 09:00:00,RD_EEH_01,Eastern Express Highway (Sion Circle to Priyadarshini Park),F/N,30.4,55.0,0.45,3,0.0,Free Flow / Moderate
2024-07-10 09:00:00,RD_EEH_02,Eastern Express Highway (Kurla Amar Mahal to Ghatkopar),L,31.1,55.0,0.43,3,0.0,Free Flow / Moderate
2024-07-10 09:00:00,RD_EEH_03,Eastern Express Highway (Ghatkopar to Vikhroli / Godrej),N,28.6,55.0,0.48,4,0.0,Free Flow / Moderate
2024-07-10 09:00:00,RD_EEH_04,Eastern Express Highway (Vikhroli to Bhandup / Mulund Toll),T,29.7,55.0,0.46,6,0.0,Free Flow / Moderate
2024-07-10 09:00:00,RD_LBS_01,Lal Bahadur Shastri (LBS) Marg (Sion to Kurla Kamani),L,20.6,35.0,0.41,4,0.0,Free Flow / Moderate
2024-07-10 09:00:00,RD_LBS_02,LBS Marg (Kurla to Ghatkopar Gandhi Nagar),N,19.3,35.0,0.45,5,0.0,Free Flow / Moderate
2024-07-10 09:00:00,RD_LBS_03,LBS Marg (Ghatkopar to Vikhroli / Kanjurmarg),S,17.6,35.0,0.5,7,0.0,Congested
2024-07-10 09:00:00,RD_LBS_04,LBS Marg (Bhandup to Mulund Check Naka),T,19.9,35.0,0.43,6,0.0,Free Flow / Moderate
2024-07-10 09:00:00,RD_JVL_01,Jogeshwari-Vikhroli Link Road (JVLR - WEH to Powai),K/E,19.8,35.0,0.43,7,0.0,Free Flow / Moderate
2024-07-10 10:00:00,RD_WEH_01,Western Express Highway (Bandra to Santacruz),H/E,31.3,55.0,0.43,3,0.0,Free Flow / Moderate
2024-07-10 10:00:00,RD_WEH_02,Western Express Highway (Santacruz to Andheri Flyover),K/E,29.4,55.0,0.47,4,0.0,Free Flow / Moderate
2024-07-10 10:00:00,RD_WEH_03,Western Express Highway (Andheri to Goregaon Hub),P/S,30.2,55.0,0.45,4,0.0,Free Flow / Moderate
2024-07-10 10:00:00,RD_WEH_04,Western Express Highway (Goregaon to Borivali National Park),R/C,31.4,55.0,0.43,5,0.0,Free Flow / Moderate
2024-07-10 10:00:00,RD_WEH_05,Western Express Highway (Borivali to Dahisar Toll Naka),R/N,30.9,55.0,0.44,3,0.0,Free Flow / Moderate
2024-07-10 10:00:00,RD_SVR_01,Swami Vivekanand (SV) Road (Bandra Lucky Jn to Khar),H/W,18.4,35.0,0.47,4,0.0,Free Flow / Moderate
2024-07-10 10:00:00,RD_SVR_02,SV Road (Santacruz Milan Subway Approach),H/W,19.2,35.0,0.45,2,0.0,Free Flow / Moderate
2024-07-10 10:00:00,RD_SVR_03,SV Road (Vile Parle to Andheri Station West),K/W,17.5,35.0,0.5,6,0.0,Congested
2024-07-10 10:00:00,RD_SVR_04,SV Road (Andheri Subway Section to Jogeshwari),K/W,20.7,35.0,0.41,3,0.0,Free Flow / Moderate
2024-07-10 10:00:00,RD_SVR_05,SV Road (Goregaon to Malad Subway Jn),P/N,20.5,35.0,0.41,5,0.0,Free Flow / Moderate
2024-07-10 10:00:00,RD_SVR_06,SV Road (Kandivali to Borivali Station West),R/C,18.1,35.0,0.48,7,0.0,Free Flow / Moderate
2024-07-10 10:00:00,RD_LNK_01,New Link Road (Bandra West to Khar Danda),H/W,18.0,35.0,0.49,4,0.0,Free Flow / Moderate
2024-07-10 10:00:00,RD_LNK_02,New Link Road (Juhu Circle to Andheri Infinity Mall),K/W,17.4,35.0,0.5,7,0.0,Congested
2024-07-10 10:00:00,RD_LNK_03,New Link Road (Oshiwara to Goregaon West / Bangur Nagar),P/S,20.2,35.0,0.42,4,0.0,Free Flow / Moderate
2024-07-10 10:00:00,RD_LNK_04,New Link Road (Malad Inorbit to Mith Chowki),P/N,19.1,35.0,0.45,4,0.0,Free Flow / Moderate
2024-07-10 10:00:00,RD_LNK_05,New Link Road (Kandivali to Dahisar Link Road Extension),R/N,20.6,35.0,0.41,6,0.0,Free Flow / Moderate
2024-07-10 10:00:00,RD_EEH_01,Eastern Express Highway (Sion Circle to Priyadarshini Park),F/N,28.6,55.0,0.48,3,0.0,Free Flow / Moderate
2024-07-10 10:00:00,RD_EEH_02,Eastern Express Highway (Kurla Amar Mahal to Ghatkopar),L,31.9,55.0,0.42,3,0.0,Free Flow / Moderate
2024-07-10 10:00:00,RD_EEH_03,Eastern Express Highway (Ghatkopar to Vikhroli / Godrej),N,30.3,55.0,0.45,3,0.0,Free Flow / Moderate
2024-07-10 10:00:00,RD_EEH_04,Eastern Express Highway (Vikhroli to Bhandup / Mulund Toll),T,28.7,55.0,0.48,6,0.0,Free Flow / Moderate
2024-07-10 10:00:00,RD_LBS_01,Lal Bahadur Shastri (LBS) Marg (Sion to Kurla Kamani),L,18.8,35.0,0.46,5,0.0,Free Flow / Moderate
2024-07-10 10:00:00,RD_LBS_02,LBS Marg (Kurla to Ghatkopar Gandhi Nagar),N,20.9,35.0,0.4,4,0.0,Free Flow / Moderate
2024-07-10 10:00:00,RD_LBS_03,LBS Marg (Ghatkopar to Vikhroli / Kanjurmarg),S,19.7,35.0,0.44,5,0.0,Free Flow / Moderate
2024-07-10 10:00:00,RD_LBS_04,LBS Marg (Bhandup to Mulund Check Naka),T,18.5,35.0,0.47,7,0.0,Free Flow / Moderate
2024-07-10 10:00:00,RD_JVL_01,Jogeshwari-Vikhroli Link Road (JVLR - WEH to Powai),K/E,17.4,35.0,0.5,9,0.0,Congested
2024-07-10 11:00:00,RD_WEH_01,Western Express Highway (Bandra to Santacruz),H/E,29.2,55.0,0.47,4,0.0,Free Flow / Moderate
2024-07-10 11:00:00,RD_WEH_02,Western Express Highway (Santacruz to Andheri Flyover),K/E,31.1,55.0,0.43,4,0.0,Free Flow / Moderate
2024-07-10 11:00:00,RD_WEH_03,Western Express Highway (Andheri to Goregaon Hub),P/S,31.4,55.0,0.43,3,0.0,Free Flow / Moderate
2024-07-10 11:00:00,RD_WEH_04,Western Express Highway (Goregaon to Borivali National Park),R/C,31.4,55.0,0.43,5,0.0,Free Flow / Moderate
2024-07-10 11:00:00,RD_WEH_05,Western Express Highway (Borivali to Dahisar Toll Naka),R/N,31.2,55.0,0.43,3,0.0,Free Flow / Moderate
2024-07-10 11:00:00,RD_SVR_01,Swami Vivekanand (SV) Road (Bandra Lucky Jn to Khar),H/W,17.5,35.0,0.5,5,0.0,Congested
2024-07-10 11:00:00,RD_SVR_02,SV Road (Santacruz Milan Subway Approach),H/W,18.6,35.0,0.47,3,0.0,Free Flow / Moderate
2024-07-10 11:00:00,RD_SVR_03,SV Road (Vile Parle to Andheri Station West),K/W,17.4,35.0,0.5,6,0.0,Congested
2024-07-10 11:00:00,RD_SVR_04,SV Road (Andheri Subway Section to Jogeshwari),K/W,19.5,35.0,0.44,4,0.0,Free Flow / Moderate
2024-07-10 11:00:00,RD_SVR_05,SV Road (Goregaon to Malad Subway Jn),P/N,19.7,35.0,0.44,5,0.0,Free Flow / Moderate
2024-07-10 11:00:00,RD_SVR_06,SV Road (Kandivali to Borivali Station West),R/C,18.4,35.0,0.47,7,0.0,Free Flow / Moderate
2024-07-10 11:00:00,RD_LNK_01,New Link Road (Bandra West to Khar Danda),H/W,19.9,35.0,0.43,3,0.0,Free Flow / Moderate
2024-07-10 11:00:00,RD_LNK_02,New Link Road (Juhu Circle to Andheri Infinity Mall),K/W,17.6,35.0,0.5,6,0.0,Congested
2024-07-10 11:00:00,RD_LNK_03,New Link Road (Oshiwara to Goregaon West / Bangur Nagar),P/S,18.1,35.0,0.48,5,0.0,Free Flow / Moderate
2024-07-10 11:00:00,RD_LNK_04,New Link Road (Malad Inorbit to Mith Chowki),P/N,17.8,35.0,0.49,5,0.0,Congested
2024-07-10 11:00:00,RD_LNK_05,New Link Road (Kandivali to Dahisar Link Road Extension),R/N,18.2,35.0,0.48,9,0.0,Free Flow / Moderate
2024-07-10 11:00:00,RD_EEH_01,Eastern Express Highway (Sion Circle to Priyadarshini Park),F/N,28.7,55.0,0.48,3,0.0,Free Flow / Moderate
2024-07-10 11:00:00,RD_EEH_02,Eastern Express Highway (Kurla Amar Mahal to Ghatkopar),L,31.8,55.0,0.42,3,0.0,Free Flow / Moderate
2024-07-10 11:00:00,RD_EEH_03,Eastern Express Highway (Ghatkopar to Vikhroli / Godrej),N,28.8,55.0,0.48,4,0.0,Free Flow / Moderate
2024-07-10 11:00:00,RD_EEH_04,Eastern Express Highway (Vikhroli to Bhandup / Mulund Toll),T,31.4,55.0,0.43,5,0.0,Free Flow / Moderate
2024-07-10 11:00:00,RD_LBS_01,Lal Bahadur Shastri (LBS) Marg (Sion to Kurla Kamani),L,19.9,35.0,0.43,5,0.0,Free Flow / Moderate
2024-07-10 11:00:00,RD_LBS_02,LBS Marg (Kurla to Ghatkopar Gandhi Nagar),N,19.5,35.0,0.44,5,0.0,Free Flow / Moderate
2024-07-10 11:00:00,RD_LBS_03,LBS Marg (Ghatkopar to Vikhroli / Kanjurmarg),S,17.5,35.0,0.5,7,0.0,Congested
2024-07-10 11:00:00,RD_LBS_04,LBS Marg (Bhandup to Mulund Check Naka),T,18.0,35.0,0.49,7,0.0,Free Flow / Moderate
2024-07-10 11:00:00,RD_JVL_01,Jogeshwari-Vikhroli Link Road (JVLR - WEH to Powai),K/E,20.9,35.0,0.4,6,0.0,Free Flow / Moderate
2024-07-10 12:00:00,RD_WEH_01,Western Express Highway (Bandra to Santacruz),H/E,49.3,55.0,0.1,0,0.0,Free Flow / Moderate
2024-07-10 12:00:00,RD_WEH_02,Western Express Highway (Santacruz to Andheri Flyover),K/E,51.1,55.0,0.1,0,0.0,Free Flow / Moderate
2024-07-10 12:00:00,RD_WEH_03,Western Express Highway (Andheri to Goregaon Hub),P/S,50.6,55.0,0.1,0,0.0,Free Flow / Moderate
2024-07-10 12:00:00,RD_WEH_04,Western Express Highway (Goregaon to Borivali National Park),R/C,50.3,55.0,0.1,0,0.0,Free Flow / Moderate
2024-07-10 12:00:00,RD_WEH_05,Western Express Highway (Borivali to Dahisar Toll Naka),R/N,47.5,55.0,0.14,0,0.0,Free Flow / Moderate
2024-07-10 12:00:00,RD_SVR_01,Swami Vivekanand (SV) Road (Bandra Lucky Jn to Khar),H/W,31.0,35.0,0.11,0,0.0,Free Flow / Moderate
2024-07-10 12:00:00,RD_SVR_02,SV Road (Santacruz Milan Subway Approach),H/W,33.1,35.0,0.1,0,0.0,Free Flow / Moderate
2024-07-10 12:00:00,RD_SVR_03,SV Road (Vile Parle to Andheri Station West),K/W,32.9,35.0,0.1,0,0.0,Free Flow / Moderate
2024-07-10 12:00:00,RD_SVR_04,SV Road (Andheri Subway Section to Jogeshwari),K/W,32.5,35.0,0.1,0,0.0,Free Flow / Moderate
2024-07-10 12:00:00,RD_SVR_05,SV Road (Goregaon to Malad Subway Jn),P/N,29.9,35.0,0.15,1,0.0,Free Flow / Moderate
2024-07-10 12:00:00,RD_SVR_06,SV Road (Kandivali to Borivali Station West),R/C,32.3,35.0,0.1,0,0.0,Free Flow / Moderate
2024-07-10 12:00:00,RD_LNK_01,New Link Road (Bandra West to Khar Danda),H/W,32.3,35.0,0.1,0,0.0,Free Flow / Moderate
2024-07-10 12:00:00,RD_LNK_02,New Link Road (Juhu Circle to Andheri Infinity Mall),K/W,30.6,35.0,0.13,1,0.0,Free Flow / Moderate
2024-07-10 12:00:00,RD_LNK_03,New Link Road (Oshiwara to Goregaon West / Bangur Nagar),P/S,30.7,35.0,0.12,0,0.0,Free Flow / Moderate
2024-07-10 12:00:00,RD_LNK_04,New Link Road (Malad Inorbit to Mith Chowki),P/N,31.2,35.0,0.11,0,0.0,Free Flow / Moderate
2024-07-10 12:00:00,RD_LNK_05,New Link Road (Kandivali to Dahisar Link Road Extension),R/N,31.4,35.0,0.1,1,0.0,Free Flow / Moderate
2024-07-10 12:00:00,RD_EEH_01,Eastern Express Highway (Sion Circle to Priyadarshini Park),F/N,48.0,55.0,0.13,0,0.0,Free Flow / Moderate
2024-07-10 12:00:00,RD_EEH_02,Eastern Express Highway (Kurla Amar Mahal to Ghatkopar),L,50.6,55.0,0.1,0,0.0,Free Flow / Moderate
2024-07-10 12:00:00,RD_EEH_03,Eastern Express Highway (Ghatkopar to Vikhroli / Godrej),N,50.4,55.0,0.1,0,0.0,Free Flow / Moderate
2024-07-10 12:00:00,RD_EEH_04,Eastern Express Highway (Vikhroli to Bhandup / Mulund Toll),T,50.4,55.0,0.1,0,0.0,Free Flow / Moderate
2024-07-10 12:00:00,RD_LBS_01,Lal Bahadur Shastri (LBS) Marg (Sion to Kurla Kamani),L,33.1,35.0,0.1,0,0.0,Free Flow / Moderate
2024-07-10 12:00:00,RD_LBS_02,LBS Marg (Kurla to Ghatkopar Gandhi Nagar),N,33.3,35.0,0.1,0,0.0,Free Flow / Moderate
2024-07-10 12:00:00,RD_LBS_03,LBS Marg (Ghatkopar to Vikhroli / Kanjurmarg),S,31.8,35.0,0.1,0,0.0,Free Flow / Moderate
2024-07-10 12:00:00,RD_LBS_04,LBS Marg (Bhandup to Mulund Check Naka),T,32.5,35.0,0.1,0,0.0,Free Flow / Moderate
2024-07-10 12:00:00,RD_JVL_01,Jogeshwari-Vikhroli Link Road (JVLR - WEH to Powai),K/E,33.3,35.0,0.1,0,0.0,Free Flow / Moderate
2024-07-10 13:00:00,RD_WEH_01,Western Express Highway (Bandra to Santacruz),H/E,50.6,55.0,0.1,0,0.0,Free Flow / Moderate
2024-07-10 13:00:00,RD_WEH_02,Western Express Highway (Santacruz to Andheri Flyover),K/E,48.1,55.0,0.13,0,0.0,Free Flow / Moderate
2024-07-10 13:00:00,RD_WEH_03,Western Express Highway (Andheri to Goregaon Hub),P/S,48.2,55.0,0.12,0,0.0,Free Flow / Moderate
2024-07-10 13:00:00,RD_WEH_04,Western Express Highway (Goregaon to Borivali National Park),R/C,49.8,55.0,0.1,0,0.0,Free Flow / Moderate
2024-07-10 13:00:00,RD_WEH_05,Western Express Highway (Borivali to Dahisar Toll Naka),R/N,48.6,55.0,0.12,0,0.0,Free Flow / Moderate
2024-07-10 13:00:00,RD_SVR_01,Swami Vivekanand (SV) Road (Bandra Lucky Jn to Khar),H/W,31.8,35.0,0.1,0,0.0,Free Flow / Moderate
2024-07-10 13:00:00,RD_SVR_02,SV Road (Santacruz Milan Subway Approach),H/W,30.0,35.0,0.14,0,0.0,Free Flow / Moderate
2024-07-10 13:00:00,RD_SVR_03,SV Road (Vile Parle to Andheri Station West),K/W,32.5,35.0,0.1,0,0.0,Free Flow / Moderate
2024-07-10 13:00:00,RD_SVR_04,SV Road (Andheri Subway Section to Jogeshwari),K/W,29.8,35.0,0.15,0,0.0,Free Flow / Moderate
2024-07-10 13:00:00,RD_SVR_05,SV Road (Goregaon to Malad Subway Jn),P/N,29.7,35.0,0.15,1,0.0,Free Flow / Moderate
2024-07-10 13:00:00,RD_SVR_06,SV Road (Kandivali to Borivali Station West),R/C,31.2,35.0,0.11,0,0.0,Free Flow / Moderate
2024-07-10 13:00:00,RD_LNK_01,New Link Road (Bandra West to Khar Danda),H/W,30.7,35.0,0.12,0,0.0,Free Flow / Moderate
2024-07-10 13:00:00,RD_LNK_02,New Link Road (Juhu Circle to Andheri Infinity Mall),K/W,31.9,35.0,0.1,0,0.0,Free Flow / Moderate
2024-07-10 13:00:00,RD_LNK_03,New Link Road (Oshiwara to Goregaon West / Bangur Nagar),P/S,29.5,35.0,0.16,1,0.0,Free Flow / Moderate
2024-07-10 13:00:00,RD_LNK_04,New Link Road (Malad Inorbit to Mith Chowki),P/N,31.7,35.0,0.1,0,0.0,Free Flow / Moderate
2024-07-10 13:00:00,RD_LNK_05,New Link Road (Kandivali to Dahisar Link Road Extension),R/N,31.7,35.0,0.1,1,0.0,Free Flow / Moderate
2024-07-10 13:00:00,RD_EEH_01,Eastern Express Highway (Sion Circle to Priyadarshini Park),F/N,49.6,55.0,0.1,0,0.0,Free Flow / Moderate
2024-07-10 13:00:00,RD_EEH_02,Eastern Express Highway (Kurla Amar Mahal to Ghatkopar),L,49.2,55.0,0.11,0,0.0,Free Flow / Moderate
2024-07-10 13:00:00,RD_EEH_03,Eastern Express Highway (Ghatkopar to Vikhroli / Godrej),N,50.6,55.0,0.1,0,0.0,Free Flow / Moderate
2024-07-10 13:00:00,RD_EEH_04,Eastern Express Highway (Vikhroli to Bhandup / Mulund Toll),T,50.1,55.0,0.1,0,0.0,Free Flow / Moderate
2024-07-10 13:00:00,RD_LBS_01,Lal Bahadur Shastri (LBS) Marg (Sion to Kurla Kamani),L,31.4,35.0,0.1,0,0.0,Free Flow / Moderate
2024-07-10 13:00:00,RD_LBS_02,LBS Marg (Kurla to Ghatkopar Gandhi Nagar),N,33.4,35.0,0.1,0,0.0,Free Flow / Moderate
2024-07-10 13:00:00,RD_LBS_03,LBS Marg (Ghatkopar to Vikhroli / Kanjurmarg),S,32.8,35.0,0.1,0,0.0,Free Flow / Moderate
2024-07-10 13:00:00,RD_LBS_04,LBS Marg (Bhandup to Mulund Check Naka),T,30.2,35.0,0.14,1,0.0,Free Flow / Moderate
2024-07-10 13:00:00,RD_JVL_01,Jogeshwari-Vikhroli Link Road (JVLR - WEH to Powai),K/E,30.7,35.0,0.12,1,0.0,Free Flow / Moderate
2024-07-10 14:00:00,RD_WEH_01,Western Express Highway (Bandra to Santacruz),H/E,47.7,55.0,0.13,0,0.0,Free Flow / Moderate
2024-07-10 14:00:00,RD_WEH_02,Western Express Highway (Santacruz to Andheri Flyover),K/E,47.7,55.0,0.13,0,0.0,Free Flow / Moderate
2024-07-10 14:00:00,RD_WEH_03,Western Express Highway (Andheri to Goregaon Hub),P/S,50.7,55.0,0.1,0,0.0,Free Flow / Moderate
2024-07-10 14:00:00,RD_WEH_04,Western Express Highway (Goregaon to Borivali National Park),R/C,48.6,55.0,0.12,0,0.0,Free Flow / Moderate
2024-07-10 14:00:00,RD_WEH_05,Western Express Highway (Borivali to Dahisar Toll Naka),R/N,50.4,55.0,0.1,0,0.0,Free Flow / Moderate
2024-07-10 14:00:00,RD_SVR_01,Swami Vivekanand (SV) Road (Bandra Lucky Jn to Khar),H/W,30.3,35.0,0.13,0,0.0,Free Flow / Moderate
2024-07-10 14:00:00,RD_SVR_02,SV Road (Santacruz Milan Subway Approach),H/W,31.4,35.0,0.1,0,0.0,Free Flow / Moderate
2024-07-10 14:00:00,RD_SVR_03,SV Road (Vile Parle to Andheri Station West),K/W,30.4,35.0,0.13,0,0.0,Free Flow / Moderate
2024-07-10 14:00:00,RD_SVR_04,SV Road (Andheri Subway Section to Jogeshwari),K/W,31.3,35.0,0.11,0,0.0,Free Flow / Moderate
2024-07-10 14:00:00,RD_SVR_05,SV Road (Goregaon to Malad Subway Jn),P/N,33.5,35.0,0.1,0,0.0,Free Flow / Moderate
2024-07-10 14:00:00,RD_SVR_06,SV Road (Kandivali to Borivali Station West),R/C,30.0,35.0,0.14,1,0.0,Free Flow / Moderate
2024-07-10 14:00:00,RD_LNK_01,New Link Road (Bandra West to Khar Danda),H/W,29.9,35.0,0.15,0,0.0,Free Flow / Moderate
2024-07-10 14:00:00,RD_LNK_02,New Link Road (Juhu Circle to Andheri Infinity Mall),K/W,29.7,35.0,0.15,1,0.0,Free Flow / Moderate
2024-07-10 14:00:00,RD_LNK_03,New Link Road (Oshiwara to Goregaon West / Bangur Nagar),P/S,32.5,35.0,0.1,0,0.0,Free Flow / Moderate
2024-07-10 14:00:00,RD_LNK_04,New Link Road (Malad Inorbit to Mith Chowki),P/N,32.7,35.0,0.1,0,0.0,Free Flow / Moderate
2024-07-10 14:00:00,RD_LNK_05,New Link Road (Kandivali to Dahisar Link Road Extension),R/N,32.9,35.0,0.1,0,0.0,Free Flow / Moderate
2024-07-10 14:00:00,RD_EEH_01,Eastern Express Highway (Sion Circle to Priyadarshini Park),F/N,48.9,55.0,0.11,0,0.0,Free Flow / Moderate
2024-07-10 14:00:00,RD_EEH_02,Eastern Express Highway (Kurla Amar Mahal to Ghatkopar),L,48.9,55.0,0.11,0,0.0,Free Flow / Moderate
2024-07-10 14:00:00,RD_EEH_03,Eastern Express Highway (Ghatkopar to Vikhroli / Godrej),N,49.1,55.0,0.11,0,0.0,Free Flow / Moderate
2024-07-10 14:00:00,RD_EEH_04,Eastern Express Highway (Vikhroli to Bhandup / Mulund Toll),T,50.5,55.0,0.1,0,0.0,Free Flow / Moderate
2024-07-10 14:00:00,RD_LBS_01,Lal Bahadur Shastri (LBS) Marg (Sion to Kurla Kamani),L,33.4,35.0,0.1,0,0.0,Free Flow / Moderate
2024-07-10 14:00:00,RD_LBS_02,LBS Marg (Kurla to Ghatkopar Gandhi Nagar),N,32.5,35.0,0.1,0,0.0,Free Flow / Moderate
2024-07-10 14:00:00,RD_LBS_03,LBS Marg (Ghatkopar to Vikhroli / Kanjurmarg),S,30.1,35.0,0.14,1,0.0,Free Flow / Moderate
2024-07-10 14:00:00,RD_LBS_04,LBS Marg (Bhandup to Mulund Check Naka),T,30.1,35.0,0.14,1,0.0,Free Flow / Moderate
2024-07-10 14:00:00,RD_JVL_01,Jogeshwari-Vikhroli Link Road (JVLR - WEH to Powai),K/E,31.2,35.0,0.11,1,0.0,Free Flow / Moderate
2024-07-10 15:00:00,RD_WEH_01,Western Express Highway (Bandra to Santacruz),H/E,48.8,55.0,0.11,0,0.0,Free Flow / Moderate
2024-07-10 15:00:00,RD_WEH_02,Western Express Highway (Santacruz to Andheri Flyover),K/E,48.8,55.0,0.11,0,0.0,Free Flow / Moderate
2024-07-10 15:00:00,RD_WEH_03,Western Express Highway (Andheri to Goregaon Hub),P/S,48.9,55.0,0.11,0,0.0,Free Flow / Moderate
2024-07-10 15:00:00,RD_WEH_04,Western Express Highway (Goregaon to Borivali National Park),R/C,48.9,55.0,0.11,0,0.0,Free Flow / Moderate
2024-07-10 15:00:00,RD_WEH_05,Western Express Highway (Borivali to Dahisar Toll Naka),R/N,50.8,55.0,0.1,0,0.0,Free Flow / Moderate
2024-07-10 15:00:00,RD_SVR_01,Swami Vivekanand (SV) Road (Bandra Lucky Jn to Khar),H/W,30.6,35.0,0.13,0,0.0,Free Flow / Moderate
2024-07-10 15:00:00,RD_SVR_02,SV Road (Santacruz Milan Subway Approach),H/W,33.2,35.0,0.1,0,0.0,Free Flow / Moderate
2024-07-10 15:00:00,RD_SVR_03,SV Road (Vile Parle to Andheri Station West),K/W,29.9,35.0,0.15,1,0.0,Free Flow / Moderate
2024-07-10 15:00:00,RD_SVR_04,SV Road (Andheri Subway Section to Jogeshwari),K/W,30.2,35.0,0.14,0,0.0,Free Flow / Moderate
2024-07-10 15:00:00,RD_SVR_05,SV Road (Goregaon to Malad Subway Jn),P/N,30.9,35.0,0.12,0,0.0,Free Flow / Moderate
2024-07-10 15:00:00,RD_SVR_06,SV Road (Kandivali to Borivali Station West),R/C,29.9,35.0,0.15,1,0.0,Free Flow / Moderate
2024-07-10 15:00:00,RD_LNK_01,New Link Road (Bandra West to Khar Danda),H/W,31.6,35.0,0.1,0,0.0,Free Flow / Moderate
2024-07-10 15:00:00,RD_LNK_02,New Link Road (Juhu Circle to Andheri Infinity Mall),K/W,32.6,35.0,0.1,0,0.0,Free Flow / Moderate
2024-07-10 15:00:00,RD_LNK_03,New Link Road (Oshiwara to Goregaon West / Bangur Nagar),P/S,31.7,35.0,0.1,0,0.0,Free Flow / Moderate
2024-07-10 15:00:00,RD_LNK_04,New Link Road (Malad Inorbit to Mith Chowki),P/N,31.1,35.0,0.11,0,0.0,Free Flow / Moderate
2024-07-10 15:00:00,RD_LNK_05,New Link Road (Kandivali to Dahisar Link Road Extension),R/N,29.7,35.0,0.15,1,0.0,Free Flow / Moderate
2024-07-10 15:00:00,RD_EEH_01,Eastern Express Highway (Sion Circle to Priyadarshini Park),F/N,50.3,55.0,0.1,0,0.0,Free Flow / Moderate
2024-07-10 15:00:00,RD_EEH_02,Eastern Express Highway (Kurla Amar Mahal to Ghatkopar),L,49.0,55.0,0.11,0,0.0,Free Flow / Moderate
2024-07-10 15:00:00,RD_EEH_03,Eastern Express Highway (Ghatkopar to Vikhroli / Godrej),N,49.5,55.0,0.1,0,0.0,Free Flow / Moderate
2024-07-10 15:00:00,RD_EEH_04,Eastern Express Highway (Vikhroli to Bhandup / Mulund Toll),T,50.1,55.0,0.1,0,0.0,Free Flow / Moderate
2024-07-10 15:00:00,RD_LBS_01,Lal Bahadur Shastri (LBS) Marg (Sion to Kurla Kamani),L,30.9,35.0,0.12,0,0.0,Free Flow / Moderate
2024-07-10 15:00:00,RD_LBS_02,LBS Marg (Kurla to Ghatkopar Gandhi Nagar),N,33.0,35.0,0.1,0,0.0,Free Flow / Moderate
2024-07-10 15:00:00,RD_LBS_03,LBS Marg (Ghatkopar to Vikhroli / Kanjurmarg),S,33.2,35.0,0.1,0,0.0,Free Flow / Moderate
2024-07-10 15:00:00,RD_LBS_04,LBS Marg (Bhandup to Mulund Check Naka),T,32.1,35.0,0.1,0,0.0,Free Flow / Moderate
2024-07-10 15:00:00,RD_JVL_01,Jogeshwari-Vikhroli Link Road (JVLR - WEH to Powai),K/E,32.5,35.0,0.1,0,0.0,Free Flow / Moderate
2024-07-10 16:00:00,RD_WEH_01,Western Express Highway (Bandra to Santacruz),H/E,47.9,55.0,0.13,0,0.0,Free Flow / Moderate
2024-07-10 16:00:00,RD_WEH_02,Western Express Highway (Santacruz to Andheri Flyover),K/E,49.3,55.0,0.1,0,0.0,Free Flow / Moderate
2024-07-10 16:00:00,RD_WEH_03,Western Express Highway (Andheri to Goregaon Hub),P/S,48.7,55.0,0.11,0,0.0,Free Flow / Moderate
2024-07-10 16:00:00,RD_WEH_04,Western Express Highway (Goregaon to Borivali National Park),R/C,49.1,55.0,0.11,0,0.0,Free Flow / Moderate
2024-07-10 16:00:00,RD_WEH_05,Western Express Highway (Borivali to Dahisar Toll Naka),R/N,51.3,55.0,0.1,0,0.0,Free Flow / Moderate
2024-07-10 16:00:00,RD_SVR_01,Swami Vivekanand (SV) Road (Bandra Lucky Jn to Khar),H/W,32.7,35.0,0.1,0,0.0,Free Flow / Moderate
2024-07-10 16:00:00,RD_SVR_02,SV Road (Santacruz Milan Subway Approach),H/W,32.4,35.0,0.1,0,0.0,Free Flow / Moderate
2024-07-10 16:00:00,RD_SVR_03,SV Road (Vile Parle to Andheri Station West),K/W,32.8,35.0,0.1,0,0.0,Free Flow / Moderate
2024-07-10 16:00:00,RD_SVR_04,SV Road (Andheri Subway Section to Jogeshwari),K/W,33.0,35.0,0.1,0,0.0,Free Flow / Moderate
2024-07-10 16:00:00,RD_SVR_05,SV Road (Goregaon to Malad Subway Jn),P/N,30.1,35.0,0.14,1,0.0,Free Flow / Moderate
2024-07-10 16:00:00,RD_SVR_06,SV Road (Kandivali to Borivali Station West),R/C,33.3,35.0,0.1,0,0.0,Free Flow / Moderate
2024-07-10 16:00:00,RD_LNK_01,New Link Road (Bandra West to Khar Danda),H/W,30.2,35.0,0.14,0,0.0,Free Flow / Moderate
2024-07-10 16:00:00,RD_LNK_02,New Link Road (Juhu Circle to Andheri Infinity Mall),K/W,30.0,35.0,0.14,1,0.0,Free Flow / Moderate
2024-07-10 16:00:00,RD_LNK_03,New Link Road (Oshiwara to Goregaon West / Bangur Nagar),P/S,31.4,35.0,0.1,0,0.0,Free Flow / Moderate
2024-07-10 16:00:00,RD_LNK_04,New Link Road (Malad Inorbit to Mith Chowki),P/N,30.2,35.0,0.14,0,0.0,Free Flow / Moderate
2024-07-10 16:00:00,RD_LNK_05,New Link Road (Kandivali to Dahisar Link Road Extension),R/N,31.5,35.0,0.1,1,0.0,Free Flow / Moderate
2024-07-10 16:00:00,RD_EEH_01,Eastern Express Highway (Sion Circle to Priyadarshini Park),F/N,50.0,55.0,0.1,0,0.0,Free Flow / Moderate
2024-07-10 16:00:00,RD_EEH_02,Eastern Express Highway (Kurla Amar Mahal to Ghatkopar),L,50.0,55.0,0.1,0,0.0,Free Flow / Moderate
2024-07-10 16:00:00,RD_EEH_03,Eastern Express Highway (Ghatkopar to Vikhroli / Godrej),N,49.6,55.0,0.1,0,0.0,Free Flow / Moderate
2024-07-10 16:00:00,RD_EEH_04,Eastern Express Highway (Vikhroli to Bhandup / Mulund Toll),T,50.0,55.0,0.1,0,0.0,Free Flow / Moderate
2024-07-10 16:00:00,RD_LBS_01,Lal Bahadur Shastri (LBS) Marg (Sion to Kurla Kamani),L,33.4,35.0,0.1,0,0.0,Free Flow / Moderate
2024-07-10 16:00:00,RD_LBS_02,LBS Marg (Kurla to Ghatkopar Gandhi Nagar),N,30.8,35.0,0.12,0,0.0,Free Flow / Moderate
2024-07-10 16:00:00,RD_LBS_03,LBS Marg (Ghatkopar to Vikhroli / Kanjurmarg),S,32.3,35.0,0.1,0,0.0,Free Flow / Moderate
2024-07-10 16:00:00,RD_LBS_04,LBS Marg (Bhandup to Mulund Check Naka),T,29.9,35.0,0.15,1,0.0,Free Flow / Moderate
2024-07-10 16:00:00,RD_JVL_01,Jogeshwari-Vikhroli Link Road (JVLR - WEH to Powai),K/E,31.3,35.0,0.11,1,0.0,Free Flow / Moderate
2024-07-10 17:00:00,RD_WEH_01,Western Express Highway (Bandra to Santacruz),H/E,29.8,55.0,0.46,4,0.0,Free Flow / Moderate
2024-07-10 17:00:00,RD_WEH_02,Western Express Highway (Santacruz to Andheri Flyover),K/E,31.8,55.0,0.42,4,0.0,Free Flow / Moderate
2024-07-10 17:00:00,RD_WEH_03,Western Express Highway (Andheri to Goregaon Hub),P/S,30.8,55.0,0.44,4,0.0,Free Flow / Moderate
2024-07-10 17:00:00,RD_WEH_04,Western Express Highway (Goregaon to Borivali National Park),R/C,29.1,55.0,0.47,6,0.0,Free Flow / Moderate
2024-07-10 17:00:00,RD_WEH_05,Western Express Highway (Borivali to Dahisar Toll Naka),R/N,31.0,55.0,0.44,3,0.0,Free Flow / Moderate
2024-07-10 17:00:00,RD_SVR_01,Swami Vivekanand (SV) Road (Bandra Lucky Jn to Khar),H/W,18.5,35.0,0.47,4,0.0,Free Flow / Moderate
2024-07-10 17:00:00,RD_SVR_02,SV Road (Santacruz Milan Subway Approach),H/W,18.5,35.0,0.47,3,0.0,Free Flow / Moderate
2024-07-10 17:00:00,RD_SVR_03,SV Road (Vile Parle to Andheri Station West),K/W,18.5,35.0,0.47,5,0.0,Free Flow / Moderate
2024-07-10 17:00:00,RD_SVR_04,SV Road (Andheri Subway Section to Jogeshwari),K/W,18.0,35.0,0.49,4,0.0,Free Flow / Moderate
2024-07-10 17:00:00,RD_SVR_05,SV Road (Goregaon to Malad Subway Jn),P/N,17.4,35.0,0.5,7,0.0,Congested
2024-07-10 17:00:00,RD_SVR_06,SV Road (Kandivali to Borivali Station West),R/C,17.6,35.0,0.5,7,0.0,Congested
2024-07-10 17:00:00,RD_LNK_01,New Link Road (Bandra West to Khar Danda),H/W,20.8,35.0,0.41,3,0.0,Free Flow / Moderate
2024-07-10 17:00:00,RD_LNK_02,New Link Road (Juhu Circle to Andheri Infinity Mall),K/W,20.7,35.0,0.41,4,0.0,Free Flow / Moderate
2024-07-10 17:00:00,RD_LNK_03,New Link Road (Oshiwara to Goregaon West / Bangur Nagar),P/S,18.1,35.0,0.48,5,0.0,Free Flow / Moderate
2024-07-10 17:00:00,RD_LNK_04,New Link Road (Malad Inorbit to Mith Chowki),P/N,19.9,35.0,0.43,4,0.0,Free Flow / Moderate
2024-07-10 17:00:00,RD_LNK_05,New Link Road (Kandivali to Dahisar Link Road Extension),R/N,19.2,35.0,0.45,8,0.0,Free Flow / Moderate
2024-07-10 17:00:00,RD_EEH_01,Eastern Express Highway (Sion Circle to Priyadarshini Park),F/N,30.0,55.0,0.45,3,0.0,Free Flow / Moderate
2024-07-10 17:00:00,RD_EEH_02,Eastern Express Highway (Kurla Amar Mahal to Ghatkopar),L,30.5,55.0,0.45,3,0.0,Free Flow / Moderate
2024-07-10 17:00:00,RD_EEH_03,Eastern Express Highway (Ghatkopar to Vikhroli / Godrej),N,30.5,55.0,0.45,3,0.0,Free Flow / Moderate
2024-07-10 17:00:00,RD_EEH_04,Eastern Express Highway (Vikhroli to Bhandup / Mulund Toll),T,30.9,55.0,0.44,5,0.0,Free Flow / Moderate
2024-07-10 17:00:00,RD_LBS_01,Lal Bahadur Shastri (LBS) Marg (Sion to Kurla Kamani),L,19.3,35.0,0.45,5,0.0,Free Flow / Moderate
2024-07-10 17:00:00,RD_LBS_02,LBS Marg (Kurla to Ghatkopar Gandhi Nagar),N,19.6,35.0,0.44,5,0.0,Free Flow / Moderate
2024-07-10 17:00:00,RD_LBS_03,LBS Marg (Ghatkopar to Vikhroli / Kanjurmarg),S,17.9,35.0,0.49,7,0.0,Congested
2024-07-10 17:00:00,RD_LBS_04,LBS Marg (Bhandup to Mulund Check Naka),T,18.7,35.0,0.47,7,0.0,Free Flow / Moderate
2024-07-10 17:00:00,RD_JVL_01,Jogeshwari-Vikhroli Link Road (JVLR - WEH to Powai),K/E,20.6,35.0,0.41,6,0.0,Free Flow / Moderate
2024-07-10 18:00:00,RD_WEH_01,Western Express Highway (Bandra to Santacruz),H/E,30.7,55.0,0.44,3,0.0,Free Flow / Moderate
2024-07-10 18:00:00,RD_WEH_02,Western Express Highway (Santacruz to Andheri Flyover),K/E,30.7,55.0,0.44,4,0.0,Free Flow / Moderate
2024-07-10 18:00:00,RD_WEH_03,Western Express Highway (Andheri to Goregaon Hub),P/S,32.2,55.0,0.41,3,0.0,Free Flow / Moderate
2024-07-10 18:00:00,RD_WEH_04,Western Express Highway (Goregaon to Borivali National Park),R/C,31.4,55.0,0.43,5,0.0,Free Flow / Moderate
2024-07-10 18:00:00,RD_WEH_05,Western Express Highway (Borivali to Dahisar Toll Naka),R/N,29.6,55.0,0.46,3,0.0,Free Flow / Moderate
2024-07-10 18:00:00,RD_SVR_01,Swami Vivekanand (SV) Road (Bandra Lucky Jn to Khar),H/W,19.2,35.0,0.45,4,0.0,Free Flow / Moderate
2024-07-10 18:00:00,RD_SVR_02,SV Road (Santacruz Milan Subway Approach),H/W,19.5,35.0,0.44,2,0.0,Free Flow / Moderate
2024-07-10 18:00:00,RD_SVR_03,SV Road (Vile Parle to Andheri Station West),K/W,19.7,35.0,0.44,4,0.0,Free Flow / Moderate
2024-07-10 18:00:00,RD_SVR_04,SV Road (Andheri Subway Section to Jogeshwari),K/W,18.8,35.0,0.46,4,0.0,Free Flow / Moderate
2024-07-10 18:00:00,RD_SVR_05,SV Road (Goregaon to Malad Subway Jn),P/N,20.6,35.0,0.41,5,0.0,Free Flow / Moderate
2024-07-10 18:00:00,RD_SVR_06,SV Road (Kandivali to Borivali Station West),R/C,19.3,35.0,0.45,6,0.0,Free Flow / Moderate
2024-07-10 18:00:00,RD_LNK_01,New Link Road (Bandra West to Khar Danda),H/W,19.6,35.0,0.44,3,0.0,Free Flow / Moderate
2024-07-10 18:00:00,RD_LNK_02,New Link Road (Juhu Circle to Andheri Infinity Mall),K/W,18.2,35.0,0.48,6,0.0,Free Flow / Moderate
2024-07-10 18:00:00,RD_LNK_03,New Link Road (Oshiwara to Goregaon West / Bangur Nagar),P/S,21.1,35.0,0.4,4,0.0,Free Flow / Moderate
2024-07-10 18:00:00,RD_LNK_04,New Link Road (Malad Inorbit to Mith Chowki),P/N,20.9,35.0,0.4,3,0.0,Free Flow / Moderate
2024-07-10 18:00:00,RD_LNK_05,New Link Road (Kandivali to Dahisar Link Road Extension),R/N,20.3,35.0,0.42,7,0.0,Free Flow / Moderate
2024-07-10 18:00:00,RD_EEH_01,Eastern Express Highway (Sion Circle to Priyadarshini Park),F/N,29.4,55.0,0.47,3,0.0,Free Flow / Moderate
2024-07-10 18:00:00,RD_EEH_02,Eastern Express Highway (Kurla Amar Mahal to Ghatkopar),L,29.1,55.0,0.47,4,0.0,Free Flow / Moderate
2024-07-10 18:00:00,RD_EEH_03,Eastern Express Highway (Ghatkopar to Vikhroli / Godrej),N,29.6,55.0,0.46,3,0.0,Free Flow / Moderate
2024-07-10 18:00:00,RD_EEH_04,Eastern Express Highway (Vikhroli to Bhandup / Mulund Toll),T,29.6,55.0,0.46,6,0.0,Free Flow / Moderate
2024-07-10 18:00:00,RD_LBS_01,Lal Bahadur Shastri (LBS) Marg (Sion to Kurla Kamani),L,17.9,35.0,0.49,6,0.0,Congested
2024-07-10 18:00:00,RD_LBS_02,LBS Marg (Kurla to Ghatkopar Gandhi Nagar),N,18.2,35.0,0.48,6,0.0,Free Flow / Moderate
2024-07-10 18:00:00,RD_LBS_03,LBS Marg (Ghatkopar to Vikhroli / Kanjurmarg),S,19.0,35.0,0.46,6,0.0,Free Flow / Moderate
2024-07-10 18:00:00,RD_LBS_04,LBS Marg (Bhandup to Mulund Check Naka),T,18.8,35.0,0.46,7,0.0,Free Flow / Moderate
2024-07-10 18:00:00,RD_JVL_01,Jogeshwari-Vikhroli Link Road (JVLR - WEH to Powai),K/E,20.0,35.0,0.43,6,0.0,Free Flow / Moderate
2024-07-10 19:00:00,RD_WEH_01,Western Express Highway (Bandra to Santacruz),H/E,29.1,55.0,0.47,4,0.0,Free Flow / Moderate
2024-07-10 19:00:00,RD_WEH_02,Western Express Highway (Santacruz to Andheri Flyover),K/E,28.7,55.0,0.48,5,0.0,Free Flow / Moderate
2024-07-10 19:00:00,RD_WEH_03,Western Express Highway (Andheri to Goregaon Hub),P/S,32.1,55.0,0.42,3,0.0,Free Flow / Moderate
2024-07-10 19:00:00,RD_WEH_04,Western Express Highway (Goregaon to Borivali National Park),R/C,28.7,55.0,0.48,6,0.0,Free Flow / Moderate
2024-07-10 19:00:00,RD_WEH_05,Western Express Highway (Borivali to Dahisar Toll Naka),R/N,30.4,55.0,0.45,3,0.0,Free Flow / Moderate
2024-07-10 19:00:00,RD_SVR_01,Swami Vivekanand (SV) Road (Bandra Lucky Jn to Khar),H/W,18.3,35.0,0.48,5,0.0,Free Flow / Moderate
2024-07-10 19:00:00,RD_SVR_02,SV Road (Santacruz Milan Subway Approach),H/W,18.3,35.0,0.48,3,0.0,Free Flow / Moderate
2024-07-10 19:00:00,RD_SVR_03,SV Road (Vile Parle to Andheri Station West),K/W,20.7,35.0,0.41,4,0.0,Free Flow / Moderate
2024-07-10 19:00:00,RD_SVR_04,SV Road (Andheri Subway Section to Jogeshwari),K/W,18.7,35.0,0.47,4,0.0,Free Flow / Moderate
2024-07-10 19:00:00,RD_SVR_05,SV Road (Goregaon to Malad Subway Jn),P/N,21.1,35.0,0.4,4,0.0,Free Flow / Moderate
2024-07-10 19:00:00,RD_SVR_06,SV Road (Kandivali to Borivali Station West),R/C,21.2,35.0,0.39,5,0.0,Free Flow / Moderate
2024-07-10 19:00:00,RD_LNK_01,New Link Road (Bandra West to Khar Danda),H/W,20.8,35.0,0.41,3,0.0,Free Flow / Moderate
2024-07-10 19:00:00,RD_LNK_02,New Link Road (Juhu Circle to Andheri Infinity Mall),K/W,18.2,35.0,0.48,6,0.0,Free Flow / Moderate
2024-07-10 19:00:00,RD_LNK_03,New Link Road (Oshiwara to Goregaon West / Bangur Nagar),P/S,19.2,35.0,0.45,5,0.0,Free Flow / Moderate
2024-07-10 19:00:00,RD_LNK_04,New Link Road (Malad Inorbit to Mith Chowki),P/N,20.7,35.0,0.41,3,0.0,Free Flow / Moderate
2024-07-10 19:00:00,RD_LNK_05,New Link Road (Kandivali to Dahisar Link Road Extension),R/N,19.7,35.0,0.44,7,0.0,Free Flow / Moderate
2024-07-10 19:00:00,RD_EEH_01,Eastern Express Highway (Sion Circle to Priyadarshini Park),F/N,30.3,55.0,0.45,3,0.0,Free Flow / Moderate
2024-07-10 19:00:00,RD_EEH_02,Eastern Express Highway (Kurla Amar Mahal to Ghatkopar),L,28.5,55.0,0.48,4,0.0,Free Flow / Moderate
2024-07-10 19:00:00,RD_EEH_03,Eastern Express Highway (Ghatkopar to Vikhroli / Godrej),N,32.0,55.0,0.42,3,0.0,Free Flow / Moderate
2024-07-10 19:00:00,RD_EEH_04,Eastern Express Highway (Vikhroli to Bhandup / Mulund Toll),T,29.6,55.0,0.46,6,0.0,Free Flow / Moderate
2024-07-10 19:00:00,RD_LBS_01,Lal Bahadur Shastri (LBS) Marg (Sion to Kurla Kamani),L,18.7,35.0,0.47,5,0.0,Free Flow / Moderate
2024-07-10 19:00:00,RD_LBS_02,LBS Marg (Kurla to Ghatkopar Gandhi Nagar),N,18.1,35.0,0.48,6,0.0,Free Flow / Moderate
2024-07-10 19:00:00,RD_LBS_03,LBS Marg (Ghatkopar to Vikhroli / Kanjurmarg),S,19.8,35.0,0.43,5,0.0,Free Flow / Moderate
2024-07-10 19:00:00,RD_LBS_04,LBS Marg (Bhandup to Mulund Check Naka),T,17.6,35.0,0.5,8,0.0,Congested
2024-07-10 19:00:00,RD_JVL_01,Jogeshwari-Vikhroli Link Road (JVLR - WEH to Powai),K/E,17.9,35.0,0.49,8,0.0,Congested
2024-07-10 20:00:00,RD_WEH_01,Western Express Highway (Bandra to Santacruz),H/E,31.6,55.0,0.43,3,0.0,Free Flow / Moderate
2024-07-10 20:00:00,RD_WEH_02,Western Express Highway (Santacruz to Andheri Flyover),K/E,32.0,55.0,0.42,4,0.0,Free Flow / Moderate
2024-07-10 20:00:00,RD_WEH_03,Western Express Highway (Andheri to Goregaon Hub),P/S,28.8,55.0,0.48,4,0.0,Free Flow / Moderate
2024-07-10 20:00:00,RD_WEH_04,Western Express Highway (Goregaon to Borivali National Park),R/C,28.4,55.0,0.48,6,0.0,Free Flow / Moderate
2024-07-10 20:00:00,RD_WEH_05,Western Express Highway (Borivali to Dahisar Toll Naka),R/N,31.7,55.0,0.42,3,0.0,Free Flow / Moderate
2024-07-10 20:00:00,RD_SVR_01,Swami Vivekanand (SV) Road (Bandra Lucky Jn to Khar),H/W,18.5,35.0,0.47,4,0.0,Free Flow / Moderate
2024-07-10 20:00:00,RD_SVR_02,SV Road (Santacruz Milan Subway Approach),H/W,20.4,35.0,0.42,2,0.0,Free Flow / Moderate
2024-07-10 20:00:00,RD_SVR_03,SV Road (Vile Parle to Andheri Station West),K/W,19.7,35.0,0.44,4,0.0,Free Flow / Moderate
2024-07-10 20:00:00,RD_SVR_04,SV Road (Andheri Subway Section to Jogeshwari),K/W,20.0,35.0,0.43,3,0.0,Free Flow / Moderate
2024-07-10 20:00:00,RD_SVR_05,SV Road (Goregaon to Malad Subway Jn),P/N,20.4,35.0,0.42,5,0.0,Free Flow / Moderate
2024-07-10 20:00:00,RD_SVR_06,SV Road (Kandivali to Borivali Station West),R/C,21.0,35.0,0.4,5,0.0,Free Flow / Moderate
2024-07-10 20:00:00,RD_LNK_01,New Link Road (Bandra West to Khar Danda),H/W,19.1,35.0,0.45,3,0.0,Free Flow / Moderate
2024-07-10 20:00:00,RD_LNK_02,New Link Road (Juhu Circle to Andheri Infinity Mall),K/W,18.9,35.0,0.46,5,0.0,Free Flow / Moderate
2024-07-10 20:00:00,RD_LNK_03,New Link Road (Oshiwara to Goregaon West / Bangur Nagar),P/S,21.0,35.0,0.4,4,0.0,Free Flow / Moderate
2024-07-10 20:00:00,RD_LNK_04,New Link Road (Malad Inorbit to Mith Chowki),P/N,20.5,35.0,0.41,3,0.0,Free Flow / Moderate
2024-07-10 20:00:00,RD_LNK_05,New Link Road (Kandivali to Dahisar Link Road Extension),R/N,20.2,35.0,0.42,7,0.0,Free Flow / Moderate
2024-07-10 20:00:00,RD_EEH_01,Eastern Express Highway (Sion Circle to Priyadarshini Park),F/N,30.4,55.0,0.45,3,0.0,Free Flow / Moderate
2024-07-10 20:00:00,RD_EEH_02,Eastern Express Highway (Kurla Amar Mahal to Ghatkopar),L,28.8,55.0,0.48,4,0.0,Free Flow / Moderate
2024-07-10 20:00:00,RD_EEH_03,Eastern Express Highway (Ghatkopar to Vikhroli / Godrej),N,32.0,55.0,0.42,3,0.0,Free Flow / Moderate
2024-07-10 20:00:00,RD_EEH_04,Eastern Express Highway (Vikhroli to Bhandup / Mulund Toll),T,29.5,55.0,0.46,6,0.0,Free Flow / Moderate
2024-07-10 20:00:00,RD_LBS_01,Lal Bahadur Shastri (LBS) Marg (Sion to Kurla Kamani),L,19.6,35.0,0.44,5,0.0,Free Flow / Moderate
2024-07-10 20:00:00,RD_LBS_02,LBS Marg (Kurla to Ghatkopar Gandhi Nagar),N,20.5,35.0,0.41,4,0.0,Free Flow / Moderate
2024-07-10 20:00:00,RD_LBS_03,LBS Marg (Ghatkopar to Vikhroli / Kanjurmarg),S,18.0,35.0,0.49,7,0.0,Free Flow / Moderate
2024-07-10 20:00:00,RD_LBS_04,LBS Marg (Bhandup to Mulund Check Naka),T,19.5,35.0,0.44,6,0.0,Free Flow / Moderate
2024-07-10 20:00:00,RD_JVL_01,Jogeshwari-Vikhroli Link Road (JVLR - WEH to Powai),K/E,18.2,35.0,0.48,8,0.0,Free Flow / Moderate
2024-07-10 21:00:00,RD_WEH_01,Western Express Highway (Bandra to Santacruz),H/E,32.2,55.0,0.41,3,0.0,Free Flow / Moderate
2024-07-10 21:00:00,RD_WEH_02,Western Express Highway (Santacruz to Andheri Flyover),K/E,32.2,55.0,0.41,4,0.0,Free Flow / Moderate
2024-07-10 21:00:00,RD_WEH_03,Western Express Highway (Andheri to Goregaon Hub),P/S,31.8,55.0,0.42,3,0.0,Free Flow / Moderate
2024-07-10 21:00:00,RD_WEH_04,Western Express Highway (Goregaon to Borivali National Park),R/C,30.3,55.0,0.45,5,0.0,Free Flow / Moderate
2024-07-10 21:00:00,RD_WEH_05,Western Express Highway (Borivali to Dahisar Toll Naka),R/N,29.2,55.0,0.47,3,0.0,Free Flow / Moderate
2024-07-10 21:00:00,RD_SVR_01,Swami Vivekanand (SV) Road (Bandra Lucky Jn to Khar),H/W,18.0,35.0,0.49,5,0.0,Free Flow / Moderate
2024-07-10 21:00:00,RD_SVR_02,SV Road (Santacruz Milan Subway Approach),H/W,19.7,35.0,0.44,2,0.0,Free Flow / Moderate
2024-07-10 21:00:00,RD_SVR_03,SV Road (Vile Parle to Andheri Station West),K/W,18.9,35.0,0.46,5,0.0,Free Flow / Moderate
2024-07-10 21:00:00,RD_SVR_04,SV Road (Andheri Subway Section to Jogeshwari),K/W,20.0,35.0,0.43,3,0.0,Free Flow / Moderate
2024-07-10 21:00:00,RD_SVR_05,SV Road (Goregaon to Malad Subway Jn),P/N,19.2,35.0,0.45,5,0.0,Free Flow / Moderate
2024-07-10 21:00:00,RD_SVR_06,SV Road (Kandivali to Borivali Station West),R/C,20.1,35.0,0.43,5,0.0,Free Flow / Moderate
2024-07-10 21:00:00,RD_LNK_01,New Link Road (Bandra West to Khar Danda),H/W,17.8,35.0,0.49,4,0.0,Congested
2024-07-10 21:00:00,RD_LNK_02,New Link Road (Juhu Circle to Andheri Infinity Mall),K/W,17.3,35.0,0.51,7,0.0,Congested
2024-07-10 21:00:00,RD_LNK_03,New Link Road (Oshiwara to Goregaon West / Bangur Nagar),P/S,18.2,35.0,0.48,5,0.0,Free Flow / Moderate
2024-07-10 21:00:00,RD_LNK_04,New Link Road (Malad Inorbit to Mith Chowki),P/N,17.8,35.0,0.49,5,0.0,Congested
2024-07-10 21:00:00,RD_LNK_05,New Link Road (Kandivali to Dahisar Link Road Extension),R/N,19.7,35.0,0.44,7,0.0,Free Flow / Moderate
2024-07-10 21:00:00,RD_EEH_01,Eastern Express Highway (Sion Circle to Priyadarshini Park),F/N,28.7,55.0,0.48,3,0.0,Free Flow / Moderate
2024-07-10 21:00:00,RD_EEH_02,Eastern Express Highway (Kurla Amar Mahal to Ghatkopar),L,30.7,55.0,0.44,3,0.0,Free Flow / Moderate
2024-07-10 21:00:00,RD_EEH_03,Eastern Express Highway (Ghatkopar to Vikhroli / Godrej),N,31.2,55.0,0.43,3,0.0,Free Flow / Moderate
2024-07-10 21:00:00,RD_EEH_04,Eastern Express Highway (Vikhroli to Bhandup / Mulund Toll),T,28.9,55.0,0.47,6,0.0,Free Flow / Moderate
2024-07-10 21:00:00,RD_LBS_01,Lal Bahadur Shastri (LBS) Marg (Sion to Kurla Kamani),L,20.9,35.0,0.4,4,0.0,Free Flow / Moderate
2024-07-10 21:00:00,RD_LBS_02,LBS Marg (Kurla to Ghatkopar Gandhi Nagar),N,19.3,35.0,0.45,5,0.0,Free Flow / Moderate
2024-07-10 21:00:00,RD_LBS_03,LBS Marg (Ghatkopar to Vikhroli / Kanjurmarg),S,18.4,35.0,0.47,6,0.0,Free Flow / Moderate
2024-07-10 21:00:00,RD_LBS_04,LBS Marg (Bhandup to Mulund Check Naka),T,20.8,35.0,0.41,5,0.0,Free Flow / Moderate
2024-07-10 21:00:00,RD_JVL_01,Jogeshwari-Vikhroli Link Road (JVLR - WEH to Powai),K/E,17.3,35.0,0.51,9,0.0,Congested
2024-07-10 22:00:00,RD_WEH_01,Western Express Highway (Bandra to Santacruz),H/E,50.4,55.0,0.1,0,0.0,Free Flow / Moderate
2024-07-10 22:00:00,RD_WEH_02,Western Express Highway (Santacruz to Andheri Flyover),K/E,49.4,55.0,0.1,0,0.0,Free Flow / Moderate
2024-07-10 22:00:00,RD_WEH_03,Western Express Highway (Andheri to Goregaon Hub),P/S,47.6,55.0,0.13,0,0.0,Free Flow / Moderate
2024-07-10 22:00:00,RD_WEH_04,Western Express Highway (Goregaon to Borivali National Park),R/C,48.2,55.0,0.12,1,0.0,Free Flow / Moderate
2024-07-10 22:00:00,RD_WEH_05,Western Express Highway (Borivali to Dahisar Toll Naka),R/N,50.2,55.0,0.1,0,0.0,Free Flow / Moderate
2024-07-10 22:00:00,RD_SVR_01,Swami Vivekanand (SV) Road (Bandra Lucky Jn to Khar),H/W,29.6,35.0,0.15,1,0.0,Free Flow / Moderate
2024-07-10 22:00:00,RD_SVR_02,SV Road (Santacruz Milan Subway Approach),H/W,31.5,35.0,0.1,0,0.0,Free Flow / Moderate
2024-07-10 22:00:00,RD_SVR_03,SV Road (Vile Parle to Andheri Station West),K/W,33.2,35.0,0.1,0,0.0,Free Flow / Moderate
2024-07-10 22:00:00,RD_SVR_04,SV Road (Andheri Subway Section to Jogeshwari),K/W,32.2,35.0,0.1,0,0.0,Free Flow / Moderate
2024-07-10 22:00:00,RD_SVR_05,SV Road (Goregaon to Malad Subway Jn),P/N,29.9,35.0,0.15,1,0.0,Free Flow / Moderate
2024-07-10 22:00:00,RD_SVR_06,SV Road (Kandivali to Borivali Station West),R/C,31.9,35.0,0.1,0,0.0,Free Flow / Moderate
2024-07-10 22:00:00,RD_LNK_01,New Link Road (Bandra West to Khar Danda),H/W,29.9,35.0,0.15,0,0.0,Free Flow / Moderate
2024-07-10 22:00:00,RD_LNK_02,New Link Road (Juhu Circle to Andheri Infinity Mall),K/W,30.2,35.0,0.14,1,0.0,Free Flow / Moderate
2024-07-10 22:00:00,RD_LNK_03,New Link Road (Oshiwara to Goregaon West / Bangur Nagar),P/S,31.3,35.0,0.11,0,0.0,Free Flow / Moderate
2024-07-10 22:00:00,RD_LNK_04,New Link Road (Malad Inorbit to Mith Chowki),P/N,33.2,35.0,0.1,0,0.0,Free Flow / Moderate
2024-07-10 22:00:00,RD_LNK_05,New Link Road (Kandivali to Dahisar Link Road Extension),R/N,33.1,35.0,0.1,0,0.0,Free Flow / Moderate
2024-07-10 22:00:00,RD_EEH_01,Eastern Express Highway (Sion Circle to Priyadarshini Park),F/N,51.2,55.0,0.1,0,0.0,Free Flow / Moderate
2024-07-10 22:00:00,RD_EEH_02,Eastern Express Highway (Kurla Amar Mahal to Ghatkopar),L,50.3,55.0,0.1,0,0.0,Free Flow / Moderate
2024-07-10 22:00:00,RD_EEH_03,Eastern Express Highway (Ghatkopar to Vikhroli / Godrej),N,48.8,55.0,0.11,0,0.0,Free Flow / Moderate
2024-07-10 22:00:00,RD_EEH_04,Eastern Express Highway (Vikhroli to Bhandup / Mulund Toll),T,49.1,55.0,0.11,0,0.0,Free Flow / Moderate
2024-07-10 22:00:00,RD_LBS_01,Lal Bahadur Shastri (LBS) Marg (Sion to Kurla Kamani),L,32.0,35.0,0.1,0,0.0,Free Flow / Moderate
2024-07-10 22:00:00,RD_LBS_02,LBS Marg (Kurla to Ghatkopar Gandhi Nagar),N,32.6,35.0,0.1,0,0.0,Free Flow / Moderate
2024-07-10 22:00:00,RD_LBS_03,LBS Marg (Ghatkopar to Vikhroli / Kanjurmarg),S,32.3,35.0,0.1,0,0.0,Free Flow / Moderate
2024-07-10 22:00:00,RD_LBS_04,LBS Marg (Bhandup to Mulund Check Naka),T,30.6,35.0,0.13,1,0.0,Free Flow / Moderate
2024-07-10 22:00:00,RD_JVL_01,Jogeshwari-Vikhroli Link Road (JVLR - WEH to Powai),K/E,29.9,35.0,0.15,1,0.0,Free Flow / Moderate
2024-07-10 23:00:00,RD_WEH_01,Western Express Highway (Bandra to Santacruz),H/E,48.9,55.0,0.11,0,0.0,Free Flow / Moderate
2024-07-10 23:00:00,RD_WEH_02,Western Express Highway (Santacruz to Andheri Flyover),K/E,49.7,55.0,0.1,0,0.0,Free Flow / Moderate
2024-07-10 23:00:00,RD_WEH_03,Western Express Highway (Andheri to Goregaon Hub),P/S,47.7,55.0,0.13,0,0.0,Free Flow / Moderate
2024-07-10 23:00:00,RD_WEH_04,Western Express Highway (Goregaon to Borivali National Park),R/C,50.8,55.0,0.1,0,0.0,Free Flow / Moderate
2024-07-10 23:00:00,RD_WEH_05,Western Express Highway (Borivali to Dahisar Toll Naka),R/N,49.5,55.0,0.1,0,0.0,Free Flow / Moderate
2024-07-10 23:00:00,RD_SVR_01,Swami Vivekanand (SV) Road (Bandra Lucky Jn to Khar),H/W,30.3,35.0,0.13,0,0.0,Free Flow / Moderate
2024-07-10 23:00:00,RD_SVR_02,SV Road (Santacruz Milan Subway Approach),H/W,30.7,35.0,0.12,0,0.0,Free Flow / Moderate
2024-07-10 23:00:00,RD_SVR_03,SV Road (Vile Parle to Andheri Station West),K/W,30.6,35.0,0.13,0,0.0,Free Flow / Moderate
2024-07-10 23:00:00,RD_SVR_04,SV Road (Andheri Subway Section to Jogeshwari),K/W,31.0,35.0,0.11,0,0.0,Free Flow / Moderate
2024-07-10 23:00:00,RD_SVR_05,SV Road (Goregaon to Malad Subway Jn),P/N,32.8,35.0,0.1,0,0.0,Free Flow / Moderate
2024-07-10 23:00:00,RD_SVR_06,SV Road (Kandivali to Borivali Station West),R/C,33.3,35.0,0.1,0,0.0,Free Flow / Moderate
2024-07-10 23:00:00,RD_LNK_01,New Link Road (Bandra West to Khar Danda),H/W,30.8,35.0,0.12,0,0.0,Free Flow / Moderate
2024-07-10 23:00:00,RD_LNK_02,New Link Road (Juhu Circle to Andheri Infinity Mall),K/W,30.1,35.0,0.14,1,0.0,Free Flow / Moderate
2024-07-10 23:00:00,RD_LNK_03,New Link Road (Oshiwara to Goregaon West / Bangur Nagar),P/S,30.4,35.0,0.13,0,0.0,Free Flow / Moderate
2024-07-10 23:00:00,RD_LNK_04,New Link Road (Malad Inorbit to Mith Chowki),P/N,32.4,35.0,0.1,0,0.0,Free Flow / Moderate
2024-07-10 23:00:00,RD_LNK_05,New Link Road (Kandivali to Dahisar Link Road Extension),R/N,30.8,35.0,0.12,1,0.0,Free Flow / Moderate
2024-07-10 23:00:00,RD_EEH_01,Eastern Express Highway (Sion Circle to Priyadarshini Park),F/N,49.8,55.0,0.1,0,0.0,Free Flow / Moderate
2024-07-10 23:00:00,RD_EEH_02,Eastern Express Highway (Kurla Amar Mahal to Ghatkopar),L,49.4,55.0,0.1,0,0.0,Free Flow / Moderate
2024-07-10 23:00:00,RD_EEH_03,Eastern Express Highway (Ghatkopar to Vikhroli / Godrej),N,50.4,55.0,0.1,0,0.0,Free Flow / Moderate
2024-07-10 23:00:00,RD_EEH_04,Eastern Express Highway (Vikhroli to Bhandup / Mulund Toll),T,49.4,55.0,0.1,0,0.0,Free Flow / Moderate
2024-07-10 23:00:00,RD_LBS_01,Lal Bahadur Shastri (LBS) Marg (Sion to Kurla Kamani),L,31.7,35.0,0.1,0,0.0,Free Flow / Moderate
2024-07-10 23:00:00,RD_LBS_02,LBS Marg (Kurla to Ghatkopar Gandhi Nagar),N,32.5,35.0,0.1,0,0.0,Free Flow / Moderate
2024-07-10 23:00:00,RD_LBS_03,LBS Marg (Ghatkopar to Vikhroli / Kanjurmarg),S,32.6,35.0,0.1,0,0.0,Free Flow / Moderate
2024-07-10 23:00:00,RD_LBS_04,LBS Marg (Bhandup to Mulund Check Naka),T,31.9,35.0,0.1,0,0.0,Free Flow / Moderate
2024-07-10 23:00:00,RD_JVL_01,Jogeshwari-Vikhroli Link Road (JVLR - WEH to Powai),K/E,30.5,35.0,0.13,1,0.0,Free Flow / Moderate
2024-07-11 00:00:00,RD_WEH_01,Western Express Highway (Bandra to Santacruz),H/E,51.2,55.0,0.1,0,0.0,Free Flow / Moderate
2024-07-11 00:00:00,RD_WEH_02,Western Express Highway (Santacruz to Andheri Flyover),K/E,49.4,55.0,0.1,0,0.0,Free Flow / Moderate
2024-07-11 00:00:00,RD_WEH_03,Western Express Highway (Andheri to Goregaon Hub),P/S,49.4,55.0,0.1,0,0.0,Free Flow / Moderate
2024-07-11 00:00:00,RD_WEH_04,Western Express Highway (Goregaon to Borivali National Park),R/C,50.3,55.0,0.1,0,0.0,Free Flow / Moderate
2024-07-11 00:00:00,RD_WEH_05,Western Express Highway (Borivali to Dahisar Toll Naka),R/N,50.9,55.0,0.1,0,0.0,Free Flow / Moderate
2024-07-11 00:00:00,RD_SVR_01,Swami Vivekanand (SV) Road (Bandra Lucky Jn to Khar),H/W,32.4,35.0,0.1,0,0.0,Free Flow / Moderate
2024-07-11 00:00:00,RD_SVR_02,SV Road (Santacruz Milan Subway Approach),H/W,30.3,35.0,0.13,0,0.0,Free Flow / Moderate
2024-07-11 00:00:00,RD_SVR_03,SV Road (Vile Parle to Andheri Station West),K/W,30.6,35.0,0.13,0,0.0,Free Flow / Moderate
2024-07-11 00:00:00,RD_SVR_04,SV Road (Andheri Subway Section to Jogeshwari),K/W,29.8,35.0,0.15,0,0.0,Free Flow / Moderate
2024-07-11 00:00:00,RD_SVR_05,SV Road (Goregaon to Malad Subway Jn),P/N,32.7,35.0,0.1,0,0.0,Free Flow / Moderate
2024-07-11 00:00:00,RD_SVR_06,SV Road (Kandivali to Borivali Station West),R/C,31.5,35.0,0.1,0,0.0,Free Flow / Moderate
2024-07-11 00:00:00,RD_LNK_01,New Link Road (Bandra West to Khar Danda),H/W,30.6,35.0,0.13,0,0.0,Free Flow / Moderate
2024-07-11 00:00:00,RD_LNK_02,New Link Road (Juhu Circle to Andheri Infinity Mall),K/W,32.4,35.0,0.1,0,0.0,Free Flow / Moderate
2024-07-11 00:00:00,RD_LNK_03,New Link Road (Oshiwara to Goregaon West / Bangur Nagar),P/S,30.3,35.0,0.13,0,0.0,Free Flow / Moderate
2024-07-11 00:00:00,RD_LNK_04,New Link Road (Malad Inorbit to Mith Chowki),P/N,33.1,35.0,0.1,0,0.0,Free Flow / Moderate
2024-07-11 00:00:00,RD_LNK_05,New Link Road (Kandivali to Dahisar Link Road Extension),R/N,29.6,35.0,0.15,1,0.0,Free Flow / Moderate
2024-07-11 00:00:00,RD_EEH_01,Eastern Express Highway (Sion Circle to Priyadarshini Park),F/N,47.8,55.0,0.13,0,0.0,Free Flow / Moderate
2024-07-11 00:00:00,RD_EEH_02,Eastern Express Highway (Kurla Amar Mahal to Ghatkopar),L,51.2,55.0,0.1,0,0.0,Free Flow / Moderate
2024-07-11 00:00:00,RD_EEH_03,Eastern Express Highway (Ghatkopar to Vikhroli / Godrej),N,48.6,55.0,0.12,0,0.0,Free Flow / Moderate
2024-07-11 00:00:00,RD_EEH_04,Eastern Express Highway (Vikhroli to Bhandup / Mulund Toll),T,47.8,55.0,0.13,1,0.0,Free Flow / Moderate
2024-07-11 00:00:00,RD_LBS_01,Lal Bahadur Shastri (LBS) Marg (Sion to Kurla Kamani),L,29.9,35.0,0.15,1,0.0,Free Flow / Moderate
2024-07-11 00:00:00,RD_LBS_02,LBS Marg (Kurla to Ghatkopar Gandhi Nagar),N,31.4,35.0,0.1,0,0.0,Free Flow / Moderate
2024-07-11 00:00:00,RD_LBS_03,LBS Marg (Ghatkopar to Vikhroli / Kanjurmarg),S,30.2,35.0,0.14,1,0.0,Free Flow / Moderate
2024-07-11 00:00:00,RD_LBS_04,LBS Marg (Bhandup to Mulund Check Naka),T,33.4,35.0,0.1,0,0.0,Free Flow / Moderate
2024-07-11 00:00:00,RD_JVL_01,Jogeshwari-Vikhroli Link Road (JVLR - WEH to Powai),K/E,32.5,35.0,0.1,0,0.0,Free Flow / Moderate
2024-07-11 01:00:00,RD_WEH_01,Western Express Highway (Bandra to Santacruz),H/E,50.0,55.0,0.1,0,0.0,Free Flow / Moderate
2024-07-11 01:00:00,RD_WEH_02,Western Express Highway (Santacruz to Andheri Flyover),K/E,51.1,55.0,0.1,0,0.0,Free Flow / Moderate
2024-07-11 01:00:00,RD_WEH_03,Western Express Highway (Andheri to Goregaon Hub),P/S,49.1,55.0,0.11,0,0.0,Free Flow / Moderate
2024-07-11 01:00:00,RD_WEH_04,Western Express Highway (Goregaon to Borivali National Park),R/C,48.1,55.0,0.13,1,0.0,Free Flow / Moderate
2024-07-11 01:00:00,RD_WEH_05,Western Express Highway (Borivali to Dahisar Toll Naka),R/N,48.1,55.0,0.13,0,0.0,Free Flow / Moderate
2024-07-11 01:00:00,RD_SVR_01,Swami Vivekanand (SV) Road (Bandra Lucky Jn to Khar),H/W,30.2,35.0,0.14,0,0.0,Free Flow / Moderate
2024-07-11 01:00:00,RD_SVR_02,SV Road (Santacruz Milan Subway Approach),H/W,33.5,35.0,0.1,0,0.0,Free Flow / Moderate
2024-07-11 01:00:00,RD_SVR_03,SV Road (Vile Parle to Andheri Station West),K/W,30.3,35.0,0.13,0,0.0,Free Flow / Moderate
2024-07-11 01:00:00,RD_SVR_04,SV Road (Andheri Subway Section to Jogeshwari),K/W,33.5,35.0,0.1,0,0.0,Free Flow / Moderate
2024-07-11 01:00:00,RD_SVR_05,SV Road (Goregaon to Malad Subway Jn),P/N,32.0,35.0,0.1,0,0.0,Free Flow / Moderate
2024-07-11 01:00:00,RD_SVR_06,SV Road (Kandivali to Borivali Station West),R/C,31.1,35.0,0.11,0,0.0,Free Flow / Moderate
2024-07-11 01:00:00,RD_LNK_01,New Link Road (Bandra West to Khar Danda),H/W,33.0,35.0,0.1,0,0.0,Free Flow / Moderate
2024-07-11 01:00:00,RD_LNK_02,New Link Road (Juhu Circle to Andheri Infinity Mall),K/W,33.4,35.0,0.1,0,0.0,Free Flow / Moderate
2024-07-11 01:00:00,RD_LNK_03,New Link Road (Oshiwara to Goregaon West / Bangur Nagar),P/S,32.2,35.0,0.1,0,0.0,Free Flow / Moderate
2024-07-11 01:00:00,RD_LNK_04,New Link Road (Malad Inorbit to Mith Chowki),P/N,33.2,35.0,0.1,0,0.0,Free Flow / Moderate
2024-07-11 01:00:00,RD_LNK_05,New Link Road (Kandivali to Dahisar Link Road Extension),R/N,33.4,35.0,0.1,0,0.0,Free Flow / Moderate
2024-07-11 01:00:00,RD_EEH_01,Eastern Express Highway (Sion Circle to Priyadarshini Park),F/N,47.5,55.0,0.14,0,0.0,Free Flow / Moderate
2024-07-11 01:00:00,RD_EEH_02,Eastern Express Highway (Kurla Amar Mahal to Ghatkopar),L,51.4,55.0,0.1,0,0.0,Free Flow / Moderate
2024-07-11 01:00:00,RD_EEH_03,Eastern Express Highway (Ghatkopar to Vikhroli / Godrej),N,50.2,55.0,0.1,0,0.0,Free Flow / Moderate
2024-07-11 01:00:00,RD_EEH_04,Eastern Express Highway (Vikhroli to Bhandup / Mulund Toll),T,49.6,55.0,0.1,0,0.0,Free Flow / Moderate
2024-07-11 01:00:00,RD_LBS_01,Lal Bahadur Shastri (LBS) Marg (Sion to Kurla Kamani),L,30.5,35.0,0.13,0,0.0,Free Flow / Moderate
2024-07-11 01:00:00,RD_LBS_02,LBS Marg (Kurla to Ghatkopar Gandhi Nagar),N,29.9,35.0,0.15,1,0.0,Free Flow / Moderate
2024-07-11 01:00:00,RD_LBS_03,LBS Marg (Ghatkopar to Vikhroli / Kanjurmarg),S,30.3,35.0,0.13,1,0.0,Free Flow / Moderate
2024-07-11 01:00:00,RD_LBS_04,LBS Marg (Bhandup to Mulund Check Naka),T,32.3,35.0,0.1,0,0.0,Free Flow / Moderate
2024-07-11 01:00:00,RD_JVL_01,Jogeshwari-Vikhroli Link Road (JVLR - WEH to Powai),K/E,32.2,35.0,0.1,0,0.0,Free Flow / Moderate
2024-07-11 02:00:00,RD_WEH_01,Western Express Highway (Bandra to Santacruz),H/E,48.3,55.0,0.12,0,0.0,Free Flow / Moderate
2024-07-11 02:00:00,RD_WEH_02,Western Express Highway (Santacruz to Andheri Flyover),K/E,50.7,55.0,0.1,0,0.0,Free Flow / Moderate
2024-07-11 02:00:00,RD_WEH_03,Western Express Highway (Andheri to Goregaon Hub),P/S,49.3,55.0,0.1,0,0.0,Free Flow / Moderate
2024-07-11 02:00:00,RD_WEH_04,Western Express Highway (Goregaon to Borivali National Park),R/C,47.6,55.0,0.13,1,0.0,Free Flow / Moderate
2024-07-11 02:00:00,RD_WEH_05,Western Express Highway (Borivali to Dahisar Toll Naka),R/N,50.3,55.0,0.1,0,0.0,Free Flow / Moderate
2024-07-11 02:00:00,RD_SVR_01,Swami Vivekanand (SV) Road (Bandra Lucky Jn to Khar),H/W,30.9,35.0,0.12,0,0.0,Free Flow / Moderate
2024-07-11 02:00:00,RD_SVR_02,SV Road (Santacruz Milan Subway Approach),H/W,31.1,35.0,0.11,0,0.0,Free Flow / Moderate
2024-07-11 02:00:00,RD_SVR_03,SV Road (Vile Parle to Andheri Station West),K/W,30.8,35.0,0.12,0,0.0,Free Flow / Moderate
2024-07-11 02:00:00,RD_SVR_04,SV Road (Andheri Subway Section to Jogeshwari),K/W,29.9,35.0,0.15,0,0.0,Free Flow / Moderate
2024-07-11 02:00:00,RD_SVR_05,SV Road (Goregaon to Malad Subway Jn),P/N,33.1,35.0,0.1,0,0.0,Free Flow / Moderate
2024-07-11 02:00:00,RD_SVR_06,SV Road (Kandivali to Borivali Station West),R/C,31.6,35.0,0.1,0,0.0,Free Flow / Moderate
2024-07-11 02:00:00,RD_LNK_01,New Link Road (Bandra West to Khar Danda),H/W,33.2,35.0,0.1,0,0.0,Free Flow / Moderate
2024-07-11 02:00:00,RD_LNK_02,New Link Road (Juhu Circle to Andheri Infinity Mall),K/W,30.3,35.0,0.13,1,0.0,Free Flow / Moderate
2024-07-11 02:00:00,RD_LNK_03,New Link Road (Oshiwara to Goregaon West / Bangur Nagar),P/S,30.6,35.0,0.13,0,0.0,Free Flow / Moderate
2024-07-11 02:00:00,RD_LNK_04,New Link Road (Malad Inorbit to Mith Chowki),P/N,31.5,35.0,0.1,0,0.0,Free Flow / Moderate
2024-07-11 02:00:00,RD_LNK_05,New Link Road (Kandivali to Dahisar Link Road Extension),R/N,29.7,35.0,0.15,1,0.0,Free Flow / Moderate
2024-07-11 02:00:00,RD_EEH_01,Eastern Express Highway (Sion Circle to Priyadarshini Park),F/N,50.5,55.0,0.1,0,0.0,Free Flow / Moderate
2024-07-11 02:00:00,RD_EEH_02,Eastern Express Highway (Kurla Amar Mahal to Ghatkopar),L,50.4,55.0,0.1,0,0.0,Free Flow / Moderate
2024-07-11 02:00:00,RD_EEH_03,Eastern Express Highway (Ghatkopar to Vikhroli / Godrej),N,49.4,55.0,0.1,0,0.0,Free Flow / Moderate
2024-07-11 02:00:00,RD_EEH_04,Eastern Express Highway (Vikhroli to Bhandup / Mulund Toll),T,51.3,55.0,0.1,0,0.0,Free Flow / Moderate
2024-07-11 02:00:00,RD_LBS_01,Lal Bahadur Shastri (LBS) Marg (Sion to Kurla Kamani),L,33.3,35.0,0.1,0,0.0,Free Flow / Moderate
2024-07-11 02:00:00,RD_LBS_02,LBS Marg (Kurla to Ghatkopar Gandhi Nagar),N,31.8,35.0,0.1,0,0.0,Free Flow / Moderate
2024-07-11 02:00:00,RD_LBS_03,LBS Marg (Ghatkopar to Vikhroli / Kanjurmarg),S,31.1,35.0,0.11,0,0.0,Free Flow / Moderate
2024-07-11 02:00:00,RD_LBS_04,LBS Marg (Bhandup to Mulund Check Naka),T,31.4,35.0,0.1,0,0.0,Free Flow / Moderate
2024-07-11 02:00:00,RD_JVL_01,Jogeshwari-Vikhroli Link Road (JVLR - WEH to Powai),K/E,32.4,35.0,0.1,0,0.0,Free Flow / Moderate
2024-07-11 03:00:00,RD_WEH_01,Western Express Highway (Bandra to Santacruz),H/E,48.8,55.0,0.11,0,0.0,Free Flow / Moderate
2024-07-11 03:00:00,RD_WEH_02,Western Express Highway (Santacruz to Andheri Flyover),K/E,48.4,55.0,0.12,0,0.0,Free Flow / Moderate
2024-07-11 03:00:00,RD_WEH_03,Western Express Highway (Andheri to Goregaon Hub),P/S,50.4,55.0,0.1,0,0.0,Free Flow / Moderate
2024-07-11 03:00:00,RD_WEH_04,Western Express Highway (Goregaon to Borivali National Park),R/C,48.0,55.0,0.13,1,0.0,Free Flow / Moderate
2024-07-11 03:00:00,RD_WEH_05,Western Express Highway (Borivali to Dahisar Toll Naka),R/N,48.2,55.0,0.12,0,0.0,Free Flow / Moderate
2024-07-11 03:00:00,RD_SVR_01,Swami Vivekanand (SV) Road (Bandra Lucky Jn to Khar),H/W,32.7,35.0,0.1,0,0.0,Free Flow / Moderate
2024-07-11 03:00:00,RD_SVR_02,SV Road (Santacruz Milan Subway Approach),H/W,30.2,35.0,0.14,0,0.0,Free Flow / Moderate
2024-07-11 03:00:00,RD_SVR_03,SV Road (Vile Parle to Andheri Station West),K/W,29.6,35.0,0.15,1,0.0,Free Flow / Moderate
2024-07-11 03:00:00,RD_SVR_04,SV Road (Andheri Subway Section to Jogeshwari),K/W,30.1,35.0,0.14,0,0.0,Free Flow / Moderate
2024-07-11 03:00:00,RD_SVR_05,SV Road (Goregaon to Malad Subway Jn),P/N,31.6,35.0,0.1,0,0.0,Free Flow / Moderate
2024-07-11 03:00:00,RD_SVR_06,SV Road (Kandivali to Borivali Station West),R/C,31.1,35.0,0.11,0,0.0,Free Flow / Moderate
2024-07-11 03:00:00,RD_LNK_01,New Link Road (Bandra West to Khar Danda),H/W,31.2,35.0,0.11,0,0.0,Free Flow / Moderate
2024-07-11 03:00:00,RD_LNK_02,New Link Road (Juhu Circle to Andheri Infinity Mall),K/W,30.3,35.0,0.13,1,0.0,Free Flow / Moderate
2024-07-11 03:00:00,RD_LNK_03,New Link Road (Oshiwara to Goregaon West / Bangur Nagar),P/S,30.2,35.0,0.14,0,0.0,Free Flow / Moderate
2024-07-11 03:00:00,RD_LNK_04,New Link Road (Malad Inorbit to Mith Chowki),P/N,30.8,35.0,0.12,0,0.0,Free Flow / Moderate
2024-07-11 03:00:00,RD_LNK_05,New Link Road (Kandivali to Dahisar Link Road Extension),R/N,31.9,35.0,0.1,0,0.0,Free Flow / Moderate
2024-07-11 03:00:00,RD_EEH_01,Eastern Express Highway (Sion Circle to Priyadarshini Park),F/N,50.8,55.0,0.1,0,0.0,Free Flow / Moderate
2024-07-11 03:00:00,RD_EEH_02,Eastern Express Highway (Kurla Amar Mahal to Ghatkopar),L,50.2,55.0,0.1,0,0.0,Free Flow / Moderate
2024-07-11 03:00:00,RD_EEH_03,Eastern Express Highway (Ghatkopar to Vikhroli / Godrej),N,48.2,55.0,0.12,0,0.0,Free Flow / Moderate
2024-07-11 03:00:00,RD_EEH_04,Eastern Express Highway (Vikhroli to Bhandup / Mulund Toll),T,49.6,55.0,0.1,0,0.0,Free Flow / Moderate
2024-07-11 03:00:00,RD_LBS_01,Lal Bahadur Shastri (LBS) Marg (Sion to Kurla Kamani),L,33.2,35.0,0.1,0,0.0,Free Flow / Moderate
2024-07-11 03:00:00,RD_LBS_02,LBS Marg (Kurla to Ghatkopar Gandhi Nagar),N,32.8,35.0,0.1,0,0.0,Free Flow / Moderate
2024-07-11 03:00:00,RD_LBS_03,LBS Marg (Ghatkopar to Vikhroli / Kanjurmarg),S,29.5,35.0,0.16,1,0.0,Free Flow / Moderate
2024-07-11 03:00:00,RD_LBS_04,LBS Marg (Bhandup to Mulund Check Naka),T,33.4,35.0,0.1,0,0.0,Free Flow / Moderate
2024-07-11 03:00:00,RD_JVL_01,Jogeshwari-Vikhroli Link Road (JVLR - WEH to Powai),K/E,33.3,35.0,0.1,0,0.0,Free Flow / Moderate
2024-07-11 04:00:00,RD_WEH_01,Western Express Highway (Bandra to Santacruz),H/E,47.9,55.0,0.13,0,0.0,Free Flow / Moderate
2024-07-11 04:00:00,RD_WEH_02,Western Express Highway (Santacruz to Andheri Flyover),K/E,49.1,55.0,0.11,0,0.0,Free Flow / Moderate
2024-07-11 04:00:00,RD_WEH_03,Western Express Highway (Andheri to Goregaon Hub),P/S,51.1,55.0,0.1,0,0.0,Free Flow / Moderate
2024-07-11 04:00:00,RD_WEH_04,Western Express Highway (Goregaon to Borivali National Park),R/C,49.2,55.0,0.11,0,0.0,Free Flow / Moderate
2024-07-11 04:00:00,RD_WEH_05,Western Express Highway (Borivali to Dahisar Toll Naka),R/N,50.9,55.0,0.1,0,0.0,Free Flow / Moderate
2024-07-11 04:00:00,RD_SVR_01,Swami Vivekanand (SV) Road (Bandra Lucky Jn to Khar),H/W,30.4,35.0,0.13,0,0.0,Free Flow / Moderate
2024-07-11 04:00:00,RD_SVR_02,SV Road (Santacruz Milan Subway Approach),H/W,32.3,35.0,0.1,0,0.0,Free Flow / Moderate
2024-07-11 04:00:00,RD_SVR_03,SV Road (Vile Parle to Andheri Station West),K/W,33.1,35.0,0.1,0,0.0,Free Flow / Moderate
2024-07-11 04:00:00,RD_SVR_04,SV Road (Andheri Subway Section to Jogeshwari),K/W,31.3,35.0,0.11,0,0.0,Free Flow / Moderate
2024-07-11 04:00:00,RD_SVR_05,SV Road (Goregaon to Malad Subway Jn),P/N,31.7,35.0,0.1,0,0.0,Free Flow / Moderate
2024-07-11 04:00:00,RD_SVR_06,SV Road (Kandivali to Borivali Station West),R/C,33.3,35.0,0.1,0,0.0,Free Flow / Moderate
2024-07-11 04:00:00,RD_LNK_01,New Link Road (Bandra West to Khar Danda),H/W,31.0,35.0,0.11,0,0.0,Free Flow / Moderate
2024-07-11 04:00:00,RD_LNK_02,New Link Road (Juhu Circle to Andheri Infinity Mall),K/W,30.7,35.0,0.12,0,0.0,Free Flow / Moderate
2024-07-11 04:00:00,RD_LNK_03,New Link Road (Oshiwara to Goregaon West / Bangur Nagar),P/S,30.4,35.0,0.13,0,0.0,Free Flow / Moderate
2024-07-11 04:00:00,RD_LNK_04,New Link Road (Malad Inorbit to Mith Chowki),P/N,31.4,35.0,0.1,0,0.0,Free Flow / Moderate
2024-07-11 04:00:00,RD_LNK_05,New Link Road (Kandivali to Dahisar Link Road Extension),R/N,31.8,35.0,0.1,1,0.0,Free Flow / Moderate
2024-07-11 04:00:00,RD_EEH_01,Eastern Express Highway (Sion Circle to Priyadarshini Park),F/N,47.9,55.0,0.13,0,0.0,Free Flow / Moderate
2024-07-11 04:00:00,RD_EEH_02,Eastern Express Highway (Kurla Amar Mahal to Ghatkopar),L,50.9,55.0,0.1,0,0.0,Free Flow / Moderate
2024-07-11 04:00:00,RD_EEH_03,Eastern Express Highway (Ghatkopar to Vikhroli / Godrej),N,51.4,55.0,0.1,0,0.0,Free Flow / Moderate
2024-07-11 04:00:00,RD_EEH_04,Eastern Express Highway (Vikhroli to Bhandup / Mulund Toll),T,48.7,55.0,0.11,0,0.0,Free Flow / Moderate
2024-07-11 04:00:00,RD_LBS_01,Lal Bahadur Shastri (LBS) Marg (Sion to Kurla Kamani),L,32.6,35.0,0.1,0,0.0,Free Flow / Moderate
2024-07-11 04:00:00,RD_LBS_02,LBS Marg (Kurla to Ghatkopar Gandhi Nagar),N,31.1,35.0,0.11,0,0.0,Free Flow / Moderate
2024-07-11 04:00:00,RD_LBS_03,LBS Marg (Ghatkopar to Vikhroli / Kanjurmarg),S,30.9,35.0,0.12,1,0.0,Free Flow / Moderate
2024-07-11 04:00:00,RD_LBS_04,LBS Marg (Bhandup to Mulund Check Naka),T,33.2,35.0,0.1,0,0.0,Free Flow / Moderate
2024-07-11 04:00:00,RD_JVL_01,Jogeshwari-Vikhroli Link Road (JVLR - WEH to Powai),K/E,32.6,35.0,0.1,0,0.0,Free Flow / Moderate
2024-07-11 05:00:00,RD_WEH_01,Western Express Highway (Bandra to Santacruz),H/E,50.0,55.0,0.1,0,0.0,Free Flow / Moderate
2024-07-11 05:00:00,RD_WEH_02,Western Express Highway (Santacruz to Andheri Flyover),K/E,48.9,55.0,0.11,0,0.0,Free Flow / Moderate
2024-07-11 05:00:00,RD_WEH_03,Western Express Highway (Andheri to Goregaon Hub),P/S,48.5,55.0,0.12,0,0.0,Free Flow / Moderate
2024-07-11 05:00:00,RD_WEH_04,Western Express Highway (Goregaon to Borivali National Park),R/C,48.8,55.0,0.11,0,0.0,Free Flow / Moderate
2024-07-11 05:00:00,RD_WEH_05,Western Express Highway (Borivali to Dahisar Toll Naka),R/N,49.0,55.0,0.11,0,0.0,Free Flow / Moderate
2024-07-11 05:00:00,RD_SVR_01,Swami Vivekanand (SV) Road (Bandra Lucky Jn to Khar),H/W,33.2,35.0,0.1,0,0.0,Free Flow / Moderate
2024-07-11 05:00:00,RD_SVR_02,SV Road (Santacruz Milan Subway Approach),H/W,32.9,35.0,0.1,0,0.0,Free Flow / Moderate
2024-07-11 05:00:00,RD_SVR_03,SV Road (Vile Parle to Andheri Station West),K/W,31.7,35.0,0.1,0,0.0,Free Flow / Moderate
2024-07-11 05:00:00,RD_SVR_04,SV Road (Andheri Subway Section to Jogeshwari),K/W,31.7,35.0,0.1,0,0.0,Free Flow / Moderate
2024-07-11 05:00:00,RD_SVR_05,SV Road (Goregaon to Malad Subway Jn),P/N,33.0,35.0,0.1,0,0.0,Free Flow / Moderate
2024-07-11 05:00:00,RD_SVR_06,SV Road (Kandivali to Borivali Station West),R/C,31.2,35.0,0.11,0,0.0,Free Flow / Moderate
2024-07-11 05:00:00,RD_LNK_01,New Link Road (Bandra West to Khar Danda),H/W,29.5,35.0,0.16,0,0.0,Free Flow / Moderate
2024-07-11 05:00:00,RD_LNK_02,New Link Road (Juhu Circle to Andheri Infinity Mall),K/W,29.6,35.0,0.15,1,0.0,Free Flow / Moderate
2024-07-11 05:00:00,RD_LNK_03,New Link Road (Oshiwara to Goregaon West / Bangur Nagar),P/S,33.5,35.0,0.1,0,0.0,Free Flow / Moderate
2024-07-11 05:00:00,RD_LNK_04,New Link Road (Malad Inorbit to Mith Chowki),P/N,30.1,35.0,0.14,0,0.0,Free Flow / Moderate
2024-07-11 05:00:00,RD_LNK_05,New Link Road (Kandivali to Dahisar Link Road Extension),R/N,30.1,35.0,0.14,1,0.0,Free Flow / Moderate
2024-07-11 05:00:00,RD_EEH_01,Eastern Express Highway (Sion Circle to Priyadarshini Park),F/N,48.3,55.0,0.12,0,0.0,Free Flow / Moderate
2024-07-11 05:00:00,RD_EEH_02,Eastern Express Highway (Kurla Amar Mahal to Ghatkopar),L,48.4,55.0,0.12,0,0.0,Free Flow / Moderate
2024-07-11 05:00:00,RD_EEH_03,Eastern Express Highway (Ghatkopar to Vikhroli / Godrej),N,51.1,55.0,0.1,0,0.0,Free Flow / Moderate
2024-07-11 05:00:00,RD_EEH_04,Eastern Express Highway (Vikhroli to Bhandup / Mulund Toll),T,48.3,55.0,0.12,1,0.0,Free Flow / Moderate
2024-07-11 05:00:00,RD_LBS_01,Lal Bahadur Shastri (LBS) Marg (Sion to Kurla Kamani),L,30.2,35.0,0.14,1,0.0,Free Flow / Moderate
2024-07-11 05:00:00,RD_LBS_02,LBS Marg (Kurla to Ghatkopar Gandhi Nagar),N,33.3,35.0,0.1,0,0.0,Free Flow / Moderate
2024-07-11 05:00:00,RD_LBS_03,LBS Marg (Ghatkopar to Vikhroli / Kanjurmarg),S,30.9,35.0,0.12,1,0.0,Free Flow / Moderate
2024-07-11 05:00:00,RD_LBS_04,LBS Marg (Bhandup to Mulund Check Naka),T,31.2,35.0,0.11,1,0.0,Free Flow / Moderate
2024-07-11 05:00:00,RD_JVL_01,Jogeshwari-Vikhroli Link Road (JVLR - WEH to Powai),K/E,32.2,35.0,0.1,0,0.0,Free Flow / Moderate
2024-07-11 06:00:00,RD_WEH_01,Western Express Highway (Bandra to Santacruz),H/E,48.5,55.0,0.12,0,0.0,Free Flow / Moderate
2024-07-11 06:00:00,RD_WEH_02,Western Express Highway (Santacruz to Andheri Flyover),K/E,49.9,55.0,0.1,0,0.0,Free Flow / Moderate
2024-07-11 06:00:00,RD_WEH_03,Western Express Highway (Andheri to Goregaon Hub),P/S,48.0,55.0,0.13,0,0.0,Free Flow / Moderate
2024-07-11 06:00:00,RD_WEH_04,Western Express Highway (Goregaon to Borivali National Park),R/C,48.7,55.0,0.11,0,0.0,Free Flow / Moderate
2024-07-11 06:00:00,RD_WEH_05,Western Express Highway (Borivali to Dahisar Toll Naka),R/N,50.4,55.0,0.1,0,0.0,Free Flow / Moderate
2024-07-11 06:00:00,RD_SVR_01,Swami Vivekanand (SV) Road (Bandra Lucky Jn to Khar),H/W,30.3,35.0,0.13,0,0.0,Free Flow / Moderate
2024-07-11 06:00:00,RD_SVR_02,SV Road (Santacruz Milan Subway Approach),H/W,32.3,35.0,0.1,0,0.0,Free Flow / Moderate
2024-07-11 06:00:00,RD_SVR_03,SV Road (Vile Parle to Andheri Station West),K/W,31.3,35.0,0.11,0,0.0,Free Flow / Moderate
2024-07-11 06:00:00,RD_SVR_04,SV Road (Andheri Subway Section to Jogeshwari),K/W,30.9,35.0,0.12,0,0.0,Free Flow / Moderate
2024-07-11 06:00:00,RD_SVR_05,SV Road (Goregaon to Malad Subway Jn),P/N,33.2,35.0,0.1,0,0.0,Free Flow / Moderate
2024-07-11 06:00:00,RD_SVR_06,SV Road (Kandivali to Borivali Station West),R/C,33.0,35.0,0.1,0,0.0,Free Flow / Moderate
2024-07-11 06:00:00,RD_LNK_01,New Link Road (Bandra West to Khar Danda),H/W,32.0,35.0,0.1,0,0.0,Free Flow / Moderate
2024-07-11 06:00:00,RD_LNK_02,New Link Road (Juhu Circle to Andheri Infinity Mall),K/W,33.2,35.0,0.1,0,0.0,Free Flow / Moderate
2024-07-11 06:00:00,RD_LNK_03,New Link Road (Oshiwara to Goregaon West / Bangur Nagar),P/S,33.4,35.0,0.1,0,0.0,Free Flow / Moderate
2024-07-11 06:00:00,RD_LNK_04,New Link Road (Malad Inorbit to Mith Chowki),P/N,30.4,35.0,0.13,0,0.0,Free Flow / Moderate
2024-07-11 06:00:00,RD_LNK_05,New Link Road (Kandivali to Dahisar Link Road Extension),R/N,32.0,35.0,0.1,0,0.0,Free Flow / Moderate
2024-07-11 06:00:00,RD_EEH_01,Eastern Express Highway (Sion Circle to Priyadarshini Park),F/N,50.4,55.0,0.1,0,0.0,Free Flow / Moderate
2024-07-11 06:00:00,RD_EEH_02,Eastern Express Highway (Kurla Amar Mahal to Ghatkopar),L,49.0,55.0,0.11,0,0.0,Free Flow / Moderate
2024-07-11 06:00:00,RD_EEH_03,Eastern Express Highway (Ghatkopar to Vikhroli / Godrej),N,49.7,55.0,0.1,0,0.0,Free Flow / Moderate
2024-07-11 06:00:00,RD_EEH_04,Eastern Express Highway (Vikhroli to Bhandup / Mulund Toll),T,47.7,55.0,0.13,1,0.0,Free Flow / Moderate
2024-07-11 06:00:00,RD_LBS_01,Lal Bahadur Shastri (LBS) Marg (Sion to Kurla Kamani),L,31.6,35.0,0.1,0,0.0,Free Flow / Moderate
2024-07-11 06:00:00,RD_LBS_02,LBS Marg (Kurla to Ghatkopar Gandhi Nagar),N,30.2,35.0,0.14,1,0.0,Free Flow / Moderate
2024-07-11 06:00:00,RD_LBS_03,LBS Marg (Ghatkopar to Vikhroli / Kanjurmarg),S,31.2,35.0,0.11,0,0.0,Free Flow / Moderate
2024-07-11 06:00:00,RD_LBS_04,LBS Marg (Bhandup to Mulund Check Naka),T,30.4,35.0,0.13,1,0.0,Free Flow / Moderate
2024-07-11 06:00:00,RD_JVL_01,Jogeshwari-Vikhroli Link Road (JVLR - WEH to Powai),K/E,29.6,35.0,0.15,1,0.0,Free Flow / Moderate
2024-07-11 07:00:00,RD_WEH_01,Western Express Highway (Bandra to Santacruz),H/E,50.1,55.0,0.1,0,0.0,Free Flow / Moderate
2024-07-11 07:00:00,RD_WEH_02,Western Express Highway (Santacruz to Andheri Flyover),K/E,51.1,55.0,0.1,0,0.0,Free Flow / Moderate
2024-07-11 07:00:00,RD_WEH_03,Western Express Highway (Andheri to Goregaon Hub),P/S,48.7,55.0,0.11,0,0.0,Free Flow / Moderate
2024-07-11 07:00:00,RD_WEH_04,Western Express Highway (Goregaon to Borivali National Park),R/C,50.0,55.0,0.1,0,0.0,Free Flow / Moderate
2024-07-11 07:00:00,RD_WEH_05,Western Express Highway (Borivali to Dahisar Toll Naka),R/N,50.3,55.0,0.1,0,0.0,Free Flow / Moderate
2024-07-11 07:00:00,RD_SVR_01,Swami Vivekanand (SV) Road (Bandra Lucky Jn to Khar),H/W,31.4,35.0,0.1,0,0.0,Free Flow / Moderate
2024-07-11 07:00:00,RD_SVR_02,SV Road (Santacruz Milan Subway Approach),H/W,29.6,35.0,0.15,0,0.0,Free Flow / Moderate
2024-07-11 07:00:00,RD_SVR_03,SV Road (Vile Parle to Andheri Station West),K/W,31.8,35.0,0.1,0,0.0,Free Flow / Moderate
2024-07-11 07:00:00,RD_SVR_04,SV Road (Andheri Subway Section to Jogeshwari),K/W,29.8,35.0,0.15,0,0.0,Free Flow / Moderate
2024-07-11 07:00:00,RD_SVR_05,SV Road (Goregaon to Malad Subway Jn),P/N,32.5,35.0,0.1,0,0.0,Free Flow / Moderate
2024-07-11 07:00:00,RD_SVR_06,SV Road (Kandivali to Borivali Station West),R/C,31.9,35.0,0.1,0,0.0,Free Flow / Moderate
2024-07-11 07:00:00,RD_LNK_01,New Link Road (Bandra West to Khar Danda),H/W,31.4,35.0,0.1,0,0.0,Free Flow / Moderate
2024-07-11 07:00:00,RD_LNK_02,New Link Road (Juhu Circle to Andheri Infinity Mall),K/W,32.0,35.0,0.1,0,0.0,Free Flow / Moderate
2024-07-11 07:00:00,RD_LNK_03,New Link Road (Oshiwara to Goregaon West / Bangur Nagar),P/S,30.6,35.0,0.13,0,0.0,Free Flow / Moderate
2024-07-11 07:00:00,RD_LNK_04,New Link Road (Malad Inorbit to Mith Chowki),P/N,33.1,35.0,0.1,0,0.0,Free Flow / Moderate
2024-07-11 07:00:00,RD_LNK_05,New Link Road (Kandivali to Dahisar Link Road Extension),R/N,30.6,35.0,0.13,1,0.0,Free Flow / Moderate
2024-07-11 07:00:00,RD_EEH_01,Eastern Express Highway (Sion Circle to Priyadarshini Park),F/N,51.0,55.0,0.1,0,0.0,Free Flow / Moderate
2024-07-11 07:00:00,RD_EEH_02,Eastern Express Highway (Kurla Amar Mahal to Ghatkopar),L,48.7,55.0,0.11,0,0.0,Free Flow / Moderate
2024-07-11 07:00:00,RD_EEH_03,Eastern Express Highway (Ghatkopar to Vikhroli / Godrej),N,48.8,55.0,0.11,0,0.0,Free Flow / Moderate
2024-07-11 07:00:00,RD_EEH_04,Eastern Express Highway (Vikhroli to Bhandup / Mulund Toll),T,50.4,55.0,0.1,0,0.0,Free Flow / Moderate
2024-07-11 07:00:00,RD_LBS_01,Lal Bahadur Shastri (LBS) Marg (Sion to Kurla Kamani),L,31.7,35.0,0.1,0,0.0,Free Flow / Moderate
2024-07-11 07:00:00,RD_LBS_02,LBS Marg (Kurla to Ghatkopar Gandhi Nagar),N,30.1,35.0,0.14,1,0.0,Free Flow / Moderate
2024-07-11 07:00:00,RD_LBS_03,LBS Marg (Ghatkopar to Vikhroli / Kanjurmarg),S,30.7,35.0,0.12,1,0.0,Free Flow / Moderate
2024-07-11 07:00:00,RD_LBS_04,LBS Marg (Bhandup to Mulund Check Naka),T,30.1,35.0,0.14,1,0.0,Free Flow / Moderate
2024-07-11 07:00:00,RD_JVL_01,Jogeshwari-Vikhroli Link Road (JVLR - WEH to Powai),K/E,32.4,35.0,0.1,0,0.0,Free Flow / Moderate
2024-07-11 08:00:00,RD_WEH_01,Western Express Highway (Bandra to Santacruz),H/E,28.8,55.0,0.48,4,0.0,Free Flow / Moderate
2024-07-11 08:00:00,RD_WEH_02,Western Express Highway (Santacruz to Andheri Flyover),K/E,29.6,55.0,0.46,4,0.0,Free Flow / Moderate
2024-07-11 08:00:00,RD_WEH_03,Western Express Highway (Andheri to Goregaon Hub),P/S,28.7,55.0,0.48,4,0.0,Free Flow / Moderate
2024-07-11 08:00:00,RD_WEH_04,Western Express Highway (Goregaon to Borivali National Park),R/C,30.9,55.0,0.44,5,0.0,Free Flow / Moderate
2024-07-11 08:00:00,RD_WEH_05,Western Express Highway (Borivali to Dahisar Toll Naka),R/N,31.8,55.0,0.42,3,0.0,Free Flow / Moderate
2024-07-11 08:00:00,RD_SVR_01,Swami Vivekanand (SV) Road (Bandra Lucky Jn to Khar),H/W,21.2,35.0,0.39,3,0.0,Free Flow / Moderate
2024-07-11 08:00:00,RD_SVR_02,SV Road (Santacruz Milan Subway Approach),H/W,19.4,35.0,0.45,2,0.0,Free Flow / Moderate
2024-07-11 08:00:00,RD_SVR_03,SV Road (Vile Parle to Andheri Station West),K/W,18.0,35.0,0.49,5,0.0,Free Flow / Moderate
2024-07-11 08:00:00,RD_SVR_04,SV Road (Andheri Subway Section to Jogeshwari),K/W,21.1,35.0,0.4,3,0.0,Free Flow / Moderate
2024-07-11 08:00:00,RD_SVR_05,SV Road (Goregaon to Malad Subway Jn),P/N,20.2,35.0,0.42,5,0.0,Free Flow / Moderate
2024-07-11 08:00:00,RD_SVR_06,SV Road (Kandivali to Borivali Station West),R/C,21.2,35.0,0.39,5,0.0,Free Flow / Moderate
2024-07-11 08:00:00,RD_LNK_01,New Link Road (Bandra West to Khar Danda),H/W,20.4,35.0,0.42,3,0.0,Free Flow / Moderate
2024-07-11 08:00:00,RD_LNK_02,New Link Road (Juhu Circle to Andheri Infinity Mall),K/W,19.6,35.0,0.44,5,0.0,Free Flow / Moderate
2024-07-11 08:00:00,RD_LNK_03,New Link Road (Oshiwara to Goregaon West / Bangur Nagar),P/S,19.5,35.0,0.44,4,0.0,Free Flow / Moderate
2024-07-11 08:00:00,RD_LNK_04,New Link Road (Malad Inorbit to Mith Chowki),P/N,20.6,35.0,0.41,3,0.0,Free Flow / Moderate
2024-07-11 08:00:00,RD_LNK_05,New Link Road (Kandivali to Dahisar Link Road Extension),R/N,17.4,35.0,0.5,10,0.0,Congested
2024-07-11 08:00:00,RD_EEH_01,Eastern Express Highway (Sion Circle to Priyadarshini Park),F/N,28.5,55.0,0.48,3,0.0,Free Flow / Moderate
2024-07-11 08:00:00,RD_EEH_02,Eastern Express Highway (Kurla Amar Mahal to Ghatkopar),L,30.0,55.0,0.45,4,0.0,Free Flow / Moderate
2024-07-11 08:00:00,RD_EEH_03,Eastern Express Highway (Ghatkopar to Vikhroli / Godrej),N,28.9,55.0,0.47,4,0.0,Free Flow / Moderate
2024-07-11 08:00:00,RD_EEH_04,Eastern Express Highway (Vikhroli to Bhandup / Mulund Toll),T,30.3,55.0,0.45,6,0.0,Free Flow / Moderate
2024-07-11 08:00:00,RD_LBS_01,Lal Bahadur Shastri (LBS) Marg (Sion to Kurla Kamani),L,18.7,35.0,0.47,5,0.0,Free Flow / Moderate
2024-07-11 08:00:00,RD_LBS_02,LBS Marg (Kurla to Ghatkopar Gandhi Nagar),N,20.1,35.0,0.43,5,0.0,Free Flow / Moderate
2024-07-11 08:00:00,RD_LBS_03,LBS Marg (Ghatkopar to Vikhroli / Kanjurmarg),S,18.3,35.0,0.48,7,0.0,Free Flow / Moderate
2024-07-11 08:00:00,RD_LBS_04,LBS Marg (Bhandup to Mulund Check Naka),T,17.3,35.0,0.51,8,0.0,Congested
2024-07-11 08:00:00,RD_JVL_01,Jogeshwari-Vikhroli Link Road (JVLR - WEH to Powai),K/E,18.3,35.0,0.48,8,0.0,Free Flow / Moderate
2024-07-11 09:00:00,RD_WEH_01,Western Express Highway (Bandra to Santacruz),H/E,30.3,55.0,0.45,4,0.0,Free Flow / Moderate
2024-07-11 09:00:00,RD_WEH_02,Western Express Highway (Santacruz to Andheri Flyover),K/E,28.3,55.0,0.49,5,0.0,Free Flow / Moderate
2024-07-11 09:00:00,RD_WEH_03,Western Express Highway (Andheri to Goregaon Hub),P/S,29.3,55.0,0.47,4,0.0,Free Flow / Moderate
2024-07-11 09:00:00,RD_WEH_04,Western Express Highway (Goregaon to Borivali National Park),R/C,29.8,55.0,0.46,5,0.0,Free Flow / Moderate
2024-07-11 09:00:00,RD_WEH_05,Western Express Highway (Borivali to Dahisar Toll Naka),R/N,29.8,55.0,0.46,3,0.0,Free Flow / Moderate
2024-07-11 09:00:00,RD_SVR_01,Swami Vivekanand (SV) Road (Bandra Lucky Jn to Khar),H/W,18.7,35.0,0.47,4,0.0,Free Flow / Moderate
2024-07-11 09:00:00,RD_SVR_02,SV Road (Santacruz Milan Subway Approach),H/W,19.4,35.0,0.45,2,0.0,Free Flow / Moderate
2024-07-11 09:00:00,RD_SVR_03,SV Road (Vile Parle to Andheri Station West),K/W,18.0,35.0,0.49,5,0.0,Free Flow / Moderate
2024-07-11 09:00:00,RD_SVR_04,SV Road (Andheri Subway Section to Jogeshwari),K/W,20.0,35.0,0.43,3,0.0,Free Flow / Moderate
2024-07-11 09:00:00,RD_SVR_05,SV Road (Goregaon to Malad Subway Jn),P/N,17.9,35.0,0.49,6,0.0,Congested
2024-07-11 09:00:00,RD_SVR_06,SV Road (Kandivali to Borivali Station West),R/C,18.0,35.0,0.49,7,0.0,Free Flow / Moderate
2024-07-11 09:00:00,RD_LNK_01,New Link Road (Bandra West to Khar Danda),H/W,20.6,35.0,0.41,3,0.0,Free Flow / Moderate
2024-07-11 09:00:00,RD_LNK_02,New Link Road (Juhu Circle to Andheri Infinity Mall),K/W,18.0,35.0,0.49,6,0.0,Free Flow / Moderate
2024-07-11 09:00:00,RD_LNK_03,New Link Road (Oshiwara to Goregaon West / Bangur Nagar),P/S,17.9,35.0,0.49,5,0.0,Congested
2024-07-11 09:00:00,RD_LNK_04,New Link Road (Malad Inorbit to Mith Chowki),P/N,19.3,35.0,0.45,4,0.0,Free Flow / Moderate
2024-07-11 09:00:00,RD_LNK_05,New Link Road (Kandivali to Dahisar Link Road Extension),R/N,19.7,35.0,0.44,7,0.0,Free Flow / Moderate
2024-07-11 09:00:00,RD_EEH_01,Eastern Express Highway (Sion Circle to Priyadarshini Park),F/N,29.1,55.0,0.47,3,0.0,Free Flow / Moderate
2024-07-11 09:00:00,RD_EEH_02,Eastern Express Highway (Kurla Amar Mahal to Ghatkopar),L,32.0,55.0,0.42,3,0.0,Free Flow / Moderate
2024-07-11 09:00:00,RD_EEH_03,Eastern Express Highway (Ghatkopar to Vikhroli / Godrej),N,30.6,55.0,0.44,3,0.0,Free Flow / Moderate
2024-07-11 09:00:00,RD_EEH_04,Eastern Express Highway (Vikhroli to Bhandup / Mulund Toll),T,31.4,55.0,0.43,5,0.0,Free Flow / Moderate
2024-07-11 09:00:00,RD_LBS_01,Lal Bahadur Shastri (LBS) Marg (Sion to Kurla Kamani),L,20.4,35.0,0.42,4,0.0,Free Flow / Moderate
2024-07-11 09:00:00,RD_LBS_02,LBS Marg (Kurla to Ghatkopar Gandhi Nagar),N,17.3,35.0,0.51,7,0.0,Congested
2024-07-11 09:00:00,RD_LBS_03,LBS Marg (Ghatkopar to Vikhroli / Kanjurmarg),S,20.9,35.0,0.4,5,0.0,Free Flow / Moderate
2024-07-11 09:00:00,RD_LBS_04,LBS Marg (Bhandup to Mulund Check Naka),T,20.5,35.0,0.41,5,0.0,Free Flow / Moderate
2024-07-11 09:00:00,RD_JVL_01,Jogeshwari-Vikhroli Link Road (JVLR - WEH to Powai),K/E,18.0,35.0,0.49,8,0.0,Free Flow / Moderate
2024-07-11 10:00:00,RD_WEH_01,Western Express Highway (Bandra to Santacruz),H/E,30.9,55.0,0.44,3,0.0,Free Flow / Moderate
2024-07-11 10:00:00,RD_WEH_02,Western Express Highway (Santacruz to Andheri Flyover),K/E,32.1,55.0,0.42,4,0.0,Free Flow / Moderate
2024-07-11 10:00:00,RD_WEH_03,Western Express Highway (Andheri to Goregaon Hub),P/S,31.0,55.0,0.44,4,0.0,Free Flow / Moderate
2024-07-11 10:00:00,RD_WEH_04,Western Express Highway (Goregaon to Borivali National Park),R/C,30.0,55.0,0.45,5,0.0,Free Flow / Moderate
2024-07-11 10:00:00,RD_WEH_05,Western Express Highway (Borivali to Dahisar Toll Naka),R/N,28.9,55.0,0.47,3,0.0,Free Flow / Moderate
2024-07-11 10:00:00,RD_SVR_01,Swami Vivekanand (SV) Road (Bandra Lucky Jn to Khar),H/W,17.4,35.0,0.5,5,0.0,Congested
2024-07-11 10:00:00,RD_SVR_02,SV Road (Santacruz Milan Subway Approach),H/W,19.4,35.0,0.45,2,0.0,Free Flow / Moderate
2024-07-11 10:00:00,RD_SVR_03,SV Road (Vile Parle to Andheri Station West),K/W,18.5,35.0,0.47,5,0.0,Free Flow / Moderate
2024-07-11 10:00:00,RD_SVR_04,SV Road (Andheri Subway Section to Jogeshwari),K/W,20.5,35.0,0.41,3,0.0,Free Flow / Moderate
2024-07-11 10:00:00,RD_SVR_05,SV Road (Goregaon to Malad Subway Jn),P/N,21.1,35.0,0.4,4,0.0,Free Flow / Moderate
2024-07-11 10:00:00,RD_SVR_06,SV Road (Kandivali to Borivali Station West),R/C,17.6,35.0,0.5,7,0.0,Congested
2024-07-11 10:00:00,RD_LNK_01,New Link Road (Bandra West to Khar Danda),H/W,17.5,35.0,0.5,4,0.0,Congested
2024-07-11 10:00:00,RD_LNK_02,New Link Road (Juhu Circle to Andheri Infinity Mall),K/W,18.5,35.0,0.47,6,0.0,Free Flow / Moderate
2024-07-11 10:00:00,RD_LNK_03,New Link Road (Oshiwara to Goregaon West / Bangur Nagar),P/S,19.3,35.0,0.45,5,0.0,Free Flow / Moderate
2024-07-11 10:00:00,RD_LNK_04,New Link Road (Malad Inorbit to Mith Chowki),P/N,19.9,35.0,0.43,4,0.0,Free Flow / Moderate
2024-07-11 10:00:00,RD_LNK_05,New Link Road (Kandivali to Dahisar Link Road Extension),R/N,19.7,35.0,0.44,7,0.0,Free Flow / Moderate
2024-07-11 10:00:00,RD_EEH_01,Eastern Express Highway (Sion Circle to Priyadarshini Park),F/N,30.2,55.0,0.45,3,0.0,Free Flow / Moderate
2024-07-11 10:00:00,RD_EEH_02,Eastern Express Highway (Kurla Amar Mahal to Ghatkopar),L,31.3,55.0,0.43,3,0.0,Free Flow / Moderate
2024-07-11 10:00:00,RD_EEH_03,Eastern Express Highway (Ghatkopar to Vikhroli / Godrej),N,31.6,55.0,0.43,3,0.0,Free Flow / Moderate
2024-07-11 10:00:00,RD_EEH_04,Eastern Express Highway (Vikhroli to Bhandup / Mulund Toll),T,31.5,55.0,0.43,5,0.0,Free Flow / Moderate
2024-07-11 10:00:00,RD_LBS_01,Lal Bahadur Shastri (LBS) Marg (Sion to Kurla Kamani),L,17.4,35.0,0.5,6,0.0,Congested
2024-07-11 10:00:00,RD_LBS_02,LBS Marg (Kurla to Ghatkopar Gandhi Nagar),N,19.1,35.0,0.45,5,0.0,Free Flow / Moderate
2024-07-11 10:00:00,RD_LBS_03,LBS Marg (Ghatkopar to Vikhroli / Kanjurmarg),S,19.4,35.0,0.45,6,0.0,Free Flow / Moderate
2024-07-11 10:00:00,RD_LBS_04,LBS Marg (Bhandup to Mulund Check Naka),T,19.0,35.0,0.46,6,0.0,Free Flow / Moderate
2024-07-11 10:00:00,RD_JVL_01,Jogeshwari-Vikhroli Link Road (JVLR - WEH to Powai),K/E,20.5,35.0,0.41,6,0.0,Free Flow / Moderate
2024-07-11 11:00:00,RD_WEH_01,Western Express Highway (Bandra to Santacruz),H/E,31.7,55.0,0.42,3,0.0,Free Flow / Moderate
2024-07-11 11:00:00,RD_WEH_02,Western Express Highway (Santacruz to Andheri Flyover),K/E,32.1,55.0,0.42,4,0.0,Free Flow / Moderate
2024-07-11 11:00:00,RD_WEH_03,Western Express Highway (Andheri to Goregaon Hub),P/S,30.0,55.0,0.45,4,0.0,Free Flow / Moderate
2024-07-11 11:00:00,RD_WEH_04,Western Express Highway (Goregaon to Borivali National Park),R/C,30.9,55.0,0.44,5,0.0,Free Flow / Moderate
2024-07-11 11:00:00,RD_WEH_05,Western Express Highway (Borivali to Dahisar Toll Naka),R/N,29.3,55.0,0.47,3,0.0,Free Flow / Moderate
2024-07-11 11:00:00,RD_SVR_01,Swami Vivekanand (SV) Road (Bandra Lucky Jn to Khar),H/W,19.5,35.0,0.44,4,0.0,Free Flow / Moderate
2024-07-11 11:00:00,RD_SVR_02,SV Road (Santacruz Milan Subway Approach),H/W,21.1,35.0,0.4,2,0.0,Free Flow / Moderate
2024-07-11 11:00:00,RD_SVR_03,SV Road (Vile Parle to Andheri Station West),K/W,20.9,35.0,0.4,4,0.0,Free Flow / Moderate
2024-07-11 11:00:00,RD_SVR_04,SV Road (Andheri Subway Section to Jogeshwari),K/W,17.5,35.0,0.5,5,0.0,Congested
2024-07-11 11:00:00,RD_SVR_05,SV Road (Goregaon to Malad Subway Jn),P/N,20.9,35.0,0.4,4,0.0,Free Flow / Moderate
2024-07-11 11:00:00,RD_SVR_06,SV Road (Kandivali to Borivali Station West),R/C,17.3,35.0,0.51,8,0.0,Congested
2024-07-11 11:00:00,RD_LNK_01,New Link Road (Bandra West to Khar Danda),H/W,19.0,35.0,0.46,4,0.0,Free Flow / Moderate
2024-07-11 11:00:00,RD_LNK_02,New Link Road (Juhu Circle to Andheri Infinity Mall),K/W,19.6,35.0,0.44,5,0.0,Free Flow / Moderate
2024-07-11 11:00:00,RD_LNK_03,New Link Road (Oshiwara to Goregaon West / Bangur Nagar),P/S,20.9,35.0,0.4,4,0.0,Free Flow / Moderate
2024-07-11 11:00:00,RD_LNK_04,New Link Road (Malad Inorbit to Mith Chowki),P/N,19.8,35.0,0.43,4,0.0,Free Flow / Moderate
2024-07-11 11:00:00,RD_LNK_05,New Link Road (Kandivali to Dahisar Link Road Extension),R/N,21.2,35.0,0.39,6,0.0,Free Flow / Moderate
2024-07-11 11:00:00,RD_EEH_01,Eastern Express Highway (Sion Circle to Priyadarshini Park),F/N,30.5,55.0,0.45,3,0.0,Free Flow / Moderate
2024-07-11 11:00:00,RD_EEH_02,Eastern Express Highway (Kurla Amar Mahal to Ghatkopar),L,32.1,55.0,0.42,3,0.0,Free Flow / Moderate
2024-07-11 11:00:00,RD_EEH_03,Eastern Express Highway (Ghatkopar to Vikhroli / Godrej),N,29.3,55.0,0.47,4,0.0,Free Flow / Moderate
2024-07-11 11:00:00,RD_EEH_04,Eastern Express Highway (Vikhroli to Bhandup / Mulund Toll),T,29.6,55.0,0.46,6,0.0,Free Flow / Moderate
2024-07-11 11:00:00,RD_LBS_01,Lal Bahadur Shastri (LBS) Marg (Sion to Kurla Kamani),L,21.2,35.0,0.39,4,0.0,Free Flow / Moderate
2024-07-11 11:00:00,RD_LBS_02,LBS Marg (Kurla to Ghatkopar Gandhi Nagar),N,18.3,35.0,0.48,6,0.0,Free Flow / Moderate
2024-07-11 11:00:00,RD_LBS_03,LBS Marg (Ghatkopar to Vikhroli / Kanjurmarg),S,19.5,35.0,0.44,6,0.0,Free Flow / Moderate
2024-07-11 11:00:00,RD_LBS_04,LBS Marg (Bhandup to Mulund Check Naka),T,18.6,35.0,0.47,7,0.0,Free Flow / Moderate
2024-07-11 11:00:00,RD_JVL_01,Jogeshwari-Vikhroli Link Road (JVLR - WEH to Powai),K/E,19.8,35.0,0.43,7,0.0,Free Flow / Moderate
2024-07-11 12:00:00,RD_WEH_01,Western Express Highway (Bandra to Santacruz),H/E,50.4,55.0,0.1,0,0.0,Free Flow / Moderate
2024-07-11 12:00:00,RD_WEH_02,Western Express Highway (Santacruz to Andheri Flyover),K/E,48.6,55.0,0.12,0,0.0,Free Flow / Moderate
2024-07-11 12:00:00,RD_WEH_03,Western Express Highway (Andheri to Goregaon Hub),P/S,50.6,55.0,0.1,0,0.0,Free Flow / Moderate
2024-07-11 12:00:00,RD_WEH_04,Western Express Highway (Goregaon to Borivali National Park),R/C,50.9,55.0,0.1,0,0.0,Free Flow / Moderate
2024-07-11 12:00:00,RD_WEH_05,Western Express Highway (Borivali to Dahisar Toll Naka),R/N,50.5,55.0,0.1,0,0.0,Free Flow / Moderate
2024-07-11 12:00:00,RD_SVR_01,Swami Vivekanand (SV) Road (Bandra Lucky Jn to Khar),H/W,32.2,35.0,0.1,0,0.0,Free Flow / Moderate
2024-07-11 12:00:00,RD_SVR_02,SV Road (Santacruz Milan Subway Approach),H/W,32.9,35.0,0.1,0,0.0,Free Flow / Moderate
2024-07-11 12:00:00,RD_SVR_03,SV Road (Vile Parle to Andheri Station West),K/W,31.8,35.0,0.1,0,0.0,Free Flow / Moderate
2024-07-11 12:00:00,RD_SVR_04,SV Road (Andheri Subway Section to Jogeshwari),K/W,31.8,35.0,0.1,0,0.0,Free Flow / Moderate
2024-07-11 12:00:00,RD_SVR_05,SV Road (Goregaon to Malad Subway Jn),P/N,32.0,35.0,0.1,0,0.0,Free Flow / Moderate
2024-07-11 12:00:00,RD_SVR_06,SV Road (Kandivali to Borivali Station West),R/C,30.7,35.0,0.12,1,0.0,Free Flow / Moderate
2024-07-11 12:00:00,RD_LNK_01,New Link Road (Bandra West to Khar Danda),H/W,29.7,35.0,0.15,0,0.0,Free Flow / Moderate
2024-07-11 12:00:00,RD_LNK_02,New Link Road (Juhu Circle to Andheri Infinity Mall),K/W,29.6,35.0,0.15,1,0.0,Free Flow / Moderate
2024-07-11 12:00:00,RD_LNK_03,New Link Road (Oshiwara to Goregaon West / Bangur Nagar),P/S,30.8,35.0,0.12,0,0.0,Free Flow / Moderate
2024-07-11 12:00:00,RD_LNK_04,New Link Road (Malad Inorbit to Mith Chowki),P/N,32.2,35.0,0.1,0,0.0,Free Flow / Moderate
2024-07-11 12:00:00,RD_LNK_05,New Link Road (Kandivali to Dahisar Link Road Extension),R/N,32.4,35.0,0.1,0,0.0,Free Flow / Moderate
2024-07-11 12:00:00,RD_EEH_01,Eastern Express Highway (Sion Circle to Priyadarshini Park),F/N,47.7,55.0,0.13,0,0.0,Free Flow / Moderate
2024-07-11 12:00:00,RD_EEH_02,Eastern Express Highway (Kurla Amar Mahal to Ghatkopar),L,50.8,55.0,0.1,0,0.0,Free Flow / Moderate
2024-07-11 12:00:00,RD_EEH_03,Eastern Express Highway (Ghatkopar to Vikhroli / Godrej),N,51.4,55.0,0.1,0,0.0,Free Flow / Moderate
2024-07-11 12:00:00,RD_EEH_04,Eastern Express Highway (Vikhroli to Bhandup / Mulund Toll),T,51.2,55.0,0.1,0,0.0,Free Flow / Moderate
2024-07-11 12:00:00,RD_LBS_01,Lal Bahadur Shastri (LBS) Marg (Sion to Kurla Kamani),L,32.4,35.0,0.1,0,0.0,Free Flow / Moderate
2024-07-11 12:00:00,RD_LBS_02,LBS Marg (Kurla to Ghatkopar Gandhi Nagar),N,32.3,35.0,0.1,0,0.0,Free Flow / Moderate
2024-07-11 12:00:00,RD_LBS_03,LBS Marg (Ghatkopar to Vikhroli / Kanjurmarg),S,32.5,35.0,0.1,0,0.0,Free Flow / Moderate
2024-07-11 12:00:00,RD_LBS_04,LBS Marg (Bhandup to Mulund Check Naka),T,31.0,35.0,0.11,1,0.0,Free Flow / Moderate
2024-07-11 12:00:00,RD_JVL_01,Jogeshwari-Vikhroli Link Road (JVLR - WEH to Powai),K/E,30.4,35.0,0.13,1,0.0,Free Flow / Moderate
2024-07-11 13:00:00,RD_WEH_01,Western Express Highway (Bandra to Santacruz),H/E,47.7,55.0,0.13,0,0.0,Free Flow / Moderate
2024-07-11 13:00:00,RD_WEH_02,Western Express Highway (Santacruz to Andheri Flyover),K/E,47.5,55.0,0.14,0,0.0,Free Flow / Moderate
2024-07-11 13:00:00,RD_WEH_03,Western Express Highway (Andheri to Goregaon Hub),P/S,48.9,55.0,0.11,0,0.0,Free Flow / Moderate
2024-07-11 13:00:00,RD_WEH_04,Western Express Highway (Goregaon to Borivali National Park),R/C,47.7,55.0,0.13,1,0.0,Free Flow / Moderate
2024-07-11 13:00:00,RD_WEH_05,Western Express Highway (Borivali to Dahisar Toll Naka),R/N,47.6,55.0,0.13,0,0.0,Free Flow / Moderate
2024-07-11 13:00:00,RD_SVR_01,Swami Vivekanand (SV) Road (Bandra Lucky Jn to Khar),H/W,33.1,35.0,0.1,0,0.0,Free Flow / Moderate
2024-07-11 13:00:00,RD_SVR_02,SV Road (Santacruz Milan Subway Approach),H/W,29.7,35.0,0.15,0,0.0,Free Flow / Moderate
2024-07-11 13:00:00,RD_SVR_03,SV Road (Vile Parle to Andheri Station West),K/W,30.3,35.0,0.13,0,0.0,Free Flow / Moderate
2024-07-11 13:00:00,RD_SVR_04,SV Road (Andheri Subway Section to Jogeshwari),K/W,32.4,35.0,0.1,0,0.0,Free Flow / Moderate
2024-07-11 13:00:00,RD_SVR_05,SV Road (Goregaon to Malad Subway Jn),P/N,31.8,35.0,0.1,0,0.0,Free Flow / Moderate
2024-07-11 13:00:00,RD_SVR_06,SV Road (Kandivali to Borivali Station West),R/C,31.0,35.0,0.11,1,0.0,Free Flow / Moderate
2024-07-11 13:00:00,RD_LNK_01,New Link Road (Bandra West to Khar Danda),H/W,32.4,35.0,0.1,0,0.0,Free Flow / Moderate
2024-07-11 13:00:00,RD_LNK_02,New Link Road (Juhu Circle to Andheri Infinity Mall),K/W,32.7,35.0,0.1,0,0.0,Free Flow / Moderate
2024-07-11 13:00:00,RD_LNK_03,New Link Road (Oshiwara to Goregaon West / Bangur Nagar),P/S,29.8,35.0,0.15,1,0.0,Free Flow / Moderate
2024-07-11 13:00:00,RD_LNK_04,New Link Road (Malad Inorbit to Mith Chowki),P/N,31.0,35.0,0.11,0,0.0,Free Flow / Moderate
2024-07-11 13:00:00,RD_LNK_05,New Link Road (Kandivali to Dahisar Link Road Extension),R/N,32.8,35.0,0.1,0,0.0,Free Flow / Moderate
2024-07-11 13:00:00,RD_EEH_01,Eastern Express Highway (Sion Circle to Priyadarshini Park),F/N,48.9,55.0,0.11,0,0.0,Free Flow / Moderate
2024-07-11 13:00:00,RD_EEH_02,Eastern Express Highway (Kurla Amar Mahal to Ghatkopar),L,49.5,55.0,0.1,0,0.0,Free Flow / Moderate
2024-07-11 13:00:00,RD_EEH_03,Eastern Express Highway (Ghatkopar to Vikhroli / Godrej),N,50.8,55.0,0.1,0,0.0,Free Flow / Moderate
2024-07-11 13:00:00,RD_EEH_04,Eastern Express Highway (Vikhroli to Bhandup / Mulund Toll),T,50.0,55.0,0.1,0,0.0,Free Flow / Moderate
2024-07-11 13:00:00,RD_LBS_01,Lal Bahadur Shastri (LBS) Marg (Sion to Kurla Kamani),L,32.6,35.0,0.1,0,0.0,Free Flow / Moderate
2024-07-11 13:00:00,RD_LBS_02,LBS Marg (Kurla to Ghatkopar Gandhi Nagar),N,33.5,35.0,0.1,0,0.0,Free Flow / Moderate
2024-07-11 13:00:00,RD_LBS_03,LBS Marg (Ghatkopar to Vikhroli / Kanjurmarg),S,31.4,35.0,0.1,0,0.0,Free Flow / Moderate
2024-07-11 13:00:00,RD_LBS_04,LBS Marg (Bhandup to Mulund Check Naka),T,30.7,35.0,0.12,1,0.0,Free Flow / Moderate
2024-07-11 13:00:00,RD_JVL_01,Jogeshwari-Vikhroli Link Road (JVLR - WEH to Powai),K/E,31.7,35.0,0.1,0,0.0,Free Flow / Moderate
2024-07-11 14:00:00,RD_WEH_01,Western Express Highway (Bandra to Santacruz),H/E,47.6,55.0,0.13,0,0.0,Free Flow / Moderate
2024-07-11 14:00:00,RD_WEH_02,Western Express Highway (Santacruz to Andheri Flyover),K/E,47.9,55.0,0.13,0,0.0,Free Flow / Moderate
2024-07-11 14:00:00,RD_WEH_03,Western Express Highway (Andheri to Goregaon Hub),P/S,48.1,55.0,0.13,0,0.0,Free Flow / Moderate
2024-07-11 14:00:00,RD_WEH_04,Western Express Highway (Goregaon to Borivali National Park),R/C,50.8,55.0,0.1,0,0.0,Free Flow / Moderate
2024-07-11 14:00:00,RD_WEH_05,Western Express Highway (Borivali to Dahisar Toll Naka),R/N,49.9,55.0,0.1,0,0.0,Free Flow / Moderate
2024-07-11 14:00:00,RD_SVR_01,Swami Vivekanand (SV) Road (Bandra Lucky Jn to Khar),H/W,33.1,35.0,0.1,0,0.0,Free Flow / Moderate
2024-07-11 14:00:00,RD_SVR_02,SV Road (Santacruz Milan Subway Approach),H/W,29.6,35.0,0.15,0,0.0,Free Flow / Moderate
2024-07-11 14:00:00,RD_SVR_03,SV Road (Vile Parle to Andheri Station West),K/W,32.3,35.0,0.1,0,0.0,Free Flow / Moderate
2024-07-11 14:00:00,RD_SVR_04,SV Road (Andheri Subway Section to Jogeshwari),K/W,30.4,35.0,0.13,0,0.0,Free Flow / Moderate
2024-07-11 14:00:00,RD_SVR_05,SV Road (Goregaon to Malad Subway Jn),P/N,31.8,35.0,0.1,0,0.0,Free Flow / Moderate
2024-07-11 14:00:00,RD_SVR_06,SV Road (Kandivali to Borivali Station West),R/C,31.4,35.0,0.1,0,0.0,Free Flow / Moderate
2024-07-11 14:00:00,RD_LNK_01,New Link Road (Bandra West to Khar Danda),H/W,32.3,35.0,0.1,0,0.0,Free Flow / Moderate
2024-07-11 14:00:00,RD_LNK_02,New Link Road (Juhu Circle to Andheri Infinity Mall),K/W,32.5,35.0,0.1,0,0.0,Free Flow / Moderate
2024-07-11 14:00:00,RD_LNK_03,New Link Road (Oshiwara to Goregaon West / Bangur Nagar),P/S,33.3,35.0,0.1,0,0.0,Free Flow / Moderate
2024-07-11 14:00:00,RD_LNK_04,New Link Road (Malad Inorbit to Mith Chowki),P/N,30.9,35.0,0.12,0,0.0,Free Flow / Moderate
2024-07-11 14:00:00,RD_LNK_05,New Link Road (Kandivali to Dahisar Link Road Extension),R/N,31.7,35.0,0.1,1,0.0,Free Flow / Moderate
2024-07-11 14:00:00,RD_EEH_01,Eastern Express Highway (Sion Circle to Priyadarshini Park),F/N,49.0,55.0,0.11,0,0.0,Free Flow / Moderate
2024-07-11 14:00:00,RD_EEH_02,Eastern Express Highway (Kurla Amar Mahal to Ghatkopar),L,49.4,55.0,0.1,0,0.0,Free Flow / Moderate
2024-07-11 14:00:00,RD_EEH_03,Eastern Express Highway (Ghatkopar to Vikhroli / Godrej),N,47.6,55.0,0.13,0,0.0,Free Flow / Moderate
2024-07-11 14:00:00,RD_EEH_04,Eastern Express Highway (Vikhroli to Bhandup / Mulund Toll),T,49.5,55.0,0.1,0,0.0,Free Flow / Moderate
2024-07-11 14:00:00,RD_LBS_01,Lal Bahadur Shastri (LBS) Marg (Sion to Kurla Kamani),L,32.7,35.0,0.1,0,0.0,Free Flow / Moderate
2024-07-11 14:00:00,RD_LBS_02,LBS Marg (Kurla to Ghatkopar Gandhi Nagar),N,31.4,35.0,0.1,0,0.0,Free Flow / Moderate
2024-07-11 14:00:00,RD_LBS_03,LBS Marg (Ghatkopar to Vikhroli / Kanjurmarg),S,31.3,35.0,0.11,0,0.0,Free Flow / Moderate
2024-07-11 14:00:00,RD_LBS_04,LBS Marg (Bhandup to Mulund Check Naka),T,30.3,35.0,0.13,1,0.0,Free Flow / Moderate
2024-07-11 14:00:00,RD_JVL_01,Jogeshwari-Vikhroli Link Road (JVLR - WEH to Powai),K/E,29.8,35.0,0.15,1,0.0,Free Flow / Moderate
2024-07-11 15:00:00,RD_WEH_01,Western Express Highway (Bandra to Santacruz),H/E,50.8,55.0,0.1,0,0.0,Free Flow / Moderate
2024-07-11 15:00:00,RD_WEH_02,Western Express Highway (Santacruz to Andheri Flyover),K/E,50.0,55.0,0.1,0,0.0,Free Flow / Moderate
2024-07-11 15:00:00,RD_WEH_03,Western Express Highway (Andheri to Goregaon Hub),P/S,48.2,55.0,0.12,0,0.0,Free Flow / Moderate
2024-07-11 15:00:00,RD_WEH_04,Western Express Highway (Goregaon to Borivali National Park),R/C,48.1,55.0,0.13,1,0.0,Free Flow / Moderate
2024-07-11 15:00:00,RD_WEH_05,Western Express Highway (Borivali to Dahisar Toll Naka),R/N,49.9,55.0,0.1,0,0.0,Free Flow / Moderate
2024-07-11 15:00:00,RD_SVR_01,Swami Vivekanand (SV) Road (Bandra Lucky Jn to Khar),H/W,33.4,35.0,0.1,0,0.0,Free Flow / Moderate
2024-07-11 15:00:00,RD_SVR_02,SV Road (Santacruz Milan Subway Approach),H/W,32.8,35.0,0.1,0,0.0,Free Flow / Moderate
2024-07-11 15:00:00,RD_SVR_03,SV Road (Vile Parle to Andheri Station West),K/W,30.8,35.0,0.12,0,0.0,Free Flow / Moderate
2024-07-11 15:00:00,RD_SVR_04,SV Road (Andheri Subway Section to Jogeshwari),K/W,30.3,35.0,0.13,0,0.0,Free Flow / Moderate
2024-07-11 15:00:00,RD_SVR_05,SV Road (Goregaon to Malad Subway Jn),P/N,32.4,35.0,0.1,0,0.0,Free Flow / Moderate
2024-07-11 15:00:00,RD_SVR_06,SV Road (Kandivali to Borivali Station West),R/C,33.3,35.0,0.1,0,0.0,Free Flow / Moderate
2024-07-11 15:00:00,RD_LNK_01,New Link Road (Bandra West to Khar Danda),H/W,29.6,35.0,0.15,0,0.0,Free Flow / Moderate
2024-07-11 15:00:00,RD_LNK_02,New Link Road (Juhu Circle to Andheri Infinity Mall),K/W,31.0,35.0,0.11,0,0.0,Free Flow / Moderate
2024-07-11 15:00:00,RD_LNK_03,New Link Road (Oshiwara to Goregaon West / Bangur Nagar),P/S,30.8,35.0,0.12,0,0.0,Free Flow / Moderate
2024-07-11 15:00:00,RD_LNK_04,New Link Road (Malad Inorbit to Mith Chowki),P/N,32.6,35.0,0.1,0,0.0,Free Flow / Moderate
2024-07-11 15:00:00,RD_LNK_05,New Link Road (Kandivali to Dahisar Link Road Extension),R/N,32.9,35.0,0.1,0,0.0,Free Flow / Moderate
2024-07-11 15:00:00,RD_EEH_01,Eastern Express Highway (Sion Circle to Priyadarshini Park),F/N,49.8,55.0,0.1,0,0.0,Free Flow / Moderate
2024-07-11 15:00:00,RD_EEH_02,Eastern Express Highway (Kurla Amar Mahal to Ghatkopar),L,47.7,55.0,0.13,0,0.0,Free Flow / Moderate
2024-07-11 15:00:00,RD_EEH_03,Eastern Express Highway (Ghatkopar to Vikhroli / Godrej),N,47.6,55.0,0.13,0,0.0,Free Flow / Moderate
2024-07-11 15:00:00,RD_EEH_04,Eastern Express Highway (Vikhroli to Bhandup / Mulund Toll),T,47.6,55.0,0.13,1,0.0,Free Flow / Moderate
2024-07-11 15:00:00,RD_LBS_01,Lal Bahadur Shastri (LBS) Marg (Sion to Kurla Kamani),L,33.5,35.0,0.1,0,0.0,Free Flow / Moderate
2024-07-11 15:00:00,RD_LBS_02,LBS Marg (Kurla to Ghatkopar Gandhi Nagar),N,30.6,35.0,0.13,1,0.0,Free Flow / Moderate
2024-07-11 15:00:00,RD_LBS_03,LBS Marg (Ghatkopar to Vikhroli / Kanjurmarg),S,32.7,35.0,0.1,0,0.0,Free Flow / Moderate
2024-07-11 15:00:00,RD_LBS_04,LBS Marg (Bhandup to Mulund Check Naka),T,32.6,35.0,0.1,0,0.0,Free Flow / Moderate
2024-07-11 15:00:00,RD_JVL_01,Jogeshwari-Vikhroli Link Road (JVLR - WEH to Powai),K/E,29.9,35.0,0.15,1,0.0,Free Flow / Moderate
2024-07-11 16:00:00,RD_WEH_01,Western Express Highway (Bandra to Santacruz),H/E,51.0,55.0,0.1,0,0.0,Free Flow / Moderate
2024-07-11 16:00:00,RD_WEH_02,Western Express Highway (Santacruz to Andheri Flyover),K/E,50.3,55.0,0.1,0,0.0,Free Flow / Moderate
2024-07-11 16:00:00,RD_WEH_03,Western Express Highway (Andheri to Goregaon Hub),P/S,51.1,55.0,0.1,0,0.0,Free Flow / Moderate
2024-07-11 16:00:00,RD_WEH_04,Western Express Highway (Goregaon to Borivali National Park),R/C,48.1,55.0,0.13,1,0.0,Free Flow / Moderate
2024-07-11 16:00:00,RD_WEH_05,Western Express Highway (Borivali to Dahisar Toll Naka),R/N,47.7,55.0,0.13,0,0.0,Free Flow / Moderate
2024-07-11 16:00:00,RD_SVR_01,Swami Vivekanand (SV) Road (Bandra Lucky Jn to Khar),H/W,29.9,35.0,0.15,0,0.0,Free Flow / Moderate
2024-07-11 16:00:00,RD_SVR_02,SV Road (Santacruz Milan Subway Approach),H/W,30.2,35.0,0.14,0,0.0,Free Flow / Moderate
2024-07-11 16:00:00,RD_SVR_03,SV Road (Vile Parle to Andheri Station West),K/W,29.6,35.0,0.15,1,0.0,Free Flow / Moderate
2024-07-11 16:00:00,RD_SVR_04,SV Road (Andheri Subway Section to Jogeshwari),K/W,29.9,35.0,0.15,0,0.0,Free Flow / Moderate
2024-07-11 16:00:00,RD_SVR_05,SV Road (Goregaon to Malad Subway Jn),P/N,33.0,35.0,0.1,0,0.0,Free Flow / Moderate
2024-07-11 16:00:00,RD_SVR_06,SV Road (Kandivali to Borivali Station West),R/C,31.8,35.0,0.1,0,0.0,Free Flow / Moderate
2024-07-11 16:00:00,RD_LNK_01,New Link Road (Bandra West to Khar Danda),H/W,29.7,35.0,0.15,0,0.0,Free Flow / Moderate
2024-07-11 16:00:00,RD_LNK_02,New Link Road (Juhu Circle to Andheri Infinity Mall),K/W,30.6,35.0,0.13,1,0.0,Free Flow / Moderate
2024-07-11 16:00:00,RD_LNK_03,New Link Road (Oshiwara to Goregaon West / Bangur Nagar),P/S,29.8,35.0,0.15,1,0.0,Free Flow / Moderate
2024-07-11 16:00:00,RD_LNK_04,New Link Road (Malad Inorbit to Mith Chowki),P/N,33.3,35.0,0.1,0,0.0,Free Flow / Moderate
2024-07-11 16:00:00,RD_LNK_05,New Link Road (Kandivali to Dahisar Link Road Extension),R/N,30.8,35.0,0.12,1,0.0,Free Flow / Moderate
2024-07-11 16:00:00,RD_EEH_01,Eastern Express Highway (Sion Circle to Priyadarshini Park),F/N,50.5,55.0,0.1,0,0.0,Free Flow / Moderate
2024-07-11 16:00:00,RD_EEH_02,Eastern Express Highway (Kurla Amar Mahal to Ghatkopar),L,49.8,55.0,0.1,0,0.0,Free Flow / Moderate
2024-07-11 16:00:00,RD_EEH_03,Eastern Express Highway (Ghatkopar to Vikhroli / Godrej),N,47.9,55.0,0.13,0,0.0,Free Flow / Moderate
2024-07-11 16:00:00,RD_EEH_04,Eastern Express Highway (Vikhroli to Bhandup / Mulund Toll),T,50.6,55.0,0.1,0,0.0,Free Flow / Moderate
2024-07-11 16:00:00,RD_LBS_01,Lal Bahadur Shastri (LBS) Marg (Sion to Kurla Kamani),L,32.3,35.0,0.1,0,0.0,Free Flow / Moderate
2024-07-11 16:00:00,RD_LBS_02,LBS Marg (Kurla to Ghatkopar Gandhi Nagar),N,30.0,35.0,0.14,1,0.0,Free Flow / Moderate
2024-07-11 16:00:00,RD_LBS_03,LBS Marg (Ghatkopar to Vikhroli / Kanjurmarg),S,29.7,35.0,0.15,1,0.0,Free Flow / Moderate
2024-07-11 16:00:00,RD_LBS_04,LBS Marg (Bhandup to Mulund Check Naka),T,31.5,35.0,0.1,0,0.0,Free Flow / Moderate
2024-07-11 16:00:00,RD_JVL_01,Jogeshwari-Vikhroli Link Road (JVLR - WEH to Powai),K/E,33.3,35.0,0.1,0,0.0,Free Flow / Moderate
2024-07-11 17:00:00,RD_WEH_01,Western Express Highway (Bandra to Santacruz),H/E,31.7,55.0,0.42,3,0.0,Free Flow / Moderate
2024-07-11 17:00:00,RD_WEH_02,Western Express Highway (Santacruz to Andheri Flyover),K/E,31.5,55.0,0.43,4,0.0,Free Flow / Moderate
2024-07-11 17:00:00,RD_WEH_03,Western Express Highway (Andheri to Goregaon Hub),P/S,28.6,55.0,0.48,4,0.0,Free Flow / Moderate
2024-07-11 17:00:00,RD_WEH_04,Western Express Highway (Goregaon to Borivali National Park),R/C,28.5,55.0,0.48,6,0.0,Free Flow / Moderate
2024-07-11 17:00:00,RD_WEH_05,Western Express Highway (Borivali to Dahisar Toll Naka),R/N,29.1,55.0,0.47,3,0.0,Free Flow / Moderate
2024-07-11 17:00:00,RD_SVR_01,Swami Vivekanand (SV) Road (Bandra Lucky Jn to Khar),H/W,20.7,35.0,0.41,3,0.0,Free Flow / Moderate
2024-07-11 17:00:00,RD_SVR_02,SV Road (Santacruz Milan Subway Approach),H/W,18.9,35.0,0.46,3,0.0,Free Flow / Moderate
2024-07-11 17:00:00,RD_SVR_03,SV Road (Vile Parle to Andheri Station West),K/W,18.1,35.0,0.48,5,0.0,Free Flow / Moderate
2024-07-11 17:00:00,RD_SVR_04,SV Road (Andheri Subway Section to Jogeshwari),K/W,17.6,35.0,0.5,5,0.0,Congested
2024-07-11 17:00:00,RD_SVR_05,SV Road (Goregaon to Malad Subway Jn),P/N,19.7,35.0,0.44,5,0.0,Free Flow / Moderate
2024-07-11 17:00:00,RD_SVR_06,SV Road (Kandivali to Borivali Station West),R/C,21.0,35.0,0.4,5,0.0,Free Flow / Moderate
2024-07-11 17:00:00,RD_LNK_01,New Link Road (Bandra West to Khar Danda),H/W,19.0,35.0,0.46,4,0.0,Free Flow / Moderate
2024-07-11 17:00:00,RD_LNK_02,New Link Road (Juhu Circle to Andheri Infinity Mall),K/W,19.5,35.0,0.44,5,0.0,Free Flow / Moderate
2024-07-11 17:00:00,RD_LNK_03,New Link Road (Oshiwara to Goregaon West / Bangur Nagar),P/S,19.5,35.0,0.44,4,0.0,Free Flow / Moderate
2024-07-11 17:00:00,RD_LNK_04,New Link Road (Malad Inorbit to Mith Chowki),P/N,17.8,35.0,0.49,5,0.0,Congested
2024-07-11 17:00:00,RD_LNK_05,New Link Road (Kandivali to Dahisar Link Road Extension),R/N,18.7,35.0,0.47,8,0.0,Free Flow / Moderate
2024-07-11 17:00:00,RD_EEH_01,Eastern Express Highway (Sion Circle to Priyadarshini Park),F/N,28.4,55.0,0.48,3,0.0,Free Flow / Moderate
2024-07-11 17:00:00,RD_EEH_02,Eastern Express Highway (Kurla Amar Mahal to Ghatkopar),L,30.5,55.0,0.45,3,0.0,Free Flow / Moderate
2024-07-11 17:00:00,RD_EEH_03,Eastern Express Highway (Ghatkopar to Vikhroli / Godrej),N,29.6,55.0,0.46,3,0.0,Free Flow / Moderate
2024-07-11 17:00:00,RD_EEH_04,Eastern Express Highway (Vikhroli to Bhandup / Mulund Toll),T,28.3,55.0,0.49,6,0.0,Free Flow / Moderate
2024-07-11 17:00:00,RD_LBS_01,Lal Bahadur Shastri (LBS) Marg (Sion to Kurla Kamani),L,20.5,35.0,0.41,4,0.0,Free Flow / Moderate
2024-07-11 17:00:00,RD_LBS_02,LBS Marg (Kurla to Ghatkopar Gandhi Nagar),N,20.3,35.0,0.42,5,0.0,Free Flow / Moderate
2024-07-11 17:00:00,RD_LBS_03,LBS Marg (Ghatkopar to Vikhroli / Kanjurmarg),S,19.8,35.0,0.43,5,0.0,Free Flow / Moderate
2024-07-11 17:00:00,RD_LBS_04,LBS Marg (Bhandup to Mulund Check Naka),T,19.9,35.0,0.43,6,0.0,Free Flow / Moderate
2024-07-11 17:00:00,RD_JVL_01,Jogeshwari-Vikhroli Link Road (JVLR - WEH to Powai),K/E,17.3,35.0,0.51,9,0.0,Congested
2024-07-11 18:00:00,RD_WEH_01,Western Express Highway (Bandra to Santacruz),H/E,29.0,55.0,0.47,4,0.0,Free Flow / Moderate
2024-07-11 18:00:00,RD_WEH_02,Western Express Highway (Santacruz to Andheri Flyover),K/E,29.1,55.0,0.47,5,0.0,Free Flow / Moderate
2024-07-11 18:00:00,RD_WEH_03,Western Express Highway (Andheri to Goregaon Hub),P/S,30.7,55.0,0.44,4,0.0,Free Flow / Moderate
2024-07-11 18:00:00,RD_WEH_04,Western Express Highway (Goregaon to Borivali National Park),R/C,31.3,55.0,0.43,5,0.0,Free Flow / Moderate
2024-07-11 18:00:00,RD_WEH_05,Western Express Highway (Borivali to Dahisar Toll Naka),R/N,31.5,55.0,0.43,3,0.0,Free Flow / Moderate
2024-07-11 18:00:00,RD_SVR_01,Swami Vivekanand (SV) Road (Bandra Lucky Jn to Khar),H/W,19.4,35.0,0.45,4,0.0,Free Flow / Moderate
2024-07-11 18:00:00,RD_SVR_02,SV Road (Santacruz Milan Subway Approach),H/W,20.4,35.0,0.42,2,0.0,Free Flow / Moderate
2024-07-11 18:00:00,RD_SVR_03,SV Road (Vile Parle to Andheri Station West),K/W,20.7,35.0,0.41,4,0.0,Free Flow / Moderate
2024-07-11 18:00:00,RD_SVR_04,SV Road (Andheri Subway Section to Jogeshwari),K/W,19.8,35.0,0.43,3,0.0,Free Flow / Moderate
2024-07-11 18:00:00,RD_SVR_05,SV Road (Goregaon to Malad Subway Jn),P/N,20.2,35.0,0.42,5,0.0,Free Flow / Moderate
2024-07-11 18:00:00,RD_SVR_06,SV Road (Kandivali to Borivali Station West),R/C,20.1,35.0,0.43,5,0.0,Free Flow / Moderate
2024-07-11 18:00:00,RD_LNK_01,New Link Road (Bandra West to Khar Danda),H/W,19.4,35.0,0.45,3,0.0,Free Flow / Moderate
2024-07-11 18:00:00,RD_LNK_02,New Link Road (Juhu Circle to Andheri Infinity Mall),K/W,17.5,35.0,0.5,7,0.0,Congested
2024-07-11 18:00:00,RD_LNK_03,New Link Road (Oshiwara to Goregaon West / Bangur Nagar),P/S,19.3,35.0,0.45,5,0.0,Free Flow / Moderate
2024-07-11 18:00:00,RD_LNK_04,New Link Road (Malad Inorbit to Mith Chowki),P/N,20.3,35.0,0.42,3,0.0,Free Flow / Moderate
2024-07-11 18:00:00,RD_LNK_05,New Link Road (Kandivali to Dahisar Link Road Extension),R/N,20.5,35.0,0.41,7,0.0,Free Flow / Moderate
2024-07-11 18:00:00,RD_EEH_01,Eastern Express Highway (Sion Circle to Priyadarshini Park),F/N,31.1,55.0,0.43,3,0.0,Free Flow / Moderate
2024-07-11 18:00:00,RD_EEH_02,Eastern Express Highway (Kurla Amar Mahal to Ghatkopar),L,29.9,55.0,0.46,4,0.0,Free Flow / Moderate
2024-07-11 18:00:00,RD_EEH_03,Eastern Express Highway (Ghatkopar to Vikhroli / Godrej),N,31.3,55.0,0.43,3,0.0,Free Flow / Moderate
2024-07-11 18:00:00,RD_EEH_04,Eastern Express Highway (Vikhroli to Bhandup / Mulund Toll),T,28.3,55.0,0.49,6,0.0,Free Flow / Moderate
2024-07-11 18:00:00,RD_LBS_01,Lal Bahadur Shastri (LBS) Marg (Sion to Kurla Kamani),L,18.4,35.0,0.47,6,0.0,Free Flow / Moderate
2024-07-11 18:00:00,RD_LBS_02,LBS Marg (Kurla to Ghatkopar Gandhi Nagar),N,20.8,35.0,0.41,4,0.0,Free Flow / Moderate
2024-07-11 18:00:00,RD_LBS_03,LBS Marg (Ghatkopar to Vikhroli / Kanjurmarg),S,19.9,35.0,0.43,5,0.0,Free Flow / Moderate
2024-07-11 18:00:00,RD_LBS_04,LBS Marg (Bhandup to Mulund Check Naka),T,18.2,35.0,0.48,7,0.0,Free Flow / Moderate
2024-07-11 18:00:00,RD_JVL_01,Jogeshwari-Vikhroli Link Road (JVLR - WEH to Powai),K/E,18.2,35.0,0.48,8,0.0,Free Flow / Moderate
2024-07-11 19:00:00,RD_WEH_01,Western Express Highway (Bandra to Santacruz),H/E,28.8,55.0,0.48,4,0.0,Free Flow / Moderate
2024-07-11 19:00:00,RD_WEH_02,Western Express Highway (Santacruz to Andheri Flyover),K/E,30.2,55.0,0.45,4,0.0,Free Flow / Moderate
2024-07-11 19:00:00,RD_WEH_03,Western Express Highway (Andheri to Goregaon Hub),P/S,28.5,55.0,0.48,4,0.0,Free Flow / Moderate
2024-07-11 19:00:00,RD_WEH_04,Western Express Highway (Goregaon to Borivali National Park),R/C,31.0,55.0,0.44,5,0.0,Free Flow / Moderate
2024-07-11 19:00:00,RD_WEH_05,Western Express Highway (Borivali to Dahisar Toll Naka),R/N,31.6,55.0,0.43,3,0.0,Free Flow / Moderate
2024-07-11 19:00:00,RD_SVR_01,Swami Vivekanand (SV) Road (Bandra Lucky Jn to Khar),H/W,20.7,35.0,0.41,3,0.0,Free Flow / Moderate
2024-07-11 19:00:00,RD_SVR_02,SV Road (Santacruz Milan Subway Approach),H/W,18.6,35.0,0.47,3,0.0,Free Flow / Moderate
2024-07-11 19:00:00,RD_SVR_03,SV Road (Vile Parle to Andheri Station West),K/W,20.0,35.0,0.43,4,0.0,Free Flow / Moderate
2024-07-11 19:00:00,RD_SVR_04,SV Road (Andheri Subway Section to Jogeshwari),K/W,19.3,35.0,0.45,4,0.0,Free Flow / Moderate
2024-07-11 19:00:00,RD_SVR_05,SV Road (Goregaon to Malad Subway Jn),P/N,18.6,35.0,0.47,6,0.0,Free Flow / Moderate
2024-07-11 19:00:00,RD_SVR_06,SV Road (Kandivali to Borivali Station West),R/C,17.9,35.0,0.49,7,0.0,Congested
2024-07-11 19:00:00,RD_LNK_01,New Link Road (Bandra West to Khar Danda),H/W,19.3,35.0,0.45,3,0.0,Free Flow / Moderate
2024-07-11 19:00:00,RD_LNK_02,New Link Road (Juhu Circle to Andheri Infinity Mall),K/W,20.1,35.0,0.43,5,0.0,Free Flow / Moderate
2024-07-11 19:00:00,RD_LNK_03,New Link Road (Oshiwara to Goregaon West / Bangur Nagar),P/S,18.6,35.0,0.47,5,0.0,Free Flow / Moderate
2024-07-11 19:00:00,RD_LNK_04,New Link Road (Malad Inorbit to Mith Chowki),P/N,18.7,35.0,0.47,4,0.0,Free Flow / Moderate
2024-07-11 19:00:00,RD_LNK_05,New Link Road (Kandivali to Dahisar Link Road Extension),R/N,18.5,35.0,0.47,8,0.0,Free Flow / Moderate
2024-07-11 19:00:00,RD_EEH_01,Eastern Express Highway (Sion Circle to Priyadarshini Park),F/N,31.6,55.0,0.43,3,0.0,Free Flow / Moderate
2024-07-11 19:00:00,RD_EEH_02,Eastern Express Highway (Kurla Amar Mahal to Ghatkopar),L,31.3,55.0,0.43,3,0.0,Free Flow / Moderate
2024-07-11 19:00:00,RD_EEH_03,Eastern Express Highway (Ghatkopar to Vikhroli / Godrej),N,30.1,55.0,0.45,3,0.0,Free Flow / Moderate
2024-07-11 19:00:00,RD_EEH_04,Eastern Express Highway (Vikhroli to Bhandup / Mulund Toll),T,29.6,55.0,0.46,6,0.0,Free Flow / Moderate
2024-07-11 19:00:00,RD_LBS_01,Lal Bahadur Shastri (LBS) Marg (Sion to Kurla Kamani),L,20.0,35.0,0.43,5,0.0,Free Flow / Moderate
2024-07-11 19:00:00,RD_LBS_02,LBS Marg (Kurla to Ghatkopar Gandhi Nagar),N,19.8,35.0,0.43,5,0.0,Free Flow / Moderate
2024-07-11 19:00:00,RD_LBS_03,LBS Marg (Ghatkopar to Vikhroli / Kanjurmarg),S,19.5,35.0,0.44,6,0.0,Free Flow / Moderate
2024-07-11 19:00:00,RD_LBS_04,LBS Marg (Bhandup to Mulund Check Naka),T,18.1,35.0,0.48,7,0.0,Free Flow / Moderate
2024-07-11 19:00:00,RD_JVL_01,Jogeshwari-Vikhroli Link Road (JVLR - WEH to Powai),K/E,19.3,35.0,0.45,7,0.0,Free Flow / Moderate
2024-07-11 20:00:00,RD_WEH_01,Western Express Highway (Bandra to Santacruz),H/E,31.8,55.0,0.42,3,0.0,Free Flow / Moderate
2024-07-11 20:00:00,RD_WEH_02,Western Express Highway (Santacruz to Andheri Flyover),K/E,29.6,55.0,0.46,4,0.0,Free Flow / Moderate
2024-07-11 20:00:00,RD_WEH_03,Western Express Highway (Andheri to Goregaon Hub),P/S,31.5,55.0,0.43,3,0.0,Free Flow / Moderate
2024-07-11 20:00:00,RD_WEH_04,Western Express Highway (Goregaon to Borivali National Park),R/C,28.3,55.0,0.49,6,0.0,Free Flow / Moderate
2024-07-11 20:00:00,RD_WEH_05,Western Express Highway (Borivali to Dahisar Toll Naka),R/N,31.7,55.0,0.42,3,0.0,Free Flow / Moderate
2024-07-11 20:00:00,RD_SVR_01,Swami Vivekanand (SV) Road (Bandra Lucky Jn to Khar),H/W,17.9,35.0,0.49,5,0.0,Congested
2024-07-11 20:00:00,RD_SVR_02,SV Road (Santacruz Milan Subway Approach),H/W,20.5,35.0,0.41,2,0.0,Free Flow / Moderate
2024-07-11 20:00:00,RD_SVR_03,SV Road (Vile Parle to Andheri Station West),K/W,19.8,35.0,0.43,4,0.0,Free Flow / Moderate
2024-07-11 20:00:00,RD_SVR_04,SV Road (Andheri Subway Section to Jogeshwari),K/W,19.7,35.0,0.44,3,0.0,Free Flow / Moderate
2024-07-11 20:00:00,RD_SVR_05,SV Road (Goregaon to Malad Subway Jn),P/N,18.2,35.0,0.48,6,0.0,Free Flow / Moderate
2024-07-11 20:00:00,RD_SVR_06,SV Road (Kandivali to Borivali Station West),R/C,18.6,35.0,0.47,6,0.0,Free Flow / Moderate
2024-07-11 20:00:00,RD_LNK_01,New Link Road (Bandra West to Khar Danda),H/W,19.8,35.0,0.43,3,0.0,Free Flow / Moderate
2024-07-11 20:00:00,RD_LNK_02,New Link Road (Juhu Circle to Andheri Infinity Mall),K/W,19.6,35.0,0.44,5,0.0,Free Flow / Moderate
2024-07-11 20:00:00,RD_LNK_03,New Link Road (Oshiwara to Goregaon West / Bangur Nagar),P/S,18.0,35.0,0.49,5,0.0,Free Flow / Moderate
2024-07-11 20:00:00,RD_LNK_04,New Link Road (Malad Inorbit to Mith Chowki),P/N,17.6,35.0,0.5,5,0.0,Congested
2024-07-11 20:00:00,RD_LNK_05,New Link Road (Kandivali to Dahisar Link Road Extension),R/N,19.8,35.0,0.43,7,0.0,Free Flow / Moderate
2024-07-11 20:00:00,RD_EEH_01,Eastern Express Highway (Sion Circle to Priyadarshini Park),F/N,29.7,55.0,0.46,3,0.0,Free Flow / Moderate
2024-07-11 20:00:00,RD_EEH_02,Eastern Express Highway (Kurla Amar Mahal to Ghatkopar),L,29.9,55.0,0.46,4,0.0,Free Flow / Moderate
2024-07-11 20:00:00,RD_EEH_03,Eastern Express Highway (Ghatkopar to Vikhroli / Godrej),N,29.8,55.0,0.46,3,0.0,Free Flow / Moderate
2024-07-11 20:00:00,RD_EEH_04,Eastern Express Highway (Vikhroli to Bhandup / Mulund Toll),T,29.6,55.0,0.46,6,0.0,Free Flow / Moderate
2024-07-11 20:00:00,RD_LBS_01,Lal Bahadur Shastri (LBS) Marg (Sion to Kurla Kamani),L,17.8,35.0,0.49,6,0.0,Congested
2024-07-11 20:00:00,RD_LBS_02,LBS Marg (Kurla to Ghatkopar Gandhi Nagar),N,19.1,35.0,0.45,5,0.0,Free Flow / Moderate
2024-07-11 20:00:00,RD_LBS_03,LBS Marg (Ghatkopar to Vikhroli / Kanjurmarg),S,17.9,35.0,0.49,7,0.0,Congested
2024-07-11 20:00:00,RD_LBS_04,LBS Marg (Bhandup to Mulund Check Naka),T,17.6,35.0,0.5,8,0.0,Congested
2024-07-11 20:00:00,RD_JVL_01,Jogeshwari-Vikhroli Link Road (JVLR - WEH to Powai),K/E,19.7,35.0,0.44,7,0.0,Free Flow / Moderate
2024-07-11 21:00:00,RD_WEH_01,Western Express Highway (Bandra to Santacruz),H/E,30.9,55.0,0.44,3,0.0,Free Flow / Moderate
2024-07-11 21:00:00,RD_WEH_02,Western Express Highway (Santacruz to Andheri Flyover),K/E,30.7,55.0,0.44,4,0.0,Free Flow / Moderate
2024-07-11 21:00:00,RD_WEH_03,Western Express Highway (Andheri to Goregaon Hub),P/S,29.2,55.0,0.47,4,0.0,Free Flow / Moderate
2024-07-11 21:00:00,RD_WEH_04,Western Express Highway (Goregaon to Borivali National Park),R/C,32.0,55.0,0.42,5,0.0,Free Flow / Moderate
2024-07-11 21:00:00,RD_WEH_05,Western Express Highway (Borivali to Dahisar Toll Naka),R/N,30.9,55.0,0.44,3,0.0,Free Flow / Moderate
2024-07-11 21:00:00,RD_SVR_01,Swami Vivekanand (SV) Road (Bandra Lucky Jn to Khar),H/W,18.1,35.0,0.48,5,0.0,Free Flow / Moderate
2024-07-11 21:00:00,RD_SVR_02,SV Road (Santacruz Milan Subway Approach),H/W,18.9,35.0,0.46,3,0.0,Free Flow / Moderate
2024-07-11 21:00:00,RD_SVR_03,SV Road (Vile Parle to Andheri Station West),K/W,17.3,35.0,0.51,6,0.0,Congested
2024-07-11 21:00:00,RD_SVR_04,SV Road (Andheri Subway Section to Jogeshwari),K/W,19.5,35.0,0.44,4,0.0,Free Flow / Moderate
2024-07-11 21:00:00,RD_SVR_05,SV Road (Goregaon to Malad Subway Jn),P/N,17.8,35.0,0.49,6,0.0,Congested
2024-07-11 21:00:00,RD_SVR_06,SV Road (Kandivali to Borivali Station West),R/C,18.6,35.0,0.47,6,0.0,Free Flow / Moderate
2024-07-11 21:00:00,RD_LNK_01,New Link Road (Bandra West to Khar Danda),H/W,19.8,35.0,0.43,3,0.0,Free Flow / Moderate
2024-07-11 21:00:00,RD_LNK_02,New Link Road (Juhu Circle to Andheri Infinity Mall),K/W,20.7,35.0,0.41,4,0.0,Free Flow / Moderate
2024-07-11 21:00:00,RD_LNK_03,New Link Road (Oshiwara to Goregaon West / Bangur Nagar),P/S,18.8,35.0,0.46,5,0.0,Free Flow / Moderate
2024-07-11 21:00:00,RD_LNK_04,New Link Road (Malad Inorbit to Mith Chowki),P/N,17.6,35.0,0.5,5,0.0,Congested
2024-07-11 21:00:00,RD_LNK_05,New Link Road (Kandivali to Dahisar Link Road Extension),R/N,21.1,35.0,0.4,6,0.0,Free Flow / Moderate
2024-07-11 21:00:00,RD_EEH_01,Eastern Express Highway (Sion Circle to Priyadarshini Park),F/N,32.2,55.0,0.41,2,0.0,Free Flow / Moderate
2024-07-11 21:00:00,RD_EEH_02,Eastern Express Highway (Kurla Amar Mahal to Ghatkopar),L,28.3,55.0,0.49,4,0.0,Free Flow / Moderate
2024-07-11 21:00:00,RD_EEH_03,Eastern Express Highway (Ghatkopar to Vikhroli / Godrej),N,29.5,55.0,0.46,3,0.0,Free Flow / Moderate
2024-07-11 21:00:00,RD_EEH_04,Eastern Express Highway (Vikhroli to Bhandup / Mulund Toll),T,31.0,55.0,0.44,5,0.0,Free Flow / Moderate
2024-07-11 21:00:00,RD_LBS_01,Lal Bahadur Shastri (LBS) Marg (Sion to Kurla Kamani),L,21.0,35.0,0.4,4,0.0,Free Flow / Moderate
2024-07-11 21:00:00,RD_LBS_02,LBS Marg (Kurla to Ghatkopar Gandhi Nagar),N,20.2,35.0,0.42,5,0.0,Free Flow / Moderate
2024-07-11 21:00:00,RD_LBS_03,LBS Marg (Ghatkopar to Vikhroli / Kanjurmarg),S,19.6,35.0,0.44,6,0.0,Free Flow / Moderate
2024-07-11 21:00:00,RD_LBS_04,LBS Marg (Bhandup to Mulund Check Naka),T,19.8,35.0,0.43,6,0.0,Free Flow / Moderate
2024-07-11 21:00:00,RD_JVL_01,Jogeshwari-Vikhroli Link Road (JVLR - WEH to Powai),K/E,20.1,35.0,0.43,6,0.0,Free Flow / Moderate
2024-07-11 22:00:00,RD_WEH_01,Western Express Highway (Bandra to Santacruz),H/E,47.8,55.0,0.13,0,0.0,Free Flow / Moderate
2024-07-11 22:00:00,RD_WEH_02,Western Express Highway (Santacruz to Andheri Flyover),K/E,49.6,55.0,0.1,0,0.0,Free Flow / Moderate
2024-07-11 22:00:00,RD_WEH_03,Western Express Highway (Andheri to Goregaon Hub),P/S,49.7,55.0,0.1,0,0.0,Free Flow / Moderate
2024-07-11 22:00:00,RD_WEH_04,Western Express Highway (Goregaon to Borivali National Park),R/C,48.8,55.0,0.11,0,0.0,Free Flow / Moderate
2024-07-11 22:00:00,RD_WEH_05,Western Express Highway (Borivali to Dahisar Toll Naka),R/N,49.1,55.0,0.11,0,0.0,Free Flow / Moderate
2024-07-11 22:00:00,RD_SVR_01,Swami Vivekanand (SV) Road (Bandra Lucky Jn to Khar),H/W,29.7,35.0,0.15,0,0.0,Free Flow / Moderate
2024-07-11 22:00:00,RD_SVR_02,SV Road (Santacruz Milan Subway Approach),H/W,32.2,35.0,0.1,0,0.0,Free Flow / Moderate
2024-07-11 22:00:00,RD_SVR_03,SV Road (Vile Parle to Andheri Station West),K/W,31.8,35.0,0.1,0,0.0,Free Flow / Moderate
2024-07-11 22:00:00,RD_SVR_04,SV Road (Andheri Subway Section to Jogeshwari),K/W,33.0,35.0,0.1,0,0.0,Free Flow / Moderate
2024-07-11 22:00:00,RD_SVR_05,SV Road (Goregaon to Malad Subway Jn),P/N,29.7,35.0,0.15,1,0.0,Free Flow / Moderate
2024-07-11 22:00:00,RD_SVR_06,SV Road (Kandivali to Borivali Station West),R/C,31.7,35.0,0.1,0,0.0,Free Flow / Moderate
2024-07-11 22:00:00,RD_LNK_01,New Link Road (Bandra West to Khar Danda),H/W,33.4,35.0,0.1,0,0.0,Free Flow / Moderate
2024-07-11 22:00:00,RD_LNK_02,New Link Road (Juhu Circle to Andheri Infinity Mall),K/W,30.1,35.0,0.14,1,0.0,Free Flow / Moderate
2024-07-11 22:00:00,RD_LNK_03,New Link Road (Oshiwara to Goregaon West / Bangur Nagar),P/S,31.9,35.0,0.1,0,0.0,Free Flow / Moderate
2024-07-11 22:00:00,RD_LNK_04,New Link Road (Malad Inorbit to Mith Chowki),P/N,32.9,35.0,0.1,0,0.0,Free Flow / Moderate
2024-07-11 22:00:00,RD_LNK_05,New Link Road (Kandivali to Dahisar Link Road Extension),R/N,32.1,35.0,0.1,0,0.0,Free Flow / Moderate
2024-07-11 22:00:00,RD_EEH_01,Eastern Express Highway (Sion Circle to Priyadarshini Park),F/N,51.1,55.0,0.1,0,0.0,Free Flow / Moderate
2024-07-11 22:00:00,RD_EEH_02,Eastern Express Highway (Kurla Amar Mahal to Ghatkopar),L,50.1,55.0,0.1,0,0.0,Free Flow / Moderate
2024-07-11 22:00:00,RD_EEH_03,Eastern Express Highway (Ghatkopar to Vikhroli / Godrej),N,47.8,55.0,0.13,0,0.0,Free Flow / Moderate
2024-07-11 22:00:00,RD_EEH_04,Eastern Express Highway (Vikhroli to Bhandup / Mulund Toll),T,51.4,55.0,0.1,0,0.0,Free Flow / Moderate
2024-07-11 22:00:00,RD_LBS_01,Lal Bahadur Shastri (LBS) Marg (Sion to Kurla Kamani),L,32.6,35.0,0.1,0,0.0,Free Flow / Moderate
2024-07-11 22:00:00,RD_LBS_02,LBS Marg (Kurla to Ghatkopar Gandhi Nagar),N,32.0,35.0,0.1,0,0.0,Free Flow / Moderate
2024-07-11 22:00:00,RD_LBS_03,LBS Marg (Ghatkopar to Vikhroli / Kanjurmarg),S,30.7,35.0,0.12,1,0.0,Free Flow / Moderate
2024-07-11 22:00:00,RD_LBS_04,LBS Marg (Bhandup to Mulund Check Naka),T,33.1,35.0,0.1,0,0.0,Free Flow / Moderate
2024-07-11 22:00:00,RD_JVL_01,Jogeshwari-Vikhroli Link Road (JVLR - WEH to Powai),K/E,31.7,35.0,0.1,0,0.0,Free Flow / Moderate
2024-07-11 23:00:00,RD_WEH_01,Western Express Highway (Bandra to Santacruz),H/E,49.3,55.0,0.1,0,0.0,Free Flow / Moderate
2024-07-11 23:00:00,RD_WEH_02,Western Express Highway (Santacruz to Andheri Flyover),K/E,47.7,55.0,0.13,0,0.0,Free Flow / Moderate
2024-07-11 23:00:00,RD_WEH_03,Western Express Highway (Andheri to Goregaon Hub),P/S,51.2,55.0,0.1,0,0.0,Free Flow / Moderate
2024-07-11 23:00:00,RD_WEH_04,Western Express Highway (Goregaon to Borivali National Park),R/C,50.7,55.0,0.1,0,0.0,Free Flow / Moderate
2024-07-11 23:00:00,RD_WEH_05,Western Express Highway (Borivali to Dahisar Toll Naka),R/N,48.5,55.0,0.12,0,0.0,Free Flow / Moderate
2024-07-11 23:00:00,RD_SVR_01,Swami Vivekanand (SV) Road (Bandra Lucky Jn to Khar),H/W,31.7,35.0,0.1,0,0.0,Free Flow / Moderate
2024-07-11 23:00:00,RD_SVR_02,SV Road (Santacruz Milan Subway Approach),H/W,33.0,35.0,0.1,0,0.0,Free Flow / Moderate
2024-07-11 23:00:00,RD_SVR_03,SV Road (Vile Parle to Andheri Station West),K/W,32.0,35.0,0.1,0,0.0,Free Flow / Moderate
2024-07-11 23:00:00,RD_SVR_04,SV Road (Andheri Subway Section to Jogeshwari),K/W,29.8,35.0,0.15,0,0.0,Free Flow / Moderate
2024-07-11 23:00:00,RD_SVR_05,SV Road (Goregaon to Malad Subway Jn),P/N,31.9,35.0,0.1,0,0.0,Free Flow / Moderate
2024-07-11 23:00:00,RD_SVR_06,SV Road (Kandivali to Borivali Station West),R/C,31.1,35.0,0.11,0,0.0,Free Flow / Moderate
2024-07-11 23:00:00,RD_LNK_01,New Link Road (Bandra West to Khar Danda),H/W,33.1,35.0,0.1,0,0.0,Free Flow / Moderate
2024-07-11 23:00:00,RD_LNK_02,New Link Road (Juhu Circle to Andheri Infinity Mall),K/W,31.2,35.0,0.11,0,0.0,Free Flow / Moderate
2024-07-11 23:00:00,RD_LNK_03,New Link Road (Oshiwara to Goregaon West / Bangur Nagar),P/S,31.4,35.0,0.1,0,0.0,Free Flow / Moderate
2024-07-11 23:00:00,RD_LNK_04,New Link Road (Malad Inorbit to Mith Chowki),P/N,30.6,35.0,0.13,0,0.0,Free Flow / Moderate
2024-07-11 23:00:00,RD_LNK_05,New Link Road (Kandivali to Dahisar Link Road Extension),R/N,32.3,35.0,0.1,0,0.0,Free Flow / Moderate
2024-07-11 23:00:00,RD_EEH_01,Eastern Express Highway (Sion Circle to Priyadarshini Park),F/N,48.7,55.0,0.11,0,0.0,Free Flow / Moderate
2024-07-11 23:00:00,RD_EEH_02,Eastern Express Highway (Kurla Amar Mahal to Ghatkopar),L,47.9,55.0,0.13,0,0.0,Free Flow / Moderate
2024-07-11 23:00:00,RD_EEH_03,Eastern Express Highway (Ghatkopar to Vikhroli / Godrej),N,51.4,55.0,0.1,0,0.0,Free Flow / Moderate
2024-07-11 23:00:00,RD_EEH_04,Eastern Express Highway (Vikhroli to Bhandup / Mulund Toll),T,48.0,55.0,0.13,1,0.0,Free Flow / Moderate
2024-07-11 23:00:00,RD_LBS_01,Lal Bahadur Shastri (LBS) Marg (Sion to Kurla Kamani),L,31.9,35.0,0.1,0,0.0,Free Flow / Moderate
2024-07-11 23:00:00,RD_LBS_02,LBS Marg (Kurla to Ghatkopar Gandhi Nagar),N,30.4,35.0,0.13,1,0.0,Free Flow / Moderate
2024-07-11 23:00:00,RD_LBS_03,LBS Marg (Ghatkopar to Vikhroli / Kanjurmarg),S,31.1,35.0,0.11,0,0.0,Free Flow / Moderate
2024-07-11 23:00:00,RD_LBS_04,LBS Marg (Bhandup to Mulund Check Naka),T,29.8,35.0,0.15,1,0.0,Free Flow / Moderate
2024-07-11 23:00:00,RD_JVL_01,Jogeshwari-Vikhroli Link Road (JVLR - WEH to Powai),K/E,30.1,35.0,0.14,1,0.0,Free Flow / Moderate
2024-07-12 00:00:00,RD_WEH_01,Western Express Highway (Bandra to Santacruz),H/E,50.5,55.0,0.1,0,0.0,Free Flow / Moderate
2024-07-12 00:00:00,RD_WEH_02,Western Express Highway (Santacruz to Andheri Flyover),K/E,49.1,55.0,0.11,0,0.0,Free Flow / Moderate
2024-07-12 00:00:00,RD_WEH_03,Western Express Highway (Andheri to Goregaon Hub),P/S,50.1,55.0,0.1,0,0.0,Free Flow / Moderate
2024-07-12 00:00:00,RD_WEH_04,Western Express Highway (Goregaon to Borivali National Park),R/C,48.6,55.0,0.12,0,0.0,Free Flow / Moderate
2024-07-12 00:00:00,RD_WEH_05,Western Express Highway (Borivali to Dahisar Toll Naka),R/N,49.1,55.0,0.11,0,0.0,Free Flow / Moderate
2024-07-12 00:00:00,RD_SVR_01,Swami Vivekanand (SV) Road (Bandra Lucky Jn to Khar),H/W,33.4,35.0,0.1,0,0.0,Free Flow / Moderate
2024-07-12 00:00:00,RD_SVR_02,SV Road (Santacruz Milan Subway Approach),H/W,29.6,35.0,0.15,0,0.0,Free Flow / Moderate
2024-07-12 00:00:00,RD_SVR_03,SV Road (Vile Parle to Andheri Station West),K/W,30.6,35.0,0.13,0,0.0,Free Flow / Moderate
2024-07-12 00:00:00,RD_SVR_04,SV Road (Andheri Subway Section to Jogeshwari),K/W,30.1,35.0,0.14,0,0.0,Free Flow / Moderate
2024-07-12 00:00:00,RD_SVR_05,SV Road (Goregaon to Malad Subway Jn),P/N,31.5,35.0,0.1,0,0.0,Free Flow / Moderate
2024-07-12 00:00:00,RD_SVR_06,SV Road (Kandivali to Borivali Station West),R/C,33.3,35.0,0.1,0,0.0,Free Flow / Moderate
2024-07-12 00:00:00,RD_LNK_01,New Link Road (Bandra West to Khar Danda),H/W,32.9,35.0,0.1,0,0.0,Free Flow / Moderate
2024-07-12 00:00:00,RD_LNK_02,New Link Road (Juhu Circle to Andheri Infinity Mall),K/W,32.4,35.0,0.1,0,0.0,Free Flow / Moderate
2024-07-12 00:00:00,RD_LNK_03,New Link Road (Oshiwara to Goregaon West / Bangur Nagar),P/S,31.6,35.0,0.1,0,0.0,Free Flow / Moderate
2024-07-12 00:00:00,RD_LNK_04,New Link Road (Malad Inorbit to Mith Chowki),P/N,33.1,35.0,0.1,0,0.0,Free Flow / Moderate
2024-07-12 00:00:00,RD_LNK_05,New Link Road (Kandivali to Dahisar Link Road Extension),R/N,31.0,35.0,0.11,1,0.0,Free Flow / Moderate
2024-07-12 00:00:00,RD_EEH_01,Eastern Express Highway (Sion Circle to Priyadarshini Park),F/N,49.0,55.0,0.11,0,0.0,Free Flow / Moderate
2024-07-12 00:00:00,RD_EEH_02,Eastern Express Highway (Kurla Amar Mahal to Ghatkopar),L,49.5,55.0,0.1,0,0.0,Free Flow / Moderate
2024-07-12 00:00:00,RD_EEH_03,Eastern Express Highway (Ghatkopar to Vikhroli / Godrej),N,51.2,55.0,0.1,0,0.0,Free Flow / Moderate
2024-07-12 00:00:00,RD_EEH_04,Eastern Express Highway (Vikhroli to Bhandup / Mulund Toll),T,48.2,55.0,0.12,1,0.0,Free Flow / Moderate
2024-07-12 00:00:00,RD_LBS_01,Lal Bahadur Shastri (LBS) Marg (Sion to Kurla Kamani),L,31.1,35.0,0.11,0,0.0,Free Flow / Moderate
2024-07-12 00:00:00,RD_LBS_02,LBS Marg (Kurla to Ghatkopar Gandhi Nagar),N,33.4,35.0,0.1,0,0.0,Free Flow / Moderate
2024-07-12 00:00:00,RD_LBS_03,LBS Marg (Ghatkopar to Vikhroli / Kanjurmarg),S,32.9,35.0,0.1,0,0.0,Free Flow / Moderate
2024-07-12 00:00:00,RD_LBS_04,LBS Marg (Bhandup to Mulund Check Naka),T,29.6,35.0,0.15,1,0.0,Free Flow / Moderate
2024-07-12 00:00:00,RD_JVL_01,Jogeshwari-Vikhroli Link Road (JVLR - WEH to Powai),K/E,33.5,35.0,0.1,0,0.0,Free Flow / Moderate
2024-07-12 01:00:00,RD_WEH_01,Western Express Highway (Bandra to Santacruz),H/E,50.4,55.0,0.1,0,0.0,Free Flow / Moderate
2024-07-12 01:00:00,RD_WEH_02,Western Express Highway (Santacruz to Andheri Flyover),K/E,48.6,55.0,0.12,0,0.0,Free Flow / Moderate
2024-07-12 01:00:00,RD_WEH_03,Western Express Highway (Andheri to Goregaon Hub),P/S,48.7,55.0,0.11,0,0.0,Free Flow / Moderate
2024-07-12 01:00:00,RD_WEH_04,Western Express Highway (Goregaon to Borivali National Park),R/C,50.8,55.0,0.1,0,0.0,Free Flow / Moderate
2024-07-12 01:00:00,RD_WEH_05,Western Express Highway (Borivali to Dahisar Toll Naka),R/N,47.5,55.0,0.14,0,0.0,Free Flow / Moderate
2024-07-12 01:00:00,RD_SVR_01,Swami Vivekanand (SV) Road (Bandra Lucky Jn to Khar),H/W,32.0,35.0,0.1,0,0.0,Free Flow / Moderate
2024-07-12 01:00:00,RD_SVR_02,SV Road (Santacruz Milan Subway Approach),H/W,31.5,35.0,0.1,0,0.0,Free Flow / Moderate
2024-07-12 01:00:00,RD_SVR_03,SV Road (Vile Parle to Andheri Station West),K/W,32.6,35.0,0.1,0,0.0,Free Flow / Moderate
2024-07-12 01:00:00,RD_SVR_04,SV Road (Andheri Subway Section to Jogeshwari),K/W,30.6,35.0,0.13,0,0.0,Free Flow / Moderate
2024-07-12 01:00:00,RD_SVR_05,SV Road (Goregaon to Malad Subway Jn),P/N,31.0,35.0,0.11,0,0.0,Free Flow / Moderate
2024-07-12 01:00:00,RD_SVR_06,SV Road (Kandivali to Borivali Station West),R/C,33.2,35.0,0.1,0,0.0,Free Flow / Moderate
2024-07-12 01:00:00,RD_LNK_01,New Link Road (Bandra West to Khar Danda),H/W,32.9,35.0,0.1,0,0.0,Free Flow / Moderate
2024-07-12 01:00:00,RD_LNK_02,New Link Road (Juhu Circle to Andheri Infinity Mall),K/W,30.8,35.0,0.12,0,0.0,Free Flow / Moderate
2024-07-12 01:00:00,RD_LNK_03,New Link Road (Oshiwara to Goregaon West / Bangur Nagar),P/S,32.6,35.0,0.1,0,0.0,Free Flow / Moderate
2024-07-12 01:00:00,RD_LNK_04,New Link Road (Malad Inorbit to Mith Chowki),P/N,30.3,35.0,0.13,0,0.0,Free Flow / Moderate
2024-07-12 01:00:00,RD_LNK_05,New Link Road (Kandivali to Dahisar Link Road Extension),R/N,32.2,35.0,0.1,0,0.0,Free Flow / Moderate
2024-07-12 01:00:00,RD_EEH_01,Eastern Express Highway (Sion Circle to Priyadarshini Park),F/N,48.9,55.0,0.11,0,0.0,Free Flow / Moderate
2024-07-12 01:00:00,RD_EEH_02,Eastern Express Highway (Kurla Amar Mahal to Ghatkopar),L,50.1,55.0,0.1,0,0.0,Free Flow / Moderate
2024-07-12 01:00:00,RD_EEH_03,Eastern Express Highway (Ghatkopar to Vikhroli / Godrej),N,51.4,55.0,0.1,0,0.0,Free Flow / Moderate
2024-07-12 01:00:00,RD_EEH_04,Eastern Express Highway (Vikhroli to Bhandup / Mulund Toll),T,48.7,55.0,0.11,0,0.0,Free Flow / Moderate
2024-07-12 01:00:00,RD_LBS_01,Lal Bahadur Shastri (LBS) Marg (Sion to Kurla Kamani),L,30.6,35.0,0.13,0,0.0,Free Flow / Moderate
2024-07-12 01:00:00,RD_LBS_02,LBS Marg (Kurla to Ghatkopar Gandhi Nagar),N,30.8,35.0,0.12,0,0.0,Free Flow / Moderate
2024-07-12 01:00:00,RD_LBS_03,LBS Marg (Ghatkopar to Vikhroli / Kanjurmarg),S,31.6,35.0,0.1,0,0.0,Free Flow / Moderate
2024-07-12 01:00:00,RD_LBS_04,LBS Marg (Bhandup to Mulund Check Naka),T,33.3,35.0,0.1,0,0.0,Free Flow / Moderate
2024-07-12 01:00:00,RD_JVL_01,Jogeshwari-Vikhroli Link Road (JVLR - WEH to Powai),K/E,30.5,35.0,0.13,1,0.0,Free Flow / Moderate
2024-07-12 02:00:00,RD_WEH_01,Western Express Highway (Bandra to Santacruz),H/E,50.8,55.0,0.1,0,0.0,Free Flow / Moderate
2024-07-12 02:00:00,RD_WEH_02,Western Express Highway (Santacruz to Andheri Flyover),K/E,47.6,55.0,0.13,0,0.0,Free Flow / Moderate
2024-07-12 02:00:00,RD_WEH_03,Western Express Highway (Andheri to Goregaon Hub),P/S,47.9,55.0,0.13,0,0.0,Free Flow / Moderate
2024-07-12 02:00:00,RD_WEH_04,Western Express Highway (Goregaon to Borivali National Park),R/C,49.1,55.0,0.11,0,0.0,Free Flow / Moderate
2024-07-12 02:00:00,RD_WEH_05,Western Express Highway (Borivali to Dahisar Toll Naka),R/N,51.2,55.0,0.1,0,0.0,Free Flow / Moderate
2024-07-12 02:00:00,RD_SVR_01,Swami Vivekanand (SV) Road (Bandra Lucky Jn to Khar),H/W,30.6,35.0,0.13,0,0.0,Free Flow / Moderate
2024-07-12 02:00:00,RD_SVR_02,SV Road (Santacruz Milan Subway Approach),H/W,32.4,35.0,0.1,0,0.0,Free Flow / Moderate
2024-07-12 02:00:00,RD_SVR_03,SV Road (Vile Parle to Andheri Station West),K/W,29.8,35.0,0.15,1,0.0,Free Flow / Moderate
2024-07-12 02:00:00,RD_SVR_04,SV Road (Andheri Subway Section to Jogeshwari),K/W,32.7,35.0,0.1,0,0.0,Free Flow / Moderate
2024-07-12 02:00:00,RD_SVR_05,SV Road (Goregaon to Malad Subway Jn),P/N,29.8,35.0,0.15,1,0.0,Free Flow / Moderate
2024-07-12 02:00:00,RD_SVR_06,SV Road (Kandivali to Borivali Station West),R/C,32.9,35.0,0.1,0,0.0,Free Flow / Moderate
2024-07-12 02:00:00,RD_LNK_01,New Link Road (Bandra West to Khar Danda),H/W,30.3,35.0,0.13,0,0.0,Free Flow / Moderate
2024-07-12 02:00:00,RD_LNK_02,New Link Road (Juhu Circle to Andheri Infinity Mall),K/W,31.7,35.0,0.1,0,0.0,Free Flow / Moderate
2024-07-12 02:00:00,RD_LNK_03,New Link Road (Oshiwara to Goregaon West / Bangur Nagar),P/S,31.0,35.0,0.11,0,0.0,Free Flow / Moderate
2024-07-12 02:00:00,RD_LNK_04,New Link Road (Malad Inorbit to Mith Chowki),P/N,32.7,35.0,0.1,0,0.0,Free Flow / Moderate
2024-07-12 02:00:00,RD_LNK_05,New Link Road (Kandivali to Dahisar Link Road Extension),R/N,31.2,35.0,0.11,1,0.0,Free Flow / Moderate
2024-07-12 02:00:00,RD_EEH_01,Eastern Express Highway (Sion Circle to Priyadarshini Park),F/N,49.4,55.0,0.1,0,0.0,Free Flow / Moderate
2024-07-12 02:00:00,RD_EEH_02,Eastern Express Highway (Kurla Amar Mahal to Ghatkopar),L,49.1,55.0,0.11,0,0.0,Free Flow / Moderate
2024-07-12 02:00:00,RD_EEH_03,Eastern Express Highway (Ghatkopar to Vikhroli / Godrej),N,49.8,55.0,0.1,0,0.0,Free Flow / Moderate
2024-07-12 02:00:00,RD_EEH_04,Eastern Express Highway (Vikhroli to Bhandup / Mulund Toll),T,49.7,55.0,0.1,0,0.0,Free Flow / Moderate
2024-07-12 02:00:00,RD_LBS_01,Lal Bahadur Shastri (LBS) Marg (Sion to Kurla Kamani),L,32.6,35.0,0.1,0,0.0,Free Flow / Moderate
2024-07-12 02:00:00,RD_LBS_02,LBS Marg (Kurla to Ghatkopar Gandhi Nagar),N,30.0,35.0,0.14,1,0.0,Free Flow / Moderate
2024-07-12 02:00:00,RD_LBS_03,LBS Marg (Ghatkopar to Vikhroli / Kanjurmarg),S,33.1,35.0,0.1,0,0.0,Free Flow / Moderate
2024-07-12 02:00:00,RD_LBS_04,LBS Marg (Bhandup to Mulund Check Naka),T,32.3,35.0,0.1,0,0.0,Free Flow / Moderate
2024-07-12 02:00:00,RD_JVL_01,Jogeshwari-Vikhroli Link Road (JVLR - WEH to Powai),K/E,32.3,35.0,0.1,0,0.0,Free Flow / Moderate
2024-07-12 03:00:00,RD_WEH_01,Western Express Highway (Bandra to Santacruz),H/E,51.3,55.0,0.1,0,0.0,Free Flow / Moderate
2024-07-12 03:00:00,RD_WEH_02,Western Express Highway (Santacruz to Andheri Flyover),K/E,50.1,55.0,0.1,0,0.0,Free Flow / Moderate
2024-07-12 03:00:00,RD_WEH_03,Western Express Highway (Andheri to Goregaon Hub),P/S,49.6,55.0,0.1,0,0.0,Free Flow / Moderate
2024-07-12 03:00:00,RD_WEH_04,Western Express Highway (Goregaon to Borivali National Park),R/C,48.9,55.0,0.11,0,0.0,Free Flow / Moderate
2024-07-12 03:00:00,RD_WEH_05,Western Express Highway (Borivali to Dahisar Toll Naka),R/N,50.6,55.0,0.1,0,0.0,Free Flow / Moderate
2024-07-12 03:00:00,RD_SVR_01,Swami Vivekanand (SV) Road (Bandra Lucky Jn to Khar),H/W,32.4,35.0,0.1,0,0.0,Free Flow / Moderate
2024-07-12 03:00:00,RD_SVR_02,SV Road (Santacruz Milan Subway Approach),H/W,32.6,35.0,0.1,0,0.0,Free Flow / Moderate
2024-07-12 03:00:00,RD_SVR_03,SV Road (Vile Parle to Andheri Station West),K/W,30.6,35.0,0.13,0,0.0,Free Flow / Moderate
2024-07-12 03:00:00,RD_SVR_04,SV Road (Andheri Subway Section to Jogeshwari),K/W,31.4,35.0,0.1,0,0.0,Free Flow / Moderate
2024-07-12 03:00:00,RD_SVR_05,SV Road (Goregaon to Malad Subway Jn),P/N,31.4,35.0,0.1,0,0.0,Free Flow / Moderate
2024-07-12 03:00:00,RD_SVR_06,SV Road (Kandivali to Borivali Station West),R/C,30.8,35.0,0.12,1,0.0,Free Flow / Moderate
2024-07-12 03:00:00,RD_LNK_01,New Link Road (Bandra West to Khar Danda),H/W,32.8,35.0,0.1,0,0.0,Free Flow / Moderate
2024-07-12 03:00:00,RD_LNK_02,New Link Road (Juhu Circle to Andheri Infinity Mall),K/W,30.1,35.0,0.14,1,0.0,Free Flow / Moderate
2024-07-12 03:00:00,RD_LNK_03,New Link Road (Oshiwara to Goregaon West / Bangur Nagar),P/S,29.8,35.0,0.15,1,0.0,Free Flow / Moderate
2024-07-12 03:00:00,RD_LNK_04,New Link Road (Malad Inorbit to Mith Chowki),P/N,32.8,35.0,0.1,0,0.0,Free Flow / Moderate
2024-07-12 03:00:00,RD_LNK_05,New Link Road (Kandivali to Dahisar Link Road Extension),R/N,31.2,35.0,0.11,1,0.0,Free Flow / Moderate
2024-07-12 03:00:00,RD_EEH_01,Eastern Express Highway (Sion Circle to Priyadarshini Park),F/N,49.0,55.0,0.11,0,0.0,Free Flow / Moderate
2024-07-12 03:00:00,RD_EEH_02,Eastern Express Highway (Kurla Amar Mahal to Ghatkopar),L,51.0,55.0,0.1,0,0.0,Free Flow / Moderate
2024-07-12 03:00:00,RD_EEH_03,Eastern Express Highway (Ghatkopar to Vikhroli / Godrej),N,48.7,55.0,0.11,0,0.0,Free Flow / Moderate
2024-07-12 03:00:00,RD_EEH_04,Eastern Express Highway (Vikhroli to Bhandup / Mulund Toll),T,47.6,55.0,0.13,1,0.0,Free Flow / Moderate
2024-07-12 03:00:00,RD_LBS_01,Lal Bahadur Shastri (LBS) Marg (Sion to Kurla Kamani),L,29.8,35.0,0.15,1,0.0,Free Flow / Moderate
2024-07-12 03:00:00,RD_LBS_02,LBS Marg (Kurla to Ghatkopar Gandhi Nagar),N,30.5,35.0,0.13,1,0.0,Free Flow / Moderate
2024-07-12 03:00:00,RD_LBS_03,LBS Marg (Ghatkopar to Vikhroli / Kanjurmarg),S,31.2,35.0,0.11,0,0.0,Free Flow / Moderate
2024-07-12 03:00:00,RD_LBS_04,LBS Marg (Bhandup to Mulund Check Naka),T,29.6,35.0,0.15,1,0.0,Free Flow / Moderate
2024-07-12 03:00:00,RD_JVL_01,Jogeshwari-Vikhroli Link Road (JVLR - WEH to Powai),K/E,30.2,35.0,0.14,1,0.0,Free Flow / Moderate
2024-07-12 04:00:00,RD_WEH_01,Western Express Highway (Bandra to Santacruz),H/E,48.1,55.0,0.13,0,0.0,Free Flow / Moderate
2024-07-12 04:00:00,RD_WEH_02,Western Express Highway (Santacruz to Andheri Flyover),K/E,48.3,55.0,0.12,0,0.0,Free Flow / Moderate
2024-07-12 04:00:00,RD_WEH_03,Western Express Highway (Andheri to Goregaon Hub),P/S,51.4,55.0,0.1,0,0.0,Free Flow / Moderate
2024-07-12 04:00:00,RD_WEH_04,Western Express Highway (Goregaon to Borivali National Park),R/C,48.5,55.0,0.12,0,0.0,Free Flow / Moderate
2024-07-12 04:00:00,RD_WEH_05,Western Express Highway (Borivali to Dahisar Toll Naka),R/N,47.9,55.0,0.13,0,0.0,Free Flow / Moderate
2024-07-12 04:00:00,RD_SVR_01,Swami Vivekanand (SV) Road (Bandra Lucky Jn to Khar),H/W,33.1,35.0,0.1,0,0.0,Free Flow / Moderate
2024-07-12 04:00:00,RD_SVR_02,SV Road (Santacruz Milan Subway Approach),H/W,31.1,35.0,0.11,0,0.0,Free Flow / Moderate
2024-07-12 04:00:00,RD_SVR_03,SV Road (Vile Parle to Andheri Station West),K/W,32.2,35.0,0.1,0,0.0,Free Flow / Moderate
2024-07-12 04:00:00,RD_SVR_04,SV Road (Andheri Subway Section to Jogeshwari),K/W,32.4,35.0,0.1,0,0.0,Free Flow / Moderate
2024-07-12 04:00:00,RD_SVR_05,SV Road (Goregaon to Malad Subway Jn),P/N,31.4,35.0,0.1,0,0.0,Free Flow / Moderate
2024-07-12 04:00:00,RD_SVR_06,SV Road (Kandivali to Borivali Station West),R/C,30.3,35.0,0.13,1,0.0,Free Flow / Moderate
2024-07-12 04:00:00,RD_LNK_01,New Link Road (Bandra West to Khar Danda),H/W,29.7,35.0,0.15,0,0.0,Free Flow / Moderate
2024-07-12 04:00:00,RD_LNK_02,New Link Road (Juhu Circle to Andheri Infinity Mall),K/W,32.9,35.0,0.1,0,0.0,Free Flow / Moderate
2024-07-12 04:00:00,RD_LNK_03,New Link Road (Oshiwara to Goregaon West / Bangur Nagar),P/S,31.4,35.0,0.1,0,0.0,Free Flow / Moderate
2024-07-12 04:00:00,RD_LNK_04,New Link Road (Malad Inorbit to Mith Chowki),P/N,32.6,35.0,0.1,0,0.0,Free Flow / Moderate
2024-07-12 04:00:00,RD_LNK_05,New Link Road (Kandivali to Dahisar Link Road Extension),R/N,33.3,35.0,0.1,0,0.0,Free Flow / Moderate
2024-07-12 04:00:00,RD_EEH_01,Eastern Express Highway (Sion Circle to Priyadarshini Park),F/N,47.6,55.0,0.13,0,0.0,Free Flow / Moderate
2024-07-12 04:00:00,RD_EEH_02,Eastern Express Highway (Kurla Amar Mahal to Ghatkopar),L,50.4,55.0,0.1,0,0.0,Free Flow / Moderate
2024-07-12 04:00:00,RD_EEH_03,Eastern Express Highway (Ghatkopar to Vikhroli / Godrej),N,48.9,55.0,0.11,0,0.0,Free Flow / Moderate
2024-07-12 04:00:00,RD_EEH_04,Eastern Express Highway (Vikhroli to Bhandup / Mulund Toll),T,48.5,55.0,0.12,0,0.0,Free Flow / Moderate
2024-07-12 04:00:00,RD_LBS_01,Lal Bahadur Shastri (LBS) Marg (Sion to Kurla Kamani),L,32.4,35.0,0.1,0,0.0,Free Flow / Moderate
2024-07-12 04:00:00,RD_LBS_02,LBS Marg (Kurla to Ghatkopar Gandhi Nagar),N,30.9,35.0,0.12,0,0.0,Free Flow / Moderate
2024-07-12 04:00:00,RD_LBS_03,LBS Marg (Ghatkopar to Vikhroli / Kanjurmarg),S,30.1,35.0,0.14,1,0.0,Free Flow / Moderate
2024-07-12 04:00:00,RD_LBS_04,LBS Marg (Bhandup to Mulund Check Naka),T,32.1,35.0,0.1,0,0.0,Free Flow / Moderate
2024-07-12 04:00:00,RD_JVL_01,Jogeshwari-Vikhroli Link Road (JVLR - WEH to Powai),K/E,29.6,35.0,0.15,1,0.0,Free Flow / Moderate
2024-07-12 05:00:00,RD_WEH_01,Western Express Highway (Bandra to Santacruz),H/E,50.6,55.0,0.1,0,0.0,Free Flow / Moderate
2024-07-12 05:00:00,RD_WEH_02,Western Express Highway (Santacruz to Andheri Flyover),K/E,50.2,55.0,0.1,0,0.0,Free Flow / Moderate
2024-07-12 05:00:00,RD_WEH_03,Western Express Highway (Andheri to Goregaon Hub),P/S,48.5,55.0,0.12,0,0.0,Free Flow / Moderate
2024-07-12 05:00:00,RD_WEH_04,Western Express Highway (Goregaon to Borivali National Park),R/C,51.1,55.0,0.1,0,0.0,Free Flow / Moderate
2024-07-12 05:00:00,RD_WEH_05,Western Express Highway (Borivali to Dahisar Toll Naka),R/N,49.3,55.0,0.1,0,0.0,Free Flow / Moderate
2024-07-12 05:00:00,RD_SVR_01,Swami Vivekanand (SV) Road (Bandra Lucky Jn to Khar),H/W,32.2,35.0,0.1,0,0.0,Free Flow / Moderate
2024-07-12 05:00:00,RD_SVR_02,SV Road (Santacruz Milan Subway Approach),H/W,33.1,35.0,0.1,0,0.0,Free Flow / Moderate
2024-07-12 05:00:00,RD_SVR_03,SV Road (Vile Parle to Andheri Station West),K/W,31.2,35.0,0.11,0,0.0,Free Flow / Moderate
2024-07-12 05:00:00,RD_SVR_04,SV Road (Andheri Subway Section to Jogeshwari),K/W,33.1,35.0,0.1,0,0.0,Free Flow / Moderate
2024-07-12 05:00:00,RD_SVR_05,SV Road (Goregaon to Malad Subway Jn),P/N,32.3,35.0,0.1,0,0.0,Free Flow / Moderate
2024-07-12 05:00:00,RD_SVR_06,SV Road (Kandivali to Borivali Station West),R/C,33.5,35.0,0.1,0,0.0,Free Flow / Moderate
2024-07-12 05:00:00,RD_LNK_01,New Link Road (Bandra West to Khar Danda),H/W,32.1,35.0,0.1,0,0.0,Free Flow / Moderate
2024-07-12 05:00:00,RD_LNK_02,New Link Road (Juhu Circle to Andheri Infinity Mall),K/W,30.1,35.0,0.14,1,0.0,Free Flow / Moderate
2024-07-12 05:00:00,RD_LNK_03,New Link Road (Oshiwara to Goregaon West / Bangur Nagar),P/S,29.9,35.0,0.15,1,0.0,Free Flow / Moderate
2024-07-12 05:00:00,RD_LNK_04,New Link Road (Malad Inorbit to Mith Chowki),P/N,33.2,35.0,0.1,0,0.0,Free Flow / Moderate
2024-07-12 05:00:00,RD_LNK_05,New Link Road (Kandivali to Dahisar Link Road Extension),R/N,33.1,35.0,0.1,0,0.0,Free Flow / Moderate
2024-07-12 05:00:00,RD_EEH_01,Eastern Express Highway (Sion Circle to Priyadarshini Park),F/N,48.8,55.0,0.11,0,0.0,Free Flow / Moderate
2024-07-12 05:00:00,RD_EEH_02,Eastern Express Highway (Kurla Amar Mahal to Ghatkopar),L,51.2,55.0,0.1,0,0.0,Free Flow / Moderate
2024-07-12 05:00:00,RD_EEH_03,Eastern Express Highway (Ghatkopar to Vikhroli / Godrej),N,47.5,55.0,0.14,0,0.0,Free Flow / Moderate
2024-07-12 05:00:00,RD_EEH_04,Eastern Express Highway (Vikhroli to Bhandup / Mulund Toll),T,51.2,55.0,0.1,0,0.0,Free Flow / Moderate
2024-07-12 05:00:00,RD_LBS_01,Lal Bahadur Shastri (LBS) Marg (Sion to Kurla Kamani),L,30.9,35.0,0.12,0,0.0,Free Flow / Moderate
2024-07-12 05:00:00,RD_LBS_02,LBS Marg (Kurla to Ghatkopar Gandhi Nagar),N,29.8,35.0,0.15,1,0.0,Free Flow / Moderate
2024-07-12 05:00:00,RD_LBS_03,LBS Marg (Ghatkopar to Vikhroli / Kanjurmarg),S,32.5,35.0,0.1,0,0.0,Free Flow / Moderate
2024-07-12 05:00:00,RD_LBS_04,LBS Marg (Bhandup to Mulund Check Naka),T,32.0,35.0,0.1,0,0.0,Free Flow / Moderate
2024-07-12 05:00:00,RD_JVL_01,Jogeshwari-Vikhroli Link Road (JVLR - WEH to Powai),K/E,32.7,35.0,0.1,0,0.0,Free Flow / Moderate
2024-07-12 06:00:00,RD_WEH_01,Western Express Highway (Bandra to Santacruz),H/E,50.6,55.0,0.1,0,0.0,Free Flow / Moderate
2024-07-12 06:00:00,RD_WEH_02,Western Express Highway (Santacruz to Andheri Flyover),K/E,50.8,55.0,0.1,0,0.0,Free Flow / Moderate
2024-07-12 06:00:00,RD_WEH_03,Western Express Highway (Andheri to Goregaon Hub),P/S,50.7,55.0,0.1,0,0.0,Free Flow / Moderate
2024-07-12 06:00:00,RD_WEH_04,Western Express Highway (Goregaon to Borivali National Park),R/C,48.6,55.0,0.12,0,0.0,Free Flow / Moderate
2024-07-12 06:00:00,RD_WEH_05,Western Express Highway (Borivali to Dahisar Toll Naka),R/N,47.6,55.0,0.13,0,0.0,Free Flow / Moderate
2024-07-12 06:00:00,RD_SVR_01,Swami Vivekanand (SV) Road (Bandra Lucky Jn to Khar),H/W,33.0,35.0,0.1,0,0.0,Free Flow / Moderate
2024-07-12 06:00:00,RD_SVR_02,SV Road (Santacruz Milan Subway Approach),H/W,32.1,35.0,0.1,0,0.0,Free Flow / Moderate
2024-07-12 06:00:00,RD_SVR_03,SV Road (Vile Parle to Andheri Station West),K/W,30.6,35.0,0.13,0,0.0,Free Flow / Moderate
2024-07-12 06:00:00,RD_SVR_04,SV Road (Andheri Subway Section to Jogeshwari),K/W,31.9,35.0,0.1,0,0.0,Free Flow / Moderate
2024-07-12 06:00:00,RD_SVR_05,SV Road (Goregaon to Malad Subway Jn),P/N,30.0,35.0,0.14,1,0.0,Free Flow / Moderate
2024-07-12 06:00:00,RD_SVR_06,SV Road (Kandivali to Borivali Station West),R/C,31.7,35.0,0.1,0,0.0,Free Flow / Moderate
2024-07-12 06:00:00,RD_LNK_01,New Link Road (Bandra West to Khar Danda),H/W,31.6,35.0,0.1,0,0.0,Free Flow / Moderate
2024-07-12 06:00:00,RD_LNK_02,New Link Road (Juhu Circle to Andheri Infinity Mall),K/W,29.9,35.0,0.15,1,0.0,Free Flow / Moderate
2024-07-12 06:00:00,RD_LNK_03,New Link Road (Oshiwara to Goregaon West / Bangur Nagar),P/S,31.7,35.0,0.1,0,0.0,Free Flow / Moderate
2024-07-12 06:00:00,RD_LNK_04,New Link Road (Malad Inorbit to Mith Chowki),P/N,30.9,35.0,0.12,0,0.0,Free Flow / Moderate
2024-07-12 06:00:00,RD_LNK_05,New Link Road (Kandivali to Dahisar Link Road Extension),R/N,31.5,35.0,0.1,1,0.0,Free Flow / Moderate
2024-07-12 06:00:00,RD_EEH_01,Eastern Express Highway (Sion Circle to Priyadarshini Park),F/N,48.6,55.0,0.12,0,0.0,Free Flow / Moderate
2024-07-12 06:00:00,RD_EEH_02,Eastern Express Highway (Kurla Amar Mahal to Ghatkopar),L,47.8,55.0,0.13,0,0.0,Free Flow / Moderate
2024-07-12 06:00:00,RD_EEH_03,Eastern Express Highway (Ghatkopar to Vikhroli / Godrej),N,49.3,55.0,0.1,0,0.0,Free Flow / Moderate
2024-07-12 06:00:00,RD_EEH_04,Eastern Express Highway (Vikhroli to Bhandup / Mulund Toll),T,47.8,55.0,0.13,1,0.0,Free Flow / Moderate
2024-07-12 06:00:00,RD_LBS_01,Lal Bahadur Shastri (LBS) Marg (Sion to Kurla Kamani),L,32.0,35.0,0.1,0,0.0,Free Flow / Moderate
2024-07-12 06:00:00,RD_LBS_02,LBS Marg (Kurla to Ghatkopar Gandhi Nagar),N,30.0,35.0,0.14,1,0.0,Free Flow / Moderate
2024-07-12 06:00:00,RD_LBS_03,LBS Marg (Ghatkopar to Vikhroli / Kanjurmarg),S,33.3,35.0,0.1,0,0.0,Free Flow / Moderate
2024-07-12 06:00:00,RD_LBS_04,LBS Marg (Bhandup to Mulund Check Naka),T,30.3,35.0,0.13,1,0.0,Free Flow / Moderate
2024-07-12 06:00:00,RD_JVL_01,Jogeshwari-Vikhroli Link Road (JVLR - WEH to Powai),K/E,29.9,35.0,0.15,1,0.0,Free Flow / Moderate
2024-07-12 07:00:00,RD_WEH_01,Western Express Highway (Bandra to Santacruz),H/E,49.9,55.0,0.1,0,0.0,Free Flow / Moderate
2024-07-12 07:00:00,RD_WEH_02,Western Express Highway (Santacruz to Andheri Flyover),K/E,51.3,55.0,0.1,0,0.0,Free Flow / Moderate
2024-07-12 07:00:00,RD_WEH_03,Western Express Highway (Andheri to Goregaon Hub),P/S,47.8,55.0,0.13,0,0.0,Free Flow / Moderate
2024-07-12 07:00:00,RD_WEH_04,Western Express Highway (Goregaon to Borivali National Park),R/C,50.4,55.0,0.1,0,0.0,Free Flow / Moderate
2024-07-12 07:00:00,RD_WEH_05,Western Express Highway (Borivali to Dahisar Toll Naka),R/N,50.2,55.0,0.1,0,0.0,Free Flow / Moderate
2024-07-12 07:00:00,RD_SVR_01,Swami Vivekanand (SV) Road (Bandra Lucky Jn to Khar),H/W,32.2,35.0,0.1,0,0.0,Free Flow / Moderate
2024-07-12 07:00:00,RD_SVR_02,SV Road (Santacruz Milan Subway Approach),H/W,31.6,35.0,0.1,0,0.0,Free Flow / Moderate
2024-07-12 07:00:00,RD_SVR_03,SV Road (Vile Parle to Andheri Station West),K/W,30.2,35.0,0.14,0,0.0,Free Flow / Moderate
2024-07-12 07:00:00,RD_SVR_04,SV Road (Andheri Subway Section to Jogeshwari),K/W,32.9,35.0,0.1,0,0.0,Free Flow / Moderate
2024-07-12 07:00:00,RD_SVR_05,SV Road (Goregaon to Malad Subway Jn),P/N,30.8,35.0,0.12,0,0.0,Free Flow / Moderate
2024-07-12 07:00:00,RD_SVR_06,SV Road (Kandivali to Borivali Station West),R/C,31.5,35.0,0.1,0,0.0,Free Flow / Moderate
2024-07-12 07:00:00,RD_LNK_01,New Link Road (Bandra West to Khar Danda),H/W,30.3,35.0,0.13,0,0.0,Free Flow / Moderate
2024-07-12 07:00:00,RD_LNK_02,New Link Road (Juhu Circle to Andheri Infinity Mall),K/W,31.7,35.0,0.1,0,0.0,Free Flow / Moderate
2024-07-12 07:00:00,RD_LNK_03,New Link Road (Oshiwara to Goregaon West / Bangur Nagar),P/S,31.3,35.0,0.11,0,0.0,Free Flow / Moderate
2024-07-12 07:00:00,RD_LNK_04,New Link Road (Malad Inorbit to Mith Chowki),P/N,29.5,35.0,0.16,1,0.0,Free Flow / Moderate
2024-07-12 07:00:00,RD_LNK_05,New Link Road (Kandivali to Dahisar Link Road Extension),R/N,33.0,35.0,0.1,0,0.0,Free Flow / Moderate
2024-07-12 07:00:00,RD_EEH_01,Eastern Express Highway (Sion Circle to Priyadarshini Park),F/N,50.6,55.0,0.1,0,0.0,Free Flow / Moderate
2024-07-12 07:00:00,RD_EEH_02,Eastern Express Highway (Kurla Amar Mahal to Ghatkopar),L,48.5,55.0,0.12,0,0.0,Free Flow / Moderate
2024-07-12 07:00:00,RD_EEH_03,Eastern Express Highway (Ghatkopar to Vikhroli / Godrej),N,48.4,55.0,0.12,0,0.0,Free Flow / Moderate
2024-07-12 07:00:00,RD_EEH_04,Eastern Express Highway (Vikhroli to Bhandup / Mulund Toll),T,50.7,55.0,0.1,0,0.0,Free Flow / Moderate
2024-07-12 07:00:00,RD_LBS_01,Lal Bahadur Shastri (LBS) Marg (Sion to Kurla Kamani),L,29.5,35.0,0.16,1,0.0,Free Flow / Moderate
2024-07-12 07:00:00,RD_LBS_02,LBS Marg (Kurla to Ghatkopar Gandhi Nagar),N,31.1,35.0,0.11,0,0.0,Free Flow / Moderate
2024-07-12 07:00:00,RD_LBS_03,LBS Marg (Ghatkopar to Vikhroli / Kanjurmarg),S,32.6,35.0,0.1,0,0.0,Free Flow / Moderate
2024-07-12 07:00:00,RD_LBS_04,LBS Marg (Bhandup to Mulund Check Naka),T,31.4,35.0,0.1,0,0.0,Free Flow / Moderate
2024-07-12 07:00:00,RD_JVL_01,Jogeshwari-Vikhroli Link Road (JVLR - WEH to Powai),K/E,29.6,35.0,0.15,1,0.0,Free Flow / Moderate
2024-07-12 08:00:00,RD_WEH_01,Western Express Highway (Bandra to Santacruz),H/E,30.6,55.0,0.44,3,0.0,Free Flow / Moderate
2024-07-12 08:00:00,RD_WEH_02,Western Express Highway (Santacruz to Andheri Flyover),K/E,31.0,55.0,0.44,4,0.0,Free Flow / Moderate
2024-07-12 08:00:00,RD_WEH_03,Western Express Highway (Andheri to Goregaon Hub),P/S,30.3,55.0,0.45,4,0.0,Free Flow / Moderate
2024-07-12 08:00:00,RD_WEH_04,Western Express Highway (Goregaon to Borivali National Park),R/C,29.7,55.0,0.46,6,0.0,Free Flow / Moderate
2024-07-12 08:00:00,RD_WEH_05,Western Express Highway (Borivali to Dahisar Toll Naka),R/N,31.4,55.0,0.43,3,0.0,Free Flow / Moderate
2024-07-12 08:00:00,RD_SVR_01,Swami Vivekanand (SV) Road (Bandra Lucky Jn to Khar),H/W,20.1,35.0,0.43,4,0.0,Free Flow / Moderate
2024-07-12 08:00:00,RD_SVR_02,SV Road (Santacruz Milan Subway Approach),H/W,19.6,35.0,0.44,2,0.0,Free Flow / Moderate
2024-07-12 08:00:00,RD_SVR_03,SV Road (Vile Parle to Andheri Station West),K/W,20.9,35.0,0.4,4,0.0,Free Flow / Moderate
2024-07-12 08:00:00,RD_SVR_04,SV Road (Andheri Subway Section to Jogeshwari),K/W,17.7,35.0,0.49,5,0.0,Congested
2024-07-12 08:00:00,RD_SVR_05,SV Road (Goregaon to Malad Subway Jn),P/N,18.2,35.0,0.48,6,0.0,Free Flow / Moderate
2024-07-12 08:00:00,RD_SVR_06,SV Road (Kandivali to Borivali Station West),R/C,19.2,35.0,0.45,6,0.0,Free Flow / Moderate
2024-07-12 08:00:00,RD_LNK_01,New Link Road (Bandra West to Khar Danda),H/W,20.9,35.0,0.4,3,0.0,Free Flow / Moderate
2024-07-12 08:00:00,RD_LNK_02,New Link Road (Juhu Circle to Andheri Infinity Mall),K/W,20.2,35.0,0.42,5,0.0,Free Flow / Moderate
2024-07-12 08:00:00,RD_LNK_03,New Link Road (Oshiwara to Goregaon West / Bangur Nagar),P/S,19.5,35.0,0.44,4,0.0,Free Flow / Moderate
2024-07-12 08:00:00,RD_LNK_04,New Link Road (Malad Inorbit to Mith Chowki),P/N,17.9,35.0,0.49,5,0.0,Congested
2024-07-12 08:00:00,RD_LNK_05,New Link Road (Kandivali to Dahisar Link Road Extension),R/N,20.8,35.0,0.41,6,0.0,Free Flow / Moderate
2024-07-12 08:00:00,RD_EEH_01,Eastern Express Highway (Sion Circle to Priyadarshini Park),F/N,29.1,55.0,0.47,3,0.0,Free Flow / Moderate
2024-07-12 08:00:00,RD_EEH_02,Eastern Express Highway (Kurla Amar Mahal to Ghatkopar),L,29.2,55.0,0.47,4,0.0,Free Flow / Moderate
2024-07-12 08:00:00,RD_EEH_03,Eastern Express Highway (Ghatkopar to Vikhroli / Godrej),N,30.5,55.0,0.45,3,0.0,Free Flow / Moderate
2024-07-12 08:00:00,RD_EEH_04,Eastern Express Highway (Vikhroli to Bhandup / Mulund Toll),T,30.3,55.0,0.45,6,0.0,Free Flow / Moderate
2024-07-12 08:00:00,RD_LBS_01,Lal Bahadur Shastri (LBS) Marg (Sion to Kurla Kamani),L,19.9,35.0,0.43,5,0.0,Free Flow / Moderate
2024-07-12 08:00:00,RD_LBS_02,LBS Marg (Kurla to Ghatkopar Gandhi Nagar),N,17.4,35.0,0.5,7,0.0,Congested
2024-07-12 08:00:00,RD_LBS_03,LBS Marg (Ghatkopar to Vikhroli / Kanjurmarg),S,18.4,35.0,0.47,6,0.0,Free Flow / Moderate
2024-07-12 08:00:00,RD_LBS_04,LBS Marg (Bhandup to Mulund Check Naka),T,19.0,35.0,0.46,6,0.0,Free Flow / Moderate
2024-07-12 08:00:00,RD_JVL_01,Jogeshwari-Vikhroli Link Road (JVLR - WEH to Powai),K/E,17.8,35.0,0.49,8,0.0,Congested
2024-07-12 09:00:00,RD_WEH_01,Western Express Highway (Bandra to Santacruz),H/E,29.1,55.0,0.47,4,0.0,Free Flow / Moderate
2024-07-12 09:00:00,RD_WEH_02,Western Express Highway (Santacruz to Andheri Flyover),K/E,30.5,55.0,0.45,4,0.0,Free Flow / Moderate
2024-07-12 09:00:00,RD_WEH_03,Western Express Highway (Andheri to Goregaon Hub),P/S,29.0,55.0,0.47,4,0.0,Free Flow / Moderate
2024-07-12 09:00:00,RD_WEH_04,Western Express Highway (Goregaon to Borivali National Park),R/C,31.2,55.0,0.43,5,0.0,Free Flow / Moderate
2024-07-12 09:00:00,RD_WEH_05,Western Express Highway (Borivali to Dahisar Toll Naka),R/N,28.4,55.0,0.48,4,0.0,Free Flow / Moderate
2024-07-12 09:00:00,RD_SVR_01,Swami Vivekanand (SV) Road (Bandra Lucky Jn to Khar),H/W,18.5,35.0,0.47,4,0.0,Free Flow / Moderate
2024-07-12 09:00:00,RD_SVR_02,SV Road (Santacruz Milan Subway Approach),H/W,17.4,35.0,0.5,3,0.0,Congested
2024-07-12 09:00:00,RD_SVR_03,SV Road (Vile Parle to Andheri Station West),K/W,19.7,35.0,0.44,4,0.0,Free Flow / Moderate
2024-07-12 09:00:00,RD_SVR_04,SV Road (Andheri Subway Section to Jogeshwari),K/W,18.6,35.0,0.47,4,0.0,Free Flow / Moderate
2024-07-12 09:00:00,RD_SVR_05,SV Road (Goregaon to Malad Subway Jn),P/N,17.9,35.0,0.49,6,0.0,Congested
2024-07-12 09:00:00,RD_SVR_06,SV Road (Kandivali to Borivali Station West),R/C,18.8,35.0,0.46,6,0.0,Free Flow / Moderate
2024-07-12 09:00:00,RD_LNK_01,New Link Road (Bandra West to Khar Danda),H/W,18.2,35.0,0.48,4,0.0,Free Flow / Moderate
2024-07-12 09:00:00,RD_LNK_02,New Link Road (Juhu Circle to Andheri Infinity Mall),K/W,21.2,35.0,0.39,4,0.0,Free Flow / Moderate
2024-07-12 09:00:00,RD_LNK_03,New Link Road (Oshiwara to Goregaon West / Bangur Nagar),P/S,21.0,35.0,0.4,4,0.0,Free Flow / Moderate
2024-07-12 09:00:00,RD_LNK_04,New Link Road (Malad Inorbit to Mith Chowki),P/N,20.2,35.0,0.42,4,0.0,Free Flow / Moderate
2024-07-12 09:00:00,RD_LNK_05,New Link Road (Kandivali to Dahisar Link Road Extension),R/N,17.5,35.0,0.5,9,0.0,Congested
2024-07-12 09:00:00,RD_EEH_01,Eastern Express Highway (Sion Circle to Priyadarshini Park),F/N,32.2,55.0,0.41,2,0.0,Free Flow / Moderate
2024-07-12 09:00:00,RD_EEH_02,Eastern Express Highway (Kurla Amar Mahal to Ghatkopar),L,31.8,55.0,0.42,3,0.0,Free Flow / Moderate
2024-07-12 09:00:00,RD_EEH_03,Eastern Express Highway (Ghatkopar to Vikhroli / Godrej),N,29.5,55.0,0.46,3,0.0,Free Flow / Moderate
2024-07-12 09:00:00,RD_EEH_04,Eastern Express Highway (Vikhroli to Bhandup / Mulund Toll),T,30.8,55.0,0.44,5,0.0,Free Flow / Moderate
2024-07-12 09:00:00,RD_LBS_01,Lal Bahadur Shastri (LBS) Marg (Sion to Kurla Kamani),L,17.4,35.0,0.5,6,0.0,Congested
2024-07-12 09:00:00,RD_LBS_02,LBS Marg (Kurla to Ghatkopar Gandhi Nagar),N,20.9,35.0,0.4,4,0.0,Free Flow / Moderate
2024-07-12 09:00:00,RD_LBS_03,LBS Marg (Ghatkopar to Vikhroli / Kanjurmarg),S,20.3,35.0,0.42,5,0.0,Free Flow / Moderate
2024-07-12 09:00:00,RD_LBS_04,LBS Marg (Bhandup to Mulund Check Naka),T,18.9,35.0,0.46,7,0.0,Free Flow / Moderate
2024-07-12 09:00:00,RD_JVL_01,Jogeshwari-Vikhroli Link Road (JVLR - WEH to Powai),K/E,19.0,35.0,0.46,7,0.0,Free Flow / Moderate
2024-07-12 10:00:00,RD_WEH_01,Western Express Highway (Bandra to Santacruz),H/E,29.1,55.0,0.47,4,0.0,Free Flow / Moderate
2024-07-12 10:00:00,RD_WEH_02,Western Express Highway (Santacruz to Andheri Flyover),K/E,28.8,55.0,0.48,5,0.0,Free Flow / Moderate
2024-07-12 10:00:00,RD_WEH_03,Western Express Highway (Andheri to Goregaon Hub),P/S,31.5,55.0,0.43,3,0.0,Free Flow / Moderate
2024-07-12 10:00:00,RD_WEH_04,Western Express Highway (Goregaon to Borivali National Park),R/C,31.9,55.0,0.42,5,0.0,Free Flow / Moderate
2024-07-12 10:00:00,RD_WEH_05,Western Express Highway (Borivali to Dahisar Toll Naka),R/N,30.0,55.0,0.45,3,0.0,Free Flow / Moderate
2024-07-12 10:00:00,RD_SVR_01,Swami Vivekanand (SV) Road (Bandra Lucky Jn to Khar),H/W,19.1,35.0,0.45,4,0.0,Free Flow / Moderate
2024-07-12 10:00:00,RD_SVR_02,SV Road (Santacruz Milan Subway Approach),H/W,17.7,35.0,0.49,3,0.0,Congested
2024-07-12 10:00:00,RD_SVR_03,SV Road (Vile Parle to Andheri Station West),K/W,20.5,35.0,0.41,4,0.0,Free Flow / Moderate
2024-07-12 10:00:00,RD_SVR_04,SV Road (Andheri Subway Section to Jogeshwari),K/W,18.9,35.0,0.46,4,0.0,Free Flow / Moderate
2024-07-12 10:00:00,RD_SVR_05,SV Road (Goregaon to Malad Subway Jn),P/N,21.2,35.0,0.39,4,0.0,Free Flow / Moderate
2024-07-12 10:00:00,RD_SVR_06,SV Road (Kandivali to Borivali Station West),R/C,17.5,35.0,0.5,7,0.0,Congested
2024-07-12 10:00:00,RD_LNK_01,New Link Road (Bandra West to Khar Danda),H/W,17.8,35.0,0.49,4,0.0,Congested
2024-07-12 10:00:00,RD_LNK_02,New Link Road (Juhu Circle to Andheri Infinity Mall),K/W,18.6,35.0,0.47,6,0.0,Free Flow / Moderate
2024-07-12 10:00:00,RD_LNK_03,New Link Road (Oshiwara to Goregaon West / Bangur Nagar),P/S,19.5,35.0,0.44,4,0.0,Free Flow / Moderate
2024-07-12 10:00:00,RD_LNK_04,New Link Road (Malad Inorbit to Mith Chowki),P/N,20.5,35.0,0.41,3,0.0,Free Flow / Moderate
2024-07-12 10:00:00,RD_LNK_05,New Link Road (Kandivali to Dahisar Link Road Extension),R/N,17.4,35.0,0.5,10,0.0,Congested
2024-07-12 10:00:00,RD_EEH_01,Eastern Express Highway (Sion Circle to Priyadarshini Park),F/N,28.5,55.0,0.48,3,0.0,Free Flow / Moderate
2024-07-12 10:00:00,RD_EEH_02,Eastern Express Highway (Kurla Amar Mahal to Ghatkopar),L,28.3,55.0,0.49,4,0.0,Free Flow / Moderate
2024-07-12 10:00:00,RD_EEH_03,Eastern Express Highway (Ghatkopar to Vikhroli / Godrej),N,30.8,55.0,0.44,3,0.0,Free Flow / Moderate
2024-07-12 10:00:00,RD_EEH_04,Eastern Express Highway (Vikhroli to Bhandup / Mulund Toll),T,30.5,55.0,0.45,5,0.0,Free Flow / Moderate
2024-07-12 10:00:00,RD_LBS_01,Lal Bahadur Shastri (LBS) Marg (Sion to Kurla Kamani),L,17.7,35.0,0.49,6,0.0,Congested
2024-07-12 10:00:00,RD_LBS_02,LBS Marg (Kurla to Ghatkopar Gandhi Nagar),N,18.4,35.0,0.47,6,0.0,Free Flow / Moderate
2024-07-12 10:00:00,RD_LBS_03,LBS Marg (Ghatkopar to Vikhroli / Kanjurmarg),S,19.8,35.0,0.43,5,0.0,Free Flow / Moderate
2024-07-12 10:00:00,RD_LBS_04,LBS Marg (Bhandup to Mulund Check Naka),T,19.0,35.0,0.46,6,0.0,Free Flow / Moderate
2024-07-12 10:00:00,RD_JVL_01,Jogeshwari-Vikhroli Link Road (JVLR - WEH to Powai),K/E,19.8,35.0,0.43,7,0.0,Free Flow / Moderate
2024-07-12 11:00:00,RD_WEH_01,Western Express Highway (Bandra to Santacruz),H/E,31.4,55.0,0.43,3,0.0,Free Flow / Moderate
2024-07-12 11:00:00,RD_WEH_02,Western Express Highway (Santacruz to Andheri Flyover),K/E,29.3,55.0,0.47,4,0.0,Free Flow / Moderate
2024-07-12 11:00:00,RD_WEH_03,Western Express Highway (Andheri to Goregaon Hub),P/S,32.2,55.0,0.41,3,0.0,Free Flow / Moderate
2024-07-12 11:00:00,RD_WEH_04,Western Express Highway (Goregaon to Borivali National Park),R/C,29.2,55.0,0.47,6,0.0,Free Flow / Moderate
2024-07-12 11:00:00,RD_WEH_05,Western Express Highway (Borivali to Dahisar Toll Naka),R/N,31.7,55.0,0.42,3,0.0,Free Flow / Moderate
2024-07-12 11:00:00,RD_SVR_01,Swami Vivekanand (SV) Road (Bandra Lucky Jn to Khar),H/W,17.7,35.0,0.49,5,0.0,Congested
2024-07-12 11:00:00,RD_SVR_02,SV Road (Santacruz Milan Subway Approach),H/W,18.5,35.0,0.47,3,0.0,Free Flow / Moderate
2024-07-12 11:00:00,RD_SVR_03,SV Road (Vile Parle to Andheri Station West),K/W,17.6,35.0,0.5,5,0.0,Congested
2024-07-12 11:00:00,RD_SVR_04,SV Road (Andheri Subway Section to Jogeshwari),K/W,19.0,35.0,0.46,4,0.0,Free Flow / Moderate
2024-07-12 11:00:00,RD_SVR_05,SV Road (Goregaon to Malad Subway Jn),P/N,18.3,35.0,0.48,6,0.0,Free Flow / Moderate
2024-07-12 11:00:00,RD_SVR_06,SV Road (Kandivali to Borivali Station West),R/C,20.5,35.0,0.41,5,0.0,Free Flow / Moderate
2024-07-12 11:00:00,RD_LNK_01,New Link Road (Bandra West to Khar Danda),H/W,17.5,35.0,0.5,4,0.0,Congested
2024-07-12 11:00:00,RD_LNK_02,New Link Road (Juhu Circle to Andheri Infinity Mall),K/W,20.4,35.0,0.42,5,0.0,Free Flow / Moderate
2024-07-12 11:00:00,RD_LNK_03,New Link Road (Oshiwara to Goregaon West / Bangur Nagar),P/S,18.3,35.0,0.48,5,0.0,Free Flow / Moderate
2024-07-12 11:00:00,RD_LNK_04,New Link Road (Malad Inorbit to Mith Chowki),P/N,19.6,35.0,0.44,4,0.0,Free Flow / Moderate
2024-07-12 11:00:00,RD_LNK_05,New Link Road (Kandivali to Dahisar Link Road Extension),R/N,20.8,35.0,0.41,6,0.0,Free Flow / Moderate
2024-07-12 11:00:00,RD_EEH_01,Eastern Express Highway (Sion Circle to Priyadarshini Park),F/N,30.4,55.0,0.45,3,0.0,Free Flow / Moderate
2024-07-12 11:00:00,RD_EEH_02,Eastern Express Highway (Kurla Amar Mahal to Ghatkopar),L,31.0,55.0,0.44,3,0.0,Free Flow / Moderate
2024-07-12 11:00:00,RD_EEH_03,Eastern Express Highway (Ghatkopar to Vikhroli / Godrej),N,30.4,55.0,0.45,3,0.0,Free Flow / Moderate
2024-07-12 11:00:00,RD_EEH_04,Eastern Express Highway (Vikhroli to Bhandup / Mulund Toll),T,32.2,55.0,0.41,5,0.0,Free Flow / Moderate
2024-07-12 11:00:00,RD_LBS_01,Lal Bahadur Shastri (LBS) Marg (Sion to Kurla Kamani),L,18.0,35.0,0.49,6,0.0,Free Flow / Moderate
2024-07-12 11:00:00,RD_LBS_02,LBS Marg (Kurla to Ghatkopar Gandhi Nagar),N,18.1,35.0,0.48,6,0.0,Free Flow / Moderate
2024-07-12 11:00:00,RD_LBS_03,LBS Marg (Ghatkopar to Vikhroli / Kanjurmarg),S,19.4,35.0,0.45,6,0.0,Free Flow / Moderate
2024-07-12 11:00:00,RD_LBS_04,LBS Marg (Bhandup to Mulund Check Naka),T,20.0,35.0,0.43,6,0.0,Free Flow / Moderate
2024-07-12 11:00:00,RD_JVL_01,Jogeshwari-Vikhroli Link Road (JVLR - WEH to Powai),K/E,19.0,35.0,0.46,7,0.0,Free Flow / Moderate
2024-07-12 12:00:00,RD_WEH_01,Western Express Highway (Bandra to Santacruz),H/E,50.3,55.0,0.1,0,0.0,Free Flow / Moderate
2024-07-12 12:00:00,RD_WEH_02,Western Express Highway (Santacruz to Andheri Flyover),K/E,50.8,55.0,0.1,0,0.0,Free Flow / Moderate
2024-07-12 12:00:00,RD_WEH_03,Western Express Highway (Andheri to Goregaon Hub),P/S,48.9,55.0,0.11,0,0.0,Free Flow / Moderate
2024-07-12 12:00:00,RD_WEH_04,Western Express Highway (Goregaon to Borivali National Park),R/C,50.4,55.0,0.1,0,0.0,Free Flow / Moderate
2024-07-12 12:00:00,RD_WEH_05,Western Express Highway (Borivali to Dahisar Toll Naka),R/N,49.9,55.0,0.1,0,0.0,Free Flow / Moderate
2024-07-12 12:00:00,RD_SVR_01,Swami Vivekanand (SV) Road (Bandra Lucky Jn to Khar),H/W,29.8,35.0,0.15,0,0.0,Free Flow / Moderate
2024-07-12 12:00:00,RD_SVR_02,SV Road (Santacruz Milan Subway Approach),H/W,30.9,35.0,0.12,0,0.0,Free Flow / Moderate
2024-07-12 12:00:00,RD_SVR_03,SV Road (Vile Parle to Andheri Station West),K/W,30.9,35.0,0.12,0,0.0,Free Flow / Moderate
2024-07-12 12:00:00,RD_SVR_04,SV Road (Andheri Subway Section to Jogeshwari),K/W,30.1,35.0,0.14,0,0.0,Free Flow / Moderate
2024-07-12 12:00:00,RD_SVR_05,SV Road (Goregaon to Malad Subway Jn),P/N,30.0,35.0,0.14,1,0.0,Free Flow / Moderate
2024-07-12 12:00:00,RD_SVR_06,SV Road (Kandivali to Borivali Station West),R/C,32.7,35.0,0.1,0,0.0,Free Flow / Moderate
2024-07-12 12:00:00,RD_LNK_01,New Link Road (Bandra West to Khar Danda),H/W,31.0,35.0,0.11,0,0.0,Free Flow / Moderate
2024-07-12 12:00:00,RD_LNK_02,New Link Road (Juhu Circle to Andheri Infinity Mall),K/W,32.2,35.0,0.1,0,0.0,Free Flow / Moderate
2024-07-12 12:00:00,RD_LNK_03,New Link Road (Oshiwara to Goregaon West / Bangur Nagar),P/S,32.9,35.0,0.1,0,0.0,Free Flow / Moderate
2024-07-12 12:00:00,RD_LNK_04,New Link Road (Malad Inorbit to Mith Chowki),P/N,33.2,35.0,0.1,0,0.0,Free Flow / Moderate
2024-07-12 12:00:00,RD_LNK_05,New Link Road (Kandivali to Dahisar Link Road Extension),R/N,31.6,35.0,0.1,1,0.0,Free Flow / Moderate
2024-07-12 12:00:00,RD_EEH_01,Eastern Express Highway (Sion Circle to Priyadarshini Park),F/N,48.0,55.0,0.13,0,0.0,Free Flow / Moderate
2024-07-12 12:00:00,RD_EEH_02,Eastern Express Highway (Kurla Amar Mahal to Ghatkopar),L,49.3,55.0,0.1,0,0.0,Free Flow / Moderate
2024-07-12 12:00:00,RD_EEH_03,Eastern Express Highway (Ghatkopar to Vikhroli / Godrej),N,51.3,55.0,0.1,0,0.0,Free Flow / Moderate
2024-07-12 12:00:00,RD_EEH_04,Eastern Express Highway (Vikhroli to Bhandup / Mulund Toll),T,50.0,55.0,0.1,0,0.0,Free Flow / Moderate
2024-07-12 12:00:00,RD_LBS_01,Lal Bahadur Shastri (LBS) Marg (Sion to Kurla Kamani),L,32.7,35.0,0.1,0,0.0,Free Flow / Moderate
2024-07-12 12:00:00,RD_LBS_02,LBS Marg (Kurla to Ghatkopar Gandhi Nagar),N,32.6,35.0,0.1,0,0.0,Free Flow / Moderate
2024-07-12 12:00:00,RD_LBS_03,LBS Marg (Ghatkopar to Vikhroli / Kanjurmarg),S,33.1,35.0,0.1,0,0.0,Free Flow / Moderate
2024-07-12 12:00:00,RD_LBS_04,LBS Marg (Bhandup to Mulund Check Naka),T,30.3,35.0,0.13,1,0.0,Free Flow / Moderate
2024-07-12 12:00:00,RD_JVL_01,Jogeshwari-Vikhroli Link Road (JVLR - WEH to Powai),K/E,32.3,35.0,0.1,0,0.0,Free Flow / Moderate
2024-07-12 13:00:00,RD_WEH_01,Western Express Highway (Bandra to Santacruz),H/E,47.7,55.0,0.13,0,0.0,Free Flow / Moderate
2024-07-12 13:00:00,RD_WEH_02,Western Express Highway (Santacruz to Andheri Flyover),K/E,50.6,55.0,0.1,0,0.0,Free Flow / Moderate
2024-07-12 13:00:00,RD_WEH_03,Western Express Highway (Andheri to Goregaon Hub),P/S,49.8,55.0,0.1,0,0.0,Free Flow / Moderate
2024-07-12 13:00:00,RD_WEH_04,Western Express Highway (Goregaon to Borivali National Park),R/C,50.7,55.0,0.1,0,0.0,Free Flow / Moderate
2024-07-12 13:00:00,RD_WEH_05,Western Express Highway (Borivali to Dahisar Toll Naka),R/N,49.4,55.0,0.1,0,0.0,Free Flow / Moderate
2024-07-12 13:00:00,RD_SVR_01,Swami Vivekanand (SV) Road (Bandra Lucky Jn to Khar),H/W,31.5,35.0,0.1,0,0.0,Free Flow / Moderate
2024-07-12 13:00:00,RD_SVR_02,SV Road (Santacruz Milan Subway Approach),H/W,33.3,35.0,0.1,0,0.0,Free Flow / Moderate
2024-07-12 13:00:00,RD_SVR_03,SV Road (Vile Parle to Andheri Station West),K/W,31.6,35.0,0.1,0,0.0,Free Flow / Moderate
2024-07-12 13:00:00,RD_SVR_04,SV Road (Andheri Subway Section to Jogeshwari),K/W,32.2,35.0,0.1,0,0.0,Free Flow / Moderate
2024-07-12 13:00:00,RD_SVR_05,SV Road (Goregaon to Malad Subway Jn),P/N,33.1,35.0,0.1,0,0.0,Free Flow / Moderate
2024-07-12 13:00:00,RD_SVR_06,SV Road (Kandivali to Borivali Station West),R/C,32.2,35.0,0.1,0,0.0,Free Flow / Moderate
2024-07-12 13:00:00,RD_LNK_01,New Link Road (Bandra West to Khar Danda),H/W,32.5,35.0,0.1,0,0.0,Free Flow / Moderate
2024-07-12 13:00:00,RD_LNK_02,New Link Road (Juhu Circle to Andheri Infinity Mall),K/W,32.1,35.0,0.1,0,0.0,Free Flow / Moderate
2024-07-12 13:00:00,RD_LNK_03,New Link Road (Oshiwara to Goregaon West / Bangur Nagar),P/S,32.1,35.0,0.1,0,0.0,Free Flow / Moderate
2024-07-12 13:00:00,RD_LNK_04,New Link Road (Malad Inorbit to Mith Chowki),P/N,32.5,35.0,0.1,0,0.0,Free Flow / Moderate
2024-07-12 13:00:00,RD_LNK_05,New Link Road (Kandivali to Dahisar Link Road Extension),R/N,30.2,35.0,0.14,1,0.0,Free Flow / Moderate
2024-07-12 13:00:00,RD_EEH_01,Eastern Express Highway (Sion Circle to Priyadarshini Park),F/N,51.4,55.0,0.1,0,0.0,Free Flow / Moderate
2024-07-12 13:00:00,RD_EEH_02,Eastern Express Highway (Kurla Amar Mahal to Ghatkopar),L,48.3,55.0,0.12,0,0.0,Free Flow / Moderate
2024-07-12 13:00:00,RD_EEH_03,Eastern Express Highway (Ghatkopar to Vikhroli / Godrej),N,51.3,55.0,0.1,0,0.0,Free Flow / Moderate
2024-07-12 13:00:00,RD_EEH_04,Eastern Express Highway (Vikhroli to Bhandup / Mulund Toll),T,48.8,55.0,0.11,0,0.0,Free Flow / Moderate
2024-07-12 13:00:00,RD_LBS_01,Lal Bahadur Shastri (LBS) Marg (Sion to Kurla Kamani),L,33.0,35.0,0.1,0,0.0,Free Flow / Moderate
2024-07-12 13:00:00,RD_LBS_02,LBS Marg (Kurla to Ghatkopar Gandhi Nagar),N,29.6,35.0,0.15,1,0.0,Free Flow / Moderate
2024-07-12 13:00:00,RD_LBS_03,LBS Marg (Ghatkopar to Vikhroli / Kanjurmarg),S,33.5,35.0,0.1,0,0.0,Free Flow / Moderate
2024-07-12 13:00:00,RD_LBS_04,LBS Marg (Bhandup to Mulund Check Naka),T,31.0,35.0,0.11,1,0.0,Free Flow / Moderate
2024-07-12 13:00:00,RD_JVL_01,Jogeshwari-Vikhroli Link Road (JVLR - WEH to Powai),K/E,32.2,35.0,0.1,0,0.0,Free Flow / Moderate
2024-07-12 14:00:00,RD_WEH_01,Western Express Highway (Bandra to Santacruz),H/E,48.7,55.0,0.11,0,0.0,Free Flow / Moderate
2024-07-12 14:00:00,RD_WEH_02,Western Express Highway (Santacruz to Andheri Flyover),K/E,50.4,55.0,0.1,0,0.0,Free Flow / Moderate
2024-07-12 14:00:00,RD_WEH_03,Western Express Highway (Andheri to Goregaon Hub),P/S,48.2,55.0,0.12,0,0.0,Free Flow / Moderate
2024-07-12 14:00:00,RD_WEH_04,Western Express Highway (Goregaon to Borivali National Park),R/C,49.8,55.0,0.1,0,0.0,Free Flow / Moderate
2024-07-12 14:00:00,RD_WEH_05,Western Express Highway (Borivali to Dahisar Toll Naka),R/N,48.8,55.0,0.11,0,0.0,Free Flow / Moderate
2024-07-12 14:00:00,RD_SVR_01,Swami Vivekanand (SV) Road (Bandra Lucky Jn to Khar),H/W,29.9,35.0,0.15,0,0.0,Free Flow / Moderate
2024-07-12 14:00:00,RD_SVR_02,SV Road (Santacruz Milan Subway Approach),H/W,33.3,35.0,0.1,0,0.0,Free Flow / Moderate
2024-07-12 14:00:00,RD_SVR_03,SV Road (Vile Parle to Andheri Station West),K/W,32.4,35.0,0.1,0,0.0,Free Flow / Moderate
2024-07-12 14:00:00,RD_SVR_04,SV Road (Andheri Subway Section to Jogeshwari),K/W,31.5,35.0,0.1,0,0.0,Free Flow / Moderate
2024-07-12 14:00:00,RD_SVR_05,SV Road (Goregaon to Malad Subway Jn),P/N,32.1,35.0,0.1,0,0.0,Free Flow / Moderate
2024-07-12 14:00:00,RD_SVR_06,SV Road (Kandivali to Borivali Station West),R/C,32.1,35.0,0.1,0,0.0,Free Flow / Moderate
2024-07-12 14:00:00,RD_LNK_01,New Link Road (Bandra West to Khar Danda),H/W,31.5,35.0,0.1,0,0.0,Free Flow / Moderate
2024-07-12 14:00:00,RD_LNK_02,New Link Road (Juhu Circle to Andheri Infinity Mall),K/W,32.9,35.0,0.1,0,0.0,Free Flow / Moderate
2024-07-12 14:00:00,RD_LNK_03,New Link Road (Oshiwara to Goregaon West / Bangur Nagar),P/S,33.2,35.0,0.1,0,0.0,Free Flow / Moderate
2024-07-12 14:00:00,RD_LNK_04,New Link Road (Malad Inorbit to Mith Chowki),P/N,32.3,35.0,0.1,0,0.0,Free Flow / Moderate
2024-07-12 14:00:00,RD_LNK_05,New Link Road (Kandivali to Dahisar Link Road Extension),R/N,31.1,35.0,0.11,1,0.0,Free Flow / Moderate
2024-07-12 14:00:00,RD_EEH_01,Eastern Express Highway (Sion Circle to Priyadarshini Park),F/N,48.1,55.0,0.13,0,0.0,Free Flow / Moderate
2024-07-12 14:00:00,RD_EEH_02,Eastern Express Highway (Kurla Amar Mahal to Ghatkopar),L,48.1,55.0,0.13,0,0.0,Free Flow / Moderate
2024-07-12 14:00:00,RD_EEH_03,Eastern Express Highway (Ghatkopar to Vikhroli / Godrej),N,50.7,55.0,0.1,0,0.0,Free Flow / Moderate
2024-07-12 14:00:00,RD_EEH_04,Eastern Express Highway (Vikhroli to Bhandup / Mulund Toll),T,49.2,55.0,0.11,0,0.0,Free Flow / Moderate
2024-07-12 14:00:00,RD_LBS_01,Lal Bahadur Shastri (LBS) Marg (Sion to Kurla Kamani),L,32.1,35.0,0.1,0,0.0,Free Flow / Moderate
2024-07-12 14:00:00,RD_LBS_02,LBS Marg (Kurla to Ghatkopar Gandhi Nagar),N,31.3,35.0,0.11,0,0.0,Free Flow / Moderate
2024-07-12 14:00:00,RD_LBS_03,LBS Marg (Ghatkopar to Vikhroli / Kanjurmarg),S,29.6,35.0,0.15,1,0.0,Free Flow / Moderate
2024-07-12 14:00:00,RD_LBS_04,LBS Marg (Bhandup to Mulund Check Naka),T,32.8,35.0,0.1,0,0.0,Free Flow / Moderate
2024-07-12 14:00:00,RD_JVL_01,Jogeshwari-Vikhroli Link Road (JVLR - WEH to Powai),K/E,32.0,35.0,0.1,0,0.0,Free Flow / Moderate
2024-07-12 15:00:00,RD_WEH_01,Western Express Highway (Bandra to Santacruz),H/E,51.2,55.0,0.1,0,0.0,Free Flow / Moderate
2024-07-12 15:00:00,RD_WEH_02,Western Express Highway (Santacruz to Andheri Flyover),K/E,50.6,55.0,0.1,0,0.0,Free Flow / Moderate
2024-07-12 15:00:00,RD_WEH_03,Western Express Highway (Andheri to Goregaon Hub),P/S,49.3,55.0,0.1,0,0.0,Free Flow / Moderate
2024-07-12 15:00:00,RD_WEH_04,Western Express Highway (Goregaon to Borivali National Park),R/C,51.1,55.0,0.1,0,0.0,Free Flow / Moderate
2024-07-12 15:00:00,RD_WEH_05,Western Express Highway (Borivali to Dahisar Toll Naka),R/N,50.6,55.0,0.1,0,0.0,Free Flow / Moderate
2024-07-12 15:00:00,RD_SVR_01,Swami Vivekanand (SV) Road (Bandra Lucky Jn to Khar),H/W,33.1,35.0,0.1,0,0.0,Free Flow / Moderate
2024-07-12 15:00:00,RD_SVR_02,SV Road (Santacruz Milan Subway Approach),H/W,32.6,35.0,0.1,0,0.0,Free Flow / Moderate
2024-07-12 15:00:00,RD_SVR_03,SV Road (Vile Parle to Andheri Station West),K/W,30.5,35.0,0.13,0,0.0,Free Flow / Moderate
2024-07-12 15:00:00,RD_SVR_04,SV Road (Andheri Subway Section to Jogeshwari),K/W,33.5,35.0,0.1,0,0.0,Free Flow / Moderate
2024-07-12 15:00:00,RD_SVR_05,SV Road (Goregaon to Malad Subway Jn),P/N,30.1,35.0,0.14,1,0.0,Free Flow / Moderate
2024-07-12 15:00:00,RD_SVR_06,SV Road (Kandivali to Borivali Station West),R/C,30.9,35.0,0.12,1,0.0,Free Flow / Moderate
2024-07-12 15:00:00,RD_LNK_01,New Link Road (Bandra West to Khar Danda),H/W,30.0,35.0,0.14,0,0.0,Free Flow / Moderate
2024-07-12 15:00:00,RD_LNK_02,New Link Road (Juhu Circle to Andheri Infinity Mall),K/W,32.6,35.0,0.1,0,0.0,Free Flow / Moderate
2024-07-12 15:00:00,RD_LNK_03,New Link Road (Oshiwara to Goregaon West / Bangur Nagar),P/S,31.1,35.0,0.11,0,0.0,Free Flow / Moderate
2024-07-12 15:00:00,RD_LNK_04,New Link Road (Malad Inorbit to Mith Chowki),P/N,32.6,35.0,0.1,0,0.0,Free Flow / Moderate
2024-07-12 15:00:00,RD_LNK_05,New Link Road (Kandivali to Dahisar Link Road Extension),R/N,29.8,35.0,0.15,1,0.0,Free Flow / Moderate
2024-07-12 15:00:00,RD_EEH_01,Eastern Express Highway (Sion Circle to Priyadarshini Park),F/N,48.0,55.0,0.13,0,0.0,Free Flow / Moderate
2024-07-12 15:00:00,RD_EEH_02,Eastern Express Highway (Kurla Amar Mahal to Ghatkopar),L,49.4,55.0,0.1,0,0.0,Free Flow / Moderate
2024-07-12 15:00:00,RD_EEH_03,Eastern Express Highway (Ghatkopar to Vikhroli / Godrej),N,50.5,55.0,0.1,0,0.0,Free Flow / Moderate
2024-07-12 15:00:00,RD_EEH_04,Eastern Express Highway (Vikhroli to Bhandup / Mulund Toll),T,47.8,55.0,0.13,1,0.0,Free Flow / Moderate
2024-07-12 15:00:00,RD_LBS_01,Lal Bahadur Shastri (LBS) Marg (Sion to Kurla Kamani),L,30.0,35.0,0.14,1,0.0,Free Flow / Moderate
2024-07-12 15:00:00,RD_LBS_02,LBS Marg (Kurla to Ghatkopar Gandhi Nagar),N,32.4,35.0,0.1,0,0.0,Free Flow / Moderate
2024-07-12 15:00:00,RD_LBS_03,LBS Marg (Ghatkopar to Vikhroli / Kanjurmarg),S,30.0,35.0,0.14,1,0.0,Free Flow / Moderate
2024-07-12 15:00:00,RD_LBS_04,LBS Marg (Bhandup to Mulund Check Naka),T,30.3,35.0,0.13,1,0.0,Free Flow / Moderate
2024-07-12 15:00:00,RD_JVL_01,Jogeshwari-Vikhroli Link Road (JVLR - WEH to Powai),K/E,30.7,35.0,0.12,1,0.0,Free Flow / Moderate
2024-07-12 16:00:00,RD_WEH_01,Western Express Highway (Bandra to Santacruz),H/E,48.8,55.0,0.11,0,0.0,Free Flow / Moderate
2024-07-12 16:00:00,RD_WEH_02,Western Express Highway (Santacruz to Andheri Flyover),K/E,48.6,55.0,0.12,0,0.0,Free Flow / Moderate
2024-07-12 16:00:00,RD_WEH_03,Western Express Highway (Andheri to Goregaon Hub),P/S,48.9,55.0,0.11,0,0.0,Free Flow / Moderate
2024-07-12 16:00:00,RD_WEH_04,Western Express Highway (Goregaon to Borivali National Park),R/C,49.1,55.0,0.11,0,0.0,Free Flow / Moderate
2024-07-12 16:00:00,RD_WEH_05,Western Express Highway (Borivali to Dahisar Toll Naka),R/N,51.0,55.0,0.1,0,0.0,Free Flow / Moderate
2024-07-12 16:00:00,RD_SVR_01,Swami Vivekanand (SV) Road (Bandra Lucky Jn to Khar),H/W,29.8,35.0,0.15,0,0.0,Free Flow / Moderate
2024-07-12 16:00:00,RD_SVR_02,SV Road (Santacruz Milan Subway Approach),H/W,33.1,35.0,0.1,0,0.0,Free Flow / Moderate
2024-07-12 16:00:00,RD_SVR_03,SV Road (Vile Parle to Andheri Station West),K/W,32.6,35.0,0.1,0,0.0,Free Flow / Moderate
2024-07-12 16:00:00,RD_SVR_04,SV Road (Andheri Subway Section to Jogeshwari),K/W,32.0,35.0,0.1,0,0.0,Free Flow / Moderate
2024-07-12 16:00:00,RD_SVR_05,SV Road (Goregaon to Malad Subway Jn),P/N,32.8,35.0,0.1,0,0.0,Free Flow / Moderate
2024-07-12 16:00:00,RD_SVR_06,SV Road (Kandivali to Borivali Station West),R/C,30.5,35.0,0.13,1,0.0,Free Flow / Moderate
2024-07-12 16:00:00,RD_LNK_01,New Link Road (Bandra West to Khar Danda),H/W,30.4,35.0,0.13,0,0.0,Free Flow / Moderate
2024-07-12 16:00:00,RD_LNK_02,New Link Road (Juhu Circle to Andheri Infinity Mall),K/W,33.2,35.0,0.1,0,0.0,Free Flow / Moderate
2024-07-12 16:00:00,RD_LNK_03,New Link Road (Oshiwara to Goregaon West / Bangur Nagar),P/S,29.5,35.0,0.16,1,0.0,Free Flow / Moderate
2024-07-12 16:00:00,RD_LNK_04,New Link Road (Malad Inorbit to Mith Chowki),P/N,32.5,35.0,0.1,0,0.0,Free Flow / Moderate
2024-07-12 16:00:00,RD_LNK_05,New Link Road (Kandivali to Dahisar Link Road Extension),R/N,31.8,35.0,0.1,1,0.0,Free Flow / Moderate
2024-07-12 16:00:00,RD_EEH_01,Eastern Express Highway (Sion Circle to Priyadarshini Park),F/N,48.1,55.0,0.13,0,0.0,Free Flow / Moderate
2024-07-12 16:00:00,RD_EEH_02,Eastern Express Highway (Kurla Amar Mahal to Ghatkopar),L,50.4,55.0,0.1,0,0.0,Free Flow / Moderate
2024-07-12 16:00:00,RD_EEH_03,Eastern Express Highway (Ghatkopar to Vikhroli / Godrej),N,48.9,55.0,0.11,0,0.0,Free Flow / Moderate
2024-07-12 16:00:00,RD_EEH_04,Eastern Express Highway (Vikhroli to Bhandup / Mulund Toll),T,51.2,55.0,0.1,0,0.0,Free Flow / Moderate
2024-07-12 16:00:00,RD_LBS_01,Lal Bahadur Shastri (LBS) Marg (Sion to Kurla Kamani),L,31.1,35.0,0.11,0,0.0,Free Flow / Moderate
2024-07-12 16:00:00,RD_LBS_02,LBS Marg (Kurla to Ghatkopar Gandhi Nagar),N,30.7,35.0,0.12,0,0.0,Free Flow / Moderate
2024-07-12 16:00:00,RD_LBS_03,LBS Marg (Ghatkopar to Vikhroli / Kanjurmarg),S,32.4,35.0,0.1,0,0.0,Free Flow / Moderate
2024-07-12 16:00:00,RD_LBS_04,LBS Marg (Bhandup to Mulund Check Naka),T,30.7,35.0,0.12,1,0.0,Free Flow / Moderate
2024-07-12 16:00:00,RD_JVL_01,Jogeshwari-Vikhroli Link Road (JVLR - WEH to Powai),K/E,33.4,35.0,0.1,0,0.0,Free Flow / Moderate
2024-07-12 17:00:00,RD_WEH_01,Western Express Highway (Bandra to Santacruz),H/E,31.3,55.0,0.43,3,0.0,Free Flow / Moderate
2024-07-12 17:00:00,RD_WEH_02,Western Express Highway (Santacruz to Andheri Flyover),K/E,29.9,55.0,0.46,4,0.0,Free Flow / Moderate
2024-07-12 17:00:00,RD_WEH_03,Western Express Highway (Andheri to Goregaon Hub),P/S,29.8,55.0,0.46,4,0.0,Free Flow / Moderate
2024-07-12 17:00:00,RD_WEH_04,Western Express Highway (Goregaon to Borivali National Park),R/C,30.9,55.0,0.44,5,0.0,Free Flow / Moderate
2024-07-12 17:00:00,RD_WEH_05,Western Express Highway (Borivali to Dahisar Toll Naka),R/N,30.0,55.0,0.45,3,0.0,Free Flow / Moderate
2024-07-12 17:00:00,RD_SVR_01,Swami Vivekanand (SV) Road (Bandra Lucky Jn to Khar),H/W,17.9,35.0,0.49,5,0.0,Congested
2024-07-12 17:00:00,RD_SVR_02,SV Road (Santacruz Milan Subway Approach),H/W,18.1,35.0,0.48,3,0.0,Free Flow / Moderate
2024-07-12 17:00:00,RD_SVR_03,SV Road (Vile Parle to Andheri Station West),K/W,19.5,35.0,0.44,4,0.0,Free Flow / Moderate
2024-07-12 17:00:00,RD_SVR_04,SV Road (Andheri Subway Section to Jogeshwari),K/W,18.8,35.0,0.46,4,0.0,Free Flow / Moderate
2024-07-12 17:00:00,RD_SVR_05,SV Road (Goregaon to Malad Subway Jn),P/N,18.5,35.0,0.47,6,0.0,Free Flow / Moderate
2024-07-12 17:00:00,RD_SVR_06,SV Road (Kandivali to Borivali Station West),R/C,19.1,35.0,0.45,6,0.0,Free Flow / Moderate
2024-07-12 17:00:00,RD_LNK_01,New Link Road (Bandra West to Khar Danda),H/W,20.6,35.0,0.41,3,0.0,Free Flow / Moderate
2024-07-12 17:00:00,RD_LNK_02,New Link Road (Juhu Circle to Andheri Infinity Mall),K/W,19.4,35.0,0.45,5,0.0,Free Flow / Moderate
2024-07-12 17:00:00,RD_LNK_03,New Link Road (Oshiwara to Goregaon West / Bangur Nagar),P/S,19.4,35.0,0.45,4,0.0,Free Flow / Moderate
2024-07-12 17:00:00,RD_LNK_04,New Link Road (Malad Inorbit to Mith Chowki),P/N,19.1,35.0,0.45,4,0.0,Free Flow / Moderate
2024-07-12 17:00:00,RD_LNK_05,New Link Road (Kandivali to Dahisar Link Road Extension),R/N,18.3,35.0,0.48,9,0.0,Free Flow / Moderate
2024-07-12 17:00:00,RD_EEH_01,Eastern Express Highway (Sion Circle to Priyadarshini Park),F/N,31.9,55.0,0.42,3,0.0,Free Flow / Moderate
2024-07-12 17:00:00,RD_EEH_02,Eastern Express Highway (Kurla Amar Mahal to Ghatkopar),L,29.6,55.0,0.46,4,0.0,Free Flow / Moderate
2024-07-12 17:00:00,RD_EEH_03,Eastern Express Highway (Ghatkopar to Vikhroli / Godrej),N,30.9,55.0,0.44,3,0.0,Free Flow / Moderate
2024-07-12 17:00:00,RD_EEH_04,Eastern Express Highway (Vikhroli to Bhandup / Mulund Toll),T,31.4,55.0,0.43,5,0.0,Free Flow / Moderate
2024-07-12 17:00:00,RD_LBS_01,Lal Bahadur Shastri (LBS) Marg (Sion to Kurla Kamani),L,19.4,35.0,0.45,5,0.0,Free Flow / Moderate
2024-07-12 17:00:00,RD_LBS_02,LBS Marg (Kurla to Ghatkopar Gandhi Nagar),N,18.0,35.0,0.49,6,0.0,Free Flow / Moderate
2024-07-12 17:00:00,RD_LBS_03,LBS Marg (Ghatkopar to Vikhroli / Kanjurmarg),S,21.0,35.0,0.4,5,0.0,Free Flow / Moderate
2024-07-12 17:00:00,RD_LBS_04,LBS Marg (Bhandup to Mulund Check Naka),T,19.8,35.0,0.43,6,0.0,Free Flow / Moderate
2024-07-12 17:00:00,RD_JVL_01,Jogeshwari-Vikhroli Link Road (JVLR - WEH to Powai),K/E,19.5,35.0,0.44,7,0.0,Free Flow / Moderate
2024-07-12 18:00:00,RD_WEH_01,Western Express Highway (Bandra to Santacruz),H/E,29.5,55.0,0.46,4,0.0,Free Flow / Moderate
2024-07-12 18:00:00,RD_WEH_02,Western Express Highway (Santacruz to Andheri Flyover),K/E,30.9,55.0,0.44,4,0.0,Free Flow / Moderate
2024-07-12 18:00:00,RD_WEH_03,Western Express Highway (Andheri to Goregaon Hub),P/S,29.3,55.0,0.47,4,0.0,Free Flow / Moderate
2024-07-12 18:00:00,RD_WEH_04,Western Express Highway (Goregaon to Borivali National Park),R/C,29.2,55.0,0.47,6,0.0,Free Flow / Moderate
2024-07-12 18:00:00,RD_WEH_05,Western Express Highway (Borivali to Dahisar Toll Naka),R/N,30.7,55.0,0.44,3,0.0,Free Flow / Moderate
2024-07-12 18:00:00,RD_SVR_01,Swami Vivekanand (SV) Road (Bandra Lucky Jn to Khar),H/W,19.0,35.0,0.46,4,0.0,Free Flow / Moderate
2024-07-12 18:00:00,RD_SVR_02,SV Road (Santacruz Milan Subway Approach),H/W,19.5,35.0,0.44,2,0.0,Free Flow / Moderate
2024-07-12 18:00:00,RD_SVR_03,SV Road (Vile Parle to Andheri Station West),K/W,18.4,35.0,0.47,5,0.0,Free Flow / Moderate
2024-07-12 18:00:00,RD_SVR_04,SV Road (Andheri Subway Section to Jogeshwari),K/W,20.8,35.0,0.41,3,0.0,Free Flow / Moderate
2024-07-12 18:00:00,RD_SVR_05,SV Road (Goregaon to Malad Subway Jn),P/N,18.1,35.0,0.48,6,0.0,Free Flow / Moderate
2024-07-12 18:00:00,RD_SVR_06,SV Road (Kandivali to Borivali Station West),R/C,19.8,35.0,0.43,6,0.0,Free Flow / Moderate
2024-07-12 18:00:00,RD_LNK_01,New Link Road (Bandra West to Khar Danda),H/W,18.0,35.0,0.49,4,0.0,Free Flow / Moderate
2024-07-12 18:00:00,RD_LNK_02,New Link Road (Juhu Circle to Andheri Infinity Mall),K/W,20.7,35.0,0.41,4,0.0,Free Flow / Moderate
2024-07-12 18:00:00,RD_LNK_03,New Link Road (Oshiwara to Goregaon West / Bangur Nagar),P/S,18.8,35.0,0.46,5,0.0,Free Flow / Moderate
2024-07-12 18:00:00,RD_LNK_04,New Link Road (Malad Inorbit to Mith Chowki),P/N,18.5,35.0,0.47,4,0.0,Free Flow / Moderate
2024-07-12 18:00:00,RD_LNK_05,New Link Road (Kandivali to Dahisar Link Road Extension),R/N,19.6,35.0,0.44,7,0.0,Free Flow / Moderate
2024-07-12 18:00:00,RD_EEH_01,Eastern Express Highway (Sion Circle to Priyadarshini Park),F/N,30.2,55.0,0.45,3,0.0,Free Flow / Moderate
2024-07-12 18:00:00,RD_EEH_02,Eastern Express Highway (Kurla Amar Mahal to Ghatkopar),L,28.7,55.0,0.48,4,0.0,Free Flow / Moderate
2024-07-12 18:00:00,RD_EEH_03,Eastern Express Highway (Ghatkopar to Vikhroli / Godrej),N,29.5,55.0,0.46,3,0.0,Free Flow / Moderate
2024-07-12 18:00:00,RD_EEH_04,Eastern Express Highway (Vikhroli to Bhandup / Mulund Toll),T,30.3,55.0,0.45,6,0.0,Free Flow / Moderate
2024-07-12 18:00:00,RD_LBS_01,Lal Bahadur Shastri (LBS) Marg (Sion to Kurla Kamani),L,17.9,35.0,0.49,6,0.0,Congested
2024-07-12 18:00:00,RD_LBS_02,LBS Marg (Kurla to Ghatkopar Gandhi Nagar),N,20.7,35.0,0.41,4,0.0,Free Flow / Moderate
2024-07-12 18:00:00,RD_LBS_03,LBS Marg (Ghatkopar to Vikhroli / Kanjurmarg),S,19.2,35.0,0.45,6,0.0,Free Flow / Moderate
2024-07-12 18:00:00,RD_LBS_04,LBS Marg (Bhandup to Mulund Check Naka),T,18.5,35.0,0.47,7,0.0,Free Flow / Moderate
2024-07-12 18:00:00,RD_JVL_01,Jogeshwari-Vikhroli Link Road (JVLR - WEH to Powai),K/E,20.4,35.0,0.42,6,0.0,Free Flow / Moderate
2024-07-12 19:00:00,RD_WEH_01,Western Express Highway (Bandra to Santacruz),H/E,30.6,55.0,0.44,3,0.0,Free Flow / Moderate
2024-07-12 19:00:00,RD_WEH_02,Western Express Highway (Santacruz to Andheri Flyover),K/E,30.4,55.0,0.45,4,0.0,Free Flow / Moderate
2024-07-12 19:00:00,RD_WEH_03,Western Express Highway (Andheri to Goregaon Hub),P/S,30.9,55.0,0.44,4,0.0,Free Flow / Moderate
2024-07-12 19:00:00,RD_WEH_04,Western Express Highway (Goregaon to Borivali National Park),R/C,32.1,55.0,0.42,5,0.0,Free Flow / Moderate
2024-07-12 19:00:00,RD_WEH_05,Western Express Highway (Borivali to Dahisar Toll Naka),R/N,28.9,55.0,0.47,3,0.0,Free Flow / Moderate
2024-07-12 19:00:00,RD_SVR_01,Swami Vivekanand (SV) Road (Bandra Lucky Jn to Khar),H/W,19.1,35.0,0.45,4,0.0,Free Flow / Moderate
2024-07-12 19:00:00,RD_SVR_02,SV Road (Santacruz Milan Subway Approach),H/W,20.3,35.0,0.42,2,0.0,Free Flow / Moderate
2024-07-12 19:00:00,RD_SVR_03,SV Road (Vile Parle to Andheri Station West),K/W,20.2,35.0,0.42,4,0.0,Free Flow / Moderate
2024-07-12 19:00:00,RD_SVR_04,SV Road (Andheri Subway Section to Jogeshwari),K/W,19.0,35.0,0.46,4,0.0,Free Flow / Moderate
2024-07-12 19:00:00,RD_SVR_05,SV Road (Goregaon to Malad Subway Jn),P/N,17.9,35.0,0.49,6,0.0,Congested
2024-07-12 19:00:00,RD_SVR_06,SV Road (Kandivali to Borivali Station West),R/C,19.9,35.0,0.43,5,0.0,Free Flow / Moderate
2024-07-12 19:00:00,RD_LNK_01,New Link Road (Bandra West to Khar Danda),H/W,20.9,35.0,0.4,3,0.0,Free Flow / Moderate
2024-07-12 19:00:00,RD_LNK_02,New Link Road (Juhu Circle to Andheri Infinity Mall),K/W,20.1,35.0,0.43,5,0.0,Free Flow / Moderate
2024-07-12 19:00:00,RD_LNK_03,New Link Road (Oshiwara to Goregaon West / Bangur Nagar),P/S,18.7,35.0,0.47,5,0.0,Free Flow / Moderate
2024-07-12 19:00:00,RD_LNK_04,New Link Road (Malad Inorbit to Mith Chowki),P/N,19.8,35.0,0.43,4,0.0,Free Flow / Moderate
2024-07-12 19:00:00,RD_LNK_05,New Link Road (Kandivali to Dahisar Link Road Extension),R/N,19.2,35.0,0.45,8,0.0,Free Flow / Moderate
2024-07-12 19:00:00,RD_EEH_01,Eastern Express Highway (Sion Circle to Priyadarshini Park),F/N,29.0,55.0,0.47,3,0.0,Free Flow / Moderate
2024-07-12 19:00:00,RD_EEH_02,Eastern Express Highway (Kurla Amar Mahal to Ghatkopar),L,30.4,55.0,0.45,3,0.0,Free Flow / Moderate
2024-07-12 19:00:00,RD_EEH_03,Eastern Express Highway (Ghatkopar to Vikhroli / Godrej),N,30.8,55.0,0.44,3,0.0,Free Flow / Moderate
2024-07-12 19:00:00,RD_EEH_04,Eastern Express Highway (Vikhroli to Bhandup / Mulund Toll),T,28.8,55.0,0.48,6,0.0,Free Flow / Moderate
2024-07-12 19:00:00,RD_LBS_01,Lal Bahadur Shastri (LBS) Marg (Sion to Kurla Kamani),L,19.8,35.0,0.43,5,0.0,Free Flow / Moderate
2024-07-12 19:00:00,RD_LBS_02,LBS Marg (Kurla to Ghatkopar Gandhi Nagar),N,17.9,35.0,0.49,6,0.0,Congested
2024-07-12 19:00:00,RD_LBS_03,LBS Marg (Ghatkopar to Vikhroli / Kanjurmarg),S,20.3,35.0,0.42,5,0.0,Free Flow / Moderate
2024-07-12 19:00:00,RD_LBS_04,LBS Marg (Bhandup to Mulund Check Naka),T,19.1,35.0,0.45,6,0.0,Free Flow / Moderate
2024-07-12 19:00:00,RD_JVL_01,Jogeshwari-Vikhroli Link Road (JVLR - WEH to Powai),K/E,18.0,35.0,0.49,8,0.0,Free Flow / Moderate
2024-07-12 20:00:00,RD_WEH_01,Western Express Highway (Bandra to Santacruz),H/E,28.8,55.0,0.48,4,0.0,Free Flow / Moderate
2024-07-12 20:00:00,RD_WEH_02,Western Express Highway (Santacruz to Andheri Flyover),K/E,29.2,55.0,0.47,5,0.0,Free Flow / Moderate
2024-07-12 20:00:00,RD_WEH_03,Western Express Highway (Andheri to Goregaon Hub),P/S,31.9,55.0,0.42,3,0.0,Free Flow / Moderate
2024-07-12 20:00:00,RD_WEH_04,Western Express Highway (Goregaon to Borivali National Park),R/C,28.3,55.0,0.49,6,0.0,Free Flow / Moderate
2024-07-12 20:00:00,RD_WEH_05,Western Express Highway (Borivali to Dahisar Toll Naka),R/N,31.4,55.0,0.43,3,0.0,Free Flow / Moderate
2024-07-12 20:00:00,RD_SVR_01,Swami Vivekanand (SV) Road (Bandra Lucky Jn to Khar),H/W,19.5,35.0,0.44,4,0.0,Free Flow / Moderate
2024-07-12 20:00:00,RD_SVR_02,SV Road (Santacruz Milan Subway Approach),H/W,18.8,35.0,0.46,3,0.0,Free Flow / Moderate
2024-07-12 20:00:00,RD_SVR_03,SV Road (Vile Parle to Andheri Station West),K/W,21.2,35.0,0.39,3,0.0,Free Flow / Moderate
2024-07-12 20:00:00,RD_SVR_04,SV Road (Andheri Subway Section to Jogeshwari),K/W,17.7,35.0,0.49,5,0.0,Congested
2024-07-12 20:00:00,RD_SVR_05,SV Road (Goregaon to Malad Subway Jn),P/N,20.9,35.0,0.4,4,0.0,Free Flow / Moderate
2024-07-12 20:00:00,RD_SVR_06,SV Road (Kandivali to Borivali Station West),R/C,20.9,35.0,0.4,5,0.0,Free Flow / Moderate
2024-07-12 20:00:00,RD_LNK_01,New Link Road (Bandra West to Khar Danda),H/W,18.9,35.0,0.46,4,0.0,Free Flow / Moderate
2024-07-12 20:00:00,RD_LNK_02,New Link Road (Juhu Circle to Andheri Infinity Mall),K/W,18.2,35.0,0.48,6,0.0,Free Flow / Moderate
2024-07-12 20:00:00,RD_LNK_03,New Link Road (Oshiwara to Goregaon West / Bangur Nagar),P/S,20.2,35.0,0.42,4,0.0,Free Flow / Moderate
2024-07-12 20:00:00,RD_LNK_04,New Link Road (Malad Inorbit to Mith Chowki),P/N,18.9,35.0,0.46,4,0.0,Free Flow / Moderate
2024-07-12 20:00:00,RD_LNK_05,New Link Road (Kandivali to Dahisar Link Road Extension),R/N,20.3,35.0,0.42,7,0.0,Free Flow / Moderate
2024-07-12 20:00:00,RD_EEH_01,Eastern Express Highway (Sion Circle to Priyadarshini Park),F/N,28.9,55.0,0.47,3,0.0,Free Flow / Moderate
2024-07-12 20:00:00,RD_EEH_02,Eastern Express Highway (Kurla Amar Mahal to Ghatkopar),L,31.8,55.0,0.42,3,0.0,Free Flow / Moderate
2024-07-12 20:00:00,RD_EEH_03,Eastern Express Highway (Ghatkopar to Vikhroli / Godrej),N,28.7,55.0,0.48,4,0.0,Free Flow / Moderate
2024-07-12 20:00:00,RD_EEH_04,Eastern Express Highway (Vikhroli to Bhandup / Mulund Toll),T,28.9,55.0,0.47,6,0.0,Free Flow / Moderate
2024-07-12 20:00:00,RD_LBS_01,Lal Bahadur Shastri (LBS) Marg (Sion to Kurla Kamani),L,18.9,35.0,0.46,5,0.0,Free Flow / Moderate
2024-07-12 20:00:00,RD_LBS_02,LBS Marg (Kurla to Ghatkopar Gandhi Nagar),N,19.7,35.0,0.44,5,0.0,Free Flow / Moderate
2024-07-12 20:00:00,RD_LBS_03,LBS Marg (Ghatkopar to Vikhroli / Kanjurmarg),S,20.6,35.0,0.41,5,0.0,Free Flow / Moderate
2024-07-12 20:00:00,RD_LBS_04,LBS Marg (Bhandup to Mulund Check Naka),T,20.5,35.0,0.41,5,0.0,Free Flow / Moderate
2024-07-12 20:00:00,RD_JVL_01,Jogeshwari-Vikhroli Link Road (JVLR - WEH to Powai),K/E,17.4,35.0,0.5,9,0.0,Congested
2024-07-12 21:00:00,RD_WEH_01,Western Express Highway (Bandra to Santacruz),H/E,29.2,55.0,0.47,4,0.0,Free Flow / Moderate
2024-07-12 21:00:00,RD_WEH_02,Western Express Highway (Santacruz to Andheri Flyover),K/E,31.6,55.0,0.43,4,0.0,Free Flow / Moderate
2024-07-12 21:00:00,RD_WEH_03,Western Express Highway (Andheri to Goregaon Hub),P/S,31.6,55.0,0.43,3,0.0,Free Flow / Moderate
2024-07-12 21:00:00,RD_WEH_04,Western Express Highway (Goregaon to Borivali National Park),R/C,31.9,55.0,0.42,5,0.0,Free Flow / Moderate
2024-07-12 21:00:00,RD_WEH_05,Western Express Highway (Borivali to Dahisar Toll Naka),R/N,31.1,55.0,0.43,3,0.0,Free Flow / Moderate
2024-07-12 21:00:00,RD_SVR_01,Swami Vivekanand (SV) Road (Bandra Lucky Jn to Khar),H/W,20.4,35.0,0.42,3,0.0,Free Flow / Moderate
2024-07-12 21:00:00,RD_SVR_02,SV Road (Santacruz Milan Subway Approach),H/W,17.4,35.0,0.5,3,0.0,Congested
2024-07-12 21:00:00,RD_SVR_03,SV Road (Vile Parle to Andheri Station West),K/W,20.1,35.0,0.43,4,0.0,Free Flow / Moderate
2024-07-12 21:00:00,RD_SVR_04,SV Road (Andheri Subway Section to Jogeshwari),K/W,20.3,35.0,0.42,3,0.0,Free Flow / Moderate
2024-07-12 21:00:00,RD_SVR_05,SV Road (Goregaon to Malad Subway Jn),P/N,18.9,35.0,0.46,6,0.0,Free Flow / Moderate
2024-07-12 21:00:00,RD_SVR_06,SV Road (Kandivali to Borivali Station West),R/C,20.6,35.0,0.41,5,0.0,Free Flow / Moderate
2024-07-12 21:00:00,RD_LNK_01,New Link Road (Bandra West to Khar Danda),H/W,20.6,35.0,0.41,3,0.0,Free Flow / Moderate
2024-07-12 21:00:00,RD_LNK_02,New Link Road (Juhu Circle to Andheri Infinity Mall),K/W,20.8,35.0,0.41,4,0.0,Free Flow / Moderate
2024-07-12 21:00:00,RD_LNK_03,New Link Road (Oshiwara to Goregaon West / Bangur Nagar),P/S,21.2,35.0,0.39,4,0.0,Free Flow / Moderate
2024-07-12 21:00:00,RD_LNK_04,New Link Road (Malad Inorbit to Mith Chowki),P/N,17.5,35.0,0.5,5,0.0,Congested
2024-07-12 21:00:00,RD_LNK_05,New Link Road (Kandivali to Dahisar Link Road Extension),R/N,18.1,35.0,0.48,9,0.0,Free Flow / Moderate
2024-07-12 21:00:00,RD_EEH_01,Eastern Express Highway (Sion Circle to Priyadarshini Park),F/N,31.2,55.0,0.43,3,0.0,Free Flow / Moderate
2024-07-12 21:00:00,RD_EEH_02,Eastern Express Highway (Kurla Amar Mahal to Ghatkopar),L,29.4,55.0,0.47,4,0.0,Free Flow / Moderate
2024-07-12 21:00:00,RD_EEH_03,Eastern Express Highway (Ghatkopar to Vikhroli / Godrej),N,29.8,55.0,0.46,3,0.0,Free Flow / Moderate
2024-07-12 21:00:00,RD_EEH_04,Eastern Express Highway (Vikhroli to Bhandup / Mulund Toll),T,32.0,55.0,0.42,5,0.0,Free Flow / Moderate
2024-07-12 21:00:00,RD_LBS_01,Lal Bahadur Shastri (LBS) Marg (Sion to Kurla Kamani),L,19.6,35.0,0.44,5,0.0,Free Flow / Moderate
2024-07-12 21:00:00,RD_LBS_02,LBS Marg (Kurla to Ghatkopar Gandhi Nagar),N,21.1,35.0,0.4,4,0.0,Free Flow / Moderate
2024-07-12 21:00:00,RD_LBS_03,LBS Marg (Ghatkopar to Vikhroli / Kanjurmarg),S,20.7,35.0,0.41,5,0.0,Free Flow / Moderate
2024-07-12 21:00:00,RD_LBS_04,LBS Marg (Bhandup to Mulund Check Naka),T,18.1,35.0,0.48,7,0.0,Free Flow / Moderate
2024-07-12 21:00:00,RD_JVL_01,Jogeshwari-Vikhroli Link Road (JVLR - WEH to Powai),K/E,20.6,35.0,0.41,6,0.0,Free Flow / Moderate
2024-07-12 22:00:00,RD_WEH_01,Western Express Highway (Bandra to Santacruz),H/E,50.4,55.0,0.1,0,0.0,Free Flow / Moderate
2024-07-12 22:00:00,RD_WEH_02,Western Express Highway (Santacruz to Andheri Flyover),K/E,48.2,55.0,0.12,0,0.0,Free Flow / Moderate
2024-07-12 22:00:00,RD_WEH_03,Western Express Highway (Andheri to Goregaon Hub),P/S,47.9,55.0,0.13,0,0.0,Free Flow / Moderate
2024-07-12 22:00:00,RD_WEH_04,Western Express Highway (Goregaon to Borivali National Park),R/C,49.8,55.0,0.1,0,0.0,Free Flow / Moderate
2024-07-12 22:00:00,RD_WEH_05,Western Express Highway (Borivali to Dahisar Toll Naka),R/N,50.3,55.0,0.1,0,0.0,Free Flow / Moderate
2024-07-12 22:00:00,RD_SVR_01,Swami Vivekanand (SV) Road (Bandra Lucky Jn to Khar),H/W,31.5,35.0,0.1,0,0.0,Free Flow / Moderate
2024-07-12 22:00:00,RD_SVR_02,SV Road (Santacruz Milan Subway Approach),H/W,33.0,35.0,0.1,0,0.0,Free Flow / Moderate
2024-07-12 22:00:00,RD_SVR_03,SV Road (Vile Parle to Andheri Station West),K/W,33.3,35.0,0.1,0,0.0,Free Flow / Moderate
2024-07-12 22:00:00,RD_SVR_04,SV Road (Andheri Subway Section to Jogeshwari),K/W,33.1,35.0,0.1,0,0.0,Free Flow / Moderate
2024-07-12 22:00:00,RD_SVR_05,SV Road (Goregaon to Malad Subway Jn),P/N,30.2,35.0,0.14,1,0.0,Free Flow / Moderate
2024-07-12 22:00:00,RD_SVR_06,SV Road (Kandivali to Borivali Station West),R/C,31.3,35.0,0.11,0,0.0,Free Flow / Moderate
2024-07-12 22:00:00,RD_LNK_01,New Link Road (Bandra West to Khar Danda),H/W,29.6,35.0,0.15,0,0.0,Free Flow / Moderate
2024-07-12 22:00:00,RD_LNK_02,New Link Road (Juhu Circle to Andheri Infinity Mall),K/W,29.5,35.0,0.16,1,0.0,Free Flow / Moderate
2024-07-12 22:00:00,RD_LNK_03,New Link Road (Oshiwara to Goregaon West / Bangur Nagar),P/S,30.2,35.0,0.14,0,0.0,Free Flow / Moderate
2024-07-12 22:00:00,RD_LNK_04,New Link Road (Malad Inorbit to Mith Chowki),P/N,30.1,35.0,0.14,0,0.0,Free Flow / Moderate
2024-07-12 22:00:00,RD_LNK_05,New Link Road (Kandivali to Dahisar Link Road Extension),R/N,30.8,35.0,0.12,1,0.0,Free Flow / Moderate
2024-07-12 22:00:00,RD_EEH_01,Eastern Express Highway (Sion Circle to Priyadarshini Park),F/N,47.8,55.0,0.13,0,0.0,Free Flow / Moderate
2024-07-12 22:00:00,RD_EEH_02,Eastern Express Highway (Kurla Amar Mahal to Ghatkopar),L,51.3,55.0,0.1,0,0.0,Free Flow / Moderate
2024-07-12 22:00:00,RD_EEH_03,Eastern Express Highway (Ghatkopar to Vikhroli / Godrej),N,51.2,55.0,0.1,0,0.0,Free Flow / Moderate
2024-07-12 22:00:00,RD_EEH_04,Eastern Express Highway (Vikhroli to Bhandup / Mulund Toll),T,50.1,55.0,0.1,0,0.0,Free Flow / Moderate
2024-07-12 22:00:00,RD_LBS_01,Lal Bahadur Shastri (LBS) Marg (Sion to Kurla Kamani),L,30.2,35.0,0.14,1,0.0,Free Flow / Moderate
2024-07-12 22:00:00,RD_LBS_02,LBS Marg (Kurla to Ghatkopar Gandhi Nagar),N,32.6,35.0,0.1,0,0.0,Free Flow / Moderate
2024-07-12 22:00:00,RD_LBS_03,LBS Marg (Ghatkopar to Vikhroli / Kanjurmarg),S,32.6,35.0,0.1,0,0.0,Free Flow / Moderate
2024-07-12 22:00:00,RD_LBS_04,LBS Marg (Bhandup to Mulund Check Naka),T,31.2,35.0,0.11,1,0.0,Free Flow / Moderate
2024-07-12 22:00:00,RD_JVL_01,Jogeshwari-Vikhroli Link Road (JVLR - WEH to Powai),K/E,30.6,35.0,0.13,1,0.0,Free Flow / Moderate
2024-07-12 23:00:00,RD_WEH_01,Western Express Highway (Bandra to Santacruz),H/E,50.9,55.0,0.1,0,0.0,Free Flow / Moderate
2024-07-12 23:00:00,RD_WEH_02,Western Express Highway (Santacruz to Andheri Flyover),K/E,51.3,55.0,0.1,0,0.0,Free Flow / Moderate
2024-07-12 23:00:00,RD_WEH_03,Western Express Highway (Andheri to Goregaon Hub),P/S,50.9,55.0,0.1,0,0.0,Free Flow / Moderate
2024-07-12 23:00:00,RD_WEH_04,Western Express Highway (Goregaon to Borivali National Park),R/C,49.9,55.0,0.1,0,0.0,Free Flow / Moderate
2024-07-12 23:00:00,RD_WEH_05,Western Express Highway (Borivali to Dahisar Toll Naka),R/N,49.4,55.0,0.1,0,0.0,Free Flow / Moderate
2024-07-12 23:00:00,RD_SVR_01,Swami Vivekanand (SV) Road (Bandra Lucky Jn to Khar),H/W,30.6,35.0,0.13,0,0.0,Free Flow / Moderate
2024-07-12 23:00:00,RD_SVR_02,SV Road (Santacruz Milan Subway Approach),H/W,30.9,35.0,0.12,0,0.0,Free Flow / Moderate
2024-07-12 23:00:00,RD_SVR_03,SV Road (Vile Parle to Andheri Station West),K/W,32.7,35.0,0.1,0,0.0,Free Flow / Moderate
2024-07-12 23:00:00,RD_SVR_04,SV Road (Andheri Subway Section to Jogeshwari),K/W,31.9,35.0,0.1,0,0.0,Free Flow / Moderate
2024-07-12 23:00:00,RD_SVR_05,SV Road (Goregaon to Malad Subway Jn),P/N,33.0,35.0,0.1,0,0.0,Free Flow / Moderate
2024-07-12 23:00:00,RD_SVR_06,SV Road (Kandivali to Borivali Station West),R/C,32.8,35.0,0.1,0,0.0,Free Flow / Moderate
2024-07-12 23:00:00,RD_LNK_01,New Link Road (Bandra West to Khar Danda),H/W,32.1,35.0,0.1,0,0.0,Free Flow / Moderate
2024-07-12 23:00:00,RD_LNK_02,New Link Road (Juhu Circle to Andheri Infinity Mall),K/W,30.8,35.0,0.12,0,0.0,Free Flow / Moderate
2024-07-12 23:00:00,RD_LNK_03,New Link Road (Oshiwara to Goregaon West / Bangur Nagar),P/S,33.3,35.0,0.1,0,0.0,Free Flow / Moderate
2024-07-12 23:00:00,RD_LNK_04,New Link Road (Malad Inorbit to Mith Chowki),P/N,32.0,35.0,0.1,0,0.0,Free Flow / Moderate
2024-07-12 23:00:00,RD_LNK_05,New Link Road (Kandivali to Dahisar Link Road Extension),R/N,32.2,35.0,0.1,0,0.0,Free Flow / Moderate
2024-07-12 23:00:00,RD_EEH_01,Eastern Express Highway (Sion Circle to Priyadarshini Park),F/N,50.4,55.0,0.1,0,0.0,Free Flow / Moderate
2024-07-12 23:00:00,RD_EEH_02,Eastern Express Highway (Kurla Amar Mahal to Ghatkopar),L,50.1,55.0,0.1,0,0.0,Free Flow / Moderate
2024-07-12 23:00:00,RD_EEH_03,Eastern Express Highway (Ghatkopar to Vikhroli / Godrej),N,47.9,55.0,0.13,0,0.0,Free Flow / Moderate
2024-07-12 23:00:00,RD_EEH_04,Eastern Express Highway (Vikhroli to Bhandup / Mulund Toll),T,48.4,55.0,0.12,1,0.0,Free Flow / Moderate
2024-07-12 23:00:00,RD_LBS_01,Lal Bahadur Shastri (LBS) Marg (Sion to Kurla Kamani),L,31.1,35.0,0.11,0,0.0,Free Flow / Moderate
2024-07-12 23:00:00,RD_LBS_02,LBS Marg (Kurla to Ghatkopar Gandhi Nagar),N,30.4,35.0,0.13,1,0.0,Free Flow / Moderate
2024-07-12 23:00:00,RD_LBS_03,LBS Marg (Ghatkopar to Vikhroli / Kanjurmarg),S,30.2,35.0,0.14,1,0.0,Free Flow / Moderate
2024-07-12 23:00:00,RD_LBS_04,LBS Marg (Bhandup to Mulund Check Naka),T,31.2,35.0,0.11,1,0.0,Free Flow / Moderate
2024-07-12 23:00:00,RD_JVL_01,Jogeshwari-Vikhroli Link Road (JVLR - WEH to Powai),K/E,31.6,35.0,0.1,0,0.0,Free Flow / Moderate
2024-07-13 00:00:00,RD_WEH_01,Western Express Highway (Bandra to Santacruz),H/E,49.8,55.0,0.1,0,0.0,Free Flow / Moderate
2024-07-13 00:00:00,RD_WEH_02,Western Express Highway (Santacruz to Andheri Flyover),K/E,50.4,55.0,0.1,0,0.0,Free Flow / Moderate
2024-07-13 00:00:00,RD_WEH_03,Western Express Highway (Andheri to Goregaon Hub),P/S,49.9,55.0,0.1,0,0.0,Free Flow / Moderate
2024-07-13 00:00:00,RD_WEH_04,Western Express Highway (Goregaon to Borivali National Park),R/C,49.7,55.0,0.1,0,0.0,Free Flow / Moderate
2024-07-13 00:00:00,RD_WEH_05,Western Express Highway (Borivali to Dahisar Toll Naka),R/N,51.4,55.0,0.1,0,0.0,Free Flow / Moderate
2024-07-13 00:00:00,RD_SVR_01,Swami Vivekanand (SV) Road (Bandra Lucky Jn to Khar),H/W,32.7,35.0,0.1,0,0.0,Free Flow / Moderate
2024-07-13 00:00:00,RD_SVR_02,SV Road (Santacruz Milan Subway Approach),H/W,33.4,35.0,0.1,0,0.0,Free Flow / Moderate
2024-07-13 00:00:00,RD_SVR_03,SV Road (Vile Parle to Andheri Station West),K/W,32.6,35.0,0.1,0,0.0,Free Flow / Moderate
2024-07-13 00:00:00,RD_SVR_04,SV Road (Andheri Subway Section to Jogeshwari),K/W,29.5,35.0,0.16,0,0.0,Free Flow / Moderate
2024-07-13 00:00:00,RD_SVR_05,SV Road (Goregaon to Malad Subway Jn),P/N,32.0,35.0,0.1,0,0.0,Free Flow / Moderate
2024-07-13 00:00:00,RD_SVR_06,SV Road (Kandivali to Borivali Station West),R/C,30.6,35.0,0.13,1,0.0,Free Flow / Moderate
2024-07-13 00:00:00,RD_LNK_01,New Link Road (Bandra West to Khar Danda),H/W,30.6,35.0,0.13,0,0.0,Free Flow / Moderate
2024-07-13 00:00:00,RD_LNK_02,New Link Road (Juhu Circle to Andheri Infinity Mall),K/W,29.9,35.0,0.15,1,0.0,Free Flow / Moderate
2024-07-13 00:00:00,RD_LNK_03,New Link Road (Oshiwara to Goregaon West / Bangur Nagar),P/S,33.0,35.0,0.1,0,0.0,Free Flow / Moderate
2024-07-13 00:00:00,RD_LNK_04,New Link Road (Malad Inorbit to Mith Chowki),P/N,30.5,35.0,0.13,0,0.0,Free Flow / Moderate
2024-07-13 00:00:00,RD_LNK_05,New Link Road (Kandivali to Dahisar Link Road Extension),R/N,32.0,35.0,0.1,0,0.0,Free Flow / Moderate
2024-07-13 00:00:00,RD_EEH_01,Eastern Express Highway (Sion Circle to Priyadarshini Park),F/N,49.1,55.0,0.11,0,0.0,Free Flow / Moderate
2024-07-13 00:00:00,RD_EEH_02,Eastern Express Highway (Kurla Amar Mahal to Ghatkopar),L,47.9,55.0,0.13,0,0.0,Free Flow / Moderate
2024-07-13 00:00:00,RD_EEH_03,Eastern Express Highway (Ghatkopar to Vikhroli / Godrej),N,49.5,55.0,0.1,0,0.0,Free Flow / Moderate
2024-07-13 00:00:00,RD_EEH_04,Eastern Express Highway (Vikhroli to Bhandup / Mulund Toll),T,48.4,55.0,0.12,1,0.0,Free Flow / Moderate
2024-07-13 00:00:00,RD_LBS_01,Lal Bahadur Shastri (LBS) Marg (Sion to Kurla Kamani),L,31.3,35.0,0.11,0,0.0,Free Flow / Moderate
2024-07-13 00:00:00,RD_LBS_02,LBS Marg (Kurla to Ghatkopar Gandhi Nagar),N,32.6,35.0,0.1,0,0.0,Free Flow / Moderate
2024-07-13 00:00:00,RD_LBS_03,LBS Marg (Ghatkopar to Vikhroli / Kanjurmarg),S,32.1,35.0,0.1,0,0.0,Free Flow / Moderate
2024-07-13 00:00:00,RD_LBS_04,LBS Marg (Bhandup to Mulund Check Naka),T,32.7,35.0,0.1,0,0.0,Free Flow / Moderate
2024-07-13 00:00:00,RD_JVL_01,Jogeshwari-Vikhroli Link Road (JVLR - WEH to Powai),K/E,32.8,35.0,0.1,0,0.0,Free Flow / Moderate
2024-07-13 01:00:00,RD_WEH_01,Western Express Highway (Bandra to Santacruz),H/E,51.1,55.0,0.1,0,0.0,Free Flow / Moderate
2024-07-13 01:00:00,RD_WEH_02,Western Express Highway (Santacruz to Andheri Flyover),K/E,48.4,55.0,0.12,0,0.0,Free Flow / Moderate
2024-07-13 01:00:00,RD_WEH_03,Western Express Highway (Andheri to Goregaon Hub),P/S,51.4,55.0,0.1,0,0.0,Free Flow / Moderate
2024-07-13 01:00:00,RD_WEH_04,Western Express Highway (Goregaon to Borivali National Park),R/C,50.4,55.0,0.1,0,0.0,Free Flow / Moderate
2024-07-13 01:00:00,RD_WEH_05,Western Express Highway (Borivali to Dahisar Toll Naka),R/N,48.1,55.0,0.13,0,0.0,Free Flow / Moderate
2024-07-13 01:00:00,RD_SVR_01,Swami Vivekanand (SV) Road (Bandra Lucky Jn to Khar),H/W,32.2,35.0,0.1,0,0.0,Free Flow / Moderate
2024-07-13 01:00:00,RD_SVR_02,SV Road (Santacruz Milan Subway Approach),H/W,30.3,35.0,0.13,0,0.0,Free Flow / Moderate
2024-07-13 01:00:00,RD_SVR_03,SV Road (Vile Parle to Andheri Station West),K/W,31.1,35.0,0.11,0,0.0,Free Flow / Moderate
2024-07-13 01:00:00,RD_SVR_04,SV Road (Andheri Subway Section to Jogeshwari),K/W,33.4,35.0,0.1,0,0.0,Free Flow / Moderate
2024-07-13 01:00:00,RD_SVR_05,SV Road (Goregaon to Malad Subway Jn),P/N,32.0,35.0,0.1,0,0.0,Free Flow / Moderate
2024-07-13 01:00:00,RD_SVR_06,SV Road (Kandivali to Borivali Station West),R/C,32.7,35.0,0.1,0,0.0,Free Flow / Moderate
2024-07-13 01:00:00,RD_LNK_01,New Link Road (Bandra West to Khar Danda),H/W,31.2,35.0,0.11,0,0.0,Free Flow / Moderate
2024-07-13 01:00:00,RD_LNK_02,New Link Road (Juhu Circle to Andheri Infinity Mall),K/W,30.6,35.0,0.13,1,0.0,Free Flow / Moderate
2024-07-13 01:00:00,RD_LNK_03,New Link Road (Oshiwara to Goregaon West / Bangur Nagar),P/S,32.1,35.0,0.1,0,0.0,Free Flow / Moderate
2024-07-13 01:00:00,RD_LNK_04,New Link Road (Malad Inorbit to Mith Chowki),P/N,32.9,35.0,0.1,0,0.0,Free Flow / Moderate
2024-07-13 01:00:00,RD_LNK_05,New Link Road (Kandivali to Dahisar Link Road Extension),R/N,32.4,35.0,0.1,0,0.0,Free Flow / Moderate
2024-07-13 01:00:00,RD_EEH_01,Eastern Express Highway (Sion Circle to Priyadarshini Park),F/N,51.4,55.0,0.1,0,0.0,Free Flow / Moderate
2024-07-13 01:00:00,RD_EEH_02,Eastern Express Highway (Kurla Amar Mahal to Ghatkopar),L,48.2,55.0,0.12,0,0.0,Free Flow / Moderate
2024-07-13 01:00:00,RD_EEH_03,Eastern Express Highway (Ghatkopar to Vikhroli / Godrej),N,49.7,55.0,0.1,0,0.0,Free Flow / Moderate
2024-07-13 01:00:00,RD_EEH_04,Eastern Express Highway (Vikhroli to Bhandup / Mulund Toll),T,49.6,55.0,0.1,0,0.0,Free Flow / Moderate
2024-07-13 01:00:00,RD_LBS_01,Lal Bahadur Shastri (LBS) Marg (Sion to Kurla Kamani),L,33.3,35.0,0.1,0,0.0,Free Flow / Moderate
2024-07-13 01:00:00,RD_LBS_02,LBS Marg (Kurla to Ghatkopar Gandhi Nagar),N,32.3,35.0,0.1,0,0.0,Free Flow / Moderate
2024-07-13 01:00:00,RD_LBS_03,LBS Marg (Ghatkopar to Vikhroli / Kanjurmarg),S,30.6,35.0,0.13,1,0.0,Free Flow / Moderate
2024-07-13 01:00:00,RD_LBS_04,LBS Marg (Bhandup to Mulund Check Naka),T,32.2,35.0,0.1,0,0.0,Free Flow / Moderate
2024-07-13 01:00:00,RD_JVL_01,Jogeshwari-Vikhroli Link Road (JVLR - WEH to Powai),K/E,32.4,35.0,0.1,0,0.0,Free Flow / Moderate
2024-07-13 02:00:00,RD_WEH_01,Western Express Highway (Bandra to Santacruz),H/E,49.2,55.0,0.11,0,0.0,Free Flow / Moderate
2024-07-13 02:00:00,RD_WEH_02,Western Express Highway (Santacruz to Andheri Flyover),K/E,51.3,55.0,0.1,0,0.0,Free Flow / Moderate
2024-07-13 02:00:00,RD_WEH_03,Western Express Highway (Andheri to Goregaon Hub),P/S,50.7,55.0,0.1,0,0.0,Free Flow / Moderate
2024-07-13 02:00:00,RD_WEH_04,Western Express Highway (Goregaon to Borivali National Park),R/C,49.4,55.0,0.1,0,0.0,Free Flow / Moderate
2024-07-13 02:00:00,RD_WEH_05,Western Express Highway (Borivali to Dahisar Toll Naka),R/N,50.5,55.0,0.1,0,0.0,Free Flow / Moderate
2024-07-13 02:00:00,RD_SVR_01,Swami Vivekanand (SV) Road (Bandra Lucky Jn to Khar),H/W,32.0,35.0,0.1,0,0.0,Free Flow / Moderate
2024-07-13 02:00:00,RD_SVR_02,SV Road (Santacruz Milan Subway Approach),H/W,30.6,35.0,0.13,0,0.0,Free Flow / Moderate
2024-07-13 02:00:00,RD_SVR_03,SV Road (Vile Parle to Andheri Station West),K/W,30.5,35.0,0.13,0,0.0,Free Flow / Moderate
2024-07-13 02:00:00,RD_SVR_04,SV Road (Andheri Subway Section to Jogeshwari),K/W,31.9,35.0,0.1,0,0.0,Free Flow / Moderate
2024-07-13 02:00:00,RD_SVR_05,SV Road (Goregaon to Malad Subway Jn),P/N,32.2,35.0,0.1,0,0.0,Free Flow / Moderate
2024-07-13 02:00:00,RD_SVR_06,SV Road (Kandivali to Borivali Station West),R/C,32.5,35.0,0.1,0,0.0,Free Flow / Moderate
2024-07-13 02:00:00,RD_LNK_01,New Link Road (Bandra West to Khar Danda),H/W,30.3,35.0,0.13,0,0.0,Free Flow / Moderate
2024-07-13 02:00:00,RD_LNK_02,New Link Road (Juhu Circle to Andheri Infinity Mall),K/W,31.8,35.0,0.1,0,0.0,Free Flow / Moderate
2024-07-13 02:00:00,RD_LNK_03,New Link Road (Oshiwara to Goregaon West / Bangur Nagar),P/S,31.7,35.0,0.1,0,0.0,Free Flow / Moderate
2024-07-13 02:00:00,RD_LNK_04,New Link Road (Malad Inorbit to Mith Chowki),P/N,29.8,35.0,0.15,0,0.0,Free Flow / Moderate
2024-07-13 02:00:00,RD_LNK_05,New Link Road (Kandivali to Dahisar Link Road Extension),R/N,31.5,35.0,0.1,1,0.0,Free Flow / Moderate
2024-07-13 02:00:00,RD_EEH_01,Eastern Express Highway (Sion Circle to Priyadarshini Park),F/N,49.8,55.0,0.1,0,0.0,Free Flow / Moderate
2024-07-13 02:00:00,RD_EEH_02,Eastern Express Highway (Kurla Amar Mahal to Ghatkopar),L,50.1,55.0,0.1,0,0.0,Free Flow / Moderate
2024-07-13 02:00:00,RD_EEH_03,Eastern Express Highway (Ghatkopar to Vikhroli / Godrej),N,50.7,55.0,0.1,0,0.0,Free Flow / Moderate
2024-07-13 02:00:00,RD_EEH_04,Eastern Express Highway (Vikhroli to Bhandup / Mulund Toll),T,48.2,55.0,0.12,1,0.0,Free Flow / Moderate
2024-07-13 02:00:00,RD_LBS_01,Lal Bahadur Shastri (LBS) Marg (Sion to Kurla Kamani),L,32.6,35.0,0.1,0,0.0,Free Flow / Moderate
2024-07-13 02:00:00,RD_LBS_02,LBS Marg (Kurla to Ghatkopar Gandhi Nagar),N,29.9,35.0,0.15,1,0.0,Free Flow / Moderate
2024-07-13 02:00:00,RD_LBS_03,LBS Marg (Ghatkopar to Vikhroli / Kanjurmarg),S,31.9,35.0,0.1,0,0.0,Free Flow / Moderate
2024-07-13 02:00:00,RD_LBS_04,LBS Marg (Bhandup to Mulund Check Naka),T,32.1,35.0,0.1,0,0.0,Free Flow / Moderate
2024-07-13 02:00:00,RD_JVL_01,Jogeshwari-Vikhroli Link Road (JVLR - WEH to Powai),K/E,32.1,35.0,0.1,0,0.0,Free Flow / Moderate
2024-07-13 03:00:00,RD_WEH_01,Western Express Highway (Bandra to Santacruz),H/E,50.3,55.0,0.1,0,0.0,Free Flow / Moderate
2024-07-13 03:00:00,RD_WEH_02,Western Express Highway (Santacruz to Andheri Flyover),K/E,51.5,55.0,0.1,0,0.0,Free Flow / Moderate
2024-07-13 03:00:00,RD_WEH_03,Western Express Highway (Andheri to Goregaon Hub),P/S,48.3,55.0,0.12,0,0.0,Free Flow / Moderate
2024-07-13 03:00:00,RD_WEH_04,Western Express Highway (Goregaon to Borivali National Park),R/C,48.1,55.0,0.13,1,0.0,Free Flow / Moderate
2024-07-13 03:00:00,RD_WEH_05,Western Express Highway (Borivali to Dahisar Toll Naka),R/N,50.0,55.0,0.1,0,0.0,Free Flow / Moderate
2024-07-13 03:00:00,RD_SVR_01,Swami Vivekanand (SV) Road (Bandra Lucky Jn to Khar),H/W,32.6,35.0,0.1,0,0.0,Free Flow / Moderate
2024-07-13 03:00:00,RD_SVR_02,SV Road (Santacruz Milan Subway Approach),H/W,29.7,35.0,0.15,0,0.0,Free Flow / Moderate
2024-07-13 03:00:00,RD_SVR_03,SV Road (Vile Parle to Andheri Station West),K/W,31.7,35.0,0.1,0,0.0,Free Flow / Moderate
2024-07-13 03:00:00,RD_SVR_04,SV Road (Andheri Subway Section to Jogeshwari),K/W,33.3,35.0,0.1,0,0.0,Free Flow / Moderate
2024-07-13 03:00:00,RD_SVR_05,SV Road (Goregaon to Malad Subway Jn),P/N,33.3,35.0,0.1,0,0.0,Free Flow / Moderate
2024-07-13 03:00:00,RD_SVR_06,SV Road (Kandivali to Borivali Station West),R/C,30.4,35.0,0.13,1,0.0,Free Flow / Moderate
2024-07-13 03:00:00,RD_LNK_01,New Link Road (Bandra West to Khar Danda),H/W,32.4,35.0,0.1,0,0.0,Free Flow / Moderate
2024-07-13 03:00:00,RD_LNK_02,New Link Road (Juhu Circle to Andheri Infinity Mall),K/W,32.4,35.0,0.1,0,0.0,Free Flow / Moderate
2024-07-13 03:00:00,RD_LNK_03,New Link Road (Oshiwara to Goregaon West / Bangur Nagar),P/S,29.6,35.0,0.15,1,0.0,Free Flow / Moderate
2024-07-13 03:00:00,RD_LNK_04,New Link Road (Malad Inorbit to Mith Chowki),P/N,31.8,35.0,0.1,0,0.0,Free Flow / Moderate
2024-07-13 03:00:00,RD_LNK_05,New Link Road (Kandivali to Dahisar Link Road Extension),R/N,30.6,35.0,0.13,1,0.0,Free Flow / Moderate
2024-07-13 03:00:00,RD_EEH_01,Eastern Express Highway (Sion Circle to Priyadarshini Park),F/N,50.8,55.0,0.1,0,0.0,Free Flow / Moderate
2024-07-13 03:00:00,RD_EEH_02,Eastern Express Highway (Kurla Amar Mahal to Ghatkopar),L,51.0,55.0,0.1,0,0.0,Free Flow / Moderate
2024-07-13 03:00:00,RD_EEH_03,Eastern Express Highway (Ghatkopar to Vikhroli / Godrej),N,48.8,55.0,0.11,0,0.0,Free Flow / Moderate
2024-07-13 03:00:00,RD_EEH_04,Eastern Express Highway (Vikhroli to Bhandup / Mulund Toll),T,48.3,55.0,0.12,1,0.0,Free Flow / Moderate
2024-07-13 03:00:00,RD_LBS_01,Lal Bahadur Shastri (LBS) Marg (Sion to Kurla Kamani),L,31.9,35.0,0.1,0,0.0,Free Flow / Moderate
2024-07-13 03:00:00,RD_LBS_02,LBS Marg (Kurla to Ghatkopar Gandhi Nagar),N,30.1,35.0,0.14,1,0.0,Free Flow / Moderate
2024-07-13 03:00:00,RD_LBS_03,LBS Marg (Ghatkopar to Vikhroli / Kanjurmarg),S,33.0,35.0,0.1,0,0.0,Free Flow / Moderate
2024-07-13 03:00:00,RD_LBS_04,LBS Marg (Bhandup to Mulund Check Naka),T,30.7,35.0,0.12,1,0.0,Free Flow / Moderate
2024-07-13 03:00:00,RD_JVL_01,Jogeshwari-Vikhroli Link Road (JVLR - WEH to Powai),K/E,33.3,35.0,0.1,0,0.0,Free Flow / Moderate
2024-07-13 04:00:00,RD_WEH_01,Western Express Highway (Bandra to Santacruz),H/E,48.0,55.0,0.13,0,0.0,Free Flow / Moderate
2024-07-13 04:00:00,RD_WEH_02,Western Express Highway (Santacruz to Andheri Flyover),K/E,49.4,55.0,0.1,0,0.0,Free Flow / Moderate
2024-07-13 04:00:00,RD_WEH_03,Western Express Highway (Andheri to Goregaon Hub),P/S,48.0,55.0,0.13,0,0.0,Free Flow / Moderate
2024-07-13 04:00:00,RD_WEH_04,Western Express Highway (Goregaon to Borivali National Park),R/C,50.7,55.0,0.1,0,0.0,Free Flow / Moderate
2024-07-13 04:00:00,RD_WEH_05,Western Express Highway (Borivali to Dahisar Toll Naka),R/N,47.5,55.0,0.14,0,0.0,Free Flow / Moderate
2024-07-13 04:00:00,RD_SVR_01,Swami Vivekanand (SV) Road (Bandra Lucky Jn to Khar),H/W,32.7,35.0,0.1,0,0.0,Free Flow / Moderate
2024-07-13 04:00:00,RD_SVR_02,SV Road (Santacruz Milan Subway Approach),H/W,31.4,35.0,0.1,0,0.0,Free Flow / Moderate
2024-07-13 04:00:00,RD_SVR_03,SV Road (Vile Parle to Andheri Station West),K/W,31.3,35.0,0.11,0,0.0,Free Flow / Moderate
2024-07-13 04:00:00,RD_SVR_04,SV Road (Andheri Subway Section to Jogeshwari),K/W,32.5,35.0,0.1,0,0.0,Free Flow / Moderate
2024-07-13 04:00:00,RD_SVR_05,SV Road (Goregaon to Malad Subway Jn),P/N,31.3,35.0,0.11,0,0.0,Free Flow / Moderate
2024-07-13 04:00:00,RD_SVR_06,SV Road (Kandivali to Borivali Station West),R/C,29.9,35.0,0.15,1,0.0,Free Flow / Moderate
2024-07-13 04:00:00,RD_LNK_01,New Link Road (Bandra West to Khar Danda),H/W,29.7,35.0,0.15,0,0.0,Free Flow / Moderate
2024-07-13 04:00:00,RD_LNK_02,New Link Road (Juhu Circle to Andheri Infinity Mall),K/W,30.9,35.0,0.12,0,0.0,Free Flow / Moderate
2024-07-13 04:00:00,RD_LNK_03,New Link Road (Oshiwara to Goregaon West / Bangur Nagar),P/S,32.6,35.0,0.1,0,0.0,Free Flow / Moderate
2024-07-13 04:00:00,RD_LNK_04,New Link Road (Malad Inorbit to Mith Chowki),P/N,33.1,35.0,0.1,0,0.0,Free Flow / Moderate
2024-07-13 04:00:00,RD_LNK_05,New Link Road (Kandivali to Dahisar Link Road Extension),R/N,32.9,35.0,0.1,0,0.0,Free Flow / Moderate
2024-07-13 04:00:00,RD_EEH_01,Eastern Express Highway (Sion Circle to Priyadarshini Park),F/N,49.3,55.0,0.1,0,0.0,Free Flow / Moderate
2024-07-13 04:00:00,RD_EEH_02,Eastern Express Highway (Kurla Amar Mahal to Ghatkopar),L,51.3,55.0,0.1,0,0.0,Free Flow / Moderate
2024-07-13 04:00:00,RD_EEH_03,Eastern Express Highway (Ghatkopar to Vikhroli / Godrej),N,47.5,55.0,0.14,0,0.0,Free Flow / Moderate
2024-07-13 04:00:00,RD_EEH_04,Eastern Express Highway (Vikhroli to Bhandup / Mulund Toll),T,50.1,55.0,0.1,0,0.0,Free Flow / Moderate
2024-07-13 04:00:00,RD_LBS_01,Lal Bahadur Shastri (LBS) Marg (Sion to Kurla Kamani),L,30.2,35.0,0.14,1,0.0,Free Flow / Moderate
2024-07-13 04:00:00,RD_LBS_02,LBS Marg (Kurla to Ghatkopar Gandhi Nagar),N,31.3,35.0,0.11,0,0.0,Free Flow / Moderate
2024-07-13 04:00:00,RD_LBS_03,LBS Marg (Ghatkopar to Vikhroli / Kanjurmarg),S,31.3,35.0,0.11,0,0.0,Free Flow / Moderate
2024-07-13 04:00:00,RD_LBS_04,LBS Marg (Bhandup to Mulund Check Naka),T,31.5,35.0,0.1,0,0.0,Free Flow / Moderate
2024-07-13 04:00:00,RD_JVL_01,Jogeshwari-Vikhroli Link Road (JVLR - WEH to Powai),K/E,31.0,35.0,0.11,1,0.0,Free Flow / Moderate
2024-07-13 05:00:00,RD_WEH_01,Western Express Highway (Bandra to Santacruz),H/E,49.4,55.0,0.1,0,0.0,Free Flow / Moderate
2024-07-13 05:00:00,RD_WEH_02,Western Express Highway (Santacruz to Andheri Flyover),K/E,49.7,55.0,0.1,0,0.0,Free Flow / Moderate
2024-07-13 05:00:00,RD_WEH_03,Western Express Highway (Andheri to Goregaon Hub),P/S,49.4,55.0,0.1,0,0.0,Free Flow / Moderate
2024-07-13 05:00:00,RD_WEH_04,Western Express Highway (Goregaon to Borivali National Park),R/C,48.9,55.0,0.11,0,0.0,Free Flow / Moderate
2024-07-13 05:00:00,RD_WEH_05,Western Express Highway (Borivali to Dahisar Toll Naka),R/N,50.4,55.0,0.1,0,0.0,Free Flow / Moderate
2024-07-13 05:00:00,RD_SVR_01,Swami Vivekanand (SV) Road (Bandra Lucky Jn to Khar),H/W,33.2,35.0,0.1,0,0.0,Free Flow / Moderate
2024-07-13 05:00:00,RD_SVR_02,SV Road (Santacruz Milan Subway Approach),H/W,31.6,35.0,0.1,0,0.0,Free Flow / Moderate
2024-07-13 05:00:00,RD_SVR_03,SV Road (Vile Parle to Andheri Station West),K/W,31.3,35.0,0.11,0,0.0,Free Flow / Moderate
2024-07-13 05:00:00,RD_SVR_04,SV Road (Andheri Subway Section to Jogeshwari),K/W,31.4,35.0,0.1,0,0.0,Free Flow / Moderate
2024-07-13 05:00:00,RD_SVR_05,SV Road (Goregaon to Malad Subway Jn),P/N,33.4,35.0,0.1,0,0.0,Free Flow / Moderate
2024-07-13 05:00:00,RD_SVR_06,SV Road (Kandivali to Borivali Station West),R/C,30.7,35.0,0.12,1,0.0,Free Flow / Moderate
2024-07-13 05:00:00,RD_LNK_01,New Link Road (Bandra West to Khar Danda),H/W,30.6,35.0,0.13,0,0.0,Free Flow / Moderate
2024-07-13 05:00:00,RD_LNK_02,New Link Road (Juhu Circle to Andheri Infinity Mall),K/W,32.6,35.0,0.1,0,0.0,Free Flow / Moderate
2024-07-13 05:00:00,RD_LNK_03,New Link Road (Oshiwara to Goregaon West / Bangur Nagar),P/S,30.2,35.0,0.14,0,0.0,Free Flow / Moderate
2024-07-13 05:00:00,RD_LNK_04,New Link Road (Malad Inorbit to Mith Chowki),P/N,32.3,35.0,0.1,0,0.0,Free Flow / Moderate
2024-07-13 05:00:00,RD_LNK_05,New Link Road (Kandivali to Dahisar Link Road Extension),R/N,31.6,35.0,0.1,1,0.0,Free Flow / Moderate
2024-07-13 05:00:00,RD_EEH_01,Eastern Express Highway (Sion Circle to Priyadarshini Park),F/N,50.0,55.0,0.1,0,0.0,Free Flow / Moderate
2024-07-13 05:00:00,RD_EEH_02,Eastern Express Highway (Kurla Amar Mahal to Ghatkopar),L,49.3,55.0,0.1,0,0.0,Free Flow / Moderate
2024-07-13 05:00:00,RD_EEH_03,Eastern Express Highway (Ghatkopar to Vikhroli / Godrej),N,49.9,55.0,0.1,0,0.0,Free Flow / Moderate
2024-07-13 05:00:00,RD_EEH_04,Eastern Express Highway (Vikhroli to Bhandup / Mulund Toll),T,48.1,55.0,0.13,1,0.0,Free Flow / Moderate
2024-07-13 05:00:00,RD_LBS_01,Lal Bahadur Shastri (LBS) Marg (Sion to Kurla Kamani),L,30.9,35.0,0.12,0,0.0,Free Flow / Moderate
2024-07-13 05:00:00,RD_LBS_02,LBS Marg (Kurla to Ghatkopar Gandhi Nagar),N,30.2,35.0,0.14,1,0.0,Free Flow / Moderate
2024-07-13 05:00:00,RD_LBS_03,LBS Marg (Ghatkopar to Vikhroli / Kanjurmarg),S,30.3,35.0,0.13,1,0.0,Free Flow / Moderate
2024-07-13 05:00:00,RD_LBS_04,LBS Marg (Bhandup to Mulund Check Naka),T,32.6,35.0,0.1,0,0.0,Free Flow / Moderate
2024-07-13 05:00:00,RD_JVL_01,Jogeshwari-Vikhroli Link Road (JVLR - WEH to Powai),K/E,30.0,35.0,0.14,1,0.0,Free Flow / Moderate
2024-07-13 06:00:00,RD_WEH_01,Western Express Highway (Bandra to Santacruz),H/E,48.8,55.0,0.11,0,0.0,Free Flow / Moderate
2024-07-13 06:00:00,RD_WEH_02,Western Express Highway (Santacruz to Andheri Flyover),K/E,48.6,55.0,0.12,0,0.0,Free Flow / Moderate
2024-07-13 06:00:00,RD_WEH_03,Western Express Highway (Andheri to Goregaon Hub),P/S,48.0,55.0,0.13,0,0.0,Free Flow / Moderate
2024-07-13 06:00:00,RD_WEH_04,Western Express Highway (Goregaon to Borivali National Park),R/C,47.6,55.0,0.13,1,0.0,Free Flow / Moderate
2024-07-13 06:00:00,RD_WEH_05,Western Express Highway (Borivali to Dahisar Toll Naka),R/N,51.1,55.0,0.1,0,0.0,Free Flow / Moderate
2024-07-13 06:00:00,RD_SVR_01,Swami Vivekanand (SV) Road (Bandra Lucky Jn to Khar),H/W,30.3,35.0,0.13,0,0.0,Free Flow / Moderate
2024-07-13 06:00:00,RD_SVR_02,SV Road (Santacruz Milan Subway Approach),H/W,33.2,35.0,0.1,0,0.0,Free Flow / Moderate
2024-07-13 06:00:00,RD_SVR_03,SV Road (Vile Parle to Andheri Station West),K/W,29.9,35.0,0.15,1,0.0,Free Flow / Moderate
2024-07-13 06:00:00,RD_SVR_04,SV Road (Andheri Subway Section to Jogeshwari),K/W,33.4,35.0,0.1,0,0.0,Free Flow / Moderate
2024-07-13 06:00:00,RD_SVR_05,SV Road (Goregaon to Malad Subway Jn),P/N,30.3,35.0,0.13,1,0.0,Free Flow / Moderate
2024-07-13 06:00:00,RD_SVR_06,SV Road (Kandivali to Borivali Station West),R/C,30.0,35.0,0.14,1,0.0,Free Flow / Moderate
2024-07-13 06:00:00,RD_LNK_01,New Link Road (Bandra West to Khar Danda),H/W,32.1,35.0,0.1,0,0.0,Free Flow / Moderate
2024-07-13 06:00:00,RD_LNK_02,New Link Road (Juhu Circle to Andheri Infinity Mall),K/W,30.1,35.0,0.14,1,0.0,Free Flow / Moderate
2024-07-13 06:00:00,RD_LNK_03,New Link Road (Oshiwara to Goregaon West / Bangur Nagar),P/S,30.2,35.0,0.14,0,0.0,Free Flow / Moderate
2024-07-13 06:00:00,RD_LNK_04,New Link Road (Malad Inorbit to Mith Chowki),P/N,31.4,35.0,0.1,0,0.0,Free Flow / Moderate
2024-07-13 06:00:00,RD_LNK_05,New Link Road (Kandivali to Dahisar Link Road Extension),R/N,32.1,35.0,0.1,0,0.0,Free Flow / Moderate
2024-07-13 06:00:00,RD_EEH_01,Eastern Express Highway (Sion Circle to Priyadarshini Park),F/N,50.0,55.0,0.1,0,0.0,Free Flow / Moderate
2024-07-13 06:00:00,RD_EEH_02,Eastern Express Highway (Kurla Amar Mahal to Ghatkopar),L,47.7,55.0,0.13,0,0.0,Free Flow / Moderate
2024-07-13 06:00:00,RD_EEH_03,Eastern Express Highway (Ghatkopar to Vikhroli / Godrej),N,48.1,55.0,0.13,0,0.0,Free Flow / Moderate
2024-07-13 06:00:00,RD_EEH_04,Eastern Express Highway (Vikhroli to Bhandup / Mulund Toll),T,48.7,55.0,0.11,0,0.0,Free Flow / Moderate
2024-07-13 06:00:00,RD_LBS_01,Lal Bahadur Shastri (LBS) Marg (Sion to Kurla Kamani),L,31.0,35.0,0.11,0,0.0,Free Flow / Moderate
2024-07-13 06:00:00,RD_LBS_02,LBS Marg (Kurla to Ghatkopar Gandhi Nagar),N,30.2,35.0,0.14,1,0.0,Free Flow / Moderate
2024-07-13 06:00:00,RD_LBS_03,LBS Marg (Ghatkopar to Vikhroli / Kanjurmarg),S,32.1,35.0,0.1,0,0.0,Free Flow / Moderate
2024-07-13 06:00:00,RD_LBS_04,LBS Marg (Bhandup to Mulund Check Naka),T,33.0,35.0,0.1,0,0.0,Free Flow / Moderate
2024-07-13 06:00:00,RD_JVL_01,Jogeshwari-Vikhroli Link Road (JVLR - WEH to Powai),K/E,31.6,35.0,0.1,0,0.0,Free Flow / Moderate
2024-07-13 07:00:00,RD_WEH_01,Western Express Highway (Bandra to Santacruz),H/E,49.5,55.0,0.1,0,0.0,Free Flow / Moderate
2024-07-13 07:00:00,RD_WEH_02,Western Express Highway (Santacruz to Andheri Flyover),K/E,49.6,55.0,0.1,0,0.0,Free Flow / Moderate
2024-07-13 07:00:00,RD_WEH_03,Western Express Highway (Andheri to Goregaon Hub),P/S,49.9,55.0,0.1,0,0.0,Free Flow / Moderate
2024-07-13 07:00:00,RD_WEH_04,Western Express Highway (Goregaon to Borivali National Park),R/C,51.0,55.0,0.1,0,0.0,Free Flow / Moderate
2024-07-13 07:00:00,RD_WEH_05,Western Express Highway (Borivali to Dahisar Toll Naka),R/N,49.1,55.0,0.11,0,0.0,Free Flow / Moderate
2024-07-13 07:00:00,RD_SVR_01,Swami Vivekanand (SV) Road (Bandra Lucky Jn to Khar),H/W,30.8,35.0,0.12,0,0.0,Free Flow / Moderate
2024-07-13 07:00:00,RD_SVR_02,SV Road (Santacruz Milan Subway Approach),H/W,33.5,35.0,0.1,0,0.0,Free Flow / Moderate
2024-07-13 07:00:00,RD_SVR_03,SV Road (Vile Parle to Andheri Station West),K/W,31.1,35.0,0.11,0,0.0,Free Flow / Moderate
2024-07-13 07:00:00,RD_SVR_04,SV Road (Andheri Subway Section to Jogeshwari),K/W,32.8,35.0,0.1,0,0.0,Free Flow / Moderate
2024-07-13 07:00:00,RD_SVR_05,SV Road (Goregaon to Malad Subway Jn),P/N,29.8,35.0,0.15,1,0.0,Free Flow / Moderate
2024-07-13 07:00:00,RD_SVR_06,SV Road (Kandivali to Borivali Station West),R/C,30.6,35.0,0.13,1,0.0,Free Flow / Moderate
2024-07-13 07:00:00,RD_LNK_01,New Link Road (Bandra West to Khar Danda),H/W,30.4,35.0,0.13,0,0.0,Free Flow / Moderate
2024-07-13 07:00:00,RD_LNK_02,New Link Road (Juhu Circle to Andheri Infinity Mall),K/W,30.1,35.0,0.14,1,0.0,Free Flow / Moderate
2024-07-13 07:00:00,RD_LNK_03,New Link Road (Oshiwara to Goregaon West / Bangur Nagar),P/S,29.5,35.0,0.16,1,0.0,Free Flow / Moderate
2024-07-13 07:00:00,RD_LNK_04,New Link Road (Malad Inorbit to Mith Chowki),P/N,30.5,35.0,0.13,0,0.0,Free Flow / Moderate
2024-07-13 07:00:00,RD_LNK_05,New Link Road (Kandivali to Dahisar Link Road Extension),R/N,31.6,35.0,0.1,1,0.0,Free Flow / Moderate
2024-07-13 07:00:00,RD_EEH_01,Eastern Express Highway (Sion Circle to Priyadarshini Park),F/N,49.0,55.0,0.11,0,0.0,Free Flow / Moderate
2024-07-13 07:00:00,RD_EEH_02,Eastern Express Highway (Kurla Amar Mahal to Ghatkopar),L,47.8,55.0,0.13,0,0.0,Free Flow / Moderate
2024-07-13 07:00:00,RD_EEH_03,Eastern Express Highway (Ghatkopar to Vikhroli / Godrej),N,47.8,55.0,0.13,0,0.0,Free Flow / Moderate
2024-07-13 07:00:00,RD_EEH_04,Eastern Express Highway (Vikhroli to Bhandup / Mulund Toll),T,51.1,55.0,0.1,0,0.0,Free Flow / Moderate
2024-07-13 07:00:00,RD_LBS_01,Lal Bahadur Shastri (LBS) Marg (Sion to Kurla Kamani),L,31.7,35.0,0.1,0,0.0,Free Flow / Moderate
2024-07-13 07:00:00,RD_LBS_02,LBS Marg (Kurla to Ghatkopar Gandhi Nagar),N,33.4,35.0,0.1,0,0.0,Free Flow / Moderate
2024-07-13 07:00:00,RD_LBS_03,LBS Marg (Ghatkopar to Vikhroli / Kanjurmarg),S,33.0,35.0,0.1,0,0.0,Free Flow / Moderate
2024-07-13 07:00:00,RD_LBS_04,LBS Marg (Bhandup to Mulund Check Naka),T,32.4,35.0,0.1,0,0.0,Free Flow / Moderate
2024-07-13 07:00:00,RD_JVL_01,Jogeshwari-Vikhroli Link Road (JVLR - WEH to Powai),K/E,32.1,35.0,0.1,0,0.0,Free Flow / Moderate
2024-07-13 08:00:00,RD_WEH_01,Western Express Highway (Bandra to Santacruz),H/E,28.9,55.0,0.47,4,0.0,Free Flow / Moderate
2024-07-13 08:00:00,RD_WEH_02,Western Express Highway (Santacruz to Andheri Flyover),K/E,29.1,55.0,0.47,5,0.0,Free Flow / Moderate
2024-07-13 08:00:00,RD_WEH_03,Western Express Highway (Andheri to Goregaon Hub),P/S,28.3,55.0,0.49,4,0.0,Free Flow / Moderate
2024-07-13 08:00:00,RD_WEH_04,Western Express Highway (Goregaon to Borivali National Park),R/C,28.9,55.0,0.47,6,0.0,Free Flow / Moderate
2024-07-13 08:00:00,RD_WEH_05,Western Express Highway (Borivali to Dahisar Toll Naka),R/N,30.1,55.0,0.45,3,0.0,Free Flow / Moderate
2024-07-13 08:00:00,RD_SVR_01,Swami Vivekanand (SV) Road (Bandra Lucky Jn to Khar),H/W,18.4,35.0,0.47,4,0.0,Free Flow / Moderate
2024-07-13 08:00:00,RD_SVR_02,SV Road (Santacruz Milan Subway Approach),H/W,20.1,35.0,0.43,2,0.0,Free Flow / Moderate
2024-07-13 08:00:00,RD_SVR_03,SV Road (Vile Parle to Andheri Station West),K/W,17.8,35.0,0.49,5,0.0,Congested
2024-07-13 08:00:00,RD_SVR_04,SV Road (Andheri Subway Section to Jogeshwari),K/W,17.3,35.0,0.51,5,0.0,Congested
2024-07-13 08:00:00,RD_SVR_05,SV Road (Goregaon to Malad Subway Jn),P/N,19.4,35.0,0.45,5,0.0,Free Flow / Moderate
2024-07-13 08:00:00,RD_SVR_06,SV Road (Kandivali to Borivali Station West),R/C,17.6,35.0,0.5,7,0.0,Congested
2024-07-13 08:00:00,RD_LNK_01,New Link Road (Bandra West to Khar Danda),H/W,20.6,35.0,0.41,3,0.0,Free Flow / Moderate
2024-07-13 08:00:00,RD_LNK_02,New Link Road (Juhu Circle to Andheri Infinity Mall),K/W,18.1,35.0,0.48,6,0.0,Free Flow / Moderate
2024-07-13 08:00:00,RD_LNK_03,New Link Road (Oshiwara to Goregaon West / Bangur Nagar),P/S,19.1,35.0,0.45,5,0.0,Free Flow / Moderate
2024-07-13 08:00:00,RD_LNK_04,New Link Road (Malad Inorbit to Mith Chowki),P/N,18.8,35.0,0.46,4,0.0,Free Flow / Moderate
2024-07-13 08:00:00,RD_LNK_05,New Link Road (Kandivali to Dahisar Link Road Extension),R/N,20.8,35.0,0.41,6,0.0,Free Flow / Moderate
2024-07-13 08:00:00,RD_EEH_01,Eastern Express Highway (Sion Circle to Priyadarshini Park),F/N,28.4,55.0,0.48,3,0.0,Free Flow / Moderate
2024-07-13 08:00:00,RD_EEH_02,Eastern Express Highway (Kurla Amar Mahal to Ghatkopar),L,29.2,55.0,0.47,4,0.0,Free Flow / Moderate
2024-07-13 08:00:00,RD_EEH_03,Eastern Express Highway (Ghatkopar to Vikhroli / Godrej),N,29.0,55.0,0.47,4,0.0,Free Flow / Moderate
2024-07-13 08:00:00,RD_EEH_04,Eastern Express Highway (Vikhroli to Bhandup / Mulund Toll),T,29.8,55.0,0.46,6,0.0,Free Flow / Moderate
2024-07-13 08:00:00,RD_LBS_01,Lal Bahadur Shastri (LBS) Marg (Sion to Kurla Kamani),L,18.4,35.0,0.47,6,0.0,Free Flow / Moderate
2024-07-13 08:00:00,RD_LBS_02,LBS Marg (Kurla to Ghatkopar Gandhi Nagar),N,18.8,35.0,0.46,6,0.0,Free Flow / Moderate
2024-07-13 08:00:00,RD_LBS_03,LBS Marg (Ghatkopar to Vikhroli / Kanjurmarg),S,18.9,35.0,0.46,6,0.0,Free Flow / Moderate
2024-07-13 08:00:00,RD_LBS_04,LBS Marg (Bhandup to Mulund Check Naka),T,19.5,35.0,0.44,6,0.0,Free Flow / Moderate
2024-07-13 08:00:00,RD_JVL_01,Jogeshwari-Vikhroli Link Road (JVLR - WEH to Powai),K/E,21.2,35.0,0.39,6,0.0,Free Flow / Moderate
2024-07-13 09:00:00,RD_WEH_01,Western Express Highway (Bandra to Santacruz),H/E,28.3,55.0,0.49,4,0.0,Free Flow / Moderate
2024-07-13 09:00:00,RD_WEH_02,Western Express Highway (Santacruz to Andheri Flyover),K/E,30.5,55.0,0.45,4,0.0,Free Flow / Moderate
2024-07-13 09:00:00,RD_WEH_03,Western Express Highway (Andheri to Goregaon Hub),P/S,29.7,55.0,0.46,4,0.0,Free Flow / Moderate
2024-07-13 09:00:00,RD_WEH_04,Western Express Highway (Goregaon to Borivali National Park),R/C,31.3,55.0,0.43,5,0.0,Free Flow / Moderate
2024-07-13 09:00:00,RD_WEH_05,Western Express Highway (Borivali to Dahisar Toll Naka),R/N,29.6,55.0,0.46,3,0.0,Free Flow / Moderate
2024-07-13 09:00:00,RD_SVR_01,Swami Vivekanand (SV) Road (Bandra Lucky Jn to Khar),H/W,18.4,35.0,0.47,4,0.0,Free Flow / Moderate
2024-07-13 09:00:00,RD_SVR_02,SV Road (Santacruz Milan Subway Approach),H/W,17.4,35.0,0.5,3,0.0,Congested
2024-07-13 09:00:00,RD_SVR_03,SV Road (Vile Parle to Andheri Station West),K/W,17.7,35.0,0.49,5,0.0,Congested
2024-07-13 09:00:00,RD_SVR_04,SV Road (Andheri Subway Section to Jogeshwari),K/W,19.4,35.0,0.45,4,0.0,Free Flow / Moderate
2024-07-13 09:00:00,RD_SVR_05,SV Road (Goregaon to Malad Subway Jn),P/N,20.2,35.0,0.42,5,0.0,Free Flow / Moderate
2024-07-13 09:00:00,RD_SVR_06,SV Road (Kandivali to Borivali Station West),R/C,18.8,35.0,0.46,6,0.0,Free Flow / Moderate
2024-07-13 09:00:00,RD_LNK_01,New Link Road (Bandra West to Khar Danda),H/W,17.9,35.0,0.49,4,0.0,Congested
2024-07-13 09:00:00,RD_LNK_02,New Link Road (Juhu Circle to Andheri Infinity Mall),K/W,20.9,35.0,0.4,4,0.0,Free Flow / Moderate
2024-07-13 09:00:00,RD_LNK_03,New Link Road (Oshiwara to Goregaon West / Bangur Nagar),P/S,18.0,35.0,0.49,5,0.0,Free Flow / Moderate
2024-07-13 09:00:00,RD_LNK_04,New Link Road (Malad Inorbit to Mith Chowki),P/N,17.3,35.0,0.51,5,0.0,Congested
2024-07-13 09:00:00,RD_LNK_05,New Link Road (Kandivali to Dahisar Link Road Extension),R/N,17.5,35.0,0.5,9,0.0,Congested
2024-07-13 09:00:00,RD_EEH_01,Eastern Express Highway (Sion Circle to Priyadarshini Park),F/N,30.2,55.0,0.45,3,0.0,Free Flow / Moderate
2024-07-13 09:00:00,RD_EEH_02,Eastern Express Highway (Kurla Amar Mahal to Ghatkopar),L,32.1,55.0,0.42,3,0.0,Free Flow / Moderate
2024-07-13 09:00:00,RD_EEH_03,Eastern Express Highway (Ghatkopar to Vikhroli / Godrej),N,30.9,55.0,0.44,3,0.0,Free Flow / Moderate
2024-07-13 09:00:00,RD_EEH_04,Eastern Express Highway (Vikhroli to Bhandup / Mulund Toll),T,28.6,55.0,0.48,6,0.0,Free Flow / Moderate
2024-07-13 09:00:00,RD_LBS_01,Lal Bahadur Shastri (LBS) Marg (Sion to Kurla Kamani),L,17.4,35.0,0.5,6,0.0,Congested
2024-07-13 09:00:00,RD_LBS_02,LBS Marg (Kurla to Ghatkopar Gandhi Nagar),N,18.4,35.0,0.47,6,0.0,Free Flow / Moderate
2024-07-13 09:00:00,RD_LBS_03,LBS Marg (Ghatkopar to Vikhroli / Kanjurmarg),S,17.3,35.0,0.51,7,0.0,Congested
2024-07-13 09:00:00,RD_LBS_04,LBS Marg (Bhandup to Mulund Check Naka),T,18.0,35.0,0.49,7,0.0,Free Flow / Moderate
2024-07-13 09:00:00,RD_JVL_01,Jogeshwari-Vikhroli Link Road (JVLR - WEH to Powai),K/E,20.9,35.0,0.4,6,0.0,Free Flow / Moderate
2024-07-13 10:00:00,RD_WEH_01,Western Express Highway (Bandra to Santacruz),H/E,31.6,55.0,0.43,3,0.0,Free Flow / Moderate
2024-07-13 10:00:00,RD_WEH_02,Western Express Highway (Santacruz to Andheri Flyover),K/E,30.3,55.0,0.45,4,0.0,Free Flow / Moderate
2024-07-13 10:00:00,RD_WEH_03,Western Express Highway (Andheri to Goregaon Hub),P/S,28.4,55.0,0.48,4,0.0,Free Flow / Moderate
2024-07-13 10:00:00,RD_WEH_04,Western Express Highway (Goregaon to Borivali National Park),R/C,30.7,55.0,0.44,5,0.0,Free Flow / Moderate
2024-07-13 10:00:00,RD_WEH_05,Western Express Highway (Borivali to Dahisar Toll Naka),R/N,32.1,55.0,0.42,3,0.0,Free Flow / Moderate
2024-07-13 10:00:00,RD_SVR_01,Swami Vivekanand (SV) Road (Bandra Lucky Jn to Khar),H/W,17.4,35.0,0.5,5,0.0,Congested
2024-07-13 10:00:00,RD_SVR_02,SV Road (Santacruz Milan Subway Approach),H/W,18.4,35.0,0.47,3,0.0,Free Flow / Moderate
2024-07-13 10:00:00,RD_SVR_03,SV Road (Vile Parle to Andheri Station West),K/W,21.0,35.0,0.4,3,0.0,Free Flow / Moderate
2024-07-13 10:00:00,RD_SVR_04,SV Road (Andheri Subway Section to Jogeshwari),K/W,20.3,35.0,0.42,3,0.0,Free Flow / Moderate
2024-07-13 10:00:00,RD_SVR_05,SV Road (Goregaon to Malad Subway Jn),P/N,18.0,35.0,0.49,6,0.0,Free Flow / Moderate
2024-07-13 10:00:00,RD_SVR_06,SV Road (Kandivali to Borivali Station West),R/C,19.7,35.0,0.44,6,0.0,Free Flow / Moderate
2024-07-13 10:00:00,RD_LNK_01,New Link Road (Bandra West to Khar Danda),H/W,20.3,35.0,0.42,3,0.0,Free Flow / Moderate
2024-07-13 10:00:00,RD_LNK_02,New Link Road (Juhu Circle to Andheri Infinity Mall),K/W,17.3,35.0,0.51,7,0.0,Congested
2024-07-13 10:00:00,RD_LNK_03,New Link Road (Oshiwara to Goregaon West / Bangur Nagar),P/S,18.4,35.0,0.47,5,0.0,Free Flow / Moderate
2024-07-13 10:00:00,RD_LNK_04,New Link Road (Malad Inorbit to Mith Chowki),P/N,17.3,35.0,0.51,5,0.0,Congested
2024-07-13 10:00:00,RD_LNK_05,New Link Road (Kandivali to Dahisar Link Road Extension),R/N,19.0,35.0,0.46,8,0.0,Free Flow / Moderate
2024-07-13 10:00:00,RD_EEH_01,Eastern Express Highway (Sion Circle to Priyadarshini Park),F/N,29.5,55.0,0.46,3,0.0,Free Flow / Moderate
2024-07-13 10:00:00,RD_EEH_02,Eastern Express Highway (Kurla Amar Mahal to Ghatkopar),L,30.3,55.0,0.45,4,0.0,Free Flow / Moderate
2024-07-13 10:00:00,RD_EEH_03,Eastern Express Highway (Ghatkopar to Vikhroli / Godrej),N,31.4,55.0,0.43,3,0.0,Free Flow / Moderate
2024-07-13 10:00:00,RD_EEH_04,Eastern Express Highway (Vikhroli to Bhandup / Mulund Toll),T,30.2,55.0,0.45,6,0.0,Free Flow / Moderate
2024-07-13 10:00:00,RD_LBS_01,Lal Bahadur Shastri (LBS) Marg (Sion to Kurla Kamani),L,17.8,35.0,0.49,6,0.0,Congested
2024-07-13 10:00:00,RD_LBS_02,LBS Marg (Kurla to Ghatkopar Gandhi Nagar),N,20.4,35.0,0.42,5,0.0,Free Flow / Moderate
2024-07-13 10:00:00,RD_LBS_03,LBS Marg (Ghatkopar to Vikhroli / Kanjurmarg),S,19.8,35.0,0.43,5,0.0,Free Flow / Moderate
2024-07-13 10:00:00,RD_LBS_04,LBS Marg (Bhandup to Mulund Check Naka),T,19.5,35.0,0.44,6,0.0,Free Flow / Moderate
2024-07-13 10:00:00,RD_JVL_01,Jogeshwari-Vikhroli Link Road (JVLR - WEH to Powai),K/E,19.4,35.0,0.45,7,0.0,Free Flow / Moderate
2024-07-13 11:00:00,RD_WEH_01,Western Express Highway (Bandra to Santacruz),H/E,29.3,55.0,0.47,4,0.0,Free Flow / Moderate
2024-07-13 11:00:00,RD_WEH_02,Western Express Highway (Santacruz to Andheri Flyover),K/E,28.8,55.0,0.48,5,0.0,Free Flow / Moderate
2024-07-13 11:00:00,RD_WEH_03,Western Express Highway (Andheri to Goregaon Hub),P/S,30.5,55.0,0.45,4,0.0,Free Flow / Moderate
2024-07-13 11:00:00,RD_WEH_04,Western Express Highway (Goregaon to Borivali National Park),R/C,28.7,55.0,0.48,6,0.0,Free Flow / Moderate
2024-07-13 11:00:00,RD_WEH_05,Western Express Highway (Borivali to Dahisar Toll Naka),R/N,28.3,55.0,0.49,4,0.0,Free Flow / Moderate
2024-07-13 11:00:00,RD_SVR_01,Swami Vivekanand (SV) Road (Bandra Lucky Jn to Khar),H/W,18.7,35.0,0.47,4,0.0,Free Flow / Moderate
2024-07-13 11:00:00,RD_SVR_02,SV Road (Santacruz Milan Subway Approach),H/W,17.3,35.0,0.51,3,0.0,Congested
2024-07-13 11:00:00,RD_SVR_03,SV Road (Vile Parle to Andheri Station West),K/W,18.9,35.0,0.46,5,0.0,Free Flow / Moderate
2024-07-13 11:00:00,RD_SVR_04,SV Road (Andheri Subway Section to Jogeshwari),K/W,20.6,35.0,0.41,3,0.0,Free Flow / Moderate
2024-07-13 11:00:00,RD_SVR_05,SV Road (Goregaon to Malad Subway Jn),P/N,17.9,35.0,0.49,6,0.0,Congested
2024-07-13 11:00:00,RD_SVR_06,SV Road (Kandivali to Borivali Station West),R/C,19.6,35.0,0.44,6,0.0,Free Flow / Moderate
2024-07-13 11:00:00,RD_LNK_01,New Link Road (Bandra West to Khar Danda),H/W,20.1,35.0,0.43,3,0.0,Free Flow / Moderate
2024-07-13 11:00:00,RD_LNK_02,New Link Road (Juhu Circle to Andheri Infinity Mall),K/W,20.1,35.0,0.43,5,0.0,Free Flow / Moderate
2024-07-13 11:00:00,RD_LNK_03,New Link Road (Oshiwara to Goregaon West / Bangur Nagar),P/S,17.3,35.0,0.51,6,0.0,Congested
2024-07-13 11:00:00,RD_LNK_04,New Link Road (Malad Inorbit to Mith Chowki),P/N,18.4,35.0,0.47,4,0.0,Free Flow / Moderate
2024-07-13 11:00:00,RD_LNK_05,New Link Road (Kandivali to Dahisar Link Road Extension),R/N,20.5,35.0,0.41,7,0.0,Free Flow / Moderate
2024-07-13 11:00:00,RD_EEH_01,Eastern Express Highway (Sion Circle to Priyadarshini Park),F/N,30.0,55.0,0.45,3,0.0,Free Flow / Moderate
2024-07-13 11:00:00,RD_EEH_02,Eastern Express Highway (Kurla Amar Mahal to Ghatkopar),L,30.5,55.0,0.45,3,0.0,Free Flow / Moderate
2024-07-13 11:00:00,RD_EEH_03,Eastern Express Highway (Ghatkopar to Vikhroli / Godrej),N,29.9,55.0,0.46,3,0.0,Free Flow / Moderate
2024-07-13 11:00:00,RD_EEH_04,Eastern Express Highway (Vikhroli to Bhandup / Mulund Toll),T,29.2,55.0,0.47,6,0.0,Free Flow / Moderate
2024-07-13 11:00:00,RD_LBS_01,Lal Bahadur Shastri (LBS) Marg (Sion to Kurla Kamani),L,18.5,35.0,0.47,5,0.0,Free Flow / Moderate
2024-07-13 11:00:00,RD_LBS_02,LBS Marg (Kurla to Ghatkopar Gandhi Nagar),N,17.9,35.0,0.49,6,0.0,Congested
2024-07-13 11:00:00,RD_LBS_03,LBS Marg (Ghatkopar to Vikhroli / Kanjurmarg),S,21.1,35.0,0.4,5,0.0,Free Flow / Moderate
2024-07-13 11:00:00,RD_LBS_04,LBS Marg (Bhandup to Mulund Check Naka),T,17.7,35.0,0.49,8,0.0,Congested
2024-07-13 11:00:00,RD_JVL_01,Jogeshwari-Vikhroli Link Road (JVLR - WEH to Powai),K/E,17.7,35.0,0.49,9,0.0,Congested
2024-07-13 12:00:00,RD_WEH_01,Western Express Highway (Bandra to Santacruz),H/E,51.1,55.0,0.1,0,0.0,Free Flow / Moderate
2024-07-13 12:00:00,RD_WEH_02,Western Express Highway (Santacruz to Andheri Flyover),K/E,47.8,55.0,0.13,0,0.0,Free Flow / Moderate
2024-07-13 12:00:00,RD_WEH_03,Western Express Highway (Andheri to Goregaon Hub),P/S,48.4,55.0,0.12,0,0.0,Free Flow / Moderate
2024-07-13 12:00:00,RD_WEH_04,Western Express Highway (Goregaon to Borivali National Park),R/C,51.4,55.0,0.1,0,0.0,Free Flow / Moderate
2024-07-13 12:00:00,RD_WEH_05,Western Express Highway (Borivali to Dahisar Toll Naka),R/N,51.2,55.0,0.1,0,0.0,Free Flow / Moderate
2024-07-13 12:00:00,RD_SVR_01,Swami Vivekanand (SV) Road (Bandra Lucky Jn to Khar),H/W,32.1,35.0,0.1,0,0.0,Free Flow / Moderate
2024-07-13 12:00:00,RD_SVR_02,SV Road (Santacruz Milan Subway Approach),H/W,30.2,35.0,0.14,0,0.0,Free Flow / Moderate
2024-07-13 12:00:00,RD_SVR_03,SV Road (Vile Parle to Andheri Station West),K/W,30.9,35.0,0.12,0,0.0,Free Flow / Moderate
2024-07-13 12:00:00,RD_SVR_04,SV Road (Andheri Subway Section to Jogeshwari),K/W,32.6,35.0,0.1,0,0.0,Free Flow / Moderate
2024-07-13 12:00:00,RD_SVR_05,SV Road (Goregaon to Malad Subway Jn),P/N,30.1,35.0,0.14,1,0.0,Free Flow / Moderate
2024-07-13 12:00:00,RD_SVR_06,SV Road (Kandivali to Borivali Station West),R/C,30.2,35.0,0.14,1,0.0,Free Flow / Moderate
2024-07-13 12:00:00,RD_LNK_01,New Link Road (Bandra West to Khar Danda),H/W,33.0,35.0,0.1,0,0.0,Free Flow / Moderate
2024-07-13 12:00:00,RD_LNK_02,New Link Road (Juhu Circle to Andheri Infinity Mall),K/W,30.1,35.0,0.14,1,0.0,Free Flow / Moderate
2024-07-13 12:00:00,RD_LNK_03,New Link Road (Oshiwara to Goregaon West / Bangur Nagar),P/S,31.0,35.0,0.11,0,0.0,Free Flow / Moderate
2024-07-13 12:00:00,RD_LNK_04,New Link Road (Malad Inorbit to Mith Chowki),P/N,29.8,35.0,0.15,0,0.0,Free Flow / Moderate
2024-07-13 12:00:00,RD_LNK_05,New Link Road (Kandivali to Dahisar Link Road Extension),R/N,31.0,35.0,0.11,1,0.0,Free Flow / Moderate
2024-07-13 12:00:00,RD_EEH_01,Eastern Express Highway (Sion Circle to Priyadarshini Park),F/N,49.8,55.0,0.1,0,0.0,Free Flow / Moderate
2024-07-13 12:00:00,RD_EEH_02,Eastern Express Highway (Kurla Amar Mahal to Ghatkopar),L,49.4,55.0,0.1,0,0.0,Free Flow / Moderate
2024-07-13 12:00:00,RD_EEH_03,Eastern Express Highway (Ghatkopar to Vikhroli / Godrej),N,49.9,55.0,0.1,0,0.0,Free Flow / Moderate
2024-07-13 12:00:00,RD_EEH_04,Eastern Express Highway (Vikhroli to Bhandup / Mulund Toll),T,50.8,55.0,0.1,0,0.0,Free Flow / Moderate
2024-07-13 12:00:00,RD_LBS_01,Lal Bahadur Shastri (LBS) Marg (Sion to Kurla Kamani),L,31.3,35.0,0.11,0,0.0,Free Flow / Moderate
2024-07-13 12:00:00,RD_LBS_02,LBS Marg (Kurla to Ghatkopar Gandhi Nagar),N,31.9,35.0,0.1,0,0.0,Free Flow / Moderate
2024-07-13 12:00:00,RD_LBS_03,LBS Marg (Ghatkopar to Vikhroli / Kanjurmarg),S,32.0,35.0,0.1,0,0.0,Free Flow / Moderate
2024-07-13 12:00:00,RD_LBS_04,LBS Marg (Bhandup to Mulund Check Naka),T,31.3,35.0,0.11,0,0.0,Free Flow / Moderate
2024-07-13 12:00:00,RD_JVL_01,Jogeshwari-Vikhroli Link Road (JVLR - WEH to Powai),K/E,32.6,35.0,0.1,0,0.0,Free Flow / Moderate
2024-07-13 13:00:00,RD_WEH_01,Western Express Highway (Bandra to Santacruz),H/E,51.5,55.0,0.1,0,0.0,Free Flow / Moderate
2024-07-13 13:00:00,RD_WEH_02,Western Express Highway (Santacruz to Andheri Flyover),K/E,50.8,55.0,0.1,0,0.0,Free Flow / Moderate
2024-07-13 13:00:00,RD_WEH_03,Western Express Highway (Andheri to Goregaon Hub),P/S,49.2,55.0,0.11,0,0.0,Free Flow / Moderate
2024-07-13 13:00:00,RD_WEH_04,Western Express Highway (Goregaon to Borivali National Park),R/C,49.3,55.0,0.1,0,0.0,Free Flow / Moderate
2024-07-13 13:00:00,RD_WEH_05,Western Express Highway (Borivali to Dahisar Toll Naka),R/N,47.9,55.0,0.13,0,0.0,Free Flow / Moderate
2024-07-13 13:00:00,RD_SVR_01,Swami Vivekanand (SV) Road (Bandra Lucky Jn to Khar),H/W,30.6,35.0,0.13,0,0.0,Free Flow / Moderate
2024-07-13 13:00:00,RD_SVR_02,SV Road (Santacruz Milan Subway Approach),H/W,32.6,35.0,0.1,0,0.0,Free Flow / Moderate
2024-07-13 13:00:00,RD_SVR_03,SV Road (Vile Parle to Andheri Station West),K/W,31.0,35.0,0.11,0,0.0,Free Flow / Moderate
2024-07-13 13:00:00,RD_SVR_04,SV Road (Andheri Subway Section to Jogeshwari),K/W,31.9,35.0,0.1,0,0.0,Free Flow / Moderate
2024-07-13 13:00:00,RD_SVR_05,SV Road (Goregaon to Malad Subway Jn),P/N,33.2,35.0,0.1,0,0.0,Free Flow / Moderate
2024-07-13 13:00:00,RD_SVR_06,SV Road (Kandivali to Borivali Station West),R/C,30.5,35.0,0.13,1,0.0,Free Flow / Moderate
2024-07-13 13:00:00,RD_LNK_01,New Link Road (Bandra West to Khar Danda),H/W,31.2,35.0,0.11,0,0.0,Free Flow / Moderate
2024-07-13 13:00:00,RD_LNK_02,New Link Road (Juhu Circle to Andheri Infinity Mall),K/W,33.1,35.0,0.1,0,0.0,Free Flow / Moderate
2024-07-13 13:00:00,RD_LNK_03,New Link Road (Oshiwara to Goregaon West / Bangur Nagar),P/S,33.5,35.0,0.1,0,0.0,Free Flow / Moderate
2024-07-13 13:00:00,RD_LNK_04,New Link Road (Malad Inorbit to Mith Chowki),P/N,30.4,35.0,0.13,0,0.0,Free Flow / Moderate
2024-07-13 13:00:00,RD_LNK_05,New Link Road (Kandivali to Dahisar Link Road Extension),R/N,32.0,35.0,0.1,0,0.0,Free Flow / Moderate
2024-07-13 13:00:00,RD_EEH_01,Eastern Express Highway (Sion Circle to Priyadarshini Park),F/N,49.1,55.0,0.11,0,0.0,Free Flow / Moderate
2024-07-13 13:00:00,RD_EEH_02,Eastern Express Highway (Kurla Amar Mahal to Ghatkopar),L,49.8,55.0,0.1,0,0.0,Free Flow / Moderate
2024-07-13 13:00:00,RD_EEH_03,Eastern Express Highway (Ghatkopar to Vikhroli / Godrej),N,48.9,55.0,0.11,0,0.0,Free Flow / Moderate
2024-07-13 13:00:00,RD_EEH_04,Eastern Express Highway (Vikhroli to Bhandup / Mulund Toll),T,51.0,55.0,0.1,0,0.0,Free Flow / Moderate
2024-07-13 13:00:00,RD_LBS_01,Lal Bahadur Shastri (LBS) Marg (Sion to Kurla Kamani),L,31.6,35.0,0.1,0,0.0,Free Flow / Moderate
2024-07-13 13:00:00,RD_LBS_02,LBS Marg (Kurla to Ghatkopar Gandhi Nagar),N,32.6,35.0,0.1,0,0.0,Free Flow / Moderate
2024-07-13 13:00:00,RD_LBS_03,LBS Marg (Ghatkopar to Vikhroli / Kanjurmarg),S,33.3,35.0,0.1,0,0.0,Free Flow / Moderate
2024-07-13 13:00:00,RD_LBS_04,LBS Marg (Bhandup to Mulund Check Naka),T,30.7,35.0,0.12,1,0.0,Free Flow / Moderate
2024-07-13 13:00:00,RD_JVL_01,Jogeshwari-Vikhroli Link Road (JVLR - WEH to Powai),K/E,33.4,35.0,0.1,0,0.0,Free Flow / Moderate
2024-07-13 14:00:00,RD_WEH_01,Western Express Highway (Bandra to Santacruz),H/E,49.4,55.0,0.1,0,0.0,Free Flow / Moderate
2024-07-13 14:00:00,RD_WEH_02,Western Express Highway (Santacruz to Andheri Flyover),K/E,50.6,55.0,0.1,0,0.0,Free Flow / Moderate
2024-07-13 14:00:00,RD_WEH_03,Western Express Highway (Andheri to Goregaon Hub),P/S,48.6,55.0,0.12,0,0.0,Free Flow / Moderate
2024-07-13 14:00:00,RD_WEH_04,Western Express Highway (Goregaon to Borivali National Park),R/C,50.2,55.0,0.1,0,0.0,Free Flow / Moderate
2024-07-13 14:00:00,RD_WEH_05,Western Express Highway (Borivali to Dahisar Toll Naka),R/N,50.9,55.0,0.1,0,0.0,Free Flow / Moderate
2024-07-13 14:00:00,RD_SVR_01,Swami Vivekanand (SV) Road (Bandra Lucky Jn to Khar),H/W,30.6,35.0,0.13,0,0.0,Free Flow / Moderate
2024-07-13 14:00:00,RD_SVR_02,SV Road (Santacruz Milan Subway Approach),H/W,30.7,35.0,0.12,0,0.0,Free Flow / Moderate
2024-07-13 14:00:00,RD_SVR_03,SV Road (Vile Parle to Andheri Station West),K/W,33.1,35.0,0.1,0,0.0,Free Flow / Moderate
2024-07-13 14:00:00,RD_SVR_04,SV Road (Andheri Subway Section to Jogeshwari),K/W,31.4,35.0,0.1,0,0.0,Free Flow / Moderate
2024-07-13 14:00:00,RD_SVR_05,SV Road (Goregaon to Malad Subway Jn),P/N,30.8,35.0,0.12,0,0.0,Free Flow / Moderate
2024-07-13 14:00:00,RD_SVR_06,SV Road (Kandivali to Borivali Station West),R/C,31.8,35.0,0.1,0,0.0,Free Flow / Moderate
2024-07-13 14:00:00,RD_LNK_01,New Link Road (Bandra West to Khar Danda),H/W,29.5,35.0,0.16,0,0.0,Free Flow / Moderate
2024-07-13 14:00:00,RD_LNK_02,New Link Road (Juhu Circle to Andheri Infinity Mall),K/W,30.3,35.0,0.13,1,0.0,Free Flow / Moderate
2024-07-13 14:00:00,RD_LNK_03,New Link Road (Oshiwara to Goregaon West / Bangur Nagar),P/S,31.8,35.0,0.1,0,0.0,Free Flow / Moderate
2024-07-13 14:00:00,RD_LNK_04,New Link Road (Malad Inorbit to Mith Chowki),P/N,33.2,35.0,0.1,0,0.0,Free Flow / Moderate
2024-07-13 14:00:00,RD_LNK_05,New Link Road (Kandivali to Dahisar Link Road Extension),R/N,29.8,35.0,0.15,1,0.0,Free Flow / Moderate
2024-07-13 14:00:00,RD_EEH_01,Eastern Express Highway (Sion Circle to Priyadarshini Park),F/N,47.8,55.0,0.13,0,0.0,Free Flow / Moderate
2024-07-13 14:00:00,RD_EEH_02,Eastern Express Highway (Kurla Amar Mahal to Ghatkopar),L,50.2,55.0,0.1,0,0.0,Free Flow / Moderate
2024-07-13 14:00:00,RD_EEH_03,Eastern Express Highway (Ghatkopar to Vikhroli / Godrej),N,48.4,55.0,0.12,0,0.0,Free Flow / Moderate
2024-07-13 14:00:00,RD_EEH_04,Eastern Express Highway (Vikhroli to Bhandup / Mulund Toll),T,51.4,55.0,0.1,0,0.0,Free Flow / Moderate
2024-07-13 14:00:00,RD_LBS_01,Lal Bahadur Shastri (LBS) Marg (Sion to Kurla Kamani),L,31.3,35.0,0.11,0,0.0,Free Flow / Moderate
2024-07-13 14:00:00,RD_LBS_02,LBS Marg (Kurla to Ghatkopar Gandhi Nagar),N,30.5,35.0,0.13,1,0.0,Free Flow / Moderate
2024-07-13 14:00:00,RD_LBS_03,LBS Marg (Ghatkopar to Vikhroli / Kanjurmarg),S,31.5,35.0,0.1,0,0.0,Free Flow / Moderate
2024-07-13 14:00:00,RD_LBS_04,LBS Marg (Bhandup to Mulund Check Naka),T,32.0,35.0,0.1,0,0.0,Free Flow / Moderate
2024-07-13 14:00:00,RD_JVL_01,Jogeshwari-Vikhroli Link Road (JVLR - WEH to Powai),K/E,30.7,35.0,0.12,1,0.0,Free Flow / Moderate
2024-07-13 15:00:00,RD_WEH_01,Western Express Highway (Bandra to Santacruz),H/E,51.2,55.0,0.1,0,0.0,Free Flow / Moderate
2024-07-13 15:00:00,RD_WEH_02,Western Express Highway (Santacruz to Andheri Flyover),K/E,49.9,55.0,0.1,0,0.0,Free Flow / Moderate
2024-07-13 15:00:00,RD_WEH_03,Western Express Highway (Andheri to Goregaon Hub),P/S,51.4,55.0,0.1,0,0.0,Free Flow / Moderate
2024-07-13 15:00:00,RD_WEH_04,Western Express Highway (Goregaon to Borivali National Park),R/C,50.6,55.0,0.1,0,0.0,Free Flow / Moderate
2024-07-13 15:00:00,RD_WEH_05,Western Express Highway (Borivali to Dahisar Toll Naka),R/N,48.9,55.0,0.11,0,0.0,Free Flow / Moderate
2024-07-13 15:00:00,RD_SVR_01,Swami Vivekanand (SV) Road (Bandra Lucky Jn to Khar),H/W,32.5,35.0,0.1,0,0.0,Free Flow / Moderate
2024-07-13 15:00:00,RD_SVR_02,SV Road (Santacruz Milan Subway Approach),H/W,31.5,35.0,0.1,0,0.0,Free Flow / Moderate
2024-07-13 15:00:00,RD_SVR_03,SV Road (Vile Parle to Andheri Station West),K/W,31.8,35.0,0.1,0,0.0,Free Flow / Moderate
2024-07-13 15:00:00,RD_SVR_04,SV Road (Andheri Subway Section to Jogeshwari),K/W,29.6,35.0,0.15,0,0.0,Free Flow / Moderate
2024-07-13 15:00:00,RD_SVR_05,SV Road (Goregaon to Malad Subway Jn),P/N,30.1,35.0,0.14,1,0.0,Free Flow / Moderate
2024-07-13 15:00:00,RD_SVR_06,SV Road (Kandivali to Borivali Station West),R/C,32.9,35.0,0.1,0,0.0,Free Flow / Moderate
2024-07-13 15:00:00,RD_LNK_01,New Link Road (Bandra West to Khar Danda),H/W,30.8,35.0,0.12,0,0.0,Free Flow / Moderate
2024-07-13 15:00:00,RD_LNK_02,New Link Road (Juhu Circle to Andheri Infinity Mall),K/W,33.1,35.0,0.1,0,0.0,Free Flow / Moderate
2024-07-13 15:00:00,RD_LNK_03,New Link Road (Oshiwara to Goregaon West / Bangur Nagar),P/S,30.5,35.0,0.13,0,0.0,Free Flow / Moderate
2024-07-13 15:00:00,RD_LNK_04,New Link Road (Malad Inorbit to Mith Chowki),P/N,32.8,35.0,0.1,0,0.0,Free Flow / Moderate
2024-07-13 15:00:00,RD_LNK_05,New Link Road (Kandivali to Dahisar Link Road Extension),R/N,32.9,35.0,0.1,0,0.0,Free Flow / Moderate
2024-07-13 15:00:00,RD_EEH_01,Eastern Express Highway (Sion Circle to Priyadarshini Park),F/N,49.3,55.0,0.1,0,0.0,Free Flow / Moderate
2024-07-13 15:00:00,RD_EEH_02,Eastern Express Highway (Kurla Amar Mahal to Ghatkopar),L,48.8,55.0,0.11,0,0.0,Free Flow / Moderate
2024-07-13 15:00:00,RD_EEH_03,Eastern Express Highway (Ghatkopar to Vikhroli / Godrej),N,50.3,55.0,0.1,0,0.0,Free Flow / Moderate
2024-07-13 15:00:00,RD_EEH_04,Eastern Express Highway (Vikhroli to Bhandup / Mulund Toll),T,49.2,55.0,0.11,0,0.0,Free Flow / Moderate
2024-07-13 15:00:00,RD_LBS_01,Lal Bahadur Shastri (LBS) Marg (Sion to Kurla Kamani),L,31.0,35.0,0.11,0,0.0,Free Flow / Moderate
2024-07-13 15:00:00,RD_LBS_02,LBS Marg (Kurla to Ghatkopar Gandhi Nagar),N,32.5,35.0,0.1,0,0.0,Free Flow / Moderate
2024-07-13 15:00:00,RD_LBS_03,LBS Marg (Ghatkopar to Vikhroli / Kanjurmarg),S,32.0,35.0,0.1,0,0.0,Free Flow / Moderate
2024-07-13 15:00:00,RD_LBS_04,LBS Marg (Bhandup to Mulund Check Naka),T,32.8,35.0,0.1,0,0.0,Free Flow / Moderate
2024-07-13 15:00:00,RD_JVL_01,Jogeshwari-Vikhroli Link Road (JVLR - WEH to Powai),K/E,30.4,35.0,0.13,1,0.0,Free Flow / Moderate
2024-07-13 16:00:00,RD_WEH_01,Western Express Highway (Bandra to Santacruz),H/E,49.2,55.0,0.11,0,0.0,Free Flow / Moderate
2024-07-13 16:00:00,RD_WEH_02,Western Express Highway (Santacruz to Andheri Flyover),K/E,49.7,55.0,0.1,0,0.0,Free Flow / Moderate
2024-07-13 16:00:00,RD_WEH_03,Western Express Highway (Andheri to Goregaon Hub),P/S,50.3,55.0,0.1,0,0.0,Free Flow / Moderate
2024-07-13 16:00:00,RD_WEH_04,Western Express Highway (Goregaon to Borivali National Park),R/C,50.0,55.0,0.1,0,0.0,Free Flow / Moderate
2024-07-13 16:00:00,RD_WEH_05,Western Express Highway (Borivali to Dahisar Toll Naka),R/N,50.5,55.0,0.1,0,0.0,Free Flow / Moderate
2024-07-13 16:00:00,RD_SVR_01,Swami Vivekanand (SV) Road (Bandra Lucky Jn to Khar),H/W,32.3,35.0,0.1,0,0.0,Free Flow / Moderate
2024-07-13 16:00:00,RD_SVR_02,SV Road (Santacruz Milan Subway Approach),H/W,30.2,35.0,0.14,0,0.0,Free Flow / Moderate
2024-07-13 16:00:00,RD_SVR_03,SV Road (Vile Parle to Andheri Station West),K/W,33.5,35.0,0.1,0,0.0,Free Flow / Moderate
2024-07-13 16:00:00,RD_SVR_04,SV Road (Andheri Subway Section to Jogeshwari),K/W,32.8,35.0,0.1,0,0.0,Free Flow / Moderate
2024-07-13 16:00:00,RD_SVR_05,SV Road (Goregaon to Malad Subway Jn),P/N,31.8,35.0,0.1,0,0.0,Free Flow / Moderate
2024-07-13 16:00:00,RD_SVR_06,SV Road (Kandivali to Borivali Station West),R/C,30.0,35.0,0.14,1,0.0,Free Flow / Moderate
2024-07-13 16:00:00,RD_LNK_01,New Link Road (Bandra West to Khar Danda),H/W,30.0,35.0,0.14,0,0.0,Free Flow / Moderate
2024-07-13 16:00:00,RD_LNK_02,New Link Road (Juhu Circle to Andheri Infinity Mall),K/W,31.7,35.0,0.1,0,0.0,Free Flow / Moderate
2024-07-13 16:00:00,RD_LNK_03,New Link Road (Oshiwara to Goregaon West / Bangur Nagar),P/S,33.2,35.0,0.1,0,0.0,Free Flow / Moderate
2024-07-13 16:00:00,RD_LNK_04,New Link Road (Malad Inorbit to Mith Chowki),P/N,33.3,35.0,0.1,0,0.0,Free Flow / Moderate
2024-07-13 16:00:00,RD_LNK_05,New Link Road (Kandivali to Dahisar Link Road Extension),R/N,30.5,35.0,0.13,1,0.0,Free Flow / Moderate
2024-07-13 16:00:00,RD_EEH_01,Eastern Express Highway (Sion Circle to Priyadarshini Park),F/N,49.6,55.0,0.1,0,0.0,Free Flow / Moderate
2024-07-13 16:00:00,RD_EEH_02,Eastern Express Highway (Kurla Amar Mahal to Ghatkopar),L,50.0,55.0,0.1,0,0.0,Free Flow / Moderate
2024-07-13 16:00:00,RD_EEH_03,Eastern Express Highway (Ghatkopar to Vikhroli / Godrej),N,47.7,55.0,0.13,0,0.0,Free Flow / Moderate
2024-07-13 16:00:00,RD_EEH_04,Eastern Express Highway (Vikhroli to Bhandup / Mulund Toll),T,51.1,55.0,0.1,0,0.0,Free Flow / Moderate
2024-07-13 16:00:00,RD_LBS_01,Lal Bahadur Shastri (LBS) Marg (Sion to Kurla Kamani),L,31.9,35.0,0.1,0,0.0,Free Flow / Moderate
2024-07-13 16:00:00,RD_LBS_02,LBS Marg (Kurla to Ghatkopar Gandhi Nagar),N,29.7,35.0,0.15,1,0.0,Free Flow / Moderate
2024-07-13 16:00:00,RD_LBS_03,LBS Marg (Ghatkopar to Vikhroli / Kanjurmarg),S,30.0,35.0,0.14,1,0.0,Free Flow / Moderate
2024-07-13 16:00:00,RD_LBS_04,LBS Marg (Bhandup to Mulund Check Naka),T,30.2,35.0,0.14,1,0.0,Free Flow / Moderate
2024-07-13 16:00:00,RD_JVL_01,Jogeshwari-Vikhroli Link Road (JVLR - WEH to Powai),K/E,32.8,35.0,0.1,0,0.0,Free Flow / Moderate
2024-07-13 17:00:00,RD_WEH_01,Western Express Highway (Bandra to Santacruz),H/E,31.0,55.0,0.44,3,0.0,Free Flow / Moderate
2024-07-13 17:00:00,RD_WEH_02,Western Express Highway (Santacruz to Andheri Flyover),K/E,29.2,55.0,0.47,5,0.0,Free Flow / Moderate
2024-07-13 17:00:00,RD_WEH_03,Western Express Highway (Andheri to Goregaon Hub),P/S,30.3,55.0,0.45,4,0.0,Free Flow / Moderate
2024-07-13 17:00:00,RD_WEH_04,Western Express Highway (Goregaon to Borivali National Park),R/C,31.3,55.0,0.43,5,0.0,Free Flow / Moderate
2024-07-13 17:00:00,RD_WEH_05,Western Express Highway (Borivali to Dahisar Toll Naka),R/N,29.0,55.0,0.47,3,0.0,Free Flow / Moderate
2024-07-13 17:00:00,RD_SVR_01,Swami Vivekanand (SV) Road (Bandra Lucky Jn to Khar),H/W,19.9,35.0,0.43,4,0.0,Free Flow / Moderate
2024-07-13 17:00:00,RD_SVR_02,SV Road (Santacruz Milan Subway Approach),H/W,19.6,35.0,0.44,2,0.0,Free Flow / Moderate
2024-07-13 17:00:00,RD_SVR_03,SV Road (Vile Parle to Andheri Station West),K/W,20.2,35.0,0.42,4,0.0,Free Flow / Moderate
2024-07-13 17:00:00,RD_SVR_04,SV Road (Andheri Subway Section to Jogeshwari),K/W,20.3,35.0,0.42,3,0.0,Free Flow / Moderate
2024-07-13 17:00:00,RD_SVR_05,SV Road (Goregaon to Malad Subway Jn),P/N,19.0,35.0,0.46,6,0.0,Free Flow / Moderate
2024-07-13 17:00:00,RD_SVR_06,SV Road (Kandivali to Borivali Station West),R/C,17.7,35.0,0.49,7,0.0,Congested
2024-07-13 17:00:00,RD_LNK_01,New Link Road (Bandra West to Khar Danda),H/W,17.5,35.0,0.5,4,0.0,Congested
2024-07-13 17:00:00,RD_LNK_02,New Link Road (Juhu Circle to Andheri Infinity Mall),K/W,20.9,35.0,0.4,4,0.0,Free Flow / Moderate
2024-07-13 17:00:00,RD_LNK_03,New Link Road (Oshiwara to Goregaon West / Bangur Nagar),P/S,18.7,35.0,0.47,5,0.0,Free Flow / Moderate
2024-07-13 17:00:00,RD_LNK_04,New Link Road (Malad Inorbit to Mith Chowki),P/N,18.0,35.0,0.49,5,0.0,Free Flow / Moderate
2024-07-13 17:00:00,RD_LNK_05,New Link Road (Kandivali to Dahisar Link Road Extension),R/N,19.7,35.0,0.44,7,0.0,Free Flow / Moderate
2024-07-13 17:00:00,RD_EEH_01,Eastern Express Highway (Sion Circle to Priyadarshini Park),F/N,29.5,55.0,0.46,3,0.0,Free Flow / Moderate
2024-07-13 17:00:00,RD_EEH_02,Eastern Express Highway (Kurla Amar Mahal to Ghatkopar),L,30.1,55.0,0.45,4,0.0,Free Flow / Moderate
2024-07-13 17:00:00,RD_EEH_03,Eastern Express Highway (Ghatkopar to Vikhroli / Godrej),N,30.5,55.0,0.45,3,0.0,Free Flow / Moderate
2024-07-13 17:00:00,RD_EEH_04,Eastern Express Highway (Vikhroli to Bhandup / Mulund Toll),T,31.9,55.0,0.42,5,0.0,Free Flow / Moderate
2024-07-13 17:00:00,RD_LBS_01,Lal Bahadur Shastri (LBS) Marg (Sion to Kurla Kamani),L,17.8,35.0,0.49,6,0.0,Congested
2024-07-13 17:00:00,RD_LBS_02,LBS Marg (Kurla to Ghatkopar Gandhi Nagar),N,17.9,35.0,0.49,6,0.0,Congested
2024-07-13 17:00:00,RD_LBS_03,LBS Marg (Ghatkopar to Vikhroli / Kanjurmarg),S,17.8,35.0,0.49,7,0.0,Congested
2024-07-13 17:00:00,RD_LBS_04,LBS Marg (Bhandup to Mulund Check Naka),T,20.8,35.0,0.41,5,0.0,Free Flow / Moderate
2024-07-13 17:00:00,RD_JVL_01,Jogeshwari-Vikhroli Link Road (JVLR - WEH to Powai),K/E,20.2,35.0,0.42,6,0.0,Free Flow / Moderate
2024-07-13 18:00:00,RD_WEH_01,Western Express Highway (Bandra to Santacruz),H/E,31.7,55.0,0.42,3,0.0,Free Flow / Moderate
2024-07-13 18:00:00,RD_WEH_02,Western Express Highway (Santacruz to Andheri Flyover),K/E,31.8,55.0,0.42,4,0.0,Free Flow / Moderate
2024-07-13 18:00:00,RD_WEH_03,Western Express Highway (Andheri to Goregaon Hub),P/S,32.0,55.0,0.42,3,0.0,Free Flow / Moderate
2024-07-13 18:00:00,RD_WEH_04,Western Express Highway (Goregaon to Borivali National Park),R/C,29.4,55.0,0.47,6,0.0,Free Flow / Moderate
2024-07-13 18:00:00,RD_WEH_05,Western Express Highway (Borivali to Dahisar Toll Naka),R/N,29.1,55.0,0.47,3,0.0,Free Flow / Moderate
2024-07-13 18:00:00,RD_SVR_01,Swami Vivekanand (SV) Road (Bandra Lucky Jn to Khar),H/W,18.3,35.0,0.48,5,0.0,Free Flow / Moderate
2024-07-13 18:00:00,RD_SVR_02,SV Road (Santacruz Milan Subway Approach),H/W,18.0,35.0,0.49,3,0.0,Free Flow / Moderate
2024-07-13 18:00:00,RD_SVR_03,SV Road (Vile Parle to Andheri Station West),K/W,18.1,35.0,0.48,5,0.0,Free Flow / Moderate
2024-07-13 18:00:00,RD_SVR_04,SV Road (Andheri Subway Section to Jogeshwari),K/W,20.5,35.0,0.41,3,0.0,Free Flow / Moderate
2024-07-13 18:00:00,RD_SVR_05,SV Road (Goregaon to Malad Subway Jn),P/N,18.7,35.0,0.47,6,0.0,Free Flow / Moderate
2024-07-13 18:00:00,RD_SVR_06,SV Road (Kandivali to Borivali Station West),R/C,20.1,35.0,0.43,5,0.0,Free Flow / Moderate
2024-07-13 18:00:00,RD_LNK_01,New Link Road (Bandra West to Khar Danda),H/W,20.9,35.0,0.4,3,0.0,Free Flow / Moderate
2024-07-13 18:00:00,RD_LNK_02,New Link Road (Juhu Circle to Andheri Infinity Mall),K/W,18.1,35.0,0.48,6,0.0,Free Flow / Moderate
2024-07-13 18:00:00,RD_LNK_03,New Link Road (Oshiwara to Goregaon West / Bangur Nagar),P/S,19.6,35.0,0.44,4,0.0,Free Flow / Moderate
2024-07-13 18:00:00,RD_LNK_04,New Link Road (Malad Inorbit to Mith Chowki),P/N,17.4,35.0,0.5,5,0.0,Congested
2024-07-13 18:00:00,RD_LNK_05,New Link Road (Kandivali to Dahisar Link Road Extension),R/N,20.9,35.0,0.4,6,0.0,Free Flow / Moderate
2024-07-13 18:00:00,RD_EEH_01,Eastern Express Highway (Sion Circle to Priyadarshini Park),F/N,28.6,55.0,0.48,3,0.0,Free Flow / Moderate
2024-07-13 18:00:00,RD_EEH_02,Eastern Express Highway (Kurla Amar Mahal to Ghatkopar),L,29.9,55.0,0.46,4,0.0,Free Flow / Moderate
2024-07-13 18:00:00,RD_EEH_03,Eastern Express Highway (Ghatkopar to Vikhroli / Godrej),N,31.7,55.0,0.42,3,0.0,Free Flow / Moderate
2024-07-13 18:00:00,RD_EEH_04,Eastern Express Highway (Vikhroli to Bhandup / Mulund Toll),T,31.6,55.0,0.43,5,0.0,Free Flow / Moderate
2024-07-13 18:00:00,RD_LBS_01,Lal Bahadur Shastri (LBS) Marg (Sion to Kurla Kamani),L,20.6,35.0,0.41,4,0.0,Free Flow / Moderate
2024-07-13 18:00:00,RD_LBS_02,LBS Marg (Kurla to Ghatkopar Gandhi Nagar),N,18.1,35.0,0.48,6,0.0,Free Flow / Moderate
2024-07-13 18:00:00,RD_LBS_03,LBS Marg (Ghatkopar to Vikhroli / Kanjurmarg),S,18.6,35.0,0.47,6,0.0,Free Flow / Moderate
2024-07-13 18:00:00,RD_LBS_04,LBS Marg (Bhandup to Mulund Check Naka),T,19.6,35.0,0.44,6,0.0,Free Flow / Moderate
2024-07-13 18:00:00,RD_JVL_01,Jogeshwari-Vikhroli Link Road (JVLR - WEH to Powai),K/E,18.8,35.0,0.46,7,0.0,Free Flow / Moderate
2024-07-13 19:00:00,RD_WEH_01,Western Express Highway (Bandra to Santacruz),H/E,32.1,55.0,0.42,3,0.0,Free Flow / Moderate
2024-07-13 19:00:00,RD_WEH_02,Western Express Highway (Santacruz to Andheri Flyover),K/E,28.6,55.0,0.48,5,0.0,Free Flow / Moderate
2024-07-13 19:00:00,RD_WEH_03,Western Express Highway (Andheri to Goregaon Hub),P/S,28.4,55.0,0.48,4,0.0,Free Flow / Moderate
2024-07-13 19:00:00,RD_WEH_04,Western Express Highway (Goregaon to Borivali National Park),R/C,29.0,55.0,0.47,6,0.0,Free Flow / Moderate
2024-07-13 19:00:00,RD_WEH_05,Western Express Highway (Borivali to Dahisar Toll Naka),R/N,31.7,55.0,0.42,3,0.0,Free Flow / Moderate
2024-07-13 19:00:00,RD_SVR_01,Swami Vivekanand (SV) Road (Bandra Lucky Jn to Khar),H/W,20.9,35.0,0.4,3,0.0,Free Flow / Moderate
2024-07-13 19:00:00,RD_SVR_02,SV Road (Santacruz Milan Subway Approach),H/W,18.7,35.0,0.47,3,0.0,Free Flow / Moderate
2024-07-13 19:00:00,RD_SVR_03,SV Road (Vile Parle to Andheri Station West),K/W,20.5,35.0,0.41,4,0.0,Free Flow / Moderate
2024-07-13 19:00:00,RD_SVR_04,SV Road (Andheri Subway Section to Jogeshwari),K/W,18.4,35.0,0.47,4,0.0,Free Flow / Moderate
2024-07-13 19:00:00,RD_SVR_05,SV Road (Goregaon to Malad Subway Jn),P/N,20.1,35.0,0.43,5,0.0,Free Flow / Moderate
2024-07-13 19:00:00,RD_SVR_06,SV Road (Kandivali to Borivali Station West),R/C,17.5,35.0,0.5,7,0.0,Congested
2024-07-13 19:00:00,RD_LNK_01,New Link Road (Bandra West to Khar Danda),H/W,18.6,35.0,0.47,4,0.0,Free Flow / Moderate
2024-07-13 19:00:00,RD_LNK_02,New Link Road (Juhu Circle to Andheri Infinity Mall),K/W,21.1,35.0,0.4,4,0.0,Free Flow / Moderate
2024-07-13 19:00:00,RD_LNK_03,New Link Road (Oshiwara to Goregaon West / Bangur Nagar),P/S,21.0,35.0,0.4,4,0.0,Free Flow / Moderate
2024-07-13 19:00:00,RD_LNK_04,New Link Road (Malad Inorbit to Mith Chowki),P/N,20.8,35.0,0.41,3,0.0,Free Flow / Moderate
2024-07-13 19:00:00,RD_LNK_05,New Link Road (Kandivali to Dahisar Link Road Extension),R/N,17.5,35.0,0.5,9,0.0,Congested
2024-07-13 19:00:00,RD_EEH_01,Eastern Express Highway (Sion Circle to Priyadarshini Park),F/N,28.8,55.0,0.48,3,0.0,Free Flow / Moderate
2024-07-13 19:00:00,RD_EEH_02,Eastern Express Highway (Kurla Amar Mahal to Ghatkopar),L,29.0,55.0,0.47,4,0.0,Free Flow / Moderate
2024-07-13 19:00:00,RD_EEH_03,Eastern Express Highway (Ghatkopar to Vikhroli / Godrej),N,30.5,55.0,0.45,3,0.0,Free Flow / Moderate
2024-07-13 19:00:00,RD_EEH_04,Eastern Express Highway (Vikhroli to Bhandup / Mulund Toll),T,31.6,55.0,0.43,5,0.0,Free Flow / Moderate
2024-07-13 19:00:00,RD_LBS_01,Lal Bahadur Shastri (LBS) Marg (Sion to Kurla Kamani),L,17.5,35.0,0.5,6,0.0,Congested
2024-07-13 19:00:00,RD_LBS_02,LBS Marg (Kurla to Ghatkopar Gandhi Nagar),N,18.8,35.0,0.46,6,0.0,Free Flow / Moderate
2024-07-13 19:00:00,RD_LBS_03,LBS Marg (Ghatkopar to Vikhroli / Kanjurmarg),S,20.0,35.0,0.43,5,0.0,Free Flow / Moderate
2024-07-13 19:00:00,RD_LBS_04,LBS Marg (Bhandup to Mulund Check Naka),T,17.4,35.0,0.5,8,0.0,Congested
2024-07-13 19:00:00,RD_JVL_01,Jogeshwari-Vikhroli Link Road (JVLR - WEH to Powai),K/E,19.2,35.0,0.45,7,0.0,Free Flow / Moderate
2024-07-13 20:00:00,RD_WEH_01,Western Express Highway (Bandra to Santacruz),H/E,30.3,55.0,0.45,4,0.0,Free Flow / Moderate
2024-07-13 20:00:00,RD_WEH_02,Western Express Highway (Santacruz to Andheri Flyover),K/E,29.1,55.0,0.47,5,0.0,Free Flow / Moderate
2024-07-13 20:00:00,RD_WEH_03,Western Express Highway (Andheri to Goregaon Hub),P/S,30.8,55.0,0.44,4,0.0,Free Flow / Moderate
2024-07-13 20:00:00,RD_WEH_04,Western Express Highway (Goregaon to Borivali National Park),R/C,31.7,55.0,0.42,5,0.0,Free Flow / Moderate
2024-07-13 20:00:00,RD_WEH_05,Western Express Highway (Borivali to Dahisar Toll Naka),R/N,30.4,55.0,0.45,3,0.0,Free Flow / Moderate
2024-07-13 20:00:00,RD_SVR_01,Swami Vivekanand (SV) Road (Bandra Lucky Jn to Khar),H/W,18.3,35.0,0.48,5,0.0,Free Flow / Moderate
2024-07-13 20:00:00,RD_SVR_02,SV Road (Santacruz Milan Subway Approach),H/W,17.4,35.0,0.5,3,0.0,Congested
2024-07-13 20:00:00,RD_SVR_03,SV Road (Vile Parle to Andheri Station West),K/W,17.3,35.0,0.51,6,0.0,Congested
2024-07-13 20:00:00,RD_SVR_04,SV Road (Andheri Subway Section to Jogeshwari),K/W,20.7,35.0,0.41,3,0.0,Free Flow / Moderate
2024-07-13 20:00:00,RD_SVR_05,SV Road (Goregaon to Malad Subway Jn),P/N,17.8,35.0,0.49,6,0.0,Congested
2024-07-13 20:00:00,RD_SVR_06,SV Road (Kandivali to Borivali Station West),R/C,17.6,35.0,0.5,7,0.0,Congested
2024-07-13 20:00:00,RD_LNK_01,New Link Road (Bandra West to Khar Danda),H/W,20.7,35.0,0.41,3,0.0,Free Flow / Moderate
2024-07-13 20:00:00,RD_LNK_02,New Link Road (Juhu Circle to Andheri Infinity Mall),K/W,20.6,35.0,0.41,4,0.0,Free Flow / Moderate
2024-07-13 20:00:00,RD_LNK_03,New Link Road (Oshiwara to Goregaon West / Bangur Nagar),P/S,21.0,35.0,0.4,4,0.0,Free Flow / Moderate
2024-07-13 20:00:00,RD_LNK_04,New Link Road (Malad Inorbit to Mith Chowki),P/N,17.5,35.0,0.5,5,0.0,Congested
2024-07-13 20:00:00,RD_LNK_05,New Link Road (Kandivali to Dahisar Link Road Extension),R/N,17.8,35.0,0.49,9,0.0,Congested
2024-07-13 20:00:00,RD_EEH_01,Eastern Express Highway (Sion Circle to Priyadarshini Park),F/N,30.9,55.0,0.44,3,0.0,Free Flow / Moderate
2024-07-13 20:00:00,RD_EEH_02,Eastern Express Highway (Kurla Amar Mahal to Ghatkopar),L,31.0,55.0,0.44,3,0.0,Free Flow / Moderate
2024-07-13 20:00:00,RD_EEH_03,Eastern Express Highway (Ghatkopar to Vikhroli / Godrej),N,31.3,55.0,0.43,3,0.0,Free Flow / Moderate
2024-07-13 20:00:00,RD_EEH_04,Eastern Express Highway (Vikhroli to Bhandup / Mulund Toll),T,31.2,55.0,0.43,5,0.0,Free Flow / Moderate
2024-07-13 20:00:00,RD_LBS_01,Lal Bahadur Shastri (LBS) Marg (Sion to Kurla Kamani),L,19.7,35.0,0.44,5,0.0,Free Flow / Moderate
2024-07-13 20:00:00,RD_LBS_02,LBS Marg (Kurla to Ghatkopar Gandhi Nagar),N,18.5,35.0,0.47,6,0.0,Free Flow / Moderate
2024-07-13 20:00:00,RD_LBS_03,LBS Marg (Ghatkopar to Vikhroli / Kanjurmarg),S,20.3,35.0,0.42,5,0.0,Free Flow / Moderate
2024-07-13 20:00:00,RD_LBS_04,LBS Marg (Bhandup to Mulund Check Naka),T,18.0,35.0,0.49,7,0.0,Free Flow / Moderate
2024-07-13 20:00:00,RD_JVL_01,Jogeshwari-Vikhroli Link Road (JVLR - WEH to Powai),K/E,17.5,35.0,0.5,9,0.0,Congested
2024-07-13 21:00:00,RD_WEH_01,Western Express Highway (Bandra to Santacruz),H/E,30.6,55.0,0.44,3,0.0,Free Flow / Moderate
2024-07-13 21:00:00,RD_WEH_02,Western Express Highway (Santacruz to Andheri Flyover),K/E,31.8,55.0,0.42,4,0.0,Free Flow / Moderate
2024-07-13 21:00:00,RD_WEH_03,Western Express Highway (Andheri to Goregaon Hub),P/S,31.4,55.0,0.43,3,0.0,Free Flow / Moderate
2024-07-13 21:00:00,RD_WEH_04,Western Express Highway (Goregaon to Borivali National Park),R/C,30.9,55.0,0.44,5,0.0,Free Flow / Moderate
2024-07-13 21:00:00,RD_WEH_05,Western Express Highway (Borivali to Dahisar Toll Naka),R/N,30.8,55.0,0.44,3,0.0,Free Flow / Moderate
2024-07-13 21:00:00,RD_SVR_01,Swami Vivekanand (SV) Road (Bandra Lucky Jn to Khar),H/W,19.0,35.0,0.46,4,0.0,Free Flow / Moderate
2024-07-13 21:00:00,RD_SVR_02,SV Road (Santacruz Milan Subway Approach),H/W,20.8,35.0,0.41,2,0.0,Free Flow / Moderate
2024-07-13 21:00:00,RD_SVR_03,SV Road (Vile Parle to Andheri Station West),K/W,17.4,35.0,0.5,6,0.0,Congested
2024-07-13 21:00:00,RD_SVR_04,SV Road (Andheri Subway Section to Jogeshwari),K/W,19.2,35.0,0.45,4,0.0,Free Flow / Moderate
2024-07-13 21:00:00,RD_SVR_05,SV Road (Goregaon to Malad Subway Jn),P/N,18.5,35.0,0.47,6,0.0,Free Flow / Moderate
2024-07-13 21:00:00,RD_SVR_06,SV Road (Kandivali to Borivali Station West),R/C,17.5,35.0,0.5,7,0.0,Congested
2024-07-13 21:00:00,RD_LNK_01,New Link Road (Bandra West to Khar Danda),H/W,21.2,35.0,0.39,3,0.0,Free Flow / Moderate
2024-07-13 21:00:00,RD_LNK_02,New Link Road (Juhu Circle to Andheri Infinity Mall),K/W,19.2,35.0,0.45,5,0.0,Free Flow / Moderate
2024-07-13 21:00:00,RD_LNK_03,New Link Road (Oshiwara to Goregaon West / Bangur Nagar),P/S,17.9,35.0,0.49,5,0.0,Congested
2024-07-13 21:00:00,RD_LNK_04,New Link Road (Malad Inorbit to Mith Chowki),P/N,20.3,35.0,0.42,3,0.0,Free Flow / Moderate
2024-07-13 21:00:00,RD_LNK_05,New Link Road (Kandivali to Dahisar Link Road Extension),R/N,21.2,35.0,0.39,6,0.0,Free Flow / Moderate
2024-07-13 21:00:00,RD_EEH_01,Eastern Express Highway (Sion Circle to Priyadarshini Park),F/N,30.0,55.0,0.45,3,0.0,Free Flow / Moderate
2024-07-13 21:00:00,RD_EEH_02,Eastern Express Highway (Kurla Amar Mahal to Ghatkopar),L,30.8,55.0,0.44,3,0.0,Free Flow / Moderate
2024-07-13 21:00:00,RD_EEH_03,Eastern Express Highway (Ghatkopar to Vikhroli / Godrej),N,28.6,55.0,0.48,4,0.0,Free Flow / Moderate
2024-07-13 21:00:00,RD_EEH_04,Eastern Express Highway (Vikhroli to Bhandup / Mulund Toll),T,29.3,55.0,0.47,6,0.0,Free Flow / Moderate
2024-07-13 21:00:00,RD_LBS_01,Lal Bahadur Shastri (LBS) Marg (Sion to Kurla Kamani),L,20.7,35.0,0.41,4,0.0,Free Flow / Moderate
2024-07-13 21:00:00,RD_LBS_02,LBS Marg (Kurla to Ghatkopar Gandhi Nagar),N,19.2,35.0,0.45,5,0.0,Free Flow / Moderate
2024-07-13 21:00:00,RD_LBS_03,LBS Marg (Ghatkopar to Vikhroli / Kanjurmarg),S,17.4,35.0,0.5,7,0.0,Congested
2024-07-13 21:00:00,RD_LBS_04,LBS Marg (Bhandup to Mulund Check Naka),T,18.4,35.0,0.47,7,0.0,Free Flow / Moderate
2024-07-13 21:00:00,RD_JVL_01,Jogeshwari-Vikhroli Link Road (JVLR - WEH to Powai),K/E,20.8,35.0,0.41,6,0.0,Free Flow / Moderate
2024-07-13 22:00:00,RD_WEH_01,Western Express Highway (Bandra to Santacruz),H/E,51.3,55.0,0.1,0,0.0,Free Flow / Moderate
2024-07-13 22:00:00,RD_WEH_02,Western Express Highway (Santacruz to Andheri Flyover),K/E,48.9,55.0,0.11,0,0.0,Free Flow / Moderate
2024-07-13 22:00:00,RD_WEH_03,Western Express Highway (Andheri to Goregaon Hub),P/S,48.9,55.0,0.11,0,0.0,Free Flow / Moderate
2024-07-13 22:00:00,RD_WEH_04,Western Express Highway (Goregaon to Borivali National Park),R/C,50.1,55.0,0.1,0,0.0,Free Flow / Moderate
2024-07-13 22:00:00,RD_WEH_05,Western Express Highway (Borivali to Dahisar Toll Naka),R/N,51.1,55.0,0.1,0,0.0,Free Flow / Moderate
2024-07-13 22:00:00,RD_SVR_01,Swami Vivekanand (SV) Road (Bandra Lucky Jn to Khar),H/W,32.4,35.0,0.1,0,0.0,Free Flow / Moderate
2024-07-13 22:00:00,RD_SVR_02,SV Road (Santacruz Milan Subway Approach),H/W,32.9,35.0,0.1,0,0.0,Free Flow / Moderate
2024-07-13 22:00:00,RD_SVR_03,SV Road (Vile Parle to Andheri Station West),K/W,33.1,35.0,0.1,0,0.0,Free Flow / Moderate
2024-07-13 22:00:00,RD_SVR_04,SV Road (Andheri Subway Section to Jogeshwari),K/W,29.6,35.0,0.15,0,0.0,Free Flow / Moderate
2024-07-13 22:00:00,RD_SVR_05,SV Road (Goregaon to Malad Subway Jn),P/N,31.8,35.0,0.1,0,0.0,Free Flow / Moderate
2024-07-13 22:00:00,RD_SVR_06,SV Road (Kandivali to Borivali Station West),R/C,32.5,35.0,0.1,0,0.0,Free Flow / Moderate
2024-07-13 22:00:00,RD_LNK_01,New Link Road (Bandra West to Khar Danda),H/W,30.8,35.0,0.12,0,0.0,Free Flow / Moderate
2024-07-13 22:00:00,RD_LNK_02,New Link Road (Juhu Circle to Andheri Infinity Mall),K/W,30.6,35.0,0.13,1,0.0,Free Flow / Moderate
2024-07-13 22:00:00,RD_LNK_03,New Link Road (Oshiwara to Goregaon West / Bangur Nagar),P/S,32.7,35.0,0.1,0,0.0,Free Flow / Moderate
2024-07-13 22:00:00,RD_LNK_04,New Link Road (Malad Inorbit to Mith Chowki),P/N,31.5,35.0,0.1,0,0.0,Free Flow / Moderate
2024-07-13 22:00:00,RD_LNK_05,New Link Road (Kandivali to Dahisar Link Road Extension),R/N,31.7,35.0,0.1,1,0.0,Free Flow / Moderate
2024-07-13 22:00:00,RD_EEH_01,Eastern Express Highway (Sion Circle to Priyadarshini Park),F/N,49.9,55.0,0.1,0,0.0,Free Flow / Moderate
2024-07-13 22:00:00,RD_EEH_02,Eastern Express Highway (Kurla Amar Mahal to Ghatkopar),L,48.8,55.0,0.11,0,0.0,Free Flow / Moderate
2024-07-13 22:00:00,RD_EEH_03,Eastern Express Highway (Ghatkopar to Vikhroli / Godrej),N,50.9,55.0,0.1,0,0.0,Free Flow / Moderate
2024-07-13 22:00:00,RD_EEH_04,Eastern Express Highway (Vikhroli to Bhandup / Mulund Toll),T,48.8,55.0,0.11,0,0.0,Free Flow / Moderate
2024-07-13 22:00:00,RD_LBS_01,Lal Bahadur Shastri (LBS) Marg (Sion to Kurla Kamani),L,30.3,35.0,0.13,1,0.0,Free Flow / Moderate
2024-07-13 22:00:00,RD_LBS_02,LBS Marg (Kurla to Ghatkopar Gandhi Nagar),N,32.8,35.0,0.1,0,0.0,Free Flow / Moderate
2024-07-13 22:00:00,RD_LBS_03,LBS Marg (Ghatkopar to Vikhroli / Kanjurmarg),S,30.8,35.0,0.12,1,0.0,Free Flow / Moderate
2024-07-13 22:00:00,RD_LBS_04,LBS Marg (Bhandup to Mulund Check Naka),T,32.7,35.0,0.1,0,0.0,Free Flow / Moderate
2024-07-13 22:00:00,RD_JVL_01,Jogeshwari-Vikhroli Link Road (JVLR - WEH to Powai),K/E,29.8,35.0,0.15,1,0.0,Free Flow / Moderate
2024-07-13 23:00:00,RD_WEH_01,Western Express Highway (Bandra to Santacruz),H/E,51.4,55.0,0.1,0,0.0,Free Flow / Moderate
2024-07-13 23:00:00,RD_WEH_02,Western Express Highway (Santacruz to Andheri Flyover),K/E,51.1,55.0,0.1,0,0.0,Free Flow / Moderate
2024-07-13 23:00:00,RD_WEH_03,Western Express Highway (Andheri to Goregaon Hub),P/S,51.0,55.0,0.1,0,0.0,Free Flow / Moderate
2024-07-13 23:00:00,RD_WEH_04,Western Express Highway (Goregaon to Borivali National Park),R/C,50.6,55.0,0.1,0,0.0,Free Flow / Moderate
2024-07-13 23:00:00,RD_WEH_05,Western Express Highway (Borivali to Dahisar Toll Naka),R/N,50.8,55.0,0.1,0,0.0,Free Flow / Moderate
2024-07-13 23:00:00,RD_SVR_01,Swami Vivekanand (SV) Road (Bandra Lucky Jn to Khar),H/W,32.3,35.0,0.1,0,0.0,Free Flow / Moderate
2024-07-13 23:00:00,RD_SVR_02,SV Road (Santacruz Milan Subway Approach),H/W,33.2,35.0,0.1,0,0.0,Free Flow / Moderate
2024-07-13 23:00:00,RD_SVR_03,SV Road (Vile Parle to Andheri Station West),K/W,31.3,35.0,0.11,0,0.0,Free Flow / Moderate
2024-07-13 23:00:00,RD_SVR_04,SV Road (Andheri Subway Section to Jogeshwari),K/W,32.8,35.0,0.1,0,0.0,Free Flow / Moderate
2024-07-13 23:00:00,RD_SVR_05,SV Road (Goregaon to Malad Subway Jn),P/N,30.5,35.0,0.13,1,0.0,Free Flow / Moderate
2024-07-13 23:00:00,RD_SVR_06,SV Road (Kandivali to Borivali Station West),R/C,32.6,35.0,0.1,0,0.0,Free Flow / Moderate
2024-07-13 23:00:00,RD_LNK_01,New Link Road (Bandra West to Khar Danda),H/W,31.5,35.0,0.1,0,0.0,Free Flow / Moderate
2024-07-13 23:00:00,RD_LNK_02,New Link Road (Juhu Circle to Andheri Infinity Mall),K/W,32.1,35.0,0.1,0,0.0,Free Flow / Moderate
2024-07-13 23:00:00,RD_LNK_03,New Link Road (Oshiwara to Goregaon West / Bangur Nagar),P/S,30.7,35.0,0.12,0,0.0,Free Flow / Moderate
2024-07-13 23:00:00,RD_LNK_04,New Link Road (Malad Inorbit to Mith Chowki),P/N,30.4,35.0,0.13,0,0.0,Free Flow / Moderate
2024-07-13 23:00:00,RD_LNK_05,New Link Road (Kandivali to Dahisar Link Road Extension),R/N,33.1,35.0,0.1,0,0.0,Free Flow / Moderate
2024-07-13 23:00:00,RD_EEH_01,Eastern Express Highway (Sion Circle to Priyadarshini Park),F/N,49.6,55.0,0.1,0,0.0,Free Flow / Moderate
2024-07-13 23:00:00,RD_EEH_02,Eastern Express Highway (Kurla Amar Mahal to Ghatkopar),L,50.3,55.0,0.1,0,0.0,Free Flow / Moderate
2024-07-13 23:00:00,RD_EEH_03,Eastern Express Highway (Ghatkopar to Vikhroli / Godrej),N,49.9,55.0,0.1,0,0.0,Free Flow / Moderate
2024-07-13 23:00:00,RD_EEH_04,Eastern Express Highway (Vikhroli to Bhandup / Mulund Toll),T,49.0,55.0,0.11,0,0.0,Free Flow / Moderate
2024-07-13 23:00:00,RD_LBS_01,Lal Bahadur Shastri (LBS) Marg (Sion to Kurla Kamani),L,33.1,35.0,0.1,0,0.0,Free Flow / Moderate
2024-07-13 23:00:00,RD_LBS_02,LBS Marg (Kurla to Ghatkopar Gandhi Nagar),N,31.3,35.0,0.11,0,0.0,Free Flow / Moderate
2024-07-13 23:00:00,RD_LBS_03,LBS Marg (Ghatkopar to Vikhroli / Kanjurmarg),S,33.5,35.0,0.1,0,0.0,Free Flow / Moderate
2024-07-13 23:00:00,RD_LBS_04,LBS Marg (Bhandup to Mulund Check Naka),T,29.7,35.0,0.15,1,0.0,Free Flow / Moderate
2024-07-13 23:00:00,RD_JVL_01,Jogeshwari-Vikhroli Link Road (JVLR - WEH to Powai),K/E,30.7,35.0,0.12,1,0.0,Free Flow / Moderate
2024-07-14 00:00:00,RD_WEH_01,Western Express Highway (Bandra to Santacruz),H/E,49.1,55.0,0.11,0,0.0,Free Flow / Moderate
2024-07-14 00:00:00,RD_WEH_02,Western Express Highway (Santacruz to Andheri Flyover),K/E,49.3,55.0,0.1,0,0.0,Free Flow / Moderate
2024-07-14 00:00:00,RD_WEH_03,Western Express Highway (Andheri to Goregaon Hub),P/S,51.3,55.0,0.1,0,0.0,Free Flow / Moderate
2024-07-14 00:00:00,RD_WEH_04,Western Express Highway (Goregaon to Borivali National Park),R/C,49.3,55.0,0.1,0,0.0,Free Flow / Moderate
2024-07-14 00:00:00,RD_WEH_05,Western Express Highway (Borivali to Dahisar Toll Naka),R/N,48.7,55.0,0.11,0,0.0,Free Flow / Moderate
2024-07-14 00:00:00,RD_SVR_01,Swami Vivekanand (SV) Road (Bandra Lucky Jn to Khar),H/W,29.6,35.0,0.15,1,0.0,Free Flow / Moderate
2024-07-14 00:00:00,RD_SVR_02,SV Road (Santacruz Milan Subway Approach),H/W,30.1,35.0,0.14,0,0.0,Free Flow / Moderate
2024-07-14 00:00:00,RD_SVR_03,SV Road (Vile Parle to Andheri Station West),K/W,33.1,35.0,0.1,0,0.0,Free Flow / Moderate
2024-07-14 00:00:00,RD_SVR_04,SV Road (Andheri Subway Section to Jogeshwari),K/W,32.7,35.0,0.1,0,0.0,Free Flow / Moderate
2024-07-14 00:00:00,RD_SVR_05,SV Road (Goregaon to Malad Subway Jn),P/N,30.5,35.0,0.13,1,0.0,Free Flow / Moderate
2024-07-14 00:00:00,RD_SVR_06,SV Road (Kandivali to Borivali Station West),R/C,31.4,35.0,0.1,0,0.0,Free Flow / Moderate
2024-07-14 00:00:00,RD_LNK_01,New Link Road (Bandra West to Khar Danda),H/W,32.7,35.0,0.1,0,0.0,Free Flow / Moderate
2024-07-14 00:00:00,RD_LNK_02,New Link Road (Juhu Circle to Andheri Infinity Mall),K/W,30.2,35.0,0.14,1,0.0,Free Flow / Moderate
2024-07-14 00:00:00,RD_LNK_03,New Link Road (Oshiwara to Goregaon West / Bangur Nagar),P/S,31.9,35.0,0.1,0,0.0,Free Flow / Moderate
2024-07-14 00:00:00,RD_LNK_04,New Link Road (Malad Inorbit to Mith Chowki),P/N,32.9,35.0,0.1,0,0.0,Free Flow / Moderate
2024-07-14 00:00:00,RD_LNK_05,New Link Road (Kandivali to Dahisar Link Road Extension),R/N,31.0,35.0,0.11,1,0.0,Free Flow / Moderate
2024-07-14 00:00:00,RD_EEH_01,Eastern Express Highway (Sion Circle to Priyadarshini Park),F/N,49.4,55.0,0.1,0,0.0,Free Flow / Moderate
2024-07-14 00:00:00,RD_EEH_02,Eastern Express Highway (Kurla Amar Mahal to Ghatkopar),L,48.3,55.0,0.12,0,0.0,Free Flow / Moderate
2024-07-14 00:00:00,RD_EEH_03,Eastern Express Highway (Ghatkopar to Vikhroli / Godrej),N,47.8,55.0,0.13,0,0.0,Free Flow / Moderate
2024-07-14 00:00:00,RD_EEH_04,Eastern Express Highway (Vikhroli to Bhandup / Mulund Toll),T,47.8,55.0,0.13,1,0.0,Free Flow / Moderate
2024-07-14 00:00:00,RD_LBS_01,Lal Bahadur Shastri (LBS) Marg (Sion to Kurla Kamani),L,31.3,35.0,0.11,0,0.0,Free Flow / Moderate
2024-07-14 00:00:00,RD_LBS_02,LBS Marg (Kurla to Ghatkopar Gandhi Nagar),N,32.8,35.0,0.1,0,0.0,Free Flow / Moderate
2024-07-14 00:00:00,RD_LBS_03,LBS Marg (Ghatkopar to Vikhroli / Kanjurmarg),S,30.1,35.0,0.14,1,0.0,Free Flow / Moderate
2024-07-14 00:00:00,RD_LBS_04,LBS Marg (Bhandup to Mulund Check Naka),T,30.0,35.0,0.14,1,0.0,Free Flow / Moderate
2024-07-14 00:00:00,RD_JVL_01,Jogeshwari-Vikhroli Link Road (JVLR - WEH to Powai),K/E,30.4,35.0,0.13,1,0.0,Free Flow / Moderate
2024-07-14 01:00:00,RD_WEH_01,Western Express Highway (Bandra to Santacruz),H/E,51.5,55.0,0.1,0,0.0,Free Flow / Moderate
2024-07-14 01:00:00,RD_WEH_02,Western Express Highway (Santacruz to Andheri Flyover),K/E,48.8,55.0,0.11,0,0.0,Free Flow / Moderate
2024-07-14 01:00:00,RD_WEH_03,Western Express Highway (Andheri to Goregaon Hub),P/S,48.0,55.0,0.13,0,0.0,Free Flow / Moderate
2024-07-14 01:00:00,RD_WEH_04,Western Express Highway (Goregaon to Borivali National Park),R/C,48.5,55.0,0.12,0,0.0,Free Flow / Moderate
2024-07-14 01:00:00,RD_WEH_05,Western Express Highway (Borivali to Dahisar Toll Naka),R/N,48.8,55.0,0.11,0,0.0,Free Flow / Moderate
2024-07-14 01:00:00,RD_SVR_01,Swami Vivekanand (SV) Road (Bandra Lucky Jn to Khar),H/W,30.7,35.0,0.12,0,0.0,Free Flow / Moderate
2024-07-14 01:00:00,RD_SVR_02,SV Road (Santacruz Milan Subway Approach),H/W,33.0,35.0,0.1,0,0.0,Free Flow / Moderate
2024-07-14 01:00:00,RD_SVR_03,SV Road (Vile Parle to Andheri Station West),K/W,30.0,35.0,0.14,0,0.0,Free Flow / Moderate
2024-07-14 01:00:00,RD_SVR_04,SV Road (Andheri Subway Section to Jogeshwari),K/W,32.6,35.0,0.1,0,0.0,Free Flow / Moderate
2024-07-14 01:00:00,RD_SVR_05,SV Road (Goregaon to Malad Subway Jn),P/N,30.2,35.0,0.14,1,0.0,Free Flow / Moderate
2024-07-14 01:00:00,RD_SVR_06,SV Road (Kandivali to Borivali Station West),R/C,30.2,35.0,0.14,1,0.0,Free Flow / Moderate
2024-07-14 01:00:00,RD_LNK_01,New Link Road (Bandra West to Khar Danda),H/W,30.9,35.0,0.12,0,0.0,Free Flow / Moderate
2024-07-14 01:00:00,RD_LNK_02,New Link Road (Juhu Circle to Andheri Infinity Mall),K/W,31.7,35.0,0.1,0,0.0,Free Flow / Moderate
2024-07-14 01:00:00,RD_LNK_03,New Link Road (Oshiwara to Goregaon West / Bangur Nagar),P/S,30.4,35.0,0.13,0,0.0,Free Flow / Moderate
2024-07-14 01:00:00,RD_LNK_04,New Link Road (Malad Inorbit to Mith Chowki),P/N,30.4,35.0,0.13,0,0.0,Free Flow / Moderate
2024-07-14 01:00:00,RD_LNK_05,New Link Road (Kandivali to Dahisar Link Road Extension),R/N,32.1,35.0,0.1,0,0.0,Free Flow / Moderate
2024-07-14 01:00:00,RD_EEH_01,Eastern Express Highway (Sion Circle to Priyadarshini Park),F/N,50.4,55.0,0.1,0,0.0,Free Flow / Moderate
2024-07-14 01:00:00,RD_EEH_02,Eastern Express Highway (Kurla Amar Mahal to Ghatkopar),L,48.0,55.0,0.13,0,0.0,Free Flow / Moderate
2024-07-14 01:00:00,RD_EEH_03,Eastern Express Highway (Ghatkopar to Vikhroli / Godrej),N,48.4,55.0,0.12,0,0.0,Free Flow / Moderate
2024-07-14 01:00:00,RD_EEH_04,Eastern Express Highway (Vikhroli to Bhandup / Mulund Toll),T,50.3,55.0,0.1,0,0.0,Free Flow / Moderate
2024-07-14 01:00:00,RD_LBS_01,Lal Bahadur Shastri (LBS) Marg (Sion to Kurla Kamani),L,33.1,35.0,0.1,0,0.0,Free Flow / Moderate
2024-07-14 01:00:00,RD_LBS_02,LBS Marg (Kurla to Ghatkopar Gandhi Nagar),N,30.5,35.0,0.13,1,0.0,Free Flow / Moderate
2024-07-14 01:00:00,RD_LBS_03,LBS Marg (Ghatkopar to Vikhroli / Kanjurmarg),S,30.6,35.0,0.13,1,0.0,Free Flow / Moderate
2024-07-14 01:00:00,RD_LBS_04,LBS Marg (Bhandup to Mulund Check Naka),T,29.9,35.0,0.15,1,0.0,Free Flow / Moderate
2024-07-14 01:00:00,RD_JVL_01,Jogeshwari-Vikhroli Link Road (JVLR - WEH to Powai),K/E,33.1,35.0,0.1,0,0.0,Free Flow / Moderate
2024-07-14 02:00:00,RD_WEH_01,Western Express Highway (Bandra to Santacruz),H/E,47.6,55.0,0.13,0,0.0,Free Flow / Moderate
2024-07-14 02:00:00,RD_WEH_02,Western Express Highway (Santacruz to Andheri Flyover),K/E,50.0,55.0,0.1,0,0.0,Free Flow / Moderate
2024-07-14 02:00:00,RD_WEH_03,Western Express Highway (Andheri to Goregaon Hub),P/S,48.3,55.0,0.12,0,0.0,Free Flow / Moderate
2024-07-14 02:00:00,RD_WEH_04,Western Express Highway (Goregaon to Borivali National Park),R/C,50.8,55.0,0.1,0,0.0,Free Flow / Moderate
2024-07-14 02:00:00,RD_WEH_05,Western Express Highway (Borivali to Dahisar Toll Naka),R/N,50.4,55.0,0.1,0,0.0,Free Flow / Moderate
2024-07-14 02:00:00,RD_SVR_01,Swami Vivekanand (SV) Road (Bandra Lucky Jn to Khar),H/W,31.5,35.0,0.1,0,0.0,Free Flow / Moderate
2024-07-14 02:00:00,RD_SVR_02,SV Road (Santacruz Milan Subway Approach),H/W,31.2,35.0,0.11,0,0.0,Free Flow / Moderate
2024-07-14 02:00:00,RD_SVR_03,SV Road (Vile Parle to Andheri Station West),K/W,32.5,35.0,0.1,0,0.0,Free Flow / Moderate
2024-07-14 02:00:00,RD_SVR_04,SV Road (Andheri Subway Section to Jogeshwari),K/W,30.3,35.0,0.13,0,0.0,Free Flow / Moderate
2024-07-14 02:00:00,RD_SVR_05,SV Road (Goregaon to Malad Subway Jn),P/N,32.6,35.0,0.1,0,0.0,Free Flow / Moderate
2024-07-14 02:00:00,RD_SVR_06,SV Road (Kandivali to Borivali Station West),R/C,30.6,35.0,0.13,1,0.0,Free Flow / Moderate
2024-07-14 02:00:00,RD_LNK_01,New Link Road (Bandra West to Khar Danda),H/W,31.3,35.0,0.11,0,0.0,Free Flow / Moderate
2024-07-14 02:00:00,RD_LNK_02,New Link Road (Juhu Circle to Andheri Infinity Mall),K/W,31.7,35.0,0.1,0,0.0,Free Flow / Moderate
2024-07-14 02:00:00,RD_LNK_03,New Link Road (Oshiwara to Goregaon West / Bangur Nagar),P/S,30.5,35.0,0.13,0,0.0,Free Flow / Moderate
2024-07-14 02:00:00,RD_LNK_04,New Link Road (Malad Inorbit to Mith Chowki),P/N,31.0,35.0,0.11,0,0.0,Free Flow / Moderate
2024-07-14 02:00:00,RD_LNK_05,New Link Road (Kandivali to Dahisar Link Road Extension),R/N,30.4,35.0,0.13,1,0.0,Free Flow / Moderate
2024-07-14 02:00:00,RD_EEH_01,Eastern Express Highway (Sion Circle to Priyadarshini Park),F/N,50.9,55.0,0.1,0,0.0,Free Flow / Moderate
2024-07-14 02:00:00,RD_EEH_02,Eastern Express Highway (Kurla Amar Mahal to Ghatkopar),L,50.2,55.0,0.1,0,0.0,Free Flow / Moderate
2024-07-14 02:00:00,RD_EEH_03,Eastern Express Highway (Ghatkopar to Vikhroli / Godrej),N,50.9,55.0,0.1,0,0.0,Free Flow / Moderate
2024-07-14 02:00:00,RD_EEH_04,Eastern Express Highway (Vikhroli to Bhandup / Mulund Toll),T,51.1,55.0,0.1,0,0.0,Free Flow / Moderate
2024-07-14 02:00:00,RD_LBS_01,Lal Bahadur Shastri (LBS) Marg (Sion to Kurla Kamani),L,30.5,35.0,0.13,0,0.0,Free Flow / Moderate
2024-07-14 02:00:00,RD_LBS_02,LBS Marg (Kurla to Ghatkopar Gandhi Nagar),N,33.4,35.0,0.1,0,0.0,Free Flow / Moderate
2024-07-14 02:00:00,RD_LBS_03,LBS Marg (Ghatkopar to Vikhroli / Kanjurmarg),S,31.1,35.0,0.11,0,0.0,Free Flow / Moderate
2024-07-14 02:00:00,RD_LBS_04,LBS Marg (Bhandup to Mulund Check Naka),T,31.2,35.0,0.11,1,0.0,Free Flow / Moderate
2024-07-14 02:00:00,RD_JVL_01,Jogeshwari-Vikhroli Link Road (JVLR - WEH to Powai),K/E,30.3,35.0,0.13,1,0.0,Free Flow / Moderate
2024-07-14 03:00:00,RD_WEH_01,Western Express Highway (Bandra to Santacruz),H/E,50.9,55.0,0.1,0,0.0,Free Flow / Moderate
2024-07-14 03:00:00,RD_WEH_02,Western Express Highway (Santacruz to Andheri Flyover),K/E,50.8,55.0,0.1,0,0.0,Free Flow / Moderate
2024-07-14 03:00:00,RD_WEH_03,Western Express Highway (Andheri to Goregaon Hub),P/S,50.6,55.0,0.1,0,0.0,Free Flow / Moderate
2024-07-14 03:00:00,RD_WEH_04,Western Express Highway (Goregaon to Borivali National Park),R/C,50.3,55.0,0.1,0,0.0,Free Flow / Moderate
2024-07-14 03:00:00,RD_WEH_05,Western Express Highway (Borivali to Dahisar Toll Naka),R/N,48.3,55.0,0.12,0,0.0,Free Flow / Moderate
2024-07-14 03:00:00,RD_SVR_01,Swami Vivekanand (SV) Road (Bandra Lucky Jn to Khar),H/W,32.8,35.0,0.1,0,0.0,Free Flow / Moderate
2024-07-14 03:00:00,RD_SVR_02,SV Road (Santacruz Milan Subway Approach),H/W,30.3,35.0,0.13,0,0.0,Free Flow / Moderate
2024-07-14 03:00:00,RD_SVR_03,SV Road (Vile Parle to Andheri Station West),K/W,31.3,35.0,0.11,0,0.0,Free Flow / Moderate
2024-07-14 03:00:00,RD_SVR_04,SV Road (Andheri Subway Section to Jogeshwari),K/W,29.6,35.0,0.15,0,0.0,Free Flow / Moderate
2024-07-14 03:00:00,RD_SVR_05,SV Road (Goregaon to Malad Subway Jn),P/N,31.3,35.0,0.11,0,0.0,Free Flow / Moderate
2024-07-14 03:00:00,RD_SVR_06,SV Road (Kandivali to Borivali Station West),R/C,30.1,35.0,0.14,1,0.0,Free Flow / Moderate
2024-07-14 03:00:00,RD_LNK_01,New Link Road (Bandra West to Khar Danda),H/W,32.7,35.0,0.1,0,0.0,Free Flow / Moderate
2024-07-14 03:00:00,RD_LNK_02,New Link Road (Juhu Circle to Andheri Infinity Mall),K/W,32.2,35.0,0.1,0,0.0,Free Flow / Moderate
2024-07-14 03:00:00,RD_LNK_03,New Link Road (Oshiwara to Goregaon West / Bangur Nagar),P/S,33.3,35.0,0.1,0,0.0,Free Flow / Moderate
2024-07-14 03:00:00,RD_LNK_04,New Link Road (Malad Inorbit to Mith Chowki),P/N,31.1,35.0,0.11,0,0.0,Free Flow / Moderate
2024-07-14 03:00:00,RD_LNK_05,New Link Road (Kandivali to Dahisar Link Road Extension),R/N,30.3,35.0,0.13,1,0.0,Free Flow / Moderate
2024-07-14 03:00:00,RD_EEH_01,Eastern Express Highway (Sion Circle to Priyadarshini Park),F/N,48.4,55.0,0.12,0,0.0,Free Flow / Moderate
2024-07-14 03:00:00,RD_EEH_02,Eastern Express Highway (Kurla Amar Mahal to Ghatkopar),L,49.6,55.0,0.1,0,0.0,Free Flow / Moderate
2024-07-14 03:00:00,RD_EEH_03,Eastern Express Highway (Ghatkopar to Vikhroli / Godrej),N,51.2,55.0,0.1,0,0.0,Free Flow / Moderate
2024-07-14 03:00:00,RD_EEH_04,Eastern Express Highway (Vikhroli to Bhandup / Mulund Toll),T,50.2,55.0,0.1,0,0.0,Free Flow / Moderate
2024-07-14 03:00:00,RD_LBS_01,Lal Bahadur Shastri (LBS) Marg (Sion to Kurla Kamani),L,31.6,35.0,0.1,0,0.0,Free Flow / Moderate
2024-07-14 03:00:00,RD_LBS_02,LBS Marg (Kurla to Ghatkopar Gandhi Nagar),N,33.4,35.0,0.1,0,0.0,Free Flow / Moderate
2024-07-14 03:00:00,RD_LBS_03,LBS Marg (Ghatkopar to Vikhroli / Kanjurmarg),S,30.4,35.0,0.13,1,0.0,Free Flow / Moderate
2024-07-14 03:00:00,RD_LBS_04,LBS Marg (Bhandup to Mulund Check Naka),T,31.3,35.0,0.11,0,0.0,Free Flow / Moderate
2024-07-14 03:00:00,RD_JVL_01,Jogeshwari-Vikhroli Link Road (JVLR - WEH to Powai),K/E,33.4,35.0,0.1,0,0.0,Free Flow / Moderate
2024-07-14 04:00:00,RD_WEH_01,Western Express Highway (Bandra to Santacruz),H/E,50.6,55.0,0.1,0,0.0,Free Flow / Moderate
2024-07-14 04:00:00,RD_WEH_02,Western Express Highway (Santacruz to Andheri Flyover),K/E,51.4,55.0,0.1,0,0.0,Free Flow / Moderate
2024-07-14 04:00:00,RD_WEH_03,Western Express Highway (Andheri to Goregaon Hub),P/S,50.3,55.0,0.1,0,0.0,Free Flow / Moderate
2024-07-14 04:00:00,RD_WEH_04,Western Express Highway (Goregaon to Borivali National Park),R/C,48.3,55.0,0.12,0,0.0,Free Flow / Moderate
2024-07-14 04:00:00,RD_WEH_05,Western Express Highway (Borivali to Dahisar Toll Naka),R/N,49.9,55.0,0.1,0,0.0,Free Flow / Moderate
2024-07-14 04:00:00,RD_SVR_01,Swami Vivekanand (SV) Road (Bandra Lucky Jn to Khar),H/W,32.6,35.0,0.1,0,0.0,Free Flow / Moderate
2024-07-14 04:00:00,RD_SVR_02,SV Road (Santacruz Milan Subway Approach),H/W,33.0,35.0,0.1,0,0.0,Free Flow / Moderate
2024-07-14 04:00:00,RD_SVR_03,SV Road (Vile Parle to Andheri Station West),K/W,33.0,35.0,0.1,0,0.0,Free Flow / Moderate
2024-07-14 04:00:00,RD_SVR_04,SV Road (Andheri Subway Section to Jogeshwari),K/W,33.2,35.0,0.1,0,0.0,Free Flow / Moderate
2024-07-14 04:00:00,RD_SVR_05,SV Road (Goregaon to Malad Subway Jn),P/N,31.6,35.0,0.1,0,0.0,Free Flow / Moderate
2024-07-14 04:00:00,RD_SVR_06,SV Road (Kandivali to Borivali Station West),R/C,31.2,35.0,0.11,0,0.0,Free Flow / Moderate
2024-07-14 04:00:00,RD_LNK_01,New Link Road (Bandra West to Khar Danda),H/W,29.7,35.0,0.15,0,0.0,Free Flow / Moderate
2024-07-14 04:00:00,RD_LNK_02,New Link Road (Juhu Circle to Andheri Infinity Mall),K/W,31.6,35.0,0.1,0,0.0,Free Flow / Moderate
2024-07-14 04:00:00,RD_LNK_03,New Link Road (Oshiwara to Goregaon West / Bangur Nagar),P/S,32.7,35.0,0.1,0,0.0,Free Flow / Moderate
2024-07-14 04:00:00,RD_LNK_04,New Link Road (Malad Inorbit to Mith Chowki),P/N,31.7,35.0,0.1,0,0.0,Free Flow / Moderate
2024-07-14 04:00:00,RD_LNK_05,New Link Road (Kandivali to Dahisar Link Road Extension),R/N,30.4,35.0,0.13,1,0.0,Free Flow / Moderate
2024-07-14 04:00:00,RD_EEH_01,Eastern Express Highway (Sion Circle to Priyadarshini Park),F/N,48.8,55.0,0.11,0,0.0,Free Flow / Moderate
2024-07-14 04:00:00,RD_EEH_02,Eastern Express Highway (Kurla Amar Mahal to Ghatkopar),L,47.6,55.0,0.13,0,0.0,Free Flow / Moderate
2024-07-14 04:00:00,RD_EEH_03,Eastern Express Highway (Ghatkopar to Vikhroli / Godrej),N,50.4,55.0,0.1,0,0.0,Free Flow / Moderate
2024-07-14 04:00:00,RD_EEH_04,Eastern Express Highway (Vikhroli to Bhandup / Mulund Toll),T,50.6,55.0,0.1,0,0.0,Free Flow / Moderate
2024-07-14 04:00:00,RD_LBS_01,Lal Bahadur Shastri (LBS) Marg (Sion to Kurla Kamani),L,31.7,35.0,0.1,0,0.0,Free Flow / Moderate
2024-07-14 04:00:00,RD_LBS_02,LBS Marg (Kurla to Ghatkopar Gandhi Nagar),N,30.5,35.0,0.13,1,0.0,Free Flow / Moderate
2024-07-14 04:00:00,RD_LBS_03,LBS Marg (Ghatkopar to Vikhroli / Kanjurmarg),S,31.1,35.0,0.11,0,0.0,Free Flow / Moderate
2024-07-14 04:00:00,RD_LBS_04,LBS Marg (Bhandup to Mulund Check Naka),T,33.4,35.0,0.1,0,0.0,Free Flow / Moderate
2024-07-14 04:00:00,RD_JVL_01,Jogeshwari-Vikhroli Link Road (JVLR - WEH to Powai),K/E,31.4,35.0,0.1,1,0.0,Free Flow / Moderate
2024-07-14 05:00:00,RD_WEH_01,Western Express Highway (Bandra to Santacruz),H/E,48.5,55.0,0.12,0,0.0,Free Flow / Moderate
2024-07-14 05:00:00,RD_WEH_02,Western Express Highway (Santacruz to Andheri Flyover),K/E,48.2,55.0,0.12,0,0.0,Free Flow / Moderate
2024-07-14 05:00:00,RD_WEH_03,Western Express Highway (Andheri to Goregaon Hub),P/S,48.7,55.0,0.11,0,0.0,Free Flow / Moderate
2024-07-14 05:00:00,RD_WEH_04,Western Express Highway (Goregaon to Borivali National Park),R/C,50.5,55.0,0.1,0,0.0,Free Flow / Moderate
2024-07-14 05:00:00,RD_WEH_05,Western Express Highway (Borivali to Dahisar Toll Naka),R/N,49.4,55.0,0.1,0,0.0,Free Flow / Moderate
2024-07-14 05:00:00,RD_SVR_01,Swami Vivekanand (SV) Road (Bandra Lucky Jn to Khar),H/W,29.5,35.0,0.16,1,0.0,Free Flow / Moderate
2024-07-14 05:00:00,RD_SVR_02,SV Road (Santacruz Milan Subway Approach),H/W,32.2,35.0,0.1,0,0.0,Free Flow / Moderate
2024-07-14 05:00:00,RD_SVR_03,SV Road (Vile Parle to Andheri Station West),K/W,33.4,35.0,0.1,0,0.0,Free Flow / Moderate
2024-07-14 05:00:00,RD_SVR_04,SV Road (Andheri Subway Section to Jogeshwari),K/W,32.1,35.0,0.1,0,0.0,Free Flow / Moderate
2024-07-14 05:00:00,RD_SVR_05,SV Road (Goregaon to Malad Subway Jn),P/N,31.2,35.0,0.11,0,0.0,Free Flow / Moderate
2024-07-14 05:00:00,RD_SVR_06,SV Road (Kandivali to Borivali Station West),R/C,32.6,35.0,0.1,0,0.0,Free Flow / Moderate
2024-07-14 05:00:00,RD_LNK_01,New Link Road (Bandra West to Khar Danda),H/W,32.7,35.0,0.1,0,0.0,Free Flow / Moderate
2024-07-14 05:00:00,RD_LNK_02,New Link Road (Juhu Circle to Andheri Infinity Mall),K/W,32.9,35.0,0.1,0,0.0,Free Flow / Moderate
2024-07-14 05:00:00,RD_LNK_03,New Link Road (Oshiwara to Goregaon West / Bangur Nagar),P/S,32.2,35.0,0.1,0,0.0,Free Flow / Moderate
2024-07-14 05:00:00,RD_LNK_04,New Link Road (Malad Inorbit to Mith Chowki),P/N,30.5,35.0,0.13,0,0.0,Free Flow / Moderate
2024-07-14 05:00:00,RD_LNK_05,New Link Road (Kandivali to Dahisar Link Road Extension),R/N,30.0,35.0,0.14,1,0.0,Free Flow / Moderate
2024-07-14 05:00:00,RD_EEH_01,Eastern Express Highway (Sion Circle to Priyadarshini Park),F/N,51.1,55.0,0.1,0,0.0,Free Flow / Moderate
2024-07-14 05:00:00,RD_EEH_02,Eastern Express Highway (Kurla Amar Mahal to Ghatkopar),L,47.8,55.0,0.13,0,0.0,Free Flow / Moderate
2024-07-14 05:00:00,RD_EEH_03,Eastern Express Highway (Ghatkopar to Vikhroli / Godrej),N,48.7,55.0,0.11,0,0.0,Free Flow / Moderate
2024-07-14 05:00:00,RD_EEH_04,Eastern Express Highway (Vikhroli to Bhandup / Mulund Toll),T,48.9,55.0,0.11,0,0.0,Free Flow / Moderate
2024-07-14 05:00:00,RD_LBS_01,Lal Bahadur Shastri (LBS) Marg (Sion to Kurla Kamani),L,32.6,35.0,0.1,0,0.0,Free Flow / Moderate
2024-07-14 05:00:00,RD_LBS_02,LBS Marg (Kurla to Ghatkopar Gandhi Nagar),N,32.7,35.0,0.1,0,0.0,Free Flow / Moderate
2024-07-14 05:00:00,RD_LBS_03,LBS Marg (Ghatkopar to Vikhroli / Kanjurmarg),S,30.2,35.0,0.14,1,0.0,Free Flow / Moderate
2024-07-14 05:00:00,RD_LBS_04,LBS Marg (Bhandup to Mulund Check Naka),T,30.9,35.0,0.12,1,0.0,Free Flow / Moderate
2024-07-14 05:00:00,RD_JVL_01,Jogeshwari-Vikhroli Link Road (JVLR - WEH to Powai),K/E,29.6,35.0,0.15,1,0.0,Free Flow / Moderate
2024-07-14 06:00:00,RD_WEH_01,Western Express Highway (Bandra to Santacruz),H/E,49.8,55.0,0.1,0,0.0,Free Flow / Moderate
2024-07-14 06:00:00,RD_WEH_02,Western Express Highway (Santacruz to Andheri Flyover),K/E,51.0,55.0,0.1,0,0.0,Free Flow / Moderate
2024-07-14 06:00:00,RD_WEH_03,Western Express Highway (Andheri to Goregaon Hub),P/S,47.8,55.0,0.13,0,0.0,Free Flow / Moderate
2024-07-14 06:00:00,RD_WEH_04,Western Express Highway (Goregaon to Borivali National Park),R/C,50.1,55.0,0.1,0,0.0,Free Flow / Moderate
2024-07-14 06:00:00,RD_WEH_05,Western Express Highway (Borivali to Dahisar Toll Naka),R/N,49.4,55.0,0.1,0,0.0,Free Flow / Moderate
2024-07-14 06:00:00,RD_SVR_01,Swami Vivekanand (SV) Road (Bandra Lucky Jn to Khar),H/W,32.1,35.0,0.1,0,0.0,Free Flow / Moderate
2024-07-14 06:00:00,RD_SVR_02,SV Road (Santacruz Milan Subway Approach),H/W,33.3,35.0,0.1,0,0.0,Free Flow / Moderate
2024-07-14 06:00:00,RD_SVR_03,SV Road (Vile Parle to Andheri Station West),K/W,33.0,35.0,0.1,0,0.0,Free Flow / Moderate
2024-07-14 06:00:00,RD_SVR_04,SV Road (Andheri Subway Section to Jogeshwari),K/W,31.1,35.0,0.11,0,0.0,Free Flow / Moderate
2024-07-14 06:00:00,RD_SVR_05,SV Road (Goregaon to Malad Subway Jn),P/N,32.2,35.0,0.1,0,0.0,Free Flow / Moderate
2024-07-14 06:00:00,RD_SVR_06,SV Road (Kandivali to Borivali Station West),R/C,30.6,35.0,0.13,1,0.0,Free Flow / Moderate
2024-07-14 06:00:00,RD_LNK_01,New Link Road (Bandra West to Khar Danda),H/W,33.0,35.0,0.1,0,0.0,Free Flow / Moderate
2024-07-14 06:00:00,RD_LNK_02,New Link Road (Juhu Circle to Andheri Infinity Mall),K/W,33.0,35.0,0.1,0,0.0,Free Flow / Moderate
2024-07-14 06:00:00,RD_LNK_03,New Link Road (Oshiwara to Goregaon West / Bangur Nagar),P/S,32.2,35.0,0.1,0,0.0,Free Flow / Moderate
2024-07-14 06:00:00,RD_LNK_04,New Link Road (Malad Inorbit to Mith Chowki),P/N,33.2,35.0,0.1,0,0.0,Free Flow / Moderate
2024-07-14 06:00:00,RD_LNK_05,New Link Road (Kandivali to Dahisar Link Road Extension),R/N,31.9,35.0,0.1,0,0.0,Free Flow / Moderate
2024-07-14 06:00:00,RD_EEH_01,Eastern Express Highway (Sion Circle to Priyadarshini Park),F/N,50.3,55.0,0.1,0,0.0,Free Flow / Moderate
2024-07-14 06:00:00,RD_EEH_02,Eastern Express Highway (Kurla Amar Mahal to Ghatkopar),L,49.0,55.0,0.11,0,0.0,Free Flow / Moderate
2024-07-14 06:00:00,RD_EEH_03,Eastern Express Highway (Ghatkopar to Vikhroli / Godrej),N,48.7,55.0,0.11,0,0.0,Free Flow / Moderate
2024-07-14 06:00:00,RD_EEH_04,Eastern Express Highway (Vikhroli to Bhandup / Mulund Toll),T,49.2,55.0,0.11,0,0.0,Free Flow / Moderate
2024-07-14 06:00:00,RD_LBS_01,Lal Bahadur Shastri (LBS) Marg (Sion to Kurla Kamani),L,31.5,35.0,0.1,0,0.0,Free Flow / Moderate
2024-07-14 06:00:00,RD_LBS_02,LBS Marg (Kurla to Ghatkopar Gandhi Nagar),N,33.0,35.0,0.1,0,0.0,Free Flow / Moderate
2024-07-14 06:00:00,RD_LBS_03,LBS Marg (Ghatkopar to Vikhroli / Kanjurmarg),S,30.9,35.0,0.12,1,0.0,Free Flow / Moderate
2024-07-14 06:00:00,RD_LBS_04,LBS Marg (Bhandup to Mulund Check Naka),T,29.9,35.0,0.15,1,0.0,Free Flow / Moderate
2024-07-14 06:00:00,RD_JVL_01,Jogeshwari-Vikhroli Link Road (JVLR - WEH to Powai),K/E,29.6,35.0,0.15,1,0.0,Free Flow / Moderate
2024-07-14 07:00:00,RD_WEH_01,Western Express Highway (Bandra to Santacruz),H/E,50.6,55.0,0.1,0,0.0,Free Flow / Moderate
2024-07-14 07:00:00,RD_WEH_02,Western Express Highway (Santacruz to Andheri Flyover),K/E,49.9,55.0,0.1,0,0.0,Free Flow / Moderate
2024-07-14 07:00:00,RD_WEH_03,Western Express Highway (Andheri to Goregaon Hub),P/S,51.2,55.0,0.1,0,0.0,Free Flow / Moderate
2024-07-14 07:00:00,RD_WEH_04,Western Express Highway (Goregaon to Borivali National Park),R/C,48.2,55.0,0.12,1,0.0,Free Flow / Moderate
2024-07-14 07:00:00,RD_WEH_05,Western Express Highway (Borivali to Dahisar Toll Naka),R/N,51.0,55.0,0.1,0,0.0,Free Flow / Moderate
2024-07-14 07:00:00,RD_SVR_01,Swami Vivekanand (SV) Road (Bandra Lucky Jn to Khar),H/W,29.7,35.0,0.15,0,0.0,Free Flow / Moderate
2024-07-14 07:00:00,RD_SVR_02,SV Road (Santacruz Milan Subway Approach),H/W,32.7,35.0,0.1,0,0.0,Free Flow / Moderate
2024-07-14 07:00:00,RD_SVR_03,SV Road (Vile Parle to Andheri Station West),K/W,33.2,35.0,0.1,0,0.0,Free Flow / Moderate
2024-07-14 07:00:00,RD_SVR_04,SV Road (Andheri Subway Section to Jogeshwari),K/W,30.0,35.0,0.14,0,0.0,Free Flow / Moderate
2024-07-14 07:00:00,RD_SVR_05,SV Road (Goregaon to Malad Subway Jn),P/N,32.4,35.0,0.1,0,0.0,Free Flow / Moderate
2024-07-14 07:00:00,RD_SVR_06,SV Road (Kandivali to Borivali Station West),R/C,29.6,35.0,0.15,1,0.0,Free Flow / Moderate
2024-07-14 07:00:00,RD_LNK_01,New Link Road (Bandra West to Khar Danda),H/W,31.3,35.0,0.11,0,0.0,Free Flow / Moderate
2024-07-14 07:00:00,RD_LNK_02,New Link Road (Juhu Circle to Andheri Infinity Mall),K/W,32.1,35.0,0.1,0,0.0,Free Flow / Moderate
2024-07-14 07:00:00,RD_LNK_03,New Link Road (Oshiwara to Goregaon West / Bangur Nagar),P/S,29.7,35.0,0.15,1,0.0,Free Flow / Moderate
2024-07-14 07:00:00,RD_LNK_04,New Link Road (Malad Inorbit to Mith Chowki),P/N,30.1,35.0,0.14,0,0.0,Free Flow / Moderate
2024-07-14 07:00:00,RD_LNK_05,New Link Road (Kandivali to Dahisar Link Road Extension),R/N,33.0,35.0,0.1,0,0.0,Free Flow / Moderate
2024-07-14 07:00:00,RD_EEH_01,Eastern Express Highway (Sion Circle to Priyadarshini Park),F/N,49.8,55.0,0.1,0,0.0,Free Flow / Moderate
2024-07-14 07:00:00,RD_EEH_02,Eastern Express Highway (Kurla Amar Mahal to Ghatkopar),L,50.4,55.0,0.1,0,0.0,Free Flow / Moderate
2024-07-14 07:00:00,RD_EEH_03,Eastern Express Highway (Ghatkopar to Vikhroli / Godrej),N,50.8,55.0,0.1,0,0.0,Free Flow / Moderate
2024-07-14 07:00:00,RD_EEH_04,Eastern Express Highway (Vikhroli to Bhandup / Mulund Toll),T,49.1,55.0,0.11,0,0.0,Free Flow / Moderate
2024-07-14 07:00:00,RD_LBS_01,Lal Bahadur Shastri (LBS) Marg (Sion to Kurla Kamani),L,33.0,35.0,0.1,0,0.0,Free Flow / Moderate
2024-07-14 07:00:00,RD_LBS_02,LBS Marg (Kurla to Ghatkopar Gandhi Nagar),N,31.0,35.0,0.11,0,0.0,Free Flow / Moderate
2024-07-14 07:00:00,RD_LBS_03,LBS Marg (Ghatkopar to Vikhroli / Kanjurmarg),S,33.0,35.0,0.1,0,0.0,Free Flow / Moderate
2024-07-14 07:00:00,RD_LBS_04,LBS Marg (Bhandup to Mulund Check Naka),T,31.1,35.0,0.11,1,0.0,Free Flow / Moderate
2024-07-14 07:00:00,RD_JVL_01,Jogeshwari-Vikhroli Link Road (JVLR - WEH to Powai),K/E,32.0,35.0,0.1,0,0.0,Free Flow / Moderate
2024-07-14 08:00:00,RD_WEH_01,Western Express Highway (Bandra to Santacruz),H/E,30.5,55.0,0.45,3,0.0,Free Flow / Moderate
2024-07-14 08:00:00,RD_WEH_02,Western Express Highway (Santacruz to Andheri Flyover),K/E,29.9,55.0,0.46,4,0.0,Free Flow / Moderate
2024-07-14 08:00:00,RD_WEH_03,Western Express Highway (Andheri to Goregaon Hub),P/S,30.1,55.0,0.45,4,0.0,Free Flow / Moderate
2024-07-14 08:00:00,RD_WEH_04,Western Express Highway (Goregaon to Borivali National Park),R/C,31.8,55.0,0.42,5,0.0,Free Flow / Moderate
2024-07-14 08:00:00,RD_WEH_05,Western Express Highway (Borivali to Dahisar Toll Naka),R/N,30.2,55.0,0.45,3,0.0,Free Flow / Moderate
2024-07-14 08:00:00,RD_SVR_01,Swami Vivekanand (SV) Road (Bandra Lucky Jn to Khar),H/W,18.5,35.0,0.47,4,0.0,Free Flow / Moderate
2024-07-14 08:00:00,RD_SVR_02,SV Road (Santacruz Milan Subway Approach),H/W,18.2,35.0,0.48,3,0.0,Free Flow / Moderate
2024-07-14 08:00:00,RD_SVR_03,SV Road (Vile Parle to Andheri Station West),K/W,18.9,35.0,0.46,5,0.0,Free Flow / Moderate
2024-07-14 08:00:00,RD_SVR_04,SV Road (Andheri Subway Section to Jogeshwari),K/W,18.7,35.0,0.47,4,0.0,Free Flow / Moderate
2024-07-14 08:00:00,RD_SVR_05,SV Road (Goregaon to Malad Subway Jn),P/N,20.2,35.0,0.42,5,0.0,Free Flow / Moderate
2024-07-14 08:00:00,RD_SVR_06,SV Road (Kandivali to Borivali Station West),R/C,21.1,35.0,0.4,5,0.0,Free Flow / Moderate
2024-07-14 08:00:00,RD_LNK_01,New Link Road (Bandra West to Khar Danda),H/W,20.3,35.0,0.42,3,0.0,Free Flow / Moderate
2024-07-14 08:00:00,RD_LNK_02,New Link Road (Juhu Circle to Andheri Infinity Mall),K/W,21.2,35.0,0.39,4,0.0,Free Flow / Moderate
2024-07-14 08:00:00,RD_LNK_03,New Link Road (Oshiwara to Goregaon West / Bangur Nagar),P/S,17.8,35.0,0.49,5,0.0,Congested
2024-07-14 08:00:00,RD_LNK_04,New Link Road (Malad Inorbit to Mith Chowki),P/N,20.2,35.0,0.42,4,0.0,Free Flow / Moderate
2024-07-14 08:00:00,RD_LNK_05,New Link Road (Kandivali to Dahisar Link Road Extension),R/N,19.3,35.0,0.45,8,0.0,Free Flow / Moderate
2024-07-14 08:00:00,RD_EEH_01,Eastern Express Highway (Sion Circle to Priyadarshini Park),F/N,31.6,55.0,0.43,3,0.0,Free Flow / Moderate
2024-07-14 08:00:00,RD_EEH_02,Eastern Express Highway (Kurla Amar Mahal to Ghatkopar),L,31.1,55.0,0.43,3,0.0,Free Flow / Moderate
2024-07-14 08:00:00,RD_EEH_03,Eastern Express Highway (Ghatkopar to Vikhroli / Godrej),N,29.6,55.0,0.46,3,0.0,Free Flow / Moderate
2024-07-14 08:00:00,RD_EEH_04,Eastern Express Highway (Vikhroli to Bhandup / Mulund Toll),T,29.9,55.0,0.46,6,0.0,Free Flow / Moderate
2024-07-14 08:00:00,RD_LBS_01,Lal Bahadur Shastri (LBS) Marg (Sion to Kurla Kamani),L,19.0,35.0,0.46,5,0.0,Free Flow / Moderate
2024-07-14 08:00:00,RD_LBS_02,LBS Marg (Kurla to Ghatkopar Gandhi Nagar),N,18.0,35.0,0.49,6,0.0,Free Flow / Moderate
2024-07-14 08:00:00,RD_LBS_03,LBS Marg (Ghatkopar to Vikhroli / Kanjurmarg),S,18.9,35.0,0.46,6,0.0,Free Flow / Moderate
2024-07-14 08:00:00,RD_LBS_04,LBS Marg (Bhandup to Mulund Check Naka),T,18.2,35.0,0.48,7,0.0,Free Flow / Moderate
2024-07-14 08:00:00,RD_JVL_01,Jogeshwari-Vikhroli Link Road (JVLR - WEH to Powai),K/E,18.1,35.0,0.48,8,0.0,Free Flow / Moderate
2024-07-14 09:00:00,RD_WEH_01,Western Express Highway (Bandra to Santacruz),H/E,31.2,55.0,0.43,3,0.0,Free Flow / Moderate
2024-07-14 09:00:00,RD_WEH_02,Western Express Highway (Santacruz to Andheri Flyover),K/E,31.1,55.0,0.43,4,0.0,Free Flow / Moderate
2024-07-14 09:00:00,RD_WEH_03,Western Express Highway (Andheri to Goregaon Hub),P/S,29.0,55.0,0.47,4,0.0,Free Flow / Moderate
2024-07-14 09:00:00,RD_WEH_04,Western Express Highway (Goregaon to Borivali National Park),R/C,29.4,55.0,0.47,6,0.0,Free Flow / Moderate
2024-07-14 09:00:00,RD_WEH_05,Western Express Highway (Borivali to Dahisar Toll Naka),R/N,28.6,55.0,0.48,4,0.0,Free Flow / Moderate
2024-07-14 09:00:00,RD_SVR_01,Swami Vivekanand (SV) Road (Bandra Lucky Jn to Khar),H/W,19.7,35.0,0.44,4,0.0,Free Flow / Moderate
2024-07-14 09:00:00,RD_SVR_02,SV Road (Santacruz Milan Subway Approach),H/W,19.4,35.0,0.45,2,0.0,Free Flow / Moderate
2024-07-14 09:00:00,RD_SVR_03,SV Road (Vile Parle to Andheri Station West),K/W,18.8,35.0,0.46,5,0.0,Free Flow / Moderate
2024-07-14 09:00:00,RD_SVR_04,SV Road (Andheri Subway Section to Jogeshwari),K/W,18.1,35.0,0.48,4,0.0,Free Flow / Moderate
2024-07-14 09:00:00,RD_SVR_05,SV Road (Goregaon to Malad Subway Jn),P/N,20.8,35.0,0.41,4,0.0,Free Flow / Moderate
2024-07-14 09:00:00,RD_SVR_06,SV Road (Kandivali to Borivali Station West),R/C,18.4,35.0,0.47,7,0.0,Free Flow / Moderate
2024-07-14 09:00:00,RD_LNK_01,New Link Road (Bandra West to Khar Danda),H/W,17.6,35.0,0.5,4,0.0,Congested
2024-07-14 09:00:00,RD_LNK_02,New Link Road (Juhu Circle to Andheri Infinity Mall),K/W,18.4,35.0,0.47,6,0.0,Free Flow / Moderate
2024-07-14 09:00:00,RD_LNK_03,New Link Road (Oshiwara to Goregaon West / Bangur Nagar),P/S,19.4,35.0,0.45,4,0.0,Free Flow / Moderate
2024-07-14 09:00:00,RD_LNK_04,New Link Road (Malad Inorbit to Mith Chowki),P/N,19.1,35.0,0.45,4,0.0,Free Flow / Moderate
2024-07-14 09:00:00,RD_LNK_05,New Link Road (Kandivali to Dahisar Link Road Extension),R/N,17.6,35.0,0.5,9,0.0,Congested
2024-07-14 09:00:00,RD_EEH_01,Eastern Express Highway (Sion Circle to Priyadarshini Park),F/N,31.5,55.0,0.43,3,0.0,Free Flow / Moderate
2024-07-14 09:00:00,RD_EEH_02,Eastern Express Highway (Kurla Amar Mahal to Ghatkopar),L,28.9,55.0,0.47,4,0.0,Free Flow / Moderate
2024-07-14 09:00:00,RD_EEH_03,Eastern Express Highway (Ghatkopar to Vikhroli / Godrej),N,28.4,55.0,0.48,4,0.0,Free Flow / Moderate
2024-07-14 09:00:00,RD_EEH_04,Eastern Express Highway (Vikhroli to Bhandup / Mulund Toll),T,28.5,55.0,0.48,6,0.0,Free Flow / Moderate
2024-07-14 09:00:00,RD_LBS_01,Lal Bahadur Shastri (LBS) Marg (Sion to Kurla Kamani),L,19.9,35.0,0.43,5,0.0,Free Flow / Moderate
2024-07-14 09:00:00,RD_LBS_02,LBS Marg (Kurla to Ghatkopar Gandhi Nagar),N,20.0,35.0,0.43,5,0.0,Free Flow / Moderate
2024-07-14 09:00:00,RD_LBS_03,LBS Marg (Ghatkopar to Vikhroli / Kanjurmarg),S,19.2,35.0,0.45,6,0.0,Free Flow / Moderate
2024-07-14 09:00:00,RD_LBS_04,LBS Marg (Bhandup to Mulund Check Naka),T,18.9,35.0,0.46,7,0.0,Free Flow / Moderate
2024-07-14 09:00:00,RD_JVL_01,Jogeshwari-Vikhroli Link Road (JVLR - WEH to Powai),K/E,21.2,35.0,0.39,6,0.0,Free Flow / Moderate
2024-07-14 10:00:00,RD_WEH_01,Western Express Highway (Bandra to Santacruz),H/E,30.8,55.0,0.44,3,0.0,Free Flow / Moderate
2024-07-14 10:00:00,RD_WEH_02,Western Express Highway (Santacruz to Andheri Flyover),K/E,31.6,55.0,0.43,4,0.0,Free Flow / Moderate
2024-07-14 10:00:00,RD_WEH_03,Western Express Highway (Andheri to Goregaon Hub),P/S,29.8,55.0,0.46,4,0.0,Free Flow / Moderate
2024-07-14 10:00:00,RD_WEH_04,Western Express Highway (Goregaon to Borivali National Park),R/C,30.3,55.0,0.45,5,0.0,Free Flow / Moderate
2024-07-14 10:00:00,RD_WEH_05,Western Express Highway (Borivali to Dahisar Toll Naka),R/N,30.0,55.0,0.45,3,0.0,Free Flow / Moderate
2024-07-14 10:00:00,RD_SVR_01,Swami Vivekanand (SV) Road (Bandra Lucky Jn to Khar),H/W,19.1,35.0,0.45,4,0.0,Free Flow / Moderate
2024-07-14 10:00:00,RD_SVR_02,SV Road (Santacruz Milan Subway Approach),H/W,19.1,35.0,0.45,2,0.0,Free Flow / Moderate
2024-07-14 10:00:00,RD_SVR_03,SV Road (Vile Parle to Andheri Station West),K/W,20.7,35.0,0.41,4,0.0,Free Flow / Moderate
2024-07-14 10:00:00,RD_SVR_04,SV Road (Andheri Subway Section to Jogeshwari),K/W,18.7,35.0,0.47,4,0.0,Free Flow / Moderate
2024-07-14 10:00:00,RD_SVR_05,SV Road (Goregaon to Malad Subway Jn),P/N,20.9,35.0,0.4,4,0.0,Free Flow / Moderate
2024-07-14 10:00:00,RD_SVR_06,SV Road (Kandivali to Borivali Station West),R/C,19.6,35.0,0.44,6,0.0,Free Flow / Moderate
2024-07-14 10:00:00,RD_LNK_01,New Link Road (Bandra West to Khar Danda),H/W,17.3,35.0,0.51,4,0.0,Congested
2024-07-14 10:00:00,RD_LNK_02,New Link Road (Juhu Circle to Andheri Infinity Mall),K/W,17.4,35.0,0.5,7,0.0,Congested
2024-07-14 10:00:00,RD_LNK_03,New Link Road (Oshiwara to Goregaon West / Bangur Nagar),P/S,21.1,35.0,0.4,4,0.0,Free Flow / Moderate
2024-07-14 10:00:00,RD_LNK_04,New Link Road (Malad Inorbit to Mith Chowki),P/N,20.6,35.0,0.41,3,0.0,Free Flow / Moderate
2024-07-14 10:00:00,RD_LNK_05,New Link Road (Kandivali to Dahisar Link Road Extension),R/N,20.8,35.0,0.41,6,0.0,Free Flow / Moderate
2024-07-14 10:00:00,RD_EEH_01,Eastern Express Highway (Sion Circle to Priyadarshini Park),F/N,29.7,55.0,0.46,3,0.0,Free Flow / Moderate
2024-07-14 10:00:00,RD_EEH_02,Eastern Express Highway (Kurla Amar Mahal to Ghatkopar),L,31.4,55.0,0.43,3,0.0,Free Flow / Moderate
2024-07-14 10:00:00,RD_EEH_03,Eastern Express Highway (Ghatkopar to Vikhroli / Godrej),N,31.6,55.0,0.43,3,0.0,Free Flow / Moderate
2024-07-14 10:00:00,RD_EEH_04,Eastern Express Highway (Vikhroli to Bhandup / Mulund Toll),T,29.4,55.0,0.47,6,0.0,Free Flow / Moderate
2024-07-14 10:00:00,RD_LBS_01,Lal Bahadur Shastri (LBS) Marg (Sion to Kurla Kamani),L,17.3,35.0,0.51,6,0.0,Congested
2024-07-14 10:00:00,RD_LBS_02,LBS Marg (Kurla to Ghatkopar Gandhi Nagar),N,19.0,35.0,0.46,5,0.0,Free Flow / Moderate
2024-07-14 10:00:00,RD_LBS_03,LBS Marg (Ghatkopar to Vikhroli / Kanjurmarg),S,17.8,35.0,0.49,7,0.0,Congested
2024-07-14 10:00:00,RD_LBS_04,LBS Marg (Bhandup to Mulund Check Naka),T,20.6,35.0,0.41,5,0.0,Free Flow / Moderate
2024-07-14 10:00:00,RD_JVL_01,Jogeshwari-Vikhroli Link Road (JVLR - WEH to Powai),K/E,18.0,35.0,0.49,8,0.0,Free Flow / Moderate
2024-07-14 11:00:00,RD_WEH_01,Western Express Highway (Bandra to Santacruz),H/E,28.3,55.0,0.49,4,0.0,Free Flow / Moderate
2024-07-14 11:00:00,RD_WEH_02,Western Express Highway (Santacruz to Andheri Flyover),K/E,28.3,55.0,0.49,5,0.0,Free Flow / Moderate
2024-07-14 11:00:00,RD_WEH_03,Western Express Highway (Andheri to Goregaon Hub),P/S,30.7,55.0,0.44,4,0.0,Free Flow / Moderate
2024-07-14 11:00:00,RD_WEH_04,Western Express Highway (Goregaon to Borivali National Park),R/C,30.9,55.0,0.44,5,0.0,Free Flow / Moderate
2024-07-14 11:00:00,RD_WEH_05,Western Express Highway (Borivali to Dahisar Toll Naka),R/N,31.9,55.0,0.42,3,0.0,Free Flow / Moderate
2024-07-14 11:00:00,RD_SVR_01,Swami Vivekanand (SV) Road (Bandra Lucky Jn to Khar),H/W,20.9,35.0,0.4,3,0.0,Free Flow / Moderate
2024-07-14 11:00:00,RD_SVR_02,SV Road (Santacruz Milan Subway Approach),H/W,18.8,35.0,0.46,3,0.0,Free Flow / Moderate
2024-07-14 11:00:00,RD_SVR_03,SV Road (Vile Parle to Andheri Station West),K/W,17.4,35.0,0.5,6,0.0,Congested
2024-07-14 11:00:00,RD_SVR_04,SV Road (Andheri Subway Section to Jogeshwari),K/W,19.4,35.0,0.45,4,0.0,Free Flow / Moderate
2024-07-14 11:00:00,RD_SVR_05,SV Road (Goregaon to Malad Subway Jn),P/N,21.0,35.0,0.4,4,0.0,Free Flow / Moderate
2024-07-14 11:00:00,RD_SVR_06,SV Road (Kandivali to Borivali Station West),R/C,18.5,35.0,0.47,7,0.0,Free Flow / Moderate
2024-07-14 11:00:00,RD_LNK_01,New Link Road (Bandra West to Khar Danda),H/W,18.7,35.0,0.47,4,0.0,Free Flow / Moderate
2024-07-14 11:00:00,RD_LNK_02,New Link Road (Juhu Circle to Andheri Infinity Mall),K/W,19.3,35.0,0.45,5,0.0,Free Flow / Moderate
2024-07-14 11:00:00,RD_LNK_03,New Link Road (Oshiwara to Goregaon West / Bangur Nagar),P/S,19.7,35.0,0.44,4,0.0,Free Flow / Moderate
2024-07-14 11:00:00,RD_LNK_04,New Link Road (Malad Inorbit to Mith Chowki),P/N,19.4,35.0,0.45,4,0.0,Free Flow / Moderate
2024-07-14 11:00:00,RD_LNK_05,New Link Road (Kandivali to Dahisar Link Road Extension),R/N,18.2,35.0,0.48,9,0.0,Free Flow / Moderate
2024-07-14 11:00:00,RD_EEH_01,Eastern Express Highway (Sion Circle to Priyadarshini Park),F/N,28.5,55.0,0.48,3,0.0,Free Flow / Moderate
2024-07-14 11:00:00,RD_EEH_02,Eastern Express Highway (Kurla Amar Mahal to Ghatkopar),L,28.4,55.0,0.48,4,0.0,Free Flow / Moderate
2024-07-14 11:00:00,RD_EEH_03,Eastern Express Highway (Ghatkopar to Vikhroli / Godrej),N,30.5,55.0,0.45,3,0.0,Free Flow / Moderate
2024-07-14 11:00:00,RD_EEH_04,Eastern Express Highway (Vikhroli to Bhandup / Mulund Toll),T,32.1,55.0,0.42,5,0.0,Free Flow / Moderate
2024-07-14 11:00:00,RD_LBS_01,Lal Bahadur Shastri (LBS) Marg (Sion to Kurla Kamani),L,17.4,35.0,0.5,6,0.0,Congested
2024-07-14 11:00:00,RD_LBS_02,LBS Marg (Kurla to Ghatkopar Gandhi Nagar),N,21.2,35.0,0.39,4,0.0,Free Flow / Moderate
2024-07-14 11:00:00,RD_LBS_03,LBS Marg (Ghatkopar to Vikhroli / Kanjurmarg),S,20.0,35.0,0.43,5,0.0,Free Flow / Moderate
2024-07-14 11:00:00,RD_LBS_04,LBS Marg (Bhandup to Mulund Check Naka),T,18.5,35.0,0.47,7,0.0,Free Flow / Moderate
2024-07-14 11:00:00,RD_JVL_01,Jogeshwari-Vikhroli Link Road (JVLR - WEH to Powai),K/E,20.4,35.0,0.42,6,0.0,Free Flow / Moderate
2024-07-14 12:00:00,RD_WEH_01,Western Express Highway (Bandra to Santacruz),H/E,24.9,55.0,0.55,5,18.9,Free Flow / Moderate
2024-07-14 12:00:00,RD_WEH_02,Western Express Highway (Santacruz to Andheri Flyover),K/E,31.1,55.0,0.43,4,9.2,Free Flow / Moderate
2024-07-14 12:00:00,RD_WEH_03,Western Express Highway (Andheri to Goregaon Hub),P/S,21.4,55.0,0.61,8,17.2,Free Flow / Moderate
2024-07-14 12:00:00,RD_WEH_04,Western Express Highway (Goregaon to Borivali National Park),R/C,30.7,55.0,0.44,5,10.0,Free Flow / Moderate
2024-07-14 12:00:00,RD_WEH_05,Western Express Highway (Borivali to Dahisar Toll Naka),R/N,28.4,55.0,0.48,4,15.0,Free Flow / Moderate
2024-07-14 12:00:00,RD_SVR_01,Swami Vivekanand (SV) Road (Bandra Lucky Jn to Khar),H/W,8.6,35.0,0.75,16,21.1,Congested
2024-07-14 12:00:00,RD_SVR_02,SV Road (Santacruz Milan Subway Approach),H/W,3.5,35.0,0.9,32,32.3,Severe Gridlock / Blocked
2024-07-14 12:00:00,RD_SVR_03,SV Road (Vile Parle to Andheri Station West),K/W,3.5,35.0,0.9,54,35.0,Severe Gridlock / Blocked
2024-07-14 12:00:00,RD_SVR_04,SV Road (Andheri Subway Section to Jogeshwari),K/W,3.5,35.0,0.9,46,43.3,Severe Gridlock / Blocked
2024-07-14 12:00:00,RD_SVR_05,SV Road (Goregaon to Malad Subway Jn),P/N,8.6,35.0,0.75,22,24.6,Congested
2024-07-14 12:00:00,RD_SVR_06,SV Road (Kandivali to Borivali Station West),R/C,7.9,35.0,0.77,27,14.4,Severe Gridlock / Blocked
2024-07-14 12:00:00,RD_LNK_01,New Link Road (Bandra West to Khar Danda),H/W,3.5,35.0,0.9,43,33.1,Severe Gridlock / Blocked
2024-07-14 12:00:00,RD_LNK_02,New Link Road (Juhu Circle to Andheri Infinity Mall),K/W,3.5,35.0,0.9,63,30.7,Severe Gridlock / Blocked
2024-07-14 12:00:00,RD_LNK_03,New Link Road (Oshiwara to Goregaon West / Bangur Nagar),P/S,8.9,35.0,0.75,18,24.7,Congested
2024-07-14 12:00:00,RD_LNK_04,New Link Road (Malad Inorbit to Mith Chowki),P/N,3.5,35.0,0.9,49,33.8,Severe Gridlock / Blocked
2024-07-14 12:00:00,RD_LNK_05,New Link Road (Kandivali to Dahisar Link Road Extension),R/N,3.5,35.0,0.9,89,29.2,Severe Gridlock / Blocked
2024-07-14 12:00:00,RD_EEH_01,Eastern Express Highway (Sion Circle to Priyadarshini Park),F/N,11.1,55.0,0.8,16,37.8,Congested
2024-07-14 12:00:00,RD_EEH_02,Eastern Express Highway (Kurla Amar Mahal to Ghatkopar),L,16.2,55.0,0.71,11,31.3,Congested
2024-07-14 12:00:00,RD_EEH_03,Eastern Express Highway (Ghatkopar to Vikhroli / Godrej),N,32.6,55.0,0.41,3,16.2,Free Flow / Moderate
2024-07-14 12:00:00,RD_EEH_04,Eastern Express Highway (Vikhroli to Bhandup / Mulund Toll),T,30.8,55.0,0.44,5,14.8,Free Flow / Moderate
2024-07-14 12:00:00,RD_LBS_01,Lal Bahadur Shastri (LBS) Marg (Sion to Kurla Kamani),L,3.5,35.0,0.9,60,34.0,Severe Gridlock / Blocked
2024-07-14 12:00:00,RD_LBS_02,LBS Marg (Kurla to Ghatkopar Gandhi Nagar),N,3.5,35.0,0.9,63,32.8,Severe Gridlock / Blocked
2024-07-14 12:00:00,RD_LBS_03,LBS Marg (Ghatkopar to Vikhroli / Kanjurmarg),S,6.9,35.0,0.8,31,15.1,Severe Gridlock / Blocked
2024-07-14 12:00:00,RD_LBS_04,LBS Marg (Bhandup to Mulund Check Naka),T,20.5,35.0,0.41,5,0.0,Free Flow / Moderate
2024-07-14 12:00:00,RD_JVL_01,Jogeshwari-Vikhroli Link Road (JVLR - WEH to Powai),K/E,17.2,35.0,0.51,9,0.0,Congested
2024-07-14 13:00:00,RD_WEH_01,Western Express Highway (Bandra to Santacruz),H/E,26.1,55.0,0.53,5,16.6,Free Flow / Moderate
2024-07-14 13:00:00,RD_WEH_02,Western Express Highway (Santacruz to Andheri Flyover),K/E,24.6,55.0,0.55,7,20.5,Free Flow / Moderate
2024-07-14 13:00:00,RD_WEH_03,Western Express Highway (Andheri to Goregaon Hub),P/S,31.4,55.0,0.43,3,8.8,Free Flow / Moderate
2024-07-14 13:00:00,RD_WEH_04,Western Express Highway (Goregaon to Borivali National Park),R/C,30.3,55.0,0.45,5,8.1,Free Flow / Moderate
2024-07-14 13:00:00,RD_WEH_05,Western Express Highway (Borivali to Dahisar Toll Naka),R/N,24.6,55.0,0.55,5,19.4,Free Flow / Moderate
2024-07-14 13:00:00,RD_SVR_01,Swami Vivekanand (SV) Road (Bandra Lucky Jn to Khar),H/W,3.7,35.0,0.89,46,35.0,Severe Gridlock / Blocked
2024-07-14 13:00:00,RD_SVR_02,SV Road (Santacruz Milan Subway Approach),H/W,3.5,35.0,0.9,32,36.3,Severe Gridlock / Blocked
2024-07-14 13:00:00,RD_SVR_03,SV Road (Vile Parle to Andheri Station West),K/W,3.5,35.0,0.9,54,37.8,Severe Gridlock / Blocked
2024-07-14 13:00:00,RD_SVR_04,SV Road (Andheri Subway Section to Jogeshwari),K/W,3.5,35.0,0.9,46,41.9,Severe Gridlock / Blocked
2024-07-14 13:00:00,RD_SVR_05,SV Road (Goregaon to Malad Subway Jn),P/N,3.5,35.0,0.9,64,30.1,Severe Gridlock / Blocked
2024-07-14 13:00:00,RD_SVR_06,SV Road (Kandivali to Borivali Station West),R/C,11.6,35.0,0.67,15,17.2,Congested
2024-07-14 13:00:00,RD_LNK_01,New Link Road (Bandra West to Khar Danda),H/W,4.5,35.0,0.87,32,28.2,Severe Gridlock / Blocked
2024-07-14 13:00:00,RD_LNK_02,New Link Road (Juhu Circle to Andheri Infinity Mall),K/W,3.5,35.0,0.9,63,30.8,Severe Gridlock / Blocked
2024-07-14 13:00:00,RD_LNK_03,New Link Road (Oshiwara to Goregaon West / Bangur Nagar),P/S,3.5,35.0,0.9,55,31.8,Severe Gridlock / Blocked
2024-07-14 13:00:00,RD_LNK_04,New Link Road (Malad Inorbit to Mith Chowki),P/N,3.5,35.0,0.9,49,28.7,Severe Gridlock / Blocked
2024-07-14 13:00:00,RD_LNK_05,New Link Road (Kandivali to Dahisar Link Road Extension),R/N,5.6,35.0,0.84,52,23.5,Severe Gridlock / Blocked
2024-07-14 13:00:00,RD_EEH_01,Eastern Express Highway (Sion Circle to Priyadarshini Park),F/N,12.2,55.0,0.78,14,34.7,Congested
2024-07-14 13:00:00,RD_EEH_02,Eastern Express Highway (Kurla Amar Mahal to Ghatkopar),L,20.4,55.0,0.63,8,22.9,Free Flow / Moderate
2024-07-14 13:00:00,RD_EEH_03,Eastern Express Highway (Ghatkopar to Vikhroli / Godrej),N,21.9,55.0,0.6,6,21.9,Free Flow / Moderate
2024-07-14 13:00:00,RD_EEH_04,Eastern Express Highway (Vikhroli to Bhandup / Mulund Toll),T,40.0,55.0,0.27,2,3.3,Free Flow / Moderate
2024-07-14 13:00:00,RD_LBS_01,Lal Bahadur Shastri (LBS) Marg (Sion to Kurla Kamani),L,3.5,35.0,0.9,60,30.5,Severe Gridlock / Blocked
2024-07-14 13:00:00,RD_LBS_02,LBS Marg (Kurla to Ghatkopar Gandhi Nagar),N,3.5,35.0,0.9,63,35.8,Severe Gridlock / Blocked
2024-07-14 13:00:00,RD_LBS_03,LBS Marg (Ghatkopar to Vikhroli / Kanjurmarg),S,4.6,35.0,0.87,50,23.7,Severe Gridlock / Blocked
2024-07-14 13:00:00,RD_LBS_04,LBS Marg (Bhandup to Mulund Check Naka),T,26.8,35.0,0.23,2,0.0,Free Flow / Moderate
2024-07-14 13:00:00,RD_JVL_01,Jogeshwari-Vikhroli Link Road (JVLR - WEH to Powai),K/E,19.7,35.0,0.44,7,0.0,Free Flow / Moderate
2024-07-14 14:00:00,RD_WEH_01,Western Express Highway (Bandra to Santacruz),H/E,17.4,55.0,0.68,10,25.7,Congested
2024-07-14 14:00:00,RD_WEH_02,Western Express Highway (Santacruz to Andheri Flyover),K/E,23.3,55.0,0.58,7,16.3,Free Flow / Moderate
2024-07-14 14:00:00,RD_WEH_03,Western Express Highway (Andheri to Goregaon Hub),P/S,39.3,55.0,0.29,2,4.4,Free Flow / Moderate
2024-07-14 14:00:00,RD_WEH_04,Western Express Highway (Goregaon to Borivali National Park),R/C,36.6,55.0,0.33,3,0.0,Free Flow / Moderate
2024-07-14 14:00:00,RD_WEH_05,Western Express Highway (Borivali to Dahisar Toll Naka),R/N,26.9,55.0,0.51,4,18.2,Free Flow / Moderate
2024-07-14 14:00:00,RD_SVR_01,Swami Vivekanand (SV) Road (Bandra Lucky Jn to Khar),H/W,3.5,35.0,0.9,49,31.2,Severe Gridlock / Blocked
2024-07-14 14:00:00,RD_SVR_02,SV Road (Santacruz Milan Subway Approach),H/W,3.5,35.0,0.9,32,33.1,Severe Gridlock / Blocked
2024-07-14 14:00:00,RD_SVR_03,SV Road (Vile Parle to Andheri Station West),K/W,3.5,35.0,0.9,54,30.0,Severe Gridlock / Blocked
2024-07-14 14:00:00,RD_SVR_04,SV Road (Andheri Subway Section to Jogeshwari),K/W,3.5,35.0,0.9,46,30.6,Severe Gridlock / Blocked
2024-07-14 14:00:00,RD_SVR_05,SV Road (Goregaon to Malad Subway Jn),P/N,3.5,35.0,0.9,64,31.4,Severe Gridlock / Blocked
2024-07-14 14:00:00,RD_SVR_06,SV Road (Kandivali to Borivali Station West),R/C,3.5,35.0,0.9,70,24.5,Severe Gridlock / Blocked
2024-07-14 14:00:00,RD_LNK_01,New Link Road (Bandra West to Khar Danda),H/W,3.5,35.0,0.9,43,31.6,Severe Gridlock / Blocked
2024-07-14 14:00:00,RD_LNK_02,New Link Road (Juhu Circle to Andheri Infinity Mall),K/W,3.5,35.0,0.9,63,38.1,Severe Gridlock / Blocked
2024-07-14 14:00:00,RD_LNK_03,New Link Road (Oshiwara to Goregaon West / Bangur Nagar),P/S,3.5,35.0,0.9,55,22.5,Severe Gridlock / Blocked
2024-07-14 14:00:00,RD_LNK_04,New Link Road (Malad Inorbit to Mith Chowki),P/N,3.5,35.0,0.9,49,29.7,Severe Gridlock / Blocked
2024-07-14 14:00:00,RD_LNK_05,New Link Road (Kandivali to Dahisar Link Road Extension),R/N,4.4,35.0,0.87,69,26.6,Severe Gridlock / Blocked
2024-07-14 14:00:00,RD_EEH_01,Eastern Express Highway (Sion Circle to Priyadarshini Park),F/N,12.9,55.0,0.77,13,30.0,Congested
2024-07-14 14:00:00,RD_EEH_02,Eastern Express Highway (Kurla Amar Mahal to Ghatkopar),L,14.9,55.0,0.73,13,34.8,Congested
2024-07-14 14:00:00,RD_EEH_03,Eastern Express Highway (Ghatkopar to Vikhroli / Godrej),N,27.6,55.0,0.5,4,17.9,Free Flow / Moderate
2024-07-14 14:00:00,RD_EEH_04,Eastern Express Highway (Vikhroli to Bhandup / Mulund Toll),T,38.0,55.0,0.31,3,4.8,Free Flow / Moderate
2024-07-14 14:00:00,RD_LBS_01,Lal Bahadur Shastri (LBS) Marg (Sion to Kurla Kamani),L,3.5,35.0,0.9,60,40.4,Severe Gridlock / Blocked
2024-07-14 14:00:00,RD_LBS_02,LBS Marg (Kurla to Ghatkopar Gandhi Nagar),N,3.5,35.0,0.9,63,31.1,Severe Gridlock / Blocked
2024-07-14 14:00:00,RD_LBS_03,LBS Marg (Ghatkopar to Vikhroli / Kanjurmarg),S,9.9,35.0,0.72,19,9.3,Congested
2024-07-14 14:00:00,RD_LBS_04,LBS Marg (Bhandup to Mulund Check Naka),T,17.5,35.0,0.5,8,2.8,Congested
2024-07-14 14:00:00,RD_JVL_01,Jogeshwari-Vikhroli Link Road (JVLR - WEH to Powai),K/E,21.8,35.0,0.38,5,0.0,Free Flow / Moderate
2024-07-14 15:00:00,RD_WEH_01,Western Express Highway (Bandra to Santacruz),H/E,19.8,55.0,0.64,8,24.8,Free Flow / Moderate
2024-07-14 15:00:00,RD_WEH_02,Western Express Highway (Santacruz to Andheri Flyover),K/E,27.5,55.0,0.5,5,11.3,Free Flow / Moderate
2024-07-14 15:00:00,RD_WEH_03,Western Express Highway (Andheri to Goregaon Hub),P/S,30.0,55.0,0.45,4,10.7,Free Flow / Moderate
2024-07-14 15:00:00,RD_WEH_04,Western Express Highway (Goregaon to Borivali National Park),R/C,34.7,55.0,0.37,4,8.8,Free Flow / Moderate
2024-07-14 15:00:00,RD_WEH_05,Western Express Highway (Borivali to Dahisar Toll Naka),R/N,21.3,55.0,0.61,6,15.7,Free Flow / Moderate
2024-07-14 15:00:00,RD_SVR_01,Swami Vivekanand (SV) Road (Bandra Lucky Jn to Khar),H/W,3.5,35.0,0.9,49,28.5,Severe Gridlock / Blocked
2024-07-14 15:00:00,RD_SVR_02,SV Road (Santacruz Milan Subway Approach),H/W,3.5,35.0,0.9,32,35.4,Severe Gridlock / Blocked
2024-07-14 15:00:00,RD_SVR_03,SV Road (Vile Parle to Andheri Station West),K/W,3.5,35.0,0.9,54,28.8,Severe Gridlock / Blocked
2024-07-14 15:00:00,RD_SVR_04,SV Road (Andheri Subway Section to Jogeshwari),K/W,3.5,35.0,0.9,46,32.0,Severe Gridlock / Blocked
2024-07-14 15:00:00,RD_SVR_05,SV Road (Goregaon to Malad Subway Jn),P/N,3.5,35.0,0.9,64,28.1,Severe Gridlock / Blocked
2024-07-14 15:00:00,RD_SVR_06,SV Road (Kandivali to Borivali Station West),R/C,6.9,35.0,0.8,32,15.4,Severe Gridlock / Blocked
2024-07-14 15:00:00,RD_LNK_01,New Link Road (Bandra West to Khar Danda),H/W,3.5,35.0,0.9,43,29.5,Severe Gridlock / Blocked
2024-07-14 15:00:00,RD_LNK_02,New Link Road (Juhu Circle to Andheri Infinity Mall),K/W,3.5,35.0,0.9,63,34.7,Severe Gridlock / Blocked
2024-07-14 15:00:00,RD_LNK_03,New Link Road (Oshiwara to Goregaon West / Bangur Nagar),P/S,3.5,35.0,0.9,55,34.1,Severe Gridlock / Blocked
2024-07-14 15:00:00,RD_LNK_04,New Link Road (Malad Inorbit to Mith Chowki),P/N,3.8,35.0,0.89,45,26.3,Severe Gridlock / Blocked
2024-07-14 15:00:00,RD_LNK_05,New Link Road (Kandivali to Dahisar Link Road Extension),R/N,6.0,35.0,0.83,48,22.2,Severe Gridlock / Blocked
2024-07-14 15:00:00,RD_EEH_01,Eastern Express Highway (Sion Circle to Priyadarshini Park),F/N,6.6,55.0,0.88,30,42.1,Severe Gridlock / Blocked
2024-07-14 15:00:00,RD_EEH_02,Eastern Express Highway (Kurla Amar Mahal to Ghatkopar),L,23.9,55.0,0.57,6,29.2,Free Flow / Moderate
2024-07-14 15:00:00,RD_EEH_03,Eastern Express Highway (Ghatkopar to Vikhroli / Godrej),N,26.5,55.0,0.52,4,13.7,Free Flow / Moderate
2024-07-14 15:00:00,RD_EEH_04,Eastern Express Highway (Vikhroli to Bhandup / Mulund Toll),T,31.6,55.0,0.43,5,7.5,Free Flow / Moderate
2024-07-14 15:00:00,RD_LBS_01,Lal Bahadur Shastri (LBS) Marg (Sion to Kurla Kamani),L,3.5,35.0,0.9,60,30.3,Severe Gridlock / Blocked
2024-07-14 15:00:00,RD_LBS_02,LBS Marg (Kurla to Ghatkopar Gandhi Nagar),N,3.5,35.0,0.9,63,30.0,Severe Gridlock / Blocked
2024-07-14 15:00:00,RD_LBS_03,LBS Marg (Ghatkopar to Vikhroli / Kanjurmarg),S,13.2,35.0,0.62,12,13.9,Congested
2024-07-14 15:00:00,RD_LBS_04,LBS Marg (Bhandup to Mulund Check Naka),T,22.4,35.0,0.36,4,0.0,Free Flow / Moderate
2024-07-14 15:00:00,RD_JVL_01,Jogeshwari-Vikhroli Link Road (JVLR - WEH to Powai),K/E,18.0,35.0,0.49,8,0.0,Free Flow / Moderate
2024-07-14 16:00:00,RD_WEH_01,Western Express Highway (Bandra to Santacruz),H/E,27.2,55.0,0.51,5,14.5,Free Flow / Moderate
2024-07-14 16:00:00,RD_WEH_02,Western Express Highway (Santacruz to Andheri Flyover),K/E,27.2,55.0,0.51,5,12.1,Free Flow / Moderate
2024-07-14 16:00:00,RD_WEH_03,Western Express Highway (Andheri to Goregaon Hub),P/S,35.8,55.0,0.35,2,6.7,Free Flow / Moderate
2024-07-14 16:00:00,RD_WEH_04,Western Express Highway (Goregaon to Borivali National Park),R/C,37.8,55.0,0.31,3,2.2,Free Flow / Moderate
2024-07-14 16:00:00,RD_WEH_05,Western Express Highway (Borivali to Dahisar Toll Naka),R/N,25.5,55.0,0.54,5,21.2,Free Flow / Moderate
2024-07-14 16:00:00,RD_SVR_01,Swami Vivekanand (SV) Road (Bandra Lucky Jn to Khar),H/W,3.7,35.0,0.89,46,27.8,Severe Gridlock / Blocked
2024-07-14 16:00:00,RD_SVR_02,SV Road (Santacruz Milan Subway Approach),H/W,3.5,35.0,0.9,32,39.4,Severe Gridlock / Blocked
2024-07-14 16:00:00,RD_SVR_03,SV Road (Vile Parle to Andheri Station West),K/W,3.5,35.0,0.9,54,37.9,Severe Gridlock / Blocked
2024-07-14 16:00:00,RD_SVR_04,SV Road (Andheri Subway Section to Jogeshwari),K/W,3.5,35.0,0.9,46,43.9,Severe Gridlock / Blocked
2024-07-14 16:00:00,RD_SVR_05,SV Road (Goregaon to Malad Subway Jn),P/N,3.5,35.0,0.9,64,35.7,Severe Gridlock / Blocked
2024-07-14 16:00:00,RD_SVR_06,SV Road (Kandivali to Borivali Station West),R/C,3.5,35.0,0.9,70,24.8,Severe Gridlock / Blocked
2024-07-14 16:00:00,RD_LNK_01,New Link Road (Bandra West to Khar Danda),H/W,3.5,35.0,0.9,43,33.8,Severe Gridlock / Blocked
2024-07-14 16:00:00,RD_LNK_02,New Link Road (Juhu Circle to Andheri Infinity Mall),K/W,3.5,35.0,0.9,63,33.2,Severe Gridlock / Blocked
2024-07-14 16:00:00,RD_LNK_03,New Link Road (Oshiwara to Goregaon West / Bangur Nagar),P/S,4.5,35.0,0.87,41,30.2,Severe Gridlock / Blocked
2024-07-14 16:00:00,RD_LNK_04,New Link Road (Malad Inorbit to Mith Chowki),P/N,6.5,35.0,0.81,24,25.5,Severe Gridlock / Blocked
2024-07-14 16:00:00,RD_LNK_05,New Link Road (Kandivali to Dahisar Link Road Extension),R/N,3.5,35.0,0.9,89,28.2,Severe Gridlock / Blocked
2024-07-14 16:00:00,RD_EEH_01,Eastern Express Highway (Sion Circle to Priyadarshini Park),F/N,13.7,55.0,0.75,12,39.0,Congested
2024-07-14 16:00:00,RD_EEH_02,Eastern Express Highway (Kurla Amar Mahal to Ghatkopar),L,22.3,55.0,0.59,7,25.2,Free Flow / Moderate
2024-07-14 16:00:00,RD_EEH_03,Eastern Express Highway (Ghatkopar to Vikhroli / Godrej),N,28.7,55.0,0.48,4,19.6,Free Flow / Moderate
2024-07-14 16:00:00,RD_EEH_04,Eastern Express Highway (Vikhroli to Bhandup / Mulund Toll),T,34.1,55.0,0.38,4,8.2,Free Flow / Moderate
2024-07-14 16:00:00,RD_LBS_01,Lal Bahadur Shastri (LBS) Marg (Sion to Kurla Kamani),L,3.5,35.0,0.9,60,33.7,Severe Gridlock / Blocked
2024-07-14 16:00:00,RD_LBS_02,LBS Marg (Kurla to Ghatkopar Gandhi Nagar),N,3.5,35.0,0.9,63,31.0,Severe Gridlock / Blocked
2024-07-14 16:00:00,RD_LBS_03,LBS Marg (Ghatkopar to Vikhroli / Kanjurmarg),S,9.4,35.0,0.73,21,22.1,Congested
2024-07-14 16:00:00,RD_LBS_04,LBS Marg (Bhandup to Mulund Check Naka),T,16.2,35.0,0.54,9,0.0,Congested
2024-07-14 16:00:00,RD_JVL_01,Jogeshwari-Vikhroli Link Road (JVLR - WEH to Powai),K/E,16.7,35.0,0.52,10,0.0,Congested
2024-07-14 17:00:00,RD_WEH_01,Western Express Highway (Bandra to Santacruz),H/E,3.5,55.0,0.94,72,24.1,Severe Gridlock / Blocked
2024-07-14 17:00:00,RD_WEH_02,Western Express Highway (Santacruz to Andheri Flyover),K/E,9.5,55.0,0.83,27,9.9,Congested
2024-07-14 17:00:00,RD_WEH_03,Western Express Highway (Andheri to Goregaon Hub),P/S,14.8,55.0,0.73,14,8.5,Congested
2024-07-14 17:00:00,RD_WEH_04,Western Express Highway (Goregaon to Borivali National Park),R/C,11.1,55.0,0.8,28,10.7,Congested
2024-07-14 17:00:00,RD_WEH_05,Western Express Highway (Borivali to Dahisar Toll Naka),R/N,5.7,55.0,0.9,37,18.5,Severe Gridlock / Blocked
2024-07-14 17:00:00,RD_SVR_01,Swami Vivekanand (SV) Road (Bandra Lucky Jn to Khar),H/W,3.5,35.0,0.9,49,23.5,Severe Gridlock / Blocked
2024-07-14 17:00:00,RD_SVR_02,SV Road (Santacruz Milan Subway Approach),H/W,3.5,35.0,0.9,32,32.0,Severe Gridlock / Blocked
2024-07-14 17:00:00,RD_SVR_03,SV Road (Vile Parle to Andheri Station West),K/W,3.5,35.0,0.9,54,32.2,Severe Gridlock / Blocked
2024-07-14 17:00:00,RD_SVR_04,SV Road (Andheri Subway Section to Jogeshwari),K/W,3.5,35.0,0.9,46,30.6,Severe Gridlock / Blocked
2024-07-14 17:00:00,RD_SVR_05,SV Road (Goregaon to Malad Subway Jn),P/N,3.5,35.0,0.9,64,31.2,Severe Gridlock / Blocked
2024-07-14 17:00:00,RD_SVR_06,SV Road (Kandivali to Borivali Station West),R/C,3.5,35.0,0.9,70,24.0,Severe Gridlock / Blocked
2024-07-14 17:00:00,RD_LNK_01,New Link Road (Bandra West to Khar Danda),H/W,3.5,35.0,0.9,43,32.7,Severe Gridlock / Blocked
2024-07-14 17:00:00,RD_LNK_02,New Link Road (Juhu Circle to Andheri Infinity Mall),K/W,3.5,35.0,0.9,63,25.5,Severe Gridlock / Blocked
2024-07-14 17:00:00,RD_LNK_03,New Link Road (Oshiwara to Goregaon West / Bangur Nagar),P/S,3.5,35.0,0.9,55,30.6,Severe Gridlock / Blocked
2024-07-14 17:00:00,RD_LNK_04,New Link Road (Malad Inorbit to Mith Chowki),P/N,3.5,35.0,0.9,49,34.2,Severe Gridlock / Blocked
2024-07-14 17:00:00,RD_LNK_05,New Link Road (Kandivali to Dahisar Link Road Extension),R/N,3.5,35.0,0.9,89,20.6,Severe Gridlock / Blocked
2024-07-14 17:00:00,RD_EEH_01,Eastern Express Highway (Sion Circle to Priyadarshini Park),F/N,3.5,55.0,0.94,60,35.4,Severe Gridlock / Blocked
2024-07-14 17:00:00,RD_EEH_02,Eastern Express Highway (Kurla Amar Mahal to Ghatkopar),L,3.5,55.0,0.94,72,24.2,Severe Gridlock / Blocked
2024-07-14 17:00:00,RD_EEH_03,Eastern Express Highway (Ghatkopar to Vikhroli / Godrej),N,3.5,55.0,0.94,67,25.9,Severe Gridlock / Blocked
2024-07-14 17:00:00,RD_EEH_04,Eastern Express Highway (Vikhroli to Bhandup / Mulund Toll),T,14.1,55.0,0.74,21,8.5,Congested
2024-07-14 17:00:00,RD_LBS_01,Lal Bahadur Shastri (LBS) Marg (Sion to Kurla Kamani),L,3.5,35.0,0.9,60,42.0,Severe Gridlock / Blocked
2024-07-14 17:00:00,RD_LBS_02,LBS Marg (Kurla to Ghatkopar Gandhi Nagar),N,3.5,35.0,0.9,63,26.8,Severe Gridlock / Blocked
2024-07-14 17:00:00,RD_LBS_03,LBS Marg (Ghatkopar to Vikhroli / Kanjurmarg),S,3.5,35.0,0.9,69,14.9,Severe Gridlock / Blocked
2024-07-14 17:00:00,RD_LBS_04,LBS Marg (Bhandup to Mulund Check Naka),T,8.2,35.0,0.77,26,1.1,Congested
2024-07-14 17:00:00,RD_JVL_01,Jogeshwari-Vikhroli Link Road (JVLR - WEH to Powai),K/E,14.1,35.0,0.6,13,0.0,Congested
2024-07-14 18:00:00,RD_WEH_01,Western Express Highway (Bandra to Santacruz),H/E,5.2,55.0,0.91,47,15.5,Severe Gridlock / Blocked
2024-07-14 18:00:00,RD_WEH_02,Western Express Highway (Santacruz to Andheri Flyover),K/E,10.7,55.0,0.81,23,9.9,Congested
2024-07-14 18:00:00,RD_WEH_03,Western Express Highway (Andheri to Goregaon Hub),P/S,9.2,55.0,0.83,26,8.6,Congested
2024-07-14 18:00:00,RD_WEH_04,Western Express Highway (Goregaon to Borivali National Park),R/C,6.7,55.0,0.88,51,13.9,Severe Gridlock / Blocked
2024-07-14 18:00:00,RD_WEH_05,Western Express Highway (Borivali to Dahisar Toll Naka),R/N,4.6,55.0,0.92,47,19.7,Severe Gridlock / Blocked
2024-07-14 18:00:00,RD_SVR_01,Swami Vivekanand (SV) Road (Bandra Lucky Jn to Khar),H/W,3.5,35.0,0.9,49,30.8,Severe Gridlock / Blocked
2024-07-14 18:00:00,RD_SVR_02,SV Road (Santacruz Milan Subway Approach),H/W,3.5,35.0,0.9,32,37.7,Severe Gridlock / Blocked
2024-07-14 18:00:00,RD_SVR_03,SV Road (Vile Parle to Andheri Station West),K/W,3.5,35.0,0.9,54,35.5,Severe Gridlock / Blocked
2024-07-14 18:00:00,RD_SVR_04,SV Road (Andheri Subway Section to Jogeshwari),K/W,3.5,35.0,0.9,46,45.3,Severe Gridlock / Blocked
2024-07-14 18:00:00,RD_SVR_05,SV Road (Goregaon to Malad Subway Jn),P/N,3.5,35.0,0.9,64,26.8,Severe Gridlock / Blocked
2024-07-14 18:00:00,RD_SVR_06,SV Road (Kandivali to Borivali Station West),R/C,3.5,35.0,0.9,70,14.3,Severe Gridlock / Blocked
2024-07-14 18:00:00,RD_LNK_01,New Link Road (Bandra West to Khar Danda),H/W,3.5,35.0,0.9,43,33.0,Severe Gridlock / Blocked
2024-07-14 18:00:00,RD_LNK_02,New Link Road (Juhu Circle to Andheri Infinity Mall),K/W,3.5,35.0,0.9,63,29.8,Severe Gridlock / Blocked
2024-07-14 18:00:00,RD_LNK_03,New Link Road (Oshiwara to Goregaon West / Bangur Nagar),P/S,3.5,35.0,0.9,55,30.9,Severe Gridlock / Blocked
2024-07-14 18:00:00,RD_LNK_04,New Link Road (Malad Inorbit to Mith Chowki),P/N,3.5,35.0,0.9,49,23.9,Severe Gridlock / Blocked
2024-07-14 18:00:00,RD_LNK_05,New Link Road (Kandivali to Dahisar Link Road Extension),R/N,3.5,35.0,0.9,89,22.5,Severe Gridlock / Blocked
2024-07-14 18:00:00,RD_EEH_01,Eastern Express Highway (Sion Circle to Priyadarshini Park),F/N,3.5,55.0,0.94,60,35.7,Severe Gridlock / Blocked
2024-07-14 18:00:00,RD_EEH_02,Eastern Express Highway (Kurla Amar Mahal to Ghatkopar),L,3.5,55.0,0.94,72,37.4,Severe Gridlock / Blocked
2024-07-14 18:00:00,RD_EEH_03,Eastern Express Highway (Ghatkopar to Vikhroli / Godrej),N,3.5,55.0,0.94,67,22.2,Severe Gridlock / Blocked
2024-07-14 18:00:00,RD_EEH_04,Eastern Express Highway (Vikhroli to Bhandup / Mulund Toll),T,5.2,55.0,0.91,71,13.7,Severe Gridlock / Blocked
2024-07-14 18:00:00,RD_LBS_01,Lal Bahadur Shastri (LBS) Marg (Sion to Kurla Kamani),L,3.5,35.0,0.9,60,42.5,Severe Gridlock / Blocked
2024-07-14 18:00:00,RD_LBS_02,LBS Marg (Kurla to Ghatkopar Gandhi Nagar),N,3.5,35.0,0.9,63,28.7,Severe Gridlock / Blocked
2024-07-14 18:00:00,RD_LBS_03,LBS Marg (Ghatkopar to Vikhroli / Kanjurmarg),S,3.5,35.0,0.9,69,23.6,Severe Gridlock / Blocked
2024-07-14 18:00:00,RD_LBS_04,LBS Marg (Bhandup to Mulund Check Naka),T,5.7,35.0,0.84,42,3.7,Severe Gridlock / Blocked
2024-07-14 18:00:00,RD_JVL_01,Jogeshwari-Vikhroli Link Road (JVLR - WEH to Powai),K/E,9.0,35.0,0.74,26,0.0,Congested
2024-07-14 19:00:00,RD_WEH_01,Western Express Highway (Bandra to Santacruz),H/E,5.0,55.0,0.91,49,15.4,Severe Gridlock / Blocked
2024-07-14 19:00:00,RD_WEH_02,Western Express Highway (Santacruz to Andheri Flyover),K/E,3.5,55.0,0.94,83,16.4,Severe Gridlock / Blocked
2024-07-14 19:00:00,RD_WEH_03,Western Express Highway (Andheri to Goregaon Hub),P/S,15.7,55.0,0.71,13,8.1,Congested
2024-07-14 19:00:00,RD_WEH_04,Western Express Highway (Goregaon to Borivali National Park),R/C,15.3,55.0,0.72,18,2.4,Congested
2024-07-14 19:00:00,RD_WEH_05,Western Express Highway (Borivali to Dahisar Toll Naka),R/N,3.5,55.0,0.94,64,25.2,Severe Gridlock / Blocked
2024-07-14 19:00:00,RD_SVR_01,Swami Vivekanand (SV) Road (Bandra Lucky Jn to Khar),H/W,3.5,35.0,0.9,49,22.8,Severe Gridlock / Blocked
2024-07-14 19:00:00,RD_SVR_02,SV Road (Santacruz Milan Subway Approach),H/W,3.5,35.0,0.9,32,40.1,Severe Gridlock / Blocked
2024-07-14 19:00:00,RD_SVR_03,SV Road (Vile Parle to Andheri Station West),K/W,3.5,35.0,0.9,54,32.3,Severe Gridlock / Blocked
2024-07-14 19:00:00,RD_SVR_04,SV Road (Andheri Subway Section to Jogeshwari),K/W,3.5,35.0,0.9,46,43.0,Severe Gridlock / Blocked
2024-07-14 19:00:00,RD_SVR_05,SV Road (Goregaon to Malad Subway Jn),P/N,3.5,35.0,0.9,64,24.2,Severe Gridlock / Blocked
2024-07-14 19:00:00,RD_SVR_06,SV Road (Kandivali to Borivali Station West),R/C,3.5,35.0,0.9,70,21.0,Severe Gridlock / Blocked
2024-07-14 19:00:00,RD_LNK_01,New Link Road (Bandra West to Khar Danda),H/W,3.5,35.0,0.9,43,31.1,Severe Gridlock / Blocked
2024-07-14 19:00:00,RD_LNK_02,New Link Road (Juhu Circle to Andheri Infinity Mall),K/W,3.5,35.0,0.9,63,36.8,Severe Gridlock / Blocked
2024-07-14 19:00:00,RD_LNK_03,New Link Road (Oshiwara to Goregaon West / Bangur Nagar),P/S,3.5,35.0,0.9,55,29.7,Severe Gridlock / Blocked
2024-07-14 19:00:00,RD_LNK_04,New Link Road (Malad Inorbit to Mith Chowki),P/N,3.5,35.0,0.9,49,20.0,Severe Gridlock / Blocked
2024-07-14 19:00:00,RD_LNK_05,New Link Road (Kandivali to Dahisar Link Road Extension),R/N,3.5,35.0,0.9,89,30.8,Severe Gridlock / Blocked
2024-07-14 19:00:00,RD_EEH_01,Eastern Express Highway (Sion Circle to Priyadarshini Park),F/N,3.5,55.0,0.94,60,34.1,Severe Gridlock / Blocked
2024-07-14 19:00:00,RD_EEH_02,Eastern Express Highway (Kurla Amar Mahal to Ghatkopar),L,3.5,55.0,0.94,72,23.8,Severe Gridlock / Blocked
2024-07-14 19:00:00,RD_EEH_03,Eastern Express Highway (Ghatkopar to Vikhroli / Godrej),N,9.5,55.0,0.83,21,18.5,Congested
2024-07-14 19:00:00,RD_EEH_04,Eastern Express Highway (Vikhroli to Bhandup / Mulund Toll),T,18.8,55.0,0.66,14,1.8,Free Flow / Moderate
2024-07-14 19:00:00,RD_LBS_01,Lal Bahadur Shastri (LBS) Marg (Sion to Kurla Kamani),L,3.5,35.0,0.9,60,35.9,Severe Gridlock / Blocked
2024-07-14 19:00:00,RD_LBS_02,LBS Marg (Kurla to Ghatkopar Gandhi Nagar),N,3.5,35.0,0.9,63,23.4,Severe Gridlock / Blocked
2024-07-14 19:00:00,RD_LBS_03,LBS Marg (Ghatkopar to Vikhroli / Kanjurmarg),S,3.5,35.0,0.9,69,10.2,Severe Gridlock / Blocked
2024-07-14 19:00:00,RD_LBS_04,LBS Marg (Bhandup to Mulund Check Naka),T,3.5,35.0,0.9,74,4.4,Severe Gridlock / Blocked
2024-07-14 19:00:00,RD_JVL_01,Jogeshwari-Vikhroli Link Road (JVLR - WEH to Powai),K/E,9.4,35.0,0.73,25,0.0,Congested
2024-07-14 20:00:00,RD_WEH_01,Western Express Highway (Bandra to Santacruz),H/E,6.8,55.0,0.88,34,24.4,Severe Gridlock / Blocked
2024-07-14 20:00:00,RD_WEH_02,Western Express Highway (Santacruz to Andheri Flyover),K/E,14.9,55.0,0.73,15,11.6,Congested
2024-07-14 20:00:00,RD_WEH_03,Western Express Highway (Andheri to Goregaon Hub),P/S,18.0,55.0,0.67,10,5.6,Free Flow / Moderate
2024-07-14 20:00:00,RD_WEH_04,Western Express Highway (Goregaon to Borivali National Park),R/C,22.4,55.0,0.59,10,1.6,Free Flow / Moderate
2024-07-14 20:00:00,RD_WEH_05,Western Express Highway (Borivali to Dahisar Toll Naka),R/N,6.5,55.0,0.88,32,20.3,Severe Gridlock / Blocked
2024-07-14 20:00:00,RD_SVR_01,Swami Vivekanand (SV) Road (Bandra Lucky Jn to Khar),H/W,3.5,35.0,0.9,49,32.4,Severe Gridlock / Blocked
2024-07-14 20:00:00,RD_SVR_02,SV Road (Santacruz Milan Subway Approach),H/W,3.5,35.0,0.9,32,30.8,Severe Gridlock / Blocked
2024-07-14 20:00:00,RD_SVR_03,SV Road (Vile Parle to Andheri Station West),K/W,3.5,35.0,0.9,54,26.3,Severe Gridlock / Blocked
2024-07-14 20:00:00,RD_SVR_04,SV Road (Andheri Subway Section to Jogeshwari),K/W,3.5,35.0,0.9,46,37.1,Severe Gridlock / Blocked
2024-07-14 20:00:00,RD_SVR_05,SV Road (Goregaon to Malad Subway Jn),P/N,3.5,35.0,0.9,64,32.3,Severe Gridlock / Blocked
2024-07-14 20:00:00,RD_SVR_06,SV Road (Kandivali to Borivali Station West),R/C,3.5,35.0,0.9,70,21.1,Severe Gridlock / Blocked
2024-07-14 20:00:00,RD_LNK_01,New Link Road (Bandra West to Khar Danda),H/W,3.5,35.0,0.9,43,25.4,Severe Gridlock / Blocked
2024-07-14 20:00:00,RD_LNK_02,New Link Road (Juhu Circle to Andheri Infinity Mall),K/W,3.5,35.0,0.9,63,27.3,Severe Gridlock / Blocked
2024-07-14 20:00:00,RD_LNK_03,New Link Road (Oshiwara to Goregaon West / Bangur Nagar),P/S,3.5,35.0,0.9,55,35.7,Severe Gridlock / Blocked
2024-07-14 20:00:00,RD_LNK_04,New Link Road (Malad Inorbit to Mith Chowki),P/N,3.5,35.0,0.9,49,28.4,Severe Gridlock / Blocked
2024-07-14 20:00:00,RD_LNK_05,New Link Road (Kandivali to Dahisar Link Road Extension),R/N,3.5,35.0,0.9,89,25.7,Severe Gridlock / Blocked
2024-07-14 20:00:00,RD_EEH_01,Eastern Express Highway (Sion Circle to Priyadarshini Park),F/N,3.5,55.0,0.94,60,36.5,Severe Gridlock / Blocked
2024-07-14 20:00:00,RD_EEH_02,Eastern Express Highway (Kurla Amar Mahal to Ghatkopar),L,3.5,55.0,0.94,72,28.9,Severe Gridlock / Blocked
2024-07-14 20:00:00,RD_EEH_03,Eastern Express Highway (Ghatkopar to Vikhroli / Godrej),N,9.3,55.0,0.83,22,12.4,Congested
2024-07-14 20:00:00,RD_EEH_04,Eastern Express Highway (Vikhroli to Bhandup / Mulund Toll),T,16.3,55.0,0.7,17,12.0,Congested
2024-07-14 20:00:00,RD_LBS_01,Lal Bahadur Shastri (LBS) Marg (Sion to Kurla Kamani),L,3.5,35.0,0.9,60,39.7,Severe Gridlock / Blocked
2024-07-14 20:00:00,RD_LBS_02,LBS Marg (Kurla to Ghatkopar Gandhi Nagar),N,3.5,35.0,0.9,63,32.0,Severe Gridlock / Blocked
2024-07-14 20:00:00,RD_LBS_03,LBS Marg (Ghatkopar to Vikhroli / Kanjurmarg),S,3.5,35.0,0.9,69,10.5,Severe Gridlock / Blocked
2024-07-14 20:00:00,RD_LBS_04,LBS Marg (Bhandup to Mulund Check Naka),T,3.5,35.0,0.9,74,0.3,Severe Gridlock / Blocked
2024-07-14 20:00:00,RD_JVL_01,Jogeshwari-Vikhroli Link Road (JVLR - WEH to Powai),K/E,12.1,35.0,0.65,17,0.0,Congested
2024-07-14 21:00:00,RD_WEH_01,Western Express Highway (Bandra to Santacruz),H/E,30.9,55.0,0.44,3,0.0,Free Flow / Moderate
2024-07-14 21:00:00,RD_WEH_02,Western Express Highway (Santacruz to Andheri Flyover),K/E,30.2,55.0,0.45,4,0.0,Free Flow / Moderate
2024-07-14 21:00:00,RD_WEH_03,Western Express Highway (Andheri to Goregaon Hub),P/S,30.2,55.0,0.45,4,0.0,Free Flow / Moderate
2024-07-14 21:00:00,RD_WEH_04,Western Express Highway (Goregaon to Borivali National Park),R/C,29.7,55.0,0.46,6,0.0,Free Flow / Moderate
2024-07-14 21:00:00,RD_WEH_05,Western Express Highway (Borivali to Dahisar Toll Naka),R/N,30.6,55.0,0.44,3,0.0,Free Flow / Moderate
2024-07-14 21:00:00,RD_SVR_01,Swami Vivekanand (SV) Road (Bandra Lucky Jn to Khar),H/W,18.5,35.0,0.47,4,0.0,Free Flow / Moderate
2024-07-14 21:00:00,RD_SVR_02,SV Road (Santacruz Milan Subway Approach),H/W,20.9,35.0,0.4,2,0.0,Free Flow / Moderate
2024-07-14 21:00:00,RD_SVR_03,SV Road (Vile Parle to Andheri Station West),K/W,19.2,35.0,0.45,4,0.0,Free Flow / Moderate
2024-07-14 21:00:00,RD_SVR_04,SV Road (Andheri Subway Section to Jogeshwari),K/W,17.9,35.0,0.49,4,0.0,Congested
2024-07-14 21:00:00,RD_SVR_05,SV Road (Goregaon to Malad Subway Jn),P/N,19.7,35.0,0.44,5,0.0,Free Flow / Moderate
2024-07-14 21:00:00,RD_SVR_06,SV Road (Kandivali to Borivali Station West),R/C,18.8,35.0,0.46,6,0.0,Free Flow / Moderate
2024-07-14 21:00:00,RD_LNK_01,New Link Road (Bandra West to Khar Danda),H/W,20.0,35.0,0.43,3,0.0,Free Flow / Moderate
2024-07-14 21:00:00,RD_LNK_02,New Link Road (Juhu Circle to Andheri Infinity Mall),K/W,19.7,35.0,0.44,5,0.0,Free Flow / Moderate
2024-07-14 21:00:00,RD_LNK_03,New Link Road (Oshiwara to Goregaon West / Bangur Nagar),P/S,20.7,35.0,0.41,4,0.0,Free Flow / Moderate
2024-07-14 21:00:00,RD_LNK_04,New Link Road (Malad Inorbit to Mith Chowki),P/N,17.7,35.0,0.49,5,0.0,Congested
2024-07-14 21:00:00,RD_LNK_05,New Link Road (Kandivali to Dahisar Link Road Extension),R/N,19.1,35.0,0.45,8,0.0,Free Flow / Moderate
2024-07-14 21:00:00,RD_EEH_01,Eastern Express Highway (Sion Circle to Priyadarshini Park),F/N,32.0,55.0,0.42,2,0.0,Free Flow / Moderate
2024-07-14 21:00:00,RD_EEH_02,Eastern Express Highway (Kurla Amar Mahal to Ghatkopar),L,29.8,55.0,0.46,4,0.0,Free Flow / Moderate
2024-07-14 21:00:00,RD_EEH_03,Eastern Express Highway (Ghatkopar to Vikhroli / Godrej),N,28.8,55.0,0.48,4,0.0,Free Flow / Moderate
2024-07-14 21:00:00,RD_EEH_04,Eastern Express Highway (Vikhroli to Bhandup / Mulund Toll),T,31.3,55.0,0.43,5,0.0,Free Flow / Moderate
2024-07-14 21:00:00,RD_LBS_01,Lal Bahadur Shastri (LBS) Marg (Sion to Kurla Kamani),L,19.5,35.0,0.44,5,0.0,Free Flow / Moderate
2024-07-14 21:00:00,RD_LBS_02,LBS Marg (Kurla to Ghatkopar Gandhi Nagar),N,19.3,35.0,0.45,5,0.0,Free Flow / Moderate
2024-07-14 21:00:00,RD_LBS_03,LBS Marg (Ghatkopar to Vikhroli / Kanjurmarg),S,20.4,35.0,0.42,5,0.0,Free Flow / Moderate
2024-07-14 21:00:00,RD_LBS_04,LBS Marg (Bhandup to Mulund Check Naka),T,19.2,35.0,0.45,6,0.0,Free Flow / Moderate
2024-07-14 21:00:00,RD_JVL_01,Jogeshwari-Vikhroli Link Road (JVLR - WEH to Powai),K/E,17.9,35.0,0.49,8,0.0,Congested
2024-07-14 22:00:00,RD_WEH_01,Western Express Highway (Bandra to Santacruz),H/E,48.4,55.0,0.12,0,0.0,Free Flow / Moderate
2024-07-14 22:00:00,RD_WEH_02,Western Express Highway (Santacruz to Andheri Flyover),K/E,50.1,55.0,0.1,0,0.0,Free Flow / Moderate
2024-07-14 22:00:00,RD_WEH_03,Western Express Highway (Andheri to Goregaon Hub),P/S,47.6,55.0,0.13,0,0.0,Free Flow / Moderate
2024-07-14 22:00:00,RD_WEH_04,Western Express Highway (Goregaon to Borivali National Park),R/C,50.2,55.0,0.1,0,0.0,Free Flow / Moderate
2024-07-14 22:00:00,RD_WEH_05,Western Express Highway (Borivali to Dahisar Toll Naka),R/N,51.0,55.0,0.1,0,0.0,Free Flow / Moderate
2024-07-14 22:00:00,RD_SVR_01,Swami Vivekanand (SV) Road (Bandra Lucky Jn to Khar),H/W,30.8,35.0,0.12,0,0.0,Free Flow / Moderate
2024-07-14 22:00:00,RD_SVR_02,SV Road (Santacruz Milan Subway Approach),H/W,32.1,35.0,0.1,0,0.0,Free Flow / Moderate
2024-07-14 22:00:00,RD_SVR_03,SV Road (Vile Parle to Andheri Station West),K/W,32.9,35.0,0.1,0,0.0,Free Flow / Moderate
2024-07-14 22:00:00,RD_SVR_04,SV Road (Andheri Subway Section to Jogeshwari),K/W,30.5,35.0,0.13,0,0.0,Free Flow / Moderate
2024-07-14 22:00:00,RD_SVR_05,SV Road (Goregaon to Malad Subway Jn),P/N,31.8,35.0,0.1,0,0.0,Free Flow / Moderate
2024-07-14 22:00:00,RD_SVR_06,SV Road (Kandivali to Borivali Station West),R/C,33.3,35.0,0.1,0,0.0,Free Flow / Moderate
2024-07-14 22:00:00,RD_LNK_01,New Link Road (Bandra West to Khar Danda),H/W,29.9,35.0,0.15,0,0.0,Free Flow / Moderate
2024-07-14 22:00:00,RD_LNK_02,New Link Road (Juhu Circle to Andheri Infinity Mall),K/W,31.9,35.0,0.1,0,0.0,Free Flow / Moderate
2024-07-14 22:00:00,RD_LNK_03,New Link Road (Oshiwara to Goregaon West / Bangur Nagar),P/S,30.1,35.0,0.14,1,0.0,Free Flow / Moderate
2024-07-14 22:00:00,RD_LNK_04,New Link Road (Malad Inorbit to Mith Chowki),P/N,31.3,35.0,0.11,0,0.0,Free Flow / Moderate
2024-07-14 22:00:00,RD_LNK_05,New Link Road (Kandivali to Dahisar Link Road Extension),R/N,29.8,35.0,0.15,1,0.0,Free Flow / Moderate
2024-07-14 22:00:00,RD_EEH_01,Eastern Express Highway (Sion Circle to Priyadarshini Park),F/N,49.0,55.0,0.11,0,0.0,Free Flow / Moderate
2024-07-14 22:00:00,RD_EEH_02,Eastern Express Highway (Kurla Amar Mahal to Ghatkopar),L,51.5,55.0,0.1,0,0.0,Free Flow / Moderate
2024-07-14 22:00:00,RD_EEH_03,Eastern Express Highway (Ghatkopar to Vikhroli / Godrej),N,48.7,55.0,0.11,0,0.0,Free Flow / Moderate
2024-07-14 22:00:00,RD_EEH_04,Eastern Express Highway (Vikhroli to Bhandup / Mulund Toll),T,49.3,55.0,0.1,0,0.0,Free Flow / Moderate
2024-07-14 22:00:00,RD_LBS_01,Lal Bahadur Shastri (LBS) Marg (Sion to Kurla Kamani),L,31.6,35.0,0.1,0,0.0,Free Flow / Moderate
2024-07-14 22:00:00,RD_LBS_02,LBS Marg (Kurla to Ghatkopar Gandhi Nagar),N,31.2,35.0,0.11,0,0.0,Free Flow / Moderate
2024-07-14 22:00:00,RD_LBS_03,LBS Marg (Ghatkopar to Vikhroli / Kanjurmarg),S,31.4,35.0,0.1,0,0.0,Free Flow / Moderate
2024-07-14 22:00:00,RD_LBS_04,LBS Marg (Bhandup to Mulund Check Naka),T,31.9,35.0,0.1,0,0.0,Free Flow / Moderate
2024-07-14 22:00:00,RD_JVL_01,Jogeshwari-Vikhroli Link Road (JVLR - WEH to Powai),K/E,32.7,35.0,0.1,0,0.0,Free Flow / Moderate
2024-07-14 23:00:00,RD_WEH_01,Western Express Highway (Bandra to Santacruz),H/E,50.1,55.0,0.1,0,0.0,Free Flow / Moderate
2024-07-14 23:00:00,RD_WEH_02,Western Express Highway (Santacruz to Andheri Flyover),K/E,50.0,55.0,0.1,0,0.0,Free Flow / Moderate
2024-07-14 23:00:00,RD_WEH_03,Western Express Highway (Andheri to Goregaon Hub),P/S,49.8,55.0,0.1,0,0.0,Free Flow / Moderate
2024-07-14 23:00:00,RD_WEH_04,Western Express Highway (Goregaon to Borivali National Park),R/C,49.9,55.0,0.1,0,0.0,Free Flow / Moderate
2024-07-14 23:00:00,RD_WEH_05,Western Express Highway (Borivali to Dahisar Toll Naka),R/N,47.6,55.0,0.13,0,0.0,Free Flow / Moderate
2024-07-14 23:00:00,RD_SVR_01,Swami Vivekanand (SV) Road (Bandra Lucky Jn to Khar),H/W,33.4,35.0,0.1,0,0.0,Free Flow / Moderate
2024-07-14 23:00:00,RD_SVR_02,SV Road (Santacruz Milan Subway Approach),H/W,33.0,35.0,0.1,0,0.0,Free Flow / Moderate
2024-07-14 23:00:00,RD_SVR_03,SV Road (Vile Parle to Andheri Station West),K/W,33.0,35.0,0.1,0,0.0,Free Flow / Moderate
2024-07-14 23:00:00,RD_SVR_04,SV Road (Andheri Subway Section to Jogeshwari),K/W,30.0,35.0,0.14,0,0.0,Free Flow / Moderate
2024-07-14 23:00:00,RD_SVR_05,SV Road (Goregaon to Malad Subway Jn),P/N,30.3,35.0,0.13,1,0.0,Free Flow / Moderate
2024-07-14 23:00:00,RD_SVR_06,SV Road (Kandivali to Borivali Station West),R/C,30.9,35.0,0.12,1,0.0,Free Flow / Moderate
2024-07-14 23:00:00,RD_LNK_01,New Link Road (Bandra West to Khar Danda),H/W,30.1,35.0,0.14,0,0.0,Free Flow / Moderate
2024-07-14 23:00:00,RD_LNK_02,New Link Road (Juhu Circle to Andheri Infinity Mall),K/W,30.7,35.0,0.12,0,0.0,Free Flow / Moderate
2024-07-14 23:00:00,RD_LNK_03,New Link Road (Oshiwara to Goregaon West / Bangur Nagar),P/S,32.2,35.0,0.1,0,0.0,Free Flow / Moderate
2024-07-14 23:00:00,RD_LNK_04,New Link Road (Malad Inorbit to Mith Chowki),P/N,31.1,35.0,0.11,0,0.0,Free Flow / Moderate
2024-07-14 23:00:00,RD_LNK_05,New Link Road (Kandivali to Dahisar Link Road Extension),R/N,31.1,35.0,0.11,1,0.0,Free Flow / Moderate
2024-07-14 23:00:00,RD_EEH_01,Eastern Express Highway (Sion Circle to Priyadarshini Park),F/N,49.9,55.0,0.1,0,0.0,Free Flow / Moderate
2024-07-14 23:00:00,RD_EEH_02,Eastern Express Highway (Kurla Amar Mahal to Ghatkopar),L,48.5,55.0,0.12,0,0.0,Free Flow / Moderate
2024-07-14 23:00:00,RD_EEH_03,Eastern Express Highway (Ghatkopar to Vikhroli / Godrej),N,49.9,55.0,0.1,0,0.0,Free Flow / Moderate
2024-07-14 23:00:00,RD_EEH_04,Eastern Express Highway (Vikhroli to Bhandup / Mulund Toll),T,51.3,55.0,0.1,0,0.0,Free Flow / Moderate
2024-07-14 23:00:00,RD_LBS_01,Lal Bahadur Shastri (LBS) Marg (Sion to Kurla Kamani),L,30.7,35.0,0.12,0,0.0,Free Flow / Moderate
2024-07-14 23:00:00,RD_LBS_02,LBS Marg (Kurla to Ghatkopar Gandhi Nagar),N,32.9,35.0,0.1,0,0.0,Free Flow / Moderate
2024-07-14 23:00:00,RD_LBS_03,LBS Marg (Ghatkopar to Vikhroli / Kanjurmarg),S,33.1,35.0,0.1,0,0.0,Free Flow / Moderate
2024-07-14 23:00:00,RD_LBS_04,LBS Marg (Bhandup to Mulund Check Naka),T,32.1,35.0,0.1,0,0.0,Free Flow / Moderate
2024-07-14 23:00:00,RD_JVL_01,Jogeshwari-Vikhroli Link Road (JVLR - WEH to Powai),K/E,30.1,35.0,0.14,1,0.0,Free Flow / Moderate
2024-07-15 00:00:00,RD_WEH_01,Western Express Highway (Bandra to Santacruz),H/E,48.8,55.0,0.11,0,0.0,Free Flow / Moderate
2024-07-15 00:00:00,RD_WEH_02,Western Express Highway (Santacruz to Andheri Flyover),K/E,51.4,55.0,0.1,0,0.0,Free Flow / Moderate
2024-07-15 00:00:00,RD_WEH_03,Western Express Highway (Andheri to Goregaon Hub),P/S,48.6,55.0,0.12,0,0.0,Free Flow / Moderate
2024-07-15 00:00:00,RD_WEH_04,Western Express Highway (Goregaon to Borivali National Park),R/C,50.8,55.0,0.1,0,0.0,Free Flow / Moderate
2024-07-15 00:00:00,RD_WEH_05,Western Express Highway (Borivali to Dahisar Toll Naka),R/N,50.4,55.0,0.1,0,0.0,Free Flow / Moderate
2024-07-15 00:00:00,RD_SVR_01,Swami Vivekanand (SV) Road (Bandra Lucky Jn to Khar),H/W,32.0,35.0,0.1,0,0.0,Free Flow / Moderate
2024-07-15 00:00:00,RD_SVR_02,SV Road (Santacruz Milan Subway Approach),H/W,30.6,35.0,0.13,0,0.0,Free Flow / Moderate
2024-07-15 00:00:00,RD_SVR_03,SV Road (Vile Parle to Andheri Station West),K/W,32.1,35.0,0.1,0,0.0,Free Flow / Moderate
2024-07-15 00:00:00,RD_SVR_04,SV Road (Andheri Subway Section to Jogeshwari),K/W,32.7,35.0,0.1,0,0.0,Free Flow / Moderate
2024-07-15 00:00:00,RD_SVR_05,SV Road (Goregaon to Malad Subway Jn),P/N,30.0,35.0,0.14,1,0.0,Free Flow / Moderate
2024-07-15 00:00:00,RD_SVR_06,SV Road (Kandivali to Borivali Station West),R/C,32.8,35.0,0.1,0,0.0,Free Flow / Moderate
2024-07-15 00:00:00,RD_LNK_01,New Link Road (Bandra West to Khar Danda),H/W,32.2,35.0,0.1,0,0.0,Free Flow / Moderate
2024-07-15 00:00:00,RD_LNK_02,New Link Road (Juhu Circle to Andheri Infinity Mall),K/W,30.1,35.0,0.14,1,0.0,Free Flow / Moderate
2024-07-15 00:00:00,RD_LNK_03,New Link Road (Oshiwara to Goregaon West / Bangur Nagar),P/S,29.5,35.0,0.16,1,0.0,Free Flow / Moderate
2024-07-15 00:00:00,RD_LNK_04,New Link Road (Malad Inorbit to Mith Chowki),P/N,29.5,35.0,0.16,1,0.0,Free Flow / Moderate
2024-07-15 00:00:00,RD_LNK_05,New Link Road (Kandivali to Dahisar Link Road Extension),R/N,30.8,35.0,0.12,1,0.0,Free Flow / Moderate
2024-07-15 00:00:00,RD_EEH_01,Eastern Express Highway (Sion Circle to Priyadarshini Park),F/N,50.2,55.0,0.1,0,0.0,Free Flow / Moderate
2024-07-15 00:00:00,RD_EEH_02,Eastern Express Highway (Kurla Amar Mahal to Ghatkopar),L,49.3,55.0,0.1,0,0.0,Free Flow / Moderate
2024-07-15 00:00:00,RD_EEH_03,Eastern Express Highway (Ghatkopar to Vikhroli / Godrej),N,48.9,55.0,0.11,0,0.0,Free Flow / Moderate
2024-07-15 00:00:00,RD_EEH_04,Eastern Express Highway (Vikhroli to Bhandup / Mulund Toll),T,47.6,55.0,0.13,1,0.0,Free Flow / Moderate
2024-07-15 00:00:00,RD_LBS_01,Lal Bahadur Shastri (LBS) Marg (Sion to Kurla Kamani),L,30.1,35.0,0.14,1,0.0,Free Flow / Moderate
2024-07-15 00:00:00,RD_LBS_02,LBS Marg (Kurla to Ghatkopar Gandhi Nagar),N,31.9,35.0,0.1,0,0.0,Free Flow / Moderate
2024-07-15 00:00:00,RD_LBS_03,LBS Marg (Ghatkopar to Vikhroli / Kanjurmarg),S,31.7,35.0,0.1,0,0.0,Free Flow / Moderate
2024-07-15 00:00:00,RD_LBS_04,LBS Marg (Bhandup to Mulund Check Naka),T,30.7,35.0,0.12,1,0.0,Free Flow / Moderate
2024-07-15 00:00:00,RD_JVL_01,Jogeshwari-Vikhroli Link Road (JVLR - WEH to Powai),K/E,32.1,35.0,0.1,0,0.0,Free Flow / Moderate
